family,spec,seed,params,engine,status,secs,wall,rss,value,size,ref,abs_err,note,features
arith,"arith:bits=6,h=0,reps=1",1,"{""bits"": 6.0, ""h"": 0.0, ""reps"": 1.0}",planx,ok,0.000586,0.0046,2506752,1.0,0,1.0,0.0,engine=sv aborted=[] plan_secs=0.000000,"{""n"": 13, ""gates"": 43, ""g2"": 24, ""g3"": 12, ""depth2"": 31, ""t_count"": 84, ""rotations"": 84, ""d"": 11, ""dense_l"": 14.829, ""redundant"": 73, ""obs_zero"": false, ""frame_l"": 28.3923, ""chi_bits"": 0, ""mps_l"": 13.2211, ""hsf_k"": 5, ""hsf_na"": 6, ""hsf_nb"": 7, ""hsf_l"": 15.7415, ""sup"": 0, ""chi_bits0"": 6, ""mps_l0"": 25.5699, ""hsf_keff"": 2, ""hsf_l0"": 18.7415, ""sparse_l"": 5.4263, ""sv_l"": 18.4263, ""feat_secs"": 0.001329, ""feat_secs_frame"": 0.000258, ""feat_secs_hsf"": 0.000992}"
arith,"arith:bits=6,h=0,reps=1",1,"{""bits"": 6.0, ""h"": 0.0, ""reps"": 1.0}",planp,ok,0.000494,0.0044,2506752,1.0,0,1.0,0.0,engine=sv aborted=[] plan_secs=0.000000,"{""n"": 13, ""gates"": 43, ""g2"": 24, ""g3"": 12, ""depth2"": 31, ""t_count"": 84, ""rotations"": 84, ""d"": 11, ""dense_l"": 14.829, ""redundant"": 73, ""obs_zero"": false, ""frame_l"": 28.3923, ""chi_bits"": 0, ""mps_l"": 13.2211, ""hsf_k"": 5, ""hsf_na"": 6, ""hsf_nb"": 7, ""hsf_l"": 15.7415, ""sup"": 0, ""chi_bits0"": 6, ""mps_l0"": 25.5699, ""hsf_keff"": 2, ""hsf_l0"": 18.7415, ""sparse_l"": 5.4263, ""sv_l"": 18.4263, ""feat_secs"": 0.001329, ""feat_secs_frame"": 0.000258, ""feat_secs_hsf"": 0.000992}"
arith,"arith:bits=6,h=0,reps=1",1,"{""bits"": 6.0, ""h"": 0.0, ""reps"": 1.0}",plan,ok,0.00045,0.0064,2506752,1.0,0,1.0,0.0,engine=sv aborted=[] plan_secs=0.000000,"{""n"": 13, ""gates"": 43, ""g2"": 24, ""g3"": 12, ""depth2"": 31, ""t_count"": 84, ""rotations"": 84, ""d"": 11, ""dense_l"": 14.829, ""redundant"": 73, ""obs_zero"": false, ""frame_l"": 28.3923, ""chi_bits"": 0, ""mps_l"": 13.2211, ""hsf_k"": 5, ""hsf_na"": 6, ""hsf_nb"": 7, ""hsf_l"": 15.7415, ""sup"": 0, ""chi_bits0"": 6, ""mps_l0"": 25.5699, ""hsf_keff"": 2, ""hsf_l0"": 18.7415, ""sparse_l"": 5.4263, ""sv_l"": 18.4263, ""feat_secs"": 0.001329, ""feat_secs_frame"": 0.000258, ""feat_secs_hsf"": 0.000992}"
arith,"arith:bits=6,h=0,reps=4",1,"{""bits"": 6.0, ""h"": 0.0, ""reps"": 4.0}",planx,ok,0.000732,0.0047,2310144,-1.0,0,-1.0,0.0,engine=sparse aborted=[] plan_secs=0.000709,"{""n"": 13, ""gates"": 151, ""g2"": 96, ""g3"": 48, ""depth2"": 124, ""t_count"": 336, ""rotations"": 336, ""d"": 11, ""dense_l"": 19.0564, ""redundant"": 325, ""obs_zero"": false, ""frame_l"": 30.3923, ""chi_bits"": 0, ""mps_l"": 14.7548, ""hsf_k"": 20, ""hsf_na"": 6, ""hsf_nb"": 7, ""hsf_l"": 22.7482, ""sup"": 0, ""chi_bits0"": 6, ""mps_l0"": 27.5667, ""hsf_keff"": 8, ""hsf_l0"": 34.7482, ""sparse_l"": 7.2384, ""sv_l"": 20.2384, ""feat_secs"": 0.001955, ""feat_secs_frame"": 0.000595, ""feat_secs_hsf"": 0.001255}"
arith,"arith:bits=6,h=0,reps=4",1,"{""bits"": 6.0, ""h"": 0.0, ""reps"": 4.0}",planp,ok,0.000743,0.0065,2326528,-1.0,0,-1.0,0.0,engine=sparse aborted=[] plan_secs=0.000718,"{""n"": 13, ""gates"": 151, ""g2"": 96, ""g3"": 48, ""depth2"": 124, ""t_count"": 336, ""rotations"": 336, ""d"": 11, ""dense_l"": 19.0564, ""redundant"": 325, ""obs_zero"": false, ""frame_l"": 30.3923, ""chi_bits"": 0, ""mps_l"": 14.7548, ""hsf_k"": 20, ""hsf_na"": 6, ""hsf_nb"": 7, ""hsf_l"": 22.7482, ""sup"": 0, ""chi_bits0"": 6, ""mps_l0"": 27.5667, ""hsf_keff"": 8, ""hsf_l0"": 34.7482, ""sparse_l"": 7.2384, ""sv_l"": 20.2384, ""feat_secs"": 0.001955, ""feat_secs_frame"": 0.000595, ""feat_secs_hsf"": 0.001255}"
arith,"arith:bits=6,h=0,reps=4",1,"{""bits"": 6.0, ""h"": 0.0, ""reps"": 4.0}",plan,ok,0.000775,0.0076,2326528,-1.0,0,-1.0,0.0,engine=sparse aborted=[] plan_secs=0.000754,"{""n"": 13, ""gates"": 151, ""g2"": 96, ""g3"": 48, ""depth2"": 124, ""t_count"": 336, ""rotations"": 336, ""d"": 11, ""dense_l"": 19.0564, ""redundant"": 325, ""obs_zero"": false, ""frame_l"": 30.3923, ""chi_bits"": 0, ""mps_l"": 14.7548, ""hsf_k"": 20, ""hsf_na"": 6, ""hsf_nb"": 7, ""hsf_l"": 22.7482, ""sup"": 0, ""chi_bits0"": 6, ""mps_l0"": 27.5667, ""hsf_keff"": 8, ""hsf_l0"": 34.7482, ""sparse_l"": 7.2384, ""sv_l"": 20.2384, ""feat_secs"": 0.001955, ""feat_secs_frame"": 0.000595, ""feat_secs_hsf"": 0.001255}"
arith,"arith:bits=6,h=1,reps=2",1,"{""bits"": 6.0, ""h"": 1.0, ""reps"": 2.0}",planx,ok,0.000428,0.0047,2260992,-0.5000000000000002,0,-0.5000000000000002,0.0,engine=sparse aborted=[] plan_secs=0.000405,"{""n"": 13, ""gates"": 79, ""g2"": 48, ""g3"": 24, ""depth2"": 62, ""t_count"": 168, ""rotations"": 168, ""d"": 13, ""dense_l"": 19.6178, ""redundant"": 155, ""obs_zero"": false, ""frame_l"": 33.3923, ""chi_bits"": 2, ""mps_l"": 19.1957, ""hsf_k"": 10, ""hsf_na"": 6, ""hsf_nb"": 7, ""hsf_l"": 18.1599, ""sup"": 2, ""chi_bits0"": 6, ""mps_l0"": 26.315, ""hsf_keff"": 4, ""hsf_l0"": 24.1599, ""sparse_l"": 8.3038, ""sv_l"": 19.3038, ""feat_secs"": 0.002137, ""feat_secs_frame"": 0.000339, ""feat_secs_hsf"": 0.001726}"
arith,"arith:bits=6,h=1,reps=2",1,"{""bits"": 6.0, ""h"": 1.0, ""reps"": 2.0}",planp,ok,0.000659,0.0071,2260992,-0.5000000000000002,0,-0.5000000000000002,0.0,engine=sparse aborted=[] plan_secs=0.000634,"{""n"": 13, ""gates"": 79, ""g2"": 48, ""g3"": 24, ""depth2"": 62, ""t_count"": 168, ""rotations"": 168, ""d"": 13, ""dense_l"": 19.6178, ""redundant"": 155, ""obs_zero"": false, ""frame_l"": 33.3923, ""chi_bits"": 2, ""mps_l"": 19.1957, ""hsf_k"": 10, ""hsf_na"": 6, ""hsf_nb"": 7, ""hsf_l"": 18.1599, ""sup"": 2, ""chi_bits0"": 6, ""mps_l0"": 26.315, ""hsf_keff"": 4, ""hsf_l0"": 24.1599, ""sparse_l"": 8.3038, ""sv_l"": 19.3038, ""feat_secs"": 0.002137, ""feat_secs_frame"": 0.000339, ""feat_secs_hsf"": 0.001726}"
arith,"arith:bits=6,h=1,reps=2",1,"{""bits"": 6.0, ""h"": 1.0, ""reps"": 2.0}",plan,ok,0.000446,0.0046,2260992,-0.5000000000000002,0,-0.5000000000000002,0.0,engine=sparse aborted=[] plan_secs=0.000424,"{""n"": 13, ""gates"": 79, ""g2"": 48, ""g3"": 24, ""depth2"": 62, ""t_count"": 168, ""rotations"": 168, ""d"": 13, ""dense_l"": 19.6178, ""redundant"": 155, ""obs_zero"": false, ""frame_l"": 33.3923, ""chi_bits"": 2, ""mps_l"": 19.1957, ""hsf_k"": 10, ""hsf_na"": 6, ""hsf_nb"": 7, ""hsf_l"": 18.1599, ""sup"": 2, ""chi_bits0"": 6, ""mps_l0"": 26.315, ""hsf_keff"": 4, ""hsf_l0"": 24.1599, ""sparse_l"": 8.3038, ""sv_l"": 19.3038, ""feat_secs"": 0.002137, ""feat_secs_frame"": 0.000339, ""feat_secs_hsf"": 0.001726}"
arith,"arith:bits=6,h=2,reps=1",1,"{""bits"": 6.0, ""h"": 2.0, ""reps"": 1.0}",planx,ok,0.000569,0.0074,2506752,0.0,0,0.0,0.0,engine=sv aborted=[] plan_secs=0.000001,"{""n"": 13, ""gates"": 44, ""g2"": 24, ""g3"": 12, ""depth2"": 31, ""t_count"": 84, ""rotations"": 84, ""d"": 13, ""dense_l"": 17.4205, ""redundant"": 71, ""obs_zero"": false, ""frame_l"": 32.3923, ""chi_bits"": 4, ""mps_l"": 23.3681, ""hsf_k"": 5, ""hsf_na"": 6, ""hsf_nb"": 7, ""hsf_l"": 15.7549, ""sup"": 4, ""chi_bits0"": 6, ""mps_l0"": 25.5699, ""hsf_keff"": 2, ""hsf_l0"": 18.7549, ""sparse_l"": 9.4594, ""sv_l"": 18.4594, ""feat_secs"": 0.001365, ""feat_secs_frame"": 0.000203, ""feat_secs_hsf"": 0.001106}"
arith,"arith:bits=6,h=2,reps=1",1,"{""bits"": 6.0, ""h"": 2.0, ""reps"": 1.0}",planp,ok,0.000482,0.0077,2506752,0.0,0,0.0,0.0,engine=sv aborted=[] plan_secs=0.000000,"{""n"": 13, ""gates"": 44, ""g2"": 24, ""g3"": 12, ""depth2"": 31, ""t_count"": 84, ""rotations"": 84, ""d"": 13, ""dense_l"": 17.4205, ""redundant"": 71, ""obs_zero"": false, ""frame_l"": 32.3923, ""chi_bits"": 4, ""mps_l"": 23.3681, ""hsf_k"": 5, ""hsf_na"": 6, ""hsf_nb"": 7, ""hsf_l"": 15.7549, ""sup"": 4, ""chi_bits0"": 6, ""mps_l0"": 25.5699, ""hsf_keff"": 2, ""hsf_l0"": 18.7549, ""sparse_l"": 9.4594, ""sv_l"": 18.4594, ""feat_secs"": 0.001365, ""feat_secs_frame"": 0.000203, ""feat_secs_hsf"": 0.001106}"
arith,"arith:bits=6,h=2,reps=1",1,"{""bits"": 6.0, ""h"": 2.0, ""reps"": 1.0}",plan,ok,0.000424,0.0070,2506752,0.0,0,0.0,0.0,engine=sv aborted=[] plan_secs=0.000000,"{""n"": 13, ""gates"": 44, ""g2"": 24, ""g3"": 12, ""depth2"": 31, ""t_count"": 84, ""rotations"": 84, ""d"": 13, ""dense_l"": 17.4205, ""redundant"": 71, ""obs_zero"": false, ""frame_l"": 32.3923, ""chi_bits"": 4, ""mps_l"": 23.3681, ""hsf_k"": 5, ""hsf_na"": 6, ""hsf_nb"": 7, ""hsf_l"": 15.7549, ""sup"": 4, ""chi_bits0"": 6, ""mps_l0"": 25.5699, ""hsf_keff"": 2, ""hsf_l0"": 18.7549, ""sparse_l"": 9.4594, ""sv_l"": 18.4594, ""feat_secs"": 0.001365, ""feat_secs_frame"": 0.000203, ""feat_secs_hsf"": 0.001106}"
arith,"arith:bits=6,h=2,reps=4",1,"{""bits"": 6.0, ""h"": 2.0, ""reps"": 4.0}",planx,ok,0.000821,0.0074,2408448,-0.2500000000000001,0,-0.2500000000000001,0.0,engine=sparse aborted=[] plan_secs=0.000736,"{""n"": 13, ""gates"": 152, ""g2"": 96, ""g3"": 48, ""depth2"": 124, ""t_count"": 336, ""rotations"": 336, ""d"": 13, ""dense_l"": 21.0949, ""redundant"": 323, ""obs_zero"": false, ""frame_l"": 34.3923, ""chi_bits"": 4, ""mps_l"": 25.1703, ""hsf_k"": 20, ""hsf_na"": 6, ""hsf_nb"": 7, ""hsf_l"": 22.7549, ""sup"": 4, ""chi_bits0"": 6, ""mps_l0"": 27.5667, ""hsf_keff"": 8, ""hsf_l0"": 34.7549, ""sparse_l"": 11.2479, ""sv_l"": 20.2479, ""feat_secs"": 0.002123, ""feat_secs_frame"": 0.000615, ""feat_secs_hsf"": 0.001392}"
arith,"arith:bits=6,h=2,reps=4",1,"{""bits"": 6.0, ""h"": 2.0, ""reps"": 4.0}",planp,ok,0.000901,0.0063,2392064,-0.2500000000000001,0,-0.2500000000000001,0.0,engine=sparse aborted=[] plan_secs=0.000813,"{""n"": 13, ""gates"": 152, ""g2"": 96, ""g3"": 48, ""depth2"": 124, ""t_count"": 336, ""rotations"": 336, ""d"": 13, ""dense_l"": 21.0949, ""redundant"": 323, ""obs_zero"": false, ""frame_l"": 34.3923, ""chi_bits"": 4, ""mps_l"": 25.1703, ""hsf_k"": 20, ""hsf_na"": 6, ""hsf_nb"": 7, ""hsf_l"": 22.7549, ""sup"": 4, ""chi_bits0"": 6, ""mps_l0"": 27.5667, ""hsf_keff"": 8, ""hsf_l0"": 34.7549, ""sparse_l"": 11.2479, ""sv_l"": 20.2479, ""feat_secs"": 0.002123, ""feat_secs_frame"": 0.000615, ""feat_secs_hsf"": 0.001392}"
arith,"arith:bits=6,h=2,reps=4",1,"{""bits"": 6.0, ""h"": 2.0, ""reps"": 4.0}",plan,ok,0.000784,0.0076,2392064,-0.2500000000000001,0,-0.2500000000000001,0.0,engine=sparse aborted=[] plan_secs=0.000714,"{""n"": 13, ""gates"": 152, ""g2"": 96, ""g3"": 48, ""depth2"": 124, ""t_count"": 336, ""rotations"": 336, ""d"": 13, ""dense_l"": 21.0949, ""redundant"": 323, ""obs_zero"": false, ""frame_l"": 34.3923, ""chi_bits"": 4, ""mps_l"": 25.1703, ""hsf_k"": 20, ""hsf_na"": 6, ""hsf_nb"": 7, ""hsf_l"": 22.7549, ""sup"": 4, ""chi_bits0"": 6, ""mps_l0"": 27.5667, ""hsf_keff"": 8, ""hsf_l0"": 34.7549, ""sparse_l"": 11.2479, ""sv_l"": 20.2479, ""feat_secs"": 0.002123, ""feat_secs_frame"": 0.000615, ""feat_secs_hsf"": 0.001392}"
arith,"arith:bits=6,h=4,reps=2",1,"{""bits"": 6.0, ""h"": 4.0, ""reps"": 2.0}",planx,ok,0.001018,0.0077,2850816,-6.938893903907228e-18,0,-6.938893903907228e-18,0.0,engine=sv aborted=[] plan_secs=0.000408,"{""n"": 13, ""gates"": 82, ""g2"": 48, ""g3"": 24, ""depth2"": 62, ""t_count"": 168, ""rotations"": 168, ""d"": 13, ""dense_l"": 19.9119, ""redundant"": 155, ""obs_zero"": false, ""frame_l"": 33.3923, ""chi_bits"": 6, ""mps_l"": 26.315, ""hsf_k"": 10, ""hsf_na"": 6, ""hsf_nb"": 7, ""hsf_l"": 20.1898, ""sup"": 8, ""chi_bits0"": 6, ""mps_l0"": 26.315, ""hsf_keff"": 6, ""hsf_l0"": 24.1898, ""sparse_l"": 14.3576, ""sv_l"": 19.3576, ""feat_secs"": 0.001657, ""feat_secs_frame"": 0.00033, ""feat_secs_hsf"": 0.001262}"
arith,"arith:bits=6,h=4,reps=2",1,"{""bits"": 6.0, ""h"": 4.0, ""reps"": 2.0}",planp,ok,0.001019,0.0075,2834432,-6.938893903907228e-18,0,-6.938893903907228e-18,0.0,engine=sv aborted=[] plan_secs=0.000426,"{""n"": 13, ""gates"": 82, ""g2"": 48, ""g3"": 24, ""depth2"": 62, ""t_count"": 168, ""rotations"": 168, ""d"": 13, ""dense_l"": 19.9119, ""redundant"": 155, ""obs_zero"": false, ""frame_l"": 33.3923, ""chi_bits"": 6, ""mps_l"": 26.315, ""hsf_k"": 10, ""hsf_na"": 6, ""hsf_nb"": 7, ""hsf_l"": 20.1898, ""sup"": 8, ""chi_bits0"": 6, ""mps_l0"": 26.315, ""hsf_keff"": 6, ""hsf_l0"": 24.1898, ""sparse_l"": 14.3576, ""sv_l"": 19.3576, ""feat_secs"": 0.001657, ""feat_secs_frame"": 0.00033, ""feat_secs_hsf"": 0.001262}"
arith,"arith:bits=6,h=4,reps=2",1,"{""bits"": 6.0, ""h"": 4.0, ""reps"": 2.0}",plan,ok,0.001371,0.0080,2834432,-6.938893903907228e-18,0,-6.938893903907228e-18,0.0,engine=sv aborted=[] plan_secs=0.000582,"{""n"": 13, ""gates"": 82, ""g2"": 48, ""g3"": 24, ""depth2"": 62, ""t_count"": 168, ""rotations"": 168, ""d"": 13, ""dense_l"": 19.9119, ""redundant"": 155, ""obs_zero"": false, ""frame_l"": 33.3923, ""chi_bits"": 6, ""mps_l"": 26.315, ""hsf_k"": 10, ""hsf_na"": 6, ""hsf_nb"": 7, ""hsf_l"": 20.1898, ""sup"": 8, ""chi_bits0"": 6, ""mps_l0"": 26.315, ""hsf_keff"": 6, ""hsf_l0"": 24.1898, ""sparse_l"": 14.3576, ""sv_l"": 19.3576, ""feat_secs"": 0.001657, ""feat_secs_frame"": 0.00033, ""feat_secs_hsf"": 0.001262}"
arith,"arith:bits=6,h=6,reps=1",1,"{""bits"": 6.0, ""h"": 6.0, ""reps"": 1.0}",planx,ok,0.000383,0.0045,2490368,0.0,0,0.0,0.0,engine=sv aborted=[] plan_secs=0.000000,"{""n"": 13, ""gates"": 48, ""g2"": 24, ""g3"": 12, ""depth2"": 31, ""t_count"": 84, ""rotations"": 84, ""d"": 13, ""dense_l"": 18.6629, ""redundant"": 71, ""obs_zero"": false, ""frame_l"": 32.3923, ""chi_bits"": 6, ""mps_l"": 25.5699, ""hsf_k"": 5, ""hsf_na"": 6, ""hsf_nb"": 7, ""hsf_l"": 17.8074, ""sup"": 12, ""chi_bits0"": 6, ""mps_l0"": 25.5699, ""hsf_keff"": 4, ""hsf_l0"": 18.8074, ""sparse_l"": 17.585, ""sv_l"": 18.585, ""feat_secs"": 0.001541, ""feat_secs_frame"": 0.000336, ""feat_secs_hsf"": 0.001153}"
arith,"arith:bits=6,h=6,reps=1",1,"{""bits"": 6.0, ""h"": 6.0, ""reps"": 1.0}",planp,ok,0.000429,0.0043,2490368,0.0,0,0.0,0.0,engine=sv aborted=[] plan_secs=0.000000,"{""n"": 13, ""gates"": 48, ""g2"": 24, ""g3"": 12, ""depth2"": 31, ""t_count"": 84, ""rotations"": 84, ""d"": 13, ""dense_l"": 18.6629, ""redundant"": 71, ""obs_zero"": false, ""frame_l"": 32.3923, ""chi_bits"": 6, ""mps_l"": 25.5699, ""hsf_k"": 5, ""hsf_na"": 6, ""hsf_nb"": 7, ""hsf_l"": 17.8074, ""sup"": 12, ""chi_bits0"": 6, ""mps_l0"": 25.5699, ""hsf_keff"": 4, ""hsf_l0"": 18.8074, ""sparse_l"": 17.585, ""sv_l"": 18.585, ""feat_secs"": 0.001541, ""feat_secs_frame"": 0.000336, ""feat_secs_hsf"": 0.001153}"
arith,"arith:bits=6,h=6,reps=1",1,"{""bits"": 6.0, ""h"": 6.0, ""reps"": 1.0}",plan,ok,0.000463,0.0046,2490368,0.0,0,0.0,0.0,engine=sv aborted=[] plan_secs=0.000001,"{""n"": 13, ""gates"": 48, ""g2"": 24, ""g3"": 12, ""depth2"": 31, ""t_count"": 84, ""rotations"": 84, ""d"": 13, ""dense_l"": 18.6629, ""redundant"": 71, ""obs_zero"": false, ""frame_l"": 32.3923, ""chi_bits"": 6, ""mps_l"": 25.5699, ""hsf_k"": 5, ""hsf_na"": 6, ""hsf_nb"": 7, ""hsf_l"": 17.8074, ""sup"": 12, ""chi_bits0"": 6, ""mps_l0"": 25.5699, ""hsf_keff"": 4, ""hsf_l0"": 18.8074, ""sparse_l"": 17.585, ""sv_l"": 18.585, ""feat_secs"": 0.001541, ""feat_secs_frame"": 0.000336, ""feat_secs_hsf"": 0.001153}"
arith,"arith:bits=6,h=6,reps=4",1,"{""bits"": 6.0, ""h"": 6.0, ""reps"": 4.0}",planx,ok,0.001579,0.0063,3031040,0.0,0,0.0,0.0,engine=sv aborted=[] plan_secs=0.000702,"{""n"": 13, ""gates"": 156, ""g2"": 96, ""g3"": 48, ""depth2"": 124, ""t_count"": 336, ""rotations"": 336, ""d"": 13, ""dense_l"": 21.2416, ""redundant"": 323, ""obs_zero"": false, ""frame_l"": 34.3923, ""chi_bits"": 6, ""mps_l"": 27.5667, ""hsf_k"": 20, ""hsf_na"": 6, ""hsf_nb"": 7, ""hsf_l"": 26.7814, ""sup"": 12, ""chi_bits0"": 6, ""mps_l0"": 27.5667, ""hsf_keff"": 12, ""hsf_l0"": 34.7814, ""sparse_l"": 19.2854, ""sv_l"": 20.2854, ""feat_secs"": 0.002079, ""feat_secs_frame"": 0.000623, ""feat_secs_hsf"": 0.001346}"
arith,"arith:bits=6,h=6,reps=4",1,"{""bits"": 6.0, ""h"": 6.0, ""reps"": 4.0}",planp,ok,0.001789,0.0067,3031040,0.0,0,0.0,0.0,engine=sv aborted=[] plan_secs=0.000738,"{""n"": 13, ""gates"": 156, ""g2"": 96, ""g3"": 48, ""depth2"": 124, ""t_count"": 336, ""rotations"": 336, ""d"": 13, ""dense_l"": 21.2416, ""redundant"": 323, ""obs_zero"": false, ""frame_l"": 34.3923, ""chi_bits"": 6, ""mps_l"": 27.5667, ""hsf_k"": 20, ""hsf_na"": 6, ""hsf_nb"": 7, ""hsf_l"": 26.7814, ""sup"": 12, ""chi_bits0"": 6, ""mps_l0"": 27.5667, ""hsf_keff"": 12, ""hsf_l0"": 34.7814, ""sparse_l"": 19.2854, ""sv_l"": 20.2854, ""feat_secs"": 0.002079, ""feat_secs_frame"": 0.000623, ""feat_secs_hsf"": 0.001346}"
arith,"arith:bits=6,h=6,reps=4",1,"{""bits"": 6.0, ""h"": 6.0, ""reps"": 4.0}",plan,ok,0.001435,0.0075,3014656,0.0,0,0.0,0.0,engine=sv aborted=[] plan_secs=0.000708,"{""n"": 13, ""gates"": 156, ""g2"": 96, ""g3"": 48, ""depth2"": 124, ""t_count"": 336, ""rotations"": 336, ""d"": 13, ""dense_l"": 21.2416, ""redundant"": 323, ""obs_zero"": false, ""frame_l"": 34.3923, ""chi_bits"": 6, ""mps_l"": 27.5667, ""hsf_k"": 20, ""hsf_na"": 6, ""hsf_nb"": 7, ""hsf_l"": 26.7814, ""sup"": 12, ""chi_bits0"": 6, ""mps_l0"": 27.5667, ""hsf_keff"": 12, ""hsf_l0"": 34.7814, ""sparse_l"": 19.2854, ""sv_l"": 20.2854, ""feat_secs"": 0.002079, ""feat_secs_frame"": 0.000623, ""feat_secs_hsf"": 0.001346}"
arith,"arith:bits=8,h=0,reps=2",1,"{""bits"": 8.0, ""h"": 0.0, ""reps"": 2.0}",planx,ok,0.000555,0.0042,2277376,-1.0,0,-1.0,0.0,engine=sparse aborted=[] plan_secs=0.000537,"{""n"": 17, ""gates"": 106, ""g2"": 64, ""g3"": 32, ""depth2"": 82, ""t_count"": 224, ""rotations"": 224, ""d"": 15, ""dense_l"": 21.9779, ""redundant"": 209, ""obs_zero"": false, ""frame_l"": 37.8074, ""chi_bits"": 0, ""mps_l"": 14.198, ""hsf_k"": 10, ""hsf_na"": 8, ""hsf_nb"": 9, ""hsf_l"": 21.4998, ""sup"": 0, ""chi_bits0"": 8, ""mps_l0"": 32.1003, ""hsf_keff"": 4, ""hsf_l0"": 27.4998, ""sparse_l"": 6.7279, ""sv_l"": 23.7279, ""feat_secs"": 0.003203, ""feat_secs_frame"": 0.000466, ""feat_secs_hsf"": 0.002662}"
arith,"arith:bits=8,h=0,reps=2",1,"{""bits"": 8.0, ""h"": 0.0, ""reps"": 2.0}",planp,ok,0.000668,0.0066,2277376,-1.0,0,-1.0,0.0,engine=sparse aborted=[] plan_secs=0.000645,"{""n"": 17, ""gates"": 106, ""g2"": 64, ""g3"": 32, ""depth2"": 82, ""t_count"": 224, ""rotations"": 224, ""d"": 15, ""dense_l"": 21.9779, ""redundant"": 209, ""obs_zero"": false, ""frame_l"": 37.8074, ""chi_bits"": 0, ""mps_l"": 14.198, ""hsf_k"": 10, ""hsf_na"": 8, ""hsf_nb"": 9, ""hsf_l"": 21.4998, ""sup"": 0, ""chi_bits0"": 8, ""mps_l0"": 32.1003, ""hsf_keff"": 4, ""hsf_l0"": 27.4998, ""sparse_l"": 6.7279, ""sv_l"": 23.7279, ""feat_secs"": 0.003203, ""feat_secs_frame"": 0.000466, ""feat_secs_hsf"": 0.002662}"
arith,"arith:bits=8,h=0,reps=2",1,"{""bits"": 8.0, ""h"": 0.0, ""reps"": 2.0}",plan,ok,0.000616,0.0069,2277376,-1.0,0,-1.0,0.0,engine=sparse aborted=[] plan_secs=0.000594,"{""n"": 17, ""gates"": 106, ""g2"": 64, ""g3"": 32, ""depth2"": 82, ""t_count"": 224, ""rotations"": 224, ""d"": 15, ""dense_l"": 21.9779, ""redundant"": 209, ""obs_zero"": false, ""frame_l"": 37.8074, ""chi_bits"": 0, ""mps_l"": 14.198, ""hsf_k"": 10, ""hsf_na"": 8, ""hsf_nb"": 9, ""hsf_l"": 21.4998, ""sup"": 0, ""chi_bits0"": 8, ""mps_l0"": 32.1003, ""hsf_keff"": 4, ""hsf_l0"": 27.4998, ""sparse_l"": 6.7279, ""sv_l"": 23.7279, ""feat_secs"": 0.003203, ""feat_secs_frame"": 0.000466, ""feat_secs_hsf"": 0.002662}"
arith,"arith:bits=8,h=1,reps=1",1,"{""bits"": 8.0, ""h"": 1.0, ""reps"": 1.0}",planx,ok,0.000306,0.0043,2228224,-0.5000000000000002,0,-0.5000000000000002,0.0,engine=sparse aborted=[] plan_secs=0.000290,"{""n"": 17, ""gates"": 58, ""g2"": 32, ""g3"": 16, ""depth2"": 41, ""t_count"": 112, ""rotations"": 112, ""d"": 17, ""dense_l"": 20.8129, ""redundant"": 95, ""obs_zero"": false, ""frame_l"": 40.8074, ""chi_bits"": 2, ""mps_l"": 19.2537, ""hsf_k"": 5, ""hsf_na"": 8, ""hsf_nb"": 9, ""hsf_l"": 19.2946, ""sup"": 2, ""chi_bits0"": 8, ""mps_l0"": 31.193, ""hsf_keff"": 2, ""hsf_l0"": 22.2946, ""sparse_l"": 7.858, ""sv_l"": 22.858, ""feat_secs"": 0.002663, ""feat_secs_frame"": 0.000264, ""feat_secs_hsf"": 0.00227}"
arith,"arith:bits=8,h=1,reps=1",1,"{""bits"": 8.0, ""h"": 1.0, ""reps"": 1.0}",planp,ok,0.000314,0.0046,2211840,-0.5000000000000002,0,-0.5000000000000002,0.0,engine=sparse aborted=[] plan_secs=0.000297,"{""n"": 17, ""gates"": 58, ""g2"": 32, ""g3"": 16, ""depth2"": 41, ""t_count"": 112, ""rotations"": 112, ""d"": 17, ""dense_l"": 20.8129, ""redundant"": 95, ""obs_zero"": false, ""frame_l"": 40.8074, ""chi_bits"": 2, ""mps_l"": 19.2537, ""hsf_k"": 5, ""hsf_na"": 8, ""hsf_nb"": 9, ""hsf_l"": 19.2946, ""sup"": 2, ""chi_bits0"": 8, ""mps_l0"": 31.193, ""hsf_keff"": 2, ""hsf_l0"": 22.2946, ""sparse_l"": 7.858, ""sv_l"": 22.858, ""feat_secs"": 0.002663, ""feat_secs_frame"": 0.000264, ""feat_secs_hsf"": 0.00227}"
arith,"arith:bits=8,h=1,reps=1",1,"{""bits"": 8.0, ""h"": 1.0, ""reps"": 1.0}",plan,ok,0.000324,0.0044,2211840,-0.5000000000000002,0,-0.5000000000000002,0.0,engine=sparse aborted=[] plan_secs=0.000302,"{""n"": 17, ""gates"": 58, ""g2"": 32, ""g3"": 16, ""depth2"": 41, ""t_count"": 112, ""rotations"": 112, ""d"": 17, ""dense_l"": 20.8129, ""redundant"": 95, ""obs_zero"": false, ""frame_l"": 40.8074, ""chi_bits"": 2, ""mps_l"": 19.2537, ""hsf_k"": 5, ""hsf_na"": 8, ""hsf_nb"": 9, ""hsf_l"": 19.2946, ""sup"": 2, ""chi_bits0"": 8, ""mps_l0"": 31.193, ""hsf_keff"": 2, ""hsf_l0"": 22.2946, ""sparse_l"": 7.858, ""sv_l"": 22.858, ""feat_secs"": 0.002663, ""feat_secs_frame"": 0.000264, ""feat_secs_hsf"": 0.00227}"
arith,"arith:bits=8,h=1,reps=4",1,"{""bits"": 8.0, ""h"": 1.0, ""reps"": 4.0}",planx,ok,0.00103,0.0064,2392064,0.0,0,0.0,0.0,engine=sparse aborted=[] plan_secs=0.000992,"{""n"": 17, ""gates"": 202, ""g2"": 128, ""g3"": 64, ""depth2"": 164, ""t_count"": 448, ""rotations"": 448, ""d"": 17, ""dense_l"": 25.4514, ""redundant"": 431, ""obs_zero"": false, ""frame_l"": 42.8074, ""chi_bits"": 2, ""mps_l"": 20.802, ""hsf_k"": 20, ""hsf_na"": 8, ""hsf_nb"": 9, ""hsf_l"": 25.8392, ""sup"": 2, ""chi_bits0"": 8, ""mps_l0"": 33.4789, ""hsf_keff"": 8, ""hsf_l0"": 37.8392, ""sparse_l"": 9.6582, ""sv_l"": 24.6582, ""feat_secs"": 0.003831, ""feat_secs_frame"": 0.000822, ""feat_secs_hsf"": 0.00282}"
arith,"arith:bits=8,h=1,reps=4",1,"{""bits"": 8.0, ""h"": 1.0, ""reps"": 4.0}",planp,ok,0.001055,0.0066,2424832,0.0,0,0.0,0.0,engine=sparse aborted=[] plan_secs=0.001013,"{""n"": 17, ""gates"": 202, ""g2"": 128, ""g3"": 64, ""depth2"": 164, ""t_count"": 448, ""rotations"": 448, ""d"": 17, ""dense_l"": 25.4514, ""redundant"": 431, ""obs_zero"": false, ""frame_l"": 42.8074, ""chi_bits"": 2, ""mps_l"": 20.802, ""hsf_k"": 20, ""hsf_na"": 8, ""hsf_nb"": 9, ""hsf_l"": 25.8392, ""sup"": 2, ""chi_bits0"": 8, ""mps_l0"": 33.4789, ""hsf_keff"": 8, ""hsf_l0"": 37.8392, ""sparse_l"": 9.6582, ""sv_l"": 24.6582, ""feat_secs"": 0.003831, ""feat_secs_frame"": 0.000822, ""feat_secs_hsf"": 0.00282}"
arith,"arith:bits=8,h=1,reps=4",1,"{""bits"": 8.0, ""h"": 1.0, ""reps"": 4.0}",plan,ok,0.000964,0.0073,2424832,0.0,0,0.0,0.0,engine=sparse aborted=[] plan_secs=0.000924,"{""n"": 17, ""gates"": 202, ""g2"": 128, ""g3"": 64, ""depth2"": 164, ""t_count"": 448, ""rotations"": 448, ""d"": 17, ""dense_l"": 25.4514, ""redundant"": 431, ""obs_zero"": false, ""frame_l"": 42.8074, ""chi_bits"": 2, ""mps_l"": 20.802, ""hsf_k"": 20, ""hsf_na"": 8, ""hsf_nb"": 9, ""hsf_l"": 25.8392, ""sup"": 2, ""chi_bits0"": 8, ""mps_l0"": 33.4789, ""hsf_keff"": 8, ""hsf_l0"": 37.8392, ""sparse_l"": 9.6582, ""sv_l"": 24.6582, ""feat_secs"": 0.003831, ""feat_secs_frame"": 0.000822, ""feat_secs_hsf"": 0.00282}"
arith,"arith:bits=8,h=2,reps=2",1,"{""bits"": 8.0, ""h"": 2.0, ""reps"": 2.0}",planx,ok,0.000591,0.0067,2375680,0.0,0,0.0,0.0,engine=sparse aborted=[] plan_secs=0.000529,"{""n"": 17, ""gates"": 107, ""g2"": 64, ""g3"": 32, ""depth2"": 82, ""t_count"": 224, ""rotations"": 224, ""d"": 17, ""dense_l"": 24.0565, ""redundant"": 207, ""obs_zero"": false, ""frame_l"": 41.8074, ""chi_bits"": 4, ""mps_l"": 24.9201, ""hsf_k"": 10, ""hsf_na"": 8, ""hsf_nb"": 9, ""hsf_l"": 21.5038, ""sup"": 4, ""chi_bits0"": 8, ""mps_l0"": 32.1003, ""hsf_keff"": 4, ""hsf_l0"": 27.5038, ""sparse_l"": 10.7415, ""sv_l"": 23.7415, ""feat_secs"": 0.00323, ""feat_secs_frame"": 0.000456, ""feat_secs_hsf"": 0.002691}"
arith,"arith:bits=8,h=2,reps=2",1,"{""bits"": 8.0, ""h"": 2.0, ""reps"": 2.0}",planp,ok,0.000585,0.0048,2359296,0.0,0,0.0,0.0,engine=sparse aborted=[] plan_secs=0.000520,"{""n"": 17, ""gates"": 107, ""g2"": 64, ""g3"": 32, ""depth2"": 82, ""t_count"": 224, ""rotations"": 224, ""d"": 17, ""dense_l"": 24.0565, ""redundant"": 207, ""obs_zero"": false, ""frame_l"": 41.8074, ""chi_bits"": 4, ""mps_l"": 24.9201, ""hsf_k"": 10, ""hsf_na"": 8, ""hsf_nb"": 9, ""hsf_l"": 21.5038, ""sup"": 4, ""chi_bits0"": 8, ""mps_l0"": 32.1003, ""hsf_keff"": 4, ""hsf_l0"": 27.5038, ""sparse_l"": 10.7415, ""sv_l"": 23.7415, ""feat_secs"": 0.00323, ""feat_secs_frame"": 0.000456, ""feat_secs_hsf"": 0.002691}"
arith,"arith:bits=8,h=2,reps=2",1,"{""bits"": 8.0, ""h"": 2.0, ""reps"": 2.0}",plan,ok,0.00056,0.0044,2342912,0.0,0,0.0,0.0,engine=sparse aborted=[] plan_secs=0.000502,"{""n"": 17, ""gates"": 107, ""g2"": 64, ""g3"": 32, ""depth2"": 82, ""t_count"": 224, ""rotations"": 224, ""d"": 17, ""dense_l"": 24.0565, ""redundant"": 207, ""obs_zero"": false, ""frame_l"": 41.8074, ""chi_bits"": 4, ""mps_l"": 24.9201, ""hsf_k"": 10, ""hsf_na"": 8, ""hsf_nb"": 9, ""hsf_l"": 21.5038, ""sup"": 4, ""chi_bits0"": 8, ""mps_l0"": 32.1003, ""hsf_keff"": 4, ""hsf_l0"": 27.5038, ""sparse_l"": 10.7415, ""sv_l"": 23.7415, ""feat_secs"": 0.00323, ""feat_secs_frame"": 0.000456, ""feat_secs_hsf"": 0.002691}"
arith,"arith:bits=8,h=4,reps=1",1,"{""bits"": 8.0, ""h"": 4.0, ""reps"": 1.0}",planx,ok,0.000547,0.0042,2408448,0.0,0,0.0,0.0,engine=sparse aborted=[] plan_secs=0.000321,"{""n"": 17, ""gates"": 60, ""g2"": 32, ""g3"": 16, ""depth2"": 41, ""t_count"": 112, ""rotations"": 112, ""d"": 17, ""dense_l"": 22.1463, ""redundant"": 95, ""obs_zero"": false, ""frame_l"": 40.8074, ""chi_bits"": 8, ""mps_l"": 31.193, ""hsf_k"": 5, ""hsf_na"": 8, ""hsf_nb"": 9, ""hsf_l"": 21.3038, ""sup"": 8, ""chi_bits0"": 8, ""mps_l0"": 31.193, ""hsf_keff"": 4, ""hsf_l0"": 22.3038, ""sparse_l"": 13.9069, ""sv_l"": 22.9069, ""feat_secs"": 0.002615, ""feat_secs_frame"": 0.000254, ""feat_secs_hsf"": 0.0023}"
arith,"arith:bits=8,h=4,reps=1",1,"{""bits"": 8.0, ""h"": 4.0, ""reps"": 1.0}",planp,ok,0.000524,0.0044,2424832,0.0,0,0.0,0.0,engine=sparse aborted=[] plan_secs=0.000310,"{""n"": 17, ""gates"": 60, ""g2"": 32, ""g3"": 16, ""depth2"": 41, ""t_count"": 112, ""rotations"": 112, ""d"": 17, ""dense_l"": 22.1463, ""redundant"": 95, ""obs_zero"": false, ""frame_l"": 40.8074, ""chi_bits"": 8, ""mps_l"": 31.193, ""hsf_k"": 5, ""hsf_na"": 8, ""hsf_nb"": 9, ""hsf_l"": 21.3038, ""sup"": 8, ""chi_bits0"": 8, ""mps_l0"": 31.193, ""hsf_keff"": 4, ""hsf_l0"": 22.3038, ""sparse_l"": 13.9069, ""sv_l"": 22.9069, ""feat_secs"": 0.002615, ""feat_secs_frame"": 0.000254, ""feat_secs_hsf"": 0.0023}"
arith,"arith:bits=8,h=4,reps=1",1,"{""bits"": 8.0, ""h"": 4.0, ""reps"": 1.0}",plan,ok,0.000503,0.0044,2424832,0.0,0,0.0,0.0,engine=sparse aborted=[] plan_secs=0.000297,"{""n"": 17, ""gates"": 60, ""g2"": 32, ""g3"": 16, ""depth2"": 41, ""t_count"": 112, ""rotations"": 112, ""d"": 17, ""dense_l"": 22.1463, ""redundant"": 95, ""obs_zero"": false, ""frame_l"": 40.8074, ""chi_bits"": 8, ""mps_l"": 31.193, ""hsf_k"": 5, ""hsf_na"": 8, ""hsf_nb"": 9, ""hsf_l"": 21.3038, ""sup"": 8, ""chi_bits0"": 8, ""mps_l0"": 31.193, ""hsf_keff"": 4, ""hsf_l0"": 22.3038, ""sparse_l"": 13.9069, ""sv_l"": 22.9069, ""feat_secs"": 0.002615, ""feat_secs_frame"": 0.000254, ""feat_secs_hsf"": 0.0023}"
arith,"arith:bits=8,h=4,reps=4",1,"{""bits"": 8.0, ""h"": 4.0, ""reps"": 4.0}",planx,ok,0.002944,0.0070,2637824,0.03906250000000001,0,0.03906250000000001,0.0,engine=sparse aborted=[] plan_secs=0.002180,"{""n"": 17, ""gates"": 204, ""g2"": 128, ""g3"": 64, ""depth2"": 164, ""t_count"": 448, ""rotations"": 448, ""d"": 17, ""dense_l"": 25.5369, ""redundant"": 431, ""obs_zero"": false, ""frame_l"": 42.8074, ""chi_bits"": 8, ""mps_l"": 33.4789, ""hsf_k"": 20, ""hsf_na"": 8, ""hsf_nb"": 9, ""hsf_l"": 25.8455, ""sup"": 8, ""chi_bits0"": 8, ""mps_l0"": 33.4789, ""hsf_keff"": 8, ""hsf_l0"": 37.8455, ""sparse_l"": 15.6724, ""sv_l"": 24.6724, ""feat_secs"": 0.003779, ""feat_secs_frame"": 0.000896, ""feat_secs_hsf"": 0.002742}"
arith,"arith:bits=8,h=4,reps=4",1,"{""bits"": 8.0, ""h"": 4.0, ""reps"": 4.0}",planp,ok,0.002875,0.0073,2670592,0.03906250000000001,0,0.03906250000000001,0.0,engine=sparse aborted=[] plan_secs=0.002093,"{""n"": 17, ""gates"": 204, ""g2"": 128, ""g3"": 64, ""depth2"": 164, ""t_count"": 448, ""rotations"": 448, ""d"": 17, ""dense_l"": 25.5369, ""redundant"": 431, ""obs_zero"": false, ""frame_l"": 42.8074, ""chi_bits"": 8, ""mps_l"": 33.4789, ""hsf_k"": 20, ""hsf_na"": 8, ""hsf_nb"": 9, ""hsf_l"": 25.8455, ""sup"": 8, ""chi_bits0"": 8, ""mps_l0"": 33.4789, ""hsf_keff"": 8, ""hsf_l0"": 37.8455, ""sparse_l"": 15.6724, ""sv_l"": 24.6724, ""feat_secs"": 0.003779, ""feat_secs_frame"": 0.000896, ""feat_secs_hsf"": 0.002742}"
arith,"arith:bits=8,h=4,reps=4",1,"{""bits"": 8.0, ""h"": 4.0, ""reps"": 4.0}",plan,ok,0.002846,0.0094,2686976,0.03906250000000001,0,0.03906250000000001,0.0,engine=sparse aborted=[] plan_secs=0.002047,"{""n"": 17, ""gates"": 204, ""g2"": 128, ""g3"": 64, ""depth2"": 164, ""t_count"": 448, ""rotations"": 448, ""d"": 17, ""dense_l"": 25.5369, ""redundant"": 431, ""obs_zero"": false, ""frame_l"": 42.8074, ""chi_bits"": 8, ""mps_l"": 33.4789, ""hsf_k"": 20, ""hsf_na"": 8, ""hsf_nb"": 9, ""hsf_l"": 25.8455, ""sup"": 8, ""chi_bits0"": 8, ""mps_l0"": 33.4789, ""hsf_keff"": 8, ""hsf_l0"": 37.8455, ""sparse_l"": 15.6724, ""sv_l"": 24.6724, ""feat_secs"": 0.003779, ""feat_secs_frame"": 0.000896, ""feat_secs_hsf"": 0.002742}"
arith,"arith:bits=8,h=6,reps=2",1,"{""bits"": 8.0, ""h"": 6.0, ""reps"": 2.0}",planx,ok,0.009881,0.0150,3522560,-1.409462824231156e-18,0,-1.409462824231156e-18,0.0,engine=sparse aborted=[] plan_secs=0.003677,"{""n"": 17, ""gates"": 110, ""g2"": 64, ""g3"": 32, ""depth2"": 82, ""t_count"": 224, ""rotations"": 224, ""d"": 17, ""dense_l"": 24.3436, ""redundant"": 207, ""obs_zero"": false, ""frame_l"": 41.8074, ""chi_bits"": 8, ""mps_l"": 32.1003, ""hsf_k"": 10, ""hsf_na"": 8, ""hsf_nb"": 9, ""hsf_l"": 23.5157, ""sup"": 12, ""chi_bits0"": 8, ""mps_l0"": 32.1003, ""hsf_keff"": 6, ""hsf_l0"": 27.5157, ""sparse_l"": 18.7814, ""sv_l"": 23.7814, ""feat_secs"": 0.003244, ""feat_secs_frame"": 0.000455, ""feat_secs_hsf"": 0.002712}"
arith,"arith:bits=8,h=6,reps=2",1,"{""bits"": 8.0, ""h"": 6.0, ""reps"": 2.0}",planp,ok,0.010007,0.0155,3522560,-1.409462824231156e-18,0,-1.409462824231156e-18,0.0,engine=sparse aborted=[] plan_secs=0.003577,"{""n"": 17, ""gates"": 110, ""g2"": 64, ""g3"": 32, ""depth2"": 82, ""t_count"": 224, ""rotations"": 224, ""d"": 17, ""dense_l"": 24.3436, ""redundant"": 207, ""obs_zero"": false, ""frame_l"": 41.8074, ""chi_bits"": 8, ""mps_l"": 32.1003, ""hsf_k"": 10, ""hsf_na"": 8, ""hsf_nb"": 9, ""hsf_l"": 23.5157, ""sup"": 12, ""chi_bits0"": 8, ""mps_l0"": 32.1003, ""hsf_keff"": 6, ""hsf_l0"": 27.5157, ""sparse_l"": 18.7814, ""sv_l"": 23.7814, ""feat_secs"": 0.003244, ""feat_secs_frame"": 0.000455, ""feat_secs_hsf"": 0.002712}"
arith,"arith:bits=8,h=6,reps=2",1,"{""bits"": 8.0, ""h"": 6.0, ""reps"": 2.0}",plan,ok,0.010208,0.0139,3538944,-1.409462824231156e-18,0,-1.409462824231156e-18,0.0,engine=sparse aborted=[] plan_secs=0.003592,"{""n"": 17, ""gates"": 110, ""g2"": 64, ""g3"": 32, ""depth2"": 82, ""t_count"": 224, ""rotations"": 224, ""d"": 17, ""dense_l"": 24.3436, ""redundant"": 207, ""obs_zero"": false, ""frame_l"": 41.8074, ""chi_bits"": 8, ""mps_l"": 32.1003, ""hsf_k"": 10, ""hsf_na"": 8, ""hsf_nb"": 9, ""hsf_l"": 23.5157, ""sup"": 12, ""chi_bits0"": 8, ""mps_l0"": 32.1003, ""hsf_keff"": 6, ""hsf_l0"": 27.5157, ""sparse_l"": 18.7814, ""sv_l"": 23.7814, ""feat_secs"": 0.003244, ""feat_secs_frame"": 0.000455, ""feat_secs_hsf"": 0.002712}"
arith,"arith:bits=10,h=0,reps=1",1,"{""bits"": 10.0, ""h"": 0.0, ""reps"": 1.0}",planx,ok,0.000378,0.0063,2244608,1.0,0,1.0,0.0,engine=sparse aborted=[] plan_secs=0.000362,"{""n"": 21, ""gates"": 72, ""g2"": 40, ""g3"": 20, ""depth2"": 51, ""t_count"": 140, ""rotations"": 140, ""d"": 19, ""dense_l"": 22.8088, ""redundant"": 121, ""obs_zero"": false, ""frame_l"": 45.1293, ""chi_bits"": 0, ""mps_l"": 14.0215, ""hsf_k"": 5, ""hsf_na"": 10, ""hsf_nb"": 11, ""hsf_l"": 23.098, ""sup"": 0, ""chi_bits0"": 10, ""mps_l0"": 36.7453, ""hsf_keff"": 2, ""hsf_l0"": 26.098, ""sparse_l"": 6.1699, ""sv_l"": 27.1699, ""feat_secs"": 0.004363, ""feat_secs_frame"": 0.000296, ""feat_secs_hsf"": 0.00401}"
arith,"arith:bits=10,h=0,reps=1",1,"{""bits"": 10.0, ""h"": 0.0, ""reps"": 1.0}",planp,ok,0.000362,0.0040,2244608,1.0,0,1.0,0.0,engine=sparse aborted=[] plan_secs=0.000348,"{""n"": 21, ""gates"": 72, ""g2"": 40, ""g3"": 20, ""depth2"": 51, ""t_count"": 140, ""rotations"": 140, ""d"": 19, ""dense_l"": 22.8088, ""redundant"": 121, ""obs_zero"": false, ""frame_l"": 45.1293, ""chi_bits"": 0, ""mps_l"": 14.0215, ""hsf_k"": 5, ""hsf_na"": 10, ""hsf_nb"": 11, ""hsf_l"": 23.098, ""sup"": 0, ""chi_bits0"": 10, ""mps_l0"": 36.7453, ""hsf_keff"": 2, ""hsf_l0"": 26.098, ""sparse_l"": 6.1699, ""sv_l"": 27.1699, ""feat_secs"": 0.004363, ""feat_secs_frame"": 0.000296, ""feat_secs_hsf"": 0.00401}"
arith,"arith:bits=10,h=0,reps=1",1,"{""bits"": 10.0, ""h"": 0.0, ""reps"": 1.0}",plan,ok,0.000362,0.0043,2228224,1.0,0,1.0,0.0,engine=sparse aborted=[] plan_secs=0.000348,"{""n"": 21, ""gates"": 72, ""g2"": 40, ""g3"": 20, ""depth2"": 51, ""t_count"": 140, ""rotations"": 140, ""d"": 19, ""dense_l"": 22.8088, ""redundant"": 121, ""obs_zero"": false, ""frame_l"": 45.1293, ""chi_bits"": 0, ""mps_l"": 14.0215, ""hsf_k"": 5, ""hsf_na"": 10, ""hsf_nb"": 11, ""hsf_l"": 23.098, ""sup"": 0, ""chi_bits0"": 10, ""mps_l0"": 36.7453, ""hsf_keff"": 2, ""hsf_l0"": 26.098, ""sparse_l"": 6.1699, ""sv_l"": 27.1699, ""feat_secs"": 0.004363, ""feat_secs_frame"": 0.000296, ""feat_secs_hsf"": 0.00401}"
arith,"arith:bits=10,h=0,reps=4",1,"{""bits"": 10.0, ""h"": 0.0, ""reps"": 4.0}",planx,ok,0.001201,0.0063,2424832,1.0,0,1.0,0.0,engine=sparse aborted=[] plan_secs=0.001163,"{""n"": 21, ""gates"": 252, ""g2"": 160, ""g3"": 80, ""depth2"": 204, ""t_count"": 560, ""rotations"": 560, ""d"": 19, ""dense_l"": 27.7616, ""redundant"": 541, ""obs_zero"": false, ""frame_l"": 47.1293, ""chi_bits"": 0, ""mps_l"": 15.5359, ""hsf_k"": 20, ""hsf_na"": 10, ""hsf_nb"": 11, ""hsf_l"": 29.3174, ""sup"": 0, ""chi_bits0"": 10, ""mps_l0"": 39.3971, ""hsf_keff"": 8, ""hsf_l0"": 41.3174, ""sparse_l"": 7.9773, ""sv_l"": 28.9773, ""feat_secs"": 0.0067, ""feat_secs_frame"": 0.00106, ""feat_secs_hsf"": 0.005479}"
arith,"arith:bits=10,h=0,reps=4",1,"{""bits"": 10.0, ""h"": 0.0, ""reps"": 4.0}",planp,ok,0.001194,0.0069,2424832,1.0,0,1.0,0.0,engine=sparse aborted=[] plan_secs=0.001162,"{""n"": 21, ""gates"": 252, ""g2"": 160, ""g3"": 80, ""depth2"": 204, ""t_count"": 560, ""rotations"": 560, ""d"": 19, ""dense_l"": 27.7616, ""redundant"": 541, ""obs_zero"": false, ""frame_l"": 47.1293, ""chi_bits"": 0, ""mps_l"": 15.5359, ""hsf_k"": 20, ""hsf_na"": 10, ""hsf_nb"": 11, ""hsf_l"": 29.3174, ""sup"": 0, ""chi_bits0"": 10, ""mps_l0"": 39.3971, ""hsf_keff"": 8, ""hsf_l0"": 41.3174, ""sparse_l"": 7.9773, ""sv_l"": 28.9773, ""feat_secs"": 0.0067, ""feat_secs_frame"": 0.00106, ""feat_secs_hsf"": 0.005479}"
arith,"arith:bits=10,h=0,reps=4",1,"{""bits"": 10.0, ""h"": 0.0, ""reps"": 4.0}",plan,ok,0.001241,0.0074,2424832,1.0,0,1.0,0.0,engine=sparse aborted=[] plan_secs=0.001207,"{""n"": 21, ""gates"": 252, ""g2"": 160, ""g3"": 80, ""depth2"": 204, ""t_count"": 560, ""rotations"": 560, ""d"": 19, ""dense_l"": 27.7616, ""redundant"": 541, ""obs_zero"": false, ""frame_l"": 47.1293, ""chi_bits"": 0, ""mps_l"": 15.5359, ""hsf_k"": 20, ""hsf_na"": 10, ""hsf_nb"": 11, ""hsf_l"": 29.3174, ""sup"": 0, ""chi_bits0"": 10, ""mps_l0"": 39.3971, ""hsf_keff"": 8, ""hsf_l0"": 41.3174, ""sparse_l"": 7.9773, ""sv_l"": 28.9773, ""feat_secs"": 0.0067, ""feat_secs_frame"": 0.00106, ""feat_secs_hsf"": 0.005479}"
arith,"arith:bits=10,h=1,reps=2",1,"{""bits"": 10.0, ""h"": 1.0, ""reps"": 2.0}",planx,ok,0.000671,0.0063,2375680,-0.5000000000000002,0,-0.5000000000000002,0.0,engine=sparse aborted=[] plan_secs=0.000639,"{""n"": 21, ""gates"": 133, ""g2"": 80, ""g3"": 40, ""depth2"": 102, ""t_count"": 280, ""rotations"": 280, ""d"": 21, ""dense_l"": 28.2669, ""redundant"": 259, ""obs_zero"": false, ""frame_l"": 50.1293, ""chi_bits"": 2, ""mps_l"": 20.1638, ""hsf_k"": 10, ""hsf_na"": 10, ""hsf_nb"": 11, ""hsf_l"": 25.1762, ""sup"": 2, ""chi_bits0"": 10, ""mps_l0"": 37.8784, ""hsf_keff"": 4, ""hsf_l0"": 31.1762, ""sparse_l"": 9.0553, ""sv_l"": 28.0553, ""feat_secs"": 0.005976, ""feat_secs_frame"": 0.000539, ""feat_secs_hsf"": 0.005351}"
arith,"arith:bits=10,h=1,reps=2",1,"{""bits"": 10.0, ""h"": 1.0, ""reps"": 2.0}",planp,ok,0.000655,0.0043,2342912,-0.5000000000000002,0,-0.5000000000000002,0.0,engine=sparse aborted=[] plan_secs=0.000626,"{""n"": 21, ""gates"": 133, ""g2"": 80, ""g3"": 40, ""depth2"": 102, ""t_count"": 280, ""rotations"": 280, ""d"": 21, ""dense_l"": 28.2669, ""redundant"": 259, ""obs_zero"": false, ""frame_l"": 50.1293, ""chi_bits"": 2, ""mps_l"": 20.1638, ""hsf_k"": 10, ""hsf_na"": 10, ""hsf_nb"": 11, ""hsf_l"": 25.1762, ""sup"": 2, ""chi_bits0"": 10, ""mps_l0"": 37.8784, ""hsf_keff"": 4, ""hsf_l0"": 31.1762, ""sparse_l"": 9.0553, ""sv_l"": 28.0553, ""feat_secs"": 0.005976, ""feat_secs_frame"": 0.000539, ""feat_secs_hsf"": 0.005351}"
arith,"arith:bits=10,h=1,reps=2",1,"{""bits"": 10.0, ""h"": 1.0, ""reps"": 2.0}",plan,ok,0.000668,0.0044,2375680,-0.5000000000000002,0,-0.5000000000000002,0.0,engine=sparse aborted=[] plan_secs=0.000636,"{""n"": 21, ""gates"": 133, ""g2"": 80, ""g3"": 40, ""depth2"": 102, ""t_count"": 280, ""rotations"": 280, ""d"": 21, ""dense_l"": 28.2669, ""redundant"": 259, ""obs_zero"": false, ""frame_l"": 50.1293, ""chi_bits"": 2, ""mps_l"": 20.1638, ""hsf_k"": 10, ""hsf_na"": 10, ""hsf_nb"": 11, ""hsf_l"": 25.1762, ""sup"": 2, ""chi_bits0"": 10, ""mps_l0"": 37.8784, ""hsf_keff"": 4, ""hsf_l0"": 31.1762, ""sparse_l"": 9.0553, ""sv_l"": 28.0553, ""feat_secs"": 0.005976, ""feat_secs_frame"": 0.000539, ""feat_secs_hsf"": 0.005351}"
arith,"arith:bits=10,h=2,reps=1",1,"{""bits"": 10.0, ""h"": 2.0, ""reps"": 1.0}",planx,ok,0.000393,0.0046,2310144,-0.2500000000000001,0,-0.2500000000000001,0.0,engine=sparse aborted=[] plan_secs=0.000351,"{""n"": 21, ""gates"": 74, ""g2"": 40, ""g3"": 20, ""depth2"": 51, ""t_count"": 140, ""rotations"": 140, ""d"": 21, ""dense_l"": 25.3942, ""redundant"": 119, ""obs_zero"": false, ""frame_l"": 49.1293, ""chi_bits"": 4, ""mps_l"": 24.8556, ""hsf_k"": 5, ""hsf_na"": 10, ""hsf_nb"": 11, ""hsf_l"": 23.1007, ""sup"": 4, ""chi_bits0"": 10, ""mps_l0"": 36.7453, ""hsf_keff"": 2, ""hsf_l0"": 26.1007, ""sparse_l"": 10.2095, ""sv_l"": 27.2095, ""feat_secs"": 0.004413, ""feat_secs_frame"": 0.000359, ""feat_secs_hsf"": 0.003992}"
arith,"arith:bits=10,h=2,reps=1",1,"{""bits"": 10.0, ""h"": 2.0, ""reps"": 1.0}",planp,ok,0.00041,0.0042,2342912,-0.2500000000000001,0,-0.2500000000000001,0.0,engine=sparse aborted=[] plan_secs=0.000365,"{""n"": 21, ""gates"": 74, ""g2"": 40, ""g3"": 20, ""depth2"": 51, ""t_count"": 140, ""rotations"": 140, ""d"": 21, ""dense_l"": 25.3942, ""redundant"": 119, ""obs_zero"": false, ""frame_l"": 49.1293, ""chi_bits"": 4, ""mps_l"": 24.8556, ""hsf_k"": 5, ""hsf_na"": 10, ""hsf_nb"": 11, ""hsf_l"": 23.1007, ""sup"": 4, ""chi_bits0"": 10, ""mps_l0"": 36.7453, ""hsf_keff"": 2, ""hsf_l0"": 26.1007, ""sparse_l"": 10.2095, ""sv_l"": 27.2095, ""feat_secs"": 0.004413, ""feat_secs_frame"": 0.000359, ""feat_secs_hsf"": 0.003992}"
arith,"arith:bits=10,h=2,reps=1",1,"{""bits"": 10.0, ""h"": 2.0, ""reps"": 1.0}",plan,ok,0.000546,0.0068,2326528,-0.2500000000000001,0,-0.2500000000000001,0.0,engine=sparse aborted=[] plan_secs=0.000500,"{""n"": 21, ""gates"": 74, ""g2"": 40, ""g3"": 20, ""depth2"": 51, ""t_count"": 140, ""rotations"": 140, ""d"": 21, ""dense_l"": 25.3942, ""redundant"": 119, ""obs_zero"": false, ""frame_l"": 49.1293, ""chi_bits"": 4, ""mps_l"": 24.8556, ""hsf_k"": 5, ""hsf_na"": 10, ""hsf_nb"": 11, ""hsf_l"": 23.1007, ""sup"": 4, ""chi_bits0"": 10, ""mps_l0"": 36.7453, ""hsf_keff"": 2, ""hsf_l0"": 26.1007, ""sparse_l"": 10.2095, ""sv_l"": 27.2095, ""feat_secs"": 0.004413, ""feat_secs_frame"": 0.000359, ""feat_secs_hsf"": 0.003992}"
arith,"arith:bits=10,h=2,reps=4",1,"{""bits"": 10.0, ""h"": 2.0, ""reps"": 4.0}",planx,ok,0.001395,0.0063,2506752,0.3750000000000001,0,0.3750000000000001,0.0,engine=sparse aborted=[] plan_secs=0.001212,"{""n"": 21, ""gates"": 254, ""g2"": 160, ""g3"": 80, ""depth2"": 204, ""t_count"": 560, ""rotations"": 560, ""d"": 21, ""dense_l"": 29.7847, ""redundant"": 539, ""obs_zero"": false, ""frame_l"": 51.1293, ""chi_bits"": 4, ""mps_l"": 26.6657, ""hsf_k"": 20, ""hsf_na"": 10, ""hsf_nb"": 11, ""hsf_l"": 29.3197, ""sup"": 4, ""chi_bits0"": 10, ""mps_l0"": 39.3971, ""hsf_keff"": 8, ""hsf_l0"": 41.3197, ""sparse_l"": 11.9887, ""sv_l"": 28.9887, ""feat_secs"": 0.007235, ""feat_secs_frame"": 0.001318, ""feat_secs_hsf"": 0.005735}"
arith,"arith:bits=10,h=2,reps=4",1,"{""bits"": 10.0, ""h"": 2.0, ""reps"": 4.0}",planp,ok,0.001317,0.0072,2473984,0.3750000000000001,0,0.3750000000000001,0.0,engine=sparse aborted=[] plan_secs=0.001206,"{""n"": 21, ""gates"": 254, ""g2"": 160, ""g3"": 80, ""depth2"": 204, ""t_count"": 560, ""rotations"": 560, ""d"": 21, ""dense_l"": 29.7847, ""redundant"": 539, ""obs_zero"": false, ""frame_l"": 51.1293, ""chi_bits"": 4, ""mps_l"": 26.6657, ""hsf_k"": 20, ""hsf_na"": 10, ""hsf_nb"": 11, ""hsf_l"": 29.3197, ""sup"": 4, ""chi_bits0"": 10, ""mps_l0"": 39.3971, ""hsf_keff"": 8, ""hsf_l0"": 41.3197, ""sparse_l"": 11.9887, ""sv_l"": 28.9887, ""feat_secs"": 0.007235, ""feat_secs_frame"": 0.001318, ""feat_secs_hsf"": 0.005735}"
arith,"arith:bits=10,h=2,reps=4",1,"{""bits"": 10.0, ""h"": 2.0, ""reps"": 4.0}",plan,ok,0.001282,0.0072,2523136,0.3750000000000001,0,0.3750000000000001,0.0,engine=sparse aborted=[] plan_secs=0.001179,"{""n"": 21, ""gates"": 254, ""g2"": 160, ""g3"": 80, ""depth2"": 204, ""t_count"": 560, ""rotations"": 560, ""d"": 21, ""dense_l"": 29.7847, ""redundant"": 539, ""obs_zero"": false, ""frame_l"": 51.1293, ""chi_bits"": 4, ""mps_l"": 26.6657, ""hsf_k"": 20, ""hsf_na"": 10, ""hsf_nb"": 11, ""hsf_l"": 29.3197, ""sup"": 4, ""chi_bits0"": 10, ""mps_l0"": 39.3971, ""hsf_keff"": 8, ""hsf_l0"": 41.3197, ""sparse_l"": 11.9887, ""sv_l"": 28.9887, ""feat_secs"": 0.007235, ""feat_secs_frame"": 0.001318, ""feat_secs_hsf"": 0.005735}"
arith,"arith:bits=10,h=4,reps=2",1,"{""bits"": 10.0, ""h"": 4.0, ""reps"": 2.0}",planx,ok,0.001207,0.0064,2523136,0.0,0,0.0,0.0,engine=sparse aborted=[] plan_secs=0.000696,"{""n"": 21, ""gates"": 135, ""g2"": 80, ""g3"": 40, ""depth2"": 102, ""t_count"": 280, ""rotations"": 280, ""d"": 21, ""dense_l"": 28.4521, ""redundant"": 259, ""obs_zero"": false, ""frame_l"": 50.1293, ""chi_bits"": 8, ""mps_l"": 35.3433, ""hsf_k"": 10, ""hsf_na"": 10, ""hsf_nb"": 11, ""hsf_l"": 25.1787, ""sup"": 8, ""chi_bits0"": 10, ""mps_l0"": 37.8784, ""hsf_keff"": 4, ""hsf_l0"": 31.1787, ""sparse_l"": 15.0768, ""sv_l"": 28.0768, ""feat_secs"": 0.00601, ""feat_secs_frame"": 0.000539, ""feat_secs_hsf"": 0.005378}"
arith,"arith:bits=10,h=4,reps=2",1,"{""bits"": 10.0, ""h"": 4.0, ""reps"": 2.0}",planp,ok,0.001184,0.0065,2523136,0.0,0,0.0,0.0,engine=sparse aborted=[] plan_secs=0.000623,"{""n"": 21, ""gates"": 135, ""g2"": 80, ""g3"": 40, ""depth2"": 102, ""t_count"": 280, ""rotations"": 280, ""d"": 21, ""dense_l"": 28.4521, ""redundant"": 259, ""obs_zero"": false, ""frame_l"": 50.1293, ""chi_bits"": 8, ""mps_l"": 35.3433, ""hsf_k"": 10, ""hsf_na"": 10, ""hsf_nb"": 11, ""hsf_l"": 25.1787, ""sup"": 8, ""chi_bits0"": 10, ""mps_l0"": 37.8784, ""hsf_keff"": 4, ""hsf_l0"": 31.1787, ""sparse_l"": 15.0768, ""sv_l"": 28.0768, ""feat_secs"": 0.00601, ""feat_secs_frame"": 0.000539, ""feat_secs_hsf"": 0.005378}"
arith,"arith:bits=10,h=4,reps=2",1,"{""bits"": 10.0, ""h"": 4.0, ""reps"": 2.0}",plan,ok,0.001166,0.0074,2539520,0.0,0,0.0,0.0,engine=sparse aborted=[] plan_secs=0.000657,"{""n"": 21, ""gates"": 135, ""g2"": 80, ""g3"": 40, ""depth2"": 102, ""t_count"": 280, ""rotations"": 280, ""d"": 21, ""dense_l"": 28.4521, ""redundant"": 259, ""obs_zero"": false, ""frame_l"": 50.1293, ""chi_bits"": 8, ""mps_l"": 35.3433, ""hsf_k"": 10, ""hsf_na"": 10, ""hsf_nb"": 11, ""hsf_l"": 25.1787, ""sup"": 8, ""chi_bits0"": 10, ""mps_l0"": 37.8784, ""hsf_keff"": 4, ""hsf_l0"": 31.1787, ""sparse_l"": 15.0768, ""sv_l"": 28.0768, ""feat_secs"": 0.00601, ""feat_secs_frame"": 0.000539, ""feat_secs_hsf"": 0.005378}"
arith,"arith:bits=10,h=6,reps=1",1,"{""bits"": 10.0, ""h"": 6.0, ""reps"": 1.0}",planx,ok,0.005052,0.0103,3211264,1.301042606982605e-18,0,1.301042606982605e-18,0.0,engine=sparse aborted=[] plan_secs=0.000769,"{""n"": 21, ""gates"": 76, ""g2"": 40, ""g3"": 20, ""depth2"": 51, ""t_count"": 140, ""rotations"": 140, ""d"": 21, ""dense_l"": 26.6269, ""redundant"": 119, ""obs_zero"": false, ""frame_l"": 49.1293, ""chi_bits"": 10, ""mps_l"": 36.7453, ""hsf_k"": 5, ""hsf_na"": 10, ""hsf_nb"": 11, ""hsf_l"": 25.1033, ""sup"": 12, ""chi_bits0"": 10, ""mps_l0"": 36.7453, ""hsf_keff"": 4, ""hsf_l0"": 26.1033, ""sparse_l"": 18.2479, ""sv_l"": 27.2479, ""feat_secs"": 0.004689, ""feat_secs_frame"": 0.000387, ""feat_secs_hsf"": 0.00424}"
arith,"arith:bits=10,h=6,reps=1",1,"{""bits"": 10.0, ""h"": 6.0, ""reps"": 1.0}",planp,ok,0.004998,0.0099,3244032,1.301042606982605e-18,0,1.301042606982605e-18,0.0,engine=sparse aborted=[] plan_secs=0.000764,"{""n"": 21, ""gates"": 76, ""g2"": 40, ""g3"": 20, ""depth2"": 51, ""t_count"": 140, ""rotations"": 140, ""d"": 21, ""dense_l"": 26.6269, ""redundant"": 119, ""obs_zero"": false, ""frame_l"": 49.1293, ""chi_bits"": 10, ""mps_l"": 36.7453, ""hsf_k"": 5, ""hsf_na"": 10, ""hsf_nb"": 11, ""hsf_l"": 25.1033, ""sup"": 12, ""chi_bits0"": 10, ""mps_l0"": 36.7453, ""hsf_keff"": 4, ""hsf_l0"": 26.1033, ""sparse_l"": 18.2479, ""sv_l"": 27.2479, ""feat_secs"": 0.004689, ""feat_secs_frame"": 0.000387, ""feat_secs_hsf"": 0.00424}"
arith,"arith:bits=10,h=6,reps=1",1,"{""bits"": 10.0, ""h"": 6.0, ""reps"": 1.0}",plan,ok,0.004878,0.0103,3194880,1.301042606982605e-18,0,1.301042606982605e-18,0.0,engine=sparse aborted=[] plan_secs=0.000747,"{""n"": 21, ""gates"": 76, ""g2"": 40, ""g3"": 20, ""depth2"": 51, ""t_count"": 140, ""rotations"": 140, ""d"": 21, ""dense_l"": 26.6269, ""redundant"": 119, ""obs_zero"": false, ""frame_l"": 49.1293, ""chi_bits"": 10, ""mps_l"": 36.7453, ""hsf_k"": 5, ""hsf_na"": 10, ""hsf_nb"": 11, ""hsf_l"": 25.1033, ""sup"": 12, ""chi_bits0"": 10, ""mps_l0"": 36.7453, ""hsf_keff"": 4, ""hsf_l0"": 26.1033, ""sparse_l"": 18.2479, ""sv_l"": 27.2479, ""feat_secs"": 0.004689, ""feat_secs_frame"": 0.000387, ""feat_secs_hsf"": 0.00424}"
arith,"arith:bits=10,h=6,reps=4",1,"{""bits"": 10.0, ""h"": 6.0, ""reps"": 4.0}",planx,ok,0.025298,0.0294,3522560,-0.0048828125,0,-0.0048828125,0.0,engine=sparse aborted=[] plan_secs=0.008731,"{""n"": 21, ""gates"": 256, ""g2"": 160, ""g3"": 80, ""depth2"": 204, ""t_count"": 560, ""rotations"": 560, ""d"": 21, ""dense_l"": 29.8747, ""redundant"": 539, ""obs_zero"": false, ""frame_l"": 51.1293, ""chi_bits"": 10, ""mps_l"": 39.3971, ""hsf_k"": 20, ""hsf_na"": 10, ""hsf_nb"": 11, ""hsf_l"": 33.3219, ""sup"": 12, ""chi_bits0"": 10, ""mps_l0"": 39.3971, ""hsf_keff"": 12, ""hsf_l0"": 41.3219, ""sparse_l"": 20.0, ""sv_l"": 29.0, ""feat_secs"": 0.006825, ""feat_secs_frame"": 0.001083, ""feat_secs_hsf"": 0.005584}"
arith,"arith:bits=10,h=6,reps=4",1,"{""bits"": 10.0, ""h"": 6.0, ""reps"": 4.0}",planp,ok,0.026947,0.0329,4308992,-0.0048828125,0,-0.0048828125,0.0,engine=sparse aborted=[] plan_secs=0.010704,"{""n"": 21, ""gates"": 256, ""g2"": 160, ""g3"": 80, ""depth2"": 204, ""t_count"": 560, ""rotations"": 560, ""d"": 21, ""dense_l"": 29.8747, ""redundant"": 539, ""obs_zero"": false, ""frame_l"": 51.1293, ""chi_bits"": 10, ""mps_l"": 39.3971, ""hsf_k"": 20, ""hsf_na"": 10, ""hsf_nb"": 11, ""hsf_l"": 33.3219, ""sup"": 12, ""chi_bits0"": 10, ""mps_l0"": 39.3971, ""hsf_keff"": 12, ""hsf_l0"": 41.3219, ""sparse_l"": 20.0, ""sv_l"": 29.0, ""feat_secs"": 0.006825, ""feat_secs_frame"": 0.001083, ""feat_secs_hsf"": 0.005584}"
arith,"arith:bits=10,h=6,reps=4",1,"{""bits"": 10.0, ""h"": 6.0, ""reps"": 4.0}",plan,ok,0.024933,0.0311,3538944,-0.0048828125,0,-0.0048828125,0.0,engine=sparse aborted=[] plan_secs=0.008165,"{""n"": 21, ""gates"": 256, ""g2"": 160, ""g3"": 80, ""depth2"": 204, ""t_count"": 560, ""rotations"": 560, ""d"": 21, ""dense_l"": 29.8747, ""redundant"": 539, ""obs_zero"": false, ""frame_l"": 51.1293, ""chi_bits"": 10, ""mps_l"": 39.3971, ""hsf_k"": 20, ""hsf_na"": 10, ""hsf_nb"": 11, ""hsf_l"": 33.3219, ""sup"": 12, ""chi_bits0"": 10, ""mps_l0"": 39.3971, ""hsf_keff"": 12, ""hsf_l0"": 41.3219, ""sparse_l"": 20.0, ""sv_l"": 29.0, ""feat_secs"": 0.006825, ""feat_secs_frame"": 0.001083, ""feat_secs_hsf"": 0.005584}"
arith,"arith:bits=12,h=0,reps=2",1,"{""bits"": 12.0, ""h"": 0.0, ""reps"": 2.0}",planx,ok,0.000784,0.0066,2326528,-1.0,0,-1.0,0.0,engine=sparse aborted=[] plan_secs=0.000763,"{""n"": 25, ""gates"": 157, ""g2"": 96, ""g3"": 48, ""depth2"": 122, ""t_count"": 336, ""rotations"": 336, ""d"": 23, ""dense_l"": 30.5078, ""redundant"": 313, ""obs_zero"": false, ""frame_l"": 54.3923, ""chi_bits"": 0, ""mps_l"": 14.81, ""hsf_k"": 10, ""hsf_na"": 12, ""hsf_nb"": 13, ""hsf_l"": 29.0543, ""sup"": 0, ""chi_bits0"": 12, ""mps_l0"": 43.6178, ""hsf_keff"": 4, ""hsf_l0"": 35.0543, ""sparse_l"": 7.2946, ""sv_l"": 32.2946, ""feat_secs"": 0.010617, ""feat_secs_frame"": 0.000665, ""feat_secs_hsf"": 0.009853}"
arith,"arith:bits=12,h=0,reps=2",1,"{""bits"": 12.0, ""h"": 0.0, ""reps"": 2.0}",planp,ok,0.000813,0.0063,2326528,-1.0,0,-1.0,0.0,engine=sparse aborted=[] plan_secs=0.000791,"{""n"": 25, ""gates"": 157, ""g2"": 96, ""g3"": 48, ""depth2"": 122, ""t_count"": 336, ""rotations"": 336, ""d"": 23, ""dense_l"": 30.5078, ""redundant"": 313, ""obs_zero"": false, ""frame_l"": 54.3923, ""chi_bits"": 0, ""mps_l"": 14.81, ""hsf_k"": 10, ""hsf_na"": 12, ""hsf_nb"": 13, ""hsf_l"": 29.0543, ""sup"": 0, ""chi_bits0"": 12, ""mps_l0"": 43.6178, ""hsf_keff"": 4, ""hsf_l0"": 35.0543, ""sparse_l"": 7.2946, ""sv_l"": 32.2946, ""feat_secs"": 0.010617, ""feat_secs_frame"": 0.000665, ""feat_secs_hsf"": 0.009853}"
arith,"arith:bits=12,h=0,reps=2",1,"{""bits"": 12.0, ""h"": 0.0, ""reps"": 2.0}",plan,ok,0.000804,0.0043,2342912,-1.0,0,-1.0,0.0,engine=sparse aborted=[] plan_secs=0.000774,"{""n"": 25, ""gates"": 157, ""g2"": 96, ""g3"": 48, ""depth2"": 122, ""t_count"": 336, ""rotations"": 336, ""d"": 23, ""dense_l"": 30.5078, ""redundant"": 313, ""obs_zero"": false, ""frame_l"": 54.3923, ""chi_bits"": 0, ""mps_l"": 14.81, ""hsf_k"": 10, ""hsf_na"": 12, ""hsf_nb"": 13, ""hsf_l"": 29.0543, ""sup"": 0, ""chi_bits0"": 12, ""mps_l0"": 43.6178, ""hsf_keff"": 4, ""hsf_l0"": 35.0543, ""sparse_l"": 7.2946, ""sv_l"": 32.2946, ""feat_secs"": 0.010617, ""feat_secs_frame"": 0.000665, ""feat_secs_hsf"": 0.009853}"
arith,"arith:bits=12,h=1,reps=1",1,"{""bits"": 12.0, ""h"": 1.0, ""reps"": 1.0}",planx,ok,0.000507,0.0075,2260992,0.0,0,0.0,0.0,engine=sparse aborted=[] plan_secs=0.000485,"{""n"": 25, ""gates"": 87, ""g2"": 48, ""g3"": 24, ""depth2"": 61, ""t_count"": 168, ""rotations"": 168, ""d"": 25, ""dense_l"": 28.8077, ""redundant"": 143, ""obs_zero"": false, ""frame_l"": 57.3923, ""chi_bits"": 2, ""mps_l"": 19.9742, ""hsf_k"": 5, ""hsf_na"": 12, ""hsf_nb"": 13, ""hsf_l"": 27.0303, ""sup"": 2, ""chi_bits0"": 12, ""mps_l0"": 42.0962, ""hsf_keff"": 2, ""hsf_l0"": 30.0303, ""sparse_l"": 8.4429, ""sv_l"": 31.4429, ""feat_secs"": 0.008491, ""feat_secs_frame"": 0.000364, ""feat_secs_hsf"": 0.008047}"
arith,"arith:bits=12,h=1,reps=1",1,"{""bits"": 12.0, ""h"": 1.0, ""reps"": 1.0}",planp,ok,0.000501,0.0043,2260992,0.0,0,0.0,0.0,engine=sparse aborted=[] plan_secs=0.000477,"{""n"": 25, ""gates"": 87, ""g2"": 48, ""g3"": 24, ""depth2"": 61, ""t_count"": 168, ""rotations"": 168, ""d"": 25, ""dense_l"": 28.8077, ""redundant"": 143, ""obs_zero"": false, ""frame_l"": 57.3923, ""chi_bits"": 2, ""mps_l"": 19.9742, ""hsf_k"": 5, ""hsf_na"": 12, ""hsf_nb"": 13, ""hsf_l"": 27.0303, ""sup"": 2, ""chi_bits0"": 12, ""mps_l0"": 42.0962, ""hsf_keff"": 2, ""hsf_l0"": 30.0303, ""sparse_l"": 8.4429, ""sv_l"": 31.4429, ""feat_secs"": 0.008491, ""feat_secs_frame"": 0.000364, ""feat_secs_hsf"": 0.008047}"
arith,"arith:bits=12,h=1,reps=1",1,"{""bits"": 12.0, ""h"": 1.0, ""reps"": 1.0}",plan,ok,0.000457,0.0045,2244608,0.0,0,0.0,0.0,engine=sparse aborted=[] plan_secs=0.000433,"{""n"": 25, ""gates"": 87, ""g2"": 48, ""g3"": 24, ""depth2"": 61, ""t_count"": 168, ""rotations"": 168, ""d"": 25, ""dense_l"": 28.8077, ""redundant"": 143, ""obs_zero"": false, ""frame_l"": 57.3923, ""chi_bits"": 2, ""mps_l"": 19.9742, ""hsf_k"": 5, ""hsf_na"": 12, ""hsf_nb"": 13, ""hsf_l"": 27.0303, ""sup"": 2, ""chi_bits0"": 12, ""mps_l0"": 42.0962, ""hsf_keff"": 2, ""hsf_l0"": 30.0303, ""sparse_l"": 8.4429, ""sv_l"": 31.4429, ""feat_secs"": 0.008491, ""feat_secs_frame"": 0.000364, ""feat_secs_hsf"": 0.008047}"
arith,"arith:bits=12,h=1,reps=4",1,"{""bits"": 12.0, ""h"": 1.0, ""reps"": 4.0}",planx,ok,0.001479,0.0064,2523136,0.0,0,0.0,0.0,engine=sparse aborted=[] plan_secs=0.001430,"{""n"": 25, ""gates"": 303, ""g2"": 192, ""g3"": 96, ""depth2"": 244, ""t_count"": 672, ""rotations"": 672, ""d"": 25, ""dense_l"": 34.0168, ""redundant"": 647, ""obs_zero"": false, ""frame_l"": 59.3923, ""chi_bits"": 2, ""mps_l"": 21.5219, ""hsf_k"": 20, ""hsf_na"": 12, ""hsf_nb"": 13, ""hsf_l"": 33.103, ""sup"": 2, ""chi_bits0"": 12, ""mps_l0"": 45.3113, ""hsf_keff"": 8, ""hsf_l0"": 45.103, ""sparse_l"": 10.2432, ""sv_l"": 33.2432, ""feat_secs"": 0.011529, ""feat_secs_frame"": 0.001334, ""feat_secs_hsf"": 0.010005}"
arith,"arith:bits=12,h=1,reps=4",1,"{""bits"": 12.0, ""h"": 1.0, ""reps"": 4.0}",planp,ok,0.001481,0.0062,2506752,0.0,0,0.0,0.0,engine=sparse aborted=[] plan_secs=0.001433,"{""n"": 25, ""gates"": 303, ""g2"": 192, ""g3"": 96, ""depth2"": 244, ""t_count"": 672, ""rotations"": 672, ""d"": 25, ""dense_l"": 34.0168, ""redundant"": 647, ""obs_zero"": false, ""frame_l"": 59.3923, ""chi_bits"": 2, ""mps_l"": 21.5219, ""hsf_k"": 20, ""hsf_na"": 12, ""hsf_nb"": 13, ""hsf_l"": 33.103, ""sup"": 2, ""chi_bits0"": 12, ""mps_l0"": 45.3113, ""hsf_keff"": 8, ""hsf_l0"": 45.103, ""sparse_l"": 10.2432, ""sv_l"": 33.2432, ""feat_secs"": 0.011529, ""feat_secs_frame"": 0.001334, ""feat_secs_hsf"": 0.010005}"
arith,"arith:bits=12,h=1,reps=4",1,"{""bits"": 12.0, ""h"": 1.0, ""reps"": 4.0}",plan,ok,0.00149,0.0067,2523136,0.0,0,0.0,0.0,engine=sparse aborted=[] plan_secs=0.001437,"{""n"": 25, ""gates"": 303, ""g2"": 192, ""g3"": 96, ""depth2"": 244, ""t_count"": 672, ""rotations"": 672, ""d"": 25, ""dense_l"": 34.0168, ""redundant"": 647, ""obs_zero"": false, ""frame_l"": 59.3923, ""chi_bits"": 2, ""mps_l"": 21.5219, ""hsf_k"": 20, ""hsf_na"": 12, ""hsf_nb"": 13, ""hsf_l"": 33.103, ""sup"": 2, ""chi_bits0"": 12, ""mps_l0"": 45.3113, ""hsf_keff"": 8, ""hsf_l0"": 45.103, ""sparse_l"": 10.2432, ""sv_l"": 33.2432, ""feat_secs"": 0.011529, ""feat_secs_frame"": 0.001334, ""feat_secs_hsf"": 0.010005}"
arith,"arith:bits=12,h=2,reps=2",1,"{""bits"": 12.0, ""h"": 2.0, ""reps"": 2.0}",planx,ok,0.000842,0.0067,2424832,0.5000000000000001,0,0.5000000000000001,0.0,engine=sparse aborted=[] plan_secs=0.000772,"{""n"": 25, ""gates"": 160, ""g2"": 96, ""g3"": 48, ""depth2"": 122, ""t_count"": 336, ""rotations"": 336, ""d"": 25, ""dense_l"": 32.5623, ""redundant"": 311, ""obs_zero"": false, ""frame_l"": 58.3923, ""chi_bits"": 4, ""mps_l"": 25.8834, ""hsf_k"": 10, ""hsf_na"": 12, ""hsf_nb"": 13, ""hsf_l"": 29.0553, ""sup"": 4, ""chi_bits0"": 12, ""mps_l0"": 43.6178, ""hsf_keff"": 4, ""hsf_l0"": 35.0553, ""sparse_l"": 11.3219, ""sv_l"": 32.3219, ""feat_secs"": 0.011528, ""feat_secs_frame"": 0.000787, ""feat_secs_hsf"": 0.010619}"
arith,"arith:bits=12,h=2,reps=2",1,"{""bits"": 12.0, ""h"": 2.0, ""reps"": 2.0}",planp,ok,0.000889,0.0062,2424832,0.5000000000000001,0,0.5000000000000001,0.0,engine=sparse aborted=[] plan_secs=0.000812,"{""n"": 25, ""gates"": 160, ""g2"": 96, ""g3"": 48, ""depth2"": 122, ""t_count"": 336, ""rotations"": 336, ""d"": 25, ""dense_l"": 32.5623, ""redundant"": 311, ""obs_zero"": false, ""frame_l"": 58.3923, ""chi_bits"": 4, ""mps_l"": 25.8834, ""hsf_k"": 10, ""hsf_na"": 12, ""hsf_nb"": 13, ""hsf_l"": 29.0553, ""sup"": 4, ""chi_bits0"": 12, ""mps_l0"": 43.6178, ""hsf_keff"": 4, ""hsf_l0"": 35.0553, ""sparse_l"": 11.3219, ""sv_l"": 32.3219, ""feat_secs"": 0.011528, ""feat_secs_frame"": 0.000787, ""feat_secs_hsf"": 0.010619}"
arith,"arith:bits=12,h=2,reps=2",1,"{""bits"": 12.0, ""h"": 2.0, ""reps"": 2.0}",plan,ok,0.000834,0.0067,2408448,0.5000000000000001,0,0.5000000000000001,0.0,engine=sparse aborted=[] plan_secs=0.000760,"{""n"": 25, ""gates"": 160, ""g2"": 96, ""g3"": 48, ""depth2"": 122, ""t_count"": 336, ""rotations"": 336, ""d"": 25, ""dense_l"": 32.5623, ""redundant"": 311, ""obs_zero"": false, ""frame_l"": 58.3923, ""chi_bits"": 4, ""mps_l"": 25.8834, ""hsf_k"": 10, ""hsf_na"": 12, ""hsf_nb"": 13, ""hsf_l"": 29.0553, ""sup"": 4, ""chi_bits0"": 12, ""mps_l0"": 43.6178, ""hsf_keff"": 4, ""hsf_l0"": 35.0553, ""sparse_l"": 11.3219, ""sv_l"": 32.3219, ""feat_secs"": 0.011528, ""feat_secs_frame"": 0.000787, ""feat_secs_hsf"": 0.010619}"
arith,"arith:bits=12,h=4,reps=1",1,"{""bits"": 12.0, ""h"": 4.0, ""reps"": 1.0}",planx,ok,0.000714,0.0044,2441216,-0.06250000000000001,0,-0.06250000000000001,0.0,engine=sparse aborted=[] plan_secs=0.000423,"{""n"": 25, ""gates"": 90, ""g2"": 48, ""g3"": 24, ""depth2"": 61, ""t_count"": 168, ""rotations"": 168, ""d"": 25, ""dense_l"": 30.1304, ""redundant"": 143, ""obs_zero"": false, ""frame_l"": 57.3923, ""chi_bits"": 8, ""mps_l"": 35.1142, ""hsf_k"": 5, ""hsf_na"": 12, ""hsf_nb"": 13, ""hsf_l"": 27.0314, ""sup"": 8, ""chi_bits0"": 12, ""mps_l0"": 42.0962, ""hsf_keff"": 2, ""hsf_l0"": 30.0314, ""sparse_l"": 14.4919, ""sv_l"": 31.4919, ""feat_secs"": 0.008022, ""feat_secs_frame"": 0.000368, ""feat_secs_hsf"": 0.007587}"
arith,"arith:bits=12,h=4,reps=1",1,"{""bits"": 12.0, ""h"": 4.0, ""reps"": 1.0}",planp,ok,0.000754,0.0069,2457600,-0.06250000000000001,0,-0.06250000000000001,0.0,engine=sparse aborted=[] plan_secs=0.000450,"{""n"": 25, ""gates"": 90, ""g2"": 48, ""g3"": 24, ""depth2"": 61, ""t_count"": 168, ""rotations"": 168, ""d"": 25, ""dense_l"": 30.1304, ""redundant"": 143, ""obs_zero"": false, ""frame_l"": 57.3923, ""chi_bits"": 8, ""mps_l"": 35.1142, ""hsf_k"": 5, ""hsf_na"": 12, ""hsf_nb"": 13, ""hsf_l"": 27.0314, ""sup"": 8, ""chi_bits0"": 12, ""mps_l0"": 42.0962, ""hsf_keff"": 2, ""hsf_l0"": 30.0314, ""sparse_l"": 14.4919, ""sv_l"": 31.4919, ""feat_secs"": 0.008022, ""feat_secs_frame"": 0.000368, ""feat_secs_hsf"": 0.007587}"
arith,"arith:bits=12,h=4,reps=1",1,"{""bits"": 12.0, ""h"": 4.0, ""reps"": 1.0}",plan,ok,0.000738,0.0046,2441216,-0.06250000000000001,0,-0.06250000000000001,0.0,engine=sparse aborted=[] plan_secs=0.000434,"{""n"": 25, ""gates"": 90, ""g2"": 48, ""g3"": 24, ""depth2"": 61, ""t_count"": 168, ""rotations"": 168, ""d"": 25, ""dense_l"": 30.1304, ""redundant"": 143, ""obs_zero"": false, ""frame_l"": 57.3923, ""chi_bits"": 8, ""mps_l"": 35.1142, ""hsf_k"": 5, ""hsf_na"": 12, ""hsf_nb"": 13, ""hsf_l"": 27.0314, ""sup"": 8, ""chi_bits0"": 12, ""mps_l0"": 42.0962, ""hsf_keff"": 2, ""hsf_l0"": 30.0314, ""sparse_l"": 14.4919, ""sv_l"": 31.4919, ""feat_secs"": 0.008022, ""feat_secs_frame"": 0.000368, ""feat_secs_hsf"": 0.007587}"
arith,"arith:bits=12,h=4,reps=4",1,"{""bits"": 12.0, ""h"": 4.0, ""reps"": 4.0}",planx,ok,0.004872,0.0101,2785280,0.02343750000000001,0,0.02343750000000001,0.0,engine=sparse aborted=[] plan_secs=0.003607,"{""n"": 25, ""gates"": 306, ""g2"": 192, ""g3"": 96, ""depth2"": 244, ""t_count"": 672, ""rotations"": 672, ""d"": 25, ""dense_l"": 34.0742, ""redundant"": 647, ""obs_zero"": false, ""frame_l"": 59.3923, ""chi_bits"": 8, ""mps_l"": 37.8474, ""hsf_k"": 20, ""hsf_na"": 12, ""hsf_nb"": 13, ""hsf_l"": 33.1039, ""sup"": 8, ""chi_bits0"": 12, ""mps_l0"": 45.3113, ""hsf_keff"": 8, ""hsf_l0"": 45.1039, ""sparse_l"": 16.2574, ""sv_l"": 33.2574, ""feat_secs"": 0.012046, ""feat_secs_frame"": 0.001233, ""feat_secs_hsf"": 0.010624}"
arith,"arith:bits=12,h=4,reps=4",1,"{""bits"": 12.0, ""h"": 4.0, ""reps"": 4.0}",planp,ok,0.004781,0.0105,2752512,0.02343750000000001,0,0.02343750000000001,0.0,engine=sparse aborted=[] plan_secs=0.003552,"{""n"": 25, ""gates"": 306, ""g2"": 192, ""g3"": 96, ""depth2"": 244, ""t_count"": 672, ""rotations"": 672, ""d"": 25, ""dense_l"": 34.0742, ""redundant"": 647, ""obs_zero"": false, ""frame_l"": 59.3923, ""chi_bits"": 8, ""mps_l"": 37.8474, ""hsf_k"": 20, ""hsf_na"": 12, ""hsf_nb"": 13, ""hsf_l"": 33.1039, ""sup"": 8, ""chi_bits0"": 12, ""mps_l0"": 45.3113, ""hsf_keff"": 8, ""hsf_l0"": 45.1039, ""sparse_l"": 16.2574, ""sv_l"": 33.2574, ""feat_secs"": 0.012046, ""feat_secs_frame"": 0.001233, ""feat_secs_hsf"": 0.010624}"
arith,"arith:bits=12,h=4,reps=4",1,"{""bits"": 12.0, ""h"": 4.0, ""reps"": 4.0}",plan,ok,0.00476,0.0101,2736128,0.02343750000000001,0,0.02343750000000001,0.0,engine=sparse aborted=[] plan_secs=0.003528,"{""n"": 25, ""gates"": 306, ""g2"": 192, ""g3"": 96, ""depth2"": 244, ""t_count"": 672, ""rotations"": 672, ""d"": 25, ""dense_l"": 34.0742, ""redundant"": 647, ""obs_zero"": false, ""frame_l"": 59.3923, ""chi_bits"": 8, ""mps_l"": 37.8474, ""hsf_k"": 20, ""hsf_na"": 12, ""hsf_nb"": 13, ""hsf_l"": 33.1039, ""sup"": 8, ""chi_bits0"": 12, ""mps_l0"": 45.3113, ""hsf_keff"": 8, ""hsf_l0"": 45.1039, ""sparse_l"": 16.2574, ""sv_l"": 33.2574, ""feat_secs"": 0.012046, ""feat_secs_frame"": 0.001233, ""feat_secs_hsf"": 0.010624}"
arith,"arith:bits=12,h=6,reps=2",1,"{""bits"": 12.0, ""h"": 6.0, ""reps"": 2.0}",planx,ok,0.021219,0.0260,3670016,-4.336808689942018e-19,0,-4.336808689942018e-19,0.0,engine=sparse aborted=[] plan_secs=0.012066,"{""n"": 25, ""gates"": 163, ""g2"": 96, ""g3"": 48, ""depth2"": 122, ""t_count"": 336, ""rotations"": 336, ""d"": 25, ""dense_l"": 32.7623, ""redundant"": 311, ""obs_zero"": false, ""frame_l"": 58.3923, ""chi_bits"": 12, ""mps_l"": 43.6178, ""hsf_k"": 10, ""hsf_na"": 12, ""hsf_nb"": 13, ""hsf_l"": 29.0563, ""sup"": 12, ""chi_bits0"": 12, ""mps_l0"": 43.6178, ""hsf_keff"": 4, ""hsf_l0"": 35.0563, ""sparse_l"": 19.3487, ""sv_l"": 32.3487, ""feat_secs"": 0.010878, ""feat_secs_frame"": 0.000668, ""feat_secs_hsf"": 0.010108}"
arith,"arith:bits=12,h=6,reps=2",1,"{""bits"": 12.0, ""h"": 6.0, ""reps"": 2.0}",planp,ok,0.020578,0.0267,3686400,-4.336808689942018e-19,0,-4.336808689942018e-19,0.0,engine=sparse aborted=[] plan_secs=0.011601,"{""n"": 25, ""gates"": 163, ""g2"": 96, ""g3"": 48, ""depth2"": 122, ""t_count"": 336, ""rotations"": 336, ""d"": 25, ""dense_l"": 32.7623, ""redundant"": 311, ""obs_zero"": false, ""frame_l"": 58.3923, ""chi_bits"": 12, ""mps_l"": 43.6178, ""hsf_k"": 10, ""hsf_na"": 12, ""hsf_nb"": 13, ""hsf_l"": 29.0563, ""sup"": 12, ""chi_bits0"": 12, ""mps_l0"": 43.6178, ""hsf_keff"": 4, ""hsf_l0"": 35.0563, ""sparse_l"": 19.3487, ""sv_l"": 32.3487, ""feat_secs"": 0.010878, ""feat_secs_frame"": 0.000668, ""feat_secs_hsf"": 0.010108}"
arith,"arith:bits=12,h=6,reps=2",1,"{""bits"": 12.0, ""h"": 6.0, ""reps"": 2.0}",plan,ok,0.021197,0.0278,3637248,-4.336808689942018e-19,0,-4.336808689942018e-19,0.0,engine=sparse aborted=[] plan_secs=0.011958,"{""n"": 25, ""gates"": 163, ""g2"": 96, ""g3"": 48, ""depth2"": 122, ""t_count"": 336, ""rotations"": 336, ""d"": 25, ""dense_l"": 32.7623, ""redundant"": 311, ""obs_zero"": false, ""frame_l"": 58.3923, ""chi_bits"": 12, ""mps_l"": 43.6178, ""hsf_k"": 10, ""hsf_na"": 12, ""hsf_nb"": 13, ""hsf_l"": 29.0563, ""sup"": 12, ""chi_bits0"": 12, ""mps_l0"": 43.6178, ""hsf_keff"": 4, ""hsf_l0"": 35.0563, ""sparse_l"": 19.3487, ""sv_l"": 32.3487, ""feat_secs"": 0.010878, ""feat_secs_frame"": 0.000668, ""feat_secs_hsf"": 0.010108}"
brick,"brick:n=12,D=1,nn=1",1,"{""n"": 12.0, ""D"": 1.0, ""nn"": 1.0}",planx,ok,0.000124,0.0043,2195456,6.484796492377655e-07,0,6.484796492377655e-07,0.0,engine=sv aborted=[] plan_secs=0.000000,"{""n"": 12, ""gates"": 30, ""g2"": 6, ""g3"": 0, ""depth2"": 1, ""t_count"": 0, ""rotations"": 72, ""d"": 12, ""dense_l"": 17.3575, ""redundant"": 60, ""obs_zero"": false, ""frame_l"": 30.1699, ""chi_bits"": 1, ""mps_l"": 6.7549, ""hsf_k"": 0, ""hsf_na"": 6, ""hsf_nb"": 6, ""hsf_l"": 12.5546, ""sup"": 12, ""chi_bits0"": 1, ""mps_l0"": 6.7549, ""hsf_keff"": 0, ""hsf_l0"": 12.5546, ""sparse_l"": 16.9069, ""sv_l"": 16.9069, ""feat_secs"": 0.000558, ""feat_secs_frame"": 0.000131, ""feat_secs_hsf"": 0.000396}"
brick,"brick:n=12,D=1,nn=1",1,"{""n"": 12.0, ""D"": 1.0, ""nn"": 1.0}",planp,ok,0.000132,0.0042,2195456,6.484796492377655e-07,0,6.484796492377655e-07,0.0,engine=sv aborted=[] plan_secs=0.000000,"{""n"": 12, ""gates"": 30, ""g2"": 6, ""g3"": 0, ""depth2"": 1, ""t_count"": 0, ""rotations"": 72, ""d"": 12, ""dense_l"": 17.3575, ""redundant"": 60, ""obs_zero"": false, ""frame_l"": 30.1699, ""chi_bits"": 1, ""mps_l"": 6.7549, ""hsf_k"": 0, ""hsf_na"": 6, ""hsf_nb"": 6, ""hsf_l"": 12.5546, ""sup"": 12, ""chi_bits0"": 1, ""mps_l0"": 6.7549, ""hsf_keff"": 0, ""hsf_l0"": 12.5546, ""sparse_l"": 16.9069, ""sv_l"": 16.9069, ""feat_secs"": 0.000558, ""feat_secs_frame"": 0.000131, ""feat_secs_hsf"": 0.000396}"
brick,"brick:n=12,D=1,nn=1",1,"{""n"": 12.0, ""D"": 1.0, ""nn"": 1.0}",plan,ok,0.000169,0.0045,2228224,6.484796492377655e-07,0,6.484796492377655e-07,0.0,engine=sv aborted=[] plan_secs=0.000000,"{""n"": 12, ""gates"": 30, ""g2"": 6, ""g3"": 0, ""depth2"": 1, ""t_count"": 0, ""rotations"": 72, ""d"": 12, ""dense_l"": 17.3575, ""redundant"": 60, ""obs_zero"": false, ""frame_l"": 30.1699, ""chi_bits"": 1, ""mps_l"": 6.7549, ""hsf_k"": 0, ""hsf_na"": 6, ""hsf_nb"": 6, ""hsf_l"": 12.5546, ""sup"": 12, ""chi_bits0"": 1, ""mps_l0"": 6.7549, ""hsf_keff"": 0, ""hsf_l0"": 12.5546, ""sparse_l"": 16.9069, ""sv_l"": 16.9069, ""feat_secs"": 0.000558, ""feat_secs_frame"": 0.000131, ""feat_secs_hsf"": 0.000396}"
brick,"brick:n=12,D=3,nn=1",1,"{""n"": 12.0, ""D"": 3.0, ""nn"": 1.0}",planx,ok,0.000208,0.0044,2293760,0.001292291942351264,0,0.001292291942351264,0.0,engine=sv aborted=[] plan_secs=0.000000,"{""n"": 12, ""gates"": 65, ""g2"": 17, ""g3"": 0, ""depth2"": 3, ""t_count"": 0, ""rotations"": 144, ""d"": 12, ""dense_l"": 18.8202, ""redundant"": 132, ""obs_zero"": false, ""frame_l"": 31.1699, ""chi_bits"": 2, ""mps_l"": 9.2574, ""hsf_k"": 1, ""hsf_na"": 6, ""hsf_nb"": 6, ""hsf_l"": 14.0112, ""sup"": 12, ""chi_bits0"": 2, ""mps_l0"": 9.2574, ""hsf_keff"": 1, ""hsf_l0"": 14.0112, ""sparse_l"": 18.0224, ""sv_l"": 18.0224, ""feat_secs"": 0.000929, ""feat_secs_frame"": 0.000225, ""feat_secs_hsf"": 0.00066}"
brick,"brick:n=12,D=3,nn=1",1,"{""n"": 12.0, ""D"": 3.0, ""nn"": 1.0}",planp,ok,0.000207,0.0045,2293760,0.001292291942351264,0,0.001292291942351264,0.0,engine=sv aborted=[] plan_secs=0.000000,"{""n"": 12, ""gates"": 65, ""g2"": 17, ""g3"": 0, ""depth2"": 3, ""t_count"": 0, ""rotations"": 144, ""d"": 12, ""dense_l"": 18.8202, ""redundant"": 132, ""obs_zero"": false, ""frame_l"": 31.1699, ""chi_bits"": 2, ""mps_l"": 9.2574, ""hsf_k"": 1, ""hsf_na"": 6, ""hsf_nb"": 6, ""hsf_l"": 14.0112, ""sup"": 12, ""chi_bits0"": 2, ""mps_l0"": 9.2574, ""hsf_keff"": 1, ""hsf_l0"": 14.0112, ""sparse_l"": 18.0224, ""sv_l"": 18.0224, ""feat_secs"": 0.000929, ""feat_secs_frame"": 0.000225, ""feat_secs_hsf"": 0.00066}"
brick,"brick:n=12,D=3,nn=1",1,"{""n"": 12.0, ""D"": 3.0, ""nn"": 1.0}",plan,ok,0.000205,0.0061,2293760,0.001292291942351264,0,0.001292291942351264,0.0,engine=sv aborted=[] plan_secs=0.000000,"{""n"": 12, ""gates"": 65, ""g2"": 17, ""g3"": 0, ""depth2"": 3, ""t_count"": 0, ""rotations"": 144, ""d"": 12, ""dense_l"": 18.8202, ""redundant"": 132, ""obs_zero"": false, ""frame_l"": 31.1699, ""chi_bits"": 2, ""mps_l"": 9.2574, ""hsf_k"": 1, ""hsf_na"": 6, ""hsf_nb"": 6, ""hsf_l"": 14.0112, ""sup"": 12, ""chi_bits0"": 2, ""mps_l0"": 9.2574, ""hsf_keff"": 1, ""hsf_l0"": 14.0112, ""sparse_l"": 18.0224, ""sv_l"": 18.0224, ""feat_secs"": 0.000929, ""feat_secs_frame"": 0.000225, ""feat_secs_hsf"": 0.00066}"
brick,"brick:n=12,D=6,nn=1",1,"{""n"": 12.0, ""D"": 6.0, ""nn"": 1.0}",planx,ok,0.00074,0.0068,2703360,-0.01024618332568436,0,-0.01024618332568436,0.0,engine=sv aborted=[] plan_secs=0.000419,"{""n"": 12, ""gates"": 117, ""g2"": 33, ""g3"": 0, ""depth2"": 6, ""t_count"": 0, ""rotations"": 252, ""d"": 12, ""dense_l"": 19.7879, ""redundant"": 240, ""obs_zero"": false, ""frame_l"": 31.9773, ""chi_bits"": 3, ""mps_l"": 12.5343, ""hsf_k"": 3, ""hsf_na"": 6, ""hsf_nb"": 6, ""hsf_l"": 16.4998, ""sup"": 12, ""chi_bits0"": 3, ""mps_l0"": 12.5343, ""hsf_keff"": 3, ""hsf_l0"": 16.4998, ""sparse_l"": 18.8704, ""sv_l"": 18.8704, ""feat_secs"": 0.000997, ""feat_secs_frame"": 0.000345, ""feat_secs_hsf"": 0.000596}"
brick,"brick:n=12,D=6,nn=1",1,"{""n"": 12.0, ""D"": 6.0, ""nn"": 1.0}",planp,ok,0.0007,0.0043,2654208,-0.01024618332568436,0,-0.01024618332568436,0.0,engine=sv aborted=[] plan_secs=0.000392,"{""n"": 12, ""gates"": 117, ""g2"": 33, ""g3"": 0, ""depth2"": 6, ""t_count"": 0, ""rotations"": 252, ""d"": 12, ""dense_l"": 19.7879, ""redundant"": 240, ""obs_zero"": false, ""frame_l"": 31.9773, ""chi_bits"": 3, ""mps_l"": 12.5343, ""hsf_k"": 3, ""hsf_na"": 6, ""hsf_nb"": 6, ""hsf_l"": 16.4998, ""sup"": 12, ""chi_bits0"": 3, ""mps_l0"": 12.5343, ""hsf_keff"": 3, ""hsf_l0"": 16.4998, ""sparse_l"": 18.8704, ""sv_l"": 18.8704, ""feat_secs"": 0.000997, ""feat_secs_frame"": 0.000345, ""feat_secs_hsf"": 0.000596}"
brick,"brick:n=12,D=6,nn=1",1,"{""n"": 12.0, ""D"": 6.0, ""nn"": 1.0}",plan,ok,0.000702,0.0043,2654208,-0.01024618332568436,0,-0.01024618332568436,0.0,engine=sv aborted=[] plan_secs=0.000395,"{""n"": 12, ""gates"": 117, ""g2"": 33, ""g3"": 0, ""depth2"": 6, ""t_count"": 0, ""rotations"": 252, ""d"": 12, ""dense_l"": 19.7879, ""redundant"": 240, ""obs_zero"": false, ""frame_l"": 31.9773, ""chi_bits"": 3, ""mps_l"": 12.5343, ""hsf_k"": 3, ""hsf_na"": 6, ""hsf_nb"": 6, ""hsf_l"": 16.4998, ""sup"": 12, ""chi_bits0"": 3, ""mps_l0"": 12.5343, ""hsf_keff"": 3, ""hsf_l0"": 16.4998, ""sparse_l"": 18.8704, ""sv_l"": 18.8704, ""feat_secs"": 0.000997, ""feat_secs_frame"": 0.000345, ""feat_secs_hsf"": 0.000596}"
brick,"brick:n=12,D=12,nn=1",1,"{""n"": 12.0, ""D"": 12.0, ""nn"": 1.0}",planx,ok,0.001285,0.0067,2883584,-0.01098517673574549,0,-0.01098517673574549,0.0,engine=sv aborted=[] plan_secs=0.000732,"{""n"": 12, ""gates"": 222, ""g2"": 66, ""g3"": 0, ""depth2"": 12, ""t_count"": 0, ""rotations"": 468, ""d"": 12, ""dense_l"": 20.7715, ""redundant"": 456, ""obs_zero"": false, ""frame_l"": 32.8704, ""chi_bits"": 6, ""mps_l"": 18.9332, ""hsf_k"": 6, ""hsf_na"": 6, ""hsf_nb"": 6, ""hsf_l"": 20.1599, ""sup"": 12, ""chi_bits0"": 6, ""mps_l0"": 18.9332, ""hsf_keff"": 6, ""hsf_l0"": 20.1599, ""sparse_l"": 19.7944, ""sv_l"": 19.7944, ""feat_secs"": 0.001315, ""feat_secs_frame"": 0.000599, ""feat_secs_hsf"": 0.000618}"
brick,"brick:n=12,D=12,nn=1",1,"{""n"": 12.0, ""D"": 12.0, ""nn"": 1.0}",planp,ok,0.001242,0.0066,2883584,-0.01098517673574549,0,-0.01098517673574549,0.0,engine=sv aborted=[] plan_secs=0.000700,"{""n"": 12, ""gates"": 222, ""g2"": 66, ""g3"": 0, ""depth2"": 12, ""t_count"": 0, ""rotations"": 468, ""d"": 12, ""dense_l"": 20.7715, ""redundant"": 456, ""obs_zero"": false, ""frame_l"": 32.8704, ""chi_bits"": 6, ""mps_l"": 18.9332, ""hsf_k"": 6, ""hsf_na"": 6, ""hsf_nb"": 6, ""hsf_l"": 20.1599, ""sup"": 12, ""chi_bits0"": 6, ""mps_l0"": 18.9332, ""hsf_keff"": 6, ""hsf_l0"": 20.1599, ""sparse_l"": 19.7944, ""sv_l"": 19.7944, ""feat_secs"": 0.001315, ""feat_secs_frame"": 0.000599, ""feat_secs_hsf"": 0.000618}"
brick,"brick:n=12,D=12,nn=1",1,"{""n"": 12.0, ""D"": 12.0, ""nn"": 1.0}",plan,ok,0.001231,0.0074,2818048,-0.01098517673574549,0,-0.01098517673574549,0.0,engine=sv aborted=[] plan_secs=0.000688,"{""n"": 12, ""gates"": 222, ""g2"": 66, ""g3"": 0, ""depth2"": 12, ""t_count"": 0, ""rotations"": 468, ""d"": 12, ""dense_l"": 20.7715, ""redundant"": 456, ""obs_zero"": false, ""frame_l"": 32.8704, ""chi_bits"": 6, ""mps_l"": 18.9332, ""hsf_k"": 6, ""hsf_na"": 6, ""hsf_nb"": 6, ""hsf_l"": 20.1599, ""sup"": 12, ""chi_bits0"": 6, ""mps_l0"": 18.9332, ""hsf_keff"": 6, ""hsf_l0"": 20.1599, ""sparse_l"": 19.7944, ""sv_l"": 19.7944, ""feat_secs"": 0.001315, ""feat_secs_frame"": 0.000599, ""feat_secs_hsf"": 0.000618}"
brick,"brick:n=16,D=1,nn=1",1,"{""n"": 16.0, ""D"": 1.0, ""nn"": 1.0}",planx,ok,0.000355,0.0045,2621440,7.932979353681615e-06,0,7.932979353681615e-06,0.0,engine=mps aborted=[] plan_secs=0.000245,"{""n"": 16, ""gates"": 40, ""g2"": 8, ""g3"": 0, ""depth2"": 1, ""t_count"": 0, ""rotations"": 96, ""d"": 16, ""dense_l"": 21.7279, ""redundant"": 80, ""obs_zero"": false, ""frame_l"": 38.585, ""chi_bits"": 1, ""mps_l"": 7.1699, ""hsf_k"": 0, ""hsf_na"": 8, ""hsf_nb"": 8, ""hsf_l"": 16.2095, ""sup"": 16, ""chi_bits0"": 1, ""mps_l0"": 7.1699, ""hsf_keff"": 0, ""hsf_l0"": 16.2095, ""sparse_l"": 21.3219, ""sv_l"": 21.3219, ""feat_secs"": 0.001056, ""feat_secs_frame"": 0.00016, ""feat_secs_hsf"": 0.000867}"
brick,"brick:n=16,D=1,nn=1",1,"{""n"": 16.0, ""D"": 1.0, ""nn"": 1.0}",planp,ok,0.000439,0.0075,2621440,7.932979353681615e-06,0,7.932979353681615e-06,0.0,engine=mps aborted=[] plan_secs=0.000250,"{""n"": 16, ""gates"": 40, ""g2"": 8, ""g3"": 0, ""depth2"": 1, ""t_count"": 0, ""rotations"": 96, ""d"": 16, ""dense_l"": 21.7279, ""redundant"": 80, ""obs_zero"": false, ""frame_l"": 38.585, ""chi_bits"": 1, ""mps_l"": 7.1699, ""hsf_k"": 0, ""hsf_na"": 8, ""hsf_nb"": 8, ""hsf_l"": 16.2095, ""sup"": 16, ""chi_bits0"": 1, ""mps_l0"": 7.1699, ""hsf_keff"": 0, ""hsf_l0"": 16.2095, ""sparse_l"": 21.3219, ""sv_l"": 21.3219, ""feat_secs"": 0.001056, ""feat_secs_frame"": 0.00016, ""feat_secs_hsf"": 0.000867}"
brick,"brick:n=16,D=1,nn=1",1,"{""n"": 16.0, ""D"": 1.0, ""nn"": 1.0}",plan,ok,0.000339,0.0040,2605056,7.932979353681615e-06,0,7.932979353681615e-06,0.0,engine=mps aborted=[] plan_secs=0.000246,"{""n"": 16, ""gates"": 40, ""g2"": 8, ""g3"": 0, ""depth2"": 1, ""t_count"": 0, ""rotations"": 96, ""d"": 16, ""dense_l"": 21.7279, ""redundant"": 80, ""obs_zero"": false, ""frame_l"": 38.585, ""chi_bits"": 1, ""mps_l"": 7.1699, ""hsf_k"": 0, ""hsf_na"": 8, ""hsf_nb"": 8, ""hsf_l"": 16.2095, ""sup"": 16, ""chi_bits0"": 1, ""mps_l0"": 7.1699, ""hsf_keff"": 0, ""hsf_l0"": 16.2095, ""sparse_l"": 21.3219, ""sv_l"": 21.3219, ""feat_secs"": 0.001056, ""feat_secs_frame"": 0.00016, ""feat_secs_hsf"": 0.000867}"
brick,"brick:n=16,D=3,nn=1",1,"{""n"": 16.0, ""D"": 3.0, ""nn"": 1.0}",planx,ok,0.000627,0.0044,2932736,3.756531893825207e-06,0,3.756531893825207e-06,0.0,engine=mps aborted=[] plan_secs=0.000419,"{""n"": 16, ""gates"": 87, ""g2"": 23, ""g3"": 0, ""depth2"": 3, ""t_count"": 0, ""rotations"": 192, ""d"": 16, ""dense_l"": 23.2192, ""redundant"": 176, ""obs_zero"": false, ""frame_l"": 39.585, ""chi_bits"": 2, ""mps_l"": 9.7682, ""hsf_k"": 1, ""hsf_na"": 8, ""hsf_nb"": 8, ""hsf_l"": 17.4221, ""sup"": 16, ""chi_bits0"": 2, ""mps_l0"": 9.7682, ""hsf_keff"": 1, ""hsf_l0"": 17.4221, ""sparse_l"": 22.4429, ""sv_l"": 22.4429, ""feat_secs"": 0.001878, ""feat_secs_frame"": 0.000309, ""feat_secs_hsf"": 0.001518}"
brick,"brick:n=16,D=3,nn=1",1,"{""n"": 16.0, ""D"": 3.0, ""nn"": 1.0}",planp,ok,0.000681,0.0074,2932736,3.756531893825207e-06,0,3.756531893825207e-06,0.0,engine=mps aborted=[] plan_secs=0.000465,"{""n"": 16, ""gates"": 87, ""g2"": 23, ""g3"": 0, ""depth2"": 3, ""t_count"": 0, ""rotations"": 192, ""d"": 16, ""dense_l"": 23.2192, ""redundant"": 176, ""obs_zero"": false, ""frame_l"": 39.585, ""chi_bits"": 2, ""mps_l"": 9.7682, ""hsf_k"": 1, ""hsf_na"": 8, ""hsf_nb"": 8, ""hsf_l"": 17.4221, ""sup"": 16, ""chi_bits0"": 2, ""mps_l0"": 9.7682, ""hsf_keff"": 1, ""hsf_l0"": 17.4221, ""sparse_l"": 22.4429, ""sv_l"": 22.4429, ""feat_secs"": 0.001878, ""feat_secs_frame"": 0.000309, ""feat_secs_hsf"": 0.001518}"
brick,"brick:n=16,D=3,nn=1",1,"{""n"": 16.0, ""D"": 3.0, ""nn"": 1.0}",plan,ok,0.000627,0.0070,2949120,3.756531893825207e-06,0,3.756531893825207e-06,0.0,engine=mps aborted=[] plan_secs=0.000414,"{""n"": 16, ""gates"": 87, ""g2"": 23, ""g3"": 0, ""depth2"": 3, ""t_count"": 0, ""rotations"": 192, ""d"": 16, ""dense_l"": 23.2192, ""redundant"": 176, ""obs_zero"": false, ""frame_l"": 39.585, ""chi_bits"": 2, ""mps_l"": 9.7682, ""hsf_k"": 1, ""hsf_na"": 8, ""hsf_nb"": 8, ""hsf_l"": 17.4221, ""sup"": 16, ""chi_bits0"": 2, ""mps_l0"": 9.7682, ""hsf_keff"": 1, ""hsf_l0"": 17.4221, ""sparse_l"": 22.4429, ""sv_l"": 22.4429, ""feat_secs"": 0.001878, ""feat_secs_frame"": 0.000309, ""feat_secs_hsf"": 0.001518}"
brick,"brick:n=16,D=6,nn=1",1,"{""n"": 16.0, ""D"": 6.0, ""nn"": 1.0}",planx,ok,0.001503,0.0068,3211264,0.001358399883167302,0,0.001358399883167302,0.0,engine=mps aborted=[] plan_secs=0.000773,"{""n"": 16, ""gates"": 157, ""g2"": 45, ""g3"": 0, ""depth2"": 6, ""t_count"": 0, ""rotations"": 336, ""d"": 16, ""dense_l"": 24.1948, ""redundant"": 320, ""obs_zero"": false, ""frame_l"": 40.3923, ""chi_bits"": 3, ""mps_l"": 13.1267, ""hsf_k"": 3, ""hsf_na"": 8, ""hsf_nb"": 8, ""hsf_l"": 19.69, ""sup"": 16, ""chi_bits0"": 3, ""mps_l0"": 13.1267, ""hsf_keff"": 3, ""hsf_l0"": 19.69, ""sparse_l"": 23.2946, ""sv_l"": 23.2946, ""feat_secs"": 0.002077, ""feat_secs_frame"": 0.000465, ""feat_secs_hsf"": 0.001505}"
brick,"brick:n=16,D=6,nn=1",1,"{""n"": 16.0, ""D"": 6.0, ""nn"": 1.0}",planp,ok,0.001459,0.0075,3211264,0.001358399883167302,0,0.001358399883167302,0.0,engine=mps aborted=[] plan_secs=0.000715,"{""n"": 16, ""gates"": 157, ""g2"": 45, ""g3"": 0, ""depth2"": 6, ""t_count"": 0, ""rotations"": 336, ""d"": 16, ""dense_l"": 24.1948, ""redundant"": 320, ""obs_zero"": false, ""frame_l"": 40.3923, ""chi_bits"": 3, ""mps_l"": 13.1267, ""hsf_k"": 3, ""hsf_na"": 8, ""hsf_nb"": 8, ""hsf_l"": 19.69, ""sup"": 16, ""chi_bits0"": 3, ""mps_l0"": 13.1267, ""hsf_keff"": 3, ""hsf_l0"": 19.69, ""sparse_l"": 23.2946, ""sv_l"": 23.2946, ""feat_secs"": 0.002077, ""feat_secs_frame"": 0.000465, ""feat_secs_hsf"": 0.001505}"
brick,"brick:n=16,D=6,nn=1",1,"{""n"": 16.0, ""D"": 6.0, ""nn"": 1.0}",plan,ok,0.001332,0.0074,3227648,0.001358399883167302,0,0.001358399883167302,0.0,engine=mps aborted=[] plan_secs=0.000698,"{""n"": 16, ""gates"": 157, ""g2"": 45, ""g3"": 0, ""depth2"": 6, ""t_count"": 0, ""rotations"": 336, ""d"": 16, ""dense_l"": 24.1948, ""redundant"": 320, ""obs_zero"": false, ""frame_l"": 40.3923, ""chi_bits"": 3, ""mps_l"": 13.1267, ""hsf_k"": 3, ""hsf_na"": 8, ""hsf_nb"": 8, ""hsf_l"": 19.69, ""sup"": 16, ""chi_bits0"": 3, ""mps_l0"": 13.1267, ""hsf_keff"": 3, ""hsf_l0"": 19.69, ""sparse_l"": 23.2946, ""sv_l"": 23.2946, ""feat_secs"": 0.002077, ""feat_secs_frame"": 0.000465, ""feat_secs_hsf"": 0.001505}"
brick,"brick:n=16,D=12,nn=1",1,"{""n"": 16.0, ""D"": 12.0, ""nn"": 1.0}",planx,ok,0.027736,0.0323,6881280,0.002152501925666509,0,0.002152501925666509,0.0,"engine=sv aborted=[""mps""] plan_secs=0.002745","{""n"": 16, ""gates"": 298, ""g2"": 90, ""g3"": 0, ""depth2"": 12, ""t_count"": 0, ""rotations"": 624, ""d"": 16, ""dense_l"": 25.1824, ""redundant"": 608, ""obs_zero"": false, ""frame_l"": 41.2854, ""chi_bits"": 6, ""mps_l"": 20.7328, ""hsf_k"": 6, ""hsf_na"": 8, ""hsf_nb"": 8, ""hsf_l"": 23.1137, ""sup"": 16, ""chi_bits0"": 6, ""mps_l0"": 20.7328, ""hsf_keff"": 6, ""hsf_l0"": 23.1137, ""sparse_l"": 24.2192, ""sv_l"": 24.2192, ""feat_secs"": 0.00243, ""feat_secs_frame"": 0.000809, ""feat_secs_hsf"": 0.001489}"
brick,"brick:n=16,D=12,nn=1",1,"{""n"": 16.0, ""D"": 12.0, ""nn"": 1.0}",planp,ok,0.027566,0.0327,6864896,0.002152501925666509,0,0.002152501925666509,0.0,"engine=sv aborted=[""mps""] plan_secs=0.002991","{""n"": 16, ""gates"": 298, ""g2"": 90, ""g3"": 0, ""depth2"": 12, ""t_count"": 0, ""rotations"": 624, ""d"": 16, ""dense_l"": 25.1824, ""redundant"": 608, ""obs_zero"": false, ""frame_l"": 41.2854, ""chi_bits"": 6, ""mps_l"": 20.7328, ""hsf_k"": 6, ""hsf_na"": 8, ""hsf_nb"": 8, ""hsf_l"": 23.1137, ""sup"": 16, ""chi_bits0"": 6, ""mps_l0"": 20.7328, ""hsf_keff"": 6, ""hsf_l0"": 23.1137, ""sparse_l"": 24.2192, ""sv_l"": 24.2192, ""feat_secs"": 0.00243, ""feat_secs_frame"": 0.000809, ""feat_secs_hsf"": 0.001489}"
brick,"brick:n=16,D=12,nn=1",1,"{""n"": 16.0, ""D"": 12.0, ""nn"": 1.0}",plan,ok,0.027552,0.0341,7241728,0.002152501925666509,0,0.002152501925666509,0.0,"engine=sv aborted=[""mps""] plan_secs=0.002844","{""n"": 16, ""gates"": 298, ""g2"": 90, ""g3"": 0, ""depth2"": 12, ""t_count"": 0, ""rotations"": 624, ""d"": 16, ""dense_l"": 25.1824, ""redundant"": 608, ""obs_zero"": false, ""frame_l"": 41.2854, ""chi_bits"": 6, ""mps_l"": 20.7328, ""hsf_k"": 6, ""hsf_na"": 8, ""hsf_nb"": 8, ""hsf_l"": 23.1137, ""sup"": 16, ""chi_bits0"": 6, ""mps_l0"": 20.7328, ""hsf_keff"": 6, ""hsf_l0"": 23.1137, ""sparse_l"": 24.2192, ""sv_l"": 24.2192, ""feat_secs"": 0.00243, ""feat_secs_frame"": 0.000809, ""feat_secs_hsf"": 0.001489}"
brick,"brick:n=20,D=1,nn=1",1,"{""n"": 20.0, ""D"": 1.0, ""nn"": 1.0}",planx,ok,0.000465,0.0044,2637824,-1.569571296627656e-07,0,-1.569571296627656e-07,0.0,engine=mps aborted=[] plan_secs=0.000343,"{""n"": 20, ""gates"": 50, ""g2"": 10, ""g3"": 0, ""depth2"": 1, ""t_count"": 0, ""rotations"": 120, ""d"": 20, ""dense_l"": 26.0224, ""redundant"": 100, ""obs_zero"": false, ""frame_l"": 46.9069, ""chi_bits"": 1, ""mps_l"": 7.4919, ""hsf_k"": 0, ""hsf_na"": 10, ""hsf_nb"": 10, ""hsf_l"": 20.0688, ""sup"": 20, ""chi_bits0"": 1, ""mps_l0"": 7.4919, ""hsf_keff"": 0, ""hsf_l0"": 20.0688, ""sparse_l"": 25.6439, ""sv_l"": 25.6439, ""feat_secs"": 0.002028, ""feat_secs_frame"": 0.000205, ""feat_secs_hsf"": 0.001777}"
brick,"brick:n=20,D=1,nn=1",1,"{""n"": 20.0, ""D"": 1.0, ""nn"": 1.0}",planp,ok,0.0004,0.0042,2654208,-1.569571296627656e-07,0,-1.569571296627656e-07,0.0,engine=mps aborted=[] plan_secs=0.000290,"{""n"": 20, ""gates"": 50, ""g2"": 10, ""g3"": 0, ""depth2"": 1, ""t_count"": 0, ""rotations"": 120, ""d"": 20, ""dense_l"": 26.0224, ""redundant"": 100, ""obs_zero"": false, ""frame_l"": 46.9069, ""chi_bits"": 1, ""mps_l"": 7.4919, ""hsf_k"": 0, ""hsf_na"": 10, ""hsf_nb"": 10, ""hsf_l"": 20.0688, ""sup"": 20, ""chi_bits0"": 1, ""mps_l0"": 7.4919, ""hsf_keff"": 0, ""hsf_l0"": 20.0688, ""sparse_l"": 25.6439, ""sv_l"": 25.6439, ""feat_secs"": 0.002028, ""feat_secs_frame"": 0.000205, ""feat_secs_hsf"": 0.001777}"
brick,"brick:n=20,D=1,nn=1",1,"{""n"": 20.0, ""D"": 1.0, ""nn"": 1.0}",plan,ok,0.000405,0.0044,2637824,-1.569571296627656e-07,0,-1.569571296627656e-07,0.0,engine=mps aborted=[] plan_secs=0.000294,"{""n"": 20, ""gates"": 50, ""g2"": 10, ""g3"": 0, ""depth2"": 1, ""t_count"": 0, ""rotations"": 120, ""d"": 20, ""dense_l"": 26.0224, ""redundant"": 100, ""obs_zero"": false, ""frame_l"": 46.9069, ""chi_bits"": 1, ""mps_l"": 7.4919, ""hsf_k"": 0, ""hsf_na"": 10, ""hsf_nb"": 10, ""hsf_l"": 20.0688, ""sup"": 20, ""chi_bits0"": 1, ""mps_l0"": 7.4919, ""hsf_keff"": 0, ""hsf_l0"": 20.0688, ""sparse_l"": 25.6439, ""sv_l"": 25.6439, ""feat_secs"": 0.002028, ""feat_secs_frame"": 0.000205, ""feat_secs_hsf"": 0.001777}"
brick,"brick:n=20,D=3,nn=1",1,"{""n"": 20.0, ""D"": 3.0, ""nn"": 1.0}",planx,ok,0.000843,0.0067,2965504,-0.0002220565475413613,0,-0.0002220565475413613,0.0,engine=mps aborted=[] plan_secs=0.000589,"{""n"": 20, ""gates"": 109, ""g2"": 29, ""g3"": 0, ""depth2"": 3, ""t_count"": 0, ""rotations"": 240, ""d"": 20, ""dense_l"": 27.5314, ""redundant"": 220, ""obs_zero"": false, ""frame_l"": 47.9069, ""chi_bits"": 2, ""mps_l"": 10.1447, ""hsf_k"": 1, ""hsf_na"": 10, ""hsf_nb"": 10, ""hsf_l"": 21.1459, ""sup"": 20, ""chi_bits0"": 2, ""mps_l0"": 10.1447, ""hsf_keff"": 1, ""hsf_l0"": 21.1459, ""sparse_l"": 26.7682, ""sv_l"": 26.7682, ""feat_secs"": 0.003209, ""feat_secs_frame"": 0.000371, ""feat_secs_hsf"": 0.002752}"
brick,"brick:n=20,D=3,nn=1",1,"{""n"": 20.0, ""D"": 3.0, ""nn"": 1.0}",planp,ok,0.000769,0.0059,2949120,-0.0002220565475413613,0,-0.0002220565475413613,0.0,engine=mps aborted=[] plan_secs=0.000525,"{""n"": 20, ""gates"": 109, ""g2"": 29, ""g3"": 0, ""depth2"": 3, ""t_count"": 0, ""rotations"": 240, ""d"": 20, ""dense_l"": 27.5314, ""redundant"": 220, ""obs_zero"": false, ""frame_l"": 47.9069, ""chi_bits"": 2, ""mps_l"": 10.1447, ""hsf_k"": 1, ""hsf_na"": 10, ""hsf_nb"": 10, ""hsf_l"": 21.1459, ""sup"": 20, ""chi_bits0"": 2, ""mps_l0"": 10.1447, ""hsf_keff"": 1, ""hsf_l0"": 21.1459, ""sparse_l"": 26.7682, ""sv_l"": 26.7682, ""feat_secs"": 0.003209, ""feat_secs_frame"": 0.000371, ""feat_secs_hsf"": 0.002752}"
brick,"brick:n=20,D=3,nn=1",1,"{""n"": 20.0, ""D"": 3.0, ""nn"": 1.0}",plan,ok,0.000773,0.0066,2949120,-0.0002220565475413613,0,-0.0002220565475413613,0.0,engine=mps aborted=[] plan_secs=0.000529,"{""n"": 20, ""gates"": 109, ""g2"": 29, ""g3"": 0, ""depth2"": 3, ""t_count"": 0, ""rotations"": 240, ""d"": 20, ""dense_l"": 27.5314, ""redundant"": 220, ""obs_zero"": false, ""frame_l"": 47.9069, ""chi_bits"": 2, ""mps_l"": 10.1447, ""hsf_k"": 1, ""hsf_na"": 10, ""hsf_nb"": 10, ""hsf_l"": 21.1459, ""sup"": 20, ""chi_bits0"": 2, ""mps_l0"": 10.1447, ""hsf_keff"": 1, ""hsf_l0"": 21.1459, ""sparse_l"": 26.7682, ""sv_l"": 26.7682, ""feat_secs"": 0.003209, ""feat_secs_frame"": 0.000371, ""feat_secs_hsf"": 0.002752}"
brick,"brick:n=20,D=6,nn=1",1,"{""n"": 20.0, ""D"": 6.0, ""nn"": 1.0}",planx,ok,0.00184,0.0066,3309568,0.0008663071438869973,0,0.0008663071438869973,0.0,engine=mps aborted=[] plan_secs=0.000976,"{""n"": 20, ""gates"": 197, ""g2"": 57, ""g3"": 0, ""depth2"": 6, ""t_count"": 0, ""rotations"": 420, ""d"": 20, ""dense_l"": 28.5118, ""redundant"": 400, ""obs_zero"": false, ""frame_l"": 48.7142, ""chi_bits"": 3, ""mps_l"": 13.5454, ""hsf_k"": 3, ""hsf_na"": 10, ""hsf_nb"": 10, ""hsf_l"": 23.2538, ""sup"": 20, ""chi_bits0"": 3, ""mps_l0"": 13.5454, ""hsf_keff"": 3, ""hsf_l0"": 23.2538, ""sparse_l"": 27.6221, ""sv_l"": 27.6221, ""feat_secs"": 0.003378, ""feat_secs_frame"": 0.000588, ""feat_secs_hsf"": 0.002701}"
brick,"brick:n=20,D=6,nn=1",1,"{""n"": 20.0, ""D"": 6.0, ""nn"": 1.0}",planp,ok,0.001701,0.0071,3325952,0.0008663071438869973,0,0.0008663071438869973,0.0,engine=mps aborted=[] plan_secs=0.000904,"{""n"": 20, ""gates"": 197, ""g2"": 57, ""g3"": 0, ""depth2"": 6, ""t_count"": 0, ""rotations"": 420, ""d"": 20, ""dense_l"": 28.5118, ""redundant"": 400, ""obs_zero"": false, ""frame_l"": 48.7142, ""chi_bits"": 3, ""mps_l"": 13.5454, ""hsf_k"": 3, ""hsf_na"": 10, ""hsf_nb"": 10, ""hsf_l"": 23.2538, ""sup"": 20, ""chi_bits0"": 3, ""mps_l0"": 13.5454, ""hsf_keff"": 3, ""hsf_l0"": 23.2538, ""sparse_l"": 27.6221, ""sv_l"": 27.6221, ""feat_secs"": 0.003378, ""feat_secs_frame"": 0.000588, ""feat_secs_hsf"": 0.002701}"
brick,"brick:n=20,D=6,nn=1",1,"{""n"": 20.0, ""D"": 6.0, ""nn"": 1.0}",plan,ok,0.001704,0.0068,3407872,0.0008663071438869973,0,0.0008663071438869973,0.0,engine=mps aborted=[] plan_secs=0.000892,"{""n"": 20, ""gates"": 197, ""g2"": 57, ""g3"": 0, ""depth2"": 6, ""t_count"": 0, ""rotations"": 420, ""d"": 20, ""dense_l"": 28.5118, ""redundant"": 400, ""obs_zero"": false, ""frame_l"": 48.7142, ""chi_bits"": 3, ""mps_l"": 13.5454, ""hsf_k"": 3, ""hsf_na"": 10, ""hsf_nb"": 10, ""hsf_l"": 23.2538, ""sup"": 20, ""chi_bits0"": 3, ""mps_l0"": 13.5454, ""hsf_keff"": 3, ""hsf_l0"": 23.2538, ""sparse_l"": 27.6221, ""sv_l"": 27.6221, ""feat_secs"": 0.003378, ""feat_secs_frame"": 0.000588, ""feat_secs_hsf"": 0.002701}"
brick,"brick:n=20,D=12,nn=1",1,"{""n"": 20.0, ""D"": 12.0, ""nn"": 1.0}",planx,ok,0.052599,0.0566,10272768,0.0003647943784763832,0,0.0003647943784763832,0.0,engine=mps aborted=[] plan_secs=0.004410,"{""n"": 20, ""gates"": 374, ""g2"": 114, ""g3"": 0, ""depth2"": 12, ""t_count"": 0, ""rotations"": 780, ""d"": 20, ""dense_l"": 29.5018, ""redundant"": 760, ""obs_zero"": false, ""frame_l"": 49.6073, ""chi_bits"": 6, ""mps_l"": 21.5091, ""hsf_k"": 6, ""hsf_na"": 10, ""hsf_nb"": 10, ""hsf_l"": 26.4491, ""sup"": 20, ""chi_bits0"": 6, ""mps_l0"": 21.5091, ""hsf_keff"": 6, ""hsf_l0"": 26.4491, ""sparse_l"": 28.5469, ""sv_l"": 28.5469, ""feat_secs"": 0.003944, ""feat_secs_frame"": 0.001097, ""feat_secs_hsf"": 0.00267}"
brick,"brick:n=20,D=12,nn=1",1,"{""n"": 20.0, ""D"": 12.0, ""nn"": 1.0}",planp,ok,0.052623,0.0568,10207232,0.0003647943784763832,0,0.0003647943784763832,0.0,engine=mps aborted=[] plan_secs=0.004384,"{""n"": 20, ""gates"": 374, ""g2"": 114, ""g3"": 0, ""depth2"": 12, ""t_count"": 0, ""rotations"": 780, ""d"": 20, ""dense_l"": 29.5018, ""redundant"": 760, ""obs_zero"": false, ""frame_l"": 49.6073, ""chi_bits"": 6, ""mps_l"": 21.5091, ""hsf_k"": 6, ""hsf_na"": 10, ""hsf_nb"": 10, ""hsf_l"": 26.4491, ""sup"": 20, ""chi_bits0"": 6, ""mps_l0"": 21.5091, ""hsf_keff"": 6, ""hsf_l0"": 26.4491, ""sparse_l"": 28.5469, ""sv_l"": 28.5469, ""feat_secs"": 0.003944, ""feat_secs_frame"": 0.001097, ""feat_secs_hsf"": 0.00267}"
brick,"brick:n=20,D=12,nn=1",1,"{""n"": 20.0, ""D"": 12.0, ""nn"": 1.0}",plan,ok,0.052866,0.0602,10223616,0.0003647943784763832,0,0.0003647943784763832,0.0,engine=mps aborted=[] plan_secs=0.004413,"{""n"": 20, ""gates"": 374, ""g2"": 114, ""g3"": 0, ""depth2"": 12, ""t_count"": 0, ""rotations"": 780, ""d"": 20, ""dense_l"": 29.5018, ""redundant"": 760, ""obs_zero"": false, ""frame_l"": 49.6073, ""chi_bits"": 6, ""mps_l"": 21.5091, ""hsf_k"": 6, ""hsf_na"": 10, ""hsf_nb"": 10, ""hsf_l"": 26.4491, ""sup"": 20, ""chi_bits0"": 6, ""mps_l0"": 21.5091, ""hsf_keff"": 6, ""hsf_l0"": 26.4491, ""sparse_l"": 28.5469, ""sv_l"": 28.5469, ""feat_secs"": 0.003944, ""feat_secs_frame"": 0.001097, ""feat_secs_hsf"": 0.00267}"
brick,"brick:n=24,D=1,nn=1",1,"{""n"": 24.0, ""D"": 1.0, ""nn"": 1.0}",planx,ok,0.000466,0.0064,2686976,3.690554669424622e-06,0,3.690554669424622e-06,0.0,engine=mps aborted=[] plan_secs=0.000345,"{""n"": 24, ""gates"": 60, ""g2"": 12, ""g3"": 0, ""depth2"": 1, ""t_count"": 0, ""rotations"": 144, ""d"": 24, ""dense_l"": 30.2668, ""redundant"": 120, ""obs_zero"": false, ""frame_l"": 55.1699, ""chi_bits"": 1, ""mps_l"": 7.7549, ""hsf_k"": 0, ""hsf_na"": 12, ""hsf_nb"": 12, ""hsf_l"": 24.021, ""sup"": 24, ""chi_bits0"": 1, ""mps_l0"": 7.7549, ""hsf_keff"": 0, ""hsf_l0"": 24.021, ""sparse_l"": 29.9069, ""sv_l"": 29.9069, ""feat_secs"": 0.002794, ""feat_secs_frame"": 0.00025, ""feat_secs_hsf"": 0.002499}"
brick,"brick:n=24,D=1,nn=1",1,"{""n"": 24.0, ""D"": 1.0, ""nn"": 1.0}",planp,ok,0.000581,0.0062,2686976,3.690554669424622e-06,0,3.690554669424622e-06,0.0,engine=mps aborted=[] plan_secs=0.000454,"{""n"": 24, ""gates"": 60, ""g2"": 12, ""g3"": 0, ""depth2"": 1, ""t_count"": 0, ""rotations"": 144, ""d"": 24, ""dense_l"": 30.2668, ""redundant"": 120, ""obs_zero"": false, ""frame_l"": 55.1699, ""chi_bits"": 1, ""mps_l"": 7.7549, ""hsf_k"": 0, ""hsf_na"": 12, ""hsf_nb"": 12, ""hsf_l"": 24.021, ""sup"": 24, ""chi_bits0"": 1, ""mps_l0"": 7.7549, ""hsf_keff"": 0, ""hsf_l0"": 24.021, ""sparse_l"": 29.9069, ""sv_l"": 29.9069, ""feat_secs"": 0.002794, ""feat_secs_frame"": 0.00025, ""feat_secs_hsf"": 0.002499}"
brick,"brick:n=24,D=1,nn=1",1,"{""n"": 24.0, ""D"": 1.0, ""nn"": 1.0}",plan,ok,0.000552,0.0073,2670592,3.690554669424622e-06,0,3.690554669424622e-06,0.0,engine=mps aborted=[] plan_secs=0.000403,"{""n"": 24, ""gates"": 60, ""g2"": 12, ""g3"": 0, ""depth2"": 1, ""t_count"": 0, ""rotations"": 144, ""d"": 24, ""dense_l"": 30.2668, ""redundant"": 120, ""obs_zero"": false, ""frame_l"": 55.1699, ""chi_bits"": 1, ""mps_l"": 7.7549, ""hsf_k"": 0, ""hsf_na"": 12, ""hsf_nb"": 12, ""hsf_l"": 24.021, ""sup"": 24, ""chi_bits0"": 1, ""mps_l0"": 7.7549, ""hsf_keff"": 0, ""hsf_l0"": 24.021, ""sparse_l"": 29.9069, ""sv_l"": 29.9069, ""feat_secs"": 0.002794, ""feat_secs_frame"": 0.00025, ""feat_secs_hsf"": 0.002499}"
brick,"brick:n=24,D=3,nn=1",1,"{""n"": 24.0, ""D"": 3.0, ""nn"": 1.0}",planx,ok,0.001144,0.0067,3031040,-1.249605503208763e-05,0,-1.249605503208763e-05,0.0,engine=mps aborted=[] plan_secs=0.000714,"{""n"": 24, ""gates"": 131, ""g2"": 35, ""g3"": 0, ""depth2"": 3, ""t_count"": 0, ""rotations"": 288, ""d"": 24, ""dense_l"": 31.7879, ""redundant"": 264, ""obs_zero"": false, ""frame_l"": 56.1699, ""chi_bits"": 2, ""mps_l"": 10.4429, ""hsf_k"": 1, ""hsf_na"": 12, ""hsf_nb"": 12, ""hsf_l"": 25.0454, ""sup"": 24, ""chi_bits0"": 2, ""mps_l0"": 10.4429, ""hsf_keff"": 1, ""hsf_l0"": 25.0454, ""sparse_l"": 31.0334, ""sv_l"": 31.0334, ""feat_secs"": 0.005618, ""feat_secs_frame"": 0.000577, ""feat_secs_hsf"": 0.004979}"
brick,"brick:n=24,D=3,nn=1",1,"{""n"": 24.0, ""D"": 3.0, ""nn"": 1.0}",planp,ok,0.001024,0.0067,3047424,-1.249605503208763e-05,0,-1.249605503208763e-05,0.0,engine=mps aborted=[] plan_secs=0.000732,"{""n"": 24, ""gates"": 131, ""g2"": 35, ""g3"": 0, ""depth2"": 3, ""t_count"": 0, ""rotations"": 288, ""d"": 24, ""dense_l"": 31.7879, ""redundant"": 264, ""obs_zero"": false, ""frame_l"": 56.1699, ""chi_bits"": 2, ""mps_l"": 10.4429, ""hsf_k"": 1, ""hsf_na"": 12, ""hsf_nb"": 12, ""hsf_l"": 25.0454, ""sup"": 24, ""chi_bits0"": 2, ""mps_l0"": 10.4429, ""hsf_keff"": 1, ""hsf_l0"": 25.0454, ""sparse_l"": 31.0334, ""sv_l"": 31.0334, ""feat_secs"": 0.005618, ""feat_secs_frame"": 0.000577, ""feat_secs_hsf"": 0.004979}"
brick,"brick:n=24,D=3,nn=1",1,"{""n"": 24.0, ""D"": 3.0, ""nn"": 1.0}",plan,ok,0.000957,0.0068,3063808,-1.249605503208763e-05,0,-1.249605503208763e-05,0.0,engine=mps aborted=[] plan_secs=0.000663,"{""n"": 24, ""gates"": 131, ""g2"": 35, ""g3"": 0, ""depth2"": 3, ""t_count"": 0, ""rotations"": 288, ""d"": 24, ""dense_l"": 31.7879, ""redundant"": 264, ""obs_zero"": false, ""frame_l"": 56.1699, ""chi_bits"": 2, ""mps_l"": 10.4429, ""hsf_k"": 1, ""hsf_na"": 12, ""hsf_nb"": 12, ""hsf_l"": 25.0454, ""sup"": 24, ""chi_bits0"": 2, ""mps_l0"": 10.4429, ""hsf_keff"": 1, ""hsf_l0"": 25.0454, ""sparse_l"": 31.0334, ""sv_l"": 31.0334, ""feat_secs"": 0.005618, ""feat_secs_frame"": 0.000577, ""feat_secs_hsf"": 0.004979}"
brick,"brick:n=24,D=6,nn=1",1,"{""n"": 24.0, ""D"": 6.0, ""nn"": 1.0}",planx,ok,0.002097,0.0074,3424256,0.0001340066387619955,0,0.0001340066387619955,0.0,engine=mps aborted=[] plan_secs=0.001090,"{""n"": 24, ""gates"": 237, ""g2"": 69, ""g3"": 0, ""depth2"": 6, ""t_count"": 0, ""rotations"": 504, ""d"": 24, ""dense_l"": 32.7715, ""redundant"": 480, ""obs_zero"": false, ""frame_l"": 56.9773, ""chi_bits"": 3, ""mps_l"": 13.8696, ""hsf_k"": 3, ""hsf_na"": 12, ""hsf_nb"": 12, ""hsf_l"": 27.0812, ""sup"": 24, ""chi_bits0"": 3, ""mps_l0"": 13.8696, ""hsf_keff"": 3, ""hsf_l0"": 27.0812, ""sparse_l"": 31.8887, ""sv_l"": 31.8887, ""feat_secs"": 0.005842, ""feat_secs_frame"": 0.000781, ""feat_secs_hsf"": 0.004952}"
brick,"brick:n=24,D=6,nn=1",1,"{""n"": 24.0, ""D"": 6.0, ""nn"": 1.0}",planp,ok,0.002035,0.0065,3342336,0.0001340066387619955,0,0.0001340066387619955,0.0,engine=mps aborted=[] plan_secs=0.001080,"{""n"": 24, ""gates"": 237, ""g2"": 69, ""g3"": 0, ""depth2"": 6, ""t_count"": 0, ""rotations"": 504, ""d"": 24, ""dense_l"": 32.7715, ""redundant"": 480, ""obs_zero"": false, ""frame_l"": 56.9773, ""chi_bits"": 3, ""mps_l"": 13.8696, ""hsf_k"": 3, ""hsf_na"": 12, ""hsf_nb"": 12, ""hsf_l"": 27.0812, ""sup"": 24, ""chi_bits0"": 3, ""mps_l0"": 13.8696, ""hsf_keff"": 3, ""hsf_l0"": 27.0812, ""sparse_l"": 31.8887, ""sv_l"": 31.8887, ""feat_secs"": 0.005842, ""feat_secs_frame"": 0.000781, ""feat_secs_hsf"": 0.004952}"
brick,"brick:n=24,D=6,nn=1",1,"{""n"": 24.0, ""D"": 6.0, ""nn"": 1.0}",plan,ok,0.002162,0.0068,3325952,0.0001340066387619955,0,0.0001340066387619955,0.0,engine=mps aborted=[] plan_secs=0.001197,"{""n"": 24, ""gates"": 237, ""g2"": 69, ""g3"": 0, ""depth2"": 6, ""t_count"": 0, ""rotations"": 504, ""d"": 24, ""dense_l"": 32.7715, ""redundant"": 480, ""obs_zero"": false, ""frame_l"": 56.9773, ""chi_bits"": 3, ""mps_l"": 13.8696, ""hsf_k"": 3, ""hsf_na"": 12, ""hsf_nb"": 12, ""hsf_l"": 27.0812, ""sup"": 24, ""chi_bits0"": 3, ""mps_l0"": 13.8696, ""hsf_keff"": 3, ""hsf_l0"": 27.0812, ""sparse_l"": 31.8887, ""sv_l"": 31.8887, ""feat_secs"": 0.005842, ""feat_secs_frame"": 0.000781, ""feat_secs_hsf"": 0.004952}"
brick,"brick:n=24,D=12,nn=1",1,"{""n"": 24.0, ""D"": 12.0, ""nn"": 1.0}",planx,ok,0.077455,0.0824,12369920,0.0003272108392886343,0,0.0003272108392886343,0.0,engine=mps aborted=[] plan_secs=0.007023,"{""n"": 24, ""gates"": 450, ""g2"": 138, ""g3"": 0, ""depth2"": 12, ""t_count"": 0, ""rotations"": 936, ""d"": 24, ""dense_l"": 33.7632, ""redundant"": 912, ""obs_zero"": false, ""frame_l"": 57.8704, ""chi_bits"": 6, ""mps_l"": 22.0111, ""hsf_k"": 6, ""hsf_na"": 12, ""hsf_nb"": 12, ""hsf_l"": 30.1504, ""sup"": 24, ""chi_bits0"": 6, ""mps_l0"": 22.0111, ""hsf_keff"": 6, ""hsf_l0"": 30.1504, ""sparse_l"": 32.8138, ""sv_l"": 32.8138, ""feat_secs"": 0.006978, ""feat_secs_frame"": 0.00142, ""feat_secs_hsf"": 0.005375}"
brick,"brick:n=24,D=12,nn=1",1,"{""n"": 24.0, ""D"": 12.0, ""nn"": 1.0}",planp,ok,0.077467,0.0824,11501568,0.0003272108392886343,0,0.0003272108392886343,0.0,engine=mps aborted=[] plan_secs=0.007093,"{""n"": 24, ""gates"": 450, ""g2"": 138, ""g3"": 0, ""depth2"": 12, ""t_count"": 0, ""rotations"": 936, ""d"": 24, ""dense_l"": 33.7632, ""redundant"": 912, ""obs_zero"": false, ""frame_l"": 57.8704, ""chi_bits"": 6, ""mps_l"": 22.0111, ""hsf_k"": 6, ""hsf_na"": 12, ""hsf_nb"": 12, ""hsf_l"": 30.1504, ""sup"": 24, ""chi_bits0"": 6, ""mps_l0"": 22.0111, ""hsf_keff"": 6, ""hsf_l0"": 30.1504, ""sparse_l"": 32.8138, ""sv_l"": 32.8138, ""feat_secs"": 0.006978, ""feat_secs_frame"": 0.00142, ""feat_secs_hsf"": 0.005375}"
brick,"brick:n=24,D=12,nn=1",1,"{""n"": 24.0, ""D"": 12.0, ""nn"": 1.0}",plan,ok,0.077035,0.0823,11452416,0.0003272108392886343,0,0.0003272108392886343,0.0,engine=mps aborted=[] plan_secs=0.007132,"{""n"": 24, ""gates"": 450, ""g2"": 138, ""g3"": 0, ""depth2"": 12, ""t_count"": 0, ""rotations"": 936, ""d"": 24, ""dense_l"": 33.7632, ""redundant"": 912, ""obs_zero"": false, ""frame_l"": 57.8704, ""chi_bits"": 6, ""mps_l"": 22.0111, ""hsf_k"": 6, ""hsf_na"": 12, ""hsf_nb"": 12, ""hsf_l"": 30.1504, ""sup"": 24, ""chi_bits0"": 6, ""mps_l0"": 22.0111, ""hsf_keff"": 6, ""hsf_l0"": 30.1504, ""sparse_l"": 32.8138, ""sv_l"": 32.8138, ""feat_secs"": 0.006978, ""feat_secs_frame"": 0.00142, ""feat_secs_hsf"": 0.005375}"
brick,"brick:n=26,D=1,nn=1",1,"{""n"": 26.0, ""D"": 1.0, ""nn"": 1.0}",planx,ok,0.00053,0.0047,2703360,3.904987947598028e-06,0,3.904987947598028e-06,0.0,engine=mps aborted=[] plan_secs=0.000384,"{""n"": 26, ""gates"": 65, ""g2"": 13, ""g3"": 0, ""depth2"": 1, ""t_count"": 0, ""rotations"": 156, ""d"": 26, ""dense_l"": 32.375, ""redundant"": 130, ""obs_zero"": false, ""frame_l"": 59.2854, ""chi_bits"": 1, ""mps_l"": 7.8704, ""hsf_k"": 0, ""hsf_na"": 12, ""hsf_nb"": 14, ""hsf_l"": 26.0227, ""sup"": 26, ""chi_bits0"": 1, ""mps_l0"": 7.8704, ""hsf_keff"": 0, ""hsf_l0"": 26.0227, ""sparse_l"": 32.0224, ""sv_l"": 32.0224, ""feat_secs"": 0.003555, ""feat_secs_frame"": 0.000272, ""feat_secs_hsf"": 0.003231}"
brick,"brick:n=26,D=1,nn=1",1,"{""n"": 26.0, ""D"": 1.0, ""nn"": 1.0}",planp,ok,0.000494,0.0067,2670592,3.904987947598028e-06,0,3.904987947598028e-06,0.0,engine=mps aborted=[] plan_secs=0.000373,"{""n"": 26, ""gates"": 65, ""g2"": 13, ""g3"": 0, ""depth2"": 1, ""t_count"": 0, ""rotations"": 156, ""d"": 26, ""dense_l"": 32.375, ""redundant"": 130, ""obs_zero"": false, ""frame_l"": 59.2854, ""chi_bits"": 1, ""mps_l"": 7.8704, ""hsf_k"": 0, ""hsf_na"": 12, ""hsf_nb"": 14, ""hsf_l"": 26.0227, ""sup"": 26, ""chi_bits0"": 1, ""mps_l0"": 7.8704, ""hsf_keff"": 0, ""hsf_l0"": 26.0227, ""sparse_l"": 32.0224, ""sv_l"": 32.0224, ""feat_secs"": 0.003555, ""feat_secs_frame"": 0.000272, ""feat_secs_hsf"": 0.003231}"
brick,"brick:n=26,D=1,nn=1",1,"{""n"": 26.0, ""D"": 1.0, ""nn"": 1.0}",plan,ok,0.000561,0.0066,2686976,3.904987947598028e-06,0,3.904987947598028e-06,0.0,engine=mps aborted=[] plan_secs=0.000433,"{""n"": 26, ""gates"": 65, ""g2"": 13, ""g3"": 0, ""depth2"": 1, ""t_count"": 0, ""rotations"": 156, ""d"": 26, ""dense_l"": 32.375, ""redundant"": 130, ""obs_zero"": false, ""frame_l"": 59.2854, ""chi_bits"": 1, ""mps_l"": 7.8704, ""hsf_k"": 0, ""hsf_na"": 12, ""hsf_nb"": 14, ""hsf_l"": 26.0227, ""sup"": 26, ""chi_bits0"": 1, ""mps_l0"": 7.8704, ""hsf_keff"": 0, ""hsf_l0"": 26.0227, ""sparse_l"": 32.0224, ""sv_l"": 32.0224, ""feat_secs"": 0.003555, ""feat_secs_frame"": 0.000272, ""feat_secs_hsf"": 0.003231}"
brick,"brick:n=26,D=3,nn=1",1,"{""n"": 26.0, ""D"": 3.0, ""nn"": 1.0}",planx,ok,0.000989,0.0075,3031040,6.845634480100826e-06,0,6.845634480100826e-06,0.0,engine=mps aborted=[] plan_secs=0.000695,"{""n"": 26, ""gates"": 142, ""g2"": 38, ""g3"": 0, ""depth2"": 3, ""t_count"": 0, ""rotations"": 312, ""d"": 26, ""dense_l"": 33.9009, ""redundant"": 286, ""obs_zero"": false, ""frame_l"": 60.2854, ""chi_bits"": 2, ""mps_l"": 10.5718, ""hsf_k"": 1, ""hsf_na"": 12, ""hsf_nb"": 14, ""hsf_l"": 27.0492, ""sup"": 26, ""chi_bits0"": 2, ""mps_l0"": 10.5718, ""hsf_keff"": 1, ""hsf_l0"": 27.0492, ""sparse_l"": 33.1497, ""sv_l"": 33.1497, ""feat_secs"": 0.007072, ""feat_secs_frame"": 0.000474, ""feat_secs_hsf"": 0.006526}"
brick,"brick:n=26,D=3,nn=1",1,"{""n"": 26.0, ""D"": 3.0, ""nn"": 1.0}",planp,ok,0.000999,0.0075,3031040,6.845634480100826e-06,0,6.845634480100826e-06,0.0,engine=mps aborted=[] plan_secs=0.000721,"{""n"": 26, ""gates"": 142, ""g2"": 38, ""g3"": 0, ""depth2"": 3, ""t_count"": 0, ""rotations"": 312, ""d"": 26, ""dense_l"": 33.9009, ""redundant"": 286, ""obs_zero"": false, ""frame_l"": 60.2854, ""chi_bits"": 2, ""mps_l"": 10.5718, ""hsf_k"": 1, ""hsf_na"": 12, ""hsf_nb"": 14, ""hsf_l"": 27.0492, ""sup"": 26, ""chi_bits0"": 2, ""mps_l0"": 10.5718, ""hsf_keff"": 1, ""hsf_l0"": 27.0492, ""sparse_l"": 33.1497, ""sv_l"": 33.1497, ""feat_secs"": 0.007072, ""feat_secs_frame"": 0.000474, ""feat_secs_hsf"": 0.006526}"
brick,"brick:n=26,D=3,nn=1",1,"{""n"": 26.0, ""D"": 3.0, ""nn"": 1.0}",plan,ok,0.000969,0.0067,3031040,6.845634480100826e-06,0,6.845634480100826e-06,0.0,engine=mps aborted=[] plan_secs=0.000686,"{""n"": 26, ""gates"": 142, ""g2"": 38, ""g3"": 0, ""depth2"": 3, ""t_count"": 0, ""rotations"": 312, ""d"": 26, ""dense_l"": 33.9009, ""redundant"": 286, ""obs_zero"": false, ""frame_l"": 60.2854, ""chi_bits"": 2, ""mps_l"": 10.5718, ""hsf_k"": 1, ""hsf_na"": 12, ""hsf_nb"": 14, ""hsf_l"": 27.0492, ""sup"": 26, ""chi_bits0"": 2, ""mps_l0"": 10.5718, ""hsf_keff"": 1, ""hsf_l0"": 27.0492, ""sparse_l"": 33.1497, ""sv_l"": 33.1497, ""feat_secs"": 0.007072, ""feat_secs_frame"": 0.000474, ""feat_secs_hsf"": 0.006526}"
brick,"brick:n=26,D=6,nn=1",1,"{""n"": 26.0, ""D"": 6.0, ""nn"": 1.0}",planx,ok,0.002255,0.0066,3424256,0.0001215372752044635,0,0.0001215372752044635,0.0,engine=mps aborted=[] plan_secs=0.001213,"{""n"": 26, ""gates"": 257, ""g2"": 75, ""g3"": 0, ""depth2"": 6, ""t_count"": 0, ""rotations"": 546, ""d"": 26, ""dense_l"": 34.8857, ""redundant"": 520, ""obs_zero"": false, ""frame_l"": 61.0928, ""chi_bits"": 3, ""mps_l"": 14.0079, ""hsf_k"": 3, ""hsf_na"": 13, ""hsf_nb"": 13, ""hsf_l"": 29.0446, ""sup"": 26, ""chi_bits0"": 3, ""mps_l0"": 14.0079, ""hsf_keff"": 3, ""hsf_l0"": 29.0446, ""sparse_l"": 34.0056, ""sv_l"": 34.0056, ""feat_secs"": 0.008097, ""feat_secs_frame"": 0.000809, ""feat_secs_hsf"": 0.00717}"
brick,"brick:n=26,D=6,nn=1",1,"{""n"": 26.0, ""D"": 6.0, ""nn"": 1.0}",planp,ok,0.002321,0.0067,3391488,0.0001215372752044635,0,0.0001215372752044635,0.0,engine=mps aborted=[] plan_secs=0.001232,"{""n"": 26, ""gates"": 257, ""g2"": 75, ""g3"": 0, ""depth2"": 6, ""t_count"": 0, ""rotations"": 546, ""d"": 26, ""dense_l"": 34.8857, ""redundant"": 520, ""obs_zero"": false, ""frame_l"": 61.0928, ""chi_bits"": 3, ""mps_l"": 14.0079, ""hsf_k"": 3, ""hsf_na"": 13, ""hsf_nb"": 13, ""hsf_l"": 29.0446, ""sup"": 26, ""chi_bits0"": 3, ""mps_l0"": 14.0079, ""hsf_keff"": 3, ""hsf_l0"": 29.0446, ""sparse_l"": 34.0056, ""sv_l"": 34.0056, ""feat_secs"": 0.008097, ""feat_secs_frame"": 0.000809, ""feat_secs_hsf"": 0.00717}"
brick,"brick:n=26,D=6,nn=1",1,"{""n"": 26.0, ""D"": 6.0, ""nn"": 1.0}",plan,ok,0.002332,0.0073,3375104,0.0001215372752044635,0,0.0001215372752044635,0.0,engine=mps aborted=[] plan_secs=0.001293,"{""n"": 26, ""gates"": 257, ""g2"": 75, ""g3"": 0, ""depth2"": 6, ""t_count"": 0, ""rotations"": 546, ""d"": 26, ""dense_l"": 34.8857, ""redundant"": 520, ""obs_zero"": false, ""frame_l"": 61.0928, ""chi_bits"": 3, ""mps_l"": 14.0079, ""hsf_k"": 3, ""hsf_na"": 13, ""hsf_nb"": 13, ""hsf_l"": 29.0446, ""sup"": 26, ""chi_bits0"": 3, ""mps_l0"": 14.0079, ""hsf_keff"": 3, ""hsf_l0"": 29.0446, ""sparse_l"": 34.0056, ""sv_l"": 34.0056, ""feat_secs"": 0.008097, ""feat_secs_frame"": 0.000809, ""feat_secs_hsf"": 0.00717}"
brick,"brick:n=26,D=12,nn=1",1,"{""n"": 26.0, ""D"": 12.0, ""nn"": 1.0}",planx,ok,0.09008,0.0958,12009472,-5.997848576838863e-05,0,-5.997848576838863e-05,0.0,engine=mps aborted=[] plan_secs=0.009091,"{""n"": 26, ""gates"": 488, ""g2"": 150, ""g3"": 0, ""depth2"": 12, ""t_count"": 0, ""rotations"": 1014, ""d"": 26, ""dense_l"": 35.8781, ""redundant"": 988, ""obs_zero"": false, ""frame_l"": 61.9858, ""chi_bits"": 6, ""mps_l"": 22.2089, ""hsf_k"": 6, ""hsf_na"": 13, ""hsf_nb"": 13, ""hsf_l"": 32.0835, ""sup"": 26, ""chi_bits0"": 6, ""mps_l0"": 22.2089, ""hsf_keff"": 6, ""hsf_l0"": 32.0835, ""sparse_l"": 34.9307, ""sv_l"": 34.9307, ""feat_secs"": 0.008376, ""feat_secs_frame"": 0.001473, ""feat_secs_hsf"": 0.006699}"
brick,"brick:n=26,D=12,nn=1",1,"{""n"": 26.0, ""D"": 12.0, ""nn"": 1.0}",planp,ok,0.090077,0.0964,12058624,-5.997848576838863e-05,0,-5.997848576838863e-05,0.0,engine=mps aborted=[] plan_secs=0.009031,"{""n"": 26, ""gates"": 488, ""g2"": 150, ""g3"": 0, ""depth2"": 12, ""t_count"": 0, ""rotations"": 1014, ""d"": 26, ""dense_l"": 35.8781, ""redundant"": 988, ""obs_zero"": false, ""frame_l"": 61.9858, ""chi_bits"": 6, ""mps_l"": 22.2089, ""hsf_k"": 6, ""hsf_na"": 13, ""hsf_nb"": 13, ""hsf_l"": 32.0835, ""sup"": 26, ""chi_bits0"": 6, ""mps_l0"": 22.2089, ""hsf_keff"": 6, ""hsf_l0"": 32.0835, ""sparse_l"": 34.9307, ""sv_l"": 34.9307, ""feat_secs"": 0.008376, ""feat_secs_frame"": 0.001473, ""feat_secs_hsf"": 0.006699}"
brick,"brick:n=26,D=12,nn=1",1,"{""n"": 26.0, ""D"": 12.0, ""nn"": 1.0}",plan,ok,0.08977,0.0966,13058048,-5.997848576838863e-05,0,-5.997848576838863e-05,0.0,engine=mps aborted=[] plan_secs=0.009125,"{""n"": 26, ""gates"": 488, ""g2"": 150, ""g3"": 0, ""depth2"": 12, ""t_count"": 0, ""rotations"": 1014, ""d"": 26, ""dense_l"": 35.8781, ""redundant"": 988, ""obs_zero"": false, ""frame_l"": 61.9858, ""chi_bits"": 6, ""mps_l"": 22.2089, ""hsf_k"": 6, ""hsf_na"": 13, ""hsf_nb"": 13, ""hsf_l"": 32.0835, ""sup"": 26, ""chi_bits0"": 6, ""mps_l0"": 22.2089, ""hsf_keff"": 6, ""hsf_l0"": 32.0835, ""sparse_l"": 34.9307, ""sv_l"": 34.9307, ""feat_secs"": 0.008376, ""feat_secs_frame"": 0.001473, ""feat_secs_hsf"": 0.006699}"
brick,"brick:n=16,D=1,nn=0",1,"{""n"": 16.0, ""D"": 1.0, ""nn"": 0.0}",planx,ok,0.001015,0.0067,3227648,7.053591128823864e-05,0,7.053591128823864e-05,0.0,engine=mps aborted=[] plan_secs=0.000340,"{""n"": 16, ""gates"": 40, ""g2"": 8, ""g3"": 0, ""depth2"": 1, ""t_count"": 0, ""rotations"": 96, ""d"": 16, ""dense_l"": 21.7279, ""redundant"": 80, ""obs_zero"": false, ""frame_l"": 38.585, ""chi_bits"": 4, ""mps_l"": 17.4875, ""hsf_k"": 0, ""hsf_na"": 8, ""hsf_nb"": 8, ""hsf_l"": 16.2095, ""sup"": 16, ""chi_bits0"": 4, ""mps_l0"": 17.4875, ""hsf_keff"": 0, ""hsf_l0"": 16.2095, ""sparse_l"": 21.3219, ""sv_l"": 21.3219, ""feat_secs"": 0.001144, ""feat_secs_frame"": 0.000173, ""feat_secs_hsf"": 0.000936}"
brick,"brick:n=16,D=1,nn=0",1,"{""n"": 16.0, ""D"": 1.0, ""nn"": 0.0}",planp,ok,0.00091,0.0067,3194880,7.053591128823864e-05,0,7.053591128823864e-05,0.0,engine=mps aborted=[] plan_secs=0.000290,"{""n"": 16, ""gates"": 40, ""g2"": 8, ""g3"": 0, ""depth2"": 1, ""t_count"": 0, ""rotations"": 96, ""d"": 16, ""dense_l"": 21.7279, ""redundant"": 80, ""obs_zero"": false, ""frame_l"": 38.585, ""chi_bits"": 4, ""mps_l"": 17.4875, ""hsf_k"": 0, ""hsf_na"": 8, ""hsf_nb"": 8, ""hsf_l"": 16.2095, ""sup"": 16, ""chi_bits0"": 4, ""mps_l0"": 17.4875, ""hsf_keff"": 0, ""hsf_l0"": 16.2095, ""sparse_l"": 21.3219, ""sv_l"": 21.3219, ""feat_secs"": 0.001144, ""feat_secs_frame"": 0.000173, ""feat_secs_hsf"": 0.000936}"
brick,"brick:n=16,D=1,nn=0",1,"{""n"": 16.0, ""D"": 1.0, ""nn"": 0.0}",plan,ok,0.000936,0.0066,3244032,7.053591128823864e-05,0,7.053591128823864e-05,0.0,engine=mps aborted=[] plan_secs=0.000294,"{""n"": 16, ""gates"": 40, ""g2"": 8, ""g3"": 0, ""depth2"": 1, ""t_count"": 0, ""rotations"": 96, ""d"": 16, ""dense_l"": 21.7279, ""redundant"": 80, ""obs_zero"": false, ""frame_l"": 38.585, ""chi_bits"": 4, ""mps_l"": 17.4875, ""hsf_k"": 0, ""hsf_na"": 8, ""hsf_nb"": 8, ""hsf_l"": 16.2095, ""sup"": 16, ""chi_bits0"": 4, ""mps_l0"": 17.4875, ""hsf_keff"": 0, ""hsf_l0"": 16.2095, ""sparse_l"": 21.3219, ""sv_l"": 21.3219, ""feat_secs"": 0.001144, ""feat_secs_frame"": 0.000173, ""feat_secs_hsf"": 0.000936}"
brick,"brick:n=16,D=3,nn=0",1,"{""n"": 16.0, ""D"": 3.0, ""nn"": 0.0}",planx,ok,0.004793,0.0094,4358144,0.0004329447806843809,0,0.0004329447806843809,0.0,engine=sv aborted=[] plan_secs=0.000621,"{""n"": 16, ""gates"": 88, ""g2"": 24, ""g3"": 0, ""depth2"": 3, ""t_count"": 0, ""rotations"": 192, ""d"": 16, ""dense_l"": 23.2192, ""redundant"": 176, ""obs_zero"": false, ""frame_l"": 39.585, ""chi_bits"": 8, ""mps_l"": 28.9587, ""hsf_k"": 2, ""hsf_na"": 8, ""hsf_nb"": 8, ""hsf_l"": 18.4263, ""sup"": 16, ""chi_bits0"": 8, ""mps_l0"": 28.9587, ""hsf_keff"": 2, ""hsf_l0"": 18.4263, ""sparse_l"": 22.4594, ""sv_l"": 22.4594, ""feat_secs"": 0.002485, ""feat_secs_frame"": 0.000323, ""feat_secs_hsf"": 0.002103}"
brick,"brick:n=16,D=3,nn=0",1,"{""n"": 16.0, ""D"": 3.0, ""nn"": 0.0}",planp,ok,0.004629,0.0089,4358144,0.0004329447806843809,0,0.0004329447806843809,0.0,engine=sv aborted=[] plan_secs=0.000622,"{""n"": 16, ""gates"": 88, ""g2"": 24, ""g3"": 0, ""depth2"": 3, ""t_count"": 0, ""rotations"": 192, ""d"": 16, ""dense_l"": 23.2192, ""redundant"": 176, ""obs_zero"": false, ""frame_l"": 39.585, ""chi_bits"": 8, ""mps_l"": 28.9587, ""hsf_k"": 2, ""hsf_na"": 8, ""hsf_nb"": 8, ""hsf_l"": 18.4263, ""sup"": 16, ""chi_bits0"": 8, ""mps_l0"": 28.9587, ""hsf_keff"": 2, ""hsf_l0"": 18.4263, ""sparse_l"": 22.4594, ""sv_l"": 22.4594, ""feat_secs"": 0.002485, ""feat_secs_frame"": 0.000323, ""feat_secs_hsf"": 0.002103}"
brick,"brick:n=16,D=3,nn=0",1,"{""n"": 16.0, ""D"": 3.0, ""nn"": 0.0}",plan,ok,0.004988,0.0098,4358144,0.0004329447806843809,0,0.0004329447806843809,0.0,engine=sv aborted=[] plan_secs=0.000722,"{""n"": 16, ""gates"": 88, ""g2"": 24, ""g3"": 0, ""depth2"": 3, ""t_count"": 0, ""rotations"": 192, ""d"": 16, ""dense_l"": 23.2192, ""redundant"": 176, ""obs_zero"": false, ""frame_l"": 39.585, ""chi_bits"": 8, ""mps_l"": 28.9587, ""hsf_k"": 2, ""hsf_na"": 8, ""hsf_nb"": 8, ""hsf_l"": 18.4263, ""sup"": 16, ""chi_bits0"": 8, ""mps_l0"": 28.9587, ""hsf_keff"": 2, ""hsf_l0"": 18.4263, ""sparse_l"": 22.4594, ""sv_l"": 22.4594, ""feat_secs"": 0.002485, ""feat_secs_frame"": 0.000323, ""feat_secs_hsf"": 0.002103}"
brick,"brick:n=16,D=6,nn=0",1,"{""n"": 16.0, ""D"": 6.0, ""nn"": 0.0}",planx,ok,0.011377,0.0177,4620288,0.0007761913838449866,0,0.0007761913838449866,0.0,engine=sv aborted=[] plan_secs=0.004532,"{""n"": 16, ""gates"": 160, ""g2"": 48, ""g3"": 0, ""depth2"": 6, ""t_count"": 0, ""rotations"": 336, ""d"": 16, ""dense_l"": 24.1948, ""redundant"": 320, ""obs_zero"": false, ""frame_l"": 40.3923, ""chi_bits"": 8, ""mps_l"": 31.4676, ""hsf_k"": 8, ""hsf_na"": 5, ""hsf_nb"": 11, ""hsf_l"": 26.585, ""sup"": 16, ""chi_bits0"": 8, ""mps_l0"": 31.4676, ""hsf_keff"": 8, ""hsf_l0"": 26.585, ""sparse_l"": 23.3219, ""sv_l"": 23.3219, ""feat_secs"": 0.004224, ""feat_secs_frame"": 0.000464, ""feat_secs_hsf"": 0.003678}"
brick,"brick:n=16,D=6,nn=0",1,"{""n"": 16.0, ""D"": 6.0, ""nn"": 0.0}",planp,ok,0.011575,0.0177,4653056,0.0007761913838449866,0,0.0007761913838449866,0.0,engine=sv aborted=[] plan_secs=0.004566,"{""n"": 16, ""gates"": 160, ""g2"": 48, ""g3"": 0, ""depth2"": 6, ""t_count"": 0, ""rotations"": 336, ""d"": 16, ""dense_l"": 24.1948, ""redundant"": 320, ""obs_zero"": false, ""frame_l"": 40.3923, ""chi_bits"": 8, ""mps_l"": 31.4676, ""hsf_k"": 8, ""hsf_na"": 5, ""hsf_nb"": 11, ""hsf_l"": 26.585, ""sup"": 16, ""chi_bits0"": 8, ""mps_l0"": 31.4676, ""hsf_keff"": 8, ""hsf_l0"": 26.585, ""sparse_l"": 23.3219, ""sv_l"": 23.3219, ""feat_secs"": 0.004224, ""feat_secs_frame"": 0.000464, ""feat_secs_hsf"": 0.003678}"
brick,"brick:n=16,D=6,nn=0",1,"{""n"": 16.0, ""D"": 6.0, ""nn"": 0.0}",plan,ok,0.011428,0.0165,4620288,0.0007761913838449866,0,0.0007761913838449866,0.0,engine=sv aborted=[] plan_secs=0.004364,"{""n"": 16, ""gates"": 160, ""g2"": 48, ""g3"": 0, ""depth2"": 6, ""t_count"": 0, ""rotations"": 336, ""d"": 16, ""dense_l"": 24.1948, ""redundant"": 320, ""obs_zero"": false, ""frame_l"": 40.3923, ""chi_bits"": 8, ""mps_l"": 31.4676, ""hsf_k"": 8, ""hsf_na"": 5, ""hsf_nb"": 11, ""hsf_l"": 26.585, ""sup"": 16, ""chi_bits0"": 8, ""mps_l0"": 31.4676, ""hsf_keff"": 8, ""hsf_l0"": 26.585, ""sparse_l"": 23.3219, ""sv_l"": 23.3219, ""feat_secs"": 0.004224, ""feat_secs_frame"": 0.000464, ""feat_secs_hsf"": 0.003678}"
brick,"brick:n=24,D=2,nn=0",1,"{""n"": 24.0, ""D"": 2.0, ""nn"": 0.0}",planx,ok,0.281018,0.2858,271777792,-1.543020314857349e-06,0,-1.543020314857349e-06,0.0,engine=hsf aborted=[] plan_secs=0.005583,"{""n"": 24, ""gates"": 96, ""g2"": 24, ""g3"": 0, ""depth2"": 2, ""t_count"": 0, ""rotations"": 216, ""d"": 24, ""dense_l"": 31.2192, ""redundant"": 192, ""obs_zero"": false, ""frame_l"": 55.7549, ""chi_bits"": 10, ""mps_l"": 34.7963, ""hsf_k"": 0, ""hsf_na"": 12, ""hsf_nb"": 12, ""hsf_l"": 24.0334, ""sup"": 24, ""chi_bits0"": 10, ""mps_l0"": 34.7963, ""hsf_keff"": 0, ""hsf_l0"": 24.0334, ""sparse_l"": 30.585, ""sv_l"": 30.585, ""feat_secs"": 0.005057, ""feat_secs_frame"": 0.000364, ""feat_secs_hsf"": 0.004641}"
brick,"brick:n=24,D=2,nn=0",1,"{""n"": 24.0, ""D"": 2.0, ""nn"": 0.0}",planp,ok,0.285557,0.2920,273465344,-1.543020314857349e-06,0,-1.543020314857349e-06,0.0,engine=hsf aborted=[] plan_secs=0.010726,"{""n"": 24, ""gates"": 96, ""g2"": 24, ""g3"": 0, ""depth2"": 2, ""t_count"": 0, ""rotations"": 216, ""d"": 24, ""dense_l"": 31.2192, ""redundant"": 192, ""obs_zero"": false, ""frame_l"": 55.7549, ""chi_bits"": 10, ""mps_l"": 34.7963, ""hsf_k"": 0, ""hsf_na"": 12, ""hsf_nb"": 12, ""hsf_l"": 24.0334, ""sup"": 24, ""chi_bits0"": 10, ""mps_l0"": 34.7963, ""hsf_keff"": 0, ""hsf_l0"": 24.0334, ""sparse_l"": 30.585, ""sv_l"": 30.585, ""feat_secs"": 0.005057, ""feat_secs_frame"": 0.000364, ""feat_secs_hsf"": 0.004641}"
brick,"brick:n=24,D=2,nn=0",1,"{""n"": 24.0, ""D"": 2.0, ""nn"": 0.0}",plan,ok,0.283355,0.2881,271745024,-1.543020314857349e-06,0,-1.543020314857349e-06,0.0,engine=hsf aborted=[] plan_secs=0.005570,"{""n"": 24, ""gates"": 96, ""g2"": 24, ""g3"": 0, ""depth2"": 2, ""t_count"": 0, ""rotations"": 216, ""d"": 24, ""dense_l"": 31.2192, ""redundant"": 192, ""obs_zero"": false, ""frame_l"": 55.7549, ""chi_bits"": 10, ""mps_l"": 34.7963, ""hsf_k"": 0, ""hsf_na"": 12, ""hsf_nb"": 12, ""hsf_l"": 24.0334, ""sup"": 24, ""chi_bits0"": 10, ""mps_l0"": 34.7963, ""hsf_keff"": 0, ""hsf_l0"": 24.0334, ""sparse_l"": 30.585, ""sv_l"": 30.585, ""feat_secs"": 0.005057, ""feat_secs_frame"": 0.000364, ""feat_secs_hsf"": 0.004641}"
brick,"brick:n=24,D=4,nn=0",1,"{""n"": 24.0, ""D"": 4.0, ""nn"": 0.0}",planx,ok,1.364614,1.3703,308477952,-0.0001531558021112785,0,-0.0001531558021112785,0.0,engine=hsf aborted=[] plan_secs=0.008724,"{""n"": 24, ""gates"": 168, ""g2"": 48, ""g3"": 0, ""depth2"": 4, ""t_count"": 0, ""rotations"": 360, ""d"": 24, ""dense_l"": 32.1948, ""redundant"": 336, ""obs_zero"": false, ""frame_l"": 56.4919, ""chi_bits"": 12, ""mps_l"": 42.475, ""hsf_k"": 8, ""hsf_na"": 10, ""hsf_nb"": 14, ""hsf_l"": 32.2192, ""sup"": 24, ""chi_bits0"": 12, ""mps_l0"": 42.475, ""hsf_keff"": 8, ""hsf_l0"": 32.2192, ""sparse_l"": 31.3923, ""sv_l"": 31.3923, ""feat_secs"": 0.007714, ""feat_secs_frame"": 0.000532, ""feat_secs_hsf"": 0.007088}"
brick,"brick:n=24,D=4,nn=0",1,"{""n"": 24.0, ""D"": 4.0, ""nn"": 0.0}",planp,ok,2.423691,2.4299,324993024,-0.0001531558021112785,0,-0.0001531558021112785,0.0,"engine=hsf aborted=[""mps""] plan_secs=0.075911","{""n"": 24, ""gates"": 168, ""g2"": 48, ""g3"": 0, ""depth2"": 4, ""t_count"": 0, ""rotations"": 360, ""d"": 24, ""dense_l"": 32.1948, ""redundant"": 336, ""obs_zero"": false, ""frame_l"": 56.4919, ""chi_bits"": 12, ""mps_l"": 42.475, ""hsf_k"": 8, ""hsf_na"": 10, ""hsf_nb"": 14, ""hsf_l"": 32.2192, ""sup"": 24, ""chi_bits0"": 12, ""mps_l0"": 42.475, ""hsf_keff"": 8, ""hsf_l0"": 32.2192, ""sparse_l"": 31.3923, ""sv_l"": 31.3923, ""feat_secs"": 0.007714, ""feat_secs_frame"": 0.000532, ""feat_secs_hsf"": 0.007088}"
brick,"brick:n=24,D=4,nn=0",1,"{""n"": 24.0, ""D"": 4.0, ""nn"": 0.0}",plan,ok,1.357103,1.3628,308461568,-0.0001531558021112785,0,-0.0001531558021112785,0.0,engine=hsf aborted=[] plan_secs=0.009111,"{""n"": 24, ""gates"": 168, ""g2"": 48, ""g3"": 0, ""depth2"": 4, ""t_count"": 0, ""rotations"": 360, ""d"": 24, ""dense_l"": 32.1948, ""redundant"": 336, ""obs_zero"": false, ""frame_l"": 56.4919, ""chi_bits"": 12, ""mps_l"": 42.475, ""hsf_k"": 8, ""hsf_na"": 10, ""hsf_nb"": 14, ""hsf_l"": 32.2192, ""sup"": 24, ""chi_bits0"": 12, ""mps_l0"": 42.475, ""hsf_keff"": 8, ""hsf_l0"": 32.2192, ""sparse_l"": 31.3923, ""sv_l"": 31.3923, ""feat_secs"": 0.007714, ""feat_secs_frame"": 0.000532, ""feat_secs_hsf"": 0.007088}"
ct,"ct:n=24,L=1,t=0,nn=1",1,"{""n"": 24.0, ""L"": 1.0, ""t"": 0.0, ""nn"": 1.0}",planx,ok,5.1e-05,0.0046,2080768,-0.0,0,-0.0,0.0,engine=tableau aborted=[] plan_secs=0.000000,"{""n"": 24, ""gates"": 36, ""g2"": 12, ""g3"": 0, ""depth2"": 1, ""t_count"": 0, ""rotations"": 0, ""d"": 0, ""dense_l"": 0.0, ""redundant"": 0, ""obs_zero"": true, ""frame_l"": 5.1699, ""chi_bits"": 1, ""mps_l"": 6.9069, ""hsf_k"": 0, ""hsf_na"": 12, ""hsf_nb"": 12, ""hsf_l"": 24.0126, ""sup"": 12, ""chi_bits0"": 1, ""mps_l0"": 6.9069, ""hsf_keff"": 0, ""hsf_l0"": 24.0126, ""sparse_l"": 17.1699, ""sv_l"": 29.1699, ""feat_secs"": 0.002722, ""feat_secs_frame"": 7.3e-05, ""feat_secs_hsf"": 0.002618}"
ct,"ct:n=24,L=1,t=0,nn=1",1,"{""n"": 24.0, ""L"": 1.0, ""t"": 0.0, ""nn"": 1.0}",planp,ok,5.4e-05,0.0044,2064384,-0.0,0,-0.0,0.0,engine=tableau aborted=[] plan_secs=0.000000,"{""n"": 24, ""gates"": 36, ""g2"": 12, ""g3"": 0, ""depth2"": 1, ""t_count"": 0, ""rotations"": 0, ""d"": 0, ""dense_l"": 0.0, ""redundant"": 0, ""obs_zero"": true, ""frame_l"": 5.1699, ""chi_bits"": 1, ""mps_l"": 6.9069, ""hsf_k"": 0, ""hsf_na"": 12, ""hsf_nb"": 12, ""hsf_l"": 24.0126, ""sup"": 12, ""chi_bits0"": 1, ""mps_l0"": 6.9069, ""hsf_keff"": 0, ""hsf_l0"": 24.0126, ""sparse_l"": 17.1699, ""sv_l"": 29.1699, ""feat_secs"": 0.002722, ""feat_secs_frame"": 7.3e-05, ""feat_secs_hsf"": 0.002618}"
ct,"ct:n=24,L=1,t=0,nn=1",1,"{""n"": 24.0, ""L"": 1.0, ""t"": 0.0, ""nn"": 1.0}",plan,ok,0.000102,0.0044,2080768,0.0,0,-0.0,0.0,engine=zero aborted=[] plan_secs=0.000097,"{""n"": 24, ""gates"": 36, ""g2"": 12, ""g3"": 0, ""depth2"": 1, ""t_count"": 0, ""rotations"": 0, ""d"": 0, ""dense_l"": 0.0, ""redundant"": 0, ""obs_zero"": true, ""frame_l"": 5.1699, ""chi_bits"": 1, ""mps_l"": 6.9069, ""hsf_k"": 0, ""hsf_na"": 12, ""hsf_nb"": 12, ""hsf_l"": 24.0126, ""sup"": 12, ""chi_bits0"": 1, ""mps_l0"": 6.9069, ""hsf_keff"": 0, ""hsf_l0"": 24.0126, ""sparse_l"": 17.1699, ""sv_l"": 29.1699, ""feat_secs"": 0.002722, ""feat_secs_frame"": 7.3e-05, ""feat_secs_hsf"": 0.002618}"
ct,"ct:n=24,L=1,t=4,nn=1",1,"{""n"": 24.0, ""L"": 1.0, ""t"": 4.0, ""nn"": 1.0}",planx,ok,0.000143,0.0045,2097152,0.0,0,0.0,0.0,engine=cstate aborted=[] plan_secs=0.000102,"{""n"": 24, ""gates"": 44, ""g2"": 12, ""g3"": 0, ""depth2"": 1, ""t_count"": 4, ""rotations"": 4, ""d"": 1, ""dense_l"": 2.3219, ""redundant"": 3, ""obs_zero"": true, ""frame_l"": 5.4594, ""chi_bits"": 1, ""mps_l"": 7.0, ""hsf_k"": 0, ""hsf_na"": 12, ""hsf_nb"": 12, ""hsf_l"": 24.0154, ""sup"": 16, ""chi_bits0"": 1, ""mps_l0"": 7.0, ""hsf_keff"": 0, ""hsf_l0"": 24.0154, ""sparse_l"": 21.4594, ""sv_l"": 29.4594, ""feat_secs"": 0.002828, ""feat_secs_frame"": 9e-05, ""feat_secs_hsf"": 0.002705}"
ct,"ct:n=24,L=1,t=4,nn=1",1,"{""n"": 24.0, ""L"": 1.0, ""t"": 4.0, ""nn"": 1.0}",planp,ok,0.000133,0.0043,2113536,0.0,0,0.0,0.0,engine=cstate aborted=[] plan_secs=0.000100,"{""n"": 24, ""gates"": 44, ""g2"": 12, ""g3"": 0, ""depth2"": 1, ""t_count"": 4, ""rotations"": 4, ""d"": 1, ""dense_l"": 2.3219, ""redundant"": 3, ""obs_zero"": true, ""frame_l"": 5.4594, ""chi_bits"": 1, ""mps_l"": 7.0, ""hsf_k"": 0, ""hsf_na"": 12, ""hsf_nb"": 12, ""hsf_l"": 24.0154, ""sup"": 16, ""chi_bits0"": 1, ""mps_l0"": 7.0, ""hsf_keff"": 0, ""hsf_l0"": 24.0154, ""sparse_l"": 21.4594, ""sv_l"": 29.4594, ""feat_secs"": 0.002828, ""feat_secs_frame"": 9e-05, ""feat_secs_hsf"": 0.002705}"
ct,"ct:n=24,L=1,t=4,nn=1",1,"{""n"": 24.0, ""L"": 1.0, ""t"": 4.0, ""nn"": 1.0}",plan,ok,0.00011,0.0040,2097152,0.0,0,0.0,0.0,engine=zero aborted=[] plan_secs=0.000103,"{""n"": 24, ""gates"": 44, ""g2"": 12, ""g3"": 0, ""depth2"": 1, ""t_count"": 4, ""rotations"": 4, ""d"": 1, ""dense_l"": 2.3219, ""redundant"": 3, ""obs_zero"": true, ""frame_l"": 5.4594, ""chi_bits"": 1, ""mps_l"": 7.0, ""hsf_k"": 0, ""hsf_na"": 12, ""hsf_nb"": 12, ""hsf_l"": 24.0154, ""sup"": 16, ""chi_bits0"": 1, ""mps_l0"": 7.0, ""hsf_keff"": 0, ""hsf_l0"": 24.0154, ""sparse_l"": 21.4594, ""sv_l"": 29.4594, ""feat_secs"": 0.002828, ""feat_secs_frame"": 9e-05, ""feat_secs_hsf"": 0.002705}"
ct,"ct:n=24,L=1,t=12,nn=1",1,"{""n"": 24.0, ""L"": 1.0, ""t"": 12.0, ""nn"": 1.0}",planx,ok,0.000164,0.0043,2129920,0.0,0,0.0,0.0,engine=cstate aborted=[] plan_secs=0.000125,"{""n"": 24, ""gates"": 58, ""g2"": 12, ""g3"": 0, ""depth2"": 1, ""t_count"": 12, ""rotations"": 12, ""d"": 6, ""dense_l"": 7.8948, ""redundant"": 6, ""obs_zero"": true, ""frame_l"": 5.858, ""chi_bits"": 1, ""mps_l"": 7.1497, ""hsf_k"": 0, ""hsf_na"": 12, ""hsf_nb"": 12, ""hsf_l"": 24.0203, ""sup"": 19, ""chi_bits0"": 1, ""mps_l0"": 7.1497, ""hsf_keff"": 0, ""hsf_l0"": 24.0203, ""sparse_l"": 24.858, ""sv_l"": 29.858, ""feat_secs"": 0.002662, ""feat_secs_frame"": 7.9e-05, ""feat_secs_hsf"": 0.00254}"
ct,"ct:n=24,L=1,t=12,nn=1",1,"{""n"": 24.0, ""L"": 1.0, ""t"": 12.0, ""nn"": 1.0}",planp,ok,0.000168,0.0059,2129920,0.0,0,0.0,0.0,engine=cstate aborted=[] plan_secs=0.000124,"{""n"": 24, ""gates"": 58, ""g2"": 12, ""g3"": 0, ""depth2"": 1, ""t_count"": 12, ""rotations"": 12, ""d"": 6, ""dense_l"": 7.8948, ""redundant"": 6, ""obs_zero"": true, ""frame_l"": 5.858, ""chi_bits"": 1, ""mps_l"": 7.1497, ""hsf_k"": 0, ""hsf_na"": 12, ""hsf_nb"": 12, ""hsf_l"": 24.0203, ""sup"": 19, ""chi_bits0"": 1, ""mps_l0"": 7.1497, ""hsf_keff"": 0, ""hsf_l0"": 24.0203, ""sparse_l"": 24.858, ""sv_l"": 29.858, ""feat_secs"": 0.002662, ""feat_secs_frame"": 7.9e-05, ""feat_secs_hsf"": 0.00254}"
ct,"ct:n=24,L=1,t=12,nn=1",1,"{""n"": 24.0, ""L"": 1.0, ""t"": 12.0, ""nn"": 1.0}",plan,ok,0.000124,0.0066,2097152,0.0,0,0.0,0.0,engine=zero aborted=[] plan_secs=0.000117,"{""n"": 24, ""gates"": 58, ""g2"": 12, ""g3"": 0, ""depth2"": 1, ""t_count"": 12, ""rotations"": 12, ""d"": 6, ""dense_l"": 7.8948, ""redundant"": 6, ""obs_zero"": true, ""frame_l"": 5.858, ""chi_bits"": 1, ""mps_l"": 7.1497, ""hsf_k"": 0, ""hsf_na"": 12, ""hsf_nb"": 12, ""hsf_l"": 24.0203, ""sup"": 19, ""chi_bits0"": 1, ""mps_l0"": 7.1497, ""hsf_keff"": 0, ""hsf_l0"": 24.0203, ""sparse_l"": 24.858, ""sv_l"": 29.858, ""feat_secs"": 0.002662, ""feat_secs_frame"": 7.9e-05, ""feat_secs_hsf"": 0.00254}"
ct,"ct:n=24,L=1,t=24,nn=1",1,"{""n"": 24.0, ""L"": 1.0, ""t"": 24.0, ""nn"": 1.0}",planx,ok,0.000594,0.0075,2981888,0.0,0,0.0,0.0,engine=cstate aborted=[] plan_secs=0.000155,"{""n"": 24, ""gates"": 84, ""g2"": 12, ""g3"": 0, ""depth2"": 1, ""t_count"": 24, ""rotations"": 24, ""d"": 15, ""dense_l"": 17.2297, ""redundant"": 9, ""obs_zero"": true, ""frame_l"": 6.3923, ""chi_bits"": 1, ""mps_l"": 7.3923, ""hsf_k"": 0, ""hsf_na"": 12, ""hsf_nb"": 12, ""hsf_l"": 24.0293, ""sup"": 24, ""chi_bits0"": 1, ""mps_l0"": 7.3923, ""hsf_keff"": 0, ""hsf_l0"": 24.0293, ""sparse_l"": 30.3923, ""sv_l"": 30.3923, ""feat_secs"": 0.002674, ""feat_secs_frame"": 0.000103, ""feat_secs_hsf"": 0.002526}"
ct,"ct:n=24,L=1,t=24,nn=1",1,"{""n"": 24.0, ""L"": 1.0, ""t"": 24.0, ""nn"": 1.0}",planp,ok,0.000575,0.0076,2998272,0.0,0,0.0,0.0,engine=cstate aborted=[] plan_secs=0.000146,"{""n"": 24, ""gates"": 84, ""g2"": 12, ""g3"": 0, ""depth2"": 1, ""t_count"": 24, ""rotations"": 24, ""d"": 15, ""dense_l"": 17.2297, ""redundant"": 9, ""obs_zero"": true, ""frame_l"": 6.3923, ""chi_bits"": 1, ""mps_l"": 7.3923, ""hsf_k"": 0, ""hsf_na"": 12, ""hsf_nb"": 12, ""hsf_l"": 24.0293, ""sup"": 24, ""chi_bits0"": 1, ""mps_l0"": 7.3923, ""hsf_keff"": 0, ""hsf_l0"": 24.0293, ""sparse_l"": 30.3923, ""sv_l"": 30.3923, ""feat_secs"": 0.002674, ""feat_secs_frame"": 0.000103, ""feat_secs_hsf"": 0.002526}"
ct,"ct:n=24,L=1,t=24,nn=1",1,"{""n"": 24.0, ""L"": 1.0, ""t"": 24.0, ""nn"": 1.0}",plan,ok,0.000159,0.0067,2113536,0.0,0,0.0,0.0,engine=zero aborted=[] plan_secs=0.000153,"{""n"": 24, ""gates"": 84, ""g2"": 12, ""g3"": 0, ""depth2"": 1, ""t_count"": 24, ""rotations"": 24, ""d"": 15, ""dense_l"": 17.2297, ""redundant"": 9, ""obs_zero"": true, ""frame_l"": 6.3923, ""chi_bits"": 1, ""mps_l"": 7.3923, ""hsf_k"": 0, ""hsf_na"": 12, ""hsf_nb"": 12, ""hsf_l"": 24.0293, ""sup"": 24, ""chi_bits0"": 1, ""mps_l0"": 7.3923, ""hsf_keff"": 0, ""hsf_l0"": 24.0293, ""sparse_l"": 30.3923, ""sv_l"": 30.3923, ""feat_secs"": 0.002674, ""feat_secs_frame"": 0.000103, ""feat_secs_hsf"": 0.002526}"
ct,"ct:n=24,L=1,t=48,nn=1",1,"{""n"": 24.0, ""L"": 1.0, ""t"": 48.0, ""nn"": 1.0}",planx,ok,0.000386,0.0068,2637824,0.0,0,0.0,0.0,engine=mps aborted=[] plan_secs=0.000252,"{""n"": 24, ""gates"": 128, ""g2"": 12, ""g3"": 0, ""depth2"": 1, ""t_count"": 48, ""rotations"": 48, ""d"": 17, ""dense_l"": 19.2295, ""redundant"": 31, ""obs_zero"": true, ""frame_l"": 7.0, ""chi_bits"": 1, ""mps_l"": 7.7279, ""hsf_k"": 0, ""hsf_na"": 12, ""hsf_nb"": 12, ""hsf_l"": 24.0444, ""sup"": 23, ""chi_bits0"": 1, ""mps_l0"": 7.7279, ""hsf_keff"": 0, ""hsf_l0"": 24.0444, ""sparse_l"": 30.0, ""sv_l"": 31.0, ""feat_secs"": 0.002676, ""feat_secs_frame"": 0.000132, ""feat_secs_hsf"": 0.002476}"
ct,"ct:n=24,L=1,t=48,nn=1",1,"{""n"": 24.0, ""L"": 1.0, ""t"": 48.0, ""nn"": 1.0}",planp,ok,0.00044,0.0067,2621440,0.0,0,0.0,0.0,engine=mps aborted=[] plan_secs=0.000247,"{""n"": 24, ""gates"": 128, ""g2"": 12, ""g3"": 0, ""depth2"": 1, ""t_count"": 48, ""rotations"": 48, ""d"": 17, ""dense_l"": 19.2295, ""redundant"": 31, ""obs_zero"": true, ""frame_l"": 7.0, ""chi_bits"": 1, ""mps_l"": 7.7279, ""hsf_k"": 0, ""hsf_na"": 12, ""hsf_nb"": 12, ""hsf_l"": 24.0444, ""sup"": 23, ""chi_bits0"": 1, ""mps_l0"": 7.7279, ""hsf_keff"": 0, ""hsf_l0"": 24.0444, ""sparse_l"": 30.0, ""sv_l"": 31.0, ""feat_secs"": 0.002676, ""feat_secs_frame"": 0.000132, ""feat_secs_hsf"": 0.002476}"
ct,"ct:n=24,L=1,t=48,nn=1",1,"{""n"": 24.0, ""L"": 1.0, ""t"": 48.0, ""nn"": 1.0}",plan,ok,0.000255,0.0045,2244608,0.0,0,0.0,0.0,engine=zero aborted=[] plan_secs=0.000250,"{""n"": 24, ""gates"": 128, ""g2"": 12, ""g3"": 0, ""depth2"": 1, ""t_count"": 48, ""rotations"": 48, ""d"": 17, ""dense_l"": 19.2295, ""redundant"": 31, ""obs_zero"": true, ""frame_l"": 7.0, ""chi_bits"": 1, ""mps_l"": 7.7279, ""hsf_k"": 0, ""hsf_na"": 12, ""hsf_nb"": 12, ""hsf_l"": 24.0444, ""sup"": 23, ""chi_bits0"": 1, ""mps_l0"": 7.7279, ""hsf_keff"": 0, ""hsf_l0"": 24.0444, ""sparse_l"": 30.0, ""sv_l"": 31.0, ""feat_secs"": 0.002676, ""feat_secs_frame"": 0.000132, ""feat_secs_hsf"": 0.002476}"
ct,"ct:n=24,L=2,t=0,nn=1",1,"{""n"": 24.0, ""L"": 2.0, ""t"": 0.0, ""nn"": 1.0}",planx,ok,5.3e-05,0.0039,2097152,-0.0,0,-0.0,0.0,engine=tableau aborted=[] plan_secs=0.000000,"{""n"": 24, ""gates"": 67, ""g2"": 23, ""g3"": 0, ""depth2"": 2, ""t_count"": 0, ""rotations"": 0, ""d"": 0, ""dense_l"": 0.0, ""redundant"": 0, ""obs_zero"": true, ""frame_l"": 6.0661, ""chi_bits"": 1, ""mps_l"": 8.1699, ""hsf_k"": 1, ""hsf_na"": 12, ""hsf_nb"": 12, ""hsf_l"": 25.0234, ""sup"": 17, ""chi_bits0"": 1, ""mps_l0"": 8.1699, ""hsf_keff"": 1, ""hsf_l0"": 25.0234, ""sparse_l"": 23.0661, ""sv_l"": 30.0661, ""feat_secs"": 0.005052, ""feat_secs_frame"": 9.5e-05, ""feat_secs_hsf"": 0.004911}"
ct,"ct:n=24,L=2,t=0,nn=1",1,"{""n"": 24.0, ""L"": 2.0, ""t"": 0.0, ""nn"": 1.0}",planp,ok,5.1e-05,0.0040,2080768,-0.0,0,-0.0,0.0,engine=tableau aborted=[] plan_secs=0.000000,"{""n"": 24, ""gates"": 67, ""g2"": 23, ""g3"": 0, ""depth2"": 2, ""t_count"": 0, ""rotations"": 0, ""d"": 0, ""dense_l"": 0.0, ""redundant"": 0, ""obs_zero"": true, ""frame_l"": 6.0661, ""chi_bits"": 1, ""mps_l"": 8.1699, ""hsf_k"": 1, ""hsf_na"": 12, ""hsf_nb"": 12, ""hsf_l"": 25.0234, ""sup"": 17, ""chi_bits0"": 1, ""mps_l0"": 8.1699, ""hsf_keff"": 1, ""hsf_l0"": 25.0234, ""sparse_l"": 23.0661, ""sv_l"": 30.0661, ""feat_secs"": 0.005052, ""feat_secs_frame"": 9.5e-05, ""feat_secs_hsf"": 0.004911}"
ct,"ct:n=24,L=2,t=0,nn=1",1,"{""n"": 24.0, ""L"": 2.0, ""t"": 0.0, ""nn"": 1.0}",plan,ok,0.000142,0.0067,2097152,0.0,0,-0.0,0.0,engine=zero aborted=[] plan_secs=0.000138,"{""n"": 24, ""gates"": 67, ""g2"": 23, ""g3"": 0, ""depth2"": 2, ""t_count"": 0, ""rotations"": 0, ""d"": 0, ""dense_l"": 0.0, ""redundant"": 0, ""obs_zero"": true, ""frame_l"": 6.0661, ""chi_bits"": 1, ""mps_l"": 8.1699, ""hsf_k"": 1, ""hsf_na"": 12, ""hsf_nb"": 12, ""hsf_l"": 25.0234, ""sup"": 17, ""chi_bits0"": 1, ""mps_l0"": 8.1699, ""hsf_keff"": 1, ""hsf_l0"": 25.0234, ""sparse_l"": 23.0661, ""sv_l"": 30.0661, ""feat_secs"": 0.005052, ""feat_secs_frame"": 9.5e-05, ""feat_secs_hsf"": 0.004911}"
ct,"ct:n=24,L=2,t=4,nn=1",1,"{""n"": 24.0, ""L"": 2.0, ""t"": 4.0, ""nn"": 1.0}",planx,ok,0.000211,0.0044,2129920,0.0,0,0.0,0.0,engine=cstate aborted=[] plan_secs=0.000158,"{""n"": 24, ""gates"": 74, ""g2"": 23, ""g3"": 0, ""depth2"": 2, ""t_count"": 4, ""rotations"": 4, ""d"": 3, ""dense_l"": 4.1699, ""redundant"": 1, ""obs_zero"": true, ""frame_l"": 6.2095, ""chi_bits"": 1, ""mps_l"": 8.3038, ""hsf_k"": 1, ""hsf_na"": 12, ""hsf_nb"": 12, ""hsf_l"": 24.0258, ""sup"": 19, ""chi_bits0"": 1, ""mps_l0"": 8.3038, ""hsf_keff"": 0, ""hsf_l0"": 25.0258, ""sparse_l"": 25.2095, ""sv_l"": 30.2095, ""feat_secs"": 0.00567, ""feat_secs_frame"": 0.000114, ""feat_secs_hsf"": 0.005503}"
ct,"ct:n=24,L=2,t=4,nn=1",1,"{""n"": 24.0, ""L"": 2.0, ""t"": 4.0, ""nn"": 1.0}",planp,ok,0.000202,0.0044,2146304,0.0,0,0.0,0.0,engine=cstate aborted=[] plan_secs=0.000152,"{""n"": 24, ""gates"": 74, ""g2"": 23, ""g3"": 0, ""depth2"": 2, ""t_count"": 4, ""rotations"": 4, ""d"": 3, ""dense_l"": 4.1699, ""redundant"": 1, ""obs_zero"": true, ""frame_l"": 6.2095, ""chi_bits"": 1, ""mps_l"": 8.3038, ""hsf_k"": 1, ""hsf_na"": 12, ""hsf_nb"": 12, ""hsf_l"": 24.0258, ""sup"": 19, ""chi_bits0"": 1, ""mps_l0"": 8.3038, ""hsf_keff"": 0, ""hsf_l0"": 25.0258, ""sparse_l"": 25.2095, ""sv_l"": 30.2095, ""feat_secs"": 0.00567, ""feat_secs_frame"": 0.000114, ""feat_secs_hsf"": 0.005503}"
ct,"ct:n=24,L=2,t=4,nn=1",1,"{""n"": 24.0, ""L"": 2.0, ""t"": 4.0, ""nn"": 1.0}",plan,ok,0.000148,0.0036,2113536,0.0,0,0.0,0.0,engine=zero aborted=[] plan_secs=0.000142,"{""n"": 24, ""gates"": 74, ""g2"": 23, ""g3"": 0, ""depth2"": 2, ""t_count"": 4, ""rotations"": 4, ""d"": 3, ""dense_l"": 4.1699, ""redundant"": 1, ""obs_zero"": true, ""frame_l"": 6.2095, ""chi_bits"": 1, ""mps_l"": 8.3038, ""hsf_k"": 1, ""hsf_na"": 12, ""hsf_nb"": 12, ""hsf_l"": 24.0258, ""sup"": 19, ""chi_bits0"": 1, ""mps_l0"": 8.3038, ""hsf_keff"": 0, ""hsf_l0"": 25.0258, ""sparse_l"": 25.2095, ""sv_l"": 30.2095, ""feat_secs"": 0.00567, ""feat_secs_frame"": 0.000114, ""feat_secs_hsf"": 0.005503}"
ct,"ct:n=24,L=2,t=12,nn=1",1,"{""n"": 24.0, ""L"": 2.0, ""t"": 12.0, ""nn"": 1.0}",planx,ok,0.000223,0.0044,2146304,0.0,0,0.0,0.0,engine=cstate aborted=[] plan_secs=0.000169,"{""n"": 24, ""gates"": 90, ""g2"": 23, ""g3"": 0, ""depth2"": 2, ""t_count"": 12, ""rotations"": 12, ""d"": 9, ""dense_l"": 10.8057, ""redundant"": 3, ""obs_zero"": true, ""frame_l"": 6.4919, ""chi_bits"": 1, ""mps_l"": 8.4263, ""hsf_k"": 1, ""hsf_na"": 12, ""hsf_nb"": 12, ""hsf_l"": 25.0314, ""sup"": 18, ""chi_bits0"": 1, ""mps_l0"": 8.4263, ""hsf_keff"": 1, ""hsf_l0"": 25.0314, ""sparse_l"": 24.4919, ""sv_l"": 30.4919, ""feat_secs"": 0.005128, ""feat_secs_frame"": 0.000118, ""feat_secs_hsf"": 0.00496}"
ct,"ct:n=24,L=2,t=12,nn=1",1,"{""n"": 24.0, ""L"": 2.0, ""t"": 12.0, ""nn"": 1.0}",planp,ok,0.000217,0.0043,2129920,0.0,0,0.0,0.0,engine=cstate aborted=[] plan_secs=0.000161,"{""n"": 24, ""gates"": 90, ""g2"": 23, ""g3"": 0, ""depth2"": 2, ""t_count"": 12, ""rotations"": 12, ""d"": 9, ""dense_l"": 10.8057, ""redundant"": 3, ""obs_zero"": true, ""frame_l"": 6.4919, ""chi_bits"": 1, ""mps_l"": 8.4263, ""hsf_k"": 1, ""hsf_na"": 12, ""hsf_nb"": 12, ""hsf_l"": 25.0314, ""sup"": 18, ""chi_bits0"": 1, ""mps_l0"": 8.4263, ""hsf_keff"": 1, ""hsf_l0"": 25.0314, ""sparse_l"": 24.4919, ""sv_l"": 30.4919, ""feat_secs"": 0.005128, ""feat_secs_frame"": 0.000118, ""feat_secs_hsf"": 0.00496}"
ct,"ct:n=24,L=2,t=12,nn=1",1,"{""n"": 24.0, ""L"": 2.0, ""t"": 12.0, ""nn"": 1.0}",plan,ok,0.00016,0.0041,2113536,0.0,0,0.0,0.0,engine=zero aborted=[] plan_secs=0.000154,"{""n"": 24, ""gates"": 90, ""g2"": 23, ""g3"": 0, ""depth2"": 2, ""t_count"": 12, ""rotations"": 12, ""d"": 9, ""dense_l"": 10.8057, ""redundant"": 3, ""obs_zero"": true, ""frame_l"": 6.4919, ""chi_bits"": 1, ""mps_l"": 8.4263, ""hsf_k"": 1, ""hsf_na"": 12, ""hsf_nb"": 12, ""hsf_l"": 25.0314, ""sup"": 18, ""chi_bits0"": 1, ""mps_l0"": 8.4263, ""hsf_keff"": 1, ""hsf_l0"": 25.0314, ""sparse_l"": 24.4919, ""sv_l"": 30.4919, ""feat_secs"": 0.005128, ""feat_secs_frame"": 0.000118, ""feat_secs_hsf"": 0.00496}"
ct,"ct:n=24,L=2,t=24,nn=1",1,"{""n"": 24.0, ""L"": 2.0, ""t"": 24.0, ""nn"": 1.0}",planx,ok,0.000382,0.0044,2277376,0.0,0,0.0,0.0,engine=cstate aborted=[] plan_secs=0.000250,"{""n"": 24, ""gates"": 121, ""g2"": 23, ""g3"": 0, ""depth2"": 2, ""t_count"": 24, ""rotations"": 24, ""d"": 13, ""dense_l"": 15.0567, ""redundant"": 11, ""obs_zero"": true, ""frame_l"": 6.9189, ""chi_bits"": 1, ""mps_l"": 8.7748, ""hsf_k"": 1, ""hsf_na"": 12, ""hsf_nb"": 12, ""hsf_l"": 25.042, ""sup"": 22, ""chi_bits0"": 1, ""mps_l0"": 8.7748, ""hsf_keff"": 1, ""hsf_l0"": 25.042, ""sparse_l"": 28.9189, ""sv_l"": 30.9189, ""feat_secs"": 0.005194, ""feat_secs_frame"": 0.000142, ""feat_secs_hsf"": 0.004988}"
ct,"ct:n=24,L=2,t=24,nn=1",1,"{""n"": 24.0, ""L"": 2.0, ""t"": 24.0, ""nn"": 1.0}",planp,ok,0.000328,0.0044,2277376,0.0,0,0.0,0.0,engine=cstate aborted=[] plan_secs=0.000217,"{""n"": 24, ""gates"": 121, ""g2"": 23, ""g3"": 0, ""depth2"": 2, ""t_count"": 24, ""rotations"": 24, ""d"": 13, ""dense_l"": 15.0567, ""redundant"": 11, ""obs_zero"": true, ""frame_l"": 6.9189, ""chi_bits"": 1, ""mps_l"": 8.7748, ""hsf_k"": 1, ""hsf_na"": 12, ""hsf_nb"": 12, ""hsf_l"": 25.042, ""sup"": 22, ""chi_bits0"": 1, ""mps_l0"": 8.7748, ""hsf_keff"": 1, ""hsf_l0"": 25.042, ""sparse_l"": 28.9189, ""sv_l"": 30.9189, ""feat_secs"": 0.005194, ""feat_secs_frame"": 0.000142, ""feat_secs_hsf"": 0.004988}"
ct,"ct:n=24,L=2,t=24,nn=1",1,"{""n"": 24.0, ""L"": 2.0, ""t"": 24.0, ""nn"": 1.0}",plan,ok,0.000215,0.0067,2129920,0.0,0,0.0,0.0,engine=zero aborted=[] plan_secs=0.000209,"{""n"": 24, ""gates"": 121, ""g2"": 23, ""g3"": 0, ""depth2"": 2, ""t_count"": 24, ""rotations"": 24, ""d"": 13, ""dense_l"": 15.0567, ""redundant"": 11, ""obs_zero"": true, ""frame_l"": 6.9189, ""chi_bits"": 1, ""mps_l"": 8.7748, ""hsf_k"": 1, ""hsf_na"": 12, ""hsf_nb"": 12, ""hsf_l"": 25.042, ""sup"": 22, ""chi_bits0"": 1, ""mps_l0"": 8.7748, ""hsf_keff"": 1, ""hsf_l0"": 25.042, ""sparse_l"": 28.9189, ""sv_l"": 30.9189, ""feat_secs"": 0.005194, ""feat_secs_frame"": 0.000142, ""feat_secs_hsf"": 0.004988}"
ct,"ct:n=24,L=2,t=48,nn=1",1,"{""n"": 24.0, ""L"": 2.0, ""t"": 48.0, ""nn"": 1.0}",planx,ok,0.000534,0.0063,2883584,0.0,0,0.0,0.0,engine=mps aborted=[] plan_secs=0.000311,"{""n"": 24, ""gates"": 161, ""g2"": 23, ""g3"": 0, ""depth2"": 2, ""t_count"": 48, ""rotations"": 48, ""d"": 21, ""dense_l"": 23.2171, ""redundant"": 27, ""obs_zero"": true, ""frame_l"": 7.3309, ""chi_bits"": 1, ""mps_l"": 9.0553, ""hsf_k"": 1, ""hsf_na"": 12, ""hsf_nb"": 12, ""hsf_l"": 25.0556, ""sup"": 24, ""chi_bits0"": 1, ""mps_l0"": 9.0553, ""hsf_keff"": 1, ""hsf_l0"": 25.0556, ""sparse_l"": 31.3309, ""sv_l"": 31.3309, ""feat_secs"": 0.005207, ""feat_secs_frame"": 0.000209, ""feat_secs_hsf"": 0.00492}"
ct,"ct:n=24,L=2,t=48,nn=1",1,"{""n"": 24.0, ""L"": 2.0, ""t"": 48.0, ""nn"": 1.0}",planp,ok,0.00051,0.0063,2850816,0.0,0,0.0,0.0,engine=mps aborted=[] plan_secs=0.000311,"{""n"": 24, ""gates"": 161, ""g2"": 23, ""g3"": 0, ""depth2"": 2, ""t_count"": 48, ""rotations"": 48, ""d"": 21, ""dense_l"": 23.2171, ""redundant"": 27, ""obs_zero"": true, ""frame_l"": 7.3309, ""chi_bits"": 1, ""mps_l"": 9.0553, ""hsf_k"": 1, ""hsf_na"": 12, ""hsf_nb"": 12, ""hsf_l"": 25.0556, ""sup"": 24, ""chi_bits0"": 1, ""mps_l0"": 9.0553, ""hsf_keff"": 1, ""hsf_l0"": 25.0556, ""sparse_l"": 31.3309, ""sv_l"": 31.3309, ""feat_secs"": 0.005207, ""feat_secs_frame"": 0.000209, ""feat_secs_hsf"": 0.00492}"
ct,"ct:n=24,L=2,t=48,nn=1",1,"{""n"": 24.0, ""L"": 2.0, ""t"": 48.0, ""nn"": 1.0}",plan,ok,0.000324,0.0044,2277376,0.0,0,0.0,0.0,engine=zero aborted=[] plan_secs=0.000319,"{""n"": 24, ""gates"": 161, ""g2"": 23, ""g3"": 0, ""depth2"": 2, ""t_count"": 48, ""rotations"": 48, ""d"": 21, ""dense_l"": 23.2171, ""redundant"": 27, ""obs_zero"": true, ""frame_l"": 7.3309, ""chi_bits"": 1, ""mps_l"": 9.0553, ""hsf_k"": 1, ""hsf_na"": 12, ""hsf_nb"": 12, ""hsf_l"": 25.0556, ""sup"": 24, ""chi_bits0"": 1, ""mps_l0"": 9.0553, ""hsf_keff"": 1, ""hsf_l0"": 25.0556, ""sparse_l"": 31.3309, ""sv_l"": 31.3309, ""feat_secs"": 0.005207, ""feat_secs_frame"": 0.000209, ""feat_secs_hsf"": 0.00492}"
ct,"ct:n=24,L=4,t=0,nn=1",1,"{""n"": 24.0, ""L"": 4.0, ""t"": 0.0, ""nn"": 1.0}",planx,ok,5.8e-05,0.0044,2113536,-0.0,0,-0.0,0.0,engine=tableau aborted=[] plan_secs=0.000000,"{""n"": 24, ""gates"": 143, ""g2"": 46, ""g3"": 0, ""depth2"": 4, ""t_count"": 0, ""rotations"": 0, ""d"": 0, ""dense_l"": 0.0, ""redundant"": 0, ""obs_zero"": true, ""frame_l"": 7.1599, ""chi_bits"": 2, ""mps_l"": 11.0526, ""hsf_k"": 2, ""hsf_na"": 12, ""hsf_nb"": 12, ""hsf_l"": 26.0495, ""sup"": 24, ""chi_bits0"": 2, ""mps_l0"": 11.0526, ""hsf_keff"": 2, ""hsf_l0"": 26.0495, ""sparse_l"": 31.1599, ""sv_l"": 31.1599, ""feat_secs"": 0.00516, ""feat_secs_frame"": 0.000185, ""feat_secs_hsf"": 0.004911}"
ct,"ct:n=24,L=4,t=0,nn=1",1,"{""n"": 24.0, ""L"": 4.0, ""t"": 0.0, ""nn"": 1.0}",planp,ok,6.3e-05,0.0044,2129920,-0.0,0,-0.0,0.0,engine=tableau aborted=[] plan_secs=0.000000,"{""n"": 24, ""gates"": 143, ""g2"": 46, ""g3"": 0, ""depth2"": 4, ""t_count"": 0, ""rotations"": 0, ""d"": 0, ""dense_l"": 0.0, ""redundant"": 0, ""obs_zero"": true, ""frame_l"": 7.1599, ""chi_bits"": 2, ""mps_l"": 11.0526, ""hsf_k"": 2, ""hsf_na"": 12, ""hsf_nb"": 12, ""hsf_l"": 26.0495, ""sup"": 24, ""chi_bits0"": 2, ""mps_l0"": 11.0526, ""hsf_keff"": 2, ""hsf_l0"": 26.0495, ""sparse_l"": 31.1599, ""sv_l"": 31.1599, ""feat_secs"": 0.00516, ""feat_secs_frame"": 0.000185, ""feat_secs_hsf"": 0.004911}"
ct,"ct:n=24,L=4,t=0,nn=1",1,"{""n"": 24.0, ""L"": 4.0, ""t"": 0.0, ""nn"": 1.0}",plan,ok,0.000253,0.0039,2129920,0.0,0,-0.0,0.0,engine=zero aborted=[] plan_secs=0.000247,"{""n"": 24, ""gates"": 143, ""g2"": 46, ""g3"": 0, ""depth2"": 4, ""t_count"": 0, ""rotations"": 0, ""d"": 0, ""dense_l"": 0.0, ""redundant"": 0, ""obs_zero"": true, ""frame_l"": 7.1599, ""chi_bits"": 2, ""mps_l"": 11.0526, ""hsf_k"": 2, ""hsf_na"": 12, ""hsf_nb"": 12, ""hsf_l"": 26.0495, ""sup"": 24, ""chi_bits0"": 2, ""mps_l0"": 11.0526, ""hsf_keff"": 2, ""hsf_l0"": 26.0495, ""sparse_l"": 31.1599, ""sv_l"": 31.1599, ""feat_secs"": 0.00516, ""feat_secs_frame"": 0.000185, ""feat_secs_hsf"": 0.004911}"
ct,"ct:n=24,L=4,t=4,nn=1",1,"{""n"": 24.0, ""L"": 4.0, ""t"": 4.0, ""nn"": 1.0}",planx,ok,0.000316,0.0048,2162688,0.0,0,0.0,0.0,engine=cstate aborted=[] plan_secs=0.000231,"{""n"": 24, ""gates"": 148, ""g2"": 46, ""g3"": 0, ""depth2"": 4, ""t_count"": 4, ""rotations"": 4, ""d"": 4, ""dense_l"": 4.9069, ""redundant"": 0, ""obs_zero"": true, ""frame_l"": 7.2095, ""chi_bits"": 2, ""mps_l"": 11.1137, ""hsf_k"": 2, ""hsf_na"": 12, ""hsf_nb"": 12, ""hsf_l"": 25.0512, ""sup"": 24, ""chi_bits0"": 2, ""mps_l0"": 11.1137, ""hsf_keff"": 1, ""hsf_l0"": 26.0512, ""sparse_l"": 31.2095, ""sv_l"": 31.2095, ""feat_secs"": 0.005343, ""feat_secs_frame"": 0.000164, ""feat_secs_hsf"": 0.005106}"
ct,"ct:n=24,L=4,t=4,nn=1",1,"{""n"": 24.0, ""L"": 4.0, ""t"": 4.0, ""nn"": 1.0}",planp,ok,0.000305,0.0040,2162688,0.0,0,0.0,0.0,engine=cstate aborted=[] plan_secs=0.000223,"{""n"": 24, ""gates"": 148, ""g2"": 46, ""g3"": 0, ""depth2"": 4, ""t_count"": 4, ""rotations"": 4, ""d"": 4, ""dense_l"": 4.9069, ""redundant"": 0, ""obs_zero"": true, ""frame_l"": 7.2095, ""chi_bits"": 2, ""mps_l"": 11.1137, ""hsf_k"": 2, ""hsf_na"": 12, ""hsf_nb"": 12, ""hsf_l"": 25.0512, ""sup"": 24, ""chi_bits0"": 2, ""mps_l0"": 11.1137, ""hsf_keff"": 1, ""hsf_l0"": 26.0512, ""sparse_l"": 31.2095, ""sv_l"": 31.2095, ""feat_secs"": 0.005343, ""feat_secs_frame"": 0.000164, ""feat_secs_hsf"": 0.005106}"
ct,"ct:n=24,L=4,t=4,nn=1",1,"{""n"": 24.0, ""L"": 4.0, ""t"": 4.0, ""nn"": 1.0}",plan,ok,0.00023,0.0044,2146304,0.0,0,0.0,0.0,engine=zero aborted=[] plan_secs=0.000224,"{""n"": 24, ""gates"": 148, ""g2"": 46, ""g3"": 0, ""depth2"": 4, ""t_count"": 4, ""rotations"": 4, ""d"": 4, ""dense_l"": 4.9069, ""redundant"": 0, ""obs_zero"": true, ""frame_l"": 7.2095, ""chi_bits"": 2, ""mps_l"": 11.1137, ""hsf_k"": 2, ""hsf_na"": 12, ""hsf_nb"": 12, ""hsf_l"": 25.0512, ""sup"": 24, ""chi_bits0"": 2, ""mps_l0"": 11.1137, ""hsf_keff"": 1, ""hsf_l0"": 26.0512, ""sparse_l"": 31.2095, ""sv_l"": 31.2095, ""feat_secs"": 0.005343, ""feat_secs_frame"": 0.000164, ""feat_secs_hsf"": 0.005106}"
ct,"ct:n=24,L=4,t=12,nn=1",1,"{""n"": 24.0, ""L"": 4.0, ""t"": 12.0, ""nn"": 1.0}",planx,ok,0.000346,0.0064,2211840,0.0,0,0.0,0.0,engine=cstate aborted=[] plan_secs=0.000261,"{""n"": 24, ""gates"": 167, ""g2"": 46, ""g3"": 0, ""depth2"": 4, ""t_count"": 12, ""rotations"": 12, ""d"": 9, ""dense_l"": 10.0265, ""redundant"": 3, ""obs_zero"": true, ""frame_l"": 7.3837, ""chi_bits"": 2, ""mps_l"": 11.2252, ""hsf_k"": 2, ""hsf_na"": 12, ""hsf_nb"": 12, ""hsf_l"": 26.0577, ""sup"": 23, ""chi_bits0"": 2, ""mps_l0"": 11.2252, ""hsf_keff"": 2, ""hsf_l0"": 26.0577, ""sparse_l"": 30.3837, ""sv_l"": 31.3837, ""feat_secs"": 0.005171, ""feat_secs_frame"": 0.00017, ""feat_secs_hsf"": 0.004926}"
ct,"ct:n=24,L=4,t=12,nn=1",1,"{""n"": 24.0, ""L"": 4.0, ""t"": 12.0, ""nn"": 1.0}",planp,ok,0.000339,0.0065,2195456,0.0,0,0.0,0.0,engine=cstate aborted=[] plan_secs=0.000257,"{""n"": 24, ""gates"": 167, ""g2"": 46, ""g3"": 0, ""depth2"": 4, ""t_count"": 12, ""rotations"": 12, ""d"": 9, ""dense_l"": 10.0265, ""redundant"": 3, ""obs_zero"": true, ""frame_l"": 7.3837, ""chi_bits"": 2, ""mps_l"": 11.2252, ""hsf_k"": 2, ""hsf_na"": 12, ""hsf_nb"": 12, ""hsf_l"": 26.0577, ""sup"": 23, ""chi_bits0"": 2, ""mps_l0"": 11.2252, ""hsf_keff"": 2, ""hsf_l0"": 26.0577, ""sparse_l"": 30.3837, ""sv_l"": 31.3837, ""feat_secs"": 0.005171, ""feat_secs_frame"": 0.00017, ""feat_secs_hsf"": 0.004926}"
ct,"ct:n=24,L=4,t=12,nn=1",1,"{""n"": 24.0, ""L"": 4.0, ""t"": 12.0, ""nn"": 1.0}",plan,ok,0.000257,0.0044,2195456,0.0,0,0.0,0.0,engine=zero aborted=[] plan_secs=0.000251,"{""n"": 24, ""gates"": 167, ""g2"": 46, ""g3"": 0, ""depth2"": 4, ""t_count"": 12, ""rotations"": 12, ""d"": 9, ""dense_l"": 10.0265, ""redundant"": 3, ""obs_zero"": true, ""frame_l"": 7.3837, ""chi_bits"": 2, ""mps_l"": 11.2252, ""hsf_k"": 2, ""hsf_na"": 12, ""hsf_nb"": 12, ""hsf_l"": 26.0577, ""sup"": 23, ""chi_bits0"": 2, ""mps_l0"": 11.2252, ""hsf_keff"": 2, ""hsf_l0"": 26.0577, ""sparse_l"": 30.3837, ""sv_l"": 31.3837, ""feat_secs"": 0.005171, ""feat_secs_frame"": 0.00017, ""feat_secs_hsf"": 0.004926}"
ct,"ct:n=24,L=4,t=24,nn=1",1,"{""n"": 24.0, ""L"": 4.0, ""t"": 24.0, ""nn"": 1.0}",planx,ok,0.000512,0.0067,2326528,0.0,0,0.0,0.0,engine=cstate aborted=[] plan_secs=0.000356,"{""n"": 24, ""gates"": 192, ""g2"": 46, ""g3"": 0, ""depth2"": 4, ""t_count"": 24, ""rotations"": 24, ""d"": 13, ""dense_l"": 14.4916, ""redundant"": 11, ""obs_zero"": true, ""frame_l"": 7.585, ""chi_bits"": 2, ""mps_l"": 11.2668, ""hsf_k"": 2, ""hsf_na"": 12, ""hsf_nb"": 12, ""hsf_l"": 26.0661, ""sup"": 24, ""chi_bits0"": 2, ""mps_l0"": 11.2668, ""hsf_keff"": 2, ""hsf_l0"": 26.0661, ""sparse_l"": 31.585, ""sv_l"": 31.585, ""feat_secs"": 0.005352, ""feat_secs_frame"": 0.000191, ""feat_secs_hsf"": 0.005071}"
ct,"ct:n=24,L=4,t=24,nn=1",1,"{""n"": 24.0, ""L"": 4.0, ""t"": 24.0, ""nn"": 1.0}",planp,ok,0.00041,0.0042,2342912,0.0,0,0.0,0.0,engine=cstate aborted=[] plan_secs=0.000272,"{""n"": 24, ""gates"": 192, ""g2"": 46, ""g3"": 0, ""depth2"": 4, ""t_count"": 24, ""rotations"": 24, ""d"": 13, ""dense_l"": 14.4916, ""redundant"": 11, ""obs_zero"": true, ""frame_l"": 7.585, ""chi_bits"": 2, ""mps_l"": 11.2668, ""hsf_k"": 2, ""hsf_na"": 12, ""hsf_nb"": 12, ""hsf_l"": 26.0661, ""sup"": 24, ""chi_bits0"": 2, ""mps_l0"": 11.2668, ""hsf_keff"": 2, ""hsf_l0"": 26.0661, ""sparse_l"": 31.585, ""sv_l"": 31.585, ""feat_secs"": 0.005352, ""feat_secs_frame"": 0.000191, ""feat_secs_hsf"": 0.005071}"
ct,"ct:n=24,L=4,t=24,nn=1",1,"{""n"": 24.0, ""L"": 4.0, ""t"": 24.0, ""nn"": 1.0}",plan,ok,0.000279,0.0042,2179072,0.0,0,0.0,0.0,engine=zero aborted=[] plan_secs=0.000275,"{""n"": 24, ""gates"": 192, ""g2"": 46, ""g3"": 0, ""depth2"": 4, ""t_count"": 24, ""rotations"": 24, ""d"": 13, ""dense_l"": 14.4916, ""redundant"": 11, ""obs_zero"": true, ""frame_l"": 7.585, ""chi_bits"": 2, ""mps_l"": 11.2668, ""hsf_k"": 2, ""hsf_na"": 12, ""hsf_nb"": 12, ""hsf_l"": 26.0661, ""sup"": 24, ""chi_bits0"": 2, ""mps_l0"": 11.2668, ""hsf_keff"": 2, ""hsf_l0"": 26.0661, ""sparse_l"": 31.585, ""sv_l"": 31.585, ""feat_secs"": 0.005352, ""feat_secs_frame"": 0.000191, ""feat_secs_hsf"": 0.005071}"
ct,"ct:n=24,L=4,t=48,nn=1",1,"{""n"": 24.0, ""L"": 4.0, ""t"": 48.0, ""nn"": 1.0}",planx,ok,0.000794,0.0074,2981888,-9.103106807905869e-80,0,-9.103106807905869e-80,0.0,engine=mps aborted=[] plan_secs=0.000437,"{""n"": 24, ""gates"": 240, ""g2"": 46, ""g3"": 0, ""depth2"": 4, ""t_count"": 48, ""rotations"": 48, ""d"": 22, ""dense_l"": 23.9667, ""redundant"": 26, ""obs_zero"": true, ""frame_l"": 7.9069, ""chi_bits"": 2, ""mps_l"": 11.3945, ""hsf_k"": 2, ""hsf_na"": 12, ""hsf_nb"": 12, ""hsf_l"": 26.0821, ""sup"": 24, ""chi_bits0"": 2, ""mps_l0"": 11.3945, ""hsf_keff"": 2, ""hsf_l0"": 26.0821, ""sparse_l"": 31.9069, ""sv_l"": 31.9069, ""feat_secs"": 0.005341, ""feat_secs_frame"": 0.000228, ""feat_secs_hsf"": 0.005008}"
ct,"ct:n=24,L=4,t=48,nn=1",1,"{""n"": 24.0, ""L"": 4.0, ""t"": 48.0, ""nn"": 1.0}",planp,ok,0.000756,0.0066,2949120,-9.103106807905869e-80,0,-9.103106807905869e-80,0.0,engine=mps aborted=[] plan_secs=0.000431,"{""n"": 24, ""gates"": 240, ""g2"": 46, ""g3"": 0, ""depth2"": 4, ""t_count"": 48, ""rotations"": 48, ""d"": 22, ""dense_l"": 23.9667, ""redundant"": 26, ""obs_zero"": true, ""frame_l"": 7.9069, ""chi_bits"": 2, ""mps_l"": 11.3945, ""hsf_k"": 2, ""hsf_na"": 12, ""hsf_nb"": 12, ""hsf_l"": 26.0821, ""sup"": 24, ""chi_bits0"": 2, ""mps_l0"": 11.3945, ""hsf_keff"": 2, ""hsf_l0"": 26.0821, ""sparse_l"": 31.9069, ""sv_l"": 31.9069, ""feat_secs"": 0.005341, ""feat_secs_frame"": 0.000228, ""feat_secs_hsf"": 0.005008}"
ct,"ct:n=24,L=4,t=48,nn=1",1,"{""n"": 24.0, ""L"": 4.0, ""t"": 48.0, ""nn"": 1.0}",plan,ok,0.000469,0.0070,2310144,0.0,0,-9.103106807905869e-80,9.103106807905869e-80,engine=zero aborted=[] plan_secs=0.000463,"{""n"": 24, ""gates"": 240, ""g2"": 46, ""g3"": 0, ""depth2"": 4, ""t_count"": 48, ""rotations"": 48, ""d"": 22, ""dense_l"": 23.9667, ""redundant"": 26, ""obs_zero"": true, ""frame_l"": 7.9069, ""chi_bits"": 2, ""mps_l"": 11.3945, ""hsf_k"": 2, ""hsf_na"": 12, ""hsf_nb"": 12, ""hsf_l"": 26.0821, ""sup"": 24, ""chi_bits0"": 2, ""mps_l0"": 11.3945, ""hsf_keff"": 2, ""hsf_l0"": 26.0821, ""sparse_l"": 31.9069, ""sv_l"": 31.9069, ""feat_secs"": 0.005341, ""feat_secs_frame"": 0.000228, ""feat_secs_hsf"": 0.005008}"
ct,"ct:n=24,L=8,t=0,nn=1",1,"{""n"": 24.0, ""L"": 8.0, ""t"": 0.0, ""nn"": 1.0}",planx,ok,8.7e-05,0.0045,2179072,-0.0,0,-0.0,0.0,engine=tableau aborted=[] plan_secs=0.000000,"{""n"": 24, ""gates"": 288, ""g2"": 92, ""g3"": 0, ""depth2"": 8, ""t_count"": 0, ""rotations"": 0, ""d"": 0, ""dense_l"": 0.0, ""redundant"": 0, ""obs_zero"": true, ""frame_l"": 8.1699, ""chi_bits"": 4, ""mps_l"": 16.4606, ""hsf_k"": 4, ""hsf_na"": 12, ""hsf_nb"": 12, ""hsf_l"": 28.098, ""sup"": 24, ""chi_bits0"": 4, ""mps_l0"": 16.4606, ""hsf_keff"": 4, ""hsf_l0"": 28.098, ""sparse_l"": 32.1699, ""sv_l"": 32.1699, ""feat_secs"": 0.005474, ""feat_secs_frame"": 0.00028, ""feat_secs_hsf"": 0.005074}"
ct,"ct:n=24,L=8,t=0,nn=1",1,"{""n"": 24.0, ""L"": 8.0, ""t"": 0.0, ""nn"": 1.0}",planp,ok,7.3e-05,0.0060,2179072,-0.0,0,-0.0,0.0,engine=tableau aborted=[] plan_secs=0.000000,"{""n"": 24, ""gates"": 288, ""g2"": 92, ""g3"": 0, ""depth2"": 8, ""t_count"": 0, ""rotations"": 0, ""d"": 0, ""dense_l"": 0.0, ""redundant"": 0, ""obs_zero"": true, ""frame_l"": 8.1699, ""chi_bits"": 4, ""mps_l"": 16.4606, ""hsf_k"": 4, ""hsf_na"": 12, ""hsf_nb"": 12, ""hsf_l"": 28.098, ""sup"": 24, ""chi_bits0"": 4, ""mps_l0"": 16.4606, ""hsf_keff"": 4, ""hsf_l0"": 28.098, ""sparse_l"": 32.1699, ""sv_l"": 32.1699, ""feat_secs"": 0.005474, ""feat_secs_frame"": 0.00028, ""feat_secs_hsf"": 0.005074}"
ct,"ct:n=24,L=8,t=0,nn=1",1,"{""n"": 24.0, ""L"": 8.0, ""t"": 0.0, ""nn"": 1.0}",plan,ok,0.000393,0.0044,2195456,0.0,0,-0.0,0.0,engine=zero aborted=[] plan_secs=0.000389,"{""n"": 24, ""gates"": 288, ""g2"": 92, ""g3"": 0, ""depth2"": 8, ""t_count"": 0, ""rotations"": 0, ""d"": 0, ""dense_l"": 0.0, ""redundant"": 0, ""obs_zero"": true, ""frame_l"": 8.1699, ""chi_bits"": 4, ""mps_l"": 16.4606, ""hsf_k"": 4, ""hsf_na"": 12, ""hsf_nb"": 12, ""hsf_l"": 28.098, ""sup"": 24, ""chi_bits0"": 4, ""mps_l0"": 16.4606, ""hsf_keff"": 4, ""hsf_l0"": 28.098, ""sparse_l"": 32.1699, ""sv_l"": 32.1699, ""feat_secs"": 0.005474, ""feat_secs_frame"": 0.00028, ""feat_secs_hsf"": 0.005074}"
ct,"ct:n=24,L=8,t=4,nn=1",1,"{""n"": 24.0, ""L"": 8.0, ""t"": 4.0, ""nn"": 1.0}",planx,ok,0.000531,0.0066,2244608,0.0,0,0.0,0.0,engine=cstate aborted=[] plan_secs=0.000393,"{""n"": 24, ""gates"": 291, ""g2"": 92, ""g3"": 0, ""depth2"": 8, ""t_count"": 4, ""rotations"": 4, ""d"": 4, ""dense_l"": 4.9069, ""redundant"": 0, ""obs_zero"": true, ""frame_l"": 8.1849, ""chi_bits"": 4, ""mps_l"": 16.4715, ""hsf_k"": 4, ""hsf_na"": 12, ""hsf_nb"": 12, ""hsf_l"": 27.099, ""sup"": 24, ""chi_bits0"": 4, ""mps_l0"": 16.4715, ""hsf_keff"": 3, ""hsf_l0"": 28.099, ""sparse_l"": 32.1849, ""sv_l"": 32.1849, ""feat_secs"": 0.005345, ""feat_secs_frame"": 0.000277, ""feat_secs_hsf"": 0.004946}"
ct,"ct:n=24,L=8,t=4,nn=1",1,"{""n"": 24.0, ""L"": 8.0, ""t"": 4.0, ""nn"": 1.0}",planp,ok,0.000609,0.0066,2228224,0.0,0,0.0,0.0,engine=cstate aborted=[] plan_secs=0.000470,"{""n"": 24, ""gates"": 291, ""g2"": 92, ""g3"": 0, ""depth2"": 8, ""t_count"": 4, ""rotations"": 4, ""d"": 4, ""dense_l"": 4.9069, ""redundant"": 0, ""obs_zero"": true, ""frame_l"": 8.1849, ""chi_bits"": 4, ""mps_l"": 16.4715, ""hsf_k"": 4, ""hsf_na"": 12, ""hsf_nb"": 12, ""hsf_l"": 27.099, ""sup"": 24, ""chi_bits0"": 4, ""mps_l0"": 16.4715, ""hsf_keff"": 3, ""hsf_l0"": 28.099, ""sparse_l"": 32.1849, ""sv_l"": 32.1849, ""feat_secs"": 0.005345, ""feat_secs_frame"": 0.000277, ""feat_secs_hsf"": 0.004946}"
ct,"ct:n=24,L=8,t=4,nn=1",1,"{""n"": 24.0, ""L"": 8.0, ""t"": 4.0, ""nn"": 1.0}",plan,ok,0.000396,0.0046,2228224,0.0,0,0.0,0.0,engine=zero aborted=[] plan_secs=0.000391,"{""n"": 24, ""gates"": 291, ""g2"": 92, ""g3"": 0, ""depth2"": 8, ""t_count"": 4, ""rotations"": 4, ""d"": 4, ""dense_l"": 4.9069, ""redundant"": 0, ""obs_zero"": true, ""frame_l"": 8.1849, ""chi_bits"": 4, ""mps_l"": 16.4715, ""hsf_k"": 4, ""hsf_na"": 12, ""hsf_nb"": 12, ""hsf_l"": 27.099, ""sup"": 24, ""chi_bits0"": 4, ""mps_l0"": 16.4715, ""hsf_keff"": 3, ""hsf_l0"": 28.099, ""sparse_l"": 32.1849, ""sv_l"": 32.1849, ""feat_secs"": 0.005345, ""feat_secs_frame"": 0.000277, ""feat_secs_hsf"": 0.004946}"
ct,"ct:n=24,L=8,t=12,nn=1",1,"{""n"": 24.0, ""L"": 8.0, ""t"": 12.0, ""nn"": 1.0}",planx,ok,0.000583,0.0071,2293760,0.0,0,0.0,0.0,engine=cstate aborted=[] plan_secs=0.000433,"{""n"": 24, ""gates"": 303, ""g2"": 92, ""g3"": 0, ""depth2"": 8, ""t_count"": 12, ""rotations"": 12, ""d"": 10, ""dense_l"": 11.0, ""redundant"": 2, ""obs_zero"": true, ""frame_l"": 8.2432, ""chi_bits"": 4, ""mps_l"": 16.4743, ""hsf_k"": 4, ""hsf_na"": 12, ""hsf_nb"": 12, ""hsf_l"": 28.103, ""sup"": 24, ""chi_bits0"": 4, ""mps_l0"": 16.4743, ""hsf_keff"": 4, ""hsf_l0"": 28.103, ""sparse_l"": 32.2432, ""sv_l"": 32.2432, ""feat_secs"": 0.005574, ""feat_secs_frame"": 0.000295, ""feat_secs_hsf"": 0.005156}"
ct,"ct:n=24,L=8,t=12,nn=1",1,"{""n"": 24.0, ""L"": 8.0, ""t"": 12.0, ""nn"": 1.0}",planp,ok,0.000558,0.0070,2260992,0.0,0,0.0,0.0,engine=cstate aborted=[] plan_secs=0.000412,"{""n"": 24, ""gates"": 303, ""g2"": 92, ""g3"": 0, ""depth2"": 8, ""t_count"": 12, ""rotations"": 12, ""d"": 10, ""dense_l"": 11.0, ""redundant"": 2, ""obs_zero"": true, ""frame_l"": 8.2432, ""chi_bits"": 4, ""mps_l"": 16.4743, ""hsf_k"": 4, ""hsf_na"": 12, ""hsf_nb"": 12, ""hsf_l"": 28.103, ""sup"": 24, ""chi_bits0"": 4, ""mps_l0"": 16.4743, ""hsf_keff"": 4, ""hsf_l0"": 28.103, ""sparse_l"": 32.2432, ""sv_l"": 32.2432, ""feat_secs"": 0.005574, ""feat_secs_frame"": 0.000295, ""feat_secs_hsf"": 0.005156}"
ct,"ct:n=24,L=8,t=12,nn=1",1,"{""n"": 24.0, ""L"": 8.0, ""t"": 12.0, ""nn"": 1.0}",plan,ok,0.000404,0.0044,2228224,0.0,0,0.0,0.0,engine=zero aborted=[] plan_secs=0.000399,"{""n"": 24, ""gates"": 303, ""g2"": 92, ""g3"": 0, ""depth2"": 8, ""t_count"": 12, ""rotations"": 12, ""d"": 10, ""dense_l"": 11.0, ""redundant"": 2, ""obs_zero"": true, ""frame_l"": 8.2432, ""chi_bits"": 4, ""mps_l"": 16.4743, ""hsf_k"": 4, ""hsf_na"": 12, ""hsf_nb"": 12, ""hsf_l"": 28.103, ""sup"": 24, ""chi_bits0"": 4, ""mps_l0"": 16.4743, ""hsf_keff"": 4, ""hsf_l0"": 28.103, ""sparse_l"": 32.2432, ""sv_l"": 32.2432, ""feat_secs"": 0.005574, ""feat_secs_frame"": 0.000295, ""feat_secs_hsf"": 0.005156}"
ct,"ct:n=24,L=8,t=24,nn=1",1,"{""n"": 24.0, ""L"": 8.0, ""t"": 24.0, ""nn"": 1.0}",planx,ok,0.001383,0.0063,4653056,0.0,0,0.0,0.0,engine=cstate aborted=[] plan_secs=0.000437,"{""n"": 24, ""gates"": 324, ""g2"": 92, ""g3"": 0, ""depth2"": 8, ""t_count"": 24, ""rotations"": 24, ""d"": 17, ""dense_l"": 18.4471, ""redundant"": 7, ""obs_zero"": true, ""frame_l"": 8.3399, ""chi_bits"": 4, ""mps_l"": 16.4778, ""hsf_k"": 4, ""hsf_na"": 12, ""hsf_nb"": 12, ""hsf_l"": 28.1098, ""sup"": 24, ""chi_bits0"": 4, ""mps_l0"": 16.4778, ""hsf_keff"": 4, ""hsf_l0"": 28.1098, ""sparse_l"": 32.3399, ""sv_l"": 32.3399, ""feat_secs"": 0.005381, ""feat_secs_frame"": 0.000314, ""feat_secs_hsf"": 0.004937}"
ct,"ct:n=24,L=8,t=24,nn=1",1,"{""n"": 24.0, ""L"": 8.0, ""t"": 24.0, ""nn"": 1.0}",planp,ok,0.001328,0.0067,4669440,0.0,0,0.0,0.0,engine=cstate aborted=[] plan_secs=0.000435,"{""n"": 24, ""gates"": 324, ""g2"": 92, ""g3"": 0, ""depth2"": 8, ""t_count"": 24, ""rotations"": 24, ""d"": 17, ""dense_l"": 18.4471, ""redundant"": 7, ""obs_zero"": true, ""frame_l"": 8.3399, ""chi_bits"": 4, ""mps_l"": 16.4778, ""hsf_k"": 4, ""hsf_na"": 12, ""hsf_nb"": 12, ""hsf_l"": 28.1098, ""sup"": 24, ""chi_bits0"": 4, ""mps_l0"": 16.4778, ""hsf_keff"": 4, ""hsf_l0"": 28.1098, ""sparse_l"": 32.3399, ""sv_l"": 32.3399, ""feat_secs"": 0.005381, ""feat_secs_frame"": 0.000314, ""feat_secs_hsf"": 0.004937}"
ct,"ct:n=24,L=8,t=24,nn=1",1,"{""n"": 24.0, ""L"": 8.0, ""t"": 24.0, ""nn"": 1.0}",plan,ok,0.00054,0.0067,2260992,0.0,0,0.0,0.0,engine=zero aborted=[] plan_secs=0.000534,"{""n"": 24, ""gates"": 324, ""g2"": 92, ""g3"": 0, ""depth2"": 8, ""t_count"": 24, ""rotations"": 24, ""d"": 17, ""dense_l"": 18.4471, ""redundant"": 7, ""obs_zero"": true, ""frame_l"": 8.3399, ""chi_bits"": 4, ""mps_l"": 16.4778, ""hsf_k"": 4, ""hsf_na"": 12, ""hsf_nb"": 12, ""hsf_l"": 28.1098, ""sup"": 24, ""chi_bits0"": 4, ""mps_l0"": 16.4778, ""hsf_keff"": 4, ""hsf_l0"": 28.1098, ""sparse_l"": 32.3399, ""sv_l"": 32.3399, ""feat_secs"": 0.005381, ""feat_secs_frame"": 0.000314, ""feat_secs_hsf"": 0.004937}"
ct,"ct:n=24,L=8,t=48,nn=1",1,"{""n"": 24.0, ""L"": 8.0, ""t"": 48.0, ""nn"": 1.0}",planx,ok,0.001637,0.0074,3276800,-1.210802647706991e-48,0,-1.210802647706991e-48,0.0,engine=mps aborted=[] plan_secs=0.000715,"{""n"": 24, ""gates"": 381, ""g2"": 92, ""g3"": 0, ""depth2"": 8, ""t_count"": 48, ""rotations"": 48, ""d"": 24, ""dense_l"": 25.5968, ""redundant"": 24, ""obs_zero"": false, ""frame_l"": 17.585, ""chi_bits"": 4, ""mps_l"": 16.5297, ""hsf_k"": 4, ""hsf_na"": 12, ""hsf_nb"": 12, ""hsf_l"": 28.1283, ""sup"": 24, ""chi_bits0"": 4, ""mps_l0"": 16.5297, ""hsf_keff"": 4, ""hsf_l0"": 28.1283, ""sparse_l"": 32.5736, ""sv_l"": 32.5736, ""feat_secs"": 0.005525, ""feat_secs_frame"": 0.000355, ""feat_secs_hsf"": 0.005011}"
ct,"ct:n=24,L=8,t=48,nn=1",1,"{""n"": 24.0, ""L"": 8.0, ""t"": 48.0, ""nn"": 1.0}",planp,ok,0.001588,0.0066,3276800,-1.210802647706991e-48,0,-1.210802647706991e-48,0.0,engine=mps aborted=[] plan_secs=0.000698,"{""n"": 24, ""gates"": 381, ""g2"": 92, ""g3"": 0, ""depth2"": 8, ""t_count"": 48, ""rotations"": 48, ""d"": 24, ""dense_l"": 25.5968, ""redundant"": 24, ""obs_zero"": false, ""frame_l"": 17.585, ""chi_bits"": 4, ""mps_l"": 16.5297, ""hsf_k"": 4, ""hsf_na"": 12, ""hsf_nb"": 12, ""hsf_l"": 28.1283, ""sup"": 24, ""chi_bits0"": 4, ""mps_l0"": 16.5297, ""hsf_keff"": 4, ""hsf_l0"": 28.1283, ""sparse_l"": 32.5736, ""sv_l"": 32.5736, ""feat_secs"": 0.005525, ""feat_secs_frame"": 0.000355, ""feat_secs_hsf"": 0.005011}"
ct,"ct:n=24,L=8,t=48,nn=1",1,"{""n"": 24.0, ""L"": 8.0, ""t"": 48.0, ""nn"": 1.0}",plan,ok,0.001685,0.0066,3276800,-1.210802647706991e-48,0,-1.210802647706991e-48,0.0,engine=mps aborted=[] plan_secs=0.000782,"{""n"": 24, ""gates"": 381, ""g2"": 92, ""g3"": 0, ""depth2"": 8, ""t_count"": 48, ""rotations"": 48, ""d"": 24, ""dense_l"": 25.5968, ""redundant"": 24, ""obs_zero"": false, ""frame_l"": 17.585, ""chi_bits"": 4, ""mps_l"": 16.5297, ""hsf_k"": 4, ""hsf_na"": 12, ""hsf_nb"": 12, ""hsf_l"": 28.1283, ""sup"": 24, ""chi_bits0"": 4, ""mps_l0"": 16.5297, ""hsf_keff"": 4, ""hsf_l0"": 28.1283, ""sparse_l"": 32.5736, ""sv_l"": 32.5736, ""feat_secs"": 0.005525, ""feat_secs_frame"": 0.000355, ""feat_secs_hsf"": 0.005011}"
ct,"ct:n=24,L=16,t=0,nn=1",1,"{""n"": 24.0, ""L"": 16.0, ""t"": 0.0, ""nn"": 1.0}",planx,ok,0.000102,0.0067,2260992,-0.0,0,-0.0,0.0,engine=tableau aborted=[] plan_secs=0.000001,"{""n"": 24, ""gates"": 547, ""g2"": 184, ""g3"": 0, ""depth2"": 16, ""t_count"": 0, ""rotations"": 0, ""d"": 0, ""dense_l"": 0.0, ""redundant"": 0, ""obs_zero"": true, ""frame_l"": 9.0954, ""chi_bits"": 8, ""mps_l"": 27.4588, ""hsf_k"": 8, ""hsf_na"": 12, ""hsf_nb"": 12, ""hsf_l"": 31.1808, ""sup"": 24, ""chi_bits0"": 8, ""mps_l0"": 27.4588, ""hsf_keff"": 7, ""hsf_l0"": 32.1808, ""sparse_l"": 33.0954, ""sv_l"": 33.0954, ""feat_secs"": 0.005739, ""feat_secs_frame"": 0.000504, ""feat_secs_hsf"": 0.005024}"
ct,"ct:n=24,L=16,t=0,nn=1",1,"{""n"": 24.0, ""L"": 16.0, ""t"": 0.0, ""nn"": 1.0}",planp,ok,0.000114,0.0066,2277376,-0.0,0,-0.0,0.0,engine=tableau aborted=[] plan_secs=0.000001,"{""n"": 24, ""gates"": 547, ""g2"": 184, ""g3"": 0, ""depth2"": 16, ""t_count"": 0, ""rotations"": 0, ""d"": 0, ""dense_l"": 0.0, ""redundant"": 0, ""obs_zero"": true, ""frame_l"": 9.0954, ""chi_bits"": 8, ""mps_l"": 27.4588, ""hsf_k"": 8, ""hsf_na"": 12, ""hsf_nb"": 12, ""hsf_l"": 31.1808, ""sup"": 24, ""chi_bits0"": 8, ""mps_l0"": 27.4588, ""hsf_keff"": 7, ""hsf_l0"": 32.1808, ""sparse_l"": 33.0954, ""sv_l"": 33.0954, ""feat_secs"": 0.005739, ""feat_secs_frame"": 0.000504, ""feat_secs_hsf"": 0.005024}"
ct,"ct:n=24,L=16,t=0,nn=1",1,"{""n"": 24.0, ""L"": 16.0, ""t"": 0.0, ""nn"": 1.0}",plan,ok,0.000716,0.0074,2392064,0.0,0,-0.0,0.0,engine=zero aborted=[] plan_secs=0.000710,"{""n"": 24, ""gates"": 547, ""g2"": 184, ""g3"": 0, ""depth2"": 16, ""t_count"": 0, ""rotations"": 0, ""d"": 0, ""dense_l"": 0.0, ""redundant"": 0, ""obs_zero"": true, ""frame_l"": 9.0954, ""chi_bits"": 8, ""mps_l"": 27.4588, ""hsf_k"": 8, ""hsf_na"": 12, ""hsf_nb"": 12, ""hsf_l"": 31.1808, ""sup"": 24, ""chi_bits0"": 8, ""mps_l0"": 27.4588, ""hsf_keff"": 7, ""hsf_l0"": 32.1808, ""sparse_l"": 33.0954, ""sv_l"": 33.0954, ""feat_secs"": 0.005739, ""feat_secs_frame"": 0.000504, ""feat_secs_hsf"": 0.005024}"
ct,"ct:n=24,L=16,t=4,nn=1",1,"{""n"": 24.0, ""L"": 16.0, ""t"": 4.0, ""nn"": 1.0}",planx,ok,0.001049,0.0074,2408448,0.0,0,0.0,0.0,engine=cstate aborted=[] plan_secs=0.000795,"{""n"": 24, ""gates"": 552, ""g2"": 184, ""g3"": 0, ""depth2"": 16, ""t_count"": 4, ""rotations"": 4, ""d"": 4, ""dense_l"": 4.9069, ""redundant"": 0, ""obs_zero"": true, ""frame_l"": 9.1085, ""chi_bits"": 8, ""mps_l"": 27.4592, ""hsf_k"": 8, ""hsf_na"": 12, ""hsf_nb"": 12, ""hsf_l"": 31.1824, ""sup"": 24, ""chi_bits0"": 8, ""mps_l0"": 27.4592, ""hsf_keff"": 7, ""hsf_l0"": 32.1824, ""sparse_l"": 33.1085, ""sv_l"": 33.1085, ""feat_secs"": 0.005906, ""feat_secs_frame"": 0.00049, ""feat_secs_hsf"": 0.005166}"
ct,"ct:n=24,L=16,t=4,nn=1",1,"{""n"": 24.0, ""L"": 16.0, ""t"": 4.0, ""nn"": 1.0}",planp,ok,0.000962,0.0076,2408448,0.0,0,0.0,0.0,engine=cstate aborted=[] plan_secs=0.000717,"{""n"": 24, ""gates"": 552, ""g2"": 184, ""g3"": 0, ""depth2"": 16, ""t_count"": 4, ""rotations"": 4, ""d"": 4, ""dense_l"": 4.9069, ""redundant"": 0, ""obs_zero"": true, ""frame_l"": 9.1085, ""chi_bits"": 8, ""mps_l"": 27.4592, ""hsf_k"": 8, ""hsf_na"": 12, ""hsf_nb"": 12, ""hsf_l"": 31.1824, ""sup"": 24, ""chi_bits0"": 8, ""mps_l0"": 27.4592, ""hsf_keff"": 7, ""hsf_l0"": 32.1824, ""sparse_l"": 33.1085, ""sv_l"": 33.1085, ""feat_secs"": 0.005906, ""feat_secs_frame"": 0.00049, ""feat_secs_hsf"": 0.005166}"
ct,"ct:n=24,L=16,t=4,nn=1",1,"{""n"": 24.0, ""L"": 16.0, ""t"": 4.0, ""nn"": 1.0}",plan,ok,0.00072,0.0068,2392064,0.0,0,0.0,0.0,engine=zero aborted=[] plan_secs=0.000715,"{""n"": 24, ""gates"": 552, ""g2"": 184, ""g3"": 0, ""depth2"": 16, ""t_count"": 4, ""rotations"": 4, ""d"": 4, ""dense_l"": 4.9069, ""redundant"": 0, ""obs_zero"": true, ""frame_l"": 9.1085, ""chi_bits"": 8, ""mps_l"": 27.4592, ""hsf_k"": 8, ""hsf_na"": 12, ""hsf_nb"": 12, ""hsf_l"": 31.1824, ""sup"": 24, ""chi_bits0"": 8, ""mps_l0"": 27.4592, ""hsf_keff"": 7, ""hsf_l0"": 32.1824, ""sparse_l"": 33.1085, ""sv_l"": 33.1085, ""feat_secs"": 0.005906, ""feat_secs_frame"": 0.00049, ""feat_secs_hsf"": 0.005166}"
ct,"ct:n=24,L=16,t=12,nn=1",1,"{""n"": 24.0, ""L"": 16.0, ""t"": 12.0, ""nn"": 1.0}",planx,ok,0.001043,0.0070,2408448,0.0,0,0.0,0.0,engine=cstate aborted=[] plan_secs=0.000768,"{""n"": 24, ""gates"": 568, ""g2"": 184, ""g3"": 0, ""depth2"": 16, ""t_count"": 12, ""rotations"": 12, ""d"": 9, ""dense_l"": 10.0362, ""redundant"": 3, ""obs_zero"": true, ""frame_l"": 9.1497, ""chi_bits"": 8, ""mps_l"": 27.4612, ""hsf_k"": 8, ""hsf_na"": 12, ""hsf_nb"": 12, ""hsf_l"": 32.1874, ""sup"": 24, ""chi_bits0"": 8, ""mps_l0"": 27.4612, ""hsf_keff"": 8, ""hsf_l0"": 32.1874, ""sparse_l"": 33.1497, ""sv_l"": 33.1497, ""feat_secs"": 0.005848, ""feat_secs_frame"": 0.000503, ""feat_secs_hsf"": 0.005117}"
ct,"ct:n=24,L=16,t=12,nn=1",1,"{""n"": 24.0, ""L"": 16.0, ""t"": 12.0, ""nn"": 1.0}",planp,ok,0.000977,0.0076,2408448,0.0,0,0.0,0.0,engine=cstate aborted=[] plan_secs=0.000722,"{""n"": 24, ""gates"": 568, ""g2"": 184, ""g3"": 0, ""depth2"": 16, ""t_count"": 12, ""rotations"": 12, ""d"": 9, ""dense_l"": 10.0362, ""redundant"": 3, ""obs_zero"": true, ""frame_l"": 9.1497, ""chi_bits"": 8, ""mps_l"": 27.4612, ""hsf_k"": 8, ""hsf_na"": 12, ""hsf_nb"": 12, ""hsf_l"": 32.1874, ""sup"": 24, ""chi_bits0"": 8, ""mps_l0"": 27.4612, ""hsf_keff"": 8, ""hsf_l0"": 32.1874, ""sparse_l"": 33.1497, ""sv_l"": 33.1497, ""feat_secs"": 0.005848, ""feat_secs_frame"": 0.000503, ""feat_secs_hsf"": 0.005117}"
ct,"ct:n=24,L=16,t=12,nn=1",1,"{""n"": 24.0, ""L"": 16.0, ""t"": 12.0, ""nn"": 1.0}",plan,ok,0.00074,0.0075,2392064,0.0,0,0.0,0.0,engine=zero aborted=[] plan_secs=0.000735,"{""n"": 24, ""gates"": 568, ""g2"": 184, ""g3"": 0, ""depth2"": 16, ""t_count"": 12, ""rotations"": 12, ""d"": 9, ""dense_l"": 10.0362, ""redundant"": 3, ""obs_zero"": true, ""frame_l"": 9.1497, ""chi_bits"": 8, ""mps_l"": 27.4612, ""hsf_k"": 8, ""hsf_na"": 12, ""hsf_nb"": 12, ""hsf_l"": 32.1874, ""sup"": 24, ""chi_bits0"": 8, ""mps_l0"": 27.4612, ""hsf_keff"": 8, ""hsf_l0"": 32.1874, ""sparse_l"": 33.1497, ""sv_l"": 33.1497, ""feat_secs"": 0.005848, ""feat_secs_frame"": 0.000503, ""feat_secs_hsf"": 0.005117}"
ct,"ct:n=24,L=16,t=24,nn=1",1,"{""n"": 24.0, ""L"": 16.0, ""t"": 24.0, ""nn"": 1.0}",planx,ok,0.005955,0.0116,19595264,0.0,0,0.0,0.0,engine=cstate aborted=[] plan_secs=0.001167,"{""n"": 24, ""gates"": 597, ""g2"": 184, ""g3"": 0, ""depth2"": 16, ""t_count"": 24, ""rotations"": 24, ""d"": 20, ""dense_l"": 21.0029, ""redundant"": 4, ""obs_zero"": true, ""frame_l"": 9.2216, ""chi_bits"": 8, ""mps_l"": 27.4617, ""hsf_k"": 8, ""hsf_na"": 12, ""hsf_nb"": 12, ""hsf_l"": 31.1963, ""sup"": 24, ""chi_bits0"": 8, ""mps_l0"": 27.4617, ""hsf_keff"": 7, ""hsf_l0"": 32.1963, ""sparse_l"": 33.2216, ""sv_l"": 33.2216, ""feat_secs"": 0.005959, ""feat_secs_frame"": 0.000625, ""feat_secs_hsf"": 0.005007}"
ct,"ct:n=24,L=16,t=24,nn=1",1,"{""n"": 24.0, ""L"": 16.0, ""t"": 24.0, ""nn"": 1.0}",planp,ok,0.005663,0.0104,19595264,0.0,0,0.0,0.0,engine=cstate aborted=[] plan_secs=0.001120,"{""n"": 24, ""gates"": 597, ""g2"": 184, ""g3"": 0, ""depth2"": 16, ""t_count"": 24, ""rotations"": 24, ""d"": 20, ""dense_l"": 21.0029, ""redundant"": 4, ""obs_zero"": true, ""frame_l"": 9.2216, ""chi_bits"": 8, ""mps_l"": 27.4617, ""hsf_k"": 8, ""hsf_na"": 12, ""hsf_nb"": 12, ""hsf_l"": 31.1963, ""sup"": 24, ""chi_bits0"": 8, ""mps_l0"": 27.4617, ""hsf_keff"": 7, ""hsf_l0"": 32.1963, ""sparse_l"": 33.2216, ""sv_l"": 33.2216, ""feat_secs"": 0.005959, ""feat_secs_frame"": 0.000625, ""feat_secs_hsf"": 0.005007}"
ct,"ct:n=24,L=16,t=24,nn=1",1,"{""n"": 24.0, ""L"": 16.0, ""t"": 24.0, ""nn"": 1.0}",plan,ok,0.001136,0.0066,2588672,0.0,0,0.0,0.0,engine=zero aborted=[] plan_secs=0.001128,"{""n"": 24, ""gates"": 597, ""g2"": 184, ""g3"": 0, ""depth2"": 16, ""t_count"": 24, ""rotations"": 24, ""d"": 20, ""dense_l"": 21.0029, ""redundant"": 4, ""obs_zero"": true, ""frame_l"": 9.2216, ""chi_bits"": 8, ""mps_l"": 27.4617, ""hsf_k"": 8, ""hsf_na"": 12, ""hsf_nb"": 12, ""hsf_l"": 31.1963, ""sup"": 24, ""chi_bits0"": 8, ""mps_l0"": 27.4617, ""hsf_keff"": 7, ""hsf_l0"": 32.1963, ""sparse_l"": 33.2216, ""sv_l"": 33.2216, ""feat_secs"": 0.005959, ""feat_secs_frame"": 0.000625, ""feat_secs_hsf"": 0.005007}"
ct,"ct:n=24,L=16,t=48,nn=1",1,"{""n"": 24.0, ""L"": 16.0, ""t"": 48.0, ""nn"": 1.0}",planx,ok,0.017436,0.0233,19873792,0.0,0,0.0,0.0,engine=cstate aborted=[] plan_secs=0.006733,"{""n"": 24, ""gates"": 642, ""g2"": 184, ""g3"": 0, ""depth2"": 16, ""t_count"": 48, ""rotations"": 48, ""d"": 20, ""dense_l"": 22.5186, ""redundant"": 28, ""obs_zero"": true, ""frame_l"": 9.3264, ""chi_bits"": 8, ""mps_l"": 27.4623, ""hsf_k"": 8, ""hsf_na"": 12, ""hsf_nb"": 12, ""hsf_l"": 32.2101, ""sup"": 24, ""chi_bits0"": 8, ""mps_l0"": 27.4623, ""hsf_keff"": 8, ""hsf_l0"": 32.2101, ""sparse_l"": 33.3264, ""sv_l"": 33.3264, ""feat_secs"": 0.005886, ""feat_secs_frame"": 0.000554, ""feat_secs_hsf"": 0.005085}"
ct,"ct:n=24,L=16,t=48,nn=1",1,"{""n"": 24.0, ""L"": 16.0, ""t"": 48.0, ""nn"": 1.0}",planp,ok,0.008822,0.0150,3997696,5.025947422014143e-32,0,0.0,5.025947422014143e-32,engine=mps aborted=[] plan_secs=0.008816,"{""n"": 24, ""gates"": 642, ""g2"": 184, ""g3"": 0, ""depth2"": 16, ""t_count"": 48, ""rotations"": 48, ""d"": 20, ""dense_l"": 22.5186, ""redundant"": 28, ""obs_zero"": true, ""frame_l"": 9.3264, ""chi_bits"": 8, ""mps_l"": 27.4623, ""hsf_k"": 8, ""hsf_na"": 12, ""hsf_nb"": 12, ""hsf_l"": 32.2101, ""sup"": 24, ""chi_bits0"": 8, ""mps_l0"": 27.4623, ""hsf_keff"": 8, ""hsf_l0"": 32.2101, ""sparse_l"": 33.3264, ""sv_l"": 33.3264, ""feat_secs"": 0.005886, ""feat_secs_frame"": 0.000554, ""feat_secs_hsf"": 0.005085}"
ct,"ct:n=24,L=16,t=48,nn=1",1,"{""n"": 24.0, ""L"": 16.0, ""t"": 48.0, ""nn"": 1.0}",plan,ok,0.006284,0.0103,2686976,0.0,0,0.0,0.0,engine=zero aborted=[] plan_secs=0.006280,"{""n"": 24, ""gates"": 642, ""g2"": 184, ""g3"": 0, ""depth2"": 16, ""t_count"": 48, ""rotations"": 48, ""d"": 20, ""dense_l"": 22.5186, ""redundant"": 28, ""obs_zero"": true, ""frame_l"": 9.3264, ""chi_bits"": 8, ""mps_l"": 27.4623, ""hsf_k"": 8, ""hsf_na"": 12, ""hsf_nb"": 12, ""hsf_l"": 32.2101, ""sup"": 24, ""chi_bits0"": 8, ""mps_l0"": 27.4623, ""hsf_keff"": 8, ""hsf_l0"": 32.2101, ""sparse_l"": 33.3264, ""sv_l"": 33.3264, ""feat_secs"": 0.005886, ""feat_secs_frame"": 0.000554, ""feat_secs_hsf"": 0.005085}"
ct,"ct:n=24,L=32,t=0,nn=1",1,"{""n"": 24.0, ""L"": 32.0, ""t"": 0.0, ""nn"": 1.0}",planx,ok,0.000139,0.0047,2359296,-0.0,0,-0.0,0.0,engine=tableau aborted=[] plan_secs=0.000001,"{""n"": 24, ""gates"": 1126, ""g2"": 368, ""g3"": 0, ""depth2"": 32, ""t_count"": 0, ""rotations"": 0, ""d"": 0, ""dense_l"": 0.0, ""redundant"": 0, ""obs_zero"": true, ""frame_l"": 10.137, ""chi_bits"": 12, ""mps_l"": 38.796, ""hsf_k"": 16, ""hsf_na"": 12, ""hsf_nb"": 12, ""hsf_l"": 39.3504, ""sup"": 24, ""chi_bits0"": 12, ""mps_l0"": 38.796, ""hsf_keff"": 15, ""hsf_l0"": 40.3504, ""sparse_l"": 34.137, ""sv_l"": 34.137, ""feat_secs"": 0.006429, ""feat_secs_frame"": 0.000973, ""feat_secs_hsf"": 0.00509}"
ct,"ct:n=24,L=32,t=0,nn=1",1,"{""n"": 24.0, ""L"": 32.0, ""t"": 0.0, ""nn"": 1.0}",planp,ok,0.000149,0.0070,2359296,-0.0,0,-0.0,0.0,engine=tableau aborted=[] plan_secs=0.000001,"{""n"": 24, ""gates"": 1126, ""g2"": 368, ""g3"": 0, ""depth2"": 32, ""t_count"": 0, ""rotations"": 0, ""d"": 0, ""dense_l"": 0.0, ""redundant"": 0, ""obs_zero"": true, ""frame_l"": 10.137, ""chi_bits"": 12, ""mps_l"": 38.796, ""hsf_k"": 16, ""hsf_na"": 12, ""hsf_nb"": 12, ""hsf_l"": 39.3504, ""sup"": 24, ""chi_bits0"": 12, ""mps_l0"": 38.796, ""hsf_keff"": 15, ""hsf_l0"": 40.3504, ""sparse_l"": 34.137, ""sv_l"": 34.137, ""feat_secs"": 0.006429, ""feat_secs_frame"": 0.000973, ""feat_secs_hsf"": 0.00509}"
ct,"ct:n=24,L=32,t=0,nn=1",1,"{""n"": 24.0, ""L"": 32.0, ""t"": 0.0, ""nn"": 1.0}",plan,ok,0.001397,0.0057,2473984,0.0,0,-0.0,0.0,engine=zero aborted=[] plan_secs=0.001389,"{""n"": 24, ""gates"": 1126, ""g2"": 368, ""g3"": 0, ""depth2"": 32, ""t_count"": 0, ""rotations"": 0, ""d"": 0, ""dense_l"": 0.0, ""redundant"": 0, ""obs_zero"": true, ""frame_l"": 10.137, ""chi_bits"": 12, ""mps_l"": 38.796, ""hsf_k"": 16, ""hsf_na"": 12, ""hsf_nb"": 12, ""hsf_l"": 39.3504, ""sup"": 24, ""chi_bits0"": 12, ""mps_l0"": 38.796, ""hsf_keff"": 15, ""hsf_l0"": 40.3504, ""sparse_l"": 34.137, ""sv_l"": 34.137, ""feat_secs"": 0.006429, ""feat_secs_frame"": 0.000973, ""feat_secs_hsf"": 0.00509}"
ct,"ct:n=24,L=32,t=4,nn=1",1,"{""n"": 24.0, ""L"": 32.0, ""t"": 4.0, ""nn"": 1.0}",planx,ok,0.001923,0.0069,2506752,0.0,0,0.0,0.0,engine=cstate aborted=[] plan_secs=0.001442,"{""n"": 24, ""gates"": 1129, ""g2"": 368, ""g3"": 0, ""depth2"": 32, ""t_count"": 4, ""rotations"": 4, ""d"": 4, ""dense_l"": 4.9069, ""redundant"": 0, ""obs_zero"": true, ""frame_l"": 10.1408, ""chi_bits"": 12, ""mps_l"": 38.796, ""hsf_k"": 16, ""hsf_na"": 12, ""hsf_nb"": 12, ""hsf_l"": 39.3512, ""sup"": 24, ""chi_bits0"": 12, ""mps_l0"": 38.796, ""hsf_keff"": 15, ""hsf_l0"": 40.3512, ""sparse_l"": 34.1408, ""sv_l"": 34.1408, ""feat_secs"": 0.006552, ""feat_secs_frame"": 0.001012, ""feat_secs_hsf"": 0.005134}"
ct,"ct:n=24,L=32,t=4,nn=1",1,"{""n"": 24.0, ""L"": 32.0, ""t"": 4.0, ""nn"": 1.0}",planp,ok,0.001809,0.0073,2490368,0.0,0,0.0,0.0,engine=cstate aborted=[] plan_secs=0.001336,"{""n"": 24, ""gates"": 1129, ""g2"": 368, ""g3"": 0, ""depth2"": 32, ""t_count"": 4, ""rotations"": 4, ""d"": 4, ""dense_l"": 4.9069, ""redundant"": 0, ""obs_zero"": true, ""frame_l"": 10.1408, ""chi_bits"": 12, ""mps_l"": 38.796, ""hsf_k"": 16, ""hsf_na"": 12, ""hsf_nb"": 12, ""hsf_l"": 39.3512, ""sup"": 24, ""chi_bits0"": 12, ""mps_l0"": 38.796, ""hsf_keff"": 15, ""hsf_l0"": 40.3512, ""sparse_l"": 34.1408, ""sv_l"": 34.1408, ""feat_secs"": 0.006552, ""feat_secs_frame"": 0.001012, ""feat_secs_hsf"": 0.005134}"
ct,"ct:n=24,L=32,t=4,nn=1",1,"{""n"": 24.0, ""L"": 32.0, ""t"": 4.0, ""nn"": 1.0}",plan,ok,0.001455,0.0066,2473984,0.0,0,0.0,0.0,engine=zero aborted=[] plan_secs=0.001448,"{""n"": 24, ""gates"": 1129, ""g2"": 368, ""g3"": 0, ""depth2"": 32, ""t_count"": 4, ""rotations"": 4, ""d"": 4, ""dense_l"": 4.9069, ""redundant"": 0, ""obs_zero"": true, ""frame_l"": 10.1408, ""chi_bits"": 12, ""mps_l"": 38.796, ""hsf_k"": 16, ""hsf_na"": 12, ""hsf_nb"": 12, ""hsf_l"": 39.3512, ""sup"": 24, ""chi_bits0"": 12, ""mps_l0"": 38.796, ""hsf_keff"": 15, ""hsf_l0"": 40.3512, ""sparse_l"": 34.1408, ""sv_l"": 34.1408, ""feat_secs"": 0.006552, ""feat_secs_frame"": 0.001012, ""feat_secs_hsf"": 0.005134}"
ct,"ct:n=24,L=32,t=12,nn=1",1,"{""n"": 24.0, ""L"": 32.0, ""t"": 12.0, ""nn"": 1.0}",planx,ok,0.00185,0.0067,2539520,0.0,0,0.0,0.0,engine=cstate aborted=[] plan_secs=0.001352,"{""n"": 24, ""gates"": 1128, ""g2"": 368, ""g3"": 0, ""depth2"": 32, ""t_count"": 12, ""rotations"": 12, ""d"": 12, ""dense_l"": 12.9996, ""redundant"": 0, ""obs_zero"": true, ""frame_l"": 10.1396, ""chi_bits"": 12, ""mps_l"": 38.7961, ""hsf_k"": 16, ""hsf_na"": 12, ""hsf_nb"": 12, ""hsf_l"": 39.3509, ""sup"": 24, ""chi_bits0"": 12, ""mps_l0"": 38.7961, ""hsf_keff"": 15, ""hsf_l0"": 40.3509, ""sparse_l"": 34.1396, ""sv_l"": 34.1396, ""feat_secs"": 0.007127, ""feat_secs_frame"": 0.000959, ""feat_secs_hsf"": 0.005763}"
ct,"ct:n=24,L=32,t=12,nn=1",1,"{""n"": 24.0, ""L"": 32.0, ""t"": 12.0, ""nn"": 1.0}",planp,ok,0.001827,0.0074,2506752,0.0,0,0.0,0.0,engine=cstate aborted=[] plan_secs=0.001345,"{""n"": 24, ""gates"": 1128, ""g2"": 368, ""g3"": 0, ""depth2"": 32, ""t_count"": 12, ""rotations"": 12, ""d"": 12, ""dense_l"": 12.9996, ""redundant"": 0, ""obs_zero"": true, ""frame_l"": 10.1396, ""chi_bits"": 12, ""mps_l"": 38.7961, ""hsf_k"": 16, ""hsf_na"": 12, ""hsf_nb"": 12, ""hsf_l"": 39.3509, ""sup"": 24, ""chi_bits0"": 12, ""mps_l0"": 38.7961, ""hsf_keff"": 15, ""hsf_l0"": 40.3509, ""sparse_l"": 34.1396, ""sv_l"": 34.1396, ""feat_secs"": 0.007127, ""feat_secs_frame"": 0.000959, ""feat_secs_hsf"": 0.005763}"
ct,"ct:n=24,L=32,t=12,nn=1",1,"{""n"": 24.0, ""L"": 32.0, ""t"": 12.0, ""nn"": 1.0}",plan,ok,0.001349,0.0066,2490368,0.0,0,0.0,0.0,engine=zero aborted=[] plan_secs=0.001343,"{""n"": 24, ""gates"": 1128, ""g2"": 368, ""g3"": 0, ""depth2"": 32, ""t_count"": 12, ""rotations"": 12, ""d"": 12, ""dense_l"": 12.9996, ""redundant"": 0, ""obs_zero"": true, ""frame_l"": 10.1396, ""chi_bits"": 12, ""mps_l"": 38.7961, ""hsf_k"": 16, ""hsf_na"": 12, ""hsf_nb"": 12, ""hsf_l"": 39.3509, ""sup"": 24, ""chi_bits0"": 12, ""mps_l0"": 38.7961, ""hsf_keff"": 15, ""hsf_l0"": 40.3509, ""sparse_l"": 34.1396, ""sv_l"": 34.1396, ""feat_secs"": 0.007127, ""feat_secs_frame"": 0.000959, ""feat_secs_hsf"": 0.005763}"
ct,"ct:n=24,L=32,t=24,nn=1",1,"{""n"": 24.0, ""L"": 32.0, ""t"": 24.0, ""nn"": 1.0}",planx,ok,0.019259,0.0241,36732928,0.0,0,0.0,0.0,engine=cstate aborted=[] plan_secs=0.007501,"{""n"": 24, ""gates"": 1165, ""g2"": 368, ""g3"": 0, ""depth2"": 32, ""t_count"": 24, ""rotations"": 24, ""d"": 21, ""dense_l"": 22.3404, ""redundant"": 3, ""obs_zero"": true, ""frame_l"": 10.1861, ""chi_bits"": 12, ""mps_l"": 38.796, ""hsf_k"": 16, ""hsf_na"": 12, ""hsf_nb"": 12, ""hsf_l"": 39.3611, ""sup"": 24, ""chi_bits0"": 12, ""mps_l0"": 38.796, ""hsf_keff"": 15, ""hsf_l0"": 40.3611, ""sparse_l"": 34.1861, ""sv_l"": 34.1861, ""feat_secs"": 0.006569, ""feat_secs_frame"": 0.00097, ""feat_secs_hsf"": 0.005176}"
ct,"ct:n=24,L=32,t=24,nn=1",1,"{""n"": 24.0, ""L"": 32.0, ""t"": 24.0, ""nn"": 1.0}",planp,ok,0.02053,0.0249,37928960,0.0,0,0.0,0.0,engine=cstate aborted=[] plan_secs=0.009641,"{""n"": 24, ""gates"": 1165, ""g2"": 368, ""g3"": 0, ""depth2"": 32, ""t_count"": 24, ""rotations"": 24, ""d"": 21, ""dense_l"": 22.3404, ""redundant"": 3, ""obs_zero"": true, ""frame_l"": 10.1861, ""chi_bits"": 12, ""mps_l"": 38.796, ""hsf_k"": 16, ""hsf_na"": 12, ""hsf_nb"": 12, ""hsf_l"": 39.3611, ""sup"": 24, ""chi_bits0"": 12, ""mps_l0"": 38.796, ""hsf_keff"": 15, ""hsf_l0"": 40.3611, ""sparse_l"": 34.1861, ""sv_l"": 34.1861, ""feat_secs"": 0.006569, ""feat_secs_frame"": 0.00097, ""feat_secs_hsf"": 0.005176}"
ct,"ct:n=24,L=32,t=24,nn=1",1,"{""n"": 24.0, ""L"": 32.0, ""t"": 24.0, ""nn"": 1.0}",plan,ok,0.007333,0.0126,2850816,0.0,0,0.0,0.0,engine=zero aborted=[] plan_secs=0.007328,"{""n"": 24, ""gates"": 1165, ""g2"": 368, ""g3"": 0, ""depth2"": 32, ""t_count"": 24, ""rotations"": 24, ""d"": 21, ""dense_l"": 22.3404, ""redundant"": 3, ""obs_zero"": true, ""frame_l"": 10.1861, ""chi_bits"": 12, ""mps_l"": 38.796, ""hsf_k"": 16, ""hsf_na"": 12, ""hsf_nb"": 12, ""hsf_l"": 39.3611, ""sup"": 24, ""chi_bits0"": 12, ""mps_l0"": 38.796, ""hsf_keff"": 15, ""hsf_l0"": 40.3611, ""sparse_l"": 34.1861, ""sv_l"": 34.1861, ""feat_secs"": 0.006569, ""feat_secs_frame"": 0.00097, ""feat_secs_hsf"": 0.005176}"
ct,"ct:n=24,L=32,t=48,nn=1",1,"{""n"": 24.0, ""L"": 32.0, ""t"": 48.0, ""nn"": 1.0}",planx,ok,0.391051,0.3953,271810560,9.155273437500404e-05,0,9.155273437500404e-05,0.0,engine=cstate aborted=[] plan_secs=0.007653,"{""n"": 24, ""gates"": 1214, ""g2"": 368, ""g3"": 0, ""depth2"": 32, ""t_count"": 48, ""rotations"": 48, ""d"": 24, ""dense_l"": 27.7013, ""redundant"": 24, ""obs_zero"": false, ""frame_l"": 17.585, ""chi_bits"": 12, ""mps_l"": 38.7962, ""hsf_k"": 16, ""hsf_na"": 12, ""hsf_nb"": 12, ""hsf_l"": 40.3745, ""sup"": 24, ""chi_bits0"": 12, ""mps_l0"": 38.7962, ""hsf_keff"": 16, ""hsf_l0"": 40.3745, ""sparse_l"": 34.2456, ""sv_l"": 34.2456, ""feat_secs"": 0.006702, ""feat_secs_frame"": 0.001019, ""feat_secs_hsf"": 0.005254}"
ct,"ct:n=24,L=32,t=48,nn=1",1,"{""n"": 24.0, ""L"": 32.0, ""t"": 48.0, ""nn"": 1.0}",planp,ok,0.865331,0.8705,295256064,9.155273437500404e-05,0,9.155273437500404e-05,0.0,"engine=cstate aborted=[""mps""] plan_secs=0.038030","{""n"": 24, ""gates"": 1214, ""g2"": 368, ""g3"": 0, ""depth2"": 32, ""t_count"": 48, ""rotations"": 48, ""d"": 24, ""dense_l"": 27.7013, ""redundant"": 24, ""obs_zero"": false, ""frame_l"": 17.585, ""chi_bits"": 12, ""mps_l"": 38.7962, ""hsf_k"": 16, ""hsf_na"": 12, ""hsf_nb"": 12, ""hsf_l"": 40.3745, ""sup"": 24, ""chi_bits0"": 12, ""mps_l0"": 38.7962, ""hsf_keff"": 16, ""hsf_l0"": 40.3745, ""sparse_l"": 34.2456, ""sv_l"": 34.2456, ""feat_secs"": 0.006702, ""feat_secs_frame"": 0.001019, ""feat_secs_hsf"": 0.005254}"
ct,"ct:n=24,L=32,t=48,nn=1",1,"{""n"": 24.0, ""L"": 32.0, ""t"": 48.0, ""nn"": 1.0}",plan,ok,0.389734,0.3947,271843328,9.155273437500404e-05,0,9.155273437500404e-05,0.0,engine=cstate aborted=[] plan_secs=0.007603,"{""n"": 24, ""gates"": 1214, ""g2"": 368, ""g3"": 0, ""depth2"": 32, ""t_count"": 48, ""rotations"": 48, ""d"": 24, ""dense_l"": 27.7013, ""redundant"": 24, ""obs_zero"": false, ""frame_l"": 17.585, ""chi_bits"": 12, ""mps_l"": 38.7962, ""hsf_k"": 16, ""hsf_na"": 12, ""hsf_nb"": 12, ""hsf_l"": 40.3745, ""sup"": 24, ""chi_bits0"": 12, ""mps_l0"": 38.7962, ""hsf_keff"": 16, ""hsf_l0"": 40.3745, ""sparse_l"": 34.2456, ""sv_l"": 34.2456, ""feat_secs"": 0.006702, ""feat_secs_frame"": 0.001019, ""feat_secs_hsf"": 0.005254}"
ct,"ct:n=32,L=1,t=0,nn=1",1,"{""n"": 32.0, ""L"": 1.0, ""t"": 0.0, ""nn"": 1.0}",planx,ok,5.3e-05,0.0045,2064384,-0.0,0,-0.0,0.0,engine=tableau aborted=[] plan_secs=0.000000,"{""n"": 32, ""gates"": 48, ""g2"": 16, ""g3"": 0, ""depth2"": 1, ""t_count"": 0, ""rotations"": 0, ""d"": 0, ""dense_l"": 0.0, ""redundant"": 0, ""obs_zero"": true, ""frame_l"": 5.585, ""chi_bits"": 1, ""mps_l"": 7.3219, ""hsf_k"": 0, ""hsf_na"": 16, ""hsf_nb"": 16, ""hsf_l"": 32.0011, ""sup"": 17, ""chi_bits0"": 1, ""mps_l0"": 7.3219, ""hsf_keff"": 0, ""hsf_l0"": 32.0011, ""sparse_l"": 22.585, ""sv_l"": 37.585, ""feat_secs"": 0.005473, ""feat_secs_frame"": 8.1e-05, ""feat_secs_hsf"": 0.005352}"
ct,"ct:n=32,L=1,t=0,nn=1",1,"{""n"": 32.0, ""L"": 1.0, ""t"": 0.0, ""nn"": 1.0}",planp,ok,5.2e-05,0.0044,2064384,-0.0,0,-0.0,0.0,engine=tableau aborted=[] plan_secs=0.000000,"{""n"": 32, ""gates"": 48, ""g2"": 16, ""g3"": 0, ""depth2"": 1, ""t_count"": 0, ""rotations"": 0, ""d"": 0, ""dense_l"": 0.0, ""redundant"": 0, ""obs_zero"": true, ""frame_l"": 5.585, ""chi_bits"": 1, ""mps_l"": 7.3219, ""hsf_k"": 0, ""hsf_na"": 16, ""hsf_nb"": 16, ""hsf_l"": 32.0011, ""sup"": 17, ""chi_bits0"": 1, ""mps_l0"": 7.3219, ""hsf_keff"": 0, ""hsf_l0"": 32.0011, ""sparse_l"": 22.585, ""sv_l"": 37.585, ""feat_secs"": 0.005473, ""feat_secs_frame"": 8.1e-05, ""feat_secs_hsf"": 0.005352}"
ct,"ct:n=32,L=1,t=0,nn=1",1,"{""n"": 32.0, ""L"": 1.0, ""t"": 0.0, ""nn"": 1.0}",plan,ok,0.00012,0.0044,2097152,0.0,0,-0.0,0.0,engine=zero aborted=[] plan_secs=0.000115,"{""n"": 32, ""gates"": 48, ""g2"": 16, ""g3"": 0, ""depth2"": 1, ""t_count"": 0, ""rotations"": 0, ""d"": 0, ""dense_l"": 0.0, ""redundant"": 0, ""obs_zero"": true, ""frame_l"": 5.585, ""chi_bits"": 1, ""mps_l"": 7.3219, ""hsf_k"": 0, ""hsf_na"": 16, ""hsf_nb"": 16, ""hsf_l"": 32.0011, ""sup"": 17, ""chi_bits0"": 1, ""mps_l0"": 7.3219, ""hsf_keff"": 0, ""hsf_l0"": 32.0011, ""sparse_l"": 22.585, ""sv_l"": 37.585, ""feat_secs"": 0.005473, ""feat_secs_frame"": 8.1e-05, ""feat_secs_hsf"": 0.005352}"
ct,"ct:n=32,L=1,t=8,nn=1",1,"{""n"": 32.0, ""L"": 1.0, ""t"": 8.0, ""nn"": 1.0}",planx,ok,0.000181,0.0046,2113536,0.0,0,0.0,0.0,engine=cstate aborted=[] plan_secs=0.000130,"{""n"": 32, ""gates"": 64, ""g2"": 16, ""g3"": 0, ""depth2"": 1, ""t_count"": 8, ""rotations"": 8, ""d"": 5, ""dense_l"": 6.7004, ""redundant"": 3, ""obs_zero"": true, ""frame_l"": 6.0, ""chi_bits"": 1, ""mps_l"": 7.4594, ""hsf_k"": 0, ""hsf_na"": 16, ""hsf_nb"": 16, ""hsf_l"": 32.0014, ""sup"": 22, ""chi_bits0"": 1, ""mps_l0"": 7.4594, ""hsf_keff"": 0, ""hsf_l0"": 32.0014, ""sparse_l"": 28.0, ""sv_l"": 38.0, ""feat_secs"": 0.005353, ""feat_secs_frame"": 8.9e-05, ""feat_secs_hsf"": 0.005225}"
ct,"ct:n=32,L=1,t=8,nn=1",1,"{""n"": 32.0, ""L"": 1.0, ""t"": 8.0, ""nn"": 1.0}",planp,ok,0.000203,0.0045,2146304,0.0,0,0.0,0.0,engine=cstate aborted=[] plan_secs=0.000139,"{""n"": 32, ""gates"": 64, ""g2"": 16, ""g3"": 0, ""depth2"": 1, ""t_count"": 8, ""rotations"": 8, ""d"": 5, ""dense_l"": 6.7004, ""redundant"": 3, ""obs_zero"": true, ""frame_l"": 6.0, ""chi_bits"": 1, ""mps_l"": 7.4594, ""hsf_k"": 0, ""hsf_na"": 16, ""hsf_nb"": 16, ""hsf_l"": 32.0014, ""sup"": 22, ""chi_bits0"": 1, ""mps_l0"": 7.4594, ""hsf_keff"": 0, ""hsf_l0"": 32.0014, ""sparse_l"": 28.0, ""sv_l"": 38.0, ""feat_secs"": 0.005353, ""feat_secs_frame"": 8.9e-05, ""feat_secs_hsf"": 0.005225}"
ct,"ct:n=32,L=1,t=8,nn=1",1,"{""n"": 32.0, ""L"": 1.0, ""t"": 8.0, ""nn"": 1.0}",plan,ok,0.000139,0.0045,2097152,0.0,0,0.0,0.0,engine=zero aborted=[] plan_secs=0.000133,"{""n"": 32, ""gates"": 64, ""g2"": 16, ""g3"": 0, ""depth2"": 1, ""t_count"": 8, ""rotations"": 8, ""d"": 5, ""dense_l"": 6.7004, ""redundant"": 3, ""obs_zero"": true, ""frame_l"": 6.0, ""chi_bits"": 1, ""mps_l"": 7.4594, ""hsf_k"": 0, ""hsf_na"": 16, ""hsf_nb"": 16, ""hsf_l"": 32.0014, ""sup"": 22, ""chi_bits0"": 1, ""mps_l0"": 7.4594, ""hsf_keff"": 0, ""hsf_l0"": 32.0014, ""sparse_l"": 28.0, ""sv_l"": 38.0, ""feat_secs"": 0.005353, ""feat_secs_frame"": 8.9e-05, ""feat_secs_hsf"": 0.005225}"
ct,"ct:n=32,L=1,t=24,nn=1",1,"{""n"": 32.0, ""L"": 1.0, ""t"": 24.0, ""nn"": 1.0}",planx,ok,0.000534,0.0070,2752512,0.0,0,0.0,0.0,engine=cstate aborted=[] plan_secs=0.000176,"{""n"": 32, ""gates"": 94, ""g2"": 16, ""g3"": 0, ""depth2"": 1, ""t_count"": 24, ""rotations"": 24, ""d"": 14, ""dense_l"": 16.7818, ""redundant"": 10, ""obs_zero"": true, ""frame_l"": 6.5546, ""chi_bits"": 1, ""mps_l"": 7.6865, ""hsf_k"": 0, ""hsf_na"": 16, ""hsf_nb"": 16, ""hsf_l"": 32.0021, ""sup"": 28, ""chi_bits0"": 1, ""mps_l0"": 7.6865, ""hsf_keff"": 0, ""hsf_l0"": 32.0021, ""sparse_l"": 34.5546, ""sv_l"": 38.5546, ""feat_secs"": 0.00556, ""feat_secs_frame"": 0.000119, ""feat_secs_hsf"": 0.005385}"
ct,"ct:n=32,L=1,t=24,nn=1",1,"{""n"": 32.0, ""L"": 1.0, ""t"": 24.0, ""nn"": 1.0}",planp,ok,0.000486,0.0063,2752512,0.0,0,0.0,0.0,engine=cstate aborted=[] plan_secs=0.000170,"{""n"": 32, ""gates"": 94, ""g2"": 16, ""g3"": 0, ""depth2"": 1, ""t_count"": 24, ""rotations"": 24, ""d"": 14, ""dense_l"": 16.7818, ""redundant"": 10, ""obs_zero"": true, ""frame_l"": 6.5546, ""chi_bits"": 1, ""mps_l"": 7.6865, ""hsf_k"": 0, ""hsf_na"": 16, ""hsf_nb"": 16, ""hsf_l"": 32.0021, ""sup"": 28, ""chi_bits0"": 1, ""mps_l0"": 7.6865, ""hsf_keff"": 0, ""hsf_l0"": 32.0021, ""sparse_l"": 34.5546, ""sv_l"": 38.5546, ""feat_secs"": 0.00556, ""feat_secs_frame"": 0.000119, ""feat_secs_hsf"": 0.005385}"
ct,"ct:n=32,L=1,t=24,nn=1",1,"{""n"": 32.0, ""L"": 1.0, ""t"": 24.0, ""nn"": 1.0}",plan,ok,0.000223,0.0046,2129920,0.0,0,0.0,0.0,engine=zero aborted=[] plan_secs=0.000214,"{""n"": 32, ""gates"": 94, ""g2"": 16, ""g3"": 0, ""depth2"": 1, ""t_count"": 24, ""rotations"": 24, ""d"": 14, ""dense_l"": 16.7818, ""redundant"": 10, ""obs_zero"": true, ""frame_l"": 6.5546, ""chi_bits"": 1, ""mps_l"": 7.6865, ""hsf_k"": 0, ""hsf_na"": 16, ""hsf_nb"": 16, ""hsf_l"": 32.0021, ""sup"": 28, ""chi_bits0"": 1, ""mps_l0"": 7.6865, ""hsf_keff"": 0, ""hsf_l0"": 32.0021, ""sparse_l"": 34.5546, ""sv_l"": 38.5546, ""feat_secs"": 0.00556, ""feat_secs_frame"": 0.000119, ""feat_secs_hsf"": 0.005385}"
ct,"ct:n=32,L=1,t=48,nn=1",1,"{""n"": 32.0, ""L"": 1.0, ""t"": 48.0, ""nn"": 1.0}",planx,ok,0.000438,0.0046,2670592,0.0,0,0.0,0.0,engine=mps aborted=[] plan_secs=0.000278,"{""n"": 32, ""gates"": 138, ""g2"": 16, ""g3"": 0, ""depth2"": 1, ""t_count"": 48, ""rotations"": 48, ""d"": 20, ""dense_l"": 22.1252, ""redundant"": 28, ""obs_zero"": true, ""frame_l"": 7.1085, ""chi_bits"": 1, ""mps_l"": 7.9658, ""hsf_k"": 0, ""hsf_na"": 16, ""hsf_nb"": 16, ""hsf_l"": 32.003, ""sup"": 28, ""chi_bits0"": 1, ""mps_l0"": 7.9658, ""hsf_keff"": 0, ""hsf_l0"": 32.003, ""sparse_l"": 35.1085, ""sv_l"": 39.1085, ""feat_secs"": 0.005474, ""feat_secs_frame"": 0.000142, ""feat_secs_hsf"": 0.005258}"
ct,"ct:n=32,L=1,t=48,nn=1",1,"{""n"": 32.0, ""L"": 1.0, ""t"": 48.0, ""nn"": 1.0}",planp,ok,0.000405,0.0043,2654208,0.0,0,0.0,0.0,engine=mps aborted=[] plan_secs=0.000270,"{""n"": 32, ""gates"": 138, ""g2"": 16, ""g3"": 0, ""depth2"": 1, ""t_count"": 48, ""rotations"": 48, ""d"": 20, ""dense_l"": 22.1252, ""redundant"": 28, ""obs_zero"": true, ""frame_l"": 7.1085, ""chi_bits"": 1, ""mps_l"": 7.9658, ""hsf_k"": 0, ""hsf_na"": 16, ""hsf_nb"": 16, ""hsf_l"": 32.003, ""sup"": 28, ""chi_bits0"": 1, ""mps_l0"": 7.9658, ""hsf_keff"": 0, ""hsf_l0"": 32.003, ""sparse_l"": 35.1085, ""sv_l"": 39.1085, ""feat_secs"": 0.005474, ""feat_secs_frame"": 0.000142, ""feat_secs_hsf"": 0.005258}"
ct,"ct:n=32,L=1,t=48,nn=1",1,"{""n"": 32.0, ""L"": 1.0, ""t"": 48.0, ""nn"": 1.0}",plan,ok,0.000289,0.0044,2277376,0.0,0,0.0,0.0,engine=zero aborted=[] plan_secs=0.000284,"{""n"": 32, ""gates"": 138, ""g2"": 16, ""g3"": 0, ""depth2"": 1, ""t_count"": 48, ""rotations"": 48, ""d"": 20, ""dense_l"": 22.1252, ""redundant"": 28, ""obs_zero"": true, ""frame_l"": 7.1085, ""chi_bits"": 1, ""mps_l"": 7.9658, ""hsf_k"": 0, ""hsf_na"": 16, ""hsf_nb"": 16, ""hsf_l"": 32.003, ""sup"": 28, ""chi_bits0"": 1, ""mps_l0"": 7.9658, ""hsf_keff"": 0, ""hsf_l0"": 32.003, ""sparse_l"": 35.1085, ""sv_l"": 39.1085, ""feat_secs"": 0.005474, ""feat_secs_frame"": 0.000142, ""feat_secs_hsf"": 0.005258}"
ct,"ct:n=32,L=2,t=0,nn=1",1,"{""n"": 32.0, ""L"": 2.0, ""t"": 0.0, ""nn"": 1.0}",planx,ok,9.7e-05,0.0066,2097152,-0.0,0,-0.0,0.0,engine=tableau aborted=[] plan_secs=0.000000,"{""n"": 32, ""gates"": 97, ""g2"": 31, ""g3"": 0, ""depth2"": 2, ""t_count"": 0, ""rotations"": 0, ""d"": 0, ""dense_l"": 0.0, ""redundant"": 0, ""obs_zero"": true, ""frame_l"": 6.5999, ""chi_bits"": 1, ""mps_l"": 8.7004, ""hsf_k"": 1, ""hsf_na"": 16, ""hsf_nb"": 16, ""hsf_l"": 33.0021, ""sup"": 28, ""chi_bits0"": 1, ""mps_l0"": 8.7004, ""hsf_keff"": 1, ""hsf_l0"": 33.0021, ""sparse_l"": 34.5999, ""sv_l"": 38.5999, ""feat_secs"": 0.013004, ""feat_secs_frame"": 0.000121, ""feat_secs_hsf"": 0.012828}"
ct,"ct:n=32,L=2,t=0,nn=1",1,"{""n"": 32.0, ""L"": 2.0, ""t"": 0.0, ""nn"": 1.0}",planp,ok,5.5e-05,0.0058,2080768,-0.0,0,-0.0,0.0,engine=tableau aborted=[] plan_secs=0.000000,"{""n"": 32, ""gates"": 97, ""g2"": 31, ""g3"": 0, ""depth2"": 2, ""t_count"": 0, ""rotations"": 0, ""d"": 0, ""dense_l"": 0.0, ""redundant"": 0, ""obs_zero"": true, ""frame_l"": 6.5999, ""chi_bits"": 1, ""mps_l"": 8.7004, ""hsf_k"": 1, ""hsf_na"": 16, ""hsf_nb"": 16, ""hsf_l"": 33.0021, ""sup"": 28, ""chi_bits0"": 1, ""mps_l0"": 8.7004, ""hsf_keff"": 1, ""hsf_l0"": 33.0021, ""sparse_l"": 34.5999, ""sv_l"": 38.5999, ""feat_secs"": 0.013004, ""feat_secs_frame"": 0.000121, ""feat_secs_hsf"": 0.012828}"
ct,"ct:n=32,L=2,t=0,nn=1",1,"{""n"": 32.0, ""L"": 2.0, ""t"": 0.0, ""nn"": 1.0}",plan,ok,0.00019,0.0043,2113536,0.0,0,-0.0,0.0,engine=zero aborted=[] plan_secs=0.000185,"{""n"": 32, ""gates"": 97, ""g2"": 31, ""g3"": 0, ""depth2"": 2, ""t_count"": 0, ""rotations"": 0, ""d"": 0, ""dense_l"": 0.0, ""redundant"": 0, ""obs_zero"": true, ""frame_l"": 6.5999, ""chi_bits"": 1, ""mps_l"": 8.7004, ""hsf_k"": 1, ""hsf_na"": 16, ""hsf_nb"": 16, ""hsf_l"": 33.0021, ""sup"": 28, ""chi_bits0"": 1, ""mps_l0"": 8.7004, ""hsf_keff"": 1, ""hsf_l0"": 33.0021, ""sparse_l"": 34.5999, ""sv_l"": 38.5999, ""feat_secs"": 0.013004, ""feat_secs_frame"": 0.000121, ""feat_secs_hsf"": 0.012828}"
ct,"ct:n=32,L=2,t=8,nn=1",1,"{""n"": 32.0, ""L"": 2.0, ""t"": 8.0, ""nn"": 1.0}",planx,ok,0.000263,0.0071,2129920,0.0,0,0.0,0.0,engine=cstate aborted=[] plan_secs=0.000191,"{""n"": 32, ""gates"": 110, ""g2"": 31, ""g3"": 0, ""depth2"": 2, ""t_count"": 8, ""rotations"": 8, ""d"": 4, ""dense_l"": 5.9773, ""redundant"": 4, ""obs_zero"": true, ""frame_l"": 6.7814, ""chi_bits"": 1, ""mps_l"": 8.7944, ""hsf_k"": 1, ""hsf_na"": 16, ""hsf_nb"": 16, ""hsf_l"": 33.0024, ""sup"": 28, ""chi_bits0"": 1, ""mps_l0"": 8.7944, ""hsf_keff"": 1, ""hsf_l0"": 33.0024, ""sparse_l"": 34.7814, ""sv_l"": 38.7814, ""feat_secs"": 0.012379, ""feat_secs_frame"": 0.000137, ""feat_secs_hsf"": 0.012183}"
ct,"ct:n=32,L=2,t=8,nn=1",1,"{""n"": 32.0, ""L"": 2.0, ""t"": 8.0, ""nn"": 1.0}",planp,ok,0.000264,0.0047,2146304,0.0,0,0.0,0.0,engine=cstate aborted=[] plan_secs=0.000200,"{""n"": 32, ""gates"": 110, ""g2"": 31, ""g3"": 0, ""depth2"": 2, ""t_count"": 8, ""rotations"": 8, ""d"": 4, ""dense_l"": 5.9773, ""redundant"": 4, ""obs_zero"": true, ""frame_l"": 6.7814, ""chi_bits"": 1, ""mps_l"": 8.7944, ""hsf_k"": 1, ""hsf_na"": 16, ""hsf_nb"": 16, ""hsf_l"": 33.0024, ""sup"": 28, ""chi_bits0"": 1, ""mps_l0"": 8.7944, ""hsf_keff"": 1, ""hsf_l0"": 33.0024, ""sparse_l"": 34.7814, ""sv_l"": 38.7814, ""feat_secs"": 0.012379, ""feat_secs_frame"": 0.000137, ""feat_secs_hsf"": 0.012183}"
ct,"ct:n=32,L=2,t=8,nn=1",1,"{""n"": 32.0, ""L"": 2.0, ""t"": 8.0, ""nn"": 1.0}",plan,ok,0.000198,0.0043,2113536,0.0,0,0.0,0.0,engine=zero aborted=[] plan_secs=0.000192,"{""n"": 32, ""gates"": 110, ""g2"": 31, ""g3"": 0, ""depth2"": 2, ""t_count"": 8, ""rotations"": 8, ""d"": 4, ""dense_l"": 5.9773, ""redundant"": 4, ""obs_zero"": true, ""frame_l"": 6.7814, ""chi_bits"": 1, ""mps_l"": 8.7944, ""hsf_k"": 1, ""hsf_na"": 16, ""hsf_nb"": 16, ""hsf_l"": 33.0024, ""sup"": 28, ""chi_bits0"": 1, ""mps_l0"": 8.7944, ""hsf_keff"": 1, ""hsf_l0"": 33.0024, ""sparse_l"": 34.7814, ""sv_l"": 38.7814, ""feat_secs"": 0.012379, ""feat_secs_frame"": 0.000137, ""feat_secs_hsf"": 0.012183}"
ct,"ct:n=32,L=2,t=24,nn=1",1,"{""n"": 32.0, ""L"": 2.0, ""t"": 24.0, ""nn"": 1.0}",planx,ok,0.000646,0.0075,3080192,0.0,0,0.0,0.0,engine=cstate aborted=[] plan_secs=0.000229,"{""n"": 32, ""gates"": 142, ""g2"": 31, ""g3"": 0, ""depth2"": 2, ""t_count"": 24, ""rotations"": 24, ""d"": 15, ""dense_l"": 16.8659, ""redundant"": 9, ""obs_zero"": true, ""frame_l"": 7.1497, ""chi_bits"": 1, ""mps_l"": 9.0661, ""hsf_k"": 1, ""hsf_na"": 16, ""hsf_nb"": 16, ""hsf_l"": 33.0031, ""sup"": 32, ""chi_bits0"": 1, ""mps_l0"": 9.0661, ""hsf_keff"": 1, ""hsf_l0"": 33.0031, ""sparse_l"": 39.1497, ""sv_l"": 39.1497, ""feat_secs"": 0.012583, ""feat_secs_frame"": 0.000156, ""feat_secs_hsf"": 0.012351}"
ct,"ct:n=32,L=2,t=24,nn=1",1,"{""n"": 32.0, ""L"": 2.0, ""t"": 24.0, ""nn"": 1.0}",planp,ok,0.000657,0.0065,3080192,0.0,0,0.0,0.0,engine=cstate aborted=[] plan_secs=0.000265,"{""n"": 32, ""gates"": 142, ""g2"": 31, ""g3"": 0, ""depth2"": 2, ""t_count"": 24, ""rotations"": 24, ""d"": 15, ""dense_l"": 16.8659, ""redundant"": 9, ""obs_zero"": true, ""frame_l"": 7.1497, ""chi_bits"": 1, ""mps_l"": 9.0661, ""hsf_k"": 1, ""hsf_na"": 16, ""hsf_nb"": 16, ""hsf_l"": 33.0031, ""sup"": 32, ""chi_bits0"": 1, ""mps_l0"": 9.0661, ""hsf_keff"": 1, ""hsf_l0"": 33.0031, ""sparse_l"": 39.1497, ""sv_l"": 39.1497, ""feat_secs"": 0.012583, ""feat_secs_frame"": 0.000156, ""feat_secs_hsf"": 0.012351}"
ct,"ct:n=32,L=2,t=24,nn=1",1,"{""n"": 32.0, ""L"": 2.0, ""t"": 24.0, ""nn"": 1.0}",plan,ok,0.000237,0.0068,2162688,0.0,0,0.0,0.0,engine=zero aborted=[] plan_secs=0.000231,"{""n"": 32, ""gates"": 142, ""g2"": 31, ""g3"": 0, ""depth2"": 2, ""t_count"": 24, ""rotations"": 24, ""d"": 15, ""dense_l"": 16.8659, ""redundant"": 9, ""obs_zero"": true, ""frame_l"": 7.1497, ""chi_bits"": 1, ""mps_l"": 9.0661, ""hsf_k"": 1, ""hsf_na"": 16, ""hsf_nb"": 16, ""hsf_l"": 33.0031, ""sup"": 32, ""chi_bits0"": 1, ""mps_l0"": 9.0661, ""hsf_keff"": 1, ""hsf_l0"": 33.0031, ""sparse_l"": 39.1497, ""sv_l"": 39.1497, ""feat_secs"": 0.012583, ""feat_secs_frame"": 0.000156, ""feat_secs_hsf"": 0.012351}"
ct,"ct:n=32,L=2,t=48,nn=1",1,"{""n"": 32.0, ""L"": 2.0, ""t"": 48.0, ""nn"": 1.0}",planx,ok,0.000607,0.0078,2867200,0.0,0,0.0,0.0,engine=mps aborted=[] plan_secs=0.000356,"{""n"": 32, ""gates"": 185, ""g2"": 31, ""g3"": 0, ""depth2"": 2, ""t_count"": 48, ""rotations"": 48, ""d"": 20, ""dense_l"": 23.2499, ""redundant"": 28, ""obs_zero"": true, ""frame_l"": 7.5314, ""chi_bits"": 1, ""mps_l"": 9.3663, ""hsf_k"": 1, ""hsf_na"": 16, ""hsf_nb"": 16, ""hsf_l"": 33.0041, ""sup"": 32, ""chi_bits0"": 1, ""mps_l0"": 9.3663, ""hsf_keff"": 1, ""hsf_l0"": 33.0041, ""sparse_l"": 39.5314, ""sv_l"": 39.5314, ""feat_secs"": 0.012705, ""feat_secs_frame"": 0.000187, ""feat_secs_hsf"": 0.012428}"
ct,"ct:n=32,L=2,t=48,nn=1",1,"{""n"": 32.0, ""L"": 2.0, ""t"": 48.0, ""nn"": 1.0}",planp,ok,0.000592,0.0062,2883584,0.0,0,0.0,0.0,engine=mps aborted=[] plan_secs=0.000356,"{""n"": 32, ""gates"": 185, ""g2"": 31, ""g3"": 0, ""depth2"": 2, ""t_count"": 48, ""rotations"": 48, ""d"": 20, ""dense_l"": 23.2499, ""redundant"": 28, ""obs_zero"": true, ""frame_l"": 7.5314, ""chi_bits"": 1, ""mps_l"": 9.3663, ""hsf_k"": 1, ""hsf_na"": 16, ""hsf_nb"": 16, ""hsf_l"": 33.0041, ""sup"": 32, ""chi_bits0"": 1, ""mps_l0"": 9.3663, ""hsf_keff"": 1, ""hsf_l0"": 33.0041, ""sparse_l"": 39.5314, ""sv_l"": 39.5314, ""feat_secs"": 0.012705, ""feat_secs_frame"": 0.000187, ""feat_secs_hsf"": 0.012428}"
ct,"ct:n=32,L=2,t=48,nn=1",1,"{""n"": 32.0, ""L"": 2.0, ""t"": 48.0, ""nn"": 1.0}",plan,ok,0.000366,0.0044,2277376,0.0,0,0.0,0.0,engine=zero aborted=[] plan_secs=0.000360,"{""n"": 32, ""gates"": 185, ""g2"": 31, ""g3"": 0, ""depth2"": 2, ""t_count"": 48, ""rotations"": 48, ""d"": 20, ""dense_l"": 23.2499, ""redundant"": 28, ""obs_zero"": true, ""frame_l"": 7.5314, ""chi_bits"": 1, ""mps_l"": 9.3663, ""hsf_k"": 1, ""hsf_na"": 16, ""hsf_nb"": 16, ""hsf_l"": 33.0041, ""sup"": 32, ""chi_bits0"": 1, ""mps_l0"": 9.3663, ""hsf_keff"": 1, ""hsf_l0"": 33.0041, ""sparse_l"": 39.5314, ""sv_l"": 39.5314, ""feat_secs"": 0.012705, ""feat_secs_frame"": 0.000187, ""feat_secs_hsf"": 0.012428}"
ct,"ct:n=32,L=4,t=0,nn=1",1,"{""n"": 32.0, ""L"": 4.0, ""t"": 0.0, ""nn"": 1.0}",planx,ok,6.8e-05,0.0047,2146304,-0.0,0,-0.0,0.0,engine=tableau aborted=[] plan_secs=0.000000,"{""n"": 32, ""gates"": 196, ""g2"": 62, ""g3"": 0, ""depth2"": 4, ""t_count"": 0, ""rotations"": 0, ""d"": 0, ""dense_l"": 0.0, ""redundant"": 0, ""obs_zero"": true, ""frame_l"": 7.6147, ""chi_bits"": 2, ""mps_l"": 11.5118, ""hsf_k"": 2, ""hsf_na"": 16, ""hsf_nb"": 16, ""hsf_l"": 34.0043, ""sup"": 32, ""chi_bits0"": 2, ""mps_l0"": 11.5118, ""hsf_keff"": 2, ""hsf_l0"": 34.0043, ""sparse_l"": 39.6147, ""sv_l"": 39.6147, ""feat_secs"": 0.012484, ""feat_secs_frame"": 0.000215, ""feat_secs_hsf"": 0.012177}"
ct,"ct:n=32,L=4,t=0,nn=1",1,"{""n"": 32.0, ""L"": 4.0, ""t"": 0.0, ""nn"": 1.0}",planp,ok,5.8e-05,0.0044,2146304,-0.0,0,-0.0,0.0,engine=tableau aborted=[] plan_secs=0.000000,"{""n"": 32, ""gates"": 196, ""g2"": 62, ""g3"": 0, ""depth2"": 4, ""t_count"": 0, ""rotations"": 0, ""d"": 0, ""dense_l"": 0.0, ""redundant"": 0, ""obs_zero"": true, ""frame_l"": 7.6147, ""chi_bits"": 2, ""mps_l"": 11.5118, ""hsf_k"": 2, ""hsf_na"": 16, ""hsf_nb"": 16, ""hsf_l"": 34.0043, ""sup"": 32, ""chi_bits0"": 2, ""mps_l0"": 11.5118, ""hsf_keff"": 2, ""hsf_l0"": 34.0043, ""sparse_l"": 39.6147, ""sv_l"": 39.6147, ""feat_secs"": 0.012484, ""feat_secs_frame"": 0.000215, ""feat_secs_hsf"": 0.012177}"
ct,"ct:n=32,L=4,t=0,nn=1",1,"{""n"": 32.0, ""L"": 4.0, ""t"": 0.0, ""nn"": 1.0}",plan,ok,0.000309,0.0046,2146304,0.0,0,-0.0,0.0,engine=zero aborted=[] plan_secs=0.000305,"{""n"": 32, ""gates"": 196, ""g2"": 62, ""g3"": 0, ""depth2"": 4, ""t_count"": 0, ""rotations"": 0, ""d"": 0, ""dense_l"": 0.0, ""redundant"": 0, ""obs_zero"": true, ""frame_l"": 7.6147, ""chi_bits"": 2, ""mps_l"": 11.5118, ""hsf_k"": 2, ""hsf_na"": 16, ""hsf_nb"": 16, ""hsf_l"": 34.0043, ""sup"": 32, ""chi_bits0"": 2, ""mps_l0"": 11.5118, ""hsf_keff"": 2, ""hsf_l0"": 34.0043, ""sparse_l"": 39.6147, ""sv_l"": 39.6147, ""feat_secs"": 0.012484, ""feat_secs_frame"": 0.000215, ""feat_secs_hsf"": 0.012177}"
ct,"ct:n=32,L=4,t=8,nn=1",1,"{""n"": 32.0, ""L"": 4.0, ""t"": 8.0, ""nn"": 1.0}",planx,ok,0.000434,0.0044,2195456,0.0,0,0.0,0.0,engine=cstate aborted=[] plan_secs=0.000319,"{""n"": 32, ""gates"": 206, ""g2"": 62, ""g3"": 0, ""depth2"": 4, ""t_count"": 8, ""rotations"": 8, ""d"": 6, ""dense_l"": 7.9887, ""redundant"": 2, ""obs_zero"": true, ""frame_l"": 7.6865, ""chi_bits"": 2, ""mps_l"": 11.5255, ""hsf_k"": 2, ""hsf_na"": 16, ""hsf_nb"": 16, ""hsf_l"": 34.0045, ""sup"": 32, ""chi_bits0"": 2, ""mps_l0"": 11.5255, ""hsf_keff"": 2, ""hsf_l0"": 34.0045, ""sparse_l"": 39.6865, ""sv_l"": 39.6865, ""feat_secs"": 0.012504, ""feat_secs_frame"": 0.000232, ""feat_secs_hsf"": 0.01218}"
ct,"ct:n=32,L=4,t=8,nn=1",1,"{""n"": 32.0, ""L"": 4.0, ""t"": 8.0, ""nn"": 1.0}",planp,ok,0.000435,0.0067,2195456,0.0,0,0.0,0.0,engine=cstate aborted=[] plan_secs=0.000324,"{""n"": 32, ""gates"": 206, ""g2"": 62, ""g3"": 0, ""depth2"": 4, ""t_count"": 8, ""rotations"": 8, ""d"": 6, ""dense_l"": 7.9887, ""redundant"": 2, ""obs_zero"": true, ""frame_l"": 7.6865, ""chi_bits"": 2, ""mps_l"": 11.5255, ""hsf_k"": 2, ""hsf_na"": 16, ""hsf_nb"": 16, ""hsf_l"": 34.0045, ""sup"": 32, ""chi_bits0"": 2, ""mps_l0"": 11.5255, ""hsf_keff"": 2, ""hsf_l0"": 34.0045, ""sparse_l"": 39.6865, ""sv_l"": 39.6865, ""feat_secs"": 0.012504, ""feat_secs_frame"": 0.000232, ""feat_secs_hsf"": 0.01218}"
ct,"ct:n=32,L=4,t=8,nn=1",1,"{""n"": 32.0, ""L"": 4.0, ""t"": 8.0, ""nn"": 1.0}",plan,ok,0.000324,0.0045,2211840,0.0,0,0.0,0.0,engine=zero aborted=[] plan_secs=0.000319,"{""n"": 32, ""gates"": 206, ""g2"": 62, ""g3"": 0, ""depth2"": 4, ""t_count"": 8, ""rotations"": 8, ""d"": 6, ""dense_l"": 7.9887, ""redundant"": 2, ""obs_zero"": true, ""frame_l"": 7.6865, ""chi_bits"": 2, ""mps_l"": 11.5255, ""hsf_k"": 2, ""hsf_na"": 16, ""hsf_nb"": 16, ""hsf_l"": 34.0045, ""sup"": 32, ""chi_bits0"": 2, ""mps_l0"": 11.5255, ""hsf_keff"": 2, ""hsf_l0"": 34.0045, ""sparse_l"": 39.6865, ""sv_l"": 39.6865, ""feat_secs"": 0.012504, ""feat_secs_frame"": 0.000232, ""feat_secs_hsf"": 0.01218}"
ct,"ct:n=32,L=4,t=24,nn=1",1,"{""n"": 32.0, ""L"": 4.0, ""t"": 24.0, ""nn"": 1.0}",planx,ok,0.000655,0.0074,2326528,0.0,0,0.0,0.0,engine=cstate aborted=[] plan_secs=0.000425,"{""n"": 32, ""gates"": 240, ""g2"": 62, ""g3"": 0, ""depth2"": 4, ""t_count"": 24, ""rotations"": 24, ""d"": 13, ""dense_l"": 14.6032, ""redundant"": 11, ""obs_zero"": true, ""frame_l"": 7.9069, ""chi_bits"": 2, ""mps_l"": 11.6348, ""hsf_k"": 2, ""hsf_na"": 16, ""hsf_nb"": 16, ""hsf_l"": 33.0053, ""sup"": 32, ""chi_bits0"": 2, ""mps_l0"": 11.6348, ""hsf_keff"": 1, ""hsf_l0"": 34.0053, ""sparse_l"": 39.9069, ""sv_l"": 39.9069, ""feat_secs"": 0.012811, ""feat_secs_frame"": 0.000249, ""feat_secs_hsf"": 0.012451}"
ct,"ct:n=32,L=4,t=24,nn=1",1,"{""n"": 32.0, ""L"": 4.0, ""t"": 24.0, ""nn"": 1.0}",planp,ok,0.000523,0.0066,2359296,0.0,0,0.0,0.0,engine=cstate aborted=[] plan_secs=0.000352,"{""n"": 32, ""gates"": 240, ""g2"": 62, ""g3"": 0, ""depth2"": 4, ""t_count"": 24, ""rotations"": 24, ""d"": 13, ""dense_l"": 14.6032, ""redundant"": 11, ""obs_zero"": true, ""frame_l"": 7.9069, ""chi_bits"": 2, ""mps_l"": 11.6348, ""hsf_k"": 2, ""hsf_na"": 16, ""hsf_nb"": 16, ""hsf_l"": 33.0053, ""sup"": 32, ""chi_bits0"": 2, ""mps_l0"": 11.6348, ""hsf_keff"": 1, ""hsf_l0"": 34.0053, ""sparse_l"": 39.9069, ""sv_l"": 39.9069, ""feat_secs"": 0.012811, ""feat_secs_frame"": 0.000249, ""feat_secs_hsf"": 0.012451}"
ct,"ct:n=32,L=4,t=24,nn=1",1,"{""n"": 32.0, ""L"": 4.0, ""t"": 24.0, ""nn"": 1.0}",plan,ok,0.000416,0.0062,2211840,0.0,0,0.0,0.0,engine=zero aborted=[] plan_secs=0.000409,"{""n"": 32, ""gates"": 240, ""g2"": 62, ""g3"": 0, ""depth2"": 4, ""t_count"": 24, ""rotations"": 24, ""d"": 13, ""dense_l"": 14.6032, ""redundant"": 11, ""obs_zero"": true, ""frame_l"": 7.9069, ""chi_bits"": 2, ""mps_l"": 11.6348, ""hsf_k"": 2, ""hsf_na"": 16, ""hsf_nb"": 16, ""hsf_l"": 33.0053, ""sup"": 32, ""chi_bits0"": 2, ""mps_l0"": 11.6348, ""hsf_keff"": 1, ""hsf_l0"": 34.0053, ""sparse_l"": 39.9069, ""sv_l"": 39.9069, ""feat_secs"": 0.012811, ""feat_secs_frame"": 0.000249, ""feat_secs_hsf"": 0.012451}"
ct,"ct:n=32,L=4,t=48,nn=1",1,"{""n"": 32.0, ""L"": 4.0, ""t"": 48.0, ""nn"": 1.0}",planx,ok,0.00094,0.0075,3014656,3.03868658289694e-126,0,3.03868658289694e-126,0.0,engine=mps aborted=[] plan_secs=0.000527,"{""n"": 32, ""gates"": 281, ""g2"": 62, ""g3"": 0, ""depth2"": 4, ""t_count"": 48, ""rotations"": 48, ""d"": 24, ""dense_l"": 25.6942, ""redundant"": 24, ""obs_zero"": true, ""frame_l"": 8.1344, ""chi_bits"": 2, ""mps_l"": 11.7202, ""hsf_k"": 2, ""hsf_na"": 16, ""hsf_nb"": 16, ""hsf_l"": 34.0062, ""sup"": 32, ""chi_bits0"": 2, ""mps_l0"": 11.7202, ""hsf_keff"": 2, ""hsf_l0"": 34.0062, ""sparse_l"": 40.1344, ""sv_l"": 40.1344, ""feat_secs"": 0.012604, ""feat_secs_frame"": 0.000269, ""feat_secs_hsf"": 0.012219}"
ct,"ct:n=32,L=4,t=48,nn=1",1,"{""n"": 32.0, ""L"": 4.0, ""t"": 48.0, ""nn"": 1.0}",planp,ok,0.000966,0.0076,3014656,3.03868658289694e-126,0,3.03868658289694e-126,0.0,engine=mps aborted=[] plan_secs=0.000550,"{""n"": 32, ""gates"": 281, ""g2"": 62, ""g3"": 0, ""depth2"": 4, ""t_count"": 48, ""rotations"": 48, ""d"": 24, ""dense_l"": 25.6942, ""redundant"": 24, ""obs_zero"": true, ""frame_l"": 8.1344, ""chi_bits"": 2, ""mps_l"": 11.7202, ""hsf_k"": 2, ""hsf_na"": 16, ""hsf_nb"": 16, ""hsf_l"": 34.0062, ""sup"": 32, ""chi_bits0"": 2, ""mps_l0"": 11.7202, ""hsf_keff"": 2, ""hsf_l0"": 34.0062, ""sparse_l"": 40.1344, ""sv_l"": 40.1344, ""feat_secs"": 0.012604, ""feat_secs_frame"": 0.000269, ""feat_secs_hsf"": 0.012219}"
ct,"ct:n=32,L=4,t=48,nn=1",1,"{""n"": 32.0, ""L"": 4.0, ""t"": 48.0, ""nn"": 1.0}",plan,ok,0.000537,0.0071,2359296,0.0,0,3.03868658289694e-126,3.03868658289694e-126,engine=zero aborted=[] plan_secs=0.000531,"{""n"": 32, ""gates"": 281, ""g2"": 62, ""g3"": 0, ""depth2"": 4, ""t_count"": 48, ""rotations"": 48, ""d"": 24, ""dense_l"": 25.6942, ""redundant"": 24, ""obs_zero"": true, ""frame_l"": 8.1344, ""chi_bits"": 2, ""mps_l"": 11.7202, ""hsf_k"": 2, ""hsf_na"": 16, ""hsf_nb"": 16, ""hsf_l"": 34.0062, ""sup"": 32, ""chi_bits0"": 2, ""mps_l0"": 11.7202, ""hsf_keff"": 2, ""hsf_l0"": 34.0062, ""sparse_l"": 40.1344, ""sv_l"": 40.1344, ""feat_secs"": 0.012604, ""feat_secs_frame"": 0.000269, ""feat_secs_hsf"": 0.012219}"
ct,"ct:n=32,L=8,t=0,nn=1",1,"{""n"": 32.0, ""L"": 8.0, ""t"": 0.0, ""nn"": 1.0}",planx,ok,0.000102,0.0063,2228224,-0.0,0,-0.0,0.0,engine=tableau aborted=[] plan_secs=0.000001,"{""n"": 32, ""gates"": 377, ""g2"": 124, ""g3"": 0, ""depth2"": 8, ""t_count"": 0, ""rotations"": 0, ""d"": 0, ""dense_l"": 0.0, ""redundant"": 0, ""obs_zero"": true, ""frame_l"": 8.5584, ""chi_bits"": 4, ""mps_l"": 17.0008, ""hsf_k"": 4, ""hsf_na"": 16, ""hsf_nb"": 16, ""hsf_l"": 35.0083, ""sup"": 32, ""chi_bits0"": 4, ""mps_l0"": 17.0008, ""hsf_keff"": 3, ""hsf_l0"": 36.0083, ""sparse_l"": 40.5584, ""sv_l"": 40.5584, ""feat_secs"": 0.012965, ""feat_secs_frame"": 0.00045, ""feat_secs_hsf"": 0.012353}"
ct,"ct:n=32,L=8,t=0,nn=1",1,"{""n"": 32.0, ""L"": 8.0, ""t"": 0.0, ""nn"": 1.0}",planp,ok,9e-05,0.0040,2211840,-0.0,0,-0.0,0.0,engine=tableau aborted=[] plan_secs=0.000001,"{""n"": 32, ""gates"": 377, ""g2"": 124, ""g3"": 0, ""depth2"": 8, ""t_count"": 0, ""rotations"": 0, ""d"": 0, ""dense_l"": 0.0, ""redundant"": 0, ""obs_zero"": true, ""frame_l"": 8.5584, ""chi_bits"": 4, ""mps_l"": 17.0008, ""hsf_k"": 4, ""hsf_na"": 16, ""hsf_nb"": 16, ""hsf_l"": 35.0083, ""sup"": 32, ""chi_bits0"": 4, ""mps_l0"": 17.0008, ""hsf_keff"": 3, ""hsf_l0"": 36.0083, ""sparse_l"": 40.5584, ""sv_l"": 40.5584, ""feat_secs"": 0.012965, ""feat_secs_frame"": 0.00045, ""feat_secs_hsf"": 0.012353}"
ct,"ct:n=32,L=8,t=0,nn=1",1,"{""n"": 32.0, ""L"": 8.0, ""t"": 0.0, ""nn"": 1.0}",plan,ok,0.000538,0.0070,2260992,0.0,0,-0.0,0.0,engine=zero aborted=[] plan_secs=0.000530,"{""n"": 32, ""gates"": 377, ""g2"": 124, ""g3"": 0, ""depth2"": 8, ""t_count"": 0, ""rotations"": 0, ""d"": 0, ""dense_l"": 0.0, ""redundant"": 0, ""obs_zero"": true, ""frame_l"": 8.5584, ""chi_bits"": 4, ""mps_l"": 17.0008, ""hsf_k"": 4, ""hsf_na"": 16, ""hsf_nb"": 16, ""hsf_l"": 35.0083, ""sup"": 32, ""chi_bits0"": 4, ""mps_l0"": 17.0008, ""hsf_keff"": 3, ""hsf_l0"": 36.0083, ""sparse_l"": 40.5584, ""sv_l"": 40.5584, ""feat_secs"": 0.012965, ""feat_secs_frame"": 0.00045, ""feat_secs_hsf"": 0.012353}"
ct,"ct:n=32,L=8,t=8,nn=1",1,"{""n"": 32.0, ""L"": 8.0, ""t"": 8.0, ""nn"": 1.0}",planx,ok,0.000725,0.0079,2293760,0.0,0,0.0,0.0,engine=cstate aborted=[] plan_secs=0.000528,"{""n"": 32, ""gates"": 380, ""g2"": 124, ""g3"": 0, ""depth2"": 8, ""t_count"": 8, ""rotations"": 8, ""d"": 8, ""dense_l"": 8.9944, ""redundant"": 0, ""obs_zero"": true, ""frame_l"": 8.5699, ""chi_bits"": 4, ""mps_l"": 16.9943, ""hsf_k"": 4, ""hsf_na"": 16, ""hsf_nb"": 16, ""hsf_l"": 36.0083, ""sup"": 32, ""chi_bits0"": 4, ""mps_l0"": 16.9943, ""hsf_keff"": 4, ""hsf_l0"": 36.0083, ""sparse_l"": 40.5699, ""sv_l"": 40.5699, ""feat_secs"": 0.013169, ""feat_secs_frame"": 0.000388, ""feat_secs_hsf"": 0.012632}"
ct,"ct:n=32,L=8,t=8,nn=1",1,"{""n"": 32.0, ""L"": 8.0, ""t"": 8.0, ""nn"": 1.0}",planp,ok,0.00072,0.0075,2293760,0.0,0,0.0,0.0,engine=cstate aborted=[] plan_secs=0.000527,"{""n"": 32, ""gates"": 380, ""g2"": 124, ""g3"": 0, ""depth2"": 8, ""t_count"": 8, ""rotations"": 8, ""d"": 8, ""dense_l"": 8.9944, ""redundant"": 0, ""obs_zero"": true, ""frame_l"": 8.5699, ""chi_bits"": 4, ""mps_l"": 16.9943, ""hsf_k"": 4, ""hsf_na"": 16, ""hsf_nb"": 16, ""hsf_l"": 36.0083, ""sup"": 32, ""chi_bits0"": 4, ""mps_l0"": 16.9943, ""hsf_keff"": 4, ""hsf_l0"": 36.0083, ""sparse_l"": 40.5699, ""sv_l"": 40.5699, ""feat_secs"": 0.013169, ""feat_secs_frame"": 0.000388, ""feat_secs_hsf"": 0.012632}"
ct,"ct:n=32,L=8,t=8,nn=1",1,"{""n"": 32.0, ""L"": 8.0, ""t"": 8.0, ""nn"": 1.0}",plan,ok,0.000536,0.0046,2293760,0.0,0,0.0,0.0,engine=zero aborted=[] plan_secs=0.000531,"{""n"": 32, ""gates"": 380, ""g2"": 124, ""g3"": 0, ""depth2"": 8, ""t_count"": 8, ""rotations"": 8, ""d"": 8, ""dense_l"": 8.9944, ""redundant"": 0, ""obs_zero"": true, ""frame_l"": 8.5699, ""chi_bits"": 4, ""mps_l"": 16.9943, ""hsf_k"": 4, ""hsf_na"": 16, ""hsf_nb"": 16, ""hsf_l"": 36.0083, ""sup"": 32, ""chi_bits0"": 4, ""mps_l0"": 16.9943, ""hsf_keff"": 4, ""hsf_l0"": 36.0083, ""sparse_l"": 40.5699, ""sv_l"": 40.5699, ""feat_secs"": 0.013169, ""feat_secs_frame"": 0.000388, ""feat_secs_hsf"": 0.012632}"
ct,"ct:n=32,L=8,t=24,nn=1",1,"{""n"": 32.0, ""L"": 8.0, ""t"": 24.0, ""nn"": 1.0}",planx,ok,0.001884,0.0076,3325952,-7.712478770858354e-80,0,-7.712478770858354e-80,0.0,engine=mps aborted=[] plan_secs=0.000806,"{""n"": 32, ""gates"": 417, ""g2"": 124, ""g3"": 0, ""depth2"": 8, ""t_count"": 24, ""rotations"": 24, ""d"": 20, ""dense_l"": 21.0224, ""redundant"": 4, ""obs_zero"": true, ""frame_l"": 8.7039, ""chi_bits"": 4, ""mps_l"": 17.0021, ""hsf_k"": 4, ""hsf_na"": 16, ""hsf_nb"": 16, ""hsf_l"": 34.0092, ""sup"": 32, ""chi_bits0"": 4, ""mps_l0"": 17.0021, ""hsf_keff"": 2, ""hsf_l0"": 36.0092, ""sparse_l"": 40.7039, ""sv_l"": 40.7039, ""feat_secs"": 0.013117, ""feat_secs_frame"": 0.000398, ""feat_secs_hsf"": 0.012547}"
ct,"ct:n=32,L=8,t=24,nn=1",1,"{""n"": 32.0, ""L"": 8.0, ""t"": 24.0, ""nn"": 1.0}",planp,ok,0.001889,0.0065,3358720,-7.712478770858354e-80,0,-7.712478770858354e-80,0.0,engine=mps aborted=[] plan_secs=0.000813,"{""n"": 32, ""gates"": 417, ""g2"": 124, ""g3"": 0, ""depth2"": 8, ""t_count"": 24, ""rotations"": 24, ""d"": 20, ""dense_l"": 21.0224, ""redundant"": 4, ""obs_zero"": true, ""frame_l"": 8.7039, ""chi_bits"": 4, ""mps_l"": 17.0021, ""hsf_k"": 4, ""hsf_na"": 16, ""hsf_nb"": 16, ""hsf_l"": 34.0092, ""sup"": 32, ""chi_bits0"": 4, ""mps_l0"": 17.0021, ""hsf_keff"": 2, ""hsf_l0"": 36.0092, ""sparse_l"": 40.7039, ""sv_l"": 40.7039, ""feat_secs"": 0.013117, ""feat_secs_frame"": 0.000398, ""feat_secs_hsf"": 0.012547}"
ct,"ct:n=32,L=8,t=24,nn=1",1,"{""n"": 32.0, ""L"": 8.0, ""t"": 24.0, ""nn"": 1.0}",plan,ok,0.000892,0.0068,2375680,0.0,0,-7.712478770858354e-80,7.712478770858354e-80,engine=zero aborted=[] plan_secs=0.000886,"{""n"": 32, ""gates"": 417, ""g2"": 124, ""g3"": 0, ""depth2"": 8, ""t_count"": 24, ""rotations"": 24, ""d"": 20, ""dense_l"": 21.0224, ""redundant"": 4, ""obs_zero"": true, ""frame_l"": 8.7039, ""chi_bits"": 4, ""mps_l"": 17.0021, ""hsf_k"": 4, ""hsf_na"": 16, ""hsf_nb"": 16, ""hsf_l"": 34.0092, ""sup"": 32, ""chi_bits0"": 4, ""mps_l0"": 17.0021, ""hsf_keff"": 2, ""hsf_l0"": 36.0092, ""sparse_l"": 40.7039, ""sv_l"": 40.7039, ""feat_secs"": 0.013117, ""feat_secs_frame"": 0.000398, ""feat_secs_hsf"": 0.012547}"
ct,"ct:n=32,L=8,t=48,nn=1",1,"{""n"": 32.0, ""L"": 8.0, ""t"": 48.0, ""nn"": 1.0}",planx,ok,0.001714,0.0078,3194880,6.739447624314828e-80,0,6.739447624314828e-80,0.0,engine=mps aborted=[] plan_secs=0.000874,"{""n"": 32, ""gates"": 465, ""g2"": 124, ""g3"": 0, ""depth2"": 8, ""t_count"": 48, ""rotations"": 48, ""d"": 29, ""dense_l"": 31.0716, ""redundant"": 19, ""obs_zero"": true, ""frame_l"": 8.8611, ""chi_bits"": 4, ""mps_l"": 17.04, ""hsf_k"": 4, ""hsf_na"": 16, ""hsf_nb"": 16, ""hsf_l"": 36.0102, ""sup"": 32, ""chi_bits0"": 4, ""mps_l0"": 17.04, ""hsf_keff"": 4, ""hsf_l0"": 36.0102, ""sparse_l"": 40.8611, ""sv_l"": 40.8611, ""feat_secs"": 0.012913, ""feat_secs_frame"": 0.000443, ""feat_secs_hsf"": 0.012298}"
ct,"ct:n=32,L=8,t=48,nn=1",1,"{""n"": 32.0, ""L"": 8.0, ""t"": 48.0, ""nn"": 1.0}",planp,ok,0.001721,0.0067,3211264,6.739447624314828e-80,0,6.739447624314828e-80,0.0,engine=mps aborted=[] plan_secs=0.000886,"{""n"": 32, ""gates"": 465, ""g2"": 124, ""g3"": 0, ""depth2"": 8, ""t_count"": 48, ""rotations"": 48, ""d"": 29, ""dense_l"": 31.0716, ""redundant"": 19, ""obs_zero"": true, ""frame_l"": 8.8611, ""chi_bits"": 4, ""mps_l"": 17.04, ""hsf_k"": 4, ""hsf_na"": 16, ""hsf_nb"": 16, ""hsf_l"": 36.0102, ""sup"": 32, ""chi_bits0"": 4, ""mps_l0"": 17.04, ""hsf_keff"": 4, ""hsf_l0"": 36.0102, ""sparse_l"": 40.8611, ""sv_l"": 40.8611, ""feat_secs"": 0.012913, ""feat_secs_frame"": 0.000443, ""feat_secs_hsf"": 0.012298}"
ct,"ct:n=32,L=8,t=48,nn=1",1,"{""n"": 32.0, ""L"": 8.0, ""t"": 48.0, ""nn"": 1.0}",plan,ok,0.000949,0.0075,2408448,0.0,0,6.739447624314828e-80,6.739447624314828e-80,engine=zero aborted=[] plan_secs=0.000943,"{""n"": 32, ""gates"": 465, ""g2"": 124, ""g3"": 0, ""depth2"": 8, ""t_count"": 48, ""rotations"": 48, ""d"": 29, ""dense_l"": 31.0716, ""redundant"": 19, ""obs_zero"": true, ""frame_l"": 8.8611, ""chi_bits"": 4, ""mps_l"": 17.04, ""hsf_k"": 4, ""hsf_na"": 16, ""hsf_nb"": 16, ""hsf_l"": 36.0102, ""sup"": 32, ""chi_bits0"": 4, ""mps_l0"": 17.04, ""hsf_keff"": 4, ""hsf_l0"": 36.0102, ""sparse_l"": 40.8611, ""sv_l"": 40.8611, ""feat_secs"": 0.012913, ""feat_secs_frame"": 0.000443, ""feat_secs_hsf"": 0.012298}"
ct,"ct:n=32,L=16,t=0,nn=1",1,"{""n"": 32.0, ""L"": 16.0, ""t"": 0.0, ""nn"": 1.0}",planx,ok,0.000126,0.0046,2310144,-0.0,0,-0.0,0.0,engine=tableau aborted=[] plan_secs=0.000001,"{""n"": 32, ""gates"": 741, ""g2"": 248, ""g3"": 0, ""depth2"": 16, ""t_count"": 0, ""rotations"": 0, ""d"": 0, ""dense_l"": 0.0, ""redundant"": 0, ""obs_zero"": true, ""frame_l"": 9.5333, ""chi_bits"": 8, ""mps_l"": 28.3369, ""hsf_k"": 8, ""hsf_na"": 16, ""hsf_nb"": 16, ""hsf_l"": 38.0162, ""sup"": 32, ""chi_bits0"": 8, ""mps_l0"": 28.3369, ""hsf_keff"": 6, ""hsf_l0"": 40.0162, ""sparse_l"": 41.5333, ""sv_l"": 41.5333, ""feat_secs"": 0.014002, ""feat_secs_frame"": 0.00078, ""feat_secs_hsf"": 0.01292}"
ct,"ct:n=32,L=16,t=0,nn=1",1,"{""n"": 32.0, ""L"": 16.0, ""t"": 0.0, ""nn"": 1.0}",planp,ok,0.000124,0.0044,2310144,-0.0,0,-0.0,0.0,engine=tableau aborted=[] plan_secs=0.000001,"{""n"": 32, ""gates"": 741, ""g2"": 248, ""g3"": 0, ""depth2"": 16, ""t_count"": 0, ""rotations"": 0, ""d"": 0, ""dense_l"": 0.0, ""redundant"": 0, ""obs_zero"": true, ""frame_l"": 9.5333, ""chi_bits"": 8, ""mps_l"": 28.3369, ""hsf_k"": 8, ""hsf_na"": 16, ""hsf_nb"": 16, ""hsf_l"": 38.0162, ""sup"": 32, ""chi_bits0"": 8, ""mps_l0"": 28.3369, ""hsf_keff"": 6, ""hsf_l0"": 40.0162, ""sparse_l"": 41.5333, ""sv_l"": 41.5333, ""feat_secs"": 0.014002, ""feat_secs_frame"": 0.00078, ""feat_secs_hsf"": 0.01292}"
ct,"ct:n=32,L=16,t=0,nn=1",1,"{""n"": 32.0, ""L"": 16.0, ""t"": 0.0, ""nn"": 1.0}",plan,ok,0.001013,0.0074,2408448,0.0,0,-0.0,0.0,engine=zero aborted=[] plan_secs=0.001007,"{""n"": 32, ""gates"": 741, ""g2"": 248, ""g3"": 0, ""depth2"": 16, ""t_count"": 0, ""rotations"": 0, ""d"": 0, ""dense_l"": 0.0, ""redundant"": 0, ""obs_zero"": true, ""frame_l"": 9.5333, ""chi_bits"": 8, ""mps_l"": 28.3369, ""hsf_k"": 8, ""hsf_na"": 16, ""hsf_nb"": 16, ""hsf_l"": 38.0162, ""sup"": 32, ""chi_bits0"": 8, ""mps_l0"": 28.3369, ""hsf_keff"": 6, ""hsf_l0"": 40.0162, ""sparse_l"": 41.5333, ""sv_l"": 41.5333, ""feat_secs"": 0.014002, ""feat_secs_frame"": 0.00078, ""feat_secs_hsf"": 0.01292}"
ct,"ct:n=32,L=16,t=8,nn=1",1,"{""n"": 32.0, ""L"": 16.0, ""t"": 8.0, ""nn"": 1.0}",planx,ok,0.001352,0.0077,2441216,0.0,0,0.0,0.0,engine=cstate aborted=[] plan_secs=0.000993,"{""n"": 32, ""gates"": 743, ""g2"": 248, ""g3"": 0, ""depth2"": 16, ""t_count"": 8, ""rotations"": 8, ""d"": 8, ""dense_l"": 8.9944, ""redundant"": 0, ""obs_zero"": true, ""frame_l"": 9.5372, ""chi_bits"": 8, ""mps_l"": 28.3368, ""hsf_k"": 8, ""hsf_na"": 16, ""hsf_nb"": 16, ""hsf_l"": 40.0163, ""sup"": 32, ""chi_bits0"": 8, ""mps_l0"": 28.3368, ""hsf_keff"": 8, ""hsf_l0"": 40.0163, ""sparse_l"": 41.5372, ""sv_l"": 41.5372, ""feat_secs"": 0.013649, ""feat_secs_frame"": 0.000805, ""feat_secs_hsf"": 0.012561}"
ct,"ct:n=32,L=16,t=8,nn=1",1,"{""n"": 32.0, ""L"": 16.0, ""t"": 8.0, ""nn"": 1.0}",planp,ok,0.001362,0.0075,2441216,0.0,0,0.0,0.0,engine=cstate aborted=[] plan_secs=0.000999,"{""n"": 32, ""gates"": 743, ""g2"": 248, ""g3"": 0, ""depth2"": 16, ""t_count"": 8, ""rotations"": 8, ""d"": 8, ""dense_l"": 8.9944, ""redundant"": 0, ""obs_zero"": true, ""frame_l"": 9.5372, ""chi_bits"": 8, ""mps_l"": 28.3368, ""hsf_k"": 8, ""hsf_na"": 16, ""hsf_nb"": 16, ""hsf_l"": 40.0163, ""sup"": 32, ""chi_bits0"": 8, ""mps_l0"": 28.3368, ""hsf_keff"": 8, ""hsf_l0"": 40.0163, ""sparse_l"": 41.5372, ""sv_l"": 41.5372, ""feat_secs"": 0.013649, ""feat_secs_frame"": 0.000805, ""feat_secs_hsf"": 0.012561}"
ct,"ct:n=32,L=16,t=8,nn=1",1,"{""n"": 32.0, ""L"": 16.0, ""t"": 8.0, ""nn"": 1.0}",plan,ok,0.001066,0.0077,2408448,0.0,0,0.0,0.0,engine=zero aborted=[] plan_secs=0.001058,"{""n"": 32, ""gates"": 743, ""g2"": 248, ""g3"": 0, ""depth2"": 16, ""t_count"": 8, ""rotations"": 8, ""d"": 8, ""dense_l"": 8.9944, ""redundant"": 0, ""obs_zero"": true, ""frame_l"": 9.5372, ""chi_bits"": 8, ""mps_l"": 28.3368, ""hsf_k"": 8, ""hsf_na"": 16, ""hsf_nb"": 16, ""hsf_l"": 40.0163, ""sup"": 32, ""chi_bits0"": 8, ""mps_l0"": 28.3368, ""hsf_keff"": 8, ""hsf_l0"": 40.0163, ""sparse_l"": 41.5372, ""sv_l"": 41.5372, ""feat_secs"": 0.013649, ""feat_secs_frame"": 0.000805, ""feat_secs_hsf"": 0.012561}"
ct,"ct:n=32,L=16,t=24,nn=1",1,"{""n"": 32.0, ""L"": 16.0, ""t"": 24.0, ""nn"": 1.0}",planx,ok,0.019873,0.0264,70074368,0.0,0,0.0,0.0,engine=cstate aborted=[] plan_secs=0.001586,"{""n"": 32, ""gates"": 800, ""g2"": 248, ""g3"": 0, ""depth2"": 16, ""t_count"": 24, ""rotations"": 24, ""d"": 22, ""dense_l"": 23.014, ""redundant"": 2, ""obs_zero"": true, ""frame_l"": 9.6439, ""chi_bits"": 8, ""mps_l"": 28.3376, ""hsf_k"": 8, ""hsf_na"": 16, ""hsf_nb"": 16, ""hsf_l"": 38.0175, ""sup"": 32, ""chi_bits0"": 8, ""mps_l0"": 28.3376, ""hsf_keff"": 6, ""hsf_l0"": 40.0175, ""sparse_l"": 41.6439, ""sv_l"": 41.6439, ""feat_secs"": 0.013629, ""feat_secs_frame"": 0.000742, ""feat_secs_hsf"": 0.012584}"
ct,"ct:n=32,L=16,t=24,nn=1",1,"{""n"": 32.0, ""L"": 16.0, ""t"": 24.0, ""nn"": 1.0}",planp,ok,0.024504,0.0309,71335936,0.0,0,0.0,0.0,engine=cstate aborted=[] plan_secs=0.005034,"{""n"": 32, ""gates"": 800, ""g2"": 248, ""g3"": 0, ""depth2"": 16, ""t_count"": 24, ""rotations"": 24, ""d"": 22, ""dense_l"": 23.014, ""redundant"": 2, ""obs_zero"": true, ""frame_l"": 9.6439, ""chi_bits"": 8, ""mps_l"": 28.3376, ""hsf_k"": 8, ""hsf_na"": 16, ""hsf_nb"": 16, ""hsf_l"": 38.0175, ""sup"": 32, ""chi_bits0"": 8, ""mps_l0"": 28.3376, ""hsf_keff"": 6, ""hsf_l0"": 40.0175, ""sparse_l"": 41.6439, ""sv_l"": 41.6439, ""feat_secs"": 0.013629, ""feat_secs_frame"": 0.000742, ""feat_secs_hsf"": 0.012584}"
ct,"ct:n=32,L=16,t=24,nn=1",1,"{""n"": 32.0, ""L"": 16.0, ""t"": 24.0, ""nn"": 1.0}",plan,ok,0.001586,0.0075,2588672,0.0,0,0.0,0.0,engine=zero aborted=[] plan_secs=0.001576,"{""n"": 32, ""gates"": 800, ""g2"": 248, ""g3"": 0, ""depth2"": 16, ""t_count"": 24, ""rotations"": 24, ""d"": 22, ""dense_l"": 23.014, ""redundant"": 2, ""obs_zero"": true, ""frame_l"": 9.6439, ""chi_bits"": 8, ""mps_l"": 28.3376, ""hsf_k"": 8, ""hsf_na"": 16, ""hsf_nb"": 16, ""hsf_l"": 38.0175, ""sup"": 32, ""chi_bits0"": 8, ""mps_l0"": 28.3376, ""hsf_keff"": 6, ""hsf_l0"": 40.0175, ""sparse_l"": 41.6439, ""sv_l"": 41.6439, ""feat_secs"": 0.013629, ""feat_secs_frame"": 0.000742, ""feat_secs_hsf"": 0.012584}"
ct,"ct:n=32,L=16,t=48,nn=1",1,"{""n"": 32.0, ""L"": 16.0, ""t"": 48.0, ""nn"": 1.0}",planx,ok,0.006938,0.0134,4161536,1.081187092401473e-34,0,1.081187092401473e-34,0.0,engine=mps aborted=[] plan_secs=0.001737,"{""n"": 32, ""gates"": 836, ""g2"": 248, ""g3"": 0, ""depth2"": 16, ""t_count"": 48, ""rotations"": 48, ""d"": 31, ""dense_l"": 32.2035, ""redundant"": 17, ""obs_zero"": false, ""frame_l"": 14.085, ""chi_bits"": 8, ""mps_l"": 28.3374, ""hsf_k"": 8, ""hsf_na"": 16, ""hsf_nb"": 16, ""hsf_l"": 39.0183, ""sup"": 32, ""chi_bits0"": 8, ""mps_l0"": 28.3374, ""hsf_keff"": 7, ""hsf_l0"": 40.0183, ""sparse_l"": 41.7074, ""sv_l"": 41.7074, ""feat_secs"": 0.013501, ""feat_secs_frame"": 0.000768, ""feat_secs_hsf"": 0.012403}"
ct,"ct:n=32,L=16,t=48,nn=1",1,"{""n"": 32.0, ""L"": 16.0, ""t"": 48.0, ""nn"": 1.0}",planp,ok,0.007881,0.0138,4161536,1.081187092401473e-34,0,1.081187092401473e-34,0.0,engine=mps aborted=[] plan_secs=0.001735,"{""n"": 32, ""gates"": 836, ""g2"": 248, ""g3"": 0, ""depth2"": 16, ""t_count"": 48, ""rotations"": 48, ""d"": 31, ""dense_l"": 32.2035, ""redundant"": 17, ""obs_zero"": false, ""frame_l"": 14.085, ""chi_bits"": 8, ""mps_l"": 28.3374, ""hsf_k"": 8, ""hsf_na"": 16, ""hsf_nb"": 16, ""hsf_l"": 39.0183, ""sup"": 32, ""chi_bits0"": 8, ""mps_l0"": 28.3374, ""hsf_keff"": 7, ""hsf_l0"": 40.0183, ""sparse_l"": 41.7074, ""sv_l"": 41.7074, ""feat_secs"": 0.013501, ""feat_secs_frame"": 0.000768, ""feat_secs_hsf"": 0.012403}"
ct,"ct:n=32,L=16,t=48,nn=1",1,"{""n"": 32.0, ""L"": 16.0, ""t"": 48.0, ""nn"": 1.0}",plan,ok,0.006966,0.0131,4161536,1.081187092401473e-34,0,1.081187092401473e-34,0.0,engine=mps aborted=[] plan_secs=0.001678,"{""n"": 32, ""gates"": 836, ""g2"": 248, ""g3"": 0, ""depth2"": 16, ""t_count"": 48, ""rotations"": 48, ""d"": 31, ""dense_l"": 32.2035, ""redundant"": 17, ""obs_zero"": false, ""frame_l"": 14.085, ""chi_bits"": 8, ""mps_l"": 28.3374, ""hsf_k"": 8, ""hsf_na"": 16, ""hsf_nb"": 16, ""hsf_l"": 39.0183, ""sup"": 32, ""chi_bits0"": 8, ""mps_l0"": 28.3374, ""hsf_keff"": 7, ""hsf_l0"": 40.0183, ""sparse_l"": 41.7074, ""sv_l"": 41.7074, ""feat_secs"": 0.013501, ""feat_secs_frame"": 0.000768, ""feat_secs_hsf"": 0.012403}"
ct,"ct:n=32,L=32,t=0,nn=1",1,"{""n"": 32.0, ""L"": 32.0, ""t"": 0.0, ""nn"": 1.0}",planx,ok,0.000156,0.0048,2408448,-0.0,0,-0.0,0.0,engine=tableau aborted=[] plan_secs=0.000001,"{""n"": 32, ""gates"": 1486, ""g2"": 496, ""g3"": 0, ""depth2"": 32, ""t_count"": 0, ""rotations"": 0, ""d"": 0, ""dense_l"": 0.0, ""redundant"": 0, ""obs_zero"": true, ""frame_l"": 10.5372, ""chi_bits"": 16, ""mps_l"": 48.8448, ""hsf_k"": 16, ""hsf_na"": 16, ""hsf_nb"": 16, ""hsf_l"": 46.0323, ""sup"": 32, ""chi_bits0"": 16, ""mps_l0"": 48.8448, ""hsf_keff"": 14, ""hsf_l0"": 48.0323, ""sparse_l"": 42.5372, ""sv_l"": 42.5372, ""feat_secs"": 0.014746, ""feat_secs_frame"": 0.001378, ""feat_secs_hsf"": 0.012862}"
ct,"ct:n=32,L=32,t=0,nn=1",1,"{""n"": 32.0, ""L"": 32.0, ""t"": 0.0, ""nn"": 1.0}",planp,ok,0.000171,0.0064,2424832,-0.0,0,-0.0,0.0,engine=tableau aborted=[] plan_secs=0.000001,"{""n"": 32, ""gates"": 1486, ""g2"": 496, ""g3"": 0, ""depth2"": 32, ""t_count"": 0, ""rotations"": 0, ""d"": 0, ""dense_l"": 0.0, ""redundant"": 0, ""obs_zero"": true, ""frame_l"": 10.5372, ""chi_bits"": 16, ""mps_l"": 48.8448, ""hsf_k"": 16, ""hsf_na"": 16, ""hsf_nb"": 16, ""hsf_l"": 46.0323, ""sup"": 32, ""chi_bits0"": 16, ""mps_l0"": 48.8448, ""hsf_keff"": 14, ""hsf_l0"": 48.0323, ""sparse_l"": 42.5372, ""sv_l"": 42.5372, ""feat_secs"": 0.014746, ""feat_secs_frame"": 0.001378, ""feat_secs_hsf"": 0.012862}"
ct,"ct:n=32,L=32,t=0,nn=1",1,"{""n"": 32.0, ""L"": 32.0, ""t"": 0.0, ""nn"": 1.0}",plan,ok,0.001959,0.0078,2588672,0.0,0,-0.0,0.0,engine=zero aborted=[] plan_secs=0.001949,"{""n"": 32, ""gates"": 1486, ""g2"": 496, ""g3"": 0, ""depth2"": 32, ""t_count"": 0, ""rotations"": 0, ""d"": 0, ""dense_l"": 0.0, ""redundant"": 0, ""obs_zero"": true, ""frame_l"": 10.5372, ""chi_bits"": 16, ""mps_l"": 48.8448, ""hsf_k"": 16, ""hsf_na"": 16, ""hsf_nb"": 16, ""hsf_l"": 46.0323, ""sup"": 32, ""chi_bits0"": 16, ""mps_l0"": 48.8448, ""hsf_keff"": 14, ""hsf_l0"": 48.0323, ""sparse_l"": 42.5372, ""sv_l"": 42.5372, ""feat_secs"": 0.014746, ""feat_secs_frame"": 0.001378, ""feat_secs_hsf"": 0.012862}"
ct,"ct:n=32,L=32,t=8,nn=1",1,"{""n"": 32.0, ""L"": 32.0, ""t"": 8.0, ""nn"": 1.0}",planx,ok,0.002573,0.0068,2605056,0.0,0,0.0,0.0,engine=cstate aborted=[] plan_secs=0.001873,"{""n"": 32, ""gates"": 1505, ""g2"": 496, ""g3"": 0, ""depth2"": 32, ""t_count"": 8, ""rotations"": 8, ""d"": 8, ""dense_l"": 8.9944, ""redundant"": 0, ""obs_zero"": true, ""frame_l"": 10.5555, ""chi_bits"": 16, ""mps_l"": 48.8448, ""hsf_k"": 16, ""hsf_na"": 16, ""hsf_nb"": 16, ""hsf_l"": 46.0328, ""sup"": 32, ""chi_bits0"": 16, ""mps_l0"": 48.8448, ""hsf_keff"": 14, ""hsf_l0"": 48.0328, ""sparse_l"": 42.5555, ""sv_l"": 42.5555, ""feat_secs"": 0.014498, ""feat_secs_frame"": 0.001351, ""feat_secs_hsf"": 0.012599}"
ct,"ct:n=32,L=32,t=8,nn=1",1,"{""n"": 32.0, ""L"": 32.0, ""t"": 8.0, ""nn"": 1.0}",planp,ok,0.002555,0.0075,2621440,0.0,0,0.0,0.0,engine=cstate aborted=[] plan_secs=0.001866,"{""n"": 32, ""gates"": 1505, ""g2"": 496, ""g3"": 0, ""depth2"": 32, ""t_count"": 8, ""rotations"": 8, ""d"": 8, ""dense_l"": 8.9944, ""redundant"": 0, ""obs_zero"": true, ""frame_l"": 10.5555, ""chi_bits"": 16, ""mps_l"": 48.8448, ""hsf_k"": 16, ""hsf_na"": 16, ""hsf_nb"": 16, ""hsf_l"": 46.0328, ""sup"": 32, ""chi_bits0"": 16, ""mps_l0"": 48.8448, ""hsf_keff"": 14, ""hsf_l0"": 48.0328, ""sparse_l"": 42.5555, ""sv_l"": 42.5555, ""feat_secs"": 0.014498, ""feat_secs_frame"": 0.001351, ""feat_secs_hsf"": 0.012599}"
ct,"ct:n=32,L=32,t=8,nn=1",1,"{""n"": 32.0, ""L"": 32.0, ""t"": 8.0, ""nn"": 1.0}",plan,ok,0.0019,0.0067,2605056,0.0,0,0.0,0.0,engine=zero aborted=[] plan_secs=0.001895,"{""n"": 32, ""gates"": 1505, ""g2"": 496, ""g3"": 0, ""depth2"": 32, ""t_count"": 8, ""rotations"": 8, ""d"": 8, ""dense_l"": 8.9944, ""redundant"": 0, ""obs_zero"": true, ""frame_l"": 10.5555, ""chi_bits"": 16, ""mps_l"": 48.8448, ""hsf_k"": 16, ""hsf_na"": 16, ""hsf_nb"": 16, ""hsf_l"": 46.0328, ""sup"": 32, ""chi_bits0"": 16, ""mps_l0"": 48.8448, ""hsf_keff"": 14, ""hsf_l0"": 48.0328, ""sparse_l"": 42.5555, ""sv_l"": 42.5555, ""feat_secs"": 0.014498, ""feat_secs_frame"": 0.001351, ""feat_secs_hsf"": 0.012599}"
ct,"ct:n=32,L=32,t=24,nn=1",1,"{""n"": 32.0, ""L"": 32.0, ""t"": 24.0, ""nn"": 1.0}",planx,ok,0.038587,0.0455,137379840,0.0,0,0.0,0.0,engine=cstate aborted=[] plan_secs=0.003374,"{""n"": 32, ""gates"": 1563, ""g2"": 496, ""g3"": 0, ""depth2"": 32, ""t_count"": 24, ""rotations"": 24, ""d"": 23, ""dense_l"": 24.0056, ""redundant"": 1, ""obs_zero"": true, ""frame_l"": 10.6101, ""chi_bits"": 16, ""mps_l"": 48.8448, ""hsf_k"": 16, ""hsf_na"": 16, ""hsf_nb"": 16, ""hsf_l"": 44.034, ""sup"": 32, ""chi_bits0"": 16, ""mps_l0"": 48.8448, ""hsf_keff"": 12, ""hsf_l0"": 48.034, ""sparse_l"": 42.6101, ""sv_l"": 42.6101, ""feat_secs"": 0.01488, ""feat_secs_frame"": 0.001715, ""feat_secs_hsf"": 0.012559}"
ct,"ct:n=32,L=32,t=24,nn=1",1,"{""n"": 32.0, ""L"": 32.0, ""t"": 24.0, ""nn"": 1.0}",planp,ok,0.046431,0.0515,138674176,0.0,0,0.0,0.0,engine=cstate aborted=[] plan_secs=0.010248,"{""n"": 32, ""gates"": 1563, ""g2"": 496, ""g3"": 0, ""depth2"": 32, ""t_count"": 24, ""rotations"": 24, ""d"": 23, ""dense_l"": 24.0056, ""redundant"": 1, ""obs_zero"": true, ""frame_l"": 10.6101, ""chi_bits"": 16, ""mps_l"": 48.8448, ""hsf_k"": 16, ""hsf_na"": 16, ""hsf_nb"": 16, ""hsf_l"": 44.034, ""sup"": 32, ""chi_bits0"": 16, ""mps_l0"": 48.8448, ""hsf_keff"": 12, ""hsf_l0"": 48.034, ""sparse_l"": 42.6101, ""sv_l"": 42.6101, ""feat_secs"": 0.01488, ""feat_secs_frame"": 0.001715, ""feat_secs_hsf"": 0.012559}"
ct,"ct:n=32,L=32,t=24,nn=1",1,"{""n"": 32.0, ""L"": 32.0, ""t"": 24.0, ""nn"": 1.0}",plan,ok,0.003778,0.0100,2916352,0.0,0,0.0,0.0,engine=zero aborted=[] plan_secs=0.003768,"{""n"": 32, ""gates"": 1563, ""g2"": 496, ""g3"": 0, ""depth2"": 32, ""t_count"": 24, ""rotations"": 24, ""d"": 23, ""dense_l"": 24.0056, ""redundant"": 1, ""obs_zero"": true, ""frame_l"": 10.6101, ""chi_bits"": 16, ""mps_l"": 48.8448, ""hsf_k"": 16, ""hsf_na"": 16, ""hsf_nb"": 16, ""hsf_l"": 44.034, ""sup"": 32, ""chi_bits0"": 16, ""mps_l0"": 48.8448, ""hsf_keff"": 12, ""hsf_l0"": 48.034, ""sparse_l"": 42.6101, ""sv_l"": 42.6101, ""feat_secs"": 0.01488, ""feat_secs_frame"": 0.001715, ""feat_secs_hsf"": 0.012559}"
ct,"ct:n=32,L=32,t=48,nn=1",1,"{""n"": 32.0, ""L"": 32.0, ""t"": 48.0, ""nn"": 1.0}",planx,ok,4.130512,4.1357,95027200,-2.452424345355572e-17,0,-2.452424345355572e-17,0.0,engine=mps aborted=[] plan_secs=0.003550,"{""n"": 32, ""gates"": 1578, ""g2"": 496, ""g3"": 0, ""depth2"": 32, ""t_count"": 48, ""rotations"": 48, ""d"": 31, ""dense_l"": 33.7065, ""redundant"": 17, ""obs_zero"": false, ""frame_l"": 14.085, ""chi_bits"": 16, ""mps_l"": 48.8448, ""hsf_k"": 16, ""hsf_na"": 16, ""hsf_nb"": 16, ""hsf_l"": 45.0343, ""sup"": 32, ""chi_bits0"": 16, ""mps_l0"": 48.8448, ""hsf_keff"": 13, ""hsf_l0"": 48.0343, ""sparse_l"": 42.6239, ""sv_l"": 42.6239, ""feat_secs"": 0.014408, ""feat_secs_frame"": 0.001412, ""feat_secs_hsf"": 0.012459}"
ct,"ct:n=32,L=32,t=48,nn=1",1,"{""n"": 32.0, ""L"": 32.0, ""t"": 48.0, ""nn"": 1.0}",planp,ok,4.137363,4.1457,95027200,-2.452424345355572e-17,0,-2.452424345355572e-17,0.0,engine=mps aborted=[] plan_secs=0.003566,"{""n"": 32, ""gates"": 1578, ""g2"": 496, ""g3"": 0, ""depth2"": 32, ""t_count"": 48, ""rotations"": 48, ""d"": 31, ""dense_l"": 33.7065, ""redundant"": 17, ""obs_zero"": false, ""frame_l"": 14.085, ""chi_bits"": 16, ""mps_l"": 48.8448, ""hsf_k"": 16, ""hsf_na"": 16, ""hsf_nb"": 16, ""hsf_l"": 45.0343, ""sup"": 32, ""chi_bits0"": 16, ""mps_l0"": 48.8448, ""hsf_keff"": 13, ""hsf_l0"": 48.0343, ""sparse_l"": 42.6239, ""sv_l"": 42.6239, ""feat_secs"": 0.014408, ""feat_secs_frame"": 0.001412, ""feat_secs_hsf"": 0.012459}"
ct,"ct:n=32,L=32,t=48,nn=1",1,"{""n"": 32.0, ""L"": 32.0, ""t"": 48.0, ""nn"": 1.0}",plan,ok,4.145772,4.1524,94879744,-2.452424345355572e-17,0,-2.452424345355572e-17,0.0,engine=mps aborted=[] plan_secs=0.003551,"{""n"": 32, ""gates"": 1578, ""g2"": 496, ""g3"": 0, ""depth2"": 32, ""t_count"": 48, ""rotations"": 48, ""d"": 31, ""dense_l"": 33.7065, ""redundant"": 17, ""obs_zero"": false, ""frame_l"": 14.085, ""chi_bits"": 16, ""mps_l"": 48.8448, ""hsf_k"": 16, ""hsf_na"": 16, ""hsf_nb"": 16, ""hsf_l"": 45.0343, ""sup"": 32, ""chi_bits0"": 16, ""mps_l0"": 48.8448, ""hsf_keff"": 13, ""hsf_l0"": 48.0343, ""sparse_l"": 42.6239, ""sv_l"": 42.6239, ""feat_secs"": 0.014408, ""feat_secs_frame"": 0.001412, ""feat_secs_hsf"": 0.012459}"
ct,"ct:n=20,L=1,t=0,nn=0",1,"{""n"": 20.0, ""L"": 1.0, ""t"": 0.0, ""nn"": 0.0}",planx,ok,5.3e-05,0.0066,2064384,-0.0,0,-0.0,0.0,engine=tableau aborted=[] plan_secs=0.000000,"{""n"": 20, ""gates"": 32, ""g2"": 10, ""g3"": 0, ""depth2"": 1, ""t_count"": 0, ""rotations"": 0, ""d"": 0, ""dense_l"": 0.0, ""redundant"": 0, ""obs_zero"": true, ""frame_l"": 5.0, ""chi_bits"": 7, ""mps_l"": 25.5539, ""hsf_k"": 0, ""hsf_na"": 10, ""hsf_nb"": 10, ""hsf_l"": 20.0444, ""sup"": 11, ""chi_bits0"": 7, ""mps_l0"": 25.5539, ""hsf_keff"": 0, ""hsf_l0"": 20.0444, ""sparse_l"": 16.0, ""sv_l"": 25.0, ""feat_secs"": 0.001831, ""feat_secs_frame"": 6.3e-05, ""feat_secs_hsf"": 0.001745}"
ct,"ct:n=20,L=1,t=0,nn=0",1,"{""n"": 20.0, ""L"": 1.0, ""t"": 0.0, ""nn"": 0.0}",planp,ok,5.4e-05,0.0046,2080768,-0.0,0,-0.0,0.0,engine=tableau aborted=[] plan_secs=0.000000,"{""n"": 20, ""gates"": 32, ""g2"": 10, ""g3"": 0, ""depth2"": 1, ""t_count"": 0, ""rotations"": 0, ""d"": 0, ""dense_l"": 0.0, ""redundant"": 0, ""obs_zero"": true, ""frame_l"": 5.0, ""chi_bits"": 7, ""mps_l"": 25.5539, ""hsf_k"": 0, ""hsf_na"": 10, ""hsf_nb"": 10, ""hsf_l"": 20.0444, ""sup"": 11, ""chi_bits0"": 7, ""mps_l0"": 25.5539, ""hsf_keff"": 0, ""hsf_l0"": 20.0444, ""sparse_l"": 16.0, ""sv_l"": 25.0, ""feat_secs"": 0.001831, ""feat_secs_frame"": 6.3e-05, ""feat_secs_hsf"": 0.001745}"
ct,"ct:n=20,L=1,t=0,nn=0",1,"{""n"": 20.0, ""L"": 1.0, ""t"": 0.0, ""nn"": 0.0}",plan,ok,0.00011,0.0045,2097152,0.0,0,-0.0,0.0,engine=zero aborted=[] plan_secs=0.000103,"{""n"": 20, ""gates"": 32, ""g2"": 10, ""g3"": 0, ""depth2"": 1, ""t_count"": 0, ""rotations"": 0, ""d"": 0, ""dense_l"": 0.0, ""redundant"": 0, ""obs_zero"": true, ""frame_l"": 5.0, ""chi_bits"": 7, ""mps_l"": 25.5539, ""hsf_k"": 0, ""hsf_na"": 10, ""hsf_nb"": 10, ""hsf_l"": 20.0444, ""sup"": 11, ""chi_bits0"": 7, ""mps_l0"": 25.5539, ""hsf_keff"": 0, ""hsf_l0"": 20.0444, ""sparse_l"": 16.0, ""sv_l"": 25.0, ""feat_secs"": 0.001831, ""feat_secs_frame"": 6.3e-05, ""feat_secs_hsf"": 0.001745}"
ct,"ct:n=20,L=1,t=8,nn=0",1,"{""n"": 20.0, ""L"": 1.0, ""t"": 8.0, ""nn"": 0.0}",planx,ok,0.00015,0.0036,2129920,0.0,0,0.0,0.0,engine=cstate aborted=[] plan_secs=0.000111,"{""n"": 20, ""gates"": 49, ""g2"": 10, ""g3"": 0, ""depth2"": 1, ""t_count"": 8, ""rotations"": 8, ""d"": 6, ""dense_l"": 7.0661, ""redundant"": 2, ""obs_zero"": true, ""frame_l"": 5.6147, ""chi_bits"": 8, ""mps_l"": 28.5567, ""hsf_k"": 0, ""hsf_na"": 10, ""hsf_nb"": 10, ""hsf_l"": 20.0674, ""sup"": 14, ""chi_bits0"": 8, ""mps_l0"": 28.5567, ""hsf_keff"": 0, ""hsf_l0"": 20.0674, ""sparse_l"": 19.6147, ""sv_l"": 25.6147, ""feat_secs"": 0.001914, ""feat_secs_frame"": 7.4e-05, ""feat_secs_hsf"": 0.001803}"
ct,"ct:n=20,L=1,t=8,nn=0",1,"{""n"": 20.0, ""L"": 1.0, ""t"": 8.0, ""nn"": 0.0}",planp,ok,0.000151,0.0044,2129920,0.0,0,0.0,0.0,engine=cstate aborted=[] plan_secs=0.000113,"{""n"": 20, ""gates"": 49, ""g2"": 10, ""g3"": 0, ""depth2"": 1, ""t_count"": 8, ""rotations"": 8, ""d"": 6, ""dense_l"": 7.0661, ""redundant"": 2, ""obs_zero"": true, ""frame_l"": 5.6147, ""chi_bits"": 8, ""mps_l"": 28.5567, ""hsf_k"": 0, ""hsf_na"": 10, ""hsf_nb"": 10, ""hsf_l"": 20.0674, ""sup"": 14, ""chi_bits0"": 8, ""mps_l0"": 28.5567, ""hsf_keff"": 0, ""hsf_l0"": 20.0674, ""sparse_l"": 19.6147, ""sv_l"": 25.6147, ""feat_secs"": 0.001914, ""feat_secs_frame"": 7.4e-05, ""feat_secs_hsf"": 0.001803}"
ct,"ct:n=20,L=1,t=8,nn=0",1,"{""n"": 20.0, ""L"": 1.0, ""t"": 8.0, ""nn"": 0.0}",plan,ok,0.000121,0.0047,2129920,0.0,0,0.0,0.0,engine=zero aborted=[] plan_secs=0.000114,"{""n"": 20, ""gates"": 49, ""g2"": 10, ""g3"": 0, ""depth2"": 1, ""t_count"": 8, ""rotations"": 8, ""d"": 6, ""dense_l"": 7.0661, ""redundant"": 2, ""obs_zero"": true, ""frame_l"": 5.6147, ""chi_bits"": 8, ""mps_l"": 28.5567, ""hsf_k"": 0, ""hsf_na"": 10, ""hsf_nb"": 10, ""hsf_l"": 20.0674, ""sup"": 14, ""chi_bits0"": 8, ""mps_l0"": 28.5567, ""hsf_keff"": 0, ""hsf_l0"": 20.0674, ""sparse_l"": 19.6147, ""sv_l"": 25.6147, ""feat_secs"": 0.001914, ""feat_secs_frame"": 7.4e-05, ""feat_secs_hsf"": 0.001803}"
ct,"ct:n=20,L=1,t=24,nn=0",1,"{""n"": 20.0, ""L"": 1.0, ""t"": 24.0, ""nn"": 0.0}",planx,ok,0.000317,0.0067,2228224,0.0,0,0.0,0.0,engine=cstate aborted=[] plan_secs=0.000240,"{""n"": 20, ""gates"": 78, ""g2"": 10, ""g3"": 0, ""depth2"": 1, ""t_count"": 24, ""rotations"": 24, ""d"": 12, ""dense_l"": 14.1566, ""redundant"": 12, ""obs_zero"": true, ""frame_l"": 6.2854, ""chi_bits"": 6, ""mps_l"": 22.4938, ""hsf_k"": 0, ""hsf_na"": 10, ""hsf_nb"": 10, ""hsf_l"": 20.1059, ""sup"": 19, ""chi_bits0"": 6, ""mps_l0"": 22.4938, ""hsf_keff"": 0, ""hsf_l0"": 20.1059, ""sparse_l"": 25.2854, ""sv_l"": 26.2854, ""feat_secs"": 0.001933, ""feat_secs_frame"": 9.7e-05, ""feat_secs_hsf"": 0.001791}"
ct,"ct:n=20,L=1,t=24,nn=0",1,"{""n"": 20.0, ""L"": 1.0, ""t"": 24.0, ""nn"": 0.0}",planp,ok,0.000219,0.0046,2228224,0.0,0,0.0,0.0,engine=cstate aborted=[] plan_secs=0.000145,"{""n"": 20, ""gates"": 78, ""g2"": 10, ""g3"": 0, ""depth2"": 1, ""t_count"": 24, ""rotations"": 24, ""d"": 12, ""dense_l"": 14.1566, ""redundant"": 12, ""obs_zero"": true, ""frame_l"": 6.2854, ""chi_bits"": 6, ""mps_l"": 22.4938, ""hsf_k"": 0, ""hsf_na"": 10, ""hsf_nb"": 10, ""hsf_l"": 20.1059, ""sup"": 19, ""chi_bits0"": 6, ""mps_l0"": 22.4938, ""hsf_keff"": 0, ""hsf_l0"": 20.1059, ""sparse_l"": 25.2854, ""sv_l"": 26.2854, ""feat_secs"": 0.001933, ""feat_secs_frame"": 9.7e-05, ""feat_secs_hsf"": 0.001791}"
ct,"ct:n=20,L=1,t=24,nn=0",1,"{""n"": 20.0, ""L"": 1.0, ""t"": 24.0, ""nn"": 0.0}",plan,ok,0.000161,0.0046,2129920,0.0,0,0.0,0.0,engine=zero aborted=[] plan_secs=0.000155,"{""n"": 20, ""gates"": 78, ""g2"": 10, ""g3"": 0, ""depth2"": 1, ""t_count"": 24, ""rotations"": 24, ""d"": 12, ""dense_l"": 14.1566, ""redundant"": 12, ""obs_zero"": true, ""frame_l"": 6.2854, ""chi_bits"": 6, ""mps_l"": 22.4938, ""hsf_k"": 0, ""hsf_na"": 10, ""hsf_nb"": 10, ""hsf_l"": 20.1059, ""sup"": 19, ""chi_bits0"": 6, ""mps_l0"": 22.4938, ""hsf_keff"": 0, ""hsf_l0"": 20.1059, ""sparse_l"": 25.2854, ""sv_l"": 26.2854, ""feat_secs"": 0.001933, ""feat_secs_frame"": 9.7e-05, ""feat_secs_hsf"": 0.001791}"
ct,"ct:n=20,L=2,t=0,nn=0",1,"{""n"": 20.0, ""L"": 2.0, ""t"": 0.0, ""nn"": 0.0}",planx,ok,6.8e-05,0.0067,2097152,-0.0,0,-0.0,0.0,engine=tableau aborted=[] plan_secs=0.000000,"{""n"": 20, ""gates"": 58, ""g2"": 20, ""g3"": 0, ""depth2"": 2, ""t_count"": 0, ""rotations"": 0, ""d"": 0, ""dense_l"": 0.0, ""redundant"": 0, ""obs_zero"": true, ""frame_l"": 5.858, ""chi_bits"": 9, ""mps_l"": 32.5155, ""hsf_k"": 2, ""hsf_na"": 10, ""hsf_nb"": 10, ""hsf_l"": 22.0795, ""sup"": 14, ""chi_bits0"": 9, ""mps_l0"": 32.5155, ""hsf_keff"": 2, ""hsf_l0"": 22.0795, ""sparse_l"": 19.858, ""sv_l"": 25.858, ""feat_secs"": 0.002886, ""feat_secs_frame"": 8.1e-05, ""feat_secs_hsf"": 0.002759}"
ct,"ct:n=20,L=2,t=0,nn=0",1,"{""n"": 20.0, ""L"": 2.0, ""t"": 0.0, ""nn"": 0.0}",planp,ok,6e-05,0.0046,2113536,-0.0,0,-0.0,0.0,engine=tableau aborted=[] plan_secs=0.000000,"{""n"": 20, ""gates"": 58, ""g2"": 20, ""g3"": 0, ""depth2"": 2, ""t_count"": 0, ""rotations"": 0, ""d"": 0, ""dense_l"": 0.0, ""redundant"": 0, ""obs_zero"": true, ""frame_l"": 5.858, ""chi_bits"": 9, ""mps_l"": 32.5155, ""hsf_k"": 2, ""hsf_na"": 10, ""hsf_nb"": 10, ""hsf_l"": 22.0795, ""sup"": 14, ""chi_bits0"": 9, ""mps_l0"": 32.5155, ""hsf_keff"": 2, ""hsf_l0"": 22.0795, ""sparse_l"": 19.858, ""sv_l"": 25.858, ""feat_secs"": 0.002886, ""feat_secs_frame"": 8.1e-05, ""feat_secs_hsf"": 0.002759}"
ct,"ct:n=20,L=2,t=0,nn=0",1,"{""n"": 20.0, ""L"": 2.0, ""t"": 0.0, ""nn"": 0.0}",plan,ok,0.000134,0.0040,2113536,0.0,0,-0.0,0.0,engine=zero aborted=[] plan_secs=0.000128,"{""n"": 20, ""gates"": 58, ""g2"": 20, ""g3"": 0, ""depth2"": 2, ""t_count"": 0, ""rotations"": 0, ""d"": 0, ""dense_l"": 0.0, ""redundant"": 0, ""obs_zero"": true, ""frame_l"": 5.858, ""chi_bits"": 9, ""mps_l"": 32.5155, ""hsf_k"": 2, ""hsf_na"": 10, ""hsf_nb"": 10, ""hsf_l"": 22.0795, ""sup"": 14, ""chi_bits0"": 9, ""mps_l0"": 32.5155, ""hsf_keff"": 2, ""hsf_l0"": 22.0795, ""sparse_l"": 19.858, ""sv_l"": 25.858, ""feat_secs"": 0.002886, ""feat_secs_frame"": 8.1e-05, ""feat_secs_hsf"": 0.002759}"
ct,"ct:n=20,L=2,t=8,nn=0",1,"{""n"": 20.0, ""L"": 2.0, ""t"": 8.0, ""nn"": 0.0}",planx,ok,0.000201,0.0045,2146304,0.0,0,0.0,0.0,engine=cstate aborted=[] plan_secs=0.000150,"{""n"": 20, ""gates"": 76, ""g2"": 20, ""g3"": 0, ""depth2"": 2, ""t_count"": 8, ""rotations"": 8, ""d"": 5, ""dense_l"": 6.4263, ""redundant"": 3, ""obs_zero"": true, ""frame_l"": 6.2479, ""chi_bits"": 10, ""mps_l"": 35.4861, ""hsf_k"": 0, ""hsf_na"": 10, ""hsf_nb"": 10, ""hsf_l"": 20.1033, ""sup"": 16, ""chi_bits0"": 10, ""mps_l0"": 35.4861, ""hsf_keff"": 0, ""hsf_l0"": 20.1033, ""sparse_l"": 22.2479, ""sv_l"": 26.2479, ""feat_secs"": 0.002735, ""feat_secs_frame"": 0.000107, ""feat_secs_hsf"": 0.002577}"
ct,"ct:n=20,L=2,t=8,nn=0",1,"{""n"": 20.0, ""L"": 2.0, ""t"": 8.0, ""nn"": 0.0}",planp,ok,0.000199,0.0066,2146304,0.0,0,0.0,0.0,engine=cstate aborted=[] plan_secs=0.000151,"{""n"": 20, ""gates"": 76, ""g2"": 20, ""g3"": 0, ""depth2"": 2, ""t_count"": 8, ""rotations"": 8, ""d"": 5, ""dense_l"": 6.4263, ""redundant"": 3, ""obs_zero"": true, ""frame_l"": 6.2479, ""chi_bits"": 10, ""mps_l"": 35.4861, ""hsf_k"": 0, ""hsf_na"": 10, ""hsf_nb"": 10, ""hsf_l"": 20.1033, ""sup"": 16, ""chi_bits0"": 10, ""mps_l0"": 35.4861, ""hsf_keff"": 0, ""hsf_l0"": 20.1033, ""sparse_l"": 22.2479, ""sv_l"": 26.2479, ""feat_secs"": 0.002735, ""feat_secs_frame"": 0.000107, ""feat_secs_hsf"": 0.002577}"
ct,"ct:n=20,L=2,t=8,nn=0",1,"{""n"": 20.0, ""L"": 2.0, ""t"": 8.0, ""nn"": 0.0}",plan,ok,0.000276,0.0074,2129920,0.0,0,0.0,0.0,engine=zero aborted=[] plan_secs=0.000270,"{""n"": 20, ""gates"": 76, ""g2"": 20, ""g3"": 0, ""depth2"": 2, ""t_count"": 8, ""rotations"": 8, ""d"": 5, ""dense_l"": 6.4263, ""redundant"": 3, ""obs_zero"": true, ""frame_l"": 6.2479, ""chi_bits"": 10, ""mps_l"": 35.4861, ""hsf_k"": 0, ""hsf_na"": 10, ""hsf_nb"": 10, ""hsf_l"": 20.1033, ""sup"": 16, ""chi_bits0"": 10, ""mps_l0"": 35.4861, ""hsf_keff"": 0, ""hsf_l0"": 20.1033, ""sparse_l"": 22.2479, ""sv_l"": 26.2479, ""feat_secs"": 0.002735, ""feat_secs_frame"": 0.000107, ""feat_secs_hsf"": 0.002577}"
ct,"ct:n=20,L=2,t=24,nn=0",1,"{""n"": 20.0, ""L"": 2.0, ""t"": 24.0, ""nn"": 0.0}",planx,ok,0.000792,0.0070,3227648,0.0,0,0.0,0.0,engine=cstate aborted=[] plan_secs=0.000188,"{""n"": 20, ""gates"": 109, ""g2"": 20, ""g3"": 0, ""depth2"": 2, ""t_count"": 24, ""rotations"": 24, ""d"": 15, ""dense_l"": 17.6148, ""redundant"": 9, ""obs_zero"": true, ""frame_l"": 6.7682, ""chi_bits"": 10, ""mps_l"": 35.9359, ""hsf_k"": 2, ""hsf_na"": 10, ""hsf_nb"": 10, ""hsf_l"": 22.1459, ""sup"": 20, ""chi_bits0"": 10, ""mps_l0"": 35.9359, ""hsf_keff"": 2, ""hsf_l0"": 22.1459, ""sparse_l"": 26.7682, ""sv_l"": 26.7682, ""feat_secs"": 0.003121, ""feat_secs_frame"": 0.000129, ""feat_secs_hsf"": 0.002934}"
ct,"ct:n=20,L=2,t=24,nn=0",1,"{""n"": 20.0, ""L"": 2.0, ""t"": 24.0, ""nn"": 0.0}",planp,ok,0.000867,0.0071,3227648,0.0,0,0.0,0.0,engine=cstate aborted=[] plan_secs=0.000177,"{""n"": 20, ""gates"": 109, ""g2"": 20, ""g3"": 0, ""depth2"": 2, ""t_count"": 24, ""rotations"": 24, ""d"": 15, ""dense_l"": 17.6148, ""redundant"": 9, ""obs_zero"": true, ""frame_l"": 6.7682, ""chi_bits"": 10, ""mps_l"": 35.9359, ""hsf_k"": 2, ""hsf_na"": 10, ""hsf_nb"": 10, ""hsf_l"": 22.1459, ""sup"": 20, ""chi_bits0"": 10, ""mps_l0"": 35.9359, ""hsf_keff"": 2, ""hsf_l0"": 22.1459, ""sparse_l"": 26.7682, ""sv_l"": 26.7682, ""feat_secs"": 0.003121, ""feat_secs_frame"": 0.000129, ""feat_secs_hsf"": 0.002934}"
ct,"ct:n=20,L=2,t=24,nn=0",1,"{""n"": 20.0, ""L"": 2.0, ""t"": 24.0, ""nn"": 0.0}",plan,ok,0.000196,0.0043,2146304,0.0,0,0.0,0.0,engine=zero aborted=[] plan_secs=0.000190,"{""n"": 20, ""gates"": 109, ""g2"": 20, ""g3"": 0, ""depth2"": 2, ""t_count"": 24, ""rotations"": 24, ""d"": 15, ""dense_l"": 17.6148, ""redundant"": 9, ""obs_zero"": true, ""frame_l"": 6.7682, ""chi_bits"": 10, ""mps_l"": 35.9359, ""hsf_k"": 2, ""hsf_na"": 10, ""hsf_nb"": 10, ""hsf_l"": 22.1459, ""sup"": 20, ""chi_bits0"": 10, ""mps_l0"": 35.9359, ""hsf_keff"": 2, ""hsf_l0"": 22.1459, ""sparse_l"": 26.7682, ""sv_l"": 26.7682, ""feat_secs"": 0.003121, ""feat_secs_frame"": 0.000129, ""feat_secs_hsf"": 0.002934}"
ct,"ct:n=20,L=4,t=0,nn=0",1,"{""n"": 20.0, ""L"": 4.0, ""t"": 0.0, ""nn"": 0.0}",planx,ok,8.9e-05,0.0046,2129920,-0.0,0,-0.0,0.0,engine=tableau aborted=[] plan_secs=0.000000,"{""n"": 20, ""gates"": 113, ""g2"": 40, ""g3"": 0, ""depth2"": 4, ""t_count"": 0, ""rotations"": 0, ""d"": 0, ""dense_l"": 0.0, ""redundant"": 0, ""obs_zero"": true, ""frame_l"": 6.8202, ""chi_bits"": 10, ""mps_l"": 36.8756, ""hsf_k"": 8, ""hsf_na"": 10, ""hsf_nb"": 10, ""hsf_l"": 26.151, ""sup"": 19, ""chi_bits0"": 10, ""mps_l0"": 36.8756, ""hsf_keff"": 6, ""hsf_l0"": 28.151, ""sparse_l"": 25.8202, ""sv_l"": 26.8202, ""feat_secs"": 0.004815, ""feat_secs_frame"": 0.000129, ""feat_secs_hsf"": 0.004624}"
ct,"ct:n=20,L=4,t=0,nn=0",1,"{""n"": 20.0, ""L"": 4.0, ""t"": 0.0, ""nn"": 0.0}",planp,ok,5.9e-05,0.0044,2113536,-0.0,0,-0.0,0.0,engine=tableau aborted=[] plan_secs=0.000000,"{""n"": 20, ""gates"": 113, ""g2"": 40, ""g3"": 0, ""depth2"": 4, ""t_count"": 0, ""rotations"": 0, ""d"": 0, ""dense_l"": 0.0, ""redundant"": 0, ""obs_zero"": true, ""frame_l"": 6.8202, ""chi_bits"": 10, ""mps_l"": 36.8756, ""hsf_k"": 8, ""hsf_na"": 10, ""hsf_nb"": 10, ""hsf_l"": 26.151, ""sup"": 19, ""chi_bits0"": 10, ""mps_l0"": 36.8756, ""hsf_keff"": 6, ""hsf_l0"": 28.151, ""sparse_l"": 25.8202, ""sv_l"": 26.8202, ""feat_secs"": 0.004815, ""feat_secs_frame"": 0.000129, ""feat_secs_hsf"": 0.004624}"
ct,"ct:n=20,L=4,t=0,nn=0",1,"{""n"": 20.0, ""L"": 4.0, ""t"": 0.0, ""nn"": 0.0}",plan,ok,0.000226,0.0044,2162688,0.0,0,-0.0,0.0,engine=zero aborted=[] plan_secs=0.000220,"{""n"": 20, ""gates"": 113, ""g2"": 40, ""g3"": 0, ""depth2"": 4, ""t_count"": 0, ""rotations"": 0, ""d"": 0, ""dense_l"": 0.0, ""redundant"": 0, ""obs_zero"": true, ""frame_l"": 6.8202, ""chi_bits"": 10, ""mps_l"": 36.8756, ""hsf_k"": 8, ""hsf_na"": 10, ""hsf_nb"": 10, ""hsf_l"": 26.151, ""sup"": 19, ""chi_bits0"": 10, ""mps_l0"": 36.8756, ""hsf_keff"": 6, ""hsf_l0"": 28.151, ""sparse_l"": 25.8202, ""sv_l"": 26.8202, ""feat_secs"": 0.004815, ""feat_secs_frame"": 0.000129, ""feat_secs_hsf"": 0.004624}"
ct,"ct:n=20,L=4,t=8,nn=0",1,"{""n"": 20.0, ""L"": 4.0, ""t"": 8.0, ""nn"": 0.0}",planx,ok,0.000297,0.0043,2211840,0.0,0,0.0,0.0,engine=cstate aborted=[] plan_secs=0.000222,"{""n"": 20, ""gates"": 138, ""g2"": 40, ""g3"": 0, ""depth2"": 4, ""t_count"": 8, ""rotations"": 8, ""d"": 6, ""dense_l"": 7.3399, ""redundant"": 2, ""obs_zero"": true, ""frame_l"": 7.1085, ""chi_bits"": 10, ""mps_l"": 37.6089, ""hsf_k"": 8, ""hsf_na"": 10, ""hsf_nb"": 10, ""hsf_l"": 28.1824, ""sup"": 19, ""chi_bits0"": 10, ""mps_l0"": 37.6089, ""hsf_keff"": 8, ""hsf_l0"": 28.1824, ""sparse_l"": 26.1085, ""sv_l"": 27.1085, ""feat_secs"": 0.004815, ""feat_secs_frame"": 0.000152, ""feat_secs_hsf"": 0.004592}"
ct,"ct:n=20,L=4,t=8,nn=0",1,"{""n"": 20.0, ""L"": 4.0, ""t"": 8.0, ""nn"": 0.0}",planp,ok,0.000298,0.0040,2195456,0.0,0,0.0,0.0,engine=cstate aborted=[] plan_secs=0.000223,"{""n"": 20, ""gates"": 138, ""g2"": 40, ""g3"": 0, ""depth2"": 4, ""t_count"": 8, ""rotations"": 8, ""d"": 6, ""dense_l"": 7.3399, ""redundant"": 2, ""obs_zero"": true, ""frame_l"": 7.1085, ""chi_bits"": 10, ""mps_l"": 37.6089, ""hsf_k"": 8, ""hsf_na"": 10, ""hsf_nb"": 10, ""hsf_l"": 28.1824, ""sup"": 19, ""chi_bits0"": 10, ""mps_l0"": 37.6089, ""hsf_keff"": 8, ""hsf_l0"": 28.1824, ""sparse_l"": 26.1085, ""sv_l"": 27.1085, ""feat_secs"": 0.004815, ""feat_secs_frame"": 0.000152, ""feat_secs_hsf"": 0.004592}"
ct,"ct:n=20,L=4,t=8,nn=0",1,"{""n"": 20.0, ""L"": 4.0, ""t"": 8.0, ""nn"": 0.0}",plan,ok,0.000227,0.0041,2179072,0.0,0,0.0,0.0,engine=zero aborted=[] plan_secs=0.000221,"{""n"": 20, ""gates"": 138, ""g2"": 40, ""g3"": 0, ""depth2"": 4, ""t_count"": 8, ""rotations"": 8, ""d"": 6, ""dense_l"": 7.3399, ""redundant"": 2, ""obs_zero"": true, ""frame_l"": 7.1085, ""chi_bits"": 10, ""mps_l"": 37.6089, ""hsf_k"": 8, ""hsf_na"": 10, ""hsf_nb"": 10, ""hsf_l"": 28.1824, ""sup"": 19, ""chi_bits0"": 10, ""mps_l0"": 37.6089, ""hsf_keff"": 8, ""hsf_l0"": 28.1824, ""sparse_l"": 26.1085, ""sv_l"": 27.1085, ""feat_secs"": 0.004815, ""feat_secs_frame"": 0.000152, ""feat_secs_hsf"": 0.004592}"
ct,"ct:n=20,L=4,t=24,nn=0",1,"{""n"": 20.0, ""L"": 4.0, ""t"": 24.0, ""nn"": 0.0}",planx,ok,0.003044,0.0089,4751360,-7.199436549854756e-19,0,-7.199436549854756e-19,0.0,engine=cstate aborted=[] plan_secs=0.000983,"{""n"": 20, ""gates"": 174, ""g2"": 40, ""g3"": 0, ""depth2"": 4, ""t_count"": 24, ""rotations"": 24, ""d"": 17, ""dense_l"": 19.5999, ""redundant"": 7, ""obs_zero"": false, ""frame_l"": 8.085, ""chi_bits"": 10, ""mps_l"": 38.0597, ""hsf_k"": 8, ""hsf_na"": 10, ""hsf_nb"": 10, ""hsf_l"": 27.2264, ""sup"": 20, ""chi_bits0"": 10, ""mps_l0"": 38.0597, ""hsf_keff"": 7, ""hsf_l0"": 28.2264, ""sparse_l"": 27.4429, ""sv_l"": 27.4429, ""feat_secs"": 0.004909, ""feat_secs_frame"": 0.000215, ""feat_secs_hsf"": 0.004601}"
ct,"ct:n=20,L=4,t=24,nn=0",1,"{""n"": 20.0, ""L"": 4.0, ""t"": 24.0, ""nn"": 0.0}",planp,ok,0.002689,0.0066,4784128,-7.199436549854756e-19,0,-7.199436549854756e-19,0.0,engine=cstate aborted=[] plan_secs=0.000983,"{""n"": 20, ""gates"": 174, ""g2"": 40, ""g3"": 0, ""depth2"": 4, ""t_count"": 24, ""rotations"": 24, ""d"": 17, ""dense_l"": 19.5999, ""redundant"": 7, ""obs_zero"": false, ""frame_l"": 8.085, ""chi_bits"": 10, ""mps_l"": 38.0597, ""hsf_k"": 8, ""hsf_na"": 10, ""hsf_nb"": 10, ""hsf_l"": 27.2264, ""sup"": 20, ""chi_bits0"": 10, ""mps_l0"": 38.0597, ""hsf_keff"": 7, ""hsf_l0"": 28.2264, ""sparse_l"": 27.4429, ""sv_l"": 27.4429, ""feat_secs"": 0.004909, ""feat_secs_frame"": 0.000215, ""feat_secs_hsf"": 0.004601}"
ct,"ct:n=20,L=4,t=24,nn=0",1,"{""n"": 20.0, ""L"": 4.0, ""t"": 24.0, ""nn"": 0.0}",plan,ok,0.002743,0.0096,4784128,-7.199436549854756e-19,0,-7.199436549854756e-19,0.0,engine=cstate aborted=[] plan_secs=0.000996,"{""n"": 20, ""gates"": 174, ""g2"": 40, ""g3"": 0, ""depth2"": 4, ""t_count"": 24, ""rotations"": 24, ""d"": 17, ""dense_l"": 19.5999, ""redundant"": 7, ""obs_zero"": false, ""frame_l"": 8.085, ""chi_bits"": 10, ""mps_l"": 38.0597, ""hsf_k"": 8, ""hsf_na"": 10, ""hsf_nb"": 10, ""hsf_l"": 27.2264, ""sup"": 20, ""chi_bits0"": 10, ""mps_l0"": 38.0597, ""hsf_keff"": 7, ""hsf_l0"": 28.2264, ""sparse_l"": 27.4429, ""sv_l"": 27.4429, ""feat_secs"": 0.004909, ""feat_secs_frame"": 0.000215, ""feat_secs_hsf"": 0.004601}"
ct,"ct:n=20,L=8,t=0,nn=0",1,"{""n"": 20.0, ""L"": 8.0, ""t"": 0.0, ""nn"": 0.0}",planx,ok,6.6e-05,0.0046,2195456,-0.0,0,-0.0,0.0,engine=tableau aborted=[] plan_secs=0.000000,"{""n"": 20, ""gates"": 224, ""g2"": 80, ""g3"": 0, ""depth2"": 8, ""t_count"": 0, ""rotations"": 0, ""d"": 0, ""dense_l"": 0.0, ""redundant"": 0, ""obs_zero"": true, ""frame_l"": 7.8074, ""chi_bits"": 10, ""mps_l"": 38.9857, ""hsf_k"": 22, ""hsf_na"": 8, ""hsf_nb"": 12, ""hsf_l"": 40.9069, ""sup"": 20, ""chi_bits0"": 10, ""mps_l0"": 38.9857, ""hsf_keff"": 20, ""hsf_l0"": 42.9069, ""sparse_l"": 27.8074, ""sv_l"": 27.8074, ""feat_secs"": 0.009718, ""feat_secs_frame"": 0.000224, ""feat_secs_hsf"": 0.009387}"
ct,"ct:n=20,L=8,t=0,nn=0",1,"{""n"": 20.0, ""L"": 8.0, ""t"": 0.0, ""nn"": 0.0}",planp,ok,8.9e-05,0.0044,2179072,-0.0,0,-0.0,0.0,engine=tableau aborted=[] plan_secs=0.000000,"{""n"": 20, ""gates"": 224, ""g2"": 80, ""g3"": 0, ""depth2"": 8, ""t_count"": 0, ""rotations"": 0, ""d"": 0, ""dense_l"": 0.0, ""redundant"": 0, ""obs_zero"": true, ""frame_l"": 7.8074, ""chi_bits"": 10, ""mps_l"": 38.9857, ""hsf_k"": 22, ""hsf_na"": 8, ""hsf_nb"": 12, ""hsf_l"": 40.9069, ""sup"": 20, ""chi_bits0"": 10, ""mps_l0"": 38.9857, ""hsf_keff"": 20, ""hsf_l0"": 42.9069, ""sparse_l"": 27.8074, ""sv_l"": 27.8074, ""feat_secs"": 0.009718, ""feat_secs_frame"": 0.000224, ""feat_secs_hsf"": 0.009387}"
ct,"ct:n=20,L=8,t=0,nn=0",1,"{""n"": 20.0, ""L"": 8.0, ""t"": 0.0, ""nn"": 0.0}",plan,ok,0.000343,0.0038,2228224,0.0,0,-0.0,0.0,engine=zero aborted=[] plan_secs=0.000337,"{""n"": 20, ""gates"": 224, ""g2"": 80, ""g3"": 0, ""depth2"": 8, ""t_count"": 0, ""rotations"": 0, ""d"": 0, ""dense_l"": 0.0, ""redundant"": 0, ""obs_zero"": true, ""frame_l"": 7.8074, ""chi_bits"": 10, ""mps_l"": 38.9857, ""hsf_k"": 22, ""hsf_na"": 8, ""hsf_nb"": 12, ""hsf_l"": 40.9069, ""sup"": 20, ""chi_bits0"": 10, ""mps_l0"": 38.9857, ""hsf_keff"": 20, ""hsf_l0"": 42.9069, ""sparse_l"": 27.8074, ""sv_l"": 27.8074, ""feat_secs"": 0.009718, ""feat_secs_frame"": 0.000224, ""feat_secs_hsf"": 0.009387}"
ct,"ct:n=20,L=8,t=8,nn=0",1,"{""n"": 20.0, ""L"": 8.0, ""t"": 8.0, ""nn"": 0.0}",planx,ok,0.000464,0.0045,2244608,0.0,0,0.0,0.0,engine=cstate aborted=[] plan_secs=0.000350,"{""n"": 20, ""gates"": 247, ""g2"": 80, ""g3"": 0, ""depth2"": 8, ""t_count"": 8, ""rotations"": 8, ""d"": 6, ""dense_l"": 7.375, ""redundant"": 2, ""obs_zero"": true, ""frame_l"": 7.9484, ""chi_bits"": 10, ""mps_l"": 39.2442, ""hsf_k"": 16, ""hsf_na"": 6, ""hsf_nb"": 14, ""hsf_l"": 34.2808, ""sup"": 20, ""chi_bits0"": 10, ""mps_l0"": 39.2442, ""hsf_keff"": 12, ""hsf_l0"": 38.2808, ""sparse_l"": 27.9484, ""sv_l"": 27.9484, ""feat_secs"": 0.008571, ""feat_secs_frame"": 0.000239, ""feat_secs_hsf"": 0.008219}"
ct,"ct:n=20,L=8,t=8,nn=0",1,"{""n"": 20.0, ""L"": 8.0, ""t"": 8.0, ""nn"": 0.0}",planp,ok,0.000475,0.0043,2260992,0.0,0,0.0,0.0,engine=cstate aborted=[] plan_secs=0.000363,"{""n"": 20, ""gates"": 247, ""g2"": 80, ""g3"": 0, ""depth2"": 8, ""t_count"": 8, ""rotations"": 8, ""d"": 6, ""dense_l"": 7.375, ""redundant"": 2, ""obs_zero"": true, ""frame_l"": 7.9484, ""chi_bits"": 10, ""mps_l"": 39.2442, ""hsf_k"": 16, ""hsf_na"": 6, ""hsf_nb"": 14, ""hsf_l"": 34.2808, ""sup"": 20, ""chi_bits0"": 10, ""mps_l0"": 39.2442, ""hsf_keff"": 12, ""hsf_l0"": 38.2808, ""sparse_l"": 27.9484, ""sv_l"": 27.9484, ""feat_secs"": 0.008571, ""feat_secs_frame"": 0.000239, ""feat_secs_hsf"": 0.008219}"
ct,"ct:n=20,L=8,t=8,nn=0",1,"{""n"": 20.0, ""L"": 8.0, ""t"": 8.0, ""nn"": 0.0}",plan,ok,0.000354,0.0044,2211840,0.0,0,0.0,0.0,engine=zero aborted=[] plan_secs=0.000347,"{""n"": 20, ""gates"": 247, ""g2"": 80, ""g3"": 0, ""depth2"": 8, ""t_count"": 8, ""rotations"": 8, ""d"": 6, ""dense_l"": 7.375, ""redundant"": 2, ""obs_zero"": true, ""frame_l"": 7.9484, ""chi_bits"": 10, ""mps_l"": 39.2442, ""hsf_k"": 16, ""hsf_na"": 6, ""hsf_nb"": 14, ""hsf_l"": 34.2808, ""sup"": 20, ""chi_bits0"": 10, ""mps_l0"": 39.2442, ""hsf_keff"": 12, ""hsf_l0"": 38.2808, ""sparse_l"": 27.9484, ""sv_l"": 27.9484, ""feat_secs"": 0.008571, ""feat_secs_frame"": 0.000239, ""feat_secs_hsf"": 0.008219}"
ct,"ct:n=20,L=8,t=24,nn=0",1,"{""n"": 20.0, ""L"": 8.0, ""t"": 24.0, ""nn"": 0.0}",planx,ok,0.00154,0.0065,4685824,0.0,0,0.0,0.0,engine=cstate aborted=[] plan_secs=0.000394,"{""n"": 20, ""gates"": 287, ""g2"": 80, ""g3"": 0, ""depth2"": 8, ""t_count"": 24, ""rotations"": 24, ""d"": 17, ""dense_l"": 18.7127, ""redundant"": 7, ""obs_zero"": true, ""frame_l"": 8.1649, ""chi_bits"": 10, ""mps_l"": 39.4843, ""hsf_k"": 24, ""hsf_na"": 10, ""hsf_nb"": 10, ""hsf_l"": 42.3565, ""sup"": 20, ""chi_bits0"": 10, ""mps_l0"": 39.4843, ""hsf_keff"": 22, ""hsf_l0"": 44.3565, ""sparse_l"": 28.1649, ""sv_l"": 28.1649, ""feat_secs"": 0.009479, ""feat_secs_frame"": 0.000264, ""feat_secs_hsf"": 0.009082}"
ct,"ct:n=20,L=8,t=24,nn=0",1,"{""n"": 20.0, ""L"": 8.0, ""t"": 24.0, ""nn"": 0.0}",planp,ok,0.001399,0.0076,4685824,0.0,0,0.0,0.0,engine=cstate aborted=[] plan_secs=0.000394,"{""n"": 20, ""gates"": 287, ""g2"": 80, ""g3"": 0, ""depth2"": 8, ""t_count"": 24, ""rotations"": 24, ""d"": 17, ""dense_l"": 18.7127, ""redundant"": 7, ""obs_zero"": true, ""frame_l"": 8.1649, ""chi_bits"": 10, ""mps_l"": 39.4843, ""hsf_k"": 24, ""hsf_na"": 10, ""hsf_nb"": 10, ""hsf_l"": 42.3565, ""sup"": 20, ""chi_bits0"": 10, ""mps_l0"": 39.4843, ""hsf_keff"": 22, ""hsf_l0"": 44.3565, ""sparse_l"": 28.1649, ""sv_l"": 28.1649, ""feat_secs"": 0.009479, ""feat_secs_frame"": 0.000264, ""feat_secs_hsf"": 0.009082}"
ct,"ct:n=20,L=8,t=24,nn=0",1,"{""n"": 20.0, ""L"": 8.0, ""t"": 24.0, ""nn"": 0.0}",plan,ok,0.000475,0.0070,2277376,0.0,0,0.0,0.0,engine=zero aborted=[] plan_secs=0.000469,"{""n"": 20, ""gates"": 287, ""g2"": 80, ""g3"": 0, ""depth2"": 8, ""t_count"": 24, ""rotations"": 24, ""d"": 17, ""dense_l"": 18.7127, ""redundant"": 7, ""obs_zero"": true, ""frame_l"": 8.1649, ""chi_bits"": 10, ""mps_l"": 39.4843, ""hsf_k"": 24, ""hsf_na"": 10, ""hsf_nb"": 10, ""hsf_l"": 42.3565, ""sup"": 20, ""chi_bits0"": 10, ""mps_l0"": 39.4843, ""hsf_keff"": 22, ""hsf_l0"": 44.3565, ""sparse_l"": 28.1649, ""sv_l"": 28.1649, ""feat_secs"": 0.009479, ""feat_secs_frame"": 0.000264, ""feat_secs_hsf"": 0.009082}"
ct,"ct:n=24,L=1,t=0,nn=0",1,"{""n"": 24.0, ""L"": 1.0, ""t"": 0.0, ""nn"": 0.0}",planx,ok,5e-05,0.0044,2097152,-0.0,0,-0.0,0.0,engine=tableau aborted=[] plan_secs=0.000000,"{""n"": 24, ""gates"": 36, ""g2"": 12, ""g3"": 0, ""depth2"": 1, ""t_count"": 0, ""rotations"": 0, ""d"": 0, ""dense_l"": 0.0, ""redundant"": 0, ""obs_zero"": true, ""frame_l"": 5.1699, ""chi_bits"": 8, ""mps_l"": 27.1887, ""hsf_k"": 0, ""hsf_na"": 12, ""hsf_nb"": 12, ""hsf_l"": 24.0126, ""sup"": 12, ""chi_bits0"": 8, ""mps_l0"": 27.1887, ""hsf_keff"": 0, ""hsf_l0"": 24.0126, ""sparse_l"": 17.1699, ""sv_l"": 29.1699, ""feat_secs"": 0.002853, ""feat_secs_frame"": 6.7e-05, ""feat_secs_hsf"": 0.002759}"
ct,"ct:n=24,L=1,t=0,nn=0",1,"{""n"": 24.0, ""L"": 1.0, ""t"": 0.0, ""nn"": 0.0}",planp,ok,3.5e-05,0.0042,2097152,-0.0,0,-0.0,0.0,engine=tableau aborted=[] plan_secs=0.000000,"{""n"": 24, ""gates"": 36, ""g2"": 12, ""g3"": 0, ""depth2"": 1, ""t_count"": 0, ""rotations"": 0, ""d"": 0, ""dense_l"": 0.0, ""redundant"": 0, ""obs_zero"": true, ""frame_l"": 5.1699, ""chi_bits"": 8, ""mps_l"": 27.1887, ""hsf_k"": 0, ""hsf_na"": 12, ""hsf_nb"": 12, ""hsf_l"": 24.0126, ""sup"": 12, ""chi_bits0"": 8, ""mps_l0"": 27.1887, ""hsf_keff"": 0, ""hsf_l0"": 24.0126, ""sparse_l"": 17.1699, ""sv_l"": 29.1699, ""feat_secs"": 0.002853, ""feat_secs_frame"": 6.7e-05, ""feat_secs_hsf"": 0.002759}"
ct,"ct:n=24,L=1,t=0,nn=0",1,"{""n"": 24.0, ""L"": 1.0, ""t"": 0.0, ""nn"": 0.0}",plan,ok,0.000108,0.0039,2113536,0.0,0,-0.0,0.0,engine=zero aborted=[] plan_secs=0.000103,"{""n"": 24, ""gates"": 36, ""g2"": 12, ""g3"": 0, ""depth2"": 1, ""t_count"": 0, ""rotations"": 0, ""d"": 0, ""dense_l"": 0.0, ""redundant"": 0, ""obs_zero"": true, ""frame_l"": 5.1699, ""chi_bits"": 8, ""mps_l"": 27.1887, ""hsf_k"": 0, ""hsf_na"": 12, ""hsf_nb"": 12, ""hsf_l"": 24.0126, ""sup"": 12, ""chi_bits0"": 8, ""mps_l0"": 27.1887, ""hsf_keff"": 0, ""hsf_l0"": 24.0126, ""sparse_l"": 17.1699, ""sv_l"": 29.1699, ""feat_secs"": 0.002853, ""feat_secs_frame"": 6.7e-05, ""feat_secs_hsf"": 0.002759}"
ct,"ct:n=24,L=1,t=8,nn=0",1,"{""n"": 24.0, ""L"": 1.0, ""t"": 8.0, ""nn"": 0.0}",planx,ok,0.000177,0.0063,2129920,0.0,0,0.0,0.0,engine=cstate aborted=[] plan_secs=0.000131,"{""n"": 24, ""gates"": 52, ""g2"": 12, ""g3"": 0, ""depth2"": 1, ""t_count"": 8, ""rotations"": 8, ""d"": 4, ""dense_l"": 5.858, ""redundant"": 4, ""obs_zero"": true, ""frame_l"": 5.7004, ""chi_bits"": 7, ""mps_l"": 25.7609, ""hsf_k"": 0, ""hsf_na"": 12, ""hsf_nb"": 12, ""hsf_l"": 24.0182, ""sup"": 17, ""chi_bits0"": 7, ""mps_l0"": 25.7609, ""hsf_keff"": 0, ""hsf_l0"": 24.0182, ""sparse_l"": 22.7004, ""sv_l"": 29.7004, ""feat_secs"": 0.002912, ""feat_secs_frame"": 8.1e-05, ""feat_secs_hsf"": 0.002788}"
ct,"ct:n=24,L=1,t=8,nn=0",1,"{""n"": 24.0, ""L"": 1.0, ""t"": 8.0, ""nn"": 0.0}",planp,ok,0.000158,0.0063,2129920,0.0,0,0.0,0.0,engine=cstate aborted=[] plan_secs=0.000117,"{""n"": 24, ""gates"": 52, ""g2"": 12, ""g3"": 0, ""depth2"": 1, ""t_count"": 8, ""rotations"": 8, ""d"": 4, ""dense_l"": 5.858, ""redundant"": 4, ""obs_zero"": true, ""frame_l"": 5.7004, ""chi_bits"": 7, ""mps_l"": 25.7609, ""hsf_k"": 0, ""hsf_na"": 12, ""hsf_nb"": 12, ""hsf_l"": 24.0182, ""sup"": 17, ""chi_bits0"": 7, ""mps_l0"": 25.7609, ""hsf_keff"": 0, ""hsf_l0"": 24.0182, ""sparse_l"": 22.7004, ""sv_l"": 29.7004, ""feat_secs"": 0.002912, ""feat_secs_frame"": 8.1e-05, ""feat_secs_hsf"": 0.002788}"
ct,"ct:n=24,L=1,t=8,nn=0",1,"{""n"": 24.0, ""L"": 1.0, ""t"": 8.0, ""nn"": 0.0}",plan,ok,0.000131,0.0066,2146304,0.0,0,0.0,0.0,engine=zero aborted=[] plan_secs=0.000125,"{""n"": 24, ""gates"": 52, ""g2"": 12, ""g3"": 0, ""depth2"": 1, ""t_count"": 8, ""rotations"": 8, ""d"": 4, ""dense_l"": 5.858, ""redundant"": 4, ""obs_zero"": true, ""frame_l"": 5.7004, ""chi_bits"": 7, ""mps_l"": 25.7609, ""hsf_k"": 0, ""hsf_na"": 12, ""hsf_nb"": 12, ""hsf_l"": 24.0182, ""sup"": 17, ""chi_bits0"": 7, ""mps_l0"": 25.7609, ""hsf_keff"": 0, ""hsf_l0"": 24.0182, ""sparse_l"": 22.7004, ""sv_l"": 29.7004, ""feat_secs"": 0.002912, ""feat_secs_frame"": 8.1e-05, ""feat_secs_hsf"": 0.002788}"
ct,"ct:n=24,L=1,t=24,nn=0",1,"{""n"": 24.0, ""L"": 1.0, ""t"": 24.0, ""nn"": 0.0}",planx,ok,0.000573,0.0068,2998272,0.0,0,0.0,0.0,engine=cstate aborted=[] plan_secs=0.000148,"{""n"": 24, ""gates"": 84, ""g2"": 12, ""g3"": 0, ""depth2"": 1, ""t_count"": 24, ""rotations"": 24, ""d"": 15, ""dense_l"": 17.2297, ""redundant"": 9, ""obs_zero"": true, ""frame_l"": 6.3923, ""chi_bits"": 6, ""mps_l"": 23.5861, ""hsf_k"": 0, ""hsf_na"": 12, ""hsf_nb"": 12, ""hsf_l"": 24.0293, ""sup"": 24, ""chi_bits0"": 6, ""mps_l0"": 23.5861, ""hsf_keff"": 0, ""hsf_l0"": 24.0293, ""sparse_l"": 30.3923, ""sv_l"": 30.3923, ""feat_secs"": 0.003061, ""feat_secs_frame"": 0.0001, ""feat_secs_hsf"": 0.002913}"
ct,"ct:n=24,L=1,t=24,nn=0",1,"{""n"": 24.0, ""L"": 1.0, ""t"": 24.0, ""nn"": 0.0}",planp,ok,0.000567,0.0047,2998272,0.0,0,0.0,0.0,engine=cstate aborted=[] plan_secs=0.000153,"{""n"": 24, ""gates"": 84, ""g2"": 12, ""g3"": 0, ""depth2"": 1, ""t_count"": 24, ""rotations"": 24, ""d"": 15, ""dense_l"": 17.2297, ""redundant"": 9, ""obs_zero"": true, ""frame_l"": 6.3923, ""chi_bits"": 6, ""mps_l"": 23.5861, ""hsf_k"": 0, ""hsf_na"": 12, ""hsf_nb"": 12, ""hsf_l"": 24.0293, ""sup"": 24, ""chi_bits0"": 6, ""mps_l0"": 23.5861, ""hsf_keff"": 0, ""hsf_l0"": 24.0293, ""sparse_l"": 30.3923, ""sv_l"": 30.3923, ""feat_secs"": 0.003061, ""feat_secs_frame"": 0.0001, ""feat_secs_hsf"": 0.002913}"
ct,"ct:n=24,L=1,t=24,nn=0",1,"{""n"": 24.0, ""L"": 1.0, ""t"": 24.0, ""nn"": 0.0}",plan,ok,0.000161,0.0044,2129920,0.0,0,0.0,0.0,engine=zero aborted=[] plan_secs=0.000155,"{""n"": 24, ""gates"": 84, ""g2"": 12, ""g3"": 0, ""depth2"": 1, ""t_count"": 24, ""rotations"": 24, ""d"": 15, ""dense_l"": 17.2297, ""redundant"": 9, ""obs_zero"": true, ""frame_l"": 6.3923, ""chi_bits"": 6, ""mps_l"": 23.5861, ""hsf_k"": 0, ""hsf_na"": 12, ""hsf_nb"": 12, ""hsf_l"": 24.0293, ""sup"": 24, ""chi_bits0"": 6, ""mps_l0"": 23.5861, ""hsf_keff"": 0, ""hsf_l0"": 24.0293, ""sparse_l"": 30.3923, ""sv_l"": 30.3923, ""feat_secs"": 0.003061, ""feat_secs_frame"": 0.0001, ""feat_secs_hsf"": 0.002913}"
ct,"ct:n=24,L=2,t=0,nn=0",1,"{""n"": 24.0, ""L"": 2.0, ""t"": 0.0, ""nn"": 0.0}",planx,ok,7e-05,0.0065,2113536,-0.0,0,-0.0,0.0,engine=tableau aborted=[] plan_secs=0.000000,"{""n"": 24, ""gates"": 74, ""g2"": 24, ""g3"": 0, ""depth2"": 2, ""t_count"": 0, ""rotations"": 0, ""d"": 0, ""dense_l"": 0.0, ""redundant"": 0, ""obs_zero"": true, ""frame_l"": 6.2095, ""chi_bits"": 12, ""mps_l"": 42.0684, ""hsf_k"": 2, ""hsf_na"": 12, ""hsf_nb"": 12, ""hsf_l"": 25.0258, ""sup"": 21, ""chi_bits0"": 12, ""mps_l0"": 42.0684, ""hsf_keff"": 1, ""hsf_l0"": 26.0258, ""sparse_l"": 27.2095, ""sv_l"": 30.2095, ""feat_secs"": 0.00546, ""feat_secs_frame"": 9.9e-05, ""feat_secs_hsf"": 0.005315}"
ct,"ct:n=24,L=2,t=0,nn=0",1,"{""n"": 24.0, ""L"": 2.0, ""t"": 0.0, ""nn"": 0.0}",planp,ok,6.3e-05,0.0066,2113536,-0.0,0,-0.0,0.0,engine=tableau aborted=[] plan_secs=0.000000,"{""n"": 24, ""gates"": 74, ""g2"": 24, ""g3"": 0, ""depth2"": 2, ""t_count"": 0, ""rotations"": 0, ""d"": 0, ""dense_l"": 0.0, ""redundant"": 0, ""obs_zero"": true, ""frame_l"": 6.2095, ""chi_bits"": 12, ""mps_l"": 42.0684, ""hsf_k"": 2, ""hsf_na"": 12, ""hsf_nb"": 12, ""hsf_l"": 25.0258, ""sup"": 21, ""chi_bits0"": 12, ""mps_l0"": 42.0684, ""hsf_keff"": 1, ""hsf_l0"": 26.0258, ""sparse_l"": 27.2095, ""sv_l"": 30.2095, ""feat_secs"": 0.00546, ""feat_secs_frame"": 9.9e-05, ""feat_secs_hsf"": 0.005315}"
ct,"ct:n=24,L=2,t=0,nn=0",1,"{""n"": 24.0, ""L"": 2.0, ""t"": 0.0, ""nn"": 0.0}",plan,ok,0.000162,0.0043,2146304,0.0,0,-0.0,0.0,engine=zero aborted=[] plan_secs=0.000156,"{""n"": 24, ""gates"": 74, ""g2"": 24, ""g3"": 0, ""depth2"": 2, ""t_count"": 0, ""rotations"": 0, ""d"": 0, ""dense_l"": 0.0, ""redundant"": 0, ""obs_zero"": true, ""frame_l"": 6.2095, ""chi_bits"": 12, ""mps_l"": 42.0684, ""hsf_k"": 2, ""hsf_na"": 12, ""hsf_nb"": 12, ""hsf_l"": 25.0258, ""sup"": 21, ""chi_bits0"": 12, ""mps_l0"": 42.0684, ""hsf_keff"": 1, ""hsf_l0"": 26.0258, ""sparse_l"": 27.2095, ""sv_l"": 30.2095, ""feat_secs"": 0.00546, ""feat_secs_frame"": 9.9e-05, ""feat_secs_hsf"": 0.005315}"
ct,"ct:n=24,L=2,t=8,nn=0",1,"{""n"": 24.0, ""L"": 2.0, ""t"": 8.0, ""nn"": 0.0}",planx,ok,0.000235,0.0046,2195456,0.0,0,0.0,0.0,engine=cstate aborted=[] plan_secs=0.000179,"{""n"": 24, ""gates"": 90, ""g2"": 24, ""g3"": 0, ""depth2"": 2, ""t_count"": 8, ""rotations"": 8, ""d"": 2, ""dense_l"": 4.0875, ""redundant"": 6, ""obs_zero"": true, ""frame_l"": 6.4919, ""chi_bits"": 12, ""mps_l"": 41.6054, ""hsf_k"": 2, ""hsf_na"": 12, ""hsf_nb"": 12, ""hsf_l"": 26.0314, ""sup"": 23, ""chi_bits0"": 12, ""mps_l0"": 41.6054, ""hsf_keff"": 2, ""hsf_l0"": 26.0314, ""sparse_l"": 29.4919, ""sv_l"": 30.4919, ""feat_secs"": 0.00496, ""feat_secs_frame"": 0.000117, ""feat_secs_hsf"": 0.004781}"
ct,"ct:n=24,L=2,t=8,nn=0",1,"{""n"": 24.0, ""L"": 2.0, ""t"": 8.0, ""nn"": 0.0}",planp,ok,0.000213,0.0045,2179072,0.0,0,0.0,0.0,engine=cstate aborted=[] plan_secs=0.000159,"{""n"": 24, ""gates"": 90, ""g2"": 24, ""g3"": 0, ""depth2"": 2, ""t_count"": 8, ""rotations"": 8, ""d"": 2, ""dense_l"": 4.0875, ""redundant"": 6, ""obs_zero"": true, ""frame_l"": 6.4919, ""chi_bits"": 12, ""mps_l"": 41.6054, ""hsf_k"": 2, ""hsf_na"": 12, ""hsf_nb"": 12, ""hsf_l"": 26.0314, ""sup"": 23, ""chi_bits0"": 12, ""mps_l0"": 41.6054, ""hsf_keff"": 2, ""hsf_l0"": 26.0314, ""sparse_l"": 29.4919, ""sv_l"": 30.4919, ""feat_secs"": 0.00496, ""feat_secs_frame"": 0.000117, ""feat_secs_hsf"": 0.004781}"
ct,"ct:n=24,L=2,t=8,nn=0",1,"{""n"": 24.0, ""L"": 2.0, ""t"": 8.0, ""nn"": 0.0}",plan,ok,0.000164,0.0045,2179072,0.0,0,0.0,0.0,engine=zero aborted=[] plan_secs=0.000160,"{""n"": 24, ""gates"": 90, ""g2"": 24, ""g3"": 0, ""depth2"": 2, ""t_count"": 8, ""rotations"": 8, ""d"": 2, ""dense_l"": 4.0875, ""redundant"": 6, ""obs_zero"": true, ""frame_l"": 6.4919, ""chi_bits"": 12, ""mps_l"": 41.6054, ""hsf_k"": 2, ""hsf_na"": 12, ""hsf_nb"": 12, ""hsf_l"": 26.0314, ""sup"": 23, ""chi_bits0"": 12, ""mps_l0"": 41.6054, ""hsf_keff"": 2, ""hsf_l0"": 26.0314, ""sparse_l"": 29.4919, ""sv_l"": 30.4919, ""feat_secs"": 0.00496, ""feat_secs_frame"": 0.000117, ""feat_secs_hsf"": 0.004781}"
ct,"ct:n=24,L=2,t=24,nn=0",1,"{""n"": 24.0, ""L"": 2.0, ""t"": 24.0, ""nn"": 0.0}",planx,ok,0.000533,0.0063,2981888,0.0,0,0.0,0.0,engine=cstate aborted=[] plan_secs=0.000208,"{""n"": 24, ""gates"": 119, ""g2"": 24, ""g3"": 0, ""depth2"": 2, ""t_count"": 24, ""rotations"": 24, ""d"": 15, ""dense_l"": 16.3315, ""redundant"": 9, ""obs_zero"": true, ""frame_l"": 6.8948, ""chi_bits"": 11, ""mps_l"": 37.7785, ""hsf_k"": 0, ""hsf_na"": 10, ""hsf_nb"": 14, ""hsf_l"": 24.1586, ""sup"": 21, ""chi_bits0"": 11, ""mps_l0"": 37.7785, ""hsf_keff"": 0, ""hsf_l0"": 24.1586, ""sparse_l"": 27.8948, ""sv_l"": 30.8948, ""feat_secs"": 0.005102, ""feat_secs_frame"": 0.000137, ""feat_secs_hsf"": 0.004879}"
ct,"ct:n=24,L=2,t=24,nn=0",1,"{""n"": 24.0, ""L"": 2.0, ""t"": 24.0, ""nn"": 0.0}",planp,ok,0.000504,0.0046,2981888,0.0,0,0.0,0.0,engine=cstate aborted=[] plan_secs=0.000205,"{""n"": 24, ""gates"": 119, ""g2"": 24, ""g3"": 0, ""depth2"": 2, ""t_count"": 24, ""rotations"": 24, ""d"": 15, ""dense_l"": 16.3315, ""redundant"": 9, ""obs_zero"": true, ""frame_l"": 6.8948, ""chi_bits"": 11, ""mps_l"": 37.7785, ""hsf_k"": 0, ""hsf_na"": 10, ""hsf_nb"": 14, ""hsf_l"": 24.1586, ""sup"": 21, ""chi_bits0"": 11, ""mps_l0"": 37.7785, ""hsf_keff"": 0, ""hsf_l0"": 24.1586, ""sparse_l"": 27.8948, ""sv_l"": 30.8948, ""feat_secs"": 0.005102, ""feat_secs_frame"": 0.000137, ""feat_secs_hsf"": 0.004879}"
ct,"ct:n=24,L=2,t=24,nn=0",1,"{""n"": 24.0, ""L"": 2.0, ""t"": 24.0, ""nn"": 0.0}",plan,ok,0.000201,0.0043,2179072,0.0,0,0.0,0.0,engine=zero aborted=[] plan_secs=0.000196,"{""n"": 24, ""gates"": 119, ""g2"": 24, ""g3"": 0, ""depth2"": 2, ""t_count"": 24, ""rotations"": 24, ""d"": 15, ""dense_l"": 16.3315, ""redundant"": 9, ""obs_zero"": true, ""frame_l"": 6.8948, ""chi_bits"": 11, ""mps_l"": 37.7785, ""hsf_k"": 0, ""hsf_na"": 10, ""hsf_nb"": 14, ""hsf_l"": 24.1586, ""sup"": 21, ""chi_bits0"": 11, ""mps_l0"": 37.7785, ""hsf_keff"": 0, ""hsf_l0"": 24.1586, ""sparse_l"": 27.8948, ""sv_l"": 30.8948, ""feat_secs"": 0.005102, ""feat_secs_frame"": 0.000137, ""feat_secs_hsf"": 0.004879}"
ct,"ct:n=24,L=4,t=0,nn=0",1,"{""n"": 24.0, ""L"": 4.0, ""t"": 0.0, ""nn"": 0.0}",planx,ok,6e-05,0.0040,2162688,-0.0,0,-0.0,0.0,engine=tableau aborted=[] plan_secs=0.000000,"{""n"": 24, ""gates"": 151, ""g2"": 48, ""g3"": 0, ""depth2"": 4, ""t_count"": 0, ""rotations"": 0, ""d"": 0, ""dense_l"": 0.0, ""redundant"": 0, ""obs_zero"": true, ""frame_l"": 7.2384, ""chi_bits"": 12, ""mps_l"": 44.1742, ""hsf_k"": 10, ""hsf_na"": 12, ""hsf_nb"": 12, ""hsf_l"": 32.0522, ""sup"": 23, ""chi_bits0"": 12, ""mps_l0"": 44.1742, ""hsf_keff"": 8, ""hsf_l0"": 34.0522, ""sparse_l"": 30.2384, ""sv_l"": 31.2384, ""feat_secs"": 0.008377, ""feat_secs_frame"": 0.00017, ""feat_secs_hsf"": 0.00808}"
ct,"ct:n=24,L=4,t=0,nn=0",1,"{""n"": 24.0, ""L"": 4.0, ""t"": 0.0, ""nn"": 0.0}",planp,ok,5.6e-05,0.0036,2162688,-0.0,0,-0.0,0.0,engine=tableau aborted=[] plan_secs=0.000000,"{""n"": 24, ""gates"": 151, ""g2"": 48, ""g3"": 0, ""depth2"": 4, ""t_count"": 0, ""rotations"": 0, ""d"": 0, ""dense_l"": 0.0, ""redundant"": 0, ""obs_zero"": true, ""frame_l"": 7.2384, ""chi_bits"": 12, ""mps_l"": 44.1742, ""hsf_k"": 10, ""hsf_na"": 12, ""hsf_nb"": 12, ""hsf_l"": 32.0522, ""sup"": 23, ""chi_bits0"": 12, ""mps_l0"": 44.1742, ""hsf_keff"": 8, ""hsf_l0"": 34.0522, ""sparse_l"": 30.2384, ""sv_l"": 31.2384, ""feat_secs"": 0.008377, ""feat_secs_frame"": 0.00017, ""feat_secs_hsf"": 0.00808}"
ct,"ct:n=24,L=4,t=0,nn=0",1,"{""n"": 24.0, ""L"": 4.0, ""t"": 0.0, ""nn"": 0.0}",plan,ok,0.000255,0.0042,2179072,0.0,0,-0.0,0.0,engine=zero aborted=[] plan_secs=0.000249,"{""n"": 24, ""gates"": 151, ""g2"": 48, ""g3"": 0, ""depth2"": 4, ""t_count"": 0, ""rotations"": 0, ""d"": 0, ""dense_l"": 0.0, ""redundant"": 0, ""obs_zero"": true, ""frame_l"": 7.2384, ""chi_bits"": 12, ""mps_l"": 44.1742, ""hsf_k"": 10, ""hsf_na"": 12, ""hsf_nb"": 12, ""hsf_l"": 32.0522, ""sup"": 23, ""chi_bits0"": 12, ""mps_l0"": 44.1742, ""hsf_keff"": 8, ""hsf_l0"": 34.0522, ""sparse_l"": 30.2384, ""sv_l"": 31.2384, ""feat_secs"": 0.008377, ""feat_secs_frame"": 0.00017, ""feat_secs_hsf"": 0.00808}"
ct,"ct:n=24,L=4,t=8,nn=0",1,"{""n"": 24.0, ""L"": 4.0, ""t"": 8.0, ""nn"": 0.0}",planx,ok,0.000403,0.0074,2228224,0.0,0,0.0,0.0,engine=cstate aborted=[] plan_secs=0.000312,"{""n"": 24, ""gates"": 164, ""g2"": 48, ""g3"": 0, ""depth2"": 4, ""t_count"": 8, ""rotations"": 8, ""d"": 6, ""dense_l"": 7.0661, ""redundant"": 2, ""obs_zero"": true, ""frame_l"": 7.3576, ""chi_bits"": 12, ""mps_l"": 43.8568, ""hsf_k"": 8, ""hsf_na"": 10, ""hsf_nb"": 14, ""hsf_l"": 32.2143, ""sup"": 24, ""chi_bits0"": 12, ""mps_l0"": 43.8568, ""hsf_keff"": 8, ""hsf_l0"": 32.2143, ""sparse_l"": 31.3576, ""sv_l"": 31.3576, ""feat_secs"": 0.008034, ""feat_secs_frame"": 0.00018, ""feat_secs_hsf"": 0.007767}"
ct,"ct:n=24,L=4,t=8,nn=0",1,"{""n"": 24.0, ""L"": 4.0, ""t"": 8.0, ""nn"": 0.0}",planp,ok,0.000342,0.0067,2228224,0.0,0,0.0,0.0,engine=cstate aborted=[] plan_secs=0.000256,"{""n"": 24, ""gates"": 164, ""g2"": 48, ""g3"": 0, ""depth2"": 4, ""t_count"": 8, ""rotations"": 8, ""d"": 6, ""dense_l"": 7.0661, ""redundant"": 2, ""obs_zero"": true, ""frame_l"": 7.3576, ""chi_bits"": 12, ""mps_l"": 43.8568, ""hsf_k"": 8, ""hsf_na"": 10, ""hsf_nb"": 14, ""hsf_l"": 32.2143, ""sup"": 24, ""chi_bits0"": 12, ""mps_l0"": 43.8568, ""hsf_keff"": 8, ""hsf_l0"": 32.2143, ""sparse_l"": 31.3576, ""sv_l"": 31.3576, ""feat_secs"": 0.008034, ""feat_secs_frame"": 0.00018, ""feat_secs_hsf"": 0.007767}"
ct,"ct:n=24,L=4,t=8,nn=0",1,"{""n"": 24.0, ""L"": 4.0, ""t"": 8.0, ""nn"": 0.0}",plan,ok,0.000309,0.0058,2195456,0.0,0,0.0,0.0,engine=zero aborted=[] plan_secs=0.000303,"{""n"": 24, ""gates"": 164, ""g2"": 48, ""g3"": 0, ""depth2"": 4, ""t_count"": 8, ""rotations"": 8, ""d"": 6, ""dense_l"": 7.0661, ""redundant"": 2, ""obs_zero"": true, ""frame_l"": 7.3576, ""chi_bits"": 12, ""mps_l"": 43.8568, ""hsf_k"": 8, ""hsf_na"": 10, ""hsf_nb"": 14, ""hsf_l"": 32.2143, ""sup"": 24, ""chi_bits0"": 12, ""mps_l0"": 43.8568, ""hsf_keff"": 8, ""hsf_l0"": 32.2143, ""sparse_l"": 31.3576, ""sv_l"": 31.3576, ""feat_secs"": 0.008034, ""feat_secs_frame"": 0.00018, ""feat_secs_hsf"": 0.007767}"
ct,"ct:n=24,L=4,t=24,nn=0",1,"{""n"": 24.0, ""L"": 4.0, ""t"": 24.0, ""nn"": 0.0}",planx,ok,0.000443,0.0066,2375680,0.0,0,0.0,0.0,engine=cstate aborted=[] plan_secs=0.000289,"{""n"": 24, ""gates"": 195, ""g2"": 48, ""g3"": 0, ""depth2"": 4, ""t_count"": 24, ""rotations"": 24, ""d"": 13, ""dense_l"": 15.3344, ""redundant"": 11, ""obs_zero"": true, ""frame_l"": 7.6073, ""chi_bits"": 12, ""mps_l"": 43.7156, ""hsf_k"": 10, ""hsf_na"": 12, ""hsf_nb"": 12, ""hsf_l"": 33.0671, ""sup"": 24, ""chi_bits0"": 12, ""mps_l0"": 43.7156, ""hsf_keff"": 9, ""hsf_l0"": 34.0671, ""sparse_l"": 31.6073, ""sv_l"": 31.6073, ""feat_secs"": 0.008099, ""feat_secs_frame"": 0.000191, ""feat_secs_hsf"": 0.007814}"
ct,"ct:n=24,L=4,t=24,nn=0",1,"{""n"": 24.0, ""L"": 4.0, ""t"": 24.0, ""nn"": 0.0}",planp,ok,0.000448,0.0044,2359296,0.0,0,0.0,0.0,engine=cstate aborted=[] plan_secs=0.000296,"{""n"": 24, ""gates"": 195, ""g2"": 48, ""g3"": 0, ""depth2"": 4, ""t_count"": 24, ""rotations"": 24, ""d"": 13, ""dense_l"": 15.3344, ""redundant"": 11, ""obs_zero"": true, ""frame_l"": 7.6073, ""chi_bits"": 12, ""mps_l"": 43.7156, ""hsf_k"": 10, ""hsf_na"": 12, ""hsf_nb"": 12, ""hsf_l"": 33.0671, ""sup"": 24, ""chi_bits0"": 12, ""mps_l0"": 43.7156, ""hsf_keff"": 9, ""hsf_l0"": 34.0671, ""sparse_l"": 31.6073, ""sv_l"": 31.6073, ""feat_secs"": 0.008099, ""feat_secs_frame"": 0.000191, ""feat_secs_hsf"": 0.007814}"
ct,"ct:n=24,L=4,t=24,nn=0",1,"{""n"": 24.0, ""L"": 4.0, ""t"": 24.0, ""nn"": 0.0}",plan,ok,0.000294,0.0043,2211840,0.0,0,0.0,0.0,engine=zero aborted=[] plan_secs=0.000289,"{""n"": 24, ""gates"": 195, ""g2"": 48, ""g3"": 0, ""depth2"": 4, ""t_count"": 24, ""rotations"": 24, ""d"": 13, ""dense_l"": 15.3344, ""redundant"": 11, ""obs_zero"": true, ""frame_l"": 7.6073, ""chi_bits"": 12, ""mps_l"": 43.7156, ""hsf_k"": 10, ""hsf_na"": 12, ""hsf_nb"": 12, ""hsf_l"": 33.0671, ""sup"": 24, ""chi_bits0"": 12, ""mps_l0"": 43.7156, ""hsf_keff"": 9, ""hsf_l0"": 34.0671, ""sparse_l"": 31.6073, ""sv_l"": 31.6073, ""feat_secs"": 0.008099, ""feat_secs_frame"": 0.000191, ""feat_secs_hsf"": 0.007814}"
ct,"ct:n=24,L=8,t=0,nn=0",1,"{""n"": 24.0, ""L"": 8.0, ""t"": 0.0, ""nn"": 0.0}",planx,ok,8.7e-05,0.0066,2228224,-0.0,0,-0.0,0.0,engine=tableau aborted=[] plan_secs=0.000001,"{""n"": 24, ""gates"": 286, ""g2"": 96, ""g3"": 0, ""depth2"": 8, ""t_count"": 0, ""rotations"": 0, ""d"": 0, ""dense_l"": 0.0, ""redundant"": 0, ""obs_zero"": true, ""frame_l"": 8.1599, ""chi_bits"": 12, ""mps_l"": 45.462, ""hsf_k"": 22, ""hsf_na"": 9, ""hsf_nb"": 15, ""hsf_l"": 46.6402, ""sup"": 24, ""chi_bits0"": 12, ""mps_l0"": 45.462, ""hsf_keff"": 22, ""hsf_l0"": 46.6402, ""sparse_l"": 32.1599, ""sv_l"": 32.1599, ""feat_secs"": 0.017376, ""feat_secs_frame"": 0.000352, ""feat_secs_hsf"": 0.016886}"
ct,"ct:n=24,L=8,t=0,nn=0",1,"{""n"": 24.0, ""L"": 8.0, ""t"": 0.0, ""nn"": 0.0}",planp,ok,7e-05,0.0044,2211840,-0.0,0,-0.0,0.0,engine=tableau aborted=[] plan_secs=0.000000,"{""n"": 24, ""gates"": 286, ""g2"": 96, ""g3"": 0, ""depth2"": 8, ""t_count"": 0, ""rotations"": 0, ""d"": 0, ""dense_l"": 0.0, ""redundant"": 0, ""obs_zero"": true, ""frame_l"": 8.1599, ""chi_bits"": 12, ""mps_l"": 45.462, ""hsf_k"": 22, ""hsf_na"": 9, ""hsf_nb"": 15, ""hsf_l"": 46.6402, ""sup"": 24, ""chi_bits0"": 12, ""mps_l0"": 45.462, ""hsf_keff"": 22, ""hsf_l0"": 46.6402, ""sparse_l"": 32.1599, ""sv_l"": 32.1599, ""feat_secs"": 0.017376, ""feat_secs_frame"": 0.000352, ""feat_secs_hsf"": 0.016886}"
ct,"ct:n=24,L=8,t=0,nn=0",1,"{""n"": 24.0, ""L"": 8.0, ""t"": 0.0, ""nn"": 0.0}",plan,ok,0.000414,0.0043,2260992,0.0,0,-0.0,0.0,engine=zero aborted=[] plan_secs=0.000405,"{""n"": 24, ""gates"": 286, ""g2"": 96, ""g3"": 0, ""depth2"": 8, ""t_count"": 0, ""rotations"": 0, ""d"": 0, ""dense_l"": 0.0, ""redundant"": 0, ""obs_zero"": true, ""frame_l"": 8.1599, ""chi_bits"": 12, ""mps_l"": 45.462, ""hsf_k"": 22, ""hsf_na"": 9, ""hsf_nb"": 15, ""hsf_l"": 46.6402, ""sup"": 24, ""chi_bits0"": 12, ""mps_l0"": 45.462, ""hsf_keff"": 22, ""hsf_l0"": 46.6402, ""sparse_l"": 32.1599, ""sv_l"": 32.1599, ""feat_secs"": 0.017376, ""feat_secs_frame"": 0.000352, ""feat_secs_hsf"": 0.016886}"
ct,"ct:n=24,L=8,t=8,nn=0",1,"{""n"": 24.0, ""L"": 8.0, ""t"": 8.0, ""nn"": 0.0}",planx,ok,0.00058,0.0074,2310144,0.0,0,0.0,0.0,engine=cstate aborted=[] plan_secs=0.000432,"{""n"": 24, ""gates"": 304, ""g2"": 96, ""g3"": 0, ""depth2"": 8, ""t_count"": 8, ""rotations"": 8, ""d"": 8, ""dense_l"": 8.9944, ""redundant"": 0, ""obs_zero"": true, ""frame_l"": 8.2479, ""chi_bits"": 12, ""mps_l"": 45.3795, ""hsf_k"": 26, ""hsf_na"": 12, ""hsf_nb"": 12, ""hsf_l"": 48.1033, ""sup"": 24, ""chi_bits0"": 12, ""mps_l0"": 45.3795, ""hsf_keff"": 24, ""hsf_l0"": 50.1033, ""sparse_l"": 32.2479, ""sv_l"": 32.2479, ""feat_secs"": 0.015172, ""feat_secs_frame"": 0.000286, ""feat_secs_hsf"": 0.014755}"
ct,"ct:n=24,L=8,t=8,nn=0",1,"{""n"": 24.0, ""L"": 8.0, ""t"": 8.0, ""nn"": 0.0}",planp,ok,0.000568,0.0066,2293760,0.0,0,0.0,0.0,engine=cstate aborted=[] plan_secs=0.000423,"{""n"": 24, ""gates"": 304, ""g2"": 96, ""g3"": 0, ""depth2"": 8, ""t_count"": 8, ""rotations"": 8, ""d"": 8, ""dense_l"": 8.9944, ""redundant"": 0, ""obs_zero"": true, ""frame_l"": 8.2479, ""chi_bits"": 12, ""mps_l"": 45.3795, ""hsf_k"": 26, ""hsf_na"": 12, ""hsf_nb"": 12, ""hsf_l"": 48.1033, ""sup"": 24, ""chi_bits0"": 12, ""mps_l0"": 45.3795, ""hsf_keff"": 24, ""hsf_l0"": 50.1033, ""sparse_l"": 32.2479, ""sv_l"": 32.2479, ""feat_secs"": 0.015172, ""feat_secs_frame"": 0.000286, ""feat_secs_hsf"": 0.014755}"
ct,"ct:n=24,L=8,t=8,nn=0",1,"{""n"": 24.0, ""L"": 8.0, ""t"": 8.0, ""nn"": 0.0}",plan,ok,0.000438,0.0063,2310144,0.0,0,0.0,0.0,engine=zero aborted=[] plan_secs=0.000430,"{""n"": 24, ""gates"": 304, ""g2"": 96, ""g3"": 0, ""depth2"": 8, ""t_count"": 8, ""rotations"": 8, ""d"": 8, ""dense_l"": 8.9944, ""redundant"": 0, ""obs_zero"": true, ""frame_l"": 8.2479, ""chi_bits"": 12, ""mps_l"": 45.3795, ""hsf_k"": 26, ""hsf_na"": 12, ""hsf_nb"": 12, ""hsf_l"": 48.1033, ""sup"": 24, ""chi_bits0"": 12, ""mps_l0"": 45.3795, ""hsf_keff"": 24, ""hsf_l0"": 50.1033, ""sparse_l"": 32.2479, ""sv_l"": 32.2479, ""feat_secs"": 0.015172, ""feat_secs_frame"": 0.000286, ""feat_secs_hsf"": 0.014755}"
ct,"ct:n=24,L=8,t=24,nn=0",1,"{""n"": 24.0, ""L"": 8.0, ""t"": 24.0, ""nn"": 0.0}",planx,ok,0.004834,0.0100,6864896,0.0,0,0.0,0.0,engine=cstate aborted=[] plan_secs=0.003431,"{""n"": 24, ""gates"": 331, ""g2"": 96, ""g3"": 0, ""depth2"": 8, ""t_count"": 24, ""rotations"": 24, ""d"": 18, ""dense_l"": 19.0553, ""redundant"": 6, ""obs_zero"": true, ""frame_l"": 8.3707, ""chi_bits"": 12, ""mps_l"": 45.4276, ""hsf_k"": 24, ""hsf_na"": 10, ""hsf_nb"": 14, ""hsf_l"": 46.4041, ""sup"": 24, ""chi_bits0"": 12, ""mps_l0"": 45.4276, ""hsf_keff"": 22, ""hsf_l0"": 48.4041, ""sparse_l"": 32.3707, ""sv_l"": 32.3707, ""feat_secs"": 0.016583, ""feat_secs_frame"": 0.000307, ""feat_secs_hsf"": 0.016129}"
ct,"ct:n=24,L=8,t=24,nn=0",1,"{""n"": 24.0, ""L"": 8.0, ""t"": 24.0, ""nn"": 0.0}",planp,ok,0.004427,0.0101,6881280,0.0,0,0.0,0.0,engine=cstate aborted=[] plan_secs=0.003146,"{""n"": 24, ""gates"": 331, ""g2"": 96, ""g3"": 0, ""depth2"": 8, ""t_count"": 24, ""rotations"": 24, ""d"": 18, ""dense_l"": 19.0553, ""redundant"": 6, ""obs_zero"": true, ""frame_l"": 8.3707, ""chi_bits"": 12, ""mps_l"": 45.4276, ""hsf_k"": 24, ""hsf_na"": 10, ""hsf_nb"": 14, ""hsf_l"": 46.4041, ""sup"": 24, ""chi_bits0"": 12, ""mps_l0"": 45.4276, ""hsf_keff"": 22, ""hsf_l0"": 48.4041, ""sparse_l"": 32.3707, ""sv_l"": 32.3707, ""feat_secs"": 0.016583, ""feat_secs_frame"": 0.000307, ""feat_secs_hsf"": 0.016129}"
ct,"ct:n=24,L=8,t=24,nn=0",1,"{""n"": 24.0, ""L"": 8.0, ""t"": 24.0, ""nn"": 0.0}",plan,ok,0.00302,0.0096,2457600,0.0,0,0.0,0.0,engine=zero aborted=[] plan_secs=0.003014,"{""n"": 24, ""gates"": 331, ""g2"": 96, ""g3"": 0, ""depth2"": 8, ""t_count"": 24, ""rotations"": 24, ""d"": 18, ""dense_l"": 19.0553, ""redundant"": 6, ""obs_zero"": true, ""frame_l"": 8.3707, ""chi_bits"": 12, ""mps_l"": 45.4276, ""hsf_k"": 24, ""hsf_na"": 10, ""hsf_nb"": 14, ""hsf_l"": 46.4041, ""sup"": 24, ""chi_bits0"": 12, ""mps_l0"": 45.4276, ""hsf_keff"": 22, ""hsf_l0"": 48.4041, ""sparse_l"": 32.3707, ""sv_l"": 32.3707, ""feat_secs"": 0.016583, ""feat_secs_frame"": 0.000307, ""feat_secs_hsf"": 0.016129}"
qaoa,"qaoa:n=12,p=1,deg=2,nn=0",1,"{""n"": 12.0, ""p"": 1.0, ""deg"": 2.0, ""nn"": 0.0}",planx,ok,0.00016,0.0040,2260992,0.0,0,0.0,0.0,engine=sv aborted=[] plan_secs=0.000001,"{""n"": 12, ""gates"": 60, ""g2"": 24, ""g3"": 0, ""depth2"": 14, ""t_count"": 0, ""rotations"": 24, ""d"": 9, ""dense_l"": 13.022, ""redundant"": 15, ""obs_zero"": true, ""frame_l"": 5.9069, ""chi_bits"": 6, ""mps_l"": 24.1056, ""hsf_k"": 0, ""hsf_na"": 2, ""hsf_nb"": 10, ""hsf_l"": 16.0, ""sup"": 12, ""chi_bits0"": 6, ""mps_l0"": 24.1056, ""hsf_keff"": 0, ""hsf_l0"": 16.0, ""sparse_l"": 17.9069, ""sv_l"": 17.9069, ""feat_secs"": 0.000827, ""feat_secs_frame"": 9.7e-05, ""feat_secs_hsf"": 0.000686}"
qaoa,"qaoa:n=12,p=1,deg=2,nn=0",1,"{""n"": 12.0, ""p"": 1.0, ""deg"": 2.0, ""nn"": 0.0}",planp,ok,0.000152,0.0066,2260992,0.0,0,0.0,0.0,engine=sv aborted=[] plan_secs=0.000001,"{""n"": 12, ""gates"": 60, ""g2"": 24, ""g3"": 0, ""depth2"": 14, ""t_count"": 0, ""rotations"": 24, ""d"": 9, ""dense_l"": 13.022, ""redundant"": 15, ""obs_zero"": true, ""frame_l"": 5.9069, ""chi_bits"": 6, ""mps_l"": 24.1056, ""hsf_k"": 0, ""hsf_na"": 2, ""hsf_nb"": 10, ""hsf_l"": 16.0, ""sup"": 12, ""chi_bits0"": 6, ""mps_l0"": 24.1056, ""hsf_keff"": 0, ""hsf_l0"": 16.0, ""sparse_l"": 17.9069, ""sv_l"": 17.9069, ""feat_secs"": 0.000827, ""feat_secs_frame"": 9.7e-05, ""feat_secs_hsf"": 0.000686}"
qaoa,"qaoa:n=12,p=1,deg=2,nn=0",1,"{""n"": 12.0, ""p"": 1.0, ""deg"": 2.0, ""nn"": 0.0}",plan,ok,0.000158,0.0063,2260992,0.0,0,0.0,0.0,engine=sv aborted=[] plan_secs=0.000001,"{""n"": 12, ""gates"": 60, ""g2"": 24, ""g3"": 0, ""depth2"": 14, ""t_count"": 0, ""rotations"": 24, ""d"": 9, ""dense_l"": 13.022, ""redundant"": 15, ""obs_zero"": true, ""frame_l"": 5.9069, ""chi_bits"": 6, ""mps_l"": 24.1056, ""hsf_k"": 0, ""hsf_na"": 2, ""hsf_nb"": 10, ""hsf_l"": 16.0, ""sup"": 12, ""chi_bits0"": 6, ""mps_l0"": 24.1056, ""hsf_keff"": 0, ""hsf_l0"": 16.0, ""sparse_l"": 17.9069, ""sv_l"": 17.9069, ""feat_secs"": 0.000827, ""feat_secs_frame"": 9.7e-05, ""feat_secs_hsf"": 0.000686}"
qaoa,"qaoa:n=12,p=1,deg=3,nn=0",1,"{""n"": 12.0, ""p"": 1.0, ""deg"": 3.0, ""nn"": 0.0}",planx,ok,0.000192,0.0070,2326528,0.02540580416570879,0,0.02540580416570879,0.0,engine=sv aborted=[] plan_secs=0.000001,"{""n"": 12, ""gates"": 78, ""g2"": 36, ""g3"": 0, ""depth2"": 18, ""t_count"": 0, ""rotations"": 30, ""d"": 11, ""dense_l"": 15.0579, ""redundant"": 19, ""obs_zero"": false, ""frame_l"": 14.4069, ""chi_bits"": 6, ""mps_l"": 25.2935, ""hsf_k"": 6, ""hsf_na"": 3, ""hsf_nb"": 9, ""hsf_l"": 18.4263, ""sup"": 12, ""chi_bits0"": 6, ""mps_l0"": 25.2935, ""hsf_keff"": 3, ""hsf_l0"": 21.4263, ""sparse_l"": 18.2854, ""sv_l"": 18.2854, ""feat_secs"": 0.001094, ""feat_secs_frame"": 0.00012, ""feat_secs_hsf"": 0.000922}"
qaoa,"qaoa:n=12,p=1,deg=3,nn=0",1,"{""n"": 12.0, ""p"": 1.0, ""deg"": 3.0, ""nn"": 0.0}",planp,ok,0.000177,0.0043,2310144,0.02540580416570879,0,0.02540580416570879,0.0,engine=sv aborted=[] plan_secs=0.000000,"{""n"": 12, ""gates"": 78, ""g2"": 36, ""g3"": 0, ""depth2"": 18, ""t_count"": 0, ""rotations"": 30, ""d"": 11, ""dense_l"": 15.0579, ""redundant"": 19, ""obs_zero"": false, ""frame_l"": 14.4069, ""chi_bits"": 6, ""mps_l"": 25.2935, ""hsf_k"": 6, ""hsf_na"": 3, ""hsf_nb"": 9, ""hsf_l"": 18.4263, ""sup"": 12, ""chi_bits0"": 6, ""mps_l0"": 25.2935, ""hsf_keff"": 3, ""hsf_l0"": 21.4263, ""sparse_l"": 18.2854, ""sv_l"": 18.2854, ""feat_secs"": 0.001094, ""feat_secs_frame"": 0.00012, ""feat_secs_hsf"": 0.000922}"
qaoa,"qaoa:n=12,p=1,deg=3,nn=0",1,"{""n"": 12.0, ""p"": 1.0, ""deg"": 3.0, ""nn"": 0.0}",plan,ok,0.000186,0.0044,2310144,0.02540580416570879,0,0.02540580416570879,0.0,engine=sv aborted=[] plan_secs=0.000000,"{""n"": 12, ""gates"": 78, ""g2"": 36, ""g3"": 0, ""depth2"": 18, ""t_count"": 0, ""rotations"": 30, ""d"": 11, ""dense_l"": 15.0579, ""redundant"": 19, ""obs_zero"": false, ""frame_l"": 14.4069, ""chi_bits"": 6, ""mps_l"": 25.2935, ""hsf_k"": 6, ""hsf_na"": 3, ""hsf_nb"": 9, ""hsf_l"": 18.4263, ""sup"": 12, ""chi_bits0"": 6, ""mps_l0"": 25.2935, ""hsf_keff"": 3, ""hsf_l0"": 21.4263, ""sparse_l"": 18.2854, ""sv_l"": 18.2854, ""feat_secs"": 0.001094, ""feat_secs_frame"": 0.00012, ""feat_secs_hsf"": 0.000922}"
qaoa,"qaoa:n=12,p=2,deg=2,nn=0",1,"{""n"": 12.0, ""p"": 2.0, ""deg"": 2.0, ""nn"": 0.0}",planx,ok,0.0003,0.0040,2162688,0.0,0,0.0,0.0,engine=cstate aborted=[] plan_secs=0.000207,"{""n"": 12, ""gates"": 108, ""g2"": 48, ""g3"": 0, ""depth2"": 26, ""t_count"": 0, ""rotations"": 48, ""d"": 9, ""dense_l"": 14.3308, ""redundant"": 39, ""obs_zero"": true, ""frame_l"": 6.7549, ""chi_bits"": 6, ""mps_l"": 25.8609, ""hsf_k"": 0, ""hsf_na"": 2, ""hsf_nb"": 10, ""hsf_l"": 16.8074, ""sup"": 12, ""chi_bits0"": 6, ""mps_l0"": 25.8609, ""hsf_keff"": 0, ""hsf_l0"": 16.8074, ""sparse_l"": 18.7549, ""sv_l"": 18.7549, ""feat_secs"": 0.001099, ""feat_secs_frame"": 0.000148, ""feat_secs_hsf"": 0.000892}"
qaoa,"qaoa:n=12,p=2,deg=2,nn=0",1,"{""n"": 12.0, ""p"": 2.0, ""deg"": 2.0, ""nn"": 0.0}",planp,ok,0.000289,0.0063,2162688,0.0,0,0.0,0.0,engine=cstate aborted=[] plan_secs=0.000200,"{""n"": 12, ""gates"": 108, ""g2"": 48, ""g3"": 0, ""depth2"": 26, ""t_count"": 0, ""rotations"": 48, ""d"": 9, ""dense_l"": 14.3308, ""redundant"": 39, ""obs_zero"": true, ""frame_l"": 6.7549, ""chi_bits"": 6, ""mps_l"": 25.8609, ""hsf_k"": 0, ""hsf_na"": 2, ""hsf_nb"": 10, ""hsf_l"": 16.8074, ""sup"": 12, ""chi_bits0"": 6, ""mps_l0"": 25.8609, ""hsf_keff"": 0, ""hsf_l0"": 16.8074, ""sparse_l"": 18.7549, ""sv_l"": 18.7549, ""feat_secs"": 0.001099, ""feat_secs_frame"": 0.000148, ""feat_secs_hsf"": 0.000892}"
qaoa,"qaoa:n=12,p=2,deg=2,nn=0",1,"{""n"": 12.0, ""p"": 2.0, ""deg"": 2.0, ""nn"": 0.0}",plan,ok,0.00026,0.0044,2146304,0.0,0,0.0,0.0,engine=zero aborted=[] plan_secs=0.000256,"{""n"": 12, ""gates"": 108, ""g2"": 48, ""g3"": 0, ""depth2"": 26, ""t_count"": 0, ""rotations"": 48, ""d"": 9, ""dense_l"": 14.3308, ""redundant"": 39, ""obs_zero"": true, ""frame_l"": 6.7549, ""chi_bits"": 6, ""mps_l"": 25.8609, ""hsf_k"": 0, ""hsf_na"": 2, ""hsf_nb"": 10, ""hsf_l"": 16.8074, ""sup"": 12, ""chi_bits0"": 6, ""mps_l0"": 25.8609, ""hsf_keff"": 0, ""hsf_l0"": 16.8074, ""sparse_l"": 18.7549, ""sv_l"": 18.7549, ""feat_secs"": 0.001099, ""feat_secs_frame"": 0.000148, ""feat_secs_hsf"": 0.000892}"
qaoa,"qaoa:n=12,p=2,deg=3,nn=0",1,"{""n"": 12.0, ""p"": 2.0, ""deg"": 3.0, ""nn"": 0.0}",planx,ok,0.000434,0.0044,2244608,0.01747974742458081,0,0.01747974742458081,0.0,engine=cstate aborted=[] plan_secs=0.000247,"{""n"": 12, ""gates"": 144, ""g2"": 72, ""g3"": 0, ""depth2"": 32, ""t_count"": 0, ""rotations"": 60, ""d"": 11, ""dense_l"": 16.544, ""redundant"": 49, ""obs_zero"": false, ""frame_l"": 27.9069, ""chi_bits"": 6, ""mps_l"": 26.6742, ""hsf_k"": 12, ""hsf_na"": 3, ""hsf_nb"": 9, ""hsf_l"": 22.2479, ""sup"": 12, ""chi_bits0"": 6, ""mps_l0"": 26.6742, ""hsf_keff"": 6, ""hsf_l0"": 28.2479, ""sparse_l"": 19.1699, ""sv_l"": 19.1699, ""feat_secs"": 0.001151, ""feat_secs_frame"": 0.000168, ""feat_secs_hsf"": 0.000913}"
qaoa,"qaoa:n=12,p=2,deg=3,nn=0",1,"{""n"": 12.0, ""p"": 2.0, ""deg"": 3.0, ""nn"": 0.0}",planp,ok,0.000426,0.0043,2244608,0.01747974742458081,0,0.01747974742458081,0.0,engine=cstate aborted=[] plan_secs=0.000241,"{""n"": 12, ""gates"": 144, ""g2"": 72, ""g3"": 0, ""depth2"": 32, ""t_count"": 0, ""rotations"": 60, ""d"": 11, ""dense_l"": 16.544, ""redundant"": 49, ""obs_zero"": false, ""frame_l"": 27.9069, ""chi_bits"": 6, ""mps_l"": 26.6742, ""hsf_k"": 12, ""hsf_na"": 3, ""hsf_nb"": 9, ""hsf_l"": 22.2479, ""sup"": 12, ""chi_bits0"": 6, ""mps_l0"": 26.6742, ""hsf_keff"": 6, ""hsf_l0"": 28.2479, ""sparse_l"": 19.1699, ""sv_l"": 19.1699, ""feat_secs"": 0.001151, ""feat_secs_frame"": 0.000168, ""feat_secs_hsf"": 0.000913}"
qaoa,"qaoa:n=12,p=2,deg=3,nn=0",1,"{""n"": 12.0, ""p"": 2.0, ""deg"": 3.0, ""nn"": 0.0}",plan,ok,0.000435,0.0044,2260992,0.01747974742458081,0,0.01747974742458081,0.0,engine=cstate aborted=[] plan_secs=0.000244,"{""n"": 12, ""gates"": 144, ""g2"": 72, ""g3"": 0, ""depth2"": 32, ""t_count"": 0, ""rotations"": 60, ""d"": 11, ""dense_l"": 16.544, ""redundant"": 49, ""obs_zero"": false, ""frame_l"": 27.9069, ""chi_bits"": 6, ""mps_l"": 26.6742, ""hsf_k"": 12, ""hsf_na"": 3, ""hsf_nb"": 9, ""hsf_l"": 22.2479, ""sup"": 12, ""chi_bits0"": 6, ""mps_l0"": 26.6742, ""hsf_keff"": 6, ""hsf_l0"": 28.2479, ""sparse_l"": 19.1699, ""sv_l"": 19.1699, ""feat_secs"": 0.001151, ""feat_secs_frame"": 0.000168, ""feat_secs_hsf"": 0.000913}"
qaoa,"qaoa:n=12,p=3,deg=2,nn=0",1,"{""n"": 12.0, ""p"": 3.0, ""deg"": 2.0, ""nn"": 0.0}",planx,ok,0.000409,0.0043,2228224,0.0,0,0.0,0.0,engine=cstate aborted=[] plan_secs=0.000281,"{""n"": 12, ""gates"": 156, ""g2"": 72, ""g3"": 0, ""depth2"": 38, ""t_count"": 0, ""rotations"": 72, ""d"": 9, ""dense_l"": 15.0055, ""redundant"": 63, ""obs_zero"": true, ""frame_l"": 7.2854, ""chi_bits"": 6, ""mps_l"": 26.6296, ""hsf_k"": 0, ""hsf_na"": 2, ""hsf_nb"": 10, ""hsf_l"": 17.3219, ""sup"": 12, ""chi_bits0"": 6, ""mps_l0"": 26.6296, ""hsf_keff"": 0, ""hsf_l0"": 17.3219, ""sparse_l"": 19.2854, ""sv_l"": 19.2854, ""feat_secs"": 0.001012, ""feat_secs_frame"": 0.000198, ""feat_secs_hsf"": 0.000701}"
qaoa,"qaoa:n=12,p=3,deg=2,nn=0",1,"{""n"": 12.0, ""p"": 3.0, ""deg"": 2.0, ""nn"": 0.0}",planp,ok,0.000394,0.0044,2228224,0.0,0,0.0,0.0,engine=cstate aborted=[] plan_secs=0.000269,"{""n"": 12, ""gates"": 156, ""g2"": 72, ""g3"": 0, ""depth2"": 38, ""t_count"": 0, ""rotations"": 72, ""d"": 9, ""dense_l"": 15.0055, ""redundant"": 63, ""obs_zero"": true, ""frame_l"": 7.2854, ""chi_bits"": 6, ""mps_l"": 26.6296, ""hsf_k"": 0, ""hsf_na"": 2, ""hsf_nb"": 10, ""hsf_l"": 17.3219, ""sup"": 12, ""chi_bits0"": 6, ""mps_l0"": 26.6296, ""hsf_keff"": 0, ""hsf_l0"": 17.3219, ""sparse_l"": 19.2854, ""sv_l"": 19.2854, ""feat_secs"": 0.001012, ""feat_secs_frame"": 0.000198, ""feat_secs_hsf"": 0.000701}"
qaoa,"qaoa:n=12,p=3,deg=2,nn=0",1,"{""n"": 12.0, ""p"": 3.0, ""deg"": 2.0, ""nn"": 0.0}",plan,ok,0.000314,0.0074,2228224,0.0,0,0.0,0.0,engine=zero aborted=[] plan_secs=0.000308,"{""n"": 12, ""gates"": 156, ""g2"": 72, ""g3"": 0, ""depth2"": 38, ""t_count"": 0, ""rotations"": 72, ""d"": 9, ""dense_l"": 15.0055, ""redundant"": 63, ""obs_zero"": true, ""frame_l"": 7.2854, ""chi_bits"": 6, ""mps_l"": 26.6296, ""hsf_k"": 0, ""hsf_na"": 2, ""hsf_nb"": 10, ""hsf_l"": 17.3219, ""sup"": 12, ""chi_bits0"": 6, ""mps_l0"": 26.6296, ""hsf_keff"": 0, ""hsf_l0"": 17.3219, ""sparse_l"": 19.2854, ""sv_l"": 19.2854, ""feat_secs"": 0.001012, ""feat_secs_frame"": 0.000198, ""feat_secs_hsf"": 0.000701}"
qaoa,"qaoa:n=12,p=3,deg=3,nn=0",1,"{""n"": 12.0, ""p"": 3.0, ""deg"": 3.0, ""nn"": 0.0}",planx,ok,0.000627,0.0066,2260992,0.01638847927236062,0,0.01638847927236062,0.0,engine=cstate aborted=[] plan_secs=0.000345,"{""n"": 12, ""gates"": 210, ""g2"": 108, ""g3"": 0, ""depth2"": 46, ""t_count"": 0, ""rotations"": 90, ""d"": 11, ""dense_l"": 17.2603, ""redundant"": 79, ""obs_zero"": false, ""frame_l"": 28.4919, ""chi_bits"": 6, ""mps_l"": 27.3666, ""hsf_k"": 18, ""hsf_na"": 3, ""hsf_nb"": 9, ""hsf_l"": 25.7682, ""sup"": 12, ""chi_bits0"": 6, ""mps_l0"": 27.3666, ""hsf_keff"": 9, ""hsf_l0"": 34.7682, ""sparse_l"": 19.7142, ""sv_l"": 19.7142, ""feat_secs"": 0.001506, ""feat_secs_frame"": 0.000235, ""feat_secs_hsf"": 0.001173}"
qaoa,"qaoa:n=12,p=3,deg=3,nn=0",1,"{""n"": 12.0, ""p"": 3.0, ""deg"": 3.0, ""nn"": 0.0}",planp,ok,0.000677,0.0067,2260992,0.01638847927236062,0,0.01638847927236062,0.0,engine=cstate aborted=[] plan_secs=0.000392,"{""n"": 12, ""gates"": 210, ""g2"": 108, ""g3"": 0, ""depth2"": 46, ""t_count"": 0, ""rotations"": 90, ""d"": 11, ""dense_l"": 17.2603, ""redundant"": 79, ""obs_zero"": false, ""frame_l"": 28.4919, ""chi_bits"": 6, ""mps_l"": 27.3666, ""hsf_k"": 18, ""hsf_na"": 3, ""hsf_nb"": 9, ""hsf_l"": 25.7682, ""sup"": 12, ""chi_bits0"": 6, ""mps_l0"": 27.3666, ""hsf_keff"": 9, ""hsf_l0"": 34.7682, ""sparse_l"": 19.7142, ""sv_l"": 19.7142, ""feat_secs"": 0.001506, ""feat_secs_frame"": 0.000235, ""feat_secs_hsf"": 0.001173}"
qaoa,"qaoa:n=12,p=3,deg=3,nn=0",1,"{""n"": 12.0, ""p"": 3.0, ""deg"": 3.0, ""nn"": 0.0}",plan,ok,0.000604,0.0069,2260992,0.01638847927236062,0,0.01638847927236062,0.0,engine=cstate aborted=[] plan_secs=0.000324,"{""n"": 12, ""gates"": 210, ""g2"": 108, ""g3"": 0, ""depth2"": 46, ""t_count"": 0, ""rotations"": 90, ""d"": 11, ""dense_l"": 17.2603, ""redundant"": 79, ""obs_zero"": false, ""frame_l"": 28.4919, ""chi_bits"": 6, ""mps_l"": 27.3666, ""hsf_k"": 18, ""hsf_na"": 3, ""hsf_nb"": 9, ""hsf_l"": 25.7682, ""sup"": 12, ""chi_bits0"": 6, ""mps_l0"": 27.3666, ""hsf_keff"": 9, ""hsf_l0"": 34.7682, ""sparse_l"": 19.7142, ""sv_l"": 19.7142, ""feat_secs"": 0.001506, ""feat_secs_frame"": 0.000235, ""feat_secs_hsf"": 0.001173}"
qaoa,"qaoa:n=16,p=1,deg=2,nn=0",1,"{""n"": 16.0, ""p"": 1.0, ""deg"": 2.0, ""nn"": 0.0}",planx,ok,0.000396,0.0046,2310144,0.0,0,0.0,0.0,engine=cstate aborted=[] plan_secs=0.000178,"{""n"": 16, ""gates"": 80, ""g2"": 32, ""g3"": 0, ""depth2"": 18, ""t_count"": 0, ""rotations"": 32, ""d"": 13, ""dense_l"": 17.2482, ""redundant"": 19, ""obs_zero"": true, ""frame_l"": 6.3219, ""chi_bits"": 8, ""mps_l"": 29.8873, ""hsf_k"": 4, ""hsf_na"": 7, ""hsf_nb"": 9, ""hsf_l"": 18.7004, ""sup"": 16, ""chi_bits0"": 8, ""mps_l0"": 29.8873, ""hsf_keff"": 2, ""hsf_l0"": 20.7004, ""sparse_l"": 22.3219, ""sv_l"": 22.3219, ""feat_secs"": 0.001778, ""feat_secs_frame"": 0.000132, ""feat_secs_hsf"": 0.001595}"
qaoa,"qaoa:n=16,p=1,deg=2,nn=0",1,"{""n"": 16.0, ""p"": 1.0, ""deg"": 2.0, ""nn"": 0.0}",planp,ok,0.000463,0.0064,2293760,0.0,0,0.0,0.0,engine=cstate aborted=[] plan_secs=0.000182,"{""n"": 16, ""gates"": 80, ""g2"": 32, ""g3"": 0, ""depth2"": 18, ""t_count"": 0, ""rotations"": 32, ""d"": 13, ""dense_l"": 17.2482, ""redundant"": 19, ""obs_zero"": true, ""frame_l"": 6.3219, ""chi_bits"": 8, ""mps_l"": 29.8873, ""hsf_k"": 4, ""hsf_na"": 7, ""hsf_nb"": 9, ""hsf_l"": 18.7004, ""sup"": 16, ""chi_bits0"": 8, ""mps_l0"": 29.8873, ""hsf_keff"": 2, ""hsf_l0"": 20.7004, ""sparse_l"": 22.3219, ""sv_l"": 22.3219, ""feat_secs"": 0.001778, ""feat_secs_frame"": 0.000132, ""feat_secs_hsf"": 0.001595}"
qaoa,"qaoa:n=16,p=1,deg=2,nn=0",1,"{""n"": 16.0, ""p"": 1.0, ""deg"": 2.0, ""nn"": 0.0}",plan,ok,0.00018,0.0066,2146304,0.0,0,0.0,0.0,engine=zero aborted=[] plan_secs=0.000174,"{""n"": 16, ""gates"": 80, ""g2"": 32, ""g3"": 0, ""depth2"": 18, ""t_count"": 0, ""rotations"": 32, ""d"": 13, ""dense_l"": 17.2482, ""redundant"": 19, ""obs_zero"": true, ""frame_l"": 6.3219, ""chi_bits"": 8, ""mps_l"": 29.8873, ""hsf_k"": 4, ""hsf_na"": 7, ""hsf_nb"": 9, ""hsf_l"": 18.7004, ""sup"": 16, ""chi_bits0"": 8, ""mps_l0"": 29.8873, ""hsf_keff"": 2, ""hsf_l0"": 20.7004, ""sparse_l"": 22.3219, ""sv_l"": 22.3219, ""feat_secs"": 0.001778, ""feat_secs_frame"": 0.000132, ""feat_secs_hsf"": 0.001595}"
qaoa,"qaoa:n=16,p=1,deg=3,nn=0",1,"{""n"": 16.0, ""p"": 1.0, ""deg"": 3.0, ""nn"": 0.0}",planx,ok,0.001842,0.0078,3194880,2.979865479759841e-06,0,2.979865479759841e-06,0.0,engine=cstate aborted=[] plan_secs=0.000540,"{""n"": 16, ""gates"": 104, ""g2"": 48, ""g3"": 0, ""depth2"": 24, ""t_count"": 0, ""rotations"": 40, ""d"": 15, ""dense_l"": 19.2815, ""redundant"": 25, ""obs_zero"": false, ""frame_l"": 17.8219, ""chi_bits"": 8, ""mps_l"": 31.555, ""hsf_k"": 6, ""hsf_na"": 4, ""hsf_nb"": 12, ""hsf_l"": 21.9069, ""sup"": 16, ""chi_bits0"": 8, ""mps_l0"": 31.555, ""hsf_keff"": 3, ""hsf_l0"": 24.9069, ""sparse_l"": 22.7004, ""sv_l"": 22.7004, ""feat_secs"": 0.002505, ""feat_secs_frame"": 0.000144, ""feat_secs_hsf"": 0.002298}"
qaoa,"qaoa:n=16,p=1,deg=3,nn=0",1,"{""n"": 16.0, ""p"": 1.0, ""deg"": 3.0, ""nn"": 0.0}",planp,ok,0.001917,0.0075,3194880,2.979865479759841e-06,0,2.979865479759841e-06,0.0,engine=cstate aborted=[] plan_secs=0.000589,"{""n"": 16, ""gates"": 104, ""g2"": 48, ""g3"": 0, ""depth2"": 24, ""t_count"": 0, ""rotations"": 40, ""d"": 15, ""dense_l"": 19.2815, ""redundant"": 25, ""obs_zero"": false, ""frame_l"": 17.8219, ""chi_bits"": 8, ""mps_l"": 31.555, ""hsf_k"": 6, ""hsf_na"": 4, ""hsf_nb"": 12, ""hsf_l"": 21.9069, ""sup"": 16, ""chi_bits0"": 8, ""mps_l0"": 31.555, ""hsf_keff"": 3, ""hsf_l0"": 24.9069, ""sparse_l"": 22.7004, ""sv_l"": 22.7004, ""feat_secs"": 0.002505, ""feat_secs_frame"": 0.000144, ""feat_secs_hsf"": 0.002298}"
qaoa,"qaoa:n=16,p=1,deg=3,nn=0",1,"{""n"": 16.0, ""p"": 1.0, ""deg"": 3.0, ""nn"": 0.0}",plan,ok,0.001719,0.0068,3162112,2.979865479759841e-06,0,2.979865479759841e-06,0.0,engine=cstate aborted=[] plan_secs=0.000601,"{""n"": 16, ""gates"": 104, ""g2"": 48, ""g3"": 0, ""depth2"": 24, ""t_count"": 0, ""rotations"": 40, ""d"": 15, ""dense_l"": 19.2815, ""redundant"": 25, ""obs_zero"": false, ""frame_l"": 17.8219, ""chi_bits"": 8, ""mps_l"": 31.555, ""hsf_k"": 6, ""hsf_na"": 4, ""hsf_nb"": 12, ""hsf_l"": 21.9069, ""sup"": 16, ""chi_bits0"": 8, ""mps_l0"": 31.555, ""hsf_keff"": 3, ""hsf_l0"": 24.9069, ""sparse_l"": 22.7004, ""sv_l"": 22.7004, ""feat_secs"": 0.002505, ""feat_secs_frame"": 0.000144, ""feat_secs_hsf"": 0.002298}"
qaoa,"qaoa:n=16,p=2,deg=2,nn=0",1,"{""n"": 16.0, ""p"": 2.0, ""deg"": 2.0, ""nn"": 0.0}",planx,ok,0.000775,0.0066,2375680,0.0,0,0.0,0.0,engine=cstate aborted=[] plan_secs=0.000265,"{""n"": 16, ""gates"": 144, ""g2"": 64, ""g3"": 0, ""depth2"": 30, ""t_count"": 0, ""rotations"": 64, ""d"": 13, ""dense_l"": 18.6725, ""redundant"": 51, ""obs_zero"": true, ""frame_l"": 7.1699, ""chi_bits"": 8, ""mps_l"": 31.99, ""hsf_k"": 8, ""hsf_na"": 7, ""hsf_nb"": 9, ""hsf_l"": 21.0875, ""sup"": 16, ""chi_bits0"": 8, ""mps_l0"": 31.99, ""hsf_keff"": 4, ""hsf_l0"": 25.0875, ""sparse_l"": 23.1699, ""sv_l"": 23.1699, ""feat_secs"": 0.001803, ""feat_secs_frame"": 0.00019, ""feat_secs_hsf"": 0.001536}"
qaoa,"qaoa:n=16,p=2,deg=2,nn=0",1,"{""n"": 16.0, ""p"": 2.0, ""deg"": 2.0, ""nn"": 0.0}",planp,ok,0.000786,0.0074,2375680,0.0,0,0.0,0.0,engine=cstate aborted=[] plan_secs=0.000273,"{""n"": 16, ""gates"": 144, ""g2"": 64, ""g3"": 0, ""depth2"": 30, ""t_count"": 0, ""rotations"": 64, ""d"": 13, ""dense_l"": 18.6725, ""redundant"": 51, ""obs_zero"": true, ""frame_l"": 7.1699, ""chi_bits"": 8, ""mps_l"": 31.99, ""hsf_k"": 8, ""hsf_na"": 7, ""hsf_nb"": 9, ""hsf_l"": 21.0875, ""sup"": 16, ""chi_bits0"": 8, ""mps_l0"": 31.99, ""hsf_keff"": 4, ""hsf_l0"": 25.0875, ""sparse_l"": 23.1699, ""sv_l"": 23.1699, ""feat_secs"": 0.001803, ""feat_secs_frame"": 0.00019, ""feat_secs_hsf"": 0.001536}"
qaoa,"qaoa:n=16,p=2,deg=2,nn=0",1,"{""n"": 16.0, ""p"": 2.0, ""deg"": 2.0, ""nn"": 0.0}",plan,ok,0.000358,0.0066,2195456,0.0,0,0.0,0.0,engine=zero aborted=[] plan_secs=0.000351,"{""n"": 16, ""gates"": 144, ""g2"": 64, ""g3"": 0, ""depth2"": 30, ""t_count"": 0, ""rotations"": 64, ""d"": 13, ""dense_l"": 18.6725, ""redundant"": 51, ""obs_zero"": true, ""frame_l"": 7.1699, ""chi_bits"": 8, ""mps_l"": 31.99, ""hsf_k"": 8, ""hsf_na"": 7, ""hsf_nb"": 9, ""hsf_l"": 21.0875, ""sup"": 16, ""chi_bits0"": 8, ""mps_l0"": 31.99, ""hsf_keff"": 4, ""hsf_l0"": 25.0875, ""sparse_l"": 23.1699, ""sv_l"": 23.1699, ""feat_secs"": 0.001803, ""feat_secs_frame"": 0.00019, ""feat_secs_hsf"": 0.001536}"
qaoa,"qaoa:n=16,p=2,deg=3,nn=0",1,"{""n"": 16.0, ""p"": 2.0, ""deg"": 3.0, ""nn"": 0.0}",planx,ok,0.005314,0.0108,3981312,-0.0009095676394236544,0,-0.0009095676394236544,0.0,engine=cstate aborted=[] plan_secs=0.001058,"{""n"": 16, ""gates"": 192, ""g2"": 96, ""g3"": 0, ""depth2"": 38, ""t_count"": 0, ""rotations"": 80, ""d"": 15, ""dense_l"": 20.8935, ""redundant"": 65, ""obs_zero"": false, ""frame_l"": 36.3219, ""chi_bits"": 8, ""mps_l"": 32.9999, ""hsf_k"": 12, ""hsf_na"": 4, ""hsf_nb"": 12, ""hsf_l"": 25.7004, ""sup"": 16, ""chi_bits0"": 8, ""mps_l0"": 32.9999, ""hsf_keff"": 6, ""hsf_l0"": 31.7004, ""sparse_l"": 23.585, ""sv_l"": 23.585, ""feat_secs"": 0.002612, ""feat_secs_frame"": 0.000224, ""feat_secs_hsf"": 0.002298}"
qaoa,"qaoa:n=16,p=2,deg=3,nn=0",1,"{""n"": 16.0, ""p"": 2.0, ""deg"": 3.0, ""nn"": 0.0}",planp,ok,0.005263,0.0108,3981312,-0.0009095676394236544,0,-0.0009095676394236544,0.0,engine=cstate aborted=[] plan_secs=0.001118,"{""n"": 16, ""gates"": 192, ""g2"": 96, ""g3"": 0, ""depth2"": 38, ""t_count"": 0, ""rotations"": 80, ""d"": 15, ""dense_l"": 20.8935, ""redundant"": 65, ""obs_zero"": false, ""frame_l"": 36.3219, ""chi_bits"": 8, ""mps_l"": 32.9999, ""hsf_k"": 12, ""hsf_na"": 4, ""hsf_nb"": 12, ""hsf_l"": 25.7004, ""sup"": 16, ""chi_bits0"": 8, ""mps_l0"": 32.9999, ""hsf_keff"": 6, ""hsf_l0"": 31.7004, ""sparse_l"": 23.585, ""sv_l"": 23.585, ""feat_secs"": 0.002612, ""feat_secs_frame"": 0.000224, ""feat_secs_hsf"": 0.002298}"
qaoa,"qaoa:n=16,p=2,deg=3,nn=0",1,"{""n"": 16.0, ""p"": 2.0, ""deg"": 3.0, ""nn"": 0.0}",plan,ok,0.005015,0.0100,3964928,-0.0009095676394236544,0,-0.0009095676394236544,0.0,engine=cstate aborted=[] plan_secs=0.001053,"{""n"": 16, ""gates"": 192, ""g2"": 96, ""g3"": 0, ""depth2"": 38, ""t_count"": 0, ""rotations"": 80, ""d"": 15, ""dense_l"": 20.8935, ""redundant"": 65, ""obs_zero"": false, ""frame_l"": 36.3219, ""chi_bits"": 8, ""mps_l"": 32.9999, ""hsf_k"": 12, ""hsf_na"": 4, ""hsf_nb"": 12, ""hsf_l"": 25.7004, ""sup"": 16, ""chi_bits0"": 8, ""mps_l0"": 32.9999, ""hsf_keff"": 6, ""hsf_l0"": 31.7004, ""sparse_l"": 23.585, ""sv_l"": 23.585, ""feat_secs"": 0.002612, ""feat_secs_frame"": 0.000224, ""feat_secs_hsf"": 0.002298}"
qaoa,"qaoa:n=16,p=3,deg=2,nn=0",1,"{""n"": 16.0, ""p"": 3.0, ""deg"": 2.0, ""nn"": 0.0}",planx,ok,0.001829,0.0071,2473984,0.0,0,0.0,0.0,engine=cstate aborted=[] plan_secs=0.001017,"{""n"": 16, ""gates"": 208, ""g2"": 96, ""g3"": 0, ""depth2"": 42, ""t_count"": 0, ""rotations"": 96, ""d"": 13, ""dense_l"": 19.3751, ""redundant"": 83, ""obs_zero"": true, ""frame_l"": 7.7004, ""chi_bits"": 8, ""mps_l"": 32.8114, ""hsf_k"": 12, ""hsf_na"": 7, ""hsf_nb"": 9, ""hsf_l"": 23.3923, ""sup"": 16, ""chi_bits0"": 8, ""mps_l0"": 32.8114, ""hsf_keff"": 6, ""hsf_l0"": 29.3923, ""sparse_l"": 23.7004, ""sv_l"": 23.7004, ""feat_secs"": 0.001902, ""feat_secs_frame"": 0.000265, ""feat_secs_hsf"": 0.001537}"
qaoa,"qaoa:n=16,p=3,deg=2,nn=0",1,"{""n"": 16.0, ""p"": 3.0, ""deg"": 2.0, ""nn"": 0.0}",planp,ok,0.001831,0.0074,2473984,0.0,0,0.0,0.0,engine=cstate aborted=[] plan_secs=0.001021,"{""n"": 16, ""gates"": 208, ""g2"": 96, ""g3"": 0, ""depth2"": 42, ""t_count"": 0, ""rotations"": 96, ""d"": 13, ""dense_l"": 19.3751, ""redundant"": 83, ""obs_zero"": true, ""frame_l"": 7.7004, ""chi_bits"": 8, ""mps_l"": 32.8114, ""hsf_k"": 12, ""hsf_na"": 7, ""hsf_nb"": 9, ""hsf_l"": 23.3923, ""sup"": 16, ""chi_bits0"": 8, ""mps_l0"": 32.8114, ""hsf_keff"": 6, ""hsf_l0"": 29.3923, ""sparse_l"": 23.7004, ""sv_l"": 23.7004, ""feat_secs"": 0.001902, ""feat_secs_frame"": 0.000265, ""feat_secs_hsf"": 0.001537}"
qaoa,"qaoa:n=16,p=3,deg=2,nn=0",1,"{""n"": 16.0, ""p"": 3.0, ""deg"": 2.0, ""nn"": 0.0}",plan,ok,0.001038,0.0066,2342912,0.0,0,0.0,0.0,engine=zero aborted=[] plan_secs=0.001031,"{""n"": 16, ""gates"": 208, ""g2"": 96, ""g3"": 0, ""depth2"": 42, ""t_count"": 0, ""rotations"": 96, ""d"": 13, ""dense_l"": 19.3751, ""redundant"": 83, ""obs_zero"": true, ""frame_l"": 7.7004, ""chi_bits"": 8, ""mps_l"": 32.8114, ""hsf_k"": 12, ""hsf_na"": 7, ""hsf_nb"": 9, ""hsf_l"": 23.3923, ""sup"": 16, ""chi_bits0"": 8, ""mps_l0"": 32.8114, ""hsf_keff"": 6, ""hsf_l0"": 29.3923, ""sparse_l"": 23.7004, ""sv_l"": 23.7004, ""feat_secs"": 0.001902, ""feat_secs_frame"": 0.000265, ""feat_secs_hsf"": 0.001537}"
qaoa,"qaoa:n=16,p=3,deg=3,nn=0",1,"{""n"": 16.0, ""p"": 3.0, ""deg"": 3.0, ""nn"": 0.0}",planx,ok,0.011872,0.0184,4194304,-0.001449746452809407,0,-0.001449746452809407,0.0,engine=cstate aborted=[] plan_secs=0.004139,"{""n"": 16, ""gates"": 280, ""g2"": 144, ""g3"": 0, ""depth2"": 52, ""t_count"": 0, ""rotations"": 120, ""d"": 15, ""dense_l"": 21.6359, ""redundant"": 105, ""obs_zero"": false, ""frame_l"": 36.9069, ""chi_bits"": 8, ""mps_l"": 33.7071, ""hsf_k"": 18, ""hsf_na"": 4, ""hsf_nb"": 12, ""hsf_l"": 29.2095, ""sup"": 16, ""chi_bits0"": 8, ""mps_l0"": 33.7071, ""hsf_keff"": 9, ""hsf_l0"": 38.2095, ""sparse_l"": 24.1293, ""sv_l"": 24.1293, ""feat_secs"": 0.002771, ""feat_secs_frame"": 0.000303, ""feat_secs_hsf"": 0.002331}"
qaoa,"qaoa:n=16,p=3,deg=3,nn=0",1,"{""n"": 16.0, ""p"": 3.0, ""deg"": 3.0, ""nn"": 0.0}",planp,ok,0.011001,0.0164,4161536,-0.001449746452809407,0,-0.001449746452809407,0.0,engine=cstate aborted=[] plan_secs=0.003917,"{""n"": 16, ""gates"": 280, ""g2"": 144, ""g3"": 0, ""depth2"": 52, ""t_count"": 0, ""rotations"": 120, ""d"": 15, ""dense_l"": 21.6359, ""redundant"": 105, ""obs_zero"": false, ""frame_l"": 36.9069, ""chi_bits"": 8, ""mps_l"": 33.7071, ""hsf_k"": 18, ""hsf_na"": 4, ""hsf_nb"": 12, ""hsf_l"": 29.2095, ""sup"": 16, ""chi_bits0"": 8, ""mps_l0"": 33.7071, ""hsf_keff"": 9, ""hsf_l0"": 38.2095, ""sparse_l"": 24.1293, ""sv_l"": 24.1293, ""feat_secs"": 0.002771, ""feat_secs_frame"": 0.000303, ""feat_secs_hsf"": 0.002331}"
qaoa,"qaoa:n=16,p=3,deg=3,nn=0",1,"{""n"": 16.0, ""p"": 3.0, ""deg"": 3.0, ""nn"": 0.0}",plan,ok,0.010993,0.0167,4177920,-0.001449746452809407,0,-0.001449746452809407,0.0,engine=cstate aborted=[] plan_secs=0.003872,"{""n"": 16, ""gates"": 280, ""g2"": 144, ""g3"": 0, ""depth2"": 52, ""t_count"": 0, ""rotations"": 120, ""d"": 15, ""dense_l"": 21.6359, ""redundant"": 105, ""obs_zero"": false, ""frame_l"": 36.9069, ""chi_bits"": 8, ""mps_l"": 33.7071, ""hsf_k"": 18, ""hsf_na"": 4, ""hsf_nb"": 12, ""hsf_l"": 29.2095, ""sup"": 16, ""chi_bits0"": 8, ""mps_l0"": 33.7071, ""hsf_keff"": 9, ""hsf_l0"": 38.2095, ""sparse_l"": 24.1293, ""sv_l"": 24.1293, ""feat_secs"": 0.002771, ""feat_secs_frame"": 0.000303, ""feat_secs_hsf"": 0.002331}"
qaoa,"qaoa:n=20,p=1,deg=2,nn=0",1,"{""n"": 20.0, ""p"": 1.0, ""deg"": 2.0, ""nn"": 0.0}",planx,ok,0.008443,0.0153,4915200,0.0,0,0.0,0.0,engine=cstate aborted=[] plan_secs=0.003717,"{""n"": 20, ""gates"": 100, ""g2"": 40, ""g3"": 0, ""depth2"": 14, ""t_count"": 0, ""rotations"": 40, ""d"": 17, ""dense_l"": 21.5237, ""redundant"": 23, ""obs_zero"": true, ""frame_l"": 6.6439, ""chi_bits"": 10, ""mps_l"": 36.6878, ""hsf_k"": 4, ""hsf_na"": 8, ""hsf_nb"": 12, ""hsf_l"": 22.4757, ""sup"": 20, ""chi_bits0"": 10, ""mps_l0"": 36.6878, ""hsf_keff"": 2, ""hsf_l0"": 24.4757, ""sparse_l"": 26.6439, ""sv_l"": 26.6439, ""feat_secs"": 0.003392, ""feat_secs_frame"": 0.000154, ""feat_secs_hsf"": 0.003167}"
qaoa,"qaoa:n=20,p=1,deg=2,nn=0",1,"{""n"": 20.0, ""p"": 1.0, ""deg"": 2.0, ""nn"": 0.0}",planp,ok,0.007984,0.0126,4915200,0.0,0,0.0,0.0,engine=cstate aborted=[] plan_secs=0.003785,"{""n"": 20, ""gates"": 100, ""g2"": 40, ""g3"": 0, ""depth2"": 14, ""t_count"": 0, ""rotations"": 40, ""d"": 17, ""dense_l"": 21.5237, ""redundant"": 23, ""obs_zero"": true, ""frame_l"": 6.6439, ""chi_bits"": 10, ""mps_l"": 36.6878, ""hsf_k"": 4, ""hsf_na"": 8, ""hsf_nb"": 12, ""hsf_l"": 22.4757, ""sup"": 20, ""chi_bits0"": 10, ""mps_l0"": 36.6878, ""hsf_keff"": 2, ""hsf_l0"": 24.4757, ""sparse_l"": 26.6439, ""sv_l"": 26.6439, ""feat_secs"": 0.003392, ""feat_secs_frame"": 0.000154, ""feat_secs_hsf"": 0.003167}"
qaoa,"qaoa:n=20,p=1,deg=2,nn=0",1,"{""n"": 20.0, ""p"": 1.0, ""deg"": 2.0, ""nn"": 0.0}",plan,ok,0.003686,0.0096,2441216,0.0,0,0.0,0.0,engine=zero aborted=[] plan_secs=0.003679,"{""n"": 20, ""gates"": 100, ""g2"": 40, ""g3"": 0, ""depth2"": 14, ""t_count"": 0, ""rotations"": 40, ""d"": 17, ""dense_l"": 21.5237, ""redundant"": 23, ""obs_zero"": true, ""frame_l"": 6.6439, ""chi_bits"": 10, ""mps_l"": 36.6878, ""hsf_k"": 4, ""hsf_na"": 8, ""hsf_nb"": 12, ""hsf_l"": 22.4757, ""sup"": 20, ""chi_bits0"": 10, ""mps_l0"": 36.6878, ""hsf_keff"": 2, ""hsf_l0"": 24.4757, ""sparse_l"": 26.6439, ""sv_l"": 26.6439, ""feat_secs"": 0.003392, ""feat_secs_frame"": 0.000154, ""feat_secs_hsf"": 0.003167}"
qaoa,"qaoa:n=20,p=1,deg=3,nn=0",1,"{""n"": 20.0, ""p"": 1.0, ""deg"": 3.0, ""nn"": 0.0}",planx,ok,0.02458,0.0309,11304960,0.0006647013187474013,0,0.0006647013187474013,0.0,engine=cstate aborted=[] plan_secs=0.005874,"{""n"": 20, ""gates"": 130, ""g2"": 60, ""g3"": 0, ""depth2"": 24, ""t_count"": 0, ""rotations"": 50, ""d"": 19, ""dense_l"": 23.6079, ""redundant"": 31, ""obs_zero"": false, ""frame_l"": 21.1439, ""chi_bits"": 10, ""mps_l"": 37.8361, ""hsf_k"": 8, ""hsf_na"": 6, ""hsf_nb"": 14, ""hsf_l"": 25.5999, ""sup"": 20, ""chi_bits0"": 10, ""mps_l0"": 37.8361, ""hsf_keff"": 4, ""hsf_l0"": 29.5999, ""sparse_l"": 27.0224, ""sv_l"": 27.0224, ""feat_secs"": 0.004722, ""feat_secs_frame"": 0.000176, ""feat_secs_hsf"": 0.004463}"
qaoa,"qaoa:n=20,p=1,deg=3,nn=0",1,"{""n"": 20.0, ""p"": 1.0, ""deg"": 3.0, ""nn"": 0.0}",planp,ok,0.028476,0.0341,12812288,0.0006647013187474013,0,0.0006647013187474013,0.0,engine=cstate aborted=[] plan_secs=0.010583,"{""n"": 20, ""gates"": 130, ""g2"": 60, ""g3"": 0, ""depth2"": 24, ""t_count"": 0, ""rotations"": 50, ""d"": 19, ""dense_l"": 23.6079, ""redundant"": 31, ""obs_zero"": false, ""frame_l"": 21.1439, ""chi_bits"": 10, ""mps_l"": 37.8361, ""hsf_k"": 8, ""hsf_na"": 6, ""hsf_nb"": 14, ""hsf_l"": 25.5999, ""sup"": 20, ""chi_bits0"": 10, ""mps_l0"": 37.8361, ""hsf_keff"": 4, ""hsf_l0"": 29.5999, ""sparse_l"": 27.0224, ""sv_l"": 27.0224, ""feat_secs"": 0.004722, ""feat_secs_frame"": 0.000176, ""feat_secs_hsf"": 0.004463}"
qaoa,"qaoa:n=20,p=1,deg=3,nn=0",1,"{""n"": 20.0, ""p"": 1.0, ""deg"": 3.0, ""nn"": 0.0}",plan,ok,0.023192,0.0302,11288576,0.0006647013187474013,0,0.0006647013187474013,0.0,engine=cstate aborted=[] plan_secs=0.005249,"{""n"": 20, ""gates"": 130, ""g2"": 60, ""g3"": 0, ""depth2"": 24, ""t_count"": 0, ""rotations"": 50, ""d"": 19, ""dense_l"": 23.6079, ""redundant"": 31, ""obs_zero"": false, ""frame_l"": 21.1439, ""chi_bits"": 10, ""mps_l"": 37.8361, ""hsf_k"": 8, ""hsf_na"": 6, ""hsf_nb"": 14, ""hsf_l"": 25.5999, ""sup"": 20, ""chi_bits0"": 10, ""mps_l0"": 37.8361, ""hsf_keff"": 4, ""hsf_l0"": 29.5999, ""sparse_l"": 27.0224, ""sv_l"": 27.0224, ""feat_secs"": 0.004722, ""feat_secs_frame"": 0.000176, ""feat_secs_hsf"": 0.004463}"
qaoa,"qaoa:n=20,p=2,deg=2,nn=0",1,"{""n"": 20.0, ""p"": 2.0, ""deg"": 2.0, ""nn"": 0.0}",planx,ok,0.019055,0.0249,7602176,0.0,0,0.0,0.0,engine=cstate aborted=[] plan_secs=0.004288,"{""n"": 20, ""gates"": 180, ""g2"": 80, ""g3"": 0, ""depth2"": 22, ""t_count"": 0, ""rotations"": 80, ""d"": 17, ""dense_l"": 22.9773, ""redundant"": 63, ""obs_zero"": true, ""frame_l"": 7.4919, ""chi_bits"": 10, ""mps_l"": 38.5818, ""hsf_k"": 8, ""hsf_na"": 8, ""hsf_nb"": 12, ""hsf_l"": 24.7682, ""sup"": 20, ""chi_bits0"": 10, ""mps_l0"": 38.5818, ""hsf_keff"": 4, ""hsf_l0"": 28.7682, ""sparse_l"": 27.4919, ""sv_l"": 27.4919, ""feat_secs"": 0.004118, ""feat_secs_frame"": 0.000238, ""feat_secs_hsf"": 0.003784}"
qaoa,"qaoa:n=20,p=2,deg=2,nn=0",1,"{""n"": 20.0, ""p"": 2.0, ""deg"": 2.0, ""nn"": 0.0}",planp,ok,0.023198,0.0293,8732672,0.0,0,0.0,0.0,engine=cstate aborted=[] plan_secs=0.007927,"{""n"": 20, ""gates"": 180, ""g2"": 80, ""g3"": 0, ""depth2"": 22, ""t_count"": 0, ""rotations"": 80, ""d"": 17, ""dense_l"": 22.9773, ""redundant"": 63, ""obs_zero"": true, ""frame_l"": 7.4919, ""chi_bits"": 10, ""mps_l"": 38.5818, ""hsf_k"": 8, ""hsf_na"": 8, ""hsf_nb"": 12, ""hsf_l"": 24.7682, ""sup"": 20, ""chi_bits0"": 10, ""mps_l0"": 38.5818, ""hsf_keff"": 4, ""hsf_l0"": 28.7682, ""sparse_l"": 27.4919, ""sv_l"": 27.4919, ""feat_secs"": 0.004118, ""feat_secs_frame"": 0.000238, ""feat_secs_hsf"": 0.003784}"
qaoa,"qaoa:n=20,p=2,deg=2,nn=0",1,"{""n"": 20.0, ""p"": 2.0, ""deg"": 2.0, ""nn"": 0.0}",plan,ok,0.004611,0.0102,2539520,0.0,0,0.0,0.0,engine=zero aborted=[] plan_secs=0.004604,"{""n"": 20, ""gates"": 180, ""g2"": 80, ""g3"": 0, ""depth2"": 22, ""t_count"": 0, ""rotations"": 80, ""d"": 17, ""dense_l"": 22.9773, ""redundant"": 63, ""obs_zero"": true, ""frame_l"": 7.4919, ""chi_bits"": 10, ""mps_l"": 38.5818, ""hsf_k"": 8, ""hsf_na"": 8, ""hsf_nb"": 12, ""hsf_l"": 24.7682, ""sup"": 20, ""chi_bits0"": 10, ""mps_l0"": 38.5818, ""hsf_keff"": 4, ""hsf_l0"": 28.7682, ""sparse_l"": 27.4919, ""sv_l"": 27.4919, ""feat_secs"": 0.004118, ""feat_secs_frame"": 0.000238, ""feat_secs_hsf"": 0.003784}"
qaoa,"qaoa:n=20,p=2,deg=3,nn=0",1,"{""n"": 20.0, ""p"": 2.0, ""deg"": 3.0, ""nn"": 0.0}",planx,ok,0.076958,0.0820,21839872,0.001319306773661775,0,0.001319306773661775,0.0,engine=cstate aborted=[] plan_secs=0.006090,"{""n"": 20, ""gates"": 240, ""g2"": 120, ""g3"": 0, ""depth2"": 38, ""t_count"": 0, ""rotations"": 100, ""d"": 19, ""dense_l"": 25.2169, ""redundant"": 81, ""obs_zero"": false, ""frame_l"": 44.6439, ""chi_bits"": 10, ""mps_l"": 39.3084, ""hsf_k"": 16, ""hsf_na"": 6, ""hsf_nb"": 14, ""hsf_l"": 30.2479, ""sup"": 20, ""chi_bits0"": 10, ""mps_l0"": 39.3084, ""hsf_keff"": 8, ""hsf_l0"": 38.2479, ""sparse_l"": 27.9069, ""sv_l"": 27.9069, ""feat_secs"": 0.004859, ""feat_secs_frame"": 0.000283, ""feat_secs_hsf"": 0.004466}"
qaoa,"qaoa:n=20,p=2,deg=3,nn=0",1,"{""n"": 20.0, ""p"": 2.0, ""deg"": 3.0, ""nn"": 0.0}",planp,ok,0.092526,0.0973,23412736,0.001319306773661775,0,0.001319306773661775,0.0,engine=cstate aborted=[] plan_secs=0.022091,"{""n"": 20, ""gates"": 240, ""g2"": 120, ""g3"": 0, ""depth2"": 38, ""t_count"": 0, ""rotations"": 100, ""d"": 19, ""dense_l"": 25.2169, ""redundant"": 81, ""obs_zero"": false, ""frame_l"": 44.6439, ""chi_bits"": 10, ""mps_l"": 39.3084, ""hsf_k"": 16, ""hsf_na"": 6, ""hsf_nb"": 14, ""hsf_l"": 30.2479, ""sup"": 20, ""chi_bits0"": 10, ""mps_l0"": 39.3084, ""hsf_keff"": 8, ""hsf_l0"": 38.2479, ""sparse_l"": 27.9069, ""sv_l"": 27.9069, ""feat_secs"": 0.004859, ""feat_secs_frame"": 0.000283, ""feat_secs_hsf"": 0.004466}"
qaoa,"qaoa:n=20,p=2,deg=3,nn=0",1,"{""n"": 20.0, ""p"": 2.0, ""deg"": 3.0, ""nn"": 0.0}",plan,ok,0.078212,0.0838,21807104,0.001319306773661775,0,0.001319306773661775,0.0,engine=cstate aborted=[] plan_secs=0.006103,"{""n"": 20, ""gates"": 240, ""g2"": 120, ""g3"": 0, ""depth2"": 38, ""t_count"": 0, ""rotations"": 100, ""d"": 19, ""dense_l"": 25.2169, ""redundant"": 81, ""obs_zero"": false, ""frame_l"": 44.6439, ""chi_bits"": 10, ""mps_l"": 39.3084, ""hsf_k"": 16, ""hsf_na"": 6, ""hsf_nb"": 14, ""hsf_l"": 30.2479, ""sup"": 20, ""chi_bits0"": 10, ""mps_l0"": 39.3084, ""hsf_keff"": 8, ""hsf_l0"": 38.2479, ""sparse_l"": 27.9069, ""sv_l"": 27.9069, ""feat_secs"": 0.004859, ""feat_secs_frame"": 0.000283, ""feat_secs_hsf"": 0.004466}"
qaoa,"qaoa:n=20,p=3,deg=2,nn=0",1,"{""n"": 20.0, ""p"": 3.0, ""deg"": 2.0, ""nn"": 0.0}",planx,ok,0.030444,0.0371,8994816,0.0,0,0.0,0.0,engine=cstate aborted=[] plan_secs=0.004873,"{""n"": 20, ""gates"": 260, ""g2"": 120, ""g3"": 0, ""depth2"": 30, ""t_count"": 0, ""rotations"": 120, ""d"": 17, ""dense_l"": 23.6865, ""redundant"": 103, ""obs_zero"": true, ""frame_l"": 8.0224, ""chi_bits"": 10, ""mps_l"": 39.3734, ""hsf_k"": 12, ""hsf_na"": 8, ""hsf_nb"": 12, ""hsf_l"": 27.0112, ""sup"": 20, ""chi_bits0"": 10, ""mps_l0"": 39.3734, ""hsf_keff"": 6, ""hsf_l0"": 33.0112, ""sparse_l"": 28.0224, ""sv_l"": 28.0224, ""feat_secs"": 0.003614, ""feat_secs_frame"": 0.000329, ""feat_secs_hsf"": 0.003154}"
qaoa,"qaoa:n=20,p=3,deg=2,nn=0",1,"{""n"": 20.0, ""p"": 3.0, ""deg"": 2.0, ""nn"": 0.0}",planp,ok,0.038225,0.0426,10190848,0.0,0,0.0,0.0,engine=cstate aborted=[] plan_secs=0.010521,"{""n"": 20, ""gates"": 260, ""g2"": 120, ""g3"": 0, ""depth2"": 30, ""t_count"": 0, ""rotations"": 120, ""d"": 17, ""dense_l"": 23.6865, ""redundant"": 103, ""obs_zero"": true, ""frame_l"": 8.0224, ""chi_bits"": 10, ""mps_l"": 39.3734, ""hsf_k"": 12, ""hsf_na"": 8, ""hsf_nb"": 12, ""hsf_l"": 27.0112, ""sup"": 20, ""chi_bits0"": 10, ""mps_l0"": 39.3734, ""hsf_keff"": 6, ""hsf_l0"": 33.0112, ""sparse_l"": 28.0224, ""sv_l"": 28.0224, ""feat_secs"": 0.003614, ""feat_secs_frame"": 0.000329, ""feat_secs_hsf"": 0.003154}"
qaoa,"qaoa:n=20,p=3,deg=2,nn=0",1,"{""n"": 20.0, ""p"": 3.0, ""deg"": 2.0, ""nn"": 0.0}",plan,ok,0.005096,0.0104,2555904,0.0,0,0.0,0.0,engine=zero aborted=[] plan_secs=0.005089,"{""n"": 20, ""gates"": 260, ""g2"": 120, ""g3"": 0, ""depth2"": 30, ""t_count"": 0, ""rotations"": 120, ""d"": 17, ""dense_l"": 23.6865, ""redundant"": 103, ""obs_zero"": true, ""frame_l"": 8.0224, ""chi_bits"": 10, ""mps_l"": 39.3734, ""hsf_k"": 12, ""hsf_na"": 8, ""hsf_nb"": 12, ""hsf_l"": 27.0112, ""sup"": 20, ""chi_bits0"": 10, ""mps_l0"": 39.3734, ""hsf_keff"": 6, ""hsf_l0"": 33.0112, ""sparse_l"": 28.0224, ""sv_l"": 28.0224, ""feat_secs"": 0.003614, ""feat_secs_frame"": 0.000329, ""feat_secs_hsf"": 0.003154}"
qaoa,"qaoa:n=20,p=3,deg=3,nn=0",1,"{""n"": 20.0, ""p"": 3.0, ""deg"": 3.0, ""nn"": 0.0}",planx,ok,0.131376,0.1363,23363584,-0.001259404529334764,0,-0.001259404529334764,0.0,engine=cstate aborted=[] plan_secs=0.007123,"{""n"": 20, ""gates"": 350, ""g2"": 180, ""g3"": 0, ""depth2"": 52, ""t_count"": 0, ""rotations"": 150, ""d"": 19, ""dense_l"": 25.9587, ""redundant"": 131, ""obs_zero"": false, ""frame_l"": 45.2288, ""chi_bits"": 10, ""mps_l"": 40.0217, ""hsf_k"": 24, ""hsf_na"": 6, ""hsf_nb"": 14, ""hsf_l"": 34.6935, ""sup"": 20, ""chi_bits0"": 10, ""mps_l0"": 40.0217, ""hsf_keff"": 12, ""hsf_l0"": 46.6935, ""sparse_l"": 28.4512, ""sv_l"": 28.4512, ""feat_secs"": 0.005058, ""feat_secs_frame"": 0.00038, ""feat_secs_hsf"": 0.004525}"
qaoa,"qaoa:n=20,p=3,deg=3,nn=0",1,"{""n"": 20.0, ""p"": 3.0, ""deg"": 3.0, ""nn"": 0.0}",planp,ok,0.15407,0.1603,25001984,-0.001259404529334764,0,-0.001259404529334764,0.0,engine=cstate aborted=[] plan_secs=0.032795,"{""n"": 20, ""gates"": 350, ""g2"": 180, ""g3"": 0, ""depth2"": 52, ""t_count"": 0, ""rotations"": 150, ""d"": 19, ""dense_l"": 25.9587, ""redundant"": 131, ""obs_zero"": false, ""frame_l"": 45.2288, ""chi_bits"": 10, ""mps_l"": 40.0217, ""hsf_k"": 24, ""hsf_na"": 6, ""hsf_nb"": 14, ""hsf_l"": 34.6935, ""sup"": 20, ""chi_bits0"": 10, ""mps_l0"": 40.0217, ""hsf_keff"": 12, ""hsf_l0"": 46.6935, ""sparse_l"": 28.4512, ""sv_l"": 28.4512, ""feat_secs"": 0.005058, ""feat_secs_frame"": 0.00038, ""feat_secs_hsf"": 0.004525}"
qaoa,"qaoa:n=20,p=3,deg=3,nn=0",1,"{""n"": 20.0, ""p"": 3.0, ""deg"": 3.0, ""nn"": 0.0}",plan,ok,0.130226,0.1374,23363584,-0.001259404529334764,0,-0.001259404529334764,0.0,engine=cstate aborted=[] plan_secs=0.007400,"{""n"": 20, ""gates"": 350, ""g2"": 180, ""g3"": 0, ""depth2"": 52, ""t_count"": 0, ""rotations"": 150, ""d"": 19, ""dense_l"": 25.9587, ""redundant"": 131, ""obs_zero"": false, ""frame_l"": 45.2288, ""chi_bits"": 10, ""mps_l"": 40.0217, ""hsf_k"": 24, ""hsf_na"": 6, ""hsf_nb"": 14, ""hsf_l"": 34.6935, ""sup"": 20, ""chi_bits0"": 10, ""mps_l0"": 40.0217, ""hsf_keff"": 12, ""hsf_l0"": 46.6935, ""sparse_l"": 28.4512, ""sv_l"": 28.4512, ""feat_secs"": 0.005058, ""feat_secs_frame"": 0.00038, ""feat_secs_hsf"": 0.004525}"
qaoa,"qaoa:n=24,p=1,deg=2,nn=0",1,"{""n"": 24.0, ""p"": 1.0, ""deg"": 2.0, ""nn"": 0.0}",planx,ok,0.111276,0.1174,26050560,0.0,0,0.0,0.0,"engine=cstate aborted=[""mps""] plan_secs=0.006365","{""n"": 24, ""gates"": 120, ""g2"": 48, ""g3"": 0, ""depth2"": 18, ""t_count"": 0, ""rotations"": 48, ""d"": 20, ""dense_l"": 24.8094, ""redundant"": 28, ""obs_zero"": true, ""frame_l"": 6.9069, ""chi_bits"": 12, ""mps_l"": 42.7693, ""hsf_k"": 6, ""hsf_na"": 12, ""hsf_nb"": 12, ""hsf_l"": 27.0417, ""sup"": 24, ""chi_bits0"": 12, ""mps_l0"": 42.7693, ""hsf_keff"": 3, ""hsf_l0"": 30.0417, ""sparse_l"": 30.9069, ""sv_l"": 30.9069, ""feat_secs"": 0.006395, ""feat_secs_frame"": 0.000245, ""feat_secs_hsf"": 0.006078}"
qaoa,"qaoa:n=24,p=1,deg=2,nn=0",1,"{""n"": 24.0, ""p"": 1.0, ""deg"": 2.0, ""nn"": 0.0}",planp,ok,0.116763,0.1232,26066944,0.0,0,0.0,0.0,"engine=cstate aborted=[""mps""] plan_secs=0.006529","{""n"": 24, ""gates"": 120, ""g2"": 48, ""g3"": 0, ""depth2"": 18, ""t_count"": 0, ""rotations"": 48, ""d"": 20, ""dense_l"": 24.8094, ""redundant"": 28, ""obs_zero"": true, ""frame_l"": 6.9069, ""chi_bits"": 12, ""mps_l"": 42.7693, ""hsf_k"": 6, ""hsf_na"": 12, ""hsf_nb"": 12, ""hsf_l"": 27.0417, ""sup"": 24, ""chi_bits0"": 12, ""mps_l0"": 42.7693, ""hsf_keff"": 3, ""hsf_l0"": 30.0417, ""sparse_l"": 30.9069, ""sv_l"": 30.9069, ""feat_secs"": 0.006395, ""feat_secs_frame"": 0.000245, ""feat_secs_hsf"": 0.006078}"
qaoa,"qaoa:n=24,p=1,deg=2,nn=0",1,"{""n"": 24.0, ""p"": 1.0, ""deg"": 2.0, ""nn"": 0.0}",plan,ok,0.006468,0.0137,2490368,0.0,0,0.0,0.0,engine=zero aborted=[] plan_secs=0.006459,"{""n"": 24, ""gates"": 120, ""g2"": 48, ""g3"": 0, ""depth2"": 18, ""t_count"": 0, ""rotations"": 48, ""d"": 20, ""dense_l"": 24.8094, ""redundant"": 28, ""obs_zero"": true, ""frame_l"": 6.9069, ""chi_bits"": 12, ""mps_l"": 42.7693, ""hsf_k"": 6, ""hsf_na"": 12, ""hsf_nb"": 12, ""hsf_l"": 27.0417, ""sup"": 24, ""chi_bits0"": 12, ""mps_l0"": 42.7693, ""hsf_keff"": 3, ""hsf_l0"": 30.0417, ""sparse_l"": 30.9069, ""sv_l"": 30.9069, ""feat_secs"": 0.006395, ""feat_secs_frame"": 0.000245, ""feat_secs_hsf"": 0.006078}"
qaoa,"qaoa:n=24,p=1,deg=3,nn=0",1,"{""n"": 24.0, ""p"": 1.0, ""deg"": 3.0, ""nn"": 0.0}",planx,ok,0.459366,0.4644,84951040,0.0,0,0.0,0.0,"engine=cstate aborted=[""mps""] plan_secs=0.009405","{""n"": 24, ""gates"": 156, ""g2"": 72, ""g3"": 0, ""depth2"": 26, ""t_count"": 0, ""rotations"": 60, ""d"": 22, ""dense_l"": 26.8284, ""redundant"": 38, ""obs_zero"": true, ""frame_l"": 7.2854, ""chi_bits"": 12, ""mps_l"": 44.1328, ""hsf_k"": 10, ""hsf_na"": 8, ""hsf_nb"": 16, ""hsf_l"": 29.6865, ""sup"": 24, ""chi_bits0"": 12, ""mps_l0"": 44.1328, ""hsf_keff"": 5, ""hsf_l0"": 34.6865, ""sparse_l"": 31.2854, ""sv_l"": 31.2854, ""feat_secs"": 0.008809, ""feat_secs_frame"": 0.000205, ""feat_secs_hsf"": 0.008513}"
qaoa,"qaoa:n=24,p=1,deg=3,nn=0",1,"{""n"": 24.0, ""p"": 1.0, ""deg"": 3.0, ""nn"": 0.0}",planp,ok,0.460782,0.4668,84557824,0.0,0,0.0,0.0,"engine=cstate aborted=[""mps""] plan_secs=0.009338","{""n"": 24, ""gates"": 156, ""g2"": 72, ""g3"": 0, ""depth2"": 26, ""t_count"": 0, ""rotations"": 60, ""d"": 22, ""dense_l"": 26.8284, ""redundant"": 38, ""obs_zero"": true, ""frame_l"": 7.2854, ""chi_bits"": 12, ""mps_l"": 44.1328, ""hsf_k"": 10, ""hsf_na"": 8, ""hsf_nb"": 16, ""hsf_l"": 29.6865, ""sup"": 24, ""chi_bits0"": 12, ""mps_l0"": 44.1328, ""hsf_keff"": 5, ""hsf_l0"": 34.6865, ""sparse_l"": 31.2854, ""sv_l"": 31.2854, ""feat_secs"": 0.008809, ""feat_secs_frame"": 0.000205, ""feat_secs_hsf"": 0.008513}"
qaoa,"qaoa:n=24,p=1,deg=3,nn=0",1,"{""n"": 24.0, ""p"": 1.0, ""deg"": 3.0, ""nn"": 0.0}",plan,ok,0.00969,0.0155,2572288,0.0,0,0.0,0.0,engine=zero aborted=[] plan_secs=0.009679,"{""n"": 24, ""gates"": 156, ""g2"": 72, ""g3"": 0, ""depth2"": 26, ""t_count"": 0, ""rotations"": 60, ""d"": 22, ""dense_l"": 26.8284, ""redundant"": 38, ""obs_zero"": true, ""frame_l"": 7.2854, ""chi_bits"": 12, ""mps_l"": 44.1328, ""hsf_k"": 10, ""hsf_na"": 8, ""hsf_nb"": 16, ""hsf_l"": 29.6865, ""sup"": 24, ""chi_bits0"": 12, ""mps_l0"": 44.1328, ""hsf_keff"": 5, ""hsf_l0"": 34.6865, ""sparse_l"": 31.2854, ""sv_l"": 31.2854, ""feat_secs"": 0.008809, ""feat_secs_frame"": 0.000205, ""feat_secs_hsf"": 0.008513}"
qaoa,"qaoa:n=24,p=2,deg=2,nn=0",1,"{""n"": 24.0, ""p"": 2.0, ""deg"": 2.0, ""nn"": 0.0}",planx,ok,0.153708,0.1582,40730624,0.0,0,0.0,0.0,engine=cstate aborted=[] plan_secs=0.007369,"{""n"": 24, ""gates"": 216, ""g2"": 96, ""g3"": 0, ""depth2"": 28, ""t_count"": 0, ""rotations"": 96, ""d"": 20, ""dense_l"": 26.2487, ""redundant"": 76, ""obs_zero"": true, ""frame_l"": 7.7549, ""chi_bits"": 12, ""mps_l"": 44.7692, ""hsf_k"": 8, ""hsf_na"": 8, ""hsf_nb"": 16, ""hsf_l"": 28.8826, ""sup"": 24, ""chi_bits0"": 12, ""mps_l0"": 44.7692, ""hsf_keff"": 4, ""hsf_l0"": 32.8826, ""sparse_l"": 31.7549, ""sv_l"": 31.7549, ""feat_secs"": 0.006483, ""feat_secs_frame"": 0.000273, ""feat_secs_hsf"": 0.006098}"
qaoa,"qaoa:n=24,p=2,deg=2,nn=0",1,"{""n"": 24.0, ""p"": 2.0, ""deg"": 2.0, ""nn"": 0.0}",planp,ok,0.187217,0.1928,42811392,0.0,0,0.0,0.0,engine=cstate aborted=[] plan_secs=0.038986,"{""n"": 24, ""gates"": 216, ""g2"": 96, ""g3"": 0, ""depth2"": 28, ""t_count"": 0, ""rotations"": 96, ""d"": 20, ""dense_l"": 26.2487, ""redundant"": 76, ""obs_zero"": true, ""frame_l"": 7.7549, ""chi_bits"": 12, ""mps_l"": 44.7692, ""hsf_k"": 8, ""hsf_na"": 8, ""hsf_nb"": 16, ""hsf_l"": 28.8826, ""sup"": 24, ""chi_bits0"": 12, ""mps_l0"": 44.7692, ""hsf_keff"": 4, ""hsf_l0"": 32.8826, ""sparse_l"": 31.7549, ""sv_l"": 31.7549, ""feat_secs"": 0.006483, ""feat_secs_frame"": 0.000273, ""feat_secs_hsf"": 0.006098}"
qaoa,"qaoa:n=24,p=2,deg=2,nn=0",1,"{""n"": 24.0, ""p"": 2.0, ""deg"": 2.0, ""nn"": 0.0}",plan,ok,0.007424,0.0123,2555904,0.0,0,0.0,0.0,engine=zero aborted=[] plan_secs=0.007417,"{""n"": 24, ""gates"": 216, ""g2"": 96, ""g3"": 0, ""depth2"": 28, ""t_count"": 0, ""rotations"": 96, ""d"": 20, ""dense_l"": 26.2487, ""redundant"": 76, ""obs_zero"": true, ""frame_l"": 7.7549, ""chi_bits"": 12, ""mps_l"": 44.7692, ""hsf_k"": 8, ""hsf_na"": 8, ""hsf_nb"": 16, ""hsf_l"": 28.8826, ""sup"": 24, ""chi_bits0"": 12, ""mps_l0"": 44.7692, ""hsf_keff"": 4, ""hsf_l0"": 32.8826, ""sparse_l"": 31.7549, ""sv_l"": 31.7549, ""feat_secs"": 0.006483, ""feat_secs_frame"": 0.000273, ""feat_secs_hsf"": 0.006098}"
qaoa,"qaoa:n=24,p=2,deg=3,nn=0",1,"{""n"": 24.0, ""p"": 2.0, ""deg"": 3.0, ""nn"": 0.0}",planx,ok,0.615526,0.6199,154124288,0.0,0,0.0,0.0,engine=cstate aborted=[] plan_secs=0.010703,"{""n"": 24, ""gates"": 288, ""g2"": 144, ""g3"": 0, ""depth2"": 38, ""t_count"": 0, ""rotations"": 120, ""d"": 22, ""dense_l"": 28.4662, ""redundant"": 98, ""obs_zero"": true, ""frame_l"": 8.1699, ""chi_bits"": 12, ""mps_l"": 45.6064, ""hsf_k"": 20, ""hsf_na"": 8, ""hsf_nb"": 16, ""hsf_l"": 35.0875, ""sup"": 24, ""chi_bits0"": 12, ""mps_l0"": 45.6064, ""hsf_keff"": 10, ""hsf_l0"": 45.0875, ""sparse_l"": 32.1699, ""sv_l"": 32.1699, ""feat_secs"": 0.008648, ""feat_secs_frame"": 0.000357, ""feat_secs_hsf"": 0.008156}"
qaoa,"qaoa:n=24,p=2,deg=3,nn=0",1,"{""n"": 24.0, ""p"": 2.0, ""deg"": 3.0, ""nn"": 0.0}",planp,ok,0.754098,0.7611,156057600,0.0,0,0.0,0.0,engine=cstate aborted=[] plan_secs=0.151832,"{""n"": 24, ""gates"": 288, ""g2"": 144, ""g3"": 0, ""depth2"": 38, ""t_count"": 0, ""rotations"": 120, ""d"": 22, ""dense_l"": 28.4662, ""redundant"": 98, ""obs_zero"": true, ""frame_l"": 8.1699, ""chi_bits"": 12, ""mps_l"": 45.6064, ""hsf_k"": 20, ""hsf_na"": 8, ""hsf_nb"": 16, ""hsf_l"": 35.0875, ""sup"": 24, ""chi_bits0"": 12, ""mps_l0"": 45.6064, ""hsf_keff"": 10, ""hsf_l0"": 45.0875, ""sparse_l"": 32.1699, ""sv_l"": 32.1699, ""feat_secs"": 0.008648, ""feat_secs_frame"": 0.000357, ""feat_secs_hsf"": 0.008156}"
qaoa,"qaoa:n=24,p=2,deg=3,nn=0",1,"{""n"": 24.0, ""p"": 2.0, ""deg"": 3.0, ""nn"": 0.0}",plan,ok,0.011257,0.0181,2670592,0.0,0,0.0,0.0,engine=zero aborted=[] plan_secs=0.011250,"{""n"": 24, ""gates"": 288, ""g2"": 144, ""g3"": 0, ""depth2"": 38, ""t_count"": 0, ""rotations"": 120, ""d"": 22, ""dense_l"": 28.4662, ""redundant"": 98, ""obs_zero"": true, ""frame_l"": 8.1699, ""chi_bits"": 12, ""mps_l"": 45.6064, ""hsf_k"": 20, ""hsf_na"": 8, ""hsf_nb"": 16, ""hsf_l"": 35.0875, ""sup"": 24, ""chi_bits0"": 12, ""mps_l0"": 45.6064, ""hsf_keff"": 10, ""hsf_l0"": 45.0875, ""sparse_l"": 32.1699, ""sv_l"": 32.1699, ""feat_secs"": 0.008648, ""feat_secs_frame"": 0.000357, ""feat_secs_hsf"": 0.008156}"
qaoa,"qaoa:n=24,p=3,deg=2,nn=0",1,"{""n"": 24.0, ""p"": 3.0, ""deg"": 2.0, ""nn"": 0.0}",planx,ok,0.265061,0.2695,42188800,0.0,0,0.0,0.0,engine=cstate aborted=[] plan_secs=0.008379,"{""n"": 24, ""gates"": 312, ""g2"": 144, ""g3"": 0, ""depth2"": 38, ""t_count"": 0, ""rotations"": 144, ""d"": 20, ""dense_l"": 26.9547, ""redundant"": 124, ""obs_zero"": true, ""frame_l"": 8.2854, ""chi_bits"": 12, ""mps_l"": 45.5765, ""hsf_k"": 12, ""hsf_na"": 8, ""hsf_nb"": 16, ""hsf_l"": 31.1497, ""sup"": 24, ""chi_bits0"": 12, ""mps_l0"": 45.5765, ""hsf_keff"": 6, ""hsf_l0"": 37.1497, ""sparse_l"": 32.2854, ""sv_l"": 32.2854, ""feat_secs"": 0.006144, ""feat_secs_frame"": 0.000368, ""feat_secs_hsf"": 0.005632}"
qaoa,"qaoa:n=24,p=3,deg=2,nn=0",1,"{""n"": 24.0, ""p"": 3.0, ""deg"": 2.0, ""nn"": 0.0}",planp,ok,0.32324,0.3277,44466176,0.0,0,0.0,0.0,engine=cstate aborted=[] plan_secs=0.059851,"{""n"": 24, ""gates"": 312, ""g2"": 144, ""g3"": 0, ""depth2"": 38, ""t_count"": 0, ""rotations"": 144, ""d"": 20, ""dense_l"": 26.9547, ""redundant"": 124, ""obs_zero"": true, ""frame_l"": 8.2854, ""chi_bits"": 12, ""mps_l"": 45.5765, ""hsf_k"": 12, ""hsf_na"": 8, ""hsf_nb"": 16, ""hsf_l"": 31.1497, ""sup"": 24, ""chi_bits0"": 12, ""mps_l0"": 45.5765, ""hsf_keff"": 6, ""hsf_l0"": 37.1497, ""sparse_l"": 32.2854, ""sv_l"": 32.2854, ""feat_secs"": 0.006144, ""feat_secs_frame"": 0.000368, ""feat_secs_hsf"": 0.005632}"
qaoa,"qaoa:n=24,p=3,deg=2,nn=0",1,"{""n"": 24.0, ""p"": 3.0, ""deg"": 2.0, ""nn"": 0.0}",plan,ok,0.008726,0.0157,2703360,0.0,0,0.0,0.0,engine=zero aborted=[] plan_secs=0.008716,"{""n"": 24, ""gates"": 312, ""g2"": 144, ""g3"": 0, ""depth2"": 38, ""t_count"": 0, ""rotations"": 144, ""d"": 20, ""dense_l"": 26.9547, ""redundant"": 124, ""obs_zero"": true, ""frame_l"": 8.2854, ""chi_bits"": 12, ""mps_l"": 45.5765, ""hsf_k"": 12, ""hsf_na"": 8, ""hsf_nb"": 16, ""hsf_l"": 31.1497, ""sup"": 24, ""chi_bits0"": 12, ""mps_l0"": 45.5765, ""hsf_keff"": 6, ""hsf_l0"": 37.1497, ""sparse_l"": 32.2854, ""sv_l"": 32.2854, ""feat_secs"": 0.006144, ""feat_secs_frame"": 0.000368, ""feat_secs_hsf"": 0.005632}"
qaoa,"qaoa:n=24,p=3,deg=3,nn=0",1,"{""n"": 24.0, ""p"": 3.0, ""deg"": 3.0, ""nn"": 0.0}",planx,ok,1.071165,1.0778,155516928,0.0,0,0.0,0.0,engine=cstate aborted=[] plan_secs=0.012450,"{""n"": 24, ""gates"": 420, ""g2"": 216, ""g3"": 0, ""depth2"": 52, ""t_count"": 0, ""rotations"": 180, ""d"": 22, ""dense_l"": 29.2135, ""redundant"": 158, ""obs_zero"": true, ""frame_l"": 8.7142, ""chi_bits"": 12, ""mps_l"": 46.32, ""hsf_k"": 30, ""hsf_na"": 8, ""hsf_nb"": 16, ""hsf_l"": 40.4009, ""sup"": 24, ""chi_bits0"": 12, ""mps_l0"": 46.32, ""hsf_keff"": 15, ""hsf_l0"": 55.4009, ""sparse_l"": 32.7142, ""sv_l"": 32.7142, ""feat_secs"": 0.009282, ""feat_secs_frame"": 0.000459, ""feat_secs_hsf"": 0.008637}"
qaoa,"qaoa:n=24,p=3,deg=3,nn=0",1,"{""n"": 24.0, ""p"": 3.0, ""deg"": 3.0, ""nn"": 0.0}",planp,ok,1.293324,1.3003,157319168,0.0,0,0.0,0.0,engine=cstate aborted=[] plan_secs=0.242549,"{""n"": 24, ""gates"": 420, ""g2"": 216, ""g3"": 0, ""depth2"": 52, ""t_count"": 0, ""rotations"": 180, ""d"": 22, ""dense_l"": 29.2135, ""redundant"": 158, ""obs_zero"": true, ""frame_l"": 8.7142, ""chi_bits"": 12, ""mps_l"": 46.32, ""hsf_k"": 30, ""hsf_na"": 8, ""hsf_nb"": 16, ""hsf_l"": 40.4009, ""sup"": 24, ""chi_bits0"": 12, ""mps_l0"": 46.32, ""hsf_keff"": 15, ""hsf_l0"": 55.4009, ""sparse_l"": 32.7142, ""sv_l"": 32.7142, ""feat_secs"": 0.009282, ""feat_secs_frame"": 0.000459, ""feat_secs_hsf"": 0.008637}"
qaoa,"qaoa:n=24,p=3,deg=3,nn=0",1,"{""n"": 24.0, ""p"": 3.0, ""deg"": 3.0, ""nn"": 0.0}",plan,ok,0.012551,0.0183,2719744,0.0,0,0.0,0.0,engine=zero aborted=[] plan_secs=0.012543,"{""n"": 24, ""gates"": 420, ""g2"": 216, ""g3"": 0, ""depth2"": 52, ""t_count"": 0, ""rotations"": 180, ""d"": 22, ""dense_l"": 29.2135, ""redundant"": 158, ""obs_zero"": true, ""frame_l"": 8.7142, ""chi_bits"": 12, ""mps_l"": 46.32, ""hsf_k"": 30, ""hsf_na"": 8, ""hsf_nb"": 16, ""hsf_l"": 40.4009, ""sup"": 24, ""chi_bits0"": 12, ""mps_l0"": 46.32, ""hsf_keff"": 15, ""hsf_l0"": 55.4009, ""sparse_l"": 32.7142, ""sv_l"": 32.7142, ""feat_secs"": 0.009282, ""feat_secs_frame"": 0.000459, ""feat_secs_hsf"": 0.008637}"
