family,spec,seed,params,engine,status,secs,wall,rss,value,size,ref,abs_err,note,features
arith,"arith:bits=6,h=0,reps=1",1,"{""bits"": 6.0, ""h"": 0.0, ""reps"": 1.0}",planx,ok,0.000532,0.0070,2605056,1.0,0,1.0,0.0,engine=sv aborted=[] plan_secs=0.000001,"{""n"": 13, ""gates"": 43, ""g2"": 24, ""g3"": 12, ""depth2"": 31, ""t_count"": 84, ""rotations"": 84, ""d"": 11, ""dense_l"": 14.829, ""redundant"": 73, ""obs_zero"": false, ""frame_l"": 28.3923, ""chi_bits"": 0, ""mps_l"": 13.2211, ""hsf_k"": 5, ""hsf_na"": 6, ""hsf_nb"": 7, ""hsf_l"": 15.7415, ""sup"": 0, ""chi_bits0"": 6, ""mps_l0"": 25.5699, ""hsf_keff"": 2, ""hsf_l0"": 18.7415, ""sparse_l"": 5.4263, ""sv_l"": 18.4263, ""feat_secs"": 0.00132, ""feat_secs_frame"": 0.00026, ""feat_secs_hsf"": 0.001}"
arith,"arith:bits=6,h=0,reps=1",1,"{""bits"": 6.0, ""h"": 0.0, ""reps"": 1.0}",planp,ok,0.000414,0.0041,2605056,1.0,0,1.0,0.0,engine=sv aborted=[] plan_secs=0.000001,"{""n"": 13, ""gates"": 43, ""g2"": 24, ""g3"": 12, ""depth2"": 31, ""t_count"": 84, ""rotations"": 84, ""d"": 11, ""dense_l"": 14.829, ""redundant"": 73, ""obs_zero"": false, ""frame_l"": 28.3923, ""chi_bits"": 0, ""mps_l"": 13.2211, ""hsf_k"": 5, ""hsf_na"": 6, ""hsf_nb"": 7, ""hsf_l"": 15.7415, ""sup"": 0, ""chi_bits0"": 6, ""mps_l0"": 25.5699, ""hsf_keff"": 2, ""hsf_l0"": 18.7415, ""sparse_l"": 5.4263, ""sv_l"": 18.4263, ""feat_secs"": 0.00132, ""feat_secs_frame"": 0.00026, ""feat_secs_hsf"": 0.001}"
arith,"arith:bits=6,h=0,reps=1",1,"{""bits"": 6.0, ""h"": 0.0, ""reps"": 1.0}",plan,ok,0.00046,0.0042,2605056,1.0,0,1.0,0.0,engine=sv aborted=[] plan_secs=0.000001,"{""n"": 13, ""gates"": 43, ""g2"": 24, ""g3"": 12, ""depth2"": 31, ""t_count"": 84, ""rotations"": 84, ""d"": 11, ""dense_l"": 14.829, ""redundant"": 73, ""obs_zero"": false, ""frame_l"": 28.3923, ""chi_bits"": 0, ""mps_l"": 13.2211, ""hsf_k"": 5, ""hsf_na"": 6, ""hsf_nb"": 7, ""hsf_l"": 15.7415, ""sup"": 0, ""chi_bits0"": 6, ""mps_l0"": 25.5699, ""hsf_keff"": 2, ""hsf_l0"": 18.7415, ""sparse_l"": 5.4263, ""sv_l"": 18.4263, ""feat_secs"": 0.00132, ""feat_secs_frame"": 0.00026, ""feat_secs_hsf"": 0.001}"
arith,"arith:bits=6,h=0,reps=4",1,"{""bits"": 6.0, ""h"": 0.0, ""reps"": 4.0}",planx,ok,0.000728,0.0043,2375680,-1.0,0,-1.0,0.0,engine=sparse aborted=[] plan_secs=0.000705,"{""n"": 13, ""gates"": 151, ""g2"": 96, ""g3"": 48, ""depth2"": 124, ""t_count"": 336, ""rotations"": 336, ""d"": 11, ""dense_l"": 19.0564, ""redundant"": 325, ""obs_zero"": false, ""frame_l"": 30.3923, ""chi_bits"": 0, ""mps_l"": 14.7548, ""hsf_k"": 20, ""hsf_na"": 6, ""hsf_nb"": 7, ""hsf_l"": 22.7482, ""sup"": 0, ""chi_bits0"": 6, ""mps_l0"": 27.5667, ""hsf_keff"": 8, ""hsf_l0"": 34.7482, ""sparse_l"": 7.2384, ""sv_l"": 20.2384, ""feat_secs"": 0.001909, ""feat_secs_frame"": 0.000585, ""feat_secs_hsf"": 0.001223}"
arith,"arith:bits=6,h=0,reps=4",1,"{""bits"": 6.0, ""h"": 0.0, ""reps"": 4.0}",planp,ok,0.000719,0.0043,2375680,-1.0,0,-1.0,0.0,engine=sparse aborted=[] plan_secs=0.000697,"{""n"": 13, ""gates"": 151, ""g2"": 96, ""g3"": 48, ""depth2"": 124, ""t_count"": 336, ""rotations"": 336, ""d"": 11, ""dense_l"": 19.0564, ""redundant"": 325, ""obs_zero"": false, ""frame_l"": 30.3923, ""chi_bits"": 0, ""mps_l"": 14.7548, ""hsf_k"": 20, ""hsf_na"": 6, ""hsf_nb"": 7, ""hsf_l"": 22.7482, ""sup"": 0, ""chi_bits0"": 6, ""mps_l0"": 27.5667, ""hsf_keff"": 8, ""hsf_l0"": 34.7482, ""sparse_l"": 7.2384, ""sv_l"": 20.2384, ""feat_secs"": 0.001909, ""feat_secs_frame"": 0.000585, ""feat_secs_hsf"": 0.001223}"
arith,"arith:bits=6,h=0,reps=4",1,"{""bits"": 6.0, ""h"": 0.0, ""reps"": 4.0}",plan,ok,0.000708,0.0045,2375680,-1.0,0,-1.0,0.0,engine=sparse aborted=[] plan_secs=0.000685,"{""n"": 13, ""gates"": 151, ""g2"": 96, ""g3"": 48, ""depth2"": 124, ""t_count"": 336, ""rotations"": 336, ""d"": 11, ""dense_l"": 19.0564, ""redundant"": 325, ""obs_zero"": false, ""frame_l"": 30.3923, ""chi_bits"": 0, ""mps_l"": 14.7548, ""hsf_k"": 20, ""hsf_na"": 6, ""hsf_nb"": 7, ""hsf_l"": 22.7482, ""sup"": 0, ""chi_bits0"": 6, ""mps_l0"": 27.5667, ""hsf_keff"": 8, ""hsf_l0"": 34.7482, ""sparse_l"": 7.2384, ""sv_l"": 20.2384, ""feat_secs"": 0.001909, ""feat_secs_frame"": 0.000585, ""feat_secs_hsf"": 0.001223}"
arith,"arith:bits=6,h=1,reps=2",1,"{""bits"": 6.0, ""h"": 1.0, ""reps"": 2.0}",planx,ok,0.000421,0.0067,2277376,-0.5000000000000002,0,-0.5000000000000002,0.0,engine=sparse aborted=[] plan_secs=0.000399,"{""n"": 13, ""gates"": 79, ""g2"": 48, ""g3"": 24, ""depth2"": 62, ""t_count"": 168, ""rotations"": 168, ""d"": 13, ""dense_l"": 19.6178, ""redundant"": 155, ""obs_zero"": false, ""frame_l"": 33.3923, ""chi_bits"": 2, ""mps_l"": 19.1957, ""hsf_k"": 10, ""hsf_na"": 6, ""hsf_nb"": 7, ""hsf_l"": 18.1599, ""sup"": 2, ""chi_bits0"": 6, ""mps_l0"": 26.315, ""hsf_keff"": 4, ""hsf_l0"": 24.1599, ""sparse_l"": 8.3038, ""sv_l"": 19.3038, ""feat_secs"": 0.001559, ""feat_secs_frame"": 0.000316, ""feat_secs_hsf"": 0.001178}"
arith,"arith:bits=6,h=1,reps=2",1,"{""bits"": 6.0, ""h"": 1.0, ""reps"": 2.0}",planp,ok,0.000401,0.0067,2244608,-0.5000000000000002,0,-0.5000000000000002,0.0,engine=sparse aborted=[] plan_secs=0.000379,"{""n"": 13, ""gates"": 79, ""g2"": 48, ""g3"": 24, ""depth2"": 62, ""t_count"": 168, ""rotations"": 168, ""d"": 13, ""dense_l"": 19.6178, ""redundant"": 155, ""obs_zero"": false, ""frame_l"": 33.3923, ""chi_bits"": 2, ""mps_l"": 19.1957, ""hsf_k"": 10, ""hsf_na"": 6, ""hsf_nb"": 7, ""hsf_l"": 18.1599, ""sup"": 2, ""chi_bits0"": 6, ""mps_l0"": 26.315, ""hsf_keff"": 4, ""hsf_l0"": 24.1599, ""sparse_l"": 8.3038, ""sv_l"": 19.3038, ""feat_secs"": 0.001559, ""feat_secs_frame"": 0.000316, ""feat_secs_hsf"": 0.001178}"
arith,"arith:bits=6,h=1,reps=2",1,"{""bits"": 6.0, ""h"": 1.0, ""reps"": 2.0}",plan,ok,0.000397,0.0041,2277376,-0.5000000000000002,0,-0.5000000000000002,0.0,engine=sparse aborted=[] plan_secs=0.000376,"{""n"": 13, ""gates"": 79, ""g2"": 48, ""g3"": 24, ""depth2"": 62, ""t_count"": 168, ""rotations"": 168, ""d"": 13, ""dense_l"": 19.6178, ""redundant"": 155, ""obs_zero"": false, ""frame_l"": 33.3923, ""chi_bits"": 2, ""mps_l"": 19.1957, ""hsf_k"": 10, ""hsf_na"": 6, ""hsf_nb"": 7, ""hsf_l"": 18.1599, ""sup"": 2, ""chi_bits0"": 6, ""mps_l0"": 26.315, ""hsf_keff"": 4, ""hsf_l0"": 24.1599, ""sparse_l"": 8.3038, ""sv_l"": 19.3038, ""feat_secs"": 0.001559, ""feat_secs_frame"": 0.000316, ""feat_secs_hsf"": 0.001178}"
arith,"arith:bits=6,h=2,reps=1",1,"{""bits"": 6.0, ""h"": 2.0, ""reps"": 1.0}",planx,ok,0.000341,0.0036,2605056,0.0,0,0.0,0.0,engine=sv aborted=[] plan_secs=0.000000,"{""n"": 13, ""gates"": 44, ""g2"": 24, ""g3"": 12, ""depth2"": 31, ""t_count"": 84, ""rotations"": 84, ""d"": 13, ""dense_l"": 17.4205, ""redundant"": 71, ""obs_zero"": false, ""frame_l"": 32.3923, ""chi_bits"": 4, ""mps_l"": 23.3681, ""hsf_k"": 5, ""hsf_na"": 6, ""hsf_nb"": 7, ""hsf_l"": 15.7549, ""sup"": 4, ""chi_bits0"": 6, ""mps_l0"": 25.5699, ""hsf_keff"": 2, ""hsf_l0"": 18.7549, ""sparse_l"": 9.4594, ""sv_l"": 18.4594, ""feat_secs"": 0.001094, ""feat_secs_frame"": 0.000197, ""feat_secs_hsf"": 0.000861}"
arith,"arith:bits=6,h=2,reps=1",1,"{""bits"": 6.0, ""h"": 2.0, ""reps"": 1.0}",planp,ok,0.00046,0.0042,2605056,0.0,0,0.0,0.0,engine=sv aborted=[] plan_secs=0.000000,"{""n"": 13, ""gates"": 44, ""g2"": 24, ""g3"": 12, ""depth2"": 31, ""t_count"": 84, ""rotations"": 84, ""d"": 13, ""dense_l"": 17.4205, ""redundant"": 71, ""obs_zero"": false, ""frame_l"": 32.3923, ""chi_bits"": 4, ""mps_l"": 23.3681, ""hsf_k"": 5, ""hsf_na"": 6, ""hsf_nb"": 7, ""hsf_l"": 15.7549, ""sup"": 4, ""chi_bits0"": 6, ""mps_l0"": 25.5699, ""hsf_keff"": 2, ""hsf_l0"": 18.7549, ""sparse_l"": 9.4594, ""sv_l"": 18.4594, ""feat_secs"": 0.001094, ""feat_secs_frame"": 0.000197, ""feat_secs_hsf"": 0.000861}"
arith,"arith:bits=6,h=2,reps=1",1,"{""bits"": 6.0, ""h"": 2.0, ""reps"": 1.0}",plan,ok,0.000358,0.0044,2605056,0.0,0,0.0,0.0,engine=sv aborted=[] plan_secs=0.000000,"{""n"": 13, ""gates"": 44, ""g2"": 24, ""g3"": 12, ""depth2"": 31, ""t_count"": 84, ""rotations"": 84, ""d"": 13, ""dense_l"": 17.4205, ""redundant"": 71, ""obs_zero"": false, ""frame_l"": 32.3923, ""chi_bits"": 4, ""mps_l"": 23.3681, ""hsf_k"": 5, ""hsf_na"": 6, ""hsf_nb"": 7, ""hsf_l"": 15.7549, ""sup"": 4, ""chi_bits0"": 6, ""mps_l0"": 25.5699, ""hsf_keff"": 2, ""hsf_l0"": 18.7549, ""sparse_l"": 9.4594, ""sv_l"": 18.4594, ""feat_secs"": 0.001094, ""feat_secs_frame"": 0.000197, ""feat_secs_hsf"": 0.000861}"
arith,"arith:bits=6,h=2,reps=4",1,"{""bits"": 6.0, ""h"": 2.0, ""reps"": 4.0}",planx,ok,0.000794,0.0043,2392064,-0.2500000000000001,0,-0.2500000000000001,0.0,engine=sparse aborted=[] plan_secs=0.000713,"{""n"": 13, ""gates"": 152, ""g2"": 96, ""g3"": 48, ""depth2"": 124, ""t_count"": 336, ""rotations"": 336, ""d"": 13, ""dense_l"": 21.0949, ""redundant"": 323, ""obs_zero"": false, ""frame_l"": 34.3923, ""chi_bits"": 4, ""mps_l"": 25.1703, ""hsf_k"": 20, ""hsf_na"": 6, ""hsf_nb"": 7, ""hsf_l"": 22.7549, ""sup"": 4, ""chi_bits0"": 6, ""mps_l0"": 27.5667, ""hsf_keff"": 8, ""hsf_l0"": 34.7549, ""sparse_l"": 11.2479, ""sv_l"": 20.2479, ""feat_secs"": 0.001936, ""feat_secs_frame"": 0.000606, ""feat_secs_hsf"": 0.001221}"
arith,"arith:bits=6,h=2,reps=4",1,"{""bits"": 6.0, ""h"": 2.0, ""reps"": 4.0}",planp,ok,0.000867,0.0041,2441216,-0.2500000000000001,0,-0.2500000000000001,0.0,engine=sparse aborted=[] plan_secs=0.000795,"{""n"": 13, ""gates"": 152, ""g2"": 96, ""g3"": 48, ""depth2"": 124, ""t_count"": 336, ""rotations"": 336, ""d"": 13, ""dense_l"": 21.0949, ""redundant"": 323, ""obs_zero"": false, ""frame_l"": 34.3923, ""chi_bits"": 4, ""mps_l"": 25.1703, ""hsf_k"": 20, ""hsf_na"": 6, ""hsf_nb"": 7, ""hsf_l"": 22.7549, ""sup"": 4, ""chi_bits0"": 6, ""mps_l0"": 27.5667, ""hsf_keff"": 8, ""hsf_l0"": 34.7549, ""sparse_l"": 11.2479, ""sv_l"": 20.2479, ""feat_secs"": 0.001936, ""feat_secs_frame"": 0.000606, ""feat_secs_hsf"": 0.001221}"
arith,"arith:bits=6,h=2,reps=4",1,"{""bits"": 6.0, ""h"": 2.0, ""reps"": 4.0}",plan,ok,0.000763,0.0044,2408448,-0.2500000000000001,0,-0.2500000000000001,0.0,engine=sparse aborted=[] plan_secs=0.000695,"{""n"": 13, ""gates"": 152, ""g2"": 96, ""g3"": 48, ""depth2"": 124, ""t_count"": 336, ""rotations"": 336, ""d"": 13, ""dense_l"": 21.0949, ""redundant"": 323, ""obs_zero"": false, ""frame_l"": 34.3923, ""chi_bits"": 4, ""mps_l"": 25.1703, ""hsf_k"": 20, ""hsf_na"": 6, ""hsf_nb"": 7, ""hsf_l"": 22.7549, ""sup"": 4, ""chi_bits0"": 6, ""mps_l0"": 27.5667, ""hsf_keff"": 8, ""hsf_l0"": 34.7549, ""sparse_l"": 11.2479, ""sv_l"": 20.2479, ""feat_secs"": 0.001936, ""feat_secs_frame"": 0.000606, ""feat_secs_hsf"": 0.001221}"
arith,"arith:bits=6,h=4,reps=2",1,"{""bits"": 6.0, ""h"": 4.0, ""reps"": 2.0}",planx,ok,0.001043,0.0075,2965504,-6.938893903907228e-18,0,-6.938893903907228e-18,0.0,engine=sv aborted=[] plan_secs=0.000394,"{""n"": 13, ""gates"": 82, ""g2"": 48, ""g3"": 24, ""depth2"": 62, ""t_count"": 168, ""rotations"": 168, ""d"": 13, ""dense_l"": 19.9119, ""redundant"": 155, ""obs_zero"": false, ""frame_l"": 33.3923, ""chi_bits"": 6, ""mps_l"": 26.315, ""hsf_k"": 10, ""hsf_na"": 6, ""hsf_nb"": 7, ""hsf_l"": 20.1898, ""sup"": 8, ""chi_bits0"": 6, ""mps_l0"": 26.315, ""hsf_keff"": 6, ""hsf_l0"": 24.1898, ""sparse_l"": 14.3576, ""sv_l"": 19.3576, ""feat_secs"": 0.001567, ""feat_secs_frame"": 0.000325, ""feat_secs_hsf"": 0.001177}"
arith,"arith:bits=6,h=4,reps=2",1,"{""bits"": 6.0, ""h"": 4.0, ""reps"": 2.0}",planp,ok,0.000875,0.0075,2932736,-6.938893903907228e-18,0,-6.938893903907228e-18,0.0,engine=sv aborted=[] plan_secs=0.000391,"{""n"": 13, ""gates"": 82, ""g2"": 48, ""g3"": 24, ""depth2"": 62, ""t_count"": 168, ""rotations"": 168, ""d"": 13, ""dense_l"": 19.9119, ""redundant"": 155, ""obs_zero"": false, ""frame_l"": 33.3923, ""chi_bits"": 6, ""mps_l"": 26.315, ""hsf_k"": 10, ""hsf_na"": 6, ""hsf_nb"": 7, ""hsf_l"": 20.1898, ""sup"": 8, ""chi_bits0"": 6, ""mps_l0"": 26.315, ""hsf_keff"": 6, ""hsf_l0"": 24.1898, ""sparse_l"": 14.3576, ""sv_l"": 19.3576, ""feat_secs"": 0.001567, ""feat_secs_frame"": 0.000325, ""feat_secs_hsf"": 0.001177}"
arith,"arith:bits=6,h=4,reps=2",1,"{""bits"": 6.0, ""h"": 4.0, ""reps"": 2.0}",plan,ok,0.000885,0.0073,2949120,-6.938893903907228e-18,0,-6.938893903907228e-18,0.0,engine=sv aborted=[] plan_secs=0.000395,"{""n"": 13, ""gates"": 82, ""g2"": 48, ""g3"": 24, ""depth2"": 62, ""t_count"": 168, ""rotations"": 168, ""d"": 13, ""dense_l"": 19.9119, ""redundant"": 155, ""obs_zero"": false, ""frame_l"": 33.3923, ""chi_bits"": 6, ""mps_l"": 26.315, ""hsf_k"": 10, ""hsf_na"": 6, ""hsf_nb"": 7, ""hsf_l"": 20.1898, ""sup"": 8, ""chi_bits0"": 6, ""mps_l0"": 26.315, ""hsf_keff"": 6, ""hsf_l0"": 24.1898, ""sparse_l"": 14.3576, ""sv_l"": 19.3576, ""feat_secs"": 0.001567, ""feat_secs_frame"": 0.000325, ""feat_secs_hsf"": 0.001177}"
arith,"arith:bits=6,h=6,reps=1",1,"{""bits"": 6.0, ""h"": 6.0, ""reps"": 1.0}",planx,ok,0.000459,0.0043,2588672,0.0,0,0.0,0.0,engine=sv aborted=[] plan_secs=0.000000,"{""n"": 13, ""gates"": 48, ""g2"": 24, ""g3"": 12, ""depth2"": 31, ""t_count"": 84, ""rotations"": 84, ""d"": 13, ""dense_l"": 18.6629, ""redundant"": 71, ""obs_zero"": false, ""frame_l"": 32.3923, ""chi_bits"": 6, ""mps_l"": 25.5699, ""hsf_k"": 5, ""hsf_na"": 6, ""hsf_nb"": 7, ""hsf_l"": 17.8074, ""sup"": 12, ""chi_bits0"": 6, ""mps_l0"": 25.5699, ""hsf_keff"": 4, ""hsf_l0"": 18.8074, ""sparse_l"": 17.585, ""sv_l"": 18.585, ""feat_secs"": 0.001105, ""feat_secs_frame"": 0.000196, ""feat_secs_hsf"": 0.000866}"
arith,"arith:bits=6,h=6,reps=1",1,"{""bits"": 6.0, ""h"": 6.0, ""reps"": 1.0}",planp,ok,0.000331,0.0041,2588672,0.0,0,0.0,0.0,engine=sv aborted=[] plan_secs=0.000000,"{""n"": 13, ""gates"": 48, ""g2"": 24, ""g3"": 12, ""depth2"": 31, ""t_count"": 84, ""rotations"": 84, ""d"": 13, ""dense_l"": 18.6629, ""redundant"": 71, ""obs_zero"": false, ""frame_l"": 32.3923, ""chi_bits"": 6, ""mps_l"": 25.5699, ""hsf_k"": 5, ""hsf_na"": 6, ""hsf_nb"": 7, ""hsf_l"": 17.8074, ""sup"": 12, ""chi_bits0"": 6, ""mps_l0"": 25.5699, ""hsf_keff"": 4, ""hsf_l0"": 18.8074, ""sparse_l"": 17.585, ""sv_l"": 18.585, ""feat_secs"": 0.001105, ""feat_secs_frame"": 0.000196, ""feat_secs_hsf"": 0.000866}"
arith,"arith:bits=6,h=6,reps=1",1,"{""bits"": 6.0, ""h"": 6.0, ""reps"": 1.0}",plan,ok,0.000385,0.0041,2588672,0.0,0,0.0,0.0,engine=sv aborted=[] plan_secs=0.000000,"{""n"": 13, ""gates"": 48, ""g2"": 24, ""g3"": 12, ""depth2"": 31, ""t_count"": 84, ""rotations"": 84, ""d"": 13, ""dense_l"": 18.6629, ""redundant"": 71, ""obs_zero"": false, ""frame_l"": 32.3923, ""chi_bits"": 6, ""mps_l"": 25.5699, ""hsf_k"": 5, ""hsf_na"": 6, ""hsf_nb"": 7, ""hsf_l"": 17.8074, ""sup"": 12, ""chi_bits0"": 6, ""mps_l0"": 25.5699, ""hsf_keff"": 4, ""hsf_l0"": 18.8074, ""sparse_l"": 17.585, ""sv_l"": 18.585, ""feat_secs"": 0.001105, ""feat_secs_frame"": 0.000196, ""feat_secs_hsf"": 0.000866}"
arith,"arith:bits=6,h=6,reps=4",1,"{""bits"": 6.0, ""h"": 6.0, ""reps"": 4.0}",planx,ok,0.001836,0.0070,3145728,0.0,0,0.0,0.0,engine=sv aborted=[] plan_secs=0.000714,"{""n"": 13, ""gates"": 156, ""g2"": 96, ""g3"": 48, ""depth2"": 124, ""t_count"": 336, ""rotations"": 336, ""d"": 13, ""dense_l"": 21.2416, ""redundant"": 323, ""obs_zero"": false, ""frame_l"": 34.3923, ""chi_bits"": 6, ""mps_l"": 27.5667, ""hsf_k"": 20, ""hsf_na"": 6, ""hsf_nb"": 7, ""hsf_l"": 26.7814, ""sup"": 12, ""chi_bits0"": 6, ""mps_l0"": 27.5667, ""hsf_keff"": 12, ""hsf_l0"": 34.7814, ""sparse_l"": 19.2854, ""sv_l"": 20.2854, ""feat_secs"": 0.00192, ""feat_secs_frame"": 0.000597, ""feat_secs_hsf"": 0.001213}"
arith,"arith:bits=6,h=6,reps=4",1,"{""bits"": 6.0, ""h"": 6.0, ""reps"": 4.0}",planp,ok,0.001611,0.0070,3145728,0.0,0,0.0,0.0,engine=sv aborted=[] plan_secs=0.000718,"{""n"": 13, ""gates"": 156, ""g2"": 96, ""g3"": 48, ""depth2"": 124, ""t_count"": 336, ""rotations"": 336, ""d"": 13, ""dense_l"": 21.2416, ""redundant"": 323, ""obs_zero"": false, ""frame_l"": 34.3923, ""chi_bits"": 6, ""mps_l"": 27.5667, ""hsf_k"": 20, ""hsf_na"": 6, ""hsf_nb"": 7, ""hsf_l"": 26.7814, ""sup"": 12, ""chi_bits0"": 6, ""mps_l0"": 27.5667, ""hsf_keff"": 12, ""hsf_l0"": 34.7814, ""sparse_l"": 19.2854, ""sv_l"": 20.2854, ""feat_secs"": 0.00192, ""feat_secs_frame"": 0.000597, ""feat_secs_hsf"": 0.001213}"
arith,"arith:bits=6,h=6,reps=4",1,"{""bits"": 6.0, ""h"": 6.0, ""reps"": 4.0}",plan,ok,0.002019,0.0066,3129344,0.0,0,0.0,0.0,engine=sv aborted=[] plan_secs=0.000739,"{""n"": 13, ""gates"": 156, ""g2"": 96, ""g3"": 48, ""depth2"": 124, ""t_count"": 336, ""rotations"": 336, ""d"": 13, ""dense_l"": 21.2416, ""redundant"": 323, ""obs_zero"": false, ""frame_l"": 34.3923, ""chi_bits"": 6, ""mps_l"": 27.5667, ""hsf_k"": 20, ""hsf_na"": 6, ""hsf_nb"": 7, ""hsf_l"": 26.7814, ""sup"": 12, ""chi_bits0"": 6, ""mps_l0"": 27.5667, ""hsf_keff"": 12, ""hsf_l0"": 34.7814, ""sparse_l"": 19.2854, ""sv_l"": 20.2854, ""feat_secs"": 0.00192, ""feat_secs_frame"": 0.000597, ""feat_secs_hsf"": 0.001213}"
arith,"arith:bits=8,h=0,reps=2",1,"{""bits"": 8.0, ""h"": 0.0, ""reps"": 2.0}",planx,ok,0.000561,0.0042,2293760,-1.0,0,-1.0,0.0,engine=sparse aborted=[] plan_secs=0.000541,"{""n"": 17, ""gates"": 106, ""g2"": 64, ""g3"": 32, ""depth2"": 82, ""t_count"": 224, ""rotations"": 224, ""d"": 15, ""dense_l"": 21.9779, ""redundant"": 209, ""obs_zero"": false, ""frame_l"": 37.8074, ""chi_bits"": 0, ""mps_l"": 14.198, ""hsf_k"": 10, ""hsf_na"": 8, ""hsf_nb"": 9, ""hsf_l"": 21.4998, ""sup"": 0, ""chi_bits0"": 8, ""mps_l0"": 32.1003, ""hsf_keff"": 4, ""hsf_l0"": 27.4998, ""sparse_l"": 6.7279, ""sv_l"": 23.7279, ""feat_secs"": 0.003112, ""feat_secs_frame"": 0.000484, ""feat_secs_hsf"": 0.00254}"
arith,"arith:bits=8,h=0,reps=2",1,"{""bits"": 8.0, ""h"": 0.0, ""reps"": 2.0}",planp,ok,0.000514,0.0042,2277376,-1.0,0,-1.0,0.0,engine=sparse aborted=[] plan_secs=0.000495,"{""n"": 17, ""gates"": 106, ""g2"": 64, ""g3"": 32, ""depth2"": 82, ""t_count"": 224, ""rotations"": 224, ""d"": 15, ""dense_l"": 21.9779, ""redundant"": 209, ""obs_zero"": false, ""frame_l"": 37.8074, ""chi_bits"": 0, ""mps_l"": 14.198, ""hsf_k"": 10, ""hsf_na"": 8, ""hsf_nb"": 9, ""hsf_l"": 21.4998, ""sup"": 0, ""chi_bits0"": 8, ""mps_l0"": 32.1003, ""hsf_keff"": 4, ""hsf_l0"": 27.4998, ""sparse_l"": 6.7279, ""sv_l"": 23.7279, ""feat_secs"": 0.003112, ""feat_secs_frame"": 0.000484, ""feat_secs_hsf"": 0.00254}"
arith,"arith:bits=8,h=0,reps=2",1,"{""bits"": 8.0, ""h"": 0.0, ""reps"": 2.0}",plan,ok,0.000516,0.0042,2293760,-1.0,0,-1.0,0.0,engine=sparse aborted=[] plan_secs=0.000498,"{""n"": 17, ""gates"": 106, ""g2"": 64, ""g3"": 32, ""depth2"": 82, ""t_count"": 224, ""rotations"": 224, ""d"": 15, ""dense_l"": 21.9779, ""redundant"": 209, ""obs_zero"": false, ""frame_l"": 37.8074, ""chi_bits"": 0, ""mps_l"": 14.198, ""hsf_k"": 10, ""hsf_na"": 8, ""hsf_nb"": 9, ""hsf_l"": 21.4998, ""sup"": 0, ""chi_bits0"": 8, ""mps_l0"": 32.1003, ""hsf_keff"": 4, ""hsf_l0"": 27.4998, ""sparse_l"": 6.7279, ""sv_l"": 23.7279, ""feat_secs"": 0.003112, ""feat_secs_frame"": 0.000484, ""feat_secs_hsf"": 0.00254}"
arith,"arith:bits=8,h=1,reps=1",1,"{""bits"": 8.0, ""h"": 1.0, ""reps"": 1.0}",planx,ok,0.000313,0.0043,2260992,-0.5000000000000002,0,-0.5000000000000002,0.0,engine=sparse aborted=[] plan_secs=0.000294,"{""n"": 17, ""gates"": 58, ""g2"": 32, ""g3"": 16, ""depth2"": 41, ""t_count"": 112, ""rotations"": 112, ""d"": 17, ""dense_l"": 20.8129, ""redundant"": 95, ""obs_zero"": false, ""frame_l"": 40.8074, ""chi_bits"": 2, ""mps_l"": 19.2537, ""hsf_k"": 5, ""hsf_na"": 8, ""hsf_nb"": 9, ""hsf_l"": 19.2946, ""sup"": 2, ""chi_bits0"": 8, ""mps_l0"": 31.193, ""hsf_keff"": 2, ""hsf_l0"": 22.2946, ""sparse_l"": 7.858, ""sv_l"": 22.858, ""feat_secs"": 0.002501, ""feat_secs_frame"": 0.000255, ""feat_secs_hsf"": 0.002189}"
arith,"arith:bits=8,h=1,reps=1",1,"{""bits"": 8.0, ""h"": 1.0, ""reps"": 1.0}",planp,ok,0.000335,0.0042,2260992,-0.5000000000000002,0,-0.5000000000000002,0.0,engine=sparse aborted=[] plan_secs=0.000317,"{""n"": 17, ""gates"": 58, ""g2"": 32, ""g3"": 16, ""depth2"": 41, ""t_count"": 112, ""rotations"": 112, ""d"": 17, ""dense_l"": 20.8129, ""redundant"": 95, ""obs_zero"": false, ""frame_l"": 40.8074, ""chi_bits"": 2, ""mps_l"": 19.2537, ""hsf_k"": 5, ""hsf_na"": 8, ""hsf_nb"": 9, ""hsf_l"": 19.2946, ""sup"": 2, ""chi_bits0"": 8, ""mps_l0"": 31.193, ""hsf_keff"": 2, ""hsf_l0"": 22.2946, ""sparse_l"": 7.858, ""sv_l"": 22.858, ""feat_secs"": 0.002501, ""feat_secs_frame"": 0.000255, ""feat_secs_hsf"": 0.002189}"
arith,"arith:bits=8,h=1,reps=1",1,"{""bits"": 8.0, ""h"": 1.0, ""reps"": 1.0}",plan,ok,0.000349,0.0068,2244608,-0.5000000000000002,0,-0.5000000000000002,0.0,engine=sparse aborted=[] plan_secs=0.000329,"{""n"": 17, ""gates"": 58, ""g2"": 32, ""g3"": 16, ""depth2"": 41, ""t_count"": 112, ""rotations"": 112, ""d"": 17, ""dense_l"": 20.8129, ""redundant"": 95, ""obs_zero"": false, ""frame_l"": 40.8074, ""chi_bits"": 2, ""mps_l"": 19.2537, ""hsf_k"": 5, ""hsf_na"": 8, ""hsf_nb"": 9, ""hsf_l"": 19.2946, ""sup"": 2, ""chi_bits0"": 8, ""mps_l0"": 31.193, ""hsf_keff"": 2, ""hsf_l0"": 22.2946, ""sparse_l"": 7.858, ""sv_l"": 22.858, ""feat_secs"": 0.002501, ""feat_secs_frame"": 0.000255, ""feat_secs_hsf"": 0.002189}"
arith,"arith:bits=8,h=1,reps=4",1,"{""bits"": 8.0, ""h"": 1.0, ""reps"": 4.0}",planx,ok,0.000965,0.0074,2424832,0.0,0,0.0,0.0,engine=sparse aborted=[] plan_secs=0.000930,"{""n"": 17, ""gates"": 202, ""g2"": 128, ""g3"": 64, ""depth2"": 164, ""t_count"": 448, ""rotations"": 448, ""d"": 17, ""dense_l"": 25.4514, ""redundant"": 431, ""obs_zero"": false, ""frame_l"": 42.8074, ""chi_bits"": 2, ""mps_l"": 20.802, ""hsf_k"": 20, ""hsf_na"": 8, ""hsf_nb"": 9, ""hsf_l"": 25.8392, ""sup"": 2, ""chi_bits0"": 8, ""mps_l0"": 33.4789, ""hsf_keff"": 8, ""hsf_l0"": 37.8392, ""sparse_l"": 9.6582, ""sv_l"": 24.6582, ""feat_secs"": 0.003566, ""feat_secs_frame"": 0.000807, ""feat_secs_hsf"": 0.002625}"
arith,"arith:bits=8,h=1,reps=4",1,"{""bits"": 8.0, ""h"": 1.0, ""reps"": 4.0}",planp,ok,0.000964,0.0068,2408448,0.0,0,0.0,0.0,engine=sparse aborted=[] plan_secs=0.000931,"{""n"": 17, ""gates"": 202, ""g2"": 128, ""g3"": 64, ""depth2"": 164, ""t_count"": 448, ""rotations"": 448, ""d"": 17, ""dense_l"": 25.4514, ""redundant"": 431, ""obs_zero"": false, ""frame_l"": 42.8074, ""chi_bits"": 2, ""mps_l"": 20.802, ""hsf_k"": 20, ""hsf_na"": 8, ""hsf_nb"": 9, ""hsf_l"": 25.8392, ""sup"": 2, ""chi_bits0"": 8, ""mps_l0"": 33.4789, ""hsf_keff"": 8, ""hsf_l0"": 37.8392, ""sparse_l"": 9.6582, ""sv_l"": 24.6582, ""feat_secs"": 0.003566, ""feat_secs_frame"": 0.000807, ""feat_secs_hsf"": 0.002625}"
arith,"arith:bits=8,h=1,reps=4",1,"{""bits"": 8.0, ""h"": 1.0, ""reps"": 4.0}",plan,ok,0.001005,0.0066,2408448,0.0,0,0.0,0.0,engine=sparse aborted=[] plan_secs=0.000972,"{""n"": 17, ""gates"": 202, ""g2"": 128, ""g3"": 64, ""depth2"": 164, ""t_count"": 448, ""rotations"": 448, ""d"": 17, ""dense_l"": 25.4514, ""redundant"": 431, ""obs_zero"": false, ""frame_l"": 42.8074, ""chi_bits"": 2, ""mps_l"": 20.802, ""hsf_k"": 20, ""hsf_na"": 8, ""hsf_nb"": 9, ""hsf_l"": 25.8392, ""sup"": 2, ""chi_bits0"": 8, ""mps_l0"": 33.4789, ""hsf_keff"": 8, ""hsf_l0"": 37.8392, ""sparse_l"": 9.6582, ""sv_l"": 24.6582, ""feat_secs"": 0.003566, ""feat_secs_frame"": 0.000807, ""feat_secs_hsf"": 0.002625}"
arith,"arith:bits=8,h=2,reps=2",1,"{""bits"": 8.0, ""h"": 2.0, ""reps"": 2.0}",planx,ok,0.000581,0.0043,2375680,0.0,0,0.0,0.0,engine=sparse aborted=[] plan_secs=0.000529,"{""n"": 17, ""gates"": 107, ""g2"": 64, ""g3"": 32, ""depth2"": 82, ""t_count"": 224, ""rotations"": 224, ""d"": 17, ""dense_l"": 24.0565, ""redundant"": 207, ""obs_zero"": false, ""frame_l"": 41.8074, ""chi_bits"": 4, ""mps_l"": 24.9201, ""hsf_k"": 10, ""hsf_na"": 8, ""hsf_nb"": 9, ""hsf_l"": 21.5038, ""sup"": 4, ""chi_bits0"": 8, ""mps_l0"": 32.1003, ""hsf_keff"": 4, ""hsf_l0"": 27.5038, ""sparse_l"": 10.7415, ""sv_l"": 23.7415, ""feat_secs"": 0.003014, ""feat_secs_frame"": 0.000441, ""feat_secs_hsf"": 0.002498}"
arith,"arith:bits=8,h=2,reps=2",1,"{""bits"": 8.0, ""h"": 2.0, ""reps"": 2.0}",planp,ok,0.000621,0.0066,2359296,0.0,0,0.0,0.0,engine=sparse aborted=[] plan_secs=0.000565,"{""n"": 17, ""gates"": 107, ""g2"": 64, ""g3"": 32, ""depth2"": 82, ""t_count"": 224, ""rotations"": 224, ""d"": 17, ""dense_l"": 24.0565, ""redundant"": 207, ""obs_zero"": false, ""frame_l"": 41.8074, ""chi_bits"": 4, ""mps_l"": 24.9201, ""hsf_k"": 10, ""hsf_na"": 8, ""hsf_nb"": 9, ""hsf_l"": 21.5038, ""sup"": 4, ""chi_bits0"": 8, ""mps_l0"": 32.1003, ""hsf_keff"": 4, ""hsf_l0"": 27.5038, ""sparse_l"": 10.7415, ""sv_l"": 23.7415, ""feat_secs"": 0.003014, ""feat_secs_frame"": 0.000441, ""feat_secs_hsf"": 0.002498}"
arith,"arith:bits=8,h=2,reps=2",1,"{""bits"": 8.0, ""h"": 2.0, ""reps"": 2.0}",plan,ok,0.000552,0.0043,2326528,0.0,0,0.0,0.0,engine=sparse aborted=[] plan_secs=0.000502,"{""n"": 17, ""gates"": 107, ""g2"": 64, ""g3"": 32, ""depth2"": 82, ""t_count"": 224, ""rotations"": 224, ""d"": 17, ""dense_l"": 24.0565, ""redundant"": 207, ""obs_zero"": false, ""frame_l"": 41.8074, ""chi_bits"": 4, ""mps_l"": 24.9201, ""hsf_k"": 10, ""hsf_na"": 8, ""hsf_nb"": 9, ""hsf_l"": 21.5038, ""sup"": 4, ""chi_bits0"": 8, ""mps_l0"": 32.1003, ""hsf_keff"": 4, ""hsf_l0"": 27.5038, ""sparse_l"": 10.7415, ""sv_l"": 23.7415, ""feat_secs"": 0.003014, ""feat_secs_frame"": 0.000441, ""feat_secs_hsf"": 0.002498}"
arith,"arith:bits=8,h=4,reps=1",1,"{""bits"": 8.0, ""h"": 4.0, ""reps"": 1.0}",planx,ok,0.000503,0.0072,2408448,0.0,0,0.0,0.0,engine=sparse aborted=[] plan_secs=0.000295,"{""n"": 17, ""gates"": 60, ""g2"": 32, ""g3"": 16, ""depth2"": 41, ""t_count"": 112, ""rotations"": 112, ""d"": 17, ""dense_l"": 22.1463, ""redundant"": 95, ""obs_zero"": false, ""frame_l"": 40.8074, ""chi_bits"": 8, ""mps_l"": 31.193, ""hsf_k"": 5, ""hsf_na"": 8, ""hsf_nb"": 9, ""hsf_l"": 21.3038, ""sup"": 8, ""chi_bits0"": 8, ""mps_l0"": 31.193, ""hsf_keff"": 4, ""hsf_l0"": 22.3038, ""sparse_l"": 13.9069, ""sv_l"": 22.9069, ""feat_secs"": 0.002448, ""feat_secs_frame"": 0.000261, ""feat_secs_hsf"": 0.002125}"
arith,"arith:bits=8,h=4,reps=1",1,"{""bits"": 8.0, ""h"": 4.0, ""reps"": 1.0}",planp,ok,0.000512,0.0042,2424832,0.0,0,0.0,0.0,engine=sparse aborted=[] plan_secs=0.000306,"{""n"": 17, ""gates"": 60, ""g2"": 32, ""g3"": 16, ""depth2"": 41, ""t_count"": 112, ""rotations"": 112, ""d"": 17, ""dense_l"": 22.1463, ""redundant"": 95, ""obs_zero"": false, ""frame_l"": 40.8074, ""chi_bits"": 8, ""mps_l"": 31.193, ""hsf_k"": 5, ""hsf_na"": 8, ""hsf_nb"": 9, ""hsf_l"": 21.3038, ""sup"": 8, ""chi_bits0"": 8, ""mps_l0"": 31.193, ""hsf_keff"": 4, ""hsf_l0"": 22.3038, ""sparse_l"": 13.9069, ""sv_l"": 22.9069, ""feat_secs"": 0.002448, ""feat_secs_frame"": 0.000261, ""feat_secs_hsf"": 0.002125}"
arith,"arith:bits=8,h=4,reps=1",1,"{""bits"": 8.0, ""h"": 4.0, ""reps"": 1.0}",plan,ok,0.000565,0.0045,2424832,0.0,0,0.0,0.0,engine=sparse aborted=[] plan_secs=0.000338,"{""n"": 17, ""gates"": 60, ""g2"": 32, ""g3"": 16, ""depth2"": 41, ""t_count"": 112, ""rotations"": 112, ""d"": 17, ""dense_l"": 22.1463, ""redundant"": 95, ""obs_zero"": false, ""frame_l"": 40.8074, ""chi_bits"": 8, ""mps_l"": 31.193, ""hsf_k"": 5, ""hsf_na"": 8, ""hsf_nb"": 9, ""hsf_l"": 21.3038, ""sup"": 8, ""chi_bits0"": 8, ""mps_l0"": 31.193, ""hsf_keff"": 4, ""hsf_l0"": 22.3038, ""sparse_l"": 13.9069, ""sv_l"": 22.9069, ""feat_secs"": 0.002448, ""feat_secs_frame"": 0.000261, ""feat_secs_hsf"": 0.002125}"
arith,"arith:bits=8,h=4,reps=4",1,"{""bits"": 8.0, ""h"": 4.0, ""reps"": 4.0}",planx,ok,0.003893,0.0104,2719744,0.03906250000000001,0,0.03906250000000001,0.0,engine=sparse aborted=[] plan_secs=0.003109,"{""n"": 17, ""gates"": 204, ""g2"": 128, ""g3"": 64, ""depth2"": 164, ""t_count"": 448, ""rotations"": 448, ""d"": 17, ""dense_l"": 25.5369, ""redundant"": 431, ""obs_zero"": false, ""frame_l"": 42.8074, ""chi_bits"": 8, ""mps_l"": 33.4789, ""hsf_k"": 20, ""hsf_na"": 8, ""hsf_nb"": 9, ""hsf_l"": 25.8455, ""sup"": 8, ""chi_bits0"": 8, ""mps_l0"": 33.4789, ""hsf_keff"": 8, ""hsf_l0"": 37.8455, ""sparse_l"": 15.6724, ""sv_l"": 24.6724, ""feat_secs"": 0.003858, ""feat_secs_frame"": 0.000863, ""feat_secs_hsf"": 0.002851}"
arith,"arith:bits=8,h=4,reps=4",1,"{""bits"": 8.0, ""h"": 4.0, ""reps"": 4.0}",planp,ok,0.003227,0.0073,2703360,0.03906250000000001,0,0.03906250000000001,0.0,engine=sparse aborted=[] plan_secs=0.002464,"{""n"": 17, ""gates"": 204, ""g2"": 128, ""g3"": 64, ""depth2"": 164, ""t_count"": 448, ""rotations"": 448, ""d"": 17, ""dense_l"": 25.5369, ""redundant"": 431, ""obs_zero"": false, ""frame_l"": 42.8074, ""chi_bits"": 8, ""mps_l"": 33.4789, ""hsf_k"": 20, ""hsf_na"": 8, ""hsf_nb"": 9, ""hsf_l"": 25.8455, ""sup"": 8, ""chi_bits0"": 8, ""mps_l0"": 33.4789, ""hsf_keff"": 8, ""hsf_l0"": 37.8455, ""sparse_l"": 15.6724, ""sv_l"": 24.6724, ""feat_secs"": 0.003858, ""feat_secs_frame"": 0.000863, ""feat_secs_hsf"": 0.002851}"
arith,"arith:bits=8,h=4,reps=4",1,"{""bits"": 8.0, ""h"": 4.0, ""reps"": 4.0}",plan,ok,0.00327,0.0092,2703360,0.03906250000000001,0,0.03906250000000001,0.0,engine=sparse aborted=[] plan_secs=0.002504,"{""n"": 17, ""gates"": 204, ""g2"": 128, ""g3"": 64, ""depth2"": 164, ""t_count"": 448, ""rotations"": 448, ""d"": 17, ""dense_l"": 25.5369, ""redundant"": 431, ""obs_zero"": false, ""frame_l"": 42.8074, ""chi_bits"": 8, ""mps_l"": 33.4789, ""hsf_k"": 20, ""hsf_na"": 8, ""hsf_nb"": 9, ""hsf_l"": 25.8455, ""sup"": 8, ""chi_bits0"": 8, ""mps_l0"": 33.4789, ""hsf_keff"": 8, ""hsf_l0"": 37.8455, ""sparse_l"": 15.6724, ""sv_l"": 24.6724, ""feat_secs"": 0.003858, ""feat_secs_frame"": 0.000863, ""feat_secs_hsf"": 0.002851}"
arith,"arith:bits=8,h=6,reps=2",1,"{""bits"": 8.0, ""h"": 6.0, ""reps"": 2.0}",planx,ok,0.010378,0.0158,3555328,-1.409462824231156e-18,0,-1.409462824231156e-18,0.0,engine=sparse aborted=[] plan_secs=0.004259,"{""n"": 17, ""gates"": 110, ""g2"": 64, ""g3"": 32, ""depth2"": 82, ""t_count"": 224, ""rotations"": 224, ""d"": 17, ""dense_l"": 24.3436, ""redundant"": 207, ""obs_zero"": false, ""frame_l"": 41.8074, ""chi_bits"": 8, ""mps_l"": 32.1003, ""hsf_k"": 10, ""hsf_na"": 8, ""hsf_nb"": 9, ""hsf_l"": 23.5157, ""sup"": 12, ""chi_bits0"": 8, ""mps_l0"": 32.1003, ""hsf_keff"": 6, ""hsf_l0"": 27.5157, ""sparse_l"": 18.7814, ""sv_l"": 23.7814, ""feat_secs"": 0.003074, ""feat_secs_frame"": 0.000441, ""feat_secs_hsf"": 0.002555}"
arith,"arith:bits=8,h=6,reps=2",1,"{""bits"": 8.0, ""h"": 6.0, ""reps"": 2.0}",planp,ok,0.010515,0.0162,3571712,-1.409462824231156e-18,0,-1.409462824231156e-18,0.0,engine=sparse aborted=[] plan_secs=0.004017,"{""n"": 17, ""gates"": 110, ""g2"": 64, ""g3"": 32, ""depth2"": 82, ""t_count"": 224, ""rotations"": 224, ""d"": 17, ""dense_l"": 24.3436, ""redundant"": 207, ""obs_zero"": false, ""frame_l"": 41.8074, ""chi_bits"": 8, ""mps_l"": 32.1003, ""hsf_k"": 10, ""hsf_na"": 8, ""hsf_nb"": 9, ""hsf_l"": 23.5157, ""sup"": 12, ""chi_bits0"": 8, ""mps_l0"": 32.1003, ""hsf_keff"": 6, ""hsf_l0"": 27.5157, ""sparse_l"": 18.7814, ""sv_l"": 23.7814, ""feat_secs"": 0.003074, ""feat_secs_frame"": 0.000441, ""feat_secs_hsf"": 0.002555}"
arith,"arith:bits=8,h=6,reps=2",1,"{""bits"": 8.0, ""h"": 6.0, ""reps"": 2.0}",plan,ok,0.010103,0.0162,3555328,-1.409462824231156e-18,0,-1.409462824231156e-18,0.0,engine=sparse aborted=[] plan_secs=0.003819,"{""n"": 17, ""gates"": 110, ""g2"": 64, ""g3"": 32, ""depth2"": 82, ""t_count"": 224, ""rotations"": 224, ""d"": 17, ""dense_l"": 24.3436, ""redundant"": 207, ""obs_zero"": false, ""frame_l"": 41.8074, ""chi_bits"": 8, ""mps_l"": 32.1003, ""hsf_k"": 10, ""hsf_na"": 8, ""hsf_nb"": 9, ""hsf_l"": 23.5157, ""sup"": 12, ""chi_bits0"": 8, ""mps_l0"": 32.1003, ""hsf_keff"": 6, ""hsf_l0"": 27.5157, ""sparse_l"": 18.7814, ""sv_l"": 23.7814, ""feat_secs"": 0.003074, ""feat_secs_frame"": 0.000441, ""feat_secs_hsf"": 0.002555}"
arith,"arith:bits=10,h=0,reps=1",1,"{""bits"": 10.0, ""h"": 0.0, ""reps"": 1.0}",planx,ok,0.000385,0.0043,2277376,1.0,0,1.0,0.0,engine=sparse aborted=[] plan_secs=0.000366,"{""n"": 21, ""gates"": 72, ""g2"": 40, ""g3"": 20, ""depth2"": 51, ""t_count"": 140, ""rotations"": 140, ""d"": 19, ""dense_l"": 22.8088, ""redundant"": 121, ""obs_zero"": false, ""frame_l"": 45.1293, ""chi_bits"": 0, ""mps_l"": 14.0215, ""hsf_k"": 5, ""hsf_na"": 10, ""hsf_nb"": 11, ""hsf_l"": 23.098, ""sup"": 0, ""chi_bits0"": 10, ""mps_l0"": 36.7453, ""hsf_keff"": 2, ""hsf_l0"": 26.098, ""sparse_l"": 6.1699, ""sv_l"": 27.1699, ""feat_secs"": 0.004348, ""feat_secs_frame"": 0.000304, ""feat_secs_hsf"": 0.003982}"
arith,"arith:bits=10,h=0,reps=1",1,"{""bits"": 10.0, ""h"": 0.0, ""reps"": 1.0}",planp,ok,0.000397,0.0044,2293760,1.0,0,1.0,0.0,engine=sparse aborted=[] plan_secs=0.000379,"{""n"": 21, ""gates"": 72, ""g2"": 40, ""g3"": 20, ""depth2"": 51, ""t_count"": 140, ""rotations"": 140, ""d"": 19, ""dense_l"": 22.8088, ""redundant"": 121, ""obs_zero"": false, ""frame_l"": 45.1293, ""chi_bits"": 0, ""mps_l"": 14.0215, ""hsf_k"": 5, ""hsf_na"": 10, ""hsf_nb"": 11, ""hsf_l"": 23.098, ""sup"": 0, ""chi_bits0"": 10, ""mps_l0"": 36.7453, ""hsf_keff"": 2, ""hsf_l0"": 26.098, ""sparse_l"": 6.1699, ""sv_l"": 27.1699, ""feat_secs"": 0.004348, ""feat_secs_frame"": 0.000304, ""feat_secs_hsf"": 0.003982}"
arith,"arith:bits=10,h=0,reps=1",1,"{""bits"": 10.0, ""h"": 0.0, ""reps"": 1.0}",plan,ok,0.000435,0.0066,2293760,1.0,0,1.0,0.0,engine=sparse aborted=[] plan_secs=0.000418,"{""n"": 21, ""gates"": 72, ""g2"": 40, ""g3"": 20, ""depth2"": 51, ""t_count"": 140, ""rotations"": 140, ""d"": 19, ""dense_l"": 22.8088, ""redundant"": 121, ""obs_zero"": false, ""frame_l"": 45.1293, ""chi_bits"": 0, ""mps_l"": 14.0215, ""hsf_k"": 5, ""hsf_na"": 10, ""hsf_nb"": 11, ""hsf_l"": 23.098, ""sup"": 0, ""chi_bits0"": 10, ""mps_l0"": 36.7453, ""hsf_keff"": 2, ""hsf_l0"": 26.098, ""sparse_l"": 6.1699, ""sv_l"": 27.1699, ""feat_secs"": 0.004348, ""feat_secs_frame"": 0.000304, ""feat_secs_hsf"": 0.003982}"
arith,"arith:bits=10,h=0,reps=4",1,"{""bits"": 10.0, ""h"": 0.0, ""reps"": 4.0}",planx,ok,0.001279,0.0067,2473984,1.0,0,1.0,0.0,engine=sparse aborted=[] plan_secs=0.001241,"{""n"": 21, ""gates"": 252, ""g2"": 160, ""g3"": 80, ""depth2"": 204, ""t_count"": 560, ""rotations"": 560, ""d"": 19, ""dense_l"": 27.7616, ""redundant"": 541, ""obs_zero"": false, ""frame_l"": 47.1293, ""chi_bits"": 0, ""mps_l"": 15.5359, ""hsf_k"": 20, ""hsf_na"": 10, ""hsf_nb"": 11, ""hsf_l"": 29.3174, ""sup"": 0, ""chi_bits0"": 10, ""mps_l0"": 39.3971, ""hsf_keff"": 8, ""hsf_l0"": 41.3174, ""sparse_l"": 7.9773, ""sv_l"": 28.9773, ""feat_secs"": 0.006748, ""feat_secs_frame"": 0.001158, ""feat_secs_hsf"": 0.005417}"
arith,"arith:bits=10,h=0,reps=4",1,"{""bits"": 10.0, ""h"": 0.0, ""reps"": 4.0}",planp,ok,0.001215,0.0072,2457600,1.0,0,1.0,0.0,engine=sparse aborted=[] plan_secs=0.001184,"{""n"": 21, ""gates"": 252, ""g2"": 160, ""g3"": 80, ""depth2"": 204, ""t_count"": 560, ""rotations"": 560, ""d"": 19, ""dense_l"": 27.7616, ""redundant"": 541, ""obs_zero"": false, ""frame_l"": 47.1293, ""chi_bits"": 0, ""mps_l"": 15.5359, ""hsf_k"": 20, ""hsf_na"": 10, ""hsf_nb"": 11, ""hsf_l"": 29.3174, ""sup"": 0, ""chi_bits0"": 10, ""mps_l0"": 39.3971, ""hsf_keff"": 8, ""hsf_l0"": 41.3174, ""sparse_l"": 7.9773, ""sv_l"": 28.9773, ""feat_secs"": 0.006748, ""feat_secs_frame"": 0.001158, ""feat_secs_hsf"": 0.005417}"
arith,"arith:bits=10,h=0,reps=4",1,"{""bits"": 10.0, ""h"": 0.0, ""reps"": 4.0}",plan,ok,0.001209,0.0067,2457600,1.0,0,1.0,0.0,engine=sparse aborted=[] plan_secs=0.001177,"{""n"": 21, ""gates"": 252, ""g2"": 160, ""g3"": 80, ""depth2"": 204, ""t_count"": 560, ""rotations"": 560, ""d"": 19, ""dense_l"": 27.7616, ""redundant"": 541, ""obs_zero"": false, ""frame_l"": 47.1293, ""chi_bits"": 0, ""mps_l"": 15.5359, ""hsf_k"": 20, ""hsf_na"": 10, ""hsf_nb"": 11, ""hsf_l"": 29.3174, ""sup"": 0, ""chi_bits0"": 10, ""mps_l0"": 39.3971, ""hsf_keff"": 8, ""hsf_l0"": 41.3174, ""sparse_l"": 7.9773, ""sv_l"": 28.9773, ""feat_secs"": 0.006748, ""feat_secs_frame"": 0.001158, ""feat_secs_hsf"": 0.005417}"
arith,"arith:bits=10,h=1,reps=2",1,"{""bits"": 10.0, ""h"": 1.0, ""reps"": 2.0}",planx,ok,0.000666,0.0044,2392064,-0.5000000000000002,0,-0.5000000000000002,0.0,engine=sparse aborted=[] plan_secs=0.000635,"{""n"": 21, ""gates"": 133, ""g2"": 80, ""g3"": 40, ""depth2"": 102, ""t_count"": 280, ""rotations"": 280, ""d"": 21, ""dense_l"": 28.2669, ""redundant"": 259, ""obs_zero"": false, ""frame_l"": 50.1293, ""chi_bits"": 2, ""mps_l"": 20.1638, ""hsf_k"": 10, ""hsf_na"": 10, ""hsf_nb"": 11, ""hsf_l"": 25.1762, ""sup"": 2, ""chi_bits0"": 10, ""mps_l0"": 37.8784, ""hsf_keff"": 4, ""hsf_l0"": 31.1762, ""sparse_l"": 9.0553, ""sv_l"": 28.0553, ""feat_secs"": 0.005951, ""feat_secs_frame"": 0.000596, ""feat_secs_hsf"": 0.005267}"
arith,"arith:bits=10,h=1,reps=2",1,"{""bits"": 10.0, ""h"": 1.0, ""reps"": 2.0}",planp,ok,0.000834,0.0077,2375680,-0.5000000000000002,0,-0.5000000000000002,0.0,engine=sparse aborted=[] plan_secs=0.000789,"{""n"": 21, ""gates"": 133, ""g2"": 80, ""g3"": 40, ""depth2"": 102, ""t_count"": 280, ""rotations"": 280, ""d"": 21, ""dense_l"": 28.2669, ""redundant"": 259, ""obs_zero"": false, ""frame_l"": 50.1293, ""chi_bits"": 2, ""mps_l"": 20.1638, ""hsf_k"": 10, ""hsf_na"": 10, ""hsf_nb"": 11, ""hsf_l"": 25.1762, ""sup"": 2, ""chi_bits0"": 10, ""mps_l0"": 37.8784, ""hsf_keff"": 4, ""hsf_l0"": 31.1762, ""sparse_l"": 9.0553, ""sv_l"": 28.0553, ""feat_secs"": 0.005951, ""feat_secs_frame"": 0.000596, ""feat_secs_hsf"": 0.005267}"
arith,"arith:bits=10,h=1,reps=2",1,"{""bits"": 10.0, ""h"": 1.0, ""reps"": 2.0}",plan,ok,0.000665,0.0044,2392064,-0.5000000000000002,0,-0.5000000000000002,0.0,engine=sparse aborted=[] plan_secs=0.000633,"{""n"": 21, ""gates"": 133, ""g2"": 80, ""g3"": 40, ""depth2"": 102, ""t_count"": 280, ""rotations"": 280, ""d"": 21, ""dense_l"": 28.2669, ""redundant"": 259, ""obs_zero"": false, ""frame_l"": 50.1293, ""chi_bits"": 2, ""mps_l"": 20.1638, ""hsf_k"": 10, ""hsf_na"": 10, ""hsf_nb"": 11, ""hsf_l"": 25.1762, ""sup"": 2, ""chi_bits0"": 10, ""mps_l0"": 37.8784, ""hsf_keff"": 4, ""hsf_l0"": 31.1762, ""sparse_l"": 9.0553, ""sv_l"": 28.0553, ""feat_secs"": 0.005951, ""feat_secs_frame"": 0.000596, ""feat_secs_hsf"": 0.005267}"
arith,"arith:bits=10,h=2,reps=1",1,"{""bits"": 10.0, ""h"": 2.0, ""reps"": 1.0}",planx,ok,0.000479,0.0067,2359296,-0.2500000000000001,0,-0.2500000000000001,0.0,engine=sparse aborted=[] plan_secs=0.000436,"{""n"": 21, ""gates"": 74, ""g2"": 40, ""g3"": 20, ""depth2"": 51, ""t_count"": 140, ""rotations"": 140, ""d"": 21, ""dense_l"": 25.3942, ""redundant"": 119, ""obs_zero"": false, ""frame_l"": 49.1293, ""chi_bits"": 4, ""mps_l"": 24.8556, ""hsf_k"": 5, ""hsf_na"": 10, ""hsf_nb"": 11, ""hsf_l"": 23.1007, ""sup"": 4, ""chi_bits0"": 10, ""mps_l0"": 36.7453, ""hsf_keff"": 2, ""hsf_l0"": 26.1007, ""sparse_l"": 10.2095, ""sv_l"": 27.2095, ""feat_secs"": 0.00437, ""feat_secs_frame"": 0.000315, ""feat_secs_hsf"": 0.003987}"
arith,"arith:bits=10,h=2,reps=1",1,"{""bits"": 10.0, ""h"": 2.0, ""reps"": 1.0}",planp,ok,0.000436,0.0044,2359296,-0.2500000000000001,0,-0.2500000000000001,0.0,engine=sparse aborted=[] plan_secs=0.000394,"{""n"": 21, ""gates"": 74, ""g2"": 40, ""g3"": 20, ""depth2"": 51, ""t_count"": 140, ""rotations"": 140, ""d"": 21, ""dense_l"": 25.3942, ""redundant"": 119, ""obs_zero"": false, ""frame_l"": 49.1293, ""chi_bits"": 4, ""mps_l"": 24.8556, ""hsf_k"": 5, ""hsf_na"": 10, ""hsf_nb"": 11, ""hsf_l"": 23.1007, ""sup"": 4, ""chi_bits0"": 10, ""mps_l0"": 36.7453, ""hsf_keff"": 2, ""hsf_l0"": 26.1007, ""sparse_l"": 10.2095, ""sv_l"": 27.2095, ""feat_secs"": 0.00437, ""feat_secs_frame"": 0.000315, ""feat_secs_hsf"": 0.003987}"
arith,"arith:bits=10,h=2,reps=1",1,"{""bits"": 10.0, ""h"": 2.0, ""reps"": 1.0}",plan,ok,0.000387,0.0043,2326528,-0.2500000000000001,0,-0.2500000000000001,0.0,engine=sparse aborted=[] plan_secs=0.000346,"{""n"": 21, ""gates"": 74, ""g2"": 40, ""g3"": 20, ""depth2"": 51, ""t_count"": 140, ""rotations"": 140, ""d"": 21, ""dense_l"": 25.3942, ""redundant"": 119, ""obs_zero"": false, ""frame_l"": 49.1293, ""chi_bits"": 4, ""mps_l"": 24.8556, ""hsf_k"": 5, ""hsf_na"": 10, ""hsf_nb"": 11, ""hsf_l"": 23.1007, ""sup"": 4, ""chi_bits0"": 10, ""mps_l0"": 36.7453, ""hsf_keff"": 2, ""hsf_l0"": 26.1007, ""sparse_l"": 10.2095, ""sv_l"": 27.2095, ""feat_secs"": 0.00437, ""feat_secs_frame"": 0.000315, ""feat_secs_hsf"": 0.003987}"
arith,"arith:bits=10,h=2,reps=4",1,"{""bits"": 10.0, ""h"": 2.0, ""reps"": 4.0}",planx,ok,0.001285,0.0065,2523136,0.3750000000000001,0,0.3750000000000001,0.0,engine=sparse aborted=[] plan_secs=0.001184,"{""n"": 21, ""gates"": 254, ""g2"": 160, ""g3"": 80, ""depth2"": 204, ""t_count"": 560, ""rotations"": 560, ""d"": 21, ""dense_l"": 29.7847, ""redundant"": 539, ""obs_zero"": false, ""frame_l"": 51.1293, ""chi_bits"": 4, ""mps_l"": 26.6657, ""hsf_k"": 20, ""hsf_na"": 10, ""hsf_nb"": 11, ""hsf_l"": 29.3197, ""sup"": 4, ""chi_bits0"": 10, ""mps_l0"": 39.3971, ""hsf_keff"": 8, ""hsf_l0"": 41.3197, ""sparse_l"": 11.9887, ""sv_l"": 28.9887, ""feat_secs"": 0.006564, ""feat_secs_frame"": 0.001032, ""feat_secs_hsf"": 0.005371}"
arith,"arith:bits=10,h=2,reps=4",1,"{""bits"": 10.0, ""h"": 2.0, ""reps"": 4.0}",planp,ok,0.001271,0.0075,2539520,0.3750000000000001,0,0.3750000000000001,0.0,engine=sparse aborted=[] plan_secs=0.001172,"{""n"": 21, ""gates"": 254, ""g2"": 160, ""g3"": 80, ""depth2"": 204, ""t_count"": 560, ""rotations"": 560, ""d"": 21, ""dense_l"": 29.7847, ""redundant"": 539, ""obs_zero"": false, ""frame_l"": 51.1293, ""chi_bits"": 4, ""mps_l"": 26.6657, ""hsf_k"": 20, ""hsf_na"": 10, ""hsf_nb"": 11, ""hsf_l"": 29.3197, ""sup"": 4, ""chi_bits0"": 10, ""mps_l0"": 39.3971, ""hsf_keff"": 8, ""hsf_l0"": 41.3197, ""sparse_l"": 11.9887, ""sv_l"": 28.9887, ""feat_secs"": 0.006564, ""feat_secs_frame"": 0.001032, ""feat_secs_hsf"": 0.005371}"
arith,"arith:bits=10,h=2,reps=4",1,"{""bits"": 10.0, ""h"": 2.0, ""reps"": 4.0}",plan,ok,0.001298,0.0068,2523136,0.3750000000000001,0,0.3750000000000001,0.0,engine=sparse aborted=[] plan_secs=0.001200,"{""n"": 21, ""gates"": 254, ""g2"": 160, ""g3"": 80, ""depth2"": 204, ""t_count"": 560, ""rotations"": 560, ""d"": 21, ""dense_l"": 29.7847, ""redundant"": 539, ""obs_zero"": false, ""frame_l"": 51.1293, ""chi_bits"": 4, ""mps_l"": 26.6657, ""hsf_k"": 20, ""hsf_na"": 10, ""hsf_nb"": 11, ""hsf_l"": 29.3197, ""sup"": 4, ""chi_bits0"": 10, ""mps_l0"": 39.3971, ""hsf_keff"": 8, ""hsf_l0"": 41.3197, ""sparse_l"": 11.9887, ""sv_l"": 28.9887, ""feat_secs"": 0.006564, ""feat_secs_frame"": 0.001032, ""feat_secs_hsf"": 0.005371}"
arith,"arith:bits=10,h=4,reps=2",1,"{""bits"": 10.0, ""h"": 4.0, ""reps"": 2.0}",planx,ok,0.001192,0.0074,2523136,0.0,0,0.0,0.0,engine=sparse aborted=[] plan_secs=0.000650,"{""n"": 21, ""gates"": 135, ""g2"": 80, ""g3"": 40, ""depth2"": 102, ""t_count"": 280, ""rotations"": 280, ""d"": 21, ""dense_l"": 28.4521, ""redundant"": 259, ""obs_zero"": false, ""frame_l"": 50.1293, ""chi_bits"": 8, ""mps_l"": 35.3433, ""hsf_k"": 10, ""hsf_na"": 10, ""hsf_nb"": 11, ""hsf_l"": 25.1787, ""sup"": 8, ""chi_bits0"": 10, ""mps_l0"": 37.8784, ""hsf_keff"": 4, ""hsf_l0"": 31.1787, ""sparse_l"": 15.0768, ""sv_l"": 28.0768, ""feat_secs"": 0.005991, ""feat_secs_frame"": 0.000568, ""feat_secs_hsf"": 0.005329}"
arith,"arith:bits=10,h=4,reps=2",1,"{""bits"": 10.0, ""h"": 4.0, ""reps"": 2.0}",planp,ok,0.001202,0.0067,2539520,0.0,0,0.0,0.0,engine=sparse aborted=[] plan_secs=0.000652,"{""n"": 21, ""gates"": 135, ""g2"": 80, ""g3"": 40, ""depth2"": 102, ""t_count"": 280, ""rotations"": 280, ""d"": 21, ""dense_l"": 28.4521, ""redundant"": 259, ""obs_zero"": false, ""frame_l"": 50.1293, ""chi_bits"": 8, ""mps_l"": 35.3433, ""hsf_k"": 10, ""hsf_na"": 10, ""hsf_nb"": 11, ""hsf_l"": 25.1787, ""sup"": 8, ""chi_bits0"": 10, ""mps_l0"": 37.8784, ""hsf_keff"": 4, ""hsf_l0"": 31.1787, ""sparse_l"": 15.0768, ""sv_l"": 28.0768, ""feat_secs"": 0.005991, ""feat_secs_frame"": 0.000568, ""feat_secs_hsf"": 0.005329}"
arith,"arith:bits=10,h=4,reps=2",1,"{""bits"": 10.0, ""h"": 4.0, ""reps"": 2.0}",plan,ok,0.001253,0.0070,2555904,0.0,0,0.0,0.0,engine=sparse aborted=[] plan_secs=0.000739,"{""n"": 21, ""gates"": 135, ""g2"": 80, ""g3"": 40, ""depth2"": 102, ""t_count"": 280, ""rotations"": 280, ""d"": 21, ""dense_l"": 28.4521, ""redundant"": 259, ""obs_zero"": false, ""frame_l"": 50.1293, ""chi_bits"": 8, ""mps_l"": 35.3433, ""hsf_k"": 10, ""hsf_na"": 10, ""hsf_nb"": 11, ""hsf_l"": 25.1787, ""sup"": 8, ""chi_bits0"": 10, ""mps_l0"": 37.8784, ""hsf_keff"": 4, ""hsf_l0"": 31.1787, ""sparse_l"": 15.0768, ""sv_l"": 28.0768, ""feat_secs"": 0.005991, ""feat_secs_frame"": 0.000568, ""feat_secs_hsf"": 0.005329}"
arith,"arith:bits=10,h=6,reps=1",1,"{""bits"": 10.0, ""h"": 6.0, ""reps"": 1.0}",planx,ok,0.005435,0.0104,3244032,1.301042606982605e-18,0,1.301042606982605e-18,0.0,engine=sparse aborted=[] plan_secs=0.000959,"{""n"": 21, ""gates"": 76, ""g2"": 40, ""g3"": 20, ""depth2"": 51, ""t_count"": 140, ""rotations"": 140, ""d"": 21, ""dense_l"": 26.6269, ""redundant"": 119, ""obs_zero"": false, ""frame_l"": 49.1293, ""chi_bits"": 10, ""mps_l"": 36.7453, ""hsf_k"": 5, ""hsf_na"": 10, ""hsf_nb"": 11, ""hsf_l"": 25.1033, ""sup"": 12, ""chi_bits0"": 10, ""mps_l0"": 36.7453, ""hsf_keff"": 4, ""hsf_l0"": 26.1033, ""sparse_l"": 18.2479, ""sv_l"": 27.2479, ""feat_secs"": 0.004356, ""feat_secs_frame"": 0.000318, ""feat_secs_hsf"": 0.003971}"
arith,"arith:bits=10,h=6,reps=1",1,"{""bits"": 10.0, ""h"": 6.0, ""reps"": 1.0}",planp,ok,0.005105,0.0101,3244032,1.301042606982605e-18,0,1.301042606982605e-18,0.0,engine=sparse aborted=[] plan_secs=0.000988,"{""n"": 21, ""gates"": 76, ""g2"": 40, ""g3"": 20, ""depth2"": 51, ""t_count"": 140, ""rotations"": 140, ""d"": 21, ""dense_l"": 26.6269, ""redundant"": 119, ""obs_zero"": false, ""frame_l"": 49.1293, ""chi_bits"": 10, ""mps_l"": 36.7453, ""hsf_k"": 5, ""hsf_na"": 10, ""hsf_nb"": 11, ""hsf_l"": 25.1033, ""sup"": 12, ""chi_bits0"": 10, ""mps_l0"": 36.7453, ""hsf_keff"": 4, ""hsf_l0"": 26.1033, ""sparse_l"": 18.2479, ""sv_l"": 27.2479, ""feat_secs"": 0.004356, ""feat_secs_frame"": 0.000318, ""feat_secs_hsf"": 0.003971}"
arith,"arith:bits=10,h=6,reps=1",1,"{""bits"": 10.0, ""h"": 6.0, ""reps"": 1.0}",plan,ok,0.005141,0.0092,3244032,1.301042606982605e-18,0,1.301042606982605e-18,0.0,engine=sparse aborted=[] plan_secs=0.000943,"{""n"": 21, ""gates"": 76, ""g2"": 40, ""g3"": 20, ""depth2"": 51, ""t_count"": 140, ""rotations"": 140, ""d"": 21, ""dense_l"": 26.6269, ""redundant"": 119, ""obs_zero"": false, ""frame_l"": 49.1293, ""chi_bits"": 10, ""mps_l"": 36.7453, ""hsf_k"": 5, ""hsf_na"": 10, ""hsf_nb"": 11, ""hsf_l"": 25.1033, ""sup"": 12, ""chi_bits0"": 10, ""mps_l0"": 36.7453, ""hsf_keff"": 4, ""hsf_l0"": 26.1033, ""sparse_l"": 18.2479, ""sv_l"": 27.2479, ""feat_secs"": 0.004356, ""feat_secs_frame"": 0.000318, ""feat_secs_hsf"": 0.003971}"
arith,"arith:bits=10,h=6,reps=4",1,"{""bits"": 10.0, ""h"": 6.0, ""reps"": 4.0}",planx,ok,0.026062,0.0303,3555328,-0.0048828125,0,-0.0048828125,0.0,engine=sparse aborted=[] plan_secs=0.009156,"{""n"": 21, ""gates"": 256, ""g2"": 160, ""g3"": 80, ""depth2"": 204, ""t_count"": 560, ""rotations"": 560, ""d"": 21, ""dense_l"": 29.8747, ""redundant"": 539, ""obs_zero"": false, ""frame_l"": 51.1293, ""chi_bits"": 10, ""mps_l"": 39.3971, ""hsf_k"": 20, ""hsf_na"": 10, ""hsf_nb"": 11, ""hsf_l"": 33.3219, ""sup"": 12, ""chi_bits0"": 10, ""mps_l0"": 39.3971, ""hsf_keff"": 12, ""hsf_l0"": 41.3219, ""sparse_l"": 20.0, ""sv_l"": 29.0, ""feat_secs"": 0.006521, ""feat_secs_frame"": 0.001067, ""feat_secs_hsf"": 0.00529}"
arith,"arith:bits=10,h=6,reps=4",1,"{""bits"": 10.0, ""h"": 6.0, ""reps"": 4.0}",planp,ok,0.02776,0.0319,4341760,-0.0048828125,0,-0.0048828125,0.0,engine=sparse aborted=[] plan_secs=0.011603,"{""n"": 21, ""gates"": 256, ""g2"": 160, ""g3"": 80, ""depth2"": 204, ""t_count"": 560, ""rotations"": 560, ""d"": 21, ""dense_l"": 29.8747, ""redundant"": 539, ""obs_zero"": false, ""frame_l"": 51.1293, ""chi_bits"": 10, ""mps_l"": 39.3971, ""hsf_k"": 20, ""hsf_na"": 10, ""hsf_nb"": 11, ""hsf_l"": 33.3219, ""sup"": 12, ""chi_bits0"": 10, ""mps_l0"": 39.3971, ""hsf_keff"": 12, ""hsf_l0"": 41.3219, ""sparse_l"": 20.0, ""sv_l"": 29.0, ""feat_secs"": 0.006521, ""feat_secs_frame"": 0.001067, ""feat_secs_hsf"": 0.00529}"
arith,"arith:bits=10,h=6,reps=4",1,"{""bits"": 10.0, ""h"": 6.0, ""reps"": 4.0}",plan,ok,0.025852,0.0303,3506176,-0.0048828125,0,-0.0048828125,0.0,engine=sparse aborted=[] plan_secs=0.009128,"{""n"": 21, ""gates"": 256, ""g2"": 160, ""g3"": 80, ""depth2"": 204, ""t_count"": 560, ""rotations"": 560, ""d"": 21, ""dense_l"": 29.8747, ""redundant"": 539, ""obs_zero"": false, ""frame_l"": 51.1293, ""chi_bits"": 10, ""mps_l"": 39.3971, ""hsf_k"": 20, ""hsf_na"": 10, ""hsf_nb"": 11, ""hsf_l"": 33.3219, ""sup"": 12, ""chi_bits0"": 10, ""mps_l0"": 39.3971, ""hsf_keff"": 12, ""hsf_l0"": 41.3219, ""sparse_l"": 20.0, ""sv_l"": 29.0, ""feat_secs"": 0.006521, ""feat_secs_frame"": 0.001067, ""feat_secs_hsf"": 0.00529}"
arith,"arith:bits=12,h=0,reps=2",1,"{""bits"": 12.0, ""h"": 0.0, ""reps"": 2.0}",planx,ok,0.000874,0.0067,2375680,-1.0,0,-1.0,0.0,engine=sparse aborted=[] plan_secs=0.000850,"{""n"": 25, ""gates"": 157, ""g2"": 96, ""g3"": 48, ""depth2"": 122, ""t_count"": 336, ""rotations"": 336, ""d"": 23, ""dense_l"": 30.5078, ""redundant"": 313, ""obs_zero"": false, ""frame_l"": 54.3923, ""chi_bits"": 0, ""mps_l"": 14.81, ""hsf_k"": 10, ""hsf_na"": 12, ""hsf_nb"": 13, ""hsf_l"": 29.0543, ""sup"": 0, ""chi_bits0"": 12, ""mps_l0"": 43.6178, ""hsf_keff"": 4, ""hsf_l0"": 35.0543, ""sparse_l"": 7.2946, ""sv_l"": 32.2946, ""feat_secs"": 0.010479, ""feat_secs_frame"": 0.000728, ""feat_secs_hsf"": 0.009634}"
arith,"arith:bits=12,h=0,reps=2",1,"{""bits"": 12.0, ""h"": 0.0, ""reps"": 2.0}",planp,ok,0.000791,0.0074,2375680,-1.0,0,-1.0,0.0,engine=sparse aborted=[] plan_secs=0.000766,"{""n"": 25, ""gates"": 157, ""g2"": 96, ""g3"": 48, ""depth2"": 122, ""t_count"": 336, ""rotations"": 336, ""d"": 23, ""dense_l"": 30.5078, ""redundant"": 313, ""obs_zero"": false, ""frame_l"": 54.3923, ""chi_bits"": 0, ""mps_l"": 14.81, ""hsf_k"": 10, ""hsf_na"": 12, ""hsf_nb"": 13, ""hsf_l"": 29.0543, ""sup"": 0, ""chi_bits0"": 12, ""mps_l0"": 43.6178, ""hsf_keff"": 4, ""hsf_l0"": 35.0543, ""sparse_l"": 7.2946, ""sv_l"": 32.2946, ""feat_secs"": 0.010479, ""feat_secs_frame"": 0.000728, ""feat_secs_hsf"": 0.009634}"
arith,"arith:bits=12,h=0,reps=2",1,"{""bits"": 12.0, ""h"": 0.0, ""reps"": 2.0}",plan,ok,0.000796,0.0066,2375680,-1.0,0,-1.0,0.0,engine=sparse aborted=[] plan_secs=0.000772,"{""n"": 25, ""gates"": 157, ""g2"": 96, ""g3"": 48, ""depth2"": 122, ""t_count"": 336, ""rotations"": 336, ""d"": 23, ""dense_l"": 30.5078, ""redundant"": 313, ""obs_zero"": false, ""frame_l"": 54.3923, ""chi_bits"": 0, ""mps_l"": 14.81, ""hsf_k"": 10, ""hsf_na"": 12, ""hsf_nb"": 13, ""hsf_l"": 29.0543, ""sup"": 0, ""chi_bits0"": 12, ""mps_l0"": 43.6178, ""hsf_keff"": 4, ""hsf_l0"": 35.0543, ""sparse_l"": 7.2946, ""sv_l"": 32.2946, ""feat_secs"": 0.010479, ""feat_secs_frame"": 0.000728, ""feat_secs_hsf"": 0.009634}"
arith,"arith:bits=12,h=1,reps=1",1,"{""bits"": 12.0, ""h"": 1.0, ""reps"": 1.0}",planx,ok,0.000443,0.0044,2277376,0.0,0,0.0,0.0,engine=sparse aborted=[] plan_secs=0.000422,"{""n"": 25, ""gates"": 87, ""g2"": 48, ""g3"": 24, ""depth2"": 61, ""t_count"": 168, ""rotations"": 168, ""d"": 25, ""dense_l"": 28.8077, ""redundant"": 143, ""obs_zero"": false, ""frame_l"": 57.3923, ""chi_bits"": 2, ""mps_l"": 19.9742, ""hsf_k"": 5, ""hsf_na"": 12, ""hsf_nb"": 13, ""hsf_l"": 27.0303, ""sup"": 2, ""chi_bits0"": 12, ""mps_l0"": 42.0962, ""hsf_keff"": 2, ""hsf_l0"": 30.0303, ""sparse_l"": 8.4429, ""sv_l"": 31.4429, ""feat_secs"": 0.00805, ""feat_secs_frame"": 0.000428, ""feat_secs_hsf"": 0.007541}"
arith,"arith:bits=12,h=1,reps=1",1,"{""bits"": 12.0, ""h"": 1.0, ""reps"": 1.0}",planp,ok,0.000555,0.0044,2310144,0.0,0,0.0,0.0,engine=sparse aborted=[] plan_secs=0.000521,"{""n"": 25, ""gates"": 87, ""g2"": 48, ""g3"": 24, ""depth2"": 61, ""t_count"": 168, ""rotations"": 168, ""d"": 25, ""dense_l"": 28.8077, ""redundant"": 143, ""obs_zero"": false, ""frame_l"": 57.3923, ""chi_bits"": 2, ""mps_l"": 19.9742, ""hsf_k"": 5, ""hsf_na"": 12, ""hsf_nb"": 13, ""hsf_l"": 27.0303, ""sup"": 2, ""chi_bits0"": 12, ""mps_l0"": 42.0962, ""hsf_keff"": 2, ""hsf_l0"": 30.0303, ""sparse_l"": 8.4429, ""sv_l"": 31.4429, ""feat_secs"": 0.00805, ""feat_secs_frame"": 0.000428, ""feat_secs_hsf"": 0.007541}"
arith,"arith:bits=12,h=1,reps=1",1,"{""bits"": 12.0, ""h"": 1.0, ""reps"": 1.0}",plan,ok,0.000526,0.0066,2293760,0.0,0,0.0,0.0,engine=sparse aborted=[] plan_secs=0.000503,"{""n"": 25, ""gates"": 87, ""g2"": 48, ""g3"": 24, ""depth2"": 61, ""t_count"": 168, ""rotations"": 168, ""d"": 25, ""dense_l"": 28.8077, ""redundant"": 143, ""obs_zero"": false, ""frame_l"": 57.3923, ""chi_bits"": 2, ""mps_l"": 19.9742, ""hsf_k"": 5, ""hsf_na"": 12, ""hsf_nb"": 13, ""hsf_l"": 27.0303, ""sup"": 2, ""chi_bits0"": 12, ""mps_l0"": 42.0962, ""hsf_keff"": 2, ""hsf_l0"": 30.0303, ""sparse_l"": 8.4429, ""sv_l"": 31.4429, ""feat_secs"": 0.00805, ""feat_secs_frame"": 0.000428, ""feat_secs_hsf"": 0.007541}"
arith,"arith:bits=12,h=1,reps=4",1,"{""bits"": 12.0, ""h"": 1.0, ""reps"": 4.0}",planx,ok,0.00155,0.0067,2572288,0.0,0,0.0,0.0,engine=sparse aborted=[] plan_secs=0.001496,"{""n"": 25, ""gates"": 303, ""g2"": 192, ""g3"": 96, ""depth2"": 244, ""t_count"": 672, ""rotations"": 672, ""d"": 25, ""dense_l"": 34.0168, ""redundant"": 647, ""obs_zero"": false, ""frame_l"": 59.3923, ""chi_bits"": 2, ""mps_l"": 21.5219, ""hsf_k"": 20, ""hsf_na"": 12, ""hsf_nb"": 13, ""hsf_l"": 33.103, ""sup"": 2, ""chi_bits0"": 12, ""mps_l0"": 45.3113, ""hsf_keff"": 8, ""hsf_l0"": 45.103, ""sparse_l"": 10.2432, ""sv_l"": 33.2432, ""feat_secs"": 0.011116, ""feat_secs_frame"": 0.001247, ""feat_secs_hsf"": 0.009686}"
arith,"arith:bits=12,h=1,reps=4",1,"{""bits"": 12.0, ""h"": 1.0, ""reps"": 4.0}",planp,ok,0.001486,0.0063,2555904,0.0,0,0.0,0.0,engine=sparse aborted=[] plan_secs=0.001437,"{""n"": 25, ""gates"": 303, ""g2"": 192, ""g3"": 96, ""depth2"": 244, ""t_count"": 672, ""rotations"": 672, ""d"": 25, ""dense_l"": 34.0168, ""redundant"": 647, ""obs_zero"": false, ""frame_l"": 59.3923, ""chi_bits"": 2, ""mps_l"": 21.5219, ""hsf_k"": 20, ""hsf_na"": 12, ""hsf_nb"": 13, ""hsf_l"": 33.103, ""sup"": 2, ""chi_bits0"": 12, ""mps_l0"": 45.3113, ""hsf_keff"": 8, ""hsf_l0"": 45.103, ""sparse_l"": 10.2432, ""sv_l"": 33.2432, ""feat_secs"": 0.011116, ""feat_secs_frame"": 0.001247, ""feat_secs_hsf"": 0.009686}"
arith,"arith:bits=12,h=1,reps=4",1,"{""bits"": 12.0, ""h"": 1.0, ""reps"": 4.0}",plan,ok,0.001492,0.0067,2555904,0.0,0,0.0,0.0,engine=sparse aborted=[] plan_secs=0.001442,"{""n"": 25, ""gates"": 303, ""g2"": 192, ""g3"": 96, ""depth2"": 244, ""t_count"": 672, ""rotations"": 672, ""d"": 25, ""dense_l"": 34.0168, ""redundant"": 647, ""obs_zero"": false, ""frame_l"": 59.3923, ""chi_bits"": 2, ""mps_l"": 21.5219, ""hsf_k"": 20, ""hsf_na"": 12, ""hsf_nb"": 13, ""hsf_l"": 33.103, ""sup"": 2, ""chi_bits0"": 12, ""mps_l0"": 45.3113, ""hsf_keff"": 8, ""hsf_l0"": 45.103, ""sparse_l"": 10.2432, ""sv_l"": 33.2432, ""feat_secs"": 0.011116, ""feat_secs_frame"": 0.001247, ""feat_secs_hsf"": 0.009686}"
arith,"arith:bits=12,h=2,reps=2",1,"{""bits"": 12.0, ""h"": 2.0, ""reps"": 2.0}",planx,ok,0.000847,0.0043,2392064,0.5000000000000001,0,0.5000000000000001,0.0,engine=sparse aborted=[] plan_secs=0.000776,"{""n"": 25, ""gates"": 160, ""g2"": 96, ""g3"": 48, ""depth2"": 122, ""t_count"": 336, ""rotations"": 336, ""d"": 25, ""dense_l"": 32.5623, ""redundant"": 311, ""obs_zero"": false, ""frame_l"": 58.3923, ""chi_bits"": 4, ""mps_l"": 25.8834, ""hsf_k"": 10, ""hsf_na"": 12, ""hsf_nb"": 13, ""hsf_l"": 29.0553, ""sup"": 4, ""chi_bits0"": 12, ""mps_l0"": 43.6178, ""hsf_keff"": 4, ""hsf_l0"": 35.0553, ""sparse_l"": 11.3219, ""sv_l"": 32.3219, ""feat_secs"": 0.010822, ""feat_secs_frame"": 0.000714, ""feat_secs_hsf"": 0.009984}"
arith,"arith:bits=12,h=2,reps=2",1,"{""bits"": 12.0, ""h"": 2.0, ""reps"": 2.0}",planp,ok,0.000909,0.0044,2457600,0.5000000000000001,0,0.5000000000000001,0.0,engine=sparse aborted=[] plan_secs=0.000835,"{""n"": 25, ""gates"": 160, ""g2"": 96, ""g3"": 48, ""depth2"": 122, ""t_count"": 336, ""rotations"": 336, ""d"": 25, ""dense_l"": 32.5623, ""redundant"": 311, ""obs_zero"": false, ""frame_l"": 58.3923, ""chi_bits"": 4, ""mps_l"": 25.8834, ""hsf_k"": 10, ""hsf_na"": 12, ""hsf_nb"": 13, ""hsf_l"": 29.0553, ""sup"": 4, ""chi_bits0"": 12, ""mps_l0"": 43.6178, ""hsf_keff"": 4, ""hsf_l0"": 35.0553, ""sparse_l"": 11.3219, ""sv_l"": 32.3219, ""feat_secs"": 0.010822, ""feat_secs_frame"": 0.000714, ""feat_secs_hsf"": 0.009984}"
arith,"arith:bits=12,h=2,reps=2",1,"{""bits"": 12.0, ""h"": 2.0, ""reps"": 2.0}",plan,ok,0.000884,0.0071,2424832,0.5000000000000001,0,0.5000000000000001,0.0,engine=sparse aborted=[] plan_secs=0.000809,"{""n"": 25, ""gates"": 160, ""g2"": 96, ""g3"": 48, ""depth2"": 122, ""t_count"": 336, ""rotations"": 336, ""d"": 25, ""dense_l"": 32.5623, ""redundant"": 311, ""obs_zero"": false, ""frame_l"": 58.3923, ""chi_bits"": 4, ""mps_l"": 25.8834, ""hsf_k"": 10, ""hsf_na"": 12, ""hsf_nb"": 13, ""hsf_l"": 29.0553, ""sup"": 4, ""chi_bits0"": 12, ""mps_l0"": 43.6178, ""hsf_keff"": 4, ""hsf_l0"": 35.0553, ""sparse_l"": 11.3219, ""sv_l"": 32.3219, ""feat_secs"": 0.010822, ""feat_secs_frame"": 0.000714, ""feat_secs_hsf"": 0.009984}"
arith,"arith:bits=12,h=4,reps=1",1,"{""bits"": 12.0, ""h"": 4.0, ""reps"": 1.0}",planx,ok,0.000815,0.0063,2490368,-0.06250000000000001,0,-0.06250000000000001,0.0,engine=sparse aborted=[] plan_secs=0.000517,"{""n"": 25, ""gates"": 90, ""g2"": 48, ""g3"": 24, ""depth2"": 61, ""t_count"": 168, ""rotations"": 168, ""d"": 25, ""dense_l"": 30.1304, ""redundant"": 143, ""obs_zero"": false, ""frame_l"": 57.3923, ""chi_bits"": 8, ""mps_l"": 35.1142, ""hsf_k"": 5, ""hsf_na"": 12, ""hsf_nb"": 13, ""hsf_l"": 27.0314, ""sup"": 8, ""chi_bits0"": 12, ""mps_l0"": 42.0962, ""hsf_keff"": 2, ""hsf_l0"": 30.0314, ""sparse_l"": 14.4919, ""sv_l"": 31.4919, ""feat_secs"": 0.008048, ""feat_secs_frame"": 0.000398, ""feat_secs_hsf"": 0.007576}"
arith,"arith:bits=12,h=4,reps=1",1,"{""bits"": 12.0, ""h"": 4.0, ""reps"": 1.0}",planp,ok,0.000817,0.0067,2473984,-0.06250000000000001,0,-0.06250000000000001,0.0,engine=sparse aborted=[] plan_secs=0.000474,"{""n"": 25, ""gates"": 90, ""g2"": 48, ""g3"": 24, ""depth2"": 61, ""t_count"": 168, ""rotations"": 168, ""d"": 25, ""dense_l"": 30.1304, ""redundant"": 143, ""obs_zero"": false, ""frame_l"": 57.3923, ""chi_bits"": 8, ""mps_l"": 35.1142, ""hsf_k"": 5, ""hsf_na"": 12, ""hsf_nb"": 13, ""hsf_l"": 27.0314, ""sup"": 8, ""chi_bits0"": 12, ""mps_l0"": 42.0962, ""hsf_keff"": 2, ""hsf_l0"": 30.0314, ""sparse_l"": 14.4919, ""sv_l"": 31.4919, ""feat_secs"": 0.008048, ""feat_secs_frame"": 0.000398, ""feat_secs_hsf"": 0.007576}"
arith,"arith:bits=12,h=4,reps=1",1,"{""bits"": 12.0, ""h"": 4.0, ""reps"": 1.0}",plan,ok,0.000876,0.0074,2490368,-0.06250000000000001,0,-0.06250000000000001,0.0,engine=sparse aborted=[] plan_secs=0.000536,"{""n"": 25, ""gates"": 90, ""g2"": 48, ""g3"": 24, ""depth2"": 61, ""t_count"": 168, ""rotations"": 168, ""d"": 25, ""dense_l"": 30.1304, ""redundant"": 143, ""obs_zero"": false, ""frame_l"": 57.3923, ""chi_bits"": 8, ""mps_l"": 35.1142, ""hsf_k"": 5, ""hsf_na"": 12, ""hsf_nb"": 13, ""hsf_l"": 27.0314, ""sup"": 8, ""chi_bits0"": 12, ""mps_l0"": 42.0962, ""hsf_keff"": 2, ""hsf_l0"": 30.0314, ""sparse_l"": 14.4919, ""sv_l"": 31.4919, ""feat_secs"": 0.008048, ""feat_secs_frame"": 0.000398, ""feat_secs_hsf"": 0.007576}"
arith,"arith:bits=12,h=4,reps=4",1,"{""bits"": 12.0, ""h"": 4.0, ""reps"": 4.0}",planx,ok,0.00533,0.0102,2818048,0.02343750000000001,0,0.02343750000000001,0.0,engine=sparse aborted=[] plan_secs=0.004091,"{""n"": 25, ""gates"": 306, ""g2"": 192, ""g3"": 96, ""depth2"": 244, ""t_count"": 672, ""rotations"": 672, ""d"": 25, ""dense_l"": 34.0742, ""redundant"": 647, ""obs_zero"": false, ""frame_l"": 59.3923, ""chi_bits"": 8, ""mps_l"": 37.8474, ""hsf_k"": 20, ""hsf_na"": 12, ""hsf_nb"": 13, ""hsf_l"": 33.1039, ""sup"": 8, ""chi_bits0"": 12, ""mps_l0"": 45.3113, ""hsf_keff"": 8, ""hsf_l0"": 45.1039, ""sparse_l"": 16.2574, ""sv_l"": 33.2574, ""feat_secs"": 0.011744, ""feat_secs_frame"": 0.001258, ""feat_secs_hsf"": 0.010298}"
arith,"arith:bits=12,h=4,reps=4",1,"{""bits"": 12.0, ""h"": 4.0, ""reps"": 4.0}",planp,ok,0.005386,0.0093,2818048,0.02343750000000001,0,0.02343750000000001,0.0,engine=sparse aborted=[] plan_secs=0.004154,"{""n"": 25, ""gates"": 306, ""g2"": 192, ""g3"": 96, ""depth2"": 244, ""t_count"": 672, ""rotations"": 672, ""d"": 25, ""dense_l"": 34.0742, ""redundant"": 647, ""obs_zero"": false, ""frame_l"": 59.3923, ""chi_bits"": 8, ""mps_l"": 37.8474, ""hsf_k"": 20, ""hsf_na"": 12, ""hsf_nb"": 13, ""hsf_l"": 33.1039, ""sup"": 8, ""chi_bits0"": 12, ""mps_l0"": 45.3113, ""hsf_keff"": 8, ""hsf_l0"": 45.1039, ""sparse_l"": 16.2574, ""sv_l"": 33.2574, ""feat_secs"": 0.011744, ""feat_secs_frame"": 0.001258, ""feat_secs_hsf"": 0.010298}"
arith,"arith:bits=12,h=4,reps=4",1,"{""bits"": 12.0, ""h"": 4.0, ""reps"": 4.0}",plan,ok,0.005283,0.0101,2801664,0.02343750000000001,0,0.02343750000000001,0.0,engine=sparse aborted=[] plan_secs=0.004047,"{""n"": 25, ""gates"": 306, ""g2"": 192, ""g3"": 96, ""depth2"": 244, ""t_count"": 672, ""rotations"": 672, ""d"": 25, ""dense_l"": 34.0742, ""redundant"": 647, ""obs_zero"": false, ""frame_l"": 59.3923, ""chi_bits"": 8, ""mps_l"": 37.8474, ""hsf_k"": 20, ""hsf_na"": 12, ""hsf_nb"": 13, ""hsf_l"": 33.1039, ""sup"": 8, ""chi_bits0"": 12, ""mps_l0"": 45.3113, ""hsf_keff"": 8, ""hsf_l0"": 45.1039, ""sparse_l"": 16.2574, ""sv_l"": 33.2574, ""feat_secs"": 0.011744, ""feat_secs_frame"": 0.001258, ""feat_secs_hsf"": 0.010298}"
arith,"arith:bits=12,h=6,reps=2",1,"{""bits"": 12.0, ""h"": 6.0, ""reps"": 2.0}",planx,ok,0.020995,0.0265,3637248,-4.336808689942018e-19,0,-4.336808689942018e-19,0.0,engine=sparse aborted=[] plan_secs=0.011930,"{""n"": 25, ""gates"": 163, ""g2"": 96, ""g3"": 48, ""depth2"": 122, ""t_count"": 336, ""rotations"": 336, ""d"": 25, ""dense_l"": 32.7623, ""redundant"": 311, ""obs_zero"": false, ""frame_l"": 58.3923, ""chi_bits"": 12, ""mps_l"": 43.6178, ""hsf_k"": 10, ""hsf_na"": 12, ""hsf_nb"": 13, ""hsf_l"": 29.0563, ""sup"": 12, ""chi_bits0"": 12, ""mps_l0"": 43.6178, ""hsf_keff"": 4, ""hsf_l0"": 35.0563, ""sparse_l"": 19.3487, ""sv_l"": 32.3487, ""feat_secs"": 0.010833, ""feat_secs_frame"": 0.000717, ""feat_secs_hsf"": 0.009996}"
arith,"arith:bits=12,h=6,reps=2",1,"{""bits"": 12.0, ""h"": 6.0, ""reps"": 2.0}",planp,ok,0.021014,0.0272,3719168,-4.336808689942018e-19,0,-4.336808689942018e-19,0.0,engine=sparse aborted=[] plan_secs=0.011683,"{""n"": 25, ""gates"": 163, ""g2"": 96, ""g3"": 48, ""depth2"": 122, ""t_count"": 336, ""rotations"": 336, ""d"": 25, ""dense_l"": 32.7623, ""redundant"": 311, ""obs_zero"": false, ""frame_l"": 58.3923, ""chi_bits"": 12, ""mps_l"": 43.6178, ""hsf_k"": 10, ""hsf_na"": 12, ""hsf_nb"": 13, ""hsf_l"": 29.0563, ""sup"": 12, ""chi_bits0"": 12, ""mps_l0"": 43.6178, ""hsf_keff"": 4, ""hsf_l0"": 35.0563, ""sparse_l"": 19.3487, ""sv_l"": 32.3487, ""feat_secs"": 0.010833, ""feat_secs_frame"": 0.000717, ""feat_secs_hsf"": 0.009996}"
arith,"arith:bits=12,h=6,reps=2",1,"{""bits"": 12.0, ""h"": 6.0, ""reps"": 2.0}",plan,ok,0.021336,0.0256,3719168,-4.336808689942018e-19,0,-4.336808689942018e-19,0.0,engine=sparse aborted=[] plan_secs=0.012202,"{""n"": 25, ""gates"": 163, ""g2"": 96, ""g3"": 48, ""depth2"": 122, ""t_count"": 336, ""rotations"": 336, ""d"": 25, ""dense_l"": 32.7623, ""redundant"": 311, ""obs_zero"": false, ""frame_l"": 58.3923, ""chi_bits"": 12, ""mps_l"": 43.6178, ""hsf_k"": 10, ""hsf_na"": 12, ""hsf_nb"": 13, ""hsf_l"": 29.0563, ""sup"": 12, ""chi_bits0"": 12, ""mps_l0"": 43.6178, ""hsf_keff"": 4, ""hsf_l0"": 35.0563, ""sparse_l"": 19.3487, ""sv_l"": 32.3487, ""feat_secs"": 0.010833, ""feat_secs_frame"": 0.000717, ""feat_secs_hsf"": 0.009996}"
brick,"brick:n=12,D=1,nn=1",1,"{""n"": 12.0, ""D"": 1.0, ""nn"": 1.0}",planx,ok,0.000132,0.0043,2244608,6.484796492377655e-07,0,6.484796492377655e-07,0.0,engine=sv aborted=[] plan_secs=0.000000,"{""n"": 12, ""gates"": 30, ""g2"": 6, ""g3"": 0, ""depth2"": 1, ""t_count"": 0, ""rotations"": 72, ""d"": 12, ""dense_l"": 17.3575, ""redundant"": 60, ""obs_zero"": false, ""frame_l"": 30.1699, ""chi_bits"": 1, ""mps_l"": 6.7549, ""hsf_k"": 0, ""hsf_na"": 6, ""hsf_nb"": 6, ""hsf_l"": 12.5546, ""sup"": 12, ""chi_bits0"": 1, ""mps_l0"": 6.7549, ""hsf_keff"": 0, ""hsf_l0"": 12.5546, ""sparse_l"": 16.9069, ""sv_l"": 16.9069, ""feat_secs"": 0.000528, ""feat_secs_frame"": 0.000131, ""feat_secs_hsf"": 0.000371}"
brick,"brick:n=12,D=1,nn=1",1,"{""n"": 12.0, ""D"": 1.0, ""nn"": 1.0}",planp,ok,0.000137,0.0042,2244608,6.484796492377655e-07,0,6.484796492377655e-07,0.0,engine=sv aborted=[] plan_secs=0.000000,"{""n"": 12, ""gates"": 30, ""g2"": 6, ""g3"": 0, ""depth2"": 1, ""t_count"": 0, ""rotations"": 72, ""d"": 12, ""dense_l"": 17.3575, ""redundant"": 60, ""obs_zero"": false, ""frame_l"": 30.1699, ""chi_bits"": 1, ""mps_l"": 6.7549, ""hsf_k"": 0, ""hsf_na"": 6, ""hsf_nb"": 6, ""hsf_l"": 12.5546, ""sup"": 12, ""chi_bits0"": 1, ""mps_l0"": 6.7549, ""hsf_keff"": 0, ""hsf_l0"": 12.5546, ""sparse_l"": 16.9069, ""sv_l"": 16.9069, ""feat_secs"": 0.000528, ""feat_secs_frame"": 0.000131, ""feat_secs_hsf"": 0.000371}"
brick,"brick:n=12,D=1,nn=1",1,"{""n"": 12.0, ""D"": 1.0, ""nn"": 1.0}",plan,ok,0.000142,0.0060,2244608,6.484796492377655e-07,0,6.484796492377655e-07,0.0,engine=sv aborted=[] plan_secs=0.000000,"{""n"": 12, ""gates"": 30, ""g2"": 6, ""g3"": 0, ""depth2"": 1, ""t_count"": 0, ""rotations"": 72, ""d"": 12, ""dense_l"": 17.3575, ""redundant"": 60, ""obs_zero"": false, ""frame_l"": 30.1699, ""chi_bits"": 1, ""mps_l"": 6.7549, ""hsf_k"": 0, ""hsf_na"": 6, ""hsf_nb"": 6, ""hsf_l"": 12.5546, ""sup"": 12, ""chi_bits0"": 1, ""mps_l0"": 6.7549, ""hsf_keff"": 0, ""hsf_l0"": 12.5546, ""sparse_l"": 16.9069, ""sv_l"": 16.9069, ""feat_secs"": 0.000528, ""feat_secs_frame"": 0.000131, ""feat_secs_hsf"": 0.000371}"
brick,"brick:n=12,D=3,nn=1",1,"{""n"": 12.0, ""D"": 3.0, ""nn"": 1.0}",planx,ok,0.000212,0.0043,2326528,0.001292291942351264,0,0.001292291942351264,0.0,engine=sv aborted=[] plan_secs=0.000000,"{""n"": 12, ""gates"": 65, ""g2"": 17, ""g3"": 0, ""depth2"": 3, ""t_count"": 0, ""rotations"": 144, ""d"": 12, ""dense_l"": 18.8202, ""redundant"": 132, ""obs_zero"": false, ""frame_l"": 31.1699, ""chi_bits"": 2, ""mps_l"": 9.2574, ""hsf_k"": 1, ""hsf_na"": 6, ""hsf_nb"": 6, ""hsf_l"": 14.0112, ""sup"": 12, ""chi_bits0"": 2, ""mps_l0"": 9.2574, ""hsf_keff"": 1, ""hsf_l0"": 14.0112, ""sparse_l"": 18.0224, ""sv_l"": 18.0224, ""feat_secs"": 0.000879, ""feat_secs_frame"": 0.000225, ""feat_secs_hsf"": 0.000606}"
brick,"brick:n=12,D=3,nn=1",1,"{""n"": 12.0, ""D"": 3.0, ""nn"": 1.0}",planp,ok,0.000217,0.0040,2293760,0.001292291942351264,0,0.001292291942351264,0.0,engine=sv aborted=[] plan_secs=0.000000,"{""n"": 12, ""gates"": 65, ""g2"": 17, ""g3"": 0, ""depth2"": 3, ""t_count"": 0, ""rotations"": 144, ""d"": 12, ""dense_l"": 18.8202, ""redundant"": 132, ""obs_zero"": false, ""frame_l"": 31.1699, ""chi_bits"": 2, ""mps_l"": 9.2574, ""hsf_k"": 1, ""hsf_na"": 6, ""hsf_nb"": 6, ""hsf_l"": 14.0112, ""sup"": 12, ""chi_bits0"": 2, ""mps_l0"": 9.2574, ""hsf_keff"": 1, ""hsf_l0"": 14.0112, ""sparse_l"": 18.0224, ""sv_l"": 18.0224, ""feat_secs"": 0.000879, ""feat_secs_frame"": 0.000225, ""feat_secs_hsf"": 0.000606}"
brick,"brick:n=12,D=3,nn=1",1,"{""n"": 12.0, ""D"": 3.0, ""nn"": 1.0}",plan,ok,0.000211,0.0040,2326528,0.001292291942351264,0,0.001292291942351264,0.0,engine=sv aborted=[] plan_secs=0.000000,"{""n"": 12, ""gates"": 65, ""g2"": 17, ""g3"": 0, ""depth2"": 3, ""t_count"": 0, ""rotations"": 144, ""d"": 12, ""dense_l"": 18.8202, ""redundant"": 132, ""obs_zero"": false, ""frame_l"": 31.1699, ""chi_bits"": 2, ""mps_l"": 9.2574, ""hsf_k"": 1, ""hsf_na"": 6, ""hsf_nb"": 6, ""hsf_l"": 14.0112, ""sup"": 12, ""chi_bits0"": 2, ""mps_l0"": 9.2574, ""hsf_keff"": 1, ""hsf_l0"": 14.0112, ""sparse_l"": 18.0224, ""sv_l"": 18.0224, ""feat_secs"": 0.000879, ""feat_secs_frame"": 0.000225, ""feat_secs_hsf"": 0.000606}"
brick,"brick:n=12,D=6,nn=1",1,"{""n"": 12.0, ""D"": 6.0, ""nn"": 1.0}",planx,ok,0.000791,0.0075,2670592,-0.01024618332568436,0,-0.01024618332568436,0.0,engine=sv aborted=[] plan_secs=0.000444,"{""n"": 12, ""gates"": 117, ""g2"": 33, ""g3"": 0, ""depth2"": 6, ""t_count"": 0, ""rotations"": 252, ""d"": 12, ""dense_l"": 19.7879, ""redundant"": 240, ""obs_zero"": false, ""frame_l"": 31.9773, ""chi_bits"": 3, ""mps_l"": 12.5343, ""hsf_k"": 3, ""hsf_na"": 6, ""hsf_nb"": 6, ""hsf_l"": 16.4998, ""sup"": 12, ""chi_bits0"": 3, ""mps_l0"": 12.5343, ""hsf_keff"": 3, ""hsf_l0"": 16.4998, ""sparse_l"": 18.8704, ""sv_l"": 18.8704, ""feat_secs"": 0.000985, ""feat_secs_frame"": 0.000359, ""feat_secs_hsf"": 0.000564}"
brick,"brick:n=12,D=6,nn=1",1,"{""n"": 12.0, ""D"": 6.0, ""nn"": 1.0}",planp,ok,0.000744,0.0070,2686976,-0.01024618332568436,0,-0.01024618332568436,0.0,engine=sv aborted=[] plan_secs=0.000412,"{""n"": 12, ""gates"": 117, ""g2"": 33, ""g3"": 0, ""depth2"": 6, ""t_count"": 0, ""rotations"": 252, ""d"": 12, ""dense_l"": 19.7879, ""redundant"": 240, ""obs_zero"": false, ""frame_l"": 31.9773, ""chi_bits"": 3, ""mps_l"": 12.5343, ""hsf_k"": 3, ""hsf_na"": 6, ""hsf_nb"": 6, ""hsf_l"": 16.4998, ""sup"": 12, ""chi_bits0"": 3, ""mps_l0"": 12.5343, ""hsf_keff"": 3, ""hsf_l0"": 16.4998, ""sparse_l"": 18.8704, ""sv_l"": 18.8704, ""feat_secs"": 0.000985, ""feat_secs_frame"": 0.000359, ""feat_secs_hsf"": 0.000564}"
brick,"brick:n=12,D=6,nn=1",1,"{""n"": 12.0, ""D"": 6.0, ""nn"": 1.0}",plan,ok,0.000745,0.0074,2670592,-0.01024618332568436,0,-0.01024618332568436,0.0,engine=sv aborted=[] plan_secs=0.000428,"{""n"": 12, ""gates"": 117, ""g2"": 33, ""g3"": 0, ""depth2"": 6, ""t_count"": 0, ""rotations"": 252, ""d"": 12, ""dense_l"": 19.7879, ""redundant"": 240, ""obs_zero"": false, ""frame_l"": 31.9773, ""chi_bits"": 3, ""mps_l"": 12.5343, ""hsf_k"": 3, ""hsf_na"": 6, ""hsf_nb"": 6, ""hsf_l"": 16.4998, ""sup"": 12, ""chi_bits0"": 3, ""mps_l0"": 12.5343, ""hsf_keff"": 3, ""hsf_l0"": 16.4998, ""sparse_l"": 18.8704, ""sv_l"": 18.8704, ""feat_secs"": 0.000985, ""feat_secs_frame"": 0.000359, ""feat_secs_hsf"": 0.000564}"
brick,"brick:n=12,D=12,nn=1",1,"{""n"": 12.0, ""D"": 12.0, ""nn"": 1.0}",planx,ok,0.001268,0.0067,2867200,-0.01098517673574549,0,-0.01098517673574549,0.0,engine=sv aborted=[] plan_secs=0.000722,"{""n"": 12, ""gates"": 222, ""g2"": 66, ""g3"": 0, ""depth2"": 12, ""t_count"": 0, ""rotations"": 468, ""d"": 12, ""dense_l"": 20.7715, ""redundant"": 456, ""obs_zero"": false, ""frame_l"": 32.8704, ""chi_bits"": 6, ""mps_l"": 18.9332, ""hsf_k"": 6, ""hsf_na"": 6, ""hsf_nb"": 6, ""hsf_l"": 20.1599, ""sup"": 12, ""chi_bits0"": 6, ""mps_l0"": 18.9332, ""hsf_keff"": 6, ""hsf_l0"": 20.1599, ""sparse_l"": 19.7944, ""sv_l"": 19.7944, ""feat_secs"": 0.001318, ""feat_secs_frame"": 0.000618, ""feat_secs_hsf"": 0.000593}"
brick,"brick:n=12,D=12,nn=1",1,"{""n"": 12.0, ""D"": 12.0, ""nn"": 1.0}",planp,ok,0.001278,0.0066,2834432,-0.01098517673574549,0,-0.01098517673574549,0.0,engine=sv aborted=[] plan_secs=0.000724,"{""n"": 12, ""gates"": 222, ""g2"": 66, ""g3"": 0, ""depth2"": 12, ""t_count"": 0, ""rotations"": 468, ""d"": 12, ""dense_l"": 20.7715, ""redundant"": 456, ""obs_zero"": false, ""frame_l"": 32.8704, ""chi_bits"": 6, ""mps_l"": 18.9332, ""hsf_k"": 6, ""hsf_na"": 6, ""hsf_nb"": 6, ""hsf_l"": 20.1599, ""sup"": 12, ""chi_bits0"": 6, ""mps_l0"": 18.9332, ""hsf_keff"": 6, ""hsf_l0"": 20.1599, ""sparse_l"": 19.7944, ""sv_l"": 19.7944, ""feat_secs"": 0.001318, ""feat_secs_frame"": 0.000618, ""feat_secs_hsf"": 0.000593}"
brick,"brick:n=12,D=12,nn=1",1,"{""n"": 12.0, ""D"": 12.0, ""nn"": 1.0}",plan,ok,0.001304,0.0067,2850816,-0.01098517673574549,0,-0.01098517673574549,0.0,engine=sv aborted=[] plan_secs=0.000755,"{""n"": 12, ""gates"": 222, ""g2"": 66, ""g3"": 0, ""depth2"": 12, ""t_count"": 0, ""rotations"": 468, ""d"": 12, ""dense_l"": 20.7715, ""redundant"": 456, ""obs_zero"": false, ""frame_l"": 32.8704, ""chi_bits"": 6, ""mps_l"": 18.9332, ""hsf_k"": 6, ""hsf_na"": 6, ""hsf_nb"": 6, ""hsf_l"": 20.1599, ""sup"": 12, ""chi_bits0"": 6, ""mps_l0"": 18.9332, ""hsf_keff"": 6, ""hsf_l0"": 20.1599, ""sparse_l"": 19.7944, ""sv_l"": 19.7944, ""feat_secs"": 0.001318, ""feat_secs_frame"": 0.000618, ""feat_secs_hsf"": 0.000593}"
brick,"brick:n=16,D=1,nn=1",1,"{""n"": 16.0, ""D"": 1.0, ""nn"": 1.0}",planx,ok,0.000452,0.0044,2670592,7.932979353681615e-06,0,7.932979353681615e-06,0.0,engine=mps aborted=[] plan_secs=0.000316,"{""n"": 16, ""gates"": 40, ""g2"": 8, ""g3"": 0, ""depth2"": 1, ""t_count"": 0, ""rotations"": 96, ""d"": 16, ""dense_l"": 21.7279, ""redundant"": 80, ""obs_zero"": false, ""frame_l"": 38.585, ""chi_bits"": 1, ""mps_l"": 7.1699, ""hsf_k"": 0, ""hsf_na"": 8, ""hsf_nb"": 8, ""hsf_l"": 16.2095, ""sup"": 16, ""chi_bits0"": 1, ""mps_l0"": 7.1699, ""hsf_keff"": 0, ""hsf_l0"": 16.2095, ""sparse_l"": 21.3219, ""sv_l"": 21.3219, ""feat_secs"": 0.001001, ""feat_secs_frame"": 0.000172, ""feat_secs_hsf"": 0.000793}"
brick,"brick:n=16,D=1,nn=1",1,"{""n"": 16.0, ""D"": 1.0, ""nn"": 1.0}",planp,ok,0.000367,0.0044,2686976,7.932979353681615e-06,0,7.932979353681615e-06,0.0,engine=mps aborted=[] plan_secs=0.000262,"{""n"": 16, ""gates"": 40, ""g2"": 8, ""g3"": 0, ""depth2"": 1, ""t_count"": 0, ""rotations"": 96, ""d"": 16, ""dense_l"": 21.7279, ""redundant"": 80, ""obs_zero"": false, ""frame_l"": 38.585, ""chi_bits"": 1, ""mps_l"": 7.1699, ""hsf_k"": 0, ""hsf_na"": 8, ""hsf_nb"": 8, ""hsf_l"": 16.2095, ""sup"": 16, ""chi_bits0"": 1, ""mps_l0"": 7.1699, ""hsf_keff"": 0, ""hsf_l0"": 16.2095, ""sparse_l"": 21.3219, ""sv_l"": 21.3219, ""feat_secs"": 0.001001, ""feat_secs_frame"": 0.000172, ""feat_secs_hsf"": 0.000793}"
brick,"brick:n=16,D=1,nn=1",1,"{""n"": 16.0, ""D"": 1.0, ""nn"": 1.0}",plan,ok,0.000358,0.0044,2686976,7.932979353681615e-06,0,7.932979353681615e-06,0.0,engine=mps aborted=[] plan_secs=0.000263,"{""n"": 16, ""gates"": 40, ""g2"": 8, ""g3"": 0, ""depth2"": 1, ""t_count"": 0, ""rotations"": 96, ""d"": 16, ""dense_l"": 21.7279, ""redundant"": 80, ""obs_zero"": false, ""frame_l"": 38.585, ""chi_bits"": 1, ""mps_l"": 7.1699, ""hsf_k"": 0, ""hsf_na"": 8, ""hsf_nb"": 8, ""hsf_l"": 16.2095, ""sup"": 16, ""chi_bits0"": 1, ""mps_l0"": 7.1699, ""hsf_keff"": 0, ""hsf_l0"": 16.2095, ""sparse_l"": 21.3219, ""sv_l"": 21.3219, ""feat_secs"": 0.001001, ""feat_secs_frame"": 0.000172, ""feat_secs_hsf"": 0.000793}"
brick,"brick:n=16,D=3,nn=1",1,"{""n"": 16.0, ""D"": 3.0, ""nn"": 1.0}",planx,ok,0.000659,0.0067,2998272,3.756531893825207e-06,0,3.756531893825207e-06,0.0,engine=mps aborted=[] plan_secs=0.000450,"{""n"": 16, ""gates"": 87, ""g2"": 23, ""g3"": 0, ""depth2"": 3, ""t_count"": 0, ""rotations"": 192, ""d"": 16, ""dense_l"": 23.2192, ""redundant"": 176, ""obs_zero"": false, ""frame_l"": 39.585, ""chi_bits"": 2, ""mps_l"": 9.7682, ""hsf_k"": 1, ""hsf_na"": 8, ""hsf_nb"": 8, ""hsf_l"": 17.4221, ""sup"": 16, ""chi_bits0"": 2, ""mps_l0"": 9.7682, ""hsf_keff"": 1, ""hsf_l0"": 17.4221, ""sparse_l"": 22.4429, ""sv_l"": 22.4429, ""feat_secs"": 0.001757, ""feat_secs_frame"": 0.000296, ""feat_secs_hsf"": 0.001395}"
brick,"brick:n=16,D=3,nn=1",1,"{""n"": 16.0, ""D"": 3.0, ""nn"": 1.0}",planp,ok,0.000731,0.0043,2998272,3.756531893825207e-06,0,3.756531893825207e-06,0.0,engine=mps aborted=[] plan_secs=0.000508,"{""n"": 16, ""gates"": 87, ""g2"": 23, ""g3"": 0, ""depth2"": 3, ""t_count"": 0, ""rotations"": 192, ""d"": 16, ""dense_l"": 23.2192, ""redundant"": 176, ""obs_zero"": false, ""frame_l"": 39.585, ""chi_bits"": 2, ""mps_l"": 9.7682, ""hsf_k"": 1, ""hsf_na"": 8, ""hsf_nb"": 8, ""hsf_l"": 17.4221, ""sup"": 16, ""chi_bits0"": 2, ""mps_l0"": 9.7682, ""hsf_keff"": 1, ""hsf_l0"": 17.4221, ""sparse_l"": 22.4429, ""sv_l"": 22.4429, ""feat_secs"": 0.001757, ""feat_secs_frame"": 0.000296, ""feat_secs_hsf"": 0.001395}"
brick,"brick:n=16,D=3,nn=1",1,"{""n"": 16.0, ""D"": 3.0, ""nn"": 1.0}",plan,ok,0.00065,0.0042,2998272,3.756531893825207e-06,0,3.756531893825207e-06,0.0,engine=mps aborted=[] plan_secs=0.000442,"{""n"": 16, ""gates"": 87, ""g2"": 23, ""g3"": 0, ""depth2"": 3, ""t_count"": 0, ""rotations"": 192, ""d"": 16, ""dense_l"": 23.2192, ""redundant"": 176, ""obs_zero"": false, ""frame_l"": 39.585, ""chi_bits"": 2, ""mps_l"": 9.7682, ""hsf_k"": 1, ""hsf_na"": 8, ""hsf_nb"": 8, ""hsf_l"": 17.4221, ""sup"": 16, ""chi_bits0"": 2, ""mps_l0"": 9.7682, ""hsf_keff"": 1, ""hsf_l0"": 17.4221, ""sparse_l"": 22.4429, ""sv_l"": 22.4429, ""feat_secs"": 0.001757, ""feat_secs_frame"": 0.000296, ""feat_secs_hsf"": 0.001395}"
brick,"brick:n=16,D=6,nn=1",1,"{""n"": 16.0, ""D"": 6.0, ""nn"": 1.0}",planx,ok,0.002767,0.0067,3424256,0.001358399883167302,0,0.001358399883167302,0.0,engine=mps aborted=[] plan_secs=0.002106,"{""n"": 16, ""gates"": 157, ""g2"": 45, ""g3"": 0, ""depth2"": 6, ""t_count"": 0, ""rotations"": 336, ""d"": 16, ""dense_l"": 24.1948, ""redundant"": 320, ""obs_zero"": false, ""frame_l"": 40.3923, ""chi_bits"": 3, ""mps_l"": 13.1267, ""hsf_k"": 3, ""hsf_na"": 8, ""hsf_nb"": 8, ""hsf_l"": 19.69, ""sup"": 16, ""chi_bits0"": 3, ""mps_l0"": 13.1267, ""hsf_keff"": 3, ""hsf_l0"": 19.69, ""sparse_l"": 23.2946, ""sv_l"": 23.2946, ""feat_secs"": 0.001904, ""feat_secs_frame"": 0.000447, ""feat_secs_hsf"": 0.001377}"
brick,"brick:n=16,D=6,nn=1",1,"{""n"": 16.0, ""D"": 6.0, ""nn"": 1.0}",planp,ok,0.002736,0.0066,3325952,0.001358399883167302,0,0.001358399883167302,0.0,engine=mps aborted=[] plan_secs=0.002119,"{""n"": 16, ""gates"": 157, ""g2"": 45, ""g3"": 0, ""depth2"": 6, ""t_count"": 0, ""rotations"": 336, ""d"": 16, ""dense_l"": 24.1948, ""redundant"": 320, ""obs_zero"": false, ""frame_l"": 40.3923, ""chi_bits"": 3, ""mps_l"": 13.1267, ""hsf_k"": 3, ""hsf_na"": 8, ""hsf_nb"": 8, ""hsf_l"": 19.69, ""sup"": 16, ""chi_bits0"": 3, ""mps_l0"": 13.1267, ""hsf_keff"": 3, ""hsf_l0"": 19.69, ""sparse_l"": 23.2946, ""sv_l"": 23.2946, ""feat_secs"": 0.001904, ""feat_secs_frame"": 0.000447, ""feat_secs_hsf"": 0.001377}"
brick,"brick:n=16,D=6,nn=1",1,"{""n"": 16.0, ""D"": 6.0, ""nn"": 1.0}",plan,ok,0.003326,0.0094,3440640,0.001358399883167302,0,0.001358399883167302,0.0,engine=mps aborted=[] plan_secs=0.002612,"{""n"": 16, ""gates"": 157, ""g2"": 45, ""g3"": 0, ""depth2"": 6, ""t_count"": 0, ""rotations"": 336, ""d"": 16, ""dense_l"": 24.1948, ""redundant"": 320, ""obs_zero"": false, ""frame_l"": 40.3923, ""chi_bits"": 3, ""mps_l"": 13.1267, ""hsf_k"": 3, ""hsf_na"": 8, ""hsf_nb"": 8, ""hsf_l"": 19.69, ""sup"": 16, ""chi_bits0"": 3, ""mps_l0"": 13.1267, ""hsf_keff"": 3, ""hsf_l0"": 19.69, ""sparse_l"": 23.2946, ""sv_l"": 23.2946, ""feat_secs"": 0.001904, ""feat_secs_frame"": 0.000447, ""feat_secs_hsf"": 0.001377}"
brick,"brick:n=16,D=12,nn=1",1,"{""n"": 16.0, ""D"": 12.0, ""nn"": 1.0}",planx,ok,0.02706,0.0332,7258112,0.002152501925666509,0,0.002152501925666509,0.0,"engine=sv aborted=[""mps""] plan_secs=0.002801","{""n"": 16, ""gates"": 298, ""g2"": 90, ""g3"": 0, ""depth2"": 12, ""t_count"": 0, ""rotations"": 624, ""d"": 16, ""dense_l"": 25.1824, ""redundant"": 608, ""obs_zero"": false, ""frame_l"": 41.2854, ""chi_bits"": 6, ""mps_l"": 20.7328, ""hsf_k"": 6, ""hsf_na"": 8, ""hsf_nb"": 8, ""hsf_l"": 23.1137, ""sup"": 16, ""chi_bits0"": 6, ""mps_l0"": 20.7328, ""hsf_keff"": 6, ""hsf_l0"": 23.1137, ""sparse_l"": 24.2192, ""sv_l"": 24.2192, ""feat_secs"": 0.002346, ""feat_secs_frame"": 0.000804, ""feat_secs_hsf"": 0.001407}"
brick,"brick:n=16,D=12,nn=1",1,"{""n"": 16.0, ""D"": 12.0, ""nn"": 1.0}",planp,ok,0.027703,0.0318,7241728,0.002152501925666509,0,0.002152501925666509,0.0,"engine=sv aborted=[""mps""] plan_secs=0.002769","{""n"": 16, ""gates"": 298, ""g2"": 90, ""g3"": 0, ""depth2"": 12, ""t_count"": 0, ""rotations"": 624, ""d"": 16, ""dense_l"": 25.1824, ""redundant"": 608, ""obs_zero"": false, ""frame_l"": 41.2854, ""chi_bits"": 6, ""mps_l"": 20.7328, ""hsf_k"": 6, ""hsf_na"": 8, ""hsf_nb"": 8, ""hsf_l"": 23.1137, ""sup"": 16, ""chi_bits0"": 6, ""mps_l0"": 20.7328, ""hsf_keff"": 6, ""hsf_l0"": 23.1137, ""sparse_l"": 24.2192, ""sv_l"": 24.2192, ""feat_secs"": 0.002346, ""feat_secs_frame"": 0.000804, ""feat_secs_hsf"": 0.001407}"
brick,"brick:n=16,D=12,nn=1",1,"{""n"": 16.0, ""D"": 12.0, ""nn"": 1.0}",plan,ok,0.026703,0.0320,7258112,0.002152501925666509,0,0.002152501925666509,0.0,"engine=sv aborted=[""mps""] plan_secs=0.002733","{""n"": 16, ""gates"": 298, ""g2"": 90, ""g3"": 0, ""depth2"": 12, ""t_count"": 0, ""rotations"": 624, ""d"": 16, ""dense_l"": 25.1824, ""redundant"": 608, ""obs_zero"": false, ""frame_l"": 41.2854, ""chi_bits"": 6, ""mps_l"": 20.7328, ""hsf_k"": 6, ""hsf_na"": 8, ""hsf_nb"": 8, ""hsf_l"": 23.1137, ""sup"": 16, ""chi_bits0"": 6, ""mps_l0"": 20.7328, ""hsf_keff"": 6, ""hsf_l0"": 23.1137, ""sparse_l"": 24.2192, ""sv_l"": 24.2192, ""feat_secs"": 0.002346, ""feat_secs_frame"": 0.000804, ""feat_secs_hsf"": 0.001407}"
brick,"brick:n=20,D=1,nn=1",1,"{""n"": 20.0, ""D"": 1.0, ""nn"": 1.0}",planx,ok,0.00185,0.0071,2867200,-1.569571296627656e-07,0,-1.569571296627656e-07,0.0,engine=mps aborted=[] plan_secs=0.001739,"{""n"": 20, ""gates"": 50, ""g2"": 10, ""g3"": 0, ""depth2"": 1, ""t_count"": 0, ""rotations"": 120, ""d"": 20, ""dense_l"": 26.0224, ""redundant"": 100, ""obs_zero"": false, ""frame_l"": 46.9069, ""chi_bits"": 1, ""mps_l"": 7.4919, ""hsf_k"": 0, ""hsf_na"": 10, ""hsf_nb"": 10, ""hsf_l"": 20.0688, ""sup"": 20, ""chi_bits0"": 1, ""mps_l0"": 7.4919, ""hsf_keff"": 0, ""hsf_l0"": 20.0688, ""sparse_l"": 25.6439, ""sv_l"": 25.6439, ""feat_secs"": 0.001761, ""feat_secs_frame"": 0.000218, ""feat_secs_hsf"": 0.001499}"
brick,"brick:n=20,D=1,nn=1",1,"{""n"": 20.0, ""D"": 1.0, ""nn"": 1.0}",planp,ok,0.00185,0.0070,2867200,-1.569571296627656e-07,0,-1.569571296627656e-07,0.0,engine=mps aborted=[] plan_secs=0.001740,"{""n"": 20, ""gates"": 50, ""g2"": 10, ""g3"": 0, ""depth2"": 1, ""t_count"": 0, ""rotations"": 120, ""d"": 20, ""dense_l"": 26.0224, ""redundant"": 100, ""obs_zero"": false, ""frame_l"": 46.9069, ""chi_bits"": 1, ""mps_l"": 7.4919, ""hsf_k"": 0, ""hsf_na"": 10, ""hsf_nb"": 10, ""hsf_l"": 20.0688, ""sup"": 20, ""chi_bits0"": 1, ""mps_l0"": 7.4919, ""hsf_keff"": 0, ""hsf_l0"": 20.0688, ""sparse_l"": 25.6439, ""sv_l"": 25.6439, ""feat_secs"": 0.001761, ""feat_secs_frame"": 0.000218, ""feat_secs_hsf"": 0.001499}"
brick,"brick:n=20,D=1,nn=1",1,"{""n"": 20.0, ""D"": 1.0, ""nn"": 1.0}",plan,ok,0.0018,0.0074,2850816,-1.569571296627656e-07,0,-1.569571296627656e-07,0.0,engine=mps aborted=[] plan_secs=0.001698,"{""n"": 20, ""gates"": 50, ""g2"": 10, ""g3"": 0, ""depth2"": 1, ""t_count"": 0, ""rotations"": 120, ""d"": 20, ""dense_l"": 26.0224, ""redundant"": 100, ""obs_zero"": false, ""frame_l"": 46.9069, ""chi_bits"": 1, ""mps_l"": 7.4919, ""hsf_k"": 0, ""hsf_na"": 10, ""hsf_nb"": 10, ""hsf_l"": 20.0688, ""sup"": 20, ""chi_bits0"": 1, ""mps_l0"": 7.4919, ""hsf_keff"": 0, ""hsf_l0"": 20.0688, ""sparse_l"": 25.6439, ""sv_l"": 25.6439, ""feat_secs"": 0.001761, ""feat_secs_frame"": 0.000218, ""feat_secs_hsf"": 0.001499}"
brick,"brick:n=20,D=3,nn=1",1,"{""n"": 20.0, ""D"": 3.0, ""nn"": 1.0}",planx,ok,0.003376,0.0099,3194880,-0.0002220565475413613,0,-0.0002220565475413613,0.0,engine=mps aborted=[] plan_secs=0.003121,"{""n"": 20, ""gates"": 109, ""g2"": 29, ""g3"": 0, ""depth2"": 3, ""t_count"": 0, ""rotations"": 240, ""d"": 20, ""dense_l"": 27.5314, ""redundant"": 220, ""obs_zero"": false, ""frame_l"": 47.9069, ""chi_bits"": 2, ""mps_l"": 10.1447, ""hsf_k"": 1, ""hsf_na"": 10, ""hsf_nb"": 10, ""hsf_l"": 21.1459, ""sup"": 20, ""chi_bits0"": 2, ""mps_l0"": 10.1447, ""hsf_keff"": 1, ""hsf_l0"": 21.1459, ""sparse_l"": 26.7682, ""sv_l"": 26.7682, ""feat_secs"": 0.003496, ""feat_secs_frame"": 0.000356, ""feat_secs_hsf"": 0.003078}"
brick,"brick:n=20,D=3,nn=1",1,"{""n"": 20.0, ""D"": 3.0, ""nn"": 1.0}",planp,ok,0.003359,0.0100,3211264,-0.0002220565475413613,0,-0.0002220565475413613,0.0,engine=mps aborted=[] plan_secs=0.003102,"{""n"": 20, ""gates"": 109, ""g2"": 29, ""g3"": 0, ""depth2"": 3, ""t_count"": 0, ""rotations"": 240, ""d"": 20, ""dense_l"": 27.5314, ""redundant"": 220, ""obs_zero"": false, ""frame_l"": 47.9069, ""chi_bits"": 2, ""mps_l"": 10.1447, ""hsf_k"": 1, ""hsf_na"": 10, ""hsf_nb"": 10, ""hsf_l"": 21.1459, ""sup"": 20, ""chi_bits0"": 2, ""mps_l0"": 10.1447, ""hsf_keff"": 1, ""hsf_l0"": 21.1459, ""sparse_l"": 26.7682, ""sv_l"": 26.7682, ""feat_secs"": 0.003496, ""feat_secs_frame"": 0.000356, ""feat_secs_hsf"": 0.003078}"
brick,"brick:n=20,D=3,nn=1",1,"{""n"": 20.0, ""D"": 3.0, ""nn"": 1.0}",plan,ok,0.003428,0.0090,3162112,-0.0002220565475413613,0,-0.0002220565475413613,0.0,engine=mps aborted=[] plan_secs=0.003169,"{""n"": 20, ""gates"": 109, ""g2"": 29, ""g3"": 0, ""depth2"": 3, ""t_count"": 0, ""rotations"": 240, ""d"": 20, ""dense_l"": 27.5314, ""redundant"": 220, ""obs_zero"": false, ""frame_l"": 47.9069, ""chi_bits"": 2, ""mps_l"": 10.1447, ""hsf_k"": 1, ""hsf_na"": 10, ""hsf_nb"": 10, ""hsf_l"": 21.1459, ""sup"": 20, ""chi_bits0"": 2, ""mps_l0"": 10.1447, ""hsf_keff"": 1, ""hsf_l0"": 21.1459, ""sparse_l"": 26.7682, ""sv_l"": 26.7682, ""feat_secs"": 0.003496, ""feat_secs_frame"": 0.000356, ""feat_secs_hsf"": 0.003078}"
brick,"brick:n=20,D=6,nn=1",1,"{""n"": 20.0, ""D"": 6.0, ""nn"": 1.0}",planx,ok,0.004274,0.0097,3588096,0.0008663071438869973,0,0.0008663071438869973,0.0,engine=mps aborted=[] plan_secs=0.003451,"{""n"": 20, ""gates"": 197, ""g2"": 57, ""g3"": 0, ""depth2"": 6, ""t_count"": 0, ""rotations"": 420, ""d"": 20, ""dense_l"": 28.5118, ""redundant"": 400, ""obs_zero"": false, ""frame_l"": 48.7142, ""chi_bits"": 3, ""mps_l"": 13.5454, ""hsf_k"": 3, ""hsf_na"": 10, ""hsf_nb"": 10, ""hsf_l"": 23.2538, ""sup"": 20, ""chi_bits0"": 3, ""mps_l0"": 13.5454, ""hsf_keff"": 3, ""hsf_l0"": 23.2538, ""sparse_l"": 27.6221, ""sv_l"": 27.6221, ""feat_secs"": 0.003217, ""feat_secs_frame"": 0.000587, ""feat_secs_hsf"": 0.002533}"
brick,"brick:n=20,D=6,nn=1",1,"{""n"": 20.0, ""D"": 6.0, ""nn"": 1.0}",planp,ok,0.004696,0.0103,3588096,0.0008663071438869973,0,0.0008663071438869973,0.0,engine=mps aborted=[] plan_secs=0.003778,"{""n"": 20, ""gates"": 197, ""g2"": 57, ""g3"": 0, ""depth2"": 6, ""t_count"": 0, ""rotations"": 420, ""d"": 20, ""dense_l"": 28.5118, ""redundant"": 400, ""obs_zero"": false, ""frame_l"": 48.7142, ""chi_bits"": 3, ""mps_l"": 13.5454, ""hsf_k"": 3, ""hsf_na"": 10, ""hsf_nb"": 10, ""hsf_l"": 23.2538, ""sup"": 20, ""chi_bits0"": 3, ""mps_l0"": 13.5454, ""hsf_keff"": 3, ""hsf_l0"": 23.2538, ""sparse_l"": 27.6221, ""sv_l"": 27.6221, ""feat_secs"": 0.003217, ""feat_secs_frame"": 0.000587, ""feat_secs_hsf"": 0.002533}"
brick,"brick:n=20,D=6,nn=1",1,"{""n"": 20.0, ""D"": 6.0, ""nn"": 1.0}",plan,ok,0.004306,0.0094,3588096,0.0008663071438869973,0,0.0008663071438869973,0.0,engine=mps aborted=[] plan_secs=0.003516,"{""n"": 20, ""gates"": 197, ""g2"": 57, ""g3"": 0, ""depth2"": 6, ""t_count"": 0, ""rotations"": 420, ""d"": 20, ""dense_l"": 28.5118, ""redundant"": 400, ""obs_zero"": false, ""frame_l"": 48.7142, ""chi_bits"": 3, ""mps_l"": 13.5454, ""hsf_k"": 3, ""hsf_na"": 10, ""hsf_nb"": 10, ""hsf_l"": 23.2538, ""sup"": 20, ""chi_bits0"": 3, ""mps_l0"": 13.5454, ""hsf_keff"": 3, ""hsf_l0"": 23.2538, ""sparse_l"": 27.6221, ""sv_l"": 27.6221, ""feat_secs"": 0.003217, ""feat_secs_frame"": 0.000587, ""feat_secs_hsf"": 0.002533}"
brick,"brick:n=20,D=12,nn=1",1,"{""n"": 20.0, ""D"": 12.0, ""nn"": 1.0}",planx,ok,0.052603,0.0570,10977280,0.0003647943784763832,0,0.0003647943784763832,0.0,engine=mps aborted=[] plan_secs=0.004325,"{""n"": 20, ""gates"": 374, ""g2"": 114, ""g3"": 0, ""depth2"": 12, ""t_count"": 0, ""rotations"": 780, ""d"": 20, ""dense_l"": 29.5018, ""redundant"": 760, ""obs_zero"": false, ""frame_l"": 49.6073, ""chi_bits"": 6, ""mps_l"": 21.5091, ""hsf_k"": 6, ""hsf_na"": 10, ""hsf_nb"": 10, ""hsf_l"": 26.4491, ""sup"": 20, ""chi_bits0"": 6, ""mps_l0"": 21.5091, ""hsf_keff"": 6, ""hsf_l0"": 26.4491, ""sparse_l"": 28.5469, ""sv_l"": 28.5469, ""feat_secs"": 0.003745, ""feat_secs_frame"": 0.001063, ""feat_secs_hsf"": 0.002524}"
brick,"brick:n=20,D=12,nn=1",1,"{""n"": 20.0, ""D"": 12.0, ""nn"": 1.0}",planp,ok,0.052905,0.0590,10960896,0.0003647943784763832,0,0.0003647943784763832,0.0,engine=mps aborted=[] plan_secs=0.004340,"{""n"": 20, ""gates"": 374, ""g2"": 114, ""g3"": 0, ""depth2"": 12, ""t_count"": 0, ""rotations"": 780, ""d"": 20, ""dense_l"": 29.5018, ""redundant"": 760, ""obs_zero"": false, ""frame_l"": 49.6073, ""chi_bits"": 6, ""mps_l"": 21.5091, ""hsf_k"": 6, ""hsf_na"": 10, ""hsf_nb"": 10, ""hsf_l"": 26.4491, ""sup"": 20, ""chi_bits0"": 6, ""mps_l0"": 21.5091, ""hsf_keff"": 6, ""hsf_l0"": 26.4491, ""sparse_l"": 28.5469, ""sv_l"": 28.5469, ""feat_secs"": 0.003745, ""feat_secs_frame"": 0.001063, ""feat_secs_hsf"": 0.002524}"
brick,"brick:n=20,D=12,nn=1",1,"{""n"": 20.0, ""D"": 12.0, ""nn"": 1.0}",plan,ok,0.053156,0.0595,10960896,0.0003647943784763832,0,0.0003647943784763832,0.0,engine=mps aborted=[] plan_secs=0.004320,"{""n"": 20, ""gates"": 374, ""g2"": 114, ""g3"": 0, ""depth2"": 12, ""t_count"": 0, ""rotations"": 780, ""d"": 20, ""dense_l"": 29.5018, ""redundant"": 760, ""obs_zero"": false, ""frame_l"": 49.6073, ""chi_bits"": 6, ""mps_l"": 21.5091, ""hsf_k"": 6, ""hsf_na"": 10, ""hsf_nb"": 10, ""hsf_l"": 26.4491, ""sup"": 20, ""chi_bits0"": 6, ""mps_l0"": 21.5091, ""hsf_keff"": 6, ""hsf_l0"": 26.4491, ""sparse_l"": 28.5469, ""sv_l"": 28.5469, ""feat_secs"": 0.003745, ""feat_secs_frame"": 0.001063, ""feat_secs_hsf"": 0.002524}"
brick,"brick:n=24,D=1,nn=1",1,"{""n"": 24.0, ""D"": 1.0, ""nn"": 1.0}",planx,ok,0.00287,0.0074,2916352,3.690554669424622e-06,0,3.690554669424622e-06,0.0,engine=mps aborted=[] plan_secs=0.002731,"{""n"": 24, ""gates"": 60, ""g2"": 12, ""g3"": 0, ""depth2"": 1, ""t_count"": 0, ""rotations"": 144, ""d"": 24, ""dense_l"": 30.2668, ""redundant"": 120, ""obs_zero"": false, ""frame_l"": 55.1699, ""chi_bits"": 1, ""mps_l"": 7.7549, ""hsf_k"": 0, ""hsf_na"": 12, ""hsf_nb"": 12, ""hsf_l"": 24.021, ""sup"": 24, ""chi_bits0"": 1, ""mps_l0"": 7.7549, ""hsf_keff"": 0, ""hsf_l0"": 24.021, ""sparse_l"": 29.9069, ""sv_l"": 29.9069, ""feat_secs"": 0.002891, ""feat_secs_frame"": 0.000296, ""feat_secs_hsf"": 0.002544}"
brick,"brick:n=24,D=1,nn=1",1,"{""n"": 24.0, ""D"": 1.0, ""nn"": 1.0}",planp,ok,0.002897,0.0093,2916352,3.690554669424622e-06,0,3.690554669424622e-06,0.0,engine=mps aborted=[] plan_secs=0.002748,"{""n"": 24, ""gates"": 60, ""g2"": 12, ""g3"": 0, ""depth2"": 1, ""t_count"": 0, ""rotations"": 144, ""d"": 24, ""dense_l"": 30.2668, ""redundant"": 120, ""obs_zero"": false, ""frame_l"": 55.1699, ""chi_bits"": 1, ""mps_l"": 7.7549, ""hsf_k"": 0, ""hsf_na"": 12, ""hsf_nb"": 12, ""hsf_l"": 24.021, ""sup"": 24, ""chi_bits0"": 1, ""mps_l0"": 7.7549, ""hsf_keff"": 0, ""hsf_l0"": 24.021, ""sparse_l"": 29.9069, ""sv_l"": 29.9069, ""feat_secs"": 0.002891, ""feat_secs_frame"": 0.000296, ""feat_secs_hsf"": 0.002544}"
brick,"brick:n=24,D=1,nn=1",1,"{""n"": 24.0, ""D"": 1.0, ""nn"": 1.0}",plan,ok,0.002781,0.0067,2932736,3.690554669424622e-06,0,3.690554669424622e-06,0.0,engine=mps aborted=[] plan_secs=0.002645,"{""n"": 24, ""gates"": 60, ""g2"": 12, ""g3"": 0, ""depth2"": 1, ""t_count"": 0, ""rotations"": 144, ""d"": 24, ""dense_l"": 30.2668, ""redundant"": 120, ""obs_zero"": false, ""frame_l"": 55.1699, ""chi_bits"": 1, ""mps_l"": 7.7549, ""hsf_k"": 0, ""hsf_na"": 12, ""hsf_nb"": 12, ""hsf_l"": 24.021, ""sup"": 24, ""chi_bits0"": 1, ""mps_l0"": 7.7549, ""hsf_keff"": 0, ""hsf_l0"": 24.021, ""sparse_l"": 29.9069, ""sv_l"": 29.9069, ""feat_secs"": 0.002891, ""feat_secs_frame"": 0.000296, ""feat_secs_hsf"": 0.002544}"
brick,"brick:n=24,D=3,nn=1",1,"{""n"": 24.0, ""D"": 3.0, ""nn"": 1.0}",planx,ok,0.005584,0.0120,3276800,-1.249605503208763e-05,0,-1.249605503208763e-05,0.0,engine=mps aborted=[] plan_secs=0.005296,"{""n"": 24, ""gates"": 131, ""g2"": 35, ""g3"": 0, ""depth2"": 3, ""t_count"": 0, ""rotations"": 288, ""d"": 24, ""dense_l"": 31.7879, ""redundant"": 264, ""obs_zero"": false, ""frame_l"": 56.1699, ""chi_bits"": 2, ""mps_l"": 10.4429, ""hsf_k"": 1, ""hsf_na"": 12, ""hsf_nb"": 12, ""hsf_l"": 25.0454, ""sup"": 24, ""chi_bits0"": 2, ""mps_l0"": 10.4429, ""hsf_keff"": 1, ""hsf_l0"": 25.0454, ""sparse_l"": 31.0334, ""sv_l"": 31.0334, ""feat_secs"": 0.005019, ""feat_secs_frame"": 0.000426, ""feat_secs_hsf"": 0.004523}"
brick,"brick:n=24,D=3,nn=1",1,"{""n"": 24.0, ""D"": 3.0, ""nn"": 1.0}",planp,ok,0.005566,0.0105,3211264,-1.249605503208763e-05,0,-1.249605503208763e-05,0.0,engine=mps aborted=[] plan_secs=0.005256,"{""n"": 24, ""gates"": 131, ""g2"": 35, ""g3"": 0, ""depth2"": 3, ""t_count"": 0, ""rotations"": 288, ""d"": 24, ""dense_l"": 31.7879, ""redundant"": 264, ""obs_zero"": false, ""frame_l"": 56.1699, ""chi_bits"": 2, ""mps_l"": 10.4429, ""hsf_k"": 1, ""hsf_na"": 12, ""hsf_nb"": 12, ""hsf_l"": 25.0454, ""sup"": 24, ""chi_bits0"": 2, ""mps_l0"": 10.4429, ""hsf_keff"": 1, ""hsf_l0"": 25.0454, ""sparse_l"": 31.0334, ""sv_l"": 31.0334, ""feat_secs"": 0.005019, ""feat_secs_frame"": 0.000426, ""feat_secs_hsf"": 0.004523}"
brick,"brick:n=24,D=3,nn=1",1,"{""n"": 24.0, ""D"": 3.0, ""nn"": 1.0}",plan,ok,0.005585,0.0101,3244032,-1.249605503208763e-05,0,-1.249605503208763e-05,0.0,engine=mps aborted=[] plan_secs=0.005269,"{""n"": 24, ""gates"": 131, ""g2"": 35, ""g3"": 0, ""depth2"": 3, ""t_count"": 0, ""rotations"": 288, ""d"": 24, ""dense_l"": 31.7879, ""redundant"": 264, ""obs_zero"": false, ""frame_l"": 56.1699, ""chi_bits"": 2, ""mps_l"": 10.4429, ""hsf_k"": 1, ""hsf_na"": 12, ""hsf_nb"": 12, ""hsf_l"": 25.0454, ""sup"": 24, ""chi_bits0"": 2, ""mps_l0"": 10.4429, ""hsf_keff"": 1, ""hsf_l0"": 25.0454, ""sparse_l"": 31.0334, ""sv_l"": 31.0334, ""feat_secs"": 0.005019, ""feat_secs_frame"": 0.000426, ""feat_secs_hsf"": 0.004523}"
brick,"brick:n=24,D=6,nn=1",1,"{""n"": 24.0, ""D"": 6.0, ""nn"": 1.0}",planx,ok,0.006797,0.0120,3522560,0.0001340066387619955,0,0.0001340066387619955,0.0,engine=mps aborted=[] plan_secs=0.005822,"{""n"": 24, ""gates"": 237, ""g2"": 69, ""g3"": 0, ""depth2"": 6, ""t_count"": 0, ""rotations"": 504, ""d"": 24, ""dense_l"": 32.7715, ""redundant"": 480, ""obs_zero"": false, ""frame_l"": 56.9773, ""chi_bits"": 3, ""mps_l"": 13.8696, ""hsf_k"": 3, ""hsf_na"": 12, ""hsf_nb"": 12, ""hsf_l"": 27.0812, ""sup"": 24, ""chi_bits0"": 3, ""mps_l0"": 13.8696, ""hsf_keff"": 3, ""hsf_l0"": 27.0812, ""sparse_l"": 31.8887, ""sv_l"": 31.8887, ""feat_secs"": 0.005982, ""feat_secs_frame"": 0.000809, ""feat_secs_hsf"": 0.00497}"
brick,"brick:n=24,D=6,nn=1",1,"{""n"": 24.0, ""D"": 6.0, ""nn"": 1.0}",planp,ok,0.006844,0.0116,3538944,0.0001340066387619955,0,0.0001340066387619955,0.0,engine=mps aborted=[] plan_secs=0.005866,"{""n"": 24, ""gates"": 237, ""g2"": 69, ""g3"": 0, ""depth2"": 6, ""t_count"": 0, ""rotations"": 504, ""d"": 24, ""dense_l"": 32.7715, ""redundant"": 480, ""obs_zero"": false, ""frame_l"": 56.9773, ""chi_bits"": 3, ""mps_l"": 13.8696, ""hsf_k"": 3, ""hsf_na"": 12, ""hsf_nb"": 12, ""hsf_l"": 27.0812, ""sup"": 24, ""chi_bits0"": 3, ""mps_l0"": 13.8696, ""hsf_keff"": 3, ""hsf_l0"": 27.0812, ""sparse_l"": 31.8887, ""sv_l"": 31.8887, ""feat_secs"": 0.005982, ""feat_secs_frame"": 0.000809, ""feat_secs_hsf"": 0.00497}"
brick,"brick:n=24,D=6,nn=1",1,"{""n"": 24.0, ""D"": 6.0, ""nn"": 1.0}",plan,ok,0.006798,0.0119,3522560,0.0001340066387619955,0,0.0001340066387619955,0.0,engine=mps aborted=[] plan_secs=0.005839,"{""n"": 24, ""gates"": 237, ""g2"": 69, ""g3"": 0, ""depth2"": 6, ""t_count"": 0, ""rotations"": 504, ""d"": 24, ""dense_l"": 32.7715, ""redundant"": 480, ""obs_zero"": false, ""frame_l"": 56.9773, ""chi_bits"": 3, ""mps_l"": 13.8696, ""hsf_k"": 3, ""hsf_na"": 12, ""hsf_nb"": 12, ""hsf_l"": 27.0812, ""sup"": 24, ""chi_bits0"": 3, ""mps_l0"": 13.8696, ""hsf_keff"": 3, ""hsf_l0"": 27.0812, ""sparse_l"": 31.8887, ""sv_l"": 31.8887, ""feat_secs"": 0.005982, ""feat_secs_frame"": 0.000809, ""feat_secs_hsf"": 0.00497}"
brick,"brick:n=24,D=12,nn=1",1,"{""n"": 24.0, ""D"": 12.0, ""nn"": 1.0}",planx,ok,0.077355,0.0833,11517952,0.0003272108392886343,0,0.0003272108392886343,0.0,engine=mps aborted=[] plan_secs=0.006894,"{""n"": 24, ""gates"": 450, ""g2"": 138, ""g3"": 0, ""depth2"": 12, ""t_count"": 0, ""rotations"": 936, ""d"": 24, ""dense_l"": 33.7632, ""redundant"": 912, ""obs_zero"": false, ""frame_l"": 57.8704, ""chi_bits"": 6, ""mps_l"": 22.0111, ""hsf_k"": 6, ""hsf_na"": 12, ""hsf_nb"": 12, ""hsf_l"": 30.1504, ""sup"": 24, ""chi_bits0"": 6, ""mps_l0"": 22.0111, ""hsf_keff"": 6, ""hsf_l0"": 30.1504, ""sparse_l"": 32.8138, ""sv_l"": 32.8138, ""feat_secs"": 0.006195, ""feat_secs_frame"": 0.001302, ""feat_secs_hsf"": 0.004712}"
brick,"brick:n=24,D=12,nn=1",1,"{""n"": 24.0, ""D"": 12.0, ""nn"": 1.0}",planp,ok,0.077007,0.0825,11534336,0.0003272108392886343,0,0.0003272108392886343,0.0,engine=mps aborted=[] plan_secs=0.007020,"{""n"": 24, ""gates"": 450, ""g2"": 138, ""g3"": 0, ""depth2"": 12, ""t_count"": 0, ""rotations"": 936, ""d"": 24, ""dense_l"": 33.7632, ""redundant"": 912, ""obs_zero"": false, ""frame_l"": 57.8704, ""chi_bits"": 6, ""mps_l"": 22.0111, ""hsf_k"": 6, ""hsf_na"": 12, ""hsf_nb"": 12, ""hsf_l"": 30.1504, ""sup"": 24, ""chi_bits0"": 6, ""mps_l0"": 22.0111, ""hsf_keff"": 6, ""hsf_l0"": 30.1504, ""sparse_l"": 32.8138, ""sv_l"": 32.8138, ""feat_secs"": 0.006195, ""feat_secs_frame"": 0.001302, ""feat_secs_hsf"": 0.004712}"
brick,"brick:n=24,D=12,nn=1",1,"{""n"": 24.0, ""D"": 12.0, ""nn"": 1.0}",plan,ok,0.076791,0.0839,12419072,0.0003272108392886343,0,0.0003272108392886343,0.0,engine=mps aborted=[] plan_secs=0.006922,"{""n"": 24, ""gates"": 450, ""g2"": 138, ""g3"": 0, ""depth2"": 12, ""t_count"": 0, ""rotations"": 936, ""d"": 24, ""dense_l"": 33.7632, ""redundant"": 912, ""obs_zero"": false, ""frame_l"": 57.8704, ""chi_bits"": 6, ""mps_l"": 22.0111, ""hsf_k"": 6, ""hsf_na"": 12, ""hsf_nb"": 12, ""hsf_l"": 30.1504, ""sup"": 24, ""chi_bits0"": 6, ""mps_l0"": 22.0111, ""hsf_keff"": 6, ""hsf_l0"": 30.1504, ""sparse_l"": 32.8138, ""sv_l"": 32.8138, ""feat_secs"": 0.006195, ""feat_secs_frame"": 0.001302, ""feat_secs_hsf"": 0.004712}"
brick,"brick:n=26,D=1,nn=1",1,"{""n"": 26.0, ""D"": 1.0, ""nn"": 1.0}",planx,ok,0.003344,0.0093,2916352,3.904987947598028e-06,0,3.904987947598028e-06,0.0,engine=mps aborted=[] plan_secs=0.003194,"{""n"": 26, ""gates"": 65, ""g2"": 13, ""g3"": 0, ""depth2"": 1, ""t_count"": 0, ""rotations"": 156, ""d"": 26, ""dense_l"": 32.375, ""redundant"": 130, ""obs_zero"": false, ""frame_l"": 59.2854, ""chi_bits"": 1, ""mps_l"": 7.8704, ""hsf_k"": 0, ""hsf_na"": 12, ""hsf_nb"": 14, ""hsf_l"": 26.0227, ""sup"": 26, ""chi_bits0"": 1, ""mps_l0"": 7.8704, ""hsf_keff"": 0, ""hsf_l0"": 26.0227, ""sparse_l"": 32.0224, ""sv_l"": 32.0224, ""feat_secs"": 0.003012, ""feat_secs_frame"": 0.000261, ""feat_secs_hsf"": 0.002699}"
brick,"brick:n=26,D=1,nn=1",1,"{""n"": 26.0, ""D"": 1.0, ""nn"": 1.0}",planp,ok,0.00325,0.0075,2932736,3.904987947598028e-06,0,3.904987947598028e-06,0.0,engine=mps aborted=[] plan_secs=0.003131,"{""n"": 26, ""gates"": 65, ""g2"": 13, ""g3"": 0, ""depth2"": 1, ""t_count"": 0, ""rotations"": 156, ""d"": 26, ""dense_l"": 32.375, ""redundant"": 130, ""obs_zero"": false, ""frame_l"": 59.2854, ""chi_bits"": 1, ""mps_l"": 7.8704, ""hsf_k"": 0, ""hsf_na"": 12, ""hsf_nb"": 14, ""hsf_l"": 26.0227, ""sup"": 26, ""chi_bits0"": 1, ""mps_l0"": 7.8704, ""hsf_keff"": 0, ""hsf_l0"": 26.0227, ""sparse_l"": 32.0224, ""sv_l"": 32.0224, ""feat_secs"": 0.003012, ""feat_secs_frame"": 0.000261, ""feat_secs_hsf"": 0.002699}"
brick,"brick:n=26,D=1,nn=1",1,"{""n"": 26.0, ""D"": 1.0, ""nn"": 1.0}",plan,ok,0.00347,0.0100,2932736,3.904987947598028e-06,0,3.904987947598028e-06,0.0,engine=mps aborted=[] plan_secs=0.003340,"{""n"": 26, ""gates"": 65, ""g2"": 13, ""g3"": 0, ""depth2"": 1, ""t_count"": 0, ""rotations"": 156, ""d"": 26, ""dense_l"": 32.375, ""redundant"": 130, ""obs_zero"": false, ""frame_l"": 59.2854, ""chi_bits"": 1, ""mps_l"": 7.8704, ""hsf_k"": 0, ""hsf_na"": 12, ""hsf_nb"": 14, ""hsf_l"": 26.0227, ""sup"": 26, ""chi_bits0"": 1, ""mps_l0"": 7.8704, ""hsf_keff"": 0, ""hsf_l0"": 26.0227, ""sparse_l"": 32.0224, ""sv_l"": 32.0224, ""feat_secs"": 0.003012, ""feat_secs_frame"": 0.000261, ""feat_secs_hsf"": 0.002699}"
brick,"brick:n=26,D=3,nn=1",1,"{""n"": 26.0, ""D"": 3.0, ""nn"": 1.0}",planx,ok,0.007213,0.0127,3260416,6.845634480100826e-06,0,6.845634480100826e-06,0.0,engine=mps aborted=[] plan_secs=0.006907,"{""n"": 26, ""gates"": 142, ""g2"": 38, ""g3"": 0, ""depth2"": 3, ""t_count"": 0, ""rotations"": 312, ""d"": 26, ""dense_l"": 33.9009, ""redundant"": 286, ""obs_zero"": false, ""frame_l"": 60.2854, ""chi_bits"": 2, ""mps_l"": 10.5718, ""hsf_k"": 1, ""hsf_na"": 12, ""hsf_nb"": 14, ""hsf_l"": 27.0492, ""sup"": 26, ""chi_bits0"": 2, ""mps_l0"": 10.5718, ""hsf_keff"": 1, ""hsf_l0"": 27.0492, ""sparse_l"": 33.1497, ""sv_l"": 33.1497, ""feat_secs"": 0.006706, ""feat_secs_frame"": 0.000492, ""feat_secs_hsf"": 0.006144}"
brick,"brick:n=26,D=3,nn=1",1,"{""n"": 26.0, ""D"": 3.0, ""nn"": 1.0}",planp,ok,0.007146,0.0126,3309568,6.845634480100826e-06,0,6.845634480100826e-06,0.0,engine=mps aborted=[] plan_secs=0.006840,"{""n"": 26, ""gates"": 142, ""g2"": 38, ""g3"": 0, ""depth2"": 3, ""t_count"": 0, ""rotations"": 312, ""d"": 26, ""dense_l"": 33.9009, ""redundant"": 286, ""obs_zero"": false, ""frame_l"": 60.2854, ""chi_bits"": 2, ""mps_l"": 10.5718, ""hsf_k"": 1, ""hsf_na"": 12, ""hsf_nb"": 14, ""hsf_l"": 27.0492, ""sup"": 26, ""chi_bits0"": 2, ""mps_l0"": 10.5718, ""hsf_keff"": 1, ""hsf_l0"": 27.0492, ""sparse_l"": 33.1497, ""sv_l"": 33.1497, ""feat_secs"": 0.006706, ""feat_secs_frame"": 0.000492, ""feat_secs_hsf"": 0.006144}"
brick,"brick:n=26,D=3,nn=1",1,"{""n"": 26.0, ""D"": 3.0, ""nn"": 1.0}",plan,ok,0.007173,0.0125,3260416,6.845634480100826e-06,0,6.845634480100826e-06,0.0,engine=mps aborted=[] plan_secs=0.006868,"{""n"": 26, ""gates"": 142, ""g2"": 38, ""g3"": 0, ""depth2"": 3, ""t_count"": 0, ""rotations"": 312, ""d"": 26, ""dense_l"": 33.9009, ""redundant"": 286, ""obs_zero"": false, ""frame_l"": 60.2854, ""chi_bits"": 2, ""mps_l"": 10.5718, ""hsf_k"": 1, ""hsf_na"": 12, ""hsf_nb"": 14, ""hsf_l"": 27.0492, ""sup"": 26, ""chi_bits0"": 2, ""mps_l0"": 10.5718, ""hsf_keff"": 1, ""hsf_l0"": 27.0492, ""sparse_l"": 33.1497, ""sv_l"": 33.1497, ""feat_secs"": 0.006706, ""feat_secs_frame"": 0.000492, ""feat_secs_hsf"": 0.006144}"
brick,"brick:n=26,D=6,nn=1",1,"{""n"": 26.0, ""D"": 6.0, ""nn"": 1.0}",planx,ok,0.008749,0.0156,3653632,0.0001215372752044635,0,0.0001215372752044635,0.0,engine=mps aborted=[] plan_secs=0.007571,"{""n"": 26, ""gates"": 257, ""g2"": 75, ""g3"": 0, ""depth2"": 6, ""t_count"": 0, ""rotations"": 546, ""d"": 26, ""dense_l"": 34.8857, ""redundant"": 520, ""obs_zero"": false, ""frame_l"": 61.0928, ""chi_bits"": 3, ""mps_l"": 14.0079, ""hsf_k"": 3, ""hsf_na"": 13, ""hsf_nb"": 13, ""hsf_l"": 29.0446, ""sup"": 26, ""chi_bits0"": 3, ""mps_l0"": 14.0079, ""hsf_keff"": 3, ""hsf_l0"": 29.0446, ""sparse_l"": 34.0056, ""sv_l"": 34.0056, ""feat_secs"": 0.007911, ""feat_secs_frame"": 0.000804, ""feat_secs_hsf"": 0.006984}"
brick,"brick:n=26,D=6,nn=1",1,"{""n"": 26.0, ""D"": 6.0, ""nn"": 1.0}",planp,ok,0.008812,0.0132,3571712,0.0001215372752044635,0,0.0001215372752044635,0.0,engine=mps aborted=[] plan_secs=0.007630,"{""n"": 26, ""gates"": 257, ""g2"": 75, ""g3"": 0, ""depth2"": 6, ""t_count"": 0, ""rotations"": 546, ""d"": 26, ""dense_l"": 34.8857, ""redundant"": 520, ""obs_zero"": false, ""frame_l"": 61.0928, ""chi_bits"": 3, ""mps_l"": 14.0079, ""hsf_k"": 3, ""hsf_na"": 13, ""hsf_nb"": 13, ""hsf_l"": 29.0446, ""sup"": 26, ""chi_bits0"": 3, ""mps_l0"": 14.0079, ""hsf_keff"": 3, ""hsf_l0"": 29.0446, ""sparse_l"": 34.0056, ""sv_l"": 34.0056, ""feat_secs"": 0.007911, ""feat_secs_frame"": 0.000804, ""feat_secs_hsf"": 0.006984}"
brick,"brick:n=26,D=6,nn=1",1,"{""n"": 26.0, ""D"": 6.0, ""nn"": 1.0}",plan,ok,0.008571,0.0155,3571712,0.0001215372752044635,0,0.0001215372752044635,0.0,engine=mps aborted=[] plan_secs=0.007478,"{""n"": 26, ""gates"": 257, ""g2"": 75, ""g3"": 0, ""depth2"": 6, ""t_count"": 0, ""rotations"": 546, ""d"": 26, ""dense_l"": 34.8857, ""redundant"": 520, ""obs_zero"": false, ""frame_l"": 61.0928, ""chi_bits"": 3, ""mps_l"": 14.0079, ""hsf_k"": 3, ""hsf_na"": 13, ""hsf_nb"": 13, ""hsf_l"": 29.0446, ""sup"": 26, ""chi_bits0"": 3, ""mps_l0"": 14.0079, ""hsf_keff"": 3, ""hsf_l0"": 29.0446, ""sparse_l"": 34.0056, ""sv_l"": 34.0056, ""feat_secs"": 0.007911, ""feat_secs_frame"": 0.000804, ""feat_secs_hsf"": 0.006984}"
brick,"brick:n=26,D=12,nn=1",1,"{""n"": 26.0, ""D"": 12.0, ""nn"": 1.0}",planx,ok,0.089581,0.0958,13139968,-5.997848576838863e-05,0,-5.997848576838863e-05,0.0,engine=mps aborted=[] plan_secs=0.009295,"{""n"": 26, ""gates"": 488, ""g2"": 150, ""g3"": 0, ""depth2"": 12, ""t_count"": 0, ""rotations"": 1014, ""d"": 26, ""dense_l"": 35.8781, ""redundant"": 988, ""obs_zero"": false, ""frame_l"": 61.9858, ""chi_bits"": 6, ""mps_l"": 22.2089, ""hsf_k"": 6, ""hsf_na"": 13, ""hsf_nb"": 13, ""hsf_l"": 32.0835, ""sup"": 26, ""chi_bits0"": 6, ""mps_l0"": 22.2089, ""hsf_keff"": 6, ""hsf_l0"": 32.0835, ""sparse_l"": 34.9307, ""sv_l"": 34.9307, ""feat_secs"": 0.008837, ""feat_secs_frame"": 0.001677, ""feat_secs_hsf"": 0.006941}"
brick,"brick:n=26,D=12,nn=1",1,"{""n"": 26.0, ""D"": 12.0, ""nn"": 1.0}",planp,ok,0.089434,0.0967,13172736,-5.997848576838863e-05,0,-5.997848576838863e-05,0.0,engine=mps aborted=[] plan_secs=0.008653,"{""n"": 26, ""gates"": 488, ""g2"": 150, ""g3"": 0, ""depth2"": 12, ""t_count"": 0, ""rotations"": 1014, ""d"": 26, ""dense_l"": 35.8781, ""redundant"": 988, ""obs_zero"": false, ""frame_l"": 61.9858, ""chi_bits"": 6, ""mps_l"": 22.2089, ""hsf_k"": 6, ""hsf_na"": 13, ""hsf_nb"": 13, ""hsf_l"": 32.0835, ""sup"": 26, ""chi_bits0"": 6, ""mps_l0"": 22.2089, ""hsf_keff"": 6, ""hsf_l0"": 32.0835, ""sparse_l"": 34.9307, ""sv_l"": 34.9307, ""feat_secs"": 0.008837, ""feat_secs_frame"": 0.001677, ""feat_secs_hsf"": 0.006941}"
brick,"brick:n=26,D=12,nn=1",1,"{""n"": 26.0, ""D"": 12.0, ""nn"": 1.0}",plan,ok,0.089824,0.0947,12025856,-5.997848576838863e-05,0,-5.997848576838863e-05,0.0,engine=mps aborted=[] plan_secs=0.008869,"{""n"": 26, ""gates"": 488, ""g2"": 150, ""g3"": 0, ""depth2"": 12, ""t_count"": 0, ""rotations"": 1014, ""d"": 26, ""dense_l"": 35.8781, ""redundant"": 988, ""obs_zero"": false, ""frame_l"": 61.9858, ""chi_bits"": 6, ""mps_l"": 22.2089, ""hsf_k"": 6, ""hsf_na"": 13, ""hsf_nb"": 13, ""hsf_l"": 32.0835, ""sup"": 26, ""chi_bits0"": 6, ""mps_l0"": 22.2089, ""hsf_keff"": 6, ""hsf_l0"": 32.0835, ""sparse_l"": 34.9307, ""sv_l"": 34.9307, ""feat_secs"": 0.008837, ""feat_secs_frame"": 0.001677, ""feat_secs_hsf"": 0.006941}"
brick,"brick:n=16,D=1,nn=0",1,"{""n"": 16.0, ""D"": 1.0, ""nn"": 0.0}",planx,ok,0.001048,0.0067,3276800,7.053591128823864e-05,0,7.053591128823864e-05,0.0,engine=mps aborted=[] plan_secs=0.000395,"{""n"": 16, ""gates"": 40, ""g2"": 8, ""g3"": 0, ""depth2"": 1, ""t_count"": 0, ""rotations"": 96, ""d"": 16, ""dense_l"": 21.7279, ""redundant"": 80, ""obs_zero"": false, ""frame_l"": 38.585, ""chi_bits"": 4, ""mps_l"": 17.4875, ""hsf_k"": 0, ""hsf_na"": 8, ""hsf_nb"": 8, ""hsf_l"": 16.2095, ""sup"": 16, ""chi_bits0"": 4, ""mps_l0"": 17.4875, ""hsf_keff"": 0, ""hsf_l0"": 16.2095, ""sparse_l"": 21.3219, ""sv_l"": 21.3219, ""feat_secs"": 0.001093, ""feat_secs_frame"": 0.000172, ""feat_secs_hsf"": 0.000882}"
brick,"brick:n=16,D=1,nn=0",1,"{""n"": 16.0, ""D"": 1.0, ""nn"": 0.0}",planp,ok,0.001032,0.0067,3211264,7.053591128823864e-05,0,7.053591128823864e-05,0.0,engine=mps aborted=[] plan_secs=0.000359,"{""n"": 16, ""gates"": 40, ""g2"": 8, ""g3"": 0, ""depth2"": 1, ""t_count"": 0, ""rotations"": 96, ""d"": 16, ""dense_l"": 21.7279, ""redundant"": 80, ""obs_zero"": false, ""frame_l"": 38.585, ""chi_bits"": 4, ""mps_l"": 17.4875, ""hsf_k"": 0, ""hsf_na"": 8, ""hsf_nb"": 8, ""hsf_l"": 16.2095, ""sup"": 16, ""chi_bits0"": 4, ""mps_l0"": 17.4875, ""hsf_keff"": 0, ""hsf_l0"": 16.2095, ""sparse_l"": 21.3219, ""sv_l"": 21.3219, ""feat_secs"": 0.001093, ""feat_secs_frame"": 0.000172, ""feat_secs_hsf"": 0.000882}"
brick,"brick:n=16,D=1,nn=0",1,"{""n"": 16.0, ""D"": 1.0, ""nn"": 0.0}",plan,ok,0.000971,0.0058,3211264,7.053591128823864e-05,0,7.053591128823864e-05,0.0,engine=mps aborted=[] plan_secs=0.000334,"{""n"": 16, ""gates"": 40, ""g2"": 8, ""g3"": 0, ""depth2"": 1, ""t_count"": 0, ""rotations"": 96, ""d"": 16, ""dense_l"": 21.7279, ""redundant"": 80, ""obs_zero"": false, ""frame_l"": 38.585, ""chi_bits"": 4, ""mps_l"": 17.4875, ""hsf_k"": 0, ""hsf_na"": 8, ""hsf_nb"": 8, ""hsf_l"": 16.2095, ""sup"": 16, ""chi_bits0"": 4, ""mps_l0"": 17.4875, ""hsf_keff"": 0, ""hsf_l0"": 16.2095, ""sparse_l"": 21.3219, ""sv_l"": 21.3219, ""feat_secs"": 0.001093, ""feat_secs_frame"": 0.000172, ""feat_secs_hsf"": 0.000882}"
brick,"brick:n=16,D=3,nn=0",1,"{""n"": 16.0, ""D"": 3.0, ""nn"": 0.0}",planx,ok,0.005209,0.0097,4325376,0.0004329447806843809,0,0.0004329447806843809,0.0,engine=sv aborted=[] plan_secs=0.000727,"{""n"": 16, ""gates"": 88, ""g2"": 24, ""g3"": 0, ""depth2"": 3, ""t_count"": 0, ""rotations"": 192, ""d"": 16, ""dense_l"": 23.2192, ""redundant"": 176, ""obs_zero"": false, ""frame_l"": 39.585, ""chi_bits"": 8, ""mps_l"": 28.9587, ""hsf_k"": 2, ""hsf_na"": 8, ""hsf_nb"": 8, ""hsf_l"": 18.4263, ""sup"": 16, ""chi_bits0"": 8, ""mps_l0"": 28.9587, ""hsf_keff"": 2, ""hsf_l0"": 18.4263, ""sparse_l"": 22.4594, ""sv_l"": 22.4594, ""feat_secs"": 0.002309, ""feat_secs_frame"": 0.000287, ""feat_secs_hsf"": 0.001967}"
brick,"brick:n=16,D=3,nn=0",1,"{""n"": 16.0, ""D"": 3.0, ""nn"": 0.0}",planp,ok,0.005138,0.0097,4259840,0.0004329447806843809,0,0.0004329447806843809,0.0,engine=sv aborted=[] plan_secs=0.000739,"{""n"": 16, ""gates"": 88, ""g2"": 24, ""g3"": 0, ""depth2"": 3, ""t_count"": 0, ""rotations"": 192, ""d"": 16, ""dense_l"": 23.2192, ""redundant"": 176, ""obs_zero"": false, ""frame_l"": 39.585, ""chi_bits"": 8, ""mps_l"": 28.9587, ""hsf_k"": 2, ""hsf_na"": 8, ""hsf_nb"": 8, ""hsf_l"": 18.4263, ""sup"": 16, ""chi_bits0"": 8, ""mps_l0"": 28.9587, ""hsf_keff"": 2, ""hsf_l0"": 18.4263, ""sparse_l"": 22.4594, ""sv_l"": 22.4594, ""feat_secs"": 0.002309, ""feat_secs_frame"": 0.000287, ""feat_secs_hsf"": 0.001967}"
brick,"brick:n=16,D=3,nn=0",1,"{""n"": 16.0, ""D"": 3.0, ""nn"": 0.0}",plan,ok,0.004754,0.0096,4276224,0.0004329447806843809,0,0.0004329447806843809,0.0,engine=sv aborted=[] plan_secs=0.000812,"{""n"": 16, ""gates"": 88, ""g2"": 24, ""g3"": 0, ""depth2"": 3, ""t_count"": 0, ""rotations"": 192, ""d"": 16, ""dense_l"": 23.2192, ""redundant"": 176, ""obs_zero"": false, ""frame_l"": 39.585, ""chi_bits"": 8, ""mps_l"": 28.9587, ""hsf_k"": 2, ""hsf_na"": 8, ""hsf_nb"": 8, ""hsf_l"": 18.4263, ""sup"": 16, ""chi_bits0"": 8, ""mps_l0"": 28.9587, ""hsf_keff"": 2, ""hsf_l0"": 18.4263, ""sparse_l"": 22.4594, ""sv_l"": 22.4594, ""feat_secs"": 0.002309, ""feat_secs_frame"": 0.000287, ""feat_secs_hsf"": 0.001967}"
brick,"brick:n=16,D=6,nn=0",1,"{""n"": 16.0, ""D"": 6.0, ""nn"": 0.0}",planx,ok,0.011343,0.0156,4685824,0.0007761913838449866,0,0.0007761913838449866,0.0,engine=sv aborted=[] plan_secs=0.004465,"{""n"": 16, ""gates"": 160, ""g2"": 48, ""g3"": 0, ""depth2"": 6, ""t_count"": 0, ""rotations"": 336, ""d"": 16, ""dense_l"": 24.1948, ""redundant"": 320, ""obs_zero"": false, ""frame_l"": 40.3923, ""chi_bits"": 8, ""mps_l"": 31.4676, ""hsf_k"": 8, ""hsf_na"": 5, ""hsf_nb"": 11, ""hsf_l"": 26.585, ""sup"": 16, ""chi_bits0"": 8, ""mps_l0"": 31.4676, ""hsf_keff"": 8, ""hsf_l0"": 26.585, ""sparse_l"": 23.3219, ""sv_l"": 23.3219, ""feat_secs"": 0.003766, ""feat_secs_frame"": 0.000461, ""feat_secs_hsf"": 0.003219}"
brick,"brick:n=16,D=6,nn=0",1,"{""n"": 16.0, ""D"": 6.0, ""nn"": 0.0}",planp,ok,0.011477,0.0157,4603904,0.0007761913838449866,0,0.0007761913838449866,0.0,engine=sv aborted=[] plan_secs=0.004556,"{""n"": 16, ""gates"": 160, ""g2"": 48, ""g3"": 0, ""depth2"": 6, ""t_count"": 0, ""rotations"": 336, ""d"": 16, ""dense_l"": 24.1948, ""redundant"": 320, ""obs_zero"": false, ""frame_l"": 40.3923, ""chi_bits"": 8, ""mps_l"": 31.4676, ""hsf_k"": 8, ""hsf_na"": 5, ""hsf_nb"": 11, ""hsf_l"": 26.585, ""sup"": 16, ""chi_bits0"": 8, ""mps_l0"": 31.4676, ""hsf_keff"": 8, ""hsf_l0"": 26.585, ""sparse_l"": 23.3219, ""sv_l"": 23.3219, ""feat_secs"": 0.003766, ""feat_secs_frame"": 0.000461, ""feat_secs_hsf"": 0.003219}"
brick,"brick:n=16,D=6,nn=0",1,"{""n"": 16.0, ""D"": 6.0, ""nn"": 0.0}",plan,ok,0.012159,0.0188,4685824,0.0007761913838449866,0,0.0007761913838449866,0.0,engine=sv aborted=[] plan_secs=0.004528,"{""n"": 16, ""gates"": 160, ""g2"": 48, ""g3"": 0, ""depth2"": 6, ""t_count"": 0, ""rotations"": 336, ""d"": 16, ""dense_l"": 24.1948, ""redundant"": 320, ""obs_zero"": false, ""frame_l"": 40.3923, ""chi_bits"": 8, ""mps_l"": 31.4676, ""hsf_k"": 8, ""hsf_na"": 5, ""hsf_nb"": 11, ""hsf_l"": 26.585, ""sup"": 16, ""chi_bits0"": 8, ""mps_l0"": 31.4676, ""hsf_keff"": 8, ""hsf_l0"": 26.585, ""sparse_l"": 23.3219, ""sv_l"": 23.3219, ""feat_secs"": 0.003766, ""feat_secs_frame"": 0.000461, ""feat_secs_hsf"": 0.003219}"
brick,"brick:n=24,D=2,nn=0",1,"{""n"": 24.0, ""D"": 2.0, ""nn"": 0.0}",planx,ok,0.279819,0.2855,271777792,-1.543020314857349e-06,0,-1.543020314857349e-06,0.0,engine=hsf aborted=[] plan_secs=0.005670,"{""n"": 24, ""gates"": 96, ""g2"": 24, ""g3"": 0, ""depth2"": 2, ""t_count"": 0, ""rotations"": 216, ""d"": 24, ""dense_l"": 31.2192, ""redundant"": 192, ""obs_zero"": false, ""frame_l"": 55.7549, ""chi_bits"": 10, ""mps_l"": 34.7963, ""hsf_k"": 0, ""hsf_na"": 12, ""hsf_nb"": 12, ""hsf_l"": 24.0334, ""sup"": 24, ""chi_bits0"": 10, ""mps_l0"": 34.7963, ""hsf_keff"": 0, ""hsf_l0"": 24.0334, ""sparse_l"": 30.585, ""sv_l"": 30.585, ""feat_secs"": 0.004946, ""feat_secs_frame"": 0.00035, ""feat_secs_hsf"": 0.004538}"
brick,"brick:n=24,D=2,nn=0",1,"{""n"": 24.0, ""D"": 2.0, ""nn"": 0.0}",planp,ok,0.285819,0.2915,273530880,-1.543020314857349e-06,0,-1.543020314857349e-06,0.0,engine=hsf aborted=[] plan_secs=0.010645,"{""n"": 24, ""gates"": 96, ""g2"": 24, ""g3"": 0, ""depth2"": 2, ""t_count"": 0, ""rotations"": 216, ""d"": 24, ""dense_l"": 31.2192, ""redundant"": 192, ""obs_zero"": false, ""frame_l"": 55.7549, ""chi_bits"": 10, ""mps_l"": 34.7963, ""hsf_k"": 0, ""hsf_na"": 12, ""hsf_nb"": 12, ""hsf_l"": 24.0334, ""sup"": 24, ""chi_bits0"": 10, ""mps_l0"": 34.7963, ""hsf_keff"": 0, ""hsf_l0"": 24.0334, ""sparse_l"": 30.585, ""sv_l"": 30.585, ""feat_secs"": 0.004946, ""feat_secs_frame"": 0.00035, ""feat_secs_hsf"": 0.004538}"
brick,"brick:n=24,D=2,nn=0",1,"{""n"": 24.0, ""D"": 2.0, ""nn"": 0.0}",plan,ok,0.28371,0.2889,271761408,-1.543020314857349e-06,0,-1.543020314857349e-06,0.0,engine=hsf aborted=[] plan_secs=0.005507,"{""n"": 24, ""gates"": 96, ""g2"": 24, ""g3"": 0, ""depth2"": 2, ""t_count"": 0, ""rotations"": 216, ""d"": 24, ""dense_l"": 31.2192, ""redundant"": 192, ""obs_zero"": false, ""frame_l"": 55.7549, ""chi_bits"": 10, ""mps_l"": 34.7963, ""hsf_k"": 0, ""hsf_na"": 12, ""hsf_nb"": 12, ""hsf_l"": 24.0334, ""sup"": 24, ""chi_bits0"": 10, ""mps_l0"": 34.7963, ""hsf_keff"": 0, ""hsf_l0"": 24.0334, ""sparse_l"": 30.585, ""sv_l"": 30.585, ""feat_secs"": 0.004946, ""feat_secs_frame"": 0.00035, ""feat_secs_hsf"": 0.004538}"
brick,"brick:n=24,D=4,nn=0",1,"{""n"": 24.0, ""D"": 4.0, ""nn"": 0.0}",planx,ok,1.349161,1.3549,308510720,-0.0001531558021112785,0,-0.0001531558021112785,0.0,engine=hsf aborted=[] plan_secs=0.009096,"{""n"": 24, ""gates"": 168, ""g2"": 48, ""g3"": 0, ""depth2"": 4, ""t_count"": 0, ""rotations"": 360, ""d"": 24, ""dense_l"": 32.1948, ""redundant"": 336, ""obs_zero"": false, ""frame_l"": 56.4919, ""chi_bits"": 12, ""mps_l"": 42.475, ""hsf_k"": 8, ""hsf_na"": 10, ""hsf_nb"": 14, ""hsf_l"": 32.2192, ""sup"": 24, ""chi_bits0"": 12, ""mps_l0"": 42.475, ""hsf_keff"": 8, ""hsf_l0"": 32.2192, ""sparse_l"": 31.3923, ""sv_l"": 31.3923, ""feat_secs"": 0.007496, ""feat_secs_frame"": 0.000534, ""feat_secs_hsf"": 0.006874}"
brick,"brick:n=24,D=4,nn=0",1,"{""n"": 24.0, ""D"": 4.0, ""nn"": 0.0}",planp,ok,2.418604,2.4238,325435392,-0.0001531558021112785,0,-0.0001531558021112785,0.0,"engine=hsf aborted=[""mps""] plan_secs=0.076074","{""n"": 24, ""gates"": 168, ""g2"": 48, ""g3"": 0, ""depth2"": 4, ""t_count"": 0, ""rotations"": 360, ""d"": 24, ""dense_l"": 32.1948, ""redundant"": 336, ""obs_zero"": false, ""frame_l"": 56.4919, ""chi_bits"": 12, ""mps_l"": 42.475, ""hsf_k"": 8, ""hsf_na"": 10, ""hsf_nb"": 14, ""hsf_l"": 32.2192, ""sup"": 24, ""chi_bits0"": 12, ""mps_l0"": 42.475, ""hsf_keff"": 8, ""hsf_l0"": 32.2192, ""sparse_l"": 31.3923, ""sv_l"": 31.3923, ""feat_secs"": 0.007496, ""feat_secs_frame"": 0.000534, ""feat_secs_hsf"": 0.006874}"
brick,"brick:n=24,D=4,nn=0",1,"{""n"": 24.0, ""D"": 4.0, ""nn"": 0.0}",plan,ok,1.335844,1.3410,308510720,-0.0001531558021112785,0,-0.0001531558021112785,0.0,engine=hsf aborted=[] plan_secs=0.009258,"{""n"": 24, ""gates"": 168, ""g2"": 48, ""g3"": 0, ""depth2"": 4, ""t_count"": 0, ""rotations"": 360, ""d"": 24, ""dense_l"": 32.1948, ""redundant"": 336, ""obs_zero"": false, ""frame_l"": 56.4919, ""chi_bits"": 12, ""mps_l"": 42.475, ""hsf_k"": 8, ""hsf_na"": 10, ""hsf_nb"": 14, ""hsf_l"": 32.2192, ""sup"": 24, ""chi_bits0"": 12, ""mps_l0"": 42.475, ""hsf_keff"": 8, ""hsf_l0"": 32.2192, ""sparse_l"": 31.3923, ""sv_l"": 31.3923, ""feat_secs"": 0.007496, ""feat_secs_frame"": 0.000534, ""feat_secs_hsf"": 0.006874}"
ct,"ct:n=24,L=1,t=0,nn=1",1,"{""n"": 24.0, ""L"": 1.0, ""t"": 0.0, ""nn"": 1.0}",planx,ok,5.9e-05,0.0066,2129920,-0.0,0,-0.0,0.0,engine=tableau aborted=[] plan_secs=0.000000,"{""n"": 24, ""gates"": 36, ""g2"": 12, ""g3"": 0, ""depth2"": 1, ""t_count"": 0, ""rotations"": 0, ""d"": 0, ""dense_l"": 0.0, ""redundant"": 0, ""obs_zero"": true, ""frame_l"": 5.1699, ""chi_bits"": 1, ""mps_l"": 6.9069, ""hsf_k"": 0, ""hsf_na"": 12, ""hsf_nb"": 12, ""hsf_l"": 24.0126, ""sup"": 12, ""chi_bits0"": 1, ""mps_l0"": 6.9069, ""hsf_keff"": 0, ""hsf_l0"": 24.0126, ""sparse_l"": 17.1699, ""sv_l"": 29.1699, ""feat_secs"": 0.002569, ""feat_secs_frame"": 9e-05, ""feat_secs_hsf"": 0.002442}"
ct,"ct:n=24,L=1,t=0,nn=1",1,"{""n"": 24.0, ""L"": 1.0, ""t"": 0.0, ""nn"": 1.0}",planp,ok,5.9e-05,0.0044,2097152,-0.0,0,-0.0,0.0,engine=tableau aborted=[] plan_secs=0.000000,"{""n"": 24, ""gates"": 36, ""g2"": 12, ""g3"": 0, ""depth2"": 1, ""t_count"": 0, ""rotations"": 0, ""d"": 0, ""dense_l"": 0.0, ""redundant"": 0, ""obs_zero"": true, ""frame_l"": 5.1699, ""chi_bits"": 1, ""mps_l"": 6.9069, ""hsf_k"": 0, ""hsf_na"": 12, ""hsf_nb"": 12, ""hsf_l"": 24.0126, ""sup"": 12, ""chi_bits0"": 1, ""mps_l0"": 6.9069, ""hsf_keff"": 0, ""hsf_l0"": 24.0126, ""sparse_l"": 17.1699, ""sv_l"": 29.1699, ""feat_secs"": 0.002569, ""feat_secs_frame"": 9e-05, ""feat_secs_hsf"": 0.002442}"
ct,"ct:n=24,L=1,t=0,nn=1",1,"{""n"": 24.0, ""L"": 1.0, ""t"": 0.0, ""nn"": 1.0}",plan,ok,0.000106,0.0042,2129920,0.0,0,-0.0,0.0,engine=zero aborted=[] plan_secs=0.000098,"{""n"": 24, ""gates"": 36, ""g2"": 12, ""g3"": 0, ""depth2"": 1, ""t_count"": 0, ""rotations"": 0, ""d"": 0, ""dense_l"": 0.0, ""redundant"": 0, ""obs_zero"": true, ""frame_l"": 5.1699, ""chi_bits"": 1, ""mps_l"": 6.9069, ""hsf_k"": 0, ""hsf_na"": 12, ""hsf_nb"": 12, ""hsf_l"": 24.0126, ""sup"": 12, ""chi_bits0"": 1, ""mps_l0"": 6.9069, ""hsf_keff"": 0, ""hsf_l0"": 24.0126, ""sparse_l"": 17.1699, ""sv_l"": 29.1699, ""feat_secs"": 0.002569, ""feat_secs_frame"": 9e-05, ""feat_secs_hsf"": 0.002442}"
ct,"ct:n=24,L=1,t=4,nn=1",1,"{""n"": 24.0, ""L"": 1.0, ""t"": 4.0, ""nn"": 1.0}",planx,ok,0.000174,0.0043,2195456,0.0,0,0.0,0.0,engine=cstate aborted=[] plan_secs=0.000128,"{""n"": 24, ""gates"": 44, ""g2"": 12, ""g3"": 0, ""depth2"": 1, ""t_count"": 4, ""rotations"": 4, ""d"": 1, ""dense_l"": 2.3219, ""redundant"": 3, ""obs_zero"": true, ""frame_l"": 5.4594, ""chi_bits"": 1, ""mps_l"": 7.0, ""hsf_k"": 0, ""hsf_na"": 12, ""hsf_nb"": 12, ""hsf_l"": 24.0154, ""sup"": 16, ""chi_bits0"": 1, ""mps_l0"": 7.0, ""hsf_keff"": 0, ""hsf_l0"": 24.0154, ""sparse_l"": 21.4594, ""sv_l"": 29.4594, ""feat_secs"": 0.002315, ""feat_secs_frame"": 6.6e-05, ""feat_secs_hsf"": 0.002209}"
ct,"ct:n=24,L=1,t=4,nn=1",1,"{""n"": 24.0, ""L"": 1.0, ""t"": 4.0, ""nn"": 1.0}",planp,ok,0.000131,0.0042,2162688,0.0,0,0.0,0.0,engine=cstate aborted=[] plan_secs=0.000097,"{""n"": 24, ""gates"": 44, ""g2"": 12, ""g3"": 0, ""depth2"": 1, ""t_count"": 4, ""rotations"": 4, ""d"": 1, ""dense_l"": 2.3219, ""redundant"": 3, ""obs_zero"": true, ""frame_l"": 5.4594, ""chi_bits"": 1, ""mps_l"": 7.0, ""hsf_k"": 0, ""hsf_na"": 12, ""hsf_nb"": 12, ""hsf_l"": 24.0154, ""sup"": 16, ""chi_bits0"": 1, ""mps_l0"": 7.0, ""hsf_keff"": 0, ""hsf_l0"": 24.0154, ""sparse_l"": 21.4594, ""sv_l"": 29.4594, ""feat_secs"": 0.002315, ""feat_secs_frame"": 6.6e-05, ""feat_secs_hsf"": 0.002209}"
ct,"ct:n=24,L=1,t=4,nn=1",1,"{""n"": 24.0, ""L"": 1.0, ""t"": 4.0, ""nn"": 1.0}",plan,ok,0.000117,0.0041,2179072,0.0,0,0.0,0.0,engine=zero aborted=[] plan_secs=0.000111,"{""n"": 24, ""gates"": 44, ""g2"": 12, ""g3"": 0, ""depth2"": 1, ""t_count"": 4, ""rotations"": 4, ""d"": 1, ""dense_l"": 2.3219, ""redundant"": 3, ""obs_zero"": true, ""frame_l"": 5.4594, ""chi_bits"": 1, ""mps_l"": 7.0, ""hsf_k"": 0, ""hsf_na"": 12, ""hsf_nb"": 12, ""hsf_l"": 24.0154, ""sup"": 16, ""chi_bits0"": 1, ""mps_l0"": 7.0, ""hsf_keff"": 0, ""hsf_l0"": 24.0154, ""sparse_l"": 21.4594, ""sv_l"": 29.4594, ""feat_secs"": 0.002315, ""feat_secs_frame"": 6.6e-05, ""feat_secs_hsf"": 0.002209}"
ct,"ct:n=24,L=1,t=12,nn=1",1,"{""n"": 24.0, ""L"": 1.0, ""t"": 12.0, ""nn"": 1.0}",planx,ok,0.00017,0.0043,2162688,0.0,0,0.0,0.0,engine=cstate aborted=[] plan_secs=0.000126,"{""n"": 24, ""gates"": 58, ""g2"": 12, ""g3"": 0, ""depth2"": 1, ""t_count"": 12, ""rotations"": 12, ""d"": 6, ""dense_l"": 7.8948, ""redundant"": 6, ""obs_zero"": true, ""frame_l"": 5.858, ""chi_bits"": 1, ""mps_l"": 7.1497, ""hsf_k"": 0, ""hsf_na"": 12, ""hsf_nb"": 12, ""hsf_l"": 24.0203, ""sup"": 19, ""chi_bits0"": 1, ""mps_l0"": 7.1497, ""hsf_keff"": 0, ""hsf_l0"": 24.0203, ""sparse_l"": 24.858, ""sv_l"": 29.858, ""feat_secs"": 0.002476, ""feat_secs_frame"": 0.000188, ""feat_secs_hsf"": 0.002236}"
ct,"ct:n=24,L=1,t=12,nn=1",1,"{""n"": 24.0, ""L"": 1.0, ""t"": 12.0, ""nn"": 1.0}",planp,ok,0.000185,0.0044,2195456,0.0,0,0.0,0.0,engine=cstate aborted=[] plan_secs=0.000140,"{""n"": 24, ""gates"": 58, ""g2"": 12, ""g3"": 0, ""depth2"": 1, ""t_count"": 12, ""rotations"": 12, ""d"": 6, ""dense_l"": 7.8948, ""redundant"": 6, ""obs_zero"": true, ""frame_l"": 5.858, ""chi_bits"": 1, ""mps_l"": 7.1497, ""hsf_k"": 0, ""hsf_na"": 12, ""hsf_nb"": 12, ""hsf_l"": 24.0203, ""sup"": 19, ""chi_bits0"": 1, ""mps_l0"": 7.1497, ""hsf_keff"": 0, ""hsf_l0"": 24.0203, ""sparse_l"": 24.858, ""sv_l"": 29.858, ""feat_secs"": 0.002476, ""feat_secs_frame"": 0.000188, ""feat_secs_hsf"": 0.002236}"
ct,"ct:n=24,L=1,t=12,nn=1",1,"{""n"": 24.0, ""L"": 1.0, ""t"": 12.0, ""nn"": 1.0}",plan,ok,0.000134,0.0059,2162688,0.0,0,0.0,0.0,engine=zero aborted=[] plan_secs=0.000127,"{""n"": 24, ""gates"": 58, ""g2"": 12, ""g3"": 0, ""depth2"": 1, ""t_count"": 12, ""rotations"": 12, ""d"": 6, ""dense_l"": 7.8948, ""redundant"": 6, ""obs_zero"": true, ""frame_l"": 5.858, ""chi_bits"": 1, ""mps_l"": 7.1497, ""hsf_k"": 0, ""hsf_na"": 12, ""hsf_nb"": 12, ""hsf_l"": 24.0203, ""sup"": 19, ""chi_bits0"": 1, ""mps_l0"": 7.1497, ""hsf_keff"": 0, ""hsf_l0"": 24.0203, ""sparse_l"": 24.858, ""sv_l"": 29.858, ""feat_secs"": 0.002476, ""feat_secs_frame"": 0.000188, ""feat_secs_hsf"": 0.002236}"
ct,"ct:n=24,L=1,t=24,nn=1",1,"{""n"": 24.0, ""L"": 1.0, ""t"": 24.0, ""nn"": 1.0}",planx,ok,0.000731,0.0074,3047424,0.0,0,0.0,0.0,engine=cstate aborted=[] plan_secs=0.000237,"{""n"": 24, ""gates"": 84, ""g2"": 12, ""g3"": 0, ""depth2"": 1, ""t_count"": 24, ""rotations"": 24, ""d"": 15, ""dense_l"": 17.2297, ""redundant"": 9, ""obs_zero"": true, ""frame_l"": 6.3923, ""chi_bits"": 1, ""mps_l"": 7.3923, ""hsf_k"": 0, ""hsf_na"": 12, ""hsf_nb"": 12, ""hsf_l"": 24.0293, ""sup"": 24, ""chi_bits0"": 1, ""mps_l0"": 7.3923, ""hsf_keff"": 0, ""hsf_l0"": 24.0293, ""sparse_l"": 30.3923, ""sv_l"": 30.3923, ""feat_secs"": 0.002449, ""feat_secs_frame"": 0.000105, ""feat_secs_hsf"": 0.002293}"
ct,"ct:n=24,L=1,t=24,nn=1",1,"{""n"": 24.0, ""L"": 1.0, ""t"": 24.0, ""nn"": 1.0}",planp,ok,0.000499,0.0043,3014656,0.0,0,0.0,0.0,engine=cstate aborted=[] plan_secs=0.000143,"{""n"": 24, ""gates"": 84, ""g2"": 12, ""g3"": 0, ""depth2"": 1, ""t_count"": 24, ""rotations"": 24, ""d"": 15, ""dense_l"": 17.2297, ""redundant"": 9, ""obs_zero"": true, ""frame_l"": 6.3923, ""chi_bits"": 1, ""mps_l"": 7.3923, ""hsf_k"": 0, ""hsf_na"": 12, ""hsf_nb"": 12, ""hsf_l"": 24.0293, ""sup"": 24, ""chi_bits0"": 1, ""mps_l0"": 7.3923, ""hsf_keff"": 0, ""hsf_l0"": 24.0293, ""sparse_l"": 30.3923, ""sv_l"": 30.3923, ""feat_secs"": 0.002449, ""feat_secs_frame"": 0.000105, ""feat_secs_hsf"": 0.002293}"
ct,"ct:n=24,L=1,t=24,nn=1",1,"{""n"": 24.0, ""L"": 1.0, ""t"": 24.0, ""nn"": 1.0}",plan,ok,0.000163,0.0041,2162688,0.0,0,0.0,0.0,engine=zero aborted=[] plan_secs=0.000156,"{""n"": 24, ""gates"": 84, ""g2"": 12, ""g3"": 0, ""depth2"": 1, ""t_count"": 24, ""rotations"": 24, ""d"": 15, ""dense_l"": 17.2297, ""redundant"": 9, ""obs_zero"": true, ""frame_l"": 6.3923, ""chi_bits"": 1, ""mps_l"": 7.3923, ""hsf_k"": 0, ""hsf_na"": 12, ""hsf_nb"": 12, ""hsf_l"": 24.0293, ""sup"": 24, ""chi_bits0"": 1, ""mps_l0"": 7.3923, ""hsf_keff"": 0, ""hsf_l0"": 24.0293, ""sparse_l"": 30.3923, ""sv_l"": 30.3923, ""feat_secs"": 0.002449, ""feat_secs_frame"": 0.000105, ""feat_secs_hsf"": 0.002293}"
ct,"ct:n=24,L=1,t=48,nn=1",1,"{""n"": 24.0, ""L"": 1.0, ""t"": 48.0, ""nn"": 1.0}",planx,ok,0.000388,0.0041,2637824,0.0,0,0.0,0.0,engine=mps aborted=[] plan_secs=0.000266,"{""n"": 24, ""gates"": 128, ""g2"": 12, ""g3"": 0, ""depth2"": 1, ""t_count"": 48, ""rotations"": 48, ""d"": 17, ""dense_l"": 19.2295, ""redundant"": 31, ""obs_zero"": true, ""frame_l"": 7.0, ""chi_bits"": 1, ""mps_l"": 7.7279, ""hsf_k"": 0, ""hsf_na"": 12, ""hsf_nb"": 12, ""hsf_l"": 24.0444, ""sup"": 23, ""chi_bits0"": 1, ""mps_l0"": 7.7279, ""hsf_keff"": 0, ""hsf_l0"": 24.0444, ""sparse_l"": 30.0, ""sv_l"": 31.0, ""feat_secs"": 0.002564, ""feat_secs_frame"": 0.000136, ""feat_secs_hsf"": 0.002358}"
ct,"ct:n=24,L=1,t=48,nn=1",1,"{""n"": 24.0, ""L"": 1.0, ""t"": 48.0, ""nn"": 1.0}",planp,ok,0.000379,0.0046,2654208,0.0,0,0.0,0.0,engine=mps aborted=[] plan_secs=0.000258,"{""n"": 24, ""gates"": 128, ""g2"": 12, ""g3"": 0, ""depth2"": 1, ""t_count"": 48, ""rotations"": 48, ""d"": 17, ""dense_l"": 19.2295, ""redundant"": 31, ""obs_zero"": true, ""frame_l"": 7.0, ""chi_bits"": 1, ""mps_l"": 7.7279, ""hsf_k"": 0, ""hsf_na"": 12, ""hsf_nb"": 12, ""hsf_l"": 24.0444, ""sup"": 23, ""chi_bits0"": 1, ""mps_l0"": 7.7279, ""hsf_keff"": 0, ""hsf_l0"": 24.0444, ""sparse_l"": 30.0, ""sv_l"": 31.0, ""feat_secs"": 0.002564, ""feat_secs_frame"": 0.000136, ""feat_secs_hsf"": 0.002358}"
ct,"ct:n=24,L=1,t=48,nn=1",1,"{""n"": 24.0, ""L"": 1.0, ""t"": 48.0, ""nn"": 1.0}",plan,ok,0.000292,0.0040,2293760,0.0,0,0.0,0.0,engine=zero aborted=[] plan_secs=0.000282,"{""n"": 24, ""gates"": 128, ""g2"": 12, ""g3"": 0, ""depth2"": 1, ""t_count"": 48, ""rotations"": 48, ""d"": 17, ""dense_l"": 19.2295, ""redundant"": 31, ""obs_zero"": true, ""frame_l"": 7.0, ""chi_bits"": 1, ""mps_l"": 7.7279, ""hsf_k"": 0, ""hsf_na"": 12, ""hsf_nb"": 12, ""hsf_l"": 24.0444, ""sup"": 23, ""chi_bits0"": 1, ""mps_l0"": 7.7279, ""hsf_keff"": 0, ""hsf_l0"": 24.0444, ""sparse_l"": 30.0, ""sv_l"": 31.0, ""feat_secs"": 0.002564, ""feat_secs_frame"": 0.000136, ""feat_secs_hsf"": 0.002358}"
ct,"ct:n=24,L=2,t=0,nn=1",1,"{""n"": 24.0, ""L"": 2.0, ""t"": 0.0, ""nn"": 1.0}",planx,ok,5.8e-05,0.0044,2113536,-0.0,0,-0.0,0.0,engine=tableau aborted=[] plan_secs=0.000000,"{""n"": 24, ""gates"": 67, ""g2"": 23, ""g3"": 0, ""depth2"": 2, ""t_count"": 0, ""rotations"": 0, ""d"": 0, ""dense_l"": 0.0, ""redundant"": 0, ""obs_zero"": true, ""frame_l"": 6.0661, ""chi_bits"": 1, ""mps_l"": 8.1699, ""hsf_k"": 1, ""hsf_na"": 12, ""hsf_nb"": 12, ""hsf_l"": 25.0234, ""sup"": 17, ""chi_bits0"": 1, ""mps_l0"": 8.1699, ""hsf_keff"": 1, ""hsf_l0"": 25.0234, ""sparse_l"": 23.0661, ""sv_l"": 30.0661, ""feat_secs"": 0.004847, ""feat_secs_frame"": 9.6e-05, ""feat_secs_hsf"": 0.004702}"
ct,"ct:n=24,L=2,t=0,nn=1",1,"{""n"": 24.0, ""L"": 2.0, ""t"": 0.0, ""nn"": 1.0}",planp,ok,0.000103,0.0064,2146304,-0.0,0,-0.0,0.0,engine=tableau aborted=[] plan_secs=0.000000,"{""n"": 24, ""gates"": 67, ""g2"": 23, ""g3"": 0, ""depth2"": 2, ""t_count"": 0, ""rotations"": 0, ""d"": 0, ""dense_l"": 0.0, ""redundant"": 0, ""obs_zero"": true, ""frame_l"": 6.0661, ""chi_bits"": 1, ""mps_l"": 8.1699, ""hsf_k"": 1, ""hsf_na"": 12, ""hsf_nb"": 12, ""hsf_l"": 25.0234, ""sup"": 17, ""chi_bits0"": 1, ""mps_l0"": 8.1699, ""hsf_keff"": 1, ""hsf_l0"": 25.0234, ""sparse_l"": 23.0661, ""sv_l"": 30.0661, ""feat_secs"": 0.004847, ""feat_secs_frame"": 9.6e-05, ""feat_secs_hsf"": 0.004702}"
ct,"ct:n=24,L=2,t=0,nn=1",1,"{""n"": 24.0, ""L"": 2.0, ""t"": 0.0, ""nn"": 1.0}",plan,ok,0.000184,0.0060,2162688,0.0,0,-0.0,0.0,engine=zero aborted=[] plan_secs=0.000176,"{""n"": 24, ""gates"": 67, ""g2"": 23, ""g3"": 0, ""depth2"": 2, ""t_count"": 0, ""rotations"": 0, ""d"": 0, ""dense_l"": 0.0, ""redundant"": 0, ""obs_zero"": true, ""frame_l"": 6.0661, ""chi_bits"": 1, ""mps_l"": 8.1699, ""hsf_k"": 1, ""hsf_na"": 12, ""hsf_nb"": 12, ""hsf_l"": 25.0234, ""sup"": 17, ""chi_bits0"": 1, ""mps_l0"": 8.1699, ""hsf_keff"": 1, ""hsf_l0"": 25.0234, ""sparse_l"": 23.0661, ""sv_l"": 30.0661, ""feat_secs"": 0.004847, ""feat_secs_frame"": 9.6e-05, ""feat_secs_hsf"": 0.004702}"
ct,"ct:n=24,L=2,t=4,nn=1",1,"{""n"": 24.0, ""L"": 2.0, ""t"": 4.0, ""nn"": 1.0}",planx,ok,0.000202,0.0066,2211840,0.0,0,0.0,0.0,engine=cstate aborted=[] plan_secs=0.000150,"{""n"": 24, ""gates"": 74, ""g2"": 23, ""g3"": 0, ""depth2"": 2, ""t_count"": 4, ""rotations"": 4, ""d"": 3, ""dense_l"": 4.1699, ""redundant"": 1, ""obs_zero"": true, ""frame_l"": 6.2095, ""chi_bits"": 1, ""mps_l"": 8.3038, ""hsf_k"": 1, ""hsf_na"": 12, ""hsf_nb"": 12, ""hsf_l"": 24.0258, ""sup"": 19, ""chi_bits0"": 1, ""mps_l0"": 8.3038, ""hsf_keff"": 0, ""hsf_l0"": 25.0258, ""sparse_l"": 25.2095, ""sv_l"": 30.2095, ""feat_secs"": 0.005025, ""feat_secs_frame"": 9.8e-05, ""feat_secs_hsf"": 0.004874}"
ct,"ct:n=24,L=2,t=4,nn=1",1,"{""n"": 24.0, ""L"": 2.0, ""t"": 4.0, ""nn"": 1.0}",planp,ok,0.000185,0.0041,2179072,0.0,0,0.0,0.0,engine=cstate aborted=[] plan_secs=0.000138,"{""n"": 24, ""gates"": 74, ""g2"": 23, ""g3"": 0, ""depth2"": 2, ""t_count"": 4, ""rotations"": 4, ""d"": 3, ""dense_l"": 4.1699, ""redundant"": 1, ""obs_zero"": true, ""frame_l"": 6.2095, ""chi_bits"": 1, ""mps_l"": 8.3038, ""hsf_k"": 1, ""hsf_na"": 12, ""hsf_nb"": 12, ""hsf_l"": 24.0258, ""sup"": 19, ""chi_bits0"": 1, ""mps_l0"": 8.3038, ""hsf_keff"": 0, ""hsf_l0"": 25.0258, ""sparse_l"": 25.2095, ""sv_l"": 30.2095, ""feat_secs"": 0.005025, ""feat_secs_frame"": 9.8e-05, ""feat_secs_hsf"": 0.004874}"
ct,"ct:n=24,L=2,t=4,nn=1",1,"{""n"": 24.0, ""L"": 2.0, ""t"": 4.0, ""nn"": 1.0}",plan,ok,0.000176,0.0035,2179072,0.0,0,0.0,0.0,engine=zero aborted=[] plan_secs=0.000168,"{""n"": 24, ""gates"": 74, ""g2"": 23, ""g3"": 0, ""depth2"": 2, ""t_count"": 4, ""rotations"": 4, ""d"": 3, ""dense_l"": 4.1699, ""redundant"": 1, ""obs_zero"": true, ""frame_l"": 6.2095, ""chi_bits"": 1, ""mps_l"": 8.3038, ""hsf_k"": 1, ""hsf_na"": 12, ""hsf_nb"": 12, ""hsf_l"": 24.0258, ""sup"": 19, ""chi_bits0"": 1, ""mps_l0"": 8.3038, ""hsf_keff"": 0, ""hsf_l0"": 25.0258, ""sparse_l"": 25.2095, ""sv_l"": 30.2095, ""feat_secs"": 0.005025, ""feat_secs_frame"": 9.8e-05, ""feat_secs_hsf"": 0.004874}"
ct,"ct:n=24,L=2,t=12,nn=1",1,"{""n"": 24.0, ""L"": 2.0, ""t"": 12.0, ""nn"": 1.0}",planx,ok,0.000241,0.0046,2211840,0.0,0,0.0,0.0,engine=cstate aborted=[] plan_secs=0.000182,"{""n"": 24, ""gates"": 90, ""g2"": 23, ""g3"": 0, ""depth2"": 2, ""t_count"": 12, ""rotations"": 12, ""d"": 9, ""dense_l"": 10.8057, ""redundant"": 3, ""obs_zero"": true, ""frame_l"": 6.4919, ""chi_bits"": 1, ""mps_l"": 8.4263, ""hsf_k"": 1, ""hsf_na"": 12, ""hsf_nb"": 12, ""hsf_l"": 25.0314, ""sup"": 18, ""chi_bits0"": 1, ""mps_l0"": 8.4263, ""hsf_keff"": 1, ""hsf_l0"": 25.0314, ""sparse_l"": 24.4919, ""sv_l"": 30.4919, ""feat_secs"": 0.004886, ""feat_secs_frame"": 0.000113, ""feat_secs_hsf"": 0.004718}"
ct,"ct:n=24,L=2,t=12,nn=1",1,"{""n"": 24.0, ""L"": 2.0, ""t"": 12.0, ""nn"": 1.0}",planp,ok,0.00023,0.0038,2211840,0.0,0,0.0,0.0,engine=cstate aborted=[] plan_secs=0.000173,"{""n"": 24, ""gates"": 90, ""g2"": 23, ""g3"": 0, ""depth2"": 2, ""t_count"": 12, ""rotations"": 12, ""d"": 9, ""dense_l"": 10.8057, ""redundant"": 3, ""obs_zero"": true, ""frame_l"": 6.4919, ""chi_bits"": 1, ""mps_l"": 8.4263, ""hsf_k"": 1, ""hsf_na"": 12, ""hsf_nb"": 12, ""hsf_l"": 25.0314, ""sup"": 18, ""chi_bits0"": 1, ""mps_l0"": 8.4263, ""hsf_keff"": 1, ""hsf_l0"": 25.0314, ""sparse_l"": 24.4919, ""sv_l"": 30.4919, ""feat_secs"": 0.004886, ""feat_secs_frame"": 0.000113, ""feat_secs_hsf"": 0.004718}"
ct,"ct:n=24,L=2,t=12,nn=1",1,"{""n"": 24.0, ""L"": 2.0, ""t"": 12.0, ""nn"": 1.0}",plan,ok,0.000177,0.0043,2179072,0.0,0,0.0,0.0,engine=zero aborted=[] plan_secs=0.000169,"{""n"": 24, ""gates"": 90, ""g2"": 23, ""g3"": 0, ""depth2"": 2, ""t_count"": 12, ""rotations"": 12, ""d"": 9, ""dense_l"": 10.8057, ""redundant"": 3, ""obs_zero"": true, ""frame_l"": 6.4919, ""chi_bits"": 1, ""mps_l"": 8.4263, ""hsf_k"": 1, ""hsf_na"": 12, ""hsf_nb"": 12, ""hsf_l"": 25.0314, ""sup"": 18, ""chi_bits0"": 1, ""mps_l0"": 8.4263, ""hsf_keff"": 1, ""hsf_l0"": 25.0314, ""sparse_l"": 24.4919, ""sv_l"": 30.4919, ""feat_secs"": 0.004886, ""feat_secs_frame"": 0.000113, ""feat_secs_hsf"": 0.004718}"
ct,"ct:n=24,L=2,t=24,nn=1",1,"{""n"": 24.0, ""L"": 2.0, ""t"": 24.0, ""nn"": 1.0}",planx,ok,0.000322,0.0044,2375680,0.0,0,0.0,0.0,engine=cstate aborted=[] plan_secs=0.000204,"{""n"": 24, ""gates"": 121, ""g2"": 23, ""g3"": 0, ""depth2"": 2, ""t_count"": 24, ""rotations"": 24, ""d"": 13, ""dense_l"": 15.0567, ""redundant"": 11, ""obs_zero"": true, ""frame_l"": 6.9189, ""chi_bits"": 1, ""mps_l"": 8.7748, ""hsf_k"": 1, ""hsf_na"": 12, ""hsf_nb"": 12, ""hsf_l"": 25.042, ""sup"": 22, ""chi_bits0"": 1, ""mps_l0"": 8.7748, ""hsf_keff"": 1, ""hsf_l0"": 25.042, ""sparse_l"": 28.9189, ""sv_l"": 30.9189, ""feat_secs"": 0.004844, ""feat_secs_frame"": 0.000129, ""feat_secs_hsf"": 0.004647}"
ct,"ct:n=24,L=2,t=24,nn=1",1,"{""n"": 24.0, ""L"": 2.0, ""t"": 24.0, ""nn"": 1.0}",planp,ok,0.000309,0.0045,2359296,0.0,0,0.0,0.0,engine=cstate aborted=[] plan_secs=0.000199,"{""n"": 24, ""gates"": 121, ""g2"": 23, ""g3"": 0, ""depth2"": 2, ""t_count"": 24, ""rotations"": 24, ""d"": 13, ""dense_l"": 15.0567, ""redundant"": 11, ""obs_zero"": true, ""frame_l"": 6.9189, ""chi_bits"": 1, ""mps_l"": 8.7748, ""hsf_k"": 1, ""hsf_na"": 12, ""hsf_nb"": 12, ""hsf_l"": 25.042, ""sup"": 22, ""chi_bits0"": 1, ""mps_l0"": 8.7748, ""hsf_keff"": 1, ""hsf_l0"": 25.042, ""sparse_l"": 28.9189, ""sv_l"": 30.9189, ""feat_secs"": 0.004844, ""feat_secs_frame"": 0.000129, ""feat_secs_hsf"": 0.004647}"
ct,"ct:n=24,L=2,t=24,nn=1",1,"{""n"": 24.0, ""L"": 2.0, ""t"": 24.0, ""nn"": 1.0}",plan,ok,0.000199,0.0044,2162688,0.0,0,0.0,0.0,engine=zero aborted=[] plan_secs=0.000192,"{""n"": 24, ""gates"": 121, ""g2"": 23, ""g3"": 0, ""depth2"": 2, ""t_count"": 24, ""rotations"": 24, ""d"": 13, ""dense_l"": 15.0567, ""redundant"": 11, ""obs_zero"": true, ""frame_l"": 6.9189, ""chi_bits"": 1, ""mps_l"": 8.7748, ""hsf_k"": 1, ""hsf_na"": 12, ""hsf_nb"": 12, ""hsf_l"": 25.042, ""sup"": 22, ""chi_bits0"": 1, ""mps_l0"": 8.7748, ""hsf_keff"": 1, ""hsf_l0"": 25.042, ""sparse_l"": 28.9189, ""sv_l"": 30.9189, ""feat_secs"": 0.004844, ""feat_secs_frame"": 0.000129, ""feat_secs_hsf"": 0.004647}"
ct,"ct:n=24,L=2,t=48,nn=1",1,"{""n"": 24.0, ""L"": 2.0, ""t"": 48.0, ""nn"": 1.0}",planx,ok,0.005376,0.0101,3063808,0.0,0,0.0,0.0,engine=mps aborted=[] plan_secs=0.005157,"{""n"": 24, ""gates"": 161, ""g2"": 23, ""g3"": 0, ""depth2"": 2, ""t_count"": 48, ""rotations"": 48, ""d"": 21, ""dense_l"": 23.2171, ""redundant"": 27, ""obs_zero"": true, ""frame_l"": 7.3309, ""chi_bits"": 1, ""mps_l"": 9.0553, ""hsf_k"": 1, ""hsf_na"": 12, ""hsf_nb"": 12, ""hsf_l"": 25.0556, ""sup"": 24, ""chi_bits0"": 1, ""mps_l0"": 9.0553, ""hsf_keff"": 1, ""hsf_l0"": 25.0556, ""sparse_l"": 31.3309, ""sv_l"": 31.3309, ""feat_secs"": 0.005532, ""feat_secs_frame"": 0.000158, ""feat_secs_hsf"": 0.005291}"
ct,"ct:n=24,L=2,t=48,nn=1",1,"{""n"": 24.0, ""L"": 2.0, ""t"": 48.0, ""nn"": 1.0}",planp,ok,0.005215,0.0104,3080192,0.0,0,0.0,0.0,engine=mps aborted=[] plan_secs=0.005018,"{""n"": 24, ""gates"": 161, ""g2"": 23, ""g3"": 0, ""depth2"": 2, ""t_count"": 48, ""rotations"": 48, ""d"": 21, ""dense_l"": 23.2171, ""redundant"": 27, ""obs_zero"": true, ""frame_l"": 7.3309, ""chi_bits"": 1, ""mps_l"": 9.0553, ""hsf_k"": 1, ""hsf_na"": 12, ""hsf_nb"": 12, ""hsf_l"": 25.0556, ""sup"": 24, ""chi_bits0"": 1, ""mps_l0"": 9.0553, ""hsf_keff"": 1, ""hsf_l0"": 25.0556, ""sparse_l"": 31.3309, ""sv_l"": 31.3309, ""feat_secs"": 0.005532, ""feat_secs_frame"": 0.000158, ""feat_secs_hsf"": 0.005291}"
ct,"ct:n=24,L=2,t=48,nn=1",1,"{""n"": 24.0, ""L"": 2.0, ""t"": 48.0, ""nn"": 1.0}",plan,ok,0.005066,0.0100,2506752,0.0,0,0.0,0.0,engine=zero aborted=[] plan_secs=0.005058,"{""n"": 24, ""gates"": 161, ""g2"": 23, ""g3"": 0, ""depth2"": 2, ""t_count"": 48, ""rotations"": 48, ""d"": 21, ""dense_l"": 23.2171, ""redundant"": 27, ""obs_zero"": true, ""frame_l"": 7.3309, ""chi_bits"": 1, ""mps_l"": 9.0553, ""hsf_k"": 1, ""hsf_na"": 12, ""hsf_nb"": 12, ""hsf_l"": 25.0556, ""sup"": 24, ""chi_bits0"": 1, ""mps_l0"": 9.0553, ""hsf_keff"": 1, ""hsf_l0"": 25.0556, ""sparse_l"": 31.3309, ""sv_l"": 31.3309, ""feat_secs"": 0.005532, ""feat_secs_frame"": 0.000158, ""feat_secs_hsf"": 0.005291}"
ct,"ct:n=24,L=4,t=0,nn=1",1,"{""n"": 24.0, ""L"": 4.0, ""t"": 0.0, ""nn"": 1.0}",planx,ok,6.4e-05,0.0062,2179072,-0.0,0,-0.0,0.0,engine=tableau aborted=[] plan_secs=0.000000,"{""n"": 24, ""gates"": 143, ""g2"": 46, ""g3"": 0, ""depth2"": 4, ""t_count"": 0, ""rotations"": 0, ""d"": 0, ""dense_l"": 0.0, ""redundant"": 0, ""obs_zero"": true, ""frame_l"": 7.1599, ""chi_bits"": 2, ""mps_l"": 11.0526, ""hsf_k"": 2, ""hsf_na"": 12, ""hsf_nb"": 12, ""hsf_l"": 26.0495, ""sup"": 24, ""chi_bits0"": 2, ""mps_l0"": 11.0526, ""hsf_keff"": 2, ""hsf_l0"": 26.0495, ""sparse_l"": 31.1599, ""sv_l"": 31.1599, ""feat_secs"": 0.005152, ""feat_secs_frame"": 0.000189, ""feat_secs_hsf"": 0.004888}"
ct,"ct:n=24,L=4,t=0,nn=1",1,"{""n"": 24.0, ""L"": 4.0, ""t"": 0.0, ""nn"": 1.0}",planp,ok,7.4e-05,0.0044,2179072,-0.0,0,-0.0,0.0,engine=tableau aborted=[] plan_secs=0.000000,"{""n"": 24, ""gates"": 143, ""g2"": 46, ""g3"": 0, ""depth2"": 4, ""t_count"": 0, ""rotations"": 0, ""d"": 0, ""dense_l"": 0.0, ""redundant"": 0, ""obs_zero"": true, ""frame_l"": 7.1599, ""chi_bits"": 2, ""mps_l"": 11.0526, ""hsf_k"": 2, ""hsf_na"": 12, ""hsf_nb"": 12, ""hsf_l"": 26.0495, ""sup"": 24, ""chi_bits0"": 2, ""mps_l0"": 11.0526, ""hsf_keff"": 2, ""hsf_l0"": 26.0495, ""sparse_l"": 31.1599, ""sv_l"": 31.1599, ""feat_secs"": 0.005152, ""feat_secs_frame"": 0.000189, ""feat_secs_hsf"": 0.004888}"
ct,"ct:n=24,L=4,t=0,nn=1",1,"{""n"": 24.0, ""L"": 4.0, ""t"": 0.0, ""nn"": 1.0}",plan,ok,0.00026,0.0041,2195456,0.0,0,-0.0,0.0,engine=zero aborted=[] plan_secs=0.000253,"{""n"": 24, ""gates"": 143, ""g2"": 46, ""g3"": 0, ""depth2"": 4, ""t_count"": 0, ""rotations"": 0, ""d"": 0, ""dense_l"": 0.0, ""redundant"": 0, ""obs_zero"": true, ""frame_l"": 7.1599, ""chi_bits"": 2, ""mps_l"": 11.0526, ""hsf_k"": 2, ""hsf_na"": 12, ""hsf_nb"": 12, ""hsf_l"": 26.0495, ""sup"": 24, ""chi_bits0"": 2, ""mps_l0"": 11.0526, ""hsf_keff"": 2, ""hsf_l0"": 26.0495, ""sparse_l"": 31.1599, ""sv_l"": 31.1599, ""feat_secs"": 0.005152, ""feat_secs_frame"": 0.000189, ""feat_secs_hsf"": 0.004888}"
ct,"ct:n=24,L=4,t=4,nn=1",1,"{""n"": 24.0, ""L"": 4.0, ""t"": 4.0, ""nn"": 1.0}",planx,ok,0.000355,0.0046,2211840,0.0,0,0.0,0.0,engine=cstate aborted=[] plan_secs=0.000235,"{""n"": 24, ""gates"": 148, ""g2"": 46, ""g3"": 0, ""depth2"": 4, ""t_count"": 4, ""rotations"": 4, ""d"": 4, ""dense_l"": 4.9069, ""redundant"": 0, ""obs_zero"": true, ""frame_l"": 7.2095, ""chi_bits"": 2, ""mps_l"": 11.1137, ""hsf_k"": 2, ""hsf_na"": 12, ""hsf_nb"": 12, ""hsf_l"": 25.0512, ""sup"": 24, ""chi_bits0"": 2, ""mps_l0"": 11.1137, ""hsf_keff"": 1, ""hsf_l0"": 26.0512, ""sparse_l"": 31.2095, ""sv_l"": 31.2095, ""feat_secs"": 0.005115, ""feat_secs_frame"": 0.00021, ""feat_secs_hsf"": 0.004809}"
ct,"ct:n=24,L=4,t=4,nn=1",1,"{""n"": 24.0, ""L"": 4.0, ""t"": 4.0, ""nn"": 1.0}",planp,ok,0.000315,0.0066,2244608,0.0,0,0.0,0.0,engine=cstate aborted=[] plan_secs=0.000239,"{""n"": 24, ""gates"": 148, ""g2"": 46, ""g3"": 0, ""depth2"": 4, ""t_count"": 4, ""rotations"": 4, ""d"": 4, ""dense_l"": 4.9069, ""redundant"": 0, ""obs_zero"": true, ""frame_l"": 7.2095, ""chi_bits"": 2, ""mps_l"": 11.1137, ""hsf_k"": 2, ""hsf_na"": 12, ""hsf_nb"": 12, ""hsf_l"": 25.0512, ""sup"": 24, ""chi_bits0"": 2, ""mps_l0"": 11.1137, ""hsf_keff"": 1, ""hsf_l0"": 26.0512, ""sparse_l"": 31.2095, ""sv_l"": 31.2095, ""feat_secs"": 0.005115, ""feat_secs_frame"": 0.00021, ""feat_secs_hsf"": 0.004809}"
ct,"ct:n=24,L=4,t=4,nn=1",1,"{""n"": 24.0, ""L"": 4.0, ""t"": 4.0, ""nn"": 1.0}",plan,ok,0.000256,0.0043,2195456,0.0,0,0.0,0.0,engine=zero aborted=[] plan_secs=0.000248,"{""n"": 24, ""gates"": 148, ""g2"": 46, ""g3"": 0, ""depth2"": 4, ""t_count"": 4, ""rotations"": 4, ""d"": 4, ""dense_l"": 4.9069, ""redundant"": 0, ""obs_zero"": true, ""frame_l"": 7.2095, ""chi_bits"": 2, ""mps_l"": 11.1137, ""hsf_k"": 2, ""hsf_na"": 12, ""hsf_nb"": 12, ""hsf_l"": 25.0512, ""sup"": 24, ""chi_bits0"": 2, ""mps_l0"": 11.1137, ""hsf_keff"": 1, ""hsf_l0"": 26.0512, ""sparse_l"": 31.2095, ""sv_l"": 31.2095, ""feat_secs"": 0.005115, ""feat_secs_frame"": 0.00021, ""feat_secs_hsf"": 0.004809}"
ct,"ct:n=24,L=4,t=12,nn=1",1,"{""n"": 24.0, ""L"": 4.0, ""t"": 12.0, ""nn"": 1.0}",planx,ok,0.000355,0.0043,2260992,0.0,0,0.0,0.0,engine=cstate aborted=[] plan_secs=0.000265,"{""n"": 24, ""gates"": 167, ""g2"": 46, ""g3"": 0, ""depth2"": 4, ""t_count"": 12, ""rotations"": 12, ""d"": 9, ""dense_l"": 10.0265, ""redundant"": 3, ""obs_zero"": true, ""frame_l"": 7.3837, ""chi_bits"": 2, ""mps_l"": 11.2252, ""hsf_k"": 2, ""hsf_na"": 12, ""hsf_nb"": 12, ""hsf_l"": 26.0577, ""sup"": 23, ""chi_bits0"": 2, ""mps_l0"": 11.2252, ""hsf_keff"": 2, ""hsf_l0"": 26.0577, ""sparse_l"": 30.3837, ""sv_l"": 31.3837, ""feat_secs"": 0.004922, ""feat_secs_frame"": 0.000176, ""feat_secs_hsf"": 0.004666}"
ct,"ct:n=24,L=4,t=12,nn=1",1,"{""n"": 24.0, ""L"": 4.0, ""t"": 12.0, ""nn"": 1.0}",planp,ok,0.0004,0.0067,2260992,0.0,0,0.0,0.0,engine=cstate aborted=[] plan_secs=0.000262,"{""n"": 24, ""gates"": 167, ""g2"": 46, ""g3"": 0, ""depth2"": 4, ""t_count"": 12, ""rotations"": 12, ""d"": 9, ""dense_l"": 10.0265, ""redundant"": 3, ""obs_zero"": true, ""frame_l"": 7.3837, ""chi_bits"": 2, ""mps_l"": 11.2252, ""hsf_k"": 2, ""hsf_na"": 12, ""hsf_nb"": 12, ""hsf_l"": 26.0577, ""sup"": 23, ""chi_bits0"": 2, ""mps_l0"": 11.2252, ""hsf_keff"": 2, ""hsf_l0"": 26.0577, ""sparse_l"": 30.3837, ""sv_l"": 31.3837, ""feat_secs"": 0.004922, ""feat_secs_frame"": 0.000176, ""feat_secs_hsf"": 0.004666}"
ct,"ct:n=24,L=4,t=12,nn=1",1,"{""n"": 24.0, ""L"": 4.0, ""t"": 12.0, ""nn"": 1.0}",plan,ok,0.000266,0.0044,2228224,0.0,0,0.0,0.0,engine=zero aborted=[] plan_secs=0.000258,"{""n"": 24, ""gates"": 167, ""g2"": 46, ""g3"": 0, ""depth2"": 4, ""t_count"": 12, ""rotations"": 12, ""d"": 9, ""dense_l"": 10.0265, ""redundant"": 3, ""obs_zero"": true, ""frame_l"": 7.3837, ""chi_bits"": 2, ""mps_l"": 11.2252, ""hsf_k"": 2, ""hsf_na"": 12, ""hsf_nb"": 12, ""hsf_l"": 26.0577, ""sup"": 23, ""chi_bits0"": 2, ""mps_l0"": 11.2252, ""hsf_keff"": 2, ""hsf_l0"": 26.0577, ""sparse_l"": 30.3837, ""sv_l"": 31.3837, ""feat_secs"": 0.004922, ""feat_secs_frame"": 0.000176, ""feat_secs_hsf"": 0.004666}"
ct,"ct:n=24,L=4,t=24,nn=1",1,"{""n"": 24.0, ""L"": 4.0, ""t"": 24.0, ""nn"": 1.0}",planx,ok,0.000491,0.0063,2424832,0.0,0,0.0,0.0,engine=cstate aborted=[] plan_secs=0.000349,"{""n"": 24, ""gates"": 192, ""g2"": 46, ""g3"": 0, ""depth2"": 4, ""t_count"": 24, ""rotations"": 24, ""d"": 13, ""dense_l"": 14.4916, ""redundant"": 11, ""obs_zero"": true, ""frame_l"": 7.585, ""chi_bits"": 2, ""mps_l"": 11.2668, ""hsf_k"": 2, ""hsf_na"": 12, ""hsf_nb"": 12, ""hsf_l"": 26.0661, ""sup"": 24, ""chi_bits0"": 2, ""mps_l0"": 11.2668, ""hsf_keff"": 2, ""hsf_l0"": 26.0661, ""sparse_l"": 31.585, ""sv_l"": 31.585, ""feat_secs"": 0.004969, ""feat_secs_frame"": 0.000193, ""feat_secs_hsf"": 0.004687}"
ct,"ct:n=24,L=4,t=24,nn=1",1,"{""n"": 24.0, ""L"": 4.0, ""t"": 24.0, ""nn"": 1.0}",planp,ok,0.000426,0.0044,2408448,0.0,0,0.0,0.0,engine=cstate aborted=[] plan_secs=0.000292,"{""n"": 24, ""gates"": 192, ""g2"": 46, ""g3"": 0, ""depth2"": 4, ""t_count"": 24, ""rotations"": 24, ""d"": 13, ""dense_l"": 14.4916, ""redundant"": 11, ""obs_zero"": true, ""frame_l"": 7.585, ""chi_bits"": 2, ""mps_l"": 11.2668, ""hsf_k"": 2, ""hsf_na"": 12, ""hsf_nb"": 12, ""hsf_l"": 26.0661, ""sup"": 24, ""chi_bits0"": 2, ""mps_l0"": 11.2668, ""hsf_keff"": 2, ""hsf_l0"": 26.0661, ""sparse_l"": 31.585, ""sv_l"": 31.585, ""feat_secs"": 0.004969, ""feat_secs_frame"": 0.000193, ""feat_secs_hsf"": 0.004687}"
ct,"ct:n=24,L=4,t=24,nn=1",1,"{""n"": 24.0, ""L"": 4.0, ""t"": 24.0, ""nn"": 1.0}",plan,ok,0.000277,0.0063,2211840,0.0,0,0.0,0.0,engine=zero aborted=[] plan_secs=0.000270,"{""n"": 24, ""gates"": 192, ""g2"": 46, ""g3"": 0, ""depth2"": 4, ""t_count"": 24, ""rotations"": 24, ""d"": 13, ""dense_l"": 14.4916, ""redundant"": 11, ""obs_zero"": true, ""frame_l"": 7.585, ""chi_bits"": 2, ""mps_l"": 11.2668, ""hsf_k"": 2, ""hsf_na"": 12, ""hsf_nb"": 12, ""hsf_l"": 26.0661, ""sup"": 24, ""chi_bits0"": 2, ""mps_l0"": 11.2668, ""hsf_keff"": 2, ""hsf_l0"": 26.0661, ""sparse_l"": 31.585, ""sv_l"": 31.585, ""feat_secs"": 0.004969, ""feat_secs_frame"": 0.000193, ""feat_secs_hsf"": 0.004687}"
ct,"ct:n=24,L=4,t=48,nn=1",1,"{""n"": 24.0, ""L"": 4.0, ""t"": 48.0, ""nn"": 1.0}",planx,ok,0.005817,0.0119,3145728,-9.103106807905869e-80,0,-9.103106807905869e-80,0.0,engine=mps aborted=[] plan_secs=0.005470,"{""n"": 24, ""gates"": 240, ""g2"": 46, ""g3"": 0, ""depth2"": 4, ""t_count"": 48, ""rotations"": 48, ""d"": 22, ""dense_l"": 23.9667, ""redundant"": 26, ""obs_zero"": true, ""frame_l"": 7.9069, ""chi_bits"": 2, ""mps_l"": 11.3945, ""hsf_k"": 2, ""hsf_na"": 12, ""hsf_nb"": 12, ""hsf_l"": 26.0821, ""sup"": 24, ""chi_bits0"": 2, ""mps_l0"": 11.3945, ""hsf_keff"": 2, ""hsf_l0"": 26.0821, ""sparse_l"": 31.9069, ""sv_l"": 31.9069, ""feat_secs"": 0.005098, ""feat_secs_frame"": 0.000226, ""feat_secs_hsf"": 0.004721}"
ct,"ct:n=24,L=4,t=48,nn=1",1,"{""n"": 24.0, ""L"": 4.0, ""t"": 48.0, ""nn"": 1.0}",planp,ok,0.005469,0.0104,3178496,-9.103106807905869e-80,0,-9.103106807905869e-80,0.0,engine=mps aborted=[] plan_secs=0.005141,"{""n"": 24, ""gates"": 240, ""g2"": 46, ""g3"": 0, ""depth2"": 4, ""t_count"": 48, ""rotations"": 48, ""d"": 22, ""dense_l"": 23.9667, ""redundant"": 26, ""obs_zero"": true, ""frame_l"": 7.9069, ""chi_bits"": 2, ""mps_l"": 11.3945, ""hsf_k"": 2, ""hsf_na"": 12, ""hsf_nb"": 12, ""hsf_l"": 26.0821, ""sup"": 24, ""chi_bits0"": 2, ""mps_l0"": 11.3945, ""hsf_keff"": 2, ""hsf_l0"": 26.0821, ""sparse_l"": 31.9069, ""sv_l"": 31.9069, ""feat_secs"": 0.005098, ""feat_secs_frame"": 0.000226, ""feat_secs_hsf"": 0.004721}"
ct,"ct:n=24,L=4,t=48,nn=1",1,"{""n"": 24.0, ""L"": 4.0, ""t"": 48.0, ""nn"": 1.0}",plan,ok,0.005139,0.0104,2523136,0.0,0,-9.103106807905869e-80,9.103106807905869e-80,engine=zero aborted=[] plan_secs=0.005133,"{""n"": 24, ""gates"": 240, ""g2"": 46, ""g3"": 0, ""depth2"": 4, ""t_count"": 48, ""rotations"": 48, ""d"": 22, ""dense_l"": 23.9667, ""redundant"": 26, ""obs_zero"": true, ""frame_l"": 7.9069, ""chi_bits"": 2, ""mps_l"": 11.3945, ""hsf_k"": 2, ""hsf_na"": 12, ""hsf_nb"": 12, ""hsf_l"": 26.0821, ""sup"": 24, ""chi_bits0"": 2, ""mps_l0"": 11.3945, ""hsf_keff"": 2, ""hsf_l0"": 26.0821, ""sparse_l"": 31.9069, ""sv_l"": 31.9069, ""feat_secs"": 0.005098, ""feat_secs_frame"": 0.000226, ""feat_secs_hsf"": 0.004721}"
ct,"ct:n=24,L=8,t=0,nn=1",1,"{""n"": 24.0, ""L"": 8.0, ""t"": 0.0, ""nn"": 1.0}",planx,ok,8.9e-05,0.0048,2228224,-0.0,0,-0.0,0.0,engine=tableau aborted=[] plan_secs=0.000000,"{""n"": 24, ""gates"": 288, ""g2"": 92, ""g3"": 0, ""depth2"": 8, ""t_count"": 0, ""rotations"": 0, ""d"": 0, ""dense_l"": 0.0, ""redundant"": 0, ""obs_zero"": true, ""frame_l"": 8.1699, ""chi_bits"": 4, ""mps_l"": 16.4606, ""hsf_k"": 4, ""hsf_na"": 12, ""hsf_nb"": 12, ""hsf_l"": 28.098, ""sup"": 24, ""chi_bits0"": 4, ""mps_l0"": 16.4606, ""hsf_keff"": 4, ""hsf_l0"": 28.098, ""sparse_l"": 32.1699, ""sv_l"": 32.1699, ""feat_secs"": 0.005156, ""feat_secs_frame"": 0.000283, ""feat_secs_hsf"": 0.00475}"
ct,"ct:n=24,L=8,t=0,nn=1",1,"{""n"": 24.0, ""L"": 8.0, ""t"": 0.0, ""nn"": 1.0}",planp,ok,7.7e-05,0.0040,2244608,-0.0,0,-0.0,0.0,engine=tableau aborted=[] plan_secs=0.000000,"{""n"": 24, ""gates"": 288, ""g2"": 92, ""g3"": 0, ""depth2"": 8, ""t_count"": 0, ""rotations"": 0, ""d"": 0, ""dense_l"": 0.0, ""redundant"": 0, ""obs_zero"": true, ""frame_l"": 8.1699, ""chi_bits"": 4, ""mps_l"": 16.4606, ""hsf_k"": 4, ""hsf_na"": 12, ""hsf_nb"": 12, ""hsf_l"": 28.098, ""sup"": 24, ""chi_bits0"": 4, ""mps_l0"": 16.4606, ""hsf_keff"": 4, ""hsf_l0"": 28.098, ""sparse_l"": 32.1699, ""sv_l"": 32.1699, ""feat_secs"": 0.005156, ""feat_secs_frame"": 0.000283, ""feat_secs_hsf"": 0.00475}"
ct,"ct:n=24,L=8,t=0,nn=1",1,"{""n"": 24.0, ""L"": 8.0, ""t"": 0.0, ""nn"": 1.0}",plan,ok,0.000411,0.0063,2293760,0.0,0,-0.0,0.0,engine=zero aborted=[] plan_secs=0.000403,"{""n"": 24, ""gates"": 288, ""g2"": 92, ""g3"": 0, ""depth2"": 8, ""t_count"": 0, ""rotations"": 0, ""d"": 0, ""dense_l"": 0.0, ""redundant"": 0, ""obs_zero"": true, ""frame_l"": 8.1699, ""chi_bits"": 4, ""mps_l"": 16.4606, ""hsf_k"": 4, ""hsf_na"": 12, ""hsf_nb"": 12, ""hsf_l"": 28.098, ""sup"": 24, ""chi_bits0"": 4, ""mps_l0"": 16.4606, ""hsf_keff"": 4, ""hsf_l0"": 28.098, ""sparse_l"": 32.1699, ""sv_l"": 32.1699, ""feat_secs"": 0.005156, ""feat_secs_frame"": 0.000283, ""feat_secs_hsf"": 0.00475}"
ct,"ct:n=24,L=8,t=4,nn=1",1,"{""n"": 24.0, ""L"": 8.0, ""t"": 4.0, ""nn"": 1.0}",planx,ok,0.000556,0.0066,2326528,0.0,0,0.0,0.0,engine=cstate aborted=[] plan_secs=0.000416,"{""n"": 24, ""gates"": 291, ""g2"": 92, ""g3"": 0, ""depth2"": 8, ""t_count"": 4, ""rotations"": 4, ""d"": 4, ""dense_l"": 4.9069, ""redundant"": 0, ""obs_zero"": true, ""frame_l"": 8.1849, ""chi_bits"": 4, ""mps_l"": 16.4715, ""hsf_k"": 4, ""hsf_na"": 12, ""hsf_nb"": 12, ""hsf_l"": 27.099, ""sup"": 24, ""chi_bits0"": 4, ""mps_l0"": 16.4715, ""hsf_keff"": 3, ""hsf_l0"": 28.099, ""sparse_l"": 32.1849, ""sv_l"": 32.1849, ""feat_secs"": 0.005073, ""feat_secs_frame"": 0.00028, ""feat_secs_hsf"": 0.004662}"
ct,"ct:n=24,L=8,t=4,nn=1",1,"{""n"": 24.0, ""L"": 8.0, ""t"": 4.0, ""nn"": 1.0}",planp,ok,0.000621,0.0067,2277376,0.0,0,0.0,0.0,engine=cstate aborted=[] plan_secs=0.000476,"{""n"": 24, ""gates"": 291, ""g2"": 92, ""g3"": 0, ""depth2"": 8, ""t_count"": 4, ""rotations"": 4, ""d"": 4, ""dense_l"": 4.9069, ""redundant"": 0, ""obs_zero"": true, ""frame_l"": 8.1849, ""chi_bits"": 4, ""mps_l"": 16.4715, ""hsf_k"": 4, ""hsf_na"": 12, ""hsf_nb"": 12, ""hsf_l"": 27.099, ""sup"": 24, ""chi_bits0"": 4, ""mps_l0"": 16.4715, ""hsf_keff"": 3, ""hsf_l0"": 28.099, ""sparse_l"": 32.1849, ""sv_l"": 32.1849, ""feat_secs"": 0.005073, ""feat_secs_frame"": 0.00028, ""feat_secs_hsf"": 0.004662}"
ct,"ct:n=24,L=8,t=4,nn=1",1,"{""n"": 24.0, ""L"": 8.0, ""t"": 4.0, ""nn"": 1.0}",plan,ok,0.000453,0.0063,2310144,0.0,0,0.0,0.0,engine=zero aborted=[] plan_secs=0.000439,"{""n"": 24, ""gates"": 291, ""g2"": 92, ""g3"": 0, ""depth2"": 8, ""t_count"": 4, ""rotations"": 4, ""d"": 4, ""dense_l"": 4.9069, ""redundant"": 0, ""obs_zero"": true, ""frame_l"": 8.1849, ""chi_bits"": 4, ""mps_l"": 16.4715, ""hsf_k"": 4, ""hsf_na"": 12, ""hsf_nb"": 12, ""hsf_l"": 27.099, ""sup"": 24, ""chi_bits0"": 4, ""mps_l0"": 16.4715, ""hsf_keff"": 3, ""hsf_l0"": 28.099, ""sparse_l"": 32.1849, ""sv_l"": 32.1849, ""feat_secs"": 0.005073, ""feat_secs_frame"": 0.00028, ""feat_secs_hsf"": 0.004662}"
ct,"ct:n=24,L=8,t=12,nn=1",1,"{""n"": 24.0, ""L"": 8.0, ""t"": 12.0, ""nn"": 1.0}",planx,ok,0.000566,0.0076,2326528,0.0,0,0.0,0.0,engine=cstate aborted=[] plan_secs=0.000417,"{""n"": 24, ""gates"": 303, ""g2"": 92, ""g3"": 0, ""depth2"": 8, ""t_count"": 12, ""rotations"": 12, ""d"": 10, ""dense_l"": 11.0, ""redundant"": 2, ""obs_zero"": true, ""frame_l"": 8.2432, ""chi_bits"": 4, ""mps_l"": 16.4743, ""hsf_k"": 4, ""hsf_na"": 12, ""hsf_nb"": 12, ""hsf_l"": 28.103, ""sup"": 24, ""chi_bits0"": 4, ""mps_l0"": 16.4743, ""hsf_keff"": 4, ""hsf_l0"": 28.103, ""sparse_l"": 32.2432, ""sv_l"": 32.2432, ""feat_secs"": 0.005136, ""feat_secs_frame"": 0.000295, ""feat_secs_hsf"": 0.004704}"
ct,"ct:n=24,L=8,t=12,nn=1",1,"{""n"": 24.0, ""L"": 8.0, ""t"": 12.0, ""nn"": 1.0}",planp,ok,0.000618,0.0076,2342912,0.0,0,0.0,0.0,engine=cstate aborted=[] plan_secs=0.000466,"{""n"": 24, ""gates"": 303, ""g2"": 92, ""g3"": 0, ""depth2"": 8, ""t_count"": 12, ""rotations"": 12, ""d"": 10, ""dense_l"": 11.0, ""redundant"": 2, ""obs_zero"": true, ""frame_l"": 8.2432, ""chi_bits"": 4, ""mps_l"": 16.4743, ""hsf_k"": 4, ""hsf_na"": 12, ""hsf_nb"": 12, ""hsf_l"": 28.103, ""sup"": 24, ""chi_bits0"": 4, ""mps_l0"": 16.4743, ""hsf_keff"": 4, ""hsf_l0"": 28.103, ""sparse_l"": 32.2432, ""sv_l"": 32.2432, ""feat_secs"": 0.005136, ""feat_secs_frame"": 0.000295, ""feat_secs_hsf"": 0.004704}"
ct,"ct:n=24,L=8,t=12,nn=1",1,"{""n"": 24.0, ""L"": 8.0, ""t"": 12.0, ""nn"": 1.0}",plan,ok,0.000418,0.0044,2310144,0.0,0,0.0,0.0,engine=zero aborted=[] plan_secs=0.000410,"{""n"": 24, ""gates"": 303, ""g2"": 92, ""g3"": 0, ""depth2"": 8, ""t_count"": 12, ""rotations"": 12, ""d"": 10, ""dense_l"": 11.0, ""redundant"": 2, ""obs_zero"": true, ""frame_l"": 8.2432, ""chi_bits"": 4, ""mps_l"": 16.4743, ""hsf_k"": 4, ""hsf_na"": 12, ""hsf_nb"": 12, ""hsf_l"": 28.103, ""sup"": 24, ""chi_bits0"": 4, ""mps_l0"": 16.4743, ""hsf_keff"": 4, ""hsf_l0"": 28.103, ""sparse_l"": 32.2432, ""sv_l"": 32.2432, ""feat_secs"": 0.005136, ""feat_secs_frame"": 0.000295, ""feat_secs_hsf"": 0.004704}"
ct,"ct:n=24,L=8,t=24,nn=1",1,"{""n"": 24.0, ""L"": 8.0, ""t"": 24.0, ""nn"": 1.0}",planx,ok,0.001378,0.0075,4718592,0.0,0,0.0,0.0,engine=cstate aborted=[] plan_secs=0.000429,"{""n"": 24, ""gates"": 324, ""g2"": 92, ""g3"": 0, ""depth2"": 8, ""t_count"": 24, ""rotations"": 24, ""d"": 17, ""dense_l"": 18.4471, ""redundant"": 7, ""obs_zero"": true, ""frame_l"": 8.3399, ""chi_bits"": 4, ""mps_l"": 16.4778, ""hsf_k"": 4, ""hsf_na"": 12, ""hsf_nb"": 12, ""hsf_l"": 28.1098, ""sup"": 24, ""chi_bits0"": 4, ""mps_l0"": 16.4778, ""hsf_keff"": 4, ""hsf_l0"": 28.1098, ""sparse_l"": 32.3399, ""sv_l"": 32.3399, ""feat_secs"": 0.005147, ""feat_secs_frame"": 0.000294, ""feat_secs_hsf"": 0.004717}"
ct,"ct:n=24,L=8,t=24,nn=1",1,"{""n"": 24.0, ""L"": 8.0, ""t"": 24.0, ""nn"": 1.0}",planp,ok,0.001355,0.0075,4718592,0.0,0,0.0,0.0,engine=cstate aborted=[] plan_secs=0.000430,"{""n"": 24, ""gates"": 324, ""g2"": 92, ""g3"": 0, ""depth2"": 8, ""t_count"": 24, ""rotations"": 24, ""d"": 17, ""dense_l"": 18.4471, ""redundant"": 7, ""obs_zero"": true, ""frame_l"": 8.3399, ""chi_bits"": 4, ""mps_l"": 16.4778, ""hsf_k"": 4, ""hsf_na"": 12, ""hsf_nb"": 12, ""hsf_l"": 28.1098, ""sup"": 24, ""chi_bits0"": 4, ""mps_l0"": 16.4778, ""hsf_keff"": 4, ""hsf_l0"": 28.1098, ""sparse_l"": 32.3399, ""sv_l"": 32.3399, ""feat_secs"": 0.005147, ""feat_secs_frame"": 0.000294, ""feat_secs_hsf"": 0.004717}"
ct,"ct:n=24,L=8,t=24,nn=1",1,"{""n"": 24.0, ""L"": 8.0, ""t"": 24.0, ""nn"": 1.0}",plan,ok,0.000452,0.0066,2310144,0.0,0,0.0,0.0,engine=zero aborted=[] plan_secs=0.000444,"{""n"": 24, ""gates"": 324, ""g2"": 92, ""g3"": 0, ""depth2"": 8, ""t_count"": 24, ""rotations"": 24, ""d"": 17, ""dense_l"": 18.4471, ""redundant"": 7, ""obs_zero"": true, ""frame_l"": 8.3399, ""chi_bits"": 4, ""mps_l"": 16.4778, ""hsf_k"": 4, ""hsf_na"": 12, ""hsf_nb"": 12, ""hsf_l"": 28.1098, ""sup"": 24, ""chi_bits0"": 4, ""mps_l0"": 16.4778, ""hsf_keff"": 4, ""hsf_l0"": 28.1098, ""sparse_l"": 32.3399, ""sv_l"": 32.3399, ""feat_secs"": 0.005147, ""feat_secs_frame"": 0.000294, ""feat_secs_hsf"": 0.004717}"
ct,"ct:n=24,L=8,t=48,nn=1",1,"{""n"": 24.0, ""L"": 8.0, ""t"": 48.0, ""nn"": 1.0}",planx,ok,0.006838,0.0117,3440640,-1.210802647706991e-48,0,-1.210802647706991e-48,0.0,engine=mps aborted=[] plan_secs=0.005749,"{""n"": 24, ""gates"": 381, ""g2"": 92, ""g3"": 0, ""depth2"": 8, ""t_count"": 48, ""rotations"": 48, ""d"": 24, ""dense_l"": 25.5968, ""redundant"": 24, ""obs_zero"": false, ""frame_l"": 17.585, ""chi_bits"": 4, ""mps_l"": 16.5297, ""hsf_k"": 4, ""hsf_na"": 12, ""hsf_nb"": 12, ""hsf_l"": 28.1283, ""sup"": 24, ""chi_bits0"": 4, ""mps_l0"": 16.5297, ""hsf_keff"": 4, ""hsf_l0"": 28.1283, ""sparse_l"": 32.5736, ""sv_l"": 32.5736, ""feat_secs"": 0.005275, ""feat_secs_frame"": 0.000343, ""feat_secs_hsf"": 0.004771}"
ct,"ct:n=24,L=8,t=48,nn=1",1,"{""n"": 24.0, ""L"": 8.0, ""t"": 48.0, ""nn"": 1.0}",planp,ok,0.007027,0.0130,3538944,-1.210802647706991e-48,0,-1.210802647706991e-48,0.0,engine=mps aborted=[] plan_secs=0.006059,"{""n"": 24, ""gates"": 381, ""g2"": 92, ""g3"": 0, ""depth2"": 8, ""t_count"": 48, ""rotations"": 48, ""d"": 24, ""dense_l"": 25.5968, ""redundant"": 24, ""obs_zero"": false, ""frame_l"": 17.585, ""chi_bits"": 4, ""mps_l"": 16.5297, ""hsf_k"": 4, ""hsf_na"": 12, ""hsf_nb"": 12, ""hsf_l"": 28.1283, ""sup"": 24, ""chi_bits0"": 4, ""mps_l0"": 16.5297, ""hsf_keff"": 4, ""hsf_l0"": 28.1283, ""sparse_l"": 32.5736, ""sv_l"": 32.5736, ""feat_secs"": 0.005275, ""feat_secs_frame"": 0.000343, ""feat_secs_hsf"": 0.004771}"
ct,"ct:n=24,L=8,t=48,nn=1",1,"{""n"": 24.0, ""L"": 8.0, ""t"": 48.0, ""nn"": 1.0}",plan,ok,0.006648,0.0127,3407872,-1.210802647706991e-48,0,-1.210802647706991e-48,0.0,engine=mps aborted=[] plan_secs=0.005740,"{""n"": 24, ""gates"": 381, ""g2"": 92, ""g3"": 0, ""depth2"": 8, ""t_count"": 48, ""rotations"": 48, ""d"": 24, ""dense_l"": 25.5968, ""redundant"": 24, ""obs_zero"": false, ""frame_l"": 17.585, ""chi_bits"": 4, ""mps_l"": 16.5297, ""hsf_k"": 4, ""hsf_na"": 12, ""hsf_nb"": 12, ""hsf_l"": 28.1283, ""sup"": 24, ""chi_bits0"": 4, ""mps_l0"": 16.5297, ""hsf_keff"": 4, ""hsf_l0"": 28.1283, ""sparse_l"": 32.5736, ""sv_l"": 32.5736, ""feat_secs"": 0.005275, ""feat_secs_frame"": 0.000343, ""feat_secs_hsf"": 0.004771}"
ct,"ct:n=24,L=16,t=0,nn=1",1,"{""n"": 24.0, ""L"": 16.0, ""t"": 0.0, ""nn"": 1.0}",planx,ok,0.000116,0.0063,2326528,-0.0,0,-0.0,0.0,engine=tableau aborted=[] plan_secs=0.000001,"{""n"": 24, ""gates"": 547, ""g2"": 184, ""g3"": 0, ""depth2"": 16, ""t_count"": 0, ""rotations"": 0, ""d"": 0, ""dense_l"": 0.0, ""redundant"": 0, ""obs_zero"": true, ""frame_l"": 9.0954, ""chi_bits"": 8, ""mps_l"": 27.4588, ""hsf_k"": 8, ""hsf_na"": 12, ""hsf_nb"": 12, ""hsf_l"": 31.1808, ""sup"": 24, ""chi_bits0"": 8, ""mps_l0"": 27.4588, ""hsf_keff"": 7, ""hsf_l0"": 32.1808, ""sparse_l"": 33.0954, ""sv_l"": 33.0954, ""feat_secs"": 0.005489, ""feat_secs_frame"": 0.000509, ""feat_secs_hsf"": 0.004763}"
ct,"ct:n=24,L=16,t=0,nn=1",1,"{""n"": 24.0, ""L"": 16.0, ""t"": 0.0, ""nn"": 1.0}",planp,ok,0.000104,0.0036,2326528,-0.0,0,-0.0,0.0,engine=tableau aborted=[] plan_secs=0.000001,"{""n"": 24, ""gates"": 547, ""g2"": 184, ""g3"": 0, ""depth2"": 16, ""t_count"": 0, ""rotations"": 0, ""d"": 0, ""dense_l"": 0.0, ""redundant"": 0, ""obs_zero"": true, ""frame_l"": 9.0954, ""chi_bits"": 8, ""mps_l"": 27.4588, ""hsf_k"": 8, ""hsf_na"": 12, ""hsf_nb"": 12, ""hsf_l"": 31.1808, ""sup"": 24, ""chi_bits0"": 8, ""mps_l0"": 27.4588, ""hsf_keff"": 7, ""hsf_l0"": 32.1808, ""sparse_l"": 33.0954, ""sv_l"": 33.0954, ""feat_secs"": 0.005489, ""feat_secs_frame"": 0.000509, ""feat_secs_hsf"": 0.004763}"
ct,"ct:n=24,L=16,t=0,nn=1",1,"{""n"": 24.0, ""L"": 16.0, ""t"": 0.0, ""nn"": 1.0}",plan,ok,0.000806,0.0066,2457600,0.0,0,-0.0,0.0,engine=zero aborted=[] plan_secs=0.000794,"{""n"": 24, ""gates"": 547, ""g2"": 184, ""g3"": 0, ""depth2"": 16, ""t_count"": 0, ""rotations"": 0, ""d"": 0, ""dense_l"": 0.0, ""redundant"": 0, ""obs_zero"": true, ""frame_l"": 9.0954, ""chi_bits"": 8, ""mps_l"": 27.4588, ""hsf_k"": 8, ""hsf_na"": 12, ""hsf_nb"": 12, ""hsf_l"": 31.1808, ""sup"": 24, ""chi_bits0"": 8, ""mps_l0"": 27.4588, ""hsf_keff"": 7, ""hsf_l0"": 32.1808, ""sparse_l"": 33.0954, ""sv_l"": 33.0954, ""feat_secs"": 0.005489, ""feat_secs_frame"": 0.000509, ""feat_secs_hsf"": 0.004763}"
ct,"ct:n=24,L=16,t=4,nn=1",1,"{""n"": 24.0, ""L"": 16.0, ""t"": 4.0, ""nn"": 1.0}",planx,ok,0.000986,0.0070,2490368,0.0,0,0.0,0.0,engine=cstate aborted=[] plan_secs=0.000732,"{""n"": 24, ""gates"": 552, ""g2"": 184, ""g3"": 0, ""depth2"": 16, ""t_count"": 4, ""rotations"": 4, ""d"": 4, ""dense_l"": 4.9069, ""redundant"": 0, ""obs_zero"": true, ""frame_l"": 9.1085, ""chi_bits"": 8, ""mps_l"": 27.4592, ""hsf_k"": 8, ""hsf_na"": 12, ""hsf_nb"": 12, ""hsf_l"": 31.1824, ""sup"": 24, ""chi_bits0"": 8, ""mps_l0"": 27.4592, ""hsf_keff"": 7, ""hsf_l0"": 32.1824, ""sparse_l"": 33.1085, ""sv_l"": 33.1085, ""feat_secs"": 0.005511, ""feat_secs_frame"": 0.000514, ""feat_secs_hsf"": 0.00478}"
ct,"ct:n=24,L=16,t=4,nn=1",1,"{""n"": 24.0, ""L"": 16.0, ""t"": 4.0, ""nn"": 1.0}",planp,ok,0.000977,0.0078,2490368,0.0,0,0.0,0.0,engine=cstate aborted=[] plan_secs=0.000732,"{""n"": 24, ""gates"": 552, ""g2"": 184, ""g3"": 0, ""depth2"": 16, ""t_count"": 4, ""rotations"": 4, ""d"": 4, ""dense_l"": 4.9069, ""redundant"": 0, ""obs_zero"": true, ""frame_l"": 9.1085, ""chi_bits"": 8, ""mps_l"": 27.4592, ""hsf_k"": 8, ""hsf_na"": 12, ""hsf_nb"": 12, ""hsf_l"": 31.1824, ""sup"": 24, ""chi_bits0"": 8, ""mps_l0"": 27.4592, ""hsf_keff"": 7, ""hsf_l0"": 32.1824, ""sparse_l"": 33.1085, ""sv_l"": 33.1085, ""feat_secs"": 0.005511, ""feat_secs_frame"": 0.000514, ""feat_secs_hsf"": 0.00478}"
ct,"ct:n=24,L=16,t=4,nn=1",1,"{""n"": 24.0, ""L"": 16.0, ""t"": 4.0, ""nn"": 1.0}",plan,ok,0.000752,0.0067,2441216,0.0,0,0.0,0.0,engine=zero aborted=[] plan_secs=0.000746,"{""n"": 24, ""gates"": 552, ""g2"": 184, ""g3"": 0, ""depth2"": 16, ""t_count"": 4, ""rotations"": 4, ""d"": 4, ""dense_l"": 4.9069, ""redundant"": 0, ""obs_zero"": true, ""frame_l"": 9.1085, ""chi_bits"": 8, ""mps_l"": 27.4592, ""hsf_k"": 8, ""hsf_na"": 12, ""hsf_nb"": 12, ""hsf_l"": 31.1824, ""sup"": 24, ""chi_bits0"": 8, ""mps_l0"": 27.4592, ""hsf_keff"": 7, ""hsf_l0"": 32.1824, ""sparse_l"": 33.1085, ""sv_l"": 33.1085, ""feat_secs"": 0.005511, ""feat_secs_frame"": 0.000514, ""feat_secs_hsf"": 0.00478}"
ct,"ct:n=24,L=16,t=12,nn=1",1,"{""n"": 24.0, ""L"": 16.0, ""t"": 12.0, ""nn"": 1.0}",planx,ok,0.00101,0.0070,2490368,0.0,0,0.0,0.0,engine=cstate aborted=[] plan_secs=0.000751,"{""n"": 24, ""gates"": 568, ""g2"": 184, ""g3"": 0, ""depth2"": 16, ""t_count"": 12, ""rotations"": 12, ""d"": 9, ""dense_l"": 10.0362, ""redundant"": 3, ""obs_zero"": true, ""frame_l"": 9.1497, ""chi_bits"": 8, ""mps_l"": 27.4612, ""hsf_k"": 8, ""hsf_na"": 12, ""hsf_nb"": 12, ""hsf_l"": 32.1874, ""sup"": 24, ""chi_bits0"": 8, ""mps_l0"": 27.4612, ""hsf_keff"": 8, ""hsf_l0"": 32.1874, ""sparse_l"": 33.1497, ""sv_l"": 33.1497, ""feat_secs"": 0.005531, ""feat_secs_frame"": 0.000524, ""feat_secs_hsf"": 0.004748}"
ct,"ct:n=24,L=16,t=12,nn=1",1,"{""n"": 24.0, ""L"": 16.0, ""t"": 12.0, ""nn"": 1.0}",planp,ok,0.001057,0.0071,2490368,0.0,0,0.0,0.0,engine=cstate aborted=[] plan_secs=0.000785,"{""n"": 24, ""gates"": 568, ""g2"": 184, ""g3"": 0, ""depth2"": 16, ""t_count"": 12, ""rotations"": 12, ""d"": 9, ""dense_l"": 10.0362, ""redundant"": 3, ""obs_zero"": true, ""frame_l"": 9.1497, ""chi_bits"": 8, ""mps_l"": 27.4612, ""hsf_k"": 8, ""hsf_na"": 12, ""hsf_nb"": 12, ""hsf_l"": 32.1874, ""sup"": 24, ""chi_bits0"": 8, ""mps_l0"": 27.4612, ""hsf_keff"": 8, ""hsf_l0"": 32.1874, ""sparse_l"": 33.1497, ""sv_l"": 33.1497, ""feat_secs"": 0.005531, ""feat_secs_frame"": 0.000524, ""feat_secs_hsf"": 0.004748}"
ct,"ct:n=24,L=16,t=12,nn=1",1,"{""n"": 24.0, ""L"": 16.0, ""t"": 12.0, ""nn"": 1.0}",plan,ok,0.000796,0.0075,2490368,0.0,0,0.0,0.0,engine=zero aborted=[] plan_secs=0.000789,"{""n"": 24, ""gates"": 568, ""g2"": 184, ""g3"": 0, ""depth2"": 16, ""t_count"": 12, ""rotations"": 12, ""d"": 9, ""dense_l"": 10.0362, ""redundant"": 3, ""obs_zero"": true, ""frame_l"": 9.1497, ""chi_bits"": 8, ""mps_l"": 27.4612, ""hsf_k"": 8, ""hsf_na"": 12, ""hsf_nb"": 12, ""hsf_l"": 32.1874, ""sup"": 24, ""chi_bits0"": 8, ""mps_l0"": 27.4612, ""hsf_keff"": 8, ""hsf_l0"": 32.1874, ""sparse_l"": 33.1497, ""sv_l"": 33.1497, ""feat_secs"": 0.005531, ""feat_secs_frame"": 0.000524, ""feat_secs_hsf"": 0.004748}"
ct,"ct:n=24,L=16,t=24,nn=1",1,"{""n"": 24.0, ""L"": 16.0, ""t"": 24.0, ""nn"": 1.0}",planx,ok,0.006579,0.0119,19693568,0.0,0,0.0,0.0,engine=cstate aborted=[] plan_secs=0.001434,"{""n"": 24, ""gates"": 597, ""g2"": 184, ""g3"": 0, ""depth2"": 16, ""t_count"": 24, ""rotations"": 24, ""d"": 20, ""dense_l"": 21.0029, ""redundant"": 4, ""obs_zero"": true, ""frame_l"": 9.2216, ""chi_bits"": 8, ""mps_l"": 27.4617, ""hsf_k"": 8, ""hsf_na"": 12, ""hsf_nb"": 12, ""hsf_l"": 31.1963, ""sup"": 24, ""chi_bits0"": 8, ""mps_l0"": 27.4617, ""hsf_keff"": 7, ""hsf_l0"": 32.1963, ""sparse_l"": 33.2216, ""sv_l"": 33.2216, ""feat_secs"": 0.005724, ""feat_secs_frame"": 0.000529, ""feat_secs_hsf"": 0.004951}"
ct,"ct:n=24,L=16,t=24,nn=1",1,"{""n"": 24.0, ""L"": 16.0, ""t"": 24.0, ""nn"": 1.0}",planp,ok,0.006235,0.0106,19693568,0.0,0,0.0,0.0,engine=cstate aborted=[] plan_secs=0.001387,"{""n"": 24, ""gates"": 597, ""g2"": 184, ""g3"": 0, ""depth2"": 16, ""t_count"": 24, ""rotations"": 24, ""d"": 20, ""dense_l"": 21.0029, ""redundant"": 4, ""obs_zero"": true, ""frame_l"": 9.2216, ""chi_bits"": 8, ""mps_l"": 27.4617, ""hsf_k"": 8, ""hsf_na"": 12, ""hsf_nb"": 12, ""hsf_l"": 31.1963, ""sup"": 24, ""chi_bits0"": 8, ""mps_l0"": 27.4617, ""hsf_keff"": 7, ""hsf_l0"": 32.1963, ""sparse_l"": 33.2216, ""sv_l"": 33.2216, ""feat_secs"": 0.005724, ""feat_secs_frame"": 0.000529, ""feat_secs_hsf"": 0.004951}"
ct,"ct:n=24,L=16,t=24,nn=1",1,"{""n"": 24.0, ""L"": 16.0, ""t"": 24.0, ""nn"": 1.0}",plan,ok,0.001407,0.0071,2654208,0.0,0,0.0,0.0,engine=zero aborted=[] plan_secs=0.001400,"{""n"": 24, ""gates"": 597, ""g2"": 184, ""g3"": 0, ""depth2"": 16, ""t_count"": 24, ""rotations"": 24, ""d"": 20, ""dense_l"": 21.0029, ""redundant"": 4, ""obs_zero"": true, ""frame_l"": 9.2216, ""chi_bits"": 8, ""mps_l"": 27.4617, ""hsf_k"": 8, ""hsf_na"": 12, ""hsf_nb"": 12, ""hsf_l"": 31.1963, ""sup"": 24, ""chi_bits0"": 8, ""mps_l0"": 27.4617, ""hsf_keff"": 7, ""hsf_l0"": 32.1963, ""sparse_l"": 33.2216, ""sv_l"": 33.2216, ""feat_secs"": 0.005724, ""feat_secs_frame"": 0.000529, ""feat_secs_hsf"": 0.004951}"
ct,"ct:n=24,L=16,t=48,nn=1",1,"{""n"": 24.0, ""L"": 16.0, ""t"": 48.0, ""nn"": 1.0}",planx,ok,0.016718,0.0214,19939328,0.0,0,0.0,0.0,engine=cstate aborted=[] plan_secs=0.006173,"{""n"": 24, ""gates"": 642, ""g2"": 184, ""g3"": 0, ""depth2"": 16, ""t_count"": 48, ""rotations"": 48, ""d"": 20, ""dense_l"": 22.5186, ""redundant"": 28, ""obs_zero"": true, ""frame_l"": 9.3264, ""chi_bits"": 8, ""mps_l"": 27.4623, ""hsf_k"": 8, ""hsf_na"": 12, ""hsf_nb"": 12, ""hsf_l"": 32.2101, ""sup"": 24, ""chi_bits0"": 8, ""mps_l0"": 27.4623, ""hsf_keff"": 8, ""hsf_l0"": 32.2101, ""sparse_l"": 33.3264, ""sv_l"": 33.3264, ""feat_secs"": 0.005632, ""feat_secs_frame"": 0.000569, ""feat_secs_hsf"": 0.004804}"
ct,"ct:n=24,L=16,t=48,nn=1",1,"{""n"": 24.0, ""L"": 16.0, ""t"": 48.0, ""nn"": 1.0}",planp,ok,0.019204,0.0263,21037056,0.0,0,0.0,0.0,engine=cstate aborted=[] plan_secs=0.008805,"{""n"": 24, ""gates"": 642, ""g2"": 184, ""g3"": 0, ""depth2"": 16, ""t_count"": 48, ""rotations"": 48, ""d"": 20, ""dense_l"": 22.5186, ""redundant"": 28, ""obs_zero"": true, ""frame_l"": 9.3264, ""chi_bits"": 8, ""mps_l"": 27.4623, ""hsf_k"": 8, ""hsf_na"": 12, ""hsf_nb"": 12, ""hsf_l"": 32.2101, ""sup"": 24, ""chi_bits0"": 8, ""mps_l0"": 27.4623, ""hsf_keff"": 8, ""hsf_l0"": 32.2101, ""sparse_l"": 33.3264, ""sv_l"": 33.3264, ""feat_secs"": 0.005632, ""feat_secs_frame"": 0.000569, ""feat_secs_hsf"": 0.004804}"
ct,"ct:n=24,L=16,t=48,nn=1",1,"{""n"": 24.0, ""L"": 16.0, ""t"": 48.0, ""nn"": 1.0}",plan,ok,0.006199,0.0127,2752512,0.0,0,0.0,0.0,engine=zero aborted=[] plan_secs=0.006193,"{""n"": 24, ""gates"": 642, ""g2"": 184, ""g3"": 0, ""depth2"": 16, ""t_count"": 48, ""rotations"": 48, ""d"": 20, ""dense_l"": 22.5186, ""redundant"": 28, ""obs_zero"": true, ""frame_l"": 9.3264, ""chi_bits"": 8, ""mps_l"": 27.4623, ""hsf_k"": 8, ""hsf_na"": 12, ""hsf_nb"": 12, ""hsf_l"": 32.2101, ""sup"": 24, ""chi_bits0"": 8, ""mps_l0"": 27.4623, ""hsf_keff"": 8, ""hsf_l0"": 32.2101, ""sparse_l"": 33.3264, ""sv_l"": 33.3264, ""feat_secs"": 0.005632, ""feat_secs_frame"": 0.000569, ""feat_secs_hsf"": 0.004804}"
ct,"ct:n=24,L=32,t=0,nn=1",1,"{""n"": 24.0, ""L"": 32.0, ""t"": 0.0, ""nn"": 1.0}",planx,ok,0.000134,0.0044,2408448,-0.0,0,-0.0,0.0,engine=tableau aborted=[] plan_secs=0.000001,"{""n"": 24, ""gates"": 1126, ""g2"": 368, ""g3"": 0, ""depth2"": 32, ""t_count"": 0, ""rotations"": 0, ""d"": 0, ""dense_l"": 0.0, ""redundant"": 0, ""obs_zero"": true, ""frame_l"": 10.137, ""chi_bits"": 12, ""mps_l"": 38.796, ""hsf_k"": 16, ""hsf_na"": 12, ""hsf_nb"": 12, ""hsf_l"": 39.3504, ""sup"": 24, ""chi_bits0"": 12, ""mps_l0"": 38.796, ""hsf_keff"": 15, ""hsf_l0"": 40.3504, ""sparse_l"": 34.137, ""sv_l"": 34.137, ""feat_secs"": 0.006228, ""feat_secs_frame"": 0.000957, ""feat_secs_hsf"": 0.004866}"
ct,"ct:n=24,L=32,t=0,nn=1",1,"{""n"": 24.0, ""L"": 32.0, ""t"": 0.0, ""nn"": 1.0}",planp,ok,0.000149,0.0040,2408448,-0.0,0,-0.0,0.0,engine=tableau aborted=[] plan_secs=0.000005,"{""n"": 24, ""gates"": 1126, ""g2"": 368, ""g3"": 0, ""depth2"": 32, ""t_count"": 0, ""rotations"": 0, ""d"": 0, ""dense_l"": 0.0, ""redundant"": 0, ""obs_zero"": true, ""frame_l"": 10.137, ""chi_bits"": 12, ""mps_l"": 38.796, ""hsf_k"": 16, ""hsf_na"": 12, ""hsf_nb"": 12, ""hsf_l"": 39.3504, ""sup"": 24, ""chi_bits0"": 12, ""mps_l0"": 38.796, ""hsf_keff"": 15, ""hsf_l0"": 40.3504, ""sparse_l"": 34.137, ""sv_l"": 34.137, ""feat_secs"": 0.006228, ""feat_secs_frame"": 0.000957, ""feat_secs_hsf"": 0.004866}"
ct,"ct:n=24,L=32,t=0,nn=1",1,"{""n"": 24.0, ""L"": 32.0, ""t"": 0.0, ""nn"": 1.0}",plan,ok,0.001424,0.0071,2572288,0.0,0,-0.0,0.0,engine=zero aborted=[] plan_secs=0.001415,"{""n"": 24, ""gates"": 1126, ""g2"": 368, ""g3"": 0, ""depth2"": 32, ""t_count"": 0, ""rotations"": 0, ""d"": 0, ""dense_l"": 0.0, ""redundant"": 0, ""obs_zero"": true, ""frame_l"": 10.137, ""chi_bits"": 12, ""mps_l"": 38.796, ""hsf_k"": 16, ""hsf_na"": 12, ""hsf_nb"": 12, ""hsf_l"": 39.3504, ""sup"": 24, ""chi_bits0"": 12, ""mps_l0"": 38.796, ""hsf_keff"": 15, ""hsf_l0"": 40.3504, ""sparse_l"": 34.137, ""sv_l"": 34.137, ""feat_secs"": 0.006228, ""feat_secs_frame"": 0.000957, ""feat_secs_hsf"": 0.004866}"
ct,"ct:n=24,L=32,t=4,nn=1",1,"{""n"": 24.0, ""L"": 32.0, ""t"": 4.0, ""nn"": 1.0}",planx,ok,0.001936,0.0067,2621440,0.0,0,0.0,0.0,engine=cstate aborted=[] plan_secs=0.001471,"{""n"": 24, ""gates"": 1129, ""g2"": 368, ""g3"": 0, ""depth2"": 32, ""t_count"": 4, ""rotations"": 4, ""d"": 4, ""dense_l"": 4.9069, ""redundant"": 0, ""obs_zero"": true, ""frame_l"": 10.1408, ""chi_bits"": 12, ""mps_l"": 38.796, ""hsf_k"": 16, ""hsf_na"": 12, ""hsf_nb"": 12, ""hsf_l"": 39.3512, ""sup"": 24, ""chi_bits0"": 12, ""mps_l0"": 38.796, ""hsf_keff"": 15, ""hsf_l0"": 40.3512, ""sparse_l"": 34.1408, ""sv_l"": 34.1408, ""feat_secs"": 0.006283, ""feat_secs_frame"": 0.000969, ""feat_secs_hsf"": 0.004938}"
ct,"ct:n=24,L=32,t=4,nn=1",1,"{""n"": 24.0, ""L"": 32.0, ""t"": 4.0, ""nn"": 1.0}",planp,ok,0.001797,0.0067,2605056,0.0,0,0.0,0.0,engine=cstate aborted=[] plan_secs=0.001342,"{""n"": 24, ""gates"": 1129, ""g2"": 368, ""g3"": 0, ""depth2"": 32, ""t_count"": 4, ""rotations"": 4, ""d"": 4, ""dense_l"": 4.9069, ""redundant"": 0, ""obs_zero"": true, ""frame_l"": 10.1408, ""chi_bits"": 12, ""mps_l"": 38.796, ""hsf_k"": 16, ""hsf_na"": 12, ""hsf_nb"": 12, ""hsf_l"": 39.3512, ""sup"": 24, ""chi_bits0"": 12, ""mps_l0"": 38.796, ""hsf_keff"": 15, ""hsf_l0"": 40.3512, ""sparse_l"": 34.1408, ""sv_l"": 34.1408, ""feat_secs"": 0.006283, ""feat_secs_frame"": 0.000969, ""feat_secs_hsf"": 0.004938}"
ct,"ct:n=24,L=32,t=4,nn=1",1,"{""n"": 24.0, ""L"": 32.0, ""t"": 4.0, ""nn"": 1.0}",plan,ok,0.001367,0.0063,2588672,0.0,0,0.0,0.0,engine=zero aborted=[] plan_secs=0.001359,"{""n"": 24, ""gates"": 1129, ""g2"": 368, ""g3"": 0, ""depth2"": 32, ""t_count"": 4, ""rotations"": 4, ""d"": 4, ""dense_l"": 4.9069, ""redundant"": 0, ""obs_zero"": true, ""frame_l"": 10.1408, ""chi_bits"": 12, ""mps_l"": 38.796, ""hsf_k"": 16, ""hsf_na"": 12, ""hsf_nb"": 12, ""hsf_l"": 39.3512, ""sup"": 24, ""chi_bits0"": 12, ""mps_l0"": 38.796, ""hsf_keff"": 15, ""hsf_l0"": 40.3512, ""sparse_l"": 34.1408, ""sv_l"": 34.1408, ""feat_secs"": 0.006283, ""feat_secs_frame"": 0.000969, ""feat_secs_hsf"": 0.004938}"
ct,"ct:n=24,L=32,t=12,nn=1",1,"{""n"": 24.0, ""L"": 32.0, ""t"": 12.0, ""nn"": 1.0}",planx,ok,0.001831,0.0074,2637824,0.0,0,0.0,0.0,engine=cstate aborted=[] plan_secs=0.001357,"{""n"": 24, ""gates"": 1128, ""g2"": 368, ""g3"": 0, ""depth2"": 32, ""t_count"": 12, ""rotations"": 12, ""d"": 12, ""dense_l"": 12.9996, ""redundant"": 0, ""obs_zero"": true, ""frame_l"": 10.1396, ""chi_bits"": 12, ""mps_l"": 38.7961, ""hsf_k"": 16, ""hsf_na"": 12, ""hsf_nb"": 12, ""hsf_l"": 39.3509, ""sup"": 24, ""chi_bits0"": 12, ""mps_l0"": 38.7961, ""hsf_keff"": 15, ""hsf_l0"": 40.3509, ""sparse_l"": 34.1396, ""sv_l"": 34.1396, ""feat_secs"": 0.006162, ""feat_secs_frame"": 0.000947, ""feat_secs_hsf"": 0.004839}"
ct,"ct:n=24,L=32,t=12,nn=1",1,"{""n"": 24.0, ""L"": 32.0, ""t"": 12.0, ""nn"": 1.0}",planp,ok,0.001866,0.0066,2588672,0.0,0,0.0,0.0,engine=cstate aborted=[] plan_secs=0.001392,"{""n"": 24, ""gates"": 1128, ""g2"": 368, ""g3"": 0, ""depth2"": 32, ""t_count"": 12, ""rotations"": 12, ""d"": 12, ""dense_l"": 12.9996, ""redundant"": 0, ""obs_zero"": true, ""frame_l"": 10.1396, ""chi_bits"": 12, ""mps_l"": 38.7961, ""hsf_k"": 16, ""hsf_na"": 12, ""hsf_nb"": 12, ""hsf_l"": 39.3509, ""sup"": 24, ""chi_bits0"": 12, ""mps_l0"": 38.7961, ""hsf_keff"": 15, ""hsf_l0"": 40.3509, ""sparse_l"": 34.1396, ""sv_l"": 34.1396, ""feat_secs"": 0.006162, ""feat_secs_frame"": 0.000947, ""feat_secs_hsf"": 0.004839}"
ct,"ct:n=24,L=32,t=12,nn=1",1,"{""n"": 24.0, ""L"": 32.0, ""t"": 12.0, ""nn"": 1.0}",plan,ok,0.001363,0.0067,2605056,0.0,0,0.0,0.0,engine=zero aborted=[] plan_secs=0.001352,"{""n"": 24, ""gates"": 1128, ""g2"": 368, ""g3"": 0, ""depth2"": 32, ""t_count"": 12, ""rotations"": 12, ""d"": 12, ""dense_l"": 12.9996, ""redundant"": 0, ""obs_zero"": true, ""frame_l"": 10.1396, ""chi_bits"": 12, ""mps_l"": 38.7961, ""hsf_k"": 16, ""hsf_na"": 12, ""hsf_nb"": 12, ""hsf_l"": 39.3509, ""sup"": 24, ""chi_bits0"": 12, ""mps_l0"": 38.7961, ""hsf_keff"": 15, ""hsf_l0"": 40.3509, ""sparse_l"": 34.1396, ""sv_l"": 34.1396, ""feat_secs"": 0.006162, ""feat_secs_frame"": 0.000947, ""feat_secs_hsf"": 0.004839}"
ct,"ct:n=24,L=32,t=24,nn=1",1,"{""n"": 24.0, ""L"": 32.0, ""t"": 24.0, ""nn"": 1.0}",planx,ok,0.018862,0.0240,36749312,0.0,0,0.0,0.0,engine=cstate aborted=[] plan_secs=0.007830,"{""n"": 24, ""gates"": 1165, ""g2"": 368, ""g3"": 0, ""depth2"": 32, ""t_count"": 24, ""rotations"": 24, ""d"": 21, ""dense_l"": 22.3404, ""redundant"": 3, ""obs_zero"": true, ""frame_l"": 10.1861, ""chi_bits"": 12, ""mps_l"": 38.796, ""hsf_k"": 16, ""hsf_na"": 12, ""hsf_nb"": 12, ""hsf_l"": 39.3611, ""sup"": 24, ""chi_bits0"": 12, ""mps_l0"": 38.796, ""hsf_keff"": 15, ""hsf_l0"": 40.3611, ""sparse_l"": 34.1861, ""sv_l"": 34.1861, ""feat_secs"": 0.006582, ""feat_secs_frame"": 0.00116, ""feat_secs_hsf"": 0.004971}"
ct,"ct:n=24,L=32,t=24,nn=1",1,"{""n"": 24.0, ""L"": 32.0, ""t"": 24.0, ""nn"": 1.0}",planp,ok,0.021861,0.0279,37912576,0.0,0,0.0,0.0,engine=cstate aborted=[] plan_secs=0.010122,"{""n"": 24, ""gates"": 1165, ""g2"": 368, ""g3"": 0, ""depth2"": 32, ""t_count"": 24, ""rotations"": 24, ""d"": 21, ""dense_l"": 22.3404, ""redundant"": 3, ""obs_zero"": true, ""frame_l"": 10.1861, ""chi_bits"": 12, ""mps_l"": 38.796, ""hsf_k"": 16, ""hsf_na"": 12, ""hsf_nb"": 12, ""hsf_l"": 39.3611, ""sup"": 24, ""chi_bits0"": 12, ""mps_l0"": 38.796, ""hsf_keff"": 15, ""hsf_l0"": 40.3611, ""sparse_l"": 34.1861, ""sv_l"": 34.1861, ""feat_secs"": 0.006582, ""feat_secs_frame"": 0.00116, ""feat_secs_hsf"": 0.004971}"
ct,"ct:n=24,L=32,t=24,nn=1",1,"{""n"": 24.0, ""L"": 32.0, ""t"": 24.0, ""nn"": 1.0}",plan,ok,0.007782,0.0130,2949120,0.0,0,0.0,0.0,engine=zero aborted=[] plan_secs=0.007771,"{""n"": 24, ""gates"": 1165, ""g2"": 368, ""g3"": 0, ""depth2"": 32, ""t_count"": 24, ""rotations"": 24, ""d"": 21, ""dense_l"": 22.3404, ""redundant"": 3, ""obs_zero"": true, ""frame_l"": 10.1861, ""chi_bits"": 12, ""mps_l"": 38.796, ""hsf_k"": 16, ""hsf_na"": 12, ""hsf_nb"": 12, ""hsf_l"": 39.3611, ""sup"": 24, ""chi_bits0"": 12, ""mps_l0"": 38.796, ""hsf_keff"": 15, ""hsf_l0"": 40.3611, ""sparse_l"": 34.1861, ""sv_l"": 34.1861, ""feat_secs"": 0.006582, ""feat_secs_frame"": 0.00116, ""feat_secs_hsf"": 0.004971}"
ct,"ct:n=24,L=32,t=48,nn=1",1,"{""n"": 24.0, ""L"": 32.0, ""t"": 48.0, ""nn"": 1.0}",planx,ok,0.388474,0.3955,271826944,9.155273437500404e-05,0,9.155273437500404e-05,0.0,engine=cstate aborted=[] plan_secs=0.008062,"{""n"": 24, ""gates"": 1214, ""g2"": 368, ""g3"": 0, ""depth2"": 32, ""t_count"": 48, ""rotations"": 48, ""d"": 24, ""dense_l"": 27.7013, ""redundant"": 24, ""obs_zero"": false, ""frame_l"": 17.585, ""chi_bits"": 12, ""mps_l"": 38.7962, ""hsf_k"": 16, ""hsf_na"": 12, ""hsf_nb"": 12, ""hsf_l"": 40.3745, ""sup"": 24, ""chi_bits0"": 12, ""mps_l0"": 38.7962, ""hsf_keff"": 16, ""hsf_l0"": 40.3745, ""sparse_l"": 34.2456, ""sv_l"": 34.2456, ""feat_secs"": 0.006529, ""feat_secs_frame"": 0.001017, ""feat_secs_hsf"": 0.005074}"
ct,"ct:n=24,L=32,t=48,nn=1",1,"{""n"": 24.0, ""L"": 32.0, ""t"": 48.0, ""nn"": 1.0}",planp,ok,0.867705,0.8733,295452672,9.155273437500404e-05,0,9.155273437500404e-05,0.0,"engine=cstate aborted=[""mps""] plan_secs=0.039020","{""n"": 24, ""gates"": 1214, ""g2"": 368, ""g3"": 0, ""depth2"": 32, ""t_count"": 48, ""rotations"": 48, ""d"": 24, ""dense_l"": 27.7013, ""redundant"": 24, ""obs_zero"": false, ""frame_l"": 17.585, ""chi_bits"": 12, ""mps_l"": 38.7962, ""hsf_k"": 16, ""hsf_na"": 12, ""hsf_nb"": 12, ""hsf_l"": 40.3745, ""sup"": 24, ""chi_bits0"": 12, ""mps_l0"": 38.7962, ""hsf_keff"": 16, ""hsf_l0"": 40.3745, ""sparse_l"": 34.2456, ""sv_l"": 34.2456, ""feat_secs"": 0.006529, ""feat_secs_frame"": 0.001017, ""feat_secs_hsf"": 0.005074}"
ct,"ct:n=24,L=32,t=48,nn=1",1,"{""n"": 24.0, ""L"": 32.0, ""t"": 48.0, ""nn"": 1.0}",plan,ok,0.384031,0.3887,271974400,9.155273437500404e-05,0,9.155273437500404e-05,0.0,engine=cstate aborted=[] plan_secs=0.008615,"{""n"": 24, ""gates"": 1214, ""g2"": 368, ""g3"": 0, ""depth2"": 32, ""t_count"": 48, ""rotations"": 48, ""d"": 24, ""dense_l"": 27.7013, ""redundant"": 24, ""obs_zero"": false, ""frame_l"": 17.585, ""chi_bits"": 12, ""mps_l"": 38.7962, ""hsf_k"": 16, ""hsf_na"": 12, ""hsf_nb"": 12, ""hsf_l"": 40.3745, ""sup"": 24, ""chi_bits0"": 12, ""mps_l0"": 38.7962, ""hsf_keff"": 16, ""hsf_l0"": 40.3745, ""sparse_l"": 34.2456, ""sv_l"": 34.2456, ""feat_secs"": 0.006529, ""feat_secs_frame"": 0.001017, ""feat_secs_hsf"": 0.005074}"
ct,"ct:n=32,L=1,t=0,nn=1",1,"{""n"": 32.0, ""L"": 1.0, ""t"": 0.0, ""nn"": 1.0}",planx,ok,5.6e-05,0.0046,2097152,-0.0,0,-0.0,0.0,engine=tableau aborted=[] plan_secs=0.000000,"{""n"": 32, ""gates"": 48, ""g2"": 16, ""g3"": 0, ""depth2"": 1, ""t_count"": 0, ""rotations"": 0, ""d"": 0, ""dense_l"": 0.0, ""redundant"": 0, ""obs_zero"": true, ""frame_l"": 5.585, ""chi_bits"": 1, ""mps_l"": 7.3219, ""hsf_k"": 0, ""hsf_na"": 16, ""hsf_nb"": 16, ""hsf_l"": 32.0011, ""sup"": 17, ""chi_bits0"": 1, ""mps_l0"": 7.3219, ""hsf_keff"": 0, ""hsf_l0"": 32.0011, ""sparse_l"": 22.585, ""sv_l"": 37.585, ""feat_secs"": 0.004818, ""feat_secs_frame"": 7.9e-05, ""feat_secs_hsf"": 0.004694}"
ct,"ct:n=32,L=1,t=0,nn=1",1,"{""n"": 32.0, ""L"": 1.0, ""t"": 0.0, ""nn"": 1.0}",planp,ok,5.6e-05,0.0044,2097152,-0.0,0,-0.0,0.0,engine=tableau aborted=[] plan_secs=0.000000,"{""n"": 32, ""gates"": 48, ""g2"": 16, ""g3"": 0, ""depth2"": 1, ""t_count"": 0, ""rotations"": 0, ""d"": 0, ""dense_l"": 0.0, ""redundant"": 0, ""obs_zero"": true, ""frame_l"": 5.585, ""chi_bits"": 1, ""mps_l"": 7.3219, ""hsf_k"": 0, ""hsf_na"": 16, ""hsf_nb"": 16, ""hsf_l"": 32.0011, ""sup"": 17, ""chi_bits0"": 1, ""mps_l0"": 7.3219, ""hsf_keff"": 0, ""hsf_l0"": 32.0011, ""sparse_l"": 22.585, ""sv_l"": 37.585, ""feat_secs"": 0.004818, ""feat_secs_frame"": 7.9e-05, ""feat_secs_hsf"": 0.004694}"
ct,"ct:n=32,L=1,t=0,nn=1",1,"{""n"": 32.0, ""L"": 1.0, ""t"": 0.0, ""nn"": 1.0}",plan,ok,0.000132,0.0044,2162688,0.0,0,-0.0,0.0,engine=zero aborted=[] plan_secs=0.000124,"{""n"": 32, ""gates"": 48, ""g2"": 16, ""g3"": 0, ""depth2"": 1, ""t_count"": 0, ""rotations"": 0, ""d"": 0, ""dense_l"": 0.0, ""redundant"": 0, ""obs_zero"": true, ""frame_l"": 5.585, ""chi_bits"": 1, ""mps_l"": 7.3219, ""hsf_k"": 0, ""hsf_na"": 16, ""hsf_nb"": 16, ""hsf_l"": 32.0011, ""sup"": 17, ""chi_bits0"": 1, ""mps_l0"": 7.3219, ""hsf_keff"": 0, ""hsf_l0"": 32.0011, ""sparse_l"": 22.585, ""sv_l"": 37.585, ""feat_secs"": 0.004818, ""feat_secs_frame"": 7.9e-05, ""feat_secs_hsf"": 0.004694}"
ct,"ct:n=32,L=1,t=8,nn=1",1,"{""n"": 32.0, ""L"": 1.0, ""t"": 8.0, ""nn"": 1.0}",planx,ok,0.000194,0.0043,2211840,0.0,0,0.0,0.0,engine=cstate aborted=[] plan_secs=0.000142,"{""n"": 32, ""gates"": 64, ""g2"": 16, ""g3"": 0, ""depth2"": 1, ""t_count"": 8, ""rotations"": 8, ""d"": 5, ""dense_l"": 6.7004, ""redundant"": 3, ""obs_zero"": true, ""frame_l"": 6.0, ""chi_bits"": 1, ""mps_l"": 7.4594, ""hsf_k"": 0, ""hsf_na"": 16, ""hsf_nb"": 16, ""hsf_l"": 32.0014, ""sup"": 22, ""chi_bits0"": 1, ""mps_l0"": 7.4594, ""hsf_keff"": 0, ""hsf_l0"": 32.0014, ""sparse_l"": 28.0, ""sv_l"": 38.0, ""feat_secs"": 0.004859, ""feat_secs_frame"": 9.3e-05, ""feat_secs_hsf"": 0.004715}"
ct,"ct:n=32,L=1,t=8,nn=1",1,"{""n"": 32.0, ""L"": 1.0, ""t"": 8.0, ""nn"": 1.0}",planp,ok,0.000209,0.0042,2179072,0.0,0,0.0,0.0,engine=cstate aborted=[] plan_secs=0.000159,"{""n"": 32, ""gates"": 64, ""g2"": 16, ""g3"": 0, ""depth2"": 1, ""t_count"": 8, ""rotations"": 8, ""d"": 5, ""dense_l"": 6.7004, ""redundant"": 3, ""obs_zero"": true, ""frame_l"": 6.0, ""chi_bits"": 1, ""mps_l"": 7.4594, ""hsf_k"": 0, ""hsf_na"": 16, ""hsf_nb"": 16, ""hsf_l"": 32.0014, ""sup"": 22, ""chi_bits0"": 1, ""mps_l0"": 7.4594, ""hsf_keff"": 0, ""hsf_l0"": 32.0014, ""sparse_l"": 28.0, ""sv_l"": 38.0, ""feat_secs"": 0.004859, ""feat_secs_frame"": 9.3e-05, ""feat_secs_hsf"": 0.004715}"
ct,"ct:n=32,L=1,t=8,nn=1",1,"{""n"": 32.0, ""L"": 1.0, ""t"": 8.0, ""nn"": 1.0}",plan,ok,0.000147,0.0037,2179072,0.0,0,0.0,0.0,engine=zero aborted=[] plan_secs=0.000139,"{""n"": 32, ""gates"": 64, ""g2"": 16, ""g3"": 0, ""depth2"": 1, ""t_count"": 8, ""rotations"": 8, ""d"": 5, ""dense_l"": 6.7004, ""redundant"": 3, ""obs_zero"": true, ""frame_l"": 6.0, ""chi_bits"": 1, ""mps_l"": 7.4594, ""hsf_k"": 0, ""hsf_na"": 16, ""hsf_nb"": 16, ""hsf_l"": 32.0014, ""sup"": 22, ""chi_bits0"": 1, ""mps_l0"": 7.4594, ""hsf_keff"": 0, ""hsf_l0"": 32.0014, ""sparse_l"": 28.0, ""sv_l"": 38.0, ""feat_secs"": 0.004859, ""feat_secs_frame"": 9.3e-05, ""feat_secs_hsf"": 0.004715}"
ct,"ct:n=32,L=1,t=24,nn=1",1,"{""n"": 32.0, ""L"": 1.0, ""t"": 24.0, ""nn"": 1.0}",planx,ok,0.000483,0.0074,2801664,0.0,0,0.0,0.0,engine=cstate aborted=[] plan_secs=0.000181,"{""n"": 32, ""gates"": 94, ""g2"": 16, ""g3"": 0, ""depth2"": 1, ""t_count"": 24, ""rotations"": 24, ""d"": 14, ""dense_l"": 16.7818, ""redundant"": 10, ""obs_zero"": true, ""frame_l"": 6.5546, ""chi_bits"": 1, ""mps_l"": 7.6865, ""hsf_k"": 0, ""hsf_na"": 16, ""hsf_nb"": 16, ""hsf_l"": 32.0021, ""sup"": 28, ""chi_bits0"": 1, ""mps_l0"": 7.6865, ""hsf_keff"": 0, ""hsf_l0"": 32.0021, ""sparse_l"": 34.5546, ""sv_l"": 38.5546, ""feat_secs"": 0.004955, ""feat_secs_frame"": 0.000119, ""feat_secs_hsf"": 0.004778}"
ct,"ct:n=32,L=1,t=24,nn=1",1,"{""n"": 32.0, ""L"": 1.0, ""t"": 24.0, ""nn"": 1.0}",planp,ok,0.000461,0.0045,2768896,0.0,0,0.0,0.0,engine=cstate aborted=[] plan_secs=0.000160,"{""n"": 32, ""gates"": 94, ""g2"": 16, ""g3"": 0, ""depth2"": 1, ""t_count"": 24, ""rotations"": 24, ""d"": 14, ""dense_l"": 16.7818, ""redundant"": 10, ""obs_zero"": true, ""frame_l"": 6.5546, ""chi_bits"": 1, ""mps_l"": 7.6865, ""hsf_k"": 0, ""hsf_na"": 16, ""hsf_nb"": 16, ""hsf_l"": 32.0021, ""sup"": 28, ""chi_bits0"": 1, ""mps_l0"": 7.6865, ""hsf_keff"": 0, ""hsf_l0"": 32.0021, ""sparse_l"": 34.5546, ""sv_l"": 38.5546, ""feat_secs"": 0.004955, ""feat_secs_frame"": 0.000119, ""feat_secs_hsf"": 0.004778}"
ct,"ct:n=32,L=1,t=24,nn=1",1,"{""n"": 32.0, ""L"": 1.0, ""t"": 24.0, ""nn"": 1.0}",plan,ok,0.000181,0.0045,2195456,0.0,0,0.0,0.0,engine=zero aborted=[] plan_secs=0.000173,"{""n"": 32, ""gates"": 94, ""g2"": 16, ""g3"": 0, ""depth2"": 1, ""t_count"": 24, ""rotations"": 24, ""d"": 14, ""dense_l"": 16.7818, ""redundant"": 10, ""obs_zero"": true, ""frame_l"": 6.5546, ""chi_bits"": 1, ""mps_l"": 7.6865, ""hsf_k"": 0, ""hsf_na"": 16, ""hsf_nb"": 16, ""hsf_l"": 32.0021, ""sup"": 28, ""chi_bits0"": 1, ""mps_l0"": 7.6865, ""hsf_keff"": 0, ""hsf_l0"": 32.0021, ""sparse_l"": 34.5546, ""sv_l"": 38.5546, ""feat_secs"": 0.004955, ""feat_secs_frame"": 0.000119, ""feat_secs_hsf"": 0.004778}"
ct,"ct:n=32,L=1,t=48,nn=1",1,"{""n"": 32.0, ""L"": 1.0, ""t"": 48.0, ""nn"": 1.0}",planx,ok,0.00579,0.0104,2834432,0.0,0,0.0,0.0,engine=mps aborted=[] plan_secs=0.005628,"{""n"": 32, ""gates"": 138, ""g2"": 16, ""g3"": 0, ""depth2"": 1, ""t_count"": 48, ""rotations"": 48, ""d"": 20, ""dense_l"": 22.1252, ""redundant"": 28, ""obs_zero"": true, ""frame_l"": 7.1085, ""chi_bits"": 1, ""mps_l"": 7.9658, ""hsf_k"": 0, ""hsf_na"": 16, ""hsf_nb"": 16, ""hsf_l"": 32.003, ""sup"": 28, ""chi_bits0"": 1, ""mps_l0"": 7.9658, ""hsf_keff"": 0, ""hsf_l0"": 32.003, ""sparse_l"": 35.1085, ""sv_l"": 39.1085, ""feat_secs"": 0.005604, ""feat_secs_frame"": 0.000167, ""feat_secs_hsf"": 0.005359}"
ct,"ct:n=32,L=1,t=48,nn=1",1,"{""n"": 32.0, ""L"": 1.0, ""t"": 48.0, ""nn"": 1.0}",planp,ok,0.005237,0.0103,2867200,0.0,0,0.0,0.0,engine=mps aborted=[] plan_secs=0.005081,"{""n"": 32, ""gates"": 138, ""g2"": 16, ""g3"": 0, ""depth2"": 1, ""t_count"": 48, ""rotations"": 48, ""d"": 20, ""dense_l"": 22.1252, ""redundant"": 28, ""obs_zero"": true, ""frame_l"": 7.1085, ""chi_bits"": 1, ""mps_l"": 7.9658, ""hsf_k"": 0, ""hsf_na"": 16, ""hsf_nb"": 16, ""hsf_l"": 32.003, ""sup"": 28, ""chi_bits0"": 1, ""mps_l0"": 7.9658, ""hsf_keff"": 0, ""hsf_l0"": 32.003, ""sparse_l"": 35.1085, ""sv_l"": 39.1085, ""feat_secs"": 0.005604, ""feat_secs_frame"": 0.000167, ""feat_secs_hsf"": 0.005359}"
ct,"ct:n=32,L=1,t=48,nn=1",1,"{""n"": 32.0, ""L"": 1.0, ""t"": 48.0, ""nn"": 1.0}",plan,ok,0.005082,0.0095,2490368,0.0,0,0.0,0.0,engine=zero aborted=[] plan_secs=0.005075,"{""n"": 32, ""gates"": 138, ""g2"": 16, ""g3"": 0, ""depth2"": 1, ""t_count"": 48, ""rotations"": 48, ""d"": 20, ""dense_l"": 22.1252, ""redundant"": 28, ""obs_zero"": true, ""frame_l"": 7.1085, ""chi_bits"": 1, ""mps_l"": 7.9658, ""hsf_k"": 0, ""hsf_na"": 16, ""hsf_nb"": 16, ""hsf_l"": 32.003, ""sup"": 28, ""chi_bits0"": 1, ""mps_l0"": 7.9658, ""hsf_keff"": 0, ""hsf_l0"": 32.003, ""sparse_l"": 35.1085, ""sv_l"": 39.1085, ""feat_secs"": 0.005604, ""feat_secs_frame"": 0.000167, ""feat_secs_hsf"": 0.005359}"
ct,"ct:n=32,L=2,t=0,nn=1",1,"{""n"": 32.0, ""L"": 2.0, ""t"": 0.0, ""nn"": 1.0}",planx,ok,8.3e-05,0.0060,2146304,-0.0,0,-0.0,0.0,engine=tableau aborted=[] plan_secs=0.000000,"{""n"": 32, ""gates"": 97, ""g2"": 31, ""g3"": 0, ""depth2"": 2, ""t_count"": 0, ""rotations"": 0, ""d"": 0, ""dense_l"": 0.0, ""redundant"": 0, ""obs_zero"": true, ""frame_l"": 6.5999, ""chi_bits"": 1, ""mps_l"": 8.7004, ""hsf_k"": 1, ""hsf_na"": 16, ""hsf_nb"": 16, ""hsf_l"": 33.0021, ""sup"": 28, ""chi_bits0"": 1, ""mps_l0"": 8.7004, ""hsf_keff"": 1, ""hsf_l0"": 33.0021, ""sparse_l"": 34.5999, ""sv_l"": 38.5999, ""feat_secs"": 0.012094, ""feat_secs_frame"": 0.000136, ""feat_secs_hsf"": 0.011903}"
ct,"ct:n=32,L=2,t=0,nn=1",1,"{""n"": 32.0, ""L"": 2.0, ""t"": 0.0, ""nn"": 1.0}",planp,ok,7e-05,0.0045,2146304,-0.0,0,-0.0,0.0,engine=tableau aborted=[] plan_secs=0.000000,"{""n"": 32, ""gates"": 97, ""g2"": 31, ""g3"": 0, ""depth2"": 2, ""t_count"": 0, ""rotations"": 0, ""d"": 0, ""dense_l"": 0.0, ""redundant"": 0, ""obs_zero"": true, ""frame_l"": 6.5999, ""chi_bits"": 1, ""mps_l"": 8.7004, ""hsf_k"": 1, ""hsf_na"": 16, ""hsf_nb"": 16, ""hsf_l"": 33.0021, ""sup"": 28, ""chi_bits0"": 1, ""mps_l0"": 8.7004, ""hsf_keff"": 1, ""hsf_l0"": 33.0021, ""sparse_l"": 34.5999, ""sv_l"": 38.5999, ""feat_secs"": 0.012094, ""feat_secs_frame"": 0.000136, ""feat_secs_hsf"": 0.011903}"
ct,"ct:n=32,L=2,t=0,nn=1",1,"{""n"": 32.0, ""L"": 2.0, ""t"": 0.0, ""nn"": 1.0}",plan,ok,0.000199,0.0045,2179072,0.0,0,-0.0,0.0,engine=zero aborted=[] plan_secs=0.000190,"{""n"": 32, ""gates"": 97, ""g2"": 31, ""g3"": 0, ""depth2"": 2, ""t_count"": 0, ""rotations"": 0, ""d"": 0, ""dense_l"": 0.0, ""redundant"": 0, ""obs_zero"": true, ""frame_l"": 6.5999, ""chi_bits"": 1, ""mps_l"": 8.7004, ""hsf_k"": 1, ""hsf_na"": 16, ""hsf_nb"": 16, ""hsf_l"": 33.0021, ""sup"": 28, ""chi_bits0"": 1, ""mps_l0"": 8.7004, ""hsf_keff"": 1, ""hsf_l0"": 33.0021, ""sparse_l"": 34.5999, ""sv_l"": 38.5999, ""feat_secs"": 0.012094, ""feat_secs_frame"": 0.000136, ""feat_secs_hsf"": 0.011903}"
ct,"ct:n=32,L=2,t=8,nn=1",1,"{""n"": 32.0, ""L"": 2.0, ""t"": 8.0, ""nn"": 1.0}",planx,ok,0.000271,0.0070,2228224,0.0,0,0.0,0.0,engine=cstate aborted=[] plan_secs=0.000197,"{""n"": 32, ""gates"": 110, ""g2"": 31, ""g3"": 0, ""depth2"": 2, ""t_count"": 8, ""rotations"": 8, ""d"": 4, ""dense_l"": 5.9773, ""redundant"": 4, ""obs_zero"": true, ""frame_l"": 6.7814, ""chi_bits"": 1, ""mps_l"": 8.7944, ""hsf_k"": 1, ""hsf_na"": 16, ""hsf_nb"": 16, ""hsf_l"": 33.0024, ""sup"": 28, ""chi_bits0"": 1, ""mps_l0"": 8.7944, ""hsf_keff"": 1, ""hsf_l0"": 33.0024, ""sparse_l"": 34.7814, ""sv_l"": 38.7814, ""feat_secs"": 0.012099, ""feat_secs_frame"": 0.000142, ""feat_secs_hsf"": 0.0119}"
ct,"ct:n=32,L=2,t=8,nn=1",1,"{""n"": 32.0, ""L"": 2.0, ""t"": 8.0, ""nn"": 1.0}",planp,ok,0.00032,0.0044,2228224,0.0,0,0.0,0.0,engine=cstate aborted=[] plan_secs=0.000249,"{""n"": 32, ""gates"": 110, ""g2"": 31, ""g3"": 0, ""depth2"": 2, ""t_count"": 8, ""rotations"": 8, ""d"": 4, ""dense_l"": 5.9773, ""redundant"": 4, ""obs_zero"": true, ""frame_l"": 6.7814, ""chi_bits"": 1, ""mps_l"": 8.7944, ""hsf_k"": 1, ""hsf_na"": 16, ""hsf_nb"": 16, ""hsf_l"": 33.0024, ""sup"": 28, ""chi_bits0"": 1, ""mps_l0"": 8.7944, ""hsf_keff"": 1, ""hsf_l0"": 33.0024, ""sparse_l"": 34.7814, ""sv_l"": 38.7814, ""feat_secs"": 0.012099, ""feat_secs_frame"": 0.000142, ""feat_secs_hsf"": 0.0119}"
ct,"ct:n=32,L=2,t=8,nn=1",1,"{""n"": 32.0, ""L"": 2.0, ""t"": 8.0, ""nn"": 1.0}",plan,ok,0.000191,0.0042,2162688,0.0,0,0.0,0.0,engine=zero aborted=[] plan_secs=0.000185,"{""n"": 32, ""gates"": 110, ""g2"": 31, ""g3"": 0, ""depth2"": 2, ""t_count"": 8, ""rotations"": 8, ""d"": 4, ""dense_l"": 5.9773, ""redundant"": 4, ""obs_zero"": true, ""frame_l"": 6.7814, ""chi_bits"": 1, ""mps_l"": 8.7944, ""hsf_k"": 1, ""hsf_na"": 16, ""hsf_nb"": 16, ""hsf_l"": 33.0024, ""sup"": 28, ""chi_bits0"": 1, ""mps_l0"": 8.7944, ""hsf_keff"": 1, ""hsf_l0"": 33.0024, ""sparse_l"": 34.7814, ""sv_l"": 38.7814, ""feat_secs"": 0.012099, ""feat_secs_frame"": 0.000142, ""feat_secs_hsf"": 0.0119}"
ct,"ct:n=32,L=2,t=24,nn=1",1,"{""n"": 32.0, ""L"": 2.0, ""t"": 24.0, ""nn"": 1.0}",planx,ok,0.000699,0.0076,3129344,0.0,0,0.0,0.0,engine=cstate aborted=[] plan_secs=0.000232,"{""n"": 32, ""gates"": 142, ""g2"": 31, ""g3"": 0, ""depth2"": 2, ""t_count"": 24, ""rotations"": 24, ""d"": 15, ""dense_l"": 16.8659, ""redundant"": 9, ""obs_zero"": true, ""frame_l"": 7.1497, ""chi_bits"": 1, ""mps_l"": 9.0661, ""hsf_k"": 1, ""hsf_na"": 16, ""hsf_nb"": 16, ""hsf_l"": 33.0031, ""sup"": 32, ""chi_bits0"": 1, ""mps_l0"": 9.0661, ""hsf_keff"": 1, ""hsf_l0"": 33.0031, ""sparse_l"": 39.1497, ""sv_l"": 39.1497, ""feat_secs"": 0.011803, ""feat_secs_frame"": 0.000162, ""feat_secs_hsf"": 0.011569}"
ct,"ct:n=32,L=2,t=24,nn=1",1,"{""n"": 32.0, ""L"": 2.0, ""t"": 24.0, ""nn"": 1.0}",planp,ok,0.000649,0.0077,3129344,0.0,0,0.0,0.0,engine=cstate aborted=[] plan_secs=0.000237,"{""n"": 32, ""gates"": 142, ""g2"": 31, ""g3"": 0, ""depth2"": 2, ""t_count"": 24, ""rotations"": 24, ""d"": 15, ""dense_l"": 16.8659, ""redundant"": 9, ""obs_zero"": true, ""frame_l"": 7.1497, ""chi_bits"": 1, ""mps_l"": 9.0661, ""hsf_k"": 1, ""hsf_na"": 16, ""hsf_nb"": 16, ""hsf_l"": 33.0031, ""sup"": 32, ""chi_bits0"": 1, ""mps_l0"": 9.0661, ""hsf_keff"": 1, ""hsf_l0"": 33.0031, ""sparse_l"": 39.1497, ""sv_l"": 39.1497, ""feat_secs"": 0.011803, ""feat_secs_frame"": 0.000162, ""feat_secs_hsf"": 0.011569}"
ct,"ct:n=32,L=2,t=24,nn=1",1,"{""n"": 32.0, ""L"": 2.0, ""t"": 24.0, ""nn"": 1.0}",plan,ok,0.000243,0.0045,2195456,0.0,0,0.0,0.0,engine=zero aborted=[] plan_secs=0.000234,"{""n"": 32, ""gates"": 142, ""g2"": 31, ""g3"": 0, ""depth2"": 2, ""t_count"": 24, ""rotations"": 24, ""d"": 15, ""dense_l"": 16.8659, ""redundant"": 9, ""obs_zero"": true, ""frame_l"": 7.1497, ""chi_bits"": 1, ""mps_l"": 9.0661, ""hsf_k"": 1, ""hsf_na"": 16, ""hsf_nb"": 16, ""hsf_l"": 33.0031, ""sup"": 32, ""chi_bits0"": 1, ""mps_l0"": 9.0661, ""hsf_keff"": 1, ""hsf_l0"": 33.0031, ""sparse_l"": 39.1497, ""sv_l"": 39.1497, ""feat_secs"": 0.011803, ""feat_secs_frame"": 0.000162, ""feat_secs_hsf"": 0.011569}"
ct,"ct:n=32,L=2,t=48,nn=1",1,"{""n"": 32.0, ""L"": 2.0, ""t"": 48.0, ""nn"": 1.0}",planx,ok,0.012351,0.0188,3031040,0.0,0,0.0,0.0,engine=mps aborted=[] plan_secs=0.012103,"{""n"": 32, ""gates"": 185, ""g2"": 31, ""g3"": 0, ""depth2"": 2, ""t_count"": 48, ""rotations"": 48, ""d"": 20, ""dense_l"": 23.2499, ""redundant"": 28, ""obs_zero"": true, ""frame_l"": 7.5314, ""chi_bits"": 1, ""mps_l"": 9.3663, ""hsf_k"": 1, ""hsf_na"": 16, ""hsf_nb"": 16, ""hsf_l"": 33.0041, ""sup"": 32, ""chi_bits0"": 1, ""mps_l0"": 9.3663, ""hsf_keff"": 1, ""hsf_l0"": 33.0041, ""sparse_l"": 39.5314, ""sv_l"": 39.5314, ""feat_secs"": 0.012262, ""feat_secs_frame"": 0.000186, ""feat_secs_hsf"": 0.011988}"
ct,"ct:n=32,L=2,t=48,nn=1",1,"{""n"": 32.0, ""L"": 2.0, ""t"": 48.0, ""nn"": 1.0}",planp,ok,0.012177,0.0180,3063808,0.0,0,0.0,0.0,engine=mps aborted=[] plan_secs=0.011928,"{""n"": 32, ""gates"": 185, ""g2"": 31, ""g3"": 0, ""depth2"": 2, ""t_count"": 48, ""rotations"": 48, ""d"": 20, ""dense_l"": 23.2499, ""redundant"": 28, ""obs_zero"": true, ""frame_l"": 7.5314, ""chi_bits"": 1, ""mps_l"": 9.3663, ""hsf_k"": 1, ""hsf_na"": 16, ""hsf_nb"": 16, ""hsf_l"": 33.0041, ""sup"": 32, ""chi_bits0"": 1, ""mps_l0"": 9.3663, ""hsf_keff"": 1, ""hsf_l0"": 33.0041, ""sparse_l"": 39.5314, ""sv_l"": 39.5314, ""feat_secs"": 0.012262, ""feat_secs_frame"": 0.000186, ""feat_secs_hsf"": 0.011988}"
ct,"ct:n=32,L=2,t=48,nn=1",1,"{""n"": 32.0, ""L"": 2.0, ""t"": 48.0, ""nn"": 1.0}",plan,ok,0.012703,0.0187,2490368,0.0,0,0.0,0.0,engine=zero aborted=[] plan_secs=0.012694,"{""n"": 32, ""gates"": 185, ""g2"": 31, ""g3"": 0, ""depth2"": 2, ""t_count"": 48, ""rotations"": 48, ""d"": 20, ""dense_l"": 23.2499, ""redundant"": 28, ""obs_zero"": true, ""frame_l"": 7.5314, ""chi_bits"": 1, ""mps_l"": 9.3663, ""hsf_k"": 1, ""hsf_na"": 16, ""hsf_nb"": 16, ""hsf_l"": 33.0041, ""sup"": 32, ""chi_bits0"": 1, ""mps_l0"": 9.3663, ""hsf_keff"": 1, ""hsf_l0"": 33.0041, ""sparse_l"": 39.5314, ""sv_l"": 39.5314, ""feat_secs"": 0.012262, ""feat_secs_frame"": 0.000186, ""feat_secs_hsf"": 0.011988}"
ct,"ct:n=32,L=4,t=0,nn=1",1,"{""n"": 32.0, ""L"": 4.0, ""t"": 0.0, ""nn"": 1.0}",planx,ok,8.1e-05,0.0046,2195456,-0.0,0,-0.0,0.0,engine=tableau aborted=[] plan_secs=0.000000,"{""n"": 32, ""gates"": 196, ""g2"": 62, ""g3"": 0, ""depth2"": 4, ""t_count"": 0, ""rotations"": 0, ""d"": 0, ""dense_l"": 0.0, ""redundant"": 0, ""obs_zero"": true, ""frame_l"": 7.6147, ""chi_bits"": 2, ""mps_l"": 11.5118, ""hsf_k"": 2, ""hsf_na"": 16, ""hsf_nb"": 16, ""hsf_l"": 34.0043, ""sup"": 32, ""chi_bits0"": 2, ""mps_l0"": 11.5118, ""hsf_keff"": 2, ""hsf_l0"": 34.0043, ""sparse_l"": 39.6147, ""sv_l"": 39.6147, ""feat_secs"": 0.011897, ""feat_secs_frame"": 0.000207, ""feat_secs_hsf"": 0.011596}"
ct,"ct:n=32,L=4,t=0,nn=1",1,"{""n"": 32.0, ""L"": 4.0, ""t"": 0.0, ""nn"": 1.0}",planp,ok,7.5e-05,0.0064,2195456,-0.0,0,-0.0,0.0,engine=tableau aborted=[] plan_secs=0.000000,"{""n"": 32, ""gates"": 196, ""g2"": 62, ""g3"": 0, ""depth2"": 4, ""t_count"": 0, ""rotations"": 0, ""d"": 0, ""dense_l"": 0.0, ""redundant"": 0, ""obs_zero"": true, ""frame_l"": 7.6147, ""chi_bits"": 2, ""mps_l"": 11.5118, ""hsf_k"": 2, ""hsf_na"": 16, ""hsf_nb"": 16, ""hsf_l"": 34.0043, ""sup"": 32, ""chi_bits0"": 2, ""mps_l0"": 11.5118, ""hsf_keff"": 2, ""hsf_l0"": 34.0043, ""sparse_l"": 39.6147, ""sv_l"": 39.6147, ""feat_secs"": 0.011897, ""feat_secs_frame"": 0.000207, ""feat_secs_hsf"": 0.011596}"
ct,"ct:n=32,L=4,t=0,nn=1",1,"{""n"": 32.0, ""L"": 4.0, ""t"": 0.0, ""nn"": 1.0}",plan,ok,0.000316,0.0045,2211840,0.0,0,-0.0,0.0,engine=zero aborted=[] plan_secs=0.000308,"{""n"": 32, ""gates"": 196, ""g2"": 62, ""g3"": 0, ""depth2"": 4, ""t_count"": 0, ""rotations"": 0, ""d"": 0, ""dense_l"": 0.0, ""redundant"": 0, ""obs_zero"": true, ""frame_l"": 7.6147, ""chi_bits"": 2, ""mps_l"": 11.5118, ""hsf_k"": 2, ""hsf_na"": 16, ""hsf_nb"": 16, ""hsf_l"": 34.0043, ""sup"": 32, ""chi_bits0"": 2, ""mps_l0"": 11.5118, ""hsf_keff"": 2, ""hsf_l0"": 34.0043, ""sparse_l"": 39.6147, ""sv_l"": 39.6147, ""feat_secs"": 0.011897, ""feat_secs_frame"": 0.000207, ""feat_secs_hsf"": 0.011596}"
ct,"ct:n=32,L=4,t=8,nn=1",1,"{""n"": 32.0, ""L"": 4.0, ""t"": 8.0, ""nn"": 1.0}",planx,ok,0.000434,0.0046,2277376,0.0,0,0.0,0.0,engine=cstate aborted=[] plan_secs=0.000320,"{""n"": 32, ""gates"": 206, ""g2"": 62, ""g3"": 0, ""depth2"": 4, ""t_count"": 8, ""rotations"": 8, ""d"": 6, ""dense_l"": 7.9887, ""redundant"": 2, ""obs_zero"": true, ""frame_l"": 7.6865, ""chi_bits"": 2, ""mps_l"": 11.5255, ""hsf_k"": 2, ""hsf_na"": 16, ""hsf_nb"": 16, ""hsf_l"": 34.0045, ""sup"": 32, ""chi_bits0"": 2, ""mps_l0"": 11.5255, ""hsf_keff"": 2, ""hsf_l0"": 34.0045, ""sparse_l"": 39.6865, ""sv_l"": 39.6865, ""feat_secs"": 0.012071, ""feat_secs_frame"": 0.000215, ""feat_secs_hsf"": 0.011758}"
ct,"ct:n=32,L=4,t=8,nn=1",1,"{""n"": 32.0, ""L"": 4.0, ""t"": 8.0, ""nn"": 1.0}",planp,ok,0.000431,0.0044,2277376,0.0,0,0.0,0.0,engine=cstate aborted=[] plan_secs=0.000318,"{""n"": 32, ""gates"": 206, ""g2"": 62, ""g3"": 0, ""depth2"": 4, ""t_count"": 8, ""rotations"": 8, ""d"": 6, ""dense_l"": 7.9887, ""redundant"": 2, ""obs_zero"": true, ""frame_l"": 7.6865, ""chi_bits"": 2, ""mps_l"": 11.5255, ""hsf_k"": 2, ""hsf_na"": 16, ""hsf_nb"": 16, ""hsf_l"": 34.0045, ""sup"": 32, ""chi_bits0"": 2, ""mps_l0"": 11.5255, ""hsf_keff"": 2, ""hsf_l0"": 34.0045, ""sparse_l"": 39.6865, ""sv_l"": 39.6865, ""feat_secs"": 0.012071, ""feat_secs_frame"": 0.000215, ""feat_secs_hsf"": 0.011758}"
ct,"ct:n=32,L=4,t=8,nn=1",1,"{""n"": 32.0, ""L"": 4.0, ""t"": 8.0, ""nn"": 1.0}",plan,ok,0.000347,0.0044,2244608,0.0,0,0.0,0.0,engine=zero aborted=[] plan_secs=0.000339,"{""n"": 32, ""gates"": 206, ""g2"": 62, ""g3"": 0, ""depth2"": 4, ""t_count"": 8, ""rotations"": 8, ""d"": 6, ""dense_l"": 7.9887, ""redundant"": 2, ""obs_zero"": true, ""frame_l"": 7.6865, ""chi_bits"": 2, ""mps_l"": 11.5255, ""hsf_k"": 2, ""hsf_na"": 16, ""hsf_nb"": 16, ""hsf_l"": 34.0045, ""sup"": 32, ""chi_bits0"": 2, ""mps_l0"": 11.5255, ""hsf_keff"": 2, ""hsf_l0"": 34.0045, ""sparse_l"": 39.6865, ""sv_l"": 39.6865, ""feat_secs"": 0.012071, ""feat_secs_frame"": 0.000215, ""feat_secs_hsf"": 0.011758}"
ct,"ct:n=32,L=4,t=24,nn=1",1,"{""n"": 32.0, ""L"": 4.0, ""t"": 24.0, ""nn"": 1.0}",planx,ok,0.000551,0.0071,2408448,0.0,0,0.0,0.0,engine=cstate aborted=[] plan_secs=0.000385,"{""n"": 32, ""gates"": 240, ""g2"": 62, ""g3"": 0, ""depth2"": 4, ""t_count"": 24, ""rotations"": 24, ""d"": 13, ""dense_l"": 14.6032, ""redundant"": 11, ""obs_zero"": true, ""frame_l"": 7.9069, ""chi_bits"": 2, ""mps_l"": 11.6348, ""hsf_k"": 2, ""hsf_na"": 16, ""hsf_nb"": 16, ""hsf_l"": 33.0053, ""sup"": 32, ""chi_bits0"": 2, ""mps_l0"": 11.6348, ""hsf_keff"": 1, ""hsf_l0"": 34.0053, ""sparse_l"": 39.9069, ""sv_l"": 39.9069, ""feat_secs"": 0.011927, ""feat_secs_frame"": 0.000243, ""feat_secs_hsf"": 0.011557}"
ct,"ct:n=32,L=4,t=24,nn=1",1,"{""n"": 32.0, ""L"": 4.0, ""t"": 24.0, ""nn"": 1.0}",planp,ok,0.00053,0.0071,2424832,0.0,0,0.0,0.0,engine=cstate aborted=[] plan_secs=0.000362,"{""n"": 32, ""gates"": 240, ""g2"": 62, ""g3"": 0, ""depth2"": 4, ""t_count"": 24, ""rotations"": 24, ""d"": 13, ""dense_l"": 14.6032, ""redundant"": 11, ""obs_zero"": true, ""frame_l"": 7.9069, ""chi_bits"": 2, ""mps_l"": 11.6348, ""hsf_k"": 2, ""hsf_na"": 16, ""hsf_nb"": 16, ""hsf_l"": 33.0053, ""sup"": 32, ""chi_bits0"": 2, ""mps_l0"": 11.6348, ""hsf_keff"": 1, ""hsf_l0"": 34.0053, ""sparse_l"": 39.9069, ""sv_l"": 39.9069, ""feat_secs"": 0.011927, ""feat_secs_frame"": 0.000243, ""feat_secs_hsf"": 0.011557}"
ct,"ct:n=32,L=4,t=24,nn=1",1,"{""n"": 32.0, ""L"": 4.0, ""t"": 24.0, ""nn"": 1.0}",plan,ok,0.000343,0.0045,2211840,0.0,0,0.0,0.0,engine=zero aborted=[] plan_secs=0.000335,"{""n"": 32, ""gates"": 240, ""g2"": 62, ""g3"": 0, ""depth2"": 4, ""t_count"": 24, ""rotations"": 24, ""d"": 13, ""dense_l"": 14.6032, ""redundant"": 11, ""obs_zero"": true, ""frame_l"": 7.9069, ""chi_bits"": 2, ""mps_l"": 11.6348, ""hsf_k"": 2, ""hsf_na"": 16, ""hsf_nb"": 16, ""hsf_l"": 33.0053, ""sup"": 32, ""chi_bits0"": 2, ""mps_l0"": 11.6348, ""hsf_keff"": 1, ""hsf_l0"": 34.0053, ""sparse_l"": 39.9069, ""sv_l"": 39.9069, ""feat_secs"": 0.011927, ""feat_secs_frame"": 0.000243, ""feat_secs_hsf"": 0.011557}"
ct,"ct:n=32,L=4,t=48,nn=1",1,"{""n"": 32.0, ""L"": 4.0, ""t"": 48.0, ""nn"": 1.0}",planx,ok,0.013122,0.0187,3112960,3.03868658289694e-126,0,3.03868658289694e-126,0.0,engine=mps aborted=[] plan_secs=0.012690,"{""n"": 32, ""gates"": 281, ""g2"": 62, ""g3"": 0, ""depth2"": 4, ""t_count"": 48, ""rotations"": 48, ""d"": 24, ""dense_l"": 25.6942, ""redundant"": 24, ""obs_zero"": true, ""frame_l"": 8.1344, ""chi_bits"": 2, ""mps_l"": 11.7202, ""hsf_k"": 2, ""hsf_na"": 16, ""hsf_nb"": 16, ""hsf_l"": 34.0062, ""sup"": 32, ""chi_bits0"": 2, ""mps_l0"": 11.7202, ""hsf_keff"": 2, ""hsf_l0"": 34.0062, ""sparse_l"": 40.1344, ""sv_l"": 40.1344, ""feat_secs"": 0.012363, ""feat_secs_frame"": 0.000267, ""feat_secs_hsf"": 0.011974}"
ct,"ct:n=32,L=4,t=48,nn=1",1,"{""n"": 32.0, ""L"": 4.0, ""t"": 48.0, ""nn"": 1.0}",planp,ok,0.012723,0.0184,3129344,3.03868658289694e-126,0,3.03868658289694e-126,0.0,engine=mps aborted=[] plan_secs=0.012267,"{""n"": 32, ""gates"": 281, ""g2"": 62, ""g3"": 0, ""depth2"": 4, ""t_count"": 48, ""rotations"": 48, ""d"": 24, ""dense_l"": 25.6942, ""redundant"": 24, ""obs_zero"": true, ""frame_l"": 8.1344, ""chi_bits"": 2, ""mps_l"": 11.7202, ""hsf_k"": 2, ""hsf_na"": 16, ""hsf_nb"": 16, ""hsf_l"": 34.0062, ""sup"": 32, ""chi_bits0"": 2, ""mps_l0"": 11.7202, ""hsf_keff"": 2, ""hsf_l0"": 34.0062, ""sparse_l"": 40.1344, ""sv_l"": 40.1344, ""feat_secs"": 0.012363, ""feat_secs_frame"": 0.000267, ""feat_secs_hsf"": 0.011974}"
ct,"ct:n=32,L=4,t=48,nn=1",1,"{""n"": 32.0, ""L"": 4.0, ""t"": 48.0, ""nn"": 1.0}",plan,ok,0.012514,0.0181,2572288,0.0,0,3.03868658289694e-126,3.03868658289694e-126,engine=zero aborted=[] plan_secs=0.012501,"{""n"": 32, ""gates"": 281, ""g2"": 62, ""g3"": 0, ""depth2"": 4, ""t_count"": 48, ""rotations"": 48, ""d"": 24, ""dense_l"": 25.6942, ""redundant"": 24, ""obs_zero"": true, ""frame_l"": 8.1344, ""chi_bits"": 2, ""mps_l"": 11.7202, ""hsf_k"": 2, ""hsf_na"": 16, ""hsf_nb"": 16, ""hsf_l"": 34.0062, ""sup"": 32, ""chi_bits0"": 2, ""mps_l0"": 11.7202, ""hsf_keff"": 2, ""hsf_l0"": 34.0062, ""sparse_l"": 40.1344, ""sv_l"": 40.1344, ""feat_secs"": 0.012363, ""feat_secs_frame"": 0.000267, ""feat_secs_hsf"": 0.011974}"
ct,"ct:n=32,L=8,t=0,nn=1",1,"{""n"": 32.0, ""L"": 8.0, ""t"": 0.0, ""nn"": 1.0}",planx,ok,0.0001,0.0072,2260992,-0.0,0,-0.0,0.0,engine=tableau aborted=[] plan_secs=0.000000,"{""n"": 32, ""gates"": 377, ""g2"": 124, ""g3"": 0, ""depth2"": 8, ""t_count"": 0, ""rotations"": 0, ""d"": 0, ""dense_l"": 0.0, ""redundant"": 0, ""obs_zero"": true, ""frame_l"": 8.5584, ""chi_bits"": 4, ""mps_l"": 17.0008, ""hsf_k"": 4, ""hsf_na"": 16, ""hsf_nb"": 16, ""hsf_l"": 35.0083, ""sup"": 32, ""chi_bits0"": 4, ""mps_l0"": 17.0008, ""hsf_keff"": 3, ""hsf_l0"": 36.0083, ""sparse_l"": 40.5584, ""sv_l"": 40.5584, ""feat_secs"": 0.012312, ""feat_secs_frame"": 0.000376, ""feat_secs_hsf"": 0.011781}"
ct,"ct:n=32,L=8,t=0,nn=1",1,"{""n"": 32.0, ""L"": 8.0, ""t"": 0.0, ""nn"": 1.0}",planp,ok,9e-05,0.0061,2260992,-0.0,0,-0.0,0.0,engine=tableau aborted=[] plan_secs=0.000001,"{""n"": 32, ""gates"": 377, ""g2"": 124, ""g3"": 0, ""depth2"": 8, ""t_count"": 0, ""rotations"": 0, ""d"": 0, ""dense_l"": 0.0, ""redundant"": 0, ""obs_zero"": true, ""frame_l"": 8.5584, ""chi_bits"": 4, ""mps_l"": 17.0008, ""hsf_k"": 4, ""hsf_na"": 16, ""hsf_nb"": 16, ""hsf_l"": 35.0083, ""sup"": 32, ""chi_bits0"": 4, ""mps_l0"": 17.0008, ""hsf_keff"": 3, ""hsf_l0"": 36.0083, ""sparse_l"": 40.5584, ""sv_l"": 40.5584, ""feat_secs"": 0.012312, ""feat_secs_frame"": 0.000376, ""feat_secs_hsf"": 0.011781}"
ct,"ct:n=32,L=8,t=0,nn=1",1,"{""n"": 32.0, ""L"": 8.0, ""t"": 0.0, ""nn"": 1.0}",plan,ok,0.000551,0.0044,2342912,0.0,0,-0.0,0.0,engine=zero aborted=[] plan_secs=0.000544,"{""n"": 32, ""gates"": 377, ""g2"": 124, ""g3"": 0, ""depth2"": 8, ""t_count"": 0, ""rotations"": 0, ""d"": 0, ""dense_l"": 0.0, ""redundant"": 0, ""obs_zero"": true, ""frame_l"": 8.5584, ""chi_bits"": 4, ""mps_l"": 17.0008, ""hsf_k"": 4, ""hsf_na"": 16, ""hsf_nb"": 16, ""hsf_l"": 35.0083, ""sup"": 32, ""chi_bits0"": 4, ""mps_l0"": 17.0008, ""hsf_keff"": 3, ""hsf_l0"": 36.0083, ""sparse_l"": 40.5584, ""sv_l"": 40.5584, ""feat_secs"": 0.012312, ""feat_secs_frame"": 0.000376, ""feat_secs_hsf"": 0.011781}"
ct,"ct:n=32,L=8,t=8,nn=1",1,"{""n"": 32.0, ""L"": 8.0, ""t"": 8.0, ""nn"": 1.0}",planx,ok,0.000773,0.0077,2310144,0.0,0,0.0,0.0,engine=cstate aborted=[] plan_secs=0.000567,"{""n"": 32, ""gates"": 380, ""g2"": 124, ""g3"": 0, ""depth2"": 8, ""t_count"": 8, ""rotations"": 8, ""d"": 8, ""dense_l"": 8.9944, ""redundant"": 0, ""obs_zero"": true, ""frame_l"": 8.5699, ""chi_bits"": 4, ""mps_l"": 16.9943, ""hsf_k"": 4, ""hsf_na"": 16, ""hsf_nb"": 16, ""hsf_l"": 36.0083, ""sup"": 32, ""chi_bits0"": 4, ""mps_l0"": 16.9943, ""hsf_keff"": 4, ""hsf_l0"": 36.0083, ""sparse_l"": 40.5699, ""sv_l"": 40.5699, ""feat_secs"": 0.012142, ""feat_secs_frame"": 0.00037, ""feat_secs_hsf"": 0.011615}"
ct,"ct:n=32,L=8,t=8,nn=1",1,"{""n"": 32.0, ""L"": 8.0, ""t"": 8.0, ""nn"": 1.0}",planp,ok,0.000762,0.0071,2408448,0.0,0,0.0,0.0,engine=cstate aborted=[] plan_secs=0.000565,"{""n"": 32, ""gates"": 380, ""g2"": 124, ""g3"": 0, ""depth2"": 8, ""t_count"": 8, ""rotations"": 8, ""d"": 8, ""dense_l"": 8.9944, ""redundant"": 0, ""obs_zero"": true, ""frame_l"": 8.5699, ""chi_bits"": 4, ""mps_l"": 16.9943, ""hsf_k"": 4, ""hsf_na"": 16, ""hsf_nb"": 16, ""hsf_l"": 36.0083, ""sup"": 32, ""chi_bits0"": 4, ""mps_l0"": 16.9943, ""hsf_keff"": 4, ""hsf_l0"": 36.0083, ""sparse_l"": 40.5699, ""sv_l"": 40.5699, ""feat_secs"": 0.012142, ""feat_secs_frame"": 0.00037, ""feat_secs_hsf"": 0.011615}"
ct,"ct:n=32,L=8,t=8,nn=1",1,"{""n"": 32.0, ""L"": 8.0, ""t"": 8.0, ""nn"": 1.0}",plan,ok,0.000674,0.0073,2359296,0.0,0,0.0,0.0,engine=zero aborted=[] plan_secs=0.000665,"{""n"": 32, ""gates"": 380, ""g2"": 124, ""g3"": 0, ""depth2"": 8, ""t_count"": 8, ""rotations"": 8, ""d"": 8, ""dense_l"": 8.9944, ""redundant"": 0, ""obs_zero"": true, ""frame_l"": 8.5699, ""chi_bits"": 4, ""mps_l"": 16.9943, ""hsf_k"": 4, ""hsf_na"": 16, ""hsf_nb"": 16, ""hsf_l"": 36.0083, ""sup"": 32, ""chi_bits0"": 4, ""mps_l0"": 16.9943, ""hsf_keff"": 4, ""hsf_l0"": 36.0083, ""sparse_l"": 40.5699, ""sv_l"": 40.5699, ""feat_secs"": 0.012142, ""feat_secs_frame"": 0.00037, ""feat_secs_hsf"": 0.011615}"
ct,"ct:n=32,L=8,t=24,nn=1",1,"{""n"": 32.0, ""L"": 8.0, ""t"": 24.0, ""nn"": 1.0}",planx,ok,0.002109,0.0074,3325952,-7.712478770858354e-80,0,-7.712478770858354e-80,0.0,engine=mps aborted=[] plan_secs=0.001050,"{""n"": 32, ""gates"": 417, ""g2"": 124, ""g3"": 0, ""depth2"": 8, ""t_count"": 24, ""rotations"": 24, ""d"": 20, ""dense_l"": 21.0224, ""redundant"": 4, ""obs_zero"": true, ""frame_l"": 8.7039, ""chi_bits"": 4, ""mps_l"": 17.0021, ""hsf_k"": 4, ""hsf_na"": 16, ""hsf_nb"": 16, ""hsf_l"": 34.0092, ""sup"": 32, ""chi_bits0"": 4, ""mps_l0"": 17.0021, ""hsf_keff"": 2, ""hsf_l0"": 36.0092, ""sparse_l"": 40.7039, ""sv_l"": 40.7039, ""feat_secs"": 0.012858, ""feat_secs_frame"": 0.000404, ""feat_secs_hsf"": 0.012286}"
ct,"ct:n=32,L=8,t=24,nn=1",1,"{""n"": 32.0, ""L"": 8.0, ""t"": 24.0, ""nn"": 1.0}",planp,ok,0.002134,0.0069,3473408,-7.712478770858354e-80,0,-7.712478770858354e-80,0.0,engine=mps aborted=[] plan_secs=0.001049,"{""n"": 32, ""gates"": 417, ""g2"": 124, ""g3"": 0, ""depth2"": 8, ""t_count"": 24, ""rotations"": 24, ""d"": 20, ""dense_l"": 21.0224, ""redundant"": 4, ""obs_zero"": true, ""frame_l"": 8.7039, ""chi_bits"": 4, ""mps_l"": 17.0021, ""hsf_k"": 4, ""hsf_na"": 16, ""hsf_nb"": 16, ""hsf_l"": 34.0092, ""sup"": 32, ""chi_bits0"": 4, ""mps_l0"": 17.0021, ""hsf_keff"": 2, ""hsf_l0"": 36.0092, ""sparse_l"": 40.7039, ""sv_l"": 40.7039, ""feat_secs"": 0.012858, ""feat_secs_frame"": 0.000404, ""feat_secs_hsf"": 0.012286}"
ct,"ct:n=32,L=8,t=24,nn=1",1,"{""n"": 32.0, ""L"": 8.0, ""t"": 24.0, ""nn"": 1.0}",plan,ok,0.00112,0.0066,2473984,0.0,0,-7.712478770858354e-80,7.712478770858354e-80,engine=zero aborted=[] plan_secs=0.001111,"{""n"": 32, ""gates"": 417, ""g2"": 124, ""g3"": 0, ""depth2"": 8, ""t_count"": 24, ""rotations"": 24, ""d"": 20, ""dense_l"": 21.0224, ""redundant"": 4, ""obs_zero"": true, ""frame_l"": 8.7039, ""chi_bits"": 4, ""mps_l"": 17.0021, ""hsf_k"": 4, ""hsf_na"": 16, ""hsf_nb"": 16, ""hsf_l"": 34.0092, ""sup"": 32, ""chi_bits0"": 4, ""mps_l0"": 17.0021, ""hsf_keff"": 2, ""hsf_l0"": 36.0092, ""sparse_l"": 40.7039, ""sv_l"": 40.7039, ""feat_secs"": 0.012858, ""feat_secs_frame"": 0.000404, ""feat_secs_hsf"": 0.012286}"
ct,"ct:n=32,L=8,t=48,nn=1",1,"{""n"": 32.0, ""L"": 8.0, ""t"": 48.0, ""nn"": 1.0}",planx,ok,0.014121,0.0183,3358720,6.739447624314828e-80,0,6.739447624314828e-80,0.0,engine=mps aborted=[] plan_secs=0.013049,"{""n"": 32, ""gates"": 465, ""g2"": 124, ""g3"": 0, ""depth2"": 8, ""t_count"": 48, ""rotations"": 48, ""d"": 29, ""dense_l"": 31.0716, ""redundant"": 19, ""obs_zero"": true, ""frame_l"": 8.8611, ""chi_bits"": 4, ""mps_l"": 17.04, ""hsf_k"": 4, ""hsf_na"": 16, ""hsf_nb"": 16, ""hsf_l"": 36.0102, ""sup"": 32, ""chi_bits0"": 4, ""mps_l0"": 17.04, ""hsf_keff"": 4, ""hsf_l0"": 36.0102, ""sparse_l"": 40.8611, ""sv_l"": 40.8611, ""feat_secs"": 0.012371, ""feat_secs_frame"": 0.000433, ""feat_secs_hsf"": 0.011762}"
ct,"ct:n=32,L=8,t=48,nn=1",1,"{""n"": 32.0, ""L"": 8.0, ""t"": 48.0, ""nn"": 1.0}",planp,ok,0.013528,0.0179,3325952,6.739447624314828e-80,0,6.739447624314828e-80,0.0,engine=mps aborted=[] plan_secs=0.012689,"{""n"": 32, ""gates"": 465, ""g2"": 124, ""g3"": 0, ""depth2"": 8, ""t_count"": 48, ""rotations"": 48, ""d"": 29, ""dense_l"": 31.0716, ""redundant"": 19, ""obs_zero"": true, ""frame_l"": 8.8611, ""chi_bits"": 4, ""mps_l"": 17.04, ""hsf_k"": 4, ""hsf_na"": 16, ""hsf_nb"": 16, ""hsf_l"": 36.0102, ""sup"": 32, ""chi_bits0"": 4, ""mps_l0"": 17.04, ""hsf_keff"": 4, ""hsf_l0"": 36.0102, ""sparse_l"": 40.8611, ""sv_l"": 40.8611, ""feat_secs"": 0.012371, ""feat_secs_frame"": 0.000433, ""feat_secs_hsf"": 0.011762}"
ct,"ct:n=32,L=8,t=48,nn=1",1,"{""n"": 32.0, ""L"": 8.0, ""t"": 48.0, ""nn"": 1.0}",plan,ok,0.01295,0.0183,2588672,0.0,0,6.739447624314828e-80,6.739447624314828e-80,engine=zero aborted=[] plan_secs=0.012939,"{""n"": 32, ""gates"": 465, ""g2"": 124, ""g3"": 0, ""depth2"": 8, ""t_count"": 48, ""rotations"": 48, ""d"": 29, ""dense_l"": 31.0716, ""redundant"": 19, ""obs_zero"": true, ""frame_l"": 8.8611, ""chi_bits"": 4, ""mps_l"": 17.04, ""hsf_k"": 4, ""hsf_na"": 16, ""hsf_nb"": 16, ""hsf_l"": 36.0102, ""sup"": 32, ""chi_bits0"": 4, ""mps_l0"": 17.04, ""hsf_keff"": 4, ""hsf_l0"": 36.0102, ""sparse_l"": 40.8611, ""sv_l"": 40.8611, ""feat_secs"": 0.012371, ""feat_secs_frame"": 0.000433, ""feat_secs_hsf"": 0.011762}"
ct,"ct:n=32,L=16,t=0,nn=1",1,"{""n"": 32.0, ""L"": 16.0, ""t"": 0.0, ""nn"": 1.0}",planx,ok,0.000125,0.0045,2359296,-0.0,0,-0.0,0.0,engine=tableau aborted=[] plan_secs=0.000001,"{""n"": 32, ""gates"": 741, ""g2"": 248, ""g3"": 0, ""depth2"": 16, ""t_count"": 0, ""rotations"": 0, ""d"": 0, ""dense_l"": 0.0, ""redundant"": 0, ""obs_zero"": true, ""frame_l"": 9.5333, ""chi_bits"": 8, ""mps_l"": 28.3369, ""hsf_k"": 8, ""hsf_na"": 16, ""hsf_nb"": 16, ""hsf_l"": 38.0162, ""sup"": 32, ""chi_bits0"": 8, ""mps_l0"": 28.3369, ""hsf_keff"": 6, ""hsf_l0"": 40.0162, ""sparse_l"": 41.5333, ""sv_l"": 41.5333, ""feat_secs"": 0.012809, ""feat_secs_frame"": 0.000721, ""feat_secs_hsf"": 0.011812}"
ct,"ct:n=32,L=16,t=0,nn=1",1,"{""n"": 32.0, ""L"": 16.0, ""t"": 0.0, ""nn"": 1.0}",planp,ok,0.000121,0.0071,2359296,-0.0,0,-0.0,0.0,engine=tableau aborted=[] plan_secs=0.000001,"{""n"": 32, ""gates"": 741, ""g2"": 248, ""g3"": 0, ""depth2"": 16, ""t_count"": 0, ""rotations"": 0, ""d"": 0, ""dense_l"": 0.0, ""redundant"": 0, ""obs_zero"": true, ""frame_l"": 9.5333, ""chi_bits"": 8, ""mps_l"": 28.3369, ""hsf_k"": 8, ""hsf_na"": 16, ""hsf_nb"": 16, ""hsf_l"": 38.0162, ""sup"": 32, ""chi_bits0"": 8, ""mps_l0"": 28.3369, ""hsf_keff"": 6, ""hsf_l0"": 40.0162, ""sparse_l"": 41.5333, ""sv_l"": 41.5333, ""feat_secs"": 0.012809, ""feat_secs_frame"": 0.000721, ""feat_secs_hsf"": 0.011812}"
ct,"ct:n=32,L=16,t=0,nn=1",1,"{""n"": 32.0, ""L"": 16.0, ""t"": 0.0, ""nn"": 1.0}",plan,ok,0.000993,0.0073,2473984,0.0,0,-0.0,0.0,engine=zero aborted=[] plan_secs=0.000983,"{""n"": 32, ""gates"": 741, ""g2"": 248, ""g3"": 0, ""depth2"": 16, ""t_count"": 0, ""rotations"": 0, ""d"": 0, ""dense_l"": 0.0, ""redundant"": 0, ""obs_zero"": true, ""frame_l"": 9.5333, ""chi_bits"": 8, ""mps_l"": 28.3369, ""hsf_k"": 8, ""hsf_na"": 16, ""hsf_nb"": 16, ""hsf_l"": 38.0162, ""sup"": 32, ""chi_bits0"": 8, ""mps_l0"": 28.3369, ""hsf_keff"": 6, ""hsf_l0"": 40.0162, ""sparse_l"": 41.5333, ""sv_l"": 41.5333, ""feat_secs"": 0.012809, ""feat_secs_frame"": 0.000721, ""feat_secs_hsf"": 0.011812}"
ct,"ct:n=32,L=16,t=8,nn=1",1,"{""n"": 32.0, ""L"": 16.0, ""t"": 8.0, ""nn"": 1.0}",planx,ok,0.001354,0.0066,2523136,0.0,0,0.0,0.0,engine=cstate aborted=[] plan_secs=0.000978,"{""n"": 32, ""gates"": 743, ""g2"": 248, ""g3"": 0, ""depth2"": 16, ""t_count"": 8, ""rotations"": 8, ""d"": 8, ""dense_l"": 8.9944, ""redundant"": 0, ""obs_zero"": true, ""frame_l"": 9.5372, ""chi_bits"": 8, ""mps_l"": 28.3368, ""hsf_k"": 8, ""hsf_na"": 16, ""hsf_nb"": 16, ""hsf_l"": 40.0163, ""sup"": 32, ""chi_bits0"": 8, ""mps_l0"": 28.3368, ""hsf_keff"": 8, ""hsf_l0"": 40.0163, ""sparse_l"": 41.5372, ""sv_l"": 41.5372, ""feat_secs"": 0.013014, ""feat_secs_frame"": 0.000783, ""feat_secs_hsf"": 0.011931}"
ct,"ct:n=32,L=16,t=8,nn=1",1,"{""n"": 32.0, ""L"": 16.0, ""t"": 8.0, ""nn"": 1.0}",planp,ok,0.001315,0.0073,2523136,0.0,0,0.0,0.0,engine=cstate aborted=[] plan_secs=0.000957,"{""n"": 32, ""gates"": 743, ""g2"": 248, ""g3"": 0, ""depth2"": 16, ""t_count"": 8, ""rotations"": 8, ""d"": 8, ""dense_l"": 8.9944, ""redundant"": 0, ""obs_zero"": true, ""frame_l"": 9.5372, ""chi_bits"": 8, ""mps_l"": 28.3368, ""hsf_k"": 8, ""hsf_na"": 16, ""hsf_nb"": 16, ""hsf_l"": 40.0163, ""sup"": 32, ""chi_bits0"": 8, ""mps_l0"": 28.3368, ""hsf_keff"": 8, ""hsf_l0"": 40.0163, ""sparse_l"": 41.5372, ""sv_l"": 41.5372, ""feat_secs"": 0.013014, ""feat_secs_frame"": 0.000783, ""feat_secs_hsf"": 0.011931}"
ct,"ct:n=32,L=16,t=8,nn=1",1,"{""n"": 32.0, ""L"": 16.0, ""t"": 8.0, ""nn"": 1.0}",plan,ok,0.000993,0.0073,2457600,0.0,0,0.0,0.0,engine=zero aborted=[] plan_secs=0.000985,"{""n"": 32, ""gates"": 743, ""g2"": 248, ""g3"": 0, ""depth2"": 16, ""t_count"": 8, ""rotations"": 8, ""d"": 8, ""dense_l"": 8.9944, ""redundant"": 0, ""obs_zero"": true, ""frame_l"": 9.5372, ""chi_bits"": 8, ""mps_l"": 28.3368, ""hsf_k"": 8, ""hsf_na"": 16, ""hsf_nb"": 16, ""hsf_l"": 40.0163, ""sup"": 32, ""chi_bits0"": 8, ""mps_l0"": 28.3368, ""hsf_keff"": 8, ""hsf_l0"": 40.0163, ""sparse_l"": 41.5372, ""sv_l"": 41.5372, ""feat_secs"": 0.013014, ""feat_secs_frame"": 0.000783, ""feat_secs_hsf"": 0.011931}"
ct,"ct:n=32,L=16,t=24,nn=1",1,"{""n"": 32.0, ""L"": 16.0, ""t"": 24.0, ""nn"": 1.0}",planx,ok,0.032265,0.0385,70270976,0.0,0,0.0,0.0,engine=cstate aborted=[] plan_secs=0.013747,"{""n"": 32, ""gates"": 800, ""g2"": 248, ""g3"": 0, ""depth2"": 16, ""t_count"": 24, ""rotations"": 24, ""d"": 22, ""dense_l"": 23.014, ""redundant"": 2, ""obs_zero"": true, ""frame_l"": 9.6439, ""chi_bits"": 8, ""mps_l"": 28.3376, ""hsf_k"": 8, ""hsf_na"": 16, ""hsf_nb"": 16, ""hsf_l"": 38.0175, ""sup"": 32, ""chi_bits0"": 8, ""mps_l0"": 28.3376, ""hsf_keff"": 6, ""hsf_l0"": 40.0175, ""sparse_l"": 41.6439, ""sv_l"": 41.6439, ""feat_secs"": 0.013067, ""feat_secs_frame"": 0.000769, ""feat_secs_hsf"": 0.01199}"
ct,"ct:n=32,L=16,t=24,nn=1",1,"{""n"": 32.0, ""L"": 16.0, ""t"": 24.0, ""nn"": 1.0}",planp,ok,0.03561,0.0413,71417856,0.0,0,0.0,0.0,engine=cstate aborted=[] plan_secs=0.017339,"{""n"": 32, ""gates"": 800, ""g2"": 248, ""g3"": 0, ""depth2"": 16, ""t_count"": 24, ""rotations"": 24, ""d"": 22, ""dense_l"": 23.014, ""redundant"": 2, ""obs_zero"": true, ""frame_l"": 9.6439, ""chi_bits"": 8, ""mps_l"": 28.3376, ""hsf_k"": 8, ""hsf_na"": 16, ""hsf_nb"": 16, ""hsf_l"": 38.0175, ""sup"": 32, ""chi_bits0"": 8, ""mps_l0"": 28.3376, ""hsf_keff"": 6, ""hsf_l0"": 40.0175, ""sparse_l"": 41.6439, ""sv_l"": 41.6439, ""feat_secs"": 0.013067, ""feat_secs_frame"": 0.000769, ""feat_secs_hsf"": 0.01199}"
ct,"ct:n=32,L=16,t=24,nn=1",1,"{""n"": 32.0, ""L"": 16.0, ""t"": 24.0, ""nn"": 1.0}",plan,ok,0.01377,0.0187,2785280,0.0,0,0.0,0.0,engine=zero aborted=[] plan_secs=0.013761,"{""n"": 32, ""gates"": 800, ""g2"": 248, ""g3"": 0, ""depth2"": 16, ""t_count"": 24, ""rotations"": 24, ""d"": 22, ""dense_l"": 23.014, ""redundant"": 2, ""obs_zero"": true, ""frame_l"": 9.6439, ""chi_bits"": 8, ""mps_l"": 28.3376, ""hsf_k"": 8, ""hsf_na"": 16, ""hsf_nb"": 16, ""hsf_l"": 38.0175, ""sup"": 32, ""chi_bits0"": 8, ""mps_l0"": 28.3376, ""hsf_keff"": 6, ""hsf_l0"": 40.0175, ""sparse_l"": 41.6439, ""sv_l"": 41.6439, ""feat_secs"": 0.013067, ""feat_secs_frame"": 0.000769, ""feat_secs_hsf"": 0.01199}"
ct,"ct:n=32,L=16,t=48,nn=1",1,"{""n"": 32.0, ""L"": 16.0, ""t"": 48.0, ""nn"": 1.0}",planx,ok,0.019602,0.0263,4276224,1.081187092401473e-34,0,1.081187092401473e-34,0.0,engine=mps aborted=[] plan_secs=0.014362,"{""n"": 32, ""gates"": 836, ""g2"": 248, ""g3"": 0, ""depth2"": 16, ""t_count"": 48, ""rotations"": 48, ""d"": 31, ""dense_l"": 32.2035, ""redundant"": 17, ""obs_zero"": false, ""frame_l"": 14.085, ""chi_bits"": 8, ""mps_l"": 28.3374, ""hsf_k"": 8, ""hsf_na"": 16, ""hsf_nb"": 16, ""hsf_l"": 39.0183, ""sup"": 32, ""chi_bits0"": 8, ""mps_l0"": 28.3374, ""hsf_keff"": 7, ""hsf_l0"": 40.0183, ""sparse_l"": 41.7074, ""sv_l"": 41.7074, ""feat_secs"": 0.013148, ""feat_secs_frame"": 0.000897, ""feat_secs_hsf"": 0.011898}"
ct,"ct:n=32,L=16,t=48,nn=1",1,"{""n"": 32.0, ""L"": 16.0, ""t"": 48.0, ""nn"": 1.0}",planp,ok,0.019761,0.0264,4259840,1.081187092401473e-34,0,1.081187092401473e-34,0.0,engine=mps aborted=[] plan_secs=0.014143,"{""n"": 32, ""gates"": 836, ""g2"": 248, ""g3"": 0, ""depth2"": 16, ""t_count"": 48, ""rotations"": 48, ""d"": 31, ""dense_l"": 32.2035, ""redundant"": 17, ""obs_zero"": false, ""frame_l"": 14.085, ""chi_bits"": 8, ""mps_l"": 28.3374, ""hsf_k"": 8, ""hsf_na"": 16, ""hsf_nb"": 16, ""hsf_l"": 39.0183, ""sup"": 32, ""chi_bits0"": 8, ""mps_l0"": 28.3374, ""hsf_keff"": 7, ""hsf_l0"": 40.0183, ""sparse_l"": 41.7074, ""sv_l"": 41.7074, ""feat_secs"": 0.013148, ""feat_secs_frame"": 0.000897, ""feat_secs_hsf"": 0.011898}"
ct,"ct:n=32,L=16,t=48,nn=1",1,"{""n"": 32.0, ""L"": 16.0, ""t"": 48.0, ""nn"": 1.0}",plan,ok,0.019786,0.0245,4374528,1.081187092401473e-34,0,1.081187092401473e-34,0.0,engine=mps aborted=[] plan_secs=0.014096,"{""n"": 32, ""gates"": 836, ""g2"": 248, ""g3"": 0, ""depth2"": 16, ""t_count"": 48, ""rotations"": 48, ""d"": 31, ""dense_l"": 32.2035, ""redundant"": 17, ""obs_zero"": false, ""frame_l"": 14.085, ""chi_bits"": 8, ""mps_l"": 28.3374, ""hsf_k"": 8, ""hsf_na"": 16, ""hsf_nb"": 16, ""hsf_l"": 39.0183, ""sup"": 32, ""chi_bits0"": 8, ""mps_l0"": 28.3374, ""hsf_keff"": 7, ""hsf_l0"": 40.0183, ""sparse_l"": 41.7074, ""sv_l"": 41.7074, ""feat_secs"": 0.013148, ""feat_secs_frame"": 0.000897, ""feat_secs_hsf"": 0.011898}"
ct,"ct:n=32,L=32,t=0,nn=1",1,"{""n"": 32.0, ""L"": 32.0, ""t"": 0.0, ""nn"": 1.0}",planx,ok,0.000192,0.0047,2473984,-0.0,0,-0.0,0.0,engine=tableau aborted=[] plan_secs=0.000001,"{""n"": 32, ""gates"": 1486, ""g2"": 496, ""g3"": 0, ""depth2"": 32, ""t_count"": 0, ""rotations"": 0, ""d"": 0, ""dense_l"": 0.0, ""redundant"": 0, ""obs_zero"": true, ""frame_l"": 10.5372, ""chi_bits"": 16, ""mps_l"": 48.8448, ""hsf_k"": 16, ""hsf_na"": 16, ""hsf_nb"": 16, ""hsf_l"": 46.0323, ""sup"": 32, ""chi_bits0"": 16, ""mps_l0"": 48.8448, ""hsf_keff"": 14, ""hsf_l0"": 48.0323, ""sparse_l"": 42.5372, ""sv_l"": 42.5372, ""feat_secs"": 0.013688, ""feat_secs_frame"": 0.001342, ""feat_secs_hsf"": 0.011846}"
ct,"ct:n=32,L=32,t=0,nn=1",1,"{""n"": 32.0, ""L"": 32.0, ""t"": 0.0, ""nn"": 1.0}",planp,ok,0.00016,0.0067,2473984,-0.0,0,-0.0,0.0,engine=tableau aborted=[] plan_secs=0.000001,"{""n"": 32, ""gates"": 1486, ""g2"": 496, ""g3"": 0, ""depth2"": 32, ""t_count"": 0, ""rotations"": 0, ""d"": 0, ""dense_l"": 0.0, ""redundant"": 0, ""obs_zero"": true, ""frame_l"": 10.5372, ""chi_bits"": 16, ""mps_l"": 48.8448, ""hsf_k"": 16, ""hsf_na"": 16, ""hsf_nb"": 16, ""hsf_l"": 46.0323, ""sup"": 32, ""chi_bits0"": 16, ""mps_l0"": 48.8448, ""hsf_keff"": 14, ""hsf_l0"": 48.0323, ""sparse_l"": 42.5372, ""sv_l"": 42.5372, ""feat_secs"": 0.013688, ""feat_secs_frame"": 0.001342, ""feat_secs_hsf"": 0.011846}"
ct,"ct:n=32,L=32,t=0,nn=1",1,"{""n"": 32.0, ""L"": 32.0, ""t"": 0.0, ""nn"": 1.0}",plan,ok,0.001948,0.0075,2621440,0.0,0,-0.0,0.0,engine=zero aborted=[] plan_secs=0.001937,"{""n"": 32, ""gates"": 1486, ""g2"": 496, ""g3"": 0, ""depth2"": 32, ""t_count"": 0, ""rotations"": 0, ""d"": 0, ""dense_l"": 0.0, ""redundant"": 0, ""obs_zero"": true, ""frame_l"": 10.5372, ""chi_bits"": 16, ""mps_l"": 48.8448, ""hsf_k"": 16, ""hsf_na"": 16, ""hsf_nb"": 16, ""hsf_l"": 46.0323, ""sup"": 32, ""chi_bits0"": 16, ""mps_l0"": 48.8448, ""hsf_keff"": 14, ""hsf_l0"": 48.0323, ""sparse_l"": 42.5372, ""sv_l"": 42.5372, ""feat_secs"": 0.013688, ""feat_secs_frame"": 0.001342, ""feat_secs_hsf"": 0.011846}"
ct,"ct:n=32,L=32,t=8,nn=1",1,"{""n"": 32.0, ""L"": 32.0, ""t"": 8.0, ""nn"": 1.0}",planx,ok,0.002583,0.0077,2703360,0.0,0,0.0,0.0,engine=cstate aborted=[] plan_secs=0.001921,"{""n"": 32, ""gates"": 1505, ""g2"": 496, ""g3"": 0, ""depth2"": 32, ""t_count"": 8, ""rotations"": 8, ""d"": 8, ""dense_l"": 8.9944, ""redundant"": 0, ""obs_zero"": true, ""frame_l"": 10.5555, ""chi_bits"": 16, ""mps_l"": 48.8448, ""hsf_k"": 16, ""hsf_na"": 16, ""hsf_nb"": 16, ""hsf_l"": 46.0328, ""sup"": 32, ""chi_bits0"": 16, ""mps_l0"": 48.8448, ""hsf_keff"": 14, ""hsf_l0"": 48.0328, ""sparse_l"": 42.5555, ""sv_l"": 42.5555, ""feat_secs"": 0.013677, ""feat_secs_frame"": 0.001367, ""feat_secs_hsf"": 0.011826}"
ct,"ct:n=32,L=32,t=8,nn=1",1,"{""n"": 32.0, ""L"": 32.0, ""t"": 8.0, ""nn"": 1.0}",planp,ok,0.002452,0.0069,2703360,0.0,0,0.0,0.0,engine=cstate aborted=[] plan_secs=0.001811,"{""n"": 32, ""gates"": 1505, ""g2"": 496, ""g3"": 0, ""depth2"": 32, ""t_count"": 8, ""rotations"": 8, ""d"": 8, ""dense_l"": 8.9944, ""redundant"": 0, ""obs_zero"": true, ""frame_l"": 10.5555, ""chi_bits"": 16, ""mps_l"": 48.8448, ""hsf_k"": 16, ""hsf_na"": 16, ""hsf_nb"": 16, ""hsf_l"": 46.0328, ""sup"": 32, ""chi_bits0"": 16, ""mps_l0"": 48.8448, ""hsf_keff"": 14, ""hsf_l0"": 48.0328, ""sparse_l"": 42.5555, ""sv_l"": 42.5555, ""feat_secs"": 0.013677, ""feat_secs_frame"": 0.001367, ""feat_secs_hsf"": 0.011826}"
ct,"ct:n=32,L=32,t=8,nn=1",1,"{""n"": 32.0, ""L"": 32.0, ""t"": 8.0, ""nn"": 1.0}",plan,ok,0.001901,0.0071,2670592,0.0,0,0.0,0.0,engine=zero aborted=[] plan_secs=0.001889,"{""n"": 32, ""gates"": 1505, ""g2"": 496, ""g3"": 0, ""depth2"": 32, ""t_count"": 8, ""rotations"": 8, ""d"": 8, ""dense_l"": 8.9944, ""redundant"": 0, ""obs_zero"": true, ""frame_l"": 10.5555, ""chi_bits"": 16, ""mps_l"": 48.8448, ""hsf_k"": 16, ""hsf_na"": 16, ""hsf_nb"": 16, ""hsf_l"": 46.0328, ""sup"": 32, ""chi_bits0"": 16, ""mps_l0"": 48.8448, ""hsf_keff"": 14, ""hsf_l0"": 48.0328, ""sparse_l"": 42.5555, ""sv_l"": 42.5555, ""feat_secs"": 0.013677, ""feat_secs_frame"": 0.001367, ""feat_secs_hsf"": 0.011826}"
ct,"ct:n=32,L=32,t=24,nn=1",1,"{""n"": 32.0, ""L"": 32.0, ""t"": 24.0, ""nn"": 1.0}",planx,ok,0.052368,0.0573,137592832,0.0,0,0.0,0.0,engine=cstate aborted=[] plan_secs=0.015980,"{""n"": 32, ""gates"": 1563, ""g2"": 496, ""g3"": 0, ""depth2"": 32, ""t_count"": 24, ""rotations"": 24, ""d"": 23, ""dense_l"": 24.0056, ""redundant"": 1, ""obs_zero"": true, ""frame_l"": 10.6101, ""chi_bits"": 16, ""mps_l"": 48.8448, ""hsf_k"": 16, ""hsf_na"": 16, ""hsf_nb"": 16, ""hsf_l"": 44.034, ""sup"": 32, ""chi_bits0"": 16, ""mps_l0"": 48.8448, ""hsf_keff"": 12, ""hsf_l0"": 48.034, ""sparse_l"": 42.6101, ""sv_l"": 42.6101, ""feat_secs"": 0.013668, ""feat_secs_frame"": 0.001402, ""feat_secs_hsf"": 0.011747}"
ct,"ct:n=32,L=32,t=24,nn=1",1,"{""n"": 32.0, ""L"": 32.0, ""t"": 24.0, ""nn"": 1.0}",planp,ok,0.059461,0.0641,138805248,0.0,0,0.0,0.0,engine=cstate aborted=[] plan_secs=0.022767,"{""n"": 32, ""gates"": 1563, ""g2"": 496, ""g3"": 0, ""depth2"": 32, ""t_count"": 24, ""rotations"": 24, ""d"": 23, ""dense_l"": 24.0056, ""redundant"": 1, ""obs_zero"": true, ""frame_l"": 10.6101, ""chi_bits"": 16, ""mps_l"": 48.8448, ""hsf_k"": 16, ""hsf_na"": 16, ""hsf_nb"": 16, ""hsf_l"": 44.034, ""sup"": 32, ""chi_bits0"": 16, ""mps_l0"": 48.8448, ""hsf_keff"": 12, ""hsf_l0"": 48.034, ""sparse_l"": 42.6101, ""sv_l"": 42.6101, ""feat_secs"": 0.013668, ""feat_secs_frame"": 0.001402, ""feat_secs_hsf"": 0.011747}"
ct,"ct:n=32,L=32,t=24,nn=1",1,"{""n"": 32.0, ""L"": 32.0, ""t"": 24.0, ""nn"": 1.0}",plan,ok,0.01618,0.0206,3063808,0.0,0,0.0,0.0,engine=zero aborted=[] plan_secs=0.016169,"{""n"": 32, ""gates"": 1563, ""g2"": 496, ""g3"": 0, ""depth2"": 32, ""t_count"": 24, ""rotations"": 24, ""d"": 23, ""dense_l"": 24.0056, ""redundant"": 1, ""obs_zero"": true, ""frame_l"": 10.6101, ""chi_bits"": 16, ""mps_l"": 48.8448, ""hsf_k"": 16, ""hsf_na"": 16, ""hsf_nb"": 16, ""hsf_l"": 44.034, ""sup"": 32, ""chi_bits0"": 16, ""mps_l0"": 48.8448, ""hsf_keff"": 12, ""hsf_l0"": 48.034, ""sparse_l"": 42.6101, ""sv_l"": 42.6101, ""feat_secs"": 0.013668, ""feat_secs_frame"": 0.001402, ""feat_secs_hsf"": 0.011747}"
ct,"ct:n=32,L=32,t=48,nn=1",1,"{""n"": 32.0, ""L"": 32.0, ""t"": 48.0, ""nn"": 1.0}",planx,ok,4.121366,4.1284,95404032,-2.452424345355572e-17,0,-2.452424345355572e-17,0.0,engine=mps aborted=[] plan_secs=0.016565,"{""n"": 32, ""gates"": 1578, ""g2"": 496, ""g3"": 0, ""depth2"": 32, ""t_count"": 48, ""rotations"": 48, ""d"": 31, ""dense_l"": 33.7065, ""redundant"": 17, ""obs_zero"": false, ""frame_l"": 14.085, ""chi_bits"": 16, ""mps_l"": 48.8448, ""hsf_k"": 16, ""hsf_na"": 16, ""hsf_nb"": 16, ""hsf_l"": 45.0343, ""sup"": 32, ""chi_bits0"": 16, ""mps_l0"": 48.8448, ""hsf_keff"": 13, ""hsf_l0"": 48.0343, ""sparse_l"": 42.6239, ""sv_l"": 42.6239, ""feat_secs"": 0.014348, ""feat_secs_frame"": 0.001426, ""feat_secs_hsf"": 0.012415}"
ct,"ct:n=32,L=32,t=48,nn=1",1,"{""n"": 32.0, ""L"": 32.0, ""t"": 48.0, ""nn"": 1.0}",planp,ok,4.134506,4.1402,95502336,-2.452424345355572e-17,0,-2.452424345355572e-17,0.0,engine=mps aborted=[] plan_secs=0.017154,"{""n"": 32, ""gates"": 1578, ""g2"": 496, ""g3"": 0, ""depth2"": 32, ""t_count"": 48, ""rotations"": 48, ""d"": 31, ""dense_l"": 33.7065, ""redundant"": 17, ""obs_zero"": false, ""frame_l"": 14.085, ""chi_bits"": 16, ""mps_l"": 48.8448, ""hsf_k"": 16, ""hsf_na"": 16, ""hsf_nb"": 16, ""hsf_l"": 45.0343, ""sup"": 32, ""chi_bits0"": 16, ""mps_l0"": 48.8448, ""hsf_keff"": 13, ""hsf_l0"": 48.0343, ""sparse_l"": 42.6239, ""sv_l"": 42.6239, ""feat_secs"": 0.014348, ""feat_secs_frame"": 0.001426, ""feat_secs_hsf"": 0.012415}"
ct,"ct:n=32,L=32,t=48,nn=1",1,"{""n"": 32.0, ""L"": 32.0, ""t"": 48.0, ""nn"": 1.0}",plan,ok,4.13446,4.1398,94912512,-2.452424345355572e-17,0,-2.452424345355572e-17,0.0,engine=mps aborted=[] plan_secs=0.016656,"{""n"": 32, ""gates"": 1578, ""g2"": 496, ""g3"": 0, ""depth2"": 32, ""t_count"": 48, ""rotations"": 48, ""d"": 31, ""dense_l"": 33.7065, ""redundant"": 17, ""obs_zero"": false, ""frame_l"": 14.085, ""chi_bits"": 16, ""mps_l"": 48.8448, ""hsf_k"": 16, ""hsf_na"": 16, ""hsf_nb"": 16, ""hsf_l"": 45.0343, ""sup"": 32, ""chi_bits0"": 16, ""mps_l0"": 48.8448, ""hsf_keff"": 13, ""hsf_l0"": 48.0343, ""sparse_l"": 42.6239, ""sv_l"": 42.6239, ""feat_secs"": 0.014348, ""feat_secs_frame"": 0.001426, ""feat_secs_hsf"": 0.012415}"
ct,"ct:n=20,L=1,t=0,nn=0",1,"{""n"": 20.0, ""L"": 1.0, ""t"": 0.0, ""nn"": 0.0}",planx,ok,5e-05,0.0037,2080768,-0.0,0,-0.0,0.0,engine=tableau aborted=[] plan_secs=0.000000,"{""n"": 20, ""gates"": 32, ""g2"": 10, ""g3"": 0, ""depth2"": 1, ""t_count"": 0, ""rotations"": 0, ""d"": 0, ""dense_l"": 0.0, ""redundant"": 0, ""obs_zero"": true, ""frame_l"": 5.0, ""chi_bits"": 7, ""mps_l"": 25.5539, ""hsf_k"": 0, ""hsf_na"": 10, ""hsf_nb"": 10, ""hsf_l"": 20.0444, ""sup"": 11, ""chi_bits0"": 7, ""mps_l0"": 25.5539, ""hsf_keff"": 0, ""hsf_l0"": 20.0444, ""sparse_l"": 16.0, ""sv_l"": 25.0, ""feat_secs"": 0.001748, ""feat_secs_frame"": 6e-05, ""feat_secs_hsf"": 0.001663}"
ct,"ct:n=20,L=1,t=0,nn=0",1,"{""n"": 20.0, ""L"": 1.0, ""t"": 0.0, ""nn"": 0.0}",planp,ok,4.8e-05,0.0045,2097152,-0.0,0,-0.0,0.0,engine=tableau aborted=[] plan_secs=0.000000,"{""n"": 20, ""gates"": 32, ""g2"": 10, ""g3"": 0, ""depth2"": 1, ""t_count"": 0, ""rotations"": 0, ""d"": 0, ""dense_l"": 0.0, ""redundant"": 0, ""obs_zero"": true, ""frame_l"": 5.0, ""chi_bits"": 7, ""mps_l"": 25.5539, ""hsf_k"": 0, ""hsf_na"": 10, ""hsf_nb"": 10, ""hsf_l"": 20.0444, ""sup"": 11, ""chi_bits0"": 7, ""mps_l0"": 25.5539, ""hsf_keff"": 0, ""hsf_l0"": 20.0444, ""sparse_l"": 16.0, ""sv_l"": 25.0, ""feat_secs"": 0.001748, ""feat_secs_frame"": 6e-05, ""feat_secs_hsf"": 0.001663}"
ct,"ct:n=20,L=1,t=0,nn=0",1,"{""n"": 20.0, ""L"": 1.0, ""t"": 0.0, ""nn"": 0.0}",plan,ok,9.3e-05,0.0042,2113536,0.0,0,-0.0,0.0,engine=zero aborted=[] plan_secs=0.000085,"{""n"": 20, ""gates"": 32, ""g2"": 10, ""g3"": 0, ""depth2"": 1, ""t_count"": 0, ""rotations"": 0, ""d"": 0, ""dense_l"": 0.0, ""redundant"": 0, ""obs_zero"": true, ""frame_l"": 5.0, ""chi_bits"": 7, ""mps_l"": 25.5539, ""hsf_k"": 0, ""hsf_na"": 10, ""hsf_nb"": 10, ""hsf_l"": 20.0444, ""sup"": 11, ""chi_bits0"": 7, ""mps_l0"": 25.5539, ""hsf_keff"": 0, ""hsf_l0"": 20.0444, ""sparse_l"": 16.0, ""sv_l"": 25.0, ""feat_secs"": 0.001748, ""feat_secs_frame"": 6e-05, ""feat_secs_hsf"": 0.001663}"
ct,"ct:n=20,L=1,t=8,nn=0",1,"{""n"": 20.0, ""L"": 1.0, ""t"": 8.0, ""nn"": 0.0}",planx,ok,0.000148,0.0070,2162688,0.0,0,0.0,0.0,engine=cstate aborted=[] plan_secs=0.000109,"{""n"": 20, ""gates"": 49, ""g2"": 10, ""g3"": 0, ""depth2"": 1, ""t_count"": 8, ""rotations"": 8, ""d"": 6, ""dense_l"": 7.0661, ""redundant"": 2, ""obs_zero"": true, ""frame_l"": 5.6147, ""chi_bits"": 8, ""mps_l"": 28.5567, ""hsf_k"": 0, ""hsf_na"": 10, ""hsf_nb"": 10, ""hsf_l"": 20.0674, ""sup"": 14, ""chi_bits0"": 8, ""mps_l0"": 28.5567, ""hsf_keff"": 0, ""hsf_l0"": 20.0674, ""sparse_l"": 19.6147, ""sv_l"": 25.6147, ""feat_secs"": 0.001839, ""feat_secs_frame"": 7e-05, ""feat_secs_hsf"": 0.001717}"
ct,"ct:n=20,L=1,t=8,nn=0",1,"{""n"": 20.0, ""L"": 1.0, ""t"": 8.0, ""nn"": 0.0}",planp,ok,0.000155,0.0044,2195456,0.0,0,0.0,0.0,engine=cstate aborted=[] plan_secs=0.000114,"{""n"": 20, ""gates"": 49, ""g2"": 10, ""g3"": 0, ""depth2"": 1, ""t_count"": 8, ""rotations"": 8, ""d"": 6, ""dense_l"": 7.0661, ""redundant"": 2, ""obs_zero"": true, ""frame_l"": 5.6147, ""chi_bits"": 8, ""mps_l"": 28.5567, ""hsf_k"": 0, ""hsf_na"": 10, ""hsf_nb"": 10, ""hsf_l"": 20.0674, ""sup"": 14, ""chi_bits0"": 8, ""mps_l0"": 28.5567, ""hsf_keff"": 0, ""hsf_l0"": 20.0674, ""sparse_l"": 19.6147, ""sv_l"": 25.6147, ""feat_secs"": 0.001839, ""feat_secs_frame"": 7e-05, ""feat_secs_hsf"": 0.001717}"
ct,"ct:n=20,L=1,t=8,nn=0",1,"{""n"": 20.0, ""L"": 1.0, ""t"": 8.0, ""nn"": 0.0}",plan,ok,0.000133,0.0040,2162688,0.0,0,0.0,0.0,engine=zero aborted=[] plan_secs=0.000124,"{""n"": 20, ""gates"": 49, ""g2"": 10, ""g3"": 0, ""depth2"": 1, ""t_count"": 8, ""rotations"": 8, ""d"": 6, ""dense_l"": 7.0661, ""redundant"": 2, ""obs_zero"": true, ""frame_l"": 5.6147, ""chi_bits"": 8, ""mps_l"": 28.5567, ""hsf_k"": 0, ""hsf_na"": 10, ""hsf_nb"": 10, ""hsf_l"": 20.0674, ""sup"": 14, ""chi_bits0"": 8, ""mps_l0"": 28.5567, ""hsf_keff"": 0, ""hsf_l0"": 20.0674, ""sparse_l"": 19.6147, ""sv_l"": 25.6147, ""feat_secs"": 0.001839, ""feat_secs_frame"": 7e-05, ""feat_secs_hsf"": 0.001717}"
ct,"ct:n=20,L=1,t=24,nn=0",1,"{""n"": 20.0, ""L"": 1.0, ""t"": 24.0, ""nn"": 0.0}",planx,ok,0.000206,0.0046,2244608,0.0,0,0.0,0.0,engine=cstate aborted=[] plan_secs=0.000131,"{""n"": 20, ""gates"": 78, ""g2"": 10, ""g3"": 0, ""depth2"": 1, ""t_count"": 24, ""rotations"": 24, ""d"": 12, ""dense_l"": 14.1566, ""redundant"": 12, ""obs_zero"": true, ""frame_l"": 6.2854, ""chi_bits"": 6, ""mps_l"": 22.4938, ""hsf_k"": 0, ""hsf_na"": 10, ""hsf_nb"": 10, ""hsf_l"": 20.1059, ""sup"": 19, ""chi_bits0"": 6, ""mps_l0"": 22.4938, ""hsf_keff"": 0, ""hsf_l0"": 20.1059, ""sparse_l"": 25.2854, ""sv_l"": 26.2854, ""feat_secs"": 0.001815, ""feat_secs_frame"": 9.4e-05, ""feat_secs_hsf"": 0.001673}"
ct,"ct:n=20,L=1,t=24,nn=0",1,"{""n"": 20.0, ""L"": 1.0, ""t"": 24.0, ""nn"": 0.0}",planp,ok,0.000224,0.0047,2277376,0.0,0,0.0,0.0,engine=cstate aborted=[] plan_secs=0.000146,"{""n"": 20, ""gates"": 78, ""g2"": 10, ""g3"": 0, ""depth2"": 1, ""t_count"": 24, ""rotations"": 24, ""d"": 12, ""dense_l"": 14.1566, ""redundant"": 12, ""obs_zero"": true, ""frame_l"": 6.2854, ""chi_bits"": 6, ""mps_l"": 22.4938, ""hsf_k"": 0, ""hsf_na"": 10, ""hsf_nb"": 10, ""hsf_l"": 20.1059, ""sup"": 19, ""chi_bits0"": 6, ""mps_l0"": 22.4938, ""hsf_keff"": 0, ""hsf_l0"": 20.1059, ""sparse_l"": 25.2854, ""sv_l"": 26.2854, ""feat_secs"": 0.001815, ""feat_secs_frame"": 9.4e-05, ""feat_secs_hsf"": 0.001673}"
ct,"ct:n=20,L=1,t=24,nn=0",1,"{""n"": 20.0, ""L"": 1.0, ""t"": 24.0, ""nn"": 0.0}",plan,ok,0.000153,0.0042,2179072,0.0,0,0.0,0.0,engine=zero aborted=[] plan_secs=0.000144,"{""n"": 20, ""gates"": 78, ""g2"": 10, ""g3"": 0, ""depth2"": 1, ""t_count"": 24, ""rotations"": 24, ""d"": 12, ""dense_l"": 14.1566, ""redundant"": 12, ""obs_zero"": true, ""frame_l"": 6.2854, ""chi_bits"": 6, ""mps_l"": 22.4938, ""hsf_k"": 0, ""hsf_na"": 10, ""hsf_nb"": 10, ""hsf_l"": 20.1059, ""sup"": 19, ""chi_bits0"": 6, ""mps_l0"": 22.4938, ""hsf_keff"": 0, ""hsf_l0"": 20.1059, ""sparse_l"": 25.2854, ""sv_l"": 26.2854, ""feat_secs"": 0.001815, ""feat_secs_frame"": 9.4e-05, ""feat_secs_hsf"": 0.001673}"
ct,"ct:n=20,L=2,t=0,nn=0",1,"{""n"": 20.0, ""L"": 2.0, ""t"": 0.0, ""nn"": 0.0}",planx,ok,5.6e-05,0.0067,2113536,-0.0,0,-0.0,0.0,engine=tableau aborted=[] plan_secs=0.000000,"{""n"": 20, ""gates"": 58, ""g2"": 20, ""g3"": 0, ""depth2"": 2, ""t_count"": 0, ""rotations"": 0, ""d"": 0, ""dense_l"": 0.0, ""redundant"": 0, ""obs_zero"": true, ""frame_l"": 5.858, ""chi_bits"": 9, ""mps_l"": 32.5155, ""hsf_k"": 2, ""hsf_na"": 10, ""hsf_nb"": 10, ""hsf_l"": 22.0795, ""sup"": 14, ""chi_bits0"": 9, ""mps_l0"": 32.5155, ""hsf_keff"": 2, ""hsf_l0"": 22.0795, ""sparse_l"": 19.858, ""sv_l"": 25.858, ""feat_secs"": 0.002753, ""feat_secs_frame"": 8.8e-05, ""feat_secs_hsf"": 0.002615}"
ct,"ct:n=20,L=2,t=0,nn=0",1,"{""n"": 20.0, ""L"": 2.0, ""t"": 0.0, ""nn"": 0.0}",planp,ok,5e-05,0.0070,2113536,-0.0,0,-0.0,0.0,engine=tableau aborted=[] plan_secs=0.000000,"{""n"": 20, ""gates"": 58, ""g2"": 20, ""g3"": 0, ""depth2"": 2, ""t_count"": 0, ""rotations"": 0, ""d"": 0, ""dense_l"": 0.0, ""redundant"": 0, ""obs_zero"": true, ""frame_l"": 5.858, ""chi_bits"": 9, ""mps_l"": 32.5155, ""hsf_k"": 2, ""hsf_na"": 10, ""hsf_nb"": 10, ""hsf_l"": 22.0795, ""sup"": 14, ""chi_bits0"": 9, ""mps_l0"": 32.5155, ""hsf_keff"": 2, ""hsf_l0"": 22.0795, ""sparse_l"": 19.858, ""sv_l"": 25.858, ""feat_secs"": 0.002753, ""feat_secs_frame"": 8.8e-05, ""feat_secs_hsf"": 0.002615}"
ct,"ct:n=20,L=2,t=0,nn=0",1,"{""n"": 20.0, ""L"": 2.0, ""t"": 0.0, ""nn"": 0.0}",plan,ok,0.000139,0.0042,2179072,0.0,0,-0.0,0.0,engine=zero aborted=[] plan_secs=0.000131,"{""n"": 20, ""gates"": 58, ""g2"": 20, ""g3"": 0, ""depth2"": 2, ""t_count"": 0, ""rotations"": 0, ""d"": 0, ""dense_l"": 0.0, ""redundant"": 0, ""obs_zero"": true, ""frame_l"": 5.858, ""chi_bits"": 9, ""mps_l"": 32.5155, ""hsf_k"": 2, ""hsf_na"": 10, ""hsf_nb"": 10, ""hsf_l"": 22.0795, ""sup"": 14, ""chi_bits0"": 9, ""mps_l0"": 32.5155, ""hsf_keff"": 2, ""hsf_l0"": 22.0795, ""sparse_l"": 19.858, ""sv_l"": 25.858, ""feat_secs"": 0.002753, ""feat_secs_frame"": 8.8e-05, ""feat_secs_hsf"": 0.002615}"
ct,"ct:n=20,L=2,t=8,nn=0",1,"{""n"": 20.0, ""L"": 2.0, ""t"": 8.0, ""nn"": 0.0}",planx,ok,0.000205,0.0046,2211840,0.0,0,0.0,0.0,engine=cstate aborted=[] plan_secs=0.000156,"{""n"": 20, ""gates"": 76, ""g2"": 20, ""g3"": 0, ""depth2"": 2, ""t_count"": 8, ""rotations"": 8, ""d"": 5, ""dense_l"": 6.4263, ""redundant"": 3, ""obs_zero"": true, ""frame_l"": 6.2479, ""chi_bits"": 10, ""mps_l"": 35.4861, ""hsf_k"": 0, ""hsf_na"": 10, ""hsf_nb"": 10, ""hsf_l"": 20.1033, ""sup"": 16, ""chi_bits0"": 10, ""mps_l0"": 35.4861, ""hsf_keff"": 0, ""hsf_l0"": 20.1033, ""sparse_l"": 22.2479, ""sv_l"": 26.2479, ""feat_secs"": 0.002696, ""feat_secs_frame"": 0.000104, ""feat_secs_hsf"": 0.002532}"
ct,"ct:n=20,L=2,t=8,nn=0",1,"{""n"": 20.0, ""L"": 2.0, ""t"": 8.0, ""nn"": 0.0}",planp,ok,0.000229,0.0042,2211840,0.0,0,0.0,0.0,engine=cstate aborted=[] plan_secs=0.000163,"{""n"": 20, ""gates"": 76, ""g2"": 20, ""g3"": 0, ""depth2"": 2, ""t_count"": 8, ""rotations"": 8, ""d"": 5, ""dense_l"": 6.4263, ""redundant"": 3, ""obs_zero"": true, ""frame_l"": 6.2479, ""chi_bits"": 10, ""mps_l"": 35.4861, ""hsf_k"": 0, ""hsf_na"": 10, ""hsf_nb"": 10, ""hsf_l"": 20.1033, ""sup"": 16, ""chi_bits0"": 10, ""mps_l0"": 35.4861, ""hsf_keff"": 0, ""hsf_l0"": 20.1033, ""sparse_l"": 22.2479, ""sv_l"": 26.2479, ""feat_secs"": 0.002696, ""feat_secs_frame"": 0.000104, ""feat_secs_hsf"": 0.002532}"
ct,"ct:n=20,L=2,t=8,nn=0",1,"{""n"": 20.0, ""L"": 2.0, ""t"": 8.0, ""nn"": 0.0}",plan,ok,0.000156,0.0044,2162688,0.0,0,0.0,0.0,engine=zero aborted=[] plan_secs=0.000147,"{""n"": 20, ""gates"": 76, ""g2"": 20, ""g3"": 0, ""depth2"": 2, ""t_count"": 8, ""rotations"": 8, ""d"": 5, ""dense_l"": 6.4263, ""redundant"": 3, ""obs_zero"": true, ""frame_l"": 6.2479, ""chi_bits"": 10, ""mps_l"": 35.4861, ""hsf_k"": 0, ""hsf_na"": 10, ""hsf_nb"": 10, ""hsf_l"": 20.1033, ""sup"": 16, ""chi_bits0"": 10, ""mps_l0"": 35.4861, ""hsf_keff"": 0, ""hsf_l0"": 20.1033, ""sparse_l"": 22.2479, ""sv_l"": 26.2479, ""feat_secs"": 0.002696, ""feat_secs_frame"": 0.000104, ""feat_secs_hsf"": 0.002532}"
ct,"ct:n=20,L=2,t=24,nn=0",1,"{""n"": 20.0, ""L"": 2.0, ""t"": 24.0, ""nn"": 0.0}",planx,ok,0.000884,0.0074,3260416,0.0,0,0.0,0.0,engine=cstate aborted=[] plan_secs=0.000188,"{""n"": 20, ""gates"": 109, ""g2"": 20, ""g3"": 0, ""depth2"": 2, ""t_count"": 24, ""rotations"": 24, ""d"": 15, ""dense_l"": 17.6148, ""redundant"": 9, ""obs_zero"": true, ""frame_l"": 6.7682, ""chi_bits"": 10, ""mps_l"": 35.9359, ""hsf_k"": 2, ""hsf_na"": 10, ""hsf_nb"": 10, ""hsf_l"": 22.1459, ""sup"": 20, ""chi_bits0"": 10, ""mps_l0"": 35.9359, ""hsf_keff"": 2, ""hsf_l0"": 22.1459, ""sparse_l"": 26.7682, ""sv_l"": 26.7682, ""feat_secs"": 0.002949, ""feat_secs_frame"": 0.000124, ""feat_secs_hsf"": 0.002771}"
ct,"ct:n=20,L=2,t=24,nn=0",1,"{""n"": 20.0, ""L"": 2.0, ""t"": 24.0, ""nn"": 0.0}",planp,ok,0.000988,0.0075,3260416,0.0,0,0.0,0.0,engine=cstate aborted=[] plan_secs=0.000238,"{""n"": 20, ""gates"": 109, ""g2"": 20, ""g3"": 0, ""depth2"": 2, ""t_count"": 24, ""rotations"": 24, ""d"": 15, ""dense_l"": 17.6148, ""redundant"": 9, ""obs_zero"": true, ""frame_l"": 6.7682, ""chi_bits"": 10, ""mps_l"": 35.9359, ""hsf_k"": 2, ""hsf_na"": 10, ""hsf_nb"": 10, ""hsf_l"": 22.1459, ""sup"": 20, ""chi_bits0"": 10, ""mps_l0"": 35.9359, ""hsf_keff"": 2, ""hsf_l0"": 22.1459, ""sparse_l"": 26.7682, ""sv_l"": 26.7682, ""feat_secs"": 0.002949, ""feat_secs_frame"": 0.000124, ""feat_secs_hsf"": 0.002771}"
ct,"ct:n=20,L=2,t=24,nn=0",1,"{""n"": 20.0, ""L"": 2.0, ""t"": 24.0, ""nn"": 0.0}",plan,ok,0.000202,0.0042,2195456,0.0,0,0.0,0.0,engine=zero aborted=[] plan_secs=0.000196,"{""n"": 20, ""gates"": 109, ""g2"": 20, ""g3"": 0, ""depth2"": 2, ""t_count"": 24, ""rotations"": 24, ""d"": 15, ""dense_l"": 17.6148, ""redundant"": 9, ""obs_zero"": true, ""frame_l"": 6.7682, ""chi_bits"": 10, ""mps_l"": 35.9359, ""hsf_k"": 2, ""hsf_na"": 10, ""hsf_nb"": 10, ""hsf_l"": 22.1459, ""sup"": 20, ""chi_bits0"": 10, ""mps_l0"": 35.9359, ""hsf_keff"": 2, ""hsf_l0"": 22.1459, ""sparse_l"": 26.7682, ""sv_l"": 26.7682, ""feat_secs"": 0.002949, ""feat_secs_frame"": 0.000124, ""feat_secs_hsf"": 0.002771}"
ct,"ct:n=20,L=4,t=0,nn=0",1,"{""n"": 20.0, ""L"": 4.0, ""t"": 0.0, ""nn"": 0.0}",planx,ok,7e-05,0.0067,2146304,-0.0,0,-0.0,0.0,engine=tableau aborted=[] plan_secs=0.000000,"{""n"": 20, ""gates"": 113, ""g2"": 40, ""g3"": 0, ""depth2"": 4, ""t_count"": 0, ""rotations"": 0, ""d"": 0, ""dense_l"": 0.0, ""redundant"": 0, ""obs_zero"": true, ""frame_l"": 6.8202, ""chi_bits"": 10, ""mps_l"": 36.8756, ""hsf_k"": 8, ""hsf_na"": 10, ""hsf_nb"": 10, ""hsf_l"": 26.151, ""sup"": 19, ""chi_bits0"": 10, ""mps_l0"": 36.8756, ""hsf_keff"": 6, ""hsf_l0"": 28.151, ""sparse_l"": 25.8202, ""sv_l"": 26.8202, ""feat_secs"": 0.004615, ""feat_secs_frame"": 0.00014, ""feat_secs_hsf"": 0.004402}"
ct,"ct:n=20,L=4,t=0,nn=0",1,"{""n"": 20.0, ""L"": 4.0, ""t"": 0.0, ""nn"": 0.0}",planp,ok,5.9e-05,0.0066,2129920,-0.0,0,-0.0,0.0,engine=tableau aborted=[] plan_secs=0.000000,"{""n"": 20, ""gates"": 113, ""g2"": 40, ""g3"": 0, ""depth2"": 4, ""t_count"": 0, ""rotations"": 0, ""d"": 0, ""dense_l"": 0.0, ""redundant"": 0, ""obs_zero"": true, ""frame_l"": 6.8202, ""chi_bits"": 10, ""mps_l"": 36.8756, ""hsf_k"": 8, ""hsf_na"": 10, ""hsf_nb"": 10, ""hsf_l"": 26.151, ""sup"": 19, ""chi_bits0"": 10, ""mps_l0"": 36.8756, ""hsf_keff"": 6, ""hsf_l0"": 28.151, ""sparse_l"": 25.8202, ""sv_l"": 26.8202, ""feat_secs"": 0.004615, ""feat_secs_frame"": 0.00014, ""feat_secs_hsf"": 0.004402}"
ct,"ct:n=20,L=4,t=0,nn=0",1,"{""n"": 20.0, ""L"": 4.0, ""t"": 0.0, ""nn"": 0.0}",plan,ok,0.000226,0.0043,2228224,0.0,0,-0.0,0.0,engine=zero aborted=[] plan_secs=0.000219,"{""n"": 20, ""gates"": 113, ""g2"": 40, ""g3"": 0, ""depth2"": 4, ""t_count"": 0, ""rotations"": 0, ""d"": 0, ""dense_l"": 0.0, ""redundant"": 0, ""obs_zero"": true, ""frame_l"": 6.8202, ""chi_bits"": 10, ""mps_l"": 36.8756, ""hsf_k"": 8, ""hsf_na"": 10, ""hsf_nb"": 10, ""hsf_l"": 26.151, ""sup"": 19, ""chi_bits0"": 10, ""mps_l0"": 36.8756, ""hsf_keff"": 6, ""hsf_l0"": 28.151, ""sparse_l"": 25.8202, ""sv_l"": 26.8202, ""feat_secs"": 0.004615, ""feat_secs_frame"": 0.00014, ""feat_secs_hsf"": 0.004402}"
ct,"ct:n=20,L=4,t=8,nn=0",1,"{""n"": 20.0, ""L"": 4.0, ""t"": 8.0, ""nn"": 0.0}",planx,ok,0.000356,0.0046,2260992,0.0,0,0.0,0.0,engine=cstate aborted=[] plan_secs=0.000278,"{""n"": 20, ""gates"": 138, ""g2"": 40, ""g3"": 0, ""depth2"": 4, ""t_count"": 8, ""rotations"": 8, ""d"": 6, ""dense_l"": 7.3399, ""redundant"": 2, ""obs_zero"": true, ""frame_l"": 7.1085, ""chi_bits"": 10, ""mps_l"": 37.6089, ""hsf_k"": 8, ""hsf_na"": 10, ""hsf_nb"": 10, ""hsf_l"": 28.1824, ""sup"": 19, ""chi_bits0"": 10, ""mps_l0"": 37.6089, ""hsf_keff"": 8, ""hsf_l0"": 28.1824, ""sparse_l"": 26.1085, ""sv_l"": 27.1085, ""feat_secs"": 0.004702, ""feat_secs_frame"": 0.000151, ""feat_secs_hsf"": 0.004472}"
ct,"ct:n=20,L=4,t=8,nn=0",1,"{""n"": 20.0, ""L"": 4.0, ""t"": 8.0, ""nn"": 0.0}",planp,ok,0.000293,0.0044,2228224,0.0,0,0.0,0.0,engine=cstate aborted=[] plan_secs=0.000220,"{""n"": 20, ""gates"": 138, ""g2"": 40, ""g3"": 0, ""depth2"": 4, ""t_count"": 8, ""rotations"": 8, ""d"": 6, ""dense_l"": 7.3399, ""redundant"": 2, ""obs_zero"": true, ""frame_l"": 7.1085, ""chi_bits"": 10, ""mps_l"": 37.6089, ""hsf_k"": 8, ""hsf_na"": 10, ""hsf_nb"": 10, ""hsf_l"": 28.1824, ""sup"": 19, ""chi_bits0"": 10, ""mps_l0"": 37.6089, ""hsf_keff"": 8, ""hsf_l0"": 28.1824, ""sparse_l"": 26.1085, ""sv_l"": 27.1085, ""feat_secs"": 0.004702, ""feat_secs_frame"": 0.000151, ""feat_secs_hsf"": 0.004472}"
ct,"ct:n=20,L=4,t=8,nn=0",1,"{""n"": 20.0, ""L"": 4.0, ""t"": 8.0, ""nn"": 0.0}",plan,ok,0.00024,0.0043,2244608,0.0,0,0.0,0.0,engine=zero aborted=[] plan_secs=0.000233,"{""n"": 20, ""gates"": 138, ""g2"": 40, ""g3"": 0, ""depth2"": 4, ""t_count"": 8, ""rotations"": 8, ""d"": 6, ""dense_l"": 7.3399, ""redundant"": 2, ""obs_zero"": true, ""frame_l"": 7.1085, ""chi_bits"": 10, ""mps_l"": 37.6089, ""hsf_k"": 8, ""hsf_na"": 10, ""hsf_nb"": 10, ""hsf_l"": 28.1824, ""sup"": 19, ""chi_bits0"": 10, ""mps_l0"": 37.6089, ""hsf_keff"": 8, ""hsf_l0"": 28.1824, ""sparse_l"": 26.1085, ""sv_l"": 27.1085, ""feat_secs"": 0.004702, ""feat_secs_frame"": 0.000151, ""feat_secs_hsf"": 0.004472}"
ct,"ct:n=20,L=4,t=24,nn=0",1,"{""n"": 20.0, ""L"": 4.0, ""t"": 24.0, ""nn"": 0.0}",planx,ok,0.003792,0.0096,4849664,-7.199436549854756e-19,0,-7.199436549854756e-19,0.0,engine=cstate aborted=[] plan_secs=0.001384,"{""n"": 20, ""gates"": 174, ""g2"": 40, ""g3"": 0, ""depth2"": 4, ""t_count"": 24, ""rotations"": 24, ""d"": 17, ""dense_l"": 19.5999, ""redundant"": 7, ""obs_zero"": false, ""frame_l"": 8.085, ""chi_bits"": 10, ""mps_l"": 38.0597, ""hsf_k"": 8, ""hsf_na"": 10, ""hsf_nb"": 10, ""hsf_l"": 27.2264, ""sup"": 20, ""chi_bits0"": 10, ""mps_l0"": 38.0597, ""hsf_keff"": 7, ""hsf_l0"": 28.2264, ""sparse_l"": 27.4429, ""sv_l"": 27.4429, ""feat_secs"": 0.005206, ""feat_secs_frame"": 0.000164, ""feat_secs_hsf"": 0.004956}"
ct,"ct:n=20,L=4,t=24,nn=0",1,"{""n"": 20.0, ""L"": 4.0, ""t"": 24.0, ""nn"": 0.0}",planp,ok,0.002922,0.0073,4833280,-7.199436549854756e-19,0,-7.199436549854756e-19,0.0,engine=cstate aborted=[] plan_secs=0.001343,"{""n"": 20, ""gates"": 174, ""g2"": 40, ""g3"": 0, ""depth2"": 4, ""t_count"": 24, ""rotations"": 24, ""d"": 17, ""dense_l"": 19.5999, ""redundant"": 7, ""obs_zero"": false, ""frame_l"": 8.085, ""chi_bits"": 10, ""mps_l"": 38.0597, ""hsf_k"": 8, ""hsf_na"": 10, ""hsf_nb"": 10, ""hsf_l"": 27.2264, ""sup"": 20, ""chi_bits0"": 10, ""mps_l0"": 38.0597, ""hsf_keff"": 7, ""hsf_l0"": 28.2264, ""sparse_l"": 27.4429, ""sv_l"": 27.4429, ""feat_secs"": 0.005206, ""feat_secs_frame"": 0.000164, ""feat_secs_hsf"": 0.004956}"
ct,"ct:n=20,L=4,t=24,nn=0",1,"{""n"": 20.0, ""L"": 4.0, ""t"": 24.0, ""nn"": 0.0}",plan,ok,0.003041,0.0075,4833280,-7.199436549854756e-19,0,-7.199436549854756e-19,0.0,engine=cstate aborted=[] plan_secs=0.001326,"{""n"": 20, ""gates"": 174, ""g2"": 40, ""g3"": 0, ""depth2"": 4, ""t_count"": 24, ""rotations"": 24, ""d"": 17, ""dense_l"": 19.5999, ""redundant"": 7, ""obs_zero"": false, ""frame_l"": 8.085, ""chi_bits"": 10, ""mps_l"": 38.0597, ""hsf_k"": 8, ""hsf_na"": 10, ""hsf_nb"": 10, ""hsf_l"": 27.2264, ""sup"": 20, ""chi_bits0"": 10, ""mps_l0"": 38.0597, ""hsf_keff"": 7, ""hsf_l0"": 28.2264, ""sparse_l"": 27.4429, ""sv_l"": 27.4429, ""feat_secs"": 0.005206, ""feat_secs_frame"": 0.000164, ""feat_secs_hsf"": 0.004956}"
ct,"ct:n=20,L=8,t=0,nn=0",1,"{""n"": 20.0, ""L"": 8.0, ""t"": 0.0, ""nn"": 0.0}",planx,ok,7.7e-05,0.0067,2228224,-0.0,0,-0.0,0.0,engine=tableau aborted=[] plan_secs=0.000000,"{""n"": 20, ""gates"": 224, ""g2"": 80, ""g3"": 0, ""depth2"": 8, ""t_count"": 0, ""rotations"": 0, ""d"": 0, ""dense_l"": 0.0, ""redundant"": 0, ""obs_zero"": true, ""frame_l"": 7.8074, ""chi_bits"": 10, ""mps_l"": 38.9857, ""hsf_k"": 22, ""hsf_na"": 8, ""hsf_nb"": 12, ""hsf_l"": 40.9069, ""sup"": 20, ""chi_bits0"": 10, ""mps_l0"": 38.9857, ""hsf_keff"": 20, ""hsf_l0"": 42.9069, ""sparse_l"": 27.8074, ""sv_l"": 27.8074, ""feat_secs"": 0.0091, ""feat_secs_frame"": 0.000253, ""feat_secs_hsf"": 0.008734}"
ct,"ct:n=20,L=8,t=0,nn=0",1,"{""n"": 20.0, ""L"": 8.0, ""t"": 0.0, ""nn"": 0.0}",planp,ok,7.5e-05,0.0046,2211840,-0.0,0,-0.0,0.0,engine=tableau aborted=[] plan_secs=0.000000,"{""n"": 20, ""gates"": 224, ""g2"": 80, ""g3"": 0, ""depth2"": 8, ""t_count"": 0, ""rotations"": 0, ""d"": 0, ""dense_l"": 0.0, ""redundant"": 0, ""obs_zero"": true, ""frame_l"": 7.8074, ""chi_bits"": 10, ""mps_l"": 38.9857, ""hsf_k"": 22, ""hsf_na"": 8, ""hsf_nb"": 12, ""hsf_l"": 40.9069, ""sup"": 20, ""chi_bits0"": 10, ""mps_l0"": 38.9857, ""hsf_keff"": 20, ""hsf_l0"": 42.9069, ""sparse_l"": 27.8074, ""sv_l"": 27.8074, ""feat_secs"": 0.0091, ""feat_secs_frame"": 0.000253, ""feat_secs_hsf"": 0.008734}"
ct,"ct:n=20,L=8,t=0,nn=0",1,"{""n"": 20.0, ""L"": 8.0, ""t"": 0.0, ""nn"": 0.0}",plan,ok,0.000329,0.0041,2293760,0.0,0,-0.0,0.0,engine=zero aborted=[] plan_secs=0.000323,"{""n"": 20, ""gates"": 224, ""g2"": 80, ""g3"": 0, ""depth2"": 8, ""t_count"": 0, ""rotations"": 0, ""d"": 0, ""dense_l"": 0.0, ""redundant"": 0, ""obs_zero"": true, ""frame_l"": 7.8074, ""chi_bits"": 10, ""mps_l"": 38.9857, ""hsf_k"": 22, ""hsf_na"": 8, ""hsf_nb"": 12, ""hsf_l"": 40.9069, ""sup"": 20, ""chi_bits0"": 10, ""mps_l0"": 38.9857, ""hsf_keff"": 20, ""hsf_l0"": 42.9069, ""sparse_l"": 27.8074, ""sv_l"": 27.8074, ""feat_secs"": 0.0091, ""feat_secs_frame"": 0.000253, ""feat_secs_hsf"": 0.008734}"
ct,"ct:n=20,L=8,t=8,nn=0",1,"{""n"": 20.0, ""L"": 8.0, ""t"": 8.0, ""nn"": 0.0}",planx,ok,0.000524,0.0074,2293760,0.0,0,0.0,0.0,engine=cstate aborted=[] plan_secs=0.000405,"{""n"": 20, ""gates"": 247, ""g2"": 80, ""g3"": 0, ""depth2"": 8, ""t_count"": 8, ""rotations"": 8, ""d"": 6, ""dense_l"": 7.375, ""redundant"": 2, ""obs_zero"": true, ""frame_l"": 7.9484, ""chi_bits"": 10, ""mps_l"": 39.2442, ""hsf_k"": 16, ""hsf_na"": 6, ""hsf_nb"": 14, ""hsf_l"": 34.2808, ""sup"": 20, ""chi_bits0"": 10, ""mps_l0"": 39.2442, ""hsf_keff"": 12, ""hsf_l0"": 38.2808, ""sparse_l"": 27.9484, ""sv_l"": 27.9484, ""feat_secs"": 0.008602, ""feat_secs_frame"": 0.000243, ""feat_secs_hsf"": 0.00824}"
ct,"ct:n=20,L=8,t=8,nn=0",1,"{""n"": 20.0, ""L"": 8.0, ""t"": 8.0, ""nn"": 0.0}",planp,ok,0.00051,0.0042,2310144,0.0,0,0.0,0.0,engine=cstate aborted=[] plan_secs=0.000350,"{""n"": 20, ""gates"": 247, ""g2"": 80, ""g3"": 0, ""depth2"": 8, ""t_count"": 8, ""rotations"": 8, ""d"": 6, ""dense_l"": 7.375, ""redundant"": 2, ""obs_zero"": true, ""frame_l"": 7.9484, ""chi_bits"": 10, ""mps_l"": 39.2442, ""hsf_k"": 16, ""hsf_na"": 6, ""hsf_nb"": 14, ""hsf_l"": 34.2808, ""sup"": 20, ""chi_bits0"": 10, ""mps_l0"": 39.2442, ""hsf_keff"": 12, ""hsf_l0"": 38.2808, ""sparse_l"": 27.9484, ""sv_l"": 27.9484, ""feat_secs"": 0.008602, ""feat_secs_frame"": 0.000243, ""feat_secs_hsf"": 0.00824}"
ct,"ct:n=20,L=8,t=8,nn=0",1,"{""n"": 20.0, ""L"": 8.0, ""t"": 8.0, ""nn"": 0.0}",plan,ok,0.000357,0.0041,2277376,0.0,0,0.0,0.0,engine=zero aborted=[] plan_secs=0.000349,"{""n"": 20, ""gates"": 247, ""g2"": 80, ""g3"": 0, ""depth2"": 8, ""t_count"": 8, ""rotations"": 8, ""d"": 6, ""dense_l"": 7.375, ""redundant"": 2, ""obs_zero"": true, ""frame_l"": 7.9484, ""chi_bits"": 10, ""mps_l"": 39.2442, ""hsf_k"": 16, ""hsf_na"": 6, ""hsf_nb"": 14, ""hsf_l"": 34.2808, ""sup"": 20, ""chi_bits0"": 10, ""mps_l0"": 39.2442, ""hsf_keff"": 12, ""hsf_l0"": 38.2808, ""sparse_l"": 27.9484, ""sv_l"": 27.9484, ""feat_secs"": 0.008602, ""feat_secs_frame"": 0.000243, ""feat_secs_hsf"": 0.00824}"
ct,"ct:n=20,L=8,t=24,nn=0",1,"{""n"": 20.0, ""L"": 8.0, ""t"": 24.0, ""nn"": 0.0}",planx,ok,0.001518,0.0075,4751360,0.0,0,0.0,0.0,engine=cstate aborted=[] plan_secs=0.000399,"{""n"": 20, ""gates"": 287, ""g2"": 80, ""g3"": 0, ""depth2"": 8, ""t_count"": 24, ""rotations"": 24, ""d"": 17, ""dense_l"": 18.7127, ""redundant"": 7, ""obs_zero"": true, ""frame_l"": 8.1649, ""chi_bits"": 10, ""mps_l"": 39.4843, ""hsf_k"": 24, ""hsf_na"": 10, ""hsf_nb"": 10, ""hsf_l"": 42.3565, ""sup"": 20, ""chi_bits0"": 10, ""mps_l0"": 39.4843, ""hsf_keff"": 22, ""hsf_l0"": 44.3565, ""sparse_l"": 28.1649, ""sv_l"": 28.1649, ""feat_secs"": 0.009166, ""feat_secs_frame"": 0.000269, ""feat_secs_hsf"": 0.008768}"
ct,"ct:n=20,L=8,t=24,nn=0",1,"{""n"": 20.0, ""L"": 8.0, ""t"": 24.0, ""nn"": 0.0}",planp,ok,0.001465,0.0066,4751360,0.0,0,0.0,0.0,engine=cstate aborted=[] plan_secs=0.000395,"{""n"": 20, ""gates"": 287, ""g2"": 80, ""g3"": 0, ""depth2"": 8, ""t_count"": 24, ""rotations"": 24, ""d"": 17, ""dense_l"": 18.7127, ""redundant"": 7, ""obs_zero"": true, ""frame_l"": 8.1649, ""chi_bits"": 10, ""mps_l"": 39.4843, ""hsf_k"": 24, ""hsf_na"": 10, ""hsf_nb"": 10, ""hsf_l"": 42.3565, ""sup"": 20, ""chi_bits0"": 10, ""mps_l0"": 39.4843, ""hsf_keff"": 22, ""hsf_l0"": 44.3565, ""sparse_l"": 28.1649, ""sv_l"": 28.1649, ""feat_secs"": 0.009166, ""feat_secs_frame"": 0.000269, ""feat_secs_hsf"": 0.008768}"
ct,"ct:n=20,L=8,t=24,nn=0",1,"{""n"": 20.0, ""L"": 8.0, ""t"": 24.0, ""nn"": 0.0}",plan,ok,0.000407,0.0044,2293760,0.0,0,0.0,0.0,engine=zero aborted=[] plan_secs=0.000395,"{""n"": 20, ""gates"": 287, ""g2"": 80, ""g3"": 0, ""depth2"": 8, ""t_count"": 24, ""rotations"": 24, ""d"": 17, ""dense_l"": 18.7127, ""redundant"": 7, ""obs_zero"": true, ""frame_l"": 8.1649, ""chi_bits"": 10, ""mps_l"": 39.4843, ""hsf_k"": 24, ""hsf_na"": 10, ""hsf_nb"": 10, ""hsf_l"": 42.3565, ""sup"": 20, ""chi_bits0"": 10, ""mps_l0"": 39.4843, ""hsf_keff"": 22, ""hsf_l0"": 44.3565, ""sparse_l"": 28.1649, ""sv_l"": 28.1649, ""feat_secs"": 0.009166, ""feat_secs_frame"": 0.000269, ""feat_secs_hsf"": 0.008768}"
ct,"ct:n=24,L=1,t=0,nn=0",1,"{""n"": 24.0, ""L"": 1.0, ""t"": 0.0, ""nn"": 0.0}",planx,ok,5.4e-05,0.0044,2129920,-0.0,0,-0.0,0.0,engine=tableau aborted=[] plan_secs=0.000000,"{""n"": 24, ""gates"": 36, ""g2"": 12, ""g3"": 0, ""depth2"": 1, ""t_count"": 0, ""rotations"": 0, ""d"": 0, ""dense_l"": 0.0, ""redundant"": 0, ""obs_zero"": true, ""frame_l"": 5.1699, ""chi_bits"": 8, ""mps_l"": 27.1887, ""hsf_k"": 0, ""hsf_na"": 12, ""hsf_nb"": 12, ""hsf_l"": 24.0126, ""sup"": 12, ""chi_bits0"": 8, ""mps_l0"": 27.1887, ""hsf_keff"": 0, ""hsf_l0"": 24.0126, ""sparse_l"": 17.1699, ""sv_l"": 29.1699, ""feat_secs"": 0.002972, ""feat_secs_frame"": 6.3e-05, ""feat_secs_hsf"": 0.002879}"
ct,"ct:n=24,L=1,t=0,nn=0",1,"{""n"": 24.0, ""L"": 1.0, ""t"": 0.0, ""nn"": 0.0}",planp,ok,5.3e-05,0.0044,2113536,-0.0,0,-0.0,0.0,engine=tableau aborted=[] plan_secs=0.000000,"{""n"": 24, ""gates"": 36, ""g2"": 12, ""g3"": 0, ""depth2"": 1, ""t_count"": 0, ""rotations"": 0, ""d"": 0, ""dense_l"": 0.0, ""redundant"": 0, ""obs_zero"": true, ""frame_l"": 5.1699, ""chi_bits"": 8, ""mps_l"": 27.1887, ""hsf_k"": 0, ""hsf_na"": 12, ""hsf_nb"": 12, ""hsf_l"": 24.0126, ""sup"": 12, ""chi_bits0"": 8, ""mps_l0"": 27.1887, ""hsf_keff"": 0, ""hsf_l0"": 24.0126, ""sparse_l"": 17.1699, ""sv_l"": 29.1699, ""feat_secs"": 0.002972, ""feat_secs_frame"": 6.3e-05, ""feat_secs_hsf"": 0.002879}"
ct,"ct:n=24,L=1,t=0,nn=0",1,"{""n"": 24.0, ""L"": 1.0, ""t"": 0.0, ""nn"": 0.0}",plan,ok,0.000103,0.0043,2146304,0.0,0,-0.0,0.0,engine=zero aborted=[] plan_secs=0.000096,"{""n"": 24, ""gates"": 36, ""g2"": 12, ""g3"": 0, ""depth2"": 1, ""t_count"": 0, ""rotations"": 0, ""d"": 0, ""dense_l"": 0.0, ""redundant"": 0, ""obs_zero"": true, ""frame_l"": 5.1699, ""chi_bits"": 8, ""mps_l"": 27.1887, ""hsf_k"": 0, ""hsf_na"": 12, ""hsf_nb"": 12, ""hsf_l"": 24.0126, ""sup"": 12, ""chi_bits0"": 8, ""mps_l0"": 27.1887, ""hsf_keff"": 0, ""hsf_l0"": 24.0126, ""sparse_l"": 17.1699, ""sv_l"": 29.1699, ""feat_secs"": 0.002972, ""feat_secs_frame"": 6.3e-05, ""feat_secs_hsf"": 0.002879}"
ct,"ct:n=24,L=1,t=8,nn=0",1,"{""n"": 24.0, ""L"": 1.0, ""t"": 8.0, ""nn"": 0.0}",planx,ok,0.000164,0.0066,2179072,0.0,0,0.0,0.0,engine=cstate aborted=[] plan_secs=0.000118,"{""n"": 24, ""gates"": 52, ""g2"": 12, ""g3"": 0, ""depth2"": 1, ""t_count"": 8, ""rotations"": 8, ""d"": 4, ""dense_l"": 5.858, ""redundant"": 4, ""obs_zero"": true, ""frame_l"": 5.7004, ""chi_bits"": 7, ""mps_l"": 25.7609, ""hsf_k"": 0, ""hsf_na"": 12, ""hsf_nb"": 12, ""hsf_l"": 24.0182, ""sup"": 17, ""chi_bits0"": 7, ""mps_l0"": 25.7609, ""hsf_keff"": 0, ""hsf_l0"": 24.0182, ""sparse_l"": 22.7004, ""sv_l"": 29.7004, ""feat_secs"": 0.002687, ""feat_secs_frame"": 7.3e-05, ""feat_secs_hsf"": 0.002567}"
ct,"ct:n=24,L=1,t=8,nn=0",1,"{""n"": 24.0, ""L"": 1.0, ""t"": 8.0, ""nn"": 0.0}",planp,ok,0.000187,0.0044,2179072,0.0,0,0.0,0.0,engine=cstate aborted=[] plan_secs=0.000138,"{""n"": 24, ""gates"": 52, ""g2"": 12, ""g3"": 0, ""depth2"": 1, ""t_count"": 8, ""rotations"": 8, ""d"": 4, ""dense_l"": 5.858, ""redundant"": 4, ""obs_zero"": true, ""frame_l"": 5.7004, ""chi_bits"": 7, ""mps_l"": 25.7609, ""hsf_k"": 0, ""hsf_na"": 12, ""hsf_nb"": 12, ""hsf_l"": 24.0182, ""sup"": 17, ""chi_bits0"": 7, ""mps_l0"": 25.7609, ""hsf_keff"": 0, ""hsf_l0"": 24.0182, ""sparse_l"": 22.7004, ""sv_l"": 29.7004, ""feat_secs"": 0.002687, ""feat_secs_frame"": 7.3e-05, ""feat_secs_hsf"": 0.002567}"
ct,"ct:n=24,L=1,t=8,nn=0",1,"{""n"": 24.0, ""L"": 1.0, ""t"": 8.0, ""nn"": 0.0}",plan,ok,0.000116,0.0043,2146304,0.0,0,0.0,0.0,engine=zero aborted=[] plan_secs=0.000108,"{""n"": 24, ""gates"": 52, ""g2"": 12, ""g3"": 0, ""depth2"": 1, ""t_count"": 8, ""rotations"": 8, ""d"": 4, ""dense_l"": 5.858, ""redundant"": 4, ""obs_zero"": true, ""frame_l"": 5.7004, ""chi_bits"": 7, ""mps_l"": 25.7609, ""hsf_k"": 0, ""hsf_na"": 12, ""hsf_nb"": 12, ""hsf_l"": 24.0182, ""sup"": 17, ""chi_bits0"": 7, ""mps_l0"": 25.7609, ""hsf_keff"": 0, ""hsf_l0"": 24.0182, ""sparse_l"": 22.7004, ""sv_l"": 29.7004, ""feat_secs"": 0.002687, ""feat_secs_frame"": 7.3e-05, ""feat_secs_hsf"": 0.002567}"
ct,"ct:n=24,L=1,t=24,nn=0",1,"{""n"": 24.0, ""L"": 1.0, ""t"": 24.0, ""nn"": 0.0}",planx,ok,0.000552,0.0046,3047424,0.0,0,0.0,0.0,engine=cstate aborted=[] plan_secs=0.000153,"{""n"": 24, ""gates"": 84, ""g2"": 12, ""g3"": 0, ""depth2"": 1, ""t_count"": 24, ""rotations"": 24, ""d"": 15, ""dense_l"": 17.2297, ""redundant"": 9, ""obs_zero"": true, ""frame_l"": 6.3923, ""chi_bits"": 6, ""mps_l"": 23.5861, ""hsf_k"": 0, ""hsf_na"": 12, ""hsf_nb"": 12, ""hsf_l"": 24.0293, ""sup"": 24, ""chi_bits0"": 6, ""mps_l0"": 23.5861, ""hsf_keff"": 0, ""hsf_l0"": 24.0293, ""sparse_l"": 30.3923, ""sv_l"": 30.3923, ""feat_secs"": 0.002802, ""feat_secs_frame"": 9.9e-05, ""feat_secs_hsf"": 0.002636}"
ct,"ct:n=24,L=1,t=24,nn=0",1,"{""n"": 24.0, ""L"": 1.0, ""t"": 24.0, ""nn"": 0.0}",planp,ok,0.000567,0.0072,3047424,0.0,0,0.0,0.0,engine=cstate aborted=[] plan_secs=0.000146,"{""n"": 24, ""gates"": 84, ""g2"": 12, ""g3"": 0, ""depth2"": 1, ""t_count"": 24, ""rotations"": 24, ""d"": 15, ""dense_l"": 17.2297, ""redundant"": 9, ""obs_zero"": true, ""frame_l"": 6.3923, ""chi_bits"": 6, ""mps_l"": 23.5861, ""hsf_k"": 0, ""hsf_na"": 12, ""hsf_nb"": 12, ""hsf_l"": 24.0293, ""sup"": 24, ""chi_bits0"": 6, ""mps_l0"": 23.5861, ""hsf_keff"": 0, ""hsf_l0"": 24.0293, ""sparse_l"": 30.3923, ""sv_l"": 30.3923, ""feat_secs"": 0.002802, ""feat_secs_frame"": 9.9e-05, ""feat_secs_hsf"": 0.002636}"
ct,"ct:n=24,L=1,t=24,nn=0",1,"{""n"": 24.0, ""L"": 1.0, ""t"": 24.0, ""nn"": 0.0}",plan,ok,0.000214,0.0061,2162688,0.0,0,0.0,0.0,engine=zero aborted=[] plan_secs=0.000206,"{""n"": 24, ""gates"": 84, ""g2"": 12, ""g3"": 0, ""depth2"": 1, ""t_count"": 24, ""rotations"": 24, ""d"": 15, ""dense_l"": 17.2297, ""redundant"": 9, ""obs_zero"": true, ""frame_l"": 6.3923, ""chi_bits"": 6, ""mps_l"": 23.5861, ""hsf_k"": 0, ""hsf_na"": 12, ""hsf_nb"": 12, ""hsf_l"": 24.0293, ""sup"": 24, ""chi_bits0"": 6, ""mps_l0"": 23.5861, ""hsf_keff"": 0, ""hsf_l0"": 24.0293, ""sparse_l"": 30.3923, ""sv_l"": 30.3923, ""feat_secs"": 0.002802, ""feat_secs_frame"": 9.9e-05, ""feat_secs_hsf"": 0.002636}"
ct,"ct:n=24,L=2,t=0,nn=0",1,"{""n"": 24.0, ""L"": 2.0, ""t"": 0.0, ""nn"": 0.0}",planx,ok,6.6e-05,0.0044,2129920,-0.0,0,-0.0,0.0,engine=tableau aborted=[] plan_secs=0.000000,"{""n"": 24, ""gates"": 74, ""g2"": 24, ""g3"": 0, ""depth2"": 2, ""t_count"": 0, ""rotations"": 0, ""d"": 0, ""dense_l"": 0.0, ""redundant"": 0, ""obs_zero"": true, ""frame_l"": 6.2095, ""chi_bits"": 12, ""mps_l"": 42.0684, ""hsf_k"": 2, ""hsf_na"": 12, ""hsf_nb"": 12, ""hsf_l"": 25.0258, ""sup"": 21, ""chi_bits0"": 12, ""mps_l0"": 42.0684, ""hsf_keff"": 1, ""hsf_l0"": 26.0258, ""sparse_l"": 27.2095, ""sv_l"": 30.2095, ""feat_secs"": 0.005228, ""feat_secs_frame"": 0.000108, ""feat_secs_hsf"": 0.00506}"
ct,"ct:n=24,L=2,t=0,nn=0",1,"{""n"": 24.0, ""L"": 2.0, ""t"": 0.0, ""nn"": 0.0}",planp,ok,5.6e-05,0.0043,2129920,-0.0,0,-0.0,0.0,engine=tableau aborted=[] plan_secs=0.000000,"{""n"": 24, ""gates"": 74, ""g2"": 24, ""g3"": 0, ""depth2"": 2, ""t_count"": 0, ""rotations"": 0, ""d"": 0, ""dense_l"": 0.0, ""redundant"": 0, ""obs_zero"": true, ""frame_l"": 6.2095, ""chi_bits"": 12, ""mps_l"": 42.0684, ""hsf_k"": 2, ""hsf_na"": 12, ""hsf_nb"": 12, ""hsf_l"": 25.0258, ""sup"": 21, ""chi_bits0"": 12, ""mps_l0"": 42.0684, ""hsf_keff"": 1, ""hsf_l0"": 26.0258, ""sparse_l"": 27.2095, ""sv_l"": 30.2095, ""feat_secs"": 0.005228, ""feat_secs_frame"": 0.000108, ""feat_secs_hsf"": 0.00506}"
ct,"ct:n=24,L=2,t=0,nn=0",1,"{""n"": 24.0, ""L"": 2.0, ""t"": 0.0, ""nn"": 0.0}",plan,ok,0.000167,0.0043,2179072,0.0,0,-0.0,0.0,engine=zero aborted=[] plan_secs=0.000160,"{""n"": 24, ""gates"": 74, ""g2"": 24, ""g3"": 0, ""depth2"": 2, ""t_count"": 0, ""rotations"": 0, ""d"": 0, ""dense_l"": 0.0, ""redundant"": 0, ""obs_zero"": true, ""frame_l"": 6.2095, ""chi_bits"": 12, ""mps_l"": 42.0684, ""hsf_k"": 2, ""hsf_na"": 12, ""hsf_nb"": 12, ""hsf_l"": 25.0258, ""sup"": 21, ""chi_bits0"": 12, ""mps_l0"": 42.0684, ""hsf_keff"": 1, ""hsf_l0"": 26.0258, ""sparse_l"": 27.2095, ""sv_l"": 30.2095, ""feat_secs"": 0.005228, ""feat_secs_frame"": 0.000108, ""feat_secs_hsf"": 0.00506}"
ct,"ct:n=24,L=2,t=8,nn=0",1,"{""n"": 24.0, ""L"": 2.0, ""t"": 8.0, ""nn"": 0.0}",planx,ok,0.000224,0.0045,2211840,0.0,0,0.0,0.0,engine=cstate aborted=[] plan_secs=0.000167,"{""n"": 24, ""gates"": 90, ""g2"": 24, ""g3"": 0, ""depth2"": 2, ""t_count"": 8, ""rotations"": 8, ""d"": 2, ""dense_l"": 4.0875, ""redundant"": 6, ""obs_zero"": true, ""frame_l"": 6.4919, ""chi_bits"": 12, ""mps_l"": 41.6054, ""hsf_k"": 2, ""hsf_na"": 12, ""hsf_nb"": 12, ""hsf_l"": 26.0314, ""sup"": 23, ""chi_bits0"": 12, ""mps_l0"": 41.6054, ""hsf_keff"": 2, ""hsf_l0"": 26.0314, ""sparse_l"": 29.4919, ""sv_l"": 30.4919, ""feat_secs"": 0.004504, ""feat_secs_frame"": 0.000119, ""feat_secs_hsf"": 0.004329}"
ct,"ct:n=24,L=2,t=8,nn=0",1,"{""n"": 24.0, ""L"": 2.0, ""t"": 8.0, ""nn"": 0.0}",planp,ok,0.000236,0.0068,2244608,0.0,0,0.0,0.0,engine=cstate aborted=[] plan_secs=0.000181,"{""n"": 24, ""gates"": 90, ""g2"": 24, ""g3"": 0, ""depth2"": 2, ""t_count"": 8, ""rotations"": 8, ""d"": 2, ""dense_l"": 4.0875, ""redundant"": 6, ""obs_zero"": true, ""frame_l"": 6.4919, ""chi_bits"": 12, ""mps_l"": 41.6054, ""hsf_k"": 2, ""hsf_na"": 12, ""hsf_nb"": 12, ""hsf_l"": 26.0314, ""sup"": 23, ""chi_bits0"": 12, ""mps_l0"": 41.6054, ""hsf_keff"": 2, ""hsf_l0"": 26.0314, ""sparse_l"": 29.4919, ""sv_l"": 30.4919, ""feat_secs"": 0.004504, ""feat_secs_frame"": 0.000119, ""feat_secs_hsf"": 0.004329}"
ct,"ct:n=24,L=2,t=8,nn=0",1,"{""n"": 24.0, ""L"": 2.0, ""t"": 8.0, ""nn"": 0.0}",plan,ok,0.000243,0.0063,2228224,0.0,0,0.0,0.0,engine=zero aborted=[] plan_secs=0.000235,"{""n"": 24, ""gates"": 90, ""g2"": 24, ""g3"": 0, ""depth2"": 2, ""t_count"": 8, ""rotations"": 8, ""d"": 2, ""dense_l"": 4.0875, ""redundant"": 6, ""obs_zero"": true, ""frame_l"": 6.4919, ""chi_bits"": 12, ""mps_l"": 41.6054, ""hsf_k"": 2, ""hsf_na"": 12, ""hsf_nb"": 12, ""hsf_l"": 26.0314, ""sup"": 23, ""chi_bits0"": 12, ""mps_l0"": 41.6054, ""hsf_keff"": 2, ""hsf_l0"": 26.0314, ""sparse_l"": 29.4919, ""sv_l"": 30.4919, ""feat_secs"": 0.004504, ""feat_secs_frame"": 0.000119, ""feat_secs_hsf"": 0.004329}"
ct,"ct:n=24,L=2,t=24,nn=0",1,"{""n"": 24.0, ""L"": 2.0, ""t"": 24.0, ""nn"": 0.0}",planx,ok,0.000523,0.0068,3014656,0.0,0,0.0,0.0,engine=cstate aborted=[] plan_secs=0.000196,"{""n"": 24, ""gates"": 119, ""g2"": 24, ""g3"": 0, ""depth2"": 2, ""t_count"": 24, ""rotations"": 24, ""d"": 15, ""dense_l"": 16.3315, ""redundant"": 9, ""obs_zero"": true, ""frame_l"": 6.8948, ""chi_bits"": 11, ""mps_l"": 37.7785, ""hsf_k"": 0, ""hsf_na"": 10, ""hsf_nb"": 14, ""hsf_l"": 24.1586, ""sup"": 21, ""chi_bits0"": 11, ""mps_l0"": 37.7785, ""hsf_keff"": 0, ""hsf_l0"": 24.1586, ""sparse_l"": 27.8948, ""sv_l"": 30.8948, ""feat_secs"": 0.004564, ""feat_secs_frame"": 0.000135, ""feat_secs_hsf"": 0.004359}"
ct,"ct:n=24,L=2,t=24,nn=0",1,"{""n"": 24.0, ""L"": 2.0, ""t"": 24.0, ""nn"": 0.0}",planp,ok,0.000529,0.0067,3047424,0.0,0,0.0,0.0,engine=cstate aborted=[] plan_secs=0.000197,"{""n"": 24, ""gates"": 119, ""g2"": 24, ""g3"": 0, ""depth2"": 2, ""t_count"": 24, ""rotations"": 24, ""d"": 15, ""dense_l"": 16.3315, ""redundant"": 9, ""obs_zero"": true, ""frame_l"": 6.8948, ""chi_bits"": 11, ""mps_l"": 37.7785, ""hsf_k"": 0, ""hsf_na"": 10, ""hsf_nb"": 14, ""hsf_l"": 24.1586, ""sup"": 21, ""chi_bits0"": 11, ""mps_l0"": 37.7785, ""hsf_keff"": 0, ""hsf_l0"": 24.1586, ""sparse_l"": 27.8948, ""sv_l"": 30.8948, ""feat_secs"": 0.004564, ""feat_secs_frame"": 0.000135, ""feat_secs_hsf"": 0.004359}"
ct,"ct:n=24,L=2,t=24,nn=0",1,"{""n"": 24.0, ""L"": 2.0, ""t"": 24.0, ""nn"": 0.0}",plan,ok,0.000195,0.0044,2195456,0.0,0,0.0,0.0,engine=zero aborted=[] plan_secs=0.000187,"{""n"": 24, ""gates"": 119, ""g2"": 24, ""g3"": 0, ""depth2"": 2, ""t_count"": 24, ""rotations"": 24, ""d"": 15, ""dense_l"": 16.3315, ""redundant"": 9, ""obs_zero"": true, ""frame_l"": 6.8948, ""chi_bits"": 11, ""mps_l"": 37.7785, ""hsf_k"": 0, ""hsf_na"": 10, ""hsf_nb"": 14, ""hsf_l"": 24.1586, ""sup"": 21, ""chi_bits0"": 11, ""mps_l0"": 37.7785, ""hsf_keff"": 0, ""hsf_l0"": 24.1586, ""sparse_l"": 27.8948, ""sv_l"": 30.8948, ""feat_secs"": 0.004564, ""feat_secs_frame"": 0.000135, ""feat_secs_hsf"": 0.004359}"
ct,"ct:n=24,L=4,t=0,nn=0",1,"{""n"": 24.0, ""L"": 4.0, ""t"": 0.0, ""nn"": 0.0}",planx,ok,6.5e-05,0.0044,2179072,-0.0,0,-0.0,0.0,engine=tableau aborted=[] plan_secs=0.000000,"{""n"": 24, ""gates"": 151, ""g2"": 48, ""g3"": 0, ""depth2"": 4, ""t_count"": 0, ""rotations"": 0, ""d"": 0, ""dense_l"": 0.0, ""redundant"": 0, ""obs_zero"": true, ""frame_l"": 7.2384, ""chi_bits"": 12, ""mps_l"": 44.1742, ""hsf_k"": 10, ""hsf_na"": 12, ""hsf_nb"": 12, ""hsf_l"": 32.0522, ""sup"": 23, ""chi_bits0"": 12, ""mps_l0"": 44.1742, ""hsf_keff"": 8, ""hsf_l0"": 34.0522, ""sparse_l"": 30.2384, ""sv_l"": 31.2384, ""feat_secs"": 0.00797, ""feat_secs_frame"": 0.000162, ""feat_secs_hsf"": 0.007729}"
ct,"ct:n=24,L=4,t=0,nn=0",1,"{""n"": 24.0, ""L"": 4.0, ""t"": 0.0, ""nn"": 0.0}",planp,ok,6.4e-05,0.0045,2179072,-0.0,0,-0.0,0.0,engine=tableau aborted=[] plan_secs=0.000000,"{""n"": 24, ""gates"": 151, ""g2"": 48, ""g3"": 0, ""depth2"": 4, ""t_count"": 0, ""rotations"": 0, ""d"": 0, ""dense_l"": 0.0, ""redundant"": 0, ""obs_zero"": true, ""frame_l"": 7.2384, ""chi_bits"": 12, ""mps_l"": 44.1742, ""hsf_k"": 10, ""hsf_na"": 12, ""hsf_nb"": 12, ""hsf_l"": 32.0522, ""sup"": 23, ""chi_bits0"": 12, ""mps_l0"": 44.1742, ""hsf_keff"": 8, ""hsf_l0"": 34.0522, ""sparse_l"": 30.2384, ""sv_l"": 31.2384, ""feat_secs"": 0.00797, ""feat_secs_frame"": 0.000162, ""feat_secs_hsf"": 0.007729}"
ct,"ct:n=24,L=4,t=0,nn=0",1,"{""n"": 24.0, ""L"": 4.0, ""t"": 0.0, ""nn"": 0.0}",plan,ok,0.00026,0.0046,2244608,0.0,0,-0.0,0.0,engine=zero aborted=[] plan_secs=0.000253,"{""n"": 24, ""gates"": 151, ""g2"": 48, ""g3"": 0, ""depth2"": 4, ""t_count"": 0, ""rotations"": 0, ""d"": 0, ""dense_l"": 0.0, ""redundant"": 0, ""obs_zero"": true, ""frame_l"": 7.2384, ""chi_bits"": 12, ""mps_l"": 44.1742, ""hsf_k"": 10, ""hsf_na"": 12, ""hsf_nb"": 12, ""hsf_l"": 32.0522, ""sup"": 23, ""chi_bits0"": 12, ""mps_l0"": 44.1742, ""hsf_keff"": 8, ""hsf_l0"": 34.0522, ""sparse_l"": 30.2384, ""sv_l"": 31.2384, ""feat_secs"": 0.00797, ""feat_secs_frame"": 0.000162, ""feat_secs_hsf"": 0.007729}"
ct,"ct:n=24,L=4,t=8,nn=0",1,"{""n"": 24.0, ""L"": 4.0, ""t"": 8.0, ""nn"": 0.0}",planx,ok,0.000367,0.0043,2310144,0.0,0,0.0,0.0,engine=cstate aborted=[] plan_secs=0.000273,"{""n"": 24, ""gates"": 164, ""g2"": 48, ""g3"": 0, ""depth2"": 4, ""t_count"": 8, ""rotations"": 8, ""d"": 6, ""dense_l"": 7.0661, ""redundant"": 2, ""obs_zero"": true, ""frame_l"": 7.3576, ""chi_bits"": 12, ""mps_l"": 43.8568, ""hsf_k"": 8, ""hsf_na"": 10, ""hsf_nb"": 14, ""hsf_l"": 32.2143, ""sup"": 24, ""chi_bits0"": 12, ""mps_l0"": 43.8568, ""hsf_keff"": 8, ""hsf_l0"": 32.2143, ""sparse_l"": 31.3576, ""sv_l"": 31.3576, ""feat_secs"": 0.007788, ""feat_secs_frame"": 0.00018, ""feat_secs_hsf"": 0.007518}"
ct,"ct:n=24,L=4,t=8,nn=0",1,"{""n"": 24.0, ""L"": 4.0, ""t"": 8.0, ""nn"": 0.0}",planp,ok,0.000349,0.0042,2293760,0.0,0,0.0,0.0,engine=cstate aborted=[] plan_secs=0.000261,"{""n"": 24, ""gates"": 164, ""g2"": 48, ""g3"": 0, ""depth2"": 4, ""t_count"": 8, ""rotations"": 8, ""d"": 6, ""dense_l"": 7.0661, ""redundant"": 2, ""obs_zero"": true, ""frame_l"": 7.3576, ""chi_bits"": 12, ""mps_l"": 43.8568, ""hsf_k"": 8, ""hsf_na"": 10, ""hsf_nb"": 14, ""hsf_l"": 32.2143, ""sup"": 24, ""chi_bits0"": 12, ""mps_l0"": 43.8568, ""hsf_keff"": 8, ""hsf_l0"": 32.2143, ""sparse_l"": 31.3576, ""sv_l"": 31.3576, ""feat_secs"": 0.007788, ""feat_secs_frame"": 0.00018, ""feat_secs_hsf"": 0.007518}"
ct,"ct:n=24,L=4,t=8,nn=0",1,"{""n"": 24.0, ""L"": 4.0, ""t"": 8.0, ""nn"": 0.0}",plan,ok,0.000313,0.0044,2277376,0.0,0,0.0,0.0,engine=zero aborted=[] plan_secs=0.000304,"{""n"": 24, ""gates"": 164, ""g2"": 48, ""g3"": 0, ""depth2"": 4, ""t_count"": 8, ""rotations"": 8, ""d"": 6, ""dense_l"": 7.0661, ""redundant"": 2, ""obs_zero"": true, ""frame_l"": 7.3576, ""chi_bits"": 12, ""mps_l"": 43.8568, ""hsf_k"": 8, ""hsf_na"": 10, ""hsf_nb"": 14, ""hsf_l"": 32.2143, ""sup"": 24, ""chi_bits0"": 12, ""mps_l0"": 43.8568, ""hsf_keff"": 8, ""hsf_l0"": 32.2143, ""sparse_l"": 31.3576, ""sv_l"": 31.3576, ""feat_secs"": 0.007788, ""feat_secs_frame"": 0.00018, ""feat_secs_hsf"": 0.007518}"
ct,"ct:n=24,L=4,t=24,nn=0",1,"{""n"": 24.0, ""L"": 4.0, ""t"": 24.0, ""nn"": 0.0}",planx,ok,0.000444,0.0046,2408448,0.0,0,0.0,0.0,engine=cstate aborted=[] plan_secs=0.000287,"{""n"": 24, ""gates"": 195, ""g2"": 48, ""g3"": 0, ""depth2"": 4, ""t_count"": 24, ""rotations"": 24, ""d"": 13, ""dense_l"": 15.3344, ""redundant"": 11, ""obs_zero"": true, ""frame_l"": 7.6073, ""chi_bits"": 12, ""mps_l"": 43.7156, ""hsf_k"": 10, ""hsf_na"": 12, ""hsf_nb"": 12, ""hsf_l"": 33.0671, ""sup"": 24, ""chi_bits0"": 12, ""mps_l0"": 43.7156, ""hsf_keff"": 9, ""hsf_l0"": 34.0671, ""sparse_l"": 31.6073, ""sv_l"": 31.6073, ""feat_secs"": 0.007869, ""feat_secs_frame"": 0.00019, ""feat_secs_hsf"": 0.007583}"
ct,"ct:n=24,L=4,t=24,nn=0",1,"{""n"": 24.0, ""L"": 4.0, ""t"": 24.0, ""nn"": 0.0}",planp,ok,0.000462,0.0044,2441216,0.0,0,0.0,0.0,engine=cstate aborted=[] plan_secs=0.000304,"{""n"": 24, ""gates"": 195, ""g2"": 48, ""g3"": 0, ""depth2"": 4, ""t_count"": 24, ""rotations"": 24, ""d"": 13, ""dense_l"": 15.3344, ""redundant"": 11, ""obs_zero"": true, ""frame_l"": 7.6073, ""chi_bits"": 12, ""mps_l"": 43.7156, ""hsf_k"": 10, ""hsf_na"": 12, ""hsf_nb"": 12, ""hsf_l"": 33.0671, ""sup"": 24, ""chi_bits0"": 12, ""mps_l0"": 43.7156, ""hsf_keff"": 9, ""hsf_l0"": 34.0671, ""sparse_l"": 31.6073, ""sv_l"": 31.6073, ""feat_secs"": 0.007869, ""feat_secs_frame"": 0.00019, ""feat_secs_hsf"": 0.007583}"
ct,"ct:n=24,L=4,t=24,nn=0",1,"{""n"": 24.0, ""L"": 4.0, ""t"": 24.0, ""nn"": 0.0}",plan,ok,0.000311,0.0068,2277376,0.0,0,0.0,0.0,engine=zero aborted=[] plan_secs=0.000304,"{""n"": 24, ""gates"": 195, ""g2"": 48, ""g3"": 0, ""depth2"": 4, ""t_count"": 24, ""rotations"": 24, ""d"": 13, ""dense_l"": 15.3344, ""redundant"": 11, ""obs_zero"": true, ""frame_l"": 7.6073, ""chi_bits"": 12, ""mps_l"": 43.7156, ""hsf_k"": 10, ""hsf_na"": 12, ""hsf_nb"": 12, ""hsf_l"": 33.0671, ""sup"": 24, ""chi_bits0"": 12, ""mps_l0"": 43.7156, ""hsf_keff"": 9, ""hsf_l0"": 34.0671, ""sparse_l"": 31.6073, ""sv_l"": 31.6073, ""feat_secs"": 0.007869, ""feat_secs_frame"": 0.00019, ""feat_secs_hsf"": 0.007583}"
ct,"ct:n=24,L=8,t=0,nn=0",1,"{""n"": 24.0, ""L"": 8.0, ""t"": 0.0, ""nn"": 0.0}",planx,ok,7.9e-05,0.0071,2260992,-0.0,0,-0.0,0.0,engine=tableau aborted=[] plan_secs=0.000000,"{""n"": 24, ""gates"": 286, ""g2"": 96, ""g3"": 0, ""depth2"": 8, ""t_count"": 0, ""rotations"": 0, ""d"": 0, ""dense_l"": 0.0, ""redundant"": 0, ""obs_zero"": true, ""frame_l"": 8.1599, ""chi_bits"": 12, ""mps_l"": 45.462, ""hsf_k"": 22, ""hsf_na"": 9, ""hsf_nb"": 15, ""hsf_l"": 46.6402, ""sup"": 24, ""chi_bits0"": 12, ""mps_l0"": 45.462, ""hsf_keff"": 22, ""hsf_l0"": 46.6402, ""sparse_l"": 32.1599, ""sv_l"": 32.1599, ""feat_secs"": 0.016266, ""feat_secs_frame"": 0.000334, ""feat_secs_hsf"": 0.015711}"
ct,"ct:n=24,L=8,t=0,nn=0",1,"{""n"": 24.0, ""L"": 8.0, ""t"": 0.0, ""nn"": 0.0}",planp,ok,8.3e-05,0.0067,2260992,-0.0,0,-0.0,0.0,engine=tableau aborted=[] plan_secs=0.000000,"{""n"": 24, ""gates"": 286, ""g2"": 96, ""g3"": 0, ""depth2"": 8, ""t_count"": 0, ""rotations"": 0, ""d"": 0, ""dense_l"": 0.0, ""redundant"": 0, ""obs_zero"": true, ""frame_l"": 8.1599, ""chi_bits"": 12, ""mps_l"": 45.462, ""hsf_k"": 22, ""hsf_na"": 9, ""hsf_nb"": 15, ""hsf_l"": 46.6402, ""sup"": 24, ""chi_bits0"": 12, ""mps_l0"": 45.462, ""hsf_keff"": 22, ""hsf_l0"": 46.6402, ""sparse_l"": 32.1599, ""sv_l"": 32.1599, ""feat_secs"": 0.016266, ""feat_secs_frame"": 0.000334, ""feat_secs_hsf"": 0.015711}"
ct,"ct:n=24,L=8,t=0,nn=0",1,"{""n"": 24.0, ""L"": 8.0, ""t"": 0.0, ""nn"": 0.0}",plan,ok,0.000421,0.0046,2326528,0.0,0,-0.0,0.0,engine=zero aborted=[] plan_secs=0.000412,"{""n"": 24, ""gates"": 286, ""g2"": 96, ""g3"": 0, ""depth2"": 8, ""t_count"": 0, ""rotations"": 0, ""d"": 0, ""dense_l"": 0.0, ""redundant"": 0, ""obs_zero"": true, ""frame_l"": 8.1599, ""chi_bits"": 12, ""mps_l"": 45.462, ""hsf_k"": 22, ""hsf_na"": 9, ""hsf_nb"": 15, ""hsf_l"": 46.6402, ""sup"": 24, ""chi_bits0"": 12, ""mps_l0"": 45.462, ""hsf_keff"": 22, ""hsf_l0"": 46.6402, ""sparse_l"": 32.1599, ""sv_l"": 32.1599, ""feat_secs"": 0.016266, ""feat_secs_frame"": 0.000334, ""feat_secs_hsf"": 0.015711}"
ct,"ct:n=24,L=8,t=8,nn=0",1,"{""n"": 24.0, ""L"": 8.0, ""t"": 8.0, ""nn"": 0.0}",planx,ok,0.000642,0.0077,2375680,0.0,0,0.0,0.0,engine=cstate aborted=[] plan_secs=0.000458,"{""n"": 24, ""gates"": 304, ""g2"": 96, ""g3"": 0, ""depth2"": 8, ""t_count"": 8, ""rotations"": 8, ""d"": 8, ""dense_l"": 8.9944, ""redundant"": 0, ""obs_zero"": true, ""frame_l"": 8.2479, ""chi_bits"": 12, ""mps_l"": 45.3795, ""hsf_k"": 26, ""hsf_na"": 12, ""hsf_nb"": 12, ""hsf_l"": 48.1033, ""sup"": 24, ""chi_bits0"": 12, ""mps_l0"": 45.3795, ""hsf_keff"": 24, ""hsf_l0"": 50.1033, ""sparse_l"": 32.2479, ""sv_l"": 32.2479, ""feat_secs"": 0.01501, ""feat_secs_frame"": 0.000288, ""feat_secs_hsf"": 0.014583}"
ct,"ct:n=24,L=8,t=8,nn=0",1,"{""n"": 24.0, ""L"": 8.0, ""t"": 8.0, ""nn"": 0.0}",planp,ok,0.000567,0.0067,2359296,0.0,0,0.0,0.0,engine=cstate aborted=[] plan_secs=0.000422,"{""n"": 24, ""gates"": 304, ""g2"": 96, ""g3"": 0, ""depth2"": 8, ""t_count"": 8, ""rotations"": 8, ""d"": 8, ""dense_l"": 8.9944, ""redundant"": 0, ""obs_zero"": true, ""frame_l"": 8.2479, ""chi_bits"": 12, ""mps_l"": 45.3795, ""hsf_k"": 26, ""hsf_na"": 12, ""hsf_nb"": 12, ""hsf_l"": 48.1033, ""sup"": 24, ""chi_bits0"": 12, ""mps_l0"": 45.3795, ""hsf_keff"": 24, ""hsf_l0"": 50.1033, ""sparse_l"": 32.2479, ""sv_l"": 32.2479, ""feat_secs"": 0.01501, ""feat_secs_frame"": 0.000288, ""feat_secs_hsf"": 0.014583}"
ct,"ct:n=24,L=8,t=8,nn=0",1,"{""n"": 24.0, ""L"": 8.0, ""t"": 8.0, ""nn"": 0.0}",plan,ok,0.000477,0.0045,2342912,0.0,0,0.0,0.0,engine=zero aborted=[] plan_secs=0.000469,"{""n"": 24, ""gates"": 304, ""g2"": 96, ""g3"": 0, ""depth2"": 8, ""t_count"": 8, ""rotations"": 8, ""d"": 8, ""dense_l"": 8.9944, ""redundant"": 0, ""obs_zero"": true, ""frame_l"": 8.2479, ""chi_bits"": 12, ""mps_l"": 45.3795, ""hsf_k"": 26, ""hsf_na"": 12, ""hsf_nb"": 12, ""hsf_l"": 48.1033, ""sup"": 24, ""chi_bits0"": 12, ""mps_l0"": 45.3795, ""hsf_keff"": 24, ""hsf_l0"": 50.1033, ""sparse_l"": 32.2479, ""sv_l"": 32.2479, ""feat_secs"": 0.01501, ""feat_secs_frame"": 0.000288, ""feat_secs_hsf"": 0.014583}"
ct,"ct:n=24,L=8,t=24,nn=0",1,"{""n"": 24.0, ""L"": 8.0, ""t"": 24.0, ""nn"": 0.0}",planx,ok,0.005912,0.0104,6946816,0.0,0,0.0,0.0,engine=cstate aborted=[] plan_secs=0.004483,"{""n"": 24, ""gates"": 331, ""g2"": 96, ""g3"": 0, ""depth2"": 8, ""t_count"": 24, ""rotations"": 24, ""d"": 18, ""dense_l"": 19.0553, ""redundant"": 6, ""obs_zero"": true, ""frame_l"": 8.3707, ""chi_bits"": 12, ""mps_l"": 45.4276, ""hsf_k"": 24, ""hsf_na"": 10, ""hsf_nb"": 14, ""hsf_l"": 46.4041, ""sup"": 24, ""chi_bits0"": 12, ""mps_l0"": 45.4276, ""hsf_keff"": 22, ""hsf_l0"": 48.4041, ""sparse_l"": 32.3707, ""sv_l"": 32.3707, ""feat_secs"": 0.016002, ""feat_secs_frame"": 0.000307, ""feat_secs_hsf"": 0.015546}"
ct,"ct:n=24,L=8,t=24,nn=0",1,"{""n"": 24.0, ""L"": 8.0, ""t"": 24.0, ""nn"": 0.0}",planp,ok,0.005896,0.0105,6897664,0.0,0,0.0,0.0,engine=cstate aborted=[] plan_secs=0.004483,"{""n"": 24, ""gates"": 331, ""g2"": 96, ""g3"": 0, ""depth2"": 8, ""t_count"": 24, ""rotations"": 24, ""d"": 18, ""dense_l"": 19.0553, ""redundant"": 6, ""obs_zero"": true, ""frame_l"": 8.3707, ""chi_bits"": 12, ""mps_l"": 45.4276, ""hsf_k"": 24, ""hsf_na"": 10, ""hsf_nb"": 14, ""hsf_l"": 46.4041, ""sup"": 24, ""chi_bits0"": 12, ""mps_l0"": 45.4276, ""hsf_keff"": 22, ""hsf_l0"": 48.4041, ""sparse_l"": 32.3707, ""sv_l"": 32.3707, ""feat_secs"": 0.016002, ""feat_secs_frame"": 0.000307, ""feat_secs_hsf"": 0.015546}"
ct,"ct:n=24,L=8,t=24,nn=0",1,"{""n"": 24.0, ""L"": 8.0, ""t"": 24.0, ""nn"": 0.0}",plan,ok,0.004485,0.0106,2490368,0.0,0,0.0,0.0,engine=zero aborted=[] plan_secs=0.004476,"{""n"": 24, ""gates"": 331, ""g2"": 96, ""g3"": 0, ""depth2"": 8, ""t_count"": 24, ""rotations"": 24, ""d"": 18, ""dense_l"": 19.0553, ""redundant"": 6, ""obs_zero"": true, ""frame_l"": 8.3707, ""chi_bits"": 12, ""mps_l"": 45.4276, ""hsf_k"": 24, ""hsf_na"": 10, ""hsf_nb"": 14, ""hsf_l"": 46.4041, ""sup"": 24, ""chi_bits0"": 12, ""mps_l0"": 45.4276, ""hsf_keff"": 22, ""hsf_l0"": 48.4041, ""sparse_l"": 32.3707, ""sv_l"": 32.3707, ""feat_secs"": 0.016002, ""feat_secs_frame"": 0.000307, ""feat_secs_hsf"": 0.015546}"
qaoa,"qaoa:n=12,p=1,deg=2,nn=0",1,"{""n"": 12.0, ""p"": 1.0, ""deg"": 2.0, ""nn"": 0.0}",planx,ok,0.000159,0.0037,2342912,0.0,0,0.0,0.0,engine=sv aborted=[] plan_secs=0.000001,"{""n"": 12, ""gates"": 60, ""g2"": 24, ""g3"": 0, ""depth2"": 14, ""t_count"": 0, ""rotations"": 24, ""d"": 9, ""dense_l"": 13.022, ""redundant"": 15, ""obs_zero"": true, ""frame_l"": 5.9069, ""chi_bits"": 6, ""mps_l"": 24.1056, ""hsf_k"": 0, ""hsf_na"": 2, ""hsf_nb"": 10, ""hsf_l"": 16.0, ""sup"": 12, ""chi_bits0"": 6, ""mps_l0"": 24.1056, ""hsf_keff"": 0, ""hsf_l0"": 16.0, ""sparse_l"": 17.9069, ""sv_l"": 17.9069, ""feat_secs"": 0.000787, ""feat_secs_frame"": 0.0001, ""feat_secs_hsf"": 0.00064}"
qaoa,"qaoa:n=12,p=1,deg=2,nn=0",1,"{""n"": 12.0, ""p"": 1.0, ""deg"": 2.0, ""nn"": 0.0}",planp,ok,0.000161,0.0040,2342912,0.0,0,0.0,0.0,engine=sv aborted=[] plan_secs=0.000001,"{""n"": 12, ""gates"": 60, ""g2"": 24, ""g3"": 0, ""depth2"": 14, ""t_count"": 0, ""rotations"": 24, ""d"": 9, ""dense_l"": 13.022, ""redundant"": 15, ""obs_zero"": true, ""frame_l"": 5.9069, ""chi_bits"": 6, ""mps_l"": 24.1056, ""hsf_k"": 0, ""hsf_na"": 2, ""hsf_nb"": 10, ""hsf_l"": 16.0, ""sup"": 12, ""chi_bits0"": 6, ""mps_l0"": 24.1056, ""hsf_keff"": 0, ""hsf_l0"": 16.0, ""sparse_l"": 17.9069, ""sv_l"": 17.9069, ""feat_secs"": 0.000787, ""feat_secs_frame"": 0.0001, ""feat_secs_hsf"": 0.00064}"
qaoa,"qaoa:n=12,p=1,deg=2,nn=0",1,"{""n"": 12.0, ""p"": 1.0, ""deg"": 2.0, ""nn"": 0.0}",plan,ok,0.00017,0.0062,2342912,0.0,0,0.0,0.0,engine=sv aborted=[] plan_secs=0.000000,"{""n"": 12, ""gates"": 60, ""g2"": 24, ""g3"": 0, ""depth2"": 14, ""t_count"": 0, ""rotations"": 24, ""d"": 9, ""dense_l"": 13.022, ""redundant"": 15, ""obs_zero"": true, ""frame_l"": 5.9069, ""chi_bits"": 6, ""mps_l"": 24.1056, ""hsf_k"": 0, ""hsf_na"": 2, ""hsf_nb"": 10, ""hsf_l"": 16.0, ""sup"": 12, ""chi_bits0"": 6, ""mps_l0"": 24.1056, ""hsf_keff"": 0, ""hsf_l0"": 16.0, ""sparse_l"": 17.9069, ""sv_l"": 17.9069, ""feat_secs"": 0.000787, ""feat_secs_frame"": 0.0001, ""feat_secs_hsf"": 0.00064}"
qaoa,"qaoa:n=12,p=1,deg=3,nn=0",1,"{""n"": 12.0, ""p"": 1.0, ""deg"": 3.0, ""nn"": 0.0}",planx,ok,0.000192,0.0044,2408448,0.02540580416570879,0,0.02540580416570879,0.0,engine=sv aborted=[] plan_secs=0.000001,"{""n"": 12, ""gates"": 78, ""g2"": 36, ""g3"": 0, ""depth2"": 18, ""t_count"": 0, ""rotations"": 30, ""d"": 11, ""dense_l"": 15.0579, ""redundant"": 19, ""obs_zero"": false, ""frame_l"": 14.4069, ""chi_bits"": 6, ""mps_l"": 25.2935, ""hsf_k"": 6, ""hsf_na"": 3, ""hsf_nb"": 9, ""hsf_l"": 18.4263, ""sup"": 12, ""chi_bits0"": 6, ""mps_l0"": 25.2935, ""hsf_keff"": 3, ""hsf_l0"": 21.4263, ""sparse_l"": 18.2854, ""sv_l"": 18.2854, ""feat_secs"": 0.001089, ""feat_secs_frame"": 0.000128, ""feat_secs_hsf"": 0.000894}"
qaoa,"qaoa:n=12,p=1,deg=3,nn=0",1,"{""n"": 12.0, ""p"": 1.0, ""deg"": 3.0, ""nn"": 0.0}",planp,ok,0.000193,0.0045,2392064,0.02540580416570879,0,0.02540580416570879,0.0,engine=sv aborted=[] plan_secs=0.000001,"{""n"": 12, ""gates"": 78, ""g2"": 36, ""g3"": 0, ""depth2"": 18, ""t_count"": 0, ""rotations"": 30, ""d"": 11, ""dense_l"": 15.0579, ""redundant"": 19, ""obs_zero"": false, ""frame_l"": 14.4069, ""chi_bits"": 6, ""mps_l"": 25.2935, ""hsf_k"": 6, ""hsf_na"": 3, ""hsf_nb"": 9, ""hsf_l"": 18.4263, ""sup"": 12, ""chi_bits0"": 6, ""mps_l0"": 25.2935, ""hsf_keff"": 3, ""hsf_l0"": 21.4263, ""sparse_l"": 18.2854, ""sv_l"": 18.2854, ""feat_secs"": 0.001089, ""feat_secs_frame"": 0.000128, ""feat_secs_hsf"": 0.000894}"
qaoa,"qaoa:n=12,p=1,deg=3,nn=0",1,"{""n"": 12.0, ""p"": 1.0, ""deg"": 3.0, ""nn"": 0.0}",plan,ok,0.000195,0.0045,2408448,0.02540580416570879,0,0.02540580416570879,0.0,engine=sv aborted=[] plan_secs=0.000001,"{""n"": 12, ""gates"": 78, ""g2"": 36, ""g3"": 0, ""depth2"": 18, ""t_count"": 0, ""rotations"": 30, ""d"": 11, ""dense_l"": 15.0579, ""redundant"": 19, ""obs_zero"": false, ""frame_l"": 14.4069, ""chi_bits"": 6, ""mps_l"": 25.2935, ""hsf_k"": 6, ""hsf_na"": 3, ""hsf_nb"": 9, ""hsf_l"": 18.4263, ""sup"": 12, ""chi_bits0"": 6, ""mps_l0"": 25.2935, ""hsf_keff"": 3, ""hsf_l0"": 21.4263, ""sparse_l"": 18.2854, ""sv_l"": 18.2854, ""feat_secs"": 0.001089, ""feat_secs_frame"": 0.000128, ""feat_secs_hsf"": 0.000894}"
qaoa,"qaoa:n=12,p=2,deg=2,nn=0",1,"{""n"": 12.0, ""p"": 2.0, ""deg"": 2.0, ""nn"": 0.0}",planx,ok,0.000307,0.0045,2244608,0.0,0,0.0,0.0,engine=cstate aborted=[] plan_secs=0.000205,"{""n"": 12, ""gates"": 108, ""g2"": 48, ""g3"": 0, ""depth2"": 26, ""t_count"": 0, ""rotations"": 48, ""d"": 9, ""dense_l"": 14.3308, ""redundant"": 39, ""obs_zero"": true, ""frame_l"": 6.7549, ""chi_bits"": 6, ""mps_l"": 25.8609, ""hsf_k"": 0, ""hsf_na"": 2, ""hsf_nb"": 10, ""hsf_l"": 16.8074, ""sup"": 12, ""chi_bits0"": 6, ""mps_l0"": 25.8609, ""hsf_keff"": 0, ""hsf_l0"": 16.8074, ""sparse_l"": 18.7549, ""sv_l"": 18.7549, ""feat_secs"": 0.000878, ""feat_secs_frame"": 0.000141, ""feat_secs_hsf"": 0.000663}"
qaoa,"qaoa:n=12,p=2,deg=2,nn=0",1,"{""n"": 12.0, ""p"": 2.0, ""deg"": 2.0, ""nn"": 0.0}",planp,ok,0.000385,0.0045,2277376,0.0,0,0.0,0.0,engine=cstate aborted=[] plan_secs=0.000208,"{""n"": 12, ""gates"": 108, ""g2"": 48, ""g3"": 0, ""depth2"": 26, ""t_count"": 0, ""rotations"": 48, ""d"": 9, ""dense_l"": 14.3308, ""redundant"": 39, ""obs_zero"": true, ""frame_l"": 6.7549, ""chi_bits"": 6, ""mps_l"": 25.8609, ""hsf_k"": 0, ""hsf_na"": 2, ""hsf_nb"": 10, ""hsf_l"": 16.8074, ""sup"": 12, ""chi_bits0"": 6, ""mps_l0"": 25.8609, ""hsf_keff"": 0, ""hsf_l0"": 16.8074, ""sparse_l"": 18.7549, ""sv_l"": 18.7549, ""feat_secs"": 0.000878, ""feat_secs_frame"": 0.000141, ""feat_secs_hsf"": 0.000663}"
qaoa,"qaoa:n=12,p=2,deg=2,nn=0",1,"{""n"": 12.0, ""p"": 2.0, ""deg"": 2.0, ""nn"": 0.0}",plan,ok,0.00024,0.0046,2228224,0.0,0,0.0,0.0,engine=zero aborted=[] plan_secs=0.000232,"{""n"": 12, ""gates"": 108, ""g2"": 48, ""g3"": 0, ""depth2"": 26, ""t_count"": 0, ""rotations"": 48, ""d"": 9, ""dense_l"": 14.3308, ""redundant"": 39, ""obs_zero"": true, ""frame_l"": 6.7549, ""chi_bits"": 6, ""mps_l"": 25.8609, ""hsf_k"": 0, ""hsf_na"": 2, ""hsf_nb"": 10, ""hsf_l"": 16.8074, ""sup"": 12, ""chi_bits0"": 6, ""mps_l0"": 25.8609, ""hsf_keff"": 0, ""hsf_l0"": 16.8074, ""sparse_l"": 18.7549, ""sv_l"": 18.7549, ""feat_secs"": 0.000878, ""feat_secs_frame"": 0.000141, ""feat_secs_hsf"": 0.000663}"
qaoa,"qaoa:n=12,p=2,deg=3,nn=0",1,"{""n"": 12.0, ""p"": 2.0, ""deg"": 3.0, ""nn"": 0.0}",planx,ok,0.000447,0.0068,2359296,0.01747974742458081,0,0.01747974742458081,0.0,engine=cstate aborted=[] plan_secs=0.000257,"{""n"": 12, ""gates"": 144, ""g2"": 72, ""g3"": 0, ""depth2"": 32, ""t_count"": 0, ""rotations"": 60, ""d"": 11, ""dense_l"": 16.544, ""redundant"": 49, ""obs_zero"": false, ""frame_l"": 27.9069, ""chi_bits"": 6, ""mps_l"": 26.6742, ""hsf_k"": 12, ""hsf_na"": 3, ""hsf_nb"": 9, ""hsf_l"": 22.2479, ""sup"": 12, ""chi_bits0"": 6, ""mps_l0"": 26.6742, ""hsf_keff"": 6, ""hsf_l0"": 28.2479, ""sparse_l"": 19.1699, ""sv_l"": 19.1699, ""feat_secs"": 0.001409, ""feat_secs_frame"": 0.000186, ""feat_secs_hsf"": 0.001072}"
qaoa,"qaoa:n=12,p=2,deg=3,nn=0",1,"{""n"": 12.0, ""p"": 2.0, ""deg"": 3.0, ""nn"": 0.0}",planp,ok,0.000435,0.0063,2326528,0.01747974742458081,0,0.01747974742458081,0.0,engine=cstate aborted=[] plan_secs=0.000245,"{""n"": 12, ""gates"": 144, ""g2"": 72, ""g3"": 0, ""depth2"": 32, ""t_count"": 0, ""rotations"": 60, ""d"": 11, ""dense_l"": 16.544, ""redundant"": 49, ""obs_zero"": false, ""frame_l"": 27.9069, ""chi_bits"": 6, ""mps_l"": 26.6742, ""hsf_k"": 12, ""hsf_na"": 3, ""hsf_nb"": 9, ""hsf_l"": 22.2479, ""sup"": 12, ""chi_bits0"": 6, ""mps_l0"": 26.6742, ""hsf_keff"": 6, ""hsf_l0"": 28.2479, ""sparse_l"": 19.1699, ""sv_l"": 19.1699, ""feat_secs"": 0.001409, ""feat_secs_frame"": 0.000186, ""feat_secs_hsf"": 0.001072}"
qaoa,"qaoa:n=12,p=2,deg=3,nn=0",1,"{""n"": 12.0, ""p"": 2.0, ""deg"": 3.0, ""nn"": 0.0}",plan,ok,0.000446,0.0044,2359296,0.01747974742458081,0,0.01747974742458081,0.0,engine=cstate aborted=[] plan_secs=0.000259,"{""n"": 12, ""gates"": 144, ""g2"": 72, ""g3"": 0, ""depth2"": 32, ""t_count"": 0, ""rotations"": 60, ""d"": 11, ""dense_l"": 16.544, ""redundant"": 49, ""obs_zero"": false, ""frame_l"": 27.9069, ""chi_bits"": 6, ""mps_l"": 26.6742, ""hsf_k"": 12, ""hsf_na"": 3, ""hsf_nb"": 9, ""hsf_l"": 22.2479, ""sup"": 12, ""chi_bits0"": 6, ""mps_l0"": 26.6742, ""hsf_keff"": 6, ""hsf_l0"": 28.2479, ""sparse_l"": 19.1699, ""sv_l"": 19.1699, ""feat_secs"": 0.001409, ""feat_secs_frame"": 0.000186, ""feat_secs_hsf"": 0.001072}"
qaoa,"qaoa:n=12,p=3,deg=2,nn=0",1,"{""n"": 12.0, ""p"": 3.0, ""deg"": 2.0, ""nn"": 0.0}",planx,ok,0.000405,0.0045,2342912,0.0,0,0.0,0.0,engine=cstate aborted=[] plan_secs=0.000272,"{""n"": 12, ""gates"": 156, ""g2"": 72, ""g3"": 0, ""depth2"": 38, ""t_count"": 0, ""rotations"": 72, ""d"": 9, ""dense_l"": 15.0055, ""redundant"": 63, ""obs_zero"": true, ""frame_l"": 7.2854, ""chi_bits"": 6, ""mps_l"": 26.6296, ""hsf_k"": 0, ""hsf_na"": 2, ""hsf_nb"": 10, ""hsf_l"": 17.3219, ""sup"": 12, ""chi_bits0"": 6, ""mps_l0"": 26.6296, ""hsf_keff"": 0, ""hsf_l0"": 17.3219, ""sparse_l"": 19.2854, ""sv_l"": 19.2854, ""feat_secs"": 0.000946, ""feat_secs_frame"": 0.000192, ""feat_secs_hsf"": 0.000672}"
qaoa,"qaoa:n=12,p=3,deg=2,nn=0",1,"{""n"": 12.0, ""p"": 3.0, ""deg"": 2.0, ""nn"": 0.0}",planp,ok,0.000438,0.0043,2342912,0.0,0,0.0,0.0,engine=cstate aborted=[] plan_secs=0.000302,"{""n"": 12, ""gates"": 156, ""g2"": 72, ""g3"": 0, ""depth2"": 38, ""t_count"": 0, ""rotations"": 72, ""d"": 9, ""dense_l"": 15.0055, ""redundant"": 63, ""obs_zero"": true, ""frame_l"": 7.2854, ""chi_bits"": 6, ""mps_l"": 26.6296, ""hsf_k"": 0, ""hsf_na"": 2, ""hsf_nb"": 10, ""hsf_l"": 17.3219, ""sup"": 12, ""chi_bits0"": 6, ""mps_l0"": 26.6296, ""hsf_keff"": 0, ""hsf_l0"": 17.3219, ""sparse_l"": 19.2854, ""sv_l"": 19.2854, ""feat_secs"": 0.000946, ""feat_secs_frame"": 0.000192, ""feat_secs_hsf"": 0.000672}"
qaoa,"qaoa:n=12,p=3,deg=2,nn=0",1,"{""n"": 12.0, ""p"": 3.0, ""deg"": 2.0, ""nn"": 0.0}",plan,ok,0.000323,0.0039,2310144,0.0,0,0.0,0.0,engine=zero aborted=[] plan_secs=0.000315,"{""n"": 12, ""gates"": 156, ""g2"": 72, ""g3"": 0, ""depth2"": 38, ""t_count"": 0, ""rotations"": 72, ""d"": 9, ""dense_l"": 15.0055, ""redundant"": 63, ""obs_zero"": true, ""frame_l"": 7.2854, ""chi_bits"": 6, ""mps_l"": 26.6296, ""hsf_k"": 0, ""hsf_na"": 2, ""hsf_nb"": 10, ""hsf_l"": 17.3219, ""sup"": 12, ""chi_bits0"": 6, ""mps_l0"": 26.6296, ""hsf_keff"": 0, ""hsf_l0"": 17.3219, ""sparse_l"": 19.2854, ""sv_l"": 19.2854, ""feat_secs"": 0.000946, ""feat_secs_frame"": 0.000192, ""feat_secs_hsf"": 0.000672}"
qaoa,"qaoa:n=12,p=3,deg=3,nn=0",1,"{""n"": 12.0, ""p"": 3.0, ""deg"": 3.0, ""nn"": 0.0}",planx,ok,0.000624,0.0071,2375680,0.01638847927236062,0,0.01638847927236062,0.0,engine=cstate aborted=[] plan_secs=0.000338,"{""n"": 12, ""gates"": 210, ""g2"": 108, ""g3"": 0, ""depth2"": 46, ""t_count"": 0, ""rotations"": 90, ""d"": 11, ""dense_l"": 17.2603, ""redundant"": 79, ""obs_zero"": false, ""frame_l"": 28.4919, ""chi_bits"": 6, ""mps_l"": 27.3666, ""hsf_k"": 18, ""hsf_na"": 3, ""hsf_nb"": 9, ""hsf_l"": 25.7682, ""sup"": 12, ""chi_bits0"": 6, ""mps_l0"": 27.3666, ""hsf_keff"": 9, ""hsf_l0"": 34.7682, ""sparse_l"": 19.7142, ""sv_l"": 19.7142, ""feat_secs"": 0.001249, ""feat_secs_frame"": 0.000241, ""feat_secs_hsf"": 0.000913}"
qaoa,"qaoa:n=12,p=3,deg=3,nn=0",1,"{""n"": 12.0, ""p"": 3.0, ""deg"": 3.0, ""nn"": 0.0}",planp,ok,0.000624,0.0046,2375680,0.01638847927236062,0,0.01638847927236062,0.0,engine=cstate aborted=[] plan_secs=0.000333,"{""n"": 12, ""gates"": 210, ""g2"": 108, ""g3"": 0, ""depth2"": 46, ""t_count"": 0, ""rotations"": 90, ""d"": 11, ""dense_l"": 17.2603, ""redundant"": 79, ""obs_zero"": false, ""frame_l"": 28.4919, ""chi_bits"": 6, ""mps_l"": 27.3666, ""hsf_k"": 18, ""hsf_na"": 3, ""hsf_nb"": 9, ""hsf_l"": 25.7682, ""sup"": 12, ""chi_bits0"": 6, ""mps_l0"": 27.3666, ""hsf_keff"": 9, ""hsf_l0"": 34.7682, ""sparse_l"": 19.7142, ""sv_l"": 19.7142, ""feat_secs"": 0.001249, ""feat_secs_frame"": 0.000241, ""feat_secs_hsf"": 0.000913}"
qaoa,"qaoa:n=12,p=3,deg=3,nn=0",1,"{""n"": 12.0, ""p"": 3.0, ""deg"": 3.0, ""nn"": 0.0}",plan,ok,0.000626,0.0042,2375680,0.01638847927236062,0,0.01638847927236062,0.0,engine=cstate aborted=[] plan_secs=0.000340,"{""n"": 12, ""gates"": 210, ""g2"": 108, ""g3"": 0, ""depth2"": 46, ""t_count"": 0, ""rotations"": 90, ""d"": 11, ""dense_l"": 17.2603, ""redundant"": 79, ""obs_zero"": false, ""frame_l"": 28.4919, ""chi_bits"": 6, ""mps_l"": 27.3666, ""hsf_k"": 18, ""hsf_na"": 3, ""hsf_nb"": 9, ""hsf_l"": 25.7682, ""sup"": 12, ""chi_bits0"": 6, ""mps_l0"": 27.3666, ""hsf_keff"": 9, ""hsf_l0"": 34.7682, ""sparse_l"": 19.7142, ""sv_l"": 19.7142, ""feat_secs"": 0.001249, ""feat_secs_frame"": 0.000241, ""feat_secs_hsf"": 0.000913}"
qaoa,"qaoa:n=16,p=1,deg=2,nn=0",1,"{""n"": 16.0, ""p"": 1.0, ""deg"": 2.0, ""nn"": 0.0}",planx,ok,0.000398,0.0045,2408448,0.0,0,0.0,0.0,engine=cstate aborted=[] plan_secs=0.000183,"{""n"": 16, ""gates"": 80, ""g2"": 32, ""g3"": 0, ""depth2"": 18, ""t_count"": 0, ""rotations"": 32, ""d"": 13, ""dense_l"": 17.2482, ""redundant"": 19, ""obs_zero"": true, ""frame_l"": 6.3219, ""chi_bits"": 8, ""mps_l"": 29.8873, ""hsf_k"": 4, ""hsf_na"": 7, ""hsf_nb"": 9, ""hsf_l"": 18.7004, ""sup"": 16, ""chi_bits0"": 8, ""mps_l0"": 29.8873, ""hsf_keff"": 2, ""hsf_l0"": 20.7004, ""sparse_l"": 22.3219, ""sv_l"": 22.3219, ""feat_secs"": 0.001772, ""feat_secs_frame"": 0.000144, ""feat_secs_hsf"": 0.001568}"
qaoa,"qaoa:n=16,p=1,deg=2,nn=0",1,"{""n"": 16.0, ""p"": 1.0, ""deg"": 2.0, ""nn"": 0.0}",planp,ok,0.000395,0.0045,2408448,0.0,0,0.0,0.0,engine=cstate aborted=[] plan_secs=0.000184,"{""n"": 16, ""gates"": 80, ""g2"": 32, ""g3"": 0, ""depth2"": 18, ""t_count"": 0, ""rotations"": 32, ""d"": 13, ""dense_l"": 17.2482, ""redundant"": 19, ""obs_zero"": true, ""frame_l"": 6.3219, ""chi_bits"": 8, ""mps_l"": 29.8873, ""hsf_k"": 4, ""hsf_na"": 7, ""hsf_nb"": 9, ""hsf_l"": 18.7004, ""sup"": 16, ""chi_bits0"": 8, ""mps_l0"": 29.8873, ""hsf_keff"": 2, ""hsf_l0"": 20.7004, ""sparse_l"": 22.3219, ""sv_l"": 22.3219, ""feat_secs"": 0.001772, ""feat_secs_frame"": 0.000144, ""feat_secs_hsf"": 0.001568}"
qaoa,"qaoa:n=16,p=1,deg=2,nn=0",1,"{""n"": 16.0, ""p"": 1.0, ""deg"": 2.0, ""nn"": 0.0}",plan,ok,0.000182,0.0046,2211840,0.0,0,0.0,0.0,engine=zero aborted=[] plan_secs=0.000175,"{""n"": 16, ""gates"": 80, ""g2"": 32, ""g3"": 0, ""depth2"": 18, ""t_count"": 0, ""rotations"": 32, ""d"": 13, ""dense_l"": 17.2482, ""redundant"": 19, ""obs_zero"": true, ""frame_l"": 6.3219, ""chi_bits"": 8, ""mps_l"": 29.8873, ""hsf_k"": 4, ""hsf_na"": 7, ""hsf_nb"": 9, ""hsf_l"": 18.7004, ""sup"": 16, ""chi_bits0"": 8, ""mps_l0"": 29.8873, ""hsf_keff"": 2, ""hsf_l0"": 20.7004, ""sparse_l"": 22.3219, ""sv_l"": 22.3219, ""feat_secs"": 0.001772, ""feat_secs_frame"": 0.000144, ""feat_secs_hsf"": 0.001568}"
qaoa,"qaoa:n=16,p=1,deg=3,nn=0",1,"{""n"": 16.0, ""p"": 1.0, ""deg"": 3.0, ""nn"": 0.0}",planx,ok,0.001957,0.0076,3260416,2.979865479759841e-06,0,2.979865479759841e-06,0.0,engine=cstate aborted=[] plan_secs=0.000752,"{""n"": 16, ""gates"": 104, ""g2"": 48, ""g3"": 0, ""depth2"": 24, ""t_count"": 0, ""rotations"": 40, ""d"": 15, ""dense_l"": 19.2815, ""redundant"": 25, ""obs_zero"": false, ""frame_l"": 17.8219, ""chi_bits"": 8, ""mps_l"": 31.555, ""hsf_k"": 6, ""hsf_na"": 4, ""hsf_nb"": 12, ""hsf_l"": 21.9069, ""sup"": 16, ""chi_bits0"": 8, ""mps_l0"": 31.555, ""hsf_keff"": 3, ""hsf_l0"": 24.9069, ""sparse_l"": 22.7004, ""sv_l"": 22.7004, ""feat_secs"": 0.002601, ""feat_secs_frame"": 0.000149, ""feat_secs_hsf"": 0.00238}"
qaoa,"qaoa:n=16,p=1,deg=3,nn=0",1,"{""n"": 16.0, ""p"": 1.0, ""deg"": 3.0, ""nn"": 0.0}",planp,ok,0.002014,0.0067,3244032,2.979865479759841e-06,0,2.979865479759841e-06,0.0,engine=cstate aborted=[] plan_secs=0.000740,"{""n"": 16, ""gates"": 104, ""g2"": 48, ""g3"": 0, ""depth2"": 24, ""t_count"": 0, ""rotations"": 40, ""d"": 15, ""dense_l"": 19.2815, ""redundant"": 25, ""obs_zero"": false, ""frame_l"": 17.8219, ""chi_bits"": 8, ""mps_l"": 31.555, ""hsf_k"": 6, ""hsf_na"": 4, ""hsf_nb"": 12, ""hsf_l"": 21.9069, ""sup"": 16, ""chi_bits0"": 8, ""mps_l0"": 31.555, ""hsf_keff"": 3, ""hsf_l0"": 24.9069, ""sparse_l"": 22.7004, ""sv_l"": 22.7004, ""feat_secs"": 0.002601, ""feat_secs_frame"": 0.000149, ""feat_secs_hsf"": 0.00238}"
qaoa,"qaoa:n=16,p=1,deg=3,nn=0",1,"{""n"": 16.0, ""p"": 1.0, ""deg"": 3.0, ""nn"": 0.0}",plan,ok,0.00215,0.0066,3244032,2.979865479759841e-06,0,2.979865479759841e-06,0.0,engine=cstate aborted=[] plan_secs=0.000753,"{""n"": 16, ""gates"": 104, ""g2"": 48, ""g3"": 0, ""depth2"": 24, ""t_count"": 0, ""rotations"": 40, ""d"": 15, ""dense_l"": 19.2815, ""redundant"": 25, ""obs_zero"": false, ""frame_l"": 17.8219, ""chi_bits"": 8, ""mps_l"": 31.555, ""hsf_k"": 6, ""hsf_na"": 4, ""hsf_nb"": 12, ""hsf_l"": 21.9069, ""sup"": 16, ""chi_bits0"": 8, ""mps_l0"": 31.555, ""hsf_keff"": 3, ""hsf_l0"": 24.9069, ""sparse_l"": 22.7004, ""sv_l"": 22.7004, ""feat_secs"": 0.002601, ""feat_secs_frame"": 0.000149, ""feat_secs_hsf"": 0.00238}"
qaoa,"qaoa:n=16,p=2,deg=2,nn=0",1,"{""n"": 16.0, ""p"": 2.0, ""deg"": 2.0, ""nn"": 0.0}",planx,ok,0.000783,0.0066,2473984,0.0,0,0.0,0.0,engine=cstate aborted=[] plan_secs=0.000266,"{""n"": 16, ""gates"": 144, ""g2"": 64, ""g3"": 0, ""depth2"": 30, ""t_count"": 0, ""rotations"": 64, ""d"": 13, ""dense_l"": 18.6725, ""redundant"": 51, ""obs_zero"": true, ""frame_l"": 7.1699, ""chi_bits"": 8, ""mps_l"": 31.99, ""hsf_k"": 8, ""hsf_na"": 7, ""hsf_nb"": 9, ""hsf_l"": 21.0875, ""sup"": 16, ""chi_bits0"": 8, ""mps_l0"": 31.99, ""hsf_keff"": 4, ""hsf_l0"": 25.0875, ""sparse_l"": 23.1699, ""sv_l"": 23.1699, ""feat_secs"": 0.001924, ""feat_secs_frame"": 0.000223, ""feat_secs_hsf"": 0.001614}"
qaoa,"qaoa:n=16,p=2,deg=2,nn=0",1,"{""n"": 16.0, ""p"": 2.0, ""deg"": 2.0, ""nn"": 0.0}",planp,ok,0.000791,0.0074,2473984,0.0,0,0.0,0.0,engine=cstate aborted=[] plan_secs=0.000275,"{""n"": 16, ""gates"": 144, ""g2"": 64, ""g3"": 0, ""depth2"": 30, ""t_count"": 0, ""rotations"": 64, ""d"": 13, ""dense_l"": 18.6725, ""redundant"": 51, ""obs_zero"": true, ""frame_l"": 7.1699, ""chi_bits"": 8, ""mps_l"": 31.99, ""hsf_k"": 8, ""hsf_na"": 7, ""hsf_nb"": 9, ""hsf_l"": 21.0875, ""sup"": 16, ""chi_bits0"": 8, ""mps_l0"": 31.99, ""hsf_keff"": 4, ""hsf_l0"": 25.0875, ""sparse_l"": 23.1699, ""sv_l"": 23.1699, ""feat_secs"": 0.001924, ""feat_secs_frame"": 0.000223, ""feat_secs_hsf"": 0.001614}"
qaoa,"qaoa:n=16,p=2,deg=2,nn=0",1,"{""n"": 16.0, ""p"": 2.0, ""deg"": 2.0, ""nn"": 0.0}",plan,ok,0.000277,0.0066,2277376,0.0,0,0.0,0.0,engine=zero aborted=[] plan_secs=0.000268,"{""n"": 16, ""gates"": 144, ""g2"": 64, ""g3"": 0, ""depth2"": 30, ""t_count"": 0, ""rotations"": 64, ""d"": 13, ""dense_l"": 18.6725, ""redundant"": 51, ""obs_zero"": true, ""frame_l"": 7.1699, ""chi_bits"": 8, ""mps_l"": 31.99, ""hsf_k"": 8, ""hsf_na"": 7, ""hsf_nb"": 9, ""hsf_l"": 21.0875, ""sup"": 16, ""chi_bits0"": 8, ""mps_l0"": 31.99, ""hsf_keff"": 4, ""hsf_l0"": 25.0875, ""sparse_l"": 23.1699, ""sv_l"": 23.1699, ""feat_secs"": 0.001924, ""feat_secs_frame"": 0.000223, ""feat_secs_hsf"": 0.001614}"
qaoa,"qaoa:n=16,p=2,deg=3,nn=0",1,"{""n"": 16.0, ""p"": 2.0, ""deg"": 3.0, ""nn"": 0.0}",planx,ok,0.005775,0.0128,4079616,-0.0009095676394236544,0,-0.0009095676394236544,0.0,engine=cstate aborted=[] plan_secs=0.001432,"{""n"": 16, ""gates"": 192, ""g2"": 96, ""g3"": 0, ""depth2"": 38, ""t_count"": 0, ""rotations"": 80, ""d"": 15, ""dense_l"": 20.8935, ""redundant"": 65, ""obs_zero"": false, ""frame_l"": 36.3219, ""chi_bits"": 8, ""mps_l"": 32.9999, ""hsf_k"": 12, ""hsf_na"": 4, ""hsf_nb"": 12, ""hsf_l"": 25.7004, ""sup"": 16, ""chi_bits0"": 8, ""mps_l0"": 32.9999, ""hsf_keff"": 6, ""hsf_l0"": 31.7004, ""sparse_l"": 23.585, ""sv_l"": 23.585, ""feat_secs"": 0.002573, ""feat_secs_frame"": 0.000233, ""feat_secs_hsf"": 0.002241}"
qaoa,"qaoa:n=16,p=2,deg=3,nn=0",1,"{""n"": 16.0, ""p"": 2.0, ""deg"": 3.0, ""nn"": 0.0}",planp,ok,0.006329,0.0130,4063232,-0.0009095676394236544,0,-0.0009095676394236544,0.0,engine=cstate aborted=[] plan_secs=0.001434,"{""n"": 16, ""gates"": 192, ""g2"": 96, ""g3"": 0, ""depth2"": 38, ""t_count"": 0, ""rotations"": 80, ""d"": 15, ""dense_l"": 20.8935, ""redundant"": 65, ""obs_zero"": false, ""frame_l"": 36.3219, ""chi_bits"": 8, ""mps_l"": 32.9999, ""hsf_k"": 12, ""hsf_na"": 4, ""hsf_nb"": 12, ""hsf_l"": 25.7004, ""sup"": 16, ""chi_bits0"": 8, ""mps_l0"": 32.9999, ""hsf_keff"": 6, ""hsf_l0"": 31.7004, ""sparse_l"": 23.585, ""sv_l"": 23.585, ""feat_secs"": 0.002573, ""feat_secs_frame"": 0.000233, ""feat_secs_hsf"": 0.002241}"
qaoa,"qaoa:n=16,p=2,deg=3,nn=0",1,"{""n"": 16.0, ""p"": 2.0, ""deg"": 3.0, ""nn"": 0.0}",plan,ok,0.00609,0.0130,4063232,-0.0009095676394236544,0,-0.0009095676394236544,0.0,engine=cstate aborted=[] plan_secs=0.001451,"{""n"": 16, ""gates"": 192, ""g2"": 96, ""g3"": 0, ""depth2"": 38, ""t_count"": 0, ""rotations"": 80, ""d"": 15, ""dense_l"": 20.8935, ""redundant"": 65, ""obs_zero"": false, ""frame_l"": 36.3219, ""chi_bits"": 8, ""mps_l"": 32.9999, ""hsf_k"": 12, ""hsf_na"": 4, ""hsf_nb"": 12, ""hsf_l"": 25.7004, ""sup"": 16, ""chi_bits0"": 8, ""mps_l0"": 32.9999, ""hsf_keff"": 6, ""hsf_l0"": 31.7004, ""sparse_l"": 23.585, ""sv_l"": 23.585, ""feat_secs"": 0.002573, ""feat_secs_frame"": 0.000233, ""feat_secs_hsf"": 0.002241}"
qaoa,"qaoa:n=16,p=3,deg=2,nn=0",1,"{""n"": 16.0, ""p"": 3.0, ""deg"": 2.0, ""nn"": 0.0}",planx,ok,0.002192,0.0074,2605056,0.0,0,0.0,0.0,engine=cstate aborted=[] plan_secs=0.001361,"{""n"": 16, ""gates"": 208, ""g2"": 96, ""g3"": 0, ""depth2"": 42, ""t_count"": 0, ""rotations"": 96, ""d"": 13, ""dense_l"": 19.3751, ""redundant"": 83, ""obs_zero"": true, ""frame_l"": 7.7004, ""chi_bits"": 8, ""mps_l"": 32.8114, ""hsf_k"": 12, ""hsf_na"": 7, ""hsf_nb"": 9, ""hsf_l"": 23.3923, ""sup"": 16, ""chi_bits0"": 8, ""mps_l0"": 32.8114, ""hsf_keff"": 6, ""hsf_l0"": 29.3923, ""sparse_l"": 23.7004, ""sv_l"": 23.7004, ""feat_secs"": 0.002052, ""feat_secs_frame"": 0.000364, ""feat_secs_hsf"": 0.001535}"
qaoa,"qaoa:n=16,p=3,deg=2,nn=0",1,"{""n"": 16.0, ""p"": 3.0, ""deg"": 2.0, ""nn"": 0.0}",planp,ok,0.002313,0.0075,2588672,0.0,0,0.0,0.0,engine=cstate aborted=[] plan_secs=0.001439,"{""n"": 16, ""gates"": 208, ""g2"": 96, ""g3"": 0, ""depth2"": 42, ""t_count"": 0, ""rotations"": 96, ""d"": 13, ""dense_l"": 19.3751, ""redundant"": 83, ""obs_zero"": true, ""frame_l"": 7.7004, ""chi_bits"": 8, ""mps_l"": 32.8114, ""hsf_k"": 12, ""hsf_na"": 7, ""hsf_nb"": 9, ""hsf_l"": 23.3923, ""sup"": 16, ""chi_bits0"": 8, ""mps_l0"": 32.8114, ""hsf_keff"": 6, ""hsf_l0"": 29.3923, ""sparse_l"": 23.7004, ""sv_l"": 23.7004, ""feat_secs"": 0.002052, ""feat_secs_frame"": 0.000364, ""feat_secs_hsf"": 0.001535}"
qaoa,"qaoa:n=16,p=3,deg=2,nn=0",1,"{""n"": 16.0, ""p"": 3.0, ""deg"": 2.0, ""nn"": 0.0}",plan,ok,0.0014,0.0074,2441216,0.0,0,0.0,0.0,engine=zero aborted=[] plan_secs=0.001392,"{""n"": 16, ""gates"": 208, ""g2"": 96, ""g3"": 0, ""depth2"": 42, ""t_count"": 0, ""rotations"": 96, ""d"": 13, ""dense_l"": 19.3751, ""redundant"": 83, ""obs_zero"": true, ""frame_l"": 7.7004, ""chi_bits"": 8, ""mps_l"": 32.8114, ""hsf_k"": 12, ""hsf_na"": 7, ""hsf_nb"": 9, ""hsf_l"": 23.3923, ""sup"": 16, ""chi_bits0"": 8, ""mps_l0"": 32.8114, ""hsf_keff"": 6, ""hsf_l0"": 29.3923, ""sparse_l"": 23.7004, ""sv_l"": 23.7004, ""feat_secs"": 0.002052, ""feat_secs_frame"": 0.000364, ""feat_secs_hsf"": 0.001535}"
qaoa,"qaoa:n=16,p=3,deg=3,nn=0",1,"{""n"": 16.0, ""p"": 3.0, ""deg"": 3.0, ""nn"": 0.0}",planx,ok,0.012172,0.0183,4227072,-0.001449746452809407,0,-0.001449746452809407,0.0,engine=cstate aborted=[] plan_secs=0.004343,"{""n"": 16, ""gates"": 280, ""g2"": 144, ""g3"": 0, ""depth2"": 52, ""t_count"": 0, ""rotations"": 120, ""d"": 15, ""dense_l"": 21.6359, ""redundant"": 105, ""obs_zero"": false, ""frame_l"": 36.9069, ""chi_bits"": 8, ""mps_l"": 33.7071, ""hsf_k"": 18, ""hsf_na"": 4, ""hsf_nb"": 12, ""hsf_l"": 29.2095, ""sup"": 16, ""chi_bits0"": 8, ""mps_l0"": 33.7071, ""hsf_keff"": 9, ""hsf_l0"": 38.2095, ""sparse_l"": 24.1293, ""sv_l"": 24.1293, ""feat_secs"": 0.002707, ""feat_secs_frame"": 0.000305, ""feat_secs_hsf"": 0.002261}"
qaoa,"qaoa:n=16,p=3,deg=3,nn=0",1,"{""n"": 16.0, ""p"": 3.0, ""deg"": 3.0, ""nn"": 0.0}",planp,ok,0.012312,0.0184,4227072,-0.001449746452809407,0,-0.001449746452809407,0.0,engine=cstate aborted=[] plan_secs=0.004544,"{""n"": 16, ""gates"": 280, ""g2"": 144, ""g3"": 0, ""depth2"": 52, ""t_count"": 0, ""rotations"": 120, ""d"": 15, ""dense_l"": 21.6359, ""redundant"": 105, ""obs_zero"": false, ""frame_l"": 36.9069, ""chi_bits"": 8, ""mps_l"": 33.7071, ""hsf_k"": 18, ""hsf_na"": 4, ""hsf_nb"": 12, ""hsf_l"": 29.2095, ""sup"": 16, ""chi_bits0"": 8, ""mps_l0"": 33.7071, ""hsf_keff"": 9, ""hsf_l0"": 38.2095, ""sparse_l"": 24.1293, ""sv_l"": 24.1293, ""feat_secs"": 0.002707, ""feat_secs_frame"": 0.000305, ""feat_secs_hsf"": 0.002261}"
qaoa,"qaoa:n=16,p=3,deg=3,nn=0",1,"{""n"": 16.0, ""p"": 3.0, ""deg"": 3.0, ""nn"": 0.0}",plan,ok,0.011359,0.0164,4276224,-0.001449746452809407,0,-0.001449746452809407,0.0,engine=cstate aborted=[] plan_secs=0.004317,"{""n"": 16, ""gates"": 280, ""g2"": 144, ""g3"": 0, ""depth2"": 52, ""t_count"": 0, ""rotations"": 120, ""d"": 15, ""dense_l"": 21.6359, ""redundant"": 105, ""obs_zero"": false, ""frame_l"": 36.9069, ""chi_bits"": 8, ""mps_l"": 33.7071, ""hsf_k"": 18, ""hsf_na"": 4, ""hsf_nb"": 12, ""hsf_l"": 29.2095, ""sup"": 16, ""chi_bits0"": 8, ""mps_l0"": 33.7071, ""hsf_keff"": 9, ""hsf_l0"": 38.2095, ""sparse_l"": 24.1293, ""sv_l"": 24.1293, ""feat_secs"": 0.002707, ""feat_secs_frame"": 0.000305, ""feat_secs_hsf"": 0.002261}"
qaoa,"qaoa:n=20,p=1,deg=2,nn=0",1,"{""n"": 20.0, ""p"": 1.0, ""deg"": 2.0, ""nn"": 0.0}",planx,ok,0.008101,0.0128,4997120,0.0,0,0.0,0.0,engine=cstate aborted=[] plan_secs=0.003860,"{""n"": 20, ""gates"": 100, ""g2"": 40, ""g3"": 0, ""depth2"": 14, ""t_count"": 0, ""rotations"": 40, ""d"": 17, ""dense_l"": 21.5237, ""redundant"": 23, ""obs_zero"": true, ""frame_l"": 6.6439, ""chi_bits"": 10, ""mps_l"": 36.6878, ""hsf_k"": 4, ""hsf_na"": 8, ""hsf_nb"": 12, ""hsf_l"": 22.4757, ""sup"": 20, ""chi_bits0"": 10, ""mps_l0"": 36.6878, ""hsf_keff"": 2, ""hsf_l0"": 24.4757, ""sparse_l"": 26.6439, ""sv_l"": 26.6439, ""feat_secs"": 0.003203, ""feat_secs_frame"": 0.000142, ""feat_secs_hsf"": 0.002981}"
qaoa,"qaoa:n=20,p=1,deg=2,nn=0",1,"{""n"": 20.0, ""p"": 1.0, ""deg"": 2.0, ""nn"": 0.0}",planp,ok,0.00888,0.0153,4980736,0.0,0,0.0,0.0,engine=cstate aborted=[] plan_secs=0.004172,"{""n"": 20, ""gates"": 100, ""g2"": 40, ""g3"": 0, ""depth2"": 14, ""t_count"": 0, ""rotations"": 40, ""d"": 17, ""dense_l"": 21.5237, ""redundant"": 23, ""obs_zero"": true, ""frame_l"": 6.6439, ""chi_bits"": 10, ""mps_l"": 36.6878, ""hsf_k"": 4, ""hsf_na"": 8, ""hsf_nb"": 12, ""hsf_l"": 22.4757, ""sup"": 20, ""chi_bits0"": 10, ""mps_l0"": 36.6878, ""hsf_keff"": 2, ""hsf_l0"": 24.4757, ""sparse_l"": 26.6439, ""sv_l"": 26.6439, ""feat_secs"": 0.003203, ""feat_secs_frame"": 0.000142, ""feat_secs_hsf"": 0.002981}"
qaoa,"qaoa:n=20,p=1,deg=2,nn=0",1,"{""n"": 20.0, ""p"": 1.0, ""deg"": 2.0, ""nn"": 0.0}",plan,ok,0.003844,0.0101,2506752,0.0,0,0.0,0.0,engine=zero aborted=[] plan_secs=0.003836,"{""n"": 20, ""gates"": 100, ""g2"": 40, ""g3"": 0, ""depth2"": 14, ""t_count"": 0, ""rotations"": 40, ""d"": 17, ""dense_l"": 21.5237, ""redundant"": 23, ""obs_zero"": true, ""frame_l"": 6.6439, ""chi_bits"": 10, ""mps_l"": 36.6878, ""hsf_k"": 4, ""hsf_na"": 8, ""hsf_nb"": 12, ""hsf_l"": 22.4757, ""sup"": 20, ""chi_bits0"": 10, ""mps_l0"": 36.6878, ""hsf_keff"": 2, ""hsf_l0"": 24.4757, ""sparse_l"": 26.6439, ""sv_l"": 26.6439, ""feat_secs"": 0.003203, ""feat_secs_frame"": 0.000142, ""feat_secs_hsf"": 0.002981}"
qaoa,"qaoa:n=20,p=1,deg=3,nn=0",1,"{""n"": 20.0, ""p"": 1.0, ""deg"": 3.0, ""nn"": 0.0}",planx,ok,0.023938,0.0302,11386880,0.0006647013187474013,0,0.0006647013187474013,0.0,engine=cstate aborted=[] plan_secs=0.005476,"{""n"": 20, ""gates"": 130, ""g2"": 60, ""g3"": 0, ""depth2"": 24, ""t_count"": 0, ""rotations"": 50, ""d"": 19, ""dense_l"": 23.6079, ""redundant"": 31, ""obs_zero"": false, ""frame_l"": 21.1439, ""chi_bits"": 10, ""mps_l"": 37.8361, ""hsf_k"": 8, ""hsf_na"": 6, ""hsf_nb"": 14, ""hsf_l"": 25.5999, ""sup"": 20, ""chi_bits0"": 10, ""mps_l0"": 37.8361, ""hsf_keff"": 4, ""hsf_l0"": 29.5999, ""sparse_l"": 27.0224, ""sv_l"": 27.0224, ""feat_secs"": 0.004552, ""feat_secs_frame"": 0.000168, ""feat_secs_hsf"": 0.00431}"
qaoa,"qaoa:n=20,p=1,deg=3,nn=0",1,"{""n"": 20.0, ""p"": 1.0, ""deg"": 3.0, ""nn"": 0.0}",planp,ok,0.030021,0.0363,12877824,0.0006647013187474013,0,0.0006647013187474013,0.0,engine=cstate aborted=[] plan_secs=0.011110,"{""n"": 20, ""gates"": 130, ""g2"": 60, ""g3"": 0, ""depth2"": 24, ""t_count"": 0, ""rotations"": 50, ""d"": 19, ""dense_l"": 23.6079, ""redundant"": 31, ""obs_zero"": false, ""frame_l"": 21.1439, ""chi_bits"": 10, ""mps_l"": 37.8361, ""hsf_k"": 8, ""hsf_na"": 6, ""hsf_nb"": 14, ""hsf_l"": 25.5999, ""sup"": 20, ""chi_bits0"": 10, ""mps_l0"": 37.8361, ""hsf_keff"": 4, ""hsf_l0"": 29.5999, ""sparse_l"": 27.0224, ""sv_l"": 27.0224, ""feat_secs"": 0.004552, ""feat_secs_frame"": 0.000168, ""feat_secs_hsf"": 0.00431}"
qaoa,"qaoa:n=20,p=1,deg=3,nn=0",1,"{""n"": 20.0, ""p"": 1.0, ""deg"": 3.0, ""nn"": 0.0}",plan,ok,0.024491,0.0290,11337728,0.0006647013187474013,0,0.0006647013187474013,0.0,engine=cstate aborted=[] plan_secs=0.005488,"{""n"": 20, ""gates"": 130, ""g2"": 60, ""g3"": 0, ""depth2"": 24, ""t_count"": 0, ""rotations"": 50, ""d"": 19, ""dense_l"": 23.6079, ""redundant"": 31, ""obs_zero"": false, ""frame_l"": 21.1439, ""chi_bits"": 10, ""mps_l"": 37.8361, ""hsf_k"": 8, ""hsf_na"": 6, ""hsf_nb"": 14, ""hsf_l"": 25.5999, ""sup"": 20, ""chi_bits0"": 10, ""mps_l0"": 37.8361, ""hsf_keff"": 4, ""hsf_l0"": 29.5999, ""sparse_l"": 27.0224, ""sv_l"": 27.0224, ""feat_secs"": 0.004552, ""feat_secs_frame"": 0.000168, ""feat_secs_hsf"": 0.00431}"
qaoa,"qaoa:n=20,p=2,deg=2,nn=0",1,"{""n"": 20.0, ""p"": 2.0, ""deg"": 2.0, ""nn"": 0.0}",planx,ok,0.020732,0.0277,7667712,0.0,0,0.0,0.0,engine=cstate aborted=[] plan_secs=0.004572,"{""n"": 20, ""gates"": 180, ""g2"": 80, ""g3"": 0, ""depth2"": 22, ""t_count"": 0, ""rotations"": 80, ""d"": 17, ""dense_l"": 22.9773, ""redundant"": 63, ""obs_zero"": true, ""frame_l"": 7.4919, ""chi_bits"": 10, ""mps_l"": 38.5818, ""hsf_k"": 8, ""hsf_na"": 8, ""hsf_nb"": 12, ""hsf_l"": 24.7682, ""sup"": 20, ""chi_bits0"": 10, ""mps_l0"": 38.5818, ""hsf_keff"": 4, ""hsf_l0"": 28.7682, ""sparse_l"": 27.4919, ""sv_l"": 27.4919, ""feat_secs"": 0.003392, ""feat_secs_frame"": 0.000235, ""feat_secs_hsf"": 0.003063}"
qaoa,"qaoa:n=20,p=2,deg=2,nn=0",1,"{""n"": 20.0, ""p"": 2.0, ""deg"": 2.0, ""nn"": 0.0}",planp,ok,0.026008,0.0316,8863744,0.0,0,0.0,0.0,engine=cstate aborted=[] plan_secs=0.009269,"{""n"": 20, ""gates"": 180, ""g2"": 80, ""g3"": 0, ""depth2"": 22, ""t_count"": 0, ""rotations"": 80, ""d"": 17, ""dense_l"": 22.9773, ""redundant"": 63, ""obs_zero"": true, ""frame_l"": 7.4919, ""chi_bits"": 10, ""mps_l"": 38.5818, ""hsf_k"": 8, ""hsf_na"": 8, ""hsf_nb"": 12, ""hsf_l"": 24.7682, ""sup"": 20, ""chi_bits0"": 10, ""mps_l0"": 38.5818, ""hsf_keff"": 4, ""hsf_l0"": 28.7682, ""sparse_l"": 27.4919, ""sv_l"": 27.4919, ""feat_secs"": 0.003392, ""feat_secs_frame"": 0.000235, ""feat_secs_hsf"": 0.003063}"
qaoa,"qaoa:n=20,p=2,deg=2,nn=0",1,"{""n"": 20.0, ""p"": 2.0, ""deg"": 2.0, ""nn"": 0.0}",plan,ok,0.004708,0.0105,2621440,0.0,0,0.0,0.0,engine=zero aborted=[] plan_secs=0.004701,"{""n"": 20, ""gates"": 180, ""g2"": 80, ""g3"": 0, ""depth2"": 22, ""t_count"": 0, ""rotations"": 80, ""d"": 17, ""dense_l"": 22.9773, ""redundant"": 63, ""obs_zero"": true, ""frame_l"": 7.4919, ""chi_bits"": 10, ""mps_l"": 38.5818, ""hsf_k"": 8, ""hsf_na"": 8, ""hsf_nb"": 12, ""hsf_l"": 24.7682, ""sup"": 20, ""chi_bits0"": 10, ""mps_l0"": 38.5818, ""hsf_keff"": 4, ""hsf_l0"": 28.7682, ""sparse_l"": 27.4919, ""sv_l"": 27.4919, ""feat_secs"": 0.003392, ""feat_secs_frame"": 0.000235, ""feat_secs_hsf"": 0.003063}"
qaoa,"qaoa:n=20,p=2,deg=3,nn=0",1,"{""n"": 20.0, ""p"": 2.0, ""deg"": 3.0, ""nn"": 0.0}",planx,ok,0.078697,0.0831,21872640,0.001319306773661775,0,0.001319306773661775,0.0,engine=cstate aborted=[] plan_secs=0.006461,"{""n"": 20, ""gates"": 240, ""g2"": 120, ""g3"": 0, ""depth2"": 38, ""t_count"": 0, ""rotations"": 100, ""d"": 19, ""dense_l"": 25.2169, ""redundant"": 81, ""obs_zero"": false, ""frame_l"": 44.6439, ""chi_bits"": 10, ""mps_l"": 39.3084, ""hsf_k"": 16, ""hsf_na"": 6, ""hsf_nb"": 14, ""hsf_l"": 30.2479, ""sup"": 20, ""chi_bits0"": 10, ""mps_l0"": 39.3084, ""hsf_keff"": 8, ""hsf_l0"": 38.2479, ""sparse_l"": 27.9069, ""sv_l"": 27.9069, ""feat_secs"": 0.00478, ""feat_secs_frame"": 0.000278, ""feat_secs_hsf"": 0.004382}"
qaoa,"qaoa:n=20,p=2,deg=3,nn=0",1,"{""n"": 20.0, ""p"": 2.0, ""deg"": 3.0, ""nn"": 0.0}",planp,ok,0.097519,0.1037,23478272,0.001319306773661775,0,0.001319306773661775,0.0,engine=cstate aborted=[] plan_secs=0.024196,"{""n"": 20, ""gates"": 240, ""g2"": 120, ""g3"": 0, ""depth2"": 38, ""t_count"": 0, ""rotations"": 100, ""d"": 19, ""dense_l"": 25.2169, ""redundant"": 81, ""obs_zero"": false, ""frame_l"": 44.6439, ""chi_bits"": 10, ""mps_l"": 39.3084, ""hsf_k"": 16, ""hsf_na"": 6, ""hsf_nb"": 14, ""hsf_l"": 30.2479, ""sup"": 20, ""chi_bits0"": 10, ""mps_l0"": 39.3084, ""hsf_keff"": 8, ""hsf_l0"": 38.2479, ""sparse_l"": 27.9069, ""sv_l"": 27.9069, ""feat_secs"": 0.00478, ""feat_secs_frame"": 0.000278, ""feat_secs_hsf"": 0.004382}"
qaoa,"qaoa:n=20,p=2,deg=3,nn=0",1,"{""n"": 20.0, ""p"": 2.0, ""deg"": 3.0, ""nn"": 0.0}",plan,ok,0.078385,0.0850,21889024,0.001319306773661775,0,0.001319306773661775,0.0,engine=cstate aborted=[] plan_secs=0.006548,"{""n"": 20, ""gates"": 240, ""g2"": 120, ""g3"": 0, ""depth2"": 38, ""t_count"": 0, ""rotations"": 100, ""d"": 19, ""dense_l"": 25.2169, ""redundant"": 81, ""obs_zero"": false, ""frame_l"": 44.6439, ""chi_bits"": 10, ""mps_l"": 39.3084, ""hsf_k"": 16, ""hsf_na"": 6, ""hsf_nb"": 14, ""hsf_l"": 30.2479, ""sup"": 20, ""chi_bits0"": 10, ""mps_l0"": 39.3084, ""hsf_keff"": 8, ""hsf_l0"": 38.2479, ""sparse_l"": 27.9069, ""sv_l"": 27.9069, ""feat_secs"": 0.00478, ""feat_secs_frame"": 0.000278, ""feat_secs_hsf"": 0.004382}"
qaoa,"qaoa:n=20,p=3,deg=2,nn=0",1,"{""n"": 20.0, ""p"": 3.0, ""deg"": 2.0, ""nn"": 0.0}",planx,ok,0.032494,0.0384,9093120,0.0,0,0.0,0.0,engine=cstate aborted=[] plan_secs=0.005779,"{""n"": 20, ""gates"": 260, ""g2"": 120, ""g3"": 0, ""depth2"": 30, ""t_count"": 0, ""rotations"": 120, ""d"": 17, ""dense_l"": 23.6865, ""redundant"": 103, ""obs_zero"": true, ""frame_l"": 8.0224, ""chi_bits"": 10, ""mps_l"": 39.3734, ""hsf_k"": 12, ""hsf_na"": 8, ""hsf_nb"": 12, ""hsf_l"": 27.0112, ""sup"": 20, ""chi_bits0"": 10, ""mps_l0"": 39.3734, ""hsf_keff"": 6, ""hsf_l0"": 33.0112, ""sparse_l"": 28.0224, ""sv_l"": 28.0224, ""feat_secs"": 0.003514, ""feat_secs_frame"": 0.00032, ""feat_secs_hsf"": 0.00307}"
qaoa,"qaoa:n=20,p=3,deg=2,nn=0",1,"{""n"": 20.0, ""p"": 3.0, ""deg"": 2.0, ""nn"": 0.0}",planp,ok,0.038773,0.0447,10223616,0.0,0,0.0,0.0,engine=cstate aborted=[] plan_secs=0.011009,"{""n"": 20, ""gates"": 260, ""g2"": 120, ""g3"": 0, ""depth2"": 30, ""t_count"": 0, ""rotations"": 120, ""d"": 17, ""dense_l"": 23.6865, ""redundant"": 103, ""obs_zero"": true, ""frame_l"": 8.0224, ""chi_bits"": 10, ""mps_l"": 39.3734, ""hsf_k"": 12, ""hsf_na"": 8, ""hsf_nb"": 12, ""hsf_l"": 27.0112, ""sup"": 20, ""chi_bits0"": 10, ""mps_l0"": 39.3734, ""hsf_keff"": 6, ""hsf_l0"": 33.0112, ""sparse_l"": 28.0224, ""sv_l"": 28.0224, ""feat_secs"": 0.003514, ""feat_secs_frame"": 0.00032, ""feat_secs_hsf"": 0.00307}"
qaoa,"qaoa:n=20,p=3,deg=2,nn=0",1,"{""n"": 20.0, ""p"": 3.0, ""deg"": 2.0, ""nn"": 0.0}",plan,ok,0.005401,0.0102,2605056,0.0,0,0.0,0.0,engine=zero aborted=[] plan_secs=0.005392,"{""n"": 20, ""gates"": 260, ""g2"": 120, ""g3"": 0, ""depth2"": 30, ""t_count"": 0, ""rotations"": 120, ""d"": 17, ""dense_l"": 23.6865, ""redundant"": 103, ""obs_zero"": true, ""frame_l"": 8.0224, ""chi_bits"": 10, ""mps_l"": 39.3734, ""hsf_k"": 12, ""hsf_na"": 8, ""hsf_nb"": 12, ""hsf_l"": 27.0112, ""sup"": 20, ""chi_bits0"": 10, ""mps_l0"": 39.3734, ""hsf_keff"": 6, ""hsf_l0"": 33.0112, ""sparse_l"": 28.0224, ""sv_l"": 28.0224, ""feat_secs"": 0.003514, ""feat_secs_frame"": 0.00032, ""feat_secs_hsf"": 0.00307}"
qaoa,"qaoa:n=20,p=3,deg=3,nn=0",1,"{""n"": 20.0, ""p"": 3.0, ""deg"": 3.0, ""nn"": 0.0}",planx,ok,0.134549,0.1405,23347200,-0.001259404529334764,0,-0.001259404529334764,0.0,engine=cstate aborted=[] plan_secs=0.008451,"{""n"": 20, ""gates"": 350, ""g2"": 180, ""g3"": 0, ""depth2"": 52, ""t_count"": 0, ""rotations"": 150, ""d"": 19, ""dense_l"": 25.9587, ""redundant"": 131, ""obs_zero"": false, ""frame_l"": 45.2288, ""chi_bits"": 10, ""mps_l"": 40.0217, ""hsf_k"": 24, ""hsf_na"": 6, ""hsf_nb"": 14, ""hsf_l"": 34.6935, ""sup"": 20, ""chi_bits0"": 10, ""mps_l0"": 40.0217, ""hsf_keff"": 12, ""hsf_l0"": 46.6935, ""sparse_l"": 28.4512, ""sv_l"": 28.4512, ""feat_secs"": 0.004922, ""feat_secs_frame"": 0.000394, ""feat_secs_hsf"": 0.004368}"
qaoa,"qaoa:n=20,p=3,deg=3,nn=0",1,"{""n"": 20.0, ""p"": 3.0, ""deg"": 3.0, ""nn"": 0.0}",planp,ok,0.159395,0.1666,24985600,-0.001259404529334764,0,-0.001259404529334764,0.0,engine=cstate aborted=[] plan_secs=0.033861,"{""n"": 20, ""gates"": 350, ""g2"": 180, ""g3"": 0, ""depth2"": 52, ""t_count"": 0, ""rotations"": 150, ""d"": 19, ""dense_l"": 25.9587, ""redundant"": 131, ""obs_zero"": false, ""frame_l"": 45.2288, ""chi_bits"": 10, ""mps_l"": 40.0217, ""hsf_k"": 24, ""hsf_na"": 6, ""hsf_nb"": 14, ""hsf_l"": 34.6935, ""sup"": 20, ""chi_bits0"": 10, ""mps_l0"": 40.0217, ""hsf_keff"": 12, ""hsf_l0"": 46.6935, ""sparse_l"": 28.4512, ""sv_l"": 28.4512, ""feat_secs"": 0.004922, ""feat_secs_frame"": 0.000394, ""feat_secs_hsf"": 0.004368}"
qaoa,"qaoa:n=20,p=3,deg=3,nn=0",1,"{""n"": 20.0, ""p"": 3.0, ""deg"": 3.0, ""nn"": 0.0}",plan,ok,0.134222,0.1387,23347200,-0.001259404529334764,0,-0.001259404529334764,0.0,engine=cstate aborted=[] plan_secs=0.007707,"{""n"": 20, ""gates"": 350, ""g2"": 180, ""g3"": 0, ""depth2"": 52, ""t_count"": 0, ""rotations"": 150, ""d"": 19, ""dense_l"": 25.9587, ""redundant"": 131, ""obs_zero"": false, ""frame_l"": 45.2288, ""chi_bits"": 10, ""mps_l"": 40.0217, ""hsf_k"": 24, ""hsf_na"": 6, ""hsf_nb"": 14, ""hsf_l"": 34.6935, ""sup"": 20, ""chi_bits0"": 10, ""mps_l0"": 40.0217, ""hsf_keff"": 12, ""hsf_l0"": 46.6935, ""sparse_l"": 28.4512, ""sv_l"": 28.4512, ""feat_secs"": 0.004922, ""feat_secs_frame"": 0.000394, ""feat_secs_hsf"": 0.004368}"
qaoa,"qaoa:n=24,p=1,deg=2,nn=0",1,"{""n"": 24.0, ""p"": 1.0, ""deg"": 2.0, ""nn"": 0.0}",planx,ok,0.120178,0.1266,26378240,0.0,0,0.0,0.0,"engine=cstate aborted=[""mps""] plan_secs=0.006770","{""n"": 24, ""gates"": 120, ""g2"": 48, ""g3"": 0, ""depth2"": 18, ""t_count"": 0, ""rotations"": 48, ""d"": 20, ""dense_l"": 24.8094, ""redundant"": 28, ""obs_zero"": true, ""frame_l"": 6.9069, ""chi_bits"": 12, ""mps_l"": 42.7693, ""hsf_k"": 6, ""hsf_na"": 12, ""hsf_nb"": 12, ""hsf_l"": 27.0417, ""sup"": 24, ""chi_bits0"": 12, ""mps_l0"": 42.7693, ""hsf_keff"": 3, ""hsf_l0"": 30.0417, ""sparse_l"": 30.9069, ""sv_l"": 30.9069, ""feat_secs"": 0.005654, ""feat_secs_frame"": 0.000164, ""feat_secs_hsf"": 0.005412}"
qaoa,"qaoa:n=24,p=1,deg=2,nn=0",1,"{""n"": 24.0, ""p"": 1.0, ""deg"": 2.0, ""nn"": 0.0}",planp,ok,0.123585,0.1300,26329088,0.0,0,0.0,0.0,"engine=cstate aborted=[""mps""] plan_secs=0.006663","{""n"": 24, ""gates"": 120, ""g2"": 48, ""g3"": 0, ""depth2"": 18, ""t_count"": 0, ""rotations"": 48, ""d"": 20, ""dense_l"": 24.8094, ""redundant"": 28, ""obs_zero"": true, ""frame_l"": 6.9069, ""chi_bits"": 12, ""mps_l"": 42.7693, ""hsf_k"": 6, ""hsf_na"": 12, ""hsf_nb"": 12, ""hsf_l"": 27.0417, ""sup"": 24, ""chi_bits0"": 12, ""mps_l0"": 42.7693, ""hsf_keff"": 3, ""hsf_l0"": 30.0417, ""sparse_l"": 30.9069, ""sv_l"": 30.9069, ""feat_secs"": 0.005654, ""feat_secs_frame"": 0.000164, ""feat_secs_hsf"": 0.005412}"
qaoa,"qaoa:n=24,p=1,deg=2,nn=0",1,"{""n"": 24.0, ""p"": 1.0, ""deg"": 2.0, ""nn"": 0.0}",plan,ok,0.006719,0.0131,2572288,0.0,0,0.0,0.0,engine=zero aborted=[] plan_secs=0.006711,"{""n"": 24, ""gates"": 120, ""g2"": 48, ""g3"": 0, ""depth2"": 18, ""t_count"": 0, ""rotations"": 48, ""d"": 20, ""dense_l"": 24.8094, ""redundant"": 28, ""obs_zero"": true, ""frame_l"": 6.9069, ""chi_bits"": 12, ""mps_l"": 42.7693, ""hsf_k"": 6, ""hsf_na"": 12, ""hsf_nb"": 12, ""hsf_l"": 27.0417, ""sup"": 24, ""chi_bits0"": 12, ""mps_l0"": 42.7693, ""hsf_keff"": 3, ""hsf_l0"": 30.0417, ""sparse_l"": 30.9069, ""sv_l"": 30.9069, ""feat_secs"": 0.005654, ""feat_secs_frame"": 0.000164, ""feat_secs_hsf"": 0.005412}"
qaoa,"qaoa:n=24,p=1,deg=3,nn=0",1,"{""n"": 24.0, ""p"": 1.0, ""deg"": 3.0, ""nn"": 0.0}",planx,ok,0.468562,0.4741,84918272,0.0,0,0.0,0.0,"engine=cstate aborted=[""mps""] plan_secs=0.009744","{""n"": 24, ""gates"": 156, ""g2"": 72, ""g3"": 0, ""depth2"": 26, ""t_count"": 0, ""rotations"": 60, ""d"": 22, ""dense_l"": 26.8284, ""redundant"": 38, ""obs_zero"": true, ""frame_l"": 7.2854, ""chi_bits"": 12, ""mps_l"": 44.1328, ""hsf_k"": 10, ""hsf_na"": 8, ""hsf_nb"": 16, ""hsf_l"": 29.6865, ""sup"": 24, ""chi_bits0"": 12, ""mps_l0"": 44.1328, ""hsf_keff"": 5, ""hsf_l0"": 34.6865, ""sparse_l"": 31.2854, ""sv_l"": 31.2854, ""feat_secs"": 0.008084, ""feat_secs_frame"": 0.000203, ""feat_secs_hsf"": 0.007783}"
qaoa,"qaoa:n=24,p=1,deg=3,nn=0",1,"{""n"": 24.0, ""p"": 1.0, ""deg"": 3.0, ""nn"": 0.0}",planp,ok,0.469734,0.4747,84852736,0.0,0,0.0,0.0,"engine=cstate aborted=[""mps""] plan_secs=0.009791","{""n"": 24, ""gates"": 156, ""g2"": 72, ""g3"": 0, ""depth2"": 26, ""t_count"": 0, ""rotations"": 60, ""d"": 22, ""dense_l"": 26.8284, ""redundant"": 38, ""obs_zero"": true, ""frame_l"": 7.2854, ""chi_bits"": 12, ""mps_l"": 44.1328, ""hsf_k"": 10, ""hsf_na"": 8, ""hsf_nb"": 16, ""hsf_l"": 29.6865, ""sup"": 24, ""chi_bits0"": 12, ""mps_l0"": 44.1328, ""hsf_keff"": 5, ""hsf_l0"": 34.6865, ""sparse_l"": 31.2854, ""sv_l"": 31.2854, ""feat_secs"": 0.008084, ""feat_secs_frame"": 0.000203, ""feat_secs_hsf"": 0.007783}"
qaoa,"qaoa:n=24,p=1,deg=3,nn=0",1,"{""n"": 24.0, ""p"": 1.0, ""deg"": 3.0, ""nn"": 0.0}",plan,ok,0.009787,0.0152,2703360,0.0,0,0.0,0.0,engine=zero aborted=[] plan_secs=0.009778,"{""n"": 24, ""gates"": 156, ""g2"": 72, ""g3"": 0, ""depth2"": 26, ""t_count"": 0, ""rotations"": 60, ""d"": 22, ""dense_l"": 26.8284, ""redundant"": 38, ""obs_zero"": true, ""frame_l"": 7.2854, ""chi_bits"": 12, ""mps_l"": 44.1328, ""hsf_k"": 10, ""hsf_na"": 8, ""hsf_nb"": 16, ""hsf_l"": 29.6865, ""sup"": 24, ""chi_bits0"": 12, ""mps_l0"": 44.1328, ""hsf_keff"": 5, ""hsf_l0"": 34.6865, ""sparse_l"": 31.2854, ""sv_l"": 31.2854, ""feat_secs"": 0.008084, ""feat_secs_frame"": 0.000203, ""feat_secs_hsf"": 0.007783}"
qaoa,"qaoa:n=24,p=2,deg=2,nn=0",1,"{""n"": 24.0, ""p"": 2.0, ""deg"": 2.0, ""nn"": 0.0}",planx,ok,0.163992,0.1708,40763392,0.0,0,0.0,0.0,engine=cstate aborted=[] plan_secs=0.007955,"{""n"": 24, ""gates"": 216, ""g2"": 96, ""g3"": 0, ""depth2"": 28, ""t_count"": 0, ""rotations"": 96, ""d"": 20, ""dense_l"": 26.2487, ""redundant"": 76, ""obs_zero"": true, ""frame_l"": 7.7549, ""chi_bits"": 12, ""mps_l"": 44.7692, ""hsf_k"": 8, ""hsf_na"": 8, ""hsf_nb"": 16, ""hsf_l"": 28.8826, ""sup"": 24, ""chi_bits0"": 12, ""mps_l0"": 44.7692, ""hsf_keff"": 4, ""hsf_l0"": 32.8826, ""sparse_l"": 31.7549, ""sv_l"": 31.7549, ""feat_secs"": 0.005649, ""feat_secs_frame"": 0.000277, ""feat_secs_hsf"": 0.005267}"
qaoa,"qaoa:n=24,p=2,deg=2,nn=0",1,"{""n"": 24.0, ""p"": 2.0, ""deg"": 2.0, ""nn"": 0.0}",planp,ok,0.202311,0.2094,43040768,0.0,0,0.0,0.0,engine=cstate aborted=[] plan_secs=0.039921,"{""n"": 24, ""gates"": 216, ""g2"": 96, ""g3"": 0, ""depth2"": 28, ""t_count"": 0, ""rotations"": 96, ""d"": 20, ""dense_l"": 26.2487, ""redundant"": 76, ""obs_zero"": true, ""frame_l"": 7.7549, ""chi_bits"": 12, ""mps_l"": 44.7692, ""hsf_k"": 8, ""hsf_na"": 8, ""hsf_nb"": 16, ""hsf_l"": 28.8826, ""sup"": 24, ""chi_bits0"": 12, ""mps_l0"": 44.7692, ""hsf_keff"": 4, ""hsf_l0"": 32.8826, ""sparse_l"": 31.7549, ""sv_l"": 31.7549, ""feat_secs"": 0.005649, ""feat_secs_frame"": 0.000277, ""feat_secs_hsf"": 0.005267}"
qaoa,"qaoa:n=24,p=2,deg=2,nn=0",1,"{""n"": 24.0, ""p"": 2.0, ""deg"": 2.0, ""nn"": 0.0}",plan,ok,0.007969,0.0131,2703360,0.0,0,0.0,0.0,engine=zero aborted=[] plan_secs=0.007958,"{""n"": 24, ""gates"": 216, ""g2"": 96, ""g3"": 0, ""depth2"": 28, ""t_count"": 0, ""rotations"": 96, ""d"": 20, ""dense_l"": 26.2487, ""redundant"": 76, ""obs_zero"": true, ""frame_l"": 7.7549, ""chi_bits"": 12, ""mps_l"": 44.7692, ""hsf_k"": 8, ""hsf_na"": 8, ""hsf_nb"": 16, ""hsf_l"": 28.8826, ""sup"": 24, ""chi_bits0"": 12, ""mps_l0"": 44.7692, ""hsf_keff"": 4, ""hsf_l0"": 32.8826, ""sparse_l"": 31.7549, ""sv_l"": 31.7549, ""feat_secs"": 0.005649, ""feat_secs_frame"": 0.000277, ""feat_secs_hsf"": 0.005267}"
qaoa,"qaoa:n=24,p=2,deg=3,nn=0",1,"{""n"": 24.0, ""p"": 2.0, ""deg"": 3.0, ""nn"": 0.0}",planx,ok,0.632304,0.6371,154157056,0.0,0,0.0,0.0,engine=cstate aborted=[] plan_secs=0.012415,"{""n"": 24, ""gates"": 288, ""g2"": 144, ""g3"": 0, ""depth2"": 38, ""t_count"": 0, ""rotations"": 120, ""d"": 22, ""dense_l"": 28.4662, ""redundant"": 98, ""obs_zero"": true, ""frame_l"": 8.1699, ""chi_bits"": 12, ""mps_l"": 45.6064, ""hsf_k"": 20, ""hsf_na"": 8, ""hsf_nb"": 16, ""hsf_l"": 35.0875, ""sup"": 24, ""chi_bits0"": 12, ""mps_l0"": 45.6064, ""hsf_keff"": 10, ""hsf_l0"": 45.0875, ""sparse_l"": 32.1699, ""sv_l"": 32.1699, ""feat_secs"": 0.008361, ""feat_secs_frame"": 0.000328, ""feat_secs_hsf"": 0.007891}"
qaoa,"qaoa:n=24,p=2,deg=3,nn=0",1,"{""n"": 24.0, ""p"": 2.0, ""deg"": 3.0, ""nn"": 0.0}",planp,ok,0.769471,0.7745,156319744,0.0,0,0.0,0.0,engine=cstate aborted=[] plan_secs=0.149781,"{""n"": 24, ""gates"": 288, ""g2"": 144, ""g3"": 0, ""depth2"": 38, ""t_count"": 0, ""rotations"": 120, ""d"": 22, ""dense_l"": 28.4662, ""redundant"": 98, ""obs_zero"": true, ""frame_l"": 8.1699, ""chi_bits"": 12, ""mps_l"": 45.6064, ""hsf_k"": 20, ""hsf_na"": 8, ""hsf_nb"": 16, ""hsf_l"": 35.0875, ""sup"": 24, ""chi_bits0"": 12, ""mps_l0"": 45.6064, ""hsf_keff"": 10, ""hsf_l0"": 45.0875, ""sparse_l"": 32.1699, ""sv_l"": 32.1699, ""feat_secs"": 0.008361, ""feat_secs_frame"": 0.000328, ""feat_secs_hsf"": 0.007891}"
qaoa,"qaoa:n=24,p=2,deg=3,nn=0",1,"{""n"": 24.0, ""p"": 2.0, ""deg"": 3.0, ""nn"": 0.0}",plan,ok,0.01153,0.0186,2736128,0.0,0,0.0,0.0,engine=zero aborted=[] plan_secs=0.011520,"{""n"": 24, ""gates"": 288, ""g2"": 144, ""g3"": 0, ""depth2"": 38, ""t_count"": 0, ""rotations"": 120, ""d"": 22, ""dense_l"": 28.4662, ""redundant"": 98, ""obs_zero"": true, ""frame_l"": 8.1699, ""chi_bits"": 12, ""mps_l"": 45.6064, ""hsf_k"": 20, ""hsf_na"": 8, ""hsf_nb"": 16, ""hsf_l"": 35.0875, ""sup"": 24, ""chi_bits0"": 12, ""mps_l0"": 45.6064, ""hsf_keff"": 10, ""hsf_l0"": 45.0875, ""sparse_l"": 32.1699, ""sv_l"": 32.1699, ""feat_secs"": 0.008361, ""feat_secs_frame"": 0.000328, ""feat_secs_hsf"": 0.007891}"
qaoa,"qaoa:n=24,p=3,deg=2,nn=0",1,"{""n"": 24.0, ""p"": 3.0, ""deg"": 2.0, ""nn"": 0.0}",planx,ok,0.269576,0.2762,42303488,0.0,0,0.0,0.0,engine=cstate aborted=[] plan_secs=0.010155,"{""n"": 24, ""gates"": 312, ""g2"": 144, ""g3"": 0, ""depth2"": 38, ""t_count"": 0, ""rotations"": 144, ""d"": 20, ""dense_l"": 26.9547, ""redundant"": 124, ""obs_zero"": true, ""frame_l"": 8.2854, ""chi_bits"": 12, ""mps_l"": 45.5765, ""hsf_k"": 12, ""hsf_na"": 8, ""hsf_nb"": 16, ""hsf_l"": 31.1497, ""sup"": 24, ""chi_bits0"": 12, ""mps_l0"": 45.5765, ""hsf_keff"": 6, ""hsf_l0"": 37.1497, ""sparse_l"": 32.2854, ""sv_l"": 32.2854, ""feat_secs"": 0.00585, ""feat_secs_frame"": 0.000374, ""feat_secs_hsf"": 0.005329}"
qaoa,"qaoa:n=24,p=3,deg=2,nn=0",1,"{""n"": 24.0, ""p"": 3.0, ""deg"": 2.0, ""nn"": 0.0}",planp,ok,0.320316,0.3277,44236800,0.0,0,0.0,0.0,engine=cstate aborted=[] plan_secs=0.060194,"{""n"": 24, ""gates"": 312, ""g2"": 144, ""g3"": 0, ""depth2"": 38, ""t_count"": 0, ""rotations"": 144, ""d"": 20, ""dense_l"": 26.9547, ""redundant"": 124, ""obs_zero"": true, ""frame_l"": 8.2854, ""chi_bits"": 12, ""mps_l"": 45.5765, ""hsf_k"": 12, ""hsf_na"": 8, ""hsf_nb"": 16, ""hsf_l"": 31.1497, ""sup"": 24, ""chi_bits0"": 12, ""mps_l0"": 45.5765, ""hsf_keff"": 6, ""hsf_l0"": 37.1497, ""sparse_l"": 32.2854, ""sv_l"": 32.2854, ""feat_secs"": 0.00585, ""feat_secs_frame"": 0.000374, ""feat_secs_hsf"": 0.005329}"
qaoa,"qaoa:n=24,p=3,deg=2,nn=0",1,"{""n"": 24.0, ""p"": 3.0, ""deg"": 2.0, ""nn"": 0.0}",plan,ok,0.009879,0.0153,2785280,0.0,0,0.0,0.0,engine=zero aborted=[] plan_secs=0.009871,"{""n"": 24, ""gates"": 312, ""g2"": 144, ""g3"": 0, ""depth2"": 38, ""t_count"": 0, ""rotations"": 144, ""d"": 20, ""dense_l"": 26.9547, ""redundant"": 124, ""obs_zero"": true, ""frame_l"": 8.2854, ""chi_bits"": 12, ""mps_l"": 45.5765, ""hsf_k"": 12, ""hsf_na"": 8, ""hsf_nb"": 16, ""hsf_l"": 31.1497, ""sup"": 24, ""chi_bits0"": 12, ""mps_l0"": 45.5765, ""hsf_keff"": 6, ""hsf_l0"": 37.1497, ""sparse_l"": 32.2854, ""sv_l"": 32.2854, ""feat_secs"": 0.00585, ""feat_secs_frame"": 0.000374, ""feat_secs_hsf"": 0.005329}"
qaoa,"qaoa:n=24,p=3,deg=3,nn=0",1,"{""n"": 24.0, ""p"": 3.0, ""deg"": 3.0, ""nn"": 0.0}",planx,ok,1.08499,1.0901,155648000,0.0,0,0.0,0.0,engine=cstate aborted=[] plan_secs=0.013781,"{""n"": 24, ""gates"": 420, ""g2"": 216, ""g3"": 0, ""depth2"": 52, ""t_count"": 0, ""rotations"": 180, ""d"": 22, ""dense_l"": 29.2135, ""redundant"": 158, ""obs_zero"": true, ""frame_l"": 8.7142, ""chi_bits"": 12, ""mps_l"": 46.32, ""hsf_k"": 30, ""hsf_na"": 8, ""hsf_nb"": 16, ""hsf_l"": 40.4009, ""sup"": 24, ""chi_bits0"": 12, ""mps_l0"": 46.32, ""hsf_keff"": 15, ""hsf_l0"": 55.4009, ""sparse_l"": 32.7142, ""sv_l"": 32.7142, ""feat_secs"": 0.008575, ""feat_secs_frame"": 0.000463, ""feat_secs_hsf"": 0.007927}"
qaoa,"qaoa:n=24,p=3,deg=3,nn=0",1,"{""n"": 24.0, ""p"": 3.0, ""deg"": 3.0, ""nn"": 0.0}",planp,ok,1.322107,1.3276,157597696,0.0,0,0.0,0.0,engine=cstate aborted=[] plan_secs=0.244313,"{""n"": 24, ""gates"": 420, ""g2"": 216, ""g3"": 0, ""depth2"": 52, ""t_count"": 0, ""rotations"": 180, ""d"": 22, ""dense_l"": 29.2135, ""redundant"": 158, ""obs_zero"": true, ""frame_l"": 8.7142, ""chi_bits"": 12, ""mps_l"": 46.32, ""hsf_k"": 30, ""hsf_na"": 8, ""hsf_nb"": 16, ""hsf_l"": 40.4009, ""sup"": 24, ""chi_bits0"": 12, ""mps_l0"": 46.32, ""hsf_keff"": 15, ""hsf_l0"": 55.4009, ""sparse_l"": 32.7142, ""sv_l"": 32.7142, ""feat_secs"": 0.008575, ""feat_secs_frame"": 0.000463, ""feat_secs_hsf"": 0.007927}"
qaoa,"qaoa:n=24,p=3,deg=3,nn=0",1,"{""n"": 24.0, ""p"": 3.0, ""deg"": 3.0, ""nn"": 0.0}",plan,ok,0.013884,0.0184,2801664,0.0,0,0.0,0.0,engine=zero aborted=[] plan_secs=0.013874,"{""n"": 24, ""gates"": 420, ""g2"": 216, ""g3"": 0, ""depth2"": 52, ""t_count"": 0, ""rotations"": 180, ""d"": 22, ""dense_l"": 29.2135, ""redundant"": 158, ""obs_zero"": true, ""frame_l"": 8.7142, ""chi_bits"": 12, ""mps_l"": 46.32, ""hsf_k"": 30, ""hsf_na"": 8, ""hsf_nb"": 16, ""hsf_l"": 40.4009, ""sup"": 24, ""chi_bits0"": 12, ""mps_l0"": 46.32, ""hsf_keff"": 15, ""hsf_l0"": 55.4009, ""sparse_l"": 32.7142, ""sv_l"": 32.7142, ""feat_secs"": 0.008575, ""feat_secs_frame"": 0.000463, ""feat_secs_hsf"": 0.007927}"
