family,spec,seed,params,engine,status,secs,wall,rss,value,size,ref,abs_err,note,features
arith,"arith:bits=6,h=0,reps=2",1,"{""bits"": 6.0, ""h"": 0.0, ""reps"": 2.0}",planx,ok,0.000454,0.0046,2293760,1.0,0,1.0,0.0,engine=sparse aborted=[] plan_secs=0.000411,"{""n"": 13, ""gates"": 79, ""g2"": 48, ""g3"": 24, ""depth2"": 62, ""t_count"": 168, ""rotations"": 168, ""d"": 11, ""dense_l"": 17.6178, ""redundant"": 157, ""obs_zero"": false, ""frame_l"": 29.3923, ""chi_bits"": 0, ""mps_l"": 13.7552, ""hsf_k"": 10, ""hsf_na"": 6, ""hsf_nb"": 7, ""hsf_l"": 18.1599, ""sup"": 0, ""chi_bits0"": 6, ""mps_l0"": 26.315, ""hsf_keff"": 4, ""hsf_l0"": 24.1599, ""sparse_l"": 6.3038, ""sv_l"": 19.3038, ""feat_secs"": 0.001646, ""feat_secs_frame"": 0.000369, ""feat_secs_hsf"": 0.001189}"
arith,"arith:bits=6,h=0,reps=2",1,"{""bits"": 6.0, ""h"": 0.0, ""reps"": 2.0}",planp,ok,0.000421,0.0041,2293760,1.0,0,1.0,0.0,engine=sparse aborted=[] plan_secs=0.000402,"{""n"": 13, ""gates"": 79, ""g2"": 48, ""g3"": 24, ""depth2"": 62, ""t_count"": 168, ""rotations"": 168, ""d"": 11, ""dense_l"": 17.6178, ""redundant"": 157, ""obs_zero"": false, ""frame_l"": 29.3923, ""chi_bits"": 0, ""mps_l"": 13.7552, ""hsf_k"": 10, ""hsf_na"": 6, ""hsf_nb"": 7, ""hsf_l"": 18.1599, ""sup"": 0, ""chi_bits0"": 6, ""mps_l0"": 26.315, ""hsf_keff"": 4, ""hsf_l0"": 24.1599, ""sparse_l"": 6.3038, ""sv_l"": 19.3038, ""feat_secs"": 0.001646, ""feat_secs_frame"": 0.000369, ""feat_secs_hsf"": 0.001189}"
arith,"arith:bits=6,h=0,reps=2",1,"{""bits"": 6.0, ""h"": 0.0, ""reps"": 2.0}",plan,ok,0.00041,0.0041,2260992,1.0,0,1.0,0.0,engine=sparse aborted=[] plan_secs=0.000392,"{""n"": 13, ""gates"": 79, ""g2"": 48, ""g3"": 24, ""depth2"": 62, ""t_count"": 168, ""rotations"": 168, ""d"": 11, ""dense_l"": 17.6178, ""redundant"": 157, ""obs_zero"": false, ""frame_l"": 29.3923, ""chi_bits"": 0, ""mps_l"": 13.7552, ""hsf_k"": 10, ""hsf_na"": 6, ""hsf_nb"": 7, ""hsf_l"": 18.1599, ""sup"": 0, ""chi_bits0"": 6, ""mps_l0"": 26.315, ""hsf_keff"": 4, ""hsf_l0"": 24.1599, ""sparse_l"": 6.3038, ""sv_l"": 19.3038, ""feat_secs"": 0.001646, ""feat_secs_frame"": 0.000369, ""feat_secs_hsf"": 0.001189}"
arith,"arith:bits=6,h=1,reps=1",1,"{""bits"": 6.0, ""h"": 1.0, ""reps"": 1.0}",planx,ok,0.000347,0.0042,2605056,0.5000000000000002,0,0.5000000000000002,0.0,engine=sv aborted=[] plan_secs=0.000001,"{""n"": 13, ""gates"": 43, ""g2"": 24, ""g3"": 12, ""depth2"": 31, ""t_count"": 84, ""rotations"": 84, ""d"": 13, ""dense_l"": 16.8289, ""redundant"": 71, ""obs_zero"": false, ""frame_l"": 32.3923, ""chi_bits"": 2, ""mps_l"": 18.689, ""hsf_k"": 5, ""hsf_na"": 6, ""hsf_nb"": 7, ""hsf_l"": 15.7415, ""sup"": 2, ""chi_bits0"": 6, ""mps_l0"": 25.5699, ""hsf_keff"": 2, ""hsf_l0"": 18.7415, ""sparse_l"": 7.4263, ""sv_l"": 18.4263, ""feat_secs"": 0.001101, ""feat_secs_frame"": 0.000194, ""feat_secs_hsf"": 0.000868}"
arith,"arith:bits=6,h=1,reps=1",1,"{""bits"": 6.0, ""h"": 1.0, ""reps"": 1.0}",planp,ok,0.000357,0.0045,2605056,0.5000000000000002,0,0.5000000000000002,0.0,engine=sv aborted=[] plan_secs=0.000000,"{""n"": 13, ""gates"": 43, ""g2"": 24, ""g3"": 12, ""depth2"": 31, ""t_count"": 84, ""rotations"": 84, ""d"": 13, ""dense_l"": 16.8289, ""redundant"": 71, ""obs_zero"": false, ""frame_l"": 32.3923, ""chi_bits"": 2, ""mps_l"": 18.689, ""hsf_k"": 5, ""hsf_na"": 6, ""hsf_nb"": 7, ""hsf_l"": 15.7415, ""sup"": 2, ""chi_bits0"": 6, ""mps_l0"": 25.5699, ""hsf_keff"": 2, ""hsf_l0"": 18.7415, ""sparse_l"": 7.4263, ""sv_l"": 18.4263, ""feat_secs"": 0.001101, ""feat_secs_frame"": 0.000194, ""feat_secs_hsf"": 0.000868}"
arith,"arith:bits=6,h=1,reps=1",1,"{""bits"": 6.0, ""h"": 1.0, ""reps"": 1.0}",plan,ok,0.000438,0.0043,2605056,0.5000000000000002,0,0.5000000000000002,0.0,engine=sv aborted=[] plan_secs=0.000001,"{""n"": 13, ""gates"": 43, ""g2"": 24, ""g3"": 12, ""depth2"": 31, ""t_count"": 84, ""rotations"": 84, ""d"": 13, ""dense_l"": 16.8289, ""redundant"": 71, ""obs_zero"": false, ""frame_l"": 32.3923, ""chi_bits"": 2, ""mps_l"": 18.689, ""hsf_k"": 5, ""hsf_na"": 6, ""hsf_nb"": 7, ""hsf_l"": 15.7415, ""sup"": 2, ""chi_bits0"": 6, ""mps_l0"": 25.5699, ""hsf_keff"": 2, ""hsf_l0"": 18.7415, ""sparse_l"": 7.4263, ""sv_l"": 18.4263, ""feat_secs"": 0.001101, ""feat_secs_frame"": 0.000194, ""feat_secs_hsf"": 0.000868}"
arith,"arith:bits=6,h=1,reps=4",1,"{""bits"": 6.0, ""h"": 1.0, ""reps"": 4.0}",planx,ok,0.000725,0.0067,2392064,0.5000000000000002,0,0.5000000000000002,0.0,engine=sparse aborted=[] plan_secs=0.000695,"{""n"": 13, ""gates"": 151, ""g2"": 96, ""g3"": 48, ""depth2"": 124, ""t_count"": 336, ""rotations"": 336, ""d"": 13, ""dense_l"": 21.0564, ""redundant"": 323, ""obs_zero"": false, ""frame_l"": 34.3923, ""chi_bits"": 2, ""mps_l"": 20.238, ""hsf_k"": 20, ""hsf_na"": 6, ""hsf_nb"": 7, ""hsf_l"": 22.7482, ""sup"": 2, ""chi_bits0"": 6, ""mps_l0"": 27.5667, ""hsf_keff"": 8, ""hsf_l0"": 34.7482, ""sparse_l"": 9.2384, ""sv_l"": 20.2384, ""feat_secs"": 0.001937, ""feat_secs_frame"": 0.00062, ""feat_secs_hsf"": 0.001206}"
arith,"arith:bits=6,h=1,reps=4",1,"{""bits"": 6.0, ""h"": 1.0, ""reps"": 4.0}",planp,ok,0.000748,0.0062,2375680,0.5000000000000002,0,0.5000000000000002,0.0,engine=sparse aborted=[] plan_secs=0.000715,"{""n"": 13, ""gates"": 151, ""g2"": 96, ""g3"": 48, ""depth2"": 124, ""t_count"": 336, ""rotations"": 336, ""d"": 13, ""dense_l"": 21.0564, ""redundant"": 323, ""obs_zero"": false, ""frame_l"": 34.3923, ""chi_bits"": 2, ""mps_l"": 20.238, ""hsf_k"": 20, ""hsf_na"": 6, ""hsf_nb"": 7, ""hsf_l"": 22.7482, ""sup"": 2, ""chi_bits0"": 6, ""mps_l0"": 27.5667, ""hsf_keff"": 8, ""hsf_l0"": 34.7482, ""sparse_l"": 9.2384, ""sv_l"": 20.2384, ""feat_secs"": 0.001937, ""feat_secs_frame"": 0.00062, ""feat_secs_hsf"": 0.001206}"
arith,"arith:bits=6,h=1,reps=4",1,"{""bits"": 6.0, ""h"": 1.0, ""reps"": 4.0}",plan,ok,0.000744,0.0042,2375680,0.5000000000000002,0,0.5000000000000002,0.0,engine=sparse aborted=[] plan_secs=0.000709,"{""n"": 13, ""gates"": 151, ""g2"": 96, ""g3"": 48, ""depth2"": 124, ""t_count"": 336, ""rotations"": 336, ""d"": 13, ""dense_l"": 21.0564, ""redundant"": 323, ""obs_zero"": false, ""frame_l"": 34.3923, ""chi_bits"": 2, ""mps_l"": 20.238, ""hsf_k"": 20, ""hsf_na"": 6, ""hsf_nb"": 7, ""hsf_l"": 22.7482, ""sup"": 2, ""chi_bits0"": 6, ""mps_l0"": 27.5667, ""hsf_keff"": 8, ""hsf_l0"": 34.7482, ""sparse_l"": 9.2384, ""sv_l"": 20.2384, ""feat_secs"": 0.001937, ""feat_secs_frame"": 0.00062, ""feat_secs_hsf"": 0.001206}"
arith,"arith:bits=6,h=2,reps=2",1,"{""bits"": 6.0, ""h"": 2.0, ""reps"": 2.0}",planx,ok,0.000455,0.0043,2277376,0.0,0,0.0,0.0,engine=sparse aborted=[] plan_secs=0.000416,"{""n"": 13, ""gates"": 80, ""g2"": 48, ""g3"": 24, ""depth2"": 62, ""t_count"": 168, ""rotations"": 168, ""d"": 13, ""dense_l"": 19.7199, ""redundant"": 155, ""obs_zero"": false, ""frame_l"": 33.3923, ""chi_bits"": 4, ""mps_l"": 23.9909, ""hsf_k"": 10, ""hsf_na"": 6, ""hsf_nb"": 7, ""hsf_l"": 18.1699, ""sup"": 4, ""chi_bits0"": 6, ""mps_l0"": 26.315, ""hsf_keff"": 4, ""hsf_l0"": 24.1699, ""sparse_l"": 10.3219, ""sv_l"": 19.3219, ""feat_secs"": 0.001644, ""feat_secs_frame"": 0.000372, ""feat_secs_hsf"": 0.001205}"
arith,"arith:bits=6,h=2,reps=2",1,"{""bits"": 6.0, ""h"": 2.0, ""reps"": 2.0}",planp,ok,0.000441,0.0043,2326528,0.0,0,0.0,0.0,engine=sparse aborted=[] plan_secs=0.000400,"{""n"": 13, ""gates"": 80, ""g2"": 48, ""g3"": 24, ""depth2"": 62, ""t_count"": 168, ""rotations"": 168, ""d"": 13, ""dense_l"": 19.7199, ""redundant"": 155, ""obs_zero"": false, ""frame_l"": 33.3923, ""chi_bits"": 4, ""mps_l"": 23.9909, ""hsf_k"": 10, ""hsf_na"": 6, ""hsf_nb"": 7, ""hsf_l"": 18.1699, ""sup"": 4, ""chi_bits0"": 6, ""mps_l0"": 26.315, ""hsf_keff"": 4, ""hsf_l0"": 24.1699, ""sparse_l"": 10.3219, ""sv_l"": 19.3219, ""feat_secs"": 0.001644, ""feat_secs_frame"": 0.000372, ""feat_secs_hsf"": 0.001205}"
arith,"arith:bits=6,h=2,reps=2",1,"{""bits"": 6.0, ""h"": 2.0, ""reps"": 2.0}",plan,ok,0.000475,0.0043,2310144,0.0,0,0.0,0.0,engine=sparse aborted=[] plan_secs=0.000437,"{""n"": 13, ""gates"": 80, ""g2"": 48, ""g3"": 24, ""depth2"": 62, ""t_count"": 168, ""rotations"": 168, ""d"": 13, ""dense_l"": 19.7199, ""redundant"": 155, ""obs_zero"": false, ""frame_l"": 33.3923, ""chi_bits"": 4, ""mps_l"": 23.9909, ""hsf_k"": 10, ""hsf_na"": 6, ""hsf_nb"": 7, ""hsf_l"": 18.1699, ""sup"": 4, ""chi_bits0"": 6, ""mps_l0"": 26.315, ""hsf_keff"": 4, ""hsf_l0"": 24.1699, ""sparse_l"": 10.3219, ""sv_l"": 19.3219, ""feat_secs"": 0.001644, ""feat_secs_frame"": 0.000372, ""feat_secs_hsf"": 0.001205}"
arith,"arith:bits=6,h=4,reps=1",1,"{""bits"": 6.0, ""h"": 4.0, ""reps"": 1.0}",planx,ok,0.000316,0.0040,2605056,0.0,0,0.0,0.0,engine=sv aborted=[] plan_secs=0.000001,"{""n"": 13, ""gates"": 46, ""g2"": 24, ""g3"": 12, ""depth2"": 31, ""t_count"": 84, ""rotations"": 84, ""d"": 13, ""dense_l"": 18.1864, ""redundant"": 71, ""obs_zero"": false, ""frame_l"": 32.3923, ""chi_bits"": 6, ""mps_l"": 25.5699, ""hsf_k"": 5, ""hsf_na"": 6, ""hsf_nb"": 7, ""hsf_l"": 17.7814, ""sup"": 8, ""chi_bits0"": 6, ""mps_l0"": 25.5699, ""hsf_keff"": 4, ""hsf_l0"": 18.7814, ""sparse_l"": 13.5236, ""sv_l"": 18.5236, ""feat_secs"": 0.001119, ""feat_secs_frame"": 0.000211, ""feat_secs_hsf"": 0.000867}"
arith,"arith:bits=6,h=4,reps=1",1,"{""bits"": 6.0, ""h"": 4.0, ""reps"": 1.0}",planp,ok,0.000418,0.0041,2605056,0.0,0,0.0,0.0,engine=sv aborted=[] plan_secs=0.000000,"{""n"": 13, ""gates"": 46, ""g2"": 24, ""g3"": 12, ""depth2"": 31, ""t_count"": 84, ""rotations"": 84, ""d"": 13, ""dense_l"": 18.1864, ""redundant"": 71, ""obs_zero"": false, ""frame_l"": 32.3923, ""chi_bits"": 6, ""mps_l"": 25.5699, ""hsf_k"": 5, ""hsf_na"": 6, ""hsf_nb"": 7, ""hsf_l"": 17.7814, ""sup"": 8, ""chi_bits0"": 6, ""mps_l0"": 25.5699, ""hsf_keff"": 4, ""hsf_l0"": 18.7814, ""sparse_l"": 13.5236, ""sv_l"": 18.5236, ""feat_secs"": 0.001119, ""feat_secs_frame"": 0.000211, ""feat_secs_hsf"": 0.000867}"
arith,"arith:bits=6,h=4,reps=1",1,"{""bits"": 6.0, ""h"": 4.0, ""reps"": 1.0}",plan,ok,0.000362,0.0043,2605056,0.0,0,0.0,0.0,engine=sv aborted=[] plan_secs=0.000000,"{""n"": 13, ""gates"": 46, ""g2"": 24, ""g3"": 12, ""depth2"": 31, ""t_count"": 84, ""rotations"": 84, ""d"": 13, ""dense_l"": 18.1864, ""redundant"": 71, ""obs_zero"": false, ""frame_l"": 32.3923, ""chi_bits"": 6, ""mps_l"": 25.5699, ""hsf_k"": 5, ""hsf_na"": 6, ""hsf_nb"": 7, ""hsf_l"": 17.7814, ""sup"": 8, ""chi_bits0"": 6, ""mps_l0"": 25.5699, ""hsf_keff"": 4, ""hsf_l0"": 18.7814, ""sparse_l"": 13.5236, ""sv_l"": 18.5236, ""feat_secs"": 0.001119, ""feat_secs_frame"": 0.000211, ""feat_secs_hsf"": 0.000867}"
arith,"arith:bits=6,h=4,reps=4",1,"{""bits"": 6.0, ""h"": 4.0, ""reps"": 4.0}",planx,ok,0.001283,0.0069,2490368,-0.01562500000000001,0,-0.01562500000000001,0.0,engine=sparse aborted=[] plan_secs=0.000684,"{""n"": 13, ""gates"": 154, ""g2"": 96, ""g3"": 48, ""depth2"": 124, ""t_count"": 336, ""rotations"": 336, ""d"": 13, ""dense_l"": 21.172, ""redundant"": 323, ""obs_zero"": false, ""frame_l"": 34.3923, ""chi_bits"": 6, ""mps_l"": 27.5667, ""hsf_k"": 20, ""hsf_na"": 6, ""hsf_nb"": 7, ""hsf_l"": 26.7682, ""sup"": 8, ""chi_bits0"": 6, ""mps_l0"": 27.5667, ""hsf_keff"": 12, ""hsf_l0"": 34.7682, ""sparse_l"": 15.2668, ""sv_l"": 20.2668, ""feat_secs"": 0.002198, ""feat_secs_frame"": 0.000602, ""feat_secs_hsf"": 0.001469}"
arith,"arith:bits=6,h=4,reps=4",1,"{""bits"": 6.0, ""h"": 4.0, ""reps"": 4.0}",planp,ok,0.001548,0.0072,2555904,-0.01562500000000001,0,-0.01562500000000001,0.0,engine=sparse aborted=[] plan_secs=0.000787,"{""n"": 13, ""gates"": 154, ""g2"": 96, ""g3"": 48, ""depth2"": 124, ""t_count"": 336, ""rotations"": 336, ""d"": 13, ""dense_l"": 21.172, ""redundant"": 323, ""obs_zero"": false, ""frame_l"": 34.3923, ""chi_bits"": 6, ""mps_l"": 27.5667, ""hsf_k"": 20, ""hsf_na"": 6, ""hsf_nb"": 7, ""hsf_l"": 26.7682, ""sup"": 8, ""chi_bits0"": 6, ""mps_l0"": 27.5667, ""hsf_keff"": 12, ""hsf_l0"": 34.7682, ""sparse_l"": 15.2668, ""sv_l"": 20.2668, ""feat_secs"": 0.002198, ""feat_secs_frame"": 0.000602, ""feat_secs_hsf"": 0.001469}"
arith,"arith:bits=6,h=4,reps=4",1,"{""bits"": 6.0, ""h"": 4.0, ""reps"": 4.0}",plan,ok,0.001309,0.0065,2572288,-0.01562500000000001,0,-0.01562500000000001,0.0,engine=sparse aborted=[] plan_secs=0.000710,"{""n"": 13, ""gates"": 154, ""g2"": 96, ""g3"": 48, ""depth2"": 124, ""t_count"": 336, ""rotations"": 336, ""d"": 13, ""dense_l"": 21.172, ""redundant"": 323, ""obs_zero"": false, ""frame_l"": 34.3923, ""chi_bits"": 6, ""mps_l"": 27.5667, ""hsf_k"": 20, ""hsf_na"": 6, ""hsf_nb"": 7, ""hsf_l"": 26.7682, ""sup"": 8, ""chi_bits0"": 6, ""mps_l0"": 27.5667, ""hsf_keff"": 12, ""hsf_l0"": 34.7682, ""sparse_l"": 15.2668, ""sv_l"": 20.2668, ""feat_secs"": 0.002198, ""feat_secs_frame"": 0.000602, ""feat_secs_hsf"": 0.001469}"
arith,"arith:bits=6,h=6,reps=2",1,"{""bits"": 6.0, ""h"": 6.0, ""reps"": 2.0}",planx,ok,0.000886,0.0044,2932736,0.0,0,0.0,0.0,engine=sv aborted=[] plan_secs=0.000387,"{""n"": 13, ""gates"": 84, ""g2"": 48, ""g3"": 24, ""depth2"": 62, ""t_count"": 168, ""rotations"": 168, ""d"": 13, ""dense_l"": 20.0732, ""redundant"": 155, ""obs_zero"": false, ""frame_l"": 33.3923, ""chi_bits"": 6, ""mps_l"": 26.315, ""hsf_k"": 10, ""hsf_na"": 6, ""hsf_nb"": 7, ""hsf_l"": 20.2095, ""sup"": 12, ""chi_bits0"": 6, ""mps_l0"": 26.315, ""hsf_keff"": 6, ""hsf_l0"": 24.2095, ""sparse_l"": 18.3923, ""sv_l"": 19.3923, ""feat_secs"": 0.001589, ""feat_secs_frame"": 0.000327, ""feat_secs_hsf"": 0.001194}"
arith,"arith:bits=6,h=6,reps=2",1,"{""bits"": 6.0, ""h"": 6.0, ""reps"": 2.0}",planp,ok,0.001009,0.0042,2932736,0.0,0,0.0,0.0,engine=sv aborted=[] plan_secs=0.000398,"{""n"": 13, ""gates"": 84, ""g2"": 48, ""g3"": 24, ""depth2"": 62, ""t_count"": 168, ""rotations"": 168, ""d"": 13, ""dense_l"": 20.0732, ""redundant"": 155, ""obs_zero"": false, ""frame_l"": 33.3923, ""chi_bits"": 6, ""mps_l"": 26.315, ""hsf_k"": 10, ""hsf_na"": 6, ""hsf_nb"": 7, ""hsf_l"": 20.2095, ""sup"": 12, ""chi_bits0"": 6, ""mps_l0"": 26.315, ""hsf_keff"": 6, ""hsf_l0"": 24.2095, ""sparse_l"": 18.3923, ""sv_l"": 19.3923, ""feat_secs"": 0.001589, ""feat_secs_frame"": 0.000327, ""feat_secs_hsf"": 0.001194}"
arith,"arith:bits=6,h=6,reps=2",1,"{""bits"": 6.0, ""h"": 6.0, ""reps"": 2.0}",plan,ok,0.000967,0.0068,2949120,0.0,0,0.0,0.0,engine=sv aborted=[] plan_secs=0.000399,"{""n"": 13, ""gates"": 84, ""g2"": 48, ""g3"": 24, ""depth2"": 62, ""t_count"": 168, ""rotations"": 168, ""d"": 13, ""dense_l"": 20.0732, ""redundant"": 155, ""obs_zero"": false, ""frame_l"": 33.3923, ""chi_bits"": 6, ""mps_l"": 26.315, ""hsf_k"": 10, ""hsf_na"": 6, ""hsf_nb"": 7, ""hsf_l"": 20.2095, ""sup"": 12, ""chi_bits0"": 6, ""mps_l0"": 26.315, ""hsf_keff"": 6, ""hsf_l0"": 24.2095, ""sparse_l"": 18.3923, ""sv_l"": 19.3923, ""feat_secs"": 0.001589, ""feat_secs_frame"": 0.000327, ""feat_secs_hsf"": 0.001194}"
arith,"arith:bits=8,h=0,reps=1",1,"{""bits"": 8.0, ""h"": 0.0, ""reps"": 1.0}",planx,ok,0.000332,0.0036,2244608,-1.0,0,-1.0,0.0,engine=sparse aborted=[] plan_secs=0.000314,"{""n"": 17, ""gates"": 58, ""g2"": 32, ""g3"": 16, ""depth2"": 41, ""t_count"": 112, ""rotations"": 112, ""d"": 15, ""dense_l"": 18.8129, ""redundant"": 97, ""obs_zero"": false, ""frame_l"": 36.8074, ""chi_bits"": 0, ""mps_l"": 13.6762, ""hsf_k"": 5, ""hsf_na"": 8, ""hsf_nb"": 9, ""hsf_l"": 19.2946, ""sup"": 0, ""chi_bits0"": 8, ""mps_l0"": 31.193, ""hsf_keff"": 2, ""hsf_l0"": 22.2946, ""sparse_l"": 5.858, ""sv_l"": 22.858, ""feat_secs"": 0.002367, ""feat_secs_frame"": 0.000242, ""feat_secs_hsf"": 0.002082}"
arith,"arith:bits=8,h=0,reps=1",1,"{""bits"": 8.0, ""h"": 0.0, ""reps"": 1.0}",planp,ok,0.000321,0.0044,2260992,-1.0,0,-1.0,0.0,engine=sparse aborted=[] plan_secs=0.000304,"{""n"": 17, ""gates"": 58, ""g2"": 32, ""g3"": 16, ""depth2"": 41, ""t_count"": 112, ""rotations"": 112, ""d"": 15, ""dense_l"": 18.8129, ""redundant"": 97, ""obs_zero"": false, ""frame_l"": 36.8074, ""chi_bits"": 0, ""mps_l"": 13.6762, ""hsf_k"": 5, ""hsf_na"": 8, ""hsf_nb"": 9, ""hsf_l"": 19.2946, ""sup"": 0, ""chi_bits0"": 8, ""mps_l0"": 31.193, ""hsf_keff"": 2, ""hsf_l0"": 22.2946, ""sparse_l"": 5.858, ""sv_l"": 22.858, ""feat_secs"": 0.002367, ""feat_secs_frame"": 0.000242, ""feat_secs_hsf"": 0.002082}"
arith,"arith:bits=8,h=0,reps=1",1,"{""bits"": 8.0, ""h"": 0.0, ""reps"": 1.0}",plan,ok,0.000315,0.0043,2260992,-1.0,0,-1.0,0.0,engine=sparse aborted=[] plan_secs=0.000302,"{""n"": 17, ""gates"": 58, ""g2"": 32, ""g3"": 16, ""depth2"": 41, ""t_count"": 112, ""rotations"": 112, ""d"": 15, ""dense_l"": 18.8129, ""redundant"": 97, ""obs_zero"": false, ""frame_l"": 36.8074, ""chi_bits"": 0, ""mps_l"": 13.6762, ""hsf_k"": 5, ""hsf_na"": 8, ""hsf_nb"": 9, ""hsf_l"": 19.2946, ""sup"": 0, ""chi_bits0"": 8, ""mps_l0"": 31.193, ""hsf_keff"": 2, ""hsf_l0"": 22.2946, ""sparse_l"": 5.858, ""sv_l"": 22.858, ""feat_secs"": 0.002367, ""feat_secs_frame"": 0.000242, ""feat_secs_hsf"": 0.002082}"
arith,"arith:bits=8,h=0,reps=4",1,"{""bits"": 8.0, ""h"": 0.0, ""reps"": 4.0}",planx,ok,0.000962,0.0067,2408448,1.0,0,1.0,0.0,engine=sparse aborted=[] plan_secs=0.000935,"{""n"": 17, ""gates"": 202, ""g2"": 128, ""g3"": 64, ""depth2"": 164, ""t_count"": 448, ""rotations"": 448, ""d"": 15, ""dense_l"": 23.4514, ""redundant"": 433, ""obs_zero"": false, ""frame_l"": 38.8074, ""chi_bits"": 0, ""mps_l"": 15.1976, ""hsf_k"": 20, ""hsf_na"": 8, ""hsf_nb"": 9, ""hsf_l"": 25.8392, ""sup"": 0, ""chi_bits0"": 8, ""mps_l0"": 33.4789, ""hsf_keff"": 8, ""hsf_l0"": 37.8392, ""sparse_l"": 7.6582, ""sv_l"": 24.6582, ""feat_secs"": 0.003621, ""feat_secs_frame"": 0.00086, ""feat_secs_hsf"": 0.002618}"
arith,"arith:bits=8,h=0,reps=4",1,"{""bits"": 8.0, ""h"": 0.0, ""reps"": 4.0}",planp,ok,0.000987,0.0071,2408448,1.0,0,1.0,0.0,engine=sparse aborted=[] plan_secs=0.000958,"{""n"": 17, ""gates"": 202, ""g2"": 128, ""g3"": 64, ""depth2"": 164, ""t_count"": 448, ""rotations"": 448, ""d"": 15, ""dense_l"": 23.4514, ""redundant"": 433, ""obs_zero"": false, ""frame_l"": 38.8074, ""chi_bits"": 0, ""mps_l"": 15.1976, ""hsf_k"": 20, ""hsf_na"": 8, ""hsf_nb"": 9, ""hsf_l"": 25.8392, ""sup"": 0, ""chi_bits0"": 8, ""mps_l0"": 33.4789, ""hsf_keff"": 8, ""hsf_l0"": 37.8392, ""sparse_l"": 7.6582, ""sv_l"": 24.6582, ""feat_secs"": 0.003621, ""feat_secs_frame"": 0.00086, ""feat_secs_hsf"": 0.002618}"
arith,"arith:bits=8,h=0,reps=4",1,"{""bits"": 8.0, ""h"": 0.0, ""reps"": 4.0}",plan,ok,0.000951,0.0069,2441216,1.0,0,1.0,0.0,engine=sparse aborted=[] plan_secs=0.000922,"{""n"": 17, ""gates"": 202, ""g2"": 128, ""g3"": 64, ""depth2"": 164, ""t_count"": 448, ""rotations"": 448, ""d"": 15, ""dense_l"": 23.4514, ""redundant"": 433, ""obs_zero"": false, ""frame_l"": 38.8074, ""chi_bits"": 0, ""mps_l"": 15.1976, ""hsf_k"": 20, ""hsf_na"": 8, ""hsf_nb"": 9, ""hsf_l"": 25.8392, ""sup"": 0, ""chi_bits0"": 8, ""mps_l0"": 33.4789, ""hsf_keff"": 8, ""hsf_l0"": 37.8392, ""sparse_l"": 7.6582, ""sv_l"": 24.6582, ""feat_secs"": 0.003621, ""feat_secs_frame"": 0.00086, ""feat_secs_hsf"": 0.002618}"
arith,"arith:bits=8,h=1,reps=2",1,"{""bits"": 8.0, ""h"": 1.0, ""reps"": 2.0}",planx,ok,0.00058,0.0066,2310144,-0.5000000000000002,0,-0.5000000000000002,0.0,engine=sparse aborted=[] plan_secs=0.000554,"{""n"": 17, ""gates"": 106, ""g2"": 64, ""g3"": 32, ""depth2"": 82, ""t_count"": 224, ""rotations"": 224, ""d"": 17, ""dense_l"": 23.9779, ""redundant"": 207, ""obs_zero"": false, ""frame_l"": 41.8074, ""chi_bits"": 2, ""mps_l"": 19.7595, ""hsf_k"": 10, ""hsf_na"": 8, ""hsf_nb"": 9, ""hsf_l"": 21.4998, ""sup"": 2, ""chi_bits0"": 8, ""mps_l0"": 32.1003, ""hsf_keff"": 4, ""hsf_l0"": 27.4998, ""sparse_l"": 8.7279, ""sv_l"": 23.7279, ""feat_secs"": 0.003134, ""feat_secs_frame"": 0.000465, ""feat_secs_hsf"": 0.002581}"
arith,"arith:bits=8,h=1,reps=2",1,"{""bits"": 8.0, ""h"": 1.0, ""reps"": 2.0}",planp,ok,0.000599,0.0043,2310144,-0.5000000000000002,0,-0.5000000000000002,0.0,engine=sparse aborted=[] plan_secs=0.000576,"{""n"": 17, ""gates"": 106, ""g2"": 64, ""g3"": 32, ""depth2"": 82, ""t_count"": 224, ""rotations"": 224, ""d"": 17, ""dense_l"": 23.9779, ""redundant"": 207, ""obs_zero"": false, ""frame_l"": 41.8074, ""chi_bits"": 2, ""mps_l"": 19.7595, ""hsf_k"": 10, ""hsf_na"": 8, ""hsf_nb"": 9, ""hsf_l"": 21.4998, ""sup"": 2, ""chi_bits0"": 8, ""mps_l0"": 32.1003, ""hsf_keff"": 4, ""hsf_l0"": 27.4998, ""sparse_l"": 8.7279, ""sv_l"": 23.7279, ""feat_secs"": 0.003134, ""feat_secs_frame"": 0.000465, ""feat_secs_hsf"": 0.002581}"
arith,"arith:bits=8,h=1,reps=2",1,"{""bits"": 8.0, ""h"": 1.0, ""reps"": 2.0}",plan,ok,0.000541,0.0044,2310144,-0.5000000000000002,0,-0.5000000000000002,0.0,engine=sparse aborted=[] plan_secs=0.000518,"{""n"": 17, ""gates"": 106, ""g2"": 64, ""g3"": 32, ""depth2"": 82, ""t_count"": 224, ""rotations"": 224, ""d"": 17, ""dense_l"": 23.9779, ""redundant"": 207, ""obs_zero"": false, ""frame_l"": 41.8074, ""chi_bits"": 2, ""mps_l"": 19.7595, ""hsf_k"": 10, ""hsf_na"": 8, ""hsf_nb"": 9, ""hsf_l"": 21.4998, ""sup"": 2, ""chi_bits0"": 8, ""mps_l0"": 32.1003, ""hsf_keff"": 4, ""hsf_l0"": 27.4998, ""sparse_l"": 8.7279, ""sv_l"": 23.7279, ""feat_secs"": 0.003134, ""feat_secs_frame"": 0.000465, ""feat_secs_hsf"": 0.002581}"
arith,"arith:bits=8,h=2,reps=1",1,"{""bits"": 8.0, ""h"": 2.0, ""reps"": 1.0}",planx,ok,0.000336,0.0044,2293760,0.0,0,0.0,0.0,engine=sparse aborted=[] plan_secs=0.000300,"{""n"": 17, ""gates"": 59, ""g2"": 32, ""g3"": 16, ""depth2"": 41, ""t_count"": 112, ""rotations"": 112, ""d"": 17, ""dense_l"": 21.3997, ""redundant"": 95, ""obs_zero"": false, ""frame_l"": 40.8074, ""chi_bits"": 4, ""mps_l"": 24.2956, ""hsf_k"": 5, ""hsf_na"": 8, ""hsf_nb"": 9, ""hsf_l"": 19.2992, ""sup"": 4, ""chi_bits0"": 8, ""mps_l0"": 31.193, ""hsf_keff"": 2, ""hsf_l0"": 22.2992, ""sparse_l"": 9.8826, ""sv_l"": 22.8826, ""feat_secs"": 0.002424, ""feat_secs_frame"": 0.000259, ""feat_secs_hsf"": 0.002115}"
arith,"arith:bits=8,h=2,reps=1",1,"{""bits"": 8.0, ""h"": 2.0, ""reps"": 1.0}",planp,ok,0.000338,0.0042,2310144,0.0,0,0.0,0.0,engine=sparse aborted=[] plan_secs=0.000302,"{""n"": 17, ""gates"": 59, ""g2"": 32, ""g3"": 16, ""depth2"": 41, ""t_count"": 112, ""rotations"": 112, ""d"": 17, ""dense_l"": 21.3997, ""redundant"": 95, ""obs_zero"": false, ""frame_l"": 40.8074, ""chi_bits"": 4, ""mps_l"": 24.2956, ""hsf_k"": 5, ""hsf_na"": 8, ""hsf_nb"": 9, ""hsf_l"": 19.2992, ""sup"": 4, ""chi_bits0"": 8, ""mps_l0"": 31.193, ""hsf_keff"": 2, ""hsf_l0"": 22.2992, ""sparse_l"": 9.8826, ""sv_l"": 22.8826, ""feat_secs"": 0.002424, ""feat_secs_frame"": 0.000259, ""feat_secs_hsf"": 0.002115}"
arith,"arith:bits=8,h=2,reps=1",1,"{""bits"": 8.0, ""h"": 2.0, ""reps"": 1.0}",plan,ok,0.000326,0.0045,2260992,0.0,0,0.0,0.0,engine=sparse aborted=[] plan_secs=0.000291,"{""n"": 17, ""gates"": 59, ""g2"": 32, ""g3"": 16, ""depth2"": 41, ""t_count"": 112, ""rotations"": 112, ""d"": 17, ""dense_l"": 21.3997, ""redundant"": 95, ""obs_zero"": false, ""frame_l"": 40.8074, ""chi_bits"": 4, ""mps_l"": 24.2956, ""hsf_k"": 5, ""hsf_na"": 8, ""hsf_nb"": 9, ""hsf_l"": 19.2992, ""sup"": 4, ""chi_bits0"": 8, ""mps_l0"": 31.193, ""hsf_keff"": 2, ""hsf_l0"": 22.2992, ""sparse_l"": 9.8826, ""sv_l"": 22.8826, ""feat_secs"": 0.002424, ""feat_secs_frame"": 0.000259, ""feat_secs_hsf"": 0.002115}"
arith,"arith:bits=8,h=2,reps=4",1,"{""bits"": 8.0, ""h"": 2.0, ""reps"": 4.0}",planx,ok,0.001002,0.0071,2441216,-0.2500000000000001,0,-0.2500000000000001,0.0,engine=sparse aborted=[] plan_secs=0.000921,"{""n"": 17, ""gates"": 203, ""g2"": 128, ""g3"": 64, ""depth2"": 164, ""t_count"": 448, ""rotations"": 448, ""d"": 17, ""dense_l"": 25.4802, ""redundant"": 431, ""obs_zero"": false, ""frame_l"": 42.8074, ""chi_bits"": 4, ""mps_l"": 26.1036, ""hsf_k"": 20, ""hsf_na"": 8, ""hsf_nb"": 9, ""hsf_l"": 25.8424, ""sup"": 4, ""chi_bits0"": 8, ""mps_l0"": 33.4789, ""hsf_keff"": 8, ""hsf_l0"": 37.8424, ""sparse_l"": 11.6653, ""sv_l"": 24.6653, ""feat_secs"": 0.004447, ""feat_secs_frame"": 0.000833, ""feat_secs_hsf"": 0.003402}"
arith,"arith:bits=8,h=2,reps=4",1,"{""bits"": 8.0, ""h"": 2.0, ""reps"": 4.0}",planp,ok,0.001001,0.0066,2490368,-0.2500000000000001,0,-0.2500000000000001,0.0,engine=sparse aborted=[] plan_secs=0.000921,"{""n"": 17, ""gates"": 203, ""g2"": 128, ""g3"": 64, ""depth2"": 164, ""t_count"": 448, ""rotations"": 448, ""d"": 17, ""dense_l"": 25.4802, ""redundant"": 431, ""obs_zero"": false, ""frame_l"": 42.8074, ""chi_bits"": 4, ""mps_l"": 26.1036, ""hsf_k"": 20, ""hsf_na"": 8, ""hsf_nb"": 9, ""hsf_l"": 25.8424, ""sup"": 4, ""chi_bits0"": 8, ""mps_l0"": 33.4789, ""hsf_keff"": 8, ""hsf_l0"": 37.8424, ""sparse_l"": 11.6653, ""sv_l"": 24.6653, ""feat_secs"": 0.004447, ""feat_secs_frame"": 0.000833, ""feat_secs_hsf"": 0.003402}"
arith,"arith:bits=8,h=2,reps=4",1,"{""bits"": 8.0, ""h"": 2.0, ""reps"": 4.0}",plan,ok,0.001014,0.0073,2441216,-0.2500000000000001,0,-0.2500000000000001,0.0,engine=sparse aborted=[] plan_secs=0.000939,"{""n"": 17, ""gates"": 203, ""g2"": 128, ""g3"": 64, ""depth2"": 164, ""t_count"": 448, ""rotations"": 448, ""d"": 17, ""dense_l"": 25.4802, ""redundant"": 431, ""obs_zero"": false, ""frame_l"": 42.8074, ""chi_bits"": 4, ""mps_l"": 26.1036, ""hsf_k"": 20, ""hsf_na"": 8, ""hsf_nb"": 9, ""hsf_l"": 25.8424, ""sup"": 4, ""chi_bits0"": 8, ""mps_l0"": 33.4789, ""hsf_keff"": 8, ""hsf_l0"": 37.8424, ""sparse_l"": 11.6653, ""sv_l"": 24.6653, ""feat_secs"": 0.004447, ""feat_secs_frame"": 0.000833, ""feat_secs_hsf"": 0.003402}"
arith,"arith:bits=8,h=4,reps=2",1,"{""bits"": 8.0, ""h"": 4.0, ""reps"": 2.0}",planx,ok,0.000902,0.0072,2490368,6.938893903907228e-18,0,6.938893903907228e-18,0.0,engine=sparse aborted=[] plan_secs=0.000543,"{""n"": 17, ""gates"": 108, ""g2"": 64, ""g3"": 32, ""depth2"": 82, ""t_count"": 224, ""rotations"": 224, ""d"": 17, ""dense_l"": 24.2038, ""redundant"": 207, ""obs_zero"": false, ""frame_l"": 41.8074, ""chi_bits"": 8, ""mps_l"": 32.1003, ""hsf_k"": 10, ""hsf_na"": 8, ""hsf_nb"": 9, ""hsf_l"": 21.5078, ""sup"": 8, ""chi_bits0"": 8, ""mps_l0"": 32.1003, ""hsf_keff"": 4, ""hsf_l0"": 27.5078, ""sparse_l"": 14.7549, ""sv_l"": 23.7549, ""feat_secs"": 0.00308, ""feat_secs_frame"": 0.000451, ""feat_secs_hsf"": 0.002547}"
arith,"arith:bits=8,h=4,reps=2",1,"{""bits"": 8.0, ""h"": 4.0, ""reps"": 2.0}",planp,ok,0.000883,0.0044,2506752,6.938893903907228e-18,0,6.938893903907228e-18,0.0,engine=sparse aborted=[] plan_secs=0.000521,"{""n"": 17, ""gates"": 108, ""g2"": 64, ""g3"": 32, ""depth2"": 82, ""t_count"": 224, ""rotations"": 224, ""d"": 17, ""dense_l"": 24.2038, ""redundant"": 207, ""obs_zero"": false, ""frame_l"": 41.8074, ""chi_bits"": 8, ""mps_l"": 32.1003, ""hsf_k"": 10, ""hsf_na"": 8, ""hsf_nb"": 9, ""hsf_l"": 21.5078, ""sup"": 8, ""chi_bits0"": 8, ""mps_l0"": 32.1003, ""hsf_keff"": 4, ""hsf_l0"": 27.5078, ""sparse_l"": 14.7549, ""sv_l"": 23.7549, ""feat_secs"": 0.00308, ""feat_secs_frame"": 0.000451, ""feat_secs_hsf"": 0.002547}"
arith,"arith:bits=8,h=4,reps=2",1,"{""bits"": 8.0, ""h"": 4.0, ""reps"": 2.0}",plan,ok,0.000958,0.0068,2490368,6.938893903907228e-18,0,6.938893903907228e-18,0.0,engine=sparse aborted=[] plan_secs=0.000593,"{""n"": 17, ""gates"": 108, ""g2"": 64, ""g3"": 32, ""depth2"": 82, ""t_count"": 224, ""rotations"": 224, ""d"": 17, ""dense_l"": 24.2038, ""redundant"": 207, ""obs_zero"": false, ""frame_l"": 41.8074, ""chi_bits"": 8, ""mps_l"": 32.1003, ""hsf_k"": 10, ""hsf_na"": 8, ""hsf_nb"": 9, ""hsf_l"": 21.5078, ""sup"": 8, ""chi_bits0"": 8, ""mps_l0"": 32.1003, ""hsf_keff"": 4, ""hsf_l0"": 27.5078, ""sparse_l"": 14.7549, ""sv_l"": 23.7549, ""feat_secs"": 0.00308, ""feat_secs_frame"": 0.000451, ""feat_secs_hsf"": 0.002547}"
arith,"arith:bits=8,h=6,reps=1",1,"{""bits"": 8.0, ""h"": 6.0, ""reps"": 1.0}",planx,ok,0.004117,0.0102,3293184,-1.301042606982605e-18,0,-1.301042606982605e-18,0.0,engine=sparse aborted=[] plan_secs=0.000762,"{""n"": 17, ""gates"": 62, ""g2"": 32, ""g3"": 16, ""depth2"": 41, ""t_count"": 112, ""rotations"": 112, ""d"": 17, ""dense_l"": 22.6558, ""redundant"": 95, ""obs_zero"": false, ""frame_l"": 40.8074, ""chi_bits"": 8, ""mps_l"": 31.193, ""hsf_k"": 5, ""hsf_na"": 8, ""hsf_nb"": 9, ""hsf_l"": 21.3129, ""sup"": 12, ""chi_bits0"": 8, ""mps_l0"": 31.193, ""hsf_keff"": 4, ""hsf_l0"": 22.3129, ""sparse_l"": 17.9542, ""sv_l"": 22.9542, ""feat_secs"": 0.002398, ""feat_secs_frame"": 0.000258, ""feat_secs_hsf"": 0.00208}"
arith,"arith:bits=8,h=6,reps=1",1,"{""bits"": 8.0, ""h"": 6.0, ""reps"": 1.0}",planp,ok,0.00401,0.0102,3309568,-1.301042606982605e-18,0,-1.301042606982605e-18,0.0,engine=sparse aborted=[] plan_secs=0.000774,"{""n"": 17, ""gates"": 62, ""g2"": 32, ""g3"": 16, ""depth2"": 41, ""t_count"": 112, ""rotations"": 112, ""d"": 17, ""dense_l"": 22.6558, ""redundant"": 95, ""obs_zero"": false, ""frame_l"": 40.8074, ""chi_bits"": 8, ""mps_l"": 31.193, ""hsf_k"": 5, ""hsf_na"": 8, ""hsf_nb"": 9, ""hsf_l"": 21.3129, ""sup"": 12, ""chi_bits0"": 8, ""mps_l0"": 31.193, ""hsf_keff"": 4, ""hsf_l0"": 22.3129, ""sparse_l"": 17.9542, ""sv_l"": 22.9542, ""feat_secs"": 0.002398, ""feat_secs_frame"": 0.000258, ""feat_secs_hsf"": 0.00208}"
arith,"arith:bits=8,h=6,reps=1",1,"{""bits"": 8.0, ""h"": 6.0, ""reps"": 1.0}",plan,ok,0.003946,0.0097,3260416,-1.301042606982605e-18,0,-1.301042606982605e-18,0.0,engine=sparse aborted=[] plan_secs=0.000769,"{""n"": 17, ""gates"": 62, ""g2"": 32, ""g3"": 16, ""depth2"": 41, ""t_count"": 112, ""rotations"": 112, ""d"": 17, ""dense_l"": 22.6558, ""redundant"": 95, ""obs_zero"": false, ""frame_l"": 40.8074, ""chi_bits"": 8, ""mps_l"": 31.193, ""hsf_k"": 5, ""hsf_na"": 8, ""hsf_nb"": 9, ""hsf_l"": 21.3129, ""sup"": 12, ""chi_bits0"": 8, ""mps_l0"": 31.193, ""hsf_keff"": 4, ""hsf_l0"": 22.3129, ""sparse_l"": 17.9542, ""sv_l"": 22.9542, ""feat_secs"": 0.002398, ""feat_secs_frame"": 0.000258, ""feat_secs_hsf"": 0.00208}"
arith,"arith:bits=8,h=6,reps=4",1,"{""bits"": 8.0, ""h"": 6.0, ""reps"": 4.0}",planx,ok,0.019015,0.0253,3604480,0.0029296875,0,0.0029296875,0.0,engine=sparse aborted=[] plan_secs=0.005292,"{""n"": 17, ""gates"": 206, ""g2"": 128, ""g3"": 64, ""depth2"": 164, ""t_count"": 448, ""rotations"": 448, ""d"": 17, ""dense_l"": 25.594, ""redundant"": 431, ""obs_zero"": false, ""frame_l"": 42.8074, ""chi_bits"": 8, ""mps_l"": 33.4789, ""hsf_k"": 20, ""hsf_na"": 8, ""hsf_nb"": 9, ""hsf_l"": 29.8517, ""sup"": 12, ""chi_bits0"": 8, ""mps_l0"": 33.4789, ""hsf_keff"": 12, ""hsf_l0"": 37.8517, ""sparse_l"": 19.6865, ""sv_l"": 24.6865, ""feat_secs"": 0.003526, ""feat_secs_frame"": 0.000797, ""feat_secs_hsf"": 0.002597}"
arith,"arith:bits=8,h=6,reps=4",1,"{""bits"": 8.0, ""h"": 6.0, ""reps"": 4.0}",planp,ok,0.020317,0.0264,4358144,0.0029296875,0,0.0029296875,0.0,engine=sparse aborted=[] plan_secs=0.007401,"{""n"": 17, ""gates"": 206, ""g2"": 128, ""g3"": 64, ""depth2"": 164, ""t_count"": 448, ""rotations"": 448, ""d"": 17, ""dense_l"": 25.594, ""redundant"": 431, ""obs_zero"": false, ""frame_l"": 42.8074, ""chi_bits"": 8, ""mps_l"": 33.4789, ""hsf_k"": 20, ""hsf_na"": 8, ""hsf_nb"": 9, ""hsf_l"": 29.8517, ""sup"": 12, ""chi_bits0"": 8, ""mps_l0"": 33.4789, ""hsf_keff"": 12, ""hsf_l0"": 37.8517, ""sparse_l"": 19.6865, ""sv_l"": 24.6865, ""feat_secs"": 0.003526, ""feat_secs_frame"": 0.000797, ""feat_secs_hsf"": 0.002597}"
arith,"arith:bits=8,h=6,reps=4",1,"{""bits"": 8.0, ""h"": 6.0, ""reps"": 4.0}",plan,ok,0.018417,0.0235,3588096,0.0029296875,0,0.0029296875,0.0,engine=sparse aborted=[] plan_secs=0.005360,"{""n"": 17, ""gates"": 206, ""g2"": 128, ""g3"": 64, ""depth2"": 164, ""t_count"": 448, ""rotations"": 448, ""d"": 17, ""dense_l"": 25.594, ""redundant"": 431, ""obs_zero"": false, ""frame_l"": 42.8074, ""chi_bits"": 8, ""mps_l"": 33.4789, ""hsf_k"": 20, ""hsf_na"": 8, ""hsf_nb"": 9, ""hsf_l"": 29.8517, ""sup"": 12, ""chi_bits0"": 8, ""mps_l0"": 33.4789, ""hsf_keff"": 12, ""hsf_l0"": 37.8517, ""sparse_l"": 19.6865, ""sv_l"": 24.6865, ""feat_secs"": 0.003526, ""feat_secs_frame"": 0.000797, ""feat_secs_hsf"": 0.002597}"
arith,"arith:bits=10,h=0,reps=2",1,"{""bits"": 10.0, ""h"": 0.0, ""reps"": 2.0}",planx,ok,0.00067,0.0067,2359296,1.0,0,1.0,0.0,engine=sparse aborted=[] plan_secs=0.000645,"{""n"": 21, ""gates"": 132, ""g2"": 80, ""g3"": 40, ""depth2"": 102, ""t_count"": 280, ""rotations"": 280, ""d"": 19, ""dense_l"": 26.2669, ""redundant"": 261, ""obs_zero"": false, ""frame_l"": 46.1293, ""chi_bits"": 0, ""mps_l"": 14.5362, ""hsf_k"": 10, ""hsf_na"": 10, ""hsf_nb"": 11, ""hsf_l"": 25.1749, ""sup"": 0, ""chi_bits0"": 10, ""mps_l0"": 37.8784, ""hsf_keff"": 4, ""hsf_l0"": 31.1749, ""sparse_l"": 7.0444, ""sv_l"": 28.0444, ""feat_secs"": 0.005897, ""feat_secs_frame"": 0.000537, ""feat_secs_hsf"": 0.005267}"
arith,"arith:bits=10,h=0,reps=2",1,"{""bits"": 10.0, ""h"": 0.0, ""reps"": 2.0}",planp,ok,0.000665,0.0041,2359296,1.0,0,1.0,0.0,engine=sparse aborted=[] plan_secs=0.000645,"{""n"": 21, ""gates"": 132, ""g2"": 80, ""g3"": 40, ""depth2"": 102, ""t_count"": 280, ""rotations"": 280, ""d"": 19, ""dense_l"": 26.2669, ""redundant"": 261, ""obs_zero"": false, ""frame_l"": 46.1293, ""chi_bits"": 0, ""mps_l"": 14.5362, ""hsf_k"": 10, ""hsf_na"": 10, ""hsf_nb"": 11, ""hsf_l"": 25.1749, ""sup"": 0, ""chi_bits0"": 10, ""mps_l0"": 37.8784, ""hsf_keff"": 4, ""hsf_l0"": 31.1749, ""sparse_l"": 7.0444, ""sv_l"": 28.0444, ""feat_secs"": 0.005897, ""feat_secs_frame"": 0.000537, ""feat_secs_hsf"": 0.005267}"
arith,"arith:bits=10,h=0,reps=2",1,"{""bits"": 10.0, ""h"": 0.0, ""reps"": 2.0}",plan,ok,0.000655,0.0044,2359296,1.0,0,1.0,0.0,engine=sparse aborted=[] plan_secs=0.000634,"{""n"": 21, ""gates"": 132, ""g2"": 80, ""g3"": 40, ""depth2"": 102, ""t_count"": 280, ""rotations"": 280, ""d"": 19, ""dense_l"": 26.2669, ""redundant"": 261, ""obs_zero"": false, ""frame_l"": 46.1293, ""chi_bits"": 0, ""mps_l"": 14.5362, ""hsf_k"": 10, ""hsf_na"": 10, ""hsf_nb"": 11, ""hsf_l"": 25.1749, ""sup"": 0, ""chi_bits0"": 10, ""mps_l0"": 37.8784, ""hsf_keff"": 4, ""hsf_l0"": 31.1749, ""sparse_l"": 7.0444, ""sv_l"": 28.0444, ""feat_secs"": 0.005897, ""feat_secs_frame"": 0.000537, ""feat_secs_hsf"": 0.005267}"
arith,"arith:bits=10,h=1,reps=1",1,"{""bits"": 10.0, ""h"": 1.0, ""reps"": 1.0}",planx,ok,0.000379,0.0040,2310144,0.5000000000000002,0,0.5000000000000002,0.0,engine=sparse aborted=[] plan_secs=0.000359,"{""n"": 21, ""gates"": 73, ""g2"": 40, ""g3"": 20, ""depth2"": 51, ""t_count"": 140, ""rotations"": 140, ""d"": 21, ""dense_l"": 24.8088, ""redundant"": 119, ""obs_zero"": false, ""frame_l"": 49.1293, ""chi_bits"": 2, ""mps_l"": 19.6585, ""hsf_k"": 5, ""hsf_na"": 10, ""hsf_nb"": 11, ""hsf_l"": 23.0993, ""sup"": 2, ""chi_bits0"": 10, ""mps_l0"": 36.7453, ""hsf_keff"": 2, ""hsf_l0"": 26.0993, ""sparse_l"": 8.1898, ""sv_l"": 27.1898, ""feat_secs"": 0.004316, ""feat_secs_frame"": 0.000307, ""feat_secs_hsf"": 0.003949}"
arith,"arith:bits=10,h=1,reps=1",1,"{""bits"": 10.0, ""h"": 1.0, ""reps"": 1.0}",planp,ok,0.000479,0.0071,2260992,0.5000000000000002,0,0.5000000000000002,0.0,engine=sparse aborted=[] plan_secs=0.000449,"{""n"": 21, ""gates"": 73, ""g2"": 40, ""g3"": 20, ""depth2"": 51, ""t_count"": 140, ""rotations"": 140, ""d"": 21, ""dense_l"": 24.8088, ""redundant"": 119, ""obs_zero"": false, ""frame_l"": 49.1293, ""chi_bits"": 2, ""mps_l"": 19.6585, ""hsf_k"": 5, ""hsf_na"": 10, ""hsf_nb"": 11, ""hsf_l"": 23.0993, ""sup"": 2, ""chi_bits0"": 10, ""mps_l0"": 36.7453, ""hsf_keff"": 2, ""hsf_l0"": 26.0993, ""sparse_l"": 8.1898, ""sv_l"": 27.1898, ""feat_secs"": 0.004316, ""feat_secs_frame"": 0.000307, ""feat_secs_hsf"": 0.003949}"
arith,"arith:bits=10,h=1,reps=1",1,"{""bits"": 10.0, ""h"": 1.0, ""reps"": 1.0}",plan,ok,0.000397,0.0043,2277376,0.5000000000000002,0,0.5000000000000002,0.0,engine=sparse aborted=[] plan_secs=0.000374,"{""n"": 21, ""gates"": 73, ""g2"": 40, ""g3"": 20, ""depth2"": 51, ""t_count"": 140, ""rotations"": 140, ""d"": 21, ""dense_l"": 24.8088, ""redundant"": 119, ""obs_zero"": false, ""frame_l"": 49.1293, ""chi_bits"": 2, ""mps_l"": 19.6585, ""hsf_k"": 5, ""hsf_na"": 10, ""hsf_nb"": 11, ""hsf_l"": 23.0993, ""sup"": 2, ""chi_bits0"": 10, ""mps_l0"": 36.7453, ""hsf_keff"": 2, ""hsf_l0"": 26.0993, ""sparse_l"": 8.1898, ""sv_l"": 27.1898, ""feat_secs"": 0.004316, ""feat_secs_frame"": 0.000307, ""feat_secs_hsf"": 0.003949}"
arith,"arith:bits=10,h=1,reps=4",1,"{""bits"": 10.0, ""h"": 1.0, ""reps"": 4.0}",planx,ok,0.00121,0.0068,2473984,1.0,0,1.0,0.0,engine=sparse aborted=[] plan_secs=0.001166,"{""n"": 21, ""gates"": 253, ""g2"": 160, ""g3"": 80, ""depth2"": 204, ""t_count"": 560, ""rotations"": 560, ""d"": 21, ""dense_l"": 29.7616, ""redundant"": 539, ""obs_zero"": false, ""frame_l"": 51.1293, ""chi_bits"": 2, ""mps_l"": 21.2064, ""hsf_k"": 20, ""hsf_na"": 10, ""hsf_nb"": 11, ""hsf_l"": 29.3185, ""sup"": 2, ""chi_bits0"": 10, ""mps_l0"": 39.3971, ""hsf_keff"": 8, ""hsf_l0"": 41.3185, ""sparse_l"": 9.983, ""sv_l"": 28.983, ""feat_secs"": 0.007027, ""feat_secs_frame"": 0.001286, ""feat_secs_hsf"": 0.005552}"
arith,"arith:bits=10,h=1,reps=4",1,"{""bits"": 10.0, ""h"": 1.0, ""reps"": 4.0}",planp,ok,0.001306,0.0066,2473984,1.0,0,1.0,0.0,engine=sparse aborted=[] plan_secs=0.001264,"{""n"": 21, ""gates"": 253, ""g2"": 160, ""g3"": 80, ""depth2"": 204, ""t_count"": 560, ""rotations"": 560, ""d"": 21, ""dense_l"": 29.7616, ""redundant"": 539, ""obs_zero"": false, ""frame_l"": 51.1293, ""chi_bits"": 2, ""mps_l"": 21.2064, ""hsf_k"": 20, ""hsf_na"": 10, ""hsf_nb"": 11, ""hsf_l"": 29.3185, ""sup"": 2, ""chi_bits0"": 10, ""mps_l0"": 39.3971, ""hsf_keff"": 8, ""hsf_l0"": 41.3185, ""sparse_l"": 9.983, ""sv_l"": 28.983, ""feat_secs"": 0.007027, ""feat_secs_frame"": 0.001286, ""feat_secs_hsf"": 0.005552}"
arith,"arith:bits=10,h=1,reps=4",1,"{""bits"": 10.0, ""h"": 1.0, ""reps"": 4.0}",plan,ok,0.001225,0.0068,2473984,1.0,0,1.0,0.0,engine=sparse aborted=[] plan_secs=0.001182,"{""n"": 21, ""gates"": 253, ""g2"": 160, ""g3"": 80, ""depth2"": 204, ""t_count"": 560, ""rotations"": 560, ""d"": 21, ""dense_l"": 29.7616, ""redundant"": 539, ""obs_zero"": false, ""frame_l"": 51.1293, ""chi_bits"": 2, ""mps_l"": 21.2064, ""hsf_k"": 20, ""hsf_na"": 10, ""hsf_nb"": 11, ""hsf_l"": 29.3185, ""sup"": 2, ""chi_bits0"": 10, ""mps_l0"": 39.3971, ""hsf_keff"": 8, ""hsf_l0"": 41.3185, ""sparse_l"": 9.983, ""sv_l"": 28.983, ""feat_secs"": 0.007027, ""feat_secs_frame"": 0.001286, ""feat_secs_hsf"": 0.005552}"
arith,"arith:bits=10,h=2,reps=2",1,"{""bits"": 10.0, ""h"": 2.0, ""reps"": 2.0}",planx,ok,0.000727,0.0044,2424832,-0.2500000000000001,0,-0.2500000000000001,0.0,engine=sparse aborted=[] plan_secs=0.000662,"{""n"": 21, ""gates"": 134, ""g2"": 80, ""g3"": 40, ""depth2"": 102, ""t_count"": 280, ""rotations"": 280, ""d"": 21, ""dense_l"": 28.3312, ""redundant"": 259, ""obs_zero"": false, ""frame_l"": 50.1293, ""chi_bits"": 4, ""mps_l"": 25.4807, ""hsf_k"": 10, ""hsf_na"": 10, ""hsf_nb"": 11, ""hsf_l"": 25.1774, ""sup"": 4, ""chi_bits0"": 10, ""mps_l0"": 37.8784, ""hsf_keff"": 4, ""hsf_l0"": 31.1774, ""sparse_l"": 11.0661, ""sv_l"": 28.0661, ""feat_secs"": 0.005959, ""feat_secs_frame"": 0.000549, ""feat_secs_hsf"": 0.005322}"
arith,"arith:bits=10,h=2,reps=2",1,"{""bits"": 10.0, ""h"": 2.0, ""reps"": 2.0}",planp,ok,0.000858,0.0069,2424832,-0.2500000000000001,0,-0.2500000000000001,0.0,engine=sparse aborted=[] plan_secs=0.000796,"{""n"": 21, ""gates"": 134, ""g2"": 80, ""g3"": 40, ""depth2"": 102, ""t_count"": 280, ""rotations"": 280, ""d"": 21, ""dense_l"": 28.3312, ""redundant"": 259, ""obs_zero"": false, ""frame_l"": 50.1293, ""chi_bits"": 4, ""mps_l"": 25.4807, ""hsf_k"": 10, ""hsf_na"": 10, ""hsf_nb"": 11, ""hsf_l"": 25.1774, ""sup"": 4, ""chi_bits0"": 10, ""mps_l0"": 37.8784, ""hsf_keff"": 4, ""hsf_l0"": 31.1774, ""sparse_l"": 11.0661, ""sv_l"": 28.0661, ""feat_secs"": 0.005959, ""feat_secs_frame"": 0.000549, ""feat_secs_hsf"": 0.005322}"
arith,"arith:bits=10,h=2,reps=2",1,"{""bits"": 10.0, ""h"": 2.0, ""reps"": 2.0}",plan,ok,0.000687,0.0045,2392064,-0.2500000000000001,0,-0.2500000000000001,0.0,engine=sparse aborted=[] plan_secs=0.000630,"{""n"": 21, ""gates"": 134, ""g2"": 80, ""g3"": 40, ""depth2"": 102, ""t_count"": 280, ""rotations"": 280, ""d"": 21, ""dense_l"": 28.3312, ""redundant"": 259, ""obs_zero"": false, ""frame_l"": 50.1293, ""chi_bits"": 4, ""mps_l"": 25.4807, ""hsf_k"": 10, ""hsf_na"": 10, ""hsf_nb"": 11, ""hsf_l"": 25.1774, ""sup"": 4, ""chi_bits0"": 10, ""mps_l0"": 37.8784, ""hsf_keff"": 4, ""hsf_l0"": 31.1774, ""sparse_l"": 11.0661, ""sv_l"": 28.0661, ""feat_secs"": 0.005959, ""feat_secs_frame"": 0.000549, ""feat_secs_hsf"": 0.005322}"
arith,"arith:bits=10,h=4,reps=1",1,"{""bits"": 10.0, ""h"": 4.0, ""reps"": 1.0}",planx,ok,0.00069,0.0042,2408448,8.673617379884035e-18,0,8.673617379884035e-18,0.0,engine=sparse aborted=[] plan_secs=0.000405,"{""n"": 21, ""gates"": 75, ""g2"": 40, ""g3"": 20, ""depth2"": 51, ""t_count"": 140, ""rotations"": 140, ""d"": 21, ""dense_l"": 26.1337, ""redundant"": 119, ""obs_zero"": false, ""frame_l"": 49.1293, ""chi_bits"": 8, ""mps_l"": 34.2064, ""hsf_k"": 5, ""hsf_na"": 10, ""hsf_nb"": 11, ""hsf_l"": 23.102, ""sup"": 8, ""chi_bits0"": 10, ""mps_l0"": 36.7453, ""hsf_keff"": 2, ""hsf_l0"": 26.102, ""sparse_l"": 14.2288, ""sv_l"": 27.2288, ""feat_secs"": 0.004585, ""feat_secs_frame"": 0.000306, ""feat_secs_hsf"": 0.004212}"
arith,"arith:bits=10,h=4,reps=1",1,"{""bits"": 10.0, ""h"": 4.0, ""reps"": 1.0}",planp,ok,0.000654,0.0041,2392064,8.673617379884035e-18,0,8.673617379884035e-18,0.0,engine=sparse aborted=[] plan_secs=0.000370,"{""n"": 21, ""gates"": 75, ""g2"": 40, ""g3"": 20, ""depth2"": 51, ""t_count"": 140, ""rotations"": 140, ""d"": 21, ""dense_l"": 26.1337, ""redundant"": 119, ""obs_zero"": false, ""frame_l"": 49.1293, ""chi_bits"": 8, ""mps_l"": 34.2064, ""hsf_k"": 5, ""hsf_na"": 10, ""hsf_nb"": 11, ""hsf_l"": 23.102, ""sup"": 8, ""chi_bits0"": 10, ""mps_l0"": 36.7453, ""hsf_keff"": 2, ""hsf_l0"": 26.102, ""sparse_l"": 14.2288, ""sv_l"": 27.2288, ""feat_secs"": 0.004585, ""feat_secs_frame"": 0.000306, ""feat_secs_hsf"": 0.004212}"
arith,"arith:bits=10,h=4,reps=1",1,"{""bits"": 10.0, ""h"": 4.0, ""reps"": 1.0}",plan,ok,0.000673,0.0042,2441216,8.673617379884035e-18,0,8.673617379884035e-18,0.0,engine=sparse aborted=[] plan_secs=0.000381,"{""n"": 21, ""gates"": 75, ""g2"": 40, ""g3"": 20, ""depth2"": 51, ""t_count"": 140, ""rotations"": 140, ""d"": 21, ""dense_l"": 26.1337, ""redundant"": 119, ""obs_zero"": false, ""frame_l"": 49.1293, ""chi_bits"": 8, ""mps_l"": 34.2064, ""hsf_k"": 5, ""hsf_na"": 10, ""hsf_nb"": 11, ""hsf_l"": 23.102, ""sup"": 8, ""chi_bits0"": 10, ""mps_l0"": 36.7453, ""hsf_keff"": 2, ""hsf_l0"": 26.102, ""sparse_l"": 14.2288, ""sv_l"": 27.2288, ""feat_secs"": 0.004585, ""feat_secs_frame"": 0.000306, ""feat_secs_hsf"": 0.004212}"
arith,"arith:bits=10,h=4,reps=4",1,"{""bits"": 10.0, ""h"": 4.0, ""reps"": 4.0}",planx,ok,0.004333,0.0101,2752512,-0.01562500000000001,0,-0.01562500000000001,0.0,engine=sparse aborted=[] plan_secs=0.003378,"{""n"": 21, ""gates"": 255, ""g2"": 160, ""g3"": 80, ""depth2"": 204, ""t_count"": 560, ""rotations"": 560, ""d"": 21, ""dense_l"": 29.8301, ""redundant"": 539, ""obs_zero"": false, ""frame_l"": 51.1293, ""chi_bits"": 8, ""mps_l"": 36.9156, ""hsf_k"": 20, ""hsf_na"": 10, ""hsf_nb"": 11, ""hsf_l"": 29.3208, ""sup"": 8, ""chi_bits0"": 10, ""mps_l0"": 39.3971, ""hsf_keff"": 8, ""hsf_l0"": 41.3208, ""sparse_l"": 15.9944, ""sv_l"": 28.9944, ""feat_secs"": 0.006473, ""feat_secs_frame"": 0.001025, ""feat_secs_hsf"": 0.005287}"
arith,"arith:bits=10,h=4,reps=4",1,"{""bits"": 10.0, ""h"": 4.0, ""reps"": 4.0}",planp,ok,0.00442,0.0093,2719744,-0.01562500000000001,0,-0.01562500000000001,0.0,engine=sparse aborted=[] plan_secs=0.003282,"{""n"": 21, ""gates"": 255, ""g2"": 160, ""g3"": 80, ""depth2"": 204, ""t_count"": 560, ""rotations"": 560, ""d"": 21, ""dense_l"": 29.8301, ""redundant"": 539, ""obs_zero"": false, ""frame_l"": 51.1293, ""chi_bits"": 8, ""mps_l"": 36.9156, ""hsf_k"": 20, ""hsf_na"": 10, ""hsf_nb"": 11, ""hsf_l"": 29.3208, ""sup"": 8, ""chi_bits0"": 10, ""mps_l0"": 39.3971, ""hsf_keff"": 8, ""hsf_l0"": 41.3208, ""sparse_l"": 15.9944, ""sv_l"": 28.9944, ""feat_secs"": 0.006473, ""feat_secs_frame"": 0.001025, ""feat_secs_hsf"": 0.005287}"
arith,"arith:bits=10,h=4,reps=4",1,"{""bits"": 10.0, ""h"": 4.0, ""reps"": 4.0}",plan,ok,0.004255,0.0093,2752512,-0.01562500000000001,0,-0.01562500000000001,0.0,engine=sparse aborted=[] plan_secs=0.003309,"{""n"": 21, ""gates"": 255, ""g2"": 160, ""g3"": 80, ""depth2"": 204, ""t_count"": 560, ""rotations"": 560, ""d"": 21, ""dense_l"": 29.8301, ""redundant"": 539, ""obs_zero"": false, ""frame_l"": 51.1293, ""chi_bits"": 8, ""mps_l"": 36.9156, ""hsf_k"": 20, ""hsf_na"": 10, ""hsf_nb"": 11, ""hsf_l"": 29.3208, ""sup"": 8, ""chi_bits0"": 10, ""mps_l0"": 39.3971, ""hsf_keff"": 8, ""hsf_l0"": 41.3208, ""sparse_l"": 15.9944, ""sv_l"": 28.9944, ""feat_secs"": 0.006473, ""feat_secs_frame"": 0.001025, ""feat_secs_hsf"": 0.005287}"
arith,"arith:bits=10,h=6,reps=2",1,"{""bits"": 10.0, ""h"": 6.0, ""reps"": 2.0}",planx,ok,0.014246,0.0185,3522560,-1.409462824231156e-18,0,-1.409462824231156e-18,0.0,engine=sparse aborted=[] plan_secs=0.006895,"{""n"": 21, ""gates"": 136, ""g2"": 80, ""g3"": 40, ""depth2"": 102, ""t_count"": 280, ""rotations"": 280, ""d"": 21, ""dense_l"": 28.5654, ""redundant"": 259, ""obs_zero"": false, ""frame_l"": 50.1293, ""chi_bits"": 10, ""mps_l"": 37.8784, ""hsf_k"": 10, ""hsf_na"": 10, ""hsf_nb"": 11, ""hsf_l"": 27.1799, ""sup"": 12, ""chi_bits0"": 10, ""mps_l0"": 37.8784, ""hsf_keff"": 6, ""hsf_l0"": 31.1799, ""sparse_l"": 19.0875, ""sv_l"": 28.0875, ""feat_secs"": 0.005908, ""feat_secs_frame"": 0.000549, ""feat_secs_hsf"": 0.005269}"
arith,"arith:bits=10,h=6,reps=2",1,"{""bits"": 10.0, ""h"": 6.0, ""reps"": 2.0}",planp,ok,0.015142,0.0200,3506176,-1.409462824231156e-18,0,-1.409462824231156e-18,0.0,engine=sparse aborted=[] plan_secs=0.007296,"{""n"": 21, ""gates"": 136, ""g2"": 80, ""g3"": 40, ""depth2"": 102, ""t_count"": 280, ""rotations"": 280, ""d"": 21, ""dense_l"": 28.5654, ""redundant"": 259, ""obs_zero"": false, ""frame_l"": 50.1293, ""chi_bits"": 10, ""mps_l"": 37.8784, ""hsf_k"": 10, ""hsf_na"": 10, ""hsf_nb"": 11, ""hsf_l"": 27.1799, ""sup"": 12, ""chi_bits0"": 10, ""mps_l0"": 37.8784, ""hsf_keff"": 6, ""hsf_l0"": 31.1799, ""sparse_l"": 19.0875, ""sv_l"": 28.0875, ""feat_secs"": 0.005908, ""feat_secs_frame"": 0.000549, ""feat_secs_hsf"": 0.005269}"
arith,"arith:bits=10,h=6,reps=2",1,"{""bits"": 10.0, ""h"": 6.0, ""reps"": 2.0}",plan,ok,0.014681,0.0197,3522560,-1.409462824231156e-18,0,-1.409462824231156e-18,0.0,engine=sparse aborted=[] plan_secs=0.007181,"{""n"": 21, ""gates"": 136, ""g2"": 80, ""g3"": 40, ""depth2"": 102, ""t_count"": 280, ""rotations"": 280, ""d"": 21, ""dense_l"": 28.5654, ""redundant"": 259, ""obs_zero"": false, ""frame_l"": 50.1293, ""chi_bits"": 10, ""mps_l"": 37.8784, ""hsf_k"": 10, ""hsf_na"": 10, ""hsf_nb"": 11, ""hsf_l"": 27.1799, ""sup"": 12, ""chi_bits0"": 10, ""mps_l0"": 37.8784, ""hsf_keff"": 6, ""hsf_l0"": 31.1799, ""sparse_l"": 19.0875, ""sv_l"": 28.0875, ""feat_secs"": 0.005908, ""feat_secs_frame"": 0.000549, ""feat_secs_hsf"": 0.005269}"
arith,"arith:bits=12,h=0,reps=1",1,"{""bits"": 12.0, ""h"": 0.0, ""reps"": 1.0}",planx,ok,0.00045,0.0066,2293760,1.0,0,1.0,0.0,engine=sparse aborted=[] plan_secs=0.000431,"{""n"": 25, ""gates"": 85, ""g2"": 48, ""g3"": 24, ""depth2"": 61, ""t_count"": 168, ""rotations"": 168, ""d"": 23, ""dense_l"": 26.8077, ""redundant"": 145, ""obs_zero"": false, ""frame_l"": 53.3923, ""chi_bits"": 0, ""mps_l"": 14.2999, ""hsf_k"": 5, ""hsf_na"": 12, ""hsf_nb"": 13, ""hsf_l"": 27.0296, ""sup"": 0, ""chi_bits0"": 12, ""mps_l0"": 42.0962, ""hsf_keff"": 2, ""hsf_l0"": 30.0296, ""sparse_l"": 6.4094, ""sv_l"": 31.4094, ""feat_secs"": 0.0079, ""feat_secs_frame"": 0.000361, ""feat_secs_hsf"": 0.007474}"
arith,"arith:bits=12,h=0,reps=1",1,"{""bits"": 12.0, ""h"": 0.0, ""reps"": 1.0}",planp,ok,0.000455,0.0042,2293760,1.0,0,1.0,0.0,engine=sparse aborted=[] plan_secs=0.000438,"{""n"": 25, ""gates"": 85, ""g2"": 48, ""g3"": 24, ""depth2"": 61, ""t_count"": 168, ""rotations"": 168, ""d"": 23, ""dense_l"": 26.8077, ""redundant"": 145, ""obs_zero"": false, ""frame_l"": 53.3923, ""chi_bits"": 0, ""mps_l"": 14.2999, ""hsf_k"": 5, ""hsf_na"": 12, ""hsf_nb"": 13, ""hsf_l"": 27.0296, ""sup"": 0, ""chi_bits0"": 12, ""mps_l0"": 42.0962, ""hsf_keff"": 2, ""hsf_l0"": 30.0296, ""sparse_l"": 6.4094, ""sv_l"": 31.4094, ""feat_secs"": 0.0079, ""feat_secs_frame"": 0.000361, ""feat_secs_hsf"": 0.007474}"
arith,"arith:bits=12,h=0,reps=1",1,"{""bits"": 12.0, ""h"": 0.0, ""reps"": 1.0}",plan,ok,0.000561,0.0043,2293760,1.0,0,1.0,0.0,engine=sparse aborted=[] plan_secs=0.000540,"{""n"": 25, ""gates"": 85, ""g2"": 48, ""g3"": 24, ""depth2"": 61, ""t_count"": 168, ""rotations"": 168, ""d"": 23, ""dense_l"": 26.8077, ""redundant"": 145, ""obs_zero"": false, ""frame_l"": 53.3923, ""chi_bits"": 0, ""mps_l"": 14.2999, ""hsf_k"": 5, ""hsf_na"": 12, ""hsf_nb"": 13, ""hsf_l"": 27.0296, ""sup"": 0, ""chi_bits0"": 12, ""mps_l0"": 42.0962, ""hsf_keff"": 2, ""hsf_l0"": 30.0296, ""sparse_l"": 6.4094, ""sv_l"": 31.4094, ""feat_secs"": 0.0079, ""feat_secs_frame"": 0.000361, ""feat_secs_hsf"": 0.007474}"
arith,"arith:bits=12,h=0,reps=4",1,"{""bits"": 12.0, ""h"": 0.0, ""reps"": 4.0}",planx,ok,0.001507,0.0069,2539520,1.0,0,1.0,0.0,engine=sparse aborted=[] plan_secs=0.001474,"{""n"": 25, ""gates"": 301, ""g2"": 192, ""g3"": 96, ""depth2"": 244, ""t_count"": 672, ""rotations"": 672, ""d"": 23, ""dense_l"": 32.0168, ""redundant"": 649, ""obs_zero"": false, ""frame_l"": 55.3923, ""chi_bits"": 0, ""mps_l"": 15.8097, ""hsf_k"": 20, ""hsf_na"": 12, ""hsf_nb"": 13, ""hsf_l"": 33.1023, ""sup"": 0, ""chi_bits0"": 12, ""mps_l0"": 45.3113, ""hsf_keff"": 8, ""hsf_l0"": 45.1023, ""sparse_l"": 8.2336, ""sv_l"": 33.2336, ""feat_secs"": 0.011645, ""feat_secs_frame"": 0.001257, ""feat_secs_hsf"": 0.010209}"
arith,"arith:bits=12,h=0,reps=4",1,"{""bits"": 12.0, ""h"": 0.0, ""reps"": 4.0}",planp,ok,0.001567,0.0064,2523136,1.0,0,1.0,0.0,engine=sparse aborted=[] plan_secs=0.001529,"{""n"": 25, ""gates"": 301, ""g2"": 192, ""g3"": 96, ""depth2"": 244, ""t_count"": 672, ""rotations"": 672, ""d"": 23, ""dense_l"": 32.0168, ""redundant"": 649, ""obs_zero"": false, ""frame_l"": 55.3923, ""chi_bits"": 0, ""mps_l"": 15.8097, ""hsf_k"": 20, ""hsf_na"": 12, ""hsf_nb"": 13, ""hsf_l"": 33.1023, ""sup"": 0, ""chi_bits0"": 12, ""mps_l0"": 45.3113, ""hsf_keff"": 8, ""hsf_l0"": 45.1023, ""sparse_l"": 8.2336, ""sv_l"": 33.2336, ""feat_secs"": 0.011645, ""feat_secs_frame"": 0.001257, ""feat_secs_hsf"": 0.010209}"
arith,"arith:bits=12,h=0,reps=4",1,"{""bits"": 12.0, ""h"": 0.0, ""reps"": 4.0}",plan,ok,0.001465,0.0072,2523136,1.0,0,1.0,0.0,engine=sparse aborted=[] plan_secs=0.001430,"{""n"": 25, ""gates"": 301, ""g2"": 192, ""g3"": 96, ""depth2"": 244, ""t_count"": 672, ""rotations"": 672, ""d"": 23, ""dense_l"": 32.0168, ""redundant"": 649, ""obs_zero"": false, ""frame_l"": 55.3923, ""chi_bits"": 0, ""mps_l"": 15.8097, ""hsf_k"": 20, ""hsf_na"": 12, ""hsf_nb"": 13, ""hsf_l"": 33.1023, ""sup"": 0, ""chi_bits0"": 12, ""mps_l0"": 45.3113, ""hsf_keff"": 8, ""hsf_l0"": 45.1023, ""sparse_l"": 8.2336, ""sv_l"": 33.2336, ""feat_secs"": 0.011645, ""feat_secs_frame"": 0.001257, ""feat_secs_hsf"": 0.010209}"
arith,"arith:bits=12,h=1,reps=2",1,"{""bits"": 12.0, ""h"": 1.0, ""reps"": 2.0}",planx,ok,0.000841,0.0066,2342912,0.0,0,0.0,0.0,engine=sparse aborted=[] plan_secs=0.000808,"{""n"": 25, ""gates"": 159, ""g2"": 96, ""g3"": 48, ""depth2"": 122, ""t_count"": 336, ""rotations"": 336, ""d"": 25, ""dense_l"": 32.5078, ""redundant"": 311, ""obs_zero"": false, ""frame_l"": 58.3923, ""chi_bits"": 2, ""mps_l"": 20.4793, ""hsf_k"": 10, ""hsf_na"": 12, ""hsf_nb"": 13, ""hsf_l"": 29.0549, ""sup"": 2, ""chi_bits0"": 12, ""mps_l0"": 43.6178, ""hsf_keff"": 4, ""hsf_l0"": 35.0549, ""sparse_l"": 9.3129, ""sv_l"": 32.3129, ""feat_secs"": 0.010798, ""feat_secs_frame"": 0.000692, ""feat_secs_hsf"": 0.009992}"
arith,"arith:bits=12,h=1,reps=2",1,"{""bits"": 12.0, ""h"": 1.0, ""reps"": 2.0}",planp,ok,0.000793,0.0073,2375680,0.0,0,0.0,0.0,engine=sparse aborted=[] plan_secs=0.000763,"{""n"": 25, ""gates"": 159, ""g2"": 96, ""g3"": 48, ""depth2"": 122, ""t_count"": 336, ""rotations"": 336, ""d"": 25, ""dense_l"": 32.5078, ""redundant"": 311, ""obs_zero"": false, ""frame_l"": 58.3923, ""chi_bits"": 2, ""mps_l"": 20.4793, ""hsf_k"": 10, ""hsf_na"": 12, ""hsf_nb"": 13, ""hsf_l"": 29.0549, ""sup"": 2, ""chi_bits0"": 12, ""mps_l0"": 43.6178, ""hsf_keff"": 4, ""hsf_l0"": 35.0549, ""sparse_l"": 9.3129, ""sv_l"": 32.3129, ""feat_secs"": 0.010798, ""feat_secs_frame"": 0.000692, ""feat_secs_hsf"": 0.009992}"
arith,"arith:bits=12,h=1,reps=2",1,"{""bits"": 12.0, ""h"": 1.0, ""reps"": 2.0}",plan,ok,0.000816,0.0067,2392064,0.0,0,0.0,0.0,engine=sparse aborted=[] plan_secs=0.000785,"{""n"": 25, ""gates"": 159, ""g2"": 96, ""g3"": 48, ""depth2"": 122, ""t_count"": 336, ""rotations"": 336, ""d"": 25, ""dense_l"": 32.5078, ""redundant"": 311, ""obs_zero"": false, ""frame_l"": 58.3923, ""chi_bits"": 2, ""mps_l"": 20.4793, ""hsf_k"": 10, ""hsf_na"": 12, ""hsf_nb"": 13, ""hsf_l"": 29.0549, ""sup"": 2, ""chi_bits0"": 12, ""mps_l0"": 43.6178, ""hsf_keff"": 4, ""hsf_l0"": 35.0549, ""sparse_l"": 9.3129, ""sv_l"": 32.3129, ""feat_secs"": 0.010798, ""feat_secs_frame"": 0.000692, ""feat_secs_hsf"": 0.009992}"
arith,"arith:bits=12,h=2,reps=1",1,"{""bits"": 12.0, ""h"": 2.0, ""reps"": 1.0}",planx,ok,0.000497,0.0062,2359296,0.0,0,0.0,0.0,engine=sparse aborted=[] plan_secs=0.000447,"{""n"": 25, ""gates"": 88, ""g2"": 48, ""g3"": 24, ""depth2"": 61, ""t_count"": 168, ""rotations"": 168, ""d"": 25, ""dense_l"": 29.3928, ""redundant"": 143, ""obs_zero"": false, ""frame_l"": 57.3923, ""chi_bits"": 4, ""mps_l"": 25.2579, ""hsf_k"": 5, ""hsf_na"": 12, ""hsf_nb"": 13, ""hsf_l"": 27.0307, ""sup"": 4, ""chi_bits0"": 12, ""mps_l0"": 42.0962, ""hsf_keff"": 2, ""hsf_l0"": 30.0307, ""sparse_l"": 10.4594, ""sv_l"": 31.4594, ""feat_secs"": 0.008792, ""feat_secs_frame"": 0.000369, ""feat_secs_hsf"": 0.008357}"
arith,"arith:bits=12,h=2,reps=1",1,"{""bits"": 12.0, ""h"": 2.0, ""reps"": 1.0}",planp,ok,0.000544,0.0067,2342912,0.0,0,0.0,0.0,engine=sparse aborted=[] plan_secs=0.000491,"{""n"": 25, ""gates"": 88, ""g2"": 48, ""g3"": 24, ""depth2"": 61, ""t_count"": 168, ""rotations"": 168, ""d"": 25, ""dense_l"": 29.3928, ""redundant"": 143, ""obs_zero"": false, ""frame_l"": 57.3923, ""chi_bits"": 4, ""mps_l"": 25.2579, ""hsf_k"": 5, ""hsf_na"": 12, ""hsf_nb"": 13, ""hsf_l"": 27.0307, ""sup"": 4, ""chi_bits0"": 12, ""mps_l0"": 42.0962, ""hsf_keff"": 2, ""hsf_l0"": 30.0307, ""sparse_l"": 10.4594, ""sv_l"": 31.4594, ""feat_secs"": 0.008792, ""feat_secs_frame"": 0.000369, ""feat_secs_hsf"": 0.008357}"
arith,"arith:bits=12,h=2,reps=1",1,"{""bits"": 12.0, ""h"": 2.0, ""reps"": 1.0}",plan,ok,0.000542,0.0042,2359296,0.0,0,0.0,0.0,engine=sparse aborted=[] plan_secs=0.000475,"{""n"": 25, ""gates"": 88, ""g2"": 48, ""g3"": 24, ""depth2"": 61, ""t_count"": 168, ""rotations"": 168, ""d"": 25, ""dense_l"": 29.3928, ""redundant"": 143, ""obs_zero"": false, ""frame_l"": 57.3923, ""chi_bits"": 4, ""mps_l"": 25.2579, ""hsf_k"": 5, ""hsf_na"": 12, ""hsf_nb"": 13, ""hsf_l"": 27.0307, ""sup"": 4, ""chi_bits0"": 12, ""mps_l0"": 42.0962, ""hsf_keff"": 2, ""hsf_l0"": 30.0307, ""sparse_l"": 10.4594, ""sv_l"": 31.4594, ""feat_secs"": 0.008792, ""feat_secs_frame"": 0.000369, ""feat_secs_hsf"": 0.008357}"
arith,"arith:bits=12,h=2,reps=4",1,"{""bits"": 12.0, ""h"": 2.0, ""reps"": 4.0}",planx,ok,0.001553,0.0076,2539520,0.0,0,0.0,0.0,engine=sparse aborted=[] plan_secs=0.001441,"{""n"": 25, ""gates"": 304, ""g2"": 192, ""g3"": 96, ""depth2"": 244, ""t_count"": 672, ""rotations"": 672, ""d"": 25, ""dense_l"": 34.0362, ""redundant"": 647, ""obs_zero"": false, ""frame_l"": 59.3923, ""chi_bits"": 4, ""mps_l"": 27.0691, ""hsf_k"": 20, ""hsf_na"": 12, ""hsf_nb"": 13, ""hsf_l"": 33.1033, ""sup"": 4, ""chi_bits0"": 12, ""mps_l0"": 45.3113, ""hsf_keff"": 8, ""hsf_l0"": 45.1033, ""sparse_l"": 12.2479, ""sv_l"": 33.2479, ""feat_secs"": 0.011505, ""feat_secs_frame"": 0.001288, ""feat_secs_hsf"": 0.010027}"
arith,"arith:bits=12,h=2,reps=4",1,"{""bits"": 12.0, ""h"": 2.0, ""reps"": 4.0}",planp,ok,0.001647,0.0064,2588672,0.0,0,0.0,0.0,engine=sparse aborted=[] plan_secs=0.001531,"{""n"": 25, ""gates"": 304, ""g2"": 192, ""g3"": 96, ""depth2"": 244, ""t_count"": 672, ""rotations"": 672, ""d"": 25, ""dense_l"": 34.0362, ""redundant"": 647, ""obs_zero"": false, ""frame_l"": 59.3923, ""chi_bits"": 4, ""mps_l"": 27.0691, ""hsf_k"": 20, ""hsf_na"": 12, ""hsf_nb"": 13, ""hsf_l"": 33.1033, ""sup"": 4, ""chi_bits0"": 12, ""mps_l0"": 45.3113, ""hsf_keff"": 8, ""hsf_l0"": 45.1033, ""sparse_l"": 12.2479, ""sv_l"": 33.2479, ""feat_secs"": 0.011505, ""feat_secs_frame"": 0.001288, ""feat_secs_hsf"": 0.010027}"
arith,"arith:bits=12,h=2,reps=4",1,"{""bits"": 12.0, ""h"": 2.0, ""reps"": 4.0}",plan,ok,0.001569,0.0063,2572288,0.0,0,0.0,0.0,engine=sparse aborted=[] plan_secs=0.001455,"{""n"": 25, ""gates"": 304, ""g2"": 192, ""g3"": 96, ""depth2"": 244, ""t_count"": 672, ""rotations"": 672, ""d"": 25, ""dense_l"": 34.0362, ""redundant"": 647, ""obs_zero"": false, ""frame_l"": 59.3923, ""chi_bits"": 4, ""mps_l"": 27.0691, ""hsf_k"": 20, ""hsf_na"": 12, ""hsf_nb"": 13, ""hsf_l"": 33.1033, ""sup"": 4, ""chi_bits0"": 12, ""mps_l0"": 45.3113, ""hsf_keff"": 8, ""hsf_l0"": 45.1033, ""sparse_l"": 12.2479, ""sv_l"": 33.2479, ""feat_secs"": 0.011505, ""feat_secs_frame"": 0.001288, ""feat_secs_hsf"": 0.010027}"
arith,"arith:bits=12,h=4,reps=2",1,"{""bits"": 12.0, ""h"": 4.0, ""reps"": 2.0}",planx,ok,0.001325,0.0073,2523136,-0.06250000000000001,0,-0.06250000000000001,0.0,engine=sparse aborted=[] plan_secs=0.000769,"{""n"": 25, ""gates"": 162, ""g2"": 96, ""g3"": 48, ""depth2"": 122, ""t_count"": 336, ""rotations"": 336, ""d"": 25, ""dense_l"": 32.6655, ""redundant"": 311, ""obs_zero"": false, ""frame_l"": 58.3923, ""chi_bits"": 8, ""mps_l"": 36.265, ""hsf_k"": 10, ""hsf_na"": 12, ""hsf_nb"": 13, ""hsf_l"": 29.056, ""sup"": 8, ""chi_bits0"": 12, ""mps_l0"": 43.6178, ""hsf_keff"": 4, ""hsf_l0"": 35.056, ""sparse_l"": 15.3399, ""sv_l"": 32.3399, ""feat_secs"": 0.010438, ""feat_secs_frame"": 0.000665, ""feat_secs_hsf"": 0.009668}"
arith,"arith:bits=12,h=4,reps=2",1,"{""bits"": 12.0, ""h"": 4.0, ""reps"": 2.0}",planp,ok,0.001319,0.0071,2523136,-0.06250000000000001,0,-0.06250000000000001,0.0,engine=sparse aborted=[] plan_secs=0.000771,"{""n"": 25, ""gates"": 162, ""g2"": 96, ""g3"": 48, ""depth2"": 122, ""t_count"": 336, ""rotations"": 336, ""d"": 25, ""dense_l"": 32.6655, ""redundant"": 311, ""obs_zero"": false, ""frame_l"": 58.3923, ""chi_bits"": 8, ""mps_l"": 36.265, ""hsf_k"": 10, ""hsf_na"": 12, ""hsf_nb"": 13, ""hsf_l"": 29.056, ""sup"": 8, ""chi_bits0"": 12, ""mps_l0"": 43.6178, ""hsf_keff"": 4, ""hsf_l0"": 35.056, ""sparse_l"": 15.3399, ""sv_l"": 32.3399, ""feat_secs"": 0.010438, ""feat_secs_frame"": 0.000665, ""feat_secs_hsf"": 0.009668}"
arith,"arith:bits=12,h=4,reps=2",1,"{""bits"": 12.0, ""h"": 4.0, ""reps"": 2.0}",plan,ok,0.001354,0.0075,2572288,-0.06250000000000001,0,-0.06250000000000001,0.0,engine=sparse aborted=[] plan_secs=0.000786,"{""n"": 25, ""gates"": 162, ""g2"": 96, ""g3"": 48, ""depth2"": 122, ""t_count"": 336, ""rotations"": 336, ""d"": 25, ""dense_l"": 32.6655, ""redundant"": 311, ""obs_zero"": false, ""frame_l"": 58.3923, ""chi_bits"": 8, ""mps_l"": 36.265, ""hsf_k"": 10, ""hsf_na"": 12, ""hsf_nb"": 13, ""hsf_l"": 29.056, ""sup"": 8, ""chi_bits0"": 12, ""mps_l0"": 43.6178, ""hsf_keff"": 4, ""hsf_l0"": 35.056, ""sparse_l"": 15.3399, ""sv_l"": 32.3399, ""feat_secs"": 0.010438, ""feat_secs_frame"": 0.000665, ""feat_secs_hsf"": 0.009668}"
arith,"arith:bits=12,h=6,reps=1",1,"{""bits"": 12.0, ""h"": 6.0, ""reps"": 1.0}",planx,ok,0.013512,0.0178,3620864,-1.301042606982605e-18,0,-1.301042606982605e-18,0.0,engine=sparse aborted=[] plan_secs=0.008909,"{""n"": 25, ""gates"": 91, ""g2"": 48, ""g3"": 24, ""depth2"": 61, ""t_count"": 168, ""rotations"": 168, ""d"": 25, ""dense_l"": 30.6179, ""redundant"": 143, ""obs_zero"": false, ""frame_l"": 57.3923, ""chi_bits"": 12, ""mps_l"": 42.0962, ""hsf_k"": 5, ""hsf_na"": 12, ""hsf_nb"": 13, ""hsf_l"": 29.0317, ""sup"": 12, ""chi_bits0"": 12, ""mps_l0"": 42.0962, ""hsf_keff"": 4, ""hsf_l0"": 30.0317, ""sparse_l"": 18.5078, ""sv_l"": 31.5078, ""feat_secs"": 0.007938, ""feat_secs_frame"": 0.000376, ""feat_secs_hsf"": 0.007489}"
arith,"arith:bits=12,h=6,reps=1",1,"{""bits"": 12.0, ""h"": 6.0, ""reps"": 1.0}",planp,ok,0.01347,0.0181,3604480,-1.301042606982605e-18,0,-1.301042606982605e-18,0.0,engine=sparse aborted=[] plan_secs=0.008688,"{""n"": 25, ""gates"": 91, ""g2"": 48, ""g3"": 24, ""depth2"": 61, ""t_count"": 168, ""rotations"": 168, ""d"": 25, ""dense_l"": 30.6179, ""redundant"": 143, ""obs_zero"": false, ""frame_l"": 57.3923, ""chi_bits"": 12, ""mps_l"": 42.0962, ""hsf_k"": 5, ""hsf_na"": 12, ""hsf_nb"": 13, ""hsf_l"": 29.0317, ""sup"": 12, ""chi_bits0"": 12, ""mps_l0"": 42.0962, ""hsf_keff"": 4, ""hsf_l0"": 30.0317, ""sparse_l"": 18.5078, ""sv_l"": 31.5078, ""feat_secs"": 0.007938, ""feat_secs_frame"": 0.000376, ""feat_secs_hsf"": 0.007489}"
arith,"arith:bits=12,h=6,reps=1",1,"{""bits"": 12.0, ""h"": 6.0, ""reps"": 1.0}",plan,ok,0.01356,0.0180,3604480,-1.301042606982605e-18,0,-1.301042606982605e-18,0.0,engine=sparse aborted=[] plan_secs=0.008830,"{""n"": 25, ""gates"": 91, ""g2"": 48, ""g3"": 24, ""depth2"": 61, ""t_count"": 168, ""rotations"": 168, ""d"": 25, ""dense_l"": 30.6179, ""redundant"": 143, ""obs_zero"": false, ""frame_l"": 57.3923, ""chi_bits"": 12, ""mps_l"": 42.0962, ""hsf_k"": 5, ""hsf_na"": 12, ""hsf_nb"": 13, ""hsf_l"": 29.0317, ""sup"": 12, ""chi_bits0"": 12, ""mps_l0"": 42.0962, ""hsf_keff"": 4, ""hsf_l0"": 30.0317, ""sparse_l"": 18.5078, ""sv_l"": 31.5078, ""feat_secs"": 0.007938, ""feat_secs_frame"": 0.000376, ""feat_secs_hsf"": 0.007489}"
arith,"arith:bits=12,h=6,reps=4",1,"{""bits"": 12.0, ""h"": 6.0, ""reps"": 4.0}",planx,ok,0.033434,0.0382,3784704,-0.0048828125,0,-0.0048828125,0.0,engine=sparse aborted=[] plan_secs=0.014289,"{""n"": 25, ""gates"": 307, ""g2"": 192, ""g3"": 96, ""depth2"": 244, ""t_count"": 672, ""rotations"": 672, ""d"": 25, ""dense_l"": 34.1114, ""redundant"": 647, ""obs_zero"": false, ""frame_l"": 59.3923, ""chi_bits"": 12, ""mps_l"": 45.3113, ""hsf_k"": 20, ""hsf_na"": 12, ""hsf_nb"": 13, ""hsf_l"": 33.1043, ""sup"": 12, ""chi_bits0"": 12, ""mps_l0"": 45.3113, ""hsf_keff"": 8, ""hsf_l0"": 45.1043, ""sparse_l"": 20.2621, ""sv_l"": 33.2621, ""feat_secs"": 0.011625, ""feat_secs_frame"": 0.001275, ""feat_secs_hsf"": 0.010152}"
arith,"arith:bits=12,h=6,reps=4",1,"{""bits"": 12.0, ""h"": 6.0, ""reps"": 4.0}",planp,ok,0.037169,0.0429,4718592,-0.0048828125,0,-0.0048828125,0.0,engine=sparse aborted=[] plan_secs=0.017734,"{""n"": 25, ""gates"": 307, ""g2"": 192, ""g3"": 96, ""depth2"": 244, ""t_count"": 672, ""rotations"": 672, ""d"": 25, ""dense_l"": 34.1114, ""redundant"": 647, ""obs_zero"": false, ""frame_l"": 59.3923, ""chi_bits"": 12, ""mps_l"": 45.3113, ""hsf_k"": 20, ""hsf_na"": 12, ""hsf_nb"": 13, ""hsf_l"": 33.1043, ""sup"": 12, ""chi_bits0"": 12, ""mps_l0"": 45.3113, ""hsf_keff"": 8, ""hsf_l0"": 45.1043, ""sparse_l"": 20.2621, ""sv_l"": 33.2621, ""feat_secs"": 0.011625, ""feat_secs_frame"": 0.001275, ""feat_secs_hsf"": 0.010152}"
arith,"arith:bits=12,h=6,reps=4",1,"{""bits"": 12.0, ""h"": 6.0, ""reps"": 4.0}",plan,ok,0.034139,0.0386,3751936,-0.0048828125,0,-0.0048828125,0.0,engine=sparse aborted=[] plan_secs=0.014212,"{""n"": 25, ""gates"": 307, ""g2"": 192, ""g3"": 96, ""depth2"": 244, ""t_count"": 672, ""rotations"": 672, ""d"": 25, ""dense_l"": 34.1114, ""redundant"": 647, ""obs_zero"": false, ""frame_l"": 59.3923, ""chi_bits"": 12, ""mps_l"": 45.3113, ""hsf_k"": 20, ""hsf_na"": 12, ""hsf_nb"": 13, ""hsf_l"": 33.1043, ""sup"": 12, ""chi_bits0"": 12, ""mps_l0"": 45.3113, ""hsf_keff"": 8, ""hsf_l0"": 45.1043, ""sparse_l"": 20.2621, ""sv_l"": 33.2621, ""feat_secs"": 0.011625, ""feat_secs_frame"": 0.001275, ""feat_secs_hsf"": 0.010152}"
brick,"brick:n=12,D=2,nn=1",1,"{""n"": 12.0, ""D"": 2.0, ""nn"": 1.0}",planx,ok,0.000172,0.0040,2277376,-0.004470431060879979,0,-0.004470431060879979,0.0,engine=sv aborted=[] plan_secs=0.000001,"{""n"": 12, ""gates"": 47, ""g2"": 11, ""g3"": 0, ""depth2"": 2, ""t_count"": 0, ""rotations"": 108, ""d"": 12, ""dense_l"": 18.2668, ""redundant"": 96, ""obs_zero"": false, ""frame_l"": 30.7549, ""chi_bits"": 1, ""mps_l"": 7.6147, ""hsf_k"": 1, ""hsf_na"": 6, ""hsf_nb"": 6, ""hsf_l"": 13.7944, ""sup"": 12, ""chi_bits0"": 1, ""mps_l0"": 7.6147, ""hsf_keff"": 1, ""hsf_l0"": 13.7944, ""sparse_l"": 17.5546, ""sv_l"": 17.5546, ""feat_secs"": 0.000793, ""feat_secs_frame"": 0.000189, ""feat_secs_hsf"": 0.000562}"
brick,"brick:n=12,D=2,nn=1",1,"{""n"": 12.0, ""D"": 2.0, ""nn"": 1.0}",planp,ok,0.000164,0.0037,2260992,-0.004470431060879979,0,-0.004470431060879979,0.0,engine=sv aborted=[] plan_secs=0.000000,"{""n"": 12, ""gates"": 47, ""g2"": 11, ""g3"": 0, ""depth2"": 2, ""t_count"": 0, ""rotations"": 108, ""d"": 12, ""dense_l"": 18.2668, ""redundant"": 96, ""obs_zero"": false, ""frame_l"": 30.7549, ""chi_bits"": 1, ""mps_l"": 7.6147, ""hsf_k"": 1, ""hsf_na"": 6, ""hsf_nb"": 6, ""hsf_l"": 13.7944, ""sup"": 12, ""chi_bits0"": 1, ""mps_l0"": 7.6147, ""hsf_keff"": 1, ""hsf_l0"": 13.7944, ""sparse_l"": 17.5546, ""sv_l"": 17.5546, ""feat_secs"": 0.000793, ""feat_secs_frame"": 0.000189, ""feat_secs_hsf"": 0.000562}"
brick,"brick:n=12,D=2,nn=1",1,"{""n"": 12.0, ""D"": 2.0, ""nn"": 1.0}",plan,ok,0.000213,0.0066,2277376,-0.004470431060879979,0,-0.004470431060879979,0.0,engine=sv aborted=[] plan_secs=0.000001,"{""n"": 12, ""gates"": 47, ""g2"": 11, ""g3"": 0, ""depth2"": 2, ""t_count"": 0, ""rotations"": 108, ""d"": 12, ""dense_l"": 18.2668, ""redundant"": 96, ""obs_zero"": false, ""frame_l"": 30.7549, ""chi_bits"": 1, ""mps_l"": 7.6147, ""hsf_k"": 1, ""hsf_na"": 6, ""hsf_nb"": 6, ""hsf_l"": 13.7944, ""sup"": 12, ""chi_bits0"": 1, ""mps_l0"": 7.6147, ""hsf_keff"": 1, ""hsf_l0"": 13.7944, ""sparse_l"": 17.5546, ""sv_l"": 17.5546, ""feat_secs"": 0.000793, ""feat_secs_frame"": 0.000189, ""feat_secs_hsf"": 0.000562}"
brick,"brick:n=12,D=4,nn=1",1,"{""n"": 12.0, ""D"": 4.0, ""nn"": 1.0}",planx,ok,0.000275,0.0044,2375680,-0.01670877688668039,0,-0.01670877688668039,0.0,engine=sv aborted=[] plan_secs=0.000001,"{""n"": 12, ""gates"": 82, ""g2"": 22, ""g3"": 0, ""depth2"": 4, ""t_count"": 0, ""rotations"": 180, ""d"": 12, ""dense_l"": 19.2192, ""redundant"": 168, ""obs_zero"": false, ""frame_l"": 31.4919, ""chi_bits"": 2, ""mps_l"": 10.1033, ""hsf_k"": 2, ""hsf_na"": 6, ""hsf_nb"": 6, ""hsf_l"": 15.1898, ""sup"": 12, ""chi_bits0"": 2, ""mps_l0"": 10.1033, ""hsf_keff"": 2, ""hsf_l0"": 15.1898, ""sparse_l"": 18.3576, ""sv_l"": 18.3576, ""feat_secs"": 0.000843, ""feat_secs_frame"": 0.000258, ""feat_secs_hsf"": 0.000535}"
brick,"brick:n=12,D=4,nn=1",1,"{""n"": 12.0, ""D"": 4.0, ""nn"": 1.0}",planp,ok,0.000263,0.0042,2375680,-0.01670877688668039,0,-0.01670877688668039,0.0,engine=sv aborted=[] plan_secs=0.000000,"{""n"": 12, ""gates"": 82, ""g2"": 22, ""g3"": 0, ""depth2"": 4, ""t_count"": 0, ""rotations"": 180, ""d"": 12, ""dense_l"": 19.2192, ""redundant"": 168, ""obs_zero"": false, ""frame_l"": 31.4919, ""chi_bits"": 2, ""mps_l"": 10.1033, ""hsf_k"": 2, ""hsf_na"": 6, ""hsf_nb"": 6, ""hsf_l"": 15.1898, ""sup"": 12, ""chi_bits0"": 2, ""mps_l0"": 10.1033, ""hsf_keff"": 2, ""hsf_l0"": 15.1898, ""sparse_l"": 18.3576, ""sv_l"": 18.3576, ""feat_secs"": 0.000843, ""feat_secs_frame"": 0.000258, ""feat_secs_hsf"": 0.000535}"
brick,"brick:n=12,D=4,nn=1",1,"{""n"": 12.0, ""D"": 4.0, ""nn"": 1.0}",plan,ok,0.000251,0.0041,2375680,-0.01670877688668039,0,-0.01670877688668039,0.0,engine=sv aborted=[] plan_secs=0.000000,"{""n"": 12, ""gates"": 82, ""g2"": 22, ""g3"": 0, ""depth2"": 4, ""t_count"": 0, ""rotations"": 180, ""d"": 12, ""dense_l"": 19.2192, ""redundant"": 168, ""obs_zero"": false, ""frame_l"": 31.4919, ""chi_bits"": 2, ""mps_l"": 10.1033, ""hsf_k"": 2, ""hsf_na"": 6, ""hsf_nb"": 6, ""hsf_l"": 15.1898, ""sup"": 12, ""chi_bits0"": 2, ""mps_l0"": 10.1033, ""hsf_keff"": 2, ""hsf_l0"": 15.1898, ""sparse_l"": 18.3576, ""sv_l"": 18.3576, ""feat_secs"": 0.000843, ""feat_secs_frame"": 0.000258, ""feat_secs_hsf"": 0.000535}"
brick,"brick:n=12,D=8,nn=1",1,"{""n"": 12.0, ""D"": 8.0, ""nn"": 1.0}",planx,ok,0.00089,0.0074,2719744,-0.01605576551847955,0,-0.01605576551847955,0.0,engine=sv aborted=[] plan_secs=0.000492,"{""n"": 12, ""gates"": 152, ""g2"": 44, ""g3"": 0, ""depth2"": 8, ""t_count"": 0, ""rotations"": 324, ""d"": 12, ""dense_l"": 20.1948, ""redundant"": 312, ""obs_zero"": false, ""frame_l"": 32.3399, ""chi_bits"": 4, ""mps_l"": 14.9014, ""hsf_k"": 4, ""hsf_na"": 6, ""hsf_nb"": 6, ""hsf_l"": 17.7549, ""sup"": 12, ""chi_bits0"": 4, ""mps_l0"": 14.9014, ""hsf_keff"": 4, ""hsf_l0"": 17.7549, ""sparse_l"": 19.2479, ""sv_l"": 19.2479, ""feat_secs"": 0.001132, ""feat_secs_frame"": 0.000477, ""feat_secs_hsf"": 0.000569}"
brick,"brick:n=12,D=8,nn=1",1,"{""n"": 12.0, ""D"": 8.0, ""nn"": 1.0}",planp,ok,0.001188,0.0074,2736128,-0.01605576551847955,0,-0.01605576551847955,0.0,engine=sv aborted=[] plan_secs=0.000702,"{""n"": 12, ""gates"": 152, ""g2"": 44, ""g3"": 0, ""depth2"": 8, ""t_count"": 0, ""rotations"": 324, ""d"": 12, ""dense_l"": 20.1948, ""redundant"": 312, ""obs_zero"": false, ""frame_l"": 32.3399, ""chi_bits"": 4, ""mps_l"": 14.9014, ""hsf_k"": 4, ""hsf_na"": 6, ""hsf_nb"": 6, ""hsf_l"": 17.7549, ""sup"": 12, ""chi_bits0"": 4, ""mps_l0"": 14.9014, ""hsf_keff"": 4, ""hsf_l0"": 17.7549, ""sparse_l"": 19.2479, ""sv_l"": 19.2479, ""feat_secs"": 0.001132, ""feat_secs_frame"": 0.000477, ""feat_secs_hsf"": 0.000569}"
brick,"brick:n=12,D=8,nn=1",1,"{""n"": 12.0, ""D"": 8.0, ""nn"": 1.0}",plan,ok,0.00091,0.0074,2752512,-0.01605576551847955,0,-0.01605576551847955,0.0,engine=sv aborted=[] plan_secs=0.000512,"{""n"": 12, ""gates"": 152, ""g2"": 44, ""g3"": 0, ""depth2"": 8, ""t_count"": 0, ""rotations"": 324, ""d"": 12, ""dense_l"": 20.1948, ""redundant"": 312, ""obs_zero"": false, ""frame_l"": 32.3399, ""chi_bits"": 4, ""mps_l"": 14.9014, ""hsf_k"": 4, ""hsf_na"": 6, ""hsf_nb"": 6, ""hsf_l"": 17.7549, ""sup"": 12, ""chi_bits0"": 4, ""mps_l0"": 14.9014, ""hsf_keff"": 4, ""hsf_l0"": 17.7549, ""sparse_l"": 19.2479, ""sv_l"": 19.2479, ""feat_secs"": 0.001132, ""feat_secs_frame"": 0.000477, ""feat_secs_hsf"": 0.000569}"
brick,"brick:n=12,D=16,nn=1",1,"{""n"": 12.0, ""D"": 16.0, ""nn"": 1.0}",planx,ok,0.001584,0.0074,2916352,0.01674146664562168,0,0.01674146664562168,0.0,engine=sv aborted=[] plan_secs=0.000885,"{""n"": 12, ""gates"": 292, ""g2"": 88, ""g3"": 0, ""depth2"": 16, ""t_count"": 0, ""rotations"": 612, ""d"": 12, ""dense_l"": 21.1824, ""redundant"": 600, ""obs_zero"": false, ""frame_l"": 33.2574, ""chi_bits"": 6, ""mps_l"": 20.2165, ""hsf_k"": 8, ""hsf_na"": 6, ""hsf_nb"": 6, ""hsf_l"": 22.4757, ""sup"": 12, ""chi_bits0"": 6, ""mps_l0"": 20.2165, ""hsf_keff"": 8, ""hsf_l0"": 22.4757, ""sparse_l"": 20.1898, ""sv_l"": 20.1898, ""feat_secs"": 0.00153, ""feat_secs_frame"": 0.000808, ""feat_secs_hsf"": 0.000592}"
brick,"brick:n=12,D=16,nn=1",1,"{""n"": 12.0, ""D"": 16.0, ""nn"": 1.0}",planp,ok,0.001566,0.0067,2949120,0.01674146664562168,0,0.01674146664562168,0.0,engine=sv aborted=[] plan_secs=0.000898,"{""n"": 12, ""gates"": 292, ""g2"": 88, ""g3"": 0, ""depth2"": 16, ""t_count"": 0, ""rotations"": 612, ""d"": 12, ""dense_l"": 21.1824, ""redundant"": 600, ""obs_zero"": false, ""frame_l"": 33.2574, ""chi_bits"": 6, ""mps_l"": 20.2165, ""hsf_k"": 8, ""hsf_na"": 6, ""hsf_nb"": 6, ""hsf_l"": 22.4757, ""sup"": 12, ""chi_bits0"": 6, ""mps_l0"": 20.2165, ""hsf_keff"": 8, ""hsf_l0"": 22.4757, ""sparse_l"": 20.1898, ""sv_l"": 20.1898, ""feat_secs"": 0.00153, ""feat_secs_frame"": 0.000808, ""feat_secs_hsf"": 0.000592}"
brick,"brick:n=12,D=16,nn=1",1,"{""n"": 12.0, ""D"": 16.0, ""nn"": 1.0}",plan,ok,0.001786,0.0066,2965504,0.01674146664562168,0,0.01674146664562168,0.0,engine=sv aborted=[] plan_secs=0.001082,"{""n"": 12, ""gates"": 292, ""g2"": 88, ""g3"": 0, ""depth2"": 16, ""t_count"": 0, ""rotations"": 612, ""d"": 12, ""dense_l"": 21.1824, ""redundant"": 600, ""obs_zero"": false, ""frame_l"": 33.2574, ""chi_bits"": 6, ""mps_l"": 20.2165, ""hsf_k"": 8, ""hsf_na"": 6, ""hsf_nb"": 6, ""hsf_l"": 22.4757, ""sup"": 12, ""chi_bits0"": 6, ""mps_l0"": 20.2165, ""hsf_keff"": 8, ""hsf_l0"": 22.4757, ""sparse_l"": 20.1898, ""sv_l"": 20.1898, ""feat_secs"": 0.00153, ""feat_secs_frame"": 0.000808, ""feat_secs_hsf"": 0.000592}"
brick,"brick:n=16,D=2,nn=1",1,"{""n"": 16.0, ""D"": 2.0, ""nn"": 1.0}",planx,ok,0.000605,0.0068,2932736,0.001018132369881992,0,0.001018132369881992,0.0,engine=mps aborted=[] plan_secs=0.000445,"{""n"": 16, ""gates"": 63, ""g2"": 15, ""g3"": 0, ""depth2"": 2, ""t_count"": 0, ""rotations"": 144, ""d"": 16, ""dense_l"": 22.6582, ""redundant"": 128, ""obs_zero"": false, ""frame_l"": 39.1699, ""chi_bits"": 1, ""mps_l"": 8.0444, ""hsf_k"": 1, ""hsf_na"": 8, ""hsf_nb"": 8, ""hsf_l"": 17.3174, ""sup"": 16, ""chi_bits0"": 1, ""mps_l0"": 8.0444, ""hsf_keff"": 1, ""hsf_l0"": 17.3174, ""sparse_l"": 21.9773, ""sv_l"": 21.9773, ""feat_secs"": 0.001647, ""feat_secs_frame"": 0.000226, ""feat_secs_hsf"": 0.001376}"
brick,"brick:n=16,D=2,nn=1",1,"{""n"": 16.0, ""D"": 2.0, ""nn"": 1.0}",planp,ok,0.000536,0.0070,2932736,0.001018132369881992,0,0.001018132369881992,0.0,engine=mps aborted=[] plan_secs=0.000357,"{""n"": 16, ""gates"": 63, ""g2"": 15, ""g3"": 0, ""depth2"": 2, ""t_count"": 0, ""rotations"": 144, ""d"": 16, ""dense_l"": 22.6582, ""redundant"": 128, ""obs_zero"": false, ""frame_l"": 39.1699, ""chi_bits"": 1, ""mps_l"": 8.0444, ""hsf_k"": 1, ""hsf_na"": 8, ""hsf_nb"": 8, ""hsf_l"": 17.3174, ""sup"": 16, ""chi_bits0"": 1, ""mps_l0"": 8.0444, ""hsf_keff"": 1, ""hsf_l0"": 17.3174, ""sparse_l"": 21.9773, ""sv_l"": 21.9773, ""feat_secs"": 0.001647, ""feat_secs_frame"": 0.000226, ""feat_secs_hsf"": 0.001376}"
brick,"brick:n=16,D=2,nn=1",1,"{""n"": 16.0, ""D"": 2.0, ""nn"": 1.0}",plan,ok,0.000527,0.0044,2932736,0.001018132369881992,0,0.001018132369881992,0.0,engine=mps aborted=[] plan_secs=0.000365,"{""n"": 16, ""gates"": 63, ""g2"": 15, ""g3"": 0, ""depth2"": 2, ""t_count"": 0, ""rotations"": 144, ""d"": 16, ""dense_l"": 22.6582, ""redundant"": 128, ""obs_zero"": false, ""frame_l"": 39.1699, ""chi_bits"": 1, ""mps_l"": 8.0444, ""hsf_k"": 1, ""hsf_na"": 8, ""hsf_nb"": 8, ""hsf_l"": 17.3174, ""sup"": 16, ""chi_bits0"": 1, ""mps_l0"": 8.0444, ""hsf_keff"": 1, ""hsf_l0"": 17.3174, ""sparse_l"": 21.9773, ""sv_l"": 21.9773, ""feat_secs"": 0.001647, ""feat_secs_frame"": 0.000226, ""feat_secs_hsf"": 0.001376}"
brick,"brick:n=16,D=4,nn=1",1,"{""n"": 16.0, ""D"": 4.0, ""nn"": 1.0}",planx,ok,0.00086,0.0044,3063808,-0.001155932712105681,0,-0.001155932712105681,0.0,engine=mps aborted=[] plan_secs=0.000568,"{""n"": 16, ""gates"": 110, ""g2"": 30, ""g3"": 0, ""depth2"": 4, ""t_count"": 0, ""rotations"": 240, ""d"": 16, ""dense_l"": 23.6221, ""redundant"": 224, ""obs_zero"": false, ""frame_l"": 39.9069, ""chi_bits"": 2, ""mps_l"": 10.5999, ""hsf_k"": 2, ""hsf_na"": 8, ""hsf_nb"": 8, ""hsf_l"": 18.5157, ""sup"": 16, ""chi_bits0"": 2, ""mps_l0"": 10.5999, ""hsf_keff"": 2, ""hsf_l0"": 18.5157, ""sparse_l"": 22.7814, ""sv_l"": 22.7814, ""feat_secs"": 0.001803, ""feat_secs_frame"": 0.000342, ""feat_secs_hsf"": 0.001385}"
brick,"brick:n=16,D=4,nn=1",1,"{""n"": 16.0, ""D"": 4.0, ""nn"": 1.0}",planp,ok,0.000925,0.0067,3129344,-0.001155932712105681,0,-0.001155932712105681,0.0,engine=mps aborted=[] plan_secs=0.000590,"{""n"": 16, ""gates"": 110, ""g2"": 30, ""g3"": 0, ""depth2"": 4, ""t_count"": 0, ""rotations"": 240, ""d"": 16, ""dense_l"": 23.6221, ""redundant"": 224, ""obs_zero"": false, ""frame_l"": 39.9069, ""chi_bits"": 2, ""mps_l"": 10.5999, ""hsf_k"": 2, ""hsf_na"": 8, ""hsf_nb"": 8, ""hsf_l"": 18.5157, ""sup"": 16, ""chi_bits0"": 2, ""mps_l0"": 10.5999, ""hsf_keff"": 2, ""hsf_l0"": 18.5157, ""sparse_l"": 22.7814, ""sv_l"": 22.7814, ""feat_secs"": 0.001803, ""feat_secs_frame"": 0.000342, ""feat_secs_hsf"": 0.001385}"
brick,"brick:n=16,D=4,nn=1",1,"{""n"": 16.0, ""D"": 4.0, ""nn"": 1.0}",plan,ok,0.00086,0.0073,3063808,-0.001155932712105681,0,-0.001155932712105681,0.0,engine=mps aborted=[] plan_secs=0.000559,"{""n"": 16, ""gates"": 110, ""g2"": 30, ""g3"": 0, ""depth2"": 4, ""t_count"": 0, ""rotations"": 240, ""d"": 16, ""dense_l"": 23.6221, ""redundant"": 224, ""obs_zero"": false, ""frame_l"": 39.9069, ""chi_bits"": 2, ""mps_l"": 10.5999, ""hsf_k"": 2, ""hsf_na"": 8, ""hsf_nb"": 8, ""hsf_l"": 18.5157, ""sup"": 16, ""chi_bits0"": 2, ""mps_l0"": 10.5999, ""hsf_keff"": 2, ""hsf_l0"": 18.5157, ""sparse_l"": 22.7814, ""sv_l"": 22.7814, ""feat_secs"": 0.001803, ""feat_secs_frame"": 0.000342, ""feat_secs_hsf"": 0.001385}"
brick,"brick:n=16,D=8,nn=1",1,"{""n"": 16.0, ""D"": 8.0, ""nn"": 1.0}",planx,ok,0.004241,0.0089,4128768,0.001757095027940108,0,0.001757095027940108,0.0,engine=mps aborted=[] plan_secs=0.002491,"{""n"": 16, ""gates"": 204, ""g2"": 60, ""g3"": 0, ""depth2"": 8, ""t_count"": 0, ""rotations"": 432, ""d"": 16, ""dense_l"": 24.6036, ""redundant"": 416, ""obs_zero"": false, ""frame_l"": 40.7549, ""chi_bits"": 4, ""mps_l"": 15.6676, ""hsf_k"": 4, ""hsf_na"": 8, ""hsf_nb"": 8, ""hsf_l"": 20.8455, ""sup"": 16, ""chi_bits0"": 4, ""mps_l0"": 15.6676, ""hsf_keff"": 4, ""hsf_l0"": 20.8455, ""sparse_l"": 23.6724, ""sv_l"": 23.6724, ""feat_secs"": 0.002086, ""feat_secs_frame"": 0.000583, ""feat_secs_hsf"": 0.001402}"
brick,"brick:n=16,D=8,nn=1",1,"{""n"": 16.0, ""D"": 8.0, ""nn"": 1.0}",planp,ok,0.004225,0.0093,4014080,0.001757095027940108,0,0.001757095027940108,0.0,engine=mps aborted=[] plan_secs=0.002518,"{""n"": 16, ""gates"": 204, ""g2"": 60, ""g3"": 0, ""depth2"": 8, ""t_count"": 0, ""rotations"": 432, ""d"": 16, ""dense_l"": 24.6036, ""redundant"": 416, ""obs_zero"": false, ""frame_l"": 40.7549, ""chi_bits"": 4, ""mps_l"": 15.6676, ""hsf_k"": 4, ""hsf_na"": 8, ""hsf_nb"": 8, ""hsf_l"": 20.8455, ""sup"": 16, ""chi_bits0"": 4, ""mps_l0"": 15.6676, ""hsf_keff"": 4, ""hsf_l0"": 20.8455, ""sparse_l"": 23.6724, ""sv_l"": 23.6724, ""feat_secs"": 0.002086, ""feat_secs_frame"": 0.000583, ""feat_secs_hsf"": 0.001402}"
brick,"brick:n=16,D=8,nn=1",1,"{""n"": 16.0, ""D"": 8.0, ""nn"": 1.0}",plan,ok,0.00408,0.0105,4128768,0.001757095027940108,0,0.001757095027940108,0.0,engine=mps aborted=[] plan_secs=0.002281,"{""n"": 16, ""gates"": 204, ""g2"": 60, ""g3"": 0, ""depth2"": 8, ""t_count"": 0, ""rotations"": 432, ""d"": 16, ""dense_l"": 24.6036, ""redundant"": 416, ""obs_zero"": false, ""frame_l"": 40.7549, ""chi_bits"": 4, ""mps_l"": 15.6676, ""hsf_k"": 4, ""hsf_na"": 8, ""hsf_nb"": 8, ""hsf_l"": 20.8455, ""sup"": 16, ""chi_bits0"": 4, ""mps_l0"": 15.6676, ""hsf_keff"": 4, ""hsf_l0"": 20.8455, ""sparse_l"": 23.6724, ""sv_l"": 23.6724, ""feat_secs"": 0.002086, ""feat_secs_frame"": 0.000583, ""feat_secs_hsf"": 0.001402}"
brick,"brick:n=16,D=16,nn=1",1,"{""n"": 16.0, ""D"": 16.0, ""nn"": 1.0}",planx,ok,0.018429,0.0238,4915200,0.001147588366949402,0,0.001147588366949402,0.0,engine=sv aborted=[] plan_secs=0.003146,"{""n"": 16, ""gates"": 392, ""g2"": 120, ""g3"": 0, ""depth2"": 16, ""t_count"": 0, ""rotations"": 816, ""d"": 16, ""dense_l"": 25.5943, ""redundant"": 800, ""obs_zero"": false, ""frame_l"": 41.6724, ""chi_bits"": 8, ""mps_l"": 24.8674, ""hsf_k"": 8, ""hsf_na"": 8, ""hsf_nb"": 8, ""hsf_l"": 25.3399, ""sup"": 16, ""chi_bits0"": 8, ""mps_l0"": 24.8674, ""hsf_keff"": 8, ""hsf_l0"": 25.3399, ""sparse_l"": 24.6147, ""sv_l"": 24.6147, ""feat_secs"": 0.002783, ""feat_secs_frame"": 0.001116, ""feat_secs_hsf"": 0.00149}"
brick,"brick:n=16,D=16,nn=1",1,"{""n"": 16.0, ""D"": 16.0, ""nn"": 1.0}",planp,ok,0.021656,0.0272,6160384,0.001147588366949402,0,0.001147588366949402,0.0,engine=sv aborted=[] plan_secs=0.006069,"{""n"": 16, ""gates"": 392, ""g2"": 120, ""g3"": 0, ""depth2"": 16, ""t_count"": 0, ""rotations"": 816, ""d"": 16, ""dense_l"": 25.5943, ""redundant"": 800, ""obs_zero"": false, ""frame_l"": 41.6724, ""chi_bits"": 8, ""mps_l"": 24.8674, ""hsf_k"": 8, ""hsf_na"": 8, ""hsf_nb"": 8, ""hsf_l"": 25.3399, ""sup"": 16, ""chi_bits0"": 8, ""mps_l0"": 24.8674, ""hsf_keff"": 8, ""hsf_l0"": 25.3399, ""sparse_l"": 24.6147, ""sv_l"": 24.6147, ""feat_secs"": 0.002783, ""feat_secs_frame"": 0.001116, ""feat_secs_hsf"": 0.00149}"
brick,"brick:n=16,D=16,nn=1",1,"{""n"": 16.0, ""D"": 16.0, ""nn"": 1.0}",plan,ok,0.019662,0.0257,4915200,0.001147588366949402,0,0.001147588366949402,0.0,engine=sv aborted=[] plan_secs=0.003483,"{""n"": 16, ""gates"": 392, ""g2"": 120, ""g3"": 0, ""depth2"": 16, ""t_count"": 0, ""rotations"": 816, ""d"": 16, ""dense_l"": 25.5943, ""redundant"": 800, ""obs_zero"": false, ""frame_l"": 41.6724, ""chi_bits"": 8, ""mps_l"": 24.8674, ""hsf_k"": 8, ""hsf_na"": 8, ""hsf_nb"": 8, ""hsf_l"": 25.3399, ""sup"": 16, ""chi_bits0"": 8, ""mps_l0"": 24.8674, ""hsf_keff"": 8, ""hsf_l0"": 25.3399, ""sparse_l"": 24.6147, ""sv_l"": 24.6147, ""feat_secs"": 0.002783, ""feat_secs_frame"": 0.001116, ""feat_secs_hsf"": 0.00149}"
brick,"brick:n=20,D=2,nn=1",1,"{""n"": 20.0, ""D"": 2.0, ""nn"": 1.0}",planx,ok,0.003092,0.0066,3096576,-1.877793617993585e-06,0,-1.877793617993585e-06,0.0,engine=mps aborted=[] plan_secs=0.002917,"{""n"": 20, ""gates"": 79, ""g2"": 19, ""g3"": 0, ""depth2"": 2, ""t_count"": 0, ""rotations"": 180, ""d"": 20, ""dense_l"": 26.9658, ""redundant"": 160, ""obs_zero"": false, ""frame_l"": 47.4919, ""chi_bits"": 1, ""mps_l"": 8.375, ""hsf_k"": 1, ""hsf_na"": 10, ""hsf_nb"": 10, ""hsf_l"": 21.1072, ""sup"": 20, ""chi_bits0"": 1, ""mps_l0"": 8.375, ""hsf_keff"": 1, ""hsf_l0"": 21.1072, ""sparse_l"": 26.3038, ""sv_l"": 26.3038, ""feat_secs"": 0.002816, ""feat_secs_frame"": 0.000283, ""feat_secs_hsf"": 0.002477}"
brick,"brick:n=20,D=2,nn=1",1,"{""n"": 20.0, ""D"": 2.0, ""nn"": 1.0}",planp,ok,0.003231,0.0073,3145728,-1.877793617993585e-06,0,-1.877793617993585e-06,0.0,engine=mps aborted=[] plan_secs=0.003034,"{""n"": 20, ""gates"": 79, ""g2"": 19, ""g3"": 0, ""depth2"": 2, ""t_count"": 0, ""rotations"": 180, ""d"": 20, ""dense_l"": 26.9658, ""redundant"": 160, ""obs_zero"": false, ""frame_l"": 47.4919, ""chi_bits"": 1, ""mps_l"": 8.375, ""hsf_k"": 1, ""hsf_na"": 10, ""hsf_nb"": 10, ""hsf_l"": 21.1072, ""sup"": 20, ""chi_bits0"": 1, ""mps_l0"": 8.375, ""hsf_keff"": 1, ""hsf_l0"": 21.1072, ""sparse_l"": 26.3038, ""sv_l"": 26.3038, ""feat_secs"": 0.002816, ""feat_secs_frame"": 0.000283, ""feat_secs_hsf"": 0.002477}"
brick,"brick:n=20,D=2,nn=1",1,"{""n"": 20.0, ""D"": 2.0, ""nn"": 1.0}",plan,ok,0.003123,0.0067,3096576,-1.877793617993585e-06,0,-1.877793617993585e-06,0.0,engine=mps aborted=[] plan_secs=0.002945,"{""n"": 20, ""gates"": 79, ""g2"": 19, ""g3"": 0, ""depth2"": 2, ""t_count"": 0, ""rotations"": 180, ""d"": 20, ""dense_l"": 26.9658, ""redundant"": 160, ""obs_zero"": false, ""frame_l"": 47.4919, ""chi_bits"": 1, ""mps_l"": 8.375, ""hsf_k"": 1, ""hsf_na"": 10, ""hsf_nb"": 10, ""hsf_l"": 21.1072, ""sup"": 20, ""chi_bits0"": 1, ""mps_l0"": 8.375, ""hsf_keff"": 1, ""hsf_l0"": 21.1072, ""sparse_l"": 26.3038, ""sv_l"": 26.3038, ""feat_secs"": 0.002816, ""feat_secs_frame"": 0.000283, ""feat_secs_hsf"": 0.002477}"
brick,"brick:n=20,D=4,nn=1",1,"{""n"": 20.0, ""D"": 4.0, ""nn"": 1.0}",planx,ok,0.003504,0.0090,3293184,-0.0004771397532092387,0,-0.0004771397532092387,0.0,engine=mps aborted=[] plan_secs=0.003166,"{""n"": 20, ""gates"": 138, ""g2"": 38, ""g3"": 0, ""depth2"": 4, ""t_count"": 0, ""rotations"": 300, ""d"": 20, ""dense_l"": 27.9366, ""redundant"": 280, ""obs_zero"": false, ""frame_l"": 48.2288, ""chi_bits"": 2, ""mps_l"": 10.9687, ""hsf_k"": 2, ""hsf_na"": 10, ""hsf_nb"": 10, ""hsf_l"": 22.1824, ""sup"": 20, ""chi_bits0"": 2, ""mps_l0"": 10.9687, ""hsf_keff"": 2, ""hsf_l0"": 22.1824, ""sparse_l"": 27.1085, ""sv_l"": 27.1085, ""feat_secs"": 0.003399, ""feat_secs_frame"": 0.000493, ""feat_secs_hsf"": 0.002801}"
brick,"brick:n=20,D=4,nn=1",1,"{""n"": 20.0, ""D"": 4.0, ""nn"": 1.0}",planp,ok,0.003577,0.0096,3309568,-0.0004771397532092387,0,-0.0004771397532092387,0.0,engine=mps aborted=[] plan_secs=0.003235,"{""n"": 20, ""gates"": 138, ""g2"": 38, ""g3"": 0, ""depth2"": 4, ""t_count"": 0, ""rotations"": 300, ""d"": 20, ""dense_l"": 27.9366, ""redundant"": 280, ""obs_zero"": false, ""frame_l"": 48.2288, ""chi_bits"": 2, ""mps_l"": 10.9687, ""hsf_k"": 2, ""hsf_na"": 10, ""hsf_nb"": 10, ""hsf_l"": 22.1824, ""sup"": 20, ""chi_bits0"": 2, ""mps_l0"": 10.9687, ""hsf_keff"": 2, ""hsf_l0"": 22.1824, ""sparse_l"": 27.1085, ""sv_l"": 27.1085, ""feat_secs"": 0.003399, ""feat_secs_frame"": 0.000493, ""feat_secs_hsf"": 0.002801}"
brick,"brick:n=20,D=4,nn=1",1,"{""n"": 20.0, ""D"": 4.0, ""nn"": 1.0}",plan,ok,0.003483,0.0074,3325952,-0.0004771397532092387,0,-0.0004771397532092387,0.0,engine=mps aborted=[] plan_secs=0.003141,"{""n"": 20, ""gates"": 138, ""g2"": 38, ""g3"": 0, ""depth2"": 4, ""t_count"": 0, ""rotations"": 300, ""d"": 20, ""dense_l"": 27.9366, ""redundant"": 280, ""obs_zero"": false, ""frame_l"": 48.2288, ""chi_bits"": 2, ""mps_l"": 10.9687, ""hsf_k"": 2, ""hsf_na"": 10, ""hsf_nb"": 10, ""hsf_l"": 22.1824, ""sup"": 20, ""chi_bits0"": 2, ""mps_l0"": 10.9687, ""hsf_keff"": 2, ""hsf_l0"": 22.1824, ""sparse_l"": 27.1085, ""sv_l"": 27.1085, ""feat_secs"": 0.003399, ""feat_secs_frame"": 0.000493, ""feat_secs_hsf"": 0.002801}"
brick,"brick:n=20,D=8,nn=1",1,"{""n"": 20.0, ""D"": 8.0, ""nn"": 1.0}",planx,ok,0.006194,0.0106,4227072,0.0001661859618688444,0,0.0001661859618688444,0.0,engine=mps aborted=[] plan_secs=0.003769,"{""n"": 20, ""gates"": 256, ""g2"": 76, ""g3"": 0, ""depth2"": 8, ""t_count"": 0, ""rotations"": 540, ""d"": 20, ""dense_l"": 28.9218, ""redundant"": 520, ""obs_zero"": false, ""frame_l"": 49.0768, ""chi_bits"": 4, ""mps_l"": 16.1653, ""hsf_k"": 4, ""hsf_na"": 10, ""hsf_nb"": 10, ""hsf_l"": 24.3219, ""sup"": 20, ""chi_bits0"": 4, ""mps_l0"": 16.1653, ""hsf_keff"": 4, ""hsf_l0"": 24.3219, ""sparse_l"": 28.0, ""sv_l"": 28.0, ""feat_secs"": 0.003356, ""feat_secs_frame"": 0.000723, ""feat_secs_hsf"": 0.002524}"
brick,"brick:n=20,D=8,nn=1",1,"{""n"": 20.0, ""D"": 8.0, ""nn"": 1.0}",planp,ok,0.006683,0.0128,4243456,0.0001661859618688444,0,0.0001661859618688444,0.0,engine=mps aborted=[] plan_secs=0.004220,"{""n"": 20, ""gates"": 256, ""g2"": 76, ""g3"": 0, ""depth2"": 8, ""t_count"": 0, ""rotations"": 540, ""d"": 20, ""dense_l"": 28.9218, ""redundant"": 520, ""obs_zero"": false, ""frame_l"": 49.0768, ""chi_bits"": 4, ""mps_l"": 16.1653, ""hsf_k"": 4, ""hsf_na"": 10, ""hsf_nb"": 10, ""hsf_l"": 24.3219, ""sup"": 20, ""chi_bits0"": 4, ""mps_l0"": 16.1653, ""hsf_keff"": 4, ""hsf_l0"": 24.3219, ""sparse_l"": 28.0, ""sv_l"": 28.0, ""feat_secs"": 0.003356, ""feat_secs_frame"": 0.000723, ""feat_secs_hsf"": 0.002524}"
brick,"brick:n=20,D=8,nn=1",1,"{""n"": 20.0, ""D"": 8.0, ""nn"": 1.0}",plan,ok,0.006125,0.0102,4308992,0.0001661859618688444,0,0.0001661859618688444,0.0,engine=mps aborted=[] plan_secs=0.003735,"{""n"": 20, ""gates"": 256, ""g2"": 76, ""g3"": 0, ""depth2"": 8, ""t_count"": 0, ""rotations"": 540, ""d"": 20, ""dense_l"": 28.9218, ""redundant"": 520, ""obs_zero"": false, ""frame_l"": 49.0768, ""chi_bits"": 4, ""mps_l"": 16.1653, ""hsf_k"": 4, ""hsf_na"": 10, ""hsf_nb"": 10, ""hsf_l"": 24.3219, ""sup"": 20, ""chi_bits0"": 4, ""mps_l0"": 16.1653, ""hsf_keff"": 4, ""hsf_l0"": 24.3219, ""sparse_l"": 28.0, ""sv_l"": 28.0, ""feat_secs"": 0.003356, ""feat_secs_frame"": 0.000723, ""feat_secs_hsf"": 0.002524}"
brick,"brick:n=20,D=16,nn=1",1,"{""n"": 20.0, ""D"": 16.0, ""nn"": 1.0}",planx,ok,0.252874,0.2584,34537472,0.0004229302658226188,0,0.0004229302658226188,0.0,"engine=hsf aborted=[""mps""] plan_secs=0.004940","{""n"": 20, ""gates"": 492, ""g2"": 152, ""g3"": 0, ""depth2"": 16, ""t_count"": 0, ""rotations"": 1020, ""d"": 20, ""dense_l"": 29.9144, ""redundant"": 1000, ""obs_zero"": false, ""frame_l"": 49.9944, ""chi_bits"": 8, ""mps_l"": 26.6865, ""hsf_k"": 8, ""hsf_na"": 10, ""hsf_nb"": 10, ""hsf_l"": 28.5661, ""sup"": 20, ""chi_bits0"": 8, ""mps_l0"": 26.6865, ""hsf_keff"": 8, ""hsf_l0"": 28.5661, ""sparse_l"": 28.9425, ""sv_l"": 28.9425, ""feat_secs"": 0.004145, ""feat_secs_frame"": 0.001369, ""feat_secs_hsf"": 0.002567}"
brick,"brick:n=20,D=16,nn=1",1,"{""n"": 20.0, ""D"": 16.0, ""nn"": 1.0}",planp,ok,0.253093,0.2576,34619392,0.0004229302658226188,0,0.0004229302658226188,0.0,"engine=hsf aborted=[""mps""] plan_secs=0.005540","{""n"": 20, ""gates"": 492, ""g2"": 152, ""g3"": 0, ""depth2"": 16, ""t_count"": 0, ""rotations"": 1020, ""d"": 20, ""dense_l"": 29.9144, ""redundant"": 1000, ""obs_zero"": false, ""frame_l"": 49.9944, ""chi_bits"": 8, ""mps_l"": 26.6865, ""hsf_k"": 8, ""hsf_na"": 10, ""hsf_nb"": 10, ""hsf_l"": 28.5661, ""sup"": 20, ""chi_bits0"": 8, ""mps_l0"": 26.6865, ""hsf_keff"": 8, ""hsf_l0"": 28.5661, ""sparse_l"": 28.9425, ""sv_l"": 28.9425, ""feat_secs"": 0.004145, ""feat_secs_frame"": 0.001369, ""feat_secs_hsf"": 0.002567}"
brick,"brick:n=20,D=16,nn=1",1,"{""n"": 20.0, ""D"": 16.0, ""nn"": 1.0}",plan,ok,0.252059,0.2565,34570240,0.0004229302658226188,0,0.0004229302658226188,0.0,"engine=hsf aborted=[""mps""] plan_secs=0.004986","{""n"": 20, ""gates"": 492, ""g2"": 152, ""g3"": 0, ""depth2"": 16, ""t_count"": 0, ""rotations"": 1020, ""d"": 20, ""dense_l"": 29.9144, ""redundant"": 1000, ""obs_zero"": false, ""frame_l"": 49.9944, ""chi_bits"": 8, ""mps_l"": 26.6865, ""hsf_k"": 8, ""hsf_na"": 10, ""hsf_nb"": 10, ""hsf_l"": 28.5661, ""sup"": 20, ""chi_bits0"": 8, ""mps_l0"": 26.6865, ""hsf_keff"": 8, ""hsf_l0"": 28.5661, ""sparse_l"": 28.9425, ""sv_l"": 28.9425, ""feat_secs"": 0.004145, ""feat_secs_frame"": 0.001369, ""feat_secs_hsf"": 0.002567}"
brick,"brick:n=24,D=2,nn=1",1,"{""n"": 24.0, ""D"": 2.0, ""nn"": 1.0}",planx,ok,0.005436,0.0101,3129344,-2.863900769586126e-07,0,-2.863900769586126e-07,0.0,engine=mps aborted=[] plan_secs=0.005224,"{""n"": 24, ""gates"": 95, ""g2"": 23, ""g3"": 0, ""depth2"": 2, ""t_count"": 0, ""rotations"": 216, ""d"": 24, ""dense_l"": 31.2192, ""redundant"": 192, ""obs_zero"": false, ""frame_l"": 55.7549, ""chi_bits"": 1, ""mps_l"": 8.6439, ""hsf_k"": 1, ""hsf_na"": 12, ""hsf_nb"": 12, ""hsf_l"": 25.0331, ""sup"": 24, ""chi_bits0"": 1, ""mps_l0"": 8.6439, ""hsf_keff"": 1, ""hsf_l0"": 25.0331, ""sparse_l"": 30.5699, ""sv_l"": 30.5699, ""feat_secs"": 0.005011, ""feat_secs_frame"": 0.000346, ""feat_secs_hsf"": 0.004612}"
brick,"brick:n=24,D=2,nn=1",1,"{""n"": 24.0, ""D"": 2.0, ""nn"": 1.0}",planp,ok,0.006101,0.0104,3112960,-2.863900769586126e-07,0,-2.863900769586126e-07,0.0,engine=mps aborted=[] plan_secs=0.005898,"{""n"": 24, ""gates"": 95, ""g2"": 23, ""g3"": 0, ""depth2"": 2, ""t_count"": 0, ""rotations"": 216, ""d"": 24, ""dense_l"": 31.2192, ""redundant"": 192, ""obs_zero"": false, ""frame_l"": 55.7549, ""chi_bits"": 1, ""mps_l"": 8.6439, ""hsf_k"": 1, ""hsf_na"": 12, ""hsf_nb"": 12, ""hsf_l"": 25.0331, ""sup"": 24, ""chi_bits0"": 1, ""mps_l0"": 8.6439, ""hsf_keff"": 1, ""hsf_l0"": 25.0331, ""sparse_l"": 30.5699, ""sv_l"": 30.5699, ""feat_secs"": 0.005011, ""feat_secs_frame"": 0.000346, ""feat_secs_hsf"": 0.004612}"
brick,"brick:n=24,D=2,nn=1",1,"{""n"": 24.0, ""D"": 2.0, ""nn"": 1.0}",plan,ok,0.005502,0.0095,3112960,-2.863900769586126e-07,0,-2.863900769586126e-07,0.0,engine=mps aborted=[] plan_secs=0.005288,"{""n"": 24, ""gates"": 95, ""g2"": 23, ""g3"": 0, ""depth2"": 2, ""t_count"": 0, ""rotations"": 216, ""d"": 24, ""dense_l"": 31.2192, ""redundant"": 192, ""obs_zero"": false, ""frame_l"": 55.7549, ""chi_bits"": 1, ""mps_l"": 8.6439, ""hsf_k"": 1, ""hsf_na"": 12, ""hsf_nb"": 12, ""hsf_l"": 25.0331, ""sup"": 24, ""chi_bits0"": 1, ""mps_l0"": 8.6439, ""hsf_keff"": 1, ""hsf_l0"": 25.0331, ""sparse_l"": 30.5699, ""sv_l"": 30.5699, ""feat_secs"": 0.005011, ""feat_secs_frame"": 0.000346, ""feat_secs_hsf"": 0.004612}"
brick,"brick:n=24,D=4,nn=1",1,"{""n"": 24.0, ""D"": 4.0, ""nn"": 1.0}",planx,ok,0.005927,0.0100,3375104,-1.239603425242309e-05,0,-1.239603425242309e-05,0.0,engine=mps aborted=[] plan_secs=0.005535,"{""n"": 24, ""gates"": 166, ""g2"": 46, ""g3"": 0, ""depth2"": 4, ""t_count"": 0, ""rotations"": 360, ""d"": 24, ""dense_l"": 32.1948, ""redundant"": 336, ""obs_zero"": false, ""frame_l"": 56.4919, ""chi_bits"": 2, ""mps_l"": 11.2621, ""hsf_k"": 2, ""hsf_na"": 12, ""hsf_nb"": 12, ""hsf_l"": 26.0573, ""sup"": 24, ""chi_bits0"": 2, ""mps_l0"": 11.2621, ""hsf_keff"": 2, ""hsf_l0"": 26.0573, ""sparse_l"": 31.375, ""sv_l"": 31.375, ""feat_secs"": 0.005311, ""feat_secs_frame"": 0.000549, ""feat_secs_hsf"": 0.004681}"
brick,"brick:n=24,D=4,nn=1",1,"{""n"": 24.0, ""D"": 4.0, ""nn"": 1.0}",planp,ok,0.005972,0.0116,3358720,-1.239603425242309e-05,0,-1.239603425242309e-05,0.0,engine=mps aborted=[] plan_secs=0.005570,"{""n"": 24, ""gates"": 166, ""g2"": 46, ""g3"": 0, ""depth2"": 4, ""t_count"": 0, ""rotations"": 360, ""d"": 24, ""dense_l"": 32.1948, ""redundant"": 336, ""obs_zero"": false, ""frame_l"": 56.4919, ""chi_bits"": 2, ""mps_l"": 11.2621, ""hsf_k"": 2, ""hsf_na"": 12, ""hsf_nb"": 12, ""hsf_l"": 26.0573, ""sup"": 24, ""chi_bits0"": 2, ""mps_l0"": 11.2621, ""hsf_keff"": 2, ""hsf_l0"": 26.0573, ""sparse_l"": 31.375, ""sv_l"": 31.375, ""feat_secs"": 0.005311, ""feat_secs_frame"": 0.000549, ""feat_secs_hsf"": 0.004681}"
brick,"brick:n=24,D=4,nn=1",1,"{""n"": 24.0, ""D"": 4.0, ""nn"": 1.0}",plan,ok,0.005851,0.0097,3358720,-1.239603425242309e-05,0,-1.239603425242309e-05,0.0,engine=mps aborted=[] plan_secs=0.005452,"{""n"": 24, ""gates"": 166, ""g2"": 46, ""g3"": 0, ""depth2"": 4, ""t_count"": 0, ""rotations"": 360, ""d"": 24, ""dense_l"": 32.1948, ""redundant"": 336, ""obs_zero"": false, ""frame_l"": 56.4919, ""chi_bits"": 2, ""mps_l"": 11.2621, ""hsf_k"": 2, ""hsf_na"": 12, ""hsf_nb"": 12, ""hsf_l"": 26.0573, ""sup"": 24, ""chi_bits0"": 2, ""mps_l0"": 11.2621, ""hsf_keff"": 2, ""hsf_l0"": 26.0573, ""sparse_l"": 31.375, ""sv_l"": 31.375, ""feat_secs"": 0.005311, ""feat_secs_frame"": 0.000549, ""feat_secs_hsf"": 0.004681}"
brick,"brick:n=24,D=8,nn=1",1,"{""n"": 24.0, ""D"": 8.0, ""nn"": 1.0}",planx,ok,0.00925,0.0158,4374528,-0.0004720644871202095,0,-0.0004720644871202095,0.0,engine=mps aborted=[] plan_secs=0.006215,"{""n"": 24, ""gates"": 308, ""g2"": 92, ""g3"": 0, ""depth2"": 8, ""t_count"": 0, ""rotations"": 648, ""d"": 24, ""dense_l"": 33.1824, ""redundant"": 624, ""obs_zero"": false, ""frame_l"": 57.3399, ""chi_bits"": 4, ""mps_l"": 16.5347, ""hsf_k"": 4, ""hsf_na"": 12, ""hsf_nb"": 12, ""hsf_l"": 28.1046, ""sup"": 24, ""chi_bits0"": 4, ""mps_l0"": 16.5347, ""hsf_keff"": 4, ""hsf_l0"": 28.1046, ""sparse_l"": 32.2668, ""sv_l"": 32.2668, ""feat_secs"": 0.005702, ""feat_secs_frame"": 0.000897, ""feat_secs_hsf"": 0.004672}"
brick,"brick:n=24,D=8,nn=1",1,"{""n"": 24.0, ""D"": 8.0, ""nn"": 1.0}",planp,ok,0.009433,0.0150,4423680,-0.0004720644871202095,0,-0.0004720644871202095,0.0,engine=mps aborted=[] plan_secs=0.006253,"{""n"": 24, ""gates"": 308, ""g2"": 92, ""g3"": 0, ""depth2"": 8, ""t_count"": 0, ""rotations"": 648, ""d"": 24, ""dense_l"": 33.1824, ""redundant"": 624, ""obs_zero"": false, ""frame_l"": 57.3399, ""chi_bits"": 4, ""mps_l"": 16.5347, ""hsf_k"": 4, ""hsf_na"": 12, ""hsf_nb"": 12, ""hsf_l"": 28.1046, ""sup"": 24, ""chi_bits0"": 4, ""mps_l0"": 16.5347, ""hsf_keff"": 4, ""hsf_l0"": 28.1046, ""sparse_l"": 32.2668, ""sv_l"": 32.2668, ""feat_secs"": 0.005702, ""feat_secs_frame"": 0.000897, ""feat_secs_hsf"": 0.004672}"
brick,"brick:n=24,D=8,nn=1",1,"{""n"": 24.0, ""D"": 8.0, ""nn"": 1.0}",plan,ok,0.009392,0.0147,4325376,-0.0004720644871202095,0,-0.0004720644871202095,0.0,engine=mps aborted=[] plan_secs=0.006190,"{""n"": 24, ""gates"": 308, ""g2"": 92, ""g3"": 0, ""depth2"": 8, ""t_count"": 0, ""rotations"": 648, ""d"": 24, ""dense_l"": 33.1824, ""redundant"": 624, ""obs_zero"": false, ""frame_l"": 57.3399, ""chi_bits"": 4, ""mps_l"": 16.5347, ""hsf_k"": 4, ""hsf_na"": 12, ""hsf_nb"": 12, ""hsf_l"": 28.1046, ""sup"": 24, ""chi_bits0"": 4, ""mps_l0"": 16.5347, ""hsf_keff"": 4, ""hsf_l0"": 28.1046, ""sparse_l"": 32.2668, ""sv_l"": 32.2668, ""feat_secs"": 0.005702, ""feat_secs_frame"": 0.000897, ""feat_secs_hsf"": 0.004672}"
brick,"brick:n=24,D=16,nn=1",1,"{""n"": 24.0, ""D"": 16.0, ""nn"": 1.0}",planx,ok,1.91982,1.9266,308953088,5.83121724292101e-05,0,5.83121724292101e-05,0.0,"engine=hsf aborted=[""mps""] plan_secs=0.008255","{""n"": 24, ""gates"": 592, ""g2"": 184, ""g3"": 0, ""depth2"": 16, ""t_count"": 0, ""rotations"": 1224, ""d"": 24, ""dense_l"": 34.1762, ""redundant"": 1200, ""obs_zero"": false, ""frame_l"": 58.2574, ""chi_bits"": 8, ""mps_l"": 27.466, ""hsf_k"": 8, ""hsf_na"": 12, ""hsf_nb"": 12, ""hsf_l"": 32.1948, ""sup"": 24, ""chi_bits0"": 8, ""mps_l0"": 27.466, ""hsf_keff"": 8, ""hsf_l0"": 32.1948, ""sparse_l"": 33.2095, ""sv_l"": 33.2095, ""feat_secs"": 0.006836, ""feat_secs_frame"": 0.001837, ""feat_secs_hsf"": 0.004779}"
brick,"brick:n=24,D=16,nn=1",1,"{""n"": 24.0, ""D"": 16.0, ""nn"": 1.0}",planp,ok,1.8853,1.8919,308969472,5.83121724292101e-05,0,5.83121724292101e-05,0.0,"engine=hsf aborted=[""mps""] plan_secs=0.007889","{""n"": 24, ""gates"": 592, ""g2"": 184, ""g3"": 0, ""depth2"": 16, ""t_count"": 0, ""rotations"": 1224, ""d"": 24, ""dense_l"": 34.1762, ""redundant"": 1200, ""obs_zero"": false, ""frame_l"": 58.2574, ""chi_bits"": 8, ""mps_l"": 27.466, ""hsf_k"": 8, ""hsf_na"": 12, ""hsf_nb"": 12, ""hsf_l"": 32.1948, ""sup"": 24, ""chi_bits0"": 8, ""mps_l0"": 27.466, ""hsf_keff"": 8, ""hsf_l0"": 32.1948, ""sparse_l"": 33.2095, ""sv_l"": 33.2095, ""feat_secs"": 0.006836, ""feat_secs_frame"": 0.001837, ""feat_secs_hsf"": 0.004779}"
brick,"brick:n=24,D=16,nn=1",1,"{""n"": 24.0, ""D"": 16.0, ""nn"": 1.0}",plan,ok,1.909883,1.9168,308871168,5.83121724292101e-05,0,5.83121724292101e-05,0.0,"engine=hsf aborted=[""mps""] plan_secs=0.008164","{""n"": 24, ""gates"": 592, ""g2"": 184, ""g3"": 0, ""depth2"": 16, ""t_count"": 0, ""rotations"": 1224, ""d"": 24, ""dense_l"": 34.1762, ""redundant"": 1200, ""obs_zero"": false, ""frame_l"": 58.2574, ""chi_bits"": 8, ""mps_l"": 27.466, ""hsf_k"": 8, ""hsf_na"": 12, ""hsf_nb"": 12, ""hsf_l"": 32.1948, ""sup"": 24, ""chi_bits0"": 8, ""mps_l0"": 27.466, ""hsf_keff"": 8, ""hsf_l0"": 32.1948, ""sparse_l"": 33.2095, ""sv_l"": 33.2095, ""feat_secs"": 0.006836, ""feat_secs_frame"": 0.001837, ""feat_secs_hsf"": 0.004779}"
brick,"brick:n=26,D=2,nn=1",1,"{""n"": 26.0, ""D"": 2.0, ""nn"": 1.0}",planx,ok,0.007049,0.0131,3162112,9.414171705052669e-06,0,9.414171705052669e-06,0.0,engine=mps aborted=[] plan_secs=0.006802,"{""n"": 26, ""gates"": 103, ""g2"": 25, ""g3"": 0, ""depth2"": 2, ""t_count"": 0, ""rotations"": 234, ""d"": 26, ""dense_l"": 33.3309, ""redundant"": 208, ""obs_zero"": false, ""frame_l"": 59.8704, ""chi_bits"": 1, ""mps_l"": 8.7616, ""hsf_k"": 1, ""hsf_na"": 13, ""hsf_nb"": 13, ""hsf_l"": 27.018, ""sup"": 26, ""chi_bits0"": 1, ""mps_l0"": 8.7616, ""hsf_keff"": 1, ""hsf_l0"": 27.018, ""sparse_l"": 32.6865, ""sv_l"": 32.6865, ""feat_secs"": 0.00665, ""feat_secs_frame"": 0.000372, ""feat_secs_hsf"": 0.006215}"
brick,"brick:n=26,D=2,nn=1",1,"{""n"": 26.0, ""D"": 2.0, ""nn"": 1.0}",planp,ok,0.007465,0.0134,3129344,9.414171705052669e-06,0,9.414171705052669e-06,0.0,engine=mps aborted=[] plan_secs=0.007169,"{""n"": 26, ""gates"": 103, ""g2"": 25, ""g3"": 0, ""depth2"": 2, ""t_count"": 0, ""rotations"": 234, ""d"": 26, ""dense_l"": 33.3309, ""redundant"": 208, ""obs_zero"": false, ""frame_l"": 59.8704, ""chi_bits"": 1, ""mps_l"": 8.7616, ""hsf_k"": 1, ""hsf_na"": 13, ""hsf_nb"": 13, ""hsf_l"": 27.018, ""sup"": 26, ""chi_bits0"": 1, ""mps_l0"": 8.7616, ""hsf_keff"": 1, ""hsf_l0"": 27.018, ""sparse_l"": 32.6865, ""sv_l"": 32.6865, ""feat_secs"": 0.00665, ""feat_secs_frame"": 0.000372, ""feat_secs_hsf"": 0.006215}"
brick,"brick:n=26,D=2,nn=1",1,"{""n"": 26.0, ""D"": 2.0, ""nn"": 1.0}",plan,ok,0.007009,0.0131,3112960,9.414171705052669e-06,0,9.414171705052669e-06,0.0,engine=mps aborted=[] plan_secs=0.006781,"{""n"": 26, ""gates"": 103, ""g2"": 25, ""g3"": 0, ""depth2"": 2, ""t_count"": 0, ""rotations"": 234, ""d"": 26, ""dense_l"": 33.3309, ""redundant"": 208, ""obs_zero"": false, ""frame_l"": 59.8704, ""chi_bits"": 1, ""mps_l"": 8.7616, ""hsf_k"": 1, ""hsf_na"": 13, ""hsf_nb"": 13, ""hsf_l"": 27.018, ""sup"": 26, ""chi_bits0"": 1, ""mps_l0"": 8.7616, ""hsf_keff"": 1, ""hsf_l0"": 27.018, ""sparse_l"": 32.6865, ""sv_l"": 32.6865, ""feat_secs"": 0.00665, ""feat_secs_frame"": 0.000372, ""feat_secs_hsf"": 0.006215}"
brick,"brick:n=26,D=4,nn=1",1,"{""n"": 26.0, ""D"": 4.0, ""nn"": 1.0}",planx,ok,0.007557,0.0119,3375104,-6.707524194358646e-06,0,-6.707524194358646e-06,0.0,engine=mps aborted=[] plan_secs=0.007063,"{""n"": 26, ""gates"": 180, ""g2"": 50, ""g3"": 0, ""depth2"": 4, ""t_count"": 0, ""rotations"": 390, ""d"": 26, ""dense_l"": 34.3083, ""redundant"": 364, ""obs_zero"": false, ""frame_l"": 60.6073, ""chi_bits"": 2, ""mps_l"": 11.3891, ""hsf_k"": 2, ""hsf_na"": 13, ""hsf_nb"": 13, ""hsf_l"": 28.0314, ""sup"": 26, ""chi_bits0"": 2, ""mps_l0"": 11.3891, ""hsf_keff"": 2, ""hsf_l0"": 28.0314, ""sparse_l"": 33.4919, ""sv_l"": 33.4919, ""feat_secs"": 0.0069, ""feat_secs_frame"": 0.000611, ""feat_secs_hsf"": 0.006177}"
brick,"brick:n=26,D=4,nn=1",1,"{""n"": 26.0, ""D"": 4.0, ""nn"": 1.0}",planp,ok,0.007641,0.0143,3391488,-6.707524194358646e-06,0,-6.707524194358646e-06,0.0,engine=mps aborted=[] plan_secs=0.007156,"{""n"": 26, ""gates"": 180, ""g2"": 50, ""g3"": 0, ""depth2"": 4, ""t_count"": 0, ""rotations"": 390, ""d"": 26, ""dense_l"": 34.3083, ""redundant"": 364, ""obs_zero"": false, ""frame_l"": 60.6073, ""chi_bits"": 2, ""mps_l"": 11.3891, ""hsf_k"": 2, ""hsf_na"": 13, ""hsf_nb"": 13, ""hsf_l"": 28.0314, ""sup"": 26, ""chi_bits0"": 2, ""mps_l0"": 11.3891, ""hsf_keff"": 2, ""hsf_l0"": 28.0314, ""sparse_l"": 33.4919, ""sv_l"": 33.4919, ""feat_secs"": 0.0069, ""feat_secs_frame"": 0.000611, ""feat_secs_hsf"": 0.006177}"
brick,"brick:n=26,D=4,nn=1",1,"{""n"": 26.0, ""D"": 4.0, ""nn"": 1.0}",plan,ok,0.007888,0.0136,3391488,-6.707524194358646e-06,0,-6.707524194358646e-06,0.0,engine=mps aborted=[] plan_secs=0.007422,"{""n"": 26, ""gates"": 180, ""g2"": 50, ""g3"": 0, ""depth2"": 4, ""t_count"": 0, ""rotations"": 390, ""d"": 26, ""dense_l"": 34.3083, ""redundant"": 364, ""obs_zero"": false, ""frame_l"": 60.6073, ""chi_bits"": 2, ""mps_l"": 11.3891, ""hsf_k"": 2, ""hsf_na"": 13, ""hsf_nb"": 13, ""hsf_l"": 28.0314, ""sup"": 26, ""chi_bits0"": 2, ""mps_l0"": 11.3891, ""hsf_keff"": 2, ""hsf_l0"": 28.0314, ""sparse_l"": 33.4919, ""sv_l"": 33.4919, ""feat_secs"": 0.0069, ""feat_secs_frame"": 0.000611, ""feat_secs_hsf"": 0.006177}"
brick,"brick:n=26,D=8,nn=1",1,"{""n"": 26.0, ""D"": 8.0, ""nn"": 1.0}",planx,ok,0.011628,0.0158,4472832,2.531500288420845e-05,0,2.531500288420845e-05,0.0,engine=mps aborted=[] plan_secs=0.008146,"{""n"": 26, ""gates"": 334, ""g2"": 100, ""g3"": 0, ""depth2"": 8, ""t_count"": 0, ""rotations"": 702, ""d"": 26, ""dense_l"": 35.2969, ""redundant"": 676, ""obs_zero"": false, ""frame_l"": 61.4553, ""chi_bits"": 4, ""mps_l"": 16.689, ""hsf_k"": 4, ""hsf_na"": 13, ""hsf_nb"": 13, ""hsf_l"": 30.0577, ""sup"": 26, ""chi_bits0"": 4, ""mps_l0"": 16.689, ""hsf_keff"": 4, ""hsf_l0"": 30.0577, ""sparse_l"": 34.3837, ""sv_l"": 34.3837, ""feat_secs"": 0.007505, ""feat_secs_frame"": 0.001088, ""feat_secs_hsf"": 0.006253}"
brick,"brick:n=26,D=8,nn=1",1,"{""n"": 26.0, ""D"": 8.0, ""nn"": 1.0}",planp,ok,0.011413,0.0184,4390912,2.531500288420845e-05,0,2.531500288420845e-05,0.0,engine=mps aborted=[] plan_secs=0.007834,"{""n"": 26, ""gates"": 334, ""g2"": 100, ""g3"": 0, ""depth2"": 8, ""t_count"": 0, ""rotations"": 702, ""d"": 26, ""dense_l"": 35.2969, ""redundant"": 676, ""obs_zero"": false, ""frame_l"": 61.4553, ""chi_bits"": 4, ""mps_l"": 16.689, ""hsf_k"": 4, ""hsf_na"": 13, ""hsf_nb"": 13, ""hsf_l"": 30.0577, ""sup"": 26, ""chi_bits0"": 4, ""mps_l0"": 16.689, ""hsf_keff"": 4, ""hsf_l0"": 30.0577, ""sparse_l"": 34.3837, ""sv_l"": 34.3837, ""feat_secs"": 0.007505, ""feat_secs_frame"": 0.001088, ""feat_secs_hsf"": 0.006253}"
brick,"brick:n=26,D=8,nn=1",1,"{""n"": 26.0, ""D"": 8.0, ""nn"": 1.0}",plan,ok,0.012144,0.0184,4407296,2.531500288420845e-05,0,2.531500288420845e-05,0.0,engine=mps aborted=[] plan_secs=0.008162,"{""n"": 26, ""gates"": 334, ""g2"": 100, ""g3"": 0, ""depth2"": 8, ""t_count"": 0, ""rotations"": 702, ""d"": 26, ""dense_l"": 35.2969, ""redundant"": 676, ""obs_zero"": false, ""frame_l"": 61.4553, ""chi_bits"": 4, ""mps_l"": 16.689, ""hsf_k"": 4, ""hsf_na"": 13, ""hsf_nb"": 13, ""hsf_l"": 30.0577, ""sup"": 26, ""chi_bits0"": 4, ""mps_l0"": 16.689, ""hsf_keff"": 4, ""hsf_l0"": 30.0577, ""sparse_l"": 34.3837, ""sv_l"": 34.3837, ""feat_secs"": 0.007505, ""feat_secs_frame"": 0.001088, ""feat_secs_hsf"": 0.006253}"
brick,"brick:n=26,D=16,nn=1",1,"{""n"": 26.0, ""D"": 16.0, ""nn"": 1.0}",planx,timeout,,10.0104,1115029504,,,,,timeout,"{""n"": 26, ""gates"": 642, ""g2"": 200, ""g3"": 0, ""depth2"": 16, ""t_count"": 0, ""rotations"": 1326, ""d"": 26, ""dense_l"": 36.2912, ""redundant"": 1300, ""obs_zero"": false, ""frame_l"": 62.3729, ""chi_bits"": 8, ""mps_l"": 27.7395, ""hsf_k"": 8, ""hsf_na"": 13, ""hsf_nb"": 13, ""hsf_l"": 34.1089, ""sup"": 26, ""chi_bits0"": 8, ""mps_l0"": 27.7395, ""hsf_keff"": 8, ""hsf_l0"": 34.1089, ""sparse_l"": 35.3264, ""sv_l"": 35.3264, ""feat_secs"": 0.008323, ""feat_secs_frame"": 0.001776, ""feat_secs_hsf"": 0.00632}"
brick,"brick:n=26,D=16,nn=1",1,"{""n"": 26.0, ""D"": 16.0, ""nn"": 1.0}",planp,timeout,,10.0109,1115029504,,,,,timeout,"{""n"": 26, ""gates"": 642, ""g2"": 200, ""g3"": 0, ""depth2"": 16, ""t_count"": 0, ""rotations"": 1326, ""d"": 26, ""dense_l"": 36.2912, ""redundant"": 1300, ""obs_zero"": false, ""frame_l"": 62.3729, ""chi_bits"": 8, ""mps_l"": 27.7395, ""hsf_k"": 8, ""hsf_na"": 13, ""hsf_nb"": 13, ""hsf_l"": 34.1089, ""sup"": 26, ""chi_bits0"": 8, ""mps_l0"": 27.7395, ""hsf_keff"": 8, ""hsf_l0"": 34.1089, ""sparse_l"": 35.3264, ""sv_l"": 35.3264, ""feat_secs"": 0.008323, ""feat_secs_frame"": 0.001776, ""feat_secs_hsf"": 0.00632}"
brick,"brick:n=26,D=16,nn=1",1,"{""n"": 26.0, ""D"": 16.0, ""nn"": 1.0}",plan,timeout,,10.0096,1115029504,,,,,timeout,"{""n"": 26, ""gates"": 642, ""g2"": 200, ""g3"": 0, ""depth2"": 16, ""t_count"": 0, ""rotations"": 1326, ""d"": 26, ""dense_l"": 36.2912, ""redundant"": 1300, ""obs_zero"": false, ""frame_l"": 62.3729, ""chi_bits"": 8, ""mps_l"": 27.7395, ""hsf_k"": 8, ""hsf_na"": 13, ""hsf_nb"": 13, ""hsf_l"": 34.1089, ""sup"": 26, ""chi_bits0"": 8, ""mps_l0"": 27.7395, ""hsf_keff"": 8, ""hsf_l0"": 34.1089, ""sparse_l"": 35.3264, ""sv_l"": 35.3264, ""feat_secs"": 0.008323, ""feat_secs_frame"": 0.001776, ""feat_secs_hsf"": 0.00632}"
brick,"brick:n=16,D=2,nn=0",1,"{""n"": 16.0, ""D"": 2.0, ""nn"": 0.0}",planx,ok,0.002111,0.0069,3784704,-0.001213652750229637,0,-0.001213652750229637,0.0,engine=mps aborted=[] plan_secs=0.000475,"{""n"": 16, ""gates"": 64, ""g2"": 16, ""g3"": 0, ""depth2"": 2, ""t_count"": 0, ""rotations"": 144, ""d"": 16, ""dense_l"": 22.6582, ""redundant"": 128, ""obs_zero"": false, ""frame_l"": 39.1699, ""chi_bits"": 4, ""mps_l"": 19.0971, ""hsf_k"": 0, ""hsf_na"": 8, ""hsf_nb"": 8, ""hsf_l"": 16.3219, ""sup"": 16, ""chi_bits0"": 4, ""mps_l0"": 19.0971, ""hsf_keff"": 0, ""hsf_l0"": 16.3219, ""sparse_l"": 22.0, ""sv_l"": 22.0, ""feat_secs"": 0.001561, ""feat_secs_frame"": 0.000241, ""feat_secs_hsf"": 0.001267}"
brick,"brick:n=16,D=2,nn=0",1,"{""n"": 16.0, ""D"": 2.0, ""nn"": 0.0}",planp,ok,0.002199,0.0066,3915776,-0.001213652750229637,0,-0.001213652750229637,0.0,engine=mps aborted=[] plan_secs=0.000463,"{""n"": 16, ""gates"": 64, ""g2"": 16, ""g3"": 0, ""depth2"": 2, ""t_count"": 0, ""rotations"": 144, ""d"": 16, ""dense_l"": 22.6582, ""redundant"": 128, ""obs_zero"": false, ""frame_l"": 39.1699, ""chi_bits"": 4, ""mps_l"": 19.0971, ""hsf_k"": 0, ""hsf_na"": 8, ""hsf_nb"": 8, ""hsf_l"": 16.3219, ""sup"": 16, ""chi_bits0"": 4, ""mps_l0"": 19.0971, ""hsf_keff"": 0, ""hsf_l0"": 16.3219, ""sparse_l"": 22.0, ""sv_l"": 22.0, ""feat_secs"": 0.001561, ""feat_secs_frame"": 0.000241, ""feat_secs_hsf"": 0.001267}"
brick,"brick:n=16,D=2,nn=0",1,"{""n"": 16.0, ""D"": 2.0, ""nn"": 0.0}",plan,ok,0.002249,0.0073,3817472,-0.001213652750229637,0,-0.001213652750229637,0.0,engine=mps aborted=[] plan_secs=0.000458,"{""n"": 16, ""gates"": 64, ""g2"": 16, ""g3"": 0, ""depth2"": 2, ""t_count"": 0, ""rotations"": 144, ""d"": 16, ""dense_l"": 22.6582, ""redundant"": 128, ""obs_zero"": false, ""frame_l"": 39.1699, ""chi_bits"": 4, ""mps_l"": 19.0971, ""hsf_k"": 0, ""hsf_na"": 8, ""hsf_nb"": 8, ""hsf_l"": 16.3219, ""sup"": 16, ""chi_bits0"": 4, ""mps_l0"": 19.0971, ""hsf_keff"": 0, ""hsf_l0"": 16.3219, ""sparse_l"": 22.0, ""sv_l"": 22.0, ""feat_secs"": 0.001561, ""feat_secs_frame"": 0.000241, ""feat_secs_hsf"": 0.001267}"
brick,"brick:n=16,D=4,nn=0",1,"{""n"": 16.0, ""D"": 4.0, ""nn"": 0.0}",planx,ok,0.005952,0.0104,4390912,0.007074156299159524,0,0.007074156299159524,0.0,engine=sv aborted=[] plan_secs=0.000879,"{""n"": 16, ""gates"": 112, ""g2"": 32, ""g3"": 0, ""depth2"": 4, ""t_count"": 0, ""rotations"": 240, ""d"": 16, ""dense_l"": 23.6221, ""redundant"": 224, ""obs_zero"": false, ""frame_l"": 39.9069, ""chi_bits"": 8, ""mps_l"": 29.7929, ""hsf_k"": 6, ""hsf_na"": 8, ""hsf_nb"": 8, ""hsf_l"": 22.5236, ""sup"": 16, ""chi_bits0"": 8, ""mps_l0"": 29.7929, ""hsf_keff"": 6, ""hsf_l0"": 22.5236, ""sparse_l"": 22.8074, ""sv_l"": 22.8074, ""feat_secs"": 0.002535, ""feat_secs_frame"": 0.000352, ""feat_secs_hsf"": 0.00212}"
brick,"brick:n=16,D=4,nn=0",1,"{""n"": 16.0, ""D"": 4.0, ""nn"": 0.0}",planp,ok,0.006075,0.0106,4341760,0.007074156299159524,0,0.007074156299159524,0.0,engine=sv aborted=[] plan_secs=0.000902,"{""n"": 16, ""gates"": 112, ""g2"": 32, ""g3"": 0, ""depth2"": 4, ""t_count"": 0, ""rotations"": 240, ""d"": 16, ""dense_l"": 23.6221, ""redundant"": 224, ""obs_zero"": false, ""frame_l"": 39.9069, ""chi_bits"": 8, ""mps_l"": 29.7929, ""hsf_k"": 6, ""hsf_na"": 8, ""hsf_nb"": 8, ""hsf_l"": 22.5236, ""sup"": 16, ""chi_bits0"": 8, ""mps_l0"": 29.7929, ""hsf_keff"": 6, ""hsf_l0"": 22.5236, ""sparse_l"": 22.8074, ""sv_l"": 22.8074, ""feat_secs"": 0.002535, ""feat_secs_frame"": 0.000352, ""feat_secs_hsf"": 0.00212}"
brick,"brick:n=16,D=4,nn=0",1,"{""n"": 16.0, ""D"": 4.0, ""nn"": 0.0}",plan,ok,0.005657,0.0100,4341760,0.007074156299159524,0,0.007074156299159524,0.0,engine=sv aborted=[] plan_secs=0.000880,"{""n"": 16, ""gates"": 112, ""g2"": 32, ""g3"": 0, ""depth2"": 4, ""t_count"": 0, ""rotations"": 240, ""d"": 16, ""dense_l"": 23.6221, ""redundant"": 224, ""obs_zero"": false, ""frame_l"": 39.9069, ""chi_bits"": 8, ""mps_l"": 29.7929, ""hsf_k"": 6, ""hsf_na"": 8, ""hsf_nb"": 8, ""hsf_l"": 22.5236, ""sup"": 16, ""chi_bits0"": 8, ""mps_l0"": 29.7929, ""hsf_keff"": 6, ""hsf_l0"": 22.5236, ""sparse_l"": 22.8074, ""sv_l"": 22.8074, ""feat_secs"": 0.002535, ""feat_secs_frame"": 0.000352, ""feat_secs_hsf"": 0.00212}"
brick,"brick:n=24,D=1,nn=0",1,"{""n"": 24.0, ""D"": 1.0, ""nn"": 0.0}",planx,ok,0.237678,0.2440,271712256,4.558468162859406e-12,0,4.558468162859406e-12,0.0,engine=hsf aborted=[] plan_secs=0.003320,"{""n"": 24, ""gates"": 60, ""g2"": 12, ""g3"": 0, ""depth2"": 1, ""t_count"": 0, ""rotations"": 144, ""d"": 24, ""dense_l"": 30.2668, ""redundant"": 120, ""obs_zero"": false, ""frame_l"": 55.1699, ""chi_bits"": 8, ""mps_l"": 27.252, ""hsf_k"": 0, ""hsf_na"": 12, ""hsf_nb"": 12, ""hsf_l"": 24.021, ""sup"": 24, ""chi_bits0"": 8, ""mps_l0"": 27.252, ""hsf_keff"": 0, ""hsf_l0"": 24.021, ""sparse_l"": 29.9069, ""sv_l"": 29.9069, ""feat_secs"": 0.002978, ""feat_secs_frame"": 0.000226, ""feat_secs_hsf"": 0.002703}"
brick,"brick:n=24,D=1,nn=0",1,"{""n"": 24.0, ""D"": 1.0, ""nn"": 0.0}",planp,ok,0.243494,0.2499,273465344,4.558468162859406e-12,0,4.558468162859406e-12,0.0,engine=hsf aborted=[] plan_secs=0.008502,"{""n"": 24, ""gates"": 60, ""g2"": 12, ""g3"": 0, ""depth2"": 1, ""t_count"": 0, ""rotations"": 144, ""d"": 24, ""dense_l"": 30.2668, ""redundant"": 120, ""obs_zero"": false, ""frame_l"": 55.1699, ""chi_bits"": 8, ""mps_l"": 27.252, ""hsf_k"": 0, ""hsf_na"": 12, ""hsf_nb"": 12, ""hsf_l"": 24.021, ""sup"": 24, ""chi_bits0"": 8, ""mps_l0"": 27.252, ""hsf_keff"": 0, ""hsf_l0"": 24.021, ""sparse_l"": 29.9069, ""sv_l"": 29.9069, ""feat_secs"": 0.002978, ""feat_secs_frame"": 0.000226, ""feat_secs_hsf"": 0.002703}"
brick,"brick:n=24,D=1,nn=0",1,"{""n"": 24.0, ""D"": 1.0, ""nn"": 0.0}",plan,ok,0.238276,0.2439,271695872,4.558468162859406e-12,0,4.558468162859406e-12,0.0,engine=hsf aborted=[] plan_secs=0.003365,"{""n"": 24, ""gates"": 60, ""g2"": 12, ""g3"": 0, ""depth2"": 1, ""t_count"": 0, ""rotations"": 144, ""d"": 24, ""dense_l"": 30.2668, ""redundant"": 120, ""obs_zero"": false, ""frame_l"": 55.1699, ""chi_bits"": 8, ""mps_l"": 27.252, ""hsf_k"": 0, ""hsf_na"": 12, ""hsf_nb"": 12, ""hsf_l"": 24.021, ""sup"": 24, ""chi_bits0"": 8, ""mps_l0"": 27.252, ""hsf_keff"": 0, ""hsf_l0"": 24.021, ""sparse_l"": 29.9069, ""sv_l"": 29.9069, ""feat_secs"": 0.002978, ""feat_secs_frame"": 0.000226, ""feat_secs_hsf"": 0.002703}"
brick,"brick:n=24,D=3,nn=0",1,"{""n"": 24.0, ""D"": 3.0, ""nn"": 0.0}",planx,ok,0.322725,0.3293,281722880,-9.240065419087481e-05,0,-9.240065419087481e-05,0.0,engine=hsf aborted=[] plan_secs=0.007702,"{""n"": 24, ""gates"": 132, ""g2"": 36, ""g3"": 0, ""depth2"": 3, ""t_count"": 0, ""rotations"": 288, ""d"": 24, ""dense_l"": 31.7879, ""redundant"": 264, ""obs_zero"": false, ""frame_l"": 56.1699, ""chi_bits"": 12, ""mps_l"": 40.8285, ""hsf_k"": 5, ""hsf_na"": 11, ""hsf_nb"": 13, ""hsf_l"": 29.0901, ""sup"": 24, ""chi_bits0"": 12, ""mps_l0"": 40.8285, ""hsf_keff"": 5, ""hsf_l0"": 29.0901, ""sparse_l"": 31.0444, ""sv_l"": 31.0444, ""feat_secs"": 0.006356, ""feat_secs_frame"": 0.000472, ""feat_secs_hsf"": 0.005809}"
brick,"brick:n=24,D=3,nn=0",1,"{""n"": 24.0, ""D"": 3.0, ""nn"": 0.0}",planp,ok,0.356136,0.3612,284065792,-9.240065419087481e-05,0,-9.240065419087481e-05,0.0,engine=hsf aborted=[] plan_secs=0.046957,"{""n"": 24, ""gates"": 132, ""g2"": 36, ""g3"": 0, ""depth2"": 3, ""t_count"": 0, ""rotations"": 288, ""d"": 24, ""dense_l"": 31.7879, ""redundant"": 264, ""obs_zero"": false, ""frame_l"": 56.1699, ""chi_bits"": 12, ""mps_l"": 40.8285, ""hsf_k"": 5, ""hsf_na"": 11, ""hsf_nb"": 13, ""hsf_l"": 29.0901, ""sup"": 24, ""chi_bits0"": 12, ""mps_l0"": 40.8285, ""hsf_keff"": 5, ""hsf_l0"": 29.0901, ""sparse_l"": 31.0444, ""sv_l"": 31.0444, ""feat_secs"": 0.006356, ""feat_secs_frame"": 0.000472, ""feat_secs_hsf"": 0.005809}"
brick,"brick:n=24,D=3,nn=0",1,"{""n"": 24.0, ""D"": 3.0, ""nn"": 0.0}",plan,ok,0.318262,0.3231,281722880,-9.240065419087481e-05,0,-9.240065419087481e-05,0.0,engine=hsf aborted=[] plan_secs=0.007535,"{""n"": 24, ""gates"": 132, ""g2"": 36, ""g3"": 0, ""depth2"": 3, ""t_count"": 0, ""rotations"": 288, ""d"": 24, ""dense_l"": 31.7879, ""redundant"": 264, ""obs_zero"": false, ""frame_l"": 56.1699, ""chi_bits"": 12, ""mps_l"": 40.8285, ""hsf_k"": 5, ""hsf_na"": 11, ""hsf_nb"": 13, ""hsf_l"": 29.0901, ""sup"": 24, ""chi_bits0"": 12, ""mps_l0"": 40.8285, ""hsf_keff"": 5, ""hsf_l0"": 29.0901, ""sparse_l"": 31.0444, ""sv_l"": 31.0444, ""feat_secs"": 0.006356, ""feat_secs_frame"": 0.000472, ""feat_secs_hsf"": 0.005809}"
brick,"brick:n=24,D=6,nn=0",1,"{""n"": 24.0, ""D"": 6.0, ""nn"": 0.0}",planx,ok,2.062329,2.0680,273104896,-0.0006824211068258312,0,-0.0006824211068258312,0.0,engine=sv aborted=[] plan_secs=0.015709,"{""n"": 24, ""gates"": 240, ""g2"": 72, ""g3"": 0, ""depth2"": 6, ""t_count"": 0, ""rotations"": 504, ""d"": 24, ""dense_l"": 32.7715, ""redundant"": 480, ""obs_zero"": false, ""frame_l"": 56.9773, ""chi_bits"": 12, ""mps_l"": 44.3077, ""hsf_k"": 16, ""hsf_na"": 12, ""hsf_nb"": 12, ""hsf_l"": 40.0821, ""sup"": 24, ""chi_bits0"": 12, ""mps_l0"": 44.3077, ""hsf_keff"": 16, ""hsf_l0"": 40.0821, ""sparse_l"": 31.9069, ""sv_l"": 31.9069, ""feat_secs"": 0.013616, ""feat_secs_frame"": 0.000709, ""feat_secs_hsf"": 0.012788}"
brick,"brick:n=24,D=6,nn=0",1,"{""n"": 24.0, ""D"": 6.0, ""nn"": 0.0}",planp,ok,4.015721,4.0209,300580864,-0.0006824211068258312,0,-0.0006824211068258312,0.0,"engine=sv aborted=[""mps""] plan_secs=0.145045","{""n"": 24, ""gates"": 240, ""g2"": 72, ""g3"": 0, ""depth2"": 6, ""t_count"": 0, ""rotations"": 504, ""d"": 24, ""dense_l"": 32.7715, ""redundant"": 480, ""obs_zero"": false, ""frame_l"": 56.9773, ""chi_bits"": 12, ""mps_l"": 44.3077, ""hsf_k"": 16, ""hsf_na"": 12, ""hsf_nb"": 12, ""hsf_l"": 40.0821, ""sup"": 24, ""chi_bits0"": 12, ""mps_l0"": 44.3077, ""hsf_keff"": 16, ""hsf_l0"": 40.0821, ""sparse_l"": 31.9069, ""sv_l"": 31.9069, ""feat_secs"": 0.013616, ""feat_secs_frame"": 0.000709, ""feat_secs_hsf"": 0.012788}"
brick,"brick:n=24,D=6,nn=0",1,"{""n"": 24.0, ""D"": 6.0, ""nn"": 0.0}",plan,ok,2.060476,2.0654,273235968,-0.0006824211068258312,0,-0.0006824211068258312,0.0,engine=sv aborted=[] plan_secs=0.015585,"{""n"": 24, ""gates"": 240, ""g2"": 72, ""g3"": 0, ""depth2"": 6, ""t_count"": 0, ""rotations"": 504, ""d"": 24, ""dense_l"": 32.7715, ""redundant"": 480, ""obs_zero"": false, ""frame_l"": 56.9773, ""chi_bits"": 12, ""mps_l"": 44.3077, ""hsf_k"": 16, ""hsf_na"": 12, ""hsf_nb"": 12, ""hsf_l"": 40.0821, ""sup"": 24, ""chi_bits0"": 12, ""mps_l0"": 44.3077, ""hsf_keff"": 16, ""hsf_l0"": 40.0821, ""sparse_l"": 31.9069, ""sv_l"": 31.9069, ""feat_secs"": 0.013616, ""feat_secs_frame"": 0.000709, ""feat_secs_hsf"": 0.012788}"
ct,"ct:n=24,L=1,t=2,nn=1",1,"{""n"": 24.0, ""L"": 1.0, ""t"": 2.0, ""nn"": 1.0}",planx,ok,0.000142,0.0062,2195456,0.0,0,0.0,0.0,engine=cstate aborted=[] plan_secs=0.000105,"{""n"": 24, ""gates"": 40, ""g2"": 12, ""g3"": 0, ""depth2"": 1, ""t_count"": 2, ""rotations"": 2, ""d"": 1, ""dense_l"": 1.585, ""redundant"": 1, ""obs_zero"": true, ""frame_l"": 5.3219, ""chi_bits"": 1, ""mps_l"": 6.9542, ""hsf_k"": 0, ""hsf_na"": 12, ""hsf_nb"": 12, ""hsf_l"": 24.014, ""sup"": 13, ""chi_bits0"": 1, ""mps_l0"": 6.9542, ""hsf_keff"": 0, ""hsf_l0"": 24.014, ""sparse_l"": 18.3219, ""sv_l"": 29.3219, ""feat_secs"": 0.002294, ""feat_secs_frame"": 7.4e-05, ""feat_secs_hsf"": 0.002188}"
ct,"ct:n=24,L=1,t=2,nn=1",1,"{""n"": 24.0, ""L"": 1.0, ""t"": 2.0, ""nn"": 1.0}",planp,ok,0.000138,0.0040,2195456,0.0,0,0.0,0.0,engine=cstate aborted=[] plan_secs=0.000106,"{""n"": 24, ""gates"": 40, ""g2"": 12, ""g3"": 0, ""depth2"": 1, ""t_count"": 2, ""rotations"": 2, ""d"": 1, ""dense_l"": 1.585, ""redundant"": 1, ""obs_zero"": true, ""frame_l"": 5.3219, ""chi_bits"": 1, ""mps_l"": 6.9542, ""hsf_k"": 0, ""hsf_na"": 12, ""hsf_nb"": 12, ""hsf_l"": 24.014, ""sup"": 13, ""chi_bits0"": 1, ""mps_l0"": 6.9542, ""hsf_keff"": 0, ""hsf_l0"": 24.014, ""sparse_l"": 18.3219, ""sv_l"": 29.3219, ""feat_secs"": 0.002294, ""feat_secs_frame"": 7.4e-05, ""feat_secs_hsf"": 0.002188}"
ct,"ct:n=24,L=1,t=2,nn=1",1,"{""n"": 24.0, ""L"": 1.0, ""t"": 2.0, ""nn"": 1.0}",plan,ok,0.000106,0.0037,2162688,0.0,0,0.0,0.0,engine=zero aborted=[] plan_secs=0.000100,"{""n"": 24, ""gates"": 40, ""g2"": 12, ""g3"": 0, ""depth2"": 1, ""t_count"": 2, ""rotations"": 2, ""d"": 1, ""dense_l"": 1.585, ""redundant"": 1, ""obs_zero"": true, ""frame_l"": 5.3219, ""chi_bits"": 1, ""mps_l"": 6.9542, ""hsf_k"": 0, ""hsf_na"": 12, ""hsf_nb"": 12, ""hsf_l"": 24.014, ""sup"": 13, ""chi_bits0"": 1, ""mps_l0"": 6.9542, ""hsf_keff"": 0, ""hsf_l0"": 24.014, ""sparse_l"": 18.3219, ""sv_l"": 29.3219, ""feat_secs"": 0.002294, ""feat_secs_frame"": 7.4e-05, ""feat_secs_hsf"": 0.002188}"
ct,"ct:n=24,L=1,t=8,nn=1",1,"{""n"": 24.0, ""L"": 1.0, ""t"": 8.0, ""nn"": 1.0}",planx,ok,0.000151,0.0067,2195456,0.0,0,0.0,0.0,engine=cstate aborted=[] plan_secs=0.000115,"{""n"": 24, ""gates"": 52, ""g2"": 12, ""g3"": 0, ""depth2"": 1, ""t_count"": 8, ""rotations"": 8, ""d"": 4, ""dense_l"": 5.858, ""redundant"": 4, ""obs_zero"": true, ""frame_l"": 5.7004, ""chi_bits"": 1, ""mps_l"": 7.0875, ""hsf_k"": 0, ""hsf_na"": 12, ""hsf_nb"": 12, ""hsf_l"": 24.0182, ""sup"": 17, ""chi_bits0"": 1, ""mps_l0"": 7.0875, ""hsf_keff"": 0, ""hsf_l0"": 24.0182, ""sparse_l"": 22.7004, ""sv_l"": 29.7004, ""feat_secs"": 0.002334, ""feat_secs_frame"": 6.9e-05, ""feat_secs_hsf"": 0.002222}"
ct,"ct:n=24,L=1,t=8,nn=1",1,"{""n"": 24.0, ""L"": 1.0, ""t"": 8.0, ""nn"": 1.0}",planp,ok,0.000149,0.0061,2179072,0.0,0,0.0,0.0,engine=cstate aborted=[] plan_secs=0.000113,"{""n"": 24, ""gates"": 52, ""g2"": 12, ""g3"": 0, ""depth2"": 1, ""t_count"": 8, ""rotations"": 8, ""d"": 4, ""dense_l"": 5.858, ""redundant"": 4, ""obs_zero"": true, ""frame_l"": 5.7004, ""chi_bits"": 1, ""mps_l"": 7.0875, ""hsf_k"": 0, ""hsf_na"": 12, ""hsf_nb"": 12, ""hsf_l"": 24.0182, ""sup"": 17, ""chi_bits0"": 1, ""mps_l0"": 7.0875, ""hsf_keff"": 0, ""hsf_l0"": 24.0182, ""sparse_l"": 22.7004, ""sv_l"": 29.7004, ""feat_secs"": 0.002334, ""feat_secs_frame"": 6.9e-05, ""feat_secs_hsf"": 0.002222}"
ct,"ct:n=24,L=1,t=8,nn=1",1,"{""n"": 24.0, ""L"": 1.0, ""t"": 8.0, ""nn"": 1.0}",plan,ok,0.000111,0.0067,2146304,0.0,0,0.0,0.0,engine=zero aborted=[] plan_secs=0.000106,"{""n"": 24, ""gates"": 52, ""g2"": 12, ""g3"": 0, ""depth2"": 1, ""t_count"": 8, ""rotations"": 8, ""d"": 4, ""dense_l"": 5.858, ""redundant"": 4, ""obs_zero"": true, ""frame_l"": 5.7004, ""chi_bits"": 1, ""mps_l"": 7.0875, ""hsf_k"": 0, ""hsf_na"": 12, ""hsf_nb"": 12, ""hsf_l"": 24.0182, ""sup"": 17, ""chi_bits0"": 1, ""mps_l0"": 7.0875, ""hsf_keff"": 0, ""hsf_l0"": 24.0182, ""sparse_l"": 22.7004, ""sv_l"": 29.7004, ""feat_secs"": 0.002334, ""feat_secs_frame"": 6.9e-05, ""feat_secs_hsf"": 0.002222}"
ct,"ct:n=24,L=1,t=16,nn=1",1,"{""n"": 24.0, ""L"": 1.0, ""t"": 16.0, ""nn"": 1.0}",planx,ok,0.000241,0.0064,2195456,0.0,0,0.0,0.0,engine=cstate aborted=[] plan_secs=0.000162,"{""n"": 24, ""gates"": 64, ""g2"": 12, ""g3"": 0, ""depth2"": 1, ""t_count"": 16, ""rotations"": 16, ""d"": 9, ""dense_l"": 10.6493, ""redundant"": 7, ""obs_zero"": true, ""frame_l"": 6.0, ""chi_bits"": 1, ""mps_l"": 7.2095, ""hsf_k"": 0, ""hsf_na"": 12, ""hsf_nb"": 12, ""hsf_l"": 24.0224, ""sup"": 20, ""chi_bits0"": 1, ""mps_l0"": 7.2095, ""hsf_keff"": 0, ""hsf_l0"": 24.0224, ""sparse_l"": 26.0, ""sv_l"": 30.0, ""feat_secs"": 0.002417, ""feat_secs_frame"": 8.1e-05, ""feat_secs_hsf"": 0.002297}"
ct,"ct:n=24,L=1,t=16,nn=1",1,"{""n"": 24.0, ""L"": 1.0, ""t"": 16.0, ""nn"": 1.0}",planp,ok,0.000184,0.0049,2195456,0.0,0,0.0,0.0,engine=cstate aborted=[] plan_secs=0.000135,"{""n"": 24, ""gates"": 64, ""g2"": 12, ""g3"": 0, ""depth2"": 1, ""t_count"": 16, ""rotations"": 16, ""d"": 9, ""dense_l"": 10.6493, ""redundant"": 7, ""obs_zero"": true, ""frame_l"": 6.0, ""chi_bits"": 1, ""mps_l"": 7.2095, ""hsf_k"": 0, ""hsf_na"": 12, ""hsf_nb"": 12, ""hsf_l"": 24.0224, ""sup"": 20, ""chi_bits0"": 1, ""mps_l0"": 7.2095, ""hsf_keff"": 0, ""hsf_l0"": 24.0224, ""sparse_l"": 26.0, ""sv_l"": 30.0, ""feat_secs"": 0.002417, ""feat_secs_frame"": 8.1e-05, ""feat_secs_hsf"": 0.002297}"
ct,"ct:n=24,L=1,t=16,nn=1",1,"{""n"": 24.0, ""L"": 1.0, ""t"": 16.0, ""nn"": 1.0}",plan,ok,0.000135,0.0038,2179072,0.0,0,0.0,0.0,engine=zero aborted=[] plan_secs=0.000129,"{""n"": 24, ""gates"": 64, ""g2"": 12, ""g3"": 0, ""depth2"": 1, ""t_count"": 16, ""rotations"": 16, ""d"": 9, ""dense_l"": 10.6493, ""redundant"": 7, ""obs_zero"": true, ""frame_l"": 6.0, ""chi_bits"": 1, ""mps_l"": 7.2095, ""hsf_k"": 0, ""hsf_na"": 12, ""hsf_nb"": 12, ""hsf_l"": 24.0224, ""sup"": 20, ""chi_bits0"": 1, ""mps_l0"": 7.2095, ""hsf_keff"": 0, ""hsf_l0"": 24.0224, ""sparse_l"": 26.0, ""sv_l"": 30.0, ""feat_secs"": 0.002417, ""feat_secs_frame"": 8.1e-05, ""feat_secs_hsf"": 0.002297}"
ct,"ct:n=24,L=1,t=32,nn=1",1,"{""n"": 24.0, ""L"": 1.0, ""t"": 32.0, ""nn"": 1.0}",planx,ok,0.000277,0.0044,2359296,0.0,0,0.0,0.0,engine=cstate aborted=[] plan_secs=0.000159,"{""n"": 24, ""gates"": 98, ""g2"": 12, ""g3"": 0, ""depth2"": 1, ""t_count"": 32, ""rotations"": 32, ""d"": 13, ""dense_l"": 15.7125, ""redundant"": 19, ""obs_zero"": true, ""frame_l"": 6.6147, ""chi_bits"": 1, ""mps_l"": 7.5078, ""hsf_k"": 0, ""hsf_na"": 12, ""hsf_nb"": 12, ""hsf_l"": 24.0341, ""sup"": 20, ""chi_bits0"": 1, ""mps_l0"": 7.5078, ""hsf_keff"": 0, ""hsf_l0"": 24.0341, ""sparse_l"": 26.6147, ""sv_l"": 30.6147, ""feat_secs"": 0.002481, ""feat_secs_frame"": 0.000121, ""feat_secs_hsf"": 0.002308}"
ct,"ct:n=24,L=1,t=32,nn=1",1,"{""n"": 24.0, ""L"": 1.0, ""t"": 32.0, ""nn"": 1.0}",planp,ok,0.000264,0.0067,2326528,0.0,0,0.0,0.0,engine=cstate aborted=[] plan_secs=0.000148,"{""n"": 24, ""gates"": 98, ""g2"": 12, ""g3"": 0, ""depth2"": 1, ""t_count"": 32, ""rotations"": 32, ""d"": 13, ""dense_l"": 15.7125, ""redundant"": 19, ""obs_zero"": true, ""frame_l"": 6.6147, ""chi_bits"": 1, ""mps_l"": 7.5078, ""hsf_k"": 0, ""hsf_na"": 12, ""hsf_nb"": 12, ""hsf_l"": 24.0341, ""sup"": 20, ""chi_bits0"": 1, ""mps_l0"": 7.5078, ""hsf_keff"": 0, ""hsf_l0"": 24.0341, ""sparse_l"": 26.6147, ""sv_l"": 30.6147, ""feat_secs"": 0.002481, ""feat_secs_frame"": 0.000121, ""feat_secs_hsf"": 0.002308}"
ct,"ct:n=24,L=1,t=32,nn=1",1,"{""n"": 24.0, ""L"": 1.0, ""t"": 32.0, ""nn"": 1.0}",plan,ok,0.000169,0.0066,2195456,0.0,0,0.0,0.0,engine=zero aborted=[] plan_secs=0.000164,"{""n"": 24, ""gates"": 98, ""g2"": 12, ""g3"": 0, ""depth2"": 1, ""t_count"": 32, ""rotations"": 32, ""d"": 13, ""dense_l"": 15.7125, ""redundant"": 19, ""obs_zero"": true, ""frame_l"": 6.6147, ""chi_bits"": 1, ""mps_l"": 7.5078, ""hsf_k"": 0, ""hsf_na"": 12, ""hsf_nb"": 12, ""hsf_l"": 24.0341, ""sup"": 20, ""chi_bits0"": 1, ""mps_l0"": 7.5078, ""hsf_keff"": 0, ""hsf_l0"": 24.0341, ""sparse_l"": 26.6147, ""sv_l"": 30.6147, ""feat_secs"": 0.002481, ""feat_secs_frame"": 0.000121, ""feat_secs_hsf"": 0.002308}"
ct,"ct:n=24,L=1,t=64,nn=1",1,"{""n"": 24.0, ""L"": 1.0, ""t"": 64.0, ""nn"": 1.0}",planx,ok,0.002662,0.0077,2834432,3.210711004056322e-37,0,3.210711004056322e-37,0.0,engine=mps aborted=[] plan_secs=0.002527,"{""n"": 24, ""gates"": 163, ""g2"": 12, ""g3"": 0, ""depth2"": 1, ""t_count"": 64, ""rotations"": 64, ""d"": 20, ""dense_l"": 22.5646, ""redundant"": 44, ""obs_zero"": true, ""frame_l"": 7.3487, ""chi_bits"": 1, ""mps_l"": 7.9484, ""hsf_k"": 0, ""hsf_na"": 12, ""hsf_nb"": 12, ""hsf_l"": 24.0563, ""sup"": 22, ""chi_bits0"": 1, ""mps_l0"": 7.9484, ""hsf_keff"": 0, ""hsf_l0"": 24.0563, ""sparse_l"": 29.3487, ""sv_l"": 31.3487, ""feat_secs"": 0.002434, ""feat_secs_frame"": 0.000142, ""feat_secs_hsf"": 0.002211}"
ct,"ct:n=24,L=1,t=64,nn=1",1,"{""n"": 24.0, ""L"": 1.0, ""t"": 64.0, ""nn"": 1.0}",planp,ok,0.002755,0.0076,2883584,3.210711004056322e-37,0,3.210711004056322e-37,0.0,engine=mps aborted=[] plan_secs=0.002598,"{""n"": 24, ""gates"": 163, ""g2"": 12, ""g3"": 0, ""depth2"": 1, ""t_count"": 64, ""rotations"": 64, ""d"": 20, ""dense_l"": 22.5646, ""redundant"": 44, ""obs_zero"": true, ""frame_l"": 7.3487, ""chi_bits"": 1, ""mps_l"": 7.9484, ""hsf_k"": 0, ""hsf_na"": 12, ""hsf_nb"": 12, ""hsf_l"": 24.0563, ""sup"": 22, ""chi_bits0"": 1, ""mps_l0"": 7.9484, ""hsf_keff"": 0, ""hsf_l0"": 24.0563, ""sparse_l"": 29.3487, ""sv_l"": 31.3487, ""feat_secs"": 0.002434, ""feat_secs_frame"": 0.000142, ""feat_secs_hsf"": 0.002211}"
ct,"ct:n=24,L=1,t=64,nn=1",1,"{""n"": 24.0, ""L"": 1.0, ""t"": 64.0, ""nn"": 1.0}",plan,ok,0.002499,0.0070,2506752,0.0,0,3.210711004056322e-37,3.210711004056322e-37,engine=zero aborted=[] plan_secs=0.002494,"{""n"": 24, ""gates"": 163, ""g2"": 12, ""g3"": 0, ""depth2"": 1, ""t_count"": 64, ""rotations"": 64, ""d"": 20, ""dense_l"": 22.5646, ""redundant"": 44, ""obs_zero"": true, ""frame_l"": 7.3487, ""chi_bits"": 1, ""mps_l"": 7.9484, ""hsf_k"": 0, ""hsf_na"": 12, ""hsf_nb"": 12, ""hsf_l"": 24.0563, ""sup"": 22, ""chi_bits0"": 1, ""mps_l0"": 7.9484, ""hsf_keff"": 0, ""hsf_l0"": 24.0563, ""sparse_l"": 29.3487, ""sv_l"": 31.3487, ""feat_secs"": 0.002434, ""feat_secs_frame"": 0.000142, ""feat_secs_hsf"": 0.002211}"
ct,"ct:n=24,L=2,t=2,nn=1",1,"{""n"": 24.0, ""L"": 2.0, ""t"": 2.0, ""nn"": 1.0}",planx,ok,0.000243,0.0046,2211840,0.0,0,0.0,0.0,engine=cstate aborted=[] plan_secs=0.000195,"{""n"": 24, ""gates"": 69, ""g2"": 23, ""g3"": 0, ""depth2"": 2, ""t_count"": 2, ""rotations"": 2, ""d"": 2, ""dense_l"": 2.585, ""redundant"": 0, ""obs_zero"": true, ""frame_l"": 6.1085, ""chi_bits"": 1, ""mps_l"": 8.2095, ""hsf_k"": 1, ""hsf_na"": 12, ""hsf_nb"": 12, ""hsf_l"": 25.0241, ""sup"": 17, ""chi_bits0"": 1, ""mps_l0"": 8.2095, ""hsf_keff"": 1, ""hsf_l0"": 25.0241, ""sparse_l"": 23.1085, ""sv_l"": 30.1085, ""feat_secs"": 0.004702, ""feat_secs_frame"": 9.6e-05, ""feat_secs_hsf"": 0.004554}"
ct,"ct:n=24,L=2,t=2,nn=1",1,"{""n"": 24.0, ""L"": 2.0, ""t"": 2.0, ""nn"": 1.0}",planp,ok,0.000187,0.0041,2211840,0.0,0,0.0,0.0,engine=cstate aborted=[] plan_secs=0.000143,"{""n"": 24, ""gates"": 69, ""g2"": 23, ""g3"": 0, ""depth2"": 2, ""t_count"": 2, ""rotations"": 2, ""d"": 2, ""dense_l"": 2.585, ""redundant"": 0, ""obs_zero"": true, ""frame_l"": 6.1085, ""chi_bits"": 1, ""mps_l"": 8.2095, ""hsf_k"": 1, ""hsf_na"": 12, ""hsf_nb"": 12, ""hsf_l"": 25.0241, ""sup"": 17, ""chi_bits0"": 1, ""mps_l0"": 8.2095, ""hsf_keff"": 1, ""hsf_l0"": 25.0241, ""sparse_l"": 23.1085, ""sv_l"": 30.1085, ""feat_secs"": 0.004702, ""feat_secs_frame"": 9.6e-05, ""feat_secs_hsf"": 0.004554}"
ct,"ct:n=24,L=2,t=2,nn=1",1,"{""n"": 24.0, ""L"": 2.0, ""t"": 2.0, ""nn"": 1.0}",plan,ok,0.000201,0.0070,2195456,0.0,0,0.0,0.0,engine=zero aborted=[] plan_secs=0.000191,"{""n"": 24, ""gates"": 69, ""g2"": 23, ""g3"": 0, ""depth2"": 2, ""t_count"": 2, ""rotations"": 2, ""d"": 2, ""dense_l"": 2.585, ""redundant"": 0, ""obs_zero"": true, ""frame_l"": 6.1085, ""chi_bits"": 1, ""mps_l"": 8.2095, ""hsf_k"": 1, ""hsf_na"": 12, ""hsf_nb"": 12, ""hsf_l"": 25.0241, ""sup"": 17, ""chi_bits0"": 1, ""mps_l0"": 8.2095, ""hsf_keff"": 1, ""hsf_l0"": 25.0241, ""sparse_l"": 23.1085, ""sv_l"": 30.1085, ""feat_secs"": 0.004702, ""feat_secs_frame"": 9.6e-05, ""feat_secs_hsf"": 0.004554}"
ct,"ct:n=24,L=2,t=8,nn=1",1,"{""n"": 24.0, ""L"": 2.0, ""t"": 8.0, ""nn"": 1.0}",planx,ok,0.000287,0.0044,2211840,0.0,0,0.0,0.0,engine=cstate aborted=[] plan_secs=0.000236,"{""n"": 24, ""gates"": 83, ""g2"": 23, ""g3"": 0, ""depth2"": 2, ""t_count"": 8, ""rotations"": 8, ""d"": 3, ""dense_l"": 4.9542, ""redundant"": 5, ""obs_zero"": true, ""frame_l"": 6.375, ""chi_bits"": 1, ""mps_l"": 8.3576, ""hsf_k"": 1, ""hsf_na"": 12, ""hsf_nb"": 12, ""hsf_l"": 25.0289, ""sup"": 19, ""chi_bits0"": 1, ""mps_l0"": 8.3576, ""hsf_keff"": 1, ""hsf_l0"": 25.0289, ""sparse_l"": 25.375, ""sv_l"": 30.375, ""feat_secs"": 0.00495, ""feat_secs_frame"": 0.000121, ""feat_secs_hsf"": 0.004772}"
ct,"ct:n=24,L=2,t=8,nn=1",1,"{""n"": 24.0, ""L"": 2.0, ""t"": 8.0, ""nn"": 1.0}",planp,ok,0.000249,0.0046,2211840,0.0,0,0.0,0.0,engine=cstate aborted=[] plan_secs=0.000196,"{""n"": 24, ""gates"": 83, ""g2"": 23, ""g3"": 0, ""depth2"": 2, ""t_count"": 8, ""rotations"": 8, ""d"": 3, ""dense_l"": 4.9542, ""redundant"": 5, ""obs_zero"": true, ""frame_l"": 6.375, ""chi_bits"": 1, ""mps_l"": 8.3576, ""hsf_k"": 1, ""hsf_na"": 12, ""hsf_nb"": 12, ""hsf_l"": 25.0289, ""sup"": 19, ""chi_bits0"": 1, ""mps_l0"": 8.3576, ""hsf_keff"": 1, ""hsf_l0"": 25.0289, ""sparse_l"": 25.375, ""sv_l"": 30.375, ""feat_secs"": 0.00495, ""feat_secs_frame"": 0.000121, ""feat_secs_hsf"": 0.004772}"
ct,"ct:n=24,L=2,t=8,nn=1",1,"{""n"": 24.0, ""L"": 2.0, ""t"": 8.0, ""nn"": 1.0}",plan,ok,0.000205,0.0062,2162688,0.0,0,0.0,0.0,engine=zero aborted=[] plan_secs=0.000198,"{""n"": 24, ""gates"": 83, ""g2"": 23, ""g3"": 0, ""depth2"": 2, ""t_count"": 8, ""rotations"": 8, ""d"": 3, ""dense_l"": 4.9542, ""redundant"": 5, ""obs_zero"": true, ""frame_l"": 6.375, ""chi_bits"": 1, ""mps_l"": 8.3576, ""hsf_k"": 1, ""hsf_na"": 12, ""hsf_nb"": 12, ""hsf_l"": 25.0289, ""sup"": 19, ""chi_bits0"": 1, ""mps_l0"": 8.3576, ""hsf_keff"": 1, ""hsf_l0"": 25.0289, ""sparse_l"": 25.375, ""sv_l"": 30.375, ""feat_secs"": 0.00495, ""feat_secs_frame"": 0.000121, ""feat_secs_hsf"": 0.004772}"
ct,"ct:n=24,L=2,t=16,nn=1",1,"{""n"": 24.0, ""L"": 2.0, ""t"": 16.0, ""nn"": 1.0}",planx,ok,0.00021,0.0068,2179072,0.0,0,0.0,0.0,engine=cstate aborted=[] plan_secs=0.000155,"{""n"": 24, ""gates"": 98, ""g2"": 23, ""g3"": 0, ""depth2"": 2, ""t_count"": 16, ""rotations"": 16, ""d"": 6, ""dense_l"": 7.9887, ""redundant"": 10, ""obs_zero"": true, ""frame_l"": 6.6147, ""chi_bits"": 1, ""mps_l"": 8.5546, ""hsf_k"": 1, ""hsf_na"": 12, ""hsf_nb"": 12, ""hsf_l"": 25.0341, ""sup"": 22, ""chi_bits0"": 1, ""mps_l0"": 8.5546, ""hsf_keff"": 1, ""hsf_l0"": 25.0341, ""sparse_l"": 28.6147, ""sv_l"": 30.6147, ""feat_secs"": 0.004723, ""feat_secs_frame"": 0.000109, ""feat_secs_hsf"": 0.00456}"
ct,"ct:n=24,L=2,t=16,nn=1",1,"{""n"": 24.0, ""L"": 2.0, ""t"": 16.0, ""nn"": 1.0}",planp,ok,0.000229,0.0046,2211840,0.0,0,0.0,0.0,engine=cstate aborted=[] plan_secs=0.000175,"{""n"": 24, ""gates"": 98, ""g2"": 23, ""g3"": 0, ""depth2"": 2, ""t_count"": 16, ""rotations"": 16, ""d"": 6, ""dense_l"": 7.9887, ""redundant"": 10, ""obs_zero"": true, ""frame_l"": 6.6147, ""chi_bits"": 1, ""mps_l"": 8.5546, ""hsf_k"": 1, ""hsf_na"": 12, ""hsf_nb"": 12, ""hsf_l"": 25.0341, ""sup"": 22, ""chi_bits0"": 1, ""mps_l0"": 8.5546, ""hsf_keff"": 1, ""hsf_l0"": 25.0341, ""sparse_l"": 28.6147, ""sv_l"": 30.6147, ""feat_secs"": 0.004723, ""feat_secs_frame"": 0.000109, ""feat_secs_hsf"": 0.00456}"
ct,"ct:n=24,L=2,t=16,nn=1",1,"{""n"": 24.0, ""L"": 2.0, ""t"": 16.0, ""nn"": 1.0}",plan,ok,0.000175,0.0045,2195456,0.0,0,0.0,0.0,engine=zero aborted=[] plan_secs=0.000167,"{""n"": 24, ""gates"": 98, ""g2"": 23, ""g3"": 0, ""depth2"": 2, ""t_count"": 16, ""rotations"": 16, ""d"": 6, ""dense_l"": 7.9887, ""redundant"": 10, ""obs_zero"": true, ""frame_l"": 6.6147, ""chi_bits"": 1, ""mps_l"": 8.5546, ""hsf_k"": 1, ""hsf_na"": 12, ""hsf_nb"": 12, ""hsf_l"": 25.0341, ""sup"": 22, ""chi_bits0"": 1, ""mps_l0"": 8.5546, ""hsf_keff"": 1, ""hsf_l0"": 25.0341, ""sparse_l"": 28.6147, ""sv_l"": 30.6147, ""feat_secs"": 0.004723, ""feat_secs_frame"": 0.000109, ""feat_secs_hsf"": 0.00456}"
ct,"ct:n=24,L=2,t=32,nn=1",1,"{""n"": 24.0, ""L"": 2.0, ""t"": 32.0, ""nn"": 1.0}",planx,ok,0.000681,0.0045,3538944,0.0,0,0.0,0.0,engine=cstate aborted=[] plan_secs=0.000196,"{""n"": 24, ""gates"": 134, ""g2"": 23, ""g3"": 0, ""depth2"": 2, ""t_count"": 32, ""rotations"": 32, ""d"": 16, ""dense_l"": 17.2765, ""redundant"": 16, ""obs_zero"": true, ""frame_l"": 7.0661, ""chi_bits"": 1, ""mps_l"": 8.8642, ""hsf_k"": 1, ""hsf_na"": 12, ""hsf_nb"": 12, ""hsf_l"": 25.0464, ""sup"": 24, ""chi_bits0"": 1, ""mps_l0"": 8.8642, ""hsf_keff"": 1, ""hsf_l0"": 25.0464, ""sparse_l"": 31.0661, ""sv_l"": 31.0661, ""feat_secs"": 0.004773, ""feat_secs_frame"": 0.00013, ""feat_secs_hsf"": 0.004581}"
ct,"ct:n=24,L=2,t=32,nn=1",1,"{""n"": 24.0, ""L"": 2.0, ""t"": 32.0, ""nn"": 1.0}",planp,ok,0.000708,0.0045,3538944,0.0,0,0.0,0.0,engine=cstate aborted=[] plan_secs=0.000189,"{""n"": 24, ""gates"": 134, ""g2"": 23, ""g3"": 0, ""depth2"": 2, ""t_count"": 32, ""rotations"": 32, ""d"": 16, ""dense_l"": 17.2765, ""redundant"": 16, ""obs_zero"": true, ""frame_l"": 7.0661, ""chi_bits"": 1, ""mps_l"": 8.8642, ""hsf_k"": 1, ""hsf_na"": 12, ""hsf_nb"": 12, ""hsf_l"": 25.0464, ""sup"": 24, ""chi_bits0"": 1, ""mps_l0"": 8.8642, ""hsf_keff"": 1, ""hsf_l0"": 25.0464, ""sparse_l"": 31.0661, ""sv_l"": 31.0661, ""feat_secs"": 0.004773, ""feat_secs_frame"": 0.00013, ""feat_secs_hsf"": 0.004581}"
ct,"ct:n=24,L=2,t=32,nn=1",1,"{""n"": 24.0, ""L"": 2.0, ""t"": 32.0, ""nn"": 1.0}",plan,ok,0.000311,0.0043,2228224,0.0,0,0.0,0.0,engine=zero aborted=[] plan_secs=0.000294,"{""n"": 24, ""gates"": 134, ""g2"": 23, ""g3"": 0, ""depth2"": 2, ""t_count"": 32, ""rotations"": 32, ""d"": 16, ""dense_l"": 17.2765, ""redundant"": 16, ""obs_zero"": true, ""frame_l"": 7.0661, ""chi_bits"": 1, ""mps_l"": 8.8642, ""hsf_k"": 1, ""hsf_na"": 12, ""hsf_nb"": 12, ""hsf_l"": 25.0464, ""sup"": 24, ""chi_bits0"": 1, ""mps_l0"": 8.8642, ""hsf_keff"": 1, ""hsf_l0"": 25.0464, ""sparse_l"": 31.0661, ""sv_l"": 31.0661, ""feat_secs"": 0.004773, ""feat_secs_frame"": 0.00013, ""feat_secs_hsf"": 0.004581}"
ct,"ct:n=24,L=2,t=64,nn=1",1,"{""n"": 24.0, ""L"": 2.0, ""t"": 64.0, ""nn"": 1.0}",planx,ok,0.005159,0.0090,3096576,0.0,0,0.0,0.0,engine=mps aborted=[] plan_secs=0.004949,"{""n"": 24, ""gates"": 197, ""g2"": 23, ""g3"": 0, ""depth2"": 2, ""t_count"": 64, ""rotations"": 64, ""d"": 23, ""dense_l"": 25.6263, ""redundant"": 41, ""obs_zero"": false, ""frame_l"": 26.5, ""chi_bits"": 1, ""mps_l"": 9.1874, ""hsf_k"": 1, ""hsf_na"": 12, ""hsf_nb"": 12, ""hsf_l"": 25.0678, ""sup"": 24, ""chi_bits0"": 1, ""mps_l0"": 9.1874, ""hsf_keff"": 1, ""hsf_l0"": 25.0678, ""sparse_l"": 31.6221, ""sv_l"": 31.6221, ""feat_secs"": 0.005092, ""feat_secs_frame"": 0.000172, ""feat_secs_hsf"": 0.004751}"
ct,"ct:n=24,L=2,t=64,nn=1",1,"{""n"": 24.0, ""L"": 2.0, ""t"": 64.0, ""nn"": 1.0}",planp,ok,0.005408,0.0104,3112960,0.0,0,0.0,0.0,engine=mps aborted=[] plan_secs=0.005156,"{""n"": 24, ""gates"": 197, ""g2"": 23, ""g3"": 0, ""depth2"": 2, ""t_count"": 64, ""rotations"": 64, ""d"": 23, ""dense_l"": 25.6263, ""redundant"": 41, ""obs_zero"": false, ""frame_l"": 26.5, ""chi_bits"": 1, ""mps_l"": 9.1874, ""hsf_k"": 1, ""hsf_na"": 12, ""hsf_nb"": 12, ""hsf_l"": 25.0678, ""sup"": 24, ""chi_bits0"": 1, ""mps_l0"": 9.1874, ""hsf_keff"": 1, ""hsf_l0"": 25.0678, ""sparse_l"": 31.6221, ""sv_l"": 31.6221, ""feat_secs"": 0.005092, ""feat_secs_frame"": 0.000172, ""feat_secs_hsf"": 0.004751}"
ct,"ct:n=24,L=2,t=64,nn=1",1,"{""n"": 24.0, ""L"": 2.0, ""t"": 64.0, ""nn"": 1.0}",plan,ok,0.005277,0.0103,3096576,0.0,0,0.0,0.0,engine=mps aborted=[] plan_secs=0.005083,"{""n"": 24, ""gates"": 197, ""g2"": 23, ""g3"": 0, ""depth2"": 2, ""t_count"": 64, ""rotations"": 64, ""d"": 23, ""dense_l"": 25.6263, ""redundant"": 41, ""obs_zero"": false, ""frame_l"": 26.5, ""chi_bits"": 1, ""mps_l"": 9.1874, ""hsf_k"": 1, ""hsf_na"": 12, ""hsf_nb"": 12, ""hsf_l"": 25.0678, ""sup"": 24, ""chi_bits0"": 1, ""mps_l0"": 9.1874, ""hsf_keff"": 1, ""hsf_l0"": 25.0678, ""sparse_l"": 31.6221, ""sv_l"": 31.6221, ""feat_secs"": 0.005092, ""feat_secs_frame"": 0.000172, ""feat_secs_hsf"": 0.004751}"
ct,"ct:n=24,L=4,t=2,nn=1",1,"{""n"": 24.0, ""L"": 4.0, ""t"": 2.0, ""nn"": 1.0}",planx,ok,0.000343,0.0069,2228224,0.0,0,0.0,0.0,engine=cstate aborted=[] plan_secs=0.000266,"{""n"": 24, ""gates"": 142, ""g2"": 46, ""g3"": 0, ""depth2"": 4, ""t_count"": 2, ""rotations"": 2, ""d"": 2, ""dense_l"": 2.585, ""redundant"": 0, ""obs_zero"": true, ""frame_l"": 7.1497, ""chi_bits"": 2, ""mps_l"": 11.0821, ""hsf_k"": 2, ""hsf_na"": 12, ""hsf_nb"": 12, ""hsf_l"": 26.0492, ""sup"": 24, ""chi_bits0"": 2, ""mps_l0"": 11.0821, ""hsf_keff"": 2, ""hsf_l0"": 26.0492, ""sparse_l"": 31.1497, ""sv_l"": 31.1497, ""feat_secs"": 0.004852, ""feat_secs_frame"": 0.000157, ""feat_secs_hsf"": 0.004627}"
ct,"ct:n=24,L=4,t=2,nn=1",1,"{""n"": 24.0, ""L"": 4.0, ""t"": 2.0, ""nn"": 1.0}",planp,ok,0.000308,0.0044,2244608,0.0,0,0.0,0.0,engine=cstate aborted=[] plan_secs=0.000233,"{""n"": 24, ""gates"": 142, ""g2"": 46, ""g3"": 0, ""depth2"": 4, ""t_count"": 2, ""rotations"": 2, ""d"": 2, ""dense_l"": 2.585, ""redundant"": 0, ""obs_zero"": true, ""frame_l"": 7.1497, ""chi_bits"": 2, ""mps_l"": 11.0821, ""hsf_k"": 2, ""hsf_na"": 12, ""hsf_nb"": 12, ""hsf_l"": 26.0492, ""sup"": 24, ""chi_bits0"": 2, ""mps_l0"": 11.0821, ""hsf_keff"": 2, ""hsf_l0"": 26.0492, ""sparse_l"": 31.1497, ""sv_l"": 31.1497, ""feat_secs"": 0.004852, ""feat_secs_frame"": 0.000157, ""feat_secs_hsf"": 0.004627}"
ct,"ct:n=24,L=4,t=2,nn=1",1,"{""n"": 24.0, ""L"": 4.0, ""t"": 2.0, ""nn"": 1.0}",plan,ok,0.000228,0.0070,2228224,0.0,0,0.0,0.0,engine=zero aborted=[] plan_secs=0.000223,"{""n"": 24, ""gates"": 142, ""g2"": 46, ""g3"": 0, ""depth2"": 4, ""t_count"": 2, ""rotations"": 2, ""d"": 2, ""dense_l"": 2.585, ""redundant"": 0, ""obs_zero"": true, ""frame_l"": 7.1497, ""chi_bits"": 2, ""mps_l"": 11.0821, ""hsf_k"": 2, ""hsf_na"": 12, ""hsf_nb"": 12, ""hsf_l"": 26.0492, ""sup"": 24, ""chi_bits0"": 2, ""mps_l0"": 11.0821, ""hsf_keff"": 2, ""hsf_l0"": 26.0492, ""sparse_l"": 31.1497, ""sv_l"": 31.1497, ""feat_secs"": 0.004852, ""feat_secs_frame"": 0.000157, ""feat_secs_hsf"": 0.004627}"
ct,"ct:n=24,L=4,t=8,nn=1",1,"{""n"": 24.0, ""L"": 4.0, ""t"": 8.0, ""nn"": 1.0}",planx,ok,0.000374,0.0066,2228224,0.0,0,0.0,0.0,engine=cstate aborted=[] plan_secs=0.000290,"{""n"": 24, ""gates"": 158, ""g2"": 46, ""g3"": 0, ""depth2"": 4, ""t_count"": 8, ""rotations"": 8, ""d"": 6, ""dense_l"": 7.6294, ""redundant"": 2, ""obs_zero"": true, ""frame_l"": 7.3038, ""chi_bits"": 2, ""mps_l"": 11.1241, ""hsf_k"": 2, ""hsf_na"": 12, ""hsf_nb"": 12, ""hsf_l"": 26.0546, ""sup"": 24, ""chi_bits0"": 2, ""mps_l0"": 11.1241, ""hsf_keff"": 2, ""hsf_l0"": 26.0546, ""sparse_l"": 31.3038, ""sv_l"": 31.3038, ""feat_secs"": 0.00481, ""feat_secs_frame"": 0.000172, ""feat_secs_hsf"": 0.004567}"
ct,"ct:n=24,L=4,t=8,nn=1",1,"{""n"": 24.0, ""L"": 4.0, ""t"": 8.0, ""nn"": 1.0}",planp,ok,0.000309,0.0043,2211840,0.0,0,0.0,0.0,engine=cstate aborted=[] plan_secs=0.000230,"{""n"": 24, ""gates"": 158, ""g2"": 46, ""g3"": 0, ""depth2"": 4, ""t_count"": 8, ""rotations"": 8, ""d"": 6, ""dense_l"": 7.6294, ""redundant"": 2, ""obs_zero"": true, ""frame_l"": 7.3038, ""chi_bits"": 2, ""mps_l"": 11.1241, ""hsf_k"": 2, ""hsf_na"": 12, ""hsf_nb"": 12, ""hsf_l"": 26.0546, ""sup"": 24, ""chi_bits0"": 2, ""mps_l0"": 11.1241, ""hsf_keff"": 2, ""hsf_l0"": 26.0546, ""sparse_l"": 31.3038, ""sv_l"": 31.3038, ""feat_secs"": 0.00481, ""feat_secs_frame"": 0.000172, ""feat_secs_hsf"": 0.004567}"
ct,"ct:n=24,L=4,t=8,nn=1",1,"{""n"": 24.0, ""L"": 4.0, ""t"": 8.0, ""nn"": 1.0}",plan,ok,0.000246,0.0043,2211840,0.0,0,0.0,0.0,engine=zero aborted=[] plan_secs=0.000240,"{""n"": 24, ""gates"": 158, ""g2"": 46, ""g3"": 0, ""depth2"": 4, ""t_count"": 8, ""rotations"": 8, ""d"": 6, ""dense_l"": 7.6294, ""redundant"": 2, ""obs_zero"": true, ""frame_l"": 7.3038, ""chi_bits"": 2, ""mps_l"": 11.1241, ""hsf_k"": 2, ""hsf_na"": 12, ""hsf_nb"": 12, ""hsf_l"": 26.0546, ""sup"": 24, ""chi_bits0"": 2, ""mps_l0"": 11.1241, ""hsf_keff"": 2, ""hsf_l0"": 26.0546, ""sparse_l"": 31.3038, ""sv_l"": 31.3038, ""feat_secs"": 0.00481, ""feat_secs_frame"": 0.000172, ""feat_secs_hsf"": 0.004567}"
ct,"ct:n=24,L=4,t=16,nn=1",1,"{""n"": 24.0, ""L"": 4.0, ""t"": 16.0, ""nn"": 1.0}",planx,ok,0.000344,0.0067,2260992,0.0,0,0.0,0.0,engine=cstate aborted=[] plan_secs=0.000254,"{""n"": 24, ""gates"": 175, ""g2"": 46, ""g3"": 0, ""depth2"": 4, ""t_count"": 16, ""rotations"": 16, ""d"": 9, ""dense_l"": 11.4691, ""redundant"": 7, ""obs_zero"": true, ""frame_l"": 7.4512, ""chi_bits"": 2, ""mps_l"": 11.2479, ""hsf_k"": 2, ""hsf_na"": 12, ""hsf_nb"": 12, ""hsf_l"": 25.0604, ""sup"": 23, ""chi_bits0"": 2, ""mps_l0"": 11.2479, ""hsf_keff"": 1, ""hsf_l0"": 26.0604, ""sparse_l"": 30.4512, ""sv_l"": 31.4512, ""feat_secs"": 0.004935, ""feat_secs_frame"": 0.000177, ""feat_secs_hsf"": 0.004678}"
ct,"ct:n=24,L=4,t=16,nn=1",1,"{""n"": 24.0, ""L"": 4.0, ""t"": 16.0, ""nn"": 1.0}",planp,ok,0.000363,0.0045,2260992,0.0,0,0.0,0.0,engine=cstate aborted=[] plan_secs=0.000269,"{""n"": 24, ""gates"": 175, ""g2"": 46, ""g3"": 0, ""depth2"": 4, ""t_count"": 16, ""rotations"": 16, ""d"": 9, ""dense_l"": 11.4691, ""redundant"": 7, ""obs_zero"": true, ""frame_l"": 7.4512, ""chi_bits"": 2, ""mps_l"": 11.2479, ""hsf_k"": 2, ""hsf_na"": 12, ""hsf_nb"": 12, ""hsf_l"": 25.0604, ""sup"": 23, ""chi_bits0"": 2, ""mps_l0"": 11.2479, ""hsf_keff"": 1, ""hsf_l0"": 26.0604, ""sparse_l"": 30.4512, ""sv_l"": 31.4512, ""feat_secs"": 0.004935, ""feat_secs_frame"": 0.000177, ""feat_secs_hsf"": 0.004678}"
ct,"ct:n=24,L=4,t=16,nn=1",1,"{""n"": 24.0, ""L"": 4.0, ""t"": 16.0, ""nn"": 1.0}",plan,ok,0.000298,0.0042,2244608,0.0,0,0.0,0.0,engine=zero aborted=[] plan_secs=0.000290,"{""n"": 24, ""gates"": 175, ""g2"": 46, ""g3"": 0, ""depth2"": 4, ""t_count"": 16, ""rotations"": 16, ""d"": 9, ""dense_l"": 11.4691, ""redundant"": 7, ""obs_zero"": true, ""frame_l"": 7.4512, ""chi_bits"": 2, ""mps_l"": 11.2479, ""hsf_k"": 2, ""hsf_na"": 12, ""hsf_nb"": 12, ""hsf_l"": 25.0604, ""sup"": 23, ""chi_bits0"": 2, ""mps_l0"": 11.2479, ""hsf_keff"": 1, ""hsf_l0"": 26.0604, ""sparse_l"": 30.4512, ""sv_l"": 31.4512, ""feat_secs"": 0.004935, ""feat_secs_frame"": 0.000177, ""feat_secs_hsf"": 0.004678}"
ct,"ct:n=24,L=4,t=32,nn=1",1,"{""n"": 24.0, ""L"": 4.0, ""t"": 32.0, ""nn"": 1.0}",planx,ok,0.000774,0.0045,3014656,2.014132648119059e-49,0,2.014132648119059e-49,0.0,engine=mps aborted=[] plan_secs=0.000446,"{""n"": 24, ""gates"": 208, ""g2"": 46, ""g3"": 0, ""depth2"": 4, ""t_count"": 32, ""rotations"": 32, ""d"": 19, ""dense_l"": 20.4793, ""redundant"": 13, ""obs_zero"": true, ""frame_l"": 7.7004, ""chi_bits"": 2, ""mps_l"": 11.29, ""hsf_k"": 2, ""hsf_na"": 12, ""hsf_nb"": 12, ""hsf_l"": 26.0715, ""sup"": 24, ""chi_bits0"": 2, ""mps_l0"": 11.29, ""hsf_keff"": 2, ""hsf_l0"": 26.0715, ""sparse_l"": 31.7004, ""sv_l"": 31.7004, ""feat_secs"": 0.005137, ""feat_secs_frame"": 0.000257, ""feat_secs_hsf"": 0.004774}"
ct,"ct:n=24,L=4,t=32,nn=1",1,"{""n"": 24.0, ""L"": 4.0, ""t"": 32.0, ""nn"": 1.0}",planp,ok,0.000748,0.0074,2981888,2.014132648119059e-49,0,2.014132648119059e-49,0.0,engine=mps aborted=[] plan_secs=0.000439,"{""n"": 24, ""gates"": 208, ""g2"": 46, ""g3"": 0, ""depth2"": 4, ""t_count"": 32, ""rotations"": 32, ""d"": 19, ""dense_l"": 20.4793, ""redundant"": 13, ""obs_zero"": true, ""frame_l"": 7.7004, ""chi_bits"": 2, ""mps_l"": 11.29, ""hsf_k"": 2, ""hsf_na"": 12, ""hsf_nb"": 12, ""hsf_l"": 26.0715, ""sup"": 24, ""chi_bits0"": 2, ""mps_l0"": 11.29, ""hsf_keff"": 2, ""hsf_l0"": 26.0715, ""sparse_l"": 31.7004, ""sv_l"": 31.7004, ""feat_secs"": 0.005137, ""feat_secs_frame"": 0.000257, ""feat_secs_hsf"": 0.004774}"
ct,"ct:n=24,L=4,t=32,nn=1",1,"{""n"": 24.0, ""L"": 4.0, ""t"": 32.0, ""nn"": 1.0}",plan,ok,0.000452,0.0043,2359296,0.0,0,2.014132648119059e-49,2.014132648119059e-49,engine=zero aborted=[] plan_secs=0.000446,"{""n"": 24, ""gates"": 208, ""g2"": 46, ""g3"": 0, ""depth2"": 4, ""t_count"": 32, ""rotations"": 32, ""d"": 19, ""dense_l"": 20.4793, ""redundant"": 13, ""obs_zero"": true, ""frame_l"": 7.7004, ""chi_bits"": 2, ""mps_l"": 11.29, ""hsf_k"": 2, ""hsf_na"": 12, ""hsf_nb"": 12, ""hsf_l"": 26.0715, ""sup"": 24, ""chi_bits0"": 2, ""mps_l0"": 11.29, ""hsf_keff"": 2, ""hsf_l0"": 26.0715, ""sparse_l"": 31.7004, ""sv_l"": 31.7004, ""feat_secs"": 0.005137, ""feat_secs_frame"": 0.000257, ""feat_secs_hsf"": 0.004774}"
ct,"ct:n=24,L=4,t=64,nn=1",1,"{""n"": 24.0, ""L"": 4.0, ""t"": 64.0, ""nn"": 1.0}",planx,ok,0.005453,0.0089,3178496,-3.271869486461106e-19,0,-3.271869486461106e-19,0.0,engine=mps aborted=[] plan_secs=0.005119,"{""n"": 24, ""gates"": 269, ""g2"": 46, ""g3"": 0, ""depth2"": 4, ""t_count"": 64, ""rotations"": 64, ""d"": 23, ""dense_l"": 26.5266, ""redundant"": 41, ""obs_zero"": false, ""frame_l"": 26.5, ""chi_bits"": 2, ""mps_l"": 11.432, ""hsf_k"": 2, ""hsf_na"": 12, ""hsf_nb"": 12, ""hsf_l"": 26.0918, ""sup"": 24, ""chi_bits0"": 2, ""mps_l0"": 11.432, ""hsf_keff"": 2, ""hsf_l0"": 26.0918, ""sparse_l"": 32.0715, ""sv_l"": 32.0715, ""feat_secs"": 0.004994, ""feat_secs_frame"": 0.000283, ""feat_secs_hsf"": 0.004584}"
ct,"ct:n=24,L=4,t=64,nn=1",1,"{""n"": 24.0, ""L"": 4.0, ""t"": 64.0, ""nn"": 1.0}",planp,ok,0.005447,0.0104,3178496,-3.271869486461106e-19,0,-3.271869486461106e-19,0.0,engine=mps aborted=[] plan_secs=0.005124,"{""n"": 24, ""gates"": 269, ""g2"": 46, ""g3"": 0, ""depth2"": 4, ""t_count"": 64, ""rotations"": 64, ""d"": 23, ""dense_l"": 26.5266, ""redundant"": 41, ""obs_zero"": false, ""frame_l"": 26.5, ""chi_bits"": 2, ""mps_l"": 11.432, ""hsf_k"": 2, ""hsf_na"": 12, ""hsf_nb"": 12, ""hsf_l"": 26.0918, ""sup"": 24, ""chi_bits0"": 2, ""mps_l0"": 11.432, ""hsf_keff"": 2, ""hsf_l0"": 26.0918, ""sparse_l"": 32.0715, ""sv_l"": 32.0715, ""feat_secs"": 0.004994, ""feat_secs_frame"": 0.000283, ""feat_secs_hsf"": 0.004584}"
ct,"ct:n=24,L=4,t=64,nn=1",1,"{""n"": 24.0, ""L"": 4.0, ""t"": 64.0, ""nn"": 1.0}",plan,ok,0.005457,0.0106,3211264,-3.271869486461106e-19,0,-3.271869486461106e-19,0.0,engine=mps aborted=[] plan_secs=0.005123,"{""n"": 24, ""gates"": 269, ""g2"": 46, ""g3"": 0, ""depth2"": 4, ""t_count"": 64, ""rotations"": 64, ""d"": 23, ""dense_l"": 26.5266, ""redundant"": 41, ""obs_zero"": false, ""frame_l"": 26.5, ""chi_bits"": 2, ""mps_l"": 11.432, ""hsf_k"": 2, ""hsf_na"": 12, ""hsf_nb"": 12, ""hsf_l"": 26.0918, ""sup"": 24, ""chi_bits0"": 2, ""mps_l0"": 11.432, ""hsf_keff"": 2, ""hsf_l0"": 26.0918, ""sparse_l"": 32.0715, ""sv_l"": 32.0715, ""feat_secs"": 0.004994, ""feat_secs_frame"": 0.000283, ""feat_secs_hsf"": 0.004584}"
ct,"ct:n=24,L=8,t=2,nn=1",1,"{""n"": 24.0, ""L"": 8.0, ""t"": 2.0, ""nn"": 1.0}",planx,ok,0.000522,0.0046,2293760,0.0,0,0.0,0.0,engine=cstate aborted=[] plan_secs=0.000388,"{""n"": 24, ""gates"": 286, ""g2"": 92, ""g3"": 0, ""depth2"": 8, ""t_count"": 2, ""rotations"": 2, ""d"": 2, ""dense_l"": 2.585, ""redundant"": 0, ""obs_zero"": true, ""frame_l"": 8.1599, ""chi_bits"": 4, ""mps_l"": 16.4731, ""hsf_k"": 4, ""hsf_na"": 12, ""hsf_nb"": 12, ""hsf_l"": 27.0974, ""sup"": 24, ""chi_bits0"": 4, ""mps_l0"": 16.4731, ""hsf_keff"": 3, ""hsf_l0"": 28.0974, ""sparse_l"": 32.1599, ""sv_l"": 32.1599, ""feat_secs"": 0.005623, ""feat_secs_frame"": 0.000364, ""feat_secs_hsf"": 0.005123}"
ct,"ct:n=24,L=8,t=2,nn=1",1,"{""n"": 24.0, ""L"": 8.0, ""t"": 2.0, ""nn"": 1.0}",planp,ok,0.000551,0.0071,2293760,0.0,0,0.0,0.0,engine=cstate aborted=[] plan_secs=0.000414,"{""n"": 24, ""gates"": 286, ""g2"": 92, ""g3"": 0, ""depth2"": 8, ""t_count"": 2, ""rotations"": 2, ""d"": 2, ""dense_l"": 2.585, ""redundant"": 0, ""obs_zero"": true, ""frame_l"": 8.1599, ""chi_bits"": 4, ""mps_l"": 16.4731, ""hsf_k"": 4, ""hsf_na"": 12, ""hsf_nb"": 12, ""hsf_l"": 27.0974, ""sup"": 24, ""chi_bits0"": 4, ""mps_l0"": 16.4731, ""hsf_keff"": 3, ""hsf_l0"": 28.0974, ""sparse_l"": 32.1599, ""sv_l"": 32.1599, ""feat_secs"": 0.005623, ""feat_secs_frame"": 0.000364, ""feat_secs_hsf"": 0.005123}"
ct,"ct:n=24,L=8,t=2,nn=1",1,"{""n"": 24.0, ""L"": 8.0, ""t"": 2.0, ""nn"": 1.0}",plan,ok,0.000389,0.0044,2293760,0.0,0,0.0,0.0,engine=zero aborted=[] plan_secs=0.000383,"{""n"": 24, ""gates"": 286, ""g2"": 92, ""g3"": 0, ""depth2"": 8, ""t_count"": 2, ""rotations"": 2, ""d"": 2, ""dense_l"": 2.585, ""redundant"": 0, ""obs_zero"": true, ""frame_l"": 8.1599, ""chi_bits"": 4, ""mps_l"": 16.4731, ""hsf_k"": 4, ""hsf_na"": 12, ""hsf_nb"": 12, ""hsf_l"": 27.0974, ""sup"": 24, ""chi_bits0"": 4, ""mps_l0"": 16.4731, ""hsf_keff"": 3, ""hsf_l0"": 28.0974, ""sparse_l"": 32.1599, ""sv_l"": 32.1599, ""feat_secs"": 0.005623, ""feat_secs_frame"": 0.000364, ""feat_secs_hsf"": 0.005123}"
ct,"ct:n=24,L=8,t=8,nn=1",1,"{""n"": 24.0, ""L"": 8.0, ""t"": 8.0, ""nn"": 1.0}",planx,ok,0.000559,0.0047,2326528,0.0,0,0.0,0.0,engine=cstate aborted=[] plan_secs=0.000419,"{""n"": 24, ""gates"": 296, ""g2"": 92, ""g3"": 0, ""depth2"": 8, ""t_count"": 8, ""rotations"": 8, ""d"": 7, ""dense_l"": 7.9944, ""redundant"": 1, ""obs_zero"": true, ""frame_l"": 8.2095, ""chi_bits"": 4, ""mps_l"": 16.4688, ""hsf_k"": 4, ""hsf_na"": 12, ""hsf_nb"": 12, ""hsf_l"": 28.1007, ""sup"": 24, ""chi_bits0"": 4, ""mps_l0"": 16.4688, ""hsf_keff"": 4, ""hsf_l0"": 28.1007, ""sparse_l"": 32.2095, ""sv_l"": 32.2095, ""feat_secs"": 0.005107, ""feat_secs_frame"": 0.000294, ""feat_secs_hsf"": 0.004681}"
ct,"ct:n=24,L=8,t=8,nn=1",1,"{""n"": 24.0, ""L"": 8.0, ""t"": 8.0, ""nn"": 1.0}",planp,ok,0.000535,0.0047,2326528,0.0,0,0.0,0.0,engine=cstate aborted=[] plan_secs=0.000398,"{""n"": 24, ""gates"": 296, ""g2"": 92, ""g3"": 0, ""depth2"": 8, ""t_count"": 8, ""rotations"": 8, ""d"": 7, ""dense_l"": 7.9944, ""redundant"": 1, ""obs_zero"": true, ""frame_l"": 8.2095, ""chi_bits"": 4, ""mps_l"": 16.4688, ""hsf_k"": 4, ""hsf_na"": 12, ""hsf_nb"": 12, ""hsf_l"": 28.1007, ""sup"": 24, ""chi_bits0"": 4, ""mps_l0"": 16.4688, ""hsf_keff"": 4, ""hsf_l0"": 28.1007, ""sparse_l"": 32.2095, ""sv_l"": 32.2095, ""feat_secs"": 0.005107, ""feat_secs_frame"": 0.000294, ""feat_secs_hsf"": 0.004681}"
ct,"ct:n=24,L=8,t=8,nn=1",1,"{""n"": 24.0, ""L"": 8.0, ""t"": 8.0, ""nn"": 1.0}",plan,ok,0.0004,0.0043,2310144,0.0,0,0.0,0.0,engine=zero aborted=[] plan_secs=0.000394,"{""n"": 24, ""gates"": 296, ""g2"": 92, ""g3"": 0, ""depth2"": 8, ""t_count"": 8, ""rotations"": 8, ""d"": 7, ""dense_l"": 7.9944, ""redundant"": 1, ""obs_zero"": true, ""frame_l"": 8.2095, ""chi_bits"": 4, ""mps_l"": 16.4688, ""hsf_k"": 4, ""hsf_na"": 12, ""hsf_nb"": 12, ""hsf_l"": 28.1007, ""sup"": 24, ""chi_bits0"": 4, ""mps_l0"": 16.4688, ""hsf_keff"": 4, ""hsf_l0"": 28.1007, ""sparse_l"": 32.2095, ""sv_l"": 32.2095, ""feat_secs"": 0.005107, ""feat_secs_frame"": 0.000294, ""feat_secs_hsf"": 0.004681}"
ct,"ct:n=24,L=8,t=16,nn=1",1,"{""n"": 24.0, ""L"": 8.0, ""t"": 16.0, ""nn"": 1.0}",planx,ok,0.000572,0.0044,2408448,0.0,0,0.0,0.0,engine=cstate aborted=[] plan_secs=0.000407,"{""n"": 24, ""gates"": 303, ""g2"": 92, ""g3"": 0, ""depth2"": 8, ""t_count"": 16, ""rotations"": 16, ""d"": 12, ""dense_l"": 13.4633, ""redundant"": 4, ""obs_zero"": true, ""frame_l"": 8.2432, ""chi_bits"": 4, ""mps_l"": 16.474, ""hsf_k"": 4, ""hsf_na"": 12, ""hsf_nb"": 12, ""hsf_l"": 27.103, ""sup"": 24, ""chi_bits0"": 4, ""mps_l0"": 16.474, ""hsf_keff"": 3, ""hsf_l0"": 28.103, ""sparse_l"": 32.2432, ""sv_l"": 32.2432, ""feat_secs"": 0.005012, ""feat_secs_frame"": 0.000287, ""feat_secs_hsf"": 0.004603}"
ct,"ct:n=24,L=8,t=16,nn=1",1,"{""n"": 24.0, ""L"": 8.0, ""t"": 16.0, ""nn"": 1.0}",planp,ok,0.000575,0.0044,2408448,0.0,0,0.0,0.0,engine=cstate aborted=[] plan_secs=0.000413,"{""n"": 24, ""gates"": 303, ""g2"": 92, ""g3"": 0, ""depth2"": 8, ""t_count"": 16, ""rotations"": 16, ""d"": 12, ""dense_l"": 13.4633, ""redundant"": 4, ""obs_zero"": true, ""frame_l"": 8.2432, ""chi_bits"": 4, ""mps_l"": 16.474, ""hsf_k"": 4, ""hsf_na"": 12, ""hsf_nb"": 12, ""hsf_l"": 27.103, ""sup"": 24, ""chi_bits0"": 4, ""mps_l0"": 16.474, ""hsf_keff"": 3, ""hsf_l0"": 28.103, ""sparse_l"": 32.2432, ""sv_l"": 32.2432, ""feat_secs"": 0.005012, ""feat_secs_frame"": 0.000287, ""feat_secs_hsf"": 0.004603}"
ct,"ct:n=24,L=8,t=16,nn=1",1,"{""n"": 24.0, ""L"": 8.0, ""t"": 16.0, ""nn"": 1.0}",plan,ok,0.000434,0.0075,2310144,0.0,0,0.0,0.0,engine=zero aborted=[] plan_secs=0.000424,"{""n"": 24, ""gates"": 303, ""g2"": 92, ""g3"": 0, ""depth2"": 8, ""t_count"": 16, ""rotations"": 16, ""d"": 12, ""dense_l"": 13.4633, ""redundant"": 4, ""obs_zero"": true, ""frame_l"": 8.2432, ""chi_bits"": 4, ""mps_l"": 16.474, ""hsf_k"": 4, ""hsf_na"": 12, ""hsf_nb"": 12, ""hsf_l"": 27.103, ""sup"": 24, ""chi_bits0"": 4, ""mps_l0"": 16.474, ""hsf_keff"": 3, ""hsf_l0"": 28.103, ""sparse_l"": 32.2432, ""sv_l"": 32.2432, ""feat_secs"": 0.005012, ""feat_secs_frame"": 0.000287, ""feat_secs_hsf"": 0.004603}"
ct,"ct:n=24,L=8,t=32,nn=1",1,"{""n"": 24.0, ""L"": 8.0, ""t"": 32.0, ""nn"": 1.0}",planx,ok,0.006122,0.0127,3342336,1.298414033945855e-46,0,1.298414033945855e-46,0.0,engine=mps aborted=[] plan_secs=0.005363,"{""n"": 24, ""gates"": 350, ""g2"": 92, ""g3"": 0, ""depth2"": 8, ""t_count"": 32, ""rotations"": 32, ""d"": 21, ""dense_l"": 22.6475, ""redundant"": 11, ""obs_zero"": true, ""frame_l"": 8.4512, ""chi_bits"": 4, ""mps_l"": 16.5116, ""hsf_k"": 4, ""hsf_na"": 12, ""hsf_nb"": 12, ""hsf_l"": 28.1183, ""sup"": 24, ""chi_bits0"": 4, ""mps_l0"": 16.5116, ""hsf_keff"": 4, ""hsf_l0"": 28.1183, ""sparse_l"": 32.4512, ""sv_l"": 32.4512, ""feat_secs"": 0.005057, ""feat_secs_frame"": 0.000318, ""feat_secs_hsf"": 0.004602}"
ct,"ct:n=24,L=8,t=32,nn=1",1,"{""n"": 24.0, ""L"": 8.0, ""t"": 32.0, ""nn"": 1.0}",planp,ok,0.006224,0.0100,3358720,1.298414033945855e-46,0,1.298414033945855e-46,0.0,engine=mps aborted=[] plan_secs=0.005438,"{""n"": 24, ""gates"": 350, ""g2"": 92, ""g3"": 0, ""depth2"": 8, ""t_count"": 32, ""rotations"": 32, ""d"": 21, ""dense_l"": 22.6475, ""redundant"": 11, ""obs_zero"": true, ""frame_l"": 8.4512, ""chi_bits"": 4, ""mps_l"": 16.5116, ""hsf_k"": 4, ""hsf_na"": 12, ""hsf_nb"": 12, ""hsf_l"": 28.1183, ""sup"": 24, ""chi_bits0"": 4, ""mps_l0"": 16.5116, ""hsf_keff"": 4, ""hsf_l0"": 28.1183, ""sparse_l"": 32.4512, ""sv_l"": 32.4512, ""feat_secs"": 0.005057, ""feat_secs_frame"": 0.000318, ""feat_secs_hsf"": 0.004602}"
ct,"ct:n=24,L=8,t=32,nn=1",1,"{""n"": 24.0, ""L"": 8.0, ""t"": 32.0, ""nn"": 1.0}",plan,ok,0.005614,0.0105,2621440,0.0,0,1.298414033945855e-46,1.298414033945855e-46,engine=zero aborted=[] plan_secs=0.005608,"{""n"": 24, ""gates"": 350, ""g2"": 92, ""g3"": 0, ""depth2"": 8, ""t_count"": 32, ""rotations"": 32, ""d"": 21, ""dense_l"": 22.6475, ""redundant"": 11, ""obs_zero"": true, ""frame_l"": 8.4512, ""chi_bits"": 4, ""mps_l"": 16.5116, ""hsf_k"": 4, ""hsf_na"": 12, ""hsf_nb"": 12, ""hsf_l"": 28.1183, ""sup"": 24, ""chi_bits0"": 4, ""mps_l0"": 16.5116, ""hsf_keff"": 4, ""hsf_l0"": 28.1183, ""sparse_l"": 32.4512, ""sv_l"": 32.4512, ""feat_secs"": 0.005057, ""feat_secs_frame"": 0.000318, ""feat_secs_hsf"": 0.004602}"
ct,"ct:n=24,L=8,t=64,nn=1",1,"{""n"": 24.0, ""L"": 8.0, ""t"": 64.0, ""nn"": 1.0}",planx,ok,0.006871,0.0131,3457024,-8.255832790008566e-19,0,-8.255832790008566e-19,0.0,engine=mps aborted=[] plan_secs=0.006090,"{""n"": 24, ""gates"": 398, ""g2"": 92, ""g3"": 0, ""depth2"": 8, ""t_count"": 64, ""rotations"": 64, ""d"": 24, ""dense_l"": 27.1737, ""redundant"": 40, ""obs_zero"": false, ""frame_l"": 26.0, ""chi_bits"": 4, ""mps_l"": 16.5186, ""hsf_k"": 4, ""hsf_na"": 12, ""hsf_nb"": 12, ""hsf_l"": 28.1338, ""sup"": 24, ""chi_bits0"": 4, ""mps_l0"": 16.5186, ""hsf_keff"": 4, ""hsf_l0"": 28.1338, ""sparse_l"": 32.6366, ""sv_l"": 32.6366, ""feat_secs"": 0.005153, ""feat_secs_frame"": 0.000345, ""feat_secs_hsf"": 0.004652}"
ct,"ct:n=24,L=8,t=64,nn=1",1,"{""n"": 24.0, ""L"": 8.0, ""t"": 64.0, ""nn"": 1.0}",planp,ok,0.00625,0.0127,3457024,-8.255832790008566e-19,0,-8.255832790008566e-19,0.0,engine=mps aborted=[] plan_secs=0.005484,"{""n"": 24, ""gates"": 398, ""g2"": 92, ""g3"": 0, ""depth2"": 8, ""t_count"": 64, ""rotations"": 64, ""d"": 24, ""dense_l"": 27.1737, ""redundant"": 40, ""obs_zero"": false, ""frame_l"": 26.0, ""chi_bits"": 4, ""mps_l"": 16.5186, ""hsf_k"": 4, ""hsf_na"": 12, ""hsf_nb"": 12, ""hsf_l"": 28.1338, ""sup"": 24, ""chi_bits0"": 4, ""mps_l0"": 16.5186, ""hsf_keff"": 4, ""hsf_l0"": 28.1338, ""sparse_l"": 32.6366, ""sv_l"": 32.6366, ""feat_secs"": 0.005153, ""feat_secs_frame"": 0.000345, ""feat_secs_hsf"": 0.004652}"
ct,"ct:n=24,L=8,t=64,nn=1",1,"{""n"": 24.0, ""L"": 8.0, ""t"": 64.0, ""nn"": 1.0}",plan,ok,0.006217,0.0106,3457024,-8.255832790008566e-19,0,-8.255832790008566e-19,0.0,engine=mps aborted=[] plan_secs=0.005454,"{""n"": 24, ""gates"": 398, ""g2"": 92, ""g3"": 0, ""depth2"": 8, ""t_count"": 64, ""rotations"": 64, ""d"": 24, ""dense_l"": 27.1737, ""redundant"": 40, ""obs_zero"": false, ""frame_l"": 26.0, ""chi_bits"": 4, ""mps_l"": 16.5186, ""hsf_k"": 4, ""hsf_na"": 12, ""hsf_nb"": 12, ""hsf_l"": 28.1338, ""sup"": 24, ""chi_bits0"": 4, ""mps_l0"": 16.5186, ""hsf_keff"": 4, ""hsf_l0"": 28.1338, ""sparse_l"": 32.6366, ""sv_l"": 32.6366, ""feat_secs"": 0.005153, ""feat_secs_frame"": 0.000345, ""feat_secs_hsf"": 0.004652}"
ct,"ct:n=24,L=16,t=2,nn=1",1,"{""n"": 24.0, ""L"": 16.0, ""t"": 2.0, ""nn"": 1.0}",planx,ok,0.000944,0.0067,2441216,0.0,0,0.0,0.0,engine=cstate aborted=[] plan_secs=0.000702,"{""n"": 24, ""gates"": 549, ""g2"": 184, ""g3"": 0, ""depth2"": 16, ""t_count"": 2, ""rotations"": 2, ""d"": 2, ""dense_l"": 2.585, ""redundant"": 0, ""obs_zero"": true, ""frame_l"": 9.1007, ""chi_bits"": 8, ""mps_l"": 27.4594, ""hsf_k"": 8, ""hsf_na"": 12, ""hsf_nb"": 12, ""hsf_l"": 31.1815, ""sup"": 24, ""chi_bits0"": 8, ""mps_l0"": 27.4594, ""hsf_keff"": 7, ""hsf_l0"": 32.1815, ""sparse_l"": 33.1007, ""sv_l"": 33.1007, ""feat_secs"": 0.005371, ""feat_secs_frame"": 0.000486, ""feat_secs_hsf"": 0.004669}"
ct,"ct:n=24,L=16,t=2,nn=1",1,"{""n"": 24.0, ""L"": 16.0, ""t"": 2.0, ""nn"": 1.0}",planp,ok,0.001131,0.0060,2441216,0.0,0,0.0,0.0,engine=cstate aborted=[] plan_secs=0.000870,"{""n"": 24, ""gates"": 549, ""g2"": 184, ""g3"": 0, ""depth2"": 16, ""t_count"": 2, ""rotations"": 2, ""d"": 2, ""dense_l"": 2.585, ""redundant"": 0, ""obs_zero"": true, ""frame_l"": 9.1007, ""chi_bits"": 8, ""mps_l"": 27.4594, ""hsf_k"": 8, ""hsf_na"": 12, ""hsf_nb"": 12, ""hsf_l"": 31.1815, ""sup"": 24, ""chi_bits0"": 8, ""mps_l0"": 27.4594, ""hsf_keff"": 7, ""hsf_l0"": 32.1815, ""sparse_l"": 33.1007, ""sv_l"": 33.1007, ""feat_secs"": 0.005371, ""feat_secs_frame"": 0.000486, ""feat_secs_hsf"": 0.004669}"
ct,"ct:n=24,L=16,t=2,nn=1",1,"{""n"": 24.0, ""L"": 16.0, ""t"": 2.0, ""nn"": 1.0}",plan,ok,0.00078,0.0066,2473984,0.0,0,0.0,0.0,engine=zero aborted=[] plan_secs=0.000773,"{""n"": 24, ""gates"": 549, ""g2"": 184, ""g3"": 0, ""depth2"": 16, ""t_count"": 2, ""rotations"": 2, ""d"": 2, ""dense_l"": 2.585, ""redundant"": 0, ""obs_zero"": true, ""frame_l"": 9.1007, ""chi_bits"": 8, ""mps_l"": 27.4594, ""hsf_k"": 8, ""hsf_na"": 12, ""hsf_nb"": 12, ""hsf_l"": 31.1815, ""sup"": 24, ""chi_bits0"": 8, ""mps_l0"": 27.4594, ""hsf_keff"": 7, ""hsf_l0"": 32.1815, ""sparse_l"": 33.1007, ""sv_l"": 33.1007, ""feat_secs"": 0.005371, ""feat_secs_frame"": 0.000486, ""feat_secs_hsf"": 0.004669}"
ct,"ct:n=24,L=16,t=8,nn=1",1,"{""n"": 24.0, ""L"": 16.0, ""t"": 8.0, ""nn"": 1.0}",planx,ok,0.000991,0.0075,2473984,0.0,0,0.0,0.0,engine=cstate aborted=[] plan_secs=0.000734,"{""n"": 24, ""gates"": 555, ""g2"": 184, ""g3"": 0, ""depth2"": 16, ""t_count"": 8, ""rotations"": 8, ""d"": 8, ""dense_l"": 8.9944, ""redundant"": 0, ""obs_zero"": true, ""frame_l"": 9.1163, ""chi_bits"": 8, ""mps_l"": 27.4605, ""hsf_k"": 8, ""hsf_na"": 12, ""hsf_nb"": 12, ""hsf_l"": 31.1833, ""sup"": 24, ""chi_bits0"": 8, ""mps_l0"": 27.4605, ""hsf_keff"": 7, ""hsf_l0"": 32.1833, ""sparse_l"": 33.1163, ""sv_l"": 33.1163, ""feat_secs"": 0.005343, ""feat_secs_frame"": 0.000486, ""feat_secs_hsf"": 0.004639}"
ct,"ct:n=24,L=16,t=8,nn=1",1,"{""n"": 24.0, ""L"": 16.0, ""t"": 8.0, ""nn"": 1.0}",planp,ok,0.000951,0.0062,2490368,0.0,0,0.0,0.0,engine=cstate aborted=[] plan_secs=0.000711,"{""n"": 24, ""gates"": 555, ""g2"": 184, ""g3"": 0, ""depth2"": 16, ""t_count"": 8, ""rotations"": 8, ""d"": 8, ""dense_l"": 8.9944, ""redundant"": 0, ""obs_zero"": true, ""frame_l"": 9.1163, ""chi_bits"": 8, ""mps_l"": 27.4605, ""hsf_k"": 8, ""hsf_na"": 12, ""hsf_nb"": 12, ""hsf_l"": 31.1833, ""sup"": 24, ""chi_bits0"": 8, ""mps_l0"": 27.4605, ""hsf_keff"": 7, ""hsf_l0"": 32.1833, ""sparse_l"": 33.1163, ""sv_l"": 33.1163, ""feat_secs"": 0.005343, ""feat_secs_frame"": 0.000486, ""feat_secs_hsf"": 0.004639}"
ct,"ct:n=24,L=16,t=8,nn=1",1,"{""n"": 24.0, ""L"": 16.0, ""t"": 8.0, ""nn"": 1.0}",plan,ok,0.00071,0.0067,2473984,0.0,0,0.0,0.0,engine=zero aborted=[] plan_secs=0.000704,"{""n"": 24, ""gates"": 555, ""g2"": 184, ""g3"": 0, ""depth2"": 16, ""t_count"": 8, ""rotations"": 8, ""d"": 8, ""dense_l"": 8.9944, ""redundant"": 0, ""obs_zero"": true, ""frame_l"": 9.1163, ""chi_bits"": 8, ""mps_l"": 27.4605, ""hsf_k"": 8, ""hsf_na"": 12, ""hsf_nb"": 12, ""hsf_l"": 31.1833, ""sup"": 24, ""chi_bits0"": 8, ""mps_l0"": 27.4605, ""hsf_keff"": 7, ""hsf_l0"": 32.1833, ""sparse_l"": 33.1163, ""sv_l"": 33.1163, ""feat_secs"": 0.005343, ""feat_secs_frame"": 0.000486, ""feat_secs_hsf"": 0.004639}"
ct,"ct:n=24,L=16,t=16,nn=1",1,"{""n"": 24.0, ""L"": 16.0, ""t"": 16.0, ""nn"": 1.0}",planx,ok,0.001375,0.0069,2965504,0.0,0,0.0,0.0,engine=cstate aborted=[] plan_secs=0.000853,"{""n"": 24, ""gates"": 563, ""g2"": 184, ""g3"": 0, ""depth2"": 16, ""t_count"": 16, ""rotations"": 16, ""d"": 14, ""dense_l"": 15.0028, ""redundant"": 2, ""obs_zero"": true, ""frame_l"": 9.137, ""chi_bits"": 8, ""mps_l"": 27.4625, ""hsf_k"": 8, ""hsf_na"": 12, ""hsf_nb"": 12, ""hsf_l"": 31.1858, ""sup"": 24, ""chi_bits0"": 8, ""mps_l0"": 27.4625, ""hsf_keff"": 7, ""hsf_l0"": 32.1858, ""sparse_l"": 33.137, ""sv_l"": 33.137, ""feat_secs"": 0.00541, ""feat_secs_frame"": 0.0005, ""feat_secs_hsf"": 0.004691}"
ct,"ct:n=24,L=16,t=16,nn=1",1,"{""n"": 24.0, ""L"": 16.0, ""t"": 16.0, ""nn"": 1.0}",planp,ok,0.0011,0.0075,2981888,0.0,0,0.0,0.0,engine=cstate aborted=[] plan_secs=0.000714,"{""n"": 24, ""gates"": 563, ""g2"": 184, ""g3"": 0, ""depth2"": 16, ""t_count"": 16, ""rotations"": 16, ""d"": 14, ""dense_l"": 15.0028, ""redundant"": 2, ""obs_zero"": true, ""frame_l"": 9.137, ""chi_bits"": 8, ""mps_l"": 27.4625, ""hsf_k"": 8, ""hsf_na"": 12, ""hsf_nb"": 12, ""hsf_l"": 31.1858, ""sup"": 24, ""chi_bits0"": 8, ""mps_l0"": 27.4625, ""hsf_keff"": 7, ""hsf_l0"": 32.1858, ""sparse_l"": 33.137, ""sv_l"": 33.137, ""feat_secs"": 0.00541, ""feat_secs_frame"": 0.0005, ""feat_secs_hsf"": 0.004691}"
ct,"ct:n=24,L=16,t=16,nn=1",1,"{""n"": 24.0, ""L"": 16.0, ""t"": 16.0, ""nn"": 1.0}",plan,ok,0.000706,0.0074,2457600,0.0,0,0.0,0.0,engine=zero aborted=[] plan_secs=0.000700,"{""n"": 24, ""gates"": 563, ""g2"": 184, ""g3"": 0, ""depth2"": 16, ""t_count"": 16, ""rotations"": 16, ""d"": 14, ""dense_l"": 15.0028, ""redundant"": 2, ""obs_zero"": true, ""frame_l"": 9.137, ""chi_bits"": 8, ""mps_l"": 27.4625, ""hsf_k"": 8, ""hsf_na"": 12, ""hsf_nb"": 12, ""hsf_l"": 31.1858, ""sup"": 24, ""chi_bits0"": 8, ""mps_l0"": 27.4625, ""hsf_keff"": 7, ""hsf_l0"": 32.1858, ""sparse_l"": 33.137, ""sv_l"": 33.137, ""feat_secs"": 0.00541, ""feat_secs_frame"": 0.0005, ""feat_secs_hsf"": 0.004691}"
ct,"ct:n=24,L=16,t=32,nn=1",1,"{""n"": 24.0, ""L"": 16.0, ""t"": 32.0, ""nn"": 1.0}",planx,ok,0.030391,0.0353,70254592,0.0,0,0.0,0.0,engine=cstate aborted=[] plan_secs=0.006147,"{""n"": 24, ""gates"": 623, ""g2"": 184, ""g3"": 0, ""depth2"": 16, ""t_count"": 32, ""rotations"": 32, ""d"": 22, ""dense_l"": 23.5869, ""redundant"": 10, ""obs_zero"": true, ""frame_l"": 9.2831, ""chi_bits"": 8, ""mps_l"": 27.4623, ""hsf_k"": 8, ""hsf_na"": 12, ""hsf_nb"": 12, ""hsf_l"": 32.2043, ""sup"": 24, ""chi_bits0"": 8, ""mps_l0"": 27.4623, ""hsf_keff"": 8, ""hsf_l0"": 32.2043, ""sparse_l"": 33.2831, ""sv_l"": 33.2831, ""feat_secs"": 0.005431, ""feat_secs_frame"": 0.000527, ""feat_secs_hsf"": 0.004671}"
ct,"ct:n=24,L=16,t=32,nn=1",1,"{""n"": 24.0, ""L"": 16.0, ""t"": 32.0, ""nn"": 1.0}",planp,ok,0.035539,0.0401,71745536,0.0,0,0.0,0.0,engine=cstate aborted=[] plan_secs=0.011169,"{""n"": 24, ""gates"": 623, ""g2"": 184, ""g3"": 0, ""depth2"": 16, ""t_count"": 32, ""rotations"": 32, ""d"": 22, ""dense_l"": 23.5869, ""redundant"": 10, ""obs_zero"": true, ""frame_l"": 9.2831, ""chi_bits"": 8, ""mps_l"": 27.4623, ""hsf_k"": 8, ""hsf_na"": 12, ""hsf_nb"": 12, ""hsf_l"": 32.2043, ""sup"": 24, ""chi_bits0"": 8, ""mps_l0"": 27.4623, ""hsf_keff"": 8, ""hsf_l0"": 32.2043, ""sparse_l"": 33.2831, ""sv_l"": 33.2831, ""feat_secs"": 0.005431, ""feat_secs_frame"": 0.000527, ""feat_secs_hsf"": 0.004671}"
ct,"ct:n=24,L=16,t=32,nn=1",1,"{""n"": 24.0, ""L"": 16.0, ""t"": 32.0, ""nn"": 1.0}",plan,ok,0.006161,0.0130,2736128,0.0,0,0.0,0.0,engine=zero aborted=[] plan_secs=0.006156,"{""n"": 24, ""gates"": 623, ""g2"": 184, ""g3"": 0, ""depth2"": 16, ""t_count"": 32, ""rotations"": 32, ""d"": 22, ""dense_l"": 23.5869, ""redundant"": 10, ""obs_zero"": true, ""frame_l"": 9.2831, ""chi_bits"": 8, ""mps_l"": 27.4623, ""hsf_k"": 8, ""hsf_na"": 12, ""hsf_nb"": 12, ""hsf_l"": 32.2043, ""sup"": 24, ""chi_bits0"": 8, ""mps_l0"": 27.4623, ""hsf_keff"": 8, ""hsf_l0"": 32.2043, ""sparse_l"": 33.2831, ""sv_l"": 33.2831, ""feat_secs"": 0.005431, ""feat_secs_frame"": 0.000527, ""feat_secs_hsf"": 0.004671}"
ct,"ct:n=24,L=16,t=64,nn=1",1,"{""n"": 24.0, ""L"": 16.0, ""t"": 64.0, ""nn"": 1.0}",planx,ok,0.030623,0.0371,6815744,-0.0002101704842347702,0,-0.0002101704842347702,0.0,engine=mps aborted=[] plan_secs=0.006389,"{""n"": 24, ""gates"": 666, ""g2"": 184, ""g3"": 0, ""depth2"": 16, ""t_count"": 64, ""rotations"": 64, ""d"": 24, ""dense_l"": 28.12, ""redundant"": 40, ""obs_zero"": false, ""frame_l"": 26.0, ""chi_bits"": 8, ""mps_l"": 27.4658, ""hsf_k"": 8, ""hsf_na"": 12, ""hsf_nb"": 12, ""hsf_l"": 32.2174, ""sup"": 24, ""chi_bits0"": 8, ""mps_l0"": 27.4658, ""hsf_keff"": 8, ""hsf_l0"": 32.2174, ""sparse_l"": 33.3794, ""sv_l"": 33.3794, ""feat_secs"": 0.006045, ""feat_secs_frame"": 0.00056, ""feat_secs_hsf"": 0.005237}"
ct,"ct:n=24,L=16,t=64,nn=1",1,"{""n"": 24.0, ""L"": 16.0, ""t"": 64.0, ""nn"": 1.0}",planp,ok,0.031131,0.0366,7061504,-0.0002101704842347702,0,-0.0002101704842347702,0.0,engine=mps aborted=[] plan_secs=0.006806,"{""n"": 24, ""gates"": 666, ""g2"": 184, ""g3"": 0, ""depth2"": 16, ""t_count"": 64, ""rotations"": 64, ""d"": 24, ""dense_l"": 28.12, ""redundant"": 40, ""obs_zero"": false, ""frame_l"": 26.0, ""chi_bits"": 8, ""mps_l"": 27.4658, ""hsf_k"": 8, ""hsf_na"": 12, ""hsf_nb"": 12, ""hsf_l"": 32.2174, ""sup"": 24, ""chi_bits0"": 8, ""mps_l0"": 27.4658, ""hsf_keff"": 8, ""hsf_l0"": 32.2174, ""sparse_l"": 33.3794, ""sv_l"": 33.3794, ""feat_secs"": 0.006045, ""feat_secs_frame"": 0.00056, ""feat_secs_hsf"": 0.005237}"
ct,"ct:n=24,L=16,t=64,nn=1",1,"{""n"": 24.0, ""L"": 16.0, ""t"": 64.0, ""nn"": 1.0}",plan,ok,0.031157,0.0359,7061504,-0.0002101704842347702,0,-0.0002101704842347702,0.0,engine=mps aborted=[] plan_secs=0.006318,"{""n"": 24, ""gates"": 666, ""g2"": 184, ""g3"": 0, ""depth2"": 16, ""t_count"": 64, ""rotations"": 64, ""d"": 24, ""dense_l"": 28.12, ""redundant"": 40, ""obs_zero"": false, ""frame_l"": 26.0, ""chi_bits"": 8, ""mps_l"": 27.4658, ""hsf_k"": 8, ""hsf_na"": 12, ""hsf_nb"": 12, ""hsf_l"": 32.2174, ""sup"": 24, ""chi_bits0"": 8, ""mps_l0"": 27.4658, ""hsf_keff"": 8, ""hsf_l0"": 32.2174, ""sparse_l"": 33.3794, ""sv_l"": 33.3794, ""feat_secs"": 0.006045, ""feat_secs_frame"": 0.00056, ""feat_secs_hsf"": 0.005237}"
ct,"ct:n=24,L=32,t=2,nn=1",1,"{""n"": 24.0, ""L"": 32.0, ""t"": 2.0, ""nn"": 1.0}",planx,ok,0.00177,0.0066,2605056,0.0,0,0.0,0.0,engine=cstate aborted=[] plan_secs=0.001325,"{""n"": 24, ""gates"": 1125, ""g2"": 368, ""g3"": 0, ""depth2"": 32, ""t_count"": 2, ""rotations"": 2, ""d"": 2, ""dense_l"": 2.585, ""redundant"": 0, ""obs_zero"": true, ""frame_l"": 10.1357, ""chi_bits"": 12, ""mps_l"": 38.796, ""hsf_k"": 16, ""hsf_na"": 12, ""hsf_nb"": 12, ""hsf_l"": 38.3501, ""sup"": 24, ""chi_bits0"": 12, ""mps_l0"": 38.796, ""hsf_keff"": 14, ""hsf_l0"": 40.3501, ""sparse_l"": 34.1357, ""sv_l"": 34.1357, ""feat_secs"": 0.006121, ""feat_secs_frame"": 0.000976, ""feat_secs_hsf"": 0.004772}"
ct,"ct:n=24,L=32,t=2,nn=1",1,"{""n"": 24.0, ""L"": 32.0, ""t"": 2.0, ""nn"": 1.0}",planp,ok,0.001756,0.0074,2572288,0.0,0,0.0,0.0,engine=cstate aborted=[] plan_secs=0.001312,"{""n"": 24, ""gates"": 1125, ""g2"": 368, ""g3"": 0, ""depth2"": 32, ""t_count"": 2, ""rotations"": 2, ""d"": 2, ""dense_l"": 2.585, ""redundant"": 0, ""obs_zero"": true, ""frame_l"": 10.1357, ""chi_bits"": 12, ""mps_l"": 38.796, ""hsf_k"": 16, ""hsf_na"": 12, ""hsf_nb"": 12, ""hsf_l"": 38.3501, ""sup"": 24, ""chi_bits0"": 12, ""mps_l0"": 38.796, ""hsf_keff"": 14, ""hsf_l0"": 40.3501, ""sparse_l"": 34.1357, ""sv_l"": 34.1357, ""feat_secs"": 0.006121, ""feat_secs_frame"": 0.000976, ""feat_secs_hsf"": 0.004772}"
ct,"ct:n=24,L=32,t=2,nn=1",1,"{""n"": 24.0, ""L"": 32.0, ""t"": 2.0, ""nn"": 1.0}",plan,ok,0.001318,0.0074,2572288,0.0,0,0.0,0.0,engine=zero aborted=[] plan_secs=0.001313,"{""n"": 24, ""gates"": 1125, ""g2"": 368, ""g3"": 0, ""depth2"": 32, ""t_count"": 2, ""rotations"": 2, ""d"": 2, ""dense_l"": 2.585, ""redundant"": 0, ""obs_zero"": true, ""frame_l"": 10.1357, ""chi_bits"": 12, ""mps_l"": 38.796, ""hsf_k"": 16, ""hsf_na"": 12, ""hsf_nb"": 12, ""hsf_l"": 38.3501, ""sup"": 24, ""chi_bits0"": 12, ""mps_l0"": 38.796, ""hsf_keff"": 14, ""hsf_l0"": 40.3501, ""sparse_l"": 34.1357, ""sv_l"": 34.1357, ""feat_secs"": 0.006121, ""feat_secs_frame"": 0.000976, ""feat_secs_hsf"": 0.004772}"
ct,"ct:n=24,L=32,t=8,nn=1",1,"{""n"": 24.0, ""L"": 32.0, ""t"": 8.0, ""nn"": 1.0}",planx,ok,0.001787,0.0069,2605056,0.0,0,0.0,0.0,engine=cstate aborted=[] plan_secs=0.001325,"{""n"": 24, ""gates"": 1122, ""g2"": 368, ""g3"": 0, ""depth2"": 32, ""t_count"": 8, ""rotations"": 8, ""d"": 8, ""dense_l"": 8.9944, ""redundant"": 0, ""obs_zero"": true, ""frame_l"": 10.1319, ""chi_bits"": 12, ""mps_l"": 38.7963, ""hsf_k"": 16, ""hsf_na"": 12, ""hsf_nb"": 12, ""hsf_l"": 39.3493, ""sup"": 24, ""chi_bits0"": 12, ""mps_l0"": 38.7963, ""hsf_keff"": 15, ""hsf_l0"": 40.3493, ""sparse_l"": 34.1319, ""sv_l"": 34.1319, ""feat_secs"": 0.006077, ""feat_secs_frame"": 0.000938, ""feat_secs_hsf"": 0.00477}"
ct,"ct:n=24,L=32,t=8,nn=1",1,"{""n"": 24.0, ""L"": 32.0, ""t"": 8.0, ""nn"": 1.0}",planp,ok,0.001919,0.0075,2605056,0.0,0,0.0,0.0,engine=cstate aborted=[] plan_secs=0.001457,"{""n"": 24, ""gates"": 1122, ""g2"": 368, ""g3"": 0, ""depth2"": 32, ""t_count"": 8, ""rotations"": 8, ""d"": 8, ""dense_l"": 8.9944, ""redundant"": 0, ""obs_zero"": true, ""frame_l"": 10.1319, ""chi_bits"": 12, ""mps_l"": 38.7963, ""hsf_k"": 16, ""hsf_na"": 12, ""hsf_nb"": 12, ""hsf_l"": 39.3493, ""sup"": 24, ""chi_bits0"": 12, ""mps_l0"": 38.7963, ""hsf_keff"": 15, ""hsf_l0"": 40.3493, ""sparse_l"": 34.1319, ""sv_l"": 34.1319, ""feat_secs"": 0.006077, ""feat_secs_frame"": 0.000938, ""feat_secs_hsf"": 0.00477}"
ct,"ct:n=24,L=32,t=8,nn=1",1,"{""n"": 24.0, ""L"": 32.0, ""t"": 8.0, ""nn"": 1.0}",plan,ok,0.001371,0.0067,2572288,0.0,0,0.0,0.0,engine=zero aborted=[] plan_secs=0.001363,"{""n"": 24, ""gates"": 1122, ""g2"": 368, ""g3"": 0, ""depth2"": 32, ""t_count"": 8, ""rotations"": 8, ""d"": 8, ""dense_l"": 8.9944, ""redundant"": 0, ""obs_zero"": true, ""frame_l"": 10.1319, ""chi_bits"": 12, ""mps_l"": 38.7963, ""hsf_k"": 16, ""hsf_na"": 12, ""hsf_nb"": 12, ""hsf_l"": 39.3493, ""sup"": 24, ""chi_bits0"": 12, ""mps_l0"": 38.7963, ""hsf_keff"": 15, ""hsf_l0"": 40.3493, ""sparse_l"": 34.1319, ""sv_l"": 34.1319, ""feat_secs"": 0.006077, ""feat_secs_frame"": 0.000938, ""feat_secs_hsf"": 0.00477}"
ct,"ct:n=24,L=32,t=16,nn=1",1,"{""n"": 24.0, ""L"": 32.0, ""t"": 16.0, ""nn"": 1.0}",planx,ok,0.002155,0.0073,3883008,0.0,0,0.0,0.0,engine=cstate aborted=[] plan_secs=0.001326,"{""n"": 24, ""gates"": 1129, ""g2"": 368, ""g3"": 0, ""depth2"": 32, ""t_count"": 16, ""rotations"": 16, ""d"": 16, ""dense_l"": 17.0, ""redundant"": 0, ""obs_zero"": true, ""frame_l"": 10.1408, ""chi_bits"": 12, ""mps_l"": 38.7962, ""hsf_k"": 16, ""hsf_na"": 12, ""hsf_nb"": 12, ""hsf_l"": 38.3512, ""sup"": 24, ""chi_bits0"": 12, ""mps_l0"": 38.7962, ""hsf_keff"": 14, ""hsf_l0"": 40.3512, ""sparse_l"": 34.1408, ""sv_l"": 34.1408, ""feat_secs"": 0.006201, ""feat_secs_frame"": 0.000988, ""feat_secs_hsf"": 0.004782}"
ct,"ct:n=24,L=32,t=16,nn=1",1,"{""n"": 24.0, ""L"": 32.0, ""t"": 16.0, ""nn"": 1.0}",planp,ok,0.002216,0.0066,3850240,0.0,0,0.0,0.0,engine=cstate aborted=[] plan_secs=0.001396,"{""n"": 24, ""gates"": 1129, ""g2"": 368, ""g3"": 0, ""depth2"": 32, ""t_count"": 16, ""rotations"": 16, ""d"": 16, ""dense_l"": 17.0, ""redundant"": 0, ""obs_zero"": true, ""frame_l"": 10.1408, ""chi_bits"": 12, ""mps_l"": 38.7962, ""hsf_k"": 16, ""hsf_na"": 12, ""hsf_nb"": 12, ""hsf_l"": 38.3512, ""sup"": 24, ""chi_bits0"": 12, ""mps_l0"": 38.7962, ""hsf_keff"": 14, ""hsf_l0"": 40.3512, ""sparse_l"": 34.1408, ""sv_l"": 34.1408, ""feat_secs"": 0.006201, ""feat_secs_frame"": 0.000988, ""feat_secs_hsf"": 0.004782}"
ct,"ct:n=24,L=32,t=16,nn=1",1,"{""n"": 24.0, ""L"": 32.0, ""t"": 16.0, ""nn"": 1.0}",plan,ok,0.00138,0.0063,2572288,0.0,0,0.0,0.0,engine=zero aborted=[] plan_secs=0.001372,"{""n"": 24, ""gates"": 1129, ""g2"": 368, ""g3"": 0, ""depth2"": 32, ""t_count"": 16, ""rotations"": 16, ""d"": 16, ""dense_l"": 17.0, ""redundant"": 0, ""obs_zero"": true, ""frame_l"": 10.1408, ""chi_bits"": 12, ""mps_l"": 38.7962, ""hsf_k"": 16, ""hsf_na"": 12, ""hsf_nb"": 12, ""hsf_l"": 38.3512, ""sup"": 24, ""chi_bits0"": 12, ""mps_l0"": 38.7962, ""hsf_keff"": 14, ""hsf_l0"": 40.3512, ""sparse_l"": 34.1408, ""sv_l"": 34.1408, ""feat_secs"": 0.006201, ""feat_secs_frame"": 0.000988, ""feat_secs_hsf"": 0.004782}"
ct,"ct:n=24,L=32,t=32,nn=1",1,"{""n"": 24.0, ""L"": 32.0, ""t"": 32.0, ""nn"": 1.0}",planx,ok,0.086476,0.0933,138215424,5.55910866569325e-20,0,5.55910866569325e-20,0.0,engine=cstate aborted=[] plan_secs=0.007924,"{""n"": 24, ""gates"": 1207, ""g2"": 368, ""g3"": 0, ""depth2"": 32, ""t_count"": 32, ""rotations"": 32, ""d"": 23, ""dense_l"": 25.0255, ""redundant"": 9, ""obs_zero"": false, ""frame_l"": 9.5, ""chi_bits"": 12, ""mps_l"": 38.7962, ""hsf_k"": 16, ""hsf_na"": 12, ""hsf_nb"": 12, ""hsf_l"": 39.3726, ""sup"": 24, ""chi_bits0"": 12, ""mps_l0"": 38.7962, ""hsf_keff"": 15, ""hsf_l0"": 40.3726, ""sparse_l"": 34.2372, ""sv_l"": 34.2372, ""feat_secs"": 0.006228, ""feat_secs_frame"": 0.001023, ""feat_secs_hsf"": 0.004785}"
ct,"ct:n=24,L=32,t=32,nn=1",1,"{""n"": 24.0, ""L"": 32.0, ""t"": 32.0, ""nn"": 1.0}",planp,ok,0.098045,0.1031,139657216,5.55910866569325e-20,0,5.55910866569325e-20,0.0,engine=cstate aborted=[] plan_secs=0.021116,"{""n"": 24, ""gates"": 1207, ""g2"": 368, ""g3"": 0, ""depth2"": 32, ""t_count"": 32, ""rotations"": 32, ""d"": 23, ""dense_l"": 25.0255, ""redundant"": 9, ""obs_zero"": false, ""frame_l"": 9.5, ""chi_bits"": 12, ""mps_l"": 38.7962, ""hsf_k"": 16, ""hsf_na"": 12, ""hsf_nb"": 12, ""hsf_l"": 39.3726, ""sup"": 24, ""chi_bits0"": 12, ""mps_l0"": 38.7962, ""hsf_keff"": 15, ""hsf_l0"": 40.3726, ""sparse_l"": 34.2372, ""sv_l"": 34.2372, ""feat_secs"": 0.006228, ""feat_secs_frame"": 0.001023, ""feat_secs_hsf"": 0.004785}"
ct,"ct:n=24,L=32,t=32,nn=1",1,"{""n"": 24.0, ""L"": 32.0, ""t"": 32.0, ""nn"": 1.0}",plan,ok,0.085781,0.0917,138199040,5.55910866569325e-20,0,5.55910866569325e-20,0.0,engine=cstate aborted=[] plan_secs=0.008318,"{""n"": 24, ""gates"": 1207, ""g2"": 368, ""g3"": 0, ""depth2"": 32, ""t_count"": 32, ""rotations"": 32, ""d"": 23, ""dense_l"": 25.0255, ""redundant"": 9, ""obs_zero"": false, ""frame_l"": 9.5, ""chi_bits"": 12, ""mps_l"": 38.7962, ""hsf_k"": 16, ""hsf_na"": 12, ""hsf_nb"": 12, ""hsf_l"": 39.3726, ""sup"": 24, ""chi_bits0"": 12, ""mps_l0"": 38.7962, ""hsf_keff"": 15, ""hsf_l0"": 40.3726, ""sparse_l"": 34.2372, ""sv_l"": 34.2372, ""feat_secs"": 0.006228, ""feat_secs_frame"": 0.001023, ""feat_secs_hsf"": 0.004785}"
ct,"ct:n=24,L=32,t=64,nn=1",1,"{""n"": 24.0, ""L"": 32.0, ""t"": 64.0, ""nn"": 1.0}",planx,ok,0.491168,0.4962,137609216,0.0,0,0.0,0.0,engine=cstate aborted=[] plan_secs=0.008143,"{""n"": 24, ""gates"": 1229, ""g2"": 368, ""g3"": 0, ""depth2"": 32, ""t_count"": 64, ""rotations"": 64, ""d"": 23, ""dense_l"": 28.2288, ""redundant"": 41, ""obs_zero"": true, ""frame_l"": 10.2633, ""chi_bits"": 12, ""mps_l"": 38.796, ""hsf_k"": 16, ""hsf_na"": 12, ""hsf_nb"": 12, ""hsf_l"": 40.3786, ""sup"": 24, ""chi_bits0"": 12, ""mps_l0"": 38.796, ""hsf_keff"": 16, ""hsf_l0"": 40.3786, ""sparse_l"": 34.2633, ""sv_l"": 34.2633, ""feat_secs"": 0.006203, ""feat_secs_frame"": 0.001007, ""feat_secs_hsf"": 0.004786}"
ct,"ct:n=24,L=32,t=64,nn=1",1,"{""n"": 24.0, ""L"": 32.0, ""t"": 64.0, ""nn"": 1.0}",planp,ok,1.122374,1.1273,163233792,0.0,0,0.0,0.0,"engine=cstate aborted=[""mps""] plan_secs=0.045124","{""n"": 24, ""gates"": 1229, ""g2"": 368, ""g3"": 0, ""depth2"": 32, ""t_count"": 64, ""rotations"": 64, ""d"": 23, ""dense_l"": 28.2288, ""redundant"": 41, ""obs_zero"": true, ""frame_l"": 10.2633, ""chi_bits"": 12, ""mps_l"": 38.796, ""hsf_k"": 16, ""hsf_na"": 12, ""hsf_nb"": 12, ""hsf_l"": 40.3786, ""sup"": 24, ""chi_bits0"": 12, ""mps_l0"": 38.796, ""hsf_keff"": 16, ""hsf_l0"": 40.3786, ""sparse_l"": 34.2633, ""sv_l"": 34.2633, ""feat_secs"": 0.006203, ""feat_secs_frame"": 0.001007, ""feat_secs_hsf"": 0.004786}"
ct,"ct:n=24,L=32,t=64,nn=1",1,"{""n"": 24.0, ""L"": 32.0, ""t"": 64.0, ""nn"": 1.0}",plan,ok,0.00877,0.0161,2981888,0.0,0,0.0,0.0,engine=zero aborted=[] plan_secs=0.008761,"{""n"": 24, ""gates"": 1229, ""g2"": 368, ""g3"": 0, ""depth2"": 32, ""t_count"": 64, ""rotations"": 64, ""d"": 23, ""dense_l"": 28.2288, ""redundant"": 41, ""obs_zero"": true, ""frame_l"": 10.2633, ""chi_bits"": 12, ""mps_l"": 38.796, ""hsf_k"": 16, ""hsf_na"": 12, ""hsf_nb"": 12, ""hsf_l"": 40.3786, ""sup"": 24, ""chi_bits0"": 12, ""mps_l0"": 38.796, ""hsf_keff"": 16, ""hsf_l0"": 40.3786, ""sparse_l"": 34.2633, ""sv_l"": 34.2633, ""feat_secs"": 0.006203, ""feat_secs_frame"": 0.001007, ""feat_secs_hsf"": 0.004786}"
ct,"ct:n=32,L=1,t=4,nn=1",1,"{""n"": 32.0, ""L"": 1.0, ""t"": 4.0, ""nn"": 1.0}",planx,ok,0.000187,0.0042,2195456,0.0,0,0.0,0.0,engine=cstate aborted=[] plan_secs=0.000140,"{""n"": 32, ""gates"": 53, ""g2"": 16, ""g3"": 0, ""depth2"": 1, ""t_count"": 4, ""rotations"": 4, ""d"": 3, ""dense_l"": 4.0, ""redundant"": 1, ""obs_zero"": true, ""frame_l"": 5.7279, ""chi_bits"": 1, ""mps_l"": 7.3663, ""hsf_k"": 0, ""hsf_na"": 16, ""hsf_nb"": 16, ""hsf_l"": 32.0012, ""sup"": 18, ""chi_bits0"": 1, ""mps_l0"": 7.3663, ""hsf_keff"": 0, ""hsf_l0"": 32.0012, ""sparse_l"": 23.7279, ""sv_l"": 37.7279, ""feat_secs"": 0.004794, ""feat_secs_frame"": 8.7e-05, ""feat_secs_hsf"": 0.004662}"
ct,"ct:n=32,L=1,t=4,nn=1",1,"{""n"": 32.0, ""L"": 1.0, ""t"": 4.0, ""nn"": 1.0}",planp,ok,0.000169,0.0045,2195456,0.0,0,0.0,0.0,engine=cstate aborted=[] plan_secs=0.000127,"{""n"": 32, ""gates"": 53, ""g2"": 16, ""g3"": 0, ""depth2"": 1, ""t_count"": 4, ""rotations"": 4, ""d"": 3, ""dense_l"": 4.0, ""redundant"": 1, ""obs_zero"": true, ""frame_l"": 5.7279, ""chi_bits"": 1, ""mps_l"": 7.3663, ""hsf_k"": 0, ""hsf_na"": 16, ""hsf_nb"": 16, ""hsf_l"": 32.0012, ""sup"": 18, ""chi_bits0"": 1, ""mps_l0"": 7.3663, ""hsf_keff"": 0, ""hsf_l0"": 32.0012, ""sparse_l"": 23.7279, ""sv_l"": 37.7279, ""feat_secs"": 0.004794, ""feat_secs_frame"": 8.7e-05, ""feat_secs_hsf"": 0.004662}"
ct,"ct:n=32,L=1,t=4,nn=1",1,"{""n"": 32.0, ""L"": 1.0, ""t"": 4.0, ""nn"": 1.0}",plan,ok,0.000127,0.0044,2179072,0.0,0,0.0,0.0,engine=zero aborted=[] plan_secs=0.000121,"{""n"": 32, ""gates"": 53, ""g2"": 16, ""g3"": 0, ""depth2"": 1, ""t_count"": 4, ""rotations"": 4, ""d"": 3, ""dense_l"": 4.0, ""redundant"": 1, ""obs_zero"": true, ""frame_l"": 5.7279, ""chi_bits"": 1, ""mps_l"": 7.3663, ""hsf_k"": 0, ""hsf_na"": 16, ""hsf_nb"": 16, ""hsf_l"": 32.0012, ""sup"": 18, ""chi_bits0"": 1, ""mps_l0"": 7.3663, ""hsf_keff"": 0, ""hsf_l0"": 32.0012, ""sparse_l"": 23.7279, ""sv_l"": 37.7279, ""feat_secs"": 0.004794, ""feat_secs_frame"": 8.7e-05, ""feat_secs_hsf"": 0.004662}"
ct,"ct:n=32,L=1,t=16,nn=1",1,"{""n"": 32.0, ""L"": 1.0, ""t"": 16.0, ""nn"": 1.0}",planx,ok,0.0002,0.0043,2211840,0.0,0,0.0,0.0,engine=cstate aborted=[] plan_secs=0.000147,"{""n"": 32, ""gates"": 76, ""g2"": 16, ""g3"": 0, ""depth2"": 1, ""t_count"": 16, ""rotations"": 16, ""d"": 8, ""dense_l"": 9.8486, ""redundant"": 8, ""obs_zero"": true, ""frame_l"": 6.2479, ""chi_bits"": 1, ""mps_l"": 7.5546, ""hsf_k"": 0, ""hsf_na"": 16, ""hsf_nb"": 16, ""hsf_l"": 32.0017, ""sup"": 25, ""chi_bits0"": 1, ""mps_l0"": 7.5546, ""hsf_keff"": 0, ""hsf_l0"": 32.0017, ""sparse_l"": 31.2479, ""sv_l"": 38.2479, ""feat_secs"": 0.004812, ""feat_secs_frame"": 9.8e-05, ""feat_secs_hsf"": 0.004661}"
ct,"ct:n=32,L=1,t=16,nn=1",1,"{""n"": 32.0, ""L"": 1.0, ""t"": 16.0, ""nn"": 1.0}",planp,ok,0.000223,0.0065,2211840,0.0,0,0.0,0.0,engine=cstate aborted=[] plan_secs=0.000162,"{""n"": 32, ""gates"": 76, ""g2"": 16, ""g3"": 0, ""depth2"": 1, ""t_count"": 16, ""rotations"": 16, ""d"": 8, ""dense_l"": 9.8486, ""redundant"": 8, ""obs_zero"": true, ""frame_l"": 6.2479, ""chi_bits"": 1, ""mps_l"": 7.5546, ""hsf_k"": 0, ""hsf_na"": 16, ""hsf_nb"": 16, ""hsf_l"": 32.0017, ""sup"": 25, ""chi_bits0"": 1, ""mps_l0"": 7.5546, ""hsf_keff"": 0, ""hsf_l0"": 32.0017, ""sparse_l"": 31.2479, ""sv_l"": 38.2479, ""feat_secs"": 0.004812, ""feat_secs_frame"": 9.8e-05, ""feat_secs_hsf"": 0.004661}"
ct,"ct:n=32,L=1,t=16,nn=1",1,"{""n"": 32.0, ""L"": 1.0, ""t"": 16.0, ""nn"": 1.0}",plan,ok,0.000193,0.0067,2179072,0.0,0,0.0,0.0,engine=zero aborted=[] plan_secs=0.000187,"{""n"": 32, ""gates"": 76, ""g2"": 16, ""g3"": 0, ""depth2"": 1, ""t_count"": 16, ""rotations"": 16, ""d"": 8, ""dense_l"": 9.8486, ""redundant"": 8, ""obs_zero"": true, ""frame_l"": 6.2479, ""chi_bits"": 1, ""mps_l"": 7.5546, ""hsf_k"": 0, ""hsf_na"": 16, ""hsf_nb"": 16, ""hsf_l"": 32.0017, ""sup"": 25, ""chi_bits0"": 1, ""mps_l0"": 7.5546, ""hsf_keff"": 0, ""hsf_l0"": 32.0017, ""sparse_l"": 31.2479, ""sv_l"": 38.2479, ""feat_secs"": 0.004812, ""feat_secs_frame"": 9.8e-05, ""feat_secs_hsf"": 0.004661}"
ct,"ct:n=32,L=1,t=32,nn=1",1,"{""n"": 32.0, ""L"": 1.0, ""t"": 32.0, ""nn"": 1.0}",planx,ok,0.000399,0.0044,2670592,0.0,0,0.0,0.0,engine=mps aborted=[] plan_secs=0.000261,"{""n"": 32, ""gates"": 108, ""g2"": 16, ""g3"": 0, ""depth2"": 1, ""t_count"": 32, ""rotations"": 32, ""d"": 17, ""dense_l"": 19.1103, ""redundant"": 15, ""obs_zero"": true, ""frame_l"": 6.7549, ""chi_bits"": 1, ""mps_l"": 7.7814, ""hsf_k"": 0, ""hsf_na"": 16, ""hsf_nb"": 16, ""hsf_l"": 32.0024, ""sup"": 32, ""chi_bits0"": 1, ""mps_l0"": 7.7814, ""hsf_keff"": 0, ""hsf_l0"": 32.0024, ""sparse_l"": 38.7549, ""sv_l"": 38.7549, ""feat_secs"": 0.004964, ""feat_secs_frame"": 0.000146, ""feat_secs_hsf"": 0.004751}"
ct,"ct:n=32,L=1,t=32,nn=1",1,"{""n"": 32.0, ""L"": 1.0, ""t"": 32.0, ""nn"": 1.0}",planp,ok,0.000381,0.0044,2670592,0.0,0,0.0,0.0,engine=mps aborted=[] plan_secs=0.000256,"{""n"": 32, ""gates"": 108, ""g2"": 16, ""g3"": 0, ""depth2"": 1, ""t_count"": 32, ""rotations"": 32, ""d"": 17, ""dense_l"": 19.1103, ""redundant"": 15, ""obs_zero"": true, ""frame_l"": 6.7549, ""chi_bits"": 1, ""mps_l"": 7.7814, ""hsf_k"": 0, ""hsf_na"": 16, ""hsf_nb"": 16, ""hsf_l"": 32.0024, ""sup"": 32, ""chi_bits0"": 1, ""mps_l0"": 7.7814, ""hsf_keff"": 0, ""hsf_l0"": 32.0024, ""sparse_l"": 38.7549, ""sv_l"": 38.7549, ""feat_secs"": 0.004964, ""feat_secs_frame"": 0.000146, ""feat_secs_hsf"": 0.004751}"
ct,"ct:n=32,L=1,t=32,nn=1",1,"{""n"": 32.0, ""L"": 1.0, ""t"": 32.0, ""nn"": 1.0}",plan,ok,0.000358,0.0044,2310144,0.0,0,0.0,0.0,engine=zero aborted=[] plan_secs=0.000330,"{""n"": 32, ""gates"": 108, ""g2"": 16, ""g3"": 0, ""depth2"": 1, ""t_count"": 32, ""rotations"": 32, ""d"": 17, ""dense_l"": 19.1103, ""redundant"": 15, ""obs_zero"": true, ""frame_l"": 6.7549, ""chi_bits"": 1, ""mps_l"": 7.7814, ""hsf_k"": 0, ""hsf_na"": 16, ""hsf_nb"": 16, ""hsf_l"": 32.0024, ""sup"": 32, ""chi_bits0"": 1, ""mps_l0"": 7.7814, ""hsf_keff"": 0, ""hsf_l0"": 32.0024, ""sparse_l"": 38.7549, ""sv_l"": 38.7549, ""feat_secs"": 0.004964, ""feat_secs_frame"": 0.000146, ""feat_secs_hsf"": 0.004751}"
ct,"ct:n=32,L=1,t=64,nn=1",1,"{""n"": 32.0, ""L"": 1.0, ""t"": 64.0, ""nn"": 1.0}",planx,ok,0.005208,0.0105,2834432,0.0,0,0.0,0.0,engine=mps aborted=[] plan_secs=0.005073,"{""n"": 32, ""gates"": 178, ""g2"": 16, ""g3"": 0, ""depth2"": 1, ""t_count"": 64, ""rotations"": 64, ""d"": 25, ""dense_l"": 26.9864, ""redundant"": 39, ""obs_zero"": true, ""frame_l"": 7.4757, ""chi_bits"": 1, ""mps_l"": 8.1799, ""hsf_k"": 0, ""hsf_na"": 16, ""hsf_nb"": 16, ""hsf_l"": 32.0039, ""sup"": 30, ""chi_bits0"": 1, ""mps_l0"": 8.1799, ""hsf_keff"": 0, ""hsf_l0"": 32.0039, ""sparse_l"": 37.4757, ""sv_l"": 39.4757, ""feat_secs"": 0.005062, ""feat_secs_frame"": 0.000167, ""feat_secs_hsf"": 0.004803}"
ct,"ct:n=32,L=1,t=64,nn=1",1,"{""n"": 32.0, ""L"": 1.0, ""t"": 64.0, ""nn"": 1.0}",planp,ok,0.005433,0.0103,2883584,0.0,0,0.0,0.0,engine=mps aborted=[] plan_secs=0.005301,"{""n"": 32, ""gates"": 178, ""g2"": 16, ""g3"": 0, ""depth2"": 1, ""t_count"": 64, ""rotations"": 64, ""d"": 25, ""dense_l"": 26.9864, ""redundant"": 39, ""obs_zero"": true, ""frame_l"": 7.4757, ""chi_bits"": 1, ""mps_l"": 8.1799, ""hsf_k"": 0, ""hsf_na"": 16, ""hsf_nb"": 16, ""hsf_l"": 32.0039, ""sup"": 30, ""chi_bits0"": 1, ""mps_l0"": 8.1799, ""hsf_keff"": 0, ""hsf_l0"": 32.0039, ""sparse_l"": 37.4757, ""sv_l"": 39.4757, ""feat_secs"": 0.005062, ""feat_secs_frame"": 0.000167, ""feat_secs_hsf"": 0.004803}"
ct,"ct:n=32,L=1,t=64,nn=1",1,"{""n"": 32.0, ""L"": 1.0, ""t"": 64.0, ""nn"": 1.0}",plan,ok,0.005157,0.0100,2457600,0.0,0,0.0,0.0,engine=zero aborted=[] plan_secs=0.005151,"{""n"": 32, ""gates"": 178, ""g2"": 16, ""g3"": 0, ""depth2"": 1, ""t_count"": 64, ""rotations"": 64, ""d"": 25, ""dense_l"": 26.9864, ""redundant"": 39, ""obs_zero"": true, ""frame_l"": 7.4757, ""chi_bits"": 1, ""mps_l"": 8.1799, ""hsf_k"": 0, ""hsf_na"": 16, ""hsf_nb"": 16, ""hsf_l"": 32.0039, ""sup"": 30, ""chi_bits0"": 1, ""mps_l0"": 8.1799, ""hsf_keff"": 0, ""hsf_l0"": 32.0039, ""sparse_l"": 37.4757, ""sv_l"": 39.4757, ""feat_secs"": 0.005062, ""feat_secs_frame"": 0.000167, ""feat_secs_hsf"": 0.004803}"
ct,"ct:n=32,L=2,t=4,nn=1",1,"{""n"": 32.0, ""L"": 2.0, ""t"": 4.0, ""nn"": 1.0}",planx,ok,0.000239,0.0045,2179072,0.0,0,0.0,0.0,engine=cstate aborted=[] plan_secs=0.000175,"{""n"": 32, ""gates"": 100, ""g2"": 31, ""g3"": 0, ""depth2"": 2, ""t_count"": 4, ""rotations"": 4, ""d"": 3, ""dense_l"": 4.4594, ""redundant"": 1, ""obs_zero"": true, ""frame_l"": 6.6439, ""chi_bits"": 1, ""mps_l"": 8.7715, ""hsf_k"": 1, ""hsf_na"": 16, ""hsf_nb"": 16, ""hsf_l"": 33.0022, ""sup"": 27, ""chi_bits0"": 1, ""mps_l0"": 8.7715, ""hsf_keff"": 1, ""hsf_l0"": 33.0022, ""sparse_l"": 33.6439, ""sv_l"": 38.6439, ""feat_secs"": 0.011604, ""feat_secs_frame"": 0.000131, ""feat_secs_hsf"": 0.011423}"
ct,"ct:n=32,L=2,t=4,nn=1",1,"{""n"": 32.0, ""L"": 2.0, ""t"": 4.0, ""nn"": 1.0}",planp,ok,0.000238,0.0045,2211840,0.0,0,0.0,0.0,engine=cstate aborted=[] plan_secs=0.000179,"{""n"": 32, ""gates"": 100, ""g2"": 31, ""g3"": 0, ""depth2"": 2, ""t_count"": 4, ""rotations"": 4, ""d"": 3, ""dense_l"": 4.4594, ""redundant"": 1, ""obs_zero"": true, ""frame_l"": 6.6439, ""chi_bits"": 1, ""mps_l"": 8.7715, ""hsf_k"": 1, ""hsf_na"": 16, ""hsf_nb"": 16, ""hsf_l"": 33.0022, ""sup"": 27, ""chi_bits0"": 1, ""mps_l0"": 8.7715, ""hsf_keff"": 1, ""hsf_l0"": 33.0022, ""sparse_l"": 33.6439, ""sv_l"": 38.6439, ""feat_secs"": 0.011604, ""feat_secs_frame"": 0.000131, ""feat_secs_hsf"": 0.011423}"
ct,"ct:n=32,L=2,t=4,nn=1",1,"{""n"": 32.0, ""L"": 2.0, ""t"": 4.0, ""nn"": 1.0}",plan,ok,0.000234,0.0068,2195456,0.0,0,0.0,0.0,engine=zero aborted=[] plan_secs=0.000227,"{""n"": 32, ""gates"": 100, ""g2"": 31, ""g3"": 0, ""depth2"": 2, ""t_count"": 4, ""rotations"": 4, ""d"": 3, ""dense_l"": 4.4594, ""redundant"": 1, ""obs_zero"": true, ""frame_l"": 6.6439, ""chi_bits"": 1, ""mps_l"": 8.7715, ""hsf_k"": 1, ""hsf_na"": 16, ""hsf_nb"": 16, ""hsf_l"": 33.0022, ""sup"": 27, ""chi_bits0"": 1, ""mps_l0"": 8.7715, ""hsf_keff"": 1, ""hsf_l0"": 33.0022, ""sparse_l"": 33.6439, ""sv_l"": 38.6439, ""feat_secs"": 0.011604, ""feat_secs_frame"": 0.000131, ""feat_secs_hsf"": 0.011423}"
ct,"ct:n=32,L=2,t=16,nn=1",1,"{""n"": 32.0, ""L"": 2.0, ""t"": 16.0, ""nn"": 1.0}",planx,ok,0.000344,0.0045,2211840,0.0,0,0.0,0.0,engine=cstate aborted=[] plan_secs=0.000217,"{""n"": 32, ""gates"": 126, ""g2"": 31, ""g3"": 0, ""depth2"": 2, ""t_count"": 16, ""rotations"": 16, ""d"": 7, ""dense_l"": 9.0901, ""redundant"": 9, ""obs_zero"": true, ""frame_l"": 6.9773, ""chi_bits"": 1, ""mps_l"": 8.9715, ""hsf_k"": 1, ""hsf_na"": 16, ""hsf_nb"": 16, ""hsf_l"": 33.0028, ""sup"": 32, ""chi_bits0"": 1, ""mps_l0"": 8.9715, ""hsf_keff"": 1, ""hsf_l0"": 33.0028, ""sparse_l"": 38.9773, ""sv_l"": 38.9773, ""feat_secs"": 0.011721, ""feat_secs_frame"": 0.000143, ""feat_secs_hsf"": 0.011517}"
ct,"ct:n=32,L=2,t=16,nn=1",1,"{""n"": 32.0, ""L"": 2.0, ""t"": 16.0, ""nn"": 1.0}",planp,ok,0.000284,0.0040,2228224,0.0,0,0.0,0.0,engine=cstate aborted=[] plan_secs=0.000209,"{""n"": 32, ""gates"": 126, ""g2"": 31, ""g3"": 0, ""depth2"": 2, ""t_count"": 16, ""rotations"": 16, ""d"": 7, ""dense_l"": 9.0901, ""redundant"": 9, ""obs_zero"": true, ""frame_l"": 6.9773, ""chi_bits"": 1, ""mps_l"": 8.9715, ""hsf_k"": 1, ""hsf_na"": 16, ""hsf_nb"": 16, ""hsf_l"": 33.0028, ""sup"": 32, ""chi_bits0"": 1, ""mps_l0"": 8.9715, ""hsf_keff"": 1, ""hsf_l0"": 33.0028, ""sparse_l"": 38.9773, ""sv_l"": 38.9773, ""feat_secs"": 0.011721, ""feat_secs_frame"": 0.000143, ""feat_secs_hsf"": 0.011517}"
ct,"ct:n=32,L=2,t=16,nn=1",1,"{""n"": 32.0, ""L"": 2.0, ""t"": 16.0, ""nn"": 1.0}",plan,ok,0.000205,0.0042,2162688,0.0,0,0.0,0.0,engine=zero aborted=[] plan_secs=0.000199,"{""n"": 32, ""gates"": 126, ""g2"": 31, ""g3"": 0, ""depth2"": 2, ""t_count"": 16, ""rotations"": 16, ""d"": 7, ""dense_l"": 9.0901, ""redundant"": 9, ""obs_zero"": true, ""frame_l"": 6.9773, ""chi_bits"": 1, ""mps_l"": 8.9715, ""hsf_k"": 1, ""hsf_na"": 16, ""hsf_nb"": 16, ""hsf_l"": 33.0028, ""sup"": 32, ""chi_bits0"": 1, ""mps_l0"": 8.9715, ""hsf_keff"": 1, ""hsf_l0"": 33.0028, ""sparse_l"": 38.9773, ""sv_l"": 38.9773, ""feat_secs"": 0.011721, ""feat_secs_frame"": 0.000143, ""feat_secs_hsf"": 0.011517}"
ct,"ct:n=32,L=2,t=32,nn=1",1,"{""n"": 32.0, ""L"": 2.0, ""t"": 32.0, ""nn"": 1.0}",planx,ok,0.001275,0.0066,4653056,0.0,0,0.0,0.0,engine=cstate aborted=[] plan_secs=0.000238,"{""n"": 32, ""gates"": 154, ""g2"": 31, ""g3"": 0, ""depth2"": 2, ""t_count"": 32, ""rotations"": 32, ""d"": 17, ""dense_l"": 18.7129, ""redundant"": 15, ""obs_zero"": true, ""frame_l"": 7.2668, ""chi_bits"": 1, ""mps_l"": 9.1599, ""hsf_k"": 1, ""hsf_na"": 16, ""hsf_nb"": 16, ""hsf_l"": 33.0034, ""sup"": 31, ""chi_bits0"": 1, ""mps_l0"": 9.1599, ""hsf_keff"": 1, ""hsf_l0"": 33.0034, ""sparse_l"": 38.2668, ""sv_l"": 39.2668, ""feat_secs"": 0.011697, ""feat_secs_frame"": 0.000204, ""feat_secs_hsf"": 0.011412}"
ct,"ct:n=32,L=2,t=32,nn=1",1,"{""n"": 32.0, ""L"": 2.0, ""t"": 32.0, ""nn"": 1.0}",planp,ok,0.001203,0.0073,4636672,0.0,0,0.0,0.0,engine=cstate aborted=[] plan_secs=0.000227,"{""n"": 32, ""gates"": 154, ""g2"": 31, ""g3"": 0, ""depth2"": 2, ""t_count"": 32, ""rotations"": 32, ""d"": 17, ""dense_l"": 18.7129, ""redundant"": 15, ""obs_zero"": true, ""frame_l"": 7.2668, ""chi_bits"": 1, ""mps_l"": 9.1599, ""hsf_k"": 1, ""hsf_na"": 16, ""hsf_nb"": 16, ""hsf_l"": 33.0034, ""sup"": 31, ""chi_bits0"": 1, ""mps_l0"": 9.1599, ""hsf_keff"": 1, ""hsf_l0"": 33.0034, ""sparse_l"": 38.2668, ""sv_l"": 39.2668, ""feat_secs"": 0.011697, ""feat_secs_frame"": 0.000204, ""feat_secs_hsf"": 0.011412}"
ct,"ct:n=32,L=2,t=32,nn=1",1,"{""n"": 32.0, ""L"": 2.0, ""t"": 32.0, ""nn"": 1.0}",plan,ok,0.000239,0.0043,2228224,0.0,0,0.0,0.0,engine=zero aborted=[] plan_secs=0.000233,"{""n"": 32, ""gates"": 154, ""g2"": 31, ""g3"": 0, ""depth2"": 2, ""t_count"": 32, ""rotations"": 32, ""d"": 17, ""dense_l"": 18.7129, ""redundant"": 15, ""obs_zero"": true, ""frame_l"": 7.2668, ""chi_bits"": 1, ""mps_l"": 9.1599, ""hsf_k"": 1, ""hsf_na"": 16, ""hsf_nb"": 16, ""hsf_l"": 33.0034, ""sup"": 31, ""chi_bits0"": 1, ""mps_l0"": 9.1599, ""hsf_keff"": 1, ""hsf_l0"": 33.0034, ""sparse_l"": 38.2668, ""sv_l"": 39.2668, ""feat_secs"": 0.011697, ""feat_secs_frame"": 0.000204, ""feat_secs_hsf"": 0.011412}"
ct,"ct:n=32,L=2,t=64,nn=1",1,"{""n"": 32.0, ""L"": 2.0, ""t"": 64.0, ""nn"": 1.0}",planx,ok,0.012364,0.0193,3096576,1.573682893181952e-66,0,1.573682893181952e-66,0.0,engine=mps aborted=[] plan_secs=0.012085,"{""n"": 32, ""gates"": 226, ""g2"": 31, ""g3"": 0, ""depth2"": 2, ""t_count"": 64, ""rotations"": 64, ""d"": 24, ""dense_l"": 27.0931, ""redundant"": 40, ""obs_zero"": true, ""frame_l"": 7.8202, ""chi_bits"": 1, ""mps_l"": 9.5196, ""hsf_k"": 1, ""hsf_na"": 16, ""hsf_nb"": 16, ""hsf_l"": 33.005, ""sup"": 32, ""chi_bits0"": 1, ""mps_l0"": 9.5196, ""hsf_keff"": 1, ""hsf_l0"": 33.005, ""sparse_l"": 39.8202, ""sv_l"": 39.8202, ""feat_secs"": 0.012039, ""feat_secs_frame"": 0.00022, ""feat_secs_hsf"": 0.011709}"
ct,"ct:n=32,L=2,t=64,nn=1",1,"{""n"": 32.0, ""L"": 2.0, ""t"": 64.0, ""nn"": 1.0}",planp,ok,0.012124,0.0185,3080192,1.573682893181952e-66,0,1.573682893181952e-66,0.0,engine=mps aborted=[] plan_secs=0.011894,"{""n"": 32, ""gates"": 226, ""g2"": 31, ""g3"": 0, ""depth2"": 2, ""t_count"": 64, ""rotations"": 64, ""d"": 24, ""dense_l"": 27.0931, ""redundant"": 40, ""obs_zero"": true, ""frame_l"": 7.8202, ""chi_bits"": 1, ""mps_l"": 9.5196, ""hsf_k"": 1, ""hsf_na"": 16, ""hsf_nb"": 16, ""hsf_l"": 33.005, ""sup"": 32, ""chi_bits0"": 1, ""mps_l0"": 9.5196, ""hsf_keff"": 1, ""hsf_l0"": 33.005, ""sparse_l"": 39.8202, ""sv_l"": 39.8202, ""feat_secs"": 0.012039, ""feat_secs_frame"": 0.00022, ""feat_secs_hsf"": 0.011709}"
ct,"ct:n=32,L=2,t=64,nn=1",1,"{""n"": 32.0, ""L"": 2.0, ""t"": 64.0, ""nn"": 1.0}",plan,ok,0.012078,0.0187,2539520,0.0,0,1.573682893181952e-66,1.573682893181952e-66,engine=zero aborted=[] plan_secs=0.012072,"{""n"": 32, ""gates"": 226, ""g2"": 31, ""g3"": 0, ""depth2"": 2, ""t_count"": 64, ""rotations"": 64, ""d"": 24, ""dense_l"": 27.0931, ""redundant"": 40, ""obs_zero"": true, ""frame_l"": 7.8202, ""chi_bits"": 1, ""mps_l"": 9.5196, ""hsf_k"": 1, ""hsf_na"": 16, ""hsf_nb"": 16, ""hsf_l"": 33.005, ""sup"": 32, ""chi_bits0"": 1, ""mps_l0"": 9.5196, ""hsf_keff"": 1, ""hsf_l0"": 33.005, ""sparse_l"": 39.8202, ""sv_l"": 39.8202, ""feat_secs"": 0.012039, ""feat_secs_frame"": 0.00022, ""feat_secs_hsf"": 0.011709}"
ct,"ct:n=32,L=4,t=4,nn=1",1,"{""n"": 32.0, ""L"": 4.0, ""t"": 4.0, ""nn"": 1.0}",planx,ok,0.0004,0.0045,2244608,0.0,0,0.0,0.0,engine=cstate aborted=[] plan_secs=0.000296,"{""n"": 32, ""gates"": 197, ""g2"": 62, ""g3"": 0, ""depth2"": 4, ""t_count"": 4, ""rotations"": 4, ""d"": 4, ""dense_l"": 4.9069, ""redundant"": 0, ""obs_zero"": true, ""frame_l"": 7.6221, ""chi_bits"": 2, ""mps_l"": 11.5531, ""hsf_k"": 2, ""hsf_na"": 16, ""hsf_nb"": 16, ""hsf_l"": 34.0043, ""sup"": 32, ""chi_bits0"": 2, ""mps_l0"": 11.5531, ""hsf_keff"": 2, ""hsf_l0"": 34.0043, ""sparse_l"": 39.6221, ""sv_l"": 39.6221, ""feat_secs"": 0.012131, ""feat_secs_frame"": 0.000252, ""feat_secs_hsf"": 0.011773}"
ct,"ct:n=32,L=4,t=4,nn=1",1,"{""n"": 32.0, ""L"": 4.0, ""t"": 4.0, ""nn"": 1.0}",planp,ok,0.00042,0.0044,2244608,0.0,0,0.0,0.0,engine=cstate aborted=[] plan_secs=0.000319,"{""n"": 32, ""gates"": 197, ""g2"": 62, ""g3"": 0, ""depth2"": 4, ""t_count"": 4, ""rotations"": 4, ""d"": 4, ""dense_l"": 4.9069, ""redundant"": 0, ""obs_zero"": true, ""frame_l"": 7.6221, ""chi_bits"": 2, ""mps_l"": 11.5531, ""hsf_k"": 2, ""hsf_na"": 16, ""hsf_nb"": 16, ""hsf_l"": 34.0043, ""sup"": 32, ""chi_bits0"": 2, ""mps_l0"": 11.5531, ""hsf_keff"": 2, ""hsf_l0"": 34.0043, ""sparse_l"": 39.6221, ""sv_l"": 39.6221, ""feat_secs"": 0.012131, ""feat_secs_frame"": 0.000252, ""feat_secs_hsf"": 0.011773}"
ct,"ct:n=32,L=4,t=4,nn=1",1,"{""n"": 32.0, ""L"": 4.0, ""t"": 4.0, ""nn"": 1.0}",plan,ok,0.000367,0.0069,2244608,0.0,0,0.0,0.0,engine=zero aborted=[] plan_secs=0.000360,"{""n"": 32, ""gates"": 197, ""g2"": 62, ""g3"": 0, ""depth2"": 4, ""t_count"": 4, ""rotations"": 4, ""d"": 4, ""dense_l"": 4.9069, ""redundant"": 0, ""obs_zero"": true, ""frame_l"": 7.6221, ""chi_bits"": 2, ""mps_l"": 11.5531, ""hsf_k"": 2, ""hsf_na"": 16, ""hsf_nb"": 16, ""hsf_l"": 34.0043, ""sup"": 32, ""chi_bits0"": 2, ""mps_l0"": 11.5531, ""hsf_keff"": 2, ""hsf_l0"": 34.0043, ""sparse_l"": 39.6221, ""sv_l"": 39.6221, ""feat_secs"": 0.012131, ""feat_secs_frame"": 0.000252, ""feat_secs_hsf"": 0.011773}"
ct,"ct:n=32,L=4,t=16,nn=1",1,"{""n"": 32.0, ""L"": 4.0, ""t"": 16.0, ""nn"": 1.0}",planx,ok,0.000533,0.0077,2310144,0.0,0,0.0,0.0,engine=cstate aborted=[] plan_secs=0.000398,"{""n"": 32, ""gates"": 227, ""g2"": 62, ""g3"": 0, ""depth2"": 4, ""t_count"": 16, ""rotations"": 16, ""d"": 11, ""dense_l"": 12.0878, ""redundant"": 5, ""obs_zero"": true, ""frame_l"": 7.8265, ""chi_bits"": 2, ""mps_l"": 11.6193, ""hsf_k"": 2, ""hsf_na"": 16, ""hsf_nb"": 16, ""hsf_l"": 34.005, ""sup"": 31, ""chi_bits0"": 2, ""mps_l0"": 11.6193, ""hsf_keff"": 2, ""hsf_l0"": 34.005, ""sparse_l"": 38.8265, ""sv_l"": 39.8265, ""feat_secs"": 0.01196, ""feat_secs_frame"": 0.000222, ""feat_secs_hsf"": 0.011641}"
ct,"ct:n=32,L=4,t=16,nn=1",1,"{""n"": 32.0, ""L"": 4.0, ""t"": 16.0, ""nn"": 1.0}",planp,ok,0.000452,0.0068,2310144,0.0,0,0.0,0.0,engine=cstate aborted=[] plan_secs=0.000325,"{""n"": 32, ""gates"": 227, ""g2"": 62, ""g3"": 0, ""depth2"": 4, ""t_count"": 16, ""rotations"": 16, ""d"": 11, ""dense_l"": 12.0878, ""redundant"": 5, ""obs_zero"": true, ""frame_l"": 7.8265, ""chi_bits"": 2, ""mps_l"": 11.6193, ""hsf_k"": 2, ""hsf_na"": 16, ""hsf_nb"": 16, ""hsf_l"": 34.005, ""sup"": 31, ""chi_bits0"": 2, ""mps_l0"": 11.6193, ""hsf_keff"": 2, ""hsf_l0"": 34.005, ""sparse_l"": 38.8265, ""sv_l"": 39.8265, ""feat_secs"": 0.01196, ""feat_secs_frame"": 0.000222, ""feat_secs_hsf"": 0.011641}"
ct,"ct:n=32,L=4,t=16,nn=1",1,"{""n"": 32.0, ""L"": 4.0, ""t"": 16.0, ""nn"": 1.0}",plan,ok,0.000332,0.0066,2244608,0.0,0,0.0,0.0,engine=zero aborted=[] plan_secs=0.000327,"{""n"": 32, ""gates"": 227, ""g2"": 62, ""g3"": 0, ""depth2"": 4, ""t_count"": 16, ""rotations"": 16, ""d"": 11, ""dense_l"": 12.0878, ""redundant"": 5, ""obs_zero"": true, ""frame_l"": 7.8265, ""chi_bits"": 2, ""mps_l"": 11.6193, ""hsf_k"": 2, ""hsf_na"": 16, ""hsf_nb"": 16, ""hsf_l"": 34.005, ""sup"": 31, ""chi_bits0"": 2, ""mps_l0"": 11.6193, ""hsf_keff"": 2, ""hsf_l0"": 34.005, ""sparse_l"": 38.8265, ""sv_l"": 39.8265, ""feat_secs"": 0.01196, ""feat_secs_frame"": 0.000222, ""feat_secs_hsf"": 0.011641}"
ct,"ct:n=32,L=4,t=32,nn=1",1,"{""n"": 32.0, ""L"": 4.0, ""t"": 32.0, ""nn"": 1.0}",planx,ok,0.012474,0.0164,3162112,8.524761705753694e-94,0,8.524761705753694e-94,0.0,engine=mps aborted=[] plan_secs=0.012051,"{""n"": 32, ""gates"": 250, ""g2"": 62, ""g3"": 0, ""depth2"": 4, ""t_count"": 32, ""rotations"": 32, ""d"": 20, ""dense_l"": 21.5266, ""redundant"": 12, ""obs_zero"": true, ""frame_l"": 7.9658, ""chi_bits"": 2, ""mps_l"": 11.6742, ""hsf_k"": 2, ""hsf_na"": 16, ""hsf_nb"": 16, ""hsf_l"": 34.0055, ""sup"": 32, ""chi_bits0"": 2, ""mps_l0"": 11.6742, ""hsf_keff"": 2, ""hsf_l0"": 34.0055, ""sparse_l"": 39.9658, ""sv_l"": 39.9658, ""feat_secs"": 0.011825, ""feat_secs_frame"": 0.000234, ""feat_secs_hsf"": 0.011492}"
ct,"ct:n=32,L=4,t=32,nn=1",1,"{""n"": 32.0, ""L"": 4.0, ""t"": 32.0, ""nn"": 1.0}",planp,ok,0.012622,0.0176,3129344,8.524761705753694e-94,0,8.524761705753694e-94,0.0,engine=mps aborted=[] plan_secs=0.012245,"{""n"": 32, ""gates"": 250, ""g2"": 62, ""g3"": 0, ""depth2"": 4, ""t_count"": 32, ""rotations"": 32, ""d"": 20, ""dense_l"": 21.5266, ""redundant"": 12, ""obs_zero"": true, ""frame_l"": 7.9658, ""chi_bits"": 2, ""mps_l"": 11.6742, ""hsf_k"": 2, ""hsf_na"": 16, ""hsf_nb"": 16, ""hsf_l"": 34.0055, ""sup"": 32, ""chi_bits0"": 2, ""mps_l0"": 11.6742, ""hsf_keff"": 2, ""hsf_l0"": 34.0055, ""sparse_l"": 39.9658, ""sv_l"": 39.9658, ""feat_secs"": 0.011825, ""feat_secs_frame"": 0.000234, ""feat_secs_hsf"": 0.011492}"
ct,"ct:n=32,L=4,t=32,nn=1",1,"{""n"": 32.0, ""L"": 4.0, ""t"": 32.0, ""nn"": 1.0}",plan,ok,0.012021,0.0157,2523136,0.0,0,8.524761705753694e-94,8.524761705753694e-94,engine=zero aborted=[] plan_secs=0.012015,"{""n"": 32, ""gates"": 250, ""g2"": 62, ""g3"": 0, ""depth2"": 4, ""t_count"": 32, ""rotations"": 32, ""d"": 20, ""dense_l"": 21.5266, ""redundant"": 12, ""obs_zero"": true, ""frame_l"": 7.9658, ""chi_bits"": 2, ""mps_l"": 11.6742, ""hsf_k"": 2, ""hsf_na"": 16, ""hsf_nb"": 16, ""hsf_l"": 34.0055, ""sup"": 32, ""chi_bits0"": 2, ""mps_l0"": 11.6742, ""hsf_keff"": 2, ""hsf_l0"": 34.0055, ""sparse_l"": 39.9658, ""sv_l"": 39.9658, ""feat_secs"": 0.011825, ""feat_secs_frame"": 0.000234, ""feat_secs_hsf"": 0.011492}"
ct,"ct:n=32,L=4,t=64,nn=1",1,"{""n"": 32.0, ""L"": 4.0, ""t"": 64.0, ""nn"": 1.0}",planx,ok,0.013234,0.0185,3244032,3.61837821140227e-96,0,3.61837821140227e-96,0.0,engine=mps aborted=[] plan_secs=0.012787,"{""n"": 32, ""gates"": 324, ""g2"": 62, ""g3"": 0, ""depth2"": 4, ""t_count"": 64, ""rotations"": 64, ""d"": 27, ""dense_l"": 29.5919, ""redundant"": 37, ""obs_zero"": true, ""frame_l"": 8.3399, ""chi_bits"": 2, ""mps_l"": 11.7993, ""hsf_k"": 2, ""hsf_na"": 16, ""hsf_nb"": 16, ""hsf_l"": 34.0071, ""sup"": 32, ""chi_bits0"": 2, ""mps_l0"": 11.7993, ""hsf_keff"": 2, ""hsf_l0"": 34.0071, ""sparse_l"": 40.3399, ""sv_l"": 40.3399, ""feat_secs"": 0.011903, ""feat_secs_frame"": 0.00029, ""feat_secs_hsf"": 0.011484}"
ct,"ct:n=32,L=4,t=64,nn=1",1,"{""n"": 32.0, ""L"": 4.0, ""t"": 64.0, ""nn"": 1.0}",planp,ok,0.012744,0.0185,3227648,3.61837821140227e-96,0,3.61837821140227e-96,0.0,engine=mps aborted=[] plan_secs=0.012307,"{""n"": 32, ""gates"": 324, ""g2"": 62, ""g3"": 0, ""depth2"": 4, ""t_count"": 64, ""rotations"": 64, ""d"": 27, ""dense_l"": 29.5919, ""redundant"": 37, ""obs_zero"": true, ""frame_l"": 8.3399, ""chi_bits"": 2, ""mps_l"": 11.7993, ""hsf_k"": 2, ""hsf_na"": 16, ""hsf_nb"": 16, ""hsf_l"": 34.0071, ""sup"": 32, ""chi_bits0"": 2, ""mps_l0"": 11.7993, ""hsf_keff"": 2, ""hsf_l0"": 34.0071, ""sparse_l"": 40.3399, ""sv_l"": 40.3399, ""feat_secs"": 0.011903, ""feat_secs_frame"": 0.00029, ""feat_secs_hsf"": 0.011484}"
ct,"ct:n=32,L=4,t=64,nn=1",1,"{""n"": 32.0, ""L"": 4.0, ""t"": 64.0, ""nn"": 1.0}",plan,ok,0.012122,0.0183,2605056,0.0,0,3.61837821140227e-96,3.61837821140227e-96,engine=zero aborted=[] plan_secs=0.012116,"{""n"": 32, ""gates"": 324, ""g2"": 62, ""g3"": 0, ""depth2"": 4, ""t_count"": 64, ""rotations"": 64, ""d"": 27, ""dense_l"": 29.5919, ""redundant"": 37, ""obs_zero"": true, ""frame_l"": 8.3399, ""chi_bits"": 2, ""mps_l"": 11.7993, ""hsf_k"": 2, ""hsf_na"": 16, ""hsf_nb"": 16, ""hsf_l"": 34.0071, ""sup"": 32, ""chi_bits0"": 2, ""mps_l0"": 11.7993, ""hsf_keff"": 2, ""hsf_l0"": 34.0071, ""sparse_l"": 40.3399, ""sv_l"": 40.3399, ""feat_secs"": 0.011903, ""feat_secs_frame"": 0.00029, ""feat_secs_hsf"": 0.011484}"
ct,"ct:n=32,L=8,t=4,nn=1",1,"{""n"": 32.0, ""L"": 8.0, ""t"": 4.0, ""nn"": 1.0}",planx,ok,0.000714,0.0074,2375680,0.0,0,0.0,0.0,engine=cstate aborted=[] plan_secs=0.000529,"{""n"": 32, ""gates"": 382, ""g2"": 124, ""g3"": 0, ""depth2"": 8, ""t_count"": 4, ""rotations"": 4, ""d"": 4, ""dense_l"": 4.9069, ""redundant"": 0, ""obs_zero"": true, ""frame_l"": 8.5774, ""chi_bits"": 4, ""mps_l"": 17.0047, ""hsf_k"": 4, ""hsf_na"": 16, ""hsf_nb"": 16, ""hsf_l"": 36.0084, ""sup"": 32, ""chi_bits0"": 4, ""mps_l0"": 17.0047, ""hsf_keff"": 4, ""hsf_l0"": 36.0084, ""sparse_l"": 40.5774, ""sv_l"": 40.5774, ""feat_secs"": 0.012657, ""feat_secs_frame"": 0.000362, ""feat_secs_hsf"": 0.012141}"
ct,"ct:n=32,L=8,t=4,nn=1",1,"{""n"": 32.0, ""L"": 8.0, ""t"": 4.0, ""nn"": 1.0}",planp,ok,0.000787,0.0067,2359296,0.0,0,0.0,0.0,engine=cstate aborted=[] plan_secs=0.000583,"{""n"": 32, ""gates"": 382, ""g2"": 124, ""g3"": 0, ""depth2"": 8, ""t_count"": 4, ""rotations"": 4, ""d"": 4, ""dense_l"": 4.9069, ""redundant"": 0, ""obs_zero"": true, ""frame_l"": 8.5774, ""chi_bits"": 4, ""mps_l"": 17.0047, ""hsf_k"": 4, ""hsf_na"": 16, ""hsf_nb"": 16, ""hsf_l"": 36.0084, ""sup"": 32, ""chi_bits0"": 4, ""mps_l0"": 17.0047, ""hsf_keff"": 4, ""hsf_l0"": 36.0084, ""sparse_l"": 40.5774, ""sv_l"": 40.5774, ""feat_secs"": 0.012657, ""feat_secs_frame"": 0.000362, ""feat_secs_hsf"": 0.012141}"
ct,"ct:n=32,L=8,t=4,nn=1",1,"{""n"": 32.0, ""L"": 8.0, ""t"": 4.0, ""nn"": 1.0}",plan,ok,0.000522,0.0045,2326528,0.0,0,0.0,0.0,engine=zero aborted=[] plan_secs=0.000516,"{""n"": 32, ""gates"": 382, ""g2"": 124, ""g3"": 0, ""depth2"": 8, ""t_count"": 4, ""rotations"": 4, ""d"": 4, ""dense_l"": 4.9069, ""redundant"": 0, ""obs_zero"": true, ""frame_l"": 8.5774, ""chi_bits"": 4, ""mps_l"": 17.0047, ""hsf_k"": 4, ""hsf_na"": 16, ""hsf_nb"": 16, ""hsf_l"": 36.0084, ""sup"": 32, ""chi_bits0"": 4, ""mps_l0"": 17.0047, ""hsf_keff"": 4, ""hsf_l0"": 36.0084, ""sparse_l"": 40.5774, ""sv_l"": 40.5774, ""feat_secs"": 0.012657, ""feat_secs_frame"": 0.000362, ""feat_secs_hsf"": 0.012141}"
ct,"ct:n=32,L=8,t=16,nn=1",1,"{""n"": 32.0, ""L"": 8.0, ""t"": 16.0, ""nn"": 1.0}",planx,ok,0.000966,0.0075,3162112,0.0,0,0.0,0.0,engine=cstate aborted=[] plan_secs=0.000549,"{""n"": 32, ""gates"": 400, ""g2"": 124, ""g3"": 0, ""depth2"": 8, ""t_count"": 16, ""rotations"": 16, ""d"": 15, ""dense_l"": 16.0, ""redundant"": 1, ""obs_zero"": true, ""frame_l"": 8.6439, ""chi_bits"": 4, ""mps_l"": 17.0007, ""hsf_k"": 4, ""hsf_na"": 16, ""hsf_nb"": 16, ""hsf_l"": 36.0088, ""sup"": 32, ""chi_bits0"": 4, ""mps_l0"": 17.0007, ""hsf_keff"": 4, ""hsf_l0"": 36.0088, ""sparse_l"": 40.6439, ""sv_l"": 40.6439, ""feat_secs"": 0.012325, ""feat_secs_frame"": 0.000382, ""feat_secs_hsf"": 0.011768}"
ct,"ct:n=32,L=8,t=16,nn=1",1,"{""n"": 32.0, ""L"": 8.0, ""t"": 16.0, ""nn"": 1.0}",planp,ok,0.000967,0.0074,3194880,0.0,0,0.0,0.0,engine=cstate aborted=[] plan_secs=0.000556,"{""n"": 32, ""gates"": 400, ""g2"": 124, ""g3"": 0, ""depth2"": 8, ""t_count"": 16, ""rotations"": 16, ""d"": 15, ""dense_l"": 16.0, ""redundant"": 1, ""obs_zero"": true, ""frame_l"": 8.6439, ""chi_bits"": 4, ""mps_l"": 17.0007, ""hsf_k"": 4, ""hsf_na"": 16, ""hsf_nb"": 16, ""hsf_l"": 36.0088, ""sup"": 32, ""chi_bits0"": 4, ""mps_l0"": 17.0007, ""hsf_keff"": 4, ""hsf_l0"": 36.0088, ""sparse_l"": 40.6439, ""sv_l"": 40.6439, ""feat_secs"": 0.012325, ""feat_secs_frame"": 0.000382, ""feat_secs_hsf"": 0.011768}"
ct,"ct:n=32,L=8,t=16,nn=1",1,"{""n"": 32.0, ""L"": 8.0, ""t"": 16.0, ""nn"": 1.0}",plan,ok,0.000535,0.0067,2310144,0.0,0,0.0,0.0,engine=zero aborted=[] plan_secs=0.000528,"{""n"": 32, ""gates"": 400, ""g2"": 124, ""g3"": 0, ""depth2"": 8, ""t_count"": 16, ""rotations"": 16, ""d"": 15, ""dense_l"": 16.0, ""redundant"": 1, ""obs_zero"": true, ""frame_l"": 8.6439, ""chi_bits"": 4, ""mps_l"": 17.0007, ""hsf_k"": 4, ""hsf_na"": 16, ""hsf_nb"": 16, ""hsf_l"": 36.0088, ""sup"": 32, ""chi_bits0"": 4, ""mps_l0"": 17.0007, ""hsf_keff"": 4, ""hsf_l0"": 36.0088, ""sparse_l"": 40.6439, ""sv_l"": 40.6439, ""feat_secs"": 0.012325, ""feat_secs_frame"": 0.000382, ""feat_secs_hsf"": 0.011768}"
ct,"ct:n=32,L=8,t=32,nn=1",1,"{""n"": 32.0, ""L"": 8.0, ""t"": 32.0, ""nn"": 1.0}",planx,ok,0.013391,0.0188,3358720,1.213675659368292e-49,0,1.213675659368292e-49,0.0,engine=mps aborted=[] plan_secs=0.012430,"{""n"": 32, ""gates"": 426, ""g2"": 124, ""g3"": 0, ""depth2"": 8, ""t_count"": 32, ""rotations"": 32, ""d"": 23, ""dense_l"": 24.1504, ""redundant"": 9, ""obs_zero"": true, ""frame_l"": 8.7347, ""chi_bits"": 4, ""mps_l"": 17.0106, ""hsf_k"": 4, ""hsf_na"": 16, ""hsf_nb"": 16, ""hsf_l"": 36.0093, ""sup"": 32, ""chi_bits0"": 4, ""mps_l0"": 17.0106, ""hsf_keff"": 4, ""hsf_l0"": 36.0093, ""sparse_l"": 40.7347, ""sv_l"": 40.7347, ""feat_secs"": 0.011945, ""feat_secs_frame"": 0.000399, ""feat_secs_hsf"": 0.011385}"
ct,"ct:n=32,L=8,t=32,nn=1",1,"{""n"": 32.0, ""L"": 8.0, ""t"": 32.0, ""nn"": 1.0}",planp,ok,0.014284,0.0188,3391488,1.213675659368292e-49,0,1.213675659368292e-49,0.0,engine=mps aborted=[] plan_secs=0.013254,"{""n"": 32, ""gates"": 426, ""g2"": 124, ""g3"": 0, ""depth2"": 8, ""t_count"": 32, ""rotations"": 32, ""d"": 23, ""dense_l"": 24.1504, ""redundant"": 9, ""obs_zero"": true, ""frame_l"": 8.7347, ""chi_bits"": 4, ""mps_l"": 17.0106, ""hsf_k"": 4, ""hsf_na"": 16, ""hsf_nb"": 16, ""hsf_l"": 36.0093, ""sup"": 32, ""chi_bits0"": 4, ""mps_l0"": 17.0106, ""hsf_keff"": 4, ""hsf_l0"": 36.0093, ""sparse_l"": 40.7347, ""sv_l"": 40.7347, ""feat_secs"": 0.011945, ""feat_secs_frame"": 0.000399, ""feat_secs_hsf"": 0.011385}"
ct,"ct:n=32,L=8,t=32,nn=1",1,"{""n"": 32.0, ""L"": 8.0, ""t"": 32.0, ""nn"": 1.0}",plan,ok,0.012503,0.0176,2605056,0.0,0,1.213675659368292e-49,1.213675659368292e-49,engine=zero aborted=[] plan_secs=0.012498,"{""n"": 32, ""gates"": 426, ""g2"": 124, ""g3"": 0, ""depth2"": 8, ""t_count"": 32, ""rotations"": 32, ""d"": 23, ""dense_l"": 24.1504, ""redundant"": 9, ""obs_zero"": true, ""frame_l"": 8.7347, ""chi_bits"": 4, ""mps_l"": 17.0106, ""hsf_k"": 4, ""hsf_na"": 16, ""hsf_nb"": 16, ""hsf_l"": 36.0093, ""sup"": 32, ""chi_bits0"": 4, ""mps_l0"": 17.0106, ""hsf_keff"": 4, ""hsf_l0"": 36.0093, ""sparse_l"": 40.7347, ""sv_l"": 40.7347, ""feat_secs"": 0.011945, ""feat_secs_frame"": 0.000399, ""feat_secs_hsf"": 0.011385}"
ct,"ct:n=32,L=8,t=64,nn=1",1,"{""n"": 32.0, ""L"": 8.0, ""t"": 64.0, ""nn"": 1.0}",planx,ok,0.014307,0.0185,3407872,-4.299511692150573e-48,0,-4.299511692150573e-48,0.0,engine=mps aborted=[] plan_secs=0.013199,"{""n"": 32, ""gates"": 506, ""g2"": 124, ""g3"": 0, ""depth2"": 8, ""t_count"": 64, ""rotations"": 64, ""d"": 30, ""dense_l"": 33.6497, ""redundant"": 34, ""obs_zero"": false, ""frame_l"": 23.0, ""chi_bits"": 4, ""mps_l"": 17.0482, ""hsf_k"": 4, ""hsf_na"": 16, ""hsf_nb"": 16, ""hsf_l"": 36.0111, ""sup"": 32, ""chi_bits0"": 4, ""mps_l0"": 17.0482, ""hsf_keff"": 4, ""hsf_l0"": 36.0111, ""sparse_l"": 40.983, ""sv_l"": 40.983, ""feat_secs"": 0.012305, ""feat_secs_frame"": 0.000447, ""feat_secs_hsf"": 0.011672}"
ct,"ct:n=32,L=8,t=64,nn=1",1,"{""n"": 32.0, ""L"": 8.0, ""t"": 64.0, ""nn"": 1.0}",planp,ok,0.013786,0.0188,3407872,-4.299511692150573e-48,0,-4.299511692150573e-48,0.0,engine=mps aborted=[] plan_secs=0.012748,"{""n"": 32, ""gates"": 506, ""g2"": 124, ""g3"": 0, ""depth2"": 8, ""t_count"": 64, ""rotations"": 64, ""d"": 30, ""dense_l"": 33.6497, ""redundant"": 34, ""obs_zero"": false, ""frame_l"": 23.0, ""chi_bits"": 4, ""mps_l"": 17.0482, ""hsf_k"": 4, ""hsf_na"": 16, ""hsf_nb"": 16, ""hsf_l"": 36.0111, ""sup"": 32, ""chi_bits0"": 4, ""mps_l0"": 17.0482, ""hsf_keff"": 4, ""hsf_l0"": 36.0111, ""sparse_l"": 40.983, ""sv_l"": 40.983, ""feat_secs"": 0.012305, ""feat_secs_frame"": 0.000447, ""feat_secs_hsf"": 0.011672}"
ct,"ct:n=32,L=8,t=64,nn=1",1,"{""n"": 32.0, ""L"": 8.0, ""t"": 64.0, ""nn"": 1.0}",plan,ok,0.013856,0.0181,3391488,-4.299511692150573e-48,0,-4.299511692150573e-48,0.0,engine=mps aborted=[] plan_secs=0.012820,"{""n"": 32, ""gates"": 506, ""g2"": 124, ""g3"": 0, ""depth2"": 8, ""t_count"": 64, ""rotations"": 64, ""d"": 30, ""dense_l"": 33.6497, ""redundant"": 34, ""obs_zero"": false, ""frame_l"": 23.0, ""chi_bits"": 4, ""mps_l"": 17.0482, ""hsf_k"": 4, ""hsf_na"": 16, ""hsf_nb"": 16, ""hsf_l"": 36.0111, ""sup"": 32, ""chi_bits0"": 4, ""mps_l0"": 17.0482, ""hsf_keff"": 4, ""hsf_l0"": 36.0111, ""sparse_l"": 40.983, ""sv_l"": 40.983, ""feat_secs"": 0.012305, ""feat_secs_frame"": 0.000447, ""feat_secs_hsf"": 0.011672}"
ct,"ct:n=32,L=16,t=4,nn=1",1,"{""n"": 32.0, ""L"": 16.0, ""t"": 4.0, ""nn"": 1.0}",planx,ok,0.001303,0.0064,2506752,0.0,0,0.0,0.0,engine=cstate aborted=[] plan_secs=0.000959,"{""n"": 32, ""gates"": 747, ""g2"": 248, ""g3"": 0, ""depth2"": 16, ""t_count"": 4, ""rotations"": 4, ""d"": 4, ""dense_l"": 4.9069, ""redundant"": 0, ""obs_zero"": true, ""frame_l"": 9.545, ""chi_bits"": 8, ""mps_l"": 28.3371, ""hsf_k"": 8, ""hsf_na"": 16, ""hsf_nb"": 16, ""hsf_l"": 40.0164, ""sup"": 32, ""chi_bits0"": 8, ""mps_l0"": 28.3371, ""hsf_keff"": 8, ""hsf_l0"": 40.0164, ""sparse_l"": 41.545, ""sv_l"": 41.545, ""feat_secs"": 0.01264, ""feat_secs_frame"": 0.000692, ""feat_secs_hsf"": 0.011665}"
ct,"ct:n=32,L=16,t=4,nn=1",1,"{""n"": 32.0, ""L"": 16.0, ""t"": 4.0, ""nn"": 1.0}",planp,ok,0.001368,0.0070,2523136,0.0,0,0.0,0.0,engine=cstate aborted=[] plan_secs=0.001017,"{""n"": 32, ""gates"": 747, ""g2"": 248, ""g3"": 0, ""depth2"": 16, ""t_count"": 4, ""rotations"": 4, ""d"": 4, ""dense_l"": 4.9069, ""redundant"": 0, ""obs_zero"": true, ""frame_l"": 9.545, ""chi_bits"": 8, ""mps_l"": 28.3371, ""hsf_k"": 8, ""hsf_na"": 16, ""hsf_nb"": 16, ""hsf_l"": 40.0164, ""sup"": 32, ""chi_bits0"": 8, ""mps_l0"": 28.3371, ""hsf_keff"": 8, ""hsf_l0"": 40.0164, ""sparse_l"": 41.545, ""sv_l"": 41.545, ""feat_secs"": 0.01264, ""feat_secs_frame"": 0.000692, ""feat_secs_hsf"": 0.011665}"
ct,"ct:n=32,L=16,t=4,nn=1",1,"{""n"": 32.0, ""L"": 16.0, ""t"": 4.0, ""nn"": 1.0}",plan,ok,0.000969,0.0075,2490368,0.0,0,0.0,0.0,engine=zero aborted=[] plan_secs=0.000963,"{""n"": 32, ""gates"": 747, ""g2"": 248, ""g3"": 0, ""depth2"": 16, ""t_count"": 4, ""rotations"": 4, ""d"": 4, ""dense_l"": 4.9069, ""redundant"": 0, ""obs_zero"": true, ""frame_l"": 9.545, ""chi_bits"": 8, ""mps_l"": 28.3371, ""hsf_k"": 8, ""hsf_na"": 16, ""hsf_nb"": 16, ""hsf_l"": 40.0164, ""sup"": 32, ""chi_bits0"": 8, ""mps_l0"": 28.3371, ""hsf_keff"": 8, ""hsf_l0"": 40.0164, ""sparse_l"": 41.545, ""sv_l"": 41.545, ""feat_secs"": 0.01264, ""feat_secs_frame"": 0.000692, ""feat_secs_hsf"": 0.011665}"
ct,"ct:n=32,L=16,t=16,nn=1",1,"{""n"": 32.0, ""L"": 16.0, ""t"": 16.0, ""nn"": 1.0}",planx,ok,0.001685,0.0076,3276800,0.0,0,0.0,0.0,engine=cstate aborted=[] plan_secs=0.000985,"{""n"": 32, ""gates"": 775, ""g2"": 248, ""g3"": 0, ""depth2"": 16, ""t_count"": 16, ""rotations"": 16, ""d"": 15, ""dense_l"": 16.0, ""redundant"": 1, ""obs_zero"": true, ""frame_l"": 9.5981, ""chi_bits"": 8, ""mps_l"": 28.3376, ""hsf_k"": 8, ""hsf_na"": 16, ""hsf_nb"": 16, ""hsf_l"": 40.017, ""sup"": 32, ""chi_bits0"": 8, ""mps_l0"": 28.3376, ""hsf_keff"": 8, ""hsf_l0"": 40.017, ""sparse_l"": 41.5981, ""sv_l"": 41.5981, ""feat_secs"": 0.012785, ""feat_secs_frame"": 0.000715, ""feat_secs_hsf"": 0.011786}"
ct,"ct:n=32,L=16,t=16,nn=1",1,"{""n"": 32.0, ""L"": 16.0, ""t"": 16.0, ""nn"": 1.0}",planp,ok,0.001564,0.0074,3276800,0.0,0,0.0,0.0,engine=cstate aborted=[] plan_secs=0.000989,"{""n"": 32, ""gates"": 775, ""g2"": 248, ""g3"": 0, ""depth2"": 16, ""t_count"": 16, ""rotations"": 16, ""d"": 15, ""dense_l"": 16.0, ""redundant"": 1, ""obs_zero"": true, ""frame_l"": 9.5981, ""chi_bits"": 8, ""mps_l"": 28.3376, ""hsf_k"": 8, ""hsf_na"": 16, ""hsf_nb"": 16, ""hsf_l"": 40.017, ""sup"": 32, ""chi_bits0"": 8, ""mps_l0"": 28.3376, ""hsf_keff"": 8, ""hsf_l0"": 40.017, ""sparse_l"": 41.5981, ""sv_l"": 41.5981, ""feat_secs"": 0.012785, ""feat_secs_frame"": 0.000715, ""feat_secs_hsf"": 0.011786}"
ct,"ct:n=32,L=16,t=16,nn=1",1,"{""n"": 32.0, ""L"": 16.0, ""t"": 16.0, ""nn"": 1.0}",plan,ok,0.001002,0.0075,2506752,0.0,0,0.0,0.0,engine=zero aborted=[] plan_secs=0.000995,"{""n"": 32, ""gates"": 775, ""g2"": 248, ""g3"": 0, ""depth2"": 16, ""t_count"": 16, ""rotations"": 16, ""d"": 15, ""dense_l"": 16.0, ""redundant"": 1, ""obs_zero"": true, ""frame_l"": 9.5981, ""chi_bits"": 8, ""mps_l"": 28.3376, ""hsf_k"": 8, ""hsf_na"": 16, ""hsf_nb"": 16, ""hsf_l"": 40.017, ""sup"": 32, ""chi_bits0"": 8, ""mps_l0"": 28.3376, ""hsf_keff"": 8, ""hsf_l0"": 40.017, ""sparse_l"": 41.5981, ""sv_l"": 41.5981, ""feat_secs"": 0.012785, ""feat_secs_frame"": 0.000715, ""feat_secs_hsf"": 0.011786}"
ct,"ct:n=32,L=16,t=32,nn=1",1,"{""n"": 32.0, ""L"": 16.0, ""t"": 32.0, ""nn"": 1.0}",planx,ok,0.030045,0.0359,5898240,9.930659071294477e-49,0,9.930659071294477e-49,0.0,engine=mps aborted=[] plan_secs=0.013642,"{""n"": 32, ""gates"": 809, ""g2"": 248, ""g3"": 0, ""depth2"": 16, ""t_count"": 32, ""rotations"": 32, ""d"": 26, ""dense_l"": 27.1523, ""redundant"": 6, ""obs_zero"": true, ""frame_l"": 9.66, ""chi_bits"": 8, ""mps_l"": 28.3378, ""hsf_k"": 8, ""hsf_na"": 16, ""hsf_nb"": 16, ""hsf_l"": 40.0177, ""sup"": 32, ""chi_bits0"": 8, ""mps_l0"": 28.3378, ""hsf_keff"": 8, ""hsf_l0"": 40.0177, ""sparse_l"": 41.66, ""sv_l"": 41.66, ""feat_secs"": 0.012438, ""feat_secs_frame"": 0.000725, ""feat_secs_hsf"": 0.011422}"
ct,"ct:n=32,L=16,t=32,nn=1",1,"{""n"": 32.0, ""L"": 16.0, ""t"": 32.0, ""nn"": 1.0}",planp,ok,0.029516,0.0355,5816320,9.930659071294477e-49,0,9.930659071294477e-49,0.0,engine=mps aborted=[] plan_secs=0.013570,"{""n"": 32, ""gates"": 809, ""g2"": 248, ""g3"": 0, ""depth2"": 16, ""t_count"": 32, ""rotations"": 32, ""d"": 26, ""dense_l"": 27.1523, ""redundant"": 6, ""obs_zero"": true, ""frame_l"": 9.66, ""chi_bits"": 8, ""mps_l"": 28.3378, ""hsf_k"": 8, ""hsf_na"": 16, ""hsf_nb"": 16, ""hsf_l"": 40.0177, ""sup"": 32, ""chi_bits0"": 8, ""mps_l0"": 28.3378, ""hsf_keff"": 8, ""hsf_l0"": 40.0177, ""sparse_l"": 41.66, ""sv_l"": 41.66, ""feat_secs"": 0.012438, ""feat_secs_frame"": 0.000725, ""feat_secs_hsf"": 0.011422}"
ct,"ct:n=32,L=16,t=32,nn=1",1,"{""n"": 32.0, ""L"": 16.0, ""t"": 32.0, ""nn"": 1.0}",plan,ok,0.013682,0.0188,2785280,0.0,0,9.930659071294477e-49,9.930659071294477e-49,engine=zero aborted=[] plan_secs=0.013676,"{""n"": 32, ""gates"": 809, ""g2"": 248, ""g3"": 0, ""depth2"": 16, ""t_count"": 32, ""rotations"": 32, ""d"": 26, ""dense_l"": 27.1523, ""redundant"": 6, ""obs_zero"": true, ""frame_l"": 9.66, ""chi_bits"": 8, ""mps_l"": 28.3378, ""hsf_k"": 8, ""hsf_na"": 16, ""hsf_nb"": 16, ""hsf_l"": 40.0177, ""sup"": 32, ""chi_bits0"": 8, ""mps_l0"": 28.3378, ""hsf_keff"": 8, ""hsf_l0"": 40.0177, ""sparse_l"": 41.66, ""sv_l"": 41.66, ""feat_secs"": 0.012438, ""feat_secs_frame"": 0.000725, ""feat_secs_hsf"": 0.011422}"
ct,"ct:n=32,L=16,t=64,nn=1",1,"{""n"": 32.0, ""L"": 16.0, ""t"": 64.0, ""nn"": 1.0}",planx,ok,0.020835,0.0263,4571136,1.044978857219807e-34,0,1.044978857219807e-34,0.0,engine=mps aborted=[] plan_secs=0.014012,"{""n"": 32, ""gates"": 872, ""g2"": 248, ""g3"": 0, ""depth2"": 16, ""t_count"": 64, ""rotations"": 64, ""d"": 32, ""dense_l"": 36.0817, ""redundant"": 32, ""obs_zero"": false, ""frame_l"": 22.0, ""chi_bits"": 8, ""mps_l"": 28.339, ""hsf_k"": 8, ""hsf_na"": 16, ""hsf_nb"": 16, ""hsf_l"": 40.0191, ""sup"": 32, ""chi_bits0"": 8, ""mps_l0"": 28.339, ""hsf_keff"": 8, ""hsf_l0"": 40.0191, ""sparse_l"": 41.7682, ""sv_l"": 41.7682, ""feat_secs"": 0.012846, ""feat_secs_frame"": 0.000767, ""feat_secs_hsf"": 0.01176}"
ct,"ct:n=32,L=16,t=64,nn=1",1,"{""n"": 32.0, ""L"": 16.0, ""t"": 64.0, ""nn"": 1.0}",planp,ok,0.020624,0.0268,4571136,1.044978857219807e-34,0,1.044978857219807e-34,0.0,engine=mps aborted=[] plan_secs=0.013968,"{""n"": 32, ""gates"": 872, ""g2"": 248, ""g3"": 0, ""depth2"": 16, ""t_count"": 64, ""rotations"": 64, ""d"": 32, ""dense_l"": 36.0817, ""redundant"": 32, ""obs_zero"": false, ""frame_l"": 22.0, ""chi_bits"": 8, ""mps_l"": 28.339, ""hsf_k"": 8, ""hsf_na"": 16, ""hsf_nb"": 16, ""hsf_l"": 40.0191, ""sup"": 32, ""chi_bits0"": 8, ""mps_l0"": 28.339, ""hsf_keff"": 8, ""hsf_l0"": 40.0191, ""sparse_l"": 41.7682, ""sv_l"": 41.7682, ""feat_secs"": 0.012846, ""feat_secs_frame"": 0.000767, ""feat_secs_hsf"": 0.01176}"
ct,"ct:n=32,L=16,t=64,nn=1",1,"{""n"": 32.0, ""L"": 16.0, ""t"": 64.0, ""nn"": 1.0}",plan,ok,0.020843,0.0272,4521984,1.044978857219807e-34,0,1.044978857219807e-34,0.0,engine=mps aborted=[] plan_secs=0.013917,"{""n"": 32, ""gates"": 872, ""g2"": 248, ""g3"": 0, ""depth2"": 16, ""t_count"": 64, ""rotations"": 64, ""d"": 32, ""dense_l"": 36.0817, ""redundant"": 32, ""obs_zero"": false, ""frame_l"": 22.0, ""chi_bits"": 8, ""mps_l"": 28.339, ""hsf_k"": 8, ""hsf_na"": 16, ""hsf_nb"": 16, ""hsf_l"": 40.0191, ""sup"": 32, ""chi_bits0"": 8, ""mps_l0"": 28.339, ""hsf_keff"": 8, ""hsf_l0"": 40.0191, ""sparse_l"": 41.7682, ""sv_l"": 41.7682, ""feat_secs"": 0.012846, ""feat_secs_frame"": 0.000767, ""feat_secs_hsf"": 0.01176}"
ct,"ct:n=32,L=32,t=4,nn=1",1,"{""n"": 32.0, ""L"": 32.0, ""t"": 4.0, ""nn"": 1.0}",planx,ok,0.00243,0.0067,2686976,0.0,0,0.0,0.0,engine=cstate aborted=[] plan_secs=0.001800,"{""n"": 32, ""gates"": 1498, ""g2"": 496, ""g3"": 0, ""depth2"": 32, ""t_count"": 4, ""rotations"": 4, ""d"": 4, ""dense_l"": 4.9069, ""redundant"": 0, ""obs_zero"": true, ""frame_l"": 10.5488, ""chi_bits"": 16, ""mps_l"": 48.8448, ""hsf_k"": 16, ""hsf_na"": 16, ""hsf_nb"": 16, ""hsf_l"": 48.0326, ""sup"": 32, ""chi_bits0"": 16, ""mps_l0"": 48.8448, ""hsf_keff"": 16, ""hsf_l0"": 48.0326, ""sparse_l"": 42.5488, ""sv_l"": 42.5488, ""feat_secs"": 0.013487, ""feat_secs_frame"": 0.001332, ""feat_secs_hsf"": 0.011689}"
ct,"ct:n=32,L=32,t=4,nn=1",1,"{""n"": 32.0, ""L"": 32.0, ""t"": 4.0, ""nn"": 1.0}",planp,ok,0.00242,0.0074,2670592,0.0,0,0.0,0.0,engine=cstate aborted=[] plan_secs=0.001795,"{""n"": 32, ""gates"": 1498, ""g2"": 496, ""g3"": 0, ""depth2"": 32, ""t_count"": 4, ""rotations"": 4, ""d"": 4, ""dense_l"": 4.9069, ""redundant"": 0, ""obs_zero"": true, ""frame_l"": 10.5488, ""chi_bits"": 16, ""mps_l"": 48.8448, ""hsf_k"": 16, ""hsf_na"": 16, ""hsf_nb"": 16, ""hsf_l"": 48.0326, ""sup"": 32, ""chi_bits0"": 16, ""mps_l0"": 48.8448, ""hsf_keff"": 16, ""hsf_l0"": 48.0326, ""sparse_l"": 42.5488, ""sv_l"": 42.5488, ""feat_secs"": 0.013487, ""feat_secs_frame"": 0.001332, ""feat_secs_hsf"": 0.011689}"
ct,"ct:n=32,L=32,t=4,nn=1",1,"{""n"": 32.0, ""L"": 32.0, ""t"": 4.0, ""nn"": 1.0}",plan,ok,0.001875,0.0075,2670592,0.0,0,0.0,0.0,engine=zero aborted=[] plan_secs=0.001869,"{""n"": 32, ""gates"": 1498, ""g2"": 496, ""g3"": 0, ""depth2"": 32, ""t_count"": 4, ""rotations"": 4, ""d"": 4, ""dense_l"": 4.9069, ""redundant"": 0, ""obs_zero"": true, ""frame_l"": 10.5488, ""chi_bits"": 16, ""mps_l"": 48.8448, ""hsf_k"": 16, ""hsf_na"": 16, ""hsf_nb"": 16, ""hsf_l"": 48.0326, ""sup"": 32, ""chi_bits0"": 16, ""mps_l0"": 48.8448, ""hsf_keff"": 16, ""hsf_l0"": 48.0326, ""sparse_l"": 42.5488, ""sv_l"": 42.5488, ""feat_secs"": 0.013487, ""feat_secs_frame"": 0.001332, ""feat_secs_hsf"": 0.011689}"
ct,"ct:n=32,L=32,t=16,nn=1",1,"{""n"": 32.0, ""L"": 32.0, ""t"": 16.0, ""nn"": 1.0}",planx,ok,0.002866,0.0072,3899392,0.0,0,0.0,0.0,engine=cstate aborted=[] plan_secs=0.001842,"{""n"": 32, ""gates"": 1543, ""g2"": 496, ""g3"": 0, ""depth2"": 32, ""t_count"": 16, ""rotations"": 16, ""d"": 16, ""dense_l"": 17.0, ""redundant"": 0, ""obs_zero"": true, ""frame_l"": 10.5915, ""chi_bits"": 16, ""mps_l"": 48.8448, ""hsf_k"": 16, ""hsf_na"": 16, ""hsf_nb"": 16, ""hsf_l"": 47.0336, ""sup"": 32, ""chi_bits0"": 16, ""mps_l0"": 48.8448, ""hsf_keff"": 15, ""hsf_l0"": 48.0336, ""sparse_l"": 42.5915, ""sv_l"": 42.5915, ""feat_secs"": 0.014044, ""feat_secs_frame"": 0.001649, ""feat_secs_hsf"": 0.011834}"
ct,"ct:n=32,L=32,t=16,nn=1",1,"{""n"": 32.0, ""L"": 32.0, ""t"": 16.0, ""nn"": 1.0}",planp,ok,0.00303,0.0076,3948544,0.0,0,0.0,0.0,engine=cstate aborted=[] plan_secs=0.001949,"{""n"": 32, ""gates"": 1543, ""g2"": 496, ""g3"": 0, ""depth2"": 32, ""t_count"": 16, ""rotations"": 16, ""d"": 16, ""dense_l"": 17.0, ""redundant"": 0, ""obs_zero"": true, ""frame_l"": 10.5915, ""chi_bits"": 16, ""mps_l"": 48.8448, ""hsf_k"": 16, ""hsf_na"": 16, ""hsf_nb"": 16, ""hsf_l"": 47.0336, ""sup"": 32, ""chi_bits0"": 16, ""mps_l0"": 48.8448, ""hsf_keff"": 15, ""hsf_l0"": 48.0336, ""sparse_l"": 42.5915, ""sv_l"": 42.5915, ""feat_secs"": 0.014044, ""feat_secs_frame"": 0.001649, ""feat_secs_hsf"": 0.011834}"
ct,"ct:n=32,L=32,t=16,nn=1",1,"{""n"": 32.0, ""L"": 32.0, ""t"": 16.0, ""nn"": 1.0}",plan,ok,0.001862,0.0070,2670592,0.0,0,0.0,0.0,engine=zero aborted=[] plan_secs=0.001855,"{""n"": 32, ""gates"": 1543, ""g2"": 496, ""g3"": 0, ""depth2"": 32, ""t_count"": 16, ""rotations"": 16, ""d"": 16, ""dense_l"": 17.0, ""redundant"": 0, ""obs_zero"": true, ""frame_l"": 10.5915, ""chi_bits"": 16, ""mps_l"": 48.8448, ""hsf_k"": 16, ""hsf_na"": 16, ""hsf_nb"": 16, ""hsf_l"": 47.0336, ""sup"": 32, ""chi_bits0"": 16, ""mps_l0"": 48.8448, ""hsf_keff"": 15, ""hsf_l0"": 48.0336, ""sparse_l"": 42.5915, ""sv_l"": 42.5915, ""feat_secs"": 0.014044, ""feat_secs_frame"": 0.001649, ""feat_secs_hsf"": 0.011834}"
ct,"ct:n=32,L=32,t=32,nn=1",1,"{""n"": 32.0, ""L"": 32.0, ""t"": 32.0, ""nn"": 1.0}",planx,ok,0.743266,0.7483,23298048,2.752943843129716e-18,0,2.752943843129716e-18,0.0,engine=mps aborted=[] plan_secs=0.016685,"{""n"": 32, ""gates"": 1565, ""g2"": 496, ""g3"": 0, ""depth2"": 32, ""t_count"": 32, ""rotations"": 32, ""d"": 29, ""dense_l"": 30.3219, ""redundant"": 3, ""obs_zero"": true, ""frame_l"": 10.6119, ""chi_bits"": 16, ""mps_l"": 48.8448, ""hsf_k"": 16, ""hsf_na"": 16, ""hsf_nb"": 16, ""hsf_l"": 48.034, ""sup"": 32, ""chi_bits0"": 16, ""mps_l0"": 48.8448, ""hsf_keff"": 16, ""hsf_l0"": 48.034, ""sparse_l"": 42.6119, ""sv_l"": 42.6119, ""feat_secs"": 0.013931, ""feat_secs_frame"": 0.001421, ""feat_secs_hsf"": 0.011995}"
ct,"ct:n=32,L=32,t=32,nn=1",1,"{""n"": 32.0, ""L"": 32.0, ""t"": 32.0, ""nn"": 1.0}",planp,ok,0.742879,0.7493,23396352,2.752943843129716e-18,0,2.752943843129716e-18,0.0,engine=mps aborted=[] plan_secs=0.016609,"{""n"": 32, ""gates"": 1565, ""g2"": 496, ""g3"": 0, ""depth2"": 32, ""t_count"": 32, ""rotations"": 32, ""d"": 29, ""dense_l"": 30.3219, ""redundant"": 3, ""obs_zero"": true, ""frame_l"": 10.6119, ""chi_bits"": 16, ""mps_l"": 48.8448, ""hsf_k"": 16, ""hsf_na"": 16, ""hsf_nb"": 16, ""hsf_l"": 48.034, ""sup"": 32, ""chi_bits0"": 16, ""mps_l0"": 48.8448, ""hsf_keff"": 16, ""hsf_l0"": 48.034, ""sparse_l"": 42.6119, ""sv_l"": 42.6119, ""feat_secs"": 0.013931, ""feat_secs_frame"": 0.001421, ""feat_secs_hsf"": 0.011995}"
ct,"ct:n=32,L=32,t=32,nn=1",1,"{""n"": 32.0, ""L"": 32.0, ""t"": 32.0, ""nn"": 1.0}",plan,ok,0.015977,0.0211,3014656,0.0,0,2.752943843129716e-18,2.752943843129716e-18,engine=zero aborted=[] plan_secs=0.015967,"{""n"": 32, ""gates"": 1565, ""g2"": 496, ""g3"": 0, ""depth2"": 32, ""t_count"": 32, ""rotations"": 32, ""d"": 29, ""dense_l"": 30.3219, ""redundant"": 3, ""obs_zero"": true, ""frame_l"": 10.6119, ""chi_bits"": 16, ""mps_l"": 48.8448, ""hsf_k"": 16, ""hsf_na"": 16, ""hsf_nb"": 16, ""hsf_l"": 48.034, ""sup"": 32, ""chi_bits0"": 16, ""mps_l0"": 48.8448, ""hsf_keff"": 16, ""hsf_l0"": 48.034, ""sparse_l"": 42.6119, ""sv_l"": 42.6119, ""feat_secs"": 0.013931, ""feat_secs_frame"": 0.001421, ""feat_secs_hsf"": 0.011995}"
ct,"ct:n=32,L=32,t=64,nn=1",1,"{""n"": 32.0, ""L"": 32.0, ""t"": 64.0, ""nn"": 1.0}",planx,ok,8.917326,8.9225,141737984,-4.293954244882509e-19,0,-4.293954244882509e-19,0.0,engine=mps aborted=[] plan_secs=0.016614,"{""n"": 32, ""gates"": 1627, ""g2"": 496, ""g3"": 0, ""depth2"": 32, ""t_count"": 64, ""rotations"": 64, ""d"": 32, ""dense_l"": 36.0928, ""redundant"": 32, ""obs_zero"": false, ""frame_l"": 22.0, ""chi_bits"": 16, ""mps_l"": 48.8448, ""hsf_k"": 16, ""hsf_na"": 16, ""hsf_nb"": 16, ""hsf_l"": 48.0354, ""sup"": 32, ""chi_bits0"": 16, ""mps_l0"": 48.8448, ""hsf_keff"": 16, ""hsf_l0"": 48.0354, ""sparse_l"": 42.668, ""sv_l"": 42.668, ""feat_secs"": 0.013716, ""feat_secs_frame"": 0.001571, ""feat_secs_hsf"": 0.011649}"
ct,"ct:n=32,L=32,t=64,nn=1",1,"{""n"": 32.0, ""L"": 32.0, ""t"": 64.0, ""nn"": 1.0}",planp,ok,8.92426,8.9307,141721600,-4.293954244882509e-19,0,-4.293954244882509e-19,0.0,engine=mps aborted=[] plan_secs=0.016588,"{""n"": 32, ""gates"": 1627, ""g2"": 496, ""g3"": 0, ""depth2"": 32, ""t_count"": 64, ""rotations"": 64, ""d"": 32, ""dense_l"": 36.0928, ""redundant"": 32, ""obs_zero"": false, ""frame_l"": 22.0, ""chi_bits"": 16, ""mps_l"": 48.8448, ""hsf_k"": 16, ""hsf_na"": 16, ""hsf_nb"": 16, ""hsf_l"": 48.0354, ""sup"": 32, ""chi_bits0"": 16, ""mps_l0"": 48.8448, ""hsf_keff"": 16, ""hsf_l0"": 48.0354, ""sparse_l"": 42.668, ""sv_l"": 42.668, ""feat_secs"": 0.013716, ""feat_secs_frame"": 0.001571, ""feat_secs_hsf"": 0.011649}"
ct,"ct:n=32,L=32,t=64,nn=1",1,"{""n"": 32.0, ""L"": 32.0, ""t"": 64.0, ""nn"": 1.0}",plan,ok,8.919008,8.9248,141737984,-4.293954244882509e-19,0,-4.293954244882509e-19,0.0,engine=mps aborted=[] plan_secs=0.016688,"{""n"": 32, ""gates"": 1627, ""g2"": 496, ""g3"": 0, ""depth2"": 32, ""t_count"": 64, ""rotations"": 64, ""d"": 32, ""dense_l"": 36.0928, ""redundant"": 32, ""obs_zero"": false, ""frame_l"": 22.0, ""chi_bits"": 16, ""mps_l"": 48.8448, ""hsf_k"": 16, ""hsf_na"": 16, ""hsf_nb"": 16, ""hsf_l"": 48.0354, ""sup"": 32, ""chi_bits0"": 16, ""mps_l0"": 48.8448, ""hsf_keff"": 16, ""hsf_l0"": 48.0354, ""sparse_l"": 42.668, ""sv_l"": 42.668, ""feat_secs"": 0.013716, ""feat_secs_frame"": 0.001571, ""feat_secs_hsf"": 0.011649}"
ct,"ct:n=20,L=1,t=4,nn=0",1,"{""n"": 20.0, ""L"": 1.0, ""t"": 4.0, ""nn"": 0.0}",planx,ok,0.000131,0.0046,2146304,0.0,0,0.0,0.0,engine=cstate aborted=[] plan_secs=0.000083,"{""n"": 20, ""gates"": 35, ""g2"": 10, ""g3"": 0, ""depth2"": 1, ""t_count"": 4, ""rotations"": 4, ""d"": 0, ""dense_l"": 2.0, ""redundant"": 4, ""obs_zero"": true, ""frame_l"": 5.1293, ""chi_bits"": 7, ""mps_l"": 25.5541, ""hsf_k"": 0, ""hsf_na"": 10, ""hsf_nb"": 10, ""hsf_l"": 20.0485, ""sup"": 13, ""chi_bits0"": 7, ""mps_l0"": 25.5541, ""hsf_keff"": 0, ""hsf_l0"": 20.0485, ""sparse_l"": 18.1293, ""sv_l"": 25.1293, ""feat_secs"": 0.001758, ""feat_secs_frame"": 5.8e-05, ""feat_secs_hsf"": 0.001672}"
ct,"ct:n=20,L=1,t=4,nn=0",1,"{""n"": 20.0, ""L"": 1.0, ""t"": 4.0, ""nn"": 0.0}",planp,ok,0.000115,0.0044,2162688,0.0,0,0.0,0.0,engine=cstate aborted=[] plan_secs=0.000081,"{""n"": 20, ""gates"": 35, ""g2"": 10, ""g3"": 0, ""depth2"": 1, ""t_count"": 4, ""rotations"": 4, ""d"": 0, ""dense_l"": 2.0, ""redundant"": 4, ""obs_zero"": true, ""frame_l"": 5.1293, ""chi_bits"": 7, ""mps_l"": 25.5541, ""hsf_k"": 0, ""hsf_na"": 10, ""hsf_nb"": 10, ""hsf_l"": 20.0485, ""sup"": 13, ""chi_bits0"": 7, ""mps_l0"": 25.5541, ""hsf_keff"": 0, ""hsf_l0"": 20.0485, ""sparse_l"": 18.1293, ""sv_l"": 25.1293, ""feat_secs"": 0.001758, ""feat_secs_frame"": 5.8e-05, ""feat_secs_hsf"": 0.001672}"
ct,"ct:n=20,L=1,t=4,nn=0",1,"{""n"": 20.0, ""L"": 1.0, ""t"": 4.0, ""nn"": 0.0}",plan,ok,8.7e-05,0.0047,2129920,0.0,0,0.0,0.0,engine=zero aborted=[] plan_secs=0.000082,"{""n"": 20, ""gates"": 35, ""g2"": 10, ""g3"": 0, ""depth2"": 1, ""t_count"": 4, ""rotations"": 4, ""d"": 0, ""dense_l"": 2.0, ""redundant"": 4, ""obs_zero"": true, ""frame_l"": 5.1293, ""chi_bits"": 7, ""mps_l"": 25.5541, ""hsf_k"": 0, ""hsf_na"": 10, ""hsf_nb"": 10, ""hsf_l"": 20.0485, ""sup"": 13, ""chi_bits0"": 7, ""mps_l0"": 25.5541, ""hsf_keff"": 0, ""hsf_l0"": 20.0485, ""sparse_l"": 18.1293, ""sv_l"": 25.1293, ""feat_secs"": 0.001758, ""feat_secs_frame"": 5.8e-05, ""feat_secs_hsf"": 0.001672}"
ct,"ct:n=20,L=1,t=16,nn=0",1,"{""n"": 20.0, ""L"": 1.0, ""t"": 16.0, ""nn"": 0.0}",planx,ok,0.000167,0.0065,2162688,0.0,0,0.0,0.0,engine=cstate aborted=[] plan_secs=0.000123,"{""n"": 20, ""gates"": 58, ""g2"": 10, ""g3"": 0, ""depth2"": 1, ""t_count"": 16, ""rotations"": 16, ""d"": 8, ""dense_l"": 9.2192, ""redundant"": 8, ""obs_zero"": true, ""frame_l"": 5.858, ""chi_bits"": 5, ""mps_l"": 19.9326, ""hsf_k"": 0, ""hsf_na"": 10, ""hsf_nb"": 10, ""hsf_l"": 20.0795, ""sup"": 18, ""chi_bits0"": 5, ""mps_l0"": 19.9326, ""hsf_keff"": 0, ""hsf_l0"": 20.0795, ""sparse_l"": 23.858, ""sv_l"": 25.858, ""feat_secs"": 0.001708, ""feat_secs_frame"": 7.3e-05, ""feat_secs_hsf"": 0.00159}"
ct,"ct:n=20,L=1,t=16,nn=0",1,"{""n"": 20.0, ""L"": 1.0, ""t"": 16.0, ""nn"": 0.0}",planp,ok,0.000164,0.0063,2195456,0.0,0,0.0,0.0,engine=cstate aborted=[] plan_secs=0.000120,"{""n"": 20, ""gates"": 58, ""g2"": 10, ""g3"": 0, ""depth2"": 1, ""t_count"": 16, ""rotations"": 16, ""d"": 8, ""dense_l"": 9.2192, ""redundant"": 8, ""obs_zero"": true, ""frame_l"": 5.858, ""chi_bits"": 5, ""mps_l"": 19.9326, ""hsf_k"": 0, ""hsf_na"": 10, ""hsf_nb"": 10, ""hsf_l"": 20.0795, ""sup"": 18, ""chi_bits0"": 5, ""mps_l0"": 19.9326, ""hsf_keff"": 0, ""hsf_l0"": 20.0795, ""sparse_l"": 23.858, ""sv_l"": 25.858, ""feat_secs"": 0.001708, ""feat_secs_frame"": 7.3e-05, ""feat_secs_hsf"": 0.00159}"
ct,"ct:n=20,L=1,t=16,nn=0",1,"{""n"": 20.0, ""L"": 1.0, ""t"": 16.0, ""nn"": 0.0}",plan,ok,0.000143,0.0037,2162688,0.0,0,0.0,0.0,engine=zero aborted=[] plan_secs=0.000137,"{""n"": 20, ""gates"": 58, ""g2"": 10, ""g3"": 0, ""depth2"": 1, ""t_count"": 16, ""rotations"": 16, ""d"": 8, ""dense_l"": 9.2192, ""redundant"": 8, ""obs_zero"": true, ""frame_l"": 5.858, ""chi_bits"": 5, ""mps_l"": 19.9326, ""hsf_k"": 0, ""hsf_na"": 10, ""hsf_nb"": 10, ""hsf_l"": 20.0795, ""sup"": 18, ""chi_bits0"": 5, ""mps_l0"": 19.9326, ""hsf_keff"": 0, ""hsf_l0"": 20.0795, ""sparse_l"": 23.858, ""sv_l"": 25.858, ""feat_secs"": 0.001708, ""feat_secs_frame"": 7.3e-05, ""feat_secs_hsf"": 0.00159}"
ct,"ct:n=20,L=1,t=32,nn=0",1,"{""n"": 20.0, ""L"": 1.0, ""t"": 32.0, ""nn"": 0.0}",planx,ok,0.000241,0.0044,2244608,0.0,0,0.0,0.0,engine=cstate aborted=[] plan_secs=0.000151,"{""n"": 20, ""gates"": 93, ""g2"": 10, ""g3"": 0, ""depth2"": 1, ""t_count"": 32, ""rotations"": 32, ""d"": 12, ""dense_l"": 14.5166, ""redundant"": 20, ""obs_zero"": true, ""frame_l"": 6.5392, ""chi_bits"": 7, ""mps_l"": 27.0644, ""hsf_k"": 0, ""hsf_na"": 10, ""hsf_nb"": 10, ""hsf_l"": 20.1254, ""sup"": 16, ""chi_bits0"": 7, ""mps_l0"": 27.0644, ""hsf_keff"": 0, ""hsf_l0"": 20.1254, ""sparse_l"": 22.5392, ""sv_l"": 26.5392, ""feat_secs"": 0.00182, ""feat_secs_frame"": 0.000103, ""feat_secs_hsf"": 0.001645}"
ct,"ct:n=20,L=1,t=32,nn=0",1,"{""n"": 20.0, ""L"": 1.0, ""t"": 32.0, ""nn"": 0.0}",planp,ok,0.000229,0.0044,2277376,0.0,0,0.0,0.0,engine=cstate aborted=[] plan_secs=0.000147,"{""n"": 20, ""gates"": 93, ""g2"": 10, ""g3"": 0, ""depth2"": 1, ""t_count"": 32, ""rotations"": 32, ""d"": 12, ""dense_l"": 14.5166, ""redundant"": 20, ""obs_zero"": true, ""frame_l"": 6.5392, ""chi_bits"": 7, ""mps_l"": 27.0644, ""hsf_k"": 0, ""hsf_na"": 10, ""hsf_nb"": 10, ""hsf_l"": 20.1254, ""sup"": 16, ""chi_bits0"": 7, ""mps_l0"": 27.0644, ""hsf_keff"": 0, ""hsf_l0"": 20.1254, ""sparse_l"": 22.5392, ""sv_l"": 26.5392, ""feat_secs"": 0.00182, ""feat_secs_frame"": 0.000103, ""feat_secs_hsf"": 0.001645}"
ct,"ct:n=20,L=1,t=32,nn=0",1,"{""n"": 20.0, ""L"": 1.0, ""t"": 32.0, ""nn"": 0.0}",plan,ok,0.000164,0.0069,2179072,0.0,0,0.0,0.0,engine=zero aborted=[] plan_secs=0.000156,"{""n"": 20, ""gates"": 93, ""g2"": 10, ""g3"": 0, ""depth2"": 1, ""t_count"": 32, ""rotations"": 32, ""d"": 12, ""dense_l"": 14.5166, ""redundant"": 20, ""obs_zero"": true, ""frame_l"": 6.5392, ""chi_bits"": 7, ""mps_l"": 27.0644, ""hsf_k"": 0, ""hsf_na"": 10, ""hsf_nb"": 10, ""hsf_l"": 20.1254, ""sup"": 16, ""chi_bits0"": 7, ""mps_l0"": 27.0644, ""hsf_keff"": 0, ""hsf_l0"": 20.1254, ""sparse_l"": 22.5392, ""sv_l"": 26.5392, ""feat_secs"": 0.00182, ""feat_secs_frame"": 0.000103, ""feat_secs_hsf"": 0.001645}"
ct,"ct:n=20,L=2,t=4,nn=0",1,"{""n"": 20.0, ""L"": 2.0, ""t"": 4.0, ""nn"": 0.0}",planx,ok,0.000178,0.0045,2162688,0.0,0,0.0,0.0,engine=cstate aborted=[] plan_secs=0.000130,"{""n"": 20, ""gates"": 62, ""g2"": 20, ""g3"": 0, ""depth2"": 2, ""t_count"": 4, ""rotations"": 4, ""d"": 2, ""dense_l"": 3.4594, ""redundant"": 2, ""obs_zero"": true, ""frame_l"": 5.9542, ""chi_bits"": 10, ""mps_l"": 34.4327, ""hsf_k"": 0, ""hsf_na"": 10, ""hsf_nb"": 10, ""hsf_l"": 20.0848, ""sup"": 15, ""chi_bits0"": 10, ""mps_l0"": 34.4327, ""hsf_keff"": 0, ""hsf_l0"": 20.0848, ""sparse_l"": 20.9542, ""sv_l"": 25.9542, ""feat_secs"": 0.00282, ""feat_secs_frame"": 0.000112, ""feat_secs_hsf"": 0.002654}"
ct,"ct:n=20,L=2,t=4,nn=0",1,"{""n"": 20.0, ""L"": 2.0, ""t"": 4.0, ""nn"": 0.0}",planp,ok,0.000171,0.0042,2179072,0.0,0,0.0,0.0,engine=cstate aborted=[] plan_secs=0.000129,"{""n"": 20, ""gates"": 62, ""g2"": 20, ""g3"": 0, ""depth2"": 2, ""t_count"": 4, ""rotations"": 4, ""d"": 2, ""dense_l"": 3.4594, ""redundant"": 2, ""obs_zero"": true, ""frame_l"": 5.9542, ""chi_bits"": 10, ""mps_l"": 34.4327, ""hsf_k"": 0, ""hsf_na"": 10, ""hsf_nb"": 10, ""hsf_l"": 20.0848, ""sup"": 15, ""chi_bits0"": 10, ""mps_l0"": 34.4327, ""hsf_keff"": 0, ""hsf_l0"": 20.0848, ""sparse_l"": 20.9542, ""sv_l"": 25.9542, ""feat_secs"": 0.00282, ""feat_secs_frame"": 0.000112, ""feat_secs_hsf"": 0.002654}"
ct,"ct:n=20,L=2,t=4,nn=0",1,"{""n"": 20.0, ""L"": 2.0, ""t"": 4.0, ""nn"": 0.0}",plan,ok,0.000147,0.0047,2146304,0.0,0,0.0,0.0,engine=zero aborted=[] plan_secs=0.000139,"{""n"": 20, ""gates"": 62, ""g2"": 20, ""g3"": 0, ""depth2"": 2, ""t_count"": 4, ""rotations"": 4, ""d"": 2, ""dense_l"": 3.4594, ""redundant"": 2, ""obs_zero"": true, ""frame_l"": 5.9542, ""chi_bits"": 10, ""mps_l"": 34.4327, ""hsf_k"": 0, ""hsf_na"": 10, ""hsf_nb"": 10, ""hsf_l"": 20.0848, ""sup"": 15, ""chi_bits0"": 10, ""mps_l0"": 34.4327, ""hsf_keff"": 0, ""hsf_l0"": 20.0848, ""sparse_l"": 20.9542, ""sv_l"": 25.9542, ""feat_secs"": 0.00282, ""feat_secs_frame"": 0.000112, ""feat_secs_hsf"": 0.002654}"
ct,"ct:n=20,L=2,t=16,nn=0",1,"{""n"": 20.0, ""L"": 2.0, ""t"": 16.0, ""nn"": 0.0}",planx,ok,0.000239,0.0066,2211840,0.0,0,0.0,0.0,engine=cstate aborted=[] plan_secs=0.000183,"{""n"": 20, ""gates"": 92, ""g2"": 20, ""g3"": 0, ""depth2"": 2, ""t_count"": 16, ""rotations"": 16, ""d"": 7, ""dense_l"": 9.2021, ""redundant"": 9, ""obs_zero"": true, ""frame_l"": 6.5236, ""chi_bits"": 10, ""mps_l"": 36.0684, ""hsf_k"": 2, ""hsf_na"": 10, ""hsf_nb"": 10, ""hsf_l"": 22.1241, ""sup"": 20, ""chi_bits0"": 10, ""mps_l0"": 36.0684, ""hsf_keff"": 2, ""hsf_l0"": 22.1241, ""sparse_l"": 26.5236, ""sv_l"": 26.5236, ""feat_secs"": 0.002955, ""feat_secs_frame"": 0.000111, ""feat_secs_hsf"": 0.002793}"
ct,"ct:n=20,L=2,t=16,nn=0",1,"{""n"": 20.0, ""L"": 2.0, ""t"": 16.0, ""nn"": 0.0}",planp,ok,0.000209,0.0063,2195456,0.0,0,0.0,0.0,engine=cstate aborted=[] plan_secs=0.000158,"{""n"": 20, ""gates"": 92, ""g2"": 20, ""g3"": 0, ""depth2"": 2, ""t_count"": 16, ""rotations"": 16, ""d"": 7, ""dense_l"": 9.2021, ""redundant"": 9, ""obs_zero"": true, ""frame_l"": 6.5236, ""chi_bits"": 10, ""mps_l"": 36.0684, ""hsf_k"": 2, ""hsf_na"": 10, ""hsf_nb"": 10, ""hsf_l"": 22.1241, ""sup"": 20, ""chi_bits0"": 10, ""mps_l0"": 36.0684, ""hsf_keff"": 2, ""hsf_l0"": 22.1241, ""sparse_l"": 26.5236, ""sv_l"": 26.5236, ""feat_secs"": 0.002955, ""feat_secs_frame"": 0.000111, ""feat_secs_hsf"": 0.002793}"
ct,"ct:n=20,L=2,t=16,nn=0",1,"{""n"": 20.0, ""L"": 2.0, ""t"": 16.0, ""nn"": 0.0}",plan,ok,0.000194,0.0069,2195456,0.0,0,0.0,0.0,engine=zero aborted=[] plan_secs=0.000182,"{""n"": 20, ""gates"": 92, ""g2"": 20, ""g3"": 0, ""depth2"": 2, ""t_count"": 16, ""rotations"": 16, ""d"": 7, ""dense_l"": 9.2021, ""redundant"": 9, ""obs_zero"": true, ""frame_l"": 6.5236, ""chi_bits"": 10, ""mps_l"": 36.0684, ""hsf_k"": 2, ""hsf_na"": 10, ""hsf_nb"": 10, ""hsf_l"": 22.1241, ""sup"": 20, ""chi_bits0"": 10, ""mps_l0"": 36.0684, ""hsf_keff"": 2, ""hsf_l0"": 22.1241, ""sparse_l"": 26.5236, ""sv_l"": 26.5236, ""feat_secs"": 0.002955, ""feat_secs_frame"": 0.000111, ""feat_secs_hsf"": 0.002793}"
ct,"ct:n=20,L=2,t=32,nn=0",1,"{""n"": 20.0, ""L"": 2.0, ""t"": 32.0, ""nn"": 0.0}",planx,ok,0.000559,0.0046,2801664,0.0,0,0.0,0.0,engine=cstate aborted=[] plan_secs=0.000187,"{""n"": 20, ""gates"": 126, ""g2"": 20, ""g3"": 0, ""depth2"": 2, ""t_count"": 32, ""rotations"": 32, ""d"": 14, ""dense_l"": 16.9377, ""redundant"": 18, ""obs_zero"": true, ""frame_l"": 6.9773, ""chi_bits"": 10, ""mps_l"": 34.8181, ""hsf_k"": 0, ""hsf_na"": 8, ""hsf_nb"": 12, ""hsf_l"": 20.5774, ""sup"": 20, ""chi_bits0"": 10, ""mps_l0"": 34.8181, ""hsf_keff"": 0, ""hsf_l0"": 20.5774, ""sparse_l"": 26.9773, ""sv_l"": 26.9773, ""feat_secs"": 0.002472, ""feat_secs_frame"": 0.000131, ""feat_secs_hsf"": 0.002276}"
ct,"ct:n=20,L=2,t=32,nn=0",1,"{""n"": 20.0, ""L"": 2.0, ""t"": 32.0, ""nn"": 0.0}",planp,ok,0.000584,0.0064,2818048,0.0,0,0.0,0.0,engine=cstate aborted=[] plan_secs=0.000189,"{""n"": 20, ""gates"": 126, ""g2"": 20, ""g3"": 0, ""depth2"": 2, ""t_count"": 32, ""rotations"": 32, ""d"": 14, ""dense_l"": 16.9377, ""redundant"": 18, ""obs_zero"": true, ""frame_l"": 6.9773, ""chi_bits"": 10, ""mps_l"": 34.8181, ""hsf_k"": 0, ""hsf_na"": 8, ""hsf_nb"": 12, ""hsf_l"": 20.5774, ""sup"": 20, ""chi_bits0"": 10, ""mps_l0"": 34.8181, ""hsf_keff"": 0, ""hsf_l0"": 20.5774, ""sparse_l"": 26.9773, ""sv_l"": 26.9773, ""feat_secs"": 0.002472, ""feat_secs_frame"": 0.000131, ""feat_secs_hsf"": 0.002276}"
ct,"ct:n=20,L=2,t=32,nn=0",1,"{""n"": 20.0, ""L"": 2.0, ""t"": 32.0, ""nn"": 0.0}",plan,ok,0.000207,0.0045,2179072,0.0,0,0.0,0.0,engine=zero aborted=[] plan_secs=0.000200,"{""n"": 20, ""gates"": 126, ""g2"": 20, ""g3"": 0, ""depth2"": 2, ""t_count"": 32, ""rotations"": 32, ""d"": 14, ""dense_l"": 16.9377, ""redundant"": 18, ""obs_zero"": true, ""frame_l"": 6.9773, ""chi_bits"": 10, ""mps_l"": 34.8181, ""hsf_k"": 0, ""hsf_na"": 8, ""hsf_nb"": 12, ""hsf_l"": 20.5774, ""sup"": 20, ""chi_bits0"": 10, ""mps_l0"": 34.8181, ""hsf_keff"": 0, ""hsf_l0"": 20.5774, ""sparse_l"": 26.9773, ""sv_l"": 26.9773, ""feat_secs"": 0.002472, ""feat_secs_frame"": 0.000131, ""feat_secs_hsf"": 0.002276}"
ct,"ct:n=20,L=4,t=4,nn=0",1,"{""n"": 20.0, ""L"": 4.0, ""t"": 4.0, ""nn"": 0.0}",planx,ok,0.000337,0.0071,2244608,0.0,0,0.0,0.0,engine=cstate aborted=[] plan_secs=0.000270,"{""n"": 20, ""gates"": 122, ""g2"": 40, ""g3"": 0, ""depth2"": 4, ""t_count"": 4, ""rotations"": 4, ""d"": 3, ""dense_l"": 4.1699, ""redundant"": 1, ""obs_zero"": true, ""frame_l"": 6.9307, ""chi_bits"": 10, ""mps_l"": 37.7999, ""hsf_k"": 10, ""hsf_na"": 10, ""hsf_nb"": 10, ""hsf_l"": 26.1624, ""sup"": 19, ""chi_bits0"": 10, ""mps_l0"": 37.7999, ""hsf_keff"": 6, ""hsf_l0"": 30.1624, ""sparse_l"": 25.9307, ""sv_l"": 26.9307, ""feat_secs"": 0.004839, ""feat_secs_frame"": 0.0002, ""feat_secs_hsf"": 0.004556}"
ct,"ct:n=20,L=4,t=4,nn=0",1,"{""n"": 20.0, ""L"": 4.0, ""t"": 4.0, ""nn"": 0.0}",planp,ok,0.0003,0.0062,2244608,0.0,0,0.0,0.0,engine=cstate aborted=[] plan_secs=0.000214,"{""n"": 20, ""gates"": 122, ""g2"": 40, ""g3"": 0, ""depth2"": 4, ""t_count"": 4, ""rotations"": 4, ""d"": 3, ""dense_l"": 4.1699, ""redundant"": 1, ""obs_zero"": true, ""frame_l"": 6.9307, ""chi_bits"": 10, ""mps_l"": 37.7999, ""hsf_k"": 10, ""hsf_na"": 10, ""hsf_nb"": 10, ""hsf_l"": 26.1624, ""sup"": 19, ""chi_bits0"": 10, ""mps_l0"": 37.7999, ""hsf_keff"": 6, ""hsf_l0"": 30.1624, ""sparse_l"": 25.9307, ""sv_l"": 26.9307, ""feat_secs"": 0.004839, ""feat_secs_frame"": 0.0002, ""feat_secs_hsf"": 0.004556}"
ct,"ct:n=20,L=4,t=4,nn=0",1,"{""n"": 20.0, ""L"": 4.0, ""t"": 4.0, ""nn"": 0.0}",plan,ok,0.000219,0.0067,2195456,0.0,0,0.0,0.0,engine=zero aborted=[] plan_secs=0.000213,"{""n"": 20, ""gates"": 122, ""g2"": 40, ""g3"": 0, ""depth2"": 4, ""t_count"": 4, ""rotations"": 4, ""d"": 3, ""dense_l"": 4.1699, ""redundant"": 1, ""obs_zero"": true, ""frame_l"": 6.9307, ""chi_bits"": 10, ""mps_l"": 37.7999, ""hsf_k"": 10, ""hsf_na"": 10, ""hsf_nb"": 10, ""hsf_l"": 26.1624, ""sup"": 19, ""chi_bits0"": 10, ""mps_l0"": 37.7999, ""hsf_keff"": 6, ""hsf_l0"": 30.1624, ""sparse_l"": 25.9307, ""sv_l"": 26.9307, ""feat_secs"": 0.004839, ""feat_secs_frame"": 0.0002, ""feat_secs_hsf"": 0.004556}"
ct,"ct:n=20,L=4,t=16,nn=0",1,"{""n"": 20.0, ""L"": 4.0, ""t"": 16.0, ""nn"": 0.0}",planx,ok,0.000319,0.0063,2277376,0.0,0,0.0,0.0,engine=cstate aborted=[] plan_secs=0.000237,"{""n"": 20, ""gates"": 156, ""g2"": 40, ""g3"": 0, ""depth2"": 4, ""t_count"": 16, ""rotations"": 16, ""d"": 10, ""dense_l"": 11.3685, ""redundant"": 6, ""obs_zero"": true, ""frame_l"": 7.2854, ""chi_bits"": 10, ""mps_l"": 38.1076, ""hsf_k"": 8, ""hsf_na"": 10, ""hsf_nb"": 10, ""hsf_l"": 28.2046, ""sup"": 20, ""chi_bits0"": 10, ""mps_l0"": 38.1076, ""hsf_keff"": 8, ""hsf_l0"": 28.2046, ""sparse_l"": 27.2854, ""sv_l"": 27.2854, ""feat_secs"": 0.004795, ""feat_secs_frame"": 0.000159, ""feat_secs_hsf"": 0.004555}"
ct,"ct:n=20,L=4,t=16,nn=0",1,"{""n"": 20.0, ""L"": 4.0, ""t"": 16.0, ""nn"": 0.0}",planp,ok,0.00033,0.0066,2244608,0.0,0,0.0,0.0,engine=cstate aborted=[] plan_secs=0.000250,"{""n"": 20, ""gates"": 156, ""g2"": 40, ""g3"": 0, ""depth2"": 4, ""t_count"": 16, ""rotations"": 16, ""d"": 10, ""dense_l"": 11.3685, ""redundant"": 6, ""obs_zero"": true, ""frame_l"": 7.2854, ""chi_bits"": 10, ""mps_l"": 38.1076, ""hsf_k"": 8, ""hsf_na"": 10, ""hsf_nb"": 10, ""hsf_l"": 28.2046, ""sup"": 20, ""chi_bits0"": 10, ""mps_l0"": 38.1076, ""hsf_keff"": 8, ""hsf_l0"": 28.2046, ""sparse_l"": 27.2854, ""sv_l"": 27.2854, ""feat_secs"": 0.004795, ""feat_secs_frame"": 0.000159, ""feat_secs_hsf"": 0.004555}"
ct,"ct:n=20,L=4,t=16,nn=0",1,"{""n"": 20.0, ""L"": 4.0, ""t"": 16.0, ""nn"": 0.0}",plan,ok,0.000289,0.0066,2244608,0.0,0,0.0,0.0,engine=zero aborted=[] plan_secs=0.000281,"{""n"": 20, ""gates"": 156, ""g2"": 40, ""g3"": 0, ""depth2"": 4, ""t_count"": 16, ""rotations"": 16, ""d"": 10, ""dense_l"": 11.3685, ""redundant"": 6, ""obs_zero"": true, ""frame_l"": 7.2854, ""chi_bits"": 10, ""mps_l"": 38.1076, ""hsf_k"": 8, ""hsf_na"": 10, ""hsf_nb"": 10, ""hsf_l"": 28.2046, ""sup"": 20, ""chi_bits0"": 10, ""mps_l0"": 38.1076, ""hsf_keff"": 8, ""hsf_l0"": 28.2046, ""sparse_l"": 27.2854, ""sv_l"": 27.2854, ""feat_secs"": 0.004795, ""feat_secs_frame"": 0.000159, ""feat_secs_hsf"": 0.004555}"
ct,"ct:n=20,L=4,t=32,nn=0",1,"{""n"": 20.0, ""L"": 4.0, ""t"": 32.0, ""nn"": 0.0}",planx,ok,0.000485,0.0069,2785280,0.0,0,0.0,0.0,engine=cstate aborted=[] plan_secs=0.000260,"{""n"": 20, ""gates"": 182, ""g2"": 40, ""g3"": 0, ""depth2"": 4, ""t_count"": 32, ""rotations"": 32, ""d"": 14, ""dense_l"": 15.1186, ""redundant"": 18, ""obs_zero"": true, ""frame_l"": 7.5078, ""chi_bits"": 10, ""mps_l"": 37.3954, ""hsf_k"": 8, ""hsf_na"": 8, ""hsf_nb"": 12, ""hsf_l"": 28.7748, ""sup"": 20, ""chi_bits0"": 10, ""mps_l0"": 37.3954, ""hsf_keff"": 8, ""hsf_l0"": 28.7748, ""sparse_l"": 27.5078, ""sv_l"": 27.5078, ""feat_secs"": 0.004198, ""feat_secs_frame"": 0.000172, ""feat_secs_hsf"": 0.003934}"
ct,"ct:n=20,L=4,t=32,nn=0",1,"{""n"": 20.0, ""L"": 4.0, ""t"": 32.0, ""nn"": 0.0}",planp,ok,0.000647,0.0074,2752512,0.0,0,0.0,0.0,engine=cstate aborted=[] plan_secs=0.000348,"{""n"": 20, ""gates"": 182, ""g2"": 40, ""g3"": 0, ""depth2"": 4, ""t_count"": 32, ""rotations"": 32, ""d"": 14, ""dense_l"": 15.1186, ""redundant"": 18, ""obs_zero"": true, ""frame_l"": 7.5078, ""chi_bits"": 10, ""mps_l"": 37.3954, ""hsf_k"": 8, ""hsf_na"": 8, ""hsf_nb"": 12, ""hsf_l"": 28.7748, ""sup"": 20, ""chi_bits0"": 10, ""mps_l0"": 37.3954, ""hsf_keff"": 8, ""hsf_l0"": 28.7748, ""sparse_l"": 27.5078, ""sv_l"": 27.5078, ""feat_secs"": 0.004198, ""feat_secs_frame"": 0.000172, ""feat_secs_hsf"": 0.003934}"
ct,"ct:n=20,L=4,t=32,nn=0",1,"{""n"": 20.0, ""L"": 4.0, ""t"": 32.0, ""nn"": 0.0}",plan,ok,0.000251,0.0067,2211840,0.0,0,0.0,0.0,engine=zero aborted=[] plan_secs=0.000245,"{""n"": 20, ""gates"": 182, ""g2"": 40, ""g3"": 0, ""depth2"": 4, ""t_count"": 32, ""rotations"": 32, ""d"": 14, ""dense_l"": 15.1186, ""redundant"": 18, ""obs_zero"": true, ""frame_l"": 7.5078, ""chi_bits"": 10, ""mps_l"": 37.3954, ""hsf_k"": 8, ""hsf_na"": 8, ""hsf_nb"": 12, ""hsf_l"": 28.7748, ""sup"": 20, ""chi_bits0"": 10, ""mps_l0"": 37.3954, ""hsf_keff"": 8, ""hsf_l0"": 28.7748, ""sparse_l"": 27.5078, ""sv_l"": 27.5078, ""feat_secs"": 0.004198, ""feat_secs_frame"": 0.000172, ""feat_secs_hsf"": 0.003934}"
ct,"ct:n=20,L=8,t=4,nn=0",1,"{""n"": 20.0, ""L"": 8.0, ""t"": 4.0, ""nn"": 0.0}",planx,ok,0.000454,0.0065,2310144,0.0,0,0.0,0.0,engine=cstate aborted=[] plan_secs=0.000341,"{""n"": 20, ""gates"": 240, ""g2"": 80, ""g3"": 0, ""depth2"": 8, ""t_count"": 4, ""rotations"": 4, ""d"": 4, ""dense_l"": 4.9069, ""redundant"": 0, ""obs_zero"": true, ""frame_l"": 7.9069, ""chi_bits"": 10, ""mps_l"": 39.2569, ""hsf_k"": 22, ""hsf_na"": 6, ""hsf_nb"": 14, ""hsf_l"": 38.2479, ""sup"": 20, ""chi_bits0"": 10, ""mps_l0"": 39.2569, ""hsf_keff"": 16, ""hsf_l0"": 44.2479, ""sparse_l"": 27.9069, ""sv_l"": 27.9069, ""feat_secs"": 0.00876, ""feat_secs_frame"": 0.000224, ""feat_secs_hsf"": 0.008414}"
ct,"ct:n=20,L=8,t=4,nn=0",1,"{""n"": 20.0, ""L"": 8.0, ""t"": 4.0, ""nn"": 0.0}",planp,ok,0.000451,0.0064,2310144,0.0,0,0.0,0.0,engine=cstate aborted=[] plan_secs=0.000342,"{""n"": 20, ""gates"": 240, ""g2"": 80, ""g3"": 0, ""depth2"": 8, ""t_count"": 4, ""rotations"": 4, ""d"": 4, ""dense_l"": 4.9069, ""redundant"": 0, ""obs_zero"": true, ""frame_l"": 7.9069, ""chi_bits"": 10, ""mps_l"": 39.2569, ""hsf_k"": 22, ""hsf_na"": 6, ""hsf_nb"": 14, ""hsf_l"": 38.2479, ""sup"": 20, ""chi_bits0"": 10, ""mps_l0"": 39.2569, ""hsf_keff"": 16, ""hsf_l0"": 44.2479, ""sparse_l"": 27.9069, ""sv_l"": 27.9069, ""feat_secs"": 0.00876, ""feat_secs_frame"": 0.000224, ""feat_secs_hsf"": 0.008414}"
ct,"ct:n=20,L=8,t=4,nn=0",1,"{""n"": 20.0, ""L"": 8.0, ""t"": 4.0, ""nn"": 0.0}",plan,ok,0.000348,0.0062,2293760,0.0,0,0.0,0.0,engine=zero aborted=[] plan_secs=0.000340,"{""n"": 20, ""gates"": 240, ""g2"": 80, ""g3"": 0, ""depth2"": 8, ""t_count"": 4, ""rotations"": 4, ""d"": 4, ""dense_l"": 4.9069, ""redundant"": 0, ""obs_zero"": true, ""frame_l"": 7.9069, ""chi_bits"": 10, ""mps_l"": 39.2569, ""hsf_k"": 22, ""hsf_na"": 6, ""hsf_nb"": 14, ""hsf_l"": 38.2479, ""sup"": 20, ""chi_bits0"": 10, ""mps_l0"": 39.2569, ""hsf_keff"": 16, ""hsf_l0"": 44.2479, ""sparse_l"": 27.9069, ""sv_l"": 27.9069, ""feat_secs"": 0.00876, ""feat_secs_frame"": 0.000224, ""feat_secs_hsf"": 0.008414}"
ct,"ct:n=20,L=8,t=16,nn=0",1,"{""n"": 20.0, ""L"": 8.0, ""t"": 16.0, ""nn"": 0.0}",planx,ok,0.000644,0.0077,2850816,0.0,0,0.0,0.0,engine=cstate aborted=[] plan_secs=0.000377,"{""n"": 20, ""gates"": 272, ""g2"": 80, ""g3"": 0, ""depth2"": 8, ""t_count"": 16, ""rotations"": 16, ""d"": 14, ""dense_l"": 15.0875, ""redundant"": 2, ""obs_zero"": true, ""frame_l"": 8.0875, ""chi_bits"": 10, ""mps_l"": 39.345, ""hsf_k"": 20, ""hsf_na"": 7, ""hsf_nb"": 13, ""hsf_l"": 38.6439, ""sup"": 20, ""chi_bits0"": 10, ""mps_l0"": 39.345, ""hsf_keff"": 17, ""hsf_l0"": 41.6439, ""sparse_l"": 28.0875, ""sv_l"": 28.0875, ""feat_secs"": 0.010258, ""feat_secs_frame"": 0.000243, ""feat_secs_hsf"": 0.009893}"
ct,"ct:n=20,L=8,t=16,nn=0",1,"{""n"": 20.0, ""L"": 8.0, ""t"": 16.0, ""nn"": 0.0}",planp,ok,0.000649,0.0076,2850816,0.0,0,0.0,0.0,engine=cstate aborted=[] plan_secs=0.000378,"{""n"": 20, ""gates"": 272, ""g2"": 80, ""g3"": 0, ""depth2"": 8, ""t_count"": 16, ""rotations"": 16, ""d"": 14, ""dense_l"": 15.0875, ""redundant"": 2, ""obs_zero"": true, ""frame_l"": 8.0875, ""chi_bits"": 10, ""mps_l"": 39.345, ""hsf_k"": 20, ""hsf_na"": 7, ""hsf_nb"": 13, ""hsf_l"": 38.6439, ""sup"": 20, ""chi_bits0"": 10, ""mps_l0"": 39.345, ""hsf_keff"": 17, ""hsf_l0"": 41.6439, ""sparse_l"": 28.0875, ""sv_l"": 28.0875, ""feat_secs"": 0.010258, ""feat_secs_frame"": 0.000243, ""feat_secs_hsf"": 0.009893}"
ct,"ct:n=20,L=8,t=16,nn=0",1,"{""n"": 20.0, ""L"": 8.0, ""t"": 16.0, ""nn"": 0.0}",plan,ok,0.000364,0.0064,2277376,0.0,0,0.0,0.0,engine=zero aborted=[] plan_secs=0.000358,"{""n"": 20, ""gates"": 272, ""g2"": 80, ""g3"": 0, ""depth2"": 8, ""t_count"": 16, ""rotations"": 16, ""d"": 14, ""dense_l"": 15.0875, ""redundant"": 2, ""obs_zero"": true, ""frame_l"": 8.0875, ""chi_bits"": 10, ""mps_l"": 39.345, ""hsf_k"": 20, ""hsf_na"": 7, ""hsf_nb"": 13, ""hsf_l"": 38.6439, ""sup"": 20, ""chi_bits0"": 10, ""mps_l0"": 39.345, ""hsf_keff"": 17, ""hsf_l0"": 41.6439, ""sparse_l"": 28.0875, ""sv_l"": 28.0875, ""feat_secs"": 0.010258, ""feat_secs_frame"": 0.000243, ""feat_secs_hsf"": 0.009893}"
ct,"ct:n=20,L=8,t=32,nn=0",1,"{""n"": 20.0, ""L"": 8.0, ""t"": 32.0, ""nn"": 0.0}",planx,ok,0.022082,0.0266,12107776,-1.590224949131144e-18,0,-1.590224949131144e-18,0.0,engine=cstate aborted=[] plan_secs=0.011516,"{""n"": 20, ""gates"": 298, ""g2"": 80, ""g3"": 0, ""depth2"": 8, ""t_count"": 32, ""rotations"": 32, ""d"": 19, ""dense_l"": 22.2799, ""redundant"": 13, ""obs_zero"": false, ""frame_l"": 11.5, ""chi_bits"": 10, ""mps_l"": 39.3208, ""hsf_k"": 20, ""hsf_na"": 7, ""hsf_nb"": 13, ""hsf_l"": 39.7347, ""sup"": 20, ""chi_bits0"": 10, ""mps_l0"": 39.3208, ""hsf_keff"": 18, ""hsf_l0"": 41.7347, ""sparse_l"": 28.2192, ""sv_l"": 28.2192, ""feat_secs"": 0.009097, ""feat_secs_frame"": 0.000283, ""feat_secs_hsf"": 0.00868}"
ct,"ct:n=20,L=8,t=32,nn=0",1,"{""n"": 20.0, ""L"": 8.0, ""t"": 32.0, ""nn"": 0.0}",planp,ok,0.024935,0.0309,13008896,-1.590224949131144e-18,0,-1.590224949131144e-18,0.0,engine=cstate aborted=[] plan_secs=0.014450,"{""n"": 20, ""gates"": 298, ""g2"": 80, ""g3"": 0, ""depth2"": 8, ""t_count"": 32, ""rotations"": 32, ""d"": 19, ""dense_l"": 22.2799, ""redundant"": 13, ""obs_zero"": false, ""frame_l"": 11.5, ""chi_bits"": 10, ""mps_l"": 39.3208, ""hsf_k"": 20, ""hsf_na"": 7, ""hsf_nb"": 13, ""hsf_l"": 39.7347, ""sup"": 20, ""chi_bits0"": 10, ""mps_l0"": 39.3208, ""hsf_keff"": 18, ""hsf_l0"": 41.7347, ""sparse_l"": 28.2192, ""sv_l"": 28.2192, ""feat_secs"": 0.009097, ""feat_secs_frame"": 0.000283, ""feat_secs_hsf"": 0.00868}"
ct,"ct:n=20,L=8,t=32,nn=0",1,"{""n"": 20.0, ""L"": 8.0, ""t"": 32.0, ""nn"": 0.0}",plan,ok,0.022576,0.0291,12091392,-1.590224949131144e-18,0,-1.590224949131144e-18,0.0,engine=cstate aborted=[] plan_secs=0.011431,"{""n"": 20, ""gates"": 298, ""g2"": 80, ""g3"": 0, ""depth2"": 8, ""t_count"": 32, ""rotations"": 32, ""d"": 19, ""dense_l"": 22.2799, ""redundant"": 13, ""obs_zero"": false, ""frame_l"": 11.5, ""chi_bits"": 10, ""mps_l"": 39.3208, ""hsf_k"": 20, ""hsf_na"": 7, ""hsf_nb"": 13, ""hsf_l"": 39.7347, ""sup"": 20, ""chi_bits0"": 10, ""mps_l0"": 39.3208, ""hsf_keff"": 18, ""hsf_l0"": 41.7347, ""sparse_l"": 28.2192, ""sv_l"": 28.2192, ""feat_secs"": 0.009097, ""feat_secs_frame"": 0.000283, ""feat_secs_hsf"": 0.00868}"
ct,"ct:n=24,L=1,t=4,nn=0",1,"{""n"": 24.0, ""L"": 1.0, ""t"": 4.0, ""nn"": 0.0}",planx,ok,0.000146,0.0044,2195456,0.0,0,0.0,0.0,engine=cstate aborted=[] plan_secs=0.000105,"{""n"": 24, ""gates"": 44, ""g2"": 12, ""g3"": 0, ""depth2"": 1, ""t_count"": 4, ""rotations"": 4, ""d"": 1, ""dense_l"": 2.3219, ""redundant"": 3, ""obs_zero"": true, ""frame_l"": 5.4594, ""chi_bits"": 6, ""mps_l"": 21.6174, ""hsf_k"": 0, ""hsf_na"": 12, ""hsf_nb"": 12, ""hsf_l"": 24.0154, ""sup"": 16, ""chi_bits0"": 6, ""mps_l0"": 21.6174, ""hsf_keff"": 0, ""hsf_l0"": 24.0154, ""sparse_l"": 21.4594, ""sv_l"": 29.4594, ""feat_secs"": 0.002727, ""feat_secs_frame"": 6.6e-05, ""feat_secs_hsf"": 0.002627}"
ct,"ct:n=24,L=1,t=4,nn=0",1,"{""n"": 24.0, ""L"": 1.0, ""t"": 4.0, ""nn"": 0.0}",planp,ok,0.000164,0.0044,2162688,0.0,0,0.0,0.0,engine=cstate aborted=[] plan_secs=0.000124,"{""n"": 24, ""gates"": 44, ""g2"": 12, ""g3"": 0, ""depth2"": 1, ""t_count"": 4, ""rotations"": 4, ""d"": 1, ""dense_l"": 2.3219, ""redundant"": 3, ""obs_zero"": true, ""frame_l"": 5.4594, ""chi_bits"": 6, ""mps_l"": 21.6174, ""hsf_k"": 0, ""hsf_na"": 12, ""hsf_nb"": 12, ""hsf_l"": 24.0154, ""sup"": 16, ""chi_bits0"": 6, ""mps_l0"": 21.6174, ""hsf_keff"": 0, ""hsf_l0"": 24.0154, ""sparse_l"": 21.4594, ""sv_l"": 29.4594, ""feat_secs"": 0.002727, ""feat_secs_frame"": 6.6e-05, ""feat_secs_hsf"": 0.002627}"
ct,"ct:n=24,L=1,t=4,nn=0",1,"{""n"": 24.0, ""L"": 1.0, ""t"": 4.0, ""nn"": 0.0}",plan,ok,0.000125,0.0044,2146304,0.0,0,0.0,0.0,engine=zero aborted=[] plan_secs=0.000119,"{""n"": 24, ""gates"": 44, ""g2"": 12, ""g3"": 0, ""depth2"": 1, ""t_count"": 4, ""rotations"": 4, ""d"": 1, ""dense_l"": 2.3219, ""redundant"": 3, ""obs_zero"": true, ""frame_l"": 5.4594, ""chi_bits"": 6, ""mps_l"": 21.6174, ""hsf_k"": 0, ""hsf_na"": 12, ""hsf_nb"": 12, ""hsf_l"": 24.0154, ""sup"": 16, ""chi_bits0"": 6, ""mps_l0"": 21.6174, ""hsf_keff"": 0, ""hsf_l0"": 24.0154, ""sparse_l"": 21.4594, ""sv_l"": 29.4594, ""feat_secs"": 0.002727, ""feat_secs_frame"": 6.6e-05, ""feat_secs_hsf"": 0.002627}"
ct,"ct:n=24,L=1,t=16,nn=0",1,"{""n"": 24.0, ""L"": 1.0, ""t"": 16.0, ""nn"": 0.0}",planx,ok,0.000177,0.0064,2211840,0.0,0,0.0,0.0,engine=cstate aborted=[] plan_secs=0.000123,"{""n"": 24, ""gates"": 64, ""g2"": 12, ""g3"": 0, ""depth2"": 1, ""t_count"": 16, ""rotations"": 16, ""d"": 9, ""dense_l"": 10.6493, ""redundant"": 7, ""obs_zero"": true, ""frame_l"": 6.0, ""chi_bits"": 8, ""mps_l"": 28.6952, ""hsf_k"": 0, ""hsf_na"": 12, ""hsf_nb"": 12, ""hsf_l"": 24.0224, ""sup"": 20, ""chi_bits0"": 8, ""mps_l0"": 28.6952, ""hsf_keff"": 0, ""hsf_l0"": 24.0224, ""sparse_l"": 26.0, ""sv_l"": 30.0, ""feat_secs"": 0.002785, ""feat_secs_frame"": 7.9e-05, ""feat_secs_hsf"": 0.002652}"
ct,"ct:n=24,L=1,t=16,nn=0",1,"{""n"": 24.0, ""L"": 1.0, ""t"": 16.0, ""nn"": 0.0}",planp,ok,0.000256,0.0066,2195456,0.0,0,0.0,0.0,engine=cstate aborted=[] plan_secs=0.000209,"{""n"": 24, ""gates"": 64, ""g2"": 12, ""g3"": 0, ""depth2"": 1, ""t_count"": 16, ""rotations"": 16, ""d"": 9, ""dense_l"": 10.6493, ""redundant"": 7, ""obs_zero"": true, ""frame_l"": 6.0, ""chi_bits"": 8, ""mps_l"": 28.6952, ""hsf_k"": 0, ""hsf_na"": 12, ""hsf_nb"": 12, ""hsf_l"": 24.0224, ""sup"": 20, ""chi_bits0"": 8, ""mps_l0"": 28.6952, ""hsf_keff"": 0, ""hsf_l0"": 24.0224, ""sparse_l"": 26.0, ""sv_l"": 30.0, ""feat_secs"": 0.002785, ""feat_secs_frame"": 7.9e-05, ""feat_secs_hsf"": 0.002652}"
ct,"ct:n=24,L=1,t=16,nn=0",1,"{""n"": 24.0, ""L"": 1.0, ""t"": 16.0, ""nn"": 0.0}",plan,ok,0.000157,0.0044,2162688,0.0,0,0.0,0.0,engine=zero aborted=[] plan_secs=0.000145,"{""n"": 24, ""gates"": 64, ""g2"": 12, ""g3"": 0, ""depth2"": 1, ""t_count"": 16, ""rotations"": 16, ""d"": 9, ""dense_l"": 10.6493, ""redundant"": 7, ""obs_zero"": true, ""frame_l"": 6.0, ""chi_bits"": 8, ""mps_l"": 28.6952, ""hsf_k"": 0, ""hsf_na"": 12, ""hsf_nb"": 12, ""hsf_l"": 24.0224, ""sup"": 20, ""chi_bits0"": 8, ""mps_l0"": 28.6952, ""hsf_keff"": 0, ""hsf_l0"": 24.0224, ""sparse_l"": 26.0, ""sv_l"": 30.0, ""feat_secs"": 0.002785, ""feat_secs_frame"": 7.9e-05, ""feat_secs_hsf"": 0.002652}"
ct,"ct:n=24,L=1,t=32,nn=0",1,"{""n"": 24.0, ""L"": 1.0, ""t"": 32.0, ""nn"": 0.0}",planx,ok,0.000287,0.0045,2359296,0.0,0,0.0,0.0,engine=cstate aborted=[] plan_secs=0.000163,"{""n"": 24, ""gates"": 98, ""g2"": 12, ""g3"": 0, ""depth2"": 1, ""t_count"": 32, ""rotations"": 32, ""d"": 13, ""dense_l"": 15.7125, ""redundant"": 19, ""obs_zero"": true, ""frame_l"": 6.6147, ""chi_bits"": 7, ""mps_l"": 25.5809, ""hsf_k"": 0, ""hsf_na"": 12, ""hsf_nb"": 12, ""hsf_l"": 24.0341, ""sup"": 20, ""chi_bits0"": 7, ""mps_l0"": 25.5809, ""hsf_keff"": 0, ""hsf_l0"": 24.0341, ""sparse_l"": 26.6147, ""sv_l"": 30.6147, ""feat_secs"": 0.002827, ""feat_secs_frame"": 0.000108, ""feat_secs_hsf"": 0.002663}"
ct,"ct:n=24,L=1,t=32,nn=0",1,"{""n"": 24.0, ""L"": 1.0, ""t"": 32.0, ""nn"": 0.0}",planp,ok,0.000278,0.0042,2342912,0.0,0,0.0,0.0,engine=cstate aborted=[] plan_secs=0.000159,"{""n"": 24, ""gates"": 98, ""g2"": 12, ""g3"": 0, ""depth2"": 1, ""t_count"": 32, ""rotations"": 32, ""d"": 13, ""dense_l"": 15.7125, ""redundant"": 19, ""obs_zero"": true, ""frame_l"": 6.6147, ""chi_bits"": 7, ""mps_l"": 25.5809, ""hsf_k"": 0, ""hsf_na"": 12, ""hsf_nb"": 12, ""hsf_l"": 24.0341, ""sup"": 20, ""chi_bits0"": 7, ""mps_l0"": 25.5809, ""hsf_keff"": 0, ""hsf_l0"": 24.0341, ""sparse_l"": 26.6147, ""sv_l"": 30.6147, ""feat_secs"": 0.002827, ""feat_secs_frame"": 0.000108, ""feat_secs_hsf"": 0.002663}"
ct,"ct:n=24,L=1,t=32,nn=0",1,"{""n"": 24.0, ""L"": 1.0, ""t"": 32.0, ""nn"": 0.0}",plan,ok,0.000169,0.0036,2195456,0.0,0,0.0,0.0,engine=zero aborted=[] plan_secs=0.000163,"{""n"": 24, ""gates"": 98, ""g2"": 12, ""g3"": 0, ""depth2"": 1, ""t_count"": 32, ""rotations"": 32, ""d"": 13, ""dense_l"": 15.7125, ""redundant"": 19, ""obs_zero"": true, ""frame_l"": 6.6147, ""chi_bits"": 7, ""mps_l"": 25.5809, ""hsf_k"": 0, ""hsf_na"": 12, ""hsf_nb"": 12, ""hsf_l"": 24.0341, ""sup"": 20, ""chi_bits0"": 7, ""mps_l0"": 25.5809, ""hsf_keff"": 0, ""hsf_l0"": 24.0341, ""sparse_l"": 26.6147, ""sv_l"": 30.6147, ""feat_secs"": 0.002827, ""feat_secs_frame"": 0.000108, ""feat_secs_hsf"": 0.002663}"
ct,"ct:n=24,L=2,t=4,nn=0",1,"{""n"": 24.0, ""L"": 2.0, ""t"": 4.0, ""nn"": 0.0}",planx,ok,0.000197,0.0045,2179072,0.0,0,0.0,0.0,engine=cstate aborted=[] plan_secs=0.000146,"{""n"": 24, ""gates"": 83, ""g2"": 24, ""g3"": 0, ""depth2"": 2, ""t_count"": 4, ""rotations"": 4, ""d"": 2, ""dense_l"": 3.3219, ""redundant"": 2, ""obs_zero"": true, ""frame_l"": 6.375, ""chi_bits"": 10, ""mps_l"": 35.9638, ""hsf_k"": 2, ""hsf_na"": 12, ""hsf_nb"": 12, ""hsf_l"": 26.0289, ""sup"": 22, ""chi_bits0"": 10, ""mps_l0"": 35.9638, ""hsf_keff"": 2, ""hsf_l0"": 26.0289, ""sparse_l"": 28.375, ""sv_l"": 30.375, ""feat_secs"": 0.004121, ""feat_secs_frame"": 0.000105, ""feat_secs_hsf"": 0.003965}"
ct,"ct:n=24,L=2,t=4,nn=0",1,"{""n"": 24.0, ""L"": 2.0, ""t"": 4.0, ""nn"": 0.0}",planp,ok,0.000213,0.0071,2211840,0.0,0,0.0,0.0,engine=cstate aborted=[] plan_secs=0.000165,"{""n"": 24, ""gates"": 83, ""g2"": 24, ""g3"": 0, ""depth2"": 2, ""t_count"": 4, ""rotations"": 4, ""d"": 2, ""dense_l"": 3.3219, ""redundant"": 2, ""obs_zero"": true, ""frame_l"": 6.375, ""chi_bits"": 10, ""mps_l"": 35.9638, ""hsf_k"": 2, ""hsf_na"": 12, ""hsf_nb"": 12, ""hsf_l"": 26.0289, ""sup"": 22, ""chi_bits0"": 10, ""mps_l0"": 35.9638, ""hsf_keff"": 2, ""hsf_l0"": 26.0289, ""sparse_l"": 28.375, ""sv_l"": 30.375, ""feat_secs"": 0.004121, ""feat_secs_frame"": 0.000105, ""feat_secs_hsf"": 0.003965}"
ct,"ct:n=24,L=2,t=4,nn=0",1,"{""n"": 24.0, ""L"": 2.0, ""t"": 4.0, ""nn"": 0.0}",plan,ok,0.000215,0.0045,2195456,0.0,0,0.0,0.0,engine=zero aborted=[] plan_secs=0.000208,"{""n"": 24, ""gates"": 83, ""g2"": 24, ""g3"": 0, ""depth2"": 2, ""t_count"": 4, ""rotations"": 4, ""d"": 2, ""dense_l"": 3.3219, ""redundant"": 2, ""obs_zero"": true, ""frame_l"": 6.375, ""chi_bits"": 10, ""mps_l"": 35.9638, ""hsf_k"": 2, ""hsf_na"": 12, ""hsf_nb"": 12, ""hsf_l"": 26.0289, ""sup"": 22, ""chi_bits0"": 10, ""mps_l0"": 35.9638, ""hsf_keff"": 2, ""hsf_l0"": 26.0289, ""sparse_l"": 28.375, ""sv_l"": 30.375, ""feat_secs"": 0.004121, ""feat_secs_frame"": 0.000105, ""feat_secs_hsf"": 0.003965}"
ct,"ct:n=24,L=2,t=16,nn=0",1,"{""n"": 24.0, ""L"": 2.0, ""t"": 16.0, ""nn"": 0.0}",planx,ok,0.000228,0.0042,2211840,0.0,0,0.0,0.0,engine=cstate aborted=[] plan_secs=0.000171,"{""n"": 24, ""gates"": 104, ""g2"": 24, ""g3"": 0, ""depth2"": 2, ""t_count"": 16, ""rotations"": 16, ""d"": 8, ""dense_l"": 9.7245, ""redundant"": 8, ""obs_zero"": true, ""frame_l"": 6.7004, ""chi_bits"": 10, ""mps_l"": 36.3802, ""hsf_k"": 2, ""hsf_na"": 12, ""hsf_nb"": 12, ""hsf_l"": 26.0362, ""sup"": 24, ""chi_bits0"": 10, ""mps_l0"": 36.3802, ""hsf_keff"": 2, ""hsf_l0"": 26.0362, ""sparse_l"": 30.7004, ""sv_l"": 30.7004, ""feat_secs"": 0.004269, ""feat_secs_frame"": 0.00012, ""feat_secs_hsf"": 0.004095}"
ct,"ct:n=24,L=2,t=16,nn=0",1,"{""n"": 24.0, ""L"": 2.0, ""t"": 16.0, ""nn"": 0.0}",planp,ok,0.000228,0.0042,2211840,0.0,0,0.0,0.0,engine=cstate aborted=[] plan_secs=0.000166,"{""n"": 24, ""gates"": 104, ""g2"": 24, ""g3"": 0, ""depth2"": 2, ""t_count"": 16, ""rotations"": 16, ""d"": 8, ""dense_l"": 9.7245, ""redundant"": 8, ""obs_zero"": true, ""frame_l"": 6.7004, ""chi_bits"": 10, ""mps_l"": 36.3802, ""hsf_k"": 2, ""hsf_na"": 12, ""hsf_nb"": 12, ""hsf_l"": 26.0362, ""sup"": 24, ""chi_bits0"": 10, ""mps_l0"": 36.3802, ""hsf_keff"": 2, ""hsf_l0"": 26.0362, ""sparse_l"": 30.7004, ""sv_l"": 30.7004, ""feat_secs"": 0.004269, ""feat_secs_frame"": 0.00012, ""feat_secs_hsf"": 0.004095}"
ct,"ct:n=24,L=2,t=16,nn=0",1,"{""n"": 24.0, ""L"": 2.0, ""t"": 16.0, ""nn"": 0.0}",plan,ok,0.000202,0.0070,2195456,0.0,0,0.0,0.0,engine=zero aborted=[] plan_secs=0.000194,"{""n"": 24, ""gates"": 104, ""g2"": 24, ""g3"": 0, ""depth2"": 2, ""t_count"": 16, ""rotations"": 16, ""d"": 8, ""dense_l"": 9.7245, ""redundant"": 8, ""obs_zero"": true, ""frame_l"": 6.7004, ""chi_bits"": 10, ""mps_l"": 36.3802, ""hsf_k"": 2, ""hsf_na"": 12, ""hsf_nb"": 12, ""hsf_l"": 26.0362, ""sup"": 24, ""chi_bits0"": 10, ""mps_l0"": 36.3802, ""hsf_keff"": 2, ""hsf_l0"": 26.0362, ""sparse_l"": 30.7004, ""sv_l"": 30.7004, ""feat_secs"": 0.004269, ""feat_secs_frame"": 0.00012, ""feat_secs_hsf"": 0.004095}"
ct,"ct:n=24,L=2,t=32,nn=0",1,"{""n"": 24.0, ""L"": 2.0, ""t"": 32.0, ""nn"": 0.0}",planx,ok,0.000462,0.0044,2785280,0.0,0,0.0,0.0,engine=cstate aborted=[] plan_secs=0.000207,"{""n"": 24, ""gates"": 136, ""g2"": 24, ""g3"": 0, ""depth2"": 2, ""t_count"": 32, ""rotations"": 32, ""d"": 14, ""dense_l"": 15.9494, ""redundant"": 18, ""obs_zero"": true, ""frame_l"": 7.0875, ""chi_bits"": 12, ""mps_l"": 42.0211, ""hsf_k"": 2, ""hsf_na"": 12, ""hsf_nb"": 12, ""hsf_l"": 26.0471, ""sup"": 24, ""chi_bits0"": 12, ""mps_l0"": 42.0211, ""hsf_keff"": 2, ""hsf_l0"": 26.0471, ""sparse_l"": 31.0875, ""sv_l"": 31.0875, ""feat_secs"": 0.004549, ""feat_secs_frame"": 0.000131, ""feat_secs_hsf"": 0.004355}"
ct,"ct:n=24,L=2,t=32,nn=0",1,"{""n"": 24.0, ""L"": 2.0, ""t"": 32.0, ""nn"": 0.0}",planp,ok,0.000539,0.0069,2768896,0.0,0,0.0,0.0,engine=cstate aborted=[] plan_secs=0.000270,"{""n"": 24, ""gates"": 136, ""g2"": 24, ""g3"": 0, ""depth2"": 2, ""t_count"": 32, ""rotations"": 32, ""d"": 14, ""dense_l"": 15.9494, ""redundant"": 18, ""obs_zero"": true, ""frame_l"": 7.0875, ""chi_bits"": 12, ""mps_l"": 42.0211, ""hsf_k"": 2, ""hsf_na"": 12, ""hsf_nb"": 12, ""hsf_l"": 26.0471, ""sup"": 24, ""chi_bits0"": 12, ""mps_l0"": 42.0211, ""hsf_keff"": 2, ""hsf_l0"": 26.0471, ""sparse_l"": 31.0875, ""sv_l"": 31.0875, ""feat_secs"": 0.004549, ""feat_secs_frame"": 0.000131, ""feat_secs_hsf"": 0.004355}"
ct,"ct:n=24,L=2,t=32,nn=0",1,"{""n"": 24.0, ""L"": 2.0, ""t"": 32.0, ""nn"": 0.0}",plan,ok,0.000282,0.0070,2244608,0.0,0,0.0,0.0,engine=zero aborted=[] plan_secs=0.000273,"{""n"": 24, ""gates"": 136, ""g2"": 24, ""g3"": 0, ""depth2"": 2, ""t_count"": 32, ""rotations"": 32, ""d"": 14, ""dense_l"": 15.9494, ""redundant"": 18, ""obs_zero"": true, ""frame_l"": 7.0875, ""chi_bits"": 12, ""mps_l"": 42.0211, ""hsf_k"": 2, ""hsf_na"": 12, ""hsf_nb"": 12, ""hsf_l"": 26.0471, ""sup"": 24, ""chi_bits0"": 12, ""mps_l0"": 42.0211, ""hsf_keff"": 2, ""hsf_l0"": 26.0471, ""sparse_l"": 31.0875, ""sv_l"": 31.0875, ""feat_secs"": 0.004549, ""feat_secs_frame"": 0.000131, ""feat_secs_hsf"": 0.004355}"
ct,"ct:n=24,L=4,t=4,nn=0",1,"{""n"": 24.0, ""L"": 4.0, ""t"": 4.0, ""nn"": 0.0}",planx,ok,0.000325,0.0045,2244608,0.0,0,0.0,0.0,engine=cstate aborted=[] plan_secs=0.000242,"{""n"": 24, ""gates"": 156, ""g2"": 48, ""g3"": 0, ""depth2"": 4, ""t_count"": 4, ""rotations"": 4, ""d"": 4, ""dense_l"": 4.9069, ""redundant"": 0, ""obs_zero"": true, ""frame_l"": 7.2854, ""chi_bits"": 12, ""mps_l"": 43.1981, ""hsf_k"": 10, ""hsf_na"": 12, ""hsf_nb"": 12, ""hsf_l"": 33.0539, ""sup"": 24, ""chi_bits0"": 12, ""mps_l0"": 43.1981, ""hsf_keff"": 9, ""hsf_l0"": 34.0539, ""sparse_l"": 31.2854, ""sv_l"": 31.2854, ""feat_secs"": 0.007008, ""feat_secs_frame"": 0.00017, ""feat_secs_hsf"": 0.006746}"
ct,"ct:n=24,L=4,t=4,nn=0",1,"{""n"": 24.0, ""L"": 4.0, ""t"": 4.0, ""nn"": 0.0}",planp,ok,0.000331,0.0061,2244608,0.0,0,0.0,0.0,engine=cstate aborted=[] plan_secs=0.000248,"{""n"": 24, ""gates"": 156, ""g2"": 48, ""g3"": 0, ""depth2"": 4, ""t_count"": 4, ""rotations"": 4, ""d"": 4, ""dense_l"": 4.9069, ""redundant"": 0, ""obs_zero"": true, ""frame_l"": 7.2854, ""chi_bits"": 12, ""mps_l"": 43.1981, ""hsf_k"": 10, ""hsf_na"": 12, ""hsf_nb"": 12, ""hsf_l"": 33.0539, ""sup"": 24, ""chi_bits0"": 12, ""mps_l0"": 43.1981, ""hsf_keff"": 9, ""hsf_l0"": 34.0539, ""sparse_l"": 31.2854, ""sv_l"": 31.2854, ""feat_secs"": 0.007008, ""feat_secs_frame"": 0.00017, ""feat_secs_hsf"": 0.006746}"
ct,"ct:n=24,L=4,t=4,nn=0",1,"{""n"": 24.0, ""L"": 4.0, ""t"": 4.0, ""nn"": 0.0}",plan,ok,0.000257,0.0044,2244608,0.0,0,0.0,0.0,engine=zero aborted=[] plan_secs=0.000250,"{""n"": 24, ""gates"": 156, ""g2"": 48, ""g3"": 0, ""depth2"": 4, ""t_count"": 4, ""rotations"": 4, ""d"": 4, ""dense_l"": 4.9069, ""redundant"": 0, ""obs_zero"": true, ""frame_l"": 7.2854, ""chi_bits"": 12, ""mps_l"": 43.1981, ""hsf_k"": 10, ""hsf_na"": 12, ""hsf_nb"": 12, ""hsf_l"": 33.0539, ""sup"": 24, ""chi_bits0"": 12, ""mps_l0"": 43.1981, ""hsf_keff"": 9, ""hsf_l0"": 34.0539, ""sparse_l"": 31.2854, ""sv_l"": 31.2854, ""feat_secs"": 0.007008, ""feat_secs_frame"": 0.00017, ""feat_secs_hsf"": 0.006746}"
ct,"ct:n=24,L=4,t=16,nn=0",1,"{""n"": 24.0, ""L"": 4.0, ""t"": 16.0, ""nn"": 0.0}",planx,ok,0.000382,0.0043,2326528,0.0,0,0.0,0.0,engine=cstate aborted=[] plan_secs=0.000279,"{""n"": 24, ""gates"": 186, ""g2"": 48, ""g3"": 0, ""depth2"": 4, ""t_count"": 16, ""rotations"": 16, ""d"": 11, ""dense_l"": 12.6163, ""redundant"": 5, ""obs_zero"": true, ""frame_l"": 7.5392, ""chi_bits"": 12, ""mps_l"": 43.9981, ""hsf_k"": 8, ""hsf_na"": 12, ""hsf_nb"": 12, ""hsf_l"": 29.0641, ""sup"": 24, ""chi_bits0"": 12, ""mps_l0"": 43.9981, ""hsf_keff"": 5, ""hsf_l0"": 32.0641, ""sparse_l"": 31.5392, ""sv_l"": 31.5392, ""feat_secs"": 0.00755, ""feat_secs_frame"": 0.000186, ""feat_secs_hsf"": 0.007258}"
ct,"ct:n=24,L=4,t=16,nn=0",1,"{""n"": 24.0, ""L"": 4.0, ""t"": 16.0, ""nn"": 0.0}",planp,ok,0.000464,0.0041,2326528,0.0,0,0.0,0.0,engine=cstate aborted=[] plan_secs=0.000357,"{""n"": 24, ""gates"": 186, ""g2"": 48, ""g3"": 0, ""depth2"": 4, ""t_count"": 16, ""rotations"": 16, ""d"": 11, ""dense_l"": 12.6163, ""redundant"": 5, ""obs_zero"": true, ""frame_l"": 7.5392, ""chi_bits"": 12, ""mps_l"": 43.9981, ""hsf_k"": 8, ""hsf_na"": 12, ""hsf_nb"": 12, ""hsf_l"": 29.0641, ""sup"": 24, ""chi_bits0"": 12, ""mps_l0"": 43.9981, ""hsf_keff"": 5, ""hsf_l0"": 32.0641, ""sparse_l"": 31.5392, ""sv_l"": 31.5392, ""feat_secs"": 0.00755, ""feat_secs_frame"": 0.000186, ""feat_secs_hsf"": 0.007258}"
ct,"ct:n=24,L=4,t=16,nn=0",1,"{""n"": 24.0, ""L"": 4.0, ""t"": 16.0, ""nn"": 0.0}",plan,ok,0.000275,0.0046,2260992,0.0,0,0.0,0.0,engine=zero aborted=[] plan_secs=0.000269,"{""n"": 24, ""gates"": 186, ""g2"": 48, ""g3"": 0, ""depth2"": 4, ""t_count"": 16, ""rotations"": 16, ""d"": 11, ""dense_l"": 12.6163, ""redundant"": 5, ""obs_zero"": true, ""frame_l"": 7.5392, ""chi_bits"": 12, ""mps_l"": 43.9981, ""hsf_k"": 8, ""hsf_na"": 12, ""hsf_nb"": 12, ""hsf_l"": 29.0641, ""sup"": 24, ""chi_bits0"": 12, ""mps_l0"": 43.9981, ""hsf_keff"": 5, ""hsf_l0"": 32.0641, ""sparse_l"": 31.5392, ""sv_l"": 31.5392, ""feat_secs"": 0.00755, ""feat_secs_frame"": 0.000186, ""feat_secs_hsf"": 0.007258}"
ct,"ct:n=24,L=4,t=32,nn=0",1,"{""n"": 24.0, ""L"": 4.0, ""t"": 32.0, ""nn"": 0.0}",planx,ok,0.001504,0.0066,4767744,0.0,0,0.0,0.0,engine=cstate aborted=[] plan_secs=0.000298,"{""n"": 24, ""gates"": 205, ""g2"": 48, ""g3"": 0, ""depth2"": 4, ""t_count"": 32, ""rotations"": 32, ""d"": 17, ""dense_l"": 18.5276, ""redundant"": 15, ""obs_zero"": true, ""frame_l"": 7.6795, ""chi_bits"": 12, ""mps_l"": 44.1896, ""hsf_k"": 10, ""hsf_na"": 12, ""hsf_nb"": 12, ""hsf_l"": 32.0705, ""sup"": 24, ""chi_bits0"": 12, ""mps_l0"": 44.1896, ""hsf_keff"": 8, ""hsf_l0"": 34.0705, ""sparse_l"": 31.6795, ""sv_l"": 31.6795, ""feat_secs"": 0.008219, ""feat_secs_frame"": 0.000193, ""feat_secs_hsf"": 0.00792}"
ct,"ct:n=24,L=4,t=32,nn=0",1,"{""n"": 24.0, ""L"": 4.0, ""t"": 32.0, ""nn"": 0.0}",planp,ok,0.001417,0.0076,4767744,0.0,0,0.0,0.0,engine=cstate aborted=[] plan_secs=0.000295,"{""n"": 24, ""gates"": 205, ""g2"": 48, ""g3"": 0, ""depth2"": 4, ""t_count"": 32, ""rotations"": 32, ""d"": 17, ""dense_l"": 18.5276, ""redundant"": 15, ""obs_zero"": true, ""frame_l"": 7.6795, ""chi_bits"": 12, ""mps_l"": 44.1896, ""hsf_k"": 10, ""hsf_na"": 12, ""hsf_nb"": 12, ""hsf_l"": 32.0705, ""sup"": 24, ""chi_bits0"": 12, ""mps_l0"": 44.1896, ""hsf_keff"": 8, ""hsf_l0"": 34.0705, ""sparse_l"": 31.6795, ""sv_l"": 31.6795, ""feat_secs"": 0.008219, ""feat_secs_frame"": 0.000193, ""feat_secs_hsf"": 0.00792}"
ct,"ct:n=24,L=4,t=32,nn=0",1,"{""n"": 24.0, ""L"": 4.0, ""t"": 32.0, ""nn"": 0.0}",plan,ok,0.00036,0.0076,2277376,0.0,0,0.0,0.0,engine=zero aborted=[] plan_secs=0.000353,"{""n"": 24, ""gates"": 205, ""g2"": 48, ""g3"": 0, ""depth2"": 4, ""t_count"": 32, ""rotations"": 32, ""d"": 17, ""dense_l"": 18.5276, ""redundant"": 15, ""obs_zero"": true, ""frame_l"": 7.6795, ""chi_bits"": 12, ""mps_l"": 44.1896, ""hsf_k"": 10, ""hsf_na"": 12, ""hsf_nb"": 12, ""hsf_l"": 32.0705, ""sup"": 24, ""chi_bits0"": 12, ""mps_l0"": 44.1896, ""hsf_keff"": 8, ""hsf_l0"": 34.0705, ""sparse_l"": 31.6795, ""sv_l"": 31.6795, ""feat_secs"": 0.008219, ""feat_secs_frame"": 0.000193, ""feat_secs_hsf"": 0.00792}"
ct,"ct:n=24,L=8,t=4,nn=0",1,"{""n"": 24.0, ""L"": 8.0, ""t"": 4.0, ""nn"": 0.0}",planx,ok,0.000557,0.0066,2342912,0.0,0,0.0,0.0,engine=cstate aborted=[] plan_secs=0.000421,"{""n"": 24, ""gates"": 292, ""g2"": 96, ""g3"": 0, ""depth2"": 8, ""t_count"": 4, ""rotations"": 4, ""d"": 4, ""dense_l"": 4.9069, ""redundant"": 0, ""obs_zero"": true, ""frame_l"": 8.1898, ""chi_bits"": 12, ""mps_l"": 45.5052, ""hsf_k"": 26, ""hsf_na"": 11, ""hsf_nb"": 13, ""hsf_l"": 48.1923, ""sup"": 24, ""chi_bits0"": 12, ""mps_l0"": 45.5052, ""hsf_keff"": 24, ""hsf_l0"": 50.1923, ""sparse_l"": 32.1898, ""sv_l"": 32.1898, ""feat_secs"": 0.01505, ""feat_secs_frame"": 0.000348, ""feat_secs_hsf"": 0.014569}"
ct,"ct:n=24,L=8,t=4,nn=0",1,"{""n"": 24.0, ""L"": 8.0, ""t"": 4.0, ""nn"": 0.0}",planp,ok,0.00057,0.0074,2342912,0.0,0,0.0,0.0,engine=cstate aborted=[] plan_secs=0.000424,"{""n"": 24, ""gates"": 292, ""g2"": 96, ""g3"": 0, ""depth2"": 8, ""t_count"": 4, ""rotations"": 4, ""d"": 4, ""dense_l"": 4.9069, ""redundant"": 0, ""obs_zero"": true, ""frame_l"": 8.1898, ""chi_bits"": 12, ""mps_l"": 45.5052, ""hsf_k"": 26, ""hsf_na"": 11, ""hsf_nb"": 13, ""hsf_l"": 48.1923, ""sup"": 24, ""chi_bits0"": 12, ""mps_l0"": 45.5052, ""hsf_keff"": 24, ""hsf_l0"": 50.1923, ""sparse_l"": 32.1898, ""sv_l"": 32.1898, ""feat_secs"": 0.01505, ""feat_secs_frame"": 0.000348, ""feat_secs_hsf"": 0.014569}"
ct,"ct:n=24,L=8,t=4,nn=0",1,"{""n"": 24.0, ""L"": 8.0, ""t"": 4.0, ""nn"": 0.0}",plan,ok,0.000414,0.0044,2293760,0.0,0,0.0,0.0,engine=zero aborted=[] plan_secs=0.000409,"{""n"": 24, ""gates"": 292, ""g2"": 96, ""g3"": 0, ""depth2"": 8, ""t_count"": 4, ""rotations"": 4, ""d"": 4, ""dense_l"": 4.9069, ""redundant"": 0, ""obs_zero"": true, ""frame_l"": 8.1898, ""chi_bits"": 12, ""mps_l"": 45.5052, ""hsf_k"": 26, ""hsf_na"": 11, ""hsf_nb"": 13, ""hsf_l"": 48.1923, ""sup"": 24, ""chi_bits0"": 12, ""mps_l0"": 45.5052, ""hsf_keff"": 24, ""hsf_l0"": 50.1923, ""sparse_l"": 32.1898, ""sv_l"": 32.1898, ""feat_secs"": 0.01505, ""feat_secs_frame"": 0.000348, ""feat_secs_hsf"": 0.014569}"
ct,"ct:n=24,L=8,t=16,nn=0",1,"{""n"": 24.0, ""L"": 8.0, ""t"": 16.0, ""nn"": 0.0}",planx,ok,0.000706,0.0073,2490368,0.0,0,0.0,0.0,engine=cstate aborted=[] plan_secs=0.000457,"{""n"": 24, ""gates"": 327, ""g2"": 96, ""g3"": 0, ""depth2"": 8, ""t_count"": 16, ""rotations"": 16, ""d"": 12, ""dense_l"": 13.003, ""redundant"": 4, ""obs_zero"": true, ""frame_l"": 8.3531, ""chi_bits"": 12, ""mps_l"": 45.7354, ""hsf_k"": 24, ""hsf_na"": 8, ""hsf_nb"": 16, ""hsf_l"": 46.1874, ""sup"": 24, ""chi_bits0"": 12, ""mps_l0"": 45.7354, ""hsf_keff"": 21, ""hsf_l0"": 49.1874, ""sparse_l"": 32.3531, ""sv_l"": 32.3531, ""feat_secs"": 0.017066, ""feat_secs_frame"": 0.000308, ""feat_secs_hsf"": 0.0166}"
ct,"ct:n=24,L=8,t=16,nn=0",1,"{""n"": 24.0, ""L"": 8.0, ""t"": 16.0, ""nn"": 0.0}",planp,ok,0.000604,0.0041,2457600,0.0,0,0.0,0.0,engine=cstate aborted=[] plan_secs=0.000435,"{""n"": 24, ""gates"": 327, ""g2"": 96, ""g3"": 0, ""depth2"": 8, ""t_count"": 16, ""rotations"": 16, ""d"": 12, ""dense_l"": 13.003, ""redundant"": 4, ""obs_zero"": true, ""frame_l"": 8.3531, ""chi_bits"": 12, ""mps_l"": 45.7354, ""hsf_k"": 24, ""hsf_na"": 8, ""hsf_nb"": 16, ""hsf_l"": 46.1874, ""sup"": 24, ""chi_bits0"": 12, ""mps_l0"": 45.7354, ""hsf_keff"": 21, ""hsf_l0"": 49.1874, ""sparse_l"": 32.3531, ""sv_l"": 32.3531, ""feat_secs"": 0.017066, ""feat_secs_frame"": 0.000308, ""feat_secs_hsf"": 0.0166}"
ct,"ct:n=24,L=8,t=16,nn=0",1,"{""n"": 24.0, ""L"": 8.0, ""t"": 16.0, ""nn"": 0.0}",plan,ok,0.000451,0.0041,2392064,0.0,0,0.0,0.0,engine=zero aborted=[] plan_secs=0.000445,"{""n"": 24, ""gates"": 327, ""g2"": 96, ""g3"": 0, ""depth2"": 8, ""t_count"": 16, ""rotations"": 16, ""d"": 12, ""dense_l"": 13.003, ""redundant"": 4, ""obs_zero"": true, ""frame_l"": 8.3531, ""chi_bits"": 12, ""mps_l"": 45.7354, ""hsf_k"": 24, ""hsf_na"": 8, ""hsf_nb"": 16, ""hsf_l"": 46.1874, ""sup"": 24, ""chi_bits0"": 12, ""mps_l0"": 45.7354, ""hsf_keff"": 21, ""hsf_l0"": 49.1874, ""sparse_l"": 32.3531, ""sv_l"": 32.3531, ""feat_secs"": 0.017066, ""feat_secs_frame"": 0.000308, ""feat_secs_hsf"": 0.0166}"
ct,"ct:n=24,L=8,t=32,nn=0",1,"{""n"": 24.0, ""L"": 8.0, ""t"": 32.0, ""nn"": 0.0}",planx,ok,0.04719,0.0518,70189056,0.0,0,0.0,0.0,engine=cstate aborted=[] plan_secs=0.021273,"{""n"": 24, ""gates"": 335, ""g2"": 96, ""g3"": 0, ""depth2"": 8, ""t_count"": 32, ""rotations"": 32, ""d"": 22, ""dense_l"": 23.7041, ""redundant"": 10, ""obs_zero"": true, ""frame_l"": 8.388, ""chi_bits"": 12, ""mps_l"": 45.5409, ""hsf_k"": 24, ""hsf_na"": 8, ""hsf_nb"": 16, ""hsf_l"": 46.207, ""sup"": 24, ""chi_bits0"": 12, ""mps_l0"": 45.5409, ""hsf_keff"": 21, ""hsf_l0"": 49.207, ""sparse_l"": 32.388, ""sv_l"": 32.388, ""feat_secs"": 0.016601, ""feat_secs_frame"": 0.000351, ""feat_secs_hsf"": 0.016089}"
ct,"ct:n=24,L=8,t=32,nn=0",1,"{""n"": 24.0, ""L"": 8.0, ""t"": 32.0, ""nn"": 0.0}",planp,ok,0.053002,0.0588,71647232,0.0,0,0.0,0.0,engine=cstate aborted=[] plan_secs=0.027082,"{""n"": 24, ""gates"": 335, ""g2"": 96, ""g3"": 0, ""depth2"": 8, ""t_count"": 32, ""rotations"": 32, ""d"": 22, ""dense_l"": 23.7041, ""redundant"": 10, ""obs_zero"": true, ""frame_l"": 8.388, ""chi_bits"": 12, ""mps_l"": 45.5409, ""hsf_k"": 24, ""hsf_na"": 8, ""hsf_nb"": 16, ""hsf_l"": 46.207, ""sup"": 24, ""chi_bits0"": 12, ""mps_l0"": 45.5409, ""hsf_keff"": 21, ""hsf_l0"": 49.207, ""sparse_l"": 32.388, ""sv_l"": 32.388, ""feat_secs"": 0.016601, ""feat_secs_frame"": 0.000351, ""feat_secs_hsf"": 0.016089}"
ct,"ct:n=24,L=8,t=32,nn=0",1,"{""n"": 24.0, ""L"": 8.0, ""t"": 32.0, ""nn"": 0.0}",plan,ok,0.020738,0.0264,2719744,0.0,0,0.0,0.0,engine=zero aborted=[] plan_secs=0.020731,"{""n"": 24, ""gates"": 335, ""g2"": 96, ""g3"": 0, ""depth2"": 8, ""t_count"": 32, ""rotations"": 32, ""d"": 22, ""dense_l"": 23.7041, ""redundant"": 10, ""obs_zero"": true, ""frame_l"": 8.388, ""chi_bits"": 12, ""mps_l"": 45.5409, ""hsf_k"": 24, ""hsf_na"": 8, ""hsf_nb"": 16, ""hsf_l"": 46.207, ""sup"": 24, ""chi_bits0"": 12, ""mps_l0"": 45.5409, ""hsf_keff"": 21, ""hsf_l0"": 49.207, ""sparse_l"": 32.388, ""sv_l"": 32.388, ""feat_secs"": 0.016601, ""feat_secs_frame"": 0.000351, ""feat_secs_hsf"": 0.016089}"
qaoa,"qaoa:n=12,p=1,deg=2,nn=1",1,"{""n"": 12.0, ""p"": 1.0, ""deg"": 2.0, ""nn"": 1.0}",planx,ok,0.000178,0.0064,2277376,0.00111536717678199,0,0.00111536717678199,0.0,engine=sv aborted=[] plan_secs=0.000000,"{""n"": 12, ""gates"": 60, ""g2"": 24, ""g3"": 0, ""depth2"": 22, ""t_count"": 0, ""rotations"": 24, ""d"": 11, ""dense_l"": 14.9068, ""redundant"": 13, ""obs_zero"": false, ""frame_l"": 11.085, ""chi_bits"": 4, ""mps_l"": 15.2222, ""hsf_k"": 4, ""hsf_na"": 6, ""hsf_nb"": 6, ""hsf_l"": 14.9542, ""sup"": 12, ""chi_bits0"": 4, ""mps_l0"": 15.2222, ""hsf_keff"": 2, ""hsf_l0"": 16.9542, ""sparse_l"": 17.9069, ""sv_l"": 17.9069, ""feat_secs"": 0.00066, ""feat_secs_frame"": 0.0001, ""feat_secs_hsf"": 0.000518}"
qaoa,"qaoa:n=12,p=1,deg=2,nn=1",1,"{""n"": 12.0, ""p"": 1.0, ""deg"": 2.0, ""nn"": 1.0}",planp,ok,0.000192,0.0063,2277376,0.00111536717678199,0,0.00111536717678199,0.0,engine=sv aborted=[] plan_secs=0.000001,"{""n"": 12, ""gates"": 60, ""g2"": 24, ""g3"": 0, ""depth2"": 22, ""t_count"": 0, ""rotations"": 24, ""d"": 11, ""dense_l"": 14.9068, ""redundant"": 13, ""obs_zero"": false, ""frame_l"": 11.085, ""chi_bits"": 4, ""mps_l"": 15.2222, ""hsf_k"": 4, ""hsf_na"": 6, ""hsf_nb"": 6, ""hsf_l"": 14.9542, ""sup"": 12, ""chi_bits0"": 4, ""mps_l0"": 15.2222, ""hsf_keff"": 2, ""hsf_l0"": 16.9542, ""sparse_l"": 17.9069, ""sv_l"": 17.9069, ""feat_secs"": 0.00066, ""feat_secs_frame"": 0.0001, ""feat_secs_hsf"": 0.000518}"
qaoa,"qaoa:n=12,p=1,deg=2,nn=1",1,"{""n"": 12.0, ""p"": 1.0, ""deg"": 2.0, ""nn"": 1.0}",plan,ok,0.000166,0.0066,2277376,0.00111536717678199,0,0.00111536717678199,0.0,engine=sv aborted=[] plan_secs=0.000000,"{""n"": 12, ""gates"": 60, ""g2"": 24, ""g3"": 0, ""depth2"": 22, ""t_count"": 0, ""rotations"": 24, ""d"": 11, ""dense_l"": 14.9068, ""redundant"": 13, ""obs_zero"": false, ""frame_l"": 11.085, ""chi_bits"": 4, ""mps_l"": 15.2222, ""hsf_k"": 4, ""hsf_na"": 6, ""hsf_nb"": 6, ""hsf_l"": 14.9542, ""sup"": 12, ""chi_bits0"": 4, ""mps_l0"": 15.2222, ""hsf_keff"": 2, ""hsf_l0"": 16.9542, ""sparse_l"": 17.9069, ""sv_l"": 17.9069, ""feat_secs"": 0.00066, ""feat_secs_frame"": 0.0001, ""feat_secs_hsf"": 0.000518}"
qaoa,"qaoa:n=12,p=1,deg=3,nn=1",1,"{""n"": 12.0, ""p"": 1.0, ""deg"": 3.0, ""nn"": 1.0}",planx,ok,0.000211,0.0045,2326528,0.02391202771754891,0,0.02391202771754891,0.0,engine=sv aborted=[] plan_secs=0.000000,"{""n"": 12, ""gates"": 96, ""g2"": 48, ""g3"": 0, ""depth2"": 42, ""t_count"": 0, ""rotations"": 36, ""d"": 11, ""dense_l"": 15.3224, ""redundant"": 25, ""obs_zero"": false, ""frame_l"": 17.6699, ""chi_bits"": 6, ""mps_l"": 24.2313, ""hsf_k"": 12, ""hsf_na"": 6, ""hsf_nb"": 6, ""hsf_l"": 17.3219, ""sup"": 12, ""chi_bits0"": 6, ""mps_l0"": 24.2313, ""hsf_keff"": 4, ""hsf_l0"": 25.3219, ""sparse_l"": 18.585, ""sv_l"": 18.585, ""feat_secs"": 0.000982, ""feat_secs_frame"": 0.000147, ""feat_secs_hsf"": 0.000777}"
qaoa,"qaoa:n=12,p=1,deg=3,nn=1",1,"{""n"": 12.0, ""p"": 1.0, ""deg"": 3.0, ""nn"": 1.0}",planp,ok,0.000244,0.0071,2342912,0.02391202771754891,0,0.02391202771754891,0.0,engine=sv aborted=[] plan_secs=0.000001,"{""n"": 12, ""gates"": 96, ""g2"": 48, ""g3"": 0, ""depth2"": 42, ""t_count"": 0, ""rotations"": 36, ""d"": 11, ""dense_l"": 15.3224, ""redundant"": 25, ""obs_zero"": false, ""frame_l"": 17.6699, ""chi_bits"": 6, ""mps_l"": 24.2313, ""hsf_k"": 12, ""hsf_na"": 6, ""hsf_nb"": 6, ""hsf_l"": 17.3219, ""sup"": 12, ""chi_bits0"": 6, ""mps_l0"": 24.2313, ""hsf_keff"": 4, ""hsf_l0"": 25.3219, ""sparse_l"": 18.585, ""sv_l"": 18.585, ""feat_secs"": 0.000982, ""feat_secs_frame"": 0.000147, ""feat_secs_hsf"": 0.000777}"
qaoa,"qaoa:n=12,p=1,deg=3,nn=1",1,"{""n"": 12.0, ""p"": 1.0, ""deg"": 3.0, ""nn"": 1.0}",plan,ok,0.000203,0.0064,2342912,0.02391202771754891,0,0.02391202771754891,0.0,engine=sv aborted=[] plan_secs=0.000000,"{""n"": 12, ""gates"": 96, ""g2"": 48, ""g3"": 0, ""depth2"": 42, ""t_count"": 0, ""rotations"": 36, ""d"": 11, ""dense_l"": 15.3224, ""redundant"": 25, ""obs_zero"": false, ""frame_l"": 17.6699, ""chi_bits"": 6, ""mps_l"": 24.2313, ""hsf_k"": 12, ""hsf_na"": 6, ""hsf_nb"": 6, ""hsf_l"": 17.3219, ""sup"": 12, ""chi_bits0"": 6, ""mps_l0"": 24.2313, ""hsf_keff"": 4, ""hsf_l0"": 25.3219, ""sparse_l"": 18.585, ""sv_l"": 18.585, ""feat_secs"": 0.000982, ""feat_secs_frame"": 0.000147, ""feat_secs_hsf"": 0.000777}"
qaoa,"qaoa:n=12,p=2,deg=2,nn=1",1,"{""n"": 12.0, ""p"": 2.0, ""deg"": 2.0, ""nn"": 1.0}",planx,ok,0.000355,0.0045,2244608,0.05811203816766158,0,0.05811203816766158,0.0,engine=cstate aborted=[] plan_secs=0.000200,"{""n"": 12, ""gates"": 108, ""g2"": 48, ""g3"": 0, ""depth2"": 26, ""t_count"": 0, ""rotations"": 48, ""d"": 11, ""dense_l"": 16.2854, ""redundant"": 37, ""obs_zero"": false, ""frame_l"": 24.085, ""chi_bits"": 6, ""mps_l"": 22.9041, ""hsf_k"": 8, ""hsf_na"": 6, ""hsf_nb"": 6, ""hsf_l"": 17.4263, ""sup"": 12, ""chi_bits0"": 6, ""mps_l0"": 22.9041, ""hsf_keff"": 4, ""hsf_l0"": 21.4263, ""sparse_l"": 18.7549, ""sv_l"": 18.7549, ""feat_secs"": 0.00072, ""feat_secs_frame"": 0.000152, ""feat_secs_hsf"": 0.000506}"
qaoa,"qaoa:n=12,p=2,deg=2,nn=1",1,"{""n"": 12.0, ""p"": 2.0, ""deg"": 2.0, ""nn"": 1.0}",planp,ok,0.000443,0.0068,2244608,0.05811203816766158,0,0.05811203816766158,0.0,engine=cstate aborted=[] plan_secs=0.000289,"{""n"": 12, ""gates"": 108, ""g2"": 48, ""g3"": 0, ""depth2"": 26, ""t_count"": 0, ""rotations"": 48, ""d"": 11, ""dense_l"": 16.2854, ""redundant"": 37, ""obs_zero"": false, ""frame_l"": 24.085, ""chi_bits"": 6, ""mps_l"": 22.9041, ""hsf_k"": 8, ""hsf_na"": 6, ""hsf_nb"": 6, ""hsf_l"": 17.4263, ""sup"": 12, ""chi_bits0"": 6, ""mps_l0"": 22.9041, ""hsf_keff"": 4, ""hsf_l0"": 21.4263, ""sparse_l"": 18.7549, ""sv_l"": 18.7549, ""feat_secs"": 0.00072, ""feat_secs_frame"": 0.000152, ""feat_secs_hsf"": 0.000506}"
qaoa,"qaoa:n=12,p=2,deg=2,nn=1",1,"{""n"": 12.0, ""p"": 2.0, ""deg"": 2.0, ""nn"": 1.0}",plan,ok,0.000402,0.0070,2244608,0.05811203816766158,0,0.05811203816766158,0.0,engine=cstate aborted=[] plan_secs=0.000214,"{""n"": 12, ""gates"": 108, ""g2"": 48, ""g3"": 0, ""depth2"": 26, ""t_count"": 0, ""rotations"": 48, ""d"": 11, ""dense_l"": 16.2854, ""redundant"": 37, ""obs_zero"": false, ""frame_l"": 24.085, ""chi_bits"": 6, ""mps_l"": 22.9041, ""hsf_k"": 8, ""hsf_na"": 6, ""hsf_nb"": 6, ""hsf_l"": 17.4263, ""sup"": 12, ""chi_bits0"": 6, ""mps_l0"": 22.9041, ""hsf_keff"": 4, ""hsf_l0"": 21.4263, ""sparse_l"": 18.7549, ""sv_l"": 18.7549, ""feat_secs"": 0.00072, ""feat_secs_frame"": 0.000152, ""feat_secs_hsf"": 0.000506}"
qaoa,"qaoa:n=12,p=2,deg=3,nn=1",1,"{""n"": 12.0, ""p"": 2.0, ""deg"": 3.0, ""nn"": 1.0}",planx,ok,0.000526,0.0060,2342912,0.06481481455626448,0,0.06481481455626448,0.0,engine=cstate aborted=[] plan_secs=0.000298,"{""n"": 12, ""gates"": 180, ""g2"": 96, ""g3"": 0, ""depth2"": 52, ""t_count"": 0, ""rotations"": 72, ""d"": 11, ""dense_l"": 16.8075, ""redundant"": 61, ""obs_zero"": false, ""frame_l"": 28.1699, ""chi_bits"": 6, ""mps_l"": 25.9364, ""hsf_k"": 24, ""hsf_na"": 6, ""hsf_nb"": 6, ""hsf_l"": 21.9307, ""sup"": 12, ""chi_bits0"": 6, ""mps_l0"": 25.9364, ""hsf_keff"": 8, ""hsf_l0"": 37.9307, ""sparse_l"": 19.4919, ""sv_l"": 19.4919, ""feat_secs"": 0.00106, ""feat_secs_frame"": 0.000208, ""feat_secs_hsf"": 0.000774}"
qaoa,"qaoa:n=12,p=2,deg=3,nn=1",1,"{""n"": 12.0, ""p"": 2.0, ""deg"": 3.0, ""nn"": 1.0}",planp,ok,0.000566,0.0069,2342912,0.06481481455626448,0,0.06481481455626448,0.0,engine=cstate aborted=[] plan_secs=0.000306,"{""n"": 12, ""gates"": 180, ""g2"": 96, ""g3"": 0, ""depth2"": 52, ""t_count"": 0, ""rotations"": 72, ""d"": 11, ""dense_l"": 16.8075, ""redundant"": 61, ""obs_zero"": false, ""frame_l"": 28.1699, ""chi_bits"": 6, ""mps_l"": 25.9364, ""hsf_k"": 24, ""hsf_na"": 6, ""hsf_nb"": 6, ""hsf_l"": 21.9307, ""sup"": 12, ""chi_bits0"": 6, ""mps_l0"": 25.9364, ""hsf_keff"": 8, ""hsf_l0"": 37.9307, ""sparse_l"": 19.4919, ""sv_l"": 19.4919, ""feat_secs"": 0.00106, ""feat_secs_frame"": 0.000208, ""feat_secs_hsf"": 0.000774}"
qaoa,"qaoa:n=12,p=2,deg=3,nn=1",1,"{""n"": 12.0, ""p"": 2.0, ""deg"": 3.0, ""nn"": 1.0}",plan,ok,0.000575,0.0076,2310144,0.06481481455626448,0,0.06481481455626448,0.0,engine=cstate aborted=[] plan_secs=0.000290,"{""n"": 12, ""gates"": 180, ""g2"": 96, ""g3"": 0, ""depth2"": 52, ""t_count"": 0, ""rotations"": 72, ""d"": 11, ""dense_l"": 16.8075, ""redundant"": 61, ""obs_zero"": false, ""frame_l"": 28.1699, ""chi_bits"": 6, ""mps_l"": 25.9364, ""hsf_k"": 24, ""hsf_na"": 6, ""hsf_nb"": 6, ""hsf_l"": 21.9307, ""sup"": 12, ""chi_bits0"": 6, ""mps_l0"": 25.9364, ""hsf_keff"": 8, ""hsf_l0"": 37.9307, ""sparse_l"": 19.4919, ""sv_l"": 19.4919, ""feat_secs"": 0.00106, ""feat_secs_frame"": 0.000208, ""feat_secs_hsf"": 0.000774}"
qaoa,"qaoa:n=12,p=3,deg=2,nn=1",1,"{""n"": 12.0, ""p"": 3.0, ""deg"": 2.0, ""nn"": 1.0}",planx,ok,0.000489,0.0046,2310144,0.1024017912892793,0,0.1024017912892793,0.0,engine=cstate aborted=[] plan_secs=0.000263,"{""n"": 12, ""gates"": 156, ""g2"": 72, ""g3"": 0, ""depth2"": 46, ""t_count"": 0, ""rotations"": 72, ""d"": 11, ""dense_l"": 16.9773, ""redundant"": 61, ""obs_zero"": false, ""frame_l"": 28.1699, ""chi_bits"": 6, ""mps_l"": 24.2043, ""hsf_k"": 12, ""hsf_na"": 6, ""hsf_nb"": 6, ""hsf_l"": 19.7814, ""sup"": 12, ""chi_bits0"": 6, ""mps_l0"": 24.2043, ""hsf_keff"": 6, ""hsf_l0"": 25.7814, ""sparse_l"": 19.2854, ""sv_l"": 19.2854, ""feat_secs"": 0.000797, ""feat_secs_frame"": 0.000189, ""feat_secs_hsf"": 0.000535}"
qaoa,"qaoa:n=12,p=3,deg=2,nn=1",1,"{""n"": 12.0, ""p"": 3.0, ""deg"": 2.0, ""nn"": 1.0}",planp,ok,0.000489,0.0045,2326528,0.1024017912892793,0,0.1024017912892793,0.0,engine=cstate aborted=[] plan_secs=0.000266,"{""n"": 12, ""gates"": 156, ""g2"": 72, ""g3"": 0, ""depth2"": 46, ""t_count"": 0, ""rotations"": 72, ""d"": 11, ""dense_l"": 16.9773, ""redundant"": 61, ""obs_zero"": false, ""frame_l"": 28.1699, ""chi_bits"": 6, ""mps_l"": 24.2043, ""hsf_k"": 12, ""hsf_na"": 6, ""hsf_nb"": 6, ""hsf_l"": 19.7814, ""sup"": 12, ""chi_bits0"": 6, ""mps_l0"": 24.2043, ""hsf_keff"": 6, ""hsf_l0"": 25.7814, ""sparse_l"": 19.2854, ""sv_l"": 19.2854, ""feat_secs"": 0.000797, ""feat_secs_frame"": 0.000189, ""feat_secs_hsf"": 0.000535}"
qaoa,"qaoa:n=12,p=3,deg=2,nn=1",1,"{""n"": 12.0, ""p"": 3.0, ""deg"": 2.0, ""nn"": 1.0}",plan,ok,0.00049,0.0044,2326528,0.1024017912892793,0,0.1024017912892793,0.0,engine=cstate aborted=[] plan_secs=0.000267,"{""n"": 12, ""gates"": 156, ""g2"": 72, ""g3"": 0, ""depth2"": 46, ""t_count"": 0, ""rotations"": 72, ""d"": 11, ""dense_l"": 16.9773, ""redundant"": 61, ""obs_zero"": false, ""frame_l"": 28.1699, ""chi_bits"": 6, ""mps_l"": 24.2043, ""hsf_k"": 12, ""hsf_na"": 6, ""hsf_nb"": 6, ""hsf_l"": 19.7814, ""sup"": 12, ""chi_bits0"": 6, ""mps_l0"": 24.2043, ""hsf_keff"": 6, ""hsf_l0"": 25.7814, ""sparse_l"": 19.2854, ""sv_l"": 19.2854, ""feat_secs"": 0.000797, ""feat_secs_frame"": 0.000189, ""feat_secs_hsf"": 0.000535}"
qaoa,"qaoa:n=12,p=3,deg=3,nn=1",1,"{""n"": 12.0, ""p"": 3.0, ""deg"": 3.0, ""nn"": 1.0}",planx,ok,0.00074,0.0062,2359296,0.1445911793610737,0,0.1445911793610737,0.0,engine=cstate aborted=[] plan_secs=0.000390,"{""n"": 12, ""gates"": 264, ""g2"": 144, ""g3"": 0, ""depth2"": 90, ""t_count"": 0, ""rotations"": 108, ""d"": 11, ""dense_l"": 17.5237, ""redundant"": 97, ""obs_zero"": false, ""frame_l"": 28.7549, ""chi_bits"": 6, ""mps_l"": 26.6962, ""hsf_k"": 36, ""hsf_na"": 6, ""hsf_nb"": 6, ""hsf_l"": 26.3576, ""sup"": 12, ""chi_bits0"": 6, ""mps_l0"": 26.6962, ""hsf_keff"": 12, ""hsf_l0"": 50.3576, ""sparse_l"": 20.0444, ""sv_l"": 20.0444, ""feat_secs"": 0.001184, ""feat_secs_frame"": 0.000291, ""feat_secs_hsf"": 0.00078}"
qaoa,"qaoa:n=12,p=3,deg=3,nn=1",1,"{""n"": 12.0, ""p"": 3.0, ""deg"": 3.0, ""nn"": 1.0}",planp,ok,0.000724,0.0042,2359296,0.1445911793610737,0,0.1445911793610737,0.0,engine=cstate aborted=[] plan_secs=0.000376,"{""n"": 12, ""gates"": 264, ""g2"": 144, ""g3"": 0, ""depth2"": 90, ""t_count"": 0, ""rotations"": 108, ""d"": 11, ""dense_l"": 17.5237, ""redundant"": 97, ""obs_zero"": false, ""frame_l"": 28.7549, ""chi_bits"": 6, ""mps_l"": 26.6962, ""hsf_k"": 36, ""hsf_na"": 6, ""hsf_nb"": 6, ""hsf_l"": 26.3576, ""sup"": 12, ""chi_bits0"": 6, ""mps_l0"": 26.6962, ""hsf_keff"": 12, ""hsf_l0"": 50.3576, ""sparse_l"": 20.0444, ""sv_l"": 20.0444, ""feat_secs"": 0.001184, ""feat_secs_frame"": 0.000291, ""feat_secs_hsf"": 0.00078}"
qaoa,"qaoa:n=12,p=3,deg=3,nn=1",1,"{""n"": 12.0, ""p"": 3.0, ""deg"": 3.0, ""nn"": 1.0}",plan,ok,0.000766,0.0073,2375680,0.1445911793610737,0,0.1445911793610737,0.0,engine=cstate aborted=[] plan_secs=0.000414,"{""n"": 12, ""gates"": 264, ""g2"": 144, ""g3"": 0, ""depth2"": 90, ""t_count"": 0, ""rotations"": 108, ""d"": 11, ""dense_l"": 17.5237, ""redundant"": 97, ""obs_zero"": false, ""frame_l"": 28.7549, ""chi_bits"": 6, ""mps_l"": 26.6962, ""hsf_k"": 36, ""hsf_na"": 6, ""hsf_nb"": 6, ""hsf_l"": 26.3576, ""sup"": 12, ""chi_bits0"": 6, ""mps_l0"": 26.6962, ""hsf_keff"": 12, ""hsf_l0"": 50.3576, ""sparse_l"": 20.0444, ""sv_l"": 20.0444, ""feat_secs"": 0.001184, ""feat_secs_frame"": 0.000291, ""feat_secs_hsf"": 0.00078}"
qaoa,"qaoa:n=16,p=1,deg=2,nn=1",1,"{""n"": 16.0, ""p"": 1.0, ""deg"": 2.0, ""nn"": 1.0}",planx,ok,0.000832,0.0074,2998272,9.180798965558503e-05,0,9.180798965558503e-05,0.0,engine=mps aborted=[] plan_secs=0.000370,"{""n"": 16, ""gates"": 80, ""g2"": 32, ""g3"": 0, ""depth2"": 30, ""t_count"": 0, ""rotations"": 32, ""d"": 15, ""dense_l"": 19.2479, ""redundant"": 17, ""obs_zero"": false, ""frame_l"": 13.5, ""chi_bits"": 4, ""mps_l"": 15.9327, ""hsf_k"": 4, ""hsf_na"": 8, ""hsf_nb"": 8, ""hsf_l"": 18.3923, ""sup"": 16, ""chi_bits0"": 4, ""mps_l0"": 15.9327, ""hsf_keff"": 2, ""hsf_l0"": 20.3923, ""sparse_l"": 22.3219, ""sv_l"": 22.3219, ""feat_secs"": 0.001374, ""feat_secs_frame"": 0.000113, ""feat_secs_hsf"": 0.00121}"
qaoa,"qaoa:n=16,p=1,deg=2,nn=1",1,"{""n"": 16.0, ""p"": 1.0, ""deg"": 2.0, ""nn"": 1.0}",planp,ok,0.000696,0.0076,2981888,9.180798965558503e-05,0,9.180798965558503e-05,0.0,engine=mps aborted=[] plan_secs=0.000318,"{""n"": 16, ""gates"": 80, ""g2"": 32, ""g3"": 0, ""depth2"": 30, ""t_count"": 0, ""rotations"": 32, ""d"": 15, ""dense_l"": 19.2479, ""redundant"": 17, ""obs_zero"": false, ""frame_l"": 13.5, ""chi_bits"": 4, ""mps_l"": 15.9327, ""hsf_k"": 4, ""hsf_na"": 8, ""hsf_nb"": 8, ""hsf_l"": 18.3923, ""sup"": 16, ""chi_bits0"": 4, ""mps_l0"": 15.9327, ""hsf_keff"": 2, ""hsf_l0"": 20.3923, ""sparse_l"": 22.3219, ""sv_l"": 22.3219, ""feat_secs"": 0.001374, ""feat_secs_frame"": 0.000113, ""feat_secs_hsf"": 0.00121}"
qaoa,"qaoa:n=16,p=1,deg=2,nn=1",1,"{""n"": 16.0, ""p"": 1.0, ""deg"": 2.0, ""nn"": 1.0}",plan,ok,0.000767,0.0076,2998272,9.180798965558503e-05,0,9.180798965558503e-05,0.0,engine=mps aborted=[] plan_secs=0.000397,"{""n"": 16, ""gates"": 80, ""g2"": 32, ""g3"": 0, ""depth2"": 30, ""t_count"": 0, ""rotations"": 32, ""d"": 15, ""dense_l"": 19.2479, ""redundant"": 17, ""obs_zero"": false, ""frame_l"": 13.5, ""chi_bits"": 4, ""mps_l"": 15.9327, ""hsf_k"": 4, ""hsf_na"": 8, ""hsf_nb"": 8, ""hsf_l"": 18.3923, ""sup"": 16, ""chi_bits0"": 4, ""mps_l0"": 15.9327, ""hsf_keff"": 2, ""hsf_l0"": 20.3923, ""sparse_l"": 22.3219, ""sv_l"": 22.3219, ""feat_secs"": 0.001374, ""feat_secs_frame"": 0.000113, ""feat_secs_hsf"": 0.00121}"
qaoa,"qaoa:n=16,p=1,deg=3,nn=1",1,"{""n"": 16.0, ""p"": 1.0, ""deg"": 3.0, ""nn"": 1.0}",planx,ok,0.001972,0.0066,3309568,0.005463186450761429,0,0.005463186450761429,0.0,engine=cstate aborted=[] plan_secs=0.000588,"{""n"": 16, ""gates"": 128, ""g2"": 64, ""g3"": 0, ""depth2"": 58, ""t_count"": 0, ""rotations"": 48, ""d"": 15, ""dense_l"": 19.585, ""redundant"": 33, ""obs_zero"": false, ""frame_l"": 22.085, ""chi_bits"": 8, ""mps_l"": 29.0831, ""hsf_k"": 12, ""hsf_na"": 8, ""hsf_nb"": 8, ""hsf_l"": 20.585, ""sup"": 16, ""chi_bits0"": 8, ""mps_l0"": 29.0831, ""hsf_keff"": 4, ""hsf_l0"": 28.585, ""sparse_l"": 23.0, ""sv_l"": 23.0, ""feat_secs"": 0.00185, ""feat_secs_frame"": 0.000151, ""feat_secs_hsf"": 0.001636}"
qaoa,"qaoa:n=16,p=1,deg=3,nn=1",1,"{""n"": 16.0, ""p"": 1.0, ""deg"": 3.0, ""nn"": 1.0}",planp,ok,0.002101,0.0063,3325952,0.005463186450761429,0,0.005463186450761429,0.0,engine=cstate aborted=[] plan_secs=0.000656,"{""n"": 16, ""gates"": 128, ""g2"": 64, ""g3"": 0, ""depth2"": 58, ""t_count"": 0, ""rotations"": 48, ""d"": 15, ""dense_l"": 19.585, ""redundant"": 33, ""obs_zero"": false, ""frame_l"": 22.085, ""chi_bits"": 8, ""mps_l"": 29.0831, ""hsf_k"": 12, ""hsf_na"": 8, ""hsf_nb"": 8, ""hsf_l"": 20.585, ""sup"": 16, ""chi_bits0"": 8, ""mps_l0"": 29.0831, ""hsf_keff"": 4, ""hsf_l0"": 28.585, ""sparse_l"": 23.0, ""sv_l"": 23.0, ""feat_secs"": 0.00185, ""feat_secs_frame"": 0.000151, ""feat_secs_hsf"": 0.001636}"
qaoa,"qaoa:n=16,p=1,deg=3,nn=1",1,"{""n"": 16.0, ""p"": 1.0, ""deg"": 3.0, ""nn"": 1.0}",plan,ok,0.001936,0.0067,3293184,0.005463186450761429,0,0.005463186450761429,0.0,engine=cstate aborted=[] plan_secs=0.000580,"{""n"": 16, ""gates"": 128, ""g2"": 64, ""g3"": 0, ""depth2"": 58, ""t_count"": 0, ""rotations"": 48, ""d"": 15, ""dense_l"": 19.585, ""redundant"": 33, ""obs_zero"": false, ""frame_l"": 22.085, ""chi_bits"": 8, ""mps_l"": 29.0831, ""hsf_k"": 12, ""hsf_na"": 8, ""hsf_nb"": 8, ""hsf_l"": 20.585, ""sup"": 16, ""chi_bits0"": 8, ""mps_l0"": 29.0831, ""hsf_keff"": 4, ""hsf_l0"": 28.585, ""sparse_l"": 23.0, ""sv_l"": 23.0, ""feat_secs"": 0.00185, ""feat_secs_frame"": 0.000151, ""feat_secs_hsf"": 0.001636}"
qaoa,"qaoa:n=16,p=2,deg=2,nn=1",1,"{""n"": 16.0, ""p"": 2.0, ""deg"": 2.0, ""nn"": 1.0}",planx,ok,0.002783,0.0074,3719168,0.01433923072832127,0,0.01433923072832127,0.0,engine=mps aborted=[] plan_secs=0.000517,"{""n"": 16, ""gates"": 144, ""g2"": 64, ""g3"": 0, ""depth2"": 34, ""t_count"": 0, ""rotations"": 64, ""d"": 15, ""dense_l"": 20.6724, ""redundant"": 49, ""obs_zero"": false, ""frame_l"": 30.5, ""chi_bits"": 8, ""mps_l"": 25.7064, ""hsf_k"": 8, ""hsf_na"": 8, ""hsf_nb"": 8, ""hsf_l"": 20.6439, ""sup"": 16, ""chi_bits0"": 8, ""mps_l0"": 25.7064, ""hsf_keff"": 4, ""hsf_l0"": 24.6439, ""sparse_l"": 23.1699, ""sv_l"": 23.1699, ""feat_secs"": 0.001474, ""feat_secs_frame"": 0.000181, ""feat_secs_hsf"": 0.001217}"
qaoa,"qaoa:n=16,p=2,deg=2,nn=1",1,"{""n"": 16.0, ""p"": 2.0, ""deg"": 2.0, ""nn"": 1.0}",planp,ok,0.003169,0.0075,3637248,0.01433923072832127,0,0.01433923072832127,0.0,engine=mps aborted=[] plan_secs=0.000509,"{""n"": 16, ""gates"": 144, ""g2"": 64, ""g3"": 0, ""depth2"": 34, ""t_count"": 0, ""rotations"": 64, ""d"": 15, ""dense_l"": 20.6724, ""redundant"": 49, ""obs_zero"": false, ""frame_l"": 30.5, ""chi_bits"": 8, ""mps_l"": 25.7064, ""hsf_k"": 8, ""hsf_na"": 8, ""hsf_nb"": 8, ""hsf_l"": 20.6439, ""sup"": 16, ""chi_bits0"": 8, ""mps_l0"": 25.7064, ""hsf_keff"": 4, ""hsf_l0"": 24.6439, ""sparse_l"": 23.1699, ""sv_l"": 23.1699, ""feat_secs"": 0.001474, ""feat_secs_frame"": 0.000181, ""feat_secs_hsf"": 0.001217}"
qaoa,"qaoa:n=16,p=2,deg=2,nn=1",1,"{""n"": 16.0, ""p"": 2.0, ""deg"": 2.0, ""nn"": 1.0}",plan,ok,0.002691,0.0094,3637248,0.01433923072832127,0,0.01433923072832127,0.0,engine=mps aborted=[] plan_secs=0.000524,"{""n"": 16, ""gates"": 144, ""g2"": 64, ""g3"": 0, ""depth2"": 34, ""t_count"": 0, ""rotations"": 64, ""d"": 15, ""dense_l"": 20.6724, ""redundant"": 49, ""obs_zero"": false, ""frame_l"": 30.5, ""chi_bits"": 8, ""mps_l"": 25.7064, ""hsf_k"": 8, ""hsf_na"": 8, ""hsf_nb"": 8, ""hsf_l"": 20.6439, ""sup"": 16, ""chi_bits0"": 8, ""mps_l0"": 25.7064, ""hsf_keff"": 4, ""hsf_l0"": 24.6439, ""sparse_l"": 23.1699, ""sv_l"": 23.1699, ""feat_secs"": 0.001474, ""feat_secs_frame"": 0.000181, ""feat_secs_hsf"": 0.001217}"
qaoa,"qaoa:n=16,p=2,deg=3,nn=1",1,"{""n"": 16.0, ""p"": 2.0, ""deg"": 3.0, ""nn"": 1.0}",planx,ok,0.006348,0.0123,4079616,0.02625858719579201,0,0.02625858719579201,0.0,engine=cstate aborted=[] plan_secs=0.001173,"{""n"": 16, ""gates"": 240, ""g2"": 128, ""g3"": 0, ""depth2"": 68, ""t_count"": 0, ""rotations"": 96, ""d"": 15, ""dense_l"": 21.1699, ""redundant"": 81, ""obs_zero"": false, ""frame_l"": 36.585, ""chi_bits"": 8, ""mps_l"": 31.6699, ""hsf_k"": 24, ""hsf_na"": 8, ""hsf_nb"": 8, ""hsf_l"": 24.9542, ""sup"": 16, ""chi_bits0"": 8, ""mps_l0"": 31.6699, ""hsf_keff"": 8, ""hsf_l0"": 40.9542, ""sparse_l"": 23.9069, ""sv_l"": 23.9069, ""feat_secs"": 0.002016, ""feat_secs_frame"": 0.000256, ""feat_secs_hsf"": 0.001655}"
qaoa,"qaoa:n=16,p=2,deg=3,nn=1",1,"{""n"": 16.0, ""p"": 2.0, ""deg"": 3.0, ""nn"": 1.0}",planp,ok,0.006105,0.0101,4063232,0.02625858719579201,0,0.02625858719579201,0.0,engine=cstate aborted=[] plan_secs=0.001111,"{""n"": 16, ""gates"": 240, ""g2"": 128, ""g3"": 0, ""depth2"": 68, ""t_count"": 0, ""rotations"": 96, ""d"": 15, ""dense_l"": 21.1699, ""redundant"": 81, ""obs_zero"": false, ""frame_l"": 36.585, ""chi_bits"": 8, ""mps_l"": 31.6699, ""hsf_k"": 24, ""hsf_na"": 8, ""hsf_nb"": 8, ""hsf_l"": 24.9542, ""sup"": 16, ""chi_bits0"": 8, ""mps_l0"": 31.6699, ""hsf_keff"": 8, ""hsf_l0"": 40.9542, ""sparse_l"": 23.9069, ""sv_l"": 23.9069, ""feat_secs"": 0.002016, ""feat_secs_frame"": 0.000256, ""feat_secs_hsf"": 0.001655}"
qaoa,"qaoa:n=16,p=2,deg=3,nn=1",1,"{""n"": 16.0, ""p"": 2.0, ""deg"": 3.0, ""nn"": 1.0}",plan,ok,0.006296,0.0124,4079616,0.02625858719579201,0,0.02625858719579201,0.0,engine=cstate aborted=[] plan_secs=0.001105,"{""n"": 16, ""gates"": 240, ""g2"": 128, ""g3"": 0, ""depth2"": 68, ""t_count"": 0, ""rotations"": 96, ""d"": 15, ""dense_l"": 21.1699, ""redundant"": 81, ""obs_zero"": false, ""frame_l"": 36.585, ""chi_bits"": 8, ""mps_l"": 31.6699, ""hsf_k"": 24, ""hsf_na"": 8, ""hsf_nb"": 8, ""hsf_l"": 24.9542, ""sup"": 16, ""chi_bits0"": 8, ""mps_l0"": 31.6699, ""hsf_keff"": 8, ""hsf_l0"": 40.9542, ""sparse_l"": 23.9069, ""sv_l"": 23.9069, ""feat_secs"": 0.002016, ""feat_secs_frame"": 0.000256, ""feat_secs_hsf"": 0.001655}"
qaoa,"qaoa:n=16,p=3,deg=2,nn=1",1,"{""n"": 16.0, ""p"": 3.0, ""deg"": 2.0, ""nn"": 1.0}",planx,ok,0.008339,0.0149,4096000,0.03784956967007535,0,0.03784956967007535,0.0,engine=cstate aborted=[] plan_secs=0.002325,"{""n"": 16, ""gates"": 208, ""g2"": 96, ""g3"": 0, ""depth2"": 62, ""t_count"": 0, ""rotations"": 96, ""d"": 15, ""dense_l"": 21.375, ""redundant"": 81, ""obs_zero"": false, ""frame_l"": 36.585, ""chi_bits"": 8, ""mps_l"": 29.5545, ""hsf_k"": 12, ""hsf_na"": 8, ""hsf_nb"": 8, ""hsf_l"": 22.858, ""sup"": 16, ""chi_bits0"": 8, ""mps_l0"": 29.5545, ""hsf_keff"": 6, ""hsf_l0"": 28.858, ""sparse_l"": 23.7004, ""sv_l"": 23.7004, ""feat_secs"": 0.001504, ""feat_secs_frame"": 0.000245, ""feat_secs_hsf"": 0.001168}"
qaoa,"qaoa:n=16,p=3,deg=2,nn=1",1,"{""n"": 16.0, ""p"": 3.0, ""deg"": 2.0, ""nn"": 1.0}",planp,ok,0.007748,0.0122,4096000,0.03784956967007535,0,0.03784956967007535,0.0,engine=cstate aborted=[] plan_secs=0.001867,"{""n"": 16, ""gates"": 208, ""g2"": 96, ""g3"": 0, ""depth2"": 62, ""t_count"": 0, ""rotations"": 96, ""d"": 15, ""dense_l"": 21.375, ""redundant"": 81, ""obs_zero"": false, ""frame_l"": 36.585, ""chi_bits"": 8, ""mps_l"": 29.5545, ""hsf_k"": 12, ""hsf_na"": 8, ""hsf_nb"": 8, ""hsf_l"": 22.858, ""sup"": 16, ""chi_bits0"": 8, ""mps_l0"": 29.5545, ""hsf_keff"": 6, ""hsf_l0"": 28.858, ""sparse_l"": 23.7004, ""sv_l"": 23.7004, ""feat_secs"": 0.001504, ""feat_secs_frame"": 0.000245, ""feat_secs_hsf"": 0.001168}"
qaoa,"qaoa:n=16,p=3,deg=2,nn=1",1,"{""n"": 16.0, ""p"": 3.0, ""deg"": 2.0, ""nn"": 1.0}",plan,ok,0.008013,0.0127,4128768,0.03784956967007535,0,0.03784956967007535,0.0,engine=cstate aborted=[] plan_secs=0.001996,"{""n"": 16, ""gates"": 208, ""g2"": 96, ""g3"": 0, ""depth2"": 62, ""t_count"": 0, ""rotations"": 96, ""d"": 15, ""dense_l"": 21.375, ""redundant"": 81, ""obs_zero"": false, ""frame_l"": 36.585, ""chi_bits"": 8, ""mps_l"": 29.5545, ""hsf_k"": 12, ""hsf_na"": 8, ""hsf_nb"": 8, ""hsf_l"": 22.858, ""sup"": 16, ""chi_bits0"": 8, ""mps_l0"": 29.5545, ""hsf_keff"": 6, ""hsf_l0"": 28.858, ""sparse_l"": 23.7004, ""sv_l"": 23.7004, ""feat_secs"": 0.001504, ""feat_secs_frame"": 0.000245, ""feat_secs_hsf"": 0.001168}"
qaoa,"qaoa:n=16,p=3,deg=3,nn=1",1,"{""n"": 16.0, ""p"": 3.0, ""deg"": 3.0, ""nn"": 1.0}",planx,ok,0.012575,0.0181,4259840,0.05554424523698827,0,0.05554424523698827,0.0,engine=cstate aborted=[] plan_secs=0.003244,"{""n"": 16, ""gates"": 352, ""g2"": 192, ""g3"": 0, ""depth2"": 122, ""t_count"": 0, ""rotations"": 144, ""d"": 15, ""dense_l"": 21.9069, ""redundant"": 129, ""obs_zero"": false, ""frame_l"": 37.1699, ""chi_bits"": 8, ""mps_l"": 32.5445, ""hsf_k"": 36, ""hsf_na"": 8, ""hsf_nb"": 8, ""hsf_l"": 29.2479, ""sup"": 16, ""chi_bits0"": 8, ""mps_l0"": 32.5445, ""hsf_keff"": 12, ""hsf_l0"": 53.2479, ""sparse_l"": 24.4594, ""sv_l"": 24.4594, ""feat_secs"": 0.002124, ""feat_secs_frame"": 0.000354, ""feat_secs_hsf"": 0.001627}"
qaoa,"qaoa:n=16,p=3,deg=3,nn=1",1,"{""n"": 16.0, ""p"": 3.0, ""deg"": 3.0, ""nn"": 1.0}",planp,ok,0.012607,0.0190,4259840,0.05554424523698827,0,0.05554424523698827,0.0,engine=cstate aborted=[] plan_secs=0.003784,"{""n"": 16, ""gates"": 352, ""g2"": 192, ""g3"": 0, ""depth2"": 122, ""t_count"": 0, ""rotations"": 144, ""d"": 15, ""dense_l"": 21.9069, ""redundant"": 129, ""obs_zero"": false, ""frame_l"": 37.1699, ""chi_bits"": 8, ""mps_l"": 32.5445, ""hsf_k"": 36, ""hsf_na"": 8, ""hsf_nb"": 8, ""hsf_l"": 29.2479, ""sup"": 16, ""chi_bits0"": 8, ""mps_l0"": 32.5445, ""hsf_keff"": 12, ""hsf_l0"": 53.2479, ""sparse_l"": 24.4594, ""sv_l"": 24.4594, ""feat_secs"": 0.002124, ""feat_secs_frame"": 0.000354, ""feat_secs_hsf"": 0.001627}"
qaoa,"qaoa:n=16,p=3,deg=3,nn=1",1,"{""n"": 16.0, ""p"": 3.0, ""deg"": 3.0, ""nn"": 1.0}",plan,ok,0.01214,0.0188,4259840,0.05554424523698827,0,0.05554424523698827,0.0,engine=cstate aborted=[] plan_secs=0.003271,"{""n"": 16, ""gates"": 352, ""g2"": 192, ""g3"": 0, ""depth2"": 122, ""t_count"": 0, ""rotations"": 144, ""d"": 15, ""dense_l"": 21.9069, ""redundant"": 129, ""obs_zero"": false, ""frame_l"": 37.1699, ""chi_bits"": 8, ""mps_l"": 32.5445, ""hsf_k"": 36, ""hsf_na"": 8, ""hsf_nb"": 8, ""hsf_l"": 29.2479, ""sup"": 16, ""chi_bits0"": 8, ""mps_l0"": 32.5445, ""hsf_keff"": 12, ""hsf_l0"": 53.2479, ""sparse_l"": 24.4594, ""sv_l"": 24.4594, ""feat_secs"": 0.002124, ""feat_secs_frame"": 0.000354, ""feat_secs_hsf"": 0.001627}"
qaoa,"qaoa:n=20,p=1,deg=2,nn=1",1,"{""n"": 20.0, ""p"": 1.0, ""deg"": 2.0, ""nn"": 1.0}",planx,ok,0.003149,0.0096,3129344,7.556889957442074e-06,0,7.556889957442074e-06,0.0,engine=mps aborted=[] plan_secs=0.002662,"{""n"": 20, ""gates"": 100, ""g2"": 40, ""g3"": 0, ""depth2"": 38, ""t_count"": 0, ""rotations"": 40, ""d"": 19, ""dense_l"": 23.5236, ""redundant"": 21, ""obs_zero"": false, ""frame_l"": 15.8219, ""chi_bits"": 4, ""mps_l"": 16.4066, ""hsf_k"": 4, ""hsf_na"": 10, ""hsf_nb"": 10, ""hsf_l"": 22.1344, ""sup"": 20, ""chi_bits0"": 4, ""mps_l0"": 16.4066, ""hsf_keff"": 2, ""hsf_l0"": 24.1344, ""sparse_l"": 26.6439, ""sv_l"": 26.6439, ""feat_secs"": 0.002375, ""feat_secs_frame"": 0.000148, ""feat_secs_hsf"": 0.002162}"
qaoa,"qaoa:n=20,p=1,deg=2,nn=1",1,"{""n"": 20.0, ""p"": 1.0, ""deg"": 2.0, ""nn"": 1.0}",planp,ok,0.00312,0.0101,3112960,7.556889957442074e-06,0,7.556889957442074e-06,0.0,engine=mps aborted=[] plan_secs=0.002660,"{""n"": 20, ""gates"": 100, ""g2"": 40, ""g3"": 0, ""depth2"": 38, ""t_count"": 0, ""rotations"": 40, ""d"": 19, ""dense_l"": 23.5236, ""redundant"": 21, ""obs_zero"": false, ""frame_l"": 15.8219, ""chi_bits"": 4, ""mps_l"": 16.4066, ""hsf_k"": 4, ""hsf_na"": 10, ""hsf_nb"": 10, ""hsf_l"": 22.1344, ""sup"": 20, ""chi_bits0"": 4, ""mps_l0"": 16.4066, ""hsf_keff"": 2, ""hsf_l0"": 24.1344, ""sparse_l"": 26.6439, ""sv_l"": 26.6439, ""feat_secs"": 0.002375, ""feat_secs_frame"": 0.000148, ""feat_secs_hsf"": 0.002162}"
qaoa,"qaoa:n=20,p=1,deg=2,nn=1",1,"{""n"": 20.0, ""p"": 1.0, ""deg"": 2.0, ""nn"": 1.0}",plan,ok,0.003314,0.0097,3096576,7.556889957442074e-06,0,7.556889957442074e-06,0.0,engine=mps aborted=[] plan_secs=0.002793,"{""n"": 20, ""gates"": 100, ""g2"": 40, ""g3"": 0, ""depth2"": 38, ""t_count"": 0, ""rotations"": 40, ""d"": 19, ""dense_l"": 23.5236, ""redundant"": 21, ""obs_zero"": false, ""frame_l"": 15.8219, ""chi_bits"": 4, ""mps_l"": 16.4066, ""hsf_k"": 4, ""hsf_na"": 10, ""hsf_nb"": 10, ""hsf_l"": 22.1344, ""sup"": 20, ""chi_bits0"": 4, ""mps_l0"": 16.4066, ""hsf_keff"": 2, ""hsf_l0"": 24.1344, ""sparse_l"": 26.6439, ""sv_l"": 26.6439, ""feat_secs"": 0.002375, ""feat_secs_frame"": 0.000148, ""feat_secs_hsf"": 0.002162}"
qaoa,"qaoa:n=20,p=1,deg=3,nn=1",1,"{""n"": 20.0, ""p"": 1.0, ""deg"": 3.0, ""nn"": 1.0}",planx,ok,0.00773,0.0134,3637248,0.001248878795127567,0,0.001248878795127567,0.0,engine=mps aborted=[] plan_secs=0.004021,"{""n"": 20, ""gates"": 160, ""g2"": 80, ""g3"": 0, ""depth2"": 74, ""t_count"": 0, ""rotations"": 60, ""d"": 19, ""dense_l"": 23.8074, ""redundant"": 41, ""obs_zero"": false, ""frame_l"": 26.4069, ""chi_bits"": 10, ""mps_l"": 32.5517, ""hsf_k"": 12, ""hsf_na"": 10, ""hsf_nb"": 10, ""hsf_l"": 24.2095, ""sup"": 20, ""chi_bits0"": 10, ""mps_l0"": 32.5517, ""hsf_keff"": 4, ""hsf_l0"": 32.2095, ""sparse_l"": 27.3219, ""sv_l"": 27.3219, ""feat_secs"": 0.003392, ""feat_secs_frame"": 0.000193, ""feat_secs_hsf"": 0.00312}"
qaoa,"qaoa:n=20,p=1,deg=3,nn=1",1,"{""n"": 20.0, ""p"": 1.0, ""deg"": 3.0, ""nn"": 1.0}",planp,ok,0.007734,0.0117,3637248,0.001248878795127567,0,0.001248878795127567,0.0,engine=mps aborted=[] plan_secs=0.004051,"{""n"": 20, ""gates"": 160, ""g2"": 80, ""g3"": 0, ""depth2"": 74, ""t_count"": 0, ""rotations"": 60, ""d"": 19, ""dense_l"": 23.8074, ""redundant"": 41, ""obs_zero"": false, ""frame_l"": 26.4069, ""chi_bits"": 10, ""mps_l"": 32.5517, ""hsf_k"": 12, ""hsf_na"": 10, ""hsf_nb"": 10, ""hsf_l"": 24.2095, ""sup"": 20, ""chi_bits0"": 10, ""mps_l0"": 32.5517, ""hsf_keff"": 4, ""hsf_l0"": 32.2095, ""sparse_l"": 27.3219, ""sv_l"": 27.3219, ""feat_secs"": 0.003392, ""feat_secs_frame"": 0.000193, ""feat_secs_hsf"": 0.00312}"
qaoa,"qaoa:n=20,p=1,deg=3,nn=1",1,"{""n"": 20.0, ""p"": 1.0, ""deg"": 3.0, ""nn"": 1.0}",plan,ok,0.007608,0.0117,3604480,0.001248878795127567,0,0.001248878795127567,0.0,engine=mps aborted=[] plan_secs=0.003911,"{""n"": 20, ""gates"": 160, ""g2"": 80, ""g3"": 0, ""depth2"": 74, ""t_count"": 0, ""rotations"": 60, ""d"": 19, ""dense_l"": 23.8074, ""redundant"": 41, ""obs_zero"": false, ""frame_l"": 26.4069, ""chi_bits"": 10, ""mps_l"": 32.5517, ""hsf_k"": 12, ""hsf_na"": 10, ""hsf_nb"": 10, ""hsf_l"": 24.2095, ""sup"": 20, ""chi_bits0"": 10, ""mps_l0"": 32.5517, ""hsf_keff"": 4, ""hsf_l0"": 32.2095, ""sparse_l"": 27.3219, ""sv_l"": 27.3219, ""feat_secs"": 0.003392, ""feat_secs_frame"": 0.000193, ""feat_secs_hsf"": 0.00312}"
qaoa,"qaoa:n=20,p=2,deg=2,nn=1",1,"{""n"": 20.0, ""p"": 2.0, ""deg"": 2.0, ""nn"": 1.0}",planx,ok,0.006436,0.0131,3866624,0.003556968759552398,0,0.003556968759552398,0.0,engine=mps aborted=[] plan_secs=0.002930,"{""n"": 20, ""gates"": 180, ""g2"": 80, ""g3"": 0, ""depth2"": 42, ""t_count"": 0, ""rotations"": 80, ""d"": 19, ""dense_l"": 24.9773, ""redundant"": 61, ""obs_zero"": false, ""frame_l"": 36.8219, ""chi_bits"": 8, ""mps_l"": 27.1553, ""hsf_k"": 8, ""hsf_na"": 10, ""hsf_nb"": 10, ""hsf_l"": 24.2336, ""sup"": 20, ""chi_bits0"": 8, ""mps_l0"": 27.1553, ""hsf_keff"": 4, ""hsf_l0"": 28.2336, ""sparse_l"": 27.4919, ""sv_l"": 27.4919, ""feat_secs"": 0.002481, ""feat_secs_frame"": 0.000226, ""feat_secs_hsf"": 0.002165}"
qaoa,"qaoa:n=20,p=2,deg=2,nn=1",1,"{""n"": 20.0, ""p"": 2.0, ""deg"": 2.0, ""nn"": 1.0}",planp,ok,0.005785,0.0100,3850240,0.003556968759552398,0,0.003556968759552398,0.0,engine=mps aborted=[] plan_secs=0.002874,"{""n"": 20, ""gates"": 180, ""g2"": 80, ""g3"": 0, ""depth2"": 42, ""t_count"": 0, ""rotations"": 80, ""d"": 19, ""dense_l"": 24.9773, ""redundant"": 61, ""obs_zero"": false, ""frame_l"": 36.8219, ""chi_bits"": 8, ""mps_l"": 27.1553, ""hsf_k"": 8, ""hsf_na"": 10, ""hsf_nb"": 10, ""hsf_l"": 24.2336, ""sup"": 20, ""chi_bits0"": 8, ""mps_l0"": 27.1553, ""hsf_keff"": 4, ""hsf_l0"": 28.2336, ""sparse_l"": 27.4919, ""sv_l"": 27.4919, ""feat_secs"": 0.002481, ""feat_secs_frame"": 0.000226, ""feat_secs_hsf"": 0.002165}"
qaoa,"qaoa:n=20,p=2,deg=2,nn=1",1,"{""n"": 20.0, ""p"": 2.0, ""deg"": 2.0, ""nn"": 1.0}",plan,ok,0.005876,0.0116,3948544,0.003556968759552398,0,0.003556968759552398,0.0,engine=mps aborted=[] plan_secs=0.002852,"{""n"": 20, ""gates"": 180, ""g2"": 80, ""g3"": 0, ""depth2"": 42, ""t_count"": 0, ""rotations"": 80, ""d"": 19, ""dense_l"": 24.9773, ""redundant"": 61, ""obs_zero"": false, ""frame_l"": 36.8219, ""chi_bits"": 8, ""mps_l"": 27.1553, ""hsf_k"": 8, ""hsf_na"": 10, ""hsf_nb"": 10, ""hsf_l"": 24.2336, ""sup"": 20, ""chi_bits0"": 8, ""mps_l0"": 27.1553, ""hsf_keff"": 4, ""hsf_l0"": 28.2336, ""sparse_l"": 27.4919, ""sv_l"": 27.4919, ""feat_secs"": 0.002481, ""feat_secs_frame"": 0.000226, ""feat_secs_hsf"": 0.002165}"
qaoa,"qaoa:n=20,p=2,deg=3,nn=1",1,"{""n"": 20.0, ""p"": 2.0, ""deg"": 3.0, ""nn"": 1.0}",planx,ok,0.096805,0.1027,23199744,0.001943194503974096,0,0.001943194503974096,0.0,engine=cstate aborted=[] plan_secs=0.004633,"{""n"": 20, ""gates"": 300, ""g2"": 160, ""g3"": 0, ""depth2"": 84, ""t_count"": 0, ""rotations"": 120, ""d"": 19, ""dense_l"": 25.4594, ""redundant"": 101, ""obs_zero"": false, ""frame_l"": 44.9069, ""chi_bits"": 10, ""mps_l"": 37.456, ""hsf_k"": 24, ""hsf_na"": 10, ""hsf_nb"": 10, ""hsf_l"": 28.3707, ""sup"": 20, ""chi_bits0"": 10, ""mps_l0"": 37.456, ""hsf_keff"": 8, ""hsf_l0"": 44.3707, ""sparse_l"": 28.2288, ""sv_l"": 28.2288, ""feat_secs"": 0.003686, ""feat_secs_frame"": 0.000327, ""feat_secs_hsf"": 0.003226}"
qaoa,"qaoa:n=20,p=2,deg=3,nn=1",1,"{""n"": 20.0, ""p"": 2.0, ""deg"": 3.0, ""nn"": 1.0}",planp,ok,0.11334,0.1192,24543232,0.001943194503974096,0,0.001943194503974096,0.0,engine=cstate aborted=[] plan_secs=0.025229,"{""n"": 20, ""gates"": 300, ""g2"": 160, ""g3"": 0, ""depth2"": 84, ""t_count"": 0, ""rotations"": 120, ""d"": 19, ""dense_l"": 25.4594, ""redundant"": 101, ""obs_zero"": false, ""frame_l"": 44.9069, ""chi_bits"": 10, ""mps_l"": 37.456, ""hsf_k"": 24, ""hsf_na"": 10, ""hsf_nb"": 10, ""hsf_l"": 28.3707, ""sup"": 20, ""chi_bits0"": 10, ""mps_l0"": 37.456, ""hsf_keff"": 8, ""hsf_l0"": 44.3707, ""sparse_l"": 28.2288, ""sv_l"": 28.2288, ""feat_secs"": 0.003686, ""feat_secs_frame"": 0.000327, ""feat_secs_hsf"": 0.003226}"
qaoa,"qaoa:n=20,p=2,deg=3,nn=1",1,"{""n"": 20.0, ""p"": 2.0, ""deg"": 3.0, ""nn"": 1.0}",plan,ok,0.095113,0.1017,23199744,0.001943194503974096,0,0.001943194503974096,0.0,engine=cstate aborted=[] plan_secs=0.004826,"{""n"": 20, ""gates"": 300, ""g2"": 160, ""g3"": 0, ""depth2"": 84, ""t_count"": 0, ""rotations"": 120, ""d"": 19, ""dense_l"": 25.4594, ""redundant"": 101, ""obs_zero"": false, ""frame_l"": 44.9069, ""chi_bits"": 10, ""mps_l"": 37.456, ""hsf_k"": 24, ""hsf_na"": 10, ""hsf_nb"": 10, ""hsf_l"": 28.3707, ""sup"": 20, ""chi_bits0"": 10, ""mps_l0"": 37.456, ""hsf_keff"": 8, ""hsf_l0"": 44.3707, ""sparse_l"": 28.2288, ""sv_l"": 28.2288, ""feat_secs"": 0.003686, ""feat_secs_frame"": 0.000327, ""feat_secs_hsf"": 0.003226}"
qaoa,"qaoa:n=20,p=3,deg=2,nn=1",1,"{""n"": 20.0, ""p"": 3.0, ""deg"": 2.0, ""nn"": 1.0}",planx,ok,0.059926,0.0646,7847936,0.01404025473254055,0,0.01404025473254055,0.0,engine=mps aborted=[] plan_secs=0.003182,"{""n"": 20, ""gates"": 260, ""g2"": 120, ""g3"": 0, ""depth2"": 78, ""t_count"": 0, ""rotations"": 120, ""d"": 19, ""dense_l"": 25.6865, ""redundant"": 101, ""obs_zero"": false, ""frame_l"": 44.9069, ""chi_bits"": 10, ""mps_l"": 34.9001, ""hsf_k"": 12, ""hsf_na"": 10, ""hsf_nb"": 10, ""hsf_l"": 26.3264, ""sup"": 20, ""chi_bits0"": 10, ""mps_l0"": 34.9001, ""hsf_keff"": 6, ""hsf_l0"": 32.3264, ""sparse_l"": 28.0224, ""sv_l"": 28.0224, ""feat_secs"": 0.002631, ""feat_secs_frame"": 0.000304, ""feat_secs_hsf"": 0.002205}"
qaoa,"qaoa:n=20,p=3,deg=2,nn=1",1,"{""n"": 20.0, ""p"": 3.0, ""deg"": 2.0, ""nn"": 1.0}",planp,ok,0.060674,0.0649,7831552,0.01404025473254055,0,0.01404025473254055,0.0,engine=mps aborted=[] plan_secs=0.003270,"{""n"": 20, ""gates"": 260, ""g2"": 120, ""g3"": 0, ""depth2"": 78, ""t_count"": 0, ""rotations"": 120, ""d"": 19, ""dense_l"": 25.6865, ""redundant"": 101, ""obs_zero"": false, ""frame_l"": 44.9069, ""chi_bits"": 10, ""mps_l"": 34.9001, ""hsf_k"": 12, ""hsf_na"": 10, ""hsf_nb"": 10, ""hsf_l"": 26.3264, ""sup"": 20, ""chi_bits0"": 10, ""mps_l0"": 34.9001, ""hsf_keff"": 6, ""hsf_l0"": 32.3264, ""sparse_l"": 28.0224, ""sv_l"": 28.0224, ""feat_secs"": 0.002631, ""feat_secs_frame"": 0.000304, ""feat_secs_hsf"": 0.002205}"
qaoa,"qaoa:n=20,p=3,deg=2,nn=1",1,"{""n"": 20.0, ""p"": 3.0, ""deg"": 2.0, ""nn"": 1.0}",plan,ok,0.060686,0.0653,7831552,0.01404025473254055,0,0.01404025473254055,0.0,engine=mps aborted=[] plan_secs=0.003280,"{""n"": 20, ""gates"": 260, ""g2"": 120, ""g3"": 0, ""depth2"": 78, ""t_count"": 0, ""rotations"": 120, ""d"": 19, ""dense_l"": 25.6865, ""redundant"": 101, ""obs_zero"": false, ""frame_l"": 44.9069, ""chi_bits"": 10, ""mps_l"": 34.9001, ""hsf_k"": 12, ""hsf_na"": 10, ""hsf_nb"": 10, ""hsf_l"": 26.3264, ""sup"": 20, ""chi_bits0"": 10, ""mps_l0"": 34.9001, ""hsf_keff"": 6, ""hsf_l0"": 32.3264, ""sparse_l"": 28.0224, ""sv_l"": 28.0224, ""feat_secs"": 0.002631, ""feat_secs_frame"": 0.000304, ""feat_secs_hsf"": 0.002205}"
qaoa,"qaoa:n=20,p=3,deg=3,nn=1",1,"{""n"": 20.0, ""p"": 3.0, ""deg"": 3.0, ""nn"": 1.0}",planx,ok,0.160022,0.1658,23281664,0.01988116446748332,0,0.01988116446748332,0.0,engine=cstate aborted=[] plan_secs=0.006233,"{""n"": 20, ""gates"": 440, ""g2"": 240, ""g3"": 0, ""depth2"": 154, ""t_count"": 0, ""rotations"": 180, ""d"": 19, ""dense_l"": 26.2095, ""redundant"": 161, ""obs_zero"": false, ""frame_l"": 45.4919, ""chi_bits"": 10, ""mps_l"": 38.4317, ""hsf_k"": 36, ""hsf_na"": 10, ""hsf_nb"": 10, ""hsf_l"": 32.5157, ""sup"": 20, ""chi_bits0"": 10, ""mps_l0"": 38.4317, ""hsf_keff"": 12, ""hsf_l0"": 56.5157, ""sparse_l"": 28.7814, ""sv_l"": 28.7814, ""feat_secs"": 0.004003, ""feat_secs_frame"": 0.000473, ""feat_secs_hsf"": 0.003353}"
qaoa,"qaoa:n=20,p=3,deg=3,nn=1",1,"{""n"": 20.0, ""p"": 3.0, ""deg"": 3.0, ""nn"": 1.0}",planp,ok,0.190779,0.1959,24608768,0.01988116446748332,0,0.01988116446748332,0.0,engine=cstate aborted=[] plan_secs=0.035674,"{""n"": 20, ""gates"": 440, ""g2"": 240, ""g3"": 0, ""depth2"": 154, ""t_count"": 0, ""rotations"": 180, ""d"": 19, ""dense_l"": 26.2095, ""redundant"": 161, ""obs_zero"": false, ""frame_l"": 45.4919, ""chi_bits"": 10, ""mps_l"": 38.4317, ""hsf_k"": 36, ""hsf_na"": 10, ""hsf_nb"": 10, ""hsf_l"": 32.5157, ""sup"": 20, ""chi_bits0"": 10, ""mps_l0"": 38.4317, ""hsf_keff"": 12, ""hsf_l0"": 56.5157, ""sparse_l"": 28.7814, ""sv_l"": 28.7814, ""feat_secs"": 0.004003, ""feat_secs_frame"": 0.000473, ""feat_secs_hsf"": 0.003353}"
qaoa,"qaoa:n=20,p=3,deg=3,nn=1",1,"{""n"": 20.0, ""p"": 3.0, ""deg"": 3.0, ""nn"": 1.0}",plan,ok,0.161969,0.1684,23347200,0.01988116446748332,0,0.01988116446748332,0.0,engine=cstate aborted=[] plan_secs=0.005445,"{""n"": 20, ""gates"": 440, ""g2"": 240, ""g3"": 0, ""depth2"": 154, ""t_count"": 0, ""rotations"": 180, ""d"": 19, ""dense_l"": 26.2095, ""redundant"": 161, ""obs_zero"": false, ""frame_l"": 45.4919, ""chi_bits"": 10, ""mps_l"": 38.4317, ""hsf_k"": 36, ""hsf_na"": 10, ""hsf_nb"": 10, ""hsf_l"": 32.5157, ""sup"": 20, ""chi_bits0"": 10, ""mps_l0"": 38.4317, ""hsf_keff"": 12, ""hsf_l0"": 56.5157, ""sparse_l"": 28.7814, ""sv_l"": 28.7814, ""feat_secs"": 0.004003, ""feat_secs_frame"": 0.000473, ""feat_secs_hsf"": 0.003353}"
qaoa,"qaoa:n=24,p=1,deg=2,nn=1",1,"{""n"": 24.0, ""p"": 1.0, ""deg"": 2.0, ""nn"": 1.0}",planx,ok,0.004815,0.0104,3145728,6.220219617462275e-07,0,6.220219617462275e-07,0.0,engine=mps aborted=[] plan_secs=0.004307,"{""n"": 24, ""gates"": 120, ""g2"": 48, ""g3"": 0, ""depth2"": 46, ""t_count"": 0, ""rotations"": 48, ""d"": 23, ""dense_l"": 27.7549, ""redundant"": 25, ""obs_zero"": false, ""frame_l"": 18.085, ""chi_bits"": 4, ""mps_l"": 16.7627, ""hsf_k"": 4, ""hsf_na"": 12, ""hsf_nb"": 12, ""hsf_l"": 26.0417, ""sup"": 24, ""chi_bits0"": 4, ""mps_l0"": 16.7627, ""hsf_keff"": 2, ""hsf_l0"": 28.0417, ""sparse_l"": 30.9069, ""sv_l"": 30.9069, ""feat_secs"": 0.004252, ""feat_secs_frame"": 0.000174, ""feat_secs_hsf"": 0.004006}"
qaoa,"qaoa:n=24,p=1,deg=2,nn=1",1,"{""n"": 24.0, ""p"": 1.0, ""deg"": 2.0, ""nn"": 1.0}",planp,ok,0.004748,0.0089,3145728,6.220219617462275e-07,0,6.220219617462275e-07,0.0,engine=mps aborted=[] plan_secs=0.004245,"{""n"": 24, ""gates"": 120, ""g2"": 48, ""g3"": 0, ""depth2"": 46, ""t_count"": 0, ""rotations"": 48, ""d"": 23, ""dense_l"": 27.7549, ""redundant"": 25, ""obs_zero"": false, ""frame_l"": 18.085, ""chi_bits"": 4, ""mps_l"": 16.7627, ""hsf_k"": 4, ""hsf_na"": 12, ""hsf_nb"": 12, ""hsf_l"": 26.0417, ""sup"": 24, ""chi_bits0"": 4, ""mps_l0"": 16.7627, ""hsf_keff"": 2, ""hsf_l0"": 28.0417, ""sparse_l"": 30.9069, ""sv_l"": 30.9069, ""feat_secs"": 0.004252, ""feat_secs_frame"": 0.000174, ""feat_secs_hsf"": 0.004006}"
qaoa,"qaoa:n=24,p=1,deg=2,nn=1",1,"{""n"": 24.0, ""p"": 1.0, ""deg"": 2.0, ""nn"": 1.0}",plan,ok,0.004918,0.0093,3112960,6.220219617462275e-07,0,6.220219617462275e-07,0.0,engine=mps aborted=[] plan_secs=0.004373,"{""n"": 24, ""gates"": 120, ""g2"": 48, ""g3"": 0, ""depth2"": 46, ""t_count"": 0, ""rotations"": 48, ""d"": 23, ""dense_l"": 27.7549, ""redundant"": 25, ""obs_zero"": false, ""frame_l"": 18.085, ""chi_bits"": 4, ""mps_l"": 16.7627, ""hsf_k"": 4, ""hsf_na"": 12, ""hsf_nb"": 12, ""hsf_l"": 26.0417, ""sup"": 24, ""chi_bits0"": 4, ""mps_l0"": 16.7627, ""hsf_keff"": 2, ""hsf_l0"": 28.0417, ""sparse_l"": 30.9069, ""sv_l"": 30.9069, ""feat_secs"": 0.004252, ""feat_secs_frame"": 0.000174, ""feat_secs_hsf"": 0.004006}"
qaoa,"qaoa:n=24,p=1,deg=3,nn=1",1,"{""n"": 24.0, ""p"": 1.0, ""deg"": 3.0, ""nn"": 1.0}",planx,ok,0.011559,0.0184,3702784,0.0002855064068366108,0,0.0002855064068366108,0.0,engine=mps aborted=[] plan_secs=0.006812,"{""n"": 24, ""gates"": 192, ""g2"": 96, ""g3"": 0, ""depth2"": 90, ""t_count"": 0, ""rotations"": 72, ""d"": 23, ""dense_l"": 28.0, ""redundant"": 49, ""obs_zero"": false, ""frame_l"": 30.6699, ""chi_bits"": 12, ""mps_l"": 36.8771, ""hsf_k"": 12, ""hsf_na"": 12, ""hsf_nb"": 12, ""hsf_l"": 28.0661, ""sup"": 24, ""chi_bits0"": 12, ""mps_l0"": 36.8771, ""hsf_keff"": 4, ""hsf_l0"": 36.0661, ""sparse_l"": 31.585, ""sv_l"": 31.585, ""feat_secs"": 0.005754, ""feat_secs_frame"": 0.000276, ""feat_secs_hsf"": 0.005377}"
qaoa,"qaoa:n=24,p=1,deg=3,nn=1",1,"{""n"": 24.0, ""p"": 1.0, ""deg"": 3.0, ""nn"": 1.0}",planp,ok,0.010893,0.0155,3702784,0.0002855064068366108,0,0.0002855064068366108,0.0,engine=mps aborted=[] plan_secs=0.006400,"{""n"": 24, ""gates"": 192, ""g2"": 96, ""g3"": 0, ""depth2"": 90, ""t_count"": 0, ""rotations"": 72, ""d"": 23, ""dense_l"": 28.0, ""redundant"": 49, ""obs_zero"": false, ""frame_l"": 30.6699, ""chi_bits"": 12, ""mps_l"": 36.8771, ""hsf_k"": 12, ""hsf_na"": 12, ""hsf_nb"": 12, ""hsf_l"": 28.0661, ""sup"": 24, ""chi_bits0"": 12, ""mps_l0"": 36.8771, ""hsf_keff"": 4, ""hsf_l0"": 36.0661, ""sparse_l"": 31.585, ""sv_l"": 31.585, ""feat_secs"": 0.005754, ""feat_secs_frame"": 0.000276, ""feat_secs_hsf"": 0.005377}"
qaoa,"qaoa:n=24,p=1,deg=3,nn=1",1,"{""n"": 24.0, ""p"": 1.0, ""deg"": 3.0, ""nn"": 1.0}",plan,ok,0.010906,0.0153,3702784,0.0002855064068366108,0,0.0002855064068366108,0.0,engine=mps aborted=[] plan_secs=0.006348,"{""n"": 24, ""gates"": 192, ""g2"": 96, ""g3"": 0, ""depth2"": 90, ""t_count"": 0, ""rotations"": 72, ""d"": 23, ""dense_l"": 28.0, ""redundant"": 49, ""obs_zero"": false, ""frame_l"": 30.6699, ""chi_bits"": 12, ""mps_l"": 36.8771, ""hsf_k"": 12, ""hsf_na"": 12, ""hsf_nb"": 12, ""hsf_l"": 28.0661, ""sup"": 24, ""chi_bits0"": 12, ""mps_l0"": 36.8771, ""hsf_keff"": 4, ""hsf_l0"": 36.0661, ""sparse_l"": 31.585, ""sv_l"": 31.585, ""feat_secs"": 0.005754, ""feat_secs_frame"": 0.000276, ""feat_secs_hsf"": 0.005377}"
qaoa,"qaoa:n=24,p=2,deg=2,nn=1",1,"{""n"": 24.0, ""p"": 2.0, ""deg"": 2.0, ""nn"": 1.0}",planx,ok,0.009177,0.0137,3932160,0.0008867821630365607,0,0.0008867821630365607,0.0,engine=mps aborted=[] plan_secs=0.004701,"{""n"": 24, ""gates"": 216, ""g2"": 96, ""g3"": 0, ""depth2"": 50, ""t_count"": 0, ""rotations"": 96, ""d"": 23, ""dense_l"": 29.2288, ""redundant"": 73, ""obs_zero"": false, ""frame_l"": 43.085, ""chi_bits"": 8, ""mps_l"": 27.8635, ""hsf_k"": 8, ""hsf_na"": 12, ""hsf_nb"": 12, ""hsf_l"": 28.0741, ""sup"": 24, ""chi_bits0"": 8, ""mps_l0"": 27.8635, ""hsf_keff"": 4, ""hsf_l0"": 32.0741, ""sparse_l"": 31.7549, ""sv_l"": 31.7549, ""feat_secs"": 0.004143, ""feat_secs_frame"": 0.000263, ""feat_secs_hsf"": 0.003785}"
qaoa,"qaoa:n=24,p=2,deg=2,nn=1",1,"{""n"": 24.0, ""p"": 2.0, ""deg"": 2.0, ""nn"": 1.0}",planp,ok,0.008604,0.0129,3948544,0.0008867821630365607,0,0.0008867821630365607,0.0,engine=mps aborted=[] plan_secs=0.004790,"{""n"": 24, ""gates"": 216, ""g2"": 96, ""g3"": 0, ""depth2"": 50, ""t_count"": 0, ""rotations"": 96, ""d"": 23, ""dense_l"": 29.2288, ""redundant"": 73, ""obs_zero"": false, ""frame_l"": 43.085, ""chi_bits"": 8, ""mps_l"": 27.8635, ""hsf_k"": 8, ""hsf_na"": 12, ""hsf_nb"": 12, ""hsf_l"": 28.0741, ""sup"": 24, ""chi_bits0"": 8, ""mps_l0"": 27.8635, ""hsf_keff"": 4, ""hsf_l0"": 32.0741, ""sparse_l"": 31.7549, ""sv_l"": 31.7549, ""feat_secs"": 0.004143, ""feat_secs_frame"": 0.000263, ""feat_secs_hsf"": 0.003785}"
qaoa,"qaoa:n=24,p=2,deg=2,nn=1",1,"{""n"": 24.0, ""p"": 2.0, ""deg"": 2.0, ""nn"": 1.0}",plan,ok,0.00849,0.0123,3932160,0.0008867821630365607,0,0.0008867821630365607,0.0,engine=mps aborted=[] plan_secs=0.004762,"{""n"": 24, ""gates"": 216, ""g2"": 96, ""g3"": 0, ""depth2"": 50, ""t_count"": 0, ""rotations"": 96, ""d"": 23, ""dense_l"": 29.2288, ""redundant"": 73, ""obs_zero"": false, ""frame_l"": 43.085, ""chi_bits"": 8, ""mps_l"": 27.8635, ""hsf_k"": 8, ""hsf_na"": 12, ""hsf_nb"": 12, ""hsf_l"": 28.0741, ""sup"": 24, ""chi_bits0"": 8, ""mps_l0"": 27.8635, ""hsf_keff"": 4, ""hsf_l0"": 32.0741, ""sparse_l"": 31.7549, ""sv_l"": 31.7549, ""feat_secs"": 0.004143, ""feat_secs_frame"": 0.000263, ""feat_secs_hsf"": 0.003785}"
qaoa,"qaoa:n=24,p=2,deg=3,nn=1",1,"{""n"": 24.0, ""p"": 2.0, ""deg"": 3.0, ""nn"": 1.0}",planx,ok,1.183412,1.1902,287277056,0.0004187874072413456,0,0.0004187874072413456,0.0,engine=hsf aborted=[] plan_secs=0.007232,"{""n"": 24, ""gates"": 360, ""g2"": 192, ""g3"": 0, ""depth2"": 100, ""t_count"": 0, ""rotations"": 144, ""d"": 23, ""dense_l"": 29.7004, ""redundant"": 121, ""obs_zero"": false, ""frame_l"": 53.1699, ""chi_bits"": 12, ""mps_l"": 43.4225, ""hsf_k"": 24, ""hsf_na"": 12, ""hsf_nb"": 12, ""hsf_l"": 32.1215, ""sup"": 24, ""chi_bits0"": 12, ""mps_l0"": 43.4225, ""hsf_keff"": 8, ""hsf_l0"": 48.1215, ""sparse_l"": 32.4919, ""sv_l"": 32.4919, ""feat_secs"": 0.005801, ""feat_secs_frame"": 0.000405, ""feat_secs_hsf"": 0.005245}"
qaoa,"qaoa:n=24,p=2,deg=3,nn=1",1,"{""n"": 24.0, ""p"": 2.0, ""deg"": 3.0, ""nn"": 1.0}",planp,ok,2.012926,2.0188,312803328,0.0004187874072413456,0,0.0004187874072413456,0.0,"engine=hsf aborted=[""mps""] plan_secs=0.069775","{""n"": 24, ""gates"": 360, ""g2"": 192, ""g3"": 0, ""depth2"": 100, ""t_count"": 0, ""rotations"": 144, ""d"": 23, ""dense_l"": 29.7004, ""redundant"": 121, ""obs_zero"": false, ""frame_l"": 53.1699, ""chi_bits"": 12, ""mps_l"": 43.4225, ""hsf_k"": 24, ""hsf_na"": 12, ""hsf_nb"": 12, ""hsf_l"": 32.1215, ""sup"": 24, ""chi_bits0"": 12, ""mps_l0"": 43.4225, ""hsf_keff"": 8, ""hsf_l0"": 48.1215, ""sparse_l"": 32.4919, ""sv_l"": 32.4919, ""feat_secs"": 0.005801, ""feat_secs_frame"": 0.000405, ""feat_secs_hsf"": 0.005245}"
qaoa,"qaoa:n=24,p=2,deg=3,nn=1",1,"{""n"": 24.0, ""p"": 2.0, ""deg"": 3.0, ""nn"": 1.0}",plan,ok,1.18777,1.1936,287260672,0.0004187874072413456,0,0.0004187874072413456,0.0,engine=hsf aborted=[] plan_secs=0.007268,"{""n"": 24, ""gates"": 360, ""g2"": 192, ""g3"": 0, ""depth2"": 100, ""t_count"": 0, ""rotations"": 144, ""d"": 23, ""dense_l"": 29.7004, ""redundant"": 121, ""obs_zero"": false, ""frame_l"": 53.1699, ""chi_bits"": 12, ""mps_l"": 43.4225, ""hsf_k"": 24, ""hsf_na"": 12, ""hsf_nb"": 12, ""hsf_l"": 32.1215, ""sup"": 24, ""chi_bits0"": 12, ""mps_l0"": 43.4225, ""hsf_keff"": 8, ""hsf_l0"": 48.1215, ""sparse_l"": 32.4919, ""sv_l"": 32.4919, ""feat_secs"": 0.005801, ""feat_secs_frame"": 0.000405, ""feat_secs_hsf"": 0.005245}"
qaoa,"qaoa:n=24,p=3,deg=2,nn=1",1,"{""n"": 24.0, ""p"": 3.0, ""deg"": 2.0, ""nn"": 1.0}",planx,ok,0.085336,0.0897,8126464,0.005207553365401467,0,0.005207553365401467,0.0,engine=mps aborted=[] plan_secs=0.005414,"{""n"": 24, ""gates"": 312, ""g2"": 144, ""g3"": 0, ""depth2"": 94, ""t_count"": 0, ""rotations"": 144, ""d"": 23, ""dense_l"": 29.9425, ""redundant"": 121, ""obs_zero"": false, ""frame_l"": 53.1699, ""chi_bits"": 12, ""mps_l"": 37.7004, ""hsf_k"": 12, ""hsf_na"": 12, ""hsf_nb"": 12, ""hsf_l"": 30.1059, ""sup"": 24, ""chi_bits0"": 12, ""mps_l0"": 37.7004, ""hsf_keff"": 6, ""hsf_l0"": 36.1059, ""sparse_l"": 32.2854, ""sv_l"": 32.2854, ""feat_secs"": 0.004333, ""feat_secs_frame"": 0.000368, ""feat_secs_hsf"": 0.003829}"
qaoa,"qaoa:n=24,p=3,deg=2,nn=1",1,"{""n"": 24.0, ""p"": 3.0, ""deg"": 2.0, ""nn"": 1.0}",planp,ok,0.085381,0.0914,8798208,0.005207553365401467,0,0.005207553365401467,0.0,engine=mps aborted=[] plan_secs=0.005665,"{""n"": 24, ""gates"": 312, ""g2"": 144, ""g3"": 0, ""depth2"": 94, ""t_count"": 0, ""rotations"": 144, ""d"": 23, ""dense_l"": 29.9425, ""redundant"": 121, ""obs_zero"": false, ""frame_l"": 53.1699, ""chi_bits"": 12, ""mps_l"": 37.7004, ""hsf_k"": 12, ""hsf_na"": 12, ""hsf_nb"": 12, ""hsf_l"": 30.1059, ""sup"": 24, ""chi_bits0"": 12, ""mps_l0"": 37.7004, ""hsf_keff"": 6, ""hsf_l0"": 36.1059, ""sparse_l"": 32.2854, ""sv_l"": 32.2854, ""feat_secs"": 0.004333, ""feat_secs_frame"": 0.000368, ""feat_secs_hsf"": 0.003829}"
qaoa,"qaoa:n=24,p=3,deg=2,nn=1",1,"{""n"": 24.0, ""p"": 3.0, ""deg"": 2.0, ""nn"": 1.0}",plan,ok,0.084824,0.0911,8749056,0.005207553365401467,0,0.005207553365401467,0.0,engine=mps aborted=[] plan_secs=0.005182,"{""n"": 24, ""gates"": 312, ""g2"": 144, ""g3"": 0, ""depth2"": 94, ""t_count"": 0, ""rotations"": 144, ""d"": 23, ""dense_l"": 29.9425, ""redundant"": 121, ""obs_zero"": false, ""frame_l"": 53.1699, ""chi_bits"": 12, ""mps_l"": 37.7004, ""hsf_k"": 12, ""hsf_na"": 12, ""hsf_nb"": 12, ""hsf_l"": 30.1059, ""sup"": 24, ""chi_bits0"": 12, ""mps_l0"": 37.7004, ""hsf_keff"": 6, ""hsf_l0"": 36.1059, ""sparse_l"": 32.2854, ""sv_l"": 32.2854, ""feat_secs"": 0.004333, ""feat_secs_frame"": 0.000368, ""feat_secs_hsf"": 0.003829}"
qaoa,"qaoa:n=24,p=3,deg=3,nn=1",1,"{""n"": 24.0, ""p"": 3.0, ""deg"": 3.0, ""nn"": 1.0}",planx,ok,2.656098,2.6607,306610176,0.007489846579963244,0,0.007489846579963244,0.0,engine=cstate aborted=[] plan_secs=0.008493,"{""n"": 24, ""gates"": 528, ""g2"": 288, ""g3"": 0, ""depth2"": 186, ""t_count"": 0, ""rotations"": 216, ""d"": 23, ""dense_l"": 30.4594, ""redundant"": 193, ""obs_zero"": false, ""frame_l"": 53.7549, ""chi_bits"": 12, ""mps_l"": 44.4148, ""hsf_k"": 36, ""hsf_na"": 12, ""hsf_nb"": 12, ""hsf_l"": 36.1749, ""sup"": 24, ""chi_bits0"": 12, ""mps_l0"": 44.4148, ""hsf_keff"": 12, ""hsf_l0"": 60.1749, ""sparse_l"": 33.0444, ""sv_l"": 33.0444, ""feat_secs"": 0.006765, ""feat_secs_frame"": 0.000556, ""feat_secs_hsf"": 0.00598}"
qaoa,"qaoa:n=24,p=3,deg=3,nn=1",1,"{""n"": 24.0, ""p"": 3.0, ""deg"": 3.0, ""nn"": 1.0}",planp,ok,5.453851,5.4603,346570752,0.007489846579963244,0,0.007489846579963244,0.0,"engine=cstate aborted=[""mps""] plan_secs=0.127814","{""n"": 24, ""gates"": 528, ""g2"": 288, ""g3"": 0, ""depth2"": 186, ""t_count"": 0, ""rotations"": 216, ""d"": 23, ""dense_l"": 30.4594, ""redundant"": 193, ""obs_zero"": false, ""frame_l"": 53.7549, ""chi_bits"": 12, ""mps_l"": 44.4148, ""hsf_k"": 36, ""hsf_na"": 12, ""hsf_nb"": 12, ""hsf_l"": 36.1749, ""sup"": 24, ""chi_bits0"": 12, ""mps_l0"": 44.4148, ""hsf_keff"": 12, ""hsf_l0"": 60.1749, ""sparse_l"": 33.0444, ""sv_l"": 33.0444, ""feat_secs"": 0.006765, ""feat_secs_frame"": 0.000556, ""feat_secs_hsf"": 0.00598}"
qaoa,"qaoa:n=24,p=3,deg=3,nn=1",1,"{""n"": 24.0, ""p"": 3.0, ""deg"": 3.0, ""nn"": 1.0}",plan,ok,2.653619,2.6612,306479104,0.007489846579963244,0,0.007489846579963244,0.0,engine=cstate aborted=[] plan_secs=0.008525,"{""n"": 24, ""gates"": 528, ""g2"": 288, ""g3"": 0, ""depth2"": 186, ""t_count"": 0, ""rotations"": 216, ""d"": 23, ""dense_l"": 30.4594, ""redundant"": 193, ""obs_zero"": false, ""frame_l"": 53.7549, ""chi_bits"": 12, ""mps_l"": 44.4148, ""hsf_k"": 36, ""hsf_na"": 12, ""hsf_nb"": 12, ""hsf_l"": 36.1749, ""sup"": 24, ""chi_bits0"": 12, ""mps_l0"": 44.4148, ""hsf_keff"": 12, ""hsf_l0"": 60.1749, ""sparse_l"": 33.0444, ""sv_l"": 33.0444, ""feat_secs"": 0.006765, ""feat_secs_frame"": 0.000556, ""feat_secs_hsf"": 0.00598}"
