family,spec,seed,params,engine,status,secs,wall,rss,value,size,ref,abs_err,note,features
arith,"arith:bits=6,h=0,reps=2",1,"{""bits"": 6.0, ""h"": 0.0, ""reps"": 2.0}",planx,ok,0.000414,0.0066,2310144,1.0,0,1.0,0.0,engine=sparse aborted=[] plan_secs=0.000395,"{""n"": 13, ""gates"": 79, ""g2"": 48, ""g3"": 24, ""depth2"": 62, ""t_count"": 168, ""rotations"": 168, ""d"": 11, ""dense_l"": 17.6178, ""redundant"": 157, ""obs_zero"": false, ""frame_l"": 29.3923, ""chi_bits"": 0, ""mps_l"": 13.7552, ""hsf_k"": 10, ""hsf_na"": 6, ""hsf_nb"": 7, ""hsf_l"": 18.1599, ""sup"": 0, ""chi_bits0"": 6, ""mps_l0"": 26.315, ""hsf_keff"": 4, ""hsf_l0"": 24.1599, ""sparse_l"": 6.3038, ""sv_l"": 19.3038, ""feat_secs"": 0.00172, ""feat_secs_frame"": 0.00035, ""feat_secs_hsf"": 0.001267}"
arith,"arith:bits=6,h=0,reps=2",1,"{""bits"": 6.0, ""h"": 0.0, ""reps"": 2.0}",planp,ok,0.000398,0.0041,2293760,1.0,0,1.0,0.0,engine=sparse aborted=[] plan_secs=0.000382,"{""n"": 13, ""gates"": 79, ""g2"": 48, ""g3"": 24, ""depth2"": 62, ""t_count"": 168, ""rotations"": 168, ""d"": 11, ""dense_l"": 17.6178, ""redundant"": 157, ""obs_zero"": false, ""frame_l"": 29.3923, ""chi_bits"": 0, ""mps_l"": 13.7552, ""hsf_k"": 10, ""hsf_na"": 6, ""hsf_nb"": 7, ""hsf_l"": 18.1599, ""sup"": 0, ""chi_bits0"": 6, ""mps_l0"": 26.315, ""hsf_keff"": 4, ""hsf_l0"": 24.1599, ""sparse_l"": 6.3038, ""sv_l"": 19.3038, ""feat_secs"": 0.00172, ""feat_secs_frame"": 0.00035, ""feat_secs_hsf"": 0.001267}"
arith,"arith:bits=6,h=0,reps=2",1,"{""bits"": 6.0, ""h"": 0.0, ""reps"": 2.0}",plan,ok,0.000393,0.0035,2293760,1.0,0,1.0,0.0,engine=sparse aborted=[] plan_secs=0.000377,"{""n"": 13, ""gates"": 79, ""g2"": 48, ""g3"": 24, ""depth2"": 62, ""t_count"": 168, ""rotations"": 168, ""d"": 11, ""dense_l"": 17.6178, ""redundant"": 157, ""obs_zero"": false, ""frame_l"": 29.3923, ""chi_bits"": 0, ""mps_l"": 13.7552, ""hsf_k"": 10, ""hsf_na"": 6, ""hsf_nb"": 7, ""hsf_l"": 18.1599, ""sup"": 0, ""chi_bits0"": 6, ""mps_l0"": 26.315, ""hsf_keff"": 4, ""hsf_l0"": 24.1599, ""sparse_l"": 6.3038, ""sv_l"": 19.3038, ""feat_secs"": 0.00172, ""feat_secs_frame"": 0.00035, ""feat_secs_hsf"": 0.001267}"
arith,"arith:bits=6,h=1,reps=1",1,"{""bits"": 6.0, ""h"": 1.0, ""reps"": 1.0}",planx,ok,0.000356,0.0047,2637824,0.5000000000000002,0,0.5000000000000002,0.0,engine=sv aborted=[] plan_secs=0.000001,"{""n"": 13, ""gates"": 43, ""g2"": 24, ""g3"": 12, ""depth2"": 31, ""t_count"": 84, ""rotations"": 84, ""d"": 13, ""dense_l"": 16.8289, ""redundant"": 71, ""obs_zero"": false, ""frame_l"": 32.3923, ""chi_bits"": 2, ""mps_l"": 18.689, ""hsf_k"": 5, ""hsf_na"": 6, ""hsf_nb"": 7, ""hsf_l"": 15.7415, ""sup"": 2, ""chi_bits0"": 6, ""mps_l0"": 25.5699, ""hsf_keff"": 2, ""hsf_l0"": 18.7415, ""sparse_l"": 7.4263, ""sv_l"": 18.4263, ""feat_secs"": 0.001234, ""feat_secs_frame"": 0.00019, ""feat_secs_hsf"": 0.00095}"
arith,"arith:bits=6,h=1,reps=1",1,"{""bits"": 6.0, ""h"": 1.0, ""reps"": 1.0}",planp,ok,0.000504,0.0041,2637824,0.5000000000000002,0,0.5000000000000002,0.0,engine=sv aborted=[] plan_secs=0.000000,"{""n"": 13, ""gates"": 43, ""g2"": 24, ""g3"": 12, ""depth2"": 31, ""t_count"": 84, ""rotations"": 84, ""d"": 13, ""dense_l"": 16.8289, ""redundant"": 71, ""obs_zero"": false, ""frame_l"": 32.3923, ""chi_bits"": 2, ""mps_l"": 18.689, ""hsf_k"": 5, ""hsf_na"": 6, ""hsf_nb"": 7, ""hsf_l"": 15.7415, ""sup"": 2, ""chi_bits0"": 6, ""mps_l0"": 25.5699, ""hsf_keff"": 2, ""hsf_l0"": 18.7415, ""sparse_l"": 7.4263, ""sv_l"": 18.4263, ""feat_secs"": 0.001234, ""feat_secs_frame"": 0.00019, ""feat_secs_hsf"": 0.00095}"
arith,"arith:bits=6,h=1,reps=1",1,"{""bits"": 6.0, ""h"": 1.0, ""reps"": 1.0}",plan,ok,0.000375,0.0042,2637824,0.5000000000000002,0,0.5000000000000002,0.0,engine=sv aborted=[] plan_secs=0.000000,"{""n"": 13, ""gates"": 43, ""g2"": 24, ""g3"": 12, ""depth2"": 31, ""t_count"": 84, ""rotations"": 84, ""d"": 13, ""dense_l"": 16.8289, ""redundant"": 71, ""obs_zero"": false, ""frame_l"": 32.3923, ""chi_bits"": 2, ""mps_l"": 18.689, ""hsf_k"": 5, ""hsf_na"": 6, ""hsf_nb"": 7, ""hsf_l"": 15.7415, ""sup"": 2, ""chi_bits0"": 6, ""mps_l0"": 25.5699, ""hsf_keff"": 2, ""hsf_l0"": 18.7415, ""sparse_l"": 7.4263, ""sv_l"": 18.4263, ""feat_secs"": 0.001234, ""feat_secs_frame"": 0.00019, ""feat_secs_hsf"": 0.00095}"
arith,"arith:bits=6,h=1,reps=4",1,"{""bits"": 6.0, ""h"": 1.0, ""reps"": 4.0}",planx,ok,0.000738,0.0040,2375680,0.5000000000000002,0,0.5000000000000002,0.0,engine=sparse aborted=[] plan_secs=0.000701,"{""n"": 13, ""gates"": 151, ""g2"": 96, ""g3"": 48, ""depth2"": 124, ""t_count"": 336, ""rotations"": 336, ""d"": 13, ""dense_l"": 21.0564, ""redundant"": 323, ""obs_zero"": false, ""frame_l"": 34.3923, ""chi_bits"": 2, ""mps_l"": 20.238, ""hsf_k"": 20, ""hsf_na"": 6, ""hsf_nb"": 7, ""hsf_l"": 22.7482, ""sup"": 2, ""chi_bits0"": 6, ""mps_l0"": 27.5667, ""hsf_keff"": 8, ""hsf_l0"": 34.7482, ""sparse_l"": 9.2384, ""sv_l"": 20.2384, ""feat_secs"": 0.001903, ""feat_secs_frame"": 0.000576, ""feat_secs_hsf"": 0.001224}"
arith,"arith:bits=6,h=1,reps=4",1,"{""bits"": 6.0, ""h"": 1.0, ""reps"": 4.0}",planp,ok,0.000741,0.0044,2375680,0.5000000000000002,0,0.5000000000000002,0.0,engine=sparse aborted=[] plan_secs=0.000706,"{""n"": 13, ""gates"": 151, ""g2"": 96, ""g3"": 48, ""depth2"": 124, ""t_count"": 336, ""rotations"": 336, ""d"": 13, ""dense_l"": 21.0564, ""redundant"": 323, ""obs_zero"": false, ""frame_l"": 34.3923, ""chi_bits"": 2, ""mps_l"": 20.238, ""hsf_k"": 20, ""hsf_na"": 6, ""hsf_nb"": 7, ""hsf_l"": 22.7482, ""sup"": 2, ""chi_bits0"": 6, ""mps_l0"": 27.5667, ""hsf_keff"": 8, ""hsf_l0"": 34.7482, ""sparse_l"": 9.2384, ""sv_l"": 20.2384, ""feat_secs"": 0.001903, ""feat_secs_frame"": 0.000576, ""feat_secs_hsf"": 0.001224}"
arith,"arith:bits=6,h=1,reps=4",1,"{""bits"": 6.0, ""h"": 1.0, ""reps"": 4.0}",plan,ok,0.000731,0.0044,2392064,0.5000000000000002,0,0.5000000000000002,0.0,engine=sparse aborted=[] plan_secs=0.000693,"{""n"": 13, ""gates"": 151, ""g2"": 96, ""g3"": 48, ""depth2"": 124, ""t_count"": 336, ""rotations"": 336, ""d"": 13, ""dense_l"": 21.0564, ""redundant"": 323, ""obs_zero"": false, ""frame_l"": 34.3923, ""chi_bits"": 2, ""mps_l"": 20.238, ""hsf_k"": 20, ""hsf_na"": 6, ""hsf_nb"": 7, ""hsf_l"": 22.7482, ""sup"": 2, ""chi_bits0"": 6, ""mps_l0"": 27.5667, ""hsf_keff"": 8, ""hsf_l0"": 34.7482, ""sparse_l"": 9.2384, ""sv_l"": 20.2384, ""feat_secs"": 0.001903, ""feat_secs_frame"": 0.000576, ""feat_secs_hsf"": 0.001224}"
arith,"arith:bits=6,h=2,reps=2",1,"{""bits"": 6.0, ""h"": 2.0, ""reps"": 2.0}",planx,ok,0.000437,0.0042,2342912,0.0,0,0.0,0.0,engine=sparse aborted=[] plan_secs=0.000399,"{""n"": 13, ""gates"": 80, ""g2"": 48, ""g3"": 24, ""depth2"": 62, ""t_count"": 168, ""rotations"": 168, ""d"": 13, ""dense_l"": 19.7199, ""redundant"": 155, ""obs_zero"": false, ""frame_l"": 33.3923, ""chi_bits"": 4, ""mps_l"": 23.9909, ""hsf_k"": 10, ""hsf_na"": 6, ""hsf_nb"": 7, ""hsf_l"": 18.1699, ""sup"": 4, ""chi_bits0"": 6, ""mps_l0"": 26.315, ""hsf_keff"": 4, ""hsf_l0"": 24.1699, ""sparse_l"": 10.3219, ""sv_l"": 19.3219, ""feat_secs"": 0.00159, ""feat_secs_frame"": 0.000323, ""feat_secs_hsf"": 0.0012}"
arith,"arith:bits=6,h=2,reps=2",1,"{""bits"": 6.0, ""h"": 2.0, ""reps"": 2.0}",planp,ok,0.000426,0.0042,2310144,0.0,0,0.0,0.0,engine=sparse aborted=[] plan_secs=0.000388,"{""n"": 13, ""gates"": 80, ""g2"": 48, ""g3"": 24, ""depth2"": 62, ""t_count"": 168, ""rotations"": 168, ""d"": 13, ""dense_l"": 19.7199, ""redundant"": 155, ""obs_zero"": false, ""frame_l"": 33.3923, ""chi_bits"": 4, ""mps_l"": 23.9909, ""hsf_k"": 10, ""hsf_na"": 6, ""hsf_nb"": 7, ""hsf_l"": 18.1699, ""sup"": 4, ""chi_bits0"": 6, ""mps_l0"": 26.315, ""hsf_keff"": 4, ""hsf_l0"": 24.1699, ""sparse_l"": 10.3219, ""sv_l"": 19.3219, ""feat_secs"": 0.00159, ""feat_secs_frame"": 0.000323, ""feat_secs_hsf"": 0.0012}"
arith,"arith:bits=6,h=2,reps=2",1,"{""bits"": 6.0, ""h"": 2.0, ""reps"": 2.0}",plan,ok,0.000438,0.0042,2326528,0.0,0,0.0,0.0,engine=sparse aborted=[] plan_secs=0.000398,"{""n"": 13, ""gates"": 80, ""g2"": 48, ""g3"": 24, ""depth2"": 62, ""t_count"": 168, ""rotations"": 168, ""d"": 13, ""dense_l"": 19.7199, ""redundant"": 155, ""obs_zero"": false, ""frame_l"": 33.3923, ""chi_bits"": 4, ""mps_l"": 23.9909, ""hsf_k"": 10, ""hsf_na"": 6, ""hsf_nb"": 7, ""hsf_l"": 18.1699, ""sup"": 4, ""chi_bits0"": 6, ""mps_l0"": 26.315, ""hsf_keff"": 4, ""hsf_l0"": 24.1699, ""sparse_l"": 10.3219, ""sv_l"": 19.3219, ""feat_secs"": 0.00159, ""feat_secs_frame"": 0.000323, ""feat_secs_hsf"": 0.0012}"
arith,"arith:bits=6,h=4,reps=1",1,"{""bits"": 6.0, ""h"": 4.0, ""reps"": 1.0}",planx,ok,0.000391,0.0044,2654208,0.0,0,0.0,0.0,engine=sv aborted=[] plan_secs=0.000001,"{""n"": 13, ""gates"": 46, ""g2"": 24, ""g3"": 12, ""depth2"": 31, ""t_count"": 84, ""rotations"": 84, ""d"": 13, ""dense_l"": 18.1864, ""redundant"": 71, ""obs_zero"": false, ""frame_l"": 32.3923, ""chi_bits"": 6, ""mps_l"": 25.5699, ""hsf_k"": 5, ""hsf_na"": 6, ""hsf_nb"": 7, ""hsf_l"": 17.7814, ""sup"": 8, ""chi_bits0"": 6, ""mps_l0"": 25.5699, ""hsf_keff"": 4, ""hsf_l0"": 18.7814, ""sparse_l"": 13.5236, ""sv_l"": 18.5236, ""feat_secs"": 0.001133, ""feat_secs_frame"": 0.000201, ""feat_secs_hsf"": 0.000887}"
arith,"arith:bits=6,h=4,reps=1",1,"{""bits"": 6.0, ""h"": 4.0, ""reps"": 1.0}",planp,ok,0.000456,0.0062,2637824,0.0,0,0.0,0.0,engine=sv aborted=[] plan_secs=0.000000,"{""n"": 13, ""gates"": 46, ""g2"": 24, ""g3"": 12, ""depth2"": 31, ""t_count"": 84, ""rotations"": 84, ""d"": 13, ""dense_l"": 18.1864, ""redundant"": 71, ""obs_zero"": false, ""frame_l"": 32.3923, ""chi_bits"": 6, ""mps_l"": 25.5699, ""hsf_k"": 5, ""hsf_na"": 6, ""hsf_nb"": 7, ""hsf_l"": 17.7814, ""sup"": 8, ""chi_bits0"": 6, ""mps_l0"": 25.5699, ""hsf_keff"": 4, ""hsf_l0"": 18.7814, ""sparse_l"": 13.5236, ""sv_l"": 18.5236, ""feat_secs"": 0.001133, ""feat_secs_frame"": 0.000201, ""feat_secs_hsf"": 0.000887}"
arith,"arith:bits=6,h=4,reps=1",1,"{""bits"": 6.0, ""h"": 4.0, ""reps"": 1.0}",plan,ok,0.000387,0.0045,2637824,0.0,0,0.0,0.0,engine=sv aborted=[] plan_secs=0.000000,"{""n"": 13, ""gates"": 46, ""g2"": 24, ""g3"": 12, ""depth2"": 31, ""t_count"": 84, ""rotations"": 84, ""d"": 13, ""dense_l"": 18.1864, ""redundant"": 71, ""obs_zero"": false, ""frame_l"": 32.3923, ""chi_bits"": 6, ""mps_l"": 25.5699, ""hsf_k"": 5, ""hsf_na"": 6, ""hsf_nb"": 7, ""hsf_l"": 17.7814, ""sup"": 8, ""chi_bits0"": 6, ""mps_l0"": 25.5699, ""hsf_keff"": 4, ""hsf_l0"": 18.7814, ""sparse_l"": 13.5236, ""sv_l"": 18.5236, ""feat_secs"": 0.001133, ""feat_secs_frame"": 0.000201, ""feat_secs_hsf"": 0.000887}"
arith,"arith:bits=6,h=4,reps=4",1,"{""bits"": 6.0, ""h"": 4.0, ""reps"": 4.0}",planx,ok,0.001334,0.0066,2572288,-0.01562500000000001,0,-0.01562500000000001,0.0,engine=sparse aborted=[] plan_secs=0.000710,"{""n"": 13, ""gates"": 154, ""g2"": 96, ""g3"": 48, ""depth2"": 124, ""t_count"": 336, ""rotations"": 336, ""d"": 13, ""dense_l"": 21.172, ""redundant"": 323, ""obs_zero"": false, ""frame_l"": 34.3923, ""chi_bits"": 6, ""mps_l"": 27.5667, ""hsf_k"": 20, ""hsf_na"": 6, ""hsf_nb"": 7, ""hsf_l"": 26.7682, ""sup"": 8, ""chi_bits0"": 6, ""mps_l0"": 27.5667, ""hsf_keff"": 12, ""hsf_l0"": 34.7682, ""sparse_l"": 15.2668, ""sv_l"": 20.2668, ""feat_secs"": 0.001948, ""feat_secs_frame"": 0.000637, ""feat_secs_hsf"": 0.001211}"
arith,"arith:bits=6,h=4,reps=4",1,"{""bits"": 6.0, ""h"": 4.0, ""reps"": 4.0}",planp,ok,0.001307,0.0063,2555904,-0.01562500000000001,0,-0.01562500000000001,0.0,engine=sparse aborted=[] plan_secs=0.000695,"{""n"": 13, ""gates"": 154, ""g2"": 96, ""g3"": 48, ""depth2"": 124, ""t_count"": 336, ""rotations"": 336, ""d"": 13, ""dense_l"": 21.172, ""redundant"": 323, ""obs_zero"": false, ""frame_l"": 34.3923, ""chi_bits"": 6, ""mps_l"": 27.5667, ""hsf_k"": 20, ""hsf_na"": 6, ""hsf_nb"": 7, ""hsf_l"": 26.7682, ""sup"": 8, ""chi_bits0"": 6, ""mps_l0"": 27.5667, ""hsf_keff"": 12, ""hsf_l0"": 34.7682, ""sparse_l"": 15.2668, ""sv_l"": 20.2668, ""feat_secs"": 0.001948, ""feat_secs_frame"": 0.000637, ""feat_secs_hsf"": 0.001211}"
arith,"arith:bits=6,h=4,reps=4",1,"{""bits"": 6.0, ""h"": 4.0, ""reps"": 4.0}",plan,ok,0.001338,0.0067,2539520,-0.01562500000000001,0,-0.01562500000000001,0.0,engine=sparse aborted=[] plan_secs=0.000712,"{""n"": 13, ""gates"": 154, ""g2"": 96, ""g3"": 48, ""depth2"": 124, ""t_count"": 336, ""rotations"": 336, ""d"": 13, ""dense_l"": 21.172, ""redundant"": 323, ""obs_zero"": false, ""frame_l"": 34.3923, ""chi_bits"": 6, ""mps_l"": 27.5667, ""hsf_k"": 20, ""hsf_na"": 6, ""hsf_nb"": 7, ""hsf_l"": 26.7682, ""sup"": 8, ""chi_bits0"": 6, ""mps_l0"": 27.5667, ""hsf_keff"": 12, ""hsf_l0"": 34.7682, ""sparse_l"": 15.2668, ""sv_l"": 20.2668, ""feat_secs"": 0.001948, ""feat_secs_frame"": 0.000637, ""feat_secs_hsf"": 0.001211}"
arith,"arith:bits=6,h=6,reps=2",1,"{""bits"": 6.0, ""h"": 6.0, ""reps"": 2.0}",planx,ok,0.001135,0.0066,2965504,0.0,0,0.0,0.0,engine=sv aborted=[] plan_secs=0.000463,"{""n"": 13, ""gates"": 84, ""g2"": 48, ""g3"": 24, ""depth2"": 62, ""t_count"": 168, ""rotations"": 168, ""d"": 13, ""dense_l"": 20.0732, ""redundant"": 155, ""obs_zero"": false, ""frame_l"": 33.3923, ""chi_bits"": 6, ""mps_l"": 26.315, ""hsf_k"": 10, ""hsf_na"": 6, ""hsf_nb"": 7, ""hsf_l"": 20.2095, ""sup"": 12, ""chi_bits0"": 6, ""mps_l0"": 26.315, ""hsf_keff"": 6, ""hsf_l0"": 24.2095, ""sparse_l"": 18.3923, ""sv_l"": 19.3923, ""feat_secs"": 0.001672, ""feat_secs_frame"": 0.000338, ""feat_secs_hsf"": 0.001265}"
arith,"arith:bits=6,h=6,reps=2",1,"{""bits"": 6.0, ""h"": 6.0, ""reps"": 2.0}",planp,ok,0.00103,0.0066,2981888,0.0,0,0.0,0.0,engine=sv aborted=[] plan_secs=0.000399,"{""n"": 13, ""gates"": 84, ""g2"": 48, ""g3"": 24, ""depth2"": 62, ""t_count"": 168, ""rotations"": 168, ""d"": 13, ""dense_l"": 20.0732, ""redundant"": 155, ""obs_zero"": false, ""frame_l"": 33.3923, ""chi_bits"": 6, ""mps_l"": 26.315, ""hsf_k"": 10, ""hsf_na"": 6, ""hsf_nb"": 7, ""hsf_l"": 20.2095, ""sup"": 12, ""chi_bits0"": 6, ""mps_l0"": 26.315, ""hsf_keff"": 6, ""hsf_l0"": 24.2095, ""sparse_l"": 18.3923, ""sv_l"": 19.3923, ""feat_secs"": 0.001672, ""feat_secs_frame"": 0.000338, ""feat_secs_hsf"": 0.001265}"
arith,"arith:bits=6,h=6,reps=2",1,"{""bits"": 6.0, ""h"": 6.0, ""reps"": 2.0}",plan,ok,0.001169,0.0063,2949120,0.0,0,0.0,0.0,engine=sv aborted=[] plan_secs=0.000536,"{""n"": 13, ""gates"": 84, ""g2"": 48, ""g3"": 24, ""depth2"": 62, ""t_count"": 168, ""rotations"": 168, ""d"": 13, ""dense_l"": 20.0732, ""redundant"": 155, ""obs_zero"": false, ""frame_l"": 33.3923, ""chi_bits"": 6, ""mps_l"": 26.315, ""hsf_k"": 10, ""hsf_na"": 6, ""hsf_nb"": 7, ""hsf_l"": 20.2095, ""sup"": 12, ""chi_bits0"": 6, ""mps_l0"": 26.315, ""hsf_keff"": 6, ""hsf_l0"": 24.2095, ""sparse_l"": 18.3923, ""sv_l"": 19.3923, ""feat_secs"": 0.001672, ""feat_secs_frame"": 0.000338, ""feat_secs_hsf"": 0.001265}"
arith,"arith:bits=8,h=0,reps=1",1,"{""bits"": 8.0, ""h"": 0.0, ""reps"": 1.0}",planx,ok,0.000359,0.0044,2260992,-1.0,0,-1.0,0.0,engine=sparse aborted=[] plan_secs=0.000340,"{""n"": 17, ""gates"": 58, ""g2"": 32, ""g3"": 16, ""depth2"": 41, ""t_count"": 112, ""rotations"": 112, ""d"": 15, ""dense_l"": 18.8129, ""redundant"": 97, ""obs_zero"": false, ""frame_l"": 36.8074, ""chi_bits"": 0, ""mps_l"": 13.6762, ""hsf_k"": 5, ""hsf_na"": 8, ""hsf_nb"": 9, ""hsf_l"": 19.2946, ""sup"": 0, ""chi_bits0"": 8, ""mps_l0"": 31.193, ""hsf_keff"": 2, ""hsf_l0"": 22.2946, ""sparse_l"": 5.858, ""sv_l"": 22.858, ""feat_secs"": 0.002377, ""feat_secs_frame"": 0.000237, ""feat_secs_hsf"": 0.002093}"
arith,"arith:bits=8,h=0,reps=1",1,"{""bits"": 8.0, ""h"": 0.0, ""reps"": 1.0}",planp,ok,0.00033,0.0045,2260992,-1.0,0,-1.0,0.0,engine=sparse aborted=[] plan_secs=0.000311,"{""n"": 17, ""gates"": 58, ""g2"": 32, ""g3"": 16, ""depth2"": 41, ""t_count"": 112, ""rotations"": 112, ""d"": 15, ""dense_l"": 18.8129, ""redundant"": 97, ""obs_zero"": false, ""frame_l"": 36.8074, ""chi_bits"": 0, ""mps_l"": 13.6762, ""hsf_k"": 5, ""hsf_na"": 8, ""hsf_nb"": 9, ""hsf_l"": 19.2946, ""sup"": 0, ""chi_bits0"": 8, ""mps_l0"": 31.193, ""hsf_keff"": 2, ""hsf_l0"": 22.2946, ""sparse_l"": 5.858, ""sv_l"": 22.858, ""feat_secs"": 0.002377, ""feat_secs_frame"": 0.000237, ""feat_secs_hsf"": 0.002093}"
arith,"arith:bits=8,h=0,reps=1",1,"{""bits"": 8.0, ""h"": 0.0, ""reps"": 1.0}",plan,ok,0.000343,0.0045,2260992,-1.0,0,-1.0,0.0,engine=sparse aborted=[] plan_secs=0.000327,"{""n"": 17, ""gates"": 58, ""g2"": 32, ""g3"": 16, ""depth2"": 41, ""t_count"": 112, ""rotations"": 112, ""d"": 15, ""dense_l"": 18.8129, ""redundant"": 97, ""obs_zero"": false, ""frame_l"": 36.8074, ""chi_bits"": 0, ""mps_l"": 13.6762, ""hsf_k"": 5, ""hsf_na"": 8, ""hsf_nb"": 9, ""hsf_l"": 19.2946, ""sup"": 0, ""chi_bits0"": 8, ""mps_l0"": 31.193, ""hsf_keff"": 2, ""hsf_l0"": 22.2946, ""sparse_l"": 5.858, ""sv_l"": 22.858, ""feat_secs"": 0.002377, ""feat_secs_frame"": 0.000237, ""feat_secs_hsf"": 0.002093}"
arith,"arith:bits=8,h=0,reps=4",1,"{""bits"": 8.0, ""h"": 0.0, ""reps"": 4.0}",planx,ok,0.000969,0.0074,2441216,1.0,0,1.0,0.0,engine=sparse aborted=[] plan_secs=0.000934,"{""n"": 17, ""gates"": 202, ""g2"": 128, ""g3"": 64, ""depth2"": 164, ""t_count"": 448, ""rotations"": 448, ""d"": 15, ""dense_l"": 23.4514, ""redundant"": 433, ""obs_zero"": false, ""frame_l"": 38.8074, ""chi_bits"": 0, ""mps_l"": 15.1976, ""hsf_k"": 20, ""hsf_na"": 8, ""hsf_nb"": 9, ""hsf_l"": 25.8392, ""sup"": 0, ""chi_bits0"": 8, ""mps_l0"": 33.4789, ""hsf_keff"": 8, ""hsf_l0"": 37.8392, ""sparse_l"": 7.6582, ""sv_l"": 24.6582, ""feat_secs"": 0.003625, ""feat_secs_frame"": 0.000861, ""feat_secs_hsf"": 0.002622}"
arith,"arith:bits=8,h=0,reps=4",1,"{""bits"": 8.0, ""h"": 0.0, ""reps"": 4.0}",planp,ok,0.000973,0.0067,2441216,1.0,0,1.0,0.0,engine=sparse aborted=[] plan_secs=0.000933,"{""n"": 17, ""gates"": 202, ""g2"": 128, ""g3"": 64, ""depth2"": 164, ""t_count"": 448, ""rotations"": 448, ""d"": 15, ""dense_l"": 23.4514, ""redundant"": 433, ""obs_zero"": false, ""frame_l"": 38.8074, ""chi_bits"": 0, ""mps_l"": 15.1976, ""hsf_k"": 20, ""hsf_na"": 8, ""hsf_nb"": 9, ""hsf_l"": 25.8392, ""sup"": 0, ""chi_bits0"": 8, ""mps_l0"": 33.4789, ""hsf_keff"": 8, ""hsf_l0"": 37.8392, ""sparse_l"": 7.6582, ""sv_l"": 24.6582, ""feat_secs"": 0.003625, ""feat_secs_frame"": 0.000861, ""feat_secs_hsf"": 0.002622}"
arith,"arith:bits=8,h=0,reps=4",1,"{""bits"": 8.0, ""h"": 0.0, ""reps"": 4.0}",plan,ok,0.001124,0.0067,2441216,1.0,0,1.0,0.0,engine=sparse aborted=[] plan_secs=0.001092,"{""n"": 17, ""gates"": 202, ""g2"": 128, ""g3"": 64, ""depth2"": 164, ""t_count"": 448, ""rotations"": 448, ""d"": 15, ""dense_l"": 23.4514, ""redundant"": 433, ""obs_zero"": false, ""frame_l"": 38.8074, ""chi_bits"": 0, ""mps_l"": 15.1976, ""hsf_k"": 20, ""hsf_na"": 8, ""hsf_nb"": 9, ""hsf_l"": 25.8392, ""sup"": 0, ""chi_bits0"": 8, ""mps_l0"": 33.4789, ""hsf_keff"": 8, ""hsf_l0"": 37.8392, ""sparse_l"": 7.6582, ""sv_l"": 24.6582, ""feat_secs"": 0.003625, ""feat_secs_frame"": 0.000861, ""feat_secs_hsf"": 0.002622}"
arith,"arith:bits=8,h=1,reps=2",1,"{""bits"": 8.0, ""h"": 1.0, ""reps"": 2.0}",planx,ok,0.000596,0.0042,2310144,-0.5000000000000002,0,-0.5000000000000002,0.0,engine=sparse aborted=[] plan_secs=0.000571,"{""n"": 17, ""gates"": 106, ""g2"": 64, ""g3"": 32, ""depth2"": 82, ""t_count"": 224, ""rotations"": 224, ""d"": 17, ""dense_l"": 23.9779, ""redundant"": 207, ""obs_zero"": false, ""frame_l"": 41.8074, ""chi_bits"": 2, ""mps_l"": 19.7595, ""hsf_k"": 10, ""hsf_na"": 8, ""hsf_nb"": 9, ""hsf_l"": 21.4998, ""sup"": 2, ""chi_bits0"": 8, ""mps_l0"": 32.1003, ""hsf_keff"": 4, ""hsf_l0"": 27.4998, ""sparse_l"": 8.7279, ""sv_l"": 23.7279, ""feat_secs"": 0.003184, ""feat_secs_frame"": 0.000438, ""feat_secs_hsf"": 0.00267}"
arith,"arith:bits=8,h=1,reps=2",1,"{""bits"": 8.0, ""h"": 1.0, ""reps"": 2.0}",planp,ok,0.000546,0.0042,2310144,-0.5000000000000002,0,-0.5000000000000002,0.0,engine=sparse aborted=[] plan_secs=0.000522,"{""n"": 17, ""gates"": 106, ""g2"": 64, ""g3"": 32, ""depth2"": 82, ""t_count"": 224, ""rotations"": 224, ""d"": 17, ""dense_l"": 23.9779, ""redundant"": 207, ""obs_zero"": false, ""frame_l"": 41.8074, ""chi_bits"": 2, ""mps_l"": 19.7595, ""hsf_k"": 10, ""hsf_na"": 8, ""hsf_nb"": 9, ""hsf_l"": 21.4998, ""sup"": 2, ""chi_bits0"": 8, ""mps_l0"": 32.1003, ""hsf_keff"": 4, ""hsf_l0"": 27.4998, ""sparse_l"": 8.7279, ""sv_l"": 23.7279, ""feat_secs"": 0.003184, ""feat_secs_frame"": 0.000438, ""feat_secs_hsf"": 0.00267}"
arith,"arith:bits=8,h=1,reps=2",1,"{""bits"": 8.0, ""h"": 1.0, ""reps"": 2.0}",plan,ok,0.000523,0.0041,2310144,-0.5000000000000002,0,-0.5000000000000002,0.0,engine=sparse aborted=[] plan_secs=0.000501,"{""n"": 17, ""gates"": 106, ""g2"": 64, ""g3"": 32, ""depth2"": 82, ""t_count"": 224, ""rotations"": 224, ""d"": 17, ""dense_l"": 23.9779, ""redundant"": 207, ""obs_zero"": false, ""frame_l"": 41.8074, ""chi_bits"": 2, ""mps_l"": 19.7595, ""hsf_k"": 10, ""hsf_na"": 8, ""hsf_nb"": 9, ""hsf_l"": 21.4998, ""sup"": 2, ""chi_bits0"": 8, ""mps_l0"": 32.1003, ""hsf_keff"": 4, ""hsf_l0"": 27.4998, ""sparse_l"": 8.7279, ""sv_l"": 23.7279, ""feat_secs"": 0.003184, ""feat_secs_frame"": 0.000438, ""feat_secs_hsf"": 0.00267}"
arith,"arith:bits=8,h=2,reps=1",1,"{""bits"": 8.0, ""h"": 2.0, ""reps"": 1.0}",planx,ok,0.000334,0.0040,2310144,0.0,0,0.0,0.0,engine=sparse aborted=[] plan_secs=0.000296,"{""n"": 17, ""gates"": 59, ""g2"": 32, ""g3"": 16, ""depth2"": 41, ""t_count"": 112, ""rotations"": 112, ""d"": 17, ""dense_l"": 21.3997, ""redundant"": 95, ""obs_zero"": false, ""frame_l"": 40.8074, ""chi_bits"": 4, ""mps_l"": 24.2956, ""hsf_k"": 5, ""hsf_na"": 8, ""hsf_nb"": 9, ""hsf_l"": 19.2992, ""sup"": 4, ""chi_bits0"": 8, ""mps_l0"": 31.193, ""hsf_keff"": 2, ""hsf_l0"": 22.2992, ""sparse_l"": 9.8826, ""sv_l"": 22.8826, ""feat_secs"": 0.002392, ""feat_secs_frame"": 0.000242, ""feat_secs_hsf"": 0.002093}"
arith,"arith:bits=8,h=2,reps=1",1,"{""bits"": 8.0, ""h"": 2.0, ""reps"": 1.0}",planp,ok,0.000343,0.0067,2310144,0.0,0,0.0,0.0,engine=sparse aborted=[] plan_secs=0.000306,"{""n"": 17, ""gates"": 59, ""g2"": 32, ""g3"": 16, ""depth2"": 41, ""t_count"": 112, ""rotations"": 112, ""d"": 17, ""dense_l"": 21.3997, ""redundant"": 95, ""obs_zero"": false, ""frame_l"": 40.8074, ""chi_bits"": 4, ""mps_l"": 24.2956, ""hsf_k"": 5, ""hsf_na"": 8, ""hsf_nb"": 9, ""hsf_l"": 19.2992, ""sup"": 4, ""chi_bits0"": 8, ""mps_l0"": 31.193, ""hsf_keff"": 2, ""hsf_l0"": 22.2992, ""sparse_l"": 9.8826, ""sv_l"": 22.8826, ""feat_secs"": 0.002392, ""feat_secs_frame"": 0.000242, ""feat_secs_hsf"": 0.002093}"
arith,"arith:bits=8,h=2,reps=1",1,"{""bits"": 8.0, ""h"": 2.0, ""reps"": 1.0}",plan,ok,0.000353,0.0043,2310144,0.0,0,0.0,0.0,engine=sparse aborted=[] plan_secs=0.000307,"{""n"": 17, ""gates"": 59, ""g2"": 32, ""g3"": 16, ""depth2"": 41, ""t_count"": 112, ""rotations"": 112, ""d"": 17, ""dense_l"": 21.3997, ""redundant"": 95, ""obs_zero"": false, ""frame_l"": 40.8074, ""chi_bits"": 4, ""mps_l"": 24.2956, ""hsf_k"": 5, ""hsf_na"": 8, ""hsf_nb"": 9, ""hsf_l"": 19.2992, ""sup"": 4, ""chi_bits0"": 8, ""mps_l0"": 31.193, ""hsf_keff"": 2, ""hsf_l0"": 22.2992, ""sparse_l"": 9.8826, ""sv_l"": 22.8826, ""feat_secs"": 0.002392, ""feat_secs_frame"": 0.000242, ""feat_secs_hsf"": 0.002093}"
arith,"arith:bits=8,h=2,reps=4",1,"{""bits"": 8.0, ""h"": 2.0, ""reps"": 4.0}",planx,ok,0.001045,0.0067,2506752,-0.2500000000000001,0,-0.2500000000000001,0.0,engine=sparse aborted=[] plan_secs=0.000960,"{""n"": 17, ""gates"": 203, ""g2"": 128, ""g3"": 64, ""depth2"": 164, ""t_count"": 448, ""rotations"": 448, ""d"": 17, ""dense_l"": 25.4802, ""redundant"": 431, ""obs_zero"": false, ""frame_l"": 42.8074, ""chi_bits"": 4, ""mps_l"": 26.1036, ""hsf_k"": 20, ""hsf_na"": 8, ""hsf_nb"": 9, ""hsf_l"": 25.8424, ""sup"": 4, ""chi_bits0"": 8, ""mps_l0"": 33.4789, ""hsf_keff"": 8, ""hsf_l0"": 37.8424, ""sparse_l"": 11.6653, ""sv_l"": 24.6653, ""feat_secs"": 0.0036, ""feat_secs_frame"": 0.000811, ""feat_secs_hsf"": 0.002666}"
arith,"arith:bits=8,h=2,reps=4",1,"{""bits"": 8.0, ""h"": 2.0, ""reps"": 4.0}",planp,ok,0.001346,0.0066,2490368,-0.2500000000000001,0,-0.2500000000000001,0.0,engine=sparse aborted=[] plan_secs=0.001219,"{""n"": 17, ""gates"": 203, ""g2"": 128, ""g3"": 64, ""depth2"": 164, ""t_count"": 448, ""rotations"": 448, ""d"": 17, ""dense_l"": 25.4802, ""redundant"": 431, ""obs_zero"": false, ""frame_l"": 42.8074, ""chi_bits"": 4, ""mps_l"": 26.1036, ""hsf_k"": 20, ""hsf_na"": 8, ""hsf_nb"": 9, ""hsf_l"": 25.8424, ""sup"": 4, ""chi_bits0"": 8, ""mps_l0"": 33.4789, ""hsf_keff"": 8, ""hsf_l0"": 37.8424, ""sparse_l"": 11.6653, ""sv_l"": 24.6653, ""feat_secs"": 0.0036, ""feat_secs_frame"": 0.000811, ""feat_secs_hsf"": 0.002666}"
arith,"arith:bits=8,h=2,reps=4",1,"{""bits"": 8.0, ""h"": 2.0, ""reps"": 4.0}",plan,ok,0.001013,0.0073,2506752,-0.2500000000000001,0,-0.2500000000000001,0.0,engine=sparse aborted=[] plan_secs=0.000933,"{""n"": 17, ""gates"": 203, ""g2"": 128, ""g3"": 64, ""depth2"": 164, ""t_count"": 448, ""rotations"": 448, ""d"": 17, ""dense_l"": 25.4802, ""redundant"": 431, ""obs_zero"": false, ""frame_l"": 42.8074, ""chi_bits"": 4, ""mps_l"": 26.1036, ""hsf_k"": 20, ""hsf_na"": 8, ""hsf_nb"": 9, ""hsf_l"": 25.8424, ""sup"": 4, ""chi_bits0"": 8, ""mps_l0"": 33.4789, ""hsf_keff"": 8, ""hsf_l0"": 37.8424, ""sparse_l"": 11.6653, ""sv_l"": 24.6653, ""feat_secs"": 0.0036, ""feat_secs_frame"": 0.000811, ""feat_secs_hsf"": 0.002666}"
arith,"arith:bits=8,h=4,reps=2",1,"{""bits"": 8.0, ""h"": 4.0, ""reps"": 2.0}",planx,ok,0.000876,0.0066,2506752,6.938893903907228e-18,0,6.938893903907228e-18,0.0,engine=sparse aborted=[] plan_secs=0.000523,"{""n"": 17, ""gates"": 108, ""g2"": 64, ""g3"": 32, ""depth2"": 82, ""t_count"": 224, ""rotations"": 224, ""d"": 17, ""dense_l"": 24.2038, ""redundant"": 207, ""obs_zero"": false, ""frame_l"": 41.8074, ""chi_bits"": 8, ""mps_l"": 32.1003, ""hsf_k"": 10, ""hsf_na"": 8, ""hsf_nb"": 9, ""hsf_l"": 21.5078, ""sup"": 8, ""chi_bits0"": 8, ""mps_l0"": 32.1003, ""hsf_keff"": 4, ""hsf_l0"": 27.5078, ""sparse_l"": 14.7549, ""sv_l"": 23.7549, ""feat_secs"": 0.003294, ""feat_secs_frame"": 0.000511, ""feat_secs_hsf"": 0.002706}"
arith,"arith:bits=8,h=4,reps=2",1,"{""bits"": 8.0, ""h"": 4.0, ""reps"": 2.0}",planp,ok,0.000926,0.0067,2506752,6.938893903907228e-18,0,6.938893903907228e-18,0.0,engine=sparse aborted=[] plan_secs=0.000526,"{""n"": 17, ""gates"": 108, ""g2"": 64, ""g3"": 32, ""depth2"": 82, ""t_count"": 224, ""rotations"": 224, ""d"": 17, ""dense_l"": 24.2038, ""redundant"": 207, ""obs_zero"": false, ""frame_l"": 41.8074, ""chi_bits"": 8, ""mps_l"": 32.1003, ""hsf_k"": 10, ""hsf_na"": 8, ""hsf_nb"": 9, ""hsf_l"": 21.5078, ""sup"": 8, ""chi_bits0"": 8, ""mps_l0"": 32.1003, ""hsf_keff"": 4, ""hsf_l0"": 27.5078, ""sparse_l"": 14.7549, ""sv_l"": 23.7549, ""feat_secs"": 0.003294, ""feat_secs_frame"": 0.000511, ""feat_secs_hsf"": 0.002706}"
arith,"arith:bits=8,h=4,reps=2",1,"{""bits"": 8.0, ""h"": 4.0, ""reps"": 2.0}",plan,ok,0.000893,0.0042,2490368,6.938893903907228e-18,0,6.938893903907228e-18,0.0,engine=sparse aborted=[] plan_secs=0.000537,"{""n"": 17, ""gates"": 108, ""g2"": 64, ""g3"": 32, ""depth2"": 82, ""t_count"": 224, ""rotations"": 224, ""d"": 17, ""dense_l"": 24.2038, ""redundant"": 207, ""obs_zero"": false, ""frame_l"": 41.8074, ""chi_bits"": 8, ""mps_l"": 32.1003, ""hsf_k"": 10, ""hsf_na"": 8, ""hsf_nb"": 9, ""hsf_l"": 21.5078, ""sup"": 8, ""chi_bits0"": 8, ""mps_l0"": 32.1003, ""hsf_keff"": 4, ""hsf_l0"": 27.5078, ""sparse_l"": 14.7549, ""sv_l"": 23.7549, ""feat_secs"": 0.003294, ""feat_secs_frame"": 0.000511, ""feat_secs_hsf"": 0.002706}"
arith,"arith:bits=8,h=6,reps=1",1,"{""bits"": 8.0, ""h"": 6.0, ""reps"": 1.0}",planx,ok,0.004217,0.0090,3260416,-1.301042606982605e-18,0,-1.301042606982605e-18,0.0,engine=sparse aborted=[] plan_secs=0.000880,"{""n"": 17, ""gates"": 62, ""g2"": 32, ""g3"": 16, ""depth2"": 41, ""t_count"": 112, ""rotations"": 112, ""d"": 17, ""dense_l"": 22.6558, ""redundant"": 95, ""obs_zero"": false, ""frame_l"": 40.8074, ""chi_bits"": 8, ""mps_l"": 31.193, ""hsf_k"": 5, ""hsf_na"": 8, ""hsf_nb"": 9, ""hsf_l"": 21.3129, ""sup"": 12, ""chi_bits0"": 8, ""mps_l0"": 31.193, ""hsf_keff"": 4, ""hsf_l0"": 22.3129, ""sparse_l"": 17.9542, ""sv_l"": 22.9542, ""feat_secs"": 0.00251, ""feat_secs_frame"": 0.00026, ""feat_secs_hsf"": 0.00219}"
arith,"arith:bits=8,h=6,reps=1",1,"{""bits"": 8.0, ""h"": 6.0, ""reps"": 1.0}",planp,ok,0.004142,0.0094,3293184,-1.301042606982605e-18,0,-1.301042606982605e-18,0.0,engine=sparse aborted=[] plan_secs=0.000779,"{""n"": 17, ""gates"": 62, ""g2"": 32, ""g3"": 16, ""depth2"": 41, ""t_count"": 112, ""rotations"": 112, ""d"": 17, ""dense_l"": 22.6558, ""redundant"": 95, ""obs_zero"": false, ""frame_l"": 40.8074, ""chi_bits"": 8, ""mps_l"": 31.193, ""hsf_k"": 5, ""hsf_na"": 8, ""hsf_nb"": 9, ""hsf_l"": 21.3129, ""sup"": 12, ""chi_bits0"": 8, ""mps_l0"": 31.193, ""hsf_keff"": 4, ""hsf_l0"": 22.3129, ""sparse_l"": 17.9542, ""sv_l"": 22.9542, ""feat_secs"": 0.00251, ""feat_secs_frame"": 0.00026, ""feat_secs_hsf"": 0.00219}"
arith,"arith:bits=8,h=6,reps=1",1,"{""bits"": 8.0, ""h"": 6.0, ""reps"": 1.0}",plan,ok,0.004925,0.0105,3276800,-1.301042606982605e-18,0,-1.301042606982605e-18,0.0,engine=sparse aborted=[] plan_secs=0.000998,"{""n"": 17, ""gates"": 62, ""g2"": 32, ""g3"": 16, ""depth2"": 41, ""t_count"": 112, ""rotations"": 112, ""d"": 17, ""dense_l"": 22.6558, ""redundant"": 95, ""obs_zero"": false, ""frame_l"": 40.8074, ""chi_bits"": 8, ""mps_l"": 31.193, ""hsf_k"": 5, ""hsf_na"": 8, ""hsf_nb"": 9, ""hsf_l"": 21.3129, ""sup"": 12, ""chi_bits0"": 8, ""mps_l0"": 31.193, ""hsf_keff"": 4, ""hsf_l0"": 22.3129, ""sparse_l"": 17.9542, ""sv_l"": 22.9542, ""feat_secs"": 0.00251, ""feat_secs_frame"": 0.00026, ""feat_secs_hsf"": 0.00219}"
arith,"arith:bits=8,h=6,reps=4",1,"{""bits"": 8.0, ""h"": 6.0, ""reps"": 4.0}",planx,ok,0.018387,0.0235,3571712,0.0029296875,0,0.0029296875,0.0,engine=sparse aborted=[] plan_secs=0.005350,"{""n"": 17, ""gates"": 206, ""g2"": 128, ""g3"": 64, ""depth2"": 164, ""t_count"": 448, ""rotations"": 448, ""d"": 17, ""dense_l"": 25.594, ""redundant"": 431, ""obs_zero"": false, ""frame_l"": 42.8074, ""chi_bits"": 8, ""mps_l"": 33.4789, ""hsf_k"": 20, ""hsf_na"": 8, ""hsf_nb"": 9, ""hsf_l"": 29.8517, ""sup"": 12, ""chi_bits0"": 8, ""mps_l0"": 33.4789, ""hsf_keff"": 12, ""hsf_l0"": 37.8517, ""sparse_l"": 19.6865, ""sv_l"": 24.6865, ""feat_secs"": 0.003602, ""feat_secs_frame"": 0.000839, ""feat_secs_hsf"": 0.002627}"
arith,"arith:bits=8,h=6,reps=4",1,"{""bits"": 8.0, ""h"": 6.0, ""reps"": 4.0}",planp,ok,0.020727,0.0254,4210688,0.0029296875,0,0.0029296875,0.0,engine=sparse aborted=[] plan_secs=0.007589,"{""n"": 17, ""gates"": 206, ""g2"": 128, ""g3"": 64, ""depth2"": 164, ""t_count"": 448, ""rotations"": 448, ""d"": 17, ""dense_l"": 25.594, ""redundant"": 431, ""obs_zero"": false, ""frame_l"": 42.8074, ""chi_bits"": 8, ""mps_l"": 33.4789, ""hsf_k"": 20, ""hsf_na"": 8, ""hsf_nb"": 9, ""hsf_l"": 29.8517, ""sup"": 12, ""chi_bits0"": 8, ""mps_l0"": 33.4789, ""hsf_keff"": 12, ""hsf_l0"": 37.8517, ""sparse_l"": 19.6865, ""sv_l"": 24.6865, ""feat_secs"": 0.003602, ""feat_secs_frame"": 0.000839, ""feat_secs_hsf"": 0.002627}"
arith,"arith:bits=8,h=6,reps=4",1,"{""bits"": 8.0, ""h"": 6.0, ""reps"": 4.0}",plan,ok,0.018363,0.0230,3571712,0.0029296875,0,0.0029296875,0.0,engine=sparse aborted=[] plan_secs=0.005336,"{""n"": 17, ""gates"": 206, ""g2"": 128, ""g3"": 64, ""depth2"": 164, ""t_count"": 448, ""rotations"": 448, ""d"": 17, ""dense_l"": 25.594, ""redundant"": 431, ""obs_zero"": false, ""frame_l"": 42.8074, ""chi_bits"": 8, ""mps_l"": 33.4789, ""hsf_k"": 20, ""hsf_na"": 8, ""hsf_nb"": 9, ""hsf_l"": 29.8517, ""sup"": 12, ""chi_bits0"": 8, ""mps_l0"": 33.4789, ""hsf_keff"": 12, ""hsf_l0"": 37.8517, ""sparse_l"": 19.6865, ""sv_l"": 24.6865, ""feat_secs"": 0.003602, ""feat_secs_frame"": 0.000839, ""feat_secs_hsf"": 0.002627}"
arith,"arith:bits=10,h=0,reps=2",1,"{""bits"": 10.0, ""h"": 0.0, ""reps"": 2.0}",planx,ok,0.000679,0.0044,2359296,1.0,0,1.0,0.0,engine=sparse aborted=[] plan_secs=0.000658,"{""n"": 21, ""gates"": 132, ""g2"": 80, ""g3"": 40, ""depth2"": 102, ""t_count"": 280, ""rotations"": 280, ""d"": 19, ""dense_l"": 26.2669, ""redundant"": 261, ""obs_zero"": false, ""frame_l"": 46.1293, ""chi_bits"": 0, ""mps_l"": 14.5362, ""hsf_k"": 10, ""hsf_na"": 10, ""hsf_nb"": 11, ""hsf_l"": 25.1749, ""sup"": 0, ""chi_bits0"": 10, ""mps_l0"": 37.8784, ""hsf_keff"": 4, ""hsf_l0"": 31.1749, ""sparse_l"": 7.0444, ""sv_l"": 28.0444, ""feat_secs"": 0.006351, ""feat_secs_frame"": 0.000578, ""feat_secs_hsf"": 0.005688}"
arith,"arith:bits=10,h=0,reps=2",1,"{""bits"": 10.0, ""h"": 0.0, ""reps"": 2.0}",planp,ok,0.000648,0.0044,2359296,1.0,0,1.0,0.0,engine=sparse aborted=[] plan_secs=0.000628,"{""n"": 21, ""gates"": 132, ""g2"": 80, ""g3"": 40, ""depth2"": 102, ""t_count"": 280, ""rotations"": 280, ""d"": 19, ""dense_l"": 26.2669, ""redundant"": 261, ""obs_zero"": false, ""frame_l"": 46.1293, ""chi_bits"": 0, ""mps_l"": 14.5362, ""hsf_k"": 10, ""hsf_na"": 10, ""hsf_nb"": 11, ""hsf_l"": 25.1749, ""sup"": 0, ""chi_bits0"": 10, ""mps_l0"": 37.8784, ""hsf_keff"": 4, ""hsf_l0"": 31.1749, ""sparse_l"": 7.0444, ""sv_l"": 28.0444, ""feat_secs"": 0.006351, ""feat_secs_frame"": 0.000578, ""feat_secs_hsf"": 0.005688}"
arith,"arith:bits=10,h=0,reps=2",1,"{""bits"": 10.0, ""h"": 0.0, ""reps"": 2.0}",plan,ok,0.000652,0.0074,2342912,1.0,0,1.0,0.0,engine=sparse aborted=[] plan_secs=0.000627,"{""n"": 21, ""gates"": 132, ""g2"": 80, ""g3"": 40, ""depth2"": 102, ""t_count"": 280, ""rotations"": 280, ""d"": 19, ""dense_l"": 26.2669, ""redundant"": 261, ""obs_zero"": false, ""frame_l"": 46.1293, ""chi_bits"": 0, ""mps_l"": 14.5362, ""hsf_k"": 10, ""hsf_na"": 10, ""hsf_nb"": 11, ""hsf_l"": 25.1749, ""sup"": 0, ""chi_bits0"": 10, ""mps_l0"": 37.8784, ""hsf_keff"": 4, ""hsf_l0"": 31.1749, ""sparse_l"": 7.0444, ""sv_l"": 28.0444, ""feat_secs"": 0.006351, ""feat_secs_frame"": 0.000578, ""feat_secs_hsf"": 0.005688}"
arith,"arith:bits=10,h=1,reps=1",1,"{""bits"": 10.0, ""h"": 1.0, ""reps"": 1.0}",planx,ok,0.000378,0.0042,2293760,0.5000000000000002,0,0.5000000000000002,0.0,engine=sparse aborted=[] plan_secs=0.000357,"{""n"": 21, ""gates"": 73, ""g2"": 40, ""g3"": 20, ""depth2"": 51, ""t_count"": 140, ""rotations"": 140, ""d"": 21, ""dense_l"": 24.8088, ""redundant"": 119, ""obs_zero"": false, ""frame_l"": 49.1293, ""chi_bits"": 2, ""mps_l"": 19.6585, ""hsf_k"": 5, ""hsf_na"": 10, ""hsf_nb"": 11, ""hsf_l"": 23.0993, ""sup"": 2, ""chi_bits0"": 10, ""mps_l0"": 36.7453, ""hsf_keff"": 2, ""hsf_l0"": 26.0993, ""sparse_l"": 8.1898, ""sv_l"": 27.1898, ""feat_secs"": 0.004443, ""feat_secs_frame"": 0.000319, ""feat_secs_hsf"": 0.00406}"
arith,"arith:bits=10,h=1,reps=1",1,"{""bits"": 10.0, ""h"": 1.0, ""reps"": 1.0}",planp,ok,0.000371,0.0035,2293760,0.5000000000000002,0,0.5000000000000002,0.0,engine=sparse aborted=[] plan_secs=0.000353,"{""n"": 21, ""gates"": 73, ""g2"": 40, ""g3"": 20, ""depth2"": 51, ""t_count"": 140, ""rotations"": 140, ""d"": 21, ""dense_l"": 24.8088, ""redundant"": 119, ""obs_zero"": false, ""frame_l"": 49.1293, ""chi_bits"": 2, ""mps_l"": 19.6585, ""hsf_k"": 5, ""hsf_na"": 10, ""hsf_nb"": 11, ""hsf_l"": 23.0993, ""sup"": 2, ""chi_bits0"": 10, ""mps_l0"": 36.7453, ""hsf_keff"": 2, ""hsf_l0"": 26.0993, ""sparse_l"": 8.1898, ""sv_l"": 27.1898, ""feat_secs"": 0.004443, ""feat_secs_frame"": 0.000319, ""feat_secs_hsf"": 0.00406}"
arith,"arith:bits=10,h=1,reps=1",1,"{""bits"": 10.0, ""h"": 1.0, ""reps"": 1.0}",plan,ok,0.000408,0.0044,2277376,0.5000000000000002,0,0.5000000000000002,0.0,engine=sparse aborted=[] plan_secs=0.000380,"{""n"": 21, ""gates"": 73, ""g2"": 40, ""g3"": 20, ""depth2"": 51, ""t_count"": 140, ""rotations"": 140, ""d"": 21, ""dense_l"": 24.8088, ""redundant"": 119, ""obs_zero"": false, ""frame_l"": 49.1293, ""chi_bits"": 2, ""mps_l"": 19.6585, ""hsf_k"": 5, ""hsf_na"": 10, ""hsf_nb"": 11, ""hsf_l"": 23.0993, ""sup"": 2, ""chi_bits0"": 10, ""mps_l0"": 36.7453, ""hsf_keff"": 2, ""hsf_l0"": 26.0993, ""sparse_l"": 8.1898, ""sv_l"": 27.1898, ""feat_secs"": 0.004443, ""feat_secs_frame"": 0.000319, ""feat_secs_hsf"": 0.00406}"
arith,"arith:bits=10,h=1,reps=4",1,"{""bits"": 10.0, ""h"": 1.0, ""reps"": 4.0}",planx,ok,0.001302,0.0065,2473984,1.0,0,1.0,0.0,engine=sparse aborted=[] plan_secs=0.001256,"{""n"": 21, ""gates"": 253, ""g2"": 160, ""g3"": 80, ""depth2"": 204, ""t_count"": 560, ""rotations"": 560, ""d"": 21, ""dense_l"": 29.7616, ""redundant"": 539, ""obs_zero"": false, ""frame_l"": 51.1293, ""chi_bits"": 2, ""mps_l"": 21.2064, ""hsf_k"": 20, ""hsf_na"": 10, ""hsf_nb"": 11, ""hsf_l"": 29.3185, ""sup"": 2, ""chi_bits0"": 10, ""mps_l0"": 39.3971, ""hsf_keff"": 8, ""hsf_l0"": 41.3185, ""sparse_l"": 9.983, ""sv_l"": 28.983, ""feat_secs"": 0.006585, ""feat_secs_frame"": 0.001031, ""feat_secs_hsf"": 0.005401}"
arith,"arith:bits=10,h=1,reps=4",1,"{""bits"": 10.0, ""h"": 1.0, ""reps"": 4.0}",planp,ok,0.001256,0.0075,2473984,1.0,0,1.0,0.0,engine=sparse aborted=[] plan_secs=0.001212,"{""n"": 21, ""gates"": 253, ""g2"": 160, ""g3"": 80, ""depth2"": 204, ""t_count"": 560, ""rotations"": 560, ""d"": 21, ""dense_l"": 29.7616, ""redundant"": 539, ""obs_zero"": false, ""frame_l"": 51.1293, ""chi_bits"": 2, ""mps_l"": 21.2064, ""hsf_k"": 20, ""hsf_na"": 10, ""hsf_nb"": 11, ""hsf_l"": 29.3185, ""sup"": 2, ""chi_bits0"": 10, ""mps_l0"": 39.3971, ""hsf_keff"": 8, ""hsf_l0"": 41.3185, ""sparse_l"": 9.983, ""sv_l"": 28.983, ""feat_secs"": 0.006585, ""feat_secs_frame"": 0.001031, ""feat_secs_hsf"": 0.005401}"
arith,"arith:bits=10,h=1,reps=4",1,"{""bits"": 10.0, ""h"": 1.0, ""reps"": 4.0}",plan,ok,0.00154,0.0073,2490368,1.0,0,1.0,0.0,engine=sparse aborted=[] plan_secs=0.001493,"{""n"": 21, ""gates"": 253, ""g2"": 160, ""g3"": 80, ""depth2"": 204, ""t_count"": 560, ""rotations"": 560, ""d"": 21, ""dense_l"": 29.7616, ""redundant"": 539, ""obs_zero"": false, ""frame_l"": 51.1293, ""chi_bits"": 2, ""mps_l"": 21.2064, ""hsf_k"": 20, ""hsf_na"": 10, ""hsf_nb"": 11, ""hsf_l"": 29.3185, ""sup"": 2, ""chi_bits0"": 10, ""mps_l0"": 39.3971, ""hsf_keff"": 8, ""hsf_l0"": 41.3185, ""sparse_l"": 9.983, ""sv_l"": 28.983, ""feat_secs"": 0.006585, ""feat_secs_frame"": 0.001031, ""feat_secs_hsf"": 0.005401}"
arith,"arith:bits=10,h=2,reps=2",1,"{""bits"": 10.0, ""h"": 2.0, ""reps"": 2.0}",planx,ok,0.000698,0.0044,2424832,-0.2500000000000001,0,-0.2500000000000001,0.0,engine=sparse aborted=[] plan_secs=0.000638,"{""n"": 21, ""gates"": 134, ""g2"": 80, ""g3"": 40, ""depth2"": 102, ""t_count"": 280, ""rotations"": 280, ""d"": 21, ""dense_l"": 28.3312, ""redundant"": 259, ""obs_zero"": false, ""frame_l"": 50.1293, ""chi_bits"": 4, ""mps_l"": 25.4807, ""hsf_k"": 10, ""hsf_na"": 10, ""hsf_nb"": 11, ""hsf_l"": 25.1774, ""sup"": 4, ""chi_bits0"": 10, ""mps_l0"": 37.8784, ""hsf_keff"": 4, ""hsf_l0"": 31.1774, ""sparse_l"": 11.0661, ""sv_l"": 28.0661, ""feat_secs"": 0.006067, ""feat_secs_frame"": 0.000559, ""feat_secs_hsf"": 0.005417}"
arith,"arith:bits=10,h=2,reps=2",1,"{""bits"": 10.0, ""h"": 2.0, ""reps"": 2.0}",planp,ok,0.000722,0.0066,2441216,-0.2500000000000001,0,-0.2500000000000001,0.0,engine=sparse aborted=[] plan_secs=0.000661,"{""n"": 21, ""gates"": 134, ""g2"": 80, ""g3"": 40, ""depth2"": 102, ""t_count"": 280, ""rotations"": 280, ""d"": 21, ""dense_l"": 28.3312, ""redundant"": 259, ""obs_zero"": false, ""frame_l"": 50.1293, ""chi_bits"": 4, ""mps_l"": 25.4807, ""hsf_k"": 10, ""hsf_na"": 10, ""hsf_nb"": 11, ""hsf_l"": 25.1774, ""sup"": 4, ""chi_bits0"": 10, ""mps_l0"": 37.8784, ""hsf_keff"": 4, ""hsf_l0"": 31.1774, ""sparse_l"": 11.0661, ""sv_l"": 28.0661, ""feat_secs"": 0.006067, ""feat_secs_frame"": 0.000559, ""feat_secs_hsf"": 0.005417}"
arith,"arith:bits=10,h=2,reps=2",1,"{""bits"": 10.0, ""h"": 2.0, ""reps"": 2.0}",plan,ok,0.000704,0.0043,2408448,-0.2500000000000001,0,-0.2500000000000001,0.0,engine=sparse aborted=[] plan_secs=0.000643,"{""n"": 21, ""gates"": 134, ""g2"": 80, ""g3"": 40, ""depth2"": 102, ""t_count"": 280, ""rotations"": 280, ""d"": 21, ""dense_l"": 28.3312, ""redundant"": 259, ""obs_zero"": false, ""frame_l"": 50.1293, ""chi_bits"": 4, ""mps_l"": 25.4807, ""hsf_k"": 10, ""hsf_na"": 10, ""hsf_nb"": 11, ""hsf_l"": 25.1774, ""sup"": 4, ""chi_bits0"": 10, ""mps_l0"": 37.8784, ""hsf_keff"": 4, ""hsf_l0"": 31.1774, ""sparse_l"": 11.0661, ""sv_l"": 28.0661, ""feat_secs"": 0.006067, ""feat_secs_frame"": 0.000559, ""feat_secs_hsf"": 0.005417}"
arith,"arith:bits=10,h=4,reps=1",1,"{""bits"": 10.0, ""h"": 4.0, ""reps"": 1.0}",planx,ok,0.000649,0.0062,2424832,8.673617379884035e-18,0,8.673617379884035e-18,0.0,engine=sparse aborted=[] plan_secs=0.000370,"{""n"": 21, ""gates"": 75, ""g2"": 40, ""g3"": 20, ""depth2"": 51, ""t_count"": 140, ""rotations"": 140, ""d"": 21, ""dense_l"": 26.1337, ""redundant"": 119, ""obs_zero"": false, ""frame_l"": 49.1293, ""chi_bits"": 8, ""mps_l"": 34.2064, ""hsf_k"": 5, ""hsf_na"": 10, ""hsf_nb"": 11, ""hsf_l"": 23.102, ""sup"": 8, ""chi_bits0"": 10, ""mps_l0"": 36.7453, ""hsf_keff"": 2, ""hsf_l0"": 26.102, ""sparse_l"": 14.2288, ""sv_l"": 27.2288, ""feat_secs"": 0.00438, ""feat_secs_frame"": 0.000309, ""feat_secs_hsf"": 0.004011}"
arith,"arith:bits=10,h=4,reps=1",1,"{""bits"": 10.0, ""h"": 4.0, ""reps"": 1.0}",planp,ok,0.000654,0.0043,2441216,8.673617379884035e-18,0,8.673617379884035e-18,0.0,engine=sparse aborted=[] plan_secs=0.000370,"{""n"": 21, ""gates"": 75, ""g2"": 40, ""g3"": 20, ""depth2"": 51, ""t_count"": 140, ""rotations"": 140, ""d"": 21, ""dense_l"": 26.1337, ""redundant"": 119, ""obs_zero"": false, ""frame_l"": 49.1293, ""chi_bits"": 8, ""mps_l"": 34.2064, ""hsf_k"": 5, ""hsf_na"": 10, ""hsf_nb"": 11, ""hsf_l"": 23.102, ""sup"": 8, ""chi_bits0"": 10, ""mps_l0"": 36.7453, ""hsf_keff"": 2, ""hsf_l0"": 26.102, ""sparse_l"": 14.2288, ""sv_l"": 27.2288, ""feat_secs"": 0.00438, ""feat_secs_frame"": 0.000309, ""feat_secs_hsf"": 0.004011}"
arith,"arith:bits=10,h=4,reps=1",1,"{""bits"": 10.0, ""h"": 4.0, ""reps"": 1.0}",plan,ok,0.000732,0.0060,2441216,8.673617379884035e-18,0,8.673617379884035e-18,0.0,engine=sparse aborted=[] plan_secs=0.000449,"{""n"": 21, ""gates"": 75, ""g2"": 40, ""g3"": 20, ""depth2"": 51, ""t_count"": 140, ""rotations"": 140, ""d"": 21, ""dense_l"": 26.1337, ""redundant"": 119, ""obs_zero"": false, ""frame_l"": 49.1293, ""chi_bits"": 8, ""mps_l"": 34.2064, ""hsf_k"": 5, ""hsf_na"": 10, ""hsf_nb"": 11, ""hsf_l"": 23.102, ""sup"": 8, ""chi_bits0"": 10, ""mps_l0"": 36.7453, ""hsf_keff"": 2, ""hsf_l0"": 26.102, ""sparse_l"": 14.2288, ""sv_l"": 27.2288, ""feat_secs"": 0.00438, ""feat_secs_frame"": 0.000309, ""feat_secs_hsf"": 0.004011}"
arith,"arith:bits=10,h=4,reps=4",1,"{""bits"": 10.0, ""h"": 4.0, ""reps"": 4.0}",planx,ok,0.004305,0.0097,2686976,-0.01562500000000001,0,-0.01562500000000001,0.0,engine=sparse aborted=[] plan_secs=0.003350,"{""n"": 21, ""gates"": 255, ""g2"": 160, ""g3"": 80, ""depth2"": 204, ""t_count"": 560, ""rotations"": 560, ""d"": 21, ""dense_l"": 29.8301, ""redundant"": 539, ""obs_zero"": false, ""frame_l"": 51.1293, ""chi_bits"": 8, ""mps_l"": 36.9156, ""hsf_k"": 20, ""hsf_na"": 10, ""hsf_nb"": 11, ""hsf_l"": 29.3208, ""sup"": 8, ""chi_bits0"": 10, ""mps_l0"": 39.3971, ""hsf_keff"": 8, ""hsf_l0"": 41.3208, ""sparse_l"": 15.9944, ""sv_l"": 28.9944, ""feat_secs"": 0.006888, ""feat_secs_frame"": 0.001194, ""feat_secs_hsf"": 0.005518}"
arith,"arith:bits=10,h=4,reps=4",1,"{""bits"": 10.0, ""h"": 4.0, ""reps"": 4.0}",planp,ok,0.004341,0.0101,2736128,-0.01562500000000001,0,-0.01562500000000001,0.0,engine=sparse aborted=[] plan_secs=0.003358,"{""n"": 21, ""gates"": 255, ""g2"": 160, ""g3"": 80, ""depth2"": 204, ""t_count"": 560, ""rotations"": 560, ""d"": 21, ""dense_l"": 29.8301, ""redundant"": 539, ""obs_zero"": false, ""frame_l"": 51.1293, ""chi_bits"": 8, ""mps_l"": 36.9156, ""hsf_k"": 20, ""hsf_na"": 10, ""hsf_nb"": 11, ""hsf_l"": 29.3208, ""sup"": 8, ""chi_bits0"": 10, ""mps_l0"": 39.3971, ""hsf_keff"": 8, ""hsf_l0"": 41.3208, ""sparse_l"": 15.9944, ""sv_l"": 28.9944, ""feat_secs"": 0.006888, ""feat_secs_frame"": 0.001194, ""feat_secs_hsf"": 0.005518}"
arith,"arith:bits=10,h=4,reps=4",1,"{""bits"": 10.0, ""h"": 4.0, ""reps"": 4.0}",plan,ok,0.004247,0.0091,2719744,-0.01562500000000001,0,-0.01562500000000001,0.0,engine=sparse aborted=[] plan_secs=0.003299,"{""n"": 21, ""gates"": 255, ""g2"": 160, ""g3"": 80, ""depth2"": 204, ""t_count"": 560, ""rotations"": 560, ""d"": 21, ""dense_l"": 29.8301, ""redundant"": 539, ""obs_zero"": false, ""frame_l"": 51.1293, ""chi_bits"": 8, ""mps_l"": 36.9156, ""hsf_k"": 20, ""hsf_na"": 10, ""hsf_nb"": 11, ""hsf_l"": 29.3208, ""sup"": 8, ""chi_bits0"": 10, ""mps_l0"": 39.3971, ""hsf_keff"": 8, ""hsf_l0"": 41.3208, ""sparse_l"": 15.9944, ""sv_l"": 28.9944, ""feat_secs"": 0.006888, ""feat_secs_frame"": 0.001194, ""feat_secs_hsf"": 0.005518}"
arith,"arith:bits=10,h=6,reps=2",1,"{""bits"": 10.0, ""h"": 6.0, ""reps"": 2.0}",planx,ok,0.014761,0.0186,3506176,-1.409462824231156e-18,0,-1.409462824231156e-18,0.0,engine=sparse aborted=[] plan_secs=0.007441,"{""n"": 21, ""gates"": 136, ""g2"": 80, ""g3"": 40, ""depth2"": 102, ""t_count"": 280, ""rotations"": 280, ""d"": 21, ""dense_l"": 28.5654, ""redundant"": 259, ""obs_zero"": false, ""frame_l"": 50.1293, ""chi_bits"": 10, ""mps_l"": 37.8784, ""hsf_k"": 10, ""hsf_na"": 10, ""hsf_nb"": 11, ""hsf_l"": 27.1799, ""sup"": 12, ""chi_bits0"": 10, ""mps_l0"": 37.8784, ""hsf_keff"": 6, ""hsf_l0"": 31.1799, ""sparse_l"": 19.0875, ""sv_l"": 28.0875, ""feat_secs"": 0.006666, ""feat_secs_frame"": 0.000646, ""feat_secs_hsf"": 0.00592}"
arith,"arith:bits=10,h=6,reps=2",1,"{""bits"": 10.0, ""h"": 6.0, ""reps"": 2.0}",planp,ok,0.01432,0.0182,3522560,-1.409462824231156e-18,0,-1.409462824231156e-18,0.0,engine=sparse aborted=[] plan_secs=0.006923,"{""n"": 21, ""gates"": 136, ""g2"": 80, ""g3"": 40, ""depth2"": 102, ""t_count"": 280, ""rotations"": 280, ""d"": 21, ""dense_l"": 28.5654, ""redundant"": 259, ""obs_zero"": false, ""frame_l"": 50.1293, ""chi_bits"": 10, ""mps_l"": 37.8784, ""hsf_k"": 10, ""hsf_na"": 10, ""hsf_nb"": 11, ""hsf_l"": 27.1799, ""sup"": 12, ""chi_bits0"": 10, ""mps_l0"": 37.8784, ""hsf_keff"": 6, ""hsf_l0"": 31.1799, ""sparse_l"": 19.0875, ""sv_l"": 28.0875, ""feat_secs"": 0.006666, ""feat_secs_frame"": 0.000646, ""feat_secs_hsf"": 0.00592}"
arith,"arith:bits=10,h=6,reps=2",1,"{""bits"": 10.0, ""h"": 6.0, ""reps"": 2.0}",plan,ok,0.014247,0.0184,3522560,-1.409462824231156e-18,0,-1.409462824231156e-18,0.0,engine=sparse aborted=[] plan_secs=0.007003,"{""n"": 21, ""gates"": 136, ""g2"": 80, ""g3"": 40, ""depth2"": 102, ""t_count"": 280, ""rotations"": 280, ""d"": 21, ""dense_l"": 28.5654, ""redundant"": 259, ""obs_zero"": false, ""frame_l"": 50.1293, ""chi_bits"": 10, ""mps_l"": 37.8784, ""hsf_k"": 10, ""hsf_na"": 10, ""hsf_nb"": 11, ""hsf_l"": 27.1799, ""sup"": 12, ""chi_bits0"": 10, ""mps_l0"": 37.8784, ""hsf_keff"": 6, ""hsf_l0"": 31.1799, ""sparse_l"": 19.0875, ""sv_l"": 28.0875, ""feat_secs"": 0.006666, ""feat_secs_frame"": 0.000646, ""feat_secs_hsf"": 0.00592}"
arith,"arith:bits=12,h=0,reps=1",1,"{""bits"": 12.0, ""h"": 0.0, ""reps"": 1.0}",planx,ok,0.000432,0.0066,2277376,1.0,0,1.0,0.0,engine=sparse aborted=[] plan_secs=0.000413,"{""n"": 25, ""gates"": 85, ""g2"": 48, ""g3"": 24, ""depth2"": 61, ""t_count"": 168, ""rotations"": 168, ""d"": 23, ""dense_l"": 26.8077, ""redundant"": 145, ""obs_zero"": false, ""frame_l"": 53.3923, ""chi_bits"": 0, ""mps_l"": 14.2999, ""hsf_k"": 5, ""hsf_na"": 12, ""hsf_nb"": 13, ""hsf_l"": 27.0296, ""sup"": 0, ""chi_bits0"": 12, ""mps_l0"": 42.0962, ""hsf_keff"": 2, ""hsf_l0"": 30.0296, ""sparse_l"": 6.4094, ""sv_l"": 31.4094, ""feat_secs"": 0.008725, ""feat_secs_frame"": 0.000387, ""feat_secs_hsf"": 0.008263}"
arith,"arith:bits=12,h=0,reps=1",1,"{""bits"": 12.0, ""h"": 0.0, ""reps"": 1.0}",planp,ok,0.00044,0.0041,2293760,1.0,0,1.0,0.0,engine=sparse aborted=[] plan_secs=0.000422,"{""n"": 25, ""gates"": 85, ""g2"": 48, ""g3"": 24, ""depth2"": 61, ""t_count"": 168, ""rotations"": 168, ""d"": 23, ""dense_l"": 26.8077, ""redundant"": 145, ""obs_zero"": false, ""frame_l"": 53.3923, ""chi_bits"": 0, ""mps_l"": 14.2999, ""hsf_k"": 5, ""hsf_na"": 12, ""hsf_nb"": 13, ""hsf_l"": 27.0296, ""sup"": 0, ""chi_bits0"": 12, ""mps_l0"": 42.0962, ""hsf_keff"": 2, ""hsf_l0"": 30.0296, ""sparse_l"": 6.4094, ""sv_l"": 31.4094, ""feat_secs"": 0.008725, ""feat_secs_frame"": 0.000387, ""feat_secs_hsf"": 0.008263}"
arith,"arith:bits=12,h=0,reps=1",1,"{""bits"": 12.0, ""h"": 0.0, ""reps"": 1.0}",plan,ok,0.000437,0.0042,2293760,1.0,0,1.0,0.0,engine=sparse aborted=[] plan_secs=0.000421,"{""n"": 25, ""gates"": 85, ""g2"": 48, ""g3"": 24, ""depth2"": 61, ""t_count"": 168, ""rotations"": 168, ""d"": 23, ""dense_l"": 26.8077, ""redundant"": 145, ""obs_zero"": false, ""frame_l"": 53.3923, ""chi_bits"": 0, ""mps_l"": 14.2999, ""hsf_k"": 5, ""hsf_na"": 12, ""hsf_nb"": 13, ""hsf_l"": 27.0296, ""sup"": 0, ""chi_bits0"": 12, ""mps_l0"": 42.0962, ""hsf_keff"": 2, ""hsf_l0"": 30.0296, ""sparse_l"": 6.4094, ""sv_l"": 31.4094, ""feat_secs"": 0.008725, ""feat_secs_frame"": 0.000387, ""feat_secs_hsf"": 0.008263}"
arith,"arith:bits=12,h=0,reps=4",1,"{""bits"": 12.0, ""h"": 0.0, ""reps"": 4.0}",planx,ok,0.001482,0.0074,2555904,1.0,0,1.0,0.0,engine=sparse aborted=[] plan_secs=0.001438,"{""n"": 25, ""gates"": 301, ""g2"": 192, ""g3"": 96, ""depth2"": 244, ""t_count"": 672, ""rotations"": 672, ""d"": 23, ""dense_l"": 32.0168, ""redundant"": 649, ""obs_zero"": false, ""frame_l"": 55.3923, ""chi_bits"": 0, ""mps_l"": 15.8097, ""hsf_k"": 20, ""hsf_na"": 12, ""hsf_nb"": 13, ""hsf_l"": 33.1023, ""sup"": 0, ""chi_bits0"": 12, ""mps_l0"": 45.3113, ""hsf_keff"": 8, ""hsf_l0"": 45.1023, ""sparse_l"": 8.2336, ""sv_l"": 33.2336, ""feat_secs"": 0.011225, ""feat_secs_frame"": 0.00129, ""feat_secs_hsf"": 0.009749}"
arith,"arith:bits=12,h=0,reps=4",1,"{""bits"": 12.0, ""h"": 0.0, ""reps"": 4.0}",planp,ok,0.00161,0.0072,2555904,1.0,0,1.0,0.0,engine=sparse aborted=[] plan_secs=0.001574,"{""n"": 25, ""gates"": 301, ""g2"": 192, ""g3"": 96, ""depth2"": 244, ""t_count"": 672, ""rotations"": 672, ""d"": 23, ""dense_l"": 32.0168, ""redundant"": 649, ""obs_zero"": false, ""frame_l"": 55.3923, ""chi_bits"": 0, ""mps_l"": 15.8097, ""hsf_k"": 20, ""hsf_na"": 12, ""hsf_nb"": 13, ""hsf_l"": 33.1023, ""sup"": 0, ""chi_bits0"": 12, ""mps_l0"": 45.3113, ""hsf_keff"": 8, ""hsf_l0"": 45.1023, ""sparse_l"": 8.2336, ""sv_l"": 33.2336, ""feat_secs"": 0.011225, ""feat_secs_frame"": 0.00129, ""feat_secs_hsf"": 0.009749}"
arith,"arith:bits=12,h=0,reps=4",1,"{""bits"": 12.0, ""h"": 0.0, ""reps"": 4.0}",plan,ok,0.001635,0.0063,2539520,1.0,0,1.0,0.0,engine=sparse aborted=[] plan_secs=0.001597,"{""n"": 25, ""gates"": 301, ""g2"": 192, ""g3"": 96, ""depth2"": 244, ""t_count"": 672, ""rotations"": 672, ""d"": 23, ""dense_l"": 32.0168, ""redundant"": 649, ""obs_zero"": false, ""frame_l"": 55.3923, ""chi_bits"": 0, ""mps_l"": 15.8097, ""hsf_k"": 20, ""hsf_na"": 12, ""hsf_nb"": 13, ""hsf_l"": 33.1023, ""sup"": 0, ""chi_bits0"": 12, ""mps_l0"": 45.3113, ""hsf_keff"": 8, ""hsf_l0"": 45.1023, ""sparse_l"": 8.2336, ""sv_l"": 33.2336, ""feat_secs"": 0.011225, ""feat_secs_frame"": 0.00129, ""feat_secs_hsf"": 0.009749}"
arith,"arith:bits=12,h=1,reps=2",1,"{""bits"": 12.0, ""h"": 1.0, ""reps"": 2.0}",planx,ok,0.000839,0.0073,2392064,0.0,0,0.0,0.0,engine=sparse aborted=[] plan_secs=0.000806,"{""n"": 25, ""gates"": 159, ""g2"": 96, ""g3"": 48, ""depth2"": 122, ""t_count"": 336, ""rotations"": 336, ""d"": 25, ""dense_l"": 32.5078, ""redundant"": 311, ""obs_zero"": false, ""frame_l"": 58.3923, ""chi_bits"": 2, ""mps_l"": 20.4793, ""hsf_k"": 10, ""hsf_na"": 12, ""hsf_nb"": 13, ""hsf_l"": 29.0549, ""sup"": 2, ""chi_bits0"": 12, ""mps_l0"": 43.6178, ""hsf_keff"": 4, ""hsf_l0"": 35.0549, ""sparse_l"": 9.3129, ""sv_l"": 32.3129, ""feat_secs"": 0.010505, ""feat_secs_frame"": 0.000696, ""feat_secs_hsf"": 0.0097}"
arith,"arith:bits=12,h=1,reps=2",1,"{""bits"": 12.0, ""h"": 1.0, ""reps"": 2.0}",planp,ok,0.000842,0.0066,2392064,0.0,0,0.0,0.0,engine=sparse aborted=[] plan_secs=0.000803,"{""n"": 25, ""gates"": 159, ""g2"": 96, ""g3"": 48, ""depth2"": 122, ""t_count"": 336, ""rotations"": 336, ""d"": 25, ""dense_l"": 32.5078, ""redundant"": 311, ""obs_zero"": false, ""frame_l"": 58.3923, ""chi_bits"": 2, ""mps_l"": 20.4793, ""hsf_k"": 10, ""hsf_na"": 12, ""hsf_nb"": 13, ""hsf_l"": 29.0549, ""sup"": 2, ""chi_bits0"": 12, ""mps_l0"": 43.6178, ""hsf_keff"": 4, ""hsf_l0"": 35.0549, ""sparse_l"": 9.3129, ""sv_l"": 32.3129, ""feat_secs"": 0.010505, ""feat_secs_frame"": 0.000696, ""feat_secs_hsf"": 0.0097}"
arith,"arith:bits=12,h=1,reps=2",1,"{""bits"": 12.0, ""h"": 1.0, ""reps"": 2.0}",plan,ok,0.000796,0.0063,2392064,0.0,0,0.0,0.0,engine=sparse aborted=[] plan_secs=0.000764,"{""n"": 25, ""gates"": 159, ""g2"": 96, ""g3"": 48, ""depth2"": 122, ""t_count"": 336, ""rotations"": 336, ""d"": 25, ""dense_l"": 32.5078, ""redundant"": 311, ""obs_zero"": false, ""frame_l"": 58.3923, ""chi_bits"": 2, ""mps_l"": 20.4793, ""hsf_k"": 10, ""hsf_na"": 12, ""hsf_nb"": 13, ""hsf_l"": 29.0549, ""sup"": 2, ""chi_bits0"": 12, ""mps_l0"": 43.6178, ""hsf_keff"": 4, ""hsf_l0"": 35.0549, ""sparse_l"": 9.3129, ""sv_l"": 32.3129, ""feat_secs"": 0.010505, ""feat_secs_frame"": 0.000696, ""feat_secs_hsf"": 0.0097}"
arith,"arith:bits=12,h=2,reps=1",1,"{""bits"": 12.0, ""h"": 2.0, ""reps"": 1.0}",planx,ok,0.000523,0.0066,2342912,0.0,0,0.0,0.0,engine=sparse aborted=[] plan_secs=0.000466,"{""n"": 25, ""gates"": 88, ""g2"": 48, ""g3"": 24, ""depth2"": 61, ""t_count"": 168, ""rotations"": 168, ""d"": 25, ""dense_l"": 29.3928, ""redundant"": 143, ""obs_zero"": false, ""frame_l"": 57.3923, ""chi_bits"": 4, ""mps_l"": 25.2579, ""hsf_k"": 5, ""hsf_na"": 12, ""hsf_nb"": 13, ""hsf_l"": 27.0307, ""sup"": 4, ""chi_bits0"": 12, ""mps_l0"": 42.0962, ""hsf_keff"": 2, ""hsf_l0"": 30.0307, ""sparse_l"": 10.4594, ""sv_l"": 31.4594, ""feat_secs"": 0.008026, ""feat_secs_frame"": 0.000369, ""feat_secs_hsf"": 0.007585}"
arith,"arith:bits=12,h=2,reps=1",1,"{""bits"": 12.0, ""h"": 2.0, ""reps"": 1.0}",planp,ok,0.00049,0.0066,2359296,0.0,0,0.0,0.0,engine=sparse aborted=[] plan_secs=0.000442,"{""n"": 25, ""gates"": 88, ""g2"": 48, ""g3"": 24, ""depth2"": 61, ""t_count"": 168, ""rotations"": 168, ""d"": 25, ""dense_l"": 29.3928, ""redundant"": 143, ""obs_zero"": false, ""frame_l"": 57.3923, ""chi_bits"": 4, ""mps_l"": 25.2579, ""hsf_k"": 5, ""hsf_na"": 12, ""hsf_nb"": 13, ""hsf_l"": 27.0307, ""sup"": 4, ""chi_bits0"": 12, ""mps_l0"": 42.0962, ""hsf_keff"": 2, ""hsf_l0"": 30.0307, ""sparse_l"": 10.4594, ""sv_l"": 31.4594, ""feat_secs"": 0.008026, ""feat_secs_frame"": 0.000369, ""feat_secs_hsf"": 0.007585}"
arith,"arith:bits=12,h=2,reps=1",1,"{""bits"": 12.0, ""h"": 2.0, ""reps"": 1.0}",plan,ok,0.00058,0.0072,2342912,0.0,0,0.0,0.0,engine=sparse aborted=[] plan_secs=0.000532,"{""n"": 25, ""gates"": 88, ""g2"": 48, ""g3"": 24, ""depth2"": 61, ""t_count"": 168, ""rotations"": 168, ""d"": 25, ""dense_l"": 29.3928, ""redundant"": 143, ""obs_zero"": false, ""frame_l"": 57.3923, ""chi_bits"": 4, ""mps_l"": 25.2579, ""hsf_k"": 5, ""hsf_na"": 12, ""hsf_nb"": 13, ""hsf_l"": 27.0307, ""sup"": 4, ""chi_bits0"": 12, ""mps_l0"": 42.0962, ""hsf_keff"": 2, ""hsf_l0"": 30.0307, ""sparse_l"": 10.4594, ""sv_l"": 31.4594, ""feat_secs"": 0.008026, ""feat_secs_frame"": 0.000369, ""feat_secs_hsf"": 0.007585}"
arith,"arith:bits=12,h=2,reps=4",1,"{""bits"": 12.0, ""h"": 2.0, ""reps"": 4.0}",planx,ok,0.001643,0.0063,2605056,0.0,0,0.0,0.0,engine=sparse aborted=[] plan_secs=0.001516,"{""n"": 25, ""gates"": 304, ""g2"": 192, ""g3"": 96, ""depth2"": 244, ""t_count"": 672, ""rotations"": 672, ""d"": 25, ""dense_l"": 34.0362, ""redundant"": 647, ""obs_zero"": false, ""frame_l"": 59.3923, ""chi_bits"": 4, ""mps_l"": 27.0691, ""hsf_k"": 20, ""hsf_na"": 12, ""hsf_nb"": 13, ""hsf_l"": 33.1033, ""sup"": 4, ""chi_bits0"": 12, ""mps_l0"": 45.3113, ""hsf_keff"": 8, ""hsf_l0"": 45.1033, ""sparse_l"": 12.2479, ""sv_l"": 33.2479, ""feat_secs"": 0.011323, ""feat_secs_frame"": 0.001278, ""feat_secs_hsf"": 0.009853}"
arith,"arith:bits=12,h=2,reps=4",1,"{""bits"": 12.0, ""h"": 2.0, ""reps"": 4.0}",planp,ok,0.001673,0.0074,2605056,0.0,0,0.0,0.0,engine=sparse aborted=[] plan_secs=0.001553,"{""n"": 25, ""gates"": 304, ""g2"": 192, ""g3"": 96, ""depth2"": 244, ""t_count"": 672, ""rotations"": 672, ""d"": 25, ""dense_l"": 34.0362, ""redundant"": 647, ""obs_zero"": false, ""frame_l"": 59.3923, ""chi_bits"": 4, ""mps_l"": 27.0691, ""hsf_k"": 20, ""hsf_na"": 12, ""hsf_nb"": 13, ""hsf_l"": 33.1033, ""sup"": 4, ""chi_bits0"": 12, ""mps_l0"": 45.3113, ""hsf_keff"": 8, ""hsf_l0"": 45.1033, ""sparse_l"": 12.2479, ""sv_l"": 33.2479, ""feat_secs"": 0.011323, ""feat_secs_frame"": 0.001278, ""feat_secs_hsf"": 0.009853}"
arith,"arith:bits=12,h=2,reps=4",1,"{""bits"": 12.0, ""h"": 2.0, ""reps"": 4.0}",plan,ok,0.001586,0.0074,2637824,0.0,0,0.0,0.0,engine=sparse aborted=[] plan_secs=0.001470,"{""n"": 25, ""gates"": 304, ""g2"": 192, ""g3"": 96, ""depth2"": 244, ""t_count"": 672, ""rotations"": 672, ""d"": 25, ""dense_l"": 34.0362, ""redundant"": 647, ""obs_zero"": false, ""frame_l"": 59.3923, ""chi_bits"": 4, ""mps_l"": 27.0691, ""hsf_k"": 20, ""hsf_na"": 12, ""hsf_nb"": 13, ""hsf_l"": 33.1033, ""sup"": 4, ""chi_bits0"": 12, ""mps_l0"": 45.3113, ""hsf_keff"": 8, ""hsf_l0"": 45.1033, ""sparse_l"": 12.2479, ""sv_l"": 33.2479, ""feat_secs"": 0.011323, ""feat_secs_frame"": 0.001278, ""feat_secs_hsf"": 0.009853}"
arith,"arith:bits=12,h=4,reps=2",1,"{""bits"": 12.0, ""h"": 4.0, ""reps"": 2.0}",planx,ok,0.001319,0.0074,2539520,-0.06250000000000001,0,-0.06250000000000001,0.0,engine=sparse aborted=[] plan_secs=0.000769,"{""n"": 25, ""gates"": 162, ""g2"": 96, ""g3"": 48, ""depth2"": 122, ""t_count"": 336, ""rotations"": 336, ""d"": 25, ""dense_l"": 32.6655, ""redundant"": 311, ""obs_zero"": false, ""frame_l"": 58.3923, ""chi_bits"": 8, ""mps_l"": 36.265, ""hsf_k"": 10, ""hsf_na"": 12, ""hsf_nb"": 13, ""hsf_l"": 29.056, ""sup"": 8, ""chi_bits0"": 12, ""mps_l0"": 43.6178, ""hsf_keff"": 4, ""hsf_l0"": 35.056, ""sparse_l"": 15.3399, ""sv_l"": 32.3399, ""feat_secs"": 0.011183, ""feat_secs_frame"": 0.000676, ""feat_secs_hsf"": 0.010396}"
arith,"arith:bits=12,h=4,reps=2",1,"{""bits"": 12.0, ""h"": 4.0, ""reps"": 2.0}",planp,ok,0.001309,0.0071,2523136,-0.06250000000000001,0,-0.06250000000000001,0.0,engine=sparse aborted=[] plan_secs=0.000769,"{""n"": 25, ""gates"": 162, ""g2"": 96, ""g3"": 48, ""depth2"": 122, ""t_count"": 336, ""rotations"": 336, ""d"": 25, ""dense_l"": 32.6655, ""redundant"": 311, ""obs_zero"": false, ""frame_l"": 58.3923, ""chi_bits"": 8, ""mps_l"": 36.265, ""hsf_k"": 10, ""hsf_na"": 12, ""hsf_nb"": 13, ""hsf_l"": 29.056, ""sup"": 8, ""chi_bits0"": 12, ""mps_l0"": 43.6178, ""hsf_keff"": 4, ""hsf_l0"": 35.056, ""sparse_l"": 15.3399, ""sv_l"": 32.3399, ""feat_secs"": 0.011183, ""feat_secs_frame"": 0.000676, ""feat_secs_hsf"": 0.010396}"
arith,"arith:bits=12,h=4,reps=2",1,"{""bits"": 12.0, ""h"": 4.0, ""reps"": 2.0}",plan,ok,0.001397,0.0066,2572288,-0.06250000000000001,0,-0.06250000000000001,0.0,engine=sparse aborted=[] plan_secs=0.000836,"{""n"": 25, ""gates"": 162, ""g2"": 96, ""g3"": 48, ""depth2"": 122, ""t_count"": 336, ""rotations"": 336, ""d"": 25, ""dense_l"": 32.6655, ""redundant"": 311, ""obs_zero"": false, ""frame_l"": 58.3923, ""chi_bits"": 8, ""mps_l"": 36.265, ""hsf_k"": 10, ""hsf_na"": 12, ""hsf_nb"": 13, ""hsf_l"": 29.056, ""sup"": 8, ""chi_bits0"": 12, ""mps_l0"": 43.6178, ""hsf_keff"": 4, ""hsf_l0"": 35.056, ""sparse_l"": 15.3399, ""sv_l"": 32.3399, ""feat_secs"": 0.011183, ""feat_secs_frame"": 0.000676, ""feat_secs_hsf"": 0.010396}"
arith,"arith:bits=12,h=6,reps=1",1,"{""bits"": 12.0, ""h"": 6.0, ""reps"": 1.0}",planx,ok,0.013266,0.0184,3588096,-1.301042606982605e-18,0,-1.301042606982605e-18,0.0,engine=sparse aborted=[] plan_secs=0.008675,"{""n"": 25, ""gates"": 91, ""g2"": 48, ""g3"": 24, ""depth2"": 61, ""t_count"": 168, ""rotations"": 168, ""d"": 25, ""dense_l"": 30.6179, ""redundant"": 143, ""obs_zero"": false, ""frame_l"": 57.3923, ""chi_bits"": 12, ""mps_l"": 42.0962, ""hsf_k"": 5, ""hsf_na"": 12, ""hsf_nb"": 13, ""hsf_l"": 29.0317, ""sup"": 12, ""chi_bits0"": 12, ""mps_l0"": 42.0962, ""hsf_keff"": 4, ""hsf_l0"": 30.0317, ""sparse_l"": 18.5078, ""sv_l"": 31.5078, ""feat_secs"": 0.007901, ""feat_secs_frame"": 0.000366, ""feat_secs_hsf"": 0.007471}"
arith,"arith:bits=12,h=6,reps=1",1,"{""bits"": 12.0, ""h"": 6.0, ""reps"": 1.0}",planp,ok,0.013635,0.0191,3604480,-1.301042606982605e-18,0,-1.301042606982605e-18,0.0,engine=sparse aborted=[] plan_secs=0.008871,"{""n"": 25, ""gates"": 91, ""g2"": 48, ""g3"": 24, ""depth2"": 61, ""t_count"": 168, ""rotations"": 168, ""d"": 25, ""dense_l"": 30.6179, ""redundant"": 143, ""obs_zero"": false, ""frame_l"": 57.3923, ""chi_bits"": 12, ""mps_l"": 42.0962, ""hsf_k"": 5, ""hsf_na"": 12, ""hsf_nb"": 13, ""hsf_l"": 29.0317, ""sup"": 12, ""chi_bits0"": 12, ""mps_l0"": 42.0962, ""hsf_keff"": 4, ""hsf_l0"": 30.0317, ""sparse_l"": 18.5078, ""sv_l"": 31.5078, ""feat_secs"": 0.007901, ""feat_secs_frame"": 0.000366, ""feat_secs_hsf"": 0.007471}"
arith,"arith:bits=12,h=6,reps=1",1,"{""bits"": 12.0, ""h"": 6.0, ""reps"": 1.0}",plan,ok,0.013684,0.0178,3604480,-1.301042606982605e-18,0,-1.301042606982605e-18,0.0,engine=sparse aborted=[] plan_secs=0.008909,"{""n"": 25, ""gates"": 91, ""g2"": 48, ""g3"": 24, ""depth2"": 61, ""t_count"": 168, ""rotations"": 168, ""d"": 25, ""dense_l"": 30.6179, ""redundant"": 143, ""obs_zero"": false, ""frame_l"": 57.3923, ""chi_bits"": 12, ""mps_l"": 42.0962, ""hsf_k"": 5, ""hsf_na"": 12, ""hsf_nb"": 13, ""hsf_l"": 29.0317, ""sup"": 12, ""chi_bits0"": 12, ""mps_l0"": 42.0962, ""hsf_keff"": 4, ""hsf_l0"": 30.0317, ""sparse_l"": 18.5078, ""sv_l"": 31.5078, ""feat_secs"": 0.007901, ""feat_secs_frame"": 0.000366, ""feat_secs_hsf"": 0.007471}"
arith,"arith:bits=12,h=6,reps=4",1,"{""bits"": 12.0, ""h"": 6.0, ""reps"": 4.0}",planx,ok,0.034076,0.0399,3768320,-0.0048828125,0,-0.0048828125,0.0,engine=sparse aborted=[] plan_secs=0.014625,"{""n"": 25, ""gates"": 307, ""g2"": 192, ""g3"": 96, ""depth2"": 244, ""t_count"": 672, ""rotations"": 672, ""d"": 25, ""dense_l"": 34.1114, ""redundant"": 647, ""obs_zero"": false, ""frame_l"": 59.3923, ""chi_bits"": 12, ""mps_l"": 45.3113, ""hsf_k"": 20, ""hsf_na"": 12, ""hsf_nb"": 13, ""hsf_l"": 33.1043, ""sup"": 12, ""chi_bits0"": 12, ""mps_l0"": 45.3113, ""hsf_keff"": 8, ""hsf_l0"": 45.1043, ""sparse_l"": 20.2621, ""sv_l"": 33.2621, ""feat_secs"": 0.01118, ""feat_secs_frame"": 0.00125, ""feat_secs_hsf"": 0.009754}"
arith,"arith:bits=12,h=6,reps=4",1,"{""bits"": 12.0, ""h"": 6.0, ""reps"": 4.0}",planp,ok,0.037295,0.0425,4210688,-0.0048828125,0,-0.0048828125,0.0,engine=sparse aborted=[] plan_secs=0.017440,"{""n"": 25, ""gates"": 307, ""g2"": 192, ""g3"": 96, ""depth2"": 244, ""t_count"": 672, ""rotations"": 672, ""d"": 25, ""dense_l"": 34.1114, ""redundant"": 647, ""obs_zero"": false, ""frame_l"": 59.3923, ""chi_bits"": 12, ""mps_l"": 45.3113, ""hsf_k"": 20, ""hsf_na"": 12, ""hsf_nb"": 13, ""hsf_l"": 33.1043, ""sup"": 12, ""chi_bits0"": 12, ""mps_l0"": 45.3113, ""hsf_keff"": 8, ""hsf_l0"": 45.1043, ""sparse_l"": 20.2621, ""sv_l"": 33.2621, ""feat_secs"": 0.01118, ""feat_secs_frame"": 0.00125, ""feat_secs_hsf"": 0.009754}"
arith,"arith:bits=12,h=6,reps=4",1,"{""bits"": 12.0, ""h"": 6.0, ""reps"": 4.0}",plan,ok,0.033586,0.0371,3751936,-0.0048828125,0,-0.0048828125,0.0,engine=sparse aborted=[] plan_secs=0.014333,"{""n"": 25, ""gates"": 307, ""g2"": 192, ""g3"": 96, ""depth2"": 244, ""t_count"": 672, ""rotations"": 672, ""d"": 25, ""dense_l"": 34.1114, ""redundant"": 647, ""obs_zero"": false, ""frame_l"": 59.3923, ""chi_bits"": 12, ""mps_l"": 45.3113, ""hsf_k"": 20, ""hsf_na"": 12, ""hsf_nb"": 13, ""hsf_l"": 33.1043, ""sup"": 12, ""chi_bits0"": 12, ""mps_l0"": 45.3113, ""hsf_keff"": 8, ""hsf_l0"": 45.1043, ""sparse_l"": 20.2621, ""sv_l"": 33.2621, ""feat_secs"": 0.01118, ""feat_secs_frame"": 0.00125, ""feat_secs_hsf"": 0.009754}"
brick,"brick:n=12,D=2,nn=1",1,"{""n"": 12.0, ""D"": 2.0, ""nn"": 1.0}",planx,ok,0.000155,0.0041,2260992,-0.004470431060879979,0,-0.004470431060879979,0.0,engine=sv aborted=[] plan_secs=0.000000,"{""n"": 12, ""gates"": 47, ""g2"": 11, ""g3"": 0, ""depth2"": 2, ""t_count"": 0, ""rotations"": 108, ""d"": 12, ""dense_l"": 18.2668, ""redundant"": 96, ""obs_zero"": false, ""frame_l"": 30.7549, ""chi_bits"": 1, ""mps_l"": 7.6147, ""hsf_k"": 1, ""hsf_na"": 6, ""hsf_nb"": 6, ""hsf_l"": 13.7944, ""sup"": 12, ""chi_bits0"": 1, ""mps_l0"": 7.6147, ""hsf_keff"": 1, ""hsf_l0"": 13.7944, ""sparse_l"": 17.5546, ""sv_l"": 17.5546, ""feat_secs"": 0.000762, ""feat_secs_frame"": 0.00018, ""feat_secs_hsf"": 0.000541}"
brick,"brick:n=12,D=2,nn=1",1,"{""n"": 12.0, ""D"": 2.0, ""nn"": 1.0}",planp,ok,0.000183,0.0066,2260992,-0.004470431060879979,0,-0.004470431060879979,0.0,engine=sv aborted=[] plan_secs=0.000000,"{""n"": 12, ""gates"": 47, ""g2"": 11, ""g3"": 0, ""depth2"": 2, ""t_count"": 0, ""rotations"": 108, ""d"": 12, ""dense_l"": 18.2668, ""redundant"": 96, ""obs_zero"": false, ""frame_l"": 30.7549, ""chi_bits"": 1, ""mps_l"": 7.6147, ""hsf_k"": 1, ""hsf_na"": 6, ""hsf_nb"": 6, ""hsf_l"": 13.7944, ""sup"": 12, ""chi_bits0"": 1, ""mps_l0"": 7.6147, ""hsf_keff"": 1, ""hsf_l0"": 13.7944, ""sparse_l"": 17.5546, ""sv_l"": 17.5546, ""feat_secs"": 0.000762, ""feat_secs_frame"": 0.00018, ""feat_secs_hsf"": 0.000541}"
brick,"brick:n=12,D=2,nn=1",1,"{""n"": 12.0, ""D"": 2.0, ""nn"": 1.0}",plan,ok,0.000169,0.0067,2260992,-0.004470431060879979,0,-0.004470431060879979,0.0,engine=sv aborted=[] plan_secs=0.000001,"{""n"": 12, ""gates"": 47, ""g2"": 11, ""g3"": 0, ""depth2"": 2, ""t_count"": 0, ""rotations"": 108, ""d"": 12, ""dense_l"": 18.2668, ""redundant"": 96, ""obs_zero"": false, ""frame_l"": 30.7549, ""chi_bits"": 1, ""mps_l"": 7.6147, ""hsf_k"": 1, ""hsf_na"": 6, ""hsf_nb"": 6, ""hsf_l"": 13.7944, ""sup"": 12, ""chi_bits0"": 1, ""mps_l0"": 7.6147, ""hsf_keff"": 1, ""hsf_l0"": 13.7944, ""sparse_l"": 17.5546, ""sv_l"": 17.5546, ""feat_secs"": 0.000762, ""feat_secs_frame"": 0.00018, ""feat_secs_hsf"": 0.000541}"
brick,"brick:n=12,D=4,nn=1",1,"{""n"": 12.0, ""D"": 4.0, ""nn"": 1.0}",planx,ok,0.000318,0.0041,2408448,-0.01670877688668039,0,-0.01670877688668039,0.0,engine=sv aborted=[] plan_secs=0.000000,"{""n"": 12, ""gates"": 82, ""g2"": 22, ""g3"": 0, ""depth2"": 4, ""t_count"": 0, ""rotations"": 180, ""d"": 12, ""dense_l"": 19.2192, ""redundant"": 168, ""obs_zero"": false, ""frame_l"": 31.4919, ""chi_bits"": 2, ""mps_l"": 10.1033, ""hsf_k"": 2, ""hsf_na"": 6, ""hsf_nb"": 6, ""hsf_l"": 15.1898, ""sup"": 12, ""chi_bits0"": 2, ""mps_l0"": 10.1033, ""hsf_keff"": 2, ""hsf_l0"": 15.1898, ""sparse_l"": 18.3576, ""sv_l"": 18.3576, ""feat_secs"": 0.000875, ""feat_secs_frame"": 0.000266, ""feat_secs_hsf"": 0.000561}"
brick,"brick:n=12,D=4,nn=1",1,"{""n"": 12.0, ""D"": 4.0, ""nn"": 1.0}",planp,ok,0.000266,0.0042,2359296,-0.01670877688668039,0,-0.01670877688668039,0.0,engine=sv aborted=[] plan_secs=0.000000,"{""n"": 12, ""gates"": 82, ""g2"": 22, ""g3"": 0, ""depth2"": 4, ""t_count"": 0, ""rotations"": 180, ""d"": 12, ""dense_l"": 19.2192, ""redundant"": 168, ""obs_zero"": false, ""frame_l"": 31.4919, ""chi_bits"": 2, ""mps_l"": 10.1033, ""hsf_k"": 2, ""hsf_na"": 6, ""hsf_nb"": 6, ""hsf_l"": 15.1898, ""sup"": 12, ""chi_bits0"": 2, ""mps_l0"": 10.1033, ""hsf_keff"": 2, ""hsf_l0"": 15.1898, ""sparse_l"": 18.3576, ""sv_l"": 18.3576, ""feat_secs"": 0.000875, ""feat_secs_frame"": 0.000266, ""feat_secs_hsf"": 0.000561}"
brick,"brick:n=12,D=4,nn=1",1,"{""n"": 12.0, ""D"": 4.0, ""nn"": 1.0}",plan,ok,0.000247,0.0042,2359296,-0.01670877688668039,0,-0.01670877688668039,0.0,engine=sv aborted=[] plan_secs=0.000000,"{""n"": 12, ""gates"": 82, ""g2"": 22, ""g3"": 0, ""depth2"": 4, ""t_count"": 0, ""rotations"": 180, ""d"": 12, ""dense_l"": 19.2192, ""redundant"": 168, ""obs_zero"": false, ""frame_l"": 31.4919, ""chi_bits"": 2, ""mps_l"": 10.1033, ""hsf_k"": 2, ""hsf_na"": 6, ""hsf_nb"": 6, ""hsf_l"": 15.1898, ""sup"": 12, ""chi_bits0"": 2, ""mps_l0"": 10.1033, ""hsf_keff"": 2, ""hsf_l0"": 15.1898, ""sparse_l"": 18.3576, ""sv_l"": 18.3576, ""feat_secs"": 0.000875, ""feat_secs_frame"": 0.000266, ""feat_secs_hsf"": 0.000561}"
brick,"brick:n=12,D=8,nn=1",1,"{""n"": 12.0, ""D"": 8.0, ""nn"": 1.0}",planx,ok,0.000908,0.0061,2736128,-0.01605576551847955,0,-0.01605576551847955,0.0,engine=sv aborted=[] plan_secs=0.000520,"{""n"": 12, ""gates"": 152, ""g2"": 44, ""g3"": 0, ""depth2"": 8, ""t_count"": 0, ""rotations"": 324, ""d"": 12, ""dense_l"": 20.1948, ""redundant"": 312, ""obs_zero"": false, ""frame_l"": 32.3399, ""chi_bits"": 4, ""mps_l"": 14.9014, ""hsf_k"": 4, ""hsf_na"": 6, ""hsf_nb"": 6, ""hsf_l"": 17.7549, ""sup"": 12, ""chi_bits0"": 4, ""mps_l0"": 14.9014, ""hsf_keff"": 4, ""hsf_l0"": 17.7549, ""sparse_l"": 19.2479, ""sv_l"": 19.2479, ""feat_secs"": 0.001115, ""feat_secs_frame"": 0.000457, ""feat_secs_hsf"": 0.000581}"
brick,"brick:n=12,D=8,nn=1",1,"{""n"": 12.0, ""D"": 8.0, ""nn"": 1.0}",planp,ok,0.000929,0.0067,2736128,-0.01605576551847955,0,-0.01605576551847955,0.0,engine=sv aborted=[] plan_secs=0.000524,"{""n"": 12, ""gates"": 152, ""g2"": 44, ""g3"": 0, ""depth2"": 8, ""t_count"": 0, ""rotations"": 324, ""d"": 12, ""dense_l"": 20.1948, ""redundant"": 312, ""obs_zero"": false, ""frame_l"": 32.3399, ""chi_bits"": 4, ""mps_l"": 14.9014, ""hsf_k"": 4, ""hsf_na"": 6, ""hsf_nb"": 6, ""hsf_l"": 17.7549, ""sup"": 12, ""chi_bits0"": 4, ""mps_l0"": 14.9014, ""hsf_keff"": 4, ""hsf_l0"": 17.7549, ""sparse_l"": 19.2479, ""sv_l"": 19.2479, ""feat_secs"": 0.001115, ""feat_secs_frame"": 0.000457, ""feat_secs_hsf"": 0.000581}"
brick,"brick:n=12,D=8,nn=1",1,"{""n"": 12.0, ""D"": 8.0, ""nn"": 1.0}",plan,ok,0.001069,0.0074,2736128,-0.01605576551847955,0,-0.01605576551847955,0.0,engine=sv aborted=[] plan_secs=0.000626,"{""n"": 12, ""gates"": 152, ""g2"": 44, ""g3"": 0, ""depth2"": 8, ""t_count"": 0, ""rotations"": 324, ""d"": 12, ""dense_l"": 20.1948, ""redundant"": 312, ""obs_zero"": false, ""frame_l"": 32.3399, ""chi_bits"": 4, ""mps_l"": 14.9014, ""hsf_k"": 4, ""hsf_na"": 6, ""hsf_nb"": 6, ""hsf_l"": 17.7549, ""sup"": 12, ""chi_bits0"": 4, ""mps_l0"": 14.9014, ""hsf_keff"": 4, ""hsf_l0"": 17.7549, ""sparse_l"": 19.2479, ""sv_l"": 19.2479, ""feat_secs"": 0.001115, ""feat_secs_frame"": 0.000457, ""feat_secs_hsf"": 0.000581}"
brick,"brick:n=12,D=16,nn=1",1,"{""n"": 12.0, ""D"": 16.0, ""nn"": 1.0}",planx,ok,0.001582,0.0069,2932736,0.01674146664562168,0,0.01674146664562168,0.0,engine=sv aborted=[] plan_secs=0.000891,"{""n"": 12, ""gates"": 292, ""g2"": 88, ""g3"": 0, ""depth2"": 16, ""t_count"": 0, ""rotations"": 612, ""d"": 12, ""dense_l"": 21.1824, ""redundant"": 600, ""obs_zero"": false, ""frame_l"": 33.2574, ""chi_bits"": 6, ""mps_l"": 20.2165, ""hsf_k"": 8, ""hsf_na"": 6, ""hsf_nb"": 6, ""hsf_l"": 22.4757, ""sup"": 12, ""chi_bits0"": 6, ""mps_l0"": 20.2165, ""hsf_keff"": 8, ""hsf_l0"": 22.4757, ""sparse_l"": 20.1898, ""sv_l"": 20.1898, ""feat_secs"": 0.001746, ""feat_secs_frame"": 0.000932, ""feat_secs_hsf"": 0.000685}"
brick,"brick:n=12,D=16,nn=1",1,"{""n"": 12.0, ""D"": 16.0, ""nn"": 1.0}",planp,ok,0.001599,0.0067,2932736,0.01674146664562168,0,0.01674146664562168,0.0,engine=sv aborted=[] plan_secs=0.000901,"{""n"": 12, ""gates"": 292, ""g2"": 88, ""g3"": 0, ""depth2"": 16, ""t_count"": 0, ""rotations"": 612, ""d"": 12, ""dense_l"": 21.1824, ""redundant"": 600, ""obs_zero"": false, ""frame_l"": 33.2574, ""chi_bits"": 6, ""mps_l"": 20.2165, ""hsf_k"": 8, ""hsf_na"": 6, ""hsf_nb"": 6, ""hsf_l"": 22.4757, ""sup"": 12, ""chi_bits0"": 6, ""mps_l0"": 20.2165, ""hsf_keff"": 8, ""hsf_l0"": 22.4757, ""sparse_l"": 20.1898, ""sv_l"": 20.1898, ""feat_secs"": 0.001746, ""feat_secs_frame"": 0.000932, ""feat_secs_hsf"": 0.000685}"
brick,"brick:n=12,D=16,nn=1",1,"{""n"": 12.0, ""D"": 16.0, ""nn"": 1.0}",plan,ok,0.001575,0.0066,2916352,0.01674146664562168,0,0.01674146664562168,0.0,engine=sv aborted=[] plan_secs=0.000886,"{""n"": 12, ""gates"": 292, ""g2"": 88, ""g3"": 0, ""depth2"": 16, ""t_count"": 0, ""rotations"": 612, ""d"": 12, ""dense_l"": 21.1824, ""redundant"": 600, ""obs_zero"": false, ""frame_l"": 33.2574, ""chi_bits"": 6, ""mps_l"": 20.2165, ""hsf_k"": 8, ""hsf_na"": 6, ""hsf_nb"": 6, ""hsf_l"": 22.4757, ""sup"": 12, ""chi_bits0"": 6, ""mps_l0"": 20.2165, ""hsf_keff"": 8, ""hsf_l0"": 22.4757, ""sparse_l"": 20.1898, ""sv_l"": 20.1898, ""feat_secs"": 0.001746, ""feat_secs_frame"": 0.000932, ""feat_secs_hsf"": 0.000685}"
brick,"brick:n=16,D=2,nn=1",1,"{""n"": 16.0, ""D"": 2.0, ""nn"": 1.0}",planx,ok,0.000522,0.0042,2850816,0.001018132369881992,0,0.001018132369881992,0.0,engine=mps aborted=[] plan_secs=0.000358,"{""n"": 16, ""gates"": 63, ""g2"": 15, ""g3"": 0, ""depth2"": 2, ""t_count"": 0, ""rotations"": 144, ""d"": 16, ""dense_l"": 22.6582, ""redundant"": 128, ""obs_zero"": false, ""frame_l"": 39.1699, ""chi_bits"": 1, ""mps_l"": 8.0444, ""hsf_k"": 1, ""hsf_na"": 8, ""hsf_nb"": 8, ""hsf_l"": 17.3174, ""sup"": 16, ""chi_bits0"": 1, ""mps_l0"": 8.0444, ""hsf_keff"": 1, ""hsf_l0"": 17.3174, ""sparse_l"": 21.9773, ""sv_l"": 21.9773, ""feat_secs"": 0.001594, ""feat_secs_frame"": 0.000231, ""feat_secs_hsf"": 0.001316}"
brick,"brick:n=16,D=2,nn=1",1,"{""n"": 16.0, ""D"": 2.0, ""nn"": 1.0}",planp,ok,0.000702,0.0043,2834432,0.001018132369881992,0,0.001018132369881992,0.0,engine=mps aborted=[] plan_secs=0.000401,"{""n"": 16, ""gates"": 63, ""g2"": 15, ""g3"": 0, ""depth2"": 2, ""t_count"": 0, ""rotations"": 144, ""d"": 16, ""dense_l"": 22.6582, ""redundant"": 128, ""obs_zero"": false, ""frame_l"": 39.1699, ""chi_bits"": 1, ""mps_l"": 8.0444, ""hsf_k"": 1, ""hsf_na"": 8, ""hsf_nb"": 8, ""hsf_l"": 17.3174, ""sup"": 16, ""chi_bits0"": 1, ""mps_l0"": 8.0444, ""hsf_keff"": 1, ""hsf_l0"": 17.3174, ""sparse_l"": 21.9773, ""sv_l"": 21.9773, ""feat_secs"": 0.001594, ""feat_secs_frame"": 0.000231, ""feat_secs_hsf"": 0.001316}"
brick,"brick:n=16,D=2,nn=1",1,"{""n"": 16.0, ""D"": 2.0, ""nn"": 1.0}",plan,ok,0.0005,0.0067,2899968,0.001018132369881992,0,0.001018132369881992,0.0,engine=mps aborted=[] plan_secs=0.000342,"{""n"": 16, ""gates"": 63, ""g2"": 15, ""g3"": 0, ""depth2"": 2, ""t_count"": 0, ""rotations"": 144, ""d"": 16, ""dense_l"": 22.6582, ""redundant"": 128, ""obs_zero"": false, ""frame_l"": 39.1699, ""chi_bits"": 1, ""mps_l"": 8.0444, ""hsf_k"": 1, ""hsf_na"": 8, ""hsf_nb"": 8, ""hsf_l"": 17.3174, ""sup"": 16, ""chi_bits0"": 1, ""mps_l0"": 8.0444, ""hsf_keff"": 1, ""hsf_l0"": 17.3174, ""sparse_l"": 21.9773, ""sv_l"": 21.9773, ""feat_secs"": 0.001594, ""feat_secs_frame"": 0.000231, ""feat_secs_hsf"": 0.001316}"
brick,"brick:n=16,D=4,nn=1",1,"{""n"": 16.0, ""D"": 4.0, ""nn"": 1.0}",planx,ok,0.000915,0.0066,2965504,-0.001155932712105681,0,-0.001155932712105681,0.0,engine=mps aborted=[] plan_secs=0.000541,"{""n"": 16, ""gates"": 110, ""g2"": 30, ""g3"": 0, ""depth2"": 4, ""t_count"": 0, ""rotations"": 240, ""d"": 16, ""dense_l"": 23.6221, ""redundant"": 224, ""obs_zero"": false, ""frame_l"": 39.9069, ""chi_bits"": 2, ""mps_l"": 10.5999, ""hsf_k"": 2, ""hsf_na"": 8, ""hsf_nb"": 8, ""hsf_l"": 18.5157, ""sup"": 16, ""chi_bits0"": 2, ""mps_l0"": 10.5999, ""hsf_keff"": 2, ""hsf_l0"": 18.5157, ""sparse_l"": 22.7814, ""sv_l"": 22.7814, ""feat_secs"": 0.001809, ""feat_secs_frame"": 0.000354, ""feat_secs_hsf"": 0.001385}"
brick,"brick:n=16,D=4,nn=1",1,"{""n"": 16.0, ""D"": 4.0, ""nn"": 1.0}",planp,ok,0.000811,0.0067,2899968,-0.001155932712105681,0,-0.001155932712105681,0.0,engine=mps aborted=[] plan_secs=0.000539,"{""n"": 16, ""gates"": 110, ""g2"": 30, ""g3"": 0, ""depth2"": 4, ""t_count"": 0, ""rotations"": 240, ""d"": 16, ""dense_l"": 23.6221, ""redundant"": 224, ""obs_zero"": false, ""frame_l"": 39.9069, ""chi_bits"": 2, ""mps_l"": 10.5999, ""hsf_k"": 2, ""hsf_na"": 8, ""hsf_nb"": 8, ""hsf_l"": 18.5157, ""sup"": 16, ""chi_bits0"": 2, ""mps_l0"": 10.5999, ""hsf_keff"": 2, ""hsf_l0"": 18.5157, ""sparse_l"": 22.7814, ""sv_l"": 22.7814, ""feat_secs"": 0.001809, ""feat_secs_frame"": 0.000354, ""feat_secs_hsf"": 0.001385}"
brick,"brick:n=16,D=4,nn=1",1,"{""n"": 16.0, ""D"": 4.0, ""nn"": 1.0}",plan,ok,0.00081,0.0062,2916352,-0.001155932712105681,0,-0.001155932712105681,0.0,engine=mps aborted=[] plan_secs=0.000537,"{""n"": 16, ""gates"": 110, ""g2"": 30, ""g3"": 0, ""depth2"": 4, ""t_count"": 0, ""rotations"": 240, ""d"": 16, ""dense_l"": 23.6221, ""redundant"": 224, ""obs_zero"": false, ""frame_l"": 39.9069, ""chi_bits"": 2, ""mps_l"": 10.5999, ""hsf_k"": 2, ""hsf_na"": 8, ""hsf_nb"": 8, ""hsf_l"": 18.5157, ""sup"": 16, ""chi_bits0"": 2, ""mps_l0"": 10.5999, ""hsf_keff"": 2, ""hsf_l0"": 18.5157, ""sparse_l"": 22.7814, ""sv_l"": 22.7814, ""feat_secs"": 0.001809, ""feat_secs_frame"": 0.000354, ""feat_secs_hsf"": 0.001385}"
brick,"brick:n=16,D=8,nn=1",1,"{""n"": 16.0, ""D"": 8.0, ""nn"": 1.0}",planx,ok,0.002689,0.0066,3784704,0.001757095027940108,0,0.001757095027940108,0.0,engine=mps aborted=[] plan_secs=0.001024,"{""n"": 16, ""gates"": 204, ""g2"": 60, ""g3"": 0, ""depth2"": 8, ""t_count"": 0, ""rotations"": 432, ""d"": 16, ""dense_l"": 24.6036, ""redundant"": 416, ""obs_zero"": false, ""frame_l"": 40.7549, ""chi_bits"": 4, ""mps_l"": 15.6676, ""hsf_k"": 4, ""hsf_na"": 8, ""hsf_nb"": 8, ""hsf_l"": 20.8455, ""sup"": 16, ""chi_bits0"": 4, ""mps_l0"": 15.6676, ""hsf_keff"": 4, ""hsf_l0"": 20.8455, ""sparse_l"": 23.6724, ""sv_l"": 23.6724, ""feat_secs"": 0.002103, ""feat_secs_frame"": 0.000591, ""feat_secs_hsf"": 0.001412}"
brick,"brick:n=16,D=8,nn=1",1,"{""n"": 16.0, ""D"": 8.0, ""nn"": 1.0}",planp,ok,0.002667,0.0075,3784704,0.001757095027940108,0,0.001757095027940108,0.0,engine=mps aborted=[] plan_secs=0.000933,"{""n"": 16, ""gates"": 204, ""g2"": 60, ""g3"": 0, ""depth2"": 8, ""t_count"": 0, ""rotations"": 432, ""d"": 16, ""dense_l"": 24.6036, ""redundant"": 416, ""obs_zero"": false, ""frame_l"": 40.7549, ""chi_bits"": 4, ""mps_l"": 15.6676, ""hsf_k"": 4, ""hsf_na"": 8, ""hsf_nb"": 8, ""hsf_l"": 20.8455, ""sup"": 16, ""chi_bits0"": 4, ""mps_l0"": 15.6676, ""hsf_keff"": 4, ""hsf_l0"": 20.8455, ""sparse_l"": 23.6724, ""sv_l"": 23.6724, ""feat_secs"": 0.002103, ""feat_secs_frame"": 0.000591, ""feat_secs_hsf"": 0.001412}"
brick,"brick:n=16,D=8,nn=1",1,"{""n"": 16.0, ""D"": 8.0, ""nn"": 1.0}",plan,ok,0.002743,0.0075,3801088,0.001757095027940108,0,0.001757095027940108,0.0,engine=mps aborted=[] plan_secs=0.000956,"{""n"": 16, ""gates"": 204, ""g2"": 60, ""g3"": 0, ""depth2"": 8, ""t_count"": 0, ""rotations"": 432, ""d"": 16, ""dense_l"": 24.6036, ""redundant"": 416, ""obs_zero"": false, ""frame_l"": 40.7549, ""chi_bits"": 4, ""mps_l"": 15.6676, ""hsf_k"": 4, ""hsf_na"": 8, ""hsf_nb"": 8, ""hsf_l"": 20.8455, ""sup"": 16, ""chi_bits0"": 4, ""mps_l0"": 15.6676, ""hsf_keff"": 4, ""hsf_l0"": 20.8455, ""sparse_l"": 23.6724, ""sv_l"": 23.6724, ""feat_secs"": 0.002103, ""feat_secs_frame"": 0.000591, ""feat_secs_hsf"": 0.001412}"
brick,"brick:n=16,D=16,nn=1",1,"{""n"": 16.0, ""D"": 16.0, ""nn"": 1.0}",planx,ok,0.018132,0.0242,5013504,0.001147588366949402,0,0.001147588366949402,0.0,engine=sv aborted=[] plan_secs=0.003235,"{""n"": 16, ""gates"": 392, ""g2"": 120, ""g3"": 0, ""depth2"": 16, ""t_count"": 0, ""rotations"": 816, ""d"": 16, ""dense_l"": 25.5943, ""redundant"": 800, ""obs_zero"": false, ""frame_l"": 41.6724, ""chi_bits"": 8, ""mps_l"": 24.8674, ""hsf_k"": 8, ""hsf_na"": 8, ""hsf_nb"": 8, ""hsf_l"": 25.3399, ""sup"": 16, ""chi_bits0"": 8, ""mps_l0"": 24.8674, ""hsf_keff"": 8, ""hsf_l0"": 25.3399, ""sparse_l"": 24.6147, ""sv_l"": 24.6147, ""feat_secs"": 0.002677, ""feat_secs_frame"": 0.00105, ""feat_secs_hsf"": 0.001457}"
brick,"brick:n=16,D=16,nn=1",1,"{""n"": 16.0, ""D"": 16.0, ""nn"": 1.0}",planp,ok,0.022304,0.0268,5832704,0.001147588366949402,0,0.001147588366949402,0.0,engine=sv aborted=[] plan_secs=0.006189,"{""n"": 16, ""gates"": 392, ""g2"": 120, ""g3"": 0, ""depth2"": 16, ""t_count"": 0, ""rotations"": 816, ""d"": 16, ""dense_l"": 25.5943, ""redundant"": 800, ""obs_zero"": false, ""frame_l"": 41.6724, ""chi_bits"": 8, ""mps_l"": 24.8674, ""hsf_k"": 8, ""hsf_na"": 8, ""hsf_nb"": 8, ""hsf_l"": 25.3399, ""sup"": 16, ""chi_bits0"": 8, ""mps_l0"": 24.8674, ""hsf_keff"": 8, ""hsf_l0"": 25.3399, ""sparse_l"": 24.6147, ""sv_l"": 24.6147, ""feat_secs"": 0.002677, ""feat_secs_frame"": 0.00105, ""feat_secs_hsf"": 0.001457}"
brick,"brick:n=16,D=16,nn=1",1,"{""n"": 16.0, ""D"": 16.0, ""nn"": 1.0}",plan,ok,0.019136,0.0234,4947968,0.001147588366949402,0,0.001147588366949402,0.0,engine=sv aborted=[] plan_secs=0.003793,"{""n"": 16, ""gates"": 392, ""g2"": 120, ""g3"": 0, ""depth2"": 16, ""t_count"": 0, ""rotations"": 816, ""d"": 16, ""dense_l"": 25.5943, ""redundant"": 800, ""obs_zero"": false, ""frame_l"": 41.6724, ""chi_bits"": 8, ""mps_l"": 24.8674, ""hsf_k"": 8, ""hsf_na"": 8, ""hsf_nb"": 8, ""hsf_l"": 25.3399, ""sup"": 16, ""chi_bits0"": 8, ""mps_l0"": 24.8674, ""hsf_keff"": 8, ""hsf_l0"": 25.3399, ""sparse_l"": 24.6147, ""sv_l"": 24.6147, ""feat_secs"": 0.002677, ""feat_secs_frame"": 0.00105, ""feat_secs_hsf"": 0.001457}"
brick,"brick:n=20,D=2,nn=1",1,"{""n"": 20.0, ""D"": 2.0, ""nn"": 1.0}",planx,ok,0.000603,0.0043,2899968,-1.877793617993585e-06,0,-1.877793617993585e-06,0.0,engine=mps aborted=[] plan_secs=0.000438,"{""n"": 20, ""gates"": 79, ""g2"": 19, ""g3"": 0, ""depth2"": 2, ""t_count"": 0, ""rotations"": 180, ""d"": 20, ""dense_l"": 26.9658, ""redundant"": 160, ""obs_zero"": false, ""frame_l"": 47.4919, ""chi_bits"": 1, ""mps_l"": 8.375, ""hsf_k"": 1, ""hsf_na"": 10, ""hsf_nb"": 10, ""hsf_l"": 21.1072, ""sup"": 20, ""chi_bits0"": 1, ""mps_l0"": 8.375, ""hsf_keff"": 1, ""hsf_l0"": 21.1072, ""sparse_l"": 26.3038, ""sv_l"": 26.3038, ""feat_secs"": 0.002847, ""feat_secs_frame"": 0.000284, ""feat_secs_hsf"": 0.002507}"
brick,"brick:n=20,D=2,nn=1",1,"{""n"": 20.0, ""D"": 2.0, ""nn"": 1.0}",planp,ok,0.000601,0.0067,2867200,-1.877793617993585e-06,0,-1.877793617993585e-06,0.0,engine=mps aborted=[] plan_secs=0.000439,"{""n"": 20, ""gates"": 79, ""g2"": 19, ""g3"": 0, ""depth2"": 2, ""t_count"": 0, ""rotations"": 180, ""d"": 20, ""dense_l"": 26.9658, ""redundant"": 160, ""obs_zero"": false, ""frame_l"": 47.4919, ""chi_bits"": 1, ""mps_l"": 8.375, ""hsf_k"": 1, ""hsf_na"": 10, ""hsf_nb"": 10, ""hsf_l"": 21.1072, ""sup"": 20, ""chi_bits0"": 1, ""mps_l0"": 8.375, ""hsf_keff"": 1, ""hsf_l0"": 21.1072, ""sparse_l"": 26.3038, ""sv_l"": 26.3038, ""feat_secs"": 0.002847, ""feat_secs_frame"": 0.000284, ""feat_secs_hsf"": 0.002507}"
brick,"brick:n=20,D=2,nn=1",1,"{""n"": 20.0, ""D"": 2.0, ""nn"": 1.0}",plan,ok,0.000602,0.0044,2867200,-1.877793617993585e-06,0,-1.877793617993585e-06,0.0,engine=mps aborted=[] plan_secs=0.000435,"{""n"": 20, ""gates"": 79, ""g2"": 19, ""g3"": 0, ""depth2"": 2, ""t_count"": 0, ""rotations"": 180, ""d"": 20, ""dense_l"": 26.9658, ""redundant"": 160, ""obs_zero"": false, ""frame_l"": 47.4919, ""chi_bits"": 1, ""mps_l"": 8.375, ""hsf_k"": 1, ""hsf_na"": 10, ""hsf_nb"": 10, ""hsf_l"": 21.1072, ""sup"": 20, ""chi_bits0"": 1, ""mps_l0"": 8.375, ""hsf_keff"": 1, ""hsf_l0"": 21.1072, ""sparse_l"": 26.3038, ""sv_l"": 26.3038, ""feat_secs"": 0.002847, ""feat_secs_frame"": 0.000284, ""feat_secs_hsf"": 0.002507}"
brick,"brick:n=20,D=4,nn=1",1,"{""n"": 20.0, ""D"": 4.0, ""nn"": 1.0}",planx,ok,0.001016,0.0068,2981888,-0.0004771397532092387,0,-0.0004771397532092387,0.0,engine=mps aborted=[] plan_secs=0.000700,"{""n"": 20, ""gates"": 138, ""g2"": 38, ""g3"": 0, ""depth2"": 4, ""t_count"": 0, ""rotations"": 300, ""d"": 20, ""dense_l"": 27.9366, ""redundant"": 280, ""obs_zero"": false, ""frame_l"": 48.2288, ""chi_bits"": 2, ""mps_l"": 10.9687, ""hsf_k"": 2, ""hsf_na"": 10, ""hsf_nb"": 10, ""hsf_l"": 22.1824, ""sup"": 20, ""chi_bits0"": 2, ""mps_l0"": 10.9687, ""hsf_keff"": 2, ""hsf_l0"": 22.1824, ""sparse_l"": 27.1085, ""sv_l"": 27.1085, ""feat_secs"": 0.003392, ""feat_secs_frame"": 0.000429, ""feat_secs_hsf"": 0.002899}"
brick,"brick:n=20,D=4,nn=1",1,"{""n"": 20.0, ""D"": 4.0, ""nn"": 1.0}",planp,ok,0.001092,0.0067,2981888,-0.0004771397532092387,0,-0.0004771397532092387,0.0,engine=mps aborted=[] plan_secs=0.000777,"{""n"": 20, ""gates"": 138, ""g2"": 38, ""g3"": 0, ""depth2"": 4, ""t_count"": 0, ""rotations"": 300, ""d"": 20, ""dense_l"": 27.9366, ""redundant"": 280, ""obs_zero"": false, ""frame_l"": 48.2288, ""chi_bits"": 2, ""mps_l"": 10.9687, ""hsf_k"": 2, ""hsf_na"": 10, ""hsf_nb"": 10, ""hsf_l"": 22.1824, ""sup"": 20, ""chi_bits0"": 2, ""mps_l0"": 10.9687, ""hsf_keff"": 2, ""hsf_l0"": 22.1824, ""sparse_l"": 27.1085, ""sv_l"": 27.1085, ""feat_secs"": 0.003392, ""feat_secs_frame"": 0.000429, ""feat_secs_hsf"": 0.002899}"
brick,"brick:n=20,D=4,nn=1",1,"{""n"": 20.0, ""D"": 4.0, ""nn"": 1.0}",plan,ok,0.001105,0.0063,3047424,-0.0004771397532092387,0,-0.0004771397532092387,0.0,engine=mps aborted=[] plan_secs=0.000707,"{""n"": 20, ""gates"": 138, ""g2"": 38, ""g3"": 0, ""depth2"": 4, ""t_count"": 0, ""rotations"": 300, ""d"": 20, ""dense_l"": 27.9366, ""redundant"": 280, ""obs_zero"": false, ""frame_l"": 48.2288, ""chi_bits"": 2, ""mps_l"": 10.9687, ""hsf_k"": 2, ""hsf_na"": 10, ""hsf_nb"": 10, ""hsf_l"": 22.1824, ""sup"": 20, ""chi_bits0"": 2, ""mps_l0"": 10.9687, ""hsf_keff"": 2, ""hsf_l0"": 22.1824, ""sparse_l"": 27.1085, ""sv_l"": 27.1085, ""feat_secs"": 0.003392, ""feat_secs_frame"": 0.000429, ""feat_secs_hsf"": 0.002899}"
brick,"brick:n=20,D=8,nn=1",1,"{""n"": 20.0, ""D"": 8.0, ""nn"": 1.0}",planx,ok,0.003565,0.0075,3932160,0.0001661859618688444,0,0.0001661859618688444,0.0,engine=mps aborted=[] plan_secs=0.001232,"{""n"": 20, ""gates"": 256, ""g2"": 76, ""g3"": 0, ""depth2"": 8, ""t_count"": 0, ""rotations"": 540, ""d"": 20, ""dense_l"": 28.9218, ""redundant"": 520, ""obs_zero"": false, ""frame_l"": 49.0768, ""chi_bits"": 4, ""mps_l"": 16.1653, ""hsf_k"": 4, ""hsf_na"": 10, ""hsf_nb"": 10, ""hsf_l"": 24.3219, ""sup"": 20, ""chi_bits0"": 4, ""mps_l0"": 16.1653, ""hsf_keff"": 4, ""hsf_l0"": 24.3219, ""sparse_l"": 28.0, ""sv_l"": 28.0, ""feat_secs"": 0.00363, ""feat_secs_frame"": 0.000808, ""feat_secs_hsf"": 0.002708}"
brick,"brick:n=20,D=8,nn=1",1,"{""n"": 20.0, ""D"": 8.0, ""nn"": 1.0}",planp,ok,0.003612,0.0096,3899392,0.0001661859618688444,0,0.0001661859618688444,0.0,engine=mps aborted=[] plan_secs=0.001296,"{""n"": 20, ""gates"": 256, ""g2"": 76, ""g3"": 0, ""depth2"": 8, ""t_count"": 0, ""rotations"": 540, ""d"": 20, ""dense_l"": 28.9218, ""redundant"": 520, ""obs_zero"": false, ""frame_l"": 49.0768, ""chi_bits"": 4, ""mps_l"": 16.1653, ""hsf_k"": 4, ""hsf_na"": 10, ""hsf_nb"": 10, ""hsf_l"": 24.3219, ""sup"": 20, ""chi_bits0"": 4, ""mps_l0"": 16.1653, ""hsf_keff"": 4, ""hsf_l0"": 24.3219, ""sparse_l"": 28.0, ""sv_l"": 28.0, ""feat_secs"": 0.00363, ""feat_secs_frame"": 0.000808, ""feat_secs_hsf"": 0.002708}"
brick,"brick:n=20,D=8,nn=1",1,"{""n"": 20.0, ""D"": 8.0, ""nn"": 1.0}",plan,ok,0.003671,0.0093,3735552,0.0001661859618688444,0,0.0001661859618688444,0.0,engine=mps aborted=[] plan_secs=0.001252,"{""n"": 20, ""gates"": 256, ""g2"": 76, ""g3"": 0, ""depth2"": 8, ""t_count"": 0, ""rotations"": 540, ""d"": 20, ""dense_l"": 28.9218, ""redundant"": 520, ""obs_zero"": false, ""frame_l"": 49.0768, ""chi_bits"": 4, ""mps_l"": 16.1653, ""hsf_k"": 4, ""hsf_na"": 10, ""hsf_nb"": 10, ""hsf_l"": 24.3219, ""sup"": 20, ""chi_bits0"": 4, ""mps_l0"": 16.1653, ""hsf_keff"": 4, ""hsf_l0"": 24.3219, ""sparse_l"": 28.0, ""sv_l"": 28.0, ""feat_secs"": 0.00363, ""feat_secs_frame"": 0.000808, ""feat_secs_hsf"": 0.002708}"
brick,"brick:n=20,D=16,nn=1",1,"{""n"": 20.0, ""D"": 16.0, ""nn"": 1.0}",planx,ok,0.25296,0.2573,34078720,0.0004229302658226188,0,0.0004229302658226188,0.0,"engine=hsf aborted=[""mps""] plan_secs=0.005501","{""n"": 20, ""gates"": 492, ""g2"": 152, ""g3"": 0, ""depth2"": 16, ""t_count"": 0, ""rotations"": 1020, ""d"": 20, ""dense_l"": 29.9144, ""redundant"": 1000, ""obs_zero"": false, ""frame_l"": 49.9944, ""chi_bits"": 8, ""mps_l"": 26.6865, ""hsf_k"": 8, ""hsf_na"": 10, ""hsf_nb"": 10, ""hsf_l"": 28.5661, ""sup"": 20, ""chi_bits0"": 8, ""mps_l0"": 26.6865, ""hsf_keff"": 8, ""hsf_l0"": 28.5661, ""sparse_l"": 28.9425, ""sv_l"": 28.9425, ""feat_secs"": 0.004151, ""feat_secs_frame"": 0.001319, ""feat_secs_hsf"": 0.002631}"
brick,"brick:n=20,D=16,nn=1",1,"{""n"": 20.0, ""D"": 16.0, ""nn"": 1.0}",planp,ok,0.253844,0.2597,34078720,0.0004229302658226188,0,0.0004229302658226188,0.0,"engine=hsf aborted=[""mps""] plan_secs=0.005195","{""n"": 20, ""gates"": 492, ""g2"": 152, ""g3"": 0, ""depth2"": 16, ""t_count"": 0, ""rotations"": 1020, ""d"": 20, ""dense_l"": 29.9144, ""redundant"": 1000, ""obs_zero"": false, ""frame_l"": 49.9944, ""chi_bits"": 8, ""mps_l"": 26.6865, ""hsf_k"": 8, ""hsf_na"": 10, ""hsf_nb"": 10, ""hsf_l"": 28.5661, ""sup"": 20, ""chi_bits0"": 8, ""mps_l0"": 26.6865, ""hsf_keff"": 8, ""hsf_l0"": 28.5661, ""sparse_l"": 28.9425, ""sv_l"": 28.9425, ""feat_secs"": 0.004151, ""feat_secs_frame"": 0.001319, ""feat_secs_hsf"": 0.002631}"
brick,"brick:n=20,D=16,nn=1",1,"{""n"": 20.0, ""D"": 16.0, ""nn"": 1.0}",plan,ok,0.253225,0.2586,33751040,0.0004229302658226188,0,0.0004229302658226188,0.0,"engine=hsf aborted=[""mps""] plan_secs=0.005037","{""n"": 20, ""gates"": 492, ""g2"": 152, ""g3"": 0, ""depth2"": 16, ""t_count"": 0, ""rotations"": 1020, ""d"": 20, ""dense_l"": 29.9144, ""redundant"": 1000, ""obs_zero"": false, ""frame_l"": 49.9944, ""chi_bits"": 8, ""mps_l"": 26.6865, ""hsf_k"": 8, ""hsf_na"": 10, ""hsf_nb"": 10, ""hsf_l"": 28.5661, ""sup"": 20, ""chi_bits0"": 8, ""mps_l0"": 26.6865, ""hsf_keff"": 8, ""hsf_l0"": 28.5661, ""sparse_l"": 28.9425, ""sv_l"": 28.9425, ""feat_secs"": 0.004151, ""feat_secs_frame"": 0.001319, ""feat_secs_hsf"": 0.002631}"
brick,"brick:n=24,D=2,nn=1",1,"{""n"": 24.0, ""D"": 2.0, ""nn"": 1.0}",planx,ok,0.000712,0.0066,2883584,-2.863900769586126e-07,0,-2.863900769586126e-07,0.0,engine=mps aborted=[] plan_secs=0.000531,"{""n"": 24, ""gates"": 95, ""g2"": 23, ""g3"": 0, ""depth2"": 2, ""t_count"": 0, ""rotations"": 216, ""d"": 24, ""dense_l"": 31.2192, ""redundant"": 192, ""obs_zero"": false, ""frame_l"": 55.7549, ""chi_bits"": 1, ""mps_l"": 8.6439, ""hsf_k"": 1, ""hsf_na"": 12, ""hsf_nb"": 12, ""hsf_l"": 25.0331, ""sup"": 24, ""chi_bits0"": 1, ""mps_l0"": 8.6439, ""hsf_keff"": 1, ""hsf_l0"": 25.0331, ""sparse_l"": 30.5699, ""sv_l"": 30.5699, ""feat_secs"": 0.005146, ""feat_secs_frame"": 0.000343, ""feat_secs_hsf"": 0.004746}"
brick,"brick:n=24,D=2,nn=1",1,"{""n"": 24.0, ""D"": 2.0, ""nn"": 1.0}",planp,ok,0.000822,0.0057,2899968,-2.863900769586126e-07,0,-2.863900769586126e-07,0.0,engine=mps aborted=[] plan_secs=0.000584,"{""n"": 24, ""gates"": 95, ""g2"": 23, ""g3"": 0, ""depth2"": 2, ""t_count"": 0, ""rotations"": 216, ""d"": 24, ""dense_l"": 31.2192, ""redundant"": 192, ""obs_zero"": false, ""frame_l"": 55.7549, ""chi_bits"": 1, ""mps_l"": 8.6439, ""hsf_k"": 1, ""hsf_na"": 12, ""hsf_nb"": 12, ""hsf_l"": 25.0331, ""sup"": 24, ""chi_bits0"": 1, ""mps_l0"": 8.6439, ""hsf_keff"": 1, ""hsf_l0"": 25.0331, ""sparse_l"": 30.5699, ""sv_l"": 30.5699, ""feat_secs"": 0.005146, ""feat_secs_frame"": 0.000343, ""feat_secs_hsf"": 0.004746}"
brick,"brick:n=24,D=2,nn=1",1,"{""n"": 24.0, ""D"": 2.0, ""nn"": 1.0}",plan,ok,0.000722,0.0078,2899968,-2.863900769586126e-07,0,-2.863900769586126e-07,0.0,engine=mps aborted=[] plan_secs=0.000524,"{""n"": 24, ""gates"": 95, ""g2"": 23, ""g3"": 0, ""depth2"": 2, ""t_count"": 0, ""rotations"": 216, ""d"": 24, ""dense_l"": 31.2192, ""redundant"": 192, ""obs_zero"": false, ""frame_l"": 55.7549, ""chi_bits"": 1, ""mps_l"": 8.6439, ""hsf_k"": 1, ""hsf_na"": 12, ""hsf_nb"": 12, ""hsf_l"": 25.0331, ""sup"": 24, ""chi_bits0"": 1, ""mps_l0"": 8.6439, ""hsf_keff"": 1, ""hsf_l0"": 25.0331, ""sparse_l"": 30.5699, ""sv_l"": 30.5699, ""feat_secs"": 0.005146, ""feat_secs_frame"": 0.000343, ""feat_secs_hsf"": 0.004746}"
brick,"brick:n=24,D=4,nn=1",1,"{""n"": 24.0, ""D"": 4.0, ""nn"": 1.0}",planx,ok,0.00126,0.0073,3112960,-1.239603425242309e-05,0,-1.239603425242309e-05,0.0,engine=mps aborted=[] plan_secs=0.000874,"{""n"": 24, ""gates"": 166, ""g2"": 46, ""g3"": 0, ""depth2"": 4, ""t_count"": 0, ""rotations"": 360, ""d"": 24, ""dense_l"": 32.1948, ""redundant"": 336, ""obs_zero"": false, ""frame_l"": 56.4919, ""chi_bits"": 2, ""mps_l"": 11.2621, ""hsf_k"": 2, ""hsf_na"": 12, ""hsf_nb"": 12, ""hsf_l"": 26.0573, ""sup"": 24, ""chi_bits0"": 2, ""mps_l0"": 11.2621, ""hsf_keff"": 2, ""hsf_l0"": 26.0573, ""sparse_l"": 31.375, ""sv_l"": 31.375, ""feat_secs"": 0.005773, ""feat_secs_frame"": 0.000534, ""feat_secs_hsf"": 0.005162}"
brick,"brick:n=24,D=4,nn=1",1,"{""n"": 24.0, ""D"": 4.0, ""nn"": 1.0}",planp,ok,0.001342,0.0068,3096576,-1.239603425242309e-05,0,-1.239603425242309e-05,0.0,engine=mps aborted=[] plan_secs=0.000955,"{""n"": 24, ""gates"": 166, ""g2"": 46, ""g3"": 0, ""depth2"": 4, ""t_count"": 0, ""rotations"": 360, ""d"": 24, ""dense_l"": 32.1948, ""redundant"": 336, ""obs_zero"": false, ""frame_l"": 56.4919, ""chi_bits"": 2, ""mps_l"": 11.2621, ""hsf_k"": 2, ""hsf_na"": 12, ""hsf_nb"": 12, ""hsf_l"": 26.0573, ""sup"": 24, ""chi_bits0"": 2, ""mps_l0"": 11.2621, ""hsf_keff"": 2, ""hsf_l0"": 26.0573, ""sparse_l"": 31.375, ""sv_l"": 31.375, ""feat_secs"": 0.005773, ""feat_secs_frame"": 0.000534, ""feat_secs_hsf"": 0.005162}"
brick,"brick:n=24,D=4,nn=1",1,"{""n"": 24.0, ""D"": 4.0, ""nn"": 1.0}",plan,ok,0.001277,0.0063,3112960,-1.239603425242309e-05,0,-1.239603425242309e-05,0.0,engine=mps aborted=[] plan_secs=0.000903,"{""n"": 24, ""gates"": 166, ""g2"": 46, ""g3"": 0, ""depth2"": 4, ""t_count"": 0, ""rotations"": 360, ""d"": 24, ""dense_l"": 32.1948, ""redundant"": 336, ""obs_zero"": false, ""frame_l"": 56.4919, ""chi_bits"": 2, ""mps_l"": 11.2621, ""hsf_k"": 2, ""hsf_na"": 12, ""hsf_nb"": 12, ""hsf_l"": 26.0573, ""sup"": 24, ""chi_bits0"": 2, ""mps_l0"": 11.2621, ""hsf_keff"": 2, ""hsf_l0"": 26.0573, ""sparse_l"": 31.375, ""sv_l"": 31.375, ""feat_secs"": 0.005773, ""feat_secs_frame"": 0.000534, ""feat_secs_hsf"": 0.005162}"
brick,"brick:n=24,D=8,nn=1",1,"{""n"": 24.0, ""D"": 8.0, ""nn"": 1.0}",planx,ok,0.004699,0.0103,3866624,-0.0004720644871202095,0,-0.0004720644871202095,0.0,engine=mps aborted=[] plan_secs=0.001700,"{""n"": 24, ""gates"": 308, ""g2"": 92, ""g3"": 0, ""depth2"": 8, ""t_count"": 0, ""rotations"": 648, ""d"": 24, ""dense_l"": 33.1824, ""redundant"": 624, ""obs_zero"": false, ""frame_l"": 57.3399, ""chi_bits"": 4, ""mps_l"": 16.5347, ""hsf_k"": 4, ""hsf_na"": 12, ""hsf_nb"": 12, ""hsf_l"": 28.1046, ""sup"": 24, ""chi_bits0"": 4, ""mps_l0"": 16.5347, ""hsf_keff"": 4, ""hsf_l0"": 28.1046, ""sparse_l"": 32.2668, ""sv_l"": 32.2668, ""feat_secs"": 0.005752, ""feat_secs_frame"": 0.000906, ""feat_secs_hsf"": 0.00471}"
brick,"brick:n=24,D=8,nn=1",1,"{""n"": 24.0, ""D"": 8.0, ""nn"": 1.0}",planp,ok,0.005133,0.0090,4014080,-0.0004720644871202095,0,-0.0004720644871202095,0.0,engine=mps aborted=[] plan_secs=0.001695,"{""n"": 24, ""gates"": 308, ""g2"": 92, ""g3"": 0, ""depth2"": 8, ""t_count"": 0, ""rotations"": 648, ""d"": 24, ""dense_l"": 33.1824, ""redundant"": 624, ""obs_zero"": false, ""frame_l"": 57.3399, ""chi_bits"": 4, ""mps_l"": 16.5347, ""hsf_k"": 4, ""hsf_na"": 12, ""hsf_nb"": 12, ""hsf_l"": 28.1046, ""sup"": 24, ""chi_bits0"": 4, ""mps_l0"": 16.5347, ""hsf_keff"": 4, ""hsf_l0"": 28.1046, ""sparse_l"": 32.2668, ""sv_l"": 32.2668, ""feat_secs"": 0.005752, ""feat_secs_frame"": 0.000906, ""feat_secs_hsf"": 0.00471}"
brick,"brick:n=24,D=8,nn=1",1,"{""n"": 24.0, ""D"": 8.0, ""nn"": 1.0}",plan,ok,0.00444,0.0103,3850240,-0.0004720644871202095,0,-0.0004720644871202095,0.0,engine=mps aborted=[] plan_secs=0.001521,"{""n"": 24, ""gates"": 308, ""g2"": 92, ""g3"": 0, ""depth2"": 8, ""t_count"": 0, ""rotations"": 648, ""d"": 24, ""dense_l"": 33.1824, ""redundant"": 624, ""obs_zero"": false, ""frame_l"": 57.3399, ""chi_bits"": 4, ""mps_l"": 16.5347, ""hsf_k"": 4, ""hsf_na"": 12, ""hsf_nb"": 12, ""hsf_l"": 28.1046, ""sup"": 24, ""chi_bits0"": 4, ""mps_l0"": 16.5347, ""hsf_keff"": 4, ""hsf_l0"": 28.1046, ""sparse_l"": 32.2668, ""sv_l"": 32.2668, ""feat_secs"": 0.005752, ""feat_secs_frame"": 0.000906, ""feat_secs_hsf"": 0.00471}"
brick,"brick:n=24,D=16,nn=1",1,"{""n"": 24.0, ""D"": 16.0, ""nn"": 1.0}",planx,ok,1.940344,1.9451,308641792,5.83121724292101e-05,0,5.83121724292101e-05,0.0,"engine=hsf aborted=[""mps""] plan_secs=0.007955","{""n"": 24, ""gates"": 592, ""g2"": 184, ""g3"": 0, ""depth2"": 16, ""t_count"": 0, ""rotations"": 1224, ""d"": 24, ""dense_l"": 34.1762, ""redundant"": 1200, ""obs_zero"": false, ""frame_l"": 58.2574, ""chi_bits"": 8, ""mps_l"": 27.466, ""hsf_k"": 8, ""hsf_na"": 12, ""hsf_nb"": 12, ""hsf_l"": 32.1948, ""sup"": 24, ""chi_bits0"": 8, ""mps_l0"": 27.466, ""hsf_keff"": 8, ""hsf_l0"": 32.1948, ""sparse_l"": 33.2095, ""sv_l"": 33.2095, ""feat_secs"": 0.006723, ""feat_secs_frame"": 0.001671, ""feat_secs_hsf"": 0.004812}"
brick,"brick:n=24,D=16,nn=1",1,"{""n"": 24.0, ""D"": 16.0, ""nn"": 1.0}",planp,ok,1.920279,1.9258,308363264,5.83121724292101e-05,0,5.83121724292101e-05,0.0,"engine=hsf aborted=[""mps""] plan_secs=0.007981","{""n"": 24, ""gates"": 592, ""g2"": 184, ""g3"": 0, ""depth2"": 16, ""t_count"": 0, ""rotations"": 1224, ""d"": 24, ""dense_l"": 34.1762, ""redundant"": 1200, ""obs_zero"": false, ""frame_l"": 58.2574, ""chi_bits"": 8, ""mps_l"": 27.466, ""hsf_k"": 8, ""hsf_na"": 12, ""hsf_nb"": 12, ""hsf_l"": 32.1948, ""sup"": 24, ""chi_bits0"": 8, ""mps_l0"": 27.466, ""hsf_keff"": 8, ""hsf_l0"": 32.1948, ""sparse_l"": 33.2095, ""sv_l"": 33.2095, ""feat_secs"": 0.006723, ""feat_secs_frame"": 0.001671, ""feat_secs_hsf"": 0.004812}"
brick,"brick:n=24,D=16,nn=1",1,"{""n"": 24.0, ""D"": 16.0, ""nn"": 1.0}",plan,ok,1.908057,1.9155,307396608,5.83121724292101e-05,0,5.83121724292101e-05,0.0,"engine=hsf aborted=[""mps""] plan_secs=0.007772","{""n"": 24, ""gates"": 592, ""g2"": 184, ""g3"": 0, ""depth2"": 16, ""t_count"": 0, ""rotations"": 1224, ""d"": 24, ""dense_l"": 34.1762, ""redundant"": 1200, ""obs_zero"": false, ""frame_l"": 58.2574, ""chi_bits"": 8, ""mps_l"": 27.466, ""hsf_k"": 8, ""hsf_na"": 12, ""hsf_nb"": 12, ""hsf_l"": 32.1948, ""sup"": 24, ""chi_bits0"": 8, ""mps_l0"": 27.466, ""hsf_keff"": 8, ""hsf_l0"": 32.1948, ""sparse_l"": 33.2095, ""sv_l"": 33.2095, ""feat_secs"": 0.006723, ""feat_secs_frame"": 0.001671, ""feat_secs_hsf"": 0.004812}"
brick,"brick:n=26,D=2,nn=1",1,"{""n"": 26.0, ""D"": 2.0, ""nn"": 1.0}",planx,ok,0.000822,0.0075,2899968,9.414171705052669e-06,0,9.414171705052669e-06,0.0,engine=mps aborted=[] plan_secs=0.000579,"{""n"": 26, ""gates"": 103, ""g2"": 25, ""g3"": 0, ""depth2"": 2, ""t_count"": 0, ""rotations"": 234, ""d"": 26, ""dense_l"": 33.3309, ""redundant"": 208, ""obs_zero"": false, ""frame_l"": 59.8704, ""chi_bits"": 1, ""mps_l"": 8.7616, ""hsf_k"": 1, ""hsf_na"": 13, ""hsf_nb"": 13, ""hsf_l"": 27.018, ""sup"": 26, ""chi_bits0"": 1, ""mps_l0"": 8.7616, ""hsf_keff"": 1, ""hsf_l0"": 27.018, ""sparse_l"": 32.6865, ""sv_l"": 32.6865, ""feat_secs"": 0.0067, ""feat_secs_frame"": 0.000388, ""feat_secs_hsf"": 0.006241}"
brick,"brick:n=26,D=2,nn=1",1,"{""n"": 26.0, ""D"": 2.0, ""nn"": 1.0}",planp,ok,0.000798,0.0074,2899968,9.414171705052669e-06,0,9.414171705052669e-06,0.0,engine=mps aborted=[] plan_secs=0.000587,"{""n"": 26, ""gates"": 103, ""g2"": 25, ""g3"": 0, ""depth2"": 2, ""t_count"": 0, ""rotations"": 234, ""d"": 26, ""dense_l"": 33.3309, ""redundant"": 208, ""obs_zero"": false, ""frame_l"": 59.8704, ""chi_bits"": 1, ""mps_l"": 8.7616, ""hsf_k"": 1, ""hsf_na"": 13, ""hsf_nb"": 13, ""hsf_l"": 27.018, ""sup"": 26, ""chi_bits0"": 1, ""mps_l0"": 8.7616, ""hsf_keff"": 1, ""hsf_l0"": 27.018, ""sparse_l"": 32.6865, ""sv_l"": 32.6865, ""feat_secs"": 0.0067, ""feat_secs_frame"": 0.000388, ""feat_secs_hsf"": 0.006241}"
brick,"brick:n=26,D=2,nn=1",1,"{""n"": 26.0, ""D"": 2.0, ""nn"": 1.0}",plan,ok,0.000797,0.0066,2867200,9.414171705052669e-06,0,9.414171705052669e-06,0.0,engine=mps aborted=[] plan_secs=0.000576,"{""n"": 26, ""gates"": 103, ""g2"": 25, ""g3"": 0, ""depth2"": 2, ""t_count"": 0, ""rotations"": 234, ""d"": 26, ""dense_l"": 33.3309, ""redundant"": 208, ""obs_zero"": false, ""frame_l"": 59.8704, ""chi_bits"": 1, ""mps_l"": 8.7616, ""hsf_k"": 1, ""hsf_na"": 13, ""hsf_nb"": 13, ""hsf_l"": 27.018, ""sup"": 26, ""chi_bits0"": 1, ""mps_l0"": 8.7616, ""hsf_keff"": 1, ""hsf_l0"": 27.018, ""sparse_l"": 32.6865, ""sv_l"": 32.6865, ""feat_secs"": 0.0067, ""feat_secs_frame"": 0.000388, ""feat_secs_hsf"": 0.006241}"
brick,"brick:n=26,D=4,nn=1",1,"{""n"": 26.0, ""D"": 4.0, ""nn"": 1.0}",planx,ok,0.001369,0.0074,3047424,-6.707524194358646e-06,0,-6.707524194358646e-06,0.0,engine=mps aborted=[] plan_secs=0.000959,"{""n"": 26, ""gates"": 180, ""g2"": 50, ""g3"": 0, ""depth2"": 4, ""t_count"": 0, ""rotations"": 390, ""d"": 26, ""dense_l"": 34.3083, ""redundant"": 364, ""obs_zero"": false, ""frame_l"": 60.6073, ""chi_bits"": 2, ""mps_l"": 11.3891, ""hsf_k"": 2, ""hsf_na"": 13, ""hsf_nb"": 13, ""hsf_l"": 28.0314, ""sup"": 26, ""chi_bits0"": 2, ""mps_l0"": 11.3891, ""hsf_keff"": 2, ""hsf_l0"": 28.0314, ""sparse_l"": 33.4919, ""sv_l"": 33.4919, ""feat_secs"": 0.00686, ""feat_secs_frame"": 0.000578, ""feat_secs_hsf"": 0.006188}"
brick,"brick:n=26,D=4,nn=1",1,"{""n"": 26.0, ""D"": 4.0, ""nn"": 1.0}",planp,ok,0.001457,0.0066,3047424,-6.707524194358646e-06,0,-6.707524194358646e-06,0.0,engine=mps aborted=[] plan_secs=0.001031,"{""n"": 26, ""gates"": 180, ""g2"": 50, ""g3"": 0, ""depth2"": 4, ""t_count"": 0, ""rotations"": 390, ""d"": 26, ""dense_l"": 34.3083, ""redundant"": 364, ""obs_zero"": false, ""frame_l"": 60.6073, ""chi_bits"": 2, ""mps_l"": 11.3891, ""hsf_k"": 2, ""hsf_na"": 13, ""hsf_nb"": 13, ""hsf_l"": 28.0314, ""sup"": 26, ""chi_bits0"": 2, ""mps_l0"": 11.3891, ""hsf_keff"": 2, ""hsf_l0"": 28.0314, ""sparse_l"": 33.4919, ""sv_l"": 33.4919, ""feat_secs"": 0.00686, ""feat_secs_frame"": 0.000578, ""feat_secs_hsf"": 0.006188}"
brick,"brick:n=26,D=4,nn=1",1,"{""n"": 26.0, ""D"": 4.0, ""nn"": 1.0}",plan,ok,0.00135,0.0075,3047424,-6.707524194358646e-06,0,-6.707524194358646e-06,0.0,engine=mps aborted=[] plan_secs=0.000955,"{""n"": 26, ""gates"": 180, ""g2"": 50, ""g3"": 0, ""depth2"": 4, ""t_count"": 0, ""rotations"": 390, ""d"": 26, ""dense_l"": 34.3083, ""redundant"": 364, ""obs_zero"": false, ""frame_l"": 60.6073, ""chi_bits"": 2, ""mps_l"": 11.3891, ""hsf_k"": 2, ""hsf_na"": 13, ""hsf_nb"": 13, ""hsf_l"": 28.0314, ""sup"": 26, ""chi_bits0"": 2, ""mps_l0"": 11.3891, ""hsf_keff"": 2, ""hsf_l0"": 28.0314, ""sparse_l"": 33.4919, ""sv_l"": 33.4919, ""feat_secs"": 0.00686, ""feat_secs_frame"": 0.000578, ""feat_secs_hsf"": 0.006188}"
brick,"brick:n=26,D=8,nn=1",1,"{""n"": 26.0, ""D"": 8.0, ""nn"": 1.0}",planx,ok,0.005536,0.0104,4112384,2.531500288420845e-05,0,2.531500288420845e-05,0.0,engine=mps aborted=[] plan_secs=0.002020,"{""n"": 26, ""gates"": 334, ""g2"": 100, ""g3"": 0, ""depth2"": 8, ""t_count"": 0, ""rotations"": 702, ""d"": 26, ""dense_l"": 35.2969, ""redundant"": 676, ""obs_zero"": false, ""frame_l"": 61.4553, ""chi_bits"": 4, ""mps_l"": 16.689, ""hsf_k"": 4, ""hsf_na"": 13, ""hsf_nb"": 13, ""hsf_l"": 30.0577, ""sup"": 26, ""chi_bits0"": 4, ""mps_l0"": 16.689, ""hsf_keff"": 4, ""hsf_l0"": 30.0577, ""sparse_l"": 34.3837, ""sv_l"": 34.3837, ""feat_secs"": 0.007678, ""feat_secs_frame"": 0.001109, ""feat_secs_hsf"": 0.006414}"
brick,"brick:n=26,D=8,nn=1",1,"{""n"": 26.0, ""D"": 8.0, ""nn"": 1.0}",planp,ok,0.005072,0.0104,3915776,2.531500288420845e-05,0,2.531500288420845e-05,0.0,engine=mps aborted=[] plan_secs=0.001726,"{""n"": 26, ""gates"": 334, ""g2"": 100, ""g3"": 0, ""depth2"": 8, ""t_count"": 0, ""rotations"": 702, ""d"": 26, ""dense_l"": 35.2969, ""redundant"": 676, ""obs_zero"": false, ""frame_l"": 61.4553, ""chi_bits"": 4, ""mps_l"": 16.689, ""hsf_k"": 4, ""hsf_na"": 13, ""hsf_nb"": 13, ""hsf_l"": 30.0577, ""sup"": 26, ""chi_bits0"": 4, ""mps_l0"": 16.689, ""hsf_keff"": 4, ""hsf_l0"": 30.0577, ""sparse_l"": 34.3837, ""sv_l"": 34.3837, ""feat_secs"": 0.007678, ""feat_secs_frame"": 0.001109, ""feat_secs_hsf"": 0.006414}"
brick,"brick:n=26,D=8,nn=1",1,"{""n"": 26.0, ""D"": 8.0, ""nn"": 1.0}",plan,ok,0.005099,0.0104,3899392,2.531500288420845e-05,0,2.531500288420845e-05,0.0,engine=mps aborted=[] plan_secs=0.001692,"{""n"": 26, ""gates"": 334, ""g2"": 100, ""g3"": 0, ""depth2"": 8, ""t_count"": 0, ""rotations"": 702, ""d"": 26, ""dense_l"": 35.2969, ""redundant"": 676, ""obs_zero"": false, ""frame_l"": 61.4553, ""chi_bits"": 4, ""mps_l"": 16.689, ""hsf_k"": 4, ""hsf_na"": 13, ""hsf_nb"": 13, ""hsf_l"": 30.0577, ""sup"": 26, ""chi_bits0"": 4, ""mps_l0"": 16.689, ""hsf_keff"": 4, ""hsf_l0"": 30.0577, ""sparse_l"": 34.3837, ""sv_l"": 34.3837, ""feat_secs"": 0.007678, ""feat_secs_frame"": 0.001109, ""feat_secs_hsf"": 0.006414}"
brick,"brick:n=26,D=16,nn=1",1,"{""n"": 26.0, ""D"": 16.0, ""nn"": 1.0}",planx,timeout,,10.0088,1114800128,,,,,timeout,"{""n"": 26, ""gates"": 642, ""g2"": 200, ""g3"": 0, ""depth2"": 16, ""t_count"": 0, ""rotations"": 1326, ""d"": 26, ""dense_l"": 36.2912, ""redundant"": 1300, ""obs_zero"": false, ""frame_l"": 62.3729, ""chi_bits"": 8, ""mps_l"": 27.7395, ""hsf_k"": 8, ""hsf_na"": 13, ""hsf_nb"": 13, ""hsf_l"": 34.1089, ""sup"": 26, ""chi_bits0"": 8, ""mps_l0"": 27.7395, ""hsf_keff"": 8, ""hsf_l0"": 34.1089, ""sparse_l"": 35.3264, ""sv_l"": 35.3264, ""feat_secs"": 0.008872, ""feat_secs_frame"": 0.001915, ""feat_secs_hsf"": 0.006624}"
brick,"brick:n=26,D=16,nn=1",1,"{""n"": 26.0, ""D"": 16.0, ""nn"": 1.0}",planp,timeout,,10.0113,1113882624,,,,,timeout,"{""n"": 26, ""gates"": 642, ""g2"": 200, ""g3"": 0, ""depth2"": 16, ""t_count"": 0, ""rotations"": 1326, ""d"": 26, ""dense_l"": 36.2912, ""redundant"": 1300, ""obs_zero"": false, ""frame_l"": 62.3729, ""chi_bits"": 8, ""mps_l"": 27.7395, ""hsf_k"": 8, ""hsf_na"": 13, ""hsf_nb"": 13, ""hsf_l"": 34.1089, ""sup"": 26, ""chi_bits0"": 8, ""mps_l0"": 27.7395, ""hsf_keff"": 8, ""hsf_l0"": 34.1089, ""sparse_l"": 35.3264, ""sv_l"": 35.3264, ""feat_secs"": 0.008872, ""feat_secs_frame"": 0.001915, ""feat_secs_hsf"": 0.006624}"
brick,"brick:n=26,D=16,nn=1",1,"{""n"": 26.0, ""D"": 16.0, ""nn"": 1.0}",plan,timeout,,10.0098,1113636864,,,,,timeout,"{""n"": 26, ""gates"": 642, ""g2"": 200, ""g3"": 0, ""depth2"": 16, ""t_count"": 0, ""rotations"": 1326, ""d"": 26, ""dense_l"": 36.2912, ""redundant"": 1300, ""obs_zero"": false, ""frame_l"": 62.3729, ""chi_bits"": 8, ""mps_l"": 27.7395, ""hsf_k"": 8, ""hsf_na"": 13, ""hsf_nb"": 13, ""hsf_l"": 34.1089, ""sup"": 26, ""chi_bits0"": 8, ""mps_l0"": 27.7395, ""hsf_keff"": 8, ""hsf_l0"": 34.1089, ""sparse_l"": 35.3264, ""sv_l"": 35.3264, ""feat_secs"": 0.008872, ""feat_secs_frame"": 0.001915, ""feat_secs_hsf"": 0.006624}"
brick,"brick:n=16,D=2,nn=0",1,"{""n"": 16.0, ""D"": 2.0, ""nn"": 0.0}",planx,ok,0.00222,0.0066,3538944,-0.001213652750229637,0,-0.001213652750229637,0.0,engine=mps aborted=[] plan_secs=0.000479,"{""n"": 16, ""gates"": 64, ""g2"": 16, ""g3"": 0, ""depth2"": 2, ""t_count"": 0, ""rotations"": 144, ""d"": 16, ""dense_l"": 22.6582, ""redundant"": 128, ""obs_zero"": false, ""frame_l"": 39.1699, ""chi_bits"": 4, ""mps_l"": 19.0971, ""hsf_k"": 0, ""hsf_na"": 8, ""hsf_nb"": 8, ""hsf_l"": 16.3219, ""sup"": 16, ""chi_bits0"": 4, ""mps_l0"": 19.0971, ""hsf_keff"": 0, ""hsf_l0"": 16.3219, ""sparse_l"": 22.0, ""sv_l"": 22.0, ""feat_secs"": 0.001533, ""feat_secs_frame"": 0.000235, ""feat_secs_hsf"": 0.001246}"
brick,"brick:n=16,D=2,nn=0",1,"{""n"": 16.0, ""D"": 2.0, ""nn"": 0.0}",planp,ok,0.002041,0.0067,3522560,-0.001213652750229637,0,-0.001213652750229637,0.0,engine=mps aborted=[] plan_secs=0.000477,"{""n"": 16, ""gates"": 64, ""g2"": 16, ""g3"": 0, ""depth2"": 2, ""t_count"": 0, ""rotations"": 144, ""d"": 16, ""dense_l"": 22.6582, ""redundant"": 128, ""obs_zero"": false, ""frame_l"": 39.1699, ""chi_bits"": 4, ""mps_l"": 19.0971, ""hsf_k"": 0, ""hsf_na"": 8, ""hsf_nb"": 8, ""hsf_l"": 16.3219, ""sup"": 16, ""chi_bits0"": 4, ""mps_l0"": 19.0971, ""hsf_keff"": 0, ""hsf_l0"": 16.3219, ""sparse_l"": 22.0, ""sv_l"": 22.0, ""feat_secs"": 0.001533, ""feat_secs_frame"": 0.000235, ""feat_secs_hsf"": 0.001246}"
brick,"brick:n=16,D=2,nn=0",1,"{""n"": 16.0, ""D"": 2.0, ""nn"": 0.0}",plan,ok,0.002218,0.0067,3637248,-0.001213652750229637,0,-0.001213652750229637,0.0,engine=mps aborted=[] plan_secs=0.000565,"{""n"": 16, ""gates"": 64, ""g2"": 16, ""g3"": 0, ""depth2"": 2, ""t_count"": 0, ""rotations"": 144, ""d"": 16, ""dense_l"": 22.6582, ""redundant"": 128, ""obs_zero"": false, ""frame_l"": 39.1699, ""chi_bits"": 4, ""mps_l"": 19.0971, ""hsf_k"": 0, ""hsf_na"": 8, ""hsf_nb"": 8, ""hsf_l"": 16.3219, ""sup"": 16, ""chi_bits0"": 4, ""mps_l0"": 19.0971, ""hsf_keff"": 0, ""hsf_l0"": 16.3219, ""sparse_l"": 22.0, ""sv_l"": 22.0, ""feat_secs"": 0.001533, ""feat_secs_frame"": 0.000235, ""feat_secs_hsf"": 0.001246}"
brick,"brick:n=16,D=4,nn=0",1,"{""n"": 16.0, ""D"": 4.0, ""nn"": 0.0}",planx,ok,0.005936,0.0105,4308992,0.007074156299159524,0,0.007074156299159524,0.0,engine=sv aborted=[] plan_secs=0.000859,"{""n"": 16, ""gates"": 112, ""g2"": 32, ""g3"": 0, ""depth2"": 4, ""t_count"": 0, ""rotations"": 240, ""d"": 16, ""dense_l"": 23.6221, ""redundant"": 224, ""obs_zero"": false, ""frame_l"": 39.9069, ""chi_bits"": 8, ""mps_l"": 29.7929, ""hsf_k"": 6, ""hsf_na"": 8, ""hsf_nb"": 8, ""hsf_l"": 22.5236, ""sup"": 16, ""chi_bits0"": 8, ""mps_l0"": 29.7929, ""hsf_keff"": 6, ""hsf_l0"": 22.5236, ""sparse_l"": 22.8074, ""sv_l"": 22.8074, ""feat_secs"": 0.002621, ""feat_secs_frame"": 0.000368, ""feat_secs_hsf"": 0.00217}"
brick,"brick:n=16,D=4,nn=0",1,"{""n"": 16.0, ""D"": 4.0, ""nn"": 0.0}",planp,ok,0.005918,0.0126,4308992,0.007074156299159524,0,0.007074156299159524,0.0,engine=sv aborted=[] plan_secs=0.000889,"{""n"": 16, ""gates"": 112, ""g2"": 32, ""g3"": 0, ""depth2"": 4, ""t_count"": 0, ""rotations"": 240, ""d"": 16, ""dense_l"": 23.6221, ""redundant"": 224, ""obs_zero"": false, ""frame_l"": 39.9069, ""chi_bits"": 8, ""mps_l"": 29.7929, ""hsf_k"": 6, ""hsf_na"": 8, ""hsf_nb"": 8, ""hsf_l"": 22.5236, ""sup"": 16, ""chi_bits0"": 8, ""mps_l0"": 29.7929, ""hsf_keff"": 6, ""hsf_l0"": 22.5236, ""sparse_l"": 22.8074, ""sv_l"": 22.8074, ""feat_secs"": 0.002621, ""feat_secs_frame"": 0.000368, ""feat_secs_hsf"": 0.00217}"
brick,"brick:n=16,D=4,nn=0",1,"{""n"": 16.0, ""D"": 4.0, ""nn"": 0.0}",plan,ok,0.006025,0.0130,4341760,0.007074156299159524,0,0.007074156299159524,0.0,engine=sv aborted=[] plan_secs=0.000879,"{""n"": 16, ""gates"": 112, ""g2"": 32, ""g3"": 0, ""depth2"": 4, ""t_count"": 0, ""rotations"": 240, ""d"": 16, ""dense_l"": 23.6221, ""redundant"": 224, ""obs_zero"": false, ""frame_l"": 39.9069, ""chi_bits"": 8, ""mps_l"": 29.7929, ""hsf_k"": 6, ""hsf_na"": 8, ""hsf_nb"": 8, ""hsf_l"": 22.5236, ""sup"": 16, ""chi_bits0"": 8, ""mps_l0"": 29.7929, ""hsf_keff"": 6, ""hsf_l0"": 22.5236, ""sparse_l"": 22.8074, ""sv_l"": 22.8074, ""feat_secs"": 0.002621, ""feat_secs_frame"": 0.000368, ""feat_secs_hsf"": 0.00217}"
brick,"brick:n=24,D=1,nn=0",1,"{""n"": 24.0, ""D"": 1.0, ""nn"": 0.0}",planx,ok,0.238936,0.2444,271728640,4.558468162859406e-12,0,4.558468162859406e-12,0.0,engine=hsf aborted=[] plan_secs=0.003346,"{""n"": 24, ""gates"": 60, ""g2"": 12, ""g3"": 0, ""depth2"": 1, ""t_count"": 0, ""rotations"": 144, ""d"": 24, ""dense_l"": 30.2668, ""redundant"": 120, ""obs_zero"": false, ""frame_l"": 55.1699, ""chi_bits"": 8, ""mps_l"": 27.252, ""hsf_k"": 0, ""hsf_na"": 12, ""hsf_nb"": 12, ""hsf_l"": 24.021, ""sup"": 24, ""chi_bits0"": 8, ""mps_l0"": 27.252, ""hsf_keff"": 0, ""hsf_l0"": 24.021, ""sparse_l"": 29.9069, ""sv_l"": 29.9069, ""feat_secs"": 0.002884, ""feat_secs_frame"": 0.000234, ""feat_secs_hsf"": 0.002604}"
brick,"brick:n=24,D=1,nn=0",1,"{""n"": 24.0, ""D"": 1.0, ""nn"": 0.0}",planp,ok,0.242626,0.2496,273268736,4.558468162859406e-12,0,4.558468162859406e-12,0.0,engine=hsf aborted=[] plan_secs=0.008961,"{""n"": 24, ""gates"": 60, ""g2"": 12, ""g3"": 0, ""depth2"": 1, ""t_count"": 0, ""rotations"": 144, ""d"": 24, ""dense_l"": 30.2668, ""redundant"": 120, ""obs_zero"": false, ""frame_l"": 55.1699, ""chi_bits"": 8, ""mps_l"": 27.252, ""hsf_k"": 0, ""hsf_na"": 12, ""hsf_nb"": 12, ""hsf_l"": 24.021, ""sup"": 24, ""chi_bits0"": 8, ""mps_l0"": 27.252, ""hsf_keff"": 0, ""hsf_l0"": 24.021, ""sparse_l"": 29.9069, ""sv_l"": 29.9069, ""feat_secs"": 0.002884, ""feat_secs_frame"": 0.000234, ""feat_secs_hsf"": 0.002604}"
brick,"brick:n=24,D=1,nn=0",1,"{""n"": 24.0, ""D"": 1.0, ""nn"": 0.0}",plan,ok,0.238277,0.2451,271712256,4.558468162859406e-12,0,4.558468162859406e-12,0.0,engine=hsf aborted=[] plan_secs=0.003322,"{""n"": 24, ""gates"": 60, ""g2"": 12, ""g3"": 0, ""depth2"": 1, ""t_count"": 0, ""rotations"": 144, ""d"": 24, ""dense_l"": 30.2668, ""redundant"": 120, ""obs_zero"": false, ""frame_l"": 55.1699, ""chi_bits"": 8, ""mps_l"": 27.252, ""hsf_k"": 0, ""hsf_na"": 12, ""hsf_nb"": 12, ""hsf_l"": 24.021, ""sup"": 24, ""chi_bits0"": 8, ""mps_l0"": 27.252, ""hsf_keff"": 0, ""hsf_l0"": 24.021, ""sparse_l"": 29.9069, ""sv_l"": 29.9069, ""feat_secs"": 0.002884, ""feat_secs_frame"": 0.000234, ""feat_secs_hsf"": 0.002604}"
brick,"brick:n=24,D=3,nn=0",1,"{""n"": 24.0, ""D"": 3.0, ""nn"": 0.0}",planx,ok,0.329466,0.3353,281706496,-9.240065419087481e-05,0,-9.240065419087481e-05,0.0,engine=hsf aborted=[] plan_secs=0.007515,"{""n"": 24, ""gates"": 132, ""g2"": 36, ""g3"": 0, ""depth2"": 3, ""t_count"": 0, ""rotations"": 288, ""d"": 24, ""dense_l"": 31.7879, ""redundant"": 264, ""obs_zero"": false, ""frame_l"": 56.1699, ""chi_bits"": 12, ""mps_l"": 40.8285, ""hsf_k"": 5, ""hsf_na"": 11, ""hsf_nb"": 13, ""hsf_l"": 29.0901, ""sup"": 24, ""chi_bits0"": 12, ""mps_l0"": 40.8285, ""hsf_keff"": 5, ""hsf_l0"": 29.0901, ""sparse_l"": 31.0444, ""sv_l"": 31.0444, ""feat_secs"": 0.006359, ""feat_secs_frame"": 0.000437, ""feat_secs_hsf"": 0.005852}"
brick,"brick:n=24,D=3,nn=0",1,"{""n"": 24.0, ""D"": 3.0, ""nn"": 0.0}",planp,ok,0.35822,0.3643,283623424,-9.240065419087481e-05,0,-9.240065419087481e-05,0.0,engine=hsf aborted=[] plan_secs=0.046574,"{""n"": 24, ""gates"": 132, ""g2"": 36, ""g3"": 0, ""depth2"": 3, ""t_count"": 0, ""rotations"": 288, ""d"": 24, ""dense_l"": 31.7879, ""redundant"": 264, ""obs_zero"": false, ""frame_l"": 56.1699, ""chi_bits"": 12, ""mps_l"": 40.8285, ""hsf_k"": 5, ""hsf_na"": 11, ""hsf_nb"": 13, ""hsf_l"": 29.0901, ""sup"": 24, ""chi_bits0"": 12, ""mps_l0"": 40.8285, ""hsf_keff"": 5, ""hsf_l0"": 29.0901, ""sparse_l"": 31.0444, ""sv_l"": 31.0444, ""feat_secs"": 0.006359, ""feat_secs_frame"": 0.000437, ""feat_secs_hsf"": 0.005852}"
brick,"brick:n=24,D=3,nn=0",1,"{""n"": 24.0, ""D"": 3.0, ""nn"": 0.0}",plan,ok,0.328831,0.3341,281706496,-9.240065419087481e-05,0,-9.240065419087481e-05,0.0,engine=hsf aborted=[] plan_secs=0.007369,"{""n"": 24, ""gates"": 132, ""g2"": 36, ""g3"": 0, ""depth2"": 3, ""t_count"": 0, ""rotations"": 288, ""d"": 24, ""dense_l"": 31.7879, ""redundant"": 264, ""obs_zero"": false, ""frame_l"": 56.1699, ""chi_bits"": 12, ""mps_l"": 40.8285, ""hsf_k"": 5, ""hsf_na"": 11, ""hsf_nb"": 13, ""hsf_l"": 29.0901, ""sup"": 24, ""chi_bits0"": 12, ""mps_l0"": 40.8285, ""hsf_keff"": 5, ""hsf_l0"": 29.0901, ""sparse_l"": 31.0444, ""sv_l"": 31.0444, ""feat_secs"": 0.006359, ""feat_secs_frame"": 0.000437, ""feat_secs_hsf"": 0.005852}"
brick,"brick:n=24,D=6,nn=0",1,"{""n"": 24.0, ""D"": 6.0, ""nn"": 0.0}",planx,ok,2.060444,2.0645,273219584,-0.0006824211068258312,0,-0.0006824211068258312,0.0,engine=sv aborted=[] plan_secs=0.015695,"{""n"": 24, ""gates"": 240, ""g2"": 72, ""g3"": 0, ""depth2"": 6, ""t_count"": 0, ""rotations"": 504, ""d"": 24, ""dense_l"": 32.7715, ""redundant"": 480, ""obs_zero"": false, ""frame_l"": 56.9773, ""chi_bits"": 12, ""mps_l"": 44.3077, ""hsf_k"": 16, ""hsf_na"": 12, ""hsf_nb"": 12, ""hsf_l"": 40.0821, ""sup"": 24, ""chi_bits0"": 12, ""mps_l0"": 44.3077, ""hsf_keff"": 16, ""hsf_l0"": 40.0821, ""sparse_l"": 31.9069, ""sv_l"": 31.9069, ""feat_secs"": 0.013116, ""feat_secs_frame"": 0.000717, ""feat_secs_hsf"": 0.012289}"
brick,"brick:n=24,D=6,nn=0",1,"{""n"": 24.0, ""D"": 6.0, ""nn"": 0.0}",planp,ok,4.007937,4.0145,299696128,-0.0006824211068258312,0,-0.0006824211068258312,0.0,"engine=sv aborted=[""mps""] plan_secs=0.145842","{""n"": 24, ""gates"": 240, ""g2"": 72, ""g3"": 0, ""depth2"": 6, ""t_count"": 0, ""rotations"": 504, ""d"": 24, ""dense_l"": 32.7715, ""redundant"": 480, ""obs_zero"": false, ""frame_l"": 56.9773, ""chi_bits"": 12, ""mps_l"": 44.3077, ""hsf_k"": 16, ""hsf_na"": 12, ""hsf_nb"": 12, ""hsf_l"": 40.0821, ""sup"": 24, ""chi_bits0"": 12, ""mps_l0"": 44.3077, ""hsf_keff"": 16, ""hsf_l0"": 40.0821, ""sparse_l"": 31.9069, ""sv_l"": 31.9069, ""feat_secs"": 0.013116, ""feat_secs_frame"": 0.000717, ""feat_secs_hsf"": 0.012289}"
brick,"brick:n=24,D=6,nn=0",1,"{""n"": 24.0, ""D"": 6.0, ""nn"": 0.0}",plan,ok,2.059959,2.0668,273219584,-0.0006824211068258312,0,-0.0006824211068258312,0.0,engine=sv aborted=[] plan_secs=0.015590,"{""n"": 24, ""gates"": 240, ""g2"": 72, ""g3"": 0, ""depth2"": 6, ""t_count"": 0, ""rotations"": 504, ""d"": 24, ""dense_l"": 32.7715, ""redundant"": 480, ""obs_zero"": false, ""frame_l"": 56.9773, ""chi_bits"": 12, ""mps_l"": 44.3077, ""hsf_k"": 16, ""hsf_na"": 12, ""hsf_nb"": 12, ""hsf_l"": 40.0821, ""sup"": 24, ""chi_bits0"": 12, ""mps_l0"": 44.3077, ""hsf_keff"": 16, ""hsf_l0"": 40.0821, ""sparse_l"": 31.9069, ""sv_l"": 31.9069, ""feat_secs"": 0.013116, ""feat_secs_frame"": 0.000717, ""feat_secs_hsf"": 0.012289}"
ct,"ct:n=24,L=1,t=2,nn=1",1,"{""n"": 24.0, ""L"": 1.0, ""t"": 2.0, ""nn"": 1.0}",planx,ok,0.000135,0.0045,2195456,0.0,0,0.0,0.0,engine=cstate aborted=[] plan_secs=0.000098,"{""n"": 24, ""gates"": 40, ""g2"": 12, ""g3"": 0, ""depth2"": 1, ""t_count"": 2, ""rotations"": 2, ""d"": 1, ""dense_l"": 1.585, ""redundant"": 1, ""obs_zero"": true, ""frame_l"": 5.3219, ""chi_bits"": 1, ""mps_l"": 6.9542, ""hsf_k"": 0, ""hsf_na"": 12, ""hsf_nb"": 12, ""hsf_l"": 24.014, ""sup"": 13, ""chi_bits0"": 1, ""mps_l0"": 6.9542, ""hsf_keff"": 0, ""hsf_l0"": 24.014, ""sparse_l"": 18.3219, ""sv_l"": 29.3219, ""feat_secs"": 0.002393, ""feat_secs_frame"": 8e-05, ""feat_secs_hsf"": 0.002275}"
ct,"ct:n=24,L=1,t=2,nn=1",1,"{""n"": 24.0, ""L"": 1.0, ""t"": 2.0, ""nn"": 1.0}",planp,ok,0.000238,0.0069,2195456,0.0,0,0.0,0.0,engine=cstate aborted=[] plan_secs=0.000183,"{""n"": 24, ""gates"": 40, ""g2"": 12, ""g3"": 0, ""depth2"": 1, ""t_count"": 2, ""rotations"": 2, ""d"": 1, ""dense_l"": 1.585, ""redundant"": 1, ""obs_zero"": true, ""frame_l"": 5.3219, ""chi_bits"": 1, ""mps_l"": 6.9542, ""hsf_k"": 0, ""hsf_na"": 12, ""hsf_nb"": 12, ""hsf_l"": 24.014, ""sup"": 13, ""chi_bits0"": 1, ""mps_l0"": 6.9542, ""hsf_keff"": 0, ""hsf_l0"": 24.014, ""sparse_l"": 18.3219, ""sv_l"": 29.3219, ""feat_secs"": 0.002393, ""feat_secs_frame"": 8e-05, ""feat_secs_hsf"": 0.002275}"
ct,"ct:n=24,L=1,t=2,nn=1",1,"{""n"": 24.0, ""L"": 1.0, ""t"": 2.0, ""nn"": 1.0}",plan,ok,0.000133,0.0071,2146304,0.0,0,0.0,0.0,engine=zero aborted=[] plan_secs=0.000094,"{""n"": 24, ""gates"": 40, ""g2"": 12, ""g3"": 0, ""depth2"": 1, ""t_count"": 2, ""rotations"": 2, ""d"": 1, ""dense_l"": 1.585, ""redundant"": 1, ""obs_zero"": true, ""frame_l"": 5.3219, ""chi_bits"": 1, ""mps_l"": 6.9542, ""hsf_k"": 0, ""hsf_na"": 12, ""hsf_nb"": 12, ""hsf_l"": 24.014, ""sup"": 13, ""chi_bits0"": 1, ""mps_l0"": 6.9542, ""hsf_keff"": 0, ""hsf_l0"": 24.014, ""sparse_l"": 18.3219, ""sv_l"": 29.3219, ""feat_secs"": 0.002393, ""feat_secs_frame"": 8e-05, ""feat_secs_hsf"": 0.002275}"
ct,"ct:n=24,L=1,t=8,nn=1",1,"{""n"": 24.0, ""L"": 1.0, ""t"": 8.0, ""nn"": 1.0}",planx,ok,0.000152,0.0044,2195456,0.0,0,0.0,0.0,engine=cstate aborted=[] plan_secs=0.000115,"{""n"": 24, ""gates"": 52, ""g2"": 12, ""g3"": 0, ""depth2"": 1, ""t_count"": 8, ""rotations"": 8, ""d"": 4, ""dense_l"": 5.858, ""redundant"": 4, ""obs_zero"": true, ""frame_l"": 5.7004, ""chi_bits"": 1, ""mps_l"": 7.0875, ""hsf_k"": 0, ""hsf_na"": 12, ""hsf_nb"": 12, ""hsf_l"": 24.0182, ""sup"": 17, ""chi_bits0"": 1, ""mps_l0"": 7.0875, ""hsf_keff"": 0, ""hsf_l0"": 24.0182, ""sparse_l"": 22.7004, ""sv_l"": 29.7004, ""feat_secs"": 0.002315, ""feat_secs_frame"": 7.4e-05, ""feat_secs_hsf"": 0.002205}"
ct,"ct:n=24,L=1,t=8,nn=1",1,"{""n"": 24.0, ""L"": 1.0, ""t"": 8.0, ""nn"": 1.0}",planp,ok,0.000154,0.0041,2211840,0.0,0,0.0,0.0,engine=cstate aborted=[] plan_secs=0.000118,"{""n"": 24, ""gates"": 52, ""g2"": 12, ""g3"": 0, ""depth2"": 1, ""t_count"": 8, ""rotations"": 8, ""d"": 4, ""dense_l"": 5.858, ""redundant"": 4, ""obs_zero"": true, ""frame_l"": 5.7004, ""chi_bits"": 1, ""mps_l"": 7.0875, ""hsf_k"": 0, ""hsf_na"": 12, ""hsf_nb"": 12, ""hsf_l"": 24.0182, ""sup"": 17, ""chi_bits0"": 1, ""mps_l0"": 7.0875, ""hsf_keff"": 0, ""hsf_l0"": 24.0182, ""sparse_l"": 22.7004, ""sv_l"": 29.7004, ""feat_secs"": 0.002315, ""feat_secs_frame"": 7.4e-05, ""feat_secs_hsf"": 0.002205}"
ct,"ct:n=24,L=1,t=8,nn=1",1,"{""n"": 24.0, ""L"": 1.0, ""t"": 8.0, ""nn"": 1.0}",plan,ok,0.000146,0.0044,2179072,0.0,0,0.0,0.0,engine=zero aborted=[] plan_secs=0.000138,"{""n"": 24, ""gates"": 52, ""g2"": 12, ""g3"": 0, ""depth2"": 1, ""t_count"": 8, ""rotations"": 8, ""d"": 4, ""dense_l"": 5.858, ""redundant"": 4, ""obs_zero"": true, ""frame_l"": 5.7004, ""chi_bits"": 1, ""mps_l"": 7.0875, ""hsf_k"": 0, ""hsf_na"": 12, ""hsf_nb"": 12, ""hsf_l"": 24.0182, ""sup"": 17, ""chi_bits0"": 1, ""mps_l0"": 7.0875, ""hsf_keff"": 0, ""hsf_l0"": 24.0182, ""sparse_l"": 22.7004, ""sv_l"": 29.7004, ""feat_secs"": 0.002315, ""feat_secs_frame"": 7.4e-05, ""feat_secs_hsf"": 0.002205}"
ct,"ct:n=24,L=1,t=16,nn=1",1,"{""n"": 24.0, ""L"": 1.0, ""t"": 16.0, ""nn"": 1.0}",planx,ok,0.000162,0.0044,2195456,0.0,0,0.0,0.0,engine=cstate aborted=[] plan_secs=0.000120,"{""n"": 24, ""gates"": 64, ""g2"": 12, ""g3"": 0, ""depth2"": 1, ""t_count"": 16, ""rotations"": 16, ""d"": 9, ""dense_l"": 10.6493, ""redundant"": 7, ""obs_zero"": true, ""frame_l"": 6.0, ""chi_bits"": 1, ""mps_l"": 7.2095, ""hsf_k"": 0, ""hsf_na"": 12, ""hsf_nb"": 12, ""hsf_l"": 24.0224, ""sup"": 20, ""chi_bits0"": 1, ""mps_l0"": 7.2095, ""hsf_keff"": 0, ""hsf_l0"": 24.0224, ""sparse_l"": 26.0, ""sv_l"": 30.0, ""feat_secs"": 0.002331, ""feat_secs_frame"": 8.5e-05, ""feat_secs_hsf"": 0.002204}"
ct,"ct:n=24,L=1,t=16,nn=1",1,"{""n"": 24.0, ""L"": 1.0, ""t"": 16.0, ""nn"": 1.0}",planp,ok,0.00016,0.0045,2179072,0.0,0,0.0,0.0,engine=cstate aborted=[] plan_secs=0.000118,"{""n"": 24, ""gates"": 64, ""g2"": 12, ""g3"": 0, ""depth2"": 1, ""t_count"": 16, ""rotations"": 16, ""d"": 9, ""dense_l"": 10.6493, ""redundant"": 7, ""obs_zero"": true, ""frame_l"": 6.0, ""chi_bits"": 1, ""mps_l"": 7.2095, ""hsf_k"": 0, ""hsf_na"": 12, ""hsf_nb"": 12, ""hsf_l"": 24.0224, ""sup"": 20, ""chi_bits0"": 1, ""mps_l0"": 7.2095, ""hsf_keff"": 0, ""hsf_l0"": 24.0224, ""sparse_l"": 26.0, ""sv_l"": 30.0, ""feat_secs"": 0.002331, ""feat_secs_frame"": 8.5e-05, ""feat_secs_hsf"": 0.002204}"
ct,"ct:n=24,L=1,t=16,nn=1",1,"{""n"": 24.0, ""L"": 1.0, ""t"": 16.0, ""nn"": 1.0}",plan,ok,0.000132,0.0068,2195456,0.0,0,0.0,0.0,engine=zero aborted=[] plan_secs=0.000127,"{""n"": 24, ""gates"": 64, ""g2"": 12, ""g3"": 0, ""depth2"": 1, ""t_count"": 16, ""rotations"": 16, ""d"": 9, ""dense_l"": 10.6493, ""redundant"": 7, ""obs_zero"": true, ""frame_l"": 6.0, ""chi_bits"": 1, ""mps_l"": 7.2095, ""hsf_k"": 0, ""hsf_na"": 12, ""hsf_nb"": 12, ""hsf_l"": 24.0224, ""sup"": 20, ""chi_bits0"": 1, ""mps_l0"": 7.2095, ""hsf_keff"": 0, ""hsf_l0"": 24.0224, ""sparse_l"": 26.0, ""sv_l"": 30.0, ""feat_secs"": 0.002331, ""feat_secs_frame"": 8.5e-05, ""feat_secs_hsf"": 0.002204}"
ct,"ct:n=24,L=1,t=32,nn=1",1,"{""n"": 24.0, ""L"": 1.0, ""t"": 32.0, ""nn"": 1.0}",planx,ok,0.000277,0.0046,2359296,0.0,0,0.0,0.0,engine=cstate aborted=[] plan_secs=0.000159,"{""n"": 24, ""gates"": 98, ""g2"": 12, ""g3"": 0, ""depth2"": 1, ""t_count"": 32, ""rotations"": 32, ""d"": 13, ""dense_l"": 15.7125, ""redundant"": 19, ""obs_zero"": true, ""frame_l"": 6.6147, ""chi_bits"": 1, ""mps_l"": 7.5078, ""hsf_k"": 0, ""hsf_na"": 12, ""hsf_nb"": 12, ""hsf_l"": 24.0341, ""sup"": 20, ""chi_bits0"": 1, ""mps_l0"": 7.5078, ""hsf_keff"": 0, ""hsf_l0"": 24.0341, ""sparse_l"": 26.6147, ""sv_l"": 30.6147, ""feat_secs"": 0.002384, ""feat_secs_frame"": 0.000116, ""feat_secs_hsf"": 0.002217}"
ct,"ct:n=24,L=1,t=32,nn=1",1,"{""n"": 24.0, ""L"": 1.0, ""t"": 32.0, ""nn"": 1.0}",planp,ok,0.000277,0.0046,2359296,0.0,0,0.0,0.0,engine=cstate aborted=[] plan_secs=0.000160,"{""n"": 24, ""gates"": 98, ""g2"": 12, ""g3"": 0, ""depth2"": 1, ""t_count"": 32, ""rotations"": 32, ""d"": 13, ""dense_l"": 15.7125, ""redundant"": 19, ""obs_zero"": true, ""frame_l"": 6.6147, ""chi_bits"": 1, ""mps_l"": 7.5078, ""hsf_k"": 0, ""hsf_na"": 12, ""hsf_nb"": 12, ""hsf_l"": 24.0341, ""sup"": 20, ""chi_bits0"": 1, ""mps_l0"": 7.5078, ""hsf_keff"": 0, ""hsf_l0"": 24.0341, ""sparse_l"": 26.6147, ""sv_l"": 30.6147, ""feat_secs"": 0.002384, ""feat_secs_frame"": 0.000116, ""feat_secs_hsf"": 0.002217}"
ct,"ct:n=24,L=1,t=32,nn=1",1,"{""n"": 24.0, ""L"": 1.0, ""t"": 32.0, ""nn"": 1.0}",plan,ok,0.000224,0.0072,2195456,0.0,0,0.0,0.0,engine=zero aborted=[] plan_secs=0.000215,"{""n"": 24, ""gates"": 98, ""g2"": 12, ""g3"": 0, ""depth2"": 1, ""t_count"": 32, ""rotations"": 32, ""d"": 13, ""dense_l"": 15.7125, ""redundant"": 19, ""obs_zero"": true, ""frame_l"": 6.6147, ""chi_bits"": 1, ""mps_l"": 7.5078, ""hsf_k"": 0, ""hsf_na"": 12, ""hsf_nb"": 12, ""hsf_l"": 24.0341, ""sup"": 20, ""chi_bits0"": 1, ""mps_l0"": 7.5078, ""hsf_keff"": 0, ""hsf_l0"": 24.0341, ""sparse_l"": 26.6147, ""sv_l"": 30.6147, ""feat_secs"": 0.002384, ""feat_secs_frame"": 0.000116, ""feat_secs_hsf"": 0.002217}"
ct,"ct:n=24,L=1,t=64,nn=1",1,"{""n"": 24.0, ""L"": 1.0, ""t"": 64.0, ""nn"": 1.0}",planx,ok,0.000442,0.0044,2686976,3.210711004056322e-37,0,3.210711004056322e-37,0.0,engine=mps aborted=[] plan_secs=0.000316,"{""n"": 24, ""gates"": 163, ""g2"": 12, ""g3"": 0, ""depth2"": 1, ""t_count"": 64, ""rotations"": 64, ""d"": 20, ""dense_l"": 22.5646, ""redundant"": 44, ""obs_zero"": true, ""frame_l"": 7.3487, ""chi_bits"": 1, ""mps_l"": 7.9484, ""hsf_k"": 0, ""hsf_na"": 12, ""hsf_nb"": 12, ""hsf_l"": 24.0563, ""sup"": 22, ""chi_bits0"": 1, ""mps_l0"": 7.9484, ""hsf_keff"": 0, ""hsf_l0"": 24.0563, ""sparse_l"": 29.3487, ""sv_l"": 31.3487, ""feat_secs"": 0.002515, ""feat_secs_frame"": 0.000157, ""feat_secs_hsf"": 0.002279}"
ct,"ct:n=24,L=1,t=64,nn=1",1,"{""n"": 24.0, ""L"": 1.0, ""t"": 64.0, ""nn"": 1.0}",planp,ok,0.000414,0.0041,2703360,3.210711004056322e-37,0,3.210711004056322e-37,0.0,engine=mps aborted=[] plan_secs=0.000300,"{""n"": 24, ""gates"": 163, ""g2"": 12, ""g3"": 0, ""depth2"": 1, ""t_count"": 64, ""rotations"": 64, ""d"": 20, ""dense_l"": 22.5646, ""redundant"": 44, ""obs_zero"": true, ""frame_l"": 7.3487, ""chi_bits"": 1, ""mps_l"": 7.9484, ""hsf_k"": 0, ""hsf_na"": 12, ""hsf_nb"": 12, ""hsf_l"": 24.0563, ""sup"": 22, ""chi_bits0"": 1, ""mps_l0"": 7.9484, ""hsf_keff"": 0, ""hsf_l0"": 24.0563, ""sparse_l"": 29.3487, ""sv_l"": 31.3487, ""feat_secs"": 0.002515, ""feat_secs_frame"": 0.000157, ""feat_secs_hsf"": 0.002279}"
ct,"ct:n=24,L=1,t=64,nn=1",1,"{""n"": 24.0, ""L"": 1.0, ""t"": 64.0, ""nn"": 1.0}",plan,ok,0.000452,0.0044,2342912,0.0,0,3.210711004056322e-37,3.210711004056322e-37,engine=zero aborted=[] plan_secs=0.000442,"{""n"": 24, ""gates"": 163, ""g2"": 12, ""g3"": 0, ""depth2"": 1, ""t_count"": 64, ""rotations"": 64, ""d"": 20, ""dense_l"": 22.5646, ""redundant"": 44, ""obs_zero"": true, ""frame_l"": 7.3487, ""chi_bits"": 1, ""mps_l"": 7.9484, ""hsf_k"": 0, ""hsf_na"": 12, ""hsf_nb"": 12, ""hsf_l"": 24.0563, ""sup"": 22, ""chi_bits0"": 1, ""mps_l0"": 7.9484, ""hsf_keff"": 0, ""hsf_l0"": 24.0563, ""sparse_l"": 29.3487, ""sv_l"": 31.3487, ""feat_secs"": 0.002515, ""feat_secs_frame"": 0.000157, ""feat_secs_hsf"": 0.002279}"
ct,"ct:n=24,L=2,t=2,nn=1",1,"{""n"": 24.0, ""L"": 2.0, ""t"": 2.0, ""nn"": 1.0}",planx,ok,0.00019,0.0044,2211840,0.0,0,0.0,0.0,engine=cstate aborted=[] plan_secs=0.000141,"{""n"": 24, ""gates"": 69, ""g2"": 23, ""g3"": 0, ""depth2"": 2, ""t_count"": 2, ""rotations"": 2, ""d"": 2, ""dense_l"": 2.585, ""redundant"": 0, ""obs_zero"": true, ""frame_l"": 6.1085, ""chi_bits"": 1, ""mps_l"": 8.2095, ""hsf_k"": 1, ""hsf_na"": 12, ""hsf_nb"": 12, ""hsf_l"": 25.0241, ""sup"": 17, ""chi_bits0"": 1, ""mps_l0"": 8.2095, ""hsf_keff"": 1, ""hsf_l0"": 25.0241, ""sparse_l"": 23.1085, ""sv_l"": 30.1085, ""feat_secs"": 0.004659, ""feat_secs_frame"": 9.3e-05, ""feat_secs_hsf"": 0.004528}"
ct,"ct:n=24,L=2,t=2,nn=1",1,"{""n"": 24.0, ""L"": 2.0, ""t"": 2.0, ""nn"": 1.0}",planp,ok,0.000182,0.0058,2211840,0.0,0,0.0,0.0,engine=cstate aborted=[] plan_secs=0.000139,"{""n"": 24, ""gates"": 69, ""g2"": 23, ""g3"": 0, ""depth2"": 2, ""t_count"": 2, ""rotations"": 2, ""d"": 2, ""dense_l"": 2.585, ""redundant"": 0, ""obs_zero"": true, ""frame_l"": 6.1085, ""chi_bits"": 1, ""mps_l"": 8.2095, ""hsf_k"": 1, ""hsf_na"": 12, ""hsf_nb"": 12, ""hsf_l"": 25.0241, ""sup"": 17, ""chi_bits0"": 1, ""mps_l0"": 8.2095, ""hsf_keff"": 1, ""hsf_l0"": 25.0241, ""sparse_l"": 23.1085, ""sv_l"": 30.1085, ""feat_secs"": 0.004659, ""feat_secs_frame"": 9.3e-05, ""feat_secs_hsf"": 0.004528}"
ct,"ct:n=24,L=2,t=2,nn=1",1,"{""n"": 24.0, ""L"": 2.0, ""t"": 2.0, ""nn"": 1.0}",plan,ok,0.000145,0.0043,2195456,0.0,0,0.0,0.0,engine=zero aborted=[] plan_secs=0.000139,"{""n"": 24, ""gates"": 69, ""g2"": 23, ""g3"": 0, ""depth2"": 2, ""t_count"": 2, ""rotations"": 2, ""d"": 2, ""dense_l"": 2.585, ""redundant"": 0, ""obs_zero"": true, ""frame_l"": 6.1085, ""chi_bits"": 1, ""mps_l"": 8.2095, ""hsf_k"": 1, ""hsf_na"": 12, ""hsf_nb"": 12, ""hsf_l"": 25.0241, ""sup"": 17, ""chi_bits0"": 1, ""mps_l0"": 8.2095, ""hsf_keff"": 1, ""hsf_l0"": 25.0241, ""sparse_l"": 23.1085, ""sv_l"": 30.1085, ""feat_secs"": 0.004659, ""feat_secs_frame"": 9.3e-05, ""feat_secs_hsf"": 0.004528}"
ct,"ct:n=24,L=2,t=8,nn=1",1,"{""n"": 24.0, ""L"": 2.0, ""t"": 8.0, ""nn"": 1.0}",planx,ok,0.000206,0.0044,2211840,0.0,0,0.0,0.0,engine=cstate aborted=[] plan_secs=0.000152,"{""n"": 24, ""gates"": 83, ""g2"": 23, ""g3"": 0, ""depth2"": 2, ""t_count"": 8, ""rotations"": 8, ""d"": 3, ""dense_l"": 4.9542, ""redundant"": 5, ""obs_zero"": true, ""frame_l"": 6.375, ""chi_bits"": 1, ""mps_l"": 8.3576, ""hsf_k"": 1, ""hsf_na"": 12, ""hsf_nb"": 12, ""hsf_l"": 25.0289, ""sup"": 19, ""chi_bits0"": 1, ""mps_l0"": 8.3576, ""hsf_keff"": 1, ""hsf_l0"": 25.0289, ""sparse_l"": 25.375, ""sv_l"": 30.375, ""feat_secs"": 0.005045, ""feat_secs_frame"": 0.000105, ""feat_secs_hsf"": 0.004895}"
ct,"ct:n=24,L=2,t=8,nn=1",1,"{""n"": 24.0, ""L"": 2.0, ""t"": 8.0, ""nn"": 1.0}",planp,ok,0.000199,0.0044,2211840,0.0,0,0.0,0.0,engine=cstate aborted=[] plan_secs=0.000151,"{""n"": 24, ""gates"": 83, ""g2"": 23, ""g3"": 0, ""depth2"": 2, ""t_count"": 8, ""rotations"": 8, ""d"": 3, ""dense_l"": 4.9542, ""redundant"": 5, ""obs_zero"": true, ""frame_l"": 6.375, ""chi_bits"": 1, ""mps_l"": 8.3576, ""hsf_k"": 1, ""hsf_na"": 12, ""hsf_nb"": 12, ""hsf_l"": 25.0289, ""sup"": 19, ""chi_bits0"": 1, ""mps_l0"": 8.3576, ""hsf_keff"": 1, ""hsf_l0"": 25.0289, ""sparse_l"": 25.375, ""sv_l"": 30.375, ""feat_secs"": 0.005045, ""feat_secs_frame"": 0.000105, ""feat_secs_hsf"": 0.004895}"
ct,"ct:n=24,L=2,t=8,nn=1",1,"{""n"": 24.0, ""L"": 2.0, ""t"": 8.0, ""nn"": 1.0}",plan,ok,0.000157,0.0043,2211840,0.0,0,0.0,0.0,engine=zero aborted=[] plan_secs=0.000152,"{""n"": 24, ""gates"": 83, ""g2"": 23, ""g3"": 0, ""depth2"": 2, ""t_count"": 8, ""rotations"": 8, ""d"": 3, ""dense_l"": 4.9542, ""redundant"": 5, ""obs_zero"": true, ""frame_l"": 6.375, ""chi_bits"": 1, ""mps_l"": 8.3576, ""hsf_k"": 1, ""hsf_na"": 12, ""hsf_nb"": 12, ""hsf_l"": 25.0289, ""sup"": 19, ""chi_bits0"": 1, ""mps_l0"": 8.3576, ""hsf_keff"": 1, ""hsf_l0"": 25.0289, ""sparse_l"": 25.375, ""sv_l"": 30.375, ""feat_secs"": 0.005045, ""feat_secs_frame"": 0.000105, ""feat_secs_hsf"": 0.004895}"
ct,"ct:n=24,L=2,t=16,nn=1",1,"{""n"": 24.0, ""L"": 2.0, ""t"": 16.0, ""nn"": 1.0}",planx,ok,0.000224,0.0063,2228224,0.0,0,0.0,0.0,engine=cstate aborted=[] plan_secs=0.000168,"{""n"": 24, ""gates"": 98, ""g2"": 23, ""g3"": 0, ""depth2"": 2, ""t_count"": 16, ""rotations"": 16, ""d"": 6, ""dense_l"": 7.9887, ""redundant"": 10, ""obs_zero"": true, ""frame_l"": 6.6147, ""chi_bits"": 1, ""mps_l"": 8.5546, ""hsf_k"": 1, ""hsf_na"": 12, ""hsf_nb"": 12, ""hsf_l"": 25.0341, ""sup"": 22, ""chi_bits0"": 1, ""mps_l0"": 8.5546, ""hsf_keff"": 1, ""hsf_l0"": 25.0341, ""sparse_l"": 28.6147, ""sv_l"": 30.6147, ""feat_secs"": 0.004726, ""feat_secs_frame"": 0.000109, ""feat_secs_hsf"": 0.00457}"
ct,"ct:n=24,L=2,t=16,nn=1",1,"{""n"": 24.0, ""L"": 2.0, ""t"": 16.0, ""nn"": 1.0}",planp,ok,0.000225,0.0065,2211840,0.0,0,0.0,0.0,engine=cstate aborted=[] plan_secs=0.000168,"{""n"": 24, ""gates"": 98, ""g2"": 23, ""g3"": 0, ""depth2"": 2, ""t_count"": 16, ""rotations"": 16, ""d"": 6, ""dense_l"": 7.9887, ""redundant"": 10, ""obs_zero"": true, ""frame_l"": 6.6147, ""chi_bits"": 1, ""mps_l"": 8.5546, ""hsf_k"": 1, ""hsf_na"": 12, ""hsf_nb"": 12, ""hsf_l"": 25.0341, ""sup"": 22, ""chi_bits0"": 1, ""mps_l0"": 8.5546, ""hsf_keff"": 1, ""hsf_l0"": 25.0341, ""sparse_l"": 28.6147, ""sv_l"": 30.6147, ""feat_secs"": 0.004726, ""feat_secs_frame"": 0.000109, ""feat_secs_hsf"": 0.00457}"
ct,"ct:n=24,L=2,t=16,nn=1",1,"{""n"": 24.0, ""L"": 2.0, ""t"": 16.0, ""nn"": 1.0}",plan,ok,0.000175,0.0045,2195456,0.0,0,0.0,0.0,engine=zero aborted=[] plan_secs=0.000169,"{""n"": 24, ""gates"": 98, ""g2"": 23, ""g3"": 0, ""depth2"": 2, ""t_count"": 16, ""rotations"": 16, ""d"": 6, ""dense_l"": 7.9887, ""redundant"": 10, ""obs_zero"": true, ""frame_l"": 6.6147, ""chi_bits"": 1, ""mps_l"": 8.5546, ""hsf_k"": 1, ""hsf_na"": 12, ""hsf_nb"": 12, ""hsf_l"": 25.0341, ""sup"": 22, ""chi_bits0"": 1, ""mps_l0"": 8.5546, ""hsf_keff"": 1, ""hsf_l0"": 25.0341, ""sparse_l"": 28.6147, ""sv_l"": 30.6147, ""feat_secs"": 0.004726, ""feat_secs_frame"": 0.000109, ""feat_secs_hsf"": 0.00457}"
ct,"ct:n=24,L=2,t=32,nn=1",1,"{""n"": 24.0, ""L"": 2.0, ""t"": 32.0, ""nn"": 1.0}",planx,ok,0.000652,0.0067,3555328,0.0,0,0.0,0.0,engine=cstate aborted=[] plan_secs=0.000197,"{""n"": 24, ""gates"": 134, ""g2"": 23, ""g3"": 0, ""depth2"": 2, ""t_count"": 32, ""rotations"": 32, ""d"": 16, ""dense_l"": 17.2765, ""redundant"": 16, ""obs_zero"": true, ""frame_l"": 7.0661, ""chi_bits"": 1, ""mps_l"": 8.8642, ""hsf_k"": 1, ""hsf_na"": 12, ""hsf_nb"": 12, ""hsf_l"": 25.0464, ""sup"": 24, ""chi_bits0"": 1, ""mps_l0"": 8.8642, ""hsf_keff"": 1, ""hsf_l0"": 25.0464, ""sparse_l"": 31.0661, ""sv_l"": 31.0661, ""feat_secs"": 0.005291, ""feat_secs_frame"": 0.000139, ""feat_secs_hsf"": 0.005083}"
ct,"ct:n=24,L=2,t=32,nn=1",1,"{""n"": 24.0, ""L"": 2.0, ""t"": 32.0, ""nn"": 1.0}",planp,ok,0.000711,0.0045,3555328,0.0,0,0.0,0.0,engine=cstate aborted=[] plan_secs=0.000224,"{""n"": 24, ""gates"": 134, ""g2"": 23, ""g3"": 0, ""depth2"": 2, ""t_count"": 32, ""rotations"": 32, ""d"": 16, ""dense_l"": 17.2765, ""redundant"": 16, ""obs_zero"": true, ""frame_l"": 7.0661, ""chi_bits"": 1, ""mps_l"": 8.8642, ""hsf_k"": 1, ""hsf_na"": 12, ""hsf_nb"": 12, ""hsf_l"": 25.0464, ""sup"": 24, ""chi_bits0"": 1, ""mps_l0"": 8.8642, ""hsf_keff"": 1, ""hsf_l0"": 25.0464, ""sparse_l"": 31.0661, ""sv_l"": 31.0661, ""feat_secs"": 0.005291, ""feat_secs_frame"": 0.000139, ""feat_secs_hsf"": 0.005083}"
ct,"ct:n=24,L=2,t=32,nn=1",1,"{""n"": 24.0, ""L"": 2.0, ""t"": 32.0, ""nn"": 1.0}",plan,ok,0.000203,0.0043,2244608,0.0,0,0.0,0.0,engine=zero aborted=[] plan_secs=0.000197,"{""n"": 24, ""gates"": 134, ""g2"": 23, ""g3"": 0, ""depth2"": 2, ""t_count"": 32, ""rotations"": 32, ""d"": 16, ""dense_l"": 17.2765, ""redundant"": 16, ""obs_zero"": true, ""frame_l"": 7.0661, ""chi_bits"": 1, ""mps_l"": 8.8642, ""hsf_k"": 1, ""hsf_na"": 12, ""hsf_nb"": 12, ""hsf_l"": 25.0464, ""sup"": 24, ""chi_bits0"": 1, ""mps_l0"": 8.8642, ""hsf_keff"": 1, ""hsf_l0"": 25.0464, ""sparse_l"": 31.0661, ""sv_l"": 31.0661, ""feat_secs"": 0.005291, ""feat_secs_frame"": 0.000139, ""feat_secs_hsf"": 0.005083}"
ct,"ct:n=24,L=2,t=64,nn=1",1,"{""n"": 24.0, ""L"": 2.0, ""t"": 64.0, ""nn"": 1.0}",planx,ok,0.000583,0.0063,2818048,0.0,0,0.0,0.0,engine=mps aborted=[] plan_secs=0.000384,"{""n"": 24, ""gates"": 197, ""g2"": 23, ""g3"": 0, ""depth2"": 2, ""t_count"": 64, ""rotations"": 64, ""d"": 23, ""dense_l"": 25.6263, ""redundant"": 41, ""obs_zero"": false, ""frame_l"": 26.5, ""chi_bits"": 1, ""mps_l"": 9.1874, ""hsf_k"": 1, ""hsf_na"": 12, ""hsf_nb"": 12, ""hsf_l"": 25.0678, ""sup"": 24, ""chi_bits0"": 1, ""mps_l0"": 9.1874, ""hsf_keff"": 1, ""hsf_l0"": 25.0678, ""sparse_l"": 31.6221, ""sv_l"": 31.6221, ""feat_secs"": 0.004813, ""feat_secs_frame"": 0.000172, ""feat_secs_hsf"": 0.004557}"
ct,"ct:n=24,L=2,t=64,nn=1",1,"{""n"": 24.0, ""L"": 2.0, ""t"": 64.0, ""nn"": 1.0}",planp,ok,0.000565,0.0062,2883584,0.0,0,0.0,0.0,engine=mps aborted=[] plan_secs=0.000384,"{""n"": 24, ""gates"": 197, ""g2"": 23, ""g3"": 0, ""depth2"": 2, ""t_count"": 64, ""rotations"": 64, ""d"": 23, ""dense_l"": 25.6263, ""redundant"": 41, ""obs_zero"": false, ""frame_l"": 26.5, ""chi_bits"": 1, ""mps_l"": 9.1874, ""hsf_k"": 1, ""hsf_na"": 12, ""hsf_nb"": 12, ""hsf_l"": 25.0678, ""sup"": 24, ""chi_bits0"": 1, ""mps_l0"": 9.1874, ""hsf_keff"": 1, ""hsf_l0"": 25.0678, ""sparse_l"": 31.6221, ""sv_l"": 31.6221, ""feat_secs"": 0.004813, ""feat_secs_frame"": 0.000172, ""feat_secs_hsf"": 0.004557}"
ct,"ct:n=24,L=2,t=64,nn=1",1,"{""n"": 24.0, ""L"": 2.0, ""t"": 64.0, ""nn"": 1.0}",plan,ok,0.000564,0.0067,2899968,0.0,0,0.0,0.0,engine=mps aborted=[] plan_secs=0.000377,"{""n"": 24, ""gates"": 197, ""g2"": 23, ""g3"": 0, ""depth2"": 2, ""t_count"": 64, ""rotations"": 64, ""d"": 23, ""dense_l"": 25.6263, ""redundant"": 41, ""obs_zero"": false, ""frame_l"": 26.5, ""chi_bits"": 1, ""mps_l"": 9.1874, ""hsf_k"": 1, ""hsf_na"": 12, ""hsf_nb"": 12, ""hsf_l"": 25.0678, ""sup"": 24, ""chi_bits0"": 1, ""mps_l0"": 9.1874, ""hsf_keff"": 1, ""hsf_l0"": 25.0678, ""sparse_l"": 31.6221, ""sv_l"": 31.6221, ""feat_secs"": 0.004813, ""feat_secs_frame"": 0.000172, ""feat_secs_hsf"": 0.004557}"
ct,"ct:n=24,L=4,t=2,nn=1",1,"{""n"": 24.0, ""L"": 4.0, ""t"": 2.0, ""nn"": 1.0}",planx,ok,0.000325,0.0045,2228224,0.0,0,0.0,0.0,engine=cstate aborted=[] plan_secs=0.000246,"{""n"": 24, ""gates"": 142, ""g2"": 46, ""g3"": 0, ""depth2"": 4, ""t_count"": 2, ""rotations"": 2, ""d"": 2, ""dense_l"": 2.585, ""redundant"": 0, ""obs_zero"": true, ""frame_l"": 7.1497, ""chi_bits"": 2, ""mps_l"": 11.0821, ""hsf_k"": 2, ""hsf_na"": 12, ""hsf_nb"": 12, ""hsf_l"": 26.0492, ""sup"": 24, ""chi_bits0"": 2, ""mps_l0"": 11.0821, ""hsf_keff"": 2, ""hsf_l0"": 26.0492, ""sparse_l"": 31.1497, ""sv_l"": 31.1497, ""feat_secs"": 0.00481, ""feat_secs_frame"": 0.000156, ""feat_secs_hsf"": 0.004595}"
ct,"ct:n=24,L=4,t=2,nn=1",1,"{""n"": 24.0, ""L"": 4.0, ""t"": 2.0, ""nn"": 1.0}",planp,ok,0.000339,0.0043,2228224,0.0,0,0.0,0.0,engine=cstate aborted=[] plan_secs=0.000264,"{""n"": 24, ""gates"": 142, ""g2"": 46, ""g3"": 0, ""depth2"": 4, ""t_count"": 2, ""rotations"": 2, ""d"": 2, ""dense_l"": 2.585, ""redundant"": 0, ""obs_zero"": true, ""frame_l"": 7.1497, ""chi_bits"": 2, ""mps_l"": 11.0821, ""hsf_k"": 2, ""hsf_na"": 12, ""hsf_nb"": 12, ""hsf_l"": 26.0492, ""sup"": 24, ""chi_bits0"": 2, ""mps_l0"": 11.0821, ""hsf_keff"": 2, ""hsf_l0"": 26.0492, ""sparse_l"": 31.1497, ""sv_l"": 31.1497, ""feat_secs"": 0.00481, ""feat_secs_frame"": 0.000156, ""feat_secs_hsf"": 0.004595}"
ct,"ct:n=24,L=4,t=2,nn=1",1,"{""n"": 24.0, ""L"": 4.0, ""t"": 2.0, ""nn"": 1.0}",plan,ok,0.000263,0.0065,2228224,0.0,0,0.0,0.0,engine=zero aborted=[] plan_secs=0.000256,"{""n"": 24, ""gates"": 142, ""g2"": 46, ""g3"": 0, ""depth2"": 4, ""t_count"": 2, ""rotations"": 2, ""d"": 2, ""dense_l"": 2.585, ""redundant"": 0, ""obs_zero"": true, ""frame_l"": 7.1497, ""chi_bits"": 2, ""mps_l"": 11.0821, ""hsf_k"": 2, ""hsf_na"": 12, ""hsf_nb"": 12, ""hsf_l"": 26.0492, ""sup"": 24, ""chi_bits0"": 2, ""mps_l0"": 11.0821, ""hsf_keff"": 2, ""hsf_l0"": 26.0492, ""sparse_l"": 31.1497, ""sv_l"": 31.1497, ""feat_secs"": 0.00481, ""feat_secs_frame"": 0.000156, ""feat_secs_hsf"": 0.004595}"
ct,"ct:n=24,L=4,t=8,nn=1",1,"{""n"": 24.0, ""L"": 4.0, ""t"": 8.0, ""nn"": 1.0}",planx,ok,0.000312,0.0070,2244608,0.0,0,0.0,0.0,engine=cstate aborted=[] plan_secs=0.000229,"{""n"": 24, ""gates"": 158, ""g2"": 46, ""g3"": 0, ""depth2"": 4, ""t_count"": 8, ""rotations"": 8, ""d"": 6, ""dense_l"": 7.6294, ""redundant"": 2, ""obs_zero"": true, ""frame_l"": 7.3038, ""chi_bits"": 2, ""mps_l"": 11.1241, ""hsf_k"": 2, ""hsf_na"": 12, ""hsf_nb"": 12, ""hsf_l"": 26.0546, ""sup"": 24, ""chi_bits0"": 2, ""mps_l0"": 11.1241, ""hsf_keff"": 2, ""hsf_l0"": 26.0546, ""sparse_l"": 31.3038, ""sv_l"": 31.3038, ""feat_secs"": 0.004768, ""feat_secs_frame"": 0.000163, ""feat_secs_hsf"": 0.004537}"
ct,"ct:n=24,L=4,t=8,nn=1",1,"{""n"": 24.0, ""L"": 4.0, ""t"": 8.0, ""nn"": 1.0}",planp,ok,0.000318,0.0059,2260992,0.0,0,0.0,0.0,engine=cstate aborted=[] plan_secs=0.000236,"{""n"": 24, ""gates"": 158, ""g2"": 46, ""g3"": 0, ""depth2"": 4, ""t_count"": 8, ""rotations"": 8, ""d"": 6, ""dense_l"": 7.6294, ""redundant"": 2, ""obs_zero"": true, ""frame_l"": 7.3038, ""chi_bits"": 2, ""mps_l"": 11.1241, ""hsf_k"": 2, ""hsf_na"": 12, ""hsf_nb"": 12, ""hsf_l"": 26.0546, ""sup"": 24, ""chi_bits0"": 2, ""mps_l0"": 11.1241, ""hsf_keff"": 2, ""hsf_l0"": 26.0546, ""sparse_l"": 31.3038, ""sv_l"": 31.3038, ""feat_secs"": 0.004768, ""feat_secs_frame"": 0.000163, ""feat_secs_hsf"": 0.004537}"
ct,"ct:n=24,L=4,t=8,nn=1",1,"{""n"": 24.0, ""L"": 4.0, ""t"": 8.0, ""nn"": 1.0}",plan,ok,0.000262,0.0044,2211840,0.0,0,0.0,0.0,engine=zero aborted=[] plan_secs=0.000250,"{""n"": 24, ""gates"": 158, ""g2"": 46, ""g3"": 0, ""depth2"": 4, ""t_count"": 8, ""rotations"": 8, ""d"": 6, ""dense_l"": 7.6294, ""redundant"": 2, ""obs_zero"": true, ""frame_l"": 7.3038, ""chi_bits"": 2, ""mps_l"": 11.1241, ""hsf_k"": 2, ""hsf_na"": 12, ""hsf_nb"": 12, ""hsf_l"": 26.0546, ""sup"": 24, ""chi_bits0"": 2, ""mps_l0"": 11.1241, ""hsf_keff"": 2, ""hsf_l0"": 26.0546, ""sparse_l"": 31.3038, ""sv_l"": 31.3038, ""feat_secs"": 0.004768, ""feat_secs_frame"": 0.000163, ""feat_secs_hsf"": 0.004537}"
ct,"ct:n=24,L=4,t=16,nn=1",1,"{""n"": 24.0, ""L"": 4.0, ""t"": 16.0, ""nn"": 1.0}",planx,ok,0.000348,0.0066,2260992,0.0,0,0.0,0.0,engine=cstate aborted=[] plan_secs=0.000258,"{""n"": 24, ""gates"": 175, ""g2"": 46, ""g3"": 0, ""depth2"": 4, ""t_count"": 16, ""rotations"": 16, ""d"": 9, ""dense_l"": 11.4691, ""redundant"": 7, ""obs_zero"": true, ""frame_l"": 7.4512, ""chi_bits"": 2, ""mps_l"": 11.2479, ""hsf_k"": 2, ""hsf_na"": 12, ""hsf_nb"": 12, ""hsf_l"": 25.0604, ""sup"": 23, ""chi_bits0"": 2, ""mps_l0"": 11.2479, ""hsf_keff"": 1, ""hsf_l0"": 26.0604, ""sparse_l"": 30.4512, ""sv_l"": 31.4512, ""feat_secs"": 0.004853, ""feat_secs_frame"": 0.000169, ""feat_secs_hsf"": 0.004609}"
ct,"ct:n=24,L=4,t=16,nn=1",1,"{""n"": 24.0, ""L"": 4.0, ""t"": 16.0, ""nn"": 1.0}",planp,ok,0.000348,0.0062,2277376,0.0,0,0.0,0.0,engine=cstate aborted=[] plan_secs=0.000257,"{""n"": 24, ""gates"": 175, ""g2"": 46, ""g3"": 0, ""depth2"": 4, ""t_count"": 16, ""rotations"": 16, ""d"": 9, ""dense_l"": 11.4691, ""redundant"": 7, ""obs_zero"": true, ""frame_l"": 7.4512, ""chi_bits"": 2, ""mps_l"": 11.2479, ""hsf_k"": 2, ""hsf_na"": 12, ""hsf_nb"": 12, ""hsf_l"": 25.0604, ""sup"": 23, ""chi_bits0"": 2, ""mps_l0"": 11.2479, ""hsf_keff"": 1, ""hsf_l0"": 26.0604, ""sparse_l"": 30.4512, ""sv_l"": 31.4512, ""feat_secs"": 0.004853, ""feat_secs_frame"": 0.000169, ""feat_secs_hsf"": 0.004609}"
ct,"ct:n=24,L=4,t=16,nn=1",1,"{""n"": 24.0, ""L"": 4.0, ""t"": 16.0, ""nn"": 1.0}",plan,ok,0.000279,0.0073,2244608,0.0,0,0.0,0.0,engine=zero aborted=[] plan_secs=0.000270,"{""n"": 24, ""gates"": 175, ""g2"": 46, ""g3"": 0, ""depth2"": 4, ""t_count"": 16, ""rotations"": 16, ""d"": 9, ""dense_l"": 11.4691, ""redundant"": 7, ""obs_zero"": true, ""frame_l"": 7.4512, ""chi_bits"": 2, ""mps_l"": 11.2479, ""hsf_k"": 2, ""hsf_na"": 12, ""hsf_nb"": 12, ""hsf_l"": 25.0604, ""sup"": 23, ""chi_bits0"": 2, ""mps_l0"": 11.2479, ""hsf_keff"": 1, ""hsf_l0"": 26.0604, ""sparse_l"": 30.4512, ""sv_l"": 31.4512, ""feat_secs"": 0.004853, ""feat_secs_frame"": 0.000169, ""feat_secs_hsf"": 0.004609}"
ct,"ct:n=24,L=4,t=32,nn=1",1,"{""n"": 24.0, ""L"": 4.0, ""t"": 32.0, ""nn"": 1.0}",planx,ok,0.000804,0.0074,2867200,2.014132648119059e-49,0,2.014132648119059e-49,0.0,engine=mps aborted=[] plan_secs=0.000513,"{""n"": 24, ""gates"": 208, ""g2"": 46, ""g3"": 0, ""depth2"": 4, ""t_count"": 32, ""rotations"": 32, ""d"": 19, ""dense_l"": 20.4793, ""redundant"": 13, ""obs_zero"": true, ""frame_l"": 7.7004, ""chi_bits"": 2, ""mps_l"": 11.29, ""hsf_k"": 2, ""hsf_na"": 12, ""hsf_nb"": 12, ""hsf_l"": 26.0715, ""sup"": 24, ""chi_bits0"": 2, ""mps_l0"": 11.29, ""hsf_keff"": 2, ""hsf_l0"": 26.0715, ""sparse_l"": 31.7004, ""sv_l"": 31.7004, ""feat_secs"": 0.004968, ""feat_secs_frame"": 0.000203, ""feat_secs_hsf"": 0.004668}"
ct,"ct:n=24,L=4,t=32,nn=1",1,"{""n"": 24.0, ""L"": 4.0, ""t"": 32.0, ""nn"": 1.0}",planp,ok,0.00079,0.0070,2932736,2.014132648119059e-49,0,2.014132648119059e-49,0.0,engine=mps aborted=[] plan_secs=0.000508,"{""n"": 24, ""gates"": 208, ""g2"": 46, ""g3"": 0, ""depth2"": 4, ""t_count"": 32, ""rotations"": 32, ""d"": 19, ""dense_l"": 20.4793, ""redundant"": 13, ""obs_zero"": true, ""frame_l"": 7.7004, ""chi_bits"": 2, ""mps_l"": 11.29, ""hsf_k"": 2, ""hsf_na"": 12, ""hsf_nb"": 12, ""hsf_l"": 26.0715, ""sup"": 24, ""chi_bits0"": 2, ""mps_l0"": 11.29, ""hsf_keff"": 2, ""hsf_l0"": 26.0715, ""sparse_l"": 31.7004, ""sv_l"": 31.7004, ""feat_secs"": 0.004968, ""feat_secs_frame"": 0.000203, ""feat_secs_hsf"": 0.004668}"
ct,"ct:n=24,L=4,t=32,nn=1",1,"{""n"": 24.0, ""L"": 4.0, ""t"": 32.0, ""nn"": 1.0}",plan,ok,0.000473,0.0044,2392064,0.0,0,2.014132648119059e-49,2.014132648119059e-49,engine=zero aborted=[] plan_secs=0.000467,"{""n"": 24, ""gates"": 208, ""g2"": 46, ""g3"": 0, ""depth2"": 4, ""t_count"": 32, ""rotations"": 32, ""d"": 19, ""dense_l"": 20.4793, ""redundant"": 13, ""obs_zero"": true, ""frame_l"": 7.7004, ""chi_bits"": 2, ""mps_l"": 11.29, ""hsf_k"": 2, ""hsf_na"": 12, ""hsf_nb"": 12, ""hsf_l"": 26.0715, ""sup"": 24, ""chi_bits0"": 2, ""mps_l0"": 11.29, ""hsf_keff"": 2, ""hsf_l0"": 26.0715, ""sparse_l"": 31.7004, ""sv_l"": 31.7004, ""feat_secs"": 0.004968, ""feat_secs_frame"": 0.000203, ""feat_secs_hsf"": 0.004668}"
ct,"ct:n=24,L=4,t=64,nn=1",1,"{""n"": 24.0, ""L"": 4.0, ""t"": 64.0, ""nn"": 1.0}",planx,ok,0.000862,0.0044,3014656,-3.271869486461106e-19,0,-3.271869486461106e-19,0.0,engine=mps aborted=[] plan_secs=0.000540,"{""n"": 24, ""gates"": 269, ""g2"": 46, ""g3"": 0, ""depth2"": 4, ""t_count"": 64, ""rotations"": 64, ""d"": 23, ""dense_l"": 26.5266, ""redundant"": 41, ""obs_zero"": false, ""frame_l"": 26.5, ""chi_bits"": 2, ""mps_l"": 11.432, ""hsf_k"": 2, ""hsf_na"": 12, ""hsf_nb"": 12, ""hsf_l"": 26.0918, ""sup"": 24, ""chi_bits0"": 2, ""mps_l0"": 11.432, ""hsf_keff"": 2, ""hsf_l0"": 26.0918, ""sparse_l"": 32.0715, ""sv_l"": 32.0715, ""feat_secs"": 0.004938, ""feat_secs_frame"": 0.000229, ""feat_secs_hsf"": 0.004601}"
ct,"ct:n=24,L=4,t=64,nn=1",1,"{""n"": 24.0, ""L"": 4.0, ""t"": 64.0, ""nn"": 1.0}",planp,ok,0.000887,0.0066,2916352,-3.271869486461106e-19,0,-3.271869486461106e-19,0.0,engine=mps aborted=[] plan_secs=0.000577,"{""n"": 24, ""gates"": 269, ""g2"": 46, ""g3"": 0, ""depth2"": 4, ""t_count"": 64, ""rotations"": 64, ""d"": 23, ""dense_l"": 26.5266, ""redundant"": 41, ""obs_zero"": false, ""frame_l"": 26.5, ""chi_bits"": 2, ""mps_l"": 11.432, ""hsf_k"": 2, ""hsf_na"": 12, ""hsf_nb"": 12, ""hsf_l"": 26.0918, ""sup"": 24, ""chi_bits0"": 2, ""mps_l0"": 11.432, ""hsf_keff"": 2, ""hsf_l0"": 26.0918, ""sparse_l"": 32.0715, ""sv_l"": 32.0715, ""feat_secs"": 0.004938, ""feat_secs_frame"": 0.000229, ""feat_secs_hsf"": 0.004601}"
ct,"ct:n=24,L=4,t=64,nn=1",1,"{""n"": 24.0, ""L"": 4.0, ""t"": 64.0, ""nn"": 1.0}",plan,ok,0.000831,0.0075,2899968,-3.271869486461106e-19,0,-3.271869486461106e-19,0.0,engine=mps aborted=[] plan_secs=0.000524,"{""n"": 24, ""gates"": 269, ""g2"": 46, ""g3"": 0, ""depth2"": 4, ""t_count"": 64, ""rotations"": 64, ""d"": 23, ""dense_l"": 26.5266, ""redundant"": 41, ""obs_zero"": false, ""frame_l"": 26.5, ""chi_bits"": 2, ""mps_l"": 11.432, ""hsf_k"": 2, ""hsf_na"": 12, ""hsf_nb"": 12, ""hsf_l"": 26.0918, ""sup"": 24, ""chi_bits0"": 2, ""mps_l0"": 11.432, ""hsf_keff"": 2, ""hsf_l0"": 26.0918, ""sparse_l"": 32.0715, ""sv_l"": 32.0715, ""feat_secs"": 0.004938, ""feat_secs_frame"": 0.000229, ""feat_secs_hsf"": 0.004601}"
ct,"ct:n=24,L=8,t=2,nn=1",1,"{""n"": 24.0, ""L"": 8.0, ""t"": 2.0, ""nn"": 1.0}",planx,ok,0.000522,0.0042,2326528,0.0,0,0.0,0.0,engine=cstate aborted=[] plan_secs=0.000388,"{""n"": 24, ""gates"": 286, ""g2"": 92, ""g3"": 0, ""depth2"": 8, ""t_count"": 2, ""rotations"": 2, ""d"": 2, ""dense_l"": 2.585, ""redundant"": 0, ""obs_zero"": true, ""frame_l"": 8.1599, ""chi_bits"": 4, ""mps_l"": 16.4731, ""hsf_k"": 4, ""hsf_na"": 12, ""hsf_nb"": 12, ""hsf_l"": 27.0974, ""sup"": 24, ""chi_bits0"": 4, ""mps_l0"": 16.4731, ""hsf_keff"": 3, ""hsf_l0"": 28.0974, ""sparse_l"": 32.1599, ""sv_l"": 32.1599, ""feat_secs"": 0.00495, ""feat_secs_frame"": 0.000272, ""feat_secs_hsf"": 0.004573}"
ct,"ct:n=24,L=8,t=2,nn=1",1,"{""n"": 24.0, ""L"": 8.0, ""t"": 2.0, ""nn"": 1.0}",planp,ok,0.000508,0.0044,2310144,0.0,0,0.0,0.0,engine=cstate aborted=[] plan_secs=0.000376,"{""n"": 24, ""gates"": 286, ""g2"": 92, ""g3"": 0, ""depth2"": 8, ""t_count"": 2, ""rotations"": 2, ""d"": 2, ""dense_l"": 2.585, ""redundant"": 0, ""obs_zero"": true, ""frame_l"": 8.1599, ""chi_bits"": 4, ""mps_l"": 16.4731, ""hsf_k"": 4, ""hsf_na"": 12, ""hsf_nb"": 12, ""hsf_l"": 27.0974, ""sup"": 24, ""chi_bits0"": 4, ""mps_l0"": 16.4731, ""hsf_keff"": 3, ""hsf_l0"": 28.0974, ""sparse_l"": 32.1599, ""sv_l"": 32.1599, ""feat_secs"": 0.00495, ""feat_secs_frame"": 0.000272, ""feat_secs_hsf"": 0.004573}"
ct,"ct:n=24,L=8,t=2,nn=1",1,"{""n"": 24.0, ""L"": 8.0, ""t"": 2.0, ""nn"": 1.0}",plan,ok,0.000385,0.0041,2310144,0.0,0,0.0,0.0,engine=zero aborted=[] plan_secs=0.000380,"{""n"": 24, ""gates"": 286, ""g2"": 92, ""g3"": 0, ""depth2"": 8, ""t_count"": 2, ""rotations"": 2, ""d"": 2, ""dense_l"": 2.585, ""redundant"": 0, ""obs_zero"": true, ""frame_l"": 8.1599, ""chi_bits"": 4, ""mps_l"": 16.4731, ""hsf_k"": 4, ""hsf_na"": 12, ""hsf_nb"": 12, ""hsf_l"": 27.0974, ""sup"": 24, ""chi_bits0"": 4, ""mps_l0"": 16.4731, ""hsf_keff"": 3, ""hsf_l0"": 28.0974, ""sparse_l"": 32.1599, ""sv_l"": 32.1599, ""feat_secs"": 0.00495, ""feat_secs_frame"": 0.000272, ""feat_secs_hsf"": 0.004573}"
ct,"ct:n=24,L=8,t=8,nn=1",1,"{""n"": 24.0, ""L"": 8.0, ""t"": 8.0, ""nn"": 1.0}",planx,ok,0.00053,0.0046,2342912,0.0,0,0.0,0.0,engine=cstate aborted=[] plan_secs=0.000392,"{""n"": 24, ""gates"": 296, ""g2"": 92, ""g3"": 0, ""depth2"": 8, ""t_count"": 8, ""rotations"": 8, ""d"": 7, ""dense_l"": 7.9944, ""redundant"": 1, ""obs_zero"": true, ""frame_l"": 8.2095, ""chi_bits"": 4, ""mps_l"": 16.4688, ""hsf_k"": 4, ""hsf_na"": 12, ""hsf_nb"": 12, ""hsf_l"": 28.1007, ""sup"": 24, ""chi_bits0"": 4, ""mps_l0"": 16.4688, ""hsf_keff"": 4, ""hsf_l0"": 28.1007, ""sparse_l"": 32.2095, ""sv_l"": 32.2095, ""feat_secs"": 0.00504, ""feat_secs_frame"": 0.000277, ""feat_secs_hsf"": 0.004649}"
ct,"ct:n=24,L=8,t=8,nn=1",1,"{""n"": 24.0, ""L"": 8.0, ""t"": 8.0, ""nn"": 1.0}",planp,ok,0.000535,0.0075,2359296,0.0,0,0.0,0.0,engine=cstate aborted=[] plan_secs=0.000401,"{""n"": 24, ""gates"": 296, ""g2"": 92, ""g3"": 0, ""depth2"": 8, ""t_count"": 8, ""rotations"": 8, ""d"": 7, ""dense_l"": 7.9944, ""redundant"": 1, ""obs_zero"": true, ""frame_l"": 8.2095, ""chi_bits"": 4, ""mps_l"": 16.4688, ""hsf_k"": 4, ""hsf_na"": 12, ""hsf_nb"": 12, ""hsf_l"": 28.1007, ""sup"": 24, ""chi_bits0"": 4, ""mps_l0"": 16.4688, ""hsf_keff"": 4, ""hsf_l0"": 28.1007, ""sparse_l"": 32.2095, ""sv_l"": 32.2095, ""feat_secs"": 0.00504, ""feat_secs_frame"": 0.000277, ""feat_secs_hsf"": 0.004649}"
ct,"ct:n=24,L=8,t=8,nn=1",1,"{""n"": 24.0, ""L"": 8.0, ""t"": 8.0, ""nn"": 1.0}",plan,ok,0.000482,0.0070,2310144,0.0,0,0.0,0.0,engine=zero aborted=[] plan_secs=0.000475,"{""n"": 24, ""gates"": 296, ""g2"": 92, ""g3"": 0, ""depth2"": 8, ""t_count"": 8, ""rotations"": 8, ""d"": 7, ""dense_l"": 7.9944, ""redundant"": 1, ""obs_zero"": true, ""frame_l"": 8.2095, ""chi_bits"": 4, ""mps_l"": 16.4688, ""hsf_k"": 4, ""hsf_na"": 12, ""hsf_nb"": 12, ""hsf_l"": 28.1007, ""sup"": 24, ""chi_bits0"": 4, ""mps_l0"": 16.4688, ""hsf_keff"": 4, ""hsf_l0"": 28.1007, ""sparse_l"": 32.2095, ""sv_l"": 32.2095, ""feat_secs"": 0.00504, ""feat_secs_frame"": 0.000277, ""feat_secs_hsf"": 0.004649}"
ct,"ct:n=24,L=8,t=16,nn=1",1,"{""n"": 24.0, ""L"": 8.0, ""t"": 16.0, ""nn"": 1.0}",planx,ok,0.000605,0.0071,2424832,0.0,0,0.0,0.0,engine=cstate aborted=[] plan_secs=0.000431,"{""n"": 24, ""gates"": 303, ""g2"": 92, ""g3"": 0, ""depth2"": 8, ""t_count"": 16, ""rotations"": 16, ""d"": 12, ""dense_l"": 13.4633, ""redundant"": 4, ""obs_zero"": true, ""frame_l"": 8.2432, ""chi_bits"": 4, ""mps_l"": 16.474, ""hsf_k"": 4, ""hsf_na"": 12, ""hsf_nb"": 12, ""hsf_l"": 27.103, ""sup"": 24, ""chi_bits0"": 4, ""mps_l0"": 16.474, ""hsf_keff"": 3, ""hsf_l0"": 28.103, ""sparse_l"": 32.2432, ""sv_l"": 32.2432, ""feat_secs"": 0.005043, ""feat_secs_frame"": 0.000276, ""feat_secs_hsf"": 0.00465}"
ct,"ct:n=24,L=8,t=16,nn=1",1,"{""n"": 24.0, ""L"": 8.0, ""t"": 16.0, ""nn"": 1.0}",planp,ok,0.000568,0.0044,2424832,0.0,0,0.0,0.0,engine=cstate aborted=[] plan_secs=0.000403,"{""n"": 24, ""gates"": 303, ""g2"": 92, ""g3"": 0, ""depth2"": 8, ""t_count"": 16, ""rotations"": 16, ""d"": 12, ""dense_l"": 13.4633, ""redundant"": 4, ""obs_zero"": true, ""frame_l"": 8.2432, ""chi_bits"": 4, ""mps_l"": 16.474, ""hsf_k"": 4, ""hsf_na"": 12, ""hsf_nb"": 12, ""hsf_l"": 27.103, ""sup"": 24, ""chi_bits0"": 4, ""mps_l0"": 16.474, ""hsf_keff"": 3, ""hsf_l0"": 28.103, ""sparse_l"": 32.2432, ""sv_l"": 32.2432, ""feat_secs"": 0.005043, ""feat_secs_frame"": 0.000276, ""feat_secs_hsf"": 0.00465}"
ct,"ct:n=24,L=8,t=16,nn=1",1,"{""n"": 24.0, ""L"": 8.0, ""t"": 16.0, ""nn"": 1.0}",plan,ok,0.000451,0.0044,2326528,0.0,0,0.0,0.0,engine=zero aborted=[] plan_secs=0.000443,"{""n"": 24, ""gates"": 303, ""g2"": 92, ""g3"": 0, ""depth2"": 8, ""t_count"": 16, ""rotations"": 16, ""d"": 12, ""dense_l"": 13.4633, ""redundant"": 4, ""obs_zero"": true, ""frame_l"": 8.2432, ""chi_bits"": 4, ""mps_l"": 16.474, ""hsf_k"": 4, ""hsf_na"": 12, ""hsf_nb"": 12, ""hsf_l"": 27.103, ""sup"": 24, ""chi_bits0"": 4, ""mps_l0"": 16.474, ""hsf_keff"": 3, ""hsf_l0"": 28.103, ""sparse_l"": 32.2432, ""sv_l"": 32.2432, ""feat_secs"": 0.005043, ""feat_secs_frame"": 0.000276, ""feat_secs_hsf"": 0.00465}"
ct,"ct:n=24,L=8,t=32,nn=1",1,"{""n"": 24.0, ""L"": 8.0, ""t"": 32.0, ""nn"": 1.0}",planx,ok,0.001504,0.0066,3047424,1.298414033945855e-46,0,1.298414033945855e-46,0.0,engine=mps aborted=[] plan_secs=0.000783,"{""n"": 24, ""gates"": 350, ""g2"": 92, ""g3"": 0, ""depth2"": 8, ""t_count"": 32, ""rotations"": 32, ""d"": 21, ""dense_l"": 22.6475, ""redundant"": 11, ""obs_zero"": true, ""frame_l"": 8.4512, ""chi_bits"": 4, ""mps_l"": 16.5116, ""hsf_k"": 4, ""hsf_na"": 12, ""hsf_nb"": 12, ""hsf_l"": 28.1183, ""sup"": 24, ""chi_bits0"": 4, ""mps_l0"": 16.5116, ""hsf_keff"": 4, ""hsf_l0"": 28.1183, ""sparse_l"": 32.4512, ""sv_l"": 32.4512, ""feat_secs"": 0.005054, ""feat_secs_frame"": 0.000316, ""feat_secs_hsf"": 0.004596}"
ct,"ct:n=24,L=8,t=32,nn=1",1,"{""n"": 24.0, ""L"": 8.0, ""t"": 32.0, ""nn"": 1.0}",planp,ok,0.001491,0.0073,3047424,1.298414033945855e-46,0,1.298414033945855e-46,0.0,engine=mps aborted=[] plan_secs=0.000784,"{""n"": 24, ""gates"": 350, ""g2"": 92, ""g3"": 0, ""depth2"": 8, ""t_count"": 32, ""rotations"": 32, ""d"": 21, ""dense_l"": 22.6475, ""redundant"": 11, ""obs_zero"": true, ""frame_l"": 8.4512, ""chi_bits"": 4, ""mps_l"": 16.5116, ""hsf_k"": 4, ""hsf_na"": 12, ""hsf_nb"": 12, ""hsf_l"": 28.1183, ""sup"": 24, ""chi_bits0"": 4, ""mps_l0"": 16.5116, ""hsf_keff"": 4, ""hsf_l0"": 28.1183, ""sparse_l"": 32.4512, ""sv_l"": 32.4512, ""feat_secs"": 0.005054, ""feat_secs_frame"": 0.000316, ""feat_secs_hsf"": 0.004596}"
ct,"ct:n=24,L=8,t=32,nn=1",1,"{""n"": 24.0, ""L"": 8.0, ""t"": 32.0, ""nn"": 1.0}",plan,ok,0.000789,0.0044,2506752,0.0,0,1.298414033945855e-46,1.298414033945855e-46,engine=zero aborted=[] plan_secs=0.000783,"{""n"": 24, ""gates"": 350, ""g2"": 92, ""g3"": 0, ""depth2"": 8, ""t_count"": 32, ""rotations"": 32, ""d"": 21, ""dense_l"": 22.6475, ""redundant"": 11, ""obs_zero"": true, ""frame_l"": 8.4512, ""chi_bits"": 4, ""mps_l"": 16.5116, ""hsf_k"": 4, ""hsf_na"": 12, ""hsf_nb"": 12, ""hsf_l"": 28.1183, ""sup"": 24, ""chi_bits0"": 4, ""mps_l0"": 16.5116, ""hsf_keff"": 4, ""hsf_l0"": 28.1183, ""sparse_l"": 32.4512, ""sv_l"": 32.4512, ""feat_secs"": 0.005054, ""feat_secs_frame"": 0.000316, ""feat_secs_hsf"": 0.004596}"
ct,"ct:n=24,L=8,t=64,nn=1",1,"{""n"": 24.0, ""L"": 8.0, ""t"": 64.0, ""nn"": 1.0}",planx,ok,0.001626,0.0068,3211264,-8.255832790008566e-19,0,-8.255832790008566e-19,0.0,engine=mps aborted=[] plan_secs=0.000880,"{""n"": 24, ""gates"": 398, ""g2"": 92, ""g3"": 0, ""depth2"": 8, ""t_count"": 64, ""rotations"": 64, ""d"": 24, ""dense_l"": 27.1737, ""redundant"": 40, ""obs_zero"": false, ""frame_l"": 26.0, ""chi_bits"": 4, ""mps_l"": 16.5186, ""hsf_k"": 4, ""hsf_na"": 12, ""hsf_nb"": 12, ""hsf_l"": 28.1338, ""sup"": 24, ""chi_bits0"": 4, ""mps_l0"": 16.5186, ""hsf_keff"": 4, ""hsf_l0"": 28.1338, ""sparse_l"": 32.6366, ""sv_l"": 32.6366, ""feat_secs"": 0.00553, ""feat_secs_frame"": 0.000338, ""feat_secs_hsf"": 0.005041}"
ct,"ct:n=24,L=8,t=64,nn=1",1,"{""n"": 24.0, ""L"": 8.0, ""t"": 64.0, ""nn"": 1.0}",planp,ok,0.001577,0.0071,3129344,-8.255832790008566e-19,0,-8.255832790008566e-19,0.0,engine=mps aborted=[] plan_secs=0.000865,"{""n"": 24, ""gates"": 398, ""g2"": 92, ""g3"": 0, ""depth2"": 8, ""t_count"": 64, ""rotations"": 64, ""d"": 24, ""dense_l"": 27.1737, ""redundant"": 40, ""obs_zero"": false, ""frame_l"": 26.0, ""chi_bits"": 4, ""mps_l"": 16.5186, ""hsf_k"": 4, ""hsf_na"": 12, ""hsf_nb"": 12, ""hsf_l"": 28.1338, ""sup"": 24, ""chi_bits0"": 4, ""mps_l0"": 16.5186, ""hsf_keff"": 4, ""hsf_l0"": 28.1338, ""sparse_l"": 32.6366, ""sv_l"": 32.6366, ""feat_secs"": 0.00553, ""feat_secs_frame"": 0.000338, ""feat_secs_hsf"": 0.005041}"
ct,"ct:n=24,L=8,t=64,nn=1",1,"{""n"": 24.0, ""L"": 8.0, ""t"": 64.0, ""nn"": 1.0}",plan,ok,0.001687,0.0066,3276800,-8.255832790008566e-19,0,-8.255832790008566e-19,0.0,engine=mps aborted=[] plan_secs=0.000944,"{""n"": 24, ""gates"": 398, ""g2"": 92, ""g3"": 0, ""depth2"": 8, ""t_count"": 64, ""rotations"": 64, ""d"": 24, ""dense_l"": 27.1737, ""redundant"": 40, ""obs_zero"": false, ""frame_l"": 26.0, ""chi_bits"": 4, ""mps_l"": 16.5186, ""hsf_k"": 4, ""hsf_na"": 12, ""hsf_nb"": 12, ""hsf_l"": 28.1338, ""sup"": 24, ""chi_bits0"": 4, ""mps_l0"": 16.5186, ""hsf_keff"": 4, ""hsf_l0"": 28.1338, ""sparse_l"": 32.6366, ""sv_l"": 32.6366, ""feat_secs"": 0.00553, ""feat_secs_frame"": 0.000338, ""feat_secs_hsf"": 0.005041}"
ct,"ct:n=24,L=16,t=2,nn=1",1,"{""n"": 24.0, ""L"": 16.0, ""t"": 2.0, ""nn"": 1.0}",planx,ok,0.000915,0.0075,2473984,0.0,0,0.0,0.0,engine=cstate aborted=[] plan_secs=0.000670,"{""n"": 24, ""gates"": 549, ""g2"": 184, ""g3"": 0, ""depth2"": 16, ""t_count"": 2, ""rotations"": 2, ""d"": 2, ""dense_l"": 2.585, ""redundant"": 0, ""obs_zero"": true, ""frame_l"": 9.1007, ""chi_bits"": 8, ""mps_l"": 27.4594, ""hsf_k"": 8, ""hsf_na"": 12, ""hsf_nb"": 12, ""hsf_l"": 31.1815, ""sup"": 24, ""chi_bits0"": 8, ""mps_l0"": 27.4594, ""hsf_keff"": 7, ""hsf_l0"": 32.1815, ""sparse_l"": 33.1007, ""sv_l"": 33.1007, ""feat_secs"": 0.005401, ""feat_secs_frame"": 0.000483, ""feat_secs_hsf"": 0.004718}"
ct,"ct:n=24,L=16,t=2,nn=1",1,"{""n"": 24.0, ""L"": 16.0, ""t"": 2.0, ""nn"": 1.0}",planp,ok,0.001077,0.0076,2457600,0.0,0,0.0,0.0,engine=cstate aborted=[] plan_secs=0.000813,"{""n"": 24, ""gates"": 549, ""g2"": 184, ""g3"": 0, ""depth2"": 16, ""t_count"": 2, ""rotations"": 2, ""d"": 2, ""dense_l"": 2.585, ""redundant"": 0, ""obs_zero"": true, ""frame_l"": 9.1007, ""chi_bits"": 8, ""mps_l"": 27.4594, ""hsf_k"": 8, ""hsf_na"": 12, ""hsf_nb"": 12, ""hsf_l"": 31.1815, ""sup"": 24, ""chi_bits0"": 8, ""mps_l0"": 27.4594, ""hsf_keff"": 7, ""hsf_l0"": 32.1815, ""sparse_l"": 33.1007, ""sv_l"": 33.1007, ""feat_secs"": 0.005401, ""feat_secs_frame"": 0.000483, ""feat_secs_hsf"": 0.004718}"
ct,"ct:n=24,L=16,t=2,nn=1",1,"{""n"": 24.0, ""L"": 16.0, ""t"": 2.0, ""nn"": 1.0}",plan,ok,0.000718,0.0073,2473984,0.0,0,0.0,0.0,engine=zero aborted=[] plan_secs=0.000708,"{""n"": 24, ""gates"": 549, ""g2"": 184, ""g3"": 0, ""depth2"": 16, ""t_count"": 2, ""rotations"": 2, ""d"": 2, ""dense_l"": 2.585, ""redundant"": 0, ""obs_zero"": true, ""frame_l"": 9.1007, ""chi_bits"": 8, ""mps_l"": 27.4594, ""hsf_k"": 8, ""hsf_na"": 12, ""hsf_nb"": 12, ""hsf_l"": 31.1815, ""sup"": 24, ""chi_bits0"": 8, ""mps_l0"": 27.4594, ""hsf_keff"": 7, ""hsf_l0"": 32.1815, ""sparse_l"": 33.1007, ""sv_l"": 33.1007, ""feat_secs"": 0.005401, ""feat_secs_frame"": 0.000483, ""feat_secs_hsf"": 0.004718}"
ct,"ct:n=24,L=16,t=8,nn=1",1,"{""n"": 24.0, ""L"": 16.0, ""t"": 8.0, ""nn"": 1.0}",planx,ok,0.000955,0.0074,2506752,0.0,0,0.0,0.0,engine=cstate aborted=[] plan_secs=0.000711,"{""n"": 24, ""gates"": 555, ""g2"": 184, ""g3"": 0, ""depth2"": 16, ""t_count"": 8, ""rotations"": 8, ""d"": 8, ""dense_l"": 8.9944, ""redundant"": 0, ""obs_zero"": true, ""frame_l"": 9.1163, ""chi_bits"": 8, ""mps_l"": 27.4605, ""hsf_k"": 8, ""hsf_na"": 12, ""hsf_nb"": 12, ""hsf_l"": 31.1833, ""sup"": 24, ""chi_bits0"": 8, ""mps_l0"": 27.4605, ""hsf_keff"": 7, ""hsf_l0"": 32.1833, ""sparse_l"": 33.1163, ""sv_l"": 33.1163, ""feat_secs"": 0.005439, ""feat_secs_frame"": 0.000495, ""feat_secs_hsf"": 0.004708}"
ct,"ct:n=24,L=16,t=8,nn=1",1,"{""n"": 24.0, ""L"": 16.0, ""t"": 8.0, ""nn"": 1.0}",planp,ok,0.001,0.0066,2457600,0.0,0,0.0,0.0,engine=cstate aborted=[] plan_secs=0.000746,"{""n"": 24, ""gates"": 555, ""g2"": 184, ""g3"": 0, ""depth2"": 16, ""t_count"": 8, ""rotations"": 8, ""d"": 8, ""dense_l"": 8.9944, ""redundant"": 0, ""obs_zero"": true, ""frame_l"": 9.1163, ""chi_bits"": 8, ""mps_l"": 27.4605, ""hsf_k"": 8, ""hsf_na"": 12, ""hsf_nb"": 12, ""hsf_l"": 31.1833, ""sup"": 24, ""chi_bits0"": 8, ""mps_l0"": 27.4605, ""hsf_keff"": 7, ""hsf_l0"": 32.1833, ""sparse_l"": 33.1163, ""sv_l"": 33.1163, ""feat_secs"": 0.005439, ""feat_secs_frame"": 0.000495, ""feat_secs_hsf"": 0.004708}"
ct,"ct:n=24,L=16,t=8,nn=1",1,"{""n"": 24.0, ""L"": 16.0, ""t"": 8.0, ""nn"": 1.0}",plan,ok,0.000717,0.0063,2457600,0.0,0,0.0,0.0,engine=zero aborted=[] plan_secs=0.000711,"{""n"": 24, ""gates"": 555, ""g2"": 184, ""g3"": 0, ""depth2"": 16, ""t_count"": 8, ""rotations"": 8, ""d"": 8, ""dense_l"": 8.9944, ""redundant"": 0, ""obs_zero"": true, ""frame_l"": 9.1163, ""chi_bits"": 8, ""mps_l"": 27.4605, ""hsf_k"": 8, ""hsf_na"": 12, ""hsf_nb"": 12, ""hsf_l"": 31.1833, ""sup"": 24, ""chi_bits0"": 8, ""mps_l0"": 27.4605, ""hsf_keff"": 7, ""hsf_l0"": 32.1833, ""sparse_l"": 33.1163, ""sv_l"": 33.1163, ""feat_secs"": 0.005439, ""feat_secs_frame"": 0.000495, ""feat_secs_hsf"": 0.004708}"
ct,"ct:n=24,L=16,t=16,nn=1",1,"{""n"": 24.0, ""L"": 16.0, ""t"": 16.0, ""nn"": 1.0}",planx,ok,0.001081,0.0074,2965504,0.0,0,0.0,0.0,engine=cstate aborted=[] plan_secs=0.000711,"{""n"": 24, ""gates"": 563, ""g2"": 184, ""g3"": 0, ""depth2"": 16, ""t_count"": 16, ""rotations"": 16, ""d"": 14, ""dense_l"": 15.0028, ""redundant"": 2, ""obs_zero"": true, ""frame_l"": 9.137, ""chi_bits"": 8, ""mps_l"": 27.4625, ""hsf_k"": 8, ""hsf_na"": 12, ""hsf_nb"": 12, ""hsf_l"": 31.1858, ""sup"": 24, ""chi_bits0"": 8, ""mps_l0"": 27.4625, ""hsf_keff"": 7, ""hsf_l0"": 32.1858, ""sparse_l"": 33.137, ""sv_l"": 33.137, ""feat_secs"": 0.005421, ""feat_secs_frame"": 0.000498, ""feat_secs_hsf"": 0.004677}"
ct,"ct:n=24,L=16,t=16,nn=1",1,"{""n"": 24.0, ""L"": 16.0, ""t"": 16.0, ""nn"": 1.0}",planp,ok,0.001111,0.0075,2949120,0.0,0,0.0,0.0,engine=cstate aborted=[] plan_secs=0.000722,"{""n"": 24, ""gates"": 563, ""g2"": 184, ""g3"": 0, ""depth2"": 16, ""t_count"": 16, ""rotations"": 16, ""d"": 14, ""dense_l"": 15.0028, ""redundant"": 2, ""obs_zero"": true, ""frame_l"": 9.137, ""chi_bits"": 8, ""mps_l"": 27.4625, ""hsf_k"": 8, ""hsf_na"": 12, ""hsf_nb"": 12, ""hsf_l"": 31.1858, ""sup"": 24, ""chi_bits0"": 8, ""mps_l0"": 27.4625, ""hsf_keff"": 7, ""hsf_l0"": 32.1858, ""sparse_l"": 33.137, ""sv_l"": 33.137, ""feat_secs"": 0.005421, ""feat_secs_frame"": 0.000498, ""feat_secs_hsf"": 0.004677}"
ct,"ct:n=24,L=16,t=16,nn=1",1,"{""n"": 24.0, ""L"": 16.0, ""t"": 16.0, ""nn"": 1.0}",plan,ok,0.000715,0.0075,2457600,0.0,0,0.0,0.0,engine=zero aborted=[] plan_secs=0.000708,"{""n"": 24, ""gates"": 563, ""g2"": 184, ""g3"": 0, ""depth2"": 16, ""t_count"": 16, ""rotations"": 16, ""d"": 14, ""dense_l"": 15.0028, ""redundant"": 2, ""obs_zero"": true, ""frame_l"": 9.137, ""chi_bits"": 8, ""mps_l"": 27.4625, ""hsf_k"": 8, ""hsf_na"": 12, ""hsf_nb"": 12, ""hsf_l"": 31.1858, ""sup"": 24, ""chi_bits0"": 8, ""mps_l0"": 27.4625, ""hsf_keff"": 7, ""hsf_l0"": 32.1858, ""sparse_l"": 33.137, ""sv_l"": 33.137, ""feat_secs"": 0.005421, ""feat_secs_frame"": 0.000498, ""feat_secs_hsf"": 0.004677}"
ct,"ct:n=24,L=16,t=32,nn=1",1,"{""n"": 24.0, ""L"": 16.0, ""t"": 32.0, ""nn"": 1.0}",planx,ok,0.029733,0.0353,70287360,0.0,0,0.0,0.0,engine=cstate aborted=[] plan_secs=0.006115,"{""n"": 24, ""gates"": 623, ""g2"": 184, ""g3"": 0, ""depth2"": 16, ""t_count"": 32, ""rotations"": 32, ""d"": 22, ""dense_l"": 23.5869, ""redundant"": 10, ""obs_zero"": true, ""frame_l"": 9.2831, ""chi_bits"": 8, ""mps_l"": 27.4623, ""hsf_k"": 8, ""hsf_na"": 12, ""hsf_nb"": 12, ""hsf_l"": 32.2043, ""sup"": 24, ""chi_bits0"": 8, ""mps_l0"": 27.4623, ""hsf_keff"": 8, ""hsf_l0"": 32.2043, ""sparse_l"": 33.2831, ""sv_l"": 33.2831, ""feat_secs"": 0.005501, ""feat_secs_frame"": 0.000535, ""feat_secs_hsf"": 0.004736}"
ct,"ct:n=24,L=16,t=32,nn=1",1,"{""n"": 24.0, ""L"": 16.0, ""t"": 32.0, ""nn"": 1.0}",planp,ok,0.035538,0.0400,71417856,0.0,0,0.0,0.0,engine=cstate aborted=[] plan_secs=0.011205,"{""n"": 24, ""gates"": 623, ""g2"": 184, ""g3"": 0, ""depth2"": 16, ""t_count"": 32, ""rotations"": 32, ""d"": 22, ""dense_l"": 23.5869, ""redundant"": 10, ""obs_zero"": true, ""frame_l"": 9.2831, ""chi_bits"": 8, ""mps_l"": 27.4623, ""hsf_k"": 8, ""hsf_na"": 12, ""hsf_nb"": 12, ""hsf_l"": 32.2043, ""sup"": 24, ""chi_bits0"": 8, ""mps_l0"": 27.4623, ""hsf_keff"": 8, ""hsf_l0"": 32.2043, ""sparse_l"": 33.2831, ""sv_l"": 33.2831, ""feat_secs"": 0.005501, ""feat_secs_frame"": 0.000535, ""feat_secs_hsf"": 0.004736}"
ct,"ct:n=24,L=16,t=32,nn=1",1,"{""n"": 24.0, ""L"": 16.0, ""t"": 32.0, ""nn"": 1.0}",plan,ok,0.006071,0.0103,2785280,0.0,0,0.0,0.0,engine=zero aborted=[] plan_secs=0.006065,"{""n"": 24, ""gates"": 623, ""g2"": 184, ""g3"": 0, ""depth2"": 16, ""t_count"": 32, ""rotations"": 32, ""d"": 22, ""dense_l"": 23.5869, ""redundant"": 10, ""obs_zero"": true, ""frame_l"": 9.2831, ""chi_bits"": 8, ""mps_l"": 27.4623, ""hsf_k"": 8, ""hsf_na"": 12, ""hsf_nb"": 12, ""hsf_l"": 32.2043, ""sup"": 24, ""chi_bits0"": 8, ""mps_l0"": 27.4623, ""hsf_keff"": 8, ""hsf_l0"": 32.2043, ""sparse_l"": 33.2831, ""sv_l"": 33.2831, ""feat_secs"": 0.005501, ""feat_secs_frame"": 0.000535, ""feat_secs_hsf"": 0.004736}"
ct,"ct:n=24,L=16,t=64,nn=1",1,"{""n"": 24.0, ""L"": 16.0, ""t"": 64.0, ""nn"": 1.0}",planx,ok,0.031614,0.0360,6569984,-0.0002101704842347702,0,-0.0002101704842347702,0.0,engine=mps aborted=[] plan_secs=0.006338,"{""n"": 24, ""gates"": 666, ""g2"": 184, ""g3"": 0, ""depth2"": 16, ""t_count"": 64, ""rotations"": 64, ""d"": 24, ""dense_l"": 28.12, ""redundant"": 40, ""obs_zero"": false, ""frame_l"": 26.0, ""chi_bits"": 8, ""mps_l"": 27.4658, ""hsf_k"": 8, ""hsf_na"": 12, ""hsf_nb"": 12, ""hsf_l"": 32.2174, ""sup"": 24, ""chi_bits0"": 8, ""mps_l0"": 27.4658, ""hsf_keff"": 8, ""hsf_l0"": 32.2174, ""sparse_l"": 33.3794, ""sv_l"": 33.3794, ""feat_secs"": 0.005473, ""feat_secs_frame"": 0.000558, ""feat_secs_hsf"": 0.004675}"
ct,"ct:n=24,L=16,t=64,nn=1",1,"{""n"": 24.0, ""L"": 16.0, ""t"": 64.0, ""nn"": 1.0}",planp,ok,0.030475,0.0355,6225920,-0.0002101704842347702,0,-0.0002101704842347702,0.0,engine=mps aborted=[] plan_secs=0.006271,"{""n"": 24, ""gates"": 666, ""g2"": 184, ""g3"": 0, ""depth2"": 16, ""t_count"": 64, ""rotations"": 64, ""d"": 24, ""dense_l"": 28.12, ""redundant"": 40, ""obs_zero"": false, ""frame_l"": 26.0, ""chi_bits"": 8, ""mps_l"": 27.4658, ""hsf_k"": 8, ""hsf_na"": 12, ""hsf_nb"": 12, ""hsf_l"": 32.2174, ""sup"": 24, ""chi_bits0"": 8, ""mps_l0"": 27.4658, ""hsf_keff"": 8, ""hsf_l0"": 32.2174, ""sparse_l"": 33.3794, ""sv_l"": 33.3794, ""feat_secs"": 0.005473, ""feat_secs_frame"": 0.000558, ""feat_secs_hsf"": 0.004675}"
ct,"ct:n=24,L=16,t=64,nn=1",1,"{""n"": 24.0, ""L"": 16.0, ""t"": 64.0, ""nn"": 1.0}",plan,ok,0.030473,0.0345,6553600,-0.0002101704842347702,0,-0.0002101704842347702,0.0,engine=mps aborted=[] plan_secs=0.006271,"{""n"": 24, ""gates"": 666, ""g2"": 184, ""g3"": 0, ""depth2"": 16, ""t_count"": 64, ""rotations"": 64, ""d"": 24, ""dense_l"": 28.12, ""redundant"": 40, ""obs_zero"": false, ""frame_l"": 26.0, ""chi_bits"": 8, ""mps_l"": 27.4658, ""hsf_k"": 8, ""hsf_na"": 12, ""hsf_nb"": 12, ""hsf_l"": 32.2174, ""sup"": 24, ""chi_bits0"": 8, ""mps_l0"": 27.4658, ""hsf_keff"": 8, ""hsf_l0"": 32.2174, ""sparse_l"": 33.3794, ""sv_l"": 33.3794, ""feat_secs"": 0.005473, ""feat_secs_frame"": 0.000558, ""feat_secs_hsf"": 0.004675}"
ct,"ct:n=24,L=32,t=2,nn=1",1,"{""n"": 24.0, ""L"": 32.0, ""t"": 2.0, ""nn"": 1.0}",planx,ok,0.001916,0.0067,2588672,0.0,0,0.0,0.0,engine=cstate aborted=[] plan_secs=0.001425,"{""n"": 24, ""gates"": 1125, ""g2"": 368, ""g3"": 0, ""depth2"": 32, ""t_count"": 2, ""rotations"": 2, ""d"": 2, ""dense_l"": 2.585, ""redundant"": 0, ""obs_zero"": true, ""frame_l"": 10.1357, ""chi_bits"": 12, ""mps_l"": 38.796, ""hsf_k"": 16, ""hsf_na"": 12, ""hsf_nb"": 12, ""hsf_l"": 38.3501, ""sup"": 24, ""chi_bits0"": 12, ""mps_l0"": 38.796, ""hsf_keff"": 14, ""hsf_l0"": 40.3501, ""sparse_l"": 34.1357, ""sv_l"": 34.1357, ""feat_secs"": 0.006102, ""feat_secs_frame"": 0.000934, ""feat_secs_hsf"": 0.004806}"
ct,"ct:n=24,L=32,t=2,nn=1",1,"{""n"": 24.0, ""L"": 32.0, ""t"": 2.0, ""nn"": 1.0}",planp,ok,0.002171,0.0075,2605056,0.0,0,0.0,0.0,engine=cstate aborted=[] plan_secs=0.001568,"{""n"": 24, ""gates"": 1125, ""g2"": 368, ""g3"": 0, ""depth2"": 32, ""t_count"": 2, ""rotations"": 2, ""d"": 2, ""dense_l"": 2.585, ""redundant"": 0, ""obs_zero"": true, ""frame_l"": 10.1357, ""chi_bits"": 12, ""mps_l"": 38.796, ""hsf_k"": 16, ""hsf_na"": 12, ""hsf_nb"": 12, ""hsf_l"": 38.3501, ""sup"": 24, ""chi_bits0"": 12, ""mps_l0"": 38.796, ""hsf_keff"": 14, ""hsf_l0"": 40.3501, ""sparse_l"": 34.1357, ""sv_l"": 34.1357, ""feat_secs"": 0.006102, ""feat_secs_frame"": 0.000934, ""feat_secs_hsf"": 0.004806}"
ct,"ct:n=24,L=32,t=2,nn=1",1,"{""n"": 24.0, ""L"": 32.0, ""t"": 2.0, ""nn"": 1.0}",plan,ok,0.001387,0.0068,2588672,0.0,0,0.0,0.0,engine=zero aborted=[] plan_secs=0.001376,"{""n"": 24, ""gates"": 1125, ""g2"": 368, ""g3"": 0, ""depth2"": 32, ""t_count"": 2, ""rotations"": 2, ""d"": 2, ""dense_l"": 2.585, ""redundant"": 0, ""obs_zero"": true, ""frame_l"": 10.1357, ""chi_bits"": 12, ""mps_l"": 38.796, ""hsf_k"": 16, ""hsf_na"": 12, ""hsf_nb"": 12, ""hsf_l"": 38.3501, ""sup"": 24, ""chi_bits0"": 12, ""mps_l0"": 38.796, ""hsf_keff"": 14, ""hsf_l0"": 40.3501, ""sparse_l"": 34.1357, ""sv_l"": 34.1357, ""feat_secs"": 0.006102, ""feat_secs_frame"": 0.000934, ""feat_secs_hsf"": 0.004806}"
ct,"ct:n=24,L=32,t=8,nn=1",1,"{""n"": 24.0, ""L"": 32.0, ""t"": 8.0, ""nn"": 1.0}",planx,ok,0.001792,0.0066,2605056,0.0,0,0.0,0.0,engine=cstate aborted=[] plan_secs=0.001325,"{""n"": 24, ""gates"": 1122, ""g2"": 368, ""g3"": 0, ""depth2"": 32, ""t_count"": 8, ""rotations"": 8, ""d"": 8, ""dense_l"": 8.9944, ""redundant"": 0, ""obs_zero"": true, ""frame_l"": 10.1319, ""chi_bits"": 12, ""mps_l"": 38.7963, ""hsf_k"": 16, ""hsf_na"": 12, ""hsf_nb"": 12, ""hsf_l"": 39.3493, ""sup"": 24, ""chi_bits0"": 12, ""mps_l0"": 38.7963, ""hsf_keff"": 15, ""hsf_l0"": 40.3493, ""sparse_l"": 34.1319, ""sv_l"": 34.1319, ""feat_secs"": 0.006152, ""feat_secs_frame"": 0.000937, ""feat_secs_hsf"": 0.004823}"
ct,"ct:n=24,L=32,t=8,nn=1",1,"{""n"": 24.0, ""L"": 32.0, ""t"": 8.0, ""nn"": 1.0}",planp,ok,0.001797,0.0074,2588672,0.0,0,0.0,0.0,engine=cstate aborted=[] plan_secs=0.001339,"{""n"": 24, ""gates"": 1122, ""g2"": 368, ""g3"": 0, ""depth2"": 32, ""t_count"": 8, ""rotations"": 8, ""d"": 8, ""dense_l"": 8.9944, ""redundant"": 0, ""obs_zero"": true, ""frame_l"": 10.1319, ""chi_bits"": 12, ""mps_l"": 38.7963, ""hsf_k"": 16, ""hsf_na"": 12, ""hsf_nb"": 12, ""hsf_l"": 39.3493, ""sup"": 24, ""chi_bits0"": 12, ""mps_l0"": 38.7963, ""hsf_keff"": 15, ""hsf_l0"": 40.3493, ""sparse_l"": 34.1319, ""sv_l"": 34.1319, ""feat_secs"": 0.006152, ""feat_secs_frame"": 0.000937, ""feat_secs_hsf"": 0.004823}"
ct,"ct:n=24,L=32,t=8,nn=1",1,"{""n"": 24.0, ""L"": 32.0, ""t"": 8.0, ""nn"": 1.0}",plan,ok,0.00132,0.0066,2572288,0.0,0,0.0,0.0,engine=zero aborted=[] plan_secs=0.001314,"{""n"": 24, ""gates"": 1122, ""g2"": 368, ""g3"": 0, ""depth2"": 32, ""t_count"": 8, ""rotations"": 8, ""d"": 8, ""dense_l"": 8.9944, ""redundant"": 0, ""obs_zero"": true, ""frame_l"": 10.1319, ""chi_bits"": 12, ""mps_l"": 38.7963, ""hsf_k"": 16, ""hsf_na"": 12, ""hsf_nb"": 12, ""hsf_l"": 39.3493, ""sup"": 24, ""chi_bits0"": 12, ""mps_l0"": 38.7963, ""hsf_keff"": 15, ""hsf_l0"": 40.3493, ""sparse_l"": 34.1319, ""sv_l"": 34.1319, ""feat_secs"": 0.006152, ""feat_secs_frame"": 0.000937, ""feat_secs_hsf"": 0.004823}"
ct,"ct:n=24,L=32,t=16,nn=1",1,"{""n"": 24.0, ""L"": 32.0, ""t"": 16.0, ""nn"": 1.0}",planx,ok,0.00268,0.0070,3866624,0.0,0,0.0,0.0,engine=cstate aborted=[] plan_secs=0.001530,"{""n"": 24, ""gates"": 1129, ""g2"": 368, ""g3"": 0, ""depth2"": 32, ""t_count"": 16, ""rotations"": 16, ""d"": 16, ""dense_l"": 17.0, ""redundant"": 0, ""obs_zero"": true, ""frame_l"": 10.1408, ""chi_bits"": 12, ""mps_l"": 38.7962, ""hsf_k"": 16, ""hsf_na"": 12, ""hsf_nb"": 12, ""hsf_l"": 38.3512, ""sup"": 24, ""chi_bits0"": 12, ""mps_l0"": 38.7962, ""hsf_keff"": 14, ""hsf_l0"": 40.3512, ""sparse_l"": 34.1408, ""sv_l"": 34.1408, ""feat_secs"": 0.006621, ""feat_secs_frame"": 0.000998, ""feat_secs_hsf"": 0.005148}"
ct,"ct:n=24,L=32,t=16,nn=1",1,"{""n"": 24.0, ""L"": 32.0, ""t"": 16.0, ""nn"": 1.0}",planp,ok,0.002276,0.0066,3817472,0.0,0,0.0,0.0,engine=cstate aborted=[] plan_secs=0.001376,"{""n"": 24, ""gates"": 1129, ""g2"": 368, ""g3"": 0, ""depth2"": 32, ""t_count"": 16, ""rotations"": 16, ""d"": 16, ""dense_l"": 17.0, ""redundant"": 0, ""obs_zero"": true, ""frame_l"": 10.1408, ""chi_bits"": 12, ""mps_l"": 38.7962, ""hsf_k"": 16, ""hsf_na"": 12, ""hsf_nb"": 12, ""hsf_l"": 38.3512, ""sup"": 24, ""chi_bits0"": 12, ""mps_l0"": 38.7962, ""hsf_keff"": 14, ""hsf_l0"": 40.3512, ""sparse_l"": 34.1408, ""sv_l"": 34.1408, ""feat_secs"": 0.006621, ""feat_secs_frame"": 0.000998, ""feat_secs_hsf"": 0.005148}"
ct,"ct:n=24,L=32,t=16,nn=1",1,"{""n"": 24.0, ""L"": 32.0, ""t"": 16.0, ""nn"": 1.0}",plan,ok,0.001336,0.0063,2605056,0.0,0,0.0,0.0,engine=zero aborted=[] plan_secs=0.001327,"{""n"": 24, ""gates"": 1129, ""g2"": 368, ""g3"": 0, ""depth2"": 32, ""t_count"": 16, ""rotations"": 16, ""d"": 16, ""dense_l"": 17.0, ""redundant"": 0, ""obs_zero"": true, ""frame_l"": 10.1408, ""chi_bits"": 12, ""mps_l"": 38.7962, ""hsf_k"": 16, ""hsf_na"": 12, ""hsf_nb"": 12, ""hsf_l"": 38.3512, ""sup"": 24, ""chi_bits0"": 12, ""mps_l0"": 38.7962, ""hsf_keff"": 14, ""hsf_l0"": 40.3512, ""sparse_l"": 34.1408, ""sv_l"": 34.1408, ""feat_secs"": 0.006621, ""feat_secs_frame"": 0.000998, ""feat_secs_hsf"": 0.005148}"
ct,"ct:n=24,L=32,t=32,nn=1",1,"{""n"": 24.0, ""L"": 32.0, ""t"": 32.0, ""nn"": 1.0}",planx,ok,0.085077,0.0908,138166272,5.55910866569325e-20,0,5.55910866569325e-20,0.0,engine=cstate aborted=[] plan_secs=0.007637,"{""n"": 24, ""gates"": 1207, ""g2"": 368, ""g3"": 0, ""depth2"": 32, ""t_count"": 32, ""rotations"": 32, ""d"": 23, ""dense_l"": 25.0255, ""redundant"": 9, ""obs_zero"": false, ""frame_l"": 9.5, ""chi_bits"": 12, ""mps_l"": 38.7962, ""hsf_k"": 16, ""hsf_na"": 12, ""hsf_nb"": 12, ""hsf_l"": 39.3726, ""sup"": 24, ""chi_bits0"": 12, ""mps_l0"": 38.7962, ""hsf_keff"": 15, ""hsf_l0"": 40.3726, ""sparse_l"": 34.2372, ""sv_l"": 34.2372, ""feat_secs"": 0.006201, ""feat_secs_frame"": 0.001038, ""feat_secs_hsf"": 0.004771}"
ct,"ct:n=24,L=32,t=32,nn=1",1,"{""n"": 24.0, ""L"": 32.0, ""t"": 32.0, ""nn"": 1.0}",planp,ok,0.098053,0.1040,139362304,5.55910866569325e-20,0,5.55910866569325e-20,0.0,engine=cstate aborted=[] plan_secs=0.021293,"{""n"": 24, ""gates"": 1207, ""g2"": 368, ""g3"": 0, ""depth2"": 32, ""t_count"": 32, ""rotations"": 32, ""d"": 23, ""dense_l"": 25.0255, ""redundant"": 9, ""obs_zero"": false, ""frame_l"": 9.5, ""chi_bits"": 12, ""mps_l"": 38.7962, ""hsf_k"": 16, ""hsf_na"": 12, ""hsf_nb"": 12, ""hsf_l"": 39.3726, ""sup"": 24, ""chi_bits0"": 12, ""mps_l0"": 38.7962, ""hsf_keff"": 15, ""hsf_l0"": 40.3726, ""sparse_l"": 34.2372, ""sv_l"": 34.2372, ""feat_secs"": 0.006201, ""feat_secs_frame"": 0.001038, ""feat_secs_hsf"": 0.004771}"
ct,"ct:n=24,L=32,t=32,nn=1",1,"{""n"": 24.0, ""L"": 32.0, ""t"": 32.0, ""nn"": 1.0}",plan,ok,0.085185,0.0922,138133504,5.55910866569325e-20,0,5.55910866569325e-20,0.0,engine=cstate aborted=[] plan_secs=0.007754,"{""n"": 24, ""gates"": 1207, ""g2"": 368, ""g3"": 0, ""depth2"": 32, ""t_count"": 32, ""rotations"": 32, ""d"": 23, ""dense_l"": 25.0255, ""redundant"": 9, ""obs_zero"": false, ""frame_l"": 9.5, ""chi_bits"": 12, ""mps_l"": 38.7962, ""hsf_k"": 16, ""hsf_na"": 12, ""hsf_nb"": 12, ""hsf_l"": 39.3726, ""sup"": 24, ""chi_bits0"": 12, ""mps_l0"": 38.7962, ""hsf_keff"": 15, ""hsf_l0"": 40.3726, ""sparse_l"": 34.2372, ""sv_l"": 34.2372, ""feat_secs"": 0.006201, ""feat_secs_frame"": 0.001038, ""feat_secs_hsf"": 0.004771}"
ct,"ct:n=24,L=32,t=64,nn=1",1,"{""n"": 24.0, ""L"": 32.0, ""t"": 64.0, ""nn"": 1.0}",planx,ok,0.492594,0.4980,137641984,0.0,0,0.0,0.0,engine=cstate aborted=[] plan_secs=0.008677,"{""n"": 24, ""gates"": 1229, ""g2"": 368, ""g3"": 0, ""depth2"": 32, ""t_count"": 64, ""rotations"": 64, ""d"": 23, ""dense_l"": 28.2288, ""redundant"": 41, ""obs_zero"": true, ""frame_l"": 10.2633, ""chi_bits"": 12, ""mps_l"": 38.796, ""hsf_k"": 16, ""hsf_na"": 12, ""hsf_nb"": 12, ""hsf_l"": 40.3786, ""sup"": 24, ""chi_bits0"": 12, ""mps_l0"": 38.796, ""hsf_keff"": 16, ""hsf_l0"": 40.3786, ""sparse_l"": 34.2633, ""sv_l"": 34.2633, ""feat_secs"": 0.006338, ""feat_secs_frame"": 0.001177, ""feat_secs_hsf"": 0.004765}"
ct,"ct:n=24,L=32,t=64,nn=1",1,"{""n"": 24.0, ""L"": 32.0, ""t"": 64.0, ""nn"": 1.0}",planp,ok,1.11949,1.1250,162676736,0.0,0,0.0,0.0,"engine=cstate aborted=[""mps""] plan_secs=0.044030","{""n"": 24, ""gates"": 1229, ""g2"": 368, ""g3"": 0, ""depth2"": 32, ""t_count"": 64, ""rotations"": 64, ""d"": 23, ""dense_l"": 28.2288, ""redundant"": 41, ""obs_zero"": true, ""frame_l"": 10.2633, ""chi_bits"": 12, ""mps_l"": 38.796, ""hsf_k"": 16, ""hsf_na"": 12, ""hsf_nb"": 12, ""hsf_l"": 40.3786, ""sup"": 24, ""chi_bits0"": 12, ""mps_l0"": 38.796, ""hsf_keff"": 16, ""hsf_l0"": 40.3786, ""sparse_l"": 34.2633, ""sv_l"": 34.2633, ""feat_secs"": 0.006338, ""feat_secs_frame"": 0.001177, ""feat_secs_hsf"": 0.004765}"
ct,"ct:n=24,L=32,t=64,nn=1",1,"{""n"": 24.0, ""L"": 32.0, ""t"": 64.0, ""nn"": 1.0}",plan,ok,0.008289,0.0130,2981888,0.0,0,0.0,0.0,engine=zero aborted=[] plan_secs=0.008280,"{""n"": 24, ""gates"": 1229, ""g2"": 368, ""g3"": 0, ""depth2"": 32, ""t_count"": 64, ""rotations"": 64, ""d"": 23, ""dense_l"": 28.2288, ""redundant"": 41, ""obs_zero"": true, ""frame_l"": 10.2633, ""chi_bits"": 12, ""mps_l"": 38.796, ""hsf_k"": 16, ""hsf_na"": 12, ""hsf_nb"": 12, ""hsf_l"": 40.3786, ""sup"": 24, ""chi_bits0"": 12, ""mps_l0"": 38.796, ""hsf_keff"": 16, ""hsf_l0"": 40.3786, ""sparse_l"": 34.2633, ""sv_l"": 34.2633, ""feat_secs"": 0.006338, ""feat_secs_frame"": 0.001177, ""feat_secs_hsf"": 0.004765}"
ct,"ct:n=32,L=1,t=4,nn=1",1,"{""n"": 32.0, ""L"": 1.0, ""t"": 4.0, ""nn"": 1.0}",planx,ok,0.000166,0.0044,2211840,0.0,0,0.0,0.0,engine=cstate aborted=[] plan_secs=0.000121,"{""n"": 32, ""gates"": 53, ""g2"": 16, ""g3"": 0, ""depth2"": 1, ""t_count"": 4, ""rotations"": 4, ""d"": 3, ""dense_l"": 4.0, ""redundant"": 1, ""obs_zero"": true, ""frame_l"": 5.7279, ""chi_bits"": 1, ""mps_l"": 7.3663, ""hsf_k"": 0, ""hsf_na"": 16, ""hsf_nb"": 16, ""hsf_l"": 32.0012, ""sup"": 18, ""chi_bits0"": 1, ""mps_l0"": 7.3663, ""hsf_keff"": 0, ""hsf_l0"": 32.0012, ""sparse_l"": 23.7279, ""sv_l"": 37.7279, ""feat_secs"": 0.004868, ""feat_secs_frame"": 9.7e-05, ""feat_secs_hsf"": 0.004735}"
ct,"ct:n=32,L=1,t=4,nn=1",1,"{""n"": 32.0, ""L"": 1.0, ""t"": 4.0, ""nn"": 1.0}",planp,ok,0.00015,0.0039,2179072,0.0,0,0.0,0.0,engine=cstate aborted=[] plan_secs=0.000110,"{""n"": 32, ""gates"": 53, ""g2"": 16, ""g3"": 0, ""depth2"": 1, ""t_count"": 4, ""rotations"": 4, ""d"": 3, ""dense_l"": 4.0, ""redundant"": 1, ""obs_zero"": true, ""frame_l"": 5.7279, ""chi_bits"": 1, ""mps_l"": 7.3663, ""hsf_k"": 0, ""hsf_na"": 16, ""hsf_nb"": 16, ""hsf_l"": 32.0012, ""sup"": 18, ""chi_bits0"": 1, ""mps_l0"": 7.3663, ""hsf_keff"": 0, ""hsf_l0"": 32.0012, ""sparse_l"": 23.7279, ""sv_l"": 37.7279, ""feat_secs"": 0.004868, ""feat_secs_frame"": 9.7e-05, ""feat_secs_hsf"": 0.004735}"
ct,"ct:n=32,L=1,t=4,nn=1",1,"{""n"": 32.0, ""L"": 1.0, ""t"": 4.0, ""nn"": 1.0}",plan,ok,0.000129,0.0068,2179072,0.0,0,0.0,0.0,engine=zero aborted=[] plan_secs=0.000123,"{""n"": 32, ""gates"": 53, ""g2"": 16, ""g3"": 0, ""depth2"": 1, ""t_count"": 4, ""rotations"": 4, ""d"": 3, ""dense_l"": 4.0, ""redundant"": 1, ""obs_zero"": true, ""frame_l"": 5.7279, ""chi_bits"": 1, ""mps_l"": 7.3663, ""hsf_k"": 0, ""hsf_na"": 16, ""hsf_nb"": 16, ""hsf_l"": 32.0012, ""sup"": 18, ""chi_bits0"": 1, ""mps_l0"": 7.3663, ""hsf_keff"": 0, ""hsf_l0"": 32.0012, ""sparse_l"": 23.7279, ""sv_l"": 37.7279, ""feat_secs"": 0.004868, ""feat_secs_frame"": 9.7e-05, ""feat_secs_hsf"": 0.004735}"
ct,"ct:n=32,L=1,t=16,nn=1",1,"{""n"": 32.0, ""L"": 1.0, ""t"": 16.0, ""nn"": 1.0}",planx,ok,0.000255,0.0066,2195456,0.0,0,0.0,0.0,engine=cstate aborted=[] plan_secs=0.000183,"{""n"": 32, ""gates"": 76, ""g2"": 16, ""g3"": 0, ""depth2"": 1, ""t_count"": 16, ""rotations"": 16, ""d"": 8, ""dense_l"": 9.8486, ""redundant"": 8, ""obs_zero"": true, ""frame_l"": 6.2479, ""chi_bits"": 1, ""mps_l"": 7.5546, ""hsf_k"": 0, ""hsf_na"": 16, ""hsf_nb"": 16, ""hsf_l"": 32.0017, ""sup"": 25, ""chi_bits0"": 1, ""mps_l0"": 7.5546, ""hsf_keff"": 0, ""hsf_l0"": 32.0017, ""sparse_l"": 31.2479, ""sv_l"": 38.2479, ""feat_secs"": 0.005351, ""feat_secs_frame"": 0.000101, ""feat_secs_hsf"": 0.005167}"
ct,"ct:n=32,L=1,t=16,nn=1",1,"{""n"": 32.0, ""L"": 1.0, ""t"": 16.0, ""nn"": 1.0}",planp,ok,0.000213,0.0043,2179072,0.0,0,0.0,0.0,engine=cstate aborted=[] plan_secs=0.000155,"{""n"": 32, ""gates"": 76, ""g2"": 16, ""g3"": 0, ""depth2"": 1, ""t_count"": 16, ""rotations"": 16, ""d"": 8, ""dense_l"": 9.8486, ""redundant"": 8, ""obs_zero"": true, ""frame_l"": 6.2479, ""chi_bits"": 1, ""mps_l"": 7.5546, ""hsf_k"": 0, ""hsf_na"": 16, ""hsf_nb"": 16, ""hsf_l"": 32.0017, ""sup"": 25, ""chi_bits0"": 1, ""mps_l0"": 7.5546, ""hsf_keff"": 0, ""hsf_l0"": 32.0017, ""sparse_l"": 31.2479, ""sv_l"": 38.2479, ""feat_secs"": 0.005351, ""feat_secs_frame"": 0.000101, ""feat_secs_hsf"": 0.005167}"
ct,"ct:n=32,L=1,t=16,nn=1",1,"{""n"": 32.0, ""L"": 1.0, ""t"": 16.0, ""nn"": 1.0}",plan,ok,0.000148,0.0041,2162688,0.0,0,0.0,0.0,engine=zero aborted=[] plan_secs=0.000142,"{""n"": 32, ""gates"": 76, ""g2"": 16, ""g3"": 0, ""depth2"": 1, ""t_count"": 16, ""rotations"": 16, ""d"": 8, ""dense_l"": 9.8486, ""redundant"": 8, ""obs_zero"": true, ""frame_l"": 6.2479, ""chi_bits"": 1, ""mps_l"": 7.5546, ""hsf_k"": 0, ""hsf_na"": 16, ""hsf_nb"": 16, ""hsf_l"": 32.0017, ""sup"": 25, ""chi_bits0"": 1, ""mps_l0"": 7.5546, ""hsf_keff"": 0, ""hsf_l0"": 32.0017, ""sparse_l"": 31.2479, ""sv_l"": 38.2479, ""feat_secs"": 0.005351, ""feat_secs_frame"": 0.000101, ""feat_secs_hsf"": 0.005167}"
ct,"ct:n=32,L=1,t=32,nn=1",1,"{""n"": 32.0, ""L"": 1.0, ""t"": 32.0, ""nn"": 1.0}",planx,ok,0.000402,0.0045,2686976,0.0,0,0.0,0.0,engine=mps aborted=[] plan_secs=0.000264,"{""n"": 32, ""gates"": 108, ""g2"": 16, ""g3"": 0, ""depth2"": 1, ""t_count"": 32, ""rotations"": 32, ""d"": 17, ""dense_l"": 19.1103, ""redundant"": 15, ""obs_zero"": true, ""frame_l"": 6.7549, ""chi_bits"": 1, ""mps_l"": 7.7814, ""hsf_k"": 0, ""hsf_na"": 16, ""hsf_nb"": 16, ""hsf_l"": 32.0024, ""sup"": 32, ""chi_bits0"": 1, ""mps_l0"": 7.7814, ""hsf_keff"": 0, ""hsf_l0"": 32.0024, ""sparse_l"": 38.7549, ""sv_l"": 38.7549, ""feat_secs"": 0.004869, ""feat_secs_frame"": 0.000122, ""feat_secs_hsf"": 0.004692}"
ct,"ct:n=32,L=1,t=32,nn=1",1,"{""n"": 32.0, ""L"": 1.0, ""t"": 32.0, ""nn"": 1.0}",planp,ok,0.000431,0.0069,2605056,0.0,0,0.0,0.0,engine=mps aborted=[] plan_secs=0.000313,"{""n"": 32, ""gates"": 108, ""g2"": 16, ""g3"": 0, ""depth2"": 1, ""t_count"": 32, ""rotations"": 32, ""d"": 17, ""dense_l"": 19.1103, ""redundant"": 15, ""obs_zero"": true, ""frame_l"": 6.7549, ""chi_bits"": 1, ""mps_l"": 7.7814, ""hsf_k"": 0, ""hsf_na"": 16, ""hsf_nb"": 16, ""hsf_l"": 32.0024, ""sup"": 32, ""chi_bits0"": 1, ""mps_l0"": 7.7814, ""hsf_keff"": 0, ""hsf_l0"": 32.0024, ""sparse_l"": 38.7549, ""sv_l"": 38.7549, ""feat_secs"": 0.004869, ""feat_secs_frame"": 0.000122, ""feat_secs_hsf"": 0.004692}"
ct,"ct:n=32,L=1,t=32,nn=1",1,"{""n"": 32.0, ""L"": 1.0, ""t"": 32.0, ""nn"": 1.0}",plan,ok,0.000304,0.0066,2310144,0.0,0,0.0,0.0,engine=zero aborted=[] plan_secs=0.000296,"{""n"": 32, ""gates"": 108, ""g2"": 16, ""g3"": 0, ""depth2"": 1, ""t_count"": 32, ""rotations"": 32, ""d"": 17, ""dense_l"": 19.1103, ""redundant"": 15, ""obs_zero"": true, ""frame_l"": 6.7549, ""chi_bits"": 1, ""mps_l"": 7.7814, ""hsf_k"": 0, ""hsf_na"": 16, ""hsf_nb"": 16, ""hsf_l"": 32.0024, ""sup"": 32, ""chi_bits0"": 1, ""mps_l0"": 7.7814, ""hsf_keff"": 0, ""hsf_l0"": 32.0024, ""sparse_l"": 38.7549, ""sv_l"": 38.7549, ""feat_secs"": 0.004869, ""feat_secs_frame"": 0.000122, ""feat_secs_hsf"": 0.004692}"
ct,"ct:n=32,L=1,t=64,nn=1",1,"{""n"": 32.0, ""L"": 1.0, ""t"": 64.0, ""nn"": 1.0}",planx,ok,0.000555,0.0074,2736128,0.0,0,0.0,0.0,engine=mps aborted=[] plan_secs=0.000390,"{""n"": 32, ""gates"": 178, ""g2"": 16, ""g3"": 0, ""depth2"": 1, ""t_count"": 64, ""rotations"": 64, ""d"": 25, ""dense_l"": 26.9864, ""redundant"": 39, ""obs_zero"": true, ""frame_l"": 7.4757, ""chi_bits"": 1, ""mps_l"": 8.1799, ""hsf_k"": 0, ""hsf_na"": 16, ""hsf_nb"": 16, ""hsf_l"": 32.0039, ""sup"": 30, ""chi_bits0"": 1, ""mps_l0"": 8.1799, ""hsf_keff"": 0, ""hsf_l0"": 32.0039, ""sparse_l"": 37.4757, ""sv_l"": 39.4757, ""feat_secs"": 0.00539, ""feat_secs_frame"": 0.000167, ""feat_secs_hsf"": 0.005137}"
ct,"ct:n=32,L=1,t=64,nn=1",1,"{""n"": 32.0, ""L"": 1.0, ""t"": 64.0, ""nn"": 1.0}",planp,ok,0.000481,0.0047,2654208,0.0,0,0.0,0.0,engine=mps aborted=[] plan_secs=0.000349,"{""n"": 32, ""gates"": 178, ""g2"": 16, ""g3"": 0, ""depth2"": 1, ""t_count"": 64, ""rotations"": 64, ""d"": 25, ""dense_l"": 26.9864, ""redundant"": 39, ""obs_zero"": true, ""frame_l"": 7.4757, ""chi_bits"": 1, ""mps_l"": 8.1799, ""hsf_k"": 0, ""hsf_na"": 16, ""hsf_nb"": 16, ""hsf_l"": 32.0039, ""sup"": 30, ""chi_bits0"": 1, ""mps_l0"": 8.1799, ""hsf_keff"": 0, ""hsf_l0"": 32.0039, ""sparse_l"": 37.4757, ""sv_l"": 39.4757, ""feat_secs"": 0.00539, ""feat_secs_frame"": 0.000167, ""feat_secs_hsf"": 0.005137}"
ct,"ct:n=32,L=1,t=64,nn=1",1,"{""n"": 32.0, ""L"": 1.0, ""t"": 64.0, ""nn"": 1.0}",plan,ok,0.000359,0.0041,2359296,0.0,0,0.0,0.0,engine=zero aborted=[] plan_secs=0.000353,"{""n"": 32, ""gates"": 178, ""g2"": 16, ""g3"": 0, ""depth2"": 1, ""t_count"": 64, ""rotations"": 64, ""d"": 25, ""dense_l"": 26.9864, ""redundant"": 39, ""obs_zero"": true, ""frame_l"": 7.4757, ""chi_bits"": 1, ""mps_l"": 8.1799, ""hsf_k"": 0, ""hsf_na"": 16, ""hsf_nb"": 16, ""hsf_l"": 32.0039, ""sup"": 30, ""chi_bits0"": 1, ""mps_l0"": 8.1799, ""hsf_keff"": 0, ""hsf_l0"": 32.0039, ""sparse_l"": 37.4757, ""sv_l"": 39.4757, ""feat_secs"": 0.00539, ""feat_secs_frame"": 0.000167, ""feat_secs_hsf"": 0.005137}"
ct,"ct:n=32,L=2,t=4,nn=1",1,"{""n"": 32.0, ""L"": 2.0, ""t"": 4.0, ""nn"": 1.0}",planx,ok,0.000237,0.0067,2195456,0.0,0,0.0,0.0,engine=cstate aborted=[] plan_secs=0.000175,"{""n"": 32, ""gates"": 100, ""g2"": 31, ""g3"": 0, ""depth2"": 2, ""t_count"": 4, ""rotations"": 4, ""d"": 3, ""dense_l"": 4.4594, ""redundant"": 1, ""obs_zero"": true, ""frame_l"": 6.6439, ""chi_bits"": 1, ""mps_l"": 8.7715, ""hsf_k"": 1, ""hsf_na"": 16, ""hsf_nb"": 16, ""hsf_l"": 33.0022, ""sup"": 27, ""chi_bits0"": 1, ""mps_l0"": 8.7715, ""hsf_keff"": 1, ""hsf_l0"": 33.0022, ""sparse_l"": 33.6439, ""sv_l"": 38.6439, ""feat_secs"": 0.011679, ""feat_secs_frame"": 0.000171, ""feat_secs_hsf"": 0.011448}"
ct,"ct:n=32,L=2,t=4,nn=1",1,"{""n"": 32.0, ""L"": 2.0, ""t"": 4.0, ""nn"": 1.0}",planp,ok,0.000246,0.0046,2211840,0.0,0,0.0,0.0,engine=cstate aborted=[] plan_secs=0.000185,"{""n"": 32, ""gates"": 100, ""g2"": 31, ""g3"": 0, ""depth2"": 2, ""t_count"": 4, ""rotations"": 4, ""d"": 3, ""dense_l"": 4.4594, ""redundant"": 1, ""obs_zero"": true, ""frame_l"": 6.6439, ""chi_bits"": 1, ""mps_l"": 8.7715, ""hsf_k"": 1, ""hsf_na"": 16, ""hsf_nb"": 16, ""hsf_l"": 33.0022, ""sup"": 27, ""chi_bits0"": 1, ""mps_l0"": 8.7715, ""hsf_keff"": 1, ""hsf_l0"": 33.0022, ""sparse_l"": 33.6439, ""sv_l"": 38.6439, ""feat_secs"": 0.011679, ""feat_secs_frame"": 0.000171, ""feat_secs_hsf"": 0.011448}"
ct,"ct:n=32,L=2,t=4,nn=1",1,"{""n"": 32.0, ""L"": 2.0, ""t"": 4.0, ""nn"": 1.0}",plan,ok,0.000181,0.0068,2195456,0.0,0,0.0,0.0,engine=zero aborted=[] plan_secs=0.000176,"{""n"": 32, ""gates"": 100, ""g2"": 31, ""g3"": 0, ""depth2"": 2, ""t_count"": 4, ""rotations"": 4, ""d"": 3, ""dense_l"": 4.4594, ""redundant"": 1, ""obs_zero"": true, ""frame_l"": 6.6439, ""chi_bits"": 1, ""mps_l"": 8.7715, ""hsf_k"": 1, ""hsf_na"": 16, ""hsf_nb"": 16, ""hsf_l"": 33.0022, ""sup"": 27, ""chi_bits0"": 1, ""mps_l0"": 8.7715, ""hsf_keff"": 1, ""hsf_l0"": 33.0022, ""sparse_l"": 33.6439, ""sv_l"": 38.6439, ""feat_secs"": 0.011679, ""feat_secs_frame"": 0.000171, ""feat_secs_hsf"": 0.011448}"
ct,"ct:n=32,L=2,t=16,nn=1",1,"{""n"": 32.0, ""L"": 2.0, ""t"": 16.0, ""nn"": 1.0}",planx,ok,0.000317,0.0078,2244608,0.0,0,0.0,0.0,engine=cstate aborted=[] plan_secs=0.000233,"{""n"": 32, ""gates"": 126, ""g2"": 31, ""g3"": 0, ""depth2"": 2, ""t_count"": 16, ""rotations"": 16, ""d"": 7, ""dense_l"": 9.0901, ""redundant"": 9, ""obs_zero"": true, ""frame_l"": 6.9773, ""chi_bits"": 1, ""mps_l"": 8.9715, ""hsf_k"": 1, ""hsf_na"": 16, ""hsf_nb"": 16, ""hsf_l"": 33.0028, ""sup"": 32, ""chi_bits0"": 1, ""mps_l0"": 8.9715, ""hsf_keff"": 1, ""hsf_l0"": 33.0028, ""sparse_l"": 38.9773, ""sv_l"": 38.9773, ""feat_secs"": 0.011548, ""feat_secs_frame"": 0.000144, ""feat_secs_hsf"": 0.011345}"
ct,"ct:n=32,L=2,t=16,nn=1",1,"{""n"": 32.0, ""L"": 2.0, ""t"": 16.0, ""nn"": 1.0}",planp,ok,0.000277,0.0041,2228224,0.0,0,0.0,0.0,engine=cstate aborted=[] plan_secs=0.000202,"{""n"": 32, ""gates"": 126, ""g2"": 31, ""g3"": 0, ""depth2"": 2, ""t_count"": 16, ""rotations"": 16, ""d"": 7, ""dense_l"": 9.0901, ""redundant"": 9, ""obs_zero"": true, ""frame_l"": 6.9773, ""chi_bits"": 1, ""mps_l"": 8.9715, ""hsf_k"": 1, ""hsf_na"": 16, ""hsf_nb"": 16, ""hsf_l"": 33.0028, ""sup"": 32, ""chi_bits0"": 1, ""mps_l0"": 8.9715, ""hsf_keff"": 1, ""hsf_l0"": 33.0028, ""sparse_l"": 38.9773, ""sv_l"": 38.9773, ""feat_secs"": 0.011548, ""feat_secs_frame"": 0.000144, ""feat_secs_hsf"": 0.011345}"
ct,"ct:n=32,L=2,t=16,nn=1",1,"{""n"": 32.0, ""L"": 2.0, ""t"": 16.0, ""nn"": 1.0}",plan,ok,0.000245,0.0044,2211840,0.0,0,0.0,0.0,engine=zero aborted=[] plan_secs=0.000237,"{""n"": 32, ""gates"": 126, ""g2"": 31, ""g3"": 0, ""depth2"": 2, ""t_count"": 16, ""rotations"": 16, ""d"": 7, ""dense_l"": 9.0901, ""redundant"": 9, ""obs_zero"": true, ""frame_l"": 6.9773, ""chi_bits"": 1, ""mps_l"": 8.9715, ""hsf_k"": 1, ""hsf_na"": 16, ""hsf_nb"": 16, ""hsf_l"": 33.0028, ""sup"": 32, ""chi_bits0"": 1, ""mps_l0"": 8.9715, ""hsf_keff"": 1, ""hsf_l0"": 33.0028, ""sparse_l"": 38.9773, ""sv_l"": 38.9773, ""feat_secs"": 0.011548, ""feat_secs_frame"": 0.000144, ""feat_secs_hsf"": 0.011345}"
ct,"ct:n=32,L=2,t=32,nn=1",1,"{""n"": 32.0, ""L"": 2.0, ""t"": 32.0, ""nn"": 1.0}",planx,ok,0.001257,0.0075,4685824,0.0,0,0.0,0.0,engine=cstate aborted=[] plan_secs=0.000227,"{""n"": 32, ""gates"": 154, ""g2"": 31, ""g3"": 0, ""depth2"": 2, ""t_count"": 32, ""rotations"": 32, ""d"": 17, ""dense_l"": 18.7129, ""redundant"": 15, ""obs_zero"": true, ""frame_l"": 7.2668, ""chi_bits"": 1, ""mps_l"": 9.1599, ""hsf_k"": 1, ""hsf_na"": 16, ""hsf_nb"": 16, ""hsf_l"": 33.0034, ""sup"": 31, ""chi_bits0"": 1, ""mps_l0"": 9.1599, ""hsf_keff"": 1, ""hsf_l0"": 33.0034, ""sparse_l"": 38.2668, ""sv_l"": 39.2668, ""feat_secs"": 0.01154, ""feat_secs_frame"": 0.000168, ""feat_secs_hsf"": 0.0113}"
ct,"ct:n=32,L=2,t=32,nn=1",1,"{""n"": 32.0, ""L"": 2.0, ""t"": 32.0, ""nn"": 1.0}",planp,ok,0.001434,0.0061,4669440,0.0,0,0.0,0.0,engine=cstate aborted=[] plan_secs=0.000251,"{""n"": 32, ""gates"": 154, ""g2"": 31, ""g3"": 0, ""depth2"": 2, ""t_count"": 32, ""rotations"": 32, ""d"": 17, ""dense_l"": 18.7129, ""redundant"": 15, ""obs_zero"": true, ""frame_l"": 7.2668, ""chi_bits"": 1, ""mps_l"": 9.1599, ""hsf_k"": 1, ""hsf_na"": 16, ""hsf_nb"": 16, ""hsf_l"": 33.0034, ""sup"": 31, ""chi_bits0"": 1, ""mps_l0"": 9.1599, ""hsf_keff"": 1, ""hsf_l0"": 33.0034, ""sparse_l"": 38.2668, ""sv_l"": 39.2668, ""feat_secs"": 0.01154, ""feat_secs_frame"": 0.000168, ""feat_secs_hsf"": 0.0113}"
ct,"ct:n=32,L=2,t=32,nn=1",1,"{""n"": 32.0, ""L"": 2.0, ""t"": 32.0, ""nn"": 1.0}",plan,ok,0.000236,0.0045,2244608,0.0,0,0.0,0.0,engine=zero aborted=[] plan_secs=0.000231,"{""n"": 32, ""gates"": 154, ""g2"": 31, ""g3"": 0, ""depth2"": 2, ""t_count"": 32, ""rotations"": 32, ""d"": 17, ""dense_l"": 18.7129, ""redundant"": 15, ""obs_zero"": true, ""frame_l"": 7.2668, ""chi_bits"": 1, ""mps_l"": 9.1599, ""hsf_k"": 1, ""hsf_na"": 16, ""hsf_nb"": 16, ""hsf_l"": 33.0034, ""sup"": 31, ""chi_bits0"": 1, ""mps_l0"": 9.1599, ""hsf_keff"": 1, ""hsf_l0"": 33.0034, ""sparse_l"": 38.2668, ""sv_l"": 39.2668, ""feat_secs"": 0.01154, ""feat_secs_frame"": 0.000168, ""feat_secs_hsf"": 0.0113}"
ct,"ct:n=32,L=2,t=64,nn=1",1,"{""n"": 32.0, ""L"": 2.0, ""t"": 64.0, ""nn"": 1.0}",planx,ok,0.000695,0.0045,2883584,1.573682893181952e-66,0,1.573682893181952e-66,0.0,engine=mps aborted=[] plan_secs=0.000461,"{""n"": 32, ""gates"": 226, ""g2"": 31, ""g3"": 0, ""depth2"": 2, ""t_count"": 64, ""rotations"": 64, ""d"": 24, ""dense_l"": 27.0931, ""redundant"": 40, ""obs_zero"": true, ""frame_l"": 7.8202, ""chi_bits"": 1, ""mps_l"": 9.5196, ""hsf_k"": 1, ""hsf_na"": 16, ""hsf_nb"": 16, ""hsf_l"": 33.005, ""sup"": 32, ""chi_bits0"": 1, ""mps_l0"": 9.5196, ""hsf_keff"": 1, ""hsf_l0"": 33.005, ""sparse_l"": 39.8202, ""sv_l"": 39.8202, ""feat_secs"": 0.011825, ""feat_secs_frame"": 0.000247, ""feat_secs_hsf"": 0.011478}"
ct,"ct:n=32,L=2,t=64,nn=1",1,"{""n"": 32.0, ""L"": 2.0, ""t"": 64.0, ""nn"": 1.0}",planp,ok,0.000818,0.0066,2867200,1.573682893181952e-66,0,1.573682893181952e-66,0.0,engine=mps aborted=[] plan_secs=0.000559,"{""n"": 32, ""gates"": 226, ""g2"": 31, ""g3"": 0, ""depth2"": 2, ""t_count"": 64, ""rotations"": 64, ""d"": 24, ""dense_l"": 27.0931, ""redundant"": 40, ""obs_zero"": true, ""frame_l"": 7.8202, ""chi_bits"": 1, ""mps_l"": 9.5196, ""hsf_k"": 1, ""hsf_na"": 16, ""hsf_nb"": 16, ""hsf_l"": 33.005, ""sup"": 32, ""chi_bits0"": 1, ""mps_l0"": 9.5196, ""hsf_keff"": 1, ""hsf_l0"": 33.005, ""sparse_l"": 39.8202, ""sv_l"": 39.8202, ""feat_secs"": 0.011825, ""feat_secs_frame"": 0.000247, ""feat_secs_hsf"": 0.011478}"
ct,"ct:n=32,L=2,t=64,nn=1",1,"{""n"": 32.0, ""L"": 2.0, ""t"": 64.0, ""nn"": 1.0}",plan,ok,0.00054,0.0045,2392064,0.0,0,1.573682893181952e-66,1.573682893181952e-66,engine=zero aborted=[] plan_secs=0.000533,"{""n"": 32, ""gates"": 226, ""g2"": 31, ""g3"": 0, ""depth2"": 2, ""t_count"": 64, ""rotations"": 64, ""d"": 24, ""dense_l"": 27.0931, ""redundant"": 40, ""obs_zero"": true, ""frame_l"": 7.8202, ""chi_bits"": 1, ""mps_l"": 9.5196, ""hsf_k"": 1, ""hsf_na"": 16, ""hsf_nb"": 16, ""hsf_l"": 33.005, ""sup"": 32, ""chi_bits0"": 1, ""mps_l0"": 9.5196, ""hsf_keff"": 1, ""hsf_l0"": 33.005, ""sparse_l"": 39.8202, ""sv_l"": 39.8202, ""feat_secs"": 0.011825, ""feat_secs_frame"": 0.000247, ""feat_secs_hsf"": 0.011478}"
ct,"ct:n=32,L=4,t=4,nn=1",1,"{""n"": 32.0, ""L"": 4.0, ""t"": 4.0, ""nn"": 1.0}",planx,ok,0.000511,0.0073,2244608,0.0,0,0.0,0.0,engine=cstate aborted=[] plan_secs=0.000396,"{""n"": 32, ""gates"": 197, ""g2"": 62, ""g3"": 0, ""depth2"": 4, ""t_count"": 4, ""rotations"": 4, ""d"": 4, ""dense_l"": 4.9069, ""redundant"": 0, ""obs_zero"": true, ""frame_l"": 7.6221, ""chi_bits"": 2, ""mps_l"": 11.5531, ""hsf_k"": 2, ""hsf_na"": 16, ""hsf_nb"": 16, ""hsf_l"": 34.0043, ""sup"": 32, ""chi_bits0"": 2, ""mps_l0"": 11.5531, ""hsf_keff"": 2, ""hsf_l0"": 34.0043, ""sparse_l"": 39.6221, ""sv_l"": 39.6221, ""feat_secs"": 0.011773, ""feat_secs_frame"": 0.000209, ""feat_secs_hsf"": 0.011474}"
ct,"ct:n=32,L=4,t=4,nn=1",1,"{""n"": 32.0, ""L"": 4.0, ""t"": 4.0, ""nn"": 1.0}",planp,ok,0.000401,0.0066,2277376,0.0,0,0.0,0.0,engine=cstate aborted=[] plan_secs=0.000296,"{""n"": 32, ""gates"": 197, ""g2"": 62, ""g3"": 0, ""depth2"": 4, ""t_count"": 4, ""rotations"": 4, ""d"": 4, ""dense_l"": 4.9069, ""redundant"": 0, ""obs_zero"": true, ""frame_l"": 7.6221, ""chi_bits"": 2, ""mps_l"": 11.5531, ""hsf_k"": 2, ""hsf_na"": 16, ""hsf_nb"": 16, ""hsf_l"": 34.0043, ""sup"": 32, ""chi_bits0"": 2, ""mps_l0"": 11.5531, ""hsf_keff"": 2, ""hsf_l0"": 34.0043, ""sparse_l"": 39.6221, ""sv_l"": 39.6221, ""feat_secs"": 0.011773, ""feat_secs_frame"": 0.000209, ""feat_secs_hsf"": 0.011474}"
ct,"ct:n=32,L=4,t=4,nn=1",1,"{""n"": 32.0, ""L"": 4.0, ""t"": 4.0, ""nn"": 1.0}",plan,ok,0.000309,0.0063,2228224,0.0,0,0.0,0.0,engine=zero aborted=[] plan_secs=0.000303,"{""n"": 32, ""gates"": 197, ""g2"": 62, ""g3"": 0, ""depth2"": 4, ""t_count"": 4, ""rotations"": 4, ""d"": 4, ""dense_l"": 4.9069, ""redundant"": 0, ""obs_zero"": true, ""frame_l"": 7.6221, ""chi_bits"": 2, ""mps_l"": 11.5531, ""hsf_k"": 2, ""hsf_na"": 16, ""hsf_nb"": 16, ""hsf_l"": 34.0043, ""sup"": 32, ""chi_bits0"": 2, ""mps_l0"": 11.5531, ""hsf_keff"": 2, ""hsf_l0"": 34.0043, ""sparse_l"": 39.6221, ""sv_l"": 39.6221, ""feat_secs"": 0.011773, ""feat_secs_frame"": 0.000209, ""feat_secs_hsf"": 0.011474}"
ct,"ct:n=32,L=4,t=16,nn=1",1,"{""n"": 32.0, ""L"": 4.0, ""t"": 16.0, ""nn"": 1.0}",planx,ok,0.000443,0.0043,2293760,0.0,0,0.0,0.0,engine=cstate aborted=[] plan_secs=0.000317,"{""n"": 32, ""gates"": 227, ""g2"": 62, ""g3"": 0, ""depth2"": 4, ""t_count"": 16, ""rotations"": 16, ""d"": 11, ""dense_l"": 12.0878, ""redundant"": 5, ""obs_zero"": true, ""frame_l"": 7.8265, ""chi_bits"": 2, ""mps_l"": 11.6193, ""hsf_k"": 2, ""hsf_na"": 16, ""hsf_nb"": 16, ""hsf_l"": 34.005, ""sup"": 31, ""chi_bits0"": 2, ""mps_l0"": 11.6193, ""hsf_keff"": 2, ""hsf_l0"": 34.005, ""sparse_l"": 38.8265, ""sv_l"": 39.8265, ""feat_secs"": 0.011815, ""feat_secs_frame"": 0.000233, ""feat_secs_hsf"": 0.011489}"
ct,"ct:n=32,L=4,t=16,nn=1",1,"{""n"": 32.0, ""L"": 4.0, ""t"": 16.0, ""nn"": 1.0}",planp,ok,0.00051,0.0044,2310144,0.0,0,0.0,0.0,engine=cstate aborted=[] plan_secs=0.000357,"{""n"": 32, ""gates"": 227, ""g2"": 62, ""g3"": 0, ""depth2"": 4, ""t_count"": 16, ""rotations"": 16, ""d"": 11, ""dense_l"": 12.0878, ""redundant"": 5, ""obs_zero"": true, ""frame_l"": 7.8265, ""chi_bits"": 2, ""mps_l"": 11.6193, ""hsf_k"": 2, ""hsf_na"": 16, ""hsf_nb"": 16, ""hsf_l"": 34.005, ""sup"": 31, ""chi_bits0"": 2, ""mps_l0"": 11.6193, ""hsf_keff"": 2, ""hsf_l0"": 34.005, ""sparse_l"": 38.8265, ""sv_l"": 39.8265, ""feat_secs"": 0.011815, ""feat_secs_frame"": 0.000233, ""feat_secs_hsf"": 0.011489}"
ct,"ct:n=32,L=4,t=16,nn=1",1,"{""n"": 32.0, ""L"": 4.0, ""t"": 16.0, ""nn"": 1.0}",plan,ok,0.000325,0.0045,2260992,0.0,0,0.0,0.0,engine=zero aborted=[] plan_secs=0.000320,"{""n"": 32, ""gates"": 227, ""g2"": 62, ""g3"": 0, ""depth2"": 4, ""t_count"": 16, ""rotations"": 16, ""d"": 11, ""dense_l"": 12.0878, ""redundant"": 5, ""obs_zero"": true, ""frame_l"": 7.8265, ""chi_bits"": 2, ""mps_l"": 11.6193, ""hsf_k"": 2, ""hsf_na"": 16, ""hsf_nb"": 16, ""hsf_l"": 34.005, ""sup"": 31, ""chi_bits0"": 2, ""mps_l0"": 11.6193, ""hsf_keff"": 2, ""hsf_l0"": 34.005, ""sparse_l"": 38.8265, ""sv_l"": 39.8265, ""feat_secs"": 0.011815, ""feat_secs_frame"": 0.000233, ""feat_secs_hsf"": 0.011489}"
ct,"ct:n=32,L=4,t=32,nn=1",1,"{""n"": 32.0, ""L"": 4.0, ""t"": 32.0, ""nn"": 1.0}",planx,ok,0.000975,0.0074,2899968,8.524761705753694e-94,0,8.524761705753694e-94,0.0,engine=mps aborted=[] plan_secs=0.000593,"{""n"": 32, ""gates"": 250, ""g2"": 62, ""g3"": 0, ""depth2"": 4, ""t_count"": 32, ""rotations"": 32, ""d"": 20, ""dense_l"": 21.5266, ""redundant"": 12, ""obs_zero"": true, ""frame_l"": 7.9658, ""chi_bits"": 2, ""mps_l"": 11.6742, ""hsf_k"": 2, ""hsf_na"": 16, ""hsf_nb"": 16, ""hsf_l"": 34.0055, ""sup"": 32, ""chi_bits0"": 2, ""mps_l0"": 11.6742, ""hsf_keff"": 2, ""hsf_l0"": 34.0055, ""sparse_l"": 39.9658, ""sv_l"": 39.9658, ""feat_secs"": 0.012215, ""feat_secs_frame"": 0.000246, ""feat_secs_hsf"": 0.011867}"
ct,"ct:n=32,L=4,t=32,nn=1",1,"{""n"": 32.0, ""L"": 4.0, ""t"": 32.0, ""nn"": 1.0}",planp,ok,0.000969,0.0067,2949120,8.524761705753694e-94,0,8.524761705753694e-94,0.0,engine=mps aborted=[] plan_secs=0.000592,"{""n"": 32, ""gates"": 250, ""g2"": 62, ""g3"": 0, ""depth2"": 4, ""t_count"": 32, ""rotations"": 32, ""d"": 20, ""dense_l"": 21.5266, ""redundant"": 12, ""obs_zero"": true, ""frame_l"": 7.9658, ""chi_bits"": 2, ""mps_l"": 11.6742, ""hsf_k"": 2, ""hsf_na"": 16, ""hsf_nb"": 16, ""hsf_l"": 34.0055, ""sup"": 32, ""chi_bits0"": 2, ""mps_l0"": 11.6742, ""hsf_keff"": 2, ""hsf_l0"": 34.0055, ""sparse_l"": 39.9658, ""sv_l"": 39.9658, ""feat_secs"": 0.012215, ""feat_secs_frame"": 0.000246, ""feat_secs_hsf"": 0.011867}"
ct,"ct:n=32,L=4,t=32,nn=1",1,"{""n"": 32.0, ""L"": 4.0, ""t"": 32.0, ""nn"": 1.0}",plan,ok,0.0006,0.0044,2392064,0.0,0,8.524761705753694e-94,8.524761705753694e-94,engine=zero aborted=[] plan_secs=0.000594,"{""n"": 32, ""gates"": 250, ""g2"": 62, ""g3"": 0, ""depth2"": 4, ""t_count"": 32, ""rotations"": 32, ""d"": 20, ""dense_l"": 21.5266, ""redundant"": 12, ""obs_zero"": true, ""frame_l"": 7.9658, ""chi_bits"": 2, ""mps_l"": 11.6742, ""hsf_k"": 2, ""hsf_na"": 16, ""hsf_nb"": 16, ""hsf_l"": 34.0055, ""sup"": 32, ""chi_bits0"": 2, ""mps_l0"": 11.6742, ""hsf_keff"": 2, ""hsf_l0"": 34.0055, ""sparse_l"": 39.9658, ""sv_l"": 39.9658, ""feat_secs"": 0.012215, ""feat_secs_frame"": 0.000246, ""feat_secs_hsf"": 0.011867}"
ct,"ct:n=32,L=4,t=64,nn=1",1,"{""n"": 32.0, ""L"": 4.0, ""t"": 64.0, ""nn"": 1.0}",planx,ok,0.001146,0.0075,3096576,3.61837821140227e-96,0,3.61837821140227e-96,0.0,engine=mps aborted=[] plan_secs=0.000722,"{""n"": 32, ""gates"": 324, ""g2"": 62, ""g3"": 0, ""depth2"": 4, ""t_count"": 64, ""rotations"": 64, ""d"": 27, ""dense_l"": 29.5919, ""redundant"": 37, ""obs_zero"": true, ""frame_l"": 8.3399, ""chi_bits"": 2, ""mps_l"": 11.7993, ""hsf_k"": 2, ""hsf_na"": 16, ""hsf_nb"": 16, ""hsf_l"": 34.0071, ""sup"": 32, ""chi_bits0"": 2, ""mps_l0"": 11.7993, ""hsf_keff"": 2, ""hsf_l0"": 34.0071, ""sparse_l"": 40.3399, ""sv_l"": 40.3399, ""feat_secs"": 0.011947, ""feat_secs_frame"": 0.000335, ""feat_secs_hsf"": 0.011459}"
ct,"ct:n=32,L=4,t=64,nn=1",1,"{""n"": 32.0, ""L"": 4.0, ""t"": 64.0, ""nn"": 1.0}",planp,ok,0.001104,0.0066,2965504,3.61837821140227e-96,0,3.61837821140227e-96,0.0,engine=mps aborted=[] plan_secs=0.000720,"{""n"": 32, ""gates"": 324, ""g2"": 62, ""g3"": 0, ""depth2"": 4, ""t_count"": 64, ""rotations"": 64, ""d"": 27, ""dense_l"": 29.5919, ""redundant"": 37, ""obs_zero"": true, ""frame_l"": 8.3399, ""chi_bits"": 2, ""mps_l"": 11.7993, ""hsf_k"": 2, ""hsf_na"": 16, ""hsf_nb"": 16, ""hsf_l"": 34.0071, ""sup"": 32, ""chi_bits0"": 2, ""mps_l0"": 11.7993, ""hsf_keff"": 2, ""hsf_l0"": 34.0071, ""sparse_l"": 40.3399, ""sv_l"": 40.3399, ""feat_secs"": 0.011947, ""feat_secs_frame"": 0.000335, ""feat_secs_hsf"": 0.011459}"
ct,"ct:n=32,L=4,t=64,nn=1",1,"{""n"": 32.0, ""L"": 4.0, ""t"": 64.0, ""nn"": 1.0}",plan,ok,0.000824,0.0075,2473984,0.0,0,3.61837821140227e-96,3.61837821140227e-96,engine=zero aborted=[] plan_secs=0.000816,"{""n"": 32, ""gates"": 324, ""g2"": 62, ""g3"": 0, ""depth2"": 4, ""t_count"": 64, ""rotations"": 64, ""d"": 27, ""dense_l"": 29.5919, ""redundant"": 37, ""obs_zero"": true, ""frame_l"": 8.3399, ""chi_bits"": 2, ""mps_l"": 11.7993, ""hsf_k"": 2, ""hsf_na"": 16, ""hsf_nb"": 16, ""hsf_l"": 34.0071, ""sup"": 32, ""chi_bits0"": 2, ""mps_l0"": 11.7993, ""hsf_keff"": 2, ""hsf_l0"": 34.0071, ""sparse_l"": 40.3399, ""sv_l"": 40.3399, ""feat_secs"": 0.011947, ""feat_secs_frame"": 0.000335, ""feat_secs_hsf"": 0.011459}"
ct,"ct:n=32,L=8,t=4,nn=1",1,"{""n"": 32.0, ""L"": 8.0, ""t"": 4.0, ""nn"": 1.0}",planx,ok,0.000734,0.0044,2359296,0.0,0,0.0,0.0,engine=cstate aborted=[] plan_secs=0.000550,"{""n"": 32, ""gates"": 382, ""g2"": 124, ""g3"": 0, ""depth2"": 8, ""t_count"": 4, ""rotations"": 4, ""d"": 4, ""dense_l"": 4.9069, ""redundant"": 0, ""obs_zero"": true, ""frame_l"": 8.5774, ""chi_bits"": 4, ""mps_l"": 17.0047, ""hsf_k"": 4, ""hsf_na"": 16, ""hsf_nb"": 16, ""hsf_l"": 36.0084, ""sup"": 32, ""chi_bits0"": 4, ""mps_l0"": 17.0047, ""hsf_keff"": 4, ""hsf_l0"": 36.0084, ""sparse_l"": 40.5774, ""sv_l"": 40.5774, ""feat_secs"": 0.011993, ""feat_secs_frame"": 0.000377, ""feat_secs_hsf"": 0.011428}"
ct,"ct:n=32,L=8,t=4,nn=1",1,"{""n"": 32.0, ""L"": 8.0, ""t"": 4.0, ""nn"": 1.0}",planp,ok,0.000704,0.0070,2375680,0.0,0,0.0,0.0,engine=cstate aborted=[] plan_secs=0.000520,"{""n"": 32, ""gates"": 382, ""g2"": 124, ""g3"": 0, ""depth2"": 8, ""t_count"": 4, ""rotations"": 4, ""d"": 4, ""dense_l"": 4.9069, ""redundant"": 0, ""obs_zero"": true, ""frame_l"": 8.5774, ""chi_bits"": 4, ""mps_l"": 17.0047, ""hsf_k"": 4, ""hsf_na"": 16, ""hsf_nb"": 16, ""hsf_l"": 36.0084, ""sup"": 32, ""chi_bits0"": 4, ""mps_l0"": 17.0047, ""hsf_keff"": 4, ""hsf_l0"": 36.0084, ""sparse_l"": 40.5774, ""sv_l"": 40.5774, ""feat_secs"": 0.011993, ""feat_secs_frame"": 0.000377, ""feat_secs_hsf"": 0.011428}"
ct,"ct:n=32,L=8,t=4,nn=1",1,"{""n"": 32.0, ""L"": 8.0, ""t"": 4.0, ""nn"": 1.0}",plan,ok,0.000523,0.0068,2359296,0.0,0,0.0,0.0,engine=zero aborted=[] plan_secs=0.000515,"{""n"": 32, ""gates"": 382, ""g2"": 124, ""g3"": 0, ""depth2"": 8, ""t_count"": 4, ""rotations"": 4, ""d"": 4, ""dense_l"": 4.9069, ""redundant"": 0, ""obs_zero"": true, ""frame_l"": 8.5774, ""chi_bits"": 4, ""mps_l"": 17.0047, ""hsf_k"": 4, ""hsf_na"": 16, ""hsf_nb"": 16, ""hsf_l"": 36.0084, ""sup"": 32, ""chi_bits0"": 4, ""mps_l0"": 17.0047, ""hsf_keff"": 4, ""hsf_l0"": 36.0084, ""sparse_l"": 40.5774, ""sv_l"": 40.5774, ""feat_secs"": 0.011993, ""feat_secs_frame"": 0.000377, ""feat_secs_hsf"": 0.011428}"
ct,"ct:n=32,L=8,t=16,nn=1",1,"{""n"": 32.0, ""L"": 8.0, ""t"": 16.0, ""nn"": 1.0}",planx,ok,0.001012,0.0064,3178496,0.0,0,0.0,0.0,engine=cstate aborted=[] plan_secs=0.000540,"{""n"": 32, ""gates"": 400, ""g2"": 124, ""g3"": 0, ""depth2"": 8, ""t_count"": 16, ""rotations"": 16, ""d"": 15, ""dense_l"": 16.0, ""redundant"": 1, ""obs_zero"": true, ""frame_l"": 8.6439, ""chi_bits"": 4, ""mps_l"": 17.0007, ""hsf_k"": 4, ""hsf_na"": 16, ""hsf_nb"": 16, ""hsf_l"": 36.0088, ""sup"": 32, ""chi_bits0"": 4, ""mps_l0"": 17.0007, ""hsf_keff"": 4, ""hsf_l0"": 36.0088, ""sparse_l"": 40.6439, ""sv_l"": 40.6439, ""feat_secs"": 0.012522, ""feat_secs_frame"": 0.000392, ""feat_secs_hsf"": 0.011975}"
ct,"ct:n=32,L=8,t=16,nn=1",1,"{""n"": 32.0, ""L"": 8.0, ""t"": 16.0, ""nn"": 1.0}",planp,ok,0.000941,0.0067,3178496,0.0,0,0.0,0.0,engine=cstate aborted=[] plan_secs=0.000533,"{""n"": 32, ""gates"": 400, ""g2"": 124, ""g3"": 0, ""depth2"": 8, ""t_count"": 16, ""rotations"": 16, ""d"": 15, ""dense_l"": 16.0, ""redundant"": 1, ""obs_zero"": true, ""frame_l"": 8.6439, ""chi_bits"": 4, ""mps_l"": 17.0007, ""hsf_k"": 4, ""hsf_na"": 16, ""hsf_nb"": 16, ""hsf_l"": 36.0088, ""sup"": 32, ""chi_bits0"": 4, ""mps_l0"": 17.0007, ""hsf_keff"": 4, ""hsf_l0"": 36.0088, ""sparse_l"": 40.6439, ""sv_l"": 40.6439, ""feat_secs"": 0.012522, ""feat_secs_frame"": 0.000392, ""feat_secs_hsf"": 0.011975}"
ct,"ct:n=32,L=8,t=16,nn=1",1,"{""n"": 32.0, ""L"": 8.0, ""t"": 16.0, ""nn"": 1.0}",plan,ok,0.000629,0.0063,2359296,0.0,0,0.0,0.0,engine=zero aborted=[] plan_secs=0.000622,"{""n"": 32, ""gates"": 400, ""g2"": 124, ""g3"": 0, ""depth2"": 8, ""t_count"": 16, ""rotations"": 16, ""d"": 15, ""dense_l"": 16.0, ""redundant"": 1, ""obs_zero"": true, ""frame_l"": 8.6439, ""chi_bits"": 4, ""mps_l"": 17.0007, ""hsf_k"": 4, ""hsf_na"": 16, ""hsf_nb"": 16, ""hsf_l"": 36.0088, ""sup"": 32, ""chi_bits0"": 4, ""mps_l0"": 17.0007, ""hsf_keff"": 4, ""hsf_l0"": 36.0088, ""sparse_l"": 40.6439, ""sv_l"": 40.6439, ""feat_secs"": 0.012522, ""feat_secs_frame"": 0.000392, ""feat_secs_hsf"": 0.011975}"
ct,"ct:n=32,L=8,t=32,nn=1",1,"{""n"": 32.0, ""L"": 8.0, ""t"": 32.0, ""nn"": 1.0}",planx,ok,0.001969,0.0076,3080192,1.213675659368292e-49,0,1.213675659368292e-49,0.0,engine=mps aborted=[] plan_secs=0.001046,"{""n"": 32, ""gates"": 426, ""g2"": 124, ""g3"": 0, ""depth2"": 8, ""t_count"": 32, ""rotations"": 32, ""d"": 23, ""dense_l"": 24.1504, ""redundant"": 9, ""obs_zero"": true, ""frame_l"": 8.7347, ""chi_bits"": 4, ""mps_l"": 17.0106, ""hsf_k"": 4, ""hsf_na"": 16, ""hsf_nb"": 16, ""hsf_l"": 36.0093, ""sup"": 32, ""chi_bits0"": 4, ""mps_l0"": 17.0106, ""hsf_keff"": 4, ""hsf_l0"": 36.0093, ""sparse_l"": 40.7347, ""sv_l"": 40.7347, ""feat_secs"": 0.012033, ""feat_secs_frame"": 0.000394, ""feat_secs_hsf"": 0.011477}"
ct,"ct:n=32,L=8,t=32,nn=1",1,"{""n"": 32.0, ""L"": 8.0, ""t"": 32.0, ""nn"": 1.0}",planp,ok,0.002399,0.0092,3162112,1.213675659368292e-49,0,1.213675659368292e-49,0.0,engine=mps aborted=[] plan_secs=0.001207,"{""n"": 32, ""gates"": 426, ""g2"": 124, ""g3"": 0, ""depth2"": 8, ""t_count"": 32, ""rotations"": 32, ""d"": 23, ""dense_l"": 24.1504, ""redundant"": 9, ""obs_zero"": true, ""frame_l"": 8.7347, ""chi_bits"": 4, ""mps_l"": 17.0106, ""hsf_k"": 4, ""hsf_na"": 16, ""hsf_nb"": 16, ""hsf_l"": 36.0093, ""sup"": 32, ""chi_bits0"": 4, ""mps_l0"": 17.0106, ""hsf_keff"": 4, ""hsf_l0"": 36.0093, ""sparse_l"": 40.7347, ""sv_l"": 40.7347, ""feat_secs"": 0.012033, ""feat_secs_frame"": 0.000394, ""feat_secs_hsf"": 0.011477}"
ct,"ct:n=32,L=8,t=32,nn=1",1,"{""n"": 32.0, ""L"": 8.0, ""t"": 32.0, ""nn"": 1.0}",plan,ok,0.001088,0.0062,2490368,0.0,0,1.213675659368292e-49,1.213675659368292e-49,engine=zero aborted=[] plan_secs=0.001077,"{""n"": 32, ""gates"": 426, ""g2"": 124, ""g3"": 0, ""depth2"": 8, ""t_count"": 32, ""rotations"": 32, ""d"": 23, ""dense_l"": 24.1504, ""redundant"": 9, ""obs_zero"": true, ""frame_l"": 8.7347, ""chi_bits"": 4, ""mps_l"": 17.0106, ""hsf_k"": 4, ""hsf_na"": 16, ""hsf_nb"": 16, ""hsf_l"": 36.0093, ""sup"": 32, ""chi_bits0"": 4, ""mps_l0"": 17.0106, ""hsf_keff"": 4, ""hsf_l0"": 36.0093, ""sparse_l"": 40.7347, ""sv_l"": 40.7347, ""feat_secs"": 0.012033, ""feat_secs_frame"": 0.000394, ""feat_secs_hsf"": 0.011477}"
ct,"ct:n=32,L=8,t=64,nn=1",1,"{""n"": 32.0, ""L"": 8.0, ""t"": 64.0, ""nn"": 1.0}",planx,ok,0.002429,0.0076,3211264,-4.299511692150573e-48,0,-4.299511692150573e-48,0.0,engine=mps aborted=[] plan_secs=0.001324,"{""n"": 32, ""gates"": 506, ""g2"": 124, ""g3"": 0, ""depth2"": 8, ""t_count"": 64, ""rotations"": 64, ""d"": 30, ""dense_l"": 33.6497, ""redundant"": 34, ""obs_zero"": false, ""frame_l"": 23.0, ""chi_bits"": 4, ""mps_l"": 17.0482, ""hsf_k"": 4, ""hsf_na"": 16, ""hsf_nb"": 16, ""hsf_l"": 36.0111, ""sup"": 32, ""chi_bits0"": 4, ""mps_l0"": 17.0482, ""hsf_keff"": 4, ""hsf_l0"": 36.0111, ""sparse_l"": 40.983, ""sv_l"": 40.983, ""feat_secs"": 0.012115, ""feat_secs_frame"": 0.000451, ""feat_secs_hsf"": 0.011464}"
ct,"ct:n=32,L=8,t=64,nn=1",1,"{""n"": 32.0, ""L"": 8.0, ""t"": 64.0, ""nn"": 1.0}",planp,ok,0.00225,0.0071,3178496,-4.299511692150573e-48,0,-4.299511692150573e-48,0.0,engine=mps aborted=[] plan_secs=0.001241,"{""n"": 32, ""gates"": 506, ""g2"": 124, ""g3"": 0, ""depth2"": 8, ""t_count"": 64, ""rotations"": 64, ""d"": 30, ""dense_l"": 33.6497, ""redundant"": 34, ""obs_zero"": false, ""frame_l"": 23.0, ""chi_bits"": 4, ""mps_l"": 17.0482, ""hsf_k"": 4, ""hsf_na"": 16, ""hsf_nb"": 16, ""hsf_l"": 36.0111, ""sup"": 32, ""chi_bits0"": 4, ""mps_l0"": 17.0482, ""hsf_keff"": 4, ""hsf_l0"": 36.0111, ""sparse_l"": 40.983, ""sv_l"": 40.983, ""feat_secs"": 0.012115, ""feat_secs_frame"": 0.000451, ""feat_secs_hsf"": 0.011464}"
ct,"ct:n=32,L=8,t=64,nn=1",1,"{""n"": 32.0, ""L"": 8.0, ""t"": 64.0, ""nn"": 1.0}",plan,ok,0.002508,0.0074,3309568,-4.299511692150573e-48,0,-4.299511692150573e-48,0.0,engine=mps aborted=[] plan_secs=0.001472,"{""n"": 32, ""gates"": 506, ""g2"": 124, ""g3"": 0, ""depth2"": 8, ""t_count"": 64, ""rotations"": 64, ""d"": 30, ""dense_l"": 33.6497, ""redundant"": 34, ""obs_zero"": false, ""frame_l"": 23.0, ""chi_bits"": 4, ""mps_l"": 17.0482, ""hsf_k"": 4, ""hsf_na"": 16, ""hsf_nb"": 16, ""hsf_l"": 36.0111, ""sup"": 32, ""chi_bits0"": 4, ""mps_l0"": 17.0482, ""hsf_keff"": 4, ""hsf_l0"": 36.0111, ""sparse_l"": 40.983, ""sv_l"": 40.983, ""feat_secs"": 0.012115, ""feat_secs_frame"": 0.000451, ""feat_secs_hsf"": 0.011464}"
ct,"ct:n=32,L=16,t=4,nn=1",1,"{""n"": 32.0, ""L"": 16.0, ""t"": 4.0, ""nn"": 1.0}",planx,ok,0.0013,0.0075,2490368,0.0,0,0.0,0.0,engine=cstate aborted=[] plan_secs=0.000956,"{""n"": 32, ""gates"": 747, ""g2"": 248, ""g3"": 0, ""depth2"": 16, ""t_count"": 4, ""rotations"": 4, ""d"": 4, ""dense_l"": 4.9069, ""redundant"": 0, ""obs_zero"": true, ""frame_l"": 9.545, ""chi_bits"": 8, ""mps_l"": 28.3371, ""hsf_k"": 8, ""hsf_na"": 16, ""hsf_nb"": 16, ""hsf_l"": 40.0164, ""sup"": 32, ""chi_bits0"": 8, ""mps_l0"": 28.3371, ""hsf_keff"": 8, ""hsf_l0"": 40.0164, ""sparse_l"": 41.545, ""sv_l"": 41.545, ""feat_secs"": 0.013103, ""feat_secs_frame"": 0.000792, ""feat_secs_hsf"": 0.012035}"
ct,"ct:n=32,L=16,t=4,nn=1",1,"{""n"": 32.0, ""L"": 16.0, ""t"": 4.0, ""nn"": 1.0}",planp,ok,0.001337,0.0065,2506752,0.0,0,0.0,0.0,engine=cstate aborted=[] plan_secs=0.000973,"{""n"": 32, ""gates"": 747, ""g2"": 248, ""g3"": 0, ""depth2"": 16, ""t_count"": 4, ""rotations"": 4, ""d"": 4, ""dense_l"": 4.9069, ""redundant"": 0, ""obs_zero"": true, ""frame_l"": 9.545, ""chi_bits"": 8, ""mps_l"": 28.3371, ""hsf_k"": 8, ""hsf_na"": 16, ""hsf_nb"": 16, ""hsf_l"": 40.0164, ""sup"": 32, ""chi_bits0"": 8, ""mps_l0"": 28.3371, ""hsf_keff"": 8, ""hsf_l0"": 40.0164, ""sparse_l"": 41.545, ""sv_l"": 41.545, ""feat_secs"": 0.013103, ""feat_secs_frame"": 0.000792, ""feat_secs_hsf"": 0.012035}"
ct,"ct:n=32,L=16,t=4,nn=1",1,"{""n"": 32.0, ""L"": 16.0, ""t"": 4.0, ""nn"": 1.0}",plan,ok,0.001048,0.0070,2490368,0.0,0,0.0,0.0,engine=zero aborted=[] plan_secs=0.001040,"{""n"": 32, ""gates"": 747, ""g2"": 248, ""g3"": 0, ""depth2"": 16, ""t_count"": 4, ""rotations"": 4, ""d"": 4, ""dense_l"": 4.9069, ""redundant"": 0, ""obs_zero"": true, ""frame_l"": 9.545, ""chi_bits"": 8, ""mps_l"": 28.3371, ""hsf_k"": 8, ""hsf_na"": 16, ""hsf_nb"": 16, ""hsf_l"": 40.0164, ""sup"": 32, ""chi_bits0"": 8, ""mps_l0"": 28.3371, ""hsf_keff"": 8, ""hsf_l0"": 40.0164, ""sparse_l"": 41.545, ""sv_l"": 41.545, ""feat_secs"": 0.013103, ""feat_secs_frame"": 0.000792, ""feat_secs_hsf"": 0.012035}"
ct,"ct:n=32,L=16,t=16,nn=1",1,"{""n"": 32.0, ""L"": 16.0, ""t"": 16.0, ""nn"": 1.0}",planx,ok,0.001608,0.0070,3260416,0.0,0,0.0,0.0,engine=cstate aborted=[] plan_secs=0.001012,"{""n"": 32, ""gates"": 775, ""g2"": 248, ""g3"": 0, ""depth2"": 16, ""t_count"": 16, ""rotations"": 16, ""d"": 15, ""dense_l"": 16.0, ""redundant"": 1, ""obs_zero"": true, ""frame_l"": 9.5981, ""chi_bits"": 8, ""mps_l"": 28.3376, ""hsf_k"": 8, ""hsf_na"": 16, ""hsf_nb"": 16, ""hsf_l"": 40.017, ""sup"": 32, ""chi_bits0"": 8, ""mps_l0"": 28.3376, ""hsf_keff"": 8, ""hsf_l0"": 40.017, ""sparse_l"": 41.5981, ""sv_l"": 41.5981, ""feat_secs"": 0.012733, ""feat_secs_frame"": 0.000731, ""feat_secs_hsf"": 0.011686}"
ct,"ct:n=32,L=16,t=16,nn=1",1,"{""n"": 32.0, ""L"": 16.0, ""t"": 16.0, ""nn"": 1.0}",planp,ok,0.001602,0.0074,3260416,0.0,0,0.0,0.0,engine=cstate aborted=[] plan_secs=0.000986,"{""n"": 32, ""gates"": 775, ""g2"": 248, ""g3"": 0, ""depth2"": 16, ""t_count"": 16, ""rotations"": 16, ""d"": 15, ""dense_l"": 16.0, ""redundant"": 1, ""obs_zero"": true, ""frame_l"": 9.5981, ""chi_bits"": 8, ""mps_l"": 28.3376, ""hsf_k"": 8, ""hsf_na"": 16, ""hsf_nb"": 16, ""hsf_l"": 40.017, ""sup"": 32, ""chi_bits0"": 8, ""mps_l0"": 28.3376, ""hsf_keff"": 8, ""hsf_l0"": 40.017, ""sparse_l"": 41.5981, ""sv_l"": 41.5981, ""feat_secs"": 0.012733, ""feat_secs_frame"": 0.000731, ""feat_secs_hsf"": 0.011686}"
ct,"ct:n=32,L=16,t=16,nn=1",1,"{""n"": 32.0, ""L"": 16.0, ""t"": 16.0, ""nn"": 1.0}",plan,ok,0.000989,0.0067,2490368,0.0,0,0.0,0.0,engine=zero aborted=[] plan_secs=0.000982,"{""n"": 32, ""gates"": 775, ""g2"": 248, ""g3"": 0, ""depth2"": 16, ""t_count"": 16, ""rotations"": 16, ""d"": 15, ""dense_l"": 16.0, ""redundant"": 1, ""obs_zero"": true, ""frame_l"": 9.5981, ""chi_bits"": 8, ""mps_l"": 28.3376, ""hsf_k"": 8, ""hsf_na"": 16, ""hsf_nb"": 16, ""hsf_l"": 40.017, ""sup"": 32, ""chi_bits0"": 8, ""mps_l0"": 28.3376, ""hsf_keff"": 8, ""hsf_l0"": 40.017, ""sparse_l"": 41.5981, ""sv_l"": 41.5981, ""feat_secs"": 0.012733, ""feat_secs_frame"": 0.000731, ""feat_secs_hsf"": 0.011686}"
ct,"ct:n=32,L=16,t=32,nn=1",1,"{""n"": 32.0, ""L"": 16.0, ""t"": 32.0, ""nn"": 1.0}",planx,ok,0.018452,0.0232,5308416,9.930659071294477e-49,0,9.930659071294477e-49,0.0,engine=mps aborted=[] plan_secs=0.002078,"{""n"": 32, ""gates"": 809, ""g2"": 248, ""g3"": 0, ""depth2"": 16, ""t_count"": 32, ""rotations"": 32, ""d"": 26, ""dense_l"": 27.1523, ""redundant"": 6, ""obs_zero"": true, ""frame_l"": 9.66, ""chi_bits"": 8, ""mps_l"": 28.3378, ""hsf_k"": 8, ""hsf_na"": 16, ""hsf_nb"": 16, ""hsf_l"": 40.0177, ""sup"": 32, ""chi_bits0"": 8, ""mps_l0"": 28.3378, ""hsf_keff"": 8, ""hsf_l0"": 40.0177, ""sparse_l"": 41.66, ""sv_l"": 41.66, ""feat_secs"": 0.01257, ""feat_secs_frame"": 0.000737, ""feat_secs_hsf"": 0.011531}"
ct,"ct:n=32,L=16,t=32,nn=1",1,"{""n"": 32.0, ""L"": 16.0, ""t"": 32.0, ""nn"": 1.0}",planp,ok,0.01839,0.0240,5341184,9.930659071294477e-49,0,9.930659071294477e-49,0.0,engine=mps aborted=[] plan_secs=0.002097,"{""n"": 32, ""gates"": 809, ""g2"": 248, ""g3"": 0, ""depth2"": 16, ""t_count"": 32, ""rotations"": 32, ""d"": 26, ""dense_l"": 27.1523, ""redundant"": 6, ""obs_zero"": true, ""frame_l"": 9.66, ""chi_bits"": 8, ""mps_l"": 28.3378, ""hsf_k"": 8, ""hsf_na"": 16, ""hsf_nb"": 16, ""hsf_l"": 40.0177, ""sup"": 32, ""chi_bits0"": 8, ""mps_l0"": 28.3378, ""hsf_keff"": 8, ""hsf_l0"": 40.0177, ""sparse_l"": 41.66, ""sv_l"": 41.66, ""feat_secs"": 0.01257, ""feat_secs_frame"": 0.000737, ""feat_secs_hsf"": 0.011531}"
ct,"ct:n=32,L=16,t=32,nn=1",1,"{""n"": 32.0, ""L"": 16.0, ""t"": 32.0, ""nn"": 1.0}",plan,ok,0.002101,0.0074,2686976,0.0,0,9.930659071294477e-49,9.930659071294477e-49,engine=zero aborted=[] plan_secs=0.002090,"{""n"": 32, ""gates"": 809, ""g2"": 248, ""g3"": 0, ""depth2"": 16, ""t_count"": 32, ""rotations"": 32, ""d"": 26, ""dense_l"": 27.1523, ""redundant"": 6, ""obs_zero"": true, ""frame_l"": 9.66, ""chi_bits"": 8, ""mps_l"": 28.3378, ""hsf_k"": 8, ""hsf_na"": 16, ""hsf_nb"": 16, ""hsf_l"": 40.0177, ""sup"": 32, ""chi_bits0"": 8, ""mps_l0"": 28.3378, ""hsf_keff"": 8, ""hsf_l0"": 40.0177, ""sparse_l"": 41.66, ""sv_l"": 41.66, ""feat_secs"": 0.01257, ""feat_secs_frame"": 0.000737, ""feat_secs_hsf"": 0.011531}"
ct,"ct:n=32,L=16,t=64,nn=1",1,"{""n"": 32.0, ""L"": 16.0, ""t"": 64.0, ""nn"": 1.0}",planx,ok,0.008546,0.0127,3948544,1.044978857219807e-34,0,1.044978857219807e-34,0.0,engine=mps aborted=[] plan_secs=0.002292,"{""n"": 32, ""gates"": 872, ""g2"": 248, ""g3"": 0, ""depth2"": 16, ""t_count"": 64, ""rotations"": 64, ""d"": 32, ""dense_l"": 36.0817, ""redundant"": 32, ""obs_zero"": false, ""frame_l"": 22.0, ""chi_bits"": 8, ""mps_l"": 28.339, ""hsf_k"": 8, ""hsf_na"": 16, ""hsf_nb"": 16, ""hsf_l"": 40.0191, ""sup"": 32, ""chi_bits0"": 8, ""mps_l0"": 28.339, ""hsf_keff"": 8, ""hsf_l0"": 40.0191, ""sparse_l"": 41.7682, ""sv_l"": 41.7682, ""feat_secs"": 0.012721, ""feat_secs_frame"": 0.000778, ""feat_secs_hsf"": 0.011632}"
ct,"ct:n=32,L=16,t=64,nn=1",1,"{""n"": 32.0, ""L"": 16.0, ""t"": 64.0, ""nn"": 1.0}",planp,ok,0.00919,0.0135,3948544,1.044978857219807e-34,0,1.044978857219807e-34,0.0,engine=mps aborted=[] plan_secs=0.002946,"{""n"": 32, ""gates"": 872, ""g2"": 248, ""g3"": 0, ""depth2"": 16, ""t_count"": 64, ""rotations"": 64, ""d"": 32, ""dense_l"": 36.0817, ""redundant"": 32, ""obs_zero"": false, ""frame_l"": 22.0, ""chi_bits"": 8, ""mps_l"": 28.339, ""hsf_k"": 8, ""hsf_na"": 16, ""hsf_nb"": 16, ""hsf_l"": 40.0191, ""sup"": 32, ""chi_bits0"": 8, ""mps_l0"": 28.339, ""hsf_keff"": 8, ""hsf_l0"": 40.0191, ""sparse_l"": 41.7682, ""sv_l"": 41.7682, ""feat_secs"": 0.012721, ""feat_secs_frame"": 0.000778, ""feat_secs_hsf"": 0.011632}"
ct,"ct:n=32,L=16,t=64,nn=1",1,"{""n"": 32.0, ""L"": 16.0, ""t"": 64.0, ""nn"": 1.0}",plan,ok,0.008466,0.0150,4194304,1.044978857219807e-34,0,1.044978857219807e-34,0.0,engine=mps aborted=[] plan_secs=0.002289,"{""n"": 32, ""gates"": 872, ""g2"": 248, ""g3"": 0, ""depth2"": 16, ""t_count"": 64, ""rotations"": 64, ""d"": 32, ""dense_l"": 36.0817, ""redundant"": 32, ""obs_zero"": false, ""frame_l"": 22.0, ""chi_bits"": 8, ""mps_l"": 28.339, ""hsf_k"": 8, ""hsf_na"": 16, ""hsf_nb"": 16, ""hsf_l"": 40.0191, ""sup"": 32, ""chi_bits0"": 8, ""mps_l0"": 28.339, ""hsf_keff"": 8, ""hsf_l0"": 40.0191, ""sparse_l"": 41.7682, ""sv_l"": 41.7682, ""feat_secs"": 0.012721, ""feat_secs_frame"": 0.000778, ""feat_secs_hsf"": 0.011632}"
ct,"ct:n=32,L=32,t=4,nn=1",1,"{""n"": 32.0, ""L"": 32.0, ""t"": 4.0, ""nn"": 1.0}",planx,ok,0.002457,0.0092,2670592,0.0,0,0.0,0.0,engine=cstate aborted=[] plan_secs=0.001826,"{""n"": 32, ""gates"": 1498, ""g2"": 496, ""g3"": 0, ""depth2"": 32, ""t_count"": 4, ""rotations"": 4, ""d"": 4, ""dense_l"": 4.9069, ""redundant"": 0, ""obs_zero"": true, ""frame_l"": 10.5488, ""chi_bits"": 16, ""mps_l"": 48.8448, ""hsf_k"": 16, ""hsf_na"": 16, ""hsf_nb"": 16, ""hsf_l"": 48.0326, ""sup"": 32, ""chi_bits0"": 16, ""mps_l0"": 48.8448, ""hsf_keff"": 16, ""hsf_l0"": 48.0326, ""sparse_l"": 42.5488, ""sv_l"": 42.5488, ""feat_secs"": 0.013547, ""feat_secs_frame"": 0.001338, ""feat_secs_hsf"": 0.011726}"
ct,"ct:n=32,L=32,t=4,nn=1",1,"{""n"": 32.0, ""L"": 32.0, ""t"": 4.0, ""nn"": 1.0}",planp,ok,0.002913,0.0092,2670592,0.0,0,0.0,0.0,engine=cstate aborted=[] plan_secs=0.002244,"{""n"": 32, ""gates"": 1498, ""g2"": 496, ""g3"": 0, ""depth2"": 32, ""t_count"": 4, ""rotations"": 4, ""d"": 4, ""dense_l"": 4.9069, ""redundant"": 0, ""obs_zero"": true, ""frame_l"": 10.5488, ""chi_bits"": 16, ""mps_l"": 48.8448, ""hsf_k"": 16, ""hsf_na"": 16, ""hsf_nb"": 16, ""hsf_l"": 48.0326, ""sup"": 32, ""chi_bits0"": 16, ""mps_l0"": 48.8448, ""hsf_keff"": 16, ""hsf_l0"": 48.0326, ""sparse_l"": 42.5488, ""sv_l"": 42.5488, ""feat_secs"": 0.013547, ""feat_secs_frame"": 0.001338, ""feat_secs_hsf"": 0.011726}"
ct,"ct:n=32,L=32,t=4,nn=1",1,"{""n"": 32.0, ""L"": 32.0, ""t"": 4.0, ""nn"": 1.0}",plan,ok,0.001867,0.0074,2654208,0.0,0,0.0,0.0,engine=zero aborted=[] plan_secs=0.001861,"{""n"": 32, ""gates"": 1498, ""g2"": 496, ""g3"": 0, ""depth2"": 32, ""t_count"": 4, ""rotations"": 4, ""d"": 4, ""dense_l"": 4.9069, ""redundant"": 0, ""obs_zero"": true, ""frame_l"": 10.5488, ""chi_bits"": 16, ""mps_l"": 48.8448, ""hsf_k"": 16, ""hsf_na"": 16, ""hsf_nb"": 16, ""hsf_l"": 48.0326, ""sup"": 32, ""chi_bits0"": 16, ""mps_l0"": 48.8448, ""hsf_keff"": 16, ""hsf_l0"": 48.0326, ""sparse_l"": 42.5488, ""sv_l"": 42.5488, ""feat_secs"": 0.013547, ""feat_secs_frame"": 0.001338, ""feat_secs_hsf"": 0.011726}"
ct,"ct:n=32,L=32,t=16,nn=1",1,"{""n"": 32.0, ""L"": 32.0, ""t"": 16.0, ""nn"": 1.0}",planx,ok,0.00277,0.0093,3915776,0.0,0,0.0,0.0,engine=cstate aborted=[] plan_secs=0.001768,"{""n"": 32, ""gates"": 1543, ""g2"": 496, ""g3"": 0, ""depth2"": 32, ""t_count"": 16, ""rotations"": 16, ""d"": 16, ""dense_l"": 17.0, ""redundant"": 0, ""obs_zero"": true, ""frame_l"": 10.5915, ""chi_bits"": 16, ""mps_l"": 48.8448, ""hsf_k"": 16, ""hsf_na"": 16, ""hsf_nb"": 16, ""hsf_l"": 47.0336, ""sup"": 32, ""chi_bits0"": 16, ""mps_l0"": 48.8448, ""hsf_keff"": 15, ""hsf_l0"": 48.0336, ""sparse_l"": 42.5915, ""sv_l"": 42.5915, ""feat_secs"": 0.013379, ""feat_secs_frame"": 0.001361, ""feat_secs_hsf"": 0.011595}"
ct,"ct:n=32,L=32,t=16,nn=1",1,"{""n"": 32.0, ""L"": 32.0, ""t"": 16.0, ""nn"": 1.0}",planp,ok,0.003091,0.0073,3915776,0.0,0,0.0,0.0,engine=cstate aborted=[] plan_secs=0.002042,"{""n"": 32, ""gates"": 1543, ""g2"": 496, ""g3"": 0, ""depth2"": 32, ""t_count"": 16, ""rotations"": 16, ""d"": 16, ""dense_l"": 17.0, ""redundant"": 0, ""obs_zero"": true, ""frame_l"": 10.5915, ""chi_bits"": 16, ""mps_l"": 48.8448, ""hsf_k"": 16, ""hsf_na"": 16, ""hsf_nb"": 16, ""hsf_l"": 47.0336, ""sup"": 32, ""chi_bits0"": 16, ""mps_l0"": 48.8448, ""hsf_keff"": 15, ""hsf_l0"": 48.0336, ""sparse_l"": 42.5915, ""sv_l"": 42.5915, ""feat_secs"": 0.013379, ""feat_secs_frame"": 0.001361, ""feat_secs_hsf"": 0.011595}"
ct,"ct:n=32,L=32,t=16,nn=1",1,"{""n"": 32.0, ""L"": 32.0, ""t"": 16.0, ""nn"": 1.0}",plan,ok,0.001904,0.0075,2686976,0.0,0,0.0,0.0,engine=zero aborted=[] plan_secs=0.001898,"{""n"": 32, ""gates"": 1543, ""g2"": 496, ""g3"": 0, ""depth2"": 32, ""t_count"": 16, ""rotations"": 16, ""d"": 16, ""dense_l"": 17.0, ""redundant"": 0, ""obs_zero"": true, ""frame_l"": 10.5915, ""chi_bits"": 16, ""mps_l"": 48.8448, ""hsf_k"": 16, ""hsf_na"": 16, ""hsf_nb"": 16, ""hsf_l"": 47.0336, ""sup"": 32, ""chi_bits0"": 16, ""mps_l0"": 48.8448, ""hsf_keff"": 15, ""hsf_l0"": 48.0336, ""sparse_l"": 42.5915, ""sv_l"": 42.5915, ""feat_secs"": 0.013379, ""feat_secs_frame"": 0.001361, ""feat_secs_hsf"": 0.011595}"
ct,"ct:n=32,L=32,t=32,nn=1",1,"{""n"": 32.0, ""L"": 32.0, ""t"": 32.0, ""nn"": 1.0}",planx,ok,0.730727,0.7350,22675456,2.752943843129716e-18,0,2.752943843129716e-18,0.0,engine=mps aborted=[] plan_secs=0.004398,"{""n"": 32, ""gates"": 1565, ""g2"": 496, ""g3"": 0, ""depth2"": 32, ""t_count"": 32, ""rotations"": 32, ""d"": 29, ""dense_l"": 30.3219, ""redundant"": 3, ""obs_zero"": true, ""frame_l"": 10.6119, ""chi_bits"": 16, ""mps_l"": 48.8448, ""hsf_k"": 16, ""hsf_na"": 16, ""hsf_nb"": 16, ""hsf_l"": 48.034, ""sup"": 32, ""chi_bits0"": 16, ""mps_l0"": 48.8448, ""hsf_keff"": 16, ""hsf_l0"": 48.034, ""sparse_l"": 42.6119, ""sv_l"": 42.6119, ""feat_secs"": 0.013622, ""feat_secs_frame"": 0.001385, ""feat_secs_hsf"": 0.01174}"
ct,"ct:n=32,L=32,t=32,nn=1",1,"{""n"": 32.0, ""L"": 32.0, ""t"": 32.0, ""nn"": 1.0}",planp,ok,0.728613,0.7339,22233088,2.752943843129716e-18,0,2.752943843129716e-18,0.0,engine=mps aborted=[] plan_secs=0.004391,"{""n"": 32, ""gates"": 1565, ""g2"": 496, ""g3"": 0, ""depth2"": 32, ""t_count"": 32, ""rotations"": 32, ""d"": 29, ""dense_l"": 30.3219, ""redundant"": 3, ""obs_zero"": true, ""frame_l"": 10.6119, ""chi_bits"": 16, ""mps_l"": 48.8448, ""hsf_k"": 16, ""hsf_na"": 16, ""hsf_nb"": 16, ""hsf_l"": 48.034, ""sup"": 32, ""chi_bits0"": 16, ""mps_l0"": 48.8448, ""hsf_keff"": 16, ""hsf_l0"": 48.034, ""sparse_l"": 42.6119, ""sv_l"": 42.6119, ""feat_secs"": 0.013622, ""feat_secs_frame"": 0.001385, ""feat_secs_hsf"": 0.01174}"
ct,"ct:n=32,L=32,t=32,nn=1",1,"{""n"": 32.0, ""L"": 32.0, ""t"": 32.0, ""nn"": 1.0}",plan,ok,0.00445,0.0107,2916352,0.0,0,2.752943843129716e-18,2.752943843129716e-18,engine=zero aborted=[] plan_secs=0.004442,"{""n"": 32, ""gates"": 1565, ""g2"": 496, ""g3"": 0, ""depth2"": 32, ""t_count"": 32, ""rotations"": 32, ""d"": 29, ""dense_l"": 30.3219, ""redundant"": 3, ""obs_zero"": true, ""frame_l"": 10.6119, ""chi_bits"": 16, ""mps_l"": 48.8448, ""hsf_k"": 16, ""hsf_na"": 16, ""hsf_nb"": 16, ""hsf_l"": 48.034, ""sup"": 32, ""chi_bits0"": 16, ""mps_l0"": 48.8448, ""hsf_keff"": 16, ""hsf_l0"": 48.034, ""sparse_l"": 42.6119, ""sv_l"": 42.6119, ""feat_secs"": 0.013622, ""feat_secs_frame"": 0.001385, ""feat_secs_hsf"": 0.01174}"
ct,"ct:n=32,L=32,t=64,nn=1",1,"{""n"": 32.0, ""L"": 32.0, ""t"": 64.0, ""nn"": 1.0}",planx,ok,8.886768,8.8930,141000704,-4.293954244882509e-19,0,-4.293954244882509e-19,0.0,engine=mps aborted=[] plan_secs=0.005021,"{""n"": 32, ""gates"": 1627, ""g2"": 496, ""g3"": 0, ""depth2"": 32, ""t_count"": 64, ""rotations"": 64, ""d"": 32, ""dense_l"": 36.0928, ""redundant"": 32, ""obs_zero"": false, ""frame_l"": 22.0, ""chi_bits"": 16, ""mps_l"": 48.8448, ""hsf_k"": 16, ""hsf_na"": 16, ""hsf_nb"": 16, ""hsf_l"": 48.0354, ""sup"": 32, ""chi_bits0"": 16, ""mps_l0"": 48.8448, ""hsf_keff"": 16, ""hsf_l0"": 48.0354, ""sparse_l"": 42.668, ""sv_l"": 42.668, ""feat_secs"": 0.014199, ""feat_secs_frame"": 0.001903, ""feat_secs_hsf"": 0.011698}"
ct,"ct:n=32,L=32,t=64,nn=1",1,"{""n"": 32.0, ""L"": 32.0, ""t"": 64.0, ""nn"": 1.0}",planp,ok,8.911922,8.9188,141508608,-4.293954244882509e-19,0,-4.293954244882509e-19,0.0,engine=mps aborted=[] plan_secs=0.005025,"{""n"": 32, ""gates"": 1627, ""g2"": 496, ""g3"": 0, ""depth2"": 32, ""t_count"": 64, ""rotations"": 64, ""d"": 32, ""dense_l"": 36.0928, ""redundant"": 32, ""obs_zero"": false, ""frame_l"": 22.0, ""chi_bits"": 16, ""mps_l"": 48.8448, ""hsf_k"": 16, ""hsf_na"": 16, ""hsf_nb"": 16, ""hsf_l"": 48.0354, ""sup"": 32, ""chi_bits0"": 16, ""mps_l0"": 48.8448, ""hsf_keff"": 16, ""hsf_l0"": 48.0354, ""sparse_l"": 42.668, ""sv_l"": 42.668, ""feat_secs"": 0.014199, ""feat_secs_frame"": 0.001903, ""feat_secs_hsf"": 0.011698}"
ct,"ct:n=32,L=32,t=64,nn=1",1,"{""n"": 32.0, ""L"": 32.0, ""t"": 64.0, ""nn"": 1.0}",plan,ok,8.916325,8.9210,141000704,-4.293954244882509e-19,0,-4.293954244882509e-19,0.0,engine=mps aborted=[] plan_secs=0.004899,"{""n"": 32, ""gates"": 1627, ""g2"": 496, ""g3"": 0, ""depth2"": 32, ""t_count"": 64, ""rotations"": 64, ""d"": 32, ""dense_l"": 36.0928, ""redundant"": 32, ""obs_zero"": false, ""frame_l"": 22.0, ""chi_bits"": 16, ""mps_l"": 48.8448, ""hsf_k"": 16, ""hsf_na"": 16, ""hsf_nb"": 16, ""hsf_l"": 48.0354, ""sup"": 32, ""chi_bits0"": 16, ""mps_l0"": 48.8448, ""hsf_keff"": 16, ""hsf_l0"": 48.0354, ""sparse_l"": 42.668, ""sv_l"": 42.668, ""feat_secs"": 0.014199, ""feat_secs_frame"": 0.001903, ""feat_secs_hsf"": 0.011698}"
ct,"ct:n=20,L=1,t=4,nn=0",1,"{""n"": 20.0, ""L"": 1.0, ""t"": 4.0, ""nn"": 0.0}",planx,ok,0.000132,0.0044,2179072,0.0,0,0.0,0.0,engine=cstate aborted=[] plan_secs=0.000095,"{""n"": 20, ""gates"": 35, ""g2"": 10, ""g3"": 0, ""depth2"": 1, ""t_count"": 4, ""rotations"": 4, ""d"": 0, ""dense_l"": 2.0, ""redundant"": 4, ""obs_zero"": true, ""frame_l"": 5.1293, ""chi_bits"": 7, ""mps_l"": 25.5541, ""hsf_k"": 0, ""hsf_na"": 10, ""hsf_nb"": 10, ""hsf_l"": 20.0485, ""sup"": 13, ""chi_bits0"": 7, ""mps_l0"": 25.5541, ""hsf_keff"": 0, ""hsf_l0"": 20.0485, ""sparse_l"": 18.1293, ""sv_l"": 25.1293, ""feat_secs"": 0.001742, ""feat_secs_frame"": 6.6e-05, ""feat_secs_hsf"": 0.001643}"
ct,"ct:n=20,L=1,t=4,nn=0",1,"{""n"": 20.0, ""L"": 1.0, ""t"": 4.0, ""nn"": 0.0}",planp,ok,0.000159,0.0043,2179072,0.0,0,0.0,0.0,engine=cstate aborted=[] plan_secs=0.000121,"{""n"": 20, ""gates"": 35, ""g2"": 10, ""g3"": 0, ""depth2"": 1, ""t_count"": 4, ""rotations"": 4, ""d"": 0, ""dense_l"": 2.0, ""redundant"": 4, ""obs_zero"": true, ""frame_l"": 5.1293, ""chi_bits"": 7, ""mps_l"": 25.5541, ""hsf_k"": 0, ""hsf_na"": 10, ""hsf_nb"": 10, ""hsf_l"": 20.0485, ""sup"": 13, ""chi_bits0"": 7, ""mps_l0"": 25.5541, ""hsf_keff"": 0, ""hsf_l0"": 20.0485, ""sparse_l"": 18.1293, ""sv_l"": 25.1293, ""feat_secs"": 0.001742, ""feat_secs_frame"": 6.6e-05, ""feat_secs_hsf"": 0.001643}"
ct,"ct:n=20,L=1,t=4,nn=0",1,"{""n"": 20.0, ""L"": 1.0, ""t"": 4.0, ""nn"": 0.0}",plan,ok,8.9e-05,0.0039,2129920,0.0,0,0.0,0.0,engine=zero aborted=[] plan_secs=0.000083,"{""n"": 20, ""gates"": 35, ""g2"": 10, ""g3"": 0, ""depth2"": 1, ""t_count"": 4, ""rotations"": 4, ""d"": 0, ""dense_l"": 2.0, ""redundant"": 4, ""obs_zero"": true, ""frame_l"": 5.1293, ""chi_bits"": 7, ""mps_l"": 25.5541, ""hsf_k"": 0, ""hsf_na"": 10, ""hsf_nb"": 10, ""hsf_l"": 20.0485, ""sup"": 13, ""chi_bits0"": 7, ""mps_l0"": 25.5541, ""hsf_keff"": 0, ""hsf_l0"": 20.0485, ""sparse_l"": 18.1293, ""sv_l"": 25.1293, ""feat_secs"": 0.001742, ""feat_secs_frame"": 6.6e-05, ""feat_secs_hsf"": 0.001643}"
ct,"ct:n=20,L=1,t=16,nn=0",1,"{""n"": 20.0, ""L"": 1.0, ""t"": 16.0, ""nn"": 0.0}",planx,ok,0.000153,0.0044,2195456,0.0,0,0.0,0.0,engine=cstate aborted=[] plan_secs=0.000113,"{""n"": 20, ""gates"": 58, ""g2"": 10, ""g3"": 0, ""depth2"": 1, ""t_count"": 16, ""rotations"": 16, ""d"": 8, ""dense_l"": 9.2192, ""redundant"": 8, ""obs_zero"": true, ""frame_l"": 5.858, ""chi_bits"": 5, ""mps_l"": 19.9326, ""hsf_k"": 0, ""hsf_na"": 10, ""hsf_nb"": 10, ""hsf_l"": 20.0795, ""sup"": 18, ""chi_bits0"": 5, ""mps_l0"": 19.9326, ""hsf_keff"": 0, ""hsf_l0"": 20.0795, ""sparse_l"": 23.858, ""sv_l"": 25.858, ""feat_secs"": 0.001792, ""feat_secs_frame"": 9.8e-05, ""feat_secs_hsf"": 0.001647}"
ct,"ct:n=20,L=1,t=16,nn=0",1,"{""n"": 20.0, ""L"": 1.0, ""t"": 16.0, ""nn"": 0.0}",planp,ok,0.000199,0.0070,2179072,0.0,0,0.0,0.0,engine=cstate aborted=[] plan_secs=0.000148,"{""n"": 20, ""gates"": 58, ""g2"": 10, ""g3"": 0, ""depth2"": 1, ""t_count"": 16, ""rotations"": 16, ""d"": 8, ""dense_l"": 9.2192, ""redundant"": 8, ""obs_zero"": true, ""frame_l"": 5.858, ""chi_bits"": 5, ""mps_l"": 19.9326, ""hsf_k"": 0, ""hsf_na"": 10, ""hsf_nb"": 10, ""hsf_l"": 20.0795, ""sup"": 18, ""chi_bits0"": 5, ""mps_l0"": 19.9326, ""hsf_keff"": 0, ""hsf_l0"": 20.0795, ""sparse_l"": 23.858, ""sv_l"": 25.858, ""feat_secs"": 0.001792, ""feat_secs_frame"": 9.8e-05, ""feat_secs_hsf"": 0.001647}"
ct,"ct:n=20,L=1,t=16,nn=0",1,"{""n"": 20.0, ""L"": 1.0, ""t"": 16.0, ""nn"": 0.0}",plan,ok,0.000126,0.0044,2162688,0.0,0,0.0,0.0,engine=zero aborted=[] plan_secs=0.000120,"{""n"": 20, ""gates"": 58, ""g2"": 10, ""g3"": 0, ""depth2"": 1, ""t_count"": 16, ""rotations"": 16, ""d"": 8, ""dense_l"": 9.2192, ""redundant"": 8, ""obs_zero"": true, ""frame_l"": 5.858, ""chi_bits"": 5, ""mps_l"": 19.9326, ""hsf_k"": 0, ""hsf_na"": 10, ""hsf_nb"": 10, ""hsf_l"": 20.0795, ""sup"": 18, ""chi_bits0"": 5, ""mps_l0"": 19.9326, ""hsf_keff"": 0, ""hsf_l0"": 20.0795, ""sparse_l"": 23.858, ""sv_l"": 25.858, ""feat_secs"": 0.001792, ""feat_secs_frame"": 9.8e-05, ""feat_secs_hsf"": 0.001647}"
ct,"ct:n=20,L=1,t=32,nn=0",1,"{""n"": 20.0, ""L"": 1.0, ""t"": 32.0, ""nn"": 0.0}",planx,ok,0.000229,0.0044,2277376,0.0,0,0.0,0.0,engine=cstate aborted=[] plan_secs=0.000146,"{""n"": 20, ""gates"": 93, ""g2"": 10, ""g3"": 0, ""depth2"": 1, ""t_count"": 32, ""rotations"": 32, ""d"": 12, ""dense_l"": 14.5166, ""redundant"": 20, ""obs_zero"": true, ""frame_l"": 6.5392, ""chi_bits"": 7, ""mps_l"": 27.0644, ""hsf_k"": 0, ""hsf_na"": 10, ""hsf_nb"": 10, ""hsf_l"": 20.1254, ""sup"": 16, ""chi_bits0"": 7, ""mps_l0"": 27.0644, ""hsf_keff"": 0, ""hsf_l0"": 20.1254, ""sparse_l"": 22.5392, ""sv_l"": 26.5392, ""feat_secs"": 0.002158, ""feat_secs_frame"": 9.3e-05, ""feat_secs_hsf"": 0.00192}"
ct,"ct:n=20,L=1,t=32,nn=0",1,"{""n"": 20.0, ""L"": 1.0, ""t"": 32.0, ""nn"": 0.0}",planp,ok,0.000263,0.0044,2277376,0.0,0,0.0,0.0,engine=cstate aborted=[] plan_secs=0.000175,"{""n"": 20, ""gates"": 93, ""g2"": 10, ""g3"": 0, ""depth2"": 1, ""t_count"": 32, ""rotations"": 32, ""d"": 12, ""dense_l"": 14.5166, ""redundant"": 20, ""obs_zero"": true, ""frame_l"": 6.5392, ""chi_bits"": 7, ""mps_l"": 27.0644, ""hsf_k"": 0, ""hsf_na"": 10, ""hsf_nb"": 10, ""hsf_l"": 20.1254, ""sup"": 16, ""chi_bits0"": 7, ""mps_l0"": 27.0644, ""hsf_keff"": 0, ""hsf_l0"": 20.1254, ""sparse_l"": 22.5392, ""sv_l"": 26.5392, ""feat_secs"": 0.002158, ""feat_secs_frame"": 9.3e-05, ""feat_secs_hsf"": 0.00192}"
ct,"ct:n=20,L=1,t=32,nn=0",1,"{""n"": 20.0, ""L"": 1.0, ""t"": 32.0, ""nn"": 0.0}",plan,ok,0.000151,0.0043,2162688,0.0,0,0.0,0.0,engine=zero aborted=[] plan_secs=0.000146,"{""n"": 20, ""gates"": 93, ""g2"": 10, ""g3"": 0, ""depth2"": 1, ""t_count"": 32, ""rotations"": 32, ""d"": 12, ""dense_l"": 14.5166, ""redundant"": 20, ""obs_zero"": true, ""frame_l"": 6.5392, ""chi_bits"": 7, ""mps_l"": 27.0644, ""hsf_k"": 0, ""hsf_na"": 10, ""hsf_nb"": 10, ""hsf_l"": 20.1254, ""sup"": 16, ""chi_bits0"": 7, ""mps_l0"": 27.0644, ""hsf_keff"": 0, ""hsf_l0"": 20.1254, ""sparse_l"": 22.5392, ""sv_l"": 26.5392, ""feat_secs"": 0.002158, ""feat_secs_frame"": 9.3e-05, ""feat_secs_hsf"": 0.00192}"
ct,"ct:n=20,L=2,t=4,nn=0",1,"{""n"": 20.0, ""L"": 2.0, ""t"": 4.0, ""nn"": 0.0}",planx,ok,0.000162,0.0044,2179072,0.0,0,0.0,0.0,engine=cstate aborted=[] plan_secs=0.000123,"{""n"": 20, ""gates"": 62, ""g2"": 20, ""g3"": 0, ""depth2"": 2, ""t_count"": 4, ""rotations"": 4, ""d"": 2, ""dense_l"": 3.4594, ""redundant"": 2, ""obs_zero"": true, ""frame_l"": 5.9542, ""chi_bits"": 10, ""mps_l"": 34.4327, ""hsf_k"": 0, ""hsf_na"": 10, ""hsf_nb"": 10, ""hsf_l"": 20.0848, ""sup"": 15, ""chi_bits0"": 10, ""mps_l0"": 34.4327, ""hsf_keff"": 0, ""hsf_l0"": 20.0848, ""sparse_l"": 20.9542, ""sv_l"": 25.9542, ""feat_secs"": 0.0027, ""feat_secs_frame"": 8.3e-05, ""feat_secs_hsf"": 0.002577}"
ct,"ct:n=20,L=2,t=4,nn=0",1,"{""n"": 20.0, ""L"": 2.0, ""t"": 4.0, ""nn"": 0.0}",planp,ok,0.000178,0.0044,2195456,0.0,0,0.0,0.0,engine=cstate aborted=[] plan_secs=0.000135,"{""n"": 20, ""gates"": 62, ""g2"": 20, ""g3"": 0, ""depth2"": 2, ""t_count"": 4, ""rotations"": 4, ""d"": 2, ""dense_l"": 3.4594, ""redundant"": 2, ""obs_zero"": true, ""frame_l"": 5.9542, ""chi_bits"": 10, ""mps_l"": 34.4327, ""hsf_k"": 0, ""hsf_na"": 10, ""hsf_nb"": 10, ""hsf_l"": 20.0848, ""sup"": 15, ""chi_bits0"": 10, ""mps_l0"": 34.4327, ""hsf_keff"": 0, ""hsf_l0"": 20.0848, ""sparse_l"": 20.9542, ""sv_l"": 25.9542, ""feat_secs"": 0.0027, ""feat_secs_frame"": 8.3e-05, ""feat_secs_hsf"": 0.002577}"
ct,"ct:n=20,L=2,t=4,nn=0",1,"{""n"": 20.0, ""L"": 2.0, ""t"": 4.0, ""nn"": 0.0}",plan,ok,0.000127,0.0044,2179072,0.0,0,0.0,0.0,engine=zero aborted=[] plan_secs=0.000121,"{""n"": 20, ""gates"": 62, ""g2"": 20, ""g3"": 0, ""depth2"": 2, ""t_count"": 4, ""rotations"": 4, ""d"": 2, ""dense_l"": 3.4594, ""redundant"": 2, ""obs_zero"": true, ""frame_l"": 5.9542, ""chi_bits"": 10, ""mps_l"": 34.4327, ""hsf_k"": 0, ""hsf_na"": 10, ""hsf_nb"": 10, ""hsf_l"": 20.0848, ""sup"": 15, ""chi_bits0"": 10, ""mps_l0"": 34.4327, ""hsf_keff"": 0, ""hsf_l0"": 20.0848, ""sparse_l"": 20.9542, ""sv_l"": 25.9542, ""feat_secs"": 0.0027, ""feat_secs_frame"": 8.3e-05, ""feat_secs_hsf"": 0.002577}"
ct,"ct:n=20,L=2,t=16,nn=0",1,"{""n"": 20.0, ""L"": 2.0, ""t"": 16.0, ""nn"": 0.0}",planx,ok,0.000207,0.0067,2195456,0.0,0,0.0,0.0,engine=cstate aborted=[] plan_secs=0.000155,"{""n"": 20, ""gates"": 92, ""g2"": 20, ""g3"": 0, ""depth2"": 2, ""t_count"": 16, ""rotations"": 16, ""d"": 7, ""dense_l"": 9.2021, ""redundant"": 9, ""obs_zero"": true, ""frame_l"": 6.5236, ""chi_bits"": 10, ""mps_l"": 36.0684, ""hsf_k"": 2, ""hsf_na"": 10, ""hsf_nb"": 10, ""hsf_l"": 22.1241, ""sup"": 20, ""chi_bits0"": 10, ""mps_l0"": 36.0684, ""hsf_keff"": 2, ""hsf_l0"": 22.1241, ""sparse_l"": 26.5236, ""sv_l"": 26.5236, ""feat_secs"": 0.002934, ""feat_secs_frame"": 0.000105, ""feat_secs_hsf"": 0.002773}"
ct,"ct:n=20,L=2,t=16,nn=0",1,"{""n"": 20.0, ""L"": 2.0, ""t"": 16.0, ""nn"": 0.0}",planp,ok,0.000218,0.0045,2211840,0.0,0,0.0,0.0,engine=cstate aborted=[] plan_secs=0.000167,"{""n"": 20, ""gates"": 92, ""g2"": 20, ""g3"": 0, ""depth2"": 2, ""t_count"": 16, ""rotations"": 16, ""d"": 7, ""dense_l"": 9.2021, ""redundant"": 9, ""obs_zero"": true, ""frame_l"": 6.5236, ""chi_bits"": 10, ""mps_l"": 36.0684, ""hsf_k"": 2, ""hsf_na"": 10, ""hsf_nb"": 10, ""hsf_l"": 22.1241, ""sup"": 20, ""chi_bits0"": 10, ""mps_l0"": 36.0684, ""hsf_keff"": 2, ""hsf_l0"": 22.1241, ""sparse_l"": 26.5236, ""sv_l"": 26.5236, ""feat_secs"": 0.002934, ""feat_secs_frame"": 0.000105, ""feat_secs_hsf"": 0.002773}"
ct,"ct:n=20,L=2,t=16,nn=0",1,"{""n"": 20.0, ""L"": 2.0, ""t"": 16.0, ""nn"": 0.0}",plan,ok,0.000169,0.0038,2195456,0.0,0,0.0,0.0,engine=zero aborted=[] plan_secs=0.000163,"{""n"": 20, ""gates"": 92, ""g2"": 20, ""g3"": 0, ""depth2"": 2, ""t_count"": 16, ""rotations"": 16, ""d"": 7, ""dense_l"": 9.2021, ""redundant"": 9, ""obs_zero"": true, ""frame_l"": 6.5236, ""chi_bits"": 10, ""mps_l"": 36.0684, ""hsf_k"": 2, ""hsf_na"": 10, ""hsf_nb"": 10, ""hsf_l"": 22.1241, ""sup"": 20, ""chi_bits0"": 10, ""mps_l0"": 36.0684, ""hsf_keff"": 2, ""hsf_l0"": 22.1241, ""sparse_l"": 26.5236, ""sv_l"": 26.5236, ""feat_secs"": 0.002934, ""feat_secs_frame"": 0.000105, ""feat_secs_hsf"": 0.002773}"
ct,"ct:n=20,L=2,t=32,nn=0",1,"{""n"": 20.0, ""L"": 2.0, ""t"": 32.0, ""nn"": 0.0}",planx,ok,0.000543,0.0067,2801664,0.0,0,0.0,0.0,engine=cstate aborted=[] plan_secs=0.000198,"{""n"": 20, ""gates"": 126, ""g2"": 20, ""g3"": 0, ""depth2"": 2, ""t_count"": 32, ""rotations"": 32, ""d"": 14, ""dense_l"": 16.9377, ""redundant"": 18, ""obs_zero"": true, ""frame_l"": 6.9773, ""chi_bits"": 10, ""mps_l"": 34.8181, ""hsf_k"": 0, ""hsf_na"": 8, ""hsf_nb"": 12, ""hsf_l"": 20.5774, ""sup"": 20, ""chi_bits0"": 10, ""mps_l0"": 34.8181, ""hsf_keff"": 0, ""hsf_l0"": 20.5774, ""sparse_l"": 26.9773, ""sv_l"": 26.9773, ""feat_secs"": 0.00307, ""feat_secs_frame"": 0.000144, ""feat_secs_hsf"": 0.002854}"
ct,"ct:n=20,L=2,t=32,nn=0",1,"{""n"": 20.0, ""L"": 2.0, ""t"": 32.0, ""nn"": 0.0}",planp,ok,0.000621,0.0066,2818048,0.0,0,0.0,0.0,engine=cstate aborted=[] plan_secs=0.000194,"{""n"": 20, ""gates"": 126, ""g2"": 20, ""g3"": 0, ""depth2"": 2, ""t_count"": 32, ""rotations"": 32, ""d"": 14, ""dense_l"": 16.9377, ""redundant"": 18, ""obs_zero"": true, ""frame_l"": 6.9773, ""chi_bits"": 10, ""mps_l"": 34.8181, ""hsf_k"": 0, ""hsf_na"": 8, ""hsf_nb"": 12, ""hsf_l"": 20.5774, ""sup"": 20, ""chi_bits0"": 10, ""mps_l0"": 34.8181, ""hsf_keff"": 0, ""hsf_l0"": 20.5774, ""sparse_l"": 26.9773, ""sv_l"": 26.9773, ""feat_secs"": 0.00307, ""feat_secs_frame"": 0.000144, ""feat_secs_hsf"": 0.002854}"
ct,"ct:n=20,L=2,t=32,nn=0",1,"{""n"": 20.0, ""L"": 2.0, ""t"": 32.0, ""nn"": 0.0}",plan,ok,0.00021,0.0063,2211840,0.0,0,0.0,0.0,engine=zero aborted=[] plan_secs=0.000203,"{""n"": 20, ""gates"": 126, ""g2"": 20, ""g3"": 0, ""depth2"": 2, ""t_count"": 32, ""rotations"": 32, ""d"": 14, ""dense_l"": 16.9377, ""redundant"": 18, ""obs_zero"": true, ""frame_l"": 6.9773, ""chi_bits"": 10, ""mps_l"": 34.8181, ""hsf_k"": 0, ""hsf_na"": 8, ""hsf_nb"": 12, ""hsf_l"": 20.5774, ""sup"": 20, ""chi_bits0"": 10, ""mps_l0"": 34.8181, ""hsf_keff"": 0, ""hsf_l0"": 20.5774, ""sparse_l"": 26.9773, ""sv_l"": 26.9773, ""feat_secs"": 0.00307, ""feat_secs_frame"": 0.000144, ""feat_secs_hsf"": 0.002854}"
ct,"ct:n=20,L=4,t=4,nn=0",1,"{""n"": 20.0, ""L"": 4.0, ""t"": 4.0, ""nn"": 0.0}",planx,ok,0.000277,0.0045,2244608,0.0,0,0.0,0.0,engine=cstate aborted=[] plan_secs=0.000210,"{""n"": 20, ""gates"": 122, ""g2"": 40, ""g3"": 0, ""depth2"": 4, ""t_count"": 4, ""rotations"": 4, ""d"": 3, ""dense_l"": 4.1699, ""redundant"": 1, ""obs_zero"": true, ""frame_l"": 6.9307, ""chi_bits"": 10, ""mps_l"": 37.7999, ""hsf_k"": 10, ""hsf_na"": 10, ""hsf_nb"": 10, ""hsf_l"": 26.1624, ""sup"": 19, ""chi_bits0"": 10, ""mps_l0"": 37.7999, ""hsf_keff"": 6, ""hsf_l0"": 30.1624, ""sparse_l"": 25.9307, ""sv_l"": 26.9307, ""feat_secs"": 0.004597, ""feat_secs_frame"": 0.00014, ""feat_secs_hsf"": 0.004382}"
ct,"ct:n=20,L=4,t=4,nn=0",1,"{""n"": 20.0, ""L"": 4.0, ""t"": 4.0, ""nn"": 0.0}",planp,ok,0.000255,0.0041,2228224,0.0,0,0.0,0.0,engine=cstate aborted=[] plan_secs=0.000192,"{""n"": 20, ""gates"": 122, ""g2"": 40, ""g3"": 0, ""depth2"": 4, ""t_count"": 4, ""rotations"": 4, ""d"": 3, ""dense_l"": 4.1699, ""redundant"": 1, ""obs_zero"": true, ""frame_l"": 6.9307, ""chi_bits"": 10, ""mps_l"": 37.7999, ""hsf_k"": 10, ""hsf_na"": 10, ""hsf_nb"": 10, ""hsf_l"": 26.1624, ""sup"": 19, ""chi_bits0"": 10, ""mps_l0"": 37.7999, ""hsf_keff"": 6, ""hsf_l0"": 30.1624, ""sparse_l"": 25.9307, ""sv_l"": 26.9307, ""feat_secs"": 0.004597, ""feat_secs_frame"": 0.00014, ""feat_secs_hsf"": 0.004382}"
ct,"ct:n=20,L=4,t=4,nn=0",1,"{""n"": 20.0, ""L"": 4.0, ""t"": 4.0, ""nn"": 0.0}",plan,ok,0.000213,0.0036,2228224,0.0,0,0.0,0.0,engine=zero aborted=[] plan_secs=0.000208,"{""n"": 20, ""gates"": 122, ""g2"": 40, ""g3"": 0, ""depth2"": 4, ""t_count"": 4, ""rotations"": 4, ""d"": 3, ""dense_l"": 4.1699, ""redundant"": 1, ""obs_zero"": true, ""frame_l"": 6.9307, ""chi_bits"": 10, ""mps_l"": 37.7999, ""hsf_k"": 10, ""hsf_na"": 10, ""hsf_nb"": 10, ""hsf_l"": 26.1624, ""sup"": 19, ""chi_bits0"": 10, ""mps_l0"": 37.7999, ""hsf_keff"": 6, ""hsf_l0"": 30.1624, ""sparse_l"": 25.9307, ""sv_l"": 26.9307, ""feat_secs"": 0.004597, ""feat_secs_frame"": 0.00014, ""feat_secs_hsf"": 0.004382}"
ct,"ct:n=20,L=4,t=16,nn=0",1,"{""n"": 20.0, ""L"": 4.0, ""t"": 16.0, ""nn"": 0.0}",planx,ok,0.000321,0.0045,2277376,0.0,0,0.0,0.0,engine=cstate aborted=[] plan_secs=0.000236,"{""n"": 20, ""gates"": 156, ""g2"": 40, ""g3"": 0, ""depth2"": 4, ""t_count"": 16, ""rotations"": 16, ""d"": 10, ""dense_l"": 11.3685, ""redundant"": 6, ""obs_zero"": true, ""frame_l"": 7.2854, ""chi_bits"": 10, ""mps_l"": 38.1076, ""hsf_k"": 8, ""hsf_na"": 10, ""hsf_nb"": 10, ""hsf_l"": 28.2046, ""sup"": 20, ""chi_bits0"": 10, ""mps_l0"": 38.1076, ""hsf_keff"": 8, ""hsf_l0"": 28.2046, ""sparse_l"": 27.2854, ""sv_l"": 27.2854, ""feat_secs"": 0.005307, ""feat_secs_frame"": 0.000159, ""feat_secs_hsf"": 0.005073}"
ct,"ct:n=20,L=4,t=16,nn=0",1,"{""n"": 20.0, ""L"": 4.0, ""t"": 16.0, ""nn"": 0.0}",planp,ok,0.0004,0.0072,2260992,0.0,0,0.0,0.0,engine=cstate aborted=[] plan_secs=0.000315,"{""n"": 20, ""gates"": 156, ""g2"": 40, ""g3"": 0, ""depth2"": 4, ""t_count"": 16, ""rotations"": 16, ""d"": 10, ""dense_l"": 11.3685, ""redundant"": 6, ""obs_zero"": true, ""frame_l"": 7.2854, ""chi_bits"": 10, ""mps_l"": 38.1076, ""hsf_k"": 8, ""hsf_na"": 10, ""hsf_nb"": 10, ""hsf_l"": 28.2046, ""sup"": 20, ""chi_bits0"": 10, ""mps_l0"": 38.1076, ""hsf_keff"": 8, ""hsf_l0"": 28.2046, ""sparse_l"": 27.2854, ""sv_l"": 27.2854, ""feat_secs"": 0.005307, ""feat_secs_frame"": 0.000159, ""feat_secs_hsf"": 0.005073}"
ct,"ct:n=20,L=4,t=16,nn=0",1,"{""n"": 20.0, ""L"": 4.0, ""t"": 16.0, ""nn"": 0.0}",plan,ok,0.000245,0.0042,2244608,0.0,0,0.0,0.0,engine=zero aborted=[] plan_secs=0.000238,"{""n"": 20, ""gates"": 156, ""g2"": 40, ""g3"": 0, ""depth2"": 4, ""t_count"": 16, ""rotations"": 16, ""d"": 10, ""dense_l"": 11.3685, ""redundant"": 6, ""obs_zero"": true, ""frame_l"": 7.2854, ""chi_bits"": 10, ""mps_l"": 38.1076, ""hsf_k"": 8, ""hsf_na"": 10, ""hsf_nb"": 10, ""hsf_l"": 28.2046, ""sup"": 20, ""chi_bits0"": 10, ""mps_l0"": 38.1076, ""hsf_keff"": 8, ""hsf_l0"": 28.2046, ""sparse_l"": 27.2854, ""sv_l"": 27.2854, ""feat_secs"": 0.005307, ""feat_secs_frame"": 0.000159, ""feat_secs_hsf"": 0.005073}"
ct,"ct:n=20,L=4,t=32,nn=0",1,"{""n"": 20.0, ""L"": 4.0, ""t"": 32.0, ""nn"": 0.0}",planx,ok,0.000474,0.0042,2768896,0.0,0,0.0,0.0,engine=cstate aborted=[] plan_secs=0.000260,"{""n"": 20, ""gates"": 182, ""g2"": 40, ""g3"": 0, ""depth2"": 4, ""t_count"": 32, ""rotations"": 32, ""d"": 14, ""dense_l"": 15.1186, ""redundant"": 18, ""obs_zero"": true, ""frame_l"": 7.5078, ""chi_bits"": 10, ""mps_l"": 37.3954, ""hsf_k"": 8, ""hsf_na"": 8, ""hsf_nb"": 12, ""hsf_l"": 28.7748, ""sup"": 20, ""chi_bits0"": 10, ""mps_l0"": 37.3954, ""hsf_keff"": 8, ""hsf_l0"": 28.7748, ""sparse_l"": 27.5078, ""sv_l"": 27.5078, ""feat_secs"": 0.004253, ""feat_secs_frame"": 0.000166, ""feat_secs_hsf"": 0.003959}"
ct,"ct:n=20,L=4,t=32,nn=0",1,"{""n"": 20.0, ""L"": 4.0, ""t"": 32.0, ""nn"": 0.0}",planp,ok,0.000501,0.0044,2785280,0.0,0,0.0,0.0,engine=cstate aborted=[] plan_secs=0.000272,"{""n"": 20, ""gates"": 182, ""g2"": 40, ""g3"": 0, ""depth2"": 4, ""t_count"": 32, ""rotations"": 32, ""d"": 14, ""dense_l"": 15.1186, ""redundant"": 18, ""obs_zero"": true, ""frame_l"": 7.5078, ""chi_bits"": 10, ""mps_l"": 37.3954, ""hsf_k"": 8, ""hsf_na"": 8, ""hsf_nb"": 12, ""hsf_l"": 28.7748, ""sup"": 20, ""chi_bits0"": 10, ""mps_l0"": 37.3954, ""hsf_keff"": 8, ""hsf_l0"": 28.7748, ""sparse_l"": 27.5078, ""sv_l"": 27.5078, ""feat_secs"": 0.004253, ""feat_secs_frame"": 0.000166, ""feat_secs_hsf"": 0.003959}"
ct,"ct:n=20,L=4,t=32,nn=0",1,"{""n"": 20.0, ""L"": 4.0, ""t"": 32.0, ""nn"": 0.0}",plan,ok,0.000267,0.0043,2244608,0.0,0,0.0,0.0,engine=zero aborted=[] plan_secs=0.000260,"{""n"": 20, ""gates"": 182, ""g2"": 40, ""g3"": 0, ""depth2"": 4, ""t_count"": 32, ""rotations"": 32, ""d"": 14, ""dense_l"": 15.1186, ""redundant"": 18, ""obs_zero"": true, ""frame_l"": 7.5078, ""chi_bits"": 10, ""mps_l"": 37.3954, ""hsf_k"": 8, ""hsf_na"": 8, ""hsf_nb"": 12, ""hsf_l"": 28.7748, ""sup"": 20, ""chi_bits0"": 10, ""mps_l0"": 37.3954, ""hsf_keff"": 8, ""hsf_l0"": 28.7748, ""sparse_l"": 27.5078, ""sv_l"": 27.5078, ""feat_secs"": 0.004253, ""feat_secs_frame"": 0.000166, ""feat_secs_hsf"": 0.003959}"
ct,"ct:n=20,L=8,t=4,nn=0",1,"{""n"": 20.0, ""L"": 8.0, ""t"": 4.0, ""nn"": 0.0}",planx,ok,0.000528,0.0075,2293760,0.0,0,0.0,0.0,engine=cstate aborted=[] plan_secs=0.000403,"{""n"": 20, ""gates"": 240, ""g2"": 80, ""g3"": 0, ""depth2"": 8, ""t_count"": 4, ""rotations"": 4, ""d"": 4, ""dense_l"": 4.9069, ""redundant"": 0, ""obs_zero"": true, ""frame_l"": 7.9069, ""chi_bits"": 10, ""mps_l"": 39.2569, ""hsf_k"": 22, ""hsf_na"": 6, ""hsf_nb"": 14, ""hsf_l"": 38.2479, ""sup"": 20, ""chi_bits0"": 10, ""mps_l0"": 39.2569, ""hsf_keff"": 16, ""hsf_l0"": 44.2479, ""sparse_l"": 27.9069, ""sv_l"": 27.9069, ""feat_secs"": 0.008832, ""feat_secs_frame"": 0.00025, ""feat_secs_hsf"": 0.008425}"
ct,"ct:n=20,L=8,t=4,nn=0",1,"{""n"": 20.0, ""L"": 8.0, ""t"": 4.0, ""nn"": 0.0}",planp,ok,0.000464,0.0046,2293760,0.0,0,0.0,0.0,engine=cstate aborted=[] plan_secs=0.000350,"{""n"": 20, ""gates"": 240, ""g2"": 80, ""g3"": 0, ""depth2"": 8, ""t_count"": 4, ""rotations"": 4, ""d"": 4, ""dense_l"": 4.9069, ""redundant"": 0, ""obs_zero"": true, ""frame_l"": 7.9069, ""chi_bits"": 10, ""mps_l"": 39.2569, ""hsf_k"": 22, ""hsf_na"": 6, ""hsf_nb"": 14, ""hsf_l"": 38.2479, ""sup"": 20, ""chi_bits0"": 10, ""mps_l0"": 39.2569, ""hsf_keff"": 16, ""hsf_l0"": 44.2479, ""sparse_l"": 27.9069, ""sv_l"": 27.9069, ""feat_secs"": 0.008832, ""feat_secs_frame"": 0.00025, ""feat_secs_hsf"": 0.008425}"
ct,"ct:n=20,L=8,t=4,nn=0",1,"{""n"": 20.0, ""L"": 8.0, ""t"": 4.0, ""nn"": 0.0}",plan,ok,0.00035,0.0045,2277376,0.0,0,0.0,0.0,engine=zero aborted=[] plan_secs=0.000344,"{""n"": 20, ""gates"": 240, ""g2"": 80, ""g3"": 0, ""depth2"": 8, ""t_count"": 4, ""rotations"": 4, ""d"": 4, ""dense_l"": 4.9069, ""redundant"": 0, ""obs_zero"": true, ""frame_l"": 7.9069, ""chi_bits"": 10, ""mps_l"": 39.2569, ""hsf_k"": 22, ""hsf_na"": 6, ""hsf_nb"": 14, ""hsf_l"": 38.2479, ""sup"": 20, ""chi_bits0"": 10, ""mps_l0"": 39.2569, ""hsf_keff"": 16, ""hsf_l0"": 44.2479, ""sparse_l"": 27.9069, ""sv_l"": 27.9069, ""feat_secs"": 0.008832, ""feat_secs_frame"": 0.00025, ""feat_secs_hsf"": 0.008425}"
ct,"ct:n=20,L=8,t=16,nn=0",1,"{""n"": 20.0, ""L"": 8.0, ""t"": 16.0, ""nn"": 0.0}",planx,ok,0.00062,0.0044,2818048,0.0,0,0.0,0.0,engine=cstate aborted=[] plan_secs=0.000369,"{""n"": 20, ""gates"": 272, ""g2"": 80, ""g3"": 0, ""depth2"": 8, ""t_count"": 16, ""rotations"": 16, ""d"": 14, ""dense_l"": 15.0875, ""redundant"": 2, ""obs_zero"": true, ""frame_l"": 8.0875, ""chi_bits"": 10, ""mps_l"": 39.345, ""hsf_k"": 20, ""hsf_na"": 7, ""hsf_nb"": 13, ""hsf_l"": 38.6439, ""sup"": 20, ""chi_bits0"": 10, ""mps_l0"": 39.345, ""hsf_keff"": 17, ""hsf_l0"": 41.6439, ""sparse_l"": 28.0875, ""sv_l"": 28.0875, ""feat_secs"": 0.010614, ""feat_secs_frame"": 0.000284, ""feat_secs_hsf"": 0.010193}"
ct,"ct:n=20,L=8,t=16,nn=0",1,"{""n"": 20.0, ""L"": 8.0, ""t"": 16.0, ""nn"": 0.0}",planp,ok,0.000604,0.0041,2818048,0.0,0,0.0,0.0,engine=cstate aborted=[] plan_secs=0.000371,"{""n"": 20, ""gates"": 272, ""g2"": 80, ""g3"": 0, ""depth2"": 8, ""t_count"": 16, ""rotations"": 16, ""d"": 14, ""dense_l"": 15.0875, ""redundant"": 2, ""obs_zero"": true, ""frame_l"": 8.0875, ""chi_bits"": 10, ""mps_l"": 39.345, ""hsf_k"": 20, ""hsf_na"": 7, ""hsf_nb"": 13, ""hsf_l"": 38.6439, ""sup"": 20, ""chi_bits0"": 10, ""mps_l0"": 39.345, ""hsf_keff"": 17, ""hsf_l0"": 41.6439, ""sparse_l"": 28.0875, ""sv_l"": 28.0875, ""feat_secs"": 0.010614, ""feat_secs_frame"": 0.000284, ""feat_secs_hsf"": 0.010193}"
ct,"ct:n=20,L=8,t=16,nn=0",1,"{""n"": 20.0, ""L"": 8.0, ""t"": 16.0, ""nn"": 0.0}",plan,ok,0.00037,0.0040,2293760,0.0,0,0.0,0.0,engine=zero aborted=[] plan_secs=0.000363,"{""n"": 20, ""gates"": 272, ""g2"": 80, ""g3"": 0, ""depth2"": 8, ""t_count"": 16, ""rotations"": 16, ""d"": 14, ""dense_l"": 15.0875, ""redundant"": 2, ""obs_zero"": true, ""frame_l"": 8.0875, ""chi_bits"": 10, ""mps_l"": 39.345, ""hsf_k"": 20, ""hsf_na"": 7, ""hsf_nb"": 13, ""hsf_l"": 38.6439, ""sup"": 20, ""chi_bits0"": 10, ""mps_l0"": 39.345, ""hsf_keff"": 17, ""hsf_l0"": 41.6439, ""sparse_l"": 28.0875, ""sv_l"": 28.0875, ""feat_secs"": 0.010614, ""feat_secs_frame"": 0.000284, ""feat_secs_hsf"": 0.010193}"
ct,"ct:n=20,L=8,t=32,nn=0",1,"{""n"": 20.0, ""L"": 8.0, ""t"": 32.0, ""nn"": 0.0}",planx,ok,0.022125,0.0264,12091392,-1.590224949131144e-18,0,-1.590224949131144e-18,0.0,engine=cstate aborted=[] plan_secs=0.011726,"{""n"": 20, ""gates"": 298, ""g2"": 80, ""g3"": 0, ""depth2"": 8, ""t_count"": 32, ""rotations"": 32, ""d"": 19, ""dense_l"": 22.2799, ""redundant"": 13, ""obs_zero"": false, ""frame_l"": 11.5, ""chi_bits"": 10, ""mps_l"": 39.3208, ""hsf_k"": 20, ""hsf_na"": 7, ""hsf_nb"": 13, ""hsf_l"": 39.7347, ""sup"": 20, ""chi_bits0"": 10, ""mps_l0"": 39.3208, ""hsf_keff"": 18, ""hsf_l0"": 41.7347, ""sparse_l"": 28.2192, ""sv_l"": 28.2192, ""feat_secs"": 0.008902, ""feat_secs_frame"": 0.000262, ""feat_secs_hsf"": 0.008516}"
ct,"ct:n=20,L=8,t=32,nn=0",1,"{""n"": 20.0, ""L"": 8.0, ""t"": 32.0, ""nn"": 0.0}",planp,ok,0.024009,0.0306,12746752,-1.590224949131144e-18,0,-1.590224949131144e-18,0.0,engine=cstate aborted=[] plan_secs=0.013768,"{""n"": 20, ""gates"": 298, ""g2"": 80, ""g3"": 0, ""depth2"": 8, ""t_count"": 32, ""rotations"": 32, ""d"": 19, ""dense_l"": 22.2799, ""redundant"": 13, ""obs_zero"": false, ""frame_l"": 11.5, ""chi_bits"": 10, ""mps_l"": 39.3208, ""hsf_k"": 20, ""hsf_na"": 7, ""hsf_nb"": 13, ""hsf_l"": 39.7347, ""sup"": 20, ""chi_bits0"": 10, ""mps_l0"": 39.3208, ""hsf_keff"": 18, ""hsf_l0"": 41.7347, ""sparse_l"": 28.2192, ""sv_l"": 28.2192, ""feat_secs"": 0.008902, ""feat_secs_frame"": 0.000262, ""feat_secs_hsf"": 0.008516}"
ct,"ct:n=20,L=8,t=32,nn=0",1,"{""n"": 20.0, ""L"": 8.0, ""t"": 32.0, ""nn"": 0.0}",plan,ok,0.024306,0.0304,12091392,-1.590224949131144e-18,0,-1.590224949131144e-18,0.0,engine=cstate aborted=[] plan_secs=0.011656,"{""n"": 20, ""gates"": 298, ""g2"": 80, ""g3"": 0, ""depth2"": 8, ""t_count"": 32, ""rotations"": 32, ""d"": 19, ""dense_l"": 22.2799, ""redundant"": 13, ""obs_zero"": false, ""frame_l"": 11.5, ""chi_bits"": 10, ""mps_l"": 39.3208, ""hsf_k"": 20, ""hsf_na"": 7, ""hsf_nb"": 13, ""hsf_l"": 39.7347, ""sup"": 20, ""chi_bits0"": 10, ""mps_l0"": 39.3208, ""hsf_keff"": 18, ""hsf_l0"": 41.7347, ""sparse_l"": 28.2192, ""sv_l"": 28.2192, ""feat_secs"": 0.008902, ""feat_secs_frame"": 0.000262, ""feat_secs_hsf"": 0.008516}"
ct,"ct:n=24,L=1,t=4,nn=0",1,"{""n"": 24.0, ""L"": 1.0, ""t"": 4.0, ""nn"": 0.0}",planx,ok,0.000143,0.0044,2179072,0.0,0,0.0,0.0,engine=cstate aborted=[] plan_secs=0.000101,"{""n"": 24, ""gates"": 44, ""g2"": 12, ""g3"": 0, ""depth2"": 1, ""t_count"": 4, ""rotations"": 4, ""d"": 1, ""dense_l"": 2.3219, ""redundant"": 3, ""obs_zero"": true, ""frame_l"": 5.4594, ""chi_bits"": 6, ""mps_l"": 21.6174, ""hsf_k"": 0, ""hsf_na"": 12, ""hsf_nb"": 12, ""hsf_l"": 24.0154, ""sup"": 16, ""chi_bits0"": 6, ""mps_l0"": 21.6174, ""hsf_keff"": 0, ""hsf_l0"": 24.0154, ""sparse_l"": 21.4594, ""sv_l"": 29.4594, ""feat_secs"": 0.003066, ""feat_secs_frame"": 6.7e-05, ""feat_secs_hsf"": 0.002951}"
ct,"ct:n=24,L=1,t=4,nn=0",1,"{""n"": 24.0, ""L"": 1.0, ""t"": 4.0, ""nn"": 0.0}",planp,ok,0.000145,0.0044,2195456,0.0,0,0.0,0.0,engine=cstate aborted=[] plan_secs=0.000106,"{""n"": 24, ""gates"": 44, ""g2"": 12, ""g3"": 0, ""depth2"": 1, ""t_count"": 4, ""rotations"": 4, ""d"": 1, ""dense_l"": 2.3219, ""redundant"": 3, ""obs_zero"": true, ""frame_l"": 5.4594, ""chi_bits"": 6, ""mps_l"": 21.6174, ""hsf_k"": 0, ""hsf_na"": 12, ""hsf_nb"": 12, ""hsf_l"": 24.0154, ""sup"": 16, ""chi_bits0"": 6, ""mps_l0"": 21.6174, ""hsf_keff"": 0, ""hsf_l0"": 24.0154, ""sparse_l"": 21.4594, ""sv_l"": 29.4594, ""feat_secs"": 0.003066, ""feat_secs_frame"": 6.7e-05, ""feat_secs_hsf"": 0.002951}"
ct,"ct:n=24,L=1,t=4,nn=0",1,"{""n"": 24.0, ""L"": 1.0, ""t"": 4.0, ""nn"": 0.0}",plan,ok,0.000113,0.0040,2162688,0.0,0,0.0,0.0,engine=zero aborted=[] plan_secs=0.000106,"{""n"": 24, ""gates"": 44, ""g2"": 12, ""g3"": 0, ""depth2"": 1, ""t_count"": 4, ""rotations"": 4, ""d"": 1, ""dense_l"": 2.3219, ""redundant"": 3, ""obs_zero"": true, ""frame_l"": 5.4594, ""chi_bits"": 6, ""mps_l"": 21.6174, ""hsf_k"": 0, ""hsf_na"": 12, ""hsf_nb"": 12, ""hsf_l"": 24.0154, ""sup"": 16, ""chi_bits0"": 6, ""mps_l0"": 21.6174, ""hsf_keff"": 0, ""hsf_l0"": 24.0154, ""sparse_l"": 21.4594, ""sv_l"": 29.4594, ""feat_secs"": 0.003066, ""feat_secs_frame"": 6.7e-05, ""feat_secs_hsf"": 0.002951}"
ct,"ct:n=24,L=1,t=16,nn=0",1,"{""n"": 24.0, ""L"": 1.0, ""t"": 16.0, ""nn"": 0.0}",planx,ok,0.000193,0.0043,2211840,0.0,0,0.0,0.0,engine=cstate aborted=[] plan_secs=0.000147,"{""n"": 24, ""gates"": 64, ""g2"": 12, ""g3"": 0, ""depth2"": 1, ""t_count"": 16, ""rotations"": 16, ""d"": 9, ""dense_l"": 10.6493, ""redundant"": 7, ""obs_zero"": true, ""frame_l"": 6.0, ""chi_bits"": 8, ""mps_l"": 28.6952, ""hsf_k"": 0, ""hsf_na"": 12, ""hsf_nb"": 12, ""hsf_l"": 24.0224, ""sup"": 20, ""chi_bits0"": 8, ""mps_l0"": 28.6952, ""hsf_keff"": 0, ""hsf_l0"": 24.0224, ""sparse_l"": 26.0, ""sv_l"": 30.0, ""feat_secs"": 0.00283, ""feat_secs_frame"": 9.3e-05, ""feat_secs_hsf"": 0.002691}"
ct,"ct:n=24,L=1,t=16,nn=0",1,"{""n"": 24.0, ""L"": 1.0, ""t"": 16.0, ""nn"": 0.0}",planp,ok,0.000177,0.0042,2195456,0.0,0,0.0,0.0,engine=cstate aborted=[] plan_secs=0.000132,"{""n"": 24, ""gates"": 64, ""g2"": 12, ""g3"": 0, ""depth2"": 1, ""t_count"": 16, ""rotations"": 16, ""d"": 9, ""dense_l"": 10.6493, ""redundant"": 7, ""obs_zero"": true, ""frame_l"": 6.0, ""chi_bits"": 8, ""mps_l"": 28.6952, ""hsf_k"": 0, ""hsf_na"": 12, ""hsf_nb"": 12, ""hsf_l"": 24.0224, ""sup"": 20, ""chi_bits0"": 8, ""mps_l0"": 28.6952, ""hsf_keff"": 0, ""hsf_l0"": 24.0224, ""sparse_l"": 26.0, ""sv_l"": 30.0, ""feat_secs"": 0.00283, ""feat_secs_frame"": 9.3e-05, ""feat_secs_hsf"": 0.002691}"
ct,"ct:n=24,L=1,t=16,nn=0",1,"{""n"": 24.0, ""L"": 1.0, ""t"": 16.0, ""nn"": 0.0}",plan,ok,0.000143,0.0064,2179072,0.0,0,0.0,0.0,engine=zero aborted=[] plan_secs=0.000136,"{""n"": 24, ""gates"": 64, ""g2"": 12, ""g3"": 0, ""depth2"": 1, ""t_count"": 16, ""rotations"": 16, ""d"": 9, ""dense_l"": 10.6493, ""redundant"": 7, ""obs_zero"": true, ""frame_l"": 6.0, ""chi_bits"": 8, ""mps_l"": 28.6952, ""hsf_k"": 0, ""hsf_na"": 12, ""hsf_nb"": 12, ""hsf_l"": 24.0224, ""sup"": 20, ""chi_bits0"": 8, ""mps_l0"": 28.6952, ""hsf_keff"": 0, ""hsf_l0"": 24.0224, ""sparse_l"": 26.0, ""sv_l"": 30.0, ""feat_secs"": 0.00283, ""feat_secs_frame"": 9.3e-05, ""feat_secs_hsf"": 0.002691}"
ct,"ct:n=24,L=1,t=32,nn=0",1,"{""n"": 24.0, ""L"": 1.0, ""t"": 32.0, ""nn"": 0.0}",planx,ok,0.000343,0.0045,2359296,0.0,0,0.0,0.0,engine=cstate aborted=[] plan_secs=0.000192,"{""n"": 24, ""gates"": 98, ""g2"": 12, ""g3"": 0, ""depth2"": 1, ""t_count"": 32, ""rotations"": 32, ""d"": 13, ""dense_l"": 15.7125, ""redundant"": 19, ""obs_zero"": true, ""frame_l"": 6.6147, ""chi_bits"": 7, ""mps_l"": 25.5809, ""hsf_k"": 0, ""hsf_na"": 12, ""hsf_nb"": 12, ""hsf_l"": 24.0341, ""sup"": 20, ""chi_bits0"": 7, ""mps_l0"": 25.5809, ""hsf_keff"": 0, ""hsf_l0"": 24.0341, ""sparse_l"": 26.6147, ""sv_l"": 30.6147, ""feat_secs"": 0.002843, ""feat_secs_frame"": 0.00011, ""feat_secs_hsf"": 0.002674}"
ct,"ct:n=24,L=1,t=32,nn=0",1,"{""n"": 24.0, ""L"": 1.0, ""t"": 32.0, ""nn"": 0.0}",planp,ok,0.000316,0.0044,2359296,0.0,0,0.0,0.0,engine=cstate aborted=[] plan_secs=0.000190,"{""n"": 24, ""gates"": 98, ""g2"": 12, ""g3"": 0, ""depth2"": 1, ""t_count"": 32, ""rotations"": 32, ""d"": 13, ""dense_l"": 15.7125, ""redundant"": 19, ""obs_zero"": true, ""frame_l"": 6.6147, ""chi_bits"": 7, ""mps_l"": 25.5809, ""hsf_k"": 0, ""hsf_na"": 12, ""hsf_nb"": 12, ""hsf_l"": 24.0341, ""sup"": 20, ""chi_bits0"": 7, ""mps_l0"": 25.5809, ""hsf_keff"": 0, ""hsf_l0"": 24.0341, ""sparse_l"": 26.6147, ""sv_l"": 30.6147, ""feat_secs"": 0.002843, ""feat_secs_frame"": 0.00011, ""feat_secs_hsf"": 0.002674}"
ct,"ct:n=24,L=1,t=32,nn=0",1,"{""n"": 24.0, ""L"": 1.0, ""t"": 32.0, ""nn"": 0.0}",plan,ok,0.000176,0.0045,2195456,0.0,0,0.0,0.0,engine=zero aborted=[] plan_secs=0.000170,"{""n"": 24, ""gates"": 98, ""g2"": 12, ""g3"": 0, ""depth2"": 1, ""t_count"": 32, ""rotations"": 32, ""d"": 13, ""dense_l"": 15.7125, ""redundant"": 19, ""obs_zero"": true, ""frame_l"": 6.6147, ""chi_bits"": 7, ""mps_l"": 25.5809, ""hsf_k"": 0, ""hsf_na"": 12, ""hsf_nb"": 12, ""hsf_l"": 24.0341, ""sup"": 20, ""chi_bits0"": 7, ""mps_l0"": 25.5809, ""hsf_keff"": 0, ""hsf_l0"": 24.0341, ""sparse_l"": 26.6147, ""sv_l"": 30.6147, ""feat_secs"": 0.002843, ""feat_secs_frame"": 0.00011, ""feat_secs_hsf"": 0.002674}"
ct,"ct:n=24,L=2,t=4,nn=0",1,"{""n"": 24.0, ""L"": 2.0, ""t"": 4.0, ""nn"": 0.0}",planx,ok,0.00021,0.0063,2195456,0.0,0,0.0,0.0,engine=cstate aborted=[] plan_secs=0.000157,"{""n"": 24, ""gates"": 83, ""g2"": 24, ""g3"": 0, ""depth2"": 2, ""t_count"": 4, ""rotations"": 4, ""d"": 2, ""dense_l"": 3.3219, ""redundant"": 2, ""obs_zero"": true, ""frame_l"": 6.375, ""chi_bits"": 10, ""mps_l"": 35.9638, ""hsf_k"": 2, ""hsf_na"": 12, ""hsf_nb"": 12, ""hsf_l"": 26.0289, ""sup"": 22, ""chi_bits0"": 10, ""mps_l0"": 35.9638, ""hsf_keff"": 2, ""hsf_l0"": 26.0289, ""sparse_l"": 28.375, ""sv_l"": 30.375, ""feat_secs"": 0.004909, ""feat_secs_frame"": 0.000111, ""feat_secs_hsf"": 0.004742}"
ct,"ct:n=24,L=2,t=4,nn=0",1,"{""n"": 24.0, ""L"": 2.0, ""t"": 4.0, ""nn"": 0.0}",planp,ok,0.000211,0.0037,2195456,0.0,0,0.0,0.0,engine=cstate aborted=[] plan_secs=0.000160,"{""n"": 24, ""gates"": 83, ""g2"": 24, ""g3"": 0, ""depth2"": 2, ""t_count"": 4, ""rotations"": 4, ""d"": 2, ""dense_l"": 3.3219, ""redundant"": 2, ""obs_zero"": true, ""frame_l"": 6.375, ""chi_bits"": 10, ""mps_l"": 35.9638, ""hsf_k"": 2, ""hsf_na"": 12, ""hsf_nb"": 12, ""hsf_l"": 26.0289, ""sup"": 22, ""chi_bits0"": 10, ""mps_l0"": 35.9638, ""hsf_keff"": 2, ""hsf_l0"": 26.0289, ""sparse_l"": 28.375, ""sv_l"": 30.375, ""feat_secs"": 0.004909, ""feat_secs_frame"": 0.000111, ""feat_secs_hsf"": 0.004742}"
ct,"ct:n=24,L=2,t=4,nn=0",1,"{""n"": 24.0, ""L"": 2.0, ""t"": 4.0, ""nn"": 0.0}",plan,ok,0.000177,0.0040,2179072,0.0,0,0.0,0.0,engine=zero aborted=[] plan_secs=0.000169,"{""n"": 24, ""gates"": 83, ""g2"": 24, ""g3"": 0, ""depth2"": 2, ""t_count"": 4, ""rotations"": 4, ""d"": 2, ""dense_l"": 3.3219, ""redundant"": 2, ""obs_zero"": true, ""frame_l"": 6.375, ""chi_bits"": 10, ""mps_l"": 35.9638, ""hsf_k"": 2, ""hsf_na"": 12, ""hsf_nb"": 12, ""hsf_l"": 26.0289, ""sup"": 22, ""chi_bits0"": 10, ""mps_l0"": 35.9638, ""hsf_keff"": 2, ""hsf_l0"": 26.0289, ""sparse_l"": 28.375, ""sv_l"": 30.375, ""feat_secs"": 0.004909, ""feat_secs_frame"": 0.000111, ""feat_secs_hsf"": 0.004742}"
ct,"ct:n=24,L=2,t=16,nn=0",1,"{""n"": 24.0, ""L"": 2.0, ""t"": 16.0, ""nn"": 0.0}",planx,ok,0.000246,0.0040,2195456,0.0,0,0.0,0.0,engine=cstate aborted=[] plan_secs=0.000184,"{""n"": 24, ""gates"": 104, ""g2"": 24, ""g3"": 0, ""depth2"": 2, ""t_count"": 16, ""rotations"": 16, ""d"": 8, ""dense_l"": 9.7245, ""redundant"": 8, ""obs_zero"": true, ""frame_l"": 6.7004, ""chi_bits"": 10, ""mps_l"": 36.3802, ""hsf_k"": 2, ""hsf_na"": 12, ""hsf_nb"": 12, ""hsf_l"": 26.0362, ""sup"": 24, ""chi_bits0"": 10, ""mps_l0"": 36.3802, ""hsf_keff"": 2, ""hsf_l0"": 26.0362, ""sparse_l"": 30.7004, ""sv_l"": 30.7004, ""feat_secs"": 0.004338, ""feat_secs_frame"": 0.000139, ""feat_secs_hsf"": 0.004145}"
ct,"ct:n=24,L=2,t=16,nn=0",1,"{""n"": 24.0, ""L"": 2.0, ""t"": 16.0, ""nn"": 0.0}",planp,ok,0.000238,0.0041,2228224,0.0,0,0.0,0.0,engine=cstate aborted=[] plan_secs=0.000179,"{""n"": 24, ""gates"": 104, ""g2"": 24, ""g3"": 0, ""depth2"": 2, ""t_count"": 16, ""rotations"": 16, ""d"": 8, ""dense_l"": 9.7245, ""redundant"": 8, ""obs_zero"": true, ""frame_l"": 6.7004, ""chi_bits"": 10, ""mps_l"": 36.3802, ""hsf_k"": 2, ""hsf_na"": 12, ""hsf_nb"": 12, ""hsf_l"": 26.0362, ""sup"": 24, ""chi_bits0"": 10, ""mps_l0"": 36.3802, ""hsf_keff"": 2, ""hsf_l0"": 26.0362, ""sparse_l"": 30.7004, ""sv_l"": 30.7004, ""feat_secs"": 0.004338, ""feat_secs_frame"": 0.000139, ""feat_secs_hsf"": 0.004145}"
ct,"ct:n=24,L=2,t=16,nn=0",1,"{""n"": 24.0, ""L"": 2.0, ""t"": 16.0, ""nn"": 0.0}",plan,ok,0.000207,0.0062,2211840,0.0,0,0.0,0.0,engine=zero aborted=[] plan_secs=0.000182,"{""n"": 24, ""gates"": 104, ""g2"": 24, ""g3"": 0, ""depth2"": 2, ""t_count"": 16, ""rotations"": 16, ""d"": 8, ""dense_l"": 9.7245, ""redundant"": 8, ""obs_zero"": true, ""frame_l"": 6.7004, ""chi_bits"": 10, ""mps_l"": 36.3802, ""hsf_k"": 2, ""hsf_na"": 12, ""hsf_nb"": 12, ""hsf_l"": 26.0362, ""sup"": 24, ""chi_bits0"": 10, ""mps_l0"": 36.3802, ""hsf_keff"": 2, ""hsf_l0"": 26.0362, ""sparse_l"": 30.7004, ""sv_l"": 30.7004, ""feat_secs"": 0.004338, ""feat_secs_frame"": 0.000139, ""feat_secs_hsf"": 0.004145}"
ct,"ct:n=24,L=2,t=32,nn=0",1,"{""n"": 24.0, ""L"": 2.0, ""t"": 32.0, ""nn"": 0.0}",planx,ok,0.000442,0.0045,2768896,0.0,0,0.0,0.0,engine=cstate aborted=[] plan_secs=0.000204,"{""n"": 24, ""gates"": 136, ""g2"": 24, ""g3"": 0, ""depth2"": 2, ""t_count"": 32, ""rotations"": 32, ""d"": 14, ""dense_l"": 15.9494, ""redundant"": 18, ""obs_zero"": true, ""frame_l"": 7.0875, ""chi_bits"": 12, ""mps_l"": 42.0211, ""hsf_k"": 2, ""hsf_na"": 12, ""hsf_nb"": 12, ""hsf_l"": 26.0471, ""sup"": 24, ""chi_bits0"": 12, ""mps_l0"": 42.0211, ""hsf_keff"": 2, ""hsf_l0"": 26.0471, ""sparse_l"": 31.0875, ""sv_l"": 31.0875, ""feat_secs"": 0.004602, ""feat_secs_frame"": 0.000143, ""feat_secs_hsf"": 0.004387}"
ct,"ct:n=24,L=2,t=32,nn=0",1,"{""n"": 24.0, ""L"": 2.0, ""t"": 32.0, ""nn"": 0.0}",planp,ok,0.000457,0.0042,2752512,0.0,0,0.0,0.0,engine=cstate aborted=[] plan_secs=0.000202,"{""n"": 24, ""gates"": 136, ""g2"": 24, ""g3"": 0, ""depth2"": 2, ""t_count"": 32, ""rotations"": 32, ""d"": 14, ""dense_l"": 15.9494, ""redundant"": 18, ""obs_zero"": true, ""frame_l"": 7.0875, ""chi_bits"": 12, ""mps_l"": 42.0211, ""hsf_k"": 2, ""hsf_na"": 12, ""hsf_nb"": 12, ""hsf_l"": 26.0471, ""sup"": 24, ""chi_bits0"": 12, ""mps_l0"": 42.0211, ""hsf_keff"": 2, ""hsf_l0"": 26.0471, ""sparse_l"": 31.0875, ""sv_l"": 31.0875, ""feat_secs"": 0.004602, ""feat_secs_frame"": 0.000143, ""feat_secs_hsf"": 0.004387}"
ct,"ct:n=24,L=2,t=32,nn=0",1,"{""n"": 24.0, ""L"": 2.0, ""t"": 32.0, ""nn"": 0.0}",plan,ok,0.000208,0.0044,2244608,0.0,0,0.0,0.0,engine=zero aborted=[] plan_secs=0.000201,"{""n"": 24, ""gates"": 136, ""g2"": 24, ""g3"": 0, ""depth2"": 2, ""t_count"": 32, ""rotations"": 32, ""d"": 14, ""dense_l"": 15.9494, ""redundant"": 18, ""obs_zero"": true, ""frame_l"": 7.0875, ""chi_bits"": 12, ""mps_l"": 42.0211, ""hsf_k"": 2, ""hsf_na"": 12, ""hsf_nb"": 12, ""hsf_l"": 26.0471, ""sup"": 24, ""chi_bits0"": 12, ""mps_l0"": 42.0211, ""hsf_keff"": 2, ""hsf_l0"": 26.0471, ""sparse_l"": 31.0875, ""sv_l"": 31.0875, ""feat_secs"": 0.004602, ""feat_secs_frame"": 0.000143, ""feat_secs_hsf"": 0.004387}"
ct,"ct:n=24,L=4,t=4,nn=0",1,"{""n"": 24.0, ""L"": 4.0, ""t"": 4.0, ""nn"": 0.0}",planx,ok,0.000378,0.0042,2260992,0.0,0,0.0,0.0,engine=cstate aborted=[] plan_secs=0.000276,"{""n"": 24, ""gates"": 156, ""g2"": 48, ""g3"": 0, ""depth2"": 4, ""t_count"": 4, ""rotations"": 4, ""d"": 4, ""dense_l"": 4.9069, ""redundant"": 0, ""obs_zero"": true, ""frame_l"": 7.2854, ""chi_bits"": 12, ""mps_l"": 43.1981, ""hsf_k"": 10, ""hsf_na"": 12, ""hsf_nb"": 12, ""hsf_l"": 33.0539, ""sup"": 24, ""chi_bits0"": 12, ""mps_l0"": 43.1981, ""hsf_keff"": 9, ""hsf_l0"": 34.0539, ""sparse_l"": 31.2854, ""sv_l"": 31.2854, ""feat_secs"": 0.006858, ""feat_secs_frame"": 0.000165, ""feat_secs_hsf"": 0.006621}"
ct,"ct:n=24,L=4,t=4,nn=0",1,"{""n"": 24.0, ""L"": 4.0, ""t"": 4.0, ""nn"": 0.0}",planp,ok,0.00037,0.0043,2260992,0.0,0,0.0,0.0,engine=cstate aborted=[] plan_secs=0.000288,"{""n"": 24, ""gates"": 156, ""g2"": 48, ""g3"": 0, ""depth2"": 4, ""t_count"": 4, ""rotations"": 4, ""d"": 4, ""dense_l"": 4.9069, ""redundant"": 0, ""obs_zero"": true, ""frame_l"": 7.2854, ""chi_bits"": 12, ""mps_l"": 43.1981, ""hsf_k"": 10, ""hsf_na"": 12, ""hsf_nb"": 12, ""hsf_l"": 33.0539, ""sup"": 24, ""chi_bits0"": 12, ""mps_l0"": 43.1981, ""hsf_keff"": 9, ""hsf_l0"": 34.0539, ""sparse_l"": 31.2854, ""sv_l"": 31.2854, ""feat_secs"": 0.006858, ""feat_secs_frame"": 0.000165, ""feat_secs_hsf"": 0.006621}"
ct,"ct:n=24,L=4,t=4,nn=0",1,"{""n"": 24.0, ""L"": 4.0, ""t"": 4.0, ""nn"": 0.0}",plan,ok,0.000244,0.0042,2244608,0.0,0,0.0,0.0,engine=zero aborted=[] plan_secs=0.000238,"{""n"": 24, ""gates"": 156, ""g2"": 48, ""g3"": 0, ""depth2"": 4, ""t_count"": 4, ""rotations"": 4, ""d"": 4, ""dense_l"": 4.9069, ""redundant"": 0, ""obs_zero"": true, ""frame_l"": 7.2854, ""chi_bits"": 12, ""mps_l"": 43.1981, ""hsf_k"": 10, ""hsf_na"": 12, ""hsf_nb"": 12, ""hsf_l"": 33.0539, ""sup"": 24, ""chi_bits0"": 12, ""mps_l0"": 43.1981, ""hsf_keff"": 9, ""hsf_l0"": 34.0539, ""sparse_l"": 31.2854, ""sv_l"": 31.2854, ""feat_secs"": 0.006858, ""feat_secs_frame"": 0.000165, ""feat_secs_hsf"": 0.006621}"
ct,"ct:n=24,L=4,t=16,nn=0",1,"{""n"": 24.0, ""L"": 4.0, ""t"": 16.0, ""nn"": 0.0}",planx,ok,0.000393,0.0040,2342912,0.0,0,0.0,0.0,engine=cstate aborted=[] plan_secs=0.000289,"{""n"": 24, ""gates"": 186, ""g2"": 48, ""g3"": 0, ""depth2"": 4, ""t_count"": 16, ""rotations"": 16, ""d"": 11, ""dense_l"": 12.6163, ""redundant"": 5, ""obs_zero"": true, ""frame_l"": 7.5392, ""chi_bits"": 12, ""mps_l"": 43.9981, ""hsf_k"": 8, ""hsf_na"": 12, ""hsf_nb"": 12, ""hsf_l"": 29.0641, ""sup"": 24, ""chi_bits0"": 12, ""mps_l0"": 43.9981, ""hsf_keff"": 5, ""hsf_l0"": 32.0641, ""sparse_l"": 31.5392, ""sv_l"": 31.5392, ""feat_secs"": 0.007327, ""feat_secs_frame"": 0.000179, ""feat_secs_hsf"": 0.007056}"
ct,"ct:n=24,L=4,t=16,nn=0",1,"{""n"": 24.0, ""L"": 4.0, ""t"": 16.0, ""nn"": 0.0}",planp,ok,0.000435,0.0040,2310144,0.0,0,0.0,0.0,engine=cstate aborted=[] plan_secs=0.000325,"{""n"": 24, ""gates"": 186, ""g2"": 48, ""g3"": 0, ""depth2"": 4, ""t_count"": 16, ""rotations"": 16, ""d"": 11, ""dense_l"": 12.6163, ""redundant"": 5, ""obs_zero"": true, ""frame_l"": 7.5392, ""chi_bits"": 12, ""mps_l"": 43.9981, ""hsf_k"": 8, ""hsf_na"": 12, ""hsf_nb"": 12, ""hsf_l"": 29.0641, ""sup"": 24, ""chi_bits0"": 12, ""mps_l0"": 43.9981, ""hsf_keff"": 5, ""hsf_l0"": 32.0641, ""sparse_l"": 31.5392, ""sv_l"": 31.5392, ""feat_secs"": 0.007327, ""feat_secs_frame"": 0.000179, ""feat_secs_hsf"": 0.007056}"
ct,"ct:n=24,L=4,t=16,nn=0",1,"{""n"": 24.0, ""L"": 4.0, ""t"": 16.0, ""nn"": 0.0}",plan,ok,0.000291,0.0040,2277376,0.0,0,0.0,0.0,engine=zero aborted=[] plan_secs=0.000284,"{""n"": 24, ""gates"": 186, ""g2"": 48, ""g3"": 0, ""depth2"": 4, ""t_count"": 16, ""rotations"": 16, ""d"": 11, ""dense_l"": 12.6163, ""redundant"": 5, ""obs_zero"": true, ""frame_l"": 7.5392, ""chi_bits"": 12, ""mps_l"": 43.9981, ""hsf_k"": 8, ""hsf_na"": 12, ""hsf_nb"": 12, ""hsf_l"": 29.0641, ""sup"": 24, ""chi_bits0"": 12, ""mps_l0"": 43.9981, ""hsf_keff"": 5, ""hsf_l0"": 32.0641, ""sparse_l"": 31.5392, ""sv_l"": 31.5392, ""feat_secs"": 0.007327, ""feat_secs_frame"": 0.000179, ""feat_secs_hsf"": 0.007056}"
ct,"ct:n=24,L=4,t=32,nn=0",1,"{""n"": 24.0, ""L"": 4.0, ""t"": 32.0, ""nn"": 0.0}",planx,ok,0.001577,0.0073,4734976,0.0,0,0.0,0.0,engine=cstate aborted=[] plan_secs=0.000352,"{""n"": 24, ""gates"": 205, ""g2"": 48, ""g3"": 0, ""depth2"": 4, ""t_count"": 32, ""rotations"": 32, ""d"": 17, ""dense_l"": 18.5276, ""redundant"": 15, ""obs_zero"": true, ""frame_l"": 7.6795, ""chi_bits"": 12, ""mps_l"": 44.1896, ""hsf_k"": 10, ""hsf_na"": 12, ""hsf_nb"": 12, ""hsf_l"": 32.0705, ""sup"": 24, ""chi_bits0"": 12, ""mps_l0"": 44.1896, ""hsf_keff"": 8, ""hsf_l0"": 34.0705, ""sparse_l"": 31.6795, ""sv_l"": 31.6795, ""feat_secs"": 0.008115, ""feat_secs_frame"": 0.000212, ""feat_secs_hsf"": 0.007799}"
ct,"ct:n=24,L=4,t=32,nn=0",1,"{""n"": 24.0, ""L"": 4.0, ""t"": 32.0, ""nn"": 0.0}",planp,ok,0.001335,0.0071,4751360,0.0,0,0.0,0.0,engine=cstate aborted=[] plan_secs=0.000313,"{""n"": 24, ""gates"": 205, ""g2"": 48, ""g3"": 0, ""depth2"": 4, ""t_count"": 32, ""rotations"": 32, ""d"": 17, ""dense_l"": 18.5276, ""redundant"": 15, ""obs_zero"": true, ""frame_l"": 7.6795, ""chi_bits"": 12, ""mps_l"": 44.1896, ""hsf_k"": 10, ""hsf_na"": 12, ""hsf_nb"": 12, ""hsf_l"": 32.0705, ""sup"": 24, ""chi_bits0"": 12, ""mps_l0"": 44.1896, ""hsf_keff"": 8, ""hsf_l0"": 34.0705, ""sparse_l"": 31.6795, ""sv_l"": 31.6795, ""feat_secs"": 0.008115, ""feat_secs_frame"": 0.000212, ""feat_secs_hsf"": 0.007799}"
ct,"ct:n=24,L=4,t=32,nn=0",1,"{""n"": 24.0, ""L"": 4.0, ""t"": 32.0, ""nn"": 0.0}",plan,ok,0.000314,0.0062,2277376,0.0,0,0.0,0.0,engine=zero aborted=[] plan_secs=0.000307,"{""n"": 24, ""gates"": 205, ""g2"": 48, ""g3"": 0, ""depth2"": 4, ""t_count"": 32, ""rotations"": 32, ""d"": 17, ""dense_l"": 18.5276, ""redundant"": 15, ""obs_zero"": true, ""frame_l"": 7.6795, ""chi_bits"": 12, ""mps_l"": 44.1896, ""hsf_k"": 10, ""hsf_na"": 12, ""hsf_nb"": 12, ""hsf_l"": 32.0705, ""sup"": 24, ""chi_bits0"": 12, ""mps_l0"": 44.1896, ""hsf_keff"": 8, ""hsf_l0"": 34.0705, ""sparse_l"": 31.6795, ""sv_l"": 31.6795, ""feat_secs"": 0.008115, ""feat_secs_frame"": 0.000212, ""feat_secs_hsf"": 0.007799}"
ct,"ct:n=24,L=8,t=4,nn=0",1,"{""n"": 24.0, ""L"": 8.0, ""t"": 4.0, ""nn"": 0.0}",planx,ok,0.000559,0.0046,2359296,0.0,0,0.0,0.0,engine=cstate aborted=[] plan_secs=0.000420,"{""n"": 24, ""gates"": 292, ""g2"": 96, ""g3"": 0, ""depth2"": 8, ""t_count"": 4, ""rotations"": 4, ""d"": 4, ""dense_l"": 4.9069, ""redundant"": 0, ""obs_zero"": true, ""frame_l"": 8.1898, ""chi_bits"": 12, ""mps_l"": 45.5052, ""hsf_k"": 26, ""hsf_na"": 11, ""hsf_nb"": 13, ""hsf_l"": 48.1923, ""sup"": 24, ""chi_bits0"": 12, ""mps_l0"": 45.5052, ""hsf_keff"": 24, ""hsf_l0"": 50.1923, ""sparse_l"": 32.1898, ""sv_l"": 32.1898, ""feat_secs"": 0.01492, ""feat_secs_frame"": 0.00027, ""feat_secs_hsf"": 0.014519}"
ct,"ct:n=24,L=8,t=4,nn=0",1,"{""n"": 24.0, ""L"": 8.0, ""t"": 4.0, ""nn"": 0.0}",planp,ok,0.000583,0.0069,2359296,0.0,0,0.0,0.0,engine=cstate aborted=[] plan_secs=0.000443,"{""n"": 24, ""gates"": 292, ""g2"": 96, ""g3"": 0, ""depth2"": 8, ""t_count"": 4, ""rotations"": 4, ""d"": 4, ""dense_l"": 4.9069, ""redundant"": 0, ""obs_zero"": true, ""frame_l"": 8.1898, ""chi_bits"": 12, ""mps_l"": 45.5052, ""hsf_k"": 26, ""hsf_na"": 11, ""hsf_nb"": 13, ""hsf_l"": 48.1923, ""sup"": 24, ""chi_bits0"": 12, ""mps_l0"": 45.5052, ""hsf_keff"": 24, ""hsf_l0"": 50.1923, ""sparse_l"": 32.1898, ""sv_l"": 32.1898, ""feat_secs"": 0.01492, ""feat_secs_frame"": 0.00027, ""feat_secs_hsf"": 0.014519}"
ct,"ct:n=24,L=8,t=4,nn=0",1,"{""n"": 24.0, ""L"": 8.0, ""t"": 4.0, ""nn"": 0.0}",plan,ok,0.000412,0.0067,2326528,0.0,0,0.0,0.0,engine=zero aborted=[] plan_secs=0.000405,"{""n"": 24, ""gates"": 292, ""g2"": 96, ""g3"": 0, ""depth2"": 8, ""t_count"": 4, ""rotations"": 4, ""d"": 4, ""dense_l"": 4.9069, ""redundant"": 0, ""obs_zero"": true, ""frame_l"": 8.1898, ""chi_bits"": 12, ""mps_l"": 45.5052, ""hsf_k"": 26, ""hsf_na"": 11, ""hsf_nb"": 13, ""hsf_l"": 48.1923, ""sup"": 24, ""chi_bits0"": 12, ""mps_l0"": 45.5052, ""hsf_keff"": 24, ""hsf_l0"": 50.1923, ""sparse_l"": 32.1898, ""sv_l"": 32.1898, ""feat_secs"": 0.01492, ""feat_secs_frame"": 0.00027, ""feat_secs_hsf"": 0.014519}"
ct,"ct:n=24,L=8,t=16,nn=0",1,"{""n"": 24.0, ""L"": 8.0, ""t"": 16.0, ""nn"": 0.0}",planx,ok,0.000617,0.0044,2490368,0.0,0,0.0,0.0,engine=cstate aborted=[] plan_secs=0.000443,"{""n"": 24, ""gates"": 327, ""g2"": 96, ""g3"": 0, ""depth2"": 8, ""t_count"": 16, ""rotations"": 16, ""d"": 12, ""dense_l"": 13.003, ""redundant"": 4, ""obs_zero"": true, ""frame_l"": 8.3531, ""chi_bits"": 12, ""mps_l"": 45.7354, ""hsf_k"": 24, ""hsf_na"": 8, ""hsf_nb"": 16, ""hsf_l"": 46.1874, ""sup"": 24, ""chi_bits0"": 12, ""mps_l0"": 45.7354, ""hsf_keff"": 21, ""hsf_l0"": 49.1874, ""sparse_l"": 32.3531, ""sv_l"": 32.3531, ""feat_secs"": 0.016279, ""feat_secs_frame"": 0.000315, ""feat_secs_hsf"": 0.015811}"
ct,"ct:n=24,L=8,t=16,nn=0",1,"{""n"": 24.0, ""L"": 8.0, ""t"": 16.0, ""nn"": 0.0}",planp,ok,0.000613,0.0070,2506752,0.0,0,0.0,0.0,engine=cstate aborted=[] plan_secs=0.000442,"{""n"": 24, ""gates"": 327, ""g2"": 96, ""g3"": 0, ""depth2"": 8, ""t_count"": 16, ""rotations"": 16, ""d"": 12, ""dense_l"": 13.003, ""redundant"": 4, ""obs_zero"": true, ""frame_l"": 8.3531, ""chi_bits"": 12, ""mps_l"": 45.7354, ""hsf_k"": 24, ""hsf_na"": 8, ""hsf_nb"": 16, ""hsf_l"": 46.1874, ""sup"": 24, ""chi_bits0"": 12, ""mps_l0"": 45.7354, ""hsf_keff"": 21, ""hsf_l0"": 49.1874, ""sparse_l"": 32.3531, ""sv_l"": 32.3531, ""feat_secs"": 0.016279, ""feat_secs_frame"": 0.000315, ""feat_secs_hsf"": 0.015811}"
ct,"ct:n=24,L=8,t=16,nn=0",1,"{""n"": 24.0, ""L"": 8.0, ""t"": 16.0, ""nn"": 0.0}",plan,ok,0.000446,0.0063,2408448,0.0,0,0.0,0.0,engine=zero aborted=[] plan_secs=0.000441,"{""n"": 24, ""gates"": 327, ""g2"": 96, ""g3"": 0, ""depth2"": 8, ""t_count"": 16, ""rotations"": 16, ""d"": 12, ""dense_l"": 13.003, ""redundant"": 4, ""obs_zero"": true, ""frame_l"": 8.3531, ""chi_bits"": 12, ""mps_l"": 45.7354, ""hsf_k"": 24, ""hsf_na"": 8, ""hsf_nb"": 16, ""hsf_l"": 46.1874, ""sup"": 24, ""chi_bits0"": 12, ""mps_l0"": 45.7354, ""hsf_keff"": 21, ""hsf_l0"": 49.1874, ""sparse_l"": 32.3531, ""sv_l"": 32.3531, ""feat_secs"": 0.016279, ""feat_secs_frame"": 0.000315, ""feat_secs_hsf"": 0.015811}"
ct,"ct:n=24,L=8,t=32,nn=0",1,"{""n"": 24.0, ""L"": 8.0, ""t"": 32.0, ""nn"": 0.0}",planx,ok,0.046352,0.0534,70156288,0.0,0,0.0,0.0,engine=cstate aborted=[] plan_secs=0.021076,"{""n"": 24, ""gates"": 335, ""g2"": 96, ""g3"": 0, ""depth2"": 8, ""t_count"": 32, ""rotations"": 32, ""d"": 22, ""dense_l"": 23.7041, ""redundant"": 10, ""obs_zero"": true, ""frame_l"": 8.388, ""chi_bits"": 12, ""mps_l"": 45.5409, ""hsf_k"": 24, ""hsf_na"": 8, ""hsf_nb"": 16, ""hsf_l"": 46.207, ""sup"": 24, ""chi_bits0"": 12, ""mps_l0"": 45.5409, ""hsf_keff"": 21, ""hsf_l0"": 49.207, ""sparse_l"": 32.388, ""sv_l"": 32.388, ""feat_secs"": 0.016184, ""feat_secs_frame"": 0.00031, ""feat_secs_hsf"": 0.015729}"
ct,"ct:n=24,L=8,t=32,nn=0",1,"{""n"": 24.0, ""L"": 8.0, ""t"": 32.0, ""nn"": 0.0}",planp,ok,0.053469,0.0580,71368704,0.0,0,0.0,0.0,engine=cstate aborted=[] plan_secs=0.026544,"{""n"": 24, ""gates"": 335, ""g2"": 96, ""g3"": 0, ""depth2"": 8, ""t_count"": 32, ""rotations"": 32, ""d"": 22, ""dense_l"": 23.7041, ""redundant"": 10, ""obs_zero"": true, ""frame_l"": 8.388, ""chi_bits"": 12, ""mps_l"": 45.5409, ""hsf_k"": 24, ""hsf_na"": 8, ""hsf_nb"": 16, ""hsf_l"": 46.207, ""sup"": 24, ""chi_bits0"": 12, ""mps_l0"": 45.5409, ""hsf_keff"": 21, ""hsf_l0"": 49.207, ""sparse_l"": 32.388, ""sv_l"": 32.388, ""feat_secs"": 0.016184, ""feat_secs_frame"": 0.00031, ""feat_secs_hsf"": 0.015729}"
ct,"ct:n=24,L=8,t=32,nn=0",1,"{""n"": 24.0, ""L"": 8.0, ""t"": 32.0, ""nn"": 0.0}",plan,ok,0.021023,0.0263,2818048,0.0,0,0.0,0.0,engine=zero aborted=[] plan_secs=0.021012,"{""n"": 24, ""gates"": 335, ""g2"": 96, ""g3"": 0, ""depth2"": 8, ""t_count"": 32, ""rotations"": 32, ""d"": 22, ""dense_l"": 23.7041, ""redundant"": 10, ""obs_zero"": true, ""frame_l"": 8.388, ""chi_bits"": 12, ""mps_l"": 45.5409, ""hsf_k"": 24, ""hsf_na"": 8, ""hsf_nb"": 16, ""hsf_l"": 46.207, ""sup"": 24, ""chi_bits0"": 12, ""mps_l0"": 45.5409, ""hsf_keff"": 21, ""hsf_l0"": 49.207, ""sparse_l"": 32.388, ""sv_l"": 32.388, ""feat_secs"": 0.016184, ""feat_secs_frame"": 0.00031, ""feat_secs_hsf"": 0.015729}"
qaoa,"qaoa:n=12,p=1,deg=2,nn=1",1,"{""n"": 12.0, ""p"": 1.0, ""deg"": 2.0, ""nn"": 1.0}",planx,ok,0.000163,0.0044,2293760,0.00111536717678199,0,0.00111536717678199,0.0,engine=sv aborted=[] plan_secs=0.000000,"{""n"": 12, ""gates"": 60, ""g2"": 24, ""g3"": 0, ""depth2"": 22, ""t_count"": 0, ""rotations"": 24, ""d"": 11, ""dense_l"": 14.9068, ""redundant"": 13, ""obs_zero"": false, ""frame_l"": 11.085, ""chi_bits"": 4, ""mps_l"": 15.2222, ""hsf_k"": 4, ""hsf_na"": 6, ""hsf_nb"": 6, ""hsf_l"": 14.9542, ""sup"": 12, ""chi_bits0"": 4, ""mps_l0"": 15.2222, ""hsf_keff"": 2, ""hsf_l0"": 16.9542, ""sparse_l"": 17.9069, ""sv_l"": 17.9069, ""feat_secs"": 0.00063, ""feat_secs_frame"": 9.6e-05, ""feat_secs_hsf"": 0.000496}"
qaoa,"qaoa:n=12,p=1,deg=2,nn=1",1,"{""n"": 12.0, ""p"": 1.0, ""deg"": 2.0, ""nn"": 1.0}",planp,ok,0.00016,0.0046,2277376,0.00111536717678199,0,0.00111536717678199,0.0,engine=sv aborted=[] plan_secs=0.000000,"{""n"": 12, ""gates"": 60, ""g2"": 24, ""g3"": 0, ""depth2"": 22, ""t_count"": 0, ""rotations"": 24, ""d"": 11, ""dense_l"": 14.9068, ""redundant"": 13, ""obs_zero"": false, ""frame_l"": 11.085, ""chi_bits"": 4, ""mps_l"": 15.2222, ""hsf_k"": 4, ""hsf_na"": 6, ""hsf_nb"": 6, ""hsf_l"": 14.9542, ""sup"": 12, ""chi_bits0"": 4, ""mps_l0"": 15.2222, ""hsf_keff"": 2, ""hsf_l0"": 16.9542, ""sparse_l"": 17.9069, ""sv_l"": 17.9069, ""feat_secs"": 0.00063, ""feat_secs_frame"": 9.6e-05, ""feat_secs_hsf"": 0.000496}"
qaoa,"qaoa:n=12,p=1,deg=2,nn=1",1,"{""n"": 12.0, ""p"": 1.0, ""deg"": 2.0, ""nn"": 1.0}",plan,ok,0.000182,0.0044,2277376,0.00111536717678199,0,0.00111536717678199,0.0,engine=sv aborted=[] plan_secs=0.000001,"{""n"": 12, ""gates"": 60, ""g2"": 24, ""g3"": 0, ""depth2"": 22, ""t_count"": 0, ""rotations"": 24, ""d"": 11, ""dense_l"": 14.9068, ""redundant"": 13, ""obs_zero"": false, ""frame_l"": 11.085, ""chi_bits"": 4, ""mps_l"": 15.2222, ""hsf_k"": 4, ""hsf_na"": 6, ""hsf_nb"": 6, ""hsf_l"": 14.9542, ""sup"": 12, ""chi_bits0"": 4, ""mps_l0"": 15.2222, ""hsf_keff"": 2, ""hsf_l0"": 16.9542, ""sparse_l"": 17.9069, ""sv_l"": 17.9069, ""feat_secs"": 0.00063, ""feat_secs_frame"": 9.6e-05, ""feat_secs_hsf"": 0.000496}"
qaoa,"qaoa:n=12,p=1,deg=3,nn=1",1,"{""n"": 12.0, ""p"": 1.0, ""deg"": 3.0, ""nn"": 1.0}",planx,ok,0.000207,0.0036,2342912,0.02391202771754891,0,0.02391202771754891,0.0,engine=sv aborted=[] plan_secs=0.000000,"{""n"": 12, ""gates"": 96, ""g2"": 48, ""g3"": 0, ""depth2"": 42, ""t_count"": 0, ""rotations"": 36, ""d"": 11, ""dense_l"": 15.3224, ""redundant"": 25, ""obs_zero"": false, ""frame_l"": 17.6699, ""chi_bits"": 6, ""mps_l"": 24.2313, ""hsf_k"": 12, ""hsf_na"": 6, ""hsf_nb"": 6, ""hsf_l"": 17.3219, ""sup"": 12, ""chi_bits0"": 6, ""mps_l0"": 24.2313, ""hsf_keff"": 4, ""hsf_l0"": 25.3219, ""sparse_l"": 18.585, ""sv_l"": 18.585, ""feat_secs"": 0.00094, ""feat_secs_frame"": 0.000132, ""feat_secs_hsf"": 0.000758}"
qaoa,"qaoa:n=12,p=1,deg=3,nn=1",1,"{""n"": 12.0, ""p"": 1.0, ""deg"": 3.0, ""nn"": 1.0}",planp,ok,0.000207,0.0041,2342912,0.02391202771754891,0,0.02391202771754891,0.0,engine=sv aborted=[] plan_secs=0.000000,"{""n"": 12, ""gates"": 96, ""g2"": 48, ""g3"": 0, ""depth2"": 42, ""t_count"": 0, ""rotations"": 36, ""d"": 11, ""dense_l"": 15.3224, ""redundant"": 25, ""obs_zero"": false, ""frame_l"": 17.6699, ""chi_bits"": 6, ""mps_l"": 24.2313, ""hsf_k"": 12, ""hsf_na"": 6, ""hsf_nb"": 6, ""hsf_l"": 17.3219, ""sup"": 12, ""chi_bits0"": 6, ""mps_l0"": 24.2313, ""hsf_keff"": 4, ""hsf_l0"": 25.3219, ""sparse_l"": 18.585, ""sv_l"": 18.585, ""feat_secs"": 0.00094, ""feat_secs_frame"": 0.000132, ""feat_secs_hsf"": 0.000758}"
qaoa,"qaoa:n=12,p=1,deg=3,nn=1",1,"{""n"": 12.0, ""p"": 1.0, ""deg"": 3.0, ""nn"": 1.0}",plan,ok,0.000211,0.0044,2342912,0.02391202771754891,0,0.02391202771754891,0.0,engine=sv aborted=[] plan_secs=0.000001,"{""n"": 12, ""gates"": 96, ""g2"": 48, ""g3"": 0, ""depth2"": 42, ""t_count"": 0, ""rotations"": 36, ""d"": 11, ""dense_l"": 15.3224, ""redundant"": 25, ""obs_zero"": false, ""frame_l"": 17.6699, ""chi_bits"": 6, ""mps_l"": 24.2313, ""hsf_k"": 12, ""hsf_na"": 6, ""hsf_nb"": 6, ""hsf_l"": 17.3219, ""sup"": 12, ""chi_bits0"": 6, ""mps_l0"": 24.2313, ""hsf_keff"": 4, ""hsf_l0"": 25.3219, ""sparse_l"": 18.585, ""sv_l"": 18.585, ""feat_secs"": 0.00094, ""feat_secs_frame"": 0.000132, ""feat_secs_hsf"": 0.000758}"
qaoa,"qaoa:n=12,p=2,deg=2,nn=1",1,"{""n"": 12.0, ""p"": 2.0, ""deg"": 2.0, ""nn"": 1.0}",planx,ok,0.000365,0.0041,2260992,0.05811203816766158,0,0.05811203816766158,0.0,engine=cstate aborted=[] plan_secs=0.000200,"{""n"": 12, ""gates"": 108, ""g2"": 48, ""g3"": 0, ""depth2"": 26, ""t_count"": 0, ""rotations"": 48, ""d"": 11, ""dense_l"": 16.2854, ""redundant"": 37, ""obs_zero"": false, ""frame_l"": 24.085, ""chi_bits"": 6, ""mps_l"": 22.9041, ""hsf_k"": 8, ""hsf_na"": 6, ""hsf_nb"": 6, ""hsf_l"": 17.4263, ""sup"": 12, ""chi_bits0"": 6, ""mps_l0"": 22.9041, ""hsf_keff"": 4, ""hsf_l0"": 21.4263, ""sparse_l"": 18.7549, ""sv_l"": 18.7549, ""feat_secs"": 0.000749, ""feat_secs_frame"": 0.000182, ""feat_secs_hsf"": 0.000508}"
qaoa,"qaoa:n=12,p=2,deg=2,nn=1",1,"{""n"": 12.0, ""p"": 2.0, ""deg"": 2.0, ""nn"": 1.0}",planp,ok,0.000362,0.0044,2260992,0.05811203816766158,0,0.05811203816766158,0.0,engine=cstate aborted=[] plan_secs=0.000204,"{""n"": 12, ""gates"": 108, ""g2"": 48, ""g3"": 0, ""depth2"": 26, ""t_count"": 0, ""rotations"": 48, ""d"": 11, ""dense_l"": 16.2854, ""redundant"": 37, ""obs_zero"": false, ""frame_l"": 24.085, ""chi_bits"": 6, ""mps_l"": 22.9041, ""hsf_k"": 8, ""hsf_na"": 6, ""hsf_nb"": 6, ""hsf_l"": 17.4263, ""sup"": 12, ""chi_bits0"": 6, ""mps_l0"": 22.9041, ""hsf_keff"": 4, ""hsf_l0"": 21.4263, ""sparse_l"": 18.7549, ""sv_l"": 18.7549, ""feat_secs"": 0.000749, ""feat_secs_frame"": 0.000182, ""feat_secs_hsf"": 0.000508}"
qaoa,"qaoa:n=12,p=2,deg=2,nn=1",1,"{""n"": 12.0, ""p"": 2.0, ""deg"": 2.0, ""nn"": 1.0}",plan,ok,0.000383,0.0043,2260992,0.05811203816766158,0,0.05811203816766158,0.0,engine=cstate aborted=[] plan_secs=0.000218,"{""n"": 12, ""gates"": 108, ""g2"": 48, ""g3"": 0, ""depth2"": 26, ""t_count"": 0, ""rotations"": 48, ""d"": 11, ""dense_l"": 16.2854, ""redundant"": 37, ""obs_zero"": false, ""frame_l"": 24.085, ""chi_bits"": 6, ""mps_l"": 22.9041, ""hsf_k"": 8, ""hsf_na"": 6, ""hsf_nb"": 6, ""hsf_l"": 17.4263, ""sup"": 12, ""chi_bits0"": 6, ""mps_l0"": 22.9041, ""hsf_keff"": 4, ""hsf_l0"": 21.4263, ""sparse_l"": 18.7549, ""sv_l"": 18.7549, ""feat_secs"": 0.000749, ""feat_secs_frame"": 0.000182, ""feat_secs_hsf"": 0.000508}"
qaoa,"qaoa:n=12,p=2,deg=3,nn=1",1,"{""n"": 12.0, ""p"": 2.0, ""deg"": 3.0, ""nn"": 1.0}",planx,ok,0.000626,0.0067,2359296,0.06481481455626448,0,0.06481481455626448,0.0,engine=cstate aborted=[] plan_secs=0.000327,"{""n"": 12, ""gates"": 180, ""g2"": 96, ""g3"": 0, ""depth2"": 52, ""t_count"": 0, ""rotations"": 72, ""d"": 11, ""dense_l"": 16.8075, ""redundant"": 61, ""obs_zero"": false, ""frame_l"": 28.1699, ""chi_bits"": 6, ""mps_l"": 25.9364, ""hsf_k"": 24, ""hsf_na"": 6, ""hsf_nb"": 6, ""hsf_l"": 21.9307, ""sup"": 12, ""chi_bits0"": 6, ""mps_l0"": 25.9364, ""hsf_keff"": 8, ""hsf_l0"": 37.9307, ""sparse_l"": 19.4919, ""sv_l"": 19.4919, ""feat_secs"": 0.001208, ""feat_secs_frame"": 0.000228, ""feat_secs_hsf"": 0.000902}"
qaoa,"qaoa:n=12,p=2,deg=3,nn=1",1,"{""n"": 12.0, ""p"": 2.0, ""deg"": 3.0, ""nn"": 1.0}",planp,ok,0.000515,0.0064,2342912,0.06481481455626448,0,0.06481481455626448,0.0,engine=cstate aborted=[] plan_secs=0.000290,"{""n"": 12, ""gates"": 180, ""g2"": 96, ""g3"": 0, ""depth2"": 52, ""t_count"": 0, ""rotations"": 72, ""d"": 11, ""dense_l"": 16.8075, ""redundant"": 61, ""obs_zero"": false, ""frame_l"": 28.1699, ""chi_bits"": 6, ""mps_l"": 25.9364, ""hsf_k"": 24, ""hsf_na"": 6, ""hsf_nb"": 6, ""hsf_l"": 21.9307, ""sup"": 12, ""chi_bits0"": 6, ""mps_l0"": 25.9364, ""hsf_keff"": 8, ""hsf_l0"": 37.9307, ""sparse_l"": 19.4919, ""sv_l"": 19.4919, ""feat_secs"": 0.001208, ""feat_secs_frame"": 0.000228, ""feat_secs_hsf"": 0.000902}"
qaoa,"qaoa:n=12,p=2,deg=3,nn=1",1,"{""n"": 12.0, ""p"": 2.0, ""deg"": 3.0, ""nn"": 1.0}",plan,ok,0.000547,0.0064,2342912,0.06481481455626448,0,0.06481481455626448,0.0,engine=cstate aborted=[] plan_secs=0.000319,"{""n"": 12, ""gates"": 180, ""g2"": 96, ""g3"": 0, ""depth2"": 52, ""t_count"": 0, ""rotations"": 72, ""d"": 11, ""dense_l"": 16.8075, ""redundant"": 61, ""obs_zero"": false, ""frame_l"": 28.1699, ""chi_bits"": 6, ""mps_l"": 25.9364, ""hsf_k"": 24, ""hsf_na"": 6, ""hsf_nb"": 6, ""hsf_l"": 21.9307, ""sup"": 12, ""chi_bits0"": 6, ""mps_l0"": 25.9364, ""hsf_keff"": 8, ""hsf_l0"": 37.9307, ""sparse_l"": 19.4919, ""sv_l"": 19.4919, ""feat_secs"": 0.001208, ""feat_secs_frame"": 0.000228, ""feat_secs_hsf"": 0.000902}"
qaoa,"qaoa:n=12,p=3,deg=2,nn=1",1,"{""n"": 12.0, ""p"": 3.0, ""deg"": 2.0, ""nn"": 1.0}",planx,ok,0.000511,0.0041,2326528,0.1024017912892793,0,0.1024017912892793,0.0,engine=cstate aborted=[] plan_secs=0.000278,"{""n"": 12, ""gates"": 156, ""g2"": 72, ""g3"": 0, ""depth2"": 46, ""t_count"": 0, ""rotations"": 72, ""d"": 11, ""dense_l"": 16.9773, ""redundant"": 61, ""obs_zero"": false, ""frame_l"": 28.1699, ""chi_bits"": 6, ""mps_l"": 24.2043, ""hsf_k"": 12, ""hsf_na"": 6, ""hsf_nb"": 6, ""hsf_l"": 19.7814, ""sup"": 12, ""chi_bits0"": 6, ""mps_l0"": 24.2043, ""hsf_keff"": 6, ""hsf_l0"": 25.7814, ""sparse_l"": 19.2854, ""sv_l"": 19.2854, ""feat_secs"": 0.000857, ""feat_secs_frame"": 0.000239, ""feat_secs_hsf"": 0.000542}"
qaoa,"qaoa:n=12,p=3,deg=2,nn=1",1,"{""n"": 12.0, ""p"": 3.0, ""deg"": 2.0, ""nn"": 1.0}",planp,ok,0.000495,0.0066,2326528,0.1024017912892793,0,0.1024017912892793,0.0,engine=cstate aborted=[] plan_secs=0.000266,"{""n"": 12, ""gates"": 156, ""g2"": 72, ""g3"": 0, ""depth2"": 46, ""t_count"": 0, ""rotations"": 72, ""d"": 11, ""dense_l"": 16.9773, ""redundant"": 61, ""obs_zero"": false, ""frame_l"": 28.1699, ""chi_bits"": 6, ""mps_l"": 24.2043, ""hsf_k"": 12, ""hsf_na"": 6, ""hsf_nb"": 6, ""hsf_l"": 19.7814, ""sup"": 12, ""chi_bits0"": 6, ""mps_l0"": 24.2043, ""hsf_keff"": 6, ""hsf_l0"": 25.7814, ""sparse_l"": 19.2854, ""sv_l"": 19.2854, ""feat_secs"": 0.000857, ""feat_secs_frame"": 0.000239, ""feat_secs_hsf"": 0.000542}"
qaoa,"qaoa:n=12,p=3,deg=2,nn=1",1,"{""n"": 12.0, ""p"": 3.0, ""deg"": 2.0, ""nn"": 1.0}",plan,ok,0.000582,0.0067,2326528,0.1024017912892793,0,0.1024017912892793,0.0,engine=cstate aborted=[] plan_secs=0.000346,"{""n"": 12, ""gates"": 156, ""g2"": 72, ""g3"": 0, ""depth2"": 46, ""t_count"": 0, ""rotations"": 72, ""d"": 11, ""dense_l"": 16.9773, ""redundant"": 61, ""obs_zero"": false, ""frame_l"": 28.1699, ""chi_bits"": 6, ""mps_l"": 24.2043, ""hsf_k"": 12, ""hsf_na"": 6, ""hsf_nb"": 6, ""hsf_l"": 19.7814, ""sup"": 12, ""chi_bits0"": 6, ""mps_l0"": 24.2043, ""hsf_keff"": 6, ""hsf_l0"": 25.7814, ""sparse_l"": 19.2854, ""sv_l"": 19.2854, ""feat_secs"": 0.000857, ""feat_secs_frame"": 0.000239, ""feat_secs_hsf"": 0.000542}"
qaoa,"qaoa:n=12,p=3,deg=3,nn=1",1,"{""n"": 12.0, ""p"": 3.0, ""deg"": 3.0, ""nn"": 1.0}",planx,ok,0.000721,0.0066,2359296,0.1445911793610737,0,0.1445911793610737,0.0,engine=cstate aborted=[] plan_secs=0.000378,"{""n"": 12, ""gates"": 264, ""g2"": 144, ""g3"": 0, ""depth2"": 90, ""t_count"": 0, ""rotations"": 108, ""d"": 11, ""dense_l"": 17.5237, ""redundant"": 97, ""obs_zero"": false, ""frame_l"": 28.7549, ""chi_bits"": 6, ""mps_l"": 26.6962, ""hsf_k"": 36, ""hsf_na"": 6, ""hsf_nb"": 6, ""hsf_l"": 26.3576, ""sup"": 12, ""chi_bits0"": 6, ""mps_l0"": 26.6962, ""hsf_keff"": 12, ""hsf_l0"": 50.3576, ""sparse_l"": 20.0444, ""sv_l"": 20.0444, ""feat_secs"": 0.001211, ""feat_secs_frame"": 0.000283, ""feat_secs_hsf"": 0.000819}"
qaoa,"qaoa:n=12,p=3,deg=3,nn=1",1,"{""n"": 12.0, ""p"": 3.0, ""deg"": 3.0, ""nn"": 1.0}",planp,ok,0.000772,0.0066,2359296,0.1445911793610737,0,0.1445911793610737,0.0,engine=cstate aborted=[] plan_secs=0.000425,"{""n"": 12, ""gates"": 264, ""g2"": 144, ""g3"": 0, ""depth2"": 90, ""t_count"": 0, ""rotations"": 108, ""d"": 11, ""dense_l"": 17.5237, ""redundant"": 97, ""obs_zero"": false, ""frame_l"": 28.7549, ""chi_bits"": 6, ""mps_l"": 26.6962, ""hsf_k"": 36, ""hsf_na"": 6, ""hsf_nb"": 6, ""hsf_l"": 26.3576, ""sup"": 12, ""chi_bits0"": 6, ""mps_l0"": 26.6962, ""hsf_keff"": 12, ""hsf_l0"": 50.3576, ""sparse_l"": 20.0444, ""sv_l"": 20.0444, ""feat_secs"": 0.001211, ""feat_secs_frame"": 0.000283, ""feat_secs_hsf"": 0.000819}"
qaoa,"qaoa:n=12,p=3,deg=3,nn=1",1,"{""n"": 12.0, ""p"": 3.0, ""deg"": 3.0, ""nn"": 1.0}",plan,ok,0.000724,0.0075,2359296,0.1445911793610737,0,0.1445911793610737,0.0,engine=cstate aborted=[] plan_secs=0.000379,"{""n"": 12, ""gates"": 264, ""g2"": 144, ""g3"": 0, ""depth2"": 90, ""t_count"": 0, ""rotations"": 108, ""d"": 11, ""dense_l"": 17.5237, ""redundant"": 97, ""obs_zero"": false, ""frame_l"": 28.7549, ""chi_bits"": 6, ""mps_l"": 26.6962, ""hsf_k"": 36, ""hsf_na"": 6, ""hsf_nb"": 6, ""hsf_l"": 26.3576, ""sup"": 12, ""chi_bits0"": 6, ""mps_l0"": 26.6962, ""hsf_keff"": 12, ""hsf_l0"": 50.3576, ""sparse_l"": 20.0444, ""sv_l"": 20.0444, ""feat_secs"": 0.001211, ""feat_secs_frame"": 0.000283, ""feat_secs_hsf"": 0.000819}"
qaoa,"qaoa:n=16,p=1,deg=2,nn=1",1,"{""n"": 16.0, ""p"": 1.0, ""deg"": 2.0, ""nn"": 1.0}",planx,ok,0.000931,0.0076,2867200,9.180798965558503e-05,0,9.180798965558503e-05,0.0,engine=mps aborted=[] plan_secs=0.000389,"{""n"": 16, ""gates"": 80, ""g2"": 32, ""g3"": 0, ""depth2"": 30, ""t_count"": 0, ""rotations"": 32, ""d"": 15, ""dense_l"": 19.2479, ""redundant"": 17, ""obs_zero"": false, ""frame_l"": 13.5, ""chi_bits"": 4, ""mps_l"": 15.9327, ""hsf_k"": 4, ""hsf_na"": 8, ""hsf_nb"": 8, ""hsf_l"": 18.3923, ""sup"": 16, ""chi_bits0"": 4, ""mps_l0"": 15.9327, ""hsf_keff"": 2, ""hsf_l0"": 20.3923, ""sparse_l"": 22.3219, ""sv_l"": 22.3219, ""feat_secs"": 0.001379, ""feat_secs_frame"": 0.000141, ""feat_secs_hsf"": 0.001158}"
qaoa,"qaoa:n=16,p=1,deg=2,nn=1",1,"{""n"": 16.0, ""p"": 1.0, ""deg"": 2.0, ""nn"": 1.0}",planp,ok,0.000701,0.0066,2834432,9.180798965558503e-05,0,9.180798965558503e-05,0.0,engine=mps aborted=[] plan_secs=0.000327,"{""n"": 16, ""gates"": 80, ""g2"": 32, ""g3"": 0, ""depth2"": 30, ""t_count"": 0, ""rotations"": 32, ""d"": 15, ""dense_l"": 19.2479, ""redundant"": 17, ""obs_zero"": false, ""frame_l"": 13.5, ""chi_bits"": 4, ""mps_l"": 15.9327, ""hsf_k"": 4, ""hsf_na"": 8, ""hsf_nb"": 8, ""hsf_l"": 18.3923, ""sup"": 16, ""chi_bits0"": 4, ""mps_l0"": 15.9327, ""hsf_keff"": 2, ""hsf_l0"": 20.3923, ""sparse_l"": 22.3219, ""sv_l"": 22.3219, ""feat_secs"": 0.001379, ""feat_secs_frame"": 0.000141, ""feat_secs_hsf"": 0.001158}"
qaoa,"qaoa:n=16,p=1,deg=2,nn=1",1,"{""n"": 16.0, ""p"": 1.0, ""deg"": 2.0, ""nn"": 1.0}",plan,ok,0.000706,0.0041,2850816,9.180798965558503e-05,0,9.180798965558503e-05,0.0,engine=mps aborted=[] plan_secs=0.000330,"{""n"": 16, ""gates"": 80, ""g2"": 32, ""g3"": 0, ""depth2"": 30, ""t_count"": 0, ""rotations"": 32, ""d"": 15, ""dense_l"": 19.2479, ""redundant"": 17, ""obs_zero"": false, ""frame_l"": 13.5, ""chi_bits"": 4, ""mps_l"": 15.9327, ""hsf_k"": 4, ""hsf_na"": 8, ""hsf_nb"": 8, ""hsf_l"": 18.3923, ""sup"": 16, ""chi_bits0"": 4, ""mps_l0"": 15.9327, ""hsf_keff"": 2, ""hsf_l0"": 20.3923, ""sparse_l"": 22.3219, ""sv_l"": 22.3219, ""feat_secs"": 0.001379, ""feat_secs_frame"": 0.000141, ""feat_secs_hsf"": 0.001158}"
qaoa,"qaoa:n=16,p=1,deg=3,nn=1",1,"{""n"": 16.0, ""p"": 1.0, ""deg"": 3.0, ""nn"": 1.0}",planx,ok,0.002179,0.0076,3309568,0.005463186450761429,0,0.005463186450761429,0.0,engine=cstate aborted=[] plan_secs=0.000663,"{""n"": 16, ""gates"": 128, ""g2"": 64, ""g3"": 0, ""depth2"": 58, ""t_count"": 0, ""rotations"": 48, ""d"": 15, ""dense_l"": 19.585, ""redundant"": 33, ""obs_zero"": false, ""frame_l"": 22.085, ""chi_bits"": 8, ""mps_l"": 29.0831, ""hsf_k"": 12, ""hsf_na"": 8, ""hsf_nb"": 8, ""hsf_l"": 20.585, ""sup"": 16, ""chi_bits0"": 8, ""mps_l0"": 29.0831, ""hsf_keff"": 4, ""hsf_l0"": 28.585, ""sparse_l"": 23.0, ""sv_l"": 23.0, ""feat_secs"": 0.002, ""feat_secs_frame"": 0.000176, ""feat_secs_hsf"": 0.00175}"
qaoa,"qaoa:n=16,p=1,deg=3,nn=1",1,"{""n"": 16.0, ""p"": 1.0, ""deg"": 3.0, ""nn"": 1.0}",planp,ok,0.002236,0.0068,3260416,0.005463186450761429,0,0.005463186450761429,0.0,engine=cstate aborted=[] plan_secs=0.000649,"{""n"": 16, ""gates"": 128, ""g2"": 64, ""g3"": 0, ""depth2"": 58, ""t_count"": 0, ""rotations"": 48, ""d"": 15, ""dense_l"": 19.585, ""redundant"": 33, ""obs_zero"": false, ""frame_l"": 22.085, ""chi_bits"": 8, ""mps_l"": 29.0831, ""hsf_k"": 12, ""hsf_na"": 8, ""hsf_nb"": 8, ""hsf_l"": 20.585, ""sup"": 16, ""chi_bits0"": 8, ""mps_l0"": 29.0831, ""hsf_keff"": 4, ""hsf_l0"": 28.585, ""sparse_l"": 23.0, ""sv_l"": 23.0, ""feat_secs"": 0.002, ""feat_secs_frame"": 0.000176, ""feat_secs_hsf"": 0.00175}"
qaoa,"qaoa:n=16,p=1,deg=3,nn=1",1,"{""n"": 16.0, ""p"": 1.0, ""deg"": 3.0, ""nn"": 1.0}",plan,ok,0.001998,0.0074,3260416,0.005463186450761429,0,0.005463186450761429,0.0,engine=cstate aborted=[] plan_secs=0.000629,"{""n"": 16, ""gates"": 128, ""g2"": 64, ""g3"": 0, ""depth2"": 58, ""t_count"": 0, ""rotations"": 48, ""d"": 15, ""dense_l"": 19.585, ""redundant"": 33, ""obs_zero"": false, ""frame_l"": 22.085, ""chi_bits"": 8, ""mps_l"": 29.0831, ""hsf_k"": 12, ""hsf_na"": 8, ""hsf_nb"": 8, ""hsf_l"": 20.585, ""sup"": 16, ""chi_bits0"": 8, ""mps_l0"": 29.0831, ""hsf_keff"": 4, ""hsf_l0"": 28.585, ""sparse_l"": 23.0, ""sv_l"": 23.0, ""feat_secs"": 0.002, ""feat_secs_frame"": 0.000176, ""feat_secs_hsf"": 0.00175}"
qaoa,"qaoa:n=16,p=2,deg=2,nn=1",1,"{""n"": 16.0, ""p"": 2.0, ""deg"": 2.0, ""nn"": 1.0}",planx,ok,0.00292,0.0073,3457024,0.01433923072832127,0,0.01433923072832127,0.0,engine=mps aborted=[] plan_secs=0.000524,"{""n"": 16, ""gates"": 144, ""g2"": 64, ""g3"": 0, ""depth2"": 34, ""t_count"": 0, ""rotations"": 64, ""d"": 15, ""dense_l"": 20.6724, ""redundant"": 49, ""obs_zero"": false, ""frame_l"": 30.5, ""chi_bits"": 8, ""mps_l"": 25.7064, ""hsf_k"": 8, ""hsf_na"": 8, ""hsf_nb"": 8, ""hsf_l"": 20.6439, ""sup"": 16, ""chi_bits0"": 8, ""mps_l0"": 25.7064, ""hsf_keff"": 4, ""hsf_l0"": 24.6439, ""sparse_l"": 23.1699, ""sv_l"": 23.1699, ""feat_secs"": 0.001506, ""feat_secs_frame"": 0.000187, ""feat_secs_hsf"": 0.001241}"
qaoa,"qaoa:n=16,p=2,deg=2,nn=1",1,"{""n"": 16.0, ""p"": 2.0, ""deg"": 2.0, ""nn"": 1.0}",planp,ok,0.002961,0.0074,3555328,0.01433923072832127,0,0.01433923072832127,0.0,engine=mps aborted=[] plan_secs=0.000536,"{""n"": 16, ""gates"": 144, ""g2"": 64, ""g3"": 0, ""depth2"": 34, ""t_count"": 0, ""rotations"": 64, ""d"": 15, ""dense_l"": 20.6724, ""redundant"": 49, ""obs_zero"": false, ""frame_l"": 30.5, ""chi_bits"": 8, ""mps_l"": 25.7064, ""hsf_k"": 8, ""hsf_na"": 8, ""hsf_nb"": 8, ""hsf_l"": 20.6439, ""sup"": 16, ""chi_bits0"": 8, ""mps_l0"": 25.7064, ""hsf_keff"": 4, ""hsf_l0"": 24.6439, ""sparse_l"": 23.1699, ""sv_l"": 23.1699, ""feat_secs"": 0.001506, ""feat_secs_frame"": 0.000187, ""feat_secs_hsf"": 0.001241}"
qaoa,"qaoa:n=16,p=2,deg=2,nn=1",1,"{""n"": 16.0, ""p"": 2.0, ""deg"": 2.0, ""nn"": 1.0}",plan,ok,0.002675,0.0076,3522560,0.01433923072832127,0,0.01433923072832127,0.0,engine=mps aborted=[] plan_secs=0.000518,"{""n"": 16, ""gates"": 144, ""g2"": 64, ""g3"": 0, ""depth2"": 34, ""t_count"": 0, ""rotations"": 64, ""d"": 15, ""dense_l"": 20.6724, ""redundant"": 49, ""obs_zero"": false, ""frame_l"": 30.5, ""chi_bits"": 8, ""mps_l"": 25.7064, ""hsf_k"": 8, ""hsf_na"": 8, ""hsf_nb"": 8, ""hsf_l"": 20.6439, ""sup"": 16, ""chi_bits0"": 8, ""mps_l0"": 25.7064, ""hsf_keff"": 4, ""hsf_l0"": 24.6439, ""sparse_l"": 23.1699, ""sv_l"": 23.1699, ""feat_secs"": 0.001506, ""feat_secs_frame"": 0.000187, ""feat_secs_hsf"": 0.001241}"
qaoa,"qaoa:n=16,p=2,deg=3,nn=1",1,"{""n"": 16.0, ""p"": 2.0, ""deg"": 3.0, ""nn"": 1.0}",planx,ok,0.00653,0.0117,3997696,0.02625858719579201,0,0.02625858719579201,0.0,engine=cstate aborted=[] plan_secs=0.001159,"{""n"": 16, ""gates"": 240, ""g2"": 128, ""g3"": 0, ""depth2"": 68, ""t_count"": 0, ""rotations"": 96, ""d"": 15, ""dense_l"": 21.1699, ""redundant"": 81, ""obs_zero"": false, ""frame_l"": 36.585, ""chi_bits"": 8, ""mps_l"": 31.6699, ""hsf_k"": 24, ""hsf_na"": 8, ""hsf_nb"": 8, ""hsf_l"": 24.9542, ""sup"": 16, ""chi_bits0"": 8, ""mps_l0"": 31.6699, ""hsf_keff"": 8, ""hsf_l0"": 40.9542, ""sparse_l"": 23.9069, ""sv_l"": 23.9069, ""feat_secs"": 0.002016, ""feat_secs_frame"": 0.00026, ""feat_secs_hsf"": 0.001658}"
qaoa,"qaoa:n=16,p=2,deg=3,nn=1",1,"{""n"": 16.0, ""p"": 2.0, ""deg"": 3.0, ""nn"": 1.0}",planp,ok,0.006725,0.0126,3964928,0.02625858719579201,0,0.02625858719579201,0.0,engine=cstate aborted=[] plan_secs=0.001103,"{""n"": 16, ""gates"": 240, ""g2"": 128, ""g3"": 0, ""depth2"": 68, ""t_count"": 0, ""rotations"": 96, ""d"": 15, ""dense_l"": 21.1699, ""redundant"": 81, ""obs_zero"": false, ""frame_l"": 36.585, ""chi_bits"": 8, ""mps_l"": 31.6699, ""hsf_k"": 24, ""hsf_na"": 8, ""hsf_nb"": 8, ""hsf_l"": 24.9542, ""sup"": 16, ""chi_bits0"": 8, ""mps_l0"": 31.6699, ""hsf_keff"": 8, ""hsf_l0"": 40.9542, ""sparse_l"": 23.9069, ""sv_l"": 23.9069, ""feat_secs"": 0.002016, ""feat_secs_frame"": 0.00026, ""feat_secs_hsf"": 0.001658}"
qaoa,"qaoa:n=16,p=2,deg=3,nn=1",1,"{""n"": 16.0, ""p"": 2.0, ""deg"": 3.0, ""nn"": 1.0}",plan,ok,0.006535,0.0131,4014080,0.02625858719579201,0,0.02625858719579201,0.0,engine=cstate aborted=[] plan_secs=0.001133,"{""n"": 16, ""gates"": 240, ""g2"": 128, ""g3"": 0, ""depth2"": 68, ""t_count"": 0, ""rotations"": 96, ""d"": 15, ""dense_l"": 21.1699, ""redundant"": 81, ""obs_zero"": false, ""frame_l"": 36.585, ""chi_bits"": 8, ""mps_l"": 31.6699, ""hsf_k"": 24, ""hsf_na"": 8, ""hsf_nb"": 8, ""hsf_l"": 24.9542, ""sup"": 16, ""chi_bits0"": 8, ""mps_l0"": 31.6699, ""hsf_keff"": 8, ""hsf_l0"": 40.9542, ""sparse_l"": 23.9069, ""sv_l"": 23.9069, ""feat_secs"": 0.002016, ""feat_secs_frame"": 0.00026, ""feat_secs_hsf"": 0.001658}"
qaoa,"qaoa:n=16,p=3,deg=2,nn=1",1,"{""n"": 16.0, ""p"": 3.0, ""deg"": 2.0, ""nn"": 1.0}",planx,ok,0.008185,0.0136,4079616,0.03784956967007535,0,0.03784956967007535,0.0,engine=cstate aborted=[] plan_secs=0.002311,"{""n"": 16, ""gates"": 208, ""g2"": 96, ""g3"": 0, ""depth2"": 62, ""t_count"": 0, ""rotations"": 96, ""d"": 15, ""dense_l"": 21.375, ""redundant"": 81, ""obs_zero"": false, ""frame_l"": 36.585, ""chi_bits"": 8, ""mps_l"": 29.5545, ""hsf_k"": 12, ""hsf_na"": 8, ""hsf_nb"": 8, ""hsf_l"": 22.858, ""sup"": 16, ""chi_bits0"": 8, ""mps_l0"": 29.5545, ""hsf_keff"": 6, ""hsf_l0"": 28.858, ""sparse_l"": 23.7004, ""sv_l"": 23.7004, ""feat_secs"": 0.001507, ""feat_secs_frame"": 0.000253, ""feat_secs_hsf"": 0.001166}"
qaoa,"qaoa:n=16,p=3,deg=2,nn=1",1,"{""n"": 16.0, ""p"": 3.0, ""deg"": 2.0, ""nn"": 1.0}",planp,ok,0.008235,0.0122,4046848,0.03784956967007535,0,0.03784956967007535,0.0,engine=cstate aborted=[] plan_secs=0.002070,"{""n"": 16, ""gates"": 208, ""g2"": 96, ""g3"": 0, ""depth2"": 62, ""t_count"": 0, ""rotations"": 96, ""d"": 15, ""dense_l"": 21.375, ""redundant"": 81, ""obs_zero"": false, ""frame_l"": 36.585, ""chi_bits"": 8, ""mps_l"": 29.5545, ""hsf_k"": 12, ""hsf_na"": 8, ""hsf_nb"": 8, ""hsf_l"": 22.858, ""sup"": 16, ""chi_bits0"": 8, ""mps_l0"": 29.5545, ""hsf_keff"": 6, ""hsf_l0"": 28.858, ""sparse_l"": 23.7004, ""sv_l"": 23.7004, ""feat_secs"": 0.001507, ""feat_secs_frame"": 0.000253, ""feat_secs_hsf"": 0.001166}"
qaoa,"qaoa:n=16,p=3,deg=2,nn=1",1,"{""n"": 16.0, ""p"": 3.0, ""deg"": 2.0, ""nn"": 1.0}",plan,ok,0.008197,0.0127,4063232,0.03784956967007535,0,0.03784956967007535,0.0,engine=cstate aborted=[] plan_secs=0.001989,"{""n"": 16, ""gates"": 208, ""g2"": 96, ""g3"": 0, ""depth2"": 62, ""t_count"": 0, ""rotations"": 96, ""d"": 15, ""dense_l"": 21.375, ""redundant"": 81, ""obs_zero"": false, ""frame_l"": 36.585, ""chi_bits"": 8, ""mps_l"": 29.5545, ""hsf_k"": 12, ""hsf_na"": 8, ""hsf_nb"": 8, ""hsf_l"": 22.858, ""sup"": 16, ""chi_bits0"": 8, ""mps_l0"": 29.5545, ""hsf_keff"": 6, ""hsf_l0"": 28.858, ""sparse_l"": 23.7004, ""sv_l"": 23.7004, ""feat_secs"": 0.001507, ""feat_secs_frame"": 0.000253, ""feat_secs_hsf"": 0.001166}"
qaoa,"qaoa:n=16,p=3,deg=3,nn=1",1,"{""n"": 16.0, ""p"": 3.0, ""deg"": 3.0, ""nn"": 1.0}",planx,ok,0.012975,0.0181,4227072,0.05554424523698827,0,0.05554424523698827,0.0,engine=cstate aborted=[] plan_secs=0.003422,"{""n"": 16, ""gates"": 352, ""g2"": 192, ""g3"": 0, ""depth2"": 122, ""t_count"": 0, ""rotations"": 144, ""d"": 15, ""dense_l"": 21.9069, ""redundant"": 129, ""obs_zero"": false, ""frame_l"": 37.1699, ""chi_bits"": 8, ""mps_l"": 32.5445, ""hsf_k"": 36, ""hsf_na"": 8, ""hsf_nb"": 8, ""hsf_l"": 29.2479, ""sup"": 16, ""chi_bits0"": 8, ""mps_l0"": 32.5445, ""hsf_keff"": 12, ""hsf_l0"": 53.2479, ""sparse_l"": 24.4594, ""sv_l"": 24.4594, ""feat_secs"": 0.002236, ""feat_secs_frame"": 0.00037, ""feat_secs_hsf"": 0.001719}"
qaoa,"qaoa:n=16,p=3,deg=3,nn=1",1,"{""n"": 16.0, ""p"": 3.0, ""deg"": 3.0, ""nn"": 1.0}",planp,ok,0.012631,0.0188,4177920,0.05554424523698827,0,0.05554424523698827,0.0,engine=cstate aborted=[] plan_secs=0.003485,"{""n"": 16, ""gates"": 352, ""g2"": 192, ""g3"": 0, ""depth2"": 122, ""t_count"": 0, ""rotations"": 144, ""d"": 15, ""dense_l"": 21.9069, ""redundant"": 129, ""obs_zero"": false, ""frame_l"": 37.1699, ""chi_bits"": 8, ""mps_l"": 32.5445, ""hsf_k"": 36, ""hsf_na"": 8, ""hsf_nb"": 8, ""hsf_l"": 29.2479, ""sup"": 16, ""chi_bits0"": 8, ""mps_l0"": 32.5445, ""hsf_keff"": 12, ""hsf_l0"": 53.2479, ""sparse_l"": 24.4594, ""sv_l"": 24.4594, ""feat_secs"": 0.002236, ""feat_secs_frame"": 0.00037, ""feat_secs_hsf"": 0.001719}"
qaoa,"qaoa:n=16,p=3,deg=3,nn=1",1,"{""n"": 16.0, ""p"": 3.0, ""deg"": 3.0, ""nn"": 1.0}",plan,ok,0.012383,0.0184,4194304,0.05554424523698827,0,0.05554424523698827,0.0,engine=cstate aborted=[] plan_secs=0.003322,"{""n"": 16, ""gates"": 352, ""g2"": 192, ""g3"": 0, ""depth2"": 122, ""t_count"": 0, ""rotations"": 144, ""d"": 15, ""dense_l"": 21.9069, ""redundant"": 129, ""obs_zero"": false, ""frame_l"": 37.1699, ""chi_bits"": 8, ""mps_l"": 32.5445, ""hsf_k"": 36, ""hsf_na"": 8, ""hsf_nb"": 8, ""hsf_l"": 29.2479, ""sup"": 16, ""chi_bits0"": 8, ""mps_l0"": 32.5445, ""hsf_keff"": 12, ""hsf_l0"": 53.2479, ""sparse_l"": 24.4594, ""sv_l"": 24.4594, ""feat_secs"": 0.002236, ""feat_secs_frame"": 0.00037, ""feat_secs_hsf"": 0.001719}"
qaoa,"qaoa:n=20,p=1,deg=2,nn=1",1,"{""n"": 20.0, ""p"": 1.0, ""deg"": 2.0, ""nn"": 1.0}",planx,ok,0.000829,0.0073,2850816,7.556889957442074e-06,0,7.556889957442074e-06,0.0,engine=mps aborted=[] plan_secs=0.000402,"{""n"": 20, ""gates"": 100, ""g2"": 40, ""g3"": 0, ""depth2"": 38, ""t_count"": 0, ""rotations"": 40, ""d"": 19, ""dense_l"": 23.5236, ""redundant"": 21, ""obs_zero"": false, ""frame_l"": 15.8219, ""chi_bits"": 4, ""mps_l"": 16.4066, ""hsf_k"": 4, ""hsf_na"": 10, ""hsf_nb"": 10, ""hsf_l"": 22.1344, ""sup"": 20, ""chi_bits0"": 4, ""mps_l0"": 16.4066, ""hsf_keff"": 2, ""hsf_l0"": 24.1344, ""sparse_l"": 26.6439, ""sv_l"": 26.6439, ""feat_secs"": 0.002338, ""feat_secs_frame"": 0.000138, ""feat_secs_hsf"": 0.002142}"
qaoa,"qaoa:n=20,p=1,deg=2,nn=1",1,"{""n"": 20.0, ""p"": 1.0, ""deg"": 2.0, ""nn"": 1.0}",planp,ok,0.001036,0.0066,2883584,7.556889957442074e-06,0,7.556889957442074e-06,0.0,engine=mps aborted=[] plan_secs=0.000557,"{""n"": 20, ""gates"": 100, ""g2"": 40, ""g3"": 0, ""depth2"": 38, ""t_count"": 0, ""rotations"": 40, ""d"": 19, ""dense_l"": 23.5236, ""redundant"": 21, ""obs_zero"": false, ""frame_l"": 15.8219, ""chi_bits"": 4, ""mps_l"": 16.4066, ""hsf_k"": 4, ""hsf_na"": 10, ""hsf_nb"": 10, ""hsf_l"": 22.1344, ""sup"": 20, ""chi_bits0"": 4, ""mps_l0"": 16.4066, ""hsf_keff"": 2, ""hsf_l0"": 24.1344, ""sparse_l"": 26.6439, ""sv_l"": 26.6439, ""feat_secs"": 0.002338, ""feat_secs_frame"": 0.000138, ""feat_secs_hsf"": 0.002142}"
qaoa,"qaoa:n=20,p=1,deg=2,nn=1",1,"{""n"": 20.0, ""p"": 1.0, ""deg"": 2.0, ""nn"": 1.0}",plan,ok,0.000882,0.0074,2834432,7.556889957442074e-06,0,7.556889957442074e-06,0.0,engine=mps aborted=[] plan_secs=0.000437,"{""n"": 20, ""gates"": 100, ""g2"": 40, ""g3"": 0, ""depth2"": 38, ""t_count"": 0, ""rotations"": 40, ""d"": 19, ""dense_l"": 23.5236, ""redundant"": 21, ""obs_zero"": false, ""frame_l"": 15.8219, ""chi_bits"": 4, ""mps_l"": 16.4066, ""hsf_k"": 4, ""hsf_na"": 10, ""hsf_nb"": 10, ""hsf_l"": 22.1344, ""sup"": 20, ""chi_bits0"": 4, ""mps_l0"": 16.4066, ""hsf_keff"": 2, ""hsf_l0"": 24.1344, ""sparse_l"": 26.6439, ""sv_l"": 26.6439, ""feat_secs"": 0.002338, ""feat_secs_frame"": 0.000138, ""feat_secs_hsf"": 0.002142}"
qaoa,"qaoa:n=20,p=1,deg=3,nn=1",1,"{""n"": 20.0, ""p"": 1.0, ""deg"": 3.0, ""nn"": 1.0}",planx,ok,0.004656,0.0104,3293184,0.001248878795127567,0,0.001248878795127567,0.0,engine=mps aborted=[] plan_secs=0.000889,"{""n"": 20, ""gates"": 160, ""g2"": 80, ""g3"": 0, ""depth2"": 74, ""t_count"": 0, ""rotations"": 60, ""d"": 19, ""dense_l"": 23.8074, ""redundant"": 41, ""obs_zero"": false, ""frame_l"": 26.4069, ""chi_bits"": 10, ""mps_l"": 32.5517, ""hsf_k"": 12, ""hsf_na"": 10, ""hsf_nb"": 10, ""hsf_l"": 24.2095, ""sup"": 20, ""chi_bits0"": 10, ""mps_l0"": 32.5517, ""hsf_keff"": 4, ""hsf_l0"": 32.2095, ""sparse_l"": 27.3219, ""sv_l"": 27.3219, ""feat_secs"": 0.00345, ""feat_secs_frame"": 0.000202, ""feat_secs_hsf"": 0.003163}"
qaoa,"qaoa:n=20,p=1,deg=3,nn=1",1,"{""n"": 20.0, ""p"": 1.0, ""deg"": 3.0, ""nn"": 1.0}",planp,ok,0.00449,0.0090,3375104,0.001248878795127567,0,0.001248878795127567,0.0,engine=mps aborted=[] plan_secs=0.000922,"{""n"": 20, ""gates"": 160, ""g2"": 80, ""g3"": 0, ""depth2"": 74, ""t_count"": 0, ""rotations"": 60, ""d"": 19, ""dense_l"": 23.8074, ""redundant"": 41, ""obs_zero"": false, ""frame_l"": 26.4069, ""chi_bits"": 10, ""mps_l"": 32.5517, ""hsf_k"": 12, ""hsf_na"": 10, ""hsf_nb"": 10, ""hsf_l"": 24.2095, ""sup"": 20, ""chi_bits0"": 10, ""mps_l0"": 32.5517, ""hsf_keff"": 4, ""hsf_l0"": 32.2095, ""sparse_l"": 27.3219, ""sv_l"": 27.3219, ""feat_secs"": 0.00345, ""feat_secs_frame"": 0.000202, ""feat_secs_hsf"": 0.003163}"
qaoa,"qaoa:n=20,p=1,deg=3,nn=1",1,"{""n"": 20.0, ""p"": 1.0, ""deg"": 3.0, ""nn"": 1.0}",plan,ok,0.004426,0.0089,3375104,0.001248878795127567,0,0.001248878795127567,0.0,engine=mps aborted=[] plan_secs=0.000832,"{""n"": 20, ""gates"": 160, ""g2"": 80, ""g3"": 0, ""depth2"": 74, ""t_count"": 0, ""rotations"": 60, ""d"": 19, ""dense_l"": 23.8074, ""redundant"": 41, ""obs_zero"": false, ""frame_l"": 26.4069, ""chi_bits"": 10, ""mps_l"": 32.5517, ""hsf_k"": 12, ""hsf_na"": 10, ""hsf_nb"": 10, ""hsf_l"": 24.2095, ""sup"": 20, ""chi_bits0"": 10, ""mps_l0"": 32.5517, ""hsf_keff"": 4, ""hsf_l0"": 32.2095, ""sparse_l"": 27.3219, ""sv_l"": 27.3219, ""feat_secs"": 0.00345, ""feat_secs_frame"": 0.000202, ""feat_secs_hsf"": 0.003163}"
qaoa,"qaoa:n=20,p=2,deg=2,nn=1",1,"{""n"": 20.0, ""p"": 2.0, ""deg"": 2.0, ""nn"": 1.0}",planx,ok,0.004631,0.0106,3506176,0.003556968759552398,0,0.003556968759552398,0.0,engine=mps aborted=[] plan_secs=0.000761,"{""n"": 20, ""gates"": 180, ""g2"": 80, ""g3"": 0, ""depth2"": 42, ""t_count"": 0, ""rotations"": 80, ""d"": 19, ""dense_l"": 24.9773, ""redundant"": 61, ""obs_zero"": false, ""frame_l"": 36.8219, ""chi_bits"": 8, ""mps_l"": 27.1553, ""hsf_k"": 8, ""hsf_na"": 10, ""hsf_nb"": 10, ""hsf_l"": 24.2336, ""sup"": 20, ""chi_bits0"": 8, ""mps_l0"": 27.1553, ""hsf_keff"": 4, ""hsf_l0"": 28.2336, ""sparse_l"": 27.4919, ""sv_l"": 27.4919, ""feat_secs"": 0.002822, ""feat_secs_frame"": 0.000379, ""feat_secs_hsf"": 0.002333}"
qaoa,"qaoa:n=20,p=2,deg=2,nn=1",1,"{""n"": 20.0, ""p"": 2.0, ""deg"": 2.0, ""nn"": 1.0}",planp,ok,0.003796,0.0099,3588096,0.003556968759552398,0,0.003556968759552398,0.0,engine=mps aborted=[] plan_secs=0.000706,"{""n"": 20, ""gates"": 180, ""g2"": 80, ""g3"": 0, ""depth2"": 42, ""t_count"": 0, ""rotations"": 80, ""d"": 19, ""dense_l"": 24.9773, ""redundant"": 61, ""obs_zero"": false, ""frame_l"": 36.8219, ""chi_bits"": 8, ""mps_l"": 27.1553, ""hsf_k"": 8, ""hsf_na"": 10, ""hsf_nb"": 10, ""hsf_l"": 24.2336, ""sup"": 20, ""chi_bits0"": 8, ""mps_l0"": 27.1553, ""hsf_keff"": 4, ""hsf_l0"": 28.2336, ""sparse_l"": 27.4919, ""sv_l"": 27.4919, ""feat_secs"": 0.002822, ""feat_secs_frame"": 0.000379, ""feat_secs_hsf"": 0.002333}"
qaoa,"qaoa:n=20,p=2,deg=2,nn=1",1,"{""n"": 20.0, ""p"": 2.0, ""deg"": 2.0, ""nn"": 1.0}",plan,ok,0.003624,0.0095,3588096,0.003556968759552398,0,0.003556968759552398,0.0,engine=mps aborted=[] plan_secs=0.000710,"{""n"": 20, ""gates"": 180, ""g2"": 80, ""g3"": 0, ""depth2"": 42, ""t_count"": 0, ""rotations"": 80, ""d"": 19, ""dense_l"": 24.9773, ""redundant"": 61, ""obs_zero"": false, ""frame_l"": 36.8219, ""chi_bits"": 8, ""mps_l"": 27.1553, ""hsf_k"": 8, ""hsf_na"": 10, ""hsf_nb"": 10, ""hsf_l"": 24.2336, ""sup"": 20, ""chi_bits0"": 8, ""mps_l0"": 27.1553, ""hsf_keff"": 4, ""hsf_l0"": 28.2336, ""sparse_l"": 27.4919, ""sv_l"": 27.4919, ""feat_secs"": 0.002822, ""feat_secs_frame"": 0.000379, ""feat_secs_hsf"": 0.002333}"
qaoa,"qaoa:n=20,p=2,deg=3,nn=1",1,"{""n"": 20.0, ""p"": 2.0, ""deg"": 3.0, ""nn"": 1.0}",planx,ok,0.095438,0.0996,23183360,0.001943194503974096,0,0.001943194503974096,0.0,engine=cstate aborted=[] plan_secs=0.004747,"{""n"": 20, ""gates"": 300, ""g2"": 160, ""g3"": 0, ""depth2"": 84, ""t_count"": 0, ""rotations"": 120, ""d"": 19, ""dense_l"": 25.4594, ""redundant"": 101, ""obs_zero"": false, ""frame_l"": 44.9069, ""chi_bits"": 10, ""mps_l"": 37.456, ""hsf_k"": 24, ""hsf_na"": 10, ""hsf_nb"": 10, ""hsf_l"": 28.3707, ""sup"": 20, ""chi_bits0"": 10, ""mps_l0"": 37.456, ""hsf_keff"": 8, ""hsf_l0"": 44.3707, ""sparse_l"": 28.2288, ""sv_l"": 28.2288, ""feat_secs"": 0.003574, ""feat_secs_frame"": 0.000324, ""feat_secs_hsf"": 0.003122}"
qaoa,"qaoa:n=20,p=2,deg=3,nn=1",1,"{""n"": 20.0, ""p"": 2.0, ""deg"": 3.0, ""nn"": 1.0}",planp,ok,0.119339,0.1262,24330240,0.001943194503974096,0,0.001943194503974096,0.0,engine=cstate aborted=[] plan_secs=0.025142,"{""n"": 20, ""gates"": 300, ""g2"": 160, ""g3"": 0, ""depth2"": 84, ""t_count"": 0, ""rotations"": 120, ""d"": 19, ""dense_l"": 25.4594, ""redundant"": 101, ""obs_zero"": false, ""frame_l"": 44.9069, ""chi_bits"": 10, ""mps_l"": 37.456, ""hsf_k"": 24, ""hsf_na"": 10, ""hsf_nb"": 10, ""hsf_l"": 28.3707, ""sup"": 20, ""chi_bits0"": 10, ""mps_l0"": 37.456, ""hsf_keff"": 8, ""hsf_l0"": 44.3707, ""sparse_l"": 28.2288, ""sv_l"": 28.2288, ""feat_secs"": 0.003574, ""feat_secs_frame"": 0.000324, ""feat_secs_hsf"": 0.003122}"
qaoa,"qaoa:n=20,p=2,deg=3,nn=1",1,"{""n"": 20.0, ""p"": 2.0, ""deg"": 3.0, ""nn"": 1.0}",plan,ok,0.096876,0.1023,23166976,0.001943194503974096,0,0.001943194503974096,0.0,engine=cstate aborted=[] plan_secs=0.004856,"{""n"": 20, ""gates"": 300, ""g2"": 160, ""g3"": 0, ""depth2"": 84, ""t_count"": 0, ""rotations"": 120, ""d"": 19, ""dense_l"": 25.4594, ""redundant"": 101, ""obs_zero"": false, ""frame_l"": 44.9069, ""chi_bits"": 10, ""mps_l"": 37.456, ""hsf_k"": 24, ""hsf_na"": 10, ""hsf_nb"": 10, ""hsf_l"": 28.3707, ""sup"": 20, ""chi_bits0"": 10, ""mps_l0"": 37.456, ""hsf_keff"": 8, ""hsf_l0"": 44.3707, ""sparse_l"": 28.2288, ""sv_l"": 28.2288, ""feat_secs"": 0.003574, ""feat_secs_frame"": 0.000324, ""feat_secs_hsf"": 0.003122}"
qaoa,"qaoa:n=20,p=3,deg=2,nn=1",1,"{""n"": 20.0, ""p"": 3.0, ""deg"": 2.0, ""nn"": 1.0}",planx,ok,0.060611,0.0664,7634944,0.01404025473254055,0,0.01404025473254055,0.0,engine=mps aborted=[] plan_secs=0.003185,"{""n"": 20, ""gates"": 260, ""g2"": 120, ""g3"": 0, ""depth2"": 78, ""t_count"": 0, ""rotations"": 120, ""d"": 19, ""dense_l"": 25.6865, ""redundant"": 101, ""obs_zero"": false, ""frame_l"": 44.9069, ""chi_bits"": 10, ""mps_l"": 34.9001, ""hsf_k"": 12, ""hsf_na"": 10, ""hsf_nb"": 10, ""hsf_l"": 26.3264, ""sup"": 20, ""chi_bits0"": 10, ""mps_l0"": 34.9001, ""hsf_keff"": 6, ""hsf_l0"": 32.3264, ""sparse_l"": 28.0224, ""sv_l"": 28.0224, ""feat_secs"": 0.002735, ""feat_secs_frame"": 0.000308, ""feat_secs_hsf"": 0.002311}"
qaoa,"qaoa:n=20,p=3,deg=2,nn=1",1,"{""n"": 20.0, ""p"": 3.0, ""deg"": 2.0, ""nn"": 1.0}",planp,ok,0.060072,0.0654,7520256,0.01404025473254055,0,0.01404025473254055,0.0,engine=mps aborted=[] plan_secs=0.003271,"{""n"": 20, ""gates"": 260, ""g2"": 120, ""g3"": 0, ""depth2"": 78, ""t_count"": 0, ""rotations"": 120, ""d"": 19, ""dense_l"": 25.6865, ""redundant"": 101, ""obs_zero"": false, ""frame_l"": 44.9069, ""chi_bits"": 10, ""mps_l"": 34.9001, ""hsf_k"": 12, ""hsf_na"": 10, ""hsf_nb"": 10, ""hsf_l"": 26.3264, ""sup"": 20, ""chi_bits0"": 10, ""mps_l0"": 34.9001, ""hsf_keff"": 6, ""hsf_l0"": 32.3264, ""sparse_l"": 28.0224, ""sv_l"": 28.0224, ""feat_secs"": 0.002735, ""feat_secs_frame"": 0.000308, ""feat_secs_hsf"": 0.002311}"
qaoa,"qaoa:n=20,p=3,deg=2,nn=1",1,"{""n"": 20.0, ""p"": 3.0, ""deg"": 2.0, ""nn"": 1.0}",plan,ok,0.060101,0.0646,6995968,0.01404025473254055,0,0.01404025473254055,0.0,engine=mps aborted=[] plan_secs=0.003280,"{""n"": 20, ""gates"": 260, ""g2"": 120, ""g3"": 0, ""depth2"": 78, ""t_count"": 0, ""rotations"": 120, ""d"": 19, ""dense_l"": 25.6865, ""redundant"": 101, ""obs_zero"": false, ""frame_l"": 44.9069, ""chi_bits"": 10, ""mps_l"": 34.9001, ""hsf_k"": 12, ""hsf_na"": 10, ""hsf_nb"": 10, ""hsf_l"": 26.3264, ""sup"": 20, ""chi_bits0"": 10, ""mps_l0"": 34.9001, ""hsf_keff"": 6, ""hsf_l0"": 32.3264, ""sparse_l"": 28.0224, ""sv_l"": 28.0224, ""feat_secs"": 0.002735, ""feat_secs_frame"": 0.000308, ""feat_secs_hsf"": 0.002311}"
qaoa,"qaoa:n=20,p=3,deg=3,nn=1",1,"{""n"": 20.0, ""p"": 3.0, ""deg"": 3.0, ""nn"": 1.0}",planx,ok,0.1641,0.1688,23298048,0.01988116446748332,0,0.01988116446748332,0.0,engine=cstate aborted=[] plan_secs=0.005545,"{""n"": 20, ""gates"": 440, ""g2"": 240, ""g3"": 0, ""depth2"": 154, ""t_count"": 0, ""rotations"": 180, ""d"": 19, ""dense_l"": 26.2095, ""redundant"": 161, ""obs_zero"": false, ""frame_l"": 45.4919, ""chi_bits"": 10, ""mps_l"": 38.4317, ""hsf_k"": 36, ""hsf_na"": 10, ""hsf_nb"": 10, ""hsf_l"": 32.5157, ""sup"": 20, ""chi_bits0"": 10, ""mps_l0"": 38.4317, ""hsf_keff"": 12, ""hsf_l0"": 56.5157, ""sparse_l"": 28.7814, ""sv_l"": 28.7814, ""feat_secs"": 0.003793, ""feat_secs_frame"": 0.000449, ""feat_secs_hsf"": 0.003173}"
qaoa,"qaoa:n=20,p=3,deg=3,nn=1",1,"{""n"": 20.0, ""p"": 3.0, ""deg"": 3.0, ""nn"": 1.0}",planp,ok,0.194991,0.2021,24444928,0.01988116446748332,0,0.01988116446748332,0.0,engine=cstate aborted=[] plan_secs=0.035808,"{""n"": 20, ""gates"": 440, ""g2"": 240, ""g3"": 0, ""depth2"": 154, ""t_count"": 0, ""rotations"": 180, ""d"": 19, ""dense_l"": 26.2095, ""redundant"": 161, ""obs_zero"": false, ""frame_l"": 45.4919, ""chi_bits"": 10, ""mps_l"": 38.4317, ""hsf_k"": 36, ""hsf_na"": 10, ""hsf_nb"": 10, ""hsf_l"": 32.5157, ""sup"": 20, ""chi_bits0"": 10, ""mps_l0"": 38.4317, ""hsf_keff"": 12, ""hsf_l0"": 56.5157, ""sparse_l"": 28.7814, ""sv_l"": 28.7814, ""feat_secs"": 0.003793, ""feat_secs_frame"": 0.000449, ""feat_secs_hsf"": 0.003173}"
qaoa,"qaoa:n=20,p=3,deg=3,nn=1",1,"{""n"": 20.0, ""p"": 3.0, ""deg"": 3.0, ""nn"": 1.0}",plan,ok,0.164795,0.1710,23298048,0.01988116446748332,0,0.01988116446748332,0.0,engine=cstate aborted=[] plan_secs=0.005504,"{""n"": 20, ""gates"": 440, ""g2"": 240, ""g3"": 0, ""depth2"": 154, ""t_count"": 0, ""rotations"": 180, ""d"": 19, ""dense_l"": 26.2095, ""redundant"": 161, ""obs_zero"": false, ""frame_l"": 45.4919, ""chi_bits"": 10, ""mps_l"": 38.4317, ""hsf_k"": 36, ""hsf_na"": 10, ""hsf_nb"": 10, ""hsf_l"": 32.5157, ""sup"": 20, ""chi_bits0"": 10, ""mps_l0"": 38.4317, ""hsf_keff"": 12, ""hsf_l0"": 56.5157, ""sparse_l"": 28.7814, ""sv_l"": 28.7814, ""feat_secs"": 0.003793, ""feat_secs_frame"": 0.000449, ""feat_secs_hsf"": 0.003173}"
qaoa,"qaoa:n=24,p=1,deg=2,nn=1",1,"{""n"": 24.0, ""p"": 1.0, ""deg"": 2.0, ""nn"": 1.0}",planx,ok,0.001089,0.0066,2949120,6.220219617462275e-07,0,6.220219617462275e-07,0.0,engine=mps aborted=[] plan_secs=0.000526,"{""n"": 24, ""gates"": 120, ""g2"": 48, ""g3"": 0, ""depth2"": 46, ""t_count"": 0, ""rotations"": 48, ""d"": 23, ""dense_l"": 27.7549, ""redundant"": 25, ""obs_zero"": false, ""frame_l"": 18.085, ""chi_bits"": 4, ""mps_l"": 16.7627, ""hsf_k"": 4, ""hsf_na"": 12, ""hsf_nb"": 12, ""hsf_l"": 26.0417, ""sup"": 24, ""chi_bits0"": 4, ""mps_l0"": 16.7627, ""hsf_keff"": 2, ""hsf_l0"": 28.0417, ""sparse_l"": 30.9069, ""sv_l"": 30.9069, ""feat_secs"": 0.004092, ""feat_secs_frame"": 0.000162, ""feat_secs_hsf"": 0.003853}"
qaoa,"qaoa:n=24,p=1,deg=2,nn=1",1,"{""n"": 24.0, ""p"": 1.0, ""deg"": 2.0, ""nn"": 1.0}",planp,ok,0.00099,0.0077,2949120,6.220219617462275e-07,0,6.220219617462275e-07,0.0,engine=mps aborted=[] plan_secs=0.000503,"{""n"": 24, ""gates"": 120, ""g2"": 48, ""g3"": 0, ""depth2"": 46, ""t_count"": 0, ""rotations"": 48, ""d"": 23, ""dense_l"": 27.7549, ""redundant"": 25, ""obs_zero"": false, ""frame_l"": 18.085, ""chi_bits"": 4, ""mps_l"": 16.7627, ""hsf_k"": 4, ""hsf_na"": 12, ""hsf_nb"": 12, ""hsf_l"": 26.0417, ""sup"": 24, ""chi_bits0"": 4, ""mps_l0"": 16.7627, ""hsf_keff"": 2, ""hsf_l0"": 28.0417, ""sparse_l"": 30.9069, ""sv_l"": 30.9069, ""feat_secs"": 0.004092, ""feat_secs_frame"": 0.000162, ""feat_secs_hsf"": 0.003853}"
qaoa,"qaoa:n=24,p=1,deg=2,nn=1",1,"{""n"": 24.0, ""p"": 1.0, ""deg"": 2.0, ""nn"": 1.0}",plan,ok,0.001022,0.0064,2949120,6.220219617462275e-07,0,6.220219617462275e-07,0.0,engine=mps aborted=[] plan_secs=0.000498,"{""n"": 24, ""gates"": 120, ""g2"": 48, ""g3"": 0, ""depth2"": 46, ""t_count"": 0, ""rotations"": 48, ""d"": 23, ""dense_l"": 27.7549, ""redundant"": 25, ""obs_zero"": false, ""frame_l"": 18.085, ""chi_bits"": 4, ""mps_l"": 16.7627, ""hsf_k"": 4, ""hsf_na"": 12, ""hsf_nb"": 12, ""hsf_l"": 26.0417, ""sup"": 24, ""chi_bits0"": 4, ""mps_l0"": 16.7627, ""hsf_keff"": 2, ""hsf_l0"": 28.0417, ""sparse_l"": 30.9069, ""sv_l"": 30.9069, ""feat_secs"": 0.004092, ""feat_secs_frame"": 0.000162, ""feat_secs_hsf"": 0.003853}"
qaoa,"qaoa:n=24,p=1,deg=3,nn=1",1,"{""n"": 24.0, ""p"": 1.0, ""deg"": 3.0, ""nn"": 1.0}",planx,ok,0.005587,0.0104,3424256,0.0002855064068366108,0,0.0002855064068366108,0.0,engine=mps aborted=[] plan_secs=0.001086,"{""n"": 24, ""gates"": 192, ""g2"": 96, ""g3"": 0, ""depth2"": 90, ""t_count"": 0, ""rotations"": 72, ""d"": 23, ""dense_l"": 28.0, ""redundant"": 49, ""obs_zero"": false, ""frame_l"": 30.6699, ""chi_bits"": 12, ""mps_l"": 36.8771, ""hsf_k"": 12, ""hsf_na"": 12, ""hsf_nb"": 12, ""hsf_l"": 28.0661, ""sup"": 24, ""chi_bits0"": 12, ""mps_l0"": 36.8771, ""hsf_keff"": 4, ""hsf_l0"": 36.0661, ""sparse_l"": 31.585, ""sv_l"": 31.585, ""feat_secs"": 0.005511, ""feat_secs_frame"": 0.000271, ""feat_secs_hsf"": 0.00515}"
qaoa,"qaoa:n=24,p=1,deg=3,nn=1",1,"{""n"": 24.0, ""p"": 1.0, ""deg"": 3.0, ""nn"": 1.0}",planp,ok,0.006361,0.0103,3407872,0.0002855064068366108,0,0.0002855064068366108,0.0,engine=mps aborted=[] plan_secs=0.001086,"{""n"": 24, ""gates"": 192, ""g2"": 96, ""g3"": 0, ""depth2"": 90, ""t_count"": 0, ""rotations"": 72, ""d"": 23, ""dense_l"": 28.0, ""redundant"": 49, ""obs_zero"": false, ""frame_l"": 30.6699, ""chi_bits"": 12, ""mps_l"": 36.8771, ""hsf_k"": 12, ""hsf_na"": 12, ""hsf_nb"": 12, ""hsf_l"": 28.0661, ""sup"": 24, ""chi_bits0"": 12, ""mps_l0"": 36.8771, ""hsf_keff"": 4, ""hsf_l0"": 36.0661, ""sparse_l"": 31.585, ""sv_l"": 31.585, ""feat_secs"": 0.005511, ""feat_secs_frame"": 0.000271, ""feat_secs_hsf"": 0.00515}"
qaoa,"qaoa:n=24,p=1,deg=3,nn=1",1,"{""n"": 24.0, ""p"": 1.0, ""deg"": 3.0, ""nn"": 1.0}",plan,ok,0.005711,0.0095,3407872,0.0002855064068366108,0,0.0002855064068366108,0.0,engine=mps aborted=[] plan_secs=0.001166,"{""n"": 24, ""gates"": 192, ""g2"": 96, ""g3"": 0, ""depth2"": 90, ""t_count"": 0, ""rotations"": 72, ""d"": 23, ""dense_l"": 28.0, ""redundant"": 49, ""obs_zero"": false, ""frame_l"": 30.6699, ""chi_bits"": 12, ""mps_l"": 36.8771, ""hsf_k"": 12, ""hsf_na"": 12, ""hsf_nb"": 12, ""hsf_l"": 28.0661, ""sup"": 24, ""chi_bits0"": 12, ""mps_l0"": 36.8771, ""hsf_keff"": 4, ""hsf_l0"": 36.0661, ""sparse_l"": 31.585, ""sv_l"": 31.585, ""feat_secs"": 0.005511, ""feat_secs_frame"": 0.000271, ""feat_secs_hsf"": 0.00515}"
qaoa,"qaoa:n=24,p=2,deg=2,nn=1",1,"{""n"": 24.0, ""p"": 2.0, ""deg"": 2.0, ""nn"": 1.0}",planx,ok,0.004613,0.0096,3653632,0.0008867821630365607,0,0.0008867821630365607,0.0,engine=mps aborted=[] plan_secs=0.000924,"{""n"": 24, ""gates"": 216, ""g2"": 96, ""g3"": 0, ""depth2"": 50, ""t_count"": 0, ""rotations"": 96, ""d"": 23, ""dense_l"": 29.2288, ""redundant"": 73, ""obs_zero"": false, ""frame_l"": 43.085, ""chi_bits"": 8, ""mps_l"": 27.8635, ""hsf_k"": 8, ""hsf_na"": 12, ""hsf_nb"": 12, ""hsf_l"": 28.0741, ""sup"": 24, ""chi_bits0"": 8, ""mps_l0"": 27.8635, ""hsf_keff"": 4, ""hsf_l0"": 32.0741, ""sparse_l"": 31.7549, ""sv_l"": 31.7549, ""feat_secs"": 0.004174, ""feat_secs_frame"": 0.000263, ""feat_secs_hsf"": 0.00382}"
qaoa,"qaoa:n=24,p=2,deg=2,nn=1",1,"{""n"": 24.0, ""p"": 2.0, ""deg"": 2.0, ""nn"": 1.0}",planp,ok,0.004706,0.0095,3670016,0.0008867821630365607,0,0.0008867821630365607,0.0,engine=mps aborted=[] plan_secs=0.000949,"{""n"": 24, ""gates"": 216, ""g2"": 96, ""g3"": 0, ""depth2"": 50, ""t_count"": 0, ""rotations"": 96, ""d"": 23, ""dense_l"": 29.2288, ""redundant"": 73, ""obs_zero"": false, ""frame_l"": 43.085, ""chi_bits"": 8, ""mps_l"": 27.8635, ""hsf_k"": 8, ""hsf_na"": 12, ""hsf_nb"": 12, ""hsf_l"": 28.0741, ""sup"": 24, ""chi_bits0"": 8, ""mps_l0"": 27.8635, ""hsf_keff"": 4, ""hsf_l0"": 32.0741, ""sparse_l"": 31.7549, ""sv_l"": 31.7549, ""feat_secs"": 0.004174, ""feat_secs_frame"": 0.000263, ""feat_secs_hsf"": 0.00382}"
qaoa,"qaoa:n=24,p=2,deg=2,nn=1",1,"{""n"": 24.0, ""p"": 2.0, ""deg"": 2.0, ""nn"": 1.0}",plan,ok,0.004811,0.0089,3653632,0.0008867821630365607,0,0.0008867821630365607,0.0,engine=mps aborted=[] plan_secs=0.001019,"{""n"": 24, ""gates"": 216, ""g2"": 96, ""g3"": 0, ""depth2"": 50, ""t_count"": 0, ""rotations"": 96, ""d"": 23, ""dense_l"": 29.2288, ""redundant"": 73, ""obs_zero"": false, ""frame_l"": 43.085, ""chi_bits"": 8, ""mps_l"": 27.8635, ""hsf_k"": 8, ""hsf_na"": 12, ""hsf_nb"": 12, ""hsf_l"": 28.0741, ""sup"": 24, ""chi_bits0"": 8, ""mps_l0"": 27.8635, ""hsf_keff"": 4, ""hsf_l0"": 32.0741, ""sparse_l"": 31.7549, ""sv_l"": 31.7549, ""feat_secs"": 0.004174, ""feat_secs_frame"": 0.000263, ""feat_secs_hsf"": 0.00382}"
qaoa,"qaoa:n=24,p=2,deg=3,nn=1",1,"{""n"": 24.0, ""p"": 2.0, ""deg"": 3.0, ""nn"": 1.0}",planx,ok,1.182536,1.1886,287260672,0.0004187874072413456,0,0.0004187874072413456,0.0,engine=hsf aborted=[] plan_secs=0.007801,"{""n"": 24, ""gates"": 360, ""g2"": 192, ""g3"": 0, ""depth2"": 100, ""t_count"": 0, ""rotations"": 144, ""d"": 23, ""dense_l"": 29.7004, ""redundant"": 121, ""obs_zero"": false, ""frame_l"": 53.1699, ""chi_bits"": 12, ""mps_l"": 43.4225, ""hsf_k"": 24, ""hsf_na"": 12, ""hsf_nb"": 12, ""hsf_l"": 32.1215, ""sup"": 24, ""chi_bits0"": 12, ""mps_l0"": 43.4225, ""hsf_keff"": 8, ""hsf_l0"": 48.1215, ""sparse_l"": 32.4919, ""sv_l"": 32.4919, ""feat_secs"": 0.005814, ""feat_secs_frame"": 0.000441, ""feat_secs_hsf"": 0.005227}"
qaoa,"qaoa:n=24,p=2,deg=3,nn=1",1,"{""n"": 24.0, ""p"": 2.0, ""deg"": 3.0, ""nn"": 1.0}",planp,ok,2.018621,2.0238,311787520,0.0004187874072413456,0,0.0004187874072413456,0.0,"engine=hsf aborted=[""mps""] plan_secs=0.068806","{""n"": 24, ""gates"": 360, ""g2"": 192, ""g3"": 0, ""depth2"": 100, ""t_count"": 0, ""rotations"": 144, ""d"": 23, ""dense_l"": 29.7004, ""redundant"": 121, ""obs_zero"": false, ""frame_l"": 53.1699, ""chi_bits"": 12, ""mps_l"": 43.4225, ""hsf_k"": 24, ""hsf_na"": 12, ""hsf_nb"": 12, ""hsf_l"": 32.1215, ""sup"": 24, ""chi_bits0"": 12, ""mps_l0"": 43.4225, ""hsf_keff"": 8, ""hsf_l0"": 48.1215, ""sparse_l"": 32.4919, ""sv_l"": 32.4919, ""feat_secs"": 0.005814, ""feat_secs_frame"": 0.000441, ""feat_secs_hsf"": 0.005227}"
qaoa,"qaoa:n=24,p=2,deg=3,nn=1",1,"{""n"": 24.0, ""p"": 2.0, ""deg"": 3.0, ""nn"": 1.0}",plan,ok,1.193868,1.2002,287244288,0.0004187874072413456,0,0.0004187874072413456,0.0,engine=hsf aborted=[] plan_secs=0.007589,"{""n"": 24, ""gates"": 360, ""g2"": 192, ""g3"": 0, ""depth2"": 100, ""t_count"": 0, ""rotations"": 144, ""d"": 23, ""dense_l"": 29.7004, ""redundant"": 121, ""obs_zero"": false, ""frame_l"": 53.1699, ""chi_bits"": 12, ""mps_l"": 43.4225, ""hsf_k"": 24, ""hsf_na"": 12, ""hsf_nb"": 12, ""hsf_l"": 32.1215, ""sup"": 24, ""chi_bits0"": 12, ""mps_l0"": 43.4225, ""hsf_keff"": 8, ""hsf_l0"": 48.1215, ""sparse_l"": 32.4919, ""sv_l"": 32.4919, ""feat_secs"": 0.005814, ""feat_secs_frame"": 0.000441, ""feat_secs_hsf"": 0.005227}"
qaoa,"qaoa:n=24,p=3,deg=2,nn=1",1,"{""n"": 24.0, ""p"": 3.0, ""deg"": 2.0, ""nn"": 1.0}",planx,ok,0.08573,0.0920,8388608,0.005207553365401467,0,0.005207553365401467,0.0,engine=mps aborted=[] plan_secs=0.005343,"{""n"": 24, ""gates"": 312, ""g2"": 144, ""g3"": 0, ""depth2"": 94, ""t_count"": 0, ""rotations"": 144, ""d"": 23, ""dense_l"": 29.9425, ""redundant"": 121, ""obs_zero"": false, ""frame_l"": 53.1699, ""chi_bits"": 12, ""mps_l"": 37.7004, ""hsf_k"": 12, ""hsf_na"": 12, ""hsf_nb"": 12, ""hsf_l"": 30.1059, ""sup"": 24, ""chi_bits0"": 12, ""mps_l0"": 37.7004, ""hsf_keff"": 6, ""hsf_l0"": 36.1059, ""sparse_l"": 32.2854, ""sv_l"": 32.2854, ""feat_secs"": 0.004439, ""feat_secs_frame"": 0.000384, ""feat_secs_hsf"": 0.003917}"
qaoa,"qaoa:n=24,p=3,deg=2,nn=1",1,"{""n"": 24.0, ""p"": 3.0, ""deg"": 2.0, ""nn"": 1.0}",planp,ok,0.085908,0.0929,7618560,0.005207553365401467,0,0.005207553365401467,0.0,engine=mps aborted=[] plan_secs=0.005275,"{""n"": 24, ""gates"": 312, ""g2"": 144, ""g3"": 0, ""depth2"": 94, ""t_count"": 0, ""rotations"": 144, ""d"": 23, ""dense_l"": 29.9425, ""redundant"": 121, ""obs_zero"": false, ""frame_l"": 53.1699, ""chi_bits"": 12, ""mps_l"": 37.7004, ""hsf_k"": 12, ""hsf_na"": 12, ""hsf_nb"": 12, ""hsf_l"": 30.1059, ""sup"": 24, ""chi_bits0"": 12, ""mps_l0"": 37.7004, ""hsf_keff"": 6, ""hsf_l0"": 36.1059, ""sparse_l"": 32.2854, ""sv_l"": 32.2854, ""feat_secs"": 0.004439, ""feat_secs_frame"": 0.000384, ""feat_secs_hsf"": 0.003917}"
qaoa,"qaoa:n=24,p=3,deg=2,nn=1",1,"{""n"": 24.0, ""p"": 3.0, ""deg"": 2.0, ""nn"": 1.0}",plan,ok,0.08484,0.0893,7667712,0.005207553365401467,0,0.005207553365401467,0.0,engine=mps aborted=[] plan_secs=0.005232,"{""n"": 24, ""gates"": 312, ""g2"": 144, ""g3"": 0, ""depth2"": 94, ""t_count"": 0, ""rotations"": 144, ""d"": 23, ""dense_l"": 29.9425, ""redundant"": 121, ""obs_zero"": false, ""frame_l"": 53.1699, ""chi_bits"": 12, ""mps_l"": 37.7004, ""hsf_k"": 12, ""hsf_na"": 12, ""hsf_nb"": 12, ""hsf_l"": 30.1059, ""sup"": 24, ""chi_bits0"": 12, ""mps_l0"": 37.7004, ""hsf_keff"": 6, ""hsf_l0"": 36.1059, ""sparse_l"": 32.2854, ""sv_l"": 32.2854, ""feat_secs"": 0.004439, ""feat_secs_frame"": 0.000384, ""feat_secs_hsf"": 0.003917}"
qaoa,"qaoa:n=24,p=3,deg=3,nn=1",1,"{""n"": 24.0, ""p"": 3.0, ""deg"": 3.0, ""nn"": 1.0}",planx,ok,2.666266,2.6715,306593792,0.007489846579963244,0,0.007489846579963244,0.0,engine=cstate aborted=[] plan_secs=0.009249,"{""n"": 24, ""gates"": 528, ""g2"": 288, ""g3"": 0, ""depth2"": 186, ""t_count"": 0, ""rotations"": 216, ""d"": 23, ""dense_l"": 30.4594, ""redundant"": 193, ""obs_zero"": false, ""frame_l"": 53.7549, ""chi_bits"": 12, ""mps_l"": 44.4148, ""hsf_k"": 36, ""hsf_na"": 12, ""hsf_nb"": 12, ""hsf_l"": 36.1749, ""sup"": 24, ""chi_bits0"": 12, ""mps_l0"": 44.4148, ""hsf_keff"": 12, ""hsf_l0"": 60.1749, ""sparse_l"": 33.0444, ""sv_l"": 33.0444, ""feat_secs"": 0.006016, ""feat_secs_frame"": 0.000559, ""feat_secs_hsf"": 0.005251}"
qaoa,"qaoa:n=24,p=3,deg=3,nn=1",1,"{""n"": 24.0, ""p"": 3.0, ""deg"": 3.0, ""nn"": 1.0}",planp,ok,5.470503,5.4763,346030080,0.007489846579963244,0,0.007489846579963244,0.0,"engine=cstate aborted=[""mps""] plan_secs=0.128518","{""n"": 24, ""gates"": 528, ""g2"": 288, ""g3"": 0, ""depth2"": 186, ""t_count"": 0, ""rotations"": 216, ""d"": 23, ""dense_l"": 30.4594, ""redundant"": 193, ""obs_zero"": false, ""frame_l"": 53.7549, ""chi_bits"": 12, ""mps_l"": 44.4148, ""hsf_k"": 36, ""hsf_na"": 12, ""hsf_nb"": 12, ""hsf_l"": 36.1749, ""sup"": 24, ""chi_bits0"": 12, ""mps_l0"": 44.4148, ""hsf_keff"": 12, ""hsf_l0"": 60.1749, ""sparse_l"": 33.0444, ""sv_l"": 33.0444, ""feat_secs"": 0.006016, ""feat_secs_frame"": 0.000559, ""feat_secs_hsf"": 0.005251}"
qaoa,"qaoa:n=24,p=3,deg=3,nn=1",1,"{""n"": 24.0, ""p"": 3.0, ""deg"": 3.0, ""nn"": 1.0}",plan,ok,2.65817,2.6650,306626560,0.007489846579963244,0,0.007489846579963244,0.0,engine=cstate aborted=[] plan_secs=0.008889,"{""n"": 24, ""gates"": 528, ""g2"": 288, ""g3"": 0, ""depth2"": 186, ""t_count"": 0, ""rotations"": 216, ""d"": 23, ""dense_l"": 30.4594, ""redundant"": 193, ""obs_zero"": false, ""frame_l"": 53.7549, ""chi_bits"": 12, ""mps_l"": 44.4148, ""hsf_k"": 36, ""hsf_na"": 12, ""hsf_nb"": 12, ""hsf_l"": 36.1749, ""sup"": 24, ""chi_bits0"": 12, ""mps_l0"": 44.4148, ""hsf_keff"": 12, ""hsf_l0"": 60.1749, ""sparse_l"": 33.0444, ""sv_l"": 33.0444, ""feat_secs"": 0.006016, ""feat_secs_frame"": 0.000559, ""feat_secs_hsf"": 0.005251}"
