family,spec,seed,params,engine,status,secs,wall,rss,value,size,ref,abs_err,note,features
arith,"arith:bits=6,h=0,reps=2",1,"{""bits"": 6.0, ""h"": 0.0, ""reps"": 2.0}",frame,ok,0.004374,0.0102,2981888,1.0,512,0.9999999999999991,8.881784197001252e-16,switched_at=None dense_qubits=0 peak_terms=512 term_visits=8323 dense_ops=0,"{""n"": 13, ""gates"": 79, ""g2"": 48, ""g3"": 24, ""depth2"": 62, ""t_count"": 168, ""rotations"": 168, ""d"": 11, ""dense_l"": 17.6178, ""redundant"": 157, ""obs_zero"": false, ""frame_l"": 29.3923, ""chi_bits"": 0, ""mps_l"": 13.7552, ""hsf_k"": 10, ""hsf_na"": 6, ""hsf_nb"": 7, ""hsf_l"": 18.1599, ""sup"": 0, ""chi_bits0"": 6, ""mps_l0"": 26.315, ""hsf_keff"": 4, ""hsf_l0"": 24.1599, ""sparse_l"": 6.3038, ""sv_l"": 19.3038, ""feat_secs"": 0.001773, ""feat_secs_frame"": 0.000406, ""feat_secs_hsf"": 0.001296}"
arith,"arith:bits=6,h=0,reps=2",1,"{""bits"": 6.0, ""h"": 0.0, ""reps"": 2.0}",dense,ok,0.00033,0.0040,2326528,0.9999999999999984,11,0.9999999999999991,6.661338147750939e-16,switched_at=Some(88) dense_qubits=11 peak_terms=1 term_visits=0 dense_ops=94514,"{""n"": 13, ""gates"": 79, ""g2"": 48, ""g3"": 24, ""depth2"": 62, ""t_count"": 168, ""rotations"": 168, ""d"": 11, ""dense_l"": 17.6178, ""redundant"": 157, ""obs_zero"": false, ""frame_l"": 29.3923, ""chi_bits"": 0, ""mps_l"": 13.7552, ""hsf_k"": 10, ""hsf_na"": 6, ""hsf_nb"": 7, ""hsf_l"": 18.1599, ""sup"": 0, ""chi_bits0"": 6, ""mps_l0"": 26.315, ""hsf_keff"": 4, ""hsf_l0"": 24.1599, ""sparse_l"": 6.3038, ""sv_l"": 19.3038, ""feat_secs"": 0.001773, ""feat_secs_frame"": 0.000406, ""feat_secs_hsf"": 0.001296}"
arith,"arith:bits=6,h=0,reps=2",1,"{""bits"": 6.0, ""h"": 0.0, ""reps"": 2.0}",auto,ok,0.002676,0.0073,2998272,0.9999999999999991,7,0.9999999999999991,0.0,switched_at=Some(37) dense_qubits=7 peak_terms=512 term_visits=7873 dense_ops=2098,"{""n"": 13, ""gates"": 79, ""g2"": 48, ""g3"": 24, ""depth2"": 62, ""t_count"": 168, ""rotations"": 168, ""d"": 11, ""dense_l"": 17.6178, ""redundant"": 157, ""obs_zero"": false, ""frame_l"": 29.3923, ""chi_bits"": 0, ""mps_l"": 13.7552, ""hsf_k"": 10, ""hsf_na"": 6, ""hsf_nb"": 7, ""hsf_l"": 18.1599, ""sup"": 0, ""chi_bits0"": 6, ""mps_l0"": 26.315, ""hsf_keff"": 4, ""hsf_l0"": 24.1599, ""sparse_l"": 6.3038, ""sv_l"": 19.3038, ""feat_secs"": 0.001773, ""feat_secs_frame"": 0.000406, ""feat_secs_hsf"": 0.001296}"
arith,"arith:bits=6,h=1,reps=1",1,"{""bits"": 6.0, ""h"": 1.0, ""reps"": 1.0}",frame,ok,0.001657,0.0072,2654208,0.5,16,0.4999999999999998,2.220446049250313e-16,switched_at=None dense_qubits=0 peak_terms=16 term_visits=370 dense_ops=0,"{""n"": 13, ""gates"": 43, ""g2"": 24, ""g3"": 12, ""depth2"": 31, ""t_count"": 84, ""rotations"": 84, ""d"": 13, ""dense_l"": 16.8289, ""redundant"": 71, ""obs_zero"": false, ""frame_l"": 32.3923, ""chi_bits"": 2, ""mps_l"": 18.689, ""hsf_k"": 5, ""hsf_na"": 6, ""hsf_nb"": 7, ""hsf_l"": 15.7415, ""sup"": 2, ""chi_bits0"": 6, ""mps_l0"": 25.5699, ""hsf_keff"": 2, ""hsf_l0"": 18.7415, ""sparse_l"": 7.4263, ""sv_l"": 18.4263, ""feat_secs"": 0.00115, ""feat_secs_frame"": 0.0002, ""feat_secs_hsf"": 0.000906}"
arith,"arith:bits=6,h=1,reps=1",1,"{""bits"": 6.0, ""h"": 1.0, ""reps"": 1.0}",dense,ok,0.000269,0.0043,2392064,0.4999999999999993,13,0.4999999999999998,4.996003610813204e-16,switched_at=Some(62) dense_qubits=13 peak_terms=1 term_visits=0 dense_ops=75198,"{""n"": 13, ""gates"": 43, ""g2"": 24, ""g3"": 12, ""depth2"": 31, ""t_count"": 84, ""rotations"": 84, ""d"": 13, ""dense_l"": 16.8289, ""redundant"": 71, ""obs_zero"": false, ""frame_l"": 32.3923, ""chi_bits"": 2, ""mps_l"": 18.689, ""hsf_k"": 5, ""hsf_na"": 6, ""hsf_nb"": 7, ""hsf_l"": 15.7415, ""sup"": 2, ""chi_bits0"": 6, ""mps_l0"": 25.5699, ""hsf_keff"": 2, ""hsf_l0"": 18.7415, ""sparse_l"": 7.4263, ""sv_l"": 18.4263, ""feat_secs"": 0.00115, ""feat_secs_frame"": 0.0002, ""feat_secs_hsf"": 0.000906}"
arith,"arith:bits=6,h=1,reps=1",1,"{""bits"": 6.0, ""h"": 1.0, ""reps"": 1.0}",auto,ok,0.001675,0.0074,2670592,0.4999999999999998,8,0.4999999999999998,0.0,switched_at=Some(42) dense_qubits=8 peak_terms=16 term_visits=159 dense_ops=4542,"{""n"": 13, ""gates"": 43, ""g2"": 24, ""g3"": 12, ""depth2"": 31, ""t_count"": 84, ""rotations"": 84, ""d"": 13, ""dense_l"": 16.8289, ""redundant"": 71, ""obs_zero"": false, ""frame_l"": 32.3923, ""chi_bits"": 2, ""mps_l"": 18.689, ""hsf_k"": 5, ""hsf_na"": 6, ""hsf_nb"": 7, ""hsf_l"": 15.7415, ""sup"": 2, ""chi_bits0"": 6, ""mps_l0"": 25.5699, ""hsf_keff"": 2, ""hsf_l0"": 18.7415, ""sparse_l"": 7.4263, ""sv_l"": 18.4263, ""feat_secs"": 0.00115, ""feat_secs_frame"": 0.0002, ""feat_secs_hsf"": 0.000906}"
arith,"arith:bits=6,h=1,reps=4",1,"{""bits"": 6.0, ""h"": 1.0, ""reps"": 4.0}",frame,ok,0.011052,0.0150,3653632,0.4999999999999998,5604,0.4999999999999997,5.551115123125783e-17,switched_at=None dense_qubits=0 peak_terms=5604 term_visits=134486 dense_ops=0,"{""n"": 13, ""gates"": 151, ""g2"": 96, ""g3"": 48, ""depth2"": 124, ""t_count"": 336, ""rotations"": 336, ""d"": 13, ""dense_l"": 21.0564, ""redundant"": 323, ""obs_zero"": false, ""frame_l"": 34.3923, ""chi_bits"": 2, ""mps_l"": 20.238, ""hsf_k"": 20, ""hsf_na"": 6, ""hsf_nb"": 7, ""hsf_l"": 22.7482, ""sup"": 2, ""chi_bits0"": 6, ""mps_l0"": 27.5667, ""hsf_keff"": 8, ""hsf_l0"": 34.7482, ""sparse_l"": 9.2384, ""sv_l"": 20.2384, ""feat_secs"": 0.001987, ""feat_secs_frame"": 0.000613, ""feat_secs_hsf"": 0.001268}"
arith,"arith:bits=6,h=1,reps=4",1,"{""bits"": 6.0, ""h"": 1.0, ""reps"": 4.0}",dense,ok,0.00135,0.0074,2473984,0.4999999999999985,13,0.4999999999999997,1.2212453270876722e-15,switched_at=Some(144) dense_qubits=13 peak_terms=1 term_visits=0 dense_ops=836550,"{""n"": 13, ""gates"": 151, ""g2"": 96, ""g3"": 48, ""depth2"": 124, ""t_count"": 336, ""rotations"": 336, ""d"": 13, ""dense_l"": 21.0564, ""redundant"": 323, ""obs_zero"": false, ""frame_l"": 34.3923, ""chi_bits"": 2, ""mps_l"": 20.238, ""hsf_k"": 20, ""hsf_na"": 6, ""hsf_nb"": 7, ""hsf_l"": 22.7482, ""sup"": 2, ""chi_bits0"": 6, ""mps_l0"": 27.5667, ""hsf_keff"": 8, ""hsf_l0"": 34.7482, ""sparse_l"": 9.2384, ""sv_l"": 20.2384, ""feat_secs"": 0.001987, ""feat_secs_frame"": 0.000613, ""feat_secs_hsf"": 0.001268}"
arith,"arith:bits=6,h=1,reps=4",1,"{""bits"": 6.0, ""h"": 1.0, ""reps"": 4.0}",auto,ok,0.008703,0.0127,3801088,0.4999999999999997,8,0.4999999999999997,0.0,switched_at=Some(34) dense_qubits=8 peak_terms=5604 term_visits=133211 dense_ops=11718,"{""n"": 13, ""gates"": 151, ""g2"": 96, ""g3"": 48, ""depth2"": 124, ""t_count"": 336, ""rotations"": 336, ""d"": 13, ""dense_l"": 21.0564, ""redundant"": 323, ""obs_zero"": false, ""frame_l"": 34.3923, ""chi_bits"": 2, ""mps_l"": 20.238, ""hsf_k"": 20, ""hsf_na"": 6, ""hsf_nb"": 7, ""hsf_l"": 22.7482, ""sup"": 2, ""chi_bits0"": 6, ""mps_l0"": 27.5667, ""hsf_keff"": 8, ""hsf_l0"": 34.7482, ""sparse_l"": 9.2384, ""sv_l"": 20.2384, ""feat_secs"": 0.001987, ""feat_secs_frame"": 0.000613, ""feat_secs_hsf"": 0.001268}"
arith,"arith:bits=6,h=2,reps=2",1,"{""bits"": 6.0, ""h"": 2.0, ""reps"": 2.0}",frame,ok,0.005006,0.0097,3293184,-0.0,2048,4.380176776841438e-17,4.380176776841438e-17,switched_at=None dense_qubits=0 peak_terms=2048 term_visits=35870 dense_ops=0,"{""n"": 13, ""gates"": 80, ""g2"": 48, ""g3"": 24, ""depth2"": 62, ""t_count"": 168, ""rotations"": 168, ""d"": 13, ""dense_l"": 19.7199, ""redundant"": 155, ""obs_zero"": false, ""frame_l"": 33.3923, ""chi_bits"": 4, ""mps_l"": 23.9909, ""hsf_k"": 10, ""hsf_na"": 6, ""hsf_nb"": 7, ""hsf_l"": 18.1699, ""sup"": 4, ""chi_bits0"": 6, ""mps_l0"": 26.315, ""hsf_keff"": 4, ""hsf_l0"": 24.1699, ""sparse_l"": 10.3219, ""sv_l"": 19.3219, ""feat_secs"": 0.00172, ""feat_secs_frame"": 0.000345, ""feat_secs_hsf"": 0.001307}"
arith,"arith:bits=6,h=2,reps=2",1,"{""bits"": 6.0, ""h"": 2.0, ""reps"": 2.0}",dense,ok,0.000702,0.0043,2441216,4.380176776841438e-17,13,4.380176776841438e-17,0.0,switched_at=Some(88) dense_qubits=13 peak_terms=1 term_visits=0 dense_ops=403790,"{""n"": 13, ""gates"": 80, ""g2"": 48, ""g3"": 24, ""depth2"": 62, ""t_count"": 168, ""rotations"": 168, ""d"": 13, ""dense_l"": 19.7199, ""redundant"": 155, ""obs_zero"": false, ""frame_l"": 33.3923, ""chi_bits"": 4, ""mps_l"": 23.9909, ""hsf_k"": 10, ""hsf_na"": 6, ""hsf_nb"": 7, ""hsf_l"": 18.1699, ""sup"": 4, ""chi_bits0"": 6, ""mps_l0"": 26.315, ""hsf_keff"": 4, ""hsf_l0"": 24.1699, ""sparse_l"": 10.3219, ""sv_l"": 19.3219, ""feat_secs"": 0.00172, ""feat_secs_frame"": 0.000345, ""feat_secs_hsf"": 0.001307}"
arith,"arith:bits=6,h=2,reps=2",1,"{""bits"": 6.0, ""h"": 2.0, ""reps"": 2.0}",auto,ok,0.003473,0.0073,3342336,4.887041292478411e-17,8,4.380176776841438e-17,5.068645156369733e-18,switched_at=Some(29) dense_qubits=8 peak_terms=2048 term_visits=34603 dense_ops=21326,"{""n"": 13, ""gates"": 80, ""g2"": 48, ""g3"": 24, ""depth2"": 62, ""t_count"": 168, ""rotations"": 168, ""d"": 13, ""dense_l"": 19.7199, ""redundant"": 155, ""obs_zero"": false, ""frame_l"": 33.3923, ""chi_bits"": 4, ""mps_l"": 23.9909, ""hsf_k"": 10, ""hsf_na"": 6, ""hsf_nb"": 7, ""hsf_l"": 18.1699, ""sup"": 4, ""chi_bits0"": 6, ""mps_l0"": 26.315, ""hsf_keff"": 4, ""hsf_l0"": 24.1699, ""sparse_l"": 10.3219, ""sv_l"": 19.3219, ""feat_secs"": 0.00172, ""feat_secs_frame"": 0.000345, ""feat_secs_hsf"": 0.001307}"
arith,"arith:bits=6,h=4,reps=1",1,"{""bits"": 6.0, ""h"": 4.0, ""reps"": 1.0}",frame,ok,0.002241,0.0065,3031040,-0.0,1024,-0.0,0.0,switched_at=None dense_qubits=0 peak_terms=1024 term_visits=9211 dense_ops=0,"{""n"": 13, ""gates"": 46, ""g2"": 24, ""g3"": 12, ""depth2"": 31, ""t_count"": 84, ""rotations"": 84, ""d"": 13, ""dense_l"": 18.1864, ""redundant"": 71, ""obs_zero"": false, ""frame_l"": 32.3923, ""chi_bits"": 6, ""mps_l"": 25.5699, ""hsf_k"": 5, ""hsf_na"": 6, ""hsf_nb"": 7, ""hsf_l"": 17.7814, ""sup"": 8, ""chi_bits0"": 6, ""mps_l0"": 25.5699, ""hsf_keff"": 4, ""hsf_l0"": 18.7814, ""sparse_l"": 13.5236, ""sv_l"": 18.5236, ""feat_secs"": 0.001166, ""feat_secs_frame"": 0.000209, ""feat_secs_hsf"": 0.000915}"
arith,"arith:bits=6,h=4,reps=1",1,"{""bits"": 6.0, ""h"": 4.0, ""reps"": 1.0}",dense,ok,0.000401,0.0064,2408448,-6.238327865613383e-18,13,-0.0,6.238327865613383e-18,switched_at=Some(62) dense_qubits=13 peak_terms=1 term_visits=0 dense_ops=181566,"{""n"": 13, ""gates"": 46, ""g2"": 24, ""g3"": 12, ""depth2"": 31, ""t_count"": 84, ""rotations"": 84, ""d"": 13, ""dense_l"": 18.1864, ""redundant"": 71, ""obs_zero"": false, ""frame_l"": 32.3923, ""chi_bits"": 6, ""mps_l"": 25.5699, ""hsf_k"": 5, ""hsf_na"": 6, ""hsf_nb"": 7, ""hsf_l"": 17.7814, ""sup"": 8, ""chi_bits0"": 6, ""mps_l0"": 25.5699, ""hsf_keff"": 4, ""hsf_l0"": 18.7814, ""sparse_l"": 13.5236, ""sv_l"": 18.5236, ""feat_secs"": 0.001166, ""feat_secs_frame"": 0.000209, ""feat_secs_hsf"": 0.000915}"
arith,"arith:bits=6,h=4,reps=1",1,"{""bits"": 6.0, ""h"": 4.0, ""reps"": 1.0}",auto,ok,0.002698,0.0076,3063808,2.602085213965211e-17,9,-0.0,2.602085213965211e-17,switched_at=Some(28) dense_qubits=9 peak_terms=1024 term_visits=7163 dense_ops=135486,"{""n"": 13, ""gates"": 46, ""g2"": 24, ""g3"": 12, ""depth2"": 31, ""t_count"": 84, ""rotations"": 84, ""d"": 13, ""dense_l"": 18.1864, ""redundant"": 71, ""obs_zero"": false, ""frame_l"": 32.3923, ""chi_bits"": 6, ""mps_l"": 25.5699, ""hsf_k"": 5, ""hsf_na"": 6, ""hsf_nb"": 7, ""hsf_l"": 17.7814, ""sup"": 8, ""chi_bits0"": 6, ""mps_l0"": 25.5699, ""hsf_keff"": 4, ""hsf_l0"": 18.7814, ""sparse_l"": 13.5236, ""sv_l"": 18.5236, ""feat_secs"": 0.001166, ""feat_secs_frame"": 0.000209, ""feat_secs_hsf"": 0.000915}"
arith,"arith:bits=6,h=4,reps=4",1,"{""bits"": 6.0, ""h"": 4.0, ""reps"": 4.0}",frame,ok,0.009901,0.0158,3686400,-0.01562499999999998,5764,-0.01562499999999999,1.0408340855860843e-17,switched_at=None dense_qubits=0 peak_terms=5764 term_visits=169038 dense_ops=0,"{""n"": 13, ""gates"": 154, ""g2"": 96, ""g3"": 48, ""depth2"": 124, ""t_count"": 336, ""rotations"": 336, ""d"": 13, ""dense_l"": 21.172, ""redundant"": 323, ""obs_zero"": false, ""frame_l"": 34.3923, ""chi_bits"": 6, ""mps_l"": 27.5667, ""hsf_k"": 20, ""hsf_na"": 6, ""hsf_nb"": 7, ""hsf_l"": 26.7682, ""sup"": 8, ""chi_bits0"": 6, ""mps_l0"": 27.5667, ""hsf_keff"": 12, ""hsf_l0"": 34.7682, ""sparse_l"": 15.2668, ""sv_l"": 20.2668, ""feat_secs"": 0.002029, ""feat_secs_frame"": 0.000644, ""feat_secs_hsf"": 0.001277}"
arith,"arith:bits=6,h=4,reps=4",1,"{""bits"": 6.0, ""h"": 4.0, ""reps"": 4.0}",dense,ok,0.001449,0.0075,2490368,-0.01562499999999999,13,-0.01562499999999999,0.0,switched_at=Some(144) dense_qubits=13 peak_terms=1 term_visits=0 dense_ops=915094,"{""n"": 13, ""gates"": 154, ""g2"": 96, ""g3"": 48, ""depth2"": 124, ""t_count"": 336, ""rotations"": 336, ""d"": 13, ""dense_l"": 21.172, ""redundant"": 323, ""obs_zero"": false, ""frame_l"": 34.3923, ""chi_bits"": 6, ""mps_l"": 27.5667, ""hsf_k"": 20, ""hsf_na"": 6, ""hsf_nb"": 7, ""hsf_l"": 26.7682, ""sup"": 8, ""chi_bits0"": 6, ""mps_l0"": 27.5667, ""hsf_keff"": 12, ""hsf_l0"": 34.7682, ""sparse_l"": 15.2668, ""sv_l"": 20.2668, ""feat_secs"": 0.002029, ""feat_secs_frame"": 0.000644, ""feat_secs_hsf"": 0.001277}"
arith,"arith:bits=6,h=4,reps=4",1,"{""bits"": 6.0, ""h"": 4.0, ""reps"": 4.0}",auto,ok,0.010743,0.0151,3833856,-0.015625,7,-0.01562499999999999,1.0408340855860843e-17,switched_at=Some(18) dense_qubits=7 peak_terms=5764 term_visits=167958 dense_ops=15638,"{""n"": 13, ""gates"": 154, ""g2"": 96, ""g3"": 48, ""depth2"": 124, ""t_count"": 336, ""rotations"": 336, ""d"": 13, ""dense_l"": 21.172, ""redundant"": 323, ""obs_zero"": false, ""frame_l"": 34.3923, ""chi_bits"": 6, ""mps_l"": 27.5667, ""hsf_k"": 20, ""hsf_na"": 6, ""hsf_nb"": 7, ""hsf_l"": 26.7682, ""sup"": 8, ""chi_bits0"": 6, ""mps_l0"": 27.5667, ""hsf_keff"": 12, ""hsf_l0"": 34.7682, ""sparse_l"": 15.2668, ""sv_l"": 20.2668, ""feat_secs"": 0.002029, ""feat_secs_frame"": 0.000644, ""feat_secs_hsf"": 0.001277}"
arith,"arith:bits=6,h=6,reps=2",1,"{""bits"": 6.0, ""h"": 6.0, ""reps"": 2.0}",frame,ok,0.003675,0.0099,3244032,-0.0,2048,-0.0,0.0,switched_at=None dense_qubits=0 peak_terms=2048 term_visits=46331 dense_ops=0,"{""n"": 13, ""gates"": 84, ""g2"": 48, ""g3"": 24, ""depth2"": 62, ""t_count"": 168, ""rotations"": 168, ""d"": 13, ""dense_l"": 20.0732, ""redundant"": 155, ""obs_zero"": false, ""frame_l"": 33.3923, ""chi_bits"": 6, ""mps_l"": 26.315, ""hsf_k"": 10, ""hsf_na"": 6, ""hsf_nb"": 7, ""hsf_l"": 20.2095, ""sup"": 12, ""chi_bits0"": 6, ""mps_l0"": 26.315, ""hsf_keff"": 6, ""hsf_l0"": 24.2095, ""sparse_l"": 18.3923, ""sv_l"": 19.3923, ""feat_secs"": 0.001874, ""feat_secs_frame"": 0.000419, ""feat_secs_hsf"": 0.001384}"
arith,"arith:bits=6,h=6,reps=2",1,"{""bits"": 6.0, ""h"": 6.0, ""reps"": 2.0}",dense,ok,0.000829,0.0044,2424832,2.767680155153428e-18,13,-0.0,2.767680155153428e-18,switched_at=Some(88) dense_qubits=13 peak_terms=1 term_visits=0 dense_ops=502414,"{""n"": 13, ""gates"": 84, ""g2"": 48, ""g3"": 24, ""depth2"": 62, ""t_count"": 168, ""rotations"": 168, ""d"": 13, ""dense_l"": 20.0732, ""redundant"": 155, ""obs_zero"": false, ""frame_l"": 33.3923, ""chi_bits"": 6, ""mps_l"": 26.315, ""hsf_k"": 10, ""hsf_na"": 6, ""hsf_nb"": 7, ""hsf_l"": 20.2095, ""sup"": 12, ""chi_bits0"": 6, ""mps_l0"": 26.315, ""hsf_keff"": 6, ""hsf_l0"": 24.2095, ""sparse_l"": 18.3923, ""sv_l"": 19.3923, ""feat_secs"": 0.001874, ""feat_secs_frame"": 0.000419, ""feat_secs_hsf"": 0.001384}"
arith,"arith:bits=6,h=6,reps=2",1,"{""bits"": 6.0, ""h"": 6.0, ""reps"": 2.0}",auto,ok,0.004406,0.0101,3276800,-0.0,0,-0.0,0.0,switched_at=None dense_qubits=0 peak_terms=2048 term_visits=46331 dense_ops=0,"{""n"": 13, ""gates"": 84, ""g2"": 48, ""g3"": 24, ""depth2"": 62, ""t_count"": 168, ""rotations"": 168, ""d"": 13, ""dense_l"": 20.0732, ""redundant"": 155, ""obs_zero"": false, ""frame_l"": 33.3923, ""chi_bits"": 6, ""mps_l"": 26.315, ""hsf_k"": 10, ""hsf_na"": 6, ""hsf_nb"": 7, ""hsf_l"": 20.2095, ""sup"": 12, ""chi_bits0"": 6, ""mps_l0"": 26.315, ""hsf_keff"": 6, ""hsf_l0"": 24.2095, ""sparse_l"": 18.3923, ""sv_l"": 19.3923, ""feat_secs"": 0.001874, ""feat_secs_frame"": 0.000419, ""feat_secs_hsf"": 0.001384}"
arith,"arith:bits=8,h=0,reps=1",1,"{""bits"": 8.0, ""h"": 0.0, ""reps"": 1.0}",frame,ok,0.003714,0.0103,2670592,-1.0,4,-0.9999999999999987,1.3322676295501878e-15,switched_at=None dense_qubits=0 peak_terms=4 term_visits=125 dense_ops=0,"{""n"": 17, ""gates"": 58, ""g2"": 32, ""g3"": 16, ""depth2"": 41, ""t_count"": 112, ""rotations"": 112, ""d"": 15, ""dense_l"": 18.8129, ""redundant"": 97, ""obs_zero"": false, ""frame_l"": 36.8074, ""chi_bits"": 0, ""mps_l"": 13.6762, ""hsf_k"": 5, ""hsf_na"": 8, ""hsf_nb"": 9, ""hsf_l"": 19.2946, ""sup"": 0, ""chi_bits0"": 8, ""mps_l0"": 31.193, ""hsf_keff"": 2, ""hsf_l0"": 22.2946, ""sparse_l"": 5.858, ""sv_l"": 22.858, ""feat_secs"": 0.002494, ""feat_secs_frame"": 0.000245, ""feat_secs_hsf"": 0.002198}"
arith,"arith:bits=8,h=0,reps=1",1,"{""bits"": 8.0, ""h"": 0.0, ""reps"": 1.0}",dense,ok,0.000942,0.0070,3162112,-0.9999999999999984,15,-0.9999999999999987,2.220446049250313e-16,switched_at=Some(84) dense_qubits=15 peak_terms=1 term_visits=0 dense_ops=296434,"{""n"": 17, ""gates"": 58, ""g2"": 32, ""g3"": 16, ""depth2"": 41, ""t_count"": 112, ""rotations"": 112, ""d"": 15, ""dense_l"": 18.8129, ""redundant"": 97, ""obs_zero"": false, ""frame_l"": 36.8074, ""chi_bits"": 0, ""mps_l"": 13.6762, ""hsf_k"": 5, ""hsf_na"": 8, ""hsf_nb"": 9, ""hsf_l"": 19.2946, ""sup"": 0, ""chi_bits0"": 8, ""mps_l0"": 31.193, ""hsf_keff"": 2, ""hsf_l0"": 22.2946, ""sparse_l"": 5.858, ""sv_l"": 22.858, ""feat_secs"": 0.002494, ""feat_secs_frame"": 0.000245, ""feat_secs_hsf"": 0.002198}"
arith,"arith:bits=8,h=0,reps=1",1,"{""bits"": 8.0, ""h"": 0.0, ""reps"": 1.0}",auto,ok,0.00212,0.0072,2736128,-0.9999999999999987,5,-0.9999999999999987,0.0,switched_at=Some(35) dense_qubits=5 peak_terms=4 term_visits=81 dense_ops=466,"{""n"": 17, ""gates"": 58, ""g2"": 32, ""g3"": 16, ""depth2"": 41, ""t_count"": 112, ""rotations"": 112, ""d"": 15, ""dense_l"": 18.8129, ""redundant"": 97, ""obs_zero"": false, ""frame_l"": 36.8074, ""chi_bits"": 0, ""mps_l"": 13.6762, ""hsf_k"": 5, ""hsf_na"": 8, ""hsf_nb"": 9, ""hsf_l"": 19.2946, ""sup"": 0, ""chi_bits0"": 8, ""mps_l0"": 31.193, ""hsf_keff"": 2, ""hsf_l0"": 22.2946, ""sparse_l"": 5.858, ""sv_l"": 22.858, ""feat_secs"": 0.002494, ""feat_secs_frame"": 0.000245, ""feat_secs_hsf"": 0.002198}"
arith,"arith:bits=8,h=0,reps=4",1,"{""bits"": 8.0, ""h"": 0.0, ""reps"": 4.0}",frame,ok,0.034111,0.0379,9797632,0.9999999999999998,46912,0.9999999999999988,9.992007221626409e-16,switched_at=None dense_qubits=0 peak_terms=46912 term_visits=1041098 dense_ops=0,"{""n"": 17, ""gates"": 202, ""g2"": 128, ""g3"": 64, ""depth2"": 164, ""t_count"": 448, ""rotations"": 448, ""d"": 15, ""dense_l"": 23.4514, ""redundant"": 433, ""obs_zero"": false, ""frame_l"": 38.8074, ""chi_bits"": 0, ""mps_l"": 15.1976, ""hsf_k"": 20, ""hsf_na"": 8, ""hsf_nb"": 9, ""hsf_l"": 25.8392, ""sup"": 0, ""chi_bits0"": 8, ""mps_l0"": 33.4789, ""hsf_keff"": 8, ""hsf_l0"": 37.8392, ""sparse_l"": 7.6582, ""sv_l"": 24.6582, ""feat_secs"": 0.003606, ""feat_secs_frame"": 0.000823, ""feat_secs_hsf"": 0.002632}"
arith,"arith:bits=8,h=0,reps=4",1,"{""bits"": 8.0, ""h"": 0.0, ""reps"": 4.0}",dense,ok,0.010059,0.0146,3309568,0.9999999999999984,15,0.9999999999999988,3.3306690738754696e-16,switched_at=Some(202) dense_qubits=15 peak_terms=1 term_visits=0 dense_ops=4654068,"{""n"": 17, ""gates"": 202, ""g2"": 128, ""g3"": 64, ""depth2"": 164, ""t_count"": 448, ""rotations"": 448, ""d"": 15, ""dense_l"": 23.4514, ""redundant"": 433, ""obs_zero"": false, ""frame_l"": 38.8074, ""chi_bits"": 0, ""mps_l"": 15.1976, ""hsf_k"": 20, ""hsf_na"": 8, ""hsf_nb"": 9, ""hsf_l"": 25.8392, ""sup"": 0, ""chi_bits0"": 8, ""mps_l0"": 33.4789, ""hsf_keff"": 8, ""hsf_l0"": 37.8392, ""sparse_l"": 7.6582, ""sv_l"": 24.6582, ""feat_secs"": 0.003606, ""feat_secs_frame"": 0.000823, ""feat_secs_hsf"": 0.002632}"
arith,"arith:bits=8,h=0,reps=4",1,"{""bits"": 8.0, ""h"": 0.0, ""reps"": 4.0}",auto,ok,0.034519,0.0405,9928704,0.9999999999999988,7,0.9999999999999988,0.0,switched_at=Some(42) dense_qubits=7 peak_terms=46912 term_visits=1040473 dense_ops=2548,"{""n"": 17, ""gates"": 202, ""g2"": 128, ""g3"": 64, ""depth2"": 164, ""t_count"": 448, ""rotations"": 448, ""d"": 15, ""dense_l"": 23.4514, ""redundant"": 433, ""obs_zero"": false, ""frame_l"": 38.8074, ""chi_bits"": 0, ""mps_l"": 15.1976, ""hsf_k"": 20, ""hsf_na"": 8, ""hsf_nb"": 9, ""hsf_l"": 25.8392, ""sup"": 0, ""chi_bits0"": 8, ""mps_l0"": 33.4789, ""hsf_keff"": 8, ""hsf_l0"": 37.8392, ""sparse_l"": 7.6582, ""sv_l"": 24.6582, ""feat_secs"": 0.003606, ""feat_secs_frame"": 0.000823, ""feat_secs_hsf"": 0.002632}"
arith,"arith:bits=8,h=1,reps=2",1,"{""bits"": 8.0, ""h"": 1.0, ""reps"": 2.0}",frame,ok,0.019879,0.0253,8536064,-0.4999999999999999,32768,-0.4999999999999992,6.661338147750939e-16,switched_at=None dense_qubits=0 peak_terms=32768 term_visits=647867 dense_ops=0,"{""n"": 17, ""gates"": 106, ""g2"": 64, ""g3"": 32, ""depth2"": 82, ""t_count"": 224, ""rotations"": 224, ""d"": 17, ""dense_l"": 23.9779, ""redundant"": 207, ""obs_zero"": false, ""frame_l"": 41.8074, ""chi_bits"": 2, ""mps_l"": 19.7595, ""hsf_k"": 10, ""hsf_na"": 8, ""hsf_nb"": 9, ""hsf_l"": 21.4998, ""sup"": 2, ""chi_bits0"": 8, ""mps_l0"": 32.1003, ""hsf_keff"": 4, ""hsf_l0"": 27.4998, ""sparse_l"": 8.7279, ""sv_l"": 23.7279, ""feat_secs"": 0.003301, ""feat_secs_frame"": 0.00046, ""feat_secs_hsf"": 0.002763}"
arith,"arith:bits=8,h=1,reps=2",1,"{""bits"": 8.0, ""h"": 1.0, ""reps"": 2.0}",dense,ok,0.018216,0.0245,6111232,-0.4999999999999992,17,-0.4999999999999992,0.0,switched_at=Some(122) dense_qubits=17 peak_terms=1 term_visits=0 dense_ops=8131518,"{""n"": 17, ""gates"": 106, ""g2"": 64, ""g3"": 32, ""depth2"": 82, ""t_count"": 224, ""rotations"": 224, ""d"": 17, ""dense_l"": 23.9779, ""redundant"": 207, ""obs_zero"": false, ""frame_l"": 41.8074, ""chi_bits"": 2, ""mps_l"": 19.7595, ""hsf_k"": 10, ""hsf_na"": 8, ""hsf_nb"": 9, ""hsf_l"": 21.4998, ""sup"": 2, ""chi_bits0"": 8, ""mps_l0"": 32.1003, ""hsf_keff"": 4, ""hsf_l0"": 27.4998, ""sparse_l"": 8.7279, ""sv_l"": 23.7279, ""feat_secs"": 0.003301, ""feat_secs_frame"": 0.00046, ""feat_secs_hsf"": 0.002763}"
arith,"arith:bits=8,h=1,reps=2",1,"{""bits"": 8.0, ""h"": 1.0, ""reps"": 2.0}",auto,ok,0.019463,0.0242,8617984,-0.4999999999999992,8,-0.4999999999999992,0.0,switched_at=Some(35) dense_qubits=8 peak_terms=32768 term_visits=645435 dense_ops=12222,"{""n"": 17, ""gates"": 106, ""g2"": 64, ""g3"": 32, ""depth2"": 82, ""t_count"": 224, ""rotations"": 224, ""d"": 17, ""dense_l"": 23.9779, ""redundant"": 207, ""obs_zero"": false, ""frame_l"": 41.8074, ""chi_bits"": 2, ""mps_l"": 19.7595, ""hsf_k"": 10, ""hsf_na"": 8, ""hsf_nb"": 9, ""hsf_l"": 21.4998, ""sup"": 2, ""chi_bits0"": 8, ""mps_l0"": 32.1003, ""hsf_keff"": 4, ""hsf_l0"": 27.4998, ""sparse_l"": 8.7279, ""sv_l"": 23.7279, ""feat_secs"": 0.003301, ""feat_secs_frame"": 0.00046, ""feat_secs_hsf"": 0.002763}"
arith,"arith:bits=8,h=2,reps=1",1,"{""bits"": 8.0, ""h"": 2.0, ""reps"": 1.0}",frame,ok,0.002513,0.0077,2752512,-0.0,64,-0.0,0.0,switched_at=None dense_qubits=0 peak_terms=64 term_visits=1691 dense_ops=0,"{""n"": 17, ""gates"": 59, ""g2"": 32, ""g3"": 16, ""depth2"": 41, ""t_count"": 112, ""rotations"": 112, ""d"": 17, ""dense_l"": 21.3997, ""redundant"": 95, ""obs_zero"": false, ""frame_l"": 40.8074, ""chi_bits"": 4, ""mps_l"": 24.2956, ""hsf_k"": 5, ""hsf_na"": 8, ""hsf_nb"": 9, ""hsf_l"": 19.2992, ""sup"": 4, ""chi_bits0"": 8, ""mps_l0"": 31.193, ""hsf_keff"": 2, ""hsf_l0"": 22.2992, ""sparse_l"": 9.8826, ""sv_l"": 22.8826, ""feat_secs"": 0.002519, ""feat_secs_frame"": 0.000269, ""feat_secs_hsf"": 0.002187}"
arith,"arith:bits=8,h=2,reps=1",1,"{""bits"": 8.0, ""h"": 2.0, ""reps"": 1.0}",dense,ok,0.007197,0.0134,7307264,-2.775557561562891e-17,17,-0.0,2.775557561562891e-17,switched_at=Some(84) dense_qubits=17 peak_terms=1 term_visits=0 dense_ops=1716030,"{""n"": 17, ""gates"": 59, ""g2"": 32, ""g3"": 16, ""depth2"": 41, ""t_count"": 112, ""rotations"": 112, ""d"": 17, ""dense_l"": 21.3997, ""redundant"": 95, ""obs_zero"": false, ""frame_l"": 40.8074, ""chi_bits"": 4, ""mps_l"": 24.2956, ""hsf_k"": 5, ""hsf_na"": 8, ""hsf_nb"": 9, ""hsf_l"": 19.2992, ""sup"": 4, ""chi_bits0"": 8, ""mps_l0"": 31.193, ""hsf_keff"": 2, ""hsf_l0"": 22.2992, ""sparse_l"": 9.8826, ""sv_l"": 22.8826, ""feat_secs"": 0.002519, ""feat_secs_frame"": 0.000269, ""feat_secs_hsf"": 0.002187}"
arith,"arith:bits=8,h=2,reps=1",1,"{""bits"": 8.0, ""h"": 2.0, ""reps"": 1.0}",auto,ok,0.001629,0.0076,2768896,3.469446951953614e-17,9,-0.0,3.469446951953614e-17,switched_at=Some(42) dense_qubits=9 peak_terms=64 term_visits=1019 dense_ops=15166,"{""n"": 17, ""gates"": 59, ""g2"": 32, ""g3"": 16, ""depth2"": 41, ""t_count"": 112, ""rotations"": 112, ""d"": 17, ""dense_l"": 21.3997, ""redundant"": 95, ""obs_zero"": false, ""frame_l"": 40.8074, ""chi_bits"": 4, ""mps_l"": 24.2956, ""hsf_k"": 5, ""hsf_na"": 8, ""hsf_nb"": 9, ""hsf_l"": 19.2992, ""sup"": 4, ""chi_bits0"": 8, ""mps_l0"": 31.193, ""hsf_keff"": 2, ""hsf_l0"": 22.2992, ""sparse_l"": 9.8826, ""sv_l"": 22.8826, ""feat_secs"": 0.002519, ""feat_secs_frame"": 0.000269, ""feat_secs_hsf"": 0.002187}"
arith,"arith:bits=8,h=2,reps=4",1,"{""bits"": 8.0, ""h"": 2.0, ""reps"": 4.0}",frame,ok,0.121994,0.1262,28901376,-0.2499999999999999,203780,-0.2499999999999997,1.942890293094024e-16,switched_at=None dense_qubits=0 peak_terms=203780 term_visits=4664364 dense_ops=0,"{""n"": 17, ""gates"": 203, ""g2"": 128, ""g3"": 64, ""depth2"": 164, ""t_count"": 448, ""rotations"": 448, ""d"": 17, ""dense_l"": 25.4802, ""redundant"": 431, ""obs_zero"": false, ""frame_l"": 42.8074, ""chi_bits"": 4, ""mps_l"": 26.1036, ""hsf_k"": 20, ""hsf_na"": 8, ""hsf_nb"": 9, ""hsf_l"": 25.8424, ""sup"": 4, ""chi_bits0"": 8, ""mps_l0"": 33.4789, ""hsf_keff"": 8, ""hsf_l0"": 37.8424, ""sparse_l"": 11.6653, ""sv_l"": 24.6653, ""feat_secs"": 0.003798, ""feat_secs_frame"": 0.000879, ""feat_secs_hsf"": 0.00278}"
arith,"arith:bits=8,h=2,reps=4",1,"{""bits"": 8.0, ""h"": 2.0, ""reps"": 4.0}",dense,ok,0.038677,0.0454,7356416,-0.2499999999999997,17,-0.2499999999999997,0.0,switched_at=Some(202) dense_qubits=17 peak_terms=1 term_visits=0 dense_ops=19013462,"{""n"": 17, ""gates"": 203, ""g2"": 128, ""g3"": 64, ""depth2"": 164, ""t_count"": 448, ""rotations"": 448, ""d"": 17, ""dense_l"": 25.4802, ""redundant"": 431, ""obs_zero"": false, ""frame_l"": 42.8074, ""chi_bits"": 4, ""mps_l"": 26.1036, ""hsf_k"": 20, ""hsf_na"": 8, ""hsf_nb"": 9, ""hsf_l"": 25.8424, ""sup"": 4, ""chi_bits0"": 8, ""mps_l0"": 33.4789, ""hsf_keff"": 8, ""hsf_l0"": 37.8424, ""sparse_l"": 11.6653, ""sv_l"": 24.6653, ""feat_secs"": 0.003798, ""feat_secs_frame"": 0.000879, ""feat_secs_hsf"": 0.00278}"
arith,"arith:bits=8,h=2,reps=4",1,"{""bits"": 8.0, ""h"": 2.0, ""reps"": 4.0}",auto,ok,0.119421,0.1243,29081600,-0.2499999999999997,8,-0.2499999999999997,0.0,switched_at=Some(30) dense_qubits=8 peak_terms=203780 term_visits=4661513 dense_ops=39254,"{""n"": 17, ""gates"": 203, ""g2"": 128, ""g3"": 64, ""depth2"": 164, ""t_count"": 448, ""rotations"": 448, ""d"": 17, ""dense_l"": 25.4802, ""redundant"": 431, ""obs_zero"": false, ""frame_l"": 42.8074, ""chi_bits"": 4, ""mps_l"": 26.1036, ""hsf_k"": 20, ""hsf_na"": 8, ""hsf_nb"": 9, ""hsf_l"": 25.8424, ""sup"": 4, ""chi_bits0"": 8, ""mps_l0"": 33.4789, ""hsf_keff"": 8, ""hsf_l0"": 37.8424, ""sparse_l"": 11.6653, ""sv_l"": 24.6653, ""feat_secs"": 0.003798, ""feat_secs_frame"": 0.000879, ""feat_secs_hsf"": 0.00278}"
arith,"arith:bits=8,h=4,reps=2",1,"{""bits"": 8.0, ""h"": 4.0, ""reps"": 2.0}",frame,ok,0.023834,0.0307,8699904,-0.0,32768,1.040834085586084e-17,1.040834085586084e-17,switched_at=None dense_qubits=0 peak_terms=32768 term_visits=825240 dense_ops=0,"{""n"": 17, ""gates"": 108, ""g2"": 64, ""g3"": 32, ""depth2"": 82, ""t_count"": 224, ""rotations"": 224, ""d"": 17, ""dense_l"": 24.2038, ""redundant"": 207, ""obs_zero"": false, ""frame_l"": 41.8074, ""chi_bits"": 8, ""mps_l"": 32.1003, ""hsf_k"": 10, ""hsf_na"": 8, ""hsf_nb"": 9, ""hsf_l"": 21.5078, ""sup"": 8, ""chi_bits0"": 8, ""mps_l0"": 32.1003, ""hsf_keff"": 4, ""hsf_l0"": 27.5078, ""sparse_l"": 14.7549, ""sv_l"": 23.7549, ""feat_secs"": 0.003406, ""feat_secs_frame"": 0.00055, ""feat_secs_hsf"": 0.002774}"
arith,"arith:bits=8,h=4,reps=2",1,"{""bits"": 8.0, ""h"": 4.0, ""reps"": 2.0}",dense,ok,0.02472,0.0303,8749056,4.163336342344337e-17,17,1.040834085586084e-17,3.122502256758253e-17,switched_at=Some(122) dense_qubits=17 peak_terms=1 term_visits=0 dense_ops=9344654,"{""n"": 17, ""gates"": 108, ""g2"": 64, ""g3"": 32, ""depth2"": 82, ""t_count"": 224, ""rotations"": 224, ""d"": 17, ""dense_l"": 24.2038, ""redundant"": 207, ""obs_zero"": false, ""frame_l"": 41.8074, ""chi_bits"": 8, ""mps_l"": 32.1003, ""hsf_k"": 10, ""hsf_na"": 8, ""hsf_nb"": 9, ""hsf_l"": 21.5078, ""sup"": 8, ""chi_bits0"": 8, ""mps_l0"": 32.1003, ""hsf_keff"": 4, ""hsf_l0"": 27.5078, ""sparse_l"": 14.7549, ""sv_l"": 23.7549, ""feat_secs"": 0.003406, ""feat_secs_frame"": 0.00055, ""feat_secs_hsf"": 0.002774}"
arith,"arith:bits=8,h=4,reps=2",1,"{""bits"": 8.0, ""h"": 4.0, ""reps"": 2.0}",auto,ok,0.022929,0.0290,8814592,1.040834085586084e-17,7,1.040834085586084e-17,0.0,switched_at=Some(17) dense_qubits=7 peak_terms=32768 term_visits=824411 dense_ops=13198,"{""n"": 17, ""gates"": 108, ""g2"": 64, ""g3"": 32, ""depth2"": 82, ""t_count"": 224, ""rotations"": 224, ""d"": 17, ""dense_l"": 24.2038, ""redundant"": 207, ""obs_zero"": false, ""frame_l"": 41.8074, ""chi_bits"": 8, ""mps_l"": 32.1003, ""hsf_k"": 10, ""hsf_na"": 8, ""hsf_nb"": 9, ""hsf_l"": 21.5078, ""sup"": 8, ""chi_bits0"": 8, ""mps_l0"": 32.1003, ""hsf_keff"": 4, ""hsf_l0"": 27.5078, ""sparse_l"": 14.7549, ""sv_l"": 23.7549, ""feat_secs"": 0.003406, ""feat_secs_frame"": 0.00055, ""feat_secs_hsf"": 0.002774}"
arith,"arith:bits=8,h=6,reps=1",1,"{""bits"": 8.0, ""h"": 6.0, ""reps"": 1.0}",frame,ok,0.006676,0.0119,5472256,-0.0,16384,-0.0,0.0,switched_at=None dense_qubits=0 peak_terms=16384 term_visits=147451 dense_ops=0,"{""n"": 17, ""gates"": 62, ""g2"": 32, ""g3"": 16, ""depth2"": 41, ""t_count"": 112, ""rotations"": 112, ""d"": 17, ""dense_l"": 22.6558, ""redundant"": 95, ""obs_zero"": false, ""frame_l"": 40.8074, ""chi_bits"": 8, ""mps_l"": 31.193, ""hsf_k"": 5, ""hsf_na"": 8, ""hsf_nb"": 9, ""hsf_l"": 21.3129, ""sup"": 12, ""chi_bits0"": 8, ""mps_l0"": 31.193, ""hsf_keff"": 4, ""hsf_l0"": 22.3129, ""sparse_l"": 17.9542, ""sv_l"": 22.9542, ""feat_secs"": 0.002424, ""feat_secs_frame"": 0.000247, ""feat_secs_hsf"": 0.002113}"
arith,"arith:bits=8,h=6,reps=1",1,"{""bits"": 8.0, ""h"": 6.0, ""reps"": 1.0}",dense,ok,0.013735,0.0181,8093696,2.602085213965211e-18,17,-0.0,2.602085213965211e-18,switched_at=Some(84) dense_qubits=17 peak_terms=1 term_visits=0 dense_ops=3953982,"{""n"": 17, ""gates"": 62, ""g2"": 32, ""g3"": 16, ""depth2"": 41, ""t_count"": 112, ""rotations"": 112, ""d"": 17, ""dense_l"": 22.6558, ""redundant"": 95, ""obs_zero"": false, ""frame_l"": 40.8074, ""chi_bits"": 8, ""mps_l"": 31.193, ""hsf_k"": 5, ""hsf_na"": 8, ""hsf_nb"": 9, ""hsf_l"": 21.3129, ""sup"": 12, ""chi_bits0"": 8, ""mps_l0"": 31.193, ""hsf_keff"": 4, ""hsf_l0"": 22.3129, ""sparse_l"": 17.9542, ""sv_l"": 22.9542, ""feat_secs"": 0.002424, ""feat_secs_frame"": 0.000247, ""feat_secs_hsf"": 0.002113}"
arith,"arith:bits=8,h=6,reps=1",1,"{""bits"": 8.0, ""h"": 6.0, ""reps"": 1.0}",auto,ok,0.006726,0.0119,5521408,-0.0,0,-0.0,0.0,switched_at=None dense_qubits=0 peak_terms=16384 term_visits=147451 dense_ops=0,"{""n"": 17, ""gates"": 62, ""g2"": 32, ""g3"": 16, ""depth2"": 41, ""t_count"": 112, ""rotations"": 112, ""d"": 17, ""dense_l"": 22.6558, ""redundant"": 95, ""obs_zero"": false, ""frame_l"": 40.8074, ""chi_bits"": 8, ""mps_l"": 31.193, ""hsf_k"": 5, ""hsf_na"": 8, ""hsf_nb"": 9, ""hsf_l"": 21.3129, ""sup"": 12, ""chi_bits0"": 8, ""mps_l0"": 31.193, ""hsf_keff"": 4, ""hsf_l0"": 22.3129, ""sparse_l"": 17.9542, ""sv_l"": 22.9542, ""feat_secs"": 0.002424, ""feat_secs_frame"": 0.000247, ""feat_secs_hsf"": 0.002113}"
arith,"arith:bits=8,h=6,reps=4",1,"{""bits"": 8.0, ""h"": 6.0, ""reps"": 4.0}",frame,ok,0.151272,0.1571,28966912,0.002929687499999992,203780,0.002929687499999992,0.0,switched_at=None dense_qubits=0 peak_terms=203780 term_visits=5576793 dense_ops=0,"{""n"": 17, ""gates"": 206, ""g2"": 128, ""g3"": 64, ""depth2"": 164, ""t_count"": 448, ""rotations"": 448, ""d"": 17, ""dense_l"": 25.594, ""redundant"": 431, ""obs_zero"": false, ""frame_l"": 42.8074, ""chi_bits"": 8, ""mps_l"": 33.4789, ""hsf_k"": 20, ""hsf_na"": 8, ""hsf_nb"": 9, ""hsf_l"": 29.8517, ""sup"": 12, ""chi_bits0"": 8, ""mps_l0"": 33.4789, ""hsf_keff"": 12, ""hsf_l0"": 37.8517, ""sparse_l"": 19.6865, ""sv_l"": 24.6865, ""feat_secs"": 0.003814, ""feat_secs_frame"": 0.00084, ""feat_secs_hsf"": 0.00281}"
arith,"arith:bits=8,h=6,reps=4",1,"{""bits"": 8.0, ""h"": 6.0, ""reps"": 4.0}",dense,ok,0.051274,0.0569,8863744,0.002929687499999981,17,0.002929687499999992,1.1275702593849246e-17,switched_at=Some(202) dense_qubits=17 peak_terms=1 term_visits=0 dense_ops=20671126,"{""n"": 17, ""gates"": 206, ""g2"": 128, ""g3"": 64, ""depth2"": 164, ""t_count"": 448, ""rotations"": 448, ""d"": 17, ""dense_l"": 25.594, ""redundant"": 431, ""obs_zero"": false, ""frame_l"": 42.8074, ""chi_bits"": 8, ""mps_l"": 33.4789, ""hsf_k"": 20, ""hsf_na"": 8, ""hsf_nb"": 9, ""hsf_l"": 29.8517, ""sup"": 12, ""chi_bits0"": 8, ""mps_l0"": 33.4789, ""hsf_keff"": 12, ""hsf_l0"": 37.8517, ""sparse_l"": 19.6865, ""sv_l"": 24.6865, ""feat_secs"": 0.003814, ""feat_secs_frame"": 0.00084, ""feat_secs_hsf"": 0.00281}"
arith,"arith:bits=8,h=6,reps=4",1,"{""bits"": 8.0, ""h"": 6.0, ""reps"": 4.0}",auto,ok,0.156305,0.1634,29114368,0.002929687499999996,7,0.002929687499999992,3.903127820947816e-18,switched_at=Some(18) dense_qubits=7 peak_terms=203780 term_visits=5575703 dense_ops=15638,"{""n"": 17, ""gates"": 206, ""g2"": 128, ""g3"": 64, ""depth2"": 164, ""t_count"": 448, ""rotations"": 448, ""d"": 17, ""dense_l"": 25.594, ""redundant"": 431, ""obs_zero"": false, ""frame_l"": 42.8074, ""chi_bits"": 8, ""mps_l"": 33.4789, ""hsf_k"": 20, ""hsf_na"": 8, ""hsf_nb"": 9, ""hsf_l"": 29.8517, ""sup"": 12, ""chi_bits0"": 8, ""mps_l0"": 33.4789, ""hsf_keff"": 12, ""hsf_l0"": 37.8517, ""sparse_l"": 19.6865, ""sv_l"": 24.6865, ""feat_secs"": 0.003814, ""feat_secs_frame"": 0.00084, ""feat_secs_hsf"": 0.00281}"
arith,"arith:bits=10,h=0,reps=2",1,"{""bits"": 10.0, ""h"": 0.0, ""reps"": 2.0}",frame,ok,0.06725,0.0718,22560768,0.9999999999999996,131072,0.9999999999999986,9.992007221626409e-16,switched_at=None dense_qubits=0 peak_terms=131072 term_visits=3178291 dense_ops=0,"{""n"": 21, ""gates"": 132, ""g2"": 80, ""g3"": 40, ""depth2"": 102, ""t_count"": 280, ""rotations"": 280, ""d"": 19, ""dense_l"": 26.2669, ""redundant"": 261, ""obs_zero"": false, ""frame_l"": 46.1293, ""chi_bits"": 0, ""mps_l"": 14.5362, ""hsf_k"": 10, ""hsf_na"": 10, ""hsf_nb"": 11, ""hsf_l"": 25.1749, ""sup"": 0, ""chi_bits0"": 10, ""mps_l0"": 37.8784, ""hsf_keff"": 4, ""hsf_l0"": 31.1749, ""sparse_l"": 7.0444, ""sv_l"": 28.0444, ""feat_secs"": 0.006077, ""feat_secs_frame"": 0.000556, ""feat_secs_hsf"": 0.005435}"
arith,"arith:bits=10,h=0,reps=2",1,"{""bits"": 10.0, ""h"": 0.0, ""reps"": 2.0}",dense,ok,0.063439,0.0702,11206656,0.9999999999999984,19,0.9999999999999986,1.1102230246251565e-16,switched_at=Some(156) dense_qubits=19 peak_terms=1 term_visits=0 dense_ops=40899570,"{""n"": 21, ""gates"": 132, ""g2"": 80, ""g3"": 40, ""depth2"": 102, ""t_count"": 280, ""rotations"": 280, ""d"": 19, ""dense_l"": 26.2669, ""redundant"": 261, ""obs_zero"": false, ""frame_l"": 46.1293, ""chi_bits"": 0, ""mps_l"": 14.5362, ""hsf_k"": 10, ""hsf_na"": 10, ""hsf_nb"": 11, ""hsf_l"": 25.1749, ""sup"": 0, ""chi_bits0"": 10, ""mps_l0"": 37.8784, ""hsf_keff"": 4, ""hsf_l0"": 31.1749, ""sparse_l"": 7.0444, ""sv_l"": 28.0444, ""feat_secs"": 0.006077, ""feat_secs_frame"": 0.000556, ""feat_secs_hsf"": 0.005435}"
arith,"arith:bits=10,h=0,reps=2",1,"{""bits"": 10.0, ""h"": 0.0, ""reps"": 2.0}",auto,ok,0.067457,0.0735,22675456,0.9999999999999986,7,0.9999999999999986,0.0,switched_at=Some(41) dense_qubits=7 peak_terms=131072 term_visits=3176321 dense_ops=2546,"{""n"": 21, ""gates"": 132, ""g2"": 80, ""g3"": 40, ""depth2"": 102, ""t_count"": 280, ""rotations"": 280, ""d"": 19, ""dense_l"": 26.2669, ""redundant"": 261, ""obs_zero"": false, ""frame_l"": 46.1293, ""chi_bits"": 0, ""mps_l"": 14.5362, ""hsf_k"": 10, ""hsf_na"": 10, ""hsf_nb"": 11, ""hsf_l"": 25.1749, ""sup"": 0, ""chi_bits0"": 10, ""mps_l0"": 37.8784, ""hsf_keff"": 4, ""hsf_l0"": 31.1749, ""sparse_l"": 7.0444, ""sv_l"": 28.0444, ""feat_secs"": 0.006077, ""feat_secs_frame"": 0.000556, ""feat_secs_hsf"": 0.005435}"
arith,"arith:bits=10,h=1,reps=1",1,"{""bits"": 10.0, ""h"": 1.0, ""reps"": 1.0}",frame,ok,0.001987,0.0076,2719744,0.5,16,0.4999999999999998,2.220446049250313e-16,switched_at=None dense_qubits=0 peak_terms=16 term_visits=650 dense_ops=0,"{""n"": 21, ""gates"": 73, ""g2"": 40, ""g3"": 20, ""depth2"": 51, ""t_count"": 140, ""rotations"": 140, ""d"": 21, ""dense_l"": 24.8088, ""redundant"": 119, ""obs_zero"": false, ""frame_l"": 49.1293, ""chi_bits"": 2, ""mps_l"": 19.6585, ""hsf_k"": 5, ""hsf_na"": 10, ""hsf_nb"": 11, ""hsf_l"": 23.0993, ""sup"": 2, ""chi_bits0"": 10, ""mps_l0"": 36.7453, ""hsf_keff"": 2, ""hsf_l0"": 26.0993, ""sparse_l"": 8.1898, ""sv_l"": 27.1898, ""feat_secs"": 0.00456, ""feat_secs_frame"": 0.000326, ""feat_secs_hsf"": 0.004165}"
arith,"arith:bits=10,h=1,reps=1",1,"{""bits"": 10.0, ""h"": 1.0, ""reps"": 1.0}",dense,ok,0.031535,0.0380,36241408,0.4999999999999996,21,0.4999999999999998,1.6653345369377348e-16,switched_at=Some(106) dense_qubits=21 peak_terms=1 term_visits=0 dense_ops=18898878,"{""n"": 21, ""gates"": 73, ""g2"": 40, ""g3"": 20, ""depth2"": 51, ""t_count"": 140, ""rotations"": 140, ""d"": 21, ""dense_l"": 24.8088, ""redundant"": 119, ""obs_zero"": false, ""frame_l"": 49.1293, ""chi_bits"": 2, ""mps_l"": 19.6585, ""hsf_k"": 5, ""hsf_na"": 10, ""hsf_nb"": 11, ""hsf_l"": 23.0993, ""sup"": 2, ""chi_bits0"": 10, ""mps_l0"": 36.7453, ""hsf_keff"": 2, ""hsf_l0"": 26.0993, ""sparse_l"": 8.1898, ""sv_l"": 27.1898, ""feat_secs"": 0.00456, ""feat_secs_frame"": 0.000326, ""feat_secs_hsf"": 0.004165}"
arith,"arith:bits=10,h=1,reps=1",1,"{""bits"": 10.0, ""h"": 1.0, ""reps"": 1.0}",auto,ok,0.001383,0.0066,2785280,0.4999999999999998,9,0.4999999999999998,0.0,switched_at=Some(49) dense_qubits=9 peak_terms=16 term_visits=387 dense_ops=9150,"{""n"": 21, ""gates"": 73, ""g2"": 40, ""g3"": 20, ""depth2"": 51, ""t_count"": 140, ""rotations"": 140, ""d"": 21, ""dense_l"": 24.8088, ""redundant"": 119, ""obs_zero"": false, ""frame_l"": 49.1293, ""chi_bits"": 2, ""mps_l"": 19.6585, ""hsf_k"": 5, ""hsf_na"": 10, ""hsf_nb"": 11, ""hsf_l"": 23.0993, ""sup"": 2, ""chi_bits0"": 10, ""mps_l0"": 36.7453, ""hsf_keff"": 2, ""hsf_l0"": 26.0993, ""sparse_l"": 8.1898, ""sv_l"": 27.1898, ""feat_secs"": 0.00456, ""feat_secs_frame"": 0.000326, ""feat_secs_hsf"": 0.004165}"
arith,"arith:bits=10,h=1,reps=4",1,"{""bits"": 10.0, ""h"": 1.0, ""reps"": 4.0}",frame,ok,3.367443,3.3757,841990144,1.0,7246320,0.9999999999999997,3.3306690738754696e-16,switched_at=None dense_qubits=0 peak_terms=7246320 term_visits=133558431 dense_ops=0,"{""n"": 21, ""gates"": 253, ""g2"": 160, ""g3"": 80, ""depth2"": 204, ""t_count"": 560, ""rotations"": 560, ""d"": 21, ""dense_l"": 29.7616, ""redundant"": 539, ""obs_zero"": false, ""frame_l"": 51.1293, ""chi_bits"": 2, ""mps_l"": 21.2064, ""hsf_k"": 20, ""hsf_na"": 10, ""hsf_nb"": 11, ""hsf_l"": 29.3185, ""sup"": 2, ""chi_bits0"": 10, ""mps_l0"": 39.3971, ""hsf_keff"": 8, ""hsf_l0"": 41.3185, ""sparse_l"": 9.983, ""sv_l"": 28.983, ""feat_secs"": 0.006781, ""feat_secs_frame"": 0.001056, ""feat_secs_hsf"": 0.00556}"
arith,"arith:bits=10,h=1,reps=4",1,"{""bits"": 10.0, ""h"": 1.0, ""reps"": 4.0}",dense,ok,0.656021,0.6610,57540608,0.9999999999999984,21,0.9999999999999997,1.2212453270876722e-15,switched_at=Some(260) dense_qubits=21 peak_terms=1 term_visits=0 dense_ops=381697990,"{""n"": 21, ""gates"": 253, ""g2"": 160, ""g3"": 80, ""depth2"": 204, ""t_count"": 560, ""rotations"": 560, ""d"": 21, ""dense_l"": 29.7616, ""redundant"": 539, ""obs_zero"": false, ""frame_l"": 51.1293, ""chi_bits"": 2, ""mps_l"": 21.2064, ""hsf_k"": 20, ""hsf_na"": 10, ""hsf_nb"": 11, ""hsf_l"": 29.3185, ""sup"": 2, ""chi_bits0"": 10, ""mps_l0"": 39.3971, ""hsf_keff"": 8, ""hsf_l0"": 41.3185, ""sparse_l"": 9.983, ""sv_l"": 28.983, ""feat_secs"": 0.006781, ""feat_secs_frame"": 0.001056, ""feat_secs_hsf"": 0.00556}"
arith,"arith:bits=10,h=1,reps=4",1,"{""bits"": 10.0, ""h"": 1.0, ""reps"": 4.0}",auto,ok,3.372051,3.3808,842153984,0.9999999999999997,8,0.9999999999999997,0.0,switched_at=Some(36) dense_qubits=8 peak_terms=7246320 term_visits=133556187 dense_ops=11974,"{""n"": 21, ""gates"": 253, ""g2"": 160, ""g3"": 80, ""depth2"": 204, ""t_count"": 560, ""rotations"": 560, ""d"": 21, ""dense_l"": 29.7616, ""redundant"": 539, ""obs_zero"": false, ""frame_l"": 51.1293, ""chi_bits"": 2, ""mps_l"": 21.2064, ""hsf_k"": 20, ""hsf_na"": 10, ""hsf_nb"": 11, ""hsf_l"": 29.3185, ""sup"": 2, ""chi_bits0"": 10, ""mps_l0"": 39.3971, ""hsf_keff"": 8, ""hsf_l0"": 41.3185, ""sparse_l"": 9.983, ""sv_l"": 28.983, ""feat_secs"": 0.006781, ""feat_secs_frame"": 0.001056, ""feat_secs_hsf"": 0.00556}"
arith,"arith:bits=10,h=2,reps=2",1,"{""bits"": 10.0, ""h"": 2.0, ""reps"": 2.0}",frame,ok,0.271221,0.2786,67010560,-0.25,524288,-0.2499999999999998,1.942890293094024e-16,switched_at=None dense_qubits=0 peak_terms=524288 term_visits=13475723 dense_ops=0,"{""n"": 21, ""gates"": 134, ""g2"": 80, ""g3"": 40, ""depth2"": 102, ""t_count"": 280, ""rotations"": 280, ""d"": 21, ""dense_l"": 28.3312, ""redundant"": 259, ""obs_zero"": false, ""frame_l"": 50.1293, ""chi_bits"": 4, ""mps_l"": 25.4807, ""hsf_k"": 10, ""hsf_na"": 10, ""hsf_nb"": 11, ""hsf_l"": 25.1774, ""sup"": 4, ""chi_bits0"": 10, ""mps_l0"": 37.8784, ""hsf_keff"": 4, ""hsf_l0"": 31.1774, ""sparse_l"": 11.0661, ""sv_l"": 28.0661, ""feat_secs"": 0.005943, ""feat_secs_frame"": 0.000545, ""feat_secs_hsf"": 0.005302}"
arith,"arith:bits=10,h=2,reps=2",1,"{""bits"": 10.0, ""h"": 2.0, ""reps"": 2.0}",dense,ok,0.29054,0.2968,78200832,-0.2499999999999994,21,-0.2499999999999998,4.163336342344337e-16,switched_at=Some(156) dense_qubits=21 peak_terms=1 term_visits=0 dense_ops=169910094,"{""n"": 21, ""gates"": 134, ""g2"": 80, ""g3"": 40, ""depth2"": 102, ""t_count"": 280, ""rotations"": 280, ""d"": 21, ""dense_l"": 28.3312, ""redundant"": 259, ""obs_zero"": false, ""frame_l"": 50.1293, ""chi_bits"": 4, ""mps_l"": 25.4807, ""hsf_k"": 10, ""hsf_na"": 10, ""hsf_nb"": 11, ""hsf_l"": 25.1774, ""sup"": 4, ""chi_bits0"": 10, ""mps_l0"": 37.8784, ""hsf_keff"": 4, ""hsf_l0"": 31.1774, ""sparse_l"": 11.0661, ""sv_l"": 28.0661, ""feat_secs"": 0.005943, ""feat_secs_frame"": 0.000545, ""feat_secs_hsf"": 0.005302}"
arith,"arith:bits=10,h=2,reps=2",1,"{""bits"": 10.0, ""h"": 2.0, ""reps"": 2.0}",auto,ok,0.275578,0.2828,67125248,-0.2499999999999998,8,-0.2499999999999998,0.0,switched_at=Some(29) dense_qubits=8 peak_terms=524288 term_visits=13474107 dense_ops=27470,"{""n"": 21, ""gates"": 134, ""g2"": 80, ""g3"": 40, ""depth2"": 102, ""t_count"": 280, ""rotations"": 280, ""d"": 21, ""dense_l"": 28.3312, ""redundant"": 259, ""obs_zero"": false, ""frame_l"": 50.1293, ""chi_bits"": 4, ""mps_l"": 25.4807, ""hsf_k"": 10, ""hsf_na"": 10, ""hsf_nb"": 11, ""hsf_l"": 25.1774, ""sup"": 4, ""chi_bits0"": 10, ""mps_l0"": 37.8784, ""hsf_keff"": 4, ""hsf_l0"": 31.1774, ""sparse_l"": 11.0661, ""sv_l"": 28.0661, ""feat_secs"": 0.005943, ""feat_secs_frame"": 0.000545, ""feat_secs_hsf"": 0.005302}"
arith,"arith:bits=10,h=4,reps=1",1,"{""bits"": 10.0, ""h"": 4.0, ""reps"": 1.0}",frame,ok,0.004534,0.0097,3162112,-0.0,1024,-0.0,0.0,switched_at=None dense_qubits=0 peak_terms=1024 term_visits=27131 dense_ops=0,"{""n"": 21, ""gates"": 75, ""g2"": 40, ""g3"": 20, ""depth2"": 51, ""t_count"": 140, ""rotations"": 140, ""d"": 21, ""dense_l"": 26.1337, ""redundant"": 119, ""obs_zero"": false, ""frame_l"": 49.1293, ""chi_bits"": 8, ""mps_l"": 34.2064, ""hsf_k"": 5, ""hsf_na"": 10, ""hsf_nb"": 11, ""hsf_l"": 23.102, ""sup"": 8, ""chi_bits0"": 10, ""mps_l0"": 36.7453, ""hsf_keff"": 2, ""hsf_l0"": 26.102, ""sparse_l"": 14.2288, ""sv_l"": 27.2288, ""feat_secs"": 0.004362, ""feat_secs_frame"": 0.000335, ""feat_secs_hsf"": 0.003954}"
arith,"arith:bits=10,h=4,reps=1",1,"{""bits"": 10.0, ""h"": 4.0, ""reps"": 1.0}",dense,ok,0.1444,0.1494,79544320,-1.387778780781446e-17,21,-0.0,1.387778780781446e-17,switched_at=Some(106) dense_qubits=21 peak_terms=1 term_visits=0 dense_ops=44234046,"{""n"": 21, ""gates"": 75, ""g2"": 40, ""g3"": 20, ""depth2"": 51, ""t_count"": 140, ""rotations"": 140, ""d"": 21, ""dense_l"": 26.1337, ""redundant"": 119, ""obs_zero"": false, ""frame_l"": 49.1293, ""chi_bits"": 8, ""mps_l"": 34.2064, ""hsf_k"": 5, ""hsf_na"": 10, ""hsf_nb"": 11, ""hsf_l"": 23.102, ""sup"": 8, ""chi_bits0"": 10, ""mps_l0"": 36.7453, ""hsf_keff"": 2, ""hsf_l0"": 26.102, ""sparse_l"": 14.2288, ""sv_l"": 27.2288, ""feat_secs"": 0.004362, ""feat_secs_frame"": 0.000335, ""feat_secs_hsf"": 0.003954}"
arith,"arith:bits=10,h=4,reps=1",1,"{""bits"": 10.0, ""h"": 4.0, ""reps"": 1.0}",auto,ok,0.003383,0.0093,3325952,9.540979117872439e-18,11,-0.0,9.540979117872439e-18,switched_at=Some(42) dense_qubits=11 peak_terms=1024 term_visits=19963 dense_ops=550206,"{""n"": 21, ""gates"": 75, ""g2"": 40, ""g3"": 20, ""depth2"": 51, ""t_count"": 140, ""rotations"": 140, ""d"": 21, ""dense_l"": 26.1337, ""redundant"": 119, ""obs_zero"": false, ""frame_l"": 49.1293, ""chi_bits"": 8, ""mps_l"": 34.2064, ""hsf_k"": 5, ""hsf_na"": 10, ""hsf_nb"": 11, ""hsf_l"": 23.102, ""sup"": 8, ""chi_bits0"": 10, ""mps_l0"": 36.7453, ""hsf_keff"": 2, ""hsf_l0"": 26.102, ""sparse_l"": 14.2288, ""sv_l"": 27.2288, ""feat_secs"": 0.004362, ""feat_secs_frame"": 0.000335, ""feat_secs_hsf"": 0.003954}"
arith,"arith:bits=10,h=4,reps=4",1,"{""bits"": 10.0, ""h"": 4.0, ""reps"": 4.0}",frame,ok,4.304507,4.3117,831193088,-0.01562499999999999,7246320,-0.01562499999999998,1.0408340855860843e-17,switched_at=None dense_qubits=0 peak_terms=7246320 term_visits=168842687 dense_ops=0,"{""n"": 21, ""gates"": 255, ""g2"": 160, ""g3"": 80, ""depth2"": 204, ""t_count"": 560, ""rotations"": 560, ""d"": 21, ""dense_l"": 29.8301, ""redundant"": 539, ""obs_zero"": false, ""frame_l"": 51.1293, ""chi_bits"": 8, ""mps_l"": 36.9156, ""hsf_k"": 20, ""hsf_na"": 10, ""hsf_nb"": 11, ""hsf_l"": 29.3208, ""sup"": 8, ""chi_bits0"": 10, ""mps_l0"": 39.3971, ""hsf_keff"": 8, ""hsf_l0"": 41.3208, ""sparse_l"": 15.9944, ""sv_l"": 28.9944, ""feat_secs"": 0.006668, ""feat_secs_frame"": 0.001053, ""feat_secs_hsf"": 0.005445}"
arith,"arith:bits=10,h=4,reps=4",1,"{""bits"": 10.0, ""h"": 4.0, ""reps"": 4.0}",dense,ok,0.702969,0.7100,79642624,-0.01562499999999984,21,-0.01562499999999998,1.3877787807814457e-16,switched_at=Some(260) dense_qubits=21 peak_terms=1 term_visits=0 dense_ops=400684694,"{""n"": 21, ""gates"": 255, ""g2"": 160, ""g3"": 80, ""depth2"": 204, ""t_count"": 560, ""rotations"": 560, ""d"": 21, ""dense_l"": 29.8301, ""redundant"": 539, ""obs_zero"": false, ""frame_l"": 51.1293, ""chi_bits"": 8, ""mps_l"": 36.9156, ""hsf_k"": 20, ""hsf_na"": 10, ""hsf_nb"": 11, ""hsf_l"": 29.3208, ""sup"": 8, ""chi_bits0"": 10, ""mps_l0"": 39.3971, ""hsf_keff"": 8, ""hsf_l0"": 41.3208, ""sparse_l"": 15.9944, ""sv_l"": 28.9944, ""feat_secs"": 0.006668, ""feat_secs_frame"": 0.001053, ""feat_secs_hsf"": 0.005445}"
arith,"arith:bits=10,h=4,reps=4",1,"{""bits"": 10.0, ""h"": 4.0, ""reps"": 4.0}",auto,ok,4.278574,4.2886,831324160,-0.01562499999999998,5,-0.01562499999999998,0.0,switched_at=Some(12) dense_qubits=5 peak_terms=7246320 term_visits=168842469 dense_ops=982,"{""n"": 21, ""gates"": 255, ""g2"": 160, ""g3"": 80, ""depth2"": 204, ""t_count"": 560, ""rotations"": 560, ""d"": 21, ""dense_l"": 29.8301, ""redundant"": 539, ""obs_zero"": false, ""frame_l"": 51.1293, ""chi_bits"": 8, ""mps_l"": 36.9156, ""hsf_k"": 20, ""hsf_na"": 10, ""hsf_nb"": 11, ""hsf_l"": 29.3208, ""sup"": 8, ""chi_bits0"": 10, ""mps_l0"": 39.3971, ""hsf_keff"": 8, ""hsf_l0"": 41.3208, ""sparse_l"": 15.9944, ""sv_l"": 28.9944, ""feat_secs"": 0.006668, ""feat_secs_frame"": 0.001053, ""feat_secs_hsf"": 0.005445}"
arith,"arith:bits=10,h=6,reps=2",1,"{""bits"": 10.0, ""h"": 6.0, ""reps"": 2.0}",frame,ok,0.348766,0.3565,66961408,-0.0,524288,-0.0,0.0,switched_at=None dense_qubits=0 peak_terms=524288 term_visits=17222456 dense_ops=0,"{""n"": 21, ""gates"": 136, ""g2"": 80, ""g3"": 40, ""depth2"": 102, ""t_count"": 280, ""rotations"": 280, ""d"": 21, ""dense_l"": 28.5654, ""redundant"": 259, ""obs_zero"": false, ""frame_l"": 50.1293, ""chi_bits"": 10, ""mps_l"": 37.8784, ""hsf_k"": 10, ""hsf_na"": 10, ""hsf_nb"": 11, ""hsf_l"": 27.1799, ""sup"": 12, ""chi_bits0"": 10, ""mps_l0"": 37.8784, ""hsf_keff"": 6, ""hsf_l0"": 31.1799, ""sparse_l"": 19.0875, ""sv_l"": 28.0875, ""feat_secs"": 0.005967, ""feat_secs_frame"": 0.000594, ""feat_secs_hsf"": 0.005269}"
arith,"arith:bits=10,h=6,reps=2",1,"{""bits"": 10.0, ""h"": 6.0, ""reps"": 2.0}",dense,ok,0.448865,0.4545,79675392,1.301042606982605e-17,21,-0.0,1.301042606982605e-17,switched_at=Some(156) dense_qubits=21 peak_terms=1 term_visits=0 dense_ops=195652238,"{""n"": 21, ""gates"": 136, ""g2"": 80, ""g3"": 40, ""depth2"": 102, ""t_count"": 280, ""rotations"": 280, ""d"": 21, ""dense_l"": 28.5654, ""redundant"": 259, ""obs_zero"": false, ""frame_l"": 50.1293, ""chi_bits"": 10, ""mps_l"": 37.8784, ""hsf_k"": 10, ""hsf_na"": 10, ""hsf_nb"": 11, ""hsf_l"": 27.1799, ""sup"": 12, ""chi_bits0"": 10, ""mps_l0"": 37.8784, ""hsf_keff"": 6, ""hsf_l0"": 31.1799, ""sparse_l"": 19.0875, ""sv_l"": 28.0875, ""feat_secs"": 0.005967, ""feat_secs_frame"": 0.000594, ""feat_secs_hsf"": 0.005269}"
arith,"arith:bits=10,h=6,reps=2",1,"{""bits"": 10.0, ""h"": 6.0, ""reps"": 2.0}",auto,ok,0.353109,0.3585,67059712,-8.673617379884035e-19,5,-0.0,8.673617379884035e-19,switched_at=Some(11) dense_qubits=5 peak_terms=524288 term_visits=17222267 dense_ops=974,"{""n"": 21, ""gates"": 136, ""g2"": 80, ""g3"": 40, ""depth2"": 102, ""t_count"": 280, ""rotations"": 280, ""d"": 21, ""dense_l"": 28.5654, ""redundant"": 259, ""obs_zero"": false, ""frame_l"": 50.1293, ""chi_bits"": 10, ""mps_l"": 37.8784, ""hsf_k"": 10, ""hsf_na"": 10, ""hsf_nb"": 11, ""hsf_l"": 27.1799, ""sup"": 12, ""chi_bits0"": 10, ""mps_l0"": 37.8784, ""hsf_keff"": 6, ""hsf_l0"": 31.1799, ""sparse_l"": 19.0875, ""sv_l"": 28.0875, ""feat_secs"": 0.005967, ""feat_secs_frame"": 0.000594, ""feat_secs_hsf"": 0.005269}"
arith,"arith:bits=12,h=0,reps=1",1,"{""bits"": 12.0, ""h"": 0.0, ""reps"": 1.0}",frame,ok,0.001775,0.0074,2703360,1.0,4,0.9999999999999986,1.4432899320127035e-15,switched_at=None dense_qubits=0 peak_terms=4 term_visits=201 dense_ops=0,"{""n"": 25, ""gates"": 85, ""g2"": 48, ""g3"": 24, ""depth2"": 61, ""t_count"": 168, ""rotations"": 168, ""d"": 23, ""dense_l"": 26.8077, ""redundant"": 145, ""obs_zero"": false, ""frame_l"": 53.3923, ""chi_bits"": 0, ""mps_l"": 14.2999, ""hsf_k"": 5, ""hsf_na"": 12, ""hsf_nb"": 13, ""hsf_l"": 27.0296, ""sup"": 0, ""chi_bits0"": 12, ""mps_l0"": 42.0962, ""hsf_keff"": 2, ""hsf_l0"": 30.0296, ""sparse_l"": 6.4094, ""sv_l"": 31.4094, ""feat_secs"": 0.007905, ""feat_secs_frame"": 0.000363, ""feat_secs_hsf"": 0.007468}"
arith,"arith:bits=12,h=0,reps=1",1,"{""bits"": 12.0, ""h"": 0.0, ""reps"": 1.0}",dense,ok,0.115544,0.1200,137035776,0.9999999999999984,23,0.9999999999999986,1.1102230246251565e-16,switched_at=Some(128) dense_qubits=23 peak_terms=1 term_visits=0 dense_ops=75522034,"{""n"": 25, ""gates"": 85, ""g2"": 48, ""g3"": 24, ""depth2"": 61, ""t_count"": 168, ""rotations"": 168, ""d"": 23, ""dense_l"": 26.8077, ""redundant"": 145, ""obs_zero"": false, ""frame_l"": 53.3923, ""chi_bits"": 0, ""mps_l"": 14.2999, ""hsf_k"": 5, ""hsf_na"": 12, ""hsf_nb"": 13, ""hsf_l"": 27.0296, ""sup"": 0, ""chi_bits0"": 12, ""mps_l0"": 42.0962, ""hsf_keff"": 2, ""hsf_l0"": 30.0296, ""sparse_l"": 6.4094, ""sv_l"": 31.4094, ""feat_secs"": 0.007905, ""feat_secs_frame"": 0.000363, ""feat_secs_hsf"": 0.007468}"
arith,"arith:bits=12,h=0,reps=1",1,"{""bits"": 12.0, ""h"": 0.0, ""reps"": 1.0}",auto,ok,0.001318,0.0074,2785280,0.9999999999999986,7,0.9999999999999986,0.0,switched_at=Some(46) dense_qubits=7 peak_terms=4 term_visits=140 dense_ops=1650,"{""n"": 25, ""gates"": 85, ""g2"": 48, ""g3"": 24, ""depth2"": 61, ""t_count"": 168, ""rotations"": 168, ""d"": 23, ""dense_l"": 26.8077, ""redundant"": 145, ""obs_zero"": false, ""frame_l"": 53.3923, ""chi_bits"": 0, ""mps_l"": 14.2999, ""hsf_k"": 5, ""hsf_na"": 12, ""hsf_nb"": 13, ""hsf_l"": 27.0296, ""sup"": 0, ""chi_bits0"": 12, ""mps_l0"": 42.0962, ""hsf_keff"": 2, ""hsf_l0"": 30.0296, ""sparse_l"": 6.4094, ""sv_l"": 31.4094, ""feat_secs"": 0.007905, ""feat_secs_frame"": 0.000363, ""feat_secs_hsf"": 0.007468}"
arith,"arith:bits=12,h=0,reps=4",1,"{""bits"": 12.0, ""h"": 0.0, ""reps"": 4.0}",frame,toolarge,,4.0798,1221066752,,,0.9999999999999984,,"TooManyTerms { terms: 16863104, limit: 16777216 }","{""n"": 25, ""gates"": 301, ""g2"": 192, ""g3"": 96, ""depth2"": 244, ""t_count"": 672, ""rotations"": 672, ""d"": 23, ""dense_l"": 32.0168, ""redundant"": 649, ""obs_zero"": false, ""frame_l"": 55.3923, ""chi_bits"": 0, ""mps_l"": 15.8097, ""hsf_k"": 20, ""hsf_na"": 12, ""hsf_nb"": 13, ""hsf_l"": 33.1023, ""sup"": 0, ""chi_bits0"": 12, ""mps_l0"": 45.3113, ""hsf_keff"": 8, ""hsf_l0"": 45.1023, ""sparse_l"": 8.2336, ""sv_l"": 33.2336, ""feat_secs"": 0.011286, ""feat_secs_frame"": 0.001254, ""feat_secs_hsf"": 0.009849}"
arith,"arith:bits=12,h=0,reps=4",1,"{""bits"": 12.0, ""h"": 0.0, ""reps"": 4.0}",dense,ok,2.544711,2.5494,137379840,0.9999999999999984,23,0.9999999999999984,0.0,switched_at=Some(318) dense_qubits=23 peak_terms=1 term_visits=0 dense_ops=1862287348,"{""n"": 25, ""gates"": 301, ""g2"": 192, ""g3"": 96, ""depth2"": 244, ""t_count"": 672, ""rotations"": 672, ""d"": 23, ""dense_l"": 32.0168, ""redundant"": 649, ""obs_zero"": false, ""frame_l"": 55.3923, ""chi_bits"": 0, ""mps_l"": 15.8097, ""hsf_k"": 20, ""hsf_na"": 12, ""hsf_nb"": 13, ""hsf_l"": 33.1023, ""sup"": 0, ""chi_bits0"": 12, ""mps_l0"": 45.3113, ""hsf_keff"": 8, ""hsf_l0"": 45.1023, ""sparse_l"": 8.2336, ""sv_l"": 33.2336, ""feat_secs"": 0.011286, ""feat_secs_frame"": 0.001254, ""feat_secs_hsf"": 0.009849}"
arith,"arith:bits=12,h=0,reps=4",1,"{""bits"": 12.0, ""h"": 0.0, ""reps"": 4.0}",auto,timeout,,10.0141,1620869120,,,0.9999999999999984,,timeout,"{""n"": 25, ""gates"": 301, ""g2"": 192, ""g3"": 96, ""depth2"": 244, ""t_count"": 672, ""rotations"": 672, ""d"": 23, ""dense_l"": 32.0168, ""redundant"": 649, ""obs_zero"": false, ""frame_l"": 55.3923, ""chi_bits"": 0, ""mps_l"": 15.8097, ""hsf_k"": 20, ""hsf_na"": 12, ""hsf_nb"": 13, ""hsf_l"": 33.1023, ""sup"": 0, ""chi_bits0"": 12, ""mps_l0"": 45.3113, ""hsf_keff"": 8, ""hsf_l0"": 45.1023, ""sparse_l"": 8.2336, ""sv_l"": 33.2336, ""feat_secs"": 0.011286, ""feat_secs_frame"": 0.001254, ""feat_secs_hsf"": 0.009849}"
arith,"arith:bits=12,h=1,reps=2",1,"{""bits"": 12.0, ""h"": 1.0, ""reps"": 2.0}",frame,ok,4.536914,4.5461,860258304,-0.0,8388608,0.0,0.0,switched_at=None dense_qubits=0 peak_terms=8388608 term_visits=237106646 dense_ops=0,"{""n"": 25, ""gates"": 159, ""g2"": 96, ""g3"": 48, ""depth2"": 122, ""t_count"": 336, ""rotations"": 336, ""d"": 25, ""dense_l"": 32.5078, ""redundant"": 311, ""obs_zero"": false, ""frame_l"": 58.3923, ""chi_bits"": 2, ""mps_l"": 20.4793, ""hsf_k"": 10, ""hsf_na"": 12, ""hsf_nb"": 13, ""hsf_l"": 29.0549, ""sup"": 2, ""chi_bits0"": 12, ""mps_l0"": 43.6178, ""hsf_keff"": 4, ""hsf_l0"": 35.0549, ""sparse_l"": 9.3129, ""sv_l"": 32.3129, ""feat_secs"": 0.010795, ""feat_secs_frame"": 0.000676, ""feat_secs_hsf"": 0.010011}"
arith,"arith:bits=12,h=1,reps=2",1,"{""bits"": 12.0, ""h"": 1.0, ""reps"": 2.0}",dense,ok,4.852125,4.8571,875528192,0.0,25,0.0,0.0,switched_at=Some(190) dense_qubits=25 peak_terms=1 term_visits=0 dense_ops=3154198462,"{""n"": 25, ""gates"": 159, ""g2"": 96, ""g3"": 48, ""depth2"": 122, ""t_count"": 336, ""rotations"": 336, ""d"": 25, ""dense_l"": 32.5078, ""redundant"": 311, ""obs_zero"": false, ""frame_l"": 58.3923, ""chi_bits"": 2, ""mps_l"": 20.4793, ""hsf_k"": 10, ""hsf_na"": 12, ""hsf_nb"": 13, ""hsf_l"": 29.0549, ""sup"": 2, ""chi_bits0"": 12, ""mps_l0"": 43.6178, ""hsf_keff"": 4, ""hsf_l0"": 35.0549, ""sparse_l"": 9.3129, ""sv_l"": 32.3129, ""feat_secs"": 0.010795, ""feat_secs_frame"": 0.000676, ""feat_secs_hsf"": 0.010011}"
arith,"arith:bits=12,h=1,reps=2",1,"{""bits"": 12.0, ""h"": 1.0, ""reps"": 2.0}",auto,ok,4.531362,4.5423,860389376,1.804112415015879e-16,7,0.0,1.804112415015879e-16,switched_at=Some(29) dense_qubits=7 peak_terms=8388608 term_visits=237105499 dense_ops=5566,"{""n"": 25, ""gates"": 159, ""g2"": 96, ""g3"": 48, ""depth2"": 122, ""t_count"": 336, ""rotations"": 336, ""d"": 25, ""dense_l"": 32.5078, ""redundant"": 311, ""obs_zero"": false, ""frame_l"": 58.3923, ""chi_bits"": 2, ""mps_l"": 20.4793, ""hsf_k"": 10, ""hsf_na"": 12, ""hsf_nb"": 13, ""hsf_l"": 29.0549, ""sup"": 2, ""chi_bits0"": 12, ""mps_l0"": 43.6178, ""hsf_keff"": 4, ""hsf_l0"": 35.0549, ""sparse_l"": 9.3129, ""sv_l"": 32.3129, ""feat_secs"": 0.010795, ""feat_secs_frame"": 0.000676, ""feat_secs_hsf"": 0.010011}"
arith,"arith:bits=12,h=2,reps=1",1,"{""bits"": 12.0, ""h"": 2.0, ""reps"": 1.0}",frame,ok,0.001875,0.0074,2834432,-0.0,64,-0.0,0.0,switched_at=None dense_qubits=0 peak_terms=64 term_visits=2907 dense_ops=0,"{""n"": 25, ""gates"": 88, ""g2"": 48, ""g3"": 24, ""depth2"": 61, ""t_count"": 168, ""rotations"": 168, ""d"": 25, ""dense_l"": 29.3928, ""redundant"": 143, ""obs_zero"": false, ""frame_l"": 57.3923, ""chi_bits"": 4, ""mps_l"": 25.2579, ""hsf_k"": 5, ""hsf_na"": 12, ""hsf_nb"": 13, ""hsf_l"": 27.0307, ""sup"": 4, ""chi_bits0"": 12, ""mps_l0"": 42.0962, ""hsf_keff"": 2, ""hsf_l0"": 30.0307, ""sparse_l"": 10.4594, ""sv_l"": 31.4594, ""feat_secs"": 0.007999, ""feat_secs_frame"": 0.000372, ""feat_secs_hsf"": 0.007546}"
arith,"arith:bits=12,h=2,reps=1",1,"{""bits"": 12.0, ""h"": 2.0, ""reps"": 1.0}",dense,ok,1.543446,1.5490,1211023360,-2.775557561562891e-17,25,-0.0,2.775557561562891e-17,switched_at=Some(128) dense_qubits=25 peak_terms=1 term_visits=0 dense_ops=436404030,"{""n"": 25, ""gates"": 88, ""g2"": 48, ""g3"": 24, ""depth2"": 61, ""t_count"": 168, ""rotations"": 168, ""d"": 25, ""dense_l"": 29.3928, ""redundant"": 143, ""obs_zero"": false, ""frame_l"": 57.3923, ""chi_bits"": 4, ""mps_l"": 25.2579, ""hsf_k"": 5, ""hsf_na"": 12, ""hsf_nb"": 13, ""hsf_l"": 27.0307, ""sup"": 4, ""chi_bits0"": 12, ""mps_l0"": 42.0962, ""hsf_keff"": 2, ""hsf_l0"": 30.0307, ""sparse_l"": 10.4594, ""sv_l"": 31.4594, ""feat_secs"": 0.007999, ""feat_secs_frame"": 0.000372, ""feat_secs_hsf"": 0.007546}"
arith,"arith:bits=12,h=2,reps=1",1,"{""bits"": 12.0, ""h"": 2.0, ""reps"": 1.0}",auto,ok,0.002474,0.0076,2932736,6.245004513516506e-17,8,-0.0,6.245004513516506e-17,switched_at=Some(35) dense_qubits=8 peak_terms=64 term_visits=2347 dense_ops=7486,"{""n"": 25, ""gates"": 88, ""g2"": 48, ""g3"": 24, ""depth2"": 61, ""t_count"": 168, ""rotations"": 168, ""d"": 25, ""dense_l"": 29.3928, ""redundant"": 143, ""obs_zero"": false, ""frame_l"": 57.3923, ""chi_bits"": 4, ""mps_l"": 25.2579, ""hsf_k"": 5, ""hsf_na"": 12, ""hsf_nb"": 13, ""hsf_l"": 27.0307, ""sup"": 4, ""chi_bits0"": 12, ""mps_l0"": 42.0962, ""hsf_keff"": 2, ""hsf_l0"": 30.0307, ""sparse_l"": 10.4594, ""sv_l"": 31.4594, ""feat_secs"": 0.007999, ""feat_secs_frame"": 0.000372, ""feat_secs_hsf"": 0.007546}"
arith,"arith:bits=12,h=2,reps=4",1,"{""bits"": 12.0, ""h"": 2.0, ""reps"": 4.0}",frame,skipped,,,,,,,,,"{""n"": 25, ""gates"": 304, ""g2"": 192, ""g3"": 96, ""depth2"": 244, ""t_count"": 672, ""rotations"": 672, ""d"": 25, ""dense_l"": 34.0362, ""redundant"": 647, ""obs_zero"": false, ""frame_l"": 59.3923, ""chi_bits"": 4, ""mps_l"": 27.0691, ""hsf_k"": 20, ""hsf_na"": 12, ""hsf_nb"": 13, ""hsf_l"": 33.1033, ""sup"": 4, ""chi_bits0"": 12, ""mps_l0"": 45.3113, ""hsf_keff"": 8, ""hsf_l0"": 45.1033, ""sparse_l"": 12.2479, ""sv_l"": 33.2479, ""feat_secs"": 0.011981, ""feat_secs_frame"": 0.001304, ""feat_secs_hsf"": 0.010486}"
arith,"arith:bits=12,h=2,reps=4",1,"{""bits"": 12.0, ""h"": 2.0, ""reps"": 4.0}",dense,timeout,,10.0061,1211170816,,,,,timeout,"{""n"": 25, ""gates"": 304, ""g2"": 192, ""g3"": 96, ""depth2"": 244, ""t_count"": 672, ""rotations"": 672, ""d"": 25, ""dense_l"": 34.0362, ""redundant"": 647, ""obs_zero"": false, ""frame_l"": 59.3923, ""chi_bits"": 4, ""mps_l"": 27.0691, ""hsf_k"": 20, ""hsf_na"": 12, ""hsf_nb"": 13, ""hsf_l"": 33.1033, ""sup"": 4, ""chi_bits0"": 12, ""mps_l0"": 45.3113, ""hsf_keff"": 8, ""hsf_l0"": 45.1033, ""sparse_l"": 12.2479, ""sv_l"": 33.2479, ""feat_secs"": 0.011981, ""feat_secs_frame"": 0.001304, ""feat_secs_hsf"": 0.010486}"
arith,"arith:bits=12,h=2,reps=4",1,"{""bits"": 12.0, ""h"": 2.0, ""reps"": 4.0}",auto,skipped,,,,,,,,,"{""n"": 25, ""gates"": 304, ""g2"": 192, ""g3"": 96, ""depth2"": 244, ""t_count"": 672, ""rotations"": 672, ""d"": 25, ""dense_l"": 34.0362, ""redundant"": 647, ""obs_zero"": false, ""frame_l"": 59.3923, ""chi_bits"": 4, ""mps_l"": 27.0691, ""hsf_k"": 20, ""hsf_na"": 12, ""hsf_nb"": 13, ""hsf_l"": 33.1033, ""sup"": 4, ""chi_bits0"": 12, ""mps_l0"": 45.3113, ""hsf_keff"": 8, ""hsf_l0"": 45.1033, ""sparse_l"": 12.2479, ""sv_l"": 33.2479, ""feat_secs"": 0.011981, ""feat_secs_frame"": 0.001304, ""feat_secs_hsf"": 0.010486}"
arith,"arith:bits=12,h=4,reps=2",1,"{""bits"": 12.0, ""h"": 4.0, ""reps"": 2.0}",frame,ok,5.522181,5.5309,876199936,-0.0625,8388608,-0.06249999999999999,6.938893903907228e-18,switched_at=None dense_qubits=0 peak_terms=8388608 term_visits=279918993 dense_ops=0,"{""n"": 25, ""gates"": 162, ""g2"": 96, ""g3"": 48, ""depth2"": 122, ""t_count"": 336, ""rotations"": 336, ""d"": 25, ""dense_l"": 32.6655, ""redundant"": 311, ""obs_zero"": false, ""frame_l"": 58.3923, ""chi_bits"": 8, ""mps_l"": 36.265, ""hsf_k"": 10, ""hsf_na"": 12, ""hsf_nb"": 13, ""hsf_l"": 29.056, ""sup"": 8, ""chi_bits0"": 12, ""mps_l0"": 43.6178, ""hsf_keff"": 4, ""hsf_l0"": 35.056, ""sparse_l"": 15.3399, ""sv_l"": 32.3399, ""feat_secs"": 0.010442, ""feat_secs_frame"": 0.000665, ""feat_secs_hsf"": 0.009662}"
arith,"arith:bits=12,h=4,reps=2",1,"{""bits"": 12.0, ""h"": 4.0, ""reps"": 2.0}",dense,ok,6.955621,6.9629,1211121664,-0.06249999999999984,25,-0.06249999999999999,1.5265566588595902e-16,switched_at=Some(190) dense_qubits=25 peak_terms=1 term_visits=0 dense_ops=3456759438,"{""n"": 25, ""gates"": 162, ""g2"": 96, ""g3"": 48, ""depth2"": 122, ""t_count"": 336, ""rotations"": 336, ""d"": 25, ""dense_l"": 32.6655, ""redundant"": 311, ""obs_zero"": false, ""frame_l"": 58.3923, ""chi_bits"": 8, ""mps_l"": 36.265, ""hsf_k"": 10, ""hsf_na"": 12, ""hsf_nb"": 13, ""hsf_l"": 29.056, ""sup"": 8, ""chi_bits0"": 12, ""mps_l0"": 43.6178, ""hsf_keff"": 4, ""hsf_l0"": 35.056, ""sparse_l"": 15.3399, ""sv_l"": 32.3399, ""feat_secs"": 0.010442, ""feat_secs_frame"": 0.000665, ""feat_secs_hsf"": 0.009662}"
arith,"arith:bits=12,h=4,reps=2",1,"{""bits"": 12.0, ""h"": 4.0, ""reps"": 2.0}",auto,ok,5.49252,5.5030,876314624,-0.06249999999999999,5,-0.06249999999999999,0.0,switched_at=Some(11) dense_qubits=5 peak_terms=8388608 term_visits=279918907 dense_ops=462,"{""n"": 25, ""gates"": 162, ""g2"": 96, ""g3"": 48, ""depth2"": 122, ""t_count"": 336, ""rotations"": 336, ""d"": 25, ""dense_l"": 32.6655, ""redundant"": 311, ""obs_zero"": false, ""frame_l"": 58.3923, ""chi_bits"": 8, ""mps_l"": 36.265, ""hsf_k"": 10, ""hsf_na"": 12, ""hsf_nb"": 13, ""hsf_l"": 29.056, ""sup"": 8, ""chi_bits0"": 12, ""mps_l0"": 43.6178, ""hsf_keff"": 4, ""hsf_l0"": 35.056, ""sparse_l"": 15.3399, ""sv_l"": 32.3399, ""feat_secs"": 0.010442, ""feat_secs_frame"": 0.000665, ""feat_secs_hsf"": 0.009662}"
arith,"arith:bits=12,h=6,reps=1",1,"{""bits"": 12.0, ""h"": 6.0, ""reps"": 1.0}",frame,ok,0.013694,0.0187,6012928,-0.0,16384,-0.0,0.0,switched_at=None dense_qubits=0 peak_terms=16384 term_visits=434171 dense_ops=0,"{""n"": 25, ""gates"": 91, ""g2"": 48, ""g3"": 24, ""depth2"": 61, ""t_count"": 168, ""rotations"": 168, ""d"": 25, ""dense_l"": 30.6179, ""redundant"": 143, ""obs_zero"": false, ""frame_l"": 57.3923, ""chi_bits"": 12, ""mps_l"": 42.0962, ""hsf_k"": 5, ""hsf_na"": 12, ""hsf_nb"": 13, ""hsf_l"": 29.0317, ""sup"": 12, ""chi_bits0"": 12, ""mps_l0"": 42.0962, ""hsf_keff"": 4, ""hsf_l0"": 30.0317, ""sparse_l"": 18.5078, ""sv_l"": 31.5078, ""feat_secs"": 0.008006, ""feat_secs_frame"": 0.000394, ""feat_secs_hsf"": 0.007521}"
arith,"arith:bits=12,h=6,reps=1",1,"{""bits"": 12.0, ""h"": 6.0, ""reps"": 1.0}",dense,ok,2.913076,2.9178,1212104704,-2.168404344971009e-18,25,-0.0,2.168404344971009e-18,switched_at=Some(128) dense_qubits=25 peak_terms=1 term_visits=0 dense_ops=976180542,"{""n"": 25, ""gates"": 91, ""g2"": 48, ""g3"": 24, ""depth2"": 61, ""t_count"": 168, ""rotations"": 168, ""d"": 25, ""dense_l"": 30.6179, ""redundant"": 143, ""obs_zero"": false, ""frame_l"": 57.3923, ""chi_bits"": 12, ""mps_l"": 42.0962, ""hsf_k"": 5, ""hsf_na"": 12, ""hsf_nb"": 13, ""hsf_l"": 29.0317, ""sup"": 12, ""chi_bits0"": 12, ""mps_l0"": 42.0962, ""hsf_keff"": 4, ""hsf_l0"": 30.0317, ""sparse_l"": 18.5078, ""sv_l"": 31.5078, ""feat_secs"": 0.008006, ""feat_secs_frame"": 0.000394, ""feat_secs_hsf"": 0.007521}"
arith,"arith:bits=12,h=6,reps=1",1,"{""bits"": 12.0, ""h"": 6.0, ""reps"": 1.0}",auto,ok,0.014228,0.0203,6078464,-0.0,0,-0.0,0.0,switched_at=None dense_qubits=0 peak_terms=16384 term_visits=434171 dense_ops=0,"{""n"": 25, ""gates"": 91, ""g2"": 48, ""g3"": 24, ""depth2"": 61, ""t_count"": 168, ""rotations"": 168, ""d"": 25, ""dense_l"": 30.6179, ""redundant"": 143, ""obs_zero"": false, ""frame_l"": 57.3923, ""chi_bits"": 12, ""mps_l"": 42.0962, ""hsf_k"": 5, ""hsf_na"": 12, ""hsf_nb"": 13, ""hsf_l"": 29.0317, ""sup"": 12, ""chi_bits0"": 12, ""mps_l0"": 42.0962, ""hsf_keff"": 4, ""hsf_l0"": 30.0317, ""sparse_l"": 18.5078, ""sv_l"": 31.5078, ""feat_secs"": 0.008006, ""feat_secs_frame"": 0.000394, ""feat_secs_hsf"": 0.007521}"
arith,"arith:bits=12,h=6,reps=4",1,"{""bits"": 12.0, ""h"": 6.0, ""reps"": 4.0}",frame,skipped,,,,,,,,,"{""n"": 25, ""gates"": 307, ""g2"": 192, ""g3"": 96, ""depth2"": 244, ""t_count"": 672, ""rotations"": 672, ""d"": 25, ""dense_l"": 34.1114, ""redundant"": 647, ""obs_zero"": false, ""frame_l"": 59.3923, ""chi_bits"": 12, ""mps_l"": 45.3113, ""hsf_k"": 20, ""hsf_na"": 12, ""hsf_nb"": 13, ""hsf_l"": 33.1043, ""sup"": 12, ""chi_bits0"": 12, ""mps_l0"": 45.3113, ""hsf_keff"": 8, ""hsf_l0"": 45.1043, ""sparse_l"": 20.2621, ""sv_l"": 33.2621, ""feat_secs"": 0.011437, ""feat_secs_frame"": 0.001537, ""feat_secs_hsf"": 0.009695}"
arith,"arith:bits=12,h=6,reps=4",1,"{""bits"": 12.0, ""h"": 6.0, ""reps"": 4.0}",dense,skipped,,,,,,,,,"{""n"": 25, ""gates"": 307, ""g2"": 192, ""g3"": 96, ""depth2"": 244, ""t_count"": 672, ""rotations"": 672, ""d"": 25, ""dense_l"": 34.1114, ""redundant"": 647, ""obs_zero"": false, ""frame_l"": 59.3923, ""chi_bits"": 12, ""mps_l"": 45.3113, ""hsf_k"": 20, ""hsf_na"": 12, ""hsf_nb"": 13, ""hsf_l"": 33.1043, ""sup"": 12, ""chi_bits0"": 12, ""mps_l0"": 45.3113, ""hsf_keff"": 8, ""hsf_l0"": 45.1043, ""sparse_l"": 20.2621, ""sv_l"": 33.2621, ""feat_secs"": 0.011437, ""feat_secs_frame"": 0.001537, ""feat_secs_hsf"": 0.009695}"
arith,"arith:bits=12,h=6,reps=4",1,"{""bits"": 12.0, ""h"": 6.0, ""reps"": 4.0}",auto,skipped,,,,,,,,,"{""n"": 25, ""gates"": 307, ""g2"": 192, ""g3"": 96, ""depth2"": 244, ""t_count"": 672, ""rotations"": 672, ""d"": 25, ""dense_l"": 34.1114, ""redundant"": 647, ""obs_zero"": false, ""frame_l"": 59.3923, ""chi_bits"": 12, ""mps_l"": 45.3113, ""hsf_k"": 20, ""hsf_na"": 12, ""hsf_nb"": 13, ""hsf_l"": 33.1043, ""sup"": 12, ""chi_bits0"": 12, ""mps_l0"": 45.3113, ""hsf_keff"": 8, ""hsf_l0"": 45.1043, ""sparse_l"": 20.2621, ""sv_l"": 33.2621, ""feat_secs"": 0.011437, ""feat_secs_frame"": 0.001537, ""feat_secs_hsf"": 0.009695}"
brick,"brick:n=12,D=2,nn=1",1,"{""n"": 12.0, ""D"": 2.0, ""nn"": 1.0}",frame,ok,1.151653,1.1598,629915648,-0.004470431060879976,6834375,-0.004470431060879949,2.688821387764051e-17,switched_at=None dense_qubits=0 peak_terms=6834375 term_visits=48077870 dense_ops=0,"{""n"": 12, ""gates"": 47, ""g2"": 11, ""g3"": 0, ""depth2"": 2, ""t_count"": 0, ""rotations"": 108, ""d"": 12, ""dense_l"": 18.2668, ""redundant"": 96, ""obs_zero"": false, ""frame_l"": 30.7549, ""chi_bits"": 1, ""mps_l"": 7.6147, ""hsf_k"": 1, ""hsf_na"": 6, ""hsf_nb"": 6, ""hsf_l"": 13.7944, ""sup"": 12, ""chi_bits0"": 1, ""mps_l0"": 7.6147, ""hsf_keff"": 1, ""hsf_l0"": 13.7944, ""sparse_l"": 17.5546, ""sv_l"": 17.5546, ""feat_secs"": 0.000768, ""feat_secs_frame"": 0.000183, ""feat_secs_hsf"": 0.000547}"
brick,"brick:n=12,D=2,nn=1",1,"{""n"": 12.0, ""D"": 2.0, ""nn"": 1.0}",dense,ok,0.000385,0.0076,2359296,-0.004470431060879949,12,-0.004470431060879949,0.0,switched_at=Some(84) dense_qubits=12 peak_terms=1 term_visits=0 dense_ops=221179,"{""n"": 12, ""gates"": 47, ""g2"": 11, ""g3"": 0, ""depth2"": 2, ""t_count"": 0, ""rotations"": 108, ""d"": 12, ""dense_l"": 18.2668, ""redundant"": 96, ""obs_zero"": false, ""frame_l"": 30.7549, ""chi_bits"": 1, ""mps_l"": 7.6147, ""hsf_k"": 1, ""hsf_na"": 6, ""hsf_nb"": 6, ""hsf_l"": 13.7944, ""sup"": 12, ""chi_bits0"": 1, ""mps_l0"": 7.6147, ""hsf_keff"": 1, ""hsf_l0"": 13.7944, ""sparse_l"": 17.5546, ""sv_l"": 17.5546, ""feat_secs"": 0.000768, ""feat_secs_frame"": 0.000183, ""feat_secs_hsf"": 0.000547}"
brick,"brick:n=12,D=2,nn=1",1,"{""n"": 12.0, ""D"": 2.0, ""nn"": 1.0}",auto,ok,0.928248,0.9383,704806912,-0.004470431060879839,12,-0.004470431060879949,1.1015494072452725e-16,switched_at=Some(37) dense_qubits=12 peak_terms=6834375 term_visits=17811352 dense_ops=218128379,"{""n"": 12, ""gates"": 47, ""g2"": 11, ""g3"": 0, ""depth2"": 2, ""t_count"": 0, ""rotations"": 108, ""d"": 12, ""dense_l"": 18.2668, ""redundant"": 96, ""obs_zero"": false, ""frame_l"": 30.7549, ""chi_bits"": 1, ""mps_l"": 7.6147, ""hsf_k"": 1, ""hsf_na"": 6, ""hsf_nb"": 6, ""hsf_l"": 13.7944, ""sup"": 12, ""chi_bits0"": 1, ""mps_l0"": 7.6147, ""hsf_keff"": 1, ""hsf_l0"": 13.7944, ""sparse_l"": 17.5546, ""sv_l"": 17.5546, ""feat_secs"": 0.000768, ""feat_secs_frame"": 0.000183, ""feat_secs_hsf"": 0.000547}"
brick,"brick:n=12,D=4,nn=1",1,"{""n"": 12.0, ""D"": 4.0, ""nn"": 1.0}",frame,timeout,,10.0128,1259782144,,,-0.01670877688668041,,timeout,"{""n"": 12, ""gates"": 82, ""g2"": 22, ""g3"": 0, ""depth2"": 4, ""t_count"": 0, ""rotations"": 180, ""d"": 12, ""dense_l"": 19.2192, ""redundant"": 168, ""obs_zero"": false, ""frame_l"": 31.4919, ""chi_bits"": 2, ""mps_l"": 10.1033, ""hsf_k"": 2, ""hsf_na"": 6, ""hsf_nb"": 6, ""hsf_l"": 15.1898, ""sup"": 12, ""chi_bits0"": 2, ""mps_l0"": 10.1033, ""hsf_keff"": 2, ""hsf_l0"": 15.1898, ""sparse_l"": 18.3576, ""sv_l"": 18.3576, ""feat_secs"": 0.000895, ""feat_secs_frame"": 0.000282, ""feat_secs_hsf"": 0.000563}"
brick,"brick:n=12,D=4,nn=1",1,"{""n"": 12.0, ""D"": 4.0, ""nn"": 1.0}",dense,ok,0.000612,0.0068,2392064,-0.01670877688668041,12,-0.01670877688668041,0.0,switched_at=Some(132) dense_qubits=12 peak_terms=1 term_visits=0 dense_ops=417787,"{""n"": 12, ""gates"": 82, ""g2"": 22, ""g3"": 0, ""depth2"": 4, ""t_count"": 0, ""rotations"": 180, ""d"": 12, ""dense_l"": 19.2192, ""redundant"": 168, ""obs_zero"": false, ""frame_l"": 31.4919, ""chi_bits"": 2, ""mps_l"": 10.1033, ""hsf_k"": 2, ""hsf_na"": 6, ""hsf_nb"": 6, ""hsf_l"": 15.1898, ""sup"": 12, ""chi_bits0"": 2, ""mps_l0"": 10.1033, ""hsf_keff"": 2, ""hsf_l0"": 15.1898, ""sparse_l"": 18.3576, ""sv_l"": 18.3576, ""feat_secs"": 0.000895, ""feat_secs_frame"": 0.000282, ""feat_secs_hsf"": 0.000563}"
brick,"brick:n=12,D=4,nn=1",1,"{""n"": 12.0, ""D"": 4.0, ""nn"": 1.0}",auto,ok,0.880058,0.8889,705101824,-0.01670877688668167,12,-0.01670877688668041,1.259409243559162e-15,switched_at=Some(85) dense_qubits=12 peak_terms=6834375 term_visits=17811352 dense_ops=218324987,"{""n"": 12, ""gates"": 82, ""g2"": 22, ""g3"": 0, ""depth2"": 4, ""t_count"": 0, ""rotations"": 180, ""d"": 12, ""dense_l"": 19.2192, ""redundant"": 168, ""obs_zero"": false, ""frame_l"": 31.4919, ""chi_bits"": 2, ""mps_l"": 10.1033, ""hsf_k"": 2, ""hsf_na"": 6, ""hsf_nb"": 6, ""hsf_l"": 15.1898, ""sup"": 12, ""chi_bits0"": 2, ""mps_l0"": 10.1033, ""hsf_keff"": 2, ""hsf_l0"": 15.1898, ""sparse_l"": 18.3576, ""sv_l"": 18.3576, ""feat_secs"": 0.000895, ""feat_secs_frame"": 0.000282, ""feat_secs_hsf"": 0.000563}"
brick,"brick:n=12,D=8,nn=1",1,"{""n"": 12.0, ""D"": 8.0, ""nn"": 1.0}",frame,skipped,,,,,,-0.01605576551847806,,,"{""n"": 12, ""gates"": 152, ""g2"": 44, ""g3"": 0, ""depth2"": 8, ""t_count"": 0, ""rotations"": 324, ""d"": 12, ""dense_l"": 20.1948, ""redundant"": 312, ""obs_zero"": false, ""frame_l"": 32.3399, ""chi_bits"": 4, ""mps_l"": 14.9014, ""hsf_k"": 4, ""hsf_na"": 6, ""hsf_nb"": 6, ""hsf_l"": 17.7549, ""sup"": 12, ""chi_bits0"": 4, ""mps_l0"": 14.9014, ""hsf_keff"": 4, ""hsf_l0"": 17.7549, ""sparse_l"": 19.2479, ""sv_l"": 19.2479, ""feat_secs"": 0.00137, ""feat_secs_frame"": 0.00062, ""feat_secs_hsf"": 0.000669}"
brick,"brick:n=12,D=8,nn=1",1,"{""n"": 12.0, ""D"": 8.0, ""nn"": 1.0}",dense,ok,0.001185,0.0066,2441216,-0.01605576551847951,12,-0.01605576551847806,1.4502288259166107e-15,switched_at=Some(228) dense_qubits=12 peak_terms=1 term_visits=0 dense_ops=811003,"{""n"": 12, ""gates"": 152, ""g2"": 44, ""g3"": 0, ""depth2"": 8, ""t_count"": 0, ""rotations"": 324, ""d"": 12, ""dense_l"": 20.1948, ""redundant"": 312, ""obs_zero"": false, ""frame_l"": 32.3399, ""chi_bits"": 4, ""mps_l"": 14.9014, ""hsf_k"": 4, ""hsf_na"": 6, ""hsf_nb"": 6, ""hsf_l"": 17.7549, ""sup"": 12, ""chi_bits0"": 4, ""mps_l0"": 14.9014, ""hsf_keff"": 4, ""hsf_l0"": 17.7549, ""sparse_l"": 19.2479, ""sv_l"": 19.2479, ""feat_secs"": 0.00137, ""feat_secs_frame"": 0.00062, ""feat_secs_hsf"": 0.000669}"
brick,"brick:n=12,D=8,nn=1",1,"{""n"": 12.0, ""D"": 8.0, ""nn"": 1.0}",auto,ok,0.939356,0.9480,705150976,-0.01605576551847806,12,-0.01605576551847806,0.0,switched_at=Some(181) dense_qubits=12 peak_terms=6834375 term_visits=17811352 dense_ops=218718203,"{""n"": 12, ""gates"": 152, ""g2"": 44, ""g3"": 0, ""depth2"": 8, ""t_count"": 0, ""rotations"": 324, ""d"": 12, ""dense_l"": 20.1948, ""redundant"": 312, ""obs_zero"": false, ""frame_l"": 32.3399, ""chi_bits"": 4, ""mps_l"": 14.9014, ""hsf_k"": 4, ""hsf_na"": 6, ""hsf_nb"": 6, ""hsf_l"": 17.7549, ""sup"": 12, ""chi_bits0"": 4, ""mps_l0"": 14.9014, ""hsf_keff"": 4, ""hsf_l0"": 17.7549, ""sparse_l"": 19.2479, ""sv_l"": 19.2479, ""feat_secs"": 0.00137, ""feat_secs_frame"": 0.00062, ""feat_secs_hsf"": 0.000669}"
brick,"brick:n=12,D=16,nn=1",1,"{""n"": 12.0, ""D"": 16.0, ""nn"": 1.0}",frame,skipped,,,,,,0.0167414666456217,,,"{""n"": 12, ""gates"": 292, ""g2"": 88, ""g3"": 0, ""depth2"": 16, ""t_count"": 0, ""rotations"": 612, ""d"": 12, ""dense_l"": 21.1824, ""redundant"": 600, ""obs_zero"": false, ""frame_l"": 33.2574, ""chi_bits"": 6, ""mps_l"": 20.2165, ""hsf_k"": 8, ""hsf_na"": 6, ""hsf_nb"": 6, ""hsf_l"": 22.4757, ""sup"": 12, ""chi_bits0"": 6, ""mps_l0"": 20.2165, ""hsf_keff"": 8, ""hsf_l0"": 22.4757, ""sparse_l"": 20.1898, ""sv_l"": 20.1898, ""feat_secs"": 0.001675, ""feat_secs_frame"": 0.00089, ""feat_secs_hsf"": 0.000644}"
brick,"brick:n=12,D=16,nn=1",1,"{""n"": 12.0, ""D"": 16.0, ""nn"": 1.0}",dense,ok,0.002284,0.0088,2523136,0.0167414666456217,12,0.0167414666456217,0.0,switched_at=Some(420) dense_qubits=12 peak_terms=1 term_visits=0 dense_ops=1597435,"{""n"": 12, ""gates"": 292, ""g2"": 88, ""g3"": 0, ""depth2"": 16, ""t_count"": 0, ""rotations"": 612, ""d"": 12, ""dense_l"": 21.1824, ""redundant"": 600, ""obs_zero"": false, ""frame_l"": 33.2574, ""chi_bits"": 6, ""mps_l"": 20.2165, ""hsf_k"": 8, ""hsf_na"": 6, ""hsf_nb"": 6, ""hsf_l"": 22.4757, ""sup"": 12, ""chi_bits0"": 6, ""mps_l0"": 20.2165, ""hsf_keff"": 8, ""hsf_l0"": 22.4757, ""sparse_l"": 20.1898, ""sv_l"": 20.1898, ""feat_secs"": 0.001675, ""feat_secs_frame"": 0.00089, ""feat_secs_hsf"": 0.000644}"
brick,"brick:n=12,D=16,nn=1",1,"{""n"": 12.0, ""D"": 16.0, ""nn"": 1.0}",auto,ok,0.913657,0.9213,705216512,0.01674146664562097,12,0.0167414666456217,7.28583859910259e-16,switched_at=Some(373) dense_qubits=12 peak_terms=6834375 term_visits=17811352 dense_ops=219504635,"{""n"": 12, ""gates"": 292, ""g2"": 88, ""g3"": 0, ""depth2"": 16, ""t_count"": 0, ""rotations"": 612, ""d"": 12, ""dense_l"": 21.1824, ""redundant"": 600, ""obs_zero"": false, ""frame_l"": 33.2574, ""chi_bits"": 6, ""mps_l"": 20.2165, ""hsf_k"": 8, ""hsf_na"": 6, ""hsf_nb"": 6, ""hsf_l"": 22.4757, ""sup"": 12, ""chi_bits0"": 6, ""mps_l0"": 20.2165, ""hsf_keff"": 8, ""hsf_l0"": 22.4757, ""sparse_l"": 20.1898, ""sv_l"": 20.1898, ""feat_secs"": 0.001675, ""feat_secs_frame"": 0.00089, ""feat_secs_hsf"": 0.000644}"
brick,"brick:n=16,D=2,nn=1",1,"{""n"": 16.0, ""D"": 2.0, ""nn"": 1.0}",frame,toolarge,,1.2370,1235189760,,,0.001018132369881996,,"TooManyTerms { terms: 16848000, limit: 16777216 }","{""n"": 16, ""gates"": 63, ""g2"": 15, ""g3"": 0, ""depth2"": 2, ""t_count"": 0, ""rotations"": 144, ""d"": 16, ""dense_l"": 22.6582, ""redundant"": 128, ""obs_zero"": false, ""frame_l"": 39.1699, ""chi_bits"": 1, ""mps_l"": 8.0444, ""hsf_k"": 1, ""hsf_na"": 8, ""hsf_nb"": 8, ""hsf_l"": 17.3174, ""sup"": 16, ""chi_bits0"": 1, ""mps_l0"": 8.0444, ""hsf_keff"": 1, ""hsf_l0"": 17.3174, ""sparse_l"": 21.9773, ""sv_l"": 21.9773, ""feat_secs"": 0.001672, ""feat_secs_frame"": 0.000242, ""feat_secs_hsf"": 0.001384}"
brick,"brick:n=16,D=2,nn=1",1,"{""n"": 16.0, ""D"": 2.0, ""nn"": 1.0}",dense,ok,0.011396,0.0176,5111808,0.001018132369881996,16,0.001018132369881996,0.0,switched_at=Some(112) dense_qubits=16 peak_terms=1 term_visits=0 dense_ops=4587515,"{""n"": 16, ""gates"": 63, ""g2"": 15, ""g3"": 0, ""depth2"": 2, ""t_count"": 0, ""rotations"": 144, ""d"": 16, ""dense_l"": 22.6582, ""redundant"": 128, ""obs_zero"": false, ""frame_l"": 39.1699, ""chi_bits"": 1, ""mps_l"": 8.0444, ""hsf_k"": 1, ""hsf_na"": 8, ""hsf_nb"": 8, ""hsf_l"": 17.3174, ""sup"": 16, ""chi_bits0"": 1, ""mps_l0"": 8.0444, ""hsf_keff"": 1, ""hsf_l0"": 17.3174, ""sparse_l"": 21.9773, ""sv_l"": 21.9773, ""feat_secs"": 0.001672, ""feat_secs_frame"": 0.000242, ""feat_secs_hsf"": 0.001384}"
brick,"brick:n=16,D=2,nn=1",1,"{""n"": 16.0, ""D"": 2.0, ""nn"": 1.0}",auto,timeout,,10.0139,1620475904,,,0.001018132369881996,,timeout,"{""n"": 16, ""gates"": 63, ""g2"": 15, ""g3"": 0, ""depth2"": 2, ""t_count"": 0, ""rotations"": 144, ""d"": 16, ""dense_l"": 22.6582, ""redundant"": 128, ""obs_zero"": false, ""frame_l"": 39.1699, ""chi_bits"": 1, ""mps_l"": 8.0444, ""hsf_k"": 1, ""hsf_na"": 8, ""hsf_nb"": 8, ""hsf_l"": 17.3174, ""sup"": 16, ""chi_bits0"": 1, ""mps_l0"": 8.0444, ""hsf_keff"": 1, ""hsf_l0"": 17.3174, ""sparse_l"": 21.9773, ""sv_l"": 21.9773, ""feat_secs"": 0.001672, ""feat_secs_frame"": 0.000242, ""feat_secs_hsf"": 0.001384}"
brick,"brick:n=16,D=4,nn=1",1,"{""n"": 16.0, ""D"": 4.0, ""nn"": 1.0}",frame,skipped,,,,,,-0.001155932712105672,,,"{""n"": 16, ""gates"": 110, ""g2"": 30, ""g3"": 0, ""depth2"": 4, ""t_count"": 0, ""rotations"": 240, ""d"": 16, ""dense_l"": 23.6221, ""redundant"": 224, ""obs_zero"": false, ""frame_l"": 39.9069, ""chi_bits"": 2, ""mps_l"": 10.5999, ""hsf_k"": 2, ""hsf_na"": 8, ""hsf_nb"": 8, ""hsf_l"": 18.5157, ""sup"": 16, ""chi_bits0"": 2, ""mps_l0"": 10.5999, ""hsf_keff"": 2, ""hsf_l0"": 18.5157, ""sparse_l"": 22.7814, ""sv_l"": 22.7814, ""feat_secs"": 0.001808, ""feat_secs_frame"": 0.000351, ""feat_secs_hsf"": 0.001395}"
brick,"brick:n=16,D=4,nn=1",1,"{""n"": 16.0, ""D"": 4.0, ""nn"": 1.0}",dense,ok,0.020367,0.0265,5144576,-0.001155932712105672,16,-0.001155932712105672,0.0,switched_at=Some(176) dense_qubits=16 peak_terms=1 term_visits=0 dense_ops=8781819,"{""n"": 16, ""gates"": 110, ""g2"": 30, ""g3"": 0, ""depth2"": 4, ""t_count"": 0, ""rotations"": 240, ""d"": 16, ""dense_l"": 23.6221, ""redundant"": 224, ""obs_zero"": false, ""frame_l"": 39.9069, ""chi_bits"": 2, ""mps_l"": 10.5999, ""hsf_k"": 2, ""hsf_na"": 8, ""hsf_nb"": 8, ""hsf_l"": 18.5157, ""sup"": 16, ""chi_bits0"": 2, ""mps_l0"": 10.5999, ""hsf_keff"": 2, ""hsf_l0"": 18.5157, ""sparse_l"": 22.7814, ""sv_l"": 22.7814, ""feat_secs"": 0.001808, ""feat_secs_frame"": 0.000351, ""feat_secs_hsf"": 0.001395}"
brick,"brick:n=16,D=4,nn=1",1,"{""n"": 16.0, ""D"": 4.0, ""nn"": 1.0}",auto,skipped,,,,,,-0.001155932712105672,,,"{""n"": 16, ""gates"": 110, ""g2"": 30, ""g3"": 0, ""depth2"": 4, ""t_count"": 0, ""rotations"": 240, ""d"": 16, ""dense_l"": 23.6221, ""redundant"": 224, ""obs_zero"": false, ""frame_l"": 39.9069, ""chi_bits"": 2, ""mps_l"": 10.5999, ""hsf_k"": 2, ""hsf_na"": 8, ""hsf_nb"": 8, ""hsf_l"": 18.5157, ""sup"": 16, ""chi_bits0"": 2, ""mps_l0"": 10.5999, ""hsf_keff"": 2, ""hsf_l0"": 18.5157, ""sparse_l"": 22.7814, ""sv_l"": 22.7814, ""feat_secs"": 0.001808, ""feat_secs_frame"": 0.000351, ""feat_secs_hsf"": 0.001395}"
brick,"brick:n=16,D=8,nn=1",1,"{""n"": 16.0, ""D"": 8.0, ""nn"": 1.0}",frame,skipped,,,,,,0.001757095027940149,,,"{""n"": 16, ""gates"": 204, ""g2"": 60, ""g3"": 0, ""depth2"": 8, ""t_count"": 0, ""rotations"": 432, ""d"": 16, ""dense_l"": 24.6036, ""redundant"": 416, ""obs_zero"": false, ""frame_l"": 40.7549, ""chi_bits"": 4, ""mps_l"": 15.6676, ""hsf_k"": 4, ""hsf_na"": 8, ""hsf_nb"": 8, ""hsf_l"": 20.8455, ""sup"": 16, ""chi_bits0"": 4, ""mps_l0"": 15.6676, ""hsf_keff"": 4, ""hsf_l0"": 20.8455, ""sparse_l"": 23.6724, ""sv_l"": 23.6724, ""feat_secs"": 0.002126, ""feat_secs_frame"": 0.000595, ""feat_secs_hsf"": 0.001426}"
brick,"brick:n=16,D=8,nn=1",1,"{""n"": 16.0, ""D"": 8.0, ""nn"": 1.0}",dense,ok,0.041012,0.0478,5210112,0.001757095027940149,16,0.001757095027940149,0.0,switched_at=Some(304) dense_qubits=16 peak_terms=1 term_visits=0 dense_ops=17170427,"{""n"": 16, ""gates"": 204, ""g2"": 60, ""g3"": 0, ""depth2"": 8, ""t_count"": 0, ""rotations"": 432, ""d"": 16, ""dense_l"": 24.6036, ""redundant"": 416, ""obs_zero"": false, ""frame_l"": 40.7549, ""chi_bits"": 4, ""mps_l"": 15.6676, ""hsf_k"": 4, ""hsf_na"": 8, ""hsf_nb"": 8, ""hsf_l"": 20.8455, ""sup"": 16, ""chi_bits0"": 4, ""mps_l0"": 15.6676, ""hsf_keff"": 4, ""hsf_l0"": 20.8455, ""sparse_l"": 23.6724, ""sv_l"": 23.6724, ""feat_secs"": 0.002126, ""feat_secs_frame"": 0.000595, ""feat_secs_hsf"": 0.001426}"
brick,"brick:n=16,D=8,nn=1",1,"{""n"": 16.0, ""D"": 8.0, ""nn"": 1.0}",auto,skipped,,,,,,0.001757095027940149,,,"{""n"": 16, ""gates"": 204, ""g2"": 60, ""g3"": 0, ""depth2"": 8, ""t_count"": 0, ""rotations"": 432, ""d"": 16, ""dense_l"": 24.6036, ""redundant"": 416, ""obs_zero"": false, ""frame_l"": 40.7549, ""chi_bits"": 4, ""mps_l"": 15.6676, ""hsf_k"": 4, ""hsf_na"": 8, ""hsf_nb"": 8, ""hsf_l"": 20.8455, ""sup"": 16, ""chi_bits0"": 4, ""mps_l0"": 15.6676, ""hsf_keff"": 4, ""hsf_l0"": 20.8455, ""sparse_l"": 23.6724, ""sv_l"": 23.6724, ""feat_secs"": 0.002126, ""feat_secs_frame"": 0.000595, ""feat_secs_hsf"": 0.001426}"
brick,"brick:n=16,D=16,nn=1",1,"{""n"": 16.0, ""D"": 16.0, ""nn"": 1.0}",frame,skipped,,,,,,0.001147588366949411,,,"{""n"": 16, ""gates"": 392, ""g2"": 120, ""g3"": 0, ""depth2"": 16, ""t_count"": 0, ""rotations"": 816, ""d"": 16, ""dense_l"": 25.5943, ""redundant"": 800, ""obs_zero"": false, ""frame_l"": 41.6724, ""chi_bits"": 8, ""mps_l"": 24.8674, ""hsf_k"": 8, ""hsf_na"": 8, ""hsf_nb"": 8, ""hsf_l"": 25.3399, ""sup"": 16, ""chi_bits0"": 8, ""mps_l0"": 24.8674, ""hsf_keff"": 8, ""hsf_l0"": 25.3399, ""sparse_l"": 24.6147, ""sv_l"": 24.6147, ""feat_secs"": 0.002669, ""feat_secs_frame"": 0.001048, ""feat_secs_hsf"": 0.001454}"
brick,"brick:n=16,D=16,nn=1",1,"{""n"": 16.0, ""D"": 16.0, ""nn"": 1.0}",dense,ok,0.079092,0.0847,5390336,0.001147588366949411,16,0.001147588366949411,0.0,switched_at=Some(560) dense_qubits=16 peak_terms=1 term_visits=0 dense_ops=33947643,"{""n"": 16, ""gates"": 392, ""g2"": 120, ""g3"": 0, ""depth2"": 16, ""t_count"": 0, ""rotations"": 816, ""d"": 16, ""dense_l"": 25.5943, ""redundant"": 800, ""obs_zero"": false, ""frame_l"": 41.6724, ""chi_bits"": 8, ""mps_l"": 24.8674, ""hsf_k"": 8, ""hsf_na"": 8, ""hsf_nb"": 8, ""hsf_l"": 25.3399, ""sup"": 16, ""chi_bits0"": 8, ""mps_l0"": 24.8674, ""hsf_keff"": 8, ""hsf_l0"": 25.3399, ""sparse_l"": 24.6147, ""sv_l"": 24.6147, ""feat_secs"": 0.002669, ""feat_secs_frame"": 0.001048, ""feat_secs_hsf"": 0.001454}"
brick,"brick:n=16,D=16,nn=1",1,"{""n"": 16.0, ""D"": 16.0, ""nn"": 1.0}",auto,skipped,,,,,,0.001147588366949411,,,"{""n"": 16, ""gates"": 392, ""g2"": 120, ""g3"": 0, ""depth2"": 16, ""t_count"": 0, ""rotations"": 816, ""d"": 16, ""dense_l"": 25.5943, ""redundant"": 800, ""obs_zero"": false, ""frame_l"": 41.6724, ""chi_bits"": 8, ""mps_l"": 24.8674, ""hsf_k"": 8, ""hsf_na"": 8, ""hsf_nb"": 8, ""hsf_l"": 25.3399, ""sup"": 16, ""chi_bits0"": 8, ""mps_l0"": 24.8674, ""hsf_keff"": 8, ""hsf_l0"": 25.3399, ""sparse_l"": 24.6147, ""sv_l"": 24.6147, ""feat_secs"": 0.002669, ""feat_secs_frame"": 0.001048, ""feat_secs_hsf"": 0.001454}"
brick,"brick:n=20,D=2,nn=1",1,"{""n"": 20.0, ""D"": 2.0, ""nn"": 1.0}",frame,skipped,,,,,,-1.877793617991198e-06,,,"{""n"": 20, ""gates"": 79, ""g2"": 19, ""g3"": 0, ""depth2"": 2, ""t_count"": 0, ""rotations"": 180, ""d"": 20, ""dense_l"": 26.9658, ""redundant"": 160, ""obs_zero"": false, ""frame_l"": 47.4919, ""chi_bits"": 1, ""mps_l"": 8.375, ""hsf_k"": 1, ""hsf_na"": 10, ""hsf_nb"": 10, ""hsf_l"": 21.1072, ""sup"": 20, ""chi_bits0"": 1, ""mps_l0"": 8.375, ""hsf_keff"": 1, ""hsf_l0"": 21.1072, ""sparse_l"": 26.3038, ""sv_l"": 26.3038, ""feat_secs"": 0.003347, ""feat_secs_frame"": 0.000433, ""feat_secs_hsf"": 0.002862}"
brick,"brick:n=20,D=2,nn=1",1,"{""n"": 20.0, ""D"": 2.0, ""nn"": 1.0}",dense,ok,0.190764,0.1975,41861120,-1.877793617991198e-06,20,-1.877793617991198e-06,0.0,switched_at=Some(140) dense_qubits=20 peak_terms=1 term_visits=0 dense_ops=90177531,"{""n"": 20, ""gates"": 79, ""g2"": 19, ""g3"": 0, ""depth2"": 2, ""t_count"": 0, ""rotations"": 180, ""d"": 20, ""dense_l"": 26.9658, ""redundant"": 160, ""obs_zero"": false, ""frame_l"": 47.4919, ""chi_bits"": 1, ""mps_l"": 8.375, ""hsf_k"": 1, ""hsf_na"": 10, ""hsf_nb"": 10, ""hsf_l"": 21.1072, ""sup"": 20, ""chi_bits0"": 1, ""mps_l0"": 8.375, ""hsf_keff"": 1, ""hsf_l0"": 21.1072, ""sparse_l"": 26.3038, ""sv_l"": 26.3038, ""feat_secs"": 0.003347, ""feat_secs_frame"": 0.000433, ""feat_secs_hsf"": 0.002862}"
brick,"brick:n=20,D=2,nn=1",1,"{""n"": 20.0, ""D"": 2.0, ""nn"": 1.0}",auto,skipped,,,,,,-1.877793617991198e-06,,,"{""n"": 20, ""gates"": 79, ""g2"": 19, ""g3"": 0, ""depth2"": 2, ""t_count"": 0, ""rotations"": 180, ""d"": 20, ""dense_l"": 26.9658, ""redundant"": 160, ""obs_zero"": false, ""frame_l"": 47.4919, ""chi_bits"": 1, ""mps_l"": 8.375, ""hsf_k"": 1, ""hsf_na"": 10, ""hsf_nb"": 10, ""hsf_l"": 21.1072, ""sup"": 20, ""chi_bits0"": 1, ""mps_l0"": 8.375, ""hsf_keff"": 1, ""hsf_l0"": 21.1072, ""sparse_l"": 26.3038, ""sv_l"": 26.3038, ""feat_secs"": 0.003347, ""feat_secs_frame"": 0.000433, ""feat_secs_hsf"": 0.002862}"
brick,"brick:n=20,D=4,nn=1",1,"{""n"": 20.0, ""D"": 4.0, ""nn"": 1.0}",frame,skipped,,,,,,-0.0004771397532092345,,,"{""n"": 20, ""gates"": 138, ""g2"": 38, ""g3"": 0, ""depth2"": 4, ""t_count"": 0, ""rotations"": 300, ""d"": 20, ""dense_l"": 27.9366, ""redundant"": 280, ""obs_zero"": false, ""frame_l"": 48.2288, ""chi_bits"": 2, ""mps_l"": 10.9687, ""hsf_k"": 2, ""hsf_na"": 10, ""hsf_nb"": 10, ""hsf_l"": 22.1824, ""sup"": 20, ""chi_bits0"": 2, ""mps_l0"": 10.9687, ""hsf_keff"": 2, ""hsf_l0"": 22.1824, ""sparse_l"": 27.1085, ""sv_l"": 27.1085, ""feat_secs"": 0.003096, ""feat_secs_frame"": 0.000441, ""feat_secs_hsf"": 0.00259}"
brick,"brick:n=20,D=4,nn=1",1,"{""n"": 20.0, ""D"": 4.0, ""nn"": 1.0}",dense,ok,0.372136,0.3785,41910272,-0.0004771397532092345,20,-0.0004771397532092345,0.0,switched_at=Some(220) dense_qubits=20 peak_terms=1 term_visits=0 dense_ops=174063611,"{""n"": 20, ""gates"": 138, ""g2"": 38, ""g3"": 0, ""depth2"": 4, ""t_count"": 0, ""rotations"": 300, ""d"": 20, ""dense_l"": 27.9366, ""redundant"": 280, ""obs_zero"": false, ""frame_l"": 48.2288, ""chi_bits"": 2, ""mps_l"": 10.9687, ""hsf_k"": 2, ""hsf_na"": 10, ""hsf_nb"": 10, ""hsf_l"": 22.1824, ""sup"": 20, ""chi_bits0"": 2, ""mps_l0"": 10.9687, ""hsf_keff"": 2, ""hsf_l0"": 22.1824, ""sparse_l"": 27.1085, ""sv_l"": 27.1085, ""feat_secs"": 0.003096, ""feat_secs_frame"": 0.000441, ""feat_secs_hsf"": 0.00259}"
brick,"brick:n=20,D=4,nn=1",1,"{""n"": 20.0, ""D"": 4.0, ""nn"": 1.0}",auto,skipped,,,,,,-0.0004771397532092345,,,"{""n"": 20, ""gates"": 138, ""g2"": 38, ""g3"": 0, ""depth2"": 4, ""t_count"": 0, ""rotations"": 300, ""d"": 20, ""dense_l"": 27.9366, ""redundant"": 280, ""obs_zero"": false, ""frame_l"": 48.2288, ""chi_bits"": 2, ""mps_l"": 10.9687, ""hsf_k"": 2, ""hsf_na"": 10, ""hsf_nb"": 10, ""hsf_l"": 22.1824, ""sup"": 20, ""chi_bits0"": 2, ""mps_l0"": 10.9687, ""hsf_keff"": 2, ""hsf_l0"": 22.1824, ""sparse_l"": 27.1085, ""sv_l"": 27.1085, ""feat_secs"": 0.003096, ""feat_secs_frame"": 0.000441, ""feat_secs_hsf"": 0.00259}"
brick,"brick:n=20,D=8,nn=1",1,"{""n"": 20.0, ""D"": 8.0, ""nn"": 1.0}",frame,skipped,,,,,,0.0001661859618688487,,,"{""n"": 20, ""gates"": 256, ""g2"": 76, ""g3"": 0, ""depth2"": 8, ""t_count"": 0, ""rotations"": 540, ""d"": 20, ""dense_l"": 28.9218, ""redundant"": 520, ""obs_zero"": false, ""frame_l"": 49.0768, ""chi_bits"": 4, ""mps_l"": 16.1653, ""hsf_k"": 4, ""hsf_na"": 10, ""hsf_nb"": 10, ""hsf_l"": 24.3219, ""sup"": 20, ""chi_bits0"": 4, ""mps_l0"": 16.1653, ""hsf_keff"": 4, ""hsf_l0"": 24.3219, ""sparse_l"": 28.0, ""sv_l"": 28.0, ""feat_secs"": 0.003682, ""feat_secs_frame"": 0.000952, ""feat_secs_hsf"": 0.002582}"
brick,"brick:n=20,D=8,nn=1",1,"{""n"": 20.0, ""D"": 8.0, ""nn"": 1.0}",dense,ok,0.733918,0.7384,42024960,0.0001661859618688487,20,0.0001661859618688487,0.0,switched_at=Some(380) dense_qubits=20 peak_terms=1 term_visits=0 dense_ops=341835771,"{""n"": 20, ""gates"": 256, ""g2"": 76, ""g3"": 0, ""depth2"": 8, ""t_count"": 0, ""rotations"": 540, ""d"": 20, ""dense_l"": 28.9218, ""redundant"": 520, ""obs_zero"": false, ""frame_l"": 49.0768, ""chi_bits"": 4, ""mps_l"": 16.1653, ""hsf_k"": 4, ""hsf_na"": 10, ""hsf_nb"": 10, ""hsf_l"": 24.3219, ""sup"": 20, ""chi_bits0"": 4, ""mps_l0"": 16.1653, ""hsf_keff"": 4, ""hsf_l0"": 24.3219, ""sparse_l"": 28.0, ""sv_l"": 28.0, ""feat_secs"": 0.003682, ""feat_secs_frame"": 0.000952, ""feat_secs_hsf"": 0.002582}"
brick,"brick:n=20,D=8,nn=1",1,"{""n"": 20.0, ""D"": 8.0, ""nn"": 1.0}",auto,skipped,,,,,,0.0001661859618688487,,,"{""n"": 20, ""gates"": 256, ""g2"": 76, ""g3"": 0, ""depth2"": 8, ""t_count"": 0, ""rotations"": 540, ""d"": 20, ""dense_l"": 28.9218, ""redundant"": 520, ""obs_zero"": false, ""frame_l"": 49.0768, ""chi_bits"": 4, ""mps_l"": 16.1653, ""hsf_k"": 4, ""hsf_na"": 10, ""hsf_nb"": 10, ""hsf_l"": 24.3219, ""sup"": 20, ""chi_bits0"": 4, ""mps_l0"": 16.1653, ""hsf_keff"": 4, ""hsf_l0"": 24.3219, ""sparse_l"": 28.0, ""sv_l"": 28.0, ""feat_secs"": 0.003682, ""feat_secs_frame"": 0.000952, ""feat_secs_hsf"": 0.002582}"
brick,"brick:n=20,D=16,nn=1",1,"{""n"": 20.0, ""D"": 16.0, ""nn"": 1.0}",frame,skipped,,,,,,0.000422930265822652,,,"{""n"": 20, ""gates"": 492, ""g2"": 152, ""g3"": 0, ""depth2"": 16, ""t_count"": 0, ""rotations"": 1020, ""d"": 20, ""dense_l"": 29.9144, ""redundant"": 1000, ""obs_zero"": false, ""frame_l"": 49.9944, ""chi_bits"": 8, ""mps_l"": 26.6865, ""hsf_k"": 8, ""hsf_na"": 10, ""hsf_nb"": 10, ""hsf_l"": 28.5661, ""sup"": 20, ""chi_bits0"": 8, ""mps_l0"": 26.6865, ""hsf_keff"": 8, ""hsf_l0"": 28.5661, ""sparse_l"": 28.9425, ""sv_l"": 28.9425, ""feat_secs"": 0.004126, ""feat_secs_frame"": 0.001323, ""feat_secs_hsf"": 0.002604}"
brick,"brick:n=20,D=16,nn=1",1,"{""n"": 20.0, ""D"": 16.0, ""nn"": 1.0}",dense,ok,1.467741,1.4720,42139648,0.000422930265822652,20,0.000422930265822652,0.0,switched_at=Some(700) dense_qubits=20 peak_terms=1 term_visits=0 dense_ops=677380091,"{""n"": 20, ""gates"": 492, ""g2"": 152, ""g3"": 0, ""depth2"": 16, ""t_count"": 0, ""rotations"": 1020, ""d"": 20, ""dense_l"": 29.9144, ""redundant"": 1000, ""obs_zero"": false, ""frame_l"": 49.9944, ""chi_bits"": 8, ""mps_l"": 26.6865, ""hsf_k"": 8, ""hsf_na"": 10, ""hsf_nb"": 10, ""hsf_l"": 28.5661, ""sup"": 20, ""chi_bits0"": 8, ""mps_l0"": 26.6865, ""hsf_keff"": 8, ""hsf_l0"": 28.5661, ""sparse_l"": 28.9425, ""sv_l"": 28.9425, ""feat_secs"": 0.004126, ""feat_secs_frame"": 0.001323, ""feat_secs_hsf"": 0.002604}"
brick,"brick:n=20,D=16,nn=1",1,"{""n"": 20.0, ""D"": 16.0, ""nn"": 1.0}",auto,skipped,,,,,,0.000422930265822652,,,"{""n"": 20, ""gates"": 492, ""g2"": 152, ""g3"": 0, ""depth2"": 16, ""t_count"": 0, ""rotations"": 1020, ""d"": 20, ""dense_l"": 29.9144, ""redundant"": 1000, ""obs_zero"": false, ""frame_l"": 49.9944, ""chi_bits"": 8, ""mps_l"": 26.6865, ""hsf_k"": 8, ""hsf_na"": 10, ""hsf_nb"": 10, ""hsf_l"": 28.5661, ""sup"": 20, ""chi_bits0"": 8, ""mps_l0"": 26.6865, ""hsf_keff"": 8, ""hsf_l0"": 28.5661, ""sparse_l"": 28.9425, ""sv_l"": 28.9425, ""feat_secs"": 0.004126, ""feat_secs_frame"": 0.001323, ""feat_secs_hsf"": 0.002604}"
brick,"brick:n=24,D=2,nn=1",1,"{""n"": 24.0, ""D"": 2.0, ""nn"": 1.0}",frame,skipped,,,,,,-2.863900769575245e-07,,,"{""n"": 24, ""gates"": 95, ""g2"": 23, ""g3"": 0, ""depth2"": 2, ""t_count"": 0, ""rotations"": 216, ""d"": 24, ""dense_l"": 31.2192, ""redundant"": 192, ""obs_zero"": false, ""frame_l"": 55.7549, ""chi_bits"": 1, ""mps_l"": 8.6439, ""hsf_k"": 1, ""hsf_na"": 12, ""hsf_nb"": 12, ""hsf_l"": 25.0331, ""sup"": 24, ""chi_bits0"": 1, ""mps_l0"": 8.6439, ""hsf_keff"": 1, ""hsf_l0"": 25.0331, ""sparse_l"": 30.5699, ""sv_l"": 30.5699, ""feat_secs"": 0.005146, ""feat_secs_frame"": 0.000348, ""feat_secs_hsf"": 0.004743}"
brick,"brick:n=24,D=2,nn=1",1,"{""n"": 24.0, ""D"": 2.0, ""nn"": 1.0}",dense,ok,3.13845,3.1429,608223232,-2.863900769575245e-07,24,-2.863900769575245e-07,0.0,switched_at=Some(168) dense_qubits=24 peak_terms=1 term_visits=0 dense_ops=1711276027,"{""n"": 24, ""gates"": 95, ""g2"": 23, ""g3"": 0, ""depth2"": 2, ""t_count"": 0, ""rotations"": 216, ""d"": 24, ""dense_l"": 31.2192, ""redundant"": 192, ""obs_zero"": false, ""frame_l"": 55.7549, ""chi_bits"": 1, ""mps_l"": 8.6439, ""hsf_k"": 1, ""hsf_na"": 12, ""hsf_nb"": 12, ""hsf_l"": 25.0331, ""sup"": 24, ""chi_bits0"": 1, ""mps_l0"": 8.6439, ""hsf_keff"": 1, ""hsf_l0"": 25.0331, ""sparse_l"": 30.5699, ""sv_l"": 30.5699, ""feat_secs"": 0.005146, ""feat_secs_frame"": 0.000348, ""feat_secs_hsf"": 0.004743}"
brick,"brick:n=24,D=2,nn=1",1,"{""n"": 24.0, ""D"": 2.0, ""nn"": 1.0}",auto,skipped,,,,,,-2.863900769575245e-07,,,"{""n"": 24, ""gates"": 95, ""g2"": 23, ""g3"": 0, ""depth2"": 2, ""t_count"": 0, ""rotations"": 216, ""d"": 24, ""dense_l"": 31.2192, ""redundant"": 192, ""obs_zero"": false, ""frame_l"": 55.7549, ""chi_bits"": 1, ""mps_l"": 8.6439, ""hsf_k"": 1, ""hsf_na"": 12, ""hsf_nb"": 12, ""hsf_l"": 25.0331, ""sup"": 24, ""chi_bits0"": 1, ""mps_l0"": 8.6439, ""hsf_keff"": 1, ""hsf_l0"": 25.0331, ""sparse_l"": 30.5699, ""sv_l"": 30.5699, ""feat_secs"": 0.005146, ""feat_secs_frame"": 0.000348, ""feat_secs_hsf"": 0.004743}"
brick,"brick:n=24,D=4,nn=1",1,"{""n"": 24.0, ""D"": 4.0, ""nn"": 1.0}",frame,skipped,,,,,,-1.239603425242539e-05,,,"{""n"": 24, ""gates"": 166, ""g2"": 46, ""g3"": 0, ""depth2"": 4, ""t_count"": 0, ""rotations"": 360, ""d"": 24, ""dense_l"": 32.1948, ""redundant"": 336, ""obs_zero"": false, ""frame_l"": 56.4919, ""chi_bits"": 2, ""mps_l"": 11.2621, ""hsf_k"": 2, ""hsf_na"": 12, ""hsf_nb"": 12, ""hsf_l"": 26.0573, ""sup"": 24, ""chi_bits0"": 2, ""mps_l0"": 11.2621, ""hsf_keff"": 2, ""hsf_l0"": 26.0573, ""sparse_l"": 31.375, ""sv_l"": 31.375, ""feat_secs"": 0.005331, ""feat_secs_frame"": 0.000539, ""feat_secs_hsf"": 0.004708}"
brick,"brick:n=24,D=4,nn=1",1,"{""n"": 24.0, ""D"": 4.0, ""nn"": 1.0}",dense,ok,6.192451,6.1981,608256000,-1.239603425242539e-05,24,-1.239603425242539e-05,0.0,switched_at=Some(264) dense_qubits=24 peak_terms=1 term_visits=0 dense_ops=3321888763,"{""n"": 24, ""gates"": 166, ""g2"": 46, ""g3"": 0, ""depth2"": 4, ""t_count"": 0, ""rotations"": 360, ""d"": 24, ""dense_l"": 32.1948, ""redundant"": 336, ""obs_zero"": false, ""frame_l"": 56.4919, ""chi_bits"": 2, ""mps_l"": 11.2621, ""hsf_k"": 2, ""hsf_na"": 12, ""hsf_nb"": 12, ""hsf_l"": 26.0573, ""sup"": 24, ""chi_bits0"": 2, ""mps_l0"": 11.2621, ""hsf_keff"": 2, ""hsf_l0"": 26.0573, ""sparse_l"": 31.375, ""sv_l"": 31.375, ""feat_secs"": 0.005331, ""feat_secs_frame"": 0.000539, ""feat_secs_hsf"": 0.004708}"
brick,"brick:n=24,D=4,nn=1",1,"{""n"": 24.0, ""D"": 4.0, ""nn"": 1.0}",auto,skipped,,,,,,-1.239603425242539e-05,,,"{""n"": 24, ""gates"": 166, ""g2"": 46, ""g3"": 0, ""depth2"": 4, ""t_count"": 0, ""rotations"": 360, ""d"": 24, ""dense_l"": 32.1948, ""redundant"": 336, ""obs_zero"": false, ""frame_l"": 56.4919, ""chi_bits"": 2, ""mps_l"": 11.2621, ""hsf_k"": 2, ""hsf_na"": 12, ""hsf_nb"": 12, ""hsf_l"": 26.0573, ""sup"": 24, ""chi_bits0"": 2, ""mps_l0"": 11.2621, ""hsf_keff"": 2, ""hsf_l0"": 26.0573, ""sparse_l"": 31.375, ""sv_l"": 31.375, ""feat_secs"": 0.005331, ""feat_secs_frame"": 0.000539, ""feat_secs_hsf"": 0.004708}"
brick,"brick:n=24,D=8,nn=1",1,"{""n"": 24.0, ""D"": 8.0, ""nn"": 1.0}",frame,skipped,,,,,,,,,"{""n"": 24, ""gates"": 308, ""g2"": 92, ""g3"": 0, ""depth2"": 8, ""t_count"": 0, ""rotations"": 648, ""d"": 24, ""dense_l"": 33.1824, ""redundant"": 624, ""obs_zero"": false, ""frame_l"": 57.3399, ""chi_bits"": 4, ""mps_l"": 16.5347, ""hsf_k"": 4, ""hsf_na"": 12, ""hsf_nb"": 12, ""hsf_l"": 28.1046, ""sup"": 24, ""chi_bits0"": 4, ""mps_l0"": 16.5347, ""hsf_keff"": 4, ""hsf_l0"": 28.1046, ""sparse_l"": 32.2668, ""sv_l"": 32.2668, ""feat_secs"": 0.006144, ""feat_secs_frame"": 0.000937, ""feat_secs_hsf"": 0.005068}"
brick,"brick:n=24,D=8,nn=1",1,"{""n"": 24.0, ""D"": 8.0, ""nn"": 1.0}",dense,timeout,,10.0051,608387072,,,,,timeout,"{""n"": 24, ""gates"": 308, ""g2"": 92, ""g3"": 0, ""depth2"": 8, ""t_count"": 0, ""rotations"": 648, ""d"": 24, ""dense_l"": 33.1824, ""redundant"": 624, ""obs_zero"": false, ""frame_l"": 57.3399, ""chi_bits"": 4, ""mps_l"": 16.5347, ""hsf_k"": 4, ""hsf_na"": 12, ""hsf_nb"": 12, ""hsf_l"": 28.1046, ""sup"": 24, ""chi_bits0"": 4, ""mps_l0"": 16.5347, ""hsf_keff"": 4, ""hsf_l0"": 28.1046, ""sparse_l"": 32.2668, ""sv_l"": 32.2668, ""feat_secs"": 0.006144, ""feat_secs_frame"": 0.000937, ""feat_secs_hsf"": 0.005068}"
brick,"brick:n=24,D=8,nn=1",1,"{""n"": 24.0, ""D"": 8.0, ""nn"": 1.0}",auto,skipped,,,,,,,,,"{""n"": 24, ""gates"": 308, ""g2"": 92, ""g3"": 0, ""depth2"": 8, ""t_count"": 0, ""rotations"": 648, ""d"": 24, ""dense_l"": 33.1824, ""redundant"": 624, ""obs_zero"": false, ""frame_l"": 57.3399, ""chi_bits"": 4, ""mps_l"": 16.5347, ""hsf_k"": 4, ""hsf_na"": 12, ""hsf_nb"": 12, ""hsf_l"": 28.1046, ""sup"": 24, ""chi_bits0"": 4, ""mps_l0"": 16.5347, ""hsf_keff"": 4, ""hsf_l0"": 28.1046, ""sparse_l"": 32.2668, ""sv_l"": 32.2668, ""feat_secs"": 0.006144, ""feat_secs_frame"": 0.000937, ""feat_secs_hsf"": 0.005068}"
brick,"brick:n=24,D=16,nn=1",1,"{""n"": 24.0, ""D"": 16.0, ""nn"": 1.0}",frame,skipped,,,,,,,,,"{""n"": 24, ""gates"": 592, ""g2"": 184, ""g3"": 0, ""depth2"": 16, ""t_count"": 0, ""rotations"": 1224, ""d"": 24, ""dense_l"": 34.1762, ""redundant"": 1200, ""obs_zero"": false, ""frame_l"": 58.2574, ""chi_bits"": 8, ""mps_l"": 27.466, ""hsf_k"": 8, ""hsf_na"": 12, ""hsf_nb"": 12, ""hsf_l"": 32.1948, ""sup"": 24, ""chi_bits0"": 8, ""mps_l0"": 27.466, ""hsf_keff"": 8, ""hsf_l0"": 32.1948, ""sparse_l"": 33.2095, ""sv_l"": 33.2095, ""feat_secs"": 0.006685, ""feat_secs_frame"": 0.001669, ""feat_secs_hsf"": 0.00478}"
brick,"brick:n=24,D=16,nn=1",1,"{""n"": 24.0, ""D"": 16.0, ""nn"": 1.0}",dense,skipped,,,,,,,,,"{""n"": 24, ""gates"": 592, ""g2"": 184, ""g3"": 0, ""depth2"": 16, ""t_count"": 0, ""rotations"": 1224, ""d"": 24, ""dense_l"": 34.1762, ""redundant"": 1200, ""obs_zero"": false, ""frame_l"": 58.2574, ""chi_bits"": 8, ""mps_l"": 27.466, ""hsf_k"": 8, ""hsf_na"": 12, ""hsf_nb"": 12, ""hsf_l"": 32.1948, ""sup"": 24, ""chi_bits0"": 8, ""mps_l0"": 27.466, ""hsf_keff"": 8, ""hsf_l0"": 32.1948, ""sparse_l"": 33.2095, ""sv_l"": 33.2095, ""feat_secs"": 0.006685, ""feat_secs_frame"": 0.001669, ""feat_secs_hsf"": 0.00478}"
brick,"brick:n=24,D=16,nn=1",1,"{""n"": 24.0, ""D"": 16.0, ""nn"": 1.0}",auto,skipped,,,,,,,,,"{""n"": 24, ""gates"": 592, ""g2"": 184, ""g3"": 0, ""depth2"": 16, ""t_count"": 0, ""rotations"": 1224, ""d"": 24, ""dense_l"": 34.1762, ""redundant"": 1200, ""obs_zero"": false, ""frame_l"": 58.2574, ""chi_bits"": 8, ""mps_l"": 27.466, ""hsf_k"": 8, ""hsf_na"": 12, ""hsf_nb"": 12, ""hsf_l"": 32.1948, ""sup"": 24, ""chi_bits0"": 8, ""mps_l0"": 27.466, ""hsf_keff"": 8, ""hsf_l0"": 32.1948, ""sparse_l"": 33.2095, ""sv_l"": 33.2095, ""feat_secs"": 0.006685, ""feat_secs_frame"": 0.001669, ""feat_secs_hsf"": 0.00478}"
brick,"brick:n=26,D=2,nn=1",1,"{""n"": 26.0, ""D"": 2.0, ""nn"": 1.0}",frame,skipped,,,,,,,,,"{""n"": 26, ""gates"": 103, ""g2"": 25, ""g3"": 0, ""depth2"": 2, ""t_count"": 0, ""rotations"": 234, ""d"": 26, ""dense_l"": 33.3309, ""redundant"": 208, ""obs_zero"": false, ""frame_l"": 59.8704, ""chi_bits"": 1, ""mps_l"": 8.7616, ""hsf_k"": 1, ""hsf_na"": 13, ""hsf_nb"": 13, ""hsf_l"": 27.018, ""sup"": 26, ""chi_bits0"": 1, ""mps_l0"": 8.7616, ""hsf_keff"": 1, ""hsf_l0"": 27.018, ""sparse_l"": 32.6865, ""sv_l"": 32.6865, ""feat_secs"": 0.006719, ""feat_secs_frame"": 0.000365, ""feat_secs_hsf"": 0.006296}"
brick,"brick:n=26,D=2,nn=1",1,"{""n"": 26.0, ""D"": 2.0, ""nn"": 1.0}",dense,timeout,,10.0103,2420129792,,,,,timeout,"{""n"": 26, ""gates"": 103, ""g2"": 25, ""g3"": 0, ""depth2"": 2, ""t_count"": 0, ""rotations"": 234, ""d"": 26, ""dense_l"": 33.3309, ""redundant"": 208, ""obs_zero"": false, ""frame_l"": 59.8704, ""chi_bits"": 1, ""mps_l"": 8.7616, ""hsf_k"": 1, ""hsf_na"": 13, ""hsf_nb"": 13, ""hsf_l"": 27.018, ""sup"": 26, ""chi_bits0"": 1, ""mps_l0"": 8.7616, ""hsf_keff"": 1, ""hsf_l0"": 27.018, ""sparse_l"": 32.6865, ""sv_l"": 32.6865, ""feat_secs"": 0.006719, ""feat_secs_frame"": 0.000365, ""feat_secs_hsf"": 0.006296}"
brick,"brick:n=26,D=2,nn=1",1,"{""n"": 26.0, ""D"": 2.0, ""nn"": 1.0}",auto,skipped,,,,,,,,,"{""n"": 26, ""gates"": 103, ""g2"": 25, ""g3"": 0, ""depth2"": 2, ""t_count"": 0, ""rotations"": 234, ""d"": 26, ""dense_l"": 33.3309, ""redundant"": 208, ""obs_zero"": false, ""frame_l"": 59.8704, ""chi_bits"": 1, ""mps_l"": 8.7616, ""hsf_k"": 1, ""hsf_na"": 13, ""hsf_nb"": 13, ""hsf_l"": 27.018, ""sup"": 26, ""chi_bits0"": 1, ""mps_l0"": 8.7616, ""hsf_keff"": 1, ""hsf_l0"": 27.018, ""sparse_l"": 32.6865, ""sv_l"": 32.6865, ""feat_secs"": 0.006719, ""feat_secs_frame"": 0.000365, ""feat_secs_hsf"": 0.006296}"
brick,"brick:n=26,D=4,nn=1",1,"{""n"": 26.0, ""D"": 4.0, ""nn"": 1.0}",frame,skipped,,,,,,,,,"{""n"": 26, ""gates"": 180, ""g2"": 50, ""g3"": 0, ""depth2"": 4, ""t_count"": 0, ""rotations"": 390, ""d"": 26, ""dense_l"": 34.3083, ""redundant"": 364, ""obs_zero"": false, ""frame_l"": 60.6073, ""chi_bits"": 2, ""mps_l"": 11.3891, ""hsf_k"": 2, ""hsf_na"": 13, ""hsf_nb"": 13, ""hsf_l"": 28.0314, ""sup"": 26, ""chi_bits0"": 2, ""mps_l0"": 11.3891, ""hsf_keff"": 2, ""hsf_l0"": 28.0314, ""sparse_l"": 33.4919, ""sv_l"": 33.4919, ""feat_secs"": 0.006922, ""feat_secs_frame"": 0.000581, ""feat_secs_hsf"": 0.006251}"
brick,"brick:n=26,D=4,nn=1",1,"{""n"": 26.0, ""D"": 4.0, ""nn"": 1.0}",dense,skipped,,,,,,,,,"{""n"": 26, ""gates"": 180, ""g2"": 50, ""g3"": 0, ""depth2"": 4, ""t_count"": 0, ""rotations"": 390, ""d"": 26, ""dense_l"": 34.3083, ""redundant"": 364, ""obs_zero"": false, ""frame_l"": 60.6073, ""chi_bits"": 2, ""mps_l"": 11.3891, ""hsf_k"": 2, ""hsf_na"": 13, ""hsf_nb"": 13, ""hsf_l"": 28.0314, ""sup"": 26, ""chi_bits0"": 2, ""mps_l0"": 11.3891, ""hsf_keff"": 2, ""hsf_l0"": 28.0314, ""sparse_l"": 33.4919, ""sv_l"": 33.4919, ""feat_secs"": 0.006922, ""feat_secs_frame"": 0.000581, ""feat_secs_hsf"": 0.006251}"
brick,"brick:n=26,D=4,nn=1",1,"{""n"": 26.0, ""D"": 4.0, ""nn"": 1.0}",auto,skipped,,,,,,,,,"{""n"": 26, ""gates"": 180, ""g2"": 50, ""g3"": 0, ""depth2"": 4, ""t_count"": 0, ""rotations"": 390, ""d"": 26, ""dense_l"": 34.3083, ""redundant"": 364, ""obs_zero"": false, ""frame_l"": 60.6073, ""chi_bits"": 2, ""mps_l"": 11.3891, ""hsf_k"": 2, ""hsf_na"": 13, ""hsf_nb"": 13, ""hsf_l"": 28.0314, ""sup"": 26, ""chi_bits0"": 2, ""mps_l0"": 11.3891, ""hsf_keff"": 2, ""hsf_l0"": 28.0314, ""sparse_l"": 33.4919, ""sv_l"": 33.4919, ""feat_secs"": 0.006922, ""feat_secs_frame"": 0.000581, ""feat_secs_hsf"": 0.006251}"
brick,"brick:n=26,D=8,nn=1",1,"{""n"": 26.0, ""D"": 8.0, ""nn"": 1.0}",frame,skipped,,,,,,,,,"{""n"": 26, ""gates"": 334, ""g2"": 100, ""g3"": 0, ""depth2"": 8, ""t_count"": 0, ""rotations"": 702, ""d"": 26, ""dense_l"": 35.2969, ""redundant"": 676, ""obs_zero"": false, ""frame_l"": 61.4553, ""chi_bits"": 4, ""mps_l"": 16.689, ""hsf_k"": 4, ""hsf_na"": 13, ""hsf_nb"": 13, ""hsf_l"": 30.0577, ""sup"": 26, ""chi_bits0"": 4, ""mps_l0"": 16.689, ""hsf_keff"": 4, ""hsf_l0"": 30.0577, ""sparse_l"": 34.3837, ""sv_l"": 34.3837, ""feat_secs"": 0.007341, ""feat_secs_frame"": 0.001001, ""feat_secs_hsf"": 0.006197}"
brick,"brick:n=26,D=8,nn=1",1,"{""n"": 26.0, ""D"": 8.0, ""nn"": 1.0}",dense,skipped,,,,,,,,,"{""n"": 26, ""gates"": 334, ""g2"": 100, ""g3"": 0, ""depth2"": 8, ""t_count"": 0, ""rotations"": 702, ""d"": 26, ""dense_l"": 35.2969, ""redundant"": 676, ""obs_zero"": false, ""frame_l"": 61.4553, ""chi_bits"": 4, ""mps_l"": 16.689, ""hsf_k"": 4, ""hsf_na"": 13, ""hsf_nb"": 13, ""hsf_l"": 30.0577, ""sup"": 26, ""chi_bits0"": 4, ""mps_l0"": 16.689, ""hsf_keff"": 4, ""hsf_l0"": 30.0577, ""sparse_l"": 34.3837, ""sv_l"": 34.3837, ""feat_secs"": 0.007341, ""feat_secs_frame"": 0.001001, ""feat_secs_hsf"": 0.006197}"
brick,"brick:n=26,D=8,nn=1",1,"{""n"": 26.0, ""D"": 8.0, ""nn"": 1.0}",auto,skipped,,,,,,,,,"{""n"": 26, ""gates"": 334, ""g2"": 100, ""g3"": 0, ""depth2"": 8, ""t_count"": 0, ""rotations"": 702, ""d"": 26, ""dense_l"": 35.2969, ""redundant"": 676, ""obs_zero"": false, ""frame_l"": 61.4553, ""chi_bits"": 4, ""mps_l"": 16.689, ""hsf_k"": 4, ""hsf_na"": 13, ""hsf_nb"": 13, ""hsf_l"": 30.0577, ""sup"": 26, ""chi_bits0"": 4, ""mps_l0"": 16.689, ""hsf_keff"": 4, ""hsf_l0"": 30.0577, ""sparse_l"": 34.3837, ""sv_l"": 34.3837, ""feat_secs"": 0.007341, ""feat_secs_frame"": 0.001001, ""feat_secs_hsf"": 0.006197}"
brick,"brick:n=26,D=16,nn=1",1,"{""n"": 26.0, ""D"": 16.0, ""nn"": 1.0}",frame,skipped,,,,,,,,,"{""n"": 26, ""gates"": 642, ""g2"": 200, ""g3"": 0, ""depth2"": 16, ""t_count"": 0, ""rotations"": 1326, ""d"": 26, ""dense_l"": 36.2912, ""redundant"": 1300, ""obs_zero"": false, ""frame_l"": 62.3729, ""chi_bits"": 8, ""mps_l"": 27.7395, ""hsf_k"": 8, ""hsf_na"": 13, ""hsf_nb"": 13, ""hsf_l"": 34.1089, ""sup"": 26, ""chi_bits0"": 8, ""mps_l0"": 27.7395, ""hsf_keff"": 8, ""hsf_l0"": 34.1089, ""sparse_l"": 35.3264, ""sv_l"": 35.3264, ""feat_secs"": 0.008718, ""feat_secs_frame"": 0.001862, ""feat_secs_hsf"": 0.006626}"
brick,"brick:n=26,D=16,nn=1",1,"{""n"": 26.0, ""D"": 16.0, ""nn"": 1.0}",dense,skipped,,,,,,,,,"{""n"": 26, ""gates"": 642, ""g2"": 200, ""g3"": 0, ""depth2"": 16, ""t_count"": 0, ""rotations"": 1326, ""d"": 26, ""dense_l"": 36.2912, ""redundant"": 1300, ""obs_zero"": false, ""frame_l"": 62.3729, ""chi_bits"": 8, ""mps_l"": 27.7395, ""hsf_k"": 8, ""hsf_na"": 13, ""hsf_nb"": 13, ""hsf_l"": 34.1089, ""sup"": 26, ""chi_bits0"": 8, ""mps_l0"": 27.7395, ""hsf_keff"": 8, ""hsf_l0"": 34.1089, ""sparse_l"": 35.3264, ""sv_l"": 35.3264, ""feat_secs"": 0.008718, ""feat_secs_frame"": 0.001862, ""feat_secs_hsf"": 0.006626}"
brick,"brick:n=26,D=16,nn=1",1,"{""n"": 26.0, ""D"": 16.0, ""nn"": 1.0}",auto,skipped,,,,,,,,,"{""n"": 26, ""gates"": 642, ""g2"": 200, ""g3"": 0, ""depth2"": 16, ""t_count"": 0, ""rotations"": 1326, ""d"": 26, ""dense_l"": 36.2912, ""redundant"": 1300, ""obs_zero"": false, ""frame_l"": 62.3729, ""chi_bits"": 8, ""mps_l"": 27.7395, ""hsf_k"": 8, ""hsf_na"": 13, ""hsf_nb"": 13, ""hsf_l"": 34.1089, ""sup"": 26, ""chi_bits0"": 8, ""mps_l0"": 27.7395, ""hsf_keff"": 8, ""hsf_l0"": 34.1089, ""sparse_l"": 35.3264, ""sv_l"": 35.3264, ""feat_secs"": 0.008718, ""feat_secs_frame"": 0.001862, ""feat_secs_hsf"": 0.006626}"
brick,"brick:n=16,D=2,nn=0",1,"{""n"": 16.0, ""D"": 2.0, ""nn"": 0.0}",frame,toolarge,,1.4513,1262895104,,,-0.001213652750229626,,"TooManyTerms { terms: 19440000, limit: 16777216 }","{""n"": 16, ""gates"": 64, ""g2"": 16, ""g3"": 0, ""depth2"": 2, ""t_count"": 0, ""rotations"": 144, ""d"": 16, ""dense_l"": 22.6582, ""redundant"": 128, ""obs_zero"": false, ""frame_l"": 39.1699, ""chi_bits"": 4, ""mps_l"": 19.0971, ""hsf_k"": 0, ""hsf_na"": 8, ""hsf_nb"": 8, ""hsf_l"": 16.3219, ""sup"": 16, ""chi_bits0"": 4, ""mps_l0"": 19.0971, ""hsf_keff"": 0, ""hsf_l0"": 16.3219, ""sparse_l"": 22.0, ""sv_l"": 22.0, ""feat_secs"": 0.001549, ""feat_secs_frame"": 0.000228, ""feat_secs_hsf"": 0.001275}"
brick,"brick:n=16,D=2,nn=0",1,"{""n"": 16.0, ""D"": 2.0, ""nn"": 0.0}",dense,ok,0.011328,0.0163,5079040,-0.001213652750229626,16,-0.001213652750229626,0.0,switched_at=Some(112) dense_qubits=16 peak_terms=1 term_visits=0 dense_ops=4587515,"{""n"": 16, ""gates"": 64, ""g2"": 16, ""g3"": 0, ""depth2"": 2, ""t_count"": 0, ""rotations"": 144, ""d"": 16, ""dense_l"": 22.6582, ""redundant"": 128, ""obs_zero"": false, ""frame_l"": 39.1699, ""chi_bits"": 4, ""mps_l"": 19.0971, ""hsf_k"": 0, ""hsf_na"": 8, ""hsf_nb"": 8, ""hsf_l"": 16.3219, ""sup"": 16, ""chi_bits0"": 4, ""mps_l0"": 19.0971, ""hsf_keff"": 0, ""hsf_l0"": 16.3219, ""sparse_l"": 22.0, ""sv_l"": 22.0, ""feat_secs"": 0.001549, ""feat_secs_frame"": 0.000228, ""feat_secs_hsf"": 0.001275}"
brick,"brick:n=16,D=2,nn=0",1,"{""n"": 16.0, ""D"": 2.0, ""nn"": 0.0}",auto,timeout,,10.0122,1708376064,,,-0.001213652750229626,,timeout,"{""n"": 16, ""gates"": 64, ""g2"": 16, ""g3"": 0, ""depth2"": 2, ""t_count"": 0, ""rotations"": 144, ""d"": 16, ""dense_l"": 22.6582, ""redundant"": 128, ""obs_zero"": false, ""frame_l"": 39.1699, ""chi_bits"": 4, ""mps_l"": 19.0971, ""hsf_k"": 0, ""hsf_na"": 8, ""hsf_nb"": 8, ""hsf_l"": 16.3219, ""sup"": 16, ""chi_bits0"": 4, ""mps_l0"": 19.0971, ""hsf_keff"": 0, ""hsf_l0"": 16.3219, ""sparse_l"": 22.0, ""sv_l"": 22.0, ""feat_secs"": 0.001549, ""feat_secs_frame"": 0.000228, ""feat_secs_hsf"": 0.001275}"
brick,"brick:n=16,D=4,nn=0",1,"{""n"": 16.0, ""D"": 4.0, ""nn"": 0.0}",frame,skipped,,,,,,0.007074156299159568,,,"{""n"": 16, ""gates"": 112, ""g2"": 32, ""g3"": 0, ""depth2"": 4, ""t_count"": 0, ""rotations"": 240, ""d"": 16, ""dense_l"": 23.6221, ""redundant"": 224, ""obs_zero"": false, ""frame_l"": 39.9069, ""chi_bits"": 8, ""mps_l"": 29.7929, ""hsf_k"": 6, ""hsf_na"": 8, ""hsf_nb"": 8, ""hsf_l"": 22.5236, ""sup"": 16, ""chi_bits0"": 8, ""mps_l0"": 29.7929, ""hsf_keff"": 6, ""hsf_l0"": 22.5236, ""sparse_l"": 22.8074, ""sv_l"": 22.8074, ""feat_secs"": 0.002697, ""feat_secs_frame"": 0.000388, ""feat_secs_hsf"": 0.002247}"
brick,"brick:n=16,D=4,nn=0",1,"{""n"": 16.0, ""D"": 4.0, ""nn"": 0.0}",dense,ok,0.021315,0.0263,5144576,0.007074156299159568,16,0.007074156299159568,0.0,switched_at=Some(176) dense_qubits=16 peak_terms=1 term_visits=0 dense_ops=8781819,"{""n"": 16, ""gates"": 112, ""g2"": 32, ""g3"": 0, ""depth2"": 4, ""t_count"": 0, ""rotations"": 240, ""d"": 16, ""dense_l"": 23.6221, ""redundant"": 224, ""obs_zero"": false, ""frame_l"": 39.9069, ""chi_bits"": 8, ""mps_l"": 29.7929, ""hsf_k"": 6, ""hsf_na"": 8, ""hsf_nb"": 8, ""hsf_l"": 22.5236, ""sup"": 16, ""chi_bits0"": 8, ""mps_l0"": 29.7929, ""hsf_keff"": 6, ""hsf_l0"": 22.5236, ""sparse_l"": 22.8074, ""sv_l"": 22.8074, ""feat_secs"": 0.002697, ""feat_secs_frame"": 0.000388, ""feat_secs_hsf"": 0.002247}"
brick,"brick:n=16,D=4,nn=0",1,"{""n"": 16.0, ""D"": 4.0, ""nn"": 0.0}",auto,skipped,,,,,,0.007074156299159568,,,"{""n"": 16, ""gates"": 112, ""g2"": 32, ""g3"": 0, ""depth2"": 4, ""t_count"": 0, ""rotations"": 240, ""d"": 16, ""dense_l"": 23.6221, ""redundant"": 224, ""obs_zero"": false, ""frame_l"": 39.9069, ""chi_bits"": 8, ""mps_l"": 29.7929, ""hsf_k"": 6, ""hsf_na"": 8, ""hsf_nb"": 8, ""hsf_l"": 22.5236, ""sup"": 16, ""chi_bits0"": 8, ""mps_l0"": 29.7929, ""hsf_keff"": 6, ""hsf_l0"": 22.5236, ""sparse_l"": 22.8074, ""sv_l"": 22.8074, ""feat_secs"": 0.002697, ""feat_secs_frame"": 0.000388, ""feat_secs_hsf"": 0.002247}"
brick,"brick:n=24,D=1,nn=0",1,"{""n"": 24.0, ""D"": 1.0, ""nn"": 0.0}",frame,toolarge,,1.1627,1260781568,,,4.558466920487065e-12,,"TooManyTerms { terms: 25165824, limit: 16777216 }","{""n"": 24, ""gates"": 60, ""g2"": 12, ""g3"": 0, ""depth2"": 1, ""t_count"": 0, ""rotations"": 144, ""d"": 24, ""dense_l"": 30.2668, ""redundant"": 120, ""obs_zero"": false, ""frame_l"": 55.1699, ""chi_bits"": 8, ""mps_l"": 27.252, ""hsf_k"": 0, ""hsf_na"": 12, ""hsf_nb"": 12, ""hsf_l"": 24.021, ""sup"": 24, ""chi_bits0"": 8, ""mps_l0"": 27.252, ""hsf_keff"": 0, ""hsf_l0"": 24.021, ""sparse_l"": 29.9069, ""sv_l"": 29.9069, ""feat_secs"": 0.002988, ""feat_secs_frame"": 0.000265, ""feat_secs_hsf"": 0.002675}"
brick,"brick:n=24,D=1,nn=0",1,"{""n"": 24.0, ""D"": 1.0, ""nn"": 0.0}",dense,ok,1.674942,1.6817,606846976,4.558466920487065e-12,24,4.558466920487065e-12,0.0,switched_at=Some(120) dense_qubits=24 peak_terms=1 term_visits=0 dense_ops=905969659,"{""n"": 24, ""gates"": 60, ""g2"": 12, ""g3"": 0, ""depth2"": 1, ""t_count"": 0, ""rotations"": 144, ""d"": 24, ""dense_l"": 30.2668, ""redundant"": 120, ""obs_zero"": false, ""frame_l"": 55.1699, ""chi_bits"": 8, ""mps_l"": 27.252, ""hsf_k"": 0, ""hsf_na"": 12, ""hsf_nb"": 12, ""hsf_l"": 24.021, ""sup"": 24, ""chi_bits0"": 8, ""mps_l0"": 27.252, ""hsf_keff"": 0, ""hsf_l0"": 24.021, ""sparse_l"": 29.9069, ""sv_l"": 29.9069, ""feat_secs"": 0.002988, ""feat_secs_frame"": 0.000265, ""feat_secs_hsf"": 0.002675}"
brick,"brick:n=24,D=1,nn=0",1,"{""n"": 24.0, ""D"": 1.0, ""nn"": 0.0}",auto,timeout,,10.0159,1897562112,,,4.558466920487065e-12,,timeout,"{""n"": 24, ""gates"": 60, ""g2"": 12, ""g3"": 0, ""depth2"": 1, ""t_count"": 0, ""rotations"": 144, ""d"": 24, ""dense_l"": 30.2668, ""redundant"": 120, ""obs_zero"": false, ""frame_l"": 55.1699, ""chi_bits"": 8, ""mps_l"": 27.252, ""hsf_k"": 0, ""hsf_na"": 12, ""hsf_nb"": 12, ""hsf_l"": 24.021, ""sup"": 24, ""chi_bits0"": 8, ""mps_l0"": 27.252, ""hsf_keff"": 0, ""hsf_l0"": 24.021, ""sparse_l"": 29.9069, ""sv_l"": 29.9069, ""feat_secs"": 0.002988, ""feat_secs_frame"": 0.000265, ""feat_secs_hsf"": 0.002675}"
brick,"brick:n=24,D=3,nn=0",1,"{""n"": 24.0, ""D"": 3.0, ""nn"": 0.0}",frame,skipped,,,,,,-9.240065419087679e-05,,,"{""n"": 24, ""gates"": 132, ""g2"": 36, ""g3"": 0, ""depth2"": 3, ""t_count"": 0, ""rotations"": 288, ""d"": 24, ""dense_l"": 31.7879, ""redundant"": 264, ""obs_zero"": false, ""frame_l"": 56.1699, ""chi_bits"": 12, ""mps_l"": 40.8285, ""hsf_k"": 5, ""hsf_na"": 11, ""hsf_nb"": 13, ""hsf_l"": 29.0901, ""sup"": 24, ""chi_bits0"": 12, ""mps_l0"": 40.8285, ""hsf_keff"": 5, ""hsf_l0"": 29.0901, ""sparse_l"": 31.0444, ""sv_l"": 31.0444, ""feat_secs"": 0.006551, ""feat_secs_frame"": 0.000469, ""feat_secs_hsf"": 0.006}"
brick,"brick:n=24,D=3,nn=0",1,"{""n"": 24.0, ""D"": 3.0, ""nn"": 0.0}",dense,ok,4.662475,4.6686,608239616,-9.240065419087679e-05,24,-9.240065419087679e-05,0.0,switched_at=Some(216) dense_qubits=24 peak_terms=1 term_visits=0 dense_ops=2516582395,"{""n"": 24, ""gates"": 132, ""g2"": 36, ""g3"": 0, ""depth2"": 3, ""t_count"": 0, ""rotations"": 288, ""d"": 24, ""dense_l"": 31.7879, ""redundant"": 264, ""obs_zero"": false, ""frame_l"": 56.1699, ""chi_bits"": 12, ""mps_l"": 40.8285, ""hsf_k"": 5, ""hsf_na"": 11, ""hsf_nb"": 13, ""hsf_l"": 29.0901, ""sup"": 24, ""chi_bits0"": 12, ""mps_l0"": 40.8285, ""hsf_keff"": 5, ""hsf_l0"": 29.0901, ""sparse_l"": 31.0444, ""sv_l"": 31.0444, ""feat_secs"": 0.006551, ""feat_secs_frame"": 0.000469, ""feat_secs_hsf"": 0.006}"
brick,"brick:n=24,D=3,nn=0",1,"{""n"": 24.0, ""D"": 3.0, ""nn"": 0.0}",auto,skipped,,,,,,-9.240065419087679e-05,,,"{""n"": 24, ""gates"": 132, ""g2"": 36, ""g3"": 0, ""depth2"": 3, ""t_count"": 0, ""rotations"": 288, ""d"": 24, ""dense_l"": 31.7879, ""redundant"": 264, ""obs_zero"": false, ""frame_l"": 56.1699, ""chi_bits"": 12, ""mps_l"": 40.8285, ""hsf_k"": 5, ""hsf_na"": 11, ""hsf_nb"": 13, ""hsf_l"": 29.0901, ""sup"": 24, ""chi_bits0"": 12, ""mps_l0"": 40.8285, ""hsf_keff"": 5, ""hsf_l0"": 29.0901, ""sparse_l"": 31.0444, ""sv_l"": 31.0444, ""feat_secs"": 0.006551, ""feat_secs_frame"": 0.000469, ""feat_secs_hsf"": 0.006}"
brick,"brick:n=24,D=6,nn=0",1,"{""n"": 24.0, ""D"": 6.0, ""nn"": 0.0}",frame,skipped,,,,,,-0.0006824211068258397,,,"{""n"": 24, ""gates"": 240, ""g2"": 72, ""g3"": 0, ""depth2"": 6, ""t_count"": 0, ""rotations"": 504, ""d"": 24, ""dense_l"": 32.7715, ""redundant"": 480, ""obs_zero"": false, ""frame_l"": 56.9773, ""chi_bits"": 12, ""mps_l"": 44.3077, ""hsf_k"": 16, ""hsf_na"": 12, ""hsf_nb"": 12, ""hsf_l"": 40.0821, ""sup"": 24, ""chi_bits0"": 12, ""mps_l0"": 44.3077, ""hsf_keff"": 16, ""hsf_l0"": 40.0821, ""sparse_l"": 31.9069, ""sv_l"": 31.9069, ""feat_secs"": 0.013335, ""feat_secs_frame"": 0.000731, ""feat_secs_hsf"": 0.012471}"
brick,"brick:n=24,D=6,nn=0",1,"{""n"": 24.0, ""D"": 6.0, ""nn"": 0.0}",dense,ok,9.166696,9.1719,608288768,-0.0006824211068258397,24,-0.0006824211068258397,0.0,switched_at=Some(360) dense_qubits=24 peak_terms=1 term_visits=0 dense_ops=4932501499,"{""n"": 24, ""gates"": 240, ""g2"": 72, ""g3"": 0, ""depth2"": 6, ""t_count"": 0, ""rotations"": 504, ""d"": 24, ""dense_l"": 32.7715, ""redundant"": 480, ""obs_zero"": false, ""frame_l"": 56.9773, ""chi_bits"": 12, ""mps_l"": 44.3077, ""hsf_k"": 16, ""hsf_na"": 12, ""hsf_nb"": 12, ""hsf_l"": 40.0821, ""sup"": 24, ""chi_bits0"": 12, ""mps_l0"": 44.3077, ""hsf_keff"": 16, ""hsf_l0"": 40.0821, ""sparse_l"": 31.9069, ""sv_l"": 31.9069, ""feat_secs"": 0.013335, ""feat_secs_frame"": 0.000731, ""feat_secs_hsf"": 0.012471}"
brick,"brick:n=24,D=6,nn=0",1,"{""n"": 24.0, ""D"": 6.0, ""nn"": 0.0}",auto,skipped,,,,,,-0.0006824211068258397,,,"{""n"": 24, ""gates"": 240, ""g2"": 72, ""g3"": 0, ""depth2"": 6, ""t_count"": 0, ""rotations"": 504, ""d"": 24, ""dense_l"": 32.7715, ""redundant"": 480, ""obs_zero"": false, ""frame_l"": 56.9773, ""chi_bits"": 12, ""mps_l"": 44.3077, ""hsf_k"": 16, ""hsf_na"": 12, ""hsf_nb"": 12, ""hsf_l"": 40.0821, ""sup"": 24, ""chi_bits0"": 12, ""mps_l0"": 44.3077, ""hsf_keff"": 16, ""hsf_l0"": 40.0821, ""sparse_l"": 31.9069, ""sv_l"": 31.9069, ""feat_secs"": 0.013335, ""feat_secs_frame"": 0.000731, ""feat_secs_hsf"": 0.012471}"
ct,"ct:n=24,L=1,t=2,nn=1",1,"{""n"": 24.0, ""L"": 1.0, ""t"": 2.0, ""nn"": 1.0}",frame,ok,0.000157,0.0067,2523136,-0.0,0,0.0,0.0,switched_at=None dense_qubits=0 peak_terms=0 term_visits=0 dense_ops=0,"{""n"": 24, ""gates"": 40, ""g2"": 12, ""g3"": 0, ""depth2"": 1, ""t_count"": 2, ""rotations"": 2, ""d"": 1, ""dense_l"": 1.585, ""redundant"": 1, ""obs_zero"": true, ""frame_l"": 5.3219, ""chi_bits"": 1, ""mps_l"": 6.9542, ""hsf_k"": 0, ""hsf_na"": 12, ""hsf_nb"": 12, ""hsf_l"": 24.014, ""sup"": 13, ""chi_bits0"": 1, ""mps_l0"": 6.9542, ""hsf_keff"": 0, ""hsf_l0"": 24.014, ""sparse_l"": 18.3219, ""sv_l"": 29.3219, ""feat_secs"": 0.002359, ""feat_secs_frame"": 7.6e-05, ""feat_secs_hsf"": 0.002254}"
ct,"ct:n=24,L=1,t=2,nn=1",1,"{""n"": 24.0, ""L"": 1.0, ""t"": 2.0, ""nn"": 1.0}",dense,ok,7.2e-05,0.0043,2146304,0.0,1,0.0,0.0,switched_at=Some(2) dense_qubits=1 peak_terms=0 term_visits=0 dense_ops=3,"{""n"": 24, ""gates"": 40, ""g2"": 12, ""g3"": 0, ""depth2"": 1, ""t_count"": 2, ""rotations"": 2, ""d"": 1, ""dense_l"": 1.585, ""redundant"": 1, ""obs_zero"": true, ""frame_l"": 5.3219, ""chi_bits"": 1, ""mps_l"": 6.9542, ""hsf_k"": 0, ""hsf_na"": 12, ""hsf_nb"": 12, ""hsf_l"": 24.014, ""sup"": 13, ""chi_bits0"": 1, ""mps_l0"": 6.9542, ""hsf_keff"": 0, ""hsf_l0"": 24.014, ""sparse_l"": 18.3219, ""sv_l"": 29.3219, ""feat_secs"": 0.002359, ""feat_secs_frame"": 7.6e-05, ""feat_secs_hsf"": 0.002254}"
ct,"ct:n=24,L=1,t=2,nn=1",1,"{""n"": 24.0, ""L"": 1.0, ""t"": 2.0, ""nn"": 1.0}",auto,ok,0.000145,0.0040,2490368,-0.0,0,0.0,0.0,switched_at=None dense_qubits=0 peak_terms=0 term_visits=0 dense_ops=0,"{""n"": 24, ""gates"": 40, ""g2"": 12, ""g3"": 0, ""depth2"": 1, ""t_count"": 2, ""rotations"": 2, ""d"": 1, ""dense_l"": 1.585, ""redundant"": 1, ""obs_zero"": true, ""frame_l"": 5.3219, ""chi_bits"": 1, ""mps_l"": 6.9542, ""hsf_k"": 0, ""hsf_na"": 12, ""hsf_nb"": 12, ""hsf_l"": 24.014, ""sup"": 13, ""chi_bits0"": 1, ""mps_l0"": 6.9542, ""hsf_keff"": 0, ""hsf_l0"": 24.014, ""sparse_l"": 18.3219, ""sv_l"": 29.3219, ""feat_secs"": 0.002359, ""feat_secs_frame"": 7.6e-05, ""feat_secs_hsf"": 0.002254}"
ct,"ct:n=24,L=1,t=8,nn=1",1,"{""n"": 24.0, ""L"": 1.0, ""t"": 8.0, ""nn"": 1.0}",frame,ok,9.5e-05,0.0048,2211840,-0.0,0,0.0,0.0,switched_at=None dense_qubits=0 peak_terms=0 term_visits=0 dense_ops=0,"{""n"": 24, ""gates"": 52, ""g2"": 12, ""g3"": 0, ""depth2"": 1, ""t_count"": 8, ""rotations"": 8, ""d"": 4, ""dense_l"": 5.858, ""redundant"": 4, ""obs_zero"": true, ""frame_l"": 5.7004, ""chi_bits"": 1, ""mps_l"": 7.0875, ""hsf_k"": 0, ""hsf_na"": 12, ""hsf_nb"": 12, ""hsf_l"": 24.0182, ""sup"": 17, ""chi_bits0"": 1, ""mps_l0"": 7.0875, ""hsf_keff"": 0, ""hsf_l0"": 24.0182, ""sparse_l"": 22.7004, ""sv_l"": 29.7004, ""feat_secs"": 0.002502, ""feat_secs_frame"": 7.3e-05, ""feat_secs_hsf"": 0.002389}"
ct,"ct:n=24,L=1,t=8,nn=1",1,"{""n"": 24.0, ""L"": 1.0, ""t"": 8.0, ""nn"": 1.0}",dense,ok,9.5e-05,0.0045,2211840,0.0,4,0.0,0.0,switched_at=Some(8) dense_qubits=4 peak_terms=0 term_visits=0 dense_ops=58,"{""n"": 24, ""gates"": 52, ""g2"": 12, ""g3"": 0, ""depth2"": 1, ""t_count"": 8, ""rotations"": 8, ""d"": 4, ""dense_l"": 5.858, ""redundant"": 4, ""obs_zero"": true, ""frame_l"": 5.7004, ""chi_bits"": 1, ""mps_l"": 7.0875, ""hsf_k"": 0, ""hsf_na"": 12, ""hsf_nb"": 12, ""hsf_l"": 24.0182, ""sup"": 17, ""chi_bits0"": 1, ""mps_l0"": 7.0875, ""hsf_keff"": 0, ""hsf_l0"": 24.0182, ""sparse_l"": 22.7004, ""sv_l"": 29.7004, ""feat_secs"": 0.002502, ""feat_secs_frame"": 7.3e-05, ""feat_secs_hsf"": 0.002389}"
ct,"ct:n=24,L=1,t=8,nn=1",1,"{""n"": 24.0, ""L"": 1.0, ""t"": 8.0, ""nn"": 1.0}",auto,ok,9.8e-05,0.0071,2211840,-0.0,0,0.0,0.0,switched_at=None dense_qubits=0 peak_terms=0 term_visits=0 dense_ops=0,"{""n"": 24, ""gates"": 52, ""g2"": 12, ""g3"": 0, ""depth2"": 1, ""t_count"": 8, ""rotations"": 8, ""d"": 4, ""dense_l"": 5.858, ""redundant"": 4, ""obs_zero"": true, ""frame_l"": 5.7004, ""chi_bits"": 1, ""mps_l"": 7.0875, ""hsf_k"": 0, ""hsf_na"": 12, ""hsf_nb"": 12, ""hsf_l"": 24.0182, ""sup"": 17, ""chi_bits0"": 1, ""mps_l0"": 7.0875, ""hsf_keff"": 0, ""hsf_l0"": 24.0182, ""sparse_l"": 22.7004, ""sv_l"": 29.7004, ""feat_secs"": 0.002502, ""feat_secs_frame"": 7.3e-05, ""feat_secs_hsf"": 0.002389}"
ct,"ct:n=24,L=1,t=16,nn=1",1,"{""n"": 24.0, ""L"": 1.0, ""t"": 16.0, ""nn"": 1.0}",frame,ok,0.000106,0.0046,2211840,-0.0,0,0.0,0.0,switched_at=None dense_qubits=0 peak_terms=0 term_visits=0 dense_ops=0,"{""n"": 24, ""gates"": 64, ""g2"": 12, ""g3"": 0, ""depth2"": 1, ""t_count"": 16, ""rotations"": 16, ""d"": 9, ""dense_l"": 10.6493, ""redundant"": 7, ""obs_zero"": true, ""frame_l"": 6.0, ""chi_bits"": 1, ""mps_l"": 7.2095, ""hsf_k"": 0, ""hsf_na"": 12, ""hsf_nb"": 12, ""hsf_l"": 24.0224, ""sup"": 20, ""chi_bits0"": 1, ""mps_l0"": 7.2095, ""hsf_keff"": 0, ""hsf_l0"": 24.0224, ""sparse_l"": 26.0, ""sv_l"": 30.0, ""feat_secs"": 0.002802, ""feat_secs_frame"": 9.2e-05, ""feat_secs_hsf"": 0.002634}"
ct,"ct:n=24,L=1,t=16,nn=1",1,"{""n"": 24.0, ""L"": 1.0, ""t"": 16.0, ""nn"": 1.0}",dense,ok,9.2e-05,0.0043,2195456,0.0,9,0.0,0.0,switched_at=Some(16) dense_qubits=9 peak_terms=0 term_visits=0 dense_ops=1606,"{""n"": 24, ""gates"": 64, ""g2"": 12, ""g3"": 0, ""depth2"": 1, ""t_count"": 16, ""rotations"": 16, ""d"": 9, ""dense_l"": 10.6493, ""redundant"": 7, ""obs_zero"": true, ""frame_l"": 6.0, ""chi_bits"": 1, ""mps_l"": 7.2095, ""hsf_k"": 0, ""hsf_na"": 12, ""hsf_nb"": 12, ""hsf_l"": 24.0224, ""sup"": 20, ""chi_bits0"": 1, ""mps_l0"": 7.2095, ""hsf_keff"": 0, ""hsf_l0"": 24.0224, ""sparse_l"": 26.0, ""sv_l"": 30.0, ""feat_secs"": 0.002802, ""feat_secs_frame"": 9.2e-05, ""feat_secs_hsf"": 0.002634}"
ct,"ct:n=24,L=1,t=16,nn=1",1,"{""n"": 24.0, ""L"": 1.0, ""t"": 16.0, ""nn"": 1.0}",auto,ok,0.0001,0.0071,2211840,-0.0,0,0.0,0.0,switched_at=None dense_qubits=0 peak_terms=0 term_visits=0 dense_ops=0,"{""n"": 24, ""gates"": 64, ""g2"": 12, ""g3"": 0, ""depth2"": 1, ""t_count"": 16, ""rotations"": 16, ""d"": 9, ""dense_l"": 10.6493, ""redundant"": 7, ""obs_zero"": true, ""frame_l"": 6.0, ""chi_bits"": 1, ""mps_l"": 7.2095, ""hsf_k"": 0, ""hsf_na"": 12, ""hsf_nb"": 12, ""hsf_l"": 24.0224, ""sup"": 20, ""chi_bits0"": 1, ""mps_l0"": 7.2095, ""hsf_keff"": 0, ""hsf_l0"": 24.0224, ""sparse_l"": 26.0, ""sv_l"": 30.0, ""feat_secs"": 0.002802, ""feat_secs_frame"": 9.2e-05, ""feat_secs_hsf"": 0.002634}"
ct,"ct:n=24,L=1,t=32,nn=1",1,"{""n"": 24.0, ""L"": 1.0, ""t"": 32.0, ""nn"": 1.0}",frame,ok,0.00025,0.0061,2539520,-0.0,0,0.0,0.0,switched_at=None dense_qubits=0 peak_terms=0 term_visits=0 dense_ops=0,"{""n"": 24, ""gates"": 98, ""g2"": 12, ""g3"": 0, ""depth2"": 1, ""t_count"": 32, ""rotations"": 32, ""d"": 13, ""dense_l"": 15.7125, ""redundant"": 19, ""obs_zero"": true, ""frame_l"": 6.6147, ""chi_bits"": 1, ""mps_l"": 7.5078, ""hsf_k"": 0, ""hsf_na"": 12, ""hsf_nb"": 12, ""hsf_l"": 24.0341, ""sup"": 20, ""chi_bits0"": 1, ""mps_l0"": 7.5078, ""hsf_keff"": 0, ""hsf_l0"": 24.0341, ""sparse_l"": 26.6147, ""sv_l"": 30.6147, ""feat_secs"": 0.002656, ""feat_secs_frame"": 0.000124, ""feat_secs_hsf"": 0.002478}"
ct,"ct:n=24,L=1,t=32,nn=1",1,"{""n"": 24.0, ""L"": 1.0, ""t"": 32.0, ""nn"": 1.0}",dense,ok,0.000178,0.0046,2375680,0.0,13,0.0,0.0,switched_at=Some(32) dense_qubits=13 peak_terms=0 term_visits=0 dense_ops=53694,"{""n"": 24, ""gates"": 98, ""g2"": 12, ""g3"": 0, ""depth2"": 1, ""t_count"": 32, ""rotations"": 32, ""d"": 13, ""dense_l"": 15.7125, ""redundant"": 19, ""obs_zero"": true, ""frame_l"": 6.6147, ""chi_bits"": 1, ""mps_l"": 7.5078, ""hsf_k"": 0, ""hsf_na"": 12, ""hsf_nb"": 12, ""hsf_l"": 24.0341, ""sup"": 20, ""chi_bits0"": 1, ""mps_l0"": 7.5078, ""hsf_keff"": 0, ""hsf_l0"": 24.0341, ""sparse_l"": 26.6147, ""sv_l"": 30.6147, ""feat_secs"": 0.002656, ""feat_secs_frame"": 0.000124, ""feat_secs_hsf"": 0.002478}"
ct,"ct:n=24,L=1,t=32,nn=1",1,"{""n"": 24.0, ""L"": 1.0, ""t"": 32.0, ""nn"": 1.0}",auto,ok,0.000192,0.0046,2539520,-0.0,0,0.0,0.0,switched_at=None dense_qubits=0 peak_terms=0 term_visits=0 dense_ops=0,"{""n"": 24, ""gates"": 98, ""g2"": 12, ""g3"": 0, ""depth2"": 1, ""t_count"": 32, ""rotations"": 32, ""d"": 13, ""dense_l"": 15.7125, ""redundant"": 19, ""obs_zero"": true, ""frame_l"": 6.6147, ""chi_bits"": 1, ""mps_l"": 7.5078, ""hsf_k"": 0, ""hsf_na"": 12, ""hsf_nb"": 12, ""hsf_l"": 24.0341, ""sup"": 20, ""chi_bits0"": 1, ""mps_l0"": 7.5078, ""hsf_keff"": 0, ""hsf_l0"": 24.0341, ""sparse_l"": 26.6147, ""sv_l"": 30.6147, ""feat_secs"": 0.002656, ""feat_secs_frame"": 0.000124, ""feat_secs_hsf"": 0.002478}"
ct,"ct:n=24,L=1,t=64,nn=1",1,"{""n"": 24.0, ""L"": 1.0, ""t"": 64.0, ""nn"": 1.0}",frame,ok,0.000278,0.0066,2555904,-0.0,0,0.0,0.0,switched_at=None dense_qubits=0 peak_terms=0 term_visits=0 dense_ops=0,"{""n"": 24, ""gates"": 163, ""g2"": 12, ""g3"": 0, ""depth2"": 1, ""t_count"": 64, ""rotations"": 64, ""d"": 20, ""dense_l"": 22.5646, ""redundant"": 44, ""obs_zero"": true, ""frame_l"": 7.3487, ""chi_bits"": 1, ""mps_l"": 7.9484, ""hsf_k"": 0, ""hsf_na"": 12, ""hsf_nb"": 12, ""hsf_l"": 24.0563, ""sup"": 22, ""chi_bits0"": 1, ""mps_l0"": 7.9484, ""hsf_keff"": 0, ""hsf_l0"": 24.0563, ""sparse_l"": 29.3487, ""sv_l"": 31.3487, ""feat_secs"": 0.00246, ""feat_secs_frame"": 0.000149, ""feat_secs_hsf"": 0.002235}"
ct,"ct:n=24,L=1,t=64,nn=1",1,"{""n"": 24.0, ""L"": 1.0, ""t"": 64.0, ""nn"": 1.0}",dense,ok,0.010675,0.0180,19382272,0.0,20,0.0,0.0,switched_at=Some(64) dense_qubits=20 peak_terms=0 term_visits=0 dense_ops=6203120,"{""n"": 24, ""gates"": 163, ""g2"": 12, ""g3"": 0, ""depth2"": 1, ""t_count"": 64, ""rotations"": 64, ""d"": 20, ""dense_l"": 22.5646, ""redundant"": 44, ""obs_zero"": true, ""frame_l"": 7.3487, ""chi_bits"": 1, ""mps_l"": 7.9484, ""hsf_k"": 0, ""hsf_na"": 12, ""hsf_nb"": 12, ""hsf_l"": 24.0563, ""sup"": 22, ""chi_bits0"": 1, ""mps_l0"": 7.9484, ""hsf_keff"": 0, ""hsf_l0"": 24.0563, ""sparse_l"": 29.3487, ""sv_l"": 31.3487, ""feat_secs"": 0.00246, ""feat_secs_frame"": 0.000149, ""feat_secs_hsf"": 0.002235}"
ct,"ct:n=24,L=1,t=64,nn=1",1,"{""n"": 24.0, ""L"": 1.0, ""t"": 64.0, ""nn"": 1.0}",auto,ok,0.000214,0.0047,2555904,-0.0,0,0.0,0.0,switched_at=None dense_qubits=0 peak_terms=0 term_visits=0 dense_ops=0,"{""n"": 24, ""gates"": 163, ""g2"": 12, ""g3"": 0, ""depth2"": 1, ""t_count"": 64, ""rotations"": 64, ""d"": 20, ""dense_l"": 22.5646, ""redundant"": 44, ""obs_zero"": true, ""frame_l"": 7.3487, ""chi_bits"": 1, ""mps_l"": 7.9484, ""hsf_k"": 0, ""hsf_na"": 12, ""hsf_nb"": 12, ""hsf_l"": 24.0563, ""sup"": 22, ""chi_bits0"": 1, ""mps_l0"": 7.9484, ""hsf_keff"": 0, ""hsf_l0"": 24.0563, ""sparse_l"": 29.3487, ""sv_l"": 31.3487, ""feat_secs"": 0.00246, ""feat_secs_frame"": 0.000149, ""feat_secs_hsf"": 0.002235}"
ct,"ct:n=24,L=2,t=2,nn=1",1,"{""n"": 24.0, ""L"": 2.0, ""t"": 2.0, ""nn"": 1.0}",frame,ok,0.000231,0.0047,2539520,-0.0,0,0.0,0.0,switched_at=None dense_qubits=0 peak_terms=0 term_visits=0 dense_ops=0,"{""n"": 24, ""gates"": 69, ""g2"": 23, ""g3"": 0, ""depth2"": 2, ""t_count"": 2, ""rotations"": 2, ""d"": 2, ""dense_l"": 2.585, ""redundant"": 0, ""obs_zero"": true, ""frame_l"": 6.1085, ""chi_bits"": 1, ""mps_l"": 8.2095, ""hsf_k"": 1, ""hsf_na"": 12, ""hsf_nb"": 12, ""hsf_l"": 25.0241, ""sup"": 17, ""chi_bits0"": 1, ""mps_l0"": 8.2095, ""hsf_keff"": 1, ""hsf_l0"": 25.0241, ""sparse_l"": 23.1085, ""sv_l"": 30.1085, ""feat_secs"": 0.004923, ""feat_secs_frame"": 0.000108, ""feat_secs_hsf"": 0.004769}"
ct,"ct:n=24,L=2,t=2,nn=1",1,"{""n"": 24.0, ""L"": 2.0, ""t"": 2.0, ""nn"": 1.0}",dense,ok,0.000131,0.0040,2211840,0.0,2,0.0,0.0,switched_at=Some(2) dense_qubits=2 peak_terms=0 term_visits=0 dense_ops=6,"{""n"": 24, ""gates"": 69, ""g2"": 23, ""g3"": 0, ""depth2"": 2, ""t_count"": 2, ""rotations"": 2, ""d"": 2, ""dense_l"": 2.585, ""redundant"": 0, ""obs_zero"": true, ""frame_l"": 6.1085, ""chi_bits"": 1, ""mps_l"": 8.2095, ""hsf_k"": 1, ""hsf_na"": 12, ""hsf_nb"": 12, ""hsf_l"": 25.0241, ""sup"": 17, ""chi_bits0"": 1, ""mps_l0"": 8.2095, ""hsf_keff"": 1, ""hsf_l0"": 25.0241, ""sparse_l"": 23.1085, ""sv_l"": 30.1085, ""feat_secs"": 0.004923, ""feat_secs_frame"": 0.000108, ""feat_secs_hsf"": 0.004769}"
ct,"ct:n=24,L=2,t=2,nn=1",1,"{""n"": 24.0, ""L"": 2.0, ""t"": 2.0, ""nn"": 1.0}",auto,ok,0.000237,0.0043,2555904,-0.0,0,0.0,0.0,switched_at=None dense_qubits=0 peak_terms=0 term_visits=0 dense_ops=0,"{""n"": 24, ""gates"": 69, ""g2"": 23, ""g3"": 0, ""depth2"": 2, ""t_count"": 2, ""rotations"": 2, ""d"": 2, ""dense_l"": 2.585, ""redundant"": 0, ""obs_zero"": true, ""frame_l"": 6.1085, ""chi_bits"": 1, ""mps_l"": 8.2095, ""hsf_k"": 1, ""hsf_na"": 12, ""hsf_nb"": 12, ""hsf_l"": 25.0241, ""sup"": 17, ""chi_bits0"": 1, ""mps_l0"": 8.2095, ""hsf_keff"": 1, ""hsf_l0"": 25.0241, ""sparse_l"": 23.1085, ""sv_l"": 30.1085, ""feat_secs"": 0.004923, ""feat_secs_frame"": 0.000108, ""feat_secs_hsf"": 0.004769}"
ct,"ct:n=24,L=2,t=8,nn=1",1,"{""n"": 24.0, ""L"": 2.0, ""t"": 8.0, ""nn"": 1.0}",frame,ok,0.000113,0.0047,2211840,-0.0,0,0.0,0.0,switched_at=None dense_qubits=0 peak_terms=0 term_visits=0 dense_ops=0,"{""n"": 24, ""gates"": 83, ""g2"": 23, ""g3"": 0, ""depth2"": 2, ""t_count"": 8, ""rotations"": 8, ""d"": 3, ""dense_l"": 4.9542, ""redundant"": 5, ""obs_zero"": true, ""frame_l"": 6.375, ""chi_bits"": 1, ""mps_l"": 8.3576, ""hsf_k"": 1, ""hsf_na"": 12, ""hsf_nb"": 12, ""hsf_l"": 25.0289, ""sup"": 19, ""chi_bits0"": 1, ""mps_l0"": 8.3576, ""hsf_keff"": 1, ""hsf_l0"": 25.0289, ""sparse_l"": 25.375, ""sv_l"": 30.375, ""feat_secs"": 0.004819, ""feat_secs_frame"": 0.000118, ""feat_secs_hsf"": 0.004646}"
ct,"ct:n=24,L=2,t=8,nn=1",1,"{""n"": 24.0, ""L"": 2.0, ""t"": 8.0, ""nn"": 1.0}",dense,ok,0.00012,0.0070,2195456,0.0,3,0.0,0.0,switched_at=Some(7) dense_qubits=3 peak_terms=0 term_visits=0 dense_ops=27,"{""n"": 24, ""gates"": 83, ""g2"": 23, ""g3"": 0, ""depth2"": 2, ""t_count"": 8, ""rotations"": 8, ""d"": 3, ""dense_l"": 4.9542, ""redundant"": 5, ""obs_zero"": true, ""frame_l"": 6.375, ""chi_bits"": 1, ""mps_l"": 8.3576, ""hsf_k"": 1, ""hsf_na"": 12, ""hsf_nb"": 12, ""hsf_l"": 25.0289, ""sup"": 19, ""chi_bits0"": 1, ""mps_l0"": 8.3576, ""hsf_keff"": 1, ""hsf_l0"": 25.0289, ""sparse_l"": 25.375, ""sv_l"": 30.375, ""feat_secs"": 0.004819, ""feat_secs_frame"": 0.000118, ""feat_secs_hsf"": 0.004646}"
ct,"ct:n=24,L=2,t=8,nn=1",1,"{""n"": 24.0, ""L"": 2.0, ""t"": 8.0, ""nn"": 1.0}",auto,ok,0.00013,0.0046,2211840,-0.0,0,0.0,0.0,switched_at=None dense_qubits=0 peak_terms=0 term_visits=0 dense_ops=0,"{""n"": 24, ""gates"": 83, ""g2"": 23, ""g3"": 0, ""depth2"": 2, ""t_count"": 8, ""rotations"": 8, ""d"": 3, ""dense_l"": 4.9542, ""redundant"": 5, ""obs_zero"": true, ""frame_l"": 6.375, ""chi_bits"": 1, ""mps_l"": 8.3576, ""hsf_k"": 1, ""hsf_na"": 12, ""hsf_nb"": 12, ""hsf_l"": 25.0289, ""sup"": 19, ""chi_bits0"": 1, ""mps_l0"": 8.3576, ""hsf_keff"": 1, ""hsf_l0"": 25.0289, ""sparse_l"": 25.375, ""sv_l"": 30.375, ""feat_secs"": 0.004819, ""feat_secs_frame"": 0.000118, ""feat_secs_hsf"": 0.004646}"
ct,"ct:n=24,L=2,t=16,nn=1",1,"{""n"": 24.0, ""L"": 2.0, ""t"": 16.0, ""nn"": 1.0}",frame,ok,0.000246,0.0046,2555904,-0.0,0,0.0,0.0,switched_at=None dense_qubits=0 peak_terms=0 term_visits=0 dense_ops=0,"{""n"": 24, ""gates"": 98, ""g2"": 23, ""g3"": 0, ""depth2"": 2, ""t_count"": 16, ""rotations"": 16, ""d"": 6, ""dense_l"": 7.9887, ""redundant"": 10, ""obs_zero"": true, ""frame_l"": 6.6147, ""chi_bits"": 1, ""mps_l"": 8.5546, ""hsf_k"": 1, ""hsf_na"": 12, ""hsf_nb"": 12, ""hsf_l"": 25.0341, ""sup"": 22, ""chi_bits0"": 1, ""mps_l0"": 8.5546, ""hsf_keff"": 1, ""hsf_l0"": 25.0341, ""sparse_l"": 28.6147, ""sv_l"": 30.6147, ""feat_secs"": 0.004876, ""feat_secs_frame"": 0.00013, ""feat_secs_hsf"": 0.00469}"
ct,"ct:n=24,L=2,t=16,nn=1",1,"{""n"": 24.0, ""L"": 2.0, ""t"": 16.0, ""nn"": 1.0}",dense,ok,0.000115,0.0043,2211840,0.0,6,0.0,0.0,switched_at=Some(14) dense_qubits=6 peak_terms=0 term_visits=0 dense_ops=174,"{""n"": 24, ""gates"": 98, ""g2"": 23, ""g3"": 0, ""depth2"": 2, ""t_count"": 16, ""rotations"": 16, ""d"": 6, ""dense_l"": 7.9887, ""redundant"": 10, ""obs_zero"": true, ""frame_l"": 6.6147, ""chi_bits"": 1, ""mps_l"": 8.5546, ""hsf_k"": 1, ""hsf_na"": 12, ""hsf_nb"": 12, ""hsf_l"": 25.0341, ""sup"": 22, ""chi_bits0"": 1, ""mps_l0"": 8.5546, ""hsf_keff"": 1, ""hsf_l0"": 25.0341, ""sparse_l"": 28.6147, ""sv_l"": 30.6147, ""feat_secs"": 0.004876, ""feat_secs_frame"": 0.00013, ""feat_secs_hsf"": 0.00469}"
ct,"ct:n=24,L=2,t=16,nn=1",1,"{""n"": 24.0, ""L"": 2.0, ""t"": 16.0, ""nn"": 1.0}",auto,ok,0.000238,0.0064,2555904,-0.0,0,0.0,0.0,switched_at=None dense_qubits=0 peak_terms=0 term_visits=0 dense_ops=0,"{""n"": 24, ""gates"": 98, ""g2"": 23, ""g3"": 0, ""depth2"": 2, ""t_count"": 16, ""rotations"": 16, ""d"": 6, ""dense_l"": 7.9887, ""redundant"": 10, ""obs_zero"": true, ""frame_l"": 6.6147, ""chi_bits"": 1, ""mps_l"": 8.5546, ""hsf_k"": 1, ""hsf_na"": 12, ""hsf_nb"": 12, ""hsf_l"": 25.0341, ""sup"": 22, ""chi_bits0"": 1, ""mps_l0"": 8.5546, ""hsf_keff"": 1, ""hsf_l0"": 25.0341, ""sparse_l"": 28.6147, ""sv_l"": 30.6147, ""feat_secs"": 0.004876, ""feat_secs_frame"": 0.00013, ""feat_secs_hsf"": 0.00469}"
ct,"ct:n=24,L=2,t=32,nn=1",1,"{""n"": 24.0, ""L"": 2.0, ""t"": 32.0, ""nn"": 1.0}",frame,ok,0.000269,0.0068,2588672,-0.0,0,0.0,0.0,switched_at=None dense_qubits=0 peak_terms=0 term_visits=0 dense_ops=0,"{""n"": 24, ""gates"": 134, ""g2"": 23, ""g3"": 0, ""depth2"": 2, ""t_count"": 32, ""rotations"": 32, ""d"": 16, ""dense_l"": 17.2765, ""redundant"": 16, ""obs_zero"": true, ""frame_l"": 7.0661, ""chi_bits"": 1, ""mps_l"": 8.8642, ""hsf_k"": 1, ""hsf_na"": 12, ""hsf_nb"": 12, ""hsf_l"": 25.0464, ""sup"": 24, ""chi_bits0"": 1, ""mps_l0"": 8.8642, ""hsf_keff"": 1, ""hsf_l0"": 25.0464, ""sparse_l"": 31.0661, ""sv_l"": 31.0661, ""feat_secs"": 0.004909, ""feat_secs_frame"": 0.000148, ""feat_secs_hsf"": 0.004694}"
ct,"ct:n=24,L=2,t=32,nn=1",1,"{""n"": 24.0, ""L"": 2.0, ""t"": 32.0, ""nn"": 1.0}",dense,ok,0.000538,0.0077,3571712,0.0,16,0.0,0.0,switched_at=Some(29) dense_qubits=16 peak_terms=0 term_visits=0 dense_ops=148526,"{""n"": 24, ""gates"": 134, ""g2"": 23, ""g3"": 0, ""depth2"": 2, ""t_count"": 32, ""rotations"": 32, ""d"": 16, ""dense_l"": 17.2765, ""redundant"": 16, ""obs_zero"": true, ""frame_l"": 7.0661, ""chi_bits"": 1, ""mps_l"": 8.8642, ""hsf_k"": 1, ""hsf_na"": 12, ""hsf_nb"": 12, ""hsf_l"": 25.0464, ""sup"": 24, ""chi_bits0"": 1, ""mps_l0"": 8.8642, ""hsf_keff"": 1, ""hsf_l0"": 25.0464, ""sparse_l"": 31.0661, ""sv_l"": 31.0661, ""feat_secs"": 0.004909, ""feat_secs_frame"": 0.000148, ""feat_secs_hsf"": 0.004694}"
ct,"ct:n=24,L=2,t=32,nn=1",1,"{""n"": 24.0, ""L"": 2.0, ""t"": 32.0, ""nn"": 1.0}",auto,ok,0.000228,0.0044,2572288,-0.0,0,0.0,0.0,switched_at=None dense_qubits=0 peak_terms=0 term_visits=0 dense_ops=0,"{""n"": 24, ""gates"": 134, ""g2"": 23, ""g3"": 0, ""depth2"": 2, ""t_count"": 32, ""rotations"": 32, ""d"": 16, ""dense_l"": 17.2765, ""redundant"": 16, ""obs_zero"": true, ""frame_l"": 7.0661, ""chi_bits"": 1, ""mps_l"": 8.8642, ""hsf_k"": 1, ""hsf_na"": 12, ""hsf_nb"": 12, ""hsf_l"": 25.0464, ""sup"": 24, ""chi_bits0"": 1, ""mps_l0"": 8.8642, ""hsf_keff"": 1, ""hsf_l0"": 25.0464, ""sparse_l"": 31.0661, ""sv_l"": 31.0661, ""feat_secs"": 0.004909, ""feat_secs_frame"": 0.000148, ""feat_secs_hsf"": 0.004694}"
ct,"ct:n=24,L=2,t=64,nn=1",1,"{""n"": 24.0, ""L"": 2.0, ""t"": 64.0, ""nn"": 1.0}",frame,ok,0.000279,0.0076,2605056,-0.0,1,-0.0,0.0,switched_at=None dense_qubits=0 peak_terms=1 term_visits=1 dense_ops=0,"{""n"": 24, ""gates"": 197, ""g2"": 23, ""g3"": 0, ""depth2"": 2, ""t_count"": 64, ""rotations"": 64, ""d"": 23, ""dense_l"": 25.6263, ""redundant"": 41, ""obs_zero"": false, ""frame_l"": 26.5, ""chi_bits"": 1, ""mps_l"": 9.1874, ""hsf_k"": 1, ""hsf_na"": 12, ""hsf_nb"": 12, ""hsf_l"": 25.0678, ""sup"": 24, ""chi_bits0"": 1, ""mps_l0"": 9.1874, ""hsf_keff"": 1, ""hsf_l0"": 25.0678, ""sparse_l"": 31.6221, ""sv_l"": 31.6221, ""feat_secs"": 0.005089, ""feat_secs_frame"": 0.000185, ""feat_secs_hsf"": 0.004809}"
ct,"ct:n=24,L=2,t=64,nn=1",1,"{""n"": 24.0, ""L"": 2.0, ""t"": 64.0, ""nn"": 1.0}",dense,ok,0.093546,0.0981,137084928,5.421010862427522e-20,23,-0.0,5.421010862427522e-20,switched_at=Some(61) dense_qubits=23 peak_terms=1 term_visits=0 dense_ops=49695990,"{""n"": 24, ""gates"": 197, ""g2"": 23, ""g3"": 0, ""depth2"": 2, ""t_count"": 64, ""rotations"": 64, ""d"": 23, ""dense_l"": 25.6263, ""redundant"": 41, ""obs_zero"": false, ""frame_l"": 26.5, ""chi_bits"": 1, ""mps_l"": 9.1874, ""hsf_k"": 1, ""hsf_na"": 12, ""hsf_nb"": 12, ""hsf_l"": 25.0678, ""sup"": 24, ""chi_bits0"": 1, ""mps_l0"": 9.1874, ""hsf_keff"": 1, ""hsf_l0"": 25.0678, ""sparse_l"": 31.6221, ""sv_l"": 31.6221, ""feat_secs"": 0.005089, ""feat_secs_frame"": 0.000185, ""feat_secs_hsf"": 0.004809}"
ct,"ct:n=24,L=2,t=64,nn=1",1,"{""n"": 24.0, ""L"": 2.0, ""t"": 64.0, ""nn"": 1.0}",auto,ok,0.000255,0.0077,2605056,-0.0,0,-0.0,0.0,switched_at=None dense_qubits=0 peak_terms=1 term_visits=1 dense_ops=0,"{""n"": 24, ""gates"": 197, ""g2"": 23, ""g3"": 0, ""depth2"": 2, ""t_count"": 64, ""rotations"": 64, ""d"": 23, ""dense_l"": 25.6263, ""redundant"": 41, ""obs_zero"": false, ""frame_l"": 26.5, ""chi_bits"": 1, ""mps_l"": 9.1874, ""hsf_k"": 1, ""hsf_na"": 12, ""hsf_nb"": 12, ""hsf_l"": 25.0678, ""sup"": 24, ""chi_bits0"": 1, ""mps_l0"": 9.1874, ""hsf_keff"": 1, ""hsf_l0"": 25.0678, ""sparse_l"": 31.6221, ""sv_l"": 31.6221, ""feat_secs"": 0.005089, ""feat_secs_frame"": 0.000185, ""feat_secs_hsf"": 0.004809}"
ct,"ct:n=24,L=4,t=2,nn=1",1,"{""n"": 24.0, ""L"": 4.0, ""t"": 2.0, ""nn"": 1.0}",frame,ok,0.000264,0.0074,2572288,-0.0,0,0.0,0.0,switched_at=None dense_qubits=0 peak_terms=0 term_visits=0 dense_ops=0,"{""n"": 24, ""gates"": 142, ""g2"": 46, ""g3"": 0, ""depth2"": 4, ""t_count"": 2, ""rotations"": 2, ""d"": 2, ""dense_l"": 2.585, ""redundant"": 0, ""obs_zero"": true, ""frame_l"": 7.1497, ""chi_bits"": 2, ""mps_l"": 11.0821, ""hsf_k"": 2, ""hsf_na"": 12, ""hsf_nb"": 12, ""hsf_l"": 26.0492, ""sup"": 24, ""chi_bits0"": 2, ""mps_l0"": 11.0821, ""hsf_keff"": 2, ""hsf_l0"": 26.0492, ""sparse_l"": 31.1497, ""sv_l"": 31.1497, ""feat_secs"": 0.005033, ""feat_secs_frame"": 0.000198, ""feat_secs_hsf"": 0.004713}"
ct,"ct:n=24,L=4,t=2,nn=1",1,"{""n"": 24.0, ""L"": 4.0, ""t"": 2.0, ""nn"": 1.0}",dense,ok,0.00014,0.0045,2244608,0.0,2,0.0,0.0,switched_at=Some(2) dense_qubits=2 peak_terms=0 term_visits=0 dense_ops=6,"{""n"": 24, ""gates"": 142, ""g2"": 46, ""g3"": 0, ""depth2"": 4, ""t_count"": 2, ""rotations"": 2, ""d"": 2, ""dense_l"": 2.585, ""redundant"": 0, ""obs_zero"": true, ""frame_l"": 7.1497, ""chi_bits"": 2, ""mps_l"": 11.0821, ""hsf_k"": 2, ""hsf_na"": 12, ""hsf_nb"": 12, ""hsf_l"": 26.0492, ""sup"": 24, ""chi_bits0"": 2, ""mps_l0"": 11.0821, ""hsf_keff"": 2, ""hsf_l0"": 26.0492, ""sparse_l"": 31.1497, ""sv_l"": 31.1497, ""feat_secs"": 0.005033, ""feat_secs_frame"": 0.000198, ""feat_secs_hsf"": 0.004713}"
ct,"ct:n=24,L=4,t=2,nn=1",1,"{""n"": 24.0, ""L"": 4.0, ""t"": 2.0, ""nn"": 1.0}",auto,ok,0.000288,0.0070,2588672,-0.0,0,0.0,0.0,switched_at=None dense_qubits=0 peak_terms=0 term_visits=0 dense_ops=0,"{""n"": 24, ""gates"": 142, ""g2"": 46, ""g3"": 0, ""depth2"": 4, ""t_count"": 2, ""rotations"": 2, ""d"": 2, ""dense_l"": 2.585, ""redundant"": 0, ""obs_zero"": true, ""frame_l"": 7.1497, ""chi_bits"": 2, ""mps_l"": 11.0821, ""hsf_k"": 2, ""hsf_na"": 12, ""hsf_nb"": 12, ""hsf_l"": 26.0492, ""sup"": 24, ""chi_bits0"": 2, ""mps_l0"": 11.0821, ""hsf_keff"": 2, ""hsf_l0"": 26.0492, ""sparse_l"": 31.1497, ""sv_l"": 31.1497, ""feat_secs"": 0.005033, ""feat_secs_frame"": 0.000198, ""feat_secs_hsf"": 0.004713}"
ct,"ct:n=24,L=4,t=8,nn=1",1,"{""n"": 24.0, ""L"": 4.0, ""t"": 8.0, ""nn"": 1.0}",frame,ok,0.000142,0.0065,2260992,-0.0,0,0.0,0.0,switched_at=None dense_qubits=0 peak_terms=0 term_visits=0 dense_ops=0,"{""n"": 24, ""gates"": 158, ""g2"": 46, ""g3"": 0, ""depth2"": 4, ""t_count"": 8, ""rotations"": 8, ""d"": 6, ""dense_l"": 7.6294, ""redundant"": 2, ""obs_zero"": true, ""frame_l"": 7.3038, ""chi_bits"": 2, ""mps_l"": 11.1241, ""hsf_k"": 2, ""hsf_na"": 12, ""hsf_nb"": 12, ""hsf_l"": 26.0546, ""sup"": 24, ""chi_bits0"": 2, ""mps_l0"": 11.1241, ""hsf_keff"": 2, ""hsf_l0"": 26.0546, ""sparse_l"": 31.3038, ""sv_l"": 31.3038, ""feat_secs"": 0.005043, ""feat_secs_frame"": 0.000179, ""feat_secs_hsf"": 0.004784}"
ct,"ct:n=24,L=4,t=8,nn=1",1,"{""n"": 24.0, ""L"": 4.0, ""t"": 8.0, ""nn"": 1.0}",dense,ok,0.000139,0.0046,2244608,0.0,6,0.0,0.0,switched_at=Some(8) dense_qubits=6 peak_terms=0 term_visits=0 dense_ops=198,"{""n"": 24, ""gates"": 158, ""g2"": 46, ""g3"": 0, ""depth2"": 4, ""t_count"": 8, ""rotations"": 8, ""d"": 6, ""dense_l"": 7.6294, ""redundant"": 2, ""obs_zero"": true, ""frame_l"": 7.3038, ""chi_bits"": 2, ""mps_l"": 11.1241, ""hsf_k"": 2, ""hsf_na"": 12, ""hsf_nb"": 12, ""hsf_l"": 26.0546, ""sup"": 24, ""chi_bits0"": 2, ""mps_l0"": 11.1241, ""hsf_keff"": 2, ""hsf_l0"": 26.0546, ""sparse_l"": 31.3038, ""sv_l"": 31.3038, ""feat_secs"": 0.005043, ""feat_secs_frame"": 0.000179, ""feat_secs_hsf"": 0.004784}"
ct,"ct:n=24,L=4,t=8,nn=1",1,"{""n"": 24.0, ""L"": 4.0, ""t"": 8.0, ""nn"": 1.0}",auto,ok,0.000225,0.0071,2260992,-0.0,0,0.0,0.0,switched_at=None dense_qubits=0 peak_terms=0 term_visits=0 dense_ops=0,"{""n"": 24, ""gates"": 158, ""g2"": 46, ""g3"": 0, ""depth2"": 4, ""t_count"": 8, ""rotations"": 8, ""d"": 6, ""dense_l"": 7.6294, ""redundant"": 2, ""obs_zero"": true, ""frame_l"": 7.3038, ""chi_bits"": 2, ""mps_l"": 11.1241, ""hsf_k"": 2, ""hsf_na"": 12, ""hsf_nb"": 12, ""hsf_l"": 26.0546, ""sup"": 24, ""chi_bits0"": 2, ""mps_l0"": 11.1241, ""hsf_keff"": 2, ""hsf_l0"": 26.0546, ""sparse_l"": 31.3038, ""sv_l"": 31.3038, ""feat_secs"": 0.005043, ""feat_secs_frame"": 0.000179, ""feat_secs_hsf"": 0.004784}"
ct,"ct:n=24,L=4,t=16,nn=1",1,"{""n"": 24.0, ""L"": 4.0, ""t"": 16.0, ""nn"": 1.0}",frame,ok,0.000358,0.0073,2555904,-0.0,0,0.0,0.0,switched_at=None dense_qubits=0 peak_terms=0 term_visits=0 dense_ops=0,"{""n"": 24, ""gates"": 175, ""g2"": 46, ""g3"": 0, ""depth2"": 4, ""t_count"": 16, ""rotations"": 16, ""d"": 9, ""dense_l"": 11.4691, ""redundant"": 7, ""obs_zero"": true, ""frame_l"": 7.4512, ""chi_bits"": 2, ""mps_l"": 11.2479, ""hsf_k"": 2, ""hsf_na"": 12, ""hsf_nb"": 12, ""hsf_l"": 25.0604, ""sup"": 23, ""chi_bits0"": 2, ""mps_l0"": 11.2479, ""hsf_keff"": 1, ""hsf_l0"": 26.0604, ""sparse_l"": 30.4512, ""sv_l"": 31.4512, ""feat_secs"": 0.005488, ""feat_secs_frame"": 0.000185, ""feat_secs_hsf"": 0.00522}"
ct,"ct:n=24,L=4,t=16,nn=1",1,"{""n"": 24.0, ""L"": 4.0, ""t"": 16.0, ""nn"": 1.0}",dense,ok,0.000157,0.0046,2244608,0.0,9,0.0,0.0,switched_at=Some(15) dense_qubits=9 peak_terms=0 term_visits=0 dense_ops=2579,"{""n"": 24, ""gates"": 175, ""g2"": 46, ""g3"": 0, ""depth2"": 4, ""t_count"": 16, ""rotations"": 16, ""d"": 9, ""dense_l"": 11.4691, ""redundant"": 7, ""obs_zero"": true, ""frame_l"": 7.4512, ""chi_bits"": 2, ""mps_l"": 11.2479, ""hsf_k"": 2, ""hsf_na"": 12, ""hsf_nb"": 12, ""hsf_l"": 25.0604, ""sup"": 23, ""chi_bits0"": 2, ""mps_l0"": 11.2479, ""hsf_keff"": 1, ""hsf_l0"": 26.0604, ""sparse_l"": 30.4512, ""sv_l"": 31.4512, ""feat_secs"": 0.005488, ""feat_secs_frame"": 0.000185, ""feat_secs_hsf"": 0.00522}"
ct,"ct:n=24,L=4,t=16,nn=1",1,"{""n"": 24.0, ""L"": 4.0, ""t"": 16.0, ""nn"": 1.0}",auto,ok,0.000234,0.0069,2572288,-0.0,0,0.0,0.0,switched_at=None dense_qubits=0 peak_terms=0 term_visits=0 dense_ops=0,"{""n"": 24, ""gates"": 175, ""g2"": 46, ""g3"": 0, ""depth2"": 4, ""t_count"": 16, ""rotations"": 16, ""d"": 9, ""dense_l"": 11.4691, ""redundant"": 7, ""obs_zero"": true, ""frame_l"": 7.4512, ""chi_bits"": 2, ""mps_l"": 11.2479, ""hsf_k"": 2, ""hsf_na"": 12, ""hsf_nb"": 12, ""hsf_l"": 25.0604, ""sup"": 23, ""chi_bits0"": 2, ""mps_l0"": 11.2479, ""hsf_keff"": 1, ""hsf_l0"": 26.0604, ""sparse_l"": 30.4512, ""sv_l"": 31.4512, ""feat_secs"": 0.005488, ""feat_secs_frame"": 0.000185, ""feat_secs_hsf"": 0.00522}"
ct,"ct:n=24,L=4,t=32,nn=1",1,"{""n"": 24.0, ""L"": 4.0, ""t"": 32.0, ""nn"": 1.0}",frame,ok,0.000292,0.0078,2588672,-0.0,0,0.0,0.0,switched_at=None dense_qubits=0 peak_terms=0 term_visits=0 dense_ops=0,"{""n"": 24, ""gates"": 208, ""g2"": 46, ""g3"": 0, ""depth2"": 4, ""t_count"": 32, ""rotations"": 32, ""d"": 19, ""dense_l"": 20.4793, ""redundant"": 13, ""obs_zero"": true, ""frame_l"": 7.7004, ""chi_bits"": 2, ""mps_l"": 11.29, ""hsf_k"": 2, ""hsf_na"": 12, ""hsf_nb"": 12, ""hsf_l"": 26.0715, ""sup"": 24, ""chi_bits0"": 2, ""mps_l0"": 11.29, ""hsf_keff"": 2, ""hsf_l0"": 26.0715, ""sparse_l"": 31.7004, ""sv_l"": 31.7004, ""feat_secs"": 0.005104, ""feat_secs_frame"": 0.000204, ""feat_secs_hsf"": 0.004802}"
ct,"ct:n=24,L=4,t=32,nn=1",1,"{""n"": 24.0, ""L"": 4.0, ""t"": 32.0, ""nn"": 1.0}",dense,ok,0.0027,0.0093,11059200,0.0,19,0.0,0.0,switched_at=Some(28) dense_qubits=19 peak_terms=0 term_visits=0 dense_ops=1148418,"{""n"": 24, ""gates"": 208, ""g2"": 46, ""g3"": 0, ""depth2"": 4, ""t_count"": 32, ""rotations"": 32, ""d"": 19, ""dense_l"": 20.4793, ""redundant"": 13, ""obs_zero"": true, ""frame_l"": 7.7004, ""chi_bits"": 2, ""mps_l"": 11.29, ""hsf_k"": 2, ""hsf_na"": 12, ""hsf_nb"": 12, ""hsf_l"": 26.0715, ""sup"": 24, ""chi_bits0"": 2, ""mps_l0"": 11.29, ""hsf_keff"": 2, ""hsf_l0"": 26.0715, ""sparse_l"": 31.7004, ""sv_l"": 31.7004, ""feat_secs"": 0.005104, ""feat_secs_frame"": 0.000204, ""feat_secs_hsf"": 0.004802}"
ct,"ct:n=24,L=4,t=32,nn=1",1,"{""n"": 24.0, ""L"": 4.0, ""t"": 32.0, ""nn"": 1.0}",auto,ok,0.000304,0.0046,2588672,-0.0,0,0.0,0.0,switched_at=None dense_qubits=0 peak_terms=0 term_visits=0 dense_ops=0,"{""n"": 24, ""gates"": 208, ""g2"": 46, ""g3"": 0, ""depth2"": 4, ""t_count"": 32, ""rotations"": 32, ""d"": 19, ""dense_l"": 20.4793, ""redundant"": 13, ""obs_zero"": true, ""frame_l"": 7.7004, ""chi_bits"": 2, ""mps_l"": 11.29, ""hsf_k"": 2, ""hsf_na"": 12, ""hsf_nb"": 12, ""hsf_l"": 26.0715, ""sup"": 24, ""chi_bits0"": 2, ""mps_l0"": 11.29, ""hsf_keff"": 2, ""hsf_l0"": 26.0715, ""sparse_l"": 31.7004, ""sv_l"": 31.7004, ""feat_secs"": 0.005104, ""feat_secs_frame"": 0.000204, ""feat_secs_hsf"": 0.004802}"
ct,"ct:n=24,L=4,t=64,nn=1",1,"{""n"": 24.0, ""L"": 4.0, ""t"": 64.0, ""nn"": 1.0}",frame,ok,0.000735,0.0066,2719744,-0.0,144,-0.0,0.0,switched_at=None dense_qubits=0 peak_terms=144 term_visits=481 dense_ops=0,"{""n"": 24, ""gates"": 269, ""g2"": 46, ""g3"": 0, ""depth2"": 4, ""t_count"": 64, ""rotations"": 64, ""d"": 23, ""dense_l"": 26.5266, ""redundant"": 41, ""obs_zero"": false, ""frame_l"": 26.5, ""chi_bits"": 2, ""mps_l"": 11.432, ""hsf_k"": 2, ""hsf_na"": 12, ""hsf_nb"": 12, ""hsf_l"": 26.0918, ""sup"": 24, ""chi_bits0"": 2, ""mps_l0"": 11.432, ""hsf_keff"": 2, ""hsf_l0"": 26.0918, ""sparse_l"": 32.0715, ""sv_l"": 32.0715, ""feat_secs"": 0.005423, ""feat_secs_frame"": 0.000301, ""feat_secs_hsf"": 0.005003}"
ct,"ct:n=24,L=4,t=64,nn=1",1,"{""n"": 24.0, ""L"": 4.0, ""t"": 64.0, ""nn"": 1.0}",dense,ok,0.146151,0.1505,137396224,1.189846966134392e-20,23,-0.0,1.189846966134392e-20,switched_at=Some(57) dense_qubits=23 peak_terms=1 term_visits=0 dense_ops=91149110,"{""n"": 24, ""gates"": 269, ""g2"": 46, ""g3"": 0, ""depth2"": 4, ""t_count"": 64, ""rotations"": 64, ""d"": 23, ""dense_l"": 26.5266, ""redundant"": 41, ""obs_zero"": false, ""frame_l"": 26.5, ""chi_bits"": 2, ""mps_l"": 11.432, ""hsf_k"": 2, ""hsf_na"": 12, ""hsf_nb"": 12, ""hsf_l"": 26.0918, ""sup"": 24, ""chi_bits0"": 2, ""mps_l0"": 11.432, ""hsf_keff"": 2, ""hsf_l0"": 26.0918, ""sparse_l"": 32.0715, ""sv_l"": 32.0715, ""feat_secs"": 0.005423, ""feat_secs_frame"": 0.000301, ""feat_secs_hsf"": 0.005003}"
ct,"ct:n=24,L=4,t=64,nn=1",1,"{""n"": 24.0, ""L"": 4.0, ""t"": 64.0, ""nn"": 1.0}",auto,ok,0.00068,0.0078,2736128,-0.0,0,-0.0,0.0,switched_at=None dense_qubits=0 peak_terms=144 term_visits=481 dense_ops=0,"{""n"": 24, ""gates"": 269, ""g2"": 46, ""g3"": 0, ""depth2"": 4, ""t_count"": 64, ""rotations"": 64, ""d"": 23, ""dense_l"": 26.5266, ""redundant"": 41, ""obs_zero"": false, ""frame_l"": 26.5, ""chi_bits"": 2, ""mps_l"": 11.432, ""hsf_k"": 2, ""hsf_na"": 12, ""hsf_nb"": 12, ""hsf_l"": 26.0918, ""sup"": 24, ""chi_bits0"": 2, ""mps_l0"": 11.432, ""hsf_keff"": 2, ""hsf_l0"": 26.0918, ""sparse_l"": 32.0715, ""sv_l"": 32.0715, ""feat_secs"": 0.005423, ""feat_secs_frame"": 0.000301, ""feat_secs_hsf"": 0.005003}"
ct,"ct:n=24,L=8,t=2,nn=1",1,"{""n"": 24.0, ""L"": 8.0, ""t"": 2.0, ""nn"": 1.0}",frame,ok,0.000317,0.0047,2605056,-0.0,0,0.0,0.0,switched_at=None dense_qubits=0 peak_terms=0 term_visits=0 dense_ops=0,"{""n"": 24, ""gates"": 286, ""g2"": 92, ""g3"": 0, ""depth2"": 8, ""t_count"": 2, ""rotations"": 2, ""d"": 2, ""dense_l"": 2.585, ""redundant"": 0, ""obs_zero"": true, ""frame_l"": 8.1599, ""chi_bits"": 4, ""mps_l"": 16.4731, ""hsf_k"": 4, ""hsf_na"": 12, ""hsf_nb"": 12, ""hsf_l"": 27.0974, ""sup"": 24, ""chi_bits0"": 4, ""mps_l0"": 16.4731, ""hsf_keff"": 3, ""hsf_l0"": 28.0974, ""sparse_l"": 32.1599, ""sv_l"": 32.1599, ""feat_secs"": 0.005066, ""feat_secs_frame"": 0.000274, ""feat_secs_hsf"": 0.004663}"
ct,"ct:n=24,L=8,t=2,nn=1",1,"{""n"": 24.0, ""L"": 8.0, ""t"": 2.0, ""nn"": 1.0}",dense,ok,0.0002,0.0041,2277376,0.0,2,0.0,0.0,switched_at=Some(2) dense_qubits=2 peak_terms=0 term_visits=0 dense_ops=6,"{""n"": 24, ""gates"": 286, ""g2"": 92, ""g3"": 0, ""depth2"": 8, ""t_count"": 2, ""rotations"": 2, ""d"": 2, ""dense_l"": 2.585, ""redundant"": 0, ""obs_zero"": true, ""frame_l"": 8.1599, ""chi_bits"": 4, ""mps_l"": 16.4731, ""hsf_k"": 4, ""hsf_na"": 12, ""hsf_nb"": 12, ""hsf_l"": 27.0974, ""sup"": 24, ""chi_bits0"": 4, ""mps_l0"": 16.4731, ""hsf_keff"": 3, ""hsf_l0"": 28.0974, ""sparse_l"": 32.1599, ""sv_l"": 32.1599, ""feat_secs"": 0.005066, ""feat_secs_frame"": 0.000274, ""feat_secs_hsf"": 0.004663}"
ct,"ct:n=24,L=8,t=2,nn=1",1,"{""n"": 24.0, ""L"": 8.0, ""t"": 2.0, ""nn"": 1.0}",auto,ok,0.000266,0.0065,2621440,-0.0,0,0.0,0.0,switched_at=None dense_qubits=0 peak_terms=0 term_visits=0 dense_ops=0,"{""n"": 24, ""gates"": 286, ""g2"": 92, ""g3"": 0, ""depth2"": 8, ""t_count"": 2, ""rotations"": 2, ""d"": 2, ""dense_l"": 2.585, ""redundant"": 0, ""obs_zero"": true, ""frame_l"": 8.1599, ""chi_bits"": 4, ""mps_l"": 16.4731, ""hsf_k"": 4, ""hsf_na"": 12, ""hsf_nb"": 12, ""hsf_l"": 27.0974, ""sup"": 24, ""chi_bits0"": 4, ""mps_l0"": 16.4731, ""hsf_keff"": 3, ""hsf_l0"": 28.0974, ""sparse_l"": 32.1599, ""sv_l"": 32.1599, ""feat_secs"": 0.005066, ""feat_secs_frame"": 0.000274, ""feat_secs_hsf"": 0.004663}"
ct,"ct:n=24,L=8,t=8,nn=1",1,"{""n"": 24.0, ""L"": 8.0, ""t"": 8.0, ""nn"": 1.0}",frame,ok,0.000373,0.0065,2637824,-0.0,0,0.0,0.0,switched_at=None dense_qubits=0 peak_terms=0 term_visits=0 dense_ops=0,"{""n"": 24, ""gates"": 296, ""g2"": 92, ""g3"": 0, ""depth2"": 8, ""t_count"": 8, ""rotations"": 8, ""d"": 7, ""dense_l"": 7.9944, ""redundant"": 1, ""obs_zero"": true, ""frame_l"": 8.2095, ""chi_bits"": 4, ""mps_l"": 16.4688, ""hsf_k"": 4, ""hsf_na"": 12, ""hsf_nb"": 12, ""hsf_l"": 28.1007, ""sup"": 24, ""chi_bits0"": 4, ""mps_l0"": 16.4688, ""hsf_keff"": 4, ""hsf_l0"": 28.1007, ""sparse_l"": 32.2095, ""sv_l"": 32.2095, ""feat_secs"": 0.005176, ""feat_secs_frame"": 0.000305, ""feat_secs_hsf"": 0.004733}"
ct,"ct:n=24,L=8,t=8,nn=1",1,"{""n"": 24.0, ""L"": 8.0, ""t"": 8.0, ""nn"": 1.0}",dense,ok,0.00032,0.0076,2293760,0.0,7,0.0,0.0,switched_at=Some(8) dense_qubits=7 peak_terms=0 term_visits=0 dense_ops=255,"{""n"": 24, ""gates"": 296, ""g2"": 92, ""g3"": 0, ""depth2"": 8, ""t_count"": 8, ""rotations"": 8, ""d"": 7, ""dense_l"": 7.9944, ""redundant"": 1, ""obs_zero"": true, ""frame_l"": 8.2095, ""chi_bits"": 4, ""mps_l"": 16.4688, ""hsf_k"": 4, ""hsf_na"": 12, ""hsf_nb"": 12, ""hsf_l"": 28.1007, ""sup"": 24, ""chi_bits0"": 4, ""mps_l0"": 16.4688, ""hsf_keff"": 4, ""hsf_l0"": 28.1007, ""sparse_l"": 32.2095, ""sv_l"": 32.2095, ""feat_secs"": 0.005176, ""feat_secs_frame"": 0.000305, ""feat_secs_hsf"": 0.004733}"
ct,"ct:n=24,L=8,t=8,nn=1",1,"{""n"": 24.0, ""L"": 8.0, ""t"": 8.0, ""nn"": 1.0}",auto,ok,0.000266,0.0063,2605056,-0.0,0,0.0,0.0,switched_at=None dense_qubits=0 peak_terms=0 term_visits=0 dense_ops=0,"{""n"": 24, ""gates"": 296, ""g2"": 92, ""g3"": 0, ""depth2"": 8, ""t_count"": 8, ""rotations"": 8, ""d"": 7, ""dense_l"": 7.9944, ""redundant"": 1, ""obs_zero"": true, ""frame_l"": 8.2095, ""chi_bits"": 4, ""mps_l"": 16.4688, ""hsf_k"": 4, ""hsf_na"": 12, ""hsf_nb"": 12, ""hsf_l"": 28.1007, ""sup"": 24, ""chi_bits0"": 4, ""mps_l0"": 16.4688, ""hsf_keff"": 4, ""hsf_l0"": 28.1007, ""sparse_l"": 32.2095, ""sv_l"": 32.2095, ""feat_secs"": 0.005176, ""feat_secs_frame"": 0.000305, ""feat_secs_hsf"": 0.004733}"
ct,"ct:n=24,L=8,t=16,nn=1",1,"{""n"": 24.0, ""L"": 8.0, ""t"": 16.0, ""nn"": 1.0}",frame,ok,0.000343,0.0045,2621440,-0.0,0,0.0,0.0,switched_at=None dense_qubits=0 peak_terms=0 term_visits=0 dense_ops=0,"{""n"": 24, ""gates"": 303, ""g2"": 92, ""g3"": 0, ""depth2"": 8, ""t_count"": 16, ""rotations"": 16, ""d"": 12, ""dense_l"": 13.4633, ""redundant"": 4, ""obs_zero"": true, ""frame_l"": 8.2432, ""chi_bits"": 4, ""mps_l"": 16.474, ""hsf_k"": 4, ""hsf_na"": 12, ""hsf_nb"": 12, ""hsf_l"": 27.103, ""sup"": 24, ""chi_bits0"": 4, ""mps_l0"": 16.474, ""hsf_keff"": 3, ""hsf_l0"": 28.103, ""sparse_l"": 32.2432, ""sv_l"": 32.2432, ""feat_secs"": 0.00519, ""feat_secs_frame"": 0.000295, ""feat_secs_hsf"": 0.004769}"
ct,"ct:n=24,L=8,t=16,nn=1",1,"{""n"": 24.0, ""L"": 8.0, ""t"": 16.0, ""nn"": 1.0}",dense,ok,0.000222,0.0064,2375680,0.0,12,0.0,0.0,switched_at=Some(16) dense_qubits=12 peak_terms=0 term_visits=0 dense_ops=11294,"{""n"": 24, ""gates"": 303, ""g2"": 92, ""g3"": 0, ""depth2"": 8, ""t_count"": 16, ""rotations"": 16, ""d"": 12, ""dense_l"": 13.4633, ""redundant"": 4, ""obs_zero"": true, ""frame_l"": 8.2432, ""chi_bits"": 4, ""mps_l"": 16.474, ""hsf_k"": 4, ""hsf_na"": 12, ""hsf_nb"": 12, ""hsf_l"": 27.103, ""sup"": 24, ""chi_bits0"": 4, ""mps_l0"": 16.474, ""hsf_keff"": 3, ""hsf_l0"": 28.103, ""sparse_l"": 32.2432, ""sv_l"": 32.2432, ""feat_secs"": 0.00519, ""feat_secs_frame"": 0.000295, ""feat_secs_hsf"": 0.004769}"
ct,"ct:n=24,L=8,t=16,nn=1",1,"{""n"": 24.0, ""L"": 8.0, ""t"": 16.0, ""nn"": 1.0}",auto,ok,0.00031,0.0069,2621440,-0.0,0,0.0,0.0,switched_at=None dense_qubits=0 peak_terms=0 term_visits=0 dense_ops=0,"{""n"": 24, ""gates"": 303, ""g2"": 92, ""g3"": 0, ""depth2"": 8, ""t_count"": 16, ""rotations"": 16, ""d"": 12, ""dense_l"": 13.4633, ""redundant"": 4, ""obs_zero"": true, ""frame_l"": 8.2432, ""chi_bits"": 4, ""mps_l"": 16.474, ""hsf_k"": 4, ""hsf_na"": 12, ""hsf_nb"": 12, ""hsf_l"": 27.103, ""sup"": 24, ""chi_bits0"": 4, ""mps_l0"": 16.474, ""hsf_keff"": 3, ""hsf_l0"": 28.103, ""sparse_l"": 32.2432, ""sv_l"": 32.2432, ""feat_secs"": 0.00519, ""feat_secs_frame"": 0.000295, ""feat_secs_hsf"": 0.004769}"
ct,"ct:n=24,L=8,t=32,nn=1",1,"{""n"": 24.0, ""L"": 8.0, ""t"": 32.0, ""nn"": 1.0}",frame,ok,0.000373,0.0077,2621440,-0.0,0,0.0,0.0,switched_at=None dense_qubits=0 peak_terms=0 term_visits=0 dense_ops=0,"{""n"": 24, ""gates"": 350, ""g2"": 92, ""g3"": 0, ""depth2"": 8, ""t_count"": 32, ""rotations"": 32, ""d"": 21, ""dense_l"": 22.6475, ""redundant"": 11, ""obs_zero"": true, ""frame_l"": 8.4512, ""chi_bits"": 4, ""mps_l"": 16.5116, ""hsf_k"": 4, ""hsf_na"": 12, ""hsf_nb"": 12, ""hsf_l"": 28.1183, ""sup"": 24, ""chi_bits0"": 4, ""mps_l0"": 16.5116, ""hsf_keff"": 4, ""hsf_l0"": 28.1183, ""sparse_l"": 32.4512, ""sv_l"": 32.4512, ""feat_secs"": 0.005365, ""feat_secs_frame"": 0.000355, ""feat_secs_hsf"": 0.004865}"
ct,"ct:n=24,L=8,t=32,nn=1",1,"{""n"": 24.0, ""L"": 8.0, ""t"": 32.0, ""nn"": 1.0}",dense,ok,0.013287,0.0181,36339712,0.0,21,0.0,0.0,switched_at=Some(31) dense_qubits=21 peak_terms=0 term_visits=0 dense_ops=6570008,"{""n"": 24, ""gates"": 350, ""g2"": 92, ""g3"": 0, ""depth2"": 8, ""t_count"": 32, ""rotations"": 32, ""d"": 21, ""dense_l"": 22.6475, ""redundant"": 11, ""obs_zero"": true, ""frame_l"": 8.4512, ""chi_bits"": 4, ""mps_l"": 16.5116, ""hsf_k"": 4, ""hsf_na"": 12, ""hsf_nb"": 12, ""hsf_l"": 28.1183, ""sup"": 24, ""chi_bits0"": 4, ""mps_l0"": 16.5116, ""hsf_keff"": 4, ""hsf_l0"": 28.1183, ""sparse_l"": 32.4512, ""sv_l"": 32.4512, ""feat_secs"": 0.005365, ""feat_secs_frame"": 0.000355, ""feat_secs_hsf"": 0.004865}"
ct,"ct:n=24,L=8,t=32,nn=1",1,"{""n"": 24.0, ""L"": 8.0, ""t"": 32.0, ""nn"": 1.0}",auto,ok,0.000357,0.0075,2637824,-0.0,0,0.0,0.0,switched_at=None dense_qubits=0 peak_terms=0 term_visits=0 dense_ops=0,"{""n"": 24, ""gates"": 350, ""g2"": 92, ""g3"": 0, ""depth2"": 8, ""t_count"": 32, ""rotations"": 32, ""d"": 21, ""dense_l"": 22.6475, ""redundant"": 11, ""obs_zero"": true, ""frame_l"": 8.4512, ""chi_bits"": 4, ""mps_l"": 16.5116, ""hsf_k"": 4, ""hsf_na"": 12, ""hsf_nb"": 12, ""hsf_l"": 28.1183, ""sup"": 24, ""chi_bits0"": 4, ""mps_l0"": 16.5116, ""hsf_keff"": 4, ""hsf_l0"": 28.1183, ""sparse_l"": 32.4512, ""sv_l"": 32.4512, ""feat_secs"": 0.005365, ""feat_secs_frame"": 0.000355, ""feat_secs_hsf"": 0.004865}"
ct,"ct:n=24,L=8,t=64,nn=1",1,"{""n"": 24.0, ""L"": 8.0, ""t"": 64.0, ""nn"": 1.0}",frame,ok,0.003448,0.0093,4210688,-0.0,8640,-0.0,0.0,switched_at=None dense_qubits=0 peak_terms=8640 term_visits=74589 dense_ops=0,"{""n"": 24, ""gates"": 398, ""g2"": 92, ""g3"": 0, ""depth2"": 8, ""t_count"": 64, ""rotations"": 64, ""d"": 24, ""dense_l"": 27.1737, ""redundant"": 40, ""obs_zero"": false, ""frame_l"": 26.0, ""chi_bits"": 4, ""mps_l"": 16.5186, ""hsf_k"": 4, ""hsf_na"": 12, ""hsf_nb"": 12, ""hsf_l"": 28.1338, ""sup"": 24, ""chi_bits0"": 4, ""mps_l0"": 16.5186, ""hsf_keff"": 4, ""hsf_l0"": 28.1338, ""sparse_l"": 32.6366, ""sv_l"": 32.6366, ""feat_secs"": 0.005414, ""feat_secs_frame"": 0.000359, ""feat_secs_hsf"": 0.004902}"
ct,"ct:n=24,L=8,t=64,nn=1",1,"{""n"": 24.0, ""L"": 8.0, ""t"": 64.0, ""nn"": 1.0}",dense,ok,0.254359,0.2598,272039936,-5.558811914648497e-18,24,-0.0,5.558811914648497e-18,switched_at=Some(59) dense_qubits=24 peak_terms=1 term_visits=0 dense_ops=155582599,"{""n"": 24, ""gates"": 398, ""g2"": 92, ""g3"": 0, ""depth2"": 8, ""t_count"": 64, ""rotations"": 64, ""d"": 24, ""dense_l"": 27.1737, ""redundant"": 40, ""obs_zero"": false, ""frame_l"": 26.0, ""chi_bits"": 4, ""mps_l"": 16.5186, ""hsf_k"": 4, ""hsf_na"": 12, ""hsf_nb"": 12, ""hsf_l"": 28.1338, ""sup"": 24, ""chi_bits0"": 4, ""mps_l0"": 16.5186, ""hsf_keff"": 4, ""hsf_l0"": 28.1338, ""sparse_l"": 32.6366, ""sv_l"": 32.6366, ""feat_secs"": 0.005414, ""feat_secs_frame"": 0.000359, ""feat_secs_hsf"": 0.004902}"
ct,"ct:n=24,L=8,t=64,nn=1",1,"{""n"": 24.0, ""L"": 8.0, ""t"": 64.0, ""nn"": 1.0}",auto,ok,0.003391,0.0107,4194304,-0.0,0,-0.0,0.0,switched_at=None dense_qubits=0 peak_terms=8640 term_visits=74589 dense_ops=0,"{""n"": 24, ""gates"": 398, ""g2"": 92, ""g3"": 0, ""depth2"": 8, ""t_count"": 64, ""rotations"": 64, ""d"": 24, ""dense_l"": 27.1737, ""redundant"": 40, ""obs_zero"": false, ""frame_l"": 26.0, ""chi_bits"": 4, ""mps_l"": 16.5186, ""hsf_k"": 4, ""hsf_na"": 12, ""hsf_nb"": 12, ""hsf_l"": 28.1338, ""sup"": 24, ""chi_bits0"": 4, ""mps_l0"": 16.5186, ""hsf_keff"": 4, ""hsf_l0"": 28.1338, ""sparse_l"": 32.6366, ""sv_l"": 32.6366, ""feat_secs"": 0.005414, ""feat_secs_frame"": 0.000359, ""feat_secs_hsf"": 0.004902}"
ct,"ct:n=24,L=16,t=2,nn=1",1,"{""n"": 24.0, ""L"": 16.0, ""t"": 2.0, ""nn"": 1.0}",frame,ok,0.000438,0.0062,2686976,-0.0,0,0.0,0.0,switched_at=None dense_qubits=0 peak_terms=0 term_visits=0 dense_ops=0,"{""n"": 24, ""gates"": 549, ""g2"": 184, ""g3"": 0, ""depth2"": 16, ""t_count"": 2, ""rotations"": 2, ""d"": 2, ""dense_l"": 2.585, ""redundant"": 0, ""obs_zero"": true, ""frame_l"": 9.1007, ""chi_bits"": 8, ""mps_l"": 27.4594, ""hsf_k"": 8, ""hsf_na"": 12, ""hsf_nb"": 12, ""hsf_l"": 31.1815, ""sup"": 24, ""chi_bits0"": 8, ""mps_l0"": 27.4594, ""hsf_keff"": 7, ""hsf_l0"": 32.1815, ""sparse_l"": 33.1007, ""sv_l"": 33.1007, ""feat_secs"": 0.005609, ""feat_secs_frame"": 0.000515, ""feat_secs_hsf"": 0.004886}"
ct,"ct:n=24,L=16,t=2,nn=1",1,"{""n"": 24.0, ""L"": 16.0, ""t"": 2.0, ""nn"": 1.0}",dense,ok,0.000307,0.0070,2359296,0.0,2,0.0,0.0,switched_at=Some(2) dense_qubits=2 peak_terms=0 term_visits=0 dense_ops=6,"{""n"": 24, ""gates"": 549, ""g2"": 184, ""g3"": 0, ""depth2"": 16, ""t_count"": 2, ""rotations"": 2, ""d"": 2, ""dense_l"": 2.585, ""redundant"": 0, ""obs_zero"": true, ""frame_l"": 9.1007, ""chi_bits"": 8, ""mps_l"": 27.4594, ""hsf_k"": 8, ""hsf_na"": 12, ""hsf_nb"": 12, ""hsf_l"": 31.1815, ""sup"": 24, ""chi_bits0"": 8, ""mps_l0"": 27.4594, ""hsf_keff"": 7, ""hsf_l0"": 32.1815, ""sparse_l"": 33.1007, ""sv_l"": 33.1007, ""feat_secs"": 0.005609, ""feat_secs_frame"": 0.000515, ""feat_secs_hsf"": 0.004886}"
ct,"ct:n=24,L=16,t=2,nn=1",1,"{""n"": 24.0, ""L"": 16.0, ""t"": 2.0, ""nn"": 1.0}",auto,ok,0.000629,0.0074,2686976,-0.0,0,0.0,0.0,switched_at=None dense_qubits=0 peak_terms=0 term_visits=0 dense_ops=0,"{""n"": 24, ""gates"": 549, ""g2"": 184, ""g3"": 0, ""depth2"": 16, ""t_count"": 2, ""rotations"": 2, ""d"": 2, ""dense_l"": 2.585, ""redundant"": 0, ""obs_zero"": true, ""frame_l"": 9.1007, ""chi_bits"": 8, ""mps_l"": 27.4594, ""hsf_k"": 8, ""hsf_na"": 12, ""hsf_nb"": 12, ""hsf_l"": 31.1815, ""sup"": 24, ""chi_bits0"": 8, ""mps_l0"": 27.4594, ""hsf_keff"": 7, ""hsf_l0"": 32.1815, ""sparse_l"": 33.1007, ""sv_l"": 33.1007, ""feat_secs"": 0.005609, ""feat_secs_frame"": 0.000515, ""feat_secs_hsf"": 0.004886}"
ct,"ct:n=24,L=16,t=8,nn=1",1,"{""n"": 24.0, ""L"": 16.0, ""t"": 8.0, ""nn"": 1.0}",frame,ok,0.000453,0.0042,2686976,-0.0,0,0.0,0.0,switched_at=None dense_qubits=0 peak_terms=0 term_visits=0 dense_ops=0,"{""n"": 24, ""gates"": 555, ""g2"": 184, ""g3"": 0, ""depth2"": 16, ""t_count"": 8, ""rotations"": 8, ""d"": 8, ""dense_l"": 8.9944, ""redundant"": 0, ""obs_zero"": true, ""frame_l"": 9.1163, ""chi_bits"": 8, ""mps_l"": 27.4605, ""hsf_k"": 8, ""hsf_na"": 12, ""hsf_nb"": 12, ""hsf_l"": 31.1833, ""sup"": 24, ""chi_bits0"": 8, ""mps_l0"": 27.4605, ""hsf_keff"": 7, ""hsf_l0"": 32.1833, ""sparse_l"": 33.1163, ""sv_l"": 33.1163, ""feat_secs"": 0.005654, ""feat_secs_frame"": 0.000509, ""feat_secs_hsf"": 0.00494}"
ct,"ct:n=24,L=16,t=8,nn=1",1,"{""n"": 24.0, ""L"": 16.0, ""t"": 8.0, ""nn"": 1.0}",dense,ok,0.000309,0.0041,2359296,0.0,8,0.0,0.0,switched_at=Some(8) dense_qubits=8 peak_terms=0 term_visits=0 dense_ops=510,"{""n"": 24, ""gates"": 555, ""g2"": 184, ""g3"": 0, ""depth2"": 16, ""t_count"": 8, ""rotations"": 8, ""d"": 8, ""dense_l"": 8.9944, ""redundant"": 0, ""obs_zero"": true, ""frame_l"": 9.1163, ""chi_bits"": 8, ""mps_l"": 27.4605, ""hsf_k"": 8, ""hsf_na"": 12, ""hsf_nb"": 12, ""hsf_l"": 31.1833, ""sup"": 24, ""chi_bits0"": 8, ""mps_l0"": 27.4605, ""hsf_keff"": 7, ""hsf_l0"": 32.1833, ""sparse_l"": 33.1163, ""sv_l"": 33.1163, ""feat_secs"": 0.005654, ""feat_secs_frame"": 0.000509, ""feat_secs_hsf"": 0.00494}"
ct,"ct:n=24,L=16,t=8,nn=1",1,"{""n"": 24.0, ""L"": 16.0, ""t"": 8.0, ""nn"": 1.0}",auto,ok,0.000431,0.0066,2670592,-0.0,0,0.0,0.0,switched_at=None dense_qubits=0 peak_terms=0 term_visits=0 dense_ops=0,"{""n"": 24, ""gates"": 555, ""g2"": 184, ""g3"": 0, ""depth2"": 16, ""t_count"": 8, ""rotations"": 8, ""d"": 8, ""dense_l"": 8.9944, ""redundant"": 0, ""obs_zero"": true, ""frame_l"": 9.1163, ""chi_bits"": 8, ""mps_l"": 27.4605, ""hsf_k"": 8, ""hsf_na"": 12, ""hsf_nb"": 12, ""hsf_l"": 31.1833, ""sup"": 24, ""chi_bits0"": 8, ""mps_l0"": 27.4605, ""hsf_keff"": 7, ""hsf_l0"": 32.1833, ""sparse_l"": 33.1163, ""sv_l"": 33.1163, ""feat_secs"": 0.005654, ""feat_secs_frame"": 0.000509, ""feat_secs_hsf"": 0.00494}"
ct,"ct:n=24,L=16,t=16,nn=1",1,"{""n"": 24.0, ""L"": 16.0, ""t"": 16.0, ""nn"": 1.0}",frame,ok,0.000485,0.0078,2686976,-0.0,0,0.0,0.0,switched_at=None dense_qubits=0 peak_terms=0 term_visits=0 dense_ops=0,"{""n"": 24, ""gates"": 563, ""g2"": 184, ""g3"": 0, ""depth2"": 16, ""t_count"": 16, ""rotations"": 16, ""d"": 14, ""dense_l"": 15.0028, ""redundant"": 2, ""obs_zero"": true, ""frame_l"": 9.137, ""chi_bits"": 8, ""mps_l"": 27.4625, ""hsf_k"": 8, ""hsf_na"": 12, ""hsf_nb"": 12, ""hsf_l"": 31.1858, ""sup"": 24, ""chi_bits0"": 8, ""mps_l0"": 27.4625, ""hsf_keff"": 7, ""hsf_l0"": 32.1858, ""sparse_l"": 33.137, ""sv_l"": 33.137, ""feat_secs"": 0.005494, ""feat_secs_frame"": 0.000506, ""feat_secs_hsf"": 0.00478}"
ct,"ct:n=24,L=16,t=16,nn=1",1,"{""n"": 24.0, ""L"": 16.0, ""t"": 16.0, ""nn"": 1.0}",dense,ok,0.000454,0.0076,2867200,0.0,14,0.0,0.0,switched_at=Some(16) dense_qubits=14 peak_terms=0 term_visits=0 dense_ops=32831,"{""n"": 24, ""gates"": 563, ""g2"": 184, ""g3"": 0, ""depth2"": 16, ""t_count"": 16, ""rotations"": 16, ""d"": 14, ""dense_l"": 15.0028, ""redundant"": 2, ""obs_zero"": true, ""frame_l"": 9.137, ""chi_bits"": 8, ""mps_l"": 27.4625, ""hsf_k"": 8, ""hsf_na"": 12, ""hsf_nb"": 12, ""hsf_l"": 31.1858, ""sup"": 24, ""chi_bits0"": 8, ""mps_l0"": 27.4625, ""hsf_keff"": 7, ""hsf_l0"": 32.1858, ""sparse_l"": 33.137, ""sv_l"": 33.137, ""feat_secs"": 0.005494, ""feat_secs_frame"": 0.000506, ""feat_secs_hsf"": 0.00478}"
ct,"ct:n=24,L=16,t=16,nn=1",1,"{""n"": 24.0, ""L"": 16.0, ""t"": 16.0, ""nn"": 1.0}",auto,ok,0.00045,0.0075,2686976,-0.0,0,0.0,0.0,switched_at=None dense_qubits=0 peak_terms=0 term_visits=0 dense_ops=0,"{""n"": 24, ""gates"": 563, ""g2"": 184, ""g3"": 0, ""depth2"": 16, ""t_count"": 16, ""rotations"": 16, ""d"": 14, ""dense_l"": 15.0028, ""redundant"": 2, ""obs_zero"": true, ""frame_l"": 9.137, ""chi_bits"": 8, ""mps_l"": 27.4625, ""hsf_k"": 8, ""hsf_na"": 12, ""hsf_nb"": 12, ""hsf_l"": 31.1858, ""sup"": 24, ""chi_bits0"": 8, ""mps_l0"": 27.4625, ""hsf_keff"": 7, ""hsf_l0"": 32.1858, ""sparse_l"": 33.137, ""sv_l"": 33.137, ""feat_secs"": 0.005494, ""feat_secs_frame"": 0.000506, ""feat_secs_hsf"": 0.00478}"
ct,"ct:n=24,L=16,t=32,nn=1",1,"{""n"": 24.0, ""L"": 16.0, ""t"": 32.0, ""nn"": 1.0}",frame,ok,0.000485,0.0074,2703360,-0.0,0,0.0,0.0,switched_at=None dense_qubits=0 peak_terms=0 term_visits=0 dense_ops=0,"{""n"": 24, ""gates"": 623, ""g2"": 184, ""g3"": 0, ""depth2"": 16, ""t_count"": 32, ""rotations"": 32, ""d"": 22, ""dense_l"": 23.5869, ""redundant"": 10, ""obs_zero"": true, ""frame_l"": 9.2831, ""chi_bits"": 8, ""mps_l"": 27.4623, ""hsf_k"": 8, ""hsf_na"": 12, ""hsf_nb"": 12, ""hsf_l"": 32.2043, ""sup"": 24, ""chi_bits0"": 8, ""mps_l0"": 27.4623, ""hsf_keff"": 8, ""hsf_l0"": 32.2043, ""sparse_l"": 33.2831, ""sv_l"": 33.2831, ""feat_secs"": 0.005567, ""feat_secs_frame"": 0.000548, ""feat_secs_hsf"": 0.004787}"
ct,"ct:n=24,L=16,t=32,nn=1",1,"{""n"": 24.0, ""L"": 16.0, ""t"": 32.0, ""nn"": 1.0}",dense,ok,0.023736,0.0287,69959680,0.0,22,0.0,0.0,switched_at=Some(31) dense_qubits=22 peak_terms=0 term_visits=0 dense_ops=12075134,"{""n"": 24, ""gates"": 623, ""g2"": 184, ""g3"": 0, ""depth2"": 16, ""t_count"": 32, ""rotations"": 32, ""d"": 22, ""dense_l"": 23.5869, ""redundant"": 10, ""obs_zero"": true, ""frame_l"": 9.2831, ""chi_bits"": 8, ""mps_l"": 27.4623, ""hsf_k"": 8, ""hsf_na"": 12, ""hsf_nb"": 12, ""hsf_l"": 32.2043, ""sup"": 24, ""chi_bits0"": 8, ""mps_l0"": 27.4623, ""hsf_keff"": 8, ""hsf_l0"": 32.2043, ""sparse_l"": 33.2831, ""sv_l"": 33.2831, ""feat_secs"": 0.005567, ""feat_secs_frame"": 0.000548, ""feat_secs_hsf"": 0.004787}"
ct,"ct:n=24,L=16,t=32,nn=1",1,"{""n"": 24.0, ""L"": 16.0, ""t"": 32.0, ""nn"": 1.0}",auto,ok,0.000448,0.0066,2703360,-0.0,0,0.0,0.0,switched_at=None dense_qubits=0 peak_terms=0 term_visits=0 dense_ops=0,"{""n"": 24, ""gates"": 623, ""g2"": 184, ""g3"": 0, ""depth2"": 16, ""t_count"": 32, ""rotations"": 32, ""d"": 22, ""dense_l"": 23.5869, ""redundant"": 10, ""obs_zero"": true, ""frame_l"": 9.2831, ""chi_bits"": 8, ""mps_l"": 27.4623, ""hsf_k"": 8, ""hsf_na"": 12, ""hsf_nb"": 12, ""hsf_l"": 32.2043, ""sup"": 24, ""chi_bits0"": 8, ""mps_l0"": 27.4623, ""hsf_keff"": 8, ""hsf_l0"": 32.2043, ""sparse_l"": 33.2831, ""sv_l"": 33.2831, ""feat_secs"": 0.005567, ""feat_secs_frame"": 0.000548, ""feat_secs_hsf"": 0.004787}"
ct,"ct:n=24,L=16,t=64,nn=1",1,"{""n"": 24.0, ""L"": 16.0, ""t"": 64.0, ""nn"": 1.0}",frame,ok,0.012743,0.0180,8519680,-0.0002101704842347782,34992,-0.0002101704842347782,0.0,switched_at=None dense_qubits=0 peak_terms=34992 term_visits=444351 dense_ops=0,"{""n"": 24, ""gates"": 666, ""g2"": 184, ""g3"": 0, ""depth2"": 16, ""t_count"": 64, ""rotations"": 64, ""d"": 24, ""dense_l"": 28.12, ""redundant"": 40, ""obs_zero"": false, ""frame_l"": 26.0, ""chi_bits"": 8, ""mps_l"": 27.4658, ""hsf_k"": 8, ""hsf_na"": 12, ""hsf_nb"": 12, ""hsf_l"": 32.2174, ""sup"": 24, ""chi_bits0"": 8, ""mps_l0"": 27.4658, ""hsf_keff"": 8, ""hsf_l0"": 32.2174, ""sparse_l"": 33.3794, ""sv_l"": 33.3794, ""feat_secs"": 0.005653, ""feat_secs_frame"": 0.000583, ""feat_secs_hsf"": 0.004828}"
ct,"ct:n=24,L=16,t=64,nn=1",1,"{""n"": 24.0, ""L"": 16.0, ""t"": 64.0, ""nn"": 1.0}",dense,ok,0.502616,0.5091,271515648,-0.0002101704842347694,24,-0.0002101704842347782,8.809142651444724e-18,switched_at=Some(63) dense_qubits=24 peak_terms=1 term_visits=0 dense_ops=308454398,"{""n"": 24, ""gates"": 666, ""g2"": 184, ""g3"": 0, ""depth2"": 16, ""t_count"": 64, ""rotations"": 64, ""d"": 24, ""dense_l"": 28.12, ""redundant"": 40, ""obs_zero"": false, ""frame_l"": 26.0, ""chi_bits"": 8, ""mps_l"": 27.4658, ""hsf_k"": 8, ""hsf_na"": 12, ""hsf_nb"": 12, ""hsf_l"": 32.2174, ""sup"": 24, ""chi_bits0"": 8, ""mps_l0"": 27.4658, ""hsf_keff"": 8, ""hsf_l0"": 32.2174, ""sparse_l"": 33.3794, ""sv_l"": 33.3794, ""feat_secs"": 0.005653, ""feat_secs_frame"": 0.000583, ""feat_secs_hsf"": 0.004828}"
ct,"ct:n=24,L=16,t=64,nn=1",1,"{""n"": 24.0, ""L"": 16.0, ""t"": 64.0, ""nn"": 1.0}",auto,ok,0.013846,0.0186,8601600,-0.0002101704842347783,4,-0.0002101704842347782,1.0842021724855044e-19,switched_at=Some(4) dense_qubits=4 peak_terms=34992 term_visits=444259 dense_ops=1054,"{""n"": 24, ""gates"": 666, ""g2"": 184, ""g3"": 0, ""depth2"": 16, ""t_count"": 64, ""rotations"": 64, ""d"": 24, ""dense_l"": 28.12, ""redundant"": 40, ""obs_zero"": false, ""frame_l"": 26.0, ""chi_bits"": 8, ""mps_l"": 27.4658, ""hsf_k"": 8, ""hsf_na"": 12, ""hsf_nb"": 12, ""hsf_l"": 32.2174, ""sup"": 24, ""chi_bits0"": 8, ""mps_l0"": 27.4658, ""hsf_keff"": 8, ""hsf_l0"": 32.2174, ""sparse_l"": 33.3794, ""sv_l"": 33.3794, ""feat_secs"": 0.005653, ""feat_secs_frame"": 0.000583, ""feat_secs_hsf"": 0.004828}"
ct,"ct:n=24,L=32,t=2,nn=1",1,"{""n"": 24.0, ""L"": 32.0, ""t"": 2.0, ""nn"": 1.0}",frame,ok,0.000647,0.0048,2719744,-0.0,0,0.0,0.0,switched_at=None dense_qubits=0 peak_terms=0 term_visits=0 dense_ops=0,"{""n"": 24, ""gates"": 1125, ""g2"": 368, ""g3"": 0, ""depth2"": 32, ""t_count"": 2, ""rotations"": 2, ""d"": 2, ""dense_l"": 2.585, ""redundant"": 0, ""obs_zero"": true, ""frame_l"": 10.1357, ""chi_bits"": 12, ""mps_l"": 38.796, ""hsf_k"": 16, ""hsf_na"": 12, ""hsf_nb"": 12, ""hsf_l"": 38.3501, ""sup"": 24, ""chi_bits0"": 12, ""mps_l0"": 38.796, ""hsf_keff"": 14, ""hsf_l0"": 40.3501, ""sparse_l"": 34.1357, ""sv_l"": 34.1357, ""feat_secs"": 0.006093, ""feat_secs_frame"": 0.000953, ""feat_secs_hsf"": 0.004759}"
ct,"ct:n=24,L=32,t=2,nn=1",1,"{""n"": 24.0, ""L"": 32.0, ""t"": 2.0, ""nn"": 1.0}",dense,ok,0.000531,0.0045,2392064,0.0,2,0.0,0.0,switched_at=Some(2) dense_qubits=2 peak_terms=0 term_visits=0 dense_ops=6,"{""n"": 24, ""gates"": 1125, ""g2"": 368, ""g3"": 0, ""depth2"": 32, ""t_count"": 2, ""rotations"": 2, ""d"": 2, ""dense_l"": 2.585, ""redundant"": 0, ""obs_zero"": true, ""frame_l"": 10.1357, ""chi_bits"": 12, ""mps_l"": 38.796, ""hsf_k"": 16, ""hsf_na"": 12, ""hsf_nb"": 12, ""hsf_l"": 38.3501, ""sup"": 24, ""chi_bits0"": 12, ""mps_l0"": 38.796, ""hsf_keff"": 14, ""hsf_l0"": 40.3501, ""sparse_l"": 34.1357, ""sv_l"": 34.1357, ""feat_secs"": 0.006093, ""feat_secs_frame"": 0.000953, ""feat_secs_hsf"": 0.004759}"
ct,"ct:n=24,L=32,t=2,nn=1",1,"{""n"": 24.0, ""L"": 32.0, ""t"": 2.0, ""nn"": 1.0}",auto,ok,0.000646,0.0072,2719744,-0.0,0,0.0,0.0,switched_at=None dense_qubits=0 peak_terms=0 term_visits=0 dense_ops=0,"{""n"": 24, ""gates"": 1125, ""g2"": 368, ""g3"": 0, ""depth2"": 32, ""t_count"": 2, ""rotations"": 2, ""d"": 2, ""dense_l"": 2.585, ""redundant"": 0, ""obs_zero"": true, ""frame_l"": 10.1357, ""chi_bits"": 12, ""mps_l"": 38.796, ""hsf_k"": 16, ""hsf_na"": 12, ""hsf_nb"": 12, ""hsf_l"": 38.3501, ""sup"": 24, ""chi_bits0"": 12, ""mps_l0"": 38.796, ""hsf_keff"": 14, ""hsf_l0"": 40.3501, ""sparse_l"": 34.1357, ""sv_l"": 34.1357, ""feat_secs"": 0.006093, ""feat_secs_frame"": 0.000953, ""feat_secs_hsf"": 0.004759}"
ct,"ct:n=24,L=32,t=8,nn=1",1,"{""n"": 24.0, ""L"": 32.0, ""t"": 8.0, ""nn"": 1.0}",frame,ok,0.000676,0.0073,2719744,-0.0,0,0.0,0.0,switched_at=None dense_qubits=0 peak_terms=0 term_visits=0 dense_ops=0,"{""n"": 24, ""gates"": 1122, ""g2"": 368, ""g3"": 0, ""depth2"": 32, ""t_count"": 8, ""rotations"": 8, ""d"": 8, ""dense_l"": 8.9944, ""redundant"": 0, ""obs_zero"": true, ""frame_l"": 10.1319, ""chi_bits"": 12, ""mps_l"": 38.7963, ""hsf_k"": 16, ""hsf_na"": 12, ""hsf_nb"": 12, ""hsf_l"": 39.3493, ""sup"": 24, ""chi_bits0"": 12, ""mps_l0"": 38.7963, ""hsf_keff"": 15, ""hsf_l0"": 40.3493, ""sparse_l"": 34.1319, ""sv_l"": 34.1319, ""feat_secs"": 0.006548, ""feat_secs_frame"": 0.001003, ""feat_secs_hsf"": 0.005138}"
ct,"ct:n=24,L=32,t=8,nn=1",1,"{""n"": 24.0, ""L"": 32.0, ""t"": 8.0, ""nn"": 1.0}",dense,ok,0.000568,0.0069,2375680,0.0,8,0.0,0.0,switched_at=Some(8) dense_qubits=8 peak_terms=0 term_visits=0 dense_ops=510,"{""n"": 24, ""gates"": 1122, ""g2"": 368, ""g3"": 0, ""depth2"": 32, ""t_count"": 8, ""rotations"": 8, ""d"": 8, ""dense_l"": 8.9944, ""redundant"": 0, ""obs_zero"": true, ""frame_l"": 10.1319, ""chi_bits"": 12, ""mps_l"": 38.7963, ""hsf_k"": 16, ""hsf_na"": 12, ""hsf_nb"": 12, ""hsf_l"": 39.3493, ""sup"": 24, ""chi_bits0"": 12, ""mps_l0"": 38.7963, ""hsf_keff"": 15, ""hsf_l0"": 40.3493, ""sparse_l"": 34.1319, ""sv_l"": 34.1319, ""feat_secs"": 0.006548, ""feat_secs_frame"": 0.001003, ""feat_secs_hsf"": 0.005138}"
ct,"ct:n=24,L=32,t=8,nn=1",1,"{""n"": 24.0, ""L"": 32.0, ""t"": 8.0, ""nn"": 1.0}",auto,ok,0.000686,0.0075,2703360,-0.0,0,0.0,0.0,switched_at=None dense_qubits=0 peak_terms=0 term_visits=0 dense_ops=0,"{""n"": 24, ""gates"": 1122, ""g2"": 368, ""g3"": 0, ""depth2"": 32, ""t_count"": 8, ""rotations"": 8, ""d"": 8, ""dense_l"": 8.9944, ""redundant"": 0, ""obs_zero"": true, ""frame_l"": 10.1319, ""chi_bits"": 12, ""mps_l"": 38.7963, ""hsf_k"": 16, ""hsf_na"": 12, ""hsf_nb"": 12, ""hsf_l"": 39.3493, ""sup"": 24, ""chi_bits0"": 12, ""mps_l0"": 38.7963, ""hsf_keff"": 15, ""hsf_l0"": 40.3493, ""sparse_l"": 34.1319, ""sv_l"": 34.1319, ""feat_secs"": 0.006548, ""feat_secs_frame"": 0.001003, ""feat_secs_hsf"": 0.005138}"
ct,"ct:n=24,L=32,t=16,nn=1",1,"{""n"": 24.0, ""L"": 32.0, ""t"": 16.0, ""nn"": 1.0}",frame,ok,0.000704,0.0076,2736128,-0.0,0,0.0,0.0,switched_at=None dense_qubits=0 peak_terms=0 term_visits=0 dense_ops=0,"{""n"": 24, ""gates"": 1129, ""g2"": 368, ""g3"": 0, ""depth2"": 32, ""t_count"": 16, ""rotations"": 16, ""d"": 16, ""dense_l"": 17.0, ""redundant"": 0, ""obs_zero"": true, ""frame_l"": 10.1408, ""chi_bits"": 12, ""mps_l"": 38.7962, ""hsf_k"": 16, ""hsf_na"": 12, ""hsf_nb"": 12, ""hsf_l"": 38.3512, ""sup"": 24, ""chi_bits0"": 12, ""mps_l0"": 38.7962, ""hsf_keff"": 14, ""hsf_l0"": 40.3512, ""sparse_l"": 34.1408, ""sv_l"": 34.1408, ""feat_secs"": 0.006196, ""feat_secs_frame"": 0.00096, ""feat_secs_hsf"": 0.004826}"
ct,"ct:n=24,L=32,t=16,nn=1",1,"{""n"": 24.0, ""L"": 32.0, ""t"": 16.0, ""nn"": 1.0}",dense,ok,0.000943,0.0073,3702784,0.0,16,0.0,0.0,switched_at=Some(16) dense_qubits=16 peak_terms=0 term_visits=0 dense_ops=131070,"{""n"": 24, ""gates"": 1129, ""g2"": 368, ""g3"": 0, ""depth2"": 32, ""t_count"": 16, ""rotations"": 16, ""d"": 16, ""dense_l"": 17.0, ""redundant"": 0, ""obs_zero"": true, ""frame_l"": 10.1408, ""chi_bits"": 12, ""mps_l"": 38.7962, ""hsf_k"": 16, ""hsf_na"": 12, ""hsf_nb"": 12, ""hsf_l"": 38.3512, ""sup"": 24, ""chi_bits0"": 12, ""mps_l0"": 38.7962, ""hsf_keff"": 14, ""hsf_l0"": 40.3512, ""sparse_l"": 34.1408, ""sv_l"": 34.1408, ""feat_secs"": 0.006196, ""feat_secs_frame"": 0.00096, ""feat_secs_hsf"": 0.004826}"
ct,"ct:n=24,L=32,t=16,nn=1",1,"{""n"": 24.0, ""L"": 32.0, ""t"": 16.0, ""nn"": 1.0}",auto,ok,0.000759,0.0077,2719744,-0.0,0,0.0,0.0,switched_at=None dense_qubits=0 peak_terms=0 term_visits=0 dense_ops=0,"{""n"": 24, ""gates"": 1129, ""g2"": 368, ""g3"": 0, ""depth2"": 32, ""t_count"": 16, ""rotations"": 16, ""d"": 16, ""dense_l"": 17.0, ""redundant"": 0, ""obs_zero"": true, ""frame_l"": 10.1408, ""chi_bits"": 12, ""mps_l"": 38.7962, ""hsf_k"": 16, ""hsf_na"": 12, ""hsf_nb"": 12, ""hsf_l"": 38.3512, ""sup"": 24, ""chi_bits0"": 12, ""mps_l0"": 38.7962, ""hsf_keff"": 14, ""hsf_l0"": 40.3512, ""sparse_l"": 34.1408, ""sv_l"": 34.1408, ""feat_secs"": 0.006196, ""feat_secs_frame"": 0.00096, ""feat_secs_hsf"": 0.004826}"
ct,"ct:n=24,L=32,t=32,nn=1",1,"{""n"": 24.0, ""L"": 32.0, ""t"": 32.0, ""nn"": 1.0}",frame,ok,0.000852,0.0076,2785280,-0.0,4,-0.0,0.0,switched_at=None dense_qubits=0 peak_terms=4 term_visits=12 dense_ops=0,"{""n"": 24, ""gates"": 1207, ""g2"": 368, ""g3"": 0, ""depth2"": 32, ""t_count"": 32, ""rotations"": 32, ""d"": 23, ""dense_l"": 25.0255, ""redundant"": 9, ""obs_zero"": false, ""frame_l"": 9.5, ""chi_bits"": 12, ""mps_l"": 38.7962, ""hsf_k"": 16, ""hsf_na"": 12, ""hsf_nb"": 12, ""hsf_l"": 39.3726, ""sup"": 24, ""chi_bits0"": 12, ""mps_l0"": 38.7962, ""hsf_keff"": 15, ""hsf_l0"": 40.3726, ""sparse_l"": 34.2372, ""sv_l"": 34.2372, ""feat_secs"": 0.006296, ""feat_secs_frame"": 0.000996, ""feat_secs_hsf"": 0.004903}"
ct,"ct:n=24,L=32,t=32,nn=1",1,"{""n"": 24.0, ""L"": 32.0, ""t"": 32.0, ""nn"": 1.0}",dense,ok,0.079246,0.0852,137740288,-1.684739433102065e-20,23,-0.0,1.684739433102065e-20,switched_at=Some(31) dense_qubits=23 peak_terms=1 term_visits=0 dense_ops=42532864,"{""n"": 24, ""gates"": 1207, ""g2"": 368, ""g3"": 0, ""depth2"": 32, ""t_count"": 32, ""rotations"": 32, ""d"": 23, ""dense_l"": 25.0255, ""redundant"": 9, ""obs_zero"": false, ""frame_l"": 9.5, ""chi_bits"": 12, ""mps_l"": 38.7962, ""hsf_k"": 16, ""hsf_na"": 12, ""hsf_nb"": 12, ""hsf_l"": 39.3726, ""sup"": 24, ""chi_bits0"": 12, ""mps_l0"": 38.7962, ""hsf_keff"": 15, ""hsf_l0"": 40.3726, ""sparse_l"": 34.2372, ""sv_l"": 34.2372, ""feat_secs"": 0.006296, ""feat_secs_frame"": 0.000996, ""feat_secs_hsf"": 0.004903}"
ct,"ct:n=24,L=32,t=32,nn=1",1,"{""n"": 24.0, ""L"": 32.0, ""t"": 32.0, ""nn"": 1.0}",auto,ok,0.000786,0.0062,2801664,-0.0,0,-0.0,0.0,switched_at=None dense_qubits=0 peak_terms=4 term_visits=12 dense_ops=0,"{""n"": 24, ""gates"": 1207, ""g2"": 368, ""g3"": 0, ""depth2"": 32, ""t_count"": 32, ""rotations"": 32, ""d"": 23, ""dense_l"": 25.0255, ""redundant"": 9, ""obs_zero"": false, ""frame_l"": 9.5, ""chi_bits"": 12, ""mps_l"": 38.7962, ""hsf_k"": 16, ""hsf_na"": 12, ""hsf_nb"": 12, ""hsf_l"": 39.3726, ""sup"": 24, ""chi_bits0"": 12, ""mps_l0"": 38.7962, ""hsf_keff"": 15, ""hsf_l0"": 40.3726, ""sparse_l"": 34.2372, ""sv_l"": 34.2372, ""feat_secs"": 0.006296, ""feat_secs_frame"": 0.000996, ""feat_secs_hsf"": 0.004903}"
ct,"ct:n=24,L=32,t=64,nn=1",1,"{""n"": 24.0, ""L"": 32.0, ""t"": 64.0, ""nn"": 1.0}",frame,ok,0.000665,0.0067,2719744,-0.0,0,0.0,0.0,switched_at=None dense_qubits=0 peak_terms=0 term_visits=0 dense_ops=0,"{""n"": 24, ""gates"": 1229, ""g2"": 368, ""g3"": 0, ""depth2"": 32, ""t_count"": 64, ""rotations"": 64, ""d"": 23, ""dense_l"": 28.2288, ""redundant"": 41, ""obs_zero"": true, ""frame_l"": 10.2633, ""chi_bits"": 12, ""mps_l"": 38.796, ""hsf_k"": 16, ""hsf_na"": 12, ""hsf_nb"": 12, ""hsf_l"": 40.3786, ""sup"": 24, ""chi_bits0"": 12, ""mps_l0"": 38.796, ""hsf_keff"": 16, ""hsf_l0"": 40.3786, ""sparse_l"": 34.2633, ""sv_l"": 34.2633, ""feat_secs"": 0.006353, ""feat_secs_frame"": 0.001028, ""feat_secs_hsf"": 0.004901}"
ct,"ct:n=24,L=32,t=64,nn=1",1,"{""n"": 24.0, ""L"": 32.0, ""t"": 64.0, ""nn"": 1.0}",dense,ok,0.493468,0.4980,137134080,0.0,23,0.0,0.0,switched_at=Some(64) dense_qubits=23 peak_terms=0 term_visits=0 dense_ops=314572804,"{""n"": 24, ""gates"": 1229, ""g2"": 368, ""g3"": 0, ""depth2"": 32, ""t_count"": 64, ""rotations"": 64, ""d"": 23, ""dense_l"": 28.2288, ""redundant"": 41, ""obs_zero"": true, ""frame_l"": 10.2633, ""chi_bits"": 12, ""mps_l"": 38.796, ""hsf_k"": 16, ""hsf_na"": 12, ""hsf_nb"": 12, ""hsf_l"": 40.3786, ""sup"": 24, ""chi_bits0"": 12, ""mps_l0"": 38.796, ""hsf_keff"": 16, ""hsf_l0"": 40.3786, ""sparse_l"": 34.2633, ""sv_l"": 34.2633, ""feat_secs"": 0.006353, ""feat_secs_frame"": 0.001028, ""feat_secs_hsf"": 0.004901}"
ct,"ct:n=24,L=32,t=64,nn=1",1,"{""n"": 24.0, ""L"": 32.0, ""t"": 64.0, ""nn"": 1.0}",auto,ok,0.000719,0.0078,2736128,-0.0,0,0.0,0.0,switched_at=None dense_qubits=0 peak_terms=0 term_visits=0 dense_ops=0,"{""n"": 24, ""gates"": 1229, ""g2"": 368, ""g3"": 0, ""depth2"": 32, ""t_count"": 64, ""rotations"": 64, ""d"": 23, ""dense_l"": 28.2288, ""redundant"": 41, ""obs_zero"": true, ""frame_l"": 10.2633, ""chi_bits"": 12, ""mps_l"": 38.796, ""hsf_k"": 16, ""hsf_na"": 12, ""hsf_nb"": 12, ""hsf_l"": 40.3786, ""sup"": 24, ""chi_bits0"": 12, ""mps_l0"": 38.796, ""hsf_keff"": 16, ""hsf_l0"": 40.3786, ""sparse_l"": 34.2633, ""sv_l"": 34.2633, ""feat_secs"": 0.006353, ""feat_secs_frame"": 0.001028, ""feat_secs_hsf"": 0.004901}"
ct,"ct:n=32,L=1,t=4,nn=1",1,"{""n"": 32.0, ""L"": 1.0, ""t"": 4.0, ""nn"": 1.0}",frame,ok,0.000175,0.0065,2555904,-0.0,0,0.0,0.0,switched_at=None dense_qubits=0 peak_terms=0 term_visits=0 dense_ops=0,"{""n"": 32, ""gates"": 53, ""g2"": 16, ""g3"": 0, ""depth2"": 1, ""t_count"": 4, ""rotations"": 4, ""d"": 3, ""dense_l"": 4.0, ""redundant"": 1, ""obs_zero"": true, ""frame_l"": 5.7279, ""chi_bits"": 1, ""mps_l"": 7.3663, ""hsf_k"": 0, ""hsf_na"": 16, ""hsf_nb"": 16, ""hsf_l"": 32.0012, ""sup"": 18, ""chi_bits0"": 1, ""mps_l0"": 7.3663, ""hsf_keff"": 0, ""hsf_l0"": 32.0012, ""sparse_l"": 23.7279, ""sv_l"": 37.7279, ""feat_secs"": 0.004853, ""feat_secs_frame"": 9.5e-05, ""feat_secs_hsf"": 0.004718}"
ct,"ct:n=32,L=1,t=4,nn=1",1,"{""n"": 32.0, ""L"": 1.0, ""t"": 4.0, ""nn"": 1.0}",dense,ok,0.000102,0.0036,2195456,0.0,3,0.0,0.0,switched_at=Some(4) dense_qubits=3 peak_terms=0 term_visits=0 dense_ops=16,"{""n"": 32, ""gates"": 53, ""g2"": 16, ""g3"": 0, ""depth2"": 1, ""t_count"": 4, ""rotations"": 4, ""d"": 3, ""dense_l"": 4.0, ""redundant"": 1, ""obs_zero"": true, ""frame_l"": 5.7279, ""chi_bits"": 1, ""mps_l"": 7.3663, ""hsf_k"": 0, ""hsf_na"": 16, ""hsf_nb"": 16, ""hsf_l"": 32.0012, ""sup"": 18, ""chi_bits0"": 1, ""mps_l0"": 7.3663, ""hsf_keff"": 0, ""hsf_l0"": 32.0012, ""sparse_l"": 23.7279, ""sv_l"": 37.7279, ""feat_secs"": 0.004853, ""feat_secs_frame"": 9.5e-05, ""feat_secs_hsf"": 0.004718}"
ct,"ct:n=32,L=1,t=4,nn=1",1,"{""n"": 32.0, ""L"": 1.0, ""t"": 4.0, ""nn"": 1.0}",auto,ok,0.000231,0.0063,2539520,-0.0,0,0.0,0.0,switched_at=None dense_qubits=0 peak_terms=0 term_visits=0 dense_ops=0,"{""n"": 32, ""gates"": 53, ""g2"": 16, ""g3"": 0, ""depth2"": 1, ""t_count"": 4, ""rotations"": 4, ""d"": 3, ""dense_l"": 4.0, ""redundant"": 1, ""obs_zero"": true, ""frame_l"": 5.7279, ""chi_bits"": 1, ""mps_l"": 7.3663, ""hsf_k"": 0, ""hsf_na"": 16, ""hsf_nb"": 16, ""hsf_l"": 32.0012, ""sup"": 18, ""chi_bits0"": 1, ""mps_l0"": 7.3663, ""hsf_keff"": 0, ""hsf_l0"": 32.0012, ""sparse_l"": 23.7279, ""sv_l"": 37.7279, ""feat_secs"": 0.004853, ""feat_secs_frame"": 9.5e-05, ""feat_secs_hsf"": 0.004718}"
ct,"ct:n=32,L=1,t=16,nn=1",1,"{""n"": 32.0, ""L"": 1.0, ""t"": 16.0, ""nn"": 1.0}",frame,ok,0.000106,0.0047,2195456,-0.0,0,0.0,0.0,switched_at=None dense_qubits=0 peak_terms=0 term_visits=0 dense_ops=0,"{""n"": 32, ""gates"": 76, ""g2"": 16, ""g3"": 0, ""depth2"": 1, ""t_count"": 16, ""rotations"": 16, ""d"": 8, ""dense_l"": 9.8486, ""redundant"": 8, ""obs_zero"": true, ""frame_l"": 6.2479, ""chi_bits"": 1, ""mps_l"": 7.5546, ""hsf_k"": 0, ""hsf_na"": 16, ""hsf_nb"": 16, ""hsf_l"": 32.0017, ""sup"": 25, ""chi_bits0"": 1, ""mps_l0"": 7.5546, ""hsf_keff"": 0, ""hsf_l0"": 32.0017, ""sparse_l"": 31.2479, ""sv_l"": 38.2479, ""feat_secs"": 0.004894, ""feat_secs_frame"": 0.00011, ""feat_secs_hsf"": 0.004734}"
ct,"ct:n=32,L=1,t=16,nn=1",1,"{""n"": 32.0, ""L"": 1.0, ""t"": 16.0, ""nn"": 1.0}",dense,ok,0.000129,0.0046,2211840,0.0,8,0.0,0.0,switched_at=Some(16) dense_qubits=8 peak_terms=0 term_visits=0 dense_ops=922,"{""n"": 32, ""gates"": 76, ""g2"": 16, ""g3"": 0, ""depth2"": 1, ""t_count"": 16, ""rotations"": 16, ""d"": 8, ""dense_l"": 9.8486, ""redundant"": 8, ""obs_zero"": true, ""frame_l"": 6.2479, ""chi_bits"": 1, ""mps_l"": 7.5546, ""hsf_k"": 0, ""hsf_na"": 16, ""hsf_nb"": 16, ""hsf_l"": 32.0017, ""sup"": 25, ""chi_bits0"": 1, ""mps_l0"": 7.5546, ""hsf_keff"": 0, ""hsf_l0"": 32.0017, ""sparse_l"": 31.2479, ""sv_l"": 38.2479, ""feat_secs"": 0.004894, ""feat_secs_frame"": 0.00011, ""feat_secs_hsf"": 0.004734}"
ct,"ct:n=32,L=1,t=16,nn=1",1,"{""n"": 32.0, ""L"": 1.0, ""t"": 16.0, ""nn"": 1.0}",auto,ok,0.000203,0.0070,2195456,-0.0,0,0.0,0.0,switched_at=None dense_qubits=0 peak_terms=0 term_visits=0 dense_ops=0,"{""n"": 32, ""gates"": 76, ""g2"": 16, ""g3"": 0, ""depth2"": 1, ""t_count"": 16, ""rotations"": 16, ""d"": 8, ""dense_l"": 9.8486, ""redundant"": 8, ""obs_zero"": true, ""frame_l"": 6.2479, ""chi_bits"": 1, ""mps_l"": 7.5546, ""hsf_k"": 0, ""hsf_na"": 16, ""hsf_nb"": 16, ""hsf_l"": 32.0017, ""sup"": 25, ""chi_bits0"": 1, ""mps_l0"": 7.5546, ""hsf_keff"": 0, ""hsf_l0"": 32.0017, ""sparse_l"": 31.2479, ""sv_l"": 38.2479, ""feat_secs"": 0.004894, ""feat_secs_frame"": 0.00011, ""feat_secs_hsf"": 0.004734}"
ct,"ct:n=32,L=1,t=32,nn=1",1,"{""n"": 32.0, ""L"": 1.0, ""t"": 32.0, ""nn"": 1.0}",frame,ok,0.000114,0.0046,2211840,-0.0,0,0.0,0.0,switched_at=None dense_qubits=0 peak_terms=0 term_visits=0 dense_ops=0,"{""n"": 32, ""gates"": 108, ""g2"": 16, ""g3"": 0, ""depth2"": 1, ""t_count"": 32, ""rotations"": 32, ""d"": 17, ""dense_l"": 19.1103, ""redundant"": 15, ""obs_zero"": true, ""frame_l"": 6.7549, ""chi_bits"": 1, ""mps_l"": 7.7814, ""hsf_k"": 0, ""hsf_na"": 16, ""hsf_nb"": 16, ""hsf_l"": 32.0024, ""sup"": 32, ""chi_bits0"": 1, ""mps_l0"": 7.7814, ""hsf_keff"": 0, ""hsf_l0"": 32.0024, ""sparse_l"": 38.7549, ""sv_l"": 38.7549, ""feat_secs"": 0.005011, ""feat_secs_frame"": 0.000145, ""feat_secs_hsf"": 0.004803}"
ct,"ct:n=32,L=1,t=32,nn=1",1,"{""n"": 32.0, ""L"": 1.0, ""t"": 32.0, ""nn"": 1.0}",dense,ok,0.001139,0.0071,4653056,0.0,17,0.0,0.0,switched_at=Some(32) dense_qubits=17 peak_terms=0 term_visits=0 dense_ops=565951,"{""n"": 32, ""gates"": 108, ""g2"": 16, ""g3"": 0, ""depth2"": 1, ""t_count"": 32, ""rotations"": 32, ""d"": 17, ""dense_l"": 19.1103, ""redundant"": 15, ""obs_zero"": true, ""frame_l"": 6.7549, ""chi_bits"": 1, ""mps_l"": 7.7814, ""hsf_k"": 0, ""hsf_na"": 16, ""hsf_nb"": 16, ""hsf_l"": 32.0024, ""sup"": 32, ""chi_bits0"": 1, ""mps_l0"": 7.7814, ""hsf_keff"": 0, ""hsf_l0"": 32.0024, ""sparse_l"": 38.7549, ""sv_l"": 38.7549, ""feat_secs"": 0.005011, ""feat_secs_frame"": 0.000145, ""feat_secs_hsf"": 0.004803}"
ct,"ct:n=32,L=1,t=32,nn=1",1,"{""n"": 32.0, ""L"": 1.0, ""t"": 32.0, ""nn"": 1.0}",auto,ok,0.000111,0.0047,2211840,-0.0,0,0.0,0.0,switched_at=None dense_qubits=0 peak_terms=0 term_visits=0 dense_ops=0,"{""n"": 32, ""gates"": 108, ""g2"": 16, ""g3"": 0, ""depth2"": 1, ""t_count"": 32, ""rotations"": 32, ""d"": 17, ""dense_l"": 19.1103, ""redundant"": 15, ""obs_zero"": true, ""frame_l"": 6.7549, ""chi_bits"": 1, ""mps_l"": 7.7814, ""hsf_k"": 0, ""hsf_na"": 16, ""hsf_nb"": 16, ""hsf_l"": 32.0024, ""sup"": 32, ""chi_bits0"": 1, ""mps_l0"": 7.7814, ""hsf_keff"": 0, ""hsf_l0"": 32.0024, ""sparse_l"": 38.7549, ""sv_l"": 38.7549, ""feat_secs"": 0.005011, ""feat_secs_frame"": 0.000145, ""feat_secs_hsf"": 0.004803}"
ct,"ct:n=32,L=1,t=64,nn=1",1,"{""n"": 32.0, ""L"": 1.0, ""t"": 64.0, ""nn"": 1.0}",frame,ok,0.000297,0.0047,2588672,-0.0,0,0.0,0.0,switched_at=None dense_qubits=0 peak_terms=0 term_visits=0 dense_ops=0,"{""n"": 32, ""gates"": 178, ""g2"": 16, ""g3"": 0, ""depth2"": 1, ""t_count"": 64, ""rotations"": 64, ""d"": 25, ""dense_l"": 26.9864, ""redundant"": 39, ""obs_zero"": true, ""frame_l"": 7.4757, ""chi_bits"": 1, ""mps_l"": 8.1799, ""hsf_k"": 0, ""hsf_na"": 16, ""hsf_nb"": 16, ""hsf_l"": 32.0039, ""sup"": 30, ""chi_bits0"": 1, ""mps_l0"": 8.1799, ""hsf_keff"": 0, ""hsf_l0"": 32.0039, ""sparse_l"": 37.4757, ""sv_l"": 39.4757, ""feat_secs"": 0.005039, ""feat_secs_frame"": 0.000173, ""feat_secs_hsf"": 0.004785}"
ct,"ct:n=32,L=1,t=64,nn=1",1,"{""n"": 32.0, ""L"": 1.0, ""t"": 64.0, ""nn"": 1.0}",dense,ok,0.222573,0.2277,539836416,0.0,25,0.0,0.0,switched_at=Some(64) dense_qubits=25 peak_terms=0 term_visits=0 dense_ops=132962528,"{""n"": 32, ""gates"": 178, ""g2"": 16, ""g3"": 0, ""depth2"": 1, ""t_count"": 64, ""rotations"": 64, ""d"": 25, ""dense_l"": 26.9864, ""redundant"": 39, ""obs_zero"": true, ""frame_l"": 7.4757, ""chi_bits"": 1, ""mps_l"": 8.1799, ""hsf_k"": 0, ""hsf_na"": 16, ""hsf_nb"": 16, ""hsf_l"": 32.0039, ""sup"": 30, ""chi_bits0"": 1, ""mps_l0"": 8.1799, ""hsf_keff"": 0, ""hsf_l0"": 32.0039, ""sparse_l"": 37.4757, ""sv_l"": 39.4757, ""feat_secs"": 0.005039, ""feat_secs_frame"": 0.000173, ""feat_secs_hsf"": 0.004785}"
ct,"ct:n=32,L=1,t=64,nn=1",1,"{""n"": 32.0, ""L"": 1.0, ""t"": 64.0, ""nn"": 1.0}",auto,ok,0.000273,0.0045,2588672,-0.0,0,0.0,0.0,switched_at=None dense_qubits=0 peak_terms=0 term_visits=0 dense_ops=0,"{""n"": 32, ""gates"": 178, ""g2"": 16, ""g3"": 0, ""depth2"": 1, ""t_count"": 64, ""rotations"": 64, ""d"": 25, ""dense_l"": 26.9864, ""redundant"": 39, ""obs_zero"": true, ""frame_l"": 7.4757, ""chi_bits"": 1, ""mps_l"": 8.1799, ""hsf_k"": 0, ""hsf_na"": 16, ""hsf_nb"": 16, ""hsf_l"": 32.0039, ""sup"": 30, ""chi_bits0"": 1, ""mps_l0"": 8.1799, ""hsf_keff"": 0, ""hsf_l0"": 32.0039, ""sparse_l"": 37.4757, ""sv_l"": 39.4757, ""feat_secs"": 0.005039, ""feat_secs_frame"": 0.000173, ""feat_secs_hsf"": 0.004785}"
ct,"ct:n=32,L=2,t=4,nn=1",1,"{""n"": 32.0, ""L"": 2.0, ""t"": 4.0, ""nn"": 1.0}",frame,ok,0.000126,0.0047,2228224,-0.0,0,0.0,0.0,switched_at=None dense_qubits=0 peak_terms=0 term_visits=0 dense_ops=0,"{""n"": 32, ""gates"": 100, ""g2"": 31, ""g3"": 0, ""depth2"": 2, ""t_count"": 4, ""rotations"": 4, ""d"": 3, ""dense_l"": 4.4594, ""redundant"": 1, ""obs_zero"": true, ""frame_l"": 6.6439, ""chi_bits"": 1, ""mps_l"": 8.7715, ""hsf_k"": 1, ""hsf_na"": 16, ""hsf_nb"": 16, ""hsf_l"": 33.0022, ""sup"": 27, ""chi_bits0"": 1, ""mps_l0"": 8.7715, ""hsf_keff"": 1, ""hsf_l0"": 33.0022, ""sparse_l"": 33.6439, ""sv_l"": 38.6439, ""feat_secs"": 0.011937, ""feat_secs_frame"": 0.000142, ""feat_secs_hsf"": 0.011737}"
ct,"ct:n=32,L=2,t=4,nn=1",1,"{""n"": 32.0, ""L"": 2.0, ""t"": 4.0, ""nn"": 1.0}",dense,ok,0.000138,0.0064,2244608,0.0,3,0.0,0.0,switched_at=Some(4) dense_qubits=3 peak_terms=0 term_visits=0 dense_ops=22,"{""n"": 32, ""gates"": 100, ""g2"": 31, ""g3"": 0, ""depth2"": 2, ""t_count"": 4, ""rotations"": 4, ""d"": 3, ""dense_l"": 4.4594, ""redundant"": 1, ""obs_zero"": true, ""frame_l"": 6.6439, ""chi_bits"": 1, ""mps_l"": 8.7715, ""hsf_k"": 1, ""hsf_na"": 16, ""hsf_nb"": 16, ""hsf_l"": 33.0022, ""sup"": 27, ""chi_bits0"": 1, ""mps_l0"": 8.7715, ""hsf_keff"": 1, ""hsf_l0"": 33.0022, ""sparse_l"": 33.6439, ""sv_l"": 38.6439, ""feat_secs"": 0.011937, ""feat_secs_frame"": 0.000142, ""feat_secs_hsf"": 0.011737}"
ct,"ct:n=32,L=2,t=4,nn=1",1,"{""n"": 32.0, ""L"": 2.0, ""t"": 4.0, ""nn"": 1.0}",auto,ok,0.000121,0.0042,2228224,-0.0,0,0.0,0.0,switched_at=None dense_qubits=0 peak_terms=0 term_visits=0 dense_ops=0,"{""n"": 32, ""gates"": 100, ""g2"": 31, ""g3"": 0, ""depth2"": 2, ""t_count"": 4, ""rotations"": 4, ""d"": 3, ""dense_l"": 4.4594, ""redundant"": 1, ""obs_zero"": true, ""frame_l"": 6.6439, ""chi_bits"": 1, ""mps_l"": 8.7715, ""hsf_k"": 1, ""hsf_na"": 16, ""hsf_nb"": 16, ""hsf_l"": 33.0022, ""sup"": 27, ""chi_bits0"": 1, ""mps_l0"": 8.7715, ""hsf_keff"": 1, ""hsf_l0"": 33.0022, ""sparse_l"": 33.6439, ""sv_l"": 38.6439, ""feat_secs"": 0.011937, ""feat_secs_frame"": 0.000142, ""feat_secs_hsf"": 0.011737}"
ct,"ct:n=32,L=2,t=16,nn=1",1,"{""n"": 32.0, ""L"": 2.0, ""t"": 16.0, ""nn"": 1.0}",frame,ok,0.000147,0.0045,2228224,-0.0,0,0.0,0.0,switched_at=None dense_qubits=0 peak_terms=0 term_visits=0 dense_ops=0,"{""n"": 32, ""gates"": 126, ""g2"": 31, ""g3"": 0, ""depth2"": 2, ""t_count"": 16, ""rotations"": 16, ""d"": 7, ""dense_l"": 9.0901, ""redundant"": 9, ""obs_zero"": true, ""frame_l"": 6.9773, ""chi_bits"": 1, ""mps_l"": 8.9715, ""hsf_k"": 1, ""hsf_na"": 16, ""hsf_nb"": 16, ""hsf_l"": 33.0028, ""sup"": 32, ""chi_bits0"": 1, ""mps_l0"": 8.9715, ""hsf_keff"": 1, ""hsf_l0"": 33.0028, ""sparse_l"": 38.9773, ""sv_l"": 38.9773, ""feat_secs"": 0.012207, ""feat_secs_frame"": 0.000156, ""feat_secs_hsf"": 0.011987}"
ct,"ct:n=32,L=2,t=16,nn=1",1,"{""n"": 32.0, ""L"": 2.0, ""t"": 16.0, ""nn"": 1.0}",dense,ok,0.000136,0.0035,2244608,0.0,7,0.0,0.0,switched_at=Some(15) dense_qubits=7 peak_terms=0 term_visits=0 dense_ops=417,"{""n"": 32, ""gates"": 126, ""g2"": 31, ""g3"": 0, ""depth2"": 2, ""t_count"": 16, ""rotations"": 16, ""d"": 7, ""dense_l"": 9.0901, ""redundant"": 9, ""obs_zero"": true, ""frame_l"": 6.9773, ""chi_bits"": 1, ""mps_l"": 8.9715, ""hsf_k"": 1, ""hsf_na"": 16, ""hsf_nb"": 16, ""hsf_l"": 33.0028, ""sup"": 32, ""chi_bits0"": 1, ""mps_l0"": 8.9715, ""hsf_keff"": 1, ""hsf_l0"": 33.0028, ""sparse_l"": 38.9773, ""sv_l"": 38.9773, ""feat_secs"": 0.012207, ""feat_secs_frame"": 0.000156, ""feat_secs_hsf"": 0.011987}"
ct,"ct:n=32,L=2,t=16,nn=1",1,"{""n"": 32.0, ""L"": 2.0, ""t"": 16.0, ""nn"": 1.0}",auto,ok,0.000157,0.0041,2244608,-0.0,0,0.0,0.0,switched_at=None dense_qubits=0 peak_terms=0 term_visits=0 dense_ops=0,"{""n"": 32, ""gates"": 126, ""g2"": 31, ""g3"": 0, ""depth2"": 2, ""t_count"": 16, ""rotations"": 16, ""d"": 7, ""dense_l"": 9.0901, ""redundant"": 9, ""obs_zero"": true, ""frame_l"": 6.9773, ""chi_bits"": 1, ""mps_l"": 8.9715, ""hsf_k"": 1, ""hsf_na"": 16, ""hsf_nb"": 16, ""hsf_l"": 33.0028, ""sup"": 32, ""chi_bits0"": 1, ""mps_l0"": 8.9715, ""hsf_keff"": 1, ""hsf_l0"": 33.0028, ""sparse_l"": 38.9773, ""sv_l"": 38.9773, ""feat_secs"": 0.012207, ""feat_secs_frame"": 0.000156, ""feat_secs_hsf"": 0.011987}"
ct,"ct:n=32,L=2,t=32,nn=1",1,"{""n"": 32.0, ""L"": 2.0, ""t"": 32.0, ""nn"": 1.0}",frame,ok,0.000279,0.0067,2605056,-0.0,0,0.0,0.0,switched_at=None dense_qubits=0 peak_terms=0 term_visits=0 dense_ops=0,"{""n"": 32, ""gates"": 154, ""g2"": 31, ""g3"": 0, ""depth2"": 2, ""t_count"": 32, ""rotations"": 32, ""d"": 17, ""dense_l"": 18.7129, ""redundant"": 15, ""obs_zero"": true, ""frame_l"": 7.2668, ""chi_bits"": 1, ""mps_l"": 9.1599, ""hsf_k"": 1, ""hsf_na"": 16, ""hsf_nb"": 16, ""hsf_l"": 33.0034, ""sup"": 31, ""chi_bits0"": 1, ""mps_l0"": 9.1599, ""hsf_keff"": 1, ""hsf_l0"": 33.0034, ""sparse_l"": 38.2668, ""sv_l"": 39.2668, ""feat_secs"": 0.011791, ""feat_secs_frame"": 0.000212, ""feat_secs_hsf"": 0.011503}"
ct,"ct:n=32,L=2,t=32,nn=1",1,"{""n"": 32.0, ""L"": 2.0, ""t"": 32.0, ""nn"": 1.0}",dense,ok,0.000977,0.0066,4702208,0.0,17,0.0,0.0,switched_at=Some(31) dense_qubits=17 peak_terms=0 term_visits=0 dense_ops=364134,"{""n"": 32, ""gates"": 154, ""g2"": 31, ""g3"": 0, ""depth2"": 2, ""t_count"": 32, ""rotations"": 32, ""d"": 17, ""dense_l"": 18.7129, ""redundant"": 15, ""obs_zero"": true, ""frame_l"": 7.2668, ""chi_bits"": 1, ""mps_l"": 9.1599, ""hsf_k"": 1, ""hsf_na"": 16, ""hsf_nb"": 16, ""hsf_l"": 33.0034, ""sup"": 31, ""chi_bits0"": 1, ""mps_l0"": 9.1599, ""hsf_keff"": 1, ""hsf_l0"": 33.0034, ""sparse_l"": 38.2668, ""sv_l"": 39.2668, ""feat_secs"": 0.011791, ""feat_secs_frame"": 0.000212, ""feat_secs_hsf"": 0.011503}"
ct,"ct:n=32,L=2,t=32,nn=1",1,"{""n"": 32.0, ""L"": 2.0, ""t"": 32.0, ""nn"": 1.0}",auto,ok,0.000225,0.0044,2572288,-0.0,0,0.0,0.0,switched_at=None dense_qubits=0 peak_terms=0 term_visits=0 dense_ops=0,"{""n"": 32, ""gates"": 154, ""g2"": 31, ""g3"": 0, ""depth2"": 2, ""t_count"": 32, ""rotations"": 32, ""d"": 17, ""dense_l"": 18.7129, ""redundant"": 15, ""obs_zero"": true, ""frame_l"": 7.2668, ""chi_bits"": 1, ""mps_l"": 9.1599, ""hsf_k"": 1, ""hsf_na"": 16, ""hsf_nb"": 16, ""hsf_l"": 33.0034, ""sup"": 31, ""chi_bits0"": 1, ""mps_l0"": 9.1599, ""hsf_keff"": 1, ""hsf_l0"": 33.0034, ""sparse_l"": 38.2668, ""sv_l"": 39.2668, ""feat_secs"": 0.011791, ""feat_secs_frame"": 0.000212, ""feat_secs_hsf"": 0.011503}"
ct,"ct:n=32,L=2,t=64,nn=1",1,"{""n"": 32.0, ""L"": 2.0, ""t"": 64.0, ""nn"": 1.0}",frame,ok,0.000284,0.0046,2588672,-0.0,0,0.0,0.0,switched_at=None dense_qubits=0 peak_terms=0 term_visits=0 dense_ops=0,"{""n"": 32, ""gates"": 226, ""g2"": 31, ""g3"": 0, ""depth2"": 2, ""t_count"": 64, ""rotations"": 64, ""d"": 24, ""dense_l"": 27.0931, ""redundant"": 40, ""obs_zero"": true, ""frame_l"": 7.8202, ""chi_bits"": 1, ""mps_l"": 9.5196, ""hsf_k"": 1, ""hsf_na"": 16, ""hsf_nb"": 16, ""hsf_l"": 33.005, ""sup"": 32, ""chi_bits0"": 1, ""mps_l0"": 9.5196, ""hsf_keff"": 1, ""hsf_l0"": 33.005, ""sparse_l"": 39.8202, ""sv_l"": 39.8202, ""feat_secs"": 0.012038, ""feat_secs_frame"": 0.00022, ""feat_secs_hsf"": 0.011719}"
ct,"ct:n=32,L=2,t=64,nn=1",1,"{""n"": 32.0, ""L"": 2.0, ""t"": 64.0, ""nn"": 1.0}",dense,ok,0.179433,0.1854,272498688,0.0,24,0.0,0.0,switched_at=Some(55) dense_qubits=24 peak_terms=0 term_visits=0 dense_ops=110653871,"{""n"": 32, ""gates"": 226, ""g2"": 31, ""g3"": 0, ""depth2"": 2, ""t_count"": 64, ""rotations"": 64, ""d"": 24, ""dense_l"": 27.0931, ""redundant"": 40, ""obs_zero"": true, ""frame_l"": 7.8202, ""chi_bits"": 1, ""mps_l"": 9.5196, ""hsf_k"": 1, ""hsf_na"": 16, ""hsf_nb"": 16, ""hsf_l"": 33.005, ""sup"": 32, ""chi_bits0"": 1, ""mps_l0"": 9.5196, ""hsf_keff"": 1, ""hsf_l0"": 33.005, ""sparse_l"": 39.8202, ""sv_l"": 39.8202, ""feat_secs"": 0.012038, ""feat_secs_frame"": 0.00022, ""feat_secs_hsf"": 0.011719}"
ct,"ct:n=32,L=2,t=64,nn=1",1,"{""n"": 32.0, ""L"": 2.0, ""t"": 64.0, ""nn"": 1.0}",auto,ok,0.000267,0.0046,2605056,-0.0,0,0.0,0.0,switched_at=None dense_qubits=0 peak_terms=0 term_visits=0 dense_ops=0,"{""n"": 32, ""gates"": 226, ""g2"": 31, ""g3"": 0, ""depth2"": 2, ""t_count"": 64, ""rotations"": 64, ""d"": 24, ""dense_l"": 27.0931, ""redundant"": 40, ""obs_zero"": true, ""frame_l"": 7.8202, ""chi_bits"": 1, ""mps_l"": 9.5196, ""hsf_k"": 1, ""hsf_na"": 16, ""hsf_nb"": 16, ""hsf_l"": 33.005, ""sup"": 32, ""chi_bits0"": 1, ""mps_l0"": 9.5196, ""hsf_keff"": 1, ""hsf_l0"": 33.005, ""sparse_l"": 39.8202, ""sv_l"": 39.8202, ""feat_secs"": 0.012038, ""feat_secs_frame"": 0.00022, ""feat_secs_hsf"": 0.011719}"
ct,"ct:n=32,L=4,t=4,nn=1",1,"{""n"": 32.0, ""L"": 4.0, ""t"": 4.0, ""nn"": 1.0}",frame,ok,0.000281,0.0063,2572288,-0.0,0,0.0,0.0,switched_at=None dense_qubits=0 peak_terms=0 term_visits=0 dense_ops=0,"{""n"": 32, ""gates"": 197, ""g2"": 62, ""g3"": 0, ""depth2"": 4, ""t_count"": 4, ""rotations"": 4, ""d"": 4, ""dense_l"": 4.9069, ""redundant"": 0, ""obs_zero"": true, ""frame_l"": 7.6221, ""chi_bits"": 2, ""mps_l"": 11.5531, ""hsf_k"": 2, ""hsf_na"": 16, ""hsf_nb"": 16, ""hsf_l"": 34.0043, ""sup"": 32, ""chi_bits0"": 2, ""mps_l0"": 11.5531, ""hsf_keff"": 2, ""hsf_l0"": 34.0043, ""sparse_l"": 39.6221, ""sv_l"": 39.6221, ""feat_secs"": 0.012103, ""feat_secs_frame"": 0.000229, ""feat_secs_hsf"": 0.011779}"
ct,"ct:n=32,L=4,t=4,nn=1",1,"{""n"": 32.0, ""L"": 4.0, ""t"": 4.0, ""nn"": 1.0}",dense,ok,0.000164,0.0064,2244608,0.0,4,0.0,0.0,switched_at=Some(4) dense_qubits=4 peak_terms=0 term_visits=0 dense_ops=30,"{""n"": 32, ""gates"": 197, ""g2"": 62, ""g3"": 0, ""depth2"": 4, ""t_count"": 4, ""rotations"": 4, ""d"": 4, ""dense_l"": 4.9069, ""redundant"": 0, ""obs_zero"": true, ""frame_l"": 7.6221, ""chi_bits"": 2, ""mps_l"": 11.5531, ""hsf_k"": 2, ""hsf_na"": 16, ""hsf_nb"": 16, ""hsf_l"": 34.0043, ""sup"": 32, ""chi_bits0"": 2, ""mps_l0"": 11.5531, ""hsf_keff"": 2, ""hsf_l0"": 34.0043, ""sparse_l"": 39.6221, ""sv_l"": 39.6221, ""feat_secs"": 0.012103, ""feat_secs_frame"": 0.000229, ""feat_secs_hsf"": 0.011779}"
ct,"ct:n=32,L=4,t=4,nn=1",1,"{""n"": 32.0, ""L"": 4.0, ""t"": 4.0, ""nn"": 1.0}",auto,ok,0.000291,0.0067,2588672,-0.0,0,0.0,0.0,switched_at=None dense_qubits=0 peak_terms=0 term_visits=0 dense_ops=0,"{""n"": 32, ""gates"": 197, ""g2"": 62, ""g3"": 0, ""depth2"": 4, ""t_count"": 4, ""rotations"": 4, ""d"": 4, ""dense_l"": 4.9069, ""redundant"": 0, ""obs_zero"": true, ""frame_l"": 7.6221, ""chi_bits"": 2, ""mps_l"": 11.5531, ""hsf_k"": 2, ""hsf_na"": 16, ""hsf_nb"": 16, ""hsf_l"": 34.0043, ""sup"": 32, ""chi_bits0"": 2, ""mps_l0"": 11.5531, ""hsf_keff"": 2, ""hsf_l0"": 34.0043, ""sparse_l"": 39.6221, ""sv_l"": 39.6221, ""feat_secs"": 0.012103, ""feat_secs_frame"": 0.000229, ""feat_secs_hsf"": 0.011779}"
ct,"ct:n=32,L=4,t=16,nn=1",1,"{""n"": 32.0, ""L"": 4.0, ""t"": 16.0, ""nn"": 1.0}",frame,ok,0.000295,0.0046,2588672,-0.0,0,0.0,0.0,switched_at=None dense_qubits=0 peak_terms=0 term_visits=0 dense_ops=0,"{""n"": 32, ""gates"": 227, ""g2"": 62, ""g3"": 0, ""depth2"": 4, ""t_count"": 16, ""rotations"": 16, ""d"": 11, ""dense_l"": 12.0878, ""redundant"": 5, ""obs_zero"": true, ""frame_l"": 7.8265, ""chi_bits"": 2, ""mps_l"": 11.6193, ""hsf_k"": 2, ""hsf_na"": 16, ""hsf_nb"": 16, ""hsf_l"": 34.005, ""sup"": 31, ""chi_bits0"": 2, ""mps_l0"": 11.6193, ""hsf_keff"": 2, ""hsf_l0"": 34.005, ""sparse_l"": 38.8265, ""sv_l"": 39.8265, ""feat_secs"": 0.012228, ""feat_secs_frame"": 0.000235, ""feat_secs_hsf"": 0.011873}"
ct,"ct:n=32,L=4,t=16,nn=1",1,"{""n"": 32.0, ""L"": 4.0, ""t"": 16.0, ""nn"": 1.0}",dense,ok,0.000187,0.0042,2293760,0.0,11,0.0,0.0,switched_at=Some(16) dense_qubits=11 peak_terms=0 term_visits=0 dense_ops=4353,"{""n"": 32, ""gates"": 227, ""g2"": 62, ""g3"": 0, ""depth2"": 4, ""t_count"": 16, ""rotations"": 16, ""d"": 11, ""dense_l"": 12.0878, ""redundant"": 5, ""obs_zero"": true, ""frame_l"": 7.8265, ""chi_bits"": 2, ""mps_l"": 11.6193, ""hsf_k"": 2, ""hsf_na"": 16, ""hsf_nb"": 16, ""hsf_l"": 34.005, ""sup"": 31, ""chi_bits0"": 2, ""mps_l0"": 11.6193, ""hsf_keff"": 2, ""hsf_l0"": 34.005, ""sparse_l"": 38.8265, ""sv_l"": 39.8265, ""feat_secs"": 0.012228, ""feat_secs_frame"": 0.000235, ""feat_secs_hsf"": 0.011873}"
ct,"ct:n=32,L=4,t=16,nn=1",1,"{""n"": 32.0, ""L"": 4.0, ""t"": 16.0, ""nn"": 1.0}",auto,ok,0.000316,0.0070,2588672,-0.0,0,0.0,0.0,switched_at=None dense_qubits=0 peak_terms=0 term_visits=0 dense_ops=0,"{""n"": 32, ""gates"": 227, ""g2"": 62, ""g3"": 0, ""depth2"": 4, ""t_count"": 16, ""rotations"": 16, ""d"": 11, ""dense_l"": 12.0878, ""redundant"": 5, ""obs_zero"": true, ""frame_l"": 7.8265, ""chi_bits"": 2, ""mps_l"": 11.6193, ""hsf_k"": 2, ""hsf_na"": 16, ""hsf_nb"": 16, ""hsf_l"": 34.005, ""sup"": 31, ""chi_bits0"": 2, ""mps_l0"": 11.6193, ""hsf_keff"": 2, ""hsf_l0"": 34.005, ""sparse_l"": 38.8265, ""sv_l"": 39.8265, ""feat_secs"": 0.012228, ""feat_secs_frame"": 0.000235, ""feat_secs_hsf"": 0.011873}"
ct,"ct:n=32,L=4,t=32,nn=1",1,"{""n"": 32.0, ""L"": 4.0, ""t"": 32.0, ""nn"": 1.0}",frame,ok,0.00026,0.0046,2588672,-0.0,0,0.0,0.0,switched_at=None dense_qubits=0 peak_terms=0 term_visits=0 dense_ops=0,"{""n"": 32, ""gates"": 250, ""g2"": 62, ""g3"": 0, ""depth2"": 4, ""t_count"": 32, ""rotations"": 32, ""d"": 20, ""dense_l"": 21.5266, ""redundant"": 12, ""obs_zero"": true, ""frame_l"": 7.9658, ""chi_bits"": 2, ""mps_l"": 11.6742, ""hsf_k"": 2, ""hsf_na"": 16, ""hsf_nb"": 16, ""hsf_l"": 34.0055, ""sup"": 32, ""chi_bits0"": 2, ""mps_l0"": 11.6742, ""hsf_keff"": 2, ""hsf_l0"": 34.0055, ""sparse_l"": 39.9658, ""sv_l"": 39.9658, ""feat_secs"": 0.01197, ""feat_secs_frame"": 0.000249, ""feat_secs_hsf"": 0.011612}"
ct,"ct:n=32,L=4,t=32,nn=1",1,"{""n"": 32.0, ""L"": 4.0, ""t"": 32.0, ""nn"": 1.0}",dense,ok,0.006421,0.0120,19382272,0.0,20,0.0,0.0,switched_at=Some(32) dense_qubits=20 peak_terms=0 term_visits=0 dense_ops=3021074,"{""n"": 32, ""gates"": 250, ""g2"": 62, ""g3"": 0, ""depth2"": 4, ""t_count"": 32, ""rotations"": 32, ""d"": 20, ""dense_l"": 21.5266, ""redundant"": 12, ""obs_zero"": true, ""frame_l"": 7.9658, ""chi_bits"": 2, ""mps_l"": 11.6742, ""hsf_k"": 2, ""hsf_na"": 16, ""hsf_nb"": 16, ""hsf_l"": 34.0055, ""sup"": 32, ""chi_bits0"": 2, ""mps_l0"": 11.6742, ""hsf_keff"": 2, ""hsf_l0"": 34.0055, ""sparse_l"": 39.9658, ""sv_l"": 39.9658, ""feat_secs"": 0.01197, ""feat_secs_frame"": 0.000249, ""feat_secs_hsf"": 0.011612}"
ct,"ct:n=32,L=4,t=32,nn=1",1,"{""n"": 32.0, ""L"": 4.0, ""t"": 32.0, ""nn"": 1.0}",auto,ok,0.000292,0.0063,2588672,-0.0,0,0.0,0.0,switched_at=None dense_qubits=0 peak_terms=0 term_visits=0 dense_ops=0,"{""n"": 32, ""gates"": 250, ""g2"": 62, ""g3"": 0, ""depth2"": 4, ""t_count"": 32, ""rotations"": 32, ""d"": 20, ""dense_l"": 21.5266, ""redundant"": 12, ""obs_zero"": true, ""frame_l"": 7.9658, ""chi_bits"": 2, ""mps_l"": 11.6742, ""hsf_k"": 2, ""hsf_na"": 16, ""hsf_nb"": 16, ""hsf_l"": 34.0055, ""sup"": 32, ""chi_bits0"": 2, ""mps_l0"": 11.6742, ""hsf_keff"": 2, ""hsf_l0"": 34.0055, ""sparse_l"": 39.9658, ""sv_l"": 39.9658, ""feat_secs"": 0.01197, ""feat_secs_frame"": 0.000249, ""feat_secs_hsf"": 0.011612}"
ct,"ct:n=32,L=4,t=64,nn=1",1,"{""n"": 32.0, ""L"": 4.0, ""t"": 64.0, ""nn"": 1.0}",frame,ok,0.000398,0.0075,2605056,-0.0,0,-0.0,0.0,switched_at=None dense_qubits=0 peak_terms=0 term_visits=0 dense_ops=0,"{""n"": 32, ""gates"": 324, ""g2"": 62, ""g3"": 0, ""depth2"": 4, ""t_count"": 64, ""rotations"": 64, ""d"": 27, ""dense_l"": 29.5919, ""redundant"": 37, ""obs_zero"": true, ""frame_l"": 8.3399, ""chi_bits"": 2, ""mps_l"": 11.7993, ""hsf_k"": 2, ""hsf_na"": 16, ""hsf_nb"": 16, ""hsf_l"": 34.0071, ""sup"": 32, ""chi_bits0"": 2, ""mps_l0"": 11.7993, ""hsf_keff"": 2, ""hsf_l0"": 34.0071, ""sparse_l"": 40.3399, ""sv_l"": 40.3399, ""feat_secs"": 0.012289, ""feat_secs_frame"": 0.000317, ""feat_secs_hsf"": 0.011812}"
ct,"ct:n=32,L=4,t=64,nn=1",1,"{""n"": 32.0, ""L"": 4.0, ""t"": 64.0, ""nn"": 1.0}",dense,ok,0.000319,0.0042,2605056,-0.0,0,-0.0,0.0,switched_at=None dense_qubits=0 peak_terms=0 term_visits=0 dense_ops=0,"{""n"": 32, ""gates"": 324, ""g2"": 62, ""g3"": 0, ""depth2"": 4, ""t_count"": 64, ""rotations"": 64, ""d"": 27, ""dense_l"": 29.5919, ""redundant"": 37, ""obs_zero"": true, ""frame_l"": 8.3399, ""chi_bits"": 2, ""mps_l"": 11.7993, ""hsf_k"": 2, ""hsf_na"": 16, ""hsf_nb"": 16, ""hsf_l"": 34.0071, ""sup"": 32, ""chi_bits0"": 2, ""mps_l0"": 11.7993, ""hsf_keff"": 2, ""hsf_l0"": 34.0071, ""sparse_l"": 40.3399, ""sv_l"": 40.3399, ""feat_secs"": 0.012289, ""feat_secs_frame"": 0.000317, ""feat_secs_hsf"": 0.011812}"
ct,"ct:n=32,L=4,t=64,nn=1",1,"{""n"": 32.0, ""L"": 4.0, ""t"": 64.0, ""nn"": 1.0}",auto,ok,0.000272,0.0038,2605056,-0.0,0,-0.0,0.0,switched_at=None dense_qubits=0 peak_terms=0 term_visits=0 dense_ops=0,"{""n"": 32, ""gates"": 324, ""g2"": 62, ""g3"": 0, ""depth2"": 4, ""t_count"": 64, ""rotations"": 64, ""d"": 27, ""dense_l"": 29.5919, ""redundant"": 37, ""obs_zero"": true, ""frame_l"": 8.3399, ""chi_bits"": 2, ""mps_l"": 11.7993, ""hsf_k"": 2, ""hsf_na"": 16, ""hsf_nb"": 16, ""hsf_l"": 34.0071, ""sup"": 32, ""chi_bits0"": 2, ""mps_l0"": 11.7993, ""hsf_keff"": 2, ""hsf_l0"": 34.0071, ""sparse_l"": 40.3399, ""sv_l"": 40.3399, ""feat_secs"": 0.012289, ""feat_secs_frame"": 0.000317, ""feat_secs_hsf"": 0.011812}"
ct,"ct:n=32,L=8,t=4,nn=1",1,"{""n"": 32.0, ""L"": 8.0, ""t"": 4.0, ""nn"": 1.0}",frame,ok,0.000326,0.0064,2621440,-0.0,0,0.0,0.0,switched_at=None dense_qubits=0 peak_terms=0 term_visits=0 dense_ops=0,"{""n"": 32, ""gates"": 382, ""g2"": 124, ""g3"": 0, ""depth2"": 8, ""t_count"": 4, ""rotations"": 4, ""d"": 4, ""dense_l"": 4.9069, ""redundant"": 0, ""obs_zero"": true, ""frame_l"": 8.5774, ""chi_bits"": 4, ""mps_l"": 17.0047, ""hsf_k"": 4, ""hsf_na"": 16, ""hsf_nb"": 16, ""hsf_l"": 36.0084, ""sup"": 32, ""chi_bits0"": 4, ""mps_l0"": 17.0047, ""hsf_keff"": 4, ""hsf_l0"": 36.0084, ""sparse_l"": 40.5774, ""sv_l"": 40.5774, ""feat_secs"": 0.012086, ""feat_secs_frame"": 0.000384, ""feat_secs_hsf"": 0.011548}"
ct,"ct:n=32,L=8,t=4,nn=1",1,"{""n"": 32.0, ""L"": 8.0, ""t"": 4.0, ""nn"": 1.0}",dense,ok,0.000246,0.0046,2293760,0.0,4,0.0,0.0,switched_at=Some(4) dense_qubits=4 peak_terms=0 term_visits=0 dense_ops=30,"{""n"": 32, ""gates"": 382, ""g2"": 124, ""g3"": 0, ""depth2"": 8, ""t_count"": 4, ""rotations"": 4, ""d"": 4, ""dense_l"": 4.9069, ""redundant"": 0, ""obs_zero"": true, ""frame_l"": 8.5774, ""chi_bits"": 4, ""mps_l"": 17.0047, ""hsf_k"": 4, ""hsf_na"": 16, ""hsf_nb"": 16, ""hsf_l"": 36.0084, ""sup"": 32, ""chi_bits0"": 4, ""mps_l0"": 17.0047, ""hsf_keff"": 4, ""hsf_l0"": 36.0084, ""sparse_l"": 40.5774, ""sv_l"": 40.5774, ""feat_secs"": 0.012086, ""feat_secs_frame"": 0.000384, ""feat_secs_hsf"": 0.011548}"
ct,"ct:n=32,L=8,t=4,nn=1",1,"{""n"": 32.0, ""L"": 8.0, ""t"": 4.0, ""nn"": 1.0}",auto,ok,0.000396,0.0040,2621440,-0.0,0,0.0,0.0,switched_at=None dense_qubits=0 peak_terms=0 term_visits=0 dense_ops=0,"{""n"": 32, ""gates"": 382, ""g2"": 124, ""g3"": 0, ""depth2"": 8, ""t_count"": 4, ""rotations"": 4, ""d"": 4, ""dense_l"": 4.9069, ""redundant"": 0, ""obs_zero"": true, ""frame_l"": 8.5774, ""chi_bits"": 4, ""mps_l"": 17.0047, ""hsf_k"": 4, ""hsf_na"": 16, ""hsf_nb"": 16, ""hsf_l"": 36.0084, ""sup"": 32, ""chi_bits0"": 4, ""mps_l0"": 17.0047, ""hsf_keff"": 4, ""hsf_l0"": 36.0084, ""sparse_l"": 40.5774, ""sv_l"": 40.5774, ""feat_secs"": 0.012086, ""feat_secs_frame"": 0.000384, ""feat_secs_hsf"": 0.011548}"
ct,"ct:n=32,L=8,t=16,nn=1",1,"{""n"": 32.0, ""L"": 8.0, ""t"": 16.0, ""nn"": 1.0}",frame,ok,0.000432,0.0076,2621440,-0.0,0,0.0,0.0,switched_at=None dense_qubits=0 peak_terms=0 term_visits=0 dense_ops=0,"{""n"": 32, ""gates"": 400, ""g2"": 124, ""g3"": 0, ""depth2"": 8, ""t_count"": 16, ""rotations"": 16, ""d"": 15, ""dense_l"": 16.0, ""redundant"": 1, ""obs_zero"": true, ""frame_l"": 8.6439, ""chi_bits"": 4, ""mps_l"": 17.0007, ""hsf_k"": 4, ""hsf_na"": 16, ""hsf_nb"": 16, ""hsf_l"": 36.0088, ""sup"": 32, ""chi_bits0"": 4, ""mps_l0"": 17.0007, ""hsf_keff"": 4, ""hsf_l0"": 36.0088, ""sparse_l"": 40.6439, ""sv_l"": 40.6439, ""feat_secs"": 0.012463, ""feat_secs_frame"": 0.000438, ""feat_secs_hsf"": 0.01187}"
ct,"ct:n=32,L=8,t=16,nn=1",1,"{""n"": 32.0, ""L"": 8.0, ""t"": 16.0, ""nn"": 1.0}",dense,ok,0.000501,0.0044,3112960,0.0,15,0.0,0.0,switched_at=Some(16) dense_qubits=15 peak_terms=0 term_visits=0 dense_ops=65535,"{""n"": 32, ""gates"": 400, ""g2"": 124, ""g3"": 0, ""depth2"": 8, ""t_count"": 16, ""rotations"": 16, ""d"": 15, ""dense_l"": 16.0, ""redundant"": 1, ""obs_zero"": true, ""frame_l"": 8.6439, ""chi_bits"": 4, ""mps_l"": 17.0007, ""hsf_k"": 4, ""hsf_na"": 16, ""hsf_nb"": 16, ""hsf_l"": 36.0088, ""sup"": 32, ""chi_bits0"": 4, ""mps_l0"": 17.0007, ""hsf_keff"": 4, ""hsf_l0"": 36.0088, ""sparse_l"": 40.6439, ""sv_l"": 40.6439, ""feat_secs"": 0.012463, ""feat_secs_frame"": 0.000438, ""feat_secs_hsf"": 0.01187}"
ct,"ct:n=32,L=8,t=16,nn=1",1,"{""n"": 32.0, ""L"": 8.0, ""t"": 16.0, ""nn"": 1.0}",auto,ok,0.000354,0.0042,2605056,-0.0,0,0.0,0.0,switched_at=None dense_qubits=0 peak_terms=0 term_visits=0 dense_ops=0,"{""n"": 32, ""gates"": 400, ""g2"": 124, ""g3"": 0, ""depth2"": 8, ""t_count"": 16, ""rotations"": 16, ""d"": 15, ""dense_l"": 16.0, ""redundant"": 1, ""obs_zero"": true, ""frame_l"": 8.6439, ""chi_bits"": 4, ""mps_l"": 17.0007, ""hsf_k"": 4, ""hsf_na"": 16, ""hsf_nb"": 16, ""hsf_l"": 36.0088, ""sup"": 32, ""chi_bits0"": 4, ""mps_l0"": 17.0007, ""hsf_keff"": 4, ""hsf_l0"": 36.0088, ""sparse_l"": 40.6439, ""sv_l"": 40.6439, ""feat_secs"": 0.012463, ""feat_secs_frame"": 0.000438, ""feat_secs_hsf"": 0.01187}"
ct,"ct:n=32,L=8,t=32,nn=1",1,"{""n"": 32.0, ""L"": 8.0, ""t"": 32.0, ""nn"": 1.0}",frame,ok,0.000358,0.0047,2637824,-0.0,0,0.0,0.0,switched_at=None dense_qubits=0 peak_terms=0 term_visits=0 dense_ops=0,"{""n"": 32, ""gates"": 426, ""g2"": 124, ""g3"": 0, ""depth2"": 8, ""t_count"": 32, ""rotations"": 32, ""d"": 23, ""dense_l"": 24.1504, ""redundant"": 9, ""obs_zero"": true, ""frame_l"": 8.7347, ""chi_bits"": 4, ""mps_l"": 17.0106, ""hsf_k"": 4, ""hsf_na"": 16, ""hsf_nb"": 16, ""hsf_l"": 36.0093, ""sup"": 32, ""chi_bits0"": 4, ""mps_l0"": 17.0106, ""hsf_keff"": 4, ""hsf_l0"": 36.0093, ""sparse_l"": 40.7347, ""sv_l"": 40.7347, ""feat_secs"": 0.012308, ""feat_secs_frame"": 0.000477, ""feat_secs_hsf"": 0.011636}"
ct,"ct:n=32,L=8,t=32,nn=1",1,"{""n"": 32.0, ""L"": 8.0, ""t"": 32.0, ""nn"": 1.0}",dense,ok,0.037528,0.0417,136937472,0.0,23,0.0,0.0,switched_at=Some(31) dense_qubits=23 peak_terms=0 term_visits=0 dense_ops=18096299,"{""n"": 32, ""gates"": 426, ""g2"": 124, ""g3"": 0, ""depth2"": 8, ""t_count"": 32, ""rotations"": 32, ""d"": 23, ""dense_l"": 24.1504, ""redundant"": 9, ""obs_zero"": true, ""frame_l"": 8.7347, ""chi_bits"": 4, ""mps_l"": 17.0106, ""hsf_k"": 4, ""hsf_na"": 16, ""hsf_nb"": 16, ""hsf_l"": 36.0093, ""sup"": 32, ""chi_bits0"": 4, ""mps_l0"": 17.0106, ""hsf_keff"": 4, ""hsf_l0"": 36.0093, ""sparse_l"": 40.7347, ""sv_l"": 40.7347, ""feat_secs"": 0.012308, ""feat_secs_frame"": 0.000477, ""feat_secs_hsf"": 0.011636}"
ct,"ct:n=32,L=8,t=32,nn=1",1,"{""n"": 32.0, ""L"": 8.0, ""t"": 32.0, ""nn"": 1.0}",auto,ok,0.000373,0.0067,2637824,-0.0,0,0.0,0.0,switched_at=None dense_qubits=0 peak_terms=0 term_visits=0 dense_ops=0,"{""n"": 32, ""gates"": 426, ""g2"": 124, ""g3"": 0, ""depth2"": 8, ""t_count"": 32, ""rotations"": 32, ""d"": 23, ""dense_l"": 24.1504, ""redundant"": 9, ""obs_zero"": true, ""frame_l"": 8.7347, ""chi_bits"": 4, ""mps_l"": 17.0106, ""hsf_k"": 4, ""hsf_na"": 16, ""hsf_nb"": 16, ""hsf_l"": 36.0093, ""sup"": 32, ""chi_bits0"": 4, ""mps_l0"": 17.0106, ""hsf_keff"": 4, ""hsf_l0"": 36.0093, ""sparse_l"": 40.7347, ""sv_l"": 40.7347, ""feat_secs"": 0.012308, ""feat_secs_frame"": 0.000477, ""feat_secs_hsf"": 0.011636}"
ct,"ct:n=32,L=8,t=64,nn=1",1,"{""n"": 32.0, ""L"": 8.0, ""t"": 64.0, ""nn"": 1.0}",frame,ok,0.00144,0.0073,3047424,-0.0,1408,-0.0,0.0,switched_at=None dense_qubits=0 peak_terms=1408 term_visits=6745 dense_ops=0,"{""n"": 32, ""gates"": 506, ""g2"": 124, ""g3"": 0, ""depth2"": 8, ""t_count"": 64, ""rotations"": 64, ""d"": 30, ""dense_l"": 33.6497, ""redundant"": 34, ""obs_zero"": false, ""frame_l"": 23.0, ""chi_bits"": 4, ""mps_l"": 17.0482, ""hsf_k"": 4, ""hsf_na"": 16, ""hsf_nb"": 16, ""hsf_l"": 36.0111, ""sup"": 32, ""chi_bits0"": 4, ""mps_l0"": 17.0482, ""hsf_keff"": 4, ""hsf_l0"": 36.0111, ""sparse_l"": 40.983, ""sv_l"": 40.983, ""feat_secs"": 0.0125, ""feat_secs_frame"": 0.000481, ""feat_secs_hsf"": 0.011834}"
ct,"ct:n=32,L=8,t=64,nn=1",1,"{""n"": 32.0, ""L"": 8.0, ""t"": 64.0, ""nn"": 1.0}",dense,ok,2.120524,2.1252,1082327040,-5.450046106033327e-21,26,-0.0,5.450046106033327e-21,switched_at=Some(42) dense_qubits=26 peak_terms=64 term_visits=401 dense_ops=1262256165,"{""n"": 32, ""gates"": 506, ""g2"": 124, ""g3"": 0, ""depth2"": 8, ""t_count"": 64, ""rotations"": 64, ""d"": 30, ""dense_l"": 33.6497, ""redundant"": 34, ""obs_zero"": false, ""frame_l"": 23.0, ""chi_bits"": 4, ""mps_l"": 17.0482, ""hsf_k"": 4, ""hsf_na"": 16, ""hsf_nb"": 16, ""hsf_l"": 36.0111, ""sup"": 32, ""chi_bits0"": 4, ""mps_l0"": 17.0482, ""hsf_keff"": 4, ""hsf_l0"": 36.0111, ""sparse_l"": 40.983, ""sv_l"": 40.983, ""feat_secs"": 0.0125, ""feat_secs_frame"": 0.000481, ""feat_secs_hsf"": 0.011834}"
ct,"ct:n=32,L=8,t=64,nn=1",1,"{""n"": 32.0, ""L"": 8.0, ""t"": 64.0, ""nn"": 1.0}",auto,ok,0.001446,0.0075,3063808,-0.0,0,-0.0,0.0,switched_at=None dense_qubits=0 peak_terms=1408 term_visits=6745 dense_ops=0,"{""n"": 32, ""gates"": 506, ""g2"": 124, ""g3"": 0, ""depth2"": 8, ""t_count"": 64, ""rotations"": 64, ""d"": 30, ""dense_l"": 33.6497, ""redundant"": 34, ""obs_zero"": false, ""frame_l"": 23.0, ""chi_bits"": 4, ""mps_l"": 17.0482, ""hsf_k"": 4, ""hsf_na"": 16, ""hsf_nb"": 16, ""hsf_l"": 36.0111, ""sup"": 32, ""chi_bits0"": 4, ""mps_l0"": 17.0482, ""hsf_keff"": 4, ""hsf_l0"": 36.0111, ""sparse_l"": 40.983, ""sv_l"": 40.983, ""feat_secs"": 0.0125, ""feat_secs_frame"": 0.000481, ""feat_secs_hsf"": 0.011834}"
ct,"ct:n=32,L=16,t=4,nn=1",1,"{""n"": 32.0, ""L"": 16.0, ""t"": 4.0, ""nn"": 1.0}",frame,ok,0.000551,0.0079,2703360,-0.0,0,0.0,0.0,switched_at=None dense_qubits=0 peak_terms=0 term_visits=0 dense_ops=0,"{""n"": 32, ""gates"": 747, ""g2"": 248, ""g3"": 0, ""depth2"": 16, ""t_count"": 4, ""rotations"": 4, ""d"": 4, ""dense_l"": 4.9069, ""redundant"": 0, ""obs_zero"": true, ""frame_l"": 9.545, ""chi_bits"": 8, ""mps_l"": 28.3371, ""hsf_k"": 8, ""hsf_na"": 16, ""hsf_nb"": 16, ""hsf_l"": 40.0164, ""sup"": 32, ""chi_bits0"": 8, ""mps_l0"": 28.3371, ""hsf_keff"": 8, ""hsf_l0"": 40.0164, ""sparse_l"": 41.545, ""sv_l"": 41.545, ""feat_secs"": 0.013038, ""feat_secs_frame"": 0.00073, ""feat_secs_hsf"": 0.011983}"
ct,"ct:n=32,L=16,t=4,nn=1",1,"{""n"": 32.0, ""L"": 16.0, ""t"": 4.0, ""nn"": 1.0}",dense,ok,0.000402,0.0077,2375680,0.0,4,0.0,0.0,switched_at=Some(4) dense_qubits=4 peak_terms=0 term_visits=0 dense_ops=30,"{""n"": 32, ""gates"": 747, ""g2"": 248, ""g3"": 0, ""depth2"": 16, ""t_count"": 4, ""rotations"": 4, ""d"": 4, ""dense_l"": 4.9069, ""redundant"": 0, ""obs_zero"": true, ""frame_l"": 9.545, ""chi_bits"": 8, ""mps_l"": 28.3371, ""hsf_k"": 8, ""hsf_na"": 16, ""hsf_nb"": 16, ""hsf_l"": 40.0164, ""sup"": 32, ""chi_bits0"": 8, ""mps_l0"": 28.3371, ""hsf_keff"": 8, ""hsf_l0"": 40.0164, ""sparse_l"": 41.545, ""sv_l"": 41.545, ""feat_secs"": 0.013038, ""feat_secs_frame"": 0.00073, ""feat_secs_hsf"": 0.011983}"
ct,"ct:n=32,L=16,t=4,nn=1",1,"{""n"": 32.0, ""L"": 16.0, ""t"": 4.0, ""nn"": 1.0}",auto,ok,0.000495,0.0070,2686976,-0.0,0,0.0,0.0,switched_at=None dense_qubits=0 peak_terms=0 term_visits=0 dense_ops=0,"{""n"": 32, ""gates"": 747, ""g2"": 248, ""g3"": 0, ""depth2"": 16, ""t_count"": 4, ""rotations"": 4, ""d"": 4, ""dense_l"": 4.9069, ""redundant"": 0, ""obs_zero"": true, ""frame_l"": 9.545, ""chi_bits"": 8, ""mps_l"": 28.3371, ""hsf_k"": 8, ""hsf_na"": 16, ""hsf_nb"": 16, ""hsf_l"": 40.0164, ""sup"": 32, ""chi_bits0"": 8, ""mps_l0"": 28.3371, ""hsf_keff"": 8, ""hsf_l0"": 40.0164, ""sparse_l"": 41.545, ""sv_l"": 41.545, ""feat_secs"": 0.013038, ""feat_secs_frame"": 0.00073, ""feat_secs_hsf"": 0.011983}"
ct,"ct:n=32,L=16,t=16,nn=1",1,"{""n"": 32.0, ""L"": 16.0, ""t"": 16.0, ""nn"": 1.0}",frame,ok,0.000482,0.0047,2703360,-0.0,0,0.0,0.0,switched_at=None dense_qubits=0 peak_terms=0 term_visits=0 dense_ops=0,"{""n"": 32, ""gates"": 775, ""g2"": 248, ""g3"": 0, ""depth2"": 16, ""t_count"": 16, ""rotations"": 16, ""d"": 15, ""dense_l"": 16.0, ""redundant"": 1, ""obs_zero"": true, ""frame_l"": 9.5981, ""chi_bits"": 8, ""mps_l"": 28.3376, ""hsf_k"": 8, ""hsf_na"": 16, ""hsf_nb"": 16, ""hsf_l"": 40.017, ""sup"": 32, ""chi_bits0"": 8, ""mps_l0"": 28.3376, ""hsf_keff"": 8, ""hsf_l0"": 40.017, ""sparse_l"": 41.5981, ""sv_l"": 41.5981, ""feat_secs"": 0.012888, ""feat_secs_frame"": 0.000822, ""feat_secs_hsf"": 0.011754}"
ct,"ct:n=32,L=16,t=16,nn=1",1,"{""n"": 32.0, ""L"": 16.0, ""t"": 16.0, ""nn"": 1.0}",dense,ok,0.000667,0.0073,3162112,0.0,15,0.0,0.0,switched_at=Some(16) dense_qubits=15 peak_terms=0 term_visits=0 dense_ops=65535,"{""n"": 32, ""gates"": 775, ""g2"": 248, ""g3"": 0, ""depth2"": 16, ""t_count"": 16, ""rotations"": 16, ""d"": 15, ""dense_l"": 16.0, ""redundant"": 1, ""obs_zero"": true, ""frame_l"": 9.5981, ""chi_bits"": 8, ""mps_l"": 28.3376, ""hsf_k"": 8, ""hsf_na"": 16, ""hsf_nb"": 16, ""hsf_l"": 40.017, ""sup"": 32, ""chi_bits0"": 8, ""mps_l0"": 28.3376, ""hsf_keff"": 8, ""hsf_l0"": 40.017, ""sparse_l"": 41.5981, ""sv_l"": 41.5981, ""feat_secs"": 0.012888, ""feat_secs_frame"": 0.000822, ""feat_secs_hsf"": 0.011754}"
ct,"ct:n=32,L=16,t=16,nn=1",1,"{""n"": 32.0, ""L"": 16.0, ""t"": 16.0, ""nn"": 1.0}",auto,ok,0.000587,0.0071,2703360,-0.0,0,0.0,0.0,switched_at=None dense_qubits=0 peak_terms=0 term_visits=0 dense_ops=0,"{""n"": 32, ""gates"": 775, ""g2"": 248, ""g3"": 0, ""depth2"": 16, ""t_count"": 16, ""rotations"": 16, ""d"": 15, ""dense_l"": 16.0, ""redundant"": 1, ""obs_zero"": true, ""frame_l"": 9.5981, ""chi_bits"": 8, ""mps_l"": 28.3376, ""hsf_k"": 8, ""hsf_na"": 16, ""hsf_nb"": 16, ""hsf_l"": 40.017, ""sup"": 32, ""chi_bits0"": 8, ""mps_l0"": 28.3376, ""hsf_keff"": 8, ""hsf_l0"": 40.017, ""sparse_l"": 41.5981, ""sv_l"": 41.5981, ""feat_secs"": 0.012888, ""feat_secs_frame"": 0.000822, ""feat_secs_hsf"": 0.011754}"
ct,"ct:n=32,L=16,t=32,nn=1",1,"{""n"": 32.0, ""L"": 16.0, ""t"": 32.0, ""nn"": 1.0}",frame,ok,0.000571,0.0066,2703360,-0.0,0,0.0,0.0,switched_at=None dense_qubits=0 peak_terms=0 term_visits=0 dense_ops=0,"{""n"": 32, ""gates"": 809, ""g2"": 248, ""g3"": 0, ""depth2"": 16, ""t_count"": 32, ""rotations"": 32, ""d"": 26, ""dense_l"": 27.1523, ""redundant"": 6, ""obs_zero"": true, ""frame_l"": 9.66, ""chi_bits"": 8, ""mps_l"": 28.3378, ""hsf_k"": 8, ""hsf_na"": 16, ""hsf_nb"": 16, ""hsf_l"": 40.0177, ""sup"": 32, ""chi_bits0"": 8, ""mps_l0"": 28.3378, ""hsf_keff"": 8, ""hsf_l0"": 40.0177, ""sparse_l"": 41.66, ""sv_l"": 41.66, ""feat_secs"": 0.012922, ""feat_secs_frame"": 0.000743, ""feat_secs_hsf"": 0.011884}"
ct,"ct:n=32,L=16,t=32,nn=1",1,"{""n"": 32.0, ""L"": 16.0, ""t"": 32.0, ""nn"": 1.0}",dense,ok,0.30509,0.3102,1077018624,0.0,26,0.0,0.0,switched_at=Some(31) dense_qubits=26 peak_terms=0 term_visits=0 dense_ops=148897870,"{""n"": 32, ""gates"": 809, ""g2"": 248, ""g3"": 0, ""depth2"": 16, ""t_count"": 32, ""rotations"": 32, ""d"": 26, ""dense_l"": 27.1523, ""redundant"": 6, ""obs_zero"": true, ""frame_l"": 9.66, ""chi_bits"": 8, ""mps_l"": 28.3378, ""hsf_k"": 8, ""hsf_na"": 16, ""hsf_nb"": 16, ""hsf_l"": 40.0177, ""sup"": 32, ""chi_bits0"": 8, ""mps_l0"": 28.3378, ""hsf_keff"": 8, ""hsf_l0"": 40.0177, ""sparse_l"": 41.66, ""sv_l"": 41.66, ""feat_secs"": 0.012922, ""feat_secs_frame"": 0.000743, ""feat_secs_hsf"": 0.011884}"
ct,"ct:n=32,L=16,t=32,nn=1",1,"{""n"": 32.0, ""L"": 16.0, ""t"": 32.0, ""nn"": 1.0}",auto,ok,0.000536,0.0066,2719744,-0.0,0,0.0,0.0,switched_at=None dense_qubits=0 peak_terms=0 term_visits=0 dense_ops=0,"{""n"": 32, ""gates"": 809, ""g2"": 248, ""g3"": 0, ""depth2"": 16, ""t_count"": 32, ""rotations"": 32, ""d"": 26, ""dense_l"": 27.1523, ""redundant"": 6, ""obs_zero"": true, ""frame_l"": 9.66, ""chi_bits"": 8, ""mps_l"": 28.3378, ""hsf_k"": 8, ""hsf_na"": 16, ""hsf_nb"": 16, ""hsf_l"": 40.0177, ""sup"": 32, ""chi_bits0"": 8, ""mps_l0"": 28.3378, ""hsf_keff"": 8, ""hsf_l0"": 40.0177, ""sparse_l"": 41.66, ""sv_l"": 41.66, ""feat_secs"": 0.012922, ""feat_secs_frame"": 0.000743, ""feat_secs_hsf"": 0.011884}"
ct,"ct:n=32,L=16,t=64,nn=1",1,"{""n"": 32.0, ""L"": 16.0, ""t"": 64.0, ""nn"": 1.0}",frame,ok,0.000882,0.0074,2785280,-0.0,16,-0.0,0.0,switched_at=None dense_qubits=0 peak_terms=16 term_visits=117 dense_ops=0,"{""n"": 32, ""gates"": 872, ""g2"": 248, ""g3"": 0, ""depth2"": 16, ""t_count"": 64, ""rotations"": 64, ""d"": 32, ""dense_l"": 36.0817, ""redundant"": 32, ""obs_zero"": false, ""frame_l"": 22.0, ""chi_bits"": 8, ""mps_l"": 28.339, ""hsf_k"": 8, ""hsf_na"": 16, ""hsf_nb"": 16, ""hsf_l"": 40.0191, ""sup"": 32, ""chi_bits0"": 8, ""mps_l0"": 28.339, ""hsf_keff"": 8, ""hsf_l0"": 40.0191, ""sparse_l"": 41.7682, ""sv_l"": 41.7682, ""feat_secs"": 0.012923, ""feat_secs_frame"": 0.000818, ""feat_secs_hsf"": 0.011709}"
ct,"ct:n=32,L=16,t=64,nn=1",1,"{""n"": 32.0, ""L"": 16.0, ""t"": 64.0, ""nn"": 1.0}",dense,ok,0.001196,0.0075,2785280,-0.0,0,-0.0,0.0,switched_at=None dense_qubits=0 peak_terms=16 term_visits=117 dense_ops=0,"{""n"": 32, ""gates"": 872, ""g2"": 248, ""g3"": 0, ""depth2"": 16, ""t_count"": 64, ""rotations"": 64, ""d"": 32, ""dense_l"": 36.0817, ""redundant"": 32, ""obs_zero"": false, ""frame_l"": 22.0, ""chi_bits"": 8, ""mps_l"": 28.339, ""hsf_k"": 8, ""hsf_na"": 16, ""hsf_nb"": 16, ""hsf_l"": 40.0191, ""sup"": 32, ""chi_bits0"": 8, ""mps_l0"": 28.339, ""hsf_keff"": 8, ""hsf_l0"": 40.0191, ""sparse_l"": 41.7682, ""sv_l"": 41.7682, ""feat_secs"": 0.012923, ""feat_secs_frame"": 0.000818, ""feat_secs_hsf"": 0.011709}"
ct,"ct:n=32,L=16,t=64,nn=1",1,"{""n"": 32.0, ""L"": 16.0, ""t"": 64.0, ""nn"": 1.0}",auto,ok,0.000737,0.0070,2785280,-0.0,0,-0.0,0.0,switched_at=None dense_qubits=0 peak_terms=16 term_visits=117 dense_ops=0,"{""n"": 32, ""gates"": 872, ""g2"": 248, ""g3"": 0, ""depth2"": 16, ""t_count"": 64, ""rotations"": 64, ""d"": 32, ""dense_l"": 36.0817, ""redundant"": 32, ""obs_zero"": false, ""frame_l"": 22.0, ""chi_bits"": 8, ""mps_l"": 28.339, ""hsf_k"": 8, ""hsf_na"": 16, ""hsf_nb"": 16, ""hsf_l"": 40.0191, ""sup"": 32, ""chi_bits0"": 8, ""mps_l0"": 28.339, ""hsf_keff"": 8, ""hsf_l0"": 40.0191, ""sparse_l"": 41.7682, ""sv_l"": 41.7682, ""feat_secs"": 0.012923, ""feat_secs_frame"": 0.000818, ""feat_secs_hsf"": 0.011709}"
ct,"ct:n=32,L=32,t=4,nn=1",1,"{""n"": 32.0, ""L"": 32.0, ""t"": 4.0, ""nn"": 1.0}",frame,ok,0.000926,0.0111,2752512,-0.0,0,0.0,0.0,switched_at=None dense_qubits=0 peak_terms=0 term_visits=0 dense_ops=0,"{""n"": 32, ""gates"": 1498, ""g2"": 496, ""g3"": 0, ""depth2"": 32, ""t_count"": 4, ""rotations"": 4, ""d"": 4, ""dense_l"": 4.9069, ""redundant"": 0, ""obs_zero"": true, ""frame_l"": 10.5488, ""chi_bits"": 16, ""mps_l"": 48.8448, ""hsf_k"": 16, ""hsf_na"": 16, ""hsf_nb"": 16, ""hsf_l"": 48.0326, ""sup"": 32, ""chi_bits0"": 16, ""mps_l0"": 48.8448, ""hsf_keff"": 16, ""hsf_l0"": 48.0326, ""sparse_l"": 42.5488, ""sv_l"": 42.5488, ""feat_secs"": 0.013884, ""feat_secs_frame"": 0.001406, ""feat_secs_hsf"": 0.011995}"
ct,"ct:n=32,L=32,t=4,nn=1",1,"{""n"": 32.0, ""L"": 32.0, ""t"": 4.0, ""nn"": 1.0}",dense,ok,0.000754,0.0093,2408448,0.0,4,0.0,0.0,switched_at=Some(4) dense_qubits=4 peak_terms=0 term_visits=0 dense_ops=30,"{""n"": 32, ""gates"": 1498, ""g2"": 496, ""g3"": 0, ""depth2"": 32, ""t_count"": 4, ""rotations"": 4, ""d"": 4, ""dense_l"": 4.9069, ""redundant"": 0, ""obs_zero"": true, ""frame_l"": 10.5488, ""chi_bits"": 16, ""mps_l"": 48.8448, ""hsf_k"": 16, ""hsf_na"": 16, ""hsf_nb"": 16, ""hsf_l"": 48.0326, ""sup"": 32, ""chi_bits0"": 16, ""mps_l0"": 48.8448, ""hsf_keff"": 16, ""hsf_l0"": 48.0326, ""sparse_l"": 42.5488, ""sv_l"": 42.5488, ""feat_secs"": 0.013884, ""feat_secs_frame"": 0.001406, ""feat_secs_hsf"": 0.011995}"
ct,"ct:n=32,L=32,t=4,nn=1",1,"{""n"": 32.0, ""L"": 32.0, ""t"": 4.0, ""nn"": 1.0}",auto,ok,0.00094,0.0096,2752512,-0.0,0,0.0,0.0,switched_at=None dense_qubits=0 peak_terms=0 term_visits=0 dense_ops=0,"{""n"": 32, ""gates"": 1498, ""g2"": 496, ""g3"": 0, ""depth2"": 32, ""t_count"": 4, ""rotations"": 4, ""d"": 4, ""dense_l"": 4.9069, ""redundant"": 0, ""obs_zero"": true, ""frame_l"": 10.5488, ""chi_bits"": 16, ""mps_l"": 48.8448, ""hsf_k"": 16, ""hsf_na"": 16, ""hsf_nb"": 16, ""hsf_l"": 48.0326, ""sup"": 32, ""chi_bits0"": 16, ""mps_l0"": 48.8448, ""hsf_keff"": 16, ""hsf_l0"": 48.0326, ""sparse_l"": 42.5488, ""sv_l"": 42.5488, ""feat_secs"": 0.013884, ""feat_secs_frame"": 0.001406, ""feat_secs_hsf"": 0.011995}"
ct,"ct:n=32,L=32,t=16,nn=1",1,"{""n"": 32.0, ""L"": 32.0, ""t"": 16.0, ""nn"": 1.0}",frame,ok,0.000849,0.0086,2752512,-0.0,0,0.0,0.0,switched_at=None dense_qubits=0 peak_terms=0 term_visits=0 dense_ops=0,"{""n"": 32, ""gates"": 1543, ""g2"": 496, ""g3"": 0, ""depth2"": 32, ""t_count"": 16, ""rotations"": 16, ""d"": 16, ""dense_l"": 17.0, ""redundant"": 0, ""obs_zero"": true, ""frame_l"": 10.5915, ""chi_bits"": 16, ""mps_l"": 48.8448, ""hsf_k"": 16, ""hsf_na"": 16, ""hsf_nb"": 16, ""hsf_l"": 47.0336, ""sup"": 32, ""chi_bits0"": 16, ""mps_l0"": 48.8448, ""hsf_keff"": 15, ""hsf_l0"": 48.0336, ""sparse_l"": 42.5915, ""sv_l"": 42.5915, ""feat_secs"": 0.015918, ""feat_secs_frame"": 0.00144, ""feat_secs_hsf"": 0.013976}"
ct,"ct:n=32,L=32,t=16,nn=1",1,"{""n"": 32.0, ""L"": 32.0, ""t"": 16.0, ""nn"": 1.0}",dense,ok,0.002142,0.0082,3735552,0.0,16,0.0,0.0,switched_at=Some(16) dense_qubits=16 peak_terms=0 term_visits=0 dense_ops=131070,"{""n"": 32, ""gates"": 1543, ""g2"": 496, ""g3"": 0, ""depth2"": 32, ""t_count"": 16, ""rotations"": 16, ""d"": 16, ""dense_l"": 17.0, ""redundant"": 0, ""obs_zero"": true, ""frame_l"": 10.5915, ""chi_bits"": 16, ""mps_l"": 48.8448, ""hsf_k"": 16, ""hsf_na"": 16, ""hsf_nb"": 16, ""hsf_l"": 47.0336, ""sup"": 32, ""chi_bits0"": 16, ""mps_l0"": 48.8448, ""hsf_keff"": 15, ""hsf_l0"": 48.0336, ""sparse_l"": 42.5915, ""sv_l"": 42.5915, ""feat_secs"": 0.015918, ""feat_secs_frame"": 0.00144, ""feat_secs_hsf"": 0.013976}"
ct,"ct:n=32,L=32,t=16,nn=1",1,"{""n"": 32.0, ""L"": 32.0, ""t"": 16.0, ""nn"": 1.0}",auto,ok,0.001714,0.0126,2752512,-0.0,0,0.0,0.0,switched_at=None dense_qubits=0 peak_terms=0 term_visits=0 dense_ops=0,"{""n"": 32, ""gates"": 1543, ""g2"": 496, ""g3"": 0, ""depth2"": 32, ""t_count"": 16, ""rotations"": 16, ""d"": 16, ""dense_l"": 17.0, ""redundant"": 0, ""obs_zero"": true, ""frame_l"": 10.5915, ""chi_bits"": 16, ""mps_l"": 48.8448, ""hsf_k"": 16, ""hsf_na"": 16, ""hsf_nb"": 16, ""hsf_l"": 47.0336, ""sup"": 32, ""chi_bits0"": 16, ""mps_l0"": 48.8448, ""hsf_keff"": 15, ""hsf_l0"": 48.0336, ""sparse_l"": 42.5915, ""sv_l"": 42.5915, ""feat_secs"": 0.015918, ""feat_secs_frame"": 0.00144, ""feat_secs_hsf"": 0.013976}"
ct,"ct:n=32,L=32,t=32,nn=1",1,"{""n"": 32.0, ""L"": 32.0, ""t"": 32.0, ""nn"": 1.0}",frame,ok,0.001226,0.0065,2752512,-0.0,0,-0.0,0.0,switched_at=None dense_qubits=0 peak_terms=0 term_visits=0 dense_ops=0,"{""n"": 32, ""gates"": 1565, ""g2"": 496, ""g3"": 0, ""depth2"": 32, ""t_count"": 32, ""rotations"": 32, ""d"": 29, ""dense_l"": 30.3219, ""redundant"": 3, ""obs_zero"": true, ""frame_l"": 10.6119, ""chi_bits"": 16, ""mps_l"": 48.8448, ""hsf_k"": 16, ""hsf_na"": 16, ""hsf_nb"": 16, ""hsf_l"": 48.034, ""sup"": 32, ""chi_bits0"": 16, ""mps_l0"": 48.8448, ""hsf_keff"": 16, ""hsf_l0"": 48.034, ""sparse_l"": 42.6119, ""sv_l"": 42.6119, ""feat_secs"": 0.019493, ""feat_secs_frame"": 0.00265, ""feat_secs_hsf"": 0.016161}"
ct,"ct:n=32,L=32,t=32,nn=1",1,"{""n"": 32.0, ""L"": 32.0, ""t"": 32.0, ""nn"": 1.0}",dense,ok,0.001009,0.0084,2752512,-0.0,0,-0.0,0.0,switched_at=None dense_qubits=0 peak_terms=0 term_visits=0 dense_ops=0,"{""n"": 32, ""gates"": 1565, ""g2"": 496, ""g3"": 0, ""depth2"": 32, ""t_count"": 32, ""rotations"": 32, ""d"": 29, ""dense_l"": 30.3219, ""redundant"": 3, ""obs_zero"": true, ""frame_l"": 10.6119, ""chi_bits"": 16, ""mps_l"": 48.8448, ""hsf_k"": 16, ""hsf_na"": 16, ""hsf_nb"": 16, ""hsf_l"": 48.034, ""sup"": 32, ""chi_bits0"": 16, ""mps_l0"": 48.8448, ""hsf_keff"": 16, ""hsf_l0"": 48.034, ""sparse_l"": 42.6119, ""sv_l"": 42.6119, ""feat_secs"": 0.019493, ""feat_secs_frame"": 0.00265, ""feat_secs_hsf"": 0.016161}"
ct,"ct:n=32,L=32,t=32,nn=1",1,"{""n"": 32.0, ""L"": 32.0, ""t"": 32.0, ""nn"": 1.0}",auto,ok,0.000907,0.0080,2752512,-0.0,0,-0.0,0.0,switched_at=None dense_qubits=0 peak_terms=0 term_visits=0 dense_ops=0,"{""n"": 32, ""gates"": 1565, ""g2"": 496, ""g3"": 0, ""depth2"": 32, ""t_count"": 32, ""rotations"": 32, ""d"": 29, ""dense_l"": 30.3219, ""redundant"": 3, ""obs_zero"": true, ""frame_l"": 10.6119, ""chi_bits"": 16, ""mps_l"": 48.8448, ""hsf_k"": 16, ""hsf_na"": 16, ""hsf_nb"": 16, ""hsf_l"": 48.034, ""sup"": 32, ""chi_bits0"": 16, ""mps_l0"": 48.8448, ""hsf_keff"": 16, ""hsf_l0"": 48.034, ""sparse_l"": 42.6119, ""sv_l"": 42.6119, ""feat_secs"": 0.019493, ""feat_secs_frame"": 0.00265, ""feat_secs_hsf"": 0.016161}"
ct,"ct:n=32,L=32,t=64,nn=1",1,"{""n"": 32.0, ""L"": 32.0, ""t"": 64.0, ""nn"": 1.0}",frame,ok,0.007074,0.0136,3260416,-0.0,1180,-0.0,0.0,switched_at=None dense_qubits=0 peak_terms=1180 term_visits=11269 dense_ops=0,"{""n"": 32, ""gates"": 1627, ""g2"": 496, ""g3"": 0, ""depth2"": 32, ""t_count"": 64, ""rotations"": 64, ""d"": 32, ""dense_l"": 36.0928, ""redundant"": 32, ""obs_zero"": false, ""frame_l"": 22.0, ""chi_bits"": 16, ""mps_l"": 48.8448, ""hsf_k"": 16, ""hsf_na"": 16, ""hsf_nb"": 16, ""hsf_l"": 48.0354, ""sup"": 32, ""chi_bits0"": 16, ""mps_l0"": 48.8448, ""hsf_keff"": 16, ""hsf_l0"": 48.0354, ""sparse_l"": 42.668, ""sv_l"": 42.668, ""feat_secs"": 0.014342, ""feat_secs_frame"": 0.001514, ""feat_secs_hsf"": 0.012299}"
ct,"ct:n=32,L=32,t=64,nn=1",1,"{""n"": 32.0, ""L"": 32.0, ""t"": 64.0, ""nn"": 1.0}",dense,timeout,,10.0106,1077657600,,,-0.0,,timeout,"{""n"": 32, ""gates"": 1627, ""g2"": 496, ""g3"": 0, ""depth2"": 32, ""t_count"": 64, ""rotations"": 64, ""d"": 32, ""dense_l"": 36.0928, ""redundant"": 32, ""obs_zero"": false, ""frame_l"": 22.0, ""chi_bits"": 16, ""mps_l"": 48.8448, ""hsf_k"": 16, ""hsf_na"": 16, ""hsf_nb"": 16, ""hsf_l"": 48.0354, ""sup"": 32, ""chi_bits0"": 16, ""mps_l0"": 48.8448, ""hsf_keff"": 16, ""hsf_l0"": 48.0354, ""sparse_l"": 42.668, ""sv_l"": 42.668, ""feat_secs"": 0.014342, ""feat_secs_frame"": 0.001514, ""feat_secs_hsf"": 0.012299}"
ct,"ct:n=32,L=32,t=64,nn=1",1,"{""n"": 32.0, ""L"": 32.0, ""t"": 64.0, ""nn"": 1.0}",auto,ok,0.004002,0.0101,3276800,-1.3588058916143e-22,5,-0.0,1.3588058916143e-22,switched_at=Some(6) dense_qubits=5 peak_terms=1180 term_visits=11255 dense_ops=511,"{""n"": 32, ""gates"": 1627, ""g2"": 496, ""g3"": 0, ""depth2"": 32, ""t_count"": 64, ""rotations"": 64, ""d"": 32, ""dense_l"": 36.0928, ""redundant"": 32, ""obs_zero"": false, ""frame_l"": 22.0, ""chi_bits"": 16, ""mps_l"": 48.8448, ""hsf_k"": 16, ""hsf_na"": 16, ""hsf_nb"": 16, ""hsf_l"": 48.0354, ""sup"": 32, ""chi_bits0"": 16, ""mps_l0"": 48.8448, ""hsf_keff"": 16, ""hsf_l0"": 48.0354, ""sparse_l"": 42.668, ""sv_l"": 42.668, ""feat_secs"": 0.014342, ""feat_secs_frame"": 0.001514, ""feat_secs_hsf"": 0.012299}"
ct,"ct:n=20,L=1,t=4,nn=0",1,"{""n"": 20.0, ""L"": 1.0, ""t"": 4.0, ""nn"": 0.0}",frame,ok,6.4e-05,0.0045,2146304,-0.0,0,0.0,0.0,switched_at=None dense_qubits=0 peak_terms=0 term_visits=0 dense_ops=0,"{""n"": 20, ""gates"": 35, ""g2"": 10, ""g3"": 0, ""depth2"": 1, ""t_count"": 4, ""rotations"": 4, ""d"": 0, ""dense_l"": 2.0, ""redundant"": 4, ""obs_zero"": true, ""frame_l"": 5.1293, ""chi_bits"": 7, ""mps_l"": 25.5541, ""hsf_k"": 0, ""hsf_na"": 10, ""hsf_nb"": 10, ""hsf_l"": 20.0485, ""sup"": 13, ""chi_bits0"": 7, ""mps_l0"": 25.5541, ""hsf_keff"": 0, ""hsf_l0"": 20.0485, ""sparse_l"": 18.1293, ""sv_l"": 25.1293, ""feat_secs"": 0.001843, ""feat_secs_frame"": 6.8e-05, ""feat_secs_hsf"": 0.00175}"
ct,"ct:n=20,L=1,t=4,nn=0",1,"{""n"": 20.0, ""L"": 1.0, ""t"": 4.0, ""nn"": 0.0}",dense,ok,6.4e-05,0.0046,2146304,0.0,0,0.0,0.0,switched_at=Some(4) dense_qubits=0 peak_terms=0 term_visits=0 dense_ops=4,"{""n"": 20, ""gates"": 35, ""g2"": 10, ""g3"": 0, ""depth2"": 1, ""t_count"": 4, ""rotations"": 4, ""d"": 0, ""dense_l"": 2.0, ""redundant"": 4, ""obs_zero"": true, ""frame_l"": 5.1293, ""chi_bits"": 7, ""mps_l"": 25.5541, ""hsf_k"": 0, ""hsf_na"": 10, ""hsf_nb"": 10, ""hsf_l"": 20.0485, ""sup"": 13, ""chi_bits0"": 7, ""mps_l0"": 25.5541, ""hsf_keff"": 0, ""hsf_l0"": 20.0485, ""sparse_l"": 18.1293, ""sv_l"": 25.1293, ""feat_secs"": 0.001843, ""feat_secs_frame"": 6.8e-05, ""feat_secs_hsf"": 0.00175}"
ct,"ct:n=20,L=1,t=4,nn=0",1,"{""n"": 20.0, ""L"": 1.0, ""t"": 4.0, ""nn"": 0.0}",auto,ok,0.000101,0.0045,2162688,-0.0,0,0.0,0.0,switched_at=None dense_qubits=0 peak_terms=0 term_visits=0 dense_ops=0,"{""n"": 20, ""gates"": 35, ""g2"": 10, ""g3"": 0, ""depth2"": 1, ""t_count"": 4, ""rotations"": 4, ""d"": 0, ""dense_l"": 2.0, ""redundant"": 4, ""obs_zero"": true, ""frame_l"": 5.1293, ""chi_bits"": 7, ""mps_l"": 25.5541, ""hsf_k"": 0, ""hsf_na"": 10, ""hsf_nb"": 10, ""hsf_l"": 20.0485, ""sup"": 13, ""chi_bits0"": 7, ""mps_l0"": 25.5541, ""hsf_keff"": 0, ""hsf_l0"": 20.0485, ""sparse_l"": 18.1293, ""sv_l"": 25.1293, ""feat_secs"": 0.001843, ""feat_secs_frame"": 6.8e-05, ""feat_secs_hsf"": 0.00175}"
ct,"ct:n=20,L=1,t=16,nn=0",1,"{""n"": 20.0, ""L"": 1.0, ""t"": 16.0, ""nn"": 0.0}",frame,ok,0.000166,0.0040,2555904,-0.0,0,0.0,0.0,switched_at=None dense_qubits=0 peak_terms=0 term_visits=0 dense_ops=0,"{""n"": 20, ""gates"": 58, ""g2"": 10, ""g3"": 0, ""depth2"": 1, ""t_count"": 16, ""rotations"": 16, ""d"": 8, ""dense_l"": 9.2192, ""redundant"": 8, ""obs_zero"": true, ""frame_l"": 5.858, ""chi_bits"": 5, ""mps_l"": 19.9326, ""hsf_k"": 0, ""hsf_na"": 10, ""hsf_nb"": 10, ""hsf_l"": 20.0795, ""sup"": 18, ""chi_bits0"": 5, ""mps_l0"": 19.9326, ""hsf_keff"": 0, ""hsf_l0"": 20.0795, ""sparse_l"": 23.858, ""sv_l"": 25.858, ""feat_secs"": 0.001805, ""feat_secs_frame"": 8.6e-05, ""feat_secs_hsf"": 0.001682}"
ct,"ct:n=20,L=1,t=16,nn=0",1,"{""n"": 20.0, ""L"": 1.0, ""t"": 16.0, ""nn"": 0.0}",dense,ok,8.9e-05,0.0040,2211840,0.0,8,0.0,0.0,switched_at=Some(16) dense_qubits=8 peak_terms=0 term_visits=0 dense_ops=596,"{""n"": 20, ""gates"": 58, ""g2"": 10, ""g3"": 0, ""depth2"": 1, ""t_count"": 16, ""rotations"": 16, ""d"": 8, ""dense_l"": 9.2192, ""redundant"": 8, ""obs_zero"": true, ""frame_l"": 5.858, ""chi_bits"": 5, ""mps_l"": 19.9326, ""hsf_k"": 0, ""hsf_na"": 10, ""hsf_nb"": 10, ""hsf_l"": 20.0795, ""sup"": 18, ""chi_bits0"": 5, ""mps_l0"": 19.9326, ""hsf_keff"": 0, ""hsf_l0"": 20.0795, ""sparse_l"": 23.858, ""sv_l"": 25.858, ""feat_secs"": 0.001805, ""feat_secs_frame"": 8.6e-05, ""feat_secs_hsf"": 0.001682}"
ct,"ct:n=20,L=1,t=16,nn=0",1,"{""n"": 20.0, ""L"": 1.0, ""t"": 16.0, ""nn"": 0.0}",auto,ok,0.000189,0.0063,2555904,-0.0,0,0.0,0.0,switched_at=None dense_qubits=0 peak_terms=0 term_visits=0 dense_ops=0,"{""n"": 20, ""gates"": 58, ""g2"": 10, ""g3"": 0, ""depth2"": 1, ""t_count"": 16, ""rotations"": 16, ""d"": 8, ""dense_l"": 9.2192, ""redundant"": 8, ""obs_zero"": true, ""frame_l"": 5.858, ""chi_bits"": 5, ""mps_l"": 19.9326, ""hsf_k"": 0, ""hsf_na"": 10, ""hsf_nb"": 10, ""hsf_l"": 20.0795, ""sup"": 18, ""chi_bits0"": 5, ""mps_l0"": 19.9326, ""hsf_keff"": 0, ""hsf_l0"": 20.0795, ""sparse_l"": 23.858, ""sv_l"": 25.858, ""feat_secs"": 0.001805, ""feat_secs_frame"": 8.6e-05, ""feat_secs_hsf"": 0.001682}"
ct,"ct:n=20,L=1,t=32,nn=0",1,"{""n"": 20.0, ""L"": 1.0, ""t"": 32.0, ""nn"": 0.0}",frame,ok,0.000216,0.0063,2539520,-0.0,0,0.0,0.0,switched_at=None dense_qubits=0 peak_terms=0 term_visits=0 dense_ops=0,"{""n"": 20, ""gates"": 93, ""g2"": 10, ""g3"": 0, ""depth2"": 1, ""t_count"": 32, ""rotations"": 32, ""d"": 12, ""dense_l"": 14.5166, ""redundant"": 20, ""obs_zero"": true, ""frame_l"": 6.5392, ""chi_bits"": 7, ""mps_l"": 27.0644, ""hsf_k"": 0, ""hsf_na"": 10, ""hsf_nb"": 10, ""hsf_l"": 20.1254, ""sup"": 16, ""chi_bits0"": 7, ""mps_l0"": 27.0644, ""hsf_keff"": 0, ""hsf_l0"": 20.1254, ""sparse_l"": 22.5392, ""sv_l"": 26.5392, ""feat_secs"": 0.001991, ""feat_secs_frame"": 0.00011, ""feat_secs_hsf"": 0.00183}"
ct,"ct:n=20,L=1,t=32,nn=0",1,"{""n"": 20.0, ""L"": 1.0, ""t"": 32.0, ""nn"": 0.0}",dense,ok,0.000138,0.0039,2310144,0.0,12,0.0,0.0,switched_at=Some(32) dense_qubits=12 peak_terms=0 term_visits=0 dense_ops=23438,"{""n"": 20, ""gates"": 93, ""g2"": 10, ""g3"": 0, ""depth2"": 1, ""t_count"": 32, ""rotations"": 32, ""d"": 12, ""dense_l"": 14.5166, ""redundant"": 20, ""obs_zero"": true, ""frame_l"": 6.5392, ""chi_bits"": 7, ""mps_l"": 27.0644, ""hsf_k"": 0, ""hsf_na"": 10, ""hsf_nb"": 10, ""hsf_l"": 20.1254, ""sup"": 16, ""chi_bits0"": 7, ""mps_l0"": 27.0644, ""hsf_keff"": 0, ""hsf_l0"": 20.1254, ""sparse_l"": 22.5392, ""sv_l"": 26.5392, ""feat_secs"": 0.001991, ""feat_secs_frame"": 0.00011, ""feat_secs_hsf"": 0.00183}"
ct,"ct:n=20,L=1,t=32,nn=0",1,"{""n"": 20.0, ""L"": 1.0, ""t"": 32.0, ""nn"": 0.0}",auto,ok,0.000162,0.0045,2539520,-0.0,0,0.0,0.0,switched_at=None dense_qubits=0 peak_terms=0 term_visits=0 dense_ops=0,"{""n"": 20, ""gates"": 93, ""g2"": 10, ""g3"": 0, ""depth2"": 1, ""t_count"": 32, ""rotations"": 32, ""d"": 12, ""dense_l"": 14.5166, ""redundant"": 20, ""obs_zero"": true, ""frame_l"": 6.5392, ""chi_bits"": 7, ""mps_l"": 27.0644, ""hsf_k"": 0, ""hsf_na"": 10, ""hsf_nb"": 10, ""hsf_l"": 20.1254, ""sup"": 16, ""chi_bits0"": 7, ""mps_l0"": 27.0644, ""hsf_keff"": 0, ""hsf_l0"": 20.1254, ""sparse_l"": 22.5392, ""sv_l"": 26.5392, ""feat_secs"": 0.001991, ""feat_secs_frame"": 0.00011, ""feat_secs_hsf"": 0.00183}"
ct,"ct:n=20,L=2,t=4,nn=0",1,"{""n"": 20.0, ""L"": 2.0, ""t"": 4.0, ""nn"": 0.0}",frame,ok,8.9e-05,0.0044,2211840,-0.0,0,0.0,0.0,switched_at=None dense_qubits=0 peak_terms=0 term_visits=0 dense_ops=0,"{""n"": 20, ""gates"": 62, ""g2"": 20, ""g3"": 0, ""depth2"": 2, ""t_count"": 4, ""rotations"": 4, ""d"": 2, ""dense_l"": 3.4594, ""redundant"": 2, ""obs_zero"": true, ""frame_l"": 5.9542, ""chi_bits"": 10, ""mps_l"": 34.4327, ""hsf_k"": 0, ""hsf_na"": 10, ""hsf_nb"": 10, ""hsf_l"": 20.0848, ""sup"": 15, ""chi_bits0"": 10, ""mps_l0"": 34.4327, ""hsf_keff"": 0, ""hsf_l0"": 20.0848, ""sparse_l"": 20.9542, ""sv_l"": 25.9542, ""feat_secs"": 0.002803, ""feat_secs_frame"": 9.4e-05, ""feat_secs_hsf"": 0.002659}"
ct,"ct:n=20,L=2,t=4,nn=0",1,"{""n"": 20.0, ""L"": 2.0, ""t"": 4.0, ""nn"": 0.0}",dense,ok,9.6e-05,0.0039,2211840,0.0,2,0.0,0.0,switched_at=Some(4) dense_qubits=2 peak_terms=0 term_visits=0 dense_ops=11,"{""n"": 20, ""gates"": 62, ""g2"": 20, ""g3"": 0, ""depth2"": 2, ""t_count"": 4, ""rotations"": 4, ""d"": 2, ""dense_l"": 3.4594, ""redundant"": 2, ""obs_zero"": true, ""frame_l"": 5.9542, ""chi_bits"": 10, ""mps_l"": 34.4327, ""hsf_k"": 0, ""hsf_na"": 10, ""hsf_nb"": 10, ""hsf_l"": 20.0848, ""sup"": 15, ""chi_bits0"": 10, ""mps_l0"": 34.4327, ""hsf_keff"": 0, ""hsf_l0"": 20.0848, ""sparse_l"": 20.9542, ""sv_l"": 25.9542, ""feat_secs"": 0.002803, ""feat_secs_frame"": 9.4e-05, ""feat_secs_hsf"": 0.002659}"
ct,"ct:n=20,L=2,t=4,nn=0",1,"{""n"": 20.0, ""L"": 2.0, ""t"": 4.0, ""nn"": 0.0}",auto,ok,9.8e-05,0.0037,2211840,-0.0,0,0.0,0.0,switched_at=None dense_qubits=0 peak_terms=0 term_visits=0 dense_ops=0,"{""n"": 20, ""gates"": 62, ""g2"": 20, ""g3"": 0, ""depth2"": 2, ""t_count"": 4, ""rotations"": 4, ""d"": 2, ""dense_l"": 3.4594, ""redundant"": 2, ""obs_zero"": true, ""frame_l"": 5.9542, ""chi_bits"": 10, ""mps_l"": 34.4327, ""hsf_k"": 0, ""hsf_na"": 10, ""hsf_nb"": 10, ""hsf_l"": 20.0848, ""sup"": 15, ""chi_bits0"": 10, ""mps_l0"": 34.4327, ""hsf_keff"": 0, ""hsf_l0"": 20.0848, ""sparse_l"": 20.9542, ""sv_l"": 25.9542, ""feat_secs"": 0.002803, ""feat_secs_frame"": 9.4e-05, ""feat_secs_hsf"": 0.002659}"
ct,"ct:n=20,L=2,t=16,nn=0",1,"{""n"": 20.0, ""L"": 2.0, ""t"": 16.0, ""nn"": 0.0}",frame,ok,0.000211,0.0044,2539520,-0.0,0,0.0,0.0,switched_at=None dense_qubits=0 peak_terms=0 term_visits=0 dense_ops=0,"{""n"": 20, ""gates"": 92, ""g2"": 20, ""g3"": 0, ""depth2"": 2, ""t_count"": 16, ""rotations"": 16, ""d"": 7, ""dense_l"": 9.2021, ""redundant"": 9, ""obs_zero"": true, ""frame_l"": 6.5236, ""chi_bits"": 10, ""mps_l"": 36.0684, ""hsf_k"": 2, ""hsf_na"": 10, ""hsf_nb"": 10, ""hsf_l"": 22.1241, ""sup"": 20, ""chi_bits0"": 10, ""mps_l0"": 36.0684, ""hsf_keff"": 2, ""hsf_l0"": 22.1241, ""sparse_l"": 26.5236, ""sv_l"": 26.5236, ""feat_secs"": 0.0032, ""feat_secs_frame"": 0.000129, ""feat_secs_hsf"": 0.003015}"
ct,"ct:n=20,L=2,t=16,nn=0",1,"{""n"": 20.0, ""L"": 2.0, ""t"": 16.0, ""nn"": 0.0}",dense,ok,0.000111,0.0045,2211840,0.0,7,0.0,0.0,switched_at=Some(14) dense_qubits=7 peak_terms=0 term_visits=0 dense_ops=397,"{""n"": 20, ""gates"": 92, ""g2"": 20, ""g3"": 0, ""depth2"": 2, ""t_count"": 16, ""rotations"": 16, ""d"": 7, ""dense_l"": 9.2021, ""redundant"": 9, ""obs_zero"": true, ""frame_l"": 6.5236, ""chi_bits"": 10, ""mps_l"": 36.0684, ""hsf_k"": 2, ""hsf_na"": 10, ""hsf_nb"": 10, ""hsf_l"": 22.1241, ""sup"": 20, ""chi_bits0"": 10, ""mps_l0"": 36.0684, ""hsf_keff"": 2, ""hsf_l0"": 22.1241, ""sparse_l"": 26.5236, ""sv_l"": 26.5236, ""feat_secs"": 0.0032, ""feat_secs_frame"": 0.000129, ""feat_secs_hsf"": 0.003015}"
ct,"ct:n=20,L=2,t=16,nn=0",1,"{""n"": 20.0, ""L"": 2.0, ""t"": 16.0, ""nn"": 0.0}",auto,ok,0.00018,0.0042,2555904,-0.0,0,0.0,0.0,switched_at=None dense_qubits=0 peak_terms=0 term_visits=0 dense_ops=0,"{""n"": 20, ""gates"": 92, ""g2"": 20, ""g3"": 0, ""depth2"": 2, ""t_count"": 16, ""rotations"": 16, ""d"": 7, ""dense_l"": 9.2021, ""redundant"": 9, ""obs_zero"": true, ""frame_l"": 6.5236, ""chi_bits"": 10, ""mps_l"": 36.0684, ""hsf_k"": 2, ""hsf_na"": 10, ""hsf_nb"": 10, ""hsf_l"": 22.1241, ""sup"": 20, ""chi_bits0"": 10, ""mps_l0"": 36.0684, ""hsf_keff"": 2, ""hsf_l0"": 22.1241, ""sparse_l"": 26.5236, ""sv_l"": 26.5236, ""feat_secs"": 0.0032, ""feat_secs_frame"": 0.000129, ""feat_secs_hsf"": 0.003015}"
ct,"ct:n=20,L=2,t=32,nn=0",1,"{""n"": 20.0, ""L"": 2.0, ""t"": 32.0, ""nn"": 0.0}",frame,ok,0.000125,0.0044,2244608,-0.0,0,0.0,0.0,switched_at=None dense_qubits=0 peak_terms=0 term_visits=0 dense_ops=0,"{""n"": 20, ""gates"": 126, ""g2"": 20, ""g3"": 0, ""depth2"": 2, ""t_count"": 32, ""rotations"": 32, ""d"": 14, ""dense_l"": 16.9377, ""redundant"": 18, ""obs_zero"": true, ""frame_l"": 6.9773, ""chi_bits"": 10, ""mps_l"": 34.8181, ""hsf_k"": 0, ""hsf_na"": 8, ""hsf_nb"": 12, ""hsf_l"": 20.5774, ""sup"": 20, ""chi_bits0"": 10, ""mps_l0"": 34.8181, ""hsf_keff"": 0, ""hsf_l0"": 20.5774, ""sparse_l"": 26.9773, ""sv_l"": 26.9773, ""feat_secs"": 0.002613, ""feat_secs_frame"": 0.000141, ""feat_secs_hsf"": 0.002408}"
ct,"ct:n=20,L=2,t=32,nn=0",1,"{""n"": 20.0, ""L"": 2.0, ""t"": 32.0, ""nn"": 0.0}",dense,ok,0.000471,0.0042,2867200,0.0,14,0.0,0.0,switched_at=Some(30) dense_qubits=14 peak_terms=0 term_visits=0 dense_ops=108639,"{""n"": 20, ""gates"": 126, ""g2"": 20, ""g3"": 0, ""depth2"": 2, ""t_count"": 32, ""rotations"": 32, ""d"": 14, ""dense_l"": 16.9377, ""redundant"": 18, ""obs_zero"": true, ""frame_l"": 6.9773, ""chi_bits"": 10, ""mps_l"": 34.8181, ""hsf_k"": 0, ""hsf_na"": 8, ""hsf_nb"": 12, ""hsf_l"": 20.5774, ""sup"": 20, ""chi_bits0"": 10, ""mps_l0"": 34.8181, ""hsf_keff"": 0, ""hsf_l0"": 20.5774, ""sparse_l"": 26.9773, ""sv_l"": 26.9773, ""feat_secs"": 0.002613, ""feat_secs_frame"": 0.000141, ""feat_secs_hsf"": 0.002408}"
ct,"ct:n=20,L=2,t=32,nn=0",1,"{""n"": 20.0, ""L"": 2.0, ""t"": 32.0, ""nn"": 0.0}",auto,ok,0.000125,0.0045,2228224,-0.0,0,0.0,0.0,switched_at=None dense_qubits=0 peak_terms=0 term_visits=0 dense_ops=0,"{""n"": 20, ""gates"": 126, ""g2"": 20, ""g3"": 0, ""depth2"": 2, ""t_count"": 32, ""rotations"": 32, ""d"": 14, ""dense_l"": 16.9377, ""redundant"": 18, ""obs_zero"": true, ""frame_l"": 6.9773, ""chi_bits"": 10, ""mps_l"": 34.8181, ""hsf_k"": 0, ""hsf_na"": 8, ""hsf_nb"": 12, ""hsf_l"": 20.5774, ""sup"": 20, ""chi_bits0"": 10, ""mps_l0"": 34.8181, ""hsf_keff"": 0, ""hsf_l0"": 20.5774, ""sparse_l"": 26.9773, ""sv_l"": 26.9773, ""feat_secs"": 0.002613, ""feat_secs_frame"": 0.000141, ""feat_secs_hsf"": 0.002408}"
ct,"ct:n=20,L=4,t=4,nn=0",1,"{""n"": 20.0, ""L"": 4.0, ""t"": 4.0, ""nn"": 0.0}",frame,ok,0.000264,0.0043,2588672,-0.0,0,0.0,0.0,switched_at=None dense_qubits=0 peak_terms=0 term_visits=0 dense_ops=0,"{""n"": 20, ""gates"": 122, ""g2"": 40, ""g3"": 0, ""depth2"": 4, ""t_count"": 4, ""rotations"": 4, ""d"": 3, ""dense_l"": 4.1699, ""redundant"": 1, ""obs_zero"": true, ""frame_l"": 6.9307, ""chi_bits"": 10, ""mps_l"": 37.7999, ""hsf_k"": 10, ""hsf_na"": 10, ""hsf_nb"": 10, ""hsf_l"": 26.1624, ""sup"": 19, ""chi_bits0"": 10, ""mps_l0"": 37.7999, ""hsf_keff"": 6, ""hsf_l0"": 30.1624, ""sparse_l"": 25.9307, ""sv_l"": 26.9307, ""feat_secs"": 0.004822, ""feat_secs_frame"": 0.000155, ""feat_secs_hsf"": 0.004599}"
ct,"ct:n=20,L=4,t=4,nn=0",1,"{""n"": 20.0, ""L"": 4.0, ""t"": 4.0, ""nn"": 0.0}",dense,ok,0.000221,0.0046,2228224,0.0,3,0.0,0.0,switched_at=Some(4) dense_qubits=3 peak_terms=0 term_visits=0 dense_ops=18,"{""n"": 20, ""gates"": 122, ""g2"": 40, ""g3"": 0, ""depth2"": 4, ""t_count"": 4, ""rotations"": 4, ""d"": 3, ""dense_l"": 4.1699, ""redundant"": 1, ""obs_zero"": true, ""frame_l"": 6.9307, ""chi_bits"": 10, ""mps_l"": 37.7999, ""hsf_k"": 10, ""hsf_na"": 10, ""hsf_nb"": 10, ""hsf_l"": 26.1624, ""sup"": 19, ""chi_bits0"": 10, ""mps_l0"": 37.7999, ""hsf_keff"": 6, ""hsf_l0"": 30.1624, ""sparse_l"": 25.9307, ""sv_l"": 26.9307, ""feat_secs"": 0.004822, ""feat_secs_frame"": 0.000155, ""feat_secs_hsf"": 0.004599}"
ct,"ct:n=20,L=4,t=4,nn=0",1,"{""n"": 20.0, ""L"": 4.0, ""t"": 4.0, ""nn"": 0.0}",auto,ok,0.000226,0.0043,2588672,-0.0,0,0.0,0.0,switched_at=None dense_qubits=0 peak_terms=0 term_visits=0 dense_ops=0,"{""n"": 20, ""gates"": 122, ""g2"": 40, ""g3"": 0, ""depth2"": 4, ""t_count"": 4, ""rotations"": 4, ""d"": 3, ""dense_l"": 4.1699, ""redundant"": 1, ""obs_zero"": true, ""frame_l"": 6.9307, ""chi_bits"": 10, ""mps_l"": 37.7999, ""hsf_k"": 10, ""hsf_na"": 10, ""hsf_nb"": 10, ""hsf_l"": 26.1624, ""sup"": 19, ""chi_bits0"": 10, ""mps_l0"": 37.7999, ""hsf_keff"": 6, ""hsf_l0"": 30.1624, ""sparse_l"": 25.9307, ""sv_l"": 26.9307, ""feat_secs"": 0.004822, ""feat_secs_frame"": 0.000155, ""feat_secs_hsf"": 0.004599}"
ct,"ct:n=20,L=4,t=16,nn=0",1,"{""n"": 20.0, ""L"": 4.0, ""t"": 16.0, ""nn"": 0.0}",frame,ok,0.000214,0.0069,2572288,-0.0,0,0.0,0.0,switched_at=None dense_qubits=0 peak_terms=0 term_visits=0 dense_ops=0,"{""n"": 20, ""gates"": 156, ""g2"": 40, ""g3"": 0, ""depth2"": 4, ""t_count"": 16, ""rotations"": 16, ""d"": 10, ""dense_l"": 11.3685, ""redundant"": 6, ""obs_zero"": true, ""frame_l"": 7.2854, ""chi_bits"": 10, ""mps_l"": 38.1076, ""hsf_k"": 8, ""hsf_na"": 10, ""hsf_nb"": 10, ""hsf_l"": 28.2046, ""sup"": 20, ""chi_bits0"": 10, ""mps_l0"": 38.1076, ""hsf_keff"": 8, ""hsf_l0"": 28.2046, ""sparse_l"": 27.2854, ""sv_l"": 27.2854, ""feat_secs"": 0.004859, ""feat_secs_frame"": 0.000165, ""feat_secs_hsf"": 0.004616}"
ct,"ct:n=20,L=4,t=16,nn=0",1,"{""n"": 20.0, ""L"": 4.0, ""t"": 16.0, ""nn"": 0.0}",dense,ok,0.000139,0.0066,2260992,0.0,10,0.0,0.0,switched_at=Some(14) dense_qubits=10 peak_terms=0 term_visits=0 dense_ops=2116,"{""n"": 20, ""gates"": 156, ""g2"": 40, ""g3"": 0, ""depth2"": 4, ""t_count"": 16, ""rotations"": 16, ""d"": 10, ""dense_l"": 11.3685, ""redundant"": 6, ""obs_zero"": true, ""frame_l"": 7.2854, ""chi_bits"": 10, ""mps_l"": 38.1076, ""hsf_k"": 8, ""hsf_na"": 10, ""hsf_nb"": 10, ""hsf_l"": 28.2046, ""sup"": 20, ""chi_bits0"": 10, ""mps_l0"": 38.1076, ""hsf_keff"": 8, ""hsf_l0"": 28.2046, ""sparse_l"": 27.2854, ""sv_l"": 27.2854, ""feat_secs"": 0.004859, ""feat_secs_frame"": 0.000165, ""feat_secs_hsf"": 0.004616}"
ct,"ct:n=20,L=4,t=16,nn=0",1,"{""n"": 20.0, ""L"": 4.0, ""t"": 16.0, ""nn"": 0.0}",auto,ok,0.00023,0.0043,2572288,-0.0,0,0.0,0.0,switched_at=None dense_qubits=0 peak_terms=0 term_visits=0 dense_ops=0,"{""n"": 20, ""gates"": 156, ""g2"": 40, ""g3"": 0, ""depth2"": 4, ""t_count"": 16, ""rotations"": 16, ""d"": 10, ""dense_l"": 11.3685, ""redundant"": 6, ""obs_zero"": true, ""frame_l"": 7.2854, ""chi_bits"": 10, ""mps_l"": 38.1076, ""hsf_k"": 8, ""hsf_na"": 10, ""hsf_nb"": 10, ""hsf_l"": 28.2046, ""sup"": 20, ""chi_bits0"": 10, ""mps_l0"": 38.1076, ""hsf_keff"": 8, ""hsf_l0"": 28.2046, ""sparse_l"": 27.2854, ""sv_l"": 27.2854, ""feat_secs"": 0.004859, ""feat_secs_frame"": 0.000165, ""feat_secs_hsf"": 0.004616}"
ct,"ct:n=20,L=4,t=32,nn=0",1,"{""n"": 20.0, ""L"": 4.0, ""t"": 32.0, ""nn"": 0.0}",frame,ok,0.000261,0.0045,2572288,-0.0,0,0.0,0.0,switched_at=None dense_qubits=0 peak_terms=0 term_visits=0 dense_ops=0,"{""n"": 20, ""gates"": 182, ""g2"": 40, ""g3"": 0, ""depth2"": 4, ""t_count"": 32, ""rotations"": 32, ""d"": 14, ""dense_l"": 15.1186, ""redundant"": 18, ""obs_zero"": true, ""frame_l"": 7.5078, ""chi_bits"": 10, ""mps_l"": 37.3954, ""hsf_k"": 8, ""hsf_na"": 8, ""hsf_nb"": 12, ""hsf_l"": 28.7748, ""sup"": 20, ""chi_bits0"": 10, ""mps_l0"": 37.3954, ""hsf_keff"": 8, ""hsf_l0"": 28.7748, ""sparse_l"": 27.5078, ""sv_l"": 27.5078, ""feat_secs"": 0.004254, ""feat_secs_frame"": 0.000173, ""feat_secs_hsf"": 0.003989}"
ct,"ct:n=20,L=4,t=32,nn=0",1,"{""n"": 20.0, ""L"": 4.0, ""t"": 32.0, ""nn"": 0.0}",dense,ok,0.000265,0.0041,2768896,0.0,14,0.0,0.0,switched_at=Some(29) dense_qubits=14 peak_terms=0 term_visits=0 dense_ops=35319,"{""n"": 20, ""gates"": 182, ""g2"": 40, ""g3"": 0, ""depth2"": 4, ""t_count"": 32, ""rotations"": 32, ""d"": 14, ""dense_l"": 15.1186, ""redundant"": 18, ""obs_zero"": true, ""frame_l"": 7.5078, ""chi_bits"": 10, ""mps_l"": 37.3954, ""hsf_k"": 8, ""hsf_na"": 8, ""hsf_nb"": 12, ""hsf_l"": 28.7748, ""sup"": 20, ""chi_bits0"": 10, ""mps_l0"": 37.3954, ""hsf_keff"": 8, ""hsf_l0"": 28.7748, ""sparse_l"": 27.5078, ""sv_l"": 27.5078, ""feat_secs"": 0.004254, ""feat_secs_frame"": 0.000173, ""feat_secs_hsf"": 0.003989}"
ct,"ct:n=20,L=4,t=32,nn=0",1,"{""n"": 20.0, ""L"": 4.0, ""t"": 32.0, ""nn"": 0.0}",auto,ok,0.000253,0.0044,2588672,-0.0,0,0.0,0.0,switched_at=None dense_qubits=0 peak_terms=0 term_visits=0 dense_ops=0,"{""n"": 20, ""gates"": 182, ""g2"": 40, ""g3"": 0, ""depth2"": 4, ""t_count"": 32, ""rotations"": 32, ""d"": 14, ""dense_l"": 15.1186, ""redundant"": 18, ""obs_zero"": true, ""frame_l"": 7.5078, ""chi_bits"": 10, ""mps_l"": 37.3954, ""hsf_k"": 8, ""hsf_na"": 8, ""hsf_nb"": 12, ""hsf_l"": 28.7748, ""sup"": 20, ""chi_bits0"": 10, ""mps_l0"": 37.3954, ""hsf_keff"": 8, ""hsf_l0"": 28.7748, ""sparse_l"": 27.5078, ""sv_l"": 27.5078, ""feat_secs"": 0.004254, ""feat_secs_frame"": 0.000173, ""feat_secs_hsf"": 0.003989}"
ct,"ct:n=20,L=8,t=4,nn=0",1,"{""n"": 20.0, ""L"": 8.0, ""t"": 4.0, ""nn"": 0.0}",frame,ok,0.000244,0.0043,2605056,-0.0,0,0.0,0.0,switched_at=None dense_qubits=0 peak_terms=0 term_visits=0 dense_ops=0,"{""n"": 20, ""gates"": 240, ""g2"": 80, ""g3"": 0, ""depth2"": 8, ""t_count"": 4, ""rotations"": 4, ""d"": 4, ""dense_l"": 4.9069, ""redundant"": 0, ""obs_zero"": true, ""frame_l"": 7.9069, ""chi_bits"": 10, ""mps_l"": 39.2569, ""hsf_k"": 22, ""hsf_na"": 6, ""hsf_nb"": 14, ""hsf_l"": 38.2479, ""sup"": 20, ""chi_bits0"": 10, ""mps_l0"": 39.2569, ""hsf_keff"": 16, ""hsf_l0"": 44.2479, ""sparse_l"": 27.9069, ""sv_l"": 27.9069, ""feat_secs"": 0.009637, ""feat_secs_frame"": 0.000247, ""feat_secs_hsf"": 0.009266}"
ct,"ct:n=20,L=8,t=4,nn=0",1,"{""n"": 20.0, ""L"": 8.0, ""t"": 4.0, ""nn"": 0.0}",dense,ok,0.000179,0.0038,2277376,0.0,4,0.0,0.0,switched_at=Some(4) dense_qubits=4 peak_terms=0 term_visits=0 dense_ops=30,"{""n"": 20, ""gates"": 240, ""g2"": 80, ""g3"": 0, ""depth2"": 8, ""t_count"": 4, ""rotations"": 4, ""d"": 4, ""dense_l"": 4.9069, ""redundant"": 0, ""obs_zero"": true, ""frame_l"": 7.9069, ""chi_bits"": 10, ""mps_l"": 39.2569, ""hsf_k"": 22, ""hsf_na"": 6, ""hsf_nb"": 14, ""hsf_l"": 38.2479, ""sup"": 20, ""chi_bits0"": 10, ""mps_l0"": 39.2569, ""hsf_keff"": 16, ""hsf_l0"": 44.2479, ""sparse_l"": 27.9069, ""sv_l"": 27.9069, ""feat_secs"": 0.009637, ""feat_secs_frame"": 0.000247, ""feat_secs_hsf"": 0.009266}"
ct,"ct:n=20,L=8,t=4,nn=0",1,"{""n"": 20.0, ""L"": 8.0, ""t"": 4.0, ""nn"": 0.0}",auto,ok,0.000234,0.0042,2605056,-0.0,0,0.0,0.0,switched_at=None dense_qubits=0 peak_terms=0 term_visits=0 dense_ops=0,"{""n"": 20, ""gates"": 240, ""g2"": 80, ""g3"": 0, ""depth2"": 8, ""t_count"": 4, ""rotations"": 4, ""d"": 4, ""dense_l"": 4.9069, ""redundant"": 0, ""obs_zero"": true, ""frame_l"": 7.9069, ""chi_bits"": 10, ""mps_l"": 39.2569, ""hsf_k"": 22, ""hsf_na"": 6, ""hsf_nb"": 14, ""hsf_l"": 38.2479, ""sup"": 20, ""chi_bits0"": 10, ""mps_l0"": 39.2569, ""hsf_keff"": 16, ""hsf_l0"": 44.2479, ""sparse_l"": 27.9069, ""sv_l"": 27.9069, ""feat_secs"": 0.009637, ""feat_secs_frame"": 0.000247, ""feat_secs_hsf"": 0.009266}"
ct,"ct:n=20,L=8,t=16,nn=0",1,"{""n"": 20.0, ""L"": 8.0, ""t"": 16.0, ""nn"": 0.0}",frame,ok,0.000325,0.0044,2621440,-0.0,0,0.0,0.0,switched_at=None dense_qubits=0 peak_terms=0 term_visits=0 dense_ops=0,"{""n"": 20, ""gates"": 272, ""g2"": 80, ""g3"": 0, ""depth2"": 8, ""t_count"": 16, ""rotations"": 16, ""d"": 14, ""dense_l"": 15.0875, ""redundant"": 2, ""obs_zero"": true, ""frame_l"": 8.0875, ""chi_bits"": 10, ""mps_l"": 39.345, ""hsf_k"": 20, ""hsf_na"": 7, ""hsf_nb"": 13, ""hsf_l"": 38.6439, ""sup"": 20, ""chi_bits0"": 10, ""mps_l0"": 39.345, ""hsf_keff"": 17, ""hsf_l0"": 41.6439, ""sparse_l"": 28.0875, ""sv_l"": 28.0875, ""feat_secs"": 0.010673, ""feat_secs_frame"": 0.000296, ""feat_secs_hsf"": 0.010237}"
ct,"ct:n=20,L=8,t=16,nn=0",1,"{""n"": 20.0, ""L"": 8.0, ""t"": 16.0, ""nn"": 0.0}",dense,ok,0.000369,0.0044,2801664,0.0,14,0.0,0.0,switched_at=Some(16) dense_qubits=14 peak_terms=0 term_visits=0 dense_ops=34818,"{""n"": 20, ""gates"": 272, ""g2"": 80, ""g3"": 0, ""depth2"": 8, ""t_count"": 16, ""rotations"": 16, ""d"": 14, ""dense_l"": 15.0875, ""redundant"": 2, ""obs_zero"": true, ""frame_l"": 8.0875, ""chi_bits"": 10, ""mps_l"": 39.345, ""hsf_k"": 20, ""hsf_na"": 7, ""hsf_nb"": 13, ""hsf_l"": 38.6439, ""sup"": 20, ""chi_bits0"": 10, ""mps_l0"": 39.345, ""hsf_keff"": 17, ""hsf_l0"": 41.6439, ""sparse_l"": 28.0875, ""sv_l"": 28.0875, ""feat_secs"": 0.010673, ""feat_secs_frame"": 0.000296, ""feat_secs_hsf"": 0.010237}"
ct,"ct:n=20,L=8,t=16,nn=0",1,"{""n"": 20.0, ""L"": 8.0, ""t"": 16.0, ""nn"": 0.0}",auto,ok,0.000346,0.0043,2605056,-0.0,0,0.0,0.0,switched_at=None dense_qubits=0 peak_terms=0 term_visits=0 dense_ops=0,"{""n"": 20, ""gates"": 272, ""g2"": 80, ""g3"": 0, ""depth2"": 8, ""t_count"": 16, ""rotations"": 16, ""d"": 14, ""dense_l"": 15.0875, ""redundant"": 2, ""obs_zero"": true, ""frame_l"": 8.0875, ""chi_bits"": 10, ""mps_l"": 39.345, ""hsf_k"": 20, ""hsf_na"": 7, ""hsf_nb"": 13, ""hsf_l"": 38.6439, ""sup"": 20, ""chi_bits0"": 10, ""mps_l0"": 39.345, ""hsf_keff"": 17, ""hsf_l0"": 41.6439, ""sparse_l"": 28.0875, ""sv_l"": 28.0875, ""feat_secs"": 0.010673, ""feat_secs_frame"": 0.000296, ""feat_secs_hsf"": 0.010237}"
ct,"ct:n=20,L=8,t=32,nn=0",1,"{""n"": 20.0, ""L"": 8.0, ""t"": 32.0, ""nn"": 0.0}",frame,ok,0.000622,0.0068,2719744,-0.0,4,-0.0,0.0,switched_at=None dense_qubits=0 peak_terms=4 term_visits=46 dense_ops=0,"{""n"": 20, ""gates"": 298, ""g2"": 80, ""g3"": 0, ""depth2"": 8, ""t_count"": 32, ""rotations"": 32, ""d"": 19, ""dense_l"": 22.2799, ""redundant"": 13, ""obs_zero"": false, ""frame_l"": 11.5, ""chi_bits"": 10, ""mps_l"": 39.3208, ""hsf_k"": 20, ""hsf_na"": 7, ""hsf_nb"": 13, ""hsf_l"": 39.7347, ""sup"": 20, ""chi_bits0"": 10, ""mps_l0"": 39.3208, ""hsf_keff"": 18, ""hsf_l0"": 41.7347, ""sparse_l"": 28.2192, ""sv_l"": 28.2192, ""feat_secs"": 0.009322, ""feat_secs_frame"": 0.000277, ""feat_secs_hsf"": 0.008916}"
ct,"ct:n=20,L=8,t=32,nn=0",1,"{""n"": 20.0, ""L"": 8.0, ""t"": 32.0, ""nn"": 0.0}",dense,ok,0.009772,0.0135,11730944,3.071950271674932e-19,19,-0.0,3.071950271674932e-19,switched_at=Some(27) dense_qubits=19 peak_terms=1 term_visits=0 dense_ops=4468734,"{""n"": 20, ""gates"": 298, ""g2"": 80, ""g3"": 0, ""depth2"": 8, ""t_count"": 32, ""rotations"": 32, ""d"": 19, ""dense_l"": 22.2799, ""redundant"": 13, ""obs_zero"": false, ""frame_l"": 11.5, ""chi_bits"": 10, ""mps_l"": 39.3208, ""hsf_k"": 20, ""hsf_na"": 7, ""hsf_nb"": 13, ""hsf_l"": 39.7347, ""sup"": 20, ""chi_bits0"": 10, ""mps_l0"": 39.3208, ""hsf_keff"": 18, ""hsf_l0"": 41.7347, ""sparse_l"": 28.2192, ""sv_l"": 28.2192, ""feat_secs"": 0.009322, ""feat_secs_frame"": 0.000277, ""feat_secs_hsf"": 0.008916}"
ct,"ct:n=20,L=8,t=32,nn=0",1,"{""n"": 20.0, ""L"": 8.0, ""t"": 32.0, ""nn"": 0.0}",auto,ok,0.00093,0.0076,2703360,-0.0,0,-0.0,0.0,switched_at=None dense_qubits=0 peak_terms=4 term_visits=46 dense_ops=0,"{""n"": 20, ""gates"": 298, ""g2"": 80, ""g3"": 0, ""depth2"": 8, ""t_count"": 32, ""rotations"": 32, ""d"": 19, ""dense_l"": 22.2799, ""redundant"": 13, ""obs_zero"": false, ""frame_l"": 11.5, ""chi_bits"": 10, ""mps_l"": 39.3208, ""hsf_k"": 20, ""hsf_na"": 7, ""hsf_nb"": 13, ""hsf_l"": 39.7347, ""sup"": 20, ""chi_bits0"": 10, ""mps_l0"": 39.3208, ""hsf_keff"": 18, ""hsf_l0"": 41.7347, ""sparse_l"": 28.2192, ""sv_l"": 28.2192, ""feat_secs"": 0.009322, ""feat_secs_frame"": 0.000277, ""feat_secs_hsf"": 0.008916}"
ct,"ct:n=24,L=1,t=4,nn=0",1,"{""n"": 24.0, ""L"": 1.0, ""t"": 4.0, ""nn"": 0.0}",frame,ok,0.000217,0.0045,2523136,-0.0,0,0.0,0.0,switched_at=None dense_qubits=0 peak_terms=0 term_visits=0 dense_ops=0,"{""n"": 24, ""gates"": 44, ""g2"": 12, ""g3"": 0, ""depth2"": 1, ""t_count"": 4, ""rotations"": 4, ""d"": 1, ""dense_l"": 2.3219, ""redundant"": 3, ""obs_zero"": true, ""frame_l"": 5.4594, ""chi_bits"": 6, ""mps_l"": 21.6174, ""hsf_k"": 0, ""hsf_na"": 12, ""hsf_nb"": 12, ""hsf_l"": 24.0154, ""sup"": 16, ""chi_bits0"": 6, ""mps_l0"": 21.6174, ""hsf_keff"": 0, ""hsf_l0"": 24.0154, ""sparse_l"": 21.4594, ""sv_l"": 29.4594, ""feat_secs"": 0.002767, ""feat_secs_frame"": 7.5e-05, ""feat_secs_hsf"": 0.002653}"
ct,"ct:n=24,L=1,t=4,nn=0",1,"{""n"": 24.0, ""L"": 1.0, ""t"": 4.0, ""nn"": 0.0}",dense,ok,8e-05,0.0045,2179072,0.0,1,0.0,0.0,switched_at=Some(4) dense_qubits=1 peak_terms=0 term_visits=0 dense_ops=5,"{""n"": 24, ""gates"": 44, ""g2"": 12, ""g3"": 0, ""depth2"": 1, ""t_count"": 4, ""rotations"": 4, ""d"": 1, ""dense_l"": 2.3219, ""redundant"": 3, ""obs_zero"": true, ""frame_l"": 5.4594, ""chi_bits"": 6, ""mps_l"": 21.6174, ""hsf_k"": 0, ""hsf_na"": 12, ""hsf_nb"": 12, ""hsf_l"": 24.0154, ""sup"": 16, ""chi_bits0"": 6, ""mps_l0"": 21.6174, ""hsf_keff"": 0, ""hsf_l0"": 24.0154, ""sparse_l"": 21.4594, ""sv_l"": 29.4594, ""feat_secs"": 0.002767, ""feat_secs_frame"": 7.5e-05, ""feat_secs_hsf"": 0.002653}"
ct,"ct:n=24,L=1,t=4,nn=0",1,"{""n"": 24.0, ""L"": 1.0, ""t"": 4.0, ""nn"": 0.0}",auto,ok,0.000192,0.0044,2539520,-0.0,0,0.0,0.0,switched_at=None dense_qubits=0 peak_terms=0 term_visits=0 dense_ops=0,"{""n"": 24, ""gates"": 44, ""g2"": 12, ""g3"": 0, ""depth2"": 1, ""t_count"": 4, ""rotations"": 4, ""d"": 1, ""dense_l"": 2.3219, ""redundant"": 3, ""obs_zero"": true, ""frame_l"": 5.4594, ""chi_bits"": 6, ""mps_l"": 21.6174, ""hsf_k"": 0, ""hsf_na"": 12, ""hsf_nb"": 12, ""hsf_l"": 24.0154, ""sup"": 16, ""chi_bits0"": 6, ""mps_l0"": 21.6174, ""hsf_keff"": 0, ""hsf_l0"": 24.0154, ""sparse_l"": 21.4594, ""sv_l"": 29.4594, ""feat_secs"": 0.002767, ""feat_secs_frame"": 7.5e-05, ""feat_secs_hsf"": 0.002653}"
ct,"ct:n=24,L=1,t=16,nn=0",1,"{""n"": 24.0, ""L"": 1.0, ""t"": 16.0, ""nn"": 0.0}",frame,ok,9.7e-05,0.0044,2211840,-0.0,0,0.0,0.0,switched_at=None dense_qubits=0 peak_terms=0 term_visits=0 dense_ops=0,"{""n"": 24, ""gates"": 64, ""g2"": 12, ""g3"": 0, ""depth2"": 1, ""t_count"": 16, ""rotations"": 16, ""d"": 9, ""dense_l"": 10.6493, ""redundant"": 7, ""obs_zero"": true, ""frame_l"": 6.0, ""chi_bits"": 8, ""mps_l"": 28.6952, ""hsf_k"": 0, ""hsf_na"": 12, ""hsf_nb"": 12, ""hsf_l"": 24.0224, ""sup"": 20, ""chi_bits0"": 8, ""mps_l0"": 28.6952, ""hsf_keff"": 0, ""hsf_l0"": 24.0224, ""sparse_l"": 26.0, ""sv_l"": 30.0, ""feat_secs"": 0.002851, ""feat_secs_frame"": 8.9e-05, ""feat_secs_hsf"": 0.002721}"
ct,"ct:n=24,L=1,t=16,nn=0",1,"{""n"": 24.0, ""L"": 1.0, ""t"": 16.0, ""nn"": 0.0}",dense,ok,9.2e-05,0.0042,2211840,0.0,9,0.0,0.0,switched_at=Some(16) dense_qubits=9 peak_terms=0 term_visits=0 dense_ops=1606,"{""n"": 24, ""gates"": 64, ""g2"": 12, ""g3"": 0, ""depth2"": 1, ""t_count"": 16, ""rotations"": 16, ""d"": 9, ""dense_l"": 10.6493, ""redundant"": 7, ""obs_zero"": true, ""frame_l"": 6.0, ""chi_bits"": 8, ""mps_l"": 28.6952, ""hsf_k"": 0, ""hsf_na"": 12, ""hsf_nb"": 12, ""hsf_l"": 24.0224, ""sup"": 20, ""chi_bits0"": 8, ""mps_l0"": 28.6952, ""hsf_keff"": 0, ""hsf_l0"": 24.0224, ""sparse_l"": 26.0, ""sv_l"": 30.0, ""feat_secs"": 0.002851, ""feat_secs_frame"": 8.9e-05, ""feat_secs_hsf"": 0.002721}"
ct,"ct:n=24,L=1,t=16,nn=0",1,"{""n"": 24.0, ""L"": 1.0, ""t"": 16.0, ""nn"": 0.0}",auto,ok,9.3e-05,0.0042,2211840,-0.0,0,0.0,0.0,switched_at=None dense_qubits=0 peak_terms=0 term_visits=0 dense_ops=0,"{""n"": 24, ""gates"": 64, ""g2"": 12, ""g3"": 0, ""depth2"": 1, ""t_count"": 16, ""rotations"": 16, ""d"": 9, ""dense_l"": 10.6493, ""redundant"": 7, ""obs_zero"": true, ""frame_l"": 6.0, ""chi_bits"": 8, ""mps_l"": 28.6952, ""hsf_k"": 0, ""hsf_na"": 12, ""hsf_nb"": 12, ""hsf_l"": 24.0224, ""sup"": 20, ""chi_bits0"": 8, ""mps_l0"": 28.6952, ""hsf_keff"": 0, ""hsf_l0"": 24.0224, ""sparse_l"": 26.0, ""sv_l"": 30.0, ""feat_secs"": 0.002851, ""feat_secs_frame"": 8.9e-05, ""feat_secs_hsf"": 0.002721}"
ct,"ct:n=24,L=1,t=32,nn=0",1,"{""n"": 24.0, ""L"": 1.0, ""t"": 32.0, ""nn"": 0.0}",frame,ok,0.00018,0.0043,2539520,-0.0,0,0.0,0.0,switched_at=None dense_qubits=0 peak_terms=0 term_visits=0 dense_ops=0,"{""n"": 24, ""gates"": 98, ""g2"": 12, ""g3"": 0, ""depth2"": 1, ""t_count"": 32, ""rotations"": 32, ""d"": 13, ""dense_l"": 15.7125, ""redundant"": 19, ""obs_zero"": true, ""frame_l"": 6.6147, ""chi_bits"": 7, ""mps_l"": 25.5809, ""hsf_k"": 0, ""hsf_na"": 12, ""hsf_nb"": 12, ""hsf_l"": 24.0341, ""sup"": 20, ""chi_bits0"": 7, ""mps_l0"": 25.5809, ""hsf_keff"": 0, ""hsf_l0"": 24.0341, ""sparse_l"": 26.6147, ""sv_l"": 30.6147, ""feat_secs"": 0.002836, ""feat_secs_frame"": 0.000117, ""feat_secs_hsf"": 0.002657}"
ct,"ct:n=24,L=1,t=32,nn=0",1,"{""n"": 24.0, ""L"": 1.0, ""t"": 32.0, ""nn"": 0.0}",dense,ok,0.000179,0.0044,2375680,0.0,13,0.0,0.0,switched_at=Some(32) dense_qubits=13 peak_terms=0 term_visits=0 dense_ops=53694,"{""n"": 24, ""gates"": 98, ""g2"": 12, ""g3"": 0, ""depth2"": 1, ""t_count"": 32, ""rotations"": 32, ""d"": 13, ""dense_l"": 15.7125, ""redundant"": 19, ""obs_zero"": true, ""frame_l"": 6.6147, ""chi_bits"": 7, ""mps_l"": 25.5809, ""hsf_k"": 0, ""hsf_na"": 12, ""hsf_nb"": 12, ""hsf_l"": 24.0341, ""sup"": 20, ""chi_bits0"": 7, ""mps_l0"": 25.5809, ""hsf_keff"": 0, ""hsf_l0"": 24.0341, ""sparse_l"": 26.6147, ""sv_l"": 30.6147, ""feat_secs"": 0.002836, ""feat_secs_frame"": 0.000117, ""feat_secs_hsf"": 0.002657}"
ct,"ct:n=24,L=1,t=32,nn=0",1,"{""n"": 24.0, ""L"": 1.0, ""t"": 32.0, ""nn"": 0.0}",auto,ok,0.00022,0.0043,2539520,-0.0,0,0.0,0.0,switched_at=None dense_qubits=0 peak_terms=0 term_visits=0 dense_ops=0,"{""n"": 24, ""gates"": 98, ""g2"": 12, ""g3"": 0, ""depth2"": 1, ""t_count"": 32, ""rotations"": 32, ""d"": 13, ""dense_l"": 15.7125, ""redundant"": 19, ""obs_zero"": true, ""frame_l"": 6.6147, ""chi_bits"": 7, ""mps_l"": 25.5809, ""hsf_k"": 0, ""hsf_na"": 12, ""hsf_nb"": 12, ""hsf_l"": 24.0341, ""sup"": 20, ""chi_bits0"": 7, ""mps_l0"": 25.5809, ""hsf_keff"": 0, ""hsf_l0"": 24.0341, ""sparse_l"": 26.6147, ""sv_l"": 30.6147, ""feat_secs"": 0.002836, ""feat_secs_frame"": 0.000117, ""feat_secs_hsf"": 0.002657}"
ct,"ct:n=24,L=2,t=4,nn=0",1,"{""n"": 24.0, ""L"": 2.0, ""t"": 4.0, ""nn"": 0.0}",frame,ok,0.000229,0.0046,2555904,-0.0,0,0.0,0.0,switched_at=None dense_qubits=0 peak_terms=0 term_visits=0 dense_ops=0,"{""n"": 24, ""gates"": 83, ""g2"": 24, ""g3"": 0, ""depth2"": 2, ""t_count"": 4, ""rotations"": 4, ""d"": 2, ""dense_l"": 3.3219, ""redundant"": 2, ""obs_zero"": true, ""frame_l"": 6.375, ""chi_bits"": 10, ""mps_l"": 35.9638, ""hsf_k"": 2, ""hsf_na"": 12, ""hsf_nb"": 12, ""hsf_l"": 26.0289, ""sup"": 22, ""chi_bits0"": 10, ""mps_l0"": 35.9638, ""hsf_keff"": 2, ""hsf_l0"": 26.0289, ""sparse_l"": 28.375, ""sv_l"": 30.375, ""feat_secs"": 0.004334, ""feat_secs_frame"": 0.000118, ""feat_secs_hsf"": 0.004165}"
ct,"ct:n=24,L=2,t=4,nn=0",1,"{""n"": 24.0, ""L"": 2.0, ""t"": 4.0, ""nn"": 0.0}",dense,ok,0.000103,0.0041,2211840,0.0,2,0.0,0.0,switched_at=Some(4) dense_qubits=2 peak_terms=0 term_visits=0 dense_ops=10,"{""n"": 24, ""gates"": 83, ""g2"": 24, ""g3"": 0, ""depth2"": 2, ""t_count"": 4, ""rotations"": 4, ""d"": 2, ""dense_l"": 3.3219, ""redundant"": 2, ""obs_zero"": true, ""frame_l"": 6.375, ""chi_bits"": 10, ""mps_l"": 35.9638, ""hsf_k"": 2, ""hsf_na"": 12, ""hsf_nb"": 12, ""hsf_l"": 26.0289, ""sup"": 22, ""chi_bits0"": 10, ""mps_l0"": 35.9638, ""hsf_keff"": 2, ""hsf_l0"": 26.0289, ""sparse_l"": 28.375, ""sv_l"": 30.375, ""feat_secs"": 0.004334, ""feat_secs_frame"": 0.000118, ""feat_secs_hsf"": 0.004165}"
ct,"ct:n=24,L=2,t=4,nn=0",1,"{""n"": 24.0, ""L"": 2.0, ""t"": 4.0, ""nn"": 0.0}",auto,ok,0.000243,0.0044,2555904,-0.0,0,0.0,0.0,switched_at=None dense_qubits=0 peak_terms=0 term_visits=0 dense_ops=0,"{""n"": 24, ""gates"": 83, ""g2"": 24, ""g3"": 0, ""depth2"": 2, ""t_count"": 4, ""rotations"": 4, ""d"": 2, ""dense_l"": 3.3219, ""redundant"": 2, ""obs_zero"": true, ""frame_l"": 6.375, ""chi_bits"": 10, ""mps_l"": 35.9638, ""hsf_k"": 2, ""hsf_na"": 12, ""hsf_nb"": 12, ""hsf_l"": 26.0289, ""sup"": 22, ""chi_bits0"": 10, ""mps_l0"": 35.9638, ""hsf_keff"": 2, ""hsf_l0"": 26.0289, ""sparse_l"": 28.375, ""sv_l"": 30.375, ""feat_secs"": 0.004334, ""feat_secs_frame"": 0.000118, ""feat_secs_hsf"": 0.004165}"
ct,"ct:n=24,L=2,t=16,nn=0",1,"{""n"": 24.0, ""L"": 2.0, ""t"": 16.0, ""nn"": 0.0}",frame,ok,0.000217,0.0047,2555904,-0.0,0,0.0,0.0,switched_at=None dense_qubits=0 peak_terms=0 term_visits=0 dense_ops=0,"{""n"": 24, ""gates"": 104, ""g2"": 24, ""g3"": 0, ""depth2"": 2, ""t_count"": 16, ""rotations"": 16, ""d"": 8, ""dense_l"": 9.7245, ""redundant"": 8, ""obs_zero"": true, ""frame_l"": 6.7004, ""chi_bits"": 10, ""mps_l"": 36.3802, ""hsf_k"": 2, ""hsf_na"": 12, ""hsf_nb"": 12, ""hsf_l"": 26.0362, ""sup"": 24, ""chi_bits0"": 10, ""mps_l0"": 36.3802, ""hsf_keff"": 2, ""hsf_l0"": 26.0362, ""sparse_l"": 30.7004, ""sv_l"": 30.7004, ""feat_secs"": 0.00446, ""feat_secs_frame"": 0.000135, ""feat_secs_hsf"": 0.004267}"
ct,"ct:n=24,L=2,t=16,nn=0",1,"{""n"": 24.0, ""L"": 2.0, ""t"": 16.0, ""nn"": 0.0}",dense,ok,0.000111,0.0044,2211840,0.0,8,0.0,0.0,switched_at=Some(16) dense_qubits=8 peak_terms=0 term_visits=0 dense_ops=846,"{""n"": 24, ""gates"": 104, ""g2"": 24, ""g3"": 0, ""depth2"": 2, ""t_count"": 16, ""rotations"": 16, ""d"": 8, ""dense_l"": 9.7245, ""redundant"": 8, ""obs_zero"": true, ""frame_l"": 6.7004, ""chi_bits"": 10, ""mps_l"": 36.3802, ""hsf_k"": 2, ""hsf_na"": 12, ""hsf_nb"": 12, ""hsf_l"": 26.0362, ""sup"": 24, ""chi_bits0"": 10, ""mps_l0"": 36.3802, ""hsf_keff"": 2, ""hsf_l0"": 26.0362, ""sparse_l"": 30.7004, ""sv_l"": 30.7004, ""feat_secs"": 0.00446, ""feat_secs_frame"": 0.000135, ""feat_secs_hsf"": 0.004267}"
ct,"ct:n=24,L=2,t=16,nn=0",1,"{""n"": 24.0, ""L"": 2.0, ""t"": 16.0, ""nn"": 0.0}",auto,ok,0.00024,0.0043,2555904,-0.0,0,0.0,0.0,switched_at=None dense_qubits=0 peak_terms=0 term_visits=0 dense_ops=0,"{""n"": 24, ""gates"": 104, ""g2"": 24, ""g3"": 0, ""depth2"": 2, ""t_count"": 16, ""rotations"": 16, ""d"": 8, ""dense_l"": 9.7245, ""redundant"": 8, ""obs_zero"": true, ""frame_l"": 6.7004, ""chi_bits"": 10, ""mps_l"": 36.3802, ""hsf_k"": 2, ""hsf_na"": 12, ""hsf_nb"": 12, ""hsf_l"": 26.0362, ""sup"": 24, ""chi_bits0"": 10, ""mps_l0"": 36.3802, ""hsf_keff"": 2, ""hsf_l0"": 26.0362, ""sparse_l"": 30.7004, ""sv_l"": 30.7004, ""feat_secs"": 0.00446, ""feat_secs_frame"": 0.000135, ""feat_secs_hsf"": 0.004267}"
ct,"ct:n=24,L=2,t=32,nn=0",1,"{""n"": 24.0, ""L"": 2.0, ""t"": 32.0, ""nn"": 0.0}",frame,ok,0.000345,0.0045,2572288,-0.0,0,0.0,0.0,switched_at=None dense_qubits=0 peak_terms=0 term_visits=0 dense_ops=0,"{""n"": 24, ""gates"": 136, ""g2"": 24, ""g3"": 0, ""depth2"": 2, ""t_count"": 32, ""rotations"": 32, ""d"": 14, ""dense_l"": 15.9494, ""redundant"": 18, ""obs_zero"": true, ""frame_l"": 7.0875, ""chi_bits"": 12, ""mps_l"": 42.0211, ""hsf_k"": 2, ""hsf_na"": 12, ""hsf_nb"": 12, ""hsf_l"": 26.0471, ""sup"": 24, ""chi_bits0"": 12, ""mps_l0"": 42.0211, ""hsf_keff"": 2, ""hsf_l0"": 26.0471, ""sparse_l"": 31.0875, ""sv_l"": 31.0875, ""feat_secs"": 0.004723, ""feat_secs_frame"": 0.000149, ""feat_secs_hsf"": 0.004503}"
ct,"ct:n=24,L=2,t=32,nn=0",1,"{""n"": 24.0, ""L"": 2.0, ""t"": 32.0, ""nn"": 0.0}",dense,ok,0.000298,0.0044,2785280,0.0,14,0.0,0.0,switched_at=Some(30) dense_qubits=14 peak_terms=0 term_visits=0 dense_ops=60974,"{""n"": 24, ""gates"": 136, ""g2"": 24, ""g3"": 0, ""depth2"": 2, ""t_count"": 32, ""rotations"": 32, ""d"": 14, ""dense_l"": 15.9494, ""redundant"": 18, ""obs_zero"": true, ""frame_l"": 7.0875, ""chi_bits"": 12, ""mps_l"": 42.0211, ""hsf_k"": 2, ""hsf_na"": 12, ""hsf_nb"": 12, ""hsf_l"": 26.0471, ""sup"": 24, ""chi_bits0"": 12, ""mps_l0"": 42.0211, ""hsf_keff"": 2, ""hsf_l0"": 26.0471, ""sparse_l"": 31.0875, ""sv_l"": 31.0875, ""feat_secs"": 0.004723, ""feat_secs_frame"": 0.000149, ""feat_secs_hsf"": 0.004503}"
ct,"ct:n=24,L=2,t=32,nn=0",1,"{""n"": 24.0, ""L"": 2.0, ""t"": 32.0, ""nn"": 0.0}",auto,ok,0.00033,0.0044,2588672,-0.0,0,0.0,0.0,switched_at=None dense_qubits=0 peak_terms=0 term_visits=0 dense_ops=0,"{""n"": 24, ""gates"": 136, ""g2"": 24, ""g3"": 0, ""depth2"": 2, ""t_count"": 32, ""rotations"": 32, ""d"": 14, ""dense_l"": 15.9494, ""redundant"": 18, ""obs_zero"": true, ""frame_l"": 7.0875, ""chi_bits"": 12, ""mps_l"": 42.0211, ""hsf_k"": 2, ""hsf_na"": 12, ""hsf_nb"": 12, ""hsf_l"": 26.0471, ""sup"": 24, ""chi_bits0"": 12, ""mps_l0"": 42.0211, ""hsf_keff"": 2, ""hsf_l0"": 26.0471, ""sparse_l"": 31.0875, ""sv_l"": 31.0875, ""feat_secs"": 0.004723, ""feat_secs_frame"": 0.000149, ""feat_secs_hsf"": 0.004503}"
ct,"ct:n=24,L=4,t=4,nn=0",1,"{""n"": 24.0, ""L"": 4.0, ""t"": 4.0, ""nn"": 0.0}",frame,ok,0.000252,0.0043,2572288,-0.0,0,0.0,0.0,switched_at=None dense_qubits=0 peak_terms=0 term_visits=0 dense_ops=0,"{""n"": 24, ""gates"": 156, ""g2"": 48, ""g3"": 0, ""depth2"": 4, ""t_count"": 4, ""rotations"": 4, ""d"": 4, ""dense_l"": 4.9069, ""redundant"": 0, ""obs_zero"": true, ""frame_l"": 7.2854, ""chi_bits"": 12, ""mps_l"": 43.1981, ""hsf_k"": 10, ""hsf_na"": 12, ""hsf_nb"": 12, ""hsf_l"": 33.0539, ""sup"": 24, ""chi_bits0"": 12, ""mps_l0"": 43.1981, ""hsf_keff"": 9, ""hsf_l0"": 34.0539, ""sparse_l"": 31.2854, ""sv_l"": 31.2854, ""feat_secs"": 0.007116, ""feat_secs_frame"": 0.000173, ""feat_secs_hsf"": 0.006865}"
ct,"ct:n=24,L=4,t=4,nn=0",1,"{""n"": 24.0, ""L"": 4.0, ""t"": 4.0, ""nn"": 0.0}",dense,ok,0.000138,0.0043,2244608,0.0,4,0.0,0.0,switched_at=Some(4) dense_qubits=4 peak_terms=0 term_visits=0 dense_ops=30,"{""n"": 24, ""gates"": 156, ""g2"": 48, ""g3"": 0, ""depth2"": 4, ""t_count"": 4, ""rotations"": 4, ""d"": 4, ""dense_l"": 4.9069, ""redundant"": 0, ""obs_zero"": true, ""frame_l"": 7.2854, ""chi_bits"": 12, ""mps_l"": 43.1981, ""hsf_k"": 10, ""hsf_na"": 12, ""hsf_nb"": 12, ""hsf_l"": 33.0539, ""sup"": 24, ""chi_bits0"": 12, ""mps_l0"": 43.1981, ""hsf_keff"": 9, ""hsf_l0"": 34.0539, ""sparse_l"": 31.2854, ""sv_l"": 31.2854, ""feat_secs"": 0.007116, ""feat_secs_frame"": 0.000173, ""feat_secs_hsf"": 0.006865}"
ct,"ct:n=24,L=4,t=4,nn=0",1,"{""n"": 24.0, ""L"": 4.0, ""t"": 4.0, ""nn"": 0.0}",auto,ok,0.000212,0.0045,2572288,-0.0,0,0.0,0.0,switched_at=None dense_qubits=0 peak_terms=0 term_visits=0 dense_ops=0,"{""n"": 24, ""gates"": 156, ""g2"": 48, ""g3"": 0, ""depth2"": 4, ""t_count"": 4, ""rotations"": 4, ""d"": 4, ""dense_l"": 4.9069, ""redundant"": 0, ""obs_zero"": true, ""frame_l"": 7.2854, ""chi_bits"": 12, ""mps_l"": 43.1981, ""hsf_k"": 10, ""hsf_na"": 12, ""hsf_nb"": 12, ""hsf_l"": 33.0539, ""sup"": 24, ""chi_bits0"": 12, ""mps_l0"": 43.1981, ""hsf_keff"": 9, ""hsf_l0"": 34.0539, ""sparse_l"": 31.2854, ""sv_l"": 31.2854, ""feat_secs"": 0.007116, ""feat_secs_frame"": 0.000173, ""feat_secs_hsf"": 0.006865}"
ct,"ct:n=24,L=4,t=16,nn=0",1,"{""n"": 24.0, ""L"": 4.0, ""t"": 16.0, ""nn"": 0.0}",frame,ok,0.000272,0.0042,2588672,-0.0,0,0.0,0.0,switched_at=None dense_qubits=0 peak_terms=0 term_visits=0 dense_ops=0,"{""n"": 24, ""gates"": 186, ""g2"": 48, ""g3"": 0, ""depth2"": 4, ""t_count"": 16, ""rotations"": 16, ""d"": 11, ""dense_l"": 12.6163, ""redundant"": 5, ""obs_zero"": true, ""frame_l"": 7.5392, ""chi_bits"": 12, ""mps_l"": 43.9981, ""hsf_k"": 8, ""hsf_na"": 12, ""hsf_nb"": 12, ""hsf_l"": 29.0641, ""sup"": 24, ""chi_bits0"": 12, ""mps_l0"": 43.9981, ""hsf_keff"": 5, ""hsf_l0"": 32.0641, ""sparse_l"": 31.5392, ""sv_l"": 31.5392, ""feat_secs"": 0.007524, ""feat_secs_frame"": 0.000192, ""feat_secs_hsf"": 0.007232}"
ct,"ct:n=24,L=4,t=16,nn=0",1,"{""n"": 24.0, ""L"": 4.0, ""t"": 16.0, ""nn"": 0.0}",dense,ok,0.000166,0.0044,2293760,0.0,11,0.0,0.0,switched_at=Some(16) dense_qubits=11 peak_terms=0 term_visits=0 dense_ops=6279,"{""n"": 24, ""gates"": 186, ""g2"": 48, ""g3"": 0, ""depth2"": 4, ""t_count"": 16, ""rotations"": 16, ""d"": 11, ""dense_l"": 12.6163, ""redundant"": 5, ""obs_zero"": true, ""frame_l"": 7.5392, ""chi_bits"": 12, ""mps_l"": 43.9981, ""hsf_k"": 8, ""hsf_na"": 12, ""hsf_nb"": 12, ""hsf_l"": 29.0641, ""sup"": 24, ""chi_bits0"": 12, ""mps_l0"": 43.9981, ""hsf_keff"": 5, ""hsf_l0"": 32.0641, ""sparse_l"": 31.5392, ""sv_l"": 31.5392, ""feat_secs"": 0.007524, ""feat_secs_frame"": 0.000192, ""feat_secs_hsf"": 0.007232}"
ct,"ct:n=24,L=4,t=16,nn=0",1,"{""n"": 24.0, ""L"": 4.0, ""t"": 16.0, ""nn"": 0.0}",auto,ok,0.000283,0.0044,2572288,-0.0,0,0.0,0.0,switched_at=None dense_qubits=0 peak_terms=0 term_visits=0 dense_ops=0,"{""n"": 24, ""gates"": 186, ""g2"": 48, ""g3"": 0, ""depth2"": 4, ""t_count"": 16, ""rotations"": 16, ""d"": 11, ""dense_l"": 12.6163, ""redundant"": 5, ""obs_zero"": true, ""frame_l"": 7.5392, ""chi_bits"": 12, ""mps_l"": 43.9981, ""hsf_k"": 8, ""hsf_na"": 12, ""hsf_nb"": 12, ""hsf_l"": 29.0641, ""sup"": 24, ""chi_bits0"": 12, ""mps_l0"": 43.9981, ""hsf_keff"": 5, ""hsf_l0"": 32.0641, ""sparse_l"": 31.5392, ""sv_l"": 31.5392, ""feat_secs"": 0.007524, ""feat_secs_frame"": 0.000192, ""feat_secs_hsf"": 0.007232}"
ct,"ct:n=24,L=4,t=32,nn=0",1,"{""n"": 24.0, ""L"": 4.0, ""t"": 32.0, ""nn"": 0.0}",frame,ok,0.000262,0.0045,2588672,-0.0,0,0.0,0.0,switched_at=None dense_qubits=0 peak_terms=0 term_visits=0 dense_ops=0,"{""n"": 24, ""gates"": 205, ""g2"": 48, ""g3"": 0, ""depth2"": 4, ""t_count"": 32, ""rotations"": 32, ""d"": 17, ""dense_l"": 18.5276, ""redundant"": 15, ""obs_zero"": true, ""frame_l"": 7.6795, ""chi_bits"": 12, ""mps_l"": 44.1896, ""hsf_k"": 10, ""hsf_na"": 12, ""hsf_nb"": 12, ""hsf_l"": 32.0705, ""sup"": 24, ""chi_bits0"": 12, ""mps_l0"": 44.1896, ""hsf_keff"": 8, ""hsf_l0"": 34.0705, ""sparse_l"": 31.6795, ""sv_l"": 31.6795, ""feat_secs"": 0.0082, ""feat_secs_frame"": 0.000213, ""feat_secs_hsf"": 0.007885}"
ct,"ct:n=24,L=4,t=32,nn=0",1,"{""n"": 24.0, ""L"": 4.0, ""t"": 32.0, ""nn"": 0.0}",dense,ok,0.001041,0.0073,4718592,0.0,17,0.0,0.0,switched_at=Some(30) dense_qubits=17 peak_terms=0 term_visits=0 dense_ops=345110,"{""n"": 24, ""gates"": 205, ""g2"": 48, ""g3"": 0, ""depth2"": 4, ""t_count"": 32, ""rotations"": 32, ""d"": 17, ""dense_l"": 18.5276, ""redundant"": 15, ""obs_zero"": true, ""frame_l"": 7.6795, ""chi_bits"": 12, ""mps_l"": 44.1896, ""hsf_k"": 10, ""hsf_na"": 12, ""hsf_nb"": 12, ""hsf_l"": 32.0705, ""sup"": 24, ""chi_bits0"": 12, ""mps_l0"": 44.1896, ""hsf_keff"": 8, ""hsf_l0"": 34.0705, ""sparse_l"": 31.6795, ""sv_l"": 31.6795, ""feat_secs"": 0.0082, ""feat_secs_frame"": 0.000213, ""feat_secs_hsf"": 0.007885}"
ct,"ct:n=24,L=4,t=32,nn=0",1,"{""n"": 24.0, ""L"": 4.0, ""t"": 32.0, ""nn"": 0.0}",auto,ok,0.00023,0.0040,2588672,-0.0,0,0.0,0.0,switched_at=None dense_qubits=0 peak_terms=0 term_visits=0 dense_ops=0,"{""n"": 24, ""gates"": 205, ""g2"": 48, ""g3"": 0, ""depth2"": 4, ""t_count"": 32, ""rotations"": 32, ""d"": 17, ""dense_l"": 18.5276, ""redundant"": 15, ""obs_zero"": true, ""frame_l"": 7.6795, ""chi_bits"": 12, ""mps_l"": 44.1896, ""hsf_k"": 10, ""hsf_na"": 12, ""hsf_nb"": 12, ""hsf_l"": 32.0705, ""sup"": 24, ""chi_bits0"": 12, ""mps_l0"": 44.1896, ""hsf_keff"": 8, ""hsf_l0"": 34.0705, ""sparse_l"": 31.6795, ""sv_l"": 31.6795, ""feat_secs"": 0.0082, ""feat_secs_frame"": 0.000213, ""feat_secs_hsf"": 0.007885}"
ct,"ct:n=24,L=8,t=4,nn=0",1,"{""n"": 24.0, ""L"": 8.0, ""t"": 4.0, ""nn"": 0.0}",frame,ok,0.000332,0.0068,2621440,-0.0,0,0.0,0.0,switched_at=None dense_qubits=0 peak_terms=0 term_visits=0 dense_ops=0,"{""n"": 24, ""gates"": 292, ""g2"": 96, ""g3"": 0, ""depth2"": 8, ""t_count"": 4, ""rotations"": 4, ""d"": 4, ""dense_l"": 4.9069, ""redundant"": 0, ""obs_zero"": true, ""frame_l"": 8.1898, ""chi_bits"": 12, ""mps_l"": 45.5052, ""hsf_k"": 26, ""hsf_na"": 11, ""hsf_nb"": 13, ""hsf_l"": 48.1923, ""sup"": 24, ""chi_bits0"": 12, ""mps_l0"": 45.5052, ""hsf_keff"": 24, ""hsf_l0"": 50.1923, ""sparse_l"": 32.1898, ""sv_l"": 32.1898, ""feat_secs"": 0.015577, ""feat_secs_frame"": 0.000285, ""feat_secs_hsf"": 0.015158}"
ct,"ct:n=24,L=8,t=4,nn=0",1,"{""n"": 24.0, ""L"": 8.0, ""t"": 4.0, ""nn"": 0.0}",dense,ok,0.000206,0.0045,2293760,0.0,4,0.0,0.0,switched_at=Some(4) dense_qubits=4 peak_terms=0 term_visits=0 dense_ops=30,"{""n"": 24, ""gates"": 292, ""g2"": 96, ""g3"": 0, ""depth2"": 8, ""t_count"": 4, ""rotations"": 4, ""d"": 4, ""dense_l"": 4.9069, ""redundant"": 0, ""obs_zero"": true, ""frame_l"": 8.1898, ""chi_bits"": 12, ""mps_l"": 45.5052, ""hsf_k"": 26, ""hsf_na"": 11, ""hsf_nb"": 13, ""hsf_l"": 48.1923, ""sup"": 24, ""chi_bits0"": 12, ""mps_l0"": 45.5052, ""hsf_keff"": 24, ""hsf_l0"": 50.1923, ""sparse_l"": 32.1898, ""sv_l"": 32.1898, ""feat_secs"": 0.015577, ""feat_secs_frame"": 0.000285, ""feat_secs_hsf"": 0.015158}"
ct,"ct:n=24,L=8,t=4,nn=0",1,"{""n"": 24.0, ""L"": 8.0, ""t"": 4.0, ""nn"": 0.0}",auto,ok,0.000322,0.0043,2621440,-0.0,0,0.0,0.0,switched_at=None dense_qubits=0 peak_terms=0 term_visits=0 dense_ops=0,"{""n"": 24, ""gates"": 292, ""g2"": 96, ""g3"": 0, ""depth2"": 8, ""t_count"": 4, ""rotations"": 4, ""d"": 4, ""dense_l"": 4.9069, ""redundant"": 0, ""obs_zero"": true, ""frame_l"": 8.1898, ""chi_bits"": 12, ""mps_l"": 45.5052, ""hsf_k"": 26, ""hsf_na"": 11, ""hsf_nb"": 13, ""hsf_l"": 48.1923, ""sup"": 24, ""chi_bits0"": 12, ""mps_l0"": 45.5052, ""hsf_keff"": 24, ""hsf_l0"": 50.1923, ""sparse_l"": 32.1898, ""sv_l"": 32.1898, ""feat_secs"": 0.015577, ""feat_secs_frame"": 0.000285, ""feat_secs_hsf"": 0.015158}"
ct,"ct:n=24,L=8,t=16,nn=0",1,"{""n"": 24.0, ""L"": 8.0, ""t"": 16.0, ""nn"": 0.0}",frame,ok,0.000271,0.0043,2637824,-0.0,0,0.0,0.0,switched_at=None dense_qubits=0 peak_terms=0 term_visits=0 dense_ops=0,"{""n"": 24, ""gates"": 327, ""g2"": 96, ""g3"": 0, ""depth2"": 8, ""t_count"": 16, ""rotations"": 16, ""d"": 12, ""dense_l"": 13.003, ""redundant"": 4, ""obs_zero"": true, ""frame_l"": 8.3531, ""chi_bits"": 12, ""mps_l"": 45.7354, ""hsf_k"": 24, ""hsf_na"": 8, ""hsf_nb"": 16, ""hsf_l"": 46.1874, ""sup"": 24, ""chi_bits0"": 12, ""mps_l0"": 45.7354, ""hsf_keff"": 21, ""hsf_l0"": 49.1874, ""sparse_l"": 32.3531, ""sv_l"": 32.3531, ""feat_secs"": 0.016472, ""feat_secs_frame"": 0.000313, ""feat_secs_hsf"": 0.016006}"
ct,"ct:n=24,L=8,t=16,nn=0",1,"{""n"": 24.0, ""L"": 8.0, ""t"": 16.0, ""nn"": 0.0}",dense,ok,0.000222,0.0042,2392064,0.0,12,0.0,0.0,switched_at=Some(15) dense_qubits=12 peak_terms=0 term_visits=0 dense_ops=8193,"{""n"": 24, ""gates"": 327, ""g2"": 96, ""g3"": 0, ""depth2"": 8, ""t_count"": 16, ""rotations"": 16, ""d"": 12, ""dense_l"": 13.003, ""redundant"": 4, ""obs_zero"": true, ""frame_l"": 8.3531, ""chi_bits"": 12, ""mps_l"": 45.7354, ""hsf_k"": 24, ""hsf_na"": 8, ""hsf_nb"": 16, ""hsf_l"": 46.1874, ""sup"": 24, ""chi_bits0"": 12, ""mps_l0"": 45.7354, ""hsf_keff"": 21, ""hsf_l0"": 49.1874, ""sparse_l"": 32.3531, ""sv_l"": 32.3531, ""feat_secs"": 0.016472, ""feat_secs_frame"": 0.000313, ""feat_secs_hsf"": 0.016006}"
ct,"ct:n=24,L=8,t=16,nn=0",1,"{""n"": 24.0, ""L"": 8.0, ""t"": 16.0, ""nn"": 0.0}",auto,ok,0.000306,0.0043,2621440,-0.0,0,0.0,0.0,switched_at=None dense_qubits=0 peak_terms=0 term_visits=0 dense_ops=0,"{""n"": 24, ""gates"": 327, ""g2"": 96, ""g3"": 0, ""depth2"": 8, ""t_count"": 16, ""rotations"": 16, ""d"": 12, ""dense_l"": 13.003, ""redundant"": 4, ""obs_zero"": true, ""frame_l"": 8.3531, ""chi_bits"": 12, ""mps_l"": 45.7354, ""hsf_k"": 24, ""hsf_na"": 8, ""hsf_nb"": 16, ""hsf_l"": 46.1874, ""sup"": 24, ""chi_bits0"": 12, ""mps_l0"": 45.7354, ""hsf_keff"": 21, ""hsf_l0"": 49.1874, ""sparse_l"": 32.3531, ""sv_l"": 32.3531, ""feat_secs"": 0.016472, ""feat_secs_frame"": 0.000313, ""feat_secs_hsf"": 0.016006}"
ct,"ct:n=24,L=8,t=32,nn=0",1,"{""n"": 24.0, ""L"": 8.0, ""t"": 32.0, ""nn"": 0.0}",frame,ok,0.000333,0.0045,2621440,-0.0,0,0.0,0.0,switched_at=None dense_qubits=0 peak_terms=0 term_visits=0 dense_ops=0,"{""n"": 24, ""gates"": 335, ""g2"": 96, ""g3"": 0, ""depth2"": 8, ""t_count"": 32, ""rotations"": 32, ""d"": 22, ""dense_l"": 23.7041, ""redundant"": 10, ""obs_zero"": true, ""frame_l"": 8.388, ""chi_bits"": 12, ""mps_l"": 45.5409, ""hsf_k"": 24, ""hsf_na"": 8, ""hsf_nb"": 16, ""hsf_l"": 46.207, ""sup"": 24, ""chi_bits0"": 12, ""mps_l0"": 45.5409, ""hsf_keff"": 21, ""hsf_l0"": 49.207, ""sparse_l"": 32.388, ""sv_l"": 32.388, ""feat_secs"": 0.016142, ""feat_secs_frame"": 0.000306, ""feat_secs_hsf"": 0.015681}"
ct,"ct:n=24,L=8,t=32,nn=0",1,"{""n"": 24.0, ""L"": 8.0, ""t"": 32.0, ""nn"": 0.0}",dense,ok,0.026245,0.0309,69746688,0.0,22,0.0,0.0,switched_at=Some(31) dense_qubits=22 peak_terms=0 term_visits=0 dense_ops=13665336,"{""n"": 24, ""gates"": 335, ""g2"": 96, ""g3"": 0, ""depth2"": 8, ""t_count"": 32, ""rotations"": 32, ""d"": 22, ""dense_l"": 23.7041, ""redundant"": 10, ""obs_zero"": true, ""frame_l"": 8.388, ""chi_bits"": 12, ""mps_l"": 45.5409, ""hsf_k"": 24, ""hsf_na"": 8, ""hsf_nb"": 16, ""hsf_l"": 46.207, ""sup"": 24, ""chi_bits0"": 12, ""mps_l0"": 45.5409, ""hsf_keff"": 21, ""hsf_l0"": 49.207, ""sparse_l"": 32.388, ""sv_l"": 32.388, ""feat_secs"": 0.016142, ""feat_secs_frame"": 0.000306, ""feat_secs_hsf"": 0.015681}"
ct,"ct:n=24,L=8,t=32,nn=0",1,"{""n"": 24.0, ""L"": 8.0, ""t"": 32.0, ""nn"": 0.0}",auto,ok,0.000375,0.0069,2605056,-0.0,0,0.0,0.0,switched_at=None dense_qubits=0 peak_terms=0 term_visits=0 dense_ops=0,"{""n"": 24, ""gates"": 335, ""g2"": 96, ""g3"": 0, ""depth2"": 8, ""t_count"": 32, ""rotations"": 32, ""d"": 22, ""dense_l"": 23.7041, ""redundant"": 10, ""obs_zero"": true, ""frame_l"": 8.388, ""chi_bits"": 12, ""mps_l"": 45.5409, ""hsf_k"": 24, ""hsf_na"": 8, ""hsf_nb"": 16, ""hsf_l"": 46.207, ""sup"": 24, ""chi_bits0"": 12, ""mps_l0"": 45.5409, ""hsf_keff"": 21, ""hsf_l0"": 49.207, ""sparse_l"": 32.388, ""sv_l"": 32.388, ""feat_secs"": 0.016142, ""feat_secs_frame"": 0.000306, ""feat_secs_hsf"": 0.015681}"
qaoa,"qaoa:n=12,p=1,deg=2,nn=1",1,"{""n"": 12.0, ""p"": 1.0, ""deg"": 2.0, ""nn"": 1.0}",frame,ok,0.001603,0.0075,3244032,0.001115367176781985,3072,0.001115367176781985,0.0,switched_at=None dense_qubits=0 peak_terms=3072 term_visits=13307 dense_ops=0,"{""n"": 12, ""gates"": 60, ""g2"": 24, ""g3"": 0, ""depth2"": 22, ""t_count"": 0, ""rotations"": 24, ""d"": 11, ""dense_l"": 14.9068, ""redundant"": 13, ""obs_zero"": false, ""frame_l"": 11.085, ""chi_bits"": 4, ""mps_l"": 15.2222, ""hsf_k"": 4, ""hsf_na"": 6, ""hsf_nb"": 6, ""hsf_l"": 14.9542, ""sup"": 12, ""chi_bits0"": 4, ""mps_l0"": 15.2222, ""hsf_keff"": 2, ""hsf_l0"": 16.9542, ""sparse_l"": 17.9069, ""sv_l"": 17.9069, ""feat_secs"": 0.000685, ""feat_secs_frame"": 0.000101, ""feat_secs_hsf"": 0.000545}"
qaoa,"qaoa:n=12,p=1,deg=2,nn=1",1,"{""n"": 12.0, ""p"": 1.0, ""deg"": 2.0, ""nn"": 1.0}",dense,ok,0.00014,0.0042,2277376,0.00111536717678197,11,0.001115367176781985,1.496198998029996e-17,switched_at=Some(24) dense_qubits=11 peak_terms=1 term_visits=0 dense_ops=32766,"{""n"": 12, ""gates"": 60, ""g2"": 24, ""g3"": 0, ""depth2"": 22, ""t_count"": 0, ""rotations"": 24, ""d"": 11, ""dense_l"": 14.9068, ""redundant"": 13, ""obs_zero"": false, ""frame_l"": 11.085, ""chi_bits"": 4, ""mps_l"": 15.2222, ""hsf_k"": 4, ""hsf_na"": 6, ""hsf_nb"": 6, ""hsf_l"": 14.9542, ""sup"": 12, ""chi_bits0"": 4, ""mps_l0"": 15.2222, ""hsf_keff"": 2, ""hsf_l0"": 16.9542, ""sparse_l"": 17.9069, ""sv_l"": 17.9069, ""feat_secs"": 0.000685, ""feat_secs_frame"": 0.000101, ""feat_secs_hsf"": 0.000545}"
qaoa,"qaoa:n=12,p=1,deg=2,nn=1",1,"{""n"": 12.0, ""p"": 1.0, ""deg"": 2.0, ""nn"": 1.0}",auto,ok,0.0015,0.0067,3276800,0.001115367176781985,5,0.001115367176781985,0.0,switched_at=Some(5) dense_qubits=5 peak_terms=3072 term_visits=13183 dense_ops=446,"{""n"": 12, ""gates"": 60, ""g2"": 24, ""g3"": 0, ""depth2"": 22, ""t_count"": 0, ""rotations"": 24, ""d"": 11, ""dense_l"": 14.9068, ""redundant"": 13, ""obs_zero"": false, ""frame_l"": 11.085, ""chi_bits"": 4, ""mps_l"": 15.2222, ""hsf_k"": 4, ""hsf_na"": 6, ""hsf_nb"": 6, ""hsf_l"": 14.9542, ""sup"": 12, ""chi_bits0"": 4, ""mps_l0"": 15.2222, ""hsf_keff"": 2, ""hsf_l0"": 16.9542, ""sparse_l"": 17.9069, ""sv_l"": 17.9069, ""feat_secs"": 0.000685, ""feat_secs_frame"": 0.000101, ""feat_secs_hsf"": 0.000545}"
qaoa,"qaoa:n=12,p=1,deg=3,nn=1",1,"{""n"": 12.0, ""p"": 1.0, ""deg"": 3.0, ""nn"": 1.0}",frame,ok,0.004405,0.0104,4194304,0.0239120277175487,12544,0.0239120277175487,0.0,switched_at=None dense_qubits=0 peak_terms=12544 term_visits=74771 dense_ops=0,"{""n"": 12, ""gates"": 96, ""g2"": 48, ""g3"": 0, ""depth2"": 42, ""t_count"": 0, ""rotations"": 36, ""d"": 11, ""dense_l"": 15.3224, ""redundant"": 25, ""obs_zero"": false, ""frame_l"": 17.6699, ""chi_bits"": 6, ""mps_l"": 24.2313, ""hsf_k"": 12, ""hsf_na"": 6, ""hsf_nb"": 6, ""hsf_l"": 17.3219, ""sup"": 12, ""chi_bits0"": 6, ""mps_l0"": 24.2313, ""hsf_keff"": 4, ""hsf_l0"": 25.3219, ""sparse_l"": 18.585, ""sv_l"": 18.585, ""feat_secs"": 0.000953, ""feat_secs_frame"": 0.000136, ""feat_secs_hsf"": 0.000766}"
qaoa,"qaoa:n=12,p=1,deg=3,nn=1",1,"{""n"": 12.0, ""p"": 1.0, ""deg"": 3.0, ""nn"": 1.0}",dense,ok,0.00017,0.0046,2342912,0.02391202771754877,11,0.0239120277175487,6.938893903907228e-17,switched_at=Some(36) dense_qubits=11 peak_terms=1 term_visits=0 dense_ops=43022,"{""n"": 12, ""gates"": 96, ""g2"": 48, ""g3"": 0, ""depth2"": 42, ""t_count"": 0, ""rotations"": 36, ""d"": 11, ""dense_l"": 15.3224, ""redundant"": 25, ""obs_zero"": false, ""frame_l"": 17.6699, ""chi_bits"": 6, ""mps_l"": 24.2313, ""hsf_k"": 12, ""hsf_na"": 6, ""hsf_nb"": 6, ""hsf_l"": 17.3219, ""sup"": 12, ""chi_bits0"": 6, ""mps_l0"": 24.2313, ""hsf_keff"": 4, ""hsf_l0"": 25.3219, ""sparse_l"": 18.585, ""sv_l"": 18.585, ""feat_secs"": 0.000953, ""feat_secs_frame"": 0.000136, ""feat_secs_hsf"": 0.000766}"
qaoa,"qaoa:n=12,p=1,deg=3,nn=1",1,"{""n"": 12.0, ""p"": 1.0, ""deg"": 3.0, ""nn"": 1.0}",auto,ok,0.003801,0.0098,4259840,0.0239120277175487,6,0.0239120277175487,0.0,switched_at=Some(10) dense_qubits=6 peak_terms=12544 term_visits=72511 dense_ops=3854,"{""n"": 12, ""gates"": 96, ""g2"": 48, ""g3"": 0, ""depth2"": 42, ""t_count"": 0, ""rotations"": 36, ""d"": 11, ""dense_l"": 15.3224, ""redundant"": 25, ""obs_zero"": false, ""frame_l"": 17.6699, ""chi_bits"": 6, ""mps_l"": 24.2313, ""hsf_k"": 12, ""hsf_na"": 6, ""hsf_nb"": 6, ""hsf_l"": 17.3219, ""sup"": 12, ""chi_bits0"": 6, ""mps_l0"": 24.2313, ""hsf_keff"": 4, ""hsf_l0"": 25.3219, ""sparse_l"": 18.585, ""sv_l"": 18.585, ""feat_secs"": 0.000953, ""feat_secs_frame"": 0.000136, ""feat_secs_hsf"": 0.000766}"
qaoa,"qaoa:n=12,p=2,deg=2,nn=1",1,"{""n"": 12.0, ""p"": 2.0, ""deg"": 2.0, ""nn"": 1.0}",frame,ok,0.251552,0.2584,114278400,0.05811203816766155,1015586,0.05811203816766155,0.0,switched_at=None dense_qubits=0 peak_terms=1015586 term_visits=9680097 dense_ops=0,"{""n"": 12, ""gates"": 108, ""g2"": 48, ""g3"": 0, ""depth2"": 26, ""t_count"": 0, ""rotations"": 48, ""d"": 11, ""dense_l"": 16.2854, ""redundant"": 37, ""obs_zero"": false, ""frame_l"": 24.085, ""chi_bits"": 6, ""mps_l"": 22.9041, ""hsf_k"": 8, ""hsf_na"": 6, ""hsf_nb"": 6, ""hsf_l"": 17.4263, ""sup"": 12, ""chi_bits0"": 6, ""mps_l0"": 22.9041, ""hsf_keff"": 4, ""hsf_l0"": 21.4263, ""sparse_l"": 18.7549, ""sv_l"": 18.7549, ""feat_secs"": 0.000818, ""feat_secs_frame"": 0.000204, ""feat_secs_hsf"": 0.000556}"
qaoa,"qaoa:n=12,p=2,deg=2,nn=1",1,"{""n"": 12.0, ""p"": 2.0, ""deg"": 2.0, ""nn"": 1.0}",dense,ok,0.000221,0.0066,2326528,0.05811203816766158,11,0.05811203816766155,2.7755575615628914e-17,switched_at=Some(48) dense_qubits=11 peak_terms=1 term_visits=0 dense_ops=81918,"{""n"": 12, ""gates"": 108, ""g2"": 48, ""g3"": 0, ""depth2"": 26, ""t_count"": 0, ""rotations"": 48, ""d"": 11, ""dense_l"": 16.2854, ""redundant"": 37, ""obs_zero"": false, ""frame_l"": 24.085, ""chi_bits"": 6, ""mps_l"": 22.9041, ""hsf_k"": 8, ""hsf_na"": 6, ""hsf_nb"": 6, ""hsf_l"": 17.4263, ""sup"": 12, ""chi_bits0"": 6, ""mps_l0"": 22.9041, ""hsf_keff"": 4, ""hsf_l0"": 21.4263, ""sparse_l"": 18.7549, ""sv_l"": 18.7549, ""feat_secs"": 0.000818, ""feat_secs_frame"": 0.000204, ""feat_secs_hsf"": 0.000556}"
qaoa,"qaoa:n=12,p=2,deg=2,nn=1",1,"{""n"": 12.0, ""p"": 2.0, ""deg"": 2.0, ""nn"": 1.0}",auto,ok,0.174398,0.1808,97222656,0.05811203816766108,11,0.05811203816766155,4.718447854656915e-16,switched_at=Some(15) dense_qubits=11 peak_terms=748228 term_visits=4505804 dense_ops=50343934,"{""n"": 12, ""gates"": 108, ""g2"": 48, ""g3"": 0, ""depth2"": 26, ""t_count"": 0, ""rotations"": 48, ""d"": 11, ""dense_l"": 16.2854, ""redundant"": 37, ""obs_zero"": false, ""frame_l"": 24.085, ""chi_bits"": 6, ""mps_l"": 22.9041, ""hsf_k"": 8, ""hsf_na"": 6, ""hsf_nb"": 6, ""hsf_l"": 17.4263, ""sup"": 12, ""chi_bits0"": 6, ""mps_l0"": 22.9041, ""hsf_keff"": 4, ""hsf_l0"": 21.4263, ""sparse_l"": 18.7549, ""sv_l"": 18.7549, ""feat_secs"": 0.000818, ""feat_secs_frame"": 0.000204, ""feat_secs_hsf"": 0.000556}"
qaoa,"qaoa:n=12,p=2,deg=3,nn=1",1,"{""n"": 12.0, ""p"": 2.0, ""deg"": 3.0, ""nn"": 1.0}",frame,ok,1.949188,1.9575,543490048,0.06481481455626421,4143446,0.06481481455626448,2.636779683484747e-16,switched_at=None dense_qubits=0 peak_terms=4143446 term_visits=84182817 dense_ops=0,"{""n"": 12, ""gates"": 180, ""g2"": 96, ""g3"": 0, ""depth2"": 52, ""t_count"": 0, ""rotations"": 72, ""d"": 11, ""dense_l"": 16.8075, ""redundant"": 61, ""obs_zero"": false, ""frame_l"": 28.1699, ""chi_bits"": 6, ""mps_l"": 25.9364, ""hsf_k"": 24, ""hsf_na"": 6, ""hsf_nb"": 6, ""hsf_l"": 21.9307, ""sup"": 12, ""chi_bits0"": 6, ""mps_l0"": 25.9364, ""hsf_keff"": 8, ""hsf_l0"": 37.9307, ""sparse_l"": 19.4919, ""sv_l"": 19.4919, ""feat_secs"": 0.001077, ""feat_secs_frame"": 0.000222, ""feat_secs_hsf"": 0.000773}"
qaoa,"qaoa:n=12,p=2,deg=3,nn=1",1,"{""n"": 12.0, ""p"": 2.0, ""deg"": 3.0, ""nn"": 1.0}",dense,ok,0.000291,0.0072,2375680,0.06481481455626448,11,0.06481481455626448,0.0,switched_at=Some(72) dense_qubits=11 peak_terms=1 term_visits=0 dense_ops=116750,"{""n"": 12, ""gates"": 180, ""g2"": 96, ""g3"": 0, ""depth2"": 52, ""t_count"": 0, ""rotations"": 72, ""d"": 11, ""dense_l"": 16.8075, ""redundant"": 61, ""obs_zero"": false, ""frame_l"": 28.1699, ""chi_bits"": 6, ""mps_l"": 25.9364, ""hsf_k"": 24, ""hsf_na"": 6, ""hsf_nb"": 6, ""hsf_l"": 21.9307, ""sup"": 12, ""chi_bits0"": 6, ""mps_l0"": 25.9364, ""hsf_keff"": 8, ""hsf_l0"": 37.9307, ""sparse_l"": 19.4919, ""sv_l"": 19.4919, ""feat_secs"": 0.001077, ""feat_secs_frame"": 0.000222, ""feat_secs_hsf"": 0.000773}"
qaoa,"qaoa:n=12,p=2,deg=3,nn=1",1,"{""n"": 12.0, ""p"": 2.0, ""deg"": 3.0, ""nn"": 1.0}",auto,ok,0.195143,0.2015,169508864,0.06481481455626481,11,0.06481481455626448,3.3306690738754696e-16,switched_at=Some(40) dense_qubits=11 peak_terms=1316994 term_visits=4213751 dense_ops=25214990,"{""n"": 12, ""gates"": 180, ""g2"": 96, ""g3"": 0, ""depth2"": 52, ""t_count"": 0, ""rotations"": 72, ""d"": 11, ""dense_l"": 16.8075, ""redundant"": 61, ""obs_zero"": false, ""frame_l"": 28.1699, ""chi_bits"": 6, ""mps_l"": 25.9364, ""hsf_k"": 24, ""hsf_na"": 6, ""hsf_nb"": 6, ""hsf_l"": 21.9307, ""sup"": 12, ""chi_bits0"": 6, ""mps_l0"": 25.9364, ""hsf_keff"": 8, ""hsf_l0"": 37.9307, ""sparse_l"": 19.4919, ""sv_l"": 19.4919, ""feat_secs"": 0.001077, ""feat_secs_frame"": 0.000222, ""feat_secs_hsf"": 0.000773}"
qaoa,"qaoa:n=12,p=3,deg=2,nn=1",1,"{""n"": 12.0, ""p"": 3.0, ""deg"": 2.0, ""nn"": 1.0}",frame,ok,0.879533,0.8869,121929728,0.1024017912892789,1350891,0.1024017912892789,0.0,switched_at=None dense_qubits=0 peak_terms=1350891 term_visits=40467358 dense_ops=0,"{""n"": 12, ""gates"": 156, ""g2"": 72, ""g3"": 0, ""depth2"": 46, ""t_count"": 0, ""rotations"": 72, ""d"": 11, ""dense_l"": 16.9773, ""redundant"": 61, ""obs_zero"": false, ""frame_l"": 28.1699, ""chi_bits"": 6, ""mps_l"": 24.2043, ""hsf_k"": 12, ""hsf_na"": 6, ""hsf_nb"": 6, ""hsf_l"": 19.7814, ""sup"": 12, ""chi_bits0"": 6, ""mps_l0"": 24.2043, ""hsf_keff"": 6, ""hsf_l0"": 25.7814, ""sparse_l"": 19.2854, ""sv_l"": 19.2854, ""feat_secs"": 0.000821, ""feat_secs_frame"": 0.000199, ""feat_secs_hsf"": 0.000545}"
qaoa,"qaoa:n=12,p=3,deg=2,nn=1",1,"{""n"": 12.0, ""p"": 3.0, ""deg"": 2.0, ""nn"": 1.0}",dense,ok,0.000312,0.0048,2342912,0.1024017912892793,11,0.1024017912892789,4.0245584642661925e-16,switched_at=Some(72) dense_qubits=11 peak_terms=1 term_visits=0 dense_ops=131070,"{""n"": 12, ""gates"": 156, ""g2"": 72, ""g3"": 0, ""depth2"": 46, ""t_count"": 0, ""rotations"": 72, ""d"": 11, ""dense_l"": 16.9773, ""redundant"": 61, ""obs_zero"": false, ""frame_l"": 28.1699, ""chi_bits"": 6, ""mps_l"": 24.2043, ""hsf_k"": 12, ""hsf_na"": 6, ""hsf_nb"": 6, ""hsf_l"": 19.7814, ""sup"": 12, ""chi_bits0"": 6, ""mps_l0"": 24.2043, ""hsf_keff"": 6, ""hsf_l0"": 25.7814, ""sparse_l"": 19.2854, ""sv_l"": 19.2854, ""feat_secs"": 0.000821, ""feat_secs_frame"": 0.000199, ""feat_secs_hsf"": 0.000545}"
qaoa,"qaoa:n=12,p=3,deg=2,nn=1",1,"{""n"": 12.0, ""p"": 3.0, ""deg"": 2.0, ""nn"": 1.0}",auto,ok,0.172481,0.1806,97239040,0.1024017912892737,11,0.1024017912892789,5.204170427930421e-15,switched_at=Some(39) dense_qubits=11 peak_terms=748228 term_visits=4505804 dense_ops=50393086,"{""n"": 12, ""gates"": 156, ""g2"": 72, ""g3"": 0, ""depth2"": 46, ""t_count"": 0, ""rotations"": 72, ""d"": 11, ""dense_l"": 16.9773, ""redundant"": 61, ""obs_zero"": false, ""frame_l"": 28.1699, ""chi_bits"": 6, ""mps_l"": 24.2043, ""hsf_k"": 12, ""hsf_na"": 6, ""hsf_nb"": 6, ""hsf_l"": 19.7814, ""sup"": 12, ""chi_bits0"": 6, ""mps_l0"": 24.2043, ""hsf_keff"": 6, ""hsf_l0"": 25.7814, ""sparse_l"": 19.2854, ""sv_l"": 19.2854, ""feat_secs"": 0.000821, ""feat_secs_frame"": 0.000199, ""feat_secs_hsf"": 0.000545}"
qaoa,"qaoa:n=12,p=3,deg=3,nn=1",1,"{""n"": 12.0, ""p"": 3.0, ""deg"": 3.0, ""nn"": 1.0}",frame,ok,5.027775,5.0373,547291136,0.1445911793610732,4194117,0.1445911793610732,0.0,switched_at=None dense_qubits=0 peak_terms=4194117 term_visits=234837449 dense_ops=0,"{""n"": 12, ""gates"": 264, ""g2"": 144, ""g3"": 0, ""depth2"": 90, ""t_count"": 0, ""rotations"": 108, ""d"": 11, ""dense_l"": 17.5237, ""redundant"": 97, ""obs_zero"": false, ""frame_l"": 28.7549, ""chi_bits"": 6, ""mps_l"": 26.6962, ""hsf_k"": 36, ""hsf_na"": 6, ""hsf_nb"": 6, ""hsf_l"": 26.3576, ""sup"": 12, ""chi_bits0"": 6, ""mps_l0"": 26.6962, ""hsf_keff"": 12, ""hsf_l0"": 50.3576, ""sparse_l"": 20.0444, ""sv_l"": 20.0444, ""feat_secs"": 0.001201, ""feat_secs_frame"": 0.000281, ""feat_secs_hsf"": 0.000807}"
qaoa,"qaoa:n=12,p=3,deg=3,nn=1",1,"{""n"": 12.0, ""p"": 3.0, ""deg"": 3.0, ""nn"": 1.0}",dense,ok,0.000412,0.0049,2408448,0.1445911793610737,11,0.1445911793610732,4.996003610813204e-16,switched_at=Some(108) dense_qubits=11 peak_terms=1 term_visits=0 dense_ops=190478,"{""n"": 12, ""gates"": 264, ""g2"": 144, ""g3"": 0, ""depth2"": 90, ""t_count"": 0, ""rotations"": 108, ""d"": 11, ""dense_l"": 17.5237, ""redundant"": 97, ""obs_zero"": false, ""frame_l"": 28.7549, ""chi_bits"": 6, ""mps_l"": 26.6962, ""hsf_k"": 36, ""hsf_na"": 6, ""hsf_nb"": 6, ""hsf_l"": 26.3576, ""sup"": 12, ""chi_bits0"": 6, ""mps_l0"": 26.6962, ""hsf_keff"": 12, ""hsf_l0"": 50.3576, ""sparse_l"": 20.0444, ""sv_l"": 20.0444, ""feat_secs"": 0.001201, ""feat_secs_frame"": 0.000281, ""feat_secs_hsf"": 0.000807}"
qaoa,"qaoa:n=12,p=3,deg=3,nn=1",1,"{""n"": 12.0, ""p"": 3.0, ""deg"": 3.0, ""nn"": 1.0}",auto,ok,0.192379,0.1986,169541632,0.1445911793610706,11,0.1445911793610732,2.609024107869118e-15,switched_at=Some(76) dense_qubits=11 peak_terms=1316994 term_visits=4213751 dense_ops=25288718,"{""n"": 12, ""gates"": 264, ""g2"": 144, ""g3"": 0, ""depth2"": 90, ""t_count"": 0, ""rotations"": 108, ""d"": 11, ""dense_l"": 17.5237, ""redundant"": 97, ""obs_zero"": false, ""frame_l"": 28.7549, ""chi_bits"": 6, ""mps_l"": 26.6962, ""hsf_k"": 36, ""hsf_na"": 6, ""hsf_nb"": 6, ""hsf_l"": 26.3576, ""sup"": 12, ""chi_bits0"": 6, ""mps_l0"": 26.6962, ""hsf_keff"": 12, ""hsf_l0"": 50.3576, ""sparse_l"": 20.0444, ""sv_l"": 20.0444, ""feat_secs"": 0.001201, ""feat_secs_frame"": 0.000281, ""feat_secs_hsf"": 0.000807}"
qaoa,"qaoa:n=16,p=1,deg=2,nn=1",1,"{""n"": 16.0, ""p"": 1.0, ""deg"": 2.0, ""nn"": 1.0}",frame,ok,0.007875,0.0119,8798208,9.180798965558547e-05,49152,9.180798965558547e-05,0.0,switched_at=None dense_qubits=0 peak_terms=49152 term_visits=212987 dense_ops=0,"{""n"": 16, ""gates"": 80, ""g2"": 32, ""g3"": 0, ""depth2"": 30, ""t_count"": 0, ""rotations"": 32, ""d"": 15, ""dense_l"": 19.2479, ""redundant"": 17, ""obs_zero"": false, ""frame_l"": 13.5, ""chi_bits"": 4, ""mps_l"": 15.9327, ""hsf_k"": 4, ""hsf_na"": 8, ""hsf_nb"": 8, ""hsf_l"": 18.3923, ""sup"": 16, ""chi_bits0"": 4, ""mps_l0"": 15.9327, ""hsf_keff"": 2, ""hsf_l0"": 20.3923, ""sparse_l"": 22.3219, ""sv_l"": 22.3219, ""feat_secs"": 0.001518, ""feat_secs_frame"": 0.000137, ""feat_secs_hsf"": 0.001322}"
qaoa,"qaoa:n=16,p=1,deg=2,nn=1",1,"{""n"": 16.0, ""p"": 1.0, ""deg"": 2.0, ""nn"": 1.0}",dense,ok,0.001209,0.0067,3162112,9.180798965558427e-05,15,9.180798965558547e-05,1.1926223897340549e-18,switched_at=Some(32) dense_qubits=15 peak_terms=1 term_visits=0 dense_ops=655358,"{""n"": 16, ""gates"": 80, ""g2"": 32, ""g3"": 0, ""depth2"": 30, ""t_count"": 0, ""rotations"": 32, ""d"": 15, ""dense_l"": 19.2479, ""redundant"": 17, ""obs_zero"": false, ""frame_l"": 13.5, ""chi_bits"": 4, ""mps_l"": 15.9327, ""hsf_k"": 4, ""hsf_na"": 8, ""hsf_nb"": 8, ""hsf_l"": 18.3923, ""sup"": 16, ""chi_bits0"": 4, ""mps_l0"": 15.9327, ""hsf_keff"": 2, ""hsf_l0"": 20.3923, ""sparse_l"": 22.3219, ""sv_l"": 22.3219, ""feat_secs"": 0.001518, ""feat_secs_frame"": 0.000137, ""feat_secs_hsf"": 0.001322}"
qaoa,"qaoa:n=16,p=1,deg=2,nn=1",1,"{""n"": 16.0, ""p"": 1.0, ""deg"": 2.0, ""nn"": 1.0}",auto,ok,0.007952,0.0126,8798208,9.180798965558547e-05,5,9.180798965558547e-05,0.0,switched_at=Some(5) dense_qubits=5 peak_terms=49152 term_visits=212863 dense_ops=446,"{""n"": 16, ""gates"": 80, ""g2"": 32, ""g3"": 0, ""depth2"": 30, ""t_count"": 0, ""rotations"": 32, ""d"": 15, ""dense_l"": 19.2479, ""redundant"": 17, ""obs_zero"": false, ""frame_l"": 13.5, ""chi_bits"": 4, ""mps_l"": 15.9327, ""hsf_k"": 4, ""hsf_na"": 8, ""hsf_nb"": 8, ""hsf_l"": 18.3923, ""sup"": 16, ""chi_bits0"": 4, ""mps_l0"": 15.9327, ""hsf_keff"": 2, ""hsf_l0"": 20.3923, ""sparse_l"": 22.3219, ""sv_l"": 22.3219, ""feat_secs"": 0.001518, ""feat_secs_frame"": 0.000137, ""feat_secs_hsf"": 0.001322}"
qaoa,"qaoa:n=16,p=1,deg=3,nn=1",1,"{""n"": 16.0, ""p"": 1.0, ""deg"": 3.0, ""nn"": 1.0}",frame,ok,0.036325,0.0408,21118976,0.005463186450761433,200704,0.005463186450761433,0.0,switched_at=None dense_qubits=0 peak_terms=200704 term_visits=1193171 dense_ops=0,"{""n"": 16, ""gates"": 128, ""g2"": 64, ""g3"": 0, ""depth2"": 58, ""t_count"": 0, ""rotations"": 48, ""d"": 15, ""dense_l"": 19.585, ""redundant"": 33, ""obs_zero"": false, ""frame_l"": 22.085, ""chi_bits"": 8, ""mps_l"": 29.0831, ""hsf_k"": 12, ""hsf_na"": 8, ""hsf_nb"": 8, ""hsf_l"": 20.585, ""sup"": 16, ""chi_bits0"": 8, ""mps_l0"": 29.0831, ""hsf_keff"": 4, ""hsf_l0"": 28.585, ""sparse_l"": 23.0, ""sv_l"": 23.0, ""feat_secs"": 0.001864, ""feat_secs_frame"": 0.000162, ""feat_secs_hsf"": 0.001636}"
qaoa,"qaoa:n=16,p=1,deg=3,nn=1",1,"{""n"": 16.0, ""p"": 1.0, ""deg"": 3.0, ""nn"": 1.0}",dense,ok,0.001795,0.0077,3309568,0.005463186450761429,15,0.005463186450761433,3.469446951953614e-18,switched_at=Some(48) dense_qubits=15 peak_terms=1 term_visits=0 dense_ops=819214,"{""n"": 16, ""gates"": 128, ""g2"": 64, ""g3"": 0, ""depth2"": 58, ""t_count"": 0, ""rotations"": 48, ""d"": 15, ""dense_l"": 19.585, ""redundant"": 33, ""obs_zero"": false, ""frame_l"": 22.085, ""chi_bits"": 8, ""mps_l"": 29.0831, ""hsf_k"": 12, ""hsf_na"": 8, ""hsf_nb"": 8, ""hsf_l"": 20.585, ""sup"": 16, ""chi_bits0"": 8, ""mps_l0"": 29.0831, ""hsf_keff"": 4, ""hsf_l0"": 28.585, ""sparse_l"": 23.0, ""sv_l"": 23.0, ""feat_secs"": 0.001864, ""feat_secs_frame"": 0.000162, ""feat_secs_hsf"": 0.001636}"
qaoa,"qaoa:n=16,p=1,deg=3,nn=1",1,"{""n"": 16.0, ""p"": 1.0, ""deg"": 3.0, ""nn"": 1.0}",auto,ok,0.036515,0.0417,21151744,0.005463186450761433,5,0.005463186450761433,0.0,switched_at=Some(8) dense_qubits=5 peak_terms=200704 term_visits=1191935 dense_ops=1678,"{""n"": 16, ""gates"": 128, ""g2"": 64, ""g3"": 0, ""depth2"": 58, ""t_count"": 0, ""rotations"": 48, ""d"": 15, ""dense_l"": 19.585, ""redundant"": 33, ""obs_zero"": false, ""frame_l"": 22.085, ""chi_bits"": 8, ""mps_l"": 29.0831, ""hsf_k"": 12, ""hsf_na"": 8, ""hsf_nb"": 8, ""hsf_l"": 20.585, ""sup"": 16, ""chi_bits0"": 8, ""mps_l0"": 29.0831, ""hsf_keff"": 4, ""hsf_l0"": 28.585, ""sparse_l"": 23.0, ""sv_l"": 23.0, ""feat_secs"": 0.001864, ""feat_secs_frame"": 0.000162, ""feat_secs_hsf"": 0.001636}"
qaoa,"qaoa:n=16,p=2,deg=2,nn=1",1,"{""n"": 16.0, ""p"": 2.0, ""deg"": 2.0, ""nn"": 1.0}",frame,toolarge,,1.2649,1262632960,,,0.01433923072832128,,"TooManyTerms { terms: 21490593, limit: 16777216 }","{""n"": 16, ""gates"": 144, ""g2"": 64, ""g3"": 0, ""depth2"": 34, ""t_count"": 0, ""rotations"": 64, ""d"": 15, ""dense_l"": 20.6724, ""redundant"": 49, ""obs_zero"": false, ""frame_l"": 30.5, ""chi_bits"": 8, ""mps_l"": 25.7064, ""hsf_k"": 8, ""hsf_na"": 8, ""hsf_nb"": 8, ""hsf_l"": 20.6439, ""sup"": 16, ""chi_bits0"": 8, ""mps_l0"": 25.7064, ""hsf_keff"": 4, ""hsf_l0"": 24.6439, ""sparse_l"": 23.1699, ""sv_l"": 23.1699, ""feat_secs"": 0.001485, ""feat_secs_frame"": 0.000184, ""feat_secs_hsf"": 0.001227}"
qaoa,"qaoa:n=16,p=2,deg=2,nn=1",1,"{""n"": 16.0, ""p"": 2.0, ""deg"": 2.0, ""nn"": 1.0}",dense,ok,0.004034,0.0096,3948544,0.01433923072832128,15,0.01433923072832128,0.0,switched_at=Some(64) dense_qubits=15 peak_terms=1 term_visits=0 dense_ops=1703934,"{""n"": 16, ""gates"": 144, ""g2"": 64, ""g3"": 0, ""depth2"": 34, ""t_count"": 0, ""rotations"": 64, ""d"": 15, ""dense_l"": 20.6724, ""redundant"": 49, ""obs_zero"": false, ""frame_l"": 30.5, ""chi_bits"": 8, ""mps_l"": 25.7064, ""hsf_k"": 8, ""hsf_na"": 8, ""hsf_nb"": 8, ""hsf_l"": 20.6439, ""sup"": 16, ""chi_bits0"": 8, ""mps_l0"": 25.7064, ""hsf_keff"": 4, ""hsf_l0"": 24.6439, ""sparse_l"": 23.1699, ""sv_l"": 23.1699, ""feat_secs"": 0.001485, ""feat_secs_frame"": 0.000184, ""feat_secs_hsf"": 0.001227}"
qaoa,"qaoa:n=16,p=2,deg=2,nn=1",1,"{""n"": 16.0, ""p"": 2.0, ""deg"": 2.0, ""nn"": 1.0}",auto,timeout,,10.0159,1755791360,,,0.01433923072832128,,timeout,"{""n"": 16, ""gates"": 144, ""g2"": 64, ""g3"": 0, ""depth2"": 34, ""t_count"": 0, ""rotations"": 64, ""d"": 15, ""dense_l"": 20.6724, ""redundant"": 49, ""obs_zero"": false, ""frame_l"": 30.5, ""chi_bits"": 8, ""mps_l"": 25.7064, ""hsf_k"": 8, ""hsf_na"": 8, ""hsf_nb"": 8, ""hsf_l"": 20.6439, ""sup"": 16, ""chi_bits0"": 8, ""mps_l0"": 25.7064, ""hsf_keff"": 4, ""hsf_l0"": 24.6439, ""sparse_l"": 23.1699, ""sv_l"": 23.1699, ""feat_secs"": 0.001485, ""feat_secs_frame"": 0.000184, ""feat_secs_hsf"": 0.001227}"
qaoa,"qaoa:n=16,p=2,deg=3,nn=1",1,"{""n"": 16.0, ""p"": 2.0, ""deg"": 3.0, ""nn"": 1.0}",frame,toolarge,,1.5235,1263468544,,,0.02625858719579655,,"TooManyTerms { terms: 17935136, limit: 16777216 }","{""n"": 16, ""gates"": 240, ""g2"": 128, ""g3"": 0, ""depth2"": 68, ""t_count"": 0, ""rotations"": 96, ""d"": 15, ""dense_l"": 21.1699, ""redundant"": 81, ""obs_zero"": false, ""frame_l"": 36.585, ""chi_bits"": 8, ""mps_l"": 31.6699, ""hsf_k"": 24, ""hsf_na"": 8, ""hsf_nb"": 8, ""hsf_l"": 24.9542, ""sup"": 16, ""chi_bits0"": 8, ""mps_l0"": 31.6699, ""hsf_keff"": 8, ""hsf_l0"": 40.9542, ""sparse_l"": 23.9069, ""sv_l"": 23.9069, ""feat_secs"": 0.002128, ""feat_secs_frame"": 0.000263, ""feat_secs_hsf"": 0.001755}"
qaoa,"qaoa:n=16,p=2,deg=3,nn=1",1,"{""n"": 16.0, ""p"": 2.0, ""deg"": 3.0, ""nn"": 1.0}",dense,ok,0.005966,0.0103,3997696,0.02625858719579201,15,0.02625858719579655,4.538036613155327e-15,switched_at=Some(96) dense_qubits=15 peak_terms=1 term_visits=0 dense_ops=2392078,"{""n"": 16, ""gates"": 240, ""g2"": 128, ""g3"": 0, ""depth2"": 68, ""t_count"": 0, ""rotations"": 96, ""d"": 15, ""dense_l"": 21.1699, ""redundant"": 81, ""obs_zero"": false, ""frame_l"": 36.585, ""chi_bits"": 8, ""mps_l"": 31.6699, ""hsf_k"": 24, ""hsf_na"": 8, ""hsf_nb"": 8, ""hsf_l"": 24.9542, ""sup"": 16, ""chi_bits0"": 8, ""mps_l0"": 31.6699, ""hsf_keff"": 8, ""hsf_l0"": 40.9542, ""sparse_l"": 23.9069, ""sv_l"": 23.9069, ""feat_secs"": 0.002128, ""feat_secs_frame"": 0.000263, ""feat_secs_hsf"": 0.001755}"
qaoa,"qaoa:n=16,p=2,deg=3,nn=1",1,"{""n"": 16.0, ""p"": 2.0, ""deg"": 3.0, ""nn"": 1.0}",auto,ok,3.843921,3.8530,1673936896,0.02625858719579655,15,0.02625858719579655,0.0,switched_at=Some(61) dense_qubits=15 peak_terms=17935136 term_visits=49682783 dense_ops=538083342,"{""n"": 16, ""gates"": 240, ""g2"": 128, ""g3"": 0, ""depth2"": 68, ""t_count"": 0, ""rotations"": 96, ""d"": 15, ""dense_l"": 21.1699, ""redundant"": 81, ""obs_zero"": false, ""frame_l"": 36.585, ""chi_bits"": 8, ""mps_l"": 31.6699, ""hsf_k"": 24, ""hsf_na"": 8, ""hsf_nb"": 8, ""hsf_l"": 24.9542, ""sup"": 16, ""chi_bits0"": 8, ""mps_l0"": 31.6699, ""hsf_keff"": 8, ""hsf_l0"": 40.9542, ""sparse_l"": 23.9069, ""sv_l"": 23.9069, ""feat_secs"": 0.002128, ""feat_secs_frame"": 0.000263, ""feat_secs_hsf"": 0.001755}"
qaoa,"qaoa:n=16,p=3,deg=2,nn=1",1,"{""n"": 16.0, ""p"": 3.0, ""deg"": 2.0, ""nn"": 1.0}",frame,skipped,,,,,,0.03784956967007535,,,"{""n"": 16, ""gates"": 208, ""g2"": 96, ""g3"": 0, ""depth2"": 62, ""t_count"": 0, ""rotations"": 96, ""d"": 15, ""dense_l"": 21.375, ""redundant"": 81, ""obs_zero"": false, ""frame_l"": 36.585, ""chi_bits"": 8, ""mps_l"": 29.5545, ""hsf_k"": 12, ""hsf_na"": 8, ""hsf_nb"": 8, ""hsf_l"": 22.858, ""sup"": 16, ""chi_bits0"": 8, ""mps_l0"": 29.5545, ""hsf_keff"": 6, ""hsf_l0"": 28.858, ""sparse_l"": 23.7004, ""sv_l"": 23.7004, ""feat_secs"": 0.001592, ""feat_secs_frame"": 0.000254, ""feat_secs_hsf"": 0.001239}"
qaoa,"qaoa:n=16,p=3,deg=2,nn=1",1,"{""n"": 16.0, ""p"": 3.0, ""deg"": 2.0, ""nn"": 1.0}",dense,ok,0.006148,0.0124,3932160,0.03784956967007535,15,0.03784956967007535,0.0,switched_at=Some(96) dense_qubits=15 peak_terms=1 term_visits=0 dense_ops=2752510,"{""n"": 16, ""gates"": 208, ""g2"": 96, ""g3"": 0, ""depth2"": 62, ""t_count"": 0, ""rotations"": 96, ""d"": 15, ""dense_l"": 21.375, ""redundant"": 81, ""obs_zero"": false, ""frame_l"": 36.585, ""chi_bits"": 8, ""mps_l"": 29.5545, ""hsf_k"": 12, ""hsf_na"": 8, ""hsf_nb"": 8, ""hsf_l"": 22.858, ""sup"": 16, ""chi_bits0"": 8, ""mps_l0"": 29.5545, ""hsf_keff"": 6, ""hsf_l0"": 28.858, ""sparse_l"": 23.7004, ""sv_l"": 23.7004, ""feat_secs"": 0.001592, ""feat_secs_frame"": 0.000254, ""feat_secs_hsf"": 0.001239}"
qaoa,"qaoa:n=16,p=3,deg=2,nn=1",1,"{""n"": 16.0, ""p"": 3.0, ""deg"": 2.0, ""nn"": 1.0}",auto,skipped,,,,,,0.03784956967007535,,,"{""n"": 16, ""gates"": 208, ""g2"": 96, ""g3"": 0, ""depth2"": 62, ""t_count"": 0, ""rotations"": 96, ""d"": 15, ""dense_l"": 21.375, ""redundant"": 81, ""obs_zero"": false, ""frame_l"": 36.585, ""chi_bits"": 8, ""mps_l"": 29.5545, ""hsf_k"": 12, ""hsf_na"": 8, ""hsf_nb"": 8, ""hsf_l"": 22.858, ""sup"": 16, ""chi_bits0"": 8, ""mps_l0"": 29.5545, ""hsf_keff"": 6, ""hsf_l0"": 28.858, ""sparse_l"": 23.7004, ""sv_l"": 23.7004, ""feat_secs"": 0.001592, ""feat_secs_frame"": 0.000254, ""feat_secs_hsf"": 0.001239}"
qaoa,"qaoa:n=16,p=3,deg=3,nn=1",1,"{""n"": 16.0, ""p"": 3.0, ""deg"": 3.0, ""nn"": 1.0}",frame,skipped,,,,,,0.05554424523699003,,,"{""n"": 16, ""gates"": 352, ""g2"": 192, ""g3"": 0, ""depth2"": 122, ""t_count"": 0, ""rotations"": 144, ""d"": 15, ""dense_l"": 21.9069, ""redundant"": 129, ""obs_zero"": false, ""frame_l"": 37.1699, ""chi_bits"": 8, ""mps_l"": 32.5445, ""hsf_k"": 36, ""hsf_na"": 8, ""hsf_nb"": 8, ""hsf_l"": 29.2479, ""sup"": 16, ""chi_bits0"": 8, ""mps_l0"": 32.5445, ""hsf_keff"": 12, ""hsf_l0"": 53.2479, ""sparse_l"": 24.4594, ""sv_l"": 24.4594, ""feat_secs"": 0.002229, ""feat_secs_frame"": 0.000375, ""feat_secs_hsf"": 0.001706}"
qaoa,"qaoa:n=16,p=3,deg=3,nn=1",1,"{""n"": 16.0, ""p"": 3.0, ""deg"": 3.0, ""nn"": 1.0}",dense,ok,0.00924,0.0145,4046848,0.05554424523698827,15,0.05554424523699003,1.762479051592436e-15,switched_at=Some(144) dense_qubits=15 peak_terms=1 term_visits=0 dense_ops=3964942,"{""n"": 16, ""gates"": 352, ""g2"": 192, ""g3"": 0, ""depth2"": 122, ""t_count"": 0, ""rotations"": 144, ""d"": 15, ""dense_l"": 21.9069, ""redundant"": 129, ""obs_zero"": false, ""frame_l"": 37.1699, ""chi_bits"": 8, ""mps_l"": 32.5445, ""hsf_k"": 36, ""hsf_na"": 8, ""hsf_nb"": 8, ""hsf_l"": 29.2479, ""sup"": 16, ""chi_bits0"": 8, ""mps_l0"": 32.5445, ""hsf_keff"": 12, ""hsf_l0"": 53.2479, ""sparse_l"": 24.4594, ""sv_l"": 24.4594, ""feat_secs"": 0.002229, ""feat_secs_frame"": 0.000375, ""feat_secs_hsf"": 0.001706}"
qaoa,"qaoa:n=16,p=3,deg=3,nn=1",1,"{""n"": 16.0, ""p"": 3.0, ""deg"": 3.0, ""nn"": 1.0}",auto,ok,3.82614,3.8343,1673969664,0.05554424523699003,15,0.05554424523699003,0.0,switched_at=Some(109) dense_qubits=15 peak_terms=17935136 term_visits=49682783 dense_ops=539656206,"{""n"": 16, ""gates"": 352, ""g2"": 192, ""g3"": 0, ""depth2"": 122, ""t_count"": 0, ""rotations"": 144, ""d"": 15, ""dense_l"": 21.9069, ""redundant"": 129, ""obs_zero"": false, ""frame_l"": 37.1699, ""chi_bits"": 8, ""mps_l"": 32.5445, ""hsf_k"": 36, ""hsf_na"": 8, ""hsf_nb"": 8, ""hsf_l"": 29.2479, ""sup"": 16, ""chi_bits0"": 8, ""mps_l0"": 32.5445, ""hsf_keff"": 12, ""hsf_l0"": 53.2479, ""sparse_l"": 24.4594, ""sv_l"": 24.4594, ""feat_secs"": 0.002229, ""feat_secs_frame"": 0.000375, ""feat_secs_hsf"": 0.001706}"
qaoa,"qaoa:n=20,p=1,deg=2,nn=1",1,"{""n"": 20.0, ""p"": 1.0, ""deg"": 2.0, ""nn"": 1.0}",frame,ok,0.107704,0.1144,66060288,7.556889957442102e-06,786432,7.556889957442102e-06,0.0,switched_at=None dense_qubits=0 peak_terms=786432 term_visits=3407867 dense_ops=0,"{""n"": 20, ""gates"": 100, ""g2"": 40, ""g3"": 0, ""depth2"": 38, ""t_count"": 0, ""rotations"": 40, ""d"": 19, ""dense_l"": 23.5236, ""redundant"": 21, ""obs_zero"": false, ""frame_l"": 15.8219, ""chi_bits"": 4, ""mps_l"": 16.4066, ""hsf_k"": 4, ""hsf_na"": 10, ""hsf_nb"": 10, ""hsf_l"": 22.1344, ""sup"": 20, ""chi_bits0"": 4, ""mps_l0"": 16.4066, ""hsf_keff"": 2, ""hsf_l0"": 24.1344, ""sparse_l"": 26.6439, ""sv_l"": 26.6439, ""feat_secs"": 0.002548, ""feat_secs_frame"": 0.000154, ""feat_secs_hsf"": 0.002322}"
qaoa,"qaoa:n=20,p=1,deg=2,nn=1",1,"{""n"": 20.0, ""p"": 1.0, ""deg"": 2.0, ""nn"": 1.0}",dense,ok,0.017953,0.0251,11026432,7.556889957440248e-06,19,7.556889957442102e-06,1.8541551215396634e-18,switched_at=Some(40) dense_qubits=19 peak_terms=1 term_visits=0 dense_ops=12582910,"{""n"": 20, ""gates"": 100, ""g2"": 40, ""g3"": 0, ""depth2"": 38, ""t_count"": 0, ""rotations"": 40, ""d"": 19, ""dense_l"": 23.5236, ""redundant"": 21, ""obs_zero"": false, ""frame_l"": 15.8219, ""chi_bits"": 4, ""mps_l"": 16.4066, ""hsf_k"": 4, ""hsf_na"": 10, ""hsf_nb"": 10, ""hsf_l"": 22.1344, ""sup"": 20, ""chi_bits0"": 4, ""mps_l0"": 16.4066, ""hsf_keff"": 2, ""hsf_l0"": 24.1344, ""sparse_l"": 26.6439, ""sv_l"": 26.6439, ""feat_secs"": 0.002548, ""feat_secs_frame"": 0.000154, ""feat_secs_hsf"": 0.002322}"
qaoa,"qaoa:n=20,p=1,deg=2,nn=1",1,"{""n"": 20.0, ""p"": 1.0, ""deg"": 2.0, ""nn"": 1.0}",auto,ok,0.107007,0.1133,66093056,7.556889957442102e-06,4,7.556889957442102e-06,0.0,switched_at=Some(4) dense_qubits=4 peak_terms=786432 term_visits=3407807 dense_ops=190,"{""n"": 20, ""gates"": 100, ""g2"": 40, ""g3"": 0, ""depth2"": 38, ""t_count"": 0, ""rotations"": 40, ""d"": 19, ""dense_l"": 23.5236, ""redundant"": 21, ""obs_zero"": false, ""frame_l"": 15.8219, ""chi_bits"": 4, ""mps_l"": 16.4066, ""hsf_k"": 4, ""hsf_na"": 10, ""hsf_nb"": 10, ""hsf_l"": 22.1344, ""sup"": 20, ""chi_bits0"": 4, ""mps_l0"": 16.4066, ""hsf_keff"": 2, ""hsf_l0"": 24.1344, ""sparse_l"": 26.6439, ""sv_l"": 26.6439, ""feat_secs"": 0.002548, ""feat_secs_frame"": 0.000154, ""feat_secs_hsf"": 0.002322}"
qaoa,"qaoa:n=20,p=1,deg=3,nn=1",1,"{""n"": 20.0, ""p"": 1.0, ""deg"": 3.0, ""nn"": 1.0}",frame,ok,0.556127,0.5639,232652800,0.001248878795127564,3211264,0.001248878795127564,0.0,switched_at=None dense_qubits=0 peak_terms=3211264 term_visits=19087571 dense_ops=0,"{""n"": 20, ""gates"": 160, ""g2"": 80, ""g3"": 0, ""depth2"": 74, ""t_count"": 0, ""rotations"": 60, ""d"": 19, ""dense_l"": 23.8074, ""redundant"": 41, ""obs_zero"": false, ""frame_l"": 26.4069, ""chi_bits"": 10, ""mps_l"": 32.5517, ""hsf_k"": 12, ""hsf_na"": 10, ""hsf_nb"": 10, ""hsf_l"": 24.2095, ""sup"": 20, ""chi_bits0"": 10, ""mps_l0"": 32.5517, ""hsf_keff"": 4, ""hsf_l0"": 32.2095, ""sparse_l"": 27.3219, ""sv_l"": 27.3219, ""feat_secs"": 0.003585, ""feat_secs_frame"": 0.000205, ""feat_secs_hsf"": 0.003296}"
qaoa,"qaoa:n=20,p=1,deg=3,nn=1",1,"{""n"": 20.0, ""p"": 1.0, ""deg"": 3.0, ""nn"": 1.0}",dense,ok,0.022273,0.0295,12435456,0.001248878795127547,19,0.001248878795127564,1.691355389077387e-17,switched_at=Some(60) dense_qubits=19 peak_terms=1 term_visits=0 dense_ops=15204366,"{""n"": 20, ""gates"": 160, ""g2"": 80, ""g3"": 0, ""depth2"": 74, ""t_count"": 0, ""rotations"": 60, ""d"": 19, ""dense_l"": 23.8074, ""redundant"": 41, ""obs_zero"": false, ""frame_l"": 26.4069, ""chi_bits"": 10, ""mps_l"": 32.5517, ""hsf_k"": 12, ""hsf_na"": 10, ""hsf_nb"": 10, ""hsf_l"": 24.2095, ""sup"": 20, ""chi_bits0"": 10, ""mps_l0"": 32.5517, ""hsf_keff"": 4, ""hsf_l0"": 32.2095, ""sparse_l"": 27.3219, ""sv_l"": 27.3219, ""feat_secs"": 0.003585, ""feat_secs_frame"": 0.000205, ""feat_secs_hsf"": 0.003296}"
qaoa,"qaoa:n=20,p=1,deg=3,nn=1",1,"{""n"": 20.0, ""p"": 1.0, ""deg"": 3.0, ""nn"": 1.0}",auto,ok,0.547861,0.5559,232636416,0.001248878795127564,5,0.001248878795127564,0.0,switched_at=Some(8) dense_qubits=5 peak_terms=3211264 term_visits=19086335 dense_ops=1678,"{""n"": 20, ""gates"": 160, ""g2"": 80, ""g3"": 0, ""depth2"": 74, ""t_count"": 0, ""rotations"": 60, ""d"": 19, ""dense_l"": 23.8074, ""redundant"": 41, ""obs_zero"": false, ""frame_l"": 26.4069, ""chi_bits"": 10, ""mps_l"": 32.5517, ""hsf_k"": 12, ""hsf_na"": 10, ""hsf_nb"": 10, ""hsf_l"": 24.2095, ""sup"": 20, ""chi_bits0"": 10, ""mps_l0"": 32.5517, ""hsf_keff"": 4, ""hsf_l0"": 32.2095, ""sparse_l"": 27.3219, ""sv_l"": 27.3219, ""feat_secs"": 0.003585, ""feat_secs_frame"": 0.000205, ""feat_secs_hsf"": 0.003296}"
qaoa,"qaoa:n=20,p=2,deg=2,nn=1",1,"{""n"": 20.0, ""p"": 2.0, ""deg"": 2.0, ""nn"": 1.0}",frame,skipped,,,,,,0.00355696875955239,,,"{""n"": 20, ""gates"": 180, ""g2"": 80, ""g3"": 0, ""depth2"": 42, ""t_count"": 0, ""rotations"": 80, ""d"": 19, ""dense_l"": 24.9773, ""redundant"": 61, ""obs_zero"": false, ""frame_l"": 36.8219, ""chi_bits"": 8, ""mps_l"": 27.1553, ""hsf_k"": 8, ""hsf_na"": 10, ""hsf_nb"": 10, ""hsf_l"": 24.2336, ""sup"": 20, ""chi_bits0"": 8, ""mps_l0"": 27.1553, ""hsf_keff"": 4, ""hsf_l0"": 28.2336, ""sparse_l"": 27.4919, ""sv_l"": 27.4919, ""feat_secs"": 0.00285, ""feat_secs_frame"": 0.000286, ""feat_secs_hsf"": 0.002478}"
qaoa,"qaoa:n=20,p=2,deg=2,nn=1",1,"{""n"": 20.0, ""p"": 2.0, ""deg"": 2.0, ""nn"": 1.0}",dense,ok,0.06285,0.0673,21561344,0.00355696875955239,19,0.00355696875955239,0.0,switched_at=Some(80) dense_qubits=19 peak_terms=1 term_visits=0 dense_ops=33554430,"{""n"": 20, ""gates"": 180, ""g2"": 80, ""g3"": 0, ""depth2"": 42, ""t_count"": 0, ""rotations"": 80, ""d"": 19, ""dense_l"": 24.9773, ""redundant"": 61, ""obs_zero"": false, ""frame_l"": 36.8219, ""chi_bits"": 8, ""mps_l"": 27.1553, ""hsf_k"": 8, ""hsf_na"": 10, ""hsf_nb"": 10, ""hsf_l"": 24.2336, ""sup"": 20, ""chi_bits0"": 8, ""mps_l0"": 27.1553, ""hsf_keff"": 4, ""hsf_l0"": 28.2336, ""sparse_l"": 27.4919, ""sv_l"": 27.4919, ""feat_secs"": 0.00285, ""feat_secs_frame"": 0.000286, ""feat_secs_hsf"": 0.002478}"
qaoa,"qaoa:n=20,p=2,deg=2,nn=1",1,"{""n"": 20.0, ""p"": 2.0, ""deg"": 2.0, ""nn"": 1.0}",auto,skipped,,,,,,0.00355696875955239,,,"{""n"": 20, ""gates"": 180, ""g2"": 80, ""g3"": 0, ""depth2"": 42, ""t_count"": 0, ""rotations"": 80, ""d"": 19, ""dense_l"": 24.9773, ""redundant"": 61, ""obs_zero"": false, ""frame_l"": 36.8219, ""chi_bits"": 8, ""mps_l"": 27.1553, ""hsf_k"": 8, ""hsf_na"": 10, ""hsf_nb"": 10, ""hsf_l"": 24.2336, ""sup"": 20, ""chi_bits0"": 8, ""mps_l0"": 27.1553, ""hsf_keff"": 4, ""hsf_l0"": 28.2336, ""sparse_l"": 27.4919, ""sv_l"": 27.4919, ""feat_secs"": 0.00285, ""feat_secs_frame"": 0.000286, ""feat_secs_hsf"": 0.002478}"
qaoa,"qaoa:n=20,p=2,deg=3,nn=1",1,"{""n"": 20.0, ""p"": 2.0, ""deg"": 3.0, ""nn"": 1.0}",frame,skipped,,,,,,0.001943194503974096,,,"{""n"": 20, ""gates"": 300, ""g2"": 160, ""g3"": 0, ""depth2"": 84, ""t_count"": 0, ""rotations"": 120, ""d"": 19, ""dense_l"": 25.4594, ""redundant"": 101, ""obs_zero"": false, ""frame_l"": 44.9069, ""chi_bits"": 10, ""mps_l"": 37.456, ""hsf_k"": 24, ""hsf_na"": 10, ""hsf_nb"": 10, ""hsf_l"": 28.3707, ""sup"": 20, ""chi_bits0"": 10, ""mps_l0"": 37.456, ""hsf_keff"": 8, ""hsf_l0"": 44.3707, ""sparse_l"": 28.2288, ""sv_l"": 28.2288, ""feat_secs"": 0.003693, ""feat_secs_frame"": 0.000332, ""feat_secs_hsf"": 0.00322}"
qaoa,"qaoa:n=20,p=2,deg=3,nn=1",1,"{""n"": 20.0, ""p"": 2.0, ""deg"": 3.0, ""nn"": 1.0}",dense,ok,0.088324,0.0942,22970368,0.001943194503974096,19,0.001943194503974096,0.0,switched_at=Some(120) dense_qubits=19 peak_terms=1 term_visits=0 dense_ops=46661646,"{""n"": 20, ""gates"": 300, ""g2"": 160, ""g3"": 0, ""depth2"": 84, ""t_count"": 0, ""rotations"": 120, ""d"": 19, ""dense_l"": 25.4594, ""redundant"": 101, ""obs_zero"": false, ""frame_l"": 44.9069, ""chi_bits"": 10, ""mps_l"": 37.456, ""hsf_k"": 24, ""hsf_na"": 10, ""hsf_nb"": 10, ""hsf_l"": 28.3707, ""sup"": 20, ""chi_bits0"": 10, ""mps_l0"": 37.456, ""hsf_keff"": 8, ""hsf_l0"": 44.3707, ""sparse_l"": 28.2288, ""sv_l"": 28.2288, ""feat_secs"": 0.003693, ""feat_secs_frame"": 0.000332, ""feat_secs_hsf"": 0.00322}"
qaoa,"qaoa:n=20,p=2,deg=3,nn=1",1,"{""n"": 20.0, ""p"": 2.0, ""deg"": 3.0, ""nn"": 1.0}",auto,ok,3.609816,3.6179,1645707264,0.001943194503973832,19,0.001943194503974096,2.641116492174689e-16,switched_at=Some(90) dense_qubits=19 peak_terms=17326080 term_visits=42532863 dense_ops=701497358,"{""n"": 20, ""gates"": 300, ""g2"": 160, ""g3"": 0, ""depth2"": 84, ""t_count"": 0, ""rotations"": 120, ""d"": 19, ""dense_l"": 25.4594, ""redundant"": 101, ""obs_zero"": false, ""frame_l"": 44.9069, ""chi_bits"": 10, ""mps_l"": 37.456, ""hsf_k"": 24, ""hsf_na"": 10, ""hsf_nb"": 10, ""hsf_l"": 28.3707, ""sup"": 20, ""chi_bits0"": 10, ""mps_l0"": 37.456, ""hsf_keff"": 8, ""hsf_l0"": 44.3707, ""sparse_l"": 28.2288, ""sv_l"": 28.2288, ""feat_secs"": 0.003693, ""feat_secs_frame"": 0.000332, ""feat_secs_hsf"": 0.00322}"
qaoa,"qaoa:n=20,p=3,deg=2,nn=1",1,"{""n"": 20.0, ""p"": 3.0, ""deg"": 2.0, ""nn"": 1.0}",frame,skipped,,,,,,0.01404025276722243,,,"{""n"": 20, ""gates"": 260, ""g2"": 120, ""g3"": 0, ""depth2"": 78, ""t_count"": 0, ""rotations"": 120, ""d"": 19, ""dense_l"": 25.6865, ""redundant"": 101, ""obs_zero"": false, ""frame_l"": 44.9069, ""chi_bits"": 10, ""mps_l"": 34.9001, ""hsf_k"": 12, ""hsf_na"": 10, ""hsf_nb"": 10, ""hsf_l"": 26.3264, ""sup"": 20, ""chi_bits0"": 10, ""mps_l0"": 34.9001, ""hsf_keff"": 6, ""hsf_l0"": 32.3264, ""sparse_l"": 28.0224, ""sv_l"": 28.0224, ""feat_secs"": 0.002711, ""feat_secs_frame"": 0.000311, ""feat_secs_hsf"": 0.002287}"
qaoa,"qaoa:n=20,p=3,deg=2,nn=1",1,"{""n"": 20.0, ""p"": 3.0, ""deg"": 2.0, ""nn"": 1.0}",dense,ok,0.109886,0.1159,22986752,0.01404025276722243,19,0.01404025276722243,0.0,switched_at=Some(120) dense_qubits=19 peak_terms=1 term_visits=0 dense_ops=54525950,"{""n"": 20, ""gates"": 260, ""g2"": 120, ""g3"": 0, ""depth2"": 78, ""t_count"": 0, ""rotations"": 120, ""d"": 19, ""dense_l"": 25.6865, ""redundant"": 101, ""obs_zero"": false, ""frame_l"": 44.9069, ""chi_bits"": 10, ""mps_l"": 34.9001, ""hsf_k"": 12, ""hsf_na"": 10, ""hsf_nb"": 10, ""hsf_l"": 26.3264, ""sup"": 20, ""chi_bits0"": 10, ""mps_l0"": 34.9001, ""hsf_keff"": 6, ""hsf_l0"": 32.3264, ""sparse_l"": 28.0224, ""sv_l"": 28.0224, ""feat_secs"": 0.002711, ""feat_secs_frame"": 0.000311, ""feat_secs_hsf"": 0.002287}"
qaoa,"qaoa:n=20,p=3,deg=2,nn=1",1,"{""n"": 20.0, ""p"": 3.0, ""deg"": 2.0, ""nn"": 1.0}",auto,skipped,,,,,,0.01404025276722243,,,"{""n"": 20, ""gates"": 260, ""g2"": 120, ""g3"": 0, ""depth2"": 78, ""t_count"": 0, ""rotations"": 120, ""d"": 19, ""dense_l"": 25.6865, ""redundant"": 101, ""obs_zero"": false, ""frame_l"": 44.9069, ""chi_bits"": 10, ""mps_l"": 34.9001, ""hsf_k"": 12, ""hsf_na"": 10, ""hsf_nb"": 10, ""hsf_l"": 26.3264, ""sup"": 20, ""chi_bits0"": 10, ""mps_l0"": 34.9001, ""hsf_keff"": 6, ""hsf_l0"": 32.3264, ""sparse_l"": 28.0224, ""sv_l"": 28.0224, ""feat_secs"": 0.002711, ""feat_secs_frame"": 0.000311, ""feat_secs_hsf"": 0.002287}"
qaoa,"qaoa:n=20,p=3,deg=3,nn=1",1,"{""n"": 20.0, ""p"": 3.0, ""deg"": 3.0, ""nn"": 1.0}",frame,skipped,,,,,,0.01988116446748332,,,"{""n"": 20, ""gates"": 440, ""g2"": 240, ""g3"": 0, ""depth2"": 154, ""t_count"": 0, ""rotations"": 180, ""d"": 19, ""dense_l"": 26.2095, ""redundant"": 161, ""obs_zero"": false, ""frame_l"": 45.4919, ""chi_bits"": 10, ""mps_l"": 38.4317, ""hsf_k"": 36, ""hsf_na"": 10, ""hsf_nb"": 10, ""hsf_l"": 32.5157, ""sup"": 20, ""chi_bits0"": 10, ""mps_l0"": 38.4317, ""hsf_keff"": 12, ""hsf_l0"": 56.5157, ""sparse_l"": 28.7814, ""sv_l"": 28.7814, ""feat_secs"": 0.003811, ""feat_secs_frame"": 0.000458, ""feat_secs_hsf"": 0.003178}"
qaoa,"qaoa:n=20,p=3,deg=3,nn=1",1,"{""n"": 20.0, ""p"": 3.0, ""deg"": 3.0, ""nn"": 1.0}",dense,ok,0.157586,0.1647,23085056,0.01988116446748332,19,0.01988116446748332,0.0,switched_at=Some(180) dense_qubits=19 peak_terms=1 term_visits=0 dense_ops=78118926,"{""n"": 20, ""gates"": 440, ""g2"": 240, ""g3"": 0, ""depth2"": 154, ""t_count"": 0, ""rotations"": 180, ""d"": 19, ""dense_l"": 26.2095, ""redundant"": 161, ""obs_zero"": false, ""frame_l"": 45.4919, ""chi_bits"": 10, ""mps_l"": 38.4317, ""hsf_k"": 36, ""hsf_na"": 10, ""hsf_nb"": 10, ""hsf_l"": 32.5157, ""sup"": 20, ""chi_bits0"": 10, ""mps_l0"": 38.4317, ""hsf_keff"": 12, ""hsf_l0"": 56.5157, ""sparse_l"": 28.7814, ""sv_l"": 28.7814, ""feat_secs"": 0.003811, ""feat_secs_frame"": 0.000458, ""feat_secs_hsf"": 0.003178}"
qaoa,"qaoa:n=20,p=3,deg=3,nn=1",1,"{""n"": 20.0, ""p"": 3.0, ""deg"": 3.0, ""nn"": 1.0}",auto,ok,3.785274,3.7937,1645690880,0.01988116446748157,19,0.01988116446748332,1.7486012637846216e-15,switched_at=Some(150) dense_qubits=19 peak_terms=17326080 term_visits=42532863 dense_ops=732954638,"{""n"": 20, ""gates"": 440, ""g2"": 240, ""g3"": 0, ""depth2"": 154, ""t_count"": 0, ""rotations"": 180, ""d"": 19, ""dense_l"": 26.2095, ""redundant"": 161, ""obs_zero"": false, ""frame_l"": 45.4919, ""chi_bits"": 10, ""mps_l"": 38.4317, ""hsf_k"": 36, ""hsf_na"": 10, ""hsf_nb"": 10, ""hsf_l"": 32.5157, ""sup"": 20, ""chi_bits0"": 10, ""mps_l0"": 38.4317, ""hsf_keff"": 12, ""hsf_l0"": 56.5157, ""sparse_l"": 28.7814, ""sv_l"": 28.7814, ""feat_secs"": 0.003811, ""feat_secs_frame"": 0.000458, ""feat_secs_hsf"": 0.003178}"
qaoa,"qaoa:n=24,p=1,deg=2,nn=1",1,"{""n"": 24.0, ""p"": 1.0, ""deg"": 2.0, ""nn"": 1.0}",frame,ok,1.66421,1.6744,847233024,6.220219617462236e-07,12582912,6.220219617462237e-07,1.0587911840678754e-22,switched_at=None dense_qubits=0 peak_terms=12582912 term_visits=54525947 dense_ops=0,"{""n"": 24, ""gates"": 120, ""g2"": 48, ""g3"": 0, ""depth2"": 46, ""t_count"": 0, ""rotations"": 48, ""d"": 23, ""dense_l"": 27.7549, ""redundant"": 25, ""obs_zero"": false, ""frame_l"": 18.085, ""chi_bits"": 4, ""mps_l"": 16.7627, ""hsf_k"": 4, ""hsf_na"": 12, ""hsf_nb"": 12, ""hsf_l"": 26.0417, ""sup"": 24, ""chi_bits0"": 4, ""mps_l0"": 16.7627, ""hsf_keff"": 2, ""hsf_l0"": 28.0417, ""sparse_l"": 30.9069, ""sv_l"": 30.9069, ""feat_secs"": 0.004658, ""feat_secs_frame"": 0.000185, ""feat_secs_hsf"": 0.004408}"
qaoa,"qaoa:n=24,p=1,deg=2,nn=1",1,"{""n"": 24.0, ""p"": 1.0, ""deg"": 2.0, ""nn"": 1.0}",dense,ok,0.324165,0.3286,137035776,6.22021961750246e-07,23,6.220219617462237e-07,4.022241829155452e-18,switched_at=Some(48) dense_qubits=23 peak_terms=1 term_visits=0 dense_ops=234881022,"{""n"": 24, ""gates"": 120, ""g2"": 48, ""g3"": 0, ""depth2"": 46, ""t_count"": 0, ""rotations"": 48, ""d"": 23, ""dense_l"": 27.7549, ""redundant"": 25, ""obs_zero"": false, ""frame_l"": 18.085, ""chi_bits"": 4, ""mps_l"": 16.7627, ""hsf_k"": 4, ""hsf_na"": 12, ""hsf_nb"": 12, ""hsf_l"": 26.0417, ""sup"": 24, ""chi_bits0"": 4, ""mps_l0"": 16.7627, ""hsf_keff"": 2, ""hsf_l0"": 28.0417, ""sparse_l"": 30.9069, ""sv_l"": 30.9069, ""feat_secs"": 0.004658, ""feat_secs_frame"": 0.000185, ""feat_secs_hsf"": 0.004408}"
qaoa,"qaoa:n=24,p=1,deg=2,nn=1",1,"{""n"": 24.0, ""p"": 1.0, ""deg"": 2.0, ""nn"": 1.0}",auto,ok,1.657424,1.6663,847216640,6.220219617462237e-07,4,6.220219617462237e-07,0.0,switched_at=Some(4) dense_qubits=4 peak_terms=12582912 term_visits=54525887 dense_ops=190,"{""n"": 24, ""gates"": 120, ""g2"": 48, ""g3"": 0, ""depth2"": 46, ""t_count"": 0, ""rotations"": 48, ""d"": 23, ""dense_l"": 27.7549, ""redundant"": 25, ""obs_zero"": false, ""frame_l"": 18.085, ""chi_bits"": 4, ""mps_l"": 16.7627, ""hsf_k"": 4, ""hsf_na"": 12, ""hsf_nb"": 12, ""hsf_l"": 26.0417, ""sup"": 24, ""chi_bits0"": 4, ""mps_l0"": 16.7627, ""hsf_keff"": 2, ""hsf_l0"": 28.0417, ""sparse_l"": 30.9069, ""sv_l"": 30.9069, ""feat_secs"": 0.004658, ""feat_secs_frame"": 0.000185, ""feat_secs_hsf"": 0.004408}"
qaoa,"qaoa:n=24,p=1,deg=3,nn=1",1,"{""n"": 24.0, ""p"": 1.0, ""deg"": 3.0, ""nn"": 1.0}",frame,toolarge,,1.1811,1216692224,,,0.0002855064068370936,,"TooManyTerms { terms: 18874368, limit: 16777216 }","{""n"": 24, ""gates"": 192, ""g2"": 96, ""g3"": 0, ""depth2"": 90, ""t_count"": 0, ""rotations"": 72, ""d"": 23, ""dense_l"": 28.0, ""redundant"": 49, ""obs_zero"": false, ""frame_l"": 30.6699, ""chi_bits"": 12, ""mps_l"": 36.8771, ""hsf_k"": 12, ""hsf_na"": 12, ""hsf_nb"": 12, ""hsf_l"": 28.0661, ""sup"": 24, ""chi_bits0"": 12, ""mps_l0"": 36.8771, ""hsf_keff"": 4, ""hsf_l0"": 36.0661, ""sparse_l"": 31.585, ""sv_l"": 31.585, ""feat_secs"": 0.005555, ""feat_secs_frame"": 0.000233, ""feat_secs_hsf"": 0.005228}"
qaoa,"qaoa:n=24,p=1,deg=3,nn=1",1,"{""n"": 24.0, ""p"": 1.0, ""deg"": 3.0, ""nn"": 1.0}",dense,ok,0.389208,0.3944,158040064,0.0002855064068366045,23,0.0002855064068370936,4.891378101168353e-16,switched_at=Some(72) dense_qubits=23 peak_terms=1 term_visits=0 dense_ops=276824078,"{""n"": 24, ""gates"": 192, ""g2"": 96, ""g3"": 0, ""depth2"": 90, ""t_count"": 0, ""rotations"": 72, ""d"": 23, ""dense_l"": 28.0, ""redundant"": 49, ""obs_zero"": false, ""frame_l"": 30.6699, ""chi_bits"": 12, ""mps_l"": 36.8771, ""hsf_k"": 12, ""hsf_na"": 12, ""hsf_nb"": 12, ""hsf_l"": 28.0661, ""sup"": 24, ""chi_bits0"": 12, ""mps_l0"": 36.8771, ""hsf_keff"": 4, ""hsf_l0"": 36.0661, ""sparse_l"": 31.585, ""sv_l"": 31.585, ""feat_secs"": 0.005555, ""feat_secs_frame"": 0.000233, ""feat_secs_hsf"": 0.005228}"
qaoa,"qaoa:n=24,p=1,deg=3,nn=1",1,"{""n"": 24.0, ""p"": 1.0, ""deg"": 3.0, ""nn"": 1.0}",auto,ok,3.638459,3.6476,1712783360,0.0002855064068370936,23,0.0002855064068370936,0.0,switched_at=Some(46) dense_qubits=23 peak_terms=18874368 term_visits=37748735 dense_ops=855638030,"{""n"": 24, ""gates"": 192, ""g2"": 96, ""g3"": 0, ""depth2"": 90, ""t_count"": 0, ""rotations"": 72, ""d"": 23, ""dense_l"": 28.0, ""redundant"": 49, ""obs_zero"": false, ""frame_l"": 30.6699, ""chi_bits"": 12, ""mps_l"": 36.8771, ""hsf_k"": 12, ""hsf_na"": 12, ""hsf_nb"": 12, ""hsf_l"": 28.0661, ""sup"": 24, ""chi_bits0"": 12, ""mps_l0"": 36.8771, ""hsf_keff"": 4, ""hsf_l0"": 36.0661, ""sparse_l"": 31.585, ""sv_l"": 31.585, ""feat_secs"": 0.005555, ""feat_secs_frame"": 0.000233, ""feat_secs_hsf"": 0.005228}"
qaoa,"qaoa:n=24,p=2,deg=2,nn=1",1,"{""n"": 24.0, ""p"": 2.0, ""deg"": 2.0, ""nn"": 1.0}",frame,skipped,,,,,,0.0008867821630366455,,,"{""n"": 24, ""gates"": 216, ""g2"": 96, ""g3"": 0, ""depth2"": 50, ""t_count"": 0, ""rotations"": 96, ""d"": 23, ""dense_l"": 29.2288, ""redundant"": 73, ""obs_zero"": false, ""frame_l"": 43.085, ""chi_bits"": 8, ""mps_l"": 27.8635, ""hsf_k"": 8, ""hsf_na"": 12, ""hsf_nb"": 12, ""hsf_l"": 28.0741, ""sup"": 24, ""chi_bits0"": 8, ""mps_l0"": 27.8635, ""hsf_keff"": 4, ""hsf_l0"": 32.0741, ""sparse_l"": 31.7549, ""sv_l"": 31.7549, ""feat_secs"": 0.004343, ""feat_secs_frame"": 0.000282, ""feat_secs_hsf"": 0.003964}"
qaoa,"qaoa:n=24,p=2,deg=2,nn=1",1,"{""n"": 24.0, ""p"": 2.0, ""deg"": 2.0, ""nn"": 1.0}",dense,ok,1.05066,1.0558,304840704,0.0008867821630366455,23,0.0008867821630366455,0.0,switched_at=Some(96) dense_qubits=23 peak_terms=1 term_visits=0 dense_ops=637534206,"{""n"": 24, ""gates"": 216, ""g2"": 96, ""g3"": 0, ""depth2"": 50, ""t_count"": 0, ""rotations"": 96, ""d"": 23, ""dense_l"": 29.2288, ""redundant"": 73, ""obs_zero"": false, ""frame_l"": 43.085, ""chi_bits"": 8, ""mps_l"": 27.8635, ""hsf_k"": 8, ""hsf_na"": 12, ""hsf_nb"": 12, ""hsf_l"": 28.0741, ""sup"": 24, ""chi_bits0"": 8, ""mps_l0"": 27.8635, ""hsf_keff"": 4, ""hsf_l0"": 32.0741, ""sparse_l"": 31.7549, ""sv_l"": 31.7549, ""feat_secs"": 0.004343, ""feat_secs_frame"": 0.000282, ""feat_secs_hsf"": 0.003964}"
qaoa,"qaoa:n=24,p=2,deg=2,nn=1",1,"{""n"": 24.0, ""p"": 2.0, ""deg"": 2.0, ""nn"": 1.0}",auto,skipped,,,,,,0.0008867821630366455,,,"{""n"": 24, ""gates"": 216, ""g2"": 96, ""g3"": 0, ""depth2"": 50, ""t_count"": 0, ""rotations"": 96, ""d"": 23, ""dense_l"": 29.2288, ""redundant"": 73, ""obs_zero"": false, ""frame_l"": 43.085, ""chi_bits"": 8, ""mps_l"": 27.8635, ""hsf_k"": 8, ""hsf_na"": 12, ""hsf_nb"": 12, ""hsf_l"": 28.0741, ""sup"": 24, ""chi_bits0"": 8, ""mps_l0"": 27.8635, ""hsf_keff"": 4, ""hsf_l0"": 32.0741, ""sparse_l"": 31.7549, ""sv_l"": 31.7549, ""feat_secs"": 0.004343, ""feat_secs_frame"": 0.000282, ""feat_secs_hsf"": 0.003964}"
qaoa,"qaoa:n=24,p=2,deg=3,nn=1",1,"{""n"": 24.0, ""p"": 2.0, ""deg"": 3.0, ""nn"": 1.0}",frame,skipped,,,,,,0.000418787407241578,,,"{""n"": 24, ""gates"": 360, ""g2"": 192, ""g3"": 0, ""depth2"": 100, ""t_count"": 0, ""rotations"": 144, ""d"": 23, ""dense_l"": 29.7004, ""redundant"": 121, ""obs_zero"": false, ""frame_l"": 53.1699, ""chi_bits"": 12, ""mps_l"": 43.4225, ""hsf_k"": 24, ""hsf_na"": 12, ""hsf_nb"": 12, ""hsf_l"": 32.1215, ""sup"": 24, ""chi_bits0"": 12, ""mps_l0"": 43.4225, ""hsf_keff"": 8, ""hsf_l0"": 48.1215, ""sparse_l"": 32.4919, ""sv_l"": 32.4919, ""feat_secs"": 0.005804, ""feat_secs_frame"": 0.000398, ""feat_secs_hsf"": 0.005256}"
qaoa,"qaoa:n=24,p=2,deg=3,nn=1",1,"{""n"": 24.0, ""p"": 2.0, ""deg"": 3.0, ""nn"": 1.0}",dense,ok,1.506734,1.5104,304939008,0.0004187874072415267,23,0.000418787407241578,5.1336972867188635e-17,switched_at=Some(144) dense_qubits=23 peak_terms=1 term_visits=0 dense_ops=880803854,"{""n"": 24, ""gates"": 360, ""g2"": 192, ""g3"": 0, ""depth2"": 100, ""t_count"": 0, ""rotations"": 144, ""d"": 23, ""dense_l"": 29.7004, ""redundant"": 121, ""obs_zero"": false, ""frame_l"": 53.1699, ""chi_bits"": 12, ""mps_l"": 43.4225, ""hsf_k"": 24, ""hsf_na"": 12, ""hsf_nb"": 12, ""hsf_l"": 32.1215, ""sup"": 24, ""chi_bits0"": 12, ""mps_l0"": 43.4225, ""hsf_keff"": 8, ""hsf_l0"": 48.1215, ""sparse_l"": 32.4919, ""sv_l"": 32.4919, ""feat_secs"": 0.005804, ""feat_secs_frame"": 0.000398, ""feat_secs_hsf"": 0.005256}"
qaoa,"qaoa:n=24,p=2,deg=3,nn=1",1,"{""n"": 24.0, ""p"": 2.0, ""deg"": 3.0, ""nn"": 1.0}",auto,ok,4.797066,4.8076,1712881664,0.000418787407241578,23,0.000418787407241578,0.0,switched_at=Some(118) dense_qubits=23 peak_terms=18874368 term_visits=37748735 dense_ops=1459617806,"{""n"": 24, ""gates"": 360, ""g2"": 192, ""g3"": 0, ""depth2"": 100, ""t_count"": 0, ""rotations"": 144, ""d"": 23, ""dense_l"": 29.7004, ""redundant"": 121, ""obs_zero"": false, ""frame_l"": 53.1699, ""chi_bits"": 12, ""mps_l"": 43.4225, ""hsf_k"": 24, ""hsf_na"": 12, ""hsf_nb"": 12, ""hsf_l"": 32.1215, ""sup"": 24, ""chi_bits0"": 12, ""mps_l0"": 43.4225, ""hsf_keff"": 8, ""hsf_l0"": 48.1215, ""sparse_l"": 32.4919, ""sv_l"": 32.4919, ""feat_secs"": 0.005804, ""feat_secs_frame"": 0.000398, ""feat_secs_hsf"": 0.005256}"
qaoa,"qaoa:n=24,p=3,deg=2,nn=1",1,"{""n"": 24.0, ""p"": 3.0, ""deg"": 2.0, ""nn"": 1.0}",frame,skipped,,,,,,0.005207552510097474,,,"{""n"": 24, ""gates"": 312, ""g2"": 144, ""g3"": 0, ""depth2"": 94, ""t_count"": 0, ""rotations"": 144, ""d"": 23, ""dense_l"": 29.9425, ""redundant"": 121, ""obs_zero"": false, ""frame_l"": 53.1699, ""chi_bits"": 12, ""mps_l"": 37.7004, ""hsf_k"": 12, ""hsf_na"": 12, ""hsf_nb"": 12, ""hsf_l"": 30.1059, ""sup"": 24, ""chi_bits0"": 12, ""mps_l0"": 37.7004, ""hsf_keff"": 6, ""hsf_l0"": 36.1059, ""sparse_l"": 32.2854, ""sv_l"": 32.2854, ""feat_secs"": 0.004376, ""feat_secs_frame"": 0.000374, ""feat_secs_hsf"": 0.003872}"
qaoa,"qaoa:n=24,p=3,deg=2,nn=1",1,"{""n"": 24.0, ""p"": 3.0, ""deg"": 2.0, ""nn"": 1.0}",dense,ok,1.79202,1.7967,306216960,0.005207552510097474,23,0.005207552510097474,0.0,switched_at=Some(144) dense_qubits=23 peak_terms=1 term_visits=0 dense_ops=1040187390,"{""n"": 24, ""gates"": 312, ""g2"": 144, ""g3"": 0, ""depth2"": 94, ""t_count"": 0, ""rotations"": 144, ""d"": 23, ""dense_l"": 29.9425, ""redundant"": 121, ""obs_zero"": false, ""frame_l"": 53.1699, ""chi_bits"": 12, ""mps_l"": 37.7004, ""hsf_k"": 12, ""hsf_na"": 12, ""hsf_nb"": 12, ""hsf_l"": 30.1059, ""sup"": 24, ""chi_bits0"": 12, ""mps_l0"": 37.7004, ""hsf_keff"": 6, ""hsf_l0"": 36.1059, ""sparse_l"": 32.2854, ""sv_l"": 32.2854, ""feat_secs"": 0.004376, ""feat_secs_frame"": 0.000374, ""feat_secs_hsf"": 0.003872}"
qaoa,"qaoa:n=24,p=3,deg=2,nn=1",1,"{""n"": 24.0, ""p"": 3.0, ""deg"": 2.0, ""nn"": 1.0}",auto,skipped,,,,,,0.005207552510097474,,,"{""n"": 24, ""gates"": 312, ""g2"": 144, ""g3"": 0, ""depth2"": 94, ""t_count"": 0, ""rotations"": 144, ""d"": 23, ""dense_l"": 29.9425, ""redundant"": 121, ""obs_zero"": false, ""frame_l"": 53.1699, ""chi_bits"": 12, ""mps_l"": 37.7004, ""hsf_k"": 12, ""hsf_na"": 12, ""hsf_nb"": 12, ""hsf_l"": 30.1059, ""sup"": 24, ""chi_bits0"": 12, ""mps_l0"": 37.7004, ""hsf_keff"": 6, ""hsf_l0"": 36.1059, ""sparse_l"": 32.2854, ""sv_l"": 32.2854, ""feat_secs"": 0.004376, ""feat_secs_frame"": 0.000374, ""feat_secs_hsf"": 0.003872}"
qaoa,"qaoa:n=24,p=3,deg=3,nn=1",1,"{""n"": 24.0, ""p"": 3.0, ""deg"": 3.0, ""nn"": 1.0}",frame,skipped,,,,,,0.007489846579963244,,,"{""n"": 24, ""gates"": 528, ""g2"": 288, ""g3"": 0, ""depth2"": 186, ""t_count"": 0, ""rotations"": 216, ""d"": 23, ""dense_l"": 30.4594, ""redundant"": 193, ""obs_zero"": false, ""frame_l"": 53.7549, ""chi_bits"": 12, ""mps_l"": 44.4148, ""hsf_k"": 36, ""hsf_na"": 12, ""hsf_nb"": 12, ""hsf_l"": 36.1749, ""sup"": 24, ""chi_bits0"": 12, ""mps_l0"": 44.4148, ""hsf_keff"": 12, ""hsf_l0"": 60.1749, ""sparse_l"": 33.0444, ""sv_l"": 33.0444, ""feat_secs"": 0.006329, ""feat_secs_frame"": 0.000723, ""feat_secs_hsf"": 0.005374}"
qaoa,"qaoa:n=24,p=3,deg=3,nn=1",1,"{""n"": 24.0, ""p"": 3.0, ""deg"": 3.0, ""nn"": 1.0}",dense,ok,2.638435,2.6447,306348032,0.007489846579963244,23,0.007489846579963244,0.0,switched_at=Some(216) dense_qubits=23 peak_terms=1 term_visits=0 dense_ops=1484783630,"{""n"": 24, ""gates"": 528, ""g2"": 288, ""g3"": 0, ""depth2"": 186, ""t_count"": 0, ""rotations"": 216, ""d"": 23, ""dense_l"": 30.4594, ""redundant"": 193, ""obs_zero"": false, ""frame_l"": 53.7549, ""chi_bits"": 12, ""mps_l"": 44.4148, ""hsf_k"": 36, ""hsf_na"": 12, ""hsf_nb"": 12, ""hsf_l"": 36.1749, ""sup"": 24, ""chi_bits0"": 12, ""mps_l0"": 44.4148, ""hsf_keff"": 12, ""hsf_l0"": 60.1749, ""sparse_l"": 33.0444, ""sv_l"": 33.0444, ""feat_secs"": 0.006329, ""feat_secs_frame"": 0.000723, ""feat_secs_hsf"": 0.005374}"
qaoa,"qaoa:n=24,p=3,deg=3,nn=1",1,"{""n"": 24.0, ""p"": 3.0, ""deg"": 3.0, ""nn"": 1.0}",auto,ok,5.887537,5.8968,1712619520,0.007489846579961095,23,0.007489846579963244,2.1484550249972756e-15,switched_at=Some(190) dense_qubits=23 peak_terms=18874368 term_visits=37748735 dense_ops=2063597582,"{""n"": 24, ""gates"": 528, ""g2"": 288, ""g3"": 0, ""depth2"": 186, ""t_count"": 0, ""rotations"": 216, ""d"": 23, ""dense_l"": 30.4594, ""redundant"": 193, ""obs_zero"": false, ""frame_l"": 53.7549, ""chi_bits"": 12, ""mps_l"": 44.4148, ""hsf_k"": 36, ""hsf_na"": 12, ""hsf_nb"": 12, ""hsf_l"": 36.1749, ""sup"": 24, ""chi_bits0"": 12, ""mps_l0"": 44.4148, ""hsf_keff"": 12, ""hsf_l0"": 60.1749, ""sparse_l"": 33.0444, ""sv_l"": 33.0444, ""feat_secs"": 0.006329, ""feat_secs_frame"": 0.000723, ""feat_secs_hsf"": 0.005374}"
