family,spec,seed,params,engine,status,secs,wall,rss,value,size,ref,abs_err,note,features
arith,"arith:bits=6,h=0,reps=2",1,"{""bits"": 6.0, ""h"": 0.0, ""reps"": 2.0}",auto,ok,0.019108,0.0319,2736128,0.9999999999999984,11,0.9999999999999984,0.0,switched_at=Some(88) dense_qubits=11 peak_terms=128 term_visits=193 dense_ops=94514 frame_secs=0.017996 restarted=true,"{""n"": 13, ""gates"": 79, ""g2"": 48, ""g3"": 24, ""depth2"": 62, ""t_count"": 168, ""rotations"": 168, ""d"": 11, ""dense_l"": 17.6178, ""redundant"": 157, ""obs_zero"": false, ""frame_l"": 29.3923, ""chi_bits"": 0, ""mps_l"": 13.7552, ""hsf_k"": 10, ""hsf_na"": 6, ""hsf_nb"": 7, ""hsf_l"": 18.1599, ""sup"": 0, ""chi_bits0"": 6, ""mps_l0"": 26.315, ""hsf_keff"": 4, ""hsf_l0"": 24.1599, ""sparse_l"": 6.3038, ""sv_l"": 19.3038, ""feat_secs"": 0.005868, ""feat_secs_frame"": 0.001846, ""feat_secs_hsf"": 0.003811}"
arith,"arith:bits=6,h=1,reps=1",1,"{""bits"": 6.0, ""h"": 1.0, ""reps"": 1.0}",auto,ok,0.001139,0.0136,2588672,0.4999999999999998,7,0.4999999999999998,0.0,switched_at=Some(34) dense_qubits=7 peak_terms=16 term_visits=191 dense_ops=2110 frame_secs=0.001123 restarted=false,"{""n"": 13, ""gates"": 43, ""g2"": 24, ""g3"": 12, ""depth2"": 31, ""t_count"": 84, ""rotations"": 84, ""d"": 13, ""dense_l"": 16.8289, ""redundant"": 71, ""obs_zero"": false, ""frame_l"": 32.3923, ""chi_bits"": 2, ""mps_l"": 18.689, ""hsf_k"": 5, ""hsf_na"": 6, ""hsf_nb"": 7, ""hsf_l"": 15.7415, ""sup"": 2, ""chi_bits0"": 6, ""mps_l0"": 25.5699, ""hsf_keff"": 2, ""hsf_l0"": 18.7415, ""sparse_l"": 7.4263, ""sv_l"": 18.4263, ""feat_secs"": 0.003067, ""feat_secs_frame"": 0.000574, ""feat_secs_hsf"": 0.0024}"
arith,"arith:bits=6,h=1,reps=4",1,"{""bits"": 6.0, ""h"": 1.0, ""reps"": 4.0}",auto,ok,0.003181,0.0074,3342336,0.4999999999999985,13,0.4999999999999985,0.0,switched_at=Some(144) dense_qubits=13 peak_terms=2048 term_visits=5115 dense_ops=836550 frame_secs=0.001917 restarted=true,"{""n"": 13, ""gates"": 151, ""g2"": 96, ""g3"": 48, ""depth2"": 124, ""t_count"": 336, ""rotations"": 336, ""d"": 13, ""dense_l"": 21.0564, ""redundant"": 323, ""obs_zero"": false, ""frame_l"": 34.3923, ""chi_bits"": 2, ""mps_l"": 20.238, ""hsf_k"": 20, ""hsf_na"": 6, ""hsf_nb"": 7, ""hsf_l"": 22.7482, ""sup"": 2, ""chi_bits0"": 6, ""mps_l0"": 27.5667, ""hsf_keff"": 8, ""hsf_l0"": 34.7482, ""sparse_l"": 9.2384, ""sv_l"": 20.2384, ""feat_secs"": 0.002171, ""feat_secs_frame"": 0.000467, ""feat_secs_hsf"": 0.001586}"
arith,"arith:bits=6,h=2,reps=2",1,"{""bits"": 6.0, ""h"": 2.0, ""reps"": 2.0}",auto,ok,0.001652,0.0076,3112960,4.380176776841438e-17,13,4.380176776841438e-17,0.0,switched_at=Some(88) dense_qubits=13 peak_terms=1024 term_visits=2043 dense_ops=403790 frame_secs=0.001003 restarted=true,"{""n"": 13, ""gates"": 80, ""g2"": 48, ""g3"": 24, ""depth2"": 62, ""t_count"": 168, ""rotations"": 168, ""d"": 13, ""dense_l"": 19.7199, ""redundant"": 155, ""obs_zero"": false, ""frame_l"": 33.3923, ""chi_bits"": 4, ""mps_l"": 23.9909, ""hsf_k"": 10, ""hsf_na"": 6, ""hsf_nb"": 7, ""hsf_l"": 18.1699, ""sup"": 4, ""chi_bits0"": 6, ""mps_l0"": 26.315, ""hsf_keff"": 4, ""hsf_l0"": 24.1699, ""sparse_l"": 10.3219, ""sv_l"": 19.3219, ""feat_secs"": 0.001612, ""feat_secs_frame"": 0.000316, ""feat_secs_hsf"": 0.001229}"
arith,"arith:bits=6,h=4,reps=1",1,"{""bits"": 6.0, ""h"": 4.0, ""reps"": 1.0}",auto,ok,0.000885,0.0077,2768896,-6.238327865613383e-18,13,-6.238327865613383e-18,0.0,switched_at=Some(62) dense_qubits=13 peak_terms=128 term_visits=187 dense_ops=181566 frame_secs=0.000546 restarted=true,"{""n"": 13, ""gates"": 46, ""g2"": 24, ""g3"": 12, ""depth2"": 31, ""t_count"": 84, ""rotations"": 84, ""d"": 13, ""dense_l"": 18.1864, ""redundant"": 71, ""obs_zero"": false, ""frame_l"": 32.3923, ""chi_bits"": 6, ""mps_l"": 25.5699, ""hsf_k"": 5, ""hsf_na"": 6, ""hsf_nb"": 7, ""hsf_l"": 17.7814, ""sup"": 8, ""chi_bits0"": 6, ""mps_l0"": 25.5699, ""hsf_keff"": 4, ""hsf_l0"": 18.7814, ""sparse_l"": 13.5236, ""sv_l"": 18.5236, ""feat_secs"": 0.001195, ""feat_secs_frame"": 0.000166, ""feat_secs_hsf"": 0.000982}"
arith,"arith:bits=6,h=4,reps=4",1,"{""bits"": 6.0, ""h"": 4.0, ""reps"": 4.0}",auto,ok,0.003166,0.0073,3342336,-0.01562499999999999,13,-0.01562499999999999,0.0,switched_at=Some(144) dense_qubits=13 peak_terms=2048 term_visits=6139 dense_ops=915094 frame_secs=0.001644 restarted=true,"{""n"": 13, ""gates"": 154, ""g2"": 96, ""g3"": 48, ""depth2"": 124, ""t_count"": 336, ""rotations"": 336, ""d"": 13, ""dense_l"": 21.172, ""redundant"": 323, ""obs_zero"": false, ""frame_l"": 34.3923, ""chi_bits"": 6, ""mps_l"": 27.5667, ""hsf_k"": 20, ""hsf_na"": 6, ""hsf_nb"": 7, ""hsf_l"": 26.7682, ""sup"": 8, ""chi_bits0"": 6, ""mps_l0"": 27.5667, ""hsf_keff"": 12, ""hsf_l0"": 34.7682, ""sparse_l"": 15.2668, ""sv_l"": 20.2668, ""feat_secs"": 0.001824, ""feat_secs_frame"": 0.000492, ""feat_secs_hsf"": 0.001226}"
arith,"arith:bits=6,h=6,reps=2",1,"{""bits"": 6.0, ""h"": 6.0, ""reps"": 2.0}",auto,ok,0.001995,0.0074,2965504,2.767680155153428e-18,13,2.767680155153428e-18,0.0,switched_at=Some(88) dense_qubits=13 peak_terms=512 term_visits=1275 dense_ops=502414 frame_secs=0.001149 restarted=true,"{""n"": 13, ""gates"": 84, ""g2"": 48, ""g3"": 24, ""depth2"": 62, ""t_count"": 168, ""rotations"": 168, ""d"": 13, ""dense_l"": 20.0732, ""redundant"": 155, ""obs_zero"": false, ""frame_l"": 33.3923, ""chi_bits"": 6, ""mps_l"": 26.315, ""hsf_k"": 10, ""hsf_na"": 6, ""hsf_nb"": 7, ""hsf_l"": 20.2095, ""sup"": 12, ""chi_bits0"": 6, ""mps_l0"": 26.315, ""hsf_keff"": 6, ""hsf_l0"": 24.2095, ""sparse_l"": 18.3923, ""sv_l"": 19.3923, ""feat_secs"": 0.001756, ""feat_secs_frame"": 0.000354, ""feat_secs_hsf"": 0.001325}"
arith,"arith:bits=8,h=0,reps=1",1,"{""bits"": 8.0, ""h"": 0.0, ""reps"": 1.0}",auto,ok,0.001078,0.0067,2621440,-0.9999999999999984,5,-0.9999999999999984,0.0,switched_at=Some(30) dense_qubits=5 peak_terms=4 term_visits=88 dense_ops=402 frame_secs=0.001066 restarted=false,"{""n"": 17, ""gates"": 58, ""g2"": 32, ""g3"": 16, ""depth2"": 41, ""t_count"": 112, ""rotations"": 112, ""d"": 15, ""dense_l"": 18.8129, ""redundant"": 97, ""obs_zero"": false, ""frame_l"": 36.8074, ""chi_bits"": 0, ""mps_l"": 13.6762, ""hsf_k"": 5, ""hsf_na"": 8, ""hsf_nb"": 9, ""hsf_l"": 19.2946, ""sup"": 0, ""chi_bits0"": 8, ""mps_l0"": 31.193, ""hsf_keff"": 2, ""hsf_l0"": 22.2946, ""sparse_l"": 5.858, ""sv_l"": 22.858, ""feat_secs"": 0.003012, ""feat_secs_frame"": 0.000216, ""feat_secs_hsf"": 0.002729}"
arith,"arith:bits=8,h=0,reps=4",1,"{""bits"": 8.0, ""h"": 0.0, ""reps"": 4.0}",auto,ok,0.013754,0.0195,4915200,0.9999999999999984,15,0.9999999999999984,0.0,switched_at=Some(202) dense_qubits=15 peak_terms=8192 term_visits=83969 dense_ops=4654068 frame_secs=0.004019 restarted=true,"{""n"": 17, ""gates"": 202, ""g2"": 128, ""g3"": 64, ""depth2"": 164, ""t_count"": 448, ""rotations"": 448, ""d"": 15, ""dense_l"": 23.4514, ""redundant"": 433, ""obs_zero"": false, ""frame_l"": 38.8074, ""chi_bits"": 0, ""mps_l"": 15.1976, ""hsf_k"": 20, ""hsf_na"": 8, ""hsf_nb"": 9, ""hsf_l"": 25.8392, ""sup"": 0, ""chi_bits0"": 8, ""mps_l0"": 33.4789, ""hsf_keff"": 8, ""hsf_l0"": 37.8392, ""sparse_l"": 7.6582, ""sv_l"": 24.6582, ""feat_secs"": 0.003441, ""feat_secs_frame"": 0.00061, ""feat_secs_hsf"": 0.002699}"
arith,"arith:bits=8,h=1,reps=2",1,"{""bits"": 8.0, ""h"": 1.0, ""reps"": 2.0}",auto,ok,0.023848,0.0293,12255232,-0.4999999999999992,17,-0.4999999999999992,0.0,switched_at=Some(122) dense_qubits=17 peak_terms=32768 term_visits=131067 dense_ops=8131518 frame_secs=0.006261 restarted=true,"{""n"": 17, ""gates"": 106, ""g2"": 64, ""g3"": 32, ""depth2"": 82, ""t_count"": 224, ""rotations"": 224, ""d"": 17, ""dense_l"": 23.9779, ""redundant"": 207, ""obs_zero"": false, ""frame_l"": 41.8074, ""chi_bits"": 2, ""mps_l"": 19.7595, ""hsf_k"": 10, ""hsf_na"": 8, ""hsf_nb"": 9, ""hsf_l"": 21.4998, ""sup"": 2, ""chi_bits0"": 8, ""mps_l0"": 32.1003, ""hsf_keff"": 4, ""hsf_l0"": 27.4998, ""sparse_l"": 8.7279, ""sv_l"": 23.7279, ""feat_secs"": 0.00308, ""feat_secs_frame"": 0.00035, ""feat_secs_hsf"": 0.002652}"
arith,"arith:bits=8,h=2,reps=1",1,"{""bits"": 8.0, ""h"": 2.0, ""reps"": 1.0}",auto,ok,0.001493,0.0065,2719744,-4.163336342344337e-17,8,-4.163336342344337e-17,0.0,switched_at=Some(34) dense_qubits=8 peak_terms=64 term_visits=1147 dense_ops=7230 frame_secs=0.001472 restarted=false,"{""n"": 17, ""gates"": 59, ""g2"": 32, ""g3"": 16, ""depth2"": 41, ""t_count"": 112, ""rotations"": 112, ""d"": 17, ""dense_l"": 21.3997, ""redundant"": 95, ""obs_zero"": false, ""frame_l"": 40.8074, ""chi_bits"": 4, ""mps_l"": 24.2956, ""hsf_k"": 5, ""hsf_na"": 8, ""hsf_nb"": 9, ""hsf_l"": 19.2992, ""sup"": 4, ""chi_bits0"": 8, ""mps_l0"": 31.193, ""hsf_keff"": 2, ""hsf_l0"": 22.2992, ""sparse_l"": 9.8826, ""sv_l"": 22.8826, ""feat_secs"": 0.002395, ""feat_secs_frame"": 0.000197, ""feat_secs_hsf"": 0.002146}"
arith,"arith:bits=8,h=2,reps=4",1,"{""bits"": 8.0, ""h"": 2.0, ""reps"": 4.0}",auto,ok,0.048834,0.0550,13500416,-0.2499999999999997,17,-0.2499999999999997,0.0,switched_at=Some(202) dense_qubits=17 peak_terms=32768 term_visits=498683 dense_ops=19013462 frame_secs=0.013171 restarted=true,"{""n"": 17, ""gates"": 203, ""g2"": 128, ""g3"": 64, ""depth2"": 164, ""t_count"": 448, ""rotations"": 448, ""d"": 17, ""dense_l"": 25.4802, ""redundant"": 431, ""obs_zero"": false, ""frame_l"": 42.8074, ""chi_bits"": 4, ""mps_l"": 26.1036, ""hsf_k"": 20, ""hsf_na"": 8, ""hsf_nb"": 9, ""hsf_l"": 25.8424, ""sup"": 4, ""chi_bits0"": 8, ""mps_l0"": 33.4789, ""hsf_keff"": 8, ""hsf_l0"": 37.8424, ""sparse_l"": 11.6653, ""sv_l"": 24.6653, ""feat_secs"": 0.003406, ""feat_secs_frame"": 0.000628, ""feat_secs_hsf"": 0.002646}"
arith,"arith:bits=8,h=4,reps=2",1,"{""bits"": 8.0, ""h"": 4.0, ""reps"": 2.0}",auto,ok,0.031875,0.0358,14860288,4.163336342344337e-17,17,4.163336342344337e-17,0.0,switched_at=Some(122) dense_qubits=17 peak_terms=32768 term_visits=131067 dense_ops=9344654 frame_secs=0.006853 restarted=true,"{""n"": 17, ""gates"": 108, ""g2"": 64, ""g3"": 32, ""depth2"": 82, ""t_count"": 224, ""rotations"": 224, ""d"": 17, ""dense_l"": 24.2038, ""redundant"": 207, ""obs_zero"": false, ""frame_l"": 41.8074, ""chi_bits"": 8, ""mps_l"": 32.1003, ""hsf_k"": 10, ""hsf_na"": 8, ""hsf_nb"": 9, ""hsf_l"": 21.5078, ""sup"": 8, ""chi_bits0"": 8, ""mps_l0"": 32.1003, ""hsf_keff"": 4, ""hsf_l0"": 27.5078, ""sparse_l"": 14.7549, ""sv_l"": 23.7549, ""feat_secs"": 0.003697, ""feat_secs_frame"": 0.000343, ""feat_secs_hsf"": 0.00327}"
arith,"arith:bits=8,h=6,reps=1",1,"{""bits"": 8.0, ""h"": 6.0, ""reps"": 1.0}",auto,ok,0.01671,0.0237,11124736,2.602085213965211e-18,17,2.602085213965211e-18,0.0,switched_at=Some(84) dense_qubits=17 peak_terms=16384 term_visits=49147 dense_ops=3953982 frame_secs=0.003607 restarted=true,"{""n"": 17, ""gates"": 62, ""g2"": 32, ""g3"": 16, ""depth2"": 41, ""t_count"": 112, ""rotations"": 112, ""d"": 17, ""dense_l"": 22.6558, ""redundant"": 95, ""obs_zero"": false, ""frame_l"": 40.8074, ""chi_bits"": 8, ""mps_l"": 31.193, ""hsf_k"": 5, ""hsf_na"": 8, ""hsf_nb"": 9, ""hsf_l"": 21.3129, ""sup"": 12, ""chi_bits0"": 8, ""mps_l0"": 31.193, ""hsf_keff"": 4, ""hsf_l0"": 22.3129, ""sparse_l"": 17.9542, ""sv_l"": 22.9542, ""feat_secs"": 0.002402, ""feat_secs_frame"": 0.000201, ""feat_secs_hsf"": 0.002144}"
arith,"arith:bits=8,h=6,reps=4",1,"{""bits"": 8.0, ""h"": 6.0, ""reps"": 4.0}",auto,ok,0.063963,0.0693,15007744,0.002929687499999981,17,0.002929687499999981,0.0,switched_at=Some(202) dense_qubits=17 peak_terms=32768 term_visits=586235 dense_ops=20671126 frame_secs=0.014018 restarted=true,"{""n"": 17, ""gates"": 206, ""g2"": 128, ""g3"": 64, ""depth2"": 164, ""t_count"": 448, ""rotations"": 448, ""d"": 17, ""dense_l"": 25.594, ""redundant"": 431, ""obs_zero"": false, ""frame_l"": 42.8074, ""chi_bits"": 8, ""mps_l"": 33.4789, ""hsf_k"": 20, ""hsf_na"": 8, ""hsf_nb"": 9, ""hsf_l"": 29.8517, ""sup"": 12, ""chi_bits0"": 8, ""mps_l0"": 33.4789, ""hsf_keff"": 12, ""hsf_l0"": 37.8517, ""sparse_l"": 19.6865, ""sv_l"": 24.6865, ""feat_secs"": 0.003452, ""feat_secs_frame"": 0.000633, ""feat_secs_hsf"": 0.002684}"
arith,"arith:bits=10,h=0,reps=2",1,"{""bits"": 10.0, ""h"": 0.0, ""reps"": 2.0}",auto,ok,0.099489,0.1066,33488896,0.9999999999999984,19,0.9999999999999984,0.0,switched_at=Some(156) dense_qubits=19 peak_terms=131072 term_visits=1146881 dense_ops=40899570 frame_secs=0.028109 restarted=true,"{""n"": 21, ""gates"": 132, ""g2"": 80, ""g3"": 40, ""depth2"": 102, ""t_count"": 280, ""rotations"": 280, ""d"": 19, ""dense_l"": 26.2669, ""redundant"": 261, ""obs_zero"": false, ""frame_l"": 46.1293, ""chi_bits"": 0, ""mps_l"": 14.5362, ""hsf_k"": 10, ""hsf_na"": 10, ""hsf_nb"": 11, ""hsf_l"": 25.1749, ""sup"": 0, ""chi_bits0"": 10, ""mps_l0"": 37.8784, ""hsf_keff"": 4, ""hsf_l0"": 31.1749, ""sparse_l"": 7.0444, ""sv_l"": 28.0444, ""feat_secs"": 0.006014, ""feat_secs_frame"": 0.000399, ""feat_secs_hsf"": 0.00553}"
arith,"arith:bits=10,h=1,reps=1",1,"{""bits"": 10.0, ""h"": 1.0, ""reps"": 1.0}",auto,ok,0.001618,0.0075,2686976,0.4999999999999998,6,0.4999999999999998,0.0,switched_at=Some(27) dense_qubits=6 peak_terms=16 term_visits=499 dense_ops=1022 frame_secs=0.001604 restarted=false,"{""n"": 21, ""gates"": 73, ""g2"": 40, ""g3"": 20, ""depth2"": 51, ""t_count"": 140, ""rotations"": 140, ""d"": 21, ""dense_l"": 24.8088, ""redundant"": 119, ""obs_zero"": false, ""frame_l"": 49.1293, ""chi_bits"": 2, ""mps_l"": 19.6585, ""hsf_k"": 5, ""hsf_na"": 10, ""hsf_nb"": 11, ""hsf_l"": 23.0993, ""sup"": 2, ""chi_bits0"": 10, ""mps_l0"": 36.7453, ""hsf_keff"": 2, ""hsf_l0"": 26.0993, ""sparse_l"": 8.1898, ""sv_l"": 27.1898, ""feat_secs"": 0.004433, ""feat_secs_frame"": 0.000246, ""feat_secs_hsf"": 0.004119}"
arith,"arith:bits=10,h=1,reps=4",1,"{""bits"": 10.0, ""h"": 1.0, ""reps"": 4.0}",auto,ok,0.906666,0.9134,126451712,0.9999999999999984,21,0.9999999999999984,0.0,switched_at=Some(260) dense_qubits=21 peak_terms=524288 term_visits=12787707 dense_ops=381697990 frame_secs=0.236980 restarted=true,"{""n"": 21, ""gates"": 253, ""g2"": 160, ""g3"": 80, ""depth2"": 204, ""t_count"": 560, ""rotations"": 560, ""d"": 21, ""dense_l"": 29.7616, ""redundant"": 539, ""obs_zero"": false, ""frame_l"": 51.1293, ""chi_bits"": 2, ""mps_l"": 21.2064, ""hsf_k"": 20, ""hsf_na"": 10, ""hsf_nb"": 11, ""hsf_l"": 29.3185, ""sup"": 2, ""chi_bits0"": 10, ""mps_l0"": 39.3971, ""hsf_keff"": 8, ""hsf_l0"": 41.3185, ""sparse_l"": 9.983, ""sv_l"": 28.983, ""feat_secs"": 0.006447, ""feat_secs_frame"": 0.000767, ""feat_secs_hsf"": 0.00553}"
arith,"arith:bits=10,h=2,reps=2",1,"{""bits"": 10.0, ""h"": 2.0, ""reps"": 2.0}",auto,ok,0.400172,0.4067,147226624,-0.2499999999999994,21,-0.2499999999999994,0.0,switched_at=Some(156) dense_qubits=21 peak_terms=524288 term_visits=4587515 dense_ops=169910094 frame_secs=0.109914 restarted=true,"{""n"": 21, ""gates"": 134, ""g2"": 80, ""g3"": 40, ""depth2"": 102, ""t_count"": 280, ""rotations"": 280, ""d"": 21, ""dense_l"": 28.3312, ""redundant"": 259, ""obs_zero"": false, ""frame_l"": 50.1293, ""chi_bits"": 4, ""mps_l"": 25.4807, ""hsf_k"": 10, ""hsf_na"": 10, ""hsf_nb"": 11, ""hsf_l"": 25.1774, ""sup"": 4, ""chi_bits0"": 10, ""mps_l0"": 37.8784, ""hsf_keff"": 4, ""hsf_l0"": 31.1774, ""sparse_l"": 11.0661, ""sv_l"": 28.0661, ""feat_secs"": 0.006157, ""feat_secs_frame"": 0.000436, ""feat_secs_hsf"": 0.005587}"
arith,"arith:bits=10,h=4,reps=1",1,"{""bits"": 10.0, ""h"": 4.0, ""reps"": 1.0}",auto,ok,0.003188,0.0103,3096576,-0.0,0,-0.0,0.0,switched_at=None dense_qubits=0 peak_terms=1024 term_visits=27131 dense_ops=0 frame_secs=0.003180 restarted=false,"{""n"": 21, ""gates"": 75, ""g2"": 40, ""g3"": 20, ""depth2"": 51, ""t_count"": 140, ""rotations"": 140, ""d"": 21, ""dense_l"": 26.1337, ""redundant"": 119, ""obs_zero"": false, ""frame_l"": 49.1293, ""chi_bits"": 8, ""mps_l"": 34.2064, ""hsf_k"": 5, ""hsf_na"": 10, ""hsf_nb"": 11, ""hsf_l"": 23.102, ""sup"": 8, ""chi_bits0"": 10, ""mps_l0"": 36.7453, ""hsf_keff"": 2, ""hsf_l0"": 26.102, ""sparse_l"": 14.2288, ""sv_l"": 27.2288, ""feat_secs"": 0.004346, ""feat_secs_frame"": 0.000251, ""feat_secs_hsf"": 0.00403}"
arith,"arith:bits=10,h=4,reps=4",1,"{""bits"": 10.0, ""h"": 4.0, ""reps"": 4.0}",auto,ok,0.96184,0.9681,149864448,-0.01562499999999984,21,-0.01562499999999984,0.0,switched_at=Some(260) dense_qubits=21 peak_terms=524288 term_visits=13311995 dense_ops=400684694 frame_secs=0.249007 restarted=true,"{""n"": 21, ""gates"": 255, ""g2"": 160, ""g3"": 80, ""depth2"": 204, ""t_count"": 560, ""rotations"": 560, ""d"": 21, ""dense_l"": 29.8301, ""redundant"": 539, ""obs_zero"": false, ""frame_l"": 51.1293, ""chi_bits"": 8, ""mps_l"": 36.9156, ""hsf_k"": 20, ""hsf_na"": 10, ""hsf_nb"": 11, ""hsf_l"": 29.3208, ""sup"": 8, ""chi_bits0"": 10, ""mps_l0"": 39.3971, ""hsf_keff"": 8, ""hsf_l0"": 41.3208, ""sparse_l"": 15.9944, ""sv_l"": 28.9944, ""feat_secs"": 0.006758, ""feat_secs_frame"": 0.000921, ""feat_secs_hsf"": 0.005649}"
arith,"arith:bits=10,h=6,reps=2",1,"{""bits"": 10.0, ""h"": 6.0, ""reps"": 2.0}",auto,ok,0.583901,0.5914,147357696,1.301042606982605e-17,21,1.301042606982605e-17,0.0,switched_at=Some(156) dense_qubits=21 peak_terms=524288 term_visits=5701627 dense_ops=195652238 frame_secs=0.122941 restarted=true,"{""n"": 21, ""gates"": 136, ""g2"": 80, ""g3"": 40, ""depth2"": 102, ""t_count"": 280, ""rotations"": 280, ""d"": 21, ""dense_l"": 28.5654, ""redundant"": 259, ""obs_zero"": false, ""frame_l"": 50.1293, ""chi_bits"": 10, ""mps_l"": 37.8784, ""hsf_k"": 10, ""hsf_na"": 10, ""hsf_nb"": 11, ""hsf_l"": 27.1799, ""sup"": 12, ""chi_bits0"": 10, ""mps_l0"": 37.8784, ""hsf_keff"": 6, ""hsf_l0"": 31.1799, ""sparse_l"": 19.0875, ""sv_l"": 28.0875, ""feat_secs"": 0.006077, ""feat_secs_frame"": 0.000429, ""feat_secs_hsf"": 0.005553}"
arith,"arith:bits=12,h=0,reps=1",1,"{""bits"": 12.0, ""h"": 0.0, ""reps"": 1.0}",auto,ok,0.002362,0.0077,2703360,0.9999999999999984,5,0.9999999999999984,0.0,switched_at=Some(30) dense_qubits=5 peak_terms=4 term_visits=164 dense_ops=402 frame_secs=0.002346 restarted=false,"{""n"": 25, ""gates"": 85, ""g2"": 48, ""g3"": 24, ""depth2"": 61, ""t_count"": 168, ""rotations"": 168, ""d"": 23, ""dense_l"": 26.8077, ""redundant"": 145, ""obs_zero"": false, ""frame_l"": 53.3923, ""chi_bits"": 0, ""mps_l"": 14.2999, ""hsf_k"": 5, ""hsf_na"": 12, ""hsf_nb"": 13, ""hsf_l"": 27.0296, ""sup"": 0, ""chi_bits0"": 12, ""mps_l0"": 42.0962, ""hsf_keff"": 2, ""hsf_l0"": 30.0296, ""sparse_l"": 6.4094, ""sv_l"": 31.4094, ""feat_secs"": 0.008095, ""feat_secs_frame"": 0.000283, ""feat_secs_hsf"": 0.00774}"
arith,"arith:bits=12,h=0,reps=4",1,"{""bits"": 12.0, ""h"": 0.0, ""reps"": 4.0}",auto,ok,3.678141,3.6868,398917632,0.9999999999999984,23,0.9999999999999984,0.0,switched_at=Some(318) dense_qubits=23 peak_terms=2097152 term_visits=64778241 dense_ops=1862287348 frame_secs=1.141665 restarted=true,"{""n"": 25, ""gates"": 301, ""g2"": 192, ""g3"": 96, ""depth2"": 244, ""t_count"": 672, ""rotations"": 672, ""d"": 23, ""dense_l"": 32.0168, ""redundant"": 649, ""obs_zero"": false, ""frame_l"": 55.3923, ""chi_bits"": 0, ""mps_l"": 15.8097, ""hsf_k"": 20, ""hsf_na"": 12, ""hsf_nb"": 13, ""hsf_l"": 33.1023, ""sup"": 0, ""chi_bits0"": 12, ""mps_l0"": 45.3113, ""hsf_keff"": 8, ""hsf_l0"": 45.1023, ""sparse_l"": 8.2336, ""sv_l"": 33.2336, ""feat_secs"": 0.011231, ""feat_secs_frame"": 0.000941, ""feat_secs_hsf"": 0.010078}"
arith,"arith:bits=12,h=1,reps=2",1,"{""bits"": 12.0, ""h"": 1.0, ""reps"": 2.0}",auto,ok,6.919953,6.9310,1369931776,0.0,25,0.0,0.0,switched_at=Some(190) dense_qubits=25 peak_terms=8388608 term_visits=95420411 dense_ops=3154198462 frame_secs=1.935508 restarted=true,"{""n"": 25, ""gates"": 159, ""g2"": 96, ""g3"": 48, ""depth2"": 122, ""t_count"": 336, ""rotations"": 336, ""d"": 25, ""dense_l"": 32.5078, ""redundant"": 311, ""obs_zero"": false, ""frame_l"": 58.3923, ""chi_bits"": 2, ""mps_l"": 20.4793, ""hsf_k"": 10, ""hsf_na"": 12, ""hsf_nb"": 13, ""hsf_l"": 29.0549, ""sup"": 2, ""chi_bits0"": 12, ""mps_l0"": 43.6178, ""hsf_keff"": 4, ""hsf_l0"": 35.0549, ""sparse_l"": 9.3129, ""sv_l"": 32.3129, ""feat_secs"": 0.010796, ""feat_secs_frame"": 0.000511, ""feat_secs_hsf"": 0.010169}"
arith,"arith:bits=12,h=2,reps=1",1,"{""bits"": 12.0, ""h"": 2.0, ""reps"": 1.0}",auto,ok,0.002148,0.0080,2834432,1.387778780781446e-17,8,1.387778780781446e-17,0.0,switched_at=Some(34) dense_qubits=8 peak_terms=64 term_visits=2363 dense_ops=7230 frame_secs=0.002121 restarted=false,"{""n"": 25, ""gates"": 88, ""g2"": 48, ""g3"": 24, ""depth2"": 61, ""t_count"": 168, ""rotations"": 168, ""d"": 25, ""dense_l"": 29.3928, ""redundant"": 143, ""obs_zero"": false, ""frame_l"": 57.3923, ""chi_bits"": 4, ""mps_l"": 25.2579, ""hsf_k"": 5, ""hsf_na"": 12, ""hsf_nb"": 13, ""hsf_l"": 27.0307, ""sup"": 4, ""chi_bits0"": 12, ""mps_l0"": 42.0962, ""hsf_keff"": 2, ""hsf_l0"": 30.0307, ""sparse_l"": 10.4594, ""sv_l"": 31.4594, ""feat_secs"": 0.008088, ""feat_secs_frame"": 0.000293, ""feat_secs_hsf"": 0.007726}"
arith,"arith:bits=12,h=2,reps=4",1,"{""bits"": 12.0, ""h"": 2.0, ""reps"": 4.0}",auto,timeout,,10.0212,1705394176,,,,,timeout,"{""n"": 25, ""gates"": 304, ""g2"": 192, ""g3"": 96, ""depth2"": 244, ""t_count"": 672, ""rotations"": 672, ""d"": 25, ""dense_l"": 34.0362, ""redundant"": 647, ""obs_zero"": false, ""frame_l"": 59.3923, ""chi_bits"": 4, ""mps_l"": 27.0691, ""hsf_k"": 20, ""hsf_na"": 12, ""hsf_nb"": 13, ""hsf_l"": 33.1033, ""sup"": 4, ""chi_bits0"": 12, ""mps_l0"": 45.3113, ""hsf_keff"": 8, ""hsf_l0"": 45.1033, ""sparse_l"": 12.2479, ""sv_l"": 33.2479, ""feat_secs"": 0.011165, ""feat_secs_frame"": 0.000959, ""feat_secs_hsf"": 0.010004}"
arith,"arith:bits=12,h=4,reps=2",1,"{""bits"": 12.0, ""h"": 4.0, ""reps"": 2.0}",auto,ok,9.384675,9.4029,1704787968,-0.06249999999999984,25,-0.06249999999999984,0.0,switched_at=Some(190) dense_qubits=25 peak_terms=8388608 term_visits=109576187 dense_ops=3456759438 frame_secs=2.233491 restarted=true,"{""n"": 25, ""gates"": 162, ""g2"": 96, ""g3"": 48, ""depth2"": 122, ""t_count"": 336, ""rotations"": 336, ""d"": 25, ""dense_l"": 32.6655, ""redundant"": 311, ""obs_zero"": false, ""frame_l"": 58.3923, ""chi_bits"": 8, ""mps_l"": 36.265, ""hsf_k"": 10, ""hsf_na"": 12, ""hsf_nb"": 13, ""hsf_l"": 29.056, ""sup"": 8, ""chi_bits0"": 12, ""mps_l0"": 43.6178, ""hsf_keff"": 4, ""hsf_l0"": 35.056, ""sparse_l"": 15.3399, ""sv_l"": 32.3399, ""feat_secs"": 0.010519, ""feat_secs_frame"": 0.0005, ""feat_secs_hsf"": 0.009905}"
arith,"arith:bits=12,h=6,reps=1",1,"{""bits"": 12.0, ""h"": 6.0, ""reps"": 1.0}",auto,ok,0.013327,0.0190,5881856,-0.0,0,-0.0,0.0,switched_at=None dense_qubits=0 peak_terms=16384 term_visits=434171 dense_ops=0 frame_secs=0.013319 restarted=false,"{""n"": 25, ""gates"": 91, ""g2"": 48, ""g3"": 24, ""depth2"": 61, ""t_count"": 168, ""rotations"": 168, ""d"": 25, ""dense_l"": 30.6179, ""redundant"": 143, ""obs_zero"": false, ""frame_l"": 57.3923, ""chi_bits"": 12, ""mps_l"": 42.0962, ""hsf_k"": 5, ""hsf_na"": 12, ""hsf_nb"": 13, ""hsf_l"": 29.0317, ""sup"": 12, ""chi_bits0"": 12, ""mps_l0"": 42.0962, ""hsf_keff"": 4, ""hsf_l0"": 30.0317, ""sparse_l"": 18.5078, ""sv_l"": 31.5078, ""feat_secs"": 0.008512, ""feat_secs_frame"": 0.000278, ""feat_secs_hsf"": 0.008161}"
arith,"arith:bits=12,h=6,reps=4",1,"{""bits"": 12.0, ""h"": 6.0, ""reps"": 4.0}",auto,skipped,,,,,,,,,"{""n"": 25, ""gates"": 307, ""g2"": 192, ""g3"": 96, ""depth2"": 244, ""t_count"": 672, ""rotations"": 672, ""d"": 25, ""dense_l"": 34.1114, ""redundant"": 647, ""obs_zero"": false, ""frame_l"": 59.3923, ""chi_bits"": 12, ""mps_l"": 45.3113, ""hsf_k"": 20, ""hsf_na"": 12, ""hsf_nb"": 13, ""hsf_l"": 33.1043, ""sup"": 12, ""chi_bits0"": 12, ""mps_l0"": 45.3113, ""hsf_keff"": 8, ""hsf_l0"": 45.1043, ""sparse_l"": 20.2621, ""sv_l"": 33.2621, ""feat_secs"": 0.011068, ""feat_secs_frame"": 0.000922, ""feat_secs_hsf"": 0.009947}"
brick,"brick:n=12,D=2,nn=1",1,"{""n"": 12.0, ""D"": 2.0, ""nn"": 1.0}",auto,ok,0.00114,0.0074,2752512,-0.004470431060879949,12,-0.004470431060879949,0.0,switched_at=Some(84) dense_qubits=12 peak_terms=128 term_visits=382 dense_ops=221179 frame_secs=0.000821 restarted=true,"{""n"": 12, ""gates"": 47, ""g2"": 11, ""g3"": 0, ""depth2"": 2, ""t_count"": 0, ""rotations"": 108, ""d"": 12, ""dense_l"": 18.2668, ""redundant"": 96, ""obs_zero"": false, ""frame_l"": 30.7549, ""chi_bits"": 1, ""mps_l"": 7.6147, ""hsf_k"": 1, ""hsf_na"": 6, ""hsf_nb"": 6, ""hsf_l"": 13.7944, ""sup"": 12, ""chi_bits0"": 1, ""mps_l0"": 7.6147, ""hsf_keff"": 1, ""hsf_l0"": 13.7944, ""sparse_l"": 17.5546, ""sv_l"": 17.5546, ""feat_secs"": 0.000756, ""feat_secs_frame"": 0.000156, ""feat_secs_hsf"": 0.000565}"
brick,"brick:n=12,D=4,nn=1",1,"{""n"": 12.0, ""D"": 4.0, ""nn"": 1.0}",auto,ok,0.001286,0.0076,3031040,-0.01670877688668041,12,-0.01670877688668041,0.0,switched_at=Some(132) dense_qubits=12 peak_terms=1024 term_visits=2046 dense_ops=417787 frame_secs=0.000730 restarted=true,"{""n"": 12, ""gates"": 82, ""g2"": 22, ""g3"": 0, ""depth2"": 4, ""t_count"": 0, ""rotations"": 180, ""d"": 12, ""dense_l"": 19.2192, ""redundant"": 168, ""obs_zero"": false, ""frame_l"": 31.4919, ""chi_bits"": 2, ""mps_l"": 10.1033, ""hsf_k"": 2, ""hsf_na"": 6, ""hsf_nb"": 6, ""hsf_l"": 15.1898, ""sup"": 12, ""chi_bits0"": 2, ""mps_l0"": 10.1033, ""hsf_keff"": 2, ""hsf_l0"": 15.1898, ""sparse_l"": 18.3576, ""sv_l"": 18.3576, ""feat_secs"": 0.000882, ""feat_secs_frame"": 0.000242, ""feat_secs_hsf"": 0.000591}"
brick,"brick:n=12,D=8,nn=1",1,"{""n"": 12.0, ""D"": 8.0, ""nn"": 1.0}",auto,ok,0.002215,0.0077,3719168,-0.01605576551847951,12,-0.01605576551847951,0.0,switched_at=Some(228) dense_qubits=12 peak_terms=6144 term_visits=12286 dense_ops=811003 frame_secs=0.001163 restarted=true,"{""n"": 12, ""gates"": 152, ""g2"": 44, ""g3"": 0, ""depth2"": 8, ""t_count"": 0, ""rotations"": 324, ""d"": 12, ""dense_l"": 20.1948, ""redundant"": 312, ""obs_zero"": false, ""frame_l"": 32.3399, ""chi_bits"": 4, ""mps_l"": 14.9014, ""hsf_k"": 4, ""hsf_na"": 6, ""hsf_nb"": 6, ""hsf_l"": 17.7549, ""sup"": 12, ""chi_bits0"": 4, ""mps_l0"": 14.9014, ""hsf_keff"": 4, ""hsf_l0"": 17.7549, ""sparse_l"": 19.2479, ""sv_l"": 19.2479, ""feat_secs"": 0.001066, ""feat_secs_frame"": 0.000373, ""feat_secs_hsf"": 0.000598}"
brick,"brick:n=12,D=16,nn=1",1,"{""n"": 12.0, ""D"": 16.0, ""nn"": 1.0}",auto,ok,0.004659,0.0112,3883008,0.0167414666456217,12,0.0167414666456217,0.0,switched_at=Some(420) dense_qubits=12 peak_terms=6144 term_visits=18430 dense_ops=1597435 frame_secs=0.002180 restarted=true,"{""n"": 12, ""gates"": 292, ""g2"": 88, ""g3"": 0, ""depth2"": 16, ""t_count"": 0, ""rotations"": 612, ""d"": 12, ""dense_l"": 21.1824, ""redundant"": 600, ""obs_zero"": false, ""frame_l"": 33.2574, ""chi_bits"": 6, ""mps_l"": 20.2165, ""hsf_k"": 8, ""hsf_na"": 6, ""hsf_nb"": 6, ""hsf_l"": 22.4757, ""sup"": 12, ""chi_bits0"": 6, ""mps_l0"": 20.2165, ""hsf_keff"": 8, ""hsf_l0"": 22.4757, ""sparse_l"": 20.1898, ""sv_l"": 20.1898, ""feat_secs"": 0.001511, ""feat_secs_frame"": 0.000717, ""feat_secs_hsf"": 0.000661}"
brick,"brick:n=16,D=2,nn=1",1,"{""n"": 16.0, ""D"": 2.0, ""nn"": 1.0}",auto,ok,0.017785,0.0239,15712256,0.001018132369881996,16,0.001018132369881996,0.0,switched_at=Some(112) dense_qubits=16 peak_terms=65536 term_visits=131070 dense_ops=4587515 frame_secs=0.005843 restarted=true,"{""n"": 16, ""gates"": 63, ""g2"": 15, ""g3"": 0, ""depth2"": 2, ""t_count"": 0, ""rotations"": 144, ""d"": 16, ""dense_l"": 22.6582, ""redundant"": 128, ""obs_zero"": false, ""frame_l"": 39.1699, ""chi_bits"": 1, ""mps_l"": 8.0444, ""hsf_k"": 1, ""hsf_na"": 8, ""hsf_nb"": 8, ""hsf_l"": 17.3174, ""sup"": 16, ""chi_bits0"": 1, ""mps_l0"": 8.0444, ""hsf_keff"": 1, ""hsf_l0"": 17.3174, ""sparse_l"": 21.9773, ""sv_l"": 21.9773, ""feat_secs"": 0.00198, ""feat_secs_frame"": 0.000193, ""feat_secs_hsf"": 0.001743}"
brick,"brick:n=16,D=4,nn=1",1,"{""n"": 16.0, ""D"": 4.0, ""nn"": 1.0}",auto,ok,0.030201,0.0374,16465920,-0.001155932712105672,16,-0.001155932712105672,0.0,switched_at=Some(176) dense_qubits=16 peak_terms=98304 term_visits=196606 dense_ops=8781819 frame_secs=0.007080 restarted=true,"{""n"": 16, ""gates"": 110, ""g2"": 30, ""g3"": 0, ""depth2"": 4, ""t_count"": 0, ""rotations"": 240, ""d"": 16, ""dense_l"": 23.6221, ""redundant"": 224, ""obs_zero"": false, ""frame_l"": 39.9069, ""chi_bits"": 2, ""mps_l"": 10.5999, ""hsf_k"": 2, ""hsf_na"": 8, ""hsf_nb"": 8, ""hsf_l"": 18.5157, ""sup"": 16, ""chi_bits0"": 2, ""mps_l0"": 10.5999, ""hsf_keff"": 2, ""hsf_l0"": 18.5157, ""sparse_l"": 22.7814, ""sv_l"": 22.7814, ""feat_secs"": 0.001848, ""feat_secs_frame"": 0.000285, ""feat_secs_hsf"": 0.001502}"
brick,"brick:n=16,D=8,nn=1",1,"{""n"": 16.0, ""D"": 8.0, ""nn"": 1.0}",auto,ok,0.060006,0.0660,23904256,0.001757095027940149,16,0.001757095027940149,0.0,switched_at=Some(304) dense_qubits=16 peak_terms=147456 term_visits=393214 dense_ops=17170427 frame_secs=0.013148 restarted=true,"{""n"": 16, ""gates"": 204, ""g2"": 60, ""g3"": 0, ""depth2"": 8, ""t_count"": 0, ""rotations"": 432, ""d"": 16, ""dense_l"": 24.6036, ""redundant"": 416, ""obs_zero"": false, ""frame_l"": 40.7549, ""chi_bits"": 4, ""mps_l"": 15.6676, ""hsf_k"": 4, ""hsf_na"": 8, ""hsf_nb"": 8, ""hsf_l"": 20.8455, ""sup"": 16, ""chi_bits0"": 4, ""mps_l0"": 15.6676, ""hsf_keff"": 4, ""hsf_l0"": 20.8455, ""sparse_l"": 23.6724, ""sv_l"": 23.6724, ""feat_secs"": 0.002057, ""feat_secs_frame"": 0.000477, ""feat_secs_hsf"": 0.001485}"
brick,"brick:n=16,D=16,nn=1",1,"{""n"": 16.0, ""D"": 16.0, ""nn"": 1.0}",auto,ok,0.11577,0.1216,36044800,0.001147588366949411,16,0.001147588366949411,0.0,switched_at=Some(560) dense_qubits=16 peak_terms=319488 term_visits=761854 dense_ops=33947643 frame_secs=0.025780 restarted=true,"{""n"": 16, ""gates"": 392, ""g2"": 120, ""g3"": 0, ""depth2"": 16, ""t_count"": 0, ""rotations"": 816, ""d"": 16, ""dense_l"": 25.5943, ""redundant"": 800, ""obs_zero"": false, ""frame_l"": 41.6724, ""chi_bits"": 8, ""mps_l"": 24.8674, ""hsf_k"": 8, ""hsf_na"": 8, ""hsf_nb"": 8, ""hsf_l"": 25.3399, ""sup"": 16, ""chi_bits0"": 8, ""mps_l0"": 24.8674, ""hsf_keff"": 8, ""hsf_l0"": 25.3399, ""sparse_l"": 24.6147, ""sv_l"": 24.6147, ""feat_secs"": 0.002706, ""feat_secs_frame"": 0.000926, ""feat_secs_hsf"": 0.001599}"
brick,"brick:n=20,D=2,nn=1",1,"{""n"": 20.0, ""D"": 2.0, ""nn"": 1.0}",auto,ok,0.257753,0.2649,154288128,-1.877793617991198e-06,20,-1.877793617991198e-06,0.0,switched_at=Some(140) dense_qubits=20 peak_terms=1048576 term_visits=2097150 dense_ops=90177531 frame_secs=0.063445 restarted=true,"{""n"": 20, ""gates"": 79, ""g2"": 19, ""g3"": 0, ""depth2"": 2, ""t_count"": 0, ""rotations"": 180, ""d"": 20, ""dense_l"": 26.9658, ""redundant"": 160, ""obs_zero"": false, ""frame_l"": 47.4919, ""chi_bits"": 1, ""mps_l"": 8.375, ""hsf_k"": 1, ""hsf_na"": 10, ""hsf_nb"": 10, ""hsf_l"": 21.1072, ""sup"": 20, ""chi_bits0"": 1, ""mps_l0"": 8.375, ""hsf_keff"": 1, ""hsf_l0"": 21.1072, ""sparse_l"": 26.3038, ""sv_l"": 26.3038, ""feat_secs"": 0.002993, ""feat_secs_frame"": 0.000324, ""feat_secs_hsf"": 0.002618}"
brick,"brick:n=20,D=4,nn=1",1,"{""n"": 20.0, ""D"": 4.0, ""nn"": 1.0}",auto,ok,0.495365,0.5026,199229440,-0.0004771397532092345,20,-0.0004771397532092345,0.0,switched_at=Some(220) dense_qubits=20 peak_terms=1572864 term_visits=4718590 dense_ops=174063611 frame_secs=0.116544 restarted=true,"{""n"": 20, ""gates"": 138, ""g2"": 38, ""g3"": 0, ""depth2"": 4, ""t_count"": 0, ""rotations"": 300, ""d"": 20, ""dense_l"": 27.9366, ""redundant"": 280, ""obs_zero"": false, ""frame_l"": 48.2288, ""chi_bits"": 2, ""mps_l"": 10.9687, ""hsf_k"": 2, ""hsf_na"": 10, ""hsf_nb"": 10, ""hsf_l"": 22.1824, ""sup"": 20, ""chi_bits0"": 2, ""mps_l0"": 10.9687, ""hsf_keff"": 2, ""hsf_l0"": 22.1824, ""sparse_l"": 27.1085, ""sv_l"": 27.1085, ""feat_secs"": 0.003069, ""feat_secs_frame"": 0.000358, ""feat_secs_hsf"": 0.002642}"
brick,"brick:n=20,D=8,nn=1",1,"{""n"": 20.0, ""D"": 8.0, ""nn"": 1.0}",auto,ok,0.947463,0.9567,335970304,0.0001661859618688487,20,0.0001661859618688487,0.0,switched_at=Some(380) dense_qubits=20 peak_terms=3538944 term_visits=8650750 dense_ops=341835771 frame_secs=0.228008 restarted=true,"{""n"": 20, ""gates"": 256, ""g2"": 76, ""g3"": 0, ""depth2"": 8, ""t_count"": 0, ""rotations"": 540, ""d"": 20, ""dense_l"": 28.9218, ""redundant"": 520, ""obs_zero"": false, ""frame_l"": 49.0768, ""chi_bits"": 4, ""mps_l"": 16.1653, ""hsf_k"": 4, ""hsf_na"": 10, ""hsf_nb"": 10, ""hsf_l"": 24.3219, ""sup"": 20, ""chi_bits0"": 4, ""mps_l0"": 16.1653, ""hsf_keff"": 4, ""hsf_l0"": 24.3219, ""sparse_l"": 28.0, ""sv_l"": 28.0, ""feat_secs"": 0.003818, ""feat_secs_frame"": 0.000841, ""feat_secs_hsf"": 0.002839}"
brick,"brick:n=20,D=16,nn=1",1,"{""n"": 20.0, ""D"": 16.0, ""nn"": 1.0}",auto,ok,1.928118,1.9384,666632192,0.000422930265822652,20,0.000422930265822652,0.0,switched_at=Some(700) dense_qubits=20 peak_terms=5898240 term_visits=17301502 dense_ops=677380091 frame_secs=0.471821 restarted=true,"{""n"": 20, ""gates"": 492, ""g2"": 152, ""g3"": 0, ""depth2"": 16, ""t_count"": 0, ""rotations"": 1020, ""d"": 20, ""dense_l"": 29.9144, ""redundant"": 1000, ""obs_zero"": false, ""frame_l"": 49.9944, ""chi_bits"": 8, ""mps_l"": 26.6865, ""hsf_k"": 8, ""hsf_na"": 10, ""hsf_nb"": 10, ""hsf_l"": 28.5661, ""sup"": 20, ""chi_bits0"": 8, ""mps_l0"": 26.6865, ""hsf_keff"": 8, ""hsf_l0"": 28.5661, ""sparse_l"": 28.9425, ""sv_l"": 28.9425, ""feat_secs"": 0.003972, ""feat_secs_frame"": 0.001048, ""feat_secs_hsf"": 0.002723}"
brick,"brick:n=24,D=2,nn=1",1,"{""n"": 24.0, ""D"": 2.0, ""nn"": 1.0}",auto,ok,4.545772,4.5574,1854160896,-2.863900769575245e-07,24,-2.863900769575245e-07,0.0,switched_at=Some(168) dense_qubits=24 peak_terms=25165824 term_visits=50331646 dense_ops=1711276027 frame_secs=1.381534 restarted=true,"{""n"": 24, ""gates"": 95, ""g2"": 23, ""g3"": 0, ""depth2"": 2, ""t_count"": 0, ""rotations"": 216, ""d"": 24, ""dense_l"": 31.2192, ""redundant"": 192, ""obs_zero"": false, ""frame_l"": 55.7549, ""chi_bits"": 1, ""mps_l"": 8.6439, ""hsf_k"": 1, ""hsf_na"": 12, ""hsf_nb"": 12, ""hsf_l"": 25.0331, ""sup"": 24, ""chi_bits0"": 1, ""mps_l0"": 8.6439, ""hsf_keff"": 1, ""hsf_l0"": 25.0331, ""sparse_l"": 30.5699, ""sv_l"": 30.5699, ""feat_secs"": 0.00529, ""feat_secs_frame"": 0.000283, ""feat_secs_hsf"": 0.004943}"
brick,"brick:n=24,D=4,nn=1",1,"{""n"": 24.0, ""D"": 4.0, ""nn"": 1.0}",auto,ok,7.38766,7.3987,1854799872,-1.239603425242539e-05,24,-1.239603425242539e-05,0.0,switched_at=Some(264) dense_qubits=24 peak_terms=25165824 term_visits=50331646 dense_ops=3321888763 frame_secs=1.224759 restarted=true,"{""n"": 24, ""gates"": 166, ""g2"": 46, ""g3"": 0, ""depth2"": 4, ""t_count"": 0, ""rotations"": 360, ""d"": 24, ""dense_l"": 32.1948, ""redundant"": 336, ""obs_zero"": false, ""frame_l"": 56.4919, ""chi_bits"": 2, ""mps_l"": 11.2621, ""hsf_k"": 2, ""hsf_na"": 12, ""hsf_nb"": 12, ""hsf_l"": 26.0573, ""sup"": 24, ""chi_bits0"": 2, ""mps_l0"": 11.2621, ""hsf_keff"": 2, ""hsf_l0"": 26.0573, ""sparse_l"": 31.375, ""sv_l"": 31.375, ""feat_secs"": 0.005449, ""feat_secs_frame"": 0.000419, ""feat_secs_hsf"": 0.004947}"
brick,"brick:n=24,D=8,nn=1",1,"{""n"": 24.0, ""D"": 8.0, ""nn"": 1.0}",auto,timeout,,10.0388,1854947328,,,,,timeout,"{""n"": 24, ""gates"": 308, ""g2"": 92, ""g3"": 0, ""depth2"": 8, ""t_count"": 0, ""rotations"": 648, ""d"": 24, ""dense_l"": 33.1824, ""redundant"": 624, ""obs_zero"": false, ""frame_l"": 57.3399, ""chi_bits"": 4, ""mps_l"": 16.5347, ""hsf_k"": 4, ""hsf_na"": 12, ""hsf_nb"": 12, ""hsf_l"": 28.1046, ""sup"": 24, ""chi_bits0"": 4, ""mps_l0"": 16.5347, ""hsf_keff"": 4, ""hsf_l0"": 28.1046, ""sparse_l"": 32.2668, ""sv_l"": 32.2668, ""feat_secs"": 0.005896, ""feat_secs_frame"": 0.000709, ""feat_secs_hsf"": 0.005039}"
brick,"brick:n=24,D=16,nn=1",1,"{""n"": 24.0, ""D"": 16.0, ""nn"": 1.0}",auto,skipped,,,,,,,,,"{""n"": 24, ""gates"": 592, ""g2"": 184, ""g3"": 0, ""depth2"": 16, ""t_count"": 0, ""rotations"": 1224, ""d"": 24, ""dense_l"": 34.1762, ""redundant"": 1200, ""obs_zero"": false, ""frame_l"": 58.2574, ""chi_bits"": 8, ""mps_l"": 27.466, ""hsf_k"": 8, ""hsf_na"": 12, ""hsf_nb"": 12, ""hsf_l"": 32.1948, ""sup"": 24, ""chi_bits0"": 8, ""mps_l0"": 27.466, ""hsf_keff"": 8, ""hsf_l0"": 32.1948, ""sparse_l"": 33.2095, ""sv_l"": 33.2095, ""feat_secs"": 0.006779, ""feat_secs_frame"": 0.001307, ""feat_secs_hsf"": 0.005203}"
brick,"brick:n=26,D=2,nn=1",1,"{""n"": 26.0, ""D"": 2.0, ""nn"": 1.0}",auto,timeout,,10.0700,2542305280,,,,,timeout,"{""n"": 26, ""gates"": 103, ""g2"": 25, ""g3"": 0, ""depth2"": 2, ""t_count"": 0, ""rotations"": 234, ""d"": 26, ""dense_l"": 33.3309, ""redundant"": 208, ""obs_zero"": false, ""frame_l"": 59.8704, ""chi_bits"": 1, ""mps_l"": 8.7616, ""hsf_k"": 1, ""hsf_na"": 13, ""hsf_nb"": 13, ""hsf_l"": 27.018, ""sup"": 26, ""chi_bits0"": 1, ""mps_l0"": 8.7616, ""hsf_keff"": 1, ""hsf_l0"": 27.018, ""sparse_l"": 32.6865, ""sv_l"": 32.6865, ""feat_secs"": 0.007188, ""feat_secs_frame"": 0.000303, ""feat_secs_hsf"": 0.006821}"
brick,"brick:n=26,D=4,nn=1",1,"{""n"": 26.0, ""D"": 4.0, ""nn"": 1.0}",auto,skipped,,,,,,,,,"{""n"": 26, ""gates"": 180, ""g2"": 50, ""g3"": 0, ""depth2"": 4, ""t_count"": 0, ""rotations"": 390, ""d"": 26, ""dense_l"": 34.3083, ""redundant"": 364, ""obs_zero"": false, ""frame_l"": 60.6073, ""chi_bits"": 2, ""mps_l"": 11.3891, ""hsf_k"": 2, ""hsf_na"": 13, ""hsf_nb"": 13, ""hsf_l"": 28.0314, ""sup"": 26, ""chi_bits0"": 2, ""mps_l0"": 11.3891, ""hsf_keff"": 2, ""hsf_l0"": 28.0314, ""sparse_l"": 33.4919, ""sv_l"": 33.4919, ""feat_secs"": 0.007041, ""feat_secs_frame"": 0.000438, ""feat_secs_hsf"": 0.006514}"
brick,"brick:n=26,D=8,nn=1",1,"{""n"": 26.0, ""D"": 8.0, ""nn"": 1.0}",auto,skipped,,,,,,,,,"{""n"": 26, ""gates"": 334, ""g2"": 100, ""g3"": 0, ""depth2"": 8, ""t_count"": 0, ""rotations"": 702, ""d"": 26, ""dense_l"": 35.2969, ""redundant"": 676, ""obs_zero"": false, ""frame_l"": 61.4553, ""chi_bits"": 4, ""mps_l"": 16.689, ""hsf_k"": 4, ""hsf_na"": 13, ""hsf_nb"": 13, ""hsf_l"": 30.0577, ""sup"": 26, ""chi_bits0"": 4, ""mps_l0"": 16.689, ""hsf_keff"": 4, ""hsf_l0"": 30.0577, ""sparse_l"": 34.3837, ""sv_l"": 34.3837, ""feat_secs"": 0.007457, ""feat_secs_frame"": 0.000776, ""feat_secs_hsf"": 0.006523}"
brick,"brick:n=26,D=16,nn=1",1,"{""n"": 26.0, ""D"": 16.0, ""nn"": 1.0}",auto,skipped,,,,,,,,,"{""n"": 26, ""gates"": 642, ""g2"": 200, ""g3"": 0, ""depth2"": 16, ""t_count"": 0, ""rotations"": 1326, ""d"": 26, ""dense_l"": 36.2912, ""redundant"": 1300, ""obs_zero"": false, ""frame_l"": 62.3729, ""chi_bits"": 8, ""mps_l"": 27.7395, ""hsf_k"": 8, ""hsf_na"": 13, ""hsf_nb"": 13, ""hsf_l"": 34.1089, ""sup"": 26, ""chi_bits0"": 8, ""mps_l0"": 27.7395, ""hsf_keff"": 8, ""hsf_l0"": 34.1089, ""sparse_l"": 35.3264, ""sv_l"": 35.3264, ""feat_secs"": 0.008377, ""feat_secs_frame"": 0.001438, ""feat_secs_hsf"": 0.006671}"
brick,"brick:n=16,D=2,nn=0",1,"{""n"": 16.0, ""D"": 2.0, ""nn"": 0.0}",auto,ok,0.015886,0.0215,15712256,-0.001213652750229626,16,-0.001213652750229626,0.0,switched_at=Some(112) dense_qubits=16 peak_terms=65536 term_visits=131070 dense_ops=4587515 frame_secs=0.005536 restarted=true,"{""n"": 16, ""gates"": 64, ""g2"": 16, ""g3"": 0, ""depth2"": 2, ""t_count"": 0, ""rotations"": 144, ""d"": 16, ""dense_l"": 22.6582, ""redundant"": 128, ""obs_zero"": false, ""frame_l"": 39.1699, ""chi_bits"": 4, ""mps_l"": 19.0971, ""hsf_k"": 0, ""hsf_na"": 8, ""hsf_nb"": 8, ""hsf_l"": 16.3219, ""sup"": 16, ""chi_bits0"": 4, ""mps_l0"": 19.0971, ""hsf_keff"": 0, ""hsf_l0"": 16.3219, ""sparse_l"": 22.0, ""sv_l"": 22.0, ""feat_secs"": 0.001631, ""feat_secs_frame"": 0.000193, ""feat_secs_hsf"": 0.001388}"
brick,"brick:n=16,D=4,nn=0",1,"{""n"": 16.0, ""D"": 4.0, ""nn"": 0.0}",auto,ok,0.027804,0.0331,16515072,0.007074156299159568,16,0.007074156299159568,0.0,switched_at=Some(176) dense_qubits=16 peak_terms=98304 term_visits=196606 dense_ops=8781819 frame_secs=0.007477 restarted=true,"{""n"": 16, ""gates"": 112, ""g2"": 32, ""g3"": 0, ""depth2"": 4, ""t_count"": 0, ""rotations"": 240, ""d"": 16, ""dense_l"": 23.6221, ""redundant"": 224, ""obs_zero"": false, ""frame_l"": 39.9069, ""chi_bits"": 8, ""mps_l"": 29.7929, ""hsf_k"": 6, ""hsf_na"": 8, ""hsf_nb"": 8, ""hsf_l"": 22.5236, ""sup"": 16, ""chi_bits0"": 8, ""mps_l0"": 29.7929, ""hsf_keff"": 6, ""hsf_l0"": 22.5236, ""sparse_l"": 22.8074, ""sv_l"": 22.8074, ""feat_secs"": 0.002613, ""feat_secs_frame"": 0.000301, ""feat_secs_hsf"": 0.002245}"
brick,"brick:n=24,D=1,nn=0",1,"{""n"": 24.0, ""D"": 1.0, ""nn"": 0.0}",auto,ok,2.479397,2.4888,1602011136,4.558466920487065e-12,24,4.558466920487065e-12,0.0,switched_at=Some(120) dense_qubits=24 peak_terms=16777216 term_visits=33554430 dense_ops=905969659 frame_secs=0.830432 restarted=true,"{""n"": 24, ""gates"": 60, ""g2"": 12, ""g3"": 0, ""depth2"": 1, ""t_count"": 0, ""rotations"": 144, ""d"": 24, ""dense_l"": 30.2668, ""redundant"": 120, ""obs_zero"": false, ""frame_l"": 55.1699, ""chi_bits"": 8, ""mps_l"": 27.252, ""hsf_k"": 0, ""hsf_na"": 12, ""hsf_nb"": 12, ""hsf_l"": 24.021, ""sup"": 24, ""chi_bits0"": 8, ""mps_l0"": 27.252, ""hsf_keff"": 0, ""hsf_l0"": 24.021, ""sparse_l"": 29.9069, ""sv_l"": 29.9069, ""feat_secs"": 0.003225, ""feat_secs_frame"": 0.000195, ""feat_secs_hsf"": 0.002983}"
brick,"brick:n=24,D=3,nn=0",1,"{""n"": 24.0, ""D"": 3.0, ""nn"": 0.0}",auto,ok,5.971184,5.9805,1853505536,-9.240065419087679e-05,24,-9.240065419087679e-05,0.0,switched_at=Some(216) dense_qubits=24 peak_terms=25165824 term_visits=50331646 dense_ops=2516582395 frame_secs=1.370451 restarted=true,"{""n"": 24, ""gates"": 132, ""g2"": 36, ""g3"": 0, ""depth2"": 3, ""t_count"": 0, ""rotations"": 288, ""d"": 24, ""dense_l"": 31.7879, ""redundant"": 264, ""obs_zero"": false, ""frame_l"": 56.1699, ""chi_bits"": 12, ""mps_l"": 40.8285, ""hsf_k"": 5, ""hsf_na"": 11, ""hsf_nb"": 13, ""hsf_l"": 29.0901, ""sup"": 24, ""chi_bits0"": 12, ""mps_l0"": 40.8285, ""hsf_keff"": 5, ""hsf_l0"": 29.0901, ""sparse_l"": 31.0444, ""sv_l"": 31.0444, ""feat_secs"": 0.006653, ""feat_secs_frame"": 0.000359, ""feat_secs_hsf"": 0.006214}"
brick,"brick:n=24,D=6,nn=0",1,"{""n"": 24.0, ""D"": 6.0, ""nn"": 0.0}",auto,timeout,,10.0119,1856389120,,,,,timeout,"{""n"": 24, ""gates"": 240, ""g2"": 72, ""g3"": 0, ""depth2"": 6, ""t_count"": 0, ""rotations"": 504, ""d"": 24, ""dense_l"": 32.7715, ""redundant"": 480, ""obs_zero"": false, ""frame_l"": 56.9773, ""chi_bits"": 12, ""mps_l"": 44.3077, ""hsf_k"": 16, ""hsf_na"": 12, ""hsf_nb"": 12, ""hsf_l"": 40.0821, ""sup"": 24, ""chi_bits0"": 12, ""mps_l0"": 44.3077, ""hsf_keff"": 16, ""hsf_l0"": 40.0821, ""sparse_l"": 31.9069, ""sv_l"": 31.9069, ""feat_secs"": 0.013395, ""feat_secs_frame"": 0.000559, ""feat_secs_hsf"": 0.012722}"
ct,"ct:n=24,L=1,t=2,nn=1",1,"{""n"": 24.0, ""L"": 1.0, ""t"": 2.0, ""nn"": 1.0}",auto,ok,0.000148,0.0042,2473984,-0.0,0,-0.0,0.0,switched_at=None dense_qubits=0 peak_terms=0 term_visits=0 dense_ops=0 frame_secs=0.000143 restarted=false,"{""n"": 24, ""gates"": 40, ""g2"": 12, ""g3"": 0, ""depth2"": 1, ""t_count"": 2, ""rotations"": 2, ""d"": 1, ""dense_l"": 1.585, ""redundant"": 1, ""obs_zero"": true, ""frame_l"": 5.3219, ""chi_bits"": 1, ""mps_l"": 6.9542, ""hsf_k"": 0, ""hsf_na"": 12, ""hsf_nb"": 12, ""hsf_l"": 24.014, ""sup"": 13, ""chi_bits0"": 1, ""mps_l0"": 6.9542, ""hsf_keff"": 0, ""hsf_l0"": 24.014, ""sparse_l"": 18.3219, ""sv_l"": 29.3219, ""feat_secs"": 0.002572, ""feat_secs_frame"": 6.4e-05, ""feat_secs_hsf"": 0.00248}"
ct,"ct:n=24,L=1,t=8,nn=1",1,"{""n"": 24.0, ""L"": 1.0, ""t"": 8.0, ""nn"": 1.0}",auto,ok,7.6e-05,0.0044,2162688,-0.0,0,-0.0,0.0,switched_at=None dense_qubits=0 peak_terms=0 term_visits=0 dense_ops=0 frame_secs=0.000072 restarted=false,"{""n"": 24, ""gates"": 52, ""g2"": 12, ""g3"": 0, ""depth2"": 1, ""t_count"": 8, ""rotations"": 8, ""d"": 4, ""dense_l"": 5.858, ""redundant"": 4, ""obs_zero"": true, ""frame_l"": 5.7004, ""chi_bits"": 1, ""mps_l"": 7.0875, ""hsf_k"": 0, ""hsf_na"": 12, ""hsf_nb"": 12, ""hsf_l"": 24.0182, ""sup"": 17, ""chi_bits0"": 1, ""mps_l0"": 7.0875, ""hsf_keff"": 0, ""hsf_l0"": 24.0182, ""sparse_l"": 22.7004, ""sv_l"": 29.7004, ""feat_secs"": 0.0026, ""feat_secs_frame"": 6.3e-05, ""feat_secs_hsf"": 0.0025}"
ct,"ct:n=24,L=1,t=16,nn=1",1,"{""n"": 24.0, ""L"": 1.0, ""t"": 16.0, ""nn"": 1.0}",auto,ok,9.4e-05,0.0067,2179072,-0.0,0,-0.0,0.0,switched_at=None dense_qubits=0 peak_terms=0 term_visits=0 dense_ops=0 frame_secs=0.000089 restarted=false,"{""n"": 24, ""gates"": 64, ""g2"": 12, ""g3"": 0, ""depth2"": 1, ""t_count"": 16, ""rotations"": 16, ""d"": 9, ""dense_l"": 10.6493, ""redundant"": 7, ""obs_zero"": true, ""frame_l"": 6.0, ""chi_bits"": 1, ""mps_l"": 7.2095, ""hsf_k"": 0, ""hsf_na"": 12, ""hsf_nb"": 12, ""hsf_l"": 24.0224, ""sup"": 20, ""chi_bits0"": 1, ""mps_l0"": 7.2095, ""hsf_keff"": 0, ""hsf_l0"": 24.0224, ""sparse_l"": 26.0, ""sv_l"": 30.0, ""feat_secs"": 0.002565, ""feat_secs_frame"": 8.2e-05, ""feat_secs_hsf"": 0.002428}"
ct,"ct:n=24,L=1,t=32,nn=1",1,"{""n"": 24.0, ""L"": 1.0, ""t"": 32.0, ""nn"": 1.0}",auto,ok,0.0002,0.0045,2506752,-0.0,0,-0.0,0.0,switched_at=None dense_qubits=0 peak_terms=0 term_visits=0 dense_ops=0 frame_secs=0.000195 restarted=false,"{""n"": 24, ""gates"": 98, ""g2"": 12, ""g3"": 0, ""depth2"": 1, ""t_count"": 32, ""rotations"": 32, ""d"": 13, ""dense_l"": 15.7125, ""redundant"": 19, ""obs_zero"": true, ""frame_l"": 6.6147, ""chi_bits"": 1, ""mps_l"": 7.5078, ""hsf_k"": 0, ""hsf_na"": 12, ""hsf_nb"": 12, ""hsf_l"": 24.0341, ""sup"": 20, ""chi_bits0"": 1, ""mps_l0"": 7.5078, ""hsf_keff"": 0, ""hsf_l0"": 24.0341, ""sparse_l"": 26.6147, ""sv_l"": 30.6147, ""feat_secs"": 0.002538, ""feat_secs_frame"": 9.2e-05, ""feat_secs_hsf"": 0.002391}"
ct,"ct:n=24,L=1,t=64,nn=1",1,"{""n"": 24.0, ""L"": 1.0, ""t"": 64.0, ""nn"": 1.0}",auto,ok,0.000268,0.0044,2539520,-0.0,0,-0.0,0.0,switched_at=None dense_qubits=0 peak_terms=0 term_visits=0 dense_ops=0 frame_secs=0.000263 restarted=false,"{""n"": 24, ""gates"": 163, ""g2"": 12, ""g3"": 0, ""depth2"": 1, ""t_count"": 64, ""rotations"": 64, ""d"": 20, ""dense_l"": 22.5646, ""redundant"": 44, ""obs_zero"": true, ""frame_l"": 7.3487, ""chi_bits"": 1, ""mps_l"": 7.9484, ""hsf_k"": 0, ""hsf_na"": 12, ""hsf_nb"": 12, ""hsf_l"": 24.0563, ""sup"": 22, ""chi_bits0"": 1, ""mps_l0"": 7.9484, ""hsf_keff"": 0, ""hsf_l0"": 24.0563, ""sparse_l"": 29.3487, ""sv_l"": 31.3487, ""feat_secs"": 0.002597, ""feat_secs_frame"": 0.000124, ""feat_secs_hsf"": 0.002395}"
ct,"ct:n=24,L=2,t=2,nn=1",1,"{""n"": 24.0, ""L"": 2.0, ""t"": 2.0, ""nn"": 1.0}",auto,ok,0.000187,0.0043,2506752,-0.0,0,-0.0,0.0,switched_at=None dense_qubits=0 peak_terms=0 term_visits=0 dense_ops=0 frame_secs=0.000182 restarted=false,"{""n"": 24, ""gates"": 69, ""g2"": 23, ""g3"": 0, ""depth2"": 2, ""t_count"": 2, ""rotations"": 2, ""d"": 2, ""dense_l"": 2.585, ""redundant"": 0, ""obs_zero"": true, ""frame_l"": 6.1085, ""chi_bits"": 1, ""mps_l"": 8.2095, ""hsf_k"": 1, ""hsf_na"": 12, ""hsf_nb"": 12, ""hsf_l"": 25.0241, ""sup"": 17, ""chi_bits0"": 1, ""mps_l0"": 8.2095, ""hsf_keff"": 1, ""hsf_l0"": 25.0241, ""sparse_l"": 23.1085, ""sv_l"": 30.1085, ""feat_secs"": 0.004951, ""feat_secs_frame"": 7.6e-05, ""feat_secs_hsf"": 0.004831}"
ct,"ct:n=24,L=2,t=8,nn=1",1,"{""n"": 24.0, ""L"": 2.0, ""t"": 8.0, ""nn"": 1.0}",auto,ok,9e-05,0.0046,2179072,-0.0,0,-0.0,0.0,switched_at=None dense_qubits=0 peak_terms=0 term_visits=0 dense_ops=0 frame_secs=0.000086 restarted=false,"{""n"": 24, ""gates"": 83, ""g2"": 23, ""g3"": 0, ""depth2"": 2, ""t_count"": 8, ""rotations"": 8, ""d"": 3, ""dense_l"": 4.9542, ""redundant"": 5, ""obs_zero"": true, ""frame_l"": 6.375, ""chi_bits"": 1, ""mps_l"": 8.3576, ""hsf_k"": 1, ""hsf_na"": 12, ""hsf_nb"": 12, ""hsf_l"": 25.0289, ""sup"": 19, ""chi_bits0"": 1, ""mps_l0"": 8.3576, ""hsf_keff"": 1, ""hsf_l0"": 25.0289, ""sparse_l"": 25.375, ""sv_l"": 30.375, ""feat_secs"": 0.005004, ""feat_secs_frame"": 0.000106, ""feat_secs_hsf"": 0.004836}"
ct,"ct:n=24,L=2,t=16,nn=1",1,"{""n"": 24.0, ""L"": 2.0, ""t"": 16.0, ""nn"": 1.0}",auto,ok,0.000201,0.0068,2539520,-0.0,0,-0.0,0.0,switched_at=None dense_qubits=0 peak_terms=0 term_visits=0 dense_ops=0 frame_secs=0.000195 restarted=false,"{""n"": 24, ""gates"": 98, ""g2"": 23, ""g3"": 0, ""depth2"": 2, ""t_count"": 16, ""rotations"": 16, ""d"": 6, ""dense_l"": 7.9887, ""redundant"": 10, ""obs_zero"": true, ""frame_l"": 6.6147, ""chi_bits"": 1, ""mps_l"": 8.5546, ""hsf_k"": 1, ""hsf_na"": 12, ""hsf_nb"": 12, ""hsf_l"": 25.0341, ""sup"": 22, ""chi_bits0"": 1, ""mps_l0"": 8.5546, ""hsf_keff"": 1, ""hsf_l0"": 25.0341, ""sparse_l"": 28.6147, ""sv_l"": 30.6147, ""feat_secs"": 0.005063, ""feat_secs_frame"": 8.7e-05, ""feat_secs_hsf"": 0.004925}"
ct,"ct:n=24,L=2,t=32,nn=1",1,"{""n"": 24.0, ""L"": 2.0, ""t"": 32.0, ""nn"": 1.0}",auto,ok,0.000173,0.0043,2523136,-0.0,0,-0.0,0.0,switched_at=None dense_qubits=0 peak_terms=0 term_visits=0 dense_ops=0 frame_secs=0.000168 restarted=false,"{""n"": 24, ""gates"": 134, ""g2"": 23, ""g3"": 0, ""depth2"": 2, ""t_count"": 32, ""rotations"": 32, ""d"": 16, ""dense_l"": 17.2765, ""redundant"": 16, ""obs_zero"": true, ""frame_l"": 7.0661, ""chi_bits"": 1, ""mps_l"": 8.8642, ""hsf_k"": 1, ""hsf_na"": 12, ""hsf_nb"": 12, ""hsf_l"": 25.0464, ""sup"": 24, ""chi_bits0"": 1, ""mps_l0"": 8.8642, ""hsf_keff"": 1, ""hsf_l0"": 25.0464, ""sparse_l"": 31.0661, ""sv_l"": 31.0661, ""feat_secs"": 0.005604, ""feat_secs_frame"": 0.000106, ""feat_secs_hsf"": 0.00543}"
ct,"ct:n=24,L=2,t=64,nn=1",1,"{""n"": 24.0, ""L"": 2.0, ""t"": 64.0, ""nn"": 1.0}",auto,ok,0.000237,0.0042,2572288,-0.0,0,-0.0,0.0,switched_at=None dense_qubits=0 peak_terms=1 term_visits=1 dense_ops=0 frame_secs=0.000232 restarted=false,"{""n"": 24, ""gates"": 197, ""g2"": 23, ""g3"": 0, ""depth2"": 2, ""t_count"": 64, ""rotations"": 64, ""d"": 23, ""dense_l"": 25.6263, ""redundant"": 41, ""obs_zero"": false, ""frame_l"": 26.5, ""chi_bits"": 1, ""mps_l"": 9.1874, ""hsf_k"": 1, ""hsf_na"": 12, ""hsf_nb"": 12, ""hsf_l"": 25.0678, ""sup"": 24, ""chi_bits0"": 1, ""mps_l0"": 9.1874, ""hsf_keff"": 1, ""hsf_l0"": 25.0678, ""sparse_l"": 31.6221, ""sv_l"": 31.6221, ""feat_secs"": 0.005207, ""feat_secs_frame"": 0.000148, ""feat_secs_hsf"": 0.004973}"
ct,"ct:n=24,L=4,t=2,nn=1",1,"{""n"": 24.0, ""L"": 4.0, ""t"": 2.0, ""nn"": 1.0}",auto,ok,0.000182,0.0043,2539520,-0.0,0,-0.0,0.0,switched_at=None dense_qubits=0 peak_terms=0 term_visits=0 dense_ops=0 frame_secs=0.000177 restarted=false,"{""n"": 24, ""gates"": 142, ""g2"": 46, ""g3"": 0, ""depth2"": 4, ""t_count"": 2, ""rotations"": 2, ""d"": 2, ""dense_l"": 2.585, ""redundant"": 0, ""obs_zero"": true, ""frame_l"": 7.1497, ""chi_bits"": 2, ""mps_l"": 11.0821, ""hsf_k"": 2, ""hsf_na"": 12, ""hsf_nb"": 12, ""hsf_l"": 26.0492, ""sup"": 24, ""chi_bits0"": 2, ""mps_l0"": 11.0821, ""hsf_keff"": 2, ""hsf_l0"": 26.0492, ""sparse_l"": 31.1497, ""sv_l"": 31.1497, ""feat_secs"": 0.005132, ""feat_secs_frame"": 0.000123, ""feat_secs_hsf"": 0.004948}"
ct,"ct:n=24,L=4,t=8,nn=1",1,"{""n"": 24.0, ""L"": 4.0, ""t"": 8.0, ""nn"": 1.0}",auto,ok,0.00011,0.0045,2211840,-0.0,0,-0.0,0.0,switched_at=None dense_qubits=0 peak_terms=0 term_visits=0 dense_ops=0 frame_secs=0.000105 restarted=false,"{""n"": 24, ""gates"": 158, ""g2"": 46, ""g3"": 0, ""depth2"": 4, ""t_count"": 8, ""rotations"": 8, ""d"": 6, ""dense_l"": 7.6294, ""redundant"": 2, ""obs_zero"": true, ""frame_l"": 7.3038, ""chi_bits"": 2, ""mps_l"": 11.1241, ""hsf_k"": 2, ""hsf_na"": 12, ""hsf_nb"": 12, ""hsf_l"": 26.0546, ""sup"": 24, ""chi_bits0"": 2, ""mps_l0"": 11.1241, ""hsf_keff"": 2, ""hsf_l0"": 26.0546, ""sparse_l"": 31.3038, ""sv_l"": 31.3038, ""feat_secs"": 0.005126, ""feat_secs_frame"": 0.00013, ""feat_secs_hsf"": 0.004923}"
ct,"ct:n=24,L=4,t=16,nn=1",1,"{""n"": 24.0, ""L"": 4.0, ""t"": 16.0, ""nn"": 1.0}",auto,ok,0.000196,0.0044,2523136,-0.0,0,-0.0,0.0,switched_at=None dense_qubits=0 peak_terms=0 term_visits=0 dense_ops=0 frame_secs=0.000191 restarted=false,"{""n"": 24, ""gates"": 175, ""g2"": 46, ""g3"": 0, ""depth2"": 4, ""t_count"": 16, ""rotations"": 16, ""d"": 9, ""dense_l"": 11.4691, ""redundant"": 7, ""obs_zero"": true, ""frame_l"": 7.4512, ""chi_bits"": 2, ""mps_l"": 11.2479, ""hsf_k"": 2, ""hsf_na"": 12, ""hsf_nb"": 12, ""hsf_l"": 25.0604, ""sup"": 23, ""chi_bits0"": 2, ""mps_l0"": 11.2479, ""hsf_keff"": 1, ""hsf_l0"": 26.0604, ""sparse_l"": 30.4512, ""sv_l"": 31.4512, ""feat_secs"": 0.00535, ""feat_secs_frame"": 0.000139, ""feat_secs_hsf"": 0.005133}"
ct,"ct:n=24,L=4,t=32,nn=1",1,"{""n"": 24.0, ""L"": 4.0, ""t"": 32.0, ""nn"": 1.0}",auto,ok,0.00021,0.0044,2523136,-0.0,0,-0.0,0.0,switched_at=None dense_qubits=0 peak_terms=0 term_visits=0 dense_ops=0 frame_secs=0.000206 restarted=false,"{""n"": 24, ""gates"": 208, ""g2"": 46, ""g3"": 0, ""depth2"": 4, ""t_count"": 32, ""rotations"": 32, ""d"": 19, ""dense_l"": 20.4793, ""redundant"": 13, ""obs_zero"": true, ""frame_l"": 7.7004, ""chi_bits"": 2, ""mps_l"": 11.29, ""hsf_k"": 2, ""hsf_na"": 12, ""hsf_nb"": 12, ""hsf_l"": 26.0715, ""sup"": 24, ""chi_bits0"": 2, ""mps_l0"": 11.29, ""hsf_keff"": 2, ""hsf_l0"": 26.0715, ""sparse_l"": 31.7004, ""sv_l"": 31.7004, ""feat_secs"": 0.005217, ""feat_secs_frame"": 0.00015, ""feat_secs_hsf"": 0.004976}"
ct,"ct:n=24,L=4,t=64,nn=1",1,"{""n"": 24.0, ""L"": 4.0, ""t"": 64.0, ""nn"": 1.0}",auto,ok,0.000827,0.0074,2686976,-0.0,0,-0.0,0.0,switched_at=None dense_qubits=0 peak_terms=144 term_visits=481 dense_ops=0 frame_secs=0.000822 restarted=false,"{""n"": 24, ""gates"": 269, ""g2"": 46, ""g3"": 0, ""depth2"": 4, ""t_count"": 64, ""rotations"": 64, ""d"": 23, ""dense_l"": 26.5266, ""redundant"": 41, ""obs_zero"": false, ""frame_l"": 26.5, ""chi_bits"": 2, ""mps_l"": 11.432, ""hsf_k"": 2, ""hsf_na"": 12, ""hsf_nb"": 12, ""hsf_l"": 26.0918, ""sup"": 24, ""chi_bits0"": 2, ""mps_l0"": 11.432, ""hsf_keff"": 2, ""hsf_l0"": 26.0918, ""sparse_l"": 32.0715, ""sv_l"": 32.0715, ""feat_secs"": 0.005176, ""feat_secs_frame"": 0.000183, ""feat_secs_hsf"": 0.00488}"
ct,"ct:n=24,L=8,t=2,nn=1",1,"{""n"": 24.0, ""L"": 8.0, ""t"": 2.0, ""nn"": 1.0}",auto,ok,0.00025,0.0060,2555904,-0.0,0,-0.0,0.0,switched_at=None dense_qubits=0 peak_terms=0 term_visits=0 dense_ops=0 frame_secs=0.000244 restarted=false,"{""n"": 24, ""gates"": 286, ""g2"": 92, ""g3"": 0, ""depth2"": 8, ""t_count"": 2, ""rotations"": 2, ""d"": 2, ""dense_l"": 2.585, ""redundant"": 0, ""obs_zero"": true, ""frame_l"": 8.1599, ""chi_bits"": 4, ""mps_l"": 16.4731, ""hsf_k"": 4, ""hsf_na"": 12, ""hsf_nb"": 12, ""hsf_l"": 27.0974, ""sup"": 24, ""chi_bits0"": 4, ""mps_l0"": 16.4731, ""hsf_keff"": 3, ""hsf_l0"": 28.0974, ""sparse_l"": 32.1599, ""sv_l"": 32.1599, ""feat_secs"": 0.005172, ""feat_secs_frame"": 0.000197, ""feat_secs_hsf"": 0.004858}"
ct,"ct:n=24,L=8,t=8,nn=1",1,"{""n"": 24.0, ""L"": 8.0, ""t"": 8.0, ""nn"": 1.0}",auto,ok,0.000278,0.0047,2588672,-0.0,0,-0.0,0.0,switched_at=None dense_qubits=0 peak_terms=0 term_visits=0 dense_ops=0 frame_secs=0.000273 restarted=false,"{""n"": 24, ""gates"": 296, ""g2"": 92, ""g3"": 0, ""depth2"": 8, ""t_count"": 8, ""rotations"": 8, ""d"": 7, ""dense_l"": 7.9944, ""redundant"": 1, ""obs_zero"": true, ""frame_l"": 8.2095, ""chi_bits"": 4, ""mps_l"": 16.4688, ""hsf_k"": 4, ""hsf_na"": 12, ""hsf_nb"": 12, ""hsf_l"": 28.1007, ""sup"": 24, ""chi_bits0"": 4, ""mps_l0"": 16.4688, ""hsf_keff"": 4, ""hsf_l0"": 28.1007, ""sparse_l"": 32.2095, ""sv_l"": 32.2095, ""feat_secs"": 0.005233, ""feat_secs_frame"": 0.000209, ""feat_secs_hsf"": 0.004904}"
ct,"ct:n=24,L=8,t=16,nn=1",1,"{""n"": 24.0, ""L"": 8.0, ""t"": 16.0, ""nn"": 1.0}",auto,ok,0.000273,0.0061,2588672,-0.0,0,-0.0,0.0,switched_at=None dense_qubits=0 peak_terms=0 term_visits=0 dense_ops=0 frame_secs=0.000268 restarted=false,"{""n"": 24, ""gates"": 303, ""g2"": 92, ""g3"": 0, ""depth2"": 8, ""t_count"": 16, ""rotations"": 16, ""d"": 12, ""dense_l"": 13.4633, ""redundant"": 4, ""obs_zero"": true, ""frame_l"": 8.2432, ""chi_bits"": 4, ""mps_l"": 16.474, ""hsf_k"": 4, ""hsf_na"": 12, ""hsf_nb"": 12, ""hsf_l"": 27.103, ""sup"": 24, ""chi_bits0"": 4, ""mps_l0"": 16.474, ""hsf_keff"": 3, ""hsf_l0"": 28.103, ""sparse_l"": 32.2432, ""sv_l"": 32.2432, ""feat_secs"": 0.005305, ""feat_secs_frame"": 0.000226, ""feat_secs_hsf"": 0.004952}"
ct,"ct:n=24,L=8,t=32,nn=1",1,"{""n"": 24.0, ""L"": 8.0, ""t"": 32.0, ""nn"": 1.0}",auto,ok,0.000277,0.0045,2588672,-0.0,0,-0.0,0.0,switched_at=None dense_qubits=0 peak_terms=0 term_visits=0 dense_ops=0 frame_secs=0.000272 restarted=false,"{""n"": 24, ""gates"": 350, ""g2"": 92, ""g3"": 0, ""depth2"": 8, ""t_count"": 32, ""rotations"": 32, ""d"": 21, ""dense_l"": 22.6475, ""redundant"": 11, ""obs_zero"": true, ""frame_l"": 8.4512, ""chi_bits"": 4, ""mps_l"": 16.5116, ""hsf_k"": 4, ""hsf_na"": 12, ""hsf_nb"": 12, ""hsf_l"": 28.1183, ""sup"": 24, ""chi_bits0"": 4, ""mps_l0"": 16.5116, ""hsf_keff"": 4, ""hsf_l0"": 28.1183, ""sparse_l"": 32.4512, ""sv_l"": 32.4512, ""feat_secs"": 0.005369, ""feat_secs_frame"": 0.000256, ""feat_secs_hsf"": 0.004969}"
ct,"ct:n=24,L=8,t=64,nn=1",1,"{""n"": 24.0, ""L"": 8.0, ""t"": 64.0, ""nn"": 1.0}",auto,ok,0.003823,0.0108,4145152,-0.0,0,-0.0,0.0,switched_at=None dense_qubits=0 peak_terms=8640 term_visits=74589 dense_ops=0 frame_secs=0.003817 restarted=false,"{""n"": 24, ""gates"": 398, ""g2"": 92, ""g3"": 0, ""depth2"": 8, ""t_count"": 64, ""rotations"": 64, ""d"": 24, ""dense_l"": 27.1737, ""redundant"": 40, ""obs_zero"": false, ""frame_l"": 26.0, ""chi_bits"": 4, ""mps_l"": 16.5186, ""hsf_k"": 4, ""hsf_na"": 12, ""hsf_nb"": 12, ""hsf_l"": 28.1338, ""sup"": 24, ""chi_bits0"": 4, ""mps_l0"": 16.5186, ""hsf_keff"": 4, ""hsf_l0"": 28.1338, ""sparse_l"": 32.6366, ""sv_l"": 32.6366, ""feat_secs"": 0.005407, ""feat_secs_frame"": 0.000267, ""feat_secs_hsf"": 0.004982}"
ct,"ct:n=24,L=16,t=2,nn=1",1,"{""n"": 24.0, ""L"": 16.0, ""t"": 2.0, ""nn"": 1.0}",auto,ok,0.000322,0.0046,2621440,-0.0,0,-0.0,0.0,switched_at=None dense_qubits=0 peak_terms=0 term_visits=0 dense_ops=0 frame_secs=0.000316 restarted=false,"{""n"": 24, ""gates"": 549, ""g2"": 184, ""g3"": 0, ""depth2"": 16, ""t_count"": 2, ""rotations"": 2, ""d"": 2, ""dense_l"": 2.585, ""redundant"": 0, ""obs_zero"": true, ""frame_l"": 9.1007, ""chi_bits"": 8, ""mps_l"": 27.4594, ""hsf_k"": 8, ""hsf_na"": 12, ""hsf_nb"": 12, ""hsf_l"": 31.1815, ""sup"": 24, ""chi_bits0"": 8, ""mps_l0"": 27.4594, ""hsf_keff"": 7, ""hsf_l0"": 32.1815, ""sparse_l"": 33.1007, ""sv_l"": 33.1007, ""feat_secs"": 0.006118, ""feat_secs_frame"": 0.00044, ""feat_secs_hsf"": 0.005454}"
ct,"ct:n=24,L=16,t=8,nn=1",1,"{""n"": 24.0, ""L"": 16.0, ""t"": 8.0, ""nn"": 1.0}",auto,ok,0.000319,0.0043,2621440,-0.0,0,-0.0,0.0,switched_at=None dense_qubits=0 peak_terms=0 term_visits=0 dense_ops=0 frame_secs=0.000315 restarted=false,"{""n"": 24, ""gates"": 555, ""g2"": 184, ""g3"": 0, ""depth2"": 16, ""t_count"": 8, ""rotations"": 8, ""d"": 8, ""dense_l"": 8.9944, ""redundant"": 0, ""obs_zero"": true, ""frame_l"": 9.1163, ""chi_bits"": 8, ""mps_l"": 27.4605, ""hsf_k"": 8, ""hsf_na"": 12, ""hsf_nb"": 12, ""hsf_l"": 31.1833, ""sup"": 24, ""chi_bits0"": 8, ""mps_l0"": 27.4605, ""hsf_keff"": 7, ""hsf_l0"": 32.1833, ""sparse_l"": 33.1163, ""sv_l"": 33.1163, ""feat_secs"": 0.005497, ""feat_secs_frame"": 0.000366, ""feat_secs_hsf"": 0.004923}"
ct,"ct:n=24,L=16,t=16,nn=1",1,"{""n"": 24.0, ""L"": 16.0, ""t"": 16.0, ""nn"": 1.0}",auto,ok,0.000333,0.0064,2637824,-0.0,0,-0.0,0.0,switched_at=None dense_qubits=0 peak_terms=0 term_visits=0 dense_ops=0 frame_secs=0.000328 restarted=false,"{""n"": 24, ""gates"": 563, ""g2"": 184, ""g3"": 0, ""depth2"": 16, ""t_count"": 16, ""rotations"": 16, ""d"": 14, ""dense_l"": 15.0028, ""redundant"": 2, ""obs_zero"": true, ""frame_l"": 9.137, ""chi_bits"": 8, ""mps_l"": 27.4625, ""hsf_k"": 8, ""hsf_na"": 12, ""hsf_nb"": 12, ""hsf_l"": 31.1858, ""sup"": 24, ""chi_bits0"": 8, ""mps_l0"": 27.4625, ""hsf_keff"": 7, ""hsf_l0"": 32.1858, ""sparse_l"": 33.137, ""sv_l"": 33.137, ""feat_secs"": 0.005703, ""feat_secs_frame"": 0.000423, ""feat_secs_hsf"": 0.00506}"
ct,"ct:n=24,L=16,t=32,nn=1",1,"{""n"": 24.0, ""L"": 16.0, ""t"": 32.0, ""nn"": 1.0}",auto,ok,0.000368,0.0044,2654208,-0.0,0,-0.0,0.0,switched_at=None dense_qubits=0 peak_terms=0 term_visits=0 dense_ops=0 frame_secs=0.000362 restarted=false,"{""n"": 24, ""gates"": 623, ""g2"": 184, ""g3"": 0, ""depth2"": 16, ""t_count"": 32, ""rotations"": 32, ""d"": 22, ""dense_l"": 23.5869, ""redundant"": 10, ""obs_zero"": true, ""frame_l"": 9.2831, ""chi_bits"": 8, ""mps_l"": 27.4623, ""hsf_k"": 8, ""hsf_na"": 12, ""hsf_nb"": 12, ""hsf_l"": 32.2043, ""sup"": 24, ""chi_bits0"": 8, ""mps_l0"": 27.4623, ""hsf_keff"": 8, ""hsf_l0"": 32.2043, ""sparse_l"": 33.2831, ""sv_l"": 33.2831, ""feat_secs"": 0.005565, ""feat_secs_frame"": 0.000413, ""feat_secs_hsf"": 0.004921}"
ct,"ct:n=24,L=16,t=64,nn=1",1,"{""n"": 24.0, ""L"": 16.0, ""t"": 64.0, ""nn"": 1.0}",auto,ok,0.01321,0.0185,8519680,-0.0002101704842347783,3,-0.0002101704842347783,0.0,switched_at=Some(3) dense_qubits=3 peak_terms=34992 term_visits=444323 dense_ops=142 frame_secs=0.013199 restarted=false,"{""n"": 24, ""gates"": 666, ""g2"": 184, ""g3"": 0, ""depth2"": 16, ""t_count"": 64, ""rotations"": 64, ""d"": 24, ""dense_l"": 28.12, ""redundant"": 40, ""obs_zero"": false, ""frame_l"": 26.0, ""chi_bits"": 8, ""mps_l"": 27.4658, ""hsf_k"": 8, ""hsf_na"": 12, ""hsf_nb"": 12, ""hsf_l"": 32.2174, ""sup"": 24, ""chi_bits0"": 8, ""mps_l0"": 27.4658, ""hsf_keff"": 8, ""hsf_l0"": 32.2174, ""sparse_l"": 33.3794, ""sv_l"": 33.3794, ""feat_secs"": 0.006139, ""feat_secs_frame"": 0.000467, ""feat_secs_hsf"": 0.005424}"
ct,"ct:n=24,L=32,t=2,nn=1",1,"{""n"": 24.0, ""L"": 32.0, ""t"": 2.0, ""nn"": 1.0}",auto,ok,0.000517,0.0074,2670592,-0.0,0,-0.0,0.0,switched_at=None dense_qubits=0 peak_terms=0 term_visits=0 dense_ops=0 frame_secs=0.000512 restarted=false,"{""n"": 24, ""gates"": 1125, ""g2"": 368, ""g3"": 0, ""depth2"": 32, ""t_count"": 2, ""rotations"": 2, ""d"": 2, ""dense_l"": 2.585, ""redundant"": 0, ""obs_zero"": true, ""frame_l"": 10.1357, ""chi_bits"": 12, ""mps_l"": 38.796, ""hsf_k"": 16, ""hsf_na"": 12, ""hsf_nb"": 12, ""hsf_l"": 38.3501, ""sup"": 24, ""chi_bits0"": 12, ""mps_l0"": 38.796, ""hsf_keff"": 14, ""hsf_l0"": 40.3501, ""sparse_l"": 34.1357, ""sv_l"": 34.1357, ""feat_secs"": 0.006576, ""feat_secs_frame"": 0.000718, ""feat_secs_hsf"": 0.005466}"
ct,"ct:n=24,L=32,t=8,nn=1",1,"{""n"": 24.0, ""L"": 32.0, ""t"": 8.0, ""nn"": 1.0}",auto,ok,0.000526,0.0077,2670592,-0.0,0,-0.0,0.0,switched_at=None dense_qubits=0 peak_terms=0 term_visits=0 dense_ops=0 frame_secs=0.000521 restarted=false,"{""n"": 24, ""gates"": 1122, ""g2"": 368, ""g3"": 0, ""depth2"": 32, ""t_count"": 8, ""rotations"": 8, ""d"": 8, ""dense_l"": 8.9944, ""redundant"": 0, ""obs_zero"": true, ""frame_l"": 10.1319, ""chi_bits"": 12, ""mps_l"": 38.7963, ""hsf_k"": 16, ""hsf_na"": 12, ""hsf_nb"": 12, ""hsf_l"": 39.3493, ""sup"": 24, ""chi_bits0"": 12, ""mps_l0"": 38.7963, ""hsf_keff"": 15, ""hsf_l0"": 40.3493, ""sparse_l"": 34.1319, ""sv_l"": 34.1319, ""feat_secs"": 0.00641, ""feat_secs_frame"": 0.000724, ""feat_secs_hsf"": 0.00527}"
ct,"ct:n=24,L=32,t=16,nn=1",1,"{""n"": 24.0, ""L"": 32.0, ""t"": 16.0, ""nn"": 1.0}",auto,ok,0.000506,0.0068,2654208,-0.0,0,-0.0,0.0,switched_at=None dense_qubits=0 peak_terms=0 term_visits=0 dense_ops=0 frame_secs=0.000501 restarted=false,"{""n"": 24, ""gates"": 1129, ""g2"": 368, ""g3"": 0, ""depth2"": 32, ""t_count"": 16, ""rotations"": 16, ""d"": 16, ""dense_l"": 17.0, ""redundant"": 0, ""obs_zero"": true, ""frame_l"": 10.1408, ""chi_bits"": 12, ""mps_l"": 38.7962, ""hsf_k"": 16, ""hsf_na"": 12, ""hsf_nb"": 12, ""hsf_l"": 38.3512, ""sup"": 24, ""chi_bits0"": 12, ""mps_l0"": 38.7962, ""hsf_keff"": 14, ""hsf_l0"": 40.3512, ""sparse_l"": 34.1408, ""sv_l"": 34.1408, ""feat_secs"": 0.00664, ""feat_secs_frame"": 0.000787, ""feat_secs_hsf"": 0.005413}"
ct,"ct:n=24,L=32,t=32,nn=1",1,"{""n"": 24.0, ""L"": 32.0, ""t"": 32.0, ""nn"": 1.0}",auto,ok,0.000571,0.0075,2736128,-0.0,0,-0.0,0.0,switched_at=None dense_qubits=0 peak_terms=4 term_visits=12 dense_ops=0 frame_secs=0.000567 restarted=false,"{""n"": 24, ""gates"": 1207, ""g2"": 368, ""g3"": 0, ""depth2"": 32, ""t_count"": 32, ""rotations"": 32, ""d"": 23, ""dense_l"": 25.0255, ""redundant"": 9, ""obs_zero"": false, ""frame_l"": 9.5, ""chi_bits"": 12, ""mps_l"": 38.7962, ""hsf_k"": 16, ""hsf_na"": 12, ""hsf_nb"": 12, ""hsf_l"": 39.3726, ""sup"": 24, ""chi_bits0"": 12, ""mps_l0"": 38.7962, ""hsf_keff"": 15, ""hsf_l0"": 40.3726, ""sparse_l"": 34.2372, ""sv_l"": 34.2372, ""feat_secs"": 0.006289, ""feat_secs_frame"": 0.000762, ""feat_secs_hsf"": 0.005093}"
ct,"ct:n=24,L=32,t=64,nn=1",1,"{""n"": 24.0, ""L"": 32.0, ""t"": 64.0, ""nn"": 1.0}",auto,ok,0.00058,0.0065,2686976,-0.0,0,-0.0,0.0,switched_at=None dense_qubits=0 peak_terms=0 term_visits=0 dense_ops=0 frame_secs=0.000575 restarted=false,"{""n"": 24, ""gates"": 1229, ""g2"": 368, ""g3"": 0, ""depth2"": 32, ""t_count"": 64, ""rotations"": 64, ""d"": 23, ""dense_l"": 28.2288, ""redundant"": 41, ""obs_zero"": true, ""frame_l"": 10.2633, ""chi_bits"": 12, ""mps_l"": 38.796, ""hsf_k"": 16, ""hsf_na"": 12, ""hsf_nb"": 12, ""hsf_l"": 40.3786, ""sup"": 24, ""chi_bits0"": 12, ""mps_l0"": 38.796, ""hsf_keff"": 16, ""hsf_l0"": 40.3786, ""sparse_l"": 34.2633, ""sv_l"": 34.2633, ""feat_secs"": 0.006277, ""feat_secs_frame"": 0.00077, ""feat_secs_hsf"": 0.005072}"
ct,"ct:n=32,L=1,t=4,nn=1",1,"{""n"": 32.0, ""L"": 1.0, ""t"": 4.0, ""nn"": 1.0}",auto,ok,0.000235,0.0045,2473984,-0.0,0,-0.0,0.0,switched_at=None dense_qubits=0 peak_terms=0 term_visits=0 dense_ops=0 frame_secs=0.000230 restarted=false,"{""n"": 32, ""gates"": 53, ""g2"": 16, ""g3"": 0, ""depth2"": 1, ""t_count"": 4, ""rotations"": 4, ""d"": 3, ""dense_l"": 4.0, ""redundant"": 1, ""obs_zero"": true, ""frame_l"": 5.7279, ""chi_bits"": 1, ""mps_l"": 7.3663, ""hsf_k"": 0, ""hsf_na"": 16, ""hsf_nb"": 16, ""hsf_l"": 32.0012, ""sup"": 18, ""chi_bits0"": 1, ""mps_l0"": 7.3663, ""hsf_keff"": 0, ""hsf_l0"": 32.0012, ""sparse_l"": 23.7279, ""sv_l"": 37.7279, ""feat_secs"": 0.005614, ""feat_secs_frame"": 0.000103, ""feat_secs_hsf"": 0.005463}"
ct,"ct:n=32,L=1,t=16,nn=1",1,"{""n"": 32.0, ""L"": 1.0, ""t"": 16.0, ""nn"": 1.0}",auto,ok,8.4e-05,0.0045,2162688,-0.0,0,-0.0,0.0,switched_at=None dense_qubits=0 peak_terms=0 term_visits=0 dense_ops=0 frame_secs=0.000078 restarted=false,"{""n"": 32, ""gates"": 76, ""g2"": 16, ""g3"": 0, ""depth2"": 1, ""t_count"": 16, ""rotations"": 16, ""d"": 8, ""dense_l"": 9.8486, ""redundant"": 8, ""obs_zero"": true, ""frame_l"": 6.2479, ""chi_bits"": 1, ""mps_l"": 7.5546, ""hsf_k"": 0, ""hsf_na"": 16, ""hsf_nb"": 16, ""hsf_l"": 32.0017, ""sup"": 25, ""chi_bits0"": 1, ""mps_l0"": 7.5546, ""hsf_keff"": 0, ""hsf_l0"": 32.0017, ""sparse_l"": 31.2479, ""sv_l"": 38.2479, ""feat_secs"": 0.005458, ""feat_secs_frame"": 8.2e-05, ""feat_secs_hsf"": 0.005326}"
ct,"ct:n=32,L=1,t=32,nn=1",1,"{""n"": 32.0, ""L"": 1.0, ""t"": 32.0, ""nn"": 1.0}",auto,ok,9.5e-05,0.0045,2179072,-0.0,0,-0.0,0.0,switched_at=None dense_qubits=0 peak_terms=0 term_visits=0 dense_ops=0 frame_secs=0.000089 restarted=false,"{""n"": 32, ""gates"": 108, ""g2"": 16, ""g3"": 0, ""depth2"": 1, ""t_count"": 32, ""rotations"": 32, ""d"": 17, ""dense_l"": 19.1103, ""redundant"": 15, ""obs_zero"": true, ""frame_l"": 6.7549, ""chi_bits"": 1, ""mps_l"": 7.7814, ""hsf_k"": 0, ""hsf_na"": 16, ""hsf_nb"": 16, ""hsf_l"": 32.0024, ""sup"": 32, ""chi_bits0"": 1, ""mps_l0"": 7.7814, ""hsf_keff"": 0, ""hsf_l0"": 32.0024, ""sparse_l"": 38.7549, ""sv_l"": 38.7549, ""feat_secs"": 0.005579, ""feat_secs_frame"": 0.000104, ""feat_secs_hsf"": 0.005416}"
ct,"ct:n=32,L=1,t=64,nn=1",1,"{""n"": 32.0, ""L"": 1.0, ""t"": 64.0, ""nn"": 1.0}",auto,ok,0.000236,0.0046,2555904,-0.0,0,-0.0,0.0,switched_at=None dense_qubits=0 peak_terms=0 term_visits=0 dense_ops=0 frame_secs=0.000231 restarted=false,"{""n"": 32, ""gates"": 178, ""g2"": 16, ""g3"": 0, ""depth2"": 1, ""t_count"": 64, ""rotations"": 64, ""d"": 25, ""dense_l"": 26.9864, ""redundant"": 39, ""obs_zero"": true, ""frame_l"": 7.4757, ""chi_bits"": 1, ""mps_l"": 8.1799, ""hsf_k"": 0, ""hsf_na"": 16, ""hsf_nb"": 16, ""hsf_l"": 32.0039, ""sup"": 30, ""chi_bits0"": 1, ""mps_l0"": 8.1799, ""hsf_keff"": 0, ""hsf_l0"": 32.0039, ""sparse_l"": 37.4757, ""sv_l"": 39.4757, ""feat_secs"": 0.005608, ""feat_secs_frame"": 0.000141, ""feat_secs_hsf"": 0.005381}"
ct,"ct:n=32,L=2,t=4,nn=1",1,"{""n"": 32.0, ""L"": 2.0, ""t"": 4.0, ""nn"": 1.0}",auto,ok,0.000105,0.0045,2211840,-0.0,0,-0.0,0.0,switched_at=None dense_qubits=0 peak_terms=0 term_visits=0 dense_ops=0 frame_secs=0.000099 restarted=false,"{""n"": 32, ""gates"": 100, ""g2"": 31, ""g3"": 0, ""depth2"": 2, ""t_count"": 4, ""rotations"": 4, ""d"": 3, ""dense_l"": 4.4594, ""redundant"": 1, ""obs_zero"": true, ""frame_l"": 6.6439, ""chi_bits"": 1, ""mps_l"": 8.7715, ""hsf_k"": 1, ""hsf_na"": 16, ""hsf_nb"": 16, ""hsf_l"": 33.0022, ""sup"": 27, ""chi_bits0"": 1, ""mps_l0"": 8.7715, ""hsf_keff"": 1, ""hsf_l0"": 33.0022, ""sparse_l"": 33.6439, ""sv_l"": 38.6439, ""feat_secs"": 0.012978, ""feat_secs_frame"": 0.00012, ""feat_secs_hsf"": 0.012752}"
ct,"ct:n=32,L=2,t=16,nn=1",1,"{""n"": 32.0, ""L"": 2.0, ""t"": 16.0, ""nn"": 1.0}",auto,ok,0.000115,0.0047,2195456,-0.0,0,-0.0,0.0,switched_at=None dense_qubits=0 peak_terms=0 term_visits=0 dense_ops=0 frame_secs=0.000109 restarted=false,"{""n"": 32, ""gates"": 126, ""g2"": 31, ""g3"": 0, ""depth2"": 2, ""t_count"": 16, ""rotations"": 16, ""d"": 7, ""dense_l"": 9.0901, ""redundant"": 9, ""obs_zero"": true, ""frame_l"": 6.9773, ""chi_bits"": 1, ""mps_l"": 8.9715, ""hsf_k"": 1, ""hsf_na"": 16, ""hsf_nb"": 16, ""hsf_l"": 33.0028, ""sup"": 32, ""chi_bits0"": 1, ""mps_l0"": 8.9715, ""hsf_keff"": 1, ""hsf_l0"": 33.0028, ""sparse_l"": 38.9773, ""sv_l"": 38.9773, ""feat_secs"": 0.012684, ""feat_secs_frame"": 0.000118, ""feat_secs_hsf"": 0.012502}"
ct,"ct:n=32,L=2,t=32,nn=1",1,"{""n"": 32.0, ""L"": 2.0, ""t"": 32.0, ""nn"": 1.0}",auto,ok,0.000267,0.0045,2539520,-0.0,0,-0.0,0.0,switched_at=None dense_qubits=0 peak_terms=0 term_visits=0 dense_ops=0 frame_secs=0.000262 restarted=false,"{""n"": 32, ""gates"": 154, ""g2"": 31, ""g3"": 0, ""depth2"": 2, ""t_count"": 32, ""rotations"": 32, ""d"": 17, ""dense_l"": 18.7129, ""redundant"": 15, ""obs_zero"": true, ""frame_l"": 7.2668, ""chi_bits"": 1, ""mps_l"": 9.1599, ""hsf_k"": 1, ""hsf_na"": 16, ""hsf_nb"": 16, ""hsf_l"": 33.0034, ""sup"": 31, ""chi_bits0"": 1, ""mps_l0"": 9.1599, ""hsf_keff"": 1, ""hsf_l0"": 33.0034, ""sparse_l"": 38.2668, ""sv_l"": 39.2668, ""feat_secs"": 0.012801, ""feat_secs_frame"": 0.000125, ""feat_secs_hsf"": 0.012603}"
ct,"ct:n=32,L=2,t=64,nn=1",1,"{""n"": 32.0, ""L"": 2.0, ""t"": 64.0, ""nn"": 1.0}",auto,ok,0.000248,0.0046,2555904,-0.0,0,-0.0,0.0,switched_at=None dense_qubits=0 peak_terms=0 term_visits=0 dense_ops=0 frame_secs=0.000243 restarted=false,"{""n"": 32, ""gates"": 226, ""g2"": 31, ""g3"": 0, ""depth2"": 2, ""t_count"": 64, ""rotations"": 64, ""d"": 24, ""dense_l"": 27.0931, ""redundant"": 40, ""obs_zero"": true, ""frame_l"": 7.8202, ""chi_bits"": 1, ""mps_l"": 9.5196, ""hsf_k"": 1, ""hsf_na"": 16, ""hsf_nb"": 16, ""hsf_l"": 33.005, ""sup"": 32, ""chi_bits0"": 1, ""mps_l0"": 9.5196, ""hsf_keff"": 1, ""hsf_l0"": 33.005, ""sparse_l"": 39.8202, ""sv_l"": 39.8202, ""feat_secs"": 0.012671, ""feat_secs_frame"": 0.00016, ""feat_secs_hsf"": 0.012408}"
ct,"ct:n=32,L=4,t=4,nn=1",1,"{""n"": 32.0, ""L"": 4.0, ""t"": 4.0, ""nn"": 1.0}",auto,ok,0.000222,0.0064,2523136,-0.0,0,-0.0,0.0,switched_at=None dense_qubits=0 peak_terms=0 term_visits=0 dense_ops=0 frame_secs=0.000216 restarted=false,"{""n"": 32, ""gates"": 197, ""g2"": 62, ""g3"": 0, ""depth2"": 4, ""t_count"": 4, ""rotations"": 4, ""d"": 4, ""dense_l"": 4.9069, ""redundant"": 0, ""obs_zero"": true, ""frame_l"": 7.6221, ""chi_bits"": 2, ""mps_l"": 11.5531, ""hsf_k"": 2, ""hsf_na"": 16, ""hsf_nb"": 16, ""hsf_l"": 34.0043, ""sup"": 32, ""chi_bits0"": 2, ""mps_l0"": 11.5531, ""hsf_keff"": 2, ""hsf_l0"": 34.0043, ""sparse_l"": 39.6221, ""sv_l"": 39.6221, ""feat_secs"": 0.01242, ""feat_secs_frame"": 0.00016, ""feat_secs_hsf"": 0.012171}"
ct,"ct:n=32,L=4,t=16,nn=1",1,"{""n"": 32.0, ""L"": 4.0, ""t"": 16.0, ""nn"": 1.0}",auto,ok,0.000269,0.0046,2523136,-0.0,0,-0.0,0.0,switched_at=None dense_qubits=0 peak_terms=0 term_visits=0 dense_ops=0 frame_secs=0.000264 restarted=false,"{""n"": 32, ""gates"": 227, ""g2"": 62, ""g3"": 0, ""depth2"": 4, ""t_count"": 16, ""rotations"": 16, ""d"": 11, ""dense_l"": 12.0878, ""redundant"": 5, ""obs_zero"": true, ""frame_l"": 7.8265, ""chi_bits"": 2, ""mps_l"": 11.6193, ""hsf_k"": 2, ""hsf_na"": 16, ""hsf_nb"": 16, ""hsf_l"": 34.005, ""sup"": 31, ""chi_bits0"": 2, ""mps_l0"": 11.6193, ""hsf_keff"": 2, ""hsf_l0"": 34.005, ""sparse_l"": 38.8265, ""sv_l"": 39.8265, ""feat_secs"": 0.012667, ""feat_secs_frame"": 0.000199, ""feat_secs_hsf"": 0.012359}"
ct,"ct:n=32,L=4,t=32,nn=1",1,"{""n"": 32.0, ""L"": 4.0, ""t"": 32.0, ""nn"": 1.0}",auto,ok,0.00026,0.0045,2539520,-0.0,0,-0.0,0.0,switched_at=None dense_qubits=0 peak_terms=0 term_visits=0 dense_ops=0 frame_secs=0.000254 restarted=false,"{""n"": 32, ""gates"": 250, ""g2"": 62, ""g3"": 0, ""depth2"": 4, ""t_count"": 32, ""rotations"": 32, ""d"": 20, ""dense_l"": 21.5266, ""redundant"": 12, ""obs_zero"": true, ""frame_l"": 7.9658, ""chi_bits"": 2, ""mps_l"": 11.6742, ""hsf_k"": 2, ""hsf_na"": 16, ""hsf_nb"": 16, ""hsf_l"": 34.0055, ""sup"": 32, ""chi_bits0"": 2, ""mps_l0"": 11.6742, ""hsf_keff"": 2, ""hsf_l0"": 34.0055, ""sparse_l"": 39.9658, ""sv_l"": 39.9658, ""feat_secs"": 0.012957, ""feat_secs_frame"": 0.000181, ""feat_secs_hsf"": 0.012674}"
ct,"ct:n=32,L=4,t=64,nn=1",1,"{""n"": 32.0, ""L"": 4.0, ""t"": 64.0, ""nn"": 1.0}",auto,ok,0.000247,0.0043,2572288,-0.0,0,-0.0,0.0,switched_at=None dense_qubits=0 peak_terms=0 term_visits=0 dense_ops=0 frame_secs=0.000242 restarted=false,"{""n"": 32, ""gates"": 324, ""g2"": 62, ""g3"": 0, ""depth2"": 4, ""t_count"": 64, ""rotations"": 64, ""d"": 27, ""dense_l"": 29.5919, ""redundant"": 37, ""obs_zero"": true, ""frame_l"": 8.3399, ""chi_bits"": 2, ""mps_l"": 11.7993, ""hsf_k"": 2, ""hsf_na"": 16, ""hsf_nb"": 16, ""hsf_l"": 34.0071, ""sup"": 32, ""chi_bits0"": 2, ""mps_l0"": 11.7993, ""hsf_keff"": 2, ""hsf_l0"": 34.0071, ""sparse_l"": 40.3399, ""sv_l"": 40.3399, ""feat_secs"": 0.012643, ""feat_secs_frame"": 0.000215, ""feat_secs_hsf"": 0.012299}"
ct,"ct:n=32,L=8,t=4,nn=1",1,"{""n"": 32.0, ""L"": 8.0, ""t"": 4.0, ""nn"": 1.0}",auto,ok,0.00028,0.0045,2588672,-0.0,0,-0.0,0.0,switched_at=None dense_qubits=0 peak_terms=0 term_visits=0 dense_ops=0 frame_secs=0.000275 restarted=false,"{""n"": 32, ""gates"": 382, ""g2"": 124, ""g3"": 0, ""depth2"": 8, ""t_count"": 4, ""rotations"": 4, ""d"": 4, ""dense_l"": 4.9069, ""redundant"": 0, ""obs_zero"": true, ""frame_l"": 8.5774, ""chi_bits"": 4, ""mps_l"": 17.0047, ""hsf_k"": 4, ""hsf_na"": 16, ""hsf_nb"": 16, ""hsf_l"": 36.0084, ""sup"": 32, ""chi_bits0"": 4, ""mps_l0"": 17.0047, ""hsf_keff"": 4, ""hsf_l0"": 36.0084, ""sparse_l"": 40.5774, ""sv_l"": 40.5774, ""feat_secs"": 0.012932, ""feat_secs_frame"": 0.000259, ""feat_secs_hsf"": 0.012487}"
ct,"ct:n=32,L=8,t=16,nn=1",1,"{""n"": 32.0, ""L"": 8.0, ""t"": 16.0, ""nn"": 1.0}",auto,ok,0.000296,0.0045,2588672,-0.0,0,-0.0,0.0,switched_at=None dense_qubits=0 peak_terms=0 term_visits=0 dense_ops=0 frame_secs=0.000291 restarted=false,"{""n"": 32, ""gates"": 400, ""g2"": 124, ""g3"": 0, ""depth2"": 8, ""t_count"": 16, ""rotations"": 16, ""d"": 15, ""dense_l"": 16.0, ""redundant"": 1, ""obs_zero"": true, ""frame_l"": 8.6439, ""chi_bits"": 4, ""mps_l"": 17.0007, ""hsf_k"": 4, ""hsf_na"": 16, ""hsf_nb"": 16, ""hsf_l"": 36.0088, ""sup"": 32, ""chi_bits0"": 4, ""mps_l0"": 17.0007, ""hsf_keff"": 4, ""hsf_l0"": 36.0088, ""sparse_l"": 40.6439, ""sv_l"": 40.6439, ""feat_secs"": 0.013305, ""feat_secs_frame"": 0.0003, ""feat_secs_hsf"": 0.012845}"
ct,"ct:n=32,L=8,t=32,nn=1",1,"{""n"": 32.0, ""L"": 8.0, ""t"": 32.0, ""nn"": 1.0}",auto,ok,0.000262,0.0046,2588672,-0.0,0,-0.0,0.0,switched_at=None dense_qubits=0 peak_terms=0 term_visits=0 dense_ops=0 frame_secs=0.000257 restarted=false,"{""n"": 32, ""gates"": 426, ""g2"": 124, ""g3"": 0, ""depth2"": 8, ""t_count"": 32, ""rotations"": 32, ""d"": 23, ""dense_l"": 24.1504, ""redundant"": 9, ""obs_zero"": true, ""frame_l"": 8.7347, ""chi_bits"": 4, ""mps_l"": 17.0106, ""hsf_k"": 4, ""hsf_na"": 16, ""hsf_nb"": 16, ""hsf_l"": 36.0093, ""sup"": 32, ""chi_bits0"": 4, ""mps_l0"": 17.0106, ""hsf_keff"": 4, ""hsf_l0"": 36.0093, ""sparse_l"": 40.7347, ""sv_l"": 40.7347, ""feat_secs"": 0.012645, ""feat_secs_frame"": 0.000294, ""feat_secs_hsf"": 0.012183}"
ct,"ct:n=32,L=8,t=64,nn=1",1,"{""n"": 32.0, ""L"": 8.0, ""t"": 64.0, ""nn"": 1.0}",auto,ok,0.001641,0.0066,3031040,-0.0,0,-0.0,0.0,switched_at=None dense_qubits=0 peak_terms=1408 term_visits=6745 dense_ops=0 frame_secs=0.001636 restarted=false,"{""n"": 32, ""gates"": 506, ""g2"": 124, ""g3"": 0, ""depth2"": 8, ""t_count"": 64, ""rotations"": 64, ""d"": 30, ""dense_l"": 33.6497, ""redundant"": 34, ""obs_zero"": false, ""frame_l"": 23.0, ""chi_bits"": 4, ""mps_l"": 17.0482, ""hsf_k"": 4, ""hsf_na"": 16, ""hsf_nb"": 16, ""hsf_l"": 36.0111, ""sup"": 32, ""chi_bits0"": 4, ""mps_l0"": 17.0482, ""hsf_keff"": 4, ""hsf_l0"": 36.0111, ""sparse_l"": 40.983, ""sv_l"": 40.983, ""feat_secs"": 0.013054, ""feat_secs_frame"": 0.00032, ""feat_secs_hsf"": 0.012544}"
ct,"ct:n=32,L=16,t=4,nn=1",1,"{""n"": 32.0, ""L"": 16.0, ""t"": 4.0, ""nn"": 1.0}",auto,ok,0.000389,0.0045,2637824,-0.0,0,-0.0,0.0,switched_at=None dense_qubits=0 peak_terms=0 term_visits=0 dense_ops=0 frame_secs=0.000384 restarted=false,"{""n"": 32, ""gates"": 747, ""g2"": 248, ""g3"": 0, ""depth2"": 16, ""t_count"": 4, ""rotations"": 4, ""d"": 4, ""dense_l"": 4.9069, ""redundant"": 0, ""obs_zero"": true, ""frame_l"": 9.545, ""chi_bits"": 8, ""mps_l"": 28.3371, ""hsf_k"": 8, ""hsf_na"": 16, ""hsf_nb"": 16, ""hsf_l"": 40.0164, ""sup"": 32, ""chi_bits0"": 8, ""mps_l0"": 28.3371, ""hsf_keff"": 8, ""hsf_l0"": 40.0164, ""sparse_l"": 41.545, ""sv_l"": 41.545, ""feat_secs"": 0.013014, ""feat_secs_frame"": 0.000483, ""feat_secs_hsf"": 0.012247}"
ct,"ct:n=32,L=16,t=16,nn=1",1,"{""n"": 32.0, ""L"": 16.0, ""t"": 16.0, ""nn"": 1.0}",auto,ok,0.000401,0.0043,2654208,-0.0,0,-0.0,0.0,switched_at=None dense_qubits=0 peak_terms=0 term_visits=0 dense_ops=0 frame_secs=0.000396 restarted=false,"{""n"": 32, ""gates"": 775, ""g2"": 248, ""g3"": 0, ""depth2"": 16, ""t_count"": 16, ""rotations"": 16, ""d"": 15, ""dense_l"": 16.0, ""redundant"": 1, ""obs_zero"": true, ""frame_l"": 9.5981, ""chi_bits"": 8, ""mps_l"": 28.3376, ""hsf_k"": 8, ""hsf_na"": 16, ""hsf_nb"": 16, ""hsf_l"": 40.017, ""sup"": 32, ""chi_bits0"": 8, ""mps_l0"": 28.3376, ""hsf_keff"": 8, ""hsf_l0"": 40.017, ""sparse_l"": 41.5981, ""sv_l"": 41.5981, ""feat_secs"": 0.013212, ""feat_secs_frame"": 0.000504, ""feat_secs_hsf"": 0.012376}"
ct,"ct:n=32,L=16,t=32,nn=1",1,"{""n"": 32.0, ""L"": 16.0, ""t"": 32.0, ""nn"": 1.0}",auto,ok,0.000416,0.0045,2654208,-0.0,0,-0.0,0.0,switched_at=None dense_qubits=0 peak_terms=0 term_visits=0 dense_ops=0 frame_secs=0.000410 restarted=false,"{""n"": 32, ""gates"": 809, ""g2"": 248, ""g3"": 0, ""depth2"": 16, ""t_count"": 32, ""rotations"": 32, ""d"": 26, ""dense_l"": 27.1523, ""redundant"": 6, ""obs_zero"": true, ""frame_l"": 9.66, ""chi_bits"": 8, ""mps_l"": 28.3378, ""hsf_k"": 8, ""hsf_na"": 16, ""hsf_nb"": 16, ""hsf_l"": 40.0177, ""sup"": 32, ""chi_bits0"": 8, ""mps_l0"": 28.3378, ""hsf_keff"": 8, ""hsf_l0"": 40.0177, ""sparse_l"": 41.66, ""sv_l"": 41.66, ""feat_secs"": 0.013269, ""feat_secs_frame"": 0.000552, ""feat_secs_hsf"": 0.012351}"
ct,"ct:n=32,L=16,t=64,nn=1",1,"{""n"": 32.0, ""L"": 16.0, ""t"": 64.0, ""nn"": 1.0}",auto,ok,0.000698,0.0074,2736128,-0.0,0,-0.0,0.0,switched_at=None dense_qubits=0 peak_terms=16 term_visits=117 dense_ops=0 frame_secs=0.000693 restarted=false,"{""n"": 32, ""gates"": 872, ""g2"": 248, ""g3"": 0, ""depth2"": 16, ""t_count"": 64, ""rotations"": 64, ""d"": 32, ""dense_l"": 36.0817, ""redundant"": 32, ""obs_zero"": false, ""frame_l"": 22.0, ""chi_bits"": 8, ""mps_l"": 28.339, ""hsf_k"": 8, ""hsf_na"": 16, ""hsf_nb"": 16, ""hsf_l"": 40.0191, ""sup"": 32, ""chi_bits0"": 8, ""mps_l0"": 28.339, ""hsf_keff"": 8, ""hsf_l0"": 40.0191, ""sparse_l"": 41.7682, ""sv_l"": 41.7682, ""feat_secs"": 0.013228, ""feat_secs_frame"": 0.000545, ""feat_secs_hsf"": 0.012368}"
ct,"ct:n=32,L=32,t=4,nn=1",1,"{""n"": 32.0, ""L"": 32.0, ""t"": 4.0, ""nn"": 1.0}",auto,ok,0.000612,0.0074,2703360,-0.0,0,-0.0,0.0,switched_at=None dense_qubits=0 peak_terms=0 term_visits=0 dense_ops=0 frame_secs=0.000607 restarted=false,"{""n"": 32, ""gates"": 1498, ""g2"": 496, ""g3"": 0, ""depth2"": 32, ""t_count"": 4, ""rotations"": 4, ""d"": 4, ""dense_l"": 4.9069, ""redundant"": 0, ""obs_zero"": true, ""frame_l"": 10.5488, ""chi_bits"": 16, ""mps_l"": 48.8448, ""hsf_k"": 16, ""hsf_na"": 16, ""hsf_nb"": 16, ""hsf_l"": 48.0326, ""sup"": 32, ""chi_bits0"": 16, ""mps_l0"": 48.8448, ""hsf_keff"": 16, ""hsf_l0"": 48.0326, ""sparse_l"": 42.5488, ""sv_l"": 42.5488, ""feat_secs"": 0.014611, ""feat_secs_frame"": 0.001008, ""feat_secs_hsf"": 0.013081}"
ct,"ct:n=32,L=32,t=16,nn=1",1,"{""n"": 32.0, ""L"": 32.0, ""t"": 16.0, ""nn"": 1.0}",auto,ok,0.000604,0.0073,2703360,-0.0,0,-0.0,0.0,switched_at=None dense_qubits=0 peak_terms=0 term_visits=0 dense_ops=0 frame_secs=0.000599 restarted=false,"{""n"": 32, ""gates"": 1543, ""g2"": 496, ""g3"": 0, ""depth2"": 32, ""t_count"": 16, ""rotations"": 16, ""d"": 16, ""dense_l"": 17.0, ""redundant"": 0, ""obs_zero"": true, ""frame_l"": 10.5915, ""chi_bits"": 16, ""mps_l"": 48.8448, ""hsf_k"": 16, ""hsf_na"": 16, ""hsf_nb"": 16, ""hsf_l"": 47.0336, ""sup"": 32, ""chi_bits0"": 16, ""mps_l0"": 48.8448, ""hsf_keff"": 15, ""hsf_l0"": 48.0336, ""sparse_l"": 42.5915, ""sv_l"": 42.5915, ""feat_secs"": 0.013926, ""feat_secs_frame"": 0.000949, ""feat_secs_hsf"": 0.012466}"
ct,"ct:n=32,L=32,t=32,nn=1",1,"{""n"": 32.0, ""L"": 32.0, ""t"": 32.0, ""nn"": 1.0}",auto,ok,0.000597,0.0071,2686976,-0.0,0,-0.0,0.0,switched_at=None dense_qubits=0 peak_terms=0 term_visits=0 dense_ops=0 frame_secs=0.000592 restarted=false,"{""n"": 32, ""gates"": 1565, ""g2"": 496, ""g3"": 0, ""depth2"": 32, ""t_count"": 32, ""rotations"": 32, ""d"": 29, ""dense_l"": 30.3219, ""redundant"": 3, ""obs_zero"": true, ""frame_l"": 10.6119, ""chi_bits"": 16, ""mps_l"": 48.8448, ""hsf_k"": 16, ""hsf_na"": 16, ""hsf_nb"": 16, ""hsf_l"": 48.034, ""sup"": 32, ""chi_bits0"": 16, ""mps_l0"": 48.8448, ""hsf_keff"": 16, ""hsf_l0"": 48.034, ""sparse_l"": 42.6119, ""sv_l"": 42.6119, ""feat_secs"": 0.014099, ""feat_secs_frame"": 0.000961, ""feat_secs_hsf"": 0.012637}"
ct,"ct:n=32,L=32,t=64,nn=1",1,"{""n"": 32.0, ""L"": 32.0, ""t"": 64.0, ""nn"": 1.0}",auto,ok,0.002389,0.0075,3227648,-1.3588058916143e-22,5,-1.3588058916143e-22,0.0,switched_at=Some(6) dense_qubits=5 peak_terms=1180 term_visits=11255 dense_ops=511 frame_secs=0.002376 restarted=false,"{""n"": 32, ""gates"": 1627, ""g2"": 496, ""g3"": 0, ""depth2"": 32, ""t_count"": 64, ""rotations"": 64, ""d"": 32, ""dense_l"": 36.0928, ""redundant"": 32, ""obs_zero"": false, ""frame_l"": 22.0, ""chi_bits"": 16, ""mps_l"": 48.8448, ""hsf_k"": 16, ""hsf_na"": 16, ""hsf_nb"": 16, ""hsf_l"": 48.0354, ""sup"": 32, ""chi_bits0"": 16, ""mps_l0"": 48.8448, ""hsf_keff"": 16, ""hsf_l0"": 48.0354, ""sparse_l"": 42.668, ""sv_l"": 42.668, ""feat_secs"": 0.014615, ""feat_secs_frame"": 0.001087, ""feat_secs_hsf"": 0.012983}"
ct,"ct:n=20,L=1,t=4,nn=0",1,"{""n"": 20.0, ""L"": 1.0, ""t"": 4.0, ""nn"": 0.0}",auto,ok,5.9e-05,0.0044,2129920,-0.0,0,-0.0,0.0,switched_at=None dense_qubits=0 peak_terms=0 term_visits=0 dense_ops=0 frame_secs=0.000054 restarted=false,"{""n"": 20, ""gates"": 35, ""g2"": 10, ""g3"": 0, ""depth2"": 1, ""t_count"": 4, ""rotations"": 4, ""d"": 0, ""dense_l"": 2.0, ""redundant"": 4, ""obs_zero"": true, ""frame_l"": 5.1293, ""chi_bits"": 7, ""mps_l"": 25.5541, ""hsf_k"": 0, ""hsf_na"": 10, ""hsf_nb"": 10, ""hsf_l"": 20.0485, ""sup"": 13, ""chi_bits0"": 7, ""mps_l0"": 25.5541, ""hsf_keff"": 0, ""hsf_l0"": 20.0485, ""sparse_l"": 18.1293, ""sv_l"": 25.1293, ""feat_secs"": 0.001845, ""feat_secs_frame"": 5.4e-05, ""feat_secs_hsf"": 0.001765}"
ct,"ct:n=20,L=1,t=16,nn=0",1,"{""n"": 20.0, ""L"": 1.0, ""t"": 16.0, ""nn"": 0.0}",auto,ok,0.000338,0.0046,2490368,-0.0,0,-0.0,0.0,switched_at=None dense_qubits=0 peak_terms=0 term_visits=0 dense_ops=0 frame_secs=0.000322 restarted=false,"{""n"": 20, ""gates"": 58, ""g2"": 10, ""g3"": 0, ""depth2"": 1, ""t_count"": 16, ""rotations"": 16, ""d"": 8, ""dense_l"": 9.2192, ""redundant"": 8, ""obs_zero"": true, ""frame_l"": 5.858, ""chi_bits"": 5, ""mps_l"": 19.9326, ""hsf_k"": 0, ""hsf_na"": 10, ""hsf_nb"": 10, ""hsf_l"": 20.0795, ""sup"": 18, ""chi_bits0"": 5, ""mps_l0"": 19.9326, ""hsf_keff"": 0, ""hsf_l0"": 20.0795, ""sparse_l"": 23.858, ""sv_l"": 25.858, ""feat_secs"": 0.00186, ""feat_secs_frame"": 6.7e-05, ""feat_secs_hsf"": 0.001754}"
ct,"ct:n=20,L=1,t=32,nn=0",1,"{""n"": 20.0, ""L"": 1.0, ""t"": 32.0, ""nn"": 0.0}",auto,ok,0.000255,0.0045,2506752,-0.0,0,-0.0,0.0,switched_at=None dense_qubits=0 peak_terms=0 term_visits=0 dense_ops=0 frame_secs=0.000247 restarted=false,"{""n"": 20, ""gates"": 93, ""g2"": 10, ""g3"": 0, ""depth2"": 1, ""t_count"": 32, ""rotations"": 32, ""d"": 12, ""dense_l"": 14.5166, ""redundant"": 20, ""obs_zero"": true, ""frame_l"": 6.5392, ""chi_bits"": 7, ""mps_l"": 27.0644, ""hsf_k"": 0, ""hsf_na"": 10, ""hsf_nb"": 10, ""hsf_l"": 20.1254, ""sup"": 16, ""chi_bits0"": 7, ""mps_l0"": 27.0644, ""hsf_keff"": 0, ""hsf_l0"": 20.1254, ""sparse_l"": 22.5392, ""sv_l"": 26.5392, ""feat_secs"": 0.001913, ""feat_secs_frame"": 8.8e-05, ""feat_secs_hsf"": 0.001771}"
ct,"ct:n=20,L=2,t=4,nn=0",1,"{""n"": 20.0, ""L"": 2.0, ""t"": 4.0, ""nn"": 0.0}",auto,ok,7.8e-05,0.0065,2162688,-0.0,0,-0.0,0.0,switched_at=None dense_qubits=0 peak_terms=0 term_visits=0 dense_ops=0 frame_secs=0.000073 restarted=false,"{""n"": 20, ""gates"": 62, ""g2"": 20, ""g3"": 0, ""depth2"": 2, ""t_count"": 4, ""rotations"": 4, ""d"": 2, ""dense_l"": 3.4594, ""redundant"": 2, ""obs_zero"": true, ""frame_l"": 5.9542, ""chi_bits"": 10, ""mps_l"": 34.4327, ""hsf_k"": 0, ""hsf_na"": 10, ""hsf_nb"": 10, ""hsf_l"": 20.0848, ""sup"": 15, ""chi_bits0"": 10, ""mps_l0"": 34.4327, ""hsf_keff"": 0, ""hsf_l0"": 20.0848, ""sparse_l"": 20.9542, ""sv_l"": 25.9542, ""feat_secs"": 0.00297, ""feat_secs_frame"": 7.3e-05, ""feat_secs_hsf"": 0.002846}"
ct,"ct:n=20,L=2,t=16,nn=0",1,"{""n"": 20.0, ""L"": 2.0, ""t"": 16.0, ""nn"": 0.0}",auto,ok,0.000222,0.0065,2523136,-0.0,0,-0.0,0.0,switched_at=None dense_qubits=0 peak_terms=0 term_visits=0 dense_ops=0 frame_secs=0.000217 restarted=false,"{""n"": 20, ""gates"": 92, ""g2"": 20, ""g3"": 0, ""depth2"": 2, ""t_count"": 16, ""rotations"": 16, ""d"": 7, ""dense_l"": 9.2021, ""redundant"": 9, ""obs_zero"": true, ""frame_l"": 6.5236, ""chi_bits"": 10, ""mps_l"": 36.0684, ""hsf_k"": 2, ""hsf_na"": 10, ""hsf_nb"": 10, ""hsf_l"": 22.1241, ""sup"": 20, ""chi_bits0"": 10, ""mps_l0"": 36.0684, ""hsf_keff"": 2, ""hsf_l0"": 22.1241, ""sparse_l"": 26.5236, ""sv_l"": 26.5236, ""feat_secs"": 0.003112, ""feat_secs_frame"": 9.3e-05, ""feat_secs_hsf"": 0.002963}"
ct,"ct:n=20,L=2,t=32,nn=0",1,"{""n"": 20.0, ""L"": 2.0, ""t"": 32.0, ""nn"": 0.0}",auto,ok,0.000114,0.0070,2195456,-0.0,0,-0.0,0.0,switched_at=None dense_qubits=0 peak_terms=0 term_visits=0 dense_ops=0 frame_secs=0.000108 restarted=false,"{""n"": 20, ""gates"": 126, ""g2"": 20, ""g3"": 0, ""depth2"": 2, ""t_count"": 32, ""rotations"": 32, ""d"": 14, ""dense_l"": 16.9377, ""redundant"": 18, ""obs_zero"": true, ""frame_l"": 6.9773, ""chi_bits"": 10, ""mps_l"": 34.8181, ""hsf_k"": 0, ""hsf_na"": 8, ""hsf_nb"": 12, ""hsf_l"": 20.5774, ""sup"": 20, ""chi_bits0"": 10, ""mps_l0"": 34.8181, ""hsf_keff"": 0, ""hsf_l0"": 20.5774, ""sparse_l"": 26.9773, ""sv_l"": 26.9773, ""feat_secs"": 0.002572, ""feat_secs_frame"": 0.000113, ""feat_secs_hsf"": 0.002398}"
ct,"ct:n=20,L=4,t=4,nn=0",1,"{""n"": 20.0, ""L"": 4.0, ""t"": 4.0, ""nn"": 0.0}",auto,ok,0.00023,0.0047,2539520,-0.0,0,-0.0,0.0,switched_at=None dense_qubits=0 peak_terms=0 term_visits=0 dense_ops=0 frame_secs=0.000225 restarted=false,"{""n"": 20, ""gates"": 122, ""g2"": 40, ""g3"": 0, ""depth2"": 4, ""t_count"": 4, ""rotations"": 4, ""d"": 3, ""dense_l"": 4.1699, ""redundant"": 1, ""obs_zero"": true, ""frame_l"": 6.9307, ""chi_bits"": 10, ""mps_l"": 37.7999, ""hsf_k"": 10, ""hsf_na"": 10, ""hsf_nb"": 10, ""hsf_l"": 26.1624, ""sup"": 19, ""chi_bits0"": 10, ""mps_l0"": 37.7999, ""hsf_keff"": 6, ""hsf_l0"": 30.1624, ""sparse_l"": 25.9307, ""sv_l"": 26.9307, ""feat_secs"": 0.004752, ""feat_secs_frame"": 0.000112, ""feat_secs_hsf"": 0.004571}"
ct,"ct:n=20,L=4,t=16,nn=0",1,"{""n"": 20.0, ""L"": 4.0, ""t"": 16.0, ""nn"": 0.0}",auto,ok,0.000231,0.0047,2523136,-0.0,0,-0.0,0.0,switched_at=None dense_qubits=0 peak_terms=0 term_visits=0 dense_ops=0 frame_secs=0.000224 restarted=false,"{""n"": 20, ""gates"": 156, ""g2"": 40, ""g3"": 0, ""depth2"": 4, ""t_count"": 16, ""rotations"": 16, ""d"": 10, ""dense_l"": 11.3685, ""redundant"": 6, ""obs_zero"": true, ""frame_l"": 7.2854, ""chi_bits"": 10, ""mps_l"": 38.1076, ""hsf_k"": 8, ""hsf_na"": 10, ""hsf_nb"": 10, ""hsf_l"": 28.2046, ""sup"": 20, ""chi_bits0"": 10, ""mps_l0"": 38.1076, ""hsf_keff"": 8, ""hsf_l0"": 28.2046, ""sparse_l"": 27.2854, ""sv_l"": 27.2854, ""feat_secs"": 0.005158, ""feat_secs_frame"": 0.000139, ""feat_secs_hsf"": 0.00494}"
ct,"ct:n=20,L=4,t=32,nn=0",1,"{""n"": 20.0, ""L"": 4.0, ""t"": 32.0, ""nn"": 0.0}",auto,ok,0.000236,0.0045,2523136,-0.0,0,-0.0,0.0,switched_at=None dense_qubits=0 peak_terms=0 term_visits=0 dense_ops=0 frame_secs=0.000230 restarted=false,"{""n"": 20, ""gates"": 182, ""g2"": 40, ""g3"": 0, ""depth2"": 4, ""t_count"": 32, ""rotations"": 32, ""d"": 14, ""dense_l"": 15.1186, ""redundant"": 18, ""obs_zero"": true, ""frame_l"": 7.5078, ""chi_bits"": 10, ""mps_l"": 37.3954, ""hsf_k"": 8, ""hsf_na"": 8, ""hsf_nb"": 12, ""hsf_l"": 28.7748, ""sup"": 20, ""chi_bits0"": 10, ""mps_l0"": 37.3954, ""hsf_keff"": 8, ""hsf_l0"": 28.7748, ""sparse_l"": 27.5078, ""sv_l"": 27.5078, ""feat_secs"": 0.004463, ""feat_secs_frame"": 0.000147, ""feat_secs_hsf"": 0.004218}"
ct,"ct:n=20,L=8,t=4,nn=0",1,"{""n"": 20.0, ""L"": 8.0, ""t"": 4.0, ""nn"": 0.0}",auto,ok,0.000239,0.0046,2539520,-0.0,0,-0.0,0.0,switched_at=None dense_qubits=0 peak_terms=0 term_visits=0 dense_ops=0 frame_secs=0.000233 restarted=false,"{""n"": 20, ""gates"": 240, ""g2"": 80, ""g3"": 0, ""depth2"": 8, ""t_count"": 4, ""rotations"": 4, ""d"": 4, ""dense_l"": 4.9069, ""redundant"": 0, ""obs_zero"": true, ""frame_l"": 7.9069, ""chi_bits"": 10, ""mps_l"": 39.2569, ""hsf_k"": 22, ""hsf_na"": 6, ""hsf_nb"": 14, ""hsf_l"": 38.2479, ""sup"": 20, ""chi_bits0"": 10, ""mps_l0"": 39.2569, ""hsf_keff"": 16, ""hsf_l0"": 44.2479, ""sparse_l"": 27.9069, ""sv_l"": 27.9069, ""feat_secs"": 0.008881, ""feat_secs_frame"": 0.000177, ""feat_secs_hsf"": 0.008588}"
ct,"ct:n=20,L=8,t=16,nn=0",1,"{""n"": 20.0, ""L"": 8.0, ""t"": 16.0, ""nn"": 0.0}",auto,ok,0.000254,0.0045,2555904,-0.0,0,-0.0,0.0,switched_at=None dense_qubits=0 peak_terms=0 term_visits=0 dense_ops=0 frame_secs=0.000248 restarted=false,"{""n"": 20, ""gates"": 272, ""g2"": 80, ""g3"": 0, ""depth2"": 8, ""t_count"": 16, ""rotations"": 16, ""d"": 14, ""dense_l"": 15.0875, ""redundant"": 2, ""obs_zero"": true, ""frame_l"": 8.0875, ""chi_bits"": 10, ""mps_l"": 39.345, ""hsf_k"": 20, ""hsf_na"": 7, ""hsf_nb"": 13, ""hsf_l"": 38.6439, ""sup"": 20, ""chi_bits0"": 10, ""mps_l0"": 39.345, ""hsf_keff"": 17, ""hsf_l0"": 41.6439, ""sparse_l"": 28.0875, ""sv_l"": 28.0875, ""feat_secs"": 0.010958, ""feat_secs_frame"": 0.000263, ""feat_secs_hsf"": 0.010551}"
ct,"ct:n=20,L=8,t=32,nn=0",1,"{""n"": 20.0, ""L"": 8.0, ""t"": 32.0, ""nn"": 0.0}",auto,ok,0.000533,0.0073,2670592,-0.0,0,-0.0,0.0,switched_at=None dense_qubits=0 peak_terms=4 term_visits=46 dense_ops=0 frame_secs=0.000529 restarted=false,"{""n"": 20, ""gates"": 298, ""g2"": 80, ""g3"": 0, ""depth2"": 8, ""t_count"": 32, ""rotations"": 32, ""d"": 19, ""dense_l"": 22.2799, ""redundant"": 13, ""obs_zero"": false, ""frame_l"": 11.5, ""chi_bits"": 10, ""mps_l"": 39.3208, ""hsf_k"": 20, ""hsf_na"": 7, ""hsf_nb"": 13, ""hsf_l"": 39.7347, ""sup"": 20, ""chi_bits0"": 10, ""mps_l0"": 39.3208, ""hsf_keff"": 18, ""hsf_l0"": 41.7347, ""sparse_l"": 28.2192, ""sv_l"": 28.2192, ""feat_secs"": 0.00899, ""feat_secs_frame"": 0.00021, ""feat_secs_hsf"": 0.008648}"
ct,"ct:n=24,L=1,t=4,nn=0",1,"{""n"": 24.0, ""L"": 1.0, ""t"": 4.0, ""nn"": 0.0}",auto,ok,0.000189,0.0069,2473984,-0.0,0,-0.0,0.0,switched_at=None dense_qubits=0 peak_terms=0 term_visits=0 dense_ops=0 frame_secs=0.000183 restarted=false,"{""n"": 24, ""gates"": 44, ""g2"": 12, ""g3"": 0, ""depth2"": 1, ""t_count"": 4, ""rotations"": 4, ""d"": 1, ""dense_l"": 2.3219, ""redundant"": 3, ""obs_zero"": true, ""frame_l"": 5.4594, ""chi_bits"": 6, ""mps_l"": 21.6174, ""hsf_k"": 0, ""hsf_na"": 12, ""hsf_nb"": 12, ""hsf_l"": 24.0154, ""sup"": 16, ""chi_bits0"": 6, ""mps_l0"": 21.6174, ""hsf_keff"": 0, ""hsf_l0"": 24.0154, ""sparse_l"": 21.4594, ""sv_l"": 29.4594, ""feat_secs"": 0.002942, ""feat_secs_frame"": 9.2e-05, ""feat_secs_hsf"": 0.002808}"
ct,"ct:n=24,L=1,t=16,nn=0",1,"{""n"": 24.0, ""L"": 1.0, ""t"": 16.0, ""nn"": 0.0}",auto,ok,0.0001,0.0063,2179072,-0.0,0,-0.0,0.0,switched_at=None dense_qubits=0 peak_terms=0 term_visits=0 dense_ops=0 frame_secs=0.000094 restarted=false,"{""n"": 24, ""gates"": 64, ""g2"": 12, ""g3"": 0, ""depth2"": 1, ""t_count"": 16, ""rotations"": 16, ""d"": 9, ""dense_l"": 10.6493, ""redundant"": 7, ""obs_zero"": true, ""frame_l"": 6.0, ""chi_bits"": 8, ""mps_l"": 28.6952, ""hsf_k"": 0, ""hsf_na"": 12, ""hsf_nb"": 12, ""hsf_l"": 24.0224, ""sup"": 20, ""chi_bits0"": 8, ""mps_l0"": 28.6952, ""hsf_keff"": 0, ""hsf_l0"": 24.0224, ""sparse_l"": 26.0, ""sv_l"": 30.0, ""feat_secs"": 0.002978, ""feat_secs_frame"": 6.8e-05, ""feat_secs_hsf"": 0.002863}"
ct,"ct:n=24,L=1,t=32,nn=0",1,"{""n"": 24.0, ""L"": 1.0, ""t"": 32.0, ""nn"": 0.0}",auto,ok,0.000162,0.0065,2506752,-0.0,0,-0.0,0.0,switched_at=None dense_qubits=0 peak_terms=0 term_visits=0 dense_ops=0 frame_secs=0.000158 restarted=false,"{""n"": 24, ""gates"": 98, ""g2"": 12, ""g3"": 0, ""depth2"": 1, ""t_count"": 32, ""rotations"": 32, ""d"": 13, ""dense_l"": 15.7125, ""redundant"": 19, ""obs_zero"": true, ""frame_l"": 6.6147, ""chi_bits"": 7, ""mps_l"": 25.5809, ""hsf_k"": 0, ""hsf_na"": 12, ""hsf_nb"": 12, ""hsf_l"": 24.0341, ""sup"": 20, ""chi_bits0"": 7, ""mps_l0"": 25.5809, ""hsf_keff"": 0, ""hsf_l0"": 24.0341, ""sparse_l"": 26.6147, ""sv_l"": 30.6147, ""feat_secs"": 0.00303, ""feat_secs_frame"": 9e-05, ""feat_secs_hsf"": 0.00288}"
ct,"ct:n=24,L=2,t=4,nn=0",1,"{""n"": 24.0, ""L"": 2.0, ""t"": 4.0, ""nn"": 0.0}",auto,ok,0.000168,0.0039,2490368,-0.0,0,-0.0,0.0,switched_at=None dense_qubits=0 peak_terms=0 term_visits=0 dense_ops=0 frame_secs=0.000164 restarted=false,"{""n"": 24, ""gates"": 83, ""g2"": 24, ""g3"": 0, ""depth2"": 2, ""t_count"": 4, ""rotations"": 4, ""d"": 2, ""dense_l"": 3.3219, ""redundant"": 2, ""obs_zero"": true, ""frame_l"": 6.375, ""chi_bits"": 10, ""mps_l"": 35.9638, ""hsf_k"": 2, ""hsf_na"": 12, ""hsf_nb"": 12, ""hsf_l"": 26.0289, ""sup"": 22, ""chi_bits0"": 10, ""mps_l0"": 35.9638, ""hsf_keff"": 2, ""hsf_l0"": 26.0289, ""sparse_l"": 28.375, ""sv_l"": 30.375, ""feat_secs"": 0.004371, ""feat_secs_frame"": 8.8e-05, ""feat_secs_hsf"": 0.004235}"
ct,"ct:n=24,L=2,t=16,nn=0",1,"{""n"": 24.0, ""L"": 2.0, ""t"": 16.0, ""nn"": 0.0}",auto,ok,0.000182,0.0042,2523136,-0.0,0,-0.0,0.0,switched_at=None dense_qubits=0 peak_terms=0 term_visits=0 dense_ops=0 frame_secs=0.000177 restarted=false,"{""n"": 24, ""gates"": 104, ""g2"": 24, ""g3"": 0, ""depth2"": 2, ""t_count"": 16, ""rotations"": 16, ""d"": 8, ""dense_l"": 9.7245, ""redundant"": 8, ""obs_zero"": true, ""frame_l"": 6.7004, ""chi_bits"": 10, ""mps_l"": 36.3802, ""hsf_k"": 2, ""hsf_na"": 12, ""hsf_nb"": 12, ""hsf_l"": 26.0362, ""sup"": 24, ""chi_bits0"": 10, ""mps_l0"": 36.3802, ""hsf_keff"": 2, ""hsf_l0"": 26.0362, ""sparse_l"": 30.7004, ""sv_l"": 30.7004, ""feat_secs"": 0.004561, ""feat_secs_frame"": 0.000101, ""feat_secs_hsf"": 0.004396}"
ct,"ct:n=24,L=2,t=32,nn=0",1,"{""n"": 24.0, ""L"": 2.0, ""t"": 32.0, ""nn"": 0.0}",auto,ok,0.000242,0.0046,2539520,-0.0,0,-0.0,0.0,switched_at=None dense_qubits=0 peak_terms=0 term_visits=0 dense_ops=0 frame_secs=0.000237 restarted=false,"{""n"": 24, ""gates"": 136, ""g2"": 24, ""g3"": 0, ""depth2"": 2, ""t_count"": 32, ""rotations"": 32, ""d"": 14, ""dense_l"": 15.9494, ""redundant"": 18, ""obs_zero"": true, ""frame_l"": 7.0875, ""chi_bits"": 12, ""mps_l"": 42.0211, ""hsf_k"": 2, ""hsf_na"": 12, ""hsf_nb"": 12, ""hsf_l"": 26.0471, ""sup"": 24, ""chi_bits0"": 12, ""mps_l0"": 42.0211, ""hsf_keff"": 2, ""hsf_l0"": 26.0471, ""sparse_l"": 31.0875, ""sv_l"": 31.0875, ""feat_secs"": 0.004923, ""feat_secs_frame"": 0.00012, ""feat_secs_hsf"": 0.004694}"
ct,"ct:n=24,L=4,t=4,nn=0",1,"{""n"": 24.0, ""L"": 4.0, ""t"": 4.0, ""nn"": 0.0}",auto,ok,0.000226,0.0043,2539520,-0.0,0,-0.0,0.0,switched_at=None dense_qubits=0 peak_terms=0 term_visits=0 dense_ops=0 frame_secs=0.000219 restarted=false,"{""n"": 24, ""gates"": 156, ""g2"": 48, ""g3"": 0, ""depth2"": 4, ""t_count"": 4, ""rotations"": 4, ""d"": 4, ""dense_l"": 4.9069, ""redundant"": 0, ""obs_zero"": true, ""frame_l"": 7.2854, ""chi_bits"": 12, ""mps_l"": 43.1981, ""hsf_k"": 10, ""hsf_na"": 12, ""hsf_nb"": 12, ""hsf_l"": 33.0539, ""sup"": 24, ""chi_bits0"": 12, ""mps_l0"": 43.1981, ""hsf_keff"": 9, ""hsf_l0"": 34.0539, ""sparse_l"": 31.2854, ""sv_l"": 31.2854, ""feat_secs"": 0.007866, ""feat_secs_frame"": 0.000126, ""feat_secs_hsf"": 0.007663}"
ct,"ct:n=24,L=4,t=16,nn=0",1,"{""n"": 24.0, ""L"": 4.0, ""t"": 16.0, ""nn"": 0.0}",auto,ok,0.000213,0.0064,2539520,-0.0,0,-0.0,0.0,switched_at=None dense_qubits=0 peak_terms=0 term_visits=0 dense_ops=0 frame_secs=0.000206 restarted=false,"{""n"": 24, ""gates"": 186, ""g2"": 48, ""g3"": 0, ""depth2"": 4, ""t_count"": 16, ""rotations"": 16, ""d"": 11, ""dense_l"": 12.6163, ""redundant"": 5, ""obs_zero"": true, ""frame_l"": 7.5392, ""chi_bits"": 12, ""mps_l"": 43.9981, ""hsf_k"": 8, ""hsf_na"": 12, ""hsf_nb"": 12, ""hsf_l"": 29.0641, ""sup"": 24, ""chi_bits0"": 12, ""mps_l0"": 43.9981, ""hsf_keff"": 5, ""hsf_l0"": 32.0641, ""sparse_l"": 31.5392, ""sv_l"": 31.5392, ""feat_secs"": 0.007534, ""feat_secs_frame"": 0.000142, ""feat_secs_hsf"": 0.007302}"
ct,"ct:n=24,L=4,t=32,nn=0",1,"{""n"": 24.0, ""L"": 4.0, ""t"": 32.0, ""nn"": 0.0}",auto,ok,0.000248,0.0044,2539520,-0.0,0,-0.0,0.0,switched_at=None dense_qubits=0 peak_terms=0 term_visits=0 dense_ops=0 frame_secs=0.000240 restarted=false,"{""n"": 24, ""gates"": 205, ""g2"": 48, ""g3"": 0, ""depth2"": 4, ""t_count"": 32, ""rotations"": 32, ""d"": 17, ""dense_l"": 18.5276, ""redundant"": 15, ""obs_zero"": true, ""frame_l"": 7.6795, ""chi_bits"": 12, ""mps_l"": 44.1896, ""hsf_k"": 10, ""hsf_na"": 12, ""hsf_nb"": 12, ""hsf_l"": 32.0705, ""sup"": 24, ""chi_bits0"": 12, ""mps_l0"": 44.1896, ""hsf_keff"": 8, ""hsf_l0"": 34.0705, ""sparse_l"": 31.6795, ""sv_l"": 31.6795, ""feat_secs"": 0.008472, ""feat_secs_frame"": 0.00015, ""feat_secs_hsf"": 0.008223}"
ct,"ct:n=24,L=8,t=4,nn=0",1,"{""n"": 24.0, ""L"": 8.0, ""t"": 4.0, ""nn"": 0.0}",auto,ok,0.000231,0.0064,2588672,-0.0,0,-0.0,0.0,switched_at=None dense_qubits=0 peak_terms=0 term_visits=0 dense_ops=0 frame_secs=0.000226 restarted=false,"{""n"": 24, ""gates"": 292, ""g2"": 96, ""g3"": 0, ""depth2"": 8, ""t_count"": 4, ""rotations"": 4, ""d"": 4, ""dense_l"": 4.9069, ""redundant"": 0, ""obs_zero"": true, ""frame_l"": 8.1898, ""chi_bits"": 12, ""mps_l"": 45.5052, ""hsf_k"": 26, ""hsf_na"": 11, ""hsf_nb"": 13, ""hsf_l"": 48.1923, ""sup"": 24, ""chi_bits0"": 12, ""mps_l0"": 45.5052, ""hsf_keff"": 24, ""hsf_l0"": 50.1923, ""sparse_l"": 32.1898, ""sv_l"": 32.1898, ""feat_secs"": 0.016239, ""feat_secs_frame"": 0.000217, ""feat_secs_hsf"": 0.015854}"
ct,"ct:n=24,L=8,t=16,nn=0",1,"{""n"": 24.0, ""L"": 8.0, ""t"": 16.0, ""nn"": 0.0}",auto,ok,0.000305,0.0071,2572288,-0.0,0,-0.0,0.0,switched_at=None dense_qubits=0 peak_terms=0 term_visits=0 dense_ops=0 frame_secs=0.000300 restarted=false,"{""n"": 24, ""gates"": 327, ""g2"": 96, ""g3"": 0, ""depth2"": 8, ""t_count"": 16, ""rotations"": 16, ""d"": 12, ""dense_l"": 13.003, ""redundant"": 4, ""obs_zero"": true, ""frame_l"": 8.3531, ""chi_bits"": 12, ""mps_l"": 45.7354, ""hsf_k"": 24, ""hsf_na"": 8, ""hsf_nb"": 16, ""hsf_l"": 46.1874, ""sup"": 24, ""chi_bits0"": 12, ""mps_l0"": 45.7354, ""hsf_keff"": 21, ""hsf_l0"": 49.1874, ""sparse_l"": 32.3531, ""sv_l"": 32.3531, ""feat_secs"": 0.015799, ""feat_secs_frame"": 0.000243, ""feat_secs_hsf"": 0.01539}"
ct,"ct:n=24,L=8,t=32,nn=0",1,"{""n"": 24.0, ""L"": 8.0, ""t"": 32.0, ""nn"": 0.0}",auto,ok,0.000276,0.0070,2605056,-0.0,0,-0.0,0.0,switched_at=None dense_qubits=0 peak_terms=0 term_visits=0 dense_ops=0 frame_secs=0.000271 restarted=false,"{""n"": 24, ""gates"": 335, ""g2"": 96, ""g3"": 0, ""depth2"": 8, ""t_count"": 32, ""rotations"": 32, ""d"": 22, ""dense_l"": 23.7041, ""redundant"": 10, ""obs_zero"": true, ""frame_l"": 8.388, ""chi_bits"": 12, ""mps_l"": 45.5409, ""hsf_k"": 24, ""hsf_na"": 8, ""hsf_nb"": 16, ""hsf_l"": 46.207, ""sup"": 24, ""chi_bits0"": 12, ""mps_l0"": 45.5409, ""hsf_keff"": 21, ""hsf_l0"": 49.207, ""sparse_l"": 32.388, ""sv_l"": 32.388, ""feat_secs"": 0.016046, ""feat_secs_frame"": 0.000231, ""feat_secs_hsf"": 0.015668}"
qaoa,"qaoa:n=12,p=1,deg=2,nn=1",1,"{""n"": 12.0, ""p"": 1.0, ""deg"": 2.0, ""nn"": 1.0}",auto,ok,0.000384,0.0044,2637824,0.00111536717678197,11,0.00111536717678197,0.0,switched_at=Some(24) dense_qubits=11 peak_terms=64 term_visits=63 dense_ops=32766 frame_secs=0.000268 restarted=true,"{""n"": 12, ""gates"": 60, ""g2"": 24, ""g3"": 0, ""depth2"": 22, ""t_count"": 0, ""rotations"": 24, ""d"": 11, ""dense_l"": 14.9068, ""redundant"": 13, ""obs_zero"": false, ""frame_l"": 11.085, ""chi_bits"": 4, ""mps_l"": 15.2222, ""hsf_k"": 4, ""hsf_na"": 6, ""hsf_nb"": 6, ""hsf_l"": 14.9542, ""sup"": 12, ""chi_bits0"": 4, ""mps_l0"": 15.2222, ""hsf_keff"": 2, ""hsf_l0"": 16.9542, ""sparse_l"": 17.9069, ""sv_l"": 17.9069, ""feat_secs"": 0.000679, ""feat_secs_frame"": 9.6e-05, ""feat_secs_hsf"": 0.000545}"
qaoa,"qaoa:n=12,p=1,deg=3,nn=1",1,"{""n"": 12.0, ""p"": 1.0, ""deg"": 3.0, ""nn"": 1.0}",auto,ok,0.000441,0.0044,2670592,0.02391202771754877,11,0.02391202771754877,0.0,switched_at=Some(36) dense_qubits=11 peak_terms=128 term_visits=127 dense_ops=43022 frame_secs=0.000318 restarted=true,"{""n"": 12, ""gates"": 96, ""g2"": 48, ""g3"": 0, ""depth2"": 42, ""t_count"": 0, ""rotations"": 36, ""d"": 11, ""dense_l"": 15.3224, ""redundant"": 25, ""obs_zero"": false, ""frame_l"": 17.6699, ""chi_bits"": 6, ""mps_l"": 24.2313, ""hsf_k"": 12, ""hsf_na"": 6, ""hsf_nb"": 6, ""hsf_l"": 17.3219, ""sup"": 12, ""chi_bits0"": 6, ""mps_l0"": 24.2313, ""hsf_keff"": 4, ""hsf_l0"": 25.3219, ""sparse_l"": 18.585, ""sv_l"": 18.585, ""feat_secs"": 0.001018, ""feat_secs_frame"": 0.00013, ""feat_secs_hsf"": 0.000834}"
qaoa,"qaoa:n=12,p=2,deg=2,nn=1",1,"{""n"": 12.0, ""p"": 2.0, ""deg"": 2.0, ""nn"": 1.0}",auto,ok,0.00063,0.0069,2768896,0.05811203816766158,11,0.05811203816766158,0.0,switched_at=Some(48) dense_qubits=11 peak_terms=512 term_visits=511 dense_ops=81918 frame_secs=0.000444 restarted=true,"{""n"": 12, ""gates"": 108, ""g2"": 48, ""g3"": 0, ""depth2"": 26, ""t_count"": 0, ""rotations"": 48, ""d"": 11, ""dense_l"": 16.2854, ""redundant"": 37, ""obs_zero"": false, ""frame_l"": 24.085, ""chi_bits"": 6, ""mps_l"": 22.9041, ""hsf_k"": 8, ""hsf_na"": 6, ""hsf_nb"": 6, ""hsf_l"": 17.4263, ""sup"": 12, ""chi_bits0"": 6, ""mps_l0"": 22.9041, ""hsf_keff"": 4, ""hsf_l0"": 21.4263, ""sparse_l"": 18.7549, ""sv_l"": 18.7549, ""feat_secs"": 0.000703, ""feat_secs_frame"": 0.000122, ""feat_secs_hsf"": 0.000523}"
qaoa,"qaoa:n=12,p=2,deg=3,nn=1",1,"{""n"": 12.0, ""p"": 2.0, ""deg"": 3.0, ""nn"": 1.0}",auto,ok,0.000763,0.0072,2752512,0.06481481455626448,11,0.06481481455626448,0.0,switched_at=Some(72) dense_qubits=11 peak_terms=256 term_visits=255 dense_ops=116750 frame_secs=0.000532 restarted=true,"{""n"": 12, ""gates"": 180, ""g2"": 96, ""g3"": 0, ""depth2"": 52, ""t_count"": 0, ""rotations"": 72, ""d"": 11, ""dense_l"": 16.8075, ""redundant"": 61, ""obs_zero"": false, ""frame_l"": 28.1699, ""chi_bits"": 6, ""mps_l"": 25.9364, ""hsf_k"": 24, ""hsf_na"": 6, ""hsf_nb"": 6, ""hsf_l"": 21.9307, ""sup"": 12, ""chi_bits0"": 6, ""mps_l0"": 25.9364, ""hsf_keff"": 8, ""hsf_l0"": 37.9307, ""sparse_l"": 19.4919, ""sv_l"": 19.4919, ""feat_secs"": 0.001065, ""feat_secs_frame"": 0.000169, ""feat_secs_hsf"": 0.00081}"
qaoa,"qaoa:n=12,p=3,deg=2,nn=1",1,"{""n"": 12.0, ""p"": 3.0, ""deg"": 2.0, ""nn"": 1.0}",auto,ok,0.000898,0.0074,2834432,0.1024017912892793,11,0.1024017912892793,0.0,switched_at=Some(72) dense_qubits=11 peak_terms=512 term_visits=511 dense_ops=131070 frame_secs=0.000671 restarted=true,"{""n"": 12, ""gates"": 156, ""g2"": 72, ""g3"": 0, ""depth2"": 46, ""t_count"": 0, ""rotations"": 72, ""d"": 11, ""dense_l"": 16.9773, ""redundant"": 61, ""obs_zero"": false, ""frame_l"": 28.1699, ""chi_bits"": 6, ""mps_l"": 24.2043, ""hsf_k"": 12, ""hsf_na"": 6, ""hsf_nb"": 6, ""hsf_l"": 19.7814, ""sup"": 12, ""chi_bits0"": 6, ""mps_l0"": 24.2043, ""hsf_keff"": 6, ""hsf_l0"": 25.7814, ""sparse_l"": 19.2854, ""sv_l"": 19.2854, ""feat_secs"": 0.000803, ""feat_secs_frame"": 0.000166, ""feat_secs_hsf"": 0.000569}"
qaoa,"qaoa:n=12,p=3,deg=3,nn=1",1,"{""n"": 12.0, ""p"": 3.0, ""deg"": 3.0, ""nn"": 1.0}",auto,ok,0.001045,0.0065,3227648,0.1445911793610737,11,0.1445911793610737,0.0,switched_at=Some(108) dense_qubits=11 peak_terms=2048 term_visits=2047 dense_ops=190478 frame_secs=0.000695 restarted=true,"{""n"": 12, ""gates"": 264, ""g2"": 144, ""g3"": 0, ""depth2"": 90, ""t_count"": 0, ""rotations"": 108, ""d"": 11, ""dense_l"": 17.5237, ""redundant"": 97, ""obs_zero"": false, ""frame_l"": 28.7549, ""chi_bits"": 6, ""mps_l"": 26.6962, ""hsf_k"": 36, ""hsf_na"": 6, ""hsf_nb"": 6, ""hsf_l"": 26.3576, ""sup"": 12, ""chi_bits0"": 6, ""mps_l0"": 26.6962, ""hsf_keff"": 12, ""hsf_l0"": 50.3576, ""sparse_l"": 20.0444, ""sv_l"": 20.0444, ""feat_secs"": 0.001136, ""feat_secs_frame"": 0.000217, ""feat_secs_hsf"": 0.000807}"
qaoa,"qaoa:n=16,p=1,deg=2,nn=1",1,"{""n"": 16.0, ""p"": 1.0, ""deg"": 2.0, ""nn"": 1.0}",auto,ok,0.008122,0.0151,8732672,9.180798965558548e-05,4,9.180798965558548e-05,0.0,switched_at=Some(4) dense_qubits=4 peak_terms=49152 term_visits=212927 dense_ops=190 frame_secs=0.008105 restarted=false,"{""n"": 16, ""gates"": 80, ""g2"": 32, ""g3"": 0, ""depth2"": 30, ""t_count"": 0, ""rotations"": 32, ""d"": 15, ""dense_l"": 19.2479, ""redundant"": 17, ""obs_zero"": false, ""frame_l"": 13.5, ""chi_bits"": 4, ""mps_l"": 15.9327, ""hsf_k"": 4, ""hsf_na"": 8, ""hsf_nb"": 8, ""hsf_l"": 18.3923, ""sup"": 16, ""chi_bits0"": 4, ""mps_l0"": 15.9327, ""hsf_keff"": 2, ""hsf_l0"": 20.3923, ""sparse_l"": 22.3219, ""sv_l"": 22.3219, ""feat_secs"": 0.001472, ""feat_secs_frame"": 9.7e-05, ""feat_secs_hsf"": 0.001325}"
qaoa,"qaoa:n=16,p=1,deg=3,nn=1",1,"{""n"": 16.0, ""p"": 1.0, ""deg"": 3.0, ""nn"": 1.0}",auto,ok,0.002427,0.0073,4112384,0.005463186450761429,15,0.005463186450761429,0.0,switched_at=Some(48) dense_qubits=15 peak_terms=4096 term_visits=4095 dense_ops=819214 frame_secs=0.001090 restarted=true,"{""n"": 16, ""gates"": 128, ""g2"": 64, ""g3"": 0, ""depth2"": 58, ""t_count"": 0, ""rotations"": 48, ""d"": 15, ""dense_l"": 19.585, ""redundant"": 33, ""obs_zero"": false, ""frame_l"": 22.085, ""chi_bits"": 8, ""mps_l"": 29.0831, ""hsf_k"": 12, ""hsf_na"": 8, ""hsf_nb"": 8, ""hsf_l"": 20.585, ""sup"": 16, ""chi_bits0"": 8, ""mps_l0"": 29.0831, ""hsf_keff"": 4, ""hsf_l0"": 28.585, ""sparse_l"": 23.0, ""sv_l"": 23.0, ""feat_secs"": 0.001945, ""feat_secs_frame"": 0.000148, ""feat_secs_hsf"": 0.001723}"
qaoa,"qaoa:n=16,p=2,deg=2,nn=1",1,"{""n"": 16.0, ""p"": 2.0, ""deg"": 2.0, ""nn"": 1.0}",auto,ok,0.006175,0.0102,6750208,0.01433923072832128,15,0.01433923072832128,0.0,switched_at=Some(64) dense_qubits=15 peak_terms=16384 term_visits=16383 dense_ops=1703934 frame_secs=0.001852 restarted=true,"{""n"": 16, ""gates"": 144, ""g2"": 64, ""g3"": 0, ""depth2"": 34, ""t_count"": 0, ""rotations"": 64, ""d"": 15, ""dense_l"": 20.6724, ""redundant"": 49, ""obs_zero"": false, ""frame_l"": 30.5, ""chi_bits"": 8, ""mps_l"": 25.7064, ""hsf_k"": 8, ""hsf_na"": 8, ""hsf_nb"": 8, ""hsf_l"": 20.6439, ""sup"": 16, ""chi_bits0"": 8, ""mps_l0"": 25.7064, ""hsf_keff"": 4, ""hsf_l0"": 24.6439, ""sparse_l"": 23.1699, ""sv_l"": 23.1699, ""feat_secs"": 0.00152, ""feat_secs_frame"": 0.000151, ""feat_secs_hsf"": 0.001301}"
qaoa,"qaoa:n=16,p=2,deg=3,nn=1",1,"{""n"": 16.0, ""p"": 2.0, ""deg"": 3.0, ""nn"": 1.0}",auto,ok,0.00814,0.0124,9519104,0.02625858719579201,15,0.02625858719579201,0.0,switched_at=Some(96) dense_qubits=15 peak_terms=32768 term_visits=32767 dense_ops=2392078 frame_secs=0.003006 restarted=true,"{""n"": 16, ""gates"": 240, ""g2"": 128, ""g3"": 0, ""depth2"": 68, ""t_count"": 0, ""rotations"": 96, ""d"": 15, ""dense_l"": 21.1699, ""redundant"": 81, ""obs_zero"": false, ""frame_l"": 36.585, ""chi_bits"": 8, ""mps_l"": 31.6699, ""hsf_k"": 24, ""hsf_na"": 8, ""hsf_nb"": 8, ""hsf_l"": 24.9542, ""sup"": 16, ""chi_bits0"": 8, ""mps_l0"": 31.6699, ""hsf_keff"": 8, ""hsf_l0"": 40.9542, ""sparse_l"": 23.9069, ""sv_l"": 23.9069, ""feat_secs"": 0.002054, ""feat_secs_frame"": 0.000216, ""feat_secs_hsf"": 0.001726}"
qaoa,"qaoa:n=16,p=3,deg=2,nn=1",1,"{""n"": 16.0, ""p"": 3.0, ""deg"": 2.0, ""nn"": 1.0}",auto,ok,0.008821,0.0124,9601024,0.03784956967007535,15,0.03784956967007535,0.0,switched_at=Some(96) dense_qubits=15 peak_terms=32768 term_visits=32767 dense_ops=2752510 frame_secs=0.003005 restarted=true,"{""n"": 16, ""gates"": 208, ""g2"": 96, ""g3"": 0, ""depth2"": 62, ""t_count"": 0, ""rotations"": 96, ""d"": 15, ""dense_l"": 21.375, ""redundant"": 81, ""obs_zero"": false, ""frame_l"": 36.585, ""chi_bits"": 8, ""mps_l"": 29.5545, ""hsf_k"": 12, ""hsf_na"": 8, ""hsf_nb"": 8, ""hsf_l"": 22.858, ""sup"": 16, ""chi_bits0"": 8, ""mps_l0"": 29.5545, ""hsf_keff"": 6, ""hsf_l0"": 28.858, ""sparse_l"": 23.7004, ""sv_l"": 23.7004, ""feat_secs"": 0.001615, ""feat_secs_frame"": 0.000205, ""feat_secs_hsf"": 0.00132}"
qaoa,"qaoa:n=16,p=3,deg=3,nn=1",1,"{""n"": 16.0, ""p"": 3.0, ""deg"": 3.0, ""nn"": 1.0}",auto,ok,0.014204,0.0191,10371072,0.05554424523698827,15,0.05554424523698827,0.0,switched_at=Some(144) dense_qubits=15 peak_terms=32768 term_visits=65535 dense_ops=3964942 frame_secs=0.004242 restarted=true,"{""n"": 16, ""gates"": 352, ""g2"": 192, ""g3"": 0, ""depth2"": 122, ""t_count"": 0, ""rotations"": 144, ""d"": 15, ""dense_l"": 21.9069, ""redundant"": 129, ""obs_zero"": false, ""frame_l"": 37.1699, ""chi_bits"": 8, ""mps_l"": 32.5445, ""hsf_k"": 36, ""hsf_na"": 8, ""hsf_nb"": 8, ""hsf_l"": 29.2479, ""sup"": 16, ""chi_bits0"": 8, ""mps_l0"": 32.5445, ""hsf_keff"": 12, ""hsf_l0"": 53.2479, ""sparse_l"": 24.4594, ""sv_l"": 24.4594, ""feat_secs"": 0.00234, ""feat_secs_frame"": 0.000321, ""feat_secs_hsf"": 0.001862}"
qaoa,"qaoa:n=20,p=1,deg=2,nn=1",1,"{""n"": 20.0, ""p"": 1.0, ""deg"": 2.0, ""nn"": 1.0}",auto,ok,0.106427,0.1118,66027520,7.556889957442102e-06,3,7.556889957442102e-06,0.0,switched_at=Some(3) dense_qubits=3 peak_terms=786432 term_visits=3407839 dense_ops=78 frame_secs=0.106409 restarted=false,"{""n"": 20, ""gates"": 100, ""g2"": 40, ""g3"": 0, ""depth2"": 38, ""t_count"": 0, ""rotations"": 40, ""d"": 19, ""dense_l"": 23.5236, ""redundant"": 21, ""obs_zero"": false, ""frame_l"": 15.8219, ""chi_bits"": 4, ""mps_l"": 16.4066, ""hsf_k"": 4, ""hsf_na"": 10, ""hsf_nb"": 10, ""hsf_l"": 22.1344, ""sup"": 20, ""chi_bits0"": 4, ""mps_l0"": 16.4066, ""hsf_keff"": 2, ""hsf_l0"": 24.1344, ""sparse_l"": 26.6439, ""sv_l"": 26.6439, ""feat_secs"": 0.002564, ""feat_secs_frame"": 0.000116, ""feat_secs_hsf"": 0.002392}"
qaoa,"qaoa:n=20,p=1,deg=3,nn=1",1,"{""n"": 20.0, ""p"": 1.0, ""deg"": 3.0, ""nn"": 1.0}",auto,ok,0.038485,0.0443,43745280,0.001248878795127547,19,0.001248878795127547,0.0,switched_at=Some(60) dense_qubits=19 peak_terms=262144 term_visits=262143 dense_ops=15204366 frame_secs=0.016041 restarted=true,"{""n"": 20, ""gates"": 160, ""g2"": 80, ""g3"": 0, ""depth2"": 74, ""t_count"": 0, ""rotations"": 60, ""d"": 19, ""dense_l"": 23.8074, ""redundant"": 41, ""obs_zero"": false, ""frame_l"": 26.4069, ""chi_bits"": 10, ""mps_l"": 32.5517, ""hsf_k"": 12, ""hsf_na"": 10, ""hsf_nb"": 10, ""hsf_l"": 24.2095, ""sup"": 20, ""chi_bits0"": 10, ""mps_l0"": 32.5517, ""hsf_keff"": 4, ""hsf_l0"": 32.2095, ""sparse_l"": 27.3219, ""sv_l"": 27.3219, ""feat_secs"": 0.003486, ""feat_secs_frame"": 0.000169, ""feat_secs_hsf"": 0.003238}"
qaoa,"qaoa:n=20,p=2,deg=2,nn=1",1,"{""n"": 20.0, ""p"": 2.0, ""deg"": 2.0, ""nn"": 1.0}",auto,ok,0.091631,0.0989,81657856,0.00355696875955239,19,0.00355696875955239,0.0,switched_at=Some(80) dense_qubits=19 peak_terms=524288 term_visits=524287 dense_ops=33554430 frame_secs=0.029917 restarted=true,"{""n"": 20, ""gates"": 180, ""g2"": 80, ""g3"": 0, ""depth2"": 42, ""t_count"": 0, ""rotations"": 80, ""d"": 19, ""dense_l"": 24.9773, ""redundant"": 61, ""obs_zero"": false, ""frame_l"": 36.8219, ""chi_bits"": 8, ""mps_l"": 27.1553, ""hsf_k"": 8, ""hsf_na"": 10, ""hsf_nb"": 10, ""hsf_l"": 24.2336, ""sup"": 20, ""chi_bits0"": 8, ""mps_l0"": 27.1553, ""hsf_keff"": 4, ""hsf_l0"": 28.2336, ""sparse_l"": 27.4919, ""sv_l"": 27.4919, ""feat_secs"": 0.002729, ""feat_secs_frame"": 0.000222, ""feat_secs_hsf"": 0.002424}"
qaoa,"qaoa:n=20,p=2,deg=3,nn=1",1,"{""n"": 20.0, ""p"": 2.0, ""deg"": 3.0, ""nn"": 1.0}",auto,ok,0.129996,0.1360,95617024,0.001943194503974096,19,0.001943194503974096,0.0,switched_at=Some(120) dense_qubits=19 peak_terms=524288 term_visits=1048575 dense_ops=46661646 frame_secs=0.042472 restarted=true,"{""n"": 20, ""gates"": 300, ""g2"": 160, ""g3"": 0, ""depth2"": 84, ""t_count"": 0, ""rotations"": 120, ""d"": 19, ""dense_l"": 25.4594, ""redundant"": 101, ""obs_zero"": false, ""frame_l"": 44.9069, ""chi_bits"": 10, ""mps_l"": 37.456, ""hsf_k"": 24, ""hsf_na"": 10, ""hsf_nb"": 10, ""hsf_l"": 28.3707, ""sup"": 20, ""chi_bits0"": 10, ""mps_l0"": 37.456, ""hsf_keff"": 8, ""hsf_l0"": 44.3707, ""sparse_l"": 28.2288, ""sv_l"": 28.2288, ""feat_secs"": 0.003666, ""feat_secs_frame"": 0.00026, ""feat_secs_hsf"": 0.003266}"
qaoa,"qaoa:n=20,p=3,deg=2,nn=1",1,"{""n"": 20.0, ""p"": 3.0, ""deg"": 2.0, ""nn"": 1.0}",auto,ok,0.146808,0.1524,95535104,0.01404025276722243,19,0.01404025276722243,0.0,switched_at=Some(120) dense_qubits=19 peak_terms=524288 term_visits=1048575 dense_ops=54525950 frame_secs=0.044668 restarted=true,"{""n"": 20, ""gates"": 260, ""g2"": 120, ""g3"": 0, ""depth2"": 78, ""t_count"": 0, ""rotations"": 120, ""d"": 19, ""dense_l"": 25.6865, ""redundant"": 101, ""obs_zero"": false, ""frame_l"": 44.9069, ""chi_bits"": 10, ""mps_l"": 34.9001, ""hsf_k"": 12, ""hsf_na"": 10, ""hsf_nb"": 10, ""hsf_l"": 26.3264, ""sup"": 20, ""chi_bits0"": 10, ""mps_l0"": 34.9001, ""hsf_keff"": 6, ""hsf_l0"": 32.3264, ""sparse_l"": 28.0224, ""sv_l"": 28.0224, ""feat_secs"": 0.002652, ""feat_secs_frame"": 0.000239, ""feat_secs_hsf"": 0.002299}"
qaoa,"qaoa:n=20,p=3,deg=3,nn=1",1,"{""n"": 20.0, ""p"": 3.0, ""deg"": 3.0, ""nn"": 1.0}",auto,ok,0.235216,0.2415,138919936,0.01988116446748332,19,0.01988116446748332,0.0,switched_at=Some(180) dense_qubits=19 peak_terms=1179648 term_visits=2359295 dense_ops=78118926 frame_secs=0.076740 restarted=true,"{""n"": 20, ""gates"": 440, ""g2"": 240, ""g3"": 0, ""depth2"": 154, ""t_count"": 0, ""rotations"": 180, ""d"": 19, ""dense_l"": 26.2095, ""redundant"": 161, ""obs_zero"": false, ""frame_l"": 45.4919, ""chi_bits"": 10, ""mps_l"": 38.4317, ""hsf_k"": 36, ""hsf_na"": 10, ""hsf_nb"": 10, ""hsf_l"": 32.5157, ""sup"": 20, ""chi_bits0"": 10, ""mps_l0"": 38.4317, ""hsf_keff"": 12, ""hsf_l0"": 56.5157, ""sparse_l"": 28.7814, ""sv_l"": 28.7814, ""feat_secs"": 0.003742, ""feat_secs_frame"": 0.000357, ""feat_secs_hsf"": 0.003209}"
