family,spec,seed,params,engine,status,secs,wall,rss,value,size,ref,abs_err,note,features
arith,"arith:bits=6,h=0,reps=1",1,"{""bits"": 6.0, ""h"": 0.0, ""reps"": 1.0}",auto,ok,0.048304,0.0652,2605056,0.9999999999999996,5,0.9999999999999996,0.0,switched_at=Some(34) dense_qubits=5 peak_terms=4 term_visits=50 dense_ops=434 frame_secs=0.048288 restarted=false,"{""n"": 13, ""gates"": 43, ""g2"": 24, ""g3"": 12, ""depth2"": 31, ""t_count"": 84, ""rotations"": 84, ""d"": 11, ""dense_l"": 14.829, ""redundant"": 73, ""obs_zero"": false, ""frame_l"": 28.3923, ""chi_bits"": 0, ""mps_l"": 13.2211, ""hsf_k"": 5, ""hsf_na"": 6, ""hsf_nb"": 7, ""hsf_l"": 15.7415, ""sup"": 0, ""chi_bits0"": 6, ""mps_l0"": 25.5699, ""hsf_keff"": 2, ""hsf_l0"": 18.7415, ""sparse_l"": 5.4263, ""sv_l"": 18.4263, ""feat_secs"": 0.004696, ""feat_secs_frame"": 0.001058, ""feat_secs_hsf"": 0.003294}"
arith,"arith:bits=6,h=0,reps=4",1,"{""bits"": 6.0, ""h"": 0.0, ""reps"": 4.0}",auto,ok,0.001318,0.0076,2850816,-0.9999999999999984,11,-0.9999999999999984,0.0,switched_at=Some(144) dense_qubits=11 peak_terms=512 term_visits=769 dense_ops=209140 frame_secs=0.000784 restarted=true,"{""n"": 13, ""gates"": 151, ""g2"": 96, ""g3"": 48, ""depth2"": 124, ""t_count"": 336, ""rotations"": 336, ""d"": 11, ""dense_l"": 19.0564, ""redundant"": 325, ""obs_zero"": false, ""frame_l"": 30.3923, ""chi_bits"": 0, ""mps_l"": 14.7548, ""hsf_k"": 20, ""hsf_na"": 6, ""hsf_nb"": 7, ""hsf_l"": 22.7482, ""sup"": 0, ""chi_bits0"": 6, ""mps_l0"": 27.5667, ""hsf_keff"": 8, ""hsf_l0"": 34.7482, ""sparse_l"": 7.2384, ""sv_l"": 20.2384, ""feat_secs"": 0.002082, ""feat_secs_frame"": 0.000467, ""feat_secs_hsf"": 0.001499}"
arith,"arith:bits=6,h=1,reps=2",1,"{""bits"": 6.0, ""h"": 1.0, ""reps"": 2.0}",auto,ok,0.001454,0.0075,2932736,-0.4999999999999992,13,-0.4999999999999992,0.0,switched_at=Some(88) dense_qubits=13 peak_terms=512 term_visits=1275 dense_ops=378046 frame_secs=0.000817 restarted=true,"{""n"": 13, ""gates"": 79, ""g2"": 48, ""g3"": 24, ""depth2"": 62, ""t_count"": 168, ""rotations"": 168, ""d"": 13, ""dense_l"": 19.6178, ""redundant"": 155, ""obs_zero"": false, ""frame_l"": 33.3923, ""chi_bits"": 2, ""mps_l"": 19.1957, ""hsf_k"": 10, ""hsf_na"": 6, ""hsf_nb"": 7, ""hsf_l"": 18.1599, ""sup"": 2, ""chi_bits0"": 6, ""mps_l0"": 26.315, ""hsf_keff"": 4, ""hsf_l0"": 24.1599, ""sparse_l"": 8.3038, ""sv_l"": 19.3038, ""feat_secs"": 0.001604, ""feat_secs_frame"": 0.000291, ""feat_secs_hsf"": 0.001246}"
arith,"arith:bits=6,h=2,reps=1",1,"{""bits"": 6.0, ""h"": 2.0, ""reps"": 1.0}",auto,ok,0.000783,0.0048,2654208,6.938893903907228e-18,9,6.938893903907228e-18,0.0,switched_at=Some(41) dense_qubits=9 peak_terms=64 term_visits=523 dense_ops=14654 frame_secs=0.000752 restarted=false,"{""n"": 13, ""gates"": 44, ""g2"": 24, ""g3"": 12, ""depth2"": 31, ""t_count"": 84, ""rotations"": 84, ""d"": 13, ""dense_l"": 17.4205, ""redundant"": 71, ""obs_zero"": false, ""frame_l"": 32.3923, ""chi_bits"": 4, ""mps_l"": 23.3681, ""hsf_k"": 5, ""hsf_na"": 6, ""hsf_nb"": 7, ""hsf_l"": 15.7549, ""sup"": 4, ""chi_bits0"": 6, ""mps_l0"": 25.5699, ""hsf_keff"": 2, ""hsf_l0"": 18.7549, ""sparse_l"": 9.4594, ""sv_l"": 18.4594, ""feat_secs"": 0.001298, ""feat_secs_frame"": 0.000166, ""feat_secs_hsf"": 0.001084}"
arith,"arith:bits=6,h=2,reps=4",1,"{""bits"": 6.0, ""h"": 2.0, ""reps"": 4.0}",auto,ok,0.002771,0.0075,3358720,-0.2499999999999999,13,-0.2499999999999999,0.0,switched_at=Some(144) dense_qubits=13 peak_terms=2048 term_visits=7163 dense_ops=862038 frame_secs=0.001295 restarted=true,"{""n"": 13, ""gates"": 152, ""g2"": 96, ""g3"": 48, ""depth2"": 124, ""t_count"": 336, ""rotations"": 336, ""d"": 13, ""dense_l"": 21.0949, ""redundant"": 323, ""obs_zero"": false, ""frame_l"": 34.3923, ""chi_bits"": 4, ""mps_l"": 25.1703, ""hsf_k"": 20, ""hsf_na"": 6, ""hsf_nb"": 7, ""hsf_l"": 22.7549, ""sup"": 4, ""chi_bits0"": 6, ""mps_l0"": 27.5667, ""hsf_keff"": 8, ""hsf_l0"": 34.7549, ""sparse_l"": 11.2479, ""sv_l"": 20.2479, ""feat_secs"": 0.00199, ""feat_secs_frame"": 0.000507, ""feat_secs_hsf"": 0.00137}"
arith,"arith:bits=6,h=4,reps=2",1,"{""bits"": 6.0, ""h"": 4.0, ""reps"": 2.0}",auto,ok,0.001792,0.0076,3145728,4.727775322187397e-17,13,4.727775322187397e-17,0.0,switched_at=Some(88) dense_qubits=13 peak_terms=1024 term_visits=2043 dense_ops=458382 frame_secs=0.000956 restarted=true,"{""n"": 13, ""gates"": 82, ""g2"": 48, ""g3"": 24, ""depth2"": 62, ""t_count"": 168, ""rotations"": 168, ""d"": 13, ""dense_l"": 19.9119, ""redundant"": 155, ""obs_zero"": false, ""frame_l"": 33.3923, ""chi_bits"": 6, ""mps_l"": 26.315, ""hsf_k"": 10, ""hsf_na"": 6, ""hsf_nb"": 7, ""hsf_l"": 20.1898, ""sup"": 8, ""chi_bits0"": 6, ""mps_l0"": 26.315, ""hsf_keff"": 6, ""hsf_l0"": 24.1898, ""sparse_l"": 14.3576, ""sv_l"": 19.3576, ""feat_secs"": 0.001605, ""feat_secs_frame"": 0.00028, ""feat_secs_hsf"": 0.001253}"
arith,"arith:bits=6,h=6,reps=1",1,"{""bits"": 6.0, ""h"": 6.0, ""reps"": 1.0}",auto,ok,0.001377,0.0072,2916352,-3.14609670102275e-19,13,-3.14609670102275e-19,0.0,switched_at=Some(62) dense_qubits=13 peak_terms=512 term_visits=763 dense_ops=243006 frame_secs=0.000843 restarted=true,"{""n"": 13, ""gates"": 48, ""g2"": 24, ""g3"": 12, ""depth2"": 31, ""t_count"": 84, ""rotations"": 84, ""d"": 13, ""dense_l"": 18.6629, ""redundant"": 71, ""obs_zero"": false, ""frame_l"": 32.3923, ""chi_bits"": 6, ""mps_l"": 25.5699, ""hsf_k"": 5, ""hsf_na"": 6, ""hsf_nb"": 7, ""hsf_l"": 17.8074, ""sup"": 12, ""chi_bits0"": 6, ""mps_l0"": 25.5699, ""hsf_keff"": 4, ""hsf_l0"": 18.8074, ""sparse_l"": 17.585, ""sv_l"": 18.585, ""feat_secs"": 0.001268, ""feat_secs_frame"": 0.000166, ""feat_secs_hsf"": 0.001056}"
arith,"arith:bits=6,h=6,reps=4",1,"{""bits"": 6.0, ""h"": 6.0, ""reps"": 4.0}",auto,ok,0.002975,0.0074,3342336,7.825737399682475e-18,13,7.825737399682475e-18,0.0,switched_at=Some(144) dense_qubits=13 peak_terms=2048 term_visits=3067 dense_ops=952982 frame_secs=0.001592 restarted=true,"{""n"": 13, ""gates"": 156, ""g2"": 96, ""g3"": 48, ""depth2"": 124, ""t_count"": 336, ""rotations"": 336, ""d"": 13, ""dense_l"": 21.2416, ""redundant"": 323, ""obs_zero"": false, ""frame_l"": 34.3923, ""chi_bits"": 6, ""mps_l"": 27.5667, ""hsf_k"": 20, ""hsf_na"": 6, ""hsf_nb"": 7, ""hsf_l"": 26.7814, ""sup"": 12, ""chi_bits0"": 6, ""mps_l0"": 27.5667, ""hsf_keff"": 12, ""hsf_l0"": 34.7814, ""sparse_l"": 19.2854, ""sv_l"": 20.2854, ""feat_secs"": 0.001984, ""feat_secs_frame"": 0.000518, ""feat_secs_hsf"": 0.00136}"
arith,"arith:bits=8,h=0,reps=2",1,"{""bits"": 8.0, ""h"": 0.0, ""reps"": 2.0}",auto,ok,0.005587,0.0099,4292608,-0.9999999999999984,15,-0.9999999999999984,0.0,switched_at=Some(122) dense_qubits=15 peak_terms=4096 term_visits=8193 dense_ops=2032882 frame_secs=0.002467 restarted=true,"{""n"": 17, ""gates"": 106, ""g2"": 64, ""g3"": 32, ""depth2"": 82, ""t_count"": 224, ""rotations"": 224, ""d"": 15, ""dense_l"": 21.9779, ""redundant"": 209, ""obs_zero"": false, ""frame_l"": 37.8074, ""chi_bits"": 0, ""mps_l"": 14.198, ""hsf_k"": 10, ""hsf_na"": 8, ""hsf_nb"": 9, ""hsf_l"": 21.4998, ""sup"": 0, ""chi_bits0"": 8, ""mps_l0"": 32.1003, ""hsf_keff"": 4, ""hsf_l0"": 27.4998, ""sparse_l"": 6.7279, ""sv_l"": 23.7279, ""feat_secs"": 0.003099, ""feat_secs_frame"": 0.000341, ""feat_secs_hsf"": 0.002678}"
arith,"arith:bits=8,h=1,reps=1",1,"{""bits"": 8.0, ""h"": 1.0, ""reps"": 1.0}",auto,ok,0.001072,0.0071,2654208,-0.4999999999999999,6,-0.4999999999999999,0.0,switched_at=Some(27) dense_qubits=6 peak_terms=16 term_visits=347 dense_ops=1022 frame_secs=0.001061 restarted=false,"{""n"": 17, ""gates"": 58, ""g2"": 32, ""g3"": 16, ""depth2"": 41, ""t_count"": 112, ""rotations"": 112, ""d"": 17, ""dense_l"": 20.8129, ""redundant"": 95, ""obs_zero"": false, ""frame_l"": 40.8074, ""chi_bits"": 2, ""mps_l"": 19.2537, ""hsf_k"": 5, ""hsf_na"": 8, ""hsf_nb"": 9, ""hsf_l"": 19.2946, ""sup"": 2, ""chi_bits0"": 8, ""mps_l0"": 31.193, ""hsf_keff"": 2, ""hsf_l0"": 22.2946, ""sparse_l"": 7.858, ""sv_l"": 22.858, ""feat_secs"": 0.002453, ""feat_secs_frame"": 0.000194, ""feat_secs_hsf"": 0.002204}"
arith,"arith:bits=8,h=1,reps=4",1,"{""bits"": 8.0, ""h"": 1.0, ""reps"": 4.0}",auto,ok,0.050022,0.0551,12419072,0.0,17,0.0,0.0,switched_at=Some(202) dense_qubits=17 peak_terms=32768 term_visits=498683 dense_ops=18616262 frame_secs=0.012966 restarted=true,"{""n"": 17, ""gates"": 202, ""g2"": 128, ""g3"": 64, ""depth2"": 164, ""t_count"": 448, ""rotations"": 448, ""d"": 17, ""dense_l"": 25.4514, ""redundant"": 431, ""obs_zero"": false, ""frame_l"": 42.8074, ""chi_bits"": 2, ""mps_l"": 20.802, ""hsf_k"": 20, ""hsf_na"": 8, ""hsf_nb"": 9, ""hsf_l"": 25.8392, ""sup"": 2, ""chi_bits0"": 8, ""mps_l0"": 33.4789, ""hsf_keff"": 8, ""hsf_l0"": 37.8392, ""sparse_l"": 9.6582, ""sv_l"": 24.6582, ""feat_secs"": 0.003423, ""feat_secs_frame"": 0.00062, ""feat_secs_hsf"": 0.002671}"
arith,"arith:bits=8,h=2,reps=2",1,"{""bits"": 8.0, ""h"": 2.0, ""reps"": 2.0}",auto,ok,0.023997,0.0291,13352960,-1.387778780781446e-17,17,-1.387778780781446e-17,0.0,switched_at=Some(122) dense_qubits=17 peak_terms=32768 term_visits=131067 dense_ops=8529742 frame_secs=0.006250 restarted=true,"{""n"": 17, ""gates"": 107, ""g2"": 64, ""g3"": 32, ""depth2"": 82, ""t_count"": 224, ""rotations"": 224, ""d"": 17, ""dense_l"": 24.0565, ""redundant"": 207, ""obs_zero"": false, ""frame_l"": 41.8074, ""chi_bits"": 4, ""mps_l"": 24.9201, ""hsf_k"": 10, ""hsf_na"": 8, ""hsf_nb"": 9, ""hsf_l"": 21.5038, ""sup"": 4, ""chi_bits0"": 8, ""mps_l0"": 32.1003, ""hsf_keff"": 4, ""hsf_l0"": 27.5038, ""sparse_l"": 10.7415, ""sv_l"": 23.7415, ""feat_secs"": 0.003062, ""feat_secs_frame"": 0.000349, ""feat_secs_hsf"": 0.002629}"
arith,"arith:bits=8,h=4,reps=1",1,"{""bits"": 8.0, ""h"": 4.0, ""reps"": 1.0}",auto,ok,0.002533,0.0074,3112960,-1.831031122079621e-17,9,-1.831031122079621e-17,0.0,switched_at=Some(23) dense_qubits=9 peak_terms=1024 term_visits=17147 dense_ops=132926 frame_secs=0.002338 restarted=false,"{""n"": 17, ""gates"": 60, ""g2"": 32, ""g3"": 16, ""depth2"": 41, ""t_count"": 112, ""rotations"": 112, ""d"": 17, ""dense_l"": 22.1463, ""redundant"": 95, ""obs_zero"": false, ""frame_l"": 40.8074, ""chi_bits"": 8, ""mps_l"": 31.193, ""hsf_k"": 5, ""hsf_na"": 8, ""hsf_nb"": 9, ""hsf_l"": 21.3038, ""sup"": 8, ""chi_bits0"": 8, ""mps_l0"": 31.193, ""hsf_keff"": 4, ""hsf_l0"": 22.3038, ""sparse_l"": 13.9069, ""sv_l"": 22.9069, ""feat_secs"": 0.002505, ""feat_secs_frame"": 0.000201, ""feat_secs_hsf"": 0.00225}"
arith,"arith:bits=8,h=4,reps=4",1,"{""bits"": 8.0, ""h"": 4.0, ""reps"": 4.0}",auto,ok,0.054029,0.0607,14041088,0.03906250000000006,17,0.03906250000000006,0.0,switched_at=Some(202) dense_qubits=17 peak_terms=32768 term_visits=569851 dense_ops=19822230 frame_secs=0.013294 restarted=true,"{""n"": 17, ""gates"": 204, ""g2"": 128, ""g3"": 64, ""depth2"": 164, ""t_count"": 448, ""rotations"": 448, ""d"": 17, ""dense_l"": 25.5369, ""redundant"": 431, ""obs_zero"": false, ""frame_l"": 42.8074, ""chi_bits"": 8, ""mps_l"": 33.4789, ""hsf_k"": 20, ""hsf_na"": 8, ""hsf_nb"": 9, ""hsf_l"": 25.8455, ""sup"": 8, ""chi_bits0"": 8, ""mps_l0"": 33.4789, ""hsf_keff"": 8, ""hsf_l0"": 37.8455, ""sparse_l"": 15.6724, ""sv_l"": 24.6724, ""feat_secs"": 0.003399, ""feat_secs_frame"": 0.000622, ""feat_secs_hsf"": 0.002648}"
arith,"arith:bits=8,h=6,reps=2",1,"{""bits"": 8.0, ""h"": 6.0, ""reps"": 2.0}",auto,ok,0.036314,0.0414,14827520,9.540979117872439e-18,17,9.540979117872439e-18,0.0,switched_at=Some(122) dense_qubits=17 peak_terms=32768 term_visits=180219 dense_ops=10218126 frame_secs=0.007586 restarted=true,"{""n"": 17, ""gates"": 110, ""g2"": 64, ""g3"": 32, ""depth2"": 82, ""t_count"": 224, ""rotations"": 224, ""d"": 17, ""dense_l"": 24.3436, ""redundant"": 207, ""obs_zero"": false, ""frame_l"": 41.8074, ""chi_bits"": 8, ""mps_l"": 32.1003, ""hsf_k"": 10, ""hsf_na"": 8, ""hsf_nb"": 9, ""hsf_l"": 23.5157, ""sup"": 12, ""chi_bits0"": 8, ""mps_l0"": 32.1003, ""hsf_keff"": 6, ""hsf_l0"": 27.5157, ""sparse_l"": 18.7814, ""sv_l"": 23.7814, ""feat_secs"": 0.003067, ""feat_secs_frame"": 0.000355, ""feat_secs_hsf"": 0.002635}"
arith,"arith:bits=10,h=0,reps=1",1,"{""bits"": 10.0, ""h"": 0.0, ""reps"": 1.0}",auto,ok,0.001619,0.0075,2654208,0.9999999999999996,5,0.9999999999999996,0.0,switched_at=Some(30) dense_qubits=5 peak_terms=4 term_visits=126 dense_ops=402 frame_secs=0.001609 restarted=false,"{""n"": 21, ""gates"": 72, ""g2"": 40, ""g3"": 20, ""depth2"": 51, ""t_count"": 140, ""rotations"": 140, ""d"": 19, ""dense_l"": 22.8088, ""redundant"": 121, ""obs_zero"": false, ""frame_l"": 45.1293, ""chi_bits"": 0, ""mps_l"": 14.0215, ""hsf_k"": 5, ""hsf_na"": 10, ""hsf_nb"": 11, ""hsf_l"": 23.098, ""sup"": 0, ""chi_bits0"": 10, ""mps_l0"": 36.7453, ""hsf_keff"": 2, ""hsf_l0"": 26.098, ""sparse_l"": 6.1699, ""sv_l"": 27.1699, ""feat_secs"": 0.004309, ""feat_secs_frame"": 0.000229, ""feat_secs_hsf"": 0.004021}"
arith,"arith:bits=10,h=0,reps=4",1,"{""bits"": 10.0, ""h"": 0.0, ""reps"": 4.0}",auto,ok,0.238087,0.2449,33325056,0.9999999999999984,19,0.9999999999999984,0.0,switched_at=Some(260) dense_qubits=19 peak_terms=131072 term_visits=3109377 dense_ops=95424500 frame_secs=0.068174 restarted=true,"{""n"": 21, ""gates"": 252, ""g2"": 160, ""g3"": 80, ""depth2"": 204, ""t_count"": 560, ""rotations"": 560, ""d"": 19, ""dense_l"": 27.7616, ""redundant"": 541, ""obs_zero"": false, ""frame_l"": 47.1293, ""chi_bits"": 0, ""mps_l"": 15.5359, ""hsf_k"": 20, ""hsf_na"": 10, ""hsf_nb"": 11, ""hsf_l"": 29.3174, ""sup"": 0, ""chi_bits0"": 10, ""mps_l0"": 39.3971, ""hsf_keff"": 8, ""hsf_l0"": 41.3174, ""sparse_l"": 7.9773, ""sv_l"": 28.9773, ""feat_secs"": 0.006581, ""feat_secs_frame"": 0.000756, ""feat_secs_hsf"": 0.005669}"
arith,"arith:bits=10,h=1,reps=2",1,"{""bits"": 10.0, ""h"": 1.0, ""reps"": 2.0}",auto,ok,0.3806,0.3873,126287872,-0.4999999999999992,21,-0.4999999999999992,0.0,switched_at=Some(156) dense_qubits=21 peak_terms=524288 term_visits=4587515 dense_ops=163598270 frame_secs=0.109986 restarted=true,"{""n"": 21, ""gates"": 133, ""g2"": 80, ""g3"": 40, ""depth2"": 102, ""t_count"": 280, ""rotations"": 280, ""d"": 21, ""dense_l"": 28.2669, ""redundant"": 259, ""obs_zero"": false, ""frame_l"": 50.1293, ""chi_bits"": 2, ""mps_l"": 20.1638, ""hsf_k"": 10, ""hsf_na"": 10, ""hsf_nb"": 11, ""hsf_l"": 25.1762, ""sup"": 2, ""chi_bits0"": 10, ""mps_l0"": 37.8784, ""hsf_keff"": 4, ""hsf_l0"": 31.1762, ""sparse_l"": 9.0553, ""sv_l"": 28.0553, ""feat_secs"": 0.005963, ""feat_secs_frame"": 0.000432, ""feat_secs_hsf"": 0.005437}"
arith,"arith:bits=10,h=2,reps=1",1,"{""bits"": 10.0, ""h"": 2.0, ""reps"": 1.0}",auto,ok,0.002433,0.0077,2768896,-0.2499999999999999,8,-0.2499999999999999,0.0,switched_at=Some(34) dense_qubits=8 peak_terms=64 term_visits=1755 dense_ops=7230 frame_secs=0.002413 restarted=false,"{""n"": 21, ""gates"": 74, ""g2"": 40, ""g3"": 20, ""depth2"": 51, ""t_count"": 140, ""rotations"": 140, ""d"": 21, ""dense_l"": 25.3942, ""redundant"": 119, ""obs_zero"": false, ""frame_l"": 49.1293, ""chi_bits"": 4, ""mps_l"": 24.8556, ""hsf_k"": 5, ""hsf_na"": 10, ""hsf_nb"": 11, ""hsf_l"": 23.1007, ""sup"": 4, ""chi_bits0"": 10, ""mps_l0"": 36.7453, ""hsf_keff"": 2, ""hsf_l0"": 26.1007, ""sparse_l"": 10.2095, ""sv_l"": 27.2095, ""feat_secs"": 0.004417, ""feat_secs_frame"": 0.000247, ""feat_secs_hsf"": 0.004093}"
arith,"arith:bits=10,h=2,reps=4",1,"{""bits"": 10.0, ""h"": 2.0, ""reps"": 4.0}",auto,ok,0.8912,0.8990,147275776,0.3749999999999993,21,0.3749999999999993,0.0,switched_at=Some(260) dense_qubits=21 peak_terms=524288 term_visits=12787707 dense_ops=388005718 frame_secs=0.240515 restarted=true,"{""n"": 21, ""gates"": 254, ""g2"": 160, ""g3"": 80, ""depth2"": 204, ""t_count"": 560, ""rotations"": 560, ""d"": 21, ""dense_l"": 29.7847, ""redundant"": 539, ""obs_zero"": false, ""frame_l"": 51.1293, ""chi_bits"": 4, ""mps_l"": 26.6657, ""hsf_k"": 20, ""hsf_na"": 10, ""hsf_nb"": 11, ""hsf_l"": 29.3197, ""sup"": 4, ""chi_bits0"": 10, ""mps_l0"": 39.3971, ""hsf_keff"": 8, ""hsf_l0"": 41.3197, ""sparse_l"": 11.9887, ""sv_l"": 28.9887, ""feat_secs"": 0.006394, ""feat_secs_frame"": 0.000784, ""feat_secs_hsf"": 0.005439}"
arith,"arith:bits=10,h=4,reps=2",1,"{""bits"": 10.0, ""h"": 4.0, ""reps"": 2.0}",auto,ok,0.528379,0.5343,147472384,2.081668171172169e-17,21,2.081668171172169e-17,0.0,switched_at=Some(156) dense_qubits=21 peak_terms=524288 term_visits=5701627 dense_ops=182613646 frame_secs=0.121999 restarted=true,"{""n"": 21, ""gates"": 135, ""g2"": 80, ""g3"": 40, ""depth2"": 102, ""t_count"": 280, ""rotations"": 280, ""d"": 21, ""dense_l"": 28.4521, ""redundant"": 259, ""obs_zero"": false, ""frame_l"": 50.1293, ""chi_bits"": 8, ""mps_l"": 35.3433, ""hsf_k"": 10, ""hsf_na"": 10, ""hsf_nb"": 11, ""hsf_l"": 25.1787, ""sup"": 8, ""chi_bits0"": 10, ""mps_l0"": 37.8784, ""hsf_keff"": 4, ""hsf_l0"": 31.1787, ""sparse_l"": 15.0768, ""sv_l"": 28.0768, ""feat_secs"": 0.005845, ""feat_secs_frame"": 0.000416, ""feat_secs_hsf"": 0.005341}"
arith,"arith:bits=10,h=6,reps=1",1,"{""bits"": 10.0, ""h"": 6.0, ""reps"": 1.0}",auto,ok,0.008796,0.0138,5685248,-0.0,0,-0.0,0.0,switched_at=None dense_qubits=0 peak_terms=16384 term_visits=278523 dense_ops=0 frame_secs=0.008785 restarted=false,"{""n"": 21, ""gates"": 76, ""g2"": 40, ""g3"": 20, ""depth2"": 51, ""t_count"": 140, ""rotations"": 140, ""d"": 21, ""dense_l"": 26.6269, ""redundant"": 119, ""obs_zero"": false, ""frame_l"": 49.1293, ""chi_bits"": 10, ""mps_l"": 36.7453, ""hsf_k"": 5, ""hsf_na"": 10, ""hsf_nb"": 11, ""hsf_l"": 25.1033, ""sup"": 12, ""chi_bits0"": 10, ""mps_l0"": 36.7453, ""hsf_keff"": 4, ""hsf_l0"": 26.1033, ""sparse_l"": 18.2479, ""sv_l"": 27.2479, ""feat_secs"": 0.004453, ""feat_secs_frame"": 0.000252, ""feat_secs_hsf"": 0.004125}"
arith,"arith:bits=10,h=6,reps=4",1,"{""bits"": 10.0, ""h"": 6.0, ""reps"": 4.0}",auto,ok,1.130829,1.1363,147505152,-0.004882812499999959,21,-0.004882812499999959,0.0,switched_at=Some(260) dense_qubits=21 peak_terms=524288 term_visits=13660155 dense_ops=413624982 frame_secs=0.260142 restarted=true,"{""n"": 21, ""gates"": 256, ""g2"": 160, ""g3"": 80, ""depth2"": 204, ""t_count"": 560, ""rotations"": 560, ""d"": 21, ""dense_l"": 29.8747, ""redundant"": 539, ""obs_zero"": false, ""frame_l"": 51.1293, ""chi_bits"": 10, ""mps_l"": 39.3971, ""hsf_k"": 20, ""hsf_na"": 10, ""hsf_nb"": 11, ""hsf_l"": 33.3219, ""sup"": 12, ""chi_bits0"": 10, ""mps_l0"": 39.3971, ""hsf_keff"": 12, ""hsf_l0"": 41.3219, ""sparse_l"": 20.0, ""sv_l"": 29.0, ""feat_secs"": 0.006469, ""feat_secs_frame"": 0.000781, ""feat_secs_hsf"": 0.005528}"
arith,"arith:bits=12,h=0,reps=2",1,"{""bits"": 12.0, ""h"": 0.0, ""reps"": 2.0}",auto,ok,1.578948,1.5860,399212544,-0.9999999999999984,23,-0.9999999999999984,0.0,switched_at=Some(190) dense_qubits=23 peak_terms=2097152 term_visits=27394049 dense_ops=788549618 frame_secs=0.516264 restarted=true,"{""n"": 25, ""gates"": 157, ""g2"": 96, ""g3"": 48, ""depth2"": 122, ""t_count"": 336, ""rotations"": 336, ""d"": 23, ""dense_l"": 30.5078, ""redundant"": 313, ""obs_zero"": false, ""frame_l"": 54.3923, ""chi_bits"": 0, ""mps_l"": 14.81, ""hsf_k"": 10, ""hsf_na"": 12, ""hsf_nb"": 13, ""hsf_l"": 29.0543, ""sup"": 0, ""chi_bits0"": 12, ""mps_l0"": 43.6178, ""hsf_keff"": 4, ""hsf_l0"": 35.0543, ""sparse_l"": 7.2946, ""sv_l"": 32.2946, ""feat_secs"": 0.010853, ""feat_secs_frame"": 0.00049, ""feat_secs_hsf"": 0.010259}"
arith,"arith:bits=12,h=1,reps=1",1,"{""bits"": 12.0, ""h"": 1.0, ""reps"": 1.0}",auto,ok,0.001937,0.0070,2703360,5.551115123125783e-17,6,5.551115123125783e-17,0.0,switched_at=Some(27) dense_qubits=6 peak_terms=16 term_visits=627 dense_ops=1022 frame_secs=0.001924 restarted=false,"{""n"": 25, ""gates"": 87, ""g2"": 48, ""g3"": 24, ""depth2"": 61, ""t_count"": 168, ""rotations"": 168, ""d"": 25, ""dense_l"": 28.8077, ""redundant"": 143, ""obs_zero"": false, ""frame_l"": 57.3923, ""chi_bits"": 2, ""mps_l"": 19.9742, ""hsf_k"": 5, ""hsf_na"": 12, ""hsf_nb"": 13, ""hsf_l"": 27.0303, ""sup"": 2, ""chi_bits0"": 12, ""mps_l0"": 42.0962, ""hsf_keff"": 2, ""hsf_l0"": 30.0303, ""sparse_l"": 8.4429, ""sv_l"": 31.4429, ""feat_secs"": 0.008649, ""feat_secs_frame"": 0.00038, ""feat_secs_hsf"": 0.008197}"
arith,"arith:bits=12,h=1,reps=4",1,"{""bits"": 12.0, ""h"": 1.0, ""reps"": 4.0}",auto,timeout,,10.0201,1402552320,,,,,timeout,"{""n"": 25, ""gates"": 303, ""g2"": 192, ""g3"": 96, ""depth2"": 244, ""t_count"": 672, ""rotations"": 672, ""d"": 25, ""dense_l"": 34.0168, ""redundant"": 647, ""obs_zero"": false, ""frame_l"": 59.3923, ""chi_bits"": 2, ""mps_l"": 21.5219, ""hsf_k"": 20, ""hsf_na"": 12, ""hsf_nb"": 13, ""hsf_l"": 33.103, ""sup"": 2, ""chi_bits0"": 12, ""mps_l0"": 45.3113, ""hsf_keff"": 8, ""hsf_l0"": 45.103, ""sparse_l"": 10.2432, ""sv_l"": 33.2432, ""feat_secs"": 0.011203, ""feat_secs_frame"": 0.000978, ""feat_secs_hsf"": 0.010032}"
arith,"arith:bits=12,h=2,reps=2",1,"{""bits"": 12.0, ""h"": 2.0, ""reps"": 2.0}",auto,ok,7.306651,7.3193,1744551936,0.4999999999999992,25,0.4999999999999992,0.0,switched_at=Some(190) dense_qubits=25 peak_terms=8388608 term_visits=103809019 dense_ops=3254943566 frame_secs=2.052923 restarted=true,"{""n"": 25, ""gates"": 160, ""g2"": 96, ""g3"": 48, ""depth2"": 122, ""t_count"": 336, ""rotations"": 336, ""d"": 25, ""dense_l"": 32.5623, ""redundant"": 311, ""obs_zero"": false, ""frame_l"": 58.3923, ""chi_bits"": 4, ""mps_l"": 25.8834, ""hsf_k"": 10, ""hsf_na"": 12, ""hsf_nb"": 13, ""hsf_l"": 29.0553, ""sup"": 4, ""chi_bits0"": 12, ""mps_l0"": 43.6178, ""hsf_keff"": 4, ""hsf_l0"": 35.0553, ""sparse_l"": 11.3219, ""sv_l"": 32.3219, ""feat_secs"": 0.010706, ""feat_secs_frame"": 0.000505, ""feat_secs_hsf"": 0.010081}"
arith,"arith:bits=12,h=4,reps=1",1,"{""bits"": 12.0, ""h"": 4.0, ""reps"": 1.0}",auto,ok,0.008414,0.0138,3112960,-0.0625,0,-0.0625,0.0,switched_at=None dense_qubits=0 peak_terms=1024 term_visits=37018 dense_ops=0 frame_secs=0.008405 restarted=false,"{""n"": 25, ""gates"": 90, ""g2"": 48, ""g3"": 24, ""depth2"": 61, ""t_count"": 168, ""rotations"": 168, ""d"": 25, ""dense_l"": 30.1304, ""redundant"": 143, ""obs_zero"": false, ""frame_l"": 57.3923, ""chi_bits"": 8, ""mps_l"": 35.1142, ""hsf_k"": 5, ""hsf_na"": 12, ""hsf_nb"": 13, ""hsf_l"": 27.0314, ""sup"": 8, ""chi_bits0"": 12, ""mps_l0"": 42.0962, ""hsf_keff"": 2, ""hsf_l0"": 30.0314, ""sparse_l"": 14.4919, ""sv_l"": 31.4919, ""feat_secs"": 0.00858, ""feat_secs_frame"": 0.000283, ""feat_secs_hsf"": 0.008212}"
arith,"arith:bits=12,h=4,reps=4",1,"{""bits"": 12.0, ""h"": 4.0, ""reps"": 4.0}",auto,skipped,,,,,,,,,"{""n"": 25, ""gates"": 306, ""g2"": 192, ""g3"": 96, ""depth2"": 244, ""t_count"": 672, ""rotations"": 672, ""d"": 25, ""dense_l"": 34.0742, ""redundant"": 647, ""obs_zero"": false, ""frame_l"": 59.3923, ""chi_bits"": 8, ""mps_l"": 37.8474, ""hsf_k"": 20, ""hsf_na"": 12, ""hsf_nb"": 13, ""hsf_l"": 33.1039, ""sup"": 8, ""chi_bits0"": 12, ""mps_l0"": 45.3113, ""hsf_keff"": 8, ""hsf_l0"": 45.1039, ""sparse_l"": 16.2574, ""sv_l"": 33.2574, ""feat_secs"": 0.011958, ""feat_secs_frame"": 0.001015, ""feat_secs_hsf"": 0.010746}"
arith,"arith:bits=12,h=6,reps=2",1,"{""bits"": 12.0, ""h"": 6.0, ""reps"": 2.0}",auto,timeout,,10.0297,1705918464,,,,,timeout,"{""n"": 25, ""gates"": 163, ""g2"": 96, ""g3"": 48, ""depth2"": 122, ""t_count"": 336, ""rotations"": 336, ""d"": 25, ""dense_l"": 32.7623, ""redundant"": 311, ""obs_zero"": false, ""frame_l"": 58.3923, ""chi_bits"": 12, ""mps_l"": 43.6178, ""hsf_k"": 10, ""hsf_na"": 12, ""hsf_nb"": 13, ""hsf_l"": 29.0563, ""sup"": 12, ""chi_bits0"": 12, ""mps_l0"": 43.6178, ""hsf_keff"": 4, ""hsf_l0"": 35.0563, ""sparse_l"": 19.3487, ""sv_l"": 32.3487, ""feat_secs"": 0.010645, ""feat_secs_frame"": 0.00049, ""feat_secs_hsf"": 0.010052}"
brick,"brick:n=12,D=1,nn=1",1,"{""n"": 12.0, ""D"": 1.0, ""nn"": 1.0}",auto,ok,0.000756,0.0075,2785280,6.484796492160273e-07,12,6.484796492160273e-07,0.0,switched_at=Some(60) dense_qubits=12 peak_terms=256 term_visits=510 dense_ops=122875 frame_secs=0.000491 restarted=true,"{""n"": 12, ""gates"": 30, ""g2"": 6, ""g3"": 0, ""depth2"": 1, ""t_count"": 0, ""rotations"": 72, ""d"": 12, ""dense_l"": 17.3575, ""redundant"": 60, ""obs_zero"": false, ""frame_l"": 30.1699, ""chi_bits"": 1, ""mps_l"": 6.7549, ""hsf_k"": 0, ""hsf_na"": 6, ""hsf_nb"": 6, ""hsf_l"": 12.5546, ""sup"": 12, ""chi_bits0"": 1, ""mps_l0"": 6.7549, ""hsf_keff"": 0, ""hsf_l0"": 12.5546, ""sparse_l"": 16.9069, ""sv_l"": 16.9069, ""feat_secs"": 0.000547, ""feat_secs_frame"": 0.000119, ""feat_secs_hsf"": 0.000397}"
brick,"brick:n=12,D=3,nn=1",1,"{""n"": 12.0, ""D"": 3.0, ""nn"": 1.0}",auto,ok,0.001651,0.0078,2883584,0.00129229194235112,12,0.00129229194235112,0.0,switched_at=Some(108) dense_qubits=12 peak_terms=512 term_visits=1022 dense_ops=319483 frame_secs=0.001142 restarted=true,"{""n"": 12, ""gates"": 65, ""g2"": 17, ""g3"": 0, ""depth2"": 3, ""t_count"": 0, ""rotations"": 144, ""d"": 12, ""dense_l"": 18.8202, ""redundant"": 132, ""obs_zero"": false, ""frame_l"": 31.1699, ""chi_bits"": 2, ""mps_l"": 9.2574, ""hsf_k"": 1, ""hsf_na"": 6, ""hsf_nb"": 6, ""hsf_l"": 14.0112, ""sup"": 12, ""chi_bits0"": 2, ""mps_l0"": 9.2574, ""hsf_keff"": 1, ""hsf_l0"": 14.0112, ""sparse_l"": 18.0224, ""sv_l"": 18.0224, ""feat_secs"": 0.000877, ""feat_secs_frame"": 0.000221, ""feat_secs_hsf"": 0.00061}"
brick,"brick:n=12,D=6,nn=1",1,"{""n"": 12.0, ""D"": 6.0, ""nn"": 1.0}",auto,ok,0.002235,0.0076,3244032,-0.01024618332568441,12,-0.01024618332568441,0.0,switched_at=Some(180) dense_qubits=12 peak_terms=2048 term_visits=4094 dense_ops=614395 frame_secs=0.001336 restarted=true,"{""n"": 12, ""gates"": 117, ""g2"": 33, ""g3"": 0, ""depth2"": 6, ""t_count"": 0, ""rotations"": 252, ""d"": 12, ""dense_l"": 19.7879, ""redundant"": 240, ""obs_zero"": false, ""frame_l"": 31.9773, ""chi_bits"": 3, ""mps_l"": 12.5343, ""hsf_k"": 3, ""hsf_na"": 6, ""hsf_nb"": 6, ""hsf_l"": 16.4998, ""sup"": 12, ""chi_bits0"": 3, ""mps_l0"": 12.5343, ""hsf_keff"": 3, ""hsf_l0"": 16.4998, ""sparse_l"": 18.8704, ""sv_l"": 18.8704, ""feat_secs"": 0.000988, ""feat_secs_frame"": 0.000306, ""feat_secs_hsf"": 0.000616}"
brick,"brick:n=12,D=12,nn=1",1,"{""n"": 12.0, ""D"": 12.0, ""nn"": 1.0}",auto,ok,0.003089,0.0088,3850240,-0.01098517673574553,12,-0.01098517673574553,0.0,switched_at=Some(324) dense_qubits=12 peak_terms=6144 term_visits=18430 dense_ops=1204219 frame_secs=0.001547 restarted=true,"{""n"": 12, ""gates"": 222, ""g2"": 66, ""g3"": 0, ""depth2"": 12, ""t_count"": 0, ""rotations"": 468, ""d"": 12, ""dense_l"": 20.7715, ""redundant"": 456, ""obs_zero"": false, ""frame_l"": 32.8704, ""chi_bits"": 6, ""mps_l"": 18.9332, ""hsf_k"": 6, ""hsf_na"": 6, ""hsf_nb"": 6, ""hsf_l"": 20.1599, ""sup"": 12, ""chi_bits0"": 6, ""mps_l0"": 18.9332, ""hsf_keff"": 6, ""hsf_l0"": 20.1599, ""sparse_l"": 19.7944, ""sv_l"": 19.7944, ""feat_secs"": 0.001582, ""feat_secs_frame"": 0.0007, ""feat_secs_hsf"": 0.000756}"
brick,"brick:n=16,D=1,nn=1",1,"{""n"": 16.0, ""D"": 1.0, ""nn"": 1.0}",auto,ok,0.009414,0.0143,10715136,7.932979353682227e-06,16,7.932979353682227e-06,0.0,switched_at=Some(80) dense_qubits=16 peak_terms=32768 term_visits=65534 dense_ops=2490363 frame_secs=0.002796 restarted=true,"{""n"": 16, ""gates"": 40, ""g2"": 8, ""g3"": 0, ""depth2"": 1, ""t_count"": 0, ""rotations"": 96, ""d"": 16, ""dense_l"": 21.7279, ""redundant"": 80, ""obs_zero"": false, ""frame_l"": 38.585, ""chi_bits"": 1, ""mps_l"": 7.1699, ""hsf_k"": 0, ""hsf_na"": 8, ""hsf_nb"": 8, ""hsf_l"": 16.2095, ""sup"": 16, ""chi_bits0"": 1, ""mps_l0"": 7.1699, ""hsf_keff"": 0, ""hsf_l0"": 16.2095, ""sparse_l"": 21.3219, ""sv_l"": 21.3219, ""feat_secs"": 0.001048, ""feat_secs_frame"": 0.000146, ""feat_secs_hsf"": 0.000869}"
brick,"brick:n=16,D=3,nn=1",1,"{""n"": 16.0, ""D"": 3.0, ""nn"": 1.0}",auto,ok,0.022182,0.0270,16531456,3.756531893825936e-06,16,3.756531893825936e-06,0.0,switched_at=Some(144) dense_qubits=16 peak_terms=65536 term_visits=131070 dense_ops=6684667 frame_secs=0.005759 restarted=true,"{""n"": 16, ""gates"": 87, ""g2"": 23, ""g3"": 0, ""depth2"": 3, ""t_count"": 0, ""rotations"": 192, ""d"": 16, ""dense_l"": 23.2192, ""redundant"": 176, ""obs_zero"": false, ""frame_l"": 39.585, ""chi_bits"": 2, ""mps_l"": 9.7682, ""hsf_k"": 1, ""hsf_na"": 8, ""hsf_nb"": 8, ""hsf_l"": 17.4221, ""sup"": 16, ""chi_bits0"": 2, ""mps_l0"": 9.7682, ""hsf_keff"": 1, ""hsf_l0"": 17.4221, ""sparse_l"": 22.4429, ""sv_l"": 22.4429, ""feat_secs"": 0.001711, ""feat_secs_frame"": 0.000263, ""feat_secs_hsf"": 0.001393}"
brick,"brick:n=16,D=6,nn=1",1,"{""n"": 16.0, ""D"": 6.0, ""nn"": 1.0}",auto,ok,0.039026,0.0442,17891328,0.001358399883167318,16,0.001358399883167318,0.0,switched_at=Some(240) dense_qubits=16 peak_terms=98304 term_visits=294910 dense_ops=12976123 frame_secs=0.009977 restarted=true,"{""n"": 16, ""gates"": 157, ""g2"": 45, ""g3"": 0, ""depth2"": 6, ""t_count"": 0, ""rotations"": 336, ""d"": 16, ""dense_l"": 24.1948, ""redundant"": 320, ""obs_zero"": false, ""frame_l"": 40.3923, ""chi_bits"": 3, ""mps_l"": 13.1267, ""hsf_k"": 3, ""hsf_na"": 8, ""hsf_nb"": 8, ""hsf_l"": 19.69, ""sup"": 16, ""chi_bits0"": 3, ""mps_l0"": 13.1267, ""hsf_keff"": 3, ""hsf_l0"": 19.69, ""sparse_l"": 23.2946, ""sv_l"": 23.2946, ""feat_secs"": 0.001873, ""feat_secs_frame"": 0.000379, ""feat_secs_hsf"": 0.001407}"
brick,"brick:n=16,D=12,nn=1",1,"{""n"": 16.0, ""D"": 12.0, ""nn"": 1.0}",auto,ok,0.090625,0.0957,35995648,0.002152501925666532,16,0.002152501925666532,0.0,switched_at=Some(432) dense_qubits=16 peak_terms=319488 term_visits=761854 dense_ops=25559035 frame_secs=0.027041 restarted=true,"{""n"": 16, ""gates"": 298, ""g2"": 90, ""g3"": 0, ""depth2"": 12, ""t_count"": 0, ""rotations"": 624, ""d"": 16, ""dense_l"": 25.1824, ""redundant"": 608, ""obs_zero"": false, ""frame_l"": 41.2854, ""chi_bits"": 6, ""mps_l"": 20.7328, ""hsf_k"": 6, ""hsf_na"": 8, ""hsf_nb"": 8, ""hsf_l"": 23.1137, ""sup"": 16, ""chi_bits0"": 6, ""mps_l0"": 20.7328, ""hsf_keff"": 6, ""hsf_l0"": 23.1137, ""sparse_l"": 24.2192, ""sv_l"": 24.2192, ""feat_secs"": 0.002345, ""feat_secs_frame"": 0.000667, ""feat_secs_hsf"": 0.001547}"
brick,"brick:n=20,D=1,nn=1",1,"{""n"": 20.0, ""D"": 1.0, ""nn"": 1.0}",auto,ok,0.166666,0.1727,154075136,-1.569571296621589e-07,20,-1.569571296621589e-07,0.0,switched_at=Some(100) dense_qubits=20 peak_terms=1048576 term_visits=2097150 dense_ops=48234491 frame_secs=0.060206 restarted=true,"{""n"": 20, ""gates"": 50, ""g2"": 10, ""g3"": 0, ""depth2"": 1, ""t_count"": 0, ""rotations"": 120, ""d"": 20, ""dense_l"": 26.0224, ""redundant"": 100, ""obs_zero"": false, ""frame_l"": 46.9069, ""chi_bits"": 1, ""mps_l"": 7.4919, ""hsf_k"": 0, ""hsf_na"": 10, ""hsf_nb"": 10, ""hsf_l"": 20.0688, ""sup"": 20, ""chi_bits0"": 1, ""mps_l0"": 7.4919, ""hsf_keff"": 0, ""hsf_l0"": 20.0688, ""sparse_l"": 25.6439, ""sv_l"": 25.6439, ""feat_secs"": 0.001787, ""feat_secs_frame"": 0.000162, ""feat_secs_hsf"": 0.001585}"
brick,"brick:n=20,D=3,nn=1",1,"{""n"": 20.0, ""D"": 3.0, ""nn"": 1.0}",auto,ok,0.429005,0.4397,262111232,-0.0002220565475413487,20,-0.0002220565475413487,0.0,switched_at=Some(180) dense_qubits=20 peak_terms=2359296 term_visits=4718590 dense_ops=132120571 frame_secs=0.141285 restarted=true,"{""n"": 20, ""gates"": 109, ""g2"": 29, ""g3"": 0, ""depth2"": 3, ""t_count"": 0, ""rotations"": 240, ""d"": 20, ""dense_l"": 27.5314, ""redundant"": 220, ""obs_zero"": false, ""frame_l"": 47.9069, ""chi_bits"": 2, ""mps_l"": 10.1447, ""hsf_k"": 1, ""hsf_na"": 10, ""hsf_nb"": 10, ""hsf_l"": 21.1459, ""sup"": 20, ""chi_bits0"": 2, ""mps_l0"": 10.1447, ""hsf_keff"": 1, ""hsf_l0"": 21.1459, ""sparse_l"": 26.7682, ""sv_l"": 26.7682, ""feat_secs"": 0.003478, ""feat_secs_frame"": 0.000306, ""feat_secs_hsf"": 0.003107}"
brick,"brick:n=20,D=6,nn=1",1,"{""n"": 20.0, ""D"": 6.0, ""nn"": 1.0}",auto,ok,0.743026,0.7501,281296896,0.0008663071438869891,20,0.0008663071438869891,0.0,switched_at=Some(300) dense_qubits=20 peak_terms=2359234 term_visits=6291327 dense_ops=257949691 frame_secs=0.185407 restarted=true,"{""n"": 20, ""gates"": 197, ""g2"": 57, ""g3"": 0, ""depth2"": 6, ""t_count"": 0, ""rotations"": 420, ""d"": 20, ""dense_l"": 28.5118, ""redundant"": 400, ""obs_zero"": false, ""frame_l"": 48.7142, ""chi_bits"": 3, ""mps_l"": 13.5454, ""hsf_k"": 3, ""hsf_na"": 10, ""hsf_nb"": 10, ""hsf_l"": 23.2538, ""sup"": 20, ""chi_bits0"": 3, ""mps_l0"": 13.5454, ""hsf_keff"": 3, ""hsf_l0"": 23.2538, ""sparse_l"": 27.6221, ""sv_l"": 27.6221, ""feat_secs"": 0.003385, ""feat_secs_frame"": 0.000487, ""feat_secs_hsf"": 0.002793}"
brick,"brick:n=20,D=12,nn=1",1,"{""n"": 20.0, ""D"": 12.0, ""nn"": 1.0}",auto,ok,1.430858,1.4398,546881536,0.0003648009676073884,20,0.0003648009676073884,0.0,switched_at=Some(540) dense_qubits=20 peak_terms=5111808 term_visits=12189694 dense_ops=509607931 frame_secs=0.345198 restarted=true,"{""n"": 20, ""gates"": 374, ""g2"": 114, ""g3"": 0, ""depth2"": 12, ""t_count"": 0, ""rotations"": 780, ""d"": 20, ""dense_l"": 29.5018, ""redundant"": 760, ""obs_zero"": false, ""frame_l"": 49.6073, ""chi_bits"": 6, ""mps_l"": 21.5091, ""hsf_k"": 6, ""hsf_na"": 10, ""hsf_nb"": 10, ""hsf_l"": 26.4491, ""sup"": 20, ""chi_bits0"": 6, ""mps_l0"": 21.5091, ""hsf_keff"": 6, ""hsf_l0"": 26.4491, ""sparse_l"": 28.5469, ""sv_l"": 28.5469, ""feat_secs"": 0.004094, ""feat_secs_frame"": 0.000811, ""feat_secs_hsf"": 0.003115}"
brick,"brick:n=24,D=1,nn=1",1,"{""n"": 24.0, ""D"": 1.0, ""nn"": 1.0}",auto,ok,2.553611,2.5650,1602109440,3.690554669424946e-06,24,3.690554669424946e-06,0.0,switched_at=Some(120) dense_qubits=24 peak_terms=16777216 term_visits=33554430 dense_ops=905969659 frame_secs=0.890617 restarted=true,"{""n"": 24, ""gates"": 60, ""g2"": 12, ""g3"": 0, ""depth2"": 1, ""t_count"": 0, ""rotations"": 144, ""d"": 24, ""dense_l"": 30.2668, ""redundant"": 120, ""obs_zero"": false, ""frame_l"": 55.1699, ""chi_bits"": 1, ""mps_l"": 7.7549, ""hsf_k"": 0, ""hsf_na"": 12, ""hsf_nb"": 12, ""hsf_l"": 24.021, ""sup"": 24, ""chi_bits0"": 1, ""mps_l0"": 7.7549, ""hsf_keff"": 0, ""hsf_l0"": 24.021, ""sparse_l"": 29.9069, ""sv_l"": 29.9069, ""feat_secs"": 0.002715, ""feat_secs_frame"": 0.000196, ""feat_secs_hsf"": 0.002471}"
brick,"brick:n=24,D=3,nn=1",1,"{""n"": 24.0, ""D"": 3.0, ""nn"": 1.0}",auto,ok,5.898022,5.9104,1855225856,-1.249605503209399e-05,24,-1.249605503209399e-05,0.0,switched_at=Some(216) dense_qubits=24 peak_terms=25165824 term_visits=50331646 dense_ops=2516582395 frame_secs=1.243869 restarted=true,"{""n"": 24, ""gates"": 131, ""g2"": 35, ""g3"": 0, ""depth2"": 3, ""t_count"": 0, ""rotations"": 288, ""d"": 24, ""dense_l"": 31.7879, ""redundant"": 264, ""obs_zero"": false, ""frame_l"": 56.1699, ""chi_bits"": 2, ""mps_l"": 10.4429, ""hsf_k"": 1, ""hsf_na"": 12, ""hsf_nb"": 12, ""hsf_l"": 25.0454, ""sup"": 24, ""chi_bits0"": 2, ""mps_l0"": 10.4429, ""hsf_keff"": 1, ""hsf_l0"": 25.0454, ""sparse_l"": 31.0334, ""sv_l"": 31.0334, ""feat_secs"": 0.005977, ""feat_secs_frame"": 0.000477, ""feat_secs_hsf"": 0.005429}"
brick,"brick:n=24,D=6,nn=1",1,"{""n"": 24.0, ""D"": 6.0, ""nn"": 1.0}",auto,timeout,,10.0237,1854210048,,,,,timeout,"{""n"": 24, ""gates"": 237, ""g2"": 69, ""g3"": 0, ""depth2"": 6, ""t_count"": 0, ""rotations"": 504, ""d"": 24, ""dense_l"": 32.7715, ""redundant"": 480, ""obs_zero"": false, ""frame_l"": 56.9773, ""chi_bits"": 3, ""mps_l"": 13.8696, ""hsf_k"": 3, ""hsf_na"": 12, ""hsf_nb"": 12, ""hsf_l"": 27.0812, ""sup"": 24, ""chi_bits0"": 3, ""mps_l0"": 13.8696, ""hsf_keff"": 3, ""hsf_l0"": 27.0812, ""sparse_l"": 31.8887, ""sv_l"": 31.8887, ""feat_secs"": 0.005809, ""feat_secs_frame"": 0.000588, ""feat_secs_hsf"": 0.005104}"
brick,"brick:n=24,D=12,nn=1",1,"{""n"": 24.0, ""D"": 12.0, ""nn"": 1.0}",auto,skipped,,,,,,,,,"{""n"": 24, ""gates"": 450, ""g2"": 138, ""g3"": 0, ""depth2"": 12, ""t_count"": 0, ""rotations"": 936, ""d"": 24, ""dense_l"": 33.7632, ""redundant"": 912, ""obs_zero"": false, ""frame_l"": 57.8704, ""chi_bits"": 6, ""mps_l"": 22.0111, ""hsf_k"": 6, ""hsf_na"": 12, ""hsf_nb"": 12, ""hsf_l"": 30.1504, ""sup"": 24, ""chi_bits0"": 6, ""mps_l0"": 22.0111, ""hsf_keff"": 6, ""hsf_l0"": 30.1504, ""sparse_l"": 32.8138, ""sv_l"": 32.8138, ""feat_secs"": 0.006092, ""feat_secs_frame"": 0.00096, ""feat_secs_hsf"": 0.004947}"
brick,"brick:n=26,D=1,nn=1",1,"{""n"": 26.0, ""D"": 1.0, ""nn"": 1.0}",auto,ok,9.367746,9.3758,2866200576,3.904987947602532e-06,26,3.904987947602532e-06,0.0,switched_at=Some(130) dense_qubits=26 peak_terms=33554432 term_visits=67108862 dense_ops=3892314107 frame_secs=2.089143 restarted=true,"{""n"": 26, ""gates"": 65, ""g2"": 13, ""g3"": 0, ""depth2"": 1, ""t_count"": 0, ""rotations"": 156, ""d"": 26, ""dense_l"": 32.375, ""redundant"": 130, ""obs_zero"": false, ""frame_l"": 59.2854, ""chi_bits"": 1, ""mps_l"": 7.8704, ""hsf_k"": 0, ""hsf_na"": 12, ""hsf_nb"": 14, ""hsf_l"": 26.0227, ""sup"": 26, ""chi_bits0"": 1, ""mps_l0"": 7.8704, ""hsf_keff"": 0, ""hsf_l0"": 26.0227, ""sparse_l"": 32.0224, ""sv_l"": 32.0224, ""feat_secs"": 0.003389, ""feat_secs_frame"": 0.000222, ""feat_secs_hsf"": 0.003118}"
brick,"brick:n=26,D=3,nn=1",1,"{""n"": 26.0, ""D"": 3.0, ""nn"": 1.0}",auto,timeout,,10.0795,3458187264,,,,,timeout,"{""n"": 26, ""gates"": 142, ""g2"": 38, ""g3"": 0, ""depth2"": 3, ""t_count"": 0, ""rotations"": 312, ""d"": 26, ""dense_l"": 33.9009, ""redundant"": 286, ""obs_zero"": false, ""frame_l"": 60.2854, ""chi_bits"": 2, ""mps_l"": 10.5718, ""hsf_k"": 1, ""hsf_na"": 12, ""hsf_nb"": 14, ""hsf_l"": 27.0492, ""sup"": 26, ""chi_bits0"": 2, ""mps_l0"": 10.5718, ""hsf_keff"": 1, ""hsf_l0"": 27.0492, ""sparse_l"": 33.1497, ""sv_l"": 33.1497, ""feat_secs"": 0.007106, ""feat_secs_frame"": 0.000381, ""feat_secs_hsf"": 0.006629}"
brick,"brick:n=26,D=6,nn=1",1,"{""n"": 26.0, ""D"": 6.0, ""nn"": 1.0}",auto,skipped,,,,,,,,,"{""n"": 26, ""gates"": 257, ""g2"": 75, ""g3"": 0, ""depth2"": 6, ""t_count"": 0, ""rotations"": 546, ""d"": 26, ""dense_l"": 34.8857, ""redundant"": 520, ""obs_zero"": false, ""frame_l"": 61.0928, ""chi_bits"": 3, ""mps_l"": 14.0079, ""hsf_k"": 3, ""hsf_na"": 13, ""hsf_nb"": 13, ""hsf_l"": 29.0446, ""sup"": 26, ""chi_bits0"": 3, ""mps_l0"": 14.0079, ""hsf_keff"": 3, ""hsf_l0"": 29.0446, ""sparse_l"": 34.0056, ""sv_l"": 34.0056, ""feat_secs"": 0.007336, ""feat_secs_frame"": 0.000613, ""feat_secs_hsf"": 0.006596}"
brick,"brick:n=26,D=12,nn=1",1,"{""n"": 26.0, ""D"": 12.0, ""nn"": 1.0}",auto,skipped,,,,,,,,,"{""n"": 26, ""gates"": 488, ""g2"": 150, ""g3"": 0, ""depth2"": 12, ""t_count"": 0, ""rotations"": 1014, ""d"": 26, ""dense_l"": 35.8781, ""redundant"": 988, ""obs_zero"": false, ""frame_l"": 61.9858, ""chi_bits"": 6, ""mps_l"": 22.2089, ""hsf_k"": 6, ""hsf_na"": 13, ""hsf_nb"": 13, ""hsf_l"": 32.0835, ""sup"": 26, ""chi_bits0"": 6, ""mps_l0"": 22.2089, ""hsf_keff"": 6, ""hsf_l0"": 32.0835, ""sparse_l"": 34.9307, ""sv_l"": 34.9307, ""feat_secs"": 0.008004, ""feat_secs_frame"": 0.001086, ""feat_secs_hsf"": 0.006713}"
brick,"brick:n=16,D=1,nn=0",1,"{""n"": 16.0, ""D"": 1.0, ""nn"": 0.0}",auto,ok,0.008601,0.0136,10698752,7.053591128822846e-05,16,7.053591128822846e-05,0.0,switched_at=Some(80) dense_qubits=16 peak_terms=32768 term_visits=65534 dense_ops=2490363 frame_secs=0.002998 restarted=true,"{""n"": 16, ""gates"": 40, ""g2"": 8, ""g3"": 0, ""depth2"": 1, ""t_count"": 0, ""rotations"": 96, ""d"": 16, ""dense_l"": 21.7279, ""redundant"": 80, ""obs_zero"": false, ""frame_l"": 38.585, ""chi_bits"": 4, ""mps_l"": 17.4875, ""hsf_k"": 0, ""hsf_na"": 8, ""hsf_nb"": 8, ""hsf_l"": 16.2095, ""sup"": 16, ""chi_bits0"": 4, ""mps_l0"": 17.4875, ""hsf_keff"": 0, ""hsf_l0"": 16.2095, ""sparse_l"": 21.3219, ""sv_l"": 21.3219, ""feat_secs"": 0.001109, ""feat_secs_frame"": 0.000141, ""feat_secs_hsf"": 0.000932}"
brick,"brick:n=16,D=3,nn=0",1,"{""n"": 16.0, ""D"": 3.0, ""nn"": 0.0}",auto,ok,0.02065,0.0264,15712256,0.00043294478068438,16,0.00043294478068438,0.0,switched_at=Some(144) dense_qubits=16 peak_terms=65536 term_visits=131070 dense_ops=6684667 frame_secs=0.005431 restarted=true,"{""n"": 16, ""gates"": 88, ""g2"": 24, ""g3"": 0, ""depth2"": 3, ""t_count"": 0, ""rotations"": 192, ""d"": 16, ""dense_l"": 23.2192, ""redundant"": 176, ""obs_zero"": false, ""frame_l"": 39.585, ""chi_bits"": 8, ""mps_l"": 28.9587, ""hsf_k"": 2, ""hsf_na"": 8, ""hsf_nb"": 8, ""hsf_l"": 18.4263, ""sup"": 16, ""chi_bits0"": 8, ""mps_l0"": 28.9587, ""hsf_keff"": 2, ""hsf_l0"": 18.4263, ""sparse_l"": 22.4594, ""sv_l"": 22.4594, ""feat_secs"": 0.002427, ""feat_secs_frame"": 0.00026, ""feat_secs_hsf"": 0.002109}"
brick,"brick:n=16,D=6,nn=0",1,"{""n"": 16.0, ""D"": 6.0, ""nn"": 0.0}",auto,ok,0.043163,0.0478,23101440,0.0007761913838449409,16,0.0007761913838449409,0.0,switched_at=Some(240) dense_qubits=16 peak_terms=147456 term_visits=294910 dense_ops=12976123 frame_secs=0.011051 restarted=true,"{""n"": 16, ""gates"": 160, ""g2"": 48, ""g3"": 0, ""depth2"": 6, ""t_count"": 0, ""rotations"": 336, ""d"": 16, ""dense_l"": 24.1948, ""redundant"": 320, ""obs_zero"": false, ""frame_l"": 40.3923, ""chi_bits"": 8, ""mps_l"": 31.4676, ""hsf_k"": 8, ""hsf_na"": 5, ""hsf_nb"": 11, ""hsf_l"": 26.585, ""sup"": 16, ""chi_bits0"": 8, ""mps_l0"": 31.4676, ""hsf_keff"": 8, ""hsf_l0"": 26.585, ""sparse_l"": 23.3219, ""sv_l"": 23.3219, ""feat_secs"": 0.003752, ""feat_secs_frame"": 0.000387, ""feat_secs_hsf"": 0.003279}"
brick,"brick:n=24,D=2,nn=0",1,"{""n"": 24.0, ""D"": 2.0, ""nn"": 0.0}",auto,ok,4.438584,4.4477,1563410432,-1.543020314855471e-06,24,-1.543020314855471e-06,0.0,switched_at=Some(168) dense_qubits=24 peak_terms=25165824 term_visits=50331646 dense_ops=1711276027 frame_secs=1.313143 restarted=true,"{""n"": 24, ""gates"": 96, ""g2"": 24, ""g3"": 0, ""depth2"": 2, ""t_count"": 0, ""rotations"": 216, ""d"": 24, ""dense_l"": 31.2192, ""redundant"": 192, ""obs_zero"": false, ""frame_l"": 55.7549, ""chi_bits"": 10, ""mps_l"": 34.7963, ""hsf_k"": 0, ""hsf_na"": 12, ""hsf_nb"": 12, ""hsf_l"": 24.0334, ""sup"": 24, ""chi_bits0"": 10, ""mps_l0"": 34.7963, ""hsf_keff"": 0, ""hsf_l0"": 24.0334, ""sparse_l"": 30.585, ""sv_l"": 30.585, ""feat_secs"": 0.005095, ""feat_secs_frame"": 0.000278, ""feat_secs_hsf"": 0.004756}"
brick,"brick:n=24,D=4,nn=0",1,"{""n"": 24.0, ""D"": 4.0, ""nn"": 0.0}",auto,ok,7.601328,7.6101,1853734912,-0.0001531558021112659,24,-0.0001531558021112659,0.0,switched_at=Some(264) dense_qubits=24 peak_terms=25151372 term_visits=50327155 dense_ops=3321888763 frame_secs=1.356227 restarted=true,"{""n"": 24, ""gates"": 168, ""g2"": 48, ""g3"": 0, ""depth2"": 4, ""t_count"": 0, ""rotations"": 360, ""d"": 24, ""dense_l"": 32.1948, ""redundant"": 336, ""obs_zero"": false, ""frame_l"": 56.4919, ""chi_bits"": 12, ""mps_l"": 42.475, ""hsf_k"": 8, ""hsf_na"": 10, ""hsf_nb"": 14, ""hsf_l"": 32.2192, ""sup"": 24, ""chi_bits0"": 12, ""mps_l0"": 42.475, ""hsf_keff"": 8, ""hsf_l0"": 32.2192, ""sparse_l"": 31.3923, ""sv_l"": 31.3923, ""feat_secs"": 0.007805, ""feat_secs_frame"": 0.000458, ""feat_secs_hsf"": 0.007251}"
ct,"ct:n=24,L=1,t=0,nn=1",1,"{""n"": 24.0, ""L"": 1.0, ""t"": 0.0, ""nn"": 1.0}",auto,ok,8.9e-05,0.0046,2129920,-0.0,0,-0.0,0.0,switched_at=None dense_qubits=0 peak_terms=0 term_visits=0 dense_ops=0 frame_secs=0.000082 restarted=false,"{""n"": 24, ""gates"": 36, ""g2"": 12, ""g3"": 0, ""depth2"": 1, ""t_count"": 0, ""rotations"": 0, ""d"": 0, ""dense_l"": 0.0, ""redundant"": 0, ""obs_zero"": true, ""frame_l"": 5.1699, ""chi_bits"": 1, ""mps_l"": 6.9069, ""hsf_k"": 0, ""hsf_na"": 12, ""hsf_nb"": 12, ""hsf_l"": 24.0126, ""sup"": 12, ""chi_bits0"": 1, ""mps_l0"": 6.9069, ""hsf_keff"": 0, ""hsf_l0"": 24.0126, ""sparse_l"": 17.1699, ""sv_l"": 29.1699, ""feat_secs"": 0.002516, ""feat_secs_frame"": 6.2e-05, ""feat_secs_hsf"": 0.002426}"
ct,"ct:n=24,L=1,t=4,nn=1",1,"{""n"": 24.0, ""L"": 1.0, ""t"": 4.0, ""nn"": 1.0}",auto,ok,0.000201,0.0046,2490368,-0.0,0,-0.0,0.0,switched_at=None dense_qubits=0 peak_terms=0 term_visits=0 dense_ops=0 frame_secs=0.000194 restarted=false,"{""n"": 24, ""gates"": 44, ""g2"": 12, ""g3"": 0, ""depth2"": 1, ""t_count"": 4, ""rotations"": 4, ""d"": 1, ""dense_l"": 2.3219, ""redundant"": 3, ""obs_zero"": true, ""frame_l"": 5.4594, ""chi_bits"": 1, ""mps_l"": 7.0, ""hsf_k"": 0, ""hsf_na"": 12, ""hsf_nb"": 12, ""hsf_l"": 24.0154, ""sup"": 16, ""chi_bits0"": 1, ""mps_l0"": 7.0, ""hsf_keff"": 0, ""hsf_l0"": 24.0154, ""sparse_l"": 21.4594, ""sv_l"": 29.4594, ""feat_secs"": 0.002691, ""feat_secs_frame"": 5.8e-05, ""feat_secs_hsf"": 0.002593}"
ct,"ct:n=24,L=1,t=12,nn=1",1,"{""n"": 24.0, ""L"": 1.0, ""t"": 12.0, ""nn"": 1.0}",auto,ok,0.000212,0.0044,2490368,-0.0,0,-0.0,0.0,switched_at=None dense_qubits=0 peak_terms=0 term_visits=0 dense_ops=0 frame_secs=0.000205 restarted=false,"{""n"": 24, ""gates"": 58, ""g2"": 12, ""g3"": 0, ""depth2"": 1, ""t_count"": 12, ""rotations"": 12, ""d"": 6, ""dense_l"": 7.8948, ""redundant"": 6, ""obs_zero"": true, ""frame_l"": 5.858, ""chi_bits"": 1, ""mps_l"": 7.1497, ""hsf_k"": 0, ""hsf_na"": 12, ""hsf_nb"": 12, ""hsf_l"": 24.0203, ""sup"": 19, ""chi_bits0"": 1, ""mps_l0"": 7.1497, ""hsf_keff"": 0, ""hsf_l0"": 24.0203, ""sparse_l"": 24.858, ""sv_l"": 29.858, ""feat_secs"": 0.002522, ""feat_secs_frame"": 6.9e-05, ""feat_secs_hsf"": 0.002406}"
ct,"ct:n=24,L=1,t=24,nn=1",1,"{""n"": 24.0, ""L"": 1.0, ""t"": 24.0, ""nn"": 1.0}",auto,ok,0.000119,0.0046,2195456,-0.0,0,-0.0,0.0,switched_at=None dense_qubits=0 peak_terms=0 term_visits=0 dense_ops=0 frame_secs=0.000112 restarted=false,"{""n"": 24, ""gates"": 84, ""g2"": 12, ""g3"": 0, ""depth2"": 1, ""t_count"": 24, ""rotations"": 24, ""d"": 15, ""dense_l"": 17.2297, ""redundant"": 9, ""obs_zero"": true, ""frame_l"": 6.3923, ""chi_bits"": 1, ""mps_l"": 7.3923, ""hsf_k"": 0, ""hsf_na"": 12, ""hsf_nb"": 12, ""hsf_l"": 24.0293, ""sup"": 24, ""chi_bits0"": 1, ""mps_l0"": 7.3923, ""hsf_keff"": 0, ""hsf_l0"": 24.0293, ""sparse_l"": 30.3923, ""sv_l"": 30.3923, ""feat_secs"": 0.002537, ""feat_secs_frame"": 8.9e-05, ""feat_secs_hsf"": 0.002394}"
ct,"ct:n=24,L=1,t=48,nn=1",1,"{""n"": 24.0, ""L"": 1.0, ""t"": 48.0, ""nn"": 1.0}",auto,ok,0.000184,0.0045,2539520,-0.0,0,-0.0,0.0,switched_at=None dense_qubits=0 peak_terms=0 term_visits=0 dense_ops=0 frame_secs=0.000180 restarted=false,"{""n"": 24, ""gates"": 128, ""g2"": 12, ""g3"": 0, ""depth2"": 1, ""t_count"": 48, ""rotations"": 48, ""d"": 17, ""dense_l"": 19.2295, ""redundant"": 31, ""obs_zero"": true, ""frame_l"": 7.0, ""chi_bits"": 1, ""mps_l"": 7.7279, ""hsf_k"": 0, ""hsf_na"": 12, ""hsf_nb"": 12, ""hsf_l"": 24.0444, ""sup"": 23, ""chi_bits0"": 1, ""mps_l0"": 7.7279, ""hsf_keff"": 0, ""hsf_l0"": 24.0444, ""sparse_l"": 30.0, ""sv_l"": 31.0, ""feat_secs"": 0.002659, ""feat_secs_frame"": 0.000113, ""feat_secs_hsf"": 0.002487}"
ct,"ct:n=24,L=2,t=0,nn=1",1,"{""n"": 24.0, ""L"": 2.0, ""t"": 0.0, ""nn"": 1.0}",auto,ok,8e-05,0.0067,2146304,-0.0,0,-0.0,0.0,switched_at=None dense_qubits=0 peak_terms=0 term_visits=0 dense_ops=0 frame_secs=0.000074 restarted=false,"{""n"": 24, ""gates"": 67, ""g2"": 23, ""g3"": 0, ""depth2"": 2, ""t_count"": 0, ""rotations"": 0, ""d"": 0, ""dense_l"": 0.0, ""redundant"": 0, ""obs_zero"": true, ""frame_l"": 6.0661, ""chi_bits"": 1, ""mps_l"": 8.1699, ""hsf_k"": 1, ""hsf_na"": 12, ""hsf_nb"": 12, ""hsf_l"": 25.0234, ""sup"": 17, ""chi_bits0"": 1, ""mps_l0"": 8.1699, ""hsf_keff"": 1, ""hsf_l0"": 25.0234, ""sparse_l"": 23.0661, ""sv_l"": 30.0661, ""feat_secs"": 0.005041, ""feat_secs_frame"": 8.2e-05, ""feat_secs_hsf"": 0.004914}"
ct,"ct:n=24,L=2,t=4,nn=1",1,"{""n"": 24.0, ""L"": 2.0, ""t"": 4.0, ""nn"": 1.0}",auto,ok,0.000212,0.0046,2490368,-0.0,0,-0.0,0.0,switched_at=None dense_qubits=0 peak_terms=0 term_visits=0 dense_ops=0 frame_secs=0.000206 restarted=false,"{""n"": 24, ""gates"": 74, ""g2"": 23, ""g3"": 0, ""depth2"": 2, ""t_count"": 4, ""rotations"": 4, ""d"": 3, ""dense_l"": 4.1699, ""redundant"": 1, ""obs_zero"": true, ""frame_l"": 6.2095, ""chi_bits"": 1, ""mps_l"": 8.3038, ""hsf_k"": 1, ""hsf_na"": 12, ""hsf_nb"": 12, ""hsf_l"": 24.0258, ""sup"": 19, ""chi_bits0"": 1, ""mps_l0"": 8.3038, ""hsf_keff"": 0, ""hsf_l0"": 25.0258, ""sparse_l"": 25.2095, ""sv_l"": 30.2095, ""feat_secs"": 0.005053, ""feat_secs_frame"": 8.4e-05, ""feat_secs_hsf"": 0.00492}"
ct,"ct:n=24,L=2,t=12,nn=1",1,"{""n"": 24.0, ""L"": 2.0, ""t"": 12.0, ""nn"": 1.0}",auto,ok,0.000213,0.0045,2490368,-0.0,0,-0.0,0.0,switched_at=None dense_qubits=0 peak_terms=0 term_visits=0 dense_ops=0 frame_secs=0.000208 restarted=false,"{""n"": 24, ""gates"": 90, ""g2"": 23, ""g3"": 0, ""depth2"": 2, ""t_count"": 12, ""rotations"": 12, ""d"": 9, ""dense_l"": 10.8057, ""redundant"": 3, ""obs_zero"": true, ""frame_l"": 6.4919, ""chi_bits"": 1, ""mps_l"": 8.4263, ""hsf_k"": 1, ""hsf_na"": 12, ""hsf_nb"": 12, ""hsf_l"": 25.0314, ""sup"": 18, ""chi_bits0"": 1, ""mps_l0"": 8.4263, ""hsf_keff"": 1, ""hsf_l0"": 25.0314, ""sparse_l"": 24.4919, ""sv_l"": 30.4919, ""feat_secs"": 0.005298, ""feat_secs_frame"": 9e-05, ""feat_secs_hsf"": 0.005153}"
ct,"ct:n=24,L=2,t=24,nn=1",1,"{""n"": 24.0, ""L"": 2.0, ""t"": 24.0, ""nn"": 1.0}",auto,ok,0.000238,0.0042,2523136,-0.0,0,-0.0,0.0,switched_at=None dense_qubits=0 peak_terms=0 term_visits=0 dense_ops=0 frame_secs=0.000233 restarted=false,"{""n"": 24, ""gates"": 121, ""g2"": 23, ""g3"": 0, ""depth2"": 2, ""t_count"": 24, ""rotations"": 24, ""d"": 13, ""dense_l"": 15.0567, ""redundant"": 11, ""obs_zero"": true, ""frame_l"": 6.9189, ""chi_bits"": 1, ""mps_l"": 8.7748, ""hsf_k"": 1, ""hsf_na"": 12, ""hsf_nb"": 12, ""hsf_l"": 25.042, ""sup"": 22, ""chi_bits0"": 1, ""mps_l0"": 8.7748, ""hsf_keff"": 1, ""hsf_l0"": 25.042, ""sparse_l"": 28.9189, ""sv_l"": 30.9189, ""feat_secs"": 0.005198, ""feat_secs_frame"": 0.00011, ""feat_secs_hsf"": 0.005015}"
ct,"ct:n=24,L=2,t=48,nn=1",1,"{""n"": 24.0, ""L"": 2.0, ""t"": 48.0, ""nn"": 1.0}",auto,ok,0.000226,0.0045,2539520,-0.0,0,-0.0,0.0,switched_at=None dense_qubits=0 peak_terms=0 term_visits=0 dense_ops=0 frame_secs=0.000221 restarted=false,"{""n"": 24, ""gates"": 161, ""g2"": 23, ""g3"": 0, ""depth2"": 2, ""t_count"": 48, ""rotations"": 48, ""d"": 21, ""dense_l"": 23.2171, ""redundant"": 27, ""obs_zero"": true, ""frame_l"": 7.3309, ""chi_bits"": 1, ""mps_l"": 9.0553, ""hsf_k"": 1, ""hsf_na"": 12, ""hsf_nb"": 12, ""hsf_l"": 25.0556, ""sup"": 24, ""chi_bits0"": 1, ""mps_l0"": 9.0553, ""hsf_keff"": 1, ""hsf_l0"": 25.0556, ""sparse_l"": 31.3309, ""sv_l"": 31.3309, ""feat_secs"": 0.005093, ""feat_secs_frame"": 0.000128, ""feat_secs_hsf"": 0.004888}"
ct,"ct:n=24,L=4,t=0,nn=1",1,"{""n"": 24.0, ""L"": 4.0, ""t"": 0.0, ""nn"": 1.0}",auto,ok,0.000111,0.0048,2195456,-0.0,0,-0.0,0.0,switched_at=None dense_qubits=0 peak_terms=0 term_visits=0 dense_ops=0 frame_secs=0.000105 restarted=false,"{""n"": 24, ""gates"": 143, ""g2"": 46, ""g3"": 0, ""depth2"": 4, ""t_count"": 0, ""rotations"": 0, ""d"": 0, ""dense_l"": 0.0, ""redundant"": 0, ""obs_zero"": true, ""frame_l"": 7.1599, ""chi_bits"": 2, ""mps_l"": 11.0526, ""hsf_k"": 2, ""hsf_na"": 12, ""hsf_nb"": 12, ""hsf_l"": 26.0495, ""sup"": 24, ""chi_bits0"": 2, ""mps_l0"": 11.0526, ""hsf_keff"": 2, ""hsf_l0"": 26.0495, ""sparse_l"": 31.1599, ""sv_l"": 31.1599, ""feat_secs"": 0.005232, ""feat_secs_frame"": 0.000123, ""feat_secs_hsf"": 0.00504}"
ct,"ct:n=24,L=4,t=4,nn=1",1,"{""n"": 24.0, ""L"": 4.0, ""t"": 4.0, ""nn"": 1.0}",auto,ok,0.000274,0.0045,2523136,-0.0,0,-0.0,0.0,switched_at=None dense_qubits=0 peak_terms=0 term_visits=0 dense_ops=0 frame_secs=0.000270 restarted=false,"{""n"": 24, ""gates"": 148, ""g2"": 46, ""g3"": 0, ""depth2"": 4, ""t_count"": 4, ""rotations"": 4, ""d"": 4, ""dense_l"": 4.9069, ""redundant"": 0, ""obs_zero"": true, ""frame_l"": 7.2095, ""chi_bits"": 2, ""mps_l"": 11.1137, ""hsf_k"": 2, ""hsf_na"": 12, ""hsf_nb"": 12, ""hsf_l"": 25.0512, ""sup"": 24, ""chi_bits0"": 2, ""mps_l0"": 11.1137, ""hsf_keff"": 1, ""hsf_l0"": 26.0512, ""sparse_l"": 31.2095, ""sv_l"": 31.2095, ""feat_secs"": 0.005055, ""feat_secs_frame"": 0.000124, ""feat_secs_hsf"": 0.004861}"
ct,"ct:n=24,L=4,t=12,nn=1",1,"{""n"": 24.0, ""L"": 4.0, ""t"": 12.0, ""nn"": 1.0}",auto,ok,0.000232,0.0076,2523136,-0.0,0,-0.0,0.0,switched_at=None dense_qubits=0 peak_terms=0 term_visits=0 dense_ops=0 frame_secs=0.000226 restarted=false,"{""n"": 24, ""gates"": 167, ""g2"": 46, ""g3"": 0, ""depth2"": 4, ""t_count"": 12, ""rotations"": 12, ""d"": 9, ""dense_l"": 10.0265, ""redundant"": 3, ""obs_zero"": true, ""frame_l"": 7.3837, ""chi_bits"": 2, ""mps_l"": 11.2252, ""hsf_k"": 2, ""hsf_na"": 12, ""hsf_nb"": 12, ""hsf_l"": 26.0577, ""sup"": 23, ""chi_bits0"": 2, ""mps_l0"": 11.2252, ""hsf_keff"": 2, ""hsf_l0"": 26.0577, ""sparse_l"": 30.3837, ""sv_l"": 31.3837, ""feat_secs"": 0.005356, ""feat_secs_frame"": 0.000136, ""feat_secs_hsf"": 0.005147}"
ct,"ct:n=24,L=4,t=24,nn=1",1,"{""n"": 24.0, ""L"": 4.0, ""t"": 24.0, ""nn"": 1.0}",auto,ok,0.000236,0.0045,2539520,-0.0,0,-0.0,0.0,switched_at=None dense_qubits=0 peak_terms=0 term_visits=0 dense_ops=0 frame_secs=0.000230 restarted=false,"{""n"": 24, ""gates"": 192, ""g2"": 46, ""g3"": 0, ""depth2"": 4, ""t_count"": 24, ""rotations"": 24, ""d"": 13, ""dense_l"": 14.4916, ""redundant"": 11, ""obs_zero"": true, ""frame_l"": 7.585, ""chi_bits"": 2, ""mps_l"": 11.2668, ""hsf_k"": 2, ""hsf_na"": 12, ""hsf_nb"": 12, ""hsf_l"": 26.0661, ""sup"": 24, ""chi_bits0"": 2, ""mps_l0"": 11.2668, ""hsf_keff"": 2, ""hsf_l0"": 26.0661, ""sparse_l"": 31.585, ""sv_l"": 31.585, ""feat_secs"": 0.005152, ""feat_secs_frame"": 0.000147, ""feat_secs_hsf"": 0.004914}"
ct,"ct:n=24,L=4,t=48,nn=1",1,"{""n"": 24.0, ""L"": 4.0, ""t"": 48.0, ""nn"": 1.0}",auto,ok,0.000288,0.0044,2539520,-0.0,0,-0.0,0.0,switched_at=None dense_qubits=0 peak_terms=0 term_visits=0 dense_ops=0 frame_secs=0.000283 restarted=false,"{""n"": 24, ""gates"": 240, ""g2"": 46, ""g3"": 0, ""depth2"": 4, ""t_count"": 48, ""rotations"": 48, ""d"": 22, ""dense_l"": 23.9667, ""redundant"": 26, ""obs_zero"": true, ""frame_l"": 7.9069, ""chi_bits"": 2, ""mps_l"": 11.3945, ""hsf_k"": 2, ""hsf_na"": 12, ""hsf_nb"": 12, ""hsf_l"": 26.0821, ""sup"": 24, ""chi_bits0"": 2, ""mps_l0"": 11.3945, ""hsf_keff"": 2, ""hsf_l0"": 26.0821, ""sparse_l"": 31.9069, ""sv_l"": 31.9069, ""feat_secs"": 0.005217, ""feat_secs_frame"": 0.000177, ""feat_secs_hsf"": 0.004937}"
ct,"ct:n=24,L=8,t=0,nn=1",1,"{""n"": 24.0, ""L"": 8.0, ""t"": 0.0, ""nn"": 1.0}",auto,ok,0.000165,0.0045,2244608,-0.0,0,-0.0,0.0,switched_at=None dense_qubits=0 peak_terms=0 term_visits=0 dense_ops=0 frame_secs=0.000158 restarted=false,"{""n"": 24, ""gates"": 288, ""g2"": 92, ""g3"": 0, ""depth2"": 8, ""t_count"": 0, ""rotations"": 0, ""d"": 0, ""dense_l"": 0.0, ""redundant"": 0, ""obs_zero"": true, ""frame_l"": 8.1699, ""chi_bits"": 4, ""mps_l"": 16.4606, ""hsf_k"": 4, ""hsf_na"": 12, ""hsf_nb"": 12, ""hsf_l"": 28.098, ""sup"": 24, ""chi_bits0"": 4, ""mps_l0"": 16.4606, ""hsf_keff"": 4, ""hsf_l0"": 28.098, ""sparse_l"": 32.1699, ""sv_l"": 32.1699, ""feat_secs"": 0.005885, ""feat_secs_frame"": 0.000205, ""feat_secs_hsf"": 0.00556}"
ct,"ct:n=24,L=8,t=4,nn=1",1,"{""n"": 24.0, ""L"": 8.0, ""t"": 4.0, ""nn"": 1.0}",auto,ok,0.000282,0.0045,2572288,-0.0,0,-0.0,0.0,switched_at=None dense_qubits=0 peak_terms=0 term_visits=0 dense_ops=0 frame_secs=0.000276 restarted=false,"{""n"": 24, ""gates"": 291, ""g2"": 92, ""g3"": 0, ""depth2"": 8, ""t_count"": 4, ""rotations"": 4, ""d"": 4, ""dense_l"": 4.9069, ""redundant"": 0, ""obs_zero"": true, ""frame_l"": 8.1849, ""chi_bits"": 4, ""mps_l"": 16.4715, ""hsf_k"": 4, ""hsf_na"": 12, ""hsf_nb"": 12, ""hsf_l"": 27.099, ""sup"": 24, ""chi_bits0"": 4, ""mps_l0"": 16.4715, ""hsf_keff"": 3, ""hsf_l0"": 28.099, ""sparse_l"": 32.1849, ""sv_l"": 32.1849, ""feat_secs"": 0.005767, ""feat_secs_frame"": 0.000213, ""feat_secs_hsf"": 0.005433}"
ct,"ct:n=24,L=8,t=12,nn=1",1,"{""n"": 24.0, ""L"": 8.0, ""t"": 12.0, ""nn"": 1.0}",auto,ok,0.000287,0.0047,2572288,-0.0,0,-0.0,0.0,switched_at=None dense_qubits=0 peak_terms=0 term_visits=0 dense_ops=0 frame_secs=0.000281 restarted=false,"{""n"": 24, ""gates"": 303, ""g2"": 92, ""g3"": 0, ""depth2"": 8, ""t_count"": 12, ""rotations"": 12, ""d"": 10, ""dense_l"": 11.0, ""redundant"": 2, ""obs_zero"": true, ""frame_l"": 8.2432, ""chi_bits"": 4, ""mps_l"": 16.4743, ""hsf_k"": 4, ""hsf_na"": 12, ""hsf_nb"": 12, ""hsf_l"": 28.103, ""sup"": 24, ""chi_bits0"": 4, ""mps_l0"": 16.4743, ""hsf_keff"": 4, ""hsf_l0"": 28.103, ""sparse_l"": 32.2432, ""sv_l"": 32.2432, ""feat_secs"": 0.005365, ""feat_secs_frame"": 0.000223, ""feat_secs_hsf"": 0.005015}"
ct,"ct:n=24,L=8,t=24,nn=1",1,"{""n"": 24.0, ""L"": 8.0, ""t"": 24.0, ""nn"": 1.0}",auto,ok,0.000296,0.0075,2605056,-0.0,0,-0.0,0.0,switched_at=None dense_qubits=0 peak_terms=0 term_visits=0 dense_ops=0 frame_secs=0.000290 restarted=false,"{""n"": 24, ""gates"": 324, ""g2"": 92, ""g3"": 0, ""depth2"": 8, ""t_count"": 24, ""rotations"": 24, ""d"": 17, ""dense_l"": 18.4471, ""redundant"": 7, ""obs_zero"": true, ""frame_l"": 8.3399, ""chi_bits"": 4, ""mps_l"": 16.4778, ""hsf_k"": 4, ""hsf_na"": 12, ""hsf_nb"": 12, ""hsf_l"": 28.1098, ""sup"": 24, ""chi_bits0"": 4, ""mps_l0"": 16.4778, ""hsf_keff"": 4, ""hsf_l0"": 28.1098, ""sparse_l"": 32.3399, ""sv_l"": 32.3399, ""feat_secs"": 0.005397, ""feat_secs_frame"": 0.000224, ""feat_secs_hsf"": 0.005033}"
ct,"ct:n=24,L=8,t=48,nn=1",1,"{""n"": 24.0, ""L"": 8.0, ""t"": 48.0, ""nn"": 1.0}",auto,ok,0.00036,0.0075,2588672,-0.0,0,-0.0,0.0,switched_at=None dense_qubits=0 peak_terms=1 term_visits=2 dense_ops=0 frame_secs=0.000353 restarted=false,"{""n"": 24, ""gates"": 381, ""g2"": 92, ""g3"": 0, ""depth2"": 8, ""t_count"": 48, ""rotations"": 48, ""d"": 24, ""dense_l"": 25.5968, ""redundant"": 24, ""obs_zero"": false, ""frame_l"": 17.585, ""chi_bits"": 4, ""mps_l"": 16.5297, ""hsf_k"": 4, ""hsf_na"": 12, ""hsf_nb"": 12, ""hsf_l"": 28.1283, ""sup"": 24, ""chi_bits0"": 4, ""mps_l0"": 16.5297, ""hsf_keff"": 4, ""hsf_l0"": 28.1283, ""sparse_l"": 32.5736, ""sv_l"": 32.5736, ""feat_secs"": 0.005499, ""feat_secs_frame"": 0.000277, ""feat_secs_hsf"": 0.005066}"
ct,"ct:n=24,L=16,t=0,nn=1",1,"{""n"": 24.0, ""L"": 16.0, ""t"": 0.0, ""nn"": 1.0}",auto,ok,0.000243,0.0063,2293760,-0.0,0,-0.0,0.0,switched_at=None dense_qubits=0 peak_terms=0 term_visits=0 dense_ops=0 frame_secs=0.000236 restarted=false,"{""n"": 24, ""gates"": 547, ""g2"": 184, ""g3"": 0, ""depth2"": 16, ""t_count"": 0, ""rotations"": 0, ""d"": 0, ""dense_l"": 0.0, ""redundant"": 0, ""obs_zero"": true, ""frame_l"": 9.0954, ""chi_bits"": 8, ""mps_l"": 27.4588, ""hsf_k"": 8, ""hsf_na"": 12, ""hsf_nb"": 12, ""hsf_l"": 31.1808, ""sup"": 24, ""chi_bits0"": 8, ""mps_l0"": 27.4588, ""hsf_keff"": 7, ""hsf_l0"": 32.1808, ""sparse_l"": 33.0954, ""sv_l"": 33.0954, ""feat_secs"": 0.006086, ""feat_secs_frame"": 0.000404, ""feat_secs_hsf"": 0.005469}"
ct,"ct:n=24,L=16,t=4,nn=1",1,"{""n"": 24.0, ""L"": 16.0, ""t"": 4.0, ""nn"": 1.0}",auto,ok,0.000365,0.0071,2637824,-0.0,0,-0.0,0.0,switched_at=None dense_qubits=0 peak_terms=0 term_visits=0 dense_ops=0 frame_secs=0.000356 restarted=false,"{""n"": 24, ""gates"": 552, ""g2"": 184, ""g3"": 0, ""depth2"": 16, ""t_count"": 4, ""rotations"": 4, ""d"": 4, ""dense_l"": 4.9069, ""redundant"": 0, ""obs_zero"": true, ""frame_l"": 9.1085, ""chi_bits"": 8, ""mps_l"": 27.4592, ""hsf_k"": 8, ""hsf_na"": 12, ""hsf_nb"": 12, ""hsf_l"": 31.1824, ""sup"": 24, ""chi_bits0"": 8, ""mps_l0"": 27.4592, ""hsf_keff"": 7, ""hsf_l0"": 32.1824, ""sparse_l"": 33.1085, ""sv_l"": 33.1085, ""feat_secs"": 0.005788, ""feat_secs_frame"": 0.000394, ""feat_secs_hsf"": 0.005161}"
ct,"ct:n=24,L=16,t=12,nn=1",1,"{""n"": 24.0, ""L"": 16.0, ""t"": 12.0, ""nn"": 1.0}",auto,ok,0.000408,0.0076,2621440,-0.0,0,-0.0,0.0,switched_at=None dense_qubits=0 peak_terms=0 term_visits=0 dense_ops=0 frame_secs=0.000401 restarted=false,"{""n"": 24, ""gates"": 568, ""g2"": 184, ""g3"": 0, ""depth2"": 16, ""t_count"": 12, ""rotations"": 12, ""d"": 9, ""dense_l"": 10.0362, ""redundant"": 3, ""obs_zero"": true, ""frame_l"": 9.1497, ""chi_bits"": 8, ""mps_l"": 27.4612, ""hsf_k"": 8, ""hsf_na"": 12, ""hsf_nb"": 12, ""hsf_l"": 32.1874, ""sup"": 24, ""chi_bits0"": 8, ""mps_l0"": 27.4612, ""hsf_keff"": 8, ""hsf_l0"": 32.1874, ""sparse_l"": 33.1497, ""sv_l"": 33.1497, ""feat_secs"": 0.005647, ""feat_secs_frame"": 0.000389, ""feat_secs_hsf"": 0.005031}"
ct,"ct:n=24,L=16,t=24,nn=1",1,"{""n"": 24.0, ""L"": 16.0, ""t"": 24.0, ""nn"": 1.0}",auto,ok,0.000359,0.0046,2654208,-0.0,0,-0.0,0.0,switched_at=None dense_qubits=0 peak_terms=0 term_visits=0 dense_ops=0 frame_secs=0.000354 restarted=false,"{""n"": 24, ""gates"": 597, ""g2"": 184, ""g3"": 0, ""depth2"": 16, ""t_count"": 24, ""rotations"": 24, ""d"": 20, ""dense_l"": 21.0029, ""redundant"": 4, ""obs_zero"": true, ""frame_l"": 9.2216, ""chi_bits"": 8, ""mps_l"": 27.4617, ""hsf_k"": 8, ""hsf_na"": 12, ""hsf_nb"": 12, ""hsf_l"": 31.1963, ""sup"": 24, ""chi_bits0"": 8, ""mps_l0"": 27.4617, ""hsf_keff"": 7, ""hsf_l0"": 32.1963, ""sparse_l"": 33.2216, ""sv_l"": 33.2216, ""feat_secs"": 0.005659, ""feat_secs_frame"": 0.000391, ""feat_secs_hsf"": 0.005039}"
ct,"ct:n=24,L=16,t=48,nn=1",1,"{""n"": 24.0, ""L"": 16.0, ""t"": 48.0, ""nn"": 1.0}",auto,ok,0.000401,0.0069,2654208,-0.0,0,-0.0,0.0,switched_at=None dense_qubits=0 peak_terms=0 term_visits=0 dense_ops=0 frame_secs=0.000394 restarted=false,"{""n"": 24, ""gates"": 642, ""g2"": 184, ""g3"": 0, ""depth2"": 16, ""t_count"": 48, ""rotations"": 48, ""d"": 20, ""dense_l"": 22.5186, ""redundant"": 28, ""obs_zero"": true, ""frame_l"": 9.3264, ""chi_bits"": 8, ""mps_l"": 27.4623, ""hsf_k"": 8, ""hsf_na"": 12, ""hsf_nb"": 12, ""hsf_l"": 32.2101, ""sup"": 24, ""chi_bits0"": 8, ""mps_l0"": 27.4623, ""hsf_keff"": 8, ""hsf_l0"": 32.2101, ""sparse_l"": 33.3264, ""sv_l"": 33.3264, ""feat_secs"": 0.006294, ""feat_secs_frame"": 0.000534, ""feat_secs_hsf"": 0.005495}"
ct,"ct:n=24,L=32,t=0,nn=1",1,"{""n"": 24.0, ""L"": 32.0, ""t"": 0.0, ""nn"": 1.0}",auto,ok,0.000412,0.0070,2342912,-0.0,0,-0.0,0.0,switched_at=None dense_qubits=0 peak_terms=0 term_visits=0 dense_ops=0 frame_secs=0.000405 restarted=false,"{""n"": 24, ""gates"": 1126, ""g2"": 368, ""g3"": 0, ""depth2"": 32, ""t_count"": 0, ""rotations"": 0, ""d"": 0, ""dense_l"": 0.0, ""redundant"": 0, ""obs_zero"": true, ""frame_l"": 10.137, ""chi_bits"": 12, ""mps_l"": 38.796, ""hsf_k"": 16, ""hsf_na"": 12, ""hsf_nb"": 12, ""hsf_l"": 39.3504, ""sup"": 24, ""chi_bits0"": 12, ""mps_l0"": 38.796, ""hsf_keff"": 15, ""hsf_l0"": 40.3504, ""sparse_l"": 34.137, ""sv_l"": 34.137, ""feat_secs"": 0.006273, ""feat_secs_frame"": 0.00073, ""feat_secs_hsf"": 0.005126}"
ct,"ct:n=24,L=32,t=4,nn=1",1,"{""n"": 24.0, ""L"": 32.0, ""t"": 4.0, ""nn"": 1.0}",auto,ok,0.000546,0.0074,2686976,-0.0,0,-0.0,0.0,switched_at=None dense_qubits=0 peak_terms=0 term_visits=0 dense_ops=0 frame_secs=0.000541 restarted=false,"{""n"": 24, ""gates"": 1129, ""g2"": 368, ""g3"": 0, ""depth2"": 32, ""t_count"": 4, ""rotations"": 4, ""d"": 4, ""dense_l"": 4.9069, ""redundant"": 0, ""obs_zero"": true, ""frame_l"": 10.1408, ""chi_bits"": 12, ""mps_l"": 38.796, ""hsf_k"": 16, ""hsf_na"": 12, ""hsf_nb"": 12, ""hsf_l"": 39.3512, ""sup"": 24, ""chi_bits0"": 12, ""mps_l0"": 38.796, ""hsf_keff"": 15, ""hsf_l0"": 40.3512, ""sparse_l"": 34.1408, ""sv_l"": 34.1408, ""feat_secs"": 0.006308, ""feat_secs_frame"": 0.000736, ""feat_secs_hsf"": 0.005166}"
ct,"ct:n=24,L=32,t=12,nn=1",1,"{""n"": 24.0, ""L"": 32.0, ""t"": 12.0, ""nn"": 1.0}",auto,ok,0.000547,0.0070,2670592,-0.0,0,-0.0,0.0,switched_at=None dense_qubits=0 peak_terms=0 term_visits=0 dense_ops=0 frame_secs=0.000539 restarted=false,"{""n"": 24, ""gates"": 1128, ""g2"": 368, ""g3"": 0, ""depth2"": 32, ""t_count"": 12, ""rotations"": 12, ""d"": 12, ""dense_l"": 12.9996, ""redundant"": 0, ""obs_zero"": true, ""frame_l"": 10.1396, ""chi_bits"": 12, ""mps_l"": 38.7961, ""hsf_k"": 16, ""hsf_na"": 12, ""hsf_nb"": 12, ""hsf_l"": 39.3509, ""sup"": 24, ""chi_bits0"": 12, ""mps_l0"": 38.7961, ""hsf_keff"": 15, ""hsf_l0"": 40.3509, ""sparse_l"": 34.1396, ""sv_l"": 34.1396, ""feat_secs"": 0.006324, ""feat_secs_frame"": 0.000754, ""feat_secs_hsf"": 0.005158}"
ct,"ct:n=24,L=32,t=24,nn=1",1,"{""n"": 24.0, ""L"": 32.0, ""t"": 24.0, ""nn"": 1.0}",auto,ok,0.00053,0.0077,2670592,-0.0,0,-0.0,0.0,switched_at=None dense_qubits=0 peak_terms=0 term_visits=0 dense_ops=0 frame_secs=0.000524 restarted=false,"{""n"": 24, ""gates"": 1165, ""g2"": 368, ""g3"": 0, ""depth2"": 32, ""t_count"": 24, ""rotations"": 24, ""d"": 21, ""dense_l"": 22.3404, ""redundant"": 3, ""obs_zero"": true, ""frame_l"": 10.1861, ""chi_bits"": 12, ""mps_l"": 38.796, ""hsf_k"": 16, ""hsf_na"": 12, ""hsf_nb"": 12, ""hsf_l"": 39.3611, ""sup"": 24, ""chi_bits0"": 12, ""mps_l0"": 38.796, ""hsf_keff"": 15, ""hsf_l0"": 40.3611, ""sparse_l"": 34.1861, ""sv_l"": 34.1861, ""feat_secs"": 0.00636, ""feat_secs_frame"": 0.00075, ""feat_secs_hsf"": 0.005192}"
ct,"ct:n=24,L=32,t=48,nn=1",1,"{""n"": 24.0, ""L"": 32.0, ""t"": 48.0, ""nn"": 1.0}",auto,ok,0.003226,0.0100,3457024,9.155273437499995e-05,4,9.155273437499995e-05,0.0,switched_at=Some(7) dense_qubits=4 peak_terms=2610 term_visits=25222 dense_ops=322 frame_secs=0.003215 restarted=false,"{""n"": 24, ""gates"": 1214, ""g2"": 368, ""g3"": 0, ""depth2"": 32, ""t_count"": 48, ""rotations"": 48, ""d"": 24, ""dense_l"": 27.7013, ""redundant"": 24, ""obs_zero"": false, ""frame_l"": 17.585, ""chi_bits"": 12, ""mps_l"": 38.7962, ""hsf_k"": 16, ""hsf_na"": 12, ""hsf_nb"": 12, ""hsf_l"": 40.3745, ""sup"": 24, ""chi_bits0"": 12, ""mps_l0"": 38.7962, ""hsf_keff"": 16, ""hsf_l0"": 40.3745, ""sparse_l"": 34.2456, ""sv_l"": 34.2456, ""feat_secs"": 0.006519, ""feat_secs_frame"": 0.000788, ""feat_secs_hsf"": 0.005281}"
ct,"ct:n=32,L=1,t=0,nn=1",1,"{""n"": 32.0, ""L"": 1.0, ""t"": 0.0, ""nn"": 1.0}",auto,ok,7.8e-05,0.0044,2162688,-0.0,0,-0.0,0.0,switched_at=None dense_qubits=0 peak_terms=0 term_visits=0 dense_ops=0 frame_secs=0.000073 restarted=false,"{""n"": 32, ""gates"": 48, ""g2"": 16, ""g3"": 0, ""depth2"": 1, ""t_count"": 0, ""rotations"": 0, ""d"": 0, ""dense_l"": 0.0, ""redundant"": 0, ""obs_zero"": true, ""frame_l"": 5.585, ""chi_bits"": 1, ""mps_l"": 7.3219, ""hsf_k"": 0, ""hsf_na"": 16, ""hsf_nb"": 16, ""hsf_l"": 32.0011, ""sup"": 17, ""chi_bits0"": 1, ""mps_l0"": 7.3219, ""hsf_keff"": 0, ""hsf_l0"": 32.0011, ""sparse_l"": 22.585, ""sv_l"": 37.585, ""feat_secs"": 0.005359, ""feat_secs_frame"": 6.4e-05, ""feat_secs_hsf"": 0.005263}"
ct,"ct:n=32,L=1,t=8,nn=1",1,"{""n"": 32.0, ""L"": 1.0, ""t"": 8.0, ""nn"": 1.0}",auto,ok,7.9e-05,0.0044,2162688,-0.0,0,-0.0,0.0,switched_at=None dense_qubits=0 peak_terms=0 term_visits=0 dense_ops=0 frame_secs=0.000074 restarted=false,"{""n"": 32, ""gates"": 64, ""g2"": 16, ""g3"": 0, ""depth2"": 1, ""t_count"": 8, ""rotations"": 8, ""d"": 5, ""dense_l"": 6.7004, ""redundant"": 3, ""obs_zero"": true, ""frame_l"": 6.0, ""chi_bits"": 1, ""mps_l"": 7.4594, ""hsf_k"": 0, ""hsf_na"": 16, ""hsf_nb"": 16, ""hsf_l"": 32.0014, ""sup"": 22, ""chi_bits0"": 1, ""mps_l0"": 7.4594, ""hsf_keff"": 0, ""hsf_l0"": 32.0014, ""sparse_l"": 28.0, ""sv_l"": 38.0, ""feat_secs"": 0.005297, ""feat_secs_frame"": 6.9e-05, ""feat_secs_hsf"": 0.005184}"
ct,"ct:n=32,L=1,t=24,nn=1",1,"{""n"": 32.0, ""L"": 1.0, ""t"": 24.0, ""nn"": 1.0}",auto,ok,9.6e-05,0.0045,2195456,-0.0,0,-0.0,0.0,switched_at=None dense_qubits=0 peak_terms=0 term_visits=0 dense_ops=0 frame_secs=0.000088 restarted=false,"{""n"": 32, ""gates"": 94, ""g2"": 16, ""g3"": 0, ""depth2"": 1, ""t_count"": 24, ""rotations"": 24, ""d"": 14, ""dense_l"": 16.7818, ""redundant"": 10, ""obs_zero"": true, ""frame_l"": 6.5546, ""chi_bits"": 1, ""mps_l"": 7.6865, ""hsf_k"": 0, ""hsf_na"": 16, ""hsf_nb"": 16, ""hsf_l"": 32.0021, ""sup"": 28, ""chi_bits0"": 1, ""mps_l0"": 7.6865, ""hsf_keff"": 0, ""hsf_l0"": 32.0021, ""sparse_l"": 34.5546, ""sv_l"": 38.5546, ""feat_secs"": 0.005307, ""feat_secs_frame"": 9e-05, ""feat_secs_hsf"": 0.005168}"
ct,"ct:n=32,L=1,t=48,nn=1",1,"{""n"": 32.0, ""L"": 1.0, ""t"": 48.0, ""nn"": 1.0}",auto,ok,0.000228,0.0045,2539520,-0.0,0,-0.0,0.0,switched_at=None dense_qubits=0 peak_terms=0 term_visits=0 dense_ops=0 frame_secs=0.000224 restarted=false,"{""n"": 32, ""gates"": 138, ""g2"": 16, ""g3"": 0, ""depth2"": 1, ""t_count"": 48, ""rotations"": 48, ""d"": 20, ""dense_l"": 22.1252, ""redundant"": 28, ""obs_zero"": true, ""frame_l"": 7.1085, ""chi_bits"": 1, ""mps_l"": 7.9658, ""hsf_k"": 0, ""hsf_na"": 16, ""hsf_nb"": 16, ""hsf_l"": 32.003, ""sup"": 28, ""chi_bits0"": 1, ""mps_l0"": 7.9658, ""hsf_keff"": 0, ""hsf_l0"": 32.003, ""sparse_l"": 35.1085, ""sv_l"": 39.1085, ""feat_secs"": 0.005402, ""feat_secs_frame"": 0.000111, ""feat_secs_hsf"": 0.005223}"
ct,"ct:n=32,L=2,t=0,nn=1",1,"{""n"": 32.0, ""L"": 2.0, ""t"": 0.0, ""nn"": 1.0}",auto,ok,0.000101,0.0077,2179072,-0.0,0,-0.0,0.0,switched_at=None dense_qubits=0 peak_terms=0 term_visits=0 dense_ops=0 frame_secs=0.000094 restarted=false,"{""n"": 32, ""gates"": 97, ""g2"": 31, ""g3"": 0, ""depth2"": 2, ""t_count"": 0, ""rotations"": 0, ""d"": 0, ""dense_l"": 0.0, ""redundant"": 0, ""obs_zero"": true, ""frame_l"": 6.5999, ""chi_bits"": 1, ""mps_l"": 8.7004, ""hsf_k"": 1, ""hsf_na"": 16, ""hsf_nb"": 16, ""hsf_l"": 33.0021, ""sup"": 28, ""chi_bits0"": 1, ""mps_l0"": 8.7004, ""hsf_keff"": 1, ""hsf_l0"": 33.0021, ""sparse_l"": 34.5999, ""sv_l"": 38.5999, ""feat_secs"": 0.012372, ""feat_secs_frame"": 9.7e-05, ""feat_secs_hsf"": 0.012222}"
ct,"ct:n=32,L=2,t=8,nn=1",1,"{""n"": 32.0, ""L"": 2.0, ""t"": 8.0, ""nn"": 1.0}",auto,ok,0.000256,0.0045,2523136,-0.0,0,-0.0,0.0,switched_at=None dense_qubits=0 peak_terms=0 term_visits=0 dense_ops=0 frame_secs=0.000249 restarted=false,"{""n"": 32, ""gates"": 110, ""g2"": 31, ""g3"": 0, ""depth2"": 2, ""t_count"": 8, ""rotations"": 8, ""d"": 4, ""dense_l"": 5.9773, ""redundant"": 4, ""obs_zero"": true, ""frame_l"": 6.7814, ""chi_bits"": 1, ""mps_l"": 8.7944, ""hsf_k"": 1, ""hsf_na"": 16, ""hsf_nb"": 16, ""hsf_l"": 33.0024, ""sup"": 28, ""chi_bits0"": 1, ""mps_l0"": 8.7944, ""hsf_keff"": 1, ""hsf_l0"": 33.0024, ""sparse_l"": 34.7814, ""sv_l"": 38.7814, ""feat_secs"": 0.012368, ""feat_secs_frame"": 0.00011, ""feat_secs_hsf"": 0.012154}"
ct,"ct:n=32,L=2,t=24,nn=1",1,"{""n"": 32.0, ""L"": 2.0, ""t"": 24.0, ""nn"": 1.0}",auto,ok,0.000118,0.0067,2228224,-0.0,0,-0.0,0.0,switched_at=None dense_qubits=0 peak_terms=0 term_visits=0 dense_ops=0 frame_secs=0.000112 restarted=false,"{""n"": 32, ""gates"": 142, ""g2"": 31, ""g3"": 0, ""depth2"": 2, ""t_count"": 24, ""rotations"": 24, ""d"": 15, ""dense_l"": 16.8659, ""redundant"": 9, ""obs_zero"": true, ""frame_l"": 7.1497, ""chi_bits"": 1, ""mps_l"": 9.0661, ""hsf_k"": 1, ""hsf_na"": 16, ""hsf_nb"": 16, ""hsf_l"": 33.0031, ""sup"": 32, ""chi_bits0"": 1, ""mps_l0"": 9.0661, ""hsf_keff"": 1, ""hsf_l0"": 33.0031, ""sparse_l"": 39.1497, ""sv_l"": 39.1497, ""feat_secs"": 0.01224, ""feat_secs_frame"": 0.000123, ""feat_secs_hsf"": 0.012048}"
ct,"ct:n=32,L=2,t=48,nn=1",1,"{""n"": 32.0, ""L"": 2.0, ""t"": 48.0, ""nn"": 1.0}",auto,ok,0.000265,0.0046,2539520,-0.0,0,-0.0,0.0,switched_at=None dense_qubits=0 peak_terms=0 term_visits=0 dense_ops=0 frame_secs=0.000258 restarted=false,"{""n"": 32, ""gates"": 185, ""g2"": 31, ""g3"": 0, ""depth2"": 2, ""t_count"": 48, ""rotations"": 48, ""d"": 20, ""dense_l"": 23.2499, ""redundant"": 28, ""obs_zero"": true, ""frame_l"": 7.5314, ""chi_bits"": 1, ""mps_l"": 9.3663, ""hsf_k"": 1, ""hsf_na"": 16, ""hsf_nb"": 16, ""hsf_l"": 33.0041, ""sup"": 32, ""chi_bits0"": 1, ""mps_l0"": 9.3663, ""hsf_keff"": 1, ""hsf_l0"": 33.0041, ""sparse_l"": 39.5314, ""sv_l"": 39.5314, ""feat_secs"": 0.012759, ""feat_secs_frame"": 0.000142, ""feat_secs_hsf"": 0.012532}"
ct,"ct:n=32,L=4,t=0,nn=1",1,"{""n"": 32.0, ""L"": 4.0, ""t"": 0.0, ""nn"": 1.0}",auto,ok,0.000125,0.0044,2195456,-0.0,0,-0.0,0.0,switched_at=None dense_qubits=0 peak_terms=0 term_visits=0 dense_ops=0 frame_secs=0.000120 restarted=false,"{""n"": 32, ""gates"": 196, ""g2"": 62, ""g3"": 0, ""depth2"": 4, ""t_count"": 0, ""rotations"": 0, ""d"": 0, ""dense_l"": 0.0, ""redundant"": 0, ""obs_zero"": true, ""frame_l"": 7.6147, ""chi_bits"": 2, ""mps_l"": 11.5118, ""hsf_k"": 2, ""hsf_na"": 16, ""hsf_nb"": 16, ""hsf_l"": 34.0043, ""sup"": 32, ""chi_bits0"": 2, ""mps_l0"": 11.5118, ""hsf_keff"": 2, ""hsf_l0"": 34.0043, ""sparse_l"": 39.6147, ""sv_l"": 39.6147, ""feat_secs"": 0.012435, ""feat_secs_frame"": 0.000146, ""feat_secs_hsf"": 0.012202}"
ct,"ct:n=32,L=4,t=8,nn=1",1,"{""n"": 32.0, ""L"": 4.0, ""t"": 8.0, ""nn"": 1.0}",auto,ok,0.000246,0.0046,2523136,-0.0,0,-0.0,0.0,switched_at=None dense_qubits=0 peak_terms=0 term_visits=0 dense_ops=0 frame_secs=0.000240 restarted=false,"{""n"": 32, ""gates"": 206, ""g2"": 62, ""g3"": 0, ""depth2"": 4, ""t_count"": 8, ""rotations"": 8, ""d"": 6, ""dense_l"": 7.9887, ""redundant"": 2, ""obs_zero"": true, ""frame_l"": 7.6865, ""chi_bits"": 2, ""mps_l"": 11.5255, ""hsf_k"": 2, ""hsf_na"": 16, ""hsf_nb"": 16, ""hsf_l"": 34.0045, ""sup"": 32, ""chi_bits0"": 2, ""mps_l0"": 11.5255, ""hsf_keff"": 2, ""hsf_l0"": 34.0045, ""sparse_l"": 39.6865, ""sv_l"": 39.6865, ""feat_secs"": 0.0124, ""feat_secs_frame"": 0.000158, ""feat_secs_hsf"": 0.012139}"
ct,"ct:n=32,L=4,t=24,nn=1",1,"{""n"": 32.0, ""L"": 4.0, ""t"": 24.0, ""nn"": 1.0}",auto,ok,0.000243,0.0047,2539520,-0.0,0,-0.0,0.0,switched_at=None dense_qubits=0 peak_terms=0 term_visits=0 dense_ops=0 frame_secs=0.000237 restarted=false,"{""n"": 32, ""gates"": 240, ""g2"": 62, ""g3"": 0, ""depth2"": 4, ""t_count"": 24, ""rotations"": 24, ""d"": 13, ""dense_l"": 14.6032, ""redundant"": 11, ""obs_zero"": true, ""frame_l"": 7.9069, ""chi_bits"": 2, ""mps_l"": 11.6348, ""hsf_k"": 2, ""hsf_na"": 16, ""hsf_nb"": 16, ""hsf_l"": 33.0053, ""sup"": 32, ""chi_bits0"": 2, ""mps_l0"": 11.6348, ""hsf_keff"": 1, ""hsf_l0"": 34.0053, ""sparse_l"": 39.9069, ""sv_l"": 39.9069, ""feat_secs"": 0.012872, ""feat_secs_frame"": 0.000172, ""feat_secs_hsf"": 0.012599}"
ct,"ct:n=32,L=4,t=48,nn=1",1,"{""n"": 32.0, ""L"": 4.0, ""t"": 48.0, ""nn"": 1.0}",auto,ok,0.000299,0.0077,2555904,-0.0,0,-0.0,0.0,switched_at=None dense_qubits=0 peak_terms=0 term_visits=0 dense_ops=0 frame_secs=0.000291 restarted=false,"{""n"": 32, ""gates"": 281, ""g2"": 62, ""g3"": 0, ""depth2"": 4, ""t_count"": 48, ""rotations"": 48, ""d"": 24, ""dense_l"": 25.6942, ""redundant"": 24, ""obs_zero"": true, ""frame_l"": 8.1344, ""chi_bits"": 2, ""mps_l"": 11.7202, ""hsf_k"": 2, ""hsf_na"": 16, ""hsf_nb"": 16, ""hsf_l"": 34.0062, ""sup"": 32, ""chi_bits0"": 2, ""mps_l0"": 11.7202, ""hsf_keff"": 2, ""hsf_l0"": 34.0062, ""sparse_l"": 40.1344, ""sv_l"": 40.1344, ""feat_secs"": 0.012511, ""feat_secs_frame"": 0.0002, ""feat_secs_hsf"": 0.012192}"
ct,"ct:n=32,L=8,t=0,nn=1",1,"{""n"": 32.0, ""L"": 8.0, ""t"": 0.0, ""nn"": 1.0}",auto,ok,0.000174,0.0045,2244608,-0.0,0,-0.0,0.0,switched_at=None dense_qubits=0 peak_terms=0 term_visits=0 dense_ops=0 frame_secs=0.000168 restarted=false,"{""n"": 32, ""gates"": 377, ""g2"": 124, ""g3"": 0, ""depth2"": 8, ""t_count"": 0, ""rotations"": 0, ""d"": 0, ""dense_l"": 0.0, ""redundant"": 0, ""obs_zero"": true, ""frame_l"": 8.5584, ""chi_bits"": 4, ""mps_l"": 17.0008, ""hsf_k"": 4, ""hsf_na"": 16, ""hsf_nb"": 16, ""hsf_l"": 35.0083, ""sup"": 32, ""chi_bits0"": 4, ""mps_l0"": 17.0008, ""hsf_keff"": 3, ""hsf_l0"": 36.0083, ""sparse_l"": 40.5584, ""sv_l"": 40.5584, ""feat_secs"": 0.012668, ""feat_secs_frame"": 0.000257, ""feat_secs_hsf"": 0.012263}"
ct,"ct:n=32,L=8,t=8,nn=1",1,"{""n"": 32.0, ""L"": 8.0, ""t"": 8.0, ""nn"": 1.0}",auto,ok,0.00029,0.0047,2588672,-0.0,0,-0.0,0.0,switched_at=None dense_qubits=0 peak_terms=0 term_visits=0 dense_ops=0 frame_secs=0.000286 restarted=false,"{""n"": 32, ""gates"": 380, ""g2"": 124, ""g3"": 0, ""depth2"": 8, ""t_count"": 8, ""rotations"": 8, ""d"": 8, ""dense_l"": 8.9944, ""redundant"": 0, ""obs_zero"": true, ""frame_l"": 8.5699, ""chi_bits"": 4, ""mps_l"": 16.9943, ""hsf_k"": 4, ""hsf_na"": 16, ""hsf_nb"": 16, ""hsf_l"": 36.0083, ""sup"": 32, ""chi_bits0"": 4, ""mps_l0"": 16.9943, ""hsf_keff"": 4, ""hsf_l0"": 36.0083, ""sparse_l"": 40.5699, ""sv_l"": 40.5699, ""feat_secs"": 0.012619, ""feat_secs_frame"": 0.000314, ""feat_secs_hsf"": 0.012156}"
ct,"ct:n=32,L=8,t=24,nn=1",1,"{""n"": 32.0, ""L"": 8.0, ""t"": 24.0, ""nn"": 1.0}",auto,ok,0.000268,0.0046,2588672,-0.0,0,-0.0,0.0,switched_at=None dense_qubits=0 peak_terms=0 term_visits=0 dense_ops=0 frame_secs=0.000262 restarted=false,"{""n"": 32, ""gates"": 417, ""g2"": 124, ""g3"": 0, ""depth2"": 8, ""t_count"": 24, ""rotations"": 24, ""d"": 20, ""dense_l"": 21.0224, ""redundant"": 4, ""obs_zero"": true, ""frame_l"": 8.7039, ""chi_bits"": 4, ""mps_l"": 17.0021, ""hsf_k"": 4, ""hsf_na"": 16, ""hsf_nb"": 16, ""hsf_l"": 34.0092, ""sup"": 32, ""chi_bits0"": 4, ""mps_l0"": 17.0021, ""hsf_keff"": 2, ""hsf_l0"": 36.0092, ""sparse_l"": 40.7039, ""sv_l"": 40.7039, ""feat_secs"": 0.013037, ""feat_secs_frame"": 0.000298, ""feat_secs_hsf"": 0.012558}"
ct,"ct:n=32,L=8,t=48,nn=1",1,"{""n"": 32.0, ""L"": 8.0, ""t"": 48.0, ""nn"": 1.0}",auto,ok,0.000325,0.0045,2588672,-0.0,0,-0.0,0.0,switched_at=None dense_qubits=0 peak_terms=0 term_visits=0 dense_ops=0 frame_secs=0.000318 restarted=false,"{""n"": 32, ""gates"": 465, ""g2"": 124, ""g3"": 0, ""depth2"": 8, ""t_count"": 48, ""rotations"": 48, ""d"": 29, ""dense_l"": 31.0716, ""redundant"": 19, ""obs_zero"": true, ""frame_l"": 8.8611, ""chi_bits"": 4, ""mps_l"": 17.04, ""hsf_k"": 4, ""hsf_na"": 16, ""hsf_nb"": 16, ""hsf_l"": 36.0102, ""sup"": 32, ""chi_bits0"": 4, ""mps_l0"": 17.04, ""hsf_keff"": 4, ""hsf_l0"": 36.0102, ""sparse_l"": 40.8611, ""sv_l"": 40.8611, ""feat_secs"": 0.012769, ""feat_secs_frame"": 0.000315, ""feat_secs_hsf"": 0.012274}"
ct,"ct:n=32,L=16,t=0,nn=1",1,"{""n"": 32.0, ""L"": 16.0, ""t"": 0.0, ""nn"": 1.0}",auto,ok,0.000297,0.0073,2326528,-0.0,0,-0.0,0.0,switched_at=None dense_qubits=0 peak_terms=0 term_visits=0 dense_ops=0 frame_secs=0.000289 restarted=false,"{""n"": 32, ""gates"": 741, ""g2"": 248, ""g3"": 0, ""depth2"": 16, ""t_count"": 0, ""rotations"": 0, ""d"": 0, ""dense_l"": 0.0, ""redundant"": 0, ""obs_zero"": true, ""frame_l"": 9.5333, ""chi_bits"": 8, ""mps_l"": 28.3369, ""hsf_k"": 8, ""hsf_na"": 16, ""hsf_nb"": 16, ""hsf_l"": 38.0162, ""sup"": 32, ""chi_bits0"": 8, ""mps_l0"": 28.3369, ""hsf_keff"": 6, ""hsf_l0"": 40.0162, ""sparse_l"": 41.5333, ""sv_l"": 41.5333, ""feat_secs"": 0.013029, ""feat_secs_frame"": 0.0005, ""feat_secs_hsf"": 0.012252}"
ct,"ct:n=32,L=16,t=8,nn=1",1,"{""n"": 32.0, ""L"": 16.0, ""t"": 8.0, ""nn"": 1.0}",auto,ok,0.000428,0.0076,2670592,-0.0,0,-0.0,0.0,switched_at=None dense_qubits=0 peak_terms=0 term_visits=0 dense_ops=0 frame_secs=0.000421 restarted=false,"{""n"": 32, ""gates"": 743, ""g2"": 248, ""g3"": 0, ""depth2"": 16, ""t_count"": 8, ""rotations"": 8, ""d"": 8, ""dense_l"": 8.9944, ""redundant"": 0, ""obs_zero"": true, ""frame_l"": 9.5372, ""chi_bits"": 8, ""mps_l"": 28.3368, ""hsf_k"": 8, ""hsf_na"": 16, ""hsf_nb"": 16, ""hsf_l"": 40.0163, ""sup"": 32, ""chi_bits0"": 8, ""mps_l0"": 28.3368, ""hsf_keff"": 8, ""hsf_l0"": 40.0163, ""sparse_l"": 41.5372, ""sv_l"": 41.5372, ""feat_secs"": 0.013024, ""feat_secs_frame"": 0.000488, ""feat_secs_hsf"": 0.012257}"
ct,"ct:n=32,L=16,t=24,nn=1",1,"{""n"": 32.0, ""L"": 16.0, ""t"": 24.0, ""nn"": 1.0}",auto,ok,0.000472,0.0066,2654208,-0.0,0,-0.0,0.0,switched_at=None dense_qubits=0 peak_terms=0 term_visits=0 dense_ops=0 frame_secs=0.000467 restarted=false,"{""n"": 32, ""gates"": 800, ""g2"": 248, ""g3"": 0, ""depth2"": 16, ""t_count"": 24, ""rotations"": 24, ""d"": 22, ""dense_l"": 23.014, ""redundant"": 2, ""obs_zero"": true, ""frame_l"": 9.6439, ""chi_bits"": 8, ""mps_l"": 28.3376, ""hsf_k"": 8, ""hsf_na"": 16, ""hsf_nb"": 16, ""hsf_l"": 38.0175, ""sup"": 32, ""chi_bits0"": 8, ""mps_l0"": 28.3376, ""hsf_keff"": 6, ""hsf_l0"": 40.0175, ""sparse_l"": 41.6439, ""sv_l"": 41.6439, ""feat_secs"": 0.012985, ""feat_secs_frame"": 0.000525, ""feat_secs_hsf"": 0.012164}"
ct,"ct:n=32,L=16,t=48,nn=1",1,"{""n"": 32.0, ""L"": 16.0, ""t"": 48.0, ""nn"": 1.0}",auto,ok,0.000515,0.0045,2686976,-0.0,0,-0.0,0.0,switched_at=None dense_qubits=0 peak_terms=1 term_visits=2 dense_ops=0 frame_secs=0.000509 restarted=false,"{""n"": 32, ""gates"": 836, ""g2"": 248, ""g3"": 0, ""depth2"": 16, ""t_count"": 48, ""rotations"": 48, ""d"": 31, ""dense_l"": 32.2035, ""redundant"": 17, ""obs_zero"": false, ""frame_l"": 14.085, ""chi_bits"": 8, ""mps_l"": 28.3374, ""hsf_k"": 8, ""hsf_na"": 16, ""hsf_nb"": 16, ""hsf_l"": 39.0183, ""sup"": 32, ""chi_bits0"": 8, ""mps_l0"": 28.3374, ""hsf_keff"": 7, ""hsf_l0"": 40.0183, ""sparse_l"": 41.7074, ""sv_l"": 41.7074, ""feat_secs"": 0.013051, ""feat_secs_frame"": 0.000535, ""feat_secs_hsf"": 0.012203}"
ct,"ct:n=32,L=32,t=0,nn=1",1,"{""n"": 32.0, ""L"": 32.0, ""t"": 0.0, ""nn"": 1.0}",auto,ok,0.000498,0.0080,2359296,-0.0,0,-0.0,0.0,switched_at=None dense_qubits=0 peak_terms=0 term_visits=0 dense_ops=0 frame_secs=0.000492 restarted=false,"{""n"": 32, ""gates"": 1486, ""g2"": 496, ""g3"": 0, ""depth2"": 32, ""t_count"": 0, ""rotations"": 0, ""d"": 0, ""dense_l"": 0.0, ""redundant"": 0, ""obs_zero"": true, ""frame_l"": 10.5372, ""chi_bits"": 16, ""mps_l"": 48.8448, ""hsf_k"": 16, ""hsf_na"": 16, ""hsf_nb"": 16, ""hsf_l"": 46.0323, ""sup"": 32, ""chi_bits0"": 16, ""mps_l0"": 48.8448, ""hsf_keff"": 14, ""hsf_l0"": 48.0323, ""sparse_l"": 42.5372, ""sv_l"": 42.5372, ""feat_secs"": 0.013826, ""feat_secs_frame"": 0.000948, ""feat_secs_hsf"": 0.012396}"
ct,"ct:n=32,L=32,t=8,nn=1",1,"{""n"": 32.0, ""L"": 32.0, ""t"": 8.0, ""nn"": 1.0}",auto,ok,0.000645,0.0074,2703360,-0.0,0,-0.0,0.0,switched_at=None dense_qubits=0 peak_terms=0 term_visits=0 dense_ops=0 frame_secs=0.000638 restarted=false,"{""n"": 32, ""gates"": 1505, ""g2"": 496, ""g3"": 0, ""depth2"": 32, ""t_count"": 8, ""rotations"": 8, ""d"": 8, ""dense_l"": 8.9944, ""redundant"": 0, ""obs_zero"": true, ""frame_l"": 10.5555, ""chi_bits"": 16, ""mps_l"": 48.8448, ""hsf_k"": 16, ""hsf_na"": 16, ""hsf_nb"": 16, ""hsf_l"": 46.0328, ""sup"": 32, ""chi_bits0"": 16, ""mps_l0"": 48.8448, ""hsf_keff"": 14, ""hsf_l0"": 48.0328, ""sparse_l"": 42.5555, ""sv_l"": 42.5555, ""feat_secs"": 0.01421, ""feat_secs_frame"": 0.000951, ""feat_secs_hsf"": 0.012759}"
ct,"ct:n=32,L=32,t=24,nn=1",1,"{""n"": 32.0, ""L"": 32.0, ""t"": 24.0, ""nn"": 1.0}",auto,ok,0.000619,0.0069,2703360,-0.0,0,-0.0,0.0,switched_at=None dense_qubits=0 peak_terms=0 term_visits=0 dense_ops=0 frame_secs=0.000615 restarted=false,"{""n"": 32, ""gates"": 1563, ""g2"": 496, ""g3"": 0, ""depth2"": 32, ""t_count"": 24, ""rotations"": 24, ""d"": 23, ""dense_l"": 24.0056, ""redundant"": 1, ""obs_zero"": true, ""frame_l"": 10.6101, ""chi_bits"": 16, ""mps_l"": 48.8448, ""hsf_k"": 16, ""hsf_na"": 16, ""hsf_nb"": 16, ""hsf_l"": 44.034, ""sup"": 32, ""chi_bits0"": 16, ""mps_l0"": 48.8448, ""hsf_keff"": 12, ""hsf_l0"": 48.034, ""sparse_l"": 42.6101, ""sv_l"": 42.6101, ""feat_secs"": 0.01428, ""feat_secs_frame"": 0.001046, ""feat_secs_hsf"": 0.012697}"
ct,"ct:n=32,L=32,t=48,nn=1",1,"{""n"": 32.0, ""L"": 32.0, ""t"": 48.0, ""nn"": 1.0}",auto,ok,0.001743,0.0077,2883584,-0.0,0,-0.0,0.0,switched_at=None dense_qubits=0 peak_terms=138 term_visits=1474 dense_ops=0 frame_secs=0.001737 restarted=false,"{""n"": 32, ""gates"": 1578, ""g2"": 496, ""g3"": 0, ""depth2"": 32, ""t_count"": 48, ""rotations"": 48, ""d"": 31, ""dense_l"": 33.7065, ""redundant"": 17, ""obs_zero"": false, ""frame_l"": 14.085, ""chi_bits"": 16, ""mps_l"": 48.8448, ""hsf_k"": 16, ""hsf_na"": 16, ""hsf_nb"": 16, ""hsf_l"": 45.0343, ""sup"": 32, ""chi_bits0"": 16, ""mps_l0"": 48.8448, ""hsf_keff"": 13, ""hsf_l0"": 48.0343, ""sparse_l"": 42.6239, ""sv_l"": 42.6239, ""feat_secs"": 0.013768, ""feat_secs_frame"": 0.000977, ""feat_secs_hsf"": 0.012278}"
ct,"ct:n=20,L=1,t=0,nn=0",1,"{""n"": 20.0, ""L"": 1.0, ""t"": 0.0, ""nn"": 0.0}",auto,ok,5.7e-05,0.0045,2129920,-0.0,0,-0.0,0.0,switched_at=None dense_qubits=0 peak_terms=0 term_visits=0 dense_ops=0 frame_secs=0.000052 restarted=false,"{""n"": 20, ""gates"": 32, ""g2"": 10, ""g3"": 0, ""depth2"": 1, ""t_count"": 0, ""rotations"": 0, ""d"": 0, ""dense_l"": 0.0, ""redundant"": 0, ""obs_zero"": true, ""frame_l"": 5.0, ""chi_bits"": 7, ""mps_l"": 25.5539, ""hsf_k"": 0, ""hsf_na"": 10, ""hsf_nb"": 10, ""hsf_l"": 20.0444, ""sup"": 11, ""chi_bits0"": 7, ""mps_l0"": 25.5539, ""hsf_keff"": 0, ""hsf_l0"": 20.0444, ""sparse_l"": 16.0, ""sv_l"": 25.0, ""feat_secs"": 0.001809, ""feat_secs_frame"": 4.9e-05, ""feat_secs_hsf"": 0.001735}"
ct,"ct:n=20,L=1,t=8,nn=0",1,"{""n"": 20.0, ""L"": 1.0, ""t"": 8.0, ""nn"": 0.0}",auto,ok,0.00022,0.0046,2490368,-0.0,0,-0.0,0.0,switched_at=None dense_qubits=0 peak_terms=0 term_visits=0 dense_ops=0 frame_secs=0.000213 restarted=false,"{""n"": 20, ""gates"": 49, ""g2"": 10, ""g3"": 0, ""depth2"": 1, ""t_count"": 8, ""rotations"": 8, ""d"": 6, ""dense_l"": 7.0661, ""redundant"": 2, ""obs_zero"": true, ""frame_l"": 5.6147, ""chi_bits"": 8, ""mps_l"": 28.5567, ""hsf_k"": 0, ""hsf_na"": 10, ""hsf_nb"": 10, ""hsf_l"": 20.0674, ""sup"": 14, ""chi_bits0"": 8, ""mps_l0"": 28.5567, ""hsf_keff"": 0, ""hsf_l0"": 20.0674, ""sparse_l"": 19.6147, ""sv_l"": 25.6147, ""feat_secs"": 0.001883, ""feat_secs_frame"": 5.8e-05, ""feat_secs_hsf"": 0.001781}"
ct,"ct:n=20,L=1,t=24,nn=0",1,"{""n"": 20.0, ""L"": 1.0, ""t"": 24.0, ""nn"": 0.0}",auto,ok,0.000214,0.0046,2506752,-0.0,0,-0.0,0.0,switched_at=None dense_qubits=0 peak_terms=0 term_visits=0 dense_ops=0 frame_secs=0.000208 restarted=false,"{""n"": 20, ""gates"": 78, ""g2"": 10, ""g3"": 0, ""depth2"": 1, ""t_count"": 24, ""rotations"": 24, ""d"": 12, ""dense_l"": 14.1566, ""redundant"": 12, ""obs_zero"": true, ""frame_l"": 6.2854, ""chi_bits"": 6, ""mps_l"": 22.4938, ""hsf_k"": 0, ""hsf_na"": 10, ""hsf_nb"": 10, ""hsf_l"": 20.1059, ""sup"": 19, ""chi_bits0"": 6, ""mps_l0"": 22.4938, ""hsf_keff"": 0, ""hsf_l0"": 20.1059, ""sparse_l"": 25.2854, ""sv_l"": 26.2854, ""feat_secs"": 0.001937, ""feat_secs_frame"": 8.2e-05, ""feat_secs_hsf"": 0.001806}"
ct,"ct:n=20,L=2,t=0,nn=0",1,"{""n"": 20.0, ""L"": 2.0, ""t"": 0.0, ""nn"": 0.0}",auto,ok,7.7e-05,0.0047,2162688,-0.0,0,-0.0,0.0,switched_at=None dense_qubits=0 peak_terms=0 term_visits=0 dense_ops=0 frame_secs=0.000070 restarted=false,"{""n"": 20, ""gates"": 58, ""g2"": 20, ""g3"": 0, ""depth2"": 2, ""t_count"": 0, ""rotations"": 0, ""d"": 0, ""dense_l"": 0.0, ""redundant"": 0, ""obs_zero"": true, ""frame_l"": 5.858, ""chi_bits"": 9, ""mps_l"": 32.5155, ""hsf_k"": 2, ""hsf_na"": 10, ""hsf_nb"": 10, ""hsf_l"": 22.0795, ""sup"": 14, ""chi_bits0"": 9, ""mps_l0"": 32.5155, ""hsf_keff"": 2, ""hsf_l0"": 22.0795, ""sparse_l"": 19.858, ""sv_l"": 25.858, ""feat_secs"": 0.002879, ""feat_secs_frame"": 7e-05, ""feat_secs_hsf"": 0.002771}"
ct,"ct:n=20,L=2,t=8,nn=0",1,"{""n"": 20.0, ""L"": 2.0, ""t"": 8.0, ""nn"": 0.0}",auto,ok,0.000235,0.0074,2506752,-0.0,0,-0.0,0.0,switched_at=None dense_qubits=0 peak_terms=0 term_visits=0 dense_ops=0 frame_secs=0.000229 restarted=false,"{""n"": 20, ""gates"": 76, ""g2"": 20, ""g3"": 0, ""depth2"": 2, ""t_count"": 8, ""rotations"": 8, ""d"": 5, ""dense_l"": 6.4263, ""redundant"": 3, ""obs_zero"": true, ""frame_l"": 6.2479, ""chi_bits"": 10, ""mps_l"": 35.4861, ""hsf_k"": 0, ""hsf_na"": 10, ""hsf_nb"": 10, ""hsf_l"": 20.1033, ""sup"": 16, ""chi_bits0"": 10, ""mps_l0"": 35.4861, ""hsf_keff"": 0, ""hsf_l0"": 20.1033, ""sparse_l"": 22.2479, ""sv_l"": 26.2479, ""feat_secs"": 0.002678, ""feat_secs_frame"": 9.2e-05, ""feat_secs_hsf"": 0.002541}"
ct,"ct:n=20,L=2,t=24,nn=0",1,"{""n"": 20.0, ""L"": 2.0, ""t"": 24.0, ""nn"": 0.0}",auto,ok,0.000238,0.0044,2523136,-0.0,0,-0.0,0.0,switched_at=None dense_qubits=0 peak_terms=0 term_visits=0 dense_ops=0 frame_secs=0.000231 restarted=false,"{""n"": 20, ""gates"": 109, ""g2"": 20, ""g3"": 0, ""depth2"": 2, ""t_count"": 24, ""rotations"": 24, ""d"": 15, ""dense_l"": 17.6148, ""redundant"": 9, ""obs_zero"": true, ""frame_l"": 6.7682, ""chi_bits"": 10, ""mps_l"": 35.9359, ""hsf_k"": 2, ""hsf_na"": 10, ""hsf_nb"": 10, ""hsf_l"": 22.1459, ""sup"": 20, ""chi_bits0"": 10, ""mps_l0"": 35.9359, ""hsf_keff"": 2, ""hsf_l0"": 22.1459, ""sparse_l"": 26.7682, ""sv_l"": 26.7682, ""feat_secs"": 0.003269, ""feat_secs_frame"": 0.000114, ""feat_secs_hsf"": 0.003094}"
ct,"ct:n=20,L=4,t=0,nn=0",1,"{""n"": 20.0, ""L"": 4.0, ""t"": 0.0, ""nn"": 0.0}",auto,ok,0.000124,0.0046,2211840,-0.0,0,-0.0,0.0,switched_at=None dense_qubits=0 peak_terms=0 term_visits=0 dense_ops=0 frame_secs=0.000116 restarted=false,"{""n"": 20, ""gates"": 113, ""g2"": 40, ""g3"": 0, ""depth2"": 4, ""t_count"": 0, ""rotations"": 0, ""d"": 0, ""dense_l"": 0.0, ""redundant"": 0, ""obs_zero"": true, ""frame_l"": 6.8202, ""chi_bits"": 10, ""mps_l"": 36.8756, ""hsf_k"": 8, ""hsf_na"": 10, ""hsf_nb"": 10, ""hsf_l"": 26.151, ""sup"": 19, ""chi_bits0"": 10, ""mps_l0"": 36.8756, ""hsf_keff"": 6, ""hsf_l0"": 28.151, ""sparse_l"": 25.8202, ""sv_l"": 26.8202, ""feat_secs"": 0.004936, ""feat_secs_frame"": 0.000113, ""feat_secs_hsf"": 0.004743}"
ct,"ct:n=20,L=4,t=8,nn=0",1,"{""n"": 20.0, ""L"": 4.0, ""t"": 8.0, ""nn"": 0.0}",auto,ok,0.000256,0.0068,2539520,-0.0,0,-0.0,0.0,switched_at=None dense_qubits=0 peak_terms=0 term_visits=0 dense_ops=0 frame_secs=0.000246 restarted=false,"{""n"": 20, ""gates"": 138, ""g2"": 40, ""g3"": 0, ""depth2"": 4, ""t_count"": 8, ""rotations"": 8, ""d"": 6, ""dense_l"": 7.3399, ""redundant"": 2, ""obs_zero"": true, ""frame_l"": 7.1085, ""chi_bits"": 10, ""mps_l"": 37.6089, ""hsf_k"": 8, ""hsf_na"": 10, ""hsf_nb"": 10, ""hsf_l"": 28.1824, ""sup"": 19, ""chi_bits0"": 10, ""mps_l0"": 37.6089, ""hsf_keff"": 8, ""hsf_l0"": 28.1824, ""sparse_l"": 26.1085, ""sv_l"": 27.1085, ""feat_secs"": 0.004926, ""feat_secs_frame"": 0.000126, ""feat_secs_hsf"": 0.004726}"
ct,"ct:n=20,L=4,t=24,nn=0",1,"{""n"": 20.0, ""L"": 4.0, ""t"": 24.0, ""nn"": 0.0}",auto,ok,0.000569,0.0079,2605056,-0.0,0,-0.0,0.0,switched_at=None dense_qubits=0 peak_terms=2 term_visits=12 dense_ops=0 frame_secs=0.000562 restarted=false,"{""n"": 20, ""gates"": 174, ""g2"": 40, ""g3"": 0, ""depth2"": 4, ""t_count"": 24, ""rotations"": 24, ""d"": 17, ""dense_l"": 19.5999, ""redundant"": 7, ""obs_zero"": false, ""frame_l"": 8.085, ""chi_bits"": 10, ""mps_l"": 38.0597, ""hsf_k"": 8, ""hsf_na"": 10, ""hsf_nb"": 10, ""hsf_l"": 27.2264, ""sup"": 20, ""chi_bits0"": 10, ""mps_l0"": 38.0597, ""hsf_keff"": 7, ""hsf_l0"": 28.2264, ""sparse_l"": 27.4429, ""sv_l"": 27.4429, ""feat_secs"": 0.004764, ""feat_secs_frame"": 0.000141, ""feat_secs_hsf"": 0.004526}"
ct,"ct:n=20,L=8,t=0,nn=0",1,"{""n"": 20.0, ""L"": 8.0, ""t"": 0.0, ""nn"": 0.0}",auto,ok,0.000133,0.0045,2228224,-0.0,0,-0.0,0.0,switched_at=None dense_qubits=0 peak_terms=0 term_visits=0 dense_ops=0 frame_secs=0.000126 restarted=false,"{""n"": 20, ""gates"": 224, ""g2"": 80, ""g3"": 0, ""depth2"": 8, ""t_count"": 0, ""rotations"": 0, ""d"": 0, ""dense_l"": 0.0, ""redundant"": 0, ""obs_zero"": true, ""frame_l"": 7.8074, ""chi_bits"": 10, ""mps_l"": 38.9857, ""hsf_k"": 22, ""hsf_na"": 8, ""hsf_nb"": 12, ""hsf_l"": 40.9069, ""sup"": 20, ""chi_bits0"": 10, ""mps_l0"": 38.9857, ""hsf_keff"": 20, ""hsf_l0"": 42.9069, ""sparse_l"": 27.8074, ""sv_l"": 27.8074, ""feat_secs"": 0.009385, ""feat_secs_frame"": 0.000166, ""feat_secs_hsf"": 0.009116}"
ct,"ct:n=20,L=8,t=8,nn=0",1,"{""n"": 20.0, ""L"": 8.0, ""t"": 8.0, ""nn"": 0.0}",auto,ok,0.000258,0.0048,2572288,-0.0,0,-0.0,0.0,switched_at=None dense_qubits=0 peak_terms=0 term_visits=0 dense_ops=0 frame_secs=0.000251 restarted=false,"{""n"": 20, ""gates"": 247, ""g2"": 80, ""g3"": 0, ""depth2"": 8, ""t_count"": 8, ""rotations"": 8, ""d"": 6, ""dense_l"": 7.375, ""redundant"": 2, ""obs_zero"": true, ""frame_l"": 7.9484, ""chi_bits"": 10, ""mps_l"": 39.2442, ""hsf_k"": 16, ""hsf_na"": 6, ""hsf_nb"": 14, ""hsf_l"": 34.2808, ""sup"": 20, ""chi_bits0"": 10, ""mps_l0"": 39.2442, ""hsf_keff"": 12, ""hsf_l0"": 38.2808, ""sparse_l"": 27.9484, ""sv_l"": 27.9484, ""feat_secs"": 0.00875, ""feat_secs_frame"": 0.000207, ""feat_secs_hsf"": 0.008426}"
ct,"ct:n=20,L=8,t=24,nn=0",1,"{""n"": 20.0, ""L"": 8.0, ""t"": 24.0, ""nn"": 0.0}",auto,ok,0.000231,0.0045,2555904,-0.0,0,-0.0,0.0,switched_at=None dense_qubits=0 peak_terms=0 term_visits=0 dense_ops=0 frame_secs=0.000225 restarted=false,"{""n"": 20, ""gates"": 287, ""g2"": 80, ""g3"": 0, ""depth2"": 8, ""t_count"": 24, ""rotations"": 24, ""d"": 17, ""dense_l"": 18.7127, ""redundant"": 7, ""obs_zero"": true, ""frame_l"": 8.1649, ""chi_bits"": 10, ""mps_l"": 39.4843, ""hsf_k"": 24, ""hsf_na"": 10, ""hsf_nb"": 10, ""hsf_l"": 42.3565, ""sup"": 20, ""chi_bits0"": 10, ""mps_l0"": 39.4843, ""hsf_keff"": 22, ""hsf_l0"": 44.3565, ""sparse_l"": 28.1649, ""sv_l"": 28.1649, ""feat_secs"": 0.009342, ""feat_secs_frame"": 0.00021, ""feat_secs_hsf"": 0.009002}"
ct,"ct:n=24,L=1,t=0,nn=0",1,"{""n"": 24.0, ""L"": 1.0, ""t"": 0.0, ""nn"": 0.0}",auto,ok,7.1e-05,0.0043,2129920,-0.0,0,-0.0,0.0,switched_at=None dense_qubits=0 peak_terms=0 term_visits=0 dense_ops=0 frame_secs=0.000063 restarted=false,"{""n"": 24, ""gates"": 36, ""g2"": 12, ""g3"": 0, ""depth2"": 1, ""t_count"": 0, ""rotations"": 0, ""d"": 0, ""dense_l"": 0.0, ""redundant"": 0, ""obs_zero"": true, ""frame_l"": 5.1699, ""chi_bits"": 8, ""mps_l"": 27.1887, ""hsf_k"": 0, ""hsf_na"": 12, ""hsf_nb"": 12, ""hsf_l"": 24.0126, ""sup"": 12, ""chi_bits0"": 8, ""mps_l0"": 27.1887, ""hsf_keff"": 0, ""hsf_l0"": 24.0126, ""sparse_l"": 17.1699, ""sv_l"": 29.1699, ""feat_secs"": 0.002916, ""feat_secs_frame"": 5.3e-05, ""feat_secs_hsf"": 0.002835}"
ct,"ct:n=24,L=1,t=8,nn=0",1,"{""n"": 24.0, ""L"": 1.0, ""t"": 8.0, ""nn"": 0.0}",auto,ok,8.1e-05,0.0044,2162688,-0.0,0,-0.0,0.0,switched_at=None dense_qubits=0 peak_terms=0 term_visits=0 dense_ops=0 frame_secs=0.000073 restarted=false,"{""n"": 24, ""gates"": 52, ""g2"": 12, ""g3"": 0, ""depth2"": 1, ""t_count"": 8, ""rotations"": 8, ""d"": 4, ""dense_l"": 5.858, ""redundant"": 4, ""obs_zero"": true, ""frame_l"": 5.7004, ""chi_bits"": 7, ""mps_l"": 25.7609, ""hsf_k"": 0, ""hsf_na"": 12, ""hsf_nb"": 12, ""hsf_l"": 24.0182, ""sup"": 17, ""chi_bits0"": 7, ""mps_l0"": 25.7609, ""hsf_keff"": 0, ""hsf_l0"": 24.0182, ""sparse_l"": 22.7004, ""sv_l"": 29.7004, ""feat_secs"": 0.003081, ""feat_secs_frame"": 7.1e-05, ""feat_secs_hsf"": 0.002964}"
ct,"ct:n=24,L=1,t=24,nn=0",1,"{""n"": 24.0, ""L"": 1.0, ""t"": 24.0, ""nn"": 0.0}",auto,ok,9.7e-05,0.0047,2162688,-0.0,0,-0.0,0.0,switched_at=None dense_qubits=0 peak_terms=0 term_visits=0 dense_ops=0 frame_secs=0.000086 restarted=false,"{""n"": 24, ""gates"": 84, ""g2"": 12, ""g3"": 0, ""depth2"": 1, ""t_count"": 24, ""rotations"": 24, ""d"": 15, ""dense_l"": 17.2297, ""redundant"": 9, ""obs_zero"": true, ""frame_l"": 6.3923, ""chi_bits"": 6, ""mps_l"": 23.5861, ""hsf_k"": 0, ""hsf_na"": 12, ""hsf_nb"": 12, ""hsf_l"": 24.0293, ""sup"": 24, ""chi_bits0"": 6, ""mps_l0"": 23.5861, ""hsf_keff"": 0, ""hsf_l0"": 24.0293, ""sparse_l"": 30.3923, ""sv_l"": 30.3923, ""feat_secs"": 0.003128, ""feat_secs_frame"": 9e-05, ""feat_secs_hsf"": 0.002979}"
ct,"ct:n=24,L=2,t=0,nn=0",1,"{""n"": 24.0, ""L"": 2.0, ""t"": 0.0, ""nn"": 0.0}",auto,ok,0.000118,0.0044,2179072,-0.0,0,-0.0,0.0,switched_at=None dense_qubits=0 peak_terms=0 term_visits=0 dense_ops=0 frame_secs=0.000111 restarted=false,"{""n"": 24, ""gates"": 74, ""g2"": 24, ""g3"": 0, ""depth2"": 2, ""t_count"": 0, ""rotations"": 0, ""d"": 0, ""dense_l"": 0.0, ""redundant"": 0, ""obs_zero"": true, ""frame_l"": 6.2095, ""chi_bits"": 12, ""mps_l"": 42.0684, ""hsf_k"": 2, ""hsf_na"": 12, ""hsf_nb"": 12, ""hsf_l"": 25.0258, ""sup"": 21, ""chi_bits0"": 12, ""mps_l0"": 42.0684, ""hsf_keff"": 1, ""hsf_l0"": 26.0258, ""sparse_l"": 27.2095, ""sv_l"": 30.2095, ""feat_secs"": 0.005679, ""feat_secs_frame"": 8.9e-05, ""feat_secs_hsf"": 0.005537}"
ct,"ct:n=24,L=2,t=8,nn=0",1,"{""n"": 24.0, ""L"": 2.0, ""t"": 8.0, ""nn"": 0.0}",auto,ok,0.000179,0.0045,2506752,-0.0,0,-0.0,0.0,switched_at=None dense_qubits=0 peak_terms=0 term_visits=0 dense_ops=0 frame_secs=0.000174 restarted=false,"{""n"": 24, ""gates"": 90, ""g2"": 24, ""g3"": 0, ""depth2"": 2, ""t_count"": 8, ""rotations"": 8, ""d"": 2, ""dense_l"": 4.0875, ""redundant"": 6, ""obs_zero"": true, ""frame_l"": 6.4919, ""chi_bits"": 12, ""mps_l"": 41.6054, ""hsf_k"": 2, ""hsf_na"": 12, ""hsf_nb"": 12, ""hsf_l"": 26.0314, ""sup"": 23, ""chi_bits0"": 12, ""mps_l0"": 41.6054, ""hsf_keff"": 2, ""hsf_l0"": 26.0314, ""sparse_l"": 29.4919, ""sv_l"": 30.4919, ""feat_secs"": 0.004734, ""feat_secs_frame"": 0.000115, ""feat_secs_hsf"": 0.004559}"
ct,"ct:n=24,L=2,t=24,nn=0",1,"{""n"": 24.0, ""L"": 2.0, ""t"": 24.0, ""nn"": 0.0}",auto,ok,0.000203,0.0045,2523136,-0.0,0,-0.0,0.0,switched_at=None dense_qubits=0 peak_terms=0 term_visits=0 dense_ops=0 frame_secs=0.000197 restarted=false,"{""n"": 24, ""gates"": 119, ""g2"": 24, ""g3"": 0, ""depth2"": 2, ""t_count"": 24, ""rotations"": 24, ""d"": 15, ""dense_l"": 16.3315, ""redundant"": 9, ""obs_zero"": true, ""frame_l"": 6.8948, ""chi_bits"": 11, ""mps_l"": 37.7785, ""hsf_k"": 0, ""hsf_na"": 10, ""hsf_nb"": 14, ""hsf_l"": 24.1586, ""sup"": 21, ""chi_bits0"": 11, ""mps_l0"": 37.7785, ""hsf_keff"": 0, ""hsf_l0"": 24.1586, ""sparse_l"": 27.8948, ""sv_l"": 30.8948, ""feat_secs"": 0.004674, ""feat_secs_frame"": 0.000111, ""feat_secs_hsf"": 0.004493}"
ct,"ct:n=24,L=4,t=0,nn=0",1,"{""n"": 24.0, ""L"": 4.0, ""t"": 0.0, ""nn"": 0.0}",auto,ok,0.000116,0.0071,2228224,-0.0,0,-0.0,0.0,switched_at=None dense_qubits=0 peak_terms=0 term_visits=0 dense_ops=0 frame_secs=0.000109 restarted=false,"{""n"": 24, ""gates"": 151, ""g2"": 48, ""g3"": 0, ""depth2"": 4, ""t_count"": 0, ""rotations"": 0, ""d"": 0, ""dense_l"": 0.0, ""redundant"": 0, ""obs_zero"": true, ""frame_l"": 7.2384, ""chi_bits"": 12, ""mps_l"": 44.1742, ""hsf_k"": 10, ""hsf_na"": 12, ""hsf_nb"": 12, ""hsf_l"": 32.0522, ""sup"": 23, ""chi_bits0"": 12, ""mps_l0"": 44.1742, ""hsf_keff"": 8, ""hsf_l0"": 34.0522, ""sparse_l"": 30.2384, ""sv_l"": 31.2384, ""feat_secs"": 0.008827, ""feat_secs_frame"": 0.000128, ""feat_secs_hsf"": 0.00862}"
ct,"ct:n=24,L=4,t=8,nn=0",1,"{""n"": 24.0, ""L"": 4.0, ""t"": 8.0, ""nn"": 0.0}",auto,ok,0.00022,0.0044,2539520,-0.0,0,-0.0,0.0,switched_at=None dense_qubits=0 peak_terms=0 term_visits=0 dense_ops=0 frame_secs=0.000215 restarted=false,"{""n"": 24, ""gates"": 164, ""g2"": 48, ""g3"": 0, ""depth2"": 4, ""t_count"": 8, ""rotations"": 8, ""d"": 6, ""dense_l"": 7.0661, ""redundant"": 2, ""obs_zero"": true, ""frame_l"": 7.3576, ""chi_bits"": 12, ""mps_l"": 43.8568, ""hsf_k"": 8, ""hsf_na"": 10, ""hsf_nb"": 14, ""hsf_l"": 32.2143, ""sup"": 24, ""chi_bits0"": 12, ""mps_l0"": 43.8568, ""hsf_keff"": 8, ""hsf_l0"": 32.2143, ""sparse_l"": 31.3576, ""sv_l"": 31.3576, ""feat_secs"": 0.007972, ""feat_secs_frame"": 0.000135, ""feat_secs_hsf"": 0.00775}"
ct,"ct:n=24,L=4,t=24,nn=0",1,"{""n"": 24.0, ""L"": 4.0, ""t"": 24.0, ""nn"": 0.0}",auto,ok,0.000122,0.0064,2211840,-0.0,0,-0.0,0.0,switched_at=None dense_qubits=0 peak_terms=0 term_visits=0 dense_ops=0 frame_secs=0.000116 restarted=false,"{""n"": 24, ""gates"": 195, ""g2"": 48, ""g3"": 0, ""depth2"": 4, ""t_count"": 24, ""rotations"": 24, ""d"": 13, ""dense_l"": 15.3344, ""redundant"": 11, ""obs_zero"": true, ""frame_l"": 7.6073, ""chi_bits"": 12, ""mps_l"": 43.7156, ""hsf_k"": 10, ""hsf_na"": 12, ""hsf_nb"": 12, ""hsf_l"": 33.0671, ""sup"": 24, ""chi_bits0"": 12, ""mps_l0"": 43.7156, ""hsf_keff"": 9, ""hsf_l0"": 34.0671, ""sparse_l"": 31.6073, ""sv_l"": 31.6073, ""feat_secs"": 0.008362, ""feat_secs_frame"": 0.000156, ""feat_secs_hsf"": 0.008109}"
ct,"ct:n=24,L=8,t=0,nn=0",1,"{""n"": 24.0, ""L"": 8.0, ""t"": 0.0, ""nn"": 0.0}",auto,ok,0.000158,0.0045,2277376,-0.0,0,-0.0,0.0,switched_at=None dense_qubits=0 peak_terms=0 term_visits=0 dense_ops=0 frame_secs=0.000152 restarted=false,"{""n"": 24, ""gates"": 286, ""g2"": 96, ""g3"": 0, ""depth2"": 8, ""t_count"": 0, ""rotations"": 0, ""d"": 0, ""dense_l"": 0.0, ""redundant"": 0, ""obs_zero"": true, ""frame_l"": 8.1599, ""chi_bits"": 12, ""mps_l"": 45.462, ""hsf_k"": 22, ""hsf_na"": 9, ""hsf_nb"": 15, ""hsf_l"": 46.6402, ""sup"": 24, ""chi_bits0"": 12, ""mps_l0"": 45.462, ""hsf_keff"": 22, ""hsf_l0"": 46.6402, ""sparse_l"": 32.1599, ""sv_l"": 32.1599, ""feat_secs"": 0.016926, ""feat_secs_frame"": 0.000211, ""feat_secs_hsf"": 0.016586}"
ct,"ct:n=24,L=8,t=8,nn=0",1,"{""n"": 24.0, ""L"": 8.0, ""t"": 8.0, ""nn"": 0.0}",auto,ok,0.000317,0.0045,2588672,-0.0,0,-0.0,0.0,switched_at=None dense_qubits=0 peak_terms=0 term_visits=0 dense_ops=0 frame_secs=0.000311 restarted=false,"{""n"": 24, ""gates"": 304, ""g2"": 96, ""g3"": 0, ""depth2"": 8, ""t_count"": 8, ""rotations"": 8, ""d"": 8, ""dense_l"": 8.9944, ""redundant"": 0, ""obs_zero"": true, ""frame_l"": 8.2479, ""chi_bits"": 12, ""mps_l"": 45.3795, ""hsf_k"": 26, ""hsf_na"": 12, ""hsf_nb"": 12, ""hsf_l"": 48.1033, ""sup"": 24, ""chi_bits0"": 12, ""mps_l0"": 45.3795, ""hsf_keff"": 24, ""hsf_l0"": 50.1033, ""sparse_l"": 32.2479, ""sv_l"": 32.2479, ""feat_secs"": 0.014616, ""feat_secs_frame"": 0.000227, ""feat_secs_hsf"": 0.014256}"
ct,"ct:n=24,L=8,t=24,nn=0",1,"{""n"": 24.0, ""L"": 8.0, ""t"": 24.0, ""nn"": 0.0}",auto,ok,0.000307,0.0043,2605056,-0.0,0,-0.0,0.0,switched_at=None dense_qubits=0 peak_terms=0 term_visits=0 dense_ops=0 frame_secs=0.000301 restarted=false,"{""n"": 24, ""gates"": 331, ""g2"": 96, ""g3"": 0, ""depth2"": 8, ""t_count"": 24, ""rotations"": 24, ""d"": 18, ""dense_l"": 19.0553, ""redundant"": 6, ""obs_zero"": true, ""frame_l"": 8.3707, ""chi_bits"": 12, ""mps_l"": 45.4276, ""hsf_k"": 24, ""hsf_na"": 10, ""hsf_nb"": 14, ""hsf_l"": 46.4041, ""sup"": 24, ""chi_bits0"": 12, ""mps_l0"": 45.4276, ""hsf_keff"": 22, ""hsf_l0"": 48.4041, ""sparse_l"": 32.3707, ""sv_l"": 32.3707, ""feat_secs"": 0.017102, ""feat_secs_frame"": 0.000291, ""feat_secs_hsf"": 0.016649}"
qaoa,"qaoa:n=12,p=1,deg=2,nn=0",1,"{""n"": 12.0, ""p"": 1.0, ""deg"": 2.0, ""nn"": 0.0}",auto,ok,0.000217,0.0042,2490368,-0.0,0,-0.0,0.0,switched_at=None dense_qubits=0 peak_terms=0 term_visits=0 dense_ops=0 frame_secs=0.000211 restarted=false,"{""n"": 12, ""gates"": 60, ""g2"": 24, ""g3"": 0, ""depth2"": 14, ""t_count"": 0, ""rotations"": 24, ""d"": 9, ""dense_l"": 13.022, ""redundant"": 15, ""obs_zero"": true, ""frame_l"": 5.9069, ""chi_bits"": 6, ""mps_l"": 24.1056, ""hsf_k"": 0, ""hsf_na"": 2, ""hsf_nb"": 10, ""hsf_l"": 16.0, ""sup"": 12, ""chi_bits0"": 6, ""mps_l0"": 24.1056, ""hsf_keff"": 0, ""hsf_l0"": 16.0, ""sparse_l"": 17.9069, ""sv_l"": 17.9069, ""feat_secs"": 0.000887, ""feat_secs_frame"": 9e-05, ""feat_secs_hsf"": 0.000756}"
qaoa,"qaoa:n=12,p=1,deg=3,nn=0",1,"{""n"": 12.0, ""p"": 1.0, ""deg"": 3.0, ""nn"": 0.0}",auto,ok,0.000425,0.0044,2637824,0.02540580416570878,11,0.02540580416570878,0.0,switched_at=Some(30) dense_qubits=11 peak_terms=32 term_visits=31 dense_ops=36158 frame_secs=0.000309 restarted=true,"{""n"": 12, ""gates"": 78, ""g2"": 36, ""g3"": 0, ""depth2"": 18, ""t_count"": 0, ""rotations"": 30, ""d"": 11, ""dense_l"": 15.0579, ""redundant"": 19, ""obs_zero"": false, ""frame_l"": 14.4069, ""chi_bits"": 6, ""mps_l"": 25.2935, ""hsf_k"": 6, ""hsf_na"": 3, ""hsf_nb"": 9, ""hsf_l"": 18.4263, ""sup"": 12, ""chi_bits0"": 6, ""mps_l0"": 25.2935, ""hsf_keff"": 3, ""hsf_l0"": 21.4263, ""sparse_l"": 18.2854, ""sv_l"": 18.2854, ""feat_secs"": 0.00109, ""feat_secs_frame"": 0.000109, ""feat_secs_hsf"": 0.000936}"
qaoa,"qaoa:n=12,p=2,deg=2,nn=0",1,"{""n"": 12.0, ""p"": 2.0, ""deg"": 2.0, ""nn"": 0.0}",auto,ok,0.000253,0.0045,2506752,-0.0,0,-0.0,0.0,switched_at=None dense_qubits=0 peak_terms=0 term_visits=0 dense_ops=0 frame_secs=0.000246 restarted=false,"{""n"": 12, ""gates"": 108, ""g2"": 48, ""g3"": 0, ""depth2"": 26, ""t_count"": 0, ""rotations"": 48, ""d"": 9, ""dense_l"": 14.3308, ""redundant"": 39, ""obs_zero"": true, ""frame_l"": 6.7549, ""chi_bits"": 6, ""mps_l"": 25.8609, ""hsf_k"": 0, ""hsf_na"": 2, ""hsf_nb"": 10, ""hsf_l"": 16.8074, ""sup"": 12, ""chi_bits0"": 6, ""mps_l0"": 25.8609, ""hsf_keff"": 0, ""hsf_l0"": 16.8074, ""sparse_l"": 18.7549, ""sv_l"": 18.7549, ""feat_secs"": 0.000859, ""feat_secs_frame"": 0.000124, ""feat_secs_hsf"": 0.000676}"
qaoa,"qaoa:n=12,p=2,deg=3,nn=0",1,"{""n"": 12.0, ""p"": 2.0, ""deg"": 3.0, ""nn"": 0.0}",auto,ok,0.000658,0.0076,2785280,0.01747974742458081,11,0.01747974742458081,0.0,switched_at=Some(60) dense_qubits=11 peak_terms=512 term_visits=511 dense_ops=97598 frame_secs=0.000463 restarted=true,"{""n"": 12, ""gates"": 144, ""g2"": 72, ""g3"": 0, ""depth2"": 32, ""t_count"": 0, ""rotations"": 60, ""d"": 11, ""dense_l"": 16.544, ""redundant"": 49, ""obs_zero"": false, ""frame_l"": 27.9069, ""chi_bits"": 6, ""mps_l"": 26.6742, ""hsf_k"": 12, ""hsf_na"": 3, ""hsf_nb"": 9, ""hsf_l"": 22.2479, ""sup"": 12, ""chi_bits0"": 6, ""mps_l0"": 26.6742, ""hsf_keff"": 6, ""hsf_l0"": 28.2479, ""sparse_l"": 19.1699, ""sv_l"": 19.1699, ""feat_secs"": 0.001168, ""feat_secs_frame"": 0.000147, ""feat_secs_hsf"": 0.000944}"
qaoa,"qaoa:n=12,p=3,deg=2,nn=0",1,"{""n"": 12.0, ""p"": 3.0, ""deg"": 2.0, ""nn"": 0.0}",auto,ok,0.000262,0.0045,2523136,-0.0,0,-0.0,0.0,switched_at=None dense_qubits=0 peak_terms=0 term_visits=0 dense_ops=0 frame_secs=0.000255 restarted=false,"{""n"": 12, ""gates"": 156, ""g2"": 72, ""g3"": 0, ""depth2"": 38, ""t_count"": 0, ""rotations"": 72, ""d"": 9, ""dense_l"": 15.0055, ""redundant"": 63, ""obs_zero"": true, ""frame_l"": 7.2854, ""chi_bits"": 6, ""mps_l"": 26.6296, ""hsf_k"": 0, ""hsf_na"": 2, ""hsf_nb"": 10, ""hsf_l"": 17.3219, ""sup"": 12, ""chi_bits0"": 6, ""mps_l0"": 26.6296, ""hsf_keff"": 0, ""hsf_l0"": 17.3219, ""sparse_l"": 19.2854, ""sv_l"": 19.2854, ""feat_secs"": 0.000937, ""feat_secs_frame"": 0.000161, ""feat_secs_hsf"": 0.0007}"
qaoa,"qaoa:n=12,p=3,deg=3,nn=0",1,"{""n"": 12.0, ""p"": 3.0, ""deg"": 3.0, ""nn"": 0.0}",auto,ok,0.000968,0.0068,2785280,0.01638847927236062,11,0.01638847927236062,0.0,switched_at=Some(90) dense_qubits=11 peak_terms=512 term_visits=511 dense_ops=159038 frame_secs=0.000687 restarted=true,"{""n"": 12, ""gates"": 210, ""g2"": 108, ""g3"": 0, ""depth2"": 46, ""t_count"": 0, ""rotations"": 90, ""d"": 11, ""dense_l"": 17.2603, ""redundant"": 79, ""obs_zero"": false, ""frame_l"": 28.4919, ""chi_bits"": 6, ""mps_l"": 27.3666, ""hsf_k"": 18, ""hsf_na"": 3, ""hsf_nb"": 9, ""hsf_l"": 25.7682, ""sup"": 12, ""chi_bits0"": 6, ""mps_l0"": 27.3666, ""hsf_keff"": 9, ""hsf_l0"": 34.7682, ""sparse_l"": 19.7142, ""sv_l"": 19.7142, ""feat_secs"": 0.001362, ""feat_secs_frame"": 0.000189, ""feat_secs_hsf"": 0.001076}"
qaoa,"qaoa:n=16,p=1,deg=2,nn=0",1,"{""n"": 16.0, ""p"": 1.0, ""deg"": 2.0, ""nn"": 0.0}",auto,ok,0.000222,0.0062,2506752,-0.0,0,-0.0,0.0,switched_at=None dense_qubits=0 peak_terms=0 term_visits=0 dense_ops=0 frame_secs=0.000216 restarted=false,"{""n"": 16, ""gates"": 80, ""g2"": 32, ""g3"": 0, ""depth2"": 18, ""t_count"": 0, ""rotations"": 32, ""d"": 13, ""dense_l"": 17.2482, ""redundant"": 19, ""obs_zero"": true, ""frame_l"": 6.3219, ""chi_bits"": 8, ""mps_l"": 29.8873, ""hsf_k"": 4, ""hsf_na"": 7, ""hsf_nb"": 9, ""hsf_l"": 18.7004, ""sup"": 16, ""chi_bits0"": 8, ""mps_l0"": 29.8873, ""hsf_keff"": 2, ""hsf_l0"": 20.7004, ""sparse_l"": 22.3219, ""sv_l"": 22.3219, ""feat_secs"": 0.001646, ""feat_secs_frame"": 0.000106, ""feat_secs_hsf"": 0.00149}"
qaoa,"qaoa:n=16,p=1,deg=3,nn=0",1,"{""n"": 16.0, ""p"": 1.0, ""deg"": 3.0, ""nn"": 0.0}",auto,ok,0.00216,0.0073,4685824,2.979865479759841e-06,15,2.979865479759841e-06,0.0,switched_at=Some(40) dense_qubits=15 peak_terms=8192 term_visits=8191 dense_ops=670014 frame_secs=0.001160 restarted=true,"{""n"": 16, ""gates"": 104, ""g2"": 48, ""g3"": 0, ""depth2"": 24, ""t_count"": 0, ""rotations"": 40, ""d"": 15, ""dense_l"": 19.2815, ""redundant"": 25, ""obs_zero"": false, ""frame_l"": 17.8219, ""chi_bits"": 8, ""mps_l"": 31.555, ""hsf_k"": 6, ""hsf_na"": 4, ""hsf_nb"": 12, ""hsf_l"": 21.9069, ""sup"": 16, ""chi_bits0"": 8, ""mps_l0"": 31.555, ""hsf_keff"": 3, ""hsf_l0"": 24.9069, ""sparse_l"": 22.7004, ""sv_l"": 22.7004, ""feat_secs"": 0.002486, ""feat_secs_frame"": 0.000121, ""feat_secs_hsf"": 0.002297}"
qaoa,"qaoa:n=16,p=2,deg=2,nn=0",1,"{""n"": 16.0, ""p"": 2.0, ""deg"": 2.0, ""nn"": 0.0}",auto,ok,0.000241,0.0045,2539520,-0.0,0,-0.0,0.0,switched_at=None dense_qubits=0 peak_terms=0 term_visits=0 dense_ops=0 frame_secs=0.000235 restarted=false,"{""n"": 16, ""gates"": 144, ""g2"": 64, ""g3"": 0, ""depth2"": 30, ""t_count"": 0, ""rotations"": 64, ""d"": 13, ""dense_l"": 18.6725, ""redundant"": 51, ""obs_zero"": true, ""frame_l"": 7.1699, ""chi_bits"": 8, ""mps_l"": 31.99, ""hsf_k"": 8, ""hsf_na"": 7, ""hsf_nb"": 9, ""hsf_l"": 21.0875, ""sup"": 16, ""chi_bits0"": 8, ""mps_l0"": 31.99, ""hsf_keff"": 4, ""hsf_l0"": 25.0875, ""sparse_l"": 23.1699, ""sv_l"": 23.1699, ""feat_secs"": 0.001762, ""feat_secs_frame"": 0.000153, ""feat_secs_hsf"": 0.001528}"
qaoa,"qaoa:n=16,p=2,deg=3,nn=0",1,"{""n"": 16.0, ""p"": 2.0, ""deg"": 3.0, ""nn"": 0.0}",auto,ok,0.005994,0.0105,6750208,-0.0009095676394236544,15,-0.0009095676394236544,0.0,switched_at=Some(80) dense_qubits=15 peak_terms=16384 term_visits=16383 dense_ops=1980734 frame_secs=0.001997 restarted=true,"{""n"": 16, ""gates"": 192, ""g2"": 96, ""g3"": 0, ""depth2"": 38, ""t_count"": 0, ""rotations"": 80, ""d"": 15, ""dense_l"": 20.8935, ""redundant"": 65, ""obs_zero"": false, ""frame_l"": 36.3219, ""chi_bits"": 8, ""mps_l"": 32.9999, ""hsf_k"": 12, ""hsf_na"": 4, ""hsf_nb"": 12, ""hsf_l"": 25.7004, ""sup"": 16, ""chi_bits0"": 8, ""mps_l0"": 32.9999, ""hsf_keff"": 6, ""hsf_l0"": 31.7004, ""sparse_l"": 23.585, ""sv_l"": 23.585, ""feat_secs"": 0.002615, ""feat_secs_frame"": 0.000184, ""feat_secs_hsf"": 0.002339}"
qaoa,"qaoa:n=16,p=3,deg=2,nn=0",1,"{""n"": 16.0, ""p"": 3.0, ""deg"": 2.0, ""nn"": 0.0}",auto,ok,0.000356,0.0044,2555904,-0.0,0,-0.0,0.0,switched_at=None dense_qubits=0 peak_terms=0 term_visits=0 dense_ops=0 frame_secs=0.000351 restarted=false,"{""n"": 16, ""gates"": 208, ""g2"": 96, ""g3"": 0, ""depth2"": 42, ""t_count"": 0, ""rotations"": 96, ""d"": 13, ""dense_l"": 19.3751, ""redundant"": 83, ""obs_zero"": true, ""frame_l"": 7.7004, ""chi_bits"": 8, ""mps_l"": 32.8114, ""hsf_k"": 12, ""hsf_na"": 7, ""hsf_nb"": 9, ""hsf_l"": 23.3923, ""sup"": 16, ""chi_bits0"": 8, ""mps_l0"": 32.8114, ""hsf_keff"": 6, ""hsf_l0"": 29.3923, ""sparse_l"": 23.7004, ""sv_l"": 23.7004, ""feat_secs"": 0.001896, ""feat_secs_frame"": 0.000216, ""feat_secs_hsf"": 0.001582}"
qaoa,"qaoa:n=16,p=3,deg=3,nn=0",1,"{""n"": 16.0, ""p"": 3.0, ""deg"": 3.0, ""nn"": 0.0}",auto,ok,0.010147,0.0149,9601024,-0.001449746452809407,15,-0.001449746452809407,0.0,switched_at=Some(120) dense_qubits=15 peak_terms=32768 term_visits=32767 dense_ops=3291454 frame_secs=0.002914 restarted=true,"{""n"": 16, ""gates"": 280, ""g2"": 144, ""g3"": 0, ""depth2"": 52, ""t_count"": 0, ""rotations"": 120, ""d"": 15, ""dense_l"": 21.6359, ""redundant"": 105, ""obs_zero"": false, ""frame_l"": 36.9069, ""chi_bits"": 8, ""mps_l"": 33.7071, ""hsf_k"": 18, ""hsf_na"": 4, ""hsf_nb"": 12, ""hsf_l"": 29.2095, ""sup"": 16, ""chi_bits0"": 8, ""mps_l0"": 33.7071, ""hsf_keff"": 9, ""hsf_l0"": 38.2095, ""sparse_l"": 24.1293, ""sv_l"": 24.1293, ""feat_secs"": 0.002979, ""feat_secs_frame"": 0.000283, ""feat_secs_hsf"": 0.002537}"
qaoa,"qaoa:n=20,p=1,deg=2,nn=0",1,"{""n"": 20.0, ""p"": 1.0, ""deg"": 2.0, ""nn"": 0.0}",auto,ok,0.000233,0.0045,2539520,-0.0,0,-0.0,0.0,switched_at=None dense_qubits=0 peak_terms=0 term_visits=0 dense_ops=0 frame_secs=0.000226 restarted=false,"{""n"": 20, ""gates"": 100, ""g2"": 40, ""g3"": 0, ""depth2"": 14, ""t_count"": 0, ""rotations"": 40, ""d"": 17, ""dense_l"": 21.5237, ""redundant"": 23, ""obs_zero"": true, ""frame_l"": 6.6439, ""chi_bits"": 10, ""mps_l"": 36.6878, ""hsf_k"": 4, ""hsf_na"": 8, ""hsf_nb"": 12, ""hsf_l"": 22.4757, ""sup"": 20, ""chi_bits0"": 10, ""mps_l0"": 36.6878, ""hsf_keff"": 2, ""hsf_l0"": 24.4757, ""sparse_l"": 26.6439, ""sv_l"": 26.6439, ""feat_secs"": 0.003316, ""feat_secs_frame"": 0.00012, ""feat_secs_hsf"": 0.003127}"
qaoa,"qaoa:n=20,p=1,deg=3,nn=0",1,"{""n"": 20.0, ""p"": 1.0, ""deg"": 3.0, ""nn"": 0.0}",auto,ok,0.034829,0.0391,43728896,0.0006647013187474013,19,0.0006647013187474013,0.0,switched_at=Some(50) dense_qubits=19 peak_terms=262144 term_visits=262143 dense_ops=13308798 frame_secs=0.016873 restarted=true,"{""n"": 20, ""gates"": 130, ""g2"": 60, ""g3"": 0, ""depth2"": 24, ""t_count"": 0, ""rotations"": 50, ""d"": 19, ""dense_l"": 23.6079, ""redundant"": 31, ""obs_zero"": false, ""frame_l"": 21.1439, ""chi_bits"": 10, ""mps_l"": 37.8361, ""hsf_k"": 8, ""hsf_na"": 6, ""hsf_nb"": 14, ""hsf_l"": 25.5999, ""sup"": 20, ""chi_bits0"": 10, ""mps_l0"": 37.8361, ""hsf_keff"": 4, ""hsf_l0"": 29.5999, ""sparse_l"": 27.0224, ""sv_l"": 27.0224, ""feat_secs"": 0.004691, ""feat_secs_frame"": 0.000138, ""feat_secs_hsf"": 0.004481}"
qaoa,"qaoa:n=20,p=2,deg=2,nn=0",1,"{""n"": 20.0, ""p"": 2.0, ""deg"": 2.0, ""nn"": 0.0}",auto,ok,0.000259,0.0067,2555904,-0.0,0,-0.0,0.0,switched_at=None dense_qubits=0 peak_terms=0 term_visits=0 dense_ops=0 frame_secs=0.000253 restarted=false,"{""n"": 20, ""gates"": 180, ""g2"": 80, ""g3"": 0, ""depth2"": 22, ""t_count"": 0, ""rotations"": 80, ""d"": 17, ""dense_l"": 22.9773, ""redundant"": 63, ""obs_zero"": true, ""frame_l"": 7.4919, ""chi_bits"": 10, ""mps_l"": 38.5818, ""hsf_k"": 8, ""hsf_na"": 8, ""hsf_nb"": 12, ""hsf_l"": 24.7682, ""sup"": 20, ""chi_bits0"": 10, ""mps_l0"": 38.5818, ""hsf_keff"": 4, ""hsf_l0"": 28.7682, ""sparse_l"": 27.4919, ""sv_l"": 27.4919, ""feat_secs"": 0.003431, ""feat_secs_frame"": 0.000185, ""feat_secs_hsf"": 0.003149}"
qaoa,"qaoa:n=20,p=2,deg=3,nn=0",1,"{""n"": 20.0, ""p"": 2.0, ""deg"": 3.0, ""nn"": 0.0}",auto,ok,0.099156,0.1049,81870848,0.001319306773661775,19,0.001319306773661775,0.0,switched_at=Some(100) dense_qubits=19 peak_terms=524288 term_visits=524287 dense_ops=39523198 frame_secs=0.030626 restarted=true,"{""n"": 20, ""gates"": 240, ""g2"": 120, ""g3"": 0, ""depth2"": 38, ""t_count"": 0, ""rotations"": 100, ""d"": 19, ""dense_l"": 25.2169, ""redundant"": 81, ""obs_zero"": false, ""frame_l"": 44.6439, ""chi_bits"": 10, ""mps_l"": 39.3084, ""hsf_k"": 16, ""hsf_na"": 6, ""hsf_nb"": 14, ""hsf_l"": 30.2479, ""sup"": 20, ""chi_bits0"": 10, ""mps_l0"": 39.3084, ""hsf_keff"": 8, ""hsf_l0"": 38.2479, ""sparse_l"": 27.9069, ""sv_l"": 27.9069, ""feat_secs"": 0.005198, ""feat_secs_frame"": 0.000213, ""feat_secs_hsf"": 0.004869}"
qaoa,"qaoa:n=20,p=3,deg=2,nn=0",1,"{""n"": 20.0, ""p"": 3.0, ""deg"": 2.0, ""nn"": 0.0}",auto,ok,0.000312,0.0044,2539520,-0.0,0,-0.0,0.0,switched_at=None dense_qubits=0 peak_terms=0 term_visits=0 dense_ops=0 frame_secs=0.000306 restarted=false,"{""n"": 20, ""gates"": 260, ""g2"": 120, ""g3"": 0, ""depth2"": 30, ""t_count"": 0, ""rotations"": 120, ""d"": 17, ""dense_l"": 23.6865, ""redundant"": 103, ""obs_zero"": true, ""frame_l"": 8.0224, ""chi_bits"": 10, ""mps_l"": 39.3734, ""hsf_k"": 12, ""hsf_na"": 8, ""hsf_nb"": 12, ""hsf_l"": 27.0112, ""sup"": 20, ""chi_bits0"": 10, ""mps_l0"": 39.3734, ""hsf_keff"": 6, ""hsf_l0"": 33.0112, ""sparse_l"": 28.0224, ""sv_l"": 28.0224, ""feat_secs"": 0.003532, ""feat_secs_frame"": 0.000241, ""feat_secs_hsf"": 0.003166}"
qaoa,"qaoa:n=20,p=3,deg=3,nn=0",1,"{""n"": 20.0, ""p"": 3.0, ""deg"": 3.0, ""nn"": 0.0}",auto,ok,0.170139,0.1756,95748096,-0.001259404529334764,19,-0.001259404529334764,0.0,switched_at=Some(150) dense_qubits=19 peak_terms=524288 term_visits=1048575 dense_ops=65737598 frame_secs=0.045245 restarted=true,"{""n"": 20, ""gates"": 350, ""g2"": 180, ""g3"": 0, ""depth2"": 52, ""t_count"": 0, ""rotations"": 150, ""d"": 19, ""dense_l"": 25.9587, ""redundant"": 131, ""obs_zero"": false, ""frame_l"": 45.2288, ""chi_bits"": 10, ""mps_l"": 40.0217, ""hsf_k"": 24, ""hsf_na"": 6, ""hsf_nb"": 14, ""hsf_l"": 34.6935, ""sup"": 20, ""chi_bits0"": 10, ""mps_l0"": 40.0217, ""hsf_keff"": 12, ""hsf_l0"": 46.6935, ""sparse_l"": 28.4512, ""sv_l"": 28.4512, ""feat_secs"": 0.005086, ""feat_secs_frame"": 0.000315, ""feat_secs_hsf"": 0.004598}"
qaoa,"qaoa:n=24,p=1,deg=2,nn=0",1,"{""n"": 24.0, ""p"": 1.0, ""deg"": 2.0, ""nn"": 0.0}",auto,ok,0.000292,0.0046,2523136,-0.0,0,-0.0,0.0,switched_at=None dense_qubits=0 peak_terms=0 term_visits=0 dense_ops=0 frame_secs=0.000287 restarted=false,"{""n"": 24, ""gates"": 120, ""g2"": 48, ""g3"": 0, ""depth2"": 18, ""t_count"": 0, ""rotations"": 48, ""d"": 20, ""dense_l"": 24.8094, ""redundant"": 28, ""obs_zero"": true, ""frame_l"": 6.9069, ""chi_bits"": 12, ""mps_l"": 42.7693, ""hsf_k"": 6, ""hsf_na"": 12, ""hsf_nb"": 12, ""hsf_l"": 27.0417, ""sup"": 24, ""chi_bits0"": 12, ""mps_l0"": 42.7693, ""hsf_keff"": 3, ""hsf_l0"": 30.0417, ""sparse_l"": 30.9069, ""sv_l"": 30.9069, ""feat_secs"": 0.00576, ""feat_secs_frame"": 0.000131, ""feat_secs_hsf"": 0.005549}"
qaoa,"qaoa:n=24,p=1,deg=3,nn=0",1,"{""n"": 24.0, ""p"": 1.0, ""deg"": 3.0, ""nn"": 0.0}",auto,ok,0.000763,0.0069,2539520,-0.0,0,-0.0,0.0,switched_at=None dense_qubits=0 peak_terms=0 term_visits=0 dense_ops=0 frame_secs=0.000756 restarted=false,"{""n"": 24, ""gates"": 156, ""g2"": 72, ""g3"": 0, ""depth2"": 26, ""t_count"": 0, ""rotations"": 60, ""d"": 22, ""dense_l"": 26.8284, ""redundant"": 38, ""obs_zero"": true, ""frame_l"": 7.2854, ""chi_bits"": 12, ""mps_l"": 44.1328, ""hsf_k"": 10, ""hsf_na"": 8, ""hsf_nb"": 16, ""hsf_l"": 29.6865, ""sup"": 24, ""chi_bits0"": 12, ""mps_l0"": 44.1328, ""hsf_keff"": 5, ""hsf_l0"": 34.6865, ""sparse_l"": 31.2854, ""sv_l"": 31.2854, ""feat_secs"": 0.008622, ""feat_secs_frame"": 0.000158, ""feat_secs_hsf"": 0.008376}"
qaoa,"qaoa:n=24,p=2,deg=2,nn=0",1,"{""n"": 24.0, ""p"": 2.0, ""deg"": 2.0, ""nn"": 0.0}",auto,ok,0.000289,0.0046,2523136,-0.0,0,-0.0,0.0,switched_at=None dense_qubits=0 peak_terms=0 term_visits=0 dense_ops=0 frame_secs=0.000280 restarted=false,"{""n"": 24, ""gates"": 216, ""g2"": 96, ""g3"": 0, ""depth2"": 28, ""t_count"": 0, ""rotations"": 96, ""d"": 20, ""dense_l"": 26.2487, ""redundant"": 76, ""obs_zero"": true, ""frame_l"": 7.7549, ""chi_bits"": 12, ""mps_l"": 44.7692, ""hsf_k"": 8, ""hsf_na"": 8, ""hsf_nb"": 16, ""hsf_l"": 28.8826, ""sup"": 24, ""chi_bits0"": 12, ""mps_l0"": 44.7692, ""hsf_keff"": 4, ""hsf_l0"": 32.8826, ""sparse_l"": 31.7549, ""sv_l"": 31.7549, ""feat_secs"": 0.00601, ""feat_secs_frame"": 0.000214, ""feat_secs_hsf"": 0.005684}"
qaoa,"qaoa:n=24,p=2,deg=3,nn=0",1,"{""n"": 24.0, ""p"": 2.0, ""deg"": 3.0, ""nn"": 0.0}",auto,ok,0.00035,0.0076,2555904,-0.0,0,-0.0,0.0,switched_at=None dense_qubits=0 peak_terms=0 term_visits=0 dense_ops=0 frame_secs=0.000345 restarted=false,"{""n"": 24, ""gates"": 288, ""g2"": 144, ""g3"": 0, ""depth2"": 38, ""t_count"": 0, ""rotations"": 120, ""d"": 22, ""dense_l"": 28.4662, ""redundant"": 98, ""obs_zero"": true, ""frame_l"": 8.1699, ""chi_bits"": 12, ""mps_l"": 45.6064, ""hsf_k"": 20, ""hsf_na"": 8, ""hsf_nb"": 16, ""hsf_l"": 35.0875, ""sup"": 24, ""chi_bits0"": 12, ""mps_l0"": 45.6064, ""hsf_keff"": 10, ""hsf_l0"": 45.0875, ""sparse_l"": 32.1699, ""sv_l"": 32.1699, ""feat_secs"": 0.00853, ""feat_secs_frame"": 0.000248, ""feat_secs_hsf"": 0.008136}"
qaoa,"qaoa:n=24,p=3,deg=2,nn=0",1,"{""n"": 24.0, ""p"": 3.0, ""deg"": 2.0, ""nn"": 0.0}",auto,ok,0.000328,0.0044,2588672,-0.0,0,-0.0,0.0,switched_at=None dense_qubits=0 peak_terms=0 term_visits=0 dense_ops=0 frame_secs=0.000321 restarted=false,"{""n"": 24, ""gates"": 312, ""g2"": 144, ""g3"": 0, ""depth2"": 38, ""t_count"": 0, ""rotations"": 144, ""d"": 20, ""dense_l"": 26.9547, ""redundant"": 124, ""obs_zero"": true, ""frame_l"": 8.2854, ""chi_bits"": 12, ""mps_l"": 45.5765, ""hsf_k"": 12, ""hsf_na"": 8, ""hsf_nb"": 16, ""hsf_l"": 31.1497, ""sup"": 24, ""chi_bits0"": 12, ""mps_l0"": 45.5765, ""hsf_keff"": 6, ""hsf_l0"": 37.1497, ""sparse_l"": 32.2854, ""sv_l"": 32.2854, ""feat_secs"": 0.006141, ""feat_secs_frame"": 0.000285, ""feat_secs_hsf"": 0.005699}"
qaoa,"qaoa:n=24,p=3,deg=3,nn=0",1,"{""n"": 24.0, ""p"": 3.0, ""deg"": 3.0, ""nn"": 0.0}",auto,ok,0.000357,0.0045,2588672,-0.0,0,-0.0,0.0,switched_at=None dense_qubits=0 peak_terms=0 term_visits=0 dense_ops=0 frame_secs=0.000350 restarted=false,"{""n"": 24, ""gates"": 420, ""g2"": 216, ""g3"": 0, ""depth2"": 52, ""t_count"": 0, ""rotations"": 180, ""d"": 22, ""dense_l"": 29.2135, ""redundant"": 158, ""obs_zero"": true, ""frame_l"": 8.7142, ""chi_bits"": 12, ""mps_l"": 46.32, ""hsf_k"": 30, ""hsf_na"": 8, ""hsf_nb"": 16, ""hsf_l"": 40.4009, ""sup"": 24, ""chi_bits0"": 12, ""mps_l0"": 46.32, ""hsf_keff"": 15, ""hsf_l0"": 55.4009, ""sparse_l"": 32.7142, ""sv_l"": 32.7142, ""feat_secs"": 0.008844, ""feat_secs_frame"": 0.000445, ""feat_secs_hsf"": 0.008187}"
