family,spec,seed,params,engine,status,secs,wall,rss,value,size,ref,abs_err,note,features
arith,"arith:bits=6,h=0,reps=1",1,"{""bits"": 6.0, ""h"": 0.0, ""reps"": 1.0}",sv,ok,0.002816,0.0087,2490368,1.0,8192,1.0,0.0,,"{""n"": 13, ""gates"": 43, ""g2"": 24, ""g3"": 12, ""depth2"": 31, ""t_count"": 84, ""rotations"": 84, ""d"": 11, ""dense_l"": 14.829, ""redundant"": 73, ""obs_zero"": false, ""frame_l"": 28.3923, ""chi_bits"": 0, ""mps_l"": 13.2211, ""hsf_k"": 5, ""hsf_na"": 6, ""hsf_nb"": 7, ""hsf_l"": 15.7415, ""sup"": 0, ""chi_bits0"": 6, ""mps_l0"": 25.5699, ""hsf_keff"": 2, ""hsf_l0"": 18.7415, ""sparse_l"": 5.4263, ""sv_l"": 18.4263, ""feat_secs"": 0.001499, ""feat_secs_frame"": 0.000278, ""feat_secs_hsf"": 0.001175}"
arith,"arith:bits=6,h=0,reps=1",1,"{""bits"": 6.0, ""h"": 0.0, ""reps"": 1.0}",sparse,ok,2.5e-05,0.0072,1867776,1.0,1,1.0,0.0,,"{""n"": 13, ""gates"": 43, ""g2"": 24, ""g3"": 12, ""depth2"": 31, ""t_count"": 84, ""rotations"": 84, ""d"": 11, ""dense_l"": 14.829, ""redundant"": 73, ""obs_zero"": false, ""frame_l"": 28.3923, ""chi_bits"": 0, ""mps_l"": 13.2211, ""hsf_k"": 5, ""hsf_na"": 6, ""hsf_nb"": 7, ""hsf_l"": 15.7415, ""sup"": 0, ""chi_bits0"": 6, ""mps_l0"": 25.5699, ""hsf_keff"": 2, ""hsf_l0"": 18.7415, ""sparse_l"": 5.4263, ""sv_l"": 18.4263, ""feat_secs"": 0.001499, ""feat_secs_frame"": 0.000278, ""feat_secs_hsf"": 0.001175}"
arith,"arith:bits=6,h=0,reps=1",1,"{""bits"": 6.0, ""h"": 0.0, ""reps"": 1.0}",mps,ok,0.000665,0.0078,2326528,1.0,1,1.0,0.0,,"{""n"": 13, ""gates"": 43, ""g2"": 24, ""g3"": 12, ""depth2"": 31, ""t_count"": 84, ""rotations"": 84, ""d"": 11, ""dense_l"": 14.829, ""redundant"": 73, ""obs_zero"": false, ""frame_l"": 28.3923, ""chi_bits"": 0, ""mps_l"": 13.2211, ""hsf_k"": 5, ""hsf_na"": 6, ""hsf_nb"": 7, ""hsf_l"": 15.7415, ""sup"": 0, ""chi_bits0"": 6, ""mps_l0"": 25.5699, ""hsf_keff"": 2, ""hsf_l0"": 18.7415, ""sparse_l"": 5.4263, ""sv_l"": 18.4263, ""feat_secs"": 0.001499, ""feat_secs_frame"": 0.000278, ""feat_secs_hsf"": 0.001175}"
arith,"arith:bits=6,h=0,reps=1",1,"{""bits"": 6.0, ""h"": 0.0, ""reps"": 1.0}",hsf,ok,0.001098,0.0080,2637824,1.0,32,1.0,0.0,,"{""n"": 13, ""gates"": 43, ""g2"": 24, ""g3"": 12, ""depth2"": 31, ""t_count"": 84, ""rotations"": 84, ""d"": 11, ""dense_l"": 14.829, ""redundant"": 73, ""obs_zero"": false, ""frame_l"": 28.3923, ""chi_bits"": 0, ""mps_l"": 13.2211, ""hsf_k"": 5, ""hsf_na"": 6, ""hsf_nb"": 7, ""hsf_l"": 15.7415, ""sup"": 0, ""chi_bits0"": 6, ""mps_l0"": 25.5699, ""hsf_keff"": 2, ""hsf_l0"": 18.7415, ""sparse_l"": 5.4263, ""sv_l"": 18.4263, ""feat_secs"": 0.001499, ""feat_secs_frame"": 0.000278, ""feat_secs_hsf"": 0.001175}"
arith,"arith:bits=6,h=0,reps=1",1,"{""bits"": 6.0, ""h"": 0.0, ""reps"": 1.0}",tableau,na,,0.0050,1818624,,,1.0,,"TooLarge { what: ""tableau (non-Clifford circuit)"", bytes: 0, limit: 0 }","{""n"": 13, ""gates"": 43, ""g2"": 24, ""g3"": 12, ""depth2"": 31, ""t_count"": 84, ""rotations"": 84, ""d"": 11, ""dense_l"": 14.829, ""redundant"": 73, ""obs_zero"": false, ""frame_l"": 28.3923, ""chi_bits"": 0, ""mps_l"": 13.2211, ""hsf_k"": 5, ""hsf_na"": 6, ""hsf_nb"": 7, ""hsf_l"": 15.7415, ""sup"": 0, ""chi_bits0"": 6, ""mps_l0"": 25.5699, ""hsf_keff"": 2, ""hsf_l0"": 18.7415, ""sparse_l"": 5.4263, ""sv_l"": 18.4263, ""feat_secs"": 0.001499, ""feat_secs_frame"": 0.000278, ""feat_secs_hsf"": 0.001175}"
arith,"arith:bits=6,h=0,reps=1",1,"{""bits"": 6.0, ""h"": 0.0, ""reps"": 1.0}",frame,ok,0.001217,0.0065,2572288,1.0,4,1.0,0.0,switched_at=None dense_qubits=0 peak_terms=4 term_visits=90 dense_ops=0,"{""n"": 13, ""gates"": 43, ""g2"": 24, ""g3"": 12, ""depth2"": 31, ""t_count"": 84, ""rotations"": 84, ""d"": 11, ""dense_l"": 14.829, ""redundant"": 73, ""obs_zero"": false, ""frame_l"": 28.3923, ""chi_bits"": 0, ""mps_l"": 13.2211, ""hsf_k"": 5, ""hsf_na"": 6, ""hsf_nb"": 7, ""hsf_l"": 15.7415, ""sup"": 0, ""chi_bits0"": 6, ""mps_l0"": 25.5699, ""hsf_keff"": 2, ""hsf_l0"": 18.7415, ""sparse_l"": 5.4263, ""sv_l"": 18.4263, ""feat_secs"": 0.001499, ""feat_secs_frame"": 0.000278, ""feat_secs_hsf"": 0.001175}"
arith,"arith:bits=6,h=0,reps=1",1,"{""bits"": 6.0, ""h"": 0.0, ""reps"": 1.0}",dense,ok,0.000181,0.0043,2228224,0.9999999999999984,11,1.0,1.5543122344752192e-15,switched_at=Some(62) dense_qubits=11 peak_terms=1 term_visits=0 dense_ops=18802,"{""n"": 13, ""gates"": 43, ""g2"": 24, ""g3"": 12, ""depth2"": 31, ""t_count"": 84, ""rotations"": 84, ""d"": 11, ""dense_l"": 14.829, ""redundant"": 73, ""obs_zero"": false, ""frame_l"": 28.3923, ""chi_bits"": 0, ""mps_l"": 13.2211, ""hsf_k"": 5, ""hsf_na"": 6, ""hsf_nb"": 7, ""hsf_l"": 15.7415, ""sup"": 0, ""chi_bits0"": 6, ""mps_l0"": 25.5699, ""hsf_keff"": 2, ""hsf_l0"": 18.7415, ""sparse_l"": 5.4263, ""sv_l"": 18.4263, ""feat_secs"": 0.001499, ""feat_secs_frame"": 0.000278, ""feat_secs_hsf"": 0.001175}"
arith,"arith:bits=6,h=0,reps=1",1,"{""bits"": 6.0, ""h"": 0.0, ""reps"": 1.0}",auto,ok,0.001078,0.0074,2605056,0.9999999999999997,5,1.0,3.3306690738754696e-16,switched_at=Some(35) dense_qubits=5 peak_terms=4 term_visits=49 dense_ops=466,"{""n"": 13, ""gates"": 43, ""g2"": 24, ""g3"": 12, ""depth2"": 31, ""t_count"": 84, ""rotations"": 84, ""d"": 11, ""dense_l"": 14.829, ""redundant"": 73, ""obs_zero"": false, ""frame_l"": 28.3923, ""chi_bits"": 0, ""mps_l"": 13.2211, ""hsf_k"": 5, ""hsf_na"": 6, ""hsf_nb"": 7, ""hsf_l"": 15.7415, ""sup"": 0, ""chi_bits0"": 6, ""mps_l0"": 25.5699, ""hsf_keff"": 2, ""hsf_l0"": 18.7415, ""sparse_l"": 5.4263, ""sv_l"": 18.4263, ""feat_secs"": 0.001499, ""feat_secs_frame"": 0.000278, ""feat_secs_hsf"": 0.001175}"
arith,"arith:bits=6,h=0,reps=2",1,"{""bits"": 6.0, ""h"": 0.0, ""reps"": 2.0}",sv,ok,0.000792,0.0044,2572288,1.0,8192,1.0,0.0,,"{""n"": 13, ""gates"": 79, ""g2"": 48, ""g3"": 24, ""depth2"": 62, ""t_count"": 168, ""rotations"": 168, ""d"": 11, ""dense_l"": 17.6178, ""redundant"": 157, ""obs_zero"": false, ""frame_l"": 29.3923, ""chi_bits"": 0, ""mps_l"": 13.7552, ""hsf_k"": 10, ""hsf_na"": 6, ""hsf_nb"": 7, ""hsf_l"": 18.1599, ""sup"": 0, ""chi_bits0"": 6, ""mps_l0"": 26.315, ""hsf_keff"": 4, ""hsf_l0"": 24.1599, ""sparse_l"": 6.3038, ""sv_l"": 19.3038, ""feat_secs"": 0.001935, ""feat_secs_frame"": 0.00048, ""feat_secs_hsf"": 0.0014}"
arith,"arith:bits=6,h=0,reps=2",1,"{""bits"": 6.0, ""h"": 0.0, ""reps"": 2.0}",sparse,ok,1.9e-05,0.0064,1884160,1.0,1,1.0,0.0,,"{""n"": 13, ""gates"": 79, ""g2"": 48, ""g3"": 24, ""depth2"": 62, ""t_count"": 168, ""rotations"": 168, ""d"": 11, ""dense_l"": 17.6178, ""redundant"": 157, ""obs_zero"": false, ""frame_l"": 29.3923, ""chi_bits"": 0, ""mps_l"": 13.7552, ""hsf_k"": 10, ""hsf_na"": 6, ""hsf_nb"": 7, ""hsf_l"": 18.1599, ""sup"": 0, ""chi_bits0"": 6, ""mps_l0"": 26.315, ""hsf_keff"": 4, ""hsf_l0"": 24.1599, ""sparse_l"": 6.3038, ""sv_l"": 19.3038, ""feat_secs"": 0.001935, ""feat_secs_frame"": 0.00048, ""feat_secs_hsf"": 0.0014}"
arith,"arith:bits=6,h=0,reps=2",1,"{""bits"": 6.0, ""h"": 0.0, ""reps"": 2.0}",mps,ok,0.000963,0.0062,2342912,1.0,1,1.0,0.0,,"{""n"": 13, ""gates"": 79, ""g2"": 48, ""g3"": 24, ""depth2"": 62, ""t_count"": 168, ""rotations"": 168, ""d"": 11, ""dense_l"": 17.6178, ""redundant"": 157, ""obs_zero"": false, ""frame_l"": 29.3923, ""chi_bits"": 0, ""mps_l"": 13.7552, ""hsf_k"": 10, ""hsf_na"": 6, ""hsf_nb"": 7, ""hsf_l"": 18.1599, ""sup"": 0, ""chi_bits0"": 6, ""mps_l0"": 26.315, ""hsf_keff"": 4, ""hsf_l0"": 24.1599, ""sparse_l"": 6.3038, ""sv_l"": 19.3038, ""feat_secs"": 0.001935, ""feat_secs_frame"": 0.00048, ""feat_secs_hsf"": 0.0014}"
arith,"arith:bits=6,h=0,reps=2",1,"{""bits"": 6.0, ""h"": 0.0, ""reps"": 2.0}",hsf,ok,0.001427,0.0077,2801664,1.0,1024,1.0,0.0,,"{""n"": 13, ""gates"": 79, ""g2"": 48, ""g3"": 24, ""depth2"": 62, ""t_count"": 168, ""rotations"": 168, ""d"": 11, ""dense_l"": 17.6178, ""redundant"": 157, ""obs_zero"": false, ""frame_l"": 29.3923, ""chi_bits"": 0, ""mps_l"": 13.7552, ""hsf_k"": 10, ""hsf_na"": 6, ""hsf_nb"": 7, ""hsf_l"": 18.1599, ""sup"": 0, ""chi_bits0"": 6, ""mps_l0"": 26.315, ""hsf_keff"": 4, ""hsf_l0"": 24.1599, ""sparse_l"": 6.3038, ""sv_l"": 19.3038, ""feat_secs"": 0.001935, ""feat_secs_frame"": 0.00048, ""feat_secs_hsf"": 0.0014}"
arith,"arith:bits=6,h=0,reps=2",1,"{""bits"": 6.0, ""h"": 0.0, ""reps"": 2.0}",tableau,na,,0.0045,1818624,,,1.0,,"TooLarge { what: ""tableau (non-Clifford circuit)"", bytes: 0, limit: 0 }","{""n"": 13, ""gates"": 79, ""g2"": 48, ""g3"": 24, ""depth2"": 62, ""t_count"": 168, ""rotations"": 168, ""d"": 11, ""dense_l"": 17.6178, ""redundant"": 157, ""obs_zero"": false, ""frame_l"": 29.3923, ""chi_bits"": 0, ""mps_l"": 13.7552, ""hsf_k"": 10, ""hsf_na"": 6, ""hsf_nb"": 7, ""hsf_l"": 18.1599, ""sup"": 0, ""chi_bits0"": 6, ""mps_l0"": 26.315, ""hsf_keff"": 4, ""hsf_l0"": 24.1599, ""sparse_l"": 6.3038, ""sv_l"": 19.3038, ""feat_secs"": 0.001935, ""feat_secs_frame"": 0.00048, ""feat_secs_hsf"": 0.0014}"
arith,"arith:bits=6,h=0,reps=2",1,"{""bits"": 6.0, ""h"": 0.0, ""reps"": 2.0}",frame,ok,0.003162,0.0073,2850816,1.0,512,1.0,0.0,switched_at=None dense_qubits=0 peak_terms=512 term_visits=8323 dense_ops=0,"{""n"": 13, ""gates"": 79, ""g2"": 48, ""g3"": 24, ""depth2"": 62, ""t_count"": 168, ""rotations"": 168, ""d"": 11, ""dense_l"": 17.6178, ""redundant"": 157, ""obs_zero"": false, ""frame_l"": 29.3923, ""chi_bits"": 0, ""mps_l"": 13.7552, ""hsf_k"": 10, ""hsf_na"": 6, ""hsf_nb"": 7, ""hsf_l"": 18.1599, ""sup"": 0, ""chi_bits0"": 6, ""mps_l0"": 26.315, ""hsf_keff"": 4, ""hsf_l0"": 24.1599, ""sparse_l"": 6.3038, ""sv_l"": 19.3038, ""feat_secs"": 0.001935, ""feat_secs_frame"": 0.00048, ""feat_secs_hsf"": 0.0014}"
arith,"arith:bits=6,h=0,reps=2",1,"{""bits"": 6.0, ""h"": 0.0, ""reps"": 2.0}",dense,ok,0.000359,0.0043,2277376,0.9999999999999984,11,1.0,1.5543122344752192e-15,switched_at=Some(88) dense_qubits=11 peak_terms=1 term_visits=0 dense_ops=94514,"{""n"": 13, ""gates"": 79, ""g2"": 48, ""g3"": 24, ""depth2"": 62, ""t_count"": 168, ""rotations"": 168, ""d"": 11, ""dense_l"": 17.6178, ""redundant"": 157, ""obs_zero"": false, ""frame_l"": 29.3923, ""chi_bits"": 0, ""mps_l"": 13.7552, ""hsf_k"": 10, ""hsf_na"": 6, ""hsf_nb"": 7, ""hsf_l"": 18.1599, ""sup"": 0, ""chi_bits0"": 6, ""mps_l0"": 26.315, ""hsf_keff"": 4, ""hsf_l0"": 24.1599, ""sparse_l"": 6.3038, ""sv_l"": 19.3038, ""feat_secs"": 0.001935, ""feat_secs_frame"": 0.00048, ""feat_secs_hsf"": 0.0014}"
arith,"arith:bits=6,h=0,reps=2",1,"{""bits"": 6.0, ""h"": 0.0, ""reps"": 2.0}",auto,ok,0.000554,0.0069,2654208,0.9999999999999984,11,1.0,1.5543122344752192e-15,switched_at=Some(82) dense_qubits=11 peak_terms=4 term_visits=9 dense_ops=88370,"{""n"": 13, ""gates"": 79, ""g2"": 48, ""g3"": 24, ""depth2"": 62, ""t_count"": 168, ""rotations"": 168, ""d"": 11, ""dense_l"": 17.6178, ""redundant"": 157, ""obs_zero"": false, ""frame_l"": 29.3923, ""chi_bits"": 0, ""mps_l"": 13.7552, ""hsf_k"": 10, ""hsf_na"": 6, ""hsf_nb"": 7, ""hsf_l"": 18.1599, ""sup"": 0, ""chi_bits0"": 6, ""mps_l0"": 26.315, ""hsf_keff"": 4, ""hsf_l0"": 24.1599, ""sparse_l"": 6.3038, ""sv_l"": 19.3038, ""feat_secs"": 0.001935, ""feat_secs_frame"": 0.00048, ""feat_secs_hsf"": 0.0014}"
arith,"arith:bits=6,h=0,reps=4",1,"{""bits"": 6.0, ""h"": 0.0, ""reps"": 4.0}",sv,ok,0.000763,0.0077,2654208,-1.0,8192,-1.0,0.0,,"{""n"": 13, ""gates"": 151, ""g2"": 96, ""g3"": 48, ""depth2"": 124, ""t_count"": 336, ""rotations"": 336, ""d"": 11, ""dense_l"": 19.0564, ""redundant"": 325, ""obs_zero"": false, ""frame_l"": 30.3923, ""chi_bits"": 0, ""mps_l"": 14.7548, ""hsf_k"": 20, ""hsf_na"": 6, ""hsf_nb"": 7, ""hsf_l"": 22.7482, ""sup"": 0, ""chi_bits0"": 6, ""mps_l0"": 27.5667, ""hsf_keff"": 8, ""hsf_l0"": 34.7482, ""sparse_l"": 7.2384, ""sv_l"": 20.2384, ""feat_secs"": 0.002173, ""feat_secs_frame"": 0.000753, ""feat_secs_hsf"": 0.001353}"
arith,"arith:bits=6,h=0,reps=4",1,"{""bits"": 6.0, ""h"": 0.0, ""reps"": 4.0}",sparse,ok,2.4e-05,0.0045,1916928,-1.0,1,-1.0,0.0,,"{""n"": 13, ""gates"": 151, ""g2"": 96, ""g3"": 48, ""depth2"": 124, ""t_count"": 336, ""rotations"": 336, ""d"": 11, ""dense_l"": 19.0564, ""redundant"": 325, ""obs_zero"": false, ""frame_l"": 30.3923, ""chi_bits"": 0, ""mps_l"": 14.7548, ""hsf_k"": 20, ""hsf_na"": 6, ""hsf_nb"": 7, ""hsf_l"": 22.7482, ""sup"": 0, ""chi_bits0"": 6, ""mps_l0"": 27.5667, ""hsf_keff"": 8, ""hsf_l0"": 34.7482, ""sparse_l"": 7.2384, ""sv_l"": 20.2384, ""feat_secs"": 0.002173, ""feat_secs_frame"": 0.000753, ""feat_secs_hsf"": 0.001353}"
arith,"arith:bits=6,h=0,reps=4",1,"{""bits"": 6.0, ""h"": 0.0, ""reps"": 4.0}",mps,ok,0.001837,0.0076,2342912,-1.0,1,-1.0,0.0,,"{""n"": 13, ""gates"": 151, ""g2"": 96, ""g3"": 48, ""depth2"": 124, ""t_count"": 336, ""rotations"": 336, ""d"": 11, ""dense_l"": 19.0564, ""redundant"": 325, ""obs_zero"": false, ""frame_l"": 30.3923, ""chi_bits"": 0, ""mps_l"": 14.7548, ""hsf_k"": 20, ""hsf_na"": 6, ""hsf_nb"": 7, ""hsf_l"": 22.7482, ""sup"": 0, ""chi_bits0"": 6, ""mps_l0"": 27.5667, ""hsf_keff"": 8, ""hsf_l0"": 34.7482, ""sparse_l"": 7.2384, ""sv_l"": 20.2384, ""feat_secs"": 0.002173, ""feat_secs_frame"": 0.000753, ""feat_secs_hsf"": 0.001353}"
arith,"arith:bits=6,h=0,reps=4",1,"{""bits"": 6.0, ""h"": 0.0, ""reps"": 4.0}",hsf,ok,0.001426,0.0066,2883584,-1.0,1048576,-1.0,0.0,,"{""n"": 13, ""gates"": 151, ""g2"": 96, ""g3"": 48, ""depth2"": 124, ""t_count"": 336, ""rotations"": 336, ""d"": 11, ""dense_l"": 19.0564, ""redundant"": 325, ""obs_zero"": false, ""frame_l"": 30.3923, ""chi_bits"": 0, ""mps_l"": 14.7548, ""hsf_k"": 20, ""hsf_na"": 6, ""hsf_nb"": 7, ""hsf_l"": 22.7482, ""sup"": 0, ""chi_bits0"": 6, ""mps_l0"": 27.5667, ""hsf_keff"": 8, ""hsf_l0"": 34.7482, ""sparse_l"": 7.2384, ""sv_l"": 20.2384, ""feat_secs"": 0.002173, ""feat_secs_frame"": 0.000753, ""feat_secs_hsf"": 0.001353}"
arith,"arith:bits=6,h=0,reps=4",1,"{""bits"": 6.0, ""h"": 0.0, ""reps"": 4.0}",tableau,na,,0.0043,1851392,,,-1.0,,"TooLarge { what: ""tableau (non-Clifford circuit)"", bytes: 0, limit: 0 }","{""n"": 13, ""gates"": 151, ""g2"": 96, ""g3"": 48, ""depth2"": 124, ""t_count"": 336, ""rotations"": 336, ""d"": 11, ""dense_l"": 19.0564, ""redundant"": 325, ""obs_zero"": false, ""frame_l"": 30.3923, ""chi_bits"": 0, ""mps_l"": 14.7548, ""hsf_k"": 20, ""hsf_na"": 6, ""hsf_nb"": 7, ""hsf_l"": 22.7482, ""sup"": 0, ""chi_bits0"": 6, ""mps_l0"": 27.5667, ""hsf_keff"": 8, ""hsf_l0"": 34.7482, ""sparse_l"": 7.2384, ""sv_l"": 20.2384, ""feat_secs"": 0.002173, ""feat_secs_frame"": 0.000753, ""feat_secs_hsf"": 0.001353}"
arith,"arith:bits=6,h=0,reps=4",1,"{""bits"": 6.0, ""h"": 0.0, ""reps"": 4.0}",frame,ok,0.00423,0.0103,3194880,-0.9999999999999998,1364,-1.0,2.220446049250313e-16,switched_at=None dense_qubits=0 peak_terms=1364 term_visits=32678 dense_ops=0,"{""n"": 13, ""gates"": 151, ""g2"": 96, ""g3"": 48, ""depth2"": 124, ""t_count"": 336, ""rotations"": 336, ""d"": 11, ""dense_l"": 19.0564, ""redundant"": 325, ""obs_zero"": false, ""frame_l"": 30.3923, ""chi_bits"": 0, ""mps_l"": 14.7548, ""hsf_k"": 20, ""hsf_na"": 6, ""hsf_nb"": 7, ""hsf_l"": 22.7482, ""sup"": 0, ""chi_bits0"": 6, ""mps_l0"": 27.5667, ""hsf_keff"": 8, ""hsf_l0"": 34.7482, ""sparse_l"": 7.2384, ""sv_l"": 20.2384, ""feat_secs"": 0.002173, ""feat_secs_frame"": 0.000753, ""feat_secs_hsf"": 0.001353}"
arith,"arith:bits=6,h=0,reps=4",1,"{""bits"": 6.0, ""h"": 0.0, ""reps"": 4.0}",dense,ok,0.000703,0.0075,2293760,-0.9999999999999984,11,-1.0,1.5543122344752192e-15,switched_at=Some(144) dense_qubits=11 peak_terms=1 term_visits=0 dense_ops=209140,"{""n"": 13, ""gates"": 151, ""g2"": 96, ""g3"": 48, ""depth2"": 124, ""t_count"": 336, ""rotations"": 336, ""d"": 11, ""dense_l"": 19.0564, ""redundant"": 325, ""obs_zero"": false, ""frame_l"": 30.3923, ""chi_bits"": 0, ""mps_l"": 14.7548, ""hsf_k"": 20, ""hsf_na"": 6, ""hsf_nb"": 7, ""hsf_l"": 22.7482, ""sup"": 0, ""chi_bits0"": 6, ""mps_l0"": 27.5667, ""hsf_keff"": 8, ""hsf_l0"": 34.7482, ""sparse_l"": 7.2384, ""sv_l"": 20.2384, ""feat_secs"": 0.002173, ""feat_secs_frame"": 0.000753, ""feat_secs_hsf"": 0.001353}"
arith,"arith:bits=6,h=0,reps=4",1,"{""bits"": 6.0, ""h"": 0.0, ""reps"": 4.0}",auto,ok,0.000843,0.0076,2686976,-0.9999999999999982,11,-1.0,1.7763568394002505e-15,switched_at=Some(138) dense_qubits=11 peak_terms=4 term_visits=9 dense_ops=202996,"{""n"": 13, ""gates"": 151, ""g2"": 96, ""g3"": 48, ""depth2"": 124, ""t_count"": 336, ""rotations"": 336, ""d"": 11, ""dense_l"": 19.0564, ""redundant"": 325, ""obs_zero"": false, ""frame_l"": 30.3923, ""chi_bits"": 0, ""mps_l"": 14.7548, ""hsf_k"": 20, ""hsf_na"": 6, ""hsf_nb"": 7, ""hsf_l"": 22.7482, ""sup"": 0, ""chi_bits0"": 6, ""mps_l0"": 27.5667, ""hsf_keff"": 8, ""hsf_l0"": 34.7482, ""sparse_l"": 7.2384, ""sv_l"": 20.2384, ""feat_secs"": 0.002173, ""feat_secs_frame"": 0.000753, ""feat_secs_hsf"": 0.001353}"
arith,"arith:bits=6,h=1,reps=1",1,"{""bits"": 6.0, ""h"": 1.0, ""reps"": 1.0}",sv,ok,0.000377,0.0068,2490368,0.5000000000000002,8192,0.5000000000000002,0.0,,"{""n"": 13, ""gates"": 43, ""g2"": 24, ""g3"": 12, ""depth2"": 31, ""t_count"": 84, ""rotations"": 84, ""d"": 13, ""dense_l"": 16.8289, ""redundant"": 71, ""obs_zero"": false, ""frame_l"": 32.3923, ""chi_bits"": 2, ""mps_l"": 18.689, ""hsf_k"": 5, ""hsf_na"": 6, ""hsf_nb"": 7, ""hsf_l"": 15.7415, ""sup"": 2, ""chi_bits0"": 6, ""mps_l0"": 25.5699, ""hsf_keff"": 2, ""hsf_l0"": 18.7415, ""sparse_l"": 7.4263, ""sv_l"": 18.4263, ""feat_secs"": 0.001174, ""feat_secs_frame"": 0.000207, ""feat_secs_hsf"": 0.000935}"
arith,"arith:bits=6,h=1,reps=1",1,"{""bits"": 6.0, ""h"": 1.0, ""reps"": 1.0}",sparse,ok,1.7e-05,0.0046,1884160,0.5000000000000002,4,0.5000000000000002,0.0,,"{""n"": 13, ""gates"": 43, ""g2"": 24, ""g3"": 12, ""depth2"": 31, ""t_count"": 84, ""rotations"": 84, ""d"": 13, ""dense_l"": 16.8289, ""redundant"": 71, ""obs_zero"": false, ""frame_l"": 32.3923, ""chi_bits"": 2, ""mps_l"": 18.689, ""hsf_k"": 5, ""hsf_na"": 6, ""hsf_nb"": 7, ""hsf_l"": 15.7415, ""sup"": 2, ""chi_bits0"": 6, ""mps_l0"": 25.5699, ""hsf_keff"": 2, ""hsf_l0"": 18.7415, ""sparse_l"": 7.4263, ""sv_l"": 18.4263, ""feat_secs"": 0.001174, ""feat_secs_frame"": 0.000207, ""feat_secs_hsf"": 0.000935}"
arith,"arith:bits=6,h=1,reps=1",1,"{""bits"": 6.0, ""h"": 1.0, ""reps"": 1.0}",mps,ok,0.000832,0.0066,2670592,0.5000000000000006,2,0.5000000000000002,3.3306690738754696e-16,,"{""n"": 13, ""gates"": 43, ""g2"": 24, ""g3"": 12, ""depth2"": 31, ""t_count"": 84, ""rotations"": 84, ""d"": 13, ""dense_l"": 16.8289, ""redundant"": 71, ""obs_zero"": false, ""frame_l"": 32.3923, ""chi_bits"": 2, ""mps_l"": 18.689, ""hsf_k"": 5, ""hsf_na"": 6, ""hsf_nb"": 7, ""hsf_l"": 15.7415, ""sup"": 2, ""chi_bits0"": 6, ""mps_l0"": 25.5699, ""hsf_keff"": 2, ""hsf_l0"": 18.7415, ""sparse_l"": 7.4263, ""sv_l"": 18.4263, ""feat_secs"": 0.001174, ""feat_secs_frame"": 0.000207, ""feat_secs_hsf"": 0.000935}"
arith,"arith:bits=6,h=1,reps=1",1,"{""bits"": 6.0, ""h"": 1.0, ""reps"": 1.0}",hsf,ok,0.001063,0.0066,2654208,0.5000000000000002,32,0.5000000000000002,0.0,,"{""n"": 13, ""gates"": 43, ""g2"": 24, ""g3"": 12, ""depth2"": 31, ""t_count"": 84, ""rotations"": 84, ""d"": 13, ""dense_l"": 16.8289, ""redundant"": 71, ""obs_zero"": false, ""frame_l"": 32.3923, ""chi_bits"": 2, ""mps_l"": 18.689, ""hsf_k"": 5, ""hsf_na"": 6, ""hsf_nb"": 7, ""hsf_l"": 15.7415, ""sup"": 2, ""chi_bits0"": 6, ""mps_l0"": 25.5699, ""hsf_keff"": 2, ""hsf_l0"": 18.7415, ""sparse_l"": 7.4263, ""sv_l"": 18.4263, ""feat_secs"": 0.001174, ""feat_secs_frame"": 0.000207, ""feat_secs_hsf"": 0.000935}"
arith,"arith:bits=6,h=1,reps=1",1,"{""bits"": 6.0, ""h"": 1.0, ""reps"": 1.0}",tableau,na,,0.0046,1818624,,,0.5000000000000002,,"TooLarge { what: ""tableau (non-Clifford circuit)"", bytes: 0, limit: 0 }","{""n"": 13, ""gates"": 43, ""g2"": 24, ""g3"": 12, ""depth2"": 31, ""t_count"": 84, ""rotations"": 84, ""d"": 13, ""dense_l"": 16.8289, ""redundant"": 71, ""obs_zero"": false, ""frame_l"": 32.3923, ""chi_bits"": 2, ""mps_l"": 18.689, ""hsf_k"": 5, ""hsf_na"": 6, ""hsf_nb"": 7, ""hsf_l"": 15.7415, ""sup"": 2, ""chi_bits0"": 6, ""mps_l0"": 25.5699, ""hsf_keff"": 2, ""hsf_l0"": 18.7415, ""sparse_l"": 7.4263, ""sv_l"": 18.4263, ""feat_secs"": 0.001174, ""feat_secs_frame"": 0.000207, ""feat_secs_hsf"": 0.000935}"
arith,"arith:bits=6,h=1,reps=1",1,"{""bits"": 6.0, ""h"": 1.0, ""reps"": 1.0}",frame,ok,0.001242,0.0078,2588672,0.5,16,0.5000000000000002,2.220446049250313e-16,switched_at=None dense_qubits=0 peak_terms=16 term_visits=370 dense_ops=0,"{""n"": 13, ""gates"": 43, ""g2"": 24, ""g3"": 12, ""depth2"": 31, ""t_count"": 84, ""rotations"": 84, ""d"": 13, ""dense_l"": 16.8289, ""redundant"": 71, ""obs_zero"": false, ""frame_l"": 32.3923, ""chi_bits"": 2, ""mps_l"": 18.689, ""hsf_k"": 5, ""hsf_na"": 6, ""hsf_nb"": 7, ""hsf_l"": 15.7415, ""sup"": 2, ""chi_bits0"": 6, ""mps_l0"": 25.5699, ""hsf_keff"": 2, ""hsf_l0"": 18.7415, ""sparse_l"": 7.4263, ""sv_l"": 18.4263, ""feat_secs"": 0.001174, ""feat_secs_frame"": 0.000207, ""feat_secs_hsf"": 0.000935}"
arith,"arith:bits=6,h=1,reps=1",1,"{""bits"": 6.0, ""h"": 1.0, ""reps"": 1.0}",dense,ok,0.000273,0.0077,2359296,0.4999999999999993,13,0.5000000000000002,9.43689570931383e-16,switched_at=Some(62) dense_qubits=13 peak_terms=1 term_visits=0 dense_ops=75198,"{""n"": 13, ""gates"": 43, ""g2"": 24, ""g3"": 12, ""depth2"": 31, ""t_count"": 84, ""rotations"": 84, ""d"": 13, ""dense_l"": 16.8289, ""redundant"": 71, ""obs_zero"": false, ""frame_l"": 32.3923, ""chi_bits"": 2, ""mps_l"": 18.689, ""hsf_k"": 5, ""hsf_na"": 6, ""hsf_nb"": 7, ""hsf_l"": 15.7415, ""sup"": 2, ""chi_bits0"": 6, ""mps_l0"": 25.5699, ""hsf_keff"": 2, ""hsf_l0"": 18.7415, ""sparse_l"": 7.4263, ""sv_l"": 18.4263, ""feat_secs"": 0.001174, ""feat_secs_frame"": 0.000207, ""feat_secs_hsf"": 0.000935}"
arith,"arith:bits=6,h=1,reps=1",1,"{""bits"": 6.0, ""h"": 1.0, ""reps"": 1.0}",auto,ok,0.001503,0.0077,2637824,0.4999999999999998,8,0.5000000000000002,4.440892098500626e-16,switched_at=Some(42) dense_qubits=8 peak_terms=16 term_visits=159 dense_ops=4542,"{""n"": 13, ""gates"": 43, ""g2"": 24, ""g3"": 12, ""depth2"": 31, ""t_count"": 84, ""rotations"": 84, ""d"": 13, ""dense_l"": 16.8289, ""redundant"": 71, ""obs_zero"": false, ""frame_l"": 32.3923, ""chi_bits"": 2, ""mps_l"": 18.689, ""hsf_k"": 5, ""hsf_na"": 6, ""hsf_nb"": 7, ""hsf_l"": 15.7415, ""sup"": 2, ""chi_bits0"": 6, ""mps_l0"": 25.5699, ""hsf_keff"": 2, ""hsf_l0"": 18.7415, ""sparse_l"": 7.4263, ""sv_l"": 18.4263, ""feat_secs"": 0.001174, ""feat_secs_frame"": 0.000207, ""feat_secs_hsf"": 0.000935}"
arith,"arith:bits=6,h=1,reps=2",1,"{""bits"": 6.0, ""h"": 1.0, ""reps"": 2.0}",sv,ok,0.000792,0.0072,2539520,-0.5000000000000002,8192,-0.5000000000000002,0.0,,"{""n"": 13, ""gates"": 79, ""g2"": 48, ""g3"": 24, ""depth2"": 62, ""t_count"": 168, ""rotations"": 168, ""d"": 13, ""dense_l"": 19.6178, ""redundant"": 155, ""obs_zero"": false, ""frame_l"": 33.3923, ""chi_bits"": 2, ""mps_l"": 19.1957, ""hsf_k"": 10, ""hsf_na"": 6, ""hsf_nb"": 7, ""hsf_l"": 18.1599, ""sup"": 2, ""chi_bits0"": 6, ""mps_l0"": 26.315, ""hsf_keff"": 4, ""hsf_l0"": 24.1599, ""sparse_l"": 8.3038, ""sv_l"": 19.3038, ""feat_secs"": 0.001785, ""feat_secs_frame"": 0.000338, ""feat_secs_hsf"": 0.001401}"
arith,"arith:bits=6,h=1,reps=2",1,"{""bits"": 6.0, ""h"": 1.0, ""reps"": 2.0}",sparse,ok,2.3e-05,0.0047,1884160,-0.5000000000000002,4,-0.5000000000000002,0.0,,"{""n"": 13, ""gates"": 79, ""g2"": 48, ""g3"": 24, ""depth2"": 62, ""t_count"": 168, ""rotations"": 168, ""d"": 13, ""dense_l"": 19.6178, ""redundant"": 155, ""obs_zero"": false, ""frame_l"": 33.3923, ""chi_bits"": 2, ""mps_l"": 19.1957, ""hsf_k"": 10, ""hsf_na"": 6, ""hsf_nb"": 7, ""hsf_l"": 18.1599, ""sup"": 2, ""chi_bits0"": 6, ""mps_l0"": 26.315, ""hsf_keff"": 4, ""hsf_l0"": 24.1599, ""sparse_l"": 8.3038, ""sv_l"": 19.3038, ""feat_secs"": 0.001785, ""feat_secs_frame"": 0.000338, ""feat_secs_hsf"": 0.001401}"
arith,"arith:bits=6,h=1,reps=2",1,"{""bits"": 6.0, ""h"": 1.0, ""reps"": 2.0}",mps,ok,0.001238,0.0072,2670592,-0.5000000000000007,3,-0.5000000000000002,4.440892098500626e-16,,"{""n"": 13, ""gates"": 79, ""g2"": 48, ""g3"": 24, ""depth2"": 62, ""t_count"": 168, ""rotations"": 168, ""d"": 13, ""dense_l"": 19.6178, ""redundant"": 155, ""obs_zero"": false, ""frame_l"": 33.3923, ""chi_bits"": 2, ""mps_l"": 19.1957, ""hsf_k"": 10, ""hsf_na"": 6, ""hsf_nb"": 7, ""hsf_l"": 18.1599, ""sup"": 2, ""chi_bits0"": 6, ""mps_l0"": 26.315, ""hsf_keff"": 4, ""hsf_l0"": 24.1599, ""sparse_l"": 8.3038, ""sv_l"": 19.3038, ""feat_secs"": 0.001785, ""feat_secs_frame"": 0.000338, ""feat_secs_hsf"": 0.001401}"
arith,"arith:bits=6,h=1,reps=2",1,"{""bits"": 6.0, ""h"": 1.0, ""reps"": 2.0}",hsf,ok,0.001395,0.0078,2818048,-0.5000000000000002,1024,-0.5000000000000002,0.0,,"{""n"": 13, ""gates"": 79, ""g2"": 48, ""g3"": 24, ""depth2"": 62, ""t_count"": 168, ""rotations"": 168, ""d"": 13, ""dense_l"": 19.6178, ""redundant"": 155, ""obs_zero"": false, ""frame_l"": 33.3923, ""chi_bits"": 2, ""mps_l"": 19.1957, ""hsf_k"": 10, ""hsf_na"": 6, ""hsf_nb"": 7, ""hsf_l"": 18.1599, ""sup"": 2, ""chi_bits0"": 6, ""mps_l0"": 26.315, ""hsf_keff"": 4, ""hsf_l0"": 24.1599, ""sparse_l"": 8.3038, ""sv_l"": 19.3038, ""feat_secs"": 0.001785, ""feat_secs_frame"": 0.000338, ""feat_secs_hsf"": 0.001401}"
arith,"arith:bits=6,h=1,reps=2",1,"{""bits"": 6.0, ""h"": 1.0, ""reps"": 2.0}",tableau,na,,0.0049,1818624,,,-0.5000000000000002,,"TooLarge { what: ""tableau (non-Clifford circuit)"", bytes: 0, limit: 0 }","{""n"": 13, ""gates"": 79, ""g2"": 48, ""g3"": 24, ""depth2"": 62, ""t_count"": 168, ""rotations"": 168, ""d"": 13, ""dense_l"": 19.6178, ""redundant"": 155, ""obs_zero"": false, ""frame_l"": 33.3923, ""chi_bits"": 2, ""mps_l"": 19.1957, ""hsf_k"": 10, ""hsf_na"": 6, ""hsf_nb"": 7, ""hsf_l"": 18.1599, ""sup"": 2, ""chi_bits0"": 6, ""mps_l0"": 26.315, ""hsf_keff"": 4, ""hsf_l0"": 24.1599, ""sparse_l"": 8.3038, ""sv_l"": 19.3038, ""feat_secs"": 0.001785, ""feat_secs_frame"": 0.000338, ""feat_secs_hsf"": 0.001401}"
arith,"arith:bits=6,h=1,reps=2",1,"{""bits"": 6.0, ""h"": 1.0, ""reps"": 2.0}",frame,ok,0.003065,0.0091,3244032,-0.5,2048,-0.5000000000000002,2.220446049250313e-16,switched_at=None dense_qubits=0 peak_terms=2048 term_visits=32298 dense_ops=0,"{""n"": 13, ""gates"": 79, ""g2"": 48, ""g3"": 24, ""depth2"": 62, ""t_count"": 168, ""rotations"": 168, ""d"": 13, ""dense_l"": 19.6178, ""redundant"": 155, ""obs_zero"": false, ""frame_l"": 33.3923, ""chi_bits"": 2, ""mps_l"": 19.1957, ""hsf_k"": 10, ""hsf_na"": 6, ""hsf_nb"": 7, ""hsf_l"": 18.1599, ""sup"": 2, ""chi_bits0"": 6, ""mps_l0"": 26.315, ""hsf_keff"": 4, ""hsf_l0"": 24.1599, ""sparse_l"": 8.3038, ""sv_l"": 19.3038, ""feat_secs"": 0.001785, ""feat_secs_frame"": 0.000338, ""feat_secs_hsf"": 0.001401}"
arith,"arith:bits=6,h=1,reps=2",1,"{""bits"": 6.0, ""h"": 1.0, ""reps"": 2.0}",dense,ok,0.000703,0.0077,2375680,-0.4999999999999992,13,-0.5000000000000002,9.992007221626409e-16,switched_at=Some(88) dense_qubits=13 peak_terms=1 term_visits=0 dense_ops=378046,"{""n"": 13, ""gates"": 79, ""g2"": 48, ""g3"": 24, ""depth2"": 62, ""t_count"": 168, ""rotations"": 168, ""d"": 13, ""dense_l"": 19.6178, ""redundant"": 155, ""obs_zero"": false, ""frame_l"": 33.3923, ""chi_bits"": 2, ""mps_l"": 19.1957, ""hsf_k"": 10, ""hsf_na"": 6, ""hsf_nb"": 7, ""hsf_l"": 18.1599, ""sup"": 2, ""chi_bits0"": 6, ""mps_l0"": 26.315, ""hsf_keff"": 4, ""hsf_l0"": 24.1599, ""sparse_l"": 8.3038, ""sv_l"": 19.3038, ""feat_secs"": 0.001785, ""feat_secs_frame"": 0.000338, ""feat_secs_hsf"": 0.001401}"
arith,"arith:bits=6,h=1,reps=2",1,"{""bits"": 6.0, ""h"": 1.0, ""reps"": 2.0}",auto,ok,0.000883,0.0075,2752512,-0.4999999999999992,13,-0.5000000000000002,9.992007221626409e-16,switched_at=Some(86) dense_qubits=13 peak_terms=4 term_visits=3 dense_ops=386238,"{""n"": 13, ""gates"": 79, ""g2"": 48, ""g3"": 24, ""depth2"": 62, ""t_count"": 168, ""rotations"": 168, ""d"": 13, ""dense_l"": 19.6178, ""redundant"": 155, ""obs_zero"": false, ""frame_l"": 33.3923, ""chi_bits"": 2, ""mps_l"": 19.1957, ""hsf_k"": 10, ""hsf_na"": 6, ""hsf_nb"": 7, ""hsf_l"": 18.1599, ""sup"": 2, ""chi_bits0"": 6, ""mps_l0"": 26.315, ""hsf_keff"": 4, ""hsf_l0"": 24.1599, ""sparse_l"": 8.3038, ""sv_l"": 19.3038, ""feat_secs"": 0.001785, ""feat_secs_frame"": 0.000338, ""feat_secs_hsf"": 0.001401}"
arith,"arith:bits=6,h=1,reps=4",1,"{""bits"": 6.0, ""h"": 1.0, ""reps"": 4.0}",sv,ok,0.000759,0.0077,2637824,0.5000000000000002,8192,0.5000000000000002,0.0,,"{""n"": 13, ""gates"": 151, ""g2"": 96, ""g3"": 48, ""depth2"": 124, ""t_count"": 336, ""rotations"": 336, ""d"": 13, ""dense_l"": 21.0564, ""redundant"": 323, ""obs_zero"": false, ""frame_l"": 34.3923, ""chi_bits"": 2, ""mps_l"": 20.238, ""hsf_k"": 20, ""hsf_na"": 6, ""hsf_nb"": 7, ""hsf_l"": 22.7482, ""sup"": 2, ""chi_bits0"": 6, ""mps_l0"": 27.5667, ""hsf_keff"": 8, ""hsf_l0"": 34.7482, ""sparse_l"": 9.2384, ""sv_l"": 20.2384, ""feat_secs"": 0.002275, ""feat_secs_frame"": 0.000747, ""feat_secs_hsf"": 0.001459}"
arith,"arith:bits=6,h=1,reps=4",1,"{""bits"": 6.0, ""h"": 1.0, ""reps"": 4.0}",sparse,ok,3.4e-05,0.0044,1900544,0.5000000000000002,4,0.5000000000000002,0.0,,"{""n"": 13, ""gates"": 151, ""g2"": 96, ""g3"": 48, ""depth2"": 124, ""t_count"": 336, ""rotations"": 336, ""d"": 13, ""dense_l"": 21.0564, ""redundant"": 323, ""obs_zero"": false, ""frame_l"": 34.3923, ""chi_bits"": 2, ""mps_l"": 20.238, ""hsf_k"": 20, ""hsf_na"": 6, ""hsf_nb"": 7, ""hsf_l"": 22.7482, ""sup"": 2, ""chi_bits0"": 6, ""mps_l0"": 27.5667, ""hsf_keff"": 8, ""hsf_l0"": 34.7482, ""sparse_l"": 9.2384, ""sv_l"": 20.2384, ""feat_secs"": 0.002275, ""feat_secs_frame"": 0.000747, ""feat_secs_hsf"": 0.001459}"
arith,"arith:bits=6,h=1,reps=4",1,"{""bits"": 6.0, ""h"": 1.0, ""reps"": 4.0}",mps,ok,0.002569,0.0076,2932736,0.4999999999999971,4,0.5000000000000002,3.1086244689504383e-15,,"{""n"": 13, ""gates"": 151, ""g2"": 96, ""g3"": 48, ""depth2"": 124, ""t_count"": 336, ""rotations"": 336, ""d"": 13, ""dense_l"": 21.0564, ""redundant"": 323, ""obs_zero"": false, ""frame_l"": 34.3923, ""chi_bits"": 2, ""mps_l"": 20.238, ""hsf_k"": 20, ""hsf_na"": 6, ""hsf_nb"": 7, ""hsf_l"": 22.7482, ""sup"": 2, ""chi_bits0"": 6, ""mps_l0"": 27.5667, ""hsf_keff"": 8, ""hsf_l0"": 34.7482, ""sparse_l"": 9.2384, ""sv_l"": 20.2384, ""feat_secs"": 0.002275, ""feat_secs_frame"": 0.000747, ""feat_secs_hsf"": 0.001459}"
arith,"arith:bits=6,h=1,reps=4",1,"{""bits"": 6.0, ""h"": 1.0, ""reps"": 4.0}",hsf,ok,0.001534,0.0077,2916352,0.5000000000000002,1048576,0.5000000000000002,0.0,,"{""n"": 13, ""gates"": 151, ""g2"": 96, ""g3"": 48, ""depth2"": 124, ""t_count"": 336, ""rotations"": 336, ""d"": 13, ""dense_l"": 21.0564, ""redundant"": 323, ""obs_zero"": false, ""frame_l"": 34.3923, ""chi_bits"": 2, ""mps_l"": 20.238, ""hsf_k"": 20, ""hsf_na"": 6, ""hsf_nb"": 7, ""hsf_l"": 22.7482, ""sup"": 2, ""chi_bits0"": 6, ""mps_l0"": 27.5667, ""hsf_keff"": 8, ""hsf_l0"": 34.7482, ""sparse_l"": 9.2384, ""sv_l"": 20.2384, ""feat_secs"": 0.002275, ""feat_secs_frame"": 0.000747, ""feat_secs_hsf"": 0.001459}"
arith,"arith:bits=6,h=1,reps=4",1,"{""bits"": 6.0, ""h"": 1.0, ""reps"": 4.0}",tableau,na,,0.0049,1835008,,,0.5000000000000002,,"TooLarge { what: ""tableau (non-Clifford circuit)"", bytes: 0, limit: 0 }","{""n"": 13, ""gates"": 151, ""g2"": 96, ""g3"": 48, ""depth2"": 124, ""t_count"": 336, ""rotations"": 336, ""d"": 13, ""dense_l"": 21.0564, ""redundant"": 323, ""obs_zero"": false, ""frame_l"": 34.3923, ""chi_bits"": 2, ""mps_l"": 20.238, ""hsf_k"": 20, ""hsf_na"": 6, ""hsf_nb"": 7, ""hsf_l"": 22.7482, ""sup"": 2, ""chi_bits0"": 6, ""mps_l0"": 27.5667, ""hsf_keff"": 8, ""hsf_l0"": 34.7482, ""sparse_l"": 9.2384, ""sv_l"": 20.2384, ""feat_secs"": 0.002275, ""feat_secs_frame"": 0.000747, ""feat_secs_hsf"": 0.001459}"
arith,"arith:bits=6,h=1,reps=4",1,"{""bits"": 6.0, ""h"": 1.0, ""reps"": 4.0}",frame,ok,0.010561,0.0167,3571712,0.4999999999999998,5604,0.5000000000000002,4.440892098500626e-16,switched_at=None dense_qubits=0 peak_terms=5604 term_visits=134486 dense_ops=0,"{""n"": 13, ""gates"": 151, ""g2"": 96, ""g3"": 48, ""depth2"": 124, ""t_count"": 336, ""rotations"": 336, ""d"": 13, ""dense_l"": 21.0564, ""redundant"": 323, ""obs_zero"": false, ""frame_l"": 34.3923, ""chi_bits"": 2, ""mps_l"": 20.238, ""hsf_k"": 20, ""hsf_na"": 6, ""hsf_nb"": 7, ""hsf_l"": 22.7482, ""sup"": 2, ""chi_bits0"": 6, ""mps_l0"": 27.5667, ""hsf_keff"": 8, ""hsf_l0"": 34.7482, ""sparse_l"": 9.2384, ""sv_l"": 20.2384, ""feat_secs"": 0.002275, ""feat_secs_frame"": 0.000747, ""feat_secs_hsf"": 0.001459}"
arith,"arith:bits=6,h=1,reps=4",1,"{""bits"": 6.0, ""h"": 1.0, ""reps"": 4.0}",dense,ok,0.001532,0.0079,2408448,0.4999999999999985,13,0.5000000000000002,1.7208456881689926e-15,switched_at=Some(144) dense_qubits=13 peak_terms=1 term_visits=0 dense_ops=836550,"{""n"": 13, ""gates"": 151, ""g2"": 96, ""g3"": 48, ""depth2"": 124, ""t_count"": 336, ""rotations"": 336, ""d"": 13, ""dense_l"": 21.0564, ""redundant"": 323, ""obs_zero"": false, ""frame_l"": 34.3923, ""chi_bits"": 2, ""mps_l"": 20.238, ""hsf_k"": 20, ""hsf_na"": 6, ""hsf_nb"": 7, ""hsf_l"": 22.7482, ""sup"": 2, ""chi_bits0"": 6, ""mps_l0"": 27.5667, ""hsf_keff"": 8, ""hsf_l0"": 34.7482, ""sparse_l"": 9.2384, ""sv_l"": 20.2384, ""feat_secs"": 0.002275, ""feat_secs_frame"": 0.000747, ""feat_secs_hsf"": 0.001459}"
arith,"arith:bits=6,h=1,reps=4",1,"{""bits"": 6.0, ""h"": 1.0, ""reps"": 4.0}",auto,ok,0.001638,0.0074,2785280,0.4999999999999986,13,0.5000000000000002,1.609823385706477e-15,switched_at=Some(142) dense_qubits=13 peak_terms=4 term_visits=3 dense_ops=844742,"{""n"": 13, ""gates"": 151, ""g2"": 96, ""g3"": 48, ""depth2"": 124, ""t_count"": 336, ""rotations"": 336, ""d"": 13, ""dense_l"": 21.0564, ""redundant"": 323, ""obs_zero"": false, ""frame_l"": 34.3923, ""chi_bits"": 2, ""mps_l"": 20.238, ""hsf_k"": 20, ""hsf_na"": 6, ""hsf_nb"": 7, ""hsf_l"": 22.7482, ""sup"": 2, ""chi_bits0"": 6, ""mps_l0"": 27.5667, ""hsf_keff"": 8, ""hsf_l0"": 34.7482, ""sparse_l"": 9.2384, ""sv_l"": 20.2384, ""feat_secs"": 0.002275, ""feat_secs_frame"": 0.000747, ""feat_secs_hsf"": 0.001459}"
arith,"arith:bits=6,h=2,reps=1",1,"{""bits"": 6.0, ""h"": 2.0, ""reps"": 1.0}",sv,ok,0.000318,0.0044,2490368,0.0,8192,0.0,0.0,,"{""n"": 13, ""gates"": 44, ""g2"": 24, ""g3"": 12, ""depth2"": 31, ""t_count"": 84, ""rotations"": 84, ""d"": 13, ""dense_l"": 17.4205, ""redundant"": 71, ""obs_zero"": false, ""frame_l"": 32.3923, ""chi_bits"": 4, ""mps_l"": 23.3681, ""hsf_k"": 5, ""hsf_na"": 6, ""hsf_nb"": 7, ""hsf_l"": 15.7549, ""sup"": 4, ""chi_bits0"": 6, ""mps_l0"": 25.5699, ""hsf_keff"": 2, ""hsf_l0"": 18.7549, ""sparse_l"": 9.4594, ""sv_l"": 18.4594, ""feat_secs"": 0.001326, ""feat_secs_frame"": 0.000188, ""feat_secs_hsf"": 0.001102}"
arith,"arith:bits=6,h=2,reps=1",1,"{""bits"": 6.0, ""h"": 2.0, ""reps"": 1.0}",sparse,ok,2.7e-05,0.0045,1900544,0.0,16,0.0,0.0,,"{""n"": 13, ""gates"": 44, ""g2"": 24, ""g3"": 12, ""depth2"": 31, ""t_count"": 84, ""rotations"": 84, ""d"": 13, ""dense_l"": 17.4205, ""redundant"": 71, ""obs_zero"": false, ""frame_l"": 32.3923, ""chi_bits"": 4, ""mps_l"": 23.3681, ""hsf_k"": 5, ""hsf_na"": 6, ""hsf_nb"": 7, ""hsf_l"": 15.7549, ""sup"": 4, ""chi_bits0"": 6, ""mps_l0"": 25.5699, ""hsf_keff"": 2, ""hsf_l0"": 18.7549, ""sparse_l"": 9.4594, ""sv_l"": 18.4594, ""feat_secs"": 0.001326, ""feat_secs_frame"": 0.000188, ""feat_secs_hsf"": 0.001102}"
arith,"arith:bits=6,h=2,reps=1",1,"{""bits"": 6.0, ""h"": 2.0, ""reps"": 1.0}",mps,ok,0.001141,0.0069,2899968,-1.249000902703301e-15,3,0.0,1.249000902703301e-15,,"{""n"": 13, ""gates"": 44, ""g2"": 24, ""g3"": 12, ""depth2"": 31, ""t_count"": 84, ""rotations"": 84, ""d"": 13, ""dense_l"": 17.4205, ""redundant"": 71, ""obs_zero"": false, ""frame_l"": 32.3923, ""chi_bits"": 4, ""mps_l"": 23.3681, ""hsf_k"": 5, ""hsf_na"": 6, ""hsf_nb"": 7, ""hsf_l"": 15.7549, ""sup"": 4, ""chi_bits0"": 6, ""mps_l0"": 25.5699, ""hsf_keff"": 2, ""hsf_l0"": 18.7549, ""sparse_l"": 9.4594, ""sv_l"": 18.4594, ""feat_secs"": 0.001326, ""feat_secs_frame"": 0.000188, ""feat_secs_hsf"": 0.001102}"
arith,"arith:bits=6,h=2,reps=1",1,"{""bits"": 6.0, ""h"": 2.0, ""reps"": 1.0}",hsf,ok,0.001087,0.0078,2703360,0.0,32,0.0,0.0,,"{""n"": 13, ""gates"": 44, ""g2"": 24, ""g3"": 12, ""depth2"": 31, ""t_count"": 84, ""rotations"": 84, ""d"": 13, ""dense_l"": 17.4205, ""redundant"": 71, ""obs_zero"": false, ""frame_l"": 32.3923, ""chi_bits"": 4, ""mps_l"": 23.3681, ""hsf_k"": 5, ""hsf_na"": 6, ""hsf_nb"": 7, ""hsf_l"": 15.7549, ""sup"": 4, ""chi_bits0"": 6, ""mps_l0"": 25.5699, ""hsf_keff"": 2, ""hsf_l0"": 18.7549, ""sparse_l"": 9.4594, ""sv_l"": 18.4594, ""feat_secs"": 0.001326, ""feat_secs_frame"": 0.000188, ""feat_secs_hsf"": 0.001102}"
arith,"arith:bits=6,h=2,reps=1",1,"{""bits"": 6.0, ""h"": 2.0, ""reps"": 1.0}",tableau,na,,0.0072,1818624,,,0.0,,"TooLarge { what: ""tableau (non-Clifford circuit)"", bytes: 0, limit: 0 }","{""n"": 13, ""gates"": 44, ""g2"": 24, ""g3"": 12, ""depth2"": 31, ""t_count"": 84, ""rotations"": 84, ""d"": 13, ""dense_l"": 17.4205, ""redundant"": 71, ""obs_zero"": false, ""frame_l"": 32.3923, ""chi_bits"": 4, ""mps_l"": 23.3681, ""hsf_k"": 5, ""hsf_na"": 6, ""hsf_nb"": 7, ""hsf_l"": 15.7549, ""sup"": 4, ""chi_bits0"": 6, ""mps_l0"": 25.5699, ""hsf_keff"": 2, ""hsf_l0"": 18.7549, ""sparse_l"": 9.4594, ""sv_l"": 18.4594, ""feat_secs"": 0.001326, ""feat_secs_frame"": 0.000188, ""feat_secs_hsf"": 0.001102}"
arith,"arith:bits=6,h=2,reps=1",1,"{""bits"": 6.0, ""h"": 2.0, ""reps"": 1.0}",frame,ok,0.001551,0.0075,2621440,-0.0,64,0.0,0.0,switched_at=None dense_qubits=0 peak_terms=64 term_visits=1083 dense_ops=0,"{""n"": 13, ""gates"": 44, ""g2"": 24, ""g3"": 12, ""depth2"": 31, ""t_count"": 84, ""rotations"": 84, ""d"": 13, ""dense_l"": 17.4205, ""redundant"": 71, ""obs_zero"": false, ""frame_l"": 32.3923, ""chi_bits"": 4, ""mps_l"": 23.3681, ""hsf_k"": 5, ""hsf_na"": 6, ""hsf_nb"": 7, ""hsf_l"": 15.7549, ""sup"": 4, ""chi_bits0"": 6, ""mps_l0"": 25.5699, ""hsf_keff"": 2, ""hsf_l0"": 18.7549, ""sparse_l"": 9.4594, ""sv_l"": 18.4594, ""feat_secs"": 0.001326, ""feat_secs_frame"": 0.000188, ""feat_secs_hsf"": 0.001102}"
arith,"arith:bits=6,h=2,reps=1",1,"{""bits"": 6.0, ""h"": 2.0, ""reps"": 1.0}",dense,ok,0.000316,0.0078,2342912,2.688821387764051e-17,13,0.0,2.688821387764051e-17,switched_at=Some(62) dense_qubits=13 peak_terms=1 term_visits=0 dense_ops=109374,"{""n"": 13, ""gates"": 44, ""g2"": 24, ""g3"": 12, ""depth2"": 31, ""t_count"": 84, ""rotations"": 84, ""d"": 13, ""dense_l"": 17.4205, ""redundant"": 71, ""obs_zero"": false, ""frame_l"": 32.3923, ""chi_bits"": 4, ""mps_l"": 23.3681, ""hsf_k"": 5, ""hsf_na"": 6, ""hsf_nb"": 7, ""hsf_l"": 15.7549, ""sup"": 4, ""chi_bits0"": 6, ""mps_l0"": 25.5699, ""hsf_keff"": 2, ""hsf_l0"": 18.7549, ""sparse_l"": 9.4594, ""sv_l"": 18.4594, ""feat_secs"": 0.001326, ""feat_secs_frame"": 0.000188, ""feat_secs_hsf"": 0.001102}"
arith,"arith:bits=6,h=2,reps=1",1,"{""bits"": 6.0, ""h"": 2.0, ""reps"": 1.0}",auto,ok,0.000587,0.0071,2736128,3.436920886779049e-17,13,0.0,3.436920886779049e-17,switched_at=Some(60) dense_qubits=13 peak_terms=4 term_visits=3 dense_ops=117566,"{""n"": 13, ""gates"": 44, ""g2"": 24, ""g3"": 12, ""depth2"": 31, ""t_count"": 84, ""rotations"": 84, ""d"": 13, ""dense_l"": 17.4205, ""redundant"": 71, ""obs_zero"": false, ""frame_l"": 32.3923, ""chi_bits"": 4, ""mps_l"": 23.3681, ""hsf_k"": 5, ""hsf_na"": 6, ""hsf_nb"": 7, ""hsf_l"": 15.7549, ""sup"": 4, ""chi_bits0"": 6, ""mps_l0"": 25.5699, ""hsf_keff"": 2, ""hsf_l0"": 18.7549, ""sparse_l"": 9.4594, ""sv_l"": 18.4594, ""feat_secs"": 0.001326, ""feat_secs_frame"": 0.000188, ""feat_secs_hsf"": 0.001102}"
arith,"arith:bits=6,h=2,reps=2",1,"{""bits"": 6.0, ""h"": 2.0, ""reps"": 2.0}",sv,ok,0.000561,0.0075,2572288,0.0,8192,0.0,0.0,,"{""n"": 13, ""gates"": 80, ""g2"": 48, ""g3"": 24, ""depth2"": 62, ""t_count"": 168, ""rotations"": 168, ""d"": 13, ""dense_l"": 19.7199, ""redundant"": 155, ""obs_zero"": false, ""frame_l"": 33.3923, ""chi_bits"": 4, ""mps_l"": 23.9909, ""hsf_k"": 10, ""hsf_na"": 6, ""hsf_nb"": 7, ""hsf_l"": 18.1699, ""sup"": 4, ""chi_bits0"": 6, ""mps_l0"": 26.315, ""hsf_keff"": 4, ""hsf_l0"": 24.1699, ""sparse_l"": 10.3219, ""sv_l"": 19.3219, ""feat_secs"": 0.002007, ""feat_secs_frame"": 0.000422, ""feat_secs_hsf"": 0.001533}"
arith,"arith:bits=6,h=2,reps=2",1,"{""bits"": 6.0, ""h"": 2.0, ""reps"": 2.0}",sparse,ok,5e-05,0.0071,1933312,0.0,16,0.0,0.0,,"{""n"": 13, ""gates"": 80, ""g2"": 48, ""g3"": 24, ""depth2"": 62, ""t_count"": 168, ""rotations"": 168, ""d"": 13, ""dense_l"": 19.7199, ""redundant"": 155, ""obs_zero"": false, ""frame_l"": 33.3923, ""chi_bits"": 4, ""mps_l"": 23.9909, ""hsf_k"": 10, ""hsf_na"": 6, ""hsf_nb"": 7, ""hsf_l"": 18.1699, ""sup"": 4, ""chi_bits0"": 6, ""mps_l0"": 26.315, ""hsf_keff"": 4, ""hsf_l0"": 24.1699, ""sparse_l"": 10.3219, ""sv_l"": 19.3219, ""feat_secs"": 0.002007, ""feat_secs_frame"": 0.000422, ""feat_secs_hsf"": 0.001533}"
arith,"arith:bits=6,h=2,reps=2",1,"{""bits"": 6.0, ""h"": 2.0, ""reps"": 2.0}",mps,ok,0.001889,0.0078,3129344,-4.6074255521944e-15,4,0.0,4.6074255521944e-15,,"{""n"": 13, ""gates"": 80, ""g2"": 48, ""g3"": 24, ""depth2"": 62, ""t_count"": 168, ""rotations"": 168, ""d"": 13, ""dense_l"": 19.7199, ""redundant"": 155, ""obs_zero"": false, ""frame_l"": 33.3923, ""chi_bits"": 4, ""mps_l"": 23.9909, ""hsf_k"": 10, ""hsf_na"": 6, ""hsf_nb"": 7, ""hsf_l"": 18.1699, ""sup"": 4, ""chi_bits0"": 6, ""mps_l0"": 26.315, ""hsf_keff"": 4, ""hsf_l0"": 24.1699, ""sparse_l"": 10.3219, ""sv_l"": 19.3219, ""feat_secs"": 0.002007, ""feat_secs_frame"": 0.000422, ""feat_secs_hsf"": 0.001533}"
arith,"arith:bits=6,h=2,reps=2",1,"{""bits"": 6.0, ""h"": 2.0, ""reps"": 2.0}",hsf,ok,0.001481,0.0077,2932736,0.0,1024,0.0,0.0,,"{""n"": 13, ""gates"": 80, ""g2"": 48, ""g3"": 24, ""depth2"": 62, ""t_count"": 168, ""rotations"": 168, ""d"": 13, ""dense_l"": 19.7199, ""redundant"": 155, ""obs_zero"": false, ""frame_l"": 33.3923, ""chi_bits"": 4, ""mps_l"": 23.9909, ""hsf_k"": 10, ""hsf_na"": 6, ""hsf_nb"": 7, ""hsf_l"": 18.1699, ""sup"": 4, ""chi_bits0"": 6, ""mps_l0"": 26.315, ""hsf_keff"": 4, ""hsf_l0"": 24.1699, ""sparse_l"": 10.3219, ""sv_l"": 19.3219, ""feat_secs"": 0.002007, ""feat_secs_frame"": 0.000422, ""feat_secs_hsf"": 0.001533}"
arith,"arith:bits=6,h=2,reps=2",1,"{""bits"": 6.0, ""h"": 2.0, ""reps"": 2.0}",tableau,na,,0.0048,1818624,,,0.0,,"TooLarge { what: ""tableau (non-Clifford circuit)"", bytes: 0, limit: 0 }","{""n"": 13, ""gates"": 80, ""g2"": 48, ""g3"": 24, ""depth2"": 62, ""t_count"": 168, ""rotations"": 168, ""d"": 13, ""dense_l"": 19.7199, ""redundant"": 155, ""obs_zero"": false, ""frame_l"": 33.3923, ""chi_bits"": 4, ""mps_l"": 23.9909, ""hsf_k"": 10, ""hsf_na"": 6, ""hsf_nb"": 7, ""hsf_l"": 18.1699, ""sup"": 4, ""chi_bits0"": 6, ""mps_l0"": 26.315, ""hsf_keff"": 4, ""hsf_l0"": 24.1699, ""sparse_l"": 10.3219, ""sv_l"": 19.3219, ""feat_secs"": 0.002007, ""feat_secs_frame"": 0.000422, ""feat_secs_hsf"": 0.001533}"
arith,"arith:bits=6,h=2,reps=2",1,"{""bits"": 6.0, ""h"": 2.0, ""reps"": 2.0}",frame,ok,0.004197,0.0087,3194880,-0.0,2048,0.0,0.0,switched_at=None dense_qubits=0 peak_terms=2048 term_visits=35870 dense_ops=0,"{""n"": 13, ""gates"": 80, ""g2"": 48, ""g3"": 24, ""depth2"": 62, ""t_count"": 168, ""rotations"": 168, ""d"": 13, ""dense_l"": 19.7199, ""redundant"": 155, ""obs_zero"": false, ""frame_l"": 33.3923, ""chi_bits"": 4, ""mps_l"": 23.9909, ""hsf_k"": 10, ""hsf_na"": 6, ""hsf_nb"": 7, ""hsf_l"": 18.1699, ""sup"": 4, ""chi_bits0"": 6, ""mps_l0"": 26.315, ""hsf_keff"": 4, ""hsf_l0"": 24.1699, ""sparse_l"": 10.3219, ""sv_l"": 19.3219, ""feat_secs"": 0.002007, ""feat_secs_frame"": 0.000422, ""feat_secs_hsf"": 0.001533}"
arith,"arith:bits=6,h=2,reps=2",1,"{""bits"": 6.0, ""h"": 2.0, ""reps"": 2.0}",dense,ok,0.00086,0.0077,2392064,4.380176776841438e-17,13,0.0,4.380176776841438e-17,switched_at=Some(88) dense_qubits=13 peak_terms=1 term_visits=0 dense_ops=403790,"{""n"": 13, ""gates"": 80, ""g2"": 48, ""g3"": 24, ""depth2"": 62, ""t_count"": 168, ""rotations"": 168, ""d"": 13, ""dense_l"": 19.7199, ""redundant"": 155, ""obs_zero"": false, ""frame_l"": 33.3923, ""chi_bits"": 4, ""mps_l"": 23.9909, ""hsf_k"": 10, ""hsf_na"": 6, ""hsf_nb"": 7, ""hsf_l"": 18.1699, ""sup"": 4, ""chi_bits0"": 6, ""mps_l0"": 26.315, ""hsf_keff"": 4, ""hsf_l0"": 24.1699, ""sparse_l"": 10.3219, ""sv_l"": 19.3219, ""feat_secs"": 0.002007, ""feat_secs_frame"": 0.000422, ""feat_secs_hsf"": 0.001533}"
arith,"arith:bits=6,h=2,reps=2",1,"{""bits"": 6.0, ""h"": 2.0, ""reps"": 2.0}",auto,ok,0.000935,0.0078,2752512,1.318389841742373e-16,13,0.0,1.318389841742373e-16,switched_at=Some(86) dense_qubits=13 peak_terms=4 term_visits=3 dense_ops=411982,"{""n"": 13, ""gates"": 80, ""g2"": 48, ""g3"": 24, ""depth2"": 62, ""t_count"": 168, ""rotations"": 168, ""d"": 13, ""dense_l"": 19.7199, ""redundant"": 155, ""obs_zero"": false, ""frame_l"": 33.3923, ""chi_bits"": 4, ""mps_l"": 23.9909, ""hsf_k"": 10, ""hsf_na"": 6, ""hsf_nb"": 7, ""hsf_l"": 18.1699, ""sup"": 4, ""chi_bits0"": 6, ""mps_l0"": 26.315, ""hsf_keff"": 4, ""hsf_l0"": 24.1699, ""sparse_l"": 10.3219, ""sv_l"": 19.3219, ""feat_secs"": 0.002007, ""feat_secs_frame"": 0.000422, ""feat_secs_hsf"": 0.001533}"
arith,"arith:bits=6,h=2,reps=4",1,"{""bits"": 6.0, ""h"": 2.0, ""reps"": 4.0}",sv,ok,0.000813,0.0073,2637824,-0.2500000000000001,8192,-0.2500000000000001,0.0,,"{""n"": 13, ""gates"": 152, ""g2"": 96, ""g3"": 48, ""depth2"": 124, ""t_count"": 336, ""rotations"": 336, ""d"": 13, ""dense_l"": 21.0949, ""redundant"": 323, ""obs_zero"": false, ""frame_l"": 34.3923, ""chi_bits"": 4, ""mps_l"": 25.1703, ""hsf_k"": 20, ""hsf_na"": 6, ""hsf_nb"": 7, ""hsf_l"": 22.7549, ""sup"": 4, ""chi_bits0"": 6, ""mps_l0"": 27.5667, ""hsf_keff"": 8, ""hsf_l0"": 34.7549, ""sparse_l"": 11.2479, ""sv_l"": 20.2479, ""feat_secs"": 0.002231, ""feat_secs_frame"": 0.000766, ""feat_secs_hsf"": 0.001374}"
arith,"arith:bits=6,h=2,reps=4",1,"{""bits"": 6.0, ""h"": 2.0, ""reps"": 4.0}",sparse,ok,6.9e-05,0.0046,1949696,-0.2500000000000001,16,-0.2500000000000001,0.0,,"{""n"": 13, ""gates"": 152, ""g2"": 96, ""g3"": 48, ""depth2"": 124, ""t_count"": 336, ""rotations"": 336, ""d"": 13, ""dense_l"": 21.0949, ""redundant"": 323, ""obs_zero"": false, ""frame_l"": 34.3923, ""chi_bits"": 4, ""mps_l"": 25.1703, ""hsf_k"": 20, ""hsf_na"": 6, ""hsf_nb"": 7, ""hsf_l"": 22.7549, ""sup"": 4, ""chi_bits0"": 6, ""mps_l0"": 27.5667, ""hsf_keff"": 8, ""hsf_l0"": 34.7549, ""sparse_l"": 11.2479, ""sv_l"": 20.2479, ""feat_secs"": 0.002231, ""feat_secs_frame"": 0.000766, ""feat_secs_hsf"": 0.001374}"
arith,"arith:bits=6,h=2,reps=4",1,"{""bits"": 6.0, ""h"": 2.0, ""reps"": 4.0}",mps,ok,0.006507,0.0133,3719168,-0.2500000000000044,9,-0.2500000000000001,4.274358644806853e-15,,"{""n"": 13, ""gates"": 152, ""g2"": 96, ""g3"": 48, ""depth2"": 124, ""t_count"": 336, ""rotations"": 336, ""d"": 13, ""dense_l"": 21.0949, ""redundant"": 323, ""obs_zero"": false, ""frame_l"": 34.3923, ""chi_bits"": 4, ""mps_l"": 25.1703, ""hsf_k"": 20, ""hsf_na"": 6, ""hsf_nb"": 7, ""hsf_l"": 22.7549, ""sup"": 4, ""chi_bits0"": 6, ""mps_l0"": 27.5667, ""hsf_keff"": 8, ""hsf_l0"": 34.7549, ""sparse_l"": 11.2479, ""sv_l"": 20.2479, ""feat_secs"": 0.002231, ""feat_secs_frame"": 0.000766, ""feat_secs_hsf"": 0.001374}"
arith,"arith:bits=6,h=2,reps=4",1,"{""bits"": 6.0, ""h"": 2.0, ""reps"": 4.0}",hsf,ok,0.001623,0.0075,3014656,-0.2500000000000001,1048576,-0.2500000000000001,0.0,,"{""n"": 13, ""gates"": 152, ""g2"": 96, ""g3"": 48, ""depth2"": 124, ""t_count"": 336, ""rotations"": 336, ""d"": 13, ""dense_l"": 21.0949, ""redundant"": 323, ""obs_zero"": false, ""frame_l"": 34.3923, ""chi_bits"": 4, ""mps_l"": 25.1703, ""hsf_k"": 20, ""hsf_na"": 6, ""hsf_nb"": 7, ""hsf_l"": 22.7549, ""sup"": 4, ""chi_bits0"": 6, ""mps_l0"": 27.5667, ""hsf_keff"": 8, ""hsf_l0"": 34.7549, ""sparse_l"": 11.2479, ""sv_l"": 20.2479, ""feat_secs"": 0.002231, ""feat_secs_frame"": 0.000766, ""feat_secs_hsf"": 0.001374}"
arith,"arith:bits=6,h=2,reps=4",1,"{""bits"": 6.0, ""h"": 2.0, ""reps"": 4.0}",tableau,na,,0.0049,1835008,,,-0.2500000000000001,,"TooLarge { what: ""tableau (non-Clifford circuit)"", bytes: 0, limit: 0 }","{""n"": 13, ""gates"": 152, ""g2"": 96, ""g3"": 48, ""depth2"": 124, ""t_count"": 336, ""rotations"": 336, ""d"": 13, ""dense_l"": 21.0949, ""redundant"": 323, ""obs_zero"": false, ""frame_l"": 34.3923, ""chi_bits"": 4, ""mps_l"": 25.1703, ""hsf_k"": 20, ""hsf_na"": 6, ""hsf_nb"": 7, ""hsf_l"": 22.7549, ""sup"": 4, ""chi_bits0"": 6, ""mps_l0"": 27.5667, ""hsf_keff"": 8, ""hsf_l0"": 34.7549, ""sparse_l"": 11.2479, ""sv_l"": 20.2479, ""feat_secs"": 0.002231, ""feat_secs_frame"": 0.000766, ""feat_secs_hsf"": 0.001374}"
arith,"arith:bits=6,h=2,reps=4",1,"{""bits"": 6.0, ""h"": 2.0, ""reps"": 4.0}",frame,ok,0.009323,0.0168,3670016,-0.2499999999999999,5764,-0.2500000000000001,2.220446049250313e-16,switched_at=None dense_qubits=0 peak_terms=5764 term_visits=147754 dense_ops=0,"{""n"": 13, ""gates"": 152, ""g2"": 96, ""g3"": 48, ""depth2"": 124, ""t_count"": 336, ""rotations"": 336, ""d"": 13, ""dense_l"": 21.0949, ""redundant"": 323, ""obs_zero"": false, ""frame_l"": 34.3923, ""chi_bits"": 4, ""mps_l"": 25.1703, ""hsf_k"": 20, ""hsf_na"": 6, ""hsf_nb"": 7, ""hsf_l"": 22.7549, ""sup"": 4, ""chi_bits0"": 6, ""mps_l0"": 27.5667, ""hsf_keff"": 8, ""hsf_l0"": 34.7549, ""sparse_l"": 11.2479, ""sv_l"": 20.2479, ""feat_secs"": 0.002231, ""feat_secs_frame"": 0.000766, ""feat_secs_hsf"": 0.001374}"
arith,"arith:bits=6,h=2,reps=4",1,"{""bits"": 6.0, ""h"": 2.0, ""reps"": 4.0}",dense,ok,0.001424,0.0072,2424832,-0.2499999999999999,13,-0.2500000000000001,2.220446049250313e-16,switched_at=Some(144) dense_qubits=13 peak_terms=1 term_visits=0 dense_ops=862038,"{""n"": 13, ""gates"": 152, ""g2"": 96, ""g3"": 48, ""depth2"": 124, ""t_count"": 336, ""rotations"": 336, ""d"": 13, ""dense_l"": 21.0949, ""redundant"": 323, ""obs_zero"": false, ""frame_l"": 34.3923, ""chi_bits"": 4, ""mps_l"": 25.1703, ""hsf_k"": 20, ""hsf_na"": 6, ""hsf_nb"": 7, ""hsf_l"": 22.7549, ""sup"": 4, ""chi_bits0"": 6, ""mps_l0"": 27.5667, ""hsf_keff"": 8, ""hsf_l0"": 34.7549, ""sparse_l"": 11.2479, ""sv_l"": 20.2479, ""feat_secs"": 0.002231, ""feat_secs_frame"": 0.000766, ""feat_secs_hsf"": 0.001374}"
arith,"arith:bits=6,h=2,reps=4",1,"{""bits"": 6.0, ""h"": 2.0, ""reps"": 4.0}",auto,ok,0.001885,0.0077,2785280,-0.2499999999999999,13,-0.2500000000000001,2.220446049250313e-16,switched_at=Some(142) dense_qubits=13 peak_terms=4 term_visits=3 dense_ops=870230,"{""n"": 13, ""gates"": 152, ""g2"": 96, ""g3"": 48, ""depth2"": 124, ""t_count"": 336, ""rotations"": 336, ""d"": 13, ""dense_l"": 21.0949, ""redundant"": 323, ""obs_zero"": false, ""frame_l"": 34.3923, ""chi_bits"": 4, ""mps_l"": 25.1703, ""hsf_k"": 20, ""hsf_na"": 6, ""hsf_nb"": 7, ""hsf_l"": 22.7549, ""sup"": 4, ""chi_bits0"": 6, ""mps_l0"": 27.5667, ""hsf_keff"": 8, ""hsf_l0"": 34.7549, ""sparse_l"": 11.2479, ""sv_l"": 20.2479, ""feat_secs"": 0.002231, ""feat_secs_frame"": 0.000766, ""feat_secs_hsf"": 0.001374}"
arith,"arith:bits=6,h=4,reps=1",1,"{""bits"": 6.0, ""h"": 4.0, ""reps"": 1.0}",sv,ok,0.000389,0.0076,2490368,0.0,8192,0.0,0.0,,"{""n"": 13, ""gates"": 46, ""g2"": 24, ""g3"": 12, ""depth2"": 31, ""t_count"": 84, ""rotations"": 84, ""d"": 13, ""dense_l"": 18.1864, ""redundant"": 71, ""obs_zero"": false, ""frame_l"": 32.3923, ""chi_bits"": 6, ""mps_l"": 25.5699, ""hsf_k"": 5, ""hsf_na"": 6, ""hsf_nb"": 7, ""hsf_l"": 17.7814, ""sup"": 8, ""chi_bits0"": 6, ""mps_l0"": 25.5699, ""hsf_keff"": 4, ""hsf_l0"": 18.7814, ""sparse_l"": 13.5236, ""sv_l"": 18.5236, ""feat_secs"": 0.001195, ""feat_secs_frame"": 0.000222, ""feat_secs_hsf"": 0.000943}"
arith,"arith:bits=6,h=4,reps=1",1,"{""bits"": 6.0, ""h"": 4.0, ""reps"": 1.0}",sparse,ok,0.000192,0.0048,2064384,0.0,256,0.0,0.0,,"{""n"": 13, ""gates"": 46, ""g2"": 24, ""g3"": 12, ""depth2"": 31, ""t_count"": 84, ""rotations"": 84, ""d"": 13, ""dense_l"": 18.1864, ""redundant"": 71, ""obs_zero"": false, ""frame_l"": 32.3923, ""chi_bits"": 6, ""mps_l"": 25.5699, ""hsf_k"": 5, ""hsf_na"": 6, ""hsf_nb"": 7, ""hsf_l"": 17.7814, ""sup"": 8, ""chi_bits0"": 6, ""mps_l0"": 25.5699, ""hsf_keff"": 4, ""hsf_l0"": 18.7814, ""sparse_l"": 13.5236, ""sv_l"": 18.5236, ""feat_secs"": 0.001195, ""feat_secs_frame"": 0.000222, ""feat_secs_hsf"": 0.000943}"
arith,"arith:bits=6,h=4,reps=1",1,"{""bits"": 6.0, ""h"": 4.0, ""reps"": 1.0}",mps,ok,0.002652,0.0078,3080192,-4.683753385137381e-16,3,0.0,4.683753385137381e-16,,"{""n"": 13, ""gates"": 46, ""g2"": 24, ""g3"": 12, ""depth2"": 31, ""t_count"": 84, ""rotations"": 84, ""d"": 13, ""dense_l"": 18.1864, ""redundant"": 71, ""obs_zero"": false, ""frame_l"": 32.3923, ""chi_bits"": 6, ""mps_l"": 25.5699, ""hsf_k"": 5, ""hsf_na"": 6, ""hsf_nb"": 7, ""hsf_l"": 17.7814, ""sup"": 8, ""chi_bits0"": 6, ""mps_l0"": 25.5699, ""hsf_keff"": 4, ""hsf_l0"": 18.7814, ""sparse_l"": 13.5236, ""sv_l"": 18.5236, ""feat_secs"": 0.001195, ""feat_secs_frame"": 0.000222, ""feat_secs_hsf"": 0.000943}"
arith,"arith:bits=6,h=4,reps=1",1,"{""bits"": 6.0, ""h"": 4.0, ""reps"": 1.0}",hsf,ok,0.001298,0.0075,2801664,0.0,32,0.0,0.0,,"{""n"": 13, ""gates"": 46, ""g2"": 24, ""g3"": 12, ""depth2"": 31, ""t_count"": 84, ""rotations"": 84, ""d"": 13, ""dense_l"": 18.1864, ""redundant"": 71, ""obs_zero"": false, ""frame_l"": 32.3923, ""chi_bits"": 6, ""mps_l"": 25.5699, ""hsf_k"": 5, ""hsf_na"": 6, ""hsf_nb"": 7, ""hsf_l"": 17.7814, ""sup"": 8, ""chi_bits0"": 6, ""mps_l0"": 25.5699, ""hsf_keff"": 4, ""hsf_l0"": 18.7814, ""sparse_l"": 13.5236, ""sv_l"": 18.5236, ""feat_secs"": 0.001195, ""feat_secs_frame"": 0.000222, ""feat_secs_hsf"": 0.000943}"
arith,"arith:bits=6,h=4,reps=1",1,"{""bits"": 6.0, ""h"": 4.0, ""reps"": 1.0}",tableau,na,,0.0045,1818624,,,0.0,,"TooLarge { what: ""tableau (non-Clifford circuit)"", bytes: 0, limit: 0 }","{""n"": 13, ""gates"": 46, ""g2"": 24, ""g3"": 12, ""depth2"": 31, ""t_count"": 84, ""rotations"": 84, ""d"": 13, ""dense_l"": 18.1864, ""redundant"": 71, ""obs_zero"": false, ""frame_l"": 32.3923, ""chi_bits"": 6, ""mps_l"": 25.5699, ""hsf_k"": 5, ""hsf_na"": 6, ""hsf_nb"": 7, ""hsf_l"": 17.7814, ""sup"": 8, ""chi_bits0"": 6, ""mps_l0"": 25.5699, ""hsf_keff"": 4, ""hsf_l0"": 18.7814, ""sparse_l"": 13.5236, ""sv_l"": 18.5236, ""feat_secs"": 0.001195, ""feat_secs_frame"": 0.000222, ""feat_secs_hsf"": 0.000943}"
arith,"arith:bits=6,h=4,reps=1",1,"{""bits"": 6.0, ""h"": 4.0, ""reps"": 1.0}",frame,ok,0.001325,0.0075,2965504,-0.0,1024,0.0,0.0,switched_at=None dense_qubits=0 peak_terms=1024 term_visits=9211 dense_ops=0,"{""n"": 13, ""gates"": 46, ""g2"": 24, ""g3"": 12, ""depth2"": 31, ""t_count"": 84, ""rotations"": 84, ""d"": 13, ""dense_l"": 18.1864, ""redundant"": 71, ""obs_zero"": false, ""frame_l"": 32.3923, ""chi_bits"": 6, ""mps_l"": 25.5699, ""hsf_k"": 5, ""hsf_na"": 6, ""hsf_nb"": 7, ""hsf_l"": 17.7814, ""sup"": 8, ""chi_bits0"": 6, ""mps_l0"": 25.5699, ""hsf_keff"": 4, ""hsf_l0"": 18.7814, ""sparse_l"": 13.5236, ""sv_l"": 18.5236, ""feat_secs"": 0.001195, ""feat_secs_frame"": 0.000222, ""feat_secs_hsf"": 0.000943}"
arith,"arith:bits=6,h=4,reps=1",1,"{""bits"": 6.0, ""h"": 4.0, ""reps"": 1.0}",dense,ok,0.000417,0.0066,2359296,-6.238327865613383e-18,13,0.0,6.238327865613383e-18,switched_at=Some(62) dense_qubits=13 peak_terms=1 term_visits=0 dense_ops=181566,"{""n"": 13, ""gates"": 46, ""g2"": 24, ""g3"": 12, ""depth2"": 31, ""t_count"": 84, ""rotations"": 84, ""d"": 13, ""dense_l"": 18.1864, ""redundant"": 71, ""obs_zero"": false, ""frame_l"": 32.3923, ""chi_bits"": 6, ""mps_l"": 25.5699, ""hsf_k"": 5, ""hsf_na"": 6, ""hsf_nb"": 7, ""hsf_l"": 17.7814, ""sup"": 8, ""chi_bits0"": 6, ""mps_l0"": 25.5699, ""hsf_keff"": 4, ""hsf_l0"": 18.7814, ""sparse_l"": 13.5236, ""sv_l"": 18.5236, ""feat_secs"": 0.001195, ""feat_secs_frame"": 0.000222, ""feat_secs_hsf"": 0.000943}"
arith,"arith:bits=6,h=4,reps=1",1,"{""bits"": 6.0, ""h"": 4.0, ""reps"": 1.0}",auto,ok,0.00074,0.0076,2736128,-8.162786721775156e-18,13,0.0,8.162786721775156e-18,switched_at=Some(60) dense_qubits=13 peak_terms=4 term_visits=3 dense_ops=189758,"{""n"": 13, ""gates"": 46, ""g2"": 24, ""g3"": 12, ""depth2"": 31, ""t_count"": 84, ""rotations"": 84, ""d"": 13, ""dense_l"": 18.1864, ""redundant"": 71, ""obs_zero"": false, ""frame_l"": 32.3923, ""chi_bits"": 6, ""mps_l"": 25.5699, ""hsf_k"": 5, ""hsf_na"": 6, ""hsf_nb"": 7, ""hsf_l"": 17.7814, ""sup"": 8, ""chi_bits0"": 6, ""mps_l0"": 25.5699, ""hsf_keff"": 4, ""hsf_l0"": 18.7814, ""sparse_l"": 13.5236, ""sv_l"": 18.5236, ""feat_secs"": 0.001195, ""feat_secs_frame"": 0.000222, ""feat_secs_hsf"": 0.000943}"
arith,"arith:bits=6,h=4,reps=2",1,"{""bits"": 6.0, ""h"": 4.0, ""reps"": 2.0}",sv,ok,0.00047,0.0043,2555904,-6.938893903907228e-18,8192,-6.938893903907228e-18,0.0,,"{""n"": 13, ""gates"": 82, ""g2"": 48, ""g3"": 24, ""depth2"": 62, ""t_count"": 168, ""rotations"": 168, ""d"": 13, ""dense_l"": 19.9119, ""redundant"": 155, ""obs_zero"": false, ""frame_l"": 33.3923, ""chi_bits"": 6, ""mps_l"": 26.315, ""hsf_k"": 10, ""hsf_na"": 6, ""hsf_nb"": 7, ""hsf_l"": 20.1898, ""sup"": 8, ""chi_bits0"": 6, ""mps_l0"": 26.315, ""hsf_keff"": 6, ""hsf_l0"": 24.1898, ""sparse_l"": 14.3576, ""sv_l"": 19.3576, ""feat_secs"": 0.001962, ""feat_secs_frame"": 0.000339, ""feat_secs_hsf"": 0.001577}"
arith,"arith:bits=6,h=4,reps=2",1,"{""bits"": 6.0, ""h"": 4.0, ""reps"": 2.0}",sparse,ok,0.00034,0.0068,2080768,0.0,256,-6.938893903907228e-18,6.938893903907228e-18,,"{""n"": 13, ""gates"": 82, ""g2"": 48, ""g3"": 24, ""depth2"": 62, ""t_count"": 168, ""rotations"": 168, ""d"": 13, ""dense_l"": 19.9119, ""redundant"": 155, ""obs_zero"": false, ""frame_l"": 33.3923, ""chi_bits"": 6, ""mps_l"": 26.315, ""hsf_k"": 10, ""hsf_na"": 6, ""hsf_nb"": 7, ""hsf_l"": 20.1898, ""sup"": 8, ""chi_bits0"": 6, ""mps_l0"": 26.315, ""hsf_keff"": 6, ""hsf_l0"": 24.1898, ""sparse_l"": 14.3576, ""sv_l"": 19.3576, ""feat_secs"": 0.001962, ""feat_secs_frame"": 0.000339, ""feat_secs_hsf"": 0.001577}"
arith,"arith:bits=6,h=4,reps=2",1,"{""bits"": 6.0, ""h"": 4.0, ""reps"": 2.0}",mps,ok,0.002916,0.0097,3227648,7.181755190543981e-16,4,-6.938893903907228e-18,7.251144129583054e-16,,"{""n"": 13, ""gates"": 82, ""g2"": 48, ""g3"": 24, ""depth2"": 62, ""t_count"": 168, ""rotations"": 168, ""d"": 13, ""dense_l"": 19.9119, ""redundant"": 155, ""obs_zero"": false, ""frame_l"": 33.3923, ""chi_bits"": 6, ""mps_l"": 26.315, ""hsf_k"": 10, ""hsf_na"": 6, ""hsf_nb"": 7, ""hsf_l"": 20.1898, ""sup"": 8, ""chi_bits0"": 6, ""mps_l0"": 26.315, ""hsf_keff"": 6, ""hsf_l0"": 24.1898, ""sparse_l"": 14.3576, ""sv_l"": 19.3576, ""feat_secs"": 0.001962, ""feat_secs_frame"": 0.000339, ""feat_secs_hsf"": 0.001577}"
arith,"arith:bits=6,h=4,reps=2",1,"{""bits"": 6.0, ""h"": 4.0, ""reps"": 2.0}",hsf,ok,0.00192,0.0076,2899968,0.0,1024,-6.938893903907228e-18,6.938893903907228e-18,,"{""n"": 13, ""gates"": 82, ""g2"": 48, ""g3"": 24, ""depth2"": 62, ""t_count"": 168, ""rotations"": 168, ""d"": 13, ""dense_l"": 19.9119, ""redundant"": 155, ""obs_zero"": false, ""frame_l"": 33.3923, ""chi_bits"": 6, ""mps_l"": 26.315, ""hsf_k"": 10, ""hsf_na"": 6, ""hsf_nb"": 7, ""hsf_l"": 20.1898, ""sup"": 8, ""chi_bits0"": 6, ""mps_l0"": 26.315, ""hsf_keff"": 6, ""hsf_l0"": 24.1898, ""sparse_l"": 14.3576, ""sv_l"": 19.3576, ""feat_secs"": 0.001962, ""feat_secs_frame"": 0.000339, ""feat_secs_hsf"": 0.001577}"
arith,"arith:bits=6,h=4,reps=2",1,"{""bits"": 6.0, ""h"": 4.0, ""reps"": 2.0}",tableau,na,,0.0048,1818624,,,-6.938893903907228e-18,,"TooLarge { what: ""tableau (non-Clifford circuit)"", bytes: 0, limit: 0 }","{""n"": 13, ""gates"": 82, ""g2"": 48, ""g3"": 24, ""depth2"": 62, ""t_count"": 168, ""rotations"": 168, ""d"": 13, ""dense_l"": 19.9119, ""redundant"": 155, ""obs_zero"": false, ""frame_l"": 33.3923, ""chi_bits"": 6, ""mps_l"": 26.315, ""hsf_k"": 10, ""hsf_na"": 6, ""hsf_nb"": 7, ""hsf_l"": 20.1898, ""sup"": 8, ""chi_bits0"": 6, ""mps_l0"": 26.315, ""hsf_keff"": 6, ""hsf_l0"": 24.1898, ""sparse_l"": 14.3576, ""sv_l"": 19.3576, ""feat_secs"": 0.001962, ""feat_secs_frame"": 0.000339, ""feat_secs_hsf"": 0.001577}"
arith,"arith:bits=6,h=4,reps=2",1,"{""bits"": 6.0, ""h"": 4.0, ""reps"": 2.0}",frame,ok,0.004125,0.0105,3227648,-0.0,2048,-6.938893903907228e-18,6.938893903907228e-18,switched_at=None dense_qubits=0 peak_terms=2048 term_visits=45464 dense_ops=0,"{""n"": 13, ""gates"": 82, ""g2"": 48, ""g3"": 24, ""depth2"": 62, ""t_count"": 168, ""rotations"": 168, ""d"": 13, ""dense_l"": 19.9119, ""redundant"": 155, ""obs_zero"": false, ""frame_l"": 33.3923, ""chi_bits"": 6, ""mps_l"": 26.315, ""hsf_k"": 10, ""hsf_na"": 6, ""hsf_nb"": 7, ""hsf_l"": 20.1898, ""sup"": 8, ""chi_bits0"": 6, ""mps_l0"": 26.315, ""hsf_keff"": 6, ""hsf_l0"": 24.1898, ""sparse_l"": 14.3576, ""sv_l"": 19.3576, ""feat_secs"": 0.001962, ""feat_secs_frame"": 0.000339, ""feat_secs_hsf"": 0.001577}"
arith,"arith:bits=6,h=4,reps=2",1,"{""bits"": 6.0, ""h"": 4.0, ""reps"": 2.0}",dense,ok,0.001024,0.0078,2392064,4.727775322187397e-17,13,-6.938893903907228e-18,5.4216647125781195e-17,switched_at=Some(88) dense_qubits=13 peak_terms=1 term_visits=0 dense_ops=458382,"{""n"": 13, ""gates"": 82, ""g2"": 48, ""g3"": 24, ""depth2"": 62, ""t_count"": 168, ""rotations"": 168, ""d"": 13, ""dense_l"": 19.9119, ""redundant"": 155, ""obs_zero"": false, ""frame_l"": 33.3923, ""chi_bits"": 6, ""mps_l"": 26.315, ""hsf_k"": 10, ""hsf_na"": 6, ""hsf_nb"": 7, ""hsf_l"": 20.1898, ""sup"": 8, ""chi_bits0"": 6, ""mps_l0"": 26.315, ""hsf_keff"": 6, ""hsf_l0"": 24.1898, ""sparse_l"": 14.3576, ""sv_l"": 19.3576, ""feat_secs"": 0.001962, ""feat_secs_frame"": 0.000339, ""feat_secs_hsf"": 0.001577}"
arith,"arith:bits=6,h=4,reps=2",1,"{""bits"": 6.0, ""h"": 4.0, ""reps"": 2.0}",auto,ok,0.000981,0.0067,2752512,1.040834085586084e-16,13,-6.938893903907228e-18,1.1102230246251563e-16,switched_at=Some(86) dense_qubits=13 peak_terms=4 term_visits=3 dense_ops=466574,"{""n"": 13, ""gates"": 82, ""g2"": 48, ""g3"": 24, ""depth2"": 62, ""t_count"": 168, ""rotations"": 168, ""d"": 13, ""dense_l"": 19.9119, ""redundant"": 155, ""obs_zero"": false, ""frame_l"": 33.3923, ""chi_bits"": 6, ""mps_l"": 26.315, ""hsf_k"": 10, ""hsf_na"": 6, ""hsf_nb"": 7, ""hsf_l"": 20.1898, ""sup"": 8, ""chi_bits0"": 6, ""mps_l0"": 26.315, ""hsf_keff"": 6, ""hsf_l0"": 24.1898, ""sparse_l"": 14.3576, ""sv_l"": 19.3576, ""feat_secs"": 0.001962, ""feat_secs_frame"": 0.000339, ""feat_secs_hsf"": 0.001577}"
arith,"arith:bits=6,h=4,reps=4",1,"{""bits"": 6.0, ""h"": 4.0, ""reps"": 4.0}",sv,ok,0.001081,0.0078,2654208,-0.01562500000000001,8192,-0.01562500000000001,0.0,,"{""n"": 13, ""gates"": 154, ""g2"": 96, ""g3"": 48, ""depth2"": 124, ""t_count"": 336, ""rotations"": 336, ""d"": 13, ""dense_l"": 21.172, ""redundant"": 323, ""obs_zero"": false, ""frame_l"": 34.3923, ""chi_bits"": 6, ""mps_l"": 27.5667, ""hsf_k"": 20, ""hsf_na"": 6, ""hsf_nb"": 7, ""hsf_l"": 26.7682, ""sup"": 8, ""chi_bits0"": 6, ""mps_l0"": 27.5667, ""hsf_keff"": 12, ""hsf_l0"": 34.7682, ""sparse_l"": 15.2668, ""sv_l"": 20.2668, ""feat_secs"": 0.00214, ""feat_secs_frame"": 0.000646, ""feat_secs_hsf"": 0.001418}"
arith,"arith:bits=6,h=4,reps=4",1,"{""bits"": 6.0, ""h"": 4.0, ""reps"": 4.0}",sparse,ok,0.00062,0.0080,2080768,-0.01562500000000001,256,-0.01562500000000001,0.0,,"{""n"": 13, ""gates"": 154, ""g2"": 96, ""g3"": 48, ""depth2"": 124, ""t_count"": 336, ""rotations"": 336, ""d"": 13, ""dense_l"": 21.172, ""redundant"": 323, ""obs_zero"": false, ""frame_l"": 34.3923, ""chi_bits"": 6, ""mps_l"": 27.5667, ""hsf_k"": 20, ""hsf_na"": 6, ""hsf_nb"": 7, ""hsf_l"": 26.7682, ""sup"": 8, ""chi_bits0"": 6, ""mps_l0"": 27.5667, ""hsf_keff"": 12, ""hsf_l0"": 34.7682, ""sparse_l"": 15.2668, ""sv_l"": 20.2668, ""feat_secs"": 0.00214, ""feat_secs_frame"": 0.000646, ""feat_secs_hsf"": 0.001418}"
arith,"arith:bits=6,h=4,reps=4",1,"{""bits"": 6.0, ""h"": 4.0, ""reps"": 4.0}",mps,ok,0.019523,0.0242,4947968,-0.0156250000000002,17,-0.01562500000000001,1.9081958235744878e-16,,"{""n"": 13, ""gates"": 154, ""g2"": 96, ""g3"": 48, ""depth2"": 124, ""t_count"": 336, ""rotations"": 336, ""d"": 13, ""dense_l"": 21.172, ""redundant"": 323, ""obs_zero"": false, ""frame_l"": 34.3923, ""chi_bits"": 6, ""mps_l"": 27.5667, ""hsf_k"": 20, ""hsf_na"": 6, ""hsf_nb"": 7, ""hsf_l"": 26.7682, ""sup"": 8, ""chi_bits0"": 6, ""mps_l0"": 27.5667, ""hsf_keff"": 12, ""hsf_l0"": 34.7682, ""sparse_l"": 15.2668, ""sv_l"": 20.2668, ""feat_secs"": 0.00214, ""feat_secs_frame"": 0.000646, ""feat_secs_hsf"": 0.001418}"
arith,"arith:bits=6,h=4,reps=4",1,"{""bits"": 6.0, ""h"": 4.0, ""reps"": 4.0}",hsf,ok,0.002423,0.0075,3178496,-0.01562500000000001,1048576,-0.01562500000000001,0.0,,"{""n"": 13, ""gates"": 154, ""g2"": 96, ""g3"": 48, ""depth2"": 124, ""t_count"": 336, ""rotations"": 336, ""d"": 13, ""dense_l"": 21.172, ""redundant"": 323, ""obs_zero"": false, ""frame_l"": 34.3923, ""chi_bits"": 6, ""mps_l"": 27.5667, ""hsf_k"": 20, ""hsf_na"": 6, ""hsf_nb"": 7, ""hsf_l"": 26.7682, ""sup"": 8, ""chi_bits0"": 6, ""mps_l0"": 27.5667, ""hsf_keff"": 12, ""hsf_l0"": 34.7682, ""sparse_l"": 15.2668, ""sv_l"": 20.2668, ""feat_secs"": 0.00214, ""feat_secs_frame"": 0.000646, ""feat_secs_hsf"": 0.001418}"
arith,"arith:bits=6,h=4,reps=4",1,"{""bits"": 6.0, ""h"": 4.0, ""reps"": 4.0}",tableau,na,,0.0049,1835008,,,-0.01562500000000001,,"TooLarge { what: ""tableau (non-Clifford circuit)"", bytes: 0, limit: 0 }","{""n"": 13, ""gates"": 154, ""g2"": 96, ""g3"": 48, ""depth2"": 124, ""t_count"": 336, ""rotations"": 336, ""d"": 13, ""dense_l"": 21.172, ""redundant"": 323, ""obs_zero"": false, ""frame_l"": 34.3923, ""chi_bits"": 6, ""mps_l"": 27.5667, ""hsf_k"": 20, ""hsf_na"": 6, ""hsf_nb"": 7, ""hsf_l"": 26.7682, ""sup"": 8, ""chi_bits0"": 6, ""mps_l0"": 27.5667, ""hsf_keff"": 12, ""hsf_l0"": 34.7682, ""sparse_l"": 15.2668, ""sv_l"": 20.2668, ""feat_secs"": 0.00214, ""feat_secs_frame"": 0.000646, ""feat_secs_hsf"": 0.001418}"
arith,"arith:bits=6,h=4,reps=4",1,"{""bits"": 6.0, ""h"": 4.0, ""reps"": 4.0}",frame,ok,0.009102,0.0133,3588096,-0.01562499999999998,5764,-0.01562500000000001,3.122502256758253e-17,switched_at=None dense_qubits=0 peak_terms=5764 term_visits=169038 dense_ops=0,"{""n"": 13, ""gates"": 154, ""g2"": 96, ""g3"": 48, ""depth2"": 124, ""t_count"": 336, ""rotations"": 336, ""d"": 13, ""dense_l"": 21.172, ""redundant"": 323, ""obs_zero"": false, ""frame_l"": 34.3923, ""chi_bits"": 6, ""mps_l"": 27.5667, ""hsf_k"": 20, ""hsf_na"": 6, ""hsf_nb"": 7, ""hsf_l"": 26.7682, ""sup"": 8, ""chi_bits0"": 6, ""mps_l0"": 27.5667, ""hsf_keff"": 12, ""hsf_l0"": 34.7682, ""sparse_l"": 15.2668, ""sv_l"": 20.2668, ""feat_secs"": 0.00214, ""feat_secs_frame"": 0.000646, ""feat_secs_hsf"": 0.001418}"
arith,"arith:bits=6,h=4,reps=4",1,"{""bits"": 6.0, ""h"": 4.0, ""reps"": 4.0}",dense,ok,0.00149,0.0075,2408448,-0.01562499999999999,13,-0.01562500000000001,2.0816681711721685e-17,switched_at=Some(144) dense_qubits=13 peak_terms=1 term_visits=0 dense_ops=915094,"{""n"": 13, ""gates"": 154, ""g2"": 96, ""g3"": 48, ""depth2"": 124, ""t_count"": 336, ""rotations"": 336, ""d"": 13, ""dense_l"": 21.172, ""redundant"": 323, ""obs_zero"": false, ""frame_l"": 34.3923, ""chi_bits"": 6, ""mps_l"": 27.5667, ""hsf_k"": 20, ""hsf_na"": 6, ""hsf_nb"": 7, ""hsf_l"": 26.7682, ""sup"": 8, ""chi_bits0"": 6, ""mps_l0"": 27.5667, ""hsf_keff"": 12, ""hsf_l0"": 34.7682, ""sparse_l"": 15.2668, ""sv_l"": 20.2668, ""feat_secs"": 0.00214, ""feat_secs_frame"": 0.000646, ""feat_secs_hsf"": 0.001418}"
arith,"arith:bits=6,h=4,reps=4",1,"{""bits"": 6.0, ""h"": 4.0, ""reps"": 4.0}",auto,ok,0.00166,0.0075,2801664,-0.01562499999999996,13,-0.01562500000000001,5.0306980803327406e-17,switched_at=Some(142) dense_qubits=13 peak_terms=4 term_visits=3 dense_ops=923286,"{""n"": 13, ""gates"": 154, ""g2"": 96, ""g3"": 48, ""depth2"": 124, ""t_count"": 336, ""rotations"": 336, ""d"": 13, ""dense_l"": 21.172, ""redundant"": 323, ""obs_zero"": false, ""frame_l"": 34.3923, ""chi_bits"": 6, ""mps_l"": 27.5667, ""hsf_k"": 20, ""hsf_na"": 6, ""hsf_nb"": 7, ""hsf_l"": 26.7682, ""sup"": 8, ""chi_bits0"": 6, ""mps_l0"": 27.5667, ""hsf_keff"": 12, ""hsf_l0"": 34.7682, ""sparse_l"": 15.2668, ""sv_l"": 20.2668, ""feat_secs"": 0.00214, ""feat_secs_frame"": 0.000646, ""feat_secs_hsf"": 0.001418}"
arith,"arith:bits=6,h=6,reps=1",1,"{""bits"": 6.0, ""h"": 6.0, ""reps"": 1.0}",sv,ok,0.000435,0.0079,2490368,0.0,8192,0.0,0.0,,"{""n"": 13, ""gates"": 48, ""g2"": 24, ""g3"": 12, ""depth2"": 31, ""t_count"": 84, ""rotations"": 84, ""d"": 13, ""dense_l"": 18.6629, ""redundant"": 71, ""obs_zero"": false, ""frame_l"": 32.3923, ""chi_bits"": 6, ""mps_l"": 25.5699, ""hsf_k"": 5, ""hsf_na"": 6, ""hsf_nb"": 7, ""hsf_l"": 17.8074, ""sup"": 12, ""chi_bits0"": 6, ""mps_l0"": 25.5699, ""hsf_keff"": 4, ""hsf_l0"": 18.8074, ""sparse_l"": 17.585, ""sv_l"": 18.585, ""feat_secs"": 0.001203, ""feat_secs_frame"": 0.00025, ""feat_secs_hsf"": 0.000915}"
arith,"arith:bits=6,h=6,reps=1",1,"{""bits"": 6.0, ""h"": 6.0, ""reps"": 1.0}",sparse,ok,0.002767,0.0076,2490368,-1.301042606982605e-18,4096,0.0,1.301042606982605e-18,,"{""n"": 13, ""gates"": 48, ""g2"": 24, ""g3"": 12, ""depth2"": 31, ""t_count"": 84, ""rotations"": 84, ""d"": 13, ""dense_l"": 18.6629, ""redundant"": 71, ""obs_zero"": false, ""frame_l"": 32.3923, ""chi_bits"": 6, ""mps_l"": 25.5699, ""hsf_k"": 5, ""hsf_na"": 6, ""hsf_nb"": 7, ""hsf_l"": 17.8074, ""sup"": 12, ""chi_bits0"": 6, ""mps_l0"": 25.5699, ""hsf_keff"": 4, ""hsf_l0"": 18.8074, ""sparse_l"": 17.585, ""sv_l"": 18.585, ""feat_secs"": 0.001203, ""feat_secs_frame"": 0.00025, ""feat_secs_hsf"": 0.000915}"
arith,"arith:bits=6,h=6,reps=1",1,"{""bits"": 6.0, ""h"": 6.0, ""reps"": 1.0}",mps,ok,0.001329,0.0077,2818048,0.0,1,0.0,0.0,,"{""n"": 13, ""gates"": 48, ""g2"": 24, ""g3"": 12, ""depth2"": 31, ""t_count"": 84, ""rotations"": 84, ""d"": 13, ""dense_l"": 18.6629, ""redundant"": 71, ""obs_zero"": false, ""frame_l"": 32.3923, ""chi_bits"": 6, ""mps_l"": 25.5699, ""hsf_k"": 5, ""hsf_na"": 6, ""hsf_nb"": 7, ""hsf_l"": 17.8074, ""sup"": 12, ""chi_bits0"": 6, ""mps_l0"": 25.5699, ""hsf_keff"": 4, ""hsf_l0"": 18.8074, ""sparse_l"": 17.585, ""sv_l"": 18.585, ""feat_secs"": 0.001203, ""feat_secs_frame"": 0.00025, ""feat_secs_hsf"": 0.000915}"
arith,"arith:bits=6,h=6,reps=1",1,"{""bits"": 6.0, ""h"": 6.0, ""reps"": 1.0}",hsf,ok,0.001139,0.0076,2801664,0.0,32,0.0,0.0,,"{""n"": 13, ""gates"": 48, ""g2"": 24, ""g3"": 12, ""depth2"": 31, ""t_count"": 84, ""rotations"": 84, ""d"": 13, ""dense_l"": 18.6629, ""redundant"": 71, ""obs_zero"": false, ""frame_l"": 32.3923, ""chi_bits"": 6, ""mps_l"": 25.5699, ""hsf_k"": 5, ""hsf_na"": 6, ""hsf_nb"": 7, ""hsf_l"": 17.8074, ""sup"": 12, ""chi_bits0"": 6, ""mps_l0"": 25.5699, ""hsf_keff"": 4, ""hsf_l0"": 18.8074, ""sparse_l"": 17.585, ""sv_l"": 18.585, ""feat_secs"": 0.001203, ""feat_secs_frame"": 0.00025, ""feat_secs_hsf"": 0.000915}"
arith,"arith:bits=6,h=6,reps=1",1,"{""bits"": 6.0, ""h"": 6.0, ""reps"": 1.0}",tableau,na,,0.0046,1802240,,,0.0,,"TooLarge { what: ""tableau (non-Clifford circuit)"", bytes: 0, limit: 0 }","{""n"": 13, ""gates"": 48, ""g2"": 24, ""g3"": 12, ""depth2"": 31, ""t_count"": 84, ""rotations"": 84, ""d"": 13, ""dense_l"": 18.6629, ""redundant"": 71, ""obs_zero"": false, ""frame_l"": 32.3923, ""chi_bits"": 6, ""mps_l"": 25.5699, ""hsf_k"": 5, ""hsf_na"": 6, ""hsf_nb"": 7, ""hsf_l"": 17.8074, ""sup"": 12, ""chi_bits0"": 6, ""mps_l0"": 25.5699, ""hsf_keff"": 4, ""hsf_l0"": 18.8074, ""sparse_l"": 17.585, ""sv_l"": 18.585, ""feat_secs"": 0.001203, ""feat_secs_frame"": 0.00025, ""feat_secs_hsf"": 0.000915}"
arith,"arith:bits=6,h=6,reps=1",1,"{""bits"": 6.0, ""h"": 6.0, ""reps"": 1.0}",frame,ok,0.00146,0.0070,3047424,-0.0,2048,0.0,0.0,switched_at=None dense_qubits=0 peak_terms=2048 term_visits=11259 dense_ops=0,"{""n"": 13, ""gates"": 48, ""g2"": 24, ""g3"": 12, ""depth2"": 31, ""t_count"": 84, ""rotations"": 84, ""d"": 13, ""dense_l"": 18.6629, ""redundant"": 71, ""obs_zero"": false, ""frame_l"": 32.3923, ""chi_bits"": 6, ""mps_l"": 25.5699, ""hsf_k"": 5, ""hsf_na"": 6, ""hsf_nb"": 7, ""hsf_l"": 17.8074, ""sup"": 12, ""chi_bits0"": 6, ""mps_l0"": 25.5699, ""hsf_keff"": 4, ""hsf_l0"": 18.8074, ""sparse_l"": 17.585, ""sv_l"": 18.585, ""feat_secs"": 0.001203, ""feat_secs_frame"": 0.00025, ""feat_secs_hsf"": 0.000915}"
arith,"arith:bits=6,h=6,reps=1",1,"{""bits"": 6.0, ""h"": 6.0, ""reps"": 1.0}",dense,ok,0.000474,0.0067,2375680,-3.14609670102275e-19,13,0.0,3.14609670102275e-19,switched_at=Some(62) dense_qubits=13 peak_terms=1 term_visits=0 dense_ops=243006,"{""n"": 13, ""gates"": 48, ""g2"": 24, ""g3"": 12, ""depth2"": 31, ""t_count"": 84, ""rotations"": 84, ""d"": 13, ""dense_l"": 18.6629, ""redundant"": 71, ""obs_zero"": false, ""frame_l"": 32.3923, ""chi_bits"": 6, ""mps_l"": 25.5699, ""hsf_k"": 5, ""hsf_na"": 6, ""hsf_nb"": 7, ""hsf_l"": 17.8074, ""sup"": 12, ""chi_bits0"": 6, ""mps_l0"": 25.5699, ""hsf_keff"": 4, ""hsf_l0"": 18.8074, ""sparse_l"": 17.585, ""sv_l"": 18.585, ""feat_secs"": 0.001203, ""feat_secs_frame"": 0.00025, ""feat_secs_hsf"": 0.000915}"
arith,"arith:bits=6,h=6,reps=1",1,"{""bits"": 6.0, ""h"": 6.0, ""reps"": 1.0}",auto,ok,0.00069,0.0072,2719744,-3.146096701022754e-19,13,0.0,3.146096701022754e-19,switched_at=Some(60) dense_qubits=13 peak_terms=4 term_visits=3 dense_ops=251198,"{""n"": 13, ""gates"": 48, ""g2"": 24, ""g3"": 12, ""depth2"": 31, ""t_count"": 84, ""rotations"": 84, ""d"": 13, ""dense_l"": 18.6629, ""redundant"": 71, ""obs_zero"": false, ""frame_l"": 32.3923, ""chi_bits"": 6, ""mps_l"": 25.5699, ""hsf_k"": 5, ""hsf_na"": 6, ""hsf_nb"": 7, ""hsf_l"": 17.8074, ""sup"": 12, ""chi_bits0"": 6, ""mps_l0"": 25.5699, ""hsf_keff"": 4, ""hsf_l0"": 18.8074, ""sparse_l"": 17.585, ""sv_l"": 18.585, ""feat_secs"": 0.001203, ""feat_secs_frame"": 0.00025, ""feat_secs_hsf"": 0.000915}"
arith,"arith:bits=6,h=6,reps=2",1,"{""bits"": 6.0, ""h"": 6.0, ""reps"": 2.0}",sv,ok,0.000804,0.0077,2572288,0.0,8192,0.0,0.0,,"{""n"": 13, ""gates"": 84, ""g2"": 48, ""g3"": 24, ""depth2"": 62, ""t_count"": 168, ""rotations"": 168, ""d"": 13, ""dense_l"": 20.0732, ""redundant"": 155, ""obs_zero"": false, ""frame_l"": 33.3923, ""chi_bits"": 6, ""mps_l"": 26.315, ""hsf_k"": 10, ""hsf_na"": 6, ""hsf_nb"": 7, ""hsf_l"": 20.2095, ""sup"": 12, ""chi_bits0"": 6, ""mps_l0"": 26.315, ""hsf_keff"": 6, ""hsf_l0"": 24.2095, ""sparse_l"": 18.3923, ""sv_l"": 19.3923, ""feat_secs"": 0.002082, ""feat_secs_frame"": 0.000366, ""feat_secs_hsf"": 0.00166}"
arith,"arith:bits=6,h=6,reps=2",1,"{""bits"": 6.0, ""h"": 6.0, ""reps"": 2.0}",sparse,ok,0.005744,0.0129,2539520,-1.301042606982605e-18,4096,0.0,1.301042606982605e-18,,"{""n"": 13, ""gates"": 84, ""g2"": 48, ""g3"": 24, ""depth2"": 62, ""t_count"": 168, ""rotations"": 168, ""d"": 13, ""dense_l"": 20.0732, ""redundant"": 155, ""obs_zero"": false, ""frame_l"": 33.3923, ""chi_bits"": 6, ""mps_l"": 26.315, ""hsf_k"": 10, ""hsf_na"": 6, ""hsf_nb"": 7, ""hsf_l"": 20.2095, ""sup"": 12, ""chi_bits0"": 6, ""mps_l0"": 26.315, ""hsf_keff"": 6, ""hsf_l0"": 24.2095, ""sparse_l"": 18.3923, ""sv_l"": 19.3923, ""feat_secs"": 0.002082, ""feat_secs_frame"": 0.000366, ""feat_secs_hsf"": 0.00166}"
arith,"arith:bits=6,h=6,reps=2",1,"{""bits"": 6.0, ""h"": 6.0, ""reps"": 2.0}",mps,ok,0.001817,0.0078,2818048,0.0,1,0.0,0.0,,"{""n"": 13, ""gates"": 84, ""g2"": 48, ""g3"": 24, ""depth2"": 62, ""t_count"": 168, ""rotations"": 168, ""d"": 13, ""dense_l"": 20.0732, ""redundant"": 155, ""obs_zero"": false, ""frame_l"": 33.3923, ""chi_bits"": 6, ""mps_l"": 26.315, ""hsf_k"": 10, ""hsf_na"": 6, ""hsf_nb"": 7, ""hsf_l"": 20.2095, ""sup"": 12, ""chi_bits0"": 6, ""mps_l0"": 26.315, ""hsf_keff"": 6, ""hsf_l0"": 24.2095, ""sparse_l"": 18.3923, ""sv_l"": 19.3923, ""feat_secs"": 0.002082, ""feat_secs_frame"": 0.000366, ""feat_secs_hsf"": 0.00166}"
arith,"arith:bits=6,h=6,reps=2",1,"{""bits"": 6.0, ""h"": 6.0, ""reps"": 2.0}",hsf,ok,0.001554,0.0077,2965504,0.0,1024,0.0,0.0,,"{""n"": 13, ""gates"": 84, ""g2"": 48, ""g3"": 24, ""depth2"": 62, ""t_count"": 168, ""rotations"": 168, ""d"": 13, ""dense_l"": 20.0732, ""redundant"": 155, ""obs_zero"": false, ""frame_l"": 33.3923, ""chi_bits"": 6, ""mps_l"": 26.315, ""hsf_k"": 10, ""hsf_na"": 6, ""hsf_nb"": 7, ""hsf_l"": 20.2095, ""sup"": 12, ""chi_bits0"": 6, ""mps_l0"": 26.315, ""hsf_keff"": 6, ""hsf_l0"": 24.2095, ""sparse_l"": 18.3923, ""sv_l"": 19.3923, ""feat_secs"": 0.002082, ""feat_secs_frame"": 0.000366, ""feat_secs_hsf"": 0.00166}"
arith,"arith:bits=6,h=6,reps=2",1,"{""bits"": 6.0, ""h"": 6.0, ""reps"": 2.0}",tableau,na,,0.0044,1802240,,,0.0,,"TooLarge { what: ""tableau (non-Clifford circuit)"", bytes: 0, limit: 0 }","{""n"": 13, ""gates"": 84, ""g2"": 48, ""g3"": 24, ""depth2"": 62, ""t_count"": 168, ""rotations"": 168, ""d"": 13, ""dense_l"": 20.0732, ""redundant"": 155, ""obs_zero"": false, ""frame_l"": 33.3923, ""chi_bits"": 6, ""mps_l"": 26.315, ""hsf_k"": 10, ""hsf_na"": 6, ""hsf_nb"": 7, ""hsf_l"": 20.2095, ""sup"": 12, ""chi_bits0"": 6, ""mps_l0"": 26.315, ""hsf_keff"": 6, ""hsf_l0"": 24.2095, ""sparse_l"": 18.3923, ""sv_l"": 19.3923, ""feat_secs"": 0.002082, ""feat_secs_frame"": 0.000366, ""feat_secs_hsf"": 0.00166}"
arith,"arith:bits=6,h=6,reps=2",1,"{""bits"": 6.0, ""h"": 6.0, ""reps"": 2.0}",frame,ok,0.003482,0.0099,3178496,-0.0,2048,0.0,0.0,switched_at=None dense_qubits=0 peak_terms=2048 term_visits=46331 dense_ops=0,"{""n"": 13, ""gates"": 84, ""g2"": 48, ""g3"": 24, ""depth2"": 62, ""t_count"": 168, ""rotations"": 168, ""d"": 13, ""dense_l"": 20.0732, ""redundant"": 155, ""obs_zero"": false, ""frame_l"": 33.3923, ""chi_bits"": 6, ""mps_l"": 26.315, ""hsf_k"": 10, ""hsf_na"": 6, ""hsf_nb"": 7, ""hsf_l"": 20.2095, ""sup"": 12, ""chi_bits0"": 6, ""mps_l0"": 26.315, ""hsf_keff"": 6, ""hsf_l0"": 24.2095, ""sparse_l"": 18.3923, ""sv_l"": 19.3923, ""feat_secs"": 0.002082, ""feat_secs_frame"": 0.000366, ""feat_secs_hsf"": 0.00166}"
arith,"arith:bits=6,h=6,reps=2",1,"{""bits"": 6.0, ""h"": 6.0, ""reps"": 2.0}",dense,ok,0.000842,0.0078,2375680,2.767680155153428e-18,13,0.0,2.767680155153428e-18,switched_at=Some(88) dense_qubits=13 peak_terms=1 term_visits=0 dense_ops=502414,"{""n"": 13, ""gates"": 84, ""g2"": 48, ""g3"": 24, ""depth2"": 62, ""t_count"": 168, ""rotations"": 168, ""d"": 13, ""dense_l"": 20.0732, ""redundant"": 155, ""obs_zero"": false, ""frame_l"": 33.3923, ""chi_bits"": 6, ""mps_l"": 26.315, ""hsf_k"": 10, ""hsf_na"": 6, ""hsf_nb"": 7, ""hsf_l"": 20.2095, ""sup"": 12, ""chi_bits0"": 6, ""mps_l0"": 26.315, ""hsf_keff"": 6, ""hsf_l0"": 24.2095, ""sparse_l"": 18.3923, ""sv_l"": 19.3923, ""feat_secs"": 0.002082, ""feat_secs_frame"": 0.000366, ""feat_secs_hsf"": 0.00166}"
arith,"arith:bits=6,h=6,reps=2",1,"{""bits"": 6.0, ""h"": 6.0, ""reps"": 2.0}",auto,ok,0.000946,0.0078,2752512,2.767680155153431e-18,13,0.0,2.767680155153431e-18,switched_at=Some(86) dense_qubits=13 peak_terms=4 term_visits=3 dense_ops=510606,"{""n"": 13, ""gates"": 84, ""g2"": 48, ""g3"": 24, ""depth2"": 62, ""t_count"": 168, ""rotations"": 168, ""d"": 13, ""dense_l"": 20.0732, ""redundant"": 155, ""obs_zero"": false, ""frame_l"": 33.3923, ""chi_bits"": 6, ""mps_l"": 26.315, ""hsf_k"": 10, ""hsf_na"": 6, ""hsf_nb"": 7, ""hsf_l"": 20.2095, ""sup"": 12, ""chi_bits0"": 6, ""mps_l0"": 26.315, ""hsf_keff"": 6, ""hsf_l0"": 24.2095, ""sparse_l"": 18.3923, ""sv_l"": 19.3923, ""feat_secs"": 0.002082, ""feat_secs_frame"": 0.000366, ""feat_secs_hsf"": 0.00166}"
arith,"arith:bits=6,h=6,reps=4",1,"{""bits"": 6.0, ""h"": 6.0, ""reps"": 4.0}",sv,ok,0.00098,0.0071,2670592,0.0,8192,0.0,0.0,,"{""n"": 13, ""gates"": 156, ""g2"": 96, ""g3"": 48, ""depth2"": 124, ""t_count"": 336, ""rotations"": 336, ""d"": 13, ""dense_l"": 21.2416, ""redundant"": 323, ""obs_zero"": false, ""frame_l"": 34.3923, ""chi_bits"": 6, ""mps_l"": 27.5667, ""hsf_k"": 20, ""hsf_na"": 6, ""hsf_nb"": 7, ""hsf_l"": 26.7814, ""sup"": 12, ""chi_bits0"": 6, ""mps_l0"": 27.5667, ""hsf_keff"": 12, ""hsf_l0"": 34.7814, ""sparse_l"": 19.2854, ""sv_l"": 20.2854, ""feat_secs"": 0.002146, ""feat_secs_frame"": 0.000668, ""feat_secs_hsf"": 0.001407}"
arith,"arith:bits=6,h=6,reps=4",1,"{""bits"": 6.0, ""h"": 6.0, ""reps"": 4.0}",sparse,ok,0.011416,0.0169,2523136,-1.301042606982605e-18,4096,0.0,1.301042606982605e-18,,"{""n"": 13, ""gates"": 156, ""g2"": 96, ""g3"": 48, ""depth2"": 124, ""t_count"": 336, ""rotations"": 336, ""d"": 13, ""dense_l"": 21.2416, ""redundant"": 323, ""obs_zero"": false, ""frame_l"": 34.3923, ""chi_bits"": 6, ""mps_l"": 27.5667, ""hsf_k"": 20, ""hsf_na"": 6, ""hsf_nb"": 7, ""hsf_l"": 26.7814, ""sup"": 12, ""chi_bits0"": 6, ""mps_l0"": 27.5667, ""hsf_keff"": 12, ""hsf_l0"": 34.7814, ""sparse_l"": 19.2854, ""sv_l"": 20.2854, ""feat_secs"": 0.002146, ""feat_secs_frame"": 0.000668, ""feat_secs_hsf"": 0.001407}"
arith,"arith:bits=6,h=6,reps=4",1,"{""bits"": 6.0, ""h"": 6.0, ""reps"": 4.0}",mps,ok,0.003409,0.0099,2867200,0.0,1,0.0,0.0,,"{""n"": 13, ""gates"": 156, ""g2"": 96, ""g3"": 48, ""depth2"": 124, ""t_count"": 336, ""rotations"": 336, ""d"": 13, ""dense_l"": 21.2416, ""redundant"": 323, ""obs_zero"": false, ""frame_l"": 34.3923, ""chi_bits"": 6, ""mps_l"": 27.5667, ""hsf_k"": 20, ""hsf_na"": 6, ""hsf_nb"": 7, ""hsf_l"": 26.7814, ""sup"": 12, ""chi_bits0"": 6, ""mps_l0"": 27.5667, ""hsf_keff"": 12, ""hsf_l0"": 34.7814, ""sparse_l"": 19.2854, ""sv_l"": 20.2854, ""feat_secs"": 0.002146, ""feat_secs_frame"": 0.000668, ""feat_secs_hsf"": 0.001407}"
arith,"arith:bits=6,h=6,reps=4",1,"{""bits"": 6.0, ""h"": 6.0, ""reps"": 4.0}",hsf,ok,0.002144,0.0078,3178496,0.0,1048576,0.0,0.0,,"{""n"": 13, ""gates"": 156, ""g2"": 96, ""g3"": 48, ""depth2"": 124, ""t_count"": 336, ""rotations"": 336, ""d"": 13, ""dense_l"": 21.2416, ""redundant"": 323, ""obs_zero"": false, ""frame_l"": 34.3923, ""chi_bits"": 6, ""mps_l"": 27.5667, ""hsf_k"": 20, ""hsf_na"": 6, ""hsf_nb"": 7, ""hsf_l"": 26.7814, ""sup"": 12, ""chi_bits0"": 6, ""mps_l0"": 27.5667, ""hsf_keff"": 12, ""hsf_l0"": 34.7814, ""sparse_l"": 19.2854, ""sv_l"": 20.2854, ""feat_secs"": 0.002146, ""feat_secs_frame"": 0.000668, ""feat_secs_hsf"": 0.001407}"
arith,"arith:bits=6,h=6,reps=4",1,"{""bits"": 6.0, ""h"": 6.0, ""reps"": 4.0}",tableau,na,,0.0046,1818624,,,0.0,,"TooLarge { what: ""tableau (non-Clifford circuit)"", bytes: 0, limit: 0 }","{""n"": 13, ""gates"": 156, ""g2"": 96, ""g3"": 48, ""depth2"": 124, ""t_count"": 336, ""rotations"": 336, ""d"": 13, ""dense_l"": 21.2416, ""redundant"": 323, ""obs_zero"": false, ""frame_l"": 34.3923, ""chi_bits"": 6, ""mps_l"": 27.5667, ""hsf_k"": 20, ""hsf_na"": 6, ""hsf_nb"": 7, ""hsf_l"": 26.7814, ""sup"": 12, ""chi_bits0"": 6, ""mps_l0"": 27.5667, ""hsf_keff"": 12, ""hsf_l0"": 34.7814, ""sparse_l"": 19.2854, ""sv_l"": 20.2854, ""feat_secs"": 0.002146, ""feat_secs_frame"": 0.000668, ""feat_secs_hsf"": 0.001407}"
arith,"arith:bits=6,h=6,reps=4",1,"{""bits"": 6.0, ""h"": 6.0, ""reps"": 4.0}",frame,ok,0.008256,0.0131,3571712,-0.0,5764,0.0,0.0,switched_at=None dense_qubits=0 peak_terms=5764 term_visits=164882 dense_ops=0,"{""n"": 13, ""gates"": 156, ""g2"": 96, ""g3"": 48, ""depth2"": 124, ""t_count"": 336, ""rotations"": 336, ""d"": 13, ""dense_l"": 21.2416, ""redundant"": 323, ""obs_zero"": false, ""frame_l"": 34.3923, ""chi_bits"": 6, ""mps_l"": 27.5667, ""hsf_k"": 20, ""hsf_na"": 6, ""hsf_nb"": 7, ""hsf_l"": 26.7814, ""sup"": 12, ""chi_bits0"": 6, ""mps_l0"": 27.5667, ""hsf_keff"": 12, ""hsf_l0"": 34.7814, ""sparse_l"": 19.2854, ""sv_l"": 20.2854, ""feat_secs"": 0.002146, ""feat_secs_frame"": 0.000668, ""feat_secs_hsf"": 0.001407}"
arith,"arith:bits=6,h=6,reps=4",1,"{""bits"": 6.0, ""h"": 6.0, ""reps"": 4.0}",dense,ok,0.001576,0.0079,2408448,7.825737399682475e-18,13,0.0,7.825737399682475e-18,switched_at=Some(144) dense_qubits=13 peak_terms=1 term_visits=0 dense_ops=952982,"{""n"": 13, ""gates"": 156, ""g2"": 96, ""g3"": 48, ""depth2"": 124, ""t_count"": 336, ""rotations"": 336, ""d"": 13, ""dense_l"": 21.2416, ""redundant"": 323, ""obs_zero"": false, ""frame_l"": 34.3923, ""chi_bits"": 6, ""mps_l"": 27.5667, ""hsf_k"": 20, ""hsf_na"": 6, ""hsf_nb"": 7, ""hsf_l"": 26.7814, ""sup"": 12, ""chi_bits0"": 6, ""mps_l0"": 27.5667, ""hsf_keff"": 12, ""hsf_l0"": 34.7814, ""sparse_l"": 19.2854, ""sv_l"": 20.2854, ""feat_secs"": 0.002146, ""feat_secs_frame"": 0.000668, ""feat_secs_hsf"": 0.001407}"
arith,"arith:bits=6,h=6,reps=4",1,"{""bits"": 6.0, ""h"": 6.0, ""reps"": 4.0}",auto,ok,0.001902,0.0079,2801664,7.825737399682484e-18,13,0.0,7.825737399682484e-18,switched_at=Some(142) dense_qubits=13 peak_terms=4 term_visits=3 dense_ops=961174,"{""n"": 13, ""gates"": 156, ""g2"": 96, ""g3"": 48, ""depth2"": 124, ""t_count"": 336, ""rotations"": 336, ""d"": 13, ""dense_l"": 21.2416, ""redundant"": 323, ""obs_zero"": false, ""frame_l"": 34.3923, ""chi_bits"": 6, ""mps_l"": 27.5667, ""hsf_k"": 20, ""hsf_na"": 6, ""hsf_nb"": 7, ""hsf_l"": 26.7814, ""sup"": 12, ""chi_bits0"": 6, ""mps_l0"": 27.5667, ""hsf_keff"": 12, ""hsf_l0"": 34.7814, ""sparse_l"": 19.2854, ""sv_l"": 20.2854, ""feat_secs"": 0.002146, ""feat_secs_frame"": 0.000668, ""feat_secs_hsf"": 0.001407}"
arith,"arith:bits=8,h=0,reps=1",1,"{""bits"": 8.0, ""h"": 0.0, ""reps"": 1.0}",sv,ok,0.003512,0.0106,4734976,-1.0,131072,-1.0,0.0,,"{""n"": 17, ""gates"": 58, ""g2"": 32, ""g3"": 16, ""depth2"": 41, ""t_count"": 112, ""rotations"": 112, ""d"": 15, ""dense_l"": 18.8129, ""redundant"": 97, ""obs_zero"": false, ""frame_l"": 36.8074, ""chi_bits"": 0, ""mps_l"": 13.6762, ""hsf_k"": 5, ""hsf_na"": 8, ""hsf_nb"": 9, ""hsf_l"": 19.2946, ""sup"": 0, ""chi_bits0"": 8, ""mps_l0"": 31.193, ""hsf_keff"": 2, ""hsf_l0"": 22.2946, ""sparse_l"": 5.858, ""sv_l"": 22.858, ""feat_secs"": 0.002797, ""feat_secs_frame"": 0.000426, ""feat_secs_hsf"": 0.002322}"
arith,"arith:bits=8,h=0,reps=1",1,"{""bits"": 8.0, ""h"": 0.0, ""reps"": 1.0}",sparse,ok,2.2e-05,0.0047,1884160,-1.0,1,-1.0,0.0,,"{""n"": 17, ""gates"": 58, ""g2"": 32, ""g3"": 16, ""depth2"": 41, ""t_count"": 112, ""rotations"": 112, ""d"": 15, ""dense_l"": 18.8129, ""redundant"": 97, ""obs_zero"": false, ""frame_l"": 36.8074, ""chi_bits"": 0, ""mps_l"": 13.6762, ""hsf_k"": 5, ""hsf_na"": 8, ""hsf_nb"": 9, ""hsf_l"": 19.2946, ""sup"": 0, ""chi_bits0"": 8, ""mps_l0"": 31.193, ""hsf_keff"": 2, ""hsf_l0"": 22.2946, ""sparse_l"": 5.858, ""sv_l"": 22.858, ""feat_secs"": 0.002797, ""feat_secs_frame"": 0.000426, ""feat_secs_hsf"": 0.002322}"
arith,"arith:bits=8,h=0,reps=1",1,"{""bits"": 8.0, ""h"": 0.0, ""reps"": 1.0}",mps,ok,0.000818,0.0078,2342912,-1.0,1,-1.0,0.0,,"{""n"": 17, ""gates"": 58, ""g2"": 32, ""g3"": 16, ""depth2"": 41, ""t_count"": 112, ""rotations"": 112, ""d"": 15, ""dense_l"": 18.8129, ""redundant"": 97, ""obs_zero"": false, ""frame_l"": 36.8074, ""chi_bits"": 0, ""mps_l"": 13.6762, ""hsf_k"": 5, ""hsf_na"": 8, ""hsf_nb"": 9, ""hsf_l"": 19.2946, ""sup"": 0, ""chi_bits0"": 8, ""mps_l0"": 31.193, ""hsf_keff"": 2, ""hsf_l0"": 22.2946, ""sparse_l"": 5.858, ""sv_l"": 22.858, ""feat_secs"": 0.002797, ""feat_secs_frame"": 0.000426, ""feat_secs_hsf"": 0.002322}"
arith,"arith:bits=8,h=0,reps=1",1,"{""bits"": 8.0, ""h"": 0.0, ""reps"": 1.0}",hsf,ok,0.00294,0.0079,5095424,-1.0,32,-1.0,0.0,,"{""n"": 17, ""gates"": 58, ""g2"": 32, ""g3"": 16, ""depth2"": 41, ""t_count"": 112, ""rotations"": 112, ""d"": 15, ""dense_l"": 18.8129, ""redundant"": 97, ""obs_zero"": false, ""frame_l"": 36.8074, ""chi_bits"": 0, ""mps_l"": 13.6762, ""hsf_k"": 5, ""hsf_na"": 8, ""hsf_nb"": 9, ""hsf_l"": 19.2946, ""sup"": 0, ""chi_bits0"": 8, ""mps_l0"": 31.193, ""hsf_keff"": 2, ""hsf_l0"": 22.2946, ""sparse_l"": 5.858, ""sv_l"": 22.858, ""feat_secs"": 0.002797, ""feat_secs_frame"": 0.000426, ""feat_secs_hsf"": 0.002322}"
arith,"arith:bits=8,h=0,reps=1",1,"{""bits"": 8.0, ""h"": 0.0, ""reps"": 1.0}",tableau,na,,0.0050,1818624,,,-1.0,,"TooLarge { what: ""tableau (non-Clifford circuit)"", bytes: 0, limit: 0 }","{""n"": 17, ""gates"": 58, ""g2"": 32, ""g3"": 16, ""depth2"": 41, ""t_count"": 112, ""rotations"": 112, ""d"": 15, ""dense_l"": 18.8129, ""redundant"": 97, ""obs_zero"": false, ""frame_l"": 36.8074, ""chi_bits"": 0, ""mps_l"": 13.6762, ""hsf_k"": 5, ""hsf_na"": 8, ""hsf_nb"": 9, ""hsf_l"": 19.2946, ""sup"": 0, ""chi_bits0"": 8, ""mps_l0"": 31.193, ""hsf_keff"": 2, ""hsf_l0"": 22.2946, ""sparse_l"": 5.858, ""sv_l"": 22.858, ""feat_secs"": 0.002797, ""feat_secs_frame"": 0.000426, ""feat_secs_hsf"": 0.002322}"
arith,"arith:bits=8,h=0,reps=1",1,"{""bits"": 8.0, ""h"": 0.0, ""reps"": 1.0}",frame,ok,0.001238,0.0069,2605056,-1.0,4,-1.0,0.0,switched_at=None dense_qubits=0 peak_terms=4 term_visits=125 dense_ops=0,"{""n"": 17, ""gates"": 58, ""g2"": 32, ""g3"": 16, ""depth2"": 41, ""t_count"": 112, ""rotations"": 112, ""d"": 15, ""dense_l"": 18.8129, ""redundant"": 97, ""obs_zero"": false, ""frame_l"": 36.8074, ""chi_bits"": 0, ""mps_l"": 13.6762, ""hsf_k"": 5, ""hsf_na"": 8, ""hsf_nb"": 9, ""hsf_l"": 19.2946, ""sup"": 0, ""chi_bits0"": 8, ""mps_l0"": 31.193, ""hsf_keff"": 2, ""hsf_l0"": 22.2946, ""sparse_l"": 5.858, ""sv_l"": 22.858, ""feat_secs"": 0.002797, ""feat_secs_frame"": 0.000426, ""feat_secs_hsf"": 0.002322}"
arith,"arith:bits=8,h=0,reps=1",1,"{""bits"": 8.0, ""h"": 0.0, ""reps"": 1.0}",dense,ok,0.000952,0.0082,3129344,-0.9999999999999984,15,-1.0,1.5543122344752192e-15,switched_at=Some(84) dense_qubits=15 peak_terms=1 term_visits=0 dense_ops=296434,"{""n"": 17, ""gates"": 58, ""g2"": 32, ""g3"": 16, ""depth2"": 41, ""t_count"": 112, ""rotations"": 112, ""d"": 15, ""dense_l"": 18.8129, ""redundant"": 97, ""obs_zero"": false, ""frame_l"": 36.8074, ""chi_bits"": 0, ""mps_l"": 13.6762, ""hsf_k"": 5, ""hsf_na"": 8, ""hsf_nb"": 9, ""hsf_l"": 19.2946, ""sup"": 0, ""chi_bits0"": 8, ""mps_l0"": 31.193, ""hsf_keff"": 2, ""hsf_l0"": 22.2946, ""sparse_l"": 5.858, ""sv_l"": 22.858, ""feat_secs"": 0.002797, ""feat_secs_frame"": 0.000426, ""feat_secs_hsf"": 0.002322}"
arith,"arith:bits=8,h=0,reps=1",1,"{""bits"": 8.0, ""h"": 0.0, ""reps"": 1.0}",auto,ok,0.00155,0.0081,2654208,-0.9999999999999987,5,-1.0,1.3322676295501878e-15,switched_at=Some(35) dense_qubits=5 peak_terms=4 term_visits=81 dense_ops=466,"{""n"": 17, ""gates"": 58, ""g2"": 32, ""g3"": 16, ""depth2"": 41, ""t_count"": 112, ""rotations"": 112, ""d"": 15, ""dense_l"": 18.8129, ""redundant"": 97, ""obs_zero"": false, ""frame_l"": 36.8074, ""chi_bits"": 0, ""mps_l"": 13.6762, ""hsf_k"": 5, ""hsf_na"": 8, ""hsf_nb"": 9, ""hsf_l"": 19.2946, ""sup"": 0, ""chi_bits0"": 8, ""mps_l0"": 31.193, ""hsf_keff"": 2, ""hsf_l0"": 22.2946, ""sparse_l"": 5.858, ""sv_l"": 22.858, ""feat_secs"": 0.002797, ""feat_secs_frame"": 0.000426, ""feat_secs_hsf"": 0.002322}"
arith,"arith:bits=8,h=0,reps=2",1,"{""bits"": 8.0, ""h"": 0.0, ""reps"": 2.0}",sv,ok,0.005608,0.0105,4816896,-1.0,131072,-1.0,0.0,,"{""n"": 17, ""gates"": 106, ""g2"": 64, ""g3"": 32, ""depth2"": 82, ""t_count"": 224, ""rotations"": 224, ""d"": 15, ""dense_l"": 21.9779, ""redundant"": 209, ""obs_zero"": false, ""frame_l"": 37.8074, ""chi_bits"": 0, ""mps_l"": 14.198, ""hsf_k"": 10, ""hsf_na"": 8, ""hsf_nb"": 9, ""hsf_l"": 21.4998, ""sup"": 0, ""chi_bits0"": 8, ""mps_l0"": 32.1003, ""hsf_keff"": 4, ""hsf_l0"": 27.4998, ""sparse_l"": 6.7279, ""sv_l"": 23.7279, ""feat_secs"": 0.003664, ""feat_secs_frame"": 0.000533, ""feat_secs_hsf"": 0.00308}"
arith,"arith:bits=8,h=0,reps=2",1,"{""bits"": 8.0, ""h"": 0.0, ""reps"": 2.0}",sparse,ok,7.7e-05,0.0049,1884160,-1.0,1,-1.0,0.0,,"{""n"": 17, ""gates"": 106, ""g2"": 64, ""g3"": 32, ""depth2"": 82, ""t_count"": 224, ""rotations"": 224, ""d"": 15, ""dense_l"": 21.9779, ""redundant"": 209, ""obs_zero"": false, ""frame_l"": 37.8074, ""chi_bits"": 0, ""mps_l"": 14.198, ""hsf_k"": 10, ""hsf_na"": 8, ""hsf_nb"": 9, ""hsf_l"": 21.4998, ""sup"": 0, ""chi_bits0"": 8, ""mps_l0"": 32.1003, ""hsf_keff"": 4, ""hsf_l0"": 27.4998, ""sparse_l"": 6.7279, ""sv_l"": 23.7279, ""feat_secs"": 0.003664, ""feat_secs_frame"": 0.000533, ""feat_secs_hsf"": 0.00308}"
arith,"arith:bits=8,h=0,reps=2",1,"{""bits"": 8.0, ""h"": 0.0, ""reps"": 2.0}",mps,ok,0.001302,0.0073,2342912,-1.0,1,-1.0,0.0,,"{""n"": 17, ""gates"": 106, ""g2"": 64, ""g3"": 32, ""depth2"": 82, ""t_count"": 224, ""rotations"": 224, ""d"": 15, ""dense_l"": 21.9779, ""redundant"": 209, ""obs_zero"": false, ""frame_l"": 37.8074, ""chi_bits"": 0, ""mps_l"": 14.198, ""hsf_k"": 10, ""hsf_na"": 8, ""hsf_nb"": 9, ""hsf_l"": 21.4998, ""sup"": 0, ""chi_bits0"": 8, ""mps_l0"": 32.1003, ""hsf_keff"": 4, ""hsf_l0"": 27.4998, ""sparse_l"": 6.7279, ""sv_l"": 23.7279, ""feat_secs"": 0.003664, ""feat_secs_frame"": 0.000533, ""feat_secs_hsf"": 0.00308}"
arith,"arith:bits=8,h=0,reps=2",1,"{""bits"": 8.0, ""h"": 0.0, ""reps"": 2.0}",hsf,ok,0.00466,0.0098,5586944,-1.0,1024,-1.0,0.0,,"{""n"": 17, ""gates"": 106, ""g2"": 64, ""g3"": 32, ""depth2"": 82, ""t_count"": 224, ""rotations"": 224, ""d"": 15, ""dense_l"": 21.9779, ""redundant"": 209, ""obs_zero"": false, ""frame_l"": 37.8074, ""chi_bits"": 0, ""mps_l"": 14.198, ""hsf_k"": 10, ""hsf_na"": 8, ""hsf_nb"": 9, ""hsf_l"": 21.4998, ""sup"": 0, ""chi_bits0"": 8, ""mps_l0"": 32.1003, ""hsf_keff"": 4, ""hsf_l0"": 27.4998, ""sparse_l"": 6.7279, ""sv_l"": 23.7279, ""feat_secs"": 0.003664, ""feat_secs_frame"": 0.000533, ""feat_secs_hsf"": 0.00308}"
arith,"arith:bits=8,h=0,reps=2",1,"{""bits"": 8.0, ""h"": 0.0, ""reps"": 2.0}",tableau,na,,0.0050,1818624,,,-1.0,,"TooLarge { what: ""tableau (non-Clifford circuit)"", bytes: 0, limit: 0 }","{""n"": 17, ""gates"": 106, ""g2"": 64, ""g3"": 32, ""depth2"": 82, ""t_count"": 224, ""rotations"": 224, ""d"": 15, ""dense_l"": 21.9779, ""redundant"": 209, ""obs_zero"": false, ""frame_l"": 37.8074, ""chi_bits"": 0, ""mps_l"": 14.198, ""hsf_k"": 10, ""hsf_na"": 8, ""hsf_nb"": 9, ""hsf_l"": 21.4998, ""sup"": 0, ""chi_bits0"": 8, ""mps_l0"": 32.1003, ""hsf_keff"": 4, ""hsf_l0"": 27.4998, ""sparse_l"": 6.7279, ""sv_l"": 23.7279, ""feat_secs"": 0.003664, ""feat_secs_frame"": 0.000533, ""feat_secs_hsf"": 0.00308}"
arith,"arith:bits=8,h=0,reps=2",1,"{""bits"": 8.0, ""h"": 0.0, ""reps"": 2.0}",frame,ok,0.007861,0.0156,4079616,-0.9999999999999997,8192,-1.0,3.3306690738754696e-16,switched_at=None dense_qubits=0 peak_terms=8192 term_visits=164151 dense_ops=0,"{""n"": 17, ""gates"": 106, ""g2"": 64, ""g3"": 32, ""depth2"": 82, ""t_count"": 224, ""rotations"": 224, ""d"": 15, ""dense_l"": 21.9779, ""redundant"": 209, ""obs_zero"": false, ""frame_l"": 37.8074, ""chi_bits"": 0, ""mps_l"": 14.198, ""hsf_k"": 10, ""hsf_na"": 8, ""hsf_nb"": 9, ""hsf_l"": 21.4998, ""sup"": 0, ""chi_bits0"": 8, ""mps_l0"": 32.1003, ""hsf_keff"": 4, ""hsf_l0"": 27.4998, ""sparse_l"": 6.7279, ""sv_l"": 23.7279, ""feat_secs"": 0.003664, ""feat_secs_frame"": 0.000533, ""feat_secs_hsf"": 0.00308}"
arith,"arith:bits=8,h=0,reps=2",1,"{""bits"": 8.0, ""h"": 0.0, ""reps"": 2.0}",dense,ok,0.00381,0.0106,3244032,-0.9999999999999984,15,-1.0,1.5543122344752192e-15,switched_at=Some(122) dense_qubits=15 peak_terms=1 term_visits=0 dense_ops=2032882,"{""n"": 17, ""gates"": 106, ""g2"": 64, ""g3"": 32, ""depth2"": 82, ""t_count"": 224, ""rotations"": 224, ""d"": 15, ""dense_l"": 21.9779, ""redundant"": 209, ""obs_zero"": false, ""frame_l"": 37.8074, ""chi_bits"": 0, ""mps_l"": 14.198, ""hsf_k"": 10, ""hsf_na"": 8, ""hsf_nb"": 9, ""hsf_l"": 21.4998, ""sup"": 0, ""chi_bits0"": 8, ""mps_l0"": 32.1003, ""hsf_keff"": 4, ""hsf_l0"": 27.4998, ""sparse_l"": 6.7279, ""sv_l"": 23.7279, ""feat_secs"": 0.003664, ""feat_secs_frame"": 0.000533, ""feat_secs_hsf"": 0.00308}"
arith,"arith:bits=8,h=0,reps=2",1,"{""bits"": 8.0, ""h"": 0.0, ""reps"": 2.0}",auto,ok,0.004094,0.0108,3309568,-0.9999999999999984,15,-1.0,1.5543122344752192e-15,switched_at=Some(116) dense_qubits=15 peak_terms=4 term_visits=9 dense_ops=1934578,"{""n"": 17, ""gates"": 106, ""g2"": 64, ""g3"": 32, ""depth2"": 82, ""t_count"": 224, ""rotations"": 224, ""d"": 15, ""dense_l"": 21.9779, ""redundant"": 209, ""obs_zero"": false, ""frame_l"": 37.8074, ""chi_bits"": 0, ""mps_l"": 14.198, ""hsf_k"": 10, ""hsf_na"": 8, ""hsf_nb"": 9, ""hsf_l"": 21.4998, ""sup"": 0, ""chi_bits0"": 8, ""mps_l0"": 32.1003, ""hsf_keff"": 4, ""hsf_l0"": 27.4998, ""sparse_l"": 6.7279, ""sv_l"": 23.7279, ""feat_secs"": 0.003664, ""feat_secs_frame"": 0.000533, ""feat_secs_hsf"": 0.00308}"
arith,"arith:bits=8,h=0,reps=4",1,"{""bits"": 8.0, ""h"": 0.0, ""reps"": 4.0}",sv,ok,0.010499,0.0161,4980736,1.0,131072,1.0,0.0,,"{""n"": 17, ""gates"": 202, ""g2"": 128, ""g3"": 64, ""depth2"": 164, ""t_count"": 448, ""rotations"": 448, ""d"": 15, ""dense_l"": 23.4514, ""redundant"": 433, ""obs_zero"": false, ""frame_l"": 38.8074, ""chi_bits"": 0, ""mps_l"": 15.1976, ""hsf_k"": 20, ""hsf_na"": 8, ""hsf_nb"": 9, ""hsf_l"": 25.8392, ""sup"": 0, ""chi_bits0"": 8, ""mps_l0"": 33.4789, ""hsf_keff"": 8, ""hsf_l0"": 37.8392, ""sparse_l"": 7.6582, ""sv_l"": 24.6582, ""feat_secs"": 0.004449, ""feat_secs_frame"": 0.001046, ""feat_secs_hsf"": 0.003317}"
arith,"arith:bits=8,h=0,reps=4",1,"{""bits"": 8.0, ""h"": 0.0, ""reps"": 4.0}",sparse,ok,3.1e-05,0.0072,1916928,1.0,1,1.0,0.0,,"{""n"": 17, ""gates"": 202, ""g2"": 128, ""g3"": 64, ""depth2"": 164, ""t_count"": 448, ""rotations"": 448, ""d"": 15, ""dense_l"": 23.4514, ""redundant"": 433, ""obs_zero"": false, ""frame_l"": 38.8074, ""chi_bits"": 0, ""mps_l"": 15.1976, ""hsf_k"": 20, ""hsf_na"": 8, ""hsf_nb"": 9, ""hsf_l"": 25.8392, ""sup"": 0, ""chi_bits0"": 8, ""mps_l0"": 33.4789, ""hsf_keff"": 8, ""hsf_l0"": 37.8392, ""sparse_l"": 7.6582, ""sv_l"": 24.6582, ""feat_secs"": 0.004449, ""feat_secs_frame"": 0.001046, ""feat_secs_hsf"": 0.003317}"
arith,"arith:bits=8,h=0,reps=4",1,"{""bits"": 8.0, ""h"": 0.0, ""reps"": 4.0}",mps,ok,0.002813,0.0076,2342912,1.0,1,1.0,0.0,,"{""n"": 17, ""gates"": 202, ""g2"": 128, ""g3"": 64, ""depth2"": 164, ""t_count"": 448, ""rotations"": 448, ""d"": 15, ""dense_l"": 23.4514, ""redundant"": 433, ""obs_zero"": false, ""frame_l"": 38.8074, ""chi_bits"": 0, ""mps_l"": 15.1976, ""hsf_k"": 20, ""hsf_na"": 8, ""hsf_nb"": 9, ""hsf_l"": 25.8392, ""sup"": 0, ""chi_bits0"": 8, ""mps_l0"": 33.4789, ""hsf_keff"": 8, ""hsf_l0"": 37.8392, ""sparse_l"": 7.6582, ""sv_l"": 24.6582, ""feat_secs"": 0.004449, ""feat_secs_frame"": 0.001046, ""feat_secs_hsf"": 0.003317}"
arith,"arith:bits=8,h=0,reps=4",1,"{""bits"": 8.0, ""h"": 0.0, ""reps"": 4.0}",hsf,ok,0.004659,0.0105,5750784,1.0,1048576,1.0,0.0,,"{""n"": 17, ""gates"": 202, ""g2"": 128, ""g3"": 64, ""depth2"": 164, ""t_count"": 448, ""rotations"": 448, ""d"": 15, ""dense_l"": 23.4514, ""redundant"": 433, ""obs_zero"": false, ""frame_l"": 38.8074, ""chi_bits"": 0, ""mps_l"": 15.1976, ""hsf_k"": 20, ""hsf_na"": 8, ""hsf_nb"": 9, ""hsf_l"": 25.8392, ""sup"": 0, ""chi_bits0"": 8, ""mps_l0"": 33.4789, ""hsf_keff"": 8, ""hsf_l0"": 37.8392, ""sparse_l"": 7.6582, ""sv_l"": 24.6582, ""feat_secs"": 0.004449, ""feat_secs_frame"": 0.001046, ""feat_secs_hsf"": 0.003317}"
arith,"arith:bits=8,h=0,reps=4",1,"{""bits"": 8.0, ""h"": 0.0, ""reps"": 4.0}",tableau,na,,0.0047,1835008,,,1.0,,"TooLarge { what: ""tableau (non-Clifford circuit)"", bytes: 0, limit: 0 }","{""n"": 17, ""gates"": 202, ""g2"": 128, ""g3"": 64, ""depth2"": 164, ""t_count"": 448, ""rotations"": 448, ""d"": 15, ""dense_l"": 23.4514, ""redundant"": 433, ""obs_zero"": false, ""frame_l"": 38.8074, ""chi_bits"": 0, ""mps_l"": 15.1976, ""hsf_k"": 20, ""hsf_na"": 8, ""hsf_nb"": 9, ""hsf_l"": 25.8392, ""sup"": 0, ""chi_bits0"": 8, ""mps_l0"": 33.4789, ""hsf_keff"": 8, ""hsf_l0"": 37.8392, ""sparse_l"": 7.6582, ""sv_l"": 24.6582, ""feat_secs"": 0.004449, ""feat_secs_frame"": 0.001046, ""feat_secs_hsf"": 0.003317}"
arith,"arith:bits=8,h=0,reps=4",1,"{""bits"": 8.0, ""h"": 0.0, ""reps"": 4.0}",frame,ok,0.031084,0.0366,9715712,0.9999999999999998,46912,1.0,2.220446049250313e-16,switched_at=None dense_qubits=0 peak_terms=46912 term_visits=1041098 dense_ops=0,"{""n"": 17, ""gates"": 202, ""g2"": 128, ""g3"": 64, ""depth2"": 164, ""t_count"": 448, ""rotations"": 448, ""d"": 15, ""dense_l"": 23.4514, ""redundant"": 433, ""obs_zero"": false, ""frame_l"": 38.8074, ""chi_bits"": 0, ""mps_l"": 15.1976, ""hsf_k"": 20, ""hsf_na"": 8, ""hsf_nb"": 9, ""hsf_l"": 25.8392, ""sup"": 0, ""chi_bits0"": 8, ""mps_l0"": 33.4789, ""hsf_keff"": 8, ""hsf_l0"": 37.8392, ""sparse_l"": 7.6582, ""sv_l"": 24.6582, ""feat_secs"": 0.004449, ""feat_secs_frame"": 0.001046, ""feat_secs_hsf"": 0.003317}"
arith,"arith:bits=8,h=0,reps=4",1,"{""bits"": 8.0, ""h"": 0.0, ""reps"": 4.0}",dense,ok,0.009912,0.0151,3358720,0.9999999999999984,15,1.0,1.5543122344752192e-15,switched_at=Some(202) dense_qubits=15 peak_terms=1 term_visits=0 dense_ops=4654068,"{""n"": 17, ""gates"": 202, ""g2"": 128, ""g3"": 64, ""depth2"": 164, ""t_count"": 448, ""rotations"": 448, ""d"": 15, ""dense_l"": 23.4514, ""redundant"": 433, ""obs_zero"": false, ""frame_l"": 38.8074, ""chi_bits"": 0, ""mps_l"": 15.1976, ""hsf_k"": 20, ""hsf_na"": 8, ""hsf_nb"": 9, ""hsf_l"": 25.8392, ""sup"": 0, ""chi_bits0"": 8, ""mps_l0"": 33.4789, ""hsf_keff"": 8, ""hsf_l0"": 37.8392, ""sparse_l"": 7.6582, ""sv_l"": 24.6582, ""feat_secs"": 0.004449, ""feat_secs_frame"": 0.001046, ""feat_secs_hsf"": 0.003317}"
arith,"arith:bits=8,h=0,reps=4",1,"{""bits"": 8.0, ""h"": 0.0, ""reps"": 4.0}",auto,ok,0.008643,0.0144,3440640,0.9999999999999984,15,1.0,1.5543122344752192e-15,switched_at=Some(196) dense_qubits=15 peak_terms=4 term_visits=9 dense_ops=4555764,"{""n"": 17, ""gates"": 202, ""g2"": 128, ""g3"": 64, ""depth2"": 164, ""t_count"": 448, ""rotations"": 448, ""d"": 15, ""dense_l"": 23.4514, ""redundant"": 433, ""obs_zero"": false, ""frame_l"": 38.8074, ""chi_bits"": 0, ""mps_l"": 15.1976, ""hsf_k"": 20, ""hsf_na"": 8, ""hsf_nb"": 9, ""hsf_l"": 25.8392, ""sup"": 0, ""chi_bits0"": 8, ""mps_l0"": 33.4789, ""hsf_keff"": 8, ""hsf_l0"": 37.8392, ""sparse_l"": 7.6582, ""sv_l"": 24.6582, ""feat_secs"": 0.004449, ""feat_secs_frame"": 0.001046, ""feat_secs_hsf"": 0.003317}"
arith,"arith:bits=8,h=1,reps=1",1,"{""bits"": 8.0, ""h"": 1.0, ""reps"": 1.0}",sv,ok,0.003604,0.0105,4751360,-0.5000000000000002,131072,-0.5000000000000002,0.0,,"{""n"": 17, ""gates"": 58, ""g2"": 32, ""g3"": 16, ""depth2"": 41, ""t_count"": 112, ""rotations"": 112, ""d"": 17, ""dense_l"": 20.8129, ""redundant"": 95, ""obs_zero"": false, ""frame_l"": 40.8074, ""chi_bits"": 2, ""mps_l"": 19.2537, ""hsf_k"": 5, ""hsf_na"": 8, ""hsf_nb"": 9, ""hsf_l"": 19.2946, ""sup"": 2, ""chi_bits0"": 8, ""mps_l0"": 31.193, ""hsf_keff"": 2, ""hsf_l0"": 22.2946, ""sparse_l"": 7.858, ""sv_l"": 22.858, ""feat_secs"": 0.002557, ""feat_secs_frame"": 0.000263, ""feat_secs_hsf"": 0.00226}"
arith,"arith:bits=8,h=1,reps=1",1,"{""bits"": 8.0, ""h"": 1.0, ""reps"": 1.0}",sparse,ok,2.3e-05,0.0045,1900544,-0.5000000000000002,4,-0.5000000000000002,0.0,,"{""n"": 17, ""gates"": 58, ""g2"": 32, ""g3"": 16, ""depth2"": 41, ""t_count"": 112, ""rotations"": 112, ""d"": 17, ""dense_l"": 20.8129, ""redundant"": 95, ""obs_zero"": false, ""frame_l"": 40.8074, ""chi_bits"": 2, ""mps_l"": 19.2537, ""hsf_k"": 5, ""hsf_na"": 8, ""hsf_nb"": 9, ""hsf_l"": 19.2946, ""sup"": 2, ""chi_bits0"": 8, ""mps_l0"": 31.193, ""hsf_keff"": 2, ""hsf_l0"": 22.2946, ""sparse_l"": 7.858, ""sv_l"": 22.858, ""feat_secs"": 0.002557, ""feat_secs_frame"": 0.000263, ""feat_secs_hsf"": 0.00226}"
arith,"arith:bits=8,h=1,reps=1",1,"{""bits"": 8.0, ""h"": 1.0, ""reps"": 1.0}",mps,ok,0.00097,0.0062,2703360,-0.500000000000003,2,-0.5000000000000002,2.7755575615628914e-15,,"{""n"": 17, ""gates"": 58, ""g2"": 32, ""g3"": 16, ""depth2"": 41, ""t_count"": 112, ""rotations"": 112, ""d"": 17, ""dense_l"": 20.8129, ""redundant"": 95, ""obs_zero"": false, ""frame_l"": 40.8074, ""chi_bits"": 2, ""mps_l"": 19.2537, ""hsf_k"": 5, ""hsf_na"": 8, ""hsf_nb"": 9, ""hsf_l"": 19.2946, ""sup"": 2, ""chi_bits0"": 8, ""mps_l0"": 31.193, ""hsf_keff"": 2, ""hsf_l0"": 22.2946, ""sparse_l"": 7.858, ""sv_l"": 22.858, ""feat_secs"": 0.002557, ""feat_secs_frame"": 0.000263, ""feat_secs_hsf"": 0.00226}"
arith,"arith:bits=8,h=1,reps=1",1,"{""bits"": 8.0, ""h"": 1.0, ""reps"": 1.0}",hsf,ok,0.003066,0.0102,5095424,-0.5000000000000002,32,-0.5000000000000002,0.0,,"{""n"": 17, ""gates"": 58, ""g2"": 32, ""g3"": 16, ""depth2"": 41, ""t_count"": 112, ""rotations"": 112, ""d"": 17, ""dense_l"": 20.8129, ""redundant"": 95, ""obs_zero"": false, ""frame_l"": 40.8074, ""chi_bits"": 2, ""mps_l"": 19.2537, ""hsf_k"": 5, ""hsf_na"": 8, ""hsf_nb"": 9, ""hsf_l"": 19.2946, ""sup"": 2, ""chi_bits0"": 8, ""mps_l0"": 31.193, ""hsf_keff"": 2, ""hsf_l0"": 22.2946, ""sparse_l"": 7.858, ""sv_l"": 22.858, ""feat_secs"": 0.002557, ""feat_secs_frame"": 0.000263, ""feat_secs_hsf"": 0.00226}"
arith,"arith:bits=8,h=1,reps=1",1,"{""bits"": 8.0, ""h"": 1.0, ""reps"": 1.0}",tableau,na,,0.0044,1818624,,,-0.5000000000000002,,"TooLarge { what: ""tableau (non-Clifford circuit)"", bytes: 0, limit: 0 }","{""n"": 17, ""gates"": 58, ""g2"": 32, ""g3"": 16, ""depth2"": 41, ""t_count"": 112, ""rotations"": 112, ""d"": 17, ""dense_l"": 20.8129, ""redundant"": 95, ""obs_zero"": false, ""frame_l"": 40.8074, ""chi_bits"": 2, ""mps_l"": 19.2537, ""hsf_k"": 5, ""hsf_na"": 8, ""hsf_nb"": 9, ""hsf_l"": 19.2946, ""sup"": 2, ""chi_bits0"": 8, ""mps_l0"": 31.193, ""hsf_keff"": 2, ""hsf_l0"": 22.2946, ""sparse_l"": 7.858, ""sv_l"": 22.858, ""feat_secs"": 0.002557, ""feat_secs_frame"": 0.000263, ""feat_secs_hsf"": 0.00226}"
arith,"arith:bits=8,h=1,reps=1",1,"{""bits"": 8.0, ""h"": 1.0, ""reps"": 1.0}",frame,ok,0.002918,0.0078,2621440,-0.5,16,-0.5000000000000002,2.220446049250313e-16,switched_at=None dense_qubits=0 peak_terms=16 term_visits=450 dense_ops=0,"{""n"": 17, ""gates"": 58, ""g2"": 32, ""g3"": 16, ""depth2"": 41, ""t_count"": 112, ""rotations"": 112, ""d"": 17, ""dense_l"": 20.8129, ""redundant"": 95, ""obs_zero"": false, ""frame_l"": 40.8074, ""chi_bits"": 2, ""mps_l"": 19.2537, ""hsf_k"": 5, ""hsf_na"": 8, ""hsf_nb"": 9, ""hsf_l"": 19.2946, ""sup"": 2, ""chi_bits0"": 8, ""mps_l0"": 31.193, ""hsf_keff"": 2, ""hsf_l0"": 22.2946, ""sparse_l"": 7.858, ""sv_l"": 22.858, ""feat_secs"": 0.002557, ""feat_secs_frame"": 0.000263, ""feat_secs_hsf"": 0.00226}"
arith,"arith:bits=8,h=1,reps=1",1,"{""bits"": 8.0, ""h"": 1.0, ""reps"": 1.0}",dense,ok,0.002277,0.0075,4734976,-0.4999999999999993,17,-0.5000000000000002,9.43689570931383e-16,switched_at=Some(84) dense_qubits=17 peak_terms=1 term_visits=0 dense_ops=1185726,"{""n"": 17, ""gates"": 58, ""g2"": 32, ""g3"": 16, ""depth2"": 41, ""t_count"": 112, ""rotations"": 112, ""d"": 17, ""dense_l"": 20.8129, ""redundant"": 95, ""obs_zero"": false, ""frame_l"": 40.8074, ""chi_bits"": 2, ""mps_l"": 19.2537, ""hsf_k"": 5, ""hsf_na"": 8, ""hsf_nb"": 9, ""hsf_l"": 19.2946, ""sup"": 2, ""chi_bits0"": 8, ""mps_l0"": 31.193, ""hsf_keff"": 2, ""hsf_l0"": 22.2946, ""sparse_l"": 7.858, ""sv_l"": 22.858, ""feat_secs"": 0.002557, ""feat_secs_frame"": 0.000263, ""feat_secs_hsf"": 0.00226}"
arith,"arith:bits=8,h=1,reps=1",1,"{""bits"": 8.0, ""h"": 1.0, ""reps"": 1.0}",auto,ok,0.000812,0.0062,2719744,-0.4999999999999998,10,-0.5000000000000002,4.440892098500626e-16,switched_at=Some(56) dense_qubits=10 peak_terms=16 term_visits=231 dense_ops=18366,"{""n"": 17, ""gates"": 58, ""g2"": 32, ""g3"": 16, ""depth2"": 41, ""t_count"": 112, ""rotations"": 112, ""d"": 17, ""dense_l"": 20.8129, ""redundant"": 95, ""obs_zero"": false, ""frame_l"": 40.8074, ""chi_bits"": 2, ""mps_l"": 19.2537, ""hsf_k"": 5, ""hsf_na"": 8, ""hsf_nb"": 9, ""hsf_l"": 19.2946, ""sup"": 2, ""chi_bits0"": 8, ""mps_l0"": 31.193, ""hsf_keff"": 2, ""hsf_l0"": 22.2946, ""sparse_l"": 7.858, ""sv_l"": 22.858, ""feat_secs"": 0.002557, ""feat_secs_frame"": 0.000263, ""feat_secs_hsf"": 0.00226}"
arith,"arith:bits=8,h=1,reps=2",1,"{""bits"": 8.0, ""h"": 1.0, ""reps"": 2.0}",sv,ok,0.005724,0.0102,4816896,-0.5000000000000002,131072,-0.5000000000000002,0.0,,"{""n"": 17, ""gates"": 106, ""g2"": 64, ""g3"": 32, ""depth2"": 82, ""t_count"": 224, ""rotations"": 224, ""d"": 17, ""dense_l"": 23.9779, ""redundant"": 207, ""obs_zero"": false, ""frame_l"": 41.8074, ""chi_bits"": 2, ""mps_l"": 19.7595, ""hsf_k"": 10, ""hsf_na"": 8, ""hsf_nb"": 9, ""hsf_l"": 21.4998, ""sup"": 2, ""chi_bits0"": 8, ""mps_l0"": 32.1003, ""hsf_keff"": 4, ""hsf_l0"": 27.4998, ""sparse_l"": 8.7279, ""sv_l"": 23.7279, ""feat_secs"": 0.003603, ""feat_secs_frame"": 0.000503, ""feat_secs_hsf"": 0.003048}"
arith,"arith:bits=8,h=1,reps=2",1,"{""bits"": 8.0, ""h"": 1.0, ""reps"": 2.0}",sparse,ok,2.8e-05,0.0068,1884160,-0.5000000000000002,4,-0.5000000000000002,0.0,,"{""n"": 17, ""gates"": 106, ""g2"": 64, ""g3"": 32, ""depth2"": 82, ""t_count"": 224, ""rotations"": 224, ""d"": 17, ""dense_l"": 23.9779, ""redundant"": 207, ""obs_zero"": false, ""frame_l"": 41.8074, ""chi_bits"": 2, ""mps_l"": 19.7595, ""hsf_k"": 10, ""hsf_na"": 8, ""hsf_nb"": 9, ""hsf_l"": 21.4998, ""sup"": 2, ""chi_bits0"": 8, ""mps_l0"": 32.1003, ""hsf_keff"": 4, ""hsf_l0"": 27.4998, ""sparse_l"": 8.7279, ""sv_l"": 23.7279, ""feat_secs"": 0.003603, ""feat_secs_frame"": 0.000503, ""feat_secs_hsf"": 0.003048}"
arith,"arith:bits=8,h=1,reps=2",1,"{""bits"": 8.0, ""h"": 1.0, ""reps"": 2.0}",mps,ok,0.001504,0.0076,2670592,-0.4999999999999975,3,-0.5000000000000002,2.7200464103316335e-15,,"{""n"": 17, ""gates"": 106, ""g2"": 64, ""g3"": 32, ""depth2"": 82, ""t_count"": 224, ""rotations"": 224, ""d"": 17, ""dense_l"": 23.9779, ""redundant"": 207, ""obs_zero"": false, ""frame_l"": 41.8074, ""chi_bits"": 2, ""mps_l"": 19.7595, ""hsf_k"": 10, ""hsf_na"": 8, ""hsf_nb"": 9, ""hsf_l"": 21.4998, ""sup"": 2, ""chi_bits0"": 8, ""mps_l0"": 32.1003, ""hsf_keff"": 4, ""hsf_l0"": 27.4998, ""sparse_l"": 8.7279, ""sv_l"": 23.7279, ""feat_secs"": 0.003603, ""feat_secs_frame"": 0.000503, ""feat_secs_hsf"": 0.003048}"
arith,"arith:bits=8,h=1,reps=2",1,"{""bits"": 8.0, ""h"": 1.0, ""reps"": 2.0}",hsf,ok,0.004942,0.0099,5586944,-0.5000000000000002,1024,-0.5000000000000002,0.0,,"{""n"": 17, ""gates"": 106, ""g2"": 64, ""g3"": 32, ""depth2"": 82, ""t_count"": 224, ""rotations"": 224, ""d"": 17, ""dense_l"": 23.9779, ""redundant"": 207, ""obs_zero"": false, ""frame_l"": 41.8074, ""chi_bits"": 2, ""mps_l"": 19.7595, ""hsf_k"": 10, ""hsf_na"": 8, ""hsf_nb"": 9, ""hsf_l"": 21.4998, ""sup"": 2, ""chi_bits0"": 8, ""mps_l0"": 32.1003, ""hsf_keff"": 4, ""hsf_l0"": 27.4998, ""sparse_l"": 8.7279, ""sv_l"": 23.7279, ""feat_secs"": 0.003603, ""feat_secs_frame"": 0.000503, ""feat_secs_hsf"": 0.003048}"
arith,"arith:bits=8,h=1,reps=2",1,"{""bits"": 8.0, ""h"": 1.0, ""reps"": 2.0}",tableau,na,,0.0067,1818624,,,-0.5000000000000002,,"TooLarge { what: ""tableau (non-Clifford circuit)"", bytes: 0, limit: 0 }","{""n"": 17, ""gates"": 106, ""g2"": 64, ""g3"": 32, ""depth2"": 82, ""t_count"": 224, ""rotations"": 224, ""d"": 17, ""dense_l"": 23.9779, ""redundant"": 207, ""obs_zero"": false, ""frame_l"": 41.8074, ""chi_bits"": 2, ""mps_l"": 19.7595, ""hsf_k"": 10, ""hsf_na"": 8, ""hsf_nb"": 9, ""hsf_l"": 21.4998, ""sup"": 2, ""chi_bits0"": 8, ""mps_l0"": 32.1003, ""hsf_keff"": 4, ""hsf_l0"": 27.4998, ""sparse_l"": 8.7279, ""sv_l"": 23.7279, ""feat_secs"": 0.003603, ""feat_secs_frame"": 0.000503, ""feat_secs_hsf"": 0.003048}"
arith,"arith:bits=8,h=1,reps=2",1,"{""bits"": 8.0, ""h"": 1.0, ""reps"": 2.0}",frame,ok,0.017955,0.0244,8454144,-0.4999999999999999,32768,-0.5000000000000002,3.3306690738754696e-16,switched_at=None dense_qubits=0 peak_terms=32768 term_visits=647867 dense_ops=0,"{""n"": 17, ""gates"": 106, ""g2"": 64, ""g3"": 32, ""depth2"": 82, ""t_count"": 224, ""rotations"": 224, ""d"": 17, ""dense_l"": 23.9779, ""redundant"": 207, ""obs_zero"": false, ""frame_l"": 41.8074, ""chi_bits"": 2, ""mps_l"": 19.7595, ""hsf_k"": 10, ""hsf_na"": 8, ""hsf_nb"": 9, ""hsf_l"": 21.4998, ""sup"": 2, ""chi_bits0"": 8, ""mps_l0"": 32.1003, ""hsf_keff"": 4, ""hsf_l0"": 27.4998, ""sparse_l"": 8.7279, ""sv_l"": 23.7279, ""feat_secs"": 0.003603, ""feat_secs_frame"": 0.000503, ""feat_secs_hsf"": 0.003048}"
arith,"arith:bits=8,h=1,reps=2",1,"{""bits"": 8.0, ""h"": 1.0, ""reps"": 2.0}",dense,ok,0.015933,0.0219,6144000,-0.4999999999999992,17,-0.5000000000000002,9.992007221626409e-16,switched_at=Some(122) dense_qubits=17 peak_terms=1 term_visits=0 dense_ops=8131518,"{""n"": 17, ""gates"": 106, ""g2"": 64, ""g3"": 32, ""depth2"": 82, ""t_count"": 224, ""rotations"": 224, ""d"": 17, ""dense_l"": 23.9779, ""redundant"": 207, ""obs_zero"": false, ""frame_l"": 41.8074, ""chi_bits"": 2, ""mps_l"": 19.7595, ""hsf_k"": 10, ""hsf_na"": 8, ""hsf_nb"": 9, ""hsf_l"": 21.4998, ""sup"": 2, ""chi_bits0"": 8, ""mps_l0"": 32.1003, ""hsf_keff"": 4, ""hsf_l0"": 27.4998, ""sparse_l"": 8.7279, ""sv_l"": 23.7279, ""feat_secs"": 0.003603, ""feat_secs_frame"": 0.000503, ""feat_secs_hsf"": 0.003048}"
arith,"arith:bits=8,h=1,reps=2",1,"{""bits"": 8.0, ""h"": 1.0, ""reps"": 2.0}",auto,ok,0.017155,0.0247,6209536,-0.4999999999999992,17,-0.5000000000000002,9.992007221626409e-16,switched_at=Some(120) dense_qubits=17 peak_terms=4 term_visits=3 dense_ops=8262590,"{""n"": 17, ""gates"": 106, ""g2"": 64, ""g3"": 32, ""depth2"": 82, ""t_count"": 224, ""rotations"": 224, ""d"": 17, ""dense_l"": 23.9779, ""redundant"": 207, ""obs_zero"": false, ""frame_l"": 41.8074, ""chi_bits"": 2, ""mps_l"": 19.7595, ""hsf_k"": 10, ""hsf_na"": 8, ""hsf_nb"": 9, ""hsf_l"": 21.4998, ""sup"": 2, ""chi_bits0"": 8, ""mps_l0"": 32.1003, ""hsf_keff"": 4, ""hsf_l0"": 27.4998, ""sparse_l"": 8.7279, ""sv_l"": 23.7279, ""feat_secs"": 0.003603, ""feat_secs_frame"": 0.000503, ""feat_secs_hsf"": 0.003048}"
arith,"arith:bits=8,h=1,reps=4",1,"{""bits"": 8.0, ""h"": 1.0, ""reps"": 4.0}",sv,ok,0.009754,0.0169,4997120,0.0,131072,0.0,0.0,,"{""n"": 17, ""gates"": 202, ""g2"": 128, ""g3"": 64, ""depth2"": 164, ""t_count"": 448, ""rotations"": 448, ""d"": 17, ""dense_l"": 25.4514, ""redundant"": 431, ""obs_zero"": false, ""frame_l"": 42.8074, ""chi_bits"": 2, ""mps_l"": 20.802, ""hsf_k"": 20, ""hsf_na"": 8, ""hsf_nb"": 9, ""hsf_l"": 25.8392, ""sup"": 2, ""chi_bits0"": 8, ""mps_l0"": 33.4789, ""hsf_keff"": 8, ""hsf_l0"": 37.8392, ""sparse_l"": 9.6582, ""sv_l"": 24.6582, ""feat_secs"": 0.004131, ""feat_secs_frame"": 0.000979, ""feat_secs_hsf"": 0.003067}"
arith,"arith:bits=8,h=1,reps=4",1,"{""bits"": 8.0, ""h"": 1.0, ""reps"": 4.0}",sparse,ok,5e-05,0.0047,1966080,0.0,4,0.0,0.0,,"{""n"": 17, ""gates"": 202, ""g2"": 128, ""g3"": 64, ""depth2"": 164, ""t_count"": 448, ""rotations"": 448, ""d"": 17, ""dense_l"": 25.4514, ""redundant"": 431, ""obs_zero"": false, ""frame_l"": 42.8074, ""chi_bits"": 2, ""mps_l"": 20.802, ""hsf_k"": 20, ""hsf_na"": 8, ""hsf_nb"": 9, ""hsf_l"": 25.8392, ""sup"": 2, ""chi_bits0"": 8, ""mps_l0"": 33.4789, ""hsf_keff"": 8, ""hsf_l0"": 37.8392, ""sparse_l"": 9.6582, ""sv_l"": 24.6582, ""feat_secs"": 0.004131, ""feat_secs_frame"": 0.000979, ""feat_secs_hsf"": 0.003067}"
arith,"arith:bits=8,h=1,reps=4",1,"{""bits"": 8.0, ""h"": 1.0, ""reps"": 4.0}",mps,ok,0.003361,0.0075,2965504,-4.385380947269368e-15,4,0.0,4.385380947269368e-15,,"{""n"": 17, ""gates"": 202, ""g2"": 128, ""g3"": 64, ""depth2"": 164, ""t_count"": 448, ""rotations"": 448, ""d"": 17, ""dense_l"": 25.4514, ""redundant"": 431, ""obs_zero"": false, ""frame_l"": 42.8074, ""chi_bits"": 2, ""mps_l"": 20.802, ""hsf_k"": 20, ""hsf_na"": 8, ""hsf_nb"": 9, ""hsf_l"": 25.8392, ""sup"": 2, ""chi_bits0"": 8, ""mps_l0"": 33.4789, ""hsf_keff"": 8, ""hsf_l0"": 37.8392, ""sparse_l"": 9.6582, ""sv_l"": 24.6582, ""feat_secs"": 0.004131, ""feat_secs_frame"": 0.000979, ""feat_secs_hsf"": 0.003067}"
arith,"arith:bits=8,h=1,reps=4",1,"{""bits"": 8.0, ""h"": 1.0, ""reps"": 4.0}",hsf,ok,0.005315,0.0107,5832704,0.0,1048576,0.0,0.0,,"{""n"": 17, ""gates"": 202, ""g2"": 128, ""g3"": 64, ""depth2"": 164, ""t_count"": 448, ""rotations"": 448, ""d"": 17, ""dense_l"": 25.4514, ""redundant"": 431, ""obs_zero"": false, ""frame_l"": 42.8074, ""chi_bits"": 2, ""mps_l"": 20.802, ""hsf_k"": 20, ""hsf_na"": 8, ""hsf_nb"": 9, ""hsf_l"": 25.8392, ""sup"": 2, ""chi_bits0"": 8, ""mps_l0"": 33.4789, ""hsf_keff"": 8, ""hsf_l0"": 37.8392, ""sparse_l"": 9.6582, ""sv_l"": 24.6582, ""feat_secs"": 0.004131, ""feat_secs_frame"": 0.000979, ""feat_secs_hsf"": 0.003067}"
arith,"arith:bits=8,h=1,reps=4",1,"{""bits"": 8.0, ""h"": 1.0, ""reps"": 4.0}",tableau,na,,0.0068,1851392,,,0.0,,"TooLarge { what: ""tableau (non-Clifford circuit)"", bytes: 0, limit: 0 }","{""n"": 17, ""gates"": 202, ""g2"": 128, ""g3"": 64, ""depth2"": 164, ""t_count"": 448, ""rotations"": 448, ""d"": 17, ""dense_l"": 25.4514, ""redundant"": 431, ""obs_zero"": false, ""frame_l"": 42.8074, ""chi_bits"": 2, ""mps_l"": 20.802, ""hsf_k"": 20, ""hsf_na"": 8, ""hsf_nb"": 9, ""hsf_l"": 25.8392, ""sup"": 2, ""chi_bits0"": 8, ""mps_l0"": 33.4789, ""hsf_keff"": 8, ""hsf_l0"": 37.8392, ""sparse_l"": 9.6582, ""sv_l"": 24.6582, ""feat_secs"": 0.004131, ""feat_secs_frame"": 0.000979, ""feat_secs_hsf"": 0.003067}"
arith,"arith:bits=8,h=1,reps=4",1,"{""bits"": 8.0, ""h"": 1.0, ""reps"": 4.0}",frame,ok,0.11073,0.1181,27131904,-0.0,203780,0.0,0.0,switched_at=None dense_qubits=0 peak_terms=203780 term_visits=4219226 dense_ops=0,"{""n"": 17, ""gates"": 202, ""g2"": 128, ""g3"": 64, ""depth2"": 164, ""t_count"": 448, ""rotations"": 448, ""d"": 17, ""dense_l"": 25.4514, ""redundant"": 431, ""obs_zero"": false, ""frame_l"": 42.8074, ""chi_bits"": 2, ""mps_l"": 20.802, ""hsf_k"": 20, ""hsf_na"": 8, ""hsf_nb"": 9, ""hsf_l"": 25.8392, ""sup"": 2, ""chi_bits0"": 8, ""mps_l0"": 33.4789, ""hsf_keff"": 8, ""hsf_l0"": 37.8392, ""sparse_l"": 9.6582, ""sv_l"": 24.6582, ""feat_secs"": 0.004131, ""feat_secs_frame"": 0.000979, ""feat_secs_hsf"": 0.003067}"
arith,"arith:bits=8,h=1,reps=4",1,"{""bits"": 8.0, ""h"": 1.0, ""reps"": 4.0}",dense,ok,0.038843,0.0450,6258688,0.0,17,0.0,0.0,switched_at=Some(202) dense_qubits=17 peak_terms=1 term_visits=0 dense_ops=18616262,"{""n"": 17, ""gates"": 202, ""g2"": 128, ""g3"": 64, ""depth2"": 164, ""t_count"": 448, ""rotations"": 448, ""d"": 17, ""dense_l"": 25.4514, ""redundant"": 431, ""obs_zero"": false, ""frame_l"": 42.8074, ""chi_bits"": 2, ""mps_l"": 20.802, ""hsf_k"": 20, ""hsf_na"": 8, ""hsf_nb"": 9, ""hsf_l"": 25.8392, ""sup"": 2, ""chi_bits0"": 8, ""mps_l0"": 33.4789, ""hsf_keff"": 8, ""hsf_l0"": 37.8392, ""sparse_l"": 9.6582, ""sv_l"": 24.6582, ""feat_secs"": 0.004131, ""feat_secs_frame"": 0.000979, ""feat_secs_hsf"": 0.003067}"
arith,"arith:bits=8,h=1,reps=4",1,"{""bits"": 8.0, ""h"": 1.0, ""reps"": 4.0}",auto,ok,0.050557,0.0569,6324224,-2.775557561562891e-17,17,0.0,2.775557561562891e-17,switched_at=Some(200) dense_qubits=17 peak_terms=4 term_visits=3 dense_ops=18747334,"{""n"": 17, ""gates"": 202, ""g2"": 128, ""g3"": 64, ""depth2"": 164, ""t_count"": 448, ""rotations"": 448, ""d"": 17, ""dense_l"": 25.4514, ""redundant"": 431, ""obs_zero"": false, ""frame_l"": 42.8074, ""chi_bits"": 2, ""mps_l"": 20.802, ""hsf_k"": 20, ""hsf_na"": 8, ""hsf_nb"": 9, ""hsf_l"": 25.8392, ""sup"": 2, ""chi_bits0"": 8, ""mps_l0"": 33.4789, ""hsf_keff"": 8, ""hsf_l0"": 37.8392, ""sparse_l"": 9.6582, ""sv_l"": 24.6582, ""feat_secs"": 0.004131, ""feat_secs_frame"": 0.000979, ""feat_secs_hsf"": 0.003067}"
arith,"arith:bits=8,h=2,reps=1",1,"{""bits"": 8.0, ""h"": 2.0, ""reps"": 1.0}",sv,ok,0.003701,0.0111,4718592,0.0,131072,0.0,0.0,,"{""n"": 17, ""gates"": 59, ""g2"": 32, ""g3"": 16, ""depth2"": 41, ""t_count"": 112, ""rotations"": 112, ""d"": 17, ""dense_l"": 21.3997, ""redundant"": 95, ""obs_zero"": false, ""frame_l"": 40.8074, ""chi_bits"": 4, ""mps_l"": 24.2956, ""hsf_k"": 5, ""hsf_na"": 8, ""hsf_nb"": 9, ""hsf_l"": 19.2992, ""sup"": 4, ""chi_bits0"": 8, ""mps_l0"": 31.193, ""hsf_keff"": 2, ""hsf_l0"": 22.2992, ""sparse_l"": 9.8826, ""sv_l"": 22.8826, ""feat_secs"": 0.002524, ""feat_secs_frame"": 0.000268, ""feat_secs_hsf"": 0.002223}"
arith,"arith:bits=8,h=2,reps=1",1,"{""bits"": 8.0, ""h"": 2.0, ""reps"": 1.0}",sparse,ok,3.9e-05,0.0042,1916928,0.0,16,0.0,0.0,,"{""n"": 17, ""gates"": 59, ""g2"": 32, ""g3"": 16, ""depth2"": 41, ""t_count"": 112, ""rotations"": 112, ""d"": 17, ""dense_l"": 21.3997, ""redundant"": 95, ""obs_zero"": false, ""frame_l"": 40.8074, ""chi_bits"": 4, ""mps_l"": 24.2956, ""hsf_k"": 5, ""hsf_na"": 8, ""hsf_nb"": 9, ""hsf_l"": 19.2992, ""sup"": 4, ""chi_bits0"": 8, ""mps_l0"": 31.193, ""hsf_keff"": 2, ""hsf_l0"": 22.2992, ""sparse_l"": 9.8826, ""sv_l"": 22.8826, ""feat_secs"": 0.002524, ""feat_secs_frame"": 0.000268, ""feat_secs_hsf"": 0.002223}"
arith,"arith:bits=8,h=2,reps=1",1,"{""bits"": 8.0, ""h"": 2.0, ""reps"": 1.0}",mps,ok,0.001386,0.0075,2916352,1.582067810090848e-15,3,0.0,1.582067810090848e-15,,"{""n"": 17, ""gates"": 59, ""g2"": 32, ""g3"": 16, ""depth2"": 41, ""t_count"": 112, ""rotations"": 112, ""d"": 17, ""dense_l"": 21.3997, ""redundant"": 95, ""obs_zero"": false, ""frame_l"": 40.8074, ""chi_bits"": 4, ""mps_l"": 24.2956, ""hsf_k"": 5, ""hsf_na"": 8, ""hsf_nb"": 9, ""hsf_l"": 19.2992, ""sup"": 4, ""chi_bits0"": 8, ""mps_l0"": 31.193, ""hsf_keff"": 2, ""hsf_l0"": 22.2992, ""sparse_l"": 9.8826, ""sv_l"": 22.8826, ""feat_secs"": 0.002524, ""feat_secs_frame"": 0.000268, ""feat_secs_hsf"": 0.002223}"
arith,"arith:bits=8,h=2,reps=1",1,"{""bits"": 8.0, ""h"": 2.0, ""reps"": 1.0}",hsf,ok,0.002858,0.0073,5095424,0.0,32,0.0,0.0,,"{""n"": 17, ""gates"": 59, ""g2"": 32, ""g3"": 16, ""depth2"": 41, ""t_count"": 112, ""rotations"": 112, ""d"": 17, ""dense_l"": 21.3997, ""redundant"": 95, ""obs_zero"": false, ""frame_l"": 40.8074, ""chi_bits"": 4, ""mps_l"": 24.2956, ""hsf_k"": 5, ""hsf_na"": 8, ""hsf_nb"": 9, ""hsf_l"": 19.2992, ""sup"": 4, ""chi_bits0"": 8, ""mps_l0"": 31.193, ""hsf_keff"": 2, ""hsf_l0"": 22.2992, ""sparse_l"": 9.8826, ""sv_l"": 22.8826, ""feat_secs"": 0.002524, ""feat_secs_frame"": 0.000268, ""feat_secs_hsf"": 0.002223}"
arith,"arith:bits=8,h=2,reps=1",1,"{""bits"": 8.0, ""h"": 2.0, ""reps"": 1.0}",tableau,na,,0.0049,1818624,,,0.0,,"TooLarge { what: ""tableau (non-Clifford circuit)"", bytes: 0, limit: 0 }","{""n"": 17, ""gates"": 59, ""g2"": 32, ""g3"": 16, ""depth2"": 41, ""t_count"": 112, ""rotations"": 112, ""d"": 17, ""dense_l"": 21.3997, ""redundant"": 95, ""obs_zero"": false, ""frame_l"": 40.8074, ""chi_bits"": 4, ""mps_l"": 24.2956, ""hsf_k"": 5, ""hsf_na"": 8, ""hsf_nb"": 9, ""hsf_l"": 19.2992, ""sup"": 4, ""chi_bits0"": 8, ""mps_l0"": 31.193, ""hsf_keff"": 2, ""hsf_l0"": 22.2992, ""sparse_l"": 9.8826, ""sv_l"": 22.8826, ""feat_secs"": 0.002524, ""feat_secs_frame"": 0.000268, ""feat_secs_hsf"": 0.002223}"
arith,"arith:bits=8,h=2,reps=1",1,"{""bits"": 8.0, ""h"": 2.0, ""reps"": 1.0}",frame,ok,0.001192,0.0070,2686976,-0.0,64,0.0,0.0,switched_at=None dense_qubits=0 peak_terms=64 term_visits=1691 dense_ops=0,"{""n"": 17, ""gates"": 59, ""g2"": 32, ""g3"": 16, ""depth2"": 41, ""t_count"": 112, ""rotations"": 112, ""d"": 17, ""dense_l"": 21.3997, ""redundant"": 95, ""obs_zero"": false, ""frame_l"": 40.8074, ""chi_bits"": 4, ""mps_l"": 24.2956, ""hsf_k"": 5, ""hsf_na"": 8, ""hsf_nb"": 9, ""hsf_l"": 19.2992, ""sup"": 4, ""chi_bits0"": 8, ""mps_l0"": 31.193, ""hsf_keff"": 2, ""hsf_l0"": 22.2992, ""sparse_l"": 9.8826, ""sv_l"": 22.8826, ""feat_secs"": 0.002524, ""feat_secs_frame"": 0.000268, ""feat_secs_hsf"": 0.002223}"
arith,"arith:bits=8,h=2,reps=1",1,"{""bits"": 8.0, ""h"": 2.0, ""reps"": 1.0}",dense,ok,0.007917,0.0143,7225344,-2.775557561562891e-17,17,0.0,2.775557561562891e-17,switched_at=Some(84) dense_qubits=17 peak_terms=1 term_visits=0 dense_ops=1716030,"{""n"": 17, ""gates"": 59, ""g2"": 32, ""g3"": 16, ""depth2"": 41, ""t_count"": 112, ""rotations"": 112, ""d"": 17, ""dense_l"": 21.3997, ""redundant"": 95, ""obs_zero"": false, ""frame_l"": 40.8074, ""chi_bits"": 4, ""mps_l"": 24.2956, ""hsf_k"": 5, ""hsf_na"": 8, ""hsf_nb"": 9, ""hsf_l"": 19.2992, ""sup"": 4, ""chi_bits0"": 8, ""mps_l0"": 31.193, ""hsf_keff"": 2, ""hsf_l0"": 22.2992, ""sparse_l"": 9.8826, ""sv_l"": 22.8826, ""feat_secs"": 0.002524, ""feat_secs_frame"": 0.000268, ""feat_secs_hsf"": 0.002223}"
arith,"arith:bits=8,h=2,reps=1",1,"{""bits"": 8.0, ""h"": 2.0, ""reps"": 1.0}",auto,ok,0.026877,0.0325,7340032,-4.716279450311944e-17,17,0.0,4.716279450311944e-17,switched_at=Some(82) dense_qubits=17 peak_terms=4 term_visits=3 dense_ops=1847102,"{""n"": 17, ""gates"": 59, ""g2"": 32, ""g3"": 16, ""depth2"": 41, ""t_count"": 112, ""rotations"": 112, ""d"": 17, ""dense_l"": 21.3997, ""redundant"": 95, ""obs_zero"": false, ""frame_l"": 40.8074, ""chi_bits"": 4, ""mps_l"": 24.2956, ""hsf_k"": 5, ""hsf_na"": 8, ""hsf_nb"": 9, ""hsf_l"": 19.2992, ""sup"": 4, ""chi_bits0"": 8, ""mps_l0"": 31.193, ""hsf_keff"": 2, ""hsf_l0"": 22.2992, ""sparse_l"": 9.8826, ""sv_l"": 22.8826, ""feat_secs"": 0.002524, ""feat_secs_frame"": 0.000268, ""feat_secs_hsf"": 0.002223}"
arith,"arith:bits=8,h=2,reps=2",1,"{""bits"": 8.0, ""h"": 2.0, ""reps"": 2.0}",sv,ok,0.005627,0.0130,4833280,0.0,131072,0.0,0.0,,"{""n"": 17, ""gates"": 107, ""g2"": 64, ""g3"": 32, ""depth2"": 82, ""t_count"": 224, ""rotations"": 224, ""d"": 17, ""dense_l"": 24.0565, ""redundant"": 207, ""obs_zero"": false, ""frame_l"": 41.8074, ""chi_bits"": 4, ""mps_l"": 24.9201, ""hsf_k"": 10, ""hsf_na"": 8, ""hsf_nb"": 9, ""hsf_l"": 21.5038, ""sup"": 4, ""chi_bits0"": 8, ""mps_l0"": 32.1003, ""hsf_keff"": 4, ""hsf_l0"": 27.5038, ""sparse_l"": 10.7415, ""sv_l"": 23.7415, ""feat_secs"": 0.003674, ""feat_secs_frame"": 0.000498, ""feat_secs_hsf"": 0.003126}"
arith,"arith:bits=8,h=2,reps=2",1,"{""bits"": 8.0, ""h"": 2.0, ""reps"": 2.0}",sparse,ok,5.7e-05,0.0050,1933312,0.0,16,0.0,0.0,,"{""n"": 17, ""gates"": 107, ""g2"": 64, ""g3"": 32, ""depth2"": 82, ""t_count"": 224, ""rotations"": 224, ""d"": 17, ""dense_l"": 24.0565, ""redundant"": 207, ""obs_zero"": false, ""frame_l"": 41.8074, ""chi_bits"": 4, ""mps_l"": 24.9201, ""hsf_k"": 10, ""hsf_na"": 8, ""hsf_nb"": 9, ""hsf_l"": 21.5038, ""sup"": 4, ""chi_bits0"": 8, ""mps_l0"": 32.1003, ""hsf_keff"": 4, ""hsf_l0"": 27.5038, ""sparse_l"": 10.7415, ""sv_l"": 23.7415, ""feat_secs"": 0.003674, ""feat_secs_frame"": 0.000498, ""feat_secs_hsf"": 0.003126}"
arith,"arith:bits=8,h=2,reps=2",1,"{""bits"": 8.0, ""h"": 2.0, ""reps"": 2.0}",mps,ok,0.002375,0.0080,3112960,4.302114220422483e-16,4,0.0,4.302114220422483e-16,,"{""n"": 17, ""gates"": 107, ""g2"": 64, ""g3"": 32, ""depth2"": 82, ""t_count"": 224, ""rotations"": 224, ""d"": 17, ""dense_l"": 24.0565, ""redundant"": 207, ""obs_zero"": false, ""frame_l"": 41.8074, ""chi_bits"": 4, ""mps_l"": 24.9201, ""hsf_k"": 10, ""hsf_na"": 8, ""hsf_nb"": 9, ""hsf_l"": 21.5038, ""sup"": 4, ""chi_bits0"": 8, ""mps_l0"": 32.1003, ""hsf_keff"": 4, ""hsf_l0"": 27.5038, ""sparse_l"": 10.7415, ""sv_l"": 23.7415, ""feat_secs"": 0.003674, ""feat_secs_frame"": 0.000498, ""feat_secs_hsf"": 0.003126}"
arith,"arith:bits=8,h=2,reps=2",1,"{""bits"": 8.0, ""h"": 2.0, ""reps"": 2.0}",hsf,ok,0.004932,0.0105,5554176,0.0,1024,0.0,0.0,,"{""n"": 17, ""gates"": 107, ""g2"": 64, ""g3"": 32, ""depth2"": 82, ""t_count"": 224, ""rotations"": 224, ""d"": 17, ""dense_l"": 24.0565, ""redundant"": 207, ""obs_zero"": false, ""frame_l"": 41.8074, ""chi_bits"": 4, ""mps_l"": 24.9201, ""hsf_k"": 10, ""hsf_na"": 8, ""hsf_nb"": 9, ""hsf_l"": 21.5038, ""sup"": 4, ""chi_bits0"": 8, ""mps_l0"": 32.1003, ""hsf_keff"": 4, ""hsf_l0"": 27.5038, ""sparse_l"": 10.7415, ""sv_l"": 23.7415, ""feat_secs"": 0.003674, ""feat_secs_frame"": 0.000498, ""feat_secs_hsf"": 0.003126}"
arith,"arith:bits=8,h=2,reps=2",1,"{""bits"": 8.0, ""h"": 2.0, ""reps"": 2.0}",tableau,na,,0.0045,1818624,,,0.0,,"TooLarge { what: ""tableau (non-Clifford circuit)"", bytes: 0, limit: 0 }","{""n"": 17, ""gates"": 107, ""g2"": 64, ""g3"": 32, ""depth2"": 82, ""t_count"": 224, ""rotations"": 224, ""d"": 17, ""dense_l"": 24.0565, ""redundant"": 207, ""obs_zero"": false, ""frame_l"": 41.8074, ""chi_bits"": 4, ""mps_l"": 24.9201, ""hsf_k"": 10, ""hsf_na"": 8, ""hsf_nb"": 9, ""hsf_l"": 21.5038, ""sup"": 4, ""chi_bits0"": 8, ""mps_l0"": 32.1003, ""hsf_keff"": 4, ""hsf_l0"": 27.5038, ""sparse_l"": 10.7415, ""sv_l"": 23.7415, ""feat_secs"": 0.003674, ""feat_secs_frame"": 0.000498, ""feat_secs_hsf"": 0.003126}"
arith,"arith:bits=8,h=2,reps=2",1,"{""bits"": 8.0, ""h"": 2.0, ""reps"": 2.0}",frame,ok,0.02029,0.0268,8568832,-0.0,32768,0.0,0.0,switched_at=None dense_qubits=0 peak_terms=32768 term_visits=703070 dense_ops=0,"{""n"": 17, ""gates"": 107, ""g2"": 64, ""g3"": 32, ""depth2"": 82, ""t_count"": 224, ""rotations"": 224, ""d"": 17, ""dense_l"": 24.0565, ""redundant"": 207, ""obs_zero"": false, ""frame_l"": 41.8074, ""chi_bits"": 4, ""mps_l"": 24.9201, ""hsf_k"": 10, ""hsf_na"": 8, ""hsf_nb"": 9, ""hsf_l"": 21.5038, ""sup"": 4, ""chi_bits0"": 8, ""mps_l0"": 32.1003, ""hsf_keff"": 4, ""hsf_l0"": 27.5038, ""sparse_l"": 10.7415, ""sv_l"": 23.7415, ""feat_secs"": 0.003674, ""feat_secs_frame"": 0.000498, ""feat_secs_hsf"": 0.003126}"
arith,"arith:bits=8,h=2,reps=2",1,"{""bits"": 8.0, ""h"": 2.0, ""reps"": 2.0}",dense,ok,0.017273,0.0244,7241728,-1.387778780781446e-17,17,0.0,1.387778780781446e-17,switched_at=Some(122) dense_qubits=17 peak_terms=1 term_visits=0 dense_ops=8529742,"{""n"": 17, ""gates"": 107, ""g2"": 64, ""g3"": 32, ""depth2"": 82, ""t_count"": 224, ""rotations"": 224, ""d"": 17, ""dense_l"": 24.0565, ""redundant"": 207, ""obs_zero"": false, ""frame_l"": 41.8074, ""chi_bits"": 4, ""mps_l"": 24.9201, ""hsf_k"": 10, ""hsf_na"": 8, ""hsf_nb"": 9, ""hsf_l"": 21.5038, ""sup"": 4, ""chi_bits0"": 8, ""mps_l0"": 32.1003, ""hsf_keff"": 4, ""hsf_l0"": 27.5038, ""sparse_l"": 10.7415, ""sv_l"": 23.7415, ""feat_secs"": 0.003674, ""feat_secs_frame"": 0.000498, ""feat_secs_hsf"": 0.003126}"
arith,"arith:bits=8,h=2,reps=2",1,"{""bits"": 8.0, ""h"": 2.0, ""reps"": 2.0}",auto,ok,0.016231,0.0218,7340032,0.0,17,0.0,0.0,switched_at=Some(120) dense_qubits=17 peak_terms=4 term_visits=3 dense_ops=8660814,"{""n"": 17, ""gates"": 107, ""g2"": 64, ""g3"": 32, ""depth2"": 82, ""t_count"": 224, ""rotations"": 224, ""d"": 17, ""dense_l"": 24.0565, ""redundant"": 207, ""obs_zero"": false, ""frame_l"": 41.8074, ""chi_bits"": 4, ""mps_l"": 24.9201, ""hsf_k"": 10, ""hsf_na"": 8, ""hsf_nb"": 9, ""hsf_l"": 21.5038, ""sup"": 4, ""chi_bits0"": 8, ""mps_l0"": 32.1003, ""hsf_keff"": 4, ""hsf_l0"": 27.5038, ""sparse_l"": 10.7415, ""sv_l"": 23.7415, ""feat_secs"": 0.003674, ""feat_secs_frame"": 0.000498, ""feat_secs_hsf"": 0.003126}"
arith,"arith:bits=8,h=2,reps=4",1,"{""bits"": 8.0, ""h"": 2.0, ""reps"": 4.0}",sv,ok,0.010597,0.0167,4997120,-0.2500000000000001,131072,-0.2500000000000001,0.0,,"{""n"": 17, ""gates"": 203, ""g2"": 128, ""g3"": 64, ""depth2"": 164, ""t_count"": 448, ""rotations"": 448, ""d"": 17, ""dense_l"": 25.4802, ""redundant"": 431, ""obs_zero"": false, ""frame_l"": 42.8074, ""chi_bits"": 4, ""mps_l"": 26.1036, ""hsf_k"": 20, ""hsf_na"": 8, ""hsf_nb"": 9, ""hsf_l"": 25.8424, ""sup"": 4, ""chi_bits0"": 8, ""mps_l0"": 33.4789, ""hsf_keff"": 8, ""hsf_l0"": 37.8424, ""sparse_l"": 11.6653, ""sv_l"": 24.6653, ""feat_secs"": 0.004196, ""feat_secs_frame"": 0.001013, ""feat_secs_hsf"": 0.003095}"
arith,"arith:bits=8,h=2,reps=4",1,"{""bits"": 8.0, ""h"": 2.0, ""reps"": 4.0}",sparse,ok,9.3e-05,0.0046,1966080,-0.2500000000000001,16,-0.2500000000000001,0.0,,"{""n"": 17, ""gates"": 203, ""g2"": 128, ""g3"": 64, ""depth2"": 164, ""t_count"": 448, ""rotations"": 448, ""d"": 17, ""dense_l"": 25.4802, ""redundant"": 431, ""obs_zero"": false, ""frame_l"": 42.8074, ""chi_bits"": 4, ""mps_l"": 26.1036, ""hsf_k"": 20, ""hsf_na"": 8, ""hsf_nb"": 9, ""hsf_l"": 25.8424, ""sup"": 4, ""chi_bits0"": 8, ""mps_l0"": 33.4789, ""hsf_keff"": 8, ""hsf_l0"": 37.8424, ""sparse_l"": 11.6653, ""sv_l"": 24.6653, ""feat_secs"": 0.004196, ""feat_secs_frame"": 0.001013, ""feat_secs_hsf"": 0.003095}"
arith,"arith:bits=8,h=2,reps=4",1,"{""bits"": 8.0, ""h"": 2.0, ""reps"": 4.0}",mps,ok,0.006942,0.0127,3702784,-0.2499999999999996,9,-0.2500000000000001,4.996003610813204e-16,,"{""n"": 17, ""gates"": 203, ""g2"": 128, ""g3"": 64, ""depth2"": 164, ""t_count"": 448, ""rotations"": 448, ""d"": 17, ""dense_l"": 25.4802, ""redundant"": 431, ""obs_zero"": false, ""frame_l"": 42.8074, ""chi_bits"": 4, ""mps_l"": 26.1036, ""hsf_k"": 20, ""hsf_na"": 8, ""hsf_nb"": 9, ""hsf_l"": 25.8424, ""sup"": 4, ""chi_bits0"": 8, ""mps_l0"": 33.4789, ""hsf_keff"": 8, ""hsf_l0"": 37.8424, ""sparse_l"": 11.6653, ""sv_l"": 24.6653, ""feat_secs"": 0.004196, ""feat_secs_frame"": 0.001013, ""feat_secs_hsf"": 0.003095}"
arith,"arith:bits=8,h=2,reps=4",1,"{""bits"": 8.0, ""h"": 2.0, ""reps"": 4.0}",hsf,ok,0.005032,0.0109,5947392,-0.2500000000000001,1048576,-0.2500000000000001,0.0,,"{""n"": 17, ""gates"": 203, ""g2"": 128, ""g3"": 64, ""depth2"": 164, ""t_count"": 448, ""rotations"": 448, ""d"": 17, ""dense_l"": 25.4802, ""redundant"": 431, ""obs_zero"": false, ""frame_l"": 42.8074, ""chi_bits"": 4, ""mps_l"": 26.1036, ""hsf_k"": 20, ""hsf_na"": 8, ""hsf_nb"": 9, ""hsf_l"": 25.8424, ""sup"": 4, ""chi_bits0"": 8, ""mps_l0"": 33.4789, ""hsf_keff"": 8, ""hsf_l0"": 37.8424, ""sparse_l"": 11.6653, ""sv_l"": 24.6653, ""feat_secs"": 0.004196, ""feat_secs_frame"": 0.001013, ""feat_secs_hsf"": 0.003095}"
arith,"arith:bits=8,h=2,reps=4",1,"{""bits"": 8.0, ""h"": 2.0, ""reps"": 4.0}",tableau,na,,0.0047,1835008,,,-0.2500000000000001,,"TooLarge { what: ""tableau (non-Clifford circuit)"", bytes: 0, limit: 0 }","{""n"": 17, ""gates"": 203, ""g2"": 128, ""g3"": 64, ""depth2"": 164, ""t_count"": 448, ""rotations"": 448, ""d"": 17, ""dense_l"": 25.4802, ""redundant"": 431, ""obs_zero"": false, ""frame_l"": 42.8074, ""chi_bits"": 4, ""mps_l"": 26.1036, ""hsf_k"": 20, ""hsf_na"": 8, ""hsf_nb"": 9, ""hsf_l"": 25.8424, ""sup"": 4, ""chi_bits0"": 8, ""mps_l0"": 33.4789, ""hsf_keff"": 8, ""hsf_l0"": 37.8424, ""sparse_l"": 11.6653, ""sv_l"": 24.6653, ""feat_secs"": 0.004196, ""feat_secs_frame"": 0.001013, ""feat_secs_hsf"": 0.003095}"
arith,"arith:bits=8,h=2,reps=4",1,"{""bits"": 8.0, ""h"": 2.0, ""reps"": 4.0}",frame,ok,0.126983,0.1336,28835840,-0.2499999999999999,203780,-0.2500000000000001,2.220446049250313e-16,switched_at=None dense_qubits=0 peak_terms=203780 term_visits=4664364 dense_ops=0,"{""n"": 17, ""gates"": 203, ""g2"": 128, ""g3"": 64, ""depth2"": 164, ""t_count"": 448, ""rotations"": 448, ""d"": 17, ""dense_l"": 25.4802, ""redundant"": 431, ""obs_zero"": false, ""frame_l"": 42.8074, ""chi_bits"": 4, ""mps_l"": 26.1036, ""hsf_k"": 20, ""hsf_na"": 8, ""hsf_nb"": 9, ""hsf_l"": 25.8424, ""sup"": 4, ""chi_bits0"": 8, ""mps_l0"": 33.4789, ""hsf_keff"": 8, ""hsf_l0"": 37.8424, ""sparse_l"": 11.6653, ""sv_l"": 24.6653, ""feat_secs"": 0.004196, ""feat_secs_frame"": 0.001013, ""feat_secs_hsf"": 0.003095}"
arith,"arith:bits=8,h=2,reps=4",1,"{""bits"": 8.0, ""h"": 2.0, ""reps"": 4.0}",dense,ok,0.037183,0.0418,7274496,-0.2499999999999997,17,-0.2500000000000001,4.163336342344337e-16,switched_at=Some(202) dense_qubits=17 peak_terms=1 term_visits=0 dense_ops=19013462,"{""n"": 17, ""gates"": 203, ""g2"": 128, ""g3"": 64, ""depth2"": 164, ""t_count"": 448, ""rotations"": 448, ""d"": 17, ""dense_l"": 25.4802, ""redundant"": 431, ""obs_zero"": false, ""frame_l"": 42.8074, ""chi_bits"": 4, ""mps_l"": 26.1036, ""hsf_k"": 20, ""hsf_na"": 8, ""hsf_nb"": 9, ""hsf_l"": 25.8424, ""sup"": 4, ""chi_bits0"": 8, ""mps_l0"": 33.4789, ""hsf_keff"": 8, ""hsf_l0"": 37.8424, ""sparse_l"": 11.6653, ""sv_l"": 24.6653, ""feat_secs"": 0.004196, ""feat_secs_frame"": 0.001013, ""feat_secs_hsf"": 0.003095}"
arith,"arith:bits=8,h=2,reps=4",1,"{""bits"": 8.0, ""h"": 2.0, ""reps"": 4.0}",auto,ok,0.037246,0.0419,7421952,-0.25,17,-0.2500000000000001,1.1102230246251565e-16,switched_at=Some(200) dense_qubits=17 peak_terms=4 term_visits=3 dense_ops=19144534,"{""n"": 17, ""gates"": 203, ""g2"": 128, ""g3"": 64, ""depth2"": 164, ""t_count"": 448, ""rotations"": 448, ""d"": 17, ""dense_l"": 25.4802, ""redundant"": 431, ""obs_zero"": false, ""frame_l"": 42.8074, ""chi_bits"": 4, ""mps_l"": 26.1036, ""hsf_k"": 20, ""hsf_na"": 8, ""hsf_nb"": 9, ""hsf_l"": 25.8424, ""sup"": 4, ""chi_bits0"": 8, ""mps_l0"": 33.4789, ""hsf_keff"": 8, ""hsf_l0"": 37.8424, ""sparse_l"": 11.6653, ""sv_l"": 24.6653, ""feat_secs"": 0.004196, ""feat_secs_frame"": 0.001013, ""feat_secs_hsf"": 0.003095}"
arith,"arith:bits=8,h=4,reps=1",1,"{""bits"": 8.0, ""h"": 4.0, ""reps"": 1.0}",sv,ok,0.003448,0.0097,4734976,0.0,131072,0.0,0.0,,"{""n"": 17, ""gates"": 60, ""g2"": 32, ""g3"": 16, ""depth2"": 41, ""t_count"": 112, ""rotations"": 112, ""d"": 17, ""dense_l"": 22.1463, ""redundant"": 95, ""obs_zero"": false, ""frame_l"": 40.8074, ""chi_bits"": 8, ""mps_l"": 31.193, ""hsf_k"": 5, ""hsf_na"": 8, ""hsf_nb"": 9, ""hsf_l"": 21.3038, ""sup"": 8, ""chi_bits0"": 8, ""mps_l0"": 31.193, ""hsf_keff"": 4, ""hsf_l0"": 22.3038, ""sparse_l"": 13.9069, ""sv_l"": 22.9069, ""feat_secs"": 0.003572, ""feat_secs_frame"": 0.000381, ""feat_secs_hsf"": 0.00314}"
arith,"arith:bits=8,h=4,reps=1",1,"{""bits"": 8.0, ""h"": 4.0, ""reps"": 1.0}",sparse,ok,0.000234,0.0048,2080768,0.0,256,0.0,0.0,,"{""n"": 17, ""gates"": 60, ""g2"": 32, ""g3"": 16, ""depth2"": 41, ""t_count"": 112, ""rotations"": 112, ""d"": 17, ""dense_l"": 22.1463, ""redundant"": 95, ""obs_zero"": false, ""frame_l"": 40.8074, ""chi_bits"": 8, ""mps_l"": 31.193, ""hsf_k"": 5, ""hsf_na"": 8, ""hsf_nb"": 9, ""hsf_l"": 21.3038, ""sup"": 8, ""chi_bits0"": 8, ""mps_l0"": 31.193, ""hsf_keff"": 4, ""hsf_l0"": 22.3038, ""sparse_l"": 13.9069, ""sv_l"": 22.9069, ""feat_secs"": 0.003572, ""feat_secs_frame"": 0.000381, ""feat_secs_hsf"": 0.00314}"
arith,"arith:bits=8,h=4,reps=1",1,"{""bits"": 8.0, ""h"": 4.0, ""reps"": 1.0}",mps,ok,0.001715,0.0060,3096576,1.203898092327903e-15,3,0.0,1.203898092327903e-15,,"{""n"": 17, ""gates"": 60, ""g2"": 32, ""g3"": 16, ""depth2"": 41, ""t_count"": 112, ""rotations"": 112, ""d"": 17, ""dense_l"": 22.1463, ""redundant"": 95, ""obs_zero"": false, ""frame_l"": 40.8074, ""chi_bits"": 8, ""mps_l"": 31.193, ""hsf_k"": 5, ""hsf_na"": 8, ""hsf_nb"": 9, ""hsf_l"": 21.3038, ""sup"": 8, ""chi_bits0"": 8, ""mps_l0"": 31.193, ""hsf_keff"": 4, ""hsf_l0"": 22.3038, ""sparse_l"": 13.9069, ""sv_l"": 22.9069, ""feat_secs"": 0.003572, ""feat_secs_frame"": 0.000381, ""feat_secs_hsf"": 0.00314}"
arith,"arith:bits=8,h=4,reps=1",1,"{""bits"": 8.0, ""h"": 4.0, ""reps"": 1.0}",hsf,ok,0.003189,0.0077,5226496,0.0,32,0.0,0.0,,"{""n"": 17, ""gates"": 60, ""g2"": 32, ""g3"": 16, ""depth2"": 41, ""t_count"": 112, ""rotations"": 112, ""d"": 17, ""dense_l"": 22.1463, ""redundant"": 95, ""obs_zero"": false, ""frame_l"": 40.8074, ""chi_bits"": 8, ""mps_l"": 31.193, ""hsf_k"": 5, ""hsf_na"": 8, ""hsf_nb"": 9, ""hsf_l"": 21.3038, ""sup"": 8, ""chi_bits0"": 8, ""mps_l0"": 31.193, ""hsf_keff"": 4, ""hsf_l0"": 22.3038, ""sparse_l"": 13.9069, ""sv_l"": 22.9069, ""feat_secs"": 0.003572, ""feat_secs_frame"": 0.000381, ""feat_secs_hsf"": 0.00314}"
arith,"arith:bits=8,h=4,reps=1",1,"{""bits"": 8.0, ""h"": 4.0, ""reps"": 1.0}",tableau,na,,0.0073,1818624,,,0.0,,"TooLarge { what: ""tableau (non-Clifford circuit)"", bytes: 0, limit: 0 }","{""n"": 17, ""gates"": 60, ""g2"": 32, ""g3"": 16, ""depth2"": 41, ""t_count"": 112, ""rotations"": 112, ""d"": 17, ""dense_l"": 22.1463, ""redundant"": 95, ""obs_zero"": false, ""frame_l"": 40.8074, ""chi_bits"": 8, ""mps_l"": 31.193, ""hsf_k"": 5, ""hsf_na"": 8, ""hsf_nb"": 9, ""hsf_l"": 21.3038, ""sup"": 8, ""chi_bits0"": 8, ""mps_l0"": 31.193, ""hsf_keff"": 4, ""hsf_l0"": 22.3038, ""sparse_l"": 13.9069, ""sv_l"": 22.9069, ""feat_secs"": 0.003572, ""feat_secs_frame"": 0.000381, ""feat_secs_hsf"": 0.00314}"
arith,"arith:bits=8,h=4,reps=1",1,"{""bits"": 8.0, ""h"": 4.0, ""reps"": 1.0}",frame,ok,0.002654,0.0079,3063808,-0.0,1024,0.0,0.0,switched_at=None dense_qubits=0 peak_terms=1024 term_visits=17403 dense_ops=0,"{""n"": 17, ""gates"": 60, ""g2"": 32, ""g3"": 16, ""depth2"": 41, ""t_count"": 112, ""rotations"": 112, ""d"": 17, ""dense_l"": 22.1463, ""redundant"": 95, ""obs_zero"": false, ""frame_l"": 40.8074, ""chi_bits"": 8, ""mps_l"": 31.193, ""hsf_k"": 5, ""hsf_na"": 8, ""hsf_nb"": 9, ""hsf_l"": 21.3038, ""sup"": 8, ""chi_bits0"": 8, ""mps_l0"": 31.193, ""hsf_keff"": 4, ""hsf_l0"": 22.3038, ""sparse_l"": 13.9069, ""sv_l"": 22.9069, ""feat_secs"": 0.003572, ""feat_secs_frame"": 0.000381, ""feat_secs_hsf"": 0.00314}"
arith,"arith:bits=8,h=4,reps=1",1,"{""bits"": 8.0, ""h"": 4.0, ""reps"": 1.0}",dense,ok,0.011378,0.0180,7880704,-1.734723475976807e-18,17,0.0,1.734723475976807e-18,switched_at=Some(84) dense_qubits=17 peak_terms=1 term_visits=0 dense_ops=2798910,"{""n"": 17, ""gates"": 60, ""g2"": 32, ""g3"": 16, ""depth2"": 41, ""t_count"": 112, ""rotations"": 112, ""d"": 17, ""dense_l"": 22.1463, ""redundant"": 95, ""obs_zero"": false, ""frame_l"": 40.8074, ""chi_bits"": 8, ""mps_l"": 31.193, ""hsf_k"": 5, ""hsf_na"": 8, ""hsf_nb"": 9, ""hsf_l"": 21.3038, ""sup"": 8, ""chi_bits0"": 8, ""mps_l0"": 31.193, ""hsf_keff"": 4, ""hsf_l0"": 22.3038, ""sparse_l"": 13.9069, ""sv_l"": 22.9069, ""feat_secs"": 0.003572, ""feat_secs_frame"": 0.000381, ""feat_secs_hsf"": 0.00314}"
arith,"arith:bits=8,h=4,reps=1",1,"{""bits"": 8.0, ""h"": 4.0, ""reps"": 1.0}",auto,ok,0.009474,0.0170,8028160,-8.691961448967238e-18,17,0.0,8.691961448967238e-18,switched_at=Some(82) dense_qubits=17 peak_terms=4 term_visits=3 dense_ops=2929982,"{""n"": 17, ""gates"": 60, ""g2"": 32, ""g3"": 16, ""depth2"": 41, ""t_count"": 112, ""rotations"": 112, ""d"": 17, ""dense_l"": 22.1463, ""redundant"": 95, ""obs_zero"": false, ""frame_l"": 40.8074, ""chi_bits"": 8, ""mps_l"": 31.193, ""hsf_k"": 5, ""hsf_na"": 8, ""hsf_nb"": 9, ""hsf_l"": 21.3038, ""sup"": 8, ""chi_bits0"": 8, ""mps_l0"": 31.193, ""hsf_keff"": 4, ""hsf_l0"": 22.3038, ""sparse_l"": 13.9069, ""sv_l"": 22.9069, ""feat_secs"": 0.003572, ""feat_secs_frame"": 0.000381, ""feat_secs_hsf"": 0.00314}"
arith,"arith:bits=8,h=4,reps=2",1,"{""bits"": 8.0, ""h"": 4.0, ""reps"": 2.0}",sv,ok,0.00571,0.0104,4849664,6.938893903907228e-18,131072,6.938893903907228e-18,0.0,,"{""n"": 17, ""gates"": 108, ""g2"": 64, ""g3"": 32, ""depth2"": 82, ""t_count"": 224, ""rotations"": 224, ""d"": 17, ""dense_l"": 24.2038, ""redundant"": 207, ""obs_zero"": false, ""frame_l"": 41.8074, ""chi_bits"": 8, ""mps_l"": 32.1003, ""hsf_k"": 10, ""hsf_na"": 8, ""hsf_nb"": 9, ""hsf_l"": 21.5078, ""sup"": 8, ""chi_bits0"": 8, ""mps_l0"": 32.1003, ""hsf_keff"": 4, ""hsf_l0"": 27.5078, ""sparse_l"": 14.7549, ""sv_l"": 23.7549, ""feat_secs"": 0.003613, ""feat_secs_frame"": 0.000501, ""feat_secs_hsf"": 0.003048}"
arith,"arith:bits=8,h=4,reps=2",1,"{""bits"": 8.0, ""h"": 4.0, ""reps"": 2.0}",sparse,ok,0.000368,0.0077,2064384,6.938893903907228e-18,256,6.938893903907228e-18,0.0,,"{""n"": 17, ""gates"": 108, ""g2"": 64, ""g3"": 32, ""depth2"": 82, ""t_count"": 224, ""rotations"": 224, ""d"": 17, ""dense_l"": 24.2038, ""redundant"": 207, ""obs_zero"": false, ""frame_l"": 41.8074, ""chi_bits"": 8, ""mps_l"": 32.1003, ""hsf_k"": 10, ""hsf_na"": 8, ""hsf_nb"": 9, ""hsf_l"": 21.5078, ""sup"": 8, ""chi_bits0"": 8, ""mps_l0"": 32.1003, ""hsf_keff"": 4, ""hsf_l0"": 27.5078, ""sparse_l"": 14.7549, ""sv_l"": 23.7549, ""feat_secs"": 0.003613, ""feat_secs_frame"": 0.000501, ""feat_secs_hsf"": 0.003048}"
arith,"arith:bits=8,h=4,reps=2",1,"{""bits"": 8.0, ""h"": 4.0, ""reps"": 2.0}",mps,ok,0.00319,0.0107,3244032,-4.926614671774128e-16,4,6.938893903907228e-18,4.9960036108132e-16,,"{""n"": 17, ""gates"": 108, ""g2"": 64, ""g3"": 32, ""depth2"": 82, ""t_count"": 224, ""rotations"": 224, ""d"": 17, ""dense_l"": 24.2038, ""redundant"": 207, ""obs_zero"": false, ""frame_l"": 41.8074, ""chi_bits"": 8, ""mps_l"": 32.1003, ""hsf_k"": 10, ""hsf_na"": 8, ""hsf_nb"": 9, ""hsf_l"": 21.5078, ""sup"": 8, ""chi_bits0"": 8, ""mps_l0"": 32.1003, ""hsf_keff"": 4, ""hsf_l0"": 27.5078, ""sparse_l"": 14.7549, ""sv_l"": 23.7549, ""feat_secs"": 0.003613, ""feat_secs_frame"": 0.000501, ""feat_secs_hsf"": 0.003048}"
arith,"arith:bits=8,h=4,reps=2",1,"{""bits"": 8.0, ""h"": 4.0, ""reps"": 2.0}",hsf,ok,0.005527,0.0127,5701632,6.938893903907228e-18,1024,6.938893903907228e-18,0.0,,"{""n"": 17, ""gates"": 108, ""g2"": 64, ""g3"": 32, ""depth2"": 82, ""t_count"": 224, ""rotations"": 224, ""d"": 17, ""dense_l"": 24.2038, ""redundant"": 207, ""obs_zero"": false, ""frame_l"": 41.8074, ""chi_bits"": 8, ""mps_l"": 32.1003, ""hsf_k"": 10, ""hsf_na"": 8, ""hsf_nb"": 9, ""hsf_l"": 21.5078, ""sup"": 8, ""chi_bits0"": 8, ""mps_l0"": 32.1003, ""hsf_keff"": 4, ""hsf_l0"": 27.5078, ""sparse_l"": 14.7549, ""sv_l"": 23.7549, ""feat_secs"": 0.003613, ""feat_secs_frame"": 0.000501, ""feat_secs_hsf"": 0.003048}"
arith,"arith:bits=8,h=4,reps=2",1,"{""bits"": 8.0, ""h"": 4.0, ""reps"": 2.0}",tableau,na,,0.0050,1818624,,,6.938893903907228e-18,,"TooLarge { what: ""tableau (non-Clifford circuit)"", bytes: 0, limit: 0 }","{""n"": 17, ""gates"": 108, ""g2"": 64, ""g3"": 32, ""depth2"": 82, ""t_count"": 224, ""rotations"": 224, ""d"": 17, ""dense_l"": 24.2038, ""redundant"": 207, ""obs_zero"": false, ""frame_l"": 41.8074, ""chi_bits"": 8, ""mps_l"": 32.1003, ""hsf_k"": 10, ""hsf_na"": 8, ""hsf_nb"": 9, ""hsf_l"": 21.5078, ""sup"": 8, ""chi_bits0"": 8, ""mps_l0"": 32.1003, ""hsf_keff"": 4, ""hsf_l0"": 27.5078, ""sparse_l"": 14.7549, ""sv_l"": 23.7549, ""feat_secs"": 0.003613, ""feat_secs_frame"": 0.000501, ""feat_secs_hsf"": 0.003048}"
arith,"arith:bits=8,h=4,reps=2",1,"{""bits"": 8.0, ""h"": 4.0, ""reps"": 2.0}",frame,ok,0.026483,0.0317,8601600,-0.0,32768,6.938893903907228e-18,6.938893903907228e-18,switched_at=None dense_qubits=0 peak_terms=32768 term_visits=825240 dense_ops=0,"{""n"": 17, ""gates"": 108, ""g2"": 64, ""g3"": 32, ""depth2"": 82, ""t_count"": 224, ""rotations"": 224, ""d"": 17, ""dense_l"": 24.2038, ""redundant"": 207, ""obs_zero"": false, ""frame_l"": 41.8074, ""chi_bits"": 8, ""mps_l"": 32.1003, ""hsf_k"": 10, ""hsf_na"": 8, ""hsf_nb"": 9, ""hsf_l"": 21.5078, ""sup"": 8, ""chi_bits0"": 8, ""mps_l0"": 32.1003, ""hsf_keff"": 4, ""hsf_l0"": 27.5078, ""sparse_l"": 14.7549, ""sv_l"": 23.7549, ""feat_secs"": 0.003613, ""feat_secs_frame"": 0.000501, ""feat_secs_hsf"": 0.003048}"
arith,"arith:bits=8,h=4,reps=2",1,"{""bits"": 8.0, ""h"": 4.0, ""reps"": 2.0}",dense,ok,0.027878,0.0349,8765440,4.163336342344337e-17,17,6.938893903907228e-18,3.469446951953614e-17,switched_at=Some(122) dense_qubits=17 peak_terms=1 term_visits=0 dense_ops=9344654,"{""n"": 17, ""gates"": 108, ""g2"": 64, ""g3"": 32, ""depth2"": 82, ""t_count"": 224, ""rotations"": 224, ""d"": 17, ""dense_l"": 24.2038, ""redundant"": 207, ""obs_zero"": false, ""frame_l"": 41.8074, ""chi_bits"": 8, ""mps_l"": 32.1003, ""hsf_k"": 10, ""hsf_na"": 8, ""hsf_nb"": 9, ""hsf_l"": 21.5078, ""sup"": 8, ""chi_bits0"": 8, ""mps_l0"": 32.1003, ""hsf_keff"": 4, ""hsf_l0"": 27.5078, ""sparse_l"": 14.7549, ""sv_l"": 23.7549, ""feat_secs"": 0.003613, ""feat_secs_frame"": 0.000501, ""feat_secs_hsf"": 0.003048}"
arith,"arith:bits=8,h=4,reps=2",1,"{""bits"": 8.0, ""h"": 4.0, ""reps"": 2.0}",auto,ok,0.022221,0.0268,8011776,6.591949208711867e-17,17,6.938893903907228e-18,5.898059818321144e-17,switched_at=Some(120) dense_qubits=17 peak_terms=4 term_visits=3 dense_ops=9475726,"{""n"": 17, ""gates"": 108, ""g2"": 64, ""g3"": 32, ""depth2"": 82, ""t_count"": 224, ""rotations"": 224, ""d"": 17, ""dense_l"": 24.2038, ""redundant"": 207, ""obs_zero"": false, ""frame_l"": 41.8074, ""chi_bits"": 8, ""mps_l"": 32.1003, ""hsf_k"": 10, ""hsf_na"": 8, ""hsf_nb"": 9, ""hsf_l"": 21.5078, ""sup"": 8, ""chi_bits0"": 8, ""mps_l0"": 32.1003, ""hsf_keff"": 4, ""hsf_l0"": 27.5078, ""sparse_l"": 14.7549, ""sv_l"": 23.7549, ""feat_secs"": 0.003613, ""feat_secs_frame"": 0.000501, ""feat_secs_hsf"": 0.003048}"
arith,"arith:bits=8,h=4,reps=4",1,"{""bits"": 8.0, ""h"": 4.0, ""reps"": 4.0}",sv,ok,0.010566,0.0170,4980736,0.03906250000000001,131072,0.03906250000000001,0.0,,"{""n"": 17, ""gates"": 204, ""g2"": 128, ""g3"": 64, ""depth2"": 164, ""t_count"": 448, ""rotations"": 448, ""d"": 17, ""dense_l"": 25.5369, ""redundant"": 431, ""obs_zero"": false, ""frame_l"": 42.8074, ""chi_bits"": 8, ""mps_l"": 33.4789, ""hsf_k"": 20, ""hsf_na"": 8, ""hsf_nb"": 9, ""hsf_l"": 25.8455, ""sup"": 8, ""chi_bits0"": 8, ""mps_l0"": 33.4789, ""hsf_keff"": 8, ""hsf_l0"": 37.8455, ""sparse_l"": 15.6724, ""sv_l"": 24.6724, ""feat_secs"": 0.004884, ""feat_secs_frame"": 0.000947, ""feat_secs_hsf"": 0.003851}"
arith,"arith:bits=8,h=4,reps=4",1,"{""bits"": 8.0, ""h"": 4.0, ""reps"": 4.0}",sparse,ok,0.000792,0.0077,2113536,0.03906250000000001,256,0.03906250000000001,0.0,,"{""n"": 17, ""gates"": 204, ""g2"": 128, ""g3"": 64, ""depth2"": 164, ""t_count"": 448, ""rotations"": 448, ""d"": 17, ""dense_l"": 25.5369, ""redundant"": 431, ""obs_zero"": false, ""frame_l"": 42.8074, ""chi_bits"": 8, ""mps_l"": 33.4789, ""hsf_k"": 20, ""hsf_na"": 8, ""hsf_nb"": 9, ""hsf_l"": 25.8455, ""sup"": 8, ""chi_bits0"": 8, ""mps_l0"": 33.4789, ""hsf_keff"": 8, ""hsf_l0"": 37.8455, ""sparse_l"": 15.6724, ""sv_l"": 24.6724, ""feat_secs"": 0.004884, ""feat_secs_frame"": 0.000947, ""feat_secs_hsf"": 0.003851}"
arith,"arith:bits=8,h=4,reps=4",1,"{""bits"": 8.0, ""h"": 4.0, ""reps"": 4.0}",mps,ok,0.020167,0.0257,4964352,0.0390625000000007,17,0.03906250000000001,6.938893903907228e-16,,"{""n"": 17, ""gates"": 204, ""g2"": 128, ""g3"": 64, ""depth2"": 164, ""t_count"": 448, ""rotations"": 448, ""d"": 17, ""dense_l"": 25.5369, ""redundant"": 431, ""obs_zero"": false, ""frame_l"": 42.8074, ""chi_bits"": 8, ""mps_l"": 33.4789, ""hsf_k"": 20, ""hsf_na"": 8, ""hsf_nb"": 9, ""hsf_l"": 25.8455, ""sup"": 8, ""chi_bits0"": 8, ""mps_l0"": 33.4789, ""hsf_keff"": 8, ""hsf_l0"": 37.8455, ""sparse_l"": 15.6724, ""sv_l"": 24.6724, ""feat_secs"": 0.004884, ""feat_secs_frame"": 0.000947, ""feat_secs_hsf"": 0.003851}"
arith,"arith:bits=8,h=4,reps=4",1,"{""bits"": 8.0, ""h"": 4.0, ""reps"": 4.0}",hsf,ok,0.005312,0.0105,5980160,0.03906250000000001,1048576,0.03906250000000001,0.0,,"{""n"": 17, ""gates"": 204, ""g2"": 128, ""g3"": 64, ""depth2"": 164, ""t_count"": 448, ""rotations"": 448, ""d"": 17, ""dense_l"": 25.5369, ""redundant"": 431, ""obs_zero"": false, ""frame_l"": 42.8074, ""chi_bits"": 8, ""mps_l"": 33.4789, ""hsf_k"": 20, ""hsf_na"": 8, ""hsf_nb"": 9, ""hsf_l"": 25.8455, ""sup"": 8, ""chi_bits0"": 8, ""mps_l0"": 33.4789, ""hsf_keff"": 8, ""hsf_l0"": 37.8455, ""sparse_l"": 15.6724, ""sv_l"": 24.6724, ""feat_secs"": 0.004884, ""feat_secs_frame"": 0.000947, ""feat_secs_hsf"": 0.003851}"
arith,"arith:bits=8,h=4,reps=4",1,"{""bits"": 8.0, ""h"": 4.0, ""reps"": 4.0}",tableau,na,,0.0051,1835008,,,0.03906250000000001,,"TooLarge { what: ""tableau (non-Clifford circuit)"", bytes: 0, limit: 0 }","{""n"": 17, ""gates"": 204, ""g2"": 128, ""g3"": 64, ""depth2"": 164, ""t_count"": 448, ""rotations"": 448, ""d"": 17, ""dense_l"": 25.5369, ""redundant"": 431, ""obs_zero"": false, ""frame_l"": 42.8074, ""chi_bits"": 8, ""mps_l"": 33.4789, ""hsf_k"": 20, ""hsf_na"": 8, ""hsf_nb"": 9, ""hsf_l"": 25.8455, ""sup"": 8, ""chi_bits0"": 8, ""mps_l0"": 33.4789, ""hsf_keff"": 8, ""hsf_l0"": 37.8455, ""sparse_l"": 15.6724, ""sv_l"": 24.6724, ""feat_secs"": 0.004884, ""feat_secs_frame"": 0.000947, ""feat_secs_hsf"": 0.003851}"
arith,"arith:bits=8,h=4,reps=4",1,"{""bits"": 8.0, ""h"": 4.0, ""reps"": 4.0}",frame,ok,0.145074,0.1530,28966912,0.03906249999999997,203780,0.03906250000000001,3.469446951953614e-17,switched_at=None dense_qubits=0 peak_terms=203780 term_visits=5232028 dense_ops=0,"{""n"": 17, ""gates"": 204, ""g2"": 128, ""g3"": 64, ""depth2"": 164, ""t_count"": 448, ""rotations"": 448, ""d"": 17, ""dense_l"": 25.5369, ""redundant"": 431, ""obs_zero"": false, ""frame_l"": 42.8074, ""chi_bits"": 8, ""mps_l"": 33.4789, ""hsf_k"": 20, ""hsf_na"": 8, ""hsf_nb"": 9, ""hsf_l"": 25.8455, ""sup"": 8, ""chi_bits0"": 8, ""mps_l0"": 33.4789, ""hsf_keff"": 8, ""hsf_l0"": 37.8455, ""sparse_l"": 15.6724, ""sv_l"": 24.6724, ""feat_secs"": 0.004884, ""feat_secs_frame"": 0.000947, ""feat_secs_hsf"": 0.003851}"
arith,"arith:bits=8,h=4,reps=4",1,"{""bits"": 8.0, ""h"": 4.0, ""reps"": 4.0}",dense,ok,0.040258,0.0469,7946240,0.03906250000000006,17,0.03906250000000001,5.551115123125783e-17,switched_at=Some(202) dense_qubits=17 peak_terms=1 term_visits=0 dense_ops=19822230,"{""n"": 17, ""gates"": 204, ""g2"": 128, ""g3"": 64, ""depth2"": 164, ""t_count"": 448, ""rotations"": 448, ""d"": 17, ""dense_l"": 25.5369, ""redundant"": 431, ""obs_zero"": false, ""frame_l"": 42.8074, ""chi_bits"": 8, ""mps_l"": 33.4789, ""hsf_k"": 20, ""hsf_na"": 8, ""hsf_nb"": 9, ""hsf_l"": 25.8455, ""sup"": 8, ""chi_bits0"": 8, ""mps_l0"": 33.4789, ""hsf_keff"": 8, ""hsf_l0"": 37.8455, ""sparse_l"": 15.6724, ""sv_l"": 24.6724, ""feat_secs"": 0.004884, ""feat_secs_frame"": 0.000947, ""feat_secs_hsf"": 0.003851}"
arith,"arith:bits=8,h=4,reps=4",1,"{""bits"": 8.0, ""h"": 4.0, ""reps"": 4.0}",auto,ok,0.043467,0.0497,8077312,0.0390625,17,0.03906250000000001,6.938893903907228e-18,switched_at=Some(200) dense_qubits=17 peak_terms=4 term_visits=3 dense_ops=19953302,"{""n"": 17, ""gates"": 204, ""g2"": 128, ""g3"": 64, ""depth2"": 164, ""t_count"": 448, ""rotations"": 448, ""d"": 17, ""dense_l"": 25.5369, ""redundant"": 431, ""obs_zero"": false, ""frame_l"": 42.8074, ""chi_bits"": 8, ""mps_l"": 33.4789, ""hsf_k"": 20, ""hsf_na"": 8, ""hsf_nb"": 9, ""hsf_l"": 25.8455, ""sup"": 8, ""chi_bits0"": 8, ""mps_l0"": 33.4789, ""hsf_keff"": 8, ""hsf_l0"": 37.8455, ""sparse_l"": 15.6724, ""sv_l"": 24.6724, ""feat_secs"": 0.004884, ""feat_secs_frame"": 0.000947, ""feat_secs_hsf"": 0.003851}"
arith,"arith:bits=8,h=6,reps=1",1,"{""bits"": 8.0, ""h"": 6.0, ""reps"": 1.0}",sv,ok,0.003952,0.0108,4734976,-1.301042606982605e-18,131072,-1.301042606982605e-18,0.0,,"{""n"": 17, ""gates"": 62, ""g2"": 32, ""g3"": 16, ""depth2"": 41, ""t_count"": 112, ""rotations"": 112, ""d"": 17, ""dense_l"": 22.6558, ""redundant"": 95, ""obs_zero"": false, ""frame_l"": 40.8074, ""chi_bits"": 8, ""mps_l"": 31.193, ""hsf_k"": 5, ""hsf_na"": 8, ""hsf_nb"": 9, ""hsf_l"": 21.3129, ""sup"": 12, ""chi_bits0"": 8, ""mps_l0"": 31.193, ""hsf_keff"": 4, ""hsf_l0"": 22.3129, ""sparse_l"": 17.9542, ""sv_l"": 22.9542, ""feat_secs"": 0.002497, ""feat_secs_frame"": 0.000282, ""feat_secs_hsf"": 0.002168}"
arith,"arith:bits=8,h=6,reps=1",1,"{""bits"": 8.0, ""h"": 6.0, ""reps"": 1.0}",sparse,ok,0.003933,0.0102,2834432,-1.301042606982605e-18,4096,-1.301042606982605e-18,0.0,,"{""n"": 17, ""gates"": 62, ""g2"": 32, ""g3"": 16, ""depth2"": 41, ""t_count"": 112, ""rotations"": 112, ""d"": 17, ""dense_l"": 22.6558, ""redundant"": 95, ""obs_zero"": false, ""frame_l"": 40.8074, ""chi_bits"": 8, ""mps_l"": 31.193, ""hsf_k"": 5, ""hsf_na"": 8, ""hsf_nb"": 9, ""hsf_l"": 21.3129, ""sup"": 12, ""chi_bits0"": 8, ""mps_l0"": 31.193, ""hsf_keff"": 4, ""hsf_l0"": 22.3129, ""sparse_l"": 17.9542, ""sv_l"": 22.9542, ""feat_secs"": 0.002497, ""feat_secs_frame"": 0.000282, ""feat_secs_hsf"": 0.002168}"
arith,"arith:bits=8,h=6,reps=1",1,"{""bits"": 8.0, ""h"": 6.0, ""reps"": 1.0}",mps,ok,0.002791,0.0076,3129344,3.313321839115706e-16,3,-1.301042606982605e-18,3.326332265185532e-16,,"{""n"": 17, ""gates"": 62, ""g2"": 32, ""g3"": 16, ""depth2"": 41, ""t_count"": 112, ""rotations"": 112, ""d"": 17, ""dense_l"": 22.6558, ""redundant"": 95, ""obs_zero"": false, ""frame_l"": 40.8074, ""chi_bits"": 8, ""mps_l"": 31.193, ""hsf_k"": 5, ""hsf_na"": 8, ""hsf_nb"": 9, ""hsf_l"": 21.3129, ""sup"": 12, ""chi_bits0"": 8, ""mps_l0"": 31.193, ""hsf_keff"": 4, ""hsf_l0"": 22.3129, ""sparse_l"": 17.9542, ""sv_l"": 22.9542, ""feat_secs"": 0.002497, ""feat_secs_frame"": 0.000282, ""feat_secs_hsf"": 0.002168}"
arith,"arith:bits=8,h=6,reps=1",1,"{""bits"": 8.0, ""h"": 6.0, ""reps"": 1.0}",hsf,ok,0.003135,0.0103,5210112,0.0,32,-1.301042606982605e-18,1.301042606982605e-18,,"{""n"": 17, ""gates"": 62, ""g2"": 32, ""g3"": 16, ""depth2"": 41, ""t_count"": 112, ""rotations"": 112, ""d"": 17, ""dense_l"": 22.6558, ""redundant"": 95, ""obs_zero"": false, ""frame_l"": 40.8074, ""chi_bits"": 8, ""mps_l"": 31.193, ""hsf_k"": 5, ""hsf_na"": 8, ""hsf_nb"": 9, ""hsf_l"": 21.3129, ""sup"": 12, ""chi_bits0"": 8, ""mps_l0"": 31.193, ""hsf_keff"": 4, ""hsf_l0"": 22.3129, ""sparse_l"": 17.9542, ""sv_l"": 22.9542, ""feat_secs"": 0.002497, ""feat_secs_frame"": 0.000282, ""feat_secs_hsf"": 0.002168}"
arith,"arith:bits=8,h=6,reps=1",1,"{""bits"": 8.0, ""h"": 6.0, ""reps"": 1.0}",tableau,na,,0.0044,1818624,,,-1.301042606982605e-18,,"TooLarge { what: ""tableau (non-Clifford circuit)"", bytes: 0, limit: 0 }","{""n"": 17, ""gates"": 62, ""g2"": 32, ""g3"": 16, ""depth2"": 41, ""t_count"": 112, ""rotations"": 112, ""d"": 17, ""dense_l"": 22.6558, ""redundant"": 95, ""obs_zero"": false, ""frame_l"": 40.8074, ""chi_bits"": 8, ""mps_l"": 31.193, ""hsf_k"": 5, ""hsf_na"": 8, ""hsf_nb"": 9, ""hsf_l"": 21.3129, ""sup"": 12, ""chi_bits0"": 8, ""mps_l0"": 31.193, ""hsf_keff"": 4, ""hsf_l0"": 22.3129, ""sparse_l"": 17.9542, ""sv_l"": 22.9542, ""feat_secs"": 0.002497, ""feat_secs_frame"": 0.000282, ""feat_secs_hsf"": 0.002168}"
arith,"arith:bits=8,h=6,reps=1",1,"{""bits"": 8.0, ""h"": 6.0, ""reps"": 1.0}",frame,ok,0.006038,0.0108,5406720,-0.0,16384,-1.301042606982605e-18,1.301042606982605e-18,switched_at=None dense_qubits=0 peak_terms=16384 term_visits=147451 dense_ops=0,"{""n"": 17, ""gates"": 62, ""g2"": 32, ""g3"": 16, ""depth2"": 41, ""t_count"": 112, ""rotations"": 112, ""d"": 17, ""dense_l"": 22.6558, ""redundant"": 95, ""obs_zero"": false, ""frame_l"": 40.8074, ""chi_bits"": 8, ""mps_l"": 31.193, ""hsf_k"": 5, ""hsf_na"": 8, ""hsf_nb"": 9, ""hsf_l"": 21.3129, ""sup"": 12, ""chi_bits0"": 8, ""mps_l0"": 31.193, ""hsf_keff"": 4, ""hsf_l0"": 22.3129, ""sparse_l"": 17.9542, ""sv_l"": 22.9542, ""feat_secs"": 0.002497, ""feat_secs_frame"": 0.000282, ""feat_secs_hsf"": 0.002168}"
arith,"arith:bits=8,h=6,reps=1",1,"{""bits"": 8.0, ""h"": 6.0, ""reps"": 1.0}",dense,ok,0.013587,0.0189,8044544,2.602085213965211e-18,17,-1.301042606982605e-18,3.903127820947816e-18,switched_at=Some(84) dense_qubits=17 peak_terms=1 term_visits=0 dense_ops=3953982,"{""n"": 17, ""gates"": 62, ""g2"": 32, ""g3"": 16, ""depth2"": 41, ""t_count"": 112, ""rotations"": 112, ""d"": 17, ""dense_l"": 22.6558, ""redundant"": 95, ""obs_zero"": false, ""frame_l"": 40.8074, ""chi_bits"": 8, ""mps_l"": 31.193, ""hsf_k"": 5, ""hsf_na"": 8, ""hsf_nb"": 9, ""hsf_l"": 21.3129, ""sup"": 12, ""chi_bits0"": 8, ""mps_l0"": 31.193, ""hsf_keff"": 4, ""hsf_l0"": 22.3129, ""sparse_l"": 17.9542, ""sv_l"": 22.9542, ""feat_secs"": 0.002497, ""feat_secs_frame"": 0.000282, ""feat_secs_hsf"": 0.002168}"
arith,"arith:bits=8,h=6,reps=1",1,"{""bits"": 8.0, ""h"": 6.0, ""reps"": 1.0}",auto,ok,0.013448,0.0186,8110080,-3.03669370944605e-20,17,-1.301042606982605e-18,1.2706756698881444e-18,switched_at=Some(82) dense_qubits=17 peak_terms=4 term_visits=3 dense_ops=4085054,"{""n"": 17, ""gates"": 62, ""g2"": 32, ""g3"": 16, ""depth2"": 41, ""t_count"": 112, ""rotations"": 112, ""d"": 17, ""dense_l"": 22.6558, ""redundant"": 95, ""obs_zero"": false, ""frame_l"": 40.8074, ""chi_bits"": 8, ""mps_l"": 31.193, ""hsf_k"": 5, ""hsf_na"": 8, ""hsf_nb"": 9, ""hsf_l"": 21.3129, ""sup"": 12, ""chi_bits0"": 8, ""mps_l0"": 31.193, ""hsf_keff"": 4, ""hsf_l0"": 22.3129, ""sparse_l"": 17.9542, ""sv_l"": 22.9542, ""feat_secs"": 0.002497, ""feat_secs_frame"": 0.000282, ""feat_secs_hsf"": 0.002168}"
arith,"arith:bits=8,h=6,reps=2",1,"{""bits"": 8.0, ""h"": 6.0, ""reps"": 2.0}",sv,ok,0.005847,0.0129,4833280,-3.035766082959412e-18,131072,-3.035766082959412e-18,0.0,,"{""n"": 17, ""gates"": 110, ""g2"": 64, ""g3"": 32, ""depth2"": 82, ""t_count"": 224, ""rotations"": 224, ""d"": 17, ""dense_l"": 24.3436, ""redundant"": 207, ""obs_zero"": false, ""frame_l"": 41.8074, ""chi_bits"": 8, ""mps_l"": 32.1003, ""hsf_k"": 10, ""hsf_na"": 8, ""hsf_nb"": 9, ""hsf_l"": 23.5157, ""sup"": 12, ""chi_bits0"": 8, ""mps_l0"": 32.1003, ""hsf_keff"": 6, ""hsf_l0"": 27.5157, ""sparse_l"": 18.7814, ""sv_l"": 23.7814, ""feat_secs"": 0.003774, ""feat_secs_frame"": 0.000511, ""feat_secs_hsf"": 0.003209}"
arith,"arith:bits=8,h=6,reps=2",1,"{""bits"": 8.0, ""h"": 6.0, ""reps"": 2.0}",sparse,ok,0.006639,0.0136,2834432,-1.409462824231156e-18,4096,-3.035766082959412e-18,1.626303258728256e-18,,"{""n"": 17, ""gates"": 110, ""g2"": 64, ""g3"": 32, ""depth2"": 82, ""t_count"": 224, ""rotations"": 224, ""d"": 17, ""dense_l"": 24.3436, ""redundant"": 207, ""obs_zero"": false, ""frame_l"": 41.8074, ""chi_bits"": 8, ""mps_l"": 32.1003, ""hsf_k"": 10, ""hsf_na"": 8, ""hsf_nb"": 9, ""hsf_l"": 23.5157, ""sup"": 12, ""chi_bits0"": 8, ""mps_l0"": 32.1003, ""hsf_keff"": 6, ""hsf_l0"": 27.5157, ""sparse_l"": 18.7814, ""sv_l"": 23.7814, ""feat_secs"": 0.003774, ""feat_secs_frame"": 0.000511, ""feat_secs_hsf"": 0.003209}"
arith,"arith:bits=8,h=6,reps=2",1,"{""bits"": 8.0, ""h"": 6.0, ""reps"": 2.0}",mps,ok,0.004192,0.0109,3260416,4.258746133523057e-16,4,-3.035766082959412e-18,4.289103794352651e-16,,"{""n"": 17, ""gates"": 110, ""g2"": 64, ""g3"": 32, ""depth2"": 82, ""t_count"": 224, ""rotations"": 224, ""d"": 17, ""dense_l"": 24.3436, ""redundant"": 207, ""obs_zero"": false, ""frame_l"": 41.8074, ""chi_bits"": 8, ""mps_l"": 32.1003, ""hsf_k"": 10, ""hsf_na"": 8, ""hsf_nb"": 9, ""hsf_l"": 23.5157, ""sup"": 12, ""chi_bits0"": 8, ""mps_l0"": 32.1003, ""hsf_keff"": 6, ""hsf_l0"": 27.5157, ""sparse_l"": 18.7814, ""sv_l"": 23.7814, ""feat_secs"": 0.003774, ""feat_secs_frame"": 0.000511, ""feat_secs_hsf"": 0.003209}"
arith,"arith:bits=8,h=6,reps=2",1,"{""bits"": 8.0, ""h"": 6.0, ""reps"": 2.0}",hsf,ok,0.005345,0.0108,5816320,-1.734723475976807e-18,1024,-3.035766082959412e-18,1.301042606982605e-18,,"{""n"": 17, ""gates"": 110, ""g2"": 64, ""g3"": 32, ""depth2"": 82, ""t_count"": 224, ""rotations"": 224, ""d"": 17, ""dense_l"": 24.3436, ""redundant"": 207, ""obs_zero"": false, ""frame_l"": 41.8074, ""chi_bits"": 8, ""mps_l"": 32.1003, ""hsf_k"": 10, ""hsf_na"": 8, ""hsf_nb"": 9, ""hsf_l"": 23.5157, ""sup"": 12, ""chi_bits0"": 8, ""mps_l0"": 32.1003, ""hsf_keff"": 6, ""hsf_l0"": 27.5157, ""sparse_l"": 18.7814, ""sv_l"": 23.7814, ""feat_secs"": 0.003774, ""feat_secs_frame"": 0.000511, ""feat_secs_hsf"": 0.003209}"
arith,"arith:bits=8,h=6,reps=2",1,"{""bits"": 8.0, ""h"": 6.0, ""reps"": 2.0}",tableau,na,,0.0048,1818624,,,-3.035766082959412e-18,,"TooLarge { what: ""tableau (non-Clifford circuit)"", bytes: 0, limit: 0 }","{""n"": 17, ""gates"": 110, ""g2"": 64, ""g3"": 32, ""depth2"": 82, ""t_count"": 224, ""rotations"": 224, ""d"": 17, ""dense_l"": 24.3436, ""redundant"": 207, ""obs_zero"": false, ""frame_l"": 41.8074, ""chi_bits"": 8, ""mps_l"": 32.1003, ""hsf_k"": 10, ""hsf_na"": 8, ""hsf_nb"": 9, ""hsf_l"": 23.5157, ""sup"": 12, ""chi_bits0"": 8, ""mps_l0"": 32.1003, ""hsf_keff"": 6, ""hsf_l0"": 27.5157, ""sparse_l"": 18.7814, ""sv_l"": 23.7814, ""feat_secs"": 0.003774, ""feat_secs_frame"": 0.000511, ""feat_secs_hsf"": 0.003209}"
arith,"arith:bits=8,h=6,reps=2",1,"{""bits"": 8.0, ""h"": 6.0, ""reps"": 2.0}",frame,ok,0.025812,0.0312,8519680,-0.0,32768,-3.035766082959412e-18,3.035766082959412e-18,switched_at=None dense_qubits=0 peak_terms=32768 term_visits=978744 dense_ops=0,"{""n"": 17, ""gates"": 110, ""g2"": 64, ""g3"": 32, ""depth2"": 82, ""t_count"": 224, ""rotations"": 224, ""d"": 17, ""dense_l"": 24.3436, ""redundant"": 207, ""obs_zero"": false, ""frame_l"": 41.8074, ""chi_bits"": 8, ""mps_l"": 32.1003, ""hsf_k"": 10, ""hsf_na"": 8, ""hsf_nb"": 9, ""hsf_l"": 23.5157, ""sup"": 12, ""chi_bits0"": 8, ""mps_l0"": 32.1003, ""hsf_keff"": 6, ""hsf_l0"": 27.5157, ""sparse_l"": 18.7814, ""sv_l"": 23.7814, ""feat_secs"": 0.003774, ""feat_secs_frame"": 0.000511, ""feat_secs_hsf"": 0.003209}"
arith,"arith:bits=8,h=6,reps=2",1,"{""bits"": 8.0, ""h"": 6.0, ""reps"": 2.0}",dense,ok,0.029417,0.0378,8765440,9.540979117872439e-18,17,-3.035766082959412e-18,1.2576745200831851e-17,switched_at=Some(122) dense_qubits=17 peak_terms=1 term_visits=0 dense_ops=10218126,"{""n"": 17, ""gates"": 110, ""g2"": 64, ""g3"": 32, ""depth2"": 82, ""t_count"": 224, ""rotations"": 224, ""d"": 17, ""dense_l"": 24.3436, ""redundant"": 207, ""obs_zero"": false, ""frame_l"": 41.8074, ""chi_bits"": 8, ""mps_l"": 32.1003, ""hsf_k"": 10, ""hsf_na"": 8, ""hsf_nb"": 9, ""hsf_l"": 23.5157, ""sup"": 12, ""chi_bits0"": 8, ""mps_l0"": 32.1003, ""hsf_keff"": 6, ""hsf_l0"": 27.5157, ""sparse_l"": 18.7814, ""sv_l"": 23.7814, ""feat_secs"": 0.003774, ""feat_secs_frame"": 0.000511, ""feat_secs_hsf"": 0.003209}"
arith,"arith:bits=8,h=6,reps=2",1,"{""bits"": 8.0, ""h"": 6.0, ""reps"": 2.0}",auto,ok,0.025752,0.0309,8093696,1.561251128379126e-17,17,-3.035766082959412e-18,1.8648277366750673e-17,switched_at=Some(120) dense_qubits=17 peak_terms=4 term_visits=3 dense_ops=10349198,"{""n"": 17, ""gates"": 110, ""g2"": 64, ""g3"": 32, ""depth2"": 82, ""t_count"": 224, ""rotations"": 224, ""d"": 17, ""dense_l"": 24.3436, ""redundant"": 207, ""obs_zero"": false, ""frame_l"": 41.8074, ""chi_bits"": 8, ""mps_l"": 32.1003, ""hsf_k"": 10, ""hsf_na"": 8, ""hsf_nb"": 9, ""hsf_l"": 23.5157, ""sup"": 12, ""chi_bits0"": 8, ""mps_l0"": 32.1003, ""hsf_keff"": 6, ""hsf_l0"": 27.5157, ""sparse_l"": 18.7814, ""sv_l"": 23.7814, ""feat_secs"": 0.003774, ""feat_secs_frame"": 0.000511, ""feat_secs_hsf"": 0.003209}"
arith,"arith:bits=8,h=6,reps=4",1,"{""bits"": 8.0, ""h"": 6.0, ""reps"": 4.0}",sv,ok,0.011367,0.0189,5046272,0.002929687500000001,131072,0.002929687500000001,0.0,,"{""n"": 17, ""gates"": 206, ""g2"": 128, ""g3"": 64, ""depth2"": 164, ""t_count"": 448, ""rotations"": 448, ""d"": 17, ""dense_l"": 25.594, ""redundant"": 431, ""obs_zero"": false, ""frame_l"": 42.8074, ""chi_bits"": 8, ""mps_l"": 33.4789, ""hsf_k"": 20, ""hsf_na"": 8, ""hsf_nb"": 9, ""hsf_l"": 29.8517, ""sup"": 12, ""chi_bits0"": 8, ""mps_l0"": 33.4789, ""hsf_keff"": 12, ""hsf_l0"": 37.8517, ""sparse_l"": 19.6865, ""sv_l"": 24.6865, ""feat_secs"": 0.004322, ""feat_secs_frame"": 0.001076, ""feat_secs_hsf"": 0.003156}"
arith,"arith:bits=8,h=6,reps=4",1,"{""bits"": 8.0, ""h"": 6.0, ""reps"": 4.0}",sparse,ok,0.013409,0.0196,2867200,0.0029296875,4096,0.002929687500000001,8.673617379884035e-19,,"{""n"": 17, ""gates"": 206, ""g2"": 128, ""g3"": 64, ""depth2"": 164, ""t_count"": 448, ""rotations"": 448, ""d"": 17, ""dense_l"": 25.594, ""redundant"": 431, ""obs_zero"": false, ""frame_l"": 42.8074, ""chi_bits"": 8, ""mps_l"": 33.4789, ""hsf_k"": 20, ""hsf_na"": 8, ""hsf_nb"": 9, ""hsf_l"": 29.8517, ""sup"": 12, ""chi_bits0"": 8, ""mps_l0"": 33.4789, ""hsf_keff"": 12, ""hsf_l0"": 37.8517, ""sparse_l"": 19.6865, ""sv_l"": 24.6865, ""feat_secs"": 0.004322, ""feat_secs_frame"": 0.001076, ""feat_secs_hsf"": 0.003156}"
arith,"arith:bits=8,h=6,reps=4",1,"{""bits"": 8.0, ""h"": 6.0, ""reps"": 4.0}",mps,ok,0.033625,0.0390,5128192,0.002929687499999115,17,0.002929687500000001,8.860100153551542e-16,,"{""n"": 17, ""gates"": 206, ""g2"": 128, ""g3"": 64, ""depth2"": 164, ""t_count"": 448, ""rotations"": 448, ""d"": 17, ""dense_l"": 25.594, ""redundant"": 431, ""obs_zero"": false, ""frame_l"": 42.8074, ""chi_bits"": 8, ""mps_l"": 33.4789, ""hsf_k"": 20, ""hsf_na"": 8, ""hsf_nb"": 9, ""hsf_l"": 29.8517, ""sup"": 12, ""chi_bits0"": 8, ""mps_l0"": 33.4789, ""hsf_keff"": 12, ""hsf_l0"": 37.8517, ""sparse_l"": 19.6865, ""sv_l"": 24.6865, ""feat_secs"": 0.004322, ""feat_secs_frame"": 0.001076, ""feat_secs_hsf"": 0.003156}"
arith,"arith:bits=8,h=6,reps=4",1,"{""bits"": 8.0, ""h"": 6.0, ""reps"": 4.0}",hsf,ok,0.007988,0.0140,6389760,0.002929687500000002,1048576,0.002929687500000001,1.3010426069826053e-18,,"{""n"": 17, ""gates"": 206, ""g2"": 128, ""g3"": 64, ""depth2"": 164, ""t_count"": 448, ""rotations"": 448, ""d"": 17, ""dense_l"": 25.594, ""redundant"": 431, ""obs_zero"": false, ""frame_l"": 42.8074, ""chi_bits"": 8, ""mps_l"": 33.4789, ""hsf_k"": 20, ""hsf_na"": 8, ""hsf_nb"": 9, ""hsf_l"": 29.8517, ""sup"": 12, ""chi_bits0"": 8, ""mps_l0"": 33.4789, ""hsf_keff"": 12, ""hsf_l0"": 37.8517, ""sparse_l"": 19.6865, ""sv_l"": 24.6865, ""feat_secs"": 0.004322, ""feat_secs_frame"": 0.001076, ""feat_secs_hsf"": 0.003156}"
arith,"arith:bits=8,h=6,reps=4",1,"{""bits"": 8.0, ""h"": 6.0, ""reps"": 4.0}",tableau,na,,0.0048,1851392,,,0.002929687500000001,,"TooLarge { what: ""tableau (non-Clifford circuit)"", bytes: 0, limit: 0 }","{""n"": 17, ""gates"": 206, ""g2"": 128, ""g3"": 64, ""depth2"": 164, ""t_count"": 448, ""rotations"": 448, ""d"": 17, ""dense_l"": 25.594, ""redundant"": 431, ""obs_zero"": false, ""frame_l"": 42.8074, ""chi_bits"": 8, ""mps_l"": 33.4789, ""hsf_k"": 20, ""hsf_na"": 8, ""hsf_nb"": 9, ""hsf_l"": 29.8517, ""sup"": 12, ""chi_bits0"": 8, ""mps_l0"": 33.4789, ""hsf_keff"": 12, ""hsf_l0"": 37.8517, ""sparse_l"": 19.6865, ""sv_l"": 24.6865, ""feat_secs"": 0.004322, ""feat_secs_frame"": 0.001076, ""feat_secs_hsf"": 0.003156}"
arith,"arith:bits=8,h=6,reps=4",1,"{""bits"": 8.0, ""h"": 6.0, ""reps"": 4.0}",frame,ok,0.151626,0.1578,28901376,0.002929687499999992,203780,0.002929687500000001,8.673617379884035e-18,switched_at=None dense_qubits=0 peak_terms=203780 term_visits=5576793 dense_ops=0,"{""n"": 17, ""gates"": 206, ""g2"": 128, ""g3"": 64, ""depth2"": 164, ""t_count"": 448, ""rotations"": 448, ""d"": 17, ""dense_l"": 25.594, ""redundant"": 431, ""obs_zero"": false, ""frame_l"": 42.8074, ""chi_bits"": 8, ""mps_l"": 33.4789, ""hsf_k"": 20, ""hsf_na"": 8, ""hsf_nb"": 9, ""hsf_l"": 29.8517, ""sup"": 12, ""chi_bits0"": 8, ""mps_l0"": 33.4789, ""hsf_keff"": 12, ""hsf_l0"": 37.8517, ""sparse_l"": 19.6865, ""sv_l"": 24.6865, ""feat_secs"": 0.004322, ""feat_secs_frame"": 0.001076, ""feat_secs_hsf"": 0.003156}"
arith,"arith:bits=8,h=6,reps=4",1,"{""bits"": 8.0, ""h"": 6.0, ""reps"": 4.0}",dense,ok,0.051127,0.0560,8781824,0.002929687499999981,17,0.002929687500000001,1.9949319973733282e-17,switched_at=Some(202) dense_qubits=17 peak_terms=1 term_visits=0 dense_ops=20671126,"{""n"": 17, ""gates"": 206, ""g2"": 128, ""g3"": 64, ""depth2"": 164, ""t_count"": 448, ""rotations"": 448, ""d"": 17, ""dense_l"": 25.594, ""redundant"": 431, ""obs_zero"": false, ""frame_l"": 42.8074, ""chi_bits"": 8, ""mps_l"": 33.4789, ""hsf_k"": 20, ""hsf_na"": 8, ""hsf_nb"": 9, ""hsf_l"": 29.8517, ""sup"": 12, ""chi_bits0"": 8, ""mps_l0"": 33.4789, ""hsf_keff"": 12, ""hsf_l0"": 37.8517, ""sparse_l"": 19.6865, ""sv_l"": 24.6865, ""feat_secs"": 0.004322, ""feat_secs_frame"": 0.001076, ""feat_secs_hsf"": 0.003156}"
arith,"arith:bits=8,h=6,reps=4",1,"{""bits"": 8.0, ""h"": 6.0, ""reps"": 4.0}",auto,ok,0.050402,0.0551,8912896,0.002929687499999984,17,0.002929687500000001,1.691355389077387e-17,switched_at=Some(200) dense_qubits=17 peak_terms=4 term_visits=3 dense_ops=20802198,"{""n"": 17, ""gates"": 206, ""g2"": 128, ""g3"": 64, ""depth2"": 164, ""t_count"": 448, ""rotations"": 448, ""d"": 17, ""dense_l"": 25.594, ""redundant"": 431, ""obs_zero"": false, ""frame_l"": 42.8074, ""chi_bits"": 8, ""mps_l"": 33.4789, ""hsf_k"": 20, ""hsf_na"": 8, ""hsf_nb"": 9, ""hsf_l"": 29.8517, ""sup"": 12, ""chi_bits0"": 8, ""mps_l0"": 33.4789, ""hsf_keff"": 12, ""hsf_l0"": 37.8517, ""sparse_l"": 19.6865, ""sv_l"": 24.6865, ""feat_secs"": 0.004322, ""feat_secs_frame"": 0.001076, ""feat_secs_hsf"": 0.003156}"
arith,"arith:bits=10,h=0,reps=1",1,"{""bits"": 10.0, ""h"": 0.0, ""reps"": 1.0}",sv,ok,0.059422,0.0656,36388864,1.0,2097152,1.0,0.0,,"{""n"": 21, ""gates"": 72, ""g2"": 40, ""g3"": 20, ""depth2"": 51, ""t_count"": 140, ""rotations"": 140, ""d"": 19, ""dense_l"": 22.8088, ""redundant"": 121, ""obs_zero"": false, ""frame_l"": 45.1293, ""chi_bits"": 0, ""mps_l"": 14.0215, ""hsf_k"": 5, ""hsf_na"": 10, ""hsf_nb"": 11, ""hsf_l"": 23.098, ""sup"": 0, ""chi_bits0"": 10, ""mps_l0"": 36.7453, ""hsf_keff"": 2, ""hsf_l0"": 26.098, ""sparse_l"": 6.1699, ""sv_l"": 27.1699, ""feat_secs"": 0.004926, ""feat_secs_frame"": 0.000363, ""feat_secs_hsf"": 0.004522}"
arith,"arith:bits=10,h=0,reps=1",1,"{""bits"": 10.0, ""h"": 0.0, ""reps"": 1.0}",sparse,ok,1.9e-05,0.0073,1884160,1.0,1,1.0,0.0,,"{""n"": 21, ""gates"": 72, ""g2"": 40, ""g3"": 20, ""depth2"": 51, ""t_count"": 140, ""rotations"": 140, ""d"": 19, ""dense_l"": 22.8088, ""redundant"": 121, ""obs_zero"": false, ""frame_l"": 45.1293, ""chi_bits"": 0, ""mps_l"": 14.0215, ""hsf_k"": 5, ""hsf_na"": 10, ""hsf_nb"": 11, ""hsf_l"": 23.098, ""sup"": 0, ""chi_bits0"": 10, ""mps_l0"": 36.7453, ""hsf_keff"": 2, ""hsf_l0"": 26.098, ""sparse_l"": 6.1699, ""sv_l"": 27.1699, ""feat_secs"": 0.004926, ""feat_secs_frame"": 0.000363, ""feat_secs_hsf"": 0.004522}"
arith,"arith:bits=10,h=0,reps=1",1,"{""bits"": 10.0, ""h"": 0.0, ""reps"": 1.0}",mps,ok,0.001207,0.0078,2342912,1.0,1,1.0,0.0,,"{""n"": 21, ""gates"": 72, ""g2"": 40, ""g3"": 20, ""depth2"": 51, ""t_count"": 140, ""rotations"": 140, ""d"": 19, ""dense_l"": 22.8088, ""redundant"": 121, ""obs_zero"": false, ""frame_l"": 45.1293, ""chi_bits"": 0, ""mps_l"": 14.0215, ""hsf_k"": 5, ""hsf_na"": 10, ""hsf_nb"": 11, ""hsf_l"": 23.098, ""sup"": 0, ""chi_bits0"": 10, ""mps_l0"": 36.7453, ""hsf_keff"": 2, ""hsf_l0"": 26.098, ""sparse_l"": 6.1699, ""sv_l"": 27.1699, ""feat_secs"": 0.004926, ""feat_secs_frame"": 0.000363, ""feat_secs_hsf"": 0.004522}"
arith,"arith:bits=10,h=0,reps=1",1,"{""bits"": 10.0, ""h"": 0.0, ""reps"": 1.0}",hsf,ok,0.014065,0.0189,37928960,1.0,32,1.0,0.0,,"{""n"": 21, ""gates"": 72, ""g2"": 40, ""g3"": 20, ""depth2"": 51, ""t_count"": 140, ""rotations"": 140, ""d"": 19, ""dense_l"": 22.8088, ""redundant"": 121, ""obs_zero"": false, ""frame_l"": 45.1293, ""chi_bits"": 0, ""mps_l"": 14.0215, ""hsf_k"": 5, ""hsf_na"": 10, ""hsf_nb"": 11, ""hsf_l"": 23.098, ""sup"": 0, ""chi_bits0"": 10, ""mps_l0"": 36.7453, ""hsf_keff"": 2, ""hsf_l0"": 26.098, ""sparse_l"": 6.1699, ""sv_l"": 27.1699, ""feat_secs"": 0.004926, ""feat_secs_frame"": 0.000363, ""feat_secs_hsf"": 0.004522}"
arith,"arith:bits=10,h=0,reps=1",1,"{""bits"": 10.0, ""h"": 0.0, ""reps"": 1.0}",tableau,na,,0.0049,1818624,,,1.0,,"TooLarge { what: ""tableau (non-Clifford circuit)"", bytes: 0, limit: 0 }","{""n"": 21, ""gates"": 72, ""g2"": 40, ""g3"": 20, ""depth2"": 51, ""t_count"": 140, ""rotations"": 140, ""d"": 19, ""dense_l"": 22.8088, ""redundant"": 121, ""obs_zero"": false, ""frame_l"": 45.1293, ""chi_bits"": 0, ""mps_l"": 14.0215, ""hsf_k"": 5, ""hsf_na"": 10, ""hsf_nb"": 11, ""hsf_l"": 23.098, ""sup"": 0, ""chi_bits0"": 10, ""mps_l0"": 36.7453, ""hsf_keff"": 2, ""hsf_l0"": 26.098, ""sparse_l"": 6.1699, ""sv_l"": 27.1699, ""feat_secs"": 0.004926, ""feat_secs_frame"": 0.000363, ""feat_secs_hsf"": 0.004522}"
arith,"arith:bits=10,h=0,reps=1",1,"{""bits"": 10.0, ""h"": 0.0, ""reps"": 1.0}",frame,ok,0.001763,0.0076,2621440,1.0,4,1.0,0.0,switched_at=None dense_qubits=0 peak_terms=4 term_visits=166 dense_ops=0,"{""n"": 21, ""gates"": 72, ""g2"": 40, ""g3"": 20, ""depth2"": 51, ""t_count"": 140, ""rotations"": 140, ""d"": 19, ""dense_l"": 22.8088, ""redundant"": 121, ""obs_zero"": false, ""frame_l"": 45.1293, ""chi_bits"": 0, ""mps_l"": 14.0215, ""hsf_k"": 5, ""hsf_na"": 10, ""hsf_nb"": 11, ""hsf_l"": 23.098, ""sup"": 0, ""chi_bits0"": 10, ""mps_l0"": 36.7453, ""hsf_keff"": 2, ""hsf_l0"": 26.098, ""sparse_l"": 6.1699, ""sv_l"": 27.1699, ""feat_secs"": 0.004926, ""feat_secs_frame"": 0.000363, ""feat_secs_hsf"": 0.004522}"
arith,"arith:bits=10,h=0,reps=1",1,"{""bits"": 10.0, ""h"": 0.0, ""reps"": 1.0}",dense,ok,0.008202,0.0133,10977280,0.9999999999999984,19,1.0,1.5543122344752192e-15,switched_at=Some(106) dense_qubits=19 peak_terms=1 term_visits=0 dense_ops=4724722,"{""n"": 21, ""gates"": 72, ""g2"": 40, ""g3"": 20, ""depth2"": 51, ""t_count"": 140, ""rotations"": 140, ""d"": 19, ""dense_l"": 22.8088, ""redundant"": 121, ""obs_zero"": false, ""frame_l"": 45.1293, ""chi_bits"": 0, ""mps_l"": 14.0215, ""hsf_k"": 5, ""hsf_na"": 10, ""hsf_nb"": 11, ""hsf_l"": 23.098, ""sup"": 0, ""chi_bits0"": 10, ""mps_l0"": 36.7453, ""hsf_keff"": 2, ""hsf_l0"": 26.098, ""sparse_l"": 6.1699, ""sv_l"": 27.1699, ""feat_secs"": 0.004926, ""feat_secs_frame"": 0.000363, ""feat_secs_hsf"": 0.004522}"
arith,"arith:bits=10,h=0,reps=1",1,"{""bits"": 10.0, ""h"": 0.0, ""reps"": 1.0}",auto,ok,0.001828,0.0077,2703360,0.9999999999999996,7,1.0,4.440892098500626e-16,switched_at=Some(46) dense_qubits=7 peak_terms=4 term_visits=102 dense_ops=1650,"{""n"": 21, ""gates"": 72, ""g2"": 40, ""g3"": 20, ""depth2"": 51, ""t_count"": 140, ""rotations"": 140, ""d"": 19, ""dense_l"": 22.8088, ""redundant"": 121, ""obs_zero"": false, ""frame_l"": 45.1293, ""chi_bits"": 0, ""mps_l"": 14.0215, ""hsf_k"": 5, ""hsf_na"": 10, ""hsf_nb"": 11, ""hsf_l"": 23.098, ""sup"": 0, ""chi_bits0"": 10, ""mps_l0"": 36.7453, ""hsf_keff"": 2, ""hsf_l0"": 26.098, ""sparse_l"": 6.1699, ""sv_l"": 27.1699, ""feat_secs"": 0.004926, ""feat_secs_frame"": 0.000363, ""feat_secs_hsf"": 0.004522}"
arith,"arith:bits=10,h=0,reps=2",1,"{""bits"": 10.0, ""h"": 0.0, ""reps"": 2.0}",sv,ok,0.105525,0.1122,36438016,1.0,2097152,1.0,0.0,,"{""n"": 21, ""gates"": 132, ""g2"": 80, ""g3"": 40, ""depth2"": 102, ""t_count"": 280, ""rotations"": 280, ""d"": 19, ""dense_l"": 26.2669, ""redundant"": 261, ""obs_zero"": false, ""frame_l"": 46.1293, ""chi_bits"": 0, ""mps_l"": 14.5362, ""hsf_k"": 10, ""hsf_na"": 10, ""hsf_nb"": 11, ""hsf_l"": 25.1749, ""sup"": 0, ""chi_bits0"": 10, ""mps_l0"": 37.8784, ""hsf_keff"": 4, ""hsf_l0"": 31.1749, ""sparse_l"": 7.0444, ""sv_l"": 28.0444, ""feat_secs"": 0.007444, ""feat_secs_frame"": 0.00069, ""feat_secs_hsf"": 0.00669}"
arith,"arith:bits=10,h=0,reps=2",1,"{""bits"": 10.0, ""h"": 0.0, ""reps"": 2.0}",sparse,ok,2.7e-05,0.0074,1916928,1.0,1,1.0,0.0,,"{""n"": 21, ""gates"": 132, ""g2"": 80, ""g3"": 40, ""depth2"": 102, ""t_count"": 280, ""rotations"": 280, ""d"": 19, ""dense_l"": 26.2669, ""redundant"": 261, ""obs_zero"": false, ""frame_l"": 46.1293, ""chi_bits"": 0, ""mps_l"": 14.5362, ""hsf_k"": 10, ""hsf_na"": 10, ""hsf_nb"": 11, ""hsf_l"": 25.1749, ""sup"": 0, ""chi_bits0"": 10, ""mps_l0"": 37.8784, ""hsf_keff"": 4, ""hsf_l0"": 31.1749, ""sparse_l"": 7.0444, ""sv_l"": 28.0444, ""feat_secs"": 0.007444, ""feat_secs_frame"": 0.00069, ""feat_secs_hsf"": 0.00669}"
arith,"arith:bits=10,h=0,reps=2",1,"{""bits"": 10.0, ""h"": 0.0, ""reps"": 2.0}",mps,ok,0.001657,0.0077,2375680,1.0,1,1.0,0.0,,"{""n"": 21, ""gates"": 132, ""g2"": 80, ""g3"": 40, ""depth2"": 102, ""t_count"": 280, ""rotations"": 280, ""d"": 19, ""dense_l"": 26.2669, ""redundant"": 261, ""obs_zero"": false, ""frame_l"": 46.1293, ""chi_bits"": 0, ""mps_l"": 14.5362, ""hsf_k"": 10, ""hsf_na"": 10, ""hsf_nb"": 11, ""hsf_l"": 25.1749, ""sup"": 0, ""chi_bits0"": 10, ""mps_l0"": 37.8784, ""hsf_keff"": 4, ""hsf_l0"": 31.1749, ""sparse_l"": 7.0444, ""sv_l"": 28.0444, ""feat_secs"": 0.007444, ""feat_secs_frame"": 0.00069, ""feat_secs_hsf"": 0.00669}"
arith,"arith:bits=10,h=0,reps=2",1,"{""bits"": 10.0, ""h"": 0.0, ""reps"": 2.0}",hsf,ok,0.033606,0.0408,39747584,1.0,1024,1.0,0.0,,"{""n"": 21, ""gates"": 132, ""g2"": 80, ""g3"": 40, ""depth2"": 102, ""t_count"": 280, ""rotations"": 280, ""d"": 19, ""dense_l"": 26.2669, ""redundant"": 261, ""obs_zero"": false, ""frame_l"": 46.1293, ""chi_bits"": 0, ""mps_l"": 14.5362, ""hsf_k"": 10, ""hsf_na"": 10, ""hsf_nb"": 11, ""hsf_l"": 25.1749, ""sup"": 0, ""chi_bits0"": 10, ""mps_l0"": 37.8784, ""hsf_keff"": 4, ""hsf_l0"": 31.1749, ""sparse_l"": 7.0444, ""sv_l"": 28.0444, ""feat_secs"": 0.007444, ""feat_secs_frame"": 0.00069, ""feat_secs_hsf"": 0.00669}"
arith,"arith:bits=10,h=0,reps=2",1,"{""bits"": 10.0, ""h"": 0.0, ""reps"": 2.0}",tableau,na,,0.0061,1835008,,,1.0,,"TooLarge { what: ""tableau (non-Clifford circuit)"", bytes: 0, limit: 0 }","{""n"": 21, ""gates"": 132, ""g2"": 80, ""g3"": 40, ""depth2"": 102, ""t_count"": 280, ""rotations"": 280, ""d"": 19, ""dense_l"": 26.2669, ""redundant"": 261, ""obs_zero"": false, ""frame_l"": 46.1293, ""chi_bits"": 0, ""mps_l"": 14.5362, ""hsf_k"": 10, ""hsf_na"": 10, ""hsf_nb"": 11, ""hsf_l"": 25.1749, ""sup"": 0, ""chi_bits0"": 10, ""mps_l0"": 37.8784, ""hsf_keff"": 4, ""hsf_l0"": 31.1749, ""sparse_l"": 7.0444, ""sv_l"": 28.0444, ""feat_secs"": 0.007444, ""feat_secs_frame"": 0.00069, ""feat_secs_hsf"": 0.00669}"
arith,"arith:bits=10,h=0,reps=2",1,"{""bits"": 10.0, ""h"": 0.0, ""reps"": 2.0}",frame,ok,0.068685,0.0756,22495232,0.9999999999999996,131072,1.0,4.440892098500626e-16,switched_at=None dense_qubits=0 peak_terms=131072 term_visits=3178291 dense_ops=0,"{""n"": 21, ""gates"": 132, ""g2"": 80, ""g3"": 40, ""depth2"": 102, ""t_count"": 280, ""rotations"": 280, ""d"": 19, ""dense_l"": 26.2669, ""redundant"": 261, ""obs_zero"": false, ""frame_l"": 46.1293, ""chi_bits"": 0, ""mps_l"": 14.5362, ""hsf_k"": 10, ""hsf_na"": 10, ""hsf_nb"": 11, ""hsf_l"": 25.1749, ""sup"": 0, ""chi_bits0"": 10, ""mps_l0"": 37.8784, ""hsf_keff"": 4, ""hsf_l0"": 31.1749, ""sparse_l"": 7.0444, ""sv_l"": 28.0444, ""feat_secs"": 0.007444, ""feat_secs_frame"": 0.00069, ""feat_secs_hsf"": 0.00669}"
arith,"arith:bits=10,h=0,reps=2",1,"{""bits"": 10.0, ""h"": 0.0, ""reps"": 2.0}",dense,ok,0.063508,0.0695,11190272,0.9999999999999984,19,1.0,1.5543122344752192e-15,switched_at=Some(156) dense_qubits=19 peak_terms=1 term_visits=0 dense_ops=40899570,"{""n"": 21, ""gates"": 132, ""g2"": 80, ""g3"": 40, ""depth2"": 102, ""t_count"": 280, ""rotations"": 280, ""d"": 19, ""dense_l"": 26.2669, ""redundant"": 261, ""obs_zero"": false, ""frame_l"": 46.1293, ""chi_bits"": 0, ""mps_l"": 14.5362, ""hsf_k"": 10, ""hsf_na"": 10, ""hsf_nb"": 11, ""hsf_l"": 25.1749, ""sup"": 0, ""chi_bits0"": 10, ""mps_l0"": 37.8784, ""hsf_keff"": 4, ""hsf_l0"": 31.1749, ""sparse_l"": 7.0444, ""sv_l"": 28.0444, ""feat_secs"": 0.007444, ""feat_secs_frame"": 0.00069, ""feat_secs_hsf"": 0.00669}"
arith,"arith:bits=10,h=0,reps=2",1,"{""bits"": 10.0, ""h"": 0.0, ""reps"": 2.0}",auto,ok,0.060547,0.0682,11272192,0.9999999999999984,19,1.0,1.5543122344752192e-15,switched_at=Some(150) dense_qubits=19 peak_terms=4 term_visits=9 dense_ops=39326706,"{""n"": 21, ""gates"": 132, ""g2"": 80, ""g3"": 40, ""depth2"": 102, ""t_count"": 280, ""rotations"": 280, ""d"": 19, ""dense_l"": 26.2669, ""redundant"": 261, ""obs_zero"": false, ""frame_l"": 46.1293, ""chi_bits"": 0, ""mps_l"": 14.5362, ""hsf_k"": 10, ""hsf_na"": 10, ""hsf_nb"": 11, ""hsf_l"": 25.1749, ""sup"": 0, ""chi_bits0"": 10, ""mps_l0"": 37.8784, ""hsf_keff"": 4, ""hsf_l0"": 31.1749, ""sparse_l"": 7.0444, ""sv_l"": 28.0444, ""feat_secs"": 0.007444, ""feat_secs_frame"": 0.00069, ""feat_secs_hsf"": 0.00669}"
arith,"arith:bits=10,h=0,reps=4",1,"{""bits"": 10.0, ""h"": 0.0, ""reps"": 4.0}",sv,ok,0.190705,0.1980,36601856,1.0,2097152,1.0,0.0,,"{""n"": 21, ""gates"": 252, ""g2"": 160, ""g3"": 80, ""depth2"": 204, ""t_count"": 560, ""rotations"": 560, ""d"": 19, ""dense_l"": 27.7616, ""redundant"": 541, ""obs_zero"": false, ""frame_l"": 47.1293, ""chi_bits"": 0, ""mps_l"": 15.5359, ""hsf_k"": 20, ""hsf_na"": 10, ""hsf_nb"": 11, ""hsf_l"": 29.3174, ""sup"": 0, ""chi_bits0"": 10, ""mps_l0"": 39.3971, ""hsf_keff"": 8, ""hsf_l0"": 41.3174, ""sparse_l"": 7.9773, ""sv_l"": 28.9773, ""feat_secs"": 0.008911, ""feat_secs_frame"": 0.001559, ""feat_secs_hsf"": 0.007241}"
arith,"arith:bits=10,h=0,reps=4",1,"{""bits"": 10.0, ""h"": 0.0, ""reps"": 4.0}",sparse,ok,4.3e-05,0.0072,1949696,1.0,1,1.0,0.0,,"{""n"": 21, ""gates"": 252, ""g2"": 160, ""g3"": 80, ""depth2"": 204, ""t_count"": 560, ""rotations"": 560, ""d"": 19, ""dense_l"": 27.7616, ""redundant"": 541, ""obs_zero"": false, ""frame_l"": 47.1293, ""chi_bits"": 0, ""mps_l"": 15.5359, ""hsf_k"": 20, ""hsf_na"": 10, ""hsf_nb"": 11, ""hsf_l"": 29.3174, ""sup"": 0, ""chi_bits0"": 10, ""mps_l0"": 39.3971, ""hsf_keff"": 8, ""hsf_l0"": 41.3174, ""sparse_l"": 7.9773, ""sv_l"": 28.9773, ""feat_secs"": 0.008911, ""feat_secs_frame"": 0.001559, ""feat_secs_hsf"": 0.007241}"
arith,"arith:bits=10,h=0,reps=4",1,"{""bits"": 10.0, ""h"": 0.0, ""reps"": 4.0}",mps,ok,0.003112,0.0103,2375680,1.0,1,1.0,0.0,,"{""n"": 21, ""gates"": 252, ""g2"": 160, ""g3"": 80, ""depth2"": 204, ""t_count"": 560, ""rotations"": 560, ""d"": 19, ""dense_l"": 27.7616, ""redundant"": 541, ""obs_zero"": false, ""frame_l"": 47.1293, ""chi_bits"": 0, ""mps_l"": 15.5359, ""hsf_k"": 20, ""hsf_na"": 10, ""hsf_nb"": 11, ""hsf_l"": 29.3174, ""sup"": 0, ""chi_bits0"": 10, ""mps_l0"": 39.3971, ""hsf_keff"": 8, ""hsf_l0"": 41.3174, ""sparse_l"": 7.9773, ""sv_l"": 28.9773, ""feat_secs"": 0.008911, ""feat_secs_frame"": 0.001559, ""feat_secs_hsf"": 0.007241}"
arith,"arith:bits=10,h=0,reps=4",1,"{""bits"": 10.0, ""h"": 0.0, ""reps"": 4.0}",hsf,ok,0.036833,0.0440,40353792,1.0,1048576,1.0,0.0,,"{""n"": 21, ""gates"": 252, ""g2"": 160, ""g3"": 80, ""depth2"": 204, ""t_count"": 560, ""rotations"": 560, ""d"": 19, ""dense_l"": 27.7616, ""redundant"": 541, ""obs_zero"": false, ""frame_l"": 47.1293, ""chi_bits"": 0, ""mps_l"": 15.5359, ""hsf_k"": 20, ""hsf_na"": 10, ""hsf_nb"": 11, ""hsf_l"": 29.3174, ""sup"": 0, ""chi_bits0"": 10, ""mps_l0"": 39.3971, ""hsf_keff"": 8, ""hsf_l0"": 41.3174, ""sparse_l"": 7.9773, ""sv_l"": 28.9773, ""feat_secs"": 0.008911, ""feat_secs_frame"": 0.001559, ""feat_secs_hsf"": 0.007241}"
arith,"arith:bits=10,h=0,reps=4",1,"{""bits"": 10.0, ""h"": 0.0, ""reps"": 4.0}",tableau,na,,0.0052,1835008,,,1.0,,"TooLarge { what: ""tableau (non-Clifford circuit)"", bytes: 0, limit: 0 }","{""n"": 21, ""gates"": 252, ""g2"": 160, ""g3"": 80, ""depth2"": 204, ""t_count"": 560, ""rotations"": 560, ""d"": 19, ""dense_l"": 27.7616, ""redundant"": 541, ""obs_zero"": false, ""frame_l"": 47.1293, ""chi_bits"": 0, ""mps_l"": 15.5359, ""hsf_k"": 20, ""hsf_na"": 10, ""hsf_nb"": 11, ""hsf_l"": 29.3174, ""sup"": 0, ""chi_bits0"": 10, ""mps_l0"": 39.3971, ""hsf_keff"": 8, ""hsf_l0"": 41.3174, ""sparse_l"": 7.9773, ""sv_l"": 28.9773, ""feat_secs"": 0.008911, ""feat_secs_frame"": 0.001559, ""feat_secs_hsf"": 0.007241}"
arith,"arith:bits=10,h=0,reps=4",1,"{""bits"": 10.0, ""h"": 0.0, ""reps"": 4.0}",frame,ok,0.857444,0.8701,241713152,0.9999999999999996,1688388,1.0,4.440892098500626e-16,switched_at=None dense_qubits=0 peak_terms=1688388 term_visits=32669573 dense_ops=0,"{""n"": 21, ""gates"": 252, ""g2"": 160, ""g3"": 80, ""depth2"": 204, ""t_count"": 560, ""rotations"": 560, ""d"": 19, ""dense_l"": 27.7616, ""redundant"": 541, ""obs_zero"": false, ""frame_l"": 47.1293, ""chi_bits"": 0, ""mps_l"": 15.5359, ""hsf_k"": 20, ""hsf_na"": 10, ""hsf_nb"": 11, ""hsf_l"": 29.3174, ""sup"": 0, ""chi_bits0"": 10, ""mps_l0"": 39.3971, ""hsf_keff"": 8, ""hsf_l0"": 41.3174, ""sparse_l"": 7.9773, ""sv_l"": 28.9773, ""feat_secs"": 0.008911, ""feat_secs_frame"": 0.001559, ""feat_secs_hsf"": 0.007241}"
arith,"arith:bits=10,h=0,reps=4",1,"{""bits"": 10.0, ""h"": 0.0, ""reps"": 4.0}",dense,ok,0.145202,0.1522,11321344,0.9999999999999984,19,1.0,1.5543122344752192e-15,switched_at=Some(260) dense_qubits=19 peak_terms=1 term_visits=0 dense_ops=95424500,"{""n"": 21, ""gates"": 252, ""g2"": 160, ""g3"": 80, ""depth2"": 204, ""t_count"": 560, ""rotations"": 560, ""d"": 19, ""dense_l"": 27.7616, ""redundant"": 541, ""obs_zero"": false, ""frame_l"": 47.1293, ""chi_bits"": 0, ""mps_l"": 15.5359, ""hsf_k"": 20, ""hsf_na"": 10, ""hsf_nb"": 11, ""hsf_l"": 29.3174, ""sup"": 0, ""chi_bits0"": 10, ""mps_l0"": 39.3971, ""hsf_keff"": 8, ""hsf_l0"": 41.3174, ""sparse_l"": 7.9773, ""sv_l"": 28.9773, ""feat_secs"": 0.008911, ""feat_secs_frame"": 0.001559, ""feat_secs_hsf"": 0.007241}"
arith,"arith:bits=10,h=0,reps=4",1,"{""bits"": 10.0, ""h"": 0.0, ""reps"": 4.0}",auto,ok,0.142763,0.1485,11403264,0.9999999999999984,19,1.0,1.5543122344752192e-15,switched_at=Some(254) dense_qubits=19 peak_terms=4 term_visits=9 dense_ops=93851636,"{""n"": 21, ""gates"": 252, ""g2"": 160, ""g3"": 80, ""depth2"": 204, ""t_count"": 560, ""rotations"": 560, ""d"": 19, ""dense_l"": 27.7616, ""redundant"": 541, ""obs_zero"": false, ""frame_l"": 47.1293, ""chi_bits"": 0, ""mps_l"": 15.5359, ""hsf_k"": 20, ""hsf_na"": 10, ""hsf_nb"": 11, ""hsf_l"": 29.3174, ""sup"": 0, ""chi_bits0"": 10, ""mps_l0"": 39.3971, ""hsf_keff"": 8, ""hsf_l0"": 41.3174, ""sparse_l"": 7.9773, ""sv_l"": 28.9773, ""feat_secs"": 0.008911, ""feat_secs_frame"": 0.001559, ""feat_secs_hsf"": 0.007241}"
arith,"arith:bits=10,h=1,reps=1",1,"{""bits"": 10.0, ""h"": 1.0, ""reps"": 1.0}",sv,ok,0.062896,0.0681,36372480,0.5000000000000002,2097152,0.5000000000000002,0.0,,"{""n"": 21, ""gates"": 73, ""g2"": 40, ""g3"": 20, ""depth2"": 51, ""t_count"": 140, ""rotations"": 140, ""d"": 21, ""dense_l"": 24.8088, ""redundant"": 119, ""obs_zero"": false, ""frame_l"": 49.1293, ""chi_bits"": 2, ""mps_l"": 19.6585, ""hsf_k"": 5, ""hsf_na"": 10, ""hsf_nb"": 11, ""hsf_l"": 23.0993, ""sup"": 2, ""chi_bits0"": 10, ""mps_l0"": 36.7453, ""hsf_keff"": 2, ""hsf_l0"": 26.0993, ""sparse_l"": 8.1898, ""sv_l"": 27.1898, ""feat_secs"": 0.005356, ""feat_secs_frame"": 0.000379, ""feat_secs_hsf"": 0.004923}"
arith,"arith:bits=10,h=1,reps=1",1,"{""bits"": 10.0, ""h"": 1.0, ""reps"": 1.0}",sparse,ok,2.6e-05,0.0051,1900544,0.5000000000000002,4,0.5000000000000002,0.0,,"{""n"": 21, ""gates"": 73, ""g2"": 40, ""g3"": 20, ""depth2"": 51, ""t_count"": 140, ""rotations"": 140, ""d"": 21, ""dense_l"": 24.8088, ""redundant"": 119, ""obs_zero"": false, ""frame_l"": 49.1293, ""chi_bits"": 2, ""mps_l"": 19.6585, ""hsf_k"": 5, ""hsf_na"": 10, ""hsf_nb"": 11, ""hsf_l"": 23.0993, ""sup"": 2, ""chi_bits0"": 10, ""mps_l0"": 36.7453, ""hsf_keff"": 2, ""hsf_l0"": 26.0993, ""sparse_l"": 8.1898, ""sv_l"": 27.1898, ""feat_secs"": 0.005356, ""feat_secs_frame"": 0.000379, ""feat_secs_hsf"": 0.004923}"
arith,"arith:bits=10,h=1,reps=1",1,"{""bits"": 10.0, ""h"": 1.0, ""reps"": 1.0}",mps,ok,0.001638,0.0079,2736128,0.5000000000000062,2,0.5000000000000002,5.995204332975845e-15,,"{""n"": 21, ""gates"": 73, ""g2"": 40, ""g3"": 20, ""depth2"": 51, ""t_count"": 140, ""rotations"": 140, ""d"": 21, ""dense_l"": 24.8088, ""redundant"": 119, ""obs_zero"": false, ""frame_l"": 49.1293, ""chi_bits"": 2, ""mps_l"": 19.6585, ""hsf_k"": 5, ""hsf_na"": 10, ""hsf_nb"": 11, ""hsf_l"": 23.0993, ""sup"": 2, ""chi_bits0"": 10, ""mps_l0"": 36.7453, ""hsf_keff"": 2, ""hsf_l0"": 26.0993, ""sparse_l"": 8.1898, ""sv_l"": 27.1898, ""feat_secs"": 0.005356, ""feat_secs_frame"": 0.000379, ""feat_secs_hsf"": 0.004923}"
arith,"arith:bits=10,h=1,reps=1",1,"{""bits"": 10.0, ""h"": 1.0, ""reps"": 1.0}",hsf,ok,0.013218,0.0190,37912576,0.5000000000000002,32,0.5000000000000002,0.0,,"{""n"": 21, ""gates"": 73, ""g2"": 40, ""g3"": 20, ""depth2"": 51, ""t_count"": 140, ""rotations"": 140, ""d"": 21, ""dense_l"": 24.8088, ""redundant"": 119, ""obs_zero"": false, ""frame_l"": 49.1293, ""chi_bits"": 2, ""mps_l"": 19.6585, ""hsf_k"": 5, ""hsf_na"": 10, ""hsf_nb"": 11, ""hsf_l"": 23.0993, ""sup"": 2, ""chi_bits0"": 10, ""mps_l0"": 36.7453, ""hsf_keff"": 2, ""hsf_l0"": 26.0993, ""sparse_l"": 8.1898, ""sv_l"": 27.1898, ""feat_secs"": 0.005356, ""feat_secs_frame"": 0.000379, ""feat_secs_hsf"": 0.004923}"
arith,"arith:bits=10,h=1,reps=1",1,"{""bits"": 10.0, ""h"": 1.0, ""reps"": 1.0}",tableau,na,,0.0046,1818624,,,0.5000000000000002,,"TooLarge { what: ""tableau (non-Clifford circuit)"", bytes: 0, limit: 0 }","{""n"": 21, ""gates"": 73, ""g2"": 40, ""g3"": 20, ""depth2"": 51, ""t_count"": 140, ""rotations"": 140, ""d"": 21, ""dense_l"": 24.8088, ""redundant"": 119, ""obs_zero"": false, ""frame_l"": 49.1293, ""chi_bits"": 2, ""mps_l"": 19.6585, ""hsf_k"": 5, ""hsf_na"": 10, ""hsf_nb"": 11, ""hsf_l"": 23.0993, ""sup"": 2, ""chi_bits0"": 10, ""mps_l0"": 36.7453, ""hsf_keff"": 2, ""hsf_l0"": 26.0993, ""sparse_l"": 8.1898, ""sv_l"": 27.1898, ""feat_secs"": 0.005356, ""feat_secs_frame"": 0.000379, ""feat_secs_hsf"": 0.004923}"
arith,"arith:bits=10,h=1,reps=1",1,"{""bits"": 10.0, ""h"": 1.0, ""reps"": 1.0}",frame,ok,0.001909,0.0079,2621440,0.5,16,0.5000000000000002,2.220446049250313e-16,switched_at=None dense_qubits=0 peak_terms=16 term_visits=650 dense_ops=0,"{""n"": 21, ""gates"": 73, ""g2"": 40, ""g3"": 20, ""depth2"": 51, ""t_count"": 140, ""rotations"": 140, ""d"": 21, ""dense_l"": 24.8088, ""redundant"": 119, ""obs_zero"": false, ""frame_l"": 49.1293, ""chi_bits"": 2, ""mps_l"": 19.6585, ""hsf_k"": 5, ""hsf_na"": 10, ""hsf_nb"": 11, ""hsf_l"": 23.0993, ""sup"": 2, ""chi_bits0"": 10, ""mps_l0"": 36.7453, ""hsf_keff"": 2, ""hsf_l0"": 26.0993, ""sparse_l"": 8.1898, ""sv_l"": 27.1898, ""feat_secs"": 0.005356, ""feat_secs_frame"": 0.000379, ""feat_secs_hsf"": 0.004923}"
arith,"arith:bits=10,h=1,reps=1",1,"{""bits"": 10.0, ""h"": 1.0, ""reps"": 1.0}",dense,ok,0.032013,0.0383,36192256,0.4999999999999996,21,0.5000000000000002,6.106226635438361e-16,switched_at=Some(106) dense_qubits=21 peak_terms=1 term_visits=0 dense_ops=18898878,"{""n"": 21, ""gates"": 73, ""g2"": 40, ""g3"": 20, ""depth2"": 51, ""t_count"": 140, ""rotations"": 140, ""d"": 21, ""dense_l"": 24.8088, ""redundant"": 119, ""obs_zero"": false, ""frame_l"": 49.1293, ""chi_bits"": 2, ""mps_l"": 19.6585, ""hsf_k"": 5, ""hsf_na"": 10, ""hsf_nb"": 11, ""hsf_l"": 23.0993, ""sup"": 2, ""chi_bits0"": 10, ""mps_l0"": 36.7453, ""hsf_keff"": 2, ""hsf_l0"": 26.0993, ""sparse_l"": 8.1898, ""sv_l"": 27.1898, ""feat_secs"": 0.005356, ""feat_secs_frame"": 0.000379, ""feat_secs_hsf"": 0.004923}"
arith,"arith:bits=10,h=1,reps=1",1,"{""bits"": 10.0, ""h"": 1.0, ""reps"": 1.0}",auto,ok,0.001117,0.0067,2785280,0.4999999999999997,12,0.5000000000000002,4.996003610813204e-16,switched_at=Some(70) dense_qubits=12 peak_terms=16 term_visits=303 dense_ops=73662,"{""n"": 21, ""gates"": 73, ""g2"": 40, ""g3"": 20, ""depth2"": 51, ""t_count"": 140, ""rotations"": 140, ""d"": 21, ""dense_l"": 24.8088, ""redundant"": 119, ""obs_zero"": false, ""frame_l"": 49.1293, ""chi_bits"": 2, ""mps_l"": 19.6585, ""hsf_k"": 5, ""hsf_na"": 10, ""hsf_nb"": 11, ""hsf_l"": 23.0993, ""sup"": 2, ""chi_bits0"": 10, ""mps_l0"": 36.7453, ""hsf_keff"": 2, ""hsf_l0"": 26.0993, ""sparse_l"": 8.1898, ""sv_l"": 27.1898, ""feat_secs"": 0.005356, ""feat_secs_frame"": 0.000379, ""feat_secs_hsf"": 0.004923}"
arith,"arith:bits=10,h=1,reps=2",1,"{""bits"": 10.0, ""h"": 1.0, ""reps"": 2.0}",sv,ok,0.106618,0.1122,36454400,-0.5000000000000002,2097152,-0.5000000000000002,0.0,,"{""n"": 21, ""gates"": 133, ""g2"": 80, ""g3"": 40, ""depth2"": 102, ""t_count"": 280, ""rotations"": 280, ""d"": 21, ""dense_l"": 28.2669, ""redundant"": 259, ""obs_zero"": false, ""frame_l"": 50.1293, ""chi_bits"": 2, ""mps_l"": 20.1638, ""hsf_k"": 10, ""hsf_na"": 10, ""hsf_nb"": 11, ""hsf_l"": 25.1762, ""sup"": 2, ""chi_bits0"": 10, ""mps_l0"": 37.8784, ""hsf_keff"": 4, ""hsf_l0"": 31.1762, ""sparse_l"": 9.0553, ""sv_l"": 28.0553, ""feat_secs"": 0.009602, ""feat_secs_frame"": 0.000841, ""feat_secs_hsf"": 0.008677}"
arith,"arith:bits=10,h=1,reps=2",1,"{""bits"": 10.0, ""h"": 1.0, ""reps"": 2.0}",sparse,ok,3.3e-05,0.0076,1916928,-0.5000000000000002,4,-0.5000000000000002,0.0,,"{""n"": 21, ""gates"": 133, ""g2"": 80, ""g3"": 40, ""depth2"": 102, ""t_count"": 280, ""rotations"": 280, ""d"": 21, ""dense_l"": 28.2669, ""redundant"": 259, ""obs_zero"": false, ""frame_l"": 50.1293, ""chi_bits"": 2, ""mps_l"": 20.1638, ""hsf_k"": 10, ""hsf_na"": 10, ""hsf_nb"": 11, ""hsf_l"": 25.1762, ""sup"": 2, ""chi_bits0"": 10, ""mps_l0"": 37.8784, ""hsf_keff"": 4, ""hsf_l0"": 31.1762, ""sparse_l"": 9.0553, ""sv_l"": 28.0553, ""feat_secs"": 0.009602, ""feat_secs_frame"": 0.000841, ""feat_secs_hsf"": 0.008677}"
arith,"arith:bits=10,h=1,reps=2",1,"{""bits"": 10.0, ""h"": 1.0, ""reps"": 2.0}",mps,ok,0.00235,0.0076,2818048,-0.4999999999999876,3,-0.5000000000000002,1.2601031329495527e-14,,"{""n"": 21, ""gates"": 133, ""g2"": 80, ""g3"": 40, ""depth2"": 102, ""t_count"": 280, ""rotations"": 280, ""d"": 21, ""dense_l"": 28.2669, ""redundant"": 259, ""obs_zero"": false, ""frame_l"": 50.1293, ""chi_bits"": 2, ""mps_l"": 20.1638, ""hsf_k"": 10, ""hsf_na"": 10, ""hsf_nb"": 11, ""hsf_l"": 25.1762, ""sup"": 2, ""chi_bits0"": 10, ""mps_l0"": 37.8784, ""hsf_keff"": 4, ""hsf_l0"": 31.1762, ""sparse_l"": 9.0553, ""sv_l"": 28.0553, ""feat_secs"": 0.009602, ""feat_secs_frame"": 0.000841, ""feat_secs_hsf"": 0.008677}"
arith,"arith:bits=10,h=1,reps=2",1,"{""bits"": 10.0, ""h"": 1.0, ""reps"": 2.0}",hsf,ok,0.035511,0.0436,39763968,-0.5000000000000002,1024,-0.5000000000000002,0.0,,"{""n"": 21, ""gates"": 133, ""g2"": 80, ""g3"": 40, ""depth2"": 102, ""t_count"": 280, ""rotations"": 280, ""d"": 21, ""dense_l"": 28.2669, ""redundant"": 259, ""obs_zero"": false, ""frame_l"": 50.1293, ""chi_bits"": 2, ""mps_l"": 20.1638, ""hsf_k"": 10, ""hsf_na"": 10, ""hsf_nb"": 11, ""hsf_l"": 25.1762, ""sup"": 2, ""chi_bits0"": 10, ""mps_l0"": 37.8784, ""hsf_keff"": 4, ""hsf_l0"": 31.1762, ""sparse_l"": 9.0553, ""sv_l"": 28.0553, ""feat_secs"": 0.009602, ""feat_secs_frame"": 0.000841, ""feat_secs_hsf"": 0.008677}"
arith,"arith:bits=10,h=1,reps=2",1,"{""bits"": 10.0, ""h"": 1.0, ""reps"": 2.0}",tableau,na,,0.0053,1835008,,,-0.5000000000000002,,"TooLarge { what: ""tableau (non-Clifford circuit)"", bytes: 0, limit: 0 }","{""n"": 21, ""gates"": 133, ""g2"": 80, ""g3"": 40, ""depth2"": 102, ""t_count"": 280, ""rotations"": 280, ""d"": 21, ""dense_l"": 28.2669, ""redundant"": 259, ""obs_zero"": false, ""frame_l"": 50.1293, ""chi_bits"": 2, ""mps_l"": 20.1638, ""hsf_k"": 10, ""hsf_na"": 10, ""hsf_nb"": 11, ""hsf_l"": 25.1762, ""sup"": 2, ""chi_bits0"": 10, ""mps_l0"": 37.8784, ""hsf_keff"": 4, ""hsf_l0"": 31.1762, ""sparse_l"": 9.0553, ""sv_l"": 28.0553, ""feat_secs"": 0.009602, ""feat_secs_frame"": 0.000841, ""feat_secs_hsf"": 0.008677}"
arith,"arith:bits=10,h=1,reps=2",1,"{""bits"": 10.0, ""h"": 1.0, ""reps"": 2.0}",frame,ok,0.268671,0.2765,65568768,-0.4999999999999999,524288,-0.5000000000000002,3.3306690738754696e-16,switched_at=None dense_qubits=0 peak_terms=524288 term_visits=12549130 dense_ops=0,"{""n"": 21, ""gates"": 133, ""g2"": 80, ""g3"": 40, ""depth2"": 102, ""t_count"": 280, ""rotations"": 280, ""d"": 21, ""dense_l"": 28.2669, ""redundant"": 259, ""obs_zero"": false, ""frame_l"": 50.1293, ""chi_bits"": 2, ""mps_l"": 20.1638, ""hsf_k"": 10, ""hsf_na"": 10, ""hsf_nb"": 11, ""hsf_l"": 25.1762, ""sup"": 2, ""chi_bits0"": 10, ""mps_l0"": 37.8784, ""hsf_keff"": 4, ""hsf_l0"": 31.1762, ""sparse_l"": 9.0553, ""sv_l"": 28.0553, ""feat_secs"": 0.009602, ""feat_secs_frame"": 0.000841, ""feat_secs_hsf"": 0.008677}"
arith,"arith:bits=10,h=1,reps=2",1,"{""bits"": 10.0, ""h"": 1.0, ""reps"": 2.0}",dense,ok,0.282534,0.2893,57180160,-0.4999999999999992,21,-0.5000000000000002,9.992007221626409e-16,switched_at=Some(156) dense_qubits=21 peak_terms=1 term_visits=0 dense_ops=163598270,"{""n"": 21, ""gates"": 133, ""g2"": 80, ""g3"": 40, ""depth2"": 102, ""t_count"": 280, ""rotations"": 280, ""d"": 21, ""dense_l"": 28.2669, ""redundant"": 259, ""obs_zero"": false, ""frame_l"": 50.1293, ""chi_bits"": 2, ""mps_l"": 20.1638, ""hsf_k"": 10, ""hsf_na"": 10, ""hsf_nb"": 11, ""hsf_l"": 25.1762, ""sup"": 2, ""chi_bits0"": 10, ""mps_l0"": 37.8784, ""hsf_keff"": 4, ""hsf_l0"": 31.1762, ""sparse_l"": 9.0553, ""sv_l"": 28.0553, ""feat_secs"": 0.009602, ""feat_secs_frame"": 0.000841, ""feat_secs_hsf"": 0.008677}"
arith,"arith:bits=10,h=1,reps=2",1,"{""bits"": 10.0, ""h"": 1.0, ""reps"": 2.0}",auto,ok,0.28743,0.2952,57262080,-0.4999999999999992,21,-0.5000000000000002,9.992007221626409e-16,switched_at=Some(154) dense_qubits=21 peak_terms=4 term_visits=3 dense_ops=165695422,"{""n"": 21, ""gates"": 133, ""g2"": 80, ""g3"": 40, ""depth2"": 102, ""t_count"": 280, ""rotations"": 280, ""d"": 21, ""dense_l"": 28.2669, ""redundant"": 259, ""obs_zero"": false, ""frame_l"": 50.1293, ""chi_bits"": 2, ""mps_l"": 20.1638, ""hsf_k"": 10, ""hsf_na"": 10, ""hsf_nb"": 11, ""hsf_l"": 25.1762, ""sup"": 2, ""chi_bits0"": 10, ""mps_l0"": 37.8784, ""hsf_keff"": 4, ""hsf_l0"": 31.1762, ""sparse_l"": 9.0553, ""sv_l"": 28.0553, ""feat_secs"": 0.009602, ""feat_secs_frame"": 0.000841, ""feat_secs_hsf"": 0.008677}"
arith,"arith:bits=10,h=1,reps=4",1,"{""bits"": 10.0, ""h"": 1.0, ""reps"": 4.0}",sv,ok,0.193685,0.1990,36634624,1.0,2097152,1.0,0.0,,"{""n"": 21, ""gates"": 253, ""g2"": 160, ""g3"": 80, ""depth2"": 204, ""t_count"": 560, ""rotations"": 560, ""d"": 21, ""dense_l"": 29.7616, ""redundant"": 539, ""obs_zero"": false, ""frame_l"": 51.1293, ""chi_bits"": 2, ""mps_l"": 21.2064, ""hsf_k"": 20, ""hsf_na"": 10, ""hsf_nb"": 11, ""hsf_l"": 29.3185, ""sup"": 2, ""chi_bits0"": 10, ""mps_l0"": 39.3971, ""hsf_keff"": 8, ""hsf_l0"": 41.3185, ""sparse_l"": 9.983, ""sv_l"": 28.983, ""feat_secs"": 0.008944, ""feat_secs_frame"": 0.001834, ""feat_secs_hsf"": 0.006967}"
arith,"arith:bits=10,h=1,reps=4",1,"{""bits"": 10.0, ""h"": 1.0, ""reps"": 4.0}",sparse,ok,5.5e-05,0.0076,1949696,1.0,4,1.0,0.0,,"{""n"": 21, ""gates"": 253, ""g2"": 160, ""g3"": 80, ""depth2"": 204, ""t_count"": 560, ""rotations"": 560, ""d"": 21, ""dense_l"": 29.7616, ""redundant"": 539, ""obs_zero"": false, ""frame_l"": 51.1293, ""chi_bits"": 2, ""mps_l"": 21.2064, ""hsf_k"": 20, ""hsf_na"": 10, ""hsf_nb"": 11, ""hsf_l"": 29.3185, ""sup"": 2, ""chi_bits0"": 10, ""mps_l0"": 39.3971, ""hsf_keff"": 8, ""hsf_l0"": 41.3185, ""sparse_l"": 9.983, ""sv_l"": 28.983, ""feat_secs"": 0.008944, ""feat_secs_frame"": 0.001834, ""feat_secs_hsf"": 0.006967}"
arith,"arith:bits=10,h=1,reps=4",1,"{""bits"": 10.0, ""h"": 1.0, ""reps"": 4.0}",mps,ok,0.005252,0.0112,2965504,0.9999999999999998,4,1.0,2.220446049250313e-16,,"{""n"": 21, ""gates"": 253, ""g2"": 160, ""g3"": 80, ""depth2"": 204, ""t_count"": 560, ""rotations"": 560, ""d"": 21, ""dense_l"": 29.7616, ""redundant"": 539, ""obs_zero"": false, ""frame_l"": 51.1293, ""chi_bits"": 2, ""mps_l"": 21.2064, ""hsf_k"": 20, ""hsf_na"": 10, ""hsf_nb"": 11, ""hsf_l"": 29.3185, ""sup"": 2, ""chi_bits0"": 10, ""mps_l0"": 39.3971, ""hsf_keff"": 8, ""hsf_l0"": 41.3185, ""sparse_l"": 9.983, ""sv_l"": 28.983, ""feat_secs"": 0.008944, ""feat_secs_frame"": 0.001834, ""feat_secs_hsf"": 0.006967}"
arith,"arith:bits=10,h=1,reps=4",1,"{""bits"": 10.0, ""h"": 1.0, ""reps"": 4.0}",hsf,ok,0.033714,0.0397,40321024,1.0,1048576,1.0,0.0,,"{""n"": 21, ""gates"": 253, ""g2"": 160, ""g3"": 80, ""depth2"": 204, ""t_count"": 560, ""rotations"": 560, ""d"": 21, ""dense_l"": 29.7616, ""redundant"": 539, ""obs_zero"": false, ""frame_l"": 51.1293, ""chi_bits"": 2, ""mps_l"": 21.2064, ""hsf_k"": 20, ""hsf_na"": 10, ""hsf_nb"": 11, ""hsf_l"": 29.3185, ""sup"": 2, ""chi_bits0"": 10, ""mps_l0"": 39.3971, ""hsf_keff"": 8, ""hsf_l0"": 41.3185, ""sparse_l"": 9.983, ""sv_l"": 28.983, ""feat_secs"": 0.008944, ""feat_secs_frame"": 0.001834, ""feat_secs_hsf"": 0.006967}"
arith,"arith:bits=10,h=1,reps=4",1,"{""bits"": 10.0, ""h"": 1.0, ""reps"": 4.0}",tableau,na,,0.0046,1851392,,,1.0,,"TooLarge { what: ""tableau (non-Clifford circuit)"", bytes: 0, limit: 0 }","{""n"": 21, ""gates"": 253, ""g2"": 160, ""g3"": 80, ""depth2"": 204, ""t_count"": 560, ""rotations"": 560, ""d"": 21, ""dense_l"": 29.7616, ""redundant"": 539, ""obs_zero"": false, ""frame_l"": 51.1293, ""chi_bits"": 2, ""mps_l"": 21.2064, ""hsf_k"": 20, ""hsf_na"": 10, ""hsf_nb"": 11, ""hsf_l"": 29.3185, ""sup"": 2, ""chi_bits0"": 10, ""mps_l0"": 39.3971, ""hsf_keff"": 8, ""hsf_l0"": 41.3185, ""sparse_l"": 9.983, ""sv_l"": 28.983, ""feat_secs"": 0.008944, ""feat_secs_frame"": 0.001834, ""feat_secs_hsf"": 0.006967}"
arith,"arith:bits=10,h=1,reps=4",1,"{""bits"": 10.0, ""h"": 1.0, ""reps"": 4.0}",frame,ok,3.572238,3.5835,841940992,1.0,7246320,1.0,0.0,switched_at=None dense_qubits=0 peak_terms=7246320 term_visits=133558431 dense_ops=0,"{""n"": 21, ""gates"": 253, ""g2"": 160, ""g3"": 80, ""depth2"": 204, ""t_count"": 560, ""rotations"": 560, ""d"": 21, ""dense_l"": 29.7616, ""redundant"": 539, ""obs_zero"": false, ""frame_l"": 51.1293, ""chi_bits"": 2, ""mps_l"": 21.2064, ""hsf_k"": 20, ""hsf_na"": 10, ""hsf_nb"": 11, ""hsf_l"": 29.3185, ""sup"": 2, ""chi_bits0"": 10, ""mps_l0"": 39.3971, ""hsf_keff"": 8, ""hsf_l0"": 41.3185, ""sparse_l"": 9.983, ""sv_l"": 28.983, ""feat_secs"": 0.008944, ""feat_secs_frame"": 0.001834, ""feat_secs_hsf"": 0.006967}"
arith,"arith:bits=10,h=1,reps=4",1,"{""bits"": 10.0, ""h"": 1.0, ""reps"": 4.0}",dense,ok,0.649229,0.6566,57475072,0.9999999999999984,21,1.0,1.5543122344752192e-15,switched_at=Some(260) dense_qubits=21 peak_terms=1 term_visits=0 dense_ops=381697990,"{""n"": 21, ""gates"": 253, ""g2"": 160, ""g3"": 80, ""depth2"": 204, ""t_count"": 560, ""rotations"": 560, ""d"": 21, ""dense_l"": 29.7616, ""redundant"": 539, ""obs_zero"": false, ""frame_l"": 51.1293, ""chi_bits"": 2, ""mps_l"": 21.2064, ""hsf_k"": 20, ""hsf_na"": 10, ""hsf_nb"": 11, ""hsf_l"": 29.3185, ""sup"": 2, ""chi_bits0"": 10, ""mps_l0"": 39.3971, ""hsf_keff"": 8, ""hsf_l0"": 41.3185, ""sparse_l"": 9.983, ""sv_l"": 28.983, ""feat_secs"": 0.008944, ""feat_secs_frame"": 0.001834, ""feat_secs_hsf"": 0.006967}"
arith,"arith:bits=10,h=1,reps=4",1,"{""bits"": 10.0, ""h"": 1.0, ""reps"": 4.0}",auto,ok,0.669479,0.6767,57556992,0.9999999999999983,21,1.0,1.6653345369377348e-15,switched_at=Some(258) dense_qubits=21 peak_terms=4 term_visits=3 dense_ops=383795142,"{""n"": 21, ""gates"": 253, ""g2"": 160, ""g3"": 80, ""depth2"": 204, ""t_count"": 560, ""rotations"": 560, ""d"": 21, ""dense_l"": 29.7616, ""redundant"": 539, ""obs_zero"": false, ""frame_l"": 51.1293, ""chi_bits"": 2, ""mps_l"": 21.2064, ""hsf_k"": 20, ""hsf_na"": 10, ""hsf_nb"": 11, ""hsf_l"": 29.3185, ""sup"": 2, ""chi_bits0"": 10, ""mps_l0"": 39.3971, ""hsf_keff"": 8, ""hsf_l0"": 41.3185, ""sparse_l"": 9.983, ""sv_l"": 28.983, ""feat_secs"": 0.008944, ""feat_secs_frame"": 0.001834, ""feat_secs_hsf"": 0.006967}"
arith,"arith:bits=10,h=2,reps=1",1,"{""bits"": 10.0, ""h"": 2.0, ""reps"": 1.0}",sv,ok,0.058255,0.0657,36388864,-0.2500000000000001,2097152,-0.2500000000000001,0.0,,"{""n"": 21, ""gates"": 74, ""g2"": 40, ""g3"": 20, ""depth2"": 51, ""t_count"": 140, ""rotations"": 140, ""d"": 21, ""dense_l"": 25.3942, ""redundant"": 119, ""obs_zero"": false, ""frame_l"": 49.1293, ""chi_bits"": 4, ""mps_l"": 24.8556, ""hsf_k"": 5, ""hsf_na"": 10, ""hsf_nb"": 11, ""hsf_l"": 23.1007, ""sup"": 4, ""chi_bits0"": 10, ""mps_l0"": 36.7453, ""hsf_keff"": 2, ""hsf_l0"": 26.1007, ""sparse_l"": 10.2095, ""sv_l"": 27.2095, ""feat_secs"": 0.007564, ""feat_secs_frame"": 0.000474, ""feat_secs_hsf"": 0.007029}"
arith,"arith:bits=10,h=2,reps=1",1,"{""bits"": 10.0, ""h"": 2.0, ""reps"": 1.0}",sparse,ok,5.2e-05,0.0049,1933312,-0.2500000000000001,16,-0.2500000000000001,0.0,,"{""n"": 21, ""gates"": 74, ""g2"": 40, ""g3"": 20, ""depth2"": 51, ""t_count"": 140, ""rotations"": 140, ""d"": 21, ""dense_l"": 25.3942, ""redundant"": 119, ""obs_zero"": false, ""frame_l"": 49.1293, ""chi_bits"": 4, ""mps_l"": 24.8556, ""hsf_k"": 5, ""hsf_na"": 10, ""hsf_nb"": 11, ""hsf_l"": 23.1007, ""sup"": 4, ""chi_bits0"": 10, ""mps_l0"": 36.7453, ""hsf_keff"": 2, ""hsf_l0"": 26.1007, ""sparse_l"": 10.2095, ""sv_l"": 27.2095, ""feat_secs"": 0.007564, ""feat_secs_frame"": 0.000474, ""feat_secs_hsf"": 0.007029}"
arith,"arith:bits=10,h=2,reps=1",1,"{""bits"": 10.0, ""h"": 2.0, ""reps"": 1.0}",mps,ok,0.001424,0.0080,2899968,-0.2500000000000011,3,-0.2500000000000001,9.992007221626409e-16,,"{""n"": 21, ""gates"": 74, ""g2"": 40, ""g3"": 20, ""depth2"": 51, ""t_count"": 140, ""rotations"": 140, ""d"": 21, ""dense_l"": 25.3942, ""redundant"": 119, ""obs_zero"": false, ""frame_l"": 49.1293, ""chi_bits"": 4, ""mps_l"": 24.8556, ""hsf_k"": 5, ""hsf_na"": 10, ""hsf_nb"": 11, ""hsf_l"": 23.1007, ""sup"": 4, ""chi_bits0"": 10, ""mps_l0"": 36.7453, ""hsf_keff"": 2, ""hsf_l0"": 26.1007, ""sparse_l"": 10.2095, ""sv_l"": 27.2095, ""feat_secs"": 0.007564, ""feat_secs_frame"": 0.000474, ""feat_secs_hsf"": 0.007029}"
arith,"arith:bits=10,h=2,reps=1",1,"{""bits"": 10.0, ""h"": 2.0, ""reps"": 1.0}",hsf,ok,0.012527,0.0185,37928960,-0.2500000000000001,32,-0.2500000000000001,0.0,,"{""n"": 21, ""gates"": 74, ""g2"": 40, ""g3"": 20, ""depth2"": 51, ""t_count"": 140, ""rotations"": 140, ""d"": 21, ""dense_l"": 25.3942, ""redundant"": 119, ""obs_zero"": false, ""frame_l"": 49.1293, ""chi_bits"": 4, ""mps_l"": 24.8556, ""hsf_k"": 5, ""hsf_na"": 10, ""hsf_nb"": 11, ""hsf_l"": 23.1007, ""sup"": 4, ""chi_bits0"": 10, ""mps_l0"": 36.7453, ""hsf_keff"": 2, ""hsf_l0"": 26.1007, ""sparse_l"": 10.2095, ""sv_l"": 27.2095, ""feat_secs"": 0.007564, ""feat_secs_frame"": 0.000474, ""feat_secs_hsf"": 0.007029}"
arith,"arith:bits=10,h=2,reps=1",1,"{""bits"": 10.0, ""h"": 2.0, ""reps"": 1.0}",tableau,na,,0.0049,1818624,,,-0.2500000000000001,,"TooLarge { what: ""tableau (non-Clifford circuit)"", bytes: 0, limit: 0 }","{""n"": 21, ""gates"": 74, ""g2"": 40, ""g3"": 20, ""depth2"": 51, ""t_count"": 140, ""rotations"": 140, ""d"": 21, ""dense_l"": 25.3942, ""redundant"": 119, ""obs_zero"": false, ""frame_l"": 49.1293, ""chi_bits"": 4, ""mps_l"": 24.8556, ""hsf_k"": 5, ""hsf_na"": 10, ""hsf_nb"": 11, ""hsf_l"": 23.1007, ""sup"": 4, ""chi_bits0"": 10, ""mps_l0"": 36.7453, ""hsf_keff"": 2, ""hsf_l0"": 26.1007, ""sparse_l"": 10.2095, ""sv_l"": 27.2095, ""feat_secs"": 0.007564, ""feat_secs_frame"": 0.000474, ""feat_secs_hsf"": 0.007029}"
arith,"arith:bits=10,h=2,reps=1",1,"{""bits"": 10.0, ""h"": 2.0, ""reps"": 1.0}",frame,ok,0.002074,0.0076,2686976,-0.25,64,-0.2500000000000001,1.1102230246251565e-16,switched_at=None dense_qubits=0 peak_terms=64 term_visits=2298 dense_ops=0,"{""n"": 21, ""gates"": 74, ""g2"": 40, ""g3"": 20, ""depth2"": 51, ""t_count"": 140, ""rotations"": 140, ""d"": 21, ""dense_l"": 25.3942, ""redundant"": 119, ""obs_zero"": false, ""frame_l"": 49.1293, ""chi_bits"": 4, ""mps_l"": 24.8556, ""hsf_k"": 5, ""hsf_na"": 10, ""hsf_nb"": 11, ""hsf_l"": 23.1007, ""sup"": 4, ""chi_bits0"": 10, ""mps_l0"": 36.7453, ""hsf_keff"": 2, ""hsf_l0"": 26.1007, ""sparse_l"": 10.2095, ""sv_l"": 27.2095, ""feat_secs"": 0.007564, ""feat_secs_frame"": 0.000474, ""feat_secs_hsf"": 0.007029}"
arith,"arith:bits=10,h=2,reps=1",1,"{""bits"": 10.0, ""h"": 2.0, ""reps"": 1.0}",dense,ok,0.102549,0.1071,78069760,-0.2499999999999996,21,-0.2500000000000001,4.996003610813204e-16,switched_at=Some(106) dense_qubits=21 peak_terms=1 term_visits=0 dense_ops=27311934,"{""n"": 21, ""gates"": 74, ""g2"": 40, ""g3"": 20, ""depth2"": 51, ""t_count"": 140, ""rotations"": 140, ""d"": 21, ""dense_l"": 25.3942, ""redundant"": 119, ""obs_zero"": false, ""frame_l"": 49.1293, ""chi_bits"": 4, ""mps_l"": 24.8556, ""hsf_k"": 5, ""hsf_na"": 10, ""hsf_nb"": 11, ""hsf_l"": 23.1007, ""sup"": 4, ""chi_bits0"": 10, ""mps_l0"": 36.7453, ""hsf_keff"": 2, ""hsf_l0"": 26.1007, ""sparse_l"": 10.2095, ""sv_l"": 27.2095, ""feat_secs"": 0.007564, ""feat_secs_frame"": 0.000474, ""feat_secs_hsf"": 0.007029}"
arith,"arith:bits=10,h=2,reps=1",1,"{""bits"": 10.0, ""h"": 2.0, ""reps"": 1.0}",auto,ok,0.092841,0.1003,78184448,-0.2499999999999996,21,-0.2500000000000001,4.996003610813204e-16,switched_at=Some(104) dense_qubits=21 peak_terms=4 term_visits=3 dense_ops=29409086,"{""n"": 21, ""gates"": 74, ""g2"": 40, ""g3"": 20, ""depth2"": 51, ""t_count"": 140, ""rotations"": 140, ""d"": 21, ""dense_l"": 25.3942, ""redundant"": 119, ""obs_zero"": false, ""frame_l"": 49.1293, ""chi_bits"": 4, ""mps_l"": 24.8556, ""hsf_k"": 5, ""hsf_na"": 10, ""hsf_nb"": 11, ""hsf_l"": 23.1007, ""sup"": 4, ""chi_bits0"": 10, ""mps_l0"": 36.7453, ""hsf_keff"": 2, ""hsf_l0"": 26.1007, ""sparse_l"": 10.2095, ""sv_l"": 27.2095, ""feat_secs"": 0.007564, ""feat_secs_frame"": 0.000474, ""feat_secs_hsf"": 0.007029}"
arith,"arith:bits=10,h=2,reps=2",1,"{""bits"": 10.0, ""h"": 2.0, ""reps"": 2.0}",sv,ok,0.107656,0.1137,36438016,-0.2500000000000001,2097152,-0.2500000000000001,0.0,,"{""n"": 21, ""gates"": 134, ""g2"": 80, ""g3"": 40, ""depth2"": 102, ""t_count"": 280, ""rotations"": 280, ""d"": 21, ""dense_l"": 28.3312, ""redundant"": 259, ""obs_zero"": false, ""frame_l"": 50.1293, ""chi_bits"": 4, ""mps_l"": 25.4807, ""hsf_k"": 10, ""hsf_na"": 10, ""hsf_nb"": 11, ""hsf_l"": 25.1774, ""sup"": 4, ""chi_bits0"": 10, ""mps_l0"": 37.8784, ""hsf_keff"": 4, ""hsf_l0"": 31.1774, ""sparse_l"": 11.0661, ""sv_l"": 28.0661, ""feat_secs"": 0.007412, ""feat_secs_frame"": 0.000682, ""feat_secs_hsf"": 0.006644}"
arith,"arith:bits=10,h=2,reps=2",1,"{""bits"": 10.0, ""h"": 2.0, ""reps"": 2.0}",sparse,ok,7.5e-05,0.0073,1949696,-0.2500000000000001,16,-0.2500000000000001,0.0,,"{""n"": 21, ""gates"": 134, ""g2"": 80, ""g3"": 40, ""depth2"": 102, ""t_count"": 280, ""rotations"": 280, ""d"": 21, ""dense_l"": 28.3312, ""redundant"": 259, ""obs_zero"": false, ""frame_l"": 50.1293, ""chi_bits"": 4, ""mps_l"": 25.4807, ""hsf_k"": 10, ""hsf_na"": 10, ""hsf_nb"": 11, ""hsf_l"": 25.1774, ""sup"": 4, ""chi_bits0"": 10, ""mps_l0"": 37.8784, ""hsf_keff"": 4, ""hsf_l0"": 31.1774, ""sparse_l"": 11.0661, ""sv_l"": 28.0661, ""feat_secs"": 0.007412, ""feat_secs_frame"": 0.000682, ""feat_secs_hsf"": 0.006644}"
arith,"arith:bits=10,h=2,reps=2",1,"{""bits"": 10.0, ""h"": 2.0, ""reps"": 2.0}",mps,ok,0.002387,0.0077,2949120,-0.2499999999999983,4,-0.2500000000000001,1.8041124150158794e-15,,"{""n"": 21, ""gates"": 134, ""g2"": 80, ""g3"": 40, ""depth2"": 102, ""t_count"": 280, ""rotations"": 280, ""d"": 21, ""dense_l"": 28.3312, ""redundant"": 259, ""obs_zero"": false, ""frame_l"": 50.1293, ""chi_bits"": 4, ""mps_l"": 25.4807, ""hsf_k"": 10, ""hsf_na"": 10, ""hsf_nb"": 11, ""hsf_l"": 25.1774, ""sup"": 4, ""chi_bits0"": 10, ""mps_l0"": 37.8784, ""hsf_keff"": 4, ""hsf_l0"": 31.1774, ""sparse_l"": 11.0661, ""sv_l"": 28.0661, ""feat_secs"": 0.007412, ""feat_secs_frame"": 0.000682, ""feat_secs_hsf"": 0.006644}"
arith,"arith:bits=10,h=2,reps=2",1,"{""bits"": 10.0, ""h"": 2.0, ""reps"": 2.0}",hsf,ok,0.035461,0.0406,39763968,-0.2500000000000001,1024,-0.2500000000000001,0.0,,"{""n"": 21, ""gates"": 134, ""g2"": 80, ""g3"": 40, ""depth2"": 102, ""t_count"": 280, ""rotations"": 280, ""d"": 21, ""dense_l"": 28.3312, ""redundant"": 259, ""obs_zero"": false, ""frame_l"": 50.1293, ""chi_bits"": 4, ""mps_l"": 25.4807, ""hsf_k"": 10, ""hsf_na"": 10, ""hsf_nb"": 11, ""hsf_l"": 25.1774, ""sup"": 4, ""chi_bits0"": 10, ""mps_l0"": 37.8784, ""hsf_keff"": 4, ""hsf_l0"": 31.1774, ""sparse_l"": 11.0661, ""sv_l"": 28.0661, ""feat_secs"": 0.007412, ""feat_secs_frame"": 0.000682, ""feat_secs_hsf"": 0.006644}"
arith,"arith:bits=10,h=2,reps=2",1,"{""bits"": 10.0, ""h"": 2.0, ""reps"": 2.0}",tableau,na,,0.0068,1835008,,,-0.2500000000000001,,"TooLarge { what: ""tableau (non-Clifford circuit)"", bytes: 0, limit: 0 }","{""n"": 21, ""gates"": 134, ""g2"": 80, ""g3"": 40, ""depth2"": 102, ""t_count"": 280, ""rotations"": 280, ""d"": 21, ""dense_l"": 28.3312, ""redundant"": 259, ""obs_zero"": false, ""frame_l"": 50.1293, ""chi_bits"": 4, ""mps_l"": 25.4807, ""hsf_k"": 10, ""hsf_na"": 10, ""hsf_nb"": 11, ""hsf_l"": 25.1774, ""sup"": 4, ""chi_bits0"": 10, ""mps_l0"": 37.8784, ""hsf_keff"": 4, ""hsf_l0"": 31.1774, ""sparse_l"": 11.0661, ""sv_l"": 28.0661, ""feat_secs"": 0.007412, ""feat_secs_frame"": 0.000682, ""feat_secs_hsf"": 0.006644}"
arith,"arith:bits=10,h=2,reps=2",1,"{""bits"": 10.0, ""h"": 2.0, ""reps"": 2.0}",frame,ok,0.298964,0.3089,66928640,-0.25,524288,-0.2500000000000001,1.1102230246251565e-16,switched_at=None dense_qubits=0 peak_terms=524288 term_visits=13475723 dense_ops=0,"{""n"": 21, ""gates"": 134, ""g2"": 80, ""g3"": 40, ""depth2"": 102, ""t_count"": 280, ""rotations"": 280, ""d"": 21, ""dense_l"": 28.3312, ""redundant"": 259, ""obs_zero"": false, ""frame_l"": 50.1293, ""chi_bits"": 4, ""mps_l"": 25.4807, ""hsf_k"": 10, ""hsf_na"": 10, ""hsf_nb"": 11, ""hsf_l"": 25.1774, ""sup"": 4, ""chi_bits0"": 10, ""mps_l0"": 37.8784, ""hsf_keff"": 4, ""hsf_l0"": 31.1774, ""sparse_l"": 11.0661, ""sv_l"": 28.0661, ""feat_secs"": 0.007412, ""feat_secs_frame"": 0.000682, ""feat_secs_hsf"": 0.006644}"
arith,"arith:bits=10,h=2,reps=2",1,"{""bits"": 10.0, ""h"": 2.0, ""reps"": 2.0}",dense,ok,0.296098,0.3040,78135296,-0.2499999999999994,21,-0.2500000000000001,7.216449660063518e-16,switched_at=Some(156) dense_qubits=21 peak_terms=1 term_visits=0 dense_ops=169910094,"{""n"": 21, ""gates"": 134, ""g2"": 80, ""g3"": 40, ""depth2"": 102, ""t_count"": 280, ""rotations"": 280, ""d"": 21, ""dense_l"": 28.3312, ""redundant"": 259, ""obs_zero"": false, ""frame_l"": 50.1293, ""chi_bits"": 4, ""mps_l"": 25.4807, ""hsf_k"": 10, ""hsf_na"": 10, ""hsf_nb"": 11, ""hsf_l"": 25.1774, ""sup"": 4, ""chi_bits0"": 10, ""mps_l0"": 37.8784, ""hsf_keff"": 4, ""hsf_l0"": 31.1774, ""sparse_l"": 11.0661, ""sv_l"": 28.0661, ""feat_secs"": 0.007412, ""feat_secs_frame"": 0.000682, ""feat_secs_hsf"": 0.006644}"
arith,"arith:bits=10,h=2,reps=2",1,"{""bits"": 10.0, ""h"": 2.0, ""reps"": 2.0}",auto,ok,0.301747,0.3071,78200832,-0.2499999999999994,21,-0.2500000000000001,7.216449660063518e-16,switched_at=Some(154) dense_qubits=21 peak_terms=4 term_visits=3 dense_ops=172007246,"{""n"": 21, ""gates"": 134, ""g2"": 80, ""g3"": 40, ""depth2"": 102, ""t_count"": 280, ""rotations"": 280, ""d"": 21, ""dense_l"": 28.3312, ""redundant"": 259, ""obs_zero"": false, ""frame_l"": 50.1293, ""chi_bits"": 4, ""mps_l"": 25.4807, ""hsf_k"": 10, ""hsf_na"": 10, ""hsf_nb"": 11, ""hsf_l"": 25.1774, ""sup"": 4, ""chi_bits0"": 10, ""mps_l0"": 37.8784, ""hsf_keff"": 4, ""hsf_l0"": 31.1774, ""sparse_l"": 11.0661, ""sv_l"": 28.0661, ""feat_secs"": 0.007412, ""feat_secs_frame"": 0.000682, ""feat_secs_hsf"": 0.006644}"
arith,"arith:bits=10,h=2,reps=4",1,"{""bits"": 10.0, ""h"": 2.0, ""reps"": 4.0}",sv,ok,0.190553,0.1972,36634624,0.3750000000000001,2097152,0.3750000000000001,0.0,,"{""n"": 21, ""gates"": 254, ""g2"": 160, ""g3"": 80, ""depth2"": 204, ""t_count"": 560, ""rotations"": 560, ""d"": 21, ""dense_l"": 29.7847, ""redundant"": 539, ""obs_zero"": false, ""frame_l"": 51.1293, ""chi_bits"": 4, ""mps_l"": 26.6657, ""hsf_k"": 20, ""hsf_na"": 10, ""hsf_nb"": 11, ""hsf_l"": 29.3197, ""sup"": 4, ""chi_bits0"": 10, ""mps_l0"": 39.3971, ""hsf_keff"": 8, ""hsf_l0"": 41.3197, ""sparse_l"": 11.9887, ""sv_l"": 28.9887, ""feat_secs"": 0.008123, ""feat_secs_frame"": 0.001421, ""feat_secs_hsf"": 0.00659}"
arith,"arith:bits=10,h=2,reps=4",1,"{""bits"": 10.0, ""h"": 2.0, ""reps"": 4.0}",sparse,ok,0.000125,0.0078,1998848,0.3750000000000001,16,0.3750000000000001,0.0,,"{""n"": 21, ""gates"": 254, ""g2"": 160, ""g3"": 80, ""depth2"": 204, ""t_count"": 560, ""rotations"": 560, ""d"": 21, ""dense_l"": 29.7847, ""redundant"": 539, ""obs_zero"": false, ""frame_l"": 51.1293, ""chi_bits"": 4, ""mps_l"": 26.6657, ""hsf_k"": 20, ""hsf_na"": 10, ""hsf_nb"": 11, ""hsf_l"": 29.3197, ""sup"": 4, ""chi_bits0"": 10, ""mps_l0"": 39.3971, ""hsf_keff"": 8, ""hsf_l0"": 41.3197, ""sparse_l"": 11.9887, ""sv_l"": 28.9887, ""feat_secs"": 0.008123, ""feat_secs_frame"": 0.001421, ""feat_secs_hsf"": 0.00659}"
arith,"arith:bits=10,h=2,reps=4",1,"{""bits"": 10.0, ""h"": 2.0, ""reps"": 4.0}",mps,ok,0.008013,0.0144,3719168,0.3749999999999949,9,0.3750000000000001,5.218048215738236e-15,,"{""n"": 21, ""gates"": 254, ""g2"": 160, ""g3"": 80, ""depth2"": 204, ""t_count"": 560, ""rotations"": 560, ""d"": 21, ""dense_l"": 29.7847, ""redundant"": 539, ""obs_zero"": false, ""frame_l"": 51.1293, ""chi_bits"": 4, ""mps_l"": 26.6657, ""hsf_k"": 20, ""hsf_na"": 10, ""hsf_nb"": 11, ""hsf_l"": 29.3197, ""sup"": 4, ""chi_bits0"": 10, ""mps_l0"": 39.3971, ""hsf_keff"": 8, ""hsf_l0"": 41.3197, ""sparse_l"": 11.9887, ""sv_l"": 28.9887, ""feat_secs"": 0.008123, ""feat_secs_frame"": 0.001421, ""feat_secs_hsf"": 0.00659}"
arith,"arith:bits=10,h=2,reps=4",1,"{""bits"": 10.0, ""h"": 2.0, ""reps"": 4.0}",hsf,ok,0.040281,0.0467,40517632,0.3750000000000001,1048576,0.3750000000000001,0.0,,"{""n"": 21, ""gates"": 254, ""g2"": 160, ""g3"": 80, ""depth2"": 204, ""t_count"": 560, ""rotations"": 560, ""d"": 21, ""dense_l"": 29.7847, ""redundant"": 539, ""obs_zero"": false, ""frame_l"": 51.1293, ""chi_bits"": 4, ""mps_l"": 26.6657, ""hsf_k"": 20, ""hsf_na"": 10, ""hsf_nb"": 11, ""hsf_l"": 29.3197, ""sup"": 4, ""chi_bits0"": 10, ""mps_l0"": 39.3971, ""hsf_keff"": 8, ""hsf_l0"": 41.3197, ""sparse_l"": 11.9887, ""sv_l"": 28.9887, ""feat_secs"": 0.008123, ""feat_secs_frame"": 0.001421, ""feat_secs_hsf"": 0.00659}"
arith,"arith:bits=10,h=2,reps=4",1,"{""bits"": 10.0, ""h"": 2.0, ""reps"": 4.0}",tableau,na,,0.0073,1835008,,,0.3750000000000001,,"TooLarge { what: ""tableau (non-Clifford circuit)"", bytes: 0, limit: 0 }","{""n"": 21, ""gates"": 254, ""g2"": 160, ""g3"": 80, ""depth2"": 204, ""t_count"": 560, ""rotations"": 560, ""d"": 21, ""dense_l"": 29.7847, ""redundant"": 539, ""obs_zero"": false, ""frame_l"": 51.1293, ""chi_bits"": 4, ""mps_l"": 26.6657, ""hsf_k"": 20, ""hsf_na"": 10, ""hsf_nb"": 11, ""hsf_l"": 29.3197, ""sup"": 4, ""chi_bits0"": 10, ""mps_l0"": 39.3971, ""hsf_keff"": 8, ""hsf_l0"": 41.3197, ""sparse_l"": 11.9887, ""sv_l"": 28.9887, ""feat_secs"": 0.008123, ""feat_secs_frame"": 0.001421, ""feat_secs_hsf"": 0.00659}"
arith,"arith:bits=10,h=2,reps=4",1,"{""bits"": 10.0, ""h"": 2.0, ""reps"": 4.0}",frame,ok,3.966462,3.9812,860307456,0.3749999999999998,7246320,0.3750000000000001,3.3306690738754696e-16,switched_at=None dense_qubits=0 peak_terms=7246320 term_visits=150386972 dense_ops=0,"{""n"": 21, ""gates"": 254, ""g2"": 160, ""g3"": 80, ""depth2"": 204, ""t_count"": 560, ""rotations"": 560, ""d"": 21, ""dense_l"": 29.7847, ""redundant"": 539, ""obs_zero"": false, ""frame_l"": 51.1293, ""chi_bits"": 4, ""mps_l"": 26.6657, ""hsf_k"": 20, ""hsf_na"": 10, ""hsf_nb"": 11, ""hsf_l"": 29.3197, ""sup"": 4, ""chi_bits0"": 10, ""mps_l0"": 39.3971, ""hsf_keff"": 8, ""hsf_l0"": 41.3197, ""sparse_l"": 11.9887, ""sv_l"": 28.9887, ""feat_secs"": 0.008123, ""feat_secs_frame"": 0.001421, ""feat_secs_hsf"": 0.00659}"
arith,"arith:bits=10,h=2,reps=4",1,"{""bits"": 10.0, ""h"": 2.0, ""reps"": 4.0}",dense,ok,0.658147,0.6646,78168064,0.3749999999999993,21,0.3750000000000001,8.326672684688674e-16,switched_at=Some(260) dense_qubits=21 peak_terms=1 term_visits=0 dense_ops=388005718,"{""n"": 21, ""gates"": 254, ""g2"": 160, ""g3"": 80, ""depth2"": 204, ""t_count"": 560, ""rotations"": 560, ""d"": 21, ""dense_l"": 29.7847, ""redundant"": 539, ""obs_zero"": false, ""frame_l"": 51.1293, ""chi_bits"": 4, ""mps_l"": 26.6657, ""hsf_k"": 20, ""hsf_na"": 10, ""hsf_nb"": 11, ""hsf_l"": 29.3197, ""sup"": 4, ""chi_bits0"": 10, ""mps_l0"": 39.3971, ""hsf_keff"": 8, ""hsf_l0"": 41.3197, ""sparse_l"": 11.9887, ""sv_l"": 28.9887, ""feat_secs"": 0.008123, ""feat_secs_frame"": 0.001421, ""feat_secs_hsf"": 0.00659}"
arith,"arith:bits=10,h=2,reps=4",1,"{""bits"": 10.0, ""h"": 2.0, ""reps"": 4.0}",auto,ok,0.659779,0.6644,78282752,0.3749999999999993,21,0.3750000000000001,8.326672684688674e-16,switched_at=Some(258) dense_qubits=21 peak_terms=4 term_visits=3 dense_ops=390102870,"{""n"": 21, ""gates"": 254, ""g2"": 160, ""g3"": 80, ""depth2"": 204, ""t_count"": 560, ""rotations"": 560, ""d"": 21, ""dense_l"": 29.7847, ""redundant"": 539, ""obs_zero"": false, ""frame_l"": 51.1293, ""chi_bits"": 4, ""mps_l"": 26.6657, ""hsf_k"": 20, ""hsf_na"": 10, ""hsf_nb"": 11, ""hsf_l"": 29.3197, ""sup"": 4, ""chi_bits0"": 10, ""mps_l0"": 39.3971, ""hsf_keff"": 8, ""hsf_l0"": 41.3197, ""sparse_l"": 11.9887, ""sv_l"": 28.9887, ""feat_secs"": 0.008123, ""feat_secs_frame"": 0.001421, ""feat_secs_hsf"": 0.00659}"
arith,"arith:bits=10,h=4,reps=1",1,"{""bits"": 10.0, ""h"": 4.0, ""reps"": 1.0}",sv,ok,0.064734,0.0694,36372480,0.0,2097152,0.0,0.0,,"{""n"": 21, ""gates"": 75, ""g2"": 40, ""g3"": 20, ""depth2"": 51, ""t_count"": 140, ""rotations"": 140, ""d"": 21, ""dense_l"": 26.1337, ""redundant"": 119, ""obs_zero"": false, ""frame_l"": 49.1293, ""chi_bits"": 8, ""mps_l"": 34.2064, ""hsf_k"": 5, ""hsf_na"": 10, ""hsf_nb"": 11, ""hsf_l"": 23.102, ""sup"": 8, ""chi_bits0"": 10, ""mps_l0"": 36.7453, ""hsf_keff"": 2, ""hsf_l0"": 26.102, ""sparse_l"": 14.2288, ""sv_l"": 27.2288, ""feat_secs"": 0.004647, ""feat_secs_frame"": 0.000412, ""feat_secs_hsf"": 0.004192}"
arith,"arith:bits=10,h=4,reps=1",1,"{""bits"": 10.0, ""h"": 4.0, ""reps"": 1.0}",sparse,ok,0.000314,0.0081,2048000,8.673617379884035e-18,256,0.0,8.673617379884035e-18,,"{""n"": 21, ""gates"": 75, ""g2"": 40, ""g3"": 20, ""depth2"": 51, ""t_count"": 140, ""rotations"": 140, ""d"": 21, ""dense_l"": 26.1337, ""redundant"": 119, ""obs_zero"": false, ""frame_l"": 49.1293, ""chi_bits"": 8, ""mps_l"": 34.2064, ""hsf_k"": 5, ""hsf_na"": 10, ""hsf_nb"": 11, ""hsf_l"": 23.102, ""sup"": 8, ""chi_bits0"": 10, ""mps_l0"": 36.7453, ""hsf_keff"": 2, ""hsf_l0"": 26.102, ""sparse_l"": 14.2288, ""sv_l"": 27.2288, ""feat_secs"": 0.004647, ""feat_secs_frame"": 0.000412, ""feat_secs_hsf"": 0.004192}"
arith,"arith:bits=10,h=4,reps=1",1,"{""bits"": 10.0, ""h"": 4.0, ""reps"": 1.0}",mps,ok,0.002074,0.0070,3112960,-2.428612866367529e-16,3,0.0,2.428612866367529e-16,,"{""n"": 21, ""gates"": 75, ""g2"": 40, ""g3"": 20, ""depth2"": 51, ""t_count"": 140, ""rotations"": 140, ""d"": 21, ""dense_l"": 26.1337, ""redundant"": 119, ""obs_zero"": false, ""frame_l"": 49.1293, ""chi_bits"": 8, ""mps_l"": 34.2064, ""hsf_k"": 5, ""hsf_na"": 10, ""hsf_nb"": 11, ""hsf_l"": 23.102, ""sup"": 8, ""chi_bits0"": 10, ""mps_l0"": 36.7453, ""hsf_keff"": 2, ""hsf_l0"": 26.102, ""sparse_l"": 14.2288, ""sv_l"": 27.2288, ""feat_secs"": 0.004647, ""feat_secs_frame"": 0.000412, ""feat_secs_hsf"": 0.004192}"
arith,"arith:bits=10,h=4,reps=1",1,"{""bits"": 10.0, ""h"": 4.0, ""reps"": 1.0}",hsf,ok,0.014742,0.0203,37928960,0.0,32,0.0,0.0,,"{""n"": 21, ""gates"": 75, ""g2"": 40, ""g3"": 20, ""depth2"": 51, ""t_count"": 140, ""rotations"": 140, ""d"": 21, ""dense_l"": 26.1337, ""redundant"": 119, ""obs_zero"": false, ""frame_l"": 49.1293, ""chi_bits"": 8, ""mps_l"": 34.2064, ""hsf_k"": 5, ""hsf_na"": 10, ""hsf_nb"": 11, ""hsf_l"": 23.102, ""sup"": 8, ""chi_bits0"": 10, ""mps_l0"": 36.7453, ""hsf_keff"": 2, ""hsf_l0"": 26.102, ""sparse_l"": 14.2288, ""sv_l"": 27.2288, ""feat_secs"": 0.004647, ""feat_secs_frame"": 0.000412, ""feat_secs_hsf"": 0.004192}"
arith,"arith:bits=10,h=4,reps=1",1,"{""bits"": 10.0, ""h"": 4.0, ""reps"": 1.0}",tableau,na,,0.0080,1818624,,,0.0,,"TooLarge { what: ""tableau (non-Clifford circuit)"", bytes: 0, limit: 0 }","{""n"": 21, ""gates"": 75, ""g2"": 40, ""g3"": 20, ""depth2"": 51, ""t_count"": 140, ""rotations"": 140, ""d"": 21, ""dense_l"": 26.1337, ""redundant"": 119, ""obs_zero"": false, ""frame_l"": 49.1293, ""chi_bits"": 8, ""mps_l"": 34.2064, ""hsf_k"": 5, ""hsf_na"": 10, ""hsf_nb"": 11, ""hsf_l"": 23.102, ""sup"": 8, ""chi_bits0"": 10, ""mps_l0"": 36.7453, ""hsf_keff"": 2, ""hsf_l0"": 26.102, ""sparse_l"": 14.2288, ""sv_l"": 27.2288, ""feat_secs"": 0.004647, ""feat_secs_frame"": 0.000412, ""feat_secs_hsf"": 0.004192}"
arith,"arith:bits=10,h=4,reps=1",1,"{""bits"": 10.0, ""h"": 4.0, ""reps"": 1.0}",frame,ok,0.00411,0.0107,3063808,-0.0,1024,0.0,0.0,switched_at=None dense_qubits=0 peak_terms=1024 term_visits=27131 dense_ops=0,"{""n"": 21, ""gates"": 75, ""g2"": 40, ""g3"": 20, ""depth2"": 51, ""t_count"": 140, ""rotations"": 140, ""d"": 21, ""dense_l"": 26.1337, ""redundant"": 119, ""obs_zero"": false, ""frame_l"": 49.1293, ""chi_bits"": 8, ""mps_l"": 34.2064, ""hsf_k"": 5, ""hsf_na"": 10, ""hsf_nb"": 11, ""hsf_l"": 23.102, ""sup"": 8, ""chi_bits0"": 10, ""mps_l0"": 36.7453, ""hsf_keff"": 2, ""hsf_l0"": 26.102, ""sparse_l"": 14.2288, ""sv_l"": 27.2288, ""feat_secs"": 0.004647, ""feat_secs_frame"": 0.000412, ""feat_secs_hsf"": 0.004192}"
arith,"arith:bits=10,h=4,reps=1",1,"{""bits"": 10.0, ""h"": 4.0, ""reps"": 1.0}",dense,ok,0.151145,0.1570,79478784,-1.387778780781446e-17,21,0.0,1.387778780781446e-17,switched_at=Some(106) dense_qubits=21 peak_terms=1 term_visits=0 dense_ops=44234046,"{""n"": 21, ""gates"": 75, ""g2"": 40, ""g3"": 20, ""depth2"": 51, ""t_count"": 140, ""rotations"": 140, ""d"": 21, ""dense_l"": 26.1337, ""redundant"": 119, ""obs_zero"": false, ""frame_l"": 49.1293, ""chi_bits"": 8, ""mps_l"": 34.2064, ""hsf_k"": 5, ""hsf_na"": 10, ""hsf_nb"": 11, ""hsf_l"": 23.102, ""sup"": 8, ""chi_bits0"": 10, ""mps_l0"": 36.7453, ""hsf_keff"": 2, ""hsf_l0"": 26.102, ""sparse_l"": 14.2288, ""sv_l"": 27.2288, ""feat_secs"": 0.004647, ""feat_secs_frame"": 0.000412, ""feat_secs_hsf"": 0.004192}"
arith,"arith:bits=10,h=4,reps=1",1,"{""bits"": 10.0, ""h"": 4.0, ""reps"": 1.0}",auto,ok,0.142353,0.1483,79544320,-6.956075349964873e-18,21,0.0,6.956075349964873e-18,switched_at=Some(104) dense_qubits=21 peak_terms=4 term_visits=3 dense_ops=46331198,"{""n"": 21, ""gates"": 75, ""g2"": 40, ""g3"": 20, ""depth2"": 51, ""t_count"": 140, ""rotations"": 140, ""d"": 21, ""dense_l"": 26.1337, ""redundant"": 119, ""obs_zero"": false, ""frame_l"": 49.1293, ""chi_bits"": 8, ""mps_l"": 34.2064, ""hsf_k"": 5, ""hsf_na"": 10, ""hsf_nb"": 11, ""hsf_l"": 23.102, ""sup"": 8, ""chi_bits0"": 10, ""mps_l0"": 36.7453, ""hsf_keff"": 2, ""hsf_l0"": 26.102, ""sparse_l"": 14.2288, ""sv_l"": 27.2288, ""feat_secs"": 0.004647, ""feat_secs_frame"": 0.000412, ""feat_secs_hsf"": 0.004192}"
arith,"arith:bits=10,h=4,reps=2",1,"{""bits"": 10.0, ""h"": 4.0, ""reps"": 2.0}",sv,ok,0.105242,0.1120,36438016,6.938893903907228e-18,2097152,6.938893903907228e-18,0.0,,"{""n"": 21, ""gates"": 135, ""g2"": 80, ""g3"": 40, ""depth2"": 102, ""t_count"": 280, ""rotations"": 280, ""d"": 21, ""dense_l"": 28.4521, ""redundant"": 259, ""obs_zero"": false, ""frame_l"": 50.1293, ""chi_bits"": 8, ""mps_l"": 35.3433, ""hsf_k"": 10, ""hsf_na"": 10, ""hsf_nb"": 11, ""hsf_l"": 25.1787, ""sup"": 8, ""chi_bits0"": 10, ""mps_l0"": 37.8784, ""hsf_keff"": 4, ""hsf_l0"": 31.1787, ""sparse_l"": 15.0768, ""sv_l"": 28.0768, ""feat_secs"": 0.008385, ""feat_secs_frame"": 0.000724, ""feat_secs_hsf"": 0.007588}"
arith,"arith:bits=10,h=4,reps=2",1,"{""bits"": 10.0, ""h"": 4.0, ""reps"": 2.0}",sparse,ok,0.000753,0.0072,2080768,0.0,256,6.938893903907228e-18,6.938893903907228e-18,,"{""n"": 21, ""gates"": 135, ""g2"": 80, ""g3"": 40, ""depth2"": 102, ""t_count"": 280, ""rotations"": 280, ""d"": 21, ""dense_l"": 28.4521, ""redundant"": 259, ""obs_zero"": false, ""frame_l"": 50.1293, ""chi_bits"": 8, ""mps_l"": 35.3433, ""hsf_k"": 10, ""hsf_na"": 10, ""hsf_nb"": 11, ""hsf_l"": 25.1787, ""sup"": 8, ""chi_bits0"": 10, ""mps_l0"": 37.8784, ""hsf_keff"": 4, ""hsf_l0"": 31.1787, ""sparse_l"": 15.0768, ""sv_l"": 28.0768, ""feat_secs"": 0.008385, ""feat_secs_frame"": 0.000724, ""feat_secs_hsf"": 0.007588}"
arith,"arith:bits=10,h=4,reps=2",1,"{""bits"": 10.0, ""h"": 4.0, ""reps"": 2.0}",mps,ok,0.003418,0.0098,3211264,-1.637578961322106e-15,4,6.938893903907228e-18,1.6445178552260133e-15,,"{""n"": 21, ""gates"": 135, ""g2"": 80, ""g3"": 40, ""depth2"": 102, ""t_count"": 280, ""rotations"": 280, ""d"": 21, ""dense_l"": 28.4521, ""redundant"": 259, ""obs_zero"": false, ""frame_l"": 50.1293, ""chi_bits"": 8, ""mps_l"": 35.3433, ""hsf_k"": 10, ""hsf_na"": 10, ""hsf_nb"": 11, ""hsf_l"": 25.1787, ""sup"": 8, ""chi_bits0"": 10, ""mps_l0"": 37.8784, ""hsf_keff"": 4, ""hsf_l0"": 31.1787, ""sparse_l"": 15.0768, ""sv_l"": 28.0768, ""feat_secs"": 0.008385, ""feat_secs_frame"": 0.000724, ""feat_secs_hsf"": 0.007588}"
arith,"arith:bits=10,h=4,reps=2",1,"{""bits"": 10.0, ""h"": 4.0, ""reps"": 2.0}",hsf,ok,0.039654,0.0466,39927808,6.938893903907228e-18,1024,6.938893903907228e-18,0.0,,"{""n"": 21, ""gates"": 135, ""g2"": 80, ""g3"": 40, ""depth2"": 102, ""t_count"": 280, ""rotations"": 280, ""d"": 21, ""dense_l"": 28.4521, ""redundant"": 259, ""obs_zero"": false, ""frame_l"": 50.1293, ""chi_bits"": 8, ""mps_l"": 35.3433, ""hsf_k"": 10, ""hsf_na"": 10, ""hsf_nb"": 11, ""hsf_l"": 25.1787, ""sup"": 8, ""chi_bits0"": 10, ""mps_l0"": 37.8784, ""hsf_keff"": 4, ""hsf_l0"": 31.1787, ""sparse_l"": 15.0768, ""sv_l"": 28.0768, ""feat_secs"": 0.008385, ""feat_secs_frame"": 0.000724, ""feat_secs_hsf"": 0.007588}"
arith,"arith:bits=10,h=4,reps=2",1,"{""bits"": 10.0, ""h"": 4.0, ""reps"": 2.0}",tableau,na,,0.0078,1835008,,,6.938893903907228e-18,,"TooLarge { what: ""tableau (non-Clifford circuit)"", bytes: 0, limit: 0 }","{""n"": 21, ""gates"": 135, ""g2"": 80, ""g3"": 40, ""depth2"": 102, ""t_count"": 280, ""rotations"": 280, ""d"": 21, ""dense_l"": 28.4521, ""redundant"": 259, ""obs_zero"": false, ""frame_l"": 50.1293, ""chi_bits"": 8, ""mps_l"": 35.3433, ""hsf_k"": 10, ""hsf_na"": 10, ""hsf_nb"": 11, ""hsf_l"": 25.1787, ""sup"": 8, ""chi_bits0"": 10, ""mps_l0"": 37.8784, ""hsf_keff"": 4, ""hsf_l0"": 31.1787, ""sparse_l"": 15.0768, ""sv_l"": 28.0768, ""feat_secs"": 0.008385, ""feat_secs_frame"": 0.000724, ""feat_secs_hsf"": 0.007588}"
arith,"arith:bits=10,h=4,reps=2",1,"{""bits"": 10.0, ""h"": 4.0, ""reps"": 2.0}",frame,ok,0.334522,0.3434,67059712,-0.0,524288,6.938893903907228e-18,6.938893903907228e-18,switched_at=None dense_qubits=0 peak_terms=524288 term_visits=15267736 dense_ops=0,"{""n"": 21, ""gates"": 135, ""g2"": 80, ""g3"": 40, ""depth2"": 102, ""t_count"": 280, ""rotations"": 280, ""d"": 21, ""dense_l"": 28.4521, ""redundant"": 259, ""obs_zero"": false, ""frame_l"": 50.1293, ""chi_bits"": 8, ""mps_l"": 35.3433, ""hsf_k"": 10, ""hsf_na"": 10, ""hsf_nb"": 11, ""hsf_l"": 25.1787, ""sup"": 8, ""chi_bits0"": 10, ""mps_l0"": 37.8784, ""hsf_keff"": 4, ""hsf_l0"": 31.1787, ""sparse_l"": 15.0768, ""sv_l"": 28.0768, ""feat_secs"": 0.008385, ""feat_secs_frame"": 0.000724, ""feat_secs_hsf"": 0.007588}"
arith,"arith:bits=10,h=4,reps=2",1,"{""bits"": 10.0, ""h"": 4.0, ""reps"": 2.0}",dense,ok,0.42177,0.4288,79560704,2.081668171172169e-17,21,6.938893903907228e-18,1.3877787807814463e-17,switched_at=Some(156) dense_qubits=21 peak_terms=1 term_visits=0 dense_ops=182613646,"{""n"": 21, ""gates"": 135, ""g2"": 80, ""g3"": 40, ""depth2"": 102, ""t_count"": 280, ""rotations"": 280, ""d"": 21, ""dense_l"": 28.4521, ""redundant"": 259, ""obs_zero"": false, ""frame_l"": 50.1293, ""chi_bits"": 8, ""mps_l"": 35.3433, ""hsf_k"": 10, ""hsf_na"": 10, ""hsf_nb"": 11, ""hsf_l"": 25.1787, ""sup"": 8, ""chi_bits0"": 10, ""mps_l0"": 37.8784, ""hsf_keff"": 4, ""hsf_l0"": 31.1787, ""sparse_l"": 15.0768, ""sv_l"": 28.0768, ""feat_secs"": 0.008385, ""feat_secs_frame"": 0.000724, ""feat_secs_hsf"": 0.007588}"
arith,"arith:bits=10,h=4,reps=2",1,"{""bits"": 10.0, ""h"": 4.0, ""reps"": 2.0}",auto,ok,0.393783,0.3995,79593472,3.469446951953614e-17,21,6.938893903907228e-18,2.7755575615628914e-17,switched_at=Some(154) dense_qubits=21 peak_terms=4 term_visits=3 dense_ops=184710798,"{""n"": 21, ""gates"": 135, ""g2"": 80, ""g3"": 40, ""depth2"": 102, ""t_count"": 280, ""rotations"": 280, ""d"": 21, ""dense_l"": 28.4521, ""redundant"": 259, ""obs_zero"": false, ""frame_l"": 50.1293, ""chi_bits"": 8, ""mps_l"": 35.3433, ""hsf_k"": 10, ""hsf_na"": 10, ""hsf_nb"": 11, ""hsf_l"": 25.1787, ""sup"": 8, ""chi_bits0"": 10, ""mps_l0"": 37.8784, ""hsf_keff"": 4, ""hsf_l0"": 31.1787, ""sparse_l"": 15.0768, ""sv_l"": 28.0768, ""feat_secs"": 0.008385, ""feat_secs_frame"": 0.000724, ""feat_secs_hsf"": 0.007588}"
arith,"arith:bits=10,h=4,reps=4",1,"{""bits"": 10.0, ""h"": 4.0, ""reps"": 4.0}",sv,ok,0.198179,0.2041,36618240,-0.01562500000000001,2097152,-0.01562500000000001,0.0,,"{""n"": 21, ""gates"": 255, ""g2"": 160, ""g3"": 80, ""depth2"": 204, ""t_count"": 560, ""rotations"": 560, ""d"": 21, ""dense_l"": 29.8301, ""redundant"": 539, ""obs_zero"": false, ""frame_l"": 51.1293, ""chi_bits"": 8, ""mps_l"": 36.9156, ""hsf_k"": 20, ""hsf_na"": 10, ""hsf_nb"": 11, ""hsf_l"": 29.3208, ""sup"": 8, ""chi_bits0"": 10, ""mps_l0"": 39.3971, ""hsf_keff"": 8, ""hsf_l0"": 41.3208, ""sparse_l"": 15.9944, ""sv_l"": 28.9944, ""feat_secs"": 0.0092, ""feat_secs_frame"": 0.001862, ""feat_secs_hsf"": 0.007219}"
arith,"arith:bits=10,h=4,reps=4",1,"{""bits"": 10.0, ""h"": 4.0, ""reps"": 4.0}",sparse,ok,0.000989,0.0074,2129920,-0.01562500000000001,256,-0.01562500000000001,0.0,,"{""n"": 21, ""gates"": 255, ""g2"": 160, ""g3"": 80, ""depth2"": 204, ""t_count"": 560, ""rotations"": 560, ""d"": 21, ""dense_l"": 29.8301, ""redundant"": 539, ""obs_zero"": false, ""frame_l"": 51.1293, ""chi_bits"": 8, ""mps_l"": 36.9156, ""hsf_k"": 20, ""hsf_na"": 10, ""hsf_nb"": 11, ""hsf_l"": 29.3208, ""sup"": 8, ""chi_bits0"": 10, ""mps_l0"": 39.3971, ""hsf_keff"": 8, ""hsf_l0"": 41.3208, ""sparse_l"": 15.9944, ""sv_l"": 28.9944, ""feat_secs"": 0.0092, ""feat_secs_frame"": 0.001862, ""feat_secs_hsf"": 0.007219}"
arith,"arith:bits=10,h=4,reps=4",1,"{""bits"": 10.0, ""h"": 4.0, ""reps"": 4.0}",mps,ok,0.022358,0.0279,5013504,-0.0156249999999997,17,-0.01562500000000001,3.1051550219984847e-16,,"{""n"": 21, ""gates"": 255, ""g2"": 160, ""g3"": 80, ""depth2"": 204, ""t_count"": 560, ""rotations"": 560, ""d"": 21, ""dense_l"": 29.8301, ""redundant"": 539, ""obs_zero"": false, ""frame_l"": 51.1293, ""chi_bits"": 8, ""mps_l"": 36.9156, ""hsf_k"": 20, ""hsf_na"": 10, ""hsf_nb"": 11, ""hsf_l"": 29.3208, ""sup"": 8, ""chi_bits0"": 10, ""mps_l0"": 39.3971, ""hsf_keff"": 8, ""hsf_l0"": 41.3208, ""sparse_l"": 15.9944, ""sv_l"": 28.9944, ""feat_secs"": 0.0092, ""feat_secs_frame"": 0.001862, ""feat_secs_hsf"": 0.007219}"
arith,"arith:bits=10,h=4,reps=4",1,"{""bits"": 10.0, ""h"": 4.0, ""reps"": 4.0}",hsf,ok,0.042075,0.0484,40697856,-0.01562500000000001,1048576,-0.01562500000000001,0.0,,"{""n"": 21, ""gates"": 255, ""g2"": 160, ""g3"": 80, ""depth2"": 204, ""t_count"": 560, ""rotations"": 560, ""d"": 21, ""dense_l"": 29.8301, ""redundant"": 539, ""obs_zero"": false, ""frame_l"": 51.1293, ""chi_bits"": 8, ""mps_l"": 36.9156, ""hsf_k"": 20, ""hsf_na"": 10, ""hsf_nb"": 11, ""hsf_l"": 29.3208, ""sup"": 8, ""chi_bits0"": 10, ""mps_l0"": 39.3971, ""hsf_keff"": 8, ""hsf_l0"": 41.3208, ""sparse_l"": 15.9944, ""sv_l"": 28.9944, ""feat_secs"": 0.0092, ""feat_secs_frame"": 0.001862, ""feat_secs_hsf"": 0.007219}"
arith,"arith:bits=10,h=4,reps=4",1,"{""bits"": 10.0, ""h"": 4.0, ""reps"": 4.0}",tableau,na,,0.0050,1835008,,,-0.01562500000000001,,"TooLarge { what: ""tableau (non-Clifford circuit)"", bytes: 0, limit: 0 }","{""n"": 21, ""gates"": 255, ""g2"": 160, ""g3"": 80, ""depth2"": 204, ""t_count"": 560, ""rotations"": 560, ""d"": 21, ""dense_l"": 29.8301, ""redundant"": 539, ""obs_zero"": false, ""frame_l"": 51.1293, ""chi_bits"": 8, ""mps_l"": 36.9156, ""hsf_k"": 20, ""hsf_na"": 10, ""hsf_nb"": 11, ""hsf_l"": 29.3208, ""sup"": 8, ""chi_bits0"": 10, ""mps_l0"": 39.3971, ""hsf_keff"": 8, ""hsf_l0"": 41.3208, ""sparse_l"": 15.9944, ""sv_l"": 28.9944, ""feat_secs"": 0.0092, ""feat_secs_frame"": 0.001862, ""feat_secs_hsf"": 0.007219}"
arith,"arith:bits=10,h=4,reps=4",1,"{""bits"": 10.0, ""h"": 4.0, ""reps"": 4.0}",frame,ok,4.509993,4.5206,831094784,-0.01562499999999999,7246320,-0.01562500000000001,2.0816681711721685e-17,switched_at=None dense_qubits=0 peak_terms=7246320 term_visits=168842687 dense_ops=0,"{""n"": 21, ""gates"": 255, ""g2"": 160, ""g3"": 80, ""depth2"": 204, ""t_count"": 560, ""rotations"": 560, ""d"": 21, ""dense_l"": 29.8301, ""redundant"": 539, ""obs_zero"": false, ""frame_l"": 51.1293, ""chi_bits"": 8, ""mps_l"": 36.9156, ""hsf_k"": 20, ""hsf_na"": 10, ""hsf_nb"": 11, ""hsf_l"": 29.3208, ""sup"": 8, ""chi_bits0"": 10, ""mps_l0"": 39.3971, ""hsf_keff"": 8, ""hsf_l0"": 41.3208, ""sparse_l"": 15.9944, ""sv_l"": 28.9944, ""feat_secs"": 0.0092, ""feat_secs_frame"": 0.001862, ""feat_secs_hsf"": 0.007219}"
arith,"arith:bits=10,h=4,reps=4",1,"{""bits"": 10.0, ""h"": 4.0, ""reps"": 4.0}",dense,ok,0.736474,0.7433,79593472,-0.01562499999999984,21,-0.01562500000000001,1.700029006457271e-16,switched_at=Some(260) dense_qubits=21 peak_terms=1 term_visits=0 dense_ops=400684694,"{""n"": 21, ""gates"": 255, ""g2"": 160, ""g3"": 80, ""depth2"": 204, ""t_count"": 560, ""rotations"": 560, ""d"": 21, ""dense_l"": 29.8301, ""redundant"": 539, ""obs_zero"": false, ""frame_l"": 51.1293, ""chi_bits"": 8, ""mps_l"": 36.9156, ""hsf_k"": 20, ""hsf_na"": 10, ""hsf_nb"": 11, ""hsf_l"": 29.3208, ""sup"": 8, ""chi_bits0"": 10, ""mps_l0"": 39.3971, ""hsf_keff"": 8, ""hsf_l0"": 41.3208, ""sparse_l"": 15.9944, ""sv_l"": 28.9944, ""feat_secs"": 0.0092, ""feat_secs_frame"": 0.001862, ""feat_secs_hsf"": 0.007219}"
arith,"arith:bits=10,h=4,reps=4",1,"{""bits"": 10.0, ""h"": 4.0, ""reps"": 4.0}",auto,ok,0.746818,0.7513,79659008,-0.01562499999999996,21,-0.01562500000000001,5.0306980803327406e-17,switched_at=Some(258) dense_qubits=21 peak_terms=4 term_visits=3 dense_ops=402781846,"{""n"": 21, ""gates"": 255, ""g2"": 160, ""g3"": 80, ""depth2"": 204, ""t_count"": 560, ""rotations"": 560, ""d"": 21, ""dense_l"": 29.8301, ""redundant"": 539, ""obs_zero"": false, ""frame_l"": 51.1293, ""chi_bits"": 8, ""mps_l"": 36.9156, ""hsf_k"": 20, ""hsf_na"": 10, ""hsf_nb"": 11, ""hsf_l"": 29.3208, ""sup"": 8, ""chi_bits0"": 10, ""mps_l0"": 39.3971, ""hsf_keff"": 8, ""hsf_l0"": 41.3208, ""sparse_l"": 15.9944, ""sv_l"": 28.9944, ""feat_secs"": 0.0092, ""feat_secs_frame"": 0.001862, ""feat_secs_hsf"": 0.007219}"
arith,"arith:bits=10,h=6,reps=1",1,"{""bits"": 10.0, ""h"": 6.0, ""reps"": 1.0}",sv,ok,0.065694,0.0720,36405248,-1.301042606982605e-18,2097152,-1.301042606982605e-18,0.0,,"{""n"": 21, ""gates"": 76, ""g2"": 40, ""g3"": 20, ""depth2"": 51, ""t_count"": 140, ""rotations"": 140, ""d"": 21, ""dense_l"": 26.6269, ""redundant"": 119, ""obs_zero"": false, ""frame_l"": 49.1293, ""chi_bits"": 10, ""mps_l"": 36.7453, ""hsf_k"": 5, ""hsf_na"": 10, ""hsf_nb"": 11, ""hsf_l"": 25.1033, ""sup"": 12, ""chi_bits0"": 10, ""mps_l0"": 36.7453, ""hsf_keff"": 4, ""hsf_l0"": 26.1033, ""sparse_l"": 18.2479, ""sv_l"": 27.2479, ""feat_secs"": 0.004799, ""feat_secs_frame"": 0.000344, ""feat_secs_hsf"": 0.004414}"
arith,"arith:bits=10,h=6,reps=1",1,"{""bits"": 10.0, ""h"": 6.0, ""reps"": 1.0}",sparse,ok,0.004872,0.0103,2785280,1.301042606982605e-18,4096,-1.301042606982605e-18,2.60208521396521e-18,,"{""n"": 21, ""gates"": 76, ""g2"": 40, ""g3"": 20, ""depth2"": 51, ""t_count"": 140, ""rotations"": 140, ""d"": 21, ""dense_l"": 26.6269, ""redundant"": 119, ""obs_zero"": false, ""frame_l"": 49.1293, ""chi_bits"": 10, ""mps_l"": 36.7453, ""hsf_k"": 5, ""hsf_na"": 10, ""hsf_nb"": 11, ""hsf_l"": 25.1033, ""sup"": 12, ""chi_bits0"": 10, ""mps_l0"": 36.7453, ""hsf_keff"": 4, ""hsf_l0"": 26.1033, ""sparse_l"": 18.2479, ""sv_l"": 27.2479, ""feat_secs"": 0.004799, ""feat_secs_frame"": 0.000344, ""feat_secs_hsf"": 0.004414}"
arith,"arith:bits=10,h=6,reps=1",1,"{""bits"": 10.0, ""h"": 6.0, ""reps"": 1.0}",mps,ok,0.002696,0.0098,3162112,-4.657732532997723e-16,3,-1.301042606982605e-18,4.644722106927897e-16,,"{""n"": 21, ""gates"": 76, ""g2"": 40, ""g3"": 20, ""depth2"": 51, ""t_count"": 140, ""rotations"": 140, ""d"": 21, ""dense_l"": 26.6269, ""redundant"": 119, ""obs_zero"": false, ""frame_l"": 49.1293, ""chi_bits"": 10, ""mps_l"": 36.7453, ""hsf_k"": 5, ""hsf_na"": 10, ""hsf_nb"": 11, ""hsf_l"": 25.1033, ""sup"": 12, ""chi_bits0"": 10, ""mps_l0"": 36.7453, ""hsf_keff"": 4, ""hsf_l0"": 26.1033, ""sparse_l"": 18.2479, ""sv_l"": 27.2479, ""feat_secs"": 0.004799, ""feat_secs_frame"": 0.000344, ""feat_secs_hsf"": 0.004414}"
arith,"arith:bits=10,h=6,reps=1",1,"{""bits"": 10.0, ""h"": 6.0, ""reps"": 1.0}",hsf,ok,0.0186,0.0260,38141952,0.0,32,-1.301042606982605e-18,1.301042606982605e-18,,"{""n"": 21, ""gates"": 76, ""g2"": 40, ""g3"": 20, ""depth2"": 51, ""t_count"": 140, ""rotations"": 140, ""d"": 21, ""dense_l"": 26.6269, ""redundant"": 119, ""obs_zero"": false, ""frame_l"": 49.1293, ""chi_bits"": 10, ""mps_l"": 36.7453, ""hsf_k"": 5, ""hsf_na"": 10, ""hsf_nb"": 11, ""hsf_l"": 25.1033, ""sup"": 12, ""chi_bits0"": 10, ""mps_l0"": 36.7453, ""hsf_keff"": 4, ""hsf_l0"": 26.1033, ""sparse_l"": 18.2479, ""sv_l"": 27.2479, ""feat_secs"": 0.004799, ""feat_secs_frame"": 0.000344, ""feat_secs_hsf"": 0.004414}"
arith,"arith:bits=10,h=6,reps=1",1,"{""bits"": 10.0, ""h"": 6.0, ""reps"": 1.0}",tableau,na,,0.0052,1818624,,,-1.301042606982605e-18,,"TooLarge { what: ""tableau (non-Clifford circuit)"", bytes: 0, limit: 0 }","{""n"": 21, ""gates"": 76, ""g2"": 40, ""g3"": 20, ""depth2"": 51, ""t_count"": 140, ""rotations"": 140, ""d"": 21, ""dense_l"": 26.6269, ""redundant"": 119, ""obs_zero"": false, ""frame_l"": 49.1293, ""chi_bits"": 10, ""mps_l"": 36.7453, ""hsf_k"": 5, ""hsf_na"": 10, ""hsf_nb"": 11, ""hsf_l"": 25.1033, ""sup"": 12, ""chi_bits0"": 10, ""mps_l0"": 36.7453, ""hsf_keff"": 4, ""hsf_l0"": 26.1033, ""sparse_l"": 18.2479, ""sv_l"": 27.2479, ""feat_secs"": 0.004799, ""feat_secs_frame"": 0.000344, ""feat_secs_hsf"": 0.004414}"
arith,"arith:bits=10,h=6,reps=1",1,"{""bits"": 10.0, ""h"": 6.0, ""reps"": 1.0}",frame,ok,0.010396,0.0158,5685248,-0.0,16384,-1.301042606982605e-18,1.301042606982605e-18,switched_at=None dense_qubits=0 peak_terms=16384 term_visits=278523 dense_ops=0,"{""n"": 21, ""gates"": 76, ""g2"": 40, ""g3"": 20, ""depth2"": 51, ""t_count"": 140, ""rotations"": 140, ""d"": 21, ""dense_l"": 26.6269, ""redundant"": 119, ""obs_zero"": false, ""frame_l"": 49.1293, ""chi_bits"": 10, ""mps_l"": 36.7453, ""hsf_k"": 5, ""hsf_na"": 10, ""hsf_nb"": 11, ""hsf_l"": 25.1033, ""sup"": 12, ""chi_bits0"": 10, ""mps_l0"": 36.7453, ""hsf_keff"": 4, ""hsf_l0"": 26.1033, ""sparse_l"": 18.2479, ""sv_l"": 27.2479, ""feat_secs"": 0.004799, ""feat_secs_frame"": 0.000344, ""feat_secs_hsf"": 0.004414}"
arith,"arith:bits=10,h=6,reps=1",1,"{""bits"": 10.0, ""h"": 6.0, ""reps"": 1.0}",dense,ok,0.195842,0.2011,79495168,-1.734723475976807e-18,21,-1.301042606982605e-18,4.336808689942022e-19,switched_at=Some(106) dense_qubits=21 peak_terms=1 term_visits=0 dense_ops=61560126,"{""n"": 21, ""gates"": 76, ""g2"": 40, ""g3"": 20, ""depth2"": 51, ""t_count"": 140, ""rotations"": 140, ""d"": 21, ""dense_l"": 26.6269, ""redundant"": 119, ""obs_zero"": false, ""frame_l"": 49.1293, ""chi_bits"": 10, ""mps_l"": 36.7453, ""hsf_k"": 5, ""hsf_na"": 10, ""hsf_nb"": 11, ""hsf_l"": 25.1033, ""sup"": 12, ""chi_bits0"": 10, ""mps_l0"": 36.7453, ""hsf_keff"": 4, ""hsf_l0"": 26.1033, ""sparse_l"": 18.2479, ""sv_l"": 27.2479, ""feat_secs"": 0.004799, ""feat_secs_frame"": 0.000344, ""feat_secs_hsf"": 0.004414}"
arith,"arith:bits=10,h=6,reps=1",1,"{""bits"": 10.0, ""h"": 6.0, ""reps"": 1.0}",auto,ok,0.18364,0.1919,79544320,2.429631639696516e-18,21,-1.301042606982605e-18,3.730674246679121e-18,switched_at=Some(104) dense_qubits=21 peak_terms=4 term_visits=3 dense_ops=63657278,"{""n"": 21, ""gates"": 76, ""g2"": 40, ""g3"": 20, ""depth2"": 51, ""t_count"": 140, ""rotations"": 140, ""d"": 21, ""dense_l"": 26.6269, ""redundant"": 119, ""obs_zero"": false, ""frame_l"": 49.1293, ""chi_bits"": 10, ""mps_l"": 36.7453, ""hsf_k"": 5, ""hsf_na"": 10, ""hsf_nb"": 11, ""hsf_l"": 25.1033, ""sup"": 12, ""chi_bits0"": 10, ""mps_l0"": 36.7453, ""hsf_keff"": 4, ""hsf_l0"": 26.1033, ""sparse_l"": 18.2479, ""sv_l"": 27.2479, ""feat_secs"": 0.004799, ""feat_secs_frame"": 0.000344, ""feat_secs_hsf"": 0.004414}"
arith,"arith:bits=10,h=6,reps=2",1,"{""bits"": 10.0, ""h"": 6.0, ""reps"": 2.0}",sv,ok,0.109175,0.1165,36454400,3.035766082959412e-18,2097152,3.035766082959412e-18,0.0,,"{""n"": 21, ""gates"": 136, ""g2"": 80, ""g3"": 40, ""depth2"": 102, ""t_count"": 280, ""rotations"": 280, ""d"": 21, ""dense_l"": 28.5654, ""redundant"": 259, ""obs_zero"": false, ""frame_l"": 50.1293, ""chi_bits"": 10, ""mps_l"": 37.8784, ""hsf_k"": 10, ""hsf_na"": 10, ""hsf_nb"": 11, ""hsf_l"": 27.1799, ""sup"": 12, ""chi_bits0"": 10, ""mps_l0"": 37.8784, ""hsf_keff"": 6, ""hsf_l0"": 31.1799, ""sparse_l"": 19.0875, ""sv_l"": 28.0875, ""feat_secs"": 0.00739, ""feat_secs_frame"": 0.000693, ""feat_secs_hsf"": 0.006631}"
arith,"arith:bits=10,h=6,reps=2",1,"{""bits"": 10.0, ""h"": 6.0, ""reps"": 2.0}",sparse,ok,0.007717,0.0134,2785280,-1.409462824231156e-18,4096,3.035766082959412e-18,4.445228907190568e-18,,"{""n"": 21, ""gates"": 136, ""g2"": 80, ""g3"": 40, ""depth2"": 102, ""t_count"": 280, ""rotations"": 280, ""d"": 21, ""dense_l"": 28.5654, ""redundant"": 259, ""obs_zero"": false, ""frame_l"": 50.1293, ""chi_bits"": 10, ""mps_l"": 37.8784, ""hsf_k"": 10, ""hsf_na"": 10, ""hsf_nb"": 11, ""hsf_l"": 27.1799, ""sup"": 12, ""chi_bits0"": 10, ""mps_l0"": 37.8784, ""hsf_keff"": 6, ""hsf_l0"": 31.1799, ""sparse_l"": 19.0875, ""sv_l"": 28.0875, ""feat_secs"": 0.00739, ""feat_secs_frame"": 0.000693, ""feat_secs_hsf"": 0.006631}"
arith,"arith:bits=10,h=6,reps=2",1,"{""bits"": 10.0, ""h"": 6.0, ""reps"": 2.0}",mps,ok,0.004264,0.0101,3244032,2.064320936412399e-16,4,3.035766082959412e-18,2.0339632755828048e-16,,"{""n"": 21, ""gates"": 136, ""g2"": 80, ""g3"": 40, ""depth2"": 102, ""t_count"": 280, ""rotations"": 280, ""d"": 21, ""dense_l"": 28.5654, ""redundant"": 259, ""obs_zero"": false, ""frame_l"": 50.1293, ""chi_bits"": 10, ""mps_l"": 37.8784, ""hsf_k"": 10, ""hsf_na"": 10, ""hsf_nb"": 11, ""hsf_l"": 27.1799, ""sup"": 12, ""chi_bits0"": 10, ""mps_l0"": 37.8784, ""hsf_keff"": 6, ""hsf_l0"": 31.1799, ""sparse_l"": 19.0875, ""sv_l"": 28.0875, ""feat_secs"": 0.00739, ""feat_secs_frame"": 0.000693, ""feat_secs_hsf"": 0.006631}"
arith,"arith:bits=10,h=6,reps=2",1,"{""bits"": 10.0, ""h"": 6.0, ""reps"": 2.0}",hsf,ok,0.045956,0.0530,40321024,1.734723475976807e-18,1024,3.035766082959412e-18,1.301042606982605e-18,,"{""n"": 21, ""gates"": 136, ""g2"": 80, ""g3"": 40, ""depth2"": 102, ""t_count"": 280, ""rotations"": 280, ""d"": 21, ""dense_l"": 28.5654, ""redundant"": 259, ""obs_zero"": false, ""frame_l"": 50.1293, ""chi_bits"": 10, ""mps_l"": 37.8784, ""hsf_k"": 10, ""hsf_na"": 10, ""hsf_nb"": 11, ""hsf_l"": 27.1799, ""sup"": 12, ""chi_bits0"": 10, ""mps_l0"": 37.8784, ""hsf_keff"": 6, ""hsf_l0"": 31.1799, ""sparse_l"": 19.0875, ""sv_l"": 28.0875, ""feat_secs"": 0.00739, ""feat_secs_frame"": 0.000693, ""feat_secs_hsf"": 0.006631}"
arith,"arith:bits=10,h=6,reps=2",1,"{""bits"": 10.0, ""h"": 6.0, ""reps"": 2.0}",tableau,na,,0.0048,1835008,,,3.035766082959412e-18,,"TooLarge { what: ""tableau (non-Clifford circuit)"", bytes: 0, limit: 0 }","{""n"": 21, ""gates"": 136, ""g2"": 80, ""g3"": 40, ""depth2"": 102, ""t_count"": 280, ""rotations"": 280, ""d"": 21, ""dense_l"": 28.5654, ""redundant"": 259, ""obs_zero"": false, ""frame_l"": 50.1293, ""chi_bits"": 10, ""mps_l"": 37.8784, ""hsf_k"": 10, ""hsf_na"": 10, ""hsf_nb"": 11, ""hsf_l"": 27.1799, ""sup"": 12, ""chi_bits0"": 10, ""mps_l0"": 37.8784, ""hsf_keff"": 6, ""hsf_l0"": 31.1799, ""sparse_l"": 19.0875, ""sv_l"": 28.0875, ""feat_secs"": 0.00739, ""feat_secs_frame"": 0.000693, ""feat_secs_hsf"": 0.006631}"
arith,"arith:bits=10,h=6,reps=2",1,"{""bits"": 10.0, ""h"": 6.0, ""reps"": 2.0}",frame,ok,0.374531,0.3813,66846720,-0.0,524288,3.035766082959412e-18,3.035766082959412e-18,switched_at=None dense_qubits=0 peak_terms=524288 term_visits=17222456 dense_ops=0,"{""n"": 21, ""gates"": 136, ""g2"": 80, ""g3"": 40, ""depth2"": 102, ""t_count"": 280, ""rotations"": 280, ""d"": 21, ""dense_l"": 28.5654, ""redundant"": 259, ""obs_zero"": false, ""frame_l"": 50.1293, ""chi_bits"": 10, ""mps_l"": 37.8784, ""hsf_k"": 10, ""hsf_na"": 10, ""hsf_nb"": 11, ""hsf_l"": 27.1799, ""sup"": 12, ""chi_bits0"": 10, ""mps_l0"": 37.8784, ""hsf_keff"": 6, ""hsf_l0"": 31.1799, ""sparse_l"": 19.0875, ""sv_l"": 28.0875, ""feat_secs"": 0.00739, ""feat_secs_frame"": 0.000693, ""feat_secs_hsf"": 0.006631}"
arith,"arith:bits=10,h=6,reps=2",1,"{""bits"": 10.0, ""h"": 6.0, ""reps"": 2.0}",dense,ok,0.48646,0.4946,79626240,1.301042606982605e-17,21,3.035766082959412e-18,9.974659986866638e-18,switched_at=Some(156) dense_qubits=21 peak_terms=1 term_visits=0 dense_ops=195652238,"{""n"": 21, ""gates"": 136, ""g2"": 80, ""g3"": 40, ""depth2"": 102, ""t_count"": 280, ""rotations"": 280, ""d"": 21, ""dense_l"": 28.5654, ""redundant"": 259, ""obs_zero"": false, ""frame_l"": 50.1293, ""chi_bits"": 10, ""mps_l"": 37.8784, ""hsf_k"": 10, ""hsf_na"": 10, ""hsf_nb"": 11, ""hsf_l"": 27.1799, ""sup"": 12, ""chi_bits0"": 10, ""mps_l0"": 37.8784, ""hsf_keff"": 6, ""hsf_l0"": 31.1799, ""sparse_l"": 19.0875, ""sv_l"": 28.0875, ""feat_secs"": 0.00739, ""feat_secs_frame"": 0.000693, ""feat_secs_hsf"": 0.006631}"
arith,"arith:bits=10,h=6,reps=2",1,"{""bits"": 10.0, ""h"": 6.0, ""reps"": 2.0}",auto,ok,0.461755,0.4689,79593472,4.77048955893622e-18,21,3.035766082959412e-18,1.7347234759768082e-18,switched_at=Some(154) dense_qubits=21 peak_terms=4 term_visits=3 dense_ops=197749390,"{""n"": 21, ""gates"": 136, ""g2"": 80, ""g3"": 40, ""depth2"": 102, ""t_count"": 280, ""rotations"": 280, ""d"": 21, ""dense_l"": 28.5654, ""redundant"": 259, ""obs_zero"": false, ""frame_l"": 50.1293, ""chi_bits"": 10, ""mps_l"": 37.8784, ""hsf_k"": 10, ""hsf_na"": 10, ""hsf_nb"": 11, ""hsf_l"": 27.1799, ""sup"": 12, ""chi_bits0"": 10, ""mps_l0"": 37.8784, ""hsf_keff"": 6, ""hsf_l0"": 31.1799, ""sparse_l"": 19.0875, ""sv_l"": 28.0875, ""feat_secs"": 0.00739, ""feat_secs_frame"": 0.000693, ""feat_secs_hsf"": 0.006631}"
arith,"arith:bits=10,h=6,reps=4",1,"{""bits"": 10.0, ""h"": 6.0, ""reps"": 4.0}",sv,ok,0.198326,0.2075,36634624,-0.004882812500000001,2097152,-0.004882812500000001,0.0,,"{""n"": 21, ""gates"": 256, ""g2"": 160, ""g3"": 80, ""depth2"": 204, ""t_count"": 560, ""rotations"": 560, ""d"": 21, ""dense_l"": 29.8747, ""redundant"": 539, ""obs_zero"": false, ""frame_l"": 51.1293, ""chi_bits"": 10, ""mps_l"": 39.3971, ""hsf_k"": 20, ""hsf_na"": 10, ""hsf_nb"": 11, ""hsf_l"": 33.3219, ""sup"": 12, ""chi_bits0"": 10, ""mps_l0"": 39.3971, ""hsf_keff"": 12, ""hsf_l0"": 41.3219, ""sparse_l"": 20.0, ""sv_l"": 29.0, ""feat_secs"": 0.008862, ""feat_secs_frame"": 0.00131, ""feat_secs_hsf"": 0.007444}"
arith,"arith:bits=10,h=6,reps=4",1,"{""bits"": 10.0, ""h"": 6.0, ""reps"": 4.0}",sparse,ok,0.017057,0.0232,2801664,-0.0048828125,4096,-0.004882812500000001,8.673617379884035e-19,,"{""n"": 21, ""gates"": 256, ""g2"": 160, ""g3"": 80, ""depth2"": 204, ""t_count"": 560, ""rotations"": 560, ""d"": 21, ""dense_l"": 29.8747, ""redundant"": 539, ""obs_zero"": false, ""frame_l"": 51.1293, ""chi_bits"": 10, ""mps_l"": 39.3971, ""hsf_k"": 20, ""hsf_na"": 10, ""hsf_nb"": 11, ""hsf_l"": 33.3219, ""sup"": 12, ""chi_bits0"": 10, ""mps_l0"": 39.3971, ""hsf_keff"": 12, ""hsf_l0"": 41.3219, ""sparse_l"": 20.0, ""sv_l"": 29.0, ""feat_secs"": 0.008862, ""feat_secs_frame"": 0.00131, ""feat_secs_hsf"": 0.007444}"
arith,"arith:bits=10,h=6,reps=4",1,"{""bits"": 10.0, ""h"": 6.0, ""reps"": 4.0}",mps,ok,0.03715,0.0445,5095424,-0.004882812499999713,17,-0.004882812500000001,2.8796409701215e-16,,"{""n"": 21, ""gates"": 256, ""g2"": 160, ""g3"": 80, ""depth2"": 204, ""t_count"": 560, ""rotations"": 560, ""d"": 21, ""dense_l"": 29.8747, ""redundant"": 539, ""obs_zero"": false, ""frame_l"": 51.1293, ""chi_bits"": 10, ""mps_l"": 39.3971, ""hsf_k"": 20, ""hsf_na"": 10, ""hsf_nb"": 11, ""hsf_l"": 33.3219, ""sup"": 12, ""chi_bits0"": 10, ""mps_l0"": 39.3971, ""hsf_keff"": 12, ""hsf_l0"": 41.3219, ""sparse_l"": 20.0, ""sv_l"": 29.0, ""feat_secs"": 0.008862, ""feat_secs_frame"": 0.00131, ""feat_secs_hsf"": 0.007444}"
arith,"arith:bits=10,h=6,reps=4",1,"{""bits"": 10.0, ""h"": 6.0, ""reps"": 4.0}",hsf,ok,0.071714,0.0780,42549248,-0.004882812500000002,1048576,-0.004882812500000001,8.673617379884035e-19,,"{""n"": 21, ""gates"": 256, ""g2"": 160, ""g3"": 80, ""depth2"": 204, ""t_count"": 560, ""rotations"": 560, ""d"": 21, ""dense_l"": 29.8747, ""redundant"": 539, ""obs_zero"": false, ""frame_l"": 51.1293, ""chi_bits"": 10, ""mps_l"": 39.3971, ""hsf_k"": 20, ""hsf_na"": 10, ""hsf_nb"": 11, ""hsf_l"": 33.3219, ""sup"": 12, ""chi_bits0"": 10, ""mps_l0"": 39.3971, ""hsf_keff"": 12, ""hsf_l0"": 41.3219, ""sparse_l"": 20.0, ""sv_l"": 29.0, ""feat_secs"": 0.008862, ""feat_secs_frame"": 0.00131, ""feat_secs_hsf"": 0.007444}"
arith,"arith:bits=10,h=6,reps=4",1,"{""bits"": 10.0, ""h"": 6.0, ""reps"": 4.0}",tableau,na,,0.0045,1835008,,,-0.004882812500000001,,"TooLarge { what: ""tableau (non-Clifford circuit)"", bytes: 0, limit: 0 }","{""n"": 21, ""gates"": 256, ""g2"": 160, ""g3"": 80, ""depth2"": 204, ""t_count"": 560, ""rotations"": 560, ""d"": 21, ""dense_l"": 29.8747, ""redundant"": 539, ""obs_zero"": false, ""frame_l"": 51.1293, ""chi_bits"": 10, ""mps_l"": 39.3971, ""hsf_k"": 20, ""hsf_na"": 10, ""hsf_nb"": 11, ""hsf_l"": 33.3219, ""sup"": 12, ""chi_bits0"": 10, ""mps_l0"": 39.3971, ""hsf_keff"": 12, ""hsf_l0"": 41.3219, ""sparse_l"": 20.0, ""sv_l"": 29.0, ""feat_secs"": 0.008862, ""feat_secs_frame"": 0.00131, ""feat_secs_hsf"": 0.007444}"
arith,"arith:bits=10,h=6,reps=4",1,"{""bits"": 10.0, ""h"": 6.0, ""reps"": 4.0}",frame,ok,4.977336,4.9882,814563328,-0.004882812499999993,7246320,-0.004882812500000001,7.806255641895632e-18,switched_at=None dense_qubits=0 peak_terms=7246320 term_visits=177960218 dense_ops=0,"{""n"": 21, ""gates"": 256, ""g2"": 160, ""g3"": 80, ""depth2"": 204, ""t_count"": 560, ""rotations"": 560, ""d"": 21, ""dense_l"": 29.8747, ""redundant"": 539, ""obs_zero"": false, ""frame_l"": 51.1293, ""chi_bits"": 10, ""mps_l"": 39.3971, ""hsf_k"": 20, ""hsf_na"": 10, ""hsf_nb"": 11, ""hsf_l"": 33.3219, ""sup"": 12, ""chi_bits0"": 10, ""mps_l0"": 39.3971, ""hsf_keff"": 12, ""hsf_l0"": 41.3219, ""sparse_l"": 20.0, ""sv_l"": 29.0, ""feat_secs"": 0.008862, ""feat_secs_frame"": 0.00131, ""feat_secs_hsf"": 0.007444}"
arith,"arith:bits=10,h=6,reps=4",1,"{""bits"": 10.0, ""h"": 6.0, ""reps"": 4.0}",dense,ok,0.884521,0.8920,79691776,-0.004882812499999959,21,-0.004882812500000001,4.163336342344337e-17,switched_at=Some(260) dense_qubits=21 peak_terms=1 term_visits=0 dense_ops=413624982,"{""n"": 21, ""gates"": 256, ""g2"": 160, ""g3"": 80, ""depth2"": 204, ""t_count"": 560, ""rotations"": 560, ""d"": 21, ""dense_l"": 29.8747, ""redundant"": 539, ""obs_zero"": false, ""frame_l"": 51.1293, ""chi_bits"": 10, ""mps_l"": 39.3971, ""hsf_k"": 20, ""hsf_na"": 10, ""hsf_nb"": 11, ""hsf_l"": 33.3219, ""sup"": 12, ""chi_bits0"": 10, ""mps_l0"": 39.3971, ""hsf_keff"": 12, ""hsf_l0"": 41.3219, ""sparse_l"": 20.0, ""sv_l"": 29.0, ""feat_secs"": 0.008862, ""feat_secs_frame"": 0.00131, ""feat_secs_hsf"": 0.007444}"
arith,"arith:bits=10,h=6,reps=4",1,"{""bits"": 10.0, ""h"": 6.0, ""reps"": 4.0}",auto,ok,0.893127,0.8994,79757312,-0.004882812499999934,21,-0.004882812500000001,6.678685382510707e-17,switched_at=Some(258) dense_qubits=21 peak_terms=4 term_visits=3 dense_ops=415722134,"{""n"": 21, ""gates"": 256, ""g2"": 160, ""g3"": 80, ""depth2"": 204, ""t_count"": 560, ""rotations"": 560, ""d"": 21, ""dense_l"": 29.8747, ""redundant"": 539, ""obs_zero"": false, ""frame_l"": 51.1293, ""chi_bits"": 10, ""mps_l"": 39.3971, ""hsf_k"": 20, ""hsf_na"": 10, ""hsf_nb"": 11, ""hsf_l"": 33.3219, ""sup"": 12, ""chi_bits0"": 10, ""mps_l0"": 39.3971, ""hsf_keff"": 12, ""hsf_l0"": 41.3219, ""sparse_l"": 20.0, ""sv_l"": 29.0, ""feat_secs"": 0.008862, ""feat_secs_frame"": 0.00131, ""feat_secs_hsf"": 0.007444}"
arith,"arith:bits=12,h=0,reps=1",1,"{""bits"": 12.0, ""h"": 0.0, ""reps"": 1.0}",sv,ok,1.104123,1.1118,541638656,1.0,33554432,1.0,0.0,,"{""n"": 25, ""gates"": 85, ""g2"": 48, ""g3"": 24, ""depth2"": 61, ""t_count"": 168, ""rotations"": 168, ""d"": 23, ""dense_l"": 26.8077, ""redundant"": 145, ""obs_zero"": false, ""frame_l"": 53.3923, ""chi_bits"": 0, ""mps_l"": 14.2999, ""hsf_k"": 5, ""hsf_na"": 12, ""hsf_nb"": 13, ""hsf_l"": 27.0296, ""sup"": 0, ""chi_bits0"": 12, ""mps_l0"": 42.0962, ""hsf_keff"": 2, ""hsf_l0"": 30.0296, ""sparse_l"": 6.4094, ""sv_l"": 31.4094, ""feat_secs"": 0.009244, ""feat_secs_frame"": 0.000529, ""feat_secs_hsf"": 0.008667}"
arith,"arith:bits=12,h=0,reps=1",1,"{""bits"": 12.0, ""h"": 0.0, ""reps"": 1.0}",sparse,ok,2.2e-05,0.0085,1884160,1.0,1,1.0,0.0,,"{""n"": 25, ""gates"": 85, ""g2"": 48, ""g3"": 24, ""depth2"": 61, ""t_count"": 168, ""rotations"": 168, ""d"": 23, ""dense_l"": 26.8077, ""redundant"": 145, ""obs_zero"": false, ""frame_l"": 53.3923, ""chi_bits"": 0, ""mps_l"": 14.2999, ""hsf_k"": 5, ""hsf_na"": 12, ""hsf_nb"": 13, ""hsf_l"": 27.0296, ""sup"": 0, ""chi_bits0"": 12, ""mps_l0"": 42.0962, ""hsf_keff"": 2, ""hsf_l0"": 30.0296, ""sparse_l"": 6.4094, ""sv_l"": 31.4094, ""feat_secs"": 0.009244, ""feat_secs_frame"": 0.000529, ""feat_secs_hsf"": 0.008667}"
arith,"arith:bits=12,h=0,reps=1",1,"{""bits"": 12.0, ""h"": 0.0, ""reps"": 1.0}",mps,ok,0.001293,0.0079,2326528,1.0,1,1.0,0.0,,"{""n"": 25, ""gates"": 85, ""g2"": 48, ""g3"": 24, ""depth2"": 61, ""t_count"": 168, ""rotations"": 168, ""d"": 23, ""dense_l"": 26.8077, ""redundant"": 145, ""obs_zero"": false, ""frame_l"": 53.3923, ""chi_bits"": 0, ""mps_l"": 14.2999, ""hsf_k"": 5, ""hsf_na"": 12, ""hsf_nb"": 13, ""hsf_l"": 27.0296, ""sup"": 0, ""chi_bits0"": 12, ""mps_l0"": 42.0962, ""hsf_keff"": 2, ""hsf_l0"": 30.0296, ""sparse_l"": 6.4094, ""sv_l"": 31.4094, ""feat_secs"": 0.009244, ""feat_secs_frame"": 0.000529, ""feat_secs_hsf"": 0.008667}"
arith,"arith:bits=12,h=0,reps=1",1,"{""bits"": 12.0, ""h"": 0.0, ""reps"": 1.0}",hsf,ok,0.1592,0.1670,546619392,1.0,32,1.0,0.0,,"{""n"": 25, ""gates"": 85, ""g2"": 48, ""g3"": 24, ""depth2"": 61, ""t_count"": 168, ""rotations"": 168, ""d"": 23, ""dense_l"": 26.8077, ""redundant"": 145, ""obs_zero"": false, ""frame_l"": 53.3923, ""chi_bits"": 0, ""mps_l"": 14.2999, ""hsf_k"": 5, ""hsf_na"": 12, ""hsf_nb"": 13, ""hsf_l"": 27.0296, ""sup"": 0, ""chi_bits0"": 12, ""mps_l0"": 42.0962, ""hsf_keff"": 2, ""hsf_l0"": 30.0296, ""sparse_l"": 6.4094, ""sv_l"": 31.4094, ""feat_secs"": 0.009244, ""feat_secs_frame"": 0.000529, ""feat_secs_hsf"": 0.008667}"
arith,"arith:bits=12,h=0,reps=1",1,"{""bits"": 12.0, ""h"": 0.0, ""reps"": 1.0}",tableau,na,,0.0049,1818624,,,1.0,,"TooLarge { what: ""tableau (non-Clifford circuit)"", bytes: 0, limit: 0 }","{""n"": 25, ""gates"": 85, ""g2"": 48, ""g3"": 24, ""depth2"": 61, ""t_count"": 168, ""rotations"": 168, ""d"": 23, ""dense_l"": 26.8077, ""redundant"": 145, ""obs_zero"": false, ""frame_l"": 53.3923, ""chi_bits"": 0, ""mps_l"": 14.2999, ""hsf_k"": 5, ""hsf_na"": 12, ""hsf_nb"": 13, ""hsf_l"": 27.0296, ""sup"": 0, ""chi_bits0"": 12, ""mps_l0"": 42.0962, ""hsf_keff"": 2, ""hsf_l0"": 30.0296, ""sparse_l"": 6.4094, ""sv_l"": 31.4094, ""feat_secs"": 0.009244, ""feat_secs_frame"": 0.000529, ""feat_secs_hsf"": 0.008667}"
arith,"arith:bits=12,h=0,reps=1",1,"{""bits"": 12.0, ""h"": 0.0, ""reps"": 1.0}",frame,ok,0.002717,0.0080,2621440,1.0,4,1.0,0.0,switched_at=None dense_qubits=0 peak_terms=4 term_visits=201 dense_ops=0,"{""n"": 25, ""gates"": 85, ""g2"": 48, ""g3"": 24, ""depth2"": 61, ""t_count"": 168, ""rotations"": 168, ""d"": 23, ""dense_l"": 26.8077, ""redundant"": 145, ""obs_zero"": false, ""frame_l"": 53.3923, ""chi_bits"": 0, ""mps_l"": 14.2999, ""hsf_k"": 5, ""hsf_na"": 12, ""hsf_nb"": 13, ""hsf_l"": 27.0296, ""sup"": 0, ""chi_bits0"": 12, ""mps_l0"": 42.0962, ""hsf_keff"": 2, ""hsf_l0"": 30.0296, ""sparse_l"": 6.4094, ""sv_l"": 31.4094, ""feat_secs"": 0.009244, ""feat_secs_frame"": 0.000529, ""feat_secs_hsf"": 0.008667}"
arith,"arith:bits=12,h=0,reps=1",1,"{""bits"": 12.0, ""h"": 0.0, ""reps"": 1.0}",dense,ok,0.130073,0.1380,137003008,0.9999999999999984,23,1.0,1.5543122344752192e-15,switched_at=Some(128) dense_qubits=23 peak_terms=1 term_visits=0 dense_ops=75522034,"{""n"": 25, ""gates"": 85, ""g2"": 48, ""g3"": 24, ""depth2"": 61, ""t_count"": 168, ""rotations"": 168, ""d"": 23, ""dense_l"": 26.8077, ""redundant"": 145, ""obs_zero"": false, ""frame_l"": 53.3923, ""chi_bits"": 0, ""mps_l"": 14.2999, ""hsf_k"": 5, ""hsf_na"": 12, ""hsf_nb"": 13, ""hsf_l"": 27.0296, ""sup"": 0, ""chi_bits0"": 12, ""mps_l0"": 42.0962, ""hsf_keff"": 2, ""hsf_l0"": 30.0296, ""sparse_l"": 6.4094, ""sv_l"": 31.4094, ""feat_secs"": 0.009244, ""feat_secs_frame"": 0.000529, ""feat_secs_hsf"": 0.008667}"
arith,"arith:bits=12,h=0,reps=1",1,"{""bits"": 12.0, ""h"": 0.0, ""reps"": 1.0}",auto,ok,0.002161,0.0080,2719744,0.9999999999999986,7,1.0,1.4432899320127035e-15,switched_at=Some(46) dense_qubits=7 peak_terms=4 term_visits=140 dense_ops=1650,"{""n"": 25, ""gates"": 85, ""g2"": 48, ""g3"": 24, ""depth2"": 61, ""t_count"": 168, ""rotations"": 168, ""d"": 23, ""dense_l"": 26.8077, ""redundant"": 145, ""obs_zero"": false, ""frame_l"": 53.3923, ""chi_bits"": 0, ""mps_l"": 14.2999, ""hsf_k"": 5, ""hsf_na"": 12, ""hsf_nb"": 13, ""hsf_l"": 27.0296, ""sup"": 0, ""chi_bits0"": 12, ""mps_l0"": 42.0962, ""hsf_keff"": 2, ""hsf_l0"": 30.0296, ""sparse_l"": 6.4094, ""sv_l"": 31.4094, ""feat_secs"": 0.009244, ""feat_secs_frame"": 0.000529, ""feat_secs_hsf"": 0.008667}"
arith,"arith:bits=12,h=0,reps=2",1,"{""bits"": 12.0, ""h"": 0.0, ""reps"": 2.0}",sv,ok,1.929966,1.9368,541786112,-1.0,33554432,-1.0,0.0,,"{""n"": 25, ""gates"": 157, ""g2"": 96, ""g3"": 48, ""depth2"": 122, ""t_count"": 336, ""rotations"": 336, ""d"": 23, ""dense_l"": 30.5078, ""redundant"": 313, ""obs_zero"": false, ""frame_l"": 54.3923, ""chi_bits"": 0, ""mps_l"": 14.81, ""hsf_k"": 10, ""hsf_na"": 12, ""hsf_nb"": 13, ""hsf_l"": 29.0543, ""sup"": 0, ""chi_bits0"": 12, ""mps_l0"": 43.6178, ""hsf_keff"": 4, ""hsf_l0"": 35.0543, ""sparse_l"": 7.2946, ""sv_l"": 32.2946, ""feat_secs"": 0.014329, ""feat_secs_frame"": 0.001054, ""feat_secs_hsf"": 0.013158}"
arith,"arith:bits=12,h=0,reps=2",1,"{""bits"": 12.0, ""h"": 0.0, ""reps"": 2.0}",sparse,ok,3.2e-05,0.0051,1916928,-1.0,1,-1.0,0.0,,"{""n"": 25, ""gates"": 157, ""g2"": 96, ""g3"": 48, ""depth2"": 122, ""t_count"": 336, ""rotations"": 336, ""d"": 23, ""dense_l"": 30.5078, ""redundant"": 313, ""obs_zero"": false, ""frame_l"": 54.3923, ""chi_bits"": 0, ""mps_l"": 14.81, ""hsf_k"": 10, ""hsf_na"": 12, ""hsf_nb"": 13, ""hsf_l"": 29.0543, ""sup"": 0, ""chi_bits0"": 12, ""mps_l0"": 43.6178, ""hsf_keff"": 4, ""hsf_l0"": 35.0543, ""sparse_l"": 7.2946, ""sv_l"": 32.2946, ""feat_secs"": 0.014329, ""feat_secs_frame"": 0.001054, ""feat_secs_hsf"": 0.013158}"
arith,"arith:bits=12,h=0,reps=2",1,"{""bits"": 12.0, ""h"": 0.0, ""reps"": 2.0}",mps,ok,0.001954,0.0072,2342912,-1.0,1,-1.0,0.0,,"{""n"": 25, ""gates"": 157, ""g2"": 96, ""g3"": 48, ""depth2"": 122, ""t_count"": 336, ""rotations"": 336, ""d"": 23, ""dense_l"": 30.5078, ""redundant"": 313, ""obs_zero"": false, ""frame_l"": 54.3923, ""chi_bits"": 0, ""mps_l"": 14.81, ""hsf_k"": 10, ""hsf_na"": 12, ""hsf_nb"": 13, ""hsf_l"": 29.0543, ""sup"": 0, ""chi_bits0"": 12, ""mps_l0"": 43.6178, ""hsf_keff"": 4, ""hsf_l0"": 35.0543, ""sparse_l"": 7.2946, ""sv_l"": 32.2946, ""feat_secs"": 0.014329, ""feat_secs_frame"": 0.001054, ""feat_secs_hsf"": 0.013158}"
arith,"arith:bits=12,h=0,reps=2",1,"{""bits"": 12.0, ""h"": 0.0, ""reps"": 2.0}",hsf,ok,0.5297,0.5353,553943040,-1.0,1024,-1.0,0.0,,"{""n"": 25, ""gates"": 157, ""g2"": 96, ""g3"": 48, ""depth2"": 122, ""t_count"": 336, ""rotations"": 336, ""d"": 23, ""dense_l"": 30.5078, ""redundant"": 313, ""obs_zero"": false, ""frame_l"": 54.3923, ""chi_bits"": 0, ""mps_l"": 14.81, ""hsf_k"": 10, ""hsf_na"": 12, ""hsf_nb"": 13, ""hsf_l"": 29.0543, ""sup"": 0, ""chi_bits0"": 12, ""mps_l0"": 43.6178, ""hsf_keff"": 4, ""hsf_l0"": 35.0543, ""sparse_l"": 7.2946, ""sv_l"": 32.2946, ""feat_secs"": 0.014329, ""feat_secs_frame"": 0.001054, ""feat_secs_hsf"": 0.013158}"
arith,"arith:bits=12,h=0,reps=2",1,"{""bits"": 12.0, ""h"": 0.0, ""reps"": 2.0}",tableau,na,,0.0049,1835008,,,-1.0,,"TooLarge { what: ""tableau (non-Clifford circuit)"", bytes: 0, limit: 0 }","{""n"": 25, ""gates"": 157, ""g2"": 96, ""g3"": 48, ""depth2"": 122, ""t_count"": 336, ""rotations"": 336, ""d"": 23, ""dense_l"": 30.5078, ""redundant"": 313, ""obs_zero"": false, ""frame_l"": 54.3923, ""chi_bits"": 0, ""mps_l"": 14.81, ""hsf_k"": 10, ""hsf_na"": 12, ""hsf_nb"": 13, ""hsf_l"": 29.0543, ""sup"": 0, ""chi_bits0"": 12, ""mps_l0"": 43.6178, ""hsf_keff"": 4, ""hsf_l0"": 35.0543, ""sparse_l"": 7.2946, ""sv_l"": 32.2946, ""feat_secs"": 0.014329, ""feat_secs_frame"": 0.001054, ""feat_secs_hsf"": 0.013158}"
arith,"arith:bits=12,h=0,reps=2",1,"{""bits"": 12.0, ""h"": 0.0, ""reps"": 2.0}",frame,ok,1.182926,1.1929,250363904,-0.9999999999999998,2097152,-1.0,2.220446049250313e-16,switched_at=None dense_qubits=0 peak_terms=2097152 term_visits=59863839 dense_ops=0,"{""n"": 25, ""gates"": 157, ""g2"": 96, ""g3"": 48, ""depth2"": 122, ""t_count"": 336, ""rotations"": 336, ""d"": 23, ""dense_l"": 30.5078, ""redundant"": 313, ""obs_zero"": false, ""frame_l"": 54.3923, ""chi_bits"": 0, ""mps_l"": 14.81, ""hsf_k"": 10, ""hsf_na"": 12, ""hsf_nb"": 13, ""hsf_l"": 29.0543, ""sup"": 0, ""chi_bits0"": 12, ""mps_l0"": 43.6178, ""hsf_keff"": 4, ""hsf_l0"": 35.0543, ""sparse_l"": 7.2946, ""sv_l"": 32.2946, ""feat_secs"": 0.014329, ""feat_secs_frame"": 0.001054, ""feat_secs_hsf"": 0.013158}"
arith,"arith:bits=12,h=0,reps=2",1,"{""bits"": 12.0, ""h"": 0.0, ""reps"": 2.0}",dense,ok,1.120501,1.1262,137183232,-0.9999999999999984,23,-1.0,1.5543122344752192e-15,switched_at=Some(190) dense_qubits=23 peak_terms=1 term_visits=0 dense_ops=788549618,"{""n"": 25, ""gates"": 157, ""g2"": 96, ""g3"": 48, ""depth2"": 122, ""t_count"": 336, ""rotations"": 336, ""d"": 23, ""dense_l"": 30.5078, ""redundant"": 313, ""obs_zero"": false, ""frame_l"": 54.3923, ""chi_bits"": 0, ""mps_l"": 14.81, ""hsf_k"": 10, ""hsf_na"": 12, ""hsf_nb"": 13, ""hsf_l"": 29.0543, ""sup"": 0, ""chi_bits0"": 12, ""mps_l0"": 43.6178, ""hsf_keff"": 4, ""hsf_l0"": 35.0543, ""sparse_l"": 7.2946, ""sv_l"": 32.2946, ""feat_secs"": 0.014329, ""feat_secs_frame"": 0.001054, ""feat_secs_hsf"": 0.013158}"
arith,"arith:bits=12,h=0,reps=2",1,"{""bits"": 12.0, ""h"": 0.0, ""reps"": 2.0}",auto,ok,1.054349,1.0621,137265152,-0.9999999999999984,23,-1.0,1.5543122344752192e-15,switched_at=Some(184) dense_qubits=23 peak_terms=4 term_visits=9 dense_ops=763383794,"{""n"": 25, ""gates"": 157, ""g2"": 96, ""g3"": 48, ""depth2"": 122, ""t_count"": 336, ""rotations"": 336, ""d"": 23, ""dense_l"": 30.5078, ""redundant"": 313, ""obs_zero"": false, ""frame_l"": 54.3923, ""chi_bits"": 0, ""mps_l"": 14.81, ""hsf_k"": 10, ""hsf_na"": 12, ""hsf_nb"": 13, ""hsf_l"": 29.0543, ""sup"": 0, ""chi_bits0"": 12, ""mps_l0"": 43.6178, ""hsf_keff"": 4, ""hsf_l0"": 35.0543, ""sparse_l"": 7.2946, ""sv_l"": 32.2946, ""feat_secs"": 0.014329, ""feat_secs_frame"": 0.001054, ""feat_secs_hsf"": 0.013158}"
arith,"arith:bits=12,h=0,reps=4",1,"{""bits"": 12.0, ""h"": 0.0, ""reps"": 4.0}",sv,ok,3.657555,3.6639,541999104,1.0,33554432,1.0,0.0,,"{""n"": 25, ""gates"": 301, ""g2"": 192, ""g3"": 96, ""depth2"": 244, ""t_count"": 672, ""rotations"": 672, ""d"": 23, ""dense_l"": 32.0168, ""redundant"": 649, ""obs_zero"": false, ""frame_l"": 55.3923, ""chi_bits"": 0, ""mps_l"": 15.8097, ""hsf_k"": 20, ""hsf_na"": 12, ""hsf_nb"": 13, ""hsf_l"": 33.1023, ""sup"": 0, ""chi_bits0"": 12, ""mps_l0"": 45.3113, ""hsf_keff"": 8, ""hsf_l0"": 45.1023, ""sparse_l"": 8.2336, ""sv_l"": 33.2336, ""feat_secs"": 0.016112, ""feat_secs_frame"": 0.002128, ""feat_secs_hsf"": 0.013823}"
arith,"arith:bits=12,h=0,reps=4",1,"{""bits"": 12.0, ""h"": 0.0, ""reps"": 4.0}",sparse,ok,5.3e-05,0.0077,1982464,1.0,1,1.0,0.0,,"{""n"": 25, ""gates"": 301, ""g2"": 192, ""g3"": 96, ""depth2"": 244, ""t_count"": 672, ""rotations"": 672, ""d"": 23, ""dense_l"": 32.0168, ""redundant"": 649, ""obs_zero"": false, ""frame_l"": 55.3923, ""chi_bits"": 0, ""mps_l"": 15.8097, ""hsf_k"": 20, ""hsf_na"": 12, ""hsf_nb"": 13, ""hsf_l"": 33.1023, ""sup"": 0, ""chi_bits0"": 12, ""mps_l0"": 45.3113, ""hsf_keff"": 8, ""hsf_l0"": 45.1023, ""sparse_l"": 8.2336, ""sv_l"": 33.2336, ""feat_secs"": 0.016112, ""feat_secs_frame"": 0.002128, ""feat_secs_hsf"": 0.013823}"
arith,"arith:bits=12,h=0,reps=4",1,"{""bits"": 12.0, ""h"": 0.0, ""reps"": 4.0}",mps,ok,0.003971,0.0112,2424832,1.0,1,1.0,0.0,,"{""n"": 25, ""gates"": 301, ""g2"": 192, ""g3"": 96, ""depth2"": 244, ""t_count"": 672, ""rotations"": 672, ""d"": 23, ""dense_l"": 32.0168, ""redundant"": 649, ""obs_zero"": false, ""frame_l"": 55.3923, ""chi_bits"": 0, ""mps_l"": 15.8097, ""hsf_k"": 20, ""hsf_na"": 12, ""hsf_nb"": 13, ""hsf_l"": 33.1023, ""sup"": 0, ""chi_bits0"": 12, ""mps_l0"": 45.3113, ""hsf_keff"": 8, ""hsf_l0"": 45.1023, ""sparse_l"": 8.2336, ""sv_l"": 33.2336, ""feat_secs"": 0.016112, ""feat_secs_frame"": 0.002128, ""feat_secs_hsf"": 0.013823}"
arith,"arith:bits=12,h=0,reps=4",1,"{""bits"": 12.0, ""h"": 0.0, ""reps"": 4.0}",hsf,ok,0.579222,0.5858,556007424,1.0,1048576,1.0,0.0,,"{""n"": 25, ""gates"": 301, ""g2"": 192, ""g3"": 96, ""depth2"": 244, ""t_count"": 672, ""rotations"": 672, ""d"": 23, ""dense_l"": 32.0168, ""redundant"": 649, ""obs_zero"": false, ""frame_l"": 55.3923, ""chi_bits"": 0, ""mps_l"": 15.8097, ""hsf_k"": 20, ""hsf_na"": 12, ""hsf_nb"": 13, ""hsf_l"": 33.1023, ""sup"": 0, ""chi_bits0"": 12, ""mps_l0"": 45.3113, ""hsf_keff"": 8, ""hsf_l0"": 45.1023, ""sparse_l"": 8.2336, ""sv_l"": 33.2336, ""feat_secs"": 0.016112, ""feat_secs_frame"": 0.002128, ""feat_secs_hsf"": 0.013823}"
arith,"arith:bits=12,h=0,reps=4",1,"{""bits"": 12.0, ""h"": 0.0, ""reps"": 4.0}",tableau,na,,0.0074,1884160,,,1.0,,"TooLarge { what: ""tableau (non-Clifford circuit)"", bytes: 0, limit: 0 }","{""n"": 25, ""gates"": 301, ""g2"": 192, ""g3"": 96, ""depth2"": 244, ""t_count"": 672, ""rotations"": 672, ""d"": 23, ""dense_l"": 32.0168, ""redundant"": 649, ""obs_zero"": false, ""frame_l"": 55.3923, ""chi_bits"": 0, ""mps_l"": 15.8097, ""hsf_k"": 20, ""hsf_na"": 12, ""hsf_nb"": 13, ""hsf_l"": 33.1023, ""sup"": 0, ""chi_bits0"": 12, ""mps_l0"": 45.3113, ""hsf_keff"": 8, ""hsf_l0"": 45.1023, ""sparse_l"": 8.2336, ""sv_l"": 33.2336, ""feat_secs"": 0.016112, ""feat_secs_frame"": 0.002128, ""feat_secs_hsf"": 0.013823}"
arith,"arith:bits=12,h=0,reps=4",1,"{""bits"": 12.0, ""h"": 0.0, ""reps"": 4.0}",frame,toolarge,,4.4572,1221033984,,,1.0,,"TooManyTerms { terms: 16863104, limit: 16777216 }","{""n"": 25, ""gates"": 301, ""g2"": 192, ""g3"": 96, ""depth2"": 244, ""t_count"": 672, ""rotations"": 672, ""d"": 23, ""dense_l"": 32.0168, ""redundant"": 649, ""obs_zero"": false, ""frame_l"": 55.3923, ""chi_bits"": 0, ""mps_l"": 15.8097, ""hsf_k"": 20, ""hsf_na"": 12, ""hsf_nb"": 13, ""hsf_l"": 33.1023, ""sup"": 0, ""chi_bits0"": 12, ""mps_l0"": 45.3113, ""hsf_keff"": 8, ""hsf_l0"": 45.1023, ""sparse_l"": 8.2336, ""sv_l"": 33.2336, ""feat_secs"": 0.016112, ""feat_secs_frame"": 0.002128, ""feat_secs_hsf"": 0.013823}"
arith,"arith:bits=12,h=0,reps=4",1,"{""bits"": 12.0, ""h"": 0.0, ""reps"": 4.0}",dense,ok,2.669046,2.6750,137396224,0.9999999999999984,23,1.0,1.5543122344752192e-15,switched_at=Some(318) dense_qubits=23 peak_terms=1 term_visits=0 dense_ops=1862287348,"{""n"": 25, ""gates"": 301, ""g2"": 192, ""g3"": 96, ""depth2"": 244, ""t_count"": 672, ""rotations"": 672, ""d"": 23, ""dense_l"": 32.0168, ""redundant"": 649, ""obs_zero"": false, ""frame_l"": 55.3923, ""chi_bits"": 0, ""mps_l"": 15.8097, ""hsf_k"": 20, ""hsf_na"": 12, ""hsf_nb"": 13, ""hsf_l"": 33.1023, ""sup"": 0, ""chi_bits0"": 12, ""mps_l0"": 45.3113, ""hsf_keff"": 8, ""hsf_l0"": 45.1023, ""sparse_l"": 8.2336, ""sv_l"": 33.2336, ""feat_secs"": 0.016112, ""feat_secs_frame"": 0.002128, ""feat_secs_hsf"": 0.013823}"
arith,"arith:bits=12,h=0,reps=4",1,"{""bits"": 12.0, ""h"": 0.0, ""reps"": 4.0}",auto,ok,2.659621,2.6669,137461760,0.9999999999999984,23,1.0,1.5543122344752192e-15,switched_at=Some(312) dense_qubits=23 peak_terms=4 term_visits=9 dense_ops=1837121524,"{""n"": 25, ""gates"": 301, ""g2"": 192, ""g3"": 96, ""depth2"": 244, ""t_count"": 672, ""rotations"": 672, ""d"": 23, ""dense_l"": 32.0168, ""redundant"": 649, ""obs_zero"": false, ""frame_l"": 55.3923, ""chi_bits"": 0, ""mps_l"": 15.8097, ""hsf_k"": 20, ""hsf_na"": 12, ""hsf_nb"": 13, ""hsf_l"": 33.1023, ""sup"": 0, ""chi_bits0"": 12, ""mps_l0"": 45.3113, ""hsf_keff"": 8, ""hsf_l0"": 45.1023, ""sparse_l"": 8.2336, ""sv_l"": 33.2336, ""feat_secs"": 0.016112, ""feat_secs_frame"": 0.002128, ""feat_secs_hsf"": 0.013823}"
arith,"arith:bits=12,h=1,reps=1",1,"{""bits"": 12.0, ""h"": 1.0, ""reps"": 1.0}",sv,ok,1.101757,1.1070,541638656,0.0,33554432,0.0,0.0,,"{""n"": 25, ""gates"": 87, ""g2"": 48, ""g3"": 24, ""depth2"": 61, ""t_count"": 168, ""rotations"": 168, ""d"": 25, ""dense_l"": 28.8077, ""redundant"": 143, ""obs_zero"": false, ""frame_l"": 57.3923, ""chi_bits"": 2, ""mps_l"": 19.9742, ""hsf_k"": 5, ""hsf_na"": 12, ""hsf_nb"": 13, ""hsf_l"": 27.0303, ""sup"": 2, ""chi_bits0"": 12, ""mps_l0"": 42.0962, ""hsf_keff"": 2, ""hsf_l0"": 30.0303, ""sparse_l"": 8.4429, ""sv_l"": 31.4429, ""feat_secs"": 0.010285, ""feat_secs_frame"": 0.000427, ""feat_secs_hsf"": 0.009808}"
arith,"arith:bits=12,h=1,reps=1",1,"{""bits"": 12.0, ""h"": 1.0, ""reps"": 1.0}",sparse,ok,2.5e-05,0.0082,1884160,0.0,4,0.0,0.0,,"{""n"": 25, ""gates"": 87, ""g2"": 48, ""g3"": 24, ""depth2"": 61, ""t_count"": 168, ""rotations"": 168, ""d"": 25, ""dense_l"": 28.8077, ""redundant"": 143, ""obs_zero"": false, ""frame_l"": 57.3923, ""chi_bits"": 2, ""mps_l"": 19.9742, ""hsf_k"": 5, ""hsf_na"": 12, ""hsf_nb"": 13, ""hsf_l"": 27.0303, ""sup"": 2, ""chi_bits0"": 12, ""mps_l0"": 42.0962, ""hsf_keff"": 2, ""hsf_l0"": 30.0303, ""sparse_l"": 8.4429, ""sv_l"": 31.4429, ""feat_secs"": 0.010285, ""feat_secs_frame"": 0.000427, ""feat_secs_hsf"": 0.009808}"
arith,"arith:bits=12,h=1,reps=1",1,"{""bits"": 12.0, ""h"": 1.0, ""reps"": 1.0}",mps,ok,0.001573,0.0079,2686976,5.21804821573823e-15,2,0.0,5.21804821573823e-15,,"{""n"": 25, ""gates"": 87, ""g2"": 48, ""g3"": 24, ""depth2"": 61, ""t_count"": 168, ""rotations"": 168, ""d"": 25, ""dense_l"": 28.8077, ""redundant"": 143, ""obs_zero"": false, ""frame_l"": 57.3923, ""chi_bits"": 2, ""mps_l"": 19.9742, ""hsf_k"": 5, ""hsf_na"": 12, ""hsf_nb"": 13, ""hsf_l"": 27.0303, ""sup"": 2, ""chi_bits0"": 12, ""mps_l0"": 42.0962, ""hsf_keff"": 2, ""hsf_l0"": 30.0303, ""sparse_l"": 8.4429, ""sv_l"": 31.4429, ""feat_secs"": 0.010285, ""feat_secs_frame"": 0.000427, ""feat_secs_hsf"": 0.009808}"
arith,"arith:bits=12,h=1,reps=1",1,"{""bits"": 12.0, ""h"": 1.0, ""reps"": 1.0}",hsf,ok,0.160275,0.1659,546619392,0.0,32,0.0,0.0,,"{""n"": 25, ""gates"": 87, ""g2"": 48, ""g3"": 24, ""depth2"": 61, ""t_count"": 168, ""rotations"": 168, ""d"": 25, ""dense_l"": 28.8077, ""redundant"": 143, ""obs_zero"": false, ""frame_l"": 57.3923, ""chi_bits"": 2, ""mps_l"": 19.9742, ""hsf_k"": 5, ""hsf_na"": 12, ""hsf_nb"": 13, ""hsf_l"": 27.0303, ""sup"": 2, ""chi_bits0"": 12, ""mps_l0"": 42.0962, ""hsf_keff"": 2, ""hsf_l0"": 30.0303, ""sparse_l"": 8.4429, ""sv_l"": 31.4429, ""feat_secs"": 0.010285, ""feat_secs_frame"": 0.000427, ""feat_secs_hsf"": 0.009808}"
arith,"arith:bits=12,h=1,reps=1",1,"{""bits"": 12.0, ""h"": 1.0, ""reps"": 1.0}",tableau,na,,0.0052,1818624,,,0.0,,"TooLarge { what: ""tableau (non-Clifford circuit)"", bytes: 0, limit: 0 }","{""n"": 25, ""gates"": 87, ""g2"": 48, ""g3"": 24, ""depth2"": 61, ""t_count"": 168, ""rotations"": 168, ""d"": 25, ""dense_l"": 28.8077, ""redundant"": 143, ""obs_zero"": false, ""frame_l"": 57.3923, ""chi_bits"": 2, ""mps_l"": 19.9742, ""hsf_k"": 5, ""hsf_na"": 12, ""hsf_nb"": 13, ""hsf_l"": 27.0303, ""sup"": 2, ""chi_bits0"": 12, ""mps_l0"": 42.0962, ""hsf_keff"": 2, ""hsf_l0"": 30.0303, ""sparse_l"": 8.4429, ""sv_l"": 31.4429, ""feat_secs"": 0.010285, ""feat_secs_frame"": 0.000427, ""feat_secs_hsf"": 0.009808}"
arith,"arith:bits=12,h=1,reps=1",1,"{""bits"": 12.0, ""h"": 1.0, ""reps"": 1.0}",frame,ok,0.0062,0.0131,2621440,-0.0,16,0.0,0.0,switched_at=None dense_qubits=0 peak_terms=16 term_visits=735 dense_ops=0,"{""n"": 25, ""gates"": 87, ""g2"": 48, ""g3"": 24, ""depth2"": 61, ""t_count"": 168, ""rotations"": 168, ""d"": 25, ""dense_l"": 28.8077, ""redundant"": 143, ""obs_zero"": false, ""frame_l"": 57.3923, ""chi_bits"": 2, ""mps_l"": 19.9742, ""hsf_k"": 5, ""hsf_na"": 12, ""hsf_nb"": 13, ""hsf_l"": 27.0303, ""sup"": 2, ""chi_bits0"": 12, ""mps_l0"": 42.0962, ""hsf_keff"": 2, ""hsf_l0"": 30.0303, ""sparse_l"": 8.4429, ""sv_l"": 31.4429, ""feat_secs"": 0.010285, ""feat_secs_frame"": 0.000427, ""feat_secs_hsf"": 0.009808}"
arith,"arith:bits=12,h=1,reps=1",1,"{""bits"": 12.0, ""h"": 1.0, ""reps"": 1.0}",dense,ok,0.480315,0.4866,539901952,3.33066907387547e-16,25,0.0,3.33066907387547e-16,switched_at=Some(128) dense_qubits=25 peak_terms=1 term_visits=0 dense_ops=302088126,"{""n"": 25, ""gates"": 87, ""g2"": 48, ""g3"": 24, ""depth2"": 61, ""t_count"": 168, ""rotations"": 168, ""d"": 25, ""dense_l"": 28.8077, ""redundant"": 143, ""obs_zero"": false, ""frame_l"": 57.3923, ""chi_bits"": 2, ""mps_l"": 19.9742, ""hsf_k"": 5, ""hsf_na"": 12, ""hsf_nb"": 13, ""hsf_l"": 27.0303, ""sup"": 2, ""chi_bits0"": 12, ""mps_l0"": 42.0962, ""hsf_keff"": 2, ""hsf_l0"": 30.0303, ""sparse_l"": 8.4429, ""sv_l"": 31.4429, ""feat_secs"": 0.010285, ""feat_secs_frame"": 0.000427, ""feat_secs_hsf"": 0.009808}"
arith,"arith:bits=12,h=1,reps=1",1,"{""bits"": 12.0, ""h"": 1.0, ""reps"": 1.0}",auto,ok,0.003726,0.0117,3080192,2.498001805406602e-16,14,0.0,2.498001805406602e-16,switched_at=Some(84) dense_qubits=14 peak_terms=16 term_visits=375 dense_ops=294846,"{""n"": 25, ""gates"": 87, ""g2"": 48, ""g3"": 24, ""depth2"": 61, ""t_count"": 168, ""rotations"": 168, ""d"": 25, ""dense_l"": 28.8077, ""redundant"": 143, ""obs_zero"": false, ""frame_l"": 57.3923, ""chi_bits"": 2, ""mps_l"": 19.9742, ""hsf_k"": 5, ""hsf_na"": 12, ""hsf_nb"": 13, ""hsf_l"": 27.0303, ""sup"": 2, ""chi_bits0"": 12, ""mps_l0"": 42.0962, ""hsf_keff"": 2, ""hsf_l0"": 30.0303, ""sparse_l"": 8.4429, ""sv_l"": 31.4429, ""feat_secs"": 0.010285, ""feat_secs_frame"": 0.000427, ""feat_secs_hsf"": 0.009808}"
arith,"arith:bits=12,h=1,reps=2",1,"{""bits"": 12.0, ""h"": 1.0, ""reps"": 2.0}",sv,ok,1.915138,1.9220,541818880,0.0,33554432,0.0,0.0,,"{""n"": 25, ""gates"": 159, ""g2"": 96, ""g3"": 48, ""depth2"": 122, ""t_count"": 336, ""rotations"": 336, ""d"": 25, ""dense_l"": 32.5078, ""redundant"": 311, ""obs_zero"": false, ""frame_l"": 58.3923, ""chi_bits"": 2, ""mps_l"": 20.4793, ""hsf_k"": 10, ""hsf_na"": 12, ""hsf_nb"": 13, ""hsf_l"": 29.0549, ""sup"": 2, ""chi_bits0"": 12, ""mps_l0"": 43.6178, ""hsf_keff"": 4, ""hsf_l0"": 35.0549, ""sparse_l"": 9.3129, ""sv_l"": 32.3129, ""feat_secs"": 0.01728, ""feat_secs_frame"": 0.000853, ""feat_secs_hsf"": 0.016345}"
arith,"arith:bits=12,h=1,reps=2",1,"{""bits"": 12.0, ""h"": 1.0, ""reps"": 2.0}",sparse,ok,4.2e-05,0.0071,1916928,0.0,4,0.0,0.0,,"{""n"": 25, ""gates"": 159, ""g2"": 96, ""g3"": 48, ""depth2"": 122, ""t_count"": 336, ""rotations"": 336, ""d"": 25, ""dense_l"": 32.5078, ""redundant"": 311, ""obs_zero"": false, ""frame_l"": 58.3923, ""chi_bits"": 2, ""mps_l"": 20.4793, ""hsf_k"": 10, ""hsf_na"": 12, ""hsf_nb"": 13, ""hsf_l"": 29.0549, ""sup"": 2, ""chi_bits0"": 12, ""mps_l0"": 43.6178, ""hsf_keff"": 4, ""hsf_l0"": 35.0549, ""sparse_l"": 9.3129, ""sv_l"": 32.3129, ""feat_secs"": 0.01728, ""feat_secs_frame"": 0.000853, ""feat_secs_hsf"": 0.016345}"
arith,"arith:bits=12,h=1,reps=2",1,"{""bits"": 12.0, ""h"": 1.0, ""reps"": 2.0}",mps,ok,0.002373,0.0081,2785280,2.886579864025405e-15,3,0.0,2.886579864025405e-15,,"{""n"": 25, ""gates"": 159, ""g2"": 96, ""g3"": 48, ""depth2"": 122, ""t_count"": 336, ""rotations"": 336, ""d"": 25, ""dense_l"": 32.5078, ""redundant"": 311, ""obs_zero"": false, ""frame_l"": 58.3923, ""chi_bits"": 2, ""mps_l"": 20.4793, ""hsf_k"": 10, ""hsf_na"": 12, ""hsf_nb"": 13, ""hsf_l"": 29.0549, ""sup"": 2, ""chi_bits0"": 12, ""mps_l0"": 43.6178, ""hsf_keff"": 4, ""hsf_l0"": 35.0549, ""sparse_l"": 9.3129, ""sv_l"": 32.3129, ""feat_secs"": 0.01728, ""feat_secs_frame"": 0.000853, ""feat_secs_hsf"": 0.016345}"
arith,"arith:bits=12,h=1,reps=2",1,"{""bits"": 12.0, ""h"": 1.0, ""reps"": 2.0}",hsf,ok,0.565705,0.5731,553943040,0.0,1024,0.0,0.0,,"{""n"": 25, ""gates"": 159, ""g2"": 96, ""g3"": 48, ""depth2"": 122, ""t_count"": 336, ""rotations"": 336, ""d"": 25, ""dense_l"": 32.5078, ""redundant"": 311, ""obs_zero"": false, ""frame_l"": 58.3923, ""chi_bits"": 2, ""mps_l"": 20.4793, ""hsf_k"": 10, ""hsf_na"": 12, ""hsf_nb"": 13, ""hsf_l"": 29.0549, ""sup"": 2, ""chi_bits0"": 12, ""mps_l0"": 43.6178, ""hsf_keff"": 4, ""hsf_l0"": 35.0549, ""sparse_l"": 9.3129, ""sv_l"": 32.3129, ""feat_secs"": 0.01728, ""feat_secs_frame"": 0.000853, ""feat_secs_hsf"": 0.016345}"
arith,"arith:bits=12,h=1,reps=2",1,"{""bits"": 12.0, ""h"": 1.0, ""reps"": 2.0}",tableau,na,,0.0050,1835008,,,0.0,,"TooLarge { what: ""tableau (non-Clifford circuit)"", bytes: 0, limit: 0 }","{""n"": 25, ""gates"": 159, ""g2"": 96, ""g3"": 48, ""depth2"": 122, ""t_count"": 336, ""rotations"": 336, ""d"": 25, ""dense_l"": 32.5078, ""redundant"": 311, ""obs_zero"": false, ""frame_l"": 58.3923, ""chi_bits"": 2, ""mps_l"": 20.4793, ""hsf_k"": 10, ""hsf_na"": 12, ""hsf_nb"": 13, ""hsf_l"": 29.0549, ""sup"": 2, ""chi_bits0"": 12, ""mps_l0"": 43.6178, ""hsf_keff"": 4, ""hsf_l0"": 35.0549, ""sparse_l"": 9.3129, ""sv_l"": 32.3129, ""feat_secs"": 0.01728, ""feat_secs_frame"": 0.000853, ""feat_secs_hsf"": 0.016345}"
arith,"arith:bits=12,h=1,reps=2",1,"{""bits"": 12.0, ""h"": 1.0, ""reps"": 2.0}",frame,ok,4.781959,4.7930,860176384,-0.0,8388608,0.0,0.0,switched_at=None dense_qubits=0 peak_terms=8388608 term_visits=237106646 dense_ops=0,"{""n"": 25, ""gates"": 159, ""g2"": 96, ""g3"": 48, ""depth2"": 122, ""t_count"": 336, ""rotations"": 336, ""d"": 25, ""dense_l"": 32.5078, ""redundant"": 311, ""obs_zero"": false, ""frame_l"": 58.3923, ""chi_bits"": 2, ""mps_l"": 20.4793, ""hsf_k"": 10, ""hsf_na"": 12, ""hsf_nb"": 13, ""hsf_l"": 29.0549, ""sup"": 2, ""chi_bits0"": 12, ""mps_l0"": 43.6178, ""hsf_keff"": 4, ""hsf_l0"": 35.0549, ""sparse_l"": 9.3129, ""sv_l"": 32.3129, ""feat_secs"": 0.01728, ""feat_secs_frame"": 0.000853, ""feat_secs_hsf"": 0.016345}"
arith,"arith:bits=12,h=1,reps=2",1,"{""bits"": 12.0, ""h"": 1.0, ""reps"": 2.0}",dense,ok,5.081689,5.0892,875479040,0.0,25,0.0,0.0,switched_at=Some(190) dense_qubits=25 peak_terms=1 term_visits=0 dense_ops=3154198462,"{""n"": 25, ""gates"": 159, ""g2"": 96, ""g3"": 48, ""depth2"": 122, ""t_count"": 336, ""rotations"": 336, ""d"": 25, ""dense_l"": 32.5078, ""redundant"": 311, ""obs_zero"": false, ""frame_l"": 58.3923, ""chi_bits"": 2, ""mps_l"": 20.4793, ""hsf_k"": 10, ""hsf_na"": 12, ""hsf_nb"": 13, ""hsf_l"": 29.0549, ""sup"": 2, ""chi_bits0"": 12, ""mps_l0"": 43.6178, ""hsf_keff"": 4, ""hsf_l0"": 35.0549, ""sparse_l"": 9.3129, ""sv_l"": 32.3129, ""feat_secs"": 0.01728, ""feat_secs_frame"": 0.000853, ""feat_secs_hsf"": 0.016345}"
arith,"arith:bits=12,h=1,reps=2",1,"{""bits"": 12.0, ""h"": 1.0, ""reps"": 2.0}",auto,ok,5.19091,5.1962,875528192,-1.387778780781448e-17,25,0.0,1.387778780781448e-17,switched_at=Some(188) dense_qubits=25 peak_terms=4 term_visits=3 dense_ops=3187752894,"{""n"": 25, ""gates"": 159, ""g2"": 96, ""g3"": 48, ""depth2"": 122, ""t_count"": 336, ""rotations"": 336, ""d"": 25, ""dense_l"": 32.5078, ""redundant"": 311, ""obs_zero"": false, ""frame_l"": 58.3923, ""chi_bits"": 2, ""mps_l"": 20.4793, ""hsf_k"": 10, ""hsf_na"": 12, ""hsf_nb"": 13, ""hsf_l"": 29.0549, ""sup"": 2, ""chi_bits0"": 12, ""mps_l0"": 43.6178, ""hsf_keff"": 4, ""hsf_l0"": 35.0549, ""sparse_l"": 9.3129, ""sv_l"": 32.3129, ""feat_secs"": 0.01728, ""feat_secs_frame"": 0.000853, ""feat_secs_hsf"": 0.016345}"
arith,"arith:bits=12,h=1,reps=4",1,"{""bits"": 12.0, ""h"": 1.0, ""reps"": 4.0}",sv,ok,3.535185,3.5427,542015488,0.0,33554432,0.0,0.0,,"{""n"": 25, ""gates"": 303, ""g2"": 192, ""g3"": 96, ""depth2"": 244, ""t_count"": 672, ""rotations"": 672, ""d"": 25, ""dense_l"": 34.0168, ""redundant"": 647, ""obs_zero"": false, ""frame_l"": 59.3923, ""chi_bits"": 2, ""mps_l"": 21.5219, ""hsf_k"": 20, ""hsf_na"": 12, ""hsf_nb"": 13, ""hsf_l"": 33.103, ""sup"": 2, ""chi_bits0"": 12, ""mps_l0"": 45.3113, ""hsf_keff"": 8, ""hsf_l0"": 45.103, ""sparse_l"": 10.2432, ""sv_l"": 33.2432, ""feat_secs"": 0.014831, ""feat_secs_frame"": 0.001665, ""feat_secs_hsf"": 0.013028}"
arith,"arith:bits=12,h=1,reps=4",1,"{""bits"": 12.0, ""h"": 1.0, ""reps"": 4.0}",sparse,ok,5.3e-05,0.0050,1949696,0.0,4,0.0,0.0,,"{""n"": 25, ""gates"": 303, ""g2"": 192, ""g3"": 96, ""depth2"": 244, ""t_count"": 672, ""rotations"": 672, ""d"": 25, ""dense_l"": 34.0168, ""redundant"": 647, ""obs_zero"": false, ""frame_l"": 59.3923, ""chi_bits"": 2, ""mps_l"": 21.5219, ""hsf_k"": 20, ""hsf_na"": 12, ""hsf_nb"": 13, ""hsf_l"": 33.103, ""sup"": 2, ""chi_bits0"": 12, ""mps_l0"": 45.3113, ""hsf_keff"": 8, ""hsf_l0"": 45.103, ""sparse_l"": 10.2432, ""sv_l"": 33.2432, ""feat_secs"": 0.014831, ""feat_secs_frame"": 0.001665, ""feat_secs_hsf"": 0.013028}"
arith,"arith:bits=12,h=1,reps=4",1,"{""bits"": 12.0, ""h"": 1.0, ""reps"": 4.0}",mps,ok,0.005254,0.0121,3014656,-7.216449660063511e-15,4,0.0,7.216449660063511e-15,,"{""n"": 25, ""gates"": 303, ""g2"": 192, ""g3"": 96, ""depth2"": 244, ""t_count"": 672, ""rotations"": 672, ""d"": 25, ""dense_l"": 34.0168, ""redundant"": 647, ""obs_zero"": false, ""frame_l"": 59.3923, ""chi_bits"": 2, ""mps_l"": 21.5219, ""hsf_k"": 20, ""hsf_na"": 12, ""hsf_nb"": 13, ""hsf_l"": 33.103, ""sup"": 2, ""chi_bits0"": 12, ""mps_l0"": 45.3113, ""hsf_keff"": 8, ""hsf_l0"": 45.103, ""sparse_l"": 10.2432, ""sv_l"": 33.2432, ""feat_secs"": 0.014831, ""feat_secs_frame"": 0.001665, ""feat_secs_hsf"": 0.013028}"
arith,"arith:bits=12,h=1,reps=4",1,"{""bits"": 12.0, ""h"": 1.0, ""reps"": 4.0}",hsf,ok,0.527625,0.5342,556023808,0.0,1048576,0.0,0.0,,"{""n"": 25, ""gates"": 303, ""g2"": 192, ""g3"": 96, ""depth2"": 244, ""t_count"": 672, ""rotations"": 672, ""d"": 25, ""dense_l"": 34.0168, ""redundant"": 647, ""obs_zero"": false, ""frame_l"": 59.3923, ""chi_bits"": 2, ""mps_l"": 21.5219, ""hsf_k"": 20, ""hsf_na"": 12, ""hsf_nb"": 13, ""hsf_l"": 33.103, ""sup"": 2, ""chi_bits0"": 12, ""mps_l0"": 45.3113, ""hsf_keff"": 8, ""hsf_l0"": 45.103, ""sparse_l"": 10.2432, ""sv_l"": 33.2432, ""feat_secs"": 0.014831, ""feat_secs_frame"": 0.001665, ""feat_secs_hsf"": 0.013028}"
arith,"arith:bits=12,h=1,reps=4",1,"{""bits"": 12.0, ""h"": 1.0, ""reps"": 4.0}",tableau,na,,0.0046,1867776,,,0.0,,"TooLarge { what: ""tableau (non-Clifford circuit)"", bytes: 0, limit: 0 }","{""n"": 25, ""gates"": 303, ""g2"": 192, ""g3"": 96, ""depth2"": 244, ""t_count"": 672, ""rotations"": 672, ""d"": 25, ""dense_l"": 34.0168, ""redundant"": 647, ""obs_zero"": false, ""frame_l"": 59.3923, ""chi_bits"": 2, ""mps_l"": 21.5219, ""hsf_k"": 20, ""hsf_na"": 12, ""hsf_nb"": 13, ""hsf_l"": 33.103, ""sup"": 2, ""chi_bits0"": 12, ""mps_l0"": 45.3113, ""hsf_keff"": 8, ""hsf_l0"": 45.103, ""sparse_l"": 10.2432, ""sv_l"": 33.2432, ""feat_secs"": 0.014831, ""feat_secs_frame"": 0.001665, ""feat_secs_hsf"": 0.013028}"
arith,"arith:bits=12,h=1,reps=4",1,"{""bits"": 12.0, ""h"": 1.0, ""reps"": 4.0}",frame,skipped,,,,,,0.0,,,"{""n"": 25, ""gates"": 303, ""g2"": 192, ""g3"": 96, ""depth2"": 244, ""t_count"": 672, ""rotations"": 672, ""d"": 25, ""dense_l"": 34.0168, ""redundant"": 647, ""obs_zero"": false, ""frame_l"": 59.3923, ""chi_bits"": 2, ""mps_l"": 21.5219, ""hsf_k"": 20, ""hsf_na"": 12, ""hsf_nb"": 13, ""hsf_l"": 33.103, ""sup"": 2, ""chi_bits0"": 12, ""mps_l0"": 45.3113, ""hsf_keff"": 8, ""hsf_l0"": 45.103, ""sparse_l"": 10.2432, ""sv_l"": 33.2432, ""feat_secs"": 0.014831, ""feat_secs_frame"": 0.001665, ""feat_secs_hsf"": 0.013028}"
arith,"arith:bits=12,h=1,reps=4",1,"{""bits"": 12.0, ""h"": 1.0, ""reps"": 4.0}",dense,timeout,,10.0061,875626496,,,0.0,,timeout,"{""n"": 25, ""gates"": 303, ""g2"": 192, ""g3"": 96, ""depth2"": 244, ""t_count"": 672, ""rotations"": 672, ""d"": 25, ""dense_l"": 34.0168, ""redundant"": 647, ""obs_zero"": false, ""frame_l"": 59.3923, ""chi_bits"": 2, ""mps_l"": 21.5219, ""hsf_k"": 20, ""hsf_na"": 12, ""hsf_nb"": 13, ""hsf_l"": 33.103, ""sup"": 2, ""chi_bits0"": 12, ""mps_l0"": 45.3113, ""hsf_keff"": 8, ""hsf_l0"": 45.103, ""sparse_l"": 10.2432, ""sv_l"": 33.2432, ""feat_secs"": 0.014831, ""feat_secs_frame"": 0.001665, ""feat_secs_hsf"": 0.013028}"
arith,"arith:bits=12,h=1,reps=4",1,"{""bits"": 12.0, ""h"": 1.0, ""reps"": 4.0}",auto,timeout,,10.0050,875692032,,,0.0,,timeout,"{""n"": 25, ""gates"": 303, ""g2"": 192, ""g3"": 96, ""depth2"": 244, ""t_count"": 672, ""rotations"": 672, ""d"": 25, ""dense_l"": 34.0168, ""redundant"": 647, ""obs_zero"": false, ""frame_l"": 59.3923, ""chi_bits"": 2, ""mps_l"": 21.5219, ""hsf_k"": 20, ""hsf_na"": 12, ""hsf_nb"": 13, ""hsf_l"": 33.103, ""sup"": 2, ""chi_bits0"": 12, ""mps_l0"": 45.3113, ""hsf_keff"": 8, ""hsf_l0"": 45.103, ""sparse_l"": 10.2432, ""sv_l"": 33.2432, ""feat_secs"": 0.014831, ""feat_secs_frame"": 0.001665, ""feat_secs_hsf"": 0.013028}"
arith,"arith:bits=12,h=2,reps=1",1,"{""bits"": 12.0, ""h"": 2.0, ""reps"": 1.0}",sv,ok,1.151346,1.1556,541655040,0.0,33554432,0.0,0.0,,"{""n"": 25, ""gates"": 88, ""g2"": 48, ""g3"": 24, ""depth2"": 61, ""t_count"": 168, ""rotations"": 168, ""d"": 25, ""dense_l"": 29.3928, ""redundant"": 143, ""obs_zero"": false, ""frame_l"": 57.3923, ""chi_bits"": 4, ""mps_l"": 25.2579, ""hsf_k"": 5, ""hsf_na"": 12, ""hsf_nb"": 13, ""hsf_l"": 27.0307, ""sup"": 4, ""chi_bits0"": 12, ""mps_l0"": 42.0962, ""hsf_keff"": 2, ""hsf_l0"": 30.0307, ""sparse_l"": 10.4594, ""sv_l"": 31.4594, ""feat_secs"": 0.009083, ""feat_secs_frame"": 0.000505, ""feat_secs_hsf"": 0.008503}"
arith,"arith:bits=12,h=2,reps=1",1,"{""bits"": 12.0, ""h"": 2.0, ""reps"": 1.0}",sparse,ok,6.3e-05,0.0074,1933312,0.0,16,0.0,0.0,,"{""n"": 25, ""gates"": 88, ""g2"": 48, ""g3"": 24, ""depth2"": 61, ""t_count"": 168, ""rotations"": 168, ""d"": 25, ""dense_l"": 29.3928, ""redundant"": 143, ""obs_zero"": false, ""frame_l"": 57.3923, ""chi_bits"": 4, ""mps_l"": 25.2579, ""hsf_k"": 5, ""hsf_na"": 12, ""hsf_nb"": 13, ""hsf_l"": 27.0307, ""sup"": 4, ""chi_bits0"": 12, ""mps_l0"": 42.0962, ""hsf_keff"": 2, ""hsf_l0"": 30.0307, ""sparse_l"": 10.4594, ""sv_l"": 31.4594, ""feat_secs"": 0.009083, ""feat_secs_frame"": 0.000505, ""feat_secs_hsf"": 0.008503}"
arith,"arith:bits=12,h=2,reps=1",1,"{""bits"": 12.0, ""h"": 2.0, ""reps"": 1.0}",mps,ok,0.001907,0.0072,2899968,2.220446049250312e-16,3,0.0,2.220446049250312e-16,,"{""n"": 25, ""gates"": 88, ""g2"": 48, ""g3"": 24, ""depth2"": 61, ""t_count"": 168, ""rotations"": 168, ""d"": 25, ""dense_l"": 29.3928, ""redundant"": 143, ""obs_zero"": false, ""frame_l"": 57.3923, ""chi_bits"": 4, ""mps_l"": 25.2579, ""hsf_k"": 5, ""hsf_na"": 12, ""hsf_nb"": 13, ""hsf_l"": 27.0307, ""sup"": 4, ""chi_bits0"": 12, ""mps_l0"": 42.0962, ""hsf_keff"": 2, ""hsf_l0"": 30.0307, ""sparse_l"": 10.4594, ""sv_l"": 31.4594, ""feat_secs"": 0.009083, ""feat_secs_frame"": 0.000505, ""feat_secs_hsf"": 0.008503}"
arith,"arith:bits=12,h=2,reps=1",1,"{""bits"": 12.0, ""h"": 2.0, ""reps"": 1.0}",hsf,ok,0.152688,0.1594,546652160,0.0,32,0.0,0.0,,"{""n"": 25, ""gates"": 88, ""g2"": 48, ""g3"": 24, ""depth2"": 61, ""t_count"": 168, ""rotations"": 168, ""d"": 25, ""dense_l"": 29.3928, ""redundant"": 143, ""obs_zero"": false, ""frame_l"": 57.3923, ""chi_bits"": 4, ""mps_l"": 25.2579, ""hsf_k"": 5, ""hsf_na"": 12, ""hsf_nb"": 13, ""hsf_l"": 27.0307, ""sup"": 4, ""chi_bits0"": 12, ""mps_l0"": 42.0962, ""hsf_keff"": 2, ""hsf_l0"": 30.0307, ""sparse_l"": 10.4594, ""sv_l"": 31.4594, ""feat_secs"": 0.009083, ""feat_secs_frame"": 0.000505, ""feat_secs_hsf"": 0.008503}"
arith,"arith:bits=12,h=2,reps=1",1,"{""bits"": 12.0, ""h"": 2.0, ""reps"": 1.0}",tableau,na,,0.0048,1818624,,,0.0,,"TooLarge { what: ""tableau (non-Clifford circuit)"", bytes: 0, limit: 0 }","{""n"": 25, ""gates"": 88, ""g2"": 48, ""g3"": 24, ""depth2"": 61, ""t_count"": 168, ""rotations"": 168, ""d"": 25, ""dense_l"": 29.3928, ""redundant"": 143, ""obs_zero"": false, ""frame_l"": 57.3923, ""chi_bits"": 4, ""mps_l"": 25.2579, ""hsf_k"": 5, ""hsf_na"": 12, ""hsf_nb"": 13, ""hsf_l"": 27.0307, ""sup"": 4, ""chi_bits0"": 12, ""mps_l0"": 42.0962, ""hsf_keff"": 2, ""hsf_l0"": 30.0307, ""sparse_l"": 10.4594, ""sv_l"": 31.4594, ""feat_secs"": 0.009083, ""feat_secs_frame"": 0.000505, ""feat_secs_hsf"": 0.008503}"
arith,"arith:bits=12,h=2,reps=1",1,"{""bits"": 12.0, ""h"": 2.0, ""reps"": 1.0}",frame,ok,0.004226,0.0108,2752512,-0.0,64,0.0,0.0,switched_at=None dense_qubits=0 peak_terms=64 term_visits=2907 dense_ops=0,"{""n"": 25, ""gates"": 88, ""g2"": 48, ""g3"": 24, ""depth2"": 61, ""t_count"": 168, ""rotations"": 168, ""d"": 25, ""dense_l"": 29.3928, ""redundant"": 143, ""obs_zero"": false, ""frame_l"": 57.3923, ""chi_bits"": 4, ""mps_l"": 25.2579, ""hsf_k"": 5, ""hsf_na"": 12, ""hsf_nb"": 13, ""hsf_l"": 27.0307, ""sup"": 4, ""chi_bits0"": 12, ""mps_l0"": 42.0962, ""hsf_keff"": 2, ""hsf_l0"": 30.0307, ""sparse_l"": 10.4594, ""sv_l"": 31.4594, ""feat_secs"": 0.009083, ""feat_secs_frame"": 0.000505, ""feat_secs_hsf"": 0.008503}"
arith,"arith:bits=12,h=2,reps=1",1,"{""bits"": 12.0, ""h"": 2.0, ""reps"": 1.0}",dense,ok,1.650047,1.6546,1210957824,-2.775557561562891e-17,25,0.0,2.775557561562891e-17,switched_at=Some(128) dense_qubits=25 peak_terms=1 term_visits=0 dense_ops=436404030,"{""n"": 25, ""gates"": 88, ""g2"": 48, ""g3"": 24, ""depth2"": 61, ""t_count"": 168, ""rotations"": 168, ""d"": 25, ""dense_l"": 29.3928, ""redundant"": 143, ""obs_zero"": false, ""frame_l"": 57.3923, ""chi_bits"": 4, ""mps_l"": 25.2579, ""hsf_k"": 5, ""hsf_na"": 12, ""hsf_nb"": 13, ""hsf_l"": 27.0307, ""sup"": 4, ""chi_bits0"": 12, ""mps_l0"": 42.0962, ""hsf_keff"": 2, ""hsf_l0"": 30.0307, ""sparse_l"": 10.4594, ""sv_l"": 31.4594, ""feat_secs"": 0.009083, ""feat_secs_frame"": 0.000505, ""feat_secs_hsf"": 0.008503}"
arith,"arith:bits=12,h=2,reps=1",1,"{""bits"": 12.0, ""h"": 2.0, ""reps"": 1.0}",auto,ok,1.473183,1.4806,1211039744,4.011548038196371e-18,25,0.0,4.011548038196371e-18,switched_at=Some(126) dense_qubits=25 peak_terms=4 term_visits=3 dense_ops=469958462,"{""n"": 25, ""gates"": 88, ""g2"": 48, ""g3"": 24, ""depth2"": 61, ""t_count"": 168, ""rotations"": 168, ""d"": 25, ""dense_l"": 29.3928, ""redundant"": 143, ""obs_zero"": false, ""frame_l"": 57.3923, ""chi_bits"": 4, ""mps_l"": 25.2579, ""hsf_k"": 5, ""hsf_na"": 12, ""hsf_nb"": 13, ""hsf_l"": 27.0307, ""sup"": 4, ""chi_bits0"": 12, ""mps_l0"": 42.0962, ""hsf_keff"": 2, ""hsf_l0"": 30.0307, ""sparse_l"": 10.4594, ""sv_l"": 31.4594, ""feat_secs"": 0.009083, ""feat_secs_frame"": 0.000505, ""feat_secs_hsf"": 0.008503}"
arith,"arith:bits=12,h=2,reps=2",1,"{""bits"": 12.0, ""h"": 2.0, ""reps"": 2.0}",sv,ok,1.985875,1.9910,541720576,0.5000000000000001,33554432,0.5000000000000001,0.0,,"{""n"": 25, ""gates"": 160, ""g2"": 96, ""g3"": 48, ""depth2"": 122, ""t_count"": 336, ""rotations"": 336, ""d"": 25, ""dense_l"": 32.5623, ""redundant"": 311, ""obs_zero"": false, ""frame_l"": 58.3923, ""chi_bits"": 4, ""mps_l"": 25.8834, ""hsf_k"": 10, ""hsf_na"": 12, ""hsf_nb"": 13, ""hsf_l"": 29.0553, ""sup"": 4, ""chi_bits0"": 12, ""mps_l0"": 43.6178, ""hsf_keff"": 4, ""hsf_l0"": 35.0553, ""sparse_l"": 11.3219, ""sv_l"": 32.3219, ""feat_secs"": 0.013183, ""feat_secs_frame"": 0.000826, ""feat_secs_hsf"": 0.012281}"
arith,"arith:bits=12,h=2,reps=2",1,"{""bits"": 12.0, ""h"": 2.0, ""reps"": 2.0}",sparse,ok,9.4e-05,0.0071,1949696,0.5000000000000001,16,0.5000000000000001,0.0,,"{""n"": 25, ""gates"": 160, ""g2"": 96, ""g3"": 48, ""depth2"": 122, ""t_count"": 336, ""rotations"": 336, ""d"": 25, ""dense_l"": 32.5623, ""redundant"": 311, ""obs_zero"": false, ""frame_l"": 58.3923, ""chi_bits"": 4, ""mps_l"": 25.8834, ""hsf_k"": 10, ""hsf_na"": 12, ""hsf_nb"": 13, ""hsf_l"": 29.0553, ""sup"": 4, ""chi_bits0"": 12, ""mps_l0"": 43.6178, ""hsf_keff"": 4, ""hsf_l0"": 35.0553, ""sparse_l"": 11.3219, ""sv_l"": 32.3219, ""feat_secs"": 0.013183, ""feat_secs_frame"": 0.000826, ""feat_secs_hsf"": 0.012281}"
arith,"arith:bits=12,h=2,reps=2",1,"{""bits"": 12.0, ""h"": 2.0, ""reps"": 2.0}",mps,ok,0.003385,0.0107,3145728,0.500000000000003,4,0.5000000000000001,2.886579864025407e-15,,"{""n"": 25, ""gates"": 160, ""g2"": 96, ""g3"": 48, ""depth2"": 122, ""t_count"": 336, ""rotations"": 336, ""d"": 25, ""dense_l"": 32.5623, ""redundant"": 311, ""obs_zero"": false, ""frame_l"": 58.3923, ""chi_bits"": 4, ""mps_l"": 25.8834, ""hsf_k"": 10, ""hsf_na"": 12, ""hsf_nb"": 13, ""hsf_l"": 29.0553, ""sup"": 4, ""chi_bits0"": 12, ""mps_l0"": 43.6178, ""hsf_keff"": 4, ""hsf_l0"": 35.0553, ""sparse_l"": 11.3219, ""sv_l"": 32.3219, ""feat_secs"": 0.013183, ""feat_secs_frame"": 0.000826, ""feat_secs_hsf"": 0.012281}"
arith,"arith:bits=12,h=2,reps=2",1,"{""bits"": 12.0, ""h"": 2.0, ""reps"": 2.0}",hsf,ok,0.525473,0.5320,553943040,0.5000000000000001,1024,0.5000000000000001,0.0,,"{""n"": 25, ""gates"": 160, ""g2"": 96, ""g3"": 48, ""depth2"": 122, ""t_count"": 336, ""rotations"": 336, ""d"": 25, ""dense_l"": 32.5623, ""redundant"": 311, ""obs_zero"": false, ""frame_l"": 58.3923, ""chi_bits"": 4, ""mps_l"": 25.8834, ""hsf_k"": 10, ""hsf_na"": 12, ""hsf_nb"": 13, ""hsf_l"": 29.0553, ""sup"": 4, ""chi_bits0"": 12, ""mps_l0"": 43.6178, ""hsf_keff"": 4, ""hsf_l0"": 35.0553, ""sparse_l"": 11.3219, ""sv_l"": 32.3219, ""feat_secs"": 0.013183, ""feat_secs_frame"": 0.000826, ""feat_secs_hsf"": 0.012281}"
arith,"arith:bits=12,h=2,reps=2",1,"{""bits"": 12.0, ""h"": 2.0, ""reps"": 2.0}",tableau,na,,0.0049,1851392,,,0.5000000000000001,,"TooLarge { what: ""tableau (non-Clifford circuit)"", bytes: 0, limit: 0 }","{""n"": 25, ""gates"": 160, ""g2"": 96, ""g3"": 48, ""depth2"": 122, ""t_count"": 336, ""rotations"": 336, ""d"": 25, ""dense_l"": 32.5623, ""redundant"": 311, ""obs_zero"": false, ""frame_l"": 58.3923, ""chi_bits"": 4, ""mps_l"": 25.8834, ""hsf_k"": 10, ""hsf_na"": 12, ""hsf_nb"": 13, ""hsf_l"": 29.0553, ""sup"": 4, ""chi_bits0"": 12, ""mps_l0"": 43.6178, ""hsf_keff"": 4, ""hsf_l0"": 35.0553, ""sparse_l"": 11.3219, ""sv_l"": 32.3219, ""feat_secs"": 0.013183, ""feat_secs_frame"": 0.000826, ""feat_secs_hsf"": 0.012281}"
arith,"arith:bits=12,h=2,reps=2",1,"{""bits"": 12.0, ""h"": 2.0, ""reps"": 2.0}",frame,ok,5.195222,5.2070,877854720,0.4999999999999999,8388608,0.5000000000000001,2.220446049250313e-16,switched_at=None dense_qubits=0 peak_terms=8388608 term_visits=250971789 dense_ops=0,"{""n"": 25, ""gates"": 160, ""g2"": 96, ""g3"": 48, ""depth2"": 122, ""t_count"": 336, ""rotations"": 336, ""d"": 25, ""dense_l"": 32.5623, ""redundant"": 311, ""obs_zero"": false, ""frame_l"": 58.3923, ""chi_bits"": 4, ""mps_l"": 25.8834, ""hsf_k"": 10, ""hsf_na"": 12, ""hsf_nb"": 13, ""hsf_l"": 29.0553, ""sup"": 4, ""chi_bits0"": 12, ""mps_l0"": 43.6178, ""hsf_keff"": 4, ""hsf_l0"": 35.0553, ""sparse_l"": 11.3219, ""sv_l"": 32.3219, ""feat_secs"": 0.013183, ""feat_secs_frame"": 0.000826, ""feat_secs_hsf"": 0.012281}"
arith,"arith:bits=12,h=2,reps=2",1,"{""bits"": 12.0, ""h"": 2.0, ""reps"": 2.0}",dense,ok,5.379408,5.3875,1211023360,0.4999999999999992,25,0.5000000000000001,8.881784197001252e-16,switched_at=Some(190) dense_qubits=25 peak_terms=1 term_visits=0 dense_ops=3254943566,"{""n"": 25, ""gates"": 160, ""g2"": 96, ""g3"": 48, ""depth2"": 122, ""t_count"": 336, ""rotations"": 336, ""d"": 25, ""dense_l"": 32.5623, ""redundant"": 311, ""obs_zero"": false, ""frame_l"": 58.3923, ""chi_bits"": 4, ""mps_l"": 25.8834, ""hsf_k"": 10, ""hsf_na"": 12, ""hsf_nb"": 13, ""hsf_l"": 29.0553, ""sup"": 4, ""chi_bits0"": 12, ""mps_l0"": 43.6178, ""hsf_keff"": 4, ""hsf_l0"": 35.0553, ""sparse_l"": 11.3219, ""sv_l"": 32.3219, ""feat_secs"": 0.013183, ""feat_secs_frame"": 0.000826, ""feat_secs_hsf"": 0.012281}"
arith,"arith:bits=12,h=2,reps=2",1,"{""bits"": 12.0, ""h"": 2.0, ""reps"": 2.0}",auto,ok,5.395441,5.4013,1211088896,0.4999999999999992,25,0.5000000000000001,8.881784197001252e-16,switched_at=Some(188) dense_qubits=25 peak_terms=4 term_visits=3 dense_ops=3288497998,"{""n"": 25, ""gates"": 160, ""g2"": 96, ""g3"": 48, ""depth2"": 122, ""t_count"": 336, ""rotations"": 336, ""d"": 25, ""dense_l"": 32.5623, ""redundant"": 311, ""obs_zero"": false, ""frame_l"": 58.3923, ""chi_bits"": 4, ""mps_l"": 25.8834, ""hsf_k"": 10, ""hsf_na"": 12, ""hsf_nb"": 13, ""hsf_l"": 29.0553, ""sup"": 4, ""chi_bits0"": 12, ""mps_l0"": 43.6178, ""hsf_keff"": 4, ""hsf_l0"": 35.0553, ""sparse_l"": 11.3219, ""sv_l"": 32.3219, ""feat_secs"": 0.013183, ""feat_secs_frame"": 0.000826, ""feat_secs_hsf"": 0.012281}"
arith,"arith:bits=12,h=2,reps=4",1,"{""bits"": 12.0, ""h"": 2.0, ""reps"": 4.0}",sv,ok,3.622733,3.6283,542048256,0.0,33554432,0.0,0.0,,"{""n"": 25, ""gates"": 304, ""g2"": 192, ""g3"": 96, ""depth2"": 244, ""t_count"": 672, ""rotations"": 672, ""d"": 25, ""dense_l"": 34.0362, ""redundant"": 647, ""obs_zero"": false, ""frame_l"": 59.3923, ""chi_bits"": 4, ""mps_l"": 27.0691, ""hsf_k"": 20, ""hsf_na"": 12, ""hsf_nb"": 13, ""hsf_l"": 33.1033, ""sup"": 4, ""chi_bits0"": 12, ""mps_l0"": 45.3113, ""hsf_keff"": 8, ""hsf_l0"": 45.1033, ""sparse_l"": 12.2479, ""sv_l"": 33.2479, ""feat_secs"": 0.014353, ""feat_secs_frame"": 0.001592, ""feat_secs_hsf"": 0.012627}"
arith,"arith:bits=12,h=2,reps=4",1,"{""bits"": 12.0, ""h"": 2.0, ""reps"": 4.0}",sparse,ok,0.000122,0.0048,1982464,0.0,16,0.0,0.0,,"{""n"": 25, ""gates"": 304, ""g2"": 192, ""g3"": 96, ""depth2"": 244, ""t_count"": 672, ""rotations"": 672, ""d"": 25, ""dense_l"": 34.0362, ""redundant"": 647, ""obs_zero"": false, ""frame_l"": 59.3923, ""chi_bits"": 4, ""mps_l"": 27.0691, ""hsf_k"": 20, ""hsf_na"": 12, ""hsf_nb"": 13, ""hsf_l"": 33.1033, ""sup"": 4, ""chi_bits0"": 12, ""mps_l0"": 45.3113, ""hsf_keff"": 8, ""hsf_l0"": 45.1033, ""sparse_l"": 12.2479, ""sv_l"": 33.2479, ""feat_secs"": 0.014353, ""feat_secs_frame"": 0.001592, ""feat_secs_hsf"": 0.012627}"
arith,"arith:bits=12,h=2,reps=4",1,"{""bits"": 12.0, ""h"": 2.0, ""reps"": 4.0}",mps,ok,0.008451,0.0151,3768320,1.859623566247136e-15,9,0.0,1.859623566247136e-15,,"{""n"": 25, ""gates"": 304, ""g2"": 192, ""g3"": 96, ""depth2"": 244, ""t_count"": 672, ""rotations"": 672, ""d"": 25, ""dense_l"": 34.0362, ""redundant"": 647, ""obs_zero"": false, ""frame_l"": 59.3923, ""chi_bits"": 4, ""mps_l"": 27.0691, ""hsf_k"": 20, ""hsf_na"": 12, ""hsf_nb"": 13, ""hsf_l"": 33.1033, ""sup"": 4, ""chi_bits0"": 12, ""mps_l0"": 45.3113, ""hsf_keff"": 8, ""hsf_l0"": 45.1033, ""sparse_l"": 12.2479, ""sv_l"": 33.2479, ""feat_secs"": 0.014353, ""feat_secs_frame"": 0.001592, ""feat_secs_hsf"": 0.012627}"
arith,"arith:bits=12,h=2,reps=4",1,"{""bits"": 12.0, ""h"": 2.0, ""reps"": 4.0}",hsf,ok,0.527254,0.5339,556023808,0.0,1048576,0.0,0.0,,"{""n"": 25, ""gates"": 304, ""g2"": 192, ""g3"": 96, ""depth2"": 244, ""t_count"": 672, ""rotations"": 672, ""d"": 25, ""dense_l"": 34.0362, ""redundant"": 647, ""obs_zero"": false, ""frame_l"": 59.3923, ""chi_bits"": 4, ""mps_l"": 27.0691, ""hsf_k"": 20, ""hsf_na"": 12, ""hsf_nb"": 13, ""hsf_l"": 33.1033, ""sup"": 4, ""chi_bits0"": 12, ""mps_l0"": 45.3113, ""hsf_keff"": 8, ""hsf_l0"": 45.1033, ""sparse_l"": 12.2479, ""sv_l"": 33.2479, ""feat_secs"": 0.014353, ""feat_secs_frame"": 0.001592, ""feat_secs_hsf"": 0.012627}"
arith,"arith:bits=12,h=2,reps=4",1,"{""bits"": 12.0, ""h"": 2.0, ""reps"": 4.0}",tableau,na,,0.0043,1867776,,,0.0,,"TooLarge { what: ""tableau (non-Clifford circuit)"", bytes: 0, limit: 0 }","{""n"": 25, ""gates"": 304, ""g2"": 192, ""g3"": 96, ""depth2"": 244, ""t_count"": 672, ""rotations"": 672, ""d"": 25, ""dense_l"": 34.0362, ""redundant"": 647, ""obs_zero"": false, ""frame_l"": 59.3923, ""chi_bits"": 4, ""mps_l"": 27.0691, ""hsf_k"": 20, ""hsf_na"": 12, ""hsf_nb"": 13, ""hsf_l"": 33.1033, ""sup"": 4, ""chi_bits0"": 12, ""mps_l0"": 45.3113, ""hsf_keff"": 8, ""hsf_l0"": 45.1033, ""sparse_l"": 12.2479, ""sv_l"": 33.2479, ""feat_secs"": 0.014353, ""feat_secs_frame"": 0.001592, ""feat_secs_hsf"": 0.012627}"
arith,"arith:bits=12,h=2,reps=4",1,"{""bits"": 12.0, ""h"": 2.0, ""reps"": 4.0}",frame,skipped,,,,,,0.0,,,"{""n"": 25, ""gates"": 304, ""g2"": 192, ""g3"": 96, ""depth2"": 244, ""t_count"": 672, ""rotations"": 672, ""d"": 25, ""dense_l"": 34.0362, ""redundant"": 647, ""obs_zero"": false, ""frame_l"": 59.3923, ""chi_bits"": 4, ""mps_l"": 27.0691, ""hsf_k"": 20, ""hsf_na"": 12, ""hsf_nb"": 13, ""hsf_l"": 33.1033, ""sup"": 4, ""chi_bits0"": 12, ""mps_l0"": 45.3113, ""hsf_keff"": 8, ""hsf_l0"": 45.1033, ""sparse_l"": 12.2479, ""sv_l"": 33.2479, ""feat_secs"": 0.014353, ""feat_secs_frame"": 0.001592, ""feat_secs_hsf"": 0.012627}"
arith,"arith:bits=12,h=2,reps=4",1,"{""bits"": 12.0, ""h"": 2.0, ""reps"": 4.0}",dense,skipped,,,,,,0.0,,,"{""n"": 25, ""gates"": 304, ""g2"": 192, ""g3"": 96, ""depth2"": 244, ""t_count"": 672, ""rotations"": 672, ""d"": 25, ""dense_l"": 34.0362, ""redundant"": 647, ""obs_zero"": false, ""frame_l"": 59.3923, ""chi_bits"": 4, ""mps_l"": 27.0691, ""hsf_k"": 20, ""hsf_na"": 12, ""hsf_nb"": 13, ""hsf_l"": 33.1033, ""sup"": 4, ""chi_bits0"": 12, ""mps_l0"": 45.3113, ""hsf_keff"": 8, ""hsf_l0"": 45.1033, ""sparse_l"": 12.2479, ""sv_l"": 33.2479, ""feat_secs"": 0.014353, ""feat_secs_frame"": 0.001592, ""feat_secs_hsf"": 0.012627}"
arith,"arith:bits=12,h=2,reps=4",1,"{""bits"": 12.0, ""h"": 2.0, ""reps"": 4.0}",auto,skipped,,,,,,0.0,,,"{""n"": 25, ""gates"": 304, ""g2"": 192, ""g3"": 96, ""depth2"": 244, ""t_count"": 672, ""rotations"": 672, ""d"": 25, ""dense_l"": 34.0362, ""redundant"": 647, ""obs_zero"": false, ""frame_l"": 59.3923, ""chi_bits"": 4, ""mps_l"": 27.0691, ""hsf_k"": 20, ""hsf_na"": 12, ""hsf_nb"": 13, ""hsf_l"": 33.1033, ""sup"": 4, ""chi_bits0"": 12, ""mps_l0"": 45.3113, ""hsf_keff"": 8, ""hsf_l0"": 45.1033, ""sparse_l"": 12.2479, ""sv_l"": 33.2479, ""feat_secs"": 0.014353, ""feat_secs_frame"": 0.001592, ""feat_secs_hsf"": 0.012627}"
arith,"arith:bits=12,h=4,reps=1",1,"{""bits"": 12.0, ""h"": 4.0, ""reps"": 1.0}",sv,ok,1.159667,1.1647,541655040,-0.06250000000000001,33554432,-0.06250000000000001,0.0,,"{""n"": 25, ""gates"": 90, ""g2"": 48, ""g3"": 24, ""depth2"": 61, ""t_count"": 168, ""rotations"": 168, ""d"": 25, ""dense_l"": 30.1304, ""redundant"": 143, ""obs_zero"": false, ""frame_l"": 57.3923, ""chi_bits"": 8, ""mps_l"": 35.1142, ""hsf_k"": 5, ""hsf_na"": 12, ""hsf_nb"": 13, ""hsf_l"": 27.0314, ""sup"": 8, ""chi_bits0"": 12, ""mps_l0"": 42.0962, ""hsf_keff"": 2, ""hsf_l0"": 30.0314, ""sparse_l"": 14.4919, ""sv_l"": 31.4919, ""feat_secs"": 0.010438, ""feat_secs_frame"": 0.000447, ""feat_secs_hsf"": 0.009938}"
arith,"arith:bits=12,h=4,reps=1",1,"{""bits"": 12.0, ""h"": 4.0, ""reps"": 1.0}",sparse,ok,0.000315,0.0068,2080768,-0.06250000000000001,256,-0.06250000000000001,0.0,,"{""n"": 25, ""gates"": 90, ""g2"": 48, ""g3"": 24, ""depth2"": 61, ""t_count"": 168, ""rotations"": 168, ""d"": 25, ""dense_l"": 30.1304, ""redundant"": 143, ""obs_zero"": false, ""frame_l"": 57.3923, ""chi_bits"": 8, ""mps_l"": 35.1142, ""hsf_k"": 5, ""hsf_na"": 12, ""hsf_nb"": 13, ""hsf_l"": 27.0314, ""sup"": 8, ""chi_bits0"": 12, ""mps_l0"": 42.0962, ""hsf_keff"": 2, ""hsf_l0"": 30.0314, ""sparse_l"": 14.4919, ""sv_l"": 31.4919, ""feat_secs"": 0.010438, ""feat_secs_frame"": 0.000447, ""feat_secs_hsf"": 0.009938}"
arith,"arith:bits=12,h=4,reps=1",1,"{""bits"": 12.0, ""h"": 4.0, ""reps"": 1.0}",mps,ok,0.002106,0.0080,3096576,-0.06249999999999935,3,-0.06250000000000001,6.661338147750939e-16,,"{""n"": 25, ""gates"": 90, ""g2"": 48, ""g3"": 24, ""depth2"": 61, ""t_count"": 168, ""rotations"": 168, ""d"": 25, ""dense_l"": 30.1304, ""redundant"": 143, ""obs_zero"": false, ""frame_l"": 57.3923, ""chi_bits"": 8, ""mps_l"": 35.1142, ""hsf_k"": 5, ""hsf_na"": 12, ""hsf_nb"": 13, ""hsf_l"": 27.0314, ""sup"": 8, ""chi_bits0"": 12, ""mps_l0"": 42.0962, ""hsf_keff"": 2, ""hsf_l0"": 30.0314, ""sparse_l"": 14.4919, ""sv_l"": 31.4919, ""feat_secs"": 0.010438, ""feat_secs_frame"": 0.000447, ""feat_secs_hsf"": 0.009938}"
arith,"arith:bits=12,h=4,reps=1",1,"{""bits"": 12.0, ""h"": 4.0, ""reps"": 1.0}",hsf,ok,0.138446,0.1432,546619392,-0.06250000000000001,32,-0.06250000000000001,0.0,,"{""n"": 25, ""gates"": 90, ""g2"": 48, ""g3"": 24, ""depth2"": 61, ""t_count"": 168, ""rotations"": 168, ""d"": 25, ""dense_l"": 30.1304, ""redundant"": 143, ""obs_zero"": false, ""frame_l"": 57.3923, ""chi_bits"": 8, ""mps_l"": 35.1142, ""hsf_k"": 5, ""hsf_na"": 12, ""hsf_nb"": 13, ""hsf_l"": 27.0314, ""sup"": 8, ""chi_bits0"": 12, ""mps_l0"": 42.0962, ""hsf_keff"": 2, ""hsf_l0"": 30.0314, ""sparse_l"": 14.4919, ""sv_l"": 31.4919, ""feat_secs"": 0.010438, ""feat_secs_frame"": 0.000447, ""feat_secs_hsf"": 0.009938}"
arith,"arith:bits=12,h=4,reps=1",1,"{""bits"": 12.0, ""h"": 4.0, ""reps"": 1.0}",tableau,na,,0.0075,1818624,,,-0.06250000000000001,,"TooLarge { what: ""tableau (non-Clifford circuit)"", bytes: 0, limit: 0 }","{""n"": 25, ""gates"": 90, ""g2"": 48, ""g3"": 24, ""depth2"": 61, ""t_count"": 168, ""rotations"": 168, ""d"": 25, ""dense_l"": 30.1304, ""redundant"": 143, ""obs_zero"": false, ""frame_l"": 57.3923, ""chi_bits"": 8, ""mps_l"": 35.1142, ""hsf_k"": 5, ""hsf_na"": 12, ""hsf_nb"": 13, ""hsf_l"": 27.0314, ""sup"": 8, ""chi_bits0"": 12, ""mps_l0"": 42.0962, ""hsf_keff"": 2, ""hsf_l0"": 30.0314, ""sparse_l"": 14.4919, ""sv_l"": 31.4919, ""feat_secs"": 0.010438, ""feat_secs_frame"": 0.000447, ""feat_secs_hsf"": 0.009938}"
arith,"arith:bits=12,h=4,reps=1",1,"{""bits"": 12.0, ""h"": 4.0, ""reps"": 1.0}",frame,ok,0.007151,0.0129,3129344,-0.0625,1024,-0.06250000000000001,1.3877787807814457e-17,switched_at=None dense_qubits=0 peak_terms=1024 term_visits=37018 dense_ops=0,"{""n"": 25, ""gates"": 90, ""g2"": 48, ""g3"": 24, ""depth2"": 61, ""t_count"": 168, ""rotations"": 168, ""d"": 25, ""dense_l"": 30.1304, ""redundant"": 143, ""obs_zero"": false, ""frame_l"": 57.3923, ""chi_bits"": 8, ""mps_l"": 35.1142, ""hsf_k"": 5, ""hsf_na"": 12, ""hsf_nb"": 13, ""hsf_l"": 27.0314, ""sup"": 8, ""chi_bits0"": 12, ""mps_l0"": 42.0962, ""hsf_keff"": 2, ""hsf_l0"": 30.0314, ""sparse_l"": 14.4919, ""sv_l"": 31.4919, ""feat_secs"": 0.010438, ""feat_secs_frame"": 0.000447, ""feat_secs_hsf"": 0.009938}"
arith,"arith:bits=12,h=4,reps=1",1,"{""bits"": 12.0, ""h"": 4.0, ""reps"": 1.0}",dense,ok,2.465599,2.4728,1210957824,-0.06249999999999988,25,-0.06250000000000001,1.3183898417423734e-16,switched_at=Some(128) dense_qubits=25 peak_terms=1 term_visits=0 dense_ops=705426750,"{""n"": 25, ""gates"": 90, ""g2"": 48, ""g3"": 24, ""depth2"": 61, ""t_count"": 168, ""rotations"": 168, ""d"": 25, ""dense_l"": 30.1304, ""redundant"": 143, ""obs_zero"": false, ""frame_l"": 57.3923, ""chi_bits"": 8, ""mps_l"": 35.1142, ""hsf_k"": 5, ""hsf_na"": 12, ""hsf_nb"": 13, ""hsf_l"": 27.0314, ""sup"": 8, ""chi_bits0"": 12, ""mps_l0"": 42.0962, ""hsf_keff"": 2, ""hsf_l0"": 30.0314, ""sparse_l"": 14.4919, ""sv_l"": 31.4919, ""feat_secs"": 0.010438, ""feat_secs_frame"": 0.000447, ""feat_secs_hsf"": 0.009938}"
arith,"arith:bits=12,h=4,reps=1",1,"{""bits"": 12.0, ""h"": 4.0, ""reps"": 1.0}",auto,ok,2.246293,2.2514,1211023360,-0.06249999999999988,25,-0.06250000000000001,1.3183898417423734e-16,switched_at=Some(126) dense_qubits=25 peak_terms=4 term_visits=3 dense_ops=738981182,"{""n"": 25, ""gates"": 90, ""g2"": 48, ""g3"": 24, ""depth2"": 61, ""t_count"": 168, ""rotations"": 168, ""d"": 25, ""dense_l"": 30.1304, ""redundant"": 143, ""obs_zero"": false, ""frame_l"": 57.3923, ""chi_bits"": 8, ""mps_l"": 35.1142, ""hsf_k"": 5, ""hsf_na"": 12, ""hsf_nb"": 13, ""hsf_l"": 27.0314, ""sup"": 8, ""chi_bits0"": 12, ""mps_l0"": 42.0962, ""hsf_keff"": 2, ""hsf_l0"": 30.0314, ""sparse_l"": 14.4919, ""sv_l"": 31.4919, ""feat_secs"": 0.010438, ""feat_secs_frame"": 0.000447, ""feat_secs_hsf"": 0.009938}"
arith,"arith:bits=12,h=4,reps=2",1,"{""bits"": 12.0, ""h"": 4.0, ""reps"": 2.0}",sv,ok,1.981137,1.9865,541786112,-0.06250000000000001,33554432,-0.06250000000000001,0.0,,"{""n"": 25, ""gates"": 162, ""g2"": 96, ""g3"": 48, ""depth2"": 122, ""t_count"": 336, ""rotations"": 336, ""d"": 25, ""dense_l"": 32.6655, ""redundant"": 311, ""obs_zero"": false, ""frame_l"": 58.3923, ""chi_bits"": 8, ""mps_l"": 36.265, ""hsf_k"": 10, ""hsf_na"": 12, ""hsf_nb"": 13, ""hsf_l"": 29.056, ""sup"": 8, ""chi_bits0"": 12, ""mps_l0"": 43.6178, ""hsf_keff"": 4, ""hsf_l0"": 35.056, ""sparse_l"": 15.3399, ""sv_l"": 32.3399, ""feat_secs"": 0.013946, ""feat_secs_frame"": 0.000861, ""feat_secs_hsf"": 0.012992}"
arith,"arith:bits=12,h=4,reps=2",1,"{""bits"": 12.0, ""h"": 4.0, ""reps"": 2.0}",sparse,ok,0.000595,0.0075,2113536,-0.06250000000000001,256,-0.06250000000000001,0.0,,"{""n"": 25, ""gates"": 162, ""g2"": 96, ""g3"": 48, ""depth2"": 122, ""t_count"": 336, ""rotations"": 336, ""d"": 25, ""dense_l"": 32.6655, ""redundant"": 311, ""obs_zero"": false, ""frame_l"": 58.3923, ""chi_bits"": 8, ""mps_l"": 36.265, ""hsf_k"": 10, ""hsf_na"": 12, ""hsf_nb"": 13, ""hsf_l"": 29.056, ""sup"": 8, ""chi_bits0"": 12, ""mps_l0"": 43.6178, ""hsf_keff"": 4, ""hsf_l0"": 35.056, ""sparse_l"": 15.3399, ""sv_l"": 32.3399, ""feat_secs"": 0.013946, ""feat_secs_frame"": 0.000861, ""feat_secs_hsf"": 0.012992}"
arith,"arith:bits=12,h=4,reps=2",1,"{""bits"": 12.0, ""h"": 4.0, ""reps"": 2.0}",mps,ok,0.00455,0.0104,3194880,-0.06249999999999698,4,-0.06250000000000001,3.0322966360074588e-15,,"{""n"": 25, ""gates"": 162, ""g2"": 96, ""g3"": 48, ""depth2"": 122, ""t_count"": 336, ""rotations"": 336, ""d"": 25, ""dense_l"": 32.6655, ""redundant"": 311, ""obs_zero"": false, ""frame_l"": 58.3923, ""chi_bits"": 8, ""mps_l"": 36.265, ""hsf_k"": 10, ""hsf_na"": 12, ""hsf_nb"": 13, ""hsf_l"": 29.056, ""sup"": 8, ""chi_bits0"": 12, ""mps_l0"": 43.6178, ""hsf_keff"": 4, ""hsf_l0"": 35.056, ""sparse_l"": 15.3399, ""sv_l"": 32.3399, ""feat_secs"": 0.013946, ""feat_secs_frame"": 0.000861, ""feat_secs_hsf"": 0.012992}"
arith,"arith:bits=12,h=4,reps=2",1,"{""bits"": 12.0, ""h"": 4.0, ""reps"": 2.0}",hsf,ok,0.539852,0.5463,553926656,-0.06250000000000001,1024,-0.06250000000000001,0.0,,"{""n"": 25, ""gates"": 162, ""g2"": 96, ""g3"": 48, ""depth2"": 122, ""t_count"": 336, ""rotations"": 336, ""d"": 25, ""dense_l"": 32.6655, ""redundant"": 311, ""obs_zero"": false, ""frame_l"": 58.3923, ""chi_bits"": 8, ""mps_l"": 36.265, ""hsf_k"": 10, ""hsf_na"": 12, ""hsf_nb"": 13, ""hsf_l"": 29.056, ""sup"": 8, ""chi_bits0"": 12, ""mps_l0"": 43.6178, ""hsf_keff"": 4, ""hsf_l0"": 35.056, ""sparse_l"": 15.3399, ""sv_l"": 32.3399, ""feat_secs"": 0.013946, ""feat_secs_frame"": 0.000861, ""feat_secs_hsf"": 0.012992}"
arith,"arith:bits=12,h=4,reps=2",1,"{""bits"": 12.0, ""h"": 4.0, ""reps"": 2.0}",tableau,na,,0.0049,1835008,,,-0.06250000000000001,,"TooLarge { what: ""tableau (non-Clifford circuit)"", bytes: 0, limit: 0 }","{""n"": 25, ""gates"": 162, ""g2"": 96, ""g3"": 48, ""depth2"": 122, ""t_count"": 336, ""rotations"": 336, ""d"": 25, ""dense_l"": 32.6655, ""redundant"": 311, ""obs_zero"": false, ""frame_l"": 58.3923, ""chi_bits"": 8, ""mps_l"": 36.265, ""hsf_k"": 10, ""hsf_na"": 12, ""hsf_nb"": 13, ""hsf_l"": 29.056, ""sup"": 8, ""chi_bits0"": 12, ""mps_l0"": 43.6178, ""hsf_keff"": 4, ""hsf_l0"": 35.056, ""sparse_l"": 15.3399, ""sv_l"": 32.3399, ""feat_secs"": 0.013946, ""feat_secs_frame"": 0.000861, ""feat_secs_hsf"": 0.012992}"
arith,"arith:bits=12,h=4,reps=2",1,"{""bits"": 12.0, ""h"": 4.0, ""reps"": 2.0}",frame,ok,5.913704,5.9233,820903936,-0.0625,8388608,-0.06250000000000001,1.3877787807814457e-17,switched_at=None dense_qubits=0 peak_terms=8388608 term_visits=279918993 dense_ops=0,"{""n"": 25, ""gates"": 162, ""g2"": 96, ""g3"": 48, ""depth2"": 122, ""t_count"": 336, ""rotations"": 336, ""d"": 25, ""dense_l"": 32.6655, ""redundant"": 311, ""obs_zero"": false, ""frame_l"": 58.3923, ""chi_bits"": 8, ""mps_l"": 36.265, ""hsf_k"": 10, ""hsf_na"": 12, ""hsf_nb"": 13, ""hsf_l"": 29.056, ""sup"": 8, ""chi_bits0"": 12, ""mps_l0"": 43.6178, ""hsf_keff"": 4, ""hsf_l0"": 35.056, ""sparse_l"": 15.3399, ""sv_l"": 32.3399, ""feat_secs"": 0.013946, ""feat_secs_frame"": 0.000861, ""feat_secs_hsf"": 0.012992}"
arith,"arith:bits=12,h=4,reps=2",1,"{""bits"": 12.0, ""h"": 4.0, ""reps"": 2.0}",dense,ok,7.429059,7.4361,1211105280,-0.06249999999999984,25,-0.06250000000000001,1.734723475976807e-16,switched_at=Some(190) dense_qubits=25 peak_terms=1 term_visits=0 dense_ops=3456759438,"{""n"": 25, ""gates"": 162, ""g2"": 96, ""g3"": 48, ""depth2"": 122, ""t_count"": 336, ""rotations"": 336, ""d"": 25, ""dense_l"": 32.6655, ""redundant"": 311, ""obs_zero"": false, ""frame_l"": 58.3923, ""chi_bits"": 8, ""mps_l"": 36.265, ""hsf_k"": 10, ""hsf_na"": 12, ""hsf_nb"": 13, ""hsf_l"": 29.056, ""sup"": 8, ""chi_bits0"": 12, ""mps_l0"": 43.6178, ""hsf_keff"": 4, ""hsf_l0"": 35.056, ""sparse_l"": 15.3399, ""sv_l"": 32.3399, ""feat_secs"": 0.013946, ""feat_secs_frame"": 0.000861, ""feat_secs_hsf"": 0.012992}"
arith,"arith:bits=12,h=4,reps=2",1,"{""bits"": 12.0, ""h"": 4.0, ""reps"": 2.0}",auto,ok,6.779568,6.7849,1211088896,-0.06249999999999985,25,-0.06250000000000001,1.6653345369377348e-16,switched_at=Some(188) dense_qubits=25 peak_terms=4 term_visits=3 dense_ops=3490313870,"{""n"": 25, ""gates"": 162, ""g2"": 96, ""g3"": 48, ""depth2"": 122, ""t_count"": 336, ""rotations"": 336, ""d"": 25, ""dense_l"": 32.6655, ""redundant"": 311, ""obs_zero"": false, ""frame_l"": 58.3923, ""chi_bits"": 8, ""mps_l"": 36.265, ""hsf_k"": 10, ""hsf_na"": 12, ""hsf_nb"": 13, ""hsf_l"": 29.056, ""sup"": 8, ""chi_bits0"": 12, ""mps_l0"": 43.6178, ""hsf_keff"": 4, ""hsf_l0"": 35.056, ""sparse_l"": 15.3399, ""sv_l"": 32.3399, ""feat_secs"": 0.013946, ""feat_secs_frame"": 0.000861, ""feat_secs_hsf"": 0.012992}"
arith,"arith:bits=12,h=4,reps=4",1,"{""bits"": 12.0, ""h"": 4.0, ""reps"": 4.0}",sv,ok,3.637875,3.6424,542015488,0.02343750000000001,33554432,0.02343750000000001,0.0,,"{""n"": 25, ""gates"": 306, ""g2"": 192, ""g3"": 96, ""depth2"": 244, ""t_count"": 672, ""rotations"": 672, ""d"": 25, ""dense_l"": 34.0742, ""redundant"": 647, ""obs_zero"": false, ""frame_l"": 59.3923, ""chi_bits"": 8, ""mps_l"": 37.8474, ""hsf_k"": 20, ""hsf_na"": 12, ""hsf_nb"": 13, ""hsf_l"": 33.1039, ""sup"": 8, ""chi_bits0"": 12, ""mps_l0"": 45.3113, ""hsf_keff"": 8, ""hsf_l0"": 45.1039, ""sparse_l"": 16.2574, ""sv_l"": 33.2574, ""feat_secs"": 0.015879, ""feat_secs_frame"": 0.001596, ""feat_secs_hsf"": 0.014152}"
arith,"arith:bits=12,h=4,reps=4",1,"{""bits"": 12.0, ""h"": 4.0, ""reps"": 4.0}",sparse,ok,0.001281,0.0076,2146304,0.02343750000000001,256,0.02343750000000001,0.0,,"{""n"": 25, ""gates"": 306, ""g2"": 192, ""g3"": 96, ""depth2"": 244, ""t_count"": 672, ""rotations"": 672, ""d"": 25, ""dense_l"": 34.0742, ""redundant"": 647, ""obs_zero"": false, ""frame_l"": 59.3923, ""chi_bits"": 8, ""mps_l"": 37.8474, ""hsf_k"": 20, ""hsf_na"": 12, ""hsf_nb"": 13, ""hsf_l"": 33.1039, ""sup"": 8, ""chi_bits0"": 12, ""mps_l0"": 45.3113, ""hsf_keff"": 8, ""hsf_l0"": 45.1039, ""sparse_l"": 16.2574, ""sv_l"": 33.2574, ""feat_secs"": 0.015879, ""feat_secs_frame"": 0.001596, ""feat_secs_hsf"": 0.014152}"
arith,"arith:bits=12,h=4,reps=4",1,"{""bits"": 12.0, ""h"": 4.0, ""reps"": 4.0}",mps,ok,0.023609,0.0311,5013504,0.02343750000000167,17,0.02343750000000001,1.6583956430338276e-15,,"{""n"": 25, ""gates"": 306, ""g2"": 192, ""g3"": 96, ""depth2"": 244, ""t_count"": 672, ""rotations"": 672, ""d"": 25, ""dense_l"": 34.0742, ""redundant"": 647, ""obs_zero"": false, ""frame_l"": 59.3923, ""chi_bits"": 8, ""mps_l"": 37.8474, ""hsf_k"": 20, ""hsf_na"": 12, ""hsf_nb"": 13, ""hsf_l"": 33.1039, ""sup"": 8, ""chi_bits0"": 12, ""mps_l0"": 45.3113, ""hsf_keff"": 8, ""hsf_l0"": 45.1039, ""sparse_l"": 16.2574, ""sv_l"": 33.2574, ""feat_secs"": 0.015879, ""feat_secs_frame"": 0.001596, ""feat_secs_hsf"": 0.014152}"
arith,"arith:bits=12,h=4,reps=4",1,"{""bits"": 12.0, ""h"": 4.0, ""reps"": 4.0}",hsf,ok,0.692738,0.7004,556089344,0.02343750000000001,1048576,0.02343750000000001,0.0,,"{""n"": 25, ""gates"": 306, ""g2"": 192, ""g3"": 96, ""depth2"": 244, ""t_count"": 672, ""rotations"": 672, ""d"": 25, ""dense_l"": 34.0742, ""redundant"": 647, ""obs_zero"": false, ""frame_l"": 59.3923, ""chi_bits"": 8, ""mps_l"": 37.8474, ""hsf_k"": 20, ""hsf_na"": 12, ""hsf_nb"": 13, ""hsf_l"": 33.1039, ""sup"": 8, ""chi_bits0"": 12, ""mps_l0"": 45.3113, ""hsf_keff"": 8, ""hsf_l0"": 45.1039, ""sparse_l"": 16.2574, ""sv_l"": 33.2574, ""feat_secs"": 0.015879, ""feat_secs_frame"": 0.001596, ""feat_secs_hsf"": 0.014152}"
arith,"arith:bits=12,h=4,reps=4",1,"{""bits"": 12.0, ""h"": 4.0, ""reps"": 4.0}",tableau,na,,0.0075,1867776,,,0.02343750000000001,,"TooLarge { what: ""tableau (non-Clifford circuit)"", bytes: 0, limit: 0 }","{""n"": 25, ""gates"": 306, ""g2"": 192, ""g3"": 96, ""depth2"": 244, ""t_count"": 672, ""rotations"": 672, ""d"": 25, ""dense_l"": 34.0742, ""redundant"": 647, ""obs_zero"": false, ""frame_l"": 59.3923, ""chi_bits"": 8, ""mps_l"": 37.8474, ""hsf_k"": 20, ""hsf_na"": 12, ""hsf_nb"": 13, ""hsf_l"": 33.1039, ""sup"": 8, ""chi_bits0"": 12, ""mps_l0"": 45.3113, ""hsf_keff"": 8, ""hsf_l0"": 45.1039, ""sparse_l"": 16.2574, ""sv_l"": 33.2574, ""feat_secs"": 0.015879, ""feat_secs_frame"": 0.001596, ""feat_secs_hsf"": 0.014152}"
arith,"arith:bits=12,h=4,reps=4",1,"{""bits"": 12.0, ""h"": 4.0, ""reps"": 4.0}",frame,skipped,,,,,,0.02343750000000001,,,"{""n"": 25, ""gates"": 306, ""g2"": 192, ""g3"": 96, ""depth2"": 244, ""t_count"": 672, ""rotations"": 672, ""d"": 25, ""dense_l"": 34.0742, ""redundant"": 647, ""obs_zero"": false, ""frame_l"": 59.3923, ""chi_bits"": 8, ""mps_l"": 37.8474, ""hsf_k"": 20, ""hsf_na"": 12, ""hsf_nb"": 13, ""hsf_l"": 33.1039, ""sup"": 8, ""chi_bits0"": 12, ""mps_l0"": 45.3113, ""hsf_keff"": 8, ""hsf_l0"": 45.1039, ""sparse_l"": 16.2574, ""sv_l"": 33.2574, ""feat_secs"": 0.015879, ""feat_secs_frame"": 0.001596, ""feat_secs_hsf"": 0.014152}"
arith,"arith:bits=12,h=4,reps=4",1,"{""bits"": 12.0, ""h"": 4.0, ""reps"": 4.0}",dense,skipped,,,,,,0.02343750000000001,,,"{""n"": 25, ""gates"": 306, ""g2"": 192, ""g3"": 96, ""depth2"": 244, ""t_count"": 672, ""rotations"": 672, ""d"": 25, ""dense_l"": 34.0742, ""redundant"": 647, ""obs_zero"": false, ""frame_l"": 59.3923, ""chi_bits"": 8, ""mps_l"": 37.8474, ""hsf_k"": 20, ""hsf_na"": 12, ""hsf_nb"": 13, ""hsf_l"": 33.1039, ""sup"": 8, ""chi_bits0"": 12, ""mps_l0"": 45.3113, ""hsf_keff"": 8, ""hsf_l0"": 45.1039, ""sparse_l"": 16.2574, ""sv_l"": 33.2574, ""feat_secs"": 0.015879, ""feat_secs_frame"": 0.001596, ""feat_secs_hsf"": 0.014152}"
arith,"arith:bits=12,h=4,reps=4",1,"{""bits"": 12.0, ""h"": 4.0, ""reps"": 4.0}",auto,skipped,,,,,,0.02343750000000001,,,"{""n"": 25, ""gates"": 306, ""g2"": 192, ""g3"": 96, ""depth2"": 244, ""t_count"": 672, ""rotations"": 672, ""d"": 25, ""dense_l"": 34.0742, ""redundant"": 647, ""obs_zero"": false, ""frame_l"": 59.3923, ""chi_bits"": 8, ""mps_l"": 37.8474, ""hsf_k"": 20, ""hsf_na"": 12, ""hsf_nb"": 13, ""hsf_l"": 33.1039, ""sup"": 8, ""chi_bits0"": 12, ""mps_l0"": 45.3113, ""hsf_keff"": 8, ""hsf_l0"": 45.1039, ""sparse_l"": 16.2574, ""sv_l"": 33.2574, ""feat_secs"": 0.015879, ""feat_secs_frame"": 0.001596, ""feat_secs_hsf"": 0.014152}"
arith,"arith:bits=12,h=6,reps=1",1,"{""bits"": 12.0, ""h"": 6.0, ""reps"": 1.0}",sv,ok,1.209545,1.2155,541671424,1.301042606982605e-18,33554432,1.301042606982605e-18,0.0,,"{""n"": 25, ""gates"": 91, ""g2"": 48, ""g3"": 24, ""depth2"": 61, ""t_count"": 168, ""rotations"": 168, ""d"": 25, ""dense_l"": 30.6179, ""redundant"": 143, ""obs_zero"": false, ""frame_l"": 57.3923, ""chi_bits"": 12, ""mps_l"": 42.0962, ""hsf_k"": 5, ""hsf_na"": 12, ""hsf_nb"": 13, ""hsf_l"": 29.0317, ""sup"": 12, ""chi_bits0"": 12, ""mps_l0"": 42.0962, ""hsf_keff"": 4, ""hsf_l0"": 30.0317, ""sparse_l"": 18.5078, ""sv_l"": 31.5078, ""feat_secs"": 0.01171, ""feat_secs_frame"": 0.000551, ""feat_secs_hsf"": 0.011091}"
arith,"arith:bits=12,h=6,reps=1",1,"{""bits"": 12.0, ""h"": 6.0, ""reps"": 1.0}",sparse,ok,0.005028,0.0130,2932736,-1.301042606982605e-18,4096,1.301042606982605e-18,2.60208521396521e-18,,"{""n"": 25, ""gates"": 91, ""g2"": 48, ""g3"": 24, ""depth2"": 61, ""t_count"": 168, ""rotations"": 168, ""d"": 25, ""dense_l"": 30.6179, ""redundant"": 143, ""obs_zero"": false, ""frame_l"": 57.3923, ""chi_bits"": 12, ""mps_l"": 42.0962, ""hsf_k"": 5, ""hsf_na"": 12, ""hsf_nb"": 13, ""hsf_l"": 29.0317, ""sup"": 12, ""chi_bits0"": 12, ""mps_l0"": 42.0962, ""hsf_keff"": 4, ""hsf_l0"": 30.0317, ""sparse_l"": 18.5078, ""sv_l"": 31.5078, ""feat_secs"": 0.01171, ""feat_secs_frame"": 0.000551, ""feat_secs_hsf"": 0.011091}"
arith,"arith:bits=12,h=6,reps=1",1,"{""bits"": 12.0, ""h"": 6.0, ""reps"": 1.0}",mps,ok,0.002711,0.0082,3145728,4.198030811863875e-16,3,1.301042606982605e-18,4.185020385794049e-16,,"{""n"": 25, ""gates"": 91, ""g2"": 48, ""g3"": 24, ""depth2"": 61, ""t_count"": 168, ""rotations"": 168, ""d"": 25, ""dense_l"": 30.6179, ""redundant"": 143, ""obs_zero"": false, ""frame_l"": 57.3923, ""chi_bits"": 12, ""mps_l"": 42.0962, ""hsf_k"": 5, ""hsf_na"": 12, ""hsf_nb"": 13, ""hsf_l"": 29.0317, ""sup"": 12, ""chi_bits0"": 12, ""mps_l0"": 42.0962, ""hsf_keff"": 4, ""hsf_l0"": 30.0317, ""sparse_l"": 18.5078, ""sv_l"": 31.5078, ""feat_secs"": 0.01171, ""feat_secs_frame"": 0.000551, ""feat_secs_hsf"": 0.011091}"
arith,"arith:bits=12,h=6,reps=1",1,"{""bits"": 12.0, ""h"": 6.0, ""reps"": 1.0}",hsf,ok,0.298381,0.3059,546684928,1.301042606982605e-18,32,1.301042606982605e-18,0.0,,"{""n"": 25, ""gates"": 91, ""g2"": 48, ""g3"": 24, ""depth2"": 61, ""t_count"": 168, ""rotations"": 168, ""d"": 25, ""dense_l"": 30.6179, ""redundant"": 143, ""obs_zero"": false, ""frame_l"": 57.3923, ""chi_bits"": 12, ""mps_l"": 42.0962, ""hsf_k"": 5, ""hsf_na"": 12, ""hsf_nb"": 13, ""hsf_l"": 29.0317, ""sup"": 12, ""chi_bits0"": 12, ""mps_l0"": 42.0962, ""hsf_keff"": 4, ""hsf_l0"": 30.0317, ""sparse_l"": 18.5078, ""sv_l"": 31.5078, ""feat_secs"": 0.01171, ""feat_secs_frame"": 0.000551, ""feat_secs_hsf"": 0.011091}"
arith,"arith:bits=12,h=6,reps=1",1,"{""bits"": 12.0, ""h"": 6.0, ""reps"": 1.0}",tableau,na,,0.0074,1818624,,,1.301042606982605e-18,,"TooLarge { what: ""tableau (non-Clifford circuit)"", bytes: 0, limit: 0 }","{""n"": 25, ""gates"": 91, ""g2"": 48, ""g3"": 24, ""depth2"": 61, ""t_count"": 168, ""rotations"": 168, ""d"": 25, ""dense_l"": 30.6179, ""redundant"": 143, ""obs_zero"": false, ""frame_l"": 57.3923, ""chi_bits"": 12, ""mps_l"": 42.0962, ""hsf_k"": 5, ""hsf_na"": 12, ""hsf_nb"": 13, ""hsf_l"": 29.0317, ""sup"": 12, ""chi_bits0"": 12, ""mps_l0"": 42.0962, ""hsf_keff"": 4, ""hsf_l0"": 30.0317, ""sparse_l"": 18.5078, ""sv_l"": 31.5078, ""feat_secs"": 0.01171, ""feat_secs_frame"": 0.000551, ""feat_secs_hsf"": 0.011091}"
arith,"arith:bits=12,h=6,reps=1",1,"{""bits"": 12.0, ""h"": 6.0, ""reps"": 1.0}",frame,ok,0.016263,0.0217,5914624,-0.0,16384,1.301042606982605e-18,1.301042606982605e-18,switched_at=None dense_qubits=0 peak_terms=16384 term_visits=434171 dense_ops=0,"{""n"": 25, ""gates"": 91, ""g2"": 48, ""g3"": 24, ""depth2"": 61, ""t_count"": 168, ""rotations"": 168, ""d"": 25, ""dense_l"": 30.6179, ""redundant"": 143, ""obs_zero"": false, ""frame_l"": 57.3923, ""chi_bits"": 12, ""mps_l"": 42.0962, ""hsf_k"": 5, ""hsf_na"": 12, ""hsf_nb"": 13, ""hsf_l"": 29.0317, ""sup"": 12, ""chi_bits0"": 12, ""mps_l0"": 42.0962, ""hsf_keff"": 4, ""hsf_l0"": 30.0317, ""sparse_l"": 18.5078, ""sv_l"": 31.5078, ""feat_secs"": 0.01171, ""feat_secs_frame"": 0.000551, ""feat_secs_hsf"": 0.011091}"
arith,"arith:bits=12,h=6,reps=1",1,"{""bits"": 12.0, ""h"": 6.0, ""reps"": 1.0}",dense,ok,3.147626,3.1536,1212055552,-2.168404344971009e-18,25,1.301042606982605e-18,3.4694469519536138e-18,switched_at=Some(128) dense_qubits=25 peak_terms=1 term_visits=0 dense_ops=976180542,"{""n"": 25, ""gates"": 91, ""g2"": 48, ""g3"": 24, ""depth2"": 61, ""t_count"": 168, ""rotations"": 168, ""d"": 25, ""dense_l"": 30.6179, ""redundant"": 143, ""obs_zero"": false, ""frame_l"": 57.3923, ""chi_bits"": 12, ""mps_l"": 42.0962, ""hsf_k"": 5, ""hsf_na"": 12, ""hsf_nb"": 13, ""hsf_l"": 29.0317, ""sup"": 12, ""chi_bits0"": 12, ""mps_l0"": 42.0962, ""hsf_keff"": 4, ""hsf_l0"": 30.0317, ""sparse_l"": 18.5078, ""sv_l"": 31.5078, ""feat_secs"": 0.01171, ""feat_secs_frame"": 0.000551, ""feat_secs_hsf"": 0.011091}"
arith,"arith:bits=12,h=6,reps=1",1,"{""bits"": 12.0, ""h"": 6.0, ""reps"": 1.0}",auto,ok,2.921397,2.9272,1212121088,-1.886426194616604e-18,25,1.301042606982605e-18,3.187468801599209e-18,switched_at=Some(126) dense_qubits=25 peak_terms=4 term_visits=3 dense_ops=1009734974,"{""n"": 25, ""gates"": 91, ""g2"": 48, ""g3"": 24, ""depth2"": 61, ""t_count"": 168, ""rotations"": 168, ""d"": 25, ""dense_l"": 30.6179, ""redundant"": 143, ""obs_zero"": false, ""frame_l"": 57.3923, ""chi_bits"": 12, ""mps_l"": 42.0962, ""hsf_k"": 5, ""hsf_na"": 12, ""hsf_nb"": 13, ""hsf_l"": 29.0317, ""sup"": 12, ""chi_bits0"": 12, ""mps_l0"": 42.0962, ""hsf_keff"": 4, ""hsf_l0"": 30.0317, ""sparse_l"": 18.5078, ""sv_l"": 31.5078, ""feat_secs"": 0.01171, ""feat_secs_frame"": 0.000551, ""feat_secs_hsf"": 0.011091}"
arith,"arith:bits=12,h=6,reps=2",1,"{""bits"": 12.0, ""h"": 6.0, ""reps"": 2.0}",sv,ok,2.046015,2.0530,541769728,3.035766082959412e-18,33554432,3.035766082959412e-18,0.0,,"{""n"": 25, ""gates"": 163, ""g2"": 96, ""g3"": 48, ""depth2"": 122, ""t_count"": 336, ""rotations"": 336, ""d"": 25, ""dense_l"": 32.7623, ""redundant"": 311, ""obs_zero"": false, ""frame_l"": 58.3923, ""chi_bits"": 12, ""mps_l"": 43.6178, ""hsf_k"": 10, ""hsf_na"": 12, ""hsf_nb"": 13, ""hsf_l"": 29.0563, ""sup"": 12, ""chi_bits0"": 12, ""mps_l0"": 43.6178, ""hsf_keff"": 4, ""hsf_l0"": 35.0563, ""sparse_l"": 19.3487, ""sv_l"": 32.3487, ""feat_secs"": 0.018394, ""feat_secs_frame"": 0.001151, ""feat_secs_hsf"": 0.017131}"
arith,"arith:bits=12,h=6,reps=2",1,"{""bits"": 12.0, ""h"": 6.0, ""reps"": 2.0}",sparse,ok,0.009716,0.0163,2932736,-4.336808689942018e-19,4096,3.035766082959412e-18,3.4694469519536138e-18,,"{""n"": 25, ""gates"": 163, ""g2"": 96, ""g3"": 48, ""depth2"": 122, ""t_count"": 336, ""rotations"": 336, ""d"": 25, ""dense_l"": 32.7623, ""redundant"": 311, ""obs_zero"": false, ""frame_l"": 58.3923, ""chi_bits"": 12, ""mps_l"": 43.6178, ""hsf_k"": 10, ""hsf_na"": 12, ""hsf_nb"": 13, ""hsf_l"": 29.0563, ""sup"": 12, ""chi_bits0"": 12, ""mps_l0"": 43.6178, ""hsf_keff"": 4, ""hsf_l0"": 35.0563, ""sparse_l"": 19.3487, ""sv_l"": 32.3487, ""feat_secs"": 0.018394, ""feat_secs_frame"": 0.001151, ""feat_secs_hsf"": 0.017131}"
arith,"arith:bits=12,h=6,reps=2",1,"{""bits"": 12.0, ""h"": 6.0, ""reps"": 2.0}",mps,ok,0.004583,0.0127,3260416,2.98372437868011e-16,4,3.035766082959412e-18,2.953366717850516e-16,,"{""n"": 25, ""gates"": 163, ""g2"": 96, ""g3"": 48, ""depth2"": 122, ""t_count"": 336, ""rotations"": 336, ""d"": 25, ""dense_l"": 32.7623, ""redundant"": 311, ""obs_zero"": false, ""frame_l"": 58.3923, ""chi_bits"": 12, ""mps_l"": 43.6178, ""hsf_k"": 10, ""hsf_na"": 12, ""hsf_nb"": 13, ""hsf_l"": 29.0563, ""sup"": 12, ""chi_bits0"": 12, ""mps_l0"": 43.6178, ""hsf_keff"": 4, ""hsf_l0"": 35.0563, ""sparse_l"": 19.3487, ""sv_l"": 32.3487, ""feat_secs"": 0.018394, ""feat_secs_frame"": 0.001151, ""feat_secs_hsf"": 0.017131}"
arith,"arith:bits=12,h=6,reps=2",1,"{""bits"": 12.0, ""h"": 6.0, ""reps"": 2.0}",hsf,ok,0.662042,0.6690,554008576,3.035766082959412e-18,1024,3.035766082959412e-18,0.0,,"{""n"": 25, ""gates"": 163, ""g2"": 96, ""g3"": 48, ""depth2"": 122, ""t_count"": 336, ""rotations"": 336, ""d"": 25, ""dense_l"": 32.7623, ""redundant"": 311, ""obs_zero"": false, ""frame_l"": 58.3923, ""chi_bits"": 12, ""mps_l"": 43.6178, ""hsf_k"": 10, ""hsf_na"": 12, ""hsf_nb"": 13, ""hsf_l"": 29.0563, ""sup"": 12, ""chi_bits0"": 12, ""mps_l0"": 43.6178, ""hsf_keff"": 4, ""hsf_l0"": 35.0563, ""sparse_l"": 19.3487, ""sv_l"": 32.3487, ""feat_secs"": 0.018394, ""feat_secs_frame"": 0.001151, ""feat_secs_hsf"": 0.017131}"
arith,"arith:bits=12,h=6,reps=2",1,"{""bits"": 12.0, ""h"": 6.0, ""reps"": 2.0}",tableau,na,,0.0049,1851392,,,3.035766082959412e-18,,"TooLarge { what: ""tableau (non-Clifford circuit)"", bytes: 0, limit: 0 }","{""n"": 25, ""gates"": 163, ""g2"": 96, ""g3"": 48, ""depth2"": 122, ""t_count"": 336, ""rotations"": 336, ""d"": 25, ""dense_l"": 32.7623, ""redundant"": 311, ""obs_zero"": false, ""frame_l"": 58.3923, ""chi_bits"": 12, ""mps_l"": 43.6178, ""hsf_k"": 10, ""hsf_na"": 12, ""hsf_nb"": 13, ""hsf_l"": 29.0563, ""sup"": 12, ""chi_bits0"": 12, ""mps_l0"": 43.6178, ""hsf_keff"": 4, ""hsf_l0"": 35.0563, ""sparse_l"": 19.3487, ""sv_l"": 32.3487, ""feat_secs"": 0.018394, ""feat_secs_frame"": 0.001151, ""feat_secs_hsf"": 0.017131}"
arith,"arith:bits=12,h=6,reps=2",1,"{""bits"": 12.0, ""h"": 6.0, ""reps"": 2.0}",frame,ok,6.574886,6.5859,876101632,-0.0,8388608,3.035766082959412e-18,3.035766082959412e-18,switched_at=None dense_qubits=0 peak_terms=8388608 term_visits=308591416 dense_ops=0,"{""n"": 25, ""gates"": 163, ""g2"": 96, ""g3"": 48, ""depth2"": 122, ""t_count"": 336, ""rotations"": 336, ""d"": 25, ""dense_l"": 32.7623, ""redundant"": 311, ""obs_zero"": false, ""frame_l"": 58.3923, ""chi_bits"": 12, ""mps_l"": 43.6178, ""hsf_k"": 10, ""hsf_na"": 12, ""hsf_nb"": 13, ""hsf_l"": 29.0563, ""sup"": 12, ""chi_bits0"": 12, ""mps_l0"": 43.6178, ""hsf_keff"": 4, ""hsf_l0"": 35.0563, ""sparse_l"": 19.3487, ""sv_l"": 32.3487, ""feat_secs"": 0.018394, ""feat_secs_frame"": 0.001151, ""feat_secs_hsf"": 0.017131}"
arith,"arith:bits=12,h=6,reps=2",1,"{""bits"": 12.0, ""h"": 6.0, ""reps"": 2.0}",dense,ok,8.176847,8.1836,1212137472,1.994931997373328e-17,25,3.035766082959412e-18,1.6913553890773866e-17,switched_at=Some(190) dense_qubits=25 peak_terms=1 term_visits=0 dense_ops=3660016270,"{""n"": 25, ""gates"": 163, ""g2"": 96, ""g3"": 48, ""depth2"": 122, ""t_count"": 336, ""rotations"": 336, ""d"": 25, ""dense_l"": 32.7623, ""redundant"": 311, ""obs_zero"": false, ""frame_l"": 58.3923, ""chi_bits"": 12, ""mps_l"": 43.6178, ""hsf_k"": 10, ""hsf_na"": 12, ""hsf_nb"": 13, ""hsf_l"": 29.0563, ""sup"": 12, ""chi_bits0"": 12, ""mps_l0"": 43.6178, ""hsf_keff"": 4, ""hsf_l0"": 35.0563, ""sparse_l"": 19.3487, ""sv_l"": 32.3487, ""feat_secs"": 0.018394, ""feat_secs_frame"": 0.001151, ""feat_secs_hsf"": 0.017131}"
arith,"arith:bits=12,h=6,reps=2",1,"{""bits"": 12.0, ""h"": 6.0, ""reps"": 2.0}",auto,ok,7.702438,7.7083,1212153856,2.51534904016637e-17,25,3.035766082959412e-18,2.2117724318704287e-17,switched_at=Some(188) dense_qubits=25 peak_terms=4 term_visits=3 dense_ops=3693570702,"{""n"": 25, ""gates"": 163, ""g2"": 96, ""g3"": 48, ""depth2"": 122, ""t_count"": 336, ""rotations"": 336, ""d"": 25, ""dense_l"": 32.7623, ""redundant"": 311, ""obs_zero"": false, ""frame_l"": 58.3923, ""chi_bits"": 12, ""mps_l"": 43.6178, ""hsf_k"": 10, ""hsf_na"": 12, ""hsf_nb"": 13, ""hsf_l"": 29.0563, ""sup"": 12, ""chi_bits0"": 12, ""mps_l0"": 43.6178, ""hsf_keff"": 4, ""hsf_l0"": 35.0563, ""sparse_l"": 19.3487, ""sv_l"": 32.3487, ""feat_secs"": 0.018394, ""feat_secs_frame"": 0.001151, ""feat_secs_hsf"": 0.017131}"
arith,"arith:bits=12,h=6,reps=4",1,"{""bits"": 12.0, ""h"": 6.0, ""reps"": 4.0}",sv,ok,3.53871,3.5448,542081024,-0.004882812500000001,33554432,-0.004882812500000001,0.0,,"{""n"": 25, ""gates"": 307, ""g2"": 192, ""g3"": 96, ""depth2"": 244, ""t_count"": 672, ""rotations"": 672, ""d"": 25, ""dense_l"": 34.1114, ""redundant"": 647, ""obs_zero"": false, ""frame_l"": 59.3923, ""chi_bits"": 12, ""mps_l"": 45.3113, ""hsf_k"": 20, ""hsf_na"": 12, ""hsf_nb"": 13, ""hsf_l"": 33.1043, ""sup"": 12, ""chi_bits0"": 12, ""mps_l0"": 45.3113, ""hsf_keff"": 8, ""hsf_l0"": 45.1043, ""sparse_l"": 20.2621, ""sv_l"": 33.2621, ""feat_secs"": 0.01877, ""feat_secs_frame"": 0.002159, ""feat_secs_hsf"": 0.016426}"
arith,"arith:bits=12,h=6,reps=4",1,"{""bits"": 12.0, ""h"": 6.0, ""reps"": 4.0}",sparse,ok,0.021379,0.0279,2965504,-0.0048828125,4096,-0.004882812500000001,8.673617379884035e-19,,"{""n"": 25, ""gates"": 307, ""g2"": 192, ""g3"": 96, ""depth2"": 244, ""t_count"": 672, ""rotations"": 672, ""d"": 25, ""dense_l"": 34.1114, ""redundant"": 647, ""obs_zero"": false, ""frame_l"": 59.3923, ""chi_bits"": 12, ""mps_l"": 45.3113, ""hsf_k"": 20, ""hsf_na"": 12, ""hsf_nb"": 13, ""hsf_l"": 33.1043, ""sup"": 12, ""chi_bits0"": 12, ""mps_l0"": 45.3113, ""hsf_keff"": 8, ""hsf_l0"": 45.1043, ""sparse_l"": 20.2621, ""sv_l"": 33.2621, ""feat_secs"": 0.01877, ""feat_secs_frame"": 0.002159, ""feat_secs_hsf"": 0.016426}"
arith,"arith:bits=12,h=6,reps=4",1,"{""bits"": 12.0, ""h"": 6.0, ""reps"": 4.0}",mps,ok,0.036587,0.0435,4898816,-0.004882812499999251,17,-0.004882812500000001,7.502679033599691e-16,,"{""n"": 25, ""gates"": 307, ""g2"": 192, ""g3"": 96, ""depth2"": 244, ""t_count"": 672, ""rotations"": 672, ""d"": 25, ""dense_l"": 34.1114, ""redundant"": 647, ""obs_zero"": false, ""frame_l"": 59.3923, ""chi_bits"": 12, ""mps_l"": 45.3113, ""hsf_k"": 20, ""hsf_na"": 12, ""hsf_nb"": 13, ""hsf_l"": 33.1043, ""sup"": 12, ""chi_bits0"": 12, ""mps_l0"": 45.3113, ""hsf_keff"": 8, ""hsf_l0"": 45.1043, ""sparse_l"": 20.2621, ""sv_l"": 33.2621, ""feat_secs"": 0.01877, ""feat_secs_frame"": 0.002159, ""feat_secs_hsf"": 0.016426}"
arith,"arith:bits=12,h=6,reps=4",1,"{""bits"": 12.0, ""h"": 6.0, ""reps"": 4.0}",hsf,ok,0.70249,0.7075,556072960,-0.004882812500000001,1048576,-0.004882812500000001,0.0,,"{""n"": 25, ""gates"": 307, ""g2"": 192, ""g3"": 96, ""depth2"": 244, ""t_count"": 672, ""rotations"": 672, ""d"": 25, ""dense_l"": 34.1114, ""redundant"": 647, ""obs_zero"": false, ""frame_l"": 59.3923, ""chi_bits"": 12, ""mps_l"": 45.3113, ""hsf_k"": 20, ""hsf_na"": 12, ""hsf_nb"": 13, ""hsf_l"": 33.1043, ""sup"": 12, ""chi_bits0"": 12, ""mps_l0"": 45.3113, ""hsf_keff"": 8, ""hsf_l0"": 45.1043, ""sparse_l"": 20.2621, ""sv_l"": 33.2621, ""feat_secs"": 0.01877, ""feat_secs_frame"": 0.002159, ""feat_secs_hsf"": 0.016426}"
arith,"arith:bits=12,h=6,reps=4",1,"{""bits"": 12.0, ""h"": 6.0, ""reps"": 4.0}",tableau,na,,0.0048,1867776,,,-0.004882812500000001,,"TooLarge { what: ""tableau (non-Clifford circuit)"", bytes: 0, limit: 0 }","{""n"": 25, ""gates"": 307, ""g2"": 192, ""g3"": 96, ""depth2"": 244, ""t_count"": 672, ""rotations"": 672, ""d"": 25, ""dense_l"": 34.1114, ""redundant"": 647, ""obs_zero"": false, ""frame_l"": 59.3923, ""chi_bits"": 12, ""mps_l"": 45.3113, ""hsf_k"": 20, ""hsf_na"": 12, ""hsf_nb"": 13, ""hsf_l"": 33.1043, ""sup"": 12, ""chi_bits0"": 12, ""mps_l0"": 45.3113, ""hsf_keff"": 8, ""hsf_l0"": 45.1043, ""sparse_l"": 20.2621, ""sv_l"": 33.2621, ""feat_secs"": 0.01877, ""feat_secs_frame"": 0.002159, ""feat_secs_hsf"": 0.016426}"
arith,"arith:bits=12,h=6,reps=4",1,"{""bits"": 12.0, ""h"": 6.0, ""reps"": 4.0}",frame,skipped,,,,,,-0.004882812500000001,,,"{""n"": 25, ""gates"": 307, ""g2"": 192, ""g3"": 96, ""depth2"": 244, ""t_count"": 672, ""rotations"": 672, ""d"": 25, ""dense_l"": 34.1114, ""redundant"": 647, ""obs_zero"": false, ""frame_l"": 59.3923, ""chi_bits"": 12, ""mps_l"": 45.3113, ""hsf_k"": 20, ""hsf_na"": 12, ""hsf_nb"": 13, ""hsf_l"": 33.1043, ""sup"": 12, ""chi_bits0"": 12, ""mps_l0"": 45.3113, ""hsf_keff"": 8, ""hsf_l0"": 45.1043, ""sparse_l"": 20.2621, ""sv_l"": 33.2621, ""feat_secs"": 0.01877, ""feat_secs_frame"": 0.002159, ""feat_secs_hsf"": 0.016426}"
arith,"arith:bits=12,h=6,reps=4",1,"{""bits"": 12.0, ""h"": 6.0, ""reps"": 4.0}",dense,skipped,,,,,,-0.004882812500000001,,,"{""n"": 25, ""gates"": 307, ""g2"": 192, ""g3"": 96, ""depth2"": 244, ""t_count"": 672, ""rotations"": 672, ""d"": 25, ""dense_l"": 34.1114, ""redundant"": 647, ""obs_zero"": false, ""frame_l"": 59.3923, ""chi_bits"": 12, ""mps_l"": 45.3113, ""hsf_k"": 20, ""hsf_na"": 12, ""hsf_nb"": 13, ""hsf_l"": 33.1043, ""sup"": 12, ""chi_bits0"": 12, ""mps_l0"": 45.3113, ""hsf_keff"": 8, ""hsf_l0"": 45.1043, ""sparse_l"": 20.2621, ""sv_l"": 33.2621, ""feat_secs"": 0.01877, ""feat_secs_frame"": 0.002159, ""feat_secs_hsf"": 0.016426}"
arith,"arith:bits=12,h=6,reps=4",1,"{""bits"": 12.0, ""h"": 6.0, ""reps"": 4.0}",auto,skipped,,,,,,-0.004882812500000001,,,"{""n"": 25, ""gates"": 307, ""g2"": 192, ""g3"": 96, ""depth2"": 244, ""t_count"": 672, ""rotations"": 672, ""d"": 25, ""dense_l"": 34.1114, ""redundant"": 647, ""obs_zero"": false, ""frame_l"": 59.3923, ""chi_bits"": 12, ""mps_l"": 45.3113, ""hsf_k"": 20, ""hsf_na"": 12, ""hsf_nb"": 13, ""hsf_l"": 33.1043, ""sup"": 12, ""chi_bits0"": 12, ""mps_l0"": 45.3113, ""hsf_keff"": 8, ""hsf_l0"": 45.1043, ""sparse_l"": 20.2621, ""sv_l"": 33.2621, ""feat_secs"": 0.01877, ""feat_secs_frame"": 0.002159, ""feat_secs_hsf"": 0.016426}"
arith,"arith:bits=6,h=0,reps=1",1,"{""bits"": 6.0, ""h"": 0.0, ""reps"": 1.0}",cstate,ok,0.000174,0.0043,2031616,0.9999999999999984,11,1.0,1.5543122344752192e-15,,"{""n"": 13, ""gates"": 43, ""g2"": 24, ""g3"": 12, ""depth2"": 31, ""t_count"": 84, ""rotations"": 84, ""d"": 11, ""dense_l"": 14.829, ""redundant"": 73, ""obs_zero"": false, ""frame_l"": 28.3923, ""chi_bits"": 0, ""mps_l"": 13.2211, ""hsf_k"": 5, ""hsf_na"": 6, ""hsf_nb"": 7, ""hsf_l"": 15.7415, ""sup"": 0, ""chi_bits0"": 6, ""mps_l0"": 25.5699, ""hsf_keff"": 2, ""hsf_l0"": 18.7415, ""sparse_l"": 5.4263, ""sv_l"": 18.4263, ""feat_secs"": 0.001499, ""feat_secs_frame"": 0.000278, ""feat_secs_hsf"": 0.001175}"
arith,"arith:bits=6,h=0,reps=2",1,"{""bits"": 6.0, ""h"": 0.0, ""reps"": 2.0}",cstate,ok,0.000538,0.0044,2064384,0.9999999999999984,11,1.0,1.5543122344752192e-15,,"{""n"": 13, ""gates"": 79, ""g2"": 48, ""g3"": 24, ""depth2"": 62, ""t_count"": 168, ""rotations"": 168, ""d"": 11, ""dense_l"": 17.6178, ""redundant"": 157, ""obs_zero"": false, ""frame_l"": 29.3923, ""chi_bits"": 0, ""mps_l"": 13.7552, ""hsf_k"": 10, ""hsf_na"": 6, ""hsf_nb"": 7, ""hsf_l"": 18.1599, ""sup"": 0, ""chi_bits0"": 6, ""mps_l0"": 26.315, ""hsf_keff"": 4, ""hsf_l0"": 24.1599, ""sparse_l"": 6.3038, ""sv_l"": 19.3038, ""feat_secs"": 0.001935, ""feat_secs_frame"": 0.00048, ""feat_secs_hsf"": 0.0014}"
arith,"arith:bits=6,h=0,reps=4",1,"{""bits"": 6.0, ""h"": 0.0, ""reps"": 4.0}",cstate,ok,0.000961,0.0076,2146304,-0.9999999999999984,11,-1.0,1.5543122344752192e-15,,"{""n"": 13, ""gates"": 151, ""g2"": 96, ""g3"": 48, ""depth2"": 124, ""t_count"": 336, ""rotations"": 336, ""d"": 11, ""dense_l"": 19.0564, ""redundant"": 325, ""obs_zero"": false, ""frame_l"": 30.3923, ""chi_bits"": 0, ""mps_l"": 14.7548, ""hsf_k"": 20, ""hsf_na"": 6, ""hsf_nb"": 7, ""hsf_l"": 22.7482, ""sup"": 0, ""chi_bits0"": 6, ""mps_l0"": 27.5667, ""hsf_keff"": 8, ""hsf_l0"": 34.7482, ""sparse_l"": 7.2384, ""sv_l"": 20.2384, ""feat_secs"": 0.002173, ""feat_secs_frame"": 0.000753, ""feat_secs_hsf"": 0.001353}"
arith,"arith:bits=6,h=1,reps=1",1,"{""bits"": 6.0, ""h"": 1.0, ""reps"": 1.0}",cstate,ok,0.000351,0.0041,2146304,0.4999999999999994,13,0.5000000000000002,8.326672684688674e-16,,"{""n"": 13, ""gates"": 43, ""g2"": 24, ""g3"": 12, ""depth2"": 31, ""t_count"": 84, ""rotations"": 84, ""d"": 13, ""dense_l"": 16.8289, ""redundant"": 71, ""obs_zero"": false, ""frame_l"": 32.3923, ""chi_bits"": 2, ""mps_l"": 18.689, ""hsf_k"": 5, ""hsf_na"": 6, ""hsf_nb"": 7, ""hsf_l"": 15.7415, ""sup"": 2, ""chi_bits0"": 6, ""mps_l0"": 25.5699, ""hsf_keff"": 2, ""hsf_l0"": 18.7415, ""sparse_l"": 7.4263, ""sv_l"": 18.4263, ""feat_secs"": 0.001174, ""feat_secs_frame"": 0.000207, ""feat_secs_hsf"": 0.000935}"
arith,"arith:bits=6,h=1,reps=2",1,"{""bits"": 6.0, ""h"": 1.0, ""reps"": 2.0}",cstate,ok,0.0011,0.0073,2195456,-0.4999999999999991,13,-0.5000000000000002,1.1102230246251565e-15,,"{""n"": 13, ""gates"": 79, ""g2"": 48, ""g3"": 24, ""depth2"": 62, ""t_count"": 168, ""rotations"": 168, ""d"": 13, ""dense_l"": 19.6178, ""redundant"": 155, ""obs_zero"": false, ""frame_l"": 33.3923, ""chi_bits"": 2, ""mps_l"": 19.1957, ""hsf_k"": 10, ""hsf_na"": 6, ""hsf_nb"": 7, ""hsf_l"": 18.1599, ""sup"": 2, ""chi_bits0"": 6, ""mps_l0"": 26.315, ""hsf_keff"": 4, ""hsf_l0"": 24.1599, ""sparse_l"": 8.3038, ""sv_l"": 19.3038, ""feat_secs"": 0.001785, ""feat_secs_frame"": 0.000338, ""feat_secs_hsf"": 0.001401}"
arith,"arith:bits=6,h=1,reps=4",1,"{""bits"": 6.0, ""h"": 1.0, ""reps"": 4.0}",cstate,ok,0.002872,0.0074,2244608,0.4999999999999992,13,0.5000000000000002,9.992007221626409e-16,,"{""n"": 13, ""gates"": 151, ""g2"": 96, ""g3"": 48, ""depth2"": 124, ""t_count"": 336, ""rotations"": 336, ""d"": 13, ""dense_l"": 21.0564, ""redundant"": 323, ""obs_zero"": false, ""frame_l"": 34.3923, ""chi_bits"": 2, ""mps_l"": 20.238, ""hsf_k"": 20, ""hsf_na"": 6, ""hsf_nb"": 7, ""hsf_l"": 22.7482, ""sup"": 2, ""chi_bits0"": 6, ""mps_l0"": 27.5667, ""hsf_keff"": 8, ""hsf_l0"": 34.7482, ""sparse_l"": 9.2384, ""sv_l"": 20.2384, ""feat_secs"": 0.002275, ""feat_secs_frame"": 0.000747, ""feat_secs_hsf"": 0.001459}"
arith,"arith:bits=6,h=2,reps=1",1,"{""bits"": 6.0, ""h"": 2.0, ""reps"": 1.0}",cstate,ok,0.000458,0.0067,2146304,-5.247538514829841e-17,13,0.0,5.247538514829841e-17,,"{""n"": 13, ""gates"": 44, ""g2"": 24, ""g3"": 12, ""depth2"": 31, ""t_count"": 84, ""rotations"": 84, ""d"": 13, ""dense_l"": 17.4205, ""redundant"": 71, ""obs_zero"": false, ""frame_l"": 32.3923, ""chi_bits"": 4, ""mps_l"": 23.3681, ""hsf_k"": 5, ""hsf_na"": 6, ""hsf_nb"": 7, ""hsf_l"": 15.7549, ""sup"": 4, ""chi_bits0"": 6, ""mps_l0"": 25.5699, ""hsf_keff"": 2, ""hsf_l0"": 18.7549, ""sparse_l"": 9.4594, ""sv_l"": 18.4594, ""feat_secs"": 0.001326, ""feat_secs_frame"": 0.000188, ""feat_secs_hsf"": 0.001102}"
arith,"arith:bits=6,h=2,reps=2",1,"{""bits"": 6.0, ""h"": 2.0, ""reps"": 2.0}",cstate,ok,0.001199,0.0073,2195456,-3.200564813177209e-16,13,0.0,3.200564813177209e-16,,"{""n"": 13, ""gates"": 80, ""g2"": 48, ""g3"": 24, ""depth2"": 62, ""t_count"": 168, ""rotations"": 168, ""d"": 13, ""dense_l"": 19.7199, ""redundant"": 155, ""obs_zero"": false, ""frame_l"": 33.3923, ""chi_bits"": 4, ""mps_l"": 23.9909, ""hsf_k"": 10, ""hsf_na"": 6, ""hsf_nb"": 7, ""hsf_l"": 18.1699, ""sup"": 4, ""chi_bits0"": 6, ""mps_l0"": 26.315, ""hsf_keff"": 4, ""hsf_l0"": 24.1699, ""sparse_l"": 10.3219, ""sv_l"": 19.3219, ""feat_secs"": 0.002007, ""feat_secs_frame"": 0.000422, ""feat_secs_hsf"": 0.001533}"
arith,"arith:bits=6,h=2,reps=4",1,"{""bits"": 6.0, ""h"": 2.0, ""reps"": 4.0}",cstate,ok,0.003101,0.0074,2260992,-0.2499999999999989,13,-0.2500000000000001,1.2212453270876722e-15,,"{""n"": 13, ""gates"": 152, ""g2"": 96, ""g3"": 48, ""depth2"": 124, ""t_count"": 336, ""rotations"": 336, ""d"": 13, ""dense_l"": 21.0949, ""redundant"": 323, ""obs_zero"": false, ""frame_l"": 34.3923, ""chi_bits"": 4, ""mps_l"": 25.1703, ""hsf_k"": 20, ""hsf_na"": 6, ""hsf_nb"": 7, ""hsf_l"": 22.7549, ""sup"": 4, ""chi_bits0"": 6, ""mps_l0"": 27.5667, ""hsf_keff"": 8, ""hsf_l0"": 34.7549, ""sparse_l"": 11.2479, ""sv_l"": 20.2479, ""feat_secs"": 0.002231, ""feat_secs_frame"": 0.000766, ""feat_secs_hsf"": 0.001374}"
arith,"arith:bits=6,h=4,reps=1",1,"{""bits"": 6.0, ""h"": 4.0, ""reps"": 1.0}",cstate,ok,0.000591,0.0044,2146304,-8.844546732939257e-18,13,0.0,8.844546732939257e-18,,"{""n"": 13, ""gates"": 46, ""g2"": 24, ""g3"": 12, ""depth2"": 31, ""t_count"": 84, ""rotations"": 84, ""d"": 13, ""dense_l"": 18.1864, ""redundant"": 71, ""obs_zero"": false, ""frame_l"": 32.3923, ""chi_bits"": 6, ""mps_l"": 25.5699, ""hsf_k"": 5, ""hsf_na"": 6, ""hsf_nb"": 7, ""hsf_l"": 17.7814, ""sup"": 8, ""chi_bits0"": 6, ""mps_l0"": 25.5699, ""hsf_keff"": 4, ""hsf_l0"": 18.7814, ""sparse_l"": 13.5236, ""sv_l"": 18.5236, ""feat_secs"": 0.001195, ""feat_secs_frame"": 0.000222, ""feat_secs_hsf"": 0.000943}"
arith,"arith:bits=6,h=4,reps=2",1,"{""bits"": 6.0, ""h"": 4.0, ""reps"": 2.0}",cstate,ok,0.001392,0.0073,2195456,-3.958780349407557e-19,13,-6.938893903907228e-18,6.5430158689664724e-18,,"{""n"": 13, ""gates"": 82, ""g2"": 48, ""g3"": 24, ""depth2"": 62, ""t_count"": 168, ""rotations"": 168, ""d"": 13, ""dense_l"": 19.9119, ""redundant"": 155, ""obs_zero"": false, ""frame_l"": 33.3923, ""chi_bits"": 6, ""mps_l"": 26.315, ""hsf_k"": 10, ""hsf_na"": 6, ""hsf_nb"": 7, ""hsf_l"": 20.1898, ""sup"": 8, ""chi_bits0"": 6, ""mps_l0"": 26.315, ""hsf_keff"": 6, ""hsf_l0"": 24.1898, ""sparse_l"": 14.3576, ""sv_l"": 19.3576, ""feat_secs"": 0.001962, ""feat_secs_frame"": 0.000339, ""feat_secs_hsf"": 0.001577}"
arith,"arith:bits=6,h=4,reps=4",1,"{""bits"": 6.0, ""h"": 4.0, ""reps"": 4.0}",cstate,ok,0.003168,0.0074,2260992,-0.01562499999999991,13,-0.01562500000000001,1.0061396160665481e-16,,"{""n"": 13, ""gates"": 154, ""g2"": 96, ""g3"": 48, ""depth2"": 124, ""t_count"": 336, ""rotations"": 336, ""d"": 13, ""dense_l"": 21.172, ""redundant"": 323, ""obs_zero"": false, ""frame_l"": 34.3923, ""chi_bits"": 6, ""mps_l"": 27.5667, ""hsf_k"": 20, ""hsf_na"": 6, ""hsf_nb"": 7, ""hsf_l"": 26.7682, ""sup"": 8, ""chi_bits0"": 6, ""mps_l0"": 27.5667, ""hsf_keff"": 12, ""hsf_l0"": 34.7682, ""sparse_l"": 15.2668, ""sv_l"": 20.2668, ""feat_secs"": 0.00214, ""feat_secs_frame"": 0.000646, ""feat_secs_hsf"": 0.001418}"
arith,"arith:bits=6,h=6,reps=1",1,"{""bits"": 6.0, ""h"": 6.0, ""reps"": 1.0}",cstate,ok,0.000644,0.0045,2162688,-8.310446373416726e-19,13,0.0,8.310446373416726e-19,,"{""n"": 13, ""gates"": 48, ""g2"": 24, ""g3"": 12, ""depth2"": 31, ""t_count"": 84, ""rotations"": 84, ""d"": 13, ""dense_l"": 18.6629, ""redundant"": 71, ""obs_zero"": false, ""frame_l"": 32.3923, ""chi_bits"": 6, ""mps_l"": 25.5699, ""hsf_k"": 5, ""hsf_na"": 6, ""hsf_nb"": 7, ""hsf_l"": 17.8074, ""sup"": 12, ""chi_bits0"": 6, ""mps_l0"": 25.5699, ""hsf_keff"": 4, ""hsf_l0"": 18.8074, ""sparse_l"": 17.585, ""sv_l"": 18.585, ""feat_secs"": 0.001203, ""feat_secs_frame"": 0.00025, ""feat_secs_hsf"": 0.000915}"
arith,"arith:bits=6,h=6,reps=2",1,"{""bits"": 6.0, ""h"": 6.0, ""reps"": 2.0}",cstate,ok,0.001518,0.0072,2195456,2.635086244976183e-18,13,0.0,2.635086244976183e-18,,"{""n"": 13, ""gates"": 84, ""g2"": 48, ""g3"": 24, ""depth2"": 62, ""t_count"": 168, ""rotations"": 168, ""d"": 13, ""dense_l"": 20.0732, ""redundant"": 155, ""obs_zero"": false, ""frame_l"": 33.3923, ""chi_bits"": 6, ""mps_l"": 26.315, ""hsf_k"": 10, ""hsf_na"": 6, ""hsf_nb"": 7, ""hsf_l"": 20.2095, ""sup"": 12, ""chi_bits0"": 6, ""mps_l0"": 26.315, ""hsf_keff"": 6, ""hsf_l0"": 24.2095, ""sparse_l"": 18.3923, ""sv_l"": 19.3923, ""feat_secs"": 0.002082, ""feat_secs_frame"": 0.000366, ""feat_secs_hsf"": 0.00166}"
arith,"arith:bits=6,h=6,reps=4",1,"{""bits"": 6.0, ""h"": 6.0, ""reps"": 4.0}",cstate,ok,0.003906,0.0074,2260992,-5.860065990582281e-18,13,0.0,5.860065990582281e-18,,"{""n"": 13, ""gates"": 156, ""g2"": 96, ""g3"": 48, ""depth2"": 124, ""t_count"": 336, ""rotations"": 336, ""d"": 13, ""dense_l"": 21.2416, ""redundant"": 323, ""obs_zero"": false, ""frame_l"": 34.3923, ""chi_bits"": 6, ""mps_l"": 27.5667, ""hsf_k"": 20, ""hsf_na"": 6, ""hsf_nb"": 7, ""hsf_l"": 26.7814, ""sup"": 12, ""chi_bits0"": 6, ""mps_l0"": 27.5667, ""hsf_keff"": 12, ""hsf_l0"": 34.7814, ""sparse_l"": 19.2854, ""sv_l"": 20.2854, ""feat_secs"": 0.002146, ""feat_secs_frame"": 0.000668, ""feat_secs_hsf"": 0.001407}"
arith,"arith:bits=8,h=0,reps=1",1,"{""bits"": 8.0, ""h"": 0.0, ""reps"": 1.0}",cstate,ok,0.001181,0.0071,3047424,-0.9999999999999982,15,-1.0,1.7763568394002505e-15,,"{""n"": 17, ""gates"": 58, ""g2"": 32, ""g3"": 16, ""depth2"": 41, ""t_count"": 112, ""rotations"": 112, ""d"": 15, ""dense_l"": 18.8129, ""redundant"": 97, ""obs_zero"": false, ""frame_l"": 36.8074, ""chi_bits"": 0, ""mps_l"": 13.6762, ""hsf_k"": 5, ""hsf_na"": 8, ""hsf_nb"": 9, ""hsf_l"": 19.2946, ""sup"": 0, ""chi_bits0"": 8, ""mps_l0"": 31.193, ""hsf_keff"": 2, ""hsf_l0"": 22.2946, ""sparse_l"": 5.858, ""sv_l"": 22.858, ""feat_secs"": 0.002797, ""feat_secs_frame"": 0.000426, ""feat_secs_hsf"": 0.002322}"
arith,"arith:bits=8,h=0,reps=2",1,"{""bits"": 8.0, ""h"": 0.0, ""reps"": 2.0}",cstate,ok,0.006547,0.0107,3145728,-0.9999999999999984,15,-1.0,1.5543122344752192e-15,,"{""n"": 17, ""gates"": 106, ""g2"": 64, ""g3"": 32, ""depth2"": 82, ""t_count"": 224, ""rotations"": 224, ""d"": 15, ""dense_l"": 21.9779, ""redundant"": 209, ""obs_zero"": false, ""frame_l"": 37.8074, ""chi_bits"": 0, ""mps_l"": 14.198, ""hsf_k"": 10, ""hsf_na"": 8, ""hsf_nb"": 9, ""hsf_l"": 21.4998, ""sup"": 0, ""chi_bits0"": 8, ""mps_l0"": 32.1003, ""hsf_keff"": 4, ""hsf_l0"": 27.4998, ""sparse_l"": 6.7279, ""sv_l"": 23.7279, ""feat_secs"": 0.003664, ""feat_secs_frame"": 0.000533, ""feat_secs_hsf"": 0.00308}"
arith,"arith:bits=8,h=0,reps=4",1,"{""bits"": 8.0, ""h"": 0.0, ""reps"": 4.0}",cstate,ok,0.019852,0.0251,3276800,0.9999999999999984,15,1.0,1.5543122344752192e-15,,"{""n"": 17, ""gates"": 202, ""g2"": 128, ""g3"": 64, ""depth2"": 164, ""t_count"": 448, ""rotations"": 448, ""d"": 15, ""dense_l"": 23.4514, ""redundant"": 433, ""obs_zero"": false, ""frame_l"": 38.8074, ""chi_bits"": 0, ""mps_l"": 15.1976, ""hsf_k"": 20, ""hsf_na"": 8, ""hsf_nb"": 9, ""hsf_l"": 25.8392, ""sup"": 0, ""chi_bits0"": 8, ""mps_l0"": 33.4789, ""hsf_keff"": 8, ""hsf_l0"": 37.8392, ""sparse_l"": 7.6582, ""sv_l"": 24.6582, ""feat_secs"": 0.004449, ""feat_secs_frame"": 0.001046, ""feat_secs_hsf"": 0.003317}"
arith,"arith:bits=8,h=1,reps=1",1,"{""bits"": 8.0, ""h"": 1.0, ""reps"": 1.0}",cstate,ok,0.005919,0.0099,5947392,-0.4999999999999993,17,-0.5000000000000002,9.43689570931383e-16,,"{""n"": 17, ""gates"": 58, ""g2"": 32, ""g3"": 16, ""depth2"": 41, ""t_count"": 112, ""rotations"": 112, ""d"": 17, ""dense_l"": 20.8129, ""redundant"": 95, ""obs_zero"": false, ""frame_l"": 40.8074, ""chi_bits"": 2, ""mps_l"": 19.2537, ""hsf_k"": 5, ""hsf_na"": 8, ""hsf_nb"": 9, ""hsf_l"": 19.2946, ""sup"": 2, ""chi_bits0"": 8, ""mps_l0"": 31.193, ""hsf_keff"": 2, ""hsf_l0"": 22.2946, ""sparse_l"": 7.858, ""sv_l"": 22.858, ""feat_secs"": 0.002557, ""feat_secs_frame"": 0.000263, ""feat_secs_hsf"": 0.00226}"
arith,"arith:bits=8,h=1,reps=2",1,"{""bits"": 8.0, ""h"": 1.0, ""reps"": 2.0}",cstate,ok,0.040429,0.0451,6094848,-0.4999999999999992,17,-0.5000000000000002,9.992007221626409e-16,,"{""n"": 17, ""gates"": 106, ""g2"": 64, ""g3"": 32, ""depth2"": 82, ""t_count"": 224, ""rotations"": 224, ""d"": 17, ""dense_l"": 23.9779, ""redundant"": 207, ""obs_zero"": false, ""frame_l"": 41.8074, ""chi_bits"": 2, ""mps_l"": 19.7595, ""hsf_k"": 10, ""hsf_na"": 8, ""hsf_nb"": 9, ""hsf_l"": 21.4998, ""sup"": 2, ""chi_bits0"": 8, ""mps_l0"": 32.1003, ""hsf_keff"": 4, ""hsf_l0"": 27.4998, ""sparse_l"": 8.7279, ""sv_l"": 23.7279, ""feat_secs"": 0.003603, ""feat_secs_frame"": 0.000503, ""feat_secs_hsf"": 0.003048}"
arith,"arith:bits=8,h=1,reps=4",1,"{""bits"": 8.0, ""h"": 1.0, ""reps"": 4.0}",cstate,ok,0.111315,0.1174,6225920,-5.551115123125783e-17,17,0.0,5.551115123125783e-17,,"{""n"": 17, ""gates"": 202, ""g2"": 128, ""g3"": 64, ""depth2"": 164, ""t_count"": 448, ""rotations"": 448, ""d"": 17, ""dense_l"": 25.4514, ""redundant"": 431, ""obs_zero"": false, ""frame_l"": 42.8074, ""chi_bits"": 2, ""mps_l"": 20.802, ""hsf_k"": 20, ""hsf_na"": 8, ""hsf_nb"": 9, ""hsf_l"": 25.8392, ""sup"": 2, ""chi_bits0"": 8, ""mps_l0"": 33.4789, ""hsf_keff"": 8, ""hsf_l0"": 37.8392, ""sparse_l"": 9.6582, ""sv_l"": 24.6582, ""feat_secs"": 0.004131, ""feat_secs_frame"": 0.000979, ""feat_secs_hsf"": 0.003067}"
arith,"arith:bits=8,h=2,reps=1",1,"{""bits"": 8.0, ""h"": 2.0, ""reps"": 1.0}",cstate,ok,0.010844,0.0160,7503872,-7.632783294297951e-17,17,0.0,7.632783294297951e-17,,"{""n"": 17, ""gates"": 59, ""g2"": 32, ""g3"": 16, ""depth2"": 41, ""t_count"": 112, ""rotations"": 112, ""d"": 17, ""dense_l"": 21.3997, ""redundant"": 95, ""obs_zero"": false, ""frame_l"": 40.8074, ""chi_bits"": 4, ""mps_l"": 24.2956, ""hsf_k"": 5, ""hsf_na"": 8, ""hsf_nb"": 9, ""hsf_l"": 19.2992, ""sup"": 4, ""chi_bits0"": 8, ""mps_l0"": 31.193, ""hsf_keff"": 2, ""hsf_l0"": 22.2992, ""sparse_l"": 9.8826, ""sv_l"": 22.8826, ""feat_secs"": 0.002524, ""feat_secs_frame"": 0.000268, ""feat_secs_hsf"": 0.002223}"
arith,"arith:bits=8,h=2,reps=2",1,"{""bits"": 8.0, ""h"": 2.0, ""reps"": 2.0}",cstate,ok,0.041956,0.0466,8503296,-7.494005416219807e-16,17,0.0,7.494005416219807e-16,,"{""n"": 17, ""gates"": 107, ""g2"": 64, ""g3"": 32, ""depth2"": 82, ""t_count"": 224, ""rotations"": 224, ""d"": 17, ""dense_l"": 24.0565, ""redundant"": 207, ""obs_zero"": false, ""frame_l"": 41.8074, ""chi_bits"": 4, ""mps_l"": 24.9201, ""hsf_k"": 10, ""hsf_na"": 8, ""hsf_nb"": 9, ""hsf_l"": 21.5038, ""sup"": 4, ""chi_bits0"": 8, ""mps_l0"": 32.1003, ""hsf_keff"": 4, ""hsf_l0"": 27.5038, ""sparse_l"": 10.7415, ""sv_l"": 23.7415, ""feat_secs"": 0.003674, ""feat_secs_frame"": 0.000498, ""feat_secs_hsf"": 0.003126}"
arith,"arith:bits=8,h=2,reps=4",1,"{""bits"": 8.0, ""h"": 2.0, ""reps"": 4.0}",cstate,ok,0.101329,0.1077,8601600,-0.2499999999999988,17,-0.2500000000000001,1.304512053934559e-15,,"{""n"": 17, ""gates"": 203, ""g2"": 128, ""g3"": 64, ""depth2"": 164, ""t_count"": 448, ""rotations"": 448, ""d"": 17, ""dense_l"": 25.4802, ""redundant"": 431, ""obs_zero"": false, ""frame_l"": 42.8074, ""chi_bits"": 4, ""mps_l"": 26.1036, ""hsf_k"": 20, ""hsf_na"": 8, ""hsf_nb"": 9, ""hsf_l"": 25.8424, ""sup"": 4, ""chi_bits0"": 8, ""mps_l0"": 33.4789, ""hsf_keff"": 8, ""hsf_l0"": 37.8424, ""sparse_l"": 11.6653, ""sv_l"": 24.6653, ""feat_secs"": 0.004196, ""feat_secs_frame"": 0.001013, ""feat_secs_hsf"": 0.003095}"
arith,"arith:bits=8,h=4,reps=1",1,"{""bits"": 8.0, ""h"": 4.0, ""reps"": 1.0}",cstate,ok,0.015068,0.0206,7897088,-3.469446951953614e-18,17,0.0,3.469446951953614e-18,,"{""n"": 17, ""gates"": 60, ""g2"": 32, ""g3"": 16, ""depth2"": 41, ""t_count"": 112, ""rotations"": 112, ""d"": 17, ""dense_l"": 22.1463, ""redundant"": 95, ""obs_zero"": false, ""frame_l"": 40.8074, ""chi_bits"": 8, ""mps_l"": 31.193, ""hsf_k"": 5, ""hsf_na"": 8, ""hsf_nb"": 9, ""hsf_l"": 21.3038, ""sup"": 8, ""chi_bits0"": 8, ""mps_l0"": 31.193, ""hsf_keff"": 4, ""hsf_l0"": 22.3038, ""sparse_l"": 13.9069, ""sv_l"": 22.9069, ""feat_secs"": 0.003572, ""feat_secs_frame"": 0.000381, ""feat_secs_hsf"": 0.00314}"
arith,"arith:bits=8,h=4,reps=2",1,"{""bits"": 8.0, ""h"": 4.0, ""reps"": 2.0}",cstate,ok,0.050715,0.0561,8650752,1.144917494144693e-16,17,6.938893903907228e-18,1.0755285551056206e-16,,"{""n"": 17, ""gates"": 108, ""g2"": 64, ""g3"": 32, ""depth2"": 82, ""t_count"": 224, ""rotations"": 224, ""d"": 17, ""dense_l"": 24.2038, ""redundant"": 207, ""obs_zero"": false, ""frame_l"": 41.8074, ""chi_bits"": 8, ""mps_l"": 32.1003, ""hsf_k"": 10, ""hsf_na"": 8, ""hsf_nb"": 9, ""hsf_l"": 21.5078, ""sup"": 8, ""chi_bits0"": 8, ""mps_l0"": 32.1003, ""hsf_keff"": 4, ""hsf_l0"": 27.5078, ""sparse_l"": 14.7549, ""sv_l"": 23.7549, ""feat_secs"": 0.003613, ""feat_secs_frame"": 0.000501, ""feat_secs_hsf"": 0.003048}"
arith,"arith:bits=8,h=4,reps=4",1,"{""bits"": 8.0, ""h"": 4.0, ""reps"": 4.0}",cstate,ok,0.119394,0.1244,8732672,0.03906250000000015,17,0.03906250000000001,1.457167719820518e-16,,"{""n"": 17, ""gates"": 204, ""g2"": 128, ""g3"": 64, ""depth2"": 164, ""t_count"": 448, ""rotations"": 448, ""d"": 17, ""dense_l"": 25.5369, ""redundant"": 431, ""obs_zero"": false, ""frame_l"": 42.8074, ""chi_bits"": 8, ""mps_l"": 33.4789, ""hsf_k"": 20, ""hsf_na"": 8, ""hsf_nb"": 9, ""hsf_l"": 25.8455, ""sup"": 8, ""chi_bits0"": 8, ""mps_l0"": 33.4789, ""hsf_keff"": 8, ""hsf_l0"": 37.8455, ""sparse_l"": 15.6724, ""sv_l"": 24.6724, ""feat_secs"": 0.004884, ""feat_secs_frame"": 0.000947, ""feat_secs_hsf"": 0.003851}"
arith,"arith:bits=8,h=6,reps=1",1,"{""bits"": 8.0, ""h"": 6.0, ""reps"": 1.0}",cstate,ok,0.019572,0.0268,7880704,-1.301042606982605e-18,17,-1.301042606982605e-18,0.0,,"{""n"": 17, ""gates"": 62, ""g2"": 32, ""g3"": 16, ""depth2"": 41, ""t_count"": 112, ""rotations"": 112, ""d"": 17, ""dense_l"": 22.6558, ""redundant"": 95, ""obs_zero"": false, ""frame_l"": 40.8074, ""chi_bits"": 8, ""mps_l"": 31.193, ""hsf_k"": 5, ""hsf_na"": 8, ""hsf_nb"": 9, ""hsf_l"": 21.3129, ""sup"": 12, ""chi_bits0"": 8, ""mps_l0"": 31.193, ""hsf_keff"": 4, ""hsf_l0"": 22.3129, ""sparse_l"": 17.9542, ""sv_l"": 22.9542, ""feat_secs"": 0.002497, ""feat_secs_frame"": 0.000282, ""feat_secs_hsf"": 0.002168}"
arith,"arith:bits=8,h=6,reps=2",1,"{""bits"": 8.0, ""h"": 6.0, ""reps"": 2.0}",cstate,ok,0.058011,0.0634,8650752,1.214306433183765e-17,17,-3.035766082959412e-18,1.5178830414797062e-17,,"{""n"": 17, ""gates"": 110, ""g2"": 64, ""g3"": 32, ""depth2"": 82, ""t_count"": 224, ""rotations"": 224, ""d"": 17, ""dense_l"": 24.3436, ""redundant"": 207, ""obs_zero"": false, ""frame_l"": 41.8074, ""chi_bits"": 8, ""mps_l"": 32.1003, ""hsf_k"": 10, ""hsf_na"": 8, ""hsf_nb"": 9, ""hsf_l"": 23.5157, ""sup"": 12, ""chi_bits0"": 8, ""mps_l0"": 32.1003, ""hsf_keff"": 6, ""hsf_l0"": 27.5157, ""sparse_l"": 18.7814, ""sv_l"": 23.7814, ""feat_secs"": 0.003774, ""feat_secs_frame"": 0.000511, ""feat_secs_hsf"": 0.003209}"
arith,"arith:bits=8,h=6,reps=4",1,"{""bits"": 8.0, ""h"": 6.0, ""reps"": 4.0}",cstate,ok,0.135252,0.1411,8781824,0.002929687499999976,17,0.002929687500000001,2.47198095326695e-17,,"{""n"": 17, ""gates"": 206, ""g2"": 128, ""g3"": 64, ""depth2"": 164, ""t_count"": 448, ""rotations"": 448, ""d"": 17, ""dense_l"": 25.594, ""redundant"": 431, ""obs_zero"": false, ""frame_l"": 42.8074, ""chi_bits"": 8, ""mps_l"": 33.4789, ""hsf_k"": 20, ""hsf_na"": 8, ""hsf_nb"": 9, ""hsf_l"": 29.8517, ""sup"": 12, ""chi_bits0"": 8, ""mps_l0"": 33.4789, ""hsf_keff"": 12, ""hsf_l0"": 37.8517, ""sparse_l"": 19.6865, ""sv_l"": 24.6865, ""feat_secs"": 0.004322, ""feat_secs_frame"": 0.001076, ""feat_secs_hsf"": 0.003156}"
arith,"arith:bits=10,h=0,reps=1",1,"{""bits"": 10.0, ""h"": 0.0, ""reps"": 1.0}",cstate,ok,0.011669,0.0178,10895360,0.9999999999999984,19,1.0,1.5543122344752192e-15,,"{""n"": 21, ""gates"": 72, ""g2"": 40, ""g3"": 20, ""depth2"": 51, ""t_count"": 140, ""rotations"": 140, ""d"": 19, ""dense_l"": 22.8088, ""redundant"": 121, ""obs_zero"": false, ""frame_l"": 45.1293, ""chi_bits"": 0, ""mps_l"": 14.0215, ""hsf_k"": 5, ""hsf_na"": 10, ""hsf_nb"": 11, ""hsf_l"": 23.098, ""sup"": 0, ""chi_bits0"": 10, ""mps_l0"": 36.7453, ""hsf_keff"": 2, ""hsf_l0"": 26.098, ""sparse_l"": 6.1699, ""sv_l"": 27.1699, ""feat_secs"": 0.004926, ""feat_secs_frame"": 0.000363, ""feat_secs_hsf"": 0.004522}"
arith,"arith:bits=10,h=0,reps=2",1,"{""bits"": 10.0, ""h"": 0.0, ""reps"": 2.0}",cstate,ok,0.118907,0.1254,11124736,0.9999999999999982,19,1.0,1.7763568394002505e-15,,"{""n"": 21, ""gates"": 132, ""g2"": 80, ""g3"": 40, ""depth2"": 102, ""t_count"": 280, ""rotations"": 280, ""d"": 19, ""dense_l"": 26.2669, ""redundant"": 261, ""obs_zero"": false, ""frame_l"": 46.1293, ""chi_bits"": 0, ""mps_l"": 14.5362, ""hsf_k"": 10, ""hsf_na"": 10, ""hsf_nb"": 11, ""hsf_l"": 25.1749, ""sup"": 0, ""chi_bits0"": 10, ""mps_l0"": 37.8784, ""hsf_keff"": 4, ""hsf_l0"": 31.1749, ""sparse_l"": 7.0444, ""sv_l"": 28.0444, ""feat_secs"": 0.007444, ""feat_secs_frame"": 0.00069, ""feat_secs_hsf"": 0.00669}"
arith,"arith:bits=10,h=0,reps=4",1,"{""bits"": 10.0, ""h"": 0.0, ""reps"": 4.0}",cstate,ok,0.319476,0.3248,11304960,0.9999999999999984,19,1.0,1.5543122344752192e-15,,"{""n"": 21, ""gates"": 252, ""g2"": 160, ""g3"": 80, ""depth2"": 204, ""t_count"": 560, ""rotations"": 560, ""d"": 19, ""dense_l"": 27.7616, ""redundant"": 541, ""obs_zero"": false, ""frame_l"": 47.1293, ""chi_bits"": 0, ""mps_l"": 15.5359, ""hsf_k"": 20, ""hsf_na"": 10, ""hsf_nb"": 11, ""hsf_l"": 29.3174, ""sup"": 0, ""chi_bits0"": 10, ""mps_l0"": 39.3971, ""hsf_keff"": 8, ""hsf_l0"": 41.3174, ""sparse_l"": 7.9773, ""sv_l"": 28.9773, ""feat_secs"": 0.008911, ""feat_secs_frame"": 0.001559, ""feat_secs_hsf"": 0.007241}"
arith,"arith:bits=10,h=1,reps=1",1,"{""bits"": 10.0, ""h"": 1.0, ""reps"": 1.0}",cstate,ok,0.09043,0.0956,57032704,0.4999999999999992,21,0.5000000000000002,9.992007221626409e-16,,"{""n"": 21, ""gates"": 73, ""g2"": 40, ""g3"": 20, ""depth2"": 51, ""t_count"": 140, ""rotations"": 140, ""d"": 21, ""dense_l"": 24.8088, ""redundant"": 119, ""obs_zero"": false, ""frame_l"": 49.1293, ""chi_bits"": 2, ""mps_l"": 19.6585, ""hsf_k"": 5, ""hsf_na"": 10, ""hsf_nb"": 11, ""hsf_l"": 23.0993, ""sup"": 2, ""chi_bits0"": 10, ""mps_l0"": 36.7453, ""hsf_keff"": 2, ""hsf_l0"": 26.0993, ""sparse_l"": 8.1898, ""sv_l"": 27.1898, ""feat_secs"": 0.005356, ""feat_secs_frame"": 0.000379, ""feat_secs_hsf"": 0.004923}"
arith,"arith:bits=10,h=1,reps=2",1,"{""bits"": 10.0, ""h"": 1.0, ""reps"": 2.0}",cstate,ok,0.656245,0.6616,57245696,-0.4999999999999992,21,-0.5000000000000002,9.992007221626409e-16,,"{""n"": 21, ""gates"": 133, ""g2"": 80, ""g3"": 40, ""depth2"": 102, ""t_count"": 280, ""rotations"": 280, ""d"": 21, ""dense_l"": 28.2669, ""redundant"": 259, ""obs_zero"": false, ""frame_l"": 50.1293, ""chi_bits"": 2, ""mps_l"": 20.1638, ""hsf_k"": 10, ""hsf_na"": 10, ""hsf_nb"": 11, ""hsf_l"": 25.1762, ""sup"": 2, ""chi_bits0"": 10, ""mps_l0"": 37.8784, ""hsf_keff"": 4, ""hsf_l0"": 31.1762, ""sparse_l"": 9.0553, ""sv_l"": 28.0553, ""feat_secs"": 0.009602, ""feat_secs_frame"": 0.000841, ""feat_secs_hsf"": 0.008677}"
arith,"arith:bits=10,h=1,reps=4",1,"{""bits"": 10.0, ""h"": 1.0, ""reps"": 4.0}",cstate,ok,1.902399,1.9072,57409536,0.9999999999999984,21,1.0,1.5543122344752192e-15,,"{""n"": 21, ""gates"": 253, ""g2"": 160, ""g3"": 80, ""depth2"": 204, ""t_count"": 560, ""rotations"": 560, ""d"": 21, ""dense_l"": 29.7616, ""redundant"": 539, ""obs_zero"": false, ""frame_l"": 51.1293, ""chi_bits"": 2, ""mps_l"": 21.2064, ""hsf_k"": 20, ""hsf_na"": 10, ""hsf_nb"": 11, ""hsf_l"": 29.3185, ""sup"": 2, ""chi_bits0"": 10, ""mps_l0"": 39.3971, ""hsf_keff"": 8, ""hsf_l0"": 41.3185, ""sparse_l"": 9.983, ""sv_l"": 28.983, ""feat_secs"": 0.008944, ""feat_secs_frame"": 0.001834, ""feat_secs_hsf"": 0.006967}"
arith,"arith:bits=10,h=2,reps=1",1,"{""bits"": 10.0, ""h"": 2.0, ""reps"": 1.0}",cstate,ok,0.16339,0.1681,79364096,-0.2499999999999996,21,-0.2500000000000001,4.996003610813204e-16,,"{""n"": 21, ""gates"": 74, ""g2"": 40, ""g3"": 20, ""depth2"": 51, ""t_count"": 140, ""rotations"": 140, ""d"": 21, ""dense_l"": 25.3942, ""redundant"": 119, ""obs_zero"": false, ""frame_l"": 49.1293, ""chi_bits"": 4, ""mps_l"": 24.8556, ""hsf_k"": 5, ""hsf_na"": 10, ""hsf_nb"": 11, ""hsf_l"": 23.1007, ""sup"": 4, ""chi_bits0"": 10, ""mps_l0"": 36.7453, ""hsf_keff"": 2, ""hsf_l0"": 26.1007, ""sparse_l"": 10.2095, ""sv_l"": 27.2095, ""feat_secs"": 0.007564, ""feat_secs_frame"": 0.000474, ""feat_secs_hsf"": 0.007029}"
arith,"arith:bits=10,h=2,reps=2",1,"{""bits"": 10.0, ""h"": 2.0, ""reps"": 2.0}",cstate,ok,0.70609,0.7122,79413248,-0.2499999999999992,21,-0.2500000000000001,9.159339953157541e-16,,"{""n"": 21, ""gates"": 134, ""g2"": 80, ""g3"": 40, ""depth2"": 102, ""t_count"": 280, ""rotations"": 280, ""d"": 21, ""dense_l"": 28.3312, ""redundant"": 259, ""obs_zero"": false, ""frame_l"": 50.1293, ""chi_bits"": 4, ""mps_l"": 25.4807, ""hsf_k"": 10, ""hsf_na"": 10, ""hsf_nb"": 11, ""hsf_l"": 25.1774, ""sup"": 4, ""chi_bits0"": 10, ""mps_l0"": 37.8784, ""hsf_keff"": 4, ""hsf_l0"": 31.1774, ""sparse_l"": 11.0661, ""sv_l"": 28.0661, ""feat_secs"": 0.007412, ""feat_secs_frame"": 0.000682, ""feat_secs_hsf"": 0.006644}"
arith,"arith:bits=10,h=2,reps=4",1,"{""bits"": 10.0, ""h"": 2.0, ""reps"": 4.0}",cstate,ok,1.774467,1.7798,79495168,0.3749999999999976,21,0.3750000000000001,2.4980018054066022e-15,,"{""n"": 21, ""gates"": 254, ""g2"": 160, ""g3"": 80, ""depth2"": 204, ""t_count"": 560, ""rotations"": 560, ""d"": 21, ""dense_l"": 29.7847, ""redundant"": 539, ""obs_zero"": false, ""frame_l"": 51.1293, ""chi_bits"": 4, ""mps_l"": 26.6657, ""hsf_k"": 20, ""hsf_na"": 10, ""hsf_nb"": 11, ""hsf_l"": 29.3197, ""sup"": 4, ""chi_bits0"": 10, ""mps_l0"": 39.3971, ""hsf_keff"": 8, ""hsf_l0"": 41.3197, ""sparse_l"": 11.9887, ""sv_l"": 28.9887, ""feat_secs"": 0.008123, ""feat_secs_frame"": 0.001421, ""feat_secs_hsf"": 0.00659}"
arith,"arith:bits=10,h=4,reps=1",1,"{""bits"": 10.0, ""h"": 4.0, ""reps"": 1.0}",cstate,ok,0.227471,0.2350,79364096,-1.734723475976807e-18,21,0.0,1.734723475976807e-18,,"{""n"": 21, ""gates"": 75, ""g2"": 40, ""g3"": 20, ""depth2"": 51, ""t_count"": 140, ""rotations"": 140, ""d"": 21, ""dense_l"": 26.1337, ""redundant"": 119, ""obs_zero"": false, ""frame_l"": 49.1293, ""chi_bits"": 8, ""mps_l"": 34.2064, ""hsf_k"": 5, ""hsf_na"": 10, ""hsf_nb"": 11, ""hsf_l"": 23.102, ""sup"": 8, ""chi_bits0"": 10, ""mps_l0"": 36.7453, ""hsf_keff"": 2, ""hsf_l0"": 26.102, ""sparse_l"": 14.2288, ""sv_l"": 27.2288, ""feat_secs"": 0.004647, ""feat_secs_frame"": 0.000412, ""feat_secs_hsf"": 0.004192}"
arith,"arith:bits=10,h=4,reps=2",1,"{""bits"": 10.0, ""h"": 4.0, ""reps"": 2.0}",cstate,ok,0.867326,0.8729,79511552,1.110223024625157e-16,21,6.938893903907228e-18,1.0408340855860847e-16,,"{""n"": 21, ""gates"": 135, ""g2"": 80, ""g3"": 40, ""depth2"": 102, ""t_count"": 280, ""rotations"": 280, ""d"": 21, ""dense_l"": 28.4521, ""redundant"": 259, ""obs_zero"": false, ""frame_l"": 50.1293, ""chi_bits"": 8, ""mps_l"": 35.3433, ""hsf_k"": 10, ""hsf_na"": 10, ""hsf_nb"": 11, ""hsf_l"": 25.1787, ""sup"": 8, ""chi_bits0"": 10, ""mps_l0"": 37.8784, ""hsf_keff"": 4, ""hsf_l0"": 31.1787, ""sparse_l"": 15.0768, ""sv_l"": 28.0768, ""feat_secs"": 0.008385, ""feat_secs_frame"": 0.000724, ""feat_secs_hsf"": 0.007588}"
arith,"arith:bits=10,h=4,reps=4",1,"{""bits"": 10.0, ""h"": 4.0, ""reps"": 4.0}",cstate,ok,2.027727,2.0339,79626240,-0.0156249999999998,21,-0.01562500000000001,2.0990154059319366e-16,,"{""n"": 21, ""gates"": 255, ""g2"": 160, ""g3"": 80, ""depth2"": 204, ""t_count"": 560, ""rotations"": 560, ""d"": 21, ""dense_l"": 29.8301, ""redundant"": 539, ""obs_zero"": false, ""frame_l"": 51.1293, ""chi_bits"": 8, ""mps_l"": 36.9156, ""hsf_k"": 20, ""hsf_na"": 10, ""hsf_nb"": 11, ""hsf_l"": 29.3208, ""sup"": 8, ""chi_bits0"": 10, ""mps_l0"": 39.3971, ""hsf_keff"": 8, ""hsf_l0"": 41.3208, ""sparse_l"": 15.9944, ""sv_l"": 28.9944, ""feat_secs"": 0.0092, ""feat_secs_frame"": 0.001862, ""feat_secs_hsf"": 0.007219}"
arith,"arith:bits=10,h=6,reps=1",1,"{""bits"": 10.0, ""h"": 6.0, ""reps"": 1.0}",cstate,ok,0.287433,0.2939,79396864,0.0,21,-1.301042606982605e-18,1.301042606982605e-18,,"{""n"": 21, ""gates"": 76, ""g2"": 40, ""g3"": 20, ""depth2"": 51, ""t_count"": 140, ""rotations"": 140, ""d"": 21, ""dense_l"": 26.6269, ""redundant"": 119, ""obs_zero"": false, ""frame_l"": 49.1293, ""chi_bits"": 10, ""mps_l"": 36.7453, ""hsf_k"": 5, ""hsf_na"": 10, ""hsf_nb"": 11, ""hsf_l"": 25.1033, ""sup"": 12, ""chi_bits0"": 10, ""mps_l0"": 36.7453, ""hsf_keff"": 4, ""hsf_l0"": 26.1033, ""sparse_l"": 18.2479, ""sv_l"": 27.2479, ""feat_secs"": 0.004799, ""feat_secs_frame"": 0.000344, ""feat_secs_hsf"": 0.004414}"
arith,"arith:bits=10,h=6,reps=2",1,"{""bits"": 10.0, ""h"": 6.0, ""reps"": 2.0}",cstate,ok,0.949005,0.9544,79511552,3.469446951953614e-18,21,3.035766082959412e-18,4.336808689942022e-19,,"{""n"": 21, ""gates"": 136, ""g2"": 80, ""g3"": 40, ""depth2"": 102, ""t_count"": 280, ""rotations"": 280, ""d"": 21, ""dense_l"": 28.5654, ""redundant"": 259, ""obs_zero"": false, ""frame_l"": 50.1293, ""chi_bits"": 10, ""mps_l"": 37.8784, ""hsf_k"": 10, ""hsf_na"": 10, ""hsf_nb"": 11, ""hsf_l"": 27.1799, ""sup"": 12, ""chi_bits0"": 10, ""mps_l0"": 37.8784, ""hsf_keff"": 6, ""hsf_l0"": 31.1799, ""sparse_l"": 19.0875, ""sv_l"": 28.0875, ""feat_secs"": 0.00739, ""feat_secs_frame"": 0.000693, ""feat_secs_hsf"": 0.006631}"
arith,"arith:bits=10,h=6,reps=4",1,"{""bits"": 10.0, ""h"": 6.0, ""reps"": 4.0}",cstate,ok,2.25163,2.2558,79609856,-0.004882812499999967,21,-0.004882812500000001,3.382710778154774e-17,,"{""n"": 21, ""gates"": 256, ""g2"": 160, ""g3"": 80, ""depth2"": 204, ""t_count"": 560, ""rotations"": 560, ""d"": 21, ""dense_l"": 29.8747, ""redundant"": 539, ""obs_zero"": false, ""frame_l"": 51.1293, ""chi_bits"": 10, ""mps_l"": 39.3971, ""hsf_k"": 20, ""hsf_na"": 10, ""hsf_nb"": 11, ""hsf_l"": 33.3219, ""sup"": 12, ""chi_bits0"": 10, ""mps_l0"": 39.3971, ""hsf_keff"": 12, ""hsf_l0"": 41.3219, ""sparse_l"": 20.0, ""sv_l"": 29.0, ""feat_secs"": 0.008862, ""feat_secs_frame"": 0.00131, ""feat_secs_hsf"": 0.007444}"
arith,"arith:bits=12,h=0,reps=1",1,"{""bits"": 12.0, ""h"": 0.0, ""reps"": 1.0}",cstate,ok,0.179804,0.1859,136921088,0.9999999999999984,23,1.0,1.5543122344752192e-15,,"{""n"": 25, ""gates"": 85, ""g2"": 48, ""g3"": 24, ""depth2"": 61, ""t_count"": 168, ""rotations"": 168, ""d"": 23, ""dense_l"": 26.8077, ""redundant"": 145, ""obs_zero"": false, ""frame_l"": 53.3923, ""chi_bits"": 0, ""mps_l"": 14.2999, ""hsf_k"": 5, ""hsf_na"": 12, ""hsf_nb"": 13, ""hsf_l"": 27.0296, ""sup"": 0, ""chi_bits0"": 12, ""mps_l0"": 42.0962, ""hsf_keff"": 2, ""hsf_l0"": 30.0296, ""sparse_l"": 6.4094, ""sv_l"": 31.4094, ""feat_secs"": 0.009244, ""feat_secs_frame"": 0.000529, ""feat_secs_hsf"": 0.008667}"
arith,"arith:bits=12,h=0,reps=2",1,"{""bits"": 12.0, ""h"": 0.0, ""reps"": 2.0}",cstate,ok,1.988486,1.9952,137134080,-0.9999999999999984,23,-1.0,1.5543122344752192e-15,,"{""n"": 25, ""gates"": 157, ""g2"": 96, ""g3"": 48, ""depth2"": 122, ""t_count"": 336, ""rotations"": 336, ""d"": 23, ""dense_l"": 30.5078, ""redundant"": 313, ""obs_zero"": false, ""frame_l"": 54.3923, ""chi_bits"": 0, ""mps_l"": 14.81, ""hsf_k"": 10, ""hsf_na"": 12, ""hsf_nb"": 13, ""hsf_l"": 29.0543, ""sup"": 0, ""chi_bits0"": 12, ""mps_l0"": 43.6178, ""hsf_keff"": 4, ""hsf_l0"": 35.0543, ""sparse_l"": 7.2946, ""sv_l"": 32.2946, ""feat_secs"": 0.014329, ""feat_secs_frame"": 0.001054, ""feat_secs_hsf"": 0.013158}"
arith,"arith:bits=12,h=0,reps=4",1,"{""bits"": 12.0, ""h"": 0.0, ""reps"": 4.0}",cstate,ok,5.649081,5.6536,137396224,0.9999999999999984,23,1.0,1.5543122344752192e-15,,"{""n"": 25, ""gates"": 301, ""g2"": 192, ""g3"": 96, ""depth2"": 244, ""t_count"": 672, ""rotations"": 672, ""d"": 23, ""dense_l"": 32.0168, ""redundant"": 649, ""obs_zero"": false, ""frame_l"": 55.3923, ""chi_bits"": 0, ""mps_l"": 15.8097, ""hsf_k"": 20, ""hsf_na"": 12, ""hsf_nb"": 13, ""hsf_l"": 33.1023, ""sup"": 0, ""chi_bits0"": 12, ""mps_l0"": 45.3113, ""hsf_keff"": 8, ""hsf_l0"": 45.1023, ""sparse_l"": 8.2336, ""sv_l"": 33.2336, ""feat_secs"": 0.016112, ""feat_secs_frame"": 0.002128, ""feat_secs_hsf"": 0.013823}"
arith,"arith:bits=12,h=1,reps=1",1,"{""bits"": 12.0, ""h"": 1.0, ""reps"": 1.0}",cstate,ok,1.395601,1.4013,875298816,2.775557561562891e-17,25,0.0,2.775557561562891e-17,,"{""n"": 25, ""gates"": 87, ""g2"": 48, ""g3"": 24, ""depth2"": 61, ""t_count"": 168, ""rotations"": 168, ""d"": 25, ""dense_l"": 28.8077, ""redundant"": 143, ""obs_zero"": false, ""frame_l"": 57.3923, ""chi_bits"": 2, ""mps_l"": 19.9742, ""hsf_k"": 5, ""hsf_na"": 12, ""hsf_nb"": 13, ""hsf_l"": 27.0303, ""sup"": 2, ""chi_bits0"": 12, ""mps_l0"": 42.0962, ""hsf_keff"": 2, ""hsf_l0"": 30.0303, ""sparse_l"": 8.4429, ""sv_l"": 31.4429, ""feat_secs"": 0.010285, ""feat_secs_frame"": 0.000427, ""feat_secs_hsf"": 0.009808}"
arith,"arith:bits=12,h=1,reps=2",1,"{""bits"": 12.0, ""h"": 1.0, ""reps"": 2.0}",cstate,timeout,,10.0083,875446272,,,0.0,,timeout,"{""n"": 25, ""gates"": 159, ""g2"": 96, ""g3"": 48, ""depth2"": 122, ""t_count"": 336, ""rotations"": 336, ""d"": 25, ""dense_l"": 32.5078, ""redundant"": 311, ""obs_zero"": false, ""frame_l"": 58.3923, ""chi_bits"": 2, ""mps_l"": 20.4793, ""hsf_k"": 10, ""hsf_na"": 12, ""hsf_nb"": 13, ""hsf_l"": 29.0549, ""sup"": 2, ""chi_bits0"": 12, ""mps_l0"": 43.6178, ""hsf_keff"": 4, ""hsf_l0"": 35.0549, ""sparse_l"": 9.3129, ""sv_l"": 32.3129, ""feat_secs"": 0.01728, ""feat_secs_frame"": 0.000853, ""feat_secs_hsf"": 0.016345}"
arith,"arith:bits=12,h=1,reps=4",1,"{""bits"": 12.0, ""h"": 1.0, ""reps"": 4.0}",cstate,skipped,,,,,,0.0,,,"{""n"": 25, ""gates"": 303, ""g2"": 192, ""g3"": 96, ""depth2"": 244, ""t_count"": 672, ""rotations"": 672, ""d"": 25, ""dense_l"": 34.0168, ""redundant"": 647, ""obs_zero"": false, ""frame_l"": 59.3923, ""chi_bits"": 2, ""mps_l"": 21.5219, ""hsf_k"": 20, ""hsf_na"": 12, ""hsf_nb"": 13, ""hsf_l"": 33.103, ""sup"": 2, ""chi_bits0"": 12, ""mps_l0"": 45.3113, ""hsf_keff"": 8, ""hsf_l0"": 45.103, ""sparse_l"": 10.2432, ""sv_l"": 33.2432, ""feat_secs"": 0.014831, ""feat_secs_frame"": 0.001665, ""feat_secs_hsf"": 0.013028}"
arith,"arith:bits=12,h=2,reps=1",1,"{""bits"": 12.0, ""h"": 2.0, ""reps"": 1.0}",cstate,ok,2.525401,2.5309,1210859520,-7.632783294297951e-17,25,0.0,7.632783294297951e-17,,"{""n"": 25, ""gates"": 88, ""g2"": 48, ""g3"": 24, ""depth2"": 61, ""t_count"": 168, ""rotations"": 168, ""d"": 25, ""dense_l"": 29.3928, ""redundant"": 143, ""obs_zero"": false, ""frame_l"": 57.3923, ""chi_bits"": 4, ""mps_l"": 25.2579, ""hsf_k"": 5, ""hsf_na"": 12, ""hsf_nb"": 13, ""hsf_l"": 27.0307, ""sup"": 4, ""chi_bits0"": 12, ""mps_l0"": 42.0962, ""hsf_keff"": 2, ""hsf_l0"": 30.0307, ""sparse_l"": 10.4594, ""sv_l"": 31.4594, ""feat_secs"": 0.009083, ""feat_secs_frame"": 0.000505, ""feat_secs_hsf"": 0.008503}"
arith,"arith:bits=12,h=2,reps=2",1,"{""bits"": 12.0, ""h"": 2.0, ""reps"": 2.0}",cstate,skipped,,,,,,0.5000000000000001,,,"{""n"": 25, ""gates"": 160, ""g2"": 96, ""g3"": 48, ""depth2"": 122, ""t_count"": 336, ""rotations"": 336, ""d"": 25, ""dense_l"": 32.5623, ""redundant"": 311, ""obs_zero"": false, ""frame_l"": 58.3923, ""chi_bits"": 4, ""mps_l"": 25.8834, ""hsf_k"": 10, ""hsf_na"": 12, ""hsf_nb"": 13, ""hsf_l"": 29.0553, ""sup"": 4, ""chi_bits0"": 12, ""mps_l0"": 43.6178, ""hsf_keff"": 4, ""hsf_l0"": 35.0553, ""sparse_l"": 11.3219, ""sv_l"": 32.3219, ""feat_secs"": 0.013183, ""feat_secs_frame"": 0.000826, ""feat_secs_hsf"": 0.012281}"
arith,"arith:bits=12,h=2,reps=4",1,"{""bits"": 12.0, ""h"": 2.0, ""reps"": 4.0}",cstate,skipped,,,,,,0.0,,,"{""n"": 25, ""gates"": 304, ""g2"": 192, ""g3"": 96, ""depth2"": 244, ""t_count"": 672, ""rotations"": 672, ""d"": 25, ""dense_l"": 34.0362, ""redundant"": 647, ""obs_zero"": false, ""frame_l"": 59.3923, ""chi_bits"": 4, ""mps_l"": 27.0691, ""hsf_k"": 20, ""hsf_na"": 12, ""hsf_nb"": 13, ""hsf_l"": 33.1033, ""sup"": 4, ""chi_bits0"": 12, ""mps_l0"": 45.3113, ""hsf_keff"": 8, ""hsf_l0"": 45.1033, ""sparse_l"": 12.2479, ""sv_l"": 33.2479, ""feat_secs"": 0.014353, ""feat_secs_frame"": 0.001592, ""feat_secs_hsf"": 0.012627}"
arith,"arith:bits=12,h=4,reps=1",1,"{""bits"": 12.0, ""h"": 4.0, ""reps"": 1.0}",cstate,ok,3.547907,3.5522,1211940864,-0.06249999999999986,25,-0.06250000000000001,1.5265566588595902e-16,,"{""n"": 25, ""gates"": 90, ""g2"": 48, ""g3"": 24, ""depth2"": 61, ""t_count"": 168, ""rotations"": 168, ""d"": 25, ""dense_l"": 30.1304, ""redundant"": 143, ""obs_zero"": false, ""frame_l"": 57.3923, ""chi_bits"": 8, ""mps_l"": 35.1142, ""hsf_k"": 5, ""hsf_na"": 12, ""hsf_nb"": 13, ""hsf_l"": 27.0314, ""sup"": 8, ""chi_bits0"": 12, ""mps_l0"": 42.0962, ""hsf_keff"": 2, ""hsf_l0"": 30.0314, ""sparse_l"": 14.4919, ""sv_l"": 31.4919, ""feat_secs"": 0.010438, ""feat_secs_frame"": 0.000447, ""feat_secs_hsf"": 0.009938}"
arith,"arith:bits=12,h=4,reps=2",1,"{""bits"": 12.0, ""h"": 4.0, ""reps"": 2.0}",cstate,skipped,,,,,,-0.06250000000000001,,,"{""n"": 25, ""gates"": 162, ""g2"": 96, ""g3"": 48, ""depth2"": 122, ""t_count"": 336, ""rotations"": 336, ""d"": 25, ""dense_l"": 32.6655, ""redundant"": 311, ""obs_zero"": false, ""frame_l"": 58.3923, ""chi_bits"": 8, ""mps_l"": 36.265, ""hsf_k"": 10, ""hsf_na"": 12, ""hsf_nb"": 13, ""hsf_l"": 29.056, ""sup"": 8, ""chi_bits0"": 12, ""mps_l0"": 43.6178, ""hsf_keff"": 4, ""hsf_l0"": 35.056, ""sparse_l"": 15.3399, ""sv_l"": 32.3399, ""feat_secs"": 0.013946, ""feat_secs_frame"": 0.000861, ""feat_secs_hsf"": 0.012992}"
arith,"arith:bits=12,h=4,reps=4",1,"{""bits"": 12.0, ""h"": 4.0, ""reps"": 4.0}",cstate,skipped,,,,,,0.02343750000000001,,,"{""n"": 25, ""gates"": 306, ""g2"": 192, ""g3"": 96, ""depth2"": 244, ""t_count"": 672, ""rotations"": 672, ""d"": 25, ""dense_l"": 34.0742, ""redundant"": 647, ""obs_zero"": false, ""frame_l"": 59.3923, ""chi_bits"": 8, ""mps_l"": 37.8474, ""hsf_k"": 20, ""hsf_na"": 12, ""hsf_nb"": 13, ""hsf_l"": 33.1039, ""sup"": 8, ""chi_bits0"": 12, ""mps_l0"": 45.3113, ""hsf_keff"": 8, ""hsf_l0"": 45.1039, ""sparse_l"": 16.2574, ""sv_l"": 33.2574, ""feat_secs"": 0.015879, ""feat_secs_frame"": 0.001596, ""feat_secs_hsf"": 0.014152}"
arith,"arith:bits=12,h=6,reps=1",1,"{""bits"": 12.0, ""h"": 6.0, ""reps"": 1.0}",cstate,ok,4.44634,4.4509,1211924480,-3.035766082959412e-18,25,1.301042606982605e-18,4.336808689942017e-18,,"{""n"": 25, ""gates"": 91, ""g2"": 48, ""g3"": 24, ""depth2"": 61, ""t_count"": 168, ""rotations"": 168, ""d"": 25, ""dense_l"": 30.6179, ""redundant"": 143, ""obs_zero"": false, ""frame_l"": 57.3923, ""chi_bits"": 12, ""mps_l"": 42.0962, ""hsf_k"": 5, ""hsf_na"": 12, ""hsf_nb"": 13, ""hsf_l"": 29.0317, ""sup"": 12, ""chi_bits0"": 12, ""mps_l0"": 42.0962, ""hsf_keff"": 4, ""hsf_l0"": 30.0317, ""sparse_l"": 18.5078, ""sv_l"": 31.5078, ""feat_secs"": 0.01171, ""feat_secs_frame"": 0.000551, ""feat_secs_hsf"": 0.011091}"
arith,"arith:bits=12,h=6,reps=2",1,"{""bits"": 12.0, ""h"": 6.0, ""reps"": 2.0}",cstate,skipped,,,,,,3.035766082959412e-18,,,"{""n"": 25, ""gates"": 163, ""g2"": 96, ""g3"": 48, ""depth2"": 122, ""t_count"": 336, ""rotations"": 336, ""d"": 25, ""dense_l"": 32.7623, ""redundant"": 311, ""obs_zero"": false, ""frame_l"": 58.3923, ""chi_bits"": 12, ""mps_l"": 43.6178, ""hsf_k"": 10, ""hsf_na"": 12, ""hsf_nb"": 13, ""hsf_l"": 29.0563, ""sup"": 12, ""chi_bits0"": 12, ""mps_l0"": 43.6178, ""hsf_keff"": 4, ""hsf_l0"": 35.0563, ""sparse_l"": 19.3487, ""sv_l"": 32.3487, ""feat_secs"": 0.018394, ""feat_secs_frame"": 0.001151, ""feat_secs_hsf"": 0.017131}"
arith,"arith:bits=12,h=6,reps=4",1,"{""bits"": 12.0, ""h"": 6.0, ""reps"": 4.0}",cstate,skipped,,,,,,-0.004882812500000001,,,"{""n"": 25, ""gates"": 307, ""g2"": 192, ""g3"": 96, ""depth2"": 244, ""t_count"": 672, ""rotations"": 672, ""d"": 25, ""dense_l"": 34.1114, ""redundant"": 647, ""obs_zero"": false, ""frame_l"": 59.3923, ""chi_bits"": 12, ""mps_l"": 45.3113, ""hsf_k"": 20, ""hsf_na"": 12, ""hsf_nb"": 13, ""hsf_l"": 33.1043, ""sup"": 12, ""chi_bits0"": 12, ""mps_l0"": 45.3113, ""hsf_keff"": 8, ""hsf_l0"": 45.1043, ""sparse_l"": 20.2621, ""sv_l"": 33.2621, ""feat_secs"": 0.01877, ""feat_secs_frame"": 0.002159, ""feat_secs_hsf"": 0.016426}"
