family,spec,seed,params,engine,status,secs,wall,rss,value,size,ref,abs_err,note,features
brick,"brick:n=12,D=1,nn=1",1,"{""n"": 12.0, ""D"": 1.0, ""nn"": 1.0}",sv,ok,0.000564,0.0088,2146304,6.484796492320193e-07,4096,6.484796492320193e-07,0.0,,"{""n"": 12, ""gates"": 30, ""g2"": 6, ""g3"": 0, ""depth2"": 1, ""t_count"": 0, ""rotations"": 72, ""d"": 12, ""dense_l"": 17.3575, ""redundant"": 60, ""obs_zero"": false, ""frame_l"": 30.1699, ""chi_bits"": 1, ""mps_l"": 6.7549, ""hsf_k"": 0, ""hsf_na"": 6, ""hsf_nb"": 6, ""hsf_l"": 12.5546, ""sup"": 12, ""chi_bits0"": 1, ""mps_l0"": 6.7549, ""hsf_keff"": 0, ""hsf_l0"": 12.5546, ""sparse_l"": 16.9069, ""sv_l"": 16.9069, ""feat_secs"": 0.000838, ""feat_secs_frame"": 0.000192, ""feat_secs_hsf"": 0.000611}"
brick,"brick:n=12,D=1,nn=1",1,"{""n"": 12.0, ""D"": 1.0, ""nn"": 1.0}",sparse,ok,0.001369,0.0071,3162112,6.4847964925989e-07,4096,6.484796492320193e-07,2.78707720964555e-17,,"{""n"": 12, ""gates"": 30, ""g2"": 6, ""g3"": 0, ""depth2"": 1, ""t_count"": 0, ""rotations"": 72, ""d"": 12, ""dense_l"": 17.3575, ""redundant"": 60, ""obs_zero"": false, ""frame_l"": 30.1699, ""chi_bits"": 1, ""mps_l"": 6.7549, ""hsf_k"": 0, ""hsf_na"": 6, ""hsf_nb"": 6, ""hsf_l"": 12.5546, ""sup"": 12, ""chi_bits0"": 1, ""mps_l0"": 6.7549, ""hsf_keff"": 0, ""hsf_l0"": 12.5546, ""sparse_l"": 16.9069, ""sv_l"": 16.9069, ""feat_secs"": 0.000838, ""feat_secs_frame"": 0.000192, ""feat_secs_hsf"": 0.000611}"
brick,"brick:n=12,D=1,nn=1",1,"{""n"": 12.0, ""D"": 1.0, ""nn"": 1.0}",mps,ok,0.000207,0.0076,2277376,6.484796492311463e-07,2,6.484796492320193e-07,8.729733312639633e-19,,"{""n"": 12, ""gates"": 30, ""g2"": 6, ""g3"": 0, ""depth2"": 1, ""t_count"": 0, ""rotations"": 72, ""d"": 12, ""dense_l"": 17.3575, ""redundant"": 60, ""obs_zero"": false, ""frame_l"": 30.1699, ""chi_bits"": 1, ""mps_l"": 6.7549, ""hsf_k"": 0, ""hsf_na"": 6, ""hsf_nb"": 6, ""hsf_l"": 12.5546, ""sup"": 12, ""chi_bits0"": 1, ""mps_l0"": 6.7549, ""hsf_keff"": 0, ""hsf_l0"": 12.5546, ""sparse_l"": 16.9069, ""sv_l"": 16.9069, ""feat_secs"": 0.000838, ""feat_secs_frame"": 0.000192, ""feat_secs_hsf"": 0.000611}"
brick,"brick:n=12,D=1,nn=1",1,"{""n"": 12.0, ""D"": 1.0, ""nn"": 1.0}",hsf,ok,0.000507,0.0053,2359296,6.484796492372234e-07,1,6.484796492320193e-07,5.204170427930421e-18,,"{""n"": 12, ""gates"": 30, ""g2"": 6, ""g3"": 0, ""depth2"": 1, ""t_count"": 0, ""rotations"": 72, ""d"": 12, ""dense_l"": 17.3575, ""redundant"": 60, ""obs_zero"": false, ""frame_l"": 30.1699, ""chi_bits"": 1, ""mps_l"": 6.7549, ""hsf_k"": 0, ""hsf_na"": 6, ""hsf_nb"": 6, ""hsf_l"": 12.5546, ""sup"": 12, ""chi_bits0"": 1, ""mps_l0"": 6.7549, ""hsf_keff"": 0, ""hsf_l0"": 12.5546, ""sparse_l"": 16.9069, ""sv_l"": 16.9069, ""feat_secs"": 0.000838, ""feat_secs_frame"": 0.000192, ""feat_secs_hsf"": 0.000611}"
brick,"brick:n=12,D=1,nn=1",1,"{""n"": 12.0, ""D"": 1.0, ""nn"": 1.0}",tableau,na,,0.0042,1802240,,,6.484796492320193e-07,,"TooLarge { what: ""tableau (non-Clifford circuit)"", bytes: 0, limit: 0 }","{""n"": 12, ""gates"": 30, ""g2"": 6, ""g3"": 0, ""depth2"": 1, ""t_count"": 0, ""rotations"": 72, ""d"": 12, ""dense_l"": 17.3575, ""redundant"": 60, ""obs_zero"": false, ""frame_l"": 30.1699, ""chi_bits"": 1, ""mps_l"": 6.7549, ""hsf_k"": 0, ""hsf_na"": 6, ""hsf_nb"": 6, ""hsf_l"": 12.5546, ""sup"": 12, ""chi_bits0"": 1, ""mps_l0"": 6.7549, ""hsf_keff"": 0, ""hsf_l0"": 12.5546, ""sparse_l"": 16.9069, ""sv_l"": 16.9069, ""feat_secs"": 0.000838, ""feat_secs_frame"": 0.000192, ""feat_secs_hsf"": 0.000611}"
brick,"brick:n=12,D=1,nn=1",1,"{""n"": 12.0, ""D"": 1.0, ""nn"": 1.0}",frame,ok,0.003846,0.0103,3473408,6.484796492283431e-07,6144,6.484796492320193e-07,3.6761229910836635e-18,switched_at=None dense_qubits=0 peak_terms=6144 term_visits=39585 dense_ops=0,"{""n"": 12, ""gates"": 30, ""g2"": 6, ""g3"": 0, ""depth2"": 1, ""t_count"": 0, ""rotations"": 72, ""d"": 12, ""dense_l"": 17.3575, ""redundant"": 60, ""obs_zero"": false, ""frame_l"": 30.1699, ""chi_bits"": 1, ""mps_l"": 6.7549, ""hsf_k"": 0, ""hsf_na"": 6, ""hsf_nb"": 6, ""hsf_l"": 12.5546, ""sup"": 12, ""chi_bits0"": 1, ""mps_l0"": 6.7549, ""hsf_keff"": 0, ""hsf_l0"": 12.5546, ""sparse_l"": 16.9069, ""sv_l"": 16.9069, ""feat_secs"": 0.000838, ""feat_secs_frame"": 0.000192, ""feat_secs_hsf"": 0.000611}"
brick,"brick:n=12,D=1,nn=1",1,"{""n"": 12.0, ""D"": 1.0, ""nn"": 1.0}",dense,ok,0.000257,0.0043,2293760,6.484796492160273e-07,12,6.484796492320193e-07,1.599198204416119e-17,switched_at=Some(60) dense_qubits=12 peak_terms=1 term_visits=0 dense_ops=122875,"{""n"": 12, ""gates"": 30, ""g2"": 6, ""g3"": 0, ""depth2"": 1, ""t_count"": 0, ""rotations"": 72, ""d"": 12, ""dense_l"": 17.3575, ""redundant"": 60, ""obs_zero"": false, ""frame_l"": 30.1699, ""chi_bits"": 1, ""mps_l"": 6.7549, ""hsf_k"": 0, ""hsf_na"": 6, ""hsf_nb"": 6, ""hsf_l"": 12.5546, ""sup"": 12, ""chi_bits0"": 1, ""mps_l0"": 6.7549, ""hsf_keff"": 0, ""hsf_l0"": 12.5546, ""sparse_l"": 16.9069, ""sv_l"": 16.9069, ""feat_secs"": 0.000838, ""feat_secs_frame"": 0.000192, ""feat_secs_hsf"": 0.000611}"
brick,"brick:n=12,D=1,nn=1",1,"{""n"": 12.0, ""D"": 1.0, ""nn"": 1.0}",auto,ok,0.00058,0.0059,2654208,6.484796492434034e-07,12,6.484796492320193e-07,1.1384122811097797e-17,switched_at=Some(56) dense_qubits=12 peak_terms=4 term_visits=6 dense_ops=118779,"{""n"": 12, ""gates"": 30, ""g2"": 6, ""g3"": 0, ""depth2"": 1, ""t_count"": 0, ""rotations"": 72, ""d"": 12, ""dense_l"": 17.3575, ""redundant"": 60, ""obs_zero"": false, ""frame_l"": 30.1699, ""chi_bits"": 1, ""mps_l"": 6.7549, ""hsf_k"": 0, ""hsf_na"": 6, ""hsf_nb"": 6, ""hsf_l"": 12.5546, ""sup"": 12, ""chi_bits0"": 1, ""mps_l0"": 6.7549, ""hsf_keff"": 0, ""hsf_l0"": 12.5546, ""sparse_l"": 16.9069, ""sv_l"": 16.9069, ""feat_secs"": 0.000838, ""feat_secs_frame"": 0.000192, ""feat_secs_hsf"": 0.000611}"
brick,"brick:n=12,D=2,nn=1",1,"{""n"": 12.0, ""D"": 2.0, ""nn"": 1.0}",sv,ok,0.000208,0.0043,2179072,-0.004470431060879957,4096,-0.004470431060879957,0.0,,"{""n"": 12, ""gates"": 47, ""g2"": 11, ""g3"": 0, ""depth2"": 2, ""t_count"": 0, ""rotations"": 108, ""d"": 12, ""dense_l"": 18.2668, ""redundant"": 96, ""obs_zero"": false, ""frame_l"": 30.7549, ""chi_bits"": 1, ""mps_l"": 7.6147, ""hsf_k"": 1, ""hsf_na"": 6, ""hsf_nb"": 6, ""hsf_l"": 13.7944, ""sup"": 12, ""chi_bits0"": 1, ""mps_l0"": 7.6147, ""hsf_keff"": 1, ""hsf_l0"": 13.7944, ""sparse_l"": 17.5546, ""sv_l"": 17.5546, ""feat_secs"": 0.001119, ""feat_secs_frame"": 0.000269, ""feat_secs_hsf"": 0.000815}"
brick,"brick:n=12,D=2,nn=1",1,"{""n"": 12.0, ""D"": 2.0, ""nn"": 1.0}",sparse,ok,0.002449,0.0073,3162112,-0.004470431060879913,4096,-0.004470431060879957,4.423544863740858e-17,,"{""n"": 12, ""gates"": 47, ""g2"": 11, ""g3"": 0, ""depth2"": 2, ""t_count"": 0, ""rotations"": 108, ""d"": 12, ""dense_l"": 18.2668, ""redundant"": 96, ""obs_zero"": false, ""frame_l"": 30.7549, ""chi_bits"": 1, ""mps_l"": 7.6147, ""hsf_k"": 1, ""hsf_na"": 6, ""hsf_nb"": 6, ""hsf_l"": 13.7944, ""sup"": 12, ""chi_bits0"": 1, ""mps_l0"": 7.6147, ""hsf_keff"": 1, ""hsf_l0"": 13.7944, ""sparse_l"": 17.5546, ""sv_l"": 17.5546, ""feat_secs"": 0.001119, ""feat_secs_frame"": 0.000269, ""feat_secs_hsf"": 0.000815}"
brick,"brick:n=12,D=2,nn=1",1,"{""n"": 12.0, ""D"": 2.0, ""nn"": 1.0}",mps,ok,0.000149,0.0045,2441216,-0.004470431060879948,2,-0.004470431060879957,8.673617379884035e-18,,"{""n"": 12, ""gates"": 47, ""g2"": 11, ""g3"": 0, ""depth2"": 2, ""t_count"": 0, ""rotations"": 108, ""d"": 12, ""dense_l"": 18.2668, ""redundant"": 96, ""obs_zero"": false, ""frame_l"": 30.7549, ""chi_bits"": 1, ""mps_l"": 7.6147, ""hsf_k"": 1, ""hsf_na"": 6, ""hsf_nb"": 6, ""hsf_l"": 13.7944, ""sup"": 12, ""chi_bits0"": 1, ""mps_l0"": 7.6147, ""hsf_keff"": 1, ""hsf_l0"": 13.7944, ""sparse_l"": 17.5546, ""sv_l"": 17.5546, ""feat_secs"": 0.001119, ""feat_secs_frame"": 0.000269, ""feat_secs_hsf"": 0.000815}"
brick,"brick:n=12,D=2,nn=1",1,"{""n"": 12.0, ""D"": 2.0, ""nn"": 1.0}",hsf,ok,0.000664,0.0043,2359296,-0.004470431060879957,2,-0.004470431060879957,0.0,,"{""n"": 12, ""gates"": 47, ""g2"": 11, ""g3"": 0, ""depth2"": 2, ""t_count"": 0, ""rotations"": 108, ""d"": 12, ""dense_l"": 18.2668, ""redundant"": 96, ""obs_zero"": false, ""frame_l"": 30.7549, ""chi_bits"": 1, ""mps_l"": 7.6147, ""hsf_k"": 1, ""hsf_na"": 6, ""hsf_nb"": 6, ""hsf_l"": 13.7944, ""sup"": 12, ""chi_bits0"": 1, ""mps_l0"": 7.6147, ""hsf_keff"": 1, ""hsf_l0"": 13.7944, ""sparse_l"": 17.5546, ""sv_l"": 17.5546, ""feat_secs"": 0.001119, ""feat_secs_frame"": 0.000269, ""feat_secs_hsf"": 0.000815}"
brick,"brick:n=12,D=2,nn=1",1,"{""n"": 12.0, ""D"": 2.0, ""nn"": 1.0}",tableau,na,,0.0044,1818624,,,-0.004470431060879957,,"TooLarge { what: ""tableau (non-Clifford circuit)"", bytes: 0, limit: 0 }","{""n"": 12, ""gates"": 47, ""g2"": 11, ""g3"": 0, ""depth2"": 2, ""t_count"": 0, ""rotations"": 108, ""d"": 12, ""dense_l"": 18.2668, ""redundant"": 96, ""obs_zero"": false, ""frame_l"": 30.7549, ""chi_bits"": 1, ""mps_l"": 7.6147, ""hsf_k"": 1, ""hsf_na"": 6, ""hsf_nb"": 6, ""hsf_l"": 13.7944, ""sup"": 12, ""chi_bits0"": 1, ""mps_l0"": 7.6147, ""hsf_keff"": 1, ""hsf_l0"": 13.7944, ""sparse_l"": 17.5546, ""sv_l"": 17.5546, ""feat_secs"": 0.001119, ""feat_secs_frame"": 0.000269, ""feat_secs_hsf"": 0.000815}"
brick,"brick:n=12,D=2,nn=1",1,"{""n"": 12.0, ""D"": 2.0, ""nn"": 1.0}",frame,ok,1.19316,1.2022,629850112,-0.004470431060879976,6834375,-0.004470431060879957,1.9081958235744878e-17,switched_at=None dense_qubits=0 peak_terms=6834375 term_visits=48077870 dense_ops=0,"{""n"": 12, ""gates"": 47, ""g2"": 11, ""g3"": 0, ""depth2"": 2, ""t_count"": 0, ""rotations"": 108, ""d"": 12, ""dense_l"": 18.2668, ""redundant"": 96, ""obs_zero"": false, ""frame_l"": 30.7549, ""chi_bits"": 1, ""mps_l"": 7.6147, ""hsf_k"": 1, ""hsf_na"": 6, ""hsf_nb"": 6, ""hsf_l"": 13.7944, ""sup"": 12, ""chi_bits0"": 1, ""mps_l0"": 7.6147, ""hsf_keff"": 1, ""hsf_l0"": 13.7944, ""sparse_l"": 17.5546, ""sv_l"": 17.5546, ""feat_secs"": 0.001119, ""feat_secs_frame"": 0.000269, ""feat_secs_hsf"": 0.000815}"
brick,"brick:n=12,D=2,nn=1",1,"{""n"": 12.0, ""D"": 2.0, ""nn"": 1.0}",dense,ok,0.000398,0.0066,2293760,-0.004470431060879949,12,-0.004470431060879957,7.806255641895632e-18,switched_at=Some(84) dense_qubits=12 peak_terms=1 term_visits=0 dense_ops=221179,"{""n"": 12, ""gates"": 47, ""g2"": 11, ""g3"": 0, ""depth2"": 2, ""t_count"": 0, ""rotations"": 108, ""d"": 12, ""dense_l"": 18.2668, ""redundant"": 96, ""obs_zero"": false, ""frame_l"": 30.7549, ""chi_bits"": 1, ""mps_l"": 7.6147, ""hsf_k"": 1, ""hsf_na"": 6, ""hsf_nb"": 6, ""hsf_l"": 13.7944, ""sup"": 12, ""chi_bits0"": 1, ""mps_l0"": 7.6147, ""hsf_keff"": 1, ""hsf_l0"": 13.7944, ""sparse_l"": 17.5546, ""sv_l"": 17.5546, ""feat_secs"": 0.001119, ""feat_secs_frame"": 0.000269, ""feat_secs_hsf"": 0.000815}"
brick,"brick:n=12,D=2,nn=1",1,"{""n"": 12.0, ""D"": 2.0, ""nn"": 1.0}",auto,ok,0.00063,0.0077,2686976,-0.004470431060879965,12,-0.004470431060879957,7.806255641895632e-18,switched_at=Some(80) dense_qubits=12 peak_terms=4 term_visits=6 dense_ops=217083,"{""n"": 12, ""gates"": 47, ""g2"": 11, ""g3"": 0, ""depth2"": 2, ""t_count"": 0, ""rotations"": 108, ""d"": 12, ""dense_l"": 18.2668, ""redundant"": 96, ""obs_zero"": false, ""frame_l"": 30.7549, ""chi_bits"": 1, ""mps_l"": 7.6147, ""hsf_k"": 1, ""hsf_na"": 6, ""hsf_nb"": 6, ""hsf_l"": 13.7944, ""sup"": 12, ""chi_bits0"": 1, ""mps_l0"": 7.6147, ""hsf_keff"": 1, ""hsf_l0"": 13.7944, ""sparse_l"": 17.5546, ""sv_l"": 17.5546, ""feat_secs"": 0.001119, ""feat_secs_frame"": 0.000269, ""feat_secs_hsf"": 0.000815}"
brick,"brick:n=12,D=3,nn=1",1,"{""n"": 12.0, ""D"": 3.0, ""nn"": 1.0}",sv,ok,0.00027,0.0046,2244608,0.001292291942351172,4096,0.001292291942351172,0.0,,"{""n"": 12, ""gates"": 65, ""g2"": 17, ""g3"": 0, ""depth2"": 3, ""t_count"": 0, ""rotations"": 144, ""d"": 12, ""dense_l"": 18.8202, ""redundant"": 132, ""obs_zero"": false, ""frame_l"": 31.1699, ""chi_bits"": 2, ""mps_l"": 9.2574, ""hsf_k"": 1, ""hsf_na"": 6, ""hsf_nb"": 6, ""hsf_l"": 14.0112, ""sup"": 12, ""chi_bits0"": 2, ""mps_l0"": 9.2574, ""hsf_keff"": 1, ""hsf_l0"": 14.0112, ""sparse_l"": 18.0224, ""sv_l"": 18.0224, ""feat_secs"": 0.001335, ""feat_secs_frame"": 0.000366, ""feat_secs_hsf"": 0.00093}"
brick,"brick:n=12,D=3,nn=1",1,"{""n"": 12.0, ""D"": 3.0, ""nn"": 1.0}",sparse,ok,0.003542,0.0105,3178496,0.0012922919423512,4096,0.001292291942351172,2.7972416050126014e-17,,"{""n"": 12, ""gates"": 65, ""g2"": 17, ""g3"": 0, ""depth2"": 3, ""t_count"": 0, ""rotations"": 144, ""d"": 12, ""dense_l"": 18.8202, ""redundant"": 132, ""obs_zero"": false, ""frame_l"": 31.1699, ""chi_bits"": 2, ""mps_l"": 9.2574, ""hsf_k"": 1, ""hsf_na"": 6, ""hsf_nb"": 6, ""hsf_l"": 14.0112, ""sup"": 12, ""chi_bits0"": 2, ""mps_l0"": 9.2574, ""hsf_keff"": 1, ""hsf_l0"": 14.0112, ""sparse_l"": 18.0224, ""sv_l"": 18.0224, ""feat_secs"": 0.001335, ""feat_secs_frame"": 0.000366, ""feat_secs_hsf"": 0.00093}"
brick,"brick:n=12,D=3,nn=1",1,"{""n"": 12.0, ""D"": 3.0, ""nn"": 1.0}",mps,ok,0.000226,0.0045,2555904,0.001292291942351194,4,0.001292291942351172,2.190088388420719e-17,,"{""n"": 12, ""gates"": 65, ""g2"": 17, ""g3"": 0, ""depth2"": 3, ""t_count"": 0, ""rotations"": 144, ""d"": 12, ""dense_l"": 18.8202, ""redundant"": 132, ""obs_zero"": false, ""frame_l"": 31.1699, ""chi_bits"": 2, ""mps_l"": 9.2574, ""hsf_k"": 1, ""hsf_na"": 6, ""hsf_nb"": 6, ""hsf_l"": 14.0112, ""sup"": 12, ""chi_bits0"": 2, ""mps_l0"": 9.2574, ""hsf_keff"": 1, ""hsf_l0"": 14.0112, ""sparse_l"": 18.0224, ""sv_l"": 18.0224, ""feat_secs"": 0.001335, ""feat_secs_frame"": 0.000366, ""feat_secs_hsf"": 0.00093}"
brick,"brick:n=12,D=3,nn=1",1,"{""n"": 12.0, ""D"": 3.0, ""nn"": 1.0}",hsf,ok,0.000737,0.0072,2424832,0.001292291942351245,2,0.001292291942351172,7.3075226425523e-17,,"{""n"": 12, ""gates"": 65, ""g2"": 17, ""g3"": 0, ""depth2"": 3, ""t_count"": 0, ""rotations"": 144, ""d"": 12, ""dense_l"": 18.8202, ""redundant"": 132, ""obs_zero"": false, ""frame_l"": 31.1699, ""chi_bits"": 2, ""mps_l"": 9.2574, ""hsf_k"": 1, ""hsf_na"": 6, ""hsf_nb"": 6, ""hsf_l"": 14.0112, ""sup"": 12, ""chi_bits0"": 2, ""mps_l0"": 9.2574, ""hsf_keff"": 1, ""hsf_l0"": 14.0112, ""sparse_l"": 18.0224, ""sv_l"": 18.0224, ""feat_secs"": 0.001335, ""feat_secs_frame"": 0.000366, ""feat_secs_hsf"": 0.00093}"
brick,"brick:n=12,D=3,nn=1",1,"{""n"": 12.0, ""D"": 3.0, ""nn"": 1.0}",tableau,na,,0.0041,1818624,,,0.001292291942351172,,"TooLarge { what: ""tableau (non-Clifford circuit)"", bytes: 0, limit: 0 }","{""n"": 12, ""gates"": 65, ""g2"": 17, ""g3"": 0, ""depth2"": 3, ""t_count"": 0, ""rotations"": 144, ""d"": 12, ""dense_l"": 18.8202, ""redundant"": 132, ""obs_zero"": false, ""frame_l"": 31.1699, ""chi_bits"": 2, ""mps_l"": 9.2574, ""hsf_k"": 1, ""hsf_na"": 6, ""hsf_nb"": 6, ""hsf_l"": 14.0112, ""sup"": 12, ""chi_bits0"": 2, ""mps_l0"": 9.2574, ""hsf_keff"": 1, ""hsf_l0"": 14.0112, ""sparse_l"": 18.0224, ""sv_l"": 18.0224, ""feat_secs"": 0.001335, ""feat_secs_frame"": 0.000366, ""feat_secs_hsf"": 0.00093}"
brick,"brick:n=12,D=3,nn=1",1,"{""n"": 12.0, ""D"": 3.0, ""nn"": 1.0}",frame,ok,9.750177,9.7646,1429569536,0.001292291942351133,16043400,0.001292291942351172,3.903127820947816e-17,switched_at=None dense_qubits=0 peak_terms=16043400 term_visits=409291221 dense_ops=0,"{""n"": 12, ""gates"": 65, ""g2"": 17, ""g3"": 0, ""depth2"": 3, ""t_count"": 0, ""rotations"": 144, ""d"": 12, ""dense_l"": 18.8202, ""redundant"": 132, ""obs_zero"": false, ""frame_l"": 31.1699, ""chi_bits"": 2, ""mps_l"": 9.2574, ""hsf_k"": 1, ""hsf_na"": 6, ""hsf_nb"": 6, ""hsf_l"": 14.0112, ""sup"": 12, ""chi_bits0"": 2, ""mps_l0"": 9.2574, ""hsf_keff"": 1, ""hsf_l0"": 14.0112, ""sparse_l"": 18.0224, ""sv_l"": 18.0224, ""feat_secs"": 0.001335, ""feat_secs_frame"": 0.000366, ""feat_secs_hsf"": 0.00093}"
brick,"brick:n=12,D=3,nn=1",1,"{""n"": 12.0, ""D"": 3.0, ""nn"": 1.0}",dense,ok,0.000519,0.0081,2293760,0.00129229194235112,12,0.001292291942351172,5.204170427930421e-17,switched_at=Some(108) dense_qubits=12 peak_terms=1 term_visits=0 dense_ops=319483,"{""n"": 12, ""gates"": 65, ""g2"": 17, ""g3"": 0, ""depth2"": 3, ""t_count"": 0, ""rotations"": 144, ""d"": 12, ""dense_l"": 18.8202, ""redundant"": 132, ""obs_zero"": false, ""frame_l"": 31.1699, ""chi_bits"": 2, ""mps_l"": 9.2574, ""hsf_k"": 1, ""hsf_na"": 6, ""hsf_nb"": 6, ""hsf_l"": 14.0112, ""sup"": 12, ""chi_bits0"": 2, ""mps_l0"": 9.2574, ""hsf_keff"": 1, ""hsf_l0"": 14.0112, ""sparse_l"": 18.0224, ""sv_l"": 18.0224, ""feat_secs"": 0.001335, ""feat_secs_frame"": 0.000366, ""feat_secs_hsf"": 0.00093}"
brick,"brick:n=12,D=3,nn=1",1,"{""n"": 12.0, ""D"": 3.0, ""nn"": 1.0}",auto,ok,0.000828,0.0077,2686976,0.001292291942351174,12,0.001292291942351172,1.951563910473908e-18,switched_at=Some(104) dense_qubits=12 peak_terms=4 term_visits=6 dense_ops=315387,"{""n"": 12, ""gates"": 65, ""g2"": 17, ""g3"": 0, ""depth2"": 3, ""t_count"": 0, ""rotations"": 144, ""d"": 12, ""dense_l"": 18.8202, ""redundant"": 132, ""obs_zero"": false, ""frame_l"": 31.1699, ""chi_bits"": 2, ""mps_l"": 9.2574, ""hsf_k"": 1, ""hsf_na"": 6, ""hsf_nb"": 6, ""hsf_l"": 14.0112, ""sup"": 12, ""chi_bits0"": 2, ""mps_l0"": 9.2574, ""hsf_keff"": 1, ""hsf_l0"": 14.0112, ""sparse_l"": 18.0224, ""sv_l"": 18.0224, ""feat_secs"": 0.001335, ""feat_secs_frame"": 0.000366, ""feat_secs_hsf"": 0.00093}"
brick,"brick:n=12,D=4,nn=1",1,"{""n"": 12.0, ""D"": 4.0, ""nn"": 1.0}",sv,ok,0.000413,0.0076,2310144,-0.01670877688668039,4096,-0.01670877688668039,0.0,,"{""n"": 12, ""gates"": 82, ""g2"": 22, ""g3"": 0, ""depth2"": 4, ""t_count"": 0, ""rotations"": 180, ""d"": 12, ""dense_l"": 19.2192, ""redundant"": 168, ""obs_zero"": false, ""frame_l"": 31.4919, ""chi_bits"": 2, ""mps_l"": 10.1033, ""hsf_k"": 2, ""hsf_na"": 6, ""hsf_nb"": 6, ""hsf_l"": 15.1898, ""sup"": 12, ""chi_bits0"": 2, ""mps_l0"": 10.1033, ""hsf_keff"": 2, ""hsf_l0"": 15.1898, ""sparse_l"": 18.3576, ""sv_l"": 18.3576, ""feat_secs"": 0.001554, ""feat_secs_frame"": 0.0005, ""feat_secs_hsf"": 0.001004}"
brick,"brick:n=12,D=4,nn=1",1,"{""n"": 12.0, ""D"": 4.0, ""nn"": 1.0}",sparse,ok,0.005074,0.0129,3211264,-0.01670877688668046,4096,-0.01670877688668039,6.938893903907228e-17,,"{""n"": 12, ""gates"": 82, ""g2"": 22, ""g3"": 0, ""depth2"": 4, ""t_count"": 0, ""rotations"": 180, ""d"": 12, ""dense_l"": 19.2192, ""redundant"": 168, ""obs_zero"": false, ""frame_l"": 31.4919, ""chi_bits"": 2, ""mps_l"": 10.1033, ""hsf_k"": 2, ""hsf_na"": 6, ""hsf_nb"": 6, ""hsf_l"": 15.1898, ""sup"": 12, ""chi_bits0"": 2, ""mps_l0"": 10.1033, ""hsf_keff"": 2, ""hsf_l0"": 15.1898, ""sparse_l"": 18.3576, ""sv_l"": 18.3576, ""feat_secs"": 0.001554, ""feat_secs_frame"": 0.0005, ""feat_secs_hsf"": 0.001004}"
brick,"brick:n=12,D=4,nn=1",1,"{""n"": 12.0, ""D"": 4.0, ""nn"": 1.0}",mps,ok,0.000312,0.0076,2588672,-0.01670877688668035,4,-0.01670877688668039,4.163336342344337e-17,,"{""n"": 12, ""gates"": 82, ""g2"": 22, ""g3"": 0, ""depth2"": 4, ""t_count"": 0, ""rotations"": 180, ""d"": 12, ""dense_l"": 19.2192, ""redundant"": 168, ""obs_zero"": false, ""frame_l"": 31.4919, ""chi_bits"": 2, ""mps_l"": 10.1033, ""hsf_k"": 2, ""hsf_na"": 6, ""hsf_nb"": 6, ""hsf_l"": 15.1898, ""sup"": 12, ""chi_bits0"": 2, ""mps_l0"": 10.1033, ""hsf_keff"": 2, ""hsf_l0"": 15.1898, ""sparse_l"": 18.3576, ""sv_l"": 18.3576, ""feat_secs"": 0.001554, ""feat_secs_frame"": 0.0005, ""feat_secs_hsf"": 0.001004}"
brick,"brick:n=12,D=4,nn=1",1,"{""n"": 12.0, ""D"": 4.0, ""nn"": 1.0}",hsf,ok,0.000921,0.0072,2555904,-0.0167087768866804,4,-0.01670877688668039,1.0408340855860843e-17,,"{""n"": 12, ""gates"": 82, ""g2"": 22, ""g3"": 0, ""depth2"": 4, ""t_count"": 0, ""rotations"": 180, ""d"": 12, ""dense_l"": 19.2192, ""redundant"": 168, ""obs_zero"": false, ""frame_l"": 31.4919, ""chi_bits"": 2, ""mps_l"": 10.1033, ""hsf_k"": 2, ""hsf_na"": 6, ""hsf_nb"": 6, ""hsf_l"": 15.1898, ""sup"": 12, ""chi_bits0"": 2, ""mps_l0"": 10.1033, ""hsf_keff"": 2, ""hsf_l0"": 15.1898, ""sparse_l"": 18.3576, ""sv_l"": 18.3576, ""feat_secs"": 0.001554, ""feat_secs_frame"": 0.0005, ""feat_secs_hsf"": 0.001004}"
brick,"brick:n=12,D=4,nn=1",1,"{""n"": 12.0, ""D"": 4.0, ""nn"": 1.0}",tableau,na,,0.0049,1818624,,,-0.01670877688668039,,"TooLarge { what: ""tableau (non-Clifford circuit)"", bytes: 0, limit: 0 }","{""n"": 12, ""gates"": 82, ""g2"": 22, ""g3"": 0, ""depth2"": 4, ""t_count"": 0, ""rotations"": 180, ""d"": 12, ""dense_l"": 19.2192, ""redundant"": 168, ""obs_zero"": false, ""frame_l"": 31.4919, ""chi_bits"": 2, ""mps_l"": 10.1033, ""hsf_k"": 2, ""hsf_na"": 6, ""hsf_nb"": 6, ""hsf_l"": 15.1898, ""sup"": 12, ""chi_bits0"": 2, ""mps_l0"": 10.1033, ""hsf_keff"": 2, ""hsf_l0"": 15.1898, ""sparse_l"": 18.3576, ""sv_l"": 18.3576, ""feat_secs"": 0.001554, ""feat_secs_frame"": 0.0005, ""feat_secs_hsf"": 0.001004}"
brick,"brick:n=12,D=4,nn=1",1,"{""n"": 12.0, ""D"": 4.0, ""nn"": 1.0}",frame,timeout,,10.0169,1259765760,,,-0.01670877688668039,,timeout,"{""n"": 12, ""gates"": 82, ""g2"": 22, ""g3"": 0, ""depth2"": 4, ""t_count"": 0, ""rotations"": 180, ""d"": 12, ""dense_l"": 19.2192, ""redundant"": 168, ""obs_zero"": false, ""frame_l"": 31.4919, ""chi_bits"": 2, ""mps_l"": 10.1033, ""hsf_k"": 2, ""hsf_na"": 6, ""hsf_nb"": 6, ""hsf_l"": 15.1898, ""sup"": 12, ""chi_bits0"": 2, ""mps_l0"": 10.1033, ""hsf_keff"": 2, ""hsf_l0"": 15.1898, ""sparse_l"": 18.3576, ""sv_l"": 18.3576, ""feat_secs"": 0.001554, ""feat_secs_frame"": 0.0005, ""feat_secs_hsf"": 0.001004}"
brick,"brick:n=12,D=4,nn=1",1,"{""n"": 12.0, ""D"": 4.0, ""nn"": 1.0}",dense,ok,0.000657,0.0073,2310144,-0.01670877688668041,12,-0.01670877688668039,2.0816681711721685e-17,switched_at=Some(132) dense_qubits=12 peak_terms=1 term_visits=0 dense_ops=417787,"{""n"": 12, ""gates"": 82, ""g2"": 22, ""g3"": 0, ""depth2"": 4, ""t_count"": 0, ""rotations"": 180, ""d"": 12, ""dense_l"": 19.2192, ""redundant"": 168, ""obs_zero"": false, ""frame_l"": 31.4919, ""chi_bits"": 2, ""mps_l"": 10.1033, ""hsf_k"": 2, ""hsf_na"": 6, ""hsf_nb"": 6, ""hsf_l"": 15.1898, ""sup"": 12, ""chi_bits0"": 2, ""mps_l0"": 10.1033, ""hsf_keff"": 2, ""hsf_l0"": 15.1898, ""sparse_l"": 18.3576, ""sv_l"": 18.3576, ""feat_secs"": 0.001554, ""feat_secs_frame"": 0.0005, ""feat_secs_hsf"": 0.001004}"
brick,"brick:n=12,D=4,nn=1",1,"{""n"": 12.0, ""D"": 4.0, ""nn"": 1.0}",auto,ok,0.001008,0.0076,2703360,-0.01670877688668034,12,-0.01670877688668039,5.204170427930421e-17,switched_at=Some(128) dense_qubits=12 peak_terms=4 term_visits=6 dense_ops=413691,"{""n"": 12, ""gates"": 82, ""g2"": 22, ""g3"": 0, ""depth2"": 4, ""t_count"": 0, ""rotations"": 180, ""d"": 12, ""dense_l"": 19.2192, ""redundant"": 168, ""obs_zero"": false, ""frame_l"": 31.4919, ""chi_bits"": 2, ""mps_l"": 10.1033, ""hsf_k"": 2, ""hsf_na"": 6, ""hsf_nb"": 6, ""hsf_l"": 15.1898, ""sup"": 12, ""chi_bits0"": 2, ""mps_l0"": 10.1033, ""hsf_keff"": 2, ""hsf_l0"": 15.1898, ""sparse_l"": 18.3576, ""sv_l"": 18.3576, ""feat_secs"": 0.001554, ""feat_secs_frame"": 0.0005, ""feat_secs_hsf"": 0.001004}"
brick,"brick:n=12,D=6,nn=1",1,"{""n"": 12.0, ""D"": 6.0, ""nn"": 1.0}",sv,ok,0.000438,0.0067,2359296,-0.01024618332568436,4096,-0.01024618332568436,0.0,,"{""n"": 12, ""gates"": 117, ""g2"": 33, ""g3"": 0, ""depth2"": 6, ""t_count"": 0, ""rotations"": 252, ""d"": 12, ""dense_l"": 19.7879, ""redundant"": 240, ""obs_zero"": false, ""frame_l"": 31.9773, ""chi_bits"": 3, ""mps_l"": 12.5343, ""hsf_k"": 3, ""hsf_na"": 6, ""hsf_nb"": 6, ""hsf_l"": 16.4998, ""sup"": 12, ""chi_bits0"": 3, ""mps_l0"": 12.5343, ""hsf_keff"": 3, ""hsf_l0"": 16.4998, ""sparse_l"": 18.8704, ""sv_l"": 18.8704, ""feat_secs"": 0.001817, ""feat_secs_frame"": 0.000695, ""feat_secs_hsf"": 0.001012}"
brick,"brick:n=12,D=6,nn=1",1,"{""n"": 12.0, ""D"": 6.0, ""nn"": 1.0}",sparse,ok,0.006954,0.0134,3211264,-0.01024618332568434,4096,-0.01024618332568436,2.0816681711721685e-17,,"{""n"": 12, ""gates"": 117, ""g2"": 33, ""g3"": 0, ""depth2"": 6, ""t_count"": 0, ""rotations"": 252, ""d"": 12, ""dense_l"": 19.7879, ""redundant"": 240, ""obs_zero"": false, ""frame_l"": 31.9773, ""chi_bits"": 3, ""mps_l"": 12.5343, ""hsf_k"": 3, ""hsf_na"": 6, ""hsf_nb"": 6, ""hsf_l"": 16.4998, ""sup"": 12, ""chi_bits0"": 3, ""mps_l0"": 12.5343, ""hsf_keff"": 3, ""hsf_l0"": 16.4998, ""sparse_l"": 18.8704, ""sv_l"": 18.8704, ""feat_secs"": 0.001817, ""feat_secs_frame"": 0.000695, ""feat_secs_hsf"": 0.001012}"
brick,"brick:n=12,D=6,nn=1",1,"{""n"": 12.0, ""D"": 6.0, ""nn"": 1.0}",mps,ok,0.000572,0.0073,2801664,-0.01024618332568427,8,-0.01024618332568436,9.020562075079397e-17,,"{""n"": 12, ""gates"": 117, ""g2"": 33, ""g3"": 0, ""depth2"": 6, ""t_count"": 0, ""rotations"": 252, ""d"": 12, ""dense_l"": 19.7879, ""redundant"": 240, ""obs_zero"": false, ""frame_l"": 31.9773, ""chi_bits"": 3, ""mps_l"": 12.5343, ""hsf_k"": 3, ""hsf_na"": 6, ""hsf_nb"": 6, ""hsf_l"": 16.4998, ""sup"": 12, ""chi_bits0"": 3, ""mps_l0"": 12.5343, ""hsf_keff"": 3, ""hsf_l0"": 16.4998, ""sparse_l"": 18.8704, ""sv_l"": 18.8704, ""feat_secs"": 0.001817, ""feat_secs_frame"": 0.000695, ""feat_secs_hsf"": 0.001012}"
brick,"brick:n=12,D=6,nn=1",1,"{""n"": 12.0, ""D"": 6.0, ""nn"": 1.0}",hsf,ok,0.000835,0.0077,2572288,-0.01024618332568437,8,-0.01024618332568436,1.0408340855860843e-17,,"{""n"": 12, ""gates"": 117, ""g2"": 33, ""g3"": 0, ""depth2"": 6, ""t_count"": 0, ""rotations"": 252, ""d"": 12, ""dense_l"": 19.7879, ""redundant"": 240, ""obs_zero"": false, ""frame_l"": 31.9773, ""chi_bits"": 3, ""mps_l"": 12.5343, ""hsf_k"": 3, ""hsf_na"": 6, ""hsf_nb"": 6, ""hsf_l"": 16.4998, ""sup"": 12, ""chi_bits0"": 3, ""mps_l0"": 12.5343, ""hsf_keff"": 3, ""hsf_l0"": 16.4998, ""sparse_l"": 18.8704, ""sv_l"": 18.8704, ""feat_secs"": 0.001817, ""feat_secs_frame"": 0.000695, ""feat_secs_hsf"": 0.001012}"
brick,"brick:n=12,D=6,nn=1",1,"{""n"": 12.0, ""D"": 6.0, ""nn"": 1.0}",tableau,na,,0.0047,1818624,,,-0.01024618332568436,,"TooLarge { what: ""tableau (non-Clifford circuit)"", bytes: 0, limit: 0 }","{""n"": 12, ""gates"": 117, ""g2"": 33, ""g3"": 0, ""depth2"": 6, ""t_count"": 0, ""rotations"": 252, ""d"": 12, ""dense_l"": 19.7879, ""redundant"": 240, ""obs_zero"": false, ""frame_l"": 31.9773, ""chi_bits"": 3, ""mps_l"": 12.5343, ""hsf_k"": 3, ""hsf_na"": 6, ""hsf_nb"": 6, ""hsf_l"": 16.4998, ""sup"": 12, ""chi_bits0"": 3, ""mps_l0"": 12.5343, ""hsf_keff"": 3, ""hsf_l0"": 16.4998, ""sparse_l"": 18.8704, ""sv_l"": 18.8704, ""feat_secs"": 0.001817, ""feat_secs_frame"": 0.000695, ""feat_secs_hsf"": 0.001012}"
brick,"brick:n=12,D=6,nn=1",1,"{""n"": 12.0, ""D"": 6.0, ""nn"": 1.0}",frame,skipped,,,,,,-0.01024618332568436,,,"{""n"": 12, ""gates"": 117, ""g2"": 33, ""g3"": 0, ""depth2"": 6, ""t_count"": 0, ""rotations"": 252, ""d"": 12, ""dense_l"": 19.7879, ""redundant"": 240, ""obs_zero"": false, ""frame_l"": 31.9773, ""chi_bits"": 3, ""mps_l"": 12.5343, ""hsf_k"": 3, ""hsf_na"": 6, ""hsf_nb"": 6, ""hsf_l"": 16.4998, ""sup"": 12, ""chi_bits0"": 3, ""mps_l0"": 12.5343, ""hsf_keff"": 3, ""hsf_l0"": 16.4998, ""sparse_l"": 18.8704, ""sv_l"": 18.8704, ""feat_secs"": 0.001817, ""feat_secs_frame"": 0.000695, ""feat_secs_hsf"": 0.001012}"
brick,"brick:n=12,D=6,nn=1",1,"{""n"": 12.0, ""D"": 6.0, ""nn"": 1.0}",dense,ok,0.000918,0.0076,2310144,-0.01024618332568441,12,-0.01024618332568436,5.0306980803327406e-17,switched_at=Some(180) dense_qubits=12 peak_terms=1 term_visits=0 dense_ops=614395,"{""n"": 12, ""gates"": 117, ""g2"": 33, ""g3"": 0, ""depth2"": 6, ""t_count"": 0, ""rotations"": 252, ""d"": 12, ""dense_l"": 19.7879, ""redundant"": 240, ""obs_zero"": false, ""frame_l"": 31.9773, ""chi_bits"": 3, ""mps_l"": 12.5343, ""hsf_k"": 3, ""hsf_na"": 6, ""hsf_nb"": 6, ""hsf_l"": 16.4998, ""sup"": 12, ""chi_bits0"": 3, ""mps_l0"": 12.5343, ""hsf_keff"": 3, ""hsf_l0"": 16.4998, ""sparse_l"": 18.8704, ""sv_l"": 18.8704, ""feat_secs"": 0.001817, ""feat_secs_frame"": 0.000695, ""feat_secs_hsf"": 0.001012}"
brick,"brick:n=12,D=6,nn=1",1,"{""n"": 12.0, ""D"": 6.0, ""nn"": 1.0}",auto,ok,0.001285,0.0081,2703360,-0.01024618332568445,12,-0.01024618332568436,9.020562075079397e-17,switched_at=Some(176) dense_qubits=12 peak_terms=4 term_visits=6 dense_ops=610299,"{""n"": 12, ""gates"": 117, ""g2"": 33, ""g3"": 0, ""depth2"": 6, ""t_count"": 0, ""rotations"": 252, ""d"": 12, ""dense_l"": 19.7879, ""redundant"": 240, ""obs_zero"": false, ""frame_l"": 31.9773, ""chi_bits"": 3, ""mps_l"": 12.5343, ""hsf_k"": 3, ""hsf_na"": 6, ""hsf_nb"": 6, ""hsf_l"": 16.4998, ""sup"": 12, ""chi_bits0"": 3, ""mps_l0"": 12.5343, ""hsf_keff"": 3, ""hsf_l0"": 16.4998, ""sparse_l"": 18.8704, ""sv_l"": 18.8704, ""feat_secs"": 0.001817, ""feat_secs_frame"": 0.000695, ""feat_secs_hsf"": 0.001012}"
brick,"brick:n=12,D=8,nn=1",1,"{""n"": 12.0, ""D"": 8.0, ""nn"": 1.0}",sv,ok,0.000516,0.0062,2375680,-0.01605576551847955,4096,-0.01605576551847955,0.0,,"{""n"": 12, ""gates"": 152, ""g2"": 44, ""g3"": 0, ""depth2"": 8, ""t_count"": 0, ""rotations"": 324, ""d"": 12, ""dense_l"": 20.1948, ""redundant"": 312, ""obs_zero"": false, ""frame_l"": 32.3399, ""chi_bits"": 4, ""mps_l"": 14.9014, ""hsf_k"": 4, ""hsf_na"": 6, ""hsf_nb"": 6, ""hsf_l"": 17.7549, ""sup"": 12, ""chi_bits0"": 4, ""mps_l0"": 14.9014, ""hsf_keff"": 4, ""hsf_l0"": 17.7549, ""sparse_l"": 19.2479, ""sv_l"": 19.2479, ""feat_secs"": 0.00196, ""feat_secs_frame"": 0.00088, ""feat_secs_hsf"": 0.001}"
brick,"brick:n=12,D=8,nn=1",1,"{""n"": 12.0, ""D"": 8.0, ""nn"": 1.0}",sparse,ok,0.00948,0.0161,3211264,-0.01605576551847949,4096,-0.01605576551847955,5.898059818321144e-17,,"{""n"": 12, ""gates"": 152, ""g2"": 44, ""g3"": 0, ""depth2"": 8, ""t_count"": 0, ""rotations"": 324, ""d"": 12, ""dense_l"": 20.1948, ""redundant"": 312, ""obs_zero"": false, ""frame_l"": 32.3399, ""chi_bits"": 4, ""mps_l"": 14.9014, ""hsf_k"": 4, ""hsf_na"": 6, ""hsf_nb"": 6, ""hsf_l"": 17.7549, ""sup"": 12, ""chi_bits0"": 4, ""mps_l0"": 14.9014, ""hsf_keff"": 4, ""hsf_l0"": 17.7549, ""sparse_l"": 19.2479, ""sv_l"": 19.2479, ""feat_secs"": 0.00196, ""feat_secs_frame"": 0.00088, ""feat_secs_hsf"": 0.001}"
brick,"brick:n=12,D=8,nn=1",1,"{""n"": 12.0, ""D"": 8.0, ""nn"": 1.0}",mps,ok,0.001252,0.0067,3276800,-0.01605576551847956,16,-0.01605576551847955,1.0408340855860843e-17,,"{""n"": 12, ""gates"": 152, ""g2"": 44, ""g3"": 0, ""depth2"": 8, ""t_count"": 0, ""rotations"": 324, ""d"": 12, ""dense_l"": 20.1948, ""redundant"": 312, ""obs_zero"": false, ""frame_l"": 32.3399, ""chi_bits"": 4, ""mps_l"": 14.9014, ""hsf_k"": 4, ""hsf_na"": 6, ""hsf_nb"": 6, ""hsf_l"": 17.7549, ""sup"": 12, ""chi_bits0"": 4, ""mps_l0"": 14.9014, ""hsf_keff"": 4, ""hsf_l0"": 17.7549, ""sparse_l"": 19.2479, ""sv_l"": 19.2479, ""feat_secs"": 0.00196, ""feat_secs_frame"": 0.00088, ""feat_secs_hsf"": 0.001}"
brick,"brick:n=12,D=8,nn=1",1,"{""n"": 12.0, ""D"": 8.0, ""nn"": 1.0}",hsf,ok,0.000898,0.0077,2637824,-0.01605576551847954,16,-0.01605576551847955,1.0408340855860843e-17,,"{""n"": 12, ""gates"": 152, ""g2"": 44, ""g3"": 0, ""depth2"": 8, ""t_count"": 0, ""rotations"": 324, ""d"": 12, ""dense_l"": 20.1948, ""redundant"": 312, ""obs_zero"": false, ""frame_l"": 32.3399, ""chi_bits"": 4, ""mps_l"": 14.9014, ""hsf_k"": 4, ""hsf_na"": 6, ""hsf_nb"": 6, ""hsf_l"": 17.7549, ""sup"": 12, ""chi_bits0"": 4, ""mps_l0"": 14.9014, ""hsf_keff"": 4, ""hsf_l0"": 17.7549, ""sparse_l"": 19.2479, ""sv_l"": 19.2479, ""feat_secs"": 0.00196, ""feat_secs_frame"": 0.00088, ""feat_secs_hsf"": 0.001}"
brick,"brick:n=12,D=8,nn=1",1,"{""n"": 12.0, ""D"": 8.0, ""nn"": 1.0}",tableau,na,,0.0047,1835008,,,-0.01605576551847955,,"TooLarge { what: ""tableau (non-Clifford circuit)"", bytes: 0, limit: 0 }","{""n"": 12, ""gates"": 152, ""g2"": 44, ""g3"": 0, ""depth2"": 8, ""t_count"": 0, ""rotations"": 324, ""d"": 12, ""dense_l"": 20.1948, ""redundant"": 312, ""obs_zero"": false, ""frame_l"": 32.3399, ""chi_bits"": 4, ""mps_l"": 14.9014, ""hsf_k"": 4, ""hsf_na"": 6, ""hsf_nb"": 6, ""hsf_l"": 17.7549, ""sup"": 12, ""chi_bits0"": 4, ""mps_l0"": 14.9014, ""hsf_keff"": 4, ""hsf_l0"": 17.7549, ""sparse_l"": 19.2479, ""sv_l"": 19.2479, ""feat_secs"": 0.00196, ""feat_secs_frame"": 0.00088, ""feat_secs_hsf"": 0.001}"
brick,"brick:n=12,D=8,nn=1",1,"{""n"": 12.0, ""D"": 8.0, ""nn"": 1.0}",frame,skipped,,,,,,-0.01605576551847955,,,"{""n"": 12, ""gates"": 152, ""g2"": 44, ""g3"": 0, ""depth2"": 8, ""t_count"": 0, ""rotations"": 324, ""d"": 12, ""dense_l"": 20.1948, ""redundant"": 312, ""obs_zero"": false, ""frame_l"": 32.3399, ""chi_bits"": 4, ""mps_l"": 14.9014, ""hsf_k"": 4, ""hsf_na"": 6, ""hsf_nb"": 6, ""hsf_l"": 17.7549, ""sup"": 12, ""chi_bits0"": 4, ""mps_l0"": 14.9014, ""hsf_keff"": 4, ""hsf_l0"": 17.7549, ""sparse_l"": 19.2479, ""sv_l"": 19.2479, ""feat_secs"": 0.00196, ""feat_secs_frame"": 0.00088, ""feat_secs_hsf"": 0.001}"
brick,"brick:n=12,D=8,nn=1",1,"{""n"": 12.0, ""D"": 8.0, ""nn"": 1.0}",dense,ok,0.001184,0.0076,2359296,-0.01605576551847951,12,-0.01605576551847955,4.163336342344337e-17,switched_at=Some(228) dense_qubits=12 peak_terms=1 term_visits=0 dense_ops=811003,"{""n"": 12, ""gates"": 152, ""g2"": 44, ""g3"": 0, ""depth2"": 8, ""t_count"": 0, ""rotations"": 324, ""d"": 12, ""dense_l"": 20.1948, ""redundant"": 312, ""obs_zero"": false, ""frame_l"": 32.3399, ""chi_bits"": 4, ""mps_l"": 14.9014, ""hsf_k"": 4, ""hsf_na"": 6, ""hsf_nb"": 6, ""hsf_l"": 17.7549, ""sup"": 12, ""chi_bits0"": 4, ""mps_l0"": 14.9014, ""hsf_keff"": 4, ""hsf_l0"": 17.7549, ""sparse_l"": 19.2479, ""sv_l"": 19.2479, ""feat_secs"": 0.00196, ""feat_secs_frame"": 0.00088, ""feat_secs_hsf"": 0.001}"
brick,"brick:n=12,D=8,nn=1",1,"{""n"": 12.0, ""D"": 8.0, ""nn"": 1.0}",auto,ok,0.001573,0.0077,2785280,-0.01605576551847954,12,-0.01605576551847955,1.0408340855860843e-17,switched_at=Some(224) dense_qubits=12 peak_terms=4 term_visits=6 dense_ops=806907,"{""n"": 12, ""gates"": 152, ""g2"": 44, ""g3"": 0, ""depth2"": 8, ""t_count"": 0, ""rotations"": 324, ""d"": 12, ""dense_l"": 20.1948, ""redundant"": 312, ""obs_zero"": false, ""frame_l"": 32.3399, ""chi_bits"": 4, ""mps_l"": 14.9014, ""hsf_k"": 4, ""hsf_na"": 6, ""hsf_nb"": 6, ""hsf_l"": 17.7549, ""sup"": 12, ""chi_bits0"": 4, ""mps_l0"": 14.9014, ""hsf_keff"": 4, ""hsf_l0"": 17.7549, ""sparse_l"": 19.2479, ""sv_l"": 19.2479, ""feat_secs"": 0.00196, ""feat_secs_frame"": 0.00088, ""feat_secs_hsf"": 0.001}"
brick,"brick:n=12,D=12,nn=1",1,"{""n"": 12.0, ""D"": 12.0, ""nn"": 1.0}",sv,ok,0.000741,0.0077,2490368,-0.01098517673574545,4096,-0.01098517673574545,0.0,,"{""n"": 12, ""gates"": 222, ""g2"": 66, ""g3"": 0, ""depth2"": 12, ""t_count"": 0, ""rotations"": 468, ""d"": 12, ""dense_l"": 20.7715, ""redundant"": 456, ""obs_zero"": false, ""frame_l"": 32.8704, ""chi_bits"": 6, ""mps_l"": 18.9332, ""hsf_k"": 6, ""hsf_na"": 6, ""hsf_nb"": 6, ""hsf_l"": 20.1599, ""sup"": 12, ""chi_bits0"": 6, ""mps_l0"": 18.9332, ""hsf_keff"": 6, ""hsf_l0"": 20.1599, ""sparse_l"": 19.7944, ""sv_l"": 19.7944, ""feat_secs"": 0.002438, ""feat_secs_frame"": 0.001318, ""feat_secs_hsf"": 0.001015}"
brick,"brick:n=12,D=12,nn=1",1,"{""n"": 12.0, ""D"": 12.0, ""nn"": 1.0}",sparse,ok,0.014454,0.0210,3244032,-0.01098517673574552,4096,-0.01098517673574545,6.938893903907228e-17,,"{""n"": 12, ""gates"": 222, ""g2"": 66, ""g3"": 0, ""depth2"": 12, ""t_count"": 0, ""rotations"": 468, ""d"": 12, ""dense_l"": 20.7715, ""redundant"": 456, ""obs_zero"": false, ""frame_l"": 32.8704, ""chi_bits"": 6, ""mps_l"": 18.9332, ""hsf_k"": 6, ""hsf_na"": 6, ""hsf_nb"": 6, ""hsf_l"": 20.1599, ""sup"": 12, ""chi_bits0"": 6, ""mps_l0"": 18.9332, ""hsf_keff"": 6, ""hsf_l0"": 20.1599, ""sparse_l"": 19.7944, ""sv_l"": 19.7944, ""feat_secs"": 0.002438, ""feat_secs_frame"": 0.001318, ""feat_secs_hsf"": 0.001015}"
brick,"brick:n=12,D=12,nn=1",1,"{""n"": 12.0, ""D"": 12.0, ""nn"": 1.0}",mps,ok,0.007847,0.0133,4734976,-0.01098517673574602,64,-0.01098517673574545,5.707240235963695e-16,,"{""n"": 12, ""gates"": 222, ""g2"": 66, ""g3"": 0, ""depth2"": 12, ""t_count"": 0, ""rotations"": 468, ""d"": 12, ""dense_l"": 20.7715, ""redundant"": 456, ""obs_zero"": false, ""frame_l"": 32.8704, ""chi_bits"": 6, ""mps_l"": 18.9332, ""hsf_k"": 6, ""hsf_na"": 6, ""hsf_nb"": 6, ""hsf_l"": 20.1599, ""sup"": 12, ""chi_bits0"": 6, ""mps_l0"": 18.9332, ""hsf_keff"": 6, ""hsf_l0"": 20.1599, ""sparse_l"": 19.7944, ""sv_l"": 19.7944, ""feat_secs"": 0.002438, ""feat_secs_frame"": 0.001318, ""feat_secs_hsf"": 0.001015}"
brick,"brick:n=12,D=12,nn=1",1,"{""n"": 12.0, ""D"": 12.0, ""nn"": 1.0}",hsf,ok,0.001345,0.0080,2850816,-0.01098517673574548,64,-0.01098517673574545,2.949029909160572e-17,,"{""n"": 12, ""gates"": 222, ""g2"": 66, ""g3"": 0, ""depth2"": 12, ""t_count"": 0, ""rotations"": 468, ""d"": 12, ""dense_l"": 20.7715, ""redundant"": 456, ""obs_zero"": false, ""frame_l"": 32.8704, ""chi_bits"": 6, ""mps_l"": 18.9332, ""hsf_k"": 6, ""hsf_na"": 6, ""hsf_nb"": 6, ""hsf_l"": 20.1599, ""sup"": 12, ""chi_bits0"": 6, ""mps_l0"": 18.9332, ""hsf_keff"": 6, ""hsf_l0"": 20.1599, ""sparse_l"": 19.7944, ""sv_l"": 19.7944, ""feat_secs"": 0.002438, ""feat_secs_frame"": 0.001318, ""feat_secs_hsf"": 0.001015}"
brick,"brick:n=12,D=12,nn=1",1,"{""n"": 12.0, ""D"": 12.0, ""nn"": 1.0}",tableau,na,,0.0048,1835008,,,-0.01098517673574545,,"TooLarge { what: ""tableau (non-Clifford circuit)"", bytes: 0, limit: 0 }","{""n"": 12, ""gates"": 222, ""g2"": 66, ""g3"": 0, ""depth2"": 12, ""t_count"": 0, ""rotations"": 468, ""d"": 12, ""dense_l"": 20.7715, ""redundant"": 456, ""obs_zero"": false, ""frame_l"": 32.8704, ""chi_bits"": 6, ""mps_l"": 18.9332, ""hsf_k"": 6, ""hsf_na"": 6, ""hsf_nb"": 6, ""hsf_l"": 20.1599, ""sup"": 12, ""chi_bits0"": 6, ""mps_l0"": 18.9332, ""hsf_keff"": 6, ""hsf_l0"": 20.1599, ""sparse_l"": 19.7944, ""sv_l"": 19.7944, ""feat_secs"": 0.002438, ""feat_secs_frame"": 0.001318, ""feat_secs_hsf"": 0.001015}"
brick,"brick:n=12,D=12,nn=1",1,"{""n"": 12.0, ""D"": 12.0, ""nn"": 1.0}",frame,skipped,,,,,,-0.01098517673574545,,,"{""n"": 12, ""gates"": 222, ""g2"": 66, ""g3"": 0, ""depth2"": 12, ""t_count"": 0, ""rotations"": 468, ""d"": 12, ""dense_l"": 20.7715, ""redundant"": 456, ""obs_zero"": false, ""frame_l"": 32.8704, ""chi_bits"": 6, ""mps_l"": 18.9332, ""hsf_k"": 6, ""hsf_na"": 6, ""hsf_nb"": 6, ""hsf_l"": 20.1599, ""sup"": 12, ""chi_bits0"": 6, ""mps_l0"": 18.9332, ""hsf_keff"": 6, ""hsf_l0"": 20.1599, ""sparse_l"": 19.7944, ""sv_l"": 19.7944, ""feat_secs"": 0.002438, ""feat_secs_frame"": 0.001318, ""feat_secs_hsf"": 0.001015}"
brick,"brick:n=12,D=12,nn=1",1,"{""n"": 12.0, ""D"": 12.0, ""nn"": 1.0}",dense,ok,0.001786,0.0072,2375680,-0.01098517673574553,12,-0.01098517673574545,7.979727989493313e-17,switched_at=Some(324) dense_qubits=12 peak_terms=1 term_visits=0 dense_ops=1204219,"{""n"": 12, ""gates"": 222, ""g2"": 66, ""g3"": 0, ""depth2"": 12, ""t_count"": 0, ""rotations"": 468, ""d"": 12, ""dense_l"": 20.7715, ""redundant"": 456, ""obs_zero"": false, ""frame_l"": 32.8704, ""chi_bits"": 6, ""mps_l"": 18.9332, ""hsf_k"": 6, ""hsf_na"": 6, ""hsf_nb"": 6, ""hsf_l"": 20.1599, ""sup"": 12, ""chi_bits0"": 6, ""mps_l0"": 18.9332, ""hsf_keff"": 6, ""hsf_l0"": 20.1599, ""sparse_l"": 19.7944, ""sv_l"": 19.7944, ""feat_secs"": 0.002438, ""feat_secs_frame"": 0.001318, ""feat_secs_hsf"": 0.001015}"
brick,"brick:n=12,D=12,nn=1",1,"{""n"": 12.0, ""D"": 12.0, ""nn"": 1.0}",auto,ok,0.00195,0.0075,2768896,-0.01098517673574551,12,-0.01098517673574545,6.071532165918825e-17,switched_at=Some(320) dense_qubits=12 peak_terms=4 term_visits=6 dense_ops=1200123,"{""n"": 12, ""gates"": 222, ""g2"": 66, ""g3"": 0, ""depth2"": 12, ""t_count"": 0, ""rotations"": 468, ""d"": 12, ""dense_l"": 20.7715, ""redundant"": 456, ""obs_zero"": false, ""frame_l"": 32.8704, ""chi_bits"": 6, ""mps_l"": 18.9332, ""hsf_k"": 6, ""hsf_na"": 6, ""hsf_nb"": 6, ""hsf_l"": 20.1599, ""sup"": 12, ""chi_bits0"": 6, ""mps_l0"": 18.9332, ""hsf_keff"": 6, ""hsf_l0"": 20.1599, ""sparse_l"": 19.7944, ""sv_l"": 19.7944, ""feat_secs"": 0.002438, ""feat_secs_frame"": 0.001318, ""feat_secs_hsf"": 0.001015}"
brick,"brick:n=12,D=16,nn=1",1,"{""n"": 12.0, ""D"": 16.0, ""nn"": 1.0}",sv,ok,0.000944,0.0077,2555904,0.01674146664562169,4096,0.01674146664562169,0.0,,"{""n"": 12, ""gates"": 292, ""g2"": 88, ""g3"": 0, ""depth2"": 16, ""t_count"": 0, ""rotations"": 612, ""d"": 12, ""dense_l"": 21.1824, ""redundant"": 600, ""obs_zero"": false, ""frame_l"": 33.2574, ""chi_bits"": 6, ""mps_l"": 20.2165, ""hsf_k"": 8, ""hsf_na"": 6, ""hsf_nb"": 6, ""hsf_l"": 22.4757, ""sup"": 12, ""chi_bits0"": 6, ""mps_l0"": 20.2165, ""hsf_keff"": 8, ""hsf_l0"": 22.4757, ""sparse_l"": 20.1898, ""sv_l"": 20.1898, ""feat_secs"": 0.003377, ""feat_secs_frame"": 0.002219, ""feat_secs_hsf"": 0.001019}"
brick,"brick:n=12,D=16,nn=1",1,"{""n"": 12.0, ""D"": 16.0, ""nn"": 1.0}",sparse,ok,0.01882,0.0250,3260416,0.01674146664562169,4096,0.01674146664562169,0.0,,"{""n"": 12, ""gates"": 292, ""g2"": 88, ""g3"": 0, ""depth2"": 16, ""t_count"": 0, ""rotations"": 612, ""d"": 12, ""dense_l"": 21.1824, ""redundant"": 600, ""obs_zero"": false, ""frame_l"": 33.2574, ""chi_bits"": 6, ""mps_l"": 20.2165, ""hsf_k"": 8, ""hsf_na"": 6, ""hsf_nb"": 6, ""hsf_l"": 22.4757, ""sup"": 12, ""chi_bits0"": 6, ""mps_l0"": 20.2165, ""hsf_keff"": 8, ""hsf_l0"": 22.4757, ""sparse_l"": 20.1898, ""sv_l"": 20.1898, ""feat_secs"": 0.003377, ""feat_secs_frame"": 0.002219, ""feat_secs_hsf"": 0.001019}"
brick,"brick:n=12,D=16,nn=1",1,"{""n"": 12.0, ""D"": 16.0, ""nn"": 1.0}",mps,ok,0.018563,0.0236,5160960,0.01674146664562138,64,0.01674146664562169,3.122502256758253e-16,,"{""n"": 12, ""gates"": 292, ""g2"": 88, ""g3"": 0, ""depth2"": 16, ""t_count"": 0, ""rotations"": 612, ""d"": 12, ""dense_l"": 21.1824, ""redundant"": 600, ""obs_zero"": false, ""frame_l"": 33.2574, ""chi_bits"": 6, ""mps_l"": 20.2165, ""hsf_k"": 8, ""hsf_na"": 6, ""hsf_nb"": 6, ""hsf_l"": 22.4757, ""sup"": 12, ""chi_bits0"": 6, ""mps_l0"": 20.2165, ""hsf_keff"": 8, ""hsf_l0"": 22.4757, ""sparse_l"": 20.1898, ""sv_l"": 20.1898, ""feat_secs"": 0.003377, ""feat_secs_frame"": 0.002219, ""feat_secs_hsf"": 0.001019}"
brick,"brick:n=12,D=16,nn=1",1,"{""n"": 12.0, ""D"": 16.0, ""nn"": 1.0}",hsf,ok,0.002142,0.0076,2916352,0.01674146664562164,256,0.01674146664562169,5.204170427930421e-17,,"{""n"": 12, ""gates"": 292, ""g2"": 88, ""g3"": 0, ""depth2"": 16, ""t_count"": 0, ""rotations"": 612, ""d"": 12, ""dense_l"": 21.1824, ""redundant"": 600, ""obs_zero"": false, ""frame_l"": 33.2574, ""chi_bits"": 6, ""mps_l"": 20.2165, ""hsf_k"": 8, ""hsf_na"": 6, ""hsf_nb"": 6, ""hsf_l"": 22.4757, ""sup"": 12, ""chi_bits0"": 6, ""mps_l0"": 20.2165, ""hsf_keff"": 8, ""hsf_l0"": 22.4757, ""sparse_l"": 20.1898, ""sv_l"": 20.1898, ""feat_secs"": 0.003377, ""feat_secs_frame"": 0.002219, ""feat_secs_hsf"": 0.001019}"
brick,"brick:n=12,D=16,nn=1",1,"{""n"": 12.0, ""D"": 16.0, ""nn"": 1.0}",tableau,na,,0.0044,1851392,,,0.01674146664562169,,"TooLarge { what: ""tableau (non-Clifford circuit)"", bytes: 0, limit: 0 }","{""n"": 12, ""gates"": 292, ""g2"": 88, ""g3"": 0, ""depth2"": 16, ""t_count"": 0, ""rotations"": 612, ""d"": 12, ""dense_l"": 21.1824, ""redundant"": 600, ""obs_zero"": false, ""frame_l"": 33.2574, ""chi_bits"": 6, ""mps_l"": 20.2165, ""hsf_k"": 8, ""hsf_na"": 6, ""hsf_nb"": 6, ""hsf_l"": 22.4757, ""sup"": 12, ""chi_bits0"": 6, ""mps_l0"": 20.2165, ""hsf_keff"": 8, ""hsf_l0"": 22.4757, ""sparse_l"": 20.1898, ""sv_l"": 20.1898, ""feat_secs"": 0.003377, ""feat_secs_frame"": 0.002219, ""feat_secs_hsf"": 0.001019}"
brick,"brick:n=12,D=16,nn=1",1,"{""n"": 12.0, ""D"": 16.0, ""nn"": 1.0}",frame,skipped,,,,,,0.01674146664562169,,,"{""n"": 12, ""gates"": 292, ""g2"": 88, ""g3"": 0, ""depth2"": 16, ""t_count"": 0, ""rotations"": 612, ""d"": 12, ""dense_l"": 21.1824, ""redundant"": 600, ""obs_zero"": false, ""frame_l"": 33.2574, ""chi_bits"": 6, ""mps_l"": 20.2165, ""hsf_k"": 8, ""hsf_na"": 6, ""hsf_nb"": 6, ""hsf_l"": 22.4757, ""sup"": 12, ""chi_bits0"": 6, ""mps_l0"": 20.2165, ""hsf_keff"": 8, ""hsf_l0"": 22.4757, ""sparse_l"": 20.1898, ""sv_l"": 20.1898, ""feat_secs"": 0.003377, ""feat_secs_frame"": 0.002219, ""feat_secs_hsf"": 0.001019}"
brick,"brick:n=12,D=16,nn=1",1,"{""n"": 12.0, ""D"": 16.0, ""nn"": 1.0}",dense,ok,0.00214,0.0072,2441216,0.0167414666456217,12,0.01674146664562169,6.938893903907228e-18,switched_at=Some(420) dense_qubits=12 peak_terms=1 term_visits=0 dense_ops=1597435,"{""n"": 12, ""gates"": 292, ""g2"": 88, ""g3"": 0, ""depth2"": 16, ""t_count"": 0, ""rotations"": 612, ""d"": 12, ""dense_l"": 21.1824, ""redundant"": 600, ""obs_zero"": false, ""frame_l"": 33.2574, ""chi_bits"": 6, ""mps_l"": 20.2165, ""hsf_k"": 8, ""hsf_na"": 6, ""hsf_nb"": 6, ""hsf_l"": 22.4757, ""sup"": 12, ""chi_bits0"": 6, ""mps_l0"": 20.2165, ""hsf_keff"": 8, ""hsf_l0"": 22.4757, ""sparse_l"": 20.1898, ""sv_l"": 20.1898, ""feat_secs"": 0.003377, ""feat_secs_frame"": 0.002219, ""feat_secs_hsf"": 0.001019}"
brick,"brick:n=12,D=16,nn=1",1,"{""n"": 12.0, ""D"": 16.0, ""nn"": 1.0}",auto,ok,0.002373,0.0078,2850816,0.01674146664562172,12,0.01674146664562169,2.7755575615628914e-17,switched_at=Some(416) dense_qubits=12 peak_terms=4 term_visits=6 dense_ops=1593339,"{""n"": 12, ""gates"": 292, ""g2"": 88, ""g3"": 0, ""depth2"": 16, ""t_count"": 0, ""rotations"": 612, ""d"": 12, ""dense_l"": 21.1824, ""redundant"": 600, ""obs_zero"": false, ""frame_l"": 33.2574, ""chi_bits"": 6, ""mps_l"": 20.2165, ""hsf_k"": 8, ""hsf_na"": 6, ""hsf_nb"": 6, ""hsf_l"": 22.4757, ""sup"": 12, ""chi_bits0"": 6, ""mps_l0"": 20.2165, ""hsf_keff"": 8, ""hsf_l0"": 22.4757, ""sparse_l"": 20.1898, ""sv_l"": 20.1898, ""feat_secs"": 0.003377, ""feat_secs_frame"": 0.002219, ""feat_secs_hsf"": 0.001019}"
brick,"brick:n=16,D=1,nn=1",1,"{""n"": 16.0, ""D"": 1.0, ""nn"": 1.0}",sv,ok,0.002698,0.0074,3768320,7.932979353690506e-06,65536,7.932979353690506e-06,0.0,,"{""n"": 16, ""gates"": 40, ""g2"": 8, ""g3"": 0, ""depth2"": 1, ""t_count"": 0, ""rotations"": 96, ""d"": 16, ""dense_l"": 21.7279, ""redundant"": 80, ""obs_zero"": false, ""frame_l"": 38.585, ""chi_bits"": 1, ""mps_l"": 7.1699, ""hsf_k"": 0, ""hsf_na"": 8, ""hsf_nb"": 8, ""hsf_l"": 16.2095, ""sup"": 16, ""chi_bits0"": 1, ""mps_l0"": 7.1699, ""hsf_keff"": 0, ""hsf_l0"": 16.2095, ""sparse_l"": 21.3219, ""sv_l"": 21.3219, ""feat_secs"": 0.001819, ""feat_secs_frame"": 0.000324, ""feat_secs_hsf"": 0.00145}"
brick,"brick:n=16,D=1,nn=1",1,"{""n"": 16.0, ""D"": 1.0, ""nn"": 1.0}",sparse,ok,0.040207,0.0455,18350080,7.932979353662496e-06,65536,7.932979353690506e-06,2.8009685499805204e-17,,"{""n"": 16, ""gates"": 40, ""g2"": 8, ""g3"": 0, ""depth2"": 1, ""t_count"": 0, ""rotations"": 96, ""d"": 16, ""dense_l"": 21.7279, ""redundant"": 80, ""obs_zero"": false, ""frame_l"": 38.585, ""chi_bits"": 1, ""mps_l"": 7.1699, ""hsf_k"": 0, ""hsf_na"": 8, ""hsf_nb"": 8, ""hsf_l"": 16.2095, ""sup"": 16, ""chi_bits0"": 1, ""mps_l0"": 7.1699, ""hsf_keff"": 0, ""hsf_l0"": 16.2095, ""sparse_l"": 21.3219, ""sv_l"": 21.3219, ""feat_secs"": 0.001819, ""feat_secs_frame"": 0.000324, ""feat_secs_hsf"": 0.00145}"
brick,"brick:n=16,D=1,nn=1",1,"{""n"": 16.0, ""D"": 1.0, ""nn"": 1.0}",mps,ok,0.000135,0.0077,2277376,7.932979353681615e-06,2,7.932979353690506e-06,8.890457814381136e-18,,"{""n"": 16, ""gates"": 40, ""g2"": 8, ""g3"": 0, ""depth2"": 1, ""t_count"": 0, ""rotations"": 96, ""d"": 16, ""dense_l"": 21.7279, ""redundant"": 80, ""obs_zero"": false, ""frame_l"": 38.585, ""chi_bits"": 1, ""mps_l"": 7.1699, ""hsf_k"": 0, ""hsf_na"": 8, ""hsf_nb"": 8, ""hsf_l"": 16.2095, ""sup"": 16, ""chi_bits0"": 1, ""mps_l0"": 7.1699, ""hsf_keff"": 0, ""hsf_l0"": 16.2095, ""sparse_l"": 21.3219, ""sv_l"": 21.3219, ""feat_secs"": 0.001819, ""feat_secs_frame"": 0.000324, ""feat_secs_hsf"": 0.00145}"
brick,"brick:n=16,D=1,nn=1",1,"{""n"": 16.0, ""D"": 1.0, ""nn"": 1.0}",hsf,ok,0.001229,0.0078,3375104,7.932979353682676e-06,1,7.932979353690506e-06,7.829972564418752e-18,,"{""n"": 16, ""gates"": 40, ""g2"": 8, ""g3"": 0, ""depth2"": 1, ""t_count"": 0, ""rotations"": 96, ""d"": 16, ""dense_l"": 21.7279, ""redundant"": 80, ""obs_zero"": false, ""frame_l"": 38.585, ""chi_bits"": 1, ""mps_l"": 7.1699, ""hsf_k"": 0, ""hsf_na"": 8, ""hsf_nb"": 8, ""hsf_l"": 16.2095, ""sup"": 16, ""chi_bits0"": 1, ""mps_l0"": 7.1699, ""hsf_keff"": 0, ""hsf_l0"": 16.2095, ""sparse_l"": 21.3219, ""sv_l"": 21.3219, ""feat_secs"": 0.001819, ""feat_secs_frame"": 0.000324, ""feat_secs_hsf"": 0.00145}"
brick,"brick:n=16,D=1,nn=1",1,"{""n"": 16.0, ""D"": 1.0, ""nn"": 1.0}",tableau,na,,0.0047,1818624,,,7.932979353690506e-06,,"TooLarge { what: ""tableau (non-Clifford circuit)"", bytes: 0, limit: 0 }","{""n"": 16, ""gates"": 40, ""g2"": 8, ""g3"": 0, ""depth2"": 1, ""t_count"": 0, ""rotations"": 96, ""d"": 16, ""dense_l"": 21.7279, ""redundant"": 80, ""obs_zero"": false, ""frame_l"": 38.585, ""chi_bits"": 1, ""mps_l"": 7.1699, ""hsf_k"": 0, ""hsf_na"": 8, ""hsf_nb"": 8, ""hsf_l"": 16.2095, ""sup"": 16, ""chi_bits0"": 1, ""mps_l0"": 7.1699, ""hsf_keff"": 0, ""hsf_l0"": 16.2095, ""sparse_l"": 21.3219, ""sv_l"": 21.3219, ""feat_secs"": 0.001819, ""feat_secs_frame"": 0.000324, ""feat_secs_hsf"": 0.00145}"
brick,"brick:n=16,D=1,nn=1",1,"{""n"": 16.0, ""D"": 1.0, ""nn"": 1.0}",frame,ok,0.018182,0.0242,14254080,7.9329793536816e-06,98304,7.932979353690506e-06,8.905704407431714e-18,switched_at=None dense_qubits=0 peak_terms=98304 term_visits=633505 dense_ops=0,"{""n"": 16, ""gates"": 40, ""g2"": 8, ""g3"": 0, ""depth2"": 1, ""t_count"": 0, ""rotations"": 96, ""d"": 16, ""dense_l"": 21.7279, ""redundant"": 80, ""obs_zero"": false, ""frame_l"": 38.585, ""chi_bits"": 1, ""mps_l"": 7.1699, ""hsf_k"": 0, ""hsf_na"": 8, ""hsf_nb"": 8, ""hsf_l"": 16.2095, ""sup"": 16, ""chi_bits0"": 1, ""mps_l0"": 7.1699, ""hsf_keff"": 0, ""hsf_l0"": 16.2095, ""sparse_l"": 21.3219, ""sv_l"": 21.3219, ""feat_secs"": 0.001819, ""feat_secs_frame"": 0.000324, ""feat_secs_hsf"": 0.00145}"
brick,"brick:n=16,D=1,nn=1",1,"{""n"": 16.0, ""D"": 1.0, ""nn"": 1.0}",dense,ok,0.006239,0.0131,5062656,7.932979353682227e-06,16,7.932979353690506e-06,8.278900026463532e-18,switched_at=Some(80) dense_qubits=16 peak_terms=1 term_visits=0 dense_ops=2490363,"{""n"": 16, ""gates"": 40, ""g2"": 8, ""g3"": 0, ""depth2"": 1, ""t_count"": 0, ""rotations"": 96, ""d"": 16, ""dense_l"": 21.7279, ""redundant"": 80, ""obs_zero"": false, ""frame_l"": 38.585, ""chi_bits"": 1, ""mps_l"": 7.1699, ""hsf_k"": 0, ""hsf_na"": 8, ""hsf_nb"": 8, ""hsf_l"": 16.2095, ""sup"": 16, ""chi_bits0"": 1, ""mps_l0"": 7.1699, ""hsf_keff"": 0, ""hsf_l0"": 16.2095, ""sparse_l"": 21.3219, ""sv_l"": 21.3219, ""feat_secs"": 0.001819, ""feat_secs_frame"": 0.000324, ""feat_secs_hsf"": 0.00145}"
brick,"brick:n=16,D=1,nn=1",1,"{""n"": 16.0, ""D"": 1.0, ""nn"": 1.0}",auto,ok,0.006768,0.0128,5144576,7.932979353681871e-06,16,7.932979353690506e-06,8.634653864310338e-18,switched_at=Some(76) dense_qubits=16 peak_terms=4 term_visits=6 dense_ops=2424827,"{""n"": 16, ""gates"": 40, ""g2"": 8, ""g3"": 0, ""depth2"": 1, ""t_count"": 0, ""rotations"": 96, ""d"": 16, ""dense_l"": 21.7279, ""redundant"": 80, ""obs_zero"": false, ""frame_l"": 38.585, ""chi_bits"": 1, ""mps_l"": 7.1699, ""hsf_k"": 0, ""hsf_na"": 8, ""hsf_nb"": 8, ""hsf_l"": 16.2095, ""sup"": 16, ""chi_bits0"": 1, ""mps_l0"": 7.1699, ""hsf_keff"": 0, ""hsf_l0"": 16.2095, ""sparse_l"": 21.3219, ""sv_l"": 21.3219, ""feat_secs"": 0.001819, ""feat_secs_frame"": 0.000324, ""feat_secs_hsf"": 0.00145}"
brick,"brick:n=16,D=2,nn=1",1,"{""n"": 16.0, ""D"": 2.0, ""nn"": 1.0}",sv,ok,0.003978,0.0103,3801088,0.001018132369881996,65536,0.001018132369881996,0.0,,"{""n"": 16, ""gates"": 63, ""g2"": 15, ""g3"": 0, ""depth2"": 2, ""t_count"": 0, ""rotations"": 144, ""d"": 16, ""dense_l"": 22.6582, ""redundant"": 128, ""obs_zero"": false, ""frame_l"": 39.1699, ""chi_bits"": 1, ""mps_l"": 8.0444, ""hsf_k"": 1, ""hsf_na"": 8, ""hsf_nb"": 8, ""hsf_l"": 17.3174, ""sup"": 16, ""chi_bits0"": 1, ""mps_l0"": 8.0444, ""hsf_keff"": 1, ""hsf_l0"": 17.3174, ""sparse_l"": 21.9773, ""sv_l"": 21.9773, ""feat_secs"": 0.003484, ""feat_secs_frame"": 0.000466, ""feat_secs_hsf"": 0.002955}"
brick,"brick:n=16,D=2,nn=1",1,"{""n"": 16.0, ""D"": 2.0, ""nn"": 1.0}",sparse,ok,0.076177,0.0836,18350080,0.001018132369881951,65536,0.001018132369881996,4.5102810375396984e-17,,"{""n"": 16, ""gates"": 63, ""g2"": 15, ""g3"": 0, ""depth2"": 2, ""t_count"": 0, ""rotations"": 144, ""d"": 16, ""dense_l"": 22.6582, ""redundant"": 128, ""obs_zero"": false, ""frame_l"": 39.1699, ""chi_bits"": 1, ""mps_l"": 8.0444, ""hsf_k"": 1, ""hsf_na"": 8, ""hsf_nb"": 8, ""hsf_l"": 17.3174, ""sup"": 16, ""chi_bits0"": 1, ""mps_l0"": 8.0444, ""hsf_keff"": 1, ""hsf_l0"": 17.3174, ""sparse_l"": 21.9773, ""sv_l"": 21.9773, ""feat_secs"": 0.003484, ""feat_secs_frame"": 0.000466, ""feat_secs_hsf"": 0.002955}"
brick,"brick:n=16,D=2,nn=1",1,"{""n"": 16.0, ""D"": 2.0, ""nn"": 1.0}",mps,ok,0.000183,0.0049,2473984,0.001018132369881992,2,0.001018132369881996,4.119968255444917e-18,,"{""n"": 16, ""gates"": 63, ""g2"": 15, ""g3"": 0, ""depth2"": 2, ""t_count"": 0, ""rotations"": 144, ""d"": 16, ""dense_l"": 22.6582, ""redundant"": 128, ""obs_zero"": false, ""frame_l"": 39.1699, ""chi_bits"": 1, ""mps_l"": 8.0444, ""hsf_k"": 1, ""hsf_na"": 8, ""hsf_nb"": 8, ""hsf_l"": 17.3174, ""sup"": 16, ""chi_bits0"": 1, ""mps_l0"": 8.0444, ""hsf_keff"": 1, ""hsf_l0"": 17.3174, ""sparse_l"": 21.9773, ""sv_l"": 21.9773, ""feat_secs"": 0.003484, ""feat_secs_frame"": 0.000466, ""feat_secs_hsf"": 0.002955}"
brick,"brick:n=16,D=2,nn=1",1,"{""n"": 16.0, ""D"": 2.0, ""nn"": 1.0}",hsf,ok,0.001833,0.0065,3391488,0.001018132369882005,2,0.001018132369881996,8.890457814381136e-18,,"{""n"": 16, ""gates"": 63, ""g2"": 15, ""g3"": 0, ""depth2"": 2, ""t_count"": 0, ""rotations"": 144, ""d"": 16, ""dense_l"": 22.6582, ""redundant"": 128, ""obs_zero"": false, ""frame_l"": 39.1699, ""chi_bits"": 1, ""mps_l"": 8.0444, ""hsf_k"": 1, ""hsf_na"": 8, ""hsf_nb"": 8, ""hsf_l"": 17.3174, ""sup"": 16, ""chi_bits0"": 1, ""mps_l0"": 8.0444, ""hsf_keff"": 1, ""hsf_l0"": 17.3174, ""sparse_l"": 21.9773, ""sv_l"": 21.9773, ""feat_secs"": 0.003484, ""feat_secs_frame"": 0.000466, ""feat_secs_hsf"": 0.002955}"
brick,"brick:n=16,D=2,nn=1",1,"{""n"": 16.0, ""D"": 2.0, ""nn"": 1.0}",tableau,na,,0.0046,1818624,,,0.001018132369881996,,"TooLarge { what: ""tableau (non-Clifford circuit)"", bytes: 0, limit: 0 }","{""n"": 16, ""gates"": 63, ""g2"": 15, ""g3"": 0, ""depth2"": 2, ""t_count"": 0, ""rotations"": 144, ""d"": 16, ""dense_l"": 22.6582, ""redundant"": 128, ""obs_zero"": false, ""frame_l"": 39.1699, ""chi_bits"": 1, ""mps_l"": 8.0444, ""hsf_k"": 1, ""hsf_na"": 8, ""hsf_nb"": 8, ""hsf_l"": 17.3174, ""sup"": 16, ""chi_bits0"": 1, ""mps_l0"": 8.0444, ""hsf_keff"": 1, ""hsf_l0"": 17.3174, ""sparse_l"": 21.9773, ""sv_l"": 21.9773, ""feat_secs"": 0.003484, ""feat_secs_frame"": 0.000466, ""feat_secs_hsf"": 0.002955}"
brick,"brick:n=16,D=2,nn=1",1,"{""n"": 16.0, ""D"": 2.0, ""nn"": 1.0}",frame,toolarge,,1.2829,1235156992,,,0.001018132369881996,,"TooManyTerms { terms: 16848000, limit: 16777216 }","{""n"": 16, ""gates"": 63, ""g2"": 15, ""g3"": 0, ""depth2"": 2, ""t_count"": 0, ""rotations"": 144, ""d"": 16, ""dense_l"": 22.6582, ""redundant"": 128, ""obs_zero"": false, ""frame_l"": 39.1699, ""chi_bits"": 1, ""mps_l"": 8.0444, ""hsf_k"": 1, ""hsf_na"": 8, ""hsf_nb"": 8, ""hsf_l"": 17.3174, ""sup"": 16, ""chi_bits0"": 1, ""mps_l0"": 8.0444, ""hsf_keff"": 1, ""hsf_l0"": 17.3174, ""sparse_l"": 21.9773, ""sv_l"": 21.9773, ""feat_secs"": 0.003484, ""feat_secs_frame"": 0.000466, ""feat_secs_hsf"": 0.002955}"
brick,"brick:n=16,D=2,nn=1",1,"{""n"": 16.0, ""D"": 2.0, ""nn"": 1.0}",dense,ok,0.012458,0.0198,5111808,0.001018132369881996,16,0.001018132369881996,0.0,switched_at=Some(112) dense_qubits=16 peak_terms=1 term_visits=0 dense_ops=4587515,"{""n"": 16, ""gates"": 63, ""g2"": 15, ""g3"": 0, ""depth2"": 2, ""t_count"": 0, ""rotations"": 144, ""d"": 16, ""dense_l"": 22.6582, ""redundant"": 128, ""obs_zero"": false, ""frame_l"": 39.1699, ""chi_bits"": 1, ""mps_l"": 8.0444, ""hsf_k"": 1, ""hsf_na"": 8, ""hsf_nb"": 8, ""hsf_l"": 17.3174, ""sup"": 16, ""chi_bits0"": 1, ""mps_l0"": 8.0444, ""hsf_keff"": 1, ""hsf_l0"": 17.3174, ""sparse_l"": 21.9773, ""sv_l"": 21.9773, ""feat_secs"": 0.003484, ""feat_secs_frame"": 0.000466, ""feat_secs_hsf"": 0.002955}"
brick,"brick:n=16,D=2,nn=1",1,"{""n"": 16.0, ""D"": 2.0, ""nn"": 1.0}",auto,ok,0.011493,0.0191,5160960,0.001018132369881993,16,0.001018132369881996,3.0357660829594124e-18,switched_at=Some(108) dense_qubits=16 peak_terms=4 term_visits=6 dense_ops=4521979,"{""n"": 16, ""gates"": 63, ""g2"": 15, ""g3"": 0, ""depth2"": 2, ""t_count"": 0, ""rotations"": 144, ""d"": 16, ""dense_l"": 22.6582, ""redundant"": 128, ""obs_zero"": false, ""frame_l"": 39.1699, ""chi_bits"": 1, ""mps_l"": 8.0444, ""hsf_k"": 1, ""hsf_na"": 8, ""hsf_nb"": 8, ""hsf_l"": 17.3174, ""sup"": 16, ""chi_bits0"": 1, ""mps_l0"": 8.0444, ""hsf_keff"": 1, ""hsf_l0"": 17.3174, ""sparse_l"": 21.9773, ""sv_l"": 21.9773, ""feat_secs"": 0.003484, ""feat_secs_frame"": 0.000466, ""feat_secs_hsf"": 0.002955}"
brick,"brick:n=16,D=3,nn=1",1,"{""n"": 16.0, ""D"": 3.0, ""nn"": 1.0}",sv,ok,0.005299,0.0104,3932160,3.756531893823478e-06,65536,3.756531893823478e-06,0.0,,"{""n"": 16, ""gates"": 87, ""g2"": 23, ""g3"": 0, ""depth2"": 3, ""t_count"": 0, ""rotations"": 192, ""d"": 16, ""dense_l"": 23.2192, ""redundant"": 176, ""obs_zero"": false, ""frame_l"": 39.585, ""chi_bits"": 2, ""mps_l"": 9.7682, ""hsf_k"": 1, ""hsf_na"": 8, ""hsf_nb"": 8, ""hsf_l"": 17.4221, ""sup"": 16, ""chi_bits0"": 2, ""mps_l0"": 9.7682, ""hsf_keff"": 1, ""hsf_l0"": 17.4221, ""sparse_l"": 22.4429, ""sv_l"": 22.4429, ""feat_secs"": 0.003255, ""feat_secs_frame"": 0.000591, ""feat_secs_hsf"": 0.002601}"
brick,"brick:n=16,D=3,nn=1",1,"{""n"": 16.0, ""D"": 3.0, ""nn"": 1.0}",sparse,ok,0.113992,0.1198,18399232,3.756531893855177e-06,65536,3.756531893823478e-06,3.169893750157131e-17,,"{""n"": 16, ""gates"": 87, ""g2"": 23, ""g3"": 0, ""depth2"": 3, ""t_count"": 0, ""rotations"": 192, ""d"": 16, ""dense_l"": 23.2192, ""redundant"": 176, ""obs_zero"": false, ""frame_l"": 39.585, ""chi_bits"": 2, ""mps_l"": 9.7682, ""hsf_k"": 1, ""hsf_na"": 8, ""hsf_nb"": 8, ""hsf_l"": 17.4221, ""sup"": 16, ""chi_bits0"": 2, ""mps_l0"": 9.7682, ""hsf_keff"": 1, ""hsf_l0"": 17.4221, ""sparse_l"": 22.4429, ""sv_l"": 22.4429, ""feat_secs"": 0.003255, ""feat_secs_frame"": 0.000591, ""feat_secs_hsf"": 0.002601}"
brick,"brick:n=16,D=3,nn=1",1,"{""n"": 16.0, ""D"": 3.0, ""nn"": 1.0}",mps,ok,0.000255,0.0046,2572288,3.756531893825207e-06,4,3.756531893823478e-06,1.728794245346027e-18,,"{""n"": 16, ""gates"": 87, ""g2"": 23, ""g3"": 0, ""depth2"": 3, ""t_count"": 0, ""rotations"": 192, ""d"": 16, ""dense_l"": 23.2192, ""redundant"": 176, ""obs_zero"": false, ""frame_l"": 39.585, ""chi_bits"": 2, ""mps_l"": 9.7682, ""hsf_k"": 1, ""hsf_na"": 8, ""hsf_nb"": 8, ""hsf_l"": 17.4221, ""sup"": 16, ""chi_bits0"": 2, ""mps_l0"": 9.7682, ""hsf_keff"": 1, ""hsf_l0"": 17.4221, ""sparse_l"": 22.4429, ""sv_l"": 22.4429, ""feat_secs"": 0.003255, ""feat_secs_frame"": 0.000591, ""feat_secs_hsf"": 0.002601}"
brick,"brick:n=16,D=3,nn=1",1,"{""n"": 16.0, ""D"": 3.0, ""nn"": 1.0}",hsf,ok,0.001878,0.0071,3424256,3.756531893828482e-06,2,3.756531893823478e-06,5.003847135904779e-18,,"{""n"": 16, ""gates"": 87, ""g2"": 23, ""g3"": 0, ""depth2"": 3, ""t_count"": 0, ""rotations"": 192, ""d"": 16, ""dense_l"": 23.2192, ""redundant"": 176, ""obs_zero"": false, ""frame_l"": 39.585, ""chi_bits"": 2, ""mps_l"": 9.7682, ""hsf_k"": 1, ""hsf_na"": 8, ""hsf_nb"": 8, ""hsf_l"": 17.4221, ""sup"": 16, ""chi_bits0"": 2, ""mps_l0"": 9.7682, ""hsf_keff"": 1, ""hsf_l0"": 17.4221, ""sparse_l"": 22.4429, ""sv_l"": 22.4429, ""feat_secs"": 0.003255, ""feat_secs_frame"": 0.000591, ""feat_secs_hsf"": 0.002601}"
brick,"brick:n=16,D=3,nn=1",1,"{""n"": 16.0, ""D"": 3.0, ""nn"": 1.0}",tableau,na,,0.0066,1818624,,,3.756531893823478e-06,,"TooLarge { what: ""tableau (non-Clifford circuit)"", bytes: 0, limit: 0 }","{""n"": 16, ""gates"": 87, ""g2"": 23, ""g3"": 0, ""depth2"": 3, ""t_count"": 0, ""rotations"": 192, ""d"": 16, ""dense_l"": 23.2192, ""redundant"": 176, ""obs_zero"": false, ""frame_l"": 39.585, ""chi_bits"": 2, ""mps_l"": 9.7682, ""hsf_k"": 1, ""hsf_na"": 8, ""hsf_nb"": 8, ""hsf_l"": 17.4221, ""sup"": 16, ""chi_bits0"": 2, ""mps_l0"": 9.7682, ""hsf_keff"": 1, ""hsf_l0"": 17.4221, ""sparse_l"": 22.4429, ""sv_l"": 22.4429, ""feat_secs"": 0.003255, ""feat_secs_frame"": 0.000591, ""feat_secs_hsf"": 0.002601}"
brick,"brick:n=16,D=3,nn=1",1,"{""n"": 16.0, ""D"": 3.0, ""nn"": 1.0}",frame,skipped,,,,,,3.756531893823478e-06,,,"{""n"": 16, ""gates"": 87, ""g2"": 23, ""g3"": 0, ""depth2"": 3, ""t_count"": 0, ""rotations"": 192, ""d"": 16, ""dense_l"": 23.2192, ""redundant"": 176, ""obs_zero"": false, ""frame_l"": 39.585, ""chi_bits"": 2, ""mps_l"": 9.7682, ""hsf_k"": 1, ""hsf_na"": 8, ""hsf_nb"": 8, ""hsf_l"": 17.4221, ""sup"": 16, ""chi_bits0"": 2, ""mps_l0"": 9.7682, ""hsf_keff"": 1, ""hsf_l0"": 17.4221, ""sparse_l"": 22.4429, ""sv_l"": 22.4429, ""feat_secs"": 0.003255, ""feat_secs_frame"": 0.000591, ""feat_secs_hsf"": 0.002601}"
brick,"brick:n=16,D=3,nn=1",1,"{""n"": 16.0, ""D"": 3.0, ""nn"": 1.0}",dense,ok,0.018103,0.0239,5111808,3.756531893825936e-06,16,3.756531893823478e-06,2.4576660964583524e-18,switched_at=Some(144) dense_qubits=16 peak_terms=1 term_visits=0 dense_ops=6684667,"{""n"": 16, ""gates"": 87, ""g2"": 23, ""g3"": 0, ""depth2"": 3, ""t_count"": 0, ""rotations"": 192, ""d"": 16, ""dense_l"": 23.2192, ""redundant"": 176, ""obs_zero"": false, ""frame_l"": 39.585, ""chi_bits"": 2, ""mps_l"": 9.7682, ""hsf_k"": 1, ""hsf_na"": 8, ""hsf_nb"": 8, ""hsf_l"": 17.4221, ""sup"": 16, ""chi_bits0"": 2, ""mps_l0"": 9.7682, ""hsf_keff"": 1, ""hsf_l0"": 17.4221, ""sparse_l"": 22.4429, ""sv_l"": 22.4429, ""feat_secs"": 0.003255, ""feat_secs_frame"": 0.000591, ""feat_secs_hsf"": 0.002601}"
brick,"brick:n=16,D=3,nn=1",1,"{""n"": 16.0, ""D"": 3.0, ""nn"": 1.0}",auto,ok,0.015944,0.0208,5193728,3.756531893823977e-06,16,3.756531893823478e-06,4.989024059327829e-19,switched_at=Some(140) dense_qubits=16 peak_terms=4 term_visits=6 dense_ops=6619131,"{""n"": 16, ""gates"": 87, ""g2"": 23, ""g3"": 0, ""depth2"": 3, ""t_count"": 0, ""rotations"": 192, ""d"": 16, ""dense_l"": 23.2192, ""redundant"": 176, ""obs_zero"": false, ""frame_l"": 39.585, ""chi_bits"": 2, ""mps_l"": 9.7682, ""hsf_k"": 1, ""hsf_na"": 8, ""hsf_nb"": 8, ""hsf_l"": 17.4221, ""sup"": 16, ""chi_bits0"": 2, ""mps_l0"": 9.7682, ""hsf_keff"": 1, ""hsf_l0"": 17.4221, ""sparse_l"": 22.4429, ""sv_l"": 22.4429, ""feat_secs"": 0.003255, ""feat_secs_frame"": 0.000591, ""feat_secs_hsf"": 0.002601}"
brick,"brick:n=16,D=4,nn=1",1,"{""n"": 16.0, ""D"": 4.0, ""nn"": 1.0}",sv,ok,0.006057,0.0131,3932160,-0.001155932712105674,65536,-0.001155932712105674,0.0,,"{""n"": 16, ""gates"": 110, ""g2"": 30, ""g3"": 0, ""depth2"": 4, ""t_count"": 0, ""rotations"": 240, ""d"": 16, ""dense_l"": 23.6221, ""redundant"": 224, ""obs_zero"": false, ""frame_l"": 39.9069, ""chi_bits"": 2, ""mps_l"": 10.5999, ""hsf_k"": 2, ""hsf_na"": 8, ""hsf_nb"": 8, ""hsf_l"": 18.5157, ""sup"": 16, ""chi_bits0"": 2, ""mps_l0"": 10.5999, ""hsf_keff"": 2, ""hsf_l0"": 18.5157, ""sparse_l"": 22.7814, ""sv_l"": 22.7814, ""feat_secs"": 0.003505, ""feat_secs_frame"": 0.000713, ""feat_secs_hsf"": 0.002723}"
brick,"brick:n=16,D=4,nn=1",1,"{""n"": 16.0, ""D"": 4.0, ""nn"": 1.0}",sparse,ok,0.14167,0.1489,18399232,-0.001155932712105771,65536,-0.001155932712105674,9.69276742202041e-17,,"{""n"": 16, ""gates"": 110, ""g2"": 30, ""g3"": 0, ""depth2"": 4, ""t_count"": 0, ""rotations"": 240, ""d"": 16, ""dense_l"": 23.6221, ""redundant"": 224, ""obs_zero"": false, ""frame_l"": 39.9069, ""chi_bits"": 2, ""mps_l"": 10.5999, ""hsf_k"": 2, ""hsf_na"": 8, ""hsf_nb"": 8, ""hsf_l"": 18.5157, ""sup"": 16, ""chi_bits0"": 2, ""mps_l0"": 10.5999, ""hsf_keff"": 2, ""hsf_l0"": 18.5157, ""sparse_l"": 22.7814, ""sv_l"": 22.7814, ""feat_secs"": 0.003505, ""feat_secs_frame"": 0.000713, ""feat_secs_hsf"": 0.002723}"
brick,"brick:n=16,D=4,nn=1",1,"{""n"": 16.0, ""D"": 4.0, ""nn"": 1.0}",mps,ok,0.000376,0.0073,2670592,-0.001155932712105681,4,-0.001155932712105674,6.938893903907228e-18,,"{""n"": 16, ""gates"": 110, ""g2"": 30, ""g3"": 0, ""depth2"": 4, ""t_count"": 0, ""rotations"": 240, ""d"": 16, ""dense_l"": 23.6221, ""redundant"": 224, ""obs_zero"": false, ""frame_l"": 39.9069, ""chi_bits"": 2, ""mps_l"": 10.5999, ""hsf_k"": 2, ""hsf_na"": 8, ""hsf_nb"": 8, ""hsf_l"": 18.5157, ""sup"": 16, ""chi_bits0"": 2, ""mps_l0"": 10.5999, ""hsf_keff"": 2, ""hsf_l0"": 18.5157, ""sparse_l"": 22.7814, ""sv_l"": 22.7814, ""feat_secs"": 0.003505, ""feat_secs_frame"": 0.000713, ""feat_secs_hsf"": 0.002723}"
brick,"brick:n=16,D=4,nn=1",1,"{""n"": 16.0, ""D"": 4.0, ""nn"": 1.0}",hsf,ok,0.001904,0.0078,3538944,-0.001155932712105664,4,-0.001155932712105674,9.974659986866641e-18,,"{""n"": 16, ""gates"": 110, ""g2"": 30, ""g3"": 0, ""depth2"": 4, ""t_count"": 0, ""rotations"": 240, ""d"": 16, ""dense_l"": 23.6221, ""redundant"": 224, ""obs_zero"": false, ""frame_l"": 39.9069, ""chi_bits"": 2, ""mps_l"": 10.5999, ""hsf_k"": 2, ""hsf_na"": 8, ""hsf_nb"": 8, ""hsf_l"": 18.5157, ""sup"": 16, ""chi_bits0"": 2, ""mps_l0"": 10.5999, ""hsf_keff"": 2, ""hsf_l0"": 18.5157, ""sparse_l"": 22.7814, ""sv_l"": 22.7814, ""feat_secs"": 0.003505, ""feat_secs_frame"": 0.000713, ""feat_secs_hsf"": 0.002723}"
brick,"brick:n=16,D=4,nn=1",1,"{""n"": 16.0, ""D"": 4.0, ""nn"": 1.0}",tableau,na,,0.0044,1818624,,,-0.001155932712105674,,"TooLarge { what: ""tableau (non-Clifford circuit)"", bytes: 0, limit: 0 }","{""n"": 16, ""gates"": 110, ""g2"": 30, ""g3"": 0, ""depth2"": 4, ""t_count"": 0, ""rotations"": 240, ""d"": 16, ""dense_l"": 23.6221, ""redundant"": 224, ""obs_zero"": false, ""frame_l"": 39.9069, ""chi_bits"": 2, ""mps_l"": 10.5999, ""hsf_k"": 2, ""hsf_na"": 8, ""hsf_nb"": 8, ""hsf_l"": 18.5157, ""sup"": 16, ""chi_bits0"": 2, ""mps_l0"": 10.5999, ""hsf_keff"": 2, ""hsf_l0"": 18.5157, ""sparse_l"": 22.7814, ""sv_l"": 22.7814, ""feat_secs"": 0.003505, ""feat_secs_frame"": 0.000713, ""feat_secs_hsf"": 0.002723}"
brick,"brick:n=16,D=4,nn=1",1,"{""n"": 16.0, ""D"": 4.0, ""nn"": 1.0}",frame,skipped,,,,,,-0.001155932712105674,,,"{""n"": 16, ""gates"": 110, ""g2"": 30, ""g3"": 0, ""depth2"": 4, ""t_count"": 0, ""rotations"": 240, ""d"": 16, ""dense_l"": 23.6221, ""redundant"": 224, ""obs_zero"": false, ""frame_l"": 39.9069, ""chi_bits"": 2, ""mps_l"": 10.5999, ""hsf_k"": 2, ""hsf_na"": 8, ""hsf_nb"": 8, ""hsf_l"": 18.5157, ""sup"": 16, ""chi_bits0"": 2, ""mps_l0"": 10.5999, ""hsf_keff"": 2, ""hsf_l0"": 18.5157, ""sparse_l"": 22.7814, ""sv_l"": 22.7814, ""feat_secs"": 0.003505, ""feat_secs_frame"": 0.000713, ""feat_secs_hsf"": 0.002723}"
brick,"brick:n=16,D=4,nn=1",1,"{""n"": 16.0, ""D"": 4.0, ""nn"": 1.0}",dense,ok,0.022708,0.0273,5144576,-0.001155932712105672,16,-0.001155932712105674,1.951563910473908e-18,switched_at=Some(176) dense_qubits=16 peak_terms=1 term_visits=0 dense_ops=8781819,"{""n"": 16, ""gates"": 110, ""g2"": 30, ""g3"": 0, ""depth2"": 4, ""t_count"": 0, ""rotations"": 240, ""d"": 16, ""dense_l"": 23.6221, ""redundant"": 224, ""obs_zero"": false, ""frame_l"": 39.9069, ""chi_bits"": 2, ""mps_l"": 10.5999, ""hsf_k"": 2, ""hsf_na"": 8, ""hsf_nb"": 8, ""hsf_l"": 18.5157, ""sup"": 16, ""chi_bits0"": 2, ""mps_l0"": 10.5999, ""hsf_keff"": 2, ""hsf_l0"": 18.5157, ""sparse_l"": 22.7814, ""sv_l"": 22.7814, ""feat_secs"": 0.003505, ""feat_secs_frame"": 0.000713, ""feat_secs_hsf"": 0.002723}"
brick,"brick:n=16,D=4,nn=1",1,"{""n"": 16.0, ""D"": 4.0, ""nn"": 1.0}",auto,ok,0.021841,0.0290,5242880,-0.001155932712105645,16,-0.001155932712105674,2.905661822261152e-17,switched_at=Some(172) dense_qubits=16 peak_terms=4 term_visits=6 dense_ops=8716283,"{""n"": 16, ""gates"": 110, ""g2"": 30, ""g3"": 0, ""depth2"": 4, ""t_count"": 0, ""rotations"": 240, ""d"": 16, ""dense_l"": 23.6221, ""redundant"": 224, ""obs_zero"": false, ""frame_l"": 39.9069, ""chi_bits"": 2, ""mps_l"": 10.5999, ""hsf_k"": 2, ""hsf_na"": 8, ""hsf_nb"": 8, ""hsf_l"": 18.5157, ""sup"": 16, ""chi_bits0"": 2, ""mps_l0"": 10.5999, ""hsf_keff"": 2, ""hsf_l0"": 18.5157, ""sparse_l"": 22.7814, ""sv_l"": 22.7814, ""feat_secs"": 0.003505, ""feat_secs_frame"": 0.000713, ""feat_secs_hsf"": 0.002723}"
brick,"brick:n=16,D=6,nn=1",1,"{""n"": 16.0, ""D"": 6.0, ""nn"": 1.0}",sv,ok,0.008645,0.0132,4014080,0.001358399883167331,65536,0.001358399883167331,0.0,,"{""n"": 16, ""gates"": 157, ""g2"": 45, ""g3"": 0, ""depth2"": 6, ""t_count"": 0, ""rotations"": 336, ""d"": 16, ""dense_l"": 24.1948, ""redundant"": 320, ""obs_zero"": false, ""frame_l"": 40.3923, ""chi_bits"": 3, ""mps_l"": 13.1267, ""hsf_k"": 3, ""hsf_na"": 8, ""hsf_nb"": 8, ""hsf_l"": 19.69, ""sup"": 16, ""chi_bits0"": 3, ""mps_l0"": 13.1267, ""hsf_keff"": 3, ""hsf_l0"": 19.69, ""sparse_l"": 23.2946, ""sv_l"": 23.2946, ""feat_secs"": 0.003621, ""feat_secs_frame"": 0.000963, ""feat_secs_hsf"": 0.002552}"
brick,"brick:n=16,D=6,nn=1",1,"{""n"": 16.0, ""D"": 6.0, ""nn"": 1.0}",sparse,ok,0.222372,0.2269,18432000,0.001358399883167321,65536,0.001358399883167331,1.0191500421363742e-17,,"{""n"": 16, ""gates"": 157, ""g2"": 45, ""g3"": 0, ""depth2"": 6, ""t_count"": 0, ""rotations"": 336, ""d"": 16, ""dense_l"": 24.1948, ""redundant"": 320, ""obs_zero"": false, ""frame_l"": 40.3923, ""chi_bits"": 3, ""mps_l"": 13.1267, ""hsf_k"": 3, ""hsf_na"": 8, ""hsf_nb"": 8, ""hsf_l"": 19.69, ""sup"": 16, ""chi_bits0"": 3, ""mps_l0"": 13.1267, ""hsf_keff"": 3, ""hsf_l0"": 19.69, ""sparse_l"": 23.2946, ""sv_l"": 23.2946, ""feat_secs"": 0.003621, ""feat_secs_frame"": 0.000963, ""feat_secs_hsf"": 0.002552}"
brick,"brick:n=16,D=6,nn=1",1,"{""n"": 16.0, ""D"": 6.0, ""nn"": 1.0}",mps,ok,0.000735,0.0078,2883584,0.001358399883167302,8,0.001358399883167331,2.905661822261152e-17,,"{""n"": 16, ""gates"": 157, ""g2"": 45, ""g3"": 0, ""depth2"": 6, ""t_count"": 0, ""rotations"": 336, ""d"": 16, ""dense_l"": 24.1948, ""redundant"": 320, ""obs_zero"": false, ""frame_l"": 40.3923, ""chi_bits"": 3, ""mps_l"": 13.1267, ""hsf_k"": 3, ""hsf_na"": 8, ""hsf_nb"": 8, ""hsf_l"": 19.69, ""sup"": 16, ""chi_bits0"": 3, ""mps_l0"": 13.1267, ""hsf_keff"": 3, ""hsf_l0"": 19.69, ""sparse_l"": 23.2946, ""sv_l"": 23.2946, ""feat_secs"": 0.003621, ""feat_secs_frame"": 0.000963, ""feat_secs_hsf"": 0.002552}"
brick,"brick:n=16,D=6,nn=1",1,"{""n"": 16.0, ""D"": 6.0, ""nn"": 1.0}",hsf,ok,0.002137,0.0068,3637248,0.001358399883167309,8,0.001358399883167331,2.211772431870429e-17,,"{""n"": 16, ""gates"": 157, ""g2"": 45, ""g3"": 0, ""depth2"": 6, ""t_count"": 0, ""rotations"": 336, ""d"": 16, ""dense_l"": 24.1948, ""redundant"": 320, ""obs_zero"": false, ""frame_l"": 40.3923, ""chi_bits"": 3, ""mps_l"": 13.1267, ""hsf_k"": 3, ""hsf_na"": 8, ""hsf_nb"": 8, ""hsf_l"": 19.69, ""sup"": 16, ""chi_bits0"": 3, ""mps_l0"": 13.1267, ""hsf_keff"": 3, ""hsf_l0"": 19.69, ""sparse_l"": 23.2946, ""sv_l"": 23.2946, ""feat_secs"": 0.003621, ""feat_secs_frame"": 0.000963, ""feat_secs_hsf"": 0.002552}"
brick,"brick:n=16,D=6,nn=1",1,"{""n"": 16.0, ""D"": 6.0, ""nn"": 1.0}",tableau,na,,0.0045,1835008,,,0.001358399883167331,,"TooLarge { what: ""tableau (non-Clifford circuit)"", bytes: 0, limit: 0 }","{""n"": 16, ""gates"": 157, ""g2"": 45, ""g3"": 0, ""depth2"": 6, ""t_count"": 0, ""rotations"": 336, ""d"": 16, ""dense_l"": 24.1948, ""redundant"": 320, ""obs_zero"": false, ""frame_l"": 40.3923, ""chi_bits"": 3, ""mps_l"": 13.1267, ""hsf_k"": 3, ""hsf_na"": 8, ""hsf_nb"": 8, ""hsf_l"": 19.69, ""sup"": 16, ""chi_bits0"": 3, ""mps_l0"": 13.1267, ""hsf_keff"": 3, ""hsf_l0"": 19.69, ""sparse_l"": 23.2946, ""sv_l"": 23.2946, ""feat_secs"": 0.003621, ""feat_secs_frame"": 0.000963, ""feat_secs_hsf"": 0.002552}"
brick,"brick:n=16,D=6,nn=1",1,"{""n"": 16.0, ""D"": 6.0, ""nn"": 1.0}",frame,skipped,,,,,,0.001358399883167331,,,"{""n"": 16, ""gates"": 157, ""g2"": 45, ""g3"": 0, ""depth2"": 6, ""t_count"": 0, ""rotations"": 336, ""d"": 16, ""dense_l"": 24.1948, ""redundant"": 320, ""obs_zero"": false, ""frame_l"": 40.3923, ""chi_bits"": 3, ""mps_l"": 13.1267, ""hsf_k"": 3, ""hsf_na"": 8, ""hsf_nb"": 8, ""hsf_l"": 19.69, ""sup"": 16, ""chi_bits0"": 3, ""mps_l0"": 13.1267, ""hsf_keff"": 3, ""hsf_l0"": 19.69, ""sparse_l"": 23.2946, ""sv_l"": 23.2946, ""feat_secs"": 0.003621, ""feat_secs_frame"": 0.000963, ""feat_secs_hsf"": 0.002552}"
brick,"brick:n=16,D=6,nn=1",1,"{""n"": 16.0, ""D"": 6.0, ""nn"": 1.0}",dense,ok,0.034709,0.0406,5177344,0.001358399883167318,16,0.001358399883167331,1.3010426069826053e-17,switched_at=Some(240) dense_qubits=16 peak_terms=1 term_visits=0 dense_ops=12976123,"{""n"": 16, ""gates"": 157, ""g2"": 45, ""g3"": 0, ""depth2"": 6, ""t_count"": 0, ""rotations"": 336, ""d"": 16, ""dense_l"": 24.1948, ""redundant"": 320, ""obs_zero"": false, ""frame_l"": 40.3923, ""chi_bits"": 3, ""mps_l"": 13.1267, ""hsf_k"": 3, ""hsf_na"": 8, ""hsf_nb"": 8, ""hsf_l"": 19.69, ""sup"": 16, ""chi_bits0"": 3, ""mps_l0"": 13.1267, ""hsf_keff"": 3, ""hsf_l0"": 19.69, ""sparse_l"": 23.2946, ""sv_l"": 23.2946, ""feat_secs"": 0.003621, ""feat_secs_frame"": 0.000963, ""feat_secs_hsf"": 0.002552}"
brick,"brick:n=16,D=6,nn=1",1,"{""n"": 16.0, ""D"": 6.0, ""nn"": 1.0}",auto,ok,0.033498,0.0395,5292032,0.001358399883167332,16,0.001358399883167331,8.673617379884035e-19,switched_at=Some(236) dense_qubits=16 peak_terms=4 term_visits=6 dense_ops=12910587,"{""n"": 16, ""gates"": 157, ""g2"": 45, ""g3"": 0, ""depth2"": 6, ""t_count"": 0, ""rotations"": 336, ""d"": 16, ""dense_l"": 24.1948, ""redundant"": 320, ""obs_zero"": false, ""frame_l"": 40.3923, ""chi_bits"": 3, ""mps_l"": 13.1267, ""hsf_k"": 3, ""hsf_na"": 8, ""hsf_nb"": 8, ""hsf_l"": 19.69, ""sup"": 16, ""chi_bits0"": 3, ""mps_l0"": 13.1267, ""hsf_keff"": 3, ""hsf_l0"": 19.69, ""sparse_l"": 23.2946, ""sv_l"": 23.2946, ""feat_secs"": 0.003621, ""feat_secs_frame"": 0.000963, ""feat_secs_hsf"": 0.002552}"
brick,"brick:n=16,D=8,nn=1",1,"{""n"": 16.0, ""D"": 8.0, ""nn"": 1.0}",sv,ok,0.011036,0.0158,4112384,0.001757095027940129,65536,0.001757095027940129,0.0,,"{""n"": 16, ""gates"": 204, ""g2"": 60, ""g3"": 0, ""depth2"": 8, ""t_count"": 0, ""rotations"": 432, ""d"": 16, ""dense_l"": 24.6036, ""redundant"": 416, ""obs_zero"": false, ""frame_l"": 40.7549, ""chi_bits"": 4, ""mps_l"": 15.6676, ""hsf_k"": 4, ""hsf_na"": 8, ""hsf_nb"": 8, ""hsf_l"": 20.8455, ""sup"": 16, ""chi_bits0"": 4, ""mps_l0"": 15.6676, ""hsf_keff"": 4, ""hsf_l0"": 20.8455, ""sparse_l"": 23.6724, ""sv_l"": 23.6724, ""feat_secs"": 0.005155, ""feat_secs_frame"": 0.002335, ""feat_secs_hsf"": 0.002696}"
brick,"brick:n=16,D=8,nn=1",1,"{""n"": 16.0, ""D"": 8.0, ""nn"": 1.0}",sparse,ok,0.323216,0.3277,18382848,0.001757095027940174,65536,0.001757095027940129,4.5102810375396984e-17,,"{""n"": 16, ""gates"": 204, ""g2"": 60, ""g3"": 0, ""depth2"": 8, ""t_count"": 0, ""rotations"": 432, ""d"": 16, ""dense_l"": 24.6036, ""redundant"": 416, ""obs_zero"": false, ""frame_l"": 40.7549, ""chi_bits"": 4, ""mps_l"": 15.6676, ""hsf_k"": 4, ""hsf_na"": 8, ""hsf_nb"": 8, ""hsf_l"": 20.8455, ""sup"": 16, ""chi_bits0"": 4, ""mps_l0"": 15.6676, ""hsf_keff"": 4, ""hsf_l0"": 20.8455, ""sparse_l"": 23.6724, ""sv_l"": 23.6724, ""feat_secs"": 0.005155, ""feat_secs_frame"": 0.002335, ""feat_secs_hsf"": 0.002696}"
brick,"brick:n=16,D=8,nn=1",1,"{""n"": 16.0, ""D"": 8.0, ""nn"": 1.0}",mps,ok,0.001955,0.0076,3473408,0.001757095027940108,16,0.001757095027940129,2.0816681711721685e-17,,"{""n"": 16, ""gates"": 204, ""g2"": 60, ""g3"": 0, ""depth2"": 8, ""t_count"": 0, ""rotations"": 432, ""d"": 16, ""dense_l"": 24.6036, ""redundant"": 416, ""obs_zero"": false, ""frame_l"": 40.7549, ""chi_bits"": 4, ""mps_l"": 15.6676, ""hsf_k"": 4, ""hsf_na"": 8, ""hsf_nb"": 8, ""hsf_l"": 20.8455, ""sup"": 16, ""chi_bits0"": 4, ""mps_l0"": 15.6676, ""hsf_keff"": 4, ""hsf_l0"": 20.8455, ""sparse_l"": 23.6724, ""sv_l"": 23.6724, ""feat_secs"": 0.005155, ""feat_secs_frame"": 0.002335, ""feat_secs_hsf"": 0.002696}"
brick,"brick:n=16,D=8,nn=1",1,"{""n"": 16.0, ""D"": 8.0, ""nn"": 1.0}",hsf,ok,0.002322,0.0077,3735552,0.00175709502794014,16,0.001757095027940129,1.1058862159352145e-17,,"{""n"": 16, ""gates"": 204, ""g2"": 60, ""g3"": 0, ""depth2"": 8, ""t_count"": 0, ""rotations"": 432, ""d"": 16, ""dense_l"": 24.6036, ""redundant"": 416, ""obs_zero"": false, ""frame_l"": 40.7549, ""chi_bits"": 4, ""mps_l"": 15.6676, ""hsf_k"": 4, ""hsf_na"": 8, ""hsf_nb"": 8, ""hsf_l"": 20.8455, ""sup"": 16, ""chi_bits0"": 4, ""mps_l0"": 15.6676, ""hsf_keff"": 4, ""hsf_l0"": 20.8455, ""sparse_l"": 23.6724, ""sv_l"": 23.6724, ""feat_secs"": 0.005155, ""feat_secs_frame"": 0.002335, ""feat_secs_hsf"": 0.002696}"
brick,"brick:n=16,D=8,nn=1",1,"{""n"": 16.0, ""D"": 8.0, ""nn"": 1.0}",tableau,na,,0.0046,1835008,,,0.001757095027940129,,"TooLarge { what: ""tableau (non-Clifford circuit)"", bytes: 0, limit: 0 }","{""n"": 16, ""gates"": 204, ""g2"": 60, ""g3"": 0, ""depth2"": 8, ""t_count"": 0, ""rotations"": 432, ""d"": 16, ""dense_l"": 24.6036, ""redundant"": 416, ""obs_zero"": false, ""frame_l"": 40.7549, ""chi_bits"": 4, ""mps_l"": 15.6676, ""hsf_k"": 4, ""hsf_na"": 8, ""hsf_nb"": 8, ""hsf_l"": 20.8455, ""sup"": 16, ""chi_bits0"": 4, ""mps_l0"": 15.6676, ""hsf_keff"": 4, ""hsf_l0"": 20.8455, ""sparse_l"": 23.6724, ""sv_l"": 23.6724, ""feat_secs"": 0.005155, ""feat_secs_frame"": 0.002335, ""feat_secs_hsf"": 0.002696}"
brick,"brick:n=16,D=8,nn=1",1,"{""n"": 16.0, ""D"": 8.0, ""nn"": 1.0}",frame,skipped,,,,,,0.001757095027940129,,,"{""n"": 16, ""gates"": 204, ""g2"": 60, ""g3"": 0, ""depth2"": 8, ""t_count"": 0, ""rotations"": 432, ""d"": 16, ""dense_l"": 24.6036, ""redundant"": 416, ""obs_zero"": false, ""frame_l"": 40.7549, ""chi_bits"": 4, ""mps_l"": 15.6676, ""hsf_k"": 4, ""hsf_na"": 8, ""hsf_nb"": 8, ""hsf_l"": 20.8455, ""sup"": 16, ""chi_bits0"": 4, ""mps_l0"": 15.6676, ""hsf_keff"": 4, ""hsf_l0"": 20.8455, ""sparse_l"": 23.6724, ""sv_l"": 23.6724, ""feat_secs"": 0.005155, ""feat_secs_frame"": 0.002335, ""feat_secs_hsf"": 0.002696}"
brick,"brick:n=16,D=8,nn=1",1,"{""n"": 16.0, ""D"": 8.0, ""nn"": 1.0}",dense,ok,0.043255,0.0477,5193728,0.001757095027940149,16,0.001757095027940129,2.0166160408230382e-17,switched_at=Some(304) dense_qubits=16 peak_terms=1 term_visits=0 dense_ops=17170427,"{""n"": 16, ""gates"": 204, ""g2"": 60, ""g3"": 0, ""depth2"": 8, ""t_count"": 0, ""rotations"": 432, ""d"": 16, ""dense_l"": 24.6036, ""redundant"": 416, ""obs_zero"": false, ""frame_l"": 40.7549, ""chi_bits"": 4, ""mps_l"": 15.6676, ""hsf_k"": 4, ""hsf_na"": 8, ""hsf_nb"": 8, ""hsf_l"": 20.8455, ""sup"": 16, ""chi_bits0"": 4, ""mps_l0"": 15.6676, ""hsf_keff"": 4, ""hsf_l0"": 20.8455, ""sparse_l"": 23.6724, ""sv_l"": 23.6724, ""feat_secs"": 0.005155, ""feat_secs_frame"": 0.002335, ""feat_secs_hsf"": 0.002696}"
brick,"brick:n=16,D=8,nn=1",1,"{""n"": 16.0, ""D"": 8.0, ""nn"": 1.0}",auto,ok,0.042196,0.0482,5292032,0.001757095027940156,16,0.001757095027940129,2.710505431213761e-17,switched_at=Some(300) dense_qubits=16 peak_terms=4 term_visits=6 dense_ops=17104891,"{""n"": 16, ""gates"": 204, ""g2"": 60, ""g3"": 0, ""depth2"": 8, ""t_count"": 0, ""rotations"": 432, ""d"": 16, ""dense_l"": 24.6036, ""redundant"": 416, ""obs_zero"": false, ""frame_l"": 40.7549, ""chi_bits"": 4, ""mps_l"": 15.6676, ""hsf_k"": 4, ""hsf_na"": 8, ""hsf_nb"": 8, ""hsf_l"": 20.8455, ""sup"": 16, ""chi_bits0"": 4, ""mps_l0"": 15.6676, ""hsf_keff"": 4, ""hsf_l0"": 20.8455, ""sparse_l"": 23.6724, ""sv_l"": 23.6724, ""feat_secs"": 0.005155, ""feat_secs_frame"": 0.002335, ""feat_secs_hsf"": 0.002696}"
brick,"brick:n=16,D=12,nn=1",1,"{""n"": 16.0, ""D"": 12.0, ""nn"": 1.0}",sv,ok,0.015895,0.0221,4276224,0.002152501925666535,65536,0.002152501925666535,0.0,,"{""n"": 16, ""gates"": 298, ""g2"": 90, ""g3"": 0, ""depth2"": 12, ""t_count"": 0, ""rotations"": 624, ""d"": 16, ""dense_l"": 25.1824, ""redundant"": 608, ""obs_zero"": false, ""frame_l"": 41.2854, ""chi_bits"": 6, ""mps_l"": 20.7328, ""hsf_k"": 6, ""hsf_na"": 8, ""hsf_nb"": 8, ""hsf_l"": 23.1137, ""sup"": 16, ""chi_bits0"": 6, ""mps_l0"": 20.7328, ""hsf_keff"": 6, ""hsf_l0"": 23.1137, ""sparse_l"": 24.2192, ""sv_l"": 24.2192, ""feat_secs"": 0.004926, ""feat_secs_frame"": 0.002241, ""feat_secs_hsf"": 0.002549}"
brick,"brick:n=16,D=12,nn=1",1,"{""n"": 16.0, ""D"": 12.0, ""nn"": 1.0}",sparse,ok,0.441283,0.4483,18432000,0.002152501925666432,65536,0.002152501925666535,1.0278236595162582e-16,,"{""n"": 16, ""gates"": 298, ""g2"": 90, ""g3"": 0, ""depth2"": 12, ""t_count"": 0, ""rotations"": 624, ""d"": 16, ""dense_l"": 25.1824, ""redundant"": 608, ""obs_zero"": false, ""frame_l"": 41.2854, ""chi_bits"": 6, ""mps_l"": 20.7328, ""hsf_k"": 6, ""hsf_na"": 8, ""hsf_nb"": 8, ""hsf_l"": 23.1137, ""sup"": 16, ""chi_bits0"": 6, ""mps_l0"": 20.7328, ""hsf_keff"": 6, ""hsf_l0"": 23.1137, ""sparse_l"": 24.2192, ""sv_l"": 24.2192, ""feat_secs"": 0.004926, ""feat_secs_frame"": 0.002241, ""feat_secs_hsf"": 0.002549}"
brick,"brick:n=16,D=12,nn=1",1,"{""n"": 16.0, ""D"": 12.0, ""nn"": 1.0}",mps,ok,0.028954,0.0362,9256960,0.002152524661343347,64,0.002152501925666535,2.2735676812133537e-08,,"{""n"": 16, ""gates"": 298, ""g2"": 90, ""g3"": 0, ""depth2"": 12, ""t_count"": 0, ""rotations"": 624, ""d"": 16, ""dense_l"": 25.1824, ""redundant"": 608, ""obs_zero"": false, ""frame_l"": 41.2854, ""chi_bits"": 6, ""mps_l"": 20.7328, ""hsf_k"": 6, ""hsf_na"": 8, ""hsf_nb"": 8, ""hsf_l"": 23.1137, ""sup"": 16, ""chi_bits0"": 6, ""mps_l0"": 20.7328, ""hsf_keff"": 6, ""hsf_l0"": 23.1137, ""sparse_l"": 24.2192, ""sv_l"": 24.2192, ""feat_secs"": 0.004926, ""feat_secs_frame"": 0.002241, ""feat_secs_hsf"": 0.002549}"
brick,"brick:n=16,D=12,nn=1",1,"{""n"": 16.0, ""D"": 12.0, ""nn"": 1.0}",hsf,ok,0.003671,0.0112,4456448,0.002152501925666506,64,0.002152501925666535,2.905661822261152e-17,,"{""n"": 16, ""gates"": 298, ""g2"": 90, ""g3"": 0, ""depth2"": 12, ""t_count"": 0, ""rotations"": 624, ""d"": 16, ""dense_l"": 25.1824, ""redundant"": 608, ""obs_zero"": false, ""frame_l"": 41.2854, ""chi_bits"": 6, ""mps_l"": 20.7328, ""hsf_k"": 6, ""hsf_na"": 8, ""hsf_nb"": 8, ""hsf_l"": 23.1137, ""sup"": 16, ""chi_bits0"": 6, ""mps_l0"": 20.7328, ""hsf_keff"": 6, ""hsf_l0"": 23.1137, ""sparse_l"": 24.2192, ""sv_l"": 24.2192, ""feat_secs"": 0.004926, ""feat_secs_frame"": 0.002241, ""feat_secs_hsf"": 0.002549}"
brick,"brick:n=16,D=12,nn=1",1,"{""n"": 16.0, ""D"": 12.0, ""nn"": 1.0}",tableau,na,,0.0072,1884160,,,0.002152501925666535,,"TooLarge { what: ""tableau (non-Clifford circuit)"", bytes: 0, limit: 0 }","{""n"": 16, ""gates"": 298, ""g2"": 90, ""g3"": 0, ""depth2"": 12, ""t_count"": 0, ""rotations"": 624, ""d"": 16, ""dense_l"": 25.1824, ""redundant"": 608, ""obs_zero"": false, ""frame_l"": 41.2854, ""chi_bits"": 6, ""mps_l"": 20.7328, ""hsf_k"": 6, ""hsf_na"": 8, ""hsf_nb"": 8, ""hsf_l"": 23.1137, ""sup"": 16, ""chi_bits0"": 6, ""mps_l0"": 20.7328, ""hsf_keff"": 6, ""hsf_l0"": 23.1137, ""sparse_l"": 24.2192, ""sv_l"": 24.2192, ""feat_secs"": 0.004926, ""feat_secs_frame"": 0.002241, ""feat_secs_hsf"": 0.002549}"
brick,"brick:n=16,D=12,nn=1",1,"{""n"": 16.0, ""D"": 12.0, ""nn"": 1.0}",frame,skipped,,,,,,0.002152501925666535,,,"{""n"": 16, ""gates"": 298, ""g2"": 90, ""g3"": 0, ""depth2"": 12, ""t_count"": 0, ""rotations"": 624, ""d"": 16, ""dense_l"": 25.1824, ""redundant"": 608, ""obs_zero"": false, ""frame_l"": 41.2854, ""chi_bits"": 6, ""mps_l"": 20.7328, ""hsf_k"": 6, ""hsf_na"": 8, ""hsf_nb"": 8, ""hsf_l"": 23.1137, ""sup"": 16, ""chi_bits0"": 6, ""mps_l0"": 20.7328, ""hsf_keff"": 6, ""hsf_l0"": 23.1137, ""sparse_l"": 24.2192, ""sv_l"": 24.2192, ""feat_secs"": 0.004926, ""feat_secs_frame"": 0.002241, ""feat_secs_hsf"": 0.002549}"
brick,"brick:n=16,D=12,nn=1",1,"{""n"": 16.0, ""D"": 12.0, ""nn"": 1.0}",dense,ok,0.064904,0.0712,5308416,0.002152501925666532,16,0.002152501925666535,3.0357660829594124e-18,switched_at=Some(432) dense_qubits=16 peak_terms=1 term_visits=0 dense_ops=25559035,"{""n"": 16, ""gates"": 298, ""g2"": 90, ""g3"": 0, ""depth2"": 12, ""t_count"": 0, ""rotations"": 624, ""d"": 16, ""dense_l"": 25.1824, ""redundant"": 608, ""obs_zero"": false, ""frame_l"": 41.2854, ""chi_bits"": 6, ""mps_l"": 20.7328, ""hsf_k"": 6, ""hsf_na"": 8, ""hsf_nb"": 8, ""hsf_l"": 23.1137, ""sup"": 16, ""chi_bits0"": 6, ""mps_l0"": 20.7328, ""hsf_keff"": 6, ""hsf_l0"": 23.1137, ""sparse_l"": 24.2192, ""sv_l"": 24.2192, ""feat_secs"": 0.004926, ""feat_secs_frame"": 0.002241, ""feat_secs_hsf"": 0.002549}"
brick,"brick:n=16,D=12,nn=1",1,"{""n"": 16.0, ""D"": 12.0, ""nn"": 1.0}",auto,ok,0.065569,0.0704,5439488,0.002152501925666519,16,0.002152501925666535,1.6046192152785466e-17,switched_at=Some(428) dense_qubits=16 peak_terms=4 term_visits=6 dense_ops=25493499,"{""n"": 16, ""gates"": 298, ""g2"": 90, ""g3"": 0, ""depth2"": 12, ""t_count"": 0, ""rotations"": 624, ""d"": 16, ""dense_l"": 25.1824, ""redundant"": 608, ""obs_zero"": false, ""frame_l"": 41.2854, ""chi_bits"": 6, ""mps_l"": 20.7328, ""hsf_k"": 6, ""hsf_na"": 8, ""hsf_nb"": 8, ""hsf_l"": 23.1137, ""sup"": 16, ""chi_bits0"": 6, ""mps_l0"": 20.7328, ""hsf_keff"": 6, ""hsf_l0"": 23.1137, ""sparse_l"": 24.2192, ""sv_l"": 24.2192, ""feat_secs"": 0.004926, ""feat_secs_frame"": 0.002241, ""feat_secs_hsf"": 0.002549}"
brick,"brick:n=16,D=16,nn=1",1,"{""n"": 16.0, ""D"": 16.0, ""nn"": 1.0}",sv,ok,0.021179,0.0270,4374528,0.001147588366949424,65536,0.001147588366949424,0.0,,"{""n"": 16, ""gates"": 392, ""g2"": 120, ""g3"": 0, ""depth2"": 16, ""t_count"": 0, ""rotations"": 816, ""d"": 16, ""dense_l"": 25.5943, ""redundant"": 800, ""obs_zero"": false, ""frame_l"": 41.6724, ""chi_bits"": 8, ""mps_l"": 24.8674, ""hsf_k"": 8, ""hsf_na"": 8, ""hsf_nb"": 8, ""hsf_l"": 25.3399, ""sup"": 16, ""chi_bits0"": 8, ""mps_l0"": 24.8674, ""hsf_keff"": 8, ""hsf_l0"": 25.3399, ""sparse_l"": 24.6147, ""sv_l"": 24.6147, ""feat_secs"": 0.005683, ""feat_secs_frame"": 0.002322, ""feat_secs_hsf"": 0.003189}"
brick,"brick:n=16,D=16,nn=1",1,"{""n"": 16.0, ""D"": 16.0, ""nn"": 1.0}",sparse,ok,0.602905,0.6098,18432000,0.001147588366949428,65536,0.001147588366949424,4.119968255444917e-18,,"{""n"": 16, ""gates"": 392, ""g2"": 120, ""g3"": 0, ""depth2"": 16, ""t_count"": 0, ""rotations"": 816, ""d"": 16, ""dense_l"": 25.5943, ""redundant"": 800, ""obs_zero"": false, ""frame_l"": 41.6724, ""chi_bits"": 8, ""mps_l"": 24.8674, ""hsf_k"": 8, ""hsf_na"": 8, ""hsf_nb"": 8, ""hsf_l"": 25.3399, ""sup"": 16, ""chi_bits0"": 8, ""mps_l0"": 24.8674, ""hsf_keff"": 8, ""hsf_l0"": 25.3399, ""sparse_l"": 24.6147, ""sv_l"": 24.6147, ""feat_secs"": 0.005683, ""feat_secs_frame"": 0.002322, ""feat_secs_hsf"": 0.003189}"
brick,"brick:n=16,D=16,nn=1",1,"{""n"": 16.0, ""D"": 16.0, ""nn"": 1.0}",mps,ok,0.261915,0.2672,22577152,0.00114759506856981,253,0.001147588366949424,6.701620386016446e-09,,"{""n"": 16, ""gates"": 392, ""g2"": 120, ""g3"": 0, ""depth2"": 16, ""t_count"": 0, ""rotations"": 816, ""d"": 16, ""dense_l"": 25.5943, ""redundant"": 800, ""obs_zero"": false, ""frame_l"": 41.6724, ""chi_bits"": 8, ""mps_l"": 24.8674, ""hsf_k"": 8, ""hsf_na"": 8, ""hsf_nb"": 8, ""hsf_l"": 25.3399, ""sup"": 16, ""chi_bits0"": 8, ""mps_l0"": 24.8674, ""hsf_keff"": 8, ""hsf_l0"": 25.3399, ""sparse_l"": 24.6147, ""sv_l"": 24.6147, ""feat_secs"": 0.005683, ""feat_secs_frame"": 0.002322, ""feat_secs_hsf"": 0.003189}"
brick,"brick:n=16,D=16,nn=1",1,"{""n"": 16.0, ""D"": 16.0, ""nn"": 1.0}",hsf,ok,0.008954,0.0150,4472832,0.00114758836694942,256,0.001147588366949424,3.903127820947816e-18,,"{""n"": 16, ""gates"": 392, ""g2"": 120, ""g3"": 0, ""depth2"": 16, ""t_count"": 0, ""rotations"": 816, ""d"": 16, ""dense_l"": 25.5943, ""redundant"": 800, ""obs_zero"": false, ""frame_l"": 41.6724, ""chi_bits"": 8, ""mps_l"": 24.8674, ""hsf_k"": 8, ""hsf_na"": 8, ""hsf_nb"": 8, ""hsf_l"": 25.3399, ""sup"": 16, ""chi_bits0"": 8, ""mps_l0"": 24.8674, ""hsf_keff"": 8, ""hsf_l0"": 25.3399, ""sparse_l"": 24.6147, ""sv_l"": 24.6147, ""feat_secs"": 0.005683, ""feat_secs_frame"": 0.002322, ""feat_secs_hsf"": 0.003189}"
brick,"brick:n=16,D=16,nn=1",1,"{""n"": 16.0, ""D"": 16.0, ""nn"": 1.0}",tableau,na,,0.0072,1884160,,,0.001147588366949424,,"TooLarge { what: ""tableau (non-Clifford circuit)"", bytes: 0, limit: 0 }","{""n"": 16, ""gates"": 392, ""g2"": 120, ""g3"": 0, ""depth2"": 16, ""t_count"": 0, ""rotations"": 816, ""d"": 16, ""dense_l"": 25.5943, ""redundant"": 800, ""obs_zero"": false, ""frame_l"": 41.6724, ""chi_bits"": 8, ""mps_l"": 24.8674, ""hsf_k"": 8, ""hsf_na"": 8, ""hsf_nb"": 8, ""hsf_l"": 25.3399, ""sup"": 16, ""chi_bits0"": 8, ""mps_l0"": 24.8674, ""hsf_keff"": 8, ""hsf_l0"": 25.3399, ""sparse_l"": 24.6147, ""sv_l"": 24.6147, ""feat_secs"": 0.005683, ""feat_secs_frame"": 0.002322, ""feat_secs_hsf"": 0.003189}"
brick,"brick:n=16,D=16,nn=1",1,"{""n"": 16.0, ""D"": 16.0, ""nn"": 1.0}",frame,skipped,,,,,,0.001147588366949424,,,"{""n"": 16, ""gates"": 392, ""g2"": 120, ""g3"": 0, ""depth2"": 16, ""t_count"": 0, ""rotations"": 816, ""d"": 16, ""dense_l"": 25.5943, ""redundant"": 800, ""obs_zero"": false, ""frame_l"": 41.6724, ""chi_bits"": 8, ""mps_l"": 24.8674, ""hsf_k"": 8, ""hsf_na"": 8, ""hsf_nb"": 8, ""hsf_l"": 25.3399, ""sup"": 16, ""chi_bits0"": 8, ""mps_l0"": 24.8674, ""hsf_keff"": 8, ""hsf_l0"": 25.3399, ""sparse_l"": 24.6147, ""sv_l"": 24.6147, ""feat_secs"": 0.005683, ""feat_secs_frame"": 0.002322, ""feat_secs_hsf"": 0.003189}"
brick,"brick:n=16,D=16,nn=1",1,"{""n"": 16.0, ""D"": 16.0, ""nn"": 1.0}",dense,ok,0.092387,0.0998,5341184,0.001147588366949411,16,0.001147588366949424,1.3010426069826053e-17,switched_at=Some(560) dense_qubits=16 peak_terms=1 term_visits=0 dense_ops=33947643,"{""n"": 16, ""gates"": 392, ""g2"": 120, ""g3"": 0, ""depth2"": 16, ""t_count"": 0, ""rotations"": 816, ""d"": 16, ""dense_l"": 25.5943, ""redundant"": 800, ""obs_zero"": false, ""frame_l"": 41.6724, ""chi_bits"": 8, ""mps_l"": 24.8674, ""hsf_k"": 8, ""hsf_na"": 8, ""hsf_nb"": 8, ""hsf_l"": 25.3399, ""sup"": 16, ""chi_bits0"": 8, ""mps_l0"": 24.8674, ""hsf_keff"": 8, ""hsf_l0"": 25.3399, ""sparse_l"": 24.6147, ""sv_l"": 24.6147, ""feat_secs"": 0.005683, ""feat_secs_frame"": 0.002322, ""feat_secs_hsf"": 0.003189}"
brick,"brick:n=16,D=16,nn=1",1,"{""n"": 16.0, ""D"": 16.0, ""nn"": 1.0}",auto,ok,0.091425,0.0982,5406720,0.00114758836694943,16,0.001147588366949424,6.071532165918825e-18,switched_at=Some(556) dense_qubits=16 peak_terms=4 term_visits=6 dense_ops=33882107,"{""n"": 16, ""gates"": 392, ""g2"": 120, ""g3"": 0, ""depth2"": 16, ""t_count"": 0, ""rotations"": 816, ""d"": 16, ""dense_l"": 25.5943, ""redundant"": 800, ""obs_zero"": false, ""frame_l"": 41.6724, ""chi_bits"": 8, ""mps_l"": 24.8674, ""hsf_k"": 8, ""hsf_na"": 8, ""hsf_nb"": 8, ""hsf_l"": 25.3399, ""sup"": 16, ""chi_bits0"": 8, ""mps_l0"": 24.8674, ""hsf_keff"": 8, ""hsf_l0"": 25.3399, ""sparse_l"": 24.6147, ""sv_l"": 24.6147, ""feat_secs"": 0.005683, ""feat_secs_frame"": 0.002322, ""feat_secs_hsf"": 0.003189}"
brick,"brick:n=20,D=1,nn=1",1,"{""n"": 20.0, ""D"": 1.0, ""nn"": 1.0}",sv,ok,0.044226,0.0514,19578880,-1.569571296619232e-07,1048576,-1.569571296619232e-07,0.0,,"{""n"": 20, ""gates"": 50, ""g2"": 10, ""g3"": 0, ""depth2"": 1, ""t_count"": 0, ""rotations"": 120, ""d"": 20, ""dense_l"": 26.0224, ""redundant"": 100, ""obs_zero"": false, ""frame_l"": 46.9069, ""chi_bits"": 1, ""mps_l"": 7.4919, ""hsf_k"": 0, ""hsf_na"": 10, ""hsf_nb"": 10, ""hsf_l"": 20.0688, ""sup"": 20, ""chi_bits0"": 1, ""mps_l0"": 7.4919, ""hsf_keff"": 0, ""hsf_l0"": 20.0688, ""sparse_l"": 25.6439, ""sv_l"": 25.6439, ""feat_secs"": 0.00496, ""feat_secs_frame"": 0.000338, ""feat_secs_hsf"": 0.004574}"
brick,"brick:n=20,D=1,nn=1",1,"{""n"": 20.0, ""D"": 1.0, ""nn"": 1.0}",sparse,ok,1.290329,1.2962,214974464,-1.569571295662015e-07,1048576,-1.569571296619232e-07,9.572171106155079e-17,,"{""n"": 20, ""gates"": 50, ""g2"": 10, ""g3"": 0, ""depth2"": 1, ""t_count"": 0, ""rotations"": 120, ""d"": 20, ""dense_l"": 26.0224, ""redundant"": 100, ""obs_zero"": false, ""frame_l"": 46.9069, ""chi_bits"": 1, ""mps_l"": 7.4919, ""hsf_k"": 0, ""hsf_na"": 10, ""hsf_nb"": 10, ""hsf_l"": 20.0688, ""sup"": 20, ""chi_bits0"": 1, ""mps_l0"": 7.4919, ""hsf_keff"": 0, ""hsf_l0"": 20.0688, ""sparse_l"": 25.6439, ""sv_l"": 25.6439, ""feat_secs"": 0.00496, ""feat_secs_frame"": 0.000338, ""feat_secs_hsf"": 0.004574}"
brick,"brick:n=20,D=1,nn=1",1,"{""n"": 20.0, ""D"": 1.0, ""nn"": 1.0}",mps,ok,0.000173,0.0072,2277376,-1.569571296627656e-07,2,-1.569571296619232e-07,8.424007358240034e-19,,"{""n"": 20, ""gates"": 50, ""g2"": 10, ""g3"": 0, ""depth2"": 1, ""t_count"": 0, ""rotations"": 120, ""d"": 20, ""dense_l"": 26.0224, ""redundant"": 100, ""obs_zero"": false, ""frame_l"": 46.9069, ""chi_bits"": 1, ""mps_l"": 7.4919, ""hsf_k"": 0, ""hsf_na"": 10, ""hsf_nb"": 10, ""hsf_l"": 20.0688, ""sup"": 20, ""chi_bits0"": 1, ""mps_l0"": 7.4919, ""hsf_keff"": 0, ""hsf_l0"": 20.0688, ""sparse_l"": 25.6439, ""sv_l"": 25.6439, ""feat_secs"": 0.00496, ""feat_secs_frame"": 0.000338, ""feat_secs_hsf"": 0.004574}"
brick,"brick:n=20,D=1,nn=1",1,"{""n"": 20.0, ""D"": 1.0, ""nn"": 1.0}",hsf,ok,0.00487,0.0107,19218432,-1.569571296609629e-07,1,-1.569571296619232e-07,9.602971341699613e-19,,"{""n"": 20, ""gates"": 50, ""g2"": 10, ""g3"": 0, ""depth2"": 1, ""t_count"": 0, ""rotations"": 120, ""d"": 20, ""dense_l"": 26.0224, ""redundant"": 100, ""obs_zero"": false, ""frame_l"": 46.9069, ""chi_bits"": 1, ""mps_l"": 7.4919, ""hsf_k"": 0, ""hsf_na"": 10, ""hsf_nb"": 10, ""hsf_l"": 20.0688, ""sup"": 20, ""chi_bits0"": 1, ""mps_l0"": 7.4919, ""hsf_keff"": 0, ""hsf_l0"": 20.0688, ""sparse_l"": 25.6439, ""sv_l"": 25.6439, ""feat_secs"": 0.00496, ""feat_secs_frame"": 0.000338, ""feat_secs_hsf"": 0.004574}"
brick,"brick:n=20,D=1,nn=1",1,"{""n"": 20.0, ""D"": 1.0, ""nn"": 1.0}",tableau,na,,0.0048,1818624,,,-1.569571296619232e-07,,"TooLarge { what: ""tableau (non-Clifford circuit)"", bytes: 0, limit: 0 }","{""n"": 20, ""gates"": 50, ""g2"": 10, ""g3"": 0, ""depth2"": 1, ""t_count"": 0, ""rotations"": 120, ""d"": 20, ""dense_l"": 26.0224, ""redundant"": 100, ""obs_zero"": false, ""frame_l"": 46.9069, ""chi_bits"": 1, ""mps_l"": 7.4919, ""hsf_k"": 0, ""hsf_na"": 10, ""hsf_nb"": 10, ""hsf_l"": 20.0688, ""sup"": 20, ""chi_bits0"": 1, ""mps_l0"": 7.4919, ""hsf_keff"": 0, ""hsf_l0"": 20.0688, ""sparse_l"": 25.6439, ""sv_l"": 25.6439, ""feat_secs"": 0.00496, ""feat_secs_frame"": 0.000338, ""feat_secs_hsf"": 0.004574}"
brick,"brick:n=20,D=1,nn=1",1,"{""n"": 20.0, ""D"": 1.0, ""nn"": 1.0}",frame,ok,0.228679,0.2352,109608960,-1.569571296627596e-07,1572864,-1.569571296619232e-07,8.363920958544182e-19,switched_at=None dense_qubits=0 peak_terms=1572864 term_visits=10136225 dense_ops=0,"{""n"": 20, ""gates"": 50, ""g2"": 10, ""g3"": 0, ""depth2"": 1, ""t_count"": 0, ""rotations"": 120, ""d"": 20, ""dense_l"": 26.0224, ""redundant"": 100, ""obs_zero"": false, ""frame_l"": 46.9069, ""chi_bits"": 1, ""mps_l"": 7.4919, ""hsf_k"": 0, ""hsf_na"": 10, ""hsf_nb"": 10, ""hsf_l"": 20.0688, ""sup"": 20, ""chi_bits0"": 1, ""mps_l0"": 7.4919, ""hsf_keff"": 0, ""hsf_l0"": 20.0688, ""sparse_l"": 25.6439, ""sv_l"": 25.6439, ""feat_secs"": 0.00496, ""feat_secs_frame"": 0.000338, ""feat_secs_hsf"": 0.004574}"
brick,"brick:n=20,D=1,nn=1",1,"{""n"": 20.0, ""D"": 1.0, ""nn"": 1.0}",dense,ok,0.100169,0.1061,40353792,-1.569571296621589e-07,20,-1.569571296619232e-07,2.3571338735311077e-19,switched_at=Some(100) dense_qubits=20 peak_terms=1 term_visits=0 dense_ops=48234491,"{""n"": 20, ""gates"": 50, ""g2"": 10, ""g3"": 0, ""depth2"": 1, ""t_count"": 0, ""rotations"": 120, ""d"": 20, ""dense_l"": 26.0224, ""redundant"": 100, ""obs_zero"": false, ""frame_l"": 46.9069, ""chi_bits"": 1, ""mps_l"": 7.4919, ""hsf_k"": 0, ""hsf_na"": 10, ""hsf_nb"": 10, ""hsf_l"": 20.0688, ""sup"": 20, ""chi_bits0"": 1, ""mps_l0"": 7.4919, ""hsf_keff"": 0, ""hsf_l0"": 20.0688, ""sparse_l"": 25.6439, ""sv_l"": 25.6439, ""feat_secs"": 0.00496, ""feat_secs_frame"": 0.000338, ""feat_secs_hsf"": 0.004574}"
brick,"brick:n=20,D=1,nn=1",1,"{""n"": 20.0, ""D"": 1.0, ""nn"": 1.0}",auto,ok,0.094949,0.1008,40419328,-1.569571296628256e-07,20,-1.569571296619232e-07,9.024077261810502e-19,switched_at=Some(96) dense_qubits=20 peak_terms=4 term_visits=6 dense_ops=47185915,"{""n"": 20, ""gates"": 50, ""g2"": 10, ""g3"": 0, ""depth2"": 1, ""t_count"": 0, ""rotations"": 120, ""d"": 20, ""dense_l"": 26.0224, ""redundant"": 100, ""obs_zero"": false, ""frame_l"": 46.9069, ""chi_bits"": 1, ""mps_l"": 7.4919, ""hsf_k"": 0, ""hsf_na"": 10, ""hsf_nb"": 10, ""hsf_l"": 20.0688, ""sup"": 20, ""chi_bits0"": 1, ""mps_l0"": 7.4919, ""hsf_keff"": 0, ""hsf_l0"": 20.0688, ""sparse_l"": 25.6439, ""sv_l"": 25.6439, ""feat_secs"": 0.00496, ""feat_secs_frame"": 0.000338, ""feat_secs_hsf"": 0.004574}"
brick,"brick:n=20,D=2,nn=1",1,"{""n"": 20.0, ""D"": 2.0, ""nn"": 1.0}",sv,ok,0.064089,0.0700,19693568,-1.877793617993796e-06,1048576,-1.877793617993796e-06,0.0,,"{""n"": 20, ""gates"": 79, ""g2"": 19, ""g3"": 0, ""depth2"": 2, ""t_count"": 0, ""rotations"": 180, ""d"": 20, ""dense_l"": 26.9658, ""redundant"": 160, ""obs_zero"": false, ""frame_l"": 47.4919, ""chi_bits"": 1, ""mps_l"": 8.375, ""hsf_k"": 1, ""hsf_na"": 10, ""hsf_nb"": 10, ""hsf_l"": 21.1072, ""sup"": 20, ""chi_bits0"": 1, ""mps_l0"": 8.375, ""hsf_keff"": 1, ""hsf_l0"": 21.1072, ""sparse_l"": 26.3038, ""sv_l"": 26.3038, ""feat_secs"": 0.003138, ""feat_secs_frame"": 0.000371, ""feat_secs_hsf"": 0.002718}"
brick,"brick:n=20,D=2,nn=1",1,"{""n"": 20.0, ""D"": 2.0, ""nn"": 1.0}",sparse,ok,2.467244,2.4731,215023616,-1.877793617955286e-06,1048576,-1.877793617993796e-06,3.851014118867995e-17,,"{""n"": 20, ""gates"": 79, ""g2"": 19, ""g3"": 0, ""depth2"": 2, ""t_count"": 0, ""rotations"": 180, ""d"": 20, ""dense_l"": 26.9658, ""redundant"": 160, ""obs_zero"": false, ""frame_l"": 47.4919, ""chi_bits"": 1, ""mps_l"": 8.375, ""hsf_k"": 1, ""hsf_na"": 10, ""hsf_nb"": 10, ""hsf_l"": 21.1072, ""sup"": 20, ""chi_bits0"": 1, ""mps_l0"": 8.375, ""hsf_keff"": 1, ""hsf_l0"": 21.1072, ""sparse_l"": 26.3038, ""sv_l"": 26.3038, ""feat_secs"": 0.003138, ""feat_secs_frame"": 0.000371, ""feat_secs_hsf"": 0.002718}"
brick,"brick:n=20,D=2,nn=1",1,"{""n"": 20.0, ""D"": 2.0, ""nn"": 1.0}",mps,ok,0.00026,0.0077,2506752,-1.877793617993585e-06,2,-1.877793617993796e-06,2.1112296210313436e-19,,"{""n"": 20, ""gates"": 79, ""g2"": 19, ""g3"": 0, ""depth2"": 2, ""t_count"": 0, ""rotations"": 180, ""d"": 20, ""dense_l"": 26.9658, ""redundant"": 160, ""obs_zero"": false, ""frame_l"": 47.4919, ""chi_bits"": 1, ""mps_l"": 8.375, ""hsf_k"": 1, ""hsf_na"": 10, ""hsf_nb"": 10, ""hsf_l"": 21.1072, ""sup"": 20, ""chi_bits0"": 1, ""mps_l0"": 8.375, ""hsf_keff"": 1, ""hsf_l0"": 21.1072, ""sparse_l"": 26.3038, ""sv_l"": 26.3038, ""feat_secs"": 0.003138, ""feat_secs_frame"": 0.000371, ""feat_secs_hsf"": 0.002718}"
brick,"brick:n=20,D=2,nn=1",1,"{""n"": 20.0, ""D"": 2.0, ""nn"": 1.0}",hsf,ok,0.006353,0.0105,19234816,-1.877793617993705e-06,2,-1.877793617993796e-06,9.105604182983729e-20,,"{""n"": 20, ""gates"": 79, ""g2"": 19, ""g3"": 0, ""depth2"": 2, ""t_count"": 0, ""rotations"": 180, ""d"": 20, ""dense_l"": 26.9658, ""redundant"": 160, ""obs_zero"": false, ""frame_l"": 47.4919, ""chi_bits"": 1, ""mps_l"": 8.375, ""hsf_k"": 1, ""hsf_na"": 10, ""hsf_nb"": 10, ""hsf_l"": 21.1072, ""sup"": 20, ""chi_bits0"": 1, ""mps_l0"": 8.375, ""hsf_keff"": 1, ""hsf_l0"": 21.1072, ""sparse_l"": 26.3038, ""sv_l"": 26.3038, ""feat_secs"": 0.003138, ""feat_secs_frame"": 0.000371, ""feat_secs_hsf"": 0.002718}"
brick,"brick:n=20,D=2,nn=1",1,"{""n"": 20.0, ""D"": 2.0, ""nn"": 1.0}",tableau,na,,0.0045,1818624,,,-1.877793617993796e-06,,"TooLarge { what: ""tableau (non-Clifford circuit)"", bytes: 0, limit: 0 }","{""n"": 20, ""gates"": 79, ""g2"": 19, ""g3"": 0, ""depth2"": 2, ""t_count"": 0, ""rotations"": 180, ""d"": 20, ""dense_l"": 26.9658, ""redundant"": 160, ""obs_zero"": false, ""frame_l"": 47.4919, ""chi_bits"": 1, ""mps_l"": 8.375, ""hsf_k"": 1, ""hsf_na"": 10, ""hsf_nb"": 10, ""hsf_l"": 21.1072, ""sup"": 20, ""chi_bits0"": 1, ""mps_l0"": 8.375, ""hsf_keff"": 1, ""hsf_l0"": 21.1072, ""sparse_l"": 26.3038, ""sv_l"": 26.3038, ""feat_secs"": 0.003138, ""feat_secs_frame"": 0.000371, ""feat_secs_hsf"": 0.002718}"
brick,"brick:n=20,D=2,nn=1",1,"{""n"": 20.0, ""D"": 2.0, ""nn"": 1.0}",frame,skipped,,,,,,-1.877793617993796e-06,,,"{""n"": 20, ""gates"": 79, ""g2"": 19, ""g3"": 0, ""depth2"": 2, ""t_count"": 0, ""rotations"": 180, ""d"": 20, ""dense_l"": 26.9658, ""redundant"": 160, ""obs_zero"": false, ""frame_l"": 47.4919, ""chi_bits"": 1, ""mps_l"": 8.375, ""hsf_k"": 1, ""hsf_na"": 10, ""hsf_nb"": 10, ""hsf_l"": 21.1072, ""sup"": 20, ""chi_bits0"": 1, ""mps_l0"": 8.375, ""hsf_keff"": 1, ""hsf_l0"": 21.1072, ""sparse_l"": 26.3038, ""sv_l"": 26.3038, ""feat_secs"": 0.003138, ""feat_secs_frame"": 0.000371, ""feat_secs_hsf"": 0.002718}"
brick,"brick:n=20,D=2,nn=1",1,"{""n"": 20.0, ""D"": 2.0, ""nn"": 1.0}",dense,ok,0.18455,0.1897,41779200,-1.877793617991198e-06,20,-1.877793617993796e-06,2.5980618074657527e-18,switched_at=Some(140) dense_qubits=20 peak_terms=1 term_visits=0 dense_ops=90177531,"{""n"": 20, ""gates"": 79, ""g2"": 19, ""g3"": 0, ""depth2"": 2, ""t_count"": 0, ""rotations"": 180, ""d"": 20, ""dense_l"": 26.9658, ""redundant"": 160, ""obs_zero"": false, ""frame_l"": 47.4919, ""chi_bits"": 1, ""mps_l"": 8.375, ""hsf_k"": 1, ""hsf_na"": 10, ""hsf_nb"": 10, ""hsf_l"": 21.1072, ""sup"": 20, ""chi_bits0"": 1, ""mps_l0"": 8.375, ""hsf_keff"": 1, ""hsf_l0"": 21.1072, ""sparse_l"": 26.3038, ""sv_l"": 26.3038, ""feat_secs"": 0.003138, ""feat_secs_frame"": 0.000371, ""feat_secs_hsf"": 0.002718}"
brick,"brick:n=20,D=2,nn=1",1,"{""n"": 20.0, ""D"": 2.0, ""nn"": 1.0}",auto,ok,0.182984,0.1882,41877504,-1.877793617992019e-06,20,-1.877793617993796e-06,1.777075123339522e-18,switched_at=Some(136) dense_qubits=20 peak_terms=4 term_visits=6 dense_ops=89128955,"{""n"": 20, ""gates"": 79, ""g2"": 19, ""g3"": 0, ""depth2"": 2, ""t_count"": 0, ""rotations"": 180, ""d"": 20, ""dense_l"": 26.9658, ""redundant"": 160, ""obs_zero"": false, ""frame_l"": 47.4919, ""chi_bits"": 1, ""mps_l"": 8.375, ""hsf_k"": 1, ""hsf_na"": 10, ""hsf_nb"": 10, ""hsf_l"": 21.1072, ""sup"": 20, ""chi_bits0"": 1, ""mps_l0"": 8.375, ""hsf_keff"": 1, ""hsf_l0"": 21.1072, ""sparse_l"": 26.3038, ""sv_l"": 26.3038, ""feat_secs"": 0.003138, ""feat_secs_frame"": 0.000371, ""feat_secs_hsf"": 0.002718}"
brick,"brick:n=20,D=3,nn=1",1,"{""n"": 20.0, ""D"": 3.0, ""nn"": 1.0}",sv,ok,0.089157,0.0966,19742720,-0.0002220565475413483,1048576,-0.0002220565475413483,0.0,,"{""n"": 20, ""gates"": 109, ""g2"": 29, ""g3"": 0, ""depth2"": 3, ""t_count"": 0, ""rotations"": 240, ""d"": 20, ""dense_l"": 27.5314, ""redundant"": 220, ""obs_zero"": false, ""frame_l"": 47.9069, ""chi_bits"": 2, ""mps_l"": 10.1447, ""hsf_k"": 1, ""hsf_na"": 10, ""hsf_nb"": 10, ""hsf_l"": 21.1459, ""sup"": 20, ""chi_bits0"": 2, ""mps_l0"": 10.1447, ""hsf_keff"": 1, ""hsf_l0"": 21.1459, ""sparse_l"": 26.7682, ""sv_l"": 26.7682, ""feat_secs"": 0.003262, ""feat_secs_frame"": 0.000425, ""feat_secs_hsf"": 0.0028}"
brick,"brick:n=20,D=3,nn=1",1,"{""n"": 20.0, ""D"": 3.0, ""nn"": 1.0}",sparse,ok,4.246113,4.2522,215007232,-0.0002220565475413402,1048576,-0.0002220565475413483,8.104411239329146e-18,,"{""n"": 20, ""gates"": 109, ""g2"": 29, ""g3"": 0, ""depth2"": 3, ""t_count"": 0, ""rotations"": 240, ""d"": 20, ""dense_l"": 27.5314, ""redundant"": 220, ""obs_zero"": false, ""frame_l"": 47.9069, ""chi_bits"": 2, ""mps_l"": 10.1447, ""hsf_k"": 1, ""hsf_na"": 10, ""hsf_nb"": 10, ""hsf_l"": 21.1459, ""sup"": 20, ""chi_bits0"": 2, ""mps_l0"": 10.1447, ""hsf_keff"": 1, ""hsf_l0"": 21.1459, ""sparse_l"": 26.7682, ""sv_l"": 26.7682, ""feat_secs"": 0.003262, ""feat_secs_frame"": 0.000425, ""feat_secs_hsf"": 0.0028}"
brick,"brick:n=20,D=3,nn=1",1,"{""n"": 20.0, ""D"": 3.0, ""nn"": 1.0}",mps,ok,0.000406,0.0079,2605056,-0.0002220565475413613,4,-0.0002220565475413483,1.3010426069826053e-17,,"{""n"": 20, ""gates"": 109, ""g2"": 29, ""g3"": 0, ""depth2"": 3, ""t_count"": 0, ""rotations"": 240, ""d"": 20, ""dense_l"": 27.5314, ""redundant"": 220, ""obs_zero"": false, ""frame_l"": 47.9069, ""chi_bits"": 2, ""mps_l"": 10.1447, ""hsf_k"": 1, ""hsf_na"": 10, ""hsf_nb"": 10, ""hsf_l"": 21.1459, ""sup"": 20, ""chi_bits0"": 2, ""mps_l0"": 10.1447, ""hsf_keff"": 1, ""hsf_l0"": 21.1459, ""sparse_l"": 26.7682, ""sv_l"": 26.7682, ""feat_secs"": 0.003262, ""feat_secs_frame"": 0.000425, ""feat_secs_hsf"": 0.0028}"
brick,"brick:n=20,D=3,nn=1",1,"{""n"": 20.0, ""D"": 3.0, ""nn"": 1.0}",hsf,ok,0.007279,0.0130,19234816,-0.0002220565475413555,2,-0.0002220565475413483,7.209944447028604e-18,,"{""n"": 20, ""gates"": 109, ""g2"": 29, ""g3"": 0, ""depth2"": 3, ""t_count"": 0, ""rotations"": 240, ""d"": 20, ""dense_l"": 27.5314, ""redundant"": 220, ""obs_zero"": false, ""frame_l"": 47.9069, ""chi_bits"": 2, ""mps_l"": 10.1447, ""hsf_k"": 1, ""hsf_na"": 10, ""hsf_nb"": 10, ""hsf_l"": 21.1459, ""sup"": 20, ""chi_bits0"": 2, ""mps_l0"": 10.1447, ""hsf_keff"": 1, ""hsf_l0"": 21.1459, ""sparse_l"": 26.7682, ""sv_l"": 26.7682, ""feat_secs"": 0.003262, ""feat_secs_frame"": 0.000425, ""feat_secs_hsf"": 0.0028}"
brick,"brick:n=20,D=3,nn=1",1,"{""n"": 20.0, ""D"": 3.0, ""nn"": 1.0}",tableau,na,,0.0078,1818624,,,-0.0002220565475413483,,"TooLarge { what: ""tableau (non-Clifford circuit)"", bytes: 0, limit: 0 }","{""n"": 20, ""gates"": 109, ""g2"": 29, ""g3"": 0, ""depth2"": 3, ""t_count"": 0, ""rotations"": 240, ""d"": 20, ""dense_l"": 27.5314, ""redundant"": 220, ""obs_zero"": false, ""frame_l"": 47.9069, ""chi_bits"": 2, ""mps_l"": 10.1447, ""hsf_k"": 1, ""hsf_na"": 10, ""hsf_nb"": 10, ""hsf_l"": 21.1459, ""sup"": 20, ""chi_bits0"": 2, ""mps_l0"": 10.1447, ""hsf_keff"": 1, ""hsf_l0"": 21.1459, ""sparse_l"": 26.7682, ""sv_l"": 26.7682, ""feat_secs"": 0.003262, ""feat_secs_frame"": 0.000425, ""feat_secs_hsf"": 0.0028}"
brick,"brick:n=20,D=3,nn=1",1,"{""n"": 20.0, ""D"": 3.0, ""nn"": 1.0}",frame,skipped,,,,,,-0.0002220565475413483,,,"{""n"": 20, ""gates"": 109, ""g2"": 29, ""g3"": 0, ""depth2"": 3, ""t_count"": 0, ""rotations"": 240, ""d"": 20, ""dense_l"": 27.5314, ""redundant"": 220, ""obs_zero"": false, ""frame_l"": 47.9069, ""chi_bits"": 2, ""mps_l"": 10.1447, ""hsf_k"": 1, ""hsf_na"": 10, ""hsf_nb"": 10, ""hsf_l"": 21.1459, ""sup"": 20, ""chi_bits0"": 2, ""mps_l0"": 10.1447, ""hsf_keff"": 1, ""hsf_l0"": 21.1459, ""sparse_l"": 26.7682, ""sv_l"": 26.7682, ""feat_secs"": 0.003262, ""feat_secs_frame"": 0.000425, ""feat_secs_hsf"": 0.0028}"
brick,"brick:n=20,D=3,nn=1",1,"{""n"": 20.0, ""D"": 3.0, ""nn"": 1.0}",dense,ok,0.277669,0.2854,41811968,-0.0002220565475413487,20,-0.0002220565475413483,4.0657581468206416e-19,switched_at=Some(180) dense_qubits=20 peak_terms=1 term_visits=0 dense_ops=132120571,"{""n"": 20, ""gates"": 109, ""g2"": 29, ""g3"": 0, ""depth2"": 3, ""t_count"": 0, ""rotations"": 240, ""d"": 20, ""dense_l"": 27.5314, ""redundant"": 220, ""obs_zero"": false, ""frame_l"": 47.9069, ""chi_bits"": 2, ""mps_l"": 10.1447, ""hsf_k"": 1, ""hsf_na"": 10, ""hsf_nb"": 10, ""hsf_l"": 21.1459, ""sup"": 20, ""chi_bits0"": 2, ""mps_l0"": 10.1447, ""hsf_keff"": 1, ""hsf_l0"": 21.1459, ""sparse_l"": 26.7682, ""sv_l"": 26.7682, ""feat_secs"": 0.003262, ""feat_secs_frame"": 0.000425, ""feat_secs_hsf"": 0.0028}"
brick,"brick:n=20,D=3,nn=1",1,"{""n"": 20.0, ""D"": 3.0, ""nn"": 1.0}",auto,ok,0.273012,0.2791,41893888,-0.0002220565475413464,20,-0.0002220565475413483,1.8973538018496328e-18,switched_at=Some(176) dense_qubits=20 peak_terms=4 term_visits=6 dense_ops=131071995,"{""n"": 20, ""gates"": 109, ""g2"": 29, ""g3"": 0, ""depth2"": 3, ""t_count"": 0, ""rotations"": 240, ""d"": 20, ""dense_l"": 27.5314, ""redundant"": 220, ""obs_zero"": false, ""frame_l"": 47.9069, ""chi_bits"": 2, ""mps_l"": 10.1447, ""hsf_k"": 1, ""hsf_na"": 10, ""hsf_nb"": 10, ""hsf_l"": 21.1459, ""sup"": 20, ""chi_bits0"": 2, ""mps_l0"": 10.1447, ""hsf_keff"": 1, ""hsf_l0"": 21.1459, ""sparse_l"": 26.7682, ""sv_l"": 26.7682, ""feat_secs"": 0.003262, ""feat_secs_frame"": 0.000425, ""feat_secs_hsf"": 0.0028}"
brick,"brick:n=20,D=4,nn=1",1,"{""n"": 20.0, ""D"": 4.0, ""nn"": 1.0}",sv,ok,0.111838,0.1175,19824640,-0.00047713975320923,1048576,-0.00047713975320923,0.0,,"{""n"": 20, ""gates"": 138, ""g2"": 38, ""g3"": 0, ""depth2"": 4, ""t_count"": 0, ""rotations"": 300, ""d"": 20, ""dense_l"": 27.9366, ""redundant"": 280, ""obs_zero"": false, ""frame_l"": 48.2288, ""chi_bits"": 2, ""mps_l"": 10.9687, ""hsf_k"": 2, ""hsf_na"": 10, ""hsf_nb"": 10, ""hsf_l"": 22.1824, ""sup"": 20, ""chi_bits0"": 2, ""mps_l0"": 10.9687, ""hsf_keff"": 2, ""hsf_l0"": 22.1824, ""sparse_l"": 27.1085, ""sv_l"": 27.1085, ""feat_secs"": 0.004108, ""feat_secs_frame"": 0.000575, ""feat_secs_hsf"": 0.003476}"
brick,"brick:n=20,D=4,nn=1",1,"{""n"": 20.0, ""D"": 4.0, ""nn"": 1.0}",sparse,ok,5.506815,5.5131,215040000,-0.0004771397532091869,1048576,-0.00047713975320923,4.3151246464923076e-17,,"{""n"": 20, ""gates"": 138, ""g2"": 38, ""g3"": 0, ""depth2"": 4, ""t_count"": 0, ""rotations"": 300, ""d"": 20, ""dense_l"": 27.9366, ""redundant"": 280, ""obs_zero"": false, ""frame_l"": 48.2288, ""chi_bits"": 2, ""mps_l"": 10.9687, ""hsf_k"": 2, ""hsf_na"": 10, ""hsf_nb"": 10, ""hsf_l"": 22.1824, ""sup"": 20, ""chi_bits0"": 2, ""mps_l0"": 10.9687, ""hsf_keff"": 2, ""hsf_l0"": 22.1824, ""sparse_l"": 27.1085, ""sv_l"": 27.1085, ""feat_secs"": 0.004108, ""feat_secs_frame"": 0.000575, ""feat_secs_hsf"": 0.003476}"
brick,"brick:n=20,D=4,nn=1",1,"{""n"": 20.0, ""D"": 4.0, ""nn"": 1.0}",mps,ok,0.000455,0.0080,2703360,-0.0004771397532092387,4,-0.00047713975320923,8.673617379884035e-18,,"{""n"": 20, ""gates"": 138, ""g2"": 38, ""g3"": 0, ""depth2"": 4, ""t_count"": 0, ""rotations"": 300, ""d"": 20, ""dense_l"": 27.9366, ""redundant"": 280, ""obs_zero"": false, ""frame_l"": 48.2288, ""chi_bits"": 2, ""mps_l"": 10.9687, ""hsf_k"": 2, ""hsf_na"": 10, ""hsf_nb"": 10, ""hsf_l"": 22.1824, ""sup"": 20, ""chi_bits0"": 2, ""mps_l0"": 10.9687, ""hsf_keff"": 2, ""hsf_l0"": 22.1824, ""sparse_l"": 27.1085, ""sv_l"": 27.1085, ""feat_secs"": 0.004108, ""feat_secs_frame"": 0.000575, ""feat_secs_hsf"": 0.003476}"
brick,"brick:n=20,D=4,nn=1",1,"{""n"": 20.0, ""D"": 4.0, ""nn"": 1.0}",hsf,ok,0.009284,0.0165,19464192,-0.0004771397532092222,4,-0.00047713975320923,7.806255641895632e-18,,"{""n"": 20, ""gates"": 138, ""g2"": 38, ""g3"": 0, ""depth2"": 4, ""t_count"": 0, ""rotations"": 300, ""d"": 20, ""dense_l"": 27.9366, ""redundant"": 280, ""obs_zero"": false, ""frame_l"": 48.2288, ""chi_bits"": 2, ""mps_l"": 10.9687, ""hsf_k"": 2, ""hsf_na"": 10, ""hsf_nb"": 10, ""hsf_l"": 22.1824, ""sup"": 20, ""chi_bits0"": 2, ""mps_l0"": 10.9687, ""hsf_keff"": 2, ""hsf_l0"": 22.1824, ""sparse_l"": 27.1085, ""sv_l"": 27.1085, ""feat_secs"": 0.004108, ""feat_secs_frame"": 0.000575, ""feat_secs_hsf"": 0.003476}"
brick,"brick:n=20,D=4,nn=1",1,"{""n"": 20.0, ""D"": 4.0, ""nn"": 1.0}",tableau,na,,0.0049,1851392,,,-0.00047713975320923,,"TooLarge { what: ""tableau (non-Clifford circuit)"", bytes: 0, limit: 0 }","{""n"": 20, ""gates"": 138, ""g2"": 38, ""g3"": 0, ""depth2"": 4, ""t_count"": 0, ""rotations"": 300, ""d"": 20, ""dense_l"": 27.9366, ""redundant"": 280, ""obs_zero"": false, ""frame_l"": 48.2288, ""chi_bits"": 2, ""mps_l"": 10.9687, ""hsf_k"": 2, ""hsf_na"": 10, ""hsf_nb"": 10, ""hsf_l"": 22.1824, ""sup"": 20, ""chi_bits0"": 2, ""mps_l0"": 10.9687, ""hsf_keff"": 2, ""hsf_l0"": 22.1824, ""sparse_l"": 27.1085, ""sv_l"": 27.1085, ""feat_secs"": 0.004108, ""feat_secs_frame"": 0.000575, ""feat_secs_hsf"": 0.003476}"
brick,"brick:n=20,D=4,nn=1",1,"{""n"": 20.0, ""D"": 4.0, ""nn"": 1.0}",frame,skipped,,,,,,-0.00047713975320923,,,"{""n"": 20, ""gates"": 138, ""g2"": 38, ""g3"": 0, ""depth2"": 4, ""t_count"": 0, ""rotations"": 300, ""d"": 20, ""dense_l"": 27.9366, ""redundant"": 280, ""obs_zero"": false, ""frame_l"": 48.2288, ""chi_bits"": 2, ""mps_l"": 10.9687, ""hsf_k"": 2, ""hsf_na"": 10, ""hsf_nb"": 10, ""hsf_l"": 22.1824, ""sup"": 20, ""chi_bits0"": 2, ""mps_l0"": 10.9687, ""hsf_keff"": 2, ""hsf_l0"": 22.1824, ""sparse_l"": 27.1085, ""sv_l"": 27.1085, ""feat_secs"": 0.004108, ""feat_secs_frame"": 0.000575, ""feat_secs_hsf"": 0.003476}"
brick,"brick:n=20,D=4,nn=1",1,"{""n"": 20.0, ""D"": 4.0, ""nn"": 1.0}",dense,ok,0.358815,0.3667,41844736,-0.0004771397532092345,20,-0.00047713975320923,4.4994390158148434e-18,switched_at=Some(220) dense_qubits=20 peak_terms=1 term_visits=0 dense_ops=174063611,"{""n"": 20, ""gates"": 138, ""g2"": 38, ""g3"": 0, ""depth2"": 4, ""t_count"": 0, ""rotations"": 300, ""d"": 20, ""dense_l"": 27.9366, ""redundant"": 280, ""obs_zero"": false, ""frame_l"": 48.2288, ""chi_bits"": 2, ""mps_l"": 10.9687, ""hsf_k"": 2, ""hsf_na"": 10, ""hsf_nb"": 10, ""hsf_l"": 22.1824, ""sup"": 20, ""chi_bits0"": 2, ""mps_l0"": 10.9687, ""hsf_keff"": 2, ""hsf_l0"": 22.1824, ""sparse_l"": 27.1085, ""sv_l"": 27.1085, ""feat_secs"": 0.004108, ""feat_secs_frame"": 0.000575, ""feat_secs_hsf"": 0.003476}"
brick,"brick:n=20,D=4,nn=1",1,"{""n"": 20.0, ""D"": 4.0, ""nn"": 1.0}",auto,ok,0.350268,0.3591,41877504,-0.0004771397532092584,20,-0.00047713975320923,2.835188681049594e-17,switched_at=Some(216) dense_qubits=20 peak_terms=4 term_visits=6 dense_ops=173015035,"{""n"": 20, ""gates"": 138, ""g2"": 38, ""g3"": 0, ""depth2"": 4, ""t_count"": 0, ""rotations"": 300, ""d"": 20, ""dense_l"": 27.9366, ""redundant"": 280, ""obs_zero"": false, ""frame_l"": 48.2288, ""chi_bits"": 2, ""mps_l"": 10.9687, ""hsf_k"": 2, ""hsf_na"": 10, ""hsf_nb"": 10, ""hsf_l"": 22.1824, ""sup"": 20, ""chi_bits0"": 2, ""mps_l0"": 10.9687, ""hsf_keff"": 2, ""hsf_l0"": 22.1824, ""sparse_l"": 27.1085, ""sv_l"": 27.1085, ""feat_secs"": 0.004108, ""feat_secs_frame"": 0.000575, ""feat_secs_hsf"": 0.003476}"
brick,"brick:n=20,D=6,nn=1",1,"{""n"": 20.0, ""D"": 6.0, ""nn"": 1.0}",sv,ok,0.149402,0.1554,19939328,0.0008663071438869538,1048576,0.0008663071438869538,0.0,,"{""n"": 20, ""gates"": 197, ""g2"": 57, ""g3"": 0, ""depth2"": 6, ""t_count"": 0, ""rotations"": 420, ""d"": 20, ""dense_l"": 28.5118, ""redundant"": 400, ""obs_zero"": false, ""frame_l"": 48.7142, ""chi_bits"": 3, ""mps_l"": 13.5454, ""hsf_k"": 3, ""hsf_na"": 10, ""hsf_nb"": 10, ""hsf_l"": 23.2538, ""sup"": 20, ""chi_bits0"": 3, ""mps_l0"": 13.5454, ""hsf_keff"": 3, ""hsf_l0"": 23.2538, ""sparse_l"": 27.6221, ""sv_l"": 27.6221, ""feat_secs"": 0.003747, ""feat_secs_frame"": 0.000738, ""feat_secs_hsf"": 0.002947}"
brick,"brick:n=20,D=6,nn=1",1,"{""n"": 20.0, ""D"": 6.0, ""nn"": 1.0}",sparse,ok,8.428963,8.4345,214990848,0.0008663071438869812,1048576,0.0008663071438869538,2.7430314963883262e-17,,"{""n"": 20, ""gates"": 197, ""g2"": 57, ""g3"": 0, ""depth2"": 6, ""t_count"": 0, ""rotations"": 420, ""d"": 20, ""dense_l"": 28.5118, ""redundant"": 400, ""obs_zero"": false, ""frame_l"": 48.7142, ""chi_bits"": 3, ""mps_l"": 13.5454, ""hsf_k"": 3, ""hsf_na"": 10, ""hsf_nb"": 10, ""hsf_l"": 23.2538, ""sup"": 20, ""chi_bits0"": 3, ""mps_l0"": 13.5454, ""hsf_keff"": 3, ""hsf_l0"": 23.2538, ""sparse_l"": 27.6221, ""sv_l"": 27.6221, ""feat_secs"": 0.003747, ""feat_secs_frame"": 0.000738, ""feat_secs_hsf"": 0.002947}"
brick,"brick:n=20,D=6,nn=1",1,"{""n"": 20.0, ""D"": 6.0, ""nn"": 1.0}",mps,ok,0.001085,0.0080,2899968,0.0008663071438869973,8,0.0008663071438869538,4.358492733391728e-17,,"{""n"": 20, ""gates"": 197, ""g2"": 57, ""g3"": 0, ""depth2"": 6, ""t_count"": 0, ""rotations"": 420, ""d"": 20, ""dense_l"": 28.5118, ""redundant"": 400, ""obs_zero"": false, ""frame_l"": 48.7142, ""chi_bits"": 3, ""mps_l"": 13.5454, ""hsf_k"": 3, ""hsf_na"": 10, ""hsf_nb"": 10, ""hsf_l"": 23.2538, ""sup"": 20, ""chi_bits0"": 3, ""mps_l0"": 13.5454, ""hsf_keff"": 3, ""hsf_l0"": 23.2538, ""sparse_l"": 27.6221, ""sv_l"": 27.6221, ""feat_secs"": 0.003747, ""feat_secs_frame"": 0.000738, ""feat_secs_hsf"": 0.002947}"
brick,"brick:n=20,D=6,nn=1",1,"{""n"": 20.0, ""D"": 6.0, ""nn"": 1.0}",hsf,ok,0.010435,0.0169,19742720,0.0008663071438869687,8,0.0008663071438869538,1.496198998029996e-17,,"{""n"": 20, ""gates"": 197, ""g2"": 57, ""g3"": 0, ""depth2"": 6, ""t_count"": 0, ""rotations"": 420, ""d"": 20, ""dense_l"": 28.5118, ""redundant"": 400, ""obs_zero"": false, ""frame_l"": 48.7142, ""chi_bits"": 3, ""mps_l"": 13.5454, ""hsf_k"": 3, ""hsf_na"": 10, ""hsf_nb"": 10, ""hsf_l"": 23.2538, ""sup"": 20, ""chi_bits0"": 3, ""mps_l0"": 13.5454, ""hsf_keff"": 3, ""hsf_l0"": 23.2538, ""sparse_l"": 27.6221, ""sv_l"": 27.6221, ""feat_secs"": 0.003747, ""feat_secs_frame"": 0.000738, ""feat_secs_hsf"": 0.002947}"
brick,"brick:n=20,D=6,nn=1",1,"{""n"": 20.0, ""D"": 6.0, ""nn"": 1.0}",tableau,na,,0.0047,1835008,,,0.0008663071438869538,,"TooLarge { what: ""tableau (non-Clifford circuit)"", bytes: 0, limit: 0 }","{""n"": 20, ""gates"": 197, ""g2"": 57, ""g3"": 0, ""depth2"": 6, ""t_count"": 0, ""rotations"": 420, ""d"": 20, ""dense_l"": 28.5118, ""redundant"": 400, ""obs_zero"": false, ""frame_l"": 48.7142, ""chi_bits"": 3, ""mps_l"": 13.5454, ""hsf_k"": 3, ""hsf_na"": 10, ""hsf_nb"": 10, ""hsf_l"": 23.2538, ""sup"": 20, ""chi_bits0"": 3, ""mps_l0"": 13.5454, ""hsf_keff"": 3, ""hsf_l0"": 23.2538, ""sparse_l"": 27.6221, ""sv_l"": 27.6221, ""feat_secs"": 0.003747, ""feat_secs_frame"": 0.000738, ""feat_secs_hsf"": 0.002947}"
brick,"brick:n=20,D=6,nn=1",1,"{""n"": 20.0, ""D"": 6.0, ""nn"": 1.0}",frame,skipped,,,,,,0.0008663071438869538,,,"{""n"": 20, ""gates"": 197, ""g2"": 57, ""g3"": 0, ""depth2"": 6, ""t_count"": 0, ""rotations"": 420, ""d"": 20, ""dense_l"": 28.5118, ""redundant"": 400, ""obs_zero"": false, ""frame_l"": 48.7142, ""chi_bits"": 3, ""mps_l"": 13.5454, ""hsf_k"": 3, ""hsf_na"": 10, ""hsf_nb"": 10, ""hsf_l"": 23.2538, ""sup"": 20, ""chi_bits0"": 3, ""mps_l0"": 13.5454, ""hsf_keff"": 3, ""hsf_l0"": 23.2538, ""sparse_l"": 27.6221, ""sv_l"": 27.6221, ""feat_secs"": 0.003747, ""feat_secs_frame"": 0.000738, ""feat_secs_hsf"": 0.002947}"
brick,"brick:n=20,D=6,nn=1",1,"{""n"": 20.0, ""D"": 6.0, ""nn"": 1.0}",dense,ok,0.544433,0.5517,41877504,0.0008663071438869891,20,0.0008663071438869538,3.5344990823027445e-17,switched_at=Some(300) dense_qubits=20 peak_terms=1 term_visits=0 dense_ops=257949691,"{""n"": 20, ""gates"": 197, ""g2"": 57, ""g3"": 0, ""depth2"": 6, ""t_count"": 0, ""rotations"": 420, ""d"": 20, ""dense_l"": 28.5118, ""redundant"": 400, ""obs_zero"": false, ""frame_l"": 48.7142, ""chi_bits"": 3, ""mps_l"": 13.5454, ""hsf_k"": 3, ""hsf_na"": 10, ""hsf_nb"": 10, ""hsf_l"": 23.2538, ""sup"": 20, ""chi_bits0"": 3, ""mps_l0"": 13.5454, ""hsf_keff"": 3, ""hsf_l0"": 23.2538, ""sparse_l"": 27.6221, ""sv_l"": 27.6221, ""feat_secs"": 0.003747, ""feat_secs_frame"": 0.000738, ""feat_secs_hsf"": 0.002947}"
brick,"brick:n=20,D=6,nn=1",1,"{""n"": 20.0, ""D"": 6.0, ""nn"": 1.0}",auto,ok,0.52685,0.5333,41975808,0.0008663071438869904,20,0.0008663071438869538,3.664603343001005e-17,switched_at=Some(296) dense_qubits=20 peak_terms=4 term_visits=6 dense_ops=256901115,"{""n"": 20, ""gates"": 197, ""g2"": 57, ""g3"": 0, ""depth2"": 6, ""t_count"": 0, ""rotations"": 420, ""d"": 20, ""dense_l"": 28.5118, ""redundant"": 400, ""obs_zero"": false, ""frame_l"": 48.7142, ""chi_bits"": 3, ""mps_l"": 13.5454, ""hsf_k"": 3, ""hsf_na"": 10, ""hsf_nb"": 10, ""hsf_l"": 23.2538, ""sup"": 20, ""chi_bits0"": 3, ""mps_l0"": 13.5454, ""hsf_keff"": 3, ""hsf_l0"": 23.2538, ""sparse_l"": 27.6221, ""sv_l"": 27.6221, ""feat_secs"": 0.003747, ""feat_secs_frame"": 0.000738, ""feat_secs_hsf"": 0.002947}"
brick,"brick:n=20,D=8,nn=1",1,"{""n"": 20.0, ""D"": 8.0, ""nn"": 1.0}",sv,ok,0.193878,0.2010,20004864,0.0001661859618688344,1048576,0.0001661859618688344,0.0,,"{""n"": 20, ""gates"": 256, ""g2"": 76, ""g3"": 0, ""depth2"": 8, ""t_count"": 0, ""rotations"": 540, ""d"": 20, ""dense_l"": 28.9218, ""redundant"": 520, ""obs_zero"": false, ""frame_l"": 49.0768, ""chi_bits"": 4, ""mps_l"": 16.1653, ""hsf_k"": 4, ""hsf_na"": 10, ""hsf_nb"": 10, ""hsf_l"": 24.3219, ""sup"": 20, ""chi_bits0"": 4, ""mps_l0"": 16.1653, ""hsf_keff"": 4, ""hsf_l0"": 24.3219, ""sparse_l"": 28.0, ""sv_l"": 28.0, ""feat_secs"": 0.004074, ""feat_secs_frame"": 0.000995, ""feat_secs_hsf"": 0.003008}"
brick,"brick:n=20,D=8,nn=1",1,"{""n"": 20.0, ""D"": 8.0, ""nn"": 1.0}",sparse,timeout,,10.0026,214990848,,,0.0001661859618688344,,timeout,"{""n"": 20, ""gates"": 256, ""g2"": 76, ""g3"": 0, ""depth2"": 8, ""t_count"": 0, ""rotations"": 540, ""d"": 20, ""dense_l"": 28.9218, ""redundant"": 520, ""obs_zero"": false, ""frame_l"": 49.0768, ""chi_bits"": 4, ""mps_l"": 16.1653, ""hsf_k"": 4, ""hsf_na"": 10, ""hsf_nb"": 10, ""hsf_l"": 24.3219, ""sup"": 20, ""chi_bits0"": 4, ""mps_l0"": 16.1653, ""hsf_keff"": 4, ""hsf_l0"": 24.3219, ""sparse_l"": 28.0, ""sv_l"": 28.0, ""feat_secs"": 0.004074, ""feat_secs_frame"": 0.000995, ""feat_secs_hsf"": 0.003008}"
brick,"brick:n=20,D=8,nn=1",1,"{""n"": 20.0, ""D"": 8.0, ""nn"": 1.0}",mps,ok,0.002582,0.0079,3571712,0.0001661859618688444,16,0.0001661859618688344,1.0001765041178778e-17,,"{""n"": 20, ""gates"": 256, ""g2"": 76, ""g3"": 0, ""depth2"": 8, ""t_count"": 0, ""rotations"": 540, ""d"": 20, ""dense_l"": 28.9218, ""redundant"": 520, ""obs_zero"": false, ""frame_l"": 49.0768, ""chi_bits"": 4, ""mps_l"": 16.1653, ""hsf_k"": 4, ""hsf_na"": 10, ""hsf_nb"": 10, ""hsf_l"": 24.3219, ""sup"": 20, ""chi_bits0"": 4, ""mps_l0"": 16.1653, ""hsf_keff"": 4, ""hsf_l0"": 24.3219, ""sparse_l"": 28.0, ""sv_l"": 28.0, ""feat_secs"": 0.004074, ""feat_secs_frame"": 0.000995, ""feat_secs_hsf"": 0.003008}"
brick,"brick:n=20,D=8,nn=1",1,"{""n"": 20.0, ""D"": 8.0, ""nn"": 1.0}",hsf,ok,0.01237,0.0194,20185088,0.0001661859618688349,16,0.0001661859618688344,4.87890977618477e-19,,"{""n"": 20, ""gates"": 256, ""g2"": 76, ""g3"": 0, ""depth2"": 8, ""t_count"": 0, ""rotations"": 540, ""d"": 20, ""dense_l"": 28.9218, ""redundant"": 520, ""obs_zero"": false, ""frame_l"": 49.0768, ""chi_bits"": 4, ""mps_l"": 16.1653, ""hsf_k"": 4, ""hsf_na"": 10, ""hsf_nb"": 10, ""hsf_l"": 24.3219, ""sup"": 20, ""chi_bits0"": 4, ""mps_l0"": 16.1653, ""hsf_keff"": 4, ""hsf_l0"": 24.3219, ""sparse_l"": 28.0, ""sv_l"": 28.0, ""feat_secs"": 0.004074, ""feat_secs_frame"": 0.000995, ""feat_secs_hsf"": 0.003008}"
brick,"brick:n=20,D=8,nn=1",1,"{""n"": 20.0, ""D"": 8.0, ""nn"": 1.0}",tableau,na,,0.0051,1835008,,,0.0001661859618688344,,"TooLarge { what: ""tableau (non-Clifford circuit)"", bytes: 0, limit: 0 }","{""n"": 20, ""gates"": 256, ""g2"": 76, ""g3"": 0, ""depth2"": 8, ""t_count"": 0, ""rotations"": 540, ""d"": 20, ""dense_l"": 28.9218, ""redundant"": 520, ""obs_zero"": false, ""frame_l"": 49.0768, ""chi_bits"": 4, ""mps_l"": 16.1653, ""hsf_k"": 4, ""hsf_na"": 10, ""hsf_nb"": 10, ""hsf_l"": 24.3219, ""sup"": 20, ""chi_bits0"": 4, ""mps_l0"": 16.1653, ""hsf_keff"": 4, ""hsf_l0"": 24.3219, ""sparse_l"": 28.0, ""sv_l"": 28.0, ""feat_secs"": 0.004074, ""feat_secs_frame"": 0.000995, ""feat_secs_hsf"": 0.003008}"
brick,"brick:n=20,D=8,nn=1",1,"{""n"": 20.0, ""D"": 8.0, ""nn"": 1.0}",frame,skipped,,,,,,0.0001661859618688344,,,"{""n"": 20, ""gates"": 256, ""g2"": 76, ""g3"": 0, ""depth2"": 8, ""t_count"": 0, ""rotations"": 540, ""d"": 20, ""dense_l"": 28.9218, ""redundant"": 520, ""obs_zero"": false, ""frame_l"": 49.0768, ""chi_bits"": 4, ""mps_l"": 16.1653, ""hsf_k"": 4, ""hsf_na"": 10, ""hsf_nb"": 10, ""hsf_l"": 24.3219, ""sup"": 20, ""chi_bits0"": 4, ""mps_l0"": 16.1653, ""hsf_keff"": 4, ""hsf_l0"": 24.3219, ""sparse_l"": 28.0, ""sv_l"": 28.0, ""feat_secs"": 0.004074, ""feat_secs_frame"": 0.000995, ""feat_secs_hsf"": 0.003008}"
brick,"brick:n=20,D=8,nn=1",1,"{""n"": 20.0, ""D"": 8.0, ""nn"": 1.0}",dense,ok,0.77392,0.7789,41877504,0.0001661859618688487,20,0.0001661859618688344,1.431146867680866e-17,switched_at=Some(380) dense_qubits=20 peak_terms=1 term_visits=0 dense_ops=341835771,"{""n"": 20, ""gates"": 256, ""g2"": 76, ""g3"": 0, ""depth2"": 8, ""t_count"": 0, ""rotations"": 540, ""d"": 20, ""dense_l"": 28.9218, ""redundant"": 520, ""obs_zero"": false, ""frame_l"": 49.0768, ""chi_bits"": 4, ""mps_l"": 16.1653, ""hsf_k"": 4, ""hsf_na"": 10, ""hsf_nb"": 10, ""hsf_l"": 24.3219, ""sup"": 20, ""chi_bits0"": 4, ""mps_l0"": 16.1653, ""hsf_keff"": 4, ""hsf_l0"": 24.3219, ""sparse_l"": 28.0, ""sv_l"": 28.0, ""feat_secs"": 0.004074, ""feat_secs_frame"": 0.000995, ""feat_secs_hsf"": 0.003008}"
brick,"brick:n=20,D=8,nn=1",1,"{""n"": 20.0, ""D"": 8.0, ""nn"": 1.0}",auto,ok,0.705124,0.7124,42008576,0.0001661859618688334,20,0.0001661859618688344,1.0028870095490916e-18,switched_at=Some(376) dense_qubits=20 peak_terms=4 term_visits=6 dense_ops=340787195,"{""n"": 20, ""gates"": 256, ""g2"": 76, ""g3"": 0, ""depth2"": 8, ""t_count"": 0, ""rotations"": 540, ""d"": 20, ""dense_l"": 28.9218, ""redundant"": 520, ""obs_zero"": false, ""frame_l"": 49.0768, ""chi_bits"": 4, ""mps_l"": 16.1653, ""hsf_k"": 4, ""hsf_na"": 10, ""hsf_nb"": 10, ""hsf_l"": 24.3219, ""sup"": 20, ""chi_bits0"": 4, ""mps_l0"": 16.1653, ""hsf_keff"": 4, ""hsf_l0"": 24.3219, ""sparse_l"": 28.0, ""sv_l"": 28.0, ""feat_secs"": 0.004074, ""feat_secs_frame"": 0.000995, ""feat_secs_hsf"": 0.003008}"
brick,"brick:n=20,D=12,nn=1",1,"{""n"": 20.0, ""D"": 12.0, ""nn"": 1.0}",sv,ok,0.27473,0.2812,20234240,0.0003648009676073568,1048576,0.0003648009676073568,0.0,,"{""n"": 20, ""gates"": 374, ""g2"": 114, ""g3"": 0, ""depth2"": 12, ""t_count"": 0, ""rotations"": 780, ""d"": 20, ""dense_l"": 29.5018, ""redundant"": 760, ""obs_zero"": false, ""frame_l"": 49.6073, ""chi_bits"": 6, ""mps_l"": 21.5091, ""hsf_k"": 6, ""hsf_na"": 10, ""hsf_nb"": 10, ""hsf_l"": 26.4491, ""sup"": 20, ""chi_bits0"": 6, ""mps_l0"": 21.5091, ""hsf_keff"": 6, ""hsf_l0"": 26.4491, ""sparse_l"": 28.5469, ""sv_l"": 28.5469, ""feat_secs"": 0.004219, ""feat_secs_frame"": 0.001349, ""feat_secs_hsf"": 0.002763}"
brick,"brick:n=20,D=12,nn=1",1,"{""n"": 20.0, ""D"": 12.0, ""nn"": 1.0}",sparse,skipped,,,,,,0.0003648009676073568,,,"{""n"": 20, ""gates"": 374, ""g2"": 114, ""g3"": 0, ""depth2"": 12, ""t_count"": 0, ""rotations"": 780, ""d"": 20, ""dense_l"": 29.5018, ""redundant"": 760, ""obs_zero"": false, ""frame_l"": 49.6073, ""chi_bits"": 6, ""mps_l"": 21.5091, ""hsf_k"": 6, ""hsf_na"": 10, ""hsf_nb"": 10, ""hsf_l"": 26.4491, ""sup"": 20, ""chi_bits0"": 6, ""mps_l0"": 21.5091, ""hsf_keff"": 6, ""hsf_l0"": 26.4491, ""sparse_l"": 28.5469, ""sv_l"": 28.5469, ""feat_secs"": 0.004219, ""feat_secs_frame"": 0.001349, ""feat_secs_hsf"": 0.002763}"
brick,"brick:n=20,D=12,nn=1",1,"{""n"": 20.0, ""D"": 12.0, ""nn"": 1.0}",mps,ok,0.051822,0.0575,10305536,0.0003647943784763832,64,0.0003648009676073568,6.589130973591768e-09,,"{""n"": 20, ""gates"": 374, ""g2"": 114, ""g3"": 0, ""depth2"": 12, ""t_count"": 0, ""rotations"": 780, ""d"": 20, ""dense_l"": 29.5018, ""redundant"": 760, ""obs_zero"": false, ""frame_l"": 49.6073, ""chi_bits"": 6, ""mps_l"": 21.5091, ""hsf_k"": 6, ""hsf_na"": 10, ""hsf_nb"": 10, ""hsf_l"": 26.4491, ""sup"": 20, ""chi_bits0"": 6, ""mps_l0"": 21.5091, ""hsf_keff"": 6, ""hsf_l0"": 26.4491, ""sparse_l"": 28.5469, ""sv_l"": 28.5469, ""feat_secs"": 0.004219, ""feat_secs_frame"": 0.001349, ""feat_secs_hsf"": 0.002763}"
brick,"brick:n=20,D=12,nn=1",1,"{""n"": 20.0, ""D"": 12.0, ""nn"": 1.0}",hsf,ok,0.025951,0.0308,22708224,0.0003648009676073587,64,0.0003648009676073568,1.8973538018496328e-18,,"{""n"": 20, ""gates"": 374, ""g2"": 114, ""g3"": 0, ""depth2"": 12, ""t_count"": 0, ""rotations"": 780, ""d"": 20, ""dense_l"": 29.5018, ""redundant"": 760, ""obs_zero"": false, ""frame_l"": 49.6073, ""chi_bits"": 6, ""mps_l"": 21.5091, ""hsf_k"": 6, ""hsf_na"": 10, ""hsf_nb"": 10, ""hsf_l"": 26.4491, ""sup"": 20, ""chi_bits0"": 6, ""mps_l0"": 21.5091, ""hsf_keff"": 6, ""hsf_l0"": 26.4491, ""sparse_l"": 28.5469, ""sv_l"": 28.5469, ""feat_secs"": 0.004219, ""feat_secs_frame"": 0.001349, ""feat_secs_hsf"": 0.002763}"
brick,"brick:n=20,D=12,nn=1",1,"{""n"": 20.0, ""D"": 12.0, ""nn"": 1.0}",tableau,na,,0.0077,1867776,,,0.0003648009676073568,,"TooLarge { what: ""tableau (non-Clifford circuit)"", bytes: 0, limit: 0 }","{""n"": 20, ""gates"": 374, ""g2"": 114, ""g3"": 0, ""depth2"": 12, ""t_count"": 0, ""rotations"": 780, ""d"": 20, ""dense_l"": 29.5018, ""redundant"": 760, ""obs_zero"": false, ""frame_l"": 49.6073, ""chi_bits"": 6, ""mps_l"": 21.5091, ""hsf_k"": 6, ""hsf_na"": 10, ""hsf_nb"": 10, ""hsf_l"": 26.4491, ""sup"": 20, ""chi_bits0"": 6, ""mps_l0"": 21.5091, ""hsf_keff"": 6, ""hsf_l0"": 26.4491, ""sparse_l"": 28.5469, ""sv_l"": 28.5469, ""feat_secs"": 0.004219, ""feat_secs_frame"": 0.001349, ""feat_secs_hsf"": 0.002763}"
brick,"brick:n=20,D=12,nn=1",1,"{""n"": 20.0, ""D"": 12.0, ""nn"": 1.0}",frame,skipped,,,,,,0.0003648009676073568,,,"{""n"": 20, ""gates"": 374, ""g2"": 114, ""g3"": 0, ""depth2"": 12, ""t_count"": 0, ""rotations"": 780, ""d"": 20, ""dense_l"": 29.5018, ""redundant"": 760, ""obs_zero"": false, ""frame_l"": 49.6073, ""chi_bits"": 6, ""mps_l"": 21.5091, ""hsf_k"": 6, ""hsf_na"": 10, ""hsf_nb"": 10, ""hsf_l"": 26.4491, ""sup"": 20, ""chi_bits0"": 6, ""mps_l0"": 21.5091, ""hsf_keff"": 6, ""hsf_l0"": 26.4491, ""sparse_l"": 28.5469, ""sv_l"": 28.5469, ""feat_secs"": 0.004219, ""feat_secs_frame"": 0.001349, ""feat_secs_hsf"": 0.002763}"
brick,"brick:n=20,D=12,nn=1",1,"{""n"": 20.0, ""D"": 12.0, ""nn"": 1.0}",dense,ok,1.070683,1.0763,42008576,0.0003648009676073884,20,0.0003648009676073568,3.1604493327952454e-17,switched_at=Some(540) dense_qubits=20 peak_terms=1 term_visits=0 dense_ops=509607931,"{""n"": 20, ""gates"": 374, ""g2"": 114, ""g3"": 0, ""depth2"": 12, ""t_count"": 0, ""rotations"": 780, ""d"": 20, ""dense_l"": 29.5018, ""redundant"": 760, ""obs_zero"": false, ""frame_l"": 49.6073, ""chi_bits"": 6, ""mps_l"": 21.5091, ""hsf_k"": 6, ""hsf_na"": 10, ""hsf_nb"": 10, ""hsf_l"": 26.4491, ""sup"": 20, ""chi_bits0"": 6, ""mps_l0"": 21.5091, ""hsf_keff"": 6, ""hsf_l0"": 26.4491, ""sparse_l"": 28.5469, ""sv_l"": 28.5469, ""feat_secs"": 0.004219, ""feat_secs_frame"": 0.001349, ""feat_secs_hsf"": 0.002763}"
brick,"brick:n=20,D=12,nn=1",1,"{""n"": 20.0, ""D"": 12.0, ""nn"": 1.0}",auto,ok,1.055415,1.0610,42057728,0.0003648009676073763,20,0.0003648009676073568,1.951563910473908e-17,switched_at=Some(536) dense_qubits=20 peak_terms=4 term_visits=6 dense_ops=508559355,"{""n"": 20, ""gates"": 374, ""g2"": 114, ""g3"": 0, ""depth2"": 12, ""t_count"": 0, ""rotations"": 780, ""d"": 20, ""dense_l"": 29.5018, ""redundant"": 760, ""obs_zero"": false, ""frame_l"": 49.6073, ""chi_bits"": 6, ""mps_l"": 21.5091, ""hsf_k"": 6, ""hsf_na"": 10, ""hsf_nb"": 10, ""hsf_l"": 26.4491, ""sup"": 20, ""chi_bits0"": 6, ""mps_l0"": 21.5091, ""hsf_keff"": 6, ""hsf_l0"": 26.4491, ""sparse_l"": 28.5469, ""sv_l"": 28.5469, ""feat_secs"": 0.004219, ""feat_secs_frame"": 0.001349, ""feat_secs_hsf"": 0.002763}"
brick,"brick:n=20,D=16,nn=1",1,"{""n"": 20.0, ""D"": 16.0, ""nn"": 1.0}",sv,ok,0.36489,0.3705,20332544,0.0004229302658226127,1048576,0.0004229302658226127,0.0,,"{""n"": 20, ""gates"": 492, ""g2"": 152, ""g3"": 0, ""depth2"": 16, ""t_count"": 0, ""rotations"": 1020, ""d"": 20, ""dense_l"": 29.9144, ""redundant"": 1000, ""obs_zero"": false, ""frame_l"": 49.9944, ""chi_bits"": 8, ""mps_l"": 26.6865, ""hsf_k"": 8, ""hsf_na"": 10, ""hsf_nb"": 10, ""hsf_l"": 28.5661, ""sup"": 20, ""chi_bits0"": 8, ""mps_l0"": 26.6865, ""hsf_keff"": 8, ""hsf_l0"": 28.5661, ""sparse_l"": 28.9425, ""sv_l"": 28.9425, ""feat_secs"": 0.004876, ""feat_secs_frame"": 0.001939, ""feat_secs_hsf"": 0.00282}"
brick,"brick:n=20,D=16,nn=1",1,"{""n"": 20.0, ""D"": 16.0, ""nn"": 1.0}",sparse,skipped,,,,,,0.0004229302658226127,,,"{""n"": 20, ""gates"": 492, ""g2"": 152, ""g3"": 0, ""depth2"": 16, ""t_count"": 0, ""rotations"": 1020, ""d"": 20, ""dense_l"": 29.9144, ""redundant"": 1000, ""obs_zero"": false, ""frame_l"": 49.9944, ""chi_bits"": 8, ""mps_l"": 26.6865, ""hsf_k"": 8, ""hsf_na"": 10, ""hsf_nb"": 10, ""hsf_l"": 28.5661, ""sup"": 20, ""chi_bits0"": 8, ""mps_l0"": 26.6865, ""hsf_keff"": 8, ""hsf_l0"": 28.5661, ""sparse_l"": 28.9425, ""sv_l"": 28.9425, ""feat_secs"": 0.004876, ""feat_secs_frame"": 0.001939, ""feat_secs_hsf"": 0.00282}"
brick,"brick:n=20,D=16,nn=1",1,"{""n"": 20.0, ""D"": 16.0, ""nn"": 1.0}",mps,ok,1.086204,1.0921,77627392,0.0004229465958402135,256,0.0004229302658226127,1.633001760079295e-08,,"{""n"": 20, ""gates"": 492, ""g2"": 152, ""g3"": 0, ""depth2"": 16, ""t_count"": 0, ""rotations"": 1020, ""d"": 20, ""dense_l"": 29.9144, ""redundant"": 1000, ""obs_zero"": false, ""frame_l"": 49.9944, ""chi_bits"": 8, ""mps_l"": 26.6865, ""hsf_k"": 8, ""hsf_na"": 10, ""hsf_nb"": 10, ""hsf_l"": 28.5661, ""sup"": 20, ""chi_bits0"": 8, ""mps_l0"": 26.6865, ""hsf_keff"": 8, ""hsf_l0"": 28.5661, ""sparse_l"": 28.9425, ""sv_l"": 28.9425, ""feat_secs"": 0.004876, ""feat_secs_frame"": 0.001939, ""feat_secs_hsf"": 0.00282}"
brick,"brick:n=20,D=16,nn=1",1,"{""n"": 20.0, ""D"": 16.0, ""nn"": 1.0}",hsf,ok,0.084324,0.0898,22806528,0.0004229302658226188,256,0.0004229302658226127,6.1257422745431e-18,,"{""n"": 20, ""gates"": 492, ""g2"": 152, ""g3"": 0, ""depth2"": 16, ""t_count"": 0, ""rotations"": 1020, ""d"": 20, ""dense_l"": 29.9144, ""redundant"": 1000, ""obs_zero"": false, ""frame_l"": 49.9944, ""chi_bits"": 8, ""mps_l"": 26.6865, ""hsf_k"": 8, ""hsf_na"": 10, ""hsf_nb"": 10, ""hsf_l"": 28.5661, ""sup"": 20, ""chi_bits0"": 8, ""mps_l0"": 26.6865, ""hsf_keff"": 8, ""hsf_l0"": 28.5661, ""sparse_l"": 28.9425, ""sv_l"": 28.9425, ""feat_secs"": 0.004876, ""feat_secs_frame"": 0.001939, ""feat_secs_hsf"": 0.00282}"
brick,"brick:n=20,D=16,nn=1",1,"{""n"": 20.0, ""D"": 16.0, ""nn"": 1.0}",tableau,na,,0.0061,1884160,,,0.0004229302658226127,,"TooLarge { what: ""tableau (non-Clifford circuit)"", bytes: 0, limit: 0 }","{""n"": 20, ""gates"": 492, ""g2"": 152, ""g3"": 0, ""depth2"": 16, ""t_count"": 0, ""rotations"": 1020, ""d"": 20, ""dense_l"": 29.9144, ""redundant"": 1000, ""obs_zero"": false, ""frame_l"": 49.9944, ""chi_bits"": 8, ""mps_l"": 26.6865, ""hsf_k"": 8, ""hsf_na"": 10, ""hsf_nb"": 10, ""hsf_l"": 28.5661, ""sup"": 20, ""chi_bits0"": 8, ""mps_l0"": 26.6865, ""hsf_keff"": 8, ""hsf_l0"": 28.5661, ""sparse_l"": 28.9425, ""sv_l"": 28.9425, ""feat_secs"": 0.004876, ""feat_secs_frame"": 0.001939, ""feat_secs_hsf"": 0.00282}"
brick,"brick:n=20,D=16,nn=1",1,"{""n"": 20.0, ""D"": 16.0, ""nn"": 1.0}",frame,skipped,,,,,,0.0004229302658226127,,,"{""n"": 20, ""gates"": 492, ""g2"": 152, ""g3"": 0, ""depth2"": 16, ""t_count"": 0, ""rotations"": 1020, ""d"": 20, ""dense_l"": 29.9144, ""redundant"": 1000, ""obs_zero"": false, ""frame_l"": 49.9944, ""chi_bits"": 8, ""mps_l"": 26.6865, ""hsf_k"": 8, ""hsf_na"": 10, ""hsf_nb"": 10, ""hsf_l"": 28.5661, ""sup"": 20, ""chi_bits0"": 8, ""mps_l0"": 26.6865, ""hsf_keff"": 8, ""hsf_l0"": 28.5661, ""sparse_l"": 28.9425, ""sv_l"": 28.9425, ""feat_secs"": 0.004876, ""feat_secs_frame"": 0.001939, ""feat_secs_hsf"": 0.00282}"
brick,"brick:n=20,D=16,nn=1",1,"{""n"": 20.0, ""D"": 16.0, ""nn"": 1.0}",dense,ok,1.422673,1.4281,42074112,0.000422930265822652,20,0.0004229302658226127,3.9302328752599536e-17,switched_at=Some(700) dense_qubits=20 peak_terms=1 term_visits=0 dense_ops=677380091,"{""n"": 20, ""gates"": 492, ""g2"": 152, ""g3"": 0, ""depth2"": 16, ""t_count"": 0, ""rotations"": 1020, ""d"": 20, ""dense_l"": 29.9144, ""redundant"": 1000, ""obs_zero"": false, ""frame_l"": 49.9944, ""chi_bits"": 8, ""mps_l"": 26.6865, ""hsf_k"": 8, ""hsf_na"": 10, ""hsf_nb"": 10, ""hsf_l"": 28.5661, ""sup"": 20, ""chi_bits0"": 8, ""mps_l0"": 26.6865, ""hsf_keff"": 8, ""hsf_l0"": 28.5661, ""sparse_l"": 28.9425, ""sv_l"": 28.9425, ""feat_secs"": 0.004876, ""feat_secs_frame"": 0.001939, ""feat_secs_hsf"": 0.00282}"
brick,"brick:n=20,D=16,nn=1",1,"{""n"": 20.0, ""D"": 16.0, ""nn"": 1.0}",auto,ok,1.407006,1.4136,42106880,0.0004229302658226502,20,0.0004229302658226127,3.7513395167998453e-17,switched_at=Some(696) dense_qubits=20 peak_terms=4 term_visits=6 dense_ops=676331515,"{""n"": 20, ""gates"": 492, ""g2"": 152, ""g3"": 0, ""depth2"": 16, ""t_count"": 0, ""rotations"": 1020, ""d"": 20, ""dense_l"": 29.9144, ""redundant"": 1000, ""obs_zero"": false, ""frame_l"": 49.9944, ""chi_bits"": 8, ""mps_l"": 26.6865, ""hsf_k"": 8, ""hsf_na"": 10, ""hsf_nb"": 10, ""hsf_l"": 28.5661, ""sup"": 20, ""chi_bits0"": 8, ""mps_l0"": 26.6865, ""hsf_keff"": 8, ""hsf_l0"": 28.5661, ""sparse_l"": 28.9425, ""sv_l"": 28.9425, ""feat_secs"": 0.004876, ""feat_secs_frame"": 0.001939, ""feat_secs_hsf"": 0.00282}"
brick,"brick:n=24,D=1,nn=1",1,"{""n"": 24.0, ""D"": 1.0, ""nn"": 1.0}",sv,ok,0.850602,0.8552,272269312,3.690554669423902e-06,16777216,3.690554669423902e-06,0.0,,"{""n"": 24, ""gates"": 60, ""g2"": 12, ""g3"": 0, ""depth2"": 1, ""t_count"": 0, ""rotations"": 144, ""d"": 24, ""dense_l"": 30.2668, ""redundant"": 120, ""obs_zero"": false, ""frame_l"": 55.1699, ""chi_bits"": 1, ""mps_l"": 7.7549, ""hsf_k"": 0, ""hsf_na"": 12, ""hsf_nb"": 12, ""hsf_l"": 24.021, ""sup"": 24, ""chi_bits0"": 1, ""mps_l0"": 7.7549, ""hsf_keff"": 0, ""hsf_l0"": 24.021, ""sparse_l"": 29.9069, ""sv_l"": 29.9069, ""feat_secs"": 0.002944, ""feat_secs_frame"": 0.000285, ""feat_secs_hsf"": 0.002629}"
brick,"brick:n=24,D=1,nn=1",1,"{""n"": 24.0, ""D"": 1.0, ""nn"": 1.0}",sparse,timeout,,10.0589,3360718848,,,3.690554669423902e-06,,timeout,"{""n"": 24, ""gates"": 60, ""g2"": 12, ""g3"": 0, ""depth2"": 1, ""t_count"": 0, ""rotations"": 144, ""d"": 24, ""dense_l"": 30.2668, ""redundant"": 120, ""obs_zero"": false, ""frame_l"": 55.1699, ""chi_bits"": 1, ""mps_l"": 7.7549, ""hsf_k"": 0, ""hsf_na"": 12, ""hsf_nb"": 12, ""hsf_l"": 24.021, ""sup"": 24, ""chi_bits0"": 1, ""mps_l0"": 7.7549, ""hsf_keff"": 0, ""hsf_l0"": 24.021, ""sparse_l"": 29.9069, ""sv_l"": 29.9069, ""feat_secs"": 0.002944, ""feat_secs_frame"": 0.000285, ""feat_secs_hsf"": 0.002629}"
brick,"brick:n=24,D=1,nn=1",1,"{""n"": 24.0, ""D"": 1.0, ""nn"": 1.0}",mps,ok,0.000158,0.0047,2277376,3.690554669424622e-06,2,3.690554669423902e-06,7.199780051661553e-19,,"{""n"": 24, ""gates"": 60, ""g2"": 12, ""g3"": 0, ""depth2"": 1, ""t_count"": 0, ""rotations"": 144, ""d"": 24, ""dense_l"": 30.2668, ""redundant"": 120, ""obs_zero"": false, ""frame_l"": 55.1699, ""chi_bits"": 1, ""mps_l"": 7.7549, ""hsf_k"": 0, ""hsf_na"": 12, ""hsf_nb"": 12, ""hsf_l"": 24.021, ""sup"": 24, ""chi_bits0"": 1, ""mps_l0"": 7.7549, ""hsf_keff"": 0, ""hsf_l0"": 24.021, ""sparse_l"": 29.9069, ""sv_l"": 29.9069, ""feat_secs"": 0.002944, ""feat_secs_frame"": 0.000285, ""feat_secs_hsf"": 0.002629}"
brick,"brick:n=24,D=1,nn=1",1,"{""n"": 24.0, ""D"": 1.0, ""nn"": 1.0}",hsf,ok,0.05574,0.0614,271187968,3.69055466942268e-06,1,3.690554669423902e-06,1.2218450264143282e-18,,"{""n"": 24, ""gates"": 60, ""g2"": 12, ""g3"": 0, ""depth2"": 1, ""t_count"": 0, ""rotations"": 144, ""d"": 24, ""dense_l"": 30.2668, ""redundant"": 120, ""obs_zero"": false, ""frame_l"": 55.1699, ""chi_bits"": 1, ""mps_l"": 7.7549, ""hsf_k"": 0, ""hsf_na"": 12, ""hsf_nb"": 12, ""hsf_l"": 24.021, ""sup"": 24, ""chi_bits0"": 1, ""mps_l0"": 7.7549, ""hsf_keff"": 0, ""hsf_l0"": 24.021, ""sparse_l"": 29.9069, ""sv_l"": 29.9069, ""feat_secs"": 0.002944, ""feat_secs_frame"": 0.000285, ""feat_secs_hsf"": 0.002629}"
brick,"brick:n=24,D=1,nn=1",1,"{""n"": 24.0, ""D"": 1.0, ""nn"": 1.0}",tableau,na,,0.0048,1818624,,,3.690554669423902e-06,,"TooLarge { what: ""tableau (non-Clifford circuit)"", bytes: 0, limit: 0 }","{""n"": 24, ""gates"": 60, ""g2"": 12, ""g3"": 0, ""depth2"": 1, ""t_count"": 0, ""rotations"": 144, ""d"": 24, ""dense_l"": 30.2668, ""redundant"": 120, ""obs_zero"": false, ""frame_l"": 55.1699, ""chi_bits"": 1, ""mps_l"": 7.7549, ""hsf_k"": 0, ""hsf_na"": 12, ""hsf_nb"": 12, ""hsf_l"": 24.021, ""sup"": 24, ""chi_bits0"": 1, ""mps_l0"": 7.7549, ""hsf_keff"": 0, ""hsf_l0"": 24.021, ""sparse_l"": 29.9069, ""sv_l"": 29.9069, ""feat_secs"": 0.002944, ""feat_secs_frame"": 0.000285, ""feat_secs_hsf"": 0.002629}"
brick,"brick:n=24,D=1,nn=1",1,"{""n"": 24.0, ""D"": 1.0, ""nn"": 1.0}",frame,toolarge,,1.2454,1260863488,,,3.690554669423902e-06,,"TooManyTerms { terms: 25165824, limit: 16777216 }","{""n"": 24, ""gates"": 60, ""g2"": 12, ""g3"": 0, ""depth2"": 1, ""t_count"": 0, ""rotations"": 144, ""d"": 24, ""dense_l"": 30.2668, ""redundant"": 120, ""obs_zero"": false, ""frame_l"": 55.1699, ""chi_bits"": 1, ""mps_l"": 7.7549, ""hsf_k"": 0, ""hsf_na"": 12, ""hsf_nb"": 12, ""hsf_l"": 24.021, ""sup"": 24, ""chi_bits0"": 1, ""mps_l0"": 7.7549, ""hsf_keff"": 0, ""hsf_l0"": 24.021, ""sparse_l"": 29.9069, ""sv_l"": 29.9069, ""feat_secs"": 0.002944, ""feat_secs_frame"": 0.000285, ""feat_secs_hsf"": 0.002629}"
brick,"brick:n=24,D=1,nn=1",1,"{""n"": 24.0, ""D"": 1.0, ""nn"": 1.0}",dense,ok,1.72229,1.7278,606781440,3.690554669424946e-06,24,3.690554669423902e-06,1.0439681074909252e-18,switched_at=Some(120) dense_qubits=24 peak_terms=1 term_visits=0 dense_ops=905969659,"{""n"": 24, ""gates"": 60, ""g2"": 12, ""g3"": 0, ""depth2"": 1, ""t_count"": 0, ""rotations"": 144, ""d"": 24, ""dense_l"": 30.2668, ""redundant"": 120, ""obs_zero"": false, ""frame_l"": 55.1699, ""chi_bits"": 1, ""mps_l"": 7.7549, ""hsf_k"": 0, ""hsf_na"": 12, ""hsf_nb"": 12, ""hsf_l"": 24.021, ""sup"": 24, ""chi_bits0"": 1, ""mps_l0"": 7.7549, ""hsf_keff"": 0, ""hsf_l0"": 24.021, ""sparse_l"": 29.9069, ""sv_l"": 29.9069, ""feat_secs"": 0.002944, ""feat_secs_frame"": 0.000285, ""feat_secs_hsf"": 0.002629}"
brick,"brick:n=24,D=1,nn=1",1,"{""n"": 24.0, ""D"": 1.0, ""nn"": 1.0}",auto,ok,1.704506,1.7097,606814208,3.690554669422645e-06,24,3.690554669423902e-06,1.2569968937253817e-18,switched_at=Some(116) dense_qubits=24 peak_terms=4 term_visits=6 dense_ops=889192443,"{""n"": 24, ""gates"": 60, ""g2"": 12, ""g3"": 0, ""depth2"": 1, ""t_count"": 0, ""rotations"": 144, ""d"": 24, ""dense_l"": 30.2668, ""redundant"": 120, ""obs_zero"": false, ""frame_l"": 55.1699, ""chi_bits"": 1, ""mps_l"": 7.7549, ""hsf_k"": 0, ""hsf_na"": 12, ""hsf_nb"": 12, ""hsf_l"": 24.021, ""sup"": 24, ""chi_bits0"": 1, ""mps_l0"": 7.7549, ""hsf_keff"": 0, ""hsf_l0"": 24.021, ""sparse_l"": 29.9069, ""sv_l"": 29.9069, ""feat_secs"": 0.002944, ""feat_secs_frame"": 0.000285, ""feat_secs_hsf"": 0.002629}"
brick,"brick:n=24,D=2,nn=1",1,"{""n"": 24.0, ""D"": 2.0, ""nn"": 1.0}",sv,ok,1.27885,1.2857,272384000,-2.863900769583996e-07,16777216,-2.863900769583996e-07,0.0,,"{""n"": 24, ""gates"": 95, ""g2"": 23, ""g3"": 0, ""depth2"": 2, ""t_count"": 0, ""rotations"": 216, ""d"": 24, ""dense_l"": 31.2192, ""redundant"": 192, ""obs_zero"": false, ""frame_l"": 55.7549, ""chi_bits"": 1, ""mps_l"": 8.6439, ""hsf_k"": 1, ""hsf_na"": 12, ""hsf_nb"": 12, ""hsf_l"": 25.0331, ""sup"": 24, ""chi_bits0"": 1, ""mps_l0"": 8.6439, ""hsf_keff"": 1, ""hsf_l0"": 25.0331, ""sparse_l"": 30.5699, ""sv_l"": 30.5699, ""feat_secs"": 0.005869, ""feat_secs_frame"": 0.00043, ""feat_secs_hsf"": 0.005403}"
brick,"brick:n=24,D=2,nn=1",1,"{""n"": 24.0, ""D"": 2.0, ""nn"": 1.0}",sparse,skipped,,,,,,-2.863900769583996e-07,,,"{""n"": 24, ""gates"": 95, ""g2"": 23, ""g3"": 0, ""depth2"": 2, ""t_count"": 0, ""rotations"": 216, ""d"": 24, ""dense_l"": 31.2192, ""redundant"": 192, ""obs_zero"": false, ""frame_l"": 55.7549, ""chi_bits"": 1, ""mps_l"": 8.6439, ""hsf_k"": 1, ""hsf_na"": 12, ""hsf_nb"": 12, ""hsf_l"": 25.0331, ""sup"": 24, ""chi_bits0"": 1, ""mps_l0"": 8.6439, ""hsf_keff"": 1, ""hsf_l0"": 25.0331, ""sparse_l"": 30.5699, ""sv_l"": 30.5699, ""feat_secs"": 0.005869, ""feat_secs_frame"": 0.00043, ""feat_secs_hsf"": 0.005403}"
brick,"brick:n=24,D=2,nn=1",1,"{""n"": 24.0, ""D"": 2.0, ""nn"": 1.0}",mps,ok,0.00026,0.0079,2506752,-2.863900769586126e-07,2,-2.863900769583996e-07,2.1302878623445654e-19,,"{""n"": 24, ""gates"": 95, ""g2"": 23, ""g3"": 0, ""depth2"": 2, ""t_count"": 0, ""rotations"": 216, ""d"": 24, ""dense_l"": 31.2192, ""redundant"": 192, ""obs_zero"": false, ""frame_l"": 55.7549, ""chi_bits"": 1, ""mps_l"": 8.6439, ""hsf_k"": 1, ""hsf_na"": 12, ""hsf_nb"": 12, ""hsf_l"": 25.0331, ""sup"": 24, ""chi_bits0"": 1, ""mps_l0"": 8.6439, ""hsf_keff"": 1, ""hsf_l0"": 25.0331, ""sparse_l"": 30.5699, ""sv_l"": 30.5699, ""feat_secs"": 0.005869, ""feat_secs_frame"": 0.00043, ""feat_secs_hsf"": 0.005403}"
brick,"brick:n=24,D=2,nn=1",1,"{""n"": 24.0, ""D"": 2.0, ""nn"": 1.0}",hsf,ok,0.067563,0.0739,271319040,-2.863900769586094e-07,2,-2.863900769583996e-07,2.0979947312304952e-19,,"{""n"": 24, ""gates"": 95, ""g2"": 23, ""g3"": 0, ""depth2"": 2, ""t_count"": 0, ""rotations"": 216, ""d"": 24, ""dense_l"": 31.2192, ""redundant"": 192, ""obs_zero"": false, ""frame_l"": 55.7549, ""chi_bits"": 1, ""mps_l"": 8.6439, ""hsf_k"": 1, ""hsf_na"": 12, ""hsf_nb"": 12, ""hsf_l"": 25.0331, ""sup"": 24, ""chi_bits0"": 1, ""mps_l0"": 8.6439, ""hsf_keff"": 1, ""hsf_l0"": 25.0331, ""sparse_l"": 30.5699, ""sv_l"": 30.5699, ""feat_secs"": 0.005869, ""feat_secs_frame"": 0.00043, ""feat_secs_hsf"": 0.005403}"
brick,"brick:n=24,D=2,nn=1",1,"{""n"": 24.0, ""D"": 2.0, ""nn"": 1.0}",tableau,na,,0.0054,1818624,,,-2.863900769583996e-07,,"TooLarge { what: ""tableau (non-Clifford circuit)"", bytes: 0, limit: 0 }","{""n"": 24, ""gates"": 95, ""g2"": 23, ""g3"": 0, ""depth2"": 2, ""t_count"": 0, ""rotations"": 216, ""d"": 24, ""dense_l"": 31.2192, ""redundant"": 192, ""obs_zero"": false, ""frame_l"": 55.7549, ""chi_bits"": 1, ""mps_l"": 8.6439, ""hsf_k"": 1, ""hsf_na"": 12, ""hsf_nb"": 12, ""hsf_l"": 25.0331, ""sup"": 24, ""chi_bits0"": 1, ""mps_l0"": 8.6439, ""hsf_keff"": 1, ""hsf_l0"": 25.0331, ""sparse_l"": 30.5699, ""sv_l"": 30.5699, ""feat_secs"": 0.005869, ""feat_secs_frame"": 0.00043, ""feat_secs_hsf"": 0.005403}"
brick,"brick:n=24,D=2,nn=1",1,"{""n"": 24.0, ""D"": 2.0, ""nn"": 1.0}",frame,skipped,,,,,,-2.863900769583996e-07,,,"{""n"": 24, ""gates"": 95, ""g2"": 23, ""g3"": 0, ""depth2"": 2, ""t_count"": 0, ""rotations"": 216, ""d"": 24, ""dense_l"": 31.2192, ""redundant"": 192, ""obs_zero"": false, ""frame_l"": 55.7549, ""chi_bits"": 1, ""mps_l"": 8.6439, ""hsf_k"": 1, ""hsf_na"": 12, ""hsf_nb"": 12, ""hsf_l"": 25.0331, ""sup"": 24, ""chi_bits0"": 1, ""mps_l0"": 8.6439, ""hsf_keff"": 1, ""hsf_l0"": 25.0331, ""sparse_l"": 30.5699, ""sv_l"": 30.5699, ""feat_secs"": 0.005869, ""feat_secs_frame"": 0.00043, ""feat_secs_hsf"": 0.005403}"
brick,"brick:n=24,D=2,nn=1",1,"{""n"": 24.0, ""D"": 2.0, ""nn"": 1.0}",dense,ok,3.227967,3.2353,608157696,-2.863900769575245e-07,24,-2.863900769583996e-07,8.75090913632099e-19,switched_at=Some(168) dense_qubits=24 peak_terms=1 term_visits=0 dense_ops=1711276027,"{""n"": 24, ""gates"": 95, ""g2"": 23, ""g3"": 0, ""depth2"": 2, ""t_count"": 0, ""rotations"": 216, ""d"": 24, ""dense_l"": 31.2192, ""redundant"": 192, ""obs_zero"": false, ""frame_l"": 55.7549, ""chi_bits"": 1, ""mps_l"": 8.6439, ""hsf_k"": 1, ""hsf_na"": 12, ""hsf_nb"": 12, ""hsf_l"": 25.0331, ""sup"": 24, ""chi_bits0"": 1, ""mps_l0"": 8.6439, ""hsf_keff"": 1, ""hsf_l0"": 25.0331, ""sparse_l"": 30.5699, ""sv_l"": 30.5699, ""feat_secs"": 0.005869, ""feat_secs_frame"": 0.00043, ""feat_secs_hsf"": 0.005403}"
brick,"brick:n=24,D=2,nn=1",1,"{""n"": 24.0, ""D"": 2.0, ""nn"": 1.0}",auto,ok,3.139576,3.1453,608206848,-2.863900769577425e-07,24,-2.863900769583996e-07,6.570858088325235e-19,switched_at=Some(164) dense_qubits=24 peak_terms=4 term_visits=6 dense_ops=1694498811,"{""n"": 24, ""gates"": 95, ""g2"": 23, ""g3"": 0, ""depth2"": 2, ""t_count"": 0, ""rotations"": 216, ""d"": 24, ""dense_l"": 31.2192, ""redundant"": 192, ""obs_zero"": false, ""frame_l"": 55.7549, ""chi_bits"": 1, ""mps_l"": 8.6439, ""hsf_k"": 1, ""hsf_na"": 12, ""hsf_nb"": 12, ""hsf_l"": 25.0331, ""sup"": 24, ""chi_bits0"": 1, ""mps_l0"": 8.6439, ""hsf_keff"": 1, ""hsf_l0"": 25.0331, ""sparse_l"": 30.5699, ""sv_l"": 30.5699, ""feat_secs"": 0.005869, ""feat_secs_frame"": 0.00043, ""feat_secs_hsf"": 0.005403}"
brick,"brick:n=24,D=3,nn=1",1,"{""n"": 24.0, ""D"": 3.0, ""nn"": 1.0}",sv,ok,1.710996,1.7178,272449536,-1.249605503208955e-05,16777216,-1.249605503208955e-05,0.0,,"{""n"": 24, ""gates"": 131, ""g2"": 35, ""g3"": 0, ""depth2"": 3, ""t_count"": 0, ""rotations"": 288, ""d"": 24, ""dense_l"": 31.7879, ""redundant"": 264, ""obs_zero"": false, ""frame_l"": 56.1699, ""chi_bits"": 2, ""mps_l"": 10.4429, ""hsf_k"": 1, ""hsf_na"": 12, ""hsf_nb"": 12, ""hsf_l"": 25.0454, ""sup"": 24, ""chi_bits0"": 2, ""mps_l0"": 10.4429, ""hsf_keff"": 1, ""hsf_l0"": 25.0454, ""sparse_l"": 31.0334, ""sv_l"": 31.0334, ""feat_secs"": 0.006096, ""feat_secs_frame"": 0.000531, ""feat_secs_hsf"": 0.005514}"
brick,"brick:n=24,D=3,nn=1",1,"{""n"": 24.0, ""D"": 3.0, ""nn"": 1.0}",sparse,skipped,,,,,,-1.249605503208955e-05,,,"{""n"": 24, ""gates"": 131, ""g2"": 35, ""g3"": 0, ""depth2"": 3, ""t_count"": 0, ""rotations"": 288, ""d"": 24, ""dense_l"": 31.7879, ""redundant"": 264, ""obs_zero"": false, ""frame_l"": 56.1699, ""chi_bits"": 2, ""mps_l"": 10.4429, ""hsf_k"": 1, ""hsf_na"": 12, ""hsf_nb"": 12, ""hsf_l"": 25.0454, ""sup"": 24, ""chi_bits0"": 2, ""mps_l0"": 10.4429, ""hsf_keff"": 1, ""hsf_l0"": 25.0454, ""sparse_l"": 31.0334, ""sv_l"": 31.0334, ""feat_secs"": 0.006096, ""feat_secs_frame"": 0.000531, ""feat_secs_hsf"": 0.005514}"
brick,"brick:n=24,D=3,nn=1",1,"{""n"": 24.0, ""D"": 3.0, ""nn"": 1.0}",mps,ok,0.000338,0.0070,2621440,-1.249605503208763e-05,4,-1.249605503208955e-05,1.9193766584782446e-18,,"{""n"": 24, ""gates"": 131, ""g2"": 35, ""g3"": 0, ""depth2"": 3, ""t_count"": 0, ""rotations"": 288, ""d"": 24, ""dense_l"": 31.7879, ""redundant"": 264, ""obs_zero"": false, ""frame_l"": 56.1699, ""chi_bits"": 2, ""mps_l"": 10.4429, ""hsf_k"": 1, ""hsf_na"": 12, ""hsf_nb"": 12, ""hsf_l"": 25.0454, ""sup"": 24, ""chi_bits0"": 2, ""mps_l0"": 10.4429, ""hsf_keff"": 1, ""hsf_l0"": 25.0454, ""sparse_l"": 31.0334, ""sv_l"": 31.0334, ""feat_secs"": 0.006096, ""feat_secs_frame"": 0.000531, ""feat_secs_hsf"": 0.005514}"
brick,"brick:n=24,D=3,nn=1",1,"{""n"": 24.0, ""D"": 3.0, ""nn"": 1.0}",hsf,ok,0.064875,0.0723,271335424,-1.249605503209138e-05,2,-1.249605503208955e-05,1.8312852319637973e-18,,"{""n"": 24, ""gates"": 131, ""g2"": 35, ""g3"": 0, ""depth2"": 3, ""t_count"": 0, ""rotations"": 288, ""d"": 24, ""dense_l"": 31.7879, ""redundant"": 264, ""obs_zero"": false, ""frame_l"": 56.1699, ""chi_bits"": 2, ""mps_l"": 10.4429, ""hsf_k"": 1, ""hsf_na"": 12, ""hsf_nb"": 12, ""hsf_l"": 25.0454, ""sup"": 24, ""chi_bits0"": 2, ""mps_l0"": 10.4429, ""hsf_keff"": 1, ""hsf_l0"": 25.0454, ""sparse_l"": 31.0334, ""sv_l"": 31.0334, ""feat_secs"": 0.006096, ""feat_secs_frame"": 0.000531, ""feat_secs_hsf"": 0.005514}"
brick,"brick:n=24,D=3,nn=1",1,"{""n"": 24.0, ""D"": 3.0, ""nn"": 1.0}",tableau,na,,0.0071,1851392,,,-1.249605503208955e-05,,"TooLarge { what: ""tableau (non-Clifford circuit)"", bytes: 0, limit: 0 }","{""n"": 24, ""gates"": 131, ""g2"": 35, ""g3"": 0, ""depth2"": 3, ""t_count"": 0, ""rotations"": 288, ""d"": 24, ""dense_l"": 31.7879, ""redundant"": 264, ""obs_zero"": false, ""frame_l"": 56.1699, ""chi_bits"": 2, ""mps_l"": 10.4429, ""hsf_k"": 1, ""hsf_na"": 12, ""hsf_nb"": 12, ""hsf_l"": 25.0454, ""sup"": 24, ""chi_bits0"": 2, ""mps_l0"": 10.4429, ""hsf_keff"": 1, ""hsf_l0"": 25.0454, ""sparse_l"": 31.0334, ""sv_l"": 31.0334, ""feat_secs"": 0.006096, ""feat_secs_frame"": 0.000531, ""feat_secs_hsf"": 0.005514}"
brick,"brick:n=24,D=3,nn=1",1,"{""n"": 24.0, ""D"": 3.0, ""nn"": 1.0}",frame,skipped,,,,,,-1.249605503208955e-05,,,"{""n"": 24, ""gates"": 131, ""g2"": 35, ""g3"": 0, ""depth2"": 3, ""t_count"": 0, ""rotations"": 288, ""d"": 24, ""dense_l"": 31.7879, ""redundant"": 264, ""obs_zero"": false, ""frame_l"": 56.1699, ""chi_bits"": 2, ""mps_l"": 10.4429, ""hsf_k"": 1, ""hsf_na"": 12, ""hsf_nb"": 12, ""hsf_l"": 25.0454, ""sup"": 24, ""chi_bits0"": 2, ""mps_l0"": 10.4429, ""hsf_keff"": 1, ""hsf_l0"": 25.0454, ""sparse_l"": 31.0334, ""sv_l"": 31.0334, ""feat_secs"": 0.006096, ""feat_secs_frame"": 0.000531, ""feat_secs_hsf"": 0.005514}"
brick,"brick:n=24,D=3,nn=1",1,"{""n"": 24.0, ""D"": 3.0, ""nn"": 1.0}",dense,ok,4.767051,4.7725,608174080,-1.249605503209399e-05,24,-1.249605503208955e-05,4.440146709507042e-18,switched_at=Some(216) dense_qubits=24 peak_terms=1 term_visits=0 dense_ops=2516582395,"{""n"": 24, ""gates"": 131, ""g2"": 35, ""g3"": 0, ""depth2"": 3, ""t_count"": 0, ""rotations"": 288, ""d"": 24, ""dense_l"": 31.7879, ""redundant"": 264, ""obs_zero"": false, ""frame_l"": 56.1699, ""chi_bits"": 2, ""mps_l"": 10.4429, ""hsf_k"": 1, ""hsf_na"": 12, ""hsf_nb"": 12, ""hsf_l"": 25.0454, ""sup"": 24, ""chi_bits0"": 2, ""mps_l0"": 10.4429, ""hsf_keff"": 1, ""hsf_l0"": 25.0454, ""sparse_l"": 31.0334, ""sv_l"": 31.0334, ""feat_secs"": 0.006096, ""feat_secs_frame"": 0.000531, ""feat_secs_hsf"": 0.005514}"
brick,"brick:n=24,D=3,nn=1",1,"{""n"": 24.0, ""D"": 3.0, ""nn"": 1.0}",auto,ok,4.881516,4.8897,608272384,-1.249605503209024e-05,24,-1.249605503208955e-05,6.911788849595091e-19,switched_at=Some(212) dense_qubits=24 peak_terms=4 term_visits=6 dense_ops=2499805179,"{""n"": 24, ""gates"": 131, ""g2"": 35, ""g3"": 0, ""depth2"": 3, ""t_count"": 0, ""rotations"": 288, ""d"": 24, ""dense_l"": 31.7879, ""redundant"": 264, ""obs_zero"": false, ""frame_l"": 56.1699, ""chi_bits"": 2, ""mps_l"": 10.4429, ""hsf_k"": 1, ""hsf_na"": 12, ""hsf_nb"": 12, ""hsf_l"": 25.0454, ""sup"": 24, ""chi_bits0"": 2, ""mps_l0"": 10.4429, ""hsf_keff"": 1, ""hsf_l0"": 25.0454, ""sparse_l"": 31.0334, ""sv_l"": 31.0334, ""feat_secs"": 0.006096, ""feat_secs_frame"": 0.000531, ""feat_secs_hsf"": 0.005514}"
brick,"brick:n=24,D=4,nn=1",1,"{""n"": 24.0, ""D"": 4.0, ""nn"": 1.0}",sv,ok,2.12359,2.1316,272482304,-1.23960342524229e-05,16777216,-1.23960342524229e-05,0.0,,"{""n"": 24, ""gates"": 166, ""g2"": 46, ""g3"": 0, ""depth2"": 4, ""t_count"": 0, ""rotations"": 360, ""d"": 24, ""dense_l"": 32.1948, ""redundant"": 336, ""obs_zero"": false, ""frame_l"": 56.4919, ""chi_bits"": 2, ""mps_l"": 11.2621, ""hsf_k"": 2, ""hsf_na"": 12, ""hsf_nb"": 12, ""hsf_l"": 26.0573, ""sup"": 24, ""chi_bits0"": 2, ""mps_l0"": 11.2621, ""hsf_keff"": 2, ""hsf_l0"": 26.0573, ""sparse_l"": 31.375, ""sv_l"": 31.375, ""feat_secs"": 0.006179, ""feat_secs_frame"": 0.000684, ""feat_secs_hsf"": 0.005421}"
brick,"brick:n=24,D=4,nn=1",1,"{""n"": 24.0, ""D"": 4.0, ""nn"": 1.0}",sparse,skipped,,,,,,-1.23960342524229e-05,,,"{""n"": 24, ""gates"": 166, ""g2"": 46, ""g3"": 0, ""depth2"": 4, ""t_count"": 0, ""rotations"": 360, ""d"": 24, ""dense_l"": 32.1948, ""redundant"": 336, ""obs_zero"": false, ""frame_l"": 56.4919, ""chi_bits"": 2, ""mps_l"": 11.2621, ""hsf_k"": 2, ""hsf_na"": 12, ""hsf_nb"": 12, ""hsf_l"": 26.0573, ""sup"": 24, ""chi_bits0"": 2, ""mps_l0"": 11.2621, ""hsf_keff"": 2, ""hsf_l0"": 26.0573, ""sparse_l"": 31.375, ""sv_l"": 31.375, ""feat_secs"": 0.006179, ""feat_secs_frame"": 0.000684, ""feat_secs_hsf"": 0.005421}"
brick,"brick:n=24,D=4,nn=1",1,"{""n"": 24.0, ""D"": 4.0, ""nn"": 1.0}",mps,ok,0.0005,0.0083,2654208,-1.239603425242309e-05,4,-1.23960342524229e-05,1.8973538018496328e-19,,"{""n"": 24, ""gates"": 166, ""g2"": 46, ""g3"": 0, ""depth2"": 4, ""t_count"": 0, ""rotations"": 360, ""d"": 24, ""dense_l"": 32.1948, ""redundant"": 336, ""obs_zero"": false, ""frame_l"": 56.4919, ""chi_bits"": 2, ""mps_l"": 11.2621, ""hsf_k"": 2, ""hsf_na"": 12, ""hsf_nb"": 12, ""hsf_l"": 26.0573, ""sup"": 24, ""chi_bits0"": 2, ""mps_l0"": 11.2621, ""hsf_keff"": 2, ""hsf_l0"": 26.0573, ""sparse_l"": 31.375, ""sv_l"": 31.375, ""feat_secs"": 0.006179, ""feat_secs_frame"": 0.000684, ""feat_secs_hsf"": 0.005421}"
brick,"brick:n=24,D=4,nn=1",1,"{""n"": 24.0, ""D"": 4.0, ""nn"": 1.0}",hsf,ok,0.130486,0.1360,271974400,-1.23960342524227e-05,4,-1.23960342524229e-05,1.9989977555201488e-19,,"{""n"": 24, ""gates"": 166, ""g2"": 46, ""g3"": 0, ""depth2"": 4, ""t_count"": 0, ""rotations"": 360, ""d"": 24, ""dense_l"": 32.1948, ""redundant"": 336, ""obs_zero"": false, ""frame_l"": 56.4919, ""chi_bits"": 2, ""mps_l"": 11.2621, ""hsf_k"": 2, ""hsf_na"": 12, ""hsf_nb"": 12, ""hsf_l"": 26.0573, ""sup"": 24, ""chi_bits0"": 2, ""mps_l0"": 11.2621, ""hsf_keff"": 2, ""hsf_l0"": 26.0573, ""sparse_l"": 31.375, ""sv_l"": 31.375, ""feat_secs"": 0.006179, ""feat_secs_frame"": 0.000684, ""feat_secs_hsf"": 0.005421}"
brick,"brick:n=24,D=4,nn=1",1,"{""n"": 24.0, ""D"": 4.0, ""nn"": 1.0}",tableau,na,,0.0051,1835008,,,-1.23960342524229e-05,,"TooLarge { what: ""tableau (non-Clifford circuit)"", bytes: 0, limit: 0 }","{""n"": 24, ""gates"": 166, ""g2"": 46, ""g3"": 0, ""depth2"": 4, ""t_count"": 0, ""rotations"": 360, ""d"": 24, ""dense_l"": 32.1948, ""redundant"": 336, ""obs_zero"": false, ""frame_l"": 56.4919, ""chi_bits"": 2, ""mps_l"": 11.2621, ""hsf_k"": 2, ""hsf_na"": 12, ""hsf_nb"": 12, ""hsf_l"": 26.0573, ""sup"": 24, ""chi_bits0"": 2, ""mps_l0"": 11.2621, ""hsf_keff"": 2, ""hsf_l0"": 26.0573, ""sparse_l"": 31.375, ""sv_l"": 31.375, ""feat_secs"": 0.006179, ""feat_secs_frame"": 0.000684, ""feat_secs_hsf"": 0.005421}"
brick,"brick:n=24,D=4,nn=1",1,"{""n"": 24.0, ""D"": 4.0, ""nn"": 1.0}",frame,skipped,,,,,,-1.23960342524229e-05,,,"{""n"": 24, ""gates"": 166, ""g2"": 46, ""g3"": 0, ""depth2"": 4, ""t_count"": 0, ""rotations"": 360, ""d"": 24, ""dense_l"": 32.1948, ""redundant"": 336, ""obs_zero"": false, ""frame_l"": 56.4919, ""chi_bits"": 2, ""mps_l"": 11.2621, ""hsf_k"": 2, ""hsf_na"": 12, ""hsf_nb"": 12, ""hsf_l"": 26.0573, ""sup"": 24, ""chi_bits0"": 2, ""mps_l0"": 11.2621, ""hsf_keff"": 2, ""hsf_l0"": 26.0573, ""sparse_l"": 31.375, ""sv_l"": 31.375, ""feat_secs"": 0.006179, ""feat_secs_frame"": 0.000684, ""feat_secs_hsf"": 0.005421}"
brick,"brick:n=24,D=4,nn=1",1,"{""n"": 24.0, ""D"": 4.0, ""nn"": 1.0}",dense,ok,6.345105,6.3510,608206848,-1.239603425242539e-05,24,-1.23960342524229e-05,2.490276864927643e-18,switched_at=Some(264) dense_qubits=24 peak_terms=1 term_visits=0 dense_ops=3321888763,"{""n"": 24, ""gates"": 166, ""g2"": 46, ""g3"": 0, ""depth2"": 4, ""t_count"": 0, ""rotations"": 360, ""d"": 24, ""dense_l"": 32.1948, ""redundant"": 336, ""obs_zero"": false, ""frame_l"": 56.4919, ""chi_bits"": 2, ""mps_l"": 11.2621, ""hsf_k"": 2, ""hsf_na"": 12, ""hsf_nb"": 12, ""hsf_l"": 26.0573, ""sup"": 24, ""chi_bits0"": 2, ""mps_l0"": 11.2621, ""hsf_keff"": 2, ""hsf_l0"": 26.0573, ""sparse_l"": 31.375, ""sv_l"": 31.375, ""feat_secs"": 0.006179, ""feat_secs_frame"": 0.000684, ""feat_secs_hsf"": 0.005421}"
brick,"brick:n=24,D=4,nn=1",1,"{""n"": 24.0, ""D"": 4.0, ""nn"": 1.0}",auto,ok,6.4194,6.4265,608305152,-1.239603425242402e-05,24,-1.23960342524229e-05,1.119777556270185e-18,switched_at=Some(260) dense_qubits=24 peak_terms=4 term_visits=6 dense_ops=3305111547,"{""n"": 24, ""gates"": 166, ""g2"": 46, ""g3"": 0, ""depth2"": 4, ""t_count"": 0, ""rotations"": 360, ""d"": 24, ""dense_l"": 32.1948, ""redundant"": 336, ""obs_zero"": false, ""frame_l"": 56.4919, ""chi_bits"": 2, ""mps_l"": 11.2621, ""hsf_k"": 2, ""hsf_na"": 12, ""hsf_nb"": 12, ""hsf_l"": 26.0573, ""sup"": 24, ""chi_bits0"": 2, ""mps_l0"": 11.2621, ""hsf_keff"": 2, ""hsf_l0"": 26.0573, ""sparse_l"": 31.375, ""sv_l"": 31.375, ""feat_secs"": 0.006179, ""feat_secs_frame"": 0.000684, ""feat_secs_hsf"": 0.005421}"
brick,"brick:n=24,D=6,nn=1",1,"{""n"": 24.0, ""D"": 6.0, ""nn"": 1.0}",sv,ok,2.99901,3.0058,272596992,0.0001340066387619834,16777216,0.0001340066387619834,0.0,,"{""n"": 24, ""gates"": 237, ""g2"": 69, ""g3"": 0, ""depth2"": 6, ""t_count"": 0, ""rotations"": 504, ""d"": 24, ""dense_l"": 32.7715, ""redundant"": 480, ""obs_zero"": false, ""frame_l"": 56.9773, ""chi_bits"": 3, ""mps_l"": 13.8696, ""hsf_k"": 3, ""hsf_na"": 12, ""hsf_nb"": 12, ""hsf_l"": 27.0812, ""sup"": 24, ""chi_bits0"": 3, ""mps_l0"": 13.8696, ""hsf_keff"": 3, ""hsf_l0"": 27.0812, ""sparse_l"": 31.8887, ""sv_l"": 31.8887, ""feat_secs"": 0.00675, ""feat_secs_frame"": 0.000896, ""feat_secs_hsf"": 0.005786}"
brick,"brick:n=24,D=6,nn=1",1,"{""n"": 24.0, ""D"": 6.0, ""nn"": 1.0}",sparse,skipped,,,,,,0.0001340066387619834,,,"{""n"": 24, ""gates"": 237, ""g2"": 69, ""g3"": 0, ""depth2"": 6, ""t_count"": 0, ""rotations"": 504, ""d"": 24, ""dense_l"": 32.7715, ""redundant"": 480, ""obs_zero"": false, ""frame_l"": 56.9773, ""chi_bits"": 3, ""mps_l"": 13.8696, ""hsf_k"": 3, ""hsf_na"": 12, ""hsf_nb"": 12, ""hsf_l"": 27.0812, ""sup"": 24, ""chi_bits0"": 3, ""mps_l0"": 13.8696, ""hsf_keff"": 3, ""hsf_l0"": 27.0812, ""sparse_l"": 31.8887, ""sv_l"": 31.8887, ""feat_secs"": 0.00675, ""feat_secs_frame"": 0.000896, ""feat_secs_hsf"": 0.005786}"
brick,"brick:n=24,D=6,nn=1",1,"{""n"": 24.0, ""D"": 6.0, ""nn"": 1.0}",mps,ok,0.001107,0.0077,2883584,0.0001340066387619955,8,0.0001340066387619834,1.2088854223213374e-17,,"{""n"": 24, ""gates"": 237, ""g2"": 69, ""g3"": 0, ""depth2"": 6, ""t_count"": 0, ""rotations"": 504, ""d"": 24, ""dense_l"": 32.7715, ""redundant"": 480, ""obs_zero"": false, ""frame_l"": 56.9773, ""chi_bits"": 3, ""mps_l"": 13.8696, ""hsf_k"": 3, ""hsf_na"": 12, ""hsf_nb"": 12, ""hsf_l"": 27.0812, ""sup"": 24, ""chi_bits0"": 3, ""mps_l0"": 13.8696, ""hsf_keff"": 3, ""hsf_l0"": 27.0812, ""sparse_l"": 31.8887, ""sv_l"": 31.8887, ""feat_secs"": 0.00675, ""feat_secs_frame"": 0.000896, ""feat_secs_hsf"": 0.005786}"
brick,"brick:n=24,D=6,nn=1",1,"{""n"": 24.0, ""D"": 6.0, ""nn"": 1.0}",hsf,ok,0.121813,0.1280,272891904,0.0001340066387619842,8,0.0001340066387619834,7.860465750519907e-19,,"{""n"": 24, ""gates"": 237, ""g2"": 69, ""g3"": 0, ""depth2"": 6, ""t_count"": 0, ""rotations"": 504, ""d"": 24, ""dense_l"": 32.7715, ""redundant"": 480, ""obs_zero"": false, ""frame_l"": 56.9773, ""chi_bits"": 3, ""mps_l"": 13.8696, ""hsf_k"": 3, ""hsf_na"": 12, ""hsf_nb"": 12, ""hsf_l"": 27.0812, ""sup"": 24, ""chi_bits0"": 3, ""mps_l0"": 13.8696, ""hsf_keff"": 3, ""hsf_l0"": 27.0812, ""sparse_l"": 31.8887, ""sv_l"": 31.8887, ""feat_secs"": 0.00675, ""feat_secs_frame"": 0.000896, ""feat_secs_hsf"": 0.005786}"
brick,"brick:n=24,D=6,nn=1",1,"{""n"": 24.0, ""D"": 6.0, ""nn"": 1.0}",tableau,na,,0.0076,1835008,,,0.0001340066387619834,,"TooLarge { what: ""tableau (non-Clifford circuit)"", bytes: 0, limit: 0 }","{""n"": 24, ""gates"": 237, ""g2"": 69, ""g3"": 0, ""depth2"": 6, ""t_count"": 0, ""rotations"": 504, ""d"": 24, ""dense_l"": 32.7715, ""redundant"": 480, ""obs_zero"": false, ""frame_l"": 56.9773, ""chi_bits"": 3, ""mps_l"": 13.8696, ""hsf_k"": 3, ""hsf_na"": 12, ""hsf_nb"": 12, ""hsf_l"": 27.0812, ""sup"": 24, ""chi_bits0"": 3, ""mps_l0"": 13.8696, ""hsf_keff"": 3, ""hsf_l0"": 27.0812, ""sparse_l"": 31.8887, ""sv_l"": 31.8887, ""feat_secs"": 0.00675, ""feat_secs_frame"": 0.000896, ""feat_secs_hsf"": 0.005786}"
brick,"brick:n=24,D=6,nn=1",1,"{""n"": 24.0, ""D"": 6.0, ""nn"": 1.0}",frame,skipped,,,,,,0.0001340066387619834,,,"{""n"": 24, ""gates"": 237, ""g2"": 69, ""g3"": 0, ""depth2"": 6, ""t_count"": 0, ""rotations"": 504, ""d"": 24, ""dense_l"": 32.7715, ""redundant"": 480, ""obs_zero"": false, ""frame_l"": 56.9773, ""chi_bits"": 3, ""mps_l"": 13.8696, ""hsf_k"": 3, ""hsf_na"": 12, ""hsf_nb"": 12, ""hsf_l"": 27.0812, ""sup"": 24, ""chi_bits0"": 3, ""mps_l0"": 13.8696, ""hsf_keff"": 3, ""hsf_l0"": 27.0812, ""sparse_l"": 31.8887, ""sv_l"": 31.8887, ""feat_secs"": 0.00675, ""feat_secs_frame"": 0.000896, ""feat_secs_hsf"": 0.005786}"
brick,"brick:n=24,D=6,nn=1",1,"{""n"": 24.0, ""D"": 6.0, ""nn"": 1.0}",dense,ok,9.544545,9.5512,608206848,0.0001340066387620044,24,0.0001340066387619834,2.1006417091906648e-17,switched_at=Some(360) dense_qubits=24 peak_terms=1 term_visits=0 dense_ops=4932501499,"{""n"": 24, ""gates"": 237, ""g2"": 69, ""g3"": 0, ""depth2"": 6, ""t_count"": 0, ""rotations"": 504, ""d"": 24, ""dense_l"": 32.7715, ""redundant"": 480, ""obs_zero"": false, ""frame_l"": 56.9773, ""chi_bits"": 3, ""mps_l"": 13.8696, ""hsf_k"": 3, ""hsf_na"": 12, ""hsf_nb"": 12, ""hsf_l"": 27.0812, ""sup"": 24, ""chi_bits0"": 3, ""mps_l0"": 13.8696, ""hsf_keff"": 3, ""hsf_l0"": 27.0812, ""sparse_l"": 31.8887, ""sv_l"": 31.8887, ""feat_secs"": 0.00675, ""feat_secs_frame"": 0.000896, ""feat_secs_hsf"": 0.005786}"
brick,"brick:n=24,D=6,nn=1",1,"{""n"": 24.0, ""D"": 6.0, ""nn"": 1.0}",auto,ok,9.510034,9.5175,608239616,0.0001340066387619975,24,0.0001340066387619834,1.4094628242311558e-17,switched_at=Some(356) dense_qubits=24 peak_terms=4 term_visits=6 dense_ops=4915724283,"{""n"": 24, ""gates"": 237, ""g2"": 69, ""g3"": 0, ""depth2"": 6, ""t_count"": 0, ""rotations"": 504, ""d"": 24, ""dense_l"": 32.7715, ""redundant"": 480, ""obs_zero"": false, ""frame_l"": 56.9773, ""chi_bits"": 3, ""mps_l"": 13.8696, ""hsf_k"": 3, ""hsf_na"": 12, ""hsf_nb"": 12, ""hsf_l"": 27.0812, ""sup"": 24, ""chi_bits0"": 3, ""mps_l0"": 13.8696, ""hsf_keff"": 3, ""hsf_l0"": 27.0812, ""sparse_l"": 31.8887, ""sv_l"": 31.8887, ""feat_secs"": 0.00675, ""feat_secs_frame"": 0.000896, ""feat_secs_hsf"": 0.005786}"
brick,"brick:n=24,D=8,nn=1",1,"{""n"": 24.0, ""D"": 8.0, ""nn"": 1.0}",sv,ok,3.816385,3.8216,272728064,-0.000472064487120214,16777216,-0.000472064487120214,0.0,,"{""n"": 24, ""gates"": 308, ""g2"": 92, ""g3"": 0, ""depth2"": 8, ""t_count"": 0, ""rotations"": 648, ""d"": 24, ""dense_l"": 33.1824, ""redundant"": 624, ""obs_zero"": false, ""frame_l"": 57.3399, ""chi_bits"": 4, ""mps_l"": 16.5347, ""hsf_k"": 4, ""hsf_na"": 12, ""hsf_nb"": 12, ""hsf_l"": 28.1046, ""sup"": 24, ""chi_bits0"": 4, ""mps_l0"": 16.5347, ""hsf_keff"": 4, ""hsf_l0"": 28.1046, ""sparse_l"": 32.2668, ""sv_l"": 32.2668, ""feat_secs"": 0.007385, ""feat_secs_frame"": 0.001897, ""feat_secs_hsf"": 0.005391}"
brick,"brick:n=24,D=8,nn=1",1,"{""n"": 24.0, ""D"": 8.0, ""nn"": 1.0}",sparse,skipped,,,,,,-0.000472064487120214,,,"{""n"": 24, ""gates"": 308, ""g2"": 92, ""g3"": 0, ""depth2"": 8, ""t_count"": 0, ""rotations"": 648, ""d"": 24, ""dense_l"": 33.1824, ""redundant"": 624, ""obs_zero"": false, ""frame_l"": 57.3399, ""chi_bits"": 4, ""mps_l"": 16.5347, ""hsf_k"": 4, ""hsf_na"": 12, ""hsf_nb"": 12, ""hsf_l"": 28.1046, ""sup"": 24, ""chi_bits0"": 4, ""mps_l0"": 16.5347, ""hsf_keff"": 4, ""hsf_l0"": 28.1046, ""sparse_l"": 32.2668, ""sv_l"": 32.2668, ""feat_secs"": 0.007385, ""feat_secs_frame"": 0.001897, ""feat_secs_hsf"": 0.005391}"
brick,"brick:n=24,D=8,nn=1",1,"{""n"": 24.0, ""D"": 8.0, ""nn"": 1.0}",mps,ok,0.003437,0.0105,3686400,-0.0004720644871202095,16,-0.000472064487120214,4.4994390158148434e-18,,"{""n"": 24, ""gates"": 308, ""g2"": 92, ""g3"": 0, ""depth2"": 8, ""t_count"": 0, ""rotations"": 648, ""d"": 24, ""dense_l"": 33.1824, ""redundant"": 624, ""obs_zero"": false, ""frame_l"": 57.3399, ""chi_bits"": 4, ""mps_l"": 16.5347, ""hsf_k"": 4, ""hsf_na"": 12, ""hsf_nb"": 12, ""hsf_l"": 28.1046, ""sup"": 24, ""chi_bits0"": 4, ""mps_l0"": 16.5347, ""hsf_keff"": 4, ""hsf_l0"": 28.1046, ""sparse_l"": 32.2668, ""sv_l"": 32.2668, ""feat_secs"": 0.007385, ""feat_secs_frame"": 0.001897, ""feat_secs_hsf"": 0.005391}"
brick,"brick:n=24,D=8,nn=1",1,"{""n"": 24.0, ""D"": 8.0, ""nn"": 1.0}",hsf,ok,0.171095,0.1782,274644992,-0.0004720644871202141,16,-0.000472064487120214,5.421010862427522e-20,,"{""n"": 24, ""gates"": 308, ""g2"": 92, ""g3"": 0, ""depth2"": 8, ""t_count"": 0, ""rotations"": 648, ""d"": 24, ""dense_l"": 33.1824, ""redundant"": 624, ""obs_zero"": false, ""frame_l"": 57.3399, ""chi_bits"": 4, ""mps_l"": 16.5347, ""hsf_k"": 4, ""hsf_na"": 12, ""hsf_nb"": 12, ""hsf_l"": 28.1046, ""sup"": 24, ""chi_bits0"": 4, ""mps_l0"": 16.5347, ""hsf_keff"": 4, ""hsf_l0"": 28.1046, ""sparse_l"": 32.2668, ""sv_l"": 32.2668, ""feat_secs"": 0.007385, ""feat_secs_frame"": 0.001897, ""feat_secs_hsf"": 0.005391}"
brick,"brick:n=24,D=8,nn=1",1,"{""n"": 24.0, ""D"": 8.0, ""nn"": 1.0}",tableau,na,,0.0076,1867776,,,-0.000472064487120214,,"TooLarge { what: ""tableau (non-Clifford circuit)"", bytes: 0, limit: 0 }","{""n"": 24, ""gates"": 308, ""g2"": 92, ""g3"": 0, ""depth2"": 8, ""t_count"": 0, ""rotations"": 648, ""d"": 24, ""dense_l"": 33.1824, ""redundant"": 624, ""obs_zero"": false, ""frame_l"": 57.3399, ""chi_bits"": 4, ""mps_l"": 16.5347, ""hsf_k"": 4, ""hsf_na"": 12, ""hsf_nb"": 12, ""hsf_l"": 28.1046, ""sup"": 24, ""chi_bits0"": 4, ""mps_l0"": 16.5347, ""hsf_keff"": 4, ""hsf_l0"": 28.1046, ""sparse_l"": 32.2668, ""sv_l"": 32.2668, ""feat_secs"": 0.007385, ""feat_secs_frame"": 0.001897, ""feat_secs_hsf"": 0.005391}"
brick,"brick:n=24,D=8,nn=1",1,"{""n"": 24.0, ""D"": 8.0, ""nn"": 1.0}",frame,skipped,,,,,,-0.000472064487120214,,,"{""n"": 24, ""gates"": 308, ""g2"": 92, ""g3"": 0, ""depth2"": 8, ""t_count"": 0, ""rotations"": 648, ""d"": 24, ""dense_l"": 33.1824, ""redundant"": 624, ""obs_zero"": false, ""frame_l"": 57.3399, ""chi_bits"": 4, ""mps_l"": 16.5347, ""hsf_k"": 4, ""hsf_na"": 12, ""hsf_nb"": 12, ""hsf_l"": 28.1046, ""sup"": 24, ""chi_bits0"": 4, ""mps_l0"": 16.5347, ""hsf_keff"": 4, ""hsf_l0"": 28.1046, ""sparse_l"": 32.2668, ""sv_l"": 32.2668, ""feat_secs"": 0.007385, ""feat_secs_frame"": 0.001897, ""feat_secs_hsf"": 0.005391}"
brick,"brick:n=24,D=8,nn=1",1,"{""n"": 24.0, ""D"": 8.0, ""nn"": 1.0}",dense,timeout,,10.0053,608305152,,,-0.000472064487120214,,timeout,"{""n"": 24, ""gates"": 308, ""g2"": 92, ""g3"": 0, ""depth2"": 8, ""t_count"": 0, ""rotations"": 648, ""d"": 24, ""dense_l"": 33.1824, ""redundant"": 624, ""obs_zero"": false, ""frame_l"": 57.3399, ""chi_bits"": 4, ""mps_l"": 16.5347, ""hsf_k"": 4, ""hsf_na"": 12, ""hsf_nb"": 12, ""hsf_l"": 28.1046, ""sup"": 24, ""chi_bits0"": 4, ""mps_l0"": 16.5347, ""hsf_keff"": 4, ""hsf_l0"": 28.1046, ""sparse_l"": 32.2668, ""sv_l"": 32.2668, ""feat_secs"": 0.007385, ""feat_secs_frame"": 0.001897, ""feat_secs_hsf"": 0.005391}"
brick,"brick:n=24,D=8,nn=1",1,"{""n"": 24.0, ""D"": 8.0, ""nn"": 1.0}",auto,timeout,,10.0095,608321536,,,-0.000472064487120214,,timeout,"{""n"": 24, ""gates"": 308, ""g2"": 92, ""g3"": 0, ""depth2"": 8, ""t_count"": 0, ""rotations"": 648, ""d"": 24, ""dense_l"": 33.1824, ""redundant"": 624, ""obs_zero"": false, ""frame_l"": 57.3399, ""chi_bits"": 4, ""mps_l"": 16.5347, ""hsf_k"": 4, ""hsf_na"": 12, ""hsf_nb"": 12, ""hsf_l"": 28.1046, ""sup"": 24, ""chi_bits0"": 4, ""mps_l0"": 16.5347, ""hsf_keff"": 4, ""hsf_l0"": 28.1046, ""sparse_l"": 32.2668, ""sv_l"": 32.2668, ""feat_secs"": 0.007385, ""feat_secs_frame"": 0.001897, ""feat_secs_hsf"": 0.005391}"
brick,"brick:n=24,D=12,nn=1",1,"{""n"": 24.0, ""D"": 12.0, ""nn"": 1.0}",sv,ok,5.491533,5.4966,272924672,0.0003272072472060525,16777216,0.0003272072472060525,0.0,,"{""n"": 24, ""gates"": 450, ""g2"": 138, ""g3"": 0, ""depth2"": 12, ""t_count"": 0, ""rotations"": 936, ""d"": 24, ""dense_l"": 33.7632, ""redundant"": 912, ""obs_zero"": false, ""frame_l"": 57.8704, ""chi_bits"": 6, ""mps_l"": 22.0111, ""hsf_k"": 6, ""hsf_na"": 12, ""hsf_nb"": 12, ""hsf_l"": 30.1504, ""sup"": 24, ""chi_bits0"": 6, ""mps_l0"": 22.0111, ""hsf_keff"": 6, ""hsf_l0"": 30.1504, ""sparse_l"": 32.8138, ""sv_l"": 32.8138, ""feat_secs"": 0.007562, ""feat_secs_frame"": 0.00171, ""feat_secs_hsf"": 0.005723}"
brick,"brick:n=24,D=12,nn=1",1,"{""n"": 24.0, ""D"": 12.0, ""nn"": 1.0}",sparse,skipped,,,,,,0.0003272072472060525,,,"{""n"": 24, ""gates"": 450, ""g2"": 138, ""g3"": 0, ""depth2"": 12, ""t_count"": 0, ""rotations"": 936, ""d"": 24, ""dense_l"": 33.7632, ""redundant"": 912, ""obs_zero"": false, ""frame_l"": 57.8704, ""chi_bits"": 6, ""mps_l"": 22.0111, ""hsf_k"": 6, ""hsf_na"": 12, ""hsf_nb"": 12, ""hsf_l"": 30.1504, ""sup"": 24, ""chi_bits0"": 6, ""mps_l0"": 22.0111, ""hsf_keff"": 6, ""hsf_l0"": 30.1504, ""sparse_l"": 32.8138, ""sv_l"": 32.8138, ""feat_secs"": 0.007562, ""feat_secs_frame"": 0.00171, ""feat_secs_hsf"": 0.005723}"
brick,"brick:n=24,D=12,nn=1",1,"{""n"": 24.0, ""D"": 12.0, ""nn"": 1.0}",mps,ok,0.075349,0.0819,11714560,0.0003272108392886343,64,0.0003272072472060525,3.5920825817948795e-09,,"{""n"": 24, ""gates"": 450, ""g2"": 138, ""g3"": 0, ""depth2"": 12, ""t_count"": 0, ""rotations"": 936, ""d"": 24, ""dense_l"": 33.7632, ""redundant"": 912, ""obs_zero"": false, ""frame_l"": 57.8704, ""chi_bits"": 6, ""mps_l"": 22.0111, ""hsf_k"": 6, ""hsf_na"": 12, ""hsf_nb"": 12, ""hsf_l"": 30.1504, ""sup"": 24, ""chi_bits0"": 6, ""mps_l0"": 22.0111, ""hsf_keff"": 6, ""hsf_l0"": 30.1504, ""sparse_l"": 32.8138, ""sv_l"": 32.8138, ""feat_secs"": 0.007562, ""feat_secs_frame"": 0.00171, ""feat_secs_hsf"": 0.005723}"
brick,"brick:n=24,D=12,nn=1",1,"{""n"": 24.0, ""D"": 12.0, ""nn"": 1.0}",hsf,ok,0.360751,0.3671,284491776,0.0003272072472060478,64,0.0003272072472060525,4.716279450311944e-18,,"{""n"": 24, ""gates"": 450, ""g2"": 138, ""g3"": 0, ""depth2"": 12, ""t_count"": 0, ""rotations"": 936, ""d"": 24, ""dense_l"": 33.7632, ""redundant"": 912, ""obs_zero"": false, ""frame_l"": 57.8704, ""chi_bits"": 6, ""mps_l"": 22.0111, ""hsf_k"": 6, ""hsf_na"": 12, ""hsf_nb"": 12, ""hsf_l"": 30.1504, ""sup"": 24, ""chi_bits0"": 6, ""mps_l0"": 22.0111, ""hsf_keff"": 6, ""hsf_l0"": 30.1504, ""sparse_l"": 32.8138, ""sv_l"": 32.8138, ""feat_secs"": 0.007562, ""feat_secs_frame"": 0.00171, ""feat_secs_hsf"": 0.005723}"
brick,"brick:n=24,D=12,nn=1",1,"{""n"": 24.0, ""D"": 12.0, ""nn"": 1.0}",tableau,na,,0.0049,1884160,,,0.0003272072472060525,,"TooLarge { what: ""tableau (non-Clifford circuit)"", bytes: 0, limit: 0 }","{""n"": 24, ""gates"": 450, ""g2"": 138, ""g3"": 0, ""depth2"": 12, ""t_count"": 0, ""rotations"": 936, ""d"": 24, ""dense_l"": 33.7632, ""redundant"": 912, ""obs_zero"": false, ""frame_l"": 57.8704, ""chi_bits"": 6, ""mps_l"": 22.0111, ""hsf_k"": 6, ""hsf_na"": 12, ""hsf_nb"": 12, ""hsf_l"": 30.1504, ""sup"": 24, ""chi_bits0"": 6, ""mps_l0"": 22.0111, ""hsf_keff"": 6, ""hsf_l0"": 30.1504, ""sparse_l"": 32.8138, ""sv_l"": 32.8138, ""feat_secs"": 0.007562, ""feat_secs_frame"": 0.00171, ""feat_secs_hsf"": 0.005723}"
brick,"brick:n=24,D=12,nn=1",1,"{""n"": 24.0, ""D"": 12.0, ""nn"": 1.0}",frame,skipped,,,,,,0.0003272072472060525,,,"{""n"": 24, ""gates"": 450, ""g2"": 138, ""g3"": 0, ""depth2"": 12, ""t_count"": 0, ""rotations"": 936, ""d"": 24, ""dense_l"": 33.7632, ""redundant"": 912, ""obs_zero"": false, ""frame_l"": 57.8704, ""chi_bits"": 6, ""mps_l"": 22.0111, ""hsf_k"": 6, ""hsf_na"": 12, ""hsf_nb"": 12, ""hsf_l"": 30.1504, ""sup"": 24, ""chi_bits0"": 6, ""mps_l0"": 22.0111, ""hsf_keff"": 6, ""hsf_l0"": 30.1504, ""sparse_l"": 32.8138, ""sv_l"": 32.8138, ""feat_secs"": 0.007562, ""feat_secs_frame"": 0.00171, ""feat_secs_hsf"": 0.005723}"
brick,"brick:n=24,D=12,nn=1",1,"{""n"": 24.0, ""D"": 12.0, ""nn"": 1.0}",dense,skipped,,,,,,0.0003272072472060525,,,"{""n"": 24, ""gates"": 450, ""g2"": 138, ""g3"": 0, ""depth2"": 12, ""t_count"": 0, ""rotations"": 936, ""d"": 24, ""dense_l"": 33.7632, ""redundant"": 912, ""obs_zero"": false, ""frame_l"": 57.8704, ""chi_bits"": 6, ""mps_l"": 22.0111, ""hsf_k"": 6, ""hsf_na"": 12, ""hsf_nb"": 12, ""hsf_l"": 30.1504, ""sup"": 24, ""chi_bits0"": 6, ""mps_l0"": 22.0111, ""hsf_keff"": 6, ""hsf_l0"": 30.1504, ""sparse_l"": 32.8138, ""sv_l"": 32.8138, ""feat_secs"": 0.007562, ""feat_secs_frame"": 0.00171, ""feat_secs_hsf"": 0.005723}"
brick,"brick:n=24,D=12,nn=1",1,"{""n"": 24.0, ""D"": 12.0, ""nn"": 1.0}",auto,skipped,,,,,,0.0003272072472060525,,,"{""n"": 24, ""gates"": 450, ""g2"": 138, ""g3"": 0, ""depth2"": 12, ""t_count"": 0, ""rotations"": 936, ""d"": 24, ""dense_l"": 33.7632, ""redundant"": 912, ""obs_zero"": false, ""frame_l"": 57.8704, ""chi_bits"": 6, ""mps_l"": 22.0111, ""hsf_k"": 6, ""hsf_na"": 12, ""hsf_nb"": 12, ""hsf_l"": 30.1504, ""sup"": 24, ""chi_bits0"": 6, ""mps_l0"": 22.0111, ""hsf_keff"": 6, ""hsf_l0"": 30.1504, ""sparse_l"": 32.8138, ""sv_l"": 32.8138, ""feat_secs"": 0.007562, ""feat_secs_frame"": 0.00171, ""feat_secs_hsf"": 0.005723}"
brick,"brick:n=24,D=16,nn=1",1,"{""n"": 24.0, ""D"": 16.0, ""nn"": 1.0}",sv,ok,7.096756,7.1038,273072128,5.831217242920794e-05,16777216,5.831217242920794e-05,0.0,,"{""n"": 24, ""gates"": 592, ""g2"": 184, ""g3"": 0, ""depth2"": 16, ""t_count"": 0, ""rotations"": 1224, ""d"": 24, ""dense_l"": 34.1762, ""redundant"": 1200, ""obs_zero"": false, ""frame_l"": 58.2574, ""chi_bits"": 8, ""mps_l"": 27.466, ""hsf_k"": 8, ""hsf_na"": 12, ""hsf_nb"": 12, ""hsf_l"": 32.1948, ""sup"": 24, ""chi_bits0"": 8, ""mps_l0"": 27.466, ""hsf_keff"": 8, ""hsf_l0"": 32.1948, ""sparse_l"": 33.2095, ""sv_l"": 33.2095, ""feat_secs"": 0.007862, ""feat_secs_frame"": 0.002132, ""feat_secs_hsf"": 0.005575}"
brick,"brick:n=24,D=16,nn=1",1,"{""n"": 24.0, ""D"": 16.0, ""nn"": 1.0}",sparse,skipped,,,,,,5.831217242920794e-05,,,"{""n"": 24, ""gates"": 592, ""g2"": 184, ""g3"": 0, ""depth2"": 16, ""t_count"": 0, ""rotations"": 1224, ""d"": 24, ""dense_l"": 34.1762, ""redundant"": 1200, ""obs_zero"": false, ""frame_l"": 58.2574, ""chi_bits"": 8, ""mps_l"": 27.466, ""hsf_k"": 8, ""hsf_na"": 12, ""hsf_nb"": 12, ""hsf_l"": 32.1948, ""sup"": 24, ""chi_bits0"": 8, ""mps_l0"": 27.466, ""hsf_keff"": 8, ""hsf_l0"": 32.1948, ""sparse_l"": 33.2095, ""sv_l"": 33.2095, ""feat_secs"": 0.007862, ""feat_secs_frame"": 0.002132, ""feat_secs_hsf"": 0.005575}"
brick,"brick:n=24,D=16,nn=1",1,"{""n"": 24.0, ""D"": 16.0, ""nn"": 1.0}",mps,ok,1.94957,1.9583,82640896,5.831644097652129e-05,256,5.831217242920794e-05,4.2685473133492985e-09,,"{""n"": 24, ""gates"": 592, ""g2"": 184, ""g3"": 0, ""depth2"": 16, ""t_count"": 0, ""rotations"": 1224, ""d"": 24, ""dense_l"": 34.1762, ""redundant"": 1200, ""obs_zero"": false, ""frame_l"": 58.2574, ""chi_bits"": 8, ""mps_l"": 27.466, ""hsf_k"": 8, ""hsf_na"": 12, ""hsf_nb"": 12, ""hsf_l"": 32.1948, ""sup"": 24, ""chi_bits0"": 8, ""mps_l0"": 27.466, ""hsf_keff"": 8, ""hsf_l0"": 32.1948, ""sparse_l"": 33.2095, ""sv_l"": 33.2095, ""feat_secs"": 0.007862, ""feat_secs_frame"": 0.002132, ""feat_secs_hsf"": 0.005575}"
brick,"brick:n=24,D=16,nn=1",1,"{""n"": 24.0, ""D"": 16.0, ""nn"": 1.0}",hsf,ok,1.318738,1.3256,284770304,5.83121724292101e-05,256,5.831217242920794e-05,2.15485181781494e-18,,"{""n"": 24, ""gates"": 592, ""g2"": 184, ""g3"": 0, ""depth2"": 16, ""t_count"": 0, ""rotations"": 1224, ""d"": 24, ""dense_l"": 34.1762, ""redundant"": 1200, ""obs_zero"": false, ""frame_l"": 58.2574, ""chi_bits"": 8, ""mps_l"": 27.466, ""hsf_k"": 8, ""hsf_na"": 12, ""hsf_nb"": 12, ""hsf_l"": 32.1948, ""sup"": 24, ""chi_bits0"": 8, ""mps_l0"": 27.466, ""hsf_keff"": 8, ""hsf_l0"": 32.1948, ""sparse_l"": 33.2095, ""sv_l"": 33.2095, ""feat_secs"": 0.007862, ""feat_secs_frame"": 0.002132, ""feat_secs_hsf"": 0.005575}"
brick,"brick:n=24,D=16,nn=1",1,"{""n"": 24.0, ""D"": 16.0, ""nn"": 1.0}",tableau,na,,0.0046,1949696,,,5.831217242920794e-05,,"TooLarge { what: ""tableau (non-Clifford circuit)"", bytes: 0, limit: 0 }","{""n"": 24, ""gates"": 592, ""g2"": 184, ""g3"": 0, ""depth2"": 16, ""t_count"": 0, ""rotations"": 1224, ""d"": 24, ""dense_l"": 34.1762, ""redundant"": 1200, ""obs_zero"": false, ""frame_l"": 58.2574, ""chi_bits"": 8, ""mps_l"": 27.466, ""hsf_k"": 8, ""hsf_na"": 12, ""hsf_nb"": 12, ""hsf_l"": 32.1948, ""sup"": 24, ""chi_bits0"": 8, ""mps_l0"": 27.466, ""hsf_keff"": 8, ""hsf_l0"": 32.1948, ""sparse_l"": 33.2095, ""sv_l"": 33.2095, ""feat_secs"": 0.007862, ""feat_secs_frame"": 0.002132, ""feat_secs_hsf"": 0.005575}"
brick,"brick:n=24,D=16,nn=1",1,"{""n"": 24.0, ""D"": 16.0, ""nn"": 1.0}",frame,skipped,,,,,,5.831217242920794e-05,,,"{""n"": 24, ""gates"": 592, ""g2"": 184, ""g3"": 0, ""depth2"": 16, ""t_count"": 0, ""rotations"": 1224, ""d"": 24, ""dense_l"": 34.1762, ""redundant"": 1200, ""obs_zero"": false, ""frame_l"": 58.2574, ""chi_bits"": 8, ""mps_l"": 27.466, ""hsf_k"": 8, ""hsf_na"": 12, ""hsf_nb"": 12, ""hsf_l"": 32.1948, ""sup"": 24, ""chi_bits0"": 8, ""mps_l0"": 27.466, ""hsf_keff"": 8, ""hsf_l0"": 32.1948, ""sparse_l"": 33.2095, ""sv_l"": 33.2095, ""feat_secs"": 0.007862, ""feat_secs_frame"": 0.002132, ""feat_secs_hsf"": 0.005575}"
brick,"brick:n=24,D=16,nn=1",1,"{""n"": 24.0, ""D"": 16.0, ""nn"": 1.0}",dense,skipped,,,,,,5.831217242920794e-05,,,"{""n"": 24, ""gates"": 592, ""g2"": 184, ""g3"": 0, ""depth2"": 16, ""t_count"": 0, ""rotations"": 1224, ""d"": 24, ""dense_l"": 34.1762, ""redundant"": 1200, ""obs_zero"": false, ""frame_l"": 58.2574, ""chi_bits"": 8, ""mps_l"": 27.466, ""hsf_k"": 8, ""hsf_na"": 12, ""hsf_nb"": 12, ""hsf_l"": 32.1948, ""sup"": 24, ""chi_bits0"": 8, ""mps_l0"": 27.466, ""hsf_keff"": 8, ""hsf_l0"": 32.1948, ""sparse_l"": 33.2095, ""sv_l"": 33.2095, ""feat_secs"": 0.007862, ""feat_secs_frame"": 0.002132, ""feat_secs_hsf"": 0.005575}"
brick,"brick:n=24,D=16,nn=1",1,"{""n"": 24.0, ""D"": 16.0, ""nn"": 1.0}",auto,skipped,,,,,,5.831217242920794e-05,,,"{""n"": 24, ""gates"": 592, ""g2"": 184, ""g3"": 0, ""depth2"": 16, ""t_count"": 0, ""rotations"": 1224, ""d"": 24, ""dense_l"": 34.1762, ""redundant"": 1200, ""obs_zero"": false, ""frame_l"": 58.2574, ""chi_bits"": 8, ""mps_l"": 27.466, ""hsf_k"": 8, ""hsf_na"": 12, ""hsf_nb"": 12, ""hsf_l"": 32.1948, ""sup"": 24, ""chi_bits0"": 8, ""mps_l0"": 27.466, ""hsf_keff"": 8, ""hsf_l0"": 32.1948, ""sparse_l"": 33.2095, ""sv_l"": 33.2095, ""feat_secs"": 0.007862, ""feat_secs_frame"": 0.002132, ""feat_secs_hsf"": 0.005575}"
brick,"brick:n=26,D=1,nn=1",1,"{""n"": 26.0, ""D"": 1.0, ""nn"": 1.0}",sv,ok,3.679411,3.6850,1080754176,3.90498794760145e-06,67108864,3.90498794760145e-06,0.0,,"{""n"": 26, ""gates"": 65, ""g2"": 13, ""g3"": 0, ""depth2"": 1, ""t_count"": 0, ""rotations"": 156, ""d"": 26, ""dense_l"": 32.375, ""redundant"": 130, ""obs_zero"": false, ""frame_l"": 59.2854, ""chi_bits"": 1, ""mps_l"": 7.8704, ""hsf_k"": 0, ""hsf_na"": 12, ""hsf_nb"": 14, ""hsf_l"": 26.0227, ""sup"": 26, ""chi_bits0"": 1, ""mps_l0"": 7.8704, ""hsf_keff"": 0, ""hsf_l0"": 26.0227, ""sparse_l"": 32.0224, ""sv_l"": 32.0224, ""feat_secs"": 0.003756, ""feat_secs_frame"": 0.000335, ""feat_secs_hsf"": 0.003391}"
brick,"brick:n=26,D=1,nn=1",1,"{""n"": 26.0, ""D"": 1.0, ""nn"": 1.0}",sparse,skipped,,,,,,3.90498794760145e-06,,,"{""n"": 26, ""gates"": 65, ""g2"": 13, ""g3"": 0, ""depth2"": 1, ""t_count"": 0, ""rotations"": 156, ""d"": 26, ""dense_l"": 32.375, ""redundant"": 130, ""obs_zero"": false, ""frame_l"": 59.2854, ""chi_bits"": 1, ""mps_l"": 7.8704, ""hsf_k"": 0, ""hsf_na"": 12, ""hsf_nb"": 14, ""hsf_l"": 26.0227, ""sup"": 26, ""chi_bits0"": 1, ""mps_l0"": 7.8704, ""hsf_keff"": 0, ""hsf_l0"": 26.0227, ""sparse_l"": 32.0224, ""sv_l"": 32.0224, ""feat_secs"": 0.003756, ""feat_secs_frame"": 0.000335, ""feat_secs_hsf"": 0.003391}"
brick,"brick:n=26,D=1,nn=1",1,"{""n"": 26.0, ""D"": 1.0, ""nn"": 1.0}",mps,ok,0.000169,0.0076,2277376,3.904987947598028e-06,2,3.90498794760145e-06,3.4220131069073734e-18,,"{""n"": 26, ""gates"": 65, ""g2"": 13, ""g3"": 0, ""depth2"": 1, ""t_count"": 0, ""rotations"": 156, ""d"": 26, ""dense_l"": 32.375, ""redundant"": 130, ""obs_zero"": false, ""frame_l"": 59.2854, ""chi_bits"": 1, ""mps_l"": 7.8704, ""hsf_k"": 0, ""hsf_na"": 12, ""hsf_nb"": 14, ""hsf_l"": 26.0227, ""sup"": 26, ""chi_bits0"": 1, ""mps_l0"": 7.8704, ""hsf_keff"": 0, ""hsf_l0"": 26.0227, ""sparse_l"": 32.0224, ""sv_l"": 32.0224, ""feat_secs"": 0.003756, ""feat_secs_frame"": 0.000335, ""feat_secs_hsf"": 0.003391}"
brick,"brick:n=26,D=1,nn=1",1,"{""n"": 26.0, ""D"": 1.0, ""nn"": 1.0}",hsf,toolarge,,0.0104,2244608,,,3.90498794760145e-06,,"TooLarge { what: ""HSF working set"", bytes: 1074724864, limit: 1073741824 }","{""n"": 26, ""gates"": 65, ""g2"": 13, ""g3"": 0, ""depth2"": 1, ""t_count"": 0, ""rotations"": 156, ""d"": 26, ""dense_l"": 32.375, ""redundant"": 130, ""obs_zero"": false, ""frame_l"": 59.2854, ""chi_bits"": 1, ""mps_l"": 7.8704, ""hsf_k"": 0, ""hsf_na"": 12, ""hsf_nb"": 14, ""hsf_l"": 26.0227, ""sup"": 26, ""chi_bits0"": 1, ""mps_l0"": 7.8704, ""hsf_keff"": 0, ""hsf_l0"": 26.0227, ""sparse_l"": 32.0224, ""sv_l"": 32.0224, ""feat_secs"": 0.003756, ""feat_secs_frame"": 0.000335, ""feat_secs_hsf"": 0.003391}"
brick,"brick:n=26,D=1,nn=1",1,"{""n"": 26.0, ""D"": 1.0, ""nn"": 1.0}",tableau,na,,0.0050,1818624,,,3.90498794760145e-06,,"TooLarge { what: ""tableau (non-Clifford circuit)"", bytes: 0, limit: 0 }","{""n"": 26, ""gates"": 65, ""g2"": 13, ""g3"": 0, ""depth2"": 1, ""t_count"": 0, ""rotations"": 156, ""d"": 26, ""dense_l"": 32.375, ""redundant"": 130, ""obs_zero"": false, ""frame_l"": 59.2854, ""chi_bits"": 1, ""mps_l"": 7.8704, ""hsf_k"": 0, ""hsf_na"": 12, ""hsf_nb"": 14, ""hsf_l"": 26.0227, ""sup"": 26, ""chi_bits0"": 1, ""mps_l0"": 7.8704, ""hsf_keff"": 0, ""hsf_l0"": 26.0227, ""sparse_l"": 32.0224, ""sv_l"": 32.0224, ""feat_secs"": 0.003756, ""feat_secs_frame"": 0.000335, ""feat_secs_hsf"": 0.003391}"
brick,"brick:n=26,D=1,nn=1",1,"{""n"": 26.0, ""D"": 1.0, ""nn"": 1.0}",frame,skipped,,,,,,3.90498794760145e-06,,,"{""n"": 26, ""gates"": 65, ""g2"": 13, ""g3"": 0, ""depth2"": 1, ""t_count"": 0, ""rotations"": 156, ""d"": 26, ""dense_l"": 32.375, ""redundant"": 130, ""obs_zero"": false, ""frame_l"": 59.2854, ""chi_bits"": 1, ""mps_l"": 7.8704, ""hsf_k"": 0, ""hsf_na"": 12, ""hsf_nb"": 14, ""hsf_l"": 26.0227, ""sup"": 26, ""chi_bits0"": 1, ""mps_l0"": 7.8704, ""hsf_keff"": 0, ""hsf_l0"": 26.0227, ""sparse_l"": 32.0224, ""sv_l"": 32.0224, ""feat_secs"": 0.003756, ""feat_secs_frame"": 0.000335, ""feat_secs_hsf"": 0.003391}"
brick,"brick:n=26,D=1,nn=1",1,"{""n"": 26.0, ""D"": 1.0, ""nn"": 1.0}",dense,ok,6.807365,6.8128,2419097600,3.904987947602532e-06,26,3.90498794760145e-06,1.0825081065909958e-18,switched_at=Some(130) dense_qubits=26 peak_terms=1 term_visits=0 dense_ops=3892314107,"{""n"": 26, ""gates"": 65, ""g2"": 13, ""g3"": 0, ""depth2"": 1, ""t_count"": 0, ""rotations"": 156, ""d"": 26, ""dense_l"": 32.375, ""redundant"": 130, ""obs_zero"": false, ""frame_l"": 59.2854, ""chi_bits"": 1, ""mps_l"": 7.8704, ""hsf_k"": 0, ""hsf_na"": 12, ""hsf_nb"": 14, ""hsf_l"": 26.0227, ""sup"": 26, ""chi_bits0"": 1, ""mps_l0"": 7.8704, ""hsf_keff"": 0, ""hsf_l0"": 26.0227, ""sparse_l"": 32.0224, ""sv_l"": 32.0224, ""feat_secs"": 0.003756, ""feat_secs_frame"": 0.000335, ""feat_secs_hsf"": 0.003391}"
brick,"brick:n=26,D=1,nn=1",1,"{""n"": 26.0, ""D"": 1.0, ""nn"": 1.0}",auto,ok,6.696186,6.7011,2419179520,3.904987947596187e-06,26,3.90498794760145e-06,5.262615701290968e-18,switched_at=Some(126) dense_qubits=26 peak_terms=4 term_visits=6 dense_ops=3825205243,"{""n"": 26, ""gates"": 65, ""g2"": 13, ""g3"": 0, ""depth2"": 1, ""t_count"": 0, ""rotations"": 156, ""d"": 26, ""dense_l"": 32.375, ""redundant"": 130, ""obs_zero"": false, ""frame_l"": 59.2854, ""chi_bits"": 1, ""mps_l"": 7.8704, ""hsf_k"": 0, ""hsf_na"": 12, ""hsf_nb"": 14, ""hsf_l"": 26.0227, ""sup"": 26, ""chi_bits0"": 1, ""mps_l0"": 7.8704, ""hsf_keff"": 0, ""hsf_l0"": 26.0227, ""sparse_l"": 32.0224, ""sv_l"": 32.0224, ""feat_secs"": 0.003756, ""feat_secs_frame"": 0.000335, ""feat_secs_hsf"": 0.003391}"
brick,"brick:n=26,D=2,nn=1",1,"{""n"": 26.0, ""D"": 2.0, ""nn"": 1.0}",sv,ok,5.41254,5.4188,1082900480,9.414171705045195e-06,67108864,9.414171705045195e-06,0.0,,"{""n"": 26, ""gates"": 103, ""g2"": 25, ""g3"": 0, ""depth2"": 2, ""t_count"": 0, ""rotations"": 234, ""d"": 26, ""dense_l"": 33.3309, ""redundant"": 208, ""obs_zero"": false, ""frame_l"": 59.8704, ""chi_bits"": 1, ""mps_l"": 8.7616, ""hsf_k"": 1, ""hsf_na"": 13, ""hsf_nb"": 13, ""hsf_l"": 27.018, ""sup"": 26, ""chi_bits0"": 1, ""mps_l0"": 8.7616, ""hsf_keff"": 1, ""hsf_l0"": 27.018, ""sparse_l"": 32.6865, ""sv_l"": 32.6865, ""feat_secs"": 0.007907, ""feat_secs_frame"": 0.000466, ""feat_secs_hsf"": 0.007402}"
brick,"brick:n=26,D=2,nn=1",1,"{""n"": 26.0, ""D"": 2.0, ""nn"": 1.0}",sparse,skipped,,,,,,9.414171705045195e-06,,,"{""n"": 26, ""gates"": 103, ""g2"": 25, ""g3"": 0, ""depth2"": 2, ""t_count"": 0, ""rotations"": 234, ""d"": 26, ""dense_l"": 33.3309, ""redundant"": 208, ""obs_zero"": false, ""frame_l"": 59.8704, ""chi_bits"": 1, ""mps_l"": 8.7616, ""hsf_k"": 1, ""hsf_na"": 13, ""hsf_nb"": 13, ""hsf_l"": 27.018, ""sup"": 26, ""chi_bits0"": 1, ""mps_l0"": 8.7616, ""hsf_keff"": 1, ""hsf_l0"": 27.018, ""sparse_l"": 32.6865, ""sv_l"": 32.6865, ""feat_secs"": 0.007907, ""feat_secs_frame"": 0.000466, ""feat_secs_hsf"": 0.007402}"
brick,"brick:n=26,D=2,nn=1",1,"{""n"": 26.0, ""D"": 2.0, ""nn"": 1.0}",mps,ok,0.00026,0.0073,2506752,9.414171705052669e-06,2,9.414171705045195e-06,7.474218726571946e-18,,"{""n"": 26, ""gates"": 103, ""g2"": 25, ""g3"": 0, ""depth2"": 2, ""t_count"": 0, ""rotations"": 234, ""d"": 26, ""dense_l"": 33.3309, ""redundant"": 208, ""obs_zero"": false, ""frame_l"": 59.8704, ""chi_bits"": 1, ""mps_l"": 8.7616, ""hsf_k"": 1, ""hsf_na"": 13, ""hsf_nb"": 13, ""hsf_l"": 27.018, ""sup"": 26, ""chi_bits0"": 1, ""mps_l0"": 8.7616, ""hsf_keff"": 1, ""hsf_l0"": 27.018, ""sparse_l"": 32.6865, ""sv_l"": 32.6865, ""feat_secs"": 0.007907, ""feat_secs_frame"": 0.000466, ""feat_secs_hsf"": 0.007402}"
brick,"brick:n=26,D=2,nn=1",1,"{""n"": 26.0, ""D"": 2.0, ""nn"": 1.0}",hsf,skipped,,,,,,9.414171705045195e-06,,,"{""n"": 26, ""gates"": 103, ""g2"": 25, ""g3"": 0, ""depth2"": 2, ""t_count"": 0, ""rotations"": 234, ""d"": 26, ""dense_l"": 33.3309, ""redundant"": 208, ""obs_zero"": false, ""frame_l"": 59.8704, ""chi_bits"": 1, ""mps_l"": 8.7616, ""hsf_k"": 1, ""hsf_na"": 13, ""hsf_nb"": 13, ""hsf_l"": 27.018, ""sup"": 26, ""chi_bits0"": 1, ""mps_l0"": 8.7616, ""hsf_keff"": 1, ""hsf_l0"": 27.018, ""sparse_l"": 32.6865, ""sv_l"": 32.6865, ""feat_secs"": 0.007907, ""feat_secs_frame"": 0.000466, ""feat_secs_hsf"": 0.007402}"
brick,"brick:n=26,D=2,nn=1",1,"{""n"": 26.0, ""D"": 2.0, ""nn"": 1.0}",tableau,na,,0.0070,1818624,,,9.414171705045195e-06,,"TooLarge { what: ""tableau (non-Clifford circuit)"", bytes: 0, limit: 0 }","{""n"": 26, ""gates"": 103, ""g2"": 25, ""g3"": 0, ""depth2"": 2, ""t_count"": 0, ""rotations"": 234, ""d"": 26, ""dense_l"": 33.3309, ""redundant"": 208, ""obs_zero"": false, ""frame_l"": 59.8704, ""chi_bits"": 1, ""mps_l"": 8.7616, ""hsf_k"": 1, ""hsf_na"": 13, ""hsf_nb"": 13, ""hsf_l"": 27.018, ""sup"": 26, ""chi_bits0"": 1, ""mps_l0"": 8.7616, ""hsf_keff"": 1, ""hsf_l0"": 27.018, ""sparse_l"": 32.6865, ""sv_l"": 32.6865, ""feat_secs"": 0.007907, ""feat_secs_frame"": 0.000466, ""feat_secs_hsf"": 0.007402}"
brick,"brick:n=26,D=2,nn=1",1,"{""n"": 26.0, ""D"": 2.0, ""nn"": 1.0}",frame,skipped,,,,,,9.414171705045195e-06,,,"{""n"": 26, ""gates"": 103, ""g2"": 25, ""g3"": 0, ""depth2"": 2, ""t_count"": 0, ""rotations"": 234, ""d"": 26, ""dense_l"": 33.3309, ""redundant"": 208, ""obs_zero"": false, ""frame_l"": 59.8704, ""chi_bits"": 1, ""mps_l"": 8.7616, ""hsf_k"": 1, ""hsf_na"": 13, ""hsf_nb"": 13, ""hsf_l"": 27.018, ""sup"": 26, ""chi_bits0"": 1, ""mps_l0"": 8.7616, ""hsf_keff"": 1, ""hsf_l0"": 27.018, ""sparse_l"": 32.6865, ""sv_l"": 32.6865, ""feat_secs"": 0.007907, ""feat_secs_frame"": 0.000466, ""feat_secs_hsf"": 0.007402}"
brick,"brick:n=26,D=2,nn=1",1,"{""n"": 26.0, ""D"": 2.0, ""nn"": 1.0}",dense,timeout,,10.0098,2420097024,,,9.414171705045195e-06,,timeout,"{""n"": 26, ""gates"": 103, ""g2"": 25, ""g3"": 0, ""depth2"": 2, ""t_count"": 0, ""rotations"": 234, ""d"": 26, ""dense_l"": 33.3309, ""redundant"": 208, ""obs_zero"": false, ""frame_l"": 59.8704, ""chi_bits"": 1, ""mps_l"": 8.7616, ""hsf_k"": 1, ""hsf_na"": 13, ""hsf_nb"": 13, ""hsf_l"": 27.018, ""sup"": 26, ""chi_bits0"": 1, ""mps_l0"": 8.7616, ""hsf_keff"": 1, ""hsf_l0"": 27.018, ""sparse_l"": 32.6865, ""sv_l"": 32.6865, ""feat_secs"": 0.007907, ""feat_secs_frame"": 0.000466, ""feat_secs_hsf"": 0.007402}"
brick,"brick:n=26,D=2,nn=1",1,"{""n"": 26.0, ""D"": 2.0, ""nn"": 1.0}",auto,timeout,,10.0114,2420146176,,,9.414171705045195e-06,,timeout,"{""n"": 26, ""gates"": 103, ""g2"": 25, ""g3"": 0, ""depth2"": 2, ""t_count"": 0, ""rotations"": 234, ""d"": 26, ""dense_l"": 33.3309, ""redundant"": 208, ""obs_zero"": false, ""frame_l"": 59.8704, ""chi_bits"": 1, ""mps_l"": 8.7616, ""hsf_k"": 1, ""hsf_na"": 13, ""hsf_nb"": 13, ""hsf_l"": 27.018, ""sup"": 26, ""chi_bits0"": 1, ""mps_l0"": 8.7616, ""hsf_keff"": 1, ""hsf_l0"": 27.018, ""sparse_l"": 32.6865, ""sv_l"": 32.6865, ""feat_secs"": 0.007907, ""feat_secs_frame"": 0.000466, ""feat_secs_hsf"": 0.007402}"
brick,"brick:n=26,D=3,nn=1",1,"{""n"": 26.0, ""D"": 3.0, ""nn"": 1.0}",sv,ok,7.18223,7.1882,1082982400,6.845634480102169e-06,67108864,6.845634480102169e-06,0.0,,"{""n"": 26, ""gates"": 142, ""g2"": 38, ""g3"": 0, ""depth2"": 3, ""t_count"": 0, ""rotations"": 312, ""d"": 26, ""dense_l"": 33.9009, ""redundant"": 286, ""obs_zero"": false, ""frame_l"": 60.2854, ""chi_bits"": 2, ""mps_l"": 10.5718, ""hsf_k"": 1, ""hsf_na"": 12, ""hsf_nb"": 14, ""hsf_l"": 27.0492, ""sup"": 26, ""chi_bits0"": 2, ""mps_l0"": 10.5718, ""hsf_keff"": 1, ""hsf_l0"": 27.0492, ""sparse_l"": 33.1497, ""sv_l"": 33.1497, ""feat_secs"": 0.007557, ""feat_secs_frame"": 0.000564, ""feat_secs_hsf"": 0.006923}"
brick,"brick:n=26,D=3,nn=1",1,"{""n"": 26.0, ""D"": 3.0, ""nn"": 1.0}",sparse,skipped,,,,,,6.845634480102169e-06,,,"{""n"": 26, ""gates"": 142, ""g2"": 38, ""g3"": 0, ""depth2"": 3, ""t_count"": 0, ""rotations"": 312, ""d"": 26, ""dense_l"": 33.9009, ""redundant"": 286, ""obs_zero"": false, ""frame_l"": 60.2854, ""chi_bits"": 2, ""mps_l"": 10.5718, ""hsf_k"": 1, ""hsf_na"": 12, ""hsf_nb"": 14, ""hsf_l"": 27.0492, ""sup"": 26, ""chi_bits0"": 2, ""mps_l0"": 10.5718, ""hsf_keff"": 1, ""hsf_l0"": 27.0492, ""sparse_l"": 33.1497, ""sv_l"": 33.1497, ""feat_secs"": 0.007557, ""feat_secs_frame"": 0.000564, ""feat_secs_hsf"": 0.006923}"
brick,"brick:n=26,D=3,nn=1",1,"{""n"": 26.0, ""D"": 3.0, ""nn"": 1.0}",mps,ok,0.000374,0.0074,2621440,6.845634480100826e-06,4,6.845634480102169e-06,1.3433942543453203e-18,,"{""n"": 26, ""gates"": 142, ""g2"": 38, ""g3"": 0, ""depth2"": 3, ""t_count"": 0, ""rotations"": 312, ""d"": 26, ""dense_l"": 33.9009, ""redundant"": 286, ""obs_zero"": false, ""frame_l"": 60.2854, ""chi_bits"": 2, ""mps_l"": 10.5718, ""hsf_k"": 1, ""hsf_na"": 12, ""hsf_nb"": 14, ""hsf_l"": 27.0492, ""sup"": 26, ""chi_bits0"": 2, ""mps_l0"": 10.5718, ""hsf_keff"": 1, ""hsf_l0"": 27.0492, ""sparse_l"": 33.1497, ""sv_l"": 33.1497, ""feat_secs"": 0.007557, ""feat_secs_frame"": 0.000564, ""feat_secs_hsf"": 0.006923}"
brick,"brick:n=26,D=3,nn=1",1,"{""n"": 26.0, ""D"": 3.0, ""nn"": 1.0}",hsf,skipped,,,,,,6.845634480102169e-06,,,"{""n"": 26, ""gates"": 142, ""g2"": 38, ""g3"": 0, ""depth2"": 3, ""t_count"": 0, ""rotations"": 312, ""d"": 26, ""dense_l"": 33.9009, ""redundant"": 286, ""obs_zero"": false, ""frame_l"": 60.2854, ""chi_bits"": 2, ""mps_l"": 10.5718, ""hsf_k"": 1, ""hsf_na"": 12, ""hsf_nb"": 14, ""hsf_l"": 27.0492, ""sup"": 26, ""chi_bits0"": 2, ""mps_l0"": 10.5718, ""hsf_keff"": 1, ""hsf_l0"": 27.0492, ""sparse_l"": 33.1497, ""sv_l"": 33.1497, ""feat_secs"": 0.007557, ""feat_secs_frame"": 0.000564, ""feat_secs_hsf"": 0.006923}"
brick,"brick:n=26,D=3,nn=1",1,"{""n"": 26.0, ""D"": 3.0, ""nn"": 1.0}",tableau,na,,0.0046,1835008,,,6.845634480102169e-06,,"TooLarge { what: ""tableau (non-Clifford circuit)"", bytes: 0, limit: 0 }","{""n"": 26, ""gates"": 142, ""g2"": 38, ""g3"": 0, ""depth2"": 3, ""t_count"": 0, ""rotations"": 312, ""d"": 26, ""dense_l"": 33.9009, ""redundant"": 286, ""obs_zero"": false, ""frame_l"": 60.2854, ""chi_bits"": 2, ""mps_l"": 10.5718, ""hsf_k"": 1, ""hsf_na"": 12, ""hsf_nb"": 14, ""hsf_l"": 27.0492, ""sup"": 26, ""chi_bits0"": 2, ""mps_l0"": 10.5718, ""hsf_keff"": 1, ""hsf_l0"": 27.0492, ""sparse_l"": 33.1497, ""sv_l"": 33.1497, ""feat_secs"": 0.007557, ""feat_secs_frame"": 0.000564, ""feat_secs_hsf"": 0.006923}"
brick,"brick:n=26,D=3,nn=1",1,"{""n"": 26.0, ""D"": 3.0, ""nn"": 1.0}",frame,skipped,,,,,,6.845634480102169e-06,,,"{""n"": 26, ""gates"": 142, ""g2"": 38, ""g3"": 0, ""depth2"": 3, ""t_count"": 0, ""rotations"": 312, ""d"": 26, ""dense_l"": 33.9009, ""redundant"": 286, ""obs_zero"": false, ""frame_l"": 60.2854, ""chi_bits"": 2, ""mps_l"": 10.5718, ""hsf_k"": 1, ""hsf_na"": 12, ""hsf_nb"": 14, ""hsf_l"": 27.0492, ""sup"": 26, ""chi_bits0"": 2, ""mps_l0"": 10.5718, ""hsf_keff"": 1, ""hsf_l0"": 27.0492, ""sparse_l"": 33.1497, ""sv_l"": 33.1497, ""feat_secs"": 0.007557, ""feat_secs_frame"": 0.000564, ""feat_secs_hsf"": 0.006923}"
brick,"brick:n=26,D=3,nn=1",1,"{""n"": 26.0, ""D"": 3.0, ""nn"": 1.0}",dense,skipped,,,,,,6.845634480102169e-06,,,"{""n"": 26, ""gates"": 142, ""g2"": 38, ""g3"": 0, ""depth2"": 3, ""t_count"": 0, ""rotations"": 312, ""d"": 26, ""dense_l"": 33.9009, ""redundant"": 286, ""obs_zero"": false, ""frame_l"": 60.2854, ""chi_bits"": 2, ""mps_l"": 10.5718, ""hsf_k"": 1, ""hsf_na"": 12, ""hsf_nb"": 14, ""hsf_l"": 27.0492, ""sup"": 26, ""chi_bits0"": 2, ""mps_l0"": 10.5718, ""hsf_keff"": 1, ""hsf_l0"": 27.0492, ""sparse_l"": 33.1497, ""sv_l"": 33.1497, ""feat_secs"": 0.007557, ""feat_secs_frame"": 0.000564, ""feat_secs_hsf"": 0.006923}"
brick,"brick:n=26,D=3,nn=1",1,"{""n"": 26.0, ""D"": 3.0, ""nn"": 1.0}",auto,skipped,,,,,,6.845634480102169e-06,,,"{""n"": 26, ""gates"": 142, ""g2"": 38, ""g3"": 0, ""depth2"": 3, ""t_count"": 0, ""rotations"": 312, ""d"": 26, ""dense_l"": 33.9009, ""redundant"": 286, ""obs_zero"": false, ""frame_l"": 60.2854, ""chi_bits"": 2, ""mps_l"": 10.5718, ""hsf_k"": 1, ""hsf_na"": 12, ""hsf_nb"": 14, ""hsf_l"": 27.0492, ""sup"": 26, ""chi_bits0"": 2, ""mps_l0"": 10.5718, ""hsf_keff"": 1, ""hsf_l0"": 27.0492, ""sparse_l"": 33.1497, ""sv_l"": 33.1497, ""feat_secs"": 0.007557, ""feat_secs_frame"": 0.000564, ""feat_secs_hsf"": 0.006923}"
brick,"brick:n=26,D=4,nn=1",1,"{""n"": 26.0, ""D"": 4.0, ""nn"": 1.0}",sv,ok,9.023632,9.0288,1082998784,-6.707524194357185e-06,67108864,-6.707524194357185e-06,0.0,,"{""n"": 26, ""gates"": 180, ""g2"": 50, ""g3"": 0, ""depth2"": 4, ""t_count"": 0, ""rotations"": 390, ""d"": 26, ""dense_l"": 34.3083, ""redundant"": 364, ""obs_zero"": false, ""frame_l"": 60.6073, ""chi_bits"": 2, ""mps_l"": 11.3891, ""hsf_k"": 2, ""hsf_na"": 13, ""hsf_nb"": 13, ""hsf_l"": 28.0314, ""sup"": 26, ""chi_bits0"": 2, ""mps_l0"": 11.3891, ""hsf_keff"": 2, ""hsf_l0"": 28.0314, ""sparse_l"": 33.4919, ""sv_l"": 33.4919, ""feat_secs"": 0.008308, ""feat_secs_frame"": 0.00084, ""feat_secs_hsf"": 0.007404}"
brick,"brick:n=26,D=4,nn=1",1,"{""n"": 26.0, ""D"": 4.0, ""nn"": 1.0}",sparse,skipped,,,,,,-6.707524194357185e-06,,,"{""n"": 26, ""gates"": 180, ""g2"": 50, ""g3"": 0, ""depth2"": 4, ""t_count"": 0, ""rotations"": 390, ""d"": 26, ""dense_l"": 34.3083, ""redundant"": 364, ""obs_zero"": false, ""frame_l"": 60.6073, ""chi_bits"": 2, ""mps_l"": 11.3891, ""hsf_k"": 2, ""hsf_na"": 13, ""hsf_nb"": 13, ""hsf_l"": 28.0314, ""sup"": 26, ""chi_bits0"": 2, ""mps_l0"": 11.3891, ""hsf_keff"": 2, ""hsf_l0"": 28.0314, ""sparse_l"": 33.4919, ""sv_l"": 33.4919, ""feat_secs"": 0.008308, ""feat_secs_frame"": 0.00084, ""feat_secs_hsf"": 0.007404}"
brick,"brick:n=26,D=4,nn=1",1,"{""n"": 26.0, ""D"": 4.0, ""nn"": 1.0}",mps,ok,0.000515,0.0073,2719744,-6.707524194358646e-06,4,-6.707524194357185e-06,1.4602848010664138e-18,,"{""n"": 26, ""gates"": 180, ""g2"": 50, ""g3"": 0, ""depth2"": 4, ""t_count"": 0, ""rotations"": 390, ""d"": 26, ""dense_l"": 34.3083, ""redundant"": 364, ""obs_zero"": false, ""frame_l"": 60.6073, ""chi_bits"": 2, ""mps_l"": 11.3891, ""hsf_k"": 2, ""hsf_na"": 13, ""hsf_nb"": 13, ""hsf_l"": 28.0314, ""sup"": 26, ""chi_bits0"": 2, ""mps_l0"": 11.3891, ""hsf_keff"": 2, ""hsf_l0"": 28.0314, ""sparse_l"": 33.4919, ""sv_l"": 33.4919, ""feat_secs"": 0.008308, ""feat_secs_frame"": 0.00084, ""feat_secs_hsf"": 0.007404}"
brick,"brick:n=26,D=4,nn=1",1,"{""n"": 26.0, ""D"": 4.0, ""nn"": 1.0}",hsf,skipped,,,,,,-6.707524194357185e-06,,,"{""n"": 26, ""gates"": 180, ""g2"": 50, ""g3"": 0, ""depth2"": 4, ""t_count"": 0, ""rotations"": 390, ""d"": 26, ""dense_l"": 34.3083, ""redundant"": 364, ""obs_zero"": false, ""frame_l"": 60.6073, ""chi_bits"": 2, ""mps_l"": 11.3891, ""hsf_k"": 2, ""hsf_na"": 13, ""hsf_nb"": 13, ""hsf_l"": 28.0314, ""sup"": 26, ""chi_bits0"": 2, ""mps_l0"": 11.3891, ""hsf_keff"": 2, ""hsf_l0"": 28.0314, ""sparse_l"": 33.4919, ""sv_l"": 33.4919, ""feat_secs"": 0.008308, ""feat_secs_frame"": 0.00084, ""feat_secs_hsf"": 0.007404}"
brick,"brick:n=26,D=4,nn=1",1,"{""n"": 26.0, ""D"": 4.0, ""nn"": 1.0}",tableau,na,,0.0047,1835008,,,-6.707524194357185e-06,,"TooLarge { what: ""tableau (non-Clifford circuit)"", bytes: 0, limit: 0 }","{""n"": 26, ""gates"": 180, ""g2"": 50, ""g3"": 0, ""depth2"": 4, ""t_count"": 0, ""rotations"": 390, ""d"": 26, ""dense_l"": 34.3083, ""redundant"": 364, ""obs_zero"": false, ""frame_l"": 60.6073, ""chi_bits"": 2, ""mps_l"": 11.3891, ""hsf_k"": 2, ""hsf_na"": 13, ""hsf_nb"": 13, ""hsf_l"": 28.0314, ""sup"": 26, ""chi_bits0"": 2, ""mps_l0"": 11.3891, ""hsf_keff"": 2, ""hsf_l0"": 28.0314, ""sparse_l"": 33.4919, ""sv_l"": 33.4919, ""feat_secs"": 0.008308, ""feat_secs_frame"": 0.00084, ""feat_secs_hsf"": 0.007404}"
brick,"brick:n=26,D=4,nn=1",1,"{""n"": 26.0, ""D"": 4.0, ""nn"": 1.0}",frame,skipped,,,,,,-6.707524194357185e-06,,,"{""n"": 26, ""gates"": 180, ""g2"": 50, ""g3"": 0, ""depth2"": 4, ""t_count"": 0, ""rotations"": 390, ""d"": 26, ""dense_l"": 34.3083, ""redundant"": 364, ""obs_zero"": false, ""frame_l"": 60.6073, ""chi_bits"": 2, ""mps_l"": 11.3891, ""hsf_k"": 2, ""hsf_na"": 13, ""hsf_nb"": 13, ""hsf_l"": 28.0314, ""sup"": 26, ""chi_bits0"": 2, ""mps_l0"": 11.3891, ""hsf_keff"": 2, ""hsf_l0"": 28.0314, ""sparse_l"": 33.4919, ""sv_l"": 33.4919, ""feat_secs"": 0.008308, ""feat_secs_frame"": 0.00084, ""feat_secs_hsf"": 0.007404}"
brick,"brick:n=26,D=4,nn=1",1,"{""n"": 26.0, ""D"": 4.0, ""nn"": 1.0}",dense,skipped,,,,,,-6.707524194357185e-06,,,"{""n"": 26, ""gates"": 180, ""g2"": 50, ""g3"": 0, ""depth2"": 4, ""t_count"": 0, ""rotations"": 390, ""d"": 26, ""dense_l"": 34.3083, ""redundant"": 364, ""obs_zero"": false, ""frame_l"": 60.6073, ""chi_bits"": 2, ""mps_l"": 11.3891, ""hsf_k"": 2, ""hsf_na"": 13, ""hsf_nb"": 13, ""hsf_l"": 28.0314, ""sup"": 26, ""chi_bits0"": 2, ""mps_l0"": 11.3891, ""hsf_keff"": 2, ""hsf_l0"": 28.0314, ""sparse_l"": 33.4919, ""sv_l"": 33.4919, ""feat_secs"": 0.008308, ""feat_secs_frame"": 0.00084, ""feat_secs_hsf"": 0.007404}"
brick,"brick:n=26,D=4,nn=1",1,"{""n"": 26.0, ""D"": 4.0, ""nn"": 1.0}",auto,skipped,,,,,,-6.707524194357185e-06,,,"{""n"": 26, ""gates"": 180, ""g2"": 50, ""g3"": 0, ""depth2"": 4, ""t_count"": 0, ""rotations"": 390, ""d"": 26, ""dense_l"": 34.3083, ""redundant"": 364, ""obs_zero"": false, ""frame_l"": 60.6073, ""chi_bits"": 2, ""mps_l"": 11.3891, ""hsf_k"": 2, ""hsf_na"": 13, ""hsf_nb"": 13, ""hsf_l"": 28.0314, ""sup"": 26, ""chi_bits0"": 2, ""mps_l0"": 11.3891, ""hsf_keff"": 2, ""hsf_l0"": 28.0314, ""sparse_l"": 33.4919, ""sv_l"": 33.4919, ""feat_secs"": 0.008308, ""feat_secs_frame"": 0.00084, ""feat_secs_hsf"": 0.007404}"
brick,"brick:n=26,D=6,nn=1",1,"{""n"": 26.0, ""D"": 6.0, ""nn"": 1.0}",sv,timeout,,10.0094,1083228160,,,0.0001215372752044635,,timeout,"{""n"": 26, ""gates"": 257, ""g2"": 75, ""g3"": 0, ""depth2"": 6, ""t_count"": 0, ""rotations"": 546, ""d"": 26, ""dense_l"": 34.8857, ""redundant"": 520, ""obs_zero"": false, ""frame_l"": 61.0928, ""chi_bits"": 3, ""mps_l"": 14.0079, ""hsf_k"": 3, ""hsf_na"": 13, ""hsf_nb"": 13, ""hsf_l"": 29.0446, ""sup"": 26, ""chi_bits0"": 3, ""mps_l0"": 14.0079, ""hsf_keff"": 3, ""hsf_l0"": 29.0446, ""sparse_l"": 34.0056, ""sv_l"": 34.0056, ""feat_secs"": 0.011837, ""feat_secs_frame"": 0.001283, ""feat_secs_hsf"": 0.010469}"
brick,"brick:n=26,D=6,nn=1",1,"{""n"": 26.0, ""D"": 6.0, ""nn"": 1.0}",sparse,skipped,,,,,,0.0001215372752044635,,,"{""n"": 26, ""gates"": 257, ""g2"": 75, ""g3"": 0, ""depth2"": 6, ""t_count"": 0, ""rotations"": 546, ""d"": 26, ""dense_l"": 34.8857, ""redundant"": 520, ""obs_zero"": false, ""frame_l"": 61.0928, ""chi_bits"": 3, ""mps_l"": 14.0079, ""hsf_k"": 3, ""hsf_na"": 13, ""hsf_nb"": 13, ""hsf_l"": 29.0446, ""sup"": 26, ""chi_bits0"": 3, ""mps_l0"": 14.0079, ""hsf_keff"": 3, ""hsf_l0"": 29.0446, ""sparse_l"": 34.0056, ""sv_l"": 34.0056, ""feat_secs"": 0.011837, ""feat_secs_frame"": 0.001283, ""feat_secs_hsf"": 0.010469}"
brick,"brick:n=26,D=6,nn=1",1,"{""n"": 26.0, ""D"": 6.0, ""nn"": 1.0}",mps,ok,0.001061,0.0076,2899968,0.0001215372752044635,8,0.0001215372752044635,0.0,,"{""n"": 26, ""gates"": 257, ""g2"": 75, ""g3"": 0, ""depth2"": 6, ""t_count"": 0, ""rotations"": 546, ""d"": 26, ""dense_l"": 34.8857, ""redundant"": 520, ""obs_zero"": false, ""frame_l"": 61.0928, ""chi_bits"": 3, ""mps_l"": 14.0079, ""hsf_k"": 3, ""hsf_na"": 13, ""hsf_nb"": 13, ""hsf_l"": 29.0446, ""sup"": 26, ""chi_bits0"": 3, ""mps_l0"": 14.0079, ""hsf_keff"": 3, ""hsf_l0"": 29.0446, ""sparse_l"": 34.0056, ""sv_l"": 34.0056, ""feat_secs"": 0.011837, ""feat_secs_frame"": 0.001283, ""feat_secs_hsf"": 0.010469}"
brick,"brick:n=26,D=6,nn=1",1,"{""n"": 26.0, ""D"": 6.0, ""nn"": 1.0}",hsf,skipped,,,,,,0.0001215372752044635,,,"{""n"": 26, ""gates"": 257, ""g2"": 75, ""g3"": 0, ""depth2"": 6, ""t_count"": 0, ""rotations"": 546, ""d"": 26, ""dense_l"": 34.8857, ""redundant"": 520, ""obs_zero"": false, ""frame_l"": 61.0928, ""chi_bits"": 3, ""mps_l"": 14.0079, ""hsf_k"": 3, ""hsf_na"": 13, ""hsf_nb"": 13, ""hsf_l"": 29.0446, ""sup"": 26, ""chi_bits0"": 3, ""mps_l0"": 14.0079, ""hsf_keff"": 3, ""hsf_l0"": 29.0446, ""sparse_l"": 34.0056, ""sv_l"": 34.0056, ""feat_secs"": 0.011837, ""feat_secs_frame"": 0.001283, ""feat_secs_hsf"": 0.010469}"
brick,"brick:n=26,D=6,nn=1",1,"{""n"": 26.0, ""D"": 6.0, ""nn"": 1.0}",tableau,na,,0.0045,1851392,,,0.0001215372752044635,,"TooLarge { what: ""tableau (non-Clifford circuit)"", bytes: 0, limit: 0 }","{""n"": 26, ""gates"": 257, ""g2"": 75, ""g3"": 0, ""depth2"": 6, ""t_count"": 0, ""rotations"": 546, ""d"": 26, ""dense_l"": 34.8857, ""redundant"": 520, ""obs_zero"": false, ""frame_l"": 61.0928, ""chi_bits"": 3, ""mps_l"": 14.0079, ""hsf_k"": 3, ""hsf_na"": 13, ""hsf_nb"": 13, ""hsf_l"": 29.0446, ""sup"": 26, ""chi_bits0"": 3, ""mps_l0"": 14.0079, ""hsf_keff"": 3, ""hsf_l0"": 29.0446, ""sparse_l"": 34.0056, ""sv_l"": 34.0056, ""feat_secs"": 0.011837, ""feat_secs_frame"": 0.001283, ""feat_secs_hsf"": 0.010469}"
brick,"brick:n=26,D=6,nn=1",1,"{""n"": 26.0, ""D"": 6.0, ""nn"": 1.0}",frame,skipped,,,,,,0.0001215372752044635,,,"{""n"": 26, ""gates"": 257, ""g2"": 75, ""g3"": 0, ""depth2"": 6, ""t_count"": 0, ""rotations"": 546, ""d"": 26, ""dense_l"": 34.8857, ""redundant"": 520, ""obs_zero"": false, ""frame_l"": 61.0928, ""chi_bits"": 3, ""mps_l"": 14.0079, ""hsf_k"": 3, ""hsf_na"": 13, ""hsf_nb"": 13, ""hsf_l"": 29.0446, ""sup"": 26, ""chi_bits0"": 3, ""mps_l0"": 14.0079, ""hsf_keff"": 3, ""hsf_l0"": 29.0446, ""sparse_l"": 34.0056, ""sv_l"": 34.0056, ""feat_secs"": 0.011837, ""feat_secs_frame"": 0.001283, ""feat_secs_hsf"": 0.010469}"
brick,"brick:n=26,D=6,nn=1",1,"{""n"": 26.0, ""D"": 6.0, ""nn"": 1.0}",dense,skipped,,,,,,0.0001215372752044635,,,"{""n"": 26, ""gates"": 257, ""g2"": 75, ""g3"": 0, ""depth2"": 6, ""t_count"": 0, ""rotations"": 546, ""d"": 26, ""dense_l"": 34.8857, ""redundant"": 520, ""obs_zero"": false, ""frame_l"": 61.0928, ""chi_bits"": 3, ""mps_l"": 14.0079, ""hsf_k"": 3, ""hsf_na"": 13, ""hsf_nb"": 13, ""hsf_l"": 29.0446, ""sup"": 26, ""chi_bits0"": 3, ""mps_l0"": 14.0079, ""hsf_keff"": 3, ""hsf_l0"": 29.0446, ""sparse_l"": 34.0056, ""sv_l"": 34.0056, ""feat_secs"": 0.011837, ""feat_secs_frame"": 0.001283, ""feat_secs_hsf"": 0.010469}"
brick,"brick:n=26,D=6,nn=1",1,"{""n"": 26.0, ""D"": 6.0, ""nn"": 1.0}",auto,skipped,,,,,,0.0001215372752044635,,,"{""n"": 26, ""gates"": 257, ""g2"": 75, ""g3"": 0, ""depth2"": 6, ""t_count"": 0, ""rotations"": 546, ""d"": 26, ""dense_l"": 34.8857, ""redundant"": 520, ""obs_zero"": false, ""frame_l"": 61.0928, ""chi_bits"": 3, ""mps_l"": 14.0079, ""hsf_k"": 3, ""hsf_na"": 13, ""hsf_nb"": 13, ""hsf_l"": 29.0446, ""sup"": 26, ""chi_bits0"": 3, ""mps_l0"": 14.0079, ""hsf_keff"": 3, ""hsf_l0"": 29.0446, ""sparse_l"": 34.0056, ""sv_l"": 34.0056, ""feat_secs"": 0.011837, ""feat_secs_frame"": 0.001283, ""feat_secs_hsf"": 0.010469}"
brick,"brick:n=26,D=8,nn=1",1,"{""n"": 26.0, ""D"": 8.0, ""nn"": 1.0}",sv,timeout,,10.0122,1083244544,,,2.531500288420845e-05,,timeout,"{""n"": 26, ""gates"": 334, ""g2"": 100, ""g3"": 0, ""depth2"": 8, ""t_count"": 0, ""rotations"": 702, ""d"": 26, ""dense_l"": 35.2969, ""redundant"": 676, ""obs_zero"": false, ""frame_l"": 61.4553, ""chi_bits"": 4, ""mps_l"": 16.689, ""hsf_k"": 4, ""hsf_na"": 13, ""hsf_nb"": 13, ""hsf_l"": 30.0577, ""sup"": 26, ""chi_bits0"": 4, ""mps_l0"": 16.689, ""hsf_keff"": 4, ""hsf_l0"": 30.0577, ""sparse_l"": 34.3837, ""sv_l"": 34.3837, ""feat_secs"": 0.013778, ""feat_secs_frame"": 0.001483, ""feat_secs_hsf"": 0.012128}"
brick,"brick:n=26,D=8,nn=1",1,"{""n"": 26.0, ""D"": 8.0, ""nn"": 1.0}",sparse,skipped,,,,,,2.531500288420845e-05,,,"{""n"": 26, ""gates"": 334, ""g2"": 100, ""g3"": 0, ""depth2"": 8, ""t_count"": 0, ""rotations"": 702, ""d"": 26, ""dense_l"": 35.2969, ""redundant"": 676, ""obs_zero"": false, ""frame_l"": 61.4553, ""chi_bits"": 4, ""mps_l"": 16.689, ""hsf_k"": 4, ""hsf_na"": 13, ""hsf_nb"": 13, ""hsf_l"": 30.0577, ""sup"": 26, ""chi_bits0"": 4, ""mps_l0"": 16.689, ""hsf_keff"": 4, ""hsf_l0"": 30.0577, ""sparse_l"": 34.3837, ""sv_l"": 34.3837, ""feat_secs"": 0.013778, ""feat_secs_frame"": 0.001483, ""feat_secs_hsf"": 0.012128}"
brick,"brick:n=26,D=8,nn=1",1,"{""n"": 26.0, ""D"": 8.0, ""nn"": 1.0}",mps,ok,0.003569,0.0107,3751936,2.531500288420845e-05,16,2.531500288420845e-05,0.0,,"{""n"": 26, ""gates"": 334, ""g2"": 100, ""g3"": 0, ""depth2"": 8, ""t_count"": 0, ""rotations"": 702, ""d"": 26, ""dense_l"": 35.2969, ""redundant"": 676, ""obs_zero"": false, ""frame_l"": 61.4553, ""chi_bits"": 4, ""mps_l"": 16.689, ""hsf_k"": 4, ""hsf_na"": 13, ""hsf_nb"": 13, ""hsf_l"": 30.0577, ""sup"": 26, ""chi_bits0"": 4, ""mps_l0"": 16.689, ""hsf_keff"": 4, ""hsf_l0"": 30.0577, ""sparse_l"": 34.3837, ""sv_l"": 34.3837, ""feat_secs"": 0.013778, ""feat_secs_frame"": 0.001483, ""feat_secs_hsf"": 0.012128}"
brick,"brick:n=26,D=8,nn=1",1,"{""n"": 26.0, ""D"": 8.0, ""nn"": 1.0}",hsf,skipped,,,,,,2.531500288420845e-05,,,"{""n"": 26, ""gates"": 334, ""g2"": 100, ""g3"": 0, ""depth2"": 8, ""t_count"": 0, ""rotations"": 702, ""d"": 26, ""dense_l"": 35.2969, ""redundant"": 676, ""obs_zero"": false, ""frame_l"": 61.4553, ""chi_bits"": 4, ""mps_l"": 16.689, ""hsf_k"": 4, ""hsf_na"": 13, ""hsf_nb"": 13, ""hsf_l"": 30.0577, ""sup"": 26, ""chi_bits0"": 4, ""mps_l0"": 16.689, ""hsf_keff"": 4, ""hsf_l0"": 30.0577, ""sparse_l"": 34.3837, ""sv_l"": 34.3837, ""feat_secs"": 0.013778, ""feat_secs_frame"": 0.001483, ""feat_secs_hsf"": 0.012128}"
brick,"brick:n=26,D=8,nn=1",1,"{""n"": 26.0, ""D"": 8.0, ""nn"": 1.0}",tableau,na,,0.0073,1867776,,,2.531500288420845e-05,,"TooLarge { what: ""tableau (non-Clifford circuit)"", bytes: 0, limit: 0 }","{""n"": 26, ""gates"": 334, ""g2"": 100, ""g3"": 0, ""depth2"": 8, ""t_count"": 0, ""rotations"": 702, ""d"": 26, ""dense_l"": 35.2969, ""redundant"": 676, ""obs_zero"": false, ""frame_l"": 61.4553, ""chi_bits"": 4, ""mps_l"": 16.689, ""hsf_k"": 4, ""hsf_na"": 13, ""hsf_nb"": 13, ""hsf_l"": 30.0577, ""sup"": 26, ""chi_bits0"": 4, ""mps_l0"": 16.689, ""hsf_keff"": 4, ""hsf_l0"": 30.0577, ""sparse_l"": 34.3837, ""sv_l"": 34.3837, ""feat_secs"": 0.013778, ""feat_secs_frame"": 0.001483, ""feat_secs_hsf"": 0.012128}"
brick,"brick:n=26,D=8,nn=1",1,"{""n"": 26.0, ""D"": 8.0, ""nn"": 1.0}",frame,skipped,,,,,,2.531500288420845e-05,,,"{""n"": 26, ""gates"": 334, ""g2"": 100, ""g3"": 0, ""depth2"": 8, ""t_count"": 0, ""rotations"": 702, ""d"": 26, ""dense_l"": 35.2969, ""redundant"": 676, ""obs_zero"": false, ""frame_l"": 61.4553, ""chi_bits"": 4, ""mps_l"": 16.689, ""hsf_k"": 4, ""hsf_na"": 13, ""hsf_nb"": 13, ""hsf_l"": 30.0577, ""sup"": 26, ""chi_bits0"": 4, ""mps_l0"": 16.689, ""hsf_keff"": 4, ""hsf_l0"": 30.0577, ""sparse_l"": 34.3837, ""sv_l"": 34.3837, ""feat_secs"": 0.013778, ""feat_secs_frame"": 0.001483, ""feat_secs_hsf"": 0.012128}"
brick,"brick:n=26,D=8,nn=1",1,"{""n"": 26.0, ""D"": 8.0, ""nn"": 1.0}",dense,skipped,,,,,,2.531500288420845e-05,,,"{""n"": 26, ""gates"": 334, ""g2"": 100, ""g3"": 0, ""depth2"": 8, ""t_count"": 0, ""rotations"": 702, ""d"": 26, ""dense_l"": 35.2969, ""redundant"": 676, ""obs_zero"": false, ""frame_l"": 61.4553, ""chi_bits"": 4, ""mps_l"": 16.689, ""hsf_k"": 4, ""hsf_na"": 13, ""hsf_nb"": 13, ""hsf_l"": 30.0577, ""sup"": 26, ""chi_bits0"": 4, ""mps_l0"": 16.689, ""hsf_keff"": 4, ""hsf_l0"": 30.0577, ""sparse_l"": 34.3837, ""sv_l"": 34.3837, ""feat_secs"": 0.013778, ""feat_secs_frame"": 0.001483, ""feat_secs_hsf"": 0.012128}"
brick,"brick:n=26,D=8,nn=1",1,"{""n"": 26.0, ""D"": 8.0, ""nn"": 1.0}",auto,skipped,,,,,,2.531500288420845e-05,,,"{""n"": 26, ""gates"": 334, ""g2"": 100, ""g3"": 0, ""depth2"": 8, ""t_count"": 0, ""rotations"": 702, ""d"": 26, ""dense_l"": 35.2969, ""redundant"": 676, ""obs_zero"": false, ""frame_l"": 61.4553, ""chi_bits"": 4, ""mps_l"": 16.689, ""hsf_k"": 4, ""hsf_na"": 13, ""hsf_nb"": 13, ""hsf_l"": 30.0577, ""sup"": 26, ""chi_bits0"": 4, ""mps_l0"": 16.689, ""hsf_keff"": 4, ""hsf_l0"": 30.0577, ""sparse_l"": 34.3837, ""sv_l"": 34.3837, ""feat_secs"": 0.013778, ""feat_secs_frame"": 0.001483, ""feat_secs_hsf"": 0.012128}"
brick,"brick:n=26,D=12,nn=1",1,"{""n"": 26.0, ""D"": 12.0, ""nn"": 1.0}",sv,timeout,,10.0116,1083277312,,,-5.997848576838863e-05,,timeout,"{""n"": 26, ""gates"": 488, ""g2"": 150, ""g3"": 0, ""depth2"": 12, ""t_count"": 0, ""rotations"": 1014, ""d"": 26, ""dense_l"": 35.8781, ""redundant"": 988, ""obs_zero"": false, ""frame_l"": 61.9858, ""chi_bits"": 6, ""mps_l"": 22.2089, ""hsf_k"": 6, ""hsf_na"": 13, ""hsf_nb"": 13, ""hsf_l"": 32.0835, ""sup"": 26, ""chi_bits0"": 6, ""mps_l0"": 22.2089, ""hsf_keff"": 6, ""hsf_l0"": 32.0835, ""sparse_l"": 34.9307, ""sv_l"": 34.9307, ""feat_secs"": 0.028005, ""feat_secs_frame"": 0.0079, ""feat_secs_hsf"": 0.019895}"
brick,"brick:n=26,D=12,nn=1",1,"{""n"": 26.0, ""D"": 12.0, ""nn"": 1.0}",sparse,skipped,,,,,,-5.997848576838863e-05,,,"{""n"": 26, ""gates"": 488, ""g2"": 150, ""g3"": 0, ""depth2"": 12, ""t_count"": 0, ""rotations"": 1014, ""d"": 26, ""dense_l"": 35.8781, ""redundant"": 988, ""obs_zero"": false, ""frame_l"": 61.9858, ""chi_bits"": 6, ""mps_l"": 22.2089, ""hsf_k"": 6, ""hsf_na"": 13, ""hsf_nb"": 13, ""hsf_l"": 32.0835, ""sup"": 26, ""chi_bits0"": 6, ""mps_l0"": 22.2089, ""hsf_keff"": 6, ""hsf_l0"": 32.0835, ""sparse_l"": 34.9307, ""sv_l"": 34.9307, ""feat_secs"": 0.028005, ""feat_secs_frame"": 0.0079, ""feat_secs_hsf"": 0.019895}"
brick,"brick:n=26,D=12,nn=1",1,"{""n"": 26.0, ""D"": 12.0, ""nn"": 1.0}",mps,ok,0.084259,0.0901,12582912,-5.997848576838863e-05,64,-5.997848576838863e-05,0.0,,"{""n"": 26, ""gates"": 488, ""g2"": 150, ""g3"": 0, ""depth2"": 12, ""t_count"": 0, ""rotations"": 1014, ""d"": 26, ""dense_l"": 35.8781, ""redundant"": 988, ""obs_zero"": false, ""frame_l"": 61.9858, ""chi_bits"": 6, ""mps_l"": 22.2089, ""hsf_k"": 6, ""hsf_na"": 13, ""hsf_nb"": 13, ""hsf_l"": 32.0835, ""sup"": 26, ""chi_bits0"": 6, ""mps_l0"": 22.2089, ""hsf_keff"": 6, ""hsf_l0"": 32.0835, ""sparse_l"": 34.9307, ""sv_l"": 34.9307, ""feat_secs"": 0.028005, ""feat_secs_frame"": 0.0079, ""feat_secs_hsf"": 0.019895}"
brick,"brick:n=26,D=12,nn=1",1,"{""n"": 26.0, ""D"": 12.0, ""nn"": 1.0}",hsf,skipped,,,,,,-5.997848576838863e-05,,,"{""n"": 26, ""gates"": 488, ""g2"": 150, ""g3"": 0, ""depth2"": 12, ""t_count"": 0, ""rotations"": 1014, ""d"": 26, ""dense_l"": 35.8781, ""redundant"": 988, ""obs_zero"": false, ""frame_l"": 61.9858, ""chi_bits"": 6, ""mps_l"": 22.2089, ""hsf_k"": 6, ""hsf_na"": 13, ""hsf_nb"": 13, ""hsf_l"": 32.0835, ""sup"": 26, ""chi_bits0"": 6, ""mps_l0"": 22.2089, ""hsf_keff"": 6, ""hsf_l0"": 32.0835, ""sparse_l"": 34.9307, ""sv_l"": 34.9307, ""feat_secs"": 0.028005, ""feat_secs_frame"": 0.0079, ""feat_secs_hsf"": 0.019895}"
brick,"brick:n=26,D=12,nn=1",1,"{""n"": 26.0, ""D"": 12.0, ""nn"": 1.0}",tableau,na,,0.0048,1867776,,,-5.997848576838863e-05,,"TooLarge { what: ""tableau (non-Clifford circuit)"", bytes: 0, limit: 0 }","{""n"": 26, ""gates"": 488, ""g2"": 150, ""g3"": 0, ""depth2"": 12, ""t_count"": 0, ""rotations"": 1014, ""d"": 26, ""dense_l"": 35.8781, ""redundant"": 988, ""obs_zero"": false, ""frame_l"": 61.9858, ""chi_bits"": 6, ""mps_l"": 22.2089, ""hsf_k"": 6, ""hsf_na"": 13, ""hsf_nb"": 13, ""hsf_l"": 32.0835, ""sup"": 26, ""chi_bits0"": 6, ""mps_l0"": 22.2089, ""hsf_keff"": 6, ""hsf_l0"": 32.0835, ""sparse_l"": 34.9307, ""sv_l"": 34.9307, ""feat_secs"": 0.028005, ""feat_secs_frame"": 0.0079, ""feat_secs_hsf"": 0.019895}"
brick,"brick:n=26,D=12,nn=1",1,"{""n"": 26.0, ""D"": 12.0, ""nn"": 1.0}",frame,skipped,,,,,,-5.997848576838863e-05,,,"{""n"": 26, ""gates"": 488, ""g2"": 150, ""g3"": 0, ""depth2"": 12, ""t_count"": 0, ""rotations"": 1014, ""d"": 26, ""dense_l"": 35.8781, ""redundant"": 988, ""obs_zero"": false, ""frame_l"": 61.9858, ""chi_bits"": 6, ""mps_l"": 22.2089, ""hsf_k"": 6, ""hsf_na"": 13, ""hsf_nb"": 13, ""hsf_l"": 32.0835, ""sup"": 26, ""chi_bits0"": 6, ""mps_l0"": 22.2089, ""hsf_keff"": 6, ""hsf_l0"": 32.0835, ""sparse_l"": 34.9307, ""sv_l"": 34.9307, ""feat_secs"": 0.028005, ""feat_secs_frame"": 0.0079, ""feat_secs_hsf"": 0.019895}"
brick,"brick:n=26,D=12,nn=1",1,"{""n"": 26.0, ""D"": 12.0, ""nn"": 1.0}",dense,skipped,,,,,,-5.997848576838863e-05,,,"{""n"": 26, ""gates"": 488, ""g2"": 150, ""g3"": 0, ""depth2"": 12, ""t_count"": 0, ""rotations"": 1014, ""d"": 26, ""dense_l"": 35.8781, ""redundant"": 988, ""obs_zero"": false, ""frame_l"": 61.9858, ""chi_bits"": 6, ""mps_l"": 22.2089, ""hsf_k"": 6, ""hsf_na"": 13, ""hsf_nb"": 13, ""hsf_l"": 32.0835, ""sup"": 26, ""chi_bits0"": 6, ""mps_l0"": 22.2089, ""hsf_keff"": 6, ""hsf_l0"": 32.0835, ""sparse_l"": 34.9307, ""sv_l"": 34.9307, ""feat_secs"": 0.028005, ""feat_secs_frame"": 0.0079, ""feat_secs_hsf"": 0.019895}"
brick,"brick:n=26,D=12,nn=1",1,"{""n"": 26.0, ""D"": 12.0, ""nn"": 1.0}",auto,skipped,,,,,,-5.997848576838863e-05,,,"{""n"": 26, ""gates"": 488, ""g2"": 150, ""g3"": 0, ""depth2"": 12, ""t_count"": 0, ""rotations"": 1014, ""d"": 26, ""dense_l"": 35.8781, ""redundant"": 988, ""obs_zero"": false, ""frame_l"": 61.9858, ""chi_bits"": 6, ""mps_l"": 22.2089, ""hsf_k"": 6, ""hsf_na"": 13, ""hsf_nb"": 13, ""hsf_l"": 32.0835, ""sup"": 26, ""chi_bits0"": 6, ""mps_l0"": 22.2089, ""hsf_keff"": 6, ""hsf_l0"": 32.0835, ""sparse_l"": 34.9307, ""sv_l"": 34.9307, ""feat_secs"": 0.028005, ""feat_secs_frame"": 0.0079, ""feat_secs_hsf"": 0.019895}"
brick,"brick:n=26,D=16,nn=1",1,"{""n"": 26.0, ""D"": 16.0, ""nn"": 1.0}",sv,timeout,,10.0133,1083441152,,,-3.199056693631863e-05,,timeout,"{""n"": 26, ""gates"": 642, ""g2"": 200, ""g3"": 0, ""depth2"": 16, ""t_count"": 0, ""rotations"": 1326, ""d"": 26, ""dense_l"": 36.2912, ""redundant"": 1300, ""obs_zero"": false, ""frame_l"": 62.3729, ""chi_bits"": 8, ""mps_l"": 27.7395, ""hsf_k"": 8, ""hsf_na"": 13, ""hsf_nb"": 13, ""hsf_l"": 34.1089, ""sup"": 26, ""chi_bits0"": 8, ""mps_l0"": 27.7395, ""hsf_keff"": 8, ""hsf_l0"": 34.1089, ""sparse_l"": 35.3264, ""sv_l"": 35.3264, ""feat_secs"": 0.019101, ""feat_secs_frame"": 0.006981, ""feat_secs_hsf"": 0.011862}"
brick,"brick:n=26,D=16,nn=1",1,"{""n"": 26.0, ""D"": 16.0, ""nn"": 1.0}",sparse,skipped,,,,,,-3.199056693631863e-05,,,"{""n"": 26, ""gates"": 642, ""g2"": 200, ""g3"": 0, ""depth2"": 16, ""t_count"": 0, ""rotations"": 1326, ""d"": 26, ""dense_l"": 36.2912, ""redundant"": 1300, ""obs_zero"": false, ""frame_l"": 62.3729, ""chi_bits"": 8, ""mps_l"": 27.7395, ""hsf_k"": 8, ""hsf_na"": 13, ""hsf_nb"": 13, ""hsf_l"": 34.1089, ""sup"": 26, ""chi_bits0"": 8, ""mps_l0"": 27.7395, ""hsf_keff"": 8, ""hsf_l0"": 34.1089, ""sparse_l"": 35.3264, ""sv_l"": 35.3264, ""feat_secs"": 0.019101, ""feat_secs_frame"": 0.006981, ""feat_secs_hsf"": 0.011862}"
brick,"brick:n=26,D=16,nn=1",1,"{""n"": 26.0, ""D"": 16.0, ""nn"": 1.0}",mps,ok,2.343629,2.3496,87277568,-3.199056693631863e-05,256,-3.199056693631863e-05,0.0,,"{""n"": 26, ""gates"": 642, ""g2"": 200, ""g3"": 0, ""depth2"": 16, ""t_count"": 0, ""rotations"": 1326, ""d"": 26, ""dense_l"": 36.2912, ""redundant"": 1300, ""obs_zero"": false, ""frame_l"": 62.3729, ""chi_bits"": 8, ""mps_l"": 27.7395, ""hsf_k"": 8, ""hsf_na"": 13, ""hsf_nb"": 13, ""hsf_l"": 34.1089, ""sup"": 26, ""chi_bits0"": 8, ""mps_l0"": 27.7395, ""hsf_keff"": 8, ""hsf_l0"": 34.1089, ""sparse_l"": 35.3264, ""sv_l"": 35.3264, ""feat_secs"": 0.019101, ""feat_secs_frame"": 0.006981, ""feat_secs_hsf"": 0.011862}"
brick,"brick:n=26,D=16,nn=1",1,"{""n"": 26.0, ""D"": 16.0, ""nn"": 1.0}",hsf,skipped,,,,,,-3.199056693631863e-05,,,"{""n"": 26, ""gates"": 642, ""g2"": 200, ""g3"": 0, ""depth2"": 16, ""t_count"": 0, ""rotations"": 1326, ""d"": 26, ""dense_l"": 36.2912, ""redundant"": 1300, ""obs_zero"": false, ""frame_l"": 62.3729, ""chi_bits"": 8, ""mps_l"": 27.7395, ""hsf_k"": 8, ""hsf_na"": 13, ""hsf_nb"": 13, ""hsf_l"": 34.1089, ""sup"": 26, ""chi_bits0"": 8, ""mps_l0"": 27.7395, ""hsf_keff"": 8, ""hsf_l0"": 34.1089, ""sparse_l"": 35.3264, ""sv_l"": 35.3264, ""feat_secs"": 0.019101, ""feat_secs_frame"": 0.006981, ""feat_secs_hsf"": 0.011862}"
brick,"brick:n=26,D=16,nn=1",1,"{""n"": 26.0, ""D"": 16.0, ""nn"": 1.0}",tableau,na,,0.0077,1933312,,,-3.199056693631863e-05,,"TooLarge { what: ""tableau (non-Clifford circuit)"", bytes: 0, limit: 0 }","{""n"": 26, ""gates"": 642, ""g2"": 200, ""g3"": 0, ""depth2"": 16, ""t_count"": 0, ""rotations"": 1326, ""d"": 26, ""dense_l"": 36.2912, ""redundant"": 1300, ""obs_zero"": false, ""frame_l"": 62.3729, ""chi_bits"": 8, ""mps_l"": 27.7395, ""hsf_k"": 8, ""hsf_na"": 13, ""hsf_nb"": 13, ""hsf_l"": 34.1089, ""sup"": 26, ""chi_bits0"": 8, ""mps_l0"": 27.7395, ""hsf_keff"": 8, ""hsf_l0"": 34.1089, ""sparse_l"": 35.3264, ""sv_l"": 35.3264, ""feat_secs"": 0.019101, ""feat_secs_frame"": 0.006981, ""feat_secs_hsf"": 0.011862}"
brick,"brick:n=26,D=16,nn=1",1,"{""n"": 26.0, ""D"": 16.0, ""nn"": 1.0}",frame,skipped,,,,,,-3.199056693631863e-05,,,"{""n"": 26, ""gates"": 642, ""g2"": 200, ""g3"": 0, ""depth2"": 16, ""t_count"": 0, ""rotations"": 1326, ""d"": 26, ""dense_l"": 36.2912, ""redundant"": 1300, ""obs_zero"": false, ""frame_l"": 62.3729, ""chi_bits"": 8, ""mps_l"": 27.7395, ""hsf_k"": 8, ""hsf_na"": 13, ""hsf_nb"": 13, ""hsf_l"": 34.1089, ""sup"": 26, ""chi_bits0"": 8, ""mps_l0"": 27.7395, ""hsf_keff"": 8, ""hsf_l0"": 34.1089, ""sparse_l"": 35.3264, ""sv_l"": 35.3264, ""feat_secs"": 0.019101, ""feat_secs_frame"": 0.006981, ""feat_secs_hsf"": 0.011862}"
brick,"brick:n=26,D=16,nn=1",1,"{""n"": 26.0, ""D"": 16.0, ""nn"": 1.0}",dense,skipped,,,,,,-3.199056693631863e-05,,,"{""n"": 26, ""gates"": 642, ""g2"": 200, ""g3"": 0, ""depth2"": 16, ""t_count"": 0, ""rotations"": 1326, ""d"": 26, ""dense_l"": 36.2912, ""redundant"": 1300, ""obs_zero"": false, ""frame_l"": 62.3729, ""chi_bits"": 8, ""mps_l"": 27.7395, ""hsf_k"": 8, ""hsf_na"": 13, ""hsf_nb"": 13, ""hsf_l"": 34.1089, ""sup"": 26, ""chi_bits0"": 8, ""mps_l0"": 27.7395, ""hsf_keff"": 8, ""hsf_l0"": 34.1089, ""sparse_l"": 35.3264, ""sv_l"": 35.3264, ""feat_secs"": 0.019101, ""feat_secs_frame"": 0.006981, ""feat_secs_hsf"": 0.011862}"
brick,"brick:n=26,D=16,nn=1",1,"{""n"": 26.0, ""D"": 16.0, ""nn"": 1.0}",auto,skipped,,,,,,-3.199056693631863e-05,,,"{""n"": 26, ""gates"": 642, ""g2"": 200, ""g3"": 0, ""depth2"": 16, ""t_count"": 0, ""rotations"": 1326, ""d"": 26, ""dense_l"": 36.2912, ""redundant"": 1300, ""obs_zero"": false, ""frame_l"": 62.3729, ""chi_bits"": 8, ""mps_l"": 27.7395, ""hsf_k"": 8, ""hsf_na"": 13, ""hsf_nb"": 13, ""hsf_l"": 34.1089, ""sup"": 26, ""chi_bits0"": 8, ""mps_l0"": 27.7395, ""hsf_keff"": 8, ""hsf_l0"": 34.1089, ""sparse_l"": 35.3264, ""sv_l"": 35.3264, ""feat_secs"": 0.019101, ""feat_secs_frame"": 0.006981, ""feat_secs_hsf"": 0.011862}"
brick,"brick:n=16,D=1,nn=0",1,"{""n"": 16.0, ""D"": 1.0, ""nn"": 0.0}",sv,ok,0.002621,0.0073,3768320,7.0535911288237e-05,65536,7.0535911288237e-05,0.0,,"{""n"": 16, ""gates"": 40, ""g2"": 8, ""g3"": 0, ""depth2"": 1, ""t_count"": 0, ""rotations"": 96, ""d"": 16, ""dense_l"": 21.7279, ""redundant"": 80, ""obs_zero"": false, ""frame_l"": 38.585, ""chi_bits"": 4, ""mps_l"": 17.4875, ""hsf_k"": 0, ""hsf_na"": 8, ""hsf_nb"": 8, ""hsf_l"": 16.2095, ""sup"": 16, ""chi_bits0"": 4, ""mps_l0"": 17.4875, ""hsf_keff"": 0, ""hsf_l0"": 16.2095, ""sparse_l"": 21.3219, ""sv_l"": 21.3219, ""feat_secs"": 0.001243, ""feat_secs_frame"": 0.000194, ""feat_secs_hsf"": 0.001028}"
brick,"brick:n=16,D=1,nn=0",1,"{""n"": 16.0, ""D"": 1.0, ""nn"": 0.0}",sparse,ok,0.042191,0.0482,18366464,7.053591128823689e-05,65536,7.0535911288237e-05,1.0842021724855044e-19,,"{""n"": 16, ""gates"": 40, ""g2"": 8, ""g3"": 0, ""depth2"": 1, ""t_count"": 0, ""rotations"": 96, ""d"": 16, ""dense_l"": 21.7279, ""redundant"": 80, ""obs_zero"": false, ""frame_l"": 38.585, ""chi_bits"": 4, ""mps_l"": 17.4875, ""hsf_k"": 0, ""hsf_na"": 8, ""hsf_nb"": 8, ""hsf_l"": 16.2095, ""sup"": 16, ""chi_bits0"": 4, ""mps_l0"": 17.4875, ""hsf_keff"": 0, ""hsf_l0"": 16.2095, ""sparse_l"": 21.3219, ""sv_l"": 21.3219, ""feat_secs"": 0.001243, ""feat_secs_frame"": 0.000194, ""feat_secs_hsf"": 0.001028}"
brick,"brick:n=16,D=1,nn=0",1,"{""n"": 16.0, ""D"": 1.0, ""nn"": 0.0}",mps,ok,0.000802,0.0076,2883584,7.053591128823864e-05,16,7.0535911288237e-05,1.6398557858843255e-18,,"{""n"": 16, ""gates"": 40, ""g2"": 8, ""g3"": 0, ""depth2"": 1, ""t_count"": 0, ""rotations"": 96, ""d"": 16, ""dense_l"": 21.7279, ""redundant"": 80, ""obs_zero"": false, ""frame_l"": 38.585, ""chi_bits"": 4, ""mps_l"": 17.4875, ""hsf_k"": 0, ""hsf_na"": 8, ""hsf_nb"": 8, ""hsf_l"": 16.2095, ""sup"": 16, ""chi_bits0"": 4, ""mps_l0"": 17.4875, ""hsf_keff"": 0, ""hsf_l0"": 16.2095, ""sparse_l"": 21.3219, ""sv_l"": 21.3219, ""feat_secs"": 0.001243, ""feat_secs_frame"": 0.000194, ""feat_secs_hsf"": 0.001028}"
brick,"brick:n=16,D=1,nn=0",1,"{""n"": 16.0, ""D"": 1.0, ""nn"": 0.0}",hsf,ok,0.001765,0.0076,3506176,7.05359112882367e-05,1,7.0535911288237e-05,2.981555974335137e-19,,"{""n"": 16, ""gates"": 40, ""g2"": 8, ""g3"": 0, ""depth2"": 1, ""t_count"": 0, ""rotations"": 96, ""d"": 16, ""dense_l"": 21.7279, ""redundant"": 80, ""obs_zero"": false, ""frame_l"": 38.585, ""chi_bits"": 4, ""mps_l"": 17.4875, ""hsf_k"": 0, ""hsf_na"": 8, ""hsf_nb"": 8, ""hsf_l"": 16.2095, ""sup"": 16, ""chi_bits0"": 4, ""mps_l0"": 17.4875, ""hsf_keff"": 0, ""hsf_l0"": 16.2095, ""sparse_l"": 21.3219, ""sv_l"": 21.3219, ""feat_secs"": 0.001243, ""feat_secs_frame"": 0.000194, ""feat_secs_hsf"": 0.001028}"
brick,"brick:n=16,D=1,nn=0",1,"{""n"": 16.0, ""D"": 1.0, ""nn"": 0.0}",tableau,na,,0.0045,1851392,,,7.0535911288237e-05,,"TooLarge { what: ""tableau (non-Clifford circuit)"", bytes: 0, limit: 0 }","{""n"": 16, ""gates"": 40, ""g2"": 8, ""g3"": 0, ""depth2"": 1, ""t_count"": 0, ""rotations"": 96, ""d"": 16, ""dense_l"": 21.7279, ""redundant"": 80, ""obs_zero"": false, ""frame_l"": 38.585, ""chi_bits"": 4, ""mps_l"": 17.4875, ""hsf_k"": 0, ""hsf_na"": 8, ""hsf_nb"": 8, ""hsf_l"": 16.2095, ""sup"": 16, ""chi_bits0"": 4, ""mps_l0"": 17.4875, ""hsf_keff"": 0, ""hsf_l0"": 16.2095, ""sparse_l"": 21.3219, ""sv_l"": 21.3219, ""feat_secs"": 0.001243, ""feat_secs_frame"": 0.000194, ""feat_secs_hsf"": 0.001028}"
brick,"brick:n=16,D=1,nn=0",1,"{""n"": 16.0, ""D"": 1.0, ""nn"": 0.0}",frame,ok,0.026377,0.0319,15106048,7.053591128823979e-05,98304,7.0535911288237e-05,2.791820594150174e-18,switched_at=None dense_qubits=0 peak_terms=98304 term_visits=1303867 dense_ops=0,"{""n"": 16, ""gates"": 40, ""g2"": 8, ""g3"": 0, ""depth2"": 1, ""t_count"": 0, ""rotations"": 96, ""d"": 16, ""dense_l"": 21.7279, ""redundant"": 80, ""obs_zero"": false, ""frame_l"": 38.585, ""chi_bits"": 4, ""mps_l"": 17.4875, ""hsf_k"": 0, ""hsf_na"": 8, ""hsf_nb"": 8, ""hsf_l"": 16.2095, ""sup"": 16, ""chi_bits0"": 4, ""mps_l0"": 17.4875, ""hsf_keff"": 0, ""hsf_l0"": 16.2095, ""sparse_l"": 21.3219, ""sv_l"": 21.3219, ""feat_secs"": 0.001243, ""feat_secs_frame"": 0.000194, ""feat_secs_hsf"": 0.001028}"
brick,"brick:n=16,D=1,nn=0",1,"{""n"": 16.0, ""D"": 1.0, ""nn"": 0.0}",dense,ok,0.005955,0.0108,5062656,7.053591128822846e-05,16,7.0535911288237e-05,8.538092108323347e-18,switched_at=Some(80) dense_qubits=16 peak_terms=1 term_visits=0 dense_ops=2490363,"{""n"": 16, ""gates"": 40, ""g2"": 8, ""g3"": 0, ""depth2"": 1, ""t_count"": 0, ""rotations"": 96, ""d"": 16, ""dense_l"": 21.7279, ""redundant"": 80, ""obs_zero"": false, ""frame_l"": 38.585, ""chi_bits"": 4, ""mps_l"": 17.4875, ""hsf_k"": 0, ""hsf_na"": 8, ""hsf_nb"": 8, ""hsf_l"": 16.2095, ""sup"": 16, ""chi_bits0"": 4, ""mps_l0"": 17.4875, ""hsf_keff"": 0, ""hsf_l0"": 16.2095, ""sparse_l"": 21.3219, ""sv_l"": 21.3219, ""feat_secs"": 0.001243, ""feat_secs_frame"": 0.000194, ""feat_secs_hsf"": 0.001028}"
brick,"brick:n=16,D=1,nn=0",1,"{""n"": 16.0, ""D"": 1.0, ""nn"": 0.0}",auto,ok,0.005672,0.0126,5128192,7.053591128823843e-05,16,7.0535911288237e-05,1.4365678785432934e-18,switched_at=Some(76) dense_qubits=16 peak_terms=4 term_visits=6 dense_ops=2424827,"{""n"": 16, ""gates"": 40, ""g2"": 8, ""g3"": 0, ""depth2"": 1, ""t_count"": 0, ""rotations"": 96, ""d"": 16, ""dense_l"": 21.7279, ""redundant"": 80, ""obs_zero"": false, ""frame_l"": 38.585, ""chi_bits"": 4, ""mps_l"": 17.4875, ""hsf_k"": 0, ""hsf_na"": 8, ""hsf_nb"": 8, ""hsf_l"": 16.2095, ""sup"": 16, ""chi_bits0"": 4, ""mps_l0"": 17.4875, ""hsf_keff"": 0, ""hsf_l0"": 16.2095, ""sparse_l"": 21.3219, ""sv_l"": 21.3219, ""feat_secs"": 0.001243, ""feat_secs_frame"": 0.000194, ""feat_secs_hsf"": 0.001028}"
brick,"brick:n=16,D=2,nn=0",1,"{""n"": 16.0, ""D"": 2.0, ""nn"": 0.0}",sv,ok,0.003701,0.0099,3817472,-0.001213652750229629,65536,-0.001213652750229629,0.0,,"{""n"": 16, ""gates"": 64, ""g2"": 16, ""g3"": 0, ""depth2"": 2, ""t_count"": 0, ""rotations"": 144, ""d"": 16, ""dense_l"": 22.6582, ""redundant"": 128, ""obs_zero"": false, ""frame_l"": 39.1699, ""chi_bits"": 4, ""mps_l"": 19.0971, ""hsf_k"": 0, ""hsf_na"": 8, ""hsf_nb"": 8, ""hsf_l"": 16.3219, ""sup"": 16, ""chi_bits0"": 4, ""mps_l0"": 19.0971, ""hsf_keff"": 0, ""hsf_l0"": 16.3219, ""sparse_l"": 22.0, ""sv_l"": 22.0, ""feat_secs"": 0.001672, ""feat_secs_frame"": 0.000254, ""feat_secs_hsf"": 0.001388}"
brick,"brick:n=16,D=2,nn=0",1,"{""n"": 16.0, ""D"": 2.0, ""nn"": 0.0}",sparse,ok,0.074993,0.0797,18399232,-0.001213652750229573,65536,-0.001213652750229629,5.594483210025203e-17,,"{""n"": 16, ""gates"": 64, ""g2"": 16, ""g3"": 0, ""depth2"": 2, ""t_count"": 0, ""rotations"": 144, ""d"": 16, ""dense_l"": 22.6582, ""redundant"": 128, ""obs_zero"": false, ""frame_l"": 39.1699, ""chi_bits"": 4, ""mps_l"": 19.0971, ""hsf_k"": 0, ""hsf_na"": 8, ""hsf_nb"": 8, ""hsf_l"": 16.3219, ""sup"": 16, ""chi_bits0"": 4, ""mps_l0"": 19.0971, ""hsf_keff"": 0, ""hsf_l0"": 16.3219, ""sparse_l"": 22.0, ""sv_l"": 22.0, ""feat_secs"": 0.001672, ""feat_secs_frame"": 0.000254, ""feat_secs_hsf"": 0.001388}"
brick,"brick:n=16,D=2,nn=0",1,"{""n"": 16.0, ""D"": 2.0, ""nn"": 0.0}",mps,ok,0.001803,0.0077,3473408,-0.001213652750229637,16,-0.001213652750229629,8.023096076392733e-18,,"{""n"": 16, ""gates"": 64, ""g2"": 16, ""g3"": 0, ""depth2"": 2, ""t_count"": 0, ""rotations"": 144, ""d"": 16, ""dense_l"": 22.6582, ""redundant"": 128, ""obs_zero"": false, ""frame_l"": 39.1699, ""chi_bits"": 4, ""mps_l"": 19.0971, ""hsf_k"": 0, ""hsf_na"": 8, ""hsf_nb"": 8, ""hsf_l"": 16.3219, ""sup"": 16, ""chi_bits0"": 4, ""mps_l0"": 19.0971, ""hsf_keff"": 0, ""hsf_l0"": 16.3219, ""sparse_l"": 22.0, ""sv_l"": 22.0, ""feat_secs"": 0.001672, ""feat_secs_frame"": 0.000254, ""feat_secs_hsf"": 0.001388}"
brick,"brick:n=16,D=2,nn=0",1,"{""n"": 16.0, ""D"": 2.0, ""nn"": 0.0}",hsf,ok,0.002139,0.0076,3522560,-0.001213652750229629,1,-0.001213652750229629,0.0,,"{""n"": 16, ""gates"": 64, ""g2"": 16, ""g3"": 0, ""depth2"": 2, ""t_count"": 0, ""rotations"": 144, ""d"": 16, ""dense_l"": 22.6582, ""redundant"": 128, ""obs_zero"": false, ""frame_l"": 39.1699, ""chi_bits"": 4, ""mps_l"": 19.0971, ""hsf_k"": 0, ""hsf_na"": 8, ""hsf_nb"": 8, ""hsf_l"": 16.3219, ""sup"": 16, ""chi_bits0"": 4, ""mps_l0"": 19.0971, ""hsf_keff"": 0, ""hsf_l0"": 16.3219, ""sparse_l"": 22.0, ""sv_l"": 22.0, ""feat_secs"": 0.001672, ""feat_secs_frame"": 0.000254, ""feat_secs_hsf"": 0.001388}"
brick,"brick:n=16,D=2,nn=0",1,"{""n"": 16.0, ""D"": 2.0, ""nn"": 0.0}",tableau,na,,0.0047,1851392,,,-0.001213652750229629,,"TooLarge { what: ""tableau (non-Clifford circuit)"", bytes: 0, limit: 0 }","{""n"": 16, ""gates"": 64, ""g2"": 16, ""g3"": 0, ""depth2"": 2, ""t_count"": 0, ""rotations"": 144, ""d"": 16, ""dense_l"": 22.6582, ""redundant"": 128, ""obs_zero"": false, ""frame_l"": 39.1699, ""chi_bits"": 4, ""mps_l"": 19.0971, ""hsf_k"": 0, ""hsf_na"": 8, ""hsf_nb"": 8, ""hsf_l"": 16.3219, ""sup"": 16, ""chi_bits0"": 4, ""mps_l0"": 19.0971, ""hsf_keff"": 0, ""hsf_l0"": 16.3219, ""sparse_l"": 22.0, ""sv_l"": 22.0, ""feat_secs"": 0.001672, ""feat_secs_frame"": 0.000254, ""feat_secs_hsf"": 0.001388}"
brick,"brick:n=16,D=2,nn=0",1,"{""n"": 16.0, ""D"": 2.0, ""nn"": 0.0}",frame,toolarge,,1.5114,1262862336,,,-0.001213652750229629,,"TooManyTerms { terms: 19440000, limit: 16777216 }","{""n"": 16, ""gates"": 64, ""g2"": 16, ""g3"": 0, ""depth2"": 2, ""t_count"": 0, ""rotations"": 144, ""d"": 16, ""dense_l"": 22.6582, ""redundant"": 128, ""obs_zero"": false, ""frame_l"": 39.1699, ""chi_bits"": 4, ""mps_l"": 19.0971, ""hsf_k"": 0, ""hsf_na"": 8, ""hsf_nb"": 8, ""hsf_l"": 16.3219, ""sup"": 16, ""chi_bits0"": 4, ""mps_l0"": 19.0971, ""hsf_keff"": 0, ""hsf_l0"": 16.3219, ""sparse_l"": 22.0, ""sv_l"": 22.0, ""feat_secs"": 0.001672, ""feat_secs_frame"": 0.000254, ""feat_secs_hsf"": 0.001388}"
brick,"brick:n=16,D=2,nn=0",1,"{""n"": 16.0, ""D"": 2.0, ""nn"": 0.0}",dense,ok,0.010963,0.0162,5111808,-0.001213652750229626,16,-0.001213652750229629,3.0357660829594124e-18,switched_at=Some(112) dense_qubits=16 peak_terms=1 term_visits=0 dense_ops=4587515,"{""n"": 16, ""gates"": 64, ""g2"": 16, ""g3"": 0, ""depth2"": 2, ""t_count"": 0, ""rotations"": 144, ""d"": 16, ""dense_l"": 22.6582, ""redundant"": 128, ""obs_zero"": false, ""frame_l"": 39.1699, ""chi_bits"": 4, ""mps_l"": 19.0971, ""hsf_k"": 0, ""hsf_na"": 8, ""hsf_nb"": 8, ""hsf_l"": 16.3219, ""sup"": 16, ""chi_bits0"": 4, ""mps_l0"": 19.0971, ""hsf_keff"": 0, ""hsf_l0"": 16.3219, ""sparse_l"": 22.0, ""sv_l"": 22.0, ""feat_secs"": 0.001672, ""feat_secs_frame"": 0.000254, ""feat_secs_hsf"": 0.001388}"
brick,"brick:n=16,D=2,nn=0",1,"{""n"": 16.0, ""D"": 2.0, ""nn"": 0.0}",auto,ok,0.011024,0.0183,5160960,-0.001213652750229633,16,-0.001213652750229629,3.903127820947816e-18,switched_at=Some(108) dense_qubits=16 peak_terms=4 term_visits=6 dense_ops=4521979,"{""n"": 16, ""gates"": 64, ""g2"": 16, ""g3"": 0, ""depth2"": 2, ""t_count"": 0, ""rotations"": 144, ""d"": 16, ""dense_l"": 22.6582, ""redundant"": 128, ""obs_zero"": false, ""frame_l"": 39.1699, ""chi_bits"": 4, ""mps_l"": 19.0971, ""hsf_k"": 0, ""hsf_na"": 8, ""hsf_nb"": 8, ""hsf_l"": 16.3219, ""sup"": 16, ""chi_bits0"": 4, ""mps_l0"": 19.0971, ""hsf_keff"": 0, ""hsf_l0"": 16.3219, ""sparse_l"": 22.0, ""sv_l"": 22.0, ""feat_secs"": 0.001672, ""feat_secs_frame"": 0.000254, ""feat_secs_hsf"": 0.001388}"
brick,"brick:n=16,D=3,nn=0",1,"{""n"": 16.0, ""D"": 3.0, ""nn"": 0.0}",sv,ok,0.005437,0.0104,3850240,0.0004329447806843689,65536,0.0004329447806843689,0.0,,"{""n"": 16, ""gates"": 88, ""g2"": 24, ""g3"": 0, ""depth2"": 3, ""t_count"": 0, ""rotations"": 192, ""d"": 16, ""dense_l"": 23.2192, ""redundant"": 176, ""obs_zero"": false, ""frame_l"": 39.585, ""chi_bits"": 8, ""mps_l"": 28.9587, ""hsf_k"": 2, ""hsf_na"": 8, ""hsf_nb"": 8, ""hsf_l"": 18.4263, ""sup"": 16, ""chi_bits0"": 8, ""mps_l0"": 28.9587, ""hsf_keff"": 2, ""hsf_l0"": 18.4263, ""sparse_l"": 22.4594, ""sv_l"": 22.4594, ""feat_secs"": 0.002568, ""feat_secs_frame"": 0.000353, ""feat_secs_hsf"": 0.002184}"
brick,"brick:n=16,D=3,nn=0",1,"{""n"": 16.0, ""D"": 3.0, ""nn"": 0.0}",sparse,ok,0.11099,0.1174,18432000,0.0004329447806843563,65536,0.0004329447806843689,1.2630955309456127e-17,,"{""n"": 16, ""gates"": 88, ""g2"": 24, ""g3"": 0, ""depth2"": 3, ""t_count"": 0, ""rotations"": 192, ""d"": 16, ""dense_l"": 23.2192, ""redundant"": 176, ""obs_zero"": false, ""frame_l"": 39.585, ""chi_bits"": 8, ""mps_l"": 28.9587, ""hsf_k"": 2, ""hsf_na"": 8, ""hsf_nb"": 8, ""hsf_l"": 18.4263, ""sup"": 16, ""chi_bits0"": 8, ""mps_l0"": 28.9587, ""hsf_keff"": 2, ""hsf_l0"": 18.4263, ""sparse_l"": 22.4594, ""sv_l"": 22.4594, ""feat_secs"": 0.002568, ""feat_secs_frame"": 0.000353, ""feat_secs_hsf"": 0.002184}"
brick,"brick:n=16,D=3,nn=0",1,"{""n"": 16.0, ""D"": 3.0, ""nn"": 0.0}",mps,ok,0.099862,0.1064,13369344,0.0004327621202636241,128,0.0004329447806843689,1.8266042074483076e-07,,"{""n"": 16, ""gates"": 88, ""g2"": 24, ""g3"": 0, ""depth2"": 3, ""t_count"": 0, ""rotations"": 192, ""d"": 16, ""dense_l"": 23.2192, ""redundant"": 176, ""obs_zero"": false, ""frame_l"": 39.585, ""chi_bits"": 8, ""mps_l"": 28.9587, ""hsf_k"": 2, ""hsf_na"": 8, ""hsf_nb"": 8, ""hsf_l"": 18.4263, ""sup"": 16, ""chi_bits0"": 8, ""mps_l0"": 28.9587, ""hsf_keff"": 2, ""hsf_l0"": 18.4263, ""sparse_l"": 22.4594, ""sv_l"": 22.4594, ""feat_secs"": 0.002568, ""feat_secs_frame"": 0.000353, ""feat_secs_hsf"": 0.002184}"
brick,"brick:n=16,D=3,nn=0",1,"{""n"": 16.0, ""D"": 3.0, ""nn"": 0.0}",hsf,ok,0.003408,0.0098,3735552,0.0004329447806843671,4,0.0004329447806843689,1.8431436932253575e-18,,"{""n"": 16, ""gates"": 88, ""g2"": 24, ""g3"": 0, ""depth2"": 3, ""t_count"": 0, ""rotations"": 192, ""d"": 16, ""dense_l"": 23.2192, ""redundant"": 176, ""obs_zero"": false, ""frame_l"": 39.585, ""chi_bits"": 8, ""mps_l"": 28.9587, ""hsf_k"": 2, ""hsf_na"": 8, ""hsf_nb"": 8, ""hsf_l"": 18.4263, ""sup"": 16, ""chi_bits0"": 8, ""mps_l0"": 28.9587, ""hsf_keff"": 2, ""hsf_l0"": 18.4263, ""sparse_l"": 22.4594, ""sv_l"": 22.4594, ""feat_secs"": 0.002568, ""feat_secs_frame"": 0.000353, ""feat_secs_hsf"": 0.002184}"
brick,"brick:n=16,D=3,nn=0",1,"{""n"": 16.0, ""D"": 3.0, ""nn"": 0.0}",tableau,na,,0.0045,1851392,,,0.0004329447806843689,,"TooLarge { what: ""tableau (non-Clifford circuit)"", bytes: 0, limit: 0 }","{""n"": 16, ""gates"": 88, ""g2"": 24, ""g3"": 0, ""depth2"": 3, ""t_count"": 0, ""rotations"": 192, ""d"": 16, ""dense_l"": 23.2192, ""redundant"": 176, ""obs_zero"": false, ""frame_l"": 39.585, ""chi_bits"": 8, ""mps_l"": 28.9587, ""hsf_k"": 2, ""hsf_na"": 8, ""hsf_nb"": 8, ""hsf_l"": 18.4263, ""sup"": 16, ""chi_bits0"": 8, ""mps_l0"": 28.9587, ""hsf_keff"": 2, ""hsf_l0"": 18.4263, ""sparse_l"": 22.4594, ""sv_l"": 22.4594, ""feat_secs"": 0.002568, ""feat_secs_frame"": 0.000353, ""feat_secs_hsf"": 0.002184}"
brick,"brick:n=16,D=3,nn=0",1,"{""n"": 16.0, ""D"": 3.0, ""nn"": 0.0}",frame,skipped,,,,,,0.0004329447806843689,,,"{""n"": 16, ""gates"": 88, ""g2"": 24, ""g3"": 0, ""depth2"": 3, ""t_count"": 0, ""rotations"": 192, ""d"": 16, ""dense_l"": 23.2192, ""redundant"": 176, ""obs_zero"": false, ""frame_l"": 39.585, ""chi_bits"": 8, ""mps_l"": 28.9587, ""hsf_k"": 2, ""hsf_na"": 8, ""hsf_nb"": 8, ""hsf_l"": 18.4263, ""sup"": 16, ""chi_bits0"": 8, ""mps_l0"": 28.9587, ""hsf_keff"": 2, ""hsf_l0"": 18.4263, ""sparse_l"": 22.4594, ""sv_l"": 22.4594, ""feat_secs"": 0.002568, ""feat_secs_frame"": 0.000353, ""feat_secs_hsf"": 0.002184}"
brick,"brick:n=16,D=3,nn=0",1,"{""n"": 16.0, ""D"": 3.0, ""nn"": 0.0}",dense,ok,0.017179,0.0216,5111808,0.00043294478068438,16,0.0004329447806843689,1.1058862159352145e-17,switched_at=Some(144) dense_qubits=16 peak_terms=1 term_visits=0 dense_ops=6684667,"{""n"": 16, ""gates"": 88, ""g2"": 24, ""g3"": 0, ""depth2"": 3, ""t_count"": 0, ""rotations"": 192, ""d"": 16, ""dense_l"": 23.2192, ""redundant"": 176, ""obs_zero"": false, ""frame_l"": 39.585, ""chi_bits"": 8, ""mps_l"": 28.9587, ""hsf_k"": 2, ""hsf_na"": 8, ""hsf_nb"": 8, ""hsf_l"": 18.4263, ""sup"": 16, ""chi_bits0"": 8, ""mps_l0"": 28.9587, ""hsf_keff"": 2, ""hsf_l0"": 18.4263, ""sparse_l"": 22.4594, ""sv_l"": 22.4594, ""feat_secs"": 0.002568, ""feat_secs_frame"": 0.000353, ""feat_secs_hsf"": 0.002184}"
brick,"brick:n=16,D=3,nn=0",1,"{""n"": 16.0, ""D"": 3.0, ""nn"": 0.0}",auto,ok,0.016268,0.0222,5177344,0.0004329447806843755,16,0.0004329447806843689,6.559423143537302e-18,switched_at=Some(140) dense_qubits=16 peak_terms=4 term_visits=6 dense_ops=6619131,"{""n"": 16, ""gates"": 88, ""g2"": 24, ""g3"": 0, ""depth2"": 3, ""t_count"": 0, ""rotations"": 192, ""d"": 16, ""dense_l"": 23.2192, ""redundant"": 176, ""obs_zero"": false, ""frame_l"": 39.585, ""chi_bits"": 8, ""mps_l"": 28.9587, ""hsf_k"": 2, ""hsf_na"": 8, ""hsf_nb"": 8, ""hsf_l"": 18.4263, ""sup"": 16, ""chi_bits0"": 8, ""mps_l0"": 28.9587, ""hsf_keff"": 2, ""hsf_l0"": 18.4263, ""sparse_l"": 22.4594, ""sv_l"": 22.4594, ""feat_secs"": 0.002568, ""feat_secs_frame"": 0.000353, ""feat_secs_hsf"": 0.002184}"
brick,"brick:n=16,D=4,nn=0",1,"{""n"": 16.0, ""D"": 4.0, ""nn"": 0.0}",sv,ok,0.006191,0.0129,3981312,0.0070741562991595,65536,0.0070741562991595,0.0,,"{""n"": 16, ""gates"": 112, ""g2"": 32, ""g3"": 0, ""depth2"": 4, ""t_count"": 0, ""rotations"": 240, ""d"": 16, ""dense_l"": 23.6221, ""redundant"": 224, ""obs_zero"": false, ""frame_l"": 39.9069, ""chi_bits"": 8, ""mps_l"": 29.7929, ""hsf_k"": 6, ""hsf_na"": 8, ""hsf_nb"": 8, ""hsf_l"": 22.5236, ""sup"": 16, ""chi_bits0"": 8, ""mps_l0"": 29.7929, ""hsf_keff"": 6, ""hsf_l0"": 22.5236, ""sparse_l"": 22.8074, ""sv_l"": 22.8074, ""feat_secs"": 0.003249, ""feat_secs_frame"": 0.000414, ""feat_secs_hsf"": 0.002797}"
brick,"brick:n=16,D=4,nn=0",1,"{""n"": 16.0, ""D"": 4.0, ""nn"": 0.0}",sparse,ok,0.131935,0.1382,18415616,0.00707415629915948,65536,0.0070741562991595,1.9949319973733282e-17,,"{""n"": 16, ""gates"": 112, ""g2"": 32, ""g3"": 0, ""depth2"": 4, ""t_count"": 0, ""rotations"": 240, ""d"": 16, ""dense_l"": 23.6221, ""redundant"": 224, ""obs_zero"": false, ""frame_l"": 39.9069, ""chi_bits"": 8, ""mps_l"": 29.7929, ""hsf_k"": 6, ""hsf_na"": 8, ""hsf_nb"": 8, ""hsf_l"": 22.5236, ""sup"": 16, ""chi_bits0"": 8, ""mps_l0"": 29.7929, ""hsf_keff"": 6, ""hsf_l0"": 22.5236, ""sparse_l"": 22.8074, ""sv_l"": 22.8074, ""feat_secs"": 0.003249, ""feat_secs_frame"": 0.000414, ""feat_secs_hsf"": 0.002797}"
brick,"brick:n=16,D=4,nn=0",1,"{""n"": 16.0, ""D"": 4.0, ""nn"": 0.0}",mps,ok,0.399562,0.4048,24100864,0.007074009859257849,128,0.0070741562991595,1.464399016510437e-07,,"{""n"": 16, ""gates"": 112, ""g2"": 32, ""g3"": 0, ""depth2"": 4, ""t_count"": 0, ""rotations"": 240, ""d"": 16, ""dense_l"": 23.6221, ""redundant"": 224, ""obs_zero"": false, ""frame_l"": 39.9069, ""chi_bits"": 8, ""mps_l"": 29.7929, ""hsf_k"": 6, ""hsf_na"": 8, ""hsf_nb"": 8, ""hsf_l"": 22.5236, ""sup"": 16, ""chi_bits0"": 8, ""mps_l0"": 29.7929, ""hsf_keff"": 6, ""hsf_l0"": 22.5236, ""sparse_l"": 22.8074, ""sv_l"": 22.8074, ""feat_secs"": 0.003249, ""feat_secs_frame"": 0.000414, ""feat_secs_hsf"": 0.002797}"
brick,"brick:n=16,D=4,nn=0",1,"{""n"": 16.0, ""D"": 4.0, ""nn"": 0.0}",hsf,ok,0.004617,0.0094,4521984,0.007074156299159527,64,0.0070741562991595,2.688821387764051e-17,,"{""n"": 16, ""gates"": 112, ""g2"": 32, ""g3"": 0, ""depth2"": 4, ""t_count"": 0, ""rotations"": 240, ""d"": 16, ""dense_l"": 23.6221, ""redundant"": 224, ""obs_zero"": false, ""frame_l"": 39.9069, ""chi_bits"": 8, ""mps_l"": 29.7929, ""hsf_k"": 6, ""hsf_na"": 8, ""hsf_nb"": 8, ""hsf_l"": 22.5236, ""sup"": 16, ""chi_bits0"": 8, ""mps_l0"": 29.7929, ""hsf_keff"": 6, ""hsf_l0"": 22.5236, ""sparse_l"": 22.8074, ""sv_l"": 22.8074, ""feat_secs"": 0.003249, ""feat_secs_frame"": 0.000414, ""feat_secs_hsf"": 0.002797}"
brick,"brick:n=16,D=4,nn=0",1,"{""n"": 16.0, ""D"": 4.0, ""nn"": 0.0}",tableau,na,,0.0046,1851392,,,0.0070741562991595,,"TooLarge { what: ""tableau (non-Clifford circuit)"", bytes: 0, limit: 0 }","{""n"": 16, ""gates"": 112, ""g2"": 32, ""g3"": 0, ""depth2"": 4, ""t_count"": 0, ""rotations"": 240, ""d"": 16, ""dense_l"": 23.6221, ""redundant"": 224, ""obs_zero"": false, ""frame_l"": 39.9069, ""chi_bits"": 8, ""mps_l"": 29.7929, ""hsf_k"": 6, ""hsf_na"": 8, ""hsf_nb"": 8, ""hsf_l"": 22.5236, ""sup"": 16, ""chi_bits0"": 8, ""mps_l0"": 29.7929, ""hsf_keff"": 6, ""hsf_l0"": 22.5236, ""sparse_l"": 22.8074, ""sv_l"": 22.8074, ""feat_secs"": 0.003249, ""feat_secs_frame"": 0.000414, ""feat_secs_hsf"": 0.002797}"
brick,"brick:n=16,D=4,nn=0",1,"{""n"": 16.0, ""D"": 4.0, ""nn"": 0.0}",frame,skipped,,,,,,0.0070741562991595,,,"{""n"": 16, ""gates"": 112, ""g2"": 32, ""g3"": 0, ""depth2"": 4, ""t_count"": 0, ""rotations"": 240, ""d"": 16, ""dense_l"": 23.6221, ""redundant"": 224, ""obs_zero"": false, ""frame_l"": 39.9069, ""chi_bits"": 8, ""mps_l"": 29.7929, ""hsf_k"": 6, ""hsf_na"": 8, ""hsf_nb"": 8, ""hsf_l"": 22.5236, ""sup"": 16, ""chi_bits0"": 8, ""mps_l0"": 29.7929, ""hsf_keff"": 6, ""hsf_l0"": 22.5236, ""sparse_l"": 22.8074, ""sv_l"": 22.8074, ""feat_secs"": 0.003249, ""feat_secs_frame"": 0.000414, ""feat_secs_hsf"": 0.002797}"
brick,"brick:n=16,D=4,nn=0",1,"{""n"": 16.0, ""D"": 4.0, ""nn"": 0.0}",dense,ok,0.020262,0.0258,5144576,0.007074156299159568,16,0.0070741562991595,6.765421556309548e-17,switched_at=Some(176) dense_qubits=16 peak_terms=1 term_visits=0 dense_ops=8781819,"{""n"": 16, ""gates"": 112, ""g2"": 32, ""g3"": 0, ""depth2"": 4, ""t_count"": 0, ""rotations"": 240, ""d"": 16, ""dense_l"": 23.6221, ""redundant"": 224, ""obs_zero"": false, ""frame_l"": 39.9069, ""chi_bits"": 8, ""mps_l"": 29.7929, ""hsf_k"": 6, ""hsf_na"": 8, ""hsf_nb"": 8, ""hsf_l"": 22.5236, ""sup"": 16, ""chi_bits0"": 8, ""mps_l0"": 29.7929, ""hsf_keff"": 6, ""hsf_l0"": 22.5236, ""sparse_l"": 22.8074, ""sv_l"": 22.8074, ""feat_secs"": 0.003249, ""feat_secs_frame"": 0.000414, ""feat_secs_hsf"": 0.002797}"
brick,"brick:n=16,D=4,nn=0",1,"{""n"": 16.0, ""D"": 4.0, ""nn"": 0.0}",auto,ok,0.022301,0.0267,5226496,0.007074156299159534,16,0.0070741562991595,3.382710778154774e-17,switched_at=Some(172) dense_qubits=16 peak_terms=4 term_visits=6 dense_ops=8716283,"{""n"": 16, ""gates"": 112, ""g2"": 32, ""g3"": 0, ""depth2"": 4, ""t_count"": 0, ""rotations"": 240, ""d"": 16, ""dense_l"": 23.6221, ""redundant"": 224, ""obs_zero"": false, ""frame_l"": 39.9069, ""chi_bits"": 8, ""mps_l"": 29.7929, ""hsf_k"": 6, ""hsf_na"": 8, ""hsf_nb"": 8, ""hsf_l"": 22.5236, ""sup"": 16, ""chi_bits0"": 8, ""mps_l0"": 29.7929, ""hsf_keff"": 6, ""hsf_l0"": 22.5236, ""sparse_l"": 22.8074, ""sv_l"": 22.8074, ""feat_secs"": 0.003249, ""feat_secs_frame"": 0.000414, ""feat_secs_hsf"": 0.002797}"
brick,"brick:n=16,D=6,nn=0",1,"{""n"": 16.0, ""D"": 6.0, ""nn"": 0.0}",sv,ok,0.008357,0.0131,3997696,0.000776191383844975,65536,0.000776191383844975,0.0,,"{""n"": 16, ""gates"": 160, ""g2"": 48, ""g3"": 0, ""depth2"": 6, ""t_count"": 0, ""rotations"": 336, ""d"": 16, ""dense_l"": 24.1948, ""redundant"": 320, ""obs_zero"": false, ""frame_l"": 40.3923, ""chi_bits"": 8, ""mps_l"": 31.4676, ""hsf_k"": 8, ""hsf_na"": 5, ""hsf_nb"": 11, ""hsf_l"": 26.585, ""sup"": 16, ""chi_bits0"": 8, ""mps_l0"": 31.4676, ""hsf_keff"": 8, ""hsf_l0"": 26.585, ""sparse_l"": 23.3219, ""sv_l"": 23.3219, ""feat_secs"": 0.005183, ""feat_secs_frame"": 0.000667, ""feat_secs_hsf"": 0.004463}"
brick,"brick:n=16,D=6,nn=0",1,"{""n"": 16.0, ""D"": 6.0, ""nn"": 0.0}",sparse,ok,0.192924,0.1997,18415616,0.0007761913838449605,65536,0.000776191383844975,1.452830911130576e-17,,"{""n"": 16, ""gates"": 160, ""g2"": 48, ""g3"": 0, ""depth2"": 6, ""t_count"": 0, ""rotations"": 336, ""d"": 16, ""dense_l"": 24.1948, ""redundant"": 320, ""obs_zero"": false, ""frame_l"": 40.3923, ""chi_bits"": 8, ""mps_l"": 31.4676, ""hsf_k"": 8, ""hsf_na"": 5, ""hsf_nb"": 11, ""hsf_l"": 26.585, ""sup"": 16, ""chi_bits0"": 8, ""mps_l0"": 31.4676, ""hsf_keff"": 8, ""hsf_l0"": 26.585, ""sparse_l"": 23.3219, ""sv_l"": 23.3219, ""feat_secs"": 0.005183, ""feat_secs_frame"": 0.000667, ""feat_secs_hsf"": 0.004463}"
brick,"brick:n=16,D=6,nn=0",1,"{""n"": 16.0, ""D"": 6.0, ""nn"": 0.0}",mps,ok,1.841037,1.8455,24215552,0.0007762118267239856,256,0.000776191383844975,2.0442879010581193e-08,,"{""n"": 16, ""gates"": 160, ""g2"": 48, ""g3"": 0, ""depth2"": 6, ""t_count"": 0, ""rotations"": 336, ""d"": 16, ""dense_l"": 24.1948, ""redundant"": 320, ""obs_zero"": false, ""frame_l"": 40.3923, ""chi_bits"": 8, ""mps_l"": 31.4676, ""hsf_k"": 8, ""hsf_na"": 5, ""hsf_nb"": 11, ""hsf_l"": 26.585, ""sup"": 16, ""chi_bits0"": 8, ""mps_l0"": 31.4676, ""hsf_keff"": 8, ""hsf_l0"": 26.585, ""sparse_l"": 23.3219, ""sv_l"": 23.3219, ""feat_secs"": 0.005183, ""feat_secs_frame"": 0.000667, ""feat_secs_hsf"": 0.004463}"
brick,"brick:n=16,D=6,nn=0",1,"{""n"": 16.0, ""D"": 6.0, ""nn"": 0.0}",hsf,ok,0.013776,0.0183,8257536,0.0007761913838450017,256,0.000776191383844975,2.667137344314341e-17,,"{""n"": 16, ""gates"": 160, ""g2"": 48, ""g3"": 0, ""depth2"": 6, ""t_count"": 0, ""rotations"": 336, ""d"": 16, ""dense_l"": 24.1948, ""redundant"": 320, ""obs_zero"": false, ""frame_l"": 40.3923, ""chi_bits"": 8, ""mps_l"": 31.4676, ""hsf_k"": 8, ""hsf_na"": 5, ""hsf_nb"": 11, ""hsf_l"": 26.585, ""sup"": 16, ""chi_bits0"": 8, ""mps_l0"": 31.4676, ""hsf_keff"": 8, ""hsf_l0"": 26.585, ""sparse_l"": 23.3219, ""sv_l"": 23.3219, ""feat_secs"": 0.005183, ""feat_secs_frame"": 0.000667, ""feat_secs_hsf"": 0.004463}"
brick,"brick:n=16,D=6,nn=0",1,"{""n"": 16.0, ""D"": 6.0, ""nn"": 0.0}",tableau,na,,0.0045,1867776,,,0.000776191383844975,,"TooLarge { what: ""tableau (non-Clifford circuit)"", bytes: 0, limit: 0 }","{""n"": 16, ""gates"": 160, ""g2"": 48, ""g3"": 0, ""depth2"": 6, ""t_count"": 0, ""rotations"": 336, ""d"": 16, ""dense_l"": 24.1948, ""redundant"": 320, ""obs_zero"": false, ""frame_l"": 40.3923, ""chi_bits"": 8, ""mps_l"": 31.4676, ""hsf_k"": 8, ""hsf_na"": 5, ""hsf_nb"": 11, ""hsf_l"": 26.585, ""sup"": 16, ""chi_bits0"": 8, ""mps_l0"": 31.4676, ""hsf_keff"": 8, ""hsf_l0"": 26.585, ""sparse_l"": 23.3219, ""sv_l"": 23.3219, ""feat_secs"": 0.005183, ""feat_secs_frame"": 0.000667, ""feat_secs_hsf"": 0.004463}"
brick,"brick:n=16,D=6,nn=0",1,"{""n"": 16.0, ""D"": 6.0, ""nn"": 0.0}",frame,skipped,,,,,,0.000776191383844975,,,"{""n"": 16, ""gates"": 160, ""g2"": 48, ""g3"": 0, ""depth2"": 6, ""t_count"": 0, ""rotations"": 336, ""d"": 16, ""dense_l"": 24.1948, ""redundant"": 320, ""obs_zero"": false, ""frame_l"": 40.3923, ""chi_bits"": 8, ""mps_l"": 31.4676, ""hsf_k"": 8, ""hsf_na"": 5, ""hsf_nb"": 11, ""hsf_l"": 26.585, ""sup"": 16, ""chi_bits0"": 8, ""mps_l0"": 31.4676, ""hsf_keff"": 8, ""hsf_l0"": 26.585, ""sparse_l"": 23.3219, ""sv_l"": 23.3219, ""feat_secs"": 0.005183, ""feat_secs_frame"": 0.000667, ""feat_secs_hsf"": 0.004463}"
brick,"brick:n=16,D=6,nn=0",1,"{""n"": 16.0, ""D"": 6.0, ""nn"": 0.0}",dense,ok,0.031643,0.0374,5193728,0.0007761913838449409,16,0.000776191383844975,3.404394821604484e-17,switched_at=Some(240) dense_qubits=16 peak_terms=1 term_visits=0 dense_ops=12976123,"{""n"": 16, ""gates"": 160, ""g2"": 48, ""g3"": 0, ""depth2"": 6, ""t_count"": 0, ""rotations"": 336, ""d"": 16, ""dense_l"": 24.1948, ""redundant"": 320, ""obs_zero"": false, ""frame_l"": 40.3923, ""chi_bits"": 8, ""mps_l"": 31.4676, ""hsf_k"": 8, ""hsf_na"": 5, ""hsf_nb"": 11, ""hsf_l"": 26.585, ""sup"": 16, ""chi_bits0"": 8, ""mps_l0"": 31.4676, ""hsf_keff"": 8, ""hsf_l0"": 26.585, ""sparse_l"": 23.3219, ""sv_l"": 23.3219, ""feat_secs"": 0.005183, ""feat_secs_frame"": 0.000667, ""feat_secs_hsf"": 0.004463}"
brick,"brick:n=16,D=6,nn=0",1,"{""n"": 16.0, ""D"": 6.0, ""nn"": 0.0}",auto,ok,0.029439,0.0340,5275648,0.0007761913838449357,16,0.000776191383844975,3.924811864397526e-17,switched_at=Some(236) dense_qubits=16 peak_terms=4 term_visits=6 dense_ops=12910587,"{""n"": 16, ""gates"": 160, ""g2"": 48, ""g3"": 0, ""depth2"": 6, ""t_count"": 0, ""rotations"": 336, ""d"": 16, ""dense_l"": 24.1948, ""redundant"": 320, ""obs_zero"": false, ""frame_l"": 40.3923, ""chi_bits"": 8, ""mps_l"": 31.4676, ""hsf_k"": 8, ""hsf_na"": 5, ""hsf_nb"": 11, ""hsf_l"": 26.585, ""sup"": 16, ""chi_bits0"": 8, ""mps_l0"": 31.4676, ""hsf_keff"": 8, ""hsf_l0"": 26.585, ""sparse_l"": 23.3219, ""sv_l"": 23.3219, ""feat_secs"": 0.005183, ""feat_secs_frame"": 0.000667, ""feat_secs_hsf"": 0.004463}"
brick,"brick:n=24,D=1,nn=0",1,"{""n"": 24.0, ""D"": 1.0, ""nn"": 0.0}",sv,ok,0.833271,0.8402,272252928,4.558467273147248e-12,16777216,4.558467273147248e-12,0.0,,"{""n"": 24, ""gates"": 60, ""g2"": 12, ""g3"": 0, ""depth2"": 1, ""t_count"": 0, ""rotations"": 144, ""d"": 24, ""dense_l"": 30.2668, ""redundant"": 120, ""obs_zero"": false, ""frame_l"": 55.1699, ""chi_bits"": 8, ""mps_l"": 27.252, ""hsf_k"": 0, ""hsf_na"": 12, ""hsf_nb"": 12, ""hsf_l"": 24.021, ""sup"": 24, ""chi_bits0"": 8, ""mps_l0"": 27.252, ""hsf_keff"": 0, ""hsf_l0"": 24.021, ""sparse_l"": 29.9069, ""sv_l"": 29.9069, ""feat_secs"": 0.003426, ""feat_secs_frame"": 0.000265, ""feat_secs_hsf"": 0.003134}"
brick,"brick:n=24,D=1,nn=0",1,"{""n"": 24.0, ""D"": 1.0, ""nn"": 0.0}",sparse,timeout,,10.0399,3360718848,,,4.558467273147248e-12,,timeout,"{""n"": 24, ""gates"": 60, ""g2"": 12, ""g3"": 0, ""depth2"": 1, ""t_count"": 0, ""rotations"": 144, ""d"": 24, ""dense_l"": 30.2668, ""redundant"": 120, ""obs_zero"": false, ""frame_l"": 55.1699, ""chi_bits"": 8, ""mps_l"": 27.252, ""hsf_k"": 0, ""hsf_na"": 12, ""hsf_nb"": 12, ""hsf_l"": 24.021, ""sup"": 24, ""chi_bits0"": 8, ""mps_l0"": 27.252, ""hsf_keff"": 0, ""hsf_l0"": 24.021, ""sparse_l"": 29.9069, ""sv_l"": 29.9069, ""feat_secs"": 0.003426, ""feat_secs_frame"": 0.000265, ""feat_secs_hsf"": 0.003134}"
brick,"brick:n=24,D=1,nn=0",1,"{""n"": 24.0, ""D"": 1.0, ""nn"": 0.0}",mps,ok,0.170598,0.1758,22855680,4.558468124571455e-12,256,4.558467273147248e-12,8.514242075960678e-19,,"{""n"": 24, ""gates"": 60, ""g2"": 12, ""g3"": 0, ""depth2"": 1, ""t_count"": 0, ""rotations"": 144, ""d"": 24, ""dense_l"": 30.2668, ""redundant"": 120, ""obs_zero"": false, ""frame_l"": 55.1699, ""chi_bits"": 8, ""mps_l"": 27.252, ""hsf_k"": 0, ""hsf_na"": 12, ""hsf_nb"": 12, ""hsf_l"": 24.021, ""sup"": 24, ""chi_bits0"": 8, ""mps_l0"": 27.252, ""hsf_keff"": 0, ""hsf_l0"": 24.021, ""sparse_l"": 29.9069, ""sv_l"": 29.9069, ""feat_secs"": 0.003426, ""feat_secs_frame"": 0.000265, ""feat_secs_hsf"": 0.003134}"
brick,"brick:n=24,D=1,nn=0",1,"{""n"": 24.0, ""D"": 1.0, ""nn"": 0.0}",hsf,ok,0.260922,0.2656,271335424,4.558468162859406e-12,1,4.558467273147248e-12,8.897121581395864e-19,,"{""n"": 24, ""gates"": 60, ""g2"": 12, ""g3"": 0, ""depth2"": 1, ""t_count"": 0, ""rotations"": 144, ""d"": 24, ""dense_l"": 30.2668, ""redundant"": 120, ""obs_zero"": false, ""frame_l"": 55.1699, ""chi_bits"": 8, ""mps_l"": 27.252, ""hsf_k"": 0, ""hsf_na"": 12, ""hsf_nb"": 12, ""hsf_l"": 24.021, ""sup"": 24, ""chi_bits0"": 8, ""mps_l0"": 27.252, ""hsf_keff"": 0, ""hsf_l0"": 24.021, ""sparse_l"": 29.9069, ""sv_l"": 29.9069, ""feat_secs"": 0.003426, ""feat_secs_frame"": 0.000265, ""feat_secs_hsf"": 0.003134}"
brick,"brick:n=24,D=1,nn=0",1,"{""n"": 24.0, ""D"": 1.0, ""nn"": 0.0}",tableau,na,,0.0047,1851392,,,4.558467273147248e-12,,"TooLarge { what: ""tableau (non-Clifford circuit)"", bytes: 0, limit: 0 }","{""n"": 24, ""gates"": 60, ""g2"": 12, ""g3"": 0, ""depth2"": 1, ""t_count"": 0, ""rotations"": 144, ""d"": 24, ""dense_l"": 30.2668, ""redundant"": 120, ""obs_zero"": false, ""frame_l"": 55.1699, ""chi_bits"": 8, ""mps_l"": 27.252, ""hsf_k"": 0, ""hsf_na"": 12, ""hsf_nb"": 12, ""hsf_l"": 24.021, ""sup"": 24, ""chi_bits0"": 8, ""mps_l0"": 27.252, ""hsf_keff"": 0, ""hsf_l0"": 24.021, ""sparse_l"": 29.9069, ""sv_l"": 29.9069, ""feat_secs"": 0.003426, ""feat_secs_frame"": 0.000265, ""feat_secs_hsf"": 0.003134}"
brick,"brick:n=24,D=1,nn=0",1,"{""n"": 24.0, ""D"": 1.0, ""nn"": 0.0}",frame,toolarge,,1.1646,1260732416,,,4.558467273147248e-12,,"TooManyTerms { terms: 25165824, limit: 16777216 }","{""n"": 24, ""gates"": 60, ""g2"": 12, ""g3"": 0, ""depth2"": 1, ""t_count"": 0, ""rotations"": 144, ""d"": 24, ""dense_l"": 30.2668, ""redundant"": 120, ""obs_zero"": false, ""frame_l"": 55.1699, ""chi_bits"": 8, ""mps_l"": 27.252, ""hsf_k"": 0, ""hsf_na"": 12, ""hsf_nb"": 12, ""hsf_l"": 24.021, ""sup"": 24, ""chi_bits0"": 8, ""mps_l0"": 27.252, ""hsf_keff"": 0, ""hsf_l0"": 24.021, ""sparse_l"": 29.9069, ""sv_l"": 29.9069, ""feat_secs"": 0.003426, ""feat_secs_frame"": 0.000265, ""feat_secs_hsf"": 0.003134}"
brick,"brick:n=24,D=1,nn=0",1,"{""n"": 24.0, ""D"": 1.0, ""nn"": 0.0}",dense,ok,1.636881,1.6413,606765056,4.558466920487065e-12,24,4.558467273147248e-12,3.526601823558578e-19,switched_at=Some(120) dense_qubits=24 peak_terms=1 term_visits=0 dense_ops=905969659,"{""n"": 24, ""gates"": 60, ""g2"": 12, ""g3"": 0, ""depth2"": 1, ""t_count"": 0, ""rotations"": 144, ""d"": 24, ""dense_l"": 30.2668, ""redundant"": 120, ""obs_zero"": false, ""frame_l"": 55.1699, ""chi_bits"": 8, ""mps_l"": 27.252, ""hsf_k"": 0, ""hsf_na"": 12, ""hsf_nb"": 12, ""hsf_l"": 24.021, ""sup"": 24, ""chi_bits0"": 8, ""mps_l0"": 27.252, ""hsf_keff"": 0, ""hsf_l0"": 24.021, ""sparse_l"": 29.9069, ""sv_l"": 29.9069, ""feat_secs"": 0.003426, ""feat_secs_frame"": 0.000265, ""feat_secs_hsf"": 0.003134}"
brick,"brick:n=24,D=1,nn=0",1,"{""n"": 24.0, ""D"": 1.0, ""nn"": 0.0}",auto,ok,1.601248,1.6068,606846976,4.55846751710066e-12,24,4.558467273147248e-12,2.4395341245633667e-19,switched_at=Some(116) dense_qubits=24 peak_terms=4 term_visits=6 dense_ops=889192443,"{""n"": 24, ""gates"": 60, ""g2"": 12, ""g3"": 0, ""depth2"": 1, ""t_count"": 0, ""rotations"": 144, ""d"": 24, ""dense_l"": 30.2668, ""redundant"": 120, ""obs_zero"": false, ""frame_l"": 55.1699, ""chi_bits"": 8, ""mps_l"": 27.252, ""hsf_k"": 0, ""hsf_na"": 12, ""hsf_nb"": 12, ""hsf_l"": 24.021, ""sup"": 24, ""chi_bits0"": 8, ""mps_l0"": 27.252, ""hsf_keff"": 0, ""hsf_l0"": 24.021, ""sparse_l"": 29.9069, ""sv_l"": 29.9069, ""feat_secs"": 0.003426, ""feat_secs_frame"": 0.000265, ""feat_secs_hsf"": 0.003134}"
brick,"brick:n=24,D=2,nn=0",1,"{""n"": 24.0, ""D"": 2.0, ""nn"": 0.0}",sv,ok,1.219514,1.2240,272400384,-1.543020314855415e-06,16777216,-1.543020314855415e-06,0.0,,"{""n"": 24, ""gates"": 96, ""g2"": 24, ""g3"": 0, ""depth2"": 2, ""t_count"": 0, ""rotations"": 216, ""d"": 24, ""dense_l"": 31.2192, ""redundant"": 192, ""obs_zero"": false, ""frame_l"": 55.7549, ""chi_bits"": 10, ""mps_l"": 34.7963, ""hsf_k"": 0, ""hsf_na"": 12, ""hsf_nb"": 12, ""hsf_l"": 24.0334, ""sup"": 24, ""chi_bits0"": 10, ""mps_l0"": 34.7963, ""hsf_keff"": 0, ""hsf_l0"": 24.0334, ""sparse_l"": 30.585, ""sv_l"": 30.585, ""feat_secs"": 0.005452, ""feat_secs_frame"": 0.000467, ""feat_secs_hsf"": 0.004949}"
brick,"brick:n=24,D=2,nn=0",1,"{""n"": 24.0, ""D"": 2.0, ""nn"": 0.0}",sparse,skipped,,,,,,-1.543020314855415e-06,,,"{""n"": 24, ""gates"": 96, ""g2"": 24, ""g3"": 0, ""depth2"": 2, ""t_count"": 0, ""rotations"": 216, ""d"": 24, ""dense_l"": 31.2192, ""redundant"": 192, ""obs_zero"": false, ""frame_l"": 55.7549, ""chi_bits"": 10, ""mps_l"": 34.7963, ""hsf_k"": 0, ""hsf_na"": 12, ""hsf_nb"": 12, ""hsf_l"": 24.0334, ""sup"": 24, ""chi_bits0"": 10, ""mps_l0"": 34.7963, ""hsf_keff"": 0, ""hsf_l0"": 24.0334, ""sparse_l"": 30.585, ""sv_l"": 30.585, ""feat_secs"": 0.005452, ""feat_secs_frame"": 0.000467, ""feat_secs_hsf"": 0.004949}"
brick,"brick:n=24,D=2,nn=0",1,"{""n"": 24.0, ""D"": 2.0, ""nn"": 0.0}",mps,ok,1.539271,1.5449,29409280,-1.541110326998887e-06,256,-1.543020314855415e-06,1.909987856528029e-09,,"{""n"": 24, ""gates"": 96, ""g2"": 24, ""g3"": 0, ""depth2"": 2, ""t_count"": 0, ""rotations"": 216, ""d"": 24, ""dense_l"": 31.2192, ""redundant"": 192, ""obs_zero"": false, ""frame_l"": 55.7549, ""chi_bits"": 10, ""mps_l"": 34.7963, ""hsf_k"": 0, ""hsf_na"": 12, ""hsf_nb"": 12, ""hsf_l"": 24.0334, ""sup"": 24, ""chi_bits0"": 10, ""mps_l0"": 34.7963, ""hsf_keff"": 0, ""hsf_l0"": 24.0334, ""sparse_l"": 30.585, ""sv_l"": 30.585, ""feat_secs"": 0.005452, ""feat_secs_frame"": 0.000467, ""feat_secs_hsf"": 0.004949}"
brick,"brick:n=24,D=2,nn=0",1,"{""n"": 24.0, ""D"": 2.0, ""nn"": 0.0}",hsf,ok,0.301273,0.3061,271286272,-1.543020314857349e-06,1,-1.543020314855415e-06,1.9339879768183812e-18,,"{""n"": 24, ""gates"": 96, ""g2"": 24, ""g3"": 0, ""depth2"": 2, ""t_count"": 0, ""rotations"": 216, ""d"": 24, ""dense_l"": 31.2192, ""redundant"": 192, ""obs_zero"": false, ""frame_l"": 55.7549, ""chi_bits"": 10, ""mps_l"": 34.7963, ""hsf_k"": 0, ""hsf_na"": 12, ""hsf_nb"": 12, ""hsf_l"": 24.0334, ""sup"": 24, ""chi_bits0"": 10, ""mps_l0"": 34.7963, ""hsf_keff"": 0, ""hsf_l0"": 24.0334, ""sparse_l"": 30.585, ""sv_l"": 30.585, ""feat_secs"": 0.005452, ""feat_secs_frame"": 0.000467, ""feat_secs_hsf"": 0.004949}"
brick,"brick:n=24,D=2,nn=0",1,"{""n"": 24.0, ""D"": 2.0, ""nn"": 0.0}",tableau,na,,0.0065,1851392,,,-1.543020314855415e-06,,"TooLarge { what: ""tableau (non-Clifford circuit)"", bytes: 0, limit: 0 }","{""n"": 24, ""gates"": 96, ""g2"": 24, ""g3"": 0, ""depth2"": 2, ""t_count"": 0, ""rotations"": 216, ""d"": 24, ""dense_l"": 31.2192, ""redundant"": 192, ""obs_zero"": false, ""frame_l"": 55.7549, ""chi_bits"": 10, ""mps_l"": 34.7963, ""hsf_k"": 0, ""hsf_na"": 12, ""hsf_nb"": 12, ""hsf_l"": 24.0334, ""sup"": 24, ""chi_bits0"": 10, ""mps_l0"": 34.7963, ""hsf_keff"": 0, ""hsf_l0"": 24.0334, ""sparse_l"": 30.585, ""sv_l"": 30.585, ""feat_secs"": 0.005452, ""feat_secs_frame"": 0.000467, ""feat_secs_hsf"": 0.004949}"
brick,"brick:n=24,D=2,nn=0",1,"{""n"": 24.0, ""D"": 2.0, ""nn"": 0.0}",frame,skipped,,,,,,-1.543020314855415e-06,,,"{""n"": 24, ""gates"": 96, ""g2"": 24, ""g3"": 0, ""depth2"": 2, ""t_count"": 0, ""rotations"": 216, ""d"": 24, ""dense_l"": 31.2192, ""redundant"": 192, ""obs_zero"": false, ""frame_l"": 55.7549, ""chi_bits"": 10, ""mps_l"": 34.7963, ""hsf_k"": 0, ""hsf_na"": 12, ""hsf_nb"": 12, ""hsf_l"": 24.0334, ""sup"": 24, ""chi_bits0"": 10, ""mps_l0"": 34.7963, ""hsf_keff"": 0, ""hsf_l0"": 24.0334, ""sparse_l"": 30.585, ""sv_l"": 30.585, ""feat_secs"": 0.005452, ""feat_secs_frame"": 0.000467, ""feat_secs_hsf"": 0.004949}"
brick,"brick:n=24,D=2,nn=0",1,"{""n"": 24.0, ""D"": 2.0, ""nn"": 0.0}",dense,ok,3.194445,3.1997,608157696,-1.543020314855471e-06,24,-1.543020314855415e-06,5.590417451878382e-20,switched_at=Some(168) dense_qubits=24 peak_terms=1 term_visits=0 dense_ops=1711276027,"{""n"": 24, ""gates"": 96, ""g2"": 24, ""g3"": 0, ""depth2"": 2, ""t_count"": 0, ""rotations"": 216, ""d"": 24, ""dense_l"": 31.2192, ""redundant"": 192, ""obs_zero"": false, ""frame_l"": 55.7549, ""chi_bits"": 10, ""mps_l"": 34.7963, ""hsf_k"": 0, ""hsf_na"": 12, ""hsf_nb"": 12, ""hsf_l"": 24.0334, ""sup"": 24, ""chi_bits0"": 10, ""mps_l0"": 34.7963, ""hsf_keff"": 0, ""hsf_l0"": 24.0334, ""sparse_l"": 30.585, ""sv_l"": 30.585, ""feat_secs"": 0.005452, ""feat_secs_frame"": 0.000467, ""feat_secs_hsf"": 0.004949}"
brick,"brick:n=24,D=2,nn=0",1,"{""n"": 24.0, ""D"": 2.0, ""nn"": 0.0}",auto,ok,3.173947,3.1787,608206848,-1.54302031485972e-06,24,-1.543020314855415e-06,4.304833196183168e-18,switched_at=Some(164) dense_qubits=24 peak_terms=4 term_visits=6 dense_ops=1694498811,"{""n"": 24, ""gates"": 96, ""g2"": 24, ""g3"": 0, ""depth2"": 2, ""t_count"": 0, ""rotations"": 216, ""d"": 24, ""dense_l"": 31.2192, ""redundant"": 192, ""obs_zero"": false, ""frame_l"": 55.7549, ""chi_bits"": 10, ""mps_l"": 34.7963, ""hsf_k"": 0, ""hsf_na"": 12, ""hsf_nb"": 12, ""hsf_l"": 24.0334, ""sup"": 24, ""chi_bits0"": 10, ""mps_l0"": 34.7963, ""hsf_keff"": 0, ""hsf_l0"": 24.0334, ""sparse_l"": 30.585, ""sv_l"": 30.585, ""feat_secs"": 0.005452, ""feat_secs_frame"": 0.000467, ""feat_secs_hsf"": 0.004949}"
brick,"brick:n=24,D=3,nn=0",1,"{""n"": 24.0, ""D"": 3.0, ""nn"": 0.0}",sv,ok,1.64952,1.6539,272384000,-9.240065419087313e-05,16777216,-9.240065419087313e-05,0.0,,"{""n"": 24, ""gates"": 132, ""g2"": 36, ""g3"": 0, ""depth2"": 3, ""t_count"": 0, ""rotations"": 288, ""d"": 24, ""dense_l"": 31.7879, ""redundant"": 264, ""obs_zero"": false, ""frame_l"": 56.1699, ""chi_bits"": 12, ""mps_l"": 40.8285, ""hsf_k"": 5, ""hsf_na"": 11, ""hsf_nb"": 13, ""hsf_l"": 29.0901, ""sup"": 24, ""chi_bits0"": 12, ""mps_l0"": 40.8285, ""hsf_keff"": 5, ""hsf_l0"": 29.0901, ""sparse_l"": 31.0444, ""sv_l"": 31.0444, ""feat_secs"": 0.00758, ""feat_secs_frame"": 0.000571, ""feat_secs_hsf"": 0.006959}"
brick,"brick:n=24,D=3,nn=0",1,"{""n"": 24.0, ""D"": 3.0, ""nn"": 0.0}",sparse,skipped,,,,,,-9.240065419087313e-05,,,"{""n"": 24, ""gates"": 132, ""g2"": 36, ""g3"": 0, ""depth2"": 3, ""t_count"": 0, ""rotations"": 288, ""d"": 24, ""dense_l"": 31.7879, ""redundant"": 264, ""obs_zero"": false, ""frame_l"": 56.1699, ""chi_bits"": 12, ""mps_l"": 40.8285, ""hsf_k"": 5, ""hsf_na"": 11, ""hsf_nb"": 13, ""hsf_l"": 29.0901, ""sup"": 24, ""chi_bits0"": 12, ""mps_l0"": 40.8285, ""hsf_keff"": 5, ""hsf_l0"": 29.0901, ""sparse_l"": 31.0444, ""sv_l"": 31.0444, ""feat_secs"": 0.00758, ""feat_secs_frame"": 0.000571, ""feat_secs_hsf"": 0.006959}"
brick,"brick:n=24,D=3,nn=0",1,"{""n"": 24.0, ""D"": 3.0, ""nn"": 0.0}",mps,timeout,,10.0030,128286720,,,-9.240065419087313e-05,,timeout,"{""n"": 24, ""gates"": 132, ""g2"": 36, ""g3"": 0, ""depth2"": 3, ""t_count"": 0, ""rotations"": 288, ""d"": 24, ""dense_l"": 31.7879, ""redundant"": 264, ""obs_zero"": false, ""frame_l"": 56.1699, ""chi_bits"": 12, ""mps_l"": 40.8285, ""hsf_k"": 5, ""hsf_na"": 11, ""hsf_nb"": 13, ""hsf_l"": 29.0901, ""sup"": 24, ""chi_bits0"": 12, ""mps_l0"": 40.8285, ""hsf_keff"": 5, ""hsf_l0"": 29.0901, ""sparse_l"": 31.0444, ""sv_l"": 31.0444, ""feat_secs"": 0.00758, ""feat_secs_frame"": 0.000571, ""feat_secs_hsf"": 0.006959}"
brick,"brick:n=24,D=3,nn=0",1,"{""n"": 24.0, ""D"": 3.0, ""nn"": 0.0}",hsf,ok,0.337509,0.3430,281247744,-9.240065419087481e-05,32,-9.240065419087313e-05,1.6805133673525319e-18,,"{""n"": 24, ""gates"": 132, ""g2"": 36, ""g3"": 0, ""depth2"": 3, ""t_count"": 0, ""rotations"": 288, ""d"": 24, ""dense_l"": 31.7879, ""redundant"": 264, ""obs_zero"": false, ""frame_l"": 56.1699, ""chi_bits"": 12, ""mps_l"": 40.8285, ""hsf_k"": 5, ""hsf_na"": 11, ""hsf_nb"": 13, ""hsf_l"": 29.0901, ""sup"": 24, ""chi_bits0"": 12, ""mps_l0"": 40.8285, ""hsf_keff"": 5, ""hsf_l0"": 29.0901, ""sparse_l"": 31.0444, ""sv_l"": 31.0444, ""feat_secs"": 0.00758, ""feat_secs_frame"": 0.000571, ""feat_secs_hsf"": 0.006959}"
brick,"brick:n=24,D=3,nn=0",1,"{""n"": 24.0, ""D"": 3.0, ""nn"": 0.0}",tableau,na,,0.0046,1884160,,,-9.240065419087313e-05,,"TooLarge { what: ""tableau (non-Clifford circuit)"", bytes: 0, limit: 0 }","{""n"": 24, ""gates"": 132, ""g2"": 36, ""g3"": 0, ""depth2"": 3, ""t_count"": 0, ""rotations"": 288, ""d"": 24, ""dense_l"": 31.7879, ""redundant"": 264, ""obs_zero"": false, ""frame_l"": 56.1699, ""chi_bits"": 12, ""mps_l"": 40.8285, ""hsf_k"": 5, ""hsf_na"": 11, ""hsf_nb"": 13, ""hsf_l"": 29.0901, ""sup"": 24, ""chi_bits0"": 12, ""mps_l0"": 40.8285, ""hsf_keff"": 5, ""hsf_l0"": 29.0901, ""sparse_l"": 31.0444, ""sv_l"": 31.0444, ""feat_secs"": 0.00758, ""feat_secs_frame"": 0.000571, ""feat_secs_hsf"": 0.006959}"
brick,"brick:n=24,D=3,nn=0",1,"{""n"": 24.0, ""D"": 3.0, ""nn"": 0.0}",frame,skipped,,,,,,-9.240065419087313e-05,,,"{""n"": 24, ""gates"": 132, ""g2"": 36, ""g3"": 0, ""depth2"": 3, ""t_count"": 0, ""rotations"": 288, ""d"": 24, ""dense_l"": 31.7879, ""redundant"": 264, ""obs_zero"": false, ""frame_l"": 56.1699, ""chi_bits"": 12, ""mps_l"": 40.8285, ""hsf_k"": 5, ""hsf_na"": 11, ""hsf_nb"": 13, ""hsf_l"": 29.0901, ""sup"": 24, ""chi_bits0"": 12, ""mps_l0"": 40.8285, ""hsf_keff"": 5, ""hsf_l0"": 29.0901, ""sparse_l"": 31.0444, ""sv_l"": 31.0444, ""feat_secs"": 0.00758, ""feat_secs_frame"": 0.000571, ""feat_secs_hsf"": 0.006959}"
brick,"brick:n=24,D=3,nn=0",1,"{""n"": 24.0, ""D"": 3.0, ""nn"": 0.0}",dense,ok,4.692304,4.6970,608174080,-9.240065419087679e-05,24,-9.240065419087313e-05,3.6591823321385775e-18,switched_at=Some(216) dense_qubits=24 peak_terms=1 term_visits=0 dense_ops=2516582395,"{""n"": 24, ""gates"": 132, ""g2"": 36, ""g3"": 0, ""depth2"": 3, ""t_count"": 0, ""rotations"": 288, ""d"": 24, ""dense_l"": 31.7879, ""redundant"": 264, ""obs_zero"": false, ""frame_l"": 56.1699, ""chi_bits"": 12, ""mps_l"": 40.8285, ""hsf_k"": 5, ""hsf_na"": 11, ""hsf_nb"": 13, ""hsf_l"": 29.0901, ""sup"": 24, ""chi_bits0"": 12, ""mps_l0"": 40.8285, ""hsf_keff"": 5, ""hsf_l0"": 29.0901, ""sparse_l"": 31.0444, ""sv_l"": 31.0444, ""feat_secs"": 0.00758, ""feat_secs_frame"": 0.000571, ""feat_secs_hsf"": 0.006959}"
brick,"brick:n=24,D=3,nn=0",1,"{""n"": 24.0, ""D"": 3.0, ""nn"": 0.0}",auto,ok,4.634613,4.6412,608288768,-9.240065419086711e-05,24,-9.240065419087313e-05,6.0173220572945496e-18,switched_at=Some(212) dense_qubits=24 peak_terms=4 term_visits=6 dense_ops=2499805179,"{""n"": 24, ""gates"": 132, ""g2"": 36, ""g3"": 0, ""depth2"": 3, ""t_count"": 0, ""rotations"": 288, ""d"": 24, ""dense_l"": 31.7879, ""redundant"": 264, ""obs_zero"": false, ""frame_l"": 56.1699, ""chi_bits"": 12, ""mps_l"": 40.8285, ""hsf_k"": 5, ""hsf_na"": 11, ""hsf_nb"": 13, ""hsf_l"": 29.0901, ""sup"": 24, ""chi_bits0"": 12, ""mps_l0"": 40.8285, ""hsf_keff"": 5, ""hsf_l0"": 29.0901, ""sparse_l"": 31.0444, ""sv_l"": 31.0444, ""feat_secs"": 0.00758, ""feat_secs_frame"": 0.000571, ""feat_secs_hsf"": 0.006959}"
brick,"brick:n=24,D=4,nn=0",1,"{""n"": 24.0, ""D"": 4.0, ""nn"": 0.0}",sv,ok,2.054836,2.0606,272465920,-0.0001531558021112767,16777216,-0.0001531558021112767,0.0,,"{""n"": 24, ""gates"": 168, ""g2"": 48, ""g3"": 0, ""depth2"": 4, ""t_count"": 0, ""rotations"": 360, ""d"": 24, ""dense_l"": 32.1948, ""redundant"": 336, ""obs_zero"": false, ""frame_l"": 56.4919, ""chi_bits"": 12, ""mps_l"": 42.475, ""hsf_k"": 8, ""hsf_na"": 10, ""hsf_nb"": 14, ""hsf_l"": 32.2192, ""sup"": 24, ""chi_bits0"": 12, ""mps_l0"": 42.475, ""hsf_keff"": 8, ""hsf_l0"": 32.2192, ""sparse_l"": 31.3923, ""sv_l"": 31.3923, ""feat_secs"": 0.00936, ""feat_secs_frame"": 0.000794, ""feat_secs_hsf"": 0.008499}"
brick,"brick:n=24,D=4,nn=0",1,"{""n"": 24.0, ""D"": 4.0, ""nn"": 0.0}",sparse,skipped,,,,,,-0.0001531558021112767,,,"{""n"": 24, ""gates"": 168, ""g2"": 48, ""g3"": 0, ""depth2"": 4, ""t_count"": 0, ""rotations"": 360, ""d"": 24, ""dense_l"": 32.1948, ""redundant"": 336, ""obs_zero"": false, ""frame_l"": 56.4919, ""chi_bits"": 12, ""mps_l"": 42.475, ""hsf_k"": 8, ""hsf_na"": 10, ""hsf_nb"": 14, ""hsf_l"": 32.2192, ""sup"": 24, ""chi_bits0"": 12, ""mps_l0"": 42.475, ""hsf_keff"": 8, ""hsf_l0"": 32.2192, ""sparse_l"": 31.3923, ""sv_l"": 31.3923, ""feat_secs"": 0.00936, ""feat_secs_frame"": 0.000794, ""feat_secs_hsf"": 0.008499}"
brick,"brick:n=24,D=4,nn=0",1,"{""n"": 24.0, ""D"": 4.0, ""nn"": 0.0}",mps,skipped,,,,,,-0.0001531558021112767,,,"{""n"": 24, ""gates"": 168, ""g2"": 48, ""g3"": 0, ""depth2"": 4, ""t_count"": 0, ""rotations"": 360, ""d"": 24, ""dense_l"": 32.1948, ""redundant"": 336, ""obs_zero"": false, ""frame_l"": 56.4919, ""chi_bits"": 12, ""mps_l"": 42.475, ""hsf_k"": 8, ""hsf_na"": 10, ""hsf_nb"": 14, ""hsf_l"": 32.2192, ""sup"": 24, ""chi_bits0"": 12, ""mps_l0"": 42.475, ""hsf_keff"": 8, ""hsf_l0"": 32.2192, ""sparse_l"": 31.3923, ""sv_l"": 31.3923, ""feat_secs"": 0.00936, ""feat_secs_frame"": 0.000794, ""feat_secs_hsf"": 0.008499}"
brick,"brick:n=24,D=4,nn=0",1,"{""n"": 24.0, ""D"": 4.0, ""nn"": 0.0}",hsf,ok,1.36259,1.3676,308002816,-0.0001531558021112785,256,-0.0001531558021112767,1.7889335846010823e-18,,"{""n"": 24, ""gates"": 168, ""g2"": 48, ""g3"": 0, ""depth2"": 4, ""t_count"": 0, ""rotations"": 360, ""d"": 24, ""dense_l"": 32.1948, ""redundant"": 336, ""obs_zero"": false, ""frame_l"": 56.4919, ""chi_bits"": 12, ""mps_l"": 42.475, ""hsf_k"": 8, ""hsf_na"": 10, ""hsf_nb"": 14, ""hsf_l"": 32.2192, ""sup"": 24, ""chi_bits0"": 12, ""mps_l0"": 42.475, ""hsf_keff"": 8, ""hsf_l0"": 32.2192, ""sparse_l"": 31.3923, ""sv_l"": 31.3923, ""feat_secs"": 0.00936, ""feat_secs_frame"": 0.000794, ""feat_secs_hsf"": 0.008499}"
brick,"brick:n=24,D=4,nn=0",1,"{""n"": 24.0, ""D"": 4.0, ""nn"": 0.0}",tableau,na,,0.0043,1884160,,,-0.0001531558021112767,,"TooLarge { what: ""tableau (non-Clifford circuit)"", bytes: 0, limit: 0 }","{""n"": 24, ""gates"": 168, ""g2"": 48, ""g3"": 0, ""depth2"": 4, ""t_count"": 0, ""rotations"": 360, ""d"": 24, ""dense_l"": 32.1948, ""redundant"": 336, ""obs_zero"": false, ""frame_l"": 56.4919, ""chi_bits"": 12, ""mps_l"": 42.475, ""hsf_k"": 8, ""hsf_na"": 10, ""hsf_nb"": 14, ""hsf_l"": 32.2192, ""sup"": 24, ""chi_bits0"": 12, ""mps_l0"": 42.475, ""hsf_keff"": 8, ""hsf_l0"": 32.2192, ""sparse_l"": 31.3923, ""sv_l"": 31.3923, ""feat_secs"": 0.00936, ""feat_secs_frame"": 0.000794, ""feat_secs_hsf"": 0.008499}"
brick,"brick:n=24,D=4,nn=0",1,"{""n"": 24.0, ""D"": 4.0, ""nn"": 0.0}",frame,skipped,,,,,,-0.0001531558021112767,,,"{""n"": 24, ""gates"": 168, ""g2"": 48, ""g3"": 0, ""depth2"": 4, ""t_count"": 0, ""rotations"": 360, ""d"": 24, ""dense_l"": 32.1948, ""redundant"": 336, ""obs_zero"": false, ""frame_l"": 56.4919, ""chi_bits"": 12, ""mps_l"": 42.475, ""hsf_k"": 8, ""hsf_na"": 10, ""hsf_nb"": 14, ""hsf_l"": 32.2192, ""sup"": 24, ""chi_bits0"": 12, ""mps_l0"": 42.475, ""hsf_keff"": 8, ""hsf_l0"": 32.2192, ""sparse_l"": 31.3923, ""sv_l"": 31.3923, ""feat_secs"": 0.00936, ""feat_secs_frame"": 0.000794, ""feat_secs_hsf"": 0.008499}"
brick,"brick:n=24,D=4,nn=0",1,"{""n"": 24.0, ""D"": 4.0, ""nn"": 0.0}",dense,ok,6.281015,6.2859,608223232,-0.0001531558021112659,24,-0.0001531558021112767,1.0814916670542907e-17,switched_at=Some(264) dense_qubits=24 peak_terms=1 term_visits=0 dense_ops=3321888763,"{""n"": 24, ""gates"": 168, ""g2"": 48, ""g3"": 0, ""depth2"": 4, ""t_count"": 0, ""rotations"": 360, ""d"": 24, ""dense_l"": 32.1948, ""redundant"": 336, ""obs_zero"": false, ""frame_l"": 56.4919, ""chi_bits"": 12, ""mps_l"": 42.475, ""hsf_k"": 8, ""hsf_na"": 10, ""hsf_nb"": 14, ""hsf_l"": 32.2192, ""sup"": 24, ""chi_bits0"": 12, ""mps_l0"": 42.475, ""hsf_keff"": 8, ""hsf_l0"": 32.2192, ""sparse_l"": 31.3923, ""sv_l"": 31.3923, ""feat_secs"": 0.00936, ""feat_secs_frame"": 0.000794, ""feat_secs_hsf"": 0.008499}"
brick,"brick:n=24,D=4,nn=0",1,"{""n"": 24.0, ""D"": 4.0, ""nn"": 0.0}",auto,ok,6.71886,6.7254,608305152,-0.0001531558021112604,24,-0.0001531558021112767,1.6317242695906842e-17,switched_at=Some(260) dense_qubits=24 peak_terms=4 term_visits=6 dense_ops=3305111547,"{""n"": 24, ""gates"": 168, ""g2"": 48, ""g3"": 0, ""depth2"": 4, ""t_count"": 0, ""rotations"": 360, ""d"": 24, ""dense_l"": 32.1948, ""redundant"": 336, ""obs_zero"": false, ""frame_l"": 56.4919, ""chi_bits"": 12, ""mps_l"": 42.475, ""hsf_k"": 8, ""hsf_na"": 10, ""hsf_nb"": 14, ""hsf_l"": 32.2192, ""sup"": 24, ""chi_bits0"": 12, ""mps_l0"": 42.475, ""hsf_keff"": 8, ""hsf_l0"": 32.2192, ""sparse_l"": 31.3923, ""sv_l"": 31.3923, ""feat_secs"": 0.00936, ""feat_secs_frame"": 0.000794, ""feat_secs_hsf"": 0.008499}"
brick,"brick:n=24,D=6,nn=0",1,"{""n"": 24.0, ""D"": 6.0, ""nn"": 0.0}",sv,ok,3.240368,3.2471,272613376,-0.0006824211068258338,16777216,-0.0006824211068258338,0.0,,"{""n"": 24, ""gates"": 240, ""g2"": 72, ""g3"": 0, ""depth2"": 6, ""t_count"": 0, ""rotations"": 504, ""d"": 24, ""dense_l"": 32.7715, ""redundant"": 480, ""obs_zero"": false, ""frame_l"": 56.9773, ""chi_bits"": 12, ""mps_l"": 44.3077, ""hsf_k"": 16, ""hsf_na"": 12, ""hsf_nb"": 12, ""hsf_l"": 40.0821, ""sup"": 24, ""chi_bits0"": 12, ""mps_l0"": 44.3077, ""hsf_keff"": 16, ""hsf_l0"": 40.0821, ""sparse_l"": 31.9069, ""sv_l"": 31.9069, ""feat_secs"": 0.016415, ""feat_secs_frame"": 0.000968, ""feat_secs_hsf"": 0.015371}"
brick,"brick:n=24,D=6,nn=0",1,"{""n"": 24.0, ""D"": 6.0, ""nn"": 0.0}",sparse,skipped,,,,,,-0.0006824211068258338,,,"{""n"": 24, ""gates"": 240, ""g2"": 72, ""g3"": 0, ""depth2"": 6, ""t_count"": 0, ""rotations"": 504, ""d"": 24, ""dense_l"": 32.7715, ""redundant"": 480, ""obs_zero"": false, ""frame_l"": 56.9773, ""chi_bits"": 12, ""mps_l"": 44.3077, ""hsf_k"": 16, ""hsf_na"": 12, ""hsf_nb"": 12, ""hsf_l"": 40.0821, ""sup"": 24, ""chi_bits0"": 12, ""mps_l0"": 44.3077, ""hsf_keff"": 16, ""hsf_l0"": 40.0821, ""sparse_l"": 31.9069, ""sv_l"": 31.9069, ""feat_secs"": 0.016415, ""feat_secs_frame"": 0.000968, ""feat_secs_hsf"": 0.015371}"
brick,"brick:n=24,D=6,nn=0",1,"{""n"": 24.0, ""D"": 6.0, ""nn"": 0.0}",mps,skipped,,,,,,-0.0006824211068258338,,,"{""n"": 24, ""gates"": 240, ""g2"": 72, ""g3"": 0, ""depth2"": 6, ""t_count"": 0, ""rotations"": 504, ""d"": 24, ""dense_l"": 32.7715, ""redundant"": 480, ""obs_zero"": false, ""frame_l"": 56.9773, ""chi_bits"": 12, ""mps_l"": 44.3077, ""hsf_k"": 16, ""hsf_na"": 12, ""hsf_nb"": 12, ""hsf_l"": 40.0821, ""sup"": 24, ""chi_bits0"": 12, ""mps_l0"": 44.3077, ""hsf_keff"": 16, ""hsf_l0"": 40.0821, ""sparse_l"": 31.9069, ""sv_l"": 31.9069, ""feat_secs"": 0.016415, ""feat_secs_frame"": 0.000968, ""feat_secs_hsf"": 0.015371}"
brick,"brick:n=24,D=6,nn=0",1,"{""n"": 24.0, ""D"": 6.0, ""nn"": 0.0}",hsf,timeout,,10.0053,285786112,,,-0.0006824211068258338,,timeout,"{""n"": 24, ""gates"": 240, ""g2"": 72, ""g3"": 0, ""depth2"": 6, ""t_count"": 0, ""rotations"": 504, ""d"": 24, ""dense_l"": 32.7715, ""redundant"": 480, ""obs_zero"": false, ""frame_l"": 56.9773, ""chi_bits"": 12, ""mps_l"": 44.3077, ""hsf_k"": 16, ""hsf_na"": 12, ""hsf_nb"": 12, ""hsf_l"": 40.0821, ""sup"": 24, ""chi_bits0"": 12, ""mps_l0"": 44.3077, ""hsf_keff"": 16, ""hsf_l0"": 40.0821, ""sparse_l"": 31.9069, ""sv_l"": 31.9069, ""feat_secs"": 0.016415, ""feat_secs_frame"": 0.000968, ""feat_secs_hsf"": 0.015371}"
brick,"brick:n=24,D=6,nn=0",1,"{""n"": 24.0, ""D"": 6.0, ""nn"": 0.0}",tableau,na,,0.0045,1867776,,,-0.0006824211068258338,,"TooLarge { what: ""tableau (non-Clifford circuit)"", bytes: 0, limit: 0 }","{""n"": 24, ""gates"": 240, ""g2"": 72, ""g3"": 0, ""depth2"": 6, ""t_count"": 0, ""rotations"": 504, ""d"": 24, ""dense_l"": 32.7715, ""redundant"": 480, ""obs_zero"": false, ""frame_l"": 56.9773, ""chi_bits"": 12, ""mps_l"": 44.3077, ""hsf_k"": 16, ""hsf_na"": 12, ""hsf_nb"": 12, ""hsf_l"": 40.0821, ""sup"": 24, ""chi_bits0"": 12, ""mps_l0"": 44.3077, ""hsf_keff"": 16, ""hsf_l0"": 40.0821, ""sparse_l"": 31.9069, ""sv_l"": 31.9069, ""feat_secs"": 0.016415, ""feat_secs_frame"": 0.000968, ""feat_secs_hsf"": 0.015371}"
brick,"brick:n=24,D=6,nn=0",1,"{""n"": 24.0, ""D"": 6.0, ""nn"": 0.0}",frame,skipped,,,,,,-0.0006824211068258338,,,"{""n"": 24, ""gates"": 240, ""g2"": 72, ""g3"": 0, ""depth2"": 6, ""t_count"": 0, ""rotations"": 504, ""d"": 24, ""dense_l"": 32.7715, ""redundant"": 480, ""obs_zero"": false, ""frame_l"": 56.9773, ""chi_bits"": 12, ""mps_l"": 44.3077, ""hsf_k"": 16, ""hsf_na"": 12, ""hsf_nb"": 12, ""hsf_l"": 40.0821, ""sup"": 24, ""chi_bits0"": 12, ""mps_l0"": 44.3077, ""hsf_keff"": 16, ""hsf_l0"": 40.0821, ""sparse_l"": 31.9069, ""sv_l"": 31.9069, ""feat_secs"": 0.016415, ""feat_secs_frame"": 0.000968, ""feat_secs_hsf"": 0.015371}"
brick,"brick:n=24,D=6,nn=0",1,"{""n"": 24.0, ""D"": 6.0, ""nn"": 0.0}",dense,ok,8.995205,9.0006,608190464,-0.0006824211068258397,24,-0.0006824211068258338,5.9631119486702744e-18,switched_at=Some(360) dense_qubits=24 peak_terms=1 term_visits=0 dense_ops=4932501499,"{""n"": 24, ""gates"": 240, ""g2"": 72, ""g3"": 0, ""depth2"": 6, ""t_count"": 0, ""rotations"": 504, ""d"": 24, ""dense_l"": 32.7715, ""redundant"": 480, ""obs_zero"": false, ""frame_l"": 56.9773, ""chi_bits"": 12, ""mps_l"": 44.3077, ""hsf_k"": 16, ""hsf_na"": 12, ""hsf_nb"": 12, ""hsf_l"": 40.0821, ""sup"": 24, ""chi_bits0"": 12, ""mps_l0"": 44.3077, ""hsf_keff"": 16, ""hsf_l0"": 40.0821, ""sparse_l"": 31.9069, ""sv_l"": 31.9069, ""feat_secs"": 0.016415, ""feat_secs_frame"": 0.000968, ""feat_secs_hsf"": 0.015371}"
brick,"brick:n=24,D=6,nn=0",1,"{""n"": 24.0, ""D"": 6.0, ""nn"": 0.0}",auto,ok,8.973394,8.9779,608288768,-0.0006824211068258334,24,-0.0006824211068258338,3.2526065174565133e-19,switched_at=Some(356) dense_qubits=24 peak_terms=4 term_visits=6 dense_ops=4915724283,"{""n"": 24, ""gates"": 240, ""g2"": 72, ""g3"": 0, ""depth2"": 6, ""t_count"": 0, ""rotations"": 504, ""d"": 24, ""dense_l"": 32.7715, ""redundant"": 480, ""obs_zero"": false, ""frame_l"": 56.9773, ""chi_bits"": 12, ""mps_l"": 44.3077, ""hsf_k"": 16, ""hsf_na"": 12, ""hsf_nb"": 12, ""hsf_l"": 40.0821, ""sup"": 24, ""chi_bits0"": 12, ""mps_l0"": 44.3077, ""hsf_keff"": 16, ""hsf_l0"": 40.0821, ""sparse_l"": 31.9069, ""sv_l"": 31.9069, ""feat_secs"": 0.016415, ""feat_secs_frame"": 0.000968, ""feat_secs_hsf"": 0.015371}"
brick,"brick:n=12,D=1,nn=1",1,"{""n"": 12.0, ""D"": 1.0, ""nn"": 1.0}",cstate,ok,0.000282,0.0071,2080768,6.484796492315856e-07,12,6.484796492320193e-07,4.336808689942018e-19,,"{""n"": 12, ""gates"": 30, ""g2"": 6, ""g3"": 0, ""depth2"": 1, ""t_count"": 0, ""rotations"": 72, ""d"": 12, ""dense_l"": 17.3575, ""redundant"": 60, ""obs_zero"": false, ""frame_l"": 30.1699, ""chi_bits"": 1, ""mps_l"": 6.7549, ""hsf_k"": 0, ""hsf_na"": 6, ""hsf_nb"": 6, ""hsf_l"": 12.5546, ""sup"": 12, ""chi_bits0"": 1, ""mps_l0"": 6.7549, ""hsf_keff"": 0, ""hsf_l0"": 12.5546, ""sparse_l"": 16.9069, ""sv_l"": 16.9069, ""feat_secs"": 0.000838, ""feat_secs_frame"": 0.000192, ""feat_secs_hsf"": 0.000611}"
brick,"brick:n=12,D=2,nn=1",1,"{""n"": 12.0, ""D"": 2.0, ""nn"": 1.0}",cstate,ok,0.000436,0.0045,2097152,-0.004470431060880026,12,-0.004470431060879957,6.938893903907228e-17,,"{""n"": 12, ""gates"": 47, ""g2"": 11, ""g3"": 0, ""depth2"": 2, ""t_count"": 0, ""rotations"": 108, ""d"": 12, ""dense_l"": 18.2668, ""redundant"": 96, ""obs_zero"": false, ""frame_l"": 30.7549, ""chi_bits"": 1, ""mps_l"": 7.6147, ""hsf_k"": 1, ""hsf_na"": 6, ""hsf_nb"": 6, ""hsf_l"": 13.7944, ""sup"": 12, ""chi_bits0"": 1, ""mps_l0"": 7.6147, ""hsf_keff"": 1, ""hsf_l0"": 13.7944, ""sparse_l"": 17.5546, ""sv_l"": 17.5546, ""feat_secs"": 0.001119, ""feat_secs_frame"": 0.000269, ""feat_secs_hsf"": 0.000815}"
brick,"brick:n=12,D=3,nn=1",1,"{""n"": 12.0, ""D"": 3.0, ""nn"": 1.0}",cstate,ok,0.000665,0.0044,2113536,0.001292291942351247,12,0.001292291942351172,7.502679033599691e-17,,"{""n"": 12, ""gates"": 65, ""g2"": 17, ""g3"": 0, ""depth2"": 3, ""t_count"": 0, ""rotations"": 144, ""d"": 12, ""dense_l"": 18.8202, ""redundant"": 132, ""obs_zero"": false, ""frame_l"": 31.1699, ""chi_bits"": 2, ""mps_l"": 9.2574, ""hsf_k"": 1, ""hsf_na"": 6, ""hsf_nb"": 6, ""hsf_l"": 14.0112, ""sup"": 12, ""chi_bits0"": 2, ""mps_l0"": 9.2574, ""hsf_keff"": 1, ""hsf_l0"": 14.0112, ""sparse_l"": 18.0224, ""sv_l"": 18.0224, ""feat_secs"": 0.001335, ""feat_secs_frame"": 0.000366, ""feat_secs_hsf"": 0.00093}"
brick,"brick:n=12,D=4,nn=1",1,"{""n"": 12.0, ""D"": 4.0, ""nn"": 1.0}",cstate,ok,0.000752,0.0042,2129920,-0.01670877688668043,12,-0.01670877688668039,3.8163916471489756e-17,,"{""n"": 12, ""gates"": 82, ""g2"": 22, ""g3"": 0, ""depth2"": 4, ""t_count"": 0, ""rotations"": 180, ""d"": 12, ""dense_l"": 19.2192, ""redundant"": 168, ""obs_zero"": false, ""frame_l"": 31.4919, ""chi_bits"": 2, ""mps_l"": 10.1033, ""hsf_k"": 2, ""hsf_na"": 6, ""hsf_nb"": 6, ""hsf_l"": 15.1898, ""sup"": 12, ""chi_bits0"": 2, ""mps_l0"": 10.1033, ""hsf_keff"": 2, ""hsf_l0"": 15.1898, ""sparse_l"": 18.3576, ""sv_l"": 18.3576, ""feat_secs"": 0.001554, ""feat_secs_frame"": 0.0005, ""feat_secs_hsf"": 0.001004}"
brick,"brick:n=12,D=6,nn=1",1,"{""n"": 12.0, ""D"": 6.0, ""nn"": 1.0}",cstate,ok,0.00139,0.0075,2129920,-0.01024618332568433,12,-0.01024618332568436,3.122502256758253e-17,,"{""n"": 12, ""gates"": 117, ""g2"": 33, ""g3"": 0, ""depth2"": 6, ""t_count"": 0, ""rotations"": 252, ""d"": 12, ""dense_l"": 19.7879, ""redundant"": 240, ""obs_zero"": false, ""frame_l"": 31.9773, ""chi_bits"": 3, ""mps_l"": 12.5343, ""hsf_k"": 3, ""hsf_na"": 6, ""hsf_nb"": 6, ""hsf_l"": 16.4998, ""sup"": 12, ""chi_bits0"": 3, ""mps_l0"": 12.5343, ""hsf_keff"": 3, ""hsf_l0"": 16.4998, ""sparse_l"": 18.8704, ""sv_l"": 18.8704, ""feat_secs"": 0.001817, ""feat_secs_frame"": 0.000695, ""feat_secs_hsf"": 0.001012}"
brick,"brick:n=12,D=8,nn=1",1,"{""n"": 12.0, ""D"": 8.0, ""nn"": 1.0}",cstate,ok,0.001412,0.0072,2195456,-0.01605576551847957,12,-0.01605576551847955,2.0816681711721685e-17,,"{""n"": 12, ""gates"": 152, ""g2"": 44, ""g3"": 0, ""depth2"": 8, ""t_count"": 0, ""rotations"": 324, ""d"": 12, ""dense_l"": 20.1948, ""redundant"": 312, ""obs_zero"": false, ""frame_l"": 32.3399, ""chi_bits"": 4, ""mps_l"": 14.9014, ""hsf_k"": 4, ""hsf_na"": 6, ""hsf_nb"": 6, ""hsf_l"": 17.7549, ""sup"": 12, ""chi_bits0"": 4, ""mps_l0"": 14.9014, ""hsf_keff"": 4, ""hsf_l0"": 17.7549, ""sparse_l"": 19.2479, ""sv_l"": 19.2479, ""feat_secs"": 0.00196, ""feat_secs_frame"": 0.00088, ""feat_secs_hsf"": 0.001}"
brick,"brick:n=12,D=12,nn=1",1,"{""n"": 12.0, ""D"": 12.0, ""nn"": 1.0}",cstate,ok,0.002068,0.0064,2228224,-0.01098517673574556,12,-0.01098517673574545,1.0928757898653885e-16,,"{""n"": 12, ""gates"": 222, ""g2"": 66, ""g3"": 0, ""depth2"": 12, ""t_count"": 0, ""rotations"": 468, ""d"": 12, ""dense_l"": 20.7715, ""redundant"": 456, ""obs_zero"": false, ""frame_l"": 32.8704, ""chi_bits"": 6, ""mps_l"": 18.9332, ""hsf_k"": 6, ""hsf_na"": 6, ""hsf_nb"": 6, ""hsf_l"": 20.1599, ""sup"": 12, ""chi_bits0"": 6, ""mps_l0"": 18.9332, ""hsf_keff"": 6, ""hsf_l0"": 20.1599, ""sparse_l"": 19.7944, ""sv_l"": 19.7944, ""feat_secs"": 0.002438, ""feat_secs_frame"": 0.001318, ""feat_secs_hsf"": 0.001015}"
brick,"brick:n=12,D=16,nn=1",1,"{""n"": 12.0, ""D"": 16.0, ""nn"": 1.0}",cstate,ok,0.002719,0.0075,2310144,0.01674146664562176,12,0.01674146664562169,6.938893903907228e-17,,"{""n"": 12, ""gates"": 292, ""g2"": 88, ""g3"": 0, ""depth2"": 16, ""t_count"": 0, ""rotations"": 612, ""d"": 12, ""dense_l"": 21.1824, ""redundant"": 600, ""obs_zero"": false, ""frame_l"": 33.2574, ""chi_bits"": 6, ""mps_l"": 20.2165, ""hsf_k"": 8, ""hsf_na"": 6, ""hsf_nb"": 6, ""hsf_l"": 22.4757, ""sup"": 12, ""chi_bits0"": 6, ""mps_l0"": 20.2165, ""hsf_keff"": 8, ""hsf_l0"": 22.4757, ""sparse_l"": 20.1898, ""sv_l"": 20.1898, ""feat_secs"": 0.003377, ""feat_secs_frame"": 0.002219, ""feat_secs_hsf"": 0.001019}"
brick,"brick:n=16,D=1,nn=1",1,"{""n"": 16.0, ""D"": 1.0, ""nn"": 1.0}",cstate,ok,0.007539,0.0138,4931584,7.932979353671454e-06,16,7.932979353690506e-06,1.9051465049643723e-17,,"{""n"": 16, ""gates"": 40, ""g2"": 8, ""g3"": 0, ""depth2"": 1, ""t_count"": 0, ""rotations"": 96, ""d"": 16, ""dense_l"": 21.7279, ""redundant"": 80, ""obs_zero"": false, ""frame_l"": 38.585, ""chi_bits"": 1, ""mps_l"": 7.1699, ""hsf_k"": 0, ""hsf_na"": 8, ""hsf_nb"": 8, ""hsf_l"": 16.2095, ""sup"": 16, ""chi_bits0"": 1, ""mps_l0"": 7.1699, ""hsf_keff"": 0, ""hsf_l0"": 16.2095, ""sparse_l"": 21.3219, ""sv_l"": 21.3219, ""feat_secs"": 0.001819, ""feat_secs_frame"": 0.000324, ""feat_secs_hsf"": 0.00145}"
brick,"brick:n=16,D=2,nn=1",1,"{""n"": 16.0, ""D"": 2.0, ""nn"": 1.0}",cstate,ok,0.01356,0.0194,4964352,0.001018132369881997,16,0.001018132369881996,8.673617379884035e-19,,"{""n"": 16, ""gates"": 63, ""g2"": 15, ""g3"": 0, ""depth2"": 2, ""t_count"": 0, ""rotations"": 144, ""d"": 16, ""dense_l"": 22.6582, ""redundant"": 128, ""obs_zero"": false, ""frame_l"": 39.1699, ""chi_bits"": 1, ""mps_l"": 8.0444, ""hsf_k"": 1, ""hsf_na"": 8, ""hsf_nb"": 8, ""hsf_l"": 17.3174, ""sup"": 16, ""chi_bits0"": 1, ""mps_l0"": 8.0444, ""hsf_keff"": 1, ""hsf_l0"": 17.3174, ""sparse_l"": 21.9773, ""sv_l"": 21.9773, ""feat_secs"": 0.003484, ""feat_secs_frame"": 0.000466, ""feat_secs_hsf"": 0.002955}"
brick,"brick:n=16,D=3,nn=1",1,"{""n"": 16.0, ""D"": 3.0, ""nn"": 1.0}",cstate,ok,0.020663,0.0269,4997120,3.756531893823388e-06,16,3.756531893823478e-06,9.020900888258299e-20,,"{""n"": 16, ""gates"": 87, ""g2"": 23, ""g3"": 0, ""depth2"": 3, ""t_count"": 0, ""rotations"": 192, ""d"": 16, ""dense_l"": 23.2192, ""redundant"": 176, ""obs_zero"": false, ""frame_l"": 39.585, ""chi_bits"": 2, ""mps_l"": 9.7682, ""hsf_k"": 1, ""hsf_na"": 8, ""hsf_nb"": 8, ""hsf_l"": 17.4221, ""sup"": 16, ""chi_bits0"": 2, ""mps_l0"": 9.7682, ""hsf_keff"": 1, ""hsf_l0"": 17.4221, ""sparse_l"": 22.4429, ""sv_l"": 22.4429, ""feat_secs"": 0.003255, ""feat_secs_frame"": 0.000591, ""feat_secs_hsf"": 0.002601}"
brick,"brick:n=16,D=4,nn=1",1,"{""n"": 16.0, ""D"": 4.0, ""nn"": 1.0}",cstate,ok,0.025832,0.0309,5013504,-0.001155932712105708,16,-0.001155932712105674,3.404394821604484e-17,,"{""n"": 16, ""gates"": 110, ""g2"": 30, ""g3"": 0, ""depth2"": 4, ""t_count"": 0, ""rotations"": 240, ""d"": 16, ""dense_l"": 23.6221, ""redundant"": 224, ""obs_zero"": false, ""frame_l"": 39.9069, ""chi_bits"": 2, ""mps_l"": 10.5999, ""hsf_k"": 2, ""hsf_na"": 8, ""hsf_nb"": 8, ""hsf_l"": 18.5157, ""sup"": 16, ""chi_bits0"": 2, ""mps_l0"": 10.5999, ""hsf_keff"": 2, ""hsf_l0"": 18.5157, ""sparse_l"": 22.7814, ""sv_l"": 22.7814, ""feat_secs"": 0.003505, ""feat_secs_frame"": 0.000713, ""feat_secs_hsf"": 0.002723}"
brick,"brick:n=16,D=6,nn=1",1,"{""n"": 16.0, ""D"": 6.0, ""nn"": 1.0}",cstate,ok,0.03813,0.0442,5046272,0.001358399883167323,16,0.001358399883167331,8.023096076392733e-18,,"{""n"": 16, ""gates"": 157, ""g2"": 45, ""g3"": 0, ""depth2"": 6, ""t_count"": 0, ""rotations"": 336, ""d"": 16, ""dense_l"": 24.1948, ""redundant"": 320, ""obs_zero"": false, ""frame_l"": 40.3923, ""chi_bits"": 3, ""mps_l"": 13.1267, ""hsf_k"": 3, ""hsf_na"": 8, ""hsf_nb"": 8, ""hsf_l"": 19.69, ""sup"": 16, ""chi_bits0"": 3, ""mps_l0"": 13.1267, ""hsf_keff"": 3, ""hsf_l0"": 19.69, ""sparse_l"": 23.2946, ""sv_l"": 23.2946, ""feat_secs"": 0.003621, ""feat_secs_frame"": 0.000963, ""feat_secs_hsf"": 0.002552}"
brick,"brick:n=16,D=8,nn=1",1,"{""n"": 16.0, ""D"": 8.0, ""nn"": 1.0}",cstate,ok,0.051129,0.0554,5128192,0.001757095027940122,16,0.001757095027940129,6.938893903907228e-18,,"{""n"": 16, ""gates"": 204, ""g2"": 60, ""g3"": 0, ""depth2"": 8, ""t_count"": 0, ""rotations"": 432, ""d"": 16, ""dense_l"": 24.6036, ""redundant"": 416, ""obs_zero"": false, ""frame_l"": 40.7549, ""chi_bits"": 4, ""mps_l"": 15.6676, ""hsf_k"": 4, ""hsf_na"": 8, ""hsf_nb"": 8, ""hsf_l"": 20.8455, ""sup"": 16, ""chi_bits0"": 4, ""mps_l0"": 15.6676, ""hsf_keff"": 4, ""hsf_l0"": 20.8455, ""sparse_l"": 23.6724, ""sv_l"": 23.6724, ""feat_secs"": 0.005155, ""feat_secs_frame"": 0.002335, ""feat_secs_hsf"": 0.002696}"
brick,"brick:n=16,D=12,nn=1",1,"{""n"": 16.0, ""D"": 12.0, ""nn"": 1.0}",cstate,ok,0.077243,0.0829,5210112,0.002152501925666492,16,0.002152501925666535,4.2934406030425976e-17,,"{""n"": 16, ""gates"": 298, ""g2"": 90, ""g3"": 0, ""depth2"": 12, ""t_count"": 0, ""rotations"": 624, ""d"": 16, ""dense_l"": 25.1824, ""redundant"": 608, ""obs_zero"": false, ""frame_l"": 41.2854, ""chi_bits"": 6, ""mps_l"": 20.7328, ""hsf_k"": 6, ""hsf_na"": 8, ""hsf_nb"": 8, ""hsf_l"": 23.1137, ""sup"": 16, ""chi_bits0"": 6, ""mps_l0"": 20.7328, ""hsf_keff"": 6, ""hsf_l0"": 23.1137, ""sparse_l"": 24.2192, ""sv_l"": 24.2192, ""feat_secs"": 0.004926, ""feat_secs_frame"": 0.002241, ""feat_secs_hsf"": 0.002549}"
brick,"brick:n=16,D=16,nn=1",1,"{""n"": 16.0, ""D"": 16.0, ""nn"": 1.0}",cstate,ok,0.104653,0.1092,5292032,0.0011475883669494,16,0.001147588366949424,2.3852447794681098e-17,,"{""n"": 16, ""gates"": 392, ""g2"": 120, ""g3"": 0, ""depth2"": 16, ""t_count"": 0, ""rotations"": 816, ""d"": 16, ""dense_l"": 25.5943, ""redundant"": 800, ""obs_zero"": false, ""frame_l"": 41.6724, ""chi_bits"": 8, ""mps_l"": 24.8674, ""hsf_k"": 8, ""hsf_na"": 8, ""hsf_nb"": 8, ""hsf_l"": 25.3399, ""sup"": 16, ""chi_bits0"": 8, ""mps_l0"": 24.8674, ""hsf_keff"": 8, ""hsf_l0"": 25.3399, ""sparse_l"": 24.6147, ""sv_l"": 24.6147, ""feat_secs"": 0.005683, ""feat_secs_frame"": 0.002322, ""feat_secs_hsf"": 0.003189}"
brick,"brick:n=20,D=1,nn=1",1,"{""n"": 20.0, ""D"": 1.0, ""nn"": 1.0}",cstate,ok,0.136402,0.1397,40206336,-1.569571296621631e-07,20,-1.569571296619232e-07,2.3989561253017887e-19,,"{""n"": 20, ""gates"": 50, ""g2"": 10, ""g3"": 0, ""depth2"": 1, ""t_count"": 0, ""rotations"": 120, ""d"": 20, ""dense_l"": 26.0224, ""redundant"": 100, ""obs_zero"": false, ""frame_l"": 46.9069, ""chi_bits"": 1, ""mps_l"": 7.4919, ""hsf_k"": 0, ""hsf_na"": 10, ""hsf_nb"": 10, ""hsf_l"": 20.0688, ""sup"": 20, ""chi_bits0"": 1, ""mps_l0"": 7.4919, ""hsf_keff"": 0, ""hsf_l0"": 20.0688, ""sparse_l"": 25.6439, ""sv_l"": 25.6439, ""feat_secs"": 0.00496, ""feat_secs_frame"": 0.000338, ""feat_secs_hsf"": 0.004574}"
brick,"brick:n=20,D=2,nn=1",1,"{""n"": 20.0, ""D"": 2.0, ""nn"": 1.0}",cstate,ok,0.254854,0.2601,41697280,-1.877793617993729e-06,20,-1.877793617993796e-06,6.71273610699033e-20,,"{""n"": 20, ""gates"": 79, ""g2"": 19, ""g3"": 0, ""depth2"": 2, ""t_count"": 0, ""rotations"": 180, ""d"": 20, ""dense_l"": 26.9658, ""redundant"": 160, ""obs_zero"": false, ""frame_l"": 47.4919, ""chi_bits"": 1, ""mps_l"": 8.375, ""hsf_k"": 1, ""hsf_na"": 10, ""hsf_nb"": 10, ""hsf_l"": 21.1072, ""sup"": 20, ""chi_bits0"": 1, ""mps_l0"": 8.375, ""hsf_keff"": 1, ""hsf_l0"": 21.1072, ""sparse_l"": 26.3038, ""sv_l"": 26.3038, ""feat_secs"": 0.003138, ""feat_secs_frame"": 0.000371, ""feat_secs_hsf"": 0.002718}"
brick,"brick:n=20,D=3,nn=1",1,"{""n"": 20.0, ""D"": 3.0, ""nn"": 1.0}",cstate,ok,0.369927,0.3761,41697280,-0.0002220565475413568,20,-0.0002220565475413483,8.51098705401121e-18,,"{""n"": 20, ""gates"": 109, ""g2"": 29, ""g3"": 0, ""depth2"": 3, ""t_count"": 0, ""rotations"": 240, ""d"": 20, ""dense_l"": 27.5314, ""redundant"": 220, ""obs_zero"": false, ""frame_l"": 47.9069, ""chi_bits"": 2, ""mps_l"": 10.1447, ""hsf_k"": 1, ""hsf_na"": 10, ""hsf_nb"": 10, ""hsf_l"": 21.1459, ""sup"": 20, ""chi_bits0"": 2, ""mps_l0"": 10.1447, ""hsf_keff"": 1, ""hsf_l0"": 21.1459, ""sparse_l"": 26.7682, ""sv_l"": 26.7682, ""feat_secs"": 0.003262, ""feat_secs_frame"": 0.000425, ""feat_secs_hsf"": 0.0028}"
brick,"brick:n=20,D=4,nn=1",1,"{""n"": 20.0, ""D"": 4.0, ""nn"": 1.0}",cstate,ok,0.48943,0.4938,41730048,-0.0004771397532092294,20,-0.00047713975320923,6.505213034913027e-19,,"{""n"": 20, ""gates"": 138, ""g2"": 38, ""g3"": 0, ""depth2"": 4, ""t_count"": 0, ""rotations"": 300, ""d"": 20, ""dense_l"": 27.9366, ""redundant"": 280, ""obs_zero"": false, ""frame_l"": 48.2288, ""chi_bits"": 2, ""mps_l"": 10.9687, ""hsf_k"": 2, ""hsf_na"": 10, ""hsf_nb"": 10, ""hsf_l"": 22.1824, ""sup"": 20, ""chi_bits0"": 2, ""mps_l0"": 10.9687, ""hsf_keff"": 2, ""hsf_l0"": 22.1824, ""sparse_l"": 27.1085, ""sv_l"": 27.1085, ""feat_secs"": 0.004108, ""feat_secs_frame"": 0.000575, ""feat_secs_hsf"": 0.003476}"
brick,"brick:n=20,D=6,nn=1",1,"{""n"": 20.0, ""D"": 6.0, ""nn"": 1.0}",cstate,ok,0.741468,0.7474,41844736,0.0008663071438869835,20,0.0008663071438869538,2.970713952610282e-17,,"{""n"": 20, ""gates"": 197, ""g2"": 57, ""g3"": 0, ""depth2"": 6, ""t_count"": 0, ""rotations"": 420, ""d"": 20, ""dense_l"": 28.5118, ""redundant"": 400, ""obs_zero"": false, ""frame_l"": 48.7142, ""chi_bits"": 3, ""mps_l"": 13.5454, ""hsf_k"": 3, ""hsf_na"": 10, ""hsf_nb"": 10, ""hsf_l"": 23.2538, ""sup"": 20, ""chi_bits0"": 3, ""mps_l0"": 13.5454, ""hsf_keff"": 3, ""hsf_l0"": 23.2538, ""sparse_l"": 27.6221, ""sv_l"": 27.6221, ""feat_secs"": 0.003747, ""feat_secs_frame"": 0.000738, ""feat_secs_hsf"": 0.002947}"
brick,"brick:n=20,D=8,nn=1",1,"{""n"": 20.0, ""D"": 8.0, ""nn"": 1.0}",cstate,ok,0.995684,1.0003,41877504,0.0001661859618688304,20,0.0001661859618688344,4.0115480381963664e-18,,"{""n"": 20, ""gates"": 256, ""g2"": 76, ""g3"": 0, ""depth2"": 8, ""t_count"": 0, ""rotations"": 540, ""d"": 20, ""dense_l"": 28.9218, ""redundant"": 520, ""obs_zero"": false, ""frame_l"": 49.0768, ""chi_bits"": 4, ""mps_l"": 16.1653, ""hsf_k"": 4, ""hsf_na"": 10, ""hsf_nb"": 10, ""hsf_l"": 24.3219, ""sup"": 20, ""chi_bits0"": 4, ""mps_l0"": 16.1653, ""hsf_keff"": 4, ""hsf_l0"": 24.3219, ""sparse_l"": 28.0, ""sv_l"": 28.0, ""feat_secs"": 0.004074, ""feat_secs_frame"": 0.000995, ""feat_secs_hsf"": 0.003008}"
brick,"brick:n=20,D=12,nn=1",1,"{""n"": 20.0, ""D"": 12.0, ""nn"": 1.0}",cstate,ok,1.459116,1.4638,41926656,0.000364800967607374,20,0.0003648009676073568,1.7184604433895245e-17,,"{""n"": 20, ""gates"": 374, ""g2"": 114, ""g3"": 0, ""depth2"": 12, ""t_count"": 0, ""rotations"": 780, ""d"": 20, ""dense_l"": 29.5018, ""redundant"": 760, ""obs_zero"": false, ""frame_l"": 49.6073, ""chi_bits"": 6, ""mps_l"": 21.5091, ""hsf_k"": 6, ""hsf_na"": 10, ""hsf_nb"": 10, ""hsf_l"": 26.4491, ""sup"": 20, ""chi_bits0"": 6, ""mps_l0"": 21.5091, ""hsf_keff"": 6, ""hsf_l0"": 26.4491, ""sparse_l"": 28.5469, ""sv_l"": 28.5469, ""feat_secs"": 0.004219, ""feat_secs_frame"": 0.001349, ""feat_secs_hsf"": 0.002763}"
brick,"brick:n=20,D=16,nn=1",1,"{""n"": 20.0, ""D"": 16.0, ""nn"": 1.0}",cstate,ok,1.934076,1.9397,41975808,0.0004229302658226389,20,0.0004229302658226127,2.6183482465524932e-17,,"{""n"": 20, ""gates"": 492, ""g2"": 152, ""g3"": 0, ""depth2"": 16, ""t_count"": 0, ""rotations"": 1020, ""d"": 20, ""dense_l"": 29.9144, ""redundant"": 1000, ""obs_zero"": false, ""frame_l"": 49.9944, ""chi_bits"": 8, ""mps_l"": 26.6865, ""hsf_k"": 8, ""hsf_na"": 10, ""hsf_nb"": 10, ""hsf_l"": 28.5661, ""sup"": 20, ""chi_bits0"": 8, ""mps_l0"": 26.6865, ""hsf_keff"": 8, ""hsf_l0"": 28.5661, ""sparse_l"": 28.9425, ""sv_l"": 28.9425, ""feat_secs"": 0.004876, ""feat_secs_frame"": 0.001939, ""feat_secs_hsf"": 0.00282}"
brick,"brick:n=24,D=1,nn=1",1,"{""n"": 24.0, ""D"": 1.0, ""nn"": 1.0}",cstate,ok,2.069064,2.0736,606650368,3.690554669425258e-06,24,3.690554669423902e-06,1.3560997485541348e-18,,"{""n"": 24, ""gates"": 60, ""g2"": 12, ""g3"": 0, ""depth2"": 1, ""t_count"": 0, ""rotations"": 144, ""d"": 24, ""dense_l"": 30.2668, ""redundant"": 120, ""obs_zero"": false, ""frame_l"": 55.1699, ""chi_bits"": 1, ""mps_l"": 7.7549, ""hsf_k"": 0, ""hsf_na"": 12, ""hsf_nb"": 12, ""hsf_l"": 24.021, ""sup"": 24, ""chi_bits0"": 1, ""mps_l0"": 7.7549, ""hsf_keff"": 0, ""hsf_l0"": 24.021, ""sparse_l"": 29.9069, ""sv_l"": 29.9069, ""feat_secs"": 0.002944, ""feat_secs_frame"": 0.000285, ""feat_secs_hsf"": 0.002629}"
brick,"brick:n=24,D=2,nn=1",1,"{""n"": 24.0, ""D"": 2.0, ""nn"": 1.0}",cstate,ok,3.982737,3.9870,608026624,-2.863900769584207e-07,24,-2.863900769583996e-07,2.1122884122154115e-20,,"{""n"": 24, ""gates"": 95, ""g2"": 23, ""g3"": 0, ""depth2"": 2, ""t_count"": 0, ""rotations"": 216, ""d"": 24, ""dense_l"": 31.2192, ""redundant"": 192, ""obs_zero"": false, ""frame_l"": 55.7549, ""chi_bits"": 1, ""mps_l"": 8.6439, ""hsf_k"": 1, ""hsf_na"": 12, ""hsf_nb"": 12, ""hsf_l"": 25.0331, ""sup"": 24, ""chi_bits0"": 1, ""mps_l0"": 8.6439, ""hsf_keff"": 1, ""hsf_l0"": 25.0331, ""sparse_l"": 30.5699, ""sv_l"": 30.5699, ""feat_secs"": 0.005869, ""feat_secs_frame"": 0.00043, ""feat_secs_hsf"": 0.005403}"
brick,"brick:n=24,D=3,nn=1",1,"{""n"": 24.0, ""D"": 3.0, ""nn"": 1.0}",cstate,ok,5.90574,5.9094,608059392,-1.249605503209224e-05,24,-1.249605503208955e-05,2.690176640479658e-18,,"{""n"": 24, ""gates"": 131, ""g2"": 35, ""g3"": 0, ""depth2"": 3, ""t_count"": 0, ""rotations"": 288, ""d"": 24, ""dense_l"": 31.7879, ""redundant"": 264, ""obs_zero"": false, ""frame_l"": 56.1699, ""chi_bits"": 2, ""mps_l"": 10.4429, ""hsf_k"": 1, ""hsf_na"": 12, ""hsf_nb"": 12, ""hsf_l"": 25.0454, ""sup"": 24, ""chi_bits0"": 2, ""mps_l0"": 10.4429, ""hsf_keff"": 1, ""hsf_l0"": 25.0454, ""sparse_l"": 31.0334, ""sv_l"": 31.0334, ""feat_secs"": 0.006096, ""feat_secs_frame"": 0.000531, ""feat_secs_hsf"": 0.005514}"
brick,"brick:n=24,D=4,nn=1",1,"{""n"": 24.0, ""D"": 4.0, ""nn"": 1.0}",cstate,ok,7.839591,7.8452,608108544,-1.239603425242393e-05,24,-1.23960342524229e-05,1.0299920638612292e-18,,"{""n"": 24, ""gates"": 166, ""g2"": 46, ""g3"": 0, ""depth2"": 4, ""t_count"": 0, ""rotations"": 360, ""d"": 24, ""dense_l"": 32.1948, ""redundant"": 336, ""obs_zero"": false, ""frame_l"": 56.4919, ""chi_bits"": 2, ""mps_l"": 11.2621, ""hsf_k"": 2, ""hsf_na"": 12, ""hsf_nb"": 12, ""hsf_l"": 26.0573, ""sup"": 24, ""chi_bits0"": 2, ""mps_l0"": 11.2621, ""hsf_keff"": 2, ""hsf_l0"": 26.0573, ""sparse_l"": 31.375, ""sv_l"": 31.375, ""feat_secs"": 0.006179, ""feat_secs_frame"": 0.000684, ""feat_secs_hsf"": 0.005421}"
brick,"brick:n=24,D=6,nn=1",1,"{""n"": 24.0, ""D"": 6.0, ""nn"": 1.0}",cstate,timeout,,10.0063,608124928,,,0.0001340066387619834,,timeout,"{""n"": 24, ""gates"": 237, ""g2"": 69, ""g3"": 0, ""depth2"": 6, ""t_count"": 0, ""rotations"": 504, ""d"": 24, ""dense_l"": 32.7715, ""redundant"": 480, ""obs_zero"": false, ""frame_l"": 56.9773, ""chi_bits"": 3, ""mps_l"": 13.8696, ""hsf_k"": 3, ""hsf_na"": 12, ""hsf_nb"": 12, ""hsf_l"": 27.0812, ""sup"": 24, ""chi_bits0"": 3, ""mps_l0"": 13.8696, ""hsf_keff"": 3, ""hsf_l0"": 27.0812, ""sparse_l"": 31.8887, ""sv_l"": 31.8887, ""feat_secs"": 0.00675, ""feat_secs_frame"": 0.000896, ""feat_secs_hsf"": 0.005786}"
brick,"brick:n=24,D=8,nn=1",1,"{""n"": 24.0, ""D"": 8.0, ""nn"": 1.0}",cstate,skipped,,,,,,-0.000472064487120214,,,"{""n"": 24, ""gates"": 308, ""g2"": 92, ""g3"": 0, ""depth2"": 8, ""t_count"": 0, ""rotations"": 648, ""d"": 24, ""dense_l"": 33.1824, ""redundant"": 624, ""obs_zero"": false, ""frame_l"": 57.3399, ""chi_bits"": 4, ""mps_l"": 16.5347, ""hsf_k"": 4, ""hsf_na"": 12, ""hsf_nb"": 12, ""hsf_l"": 28.1046, ""sup"": 24, ""chi_bits0"": 4, ""mps_l0"": 16.5347, ""hsf_keff"": 4, ""hsf_l0"": 28.1046, ""sparse_l"": 32.2668, ""sv_l"": 32.2668, ""feat_secs"": 0.007385, ""feat_secs_frame"": 0.001897, ""feat_secs_hsf"": 0.005391}"
brick,"brick:n=24,D=12,nn=1",1,"{""n"": 24.0, ""D"": 12.0, ""nn"": 1.0}",cstate,skipped,,,,,,0.0003272072472060525,,,"{""n"": 24, ""gates"": 450, ""g2"": 138, ""g3"": 0, ""depth2"": 12, ""t_count"": 0, ""rotations"": 936, ""d"": 24, ""dense_l"": 33.7632, ""redundant"": 912, ""obs_zero"": false, ""frame_l"": 57.8704, ""chi_bits"": 6, ""mps_l"": 22.0111, ""hsf_k"": 6, ""hsf_na"": 12, ""hsf_nb"": 12, ""hsf_l"": 30.1504, ""sup"": 24, ""chi_bits0"": 6, ""mps_l0"": 22.0111, ""hsf_keff"": 6, ""hsf_l0"": 30.1504, ""sparse_l"": 32.8138, ""sv_l"": 32.8138, ""feat_secs"": 0.007562, ""feat_secs_frame"": 0.00171, ""feat_secs_hsf"": 0.005723}"
brick,"brick:n=24,D=16,nn=1",1,"{""n"": 24.0, ""D"": 16.0, ""nn"": 1.0}",cstate,skipped,,,,,,5.831217242920794e-05,,,"{""n"": 24, ""gates"": 592, ""g2"": 184, ""g3"": 0, ""depth2"": 16, ""t_count"": 0, ""rotations"": 1224, ""d"": 24, ""dense_l"": 34.1762, ""redundant"": 1200, ""obs_zero"": false, ""frame_l"": 58.2574, ""chi_bits"": 8, ""mps_l"": 27.466, ""hsf_k"": 8, ""hsf_na"": 12, ""hsf_nb"": 12, ""hsf_l"": 32.1948, ""sup"": 24, ""chi_bits0"": 8, ""mps_l0"": 27.466, ""hsf_keff"": 8, ""hsf_l0"": 32.1948, ""sparse_l"": 33.2095, ""sv_l"": 33.2095, ""feat_secs"": 0.007862, ""feat_secs_frame"": 0.002132, ""feat_secs_hsf"": 0.005575}"
brick,"brick:n=26,D=1,nn=1",1,"{""n"": 26.0, ""D"": 1.0, ""nn"": 1.0}",cstate,ok,8.769343,8.7739,2418966528,3.904987947602209e-06,26,3.90498794760145e-06,7.597885536871074e-19,,"{""n"": 26, ""gates"": 65, ""g2"": 13, ""g3"": 0, ""depth2"": 1, ""t_count"": 0, ""rotations"": 156, ""d"": 26, ""dense_l"": 32.375, ""redundant"": 130, ""obs_zero"": false, ""frame_l"": 59.2854, ""chi_bits"": 1, ""mps_l"": 7.8704, ""hsf_k"": 0, ""hsf_na"": 12, ""hsf_nb"": 14, ""hsf_l"": 26.0227, ""sup"": 26, ""chi_bits0"": 1, ""mps_l0"": 7.8704, ""hsf_keff"": 0, ""hsf_l0"": 26.0227, ""sparse_l"": 32.0224, ""sv_l"": 32.0224, ""feat_secs"": 0.003756, ""feat_secs_frame"": 0.000335, ""feat_secs_hsf"": 0.003391}"
brick,"brick:n=26,D=2,nn=1",1,"{""n"": 26.0, ""D"": 2.0, ""nn"": 1.0}",cstate,timeout,,10.0128,2419982336,,,9.414171705045195e-06,,timeout,"{""n"": 26, ""gates"": 103, ""g2"": 25, ""g3"": 0, ""depth2"": 2, ""t_count"": 0, ""rotations"": 234, ""d"": 26, ""dense_l"": 33.3309, ""redundant"": 208, ""obs_zero"": false, ""frame_l"": 59.8704, ""chi_bits"": 1, ""mps_l"": 8.7616, ""hsf_k"": 1, ""hsf_na"": 13, ""hsf_nb"": 13, ""hsf_l"": 27.018, ""sup"": 26, ""chi_bits0"": 1, ""mps_l0"": 8.7616, ""hsf_keff"": 1, ""hsf_l0"": 27.018, ""sparse_l"": 32.6865, ""sv_l"": 32.6865, ""feat_secs"": 0.007907, ""feat_secs_frame"": 0.000466, ""feat_secs_hsf"": 0.007402}"
brick,"brick:n=26,D=3,nn=1",1,"{""n"": 26.0, ""D"": 3.0, ""nn"": 1.0}",cstate,skipped,,,,,,6.845634480102169e-06,,,"{""n"": 26, ""gates"": 142, ""g2"": 38, ""g3"": 0, ""depth2"": 3, ""t_count"": 0, ""rotations"": 312, ""d"": 26, ""dense_l"": 33.9009, ""redundant"": 286, ""obs_zero"": false, ""frame_l"": 60.2854, ""chi_bits"": 2, ""mps_l"": 10.5718, ""hsf_k"": 1, ""hsf_na"": 12, ""hsf_nb"": 14, ""hsf_l"": 27.0492, ""sup"": 26, ""chi_bits0"": 2, ""mps_l0"": 10.5718, ""hsf_keff"": 1, ""hsf_l0"": 27.0492, ""sparse_l"": 33.1497, ""sv_l"": 33.1497, ""feat_secs"": 0.007557, ""feat_secs_frame"": 0.000564, ""feat_secs_hsf"": 0.006923}"
brick,"brick:n=26,D=4,nn=1",1,"{""n"": 26.0, ""D"": 4.0, ""nn"": 1.0}",cstate,skipped,,,,,,-6.707524194357185e-06,,,"{""n"": 26, ""gates"": 180, ""g2"": 50, ""g3"": 0, ""depth2"": 4, ""t_count"": 0, ""rotations"": 390, ""d"": 26, ""dense_l"": 34.3083, ""redundant"": 364, ""obs_zero"": false, ""frame_l"": 60.6073, ""chi_bits"": 2, ""mps_l"": 11.3891, ""hsf_k"": 2, ""hsf_na"": 13, ""hsf_nb"": 13, ""hsf_l"": 28.0314, ""sup"": 26, ""chi_bits0"": 2, ""mps_l0"": 11.3891, ""hsf_keff"": 2, ""hsf_l0"": 28.0314, ""sparse_l"": 33.4919, ""sv_l"": 33.4919, ""feat_secs"": 0.008308, ""feat_secs_frame"": 0.00084, ""feat_secs_hsf"": 0.007404}"
brick,"brick:n=26,D=6,nn=1",1,"{""n"": 26.0, ""D"": 6.0, ""nn"": 1.0}",cstate,skipped,,,,,,0.0001215372752044635,,,"{""n"": 26, ""gates"": 257, ""g2"": 75, ""g3"": 0, ""depth2"": 6, ""t_count"": 0, ""rotations"": 546, ""d"": 26, ""dense_l"": 34.8857, ""redundant"": 520, ""obs_zero"": false, ""frame_l"": 61.0928, ""chi_bits"": 3, ""mps_l"": 14.0079, ""hsf_k"": 3, ""hsf_na"": 13, ""hsf_nb"": 13, ""hsf_l"": 29.0446, ""sup"": 26, ""chi_bits0"": 3, ""mps_l0"": 14.0079, ""hsf_keff"": 3, ""hsf_l0"": 29.0446, ""sparse_l"": 34.0056, ""sv_l"": 34.0056, ""feat_secs"": 0.011837, ""feat_secs_frame"": 0.001283, ""feat_secs_hsf"": 0.010469}"
brick,"brick:n=26,D=8,nn=1",1,"{""n"": 26.0, ""D"": 8.0, ""nn"": 1.0}",cstate,skipped,,,,,,2.531500288420845e-05,,,"{""n"": 26, ""gates"": 334, ""g2"": 100, ""g3"": 0, ""depth2"": 8, ""t_count"": 0, ""rotations"": 702, ""d"": 26, ""dense_l"": 35.2969, ""redundant"": 676, ""obs_zero"": false, ""frame_l"": 61.4553, ""chi_bits"": 4, ""mps_l"": 16.689, ""hsf_k"": 4, ""hsf_na"": 13, ""hsf_nb"": 13, ""hsf_l"": 30.0577, ""sup"": 26, ""chi_bits0"": 4, ""mps_l0"": 16.689, ""hsf_keff"": 4, ""hsf_l0"": 30.0577, ""sparse_l"": 34.3837, ""sv_l"": 34.3837, ""feat_secs"": 0.013778, ""feat_secs_frame"": 0.001483, ""feat_secs_hsf"": 0.012128}"
brick,"brick:n=26,D=12,nn=1",1,"{""n"": 26.0, ""D"": 12.0, ""nn"": 1.0}",cstate,skipped,,,,,,-5.997848576838863e-05,,,"{""n"": 26, ""gates"": 488, ""g2"": 150, ""g3"": 0, ""depth2"": 12, ""t_count"": 0, ""rotations"": 1014, ""d"": 26, ""dense_l"": 35.8781, ""redundant"": 988, ""obs_zero"": false, ""frame_l"": 61.9858, ""chi_bits"": 6, ""mps_l"": 22.2089, ""hsf_k"": 6, ""hsf_na"": 13, ""hsf_nb"": 13, ""hsf_l"": 32.0835, ""sup"": 26, ""chi_bits0"": 6, ""mps_l0"": 22.2089, ""hsf_keff"": 6, ""hsf_l0"": 32.0835, ""sparse_l"": 34.9307, ""sv_l"": 34.9307, ""feat_secs"": 0.028005, ""feat_secs_frame"": 0.0079, ""feat_secs_hsf"": 0.019895}"
brick,"brick:n=26,D=16,nn=1",1,"{""n"": 26.0, ""D"": 16.0, ""nn"": 1.0}",cstate,skipped,,,,,,-3.199056693631863e-05,,,"{""n"": 26, ""gates"": 642, ""g2"": 200, ""g3"": 0, ""depth2"": 16, ""t_count"": 0, ""rotations"": 1326, ""d"": 26, ""dense_l"": 36.2912, ""redundant"": 1300, ""obs_zero"": false, ""frame_l"": 62.3729, ""chi_bits"": 8, ""mps_l"": 27.7395, ""hsf_k"": 8, ""hsf_na"": 13, ""hsf_nb"": 13, ""hsf_l"": 34.1089, ""sup"": 26, ""chi_bits0"": 8, ""mps_l0"": 27.7395, ""hsf_keff"": 8, ""hsf_l0"": 34.1089, ""sparse_l"": 35.3264, ""sv_l"": 35.3264, ""feat_secs"": 0.019101, ""feat_secs_frame"": 0.006981, ""feat_secs_hsf"": 0.011862}"
brick,"brick:n=16,D=1,nn=0",1,"{""n"": 16.0, ""D"": 1.0, ""nn"": 0.0}",cstate,ok,0.006673,0.0104,4947968,7.053591128824559e-05,16,7.0535911288237e-05,8.592302216947623e-18,,"{""n"": 16, ""gates"": 40, ""g2"": 8, ""g3"": 0, ""depth2"": 1, ""t_count"": 0, ""rotations"": 96, ""d"": 16, ""dense_l"": 21.7279, ""redundant"": 80, ""obs_zero"": false, ""frame_l"": 38.585, ""chi_bits"": 4, ""mps_l"": 17.4875, ""hsf_k"": 0, ""hsf_na"": 8, ""hsf_nb"": 8, ""hsf_l"": 16.2095, ""sup"": 16, ""chi_bits0"": 4, ""mps_l0"": 17.4875, ""hsf_keff"": 0, ""hsf_l0"": 16.2095, ""sparse_l"": 21.3219, ""sv_l"": 21.3219, ""feat_secs"": 0.001243, ""feat_secs_frame"": 0.000194, ""feat_secs_hsf"": 0.001028}"
brick,"brick:n=16,D=2,nn=0",1,"{""n"": 16.0, ""D"": 2.0, ""nn"": 0.0}",cstate,ok,0.013784,0.0194,4964352,-0.001213652750229614,16,-0.001213652750229629,1.496198998029996e-17,,"{""n"": 16, ""gates"": 64, ""g2"": 16, ""g3"": 0, ""depth2"": 2, ""t_count"": 0, ""rotations"": 144, ""d"": 16, ""dense_l"": 22.6582, ""redundant"": 128, ""obs_zero"": false, ""frame_l"": 39.1699, ""chi_bits"": 4, ""mps_l"": 19.0971, ""hsf_k"": 0, ""hsf_na"": 8, ""hsf_nb"": 8, ""hsf_l"": 16.3219, ""sup"": 16, ""chi_bits0"": 4, ""mps_l0"": 19.0971, ""hsf_keff"": 0, ""hsf_l0"": 16.3219, ""sparse_l"": 22.0, ""sv_l"": 22.0, ""feat_secs"": 0.001672, ""feat_secs_frame"": 0.000254, ""feat_secs_hsf"": 0.001388}"
brick,"brick:n=16,D=3,nn=0",1,"{""n"": 16.0, ""D"": 3.0, ""nn"": 0.0}",cstate,ok,0.018423,0.0236,5013504,0.0004329447806843625,16,0.0004329447806843689,6.451002926288751e-18,,"{""n"": 16, ""gates"": 88, ""g2"": 24, ""g3"": 0, ""depth2"": 3, ""t_count"": 0, ""rotations"": 192, ""d"": 16, ""dense_l"": 23.2192, ""redundant"": 176, ""obs_zero"": false, ""frame_l"": 39.585, ""chi_bits"": 8, ""mps_l"": 28.9587, ""hsf_k"": 2, ""hsf_na"": 8, ""hsf_nb"": 8, ""hsf_l"": 18.4263, ""sup"": 16, ""chi_bits0"": 8, ""mps_l0"": 28.9587, ""hsf_keff"": 2, ""hsf_l0"": 18.4263, ""sparse_l"": 22.4594, ""sv_l"": 22.4594, ""feat_secs"": 0.002568, ""feat_secs_frame"": 0.000353, ""feat_secs_hsf"": 0.002184}"
brick,"brick:n=16,D=4,nn=0",1,"{""n"": 16.0, ""D"": 4.0, ""nn"": 0.0}",cstate,ok,0.02587,0.0317,4997120,0.007074156299159568,16,0.0070741562991595,6.765421556309548e-17,,"{""n"": 16, ""gates"": 112, ""g2"": 32, ""g3"": 0, ""depth2"": 4, ""t_count"": 0, ""rotations"": 240, ""d"": 16, ""dense_l"": 23.6221, ""redundant"": 224, ""obs_zero"": false, ""frame_l"": 39.9069, ""chi_bits"": 8, ""mps_l"": 29.7929, ""hsf_k"": 6, ""hsf_na"": 8, ""hsf_nb"": 8, ""hsf_l"": 22.5236, ""sup"": 16, ""chi_bits0"": 8, ""mps_l0"": 29.7929, ""hsf_keff"": 6, ""hsf_l0"": 22.5236, ""sparse_l"": 22.8074, ""sv_l"": 22.8074, ""feat_secs"": 0.003249, ""feat_secs_frame"": 0.000414, ""feat_secs_hsf"": 0.002797}"
brick,"brick:n=16,D=6,nn=0",1,"{""n"": 16.0, ""D"": 6.0, ""nn"": 0.0}",cstate,ok,0.037568,0.0429,5079040,0.0007761913838449392,16,0.000776191383844975,3.5778671692021646e-17,,"{""n"": 16, ""gates"": 160, ""g2"": 48, ""g3"": 0, ""depth2"": 6, ""t_count"": 0, ""rotations"": 336, ""d"": 16, ""dense_l"": 24.1948, ""redundant"": 320, ""obs_zero"": false, ""frame_l"": 40.3923, ""chi_bits"": 8, ""mps_l"": 31.4676, ""hsf_k"": 8, ""hsf_na"": 5, ""hsf_nb"": 11, ""hsf_l"": 26.585, ""sup"": 16, ""chi_bits0"": 8, ""mps_l0"": 31.4676, ""hsf_keff"": 8, ""hsf_l0"": 26.585, ""sparse_l"": 23.3219, ""sv_l"": 23.3219, ""feat_secs"": 0.005183, ""feat_secs_frame"": 0.000667, ""feat_secs_hsf"": 0.004463}"
brick,"brick:n=24,D=1,nn=0",1,"{""n"": 24.0, ""D"": 1.0, ""nn"": 0.0}",cstate,ok,2.08277,2.0893,606650368,4.558468270054569e-12,24,4.558467273147248e-12,9.969073217087393e-19,,"{""n"": 24, ""gates"": 60, ""g2"": 12, ""g3"": 0, ""depth2"": 1, ""t_count"": 0, ""rotations"": 144, ""d"": 24, ""dense_l"": 30.2668, ""redundant"": 120, ""obs_zero"": false, ""frame_l"": 55.1699, ""chi_bits"": 8, ""mps_l"": 27.252, ""hsf_k"": 0, ""hsf_na"": 12, ""hsf_nb"": 12, ""hsf_l"": 24.021, ""sup"": 24, ""chi_bits0"": 8, ""mps_l0"": 27.252, ""hsf_keff"": 0, ""hsf_l0"": 24.021, ""sparse_l"": 29.9069, ""sv_l"": 29.9069, ""feat_secs"": 0.003426, ""feat_secs_frame"": 0.000265, ""feat_secs_hsf"": 0.003134}"
brick,"brick:n=24,D=2,nn=0",1,"{""n"": 24.0, ""D"": 2.0, ""nn"": 0.0}",cstate,ok,4.000598,4.0062,608043008,-1.543020314857086e-06,24,-1.543020314855415e-06,1.670984246695921e-18,,"{""n"": 24, ""gates"": 96, ""g2"": 24, ""g3"": 0, ""depth2"": 2, ""t_count"": 0, ""rotations"": 216, ""d"": 24, ""dense_l"": 31.2192, ""redundant"": 192, ""obs_zero"": false, ""frame_l"": 55.7549, ""chi_bits"": 10, ""mps_l"": 34.7963, ""hsf_k"": 0, ""hsf_na"": 12, ""hsf_nb"": 12, ""hsf_l"": 24.0334, ""sup"": 24, ""chi_bits0"": 10, ""mps_l0"": 34.7963, ""hsf_keff"": 0, ""hsf_l0"": 24.0334, ""sparse_l"": 30.585, ""sv_l"": 30.585, ""feat_secs"": 0.005452, ""feat_secs_frame"": 0.000467, ""feat_secs_hsf"": 0.004949}"
brick,"brick:n=24,D=3,nn=0",1,"{""n"": 24.0, ""D"": 3.0, ""nn"": 0.0}",cstate,ok,5.925639,5.9309,608075776,-9.24006541908769e-05,24,-9.240065419087313e-05,3.767602549387128e-18,,"{""n"": 24, ""gates"": 132, ""g2"": 36, ""g3"": 0, ""depth2"": 3, ""t_count"": 0, ""rotations"": 288, ""d"": 24, ""dense_l"": 31.7879, ""redundant"": 264, ""obs_zero"": false, ""frame_l"": 56.1699, ""chi_bits"": 12, ""mps_l"": 40.8285, ""hsf_k"": 5, ""hsf_na"": 11, ""hsf_nb"": 13, ""hsf_l"": 29.0901, ""sup"": 24, ""chi_bits0"": 12, ""mps_l0"": 40.8285, ""hsf_keff"": 5, ""hsf_l0"": 29.0901, ""sparse_l"": 31.0444, ""sv_l"": 31.0444, ""feat_secs"": 0.00758, ""feat_secs_frame"": 0.000571, ""feat_secs_hsf"": 0.006959}"
brick,"brick:n=24,D=4,nn=0",1,"{""n"": 24.0, ""D"": 4.0, ""nn"": 0.0}",cstate,ok,7.850757,7.8563,608157696,-0.0001531558021112648,24,-0.0001531558021112767,1.1899118843028411e-17,,"{""n"": 24, ""gates"": 168, ""g2"": 48, ""g3"": 0, ""depth2"": 4, ""t_count"": 0, ""rotations"": 360, ""d"": 24, ""dense_l"": 32.1948, ""redundant"": 336, ""obs_zero"": false, ""frame_l"": 56.4919, ""chi_bits"": 12, ""mps_l"": 42.475, ""hsf_k"": 8, ""hsf_na"": 10, ""hsf_nb"": 14, ""hsf_l"": 32.2192, ""sup"": 24, ""chi_bits0"": 12, ""mps_l0"": 42.475, ""hsf_keff"": 8, ""hsf_l0"": 32.2192, ""sparse_l"": 31.3923, ""sv_l"": 31.3923, ""feat_secs"": 0.00936, ""feat_secs_frame"": 0.000794, ""feat_secs_hsf"": 0.008499}"
brick,"brick:n=24,D=6,nn=0",1,"{""n"": 24.0, ""D"": 6.0, ""nn"": 0.0}",cstate,timeout,,10.0080,608174080,,,-0.0006824211068258338,,timeout,"{""n"": 24, ""gates"": 240, ""g2"": 72, ""g3"": 0, ""depth2"": 6, ""t_count"": 0, ""rotations"": 504, ""d"": 24, ""dense_l"": 32.7715, ""redundant"": 480, ""obs_zero"": false, ""frame_l"": 56.9773, ""chi_bits"": 12, ""mps_l"": 44.3077, ""hsf_k"": 16, ""hsf_na"": 12, ""hsf_nb"": 12, ""hsf_l"": 40.0821, ""sup"": 24, ""chi_bits0"": 12, ""mps_l0"": 44.3077, ""hsf_keff"": 16, ""hsf_l0"": 40.0821, ""sparse_l"": 31.9069, ""sv_l"": 31.9069, ""feat_secs"": 0.016415, ""feat_secs_frame"": 0.000968, ""feat_secs_hsf"": 0.015371}"
