family,spec,seed,params,engine,status,secs,wall,rss,value,size,ref,abs_err,note,features
ct,"ct:n=24,L=1,t=0,nn=1",1,"{""n"": 24.0, ""L"": 1.0, ""t"": 0.0, ""nn"": 1.0}",sv,ok,0.292722,0.3010,271630336,0.0,16777216,0.0,0.0,,"{""n"": 24, ""gates"": 36, ""g2"": 12, ""g3"": 0, ""depth2"": 1, ""t_count"": 0, ""rotations"": 0, ""d"": 0, ""dense_l"": 0.0, ""redundant"": 0, ""obs_zero"": true, ""frame_l"": 5.1699, ""chi_bits"": 1, ""mps_l"": 6.9069, ""hsf_k"": 0, ""hsf_na"": 12, ""hsf_nb"": 12, ""hsf_l"": 24.0126, ""sup"": 12, ""chi_bits0"": 1, ""mps_l0"": 6.9069, ""hsf_keff"": 0, ""hsf_l0"": 24.0126, ""sparse_l"": 17.1699, ""sv_l"": 29.1699, ""feat_secs"": 0.003215, ""feat_secs_frame"": 6.6e-05, ""feat_secs_hsf"": 0.00312}"
ct,"ct:n=24,L=1,t=0,nn=1",1,"{""n"": 24.0, ""L"": 1.0, ""t"": 0.0, ""nn"": 1.0}",sparse,ok,0.000654,0.0044,2457600,4.336808689942018e-19,4096,0.0,4.336808689942018e-19,,"{""n"": 24, ""gates"": 36, ""g2"": 12, ""g3"": 0, ""depth2"": 1, ""t_count"": 0, ""rotations"": 0, ""d"": 0, ""dense_l"": 0.0, ""redundant"": 0, ""obs_zero"": true, ""frame_l"": 5.1699, ""chi_bits"": 1, ""mps_l"": 6.9069, ""hsf_k"": 0, ""hsf_na"": 12, ""hsf_nb"": 12, ""hsf_l"": 24.0126, ""sup"": 12, ""chi_bits0"": 1, ""mps_l0"": 6.9069, ""hsf_keff"": 0, ""hsf_l0"": 24.0126, ""sparse_l"": 17.1699, ""sv_l"": 29.1699, ""feat_secs"": 0.003215, ""feat_secs_frame"": 6.6e-05, ""feat_secs_hsf"": 0.00312}"
ct,"ct:n=24,L=1,t=0,nn=1",1,"{""n"": 24.0, ""L"": 1.0, ""t"": 0.0, ""nn"": 1.0}",mps,ok,0.000136,0.0044,2260992,0.0,2,0.0,0.0,,"{""n"": 24, ""gates"": 36, ""g2"": 12, ""g3"": 0, ""depth2"": 1, ""t_count"": 0, ""rotations"": 0, ""d"": 0, ""dense_l"": 0.0, ""redundant"": 0, ""obs_zero"": true, ""frame_l"": 5.1699, ""chi_bits"": 1, ""mps_l"": 6.9069, ""hsf_k"": 0, ""hsf_na"": 12, ""hsf_nb"": 12, ""hsf_l"": 24.0126, ""sup"": 12, ""chi_bits0"": 1, ""mps_l0"": 6.9069, ""hsf_keff"": 0, ""hsf_l0"": 24.0126, ""sparse_l"": 17.1699, ""sv_l"": 29.1699, ""feat_secs"": 0.003215, ""feat_secs_frame"": 6.6e-05, ""feat_secs_hsf"": 0.00312}"
ct,"ct:n=24,L=1,t=0,nn=1",1,"{""n"": 24.0, ""L"": 1.0, ""t"": 0.0, ""nn"": 1.0}",hsf,ok,0.053502,0.0581,271187968,0.0,1,0.0,0.0,,"{""n"": 24, ""gates"": 36, ""g2"": 12, ""g3"": 0, ""depth2"": 1, ""t_count"": 0, ""rotations"": 0, ""d"": 0, ""dense_l"": 0.0, ""redundant"": 0, ""obs_zero"": true, ""frame_l"": 5.1699, ""chi_bits"": 1, ""mps_l"": 6.9069, ""hsf_k"": 0, ""hsf_na"": 12, ""hsf_nb"": 12, ""hsf_l"": 24.0126, ""sup"": 12, ""chi_bits0"": 1, ""mps_l0"": 6.9069, ""hsf_keff"": 0, ""hsf_l0"": 24.0126, ""sparse_l"": 17.1699, ""sv_l"": 29.1699, ""feat_secs"": 0.003215, ""feat_secs_frame"": 6.6e-05, ""feat_secs_hsf"": 0.00312}"
ct,"ct:n=24,L=1,t=0,nn=1",1,"{""n"": 24.0, ""L"": 1.0, ""t"": 0.0, ""nn"": 1.0}",tableau,ok,4.5e-05,0.0047,2015232,-0.0,0,0.0,0.0,,"{""n"": 24, ""gates"": 36, ""g2"": 12, ""g3"": 0, ""depth2"": 1, ""t_count"": 0, ""rotations"": 0, ""d"": 0, ""dense_l"": 0.0, ""redundant"": 0, ""obs_zero"": true, ""frame_l"": 5.1699, ""chi_bits"": 1, ""mps_l"": 6.9069, ""hsf_k"": 0, ""hsf_na"": 12, ""hsf_nb"": 12, ""hsf_l"": 24.0126, ""sup"": 12, ""chi_bits0"": 1, ""mps_l0"": 6.9069, ""hsf_keff"": 0, ""hsf_l0"": 24.0126, ""sparse_l"": 17.1699, ""sv_l"": 29.1699, ""feat_secs"": 0.003215, ""feat_secs_frame"": 6.6e-05, ""feat_secs_hsf"": 0.00312}"
ct,"ct:n=24,L=1,t=0,nn=1",1,"{""n"": 24.0, ""L"": 1.0, ""t"": 0.0, ""nn"": 1.0}",frame,ok,6.7e-05,0.0044,2080768,-0.0,0,0.0,0.0,switched_at=None dense_qubits=0 peak_terms=0 term_visits=0 dense_ops=0,"{""n"": 24, ""gates"": 36, ""g2"": 12, ""g3"": 0, ""depth2"": 1, ""t_count"": 0, ""rotations"": 0, ""d"": 0, ""dense_l"": 0.0, ""redundant"": 0, ""obs_zero"": true, ""frame_l"": 5.1699, ""chi_bits"": 1, ""mps_l"": 6.9069, ""hsf_k"": 0, ""hsf_na"": 12, ""hsf_nb"": 12, ""hsf_l"": 24.0126, ""sup"": 12, ""chi_bits0"": 1, ""mps_l0"": 6.9069, ""hsf_keff"": 0, ""hsf_l0"": 24.0126, ""sparse_l"": 17.1699, ""sv_l"": 29.1699, ""feat_secs"": 0.003215, ""feat_secs_frame"": 6.6e-05, ""feat_secs_hsf"": 0.00312}"
ct,"ct:n=24,L=1,t=0,nn=1",1,"{""n"": 24.0, ""L"": 1.0, ""t"": 0.0, ""nn"": 1.0}",dense,ok,8.5e-05,0.0069,2080768,-0.0,0,0.0,0.0,switched_at=None dense_qubits=0 peak_terms=0 term_visits=0 dense_ops=0,"{""n"": 24, ""gates"": 36, ""g2"": 12, ""g3"": 0, ""depth2"": 1, ""t_count"": 0, ""rotations"": 0, ""d"": 0, ""dense_l"": 0.0, ""redundant"": 0, ""obs_zero"": true, ""frame_l"": 5.1699, ""chi_bits"": 1, ""mps_l"": 6.9069, ""hsf_k"": 0, ""hsf_na"": 12, ""hsf_nb"": 12, ""hsf_l"": 24.0126, ""sup"": 12, ""chi_bits0"": 1, ""mps_l0"": 6.9069, ""hsf_keff"": 0, ""hsf_l0"": 24.0126, ""sparse_l"": 17.1699, ""sv_l"": 29.1699, ""feat_secs"": 0.003215, ""feat_secs_frame"": 6.6e-05, ""feat_secs_hsf"": 0.00312}"
ct,"ct:n=24,L=1,t=0,nn=1",1,"{""n"": 24.0, ""L"": 1.0, ""t"": 0.0, ""nn"": 1.0}",auto,ok,7.2e-05,0.0045,2080768,-0.0,0,0.0,0.0,switched_at=None dense_qubits=0 peak_terms=0 term_visits=0 dense_ops=0,"{""n"": 24, ""gates"": 36, ""g2"": 12, ""g3"": 0, ""depth2"": 1, ""t_count"": 0, ""rotations"": 0, ""d"": 0, ""dense_l"": 0.0, ""redundant"": 0, ""obs_zero"": true, ""frame_l"": 5.1699, ""chi_bits"": 1, ""mps_l"": 6.9069, ""hsf_k"": 0, ""hsf_na"": 12, ""hsf_nb"": 12, ""hsf_l"": 24.0126, ""sup"": 12, ""chi_bits0"": 1, ""mps_l0"": 6.9069, ""hsf_keff"": 0, ""hsf_l0"": 24.0126, ""sparse_l"": 17.1699, ""sv_l"": 29.1699, ""feat_secs"": 0.003215, ""feat_secs_frame"": 6.6e-05, ""feat_secs_hsf"": 0.00312}"
ct,"ct:n=24,L=1,t=2,nn=1",1,"{""n"": 24.0, ""L"": 1.0, ""t"": 2.0, ""nn"": 1.0}",sv,ok,0.304701,0.3111,272154624,0.0,16777216,0.0,0.0,,"{""n"": 24, ""gates"": 40, ""g2"": 12, ""g3"": 0, ""depth2"": 1, ""t_count"": 2, ""rotations"": 2, ""d"": 1, ""dense_l"": 1.585, ""redundant"": 1, ""obs_zero"": true, ""frame_l"": 5.3219, ""chi_bits"": 1, ""mps_l"": 6.9542, ""hsf_k"": 0, ""hsf_na"": 12, ""hsf_nb"": 12, ""hsf_l"": 24.014, ""sup"": 13, ""chi_bits0"": 1, ""mps_l0"": 6.9542, ""hsf_keff"": 0, ""hsf_l0"": 24.014, ""sparse_l"": 18.3219, ""sv_l"": 29.3219, ""feat_secs"": 0.003289, ""feat_secs_frame"": 6.9e-05, ""feat_secs_hsf"": 0.0032}"
ct,"ct:n=24,L=1,t=2,nn=1",1,"{""n"": 24.0, ""L"": 1.0, ""t"": 2.0, ""nn"": 1.0}",sparse,ok,0.002097,0.0073,3735552,3.957337929572091e-18,8192,0.0,3.957337929572091e-18,,"{""n"": 24, ""gates"": 40, ""g2"": 12, ""g3"": 0, ""depth2"": 1, ""t_count"": 2, ""rotations"": 2, ""d"": 1, ""dense_l"": 1.585, ""redundant"": 1, ""obs_zero"": true, ""frame_l"": 5.3219, ""chi_bits"": 1, ""mps_l"": 6.9542, ""hsf_k"": 0, ""hsf_na"": 12, ""hsf_nb"": 12, ""hsf_l"": 24.014, ""sup"": 13, ""chi_bits0"": 1, ""mps_l0"": 6.9542, ""hsf_keff"": 0, ""hsf_l0"": 24.014, ""sparse_l"": 18.3219, ""sv_l"": 29.3219, ""feat_secs"": 0.003289, ""feat_secs_frame"": 6.9e-05, ""feat_secs_hsf"": 0.0032}"
ct,"ct:n=24,L=1,t=2,nn=1",1,"{""n"": 24.0, ""L"": 1.0, ""t"": 2.0, ""nn"": 1.0}",mps,ok,0.000132,0.0051,2277376,0.0,2,0.0,0.0,,"{""n"": 24, ""gates"": 40, ""g2"": 12, ""g3"": 0, ""depth2"": 1, ""t_count"": 2, ""rotations"": 2, ""d"": 1, ""dense_l"": 1.585, ""redundant"": 1, ""obs_zero"": true, ""frame_l"": 5.3219, ""chi_bits"": 1, ""mps_l"": 6.9542, ""hsf_k"": 0, ""hsf_na"": 12, ""hsf_nb"": 12, ""hsf_l"": 24.014, ""sup"": 13, ""chi_bits0"": 1, ""mps_l0"": 6.9542, ""hsf_keff"": 0, ""hsf_l0"": 24.014, ""sparse_l"": 18.3219, ""sv_l"": 29.3219, ""feat_secs"": 0.003289, ""feat_secs_frame"": 6.9e-05, ""feat_secs_hsf"": 0.0032}"
ct,"ct:n=24,L=1,t=2,nn=1",1,"{""n"": 24.0, ""L"": 1.0, ""t"": 2.0, ""nn"": 1.0}",hsf,ok,0.055518,0.0616,271187968,0.0,1,0.0,0.0,,"{""n"": 24, ""gates"": 40, ""g2"": 12, ""g3"": 0, ""depth2"": 1, ""t_count"": 2, ""rotations"": 2, ""d"": 1, ""dense_l"": 1.585, ""redundant"": 1, ""obs_zero"": true, ""frame_l"": 5.3219, ""chi_bits"": 1, ""mps_l"": 6.9542, ""hsf_k"": 0, ""hsf_na"": 12, ""hsf_nb"": 12, ""hsf_l"": 24.014, ""sup"": 13, ""chi_bits0"": 1, ""mps_l0"": 6.9542, ""hsf_keff"": 0, ""hsf_l0"": 24.014, ""sparse_l"": 18.3219, ""sv_l"": 29.3219, ""feat_secs"": 0.003289, ""feat_secs_frame"": 6.9e-05, ""feat_secs_hsf"": 0.0032}"
ct,"ct:n=24,L=1,t=2,nn=1",1,"{""n"": 24.0, ""L"": 1.0, ""t"": 2.0, ""nn"": 1.0}",tableau,na,,0.0047,1835008,,,0.0,,"TooLarge { what: ""tableau (non-Clifford circuit)"", bytes: 0, limit: 0 }","{""n"": 24, ""gates"": 40, ""g2"": 12, ""g3"": 0, ""depth2"": 1, ""t_count"": 2, ""rotations"": 2, ""d"": 1, ""dense_l"": 1.585, ""redundant"": 1, ""obs_zero"": true, ""frame_l"": 5.3219, ""chi_bits"": 1, ""mps_l"": 6.9542, ""hsf_k"": 0, ""hsf_na"": 12, ""hsf_nb"": 12, ""hsf_l"": 24.014, ""sup"": 13, ""chi_bits0"": 1, ""mps_l0"": 6.9542, ""hsf_keff"": 0, ""hsf_l0"": 24.014, ""sparse_l"": 18.3219, ""sv_l"": 29.3219, ""feat_secs"": 0.003289, ""feat_secs_frame"": 6.9e-05, ""feat_secs_hsf"": 0.0032}"
ct,"ct:n=24,L=1,t=2,nn=1",1,"{""n"": 24.0, ""L"": 1.0, ""t"": 2.0, ""nn"": 1.0}",frame,ok,0.000232,0.0043,2490368,-0.0,0,0.0,0.0,switched_at=None dense_qubits=0 peak_terms=0 term_visits=0 dense_ops=0,"{""n"": 24, ""gates"": 40, ""g2"": 12, ""g3"": 0, ""depth2"": 1, ""t_count"": 2, ""rotations"": 2, ""d"": 1, ""dense_l"": 1.585, ""redundant"": 1, ""obs_zero"": true, ""frame_l"": 5.3219, ""chi_bits"": 1, ""mps_l"": 6.9542, ""hsf_k"": 0, ""hsf_na"": 12, ""hsf_nb"": 12, ""hsf_l"": 24.014, ""sup"": 13, ""chi_bits0"": 1, ""mps_l0"": 6.9542, ""hsf_keff"": 0, ""hsf_l0"": 24.014, ""sparse_l"": 18.3219, ""sv_l"": 29.3219, ""feat_secs"": 0.003289, ""feat_secs_frame"": 6.9e-05, ""feat_secs_hsf"": 0.0032}"
ct,"ct:n=24,L=1,t=2,nn=1",1,"{""n"": 24.0, ""L"": 1.0, ""t"": 2.0, ""nn"": 1.0}",dense,ok,7.9e-05,0.0045,2129920,0.0,1,0.0,0.0,switched_at=Some(2) dense_qubits=1 peak_terms=0 term_visits=0 dense_ops=3,"{""n"": 24, ""gates"": 40, ""g2"": 12, ""g3"": 0, ""depth2"": 1, ""t_count"": 2, ""rotations"": 2, ""d"": 1, ""dense_l"": 1.585, ""redundant"": 1, ""obs_zero"": true, ""frame_l"": 5.3219, ""chi_bits"": 1, ""mps_l"": 6.9542, ""hsf_k"": 0, ""hsf_na"": 12, ""hsf_nb"": 12, ""hsf_l"": 24.014, ""sup"": 13, ""chi_bits0"": 1, ""mps_l0"": 6.9542, ""hsf_keff"": 0, ""hsf_l0"": 24.014, ""sparse_l"": 18.3219, ""sv_l"": 29.3219, ""feat_secs"": 0.003289, ""feat_secs_frame"": 6.9e-05, ""feat_secs_hsf"": 0.0032}"
ct,"ct:n=24,L=1,t=2,nn=1",1,"{""n"": 24.0, ""L"": 1.0, ""t"": 2.0, ""nn"": 1.0}",auto,ok,8.5e-05,0.0045,2146304,0.0,1,0.0,0.0,switched_at=Some(2) dense_qubits=1 peak_terms=0 term_visits=0 dense_ops=3,"{""n"": 24, ""gates"": 40, ""g2"": 12, ""g3"": 0, ""depth2"": 1, ""t_count"": 2, ""rotations"": 2, ""d"": 1, ""dense_l"": 1.585, ""redundant"": 1, ""obs_zero"": true, ""frame_l"": 5.3219, ""chi_bits"": 1, ""mps_l"": 6.9542, ""hsf_k"": 0, ""hsf_na"": 12, ""hsf_nb"": 12, ""hsf_l"": 24.014, ""sup"": 13, ""chi_bits0"": 1, ""mps_l0"": 6.9542, ""hsf_keff"": 0, ""hsf_l0"": 24.014, ""sparse_l"": 18.3219, ""sv_l"": 29.3219, ""feat_secs"": 0.003289, ""feat_secs_frame"": 6.9e-05, ""feat_secs_hsf"": 0.0032}"
ct,"ct:n=24,L=1,t=4,nn=1",1,"{""n"": 24.0, ""L"": 1.0, ""t"": 4.0, ""nn"": 1.0}",sv,ok,0.335385,0.3411,272171008,0.0,16777216,0.0,0.0,,"{""n"": 24, ""gates"": 44, ""g2"": 12, ""g3"": 0, ""depth2"": 1, ""t_count"": 4, ""rotations"": 4, ""d"": 1, ""dense_l"": 2.3219, ""redundant"": 3, ""obs_zero"": true, ""frame_l"": 5.4594, ""chi_bits"": 1, ""mps_l"": 7.0, ""hsf_k"": 0, ""hsf_na"": 12, ""hsf_nb"": 12, ""hsf_l"": 24.0154, ""sup"": 16, ""chi_bits0"": 1, ""mps_l0"": 7.0, ""hsf_keff"": 0, ""hsf_l0"": 24.0154, ""sparse_l"": 21.4594, ""sv_l"": 29.4594, ""feat_secs"": 0.00292, ""feat_secs_frame"": 7.4e-05, ""feat_secs_hsf"": 0.002828}"
ct,"ct:n=24,L=1,t=4,nn=1",1,"{""n"": 24.0, ""L"": 1.0, ""t"": 4.0, ""nn"": 1.0}",sparse,ok,0.016422,0.0225,15089664,-5.807257886375483e-18,65536,0.0,5.807257886375483e-18,,"{""n"": 24, ""gates"": 44, ""g2"": 12, ""g3"": 0, ""depth2"": 1, ""t_count"": 4, ""rotations"": 4, ""d"": 1, ""dense_l"": 2.3219, ""redundant"": 3, ""obs_zero"": true, ""frame_l"": 5.4594, ""chi_bits"": 1, ""mps_l"": 7.0, ""hsf_k"": 0, ""hsf_na"": 12, ""hsf_nb"": 12, ""hsf_l"": 24.0154, ""sup"": 16, ""chi_bits0"": 1, ""mps_l0"": 7.0, ""hsf_keff"": 0, ""hsf_l0"": 24.0154, ""sparse_l"": 21.4594, ""sv_l"": 29.4594, ""feat_secs"": 0.00292, ""feat_secs_frame"": 7.4e-05, ""feat_secs_hsf"": 0.002828}"
ct,"ct:n=24,L=1,t=4,nn=1",1,"{""n"": 24.0, ""L"": 1.0, ""t"": 4.0, ""nn"": 1.0}",mps,ok,0.000205,0.0077,2277376,0.0,2,0.0,0.0,,"{""n"": 24, ""gates"": 44, ""g2"": 12, ""g3"": 0, ""depth2"": 1, ""t_count"": 4, ""rotations"": 4, ""d"": 1, ""dense_l"": 2.3219, ""redundant"": 3, ""obs_zero"": true, ""frame_l"": 5.4594, ""chi_bits"": 1, ""mps_l"": 7.0, ""hsf_k"": 0, ""hsf_na"": 12, ""hsf_nb"": 12, ""hsf_l"": 24.0154, ""sup"": 16, ""chi_bits0"": 1, ""mps_l0"": 7.0, ""hsf_keff"": 0, ""hsf_l0"": 24.0154, ""sparse_l"": 21.4594, ""sv_l"": 29.4594, ""feat_secs"": 0.00292, ""feat_secs_frame"": 7.4e-05, ""feat_secs_hsf"": 0.002828}"
ct,"ct:n=24,L=1,t=4,nn=1",1,"{""n"": 24.0, ""L"": 1.0, ""t"": 4.0, ""nn"": 1.0}",hsf,ok,0.056825,0.0622,271171584,0.0,1,0.0,0.0,,"{""n"": 24, ""gates"": 44, ""g2"": 12, ""g3"": 0, ""depth2"": 1, ""t_count"": 4, ""rotations"": 4, ""d"": 1, ""dense_l"": 2.3219, ""redundant"": 3, ""obs_zero"": true, ""frame_l"": 5.4594, ""chi_bits"": 1, ""mps_l"": 7.0, ""hsf_k"": 0, ""hsf_na"": 12, ""hsf_nb"": 12, ""hsf_l"": 24.0154, ""sup"": 16, ""chi_bits0"": 1, ""mps_l0"": 7.0, ""hsf_keff"": 0, ""hsf_l0"": 24.0154, ""sparse_l"": 21.4594, ""sv_l"": 29.4594, ""feat_secs"": 0.00292, ""feat_secs_frame"": 7.4e-05, ""feat_secs_hsf"": 0.002828}"
ct,"ct:n=24,L=1,t=4,nn=1",1,"{""n"": 24.0, ""L"": 1.0, ""t"": 4.0, ""nn"": 1.0}",tableau,na,,0.0050,1835008,,,0.0,,"TooLarge { what: ""tableau (non-Clifford circuit)"", bytes: 0, limit: 0 }","{""n"": 24, ""gates"": 44, ""g2"": 12, ""g3"": 0, ""depth2"": 1, ""t_count"": 4, ""rotations"": 4, ""d"": 1, ""dense_l"": 2.3219, ""redundant"": 3, ""obs_zero"": true, ""frame_l"": 5.4594, ""chi_bits"": 1, ""mps_l"": 7.0, ""hsf_k"": 0, ""hsf_na"": 12, ""hsf_nb"": 12, ""hsf_l"": 24.0154, ""sup"": 16, ""chi_bits0"": 1, ""mps_l0"": 7.0, ""hsf_keff"": 0, ""hsf_l0"": 24.0154, ""sparse_l"": 21.4594, ""sv_l"": 29.4594, ""feat_secs"": 0.00292, ""feat_secs_frame"": 7.4e-05, ""feat_secs_hsf"": 0.002828}"
ct,"ct:n=24,L=1,t=4,nn=1",1,"{""n"": 24.0, ""L"": 1.0, ""t"": 4.0, ""nn"": 1.0}",frame,ok,0.000215,0.0046,2490368,-0.0,0,0.0,0.0,switched_at=None dense_qubits=0 peak_terms=0 term_visits=0 dense_ops=0,"{""n"": 24, ""gates"": 44, ""g2"": 12, ""g3"": 0, ""depth2"": 1, ""t_count"": 4, ""rotations"": 4, ""d"": 1, ""dense_l"": 2.3219, ""redundant"": 3, ""obs_zero"": true, ""frame_l"": 5.4594, ""chi_bits"": 1, ""mps_l"": 7.0, ""hsf_k"": 0, ""hsf_na"": 12, ""hsf_nb"": 12, ""hsf_l"": 24.0154, ""sup"": 16, ""chi_bits0"": 1, ""mps_l0"": 7.0, ""hsf_keff"": 0, ""hsf_l0"": 24.0154, ""sparse_l"": 21.4594, ""sv_l"": 29.4594, ""feat_secs"": 0.00292, ""feat_secs_frame"": 7.4e-05, ""feat_secs_hsf"": 0.002828}"
ct,"ct:n=24,L=1,t=4,nn=1",1,"{""n"": 24.0, ""L"": 1.0, ""t"": 4.0, ""nn"": 1.0}",dense,ok,8.8e-05,0.0047,2146304,0.0,1,0.0,0.0,switched_at=Some(4) dense_qubits=1 peak_terms=0 term_visits=0 dense_ops=5,"{""n"": 24, ""gates"": 44, ""g2"": 12, ""g3"": 0, ""depth2"": 1, ""t_count"": 4, ""rotations"": 4, ""d"": 1, ""dense_l"": 2.3219, ""redundant"": 3, ""obs_zero"": true, ""frame_l"": 5.4594, ""chi_bits"": 1, ""mps_l"": 7.0, ""hsf_k"": 0, ""hsf_na"": 12, ""hsf_nb"": 12, ""hsf_l"": 24.0154, ""sup"": 16, ""chi_bits0"": 1, ""mps_l0"": 7.0, ""hsf_keff"": 0, ""hsf_l0"": 24.0154, ""sparse_l"": 21.4594, ""sv_l"": 29.4594, ""feat_secs"": 0.00292, ""feat_secs_frame"": 7.4e-05, ""feat_secs_hsf"": 0.002828}"
ct,"ct:n=24,L=1,t=4,nn=1",1,"{""n"": 24.0, ""L"": 1.0, ""t"": 4.0, ""nn"": 1.0}",auto,ok,9.7e-05,0.0045,2146304,0.0,1,0.0,0.0,switched_at=Some(4) dense_qubits=1 peak_terms=0 term_visits=0 dense_ops=5,"{""n"": 24, ""gates"": 44, ""g2"": 12, ""g3"": 0, ""depth2"": 1, ""t_count"": 4, ""rotations"": 4, ""d"": 1, ""dense_l"": 2.3219, ""redundant"": 3, ""obs_zero"": true, ""frame_l"": 5.4594, ""chi_bits"": 1, ""mps_l"": 7.0, ""hsf_k"": 0, ""hsf_na"": 12, ""hsf_nb"": 12, ""hsf_l"": 24.0154, ""sup"": 16, ""chi_bits0"": 1, ""mps_l0"": 7.0, ""hsf_keff"": 0, ""hsf_l0"": 24.0154, ""sparse_l"": 21.4594, ""sv_l"": 29.4594, ""feat_secs"": 0.00292, ""feat_secs_frame"": 7.4e-05, ""feat_secs_hsf"": 0.002828}"
ct,"ct:n=24,L=1,t=8,nn=1",1,"{""n"": 24.0, ""L"": 1.0, ""t"": 8.0, ""nn"": 1.0}",sv,ok,0.343725,0.3503,272187392,5.082197683525802e-21,16777216,5.082197683525802e-21,0.0,,"{""n"": 24, ""gates"": 52, ""g2"": 12, ""g3"": 0, ""depth2"": 1, ""t_count"": 8, ""rotations"": 8, ""d"": 4, ""dense_l"": 5.858, ""redundant"": 4, ""obs_zero"": true, ""frame_l"": 5.7004, ""chi_bits"": 1, ""mps_l"": 7.0875, ""hsf_k"": 0, ""hsf_na"": 12, ""hsf_nb"": 12, ""hsf_l"": 24.0182, ""sup"": 17, ""chi_bits0"": 1, ""mps_l0"": 7.0875, ""hsf_keff"": 0, ""hsf_l0"": 24.0182, ""sparse_l"": 22.7004, ""sv_l"": 29.7004, ""feat_secs"": 0.002868, ""feat_secs_frame"": 7.9e-05, ""feat_secs_hsf"": 0.002768}"
ct,"ct:n=24,L=1,t=8,nn=1",1,"{""n"": 24.0, ""L"": 1.0, ""t"": 8.0, ""nn"": 1.0}",sparse,ok,0.026569,0.0333,14319616,1.186184939334922e-17,131072,5.082197683525802e-21,1.1856767195665695e-17,,"{""n"": 24, ""gates"": 52, ""g2"": 12, ""g3"": 0, ""depth2"": 1, ""t_count"": 8, ""rotations"": 8, ""d"": 4, ""dense_l"": 5.858, ""redundant"": 4, ""obs_zero"": true, ""frame_l"": 5.7004, ""chi_bits"": 1, ""mps_l"": 7.0875, ""hsf_k"": 0, ""hsf_na"": 12, ""hsf_nb"": 12, ""hsf_l"": 24.0182, ""sup"": 17, ""chi_bits0"": 1, ""mps_l0"": 7.0875, ""hsf_keff"": 0, ""hsf_l0"": 24.0182, ""sparse_l"": 22.7004, ""sv_l"": 29.7004, ""feat_secs"": 0.002868, ""feat_secs_frame"": 7.9e-05, ""feat_secs_hsf"": 0.002768}"
ct,"ct:n=24,L=1,t=8,nn=1",1,"{""n"": 24.0, ""L"": 1.0, ""t"": 8.0, ""nn"": 1.0}",mps,ok,0.000162,0.0076,2277376,0.0,2,5.082197683525802e-21,5.082197683525802e-21,,"{""n"": 24, ""gates"": 52, ""g2"": 12, ""g3"": 0, ""depth2"": 1, ""t_count"": 8, ""rotations"": 8, ""d"": 4, ""dense_l"": 5.858, ""redundant"": 4, ""obs_zero"": true, ""frame_l"": 5.7004, ""chi_bits"": 1, ""mps_l"": 7.0875, ""hsf_k"": 0, ""hsf_na"": 12, ""hsf_nb"": 12, ""hsf_l"": 24.0182, ""sup"": 17, ""chi_bits0"": 1, ""mps_l0"": 7.0875, ""hsf_keff"": 0, ""hsf_l0"": 24.0182, ""sparse_l"": 22.7004, ""sv_l"": 29.7004, ""feat_secs"": 0.002868, ""feat_secs_frame"": 7.9e-05, ""feat_secs_hsf"": 0.002768}"
ct,"ct:n=24,L=1,t=8,nn=1",1,"{""n"": 24.0, ""L"": 1.0, ""t"": 8.0, ""nn"": 1.0}",hsf,ok,0.061757,0.0665,271171584,-6.776263578034403e-21,1,5.082197683525802e-21,1.1858461261560205e-20,,"{""n"": 24, ""gates"": 52, ""g2"": 12, ""g3"": 0, ""depth2"": 1, ""t_count"": 8, ""rotations"": 8, ""d"": 4, ""dense_l"": 5.858, ""redundant"": 4, ""obs_zero"": true, ""frame_l"": 5.7004, ""chi_bits"": 1, ""mps_l"": 7.0875, ""hsf_k"": 0, ""hsf_na"": 12, ""hsf_nb"": 12, ""hsf_l"": 24.0182, ""sup"": 17, ""chi_bits0"": 1, ""mps_l0"": 7.0875, ""hsf_keff"": 0, ""hsf_l0"": 24.0182, ""sparse_l"": 22.7004, ""sv_l"": 29.7004, ""feat_secs"": 0.002868, ""feat_secs_frame"": 7.9e-05, ""feat_secs_hsf"": 0.002768}"
ct,"ct:n=24,L=1,t=8,nn=1",1,"{""n"": 24.0, ""L"": 1.0, ""t"": 8.0, ""nn"": 1.0}",tableau,na,,0.0044,1835008,,,5.082197683525802e-21,,"TooLarge { what: ""tableau (non-Clifford circuit)"", bytes: 0, limit: 0 }","{""n"": 24, ""gates"": 52, ""g2"": 12, ""g3"": 0, ""depth2"": 1, ""t_count"": 8, ""rotations"": 8, ""d"": 4, ""dense_l"": 5.858, ""redundant"": 4, ""obs_zero"": true, ""frame_l"": 5.7004, ""chi_bits"": 1, ""mps_l"": 7.0875, ""hsf_k"": 0, ""hsf_na"": 12, ""hsf_nb"": 12, ""hsf_l"": 24.0182, ""sup"": 17, ""chi_bits0"": 1, ""mps_l0"": 7.0875, ""hsf_keff"": 0, ""hsf_l0"": 24.0182, ""sparse_l"": 22.7004, ""sv_l"": 29.7004, ""feat_secs"": 0.002868, ""feat_secs_frame"": 7.9e-05, ""feat_secs_hsf"": 0.002768}"
ct,"ct:n=24,L=1,t=8,nn=1",1,"{""n"": 24.0, ""L"": 1.0, ""t"": 8.0, ""nn"": 1.0}",frame,ok,9.6e-05,0.0045,2146304,-0.0,0,5.082197683525802e-21,5.082197683525802e-21,switched_at=None dense_qubits=0 peak_terms=0 term_visits=0 dense_ops=0,"{""n"": 24, ""gates"": 52, ""g2"": 12, ""g3"": 0, ""depth2"": 1, ""t_count"": 8, ""rotations"": 8, ""d"": 4, ""dense_l"": 5.858, ""redundant"": 4, ""obs_zero"": true, ""frame_l"": 5.7004, ""chi_bits"": 1, ""mps_l"": 7.0875, ""hsf_k"": 0, ""hsf_na"": 12, ""hsf_nb"": 12, ""hsf_l"": 24.0182, ""sup"": 17, ""chi_bits0"": 1, ""mps_l0"": 7.0875, ""hsf_keff"": 0, ""hsf_l0"": 24.0182, ""sparse_l"": 22.7004, ""sv_l"": 29.7004, ""feat_secs"": 0.002868, ""feat_secs_frame"": 7.9e-05, ""feat_secs_hsf"": 0.002768}"
ct,"ct:n=24,L=1,t=8,nn=1",1,"{""n"": 24.0, ""L"": 1.0, ""t"": 8.0, ""nn"": 1.0}",dense,ok,9.2e-05,0.0045,2162688,0.0,4,5.082197683525802e-21,5.082197683525802e-21,switched_at=Some(8) dense_qubits=4 peak_terms=0 term_visits=0 dense_ops=58,"{""n"": 24, ""gates"": 52, ""g2"": 12, ""g3"": 0, ""depth2"": 1, ""t_count"": 8, ""rotations"": 8, ""d"": 4, ""dense_l"": 5.858, ""redundant"": 4, ""obs_zero"": true, ""frame_l"": 5.7004, ""chi_bits"": 1, ""mps_l"": 7.0875, ""hsf_k"": 0, ""hsf_na"": 12, ""hsf_nb"": 12, ""hsf_l"": 24.0182, ""sup"": 17, ""chi_bits0"": 1, ""mps_l0"": 7.0875, ""hsf_keff"": 0, ""hsf_l0"": 24.0182, ""sparse_l"": 22.7004, ""sv_l"": 29.7004, ""feat_secs"": 0.002868, ""feat_secs_frame"": 7.9e-05, ""feat_secs_hsf"": 0.002768}"
ct,"ct:n=24,L=1,t=8,nn=1",1,"{""n"": 24.0, ""L"": 1.0, ""t"": 8.0, ""nn"": 1.0}",auto,ok,9.2e-05,0.0044,2162688,0.0,4,5.082197683525802e-21,5.082197683525802e-21,switched_at=Some(8) dense_qubits=4 peak_terms=0 term_visits=0 dense_ops=58,"{""n"": 24, ""gates"": 52, ""g2"": 12, ""g3"": 0, ""depth2"": 1, ""t_count"": 8, ""rotations"": 8, ""d"": 4, ""dense_l"": 5.858, ""redundant"": 4, ""obs_zero"": true, ""frame_l"": 5.7004, ""chi_bits"": 1, ""mps_l"": 7.0875, ""hsf_k"": 0, ""hsf_na"": 12, ""hsf_nb"": 12, ""hsf_l"": 24.0182, ""sup"": 17, ""chi_bits0"": 1, ""mps_l0"": 7.0875, ""hsf_keff"": 0, ""hsf_l0"": 24.0182, ""sparse_l"": 22.7004, ""sv_l"": 29.7004, ""feat_secs"": 0.002868, ""feat_secs_frame"": 7.9e-05, ""feat_secs_hsf"": 0.002768}"
ct,"ct:n=24,L=1,t=12,nn=1",1,"{""n"": 24.0, ""L"": 1.0, ""t"": 12.0, ""nn"": 1.0}",sv,ok,0.385332,0.3918,272171008,6.45862622281404e-21,16777216,6.45862622281404e-21,0.0,,"{""n"": 24, ""gates"": 58, ""g2"": 12, ""g3"": 0, ""depth2"": 1, ""t_count"": 12, ""rotations"": 12, ""d"": 6, ""dense_l"": 7.8948, ""redundant"": 6, ""obs_zero"": true, ""frame_l"": 5.858, ""chi_bits"": 1, ""mps_l"": 7.1497, ""hsf_k"": 0, ""hsf_na"": 12, ""hsf_nb"": 12, ""hsf_l"": 24.0203, ""sup"": 19, ""chi_bits0"": 1, ""mps_l0"": 7.1497, ""hsf_keff"": 0, ""hsf_l0"": 24.0203, ""sparse_l"": 24.858, ""sv_l"": 29.858, ""feat_secs"": 0.004192, ""feat_secs_frame"": 6.9e-05, ""feat_secs_hsf"": 0.00409}"
ct,"ct:n=24,L=1,t=12,nn=1",1,"{""n"": 24.0, ""L"": 1.0, ""t"": 12.0, ""nn"": 1.0}",sparse,ok,0.17222,0.1779,83869696,8.270006180517361e-18,524288,6.45862622281404e-21,8.263547554294547e-18,,"{""n"": 24, ""gates"": 58, ""g2"": 12, ""g3"": 0, ""depth2"": 1, ""t_count"": 12, ""rotations"": 12, ""d"": 6, ""dense_l"": 7.8948, ""redundant"": 6, ""obs_zero"": true, ""frame_l"": 5.858, ""chi_bits"": 1, ""mps_l"": 7.1497, ""hsf_k"": 0, ""hsf_na"": 12, ""hsf_nb"": 12, ""hsf_l"": 24.0203, ""sup"": 19, ""chi_bits0"": 1, ""mps_l0"": 7.1497, ""hsf_keff"": 0, ""hsf_l0"": 24.0203, ""sparse_l"": 24.858, ""sv_l"": 29.858, ""feat_secs"": 0.004192, ""feat_secs_frame"": 6.9e-05, ""feat_secs_hsf"": 0.00409}"
ct,"ct:n=24,L=1,t=12,nn=1",1,"{""n"": 24.0, ""L"": 1.0, ""t"": 12.0, ""nn"": 1.0}",mps,ok,0.000143,0.0042,2277376,0.0,2,6.45862622281404e-21,6.45862622281404e-21,,"{""n"": 24, ""gates"": 58, ""g2"": 12, ""g3"": 0, ""depth2"": 1, ""t_count"": 12, ""rotations"": 12, ""d"": 6, ""dense_l"": 7.8948, ""redundant"": 6, ""obs_zero"": true, ""frame_l"": 5.858, ""chi_bits"": 1, ""mps_l"": 7.1497, ""hsf_k"": 0, ""hsf_na"": 12, ""hsf_nb"": 12, ""hsf_l"": 24.0203, ""sup"": 19, ""chi_bits0"": 1, ""mps_l0"": 7.1497, ""hsf_keff"": 0, ""hsf_l0"": 24.0203, ""sparse_l"": 24.858, ""sv_l"": 29.858, ""feat_secs"": 0.004192, ""feat_secs_frame"": 6.9e-05, ""feat_secs_hsf"": 0.00409}"
ct,"ct:n=24,L=1,t=12,nn=1",1,"{""n"": 24.0, ""L"": 1.0, ""t"": 12.0, ""nn"": 1.0}",hsf,ok,0.058411,0.0652,271171584,-5.293955920339377e-21,1,6.45862622281404e-21,1.1752582143153417e-20,,"{""n"": 24, ""gates"": 58, ""g2"": 12, ""g3"": 0, ""depth2"": 1, ""t_count"": 12, ""rotations"": 12, ""d"": 6, ""dense_l"": 7.8948, ""redundant"": 6, ""obs_zero"": true, ""frame_l"": 5.858, ""chi_bits"": 1, ""mps_l"": 7.1497, ""hsf_k"": 0, ""hsf_na"": 12, ""hsf_nb"": 12, ""hsf_l"": 24.0203, ""sup"": 19, ""chi_bits0"": 1, ""mps_l0"": 7.1497, ""hsf_keff"": 0, ""hsf_l0"": 24.0203, ""sparse_l"": 24.858, ""sv_l"": 29.858, ""feat_secs"": 0.004192, ""feat_secs_frame"": 6.9e-05, ""feat_secs_hsf"": 0.00409}"
ct,"ct:n=24,L=1,t=12,nn=1",1,"{""n"": 24.0, ""L"": 1.0, ""t"": 12.0, ""nn"": 1.0}",tableau,na,,0.0045,1835008,,,6.45862622281404e-21,,"TooLarge { what: ""tableau (non-Clifford circuit)"", bytes: 0, limit: 0 }","{""n"": 24, ""gates"": 58, ""g2"": 12, ""g3"": 0, ""depth2"": 1, ""t_count"": 12, ""rotations"": 12, ""d"": 6, ""dense_l"": 7.8948, ""redundant"": 6, ""obs_zero"": true, ""frame_l"": 5.858, ""chi_bits"": 1, ""mps_l"": 7.1497, ""hsf_k"": 0, ""hsf_na"": 12, ""hsf_nb"": 12, ""hsf_l"": 24.0203, ""sup"": 19, ""chi_bits0"": 1, ""mps_l0"": 7.1497, ""hsf_keff"": 0, ""hsf_l0"": 24.0203, ""sparse_l"": 24.858, ""sv_l"": 29.858, ""feat_secs"": 0.004192, ""feat_secs_frame"": 6.9e-05, ""feat_secs_hsf"": 0.00409}"
ct,"ct:n=24,L=1,t=12,nn=1",1,"{""n"": 24.0, ""L"": 1.0, ""t"": 12.0, ""nn"": 1.0}",frame,ok,0.000172,0.0045,2506752,-0.0,0,6.45862622281404e-21,6.45862622281404e-21,switched_at=None dense_qubits=0 peak_terms=0 term_visits=0 dense_ops=0,"{""n"": 24, ""gates"": 58, ""g2"": 12, ""g3"": 0, ""depth2"": 1, ""t_count"": 12, ""rotations"": 12, ""d"": 6, ""dense_l"": 7.8948, ""redundant"": 6, ""obs_zero"": true, ""frame_l"": 5.858, ""chi_bits"": 1, ""mps_l"": 7.1497, ""hsf_k"": 0, ""hsf_na"": 12, ""hsf_nb"": 12, ""hsf_l"": 24.0203, ""sup"": 19, ""chi_bits0"": 1, ""mps_l0"": 7.1497, ""hsf_keff"": 0, ""hsf_l0"": 24.0203, ""sparse_l"": 24.858, ""sv_l"": 29.858, ""feat_secs"": 0.004192, ""feat_secs_frame"": 6.9e-05, ""feat_secs_hsf"": 0.00409}"
ct,"ct:n=24,L=1,t=12,nn=1",1,"{""n"": 24.0, ""L"": 1.0, ""t"": 12.0, ""nn"": 1.0}",dense,ok,0.000118,0.0037,2162688,0.0,6,6.45862622281404e-21,6.45862622281404e-21,switched_at=Some(12) dense_qubits=6 peak_terms=0 term_visits=0 dense_ops=238,"{""n"": 24, ""gates"": 58, ""g2"": 12, ""g3"": 0, ""depth2"": 1, ""t_count"": 12, ""rotations"": 12, ""d"": 6, ""dense_l"": 7.8948, ""redundant"": 6, ""obs_zero"": true, ""frame_l"": 5.858, ""chi_bits"": 1, ""mps_l"": 7.1497, ""hsf_k"": 0, ""hsf_na"": 12, ""hsf_nb"": 12, ""hsf_l"": 24.0203, ""sup"": 19, ""chi_bits0"": 1, ""mps_l0"": 7.1497, ""hsf_keff"": 0, ""hsf_l0"": 24.0203, ""sparse_l"": 24.858, ""sv_l"": 29.858, ""feat_secs"": 0.004192, ""feat_secs_frame"": 6.9e-05, ""feat_secs_hsf"": 0.00409}"
ct,"ct:n=24,L=1,t=12,nn=1",1,"{""n"": 24.0, ""L"": 1.0, ""t"": 12.0, ""nn"": 1.0}",auto,ok,0.000209,0.0044,2506752,-0.0,0,6.45862622281404e-21,6.45862622281404e-21,switched_at=None dense_qubits=0 peak_terms=0 term_visits=0 dense_ops=0,"{""n"": 24, ""gates"": 58, ""g2"": 12, ""g3"": 0, ""depth2"": 1, ""t_count"": 12, ""rotations"": 12, ""d"": 6, ""dense_l"": 7.8948, ""redundant"": 6, ""obs_zero"": true, ""frame_l"": 5.858, ""chi_bits"": 1, ""mps_l"": 7.1497, ""hsf_k"": 0, ""hsf_na"": 12, ""hsf_nb"": 12, ""hsf_l"": 24.0203, ""sup"": 19, ""chi_bits0"": 1, ""mps_l0"": 7.1497, ""hsf_keff"": 0, ""hsf_l0"": 24.0203, ""sparse_l"": 24.858, ""sv_l"": 29.858, ""feat_secs"": 0.004192, ""feat_secs_frame"": 6.9e-05, ""feat_secs_hsf"": 0.00409}"
ct,"ct:n=24,L=1,t=16,nn=1",1,"{""n"": 24.0, ""L"": 1.0, ""t"": 16.0, ""nn"": 1.0}",sv,ok,0.39423,0.4005,272121856,0.0,16777216,0.0,0.0,,"{""n"": 24, ""gates"": 64, ""g2"": 12, ""g3"": 0, ""depth2"": 1, ""t_count"": 16, ""rotations"": 16, ""d"": 9, ""dense_l"": 10.6493, ""redundant"": 7, ""obs_zero"": true, ""frame_l"": 6.0, ""chi_bits"": 1, ""mps_l"": 7.2095, ""hsf_k"": 0, ""hsf_na"": 12, ""hsf_nb"": 12, ""hsf_l"": 24.0224, ""sup"": 20, ""chi_bits0"": 1, ""mps_l0"": 7.2095, ""hsf_keff"": 0, ""hsf_l0"": 24.0224, ""sparse_l"": 26.0, ""sv_l"": 30.0, ""feat_secs"": 0.002735, ""feat_secs_frame"": 7.5e-05, ""feat_secs_hsf"": 0.002638}"
ct,"ct:n=24,L=1,t=16,nn=1",1,"{""n"": 24.0, ""L"": 1.0, ""t"": 16.0, ""nn"": 1.0}",sparse,ok,0.304754,0.3113,85573632,-6.871973608116632e-17,1048576,0.0,6.871973608116632e-17,,"{""n"": 24, ""gates"": 64, ""g2"": 12, ""g3"": 0, ""depth2"": 1, ""t_count"": 16, ""rotations"": 16, ""d"": 9, ""dense_l"": 10.6493, ""redundant"": 7, ""obs_zero"": true, ""frame_l"": 6.0, ""chi_bits"": 1, ""mps_l"": 7.2095, ""hsf_k"": 0, ""hsf_na"": 12, ""hsf_nb"": 12, ""hsf_l"": 24.0224, ""sup"": 20, ""chi_bits0"": 1, ""mps_l0"": 7.2095, ""hsf_keff"": 0, ""hsf_l0"": 24.0224, ""sparse_l"": 26.0, ""sv_l"": 30.0, ""feat_secs"": 0.002735, ""feat_secs_frame"": 7.5e-05, ""feat_secs_hsf"": 0.002638}"
ct,"ct:n=24,L=1,t=16,nn=1",1,"{""n"": 24.0, ""L"": 1.0, ""t"": 16.0, ""nn"": 1.0}",mps,ok,0.000144,0.0048,2277376,0.0,2,0.0,0.0,,"{""n"": 24, ""gates"": 64, ""g2"": 12, ""g3"": 0, ""depth2"": 1, ""t_count"": 16, ""rotations"": 16, ""d"": 9, ""dense_l"": 10.6493, ""redundant"": 7, ""obs_zero"": true, ""frame_l"": 6.0, ""chi_bits"": 1, ""mps_l"": 7.2095, ""hsf_k"": 0, ""hsf_na"": 12, ""hsf_nb"": 12, ""hsf_l"": 24.0224, ""sup"": 20, ""chi_bits0"": 1, ""mps_l0"": 7.2095, ""hsf_keff"": 0, ""hsf_l0"": 24.0224, ""sparse_l"": 26.0, ""sv_l"": 30.0, ""feat_secs"": 0.002735, ""feat_secs_frame"": 7.5e-05, ""feat_secs_hsf"": 0.002638}"
ct,"ct:n=24,L=1,t=16,nn=1",1,"{""n"": 24.0, ""L"": 1.0, ""t"": 16.0, ""nn"": 1.0}",hsf,ok,0.060881,0.0653,271155200,0.0,1,0.0,0.0,,"{""n"": 24, ""gates"": 64, ""g2"": 12, ""g3"": 0, ""depth2"": 1, ""t_count"": 16, ""rotations"": 16, ""d"": 9, ""dense_l"": 10.6493, ""redundant"": 7, ""obs_zero"": true, ""frame_l"": 6.0, ""chi_bits"": 1, ""mps_l"": 7.2095, ""hsf_k"": 0, ""hsf_na"": 12, ""hsf_nb"": 12, ""hsf_l"": 24.0224, ""sup"": 20, ""chi_bits0"": 1, ""mps_l0"": 7.2095, ""hsf_keff"": 0, ""hsf_l0"": 24.0224, ""sparse_l"": 26.0, ""sv_l"": 30.0, ""feat_secs"": 0.002735, ""feat_secs_frame"": 7.5e-05, ""feat_secs_hsf"": 0.002638}"
ct,"ct:n=24,L=1,t=16,nn=1",1,"{""n"": 24.0, ""L"": 1.0, ""t"": 16.0, ""nn"": 1.0}",tableau,na,,0.0076,1835008,,,0.0,,"TooLarge { what: ""tableau (non-Clifford circuit)"", bytes: 0, limit: 0 }","{""n"": 24, ""gates"": 64, ""g2"": 12, ""g3"": 0, ""depth2"": 1, ""t_count"": 16, ""rotations"": 16, ""d"": 9, ""dense_l"": 10.6493, ""redundant"": 7, ""obs_zero"": true, ""frame_l"": 6.0, ""chi_bits"": 1, ""mps_l"": 7.2095, ""hsf_k"": 0, ""hsf_na"": 12, ""hsf_nb"": 12, ""hsf_l"": 24.0224, ""sup"": 20, ""chi_bits0"": 1, ""mps_l0"": 7.2095, ""hsf_keff"": 0, ""hsf_l0"": 24.0224, ""sparse_l"": 26.0, ""sv_l"": 30.0, ""feat_secs"": 0.002735, ""feat_secs_frame"": 7.5e-05, ""feat_secs_hsf"": 0.002638}"
ct,"ct:n=24,L=1,t=16,nn=1",1,"{""n"": 24.0, ""L"": 1.0, ""t"": 16.0, ""nn"": 1.0}",frame,ok,0.000121,0.0078,2146304,-0.0,0,0.0,0.0,switched_at=None dense_qubits=0 peak_terms=0 term_visits=0 dense_ops=0,"{""n"": 24, ""gates"": 64, ""g2"": 12, ""g3"": 0, ""depth2"": 1, ""t_count"": 16, ""rotations"": 16, ""d"": 9, ""dense_l"": 10.6493, ""redundant"": 7, ""obs_zero"": true, ""frame_l"": 6.0, ""chi_bits"": 1, ""mps_l"": 7.2095, ""hsf_k"": 0, ""hsf_na"": 12, ""hsf_nb"": 12, ""hsf_l"": 24.0224, ""sup"": 20, ""chi_bits0"": 1, ""mps_l0"": 7.2095, ""hsf_keff"": 0, ""hsf_l0"": 24.0224, ""sparse_l"": 26.0, ""sv_l"": 30.0, ""feat_secs"": 0.002735, ""feat_secs_frame"": 7.5e-05, ""feat_secs_hsf"": 0.002638}"
ct,"ct:n=24,L=1,t=16,nn=1",1,"{""n"": 24.0, ""L"": 1.0, ""t"": 16.0, ""nn"": 1.0}",dense,ok,0.000102,0.0076,2179072,0.0,9,0.0,0.0,switched_at=Some(16) dense_qubits=9 peak_terms=0 term_visits=0 dense_ops=1606,"{""n"": 24, ""gates"": 64, ""g2"": 12, ""g3"": 0, ""depth2"": 1, ""t_count"": 16, ""rotations"": 16, ""d"": 9, ""dense_l"": 10.6493, ""redundant"": 7, ""obs_zero"": true, ""frame_l"": 6.0, ""chi_bits"": 1, ""mps_l"": 7.2095, ""hsf_k"": 0, ""hsf_na"": 12, ""hsf_nb"": 12, ""hsf_l"": 24.0224, ""sup"": 20, ""chi_bits0"": 1, ""mps_l0"": 7.2095, ""hsf_keff"": 0, ""hsf_l0"": 24.0224, ""sparse_l"": 26.0, ""sv_l"": 30.0, ""feat_secs"": 0.002735, ""feat_secs_frame"": 7.5e-05, ""feat_secs_hsf"": 0.002638}"
ct,"ct:n=24,L=1,t=16,nn=1",1,"{""n"": 24.0, ""L"": 1.0, ""t"": 16.0, ""nn"": 1.0}",auto,ok,0.000148,0.0066,2146304,-0.0,0,0.0,0.0,switched_at=None dense_qubits=0 peak_terms=0 term_visits=0 dense_ops=0,"{""n"": 24, ""gates"": 64, ""g2"": 12, ""g3"": 0, ""depth2"": 1, ""t_count"": 16, ""rotations"": 16, ""d"": 9, ""dense_l"": 10.6493, ""redundant"": 7, ""obs_zero"": true, ""frame_l"": 6.0, ""chi_bits"": 1, ""mps_l"": 7.2095, ""hsf_k"": 0, ""hsf_na"": 12, ""hsf_nb"": 12, ""hsf_l"": 24.0224, ""sup"": 20, ""chi_bits0"": 1, ""mps_l0"": 7.2095, ""hsf_keff"": 0, ""hsf_l0"": 24.0224, ""sparse_l"": 26.0, ""sv_l"": 30.0, ""feat_secs"": 0.002735, ""feat_secs_frame"": 7.5e-05, ""feat_secs_hsf"": 0.002638}"
ct,"ct:n=24,L=1,t=24,nn=1",1,"{""n"": 24.0, ""L"": 1.0, ""t"": 24.0, ""nn"": 1.0}",sv,ok,0.450833,0.4561,272154624,1.311132969684833e-20,16777216,1.311132969684833e-20,0.0,,"{""n"": 24, ""gates"": 84, ""g2"": 12, ""g3"": 0, ""depth2"": 1, ""t_count"": 24, ""rotations"": 24, ""d"": 15, ""dense_l"": 17.2297, ""redundant"": 9, ""obs_zero"": true, ""frame_l"": 6.3923, ""chi_bits"": 1, ""mps_l"": 7.3923, ""hsf_k"": 0, ""hsf_na"": 12, ""hsf_nb"": 12, ""hsf_l"": 24.0293, ""sup"": 24, ""chi_bits0"": 1, ""mps_l0"": 7.3923, ""hsf_keff"": 0, ""hsf_l0"": 24.0293, ""sparse_l"": 30.3923, ""sv_l"": 30.3923, ""feat_secs"": 0.002931, ""feat_secs_frame"": 9.3e-05, ""feat_secs_hsf"": 0.002808}"
ct,"ct:n=24,L=1,t=24,nn=1",1,"{""n"": 24.0, ""L"": 1.0, ""t"": 24.0, ""nn"": 1.0}",sparse,ok,6.833654,6.8390,1264435200,1.740599808407414e-16,16777216,1.311132969684833e-20,1.7404686951104455e-16,,"{""n"": 24, ""gates"": 84, ""g2"": 12, ""g3"": 0, ""depth2"": 1, ""t_count"": 24, ""rotations"": 24, ""d"": 15, ""dense_l"": 17.2297, ""redundant"": 9, ""obs_zero"": true, ""frame_l"": 6.3923, ""chi_bits"": 1, ""mps_l"": 7.3923, ""hsf_k"": 0, ""hsf_na"": 12, ""hsf_nb"": 12, ""hsf_l"": 24.0293, ""sup"": 24, ""chi_bits0"": 1, ""mps_l0"": 7.3923, ""hsf_keff"": 0, ""hsf_l0"": 24.0293, ""sparse_l"": 30.3923, ""sv_l"": 30.3923, ""feat_secs"": 0.002931, ""feat_secs_frame"": 9.3e-05, ""feat_secs_hsf"": 0.002808}"
ct,"ct:n=24,L=1,t=24,nn=1",1,"{""n"": 24.0, ""L"": 1.0, ""t"": 24.0, ""nn"": 1.0}",mps,ok,0.000175,0.0051,2277376,0.0,2,1.311132969684833e-20,1.311132969684833e-20,,"{""n"": 24, ""gates"": 84, ""g2"": 12, ""g3"": 0, ""depth2"": 1, ""t_count"": 24, ""rotations"": 24, ""d"": 15, ""dense_l"": 17.2297, ""redundant"": 9, ""obs_zero"": true, ""frame_l"": 6.3923, ""chi_bits"": 1, ""mps_l"": 7.3923, ""hsf_k"": 0, ""hsf_na"": 12, ""hsf_nb"": 12, ""hsf_l"": 24.0293, ""sup"": 24, ""chi_bits0"": 1, ""mps_l0"": 7.3923, ""hsf_keff"": 0, ""hsf_l0"": 24.0293, ""sparse_l"": 30.3923, ""sv_l"": 30.3923, ""feat_secs"": 0.002931, ""feat_secs_frame"": 9.3e-05, ""feat_secs_hsf"": 0.002808}"
ct,"ct:n=24,L=1,t=24,nn=1",1,"{""n"": 24.0, ""L"": 1.0, ""t"": 24.0, ""nn"": 1.0}",hsf,ok,0.061994,0.0700,271171584,1.384951084536948e-20,1,1.311132969684833e-20,7.3818114852114885e-22,,"{""n"": 24, ""gates"": 84, ""g2"": 12, ""g3"": 0, ""depth2"": 1, ""t_count"": 24, ""rotations"": 24, ""d"": 15, ""dense_l"": 17.2297, ""redundant"": 9, ""obs_zero"": true, ""frame_l"": 6.3923, ""chi_bits"": 1, ""mps_l"": 7.3923, ""hsf_k"": 0, ""hsf_na"": 12, ""hsf_nb"": 12, ""hsf_l"": 24.0293, ""sup"": 24, ""chi_bits0"": 1, ""mps_l0"": 7.3923, ""hsf_keff"": 0, ""hsf_l0"": 24.0293, ""sparse_l"": 30.3923, ""sv_l"": 30.3923, ""feat_secs"": 0.002931, ""feat_secs_frame"": 9.3e-05, ""feat_secs_hsf"": 0.002808}"
ct,"ct:n=24,L=1,t=24,nn=1",1,"{""n"": 24.0, ""L"": 1.0, ""t"": 24.0, ""nn"": 1.0}",tableau,na,,0.0046,1835008,,,1.311132969684833e-20,,"TooLarge { what: ""tableau (non-Clifford circuit)"", bytes: 0, limit: 0 }","{""n"": 24, ""gates"": 84, ""g2"": 12, ""g3"": 0, ""depth2"": 1, ""t_count"": 24, ""rotations"": 24, ""d"": 15, ""dense_l"": 17.2297, ""redundant"": 9, ""obs_zero"": true, ""frame_l"": 6.3923, ""chi_bits"": 1, ""mps_l"": 7.3923, ""hsf_k"": 0, ""hsf_na"": 12, ""hsf_nb"": 12, ""hsf_l"": 24.0293, ""sup"": 24, ""chi_bits0"": 1, ""mps_l0"": 7.3923, ""hsf_keff"": 0, ""hsf_l0"": 24.0293, ""sparse_l"": 30.3923, ""sv_l"": 30.3923, ""feat_secs"": 0.002931, ""feat_secs_frame"": 9.3e-05, ""feat_secs_hsf"": 0.002808}"
ct,"ct:n=24,L=1,t=24,nn=1",1,"{""n"": 24.0, ""L"": 1.0, ""t"": 24.0, ""nn"": 1.0}",frame,ok,0.000123,0.0047,2162688,-0.0,0,1.311132969684833e-20,1.311132969684833e-20,switched_at=None dense_qubits=0 peak_terms=0 term_visits=0 dense_ops=0,"{""n"": 24, ""gates"": 84, ""g2"": 12, ""g3"": 0, ""depth2"": 1, ""t_count"": 24, ""rotations"": 24, ""d"": 15, ""dense_l"": 17.2297, ""redundant"": 9, ""obs_zero"": true, ""frame_l"": 6.3923, ""chi_bits"": 1, ""mps_l"": 7.3923, ""hsf_k"": 0, ""hsf_na"": 12, ""hsf_nb"": 12, ""hsf_l"": 24.0293, ""sup"": 24, ""chi_bits0"": 1, ""mps_l0"": 7.3923, ""hsf_keff"": 0, ""hsf_l0"": 24.0293, ""sparse_l"": 30.3923, ""sv_l"": 30.3923, ""feat_secs"": 0.002931, ""feat_secs_frame"": 9.3e-05, ""feat_secs_hsf"": 0.002808}"
ct,"ct:n=24,L=1,t=24,nn=1",1,"{""n"": 24.0, ""L"": 1.0, ""t"": 24.0, ""nn"": 1.0}",dense,ok,0.000748,0.0077,3080192,0.0,15,1.311132969684833e-20,1.311132969684833e-20,switched_at=Some(24) dense_qubits=15 peak_terms=0 term_visits=0 dense_ops=153694,"{""n"": 24, ""gates"": 84, ""g2"": 12, ""g3"": 0, ""depth2"": 1, ""t_count"": 24, ""rotations"": 24, ""d"": 15, ""dense_l"": 17.2297, ""redundant"": 9, ""obs_zero"": true, ""frame_l"": 6.3923, ""chi_bits"": 1, ""mps_l"": 7.3923, ""hsf_k"": 0, ""hsf_na"": 12, ""hsf_nb"": 12, ""hsf_l"": 24.0293, ""sup"": 24, ""chi_bits0"": 1, ""mps_l0"": 7.3923, ""hsf_keff"": 0, ""hsf_l0"": 24.0293, ""sparse_l"": 30.3923, ""sv_l"": 30.3923, ""feat_secs"": 0.002931, ""feat_secs_frame"": 9.3e-05, ""feat_secs_hsf"": 0.002808}"
ct,"ct:n=24,L=1,t=24,nn=1",1,"{""n"": 24.0, ""L"": 1.0, ""t"": 24.0, ""nn"": 1.0}",auto,ok,0.000113,0.0049,2146304,-0.0,0,1.311132969684833e-20,1.311132969684833e-20,switched_at=None dense_qubits=0 peak_terms=0 term_visits=0 dense_ops=0,"{""n"": 24, ""gates"": 84, ""g2"": 12, ""g3"": 0, ""depth2"": 1, ""t_count"": 24, ""rotations"": 24, ""d"": 15, ""dense_l"": 17.2297, ""redundant"": 9, ""obs_zero"": true, ""frame_l"": 6.3923, ""chi_bits"": 1, ""mps_l"": 7.3923, ""hsf_k"": 0, ""hsf_na"": 12, ""hsf_nb"": 12, ""hsf_l"": 24.0293, ""sup"": 24, ""chi_bits0"": 1, ""mps_l0"": 7.3923, ""hsf_keff"": 0, ""hsf_l0"": 24.0293, ""sparse_l"": 30.3923, ""sv_l"": 30.3923, ""feat_secs"": 0.002931, ""feat_secs_frame"": 9.3e-05, ""feat_secs_hsf"": 0.002808}"
ct,"ct:n=24,L=1,t=32,nn=1",1,"{""n"": 24.0, ""L"": 1.0, ""t"": 32.0, ""nn"": 1.0}",sv,ok,0.393406,0.4005,272171008,4.803954804978277e-21,16777216,4.803954804978277e-21,0.0,,"{""n"": 24, ""gates"": 98, ""g2"": 12, ""g3"": 0, ""depth2"": 1, ""t_count"": 32, ""rotations"": 32, ""d"": 13, ""dense_l"": 15.7125, ""redundant"": 19, ""obs_zero"": true, ""frame_l"": 6.6147, ""chi_bits"": 1, ""mps_l"": 7.5078, ""hsf_k"": 0, ""hsf_na"": 12, ""hsf_nb"": 12, ""hsf_l"": 24.0341, ""sup"": 20, ""chi_bits0"": 1, ""mps_l0"": 7.5078, ""hsf_keff"": 0, ""hsf_l0"": 24.0341, ""sparse_l"": 26.6147, ""sv_l"": 30.6147, ""feat_secs"": 0.003173, ""feat_secs_frame"": 9.7e-05, ""feat_secs_hsf"": 0.003045}"
ct,"ct:n=24,L=1,t=32,nn=1",1,"{""n"": 24.0, ""L"": 1.0, ""t"": 32.0, ""nn"": 1.0}",sparse,ok,0.488443,0.4936,215760896,-9.952290376125247e-17,1048576,4.803954804978277e-21,9.952770771605745e-17,,"{""n"": 24, ""gates"": 98, ""g2"": 12, ""g3"": 0, ""depth2"": 1, ""t_count"": 32, ""rotations"": 32, ""d"": 13, ""dense_l"": 15.7125, ""redundant"": 19, ""obs_zero"": true, ""frame_l"": 6.6147, ""chi_bits"": 1, ""mps_l"": 7.5078, ""hsf_k"": 0, ""hsf_na"": 12, ""hsf_nb"": 12, ""hsf_l"": 24.0341, ""sup"": 20, ""chi_bits0"": 1, ""mps_l0"": 7.5078, ""hsf_keff"": 0, ""hsf_l0"": 24.0341, ""sparse_l"": 26.6147, ""sv_l"": 30.6147, ""feat_secs"": 0.003173, ""feat_secs_frame"": 9.7e-05, ""feat_secs_hsf"": 0.003045}"
ct,"ct:n=24,L=1,t=32,nn=1",1,"{""n"": 24.0, ""L"": 1.0, ""t"": 32.0, ""nn"": 1.0}",mps,ok,0.000166,0.0081,2293760,0.0,2,4.803954804978277e-21,4.803954804978277e-21,,"{""n"": 24, ""gates"": 98, ""g2"": 12, ""g3"": 0, ""depth2"": 1, ""t_count"": 32, ""rotations"": 32, ""d"": 13, ""dense_l"": 15.7125, ""redundant"": 19, ""obs_zero"": true, ""frame_l"": 6.6147, ""chi_bits"": 1, ""mps_l"": 7.5078, ""hsf_k"": 0, ""hsf_na"": 12, ""hsf_nb"": 12, ""hsf_l"": 24.0341, ""sup"": 20, ""chi_bits0"": 1, ""mps_l0"": 7.5078, ""hsf_keff"": 0, ""hsf_l0"": 24.0341, ""sparse_l"": 26.6147, ""sv_l"": 30.6147, ""feat_secs"": 0.003173, ""feat_secs_frame"": 9.7e-05, ""feat_secs_hsf"": 0.003045}"
ct,"ct:n=24,L=1,t=32,nn=1",1,"{""n"": 24.0, ""L"": 1.0, ""t"": 32.0, ""nn"": 1.0}",hsf,ok,0.058639,0.0653,271187968,1.200021933903648e-20,1,4.803954804978277e-21,7.196264534058203e-21,,"{""n"": 24, ""gates"": 98, ""g2"": 12, ""g3"": 0, ""depth2"": 1, ""t_count"": 32, ""rotations"": 32, ""d"": 13, ""dense_l"": 15.7125, ""redundant"": 19, ""obs_zero"": true, ""frame_l"": 6.6147, ""chi_bits"": 1, ""mps_l"": 7.5078, ""hsf_k"": 0, ""hsf_na"": 12, ""hsf_nb"": 12, ""hsf_l"": 24.0341, ""sup"": 20, ""chi_bits0"": 1, ""mps_l0"": 7.5078, ""hsf_keff"": 0, ""hsf_l0"": 24.0341, ""sparse_l"": 26.6147, ""sv_l"": 30.6147, ""feat_secs"": 0.003173, ""feat_secs_frame"": 9.7e-05, ""feat_secs_hsf"": 0.003045}"
ct,"ct:n=24,L=1,t=32,nn=1",1,"{""n"": 24.0, ""L"": 1.0, ""t"": 32.0, ""nn"": 1.0}",tableau,na,,0.0073,1835008,,,4.803954804978277e-21,,"TooLarge { what: ""tableau (non-Clifford circuit)"", bytes: 0, limit: 0 }","{""n"": 24, ""gates"": 98, ""g2"": 12, ""g3"": 0, ""depth2"": 1, ""t_count"": 32, ""rotations"": 32, ""d"": 13, ""dense_l"": 15.7125, ""redundant"": 19, ""obs_zero"": true, ""frame_l"": 6.6147, ""chi_bits"": 1, ""mps_l"": 7.5078, ""hsf_k"": 0, ""hsf_na"": 12, ""hsf_nb"": 12, ""hsf_l"": 24.0341, ""sup"": 20, ""chi_bits0"": 1, ""mps_l0"": 7.5078, ""hsf_keff"": 0, ""hsf_l0"": 24.0341, ""sparse_l"": 26.6147, ""sv_l"": 30.6147, ""feat_secs"": 0.003173, ""feat_secs_frame"": 9.7e-05, ""feat_secs_hsf"": 0.003045}"
ct,"ct:n=24,L=1,t=32,nn=1",1,"{""n"": 24.0, ""L"": 1.0, ""t"": 32.0, ""nn"": 1.0}",frame,ok,0.000267,0.0068,2523136,-0.0,0,4.803954804978277e-21,4.803954804978277e-21,switched_at=None dense_qubits=0 peak_terms=0 term_visits=0 dense_ops=0,"{""n"": 24, ""gates"": 98, ""g2"": 12, ""g3"": 0, ""depth2"": 1, ""t_count"": 32, ""rotations"": 32, ""d"": 13, ""dense_l"": 15.7125, ""redundant"": 19, ""obs_zero"": true, ""frame_l"": 6.6147, ""chi_bits"": 1, ""mps_l"": 7.5078, ""hsf_k"": 0, ""hsf_na"": 12, ""hsf_nb"": 12, ""hsf_l"": 24.0341, ""sup"": 20, ""chi_bits0"": 1, ""mps_l0"": 7.5078, ""hsf_keff"": 0, ""hsf_l0"": 24.0341, ""sparse_l"": 26.6147, ""sv_l"": 30.6147, ""feat_secs"": 0.003173, ""feat_secs_frame"": 9.7e-05, ""feat_secs_hsf"": 0.003045}"
ct,"ct:n=24,L=1,t=32,nn=1",1,"{""n"": 24.0, ""L"": 1.0, ""t"": 32.0, ""nn"": 1.0}",dense,ok,0.000207,0.0050,2310144,0.0,13,4.803954804978277e-21,4.803954804978277e-21,switched_at=Some(32) dense_qubits=13 peak_terms=0 term_visits=0 dense_ops=53694,"{""n"": 24, ""gates"": 98, ""g2"": 12, ""g3"": 0, ""depth2"": 1, ""t_count"": 32, ""rotations"": 32, ""d"": 13, ""dense_l"": 15.7125, ""redundant"": 19, ""obs_zero"": true, ""frame_l"": 6.6147, ""chi_bits"": 1, ""mps_l"": 7.5078, ""hsf_k"": 0, ""hsf_na"": 12, ""hsf_nb"": 12, ""hsf_l"": 24.0341, ""sup"": 20, ""chi_bits0"": 1, ""mps_l0"": 7.5078, ""hsf_keff"": 0, ""hsf_l0"": 24.0341, ""sparse_l"": 26.6147, ""sv_l"": 30.6147, ""feat_secs"": 0.003173, ""feat_secs_frame"": 9.7e-05, ""feat_secs_hsf"": 0.003045}"
ct,"ct:n=24,L=1,t=32,nn=1",1,"{""n"": 24.0, ""L"": 1.0, ""t"": 32.0, ""nn"": 1.0}",auto,ok,0.000257,0.0080,2523136,-0.0,0,4.803954804978277e-21,4.803954804978277e-21,switched_at=None dense_qubits=0 peak_terms=0 term_visits=0 dense_ops=0,"{""n"": 24, ""gates"": 98, ""g2"": 12, ""g3"": 0, ""depth2"": 1, ""t_count"": 32, ""rotations"": 32, ""d"": 13, ""dense_l"": 15.7125, ""redundant"": 19, ""obs_zero"": true, ""frame_l"": 6.6147, ""chi_bits"": 1, ""mps_l"": 7.5078, ""hsf_k"": 0, ""hsf_na"": 12, ""hsf_nb"": 12, ""hsf_l"": 24.0341, ""sup"": 20, ""chi_bits0"": 1, ""mps_l0"": 7.5078, ""hsf_keff"": 0, ""hsf_l0"": 24.0341, ""sparse_l"": 26.6147, ""sv_l"": 30.6147, ""feat_secs"": 0.003173, ""feat_secs_frame"": 9.7e-05, ""feat_secs_hsf"": 0.003045}"
ct,"ct:n=24,L=1,t=48,nn=1",1,"{""n"": 24.0, ""L"": 1.0, ""t"": 48.0, ""nn"": 1.0}",sv,ok,0.432919,0.4400,272154624,-2.272337520986765e-20,16777216,-2.272337520986765e-20,0.0,,"{""n"": 24, ""gates"": 128, ""g2"": 12, ""g3"": 0, ""depth2"": 1, ""t_count"": 48, ""rotations"": 48, ""d"": 17, ""dense_l"": 19.2295, ""redundant"": 31, ""obs_zero"": true, ""frame_l"": 7.0, ""chi_bits"": 1, ""mps_l"": 7.7279, ""hsf_k"": 0, ""hsf_na"": 12, ""hsf_nb"": 12, ""hsf_l"": 24.0444, ""sup"": 23, ""chi_bits0"": 1, ""mps_l0"": 7.7279, ""hsf_keff"": 0, ""hsf_l0"": 24.0444, ""sparse_l"": 30.0, ""sv_l"": 31.0, ""feat_secs"": 0.002821, ""feat_secs_frame"": 0.000122, ""feat_secs_hsf"": 0.002662}"
ct,"ct:n=24,L=1,t=48,nn=1",1,"{""n"": 24.0, ""L"": 1.0, ""t"": 48.0, ""nn"": 1.0}",sparse,ok,5.404581,5.4101,1682276352,-1.383576570920778e-16,8388608,-2.272337520986765e-20,1.3833493371686794e-16,,"{""n"": 24, ""gates"": 128, ""g2"": 12, ""g3"": 0, ""depth2"": 1, ""t_count"": 48, ""rotations"": 48, ""d"": 17, ""dense_l"": 19.2295, ""redundant"": 31, ""obs_zero"": true, ""frame_l"": 7.0, ""chi_bits"": 1, ""mps_l"": 7.7279, ""hsf_k"": 0, ""hsf_na"": 12, ""hsf_nb"": 12, ""hsf_l"": 24.0444, ""sup"": 23, ""chi_bits0"": 1, ""mps_l0"": 7.7279, ""hsf_keff"": 0, ""hsf_l0"": 24.0444, ""sparse_l"": 30.0, ""sv_l"": 31.0, ""feat_secs"": 0.002821, ""feat_secs_frame"": 0.000122, ""feat_secs_hsf"": 0.002662}"
ct,"ct:n=24,L=1,t=48,nn=1",1,"{""n"": 24.0, ""L"": 1.0, ""t"": 48.0, ""nn"": 1.0}",mps,ok,0.00016,0.0049,2293760,0.0,2,-2.272337520986765e-20,2.272337520986765e-20,,"{""n"": 24, ""gates"": 128, ""g2"": 12, ""g3"": 0, ""depth2"": 1, ""t_count"": 48, ""rotations"": 48, ""d"": 17, ""dense_l"": 19.2295, ""redundant"": 31, ""obs_zero"": true, ""frame_l"": 7.0, ""chi_bits"": 1, ""mps_l"": 7.7279, ""hsf_k"": 0, ""hsf_na"": 12, ""hsf_nb"": 12, ""hsf_l"": 24.0444, ""sup"": 23, ""chi_bits0"": 1, ""mps_l0"": 7.7279, ""hsf_keff"": 0, ""hsf_l0"": 24.0444, ""sparse_l"": 30.0, ""sv_l"": 31.0, ""feat_secs"": 0.002821, ""feat_secs_frame"": 0.000122, ""feat_secs_hsf"": 0.002662}"
ct,"ct:n=24,L=1,t=48,nn=1",1,"{""n"": 24.0, ""L"": 1.0, ""t"": 48.0, ""nn"": 1.0}",hsf,ok,0.063192,0.0692,271171584,7.388997616783058e-20,1,-2.272337520986765e-20,9.661335137769823e-20,,"{""n"": 24, ""gates"": 128, ""g2"": 12, ""g3"": 0, ""depth2"": 1, ""t_count"": 48, ""rotations"": 48, ""d"": 17, ""dense_l"": 19.2295, ""redundant"": 31, ""obs_zero"": true, ""frame_l"": 7.0, ""chi_bits"": 1, ""mps_l"": 7.7279, ""hsf_k"": 0, ""hsf_na"": 12, ""hsf_nb"": 12, ""hsf_l"": 24.0444, ""sup"": 23, ""chi_bits0"": 1, ""mps_l0"": 7.7279, ""hsf_keff"": 0, ""hsf_l0"": 24.0444, ""sparse_l"": 30.0, ""sv_l"": 31.0, ""feat_secs"": 0.002821, ""feat_secs_frame"": 0.000122, ""feat_secs_hsf"": 0.002662}"
ct,"ct:n=24,L=1,t=48,nn=1",1,"{""n"": 24.0, ""L"": 1.0, ""t"": 48.0, ""nn"": 1.0}",tableau,na,,0.0073,1835008,,,-2.272337520986765e-20,,"TooLarge { what: ""tableau (non-Clifford circuit)"", bytes: 0, limit: 0 }","{""n"": 24, ""gates"": 128, ""g2"": 12, ""g3"": 0, ""depth2"": 1, ""t_count"": 48, ""rotations"": 48, ""d"": 17, ""dense_l"": 19.2295, ""redundant"": 31, ""obs_zero"": true, ""frame_l"": 7.0, ""chi_bits"": 1, ""mps_l"": 7.7279, ""hsf_k"": 0, ""hsf_na"": 12, ""hsf_nb"": 12, ""hsf_l"": 24.0444, ""sup"": 23, ""chi_bits0"": 1, ""mps_l0"": 7.7279, ""hsf_keff"": 0, ""hsf_l0"": 24.0444, ""sparse_l"": 30.0, ""sv_l"": 31.0, ""feat_secs"": 0.002821, ""feat_secs_frame"": 0.000122, ""feat_secs_hsf"": 0.002662}"
ct,"ct:n=24,L=1,t=48,nn=1",1,"{""n"": 24.0, ""L"": 1.0, ""t"": 48.0, ""nn"": 1.0}",frame,ok,0.000239,0.0077,2539520,-0.0,0,-2.272337520986765e-20,2.272337520986765e-20,switched_at=None dense_qubits=0 peak_terms=0 term_visits=0 dense_ops=0,"{""n"": 24, ""gates"": 128, ""g2"": 12, ""g3"": 0, ""depth2"": 1, ""t_count"": 48, ""rotations"": 48, ""d"": 17, ""dense_l"": 19.2295, ""redundant"": 31, ""obs_zero"": true, ""frame_l"": 7.0, ""chi_bits"": 1, ""mps_l"": 7.7279, ""hsf_k"": 0, ""hsf_na"": 12, ""hsf_nb"": 12, ""hsf_l"": 24.0444, ""sup"": 23, ""chi_bits0"": 1, ""mps_l0"": 7.7279, ""hsf_keff"": 0, ""hsf_l0"": 24.0444, ""sparse_l"": 30.0, ""sv_l"": 31.0, ""feat_secs"": 0.002821, ""feat_secs_frame"": 0.000122, ""feat_secs_hsf"": 0.002662}"
ct,"ct:n=24,L=1,t=48,nn=1",1,"{""n"": 24.0, ""L"": 1.0, ""t"": 48.0, ""nn"": 1.0}",dense,ok,0.0016,0.0078,4669440,0.0,17,-2.272337520986765e-20,2.272337520986765e-20,switched_at=Some(48) dense_qubits=17 peak_terms=0 term_visits=0 dense_ops=614703,"{""n"": 24, ""gates"": 128, ""g2"": 12, ""g3"": 0, ""depth2"": 1, ""t_count"": 48, ""rotations"": 48, ""d"": 17, ""dense_l"": 19.2295, ""redundant"": 31, ""obs_zero"": true, ""frame_l"": 7.0, ""chi_bits"": 1, ""mps_l"": 7.7279, ""hsf_k"": 0, ""hsf_na"": 12, ""hsf_nb"": 12, ""hsf_l"": 24.0444, ""sup"": 23, ""chi_bits0"": 1, ""mps_l0"": 7.7279, ""hsf_keff"": 0, ""hsf_l0"": 24.0444, ""sparse_l"": 30.0, ""sv_l"": 31.0, ""feat_secs"": 0.002821, ""feat_secs_frame"": 0.000122, ""feat_secs_hsf"": 0.002662}"
ct,"ct:n=24,L=1,t=48,nn=1",1,"{""n"": 24.0, ""L"": 1.0, ""t"": 48.0, ""nn"": 1.0}",auto,ok,0.000325,0.0072,2539520,-0.0,0,-2.272337520986765e-20,2.272337520986765e-20,switched_at=None dense_qubits=0 peak_terms=0 term_visits=0 dense_ops=0,"{""n"": 24, ""gates"": 128, ""g2"": 12, ""g3"": 0, ""depth2"": 1, ""t_count"": 48, ""rotations"": 48, ""d"": 17, ""dense_l"": 19.2295, ""redundant"": 31, ""obs_zero"": true, ""frame_l"": 7.0, ""chi_bits"": 1, ""mps_l"": 7.7279, ""hsf_k"": 0, ""hsf_na"": 12, ""hsf_nb"": 12, ""hsf_l"": 24.0444, ""sup"": 23, ""chi_bits0"": 1, ""mps_l0"": 7.7279, ""hsf_keff"": 0, ""hsf_l0"": 24.0444, ""sparse_l"": 30.0, ""sv_l"": 31.0, ""feat_secs"": 0.002821, ""feat_secs_frame"": 0.000122, ""feat_secs_hsf"": 0.002662}"
ct,"ct:n=24,L=1,t=64,nn=1",1,"{""n"": 24.0, ""L"": 1.0, ""t"": 64.0, ""nn"": 1.0}",sv,ok,0.426808,0.4326,272187392,2.80432516101832e-20,16777216,2.80432516101832e-20,0.0,,"{""n"": 24, ""gates"": 163, ""g2"": 12, ""g3"": 0, ""depth2"": 1, ""t_count"": 64, ""rotations"": 64, ""d"": 20, ""dense_l"": 22.5646, ""redundant"": 44, ""obs_zero"": true, ""frame_l"": 7.3487, ""chi_bits"": 1, ""mps_l"": 7.9484, ""hsf_k"": 0, ""hsf_na"": 12, ""hsf_nb"": 12, ""hsf_l"": 24.0563, ""sup"": 22, ""chi_bits0"": 1, ""mps_l0"": 7.9484, ""hsf_keff"": 0, ""hsf_l0"": 24.0563, ""sparse_l"": 29.3487, ""sv_l"": 31.3487, ""feat_secs"": 0.003433, ""feat_secs_frame"": 0.000147, ""feat_secs_hsf"": 0.003233}"
ct,"ct:n=24,L=1,t=64,nn=1",1,"{""n"": 24.0, ""L"": 1.0, ""t"": 64.0, ""nn"": 1.0}",sparse,ok,3.064705,3.0696,844283904,-8.060857863972514e-17,4194304,2.80432516101832e-20,8.063662189133532e-17,,"{""n"": 24, ""gates"": 163, ""g2"": 12, ""g3"": 0, ""depth2"": 1, ""t_count"": 64, ""rotations"": 64, ""d"": 20, ""dense_l"": 22.5646, ""redundant"": 44, ""obs_zero"": true, ""frame_l"": 7.3487, ""chi_bits"": 1, ""mps_l"": 7.9484, ""hsf_k"": 0, ""hsf_na"": 12, ""hsf_nb"": 12, ""hsf_l"": 24.0563, ""sup"": 22, ""chi_bits0"": 1, ""mps_l0"": 7.9484, ""hsf_keff"": 0, ""hsf_l0"": 24.0563, ""sparse_l"": 29.3487, ""sv_l"": 31.3487, ""feat_secs"": 0.003433, ""feat_secs_frame"": 0.000147, ""feat_secs_hsf"": 0.003233}"
ct,"ct:n=24,L=1,t=64,nn=1",1,"{""n"": 24.0, ""L"": 1.0, ""t"": 64.0, ""nn"": 1.0}",mps,ok,0.000176,0.0068,2310144,3.210711004056322e-37,2,2.80432516101832e-20,2.80432516101832e-20,,"{""n"": 24, ""gates"": 163, ""g2"": 12, ""g3"": 0, ""depth2"": 1, ""t_count"": 64, ""rotations"": 64, ""d"": 20, ""dense_l"": 22.5646, ""redundant"": 44, ""obs_zero"": true, ""frame_l"": 7.3487, ""chi_bits"": 1, ""mps_l"": 7.9484, ""hsf_k"": 0, ""hsf_na"": 12, ""hsf_nb"": 12, ""hsf_l"": 24.0563, ""sup"": 22, ""chi_bits0"": 1, ""mps_l0"": 7.9484, ""hsf_keff"": 0, ""hsf_l0"": 24.0563, ""sparse_l"": 29.3487, ""sv_l"": 31.3487, ""feat_secs"": 0.003433, ""feat_secs_frame"": 0.000147, ""feat_secs_hsf"": 0.003233}"
ct,"ct:n=24,L=1,t=64,nn=1",1,"{""n"": 24.0, ""L"": 1.0, ""t"": 64.0, ""nn"": 1.0}",hsf,ok,0.063677,0.0706,271220736,1.350310311446876e-20,1,2.80432516101832e-20,1.4540148495714437e-20,,"{""n"": 24, ""gates"": 163, ""g2"": 12, ""g3"": 0, ""depth2"": 1, ""t_count"": 64, ""rotations"": 64, ""d"": 20, ""dense_l"": 22.5646, ""redundant"": 44, ""obs_zero"": true, ""frame_l"": 7.3487, ""chi_bits"": 1, ""mps_l"": 7.9484, ""hsf_k"": 0, ""hsf_na"": 12, ""hsf_nb"": 12, ""hsf_l"": 24.0563, ""sup"": 22, ""chi_bits0"": 1, ""mps_l0"": 7.9484, ""hsf_keff"": 0, ""hsf_l0"": 24.0563, ""sparse_l"": 29.3487, ""sv_l"": 31.3487, ""feat_secs"": 0.003433, ""feat_secs_frame"": 0.000147, ""feat_secs_hsf"": 0.003233}"
ct,"ct:n=24,L=1,t=64,nn=1",1,"{""n"": 24.0, ""L"": 1.0, ""t"": 64.0, ""nn"": 1.0}",tableau,na,,0.0048,1851392,,,2.80432516101832e-20,,"TooLarge { what: ""tableau (non-Clifford circuit)"", bytes: 0, limit: 0 }","{""n"": 24, ""gates"": 163, ""g2"": 12, ""g3"": 0, ""depth2"": 1, ""t_count"": 64, ""rotations"": 64, ""d"": 20, ""dense_l"": 22.5646, ""redundant"": 44, ""obs_zero"": true, ""frame_l"": 7.3487, ""chi_bits"": 1, ""mps_l"": 7.9484, ""hsf_k"": 0, ""hsf_na"": 12, ""hsf_nb"": 12, ""hsf_l"": 24.0563, ""sup"": 22, ""chi_bits0"": 1, ""mps_l0"": 7.9484, ""hsf_keff"": 0, ""hsf_l0"": 24.0563, ""sparse_l"": 29.3487, ""sv_l"": 31.3487, ""feat_secs"": 0.003433, ""feat_secs_frame"": 0.000147, ""feat_secs_hsf"": 0.003233}"
ct,"ct:n=24,L=1,t=64,nn=1",1,"{""n"": 24.0, ""L"": 1.0, ""t"": 64.0, ""nn"": 1.0}",frame,ok,0.000286,0.0070,2555904,-0.0,0,2.80432516101832e-20,2.80432516101832e-20,switched_at=None dense_qubits=0 peak_terms=0 term_visits=0 dense_ops=0,"{""n"": 24, ""gates"": 163, ""g2"": 12, ""g3"": 0, ""depth2"": 1, ""t_count"": 64, ""rotations"": 64, ""d"": 20, ""dense_l"": 22.5646, ""redundant"": 44, ""obs_zero"": true, ""frame_l"": 7.3487, ""chi_bits"": 1, ""mps_l"": 7.9484, ""hsf_k"": 0, ""hsf_na"": 12, ""hsf_nb"": 12, ""hsf_l"": 24.0563, ""sup"": 22, ""chi_bits0"": 1, ""mps_l0"": 7.9484, ""hsf_keff"": 0, ""hsf_l0"": 24.0563, ""sparse_l"": 29.3487, ""sv_l"": 31.3487, ""feat_secs"": 0.003433, ""feat_secs_frame"": 0.000147, ""feat_secs_hsf"": 0.003233}"
ct,"ct:n=24,L=1,t=64,nn=1",1,"{""n"": 24.0, ""L"": 1.0, ""t"": 64.0, ""nn"": 1.0}",dense,ok,0.01218,0.0183,19365888,0.0,20,2.80432516101832e-20,2.80432516101832e-20,switched_at=Some(64) dense_qubits=20 peak_terms=0 term_visits=0 dense_ops=6203120,"{""n"": 24, ""gates"": 163, ""g2"": 12, ""g3"": 0, ""depth2"": 1, ""t_count"": 64, ""rotations"": 64, ""d"": 20, ""dense_l"": 22.5646, ""redundant"": 44, ""obs_zero"": true, ""frame_l"": 7.3487, ""chi_bits"": 1, ""mps_l"": 7.9484, ""hsf_k"": 0, ""hsf_na"": 12, ""hsf_nb"": 12, ""hsf_l"": 24.0563, ""sup"": 22, ""chi_bits0"": 1, ""mps_l0"": 7.9484, ""hsf_keff"": 0, ""hsf_l0"": 24.0563, ""sparse_l"": 29.3487, ""sv_l"": 31.3487, ""feat_secs"": 0.003433, ""feat_secs_frame"": 0.000147, ""feat_secs_hsf"": 0.003233}"
ct,"ct:n=24,L=1,t=64,nn=1",1,"{""n"": 24.0, ""L"": 1.0, ""t"": 64.0, ""nn"": 1.0}",auto,ok,0.000275,0.0076,2555904,-0.0,0,2.80432516101832e-20,2.80432516101832e-20,switched_at=None dense_qubits=0 peak_terms=0 term_visits=0 dense_ops=0,"{""n"": 24, ""gates"": 163, ""g2"": 12, ""g3"": 0, ""depth2"": 1, ""t_count"": 64, ""rotations"": 64, ""d"": 20, ""dense_l"": 22.5646, ""redundant"": 44, ""obs_zero"": true, ""frame_l"": 7.3487, ""chi_bits"": 1, ""mps_l"": 7.9484, ""hsf_k"": 0, ""hsf_na"": 12, ""hsf_nb"": 12, ""hsf_l"": 24.0563, ""sup"": 22, ""chi_bits0"": 1, ""mps_l0"": 7.9484, ""hsf_keff"": 0, ""hsf_l0"": 24.0563, ""sparse_l"": 29.3487, ""sv_l"": 31.3487, ""feat_secs"": 0.003433, ""feat_secs_frame"": 0.000147, ""feat_secs_hsf"": 0.003233}"
ct,"ct:n=24,L=2,t=0,nn=1",1,"{""n"": 24.0, ""L"": 2.0, ""t"": 0.0, ""nn"": 1.0}",sv,ok,0.501655,0.5087,272203776,0.0,16777216,0.0,0.0,,"{""n"": 24, ""gates"": 67, ""g2"": 23, ""g3"": 0, ""depth2"": 2, ""t_count"": 0, ""rotations"": 0, ""d"": 0, ""dense_l"": 0.0, ""redundant"": 0, ""obs_zero"": true, ""frame_l"": 6.0661, ""chi_bits"": 1, ""mps_l"": 8.1699, ""hsf_k"": 1, ""hsf_na"": 12, ""hsf_nb"": 12, ""hsf_l"": 25.0234, ""sup"": 17, ""chi_bits0"": 1, ""mps_l0"": 8.1699, ""hsf_keff"": 1, ""hsf_l0"": 25.0234, ""sparse_l"": 23.0661, ""sv_l"": 30.0661, ""feat_secs"": 0.005439, ""feat_secs_frame"": 8.2e-05, ""feat_secs_hsf"": 0.005329}"
ct,"ct:n=24,L=2,t=0,nn=1",1,"{""n"": 24.0, ""L"": 2.0, ""t"": 0.0, ""nn"": 1.0}",sparse,ok,0.005298,0.0101,4603904,2.710505431213761e-19,16384,0.0,2.710505431213761e-19,,"{""n"": 24, ""gates"": 67, ""g2"": 23, ""g3"": 0, ""depth2"": 2, ""t_count"": 0, ""rotations"": 0, ""d"": 0, ""dense_l"": 0.0, ""redundant"": 0, ""obs_zero"": true, ""frame_l"": 6.0661, ""chi_bits"": 1, ""mps_l"": 8.1699, ""hsf_k"": 1, ""hsf_na"": 12, ""hsf_nb"": 12, ""hsf_l"": 25.0234, ""sup"": 17, ""chi_bits0"": 1, ""mps_l0"": 8.1699, ""hsf_keff"": 1, ""hsf_l0"": 25.0234, ""sparse_l"": 23.0661, ""sv_l"": 30.0661, ""feat_secs"": 0.005439, ""feat_secs_frame"": 8.2e-05, ""feat_secs_hsf"": 0.005329}"
ct,"ct:n=24,L=2,t=0,nn=1",1,"{""n"": 24.0, ""L"": 2.0, ""t"": 0.0, ""nn"": 1.0}",mps,ok,0.000231,0.0046,2473984,0.0,2,0.0,0.0,,"{""n"": 24, ""gates"": 67, ""g2"": 23, ""g3"": 0, ""depth2"": 2, ""t_count"": 0, ""rotations"": 0, ""d"": 0, ""dense_l"": 0.0, ""redundant"": 0, ""obs_zero"": true, ""frame_l"": 6.0661, ""chi_bits"": 1, ""mps_l"": 8.1699, ""hsf_k"": 1, ""hsf_na"": 12, ""hsf_nb"": 12, ""hsf_l"": 25.0234, ""sup"": 17, ""chi_bits0"": 1, ""mps_l0"": 8.1699, ""hsf_keff"": 1, ""hsf_l0"": 25.0234, ""sparse_l"": 23.0661, ""sv_l"": 30.0661, ""feat_secs"": 0.005439, ""feat_secs_frame"": 8.2e-05, ""feat_secs_hsf"": 0.005329}"
ct,"ct:n=24,L=2,t=0,nn=1",1,"{""n"": 24.0, ""L"": 2.0, ""t"": 0.0, ""nn"": 1.0}",hsf,ok,0.063396,0.0694,271302656,0.0,2,0.0,0.0,,"{""n"": 24, ""gates"": 67, ""g2"": 23, ""g3"": 0, ""depth2"": 2, ""t_count"": 0, ""rotations"": 0, ""d"": 0, ""dense_l"": 0.0, ""redundant"": 0, ""obs_zero"": true, ""frame_l"": 6.0661, ""chi_bits"": 1, ""mps_l"": 8.1699, ""hsf_k"": 1, ""hsf_na"": 12, ""hsf_nb"": 12, ""hsf_l"": 25.0234, ""sup"": 17, ""chi_bits0"": 1, ""mps_l0"": 8.1699, ""hsf_keff"": 1, ""hsf_l0"": 25.0234, ""sparse_l"": 23.0661, ""sv_l"": 30.0661, ""feat_secs"": 0.005439, ""feat_secs_frame"": 8.2e-05, ""feat_secs_hsf"": 0.005329}"
ct,"ct:n=24,L=2,t=0,nn=1",1,"{""n"": 24.0, ""L"": 2.0, ""t"": 0.0, ""nn"": 1.0}",tableau,ok,5.4e-05,0.0049,2015232,-0.0,0,0.0,0.0,,"{""n"": 24, ""gates"": 67, ""g2"": 23, ""g3"": 0, ""depth2"": 2, ""t_count"": 0, ""rotations"": 0, ""d"": 0, ""dense_l"": 0.0, ""redundant"": 0, ""obs_zero"": true, ""frame_l"": 6.0661, ""chi_bits"": 1, ""mps_l"": 8.1699, ""hsf_k"": 1, ""hsf_na"": 12, ""hsf_nb"": 12, ""hsf_l"": 25.0234, ""sup"": 17, ""chi_bits0"": 1, ""mps_l0"": 8.1699, ""hsf_keff"": 1, ""hsf_l0"": 25.0234, ""sparse_l"": 23.0661, ""sv_l"": 30.0661, ""feat_secs"": 0.005439, ""feat_secs_frame"": 8.2e-05, ""feat_secs_hsf"": 0.005329}"
ct,"ct:n=24,L=2,t=0,nn=1",1,"{""n"": 24.0, ""L"": 2.0, ""t"": 0.0, ""nn"": 1.0}",frame,ok,0.000108,0.0050,2146304,-0.0,0,0.0,0.0,switched_at=None dense_qubits=0 peak_terms=0 term_visits=0 dense_ops=0,"{""n"": 24, ""gates"": 67, ""g2"": 23, ""g3"": 0, ""depth2"": 2, ""t_count"": 0, ""rotations"": 0, ""d"": 0, ""dense_l"": 0.0, ""redundant"": 0, ""obs_zero"": true, ""frame_l"": 6.0661, ""chi_bits"": 1, ""mps_l"": 8.1699, ""hsf_k"": 1, ""hsf_na"": 12, ""hsf_nb"": 12, ""hsf_l"": 25.0234, ""sup"": 17, ""chi_bits0"": 1, ""mps_l0"": 8.1699, ""hsf_keff"": 1, ""hsf_l0"": 25.0234, ""sparse_l"": 23.0661, ""sv_l"": 30.0661, ""feat_secs"": 0.005439, ""feat_secs_frame"": 8.2e-05, ""feat_secs_hsf"": 0.005329}"
ct,"ct:n=24,L=2,t=0,nn=1",1,"{""n"": 24.0, ""L"": 2.0, ""t"": 0.0, ""nn"": 1.0}",dense,ok,0.000127,0.0072,2129920,-0.0,0,0.0,0.0,switched_at=None dense_qubits=0 peak_terms=0 term_visits=0 dense_ops=0,"{""n"": 24, ""gates"": 67, ""g2"": 23, ""g3"": 0, ""depth2"": 2, ""t_count"": 0, ""rotations"": 0, ""d"": 0, ""dense_l"": 0.0, ""redundant"": 0, ""obs_zero"": true, ""frame_l"": 6.0661, ""chi_bits"": 1, ""mps_l"": 8.1699, ""hsf_k"": 1, ""hsf_na"": 12, ""hsf_nb"": 12, ""hsf_l"": 25.0234, ""sup"": 17, ""chi_bits0"": 1, ""mps_l0"": 8.1699, ""hsf_keff"": 1, ""hsf_l0"": 25.0234, ""sparse_l"": 23.0661, ""sv_l"": 30.0661, ""feat_secs"": 0.005439, ""feat_secs_frame"": 8.2e-05, ""feat_secs_hsf"": 0.005329}"
ct,"ct:n=24,L=2,t=0,nn=1",1,"{""n"": 24.0, ""L"": 2.0, ""t"": 0.0, ""nn"": 1.0}",auto,ok,0.000109,0.0067,2146304,-0.0,0,0.0,0.0,switched_at=None dense_qubits=0 peak_terms=0 term_visits=0 dense_ops=0,"{""n"": 24, ""gates"": 67, ""g2"": 23, ""g3"": 0, ""depth2"": 2, ""t_count"": 0, ""rotations"": 0, ""d"": 0, ""dense_l"": 0.0, ""redundant"": 0, ""obs_zero"": true, ""frame_l"": 6.0661, ""chi_bits"": 1, ""mps_l"": 8.1699, ""hsf_k"": 1, ""hsf_na"": 12, ""hsf_nb"": 12, ""hsf_l"": 25.0234, ""sup"": 17, ""chi_bits0"": 1, ""mps_l0"": 8.1699, ""hsf_keff"": 1, ""hsf_l0"": 25.0234, ""sparse_l"": 23.0661, ""sv_l"": 30.0661, ""feat_secs"": 0.005439, ""feat_secs_frame"": 8.2e-05, ""feat_secs_hsf"": 0.005329}"
ct,"ct:n=24,L=2,t=2,nn=1",1,"{""n"": 24.0, ""L"": 2.0, ""t"": 2.0, ""nn"": 1.0}",sv,ok,0.507864,0.5137,272269312,0.0,16777216,0.0,0.0,,"{""n"": 24, ""gates"": 69, ""g2"": 23, ""g3"": 0, ""depth2"": 2, ""t_count"": 2, ""rotations"": 2, ""d"": 2, ""dense_l"": 2.585, ""redundant"": 0, ""obs_zero"": true, ""frame_l"": 6.1085, ""chi_bits"": 1, ""mps_l"": 8.2095, ""hsf_k"": 1, ""hsf_na"": 12, ""hsf_nb"": 12, ""hsf_l"": 25.0241, ""sup"": 17, ""chi_bits0"": 1, ""mps_l0"": 8.2095, ""hsf_keff"": 1, ""hsf_l0"": 25.0241, ""sparse_l"": 23.1085, ""sv_l"": 30.1085, ""feat_secs"": 0.006429, ""feat_secs_frame"": 8.7e-05, ""feat_secs_hsf"": 0.006314}"
ct,"ct:n=24,L=2,t=2,nn=1",1,"{""n"": 24.0, ""L"": 2.0, ""t"": 2.0, ""nn"": 1.0}",sparse,ok,0.006888,0.0137,6291456,-2.49366499671666e-18,16384,0.0,2.49366499671666e-18,,"{""n"": 24, ""gates"": 69, ""g2"": 23, ""g3"": 0, ""depth2"": 2, ""t_count"": 2, ""rotations"": 2, ""d"": 2, ""dense_l"": 2.585, ""redundant"": 0, ""obs_zero"": true, ""frame_l"": 6.1085, ""chi_bits"": 1, ""mps_l"": 8.2095, ""hsf_k"": 1, ""hsf_na"": 12, ""hsf_nb"": 12, ""hsf_l"": 25.0241, ""sup"": 17, ""chi_bits0"": 1, ""mps_l0"": 8.2095, ""hsf_keff"": 1, ""hsf_l0"": 25.0241, ""sparse_l"": 23.1085, ""sv_l"": 30.1085, ""feat_secs"": 0.006429, ""feat_secs_frame"": 8.7e-05, ""feat_secs_hsf"": 0.006314}"
ct,"ct:n=24,L=2,t=2,nn=1",1,"{""n"": 24.0, ""L"": 2.0, ""t"": 2.0, ""nn"": 1.0}",mps,ok,0.000219,0.0068,2490368,0.0,2,0.0,0.0,,"{""n"": 24, ""gates"": 69, ""g2"": 23, ""g3"": 0, ""depth2"": 2, ""t_count"": 2, ""rotations"": 2, ""d"": 2, ""dense_l"": 2.585, ""redundant"": 0, ""obs_zero"": true, ""frame_l"": 6.1085, ""chi_bits"": 1, ""mps_l"": 8.2095, ""hsf_k"": 1, ""hsf_na"": 12, ""hsf_nb"": 12, ""hsf_l"": 25.0241, ""sup"": 17, ""chi_bits0"": 1, ""mps_l0"": 8.2095, ""hsf_keff"": 1, ""hsf_l0"": 25.0241, ""sparse_l"": 23.1085, ""sv_l"": 30.1085, ""feat_secs"": 0.006429, ""feat_secs_frame"": 8.7e-05, ""feat_secs_hsf"": 0.006314}"
ct,"ct:n=24,L=2,t=2,nn=1",1,"{""n"": 24.0, ""L"": 2.0, ""t"": 2.0, ""nn"": 1.0}",hsf,ok,0.072483,0.0779,271319040,0.0,2,0.0,0.0,,"{""n"": 24, ""gates"": 69, ""g2"": 23, ""g3"": 0, ""depth2"": 2, ""t_count"": 2, ""rotations"": 2, ""d"": 2, ""dense_l"": 2.585, ""redundant"": 0, ""obs_zero"": true, ""frame_l"": 6.1085, ""chi_bits"": 1, ""mps_l"": 8.2095, ""hsf_k"": 1, ""hsf_na"": 12, ""hsf_nb"": 12, ""hsf_l"": 25.0241, ""sup"": 17, ""chi_bits0"": 1, ""mps_l0"": 8.2095, ""hsf_keff"": 1, ""hsf_l0"": 25.0241, ""sparse_l"": 23.1085, ""sv_l"": 30.1085, ""feat_secs"": 0.006429, ""feat_secs_frame"": 8.7e-05, ""feat_secs_hsf"": 0.006314}"
ct,"ct:n=24,L=2,t=2,nn=1",1,"{""n"": 24.0, ""L"": 2.0, ""t"": 2.0, ""nn"": 1.0}",tableau,na,,0.0069,1835008,,,0.0,,"TooLarge { what: ""tableau (non-Clifford circuit)"", bytes: 0, limit: 0 }","{""n"": 24, ""gates"": 69, ""g2"": 23, ""g3"": 0, ""depth2"": 2, ""t_count"": 2, ""rotations"": 2, ""d"": 2, ""dense_l"": 2.585, ""redundant"": 0, ""obs_zero"": true, ""frame_l"": 6.1085, ""chi_bits"": 1, ""mps_l"": 8.2095, ""hsf_k"": 1, ""hsf_na"": 12, ""hsf_nb"": 12, ""hsf_l"": 25.0241, ""sup"": 17, ""chi_bits0"": 1, ""mps_l0"": 8.2095, ""hsf_keff"": 1, ""hsf_l0"": 25.0241, ""sparse_l"": 23.1085, ""sv_l"": 30.1085, ""feat_secs"": 0.006429, ""feat_secs_frame"": 8.7e-05, ""feat_secs_hsf"": 0.006314}"
ct,"ct:n=24,L=2,t=2,nn=1",1,"{""n"": 24.0, ""L"": 2.0, ""t"": 2.0, ""nn"": 1.0}",frame,ok,0.000299,0.0050,2506752,-0.0,0,0.0,0.0,switched_at=None dense_qubits=0 peak_terms=0 term_visits=0 dense_ops=0,"{""n"": 24, ""gates"": 69, ""g2"": 23, ""g3"": 0, ""depth2"": 2, ""t_count"": 2, ""rotations"": 2, ""d"": 2, ""dense_l"": 2.585, ""redundant"": 0, ""obs_zero"": true, ""frame_l"": 6.1085, ""chi_bits"": 1, ""mps_l"": 8.2095, ""hsf_k"": 1, ""hsf_na"": 12, ""hsf_nb"": 12, ""hsf_l"": 25.0241, ""sup"": 17, ""chi_bits0"": 1, ""mps_l0"": 8.2095, ""hsf_keff"": 1, ""hsf_l0"": 25.0241, ""sparse_l"": 23.1085, ""sv_l"": 30.1085, ""feat_secs"": 0.006429, ""feat_secs_frame"": 8.7e-05, ""feat_secs_hsf"": 0.006314}"
ct,"ct:n=24,L=2,t=2,nn=1",1,"{""n"": 24.0, ""L"": 2.0, ""t"": 2.0, ""nn"": 1.0}",dense,ok,0.000122,0.0045,2162688,0.0,2,0.0,0.0,switched_at=Some(2) dense_qubits=2 peak_terms=0 term_visits=0 dense_ops=6,"{""n"": 24, ""gates"": 69, ""g2"": 23, ""g3"": 0, ""depth2"": 2, ""t_count"": 2, ""rotations"": 2, ""d"": 2, ""dense_l"": 2.585, ""redundant"": 0, ""obs_zero"": true, ""frame_l"": 6.1085, ""chi_bits"": 1, ""mps_l"": 8.2095, ""hsf_k"": 1, ""hsf_na"": 12, ""hsf_nb"": 12, ""hsf_l"": 25.0241, ""sup"": 17, ""chi_bits0"": 1, ""mps_l0"": 8.2095, ""hsf_keff"": 1, ""hsf_l0"": 25.0241, ""sparse_l"": 23.1085, ""sv_l"": 30.1085, ""feat_secs"": 0.006429, ""feat_secs_frame"": 8.7e-05, ""feat_secs_hsf"": 0.006314}"
ct,"ct:n=24,L=2,t=2,nn=1",1,"{""n"": 24.0, ""L"": 2.0, ""t"": 2.0, ""nn"": 1.0}",auto,ok,0.000118,0.0047,2162688,0.0,2,0.0,0.0,switched_at=Some(2) dense_qubits=2 peak_terms=0 term_visits=0 dense_ops=6,"{""n"": 24, ""gates"": 69, ""g2"": 23, ""g3"": 0, ""depth2"": 2, ""t_count"": 2, ""rotations"": 2, ""d"": 2, ""dense_l"": 2.585, ""redundant"": 0, ""obs_zero"": true, ""frame_l"": 6.1085, ""chi_bits"": 1, ""mps_l"": 8.2095, ""hsf_k"": 1, ""hsf_na"": 12, ""hsf_nb"": 12, ""hsf_l"": 25.0241, ""sup"": 17, ""chi_bits0"": 1, ""mps_l0"": 8.2095, ""hsf_keff"": 1, ""hsf_l0"": 25.0241, ""sparse_l"": 23.1085, ""sv_l"": 30.1085, ""feat_secs"": 0.006429, ""feat_secs_frame"": 8.7e-05, ""feat_secs_hsf"": 0.006314}"
ct,"ct:n=24,L=2,t=4,nn=1",1,"{""n"": 24.0, ""L"": 2.0, ""t"": 4.0, ""nn"": 1.0}",sv,ok,0.542413,0.5494,272269312,0.0,16777216,0.0,0.0,,"{""n"": 24, ""gates"": 74, ""g2"": 23, ""g3"": 0, ""depth2"": 2, ""t_count"": 4, ""rotations"": 4, ""d"": 3, ""dense_l"": 4.1699, ""redundant"": 1, ""obs_zero"": true, ""frame_l"": 6.2095, ""chi_bits"": 1, ""mps_l"": 8.3038, ""hsf_k"": 1, ""hsf_na"": 12, ""hsf_nb"": 12, ""hsf_l"": 24.0258, ""sup"": 19, ""chi_bits0"": 1, ""mps_l0"": 8.3038, ""hsf_keff"": 0, ""hsf_l0"": 25.0258, ""sparse_l"": 25.2095, ""sv_l"": 30.2095, ""feat_secs"": 0.005373, ""feat_secs_frame"": 9.4e-05, ""feat_secs_hsf"": 0.005252}"
ct,"ct:n=24,L=2,t=4,nn=1",1,"{""n"": 24.0, ""L"": 2.0, ""t"": 4.0, ""nn"": 1.0}",sparse,ok,0.030862,0.0376,25903104,9.30889209032476e-19,131072,0.0,9.30889209032476e-19,,"{""n"": 24, ""gates"": 74, ""g2"": 23, ""g3"": 0, ""depth2"": 2, ""t_count"": 4, ""rotations"": 4, ""d"": 3, ""dense_l"": 4.1699, ""redundant"": 1, ""obs_zero"": true, ""frame_l"": 6.2095, ""chi_bits"": 1, ""mps_l"": 8.3038, ""hsf_k"": 1, ""hsf_na"": 12, ""hsf_nb"": 12, ""hsf_l"": 24.0258, ""sup"": 19, ""chi_bits0"": 1, ""mps_l0"": 8.3038, ""hsf_keff"": 0, ""hsf_l0"": 25.0258, ""sparse_l"": 25.2095, ""sv_l"": 30.2095, ""feat_secs"": 0.005373, ""feat_secs_frame"": 9.4e-05, ""feat_secs_hsf"": 0.005252}"
ct,"ct:n=24,L=2,t=4,nn=1",1,"{""n"": 24.0, ""L"": 2.0, ""t"": 4.0, ""nn"": 1.0}",mps,ok,0.000218,0.0049,2490368,0.0,2,0.0,0.0,,"{""n"": 24, ""gates"": 74, ""g2"": 23, ""g3"": 0, ""depth2"": 2, ""t_count"": 4, ""rotations"": 4, ""d"": 3, ""dense_l"": 4.1699, ""redundant"": 1, ""obs_zero"": true, ""frame_l"": 6.2095, ""chi_bits"": 1, ""mps_l"": 8.3038, ""hsf_k"": 1, ""hsf_na"": 12, ""hsf_nb"": 12, ""hsf_l"": 24.0258, ""sup"": 19, ""chi_bits0"": 1, ""mps_l0"": 8.3038, ""hsf_keff"": 0, ""hsf_l0"": 25.0258, ""sparse_l"": 25.2095, ""sv_l"": 30.2095, ""feat_secs"": 0.005373, ""feat_secs_frame"": 9.4e-05, ""feat_secs_hsf"": 0.005252}"
ct,"ct:n=24,L=2,t=4,nn=1",1,"{""n"": 24.0, ""L"": 2.0, ""t"": 4.0, ""nn"": 1.0}",hsf,ok,0.06293,0.0675,271335424,0.0,2,0.0,0.0,,"{""n"": 24, ""gates"": 74, ""g2"": 23, ""g3"": 0, ""depth2"": 2, ""t_count"": 4, ""rotations"": 4, ""d"": 3, ""dense_l"": 4.1699, ""redundant"": 1, ""obs_zero"": true, ""frame_l"": 6.2095, ""chi_bits"": 1, ""mps_l"": 8.3038, ""hsf_k"": 1, ""hsf_na"": 12, ""hsf_nb"": 12, ""hsf_l"": 24.0258, ""sup"": 19, ""chi_bits0"": 1, ""mps_l0"": 8.3038, ""hsf_keff"": 0, ""hsf_l0"": 25.0258, ""sparse_l"": 25.2095, ""sv_l"": 30.2095, ""feat_secs"": 0.005373, ""feat_secs_frame"": 9.4e-05, ""feat_secs_hsf"": 0.005252}"
ct,"ct:n=24,L=2,t=4,nn=1",1,"{""n"": 24.0, ""L"": 2.0, ""t"": 4.0, ""nn"": 1.0}",tableau,na,,0.0046,1835008,,,0.0,,"TooLarge { what: ""tableau (non-Clifford circuit)"", bytes: 0, limit: 0 }","{""n"": 24, ""gates"": 74, ""g2"": 23, ""g3"": 0, ""depth2"": 2, ""t_count"": 4, ""rotations"": 4, ""d"": 3, ""dense_l"": 4.1699, ""redundant"": 1, ""obs_zero"": true, ""frame_l"": 6.2095, ""chi_bits"": 1, ""mps_l"": 8.3038, ""hsf_k"": 1, ""hsf_na"": 12, ""hsf_nb"": 12, ""hsf_l"": 24.0258, ""sup"": 19, ""chi_bits0"": 1, ""mps_l0"": 8.3038, ""hsf_keff"": 0, ""hsf_l0"": 25.0258, ""sparse_l"": 25.2095, ""sv_l"": 30.2095, ""feat_secs"": 0.005373, ""feat_secs_frame"": 9.4e-05, ""feat_secs_hsf"": 0.005252}"
ct,"ct:n=24,L=2,t=4,nn=1",1,"{""n"": 24.0, ""L"": 2.0, ""t"": 4.0, ""nn"": 1.0}",frame,ok,0.000279,0.0073,2523136,-0.0,0,0.0,0.0,switched_at=None dense_qubits=0 peak_terms=0 term_visits=0 dense_ops=0,"{""n"": 24, ""gates"": 74, ""g2"": 23, ""g3"": 0, ""depth2"": 2, ""t_count"": 4, ""rotations"": 4, ""d"": 3, ""dense_l"": 4.1699, ""redundant"": 1, ""obs_zero"": true, ""frame_l"": 6.2095, ""chi_bits"": 1, ""mps_l"": 8.3038, ""hsf_k"": 1, ""hsf_na"": 12, ""hsf_nb"": 12, ""hsf_l"": 24.0258, ""sup"": 19, ""chi_bits0"": 1, ""mps_l0"": 8.3038, ""hsf_keff"": 0, ""hsf_l0"": 25.0258, ""sparse_l"": 25.2095, ""sv_l"": 30.2095, ""feat_secs"": 0.005373, ""feat_secs_frame"": 9.4e-05, ""feat_secs_hsf"": 0.005252}"
ct,"ct:n=24,L=2,t=4,nn=1",1,"{""n"": 24.0, ""L"": 2.0, ""t"": 4.0, ""nn"": 1.0}",dense,ok,0.000103,0.0047,2162688,0.0,3,0.0,0.0,switched_at=Some(4) dense_qubits=3 peak_terms=0 term_visits=0 dense_ops=18,"{""n"": 24, ""gates"": 74, ""g2"": 23, ""g3"": 0, ""depth2"": 2, ""t_count"": 4, ""rotations"": 4, ""d"": 3, ""dense_l"": 4.1699, ""redundant"": 1, ""obs_zero"": true, ""frame_l"": 6.2095, ""chi_bits"": 1, ""mps_l"": 8.3038, ""hsf_k"": 1, ""hsf_na"": 12, ""hsf_nb"": 12, ""hsf_l"": 24.0258, ""sup"": 19, ""chi_bits0"": 1, ""mps_l0"": 8.3038, ""hsf_keff"": 0, ""hsf_l0"": 25.0258, ""sparse_l"": 25.2095, ""sv_l"": 30.2095, ""feat_secs"": 0.005373, ""feat_secs_frame"": 9.4e-05, ""feat_secs_hsf"": 0.005252}"
ct,"ct:n=24,L=2,t=4,nn=1",1,"{""n"": 24.0, ""L"": 2.0, ""t"": 4.0, ""nn"": 1.0}",auto,ok,0.000106,0.0047,2179072,0.0,3,0.0,0.0,switched_at=Some(4) dense_qubits=3 peak_terms=0 term_visits=0 dense_ops=18,"{""n"": 24, ""gates"": 74, ""g2"": 23, ""g3"": 0, ""depth2"": 2, ""t_count"": 4, ""rotations"": 4, ""d"": 3, ""dense_l"": 4.1699, ""redundant"": 1, ""obs_zero"": true, ""frame_l"": 6.2095, ""chi_bits"": 1, ""mps_l"": 8.3038, ""hsf_k"": 1, ""hsf_na"": 12, ""hsf_nb"": 12, ""hsf_l"": 24.0258, ""sup"": 19, ""chi_bits0"": 1, ""mps_l0"": 8.3038, ""hsf_keff"": 0, ""hsf_l0"": 25.0258, ""sparse_l"": 25.2095, ""sv_l"": 30.2095, ""feat_secs"": 0.005373, ""feat_secs_frame"": 9.4e-05, ""feat_secs_hsf"": 0.005252}"
ct,"ct:n=24,L=2,t=8,nn=1",1,"{""n"": 24.0, ""L"": 2.0, ""t"": 8.0, ""nn"": 1.0}",sv,ok,0.581354,0.5868,272269312,0.0,16777216,0.0,0.0,,"{""n"": 24, ""gates"": 83, ""g2"": 23, ""g3"": 0, ""depth2"": 2, ""t_count"": 8, ""rotations"": 8, ""d"": 3, ""dense_l"": 4.9542, ""redundant"": 5, ""obs_zero"": true, ""frame_l"": 6.375, ""chi_bits"": 1, ""mps_l"": 8.3576, ""hsf_k"": 1, ""hsf_na"": 12, ""hsf_nb"": 12, ""hsf_l"": 25.0289, ""sup"": 19, ""chi_bits0"": 1, ""mps_l0"": 8.3576, ""hsf_keff"": 1, ""hsf_l0"": 25.0289, ""sparse_l"": 25.375, ""sv_l"": 30.375, ""feat_secs"": 0.005436, ""feat_secs_frame"": 0.0001, ""feat_secs_hsf"": 0.005309}"
ct,"ct:n=24,L=2,t=8,nn=1",1,"{""n"": 24.0, ""L"": 2.0, ""t"": 8.0, ""nn"": 1.0}",sparse,ok,0.086402,0.0927,57901056,1.180086302114691e-17,262144,0.0,1.180086302114691e-17,,"{""n"": 24, ""gates"": 83, ""g2"": 23, ""g3"": 0, ""depth2"": 2, ""t_count"": 8, ""rotations"": 8, ""d"": 3, ""dense_l"": 4.9542, ""redundant"": 5, ""obs_zero"": true, ""frame_l"": 6.375, ""chi_bits"": 1, ""mps_l"": 8.3576, ""hsf_k"": 1, ""hsf_na"": 12, ""hsf_nb"": 12, ""hsf_l"": 25.0289, ""sup"": 19, ""chi_bits0"": 1, ""mps_l0"": 8.3576, ""hsf_keff"": 1, ""hsf_l0"": 25.0289, ""sparse_l"": 25.375, ""sv_l"": 30.375, ""feat_secs"": 0.005436, ""feat_secs_frame"": 0.0001, ""feat_secs_hsf"": 0.005309}"
ct,"ct:n=24,L=2,t=8,nn=1",1,"{""n"": 24.0, ""L"": 2.0, ""t"": 8.0, ""nn"": 1.0}",mps,ok,0.000212,0.0046,2506752,2.99627286700301e-95,2,0.0,2.99627286700301e-95,,"{""n"": 24, ""gates"": 83, ""g2"": 23, ""g3"": 0, ""depth2"": 2, ""t_count"": 8, ""rotations"": 8, ""d"": 3, ""dense_l"": 4.9542, ""redundant"": 5, ""obs_zero"": true, ""frame_l"": 6.375, ""chi_bits"": 1, ""mps_l"": 8.3576, ""hsf_k"": 1, ""hsf_na"": 12, ""hsf_nb"": 12, ""hsf_l"": 25.0289, ""sup"": 19, ""chi_bits0"": 1, ""mps_l0"": 8.3576, ""hsf_keff"": 1, ""hsf_l0"": 25.0289, ""sparse_l"": 25.375, ""sv_l"": 30.375, ""feat_secs"": 0.005436, ""feat_secs_frame"": 0.0001, ""feat_secs_hsf"": 0.005309}"
ct,"ct:n=24,L=2,t=8,nn=1",1,"{""n"": 24.0, ""L"": 2.0, ""t"": 8.0, ""nn"": 1.0}",hsf,ok,0.063041,0.0700,271335424,0.0,2,0.0,0.0,,"{""n"": 24, ""gates"": 83, ""g2"": 23, ""g3"": 0, ""depth2"": 2, ""t_count"": 8, ""rotations"": 8, ""d"": 3, ""dense_l"": 4.9542, ""redundant"": 5, ""obs_zero"": true, ""frame_l"": 6.375, ""chi_bits"": 1, ""mps_l"": 8.3576, ""hsf_k"": 1, ""hsf_na"": 12, ""hsf_nb"": 12, ""hsf_l"": 25.0289, ""sup"": 19, ""chi_bits0"": 1, ""mps_l0"": 8.3576, ""hsf_keff"": 1, ""hsf_l0"": 25.0289, ""sparse_l"": 25.375, ""sv_l"": 30.375, ""feat_secs"": 0.005436, ""feat_secs_frame"": 0.0001, ""feat_secs_hsf"": 0.005309}"
ct,"ct:n=24,L=2,t=8,nn=1",1,"{""n"": 24.0, ""L"": 2.0, ""t"": 8.0, ""nn"": 1.0}",tableau,na,,0.0045,1835008,,,0.0,,"TooLarge { what: ""tableau (non-Clifford circuit)"", bytes: 0, limit: 0 }","{""n"": 24, ""gates"": 83, ""g2"": 23, ""g3"": 0, ""depth2"": 2, ""t_count"": 8, ""rotations"": 8, ""d"": 3, ""dense_l"": 4.9542, ""redundant"": 5, ""obs_zero"": true, ""frame_l"": 6.375, ""chi_bits"": 1, ""mps_l"": 8.3576, ""hsf_k"": 1, ""hsf_na"": 12, ""hsf_nb"": 12, ""hsf_l"": 25.0289, ""sup"": 19, ""chi_bits0"": 1, ""mps_l0"": 8.3576, ""hsf_keff"": 1, ""hsf_l0"": 25.0289, ""sparse_l"": 25.375, ""sv_l"": 30.375, ""feat_secs"": 0.005436, ""feat_secs_frame"": 0.0001, ""feat_secs_hsf"": 0.005309}"
ct,"ct:n=24,L=2,t=8,nn=1",1,"{""n"": 24.0, ""L"": 2.0, ""t"": 8.0, ""nn"": 1.0}",frame,ok,0.000117,0.0048,2162688,-0.0,0,0.0,0.0,switched_at=None dense_qubits=0 peak_terms=0 term_visits=0 dense_ops=0,"{""n"": 24, ""gates"": 83, ""g2"": 23, ""g3"": 0, ""depth2"": 2, ""t_count"": 8, ""rotations"": 8, ""d"": 3, ""dense_l"": 4.9542, ""redundant"": 5, ""obs_zero"": true, ""frame_l"": 6.375, ""chi_bits"": 1, ""mps_l"": 8.3576, ""hsf_k"": 1, ""hsf_na"": 12, ""hsf_nb"": 12, ""hsf_l"": 25.0289, ""sup"": 19, ""chi_bits0"": 1, ""mps_l0"": 8.3576, ""hsf_keff"": 1, ""hsf_l0"": 25.0289, ""sparse_l"": 25.375, ""sv_l"": 30.375, ""feat_secs"": 0.005436, ""feat_secs_frame"": 0.0001, ""feat_secs_hsf"": 0.005309}"
ct,"ct:n=24,L=2,t=8,nn=1",1,"{""n"": 24.0, ""L"": 2.0, ""t"": 8.0, ""nn"": 1.0}",dense,ok,0.000112,0.0046,2162688,0.0,3,0.0,0.0,switched_at=Some(7) dense_qubits=3 peak_terms=0 term_visits=0 dense_ops=27,"{""n"": 24, ""gates"": 83, ""g2"": 23, ""g3"": 0, ""depth2"": 2, ""t_count"": 8, ""rotations"": 8, ""d"": 3, ""dense_l"": 4.9542, ""redundant"": 5, ""obs_zero"": true, ""frame_l"": 6.375, ""chi_bits"": 1, ""mps_l"": 8.3576, ""hsf_k"": 1, ""hsf_na"": 12, ""hsf_nb"": 12, ""hsf_l"": 25.0289, ""sup"": 19, ""chi_bits0"": 1, ""mps_l0"": 8.3576, ""hsf_keff"": 1, ""hsf_l0"": 25.0289, ""sparse_l"": 25.375, ""sv_l"": 30.375, ""feat_secs"": 0.005436, ""feat_secs_frame"": 0.0001, ""feat_secs_hsf"": 0.005309}"
ct,"ct:n=24,L=2,t=8,nn=1",1,"{""n"": 24.0, ""L"": 2.0, ""t"": 8.0, ""nn"": 1.0}",auto,ok,0.000114,0.0049,2179072,0.0,3,0.0,0.0,switched_at=Some(7) dense_qubits=3 peak_terms=0 term_visits=0 dense_ops=27,"{""n"": 24, ""gates"": 83, ""g2"": 23, ""g3"": 0, ""depth2"": 2, ""t_count"": 8, ""rotations"": 8, ""d"": 3, ""dense_l"": 4.9542, ""redundant"": 5, ""obs_zero"": true, ""frame_l"": 6.375, ""chi_bits"": 1, ""mps_l"": 8.3576, ""hsf_k"": 1, ""hsf_na"": 12, ""hsf_nb"": 12, ""hsf_l"": 25.0289, ""sup"": 19, ""chi_bits0"": 1, ""mps_l0"": 8.3576, ""hsf_keff"": 1, ""hsf_l0"": 25.0289, ""sparse_l"": 25.375, ""sv_l"": 30.375, ""feat_secs"": 0.005436, ""feat_secs_frame"": 0.0001, ""feat_secs_hsf"": 0.005309}"
ct,"ct:n=24,L=2,t=12,nn=1",1,"{""n"": 24.0, ""L"": 2.0, ""t"": 12.0, ""nn"": 1.0}",sv,ok,0.594863,0.6002,272269312,0.0,16777216,0.0,0.0,,"{""n"": 24, ""gates"": 90, ""g2"": 23, ""g3"": 0, ""depth2"": 2, ""t_count"": 12, ""rotations"": 12, ""d"": 9, ""dense_l"": 10.8057, ""redundant"": 3, ""obs_zero"": true, ""frame_l"": 6.4919, ""chi_bits"": 1, ""mps_l"": 8.4263, ""hsf_k"": 1, ""hsf_na"": 12, ""hsf_nb"": 12, ""hsf_l"": 25.0314, ""sup"": 18, ""chi_bits0"": 1, ""mps_l0"": 8.4263, ""hsf_keff"": 1, ""hsf_l0"": 25.0314, ""sparse_l"": 24.4919, ""sv_l"": 30.4919, ""feat_secs"": 0.0054, ""feat_secs_frame"": 0.000108, ""feat_secs_hsf"": 0.005249}"
ct,"ct:n=24,L=2,t=12,nn=1",1,"{""n"": 24.0, ""L"": 2.0, ""t"": 12.0, ""nn"": 1.0}",sparse,ok,0.056932,0.0637,31703040,-1.856696220381426e-18,131072,0.0,1.856696220381426e-18,,"{""n"": 24, ""gates"": 90, ""g2"": 23, ""g3"": 0, ""depth2"": 2, ""t_count"": 12, ""rotations"": 12, ""d"": 9, ""dense_l"": 10.8057, ""redundant"": 3, ""obs_zero"": true, ""frame_l"": 6.4919, ""chi_bits"": 1, ""mps_l"": 8.4263, ""hsf_k"": 1, ""hsf_na"": 12, ""hsf_nb"": 12, ""hsf_l"": 25.0314, ""sup"": 18, ""chi_bits0"": 1, ""mps_l0"": 8.4263, ""hsf_keff"": 1, ""hsf_l0"": 25.0314, ""sparse_l"": 24.4919, ""sv_l"": 30.4919, ""feat_secs"": 0.0054, ""feat_secs_frame"": 0.000108, ""feat_secs_hsf"": 0.005249}"
ct,"ct:n=24,L=2,t=12,nn=1",1,"{""n"": 24.0, ""L"": 2.0, ""t"": 12.0, ""nn"": 1.0}",mps,ok,0.000254,0.0069,2490368,1.13105440522947e-48,2,0.0,1.13105440522947e-48,,"{""n"": 24, ""gates"": 90, ""g2"": 23, ""g3"": 0, ""depth2"": 2, ""t_count"": 12, ""rotations"": 12, ""d"": 9, ""dense_l"": 10.8057, ""redundant"": 3, ""obs_zero"": true, ""frame_l"": 6.4919, ""chi_bits"": 1, ""mps_l"": 8.4263, ""hsf_k"": 1, ""hsf_na"": 12, ""hsf_nb"": 12, ""hsf_l"": 25.0314, ""sup"": 18, ""chi_bits0"": 1, ""mps_l0"": 8.4263, ""hsf_keff"": 1, ""hsf_l0"": 25.0314, ""sparse_l"": 24.4919, ""sv_l"": 30.4919, ""feat_secs"": 0.0054, ""feat_secs_frame"": 0.000108, ""feat_secs_hsf"": 0.005249}"
ct,"ct:n=24,L=2,t=12,nn=1",1,"{""n"": 24.0, ""L"": 2.0, ""t"": 12.0, ""nn"": 1.0}",hsf,ok,0.068348,0.0750,271319040,0.0,2,0.0,0.0,,"{""n"": 24, ""gates"": 90, ""g2"": 23, ""g3"": 0, ""depth2"": 2, ""t_count"": 12, ""rotations"": 12, ""d"": 9, ""dense_l"": 10.8057, ""redundant"": 3, ""obs_zero"": true, ""frame_l"": 6.4919, ""chi_bits"": 1, ""mps_l"": 8.4263, ""hsf_k"": 1, ""hsf_na"": 12, ""hsf_nb"": 12, ""hsf_l"": 25.0314, ""sup"": 18, ""chi_bits0"": 1, ""mps_l0"": 8.4263, ""hsf_keff"": 1, ""hsf_l0"": 25.0314, ""sparse_l"": 24.4919, ""sv_l"": 30.4919, ""feat_secs"": 0.0054, ""feat_secs_frame"": 0.000108, ""feat_secs_hsf"": 0.005249}"
ct,"ct:n=24,L=2,t=12,nn=1",1,"{""n"": 24.0, ""L"": 2.0, ""t"": 12.0, ""nn"": 1.0}",tableau,na,,0.0048,1835008,,,0.0,,"TooLarge { what: ""tableau (non-Clifford circuit)"", bytes: 0, limit: 0 }","{""n"": 24, ""gates"": 90, ""g2"": 23, ""g3"": 0, ""depth2"": 2, ""t_count"": 12, ""rotations"": 12, ""d"": 9, ""dense_l"": 10.8057, ""redundant"": 3, ""obs_zero"": true, ""frame_l"": 6.4919, ""chi_bits"": 1, ""mps_l"": 8.4263, ""hsf_k"": 1, ""hsf_na"": 12, ""hsf_nb"": 12, ""hsf_l"": 25.0314, ""sup"": 18, ""chi_bits0"": 1, ""mps_l0"": 8.4263, ""hsf_keff"": 1, ""hsf_l0"": 25.0314, ""sparse_l"": 24.4919, ""sv_l"": 30.4919, ""feat_secs"": 0.0054, ""feat_secs_frame"": 0.000108, ""feat_secs_hsf"": 0.005249}"
ct,"ct:n=24,L=2,t=12,nn=1",1,"{""n"": 24.0, ""L"": 2.0, ""t"": 12.0, ""nn"": 1.0}",frame,ok,0.000242,0.0049,2506752,-0.0,0,0.0,0.0,switched_at=None dense_qubits=0 peak_terms=0 term_visits=0 dense_ops=0,"{""n"": 24, ""gates"": 90, ""g2"": 23, ""g3"": 0, ""depth2"": 2, ""t_count"": 12, ""rotations"": 12, ""d"": 9, ""dense_l"": 10.8057, ""redundant"": 3, ""obs_zero"": true, ""frame_l"": 6.4919, ""chi_bits"": 1, ""mps_l"": 8.4263, ""hsf_k"": 1, ""hsf_na"": 12, ""hsf_nb"": 12, ""hsf_l"": 25.0314, ""sup"": 18, ""chi_bits0"": 1, ""mps_l0"": 8.4263, ""hsf_keff"": 1, ""hsf_l0"": 25.0314, ""sparse_l"": 24.4919, ""sv_l"": 30.4919, ""feat_secs"": 0.0054, ""feat_secs_frame"": 0.000108, ""feat_secs_hsf"": 0.005249}"
ct,"ct:n=24,L=2,t=12,nn=1",1,"{""n"": 24.0, ""L"": 2.0, ""t"": 12.0, ""nn"": 1.0}",dense,ok,0.000119,0.0070,2162688,0.0,9,0.0,0.0,switched_at=Some(11) dense_qubits=9 peak_terms=0 term_visits=0 dense_ops=1534,"{""n"": 24, ""gates"": 90, ""g2"": 23, ""g3"": 0, ""depth2"": 2, ""t_count"": 12, ""rotations"": 12, ""d"": 9, ""dense_l"": 10.8057, ""redundant"": 3, ""obs_zero"": true, ""frame_l"": 6.4919, ""chi_bits"": 1, ""mps_l"": 8.4263, ""hsf_k"": 1, ""hsf_na"": 12, ""hsf_nb"": 12, ""hsf_l"": 25.0314, ""sup"": 18, ""chi_bits0"": 1, ""mps_l0"": 8.4263, ""hsf_keff"": 1, ""hsf_l0"": 25.0314, ""sparse_l"": 24.4919, ""sv_l"": 30.4919, ""feat_secs"": 0.0054, ""feat_secs_frame"": 0.000108, ""feat_secs_hsf"": 0.005249}"
ct,"ct:n=24,L=2,t=12,nn=1",1,"{""n"": 24.0, ""L"": 2.0, ""t"": 12.0, ""nn"": 1.0}",auto,ok,0.000242,0.0071,2523136,-0.0,0,0.0,0.0,switched_at=None dense_qubits=0 peak_terms=0 term_visits=0 dense_ops=0,"{""n"": 24, ""gates"": 90, ""g2"": 23, ""g3"": 0, ""depth2"": 2, ""t_count"": 12, ""rotations"": 12, ""d"": 9, ""dense_l"": 10.8057, ""redundant"": 3, ""obs_zero"": true, ""frame_l"": 6.4919, ""chi_bits"": 1, ""mps_l"": 8.4263, ""hsf_k"": 1, ""hsf_na"": 12, ""hsf_nb"": 12, ""hsf_l"": 25.0314, ""sup"": 18, ""chi_bits0"": 1, ""mps_l0"": 8.4263, ""hsf_keff"": 1, ""hsf_l0"": 25.0314, ""sparse_l"": 24.4919, ""sv_l"": 30.4919, ""feat_secs"": 0.0054, ""feat_secs_frame"": 0.000108, ""feat_secs_hsf"": 0.005249}"
ct,"ct:n=24,L=2,t=16,nn=1",1,"{""n"": 24.0, ""L"": 2.0, ""t"": 16.0, ""nn"": 1.0}",sv,ok,0.646657,0.6542,272252928,0.0,16777216,0.0,0.0,,"{""n"": 24, ""gates"": 98, ""g2"": 23, ""g3"": 0, ""depth2"": 2, ""t_count"": 16, ""rotations"": 16, ""d"": 6, ""dense_l"": 7.9887, ""redundant"": 10, ""obs_zero"": true, ""frame_l"": 6.6147, ""chi_bits"": 1, ""mps_l"": 8.5546, ""hsf_k"": 1, ""hsf_na"": 12, ""hsf_nb"": 12, ""hsf_l"": 25.0341, ""sup"": 22, ""chi_bits0"": 1, ""mps_l0"": 8.5546, ""hsf_keff"": 1, ""hsf_l0"": 25.0341, ""sparse_l"": 28.6147, ""sv_l"": 30.6147, ""feat_secs"": 0.005659, ""feat_secs_frame"": 0.000163, ""feat_secs_hsf"": 0.005454}"
ct,"ct:n=24,L=2,t=16,nn=1",1,"{""n"": 24.0, ""L"": 2.0, ""t"": 16.0, ""nn"": 1.0}",sparse,ok,0.672964,0.6802,161939456,7.54198136235229e-18,1048576,0.0,7.54198136235229e-18,,"{""n"": 24, ""gates"": 98, ""g2"": 23, ""g3"": 0, ""depth2"": 2, ""t_count"": 16, ""rotations"": 16, ""d"": 6, ""dense_l"": 7.9887, ""redundant"": 10, ""obs_zero"": true, ""frame_l"": 6.6147, ""chi_bits"": 1, ""mps_l"": 8.5546, ""hsf_k"": 1, ""hsf_na"": 12, ""hsf_nb"": 12, ""hsf_l"": 25.0341, ""sup"": 22, ""chi_bits0"": 1, ""mps_l0"": 8.5546, ""hsf_keff"": 1, ""hsf_l0"": 25.0341, ""sparse_l"": 28.6147, ""sv_l"": 30.6147, ""feat_secs"": 0.005659, ""feat_secs_frame"": 0.000163, ""feat_secs_hsf"": 0.005454}"
ct,"ct:n=24,L=2,t=16,nn=1",1,"{""n"": 24.0, ""L"": 2.0, ""t"": 16.0, ""nn"": 1.0}",mps,ok,0.00021,0.0046,2473984,-1.442652909029021e-128,2,0.0,1.442652909029021e-128,,"{""n"": 24, ""gates"": 98, ""g2"": 23, ""g3"": 0, ""depth2"": 2, ""t_count"": 16, ""rotations"": 16, ""d"": 6, ""dense_l"": 7.9887, ""redundant"": 10, ""obs_zero"": true, ""frame_l"": 6.6147, ""chi_bits"": 1, ""mps_l"": 8.5546, ""hsf_k"": 1, ""hsf_na"": 12, ""hsf_nb"": 12, ""hsf_l"": 25.0341, ""sup"": 22, ""chi_bits0"": 1, ""mps_l0"": 8.5546, ""hsf_keff"": 1, ""hsf_l0"": 25.0341, ""sparse_l"": 28.6147, ""sv_l"": 30.6147, ""feat_secs"": 0.005659, ""feat_secs_frame"": 0.000163, ""feat_secs_hsf"": 0.005454}"
ct,"ct:n=24,L=2,t=16,nn=1",1,"{""n"": 24.0, ""L"": 2.0, ""t"": 16.0, ""nn"": 1.0}",hsf,ok,0.05915,0.0657,271319040,0.0,2,0.0,0.0,,"{""n"": 24, ""gates"": 98, ""g2"": 23, ""g3"": 0, ""depth2"": 2, ""t_count"": 16, ""rotations"": 16, ""d"": 6, ""dense_l"": 7.9887, ""redundant"": 10, ""obs_zero"": true, ""frame_l"": 6.6147, ""chi_bits"": 1, ""mps_l"": 8.5546, ""hsf_k"": 1, ""hsf_na"": 12, ""hsf_nb"": 12, ""hsf_l"": 25.0341, ""sup"": 22, ""chi_bits0"": 1, ""mps_l0"": 8.5546, ""hsf_keff"": 1, ""hsf_l0"": 25.0341, ""sparse_l"": 28.6147, ""sv_l"": 30.6147, ""feat_secs"": 0.005659, ""feat_secs_frame"": 0.000163, ""feat_secs_hsf"": 0.005454}"
ct,"ct:n=24,L=2,t=16,nn=1",1,"{""n"": 24.0, ""L"": 2.0, ""t"": 16.0, ""nn"": 1.0}",tableau,na,,0.0048,1835008,,,0.0,,"TooLarge { what: ""tableau (non-Clifford circuit)"", bytes: 0, limit: 0 }","{""n"": 24, ""gates"": 98, ""g2"": 23, ""g3"": 0, ""depth2"": 2, ""t_count"": 16, ""rotations"": 16, ""d"": 6, ""dense_l"": 7.9887, ""redundant"": 10, ""obs_zero"": true, ""frame_l"": 6.6147, ""chi_bits"": 1, ""mps_l"": 8.5546, ""hsf_k"": 1, ""hsf_na"": 12, ""hsf_nb"": 12, ""hsf_l"": 25.0341, ""sup"": 22, ""chi_bits0"": 1, ""mps_l0"": 8.5546, ""hsf_keff"": 1, ""hsf_l0"": 25.0341, ""sparse_l"": 28.6147, ""sv_l"": 30.6147, ""feat_secs"": 0.005659, ""feat_secs_frame"": 0.000163, ""feat_secs_hsf"": 0.005454}"
ct,"ct:n=24,L=2,t=16,nn=1",1,"{""n"": 24.0, ""L"": 2.0, ""t"": 16.0, ""nn"": 1.0}",frame,ok,0.000382,0.0045,2506752,-0.0,0,0.0,0.0,switched_at=None dense_qubits=0 peak_terms=0 term_visits=0 dense_ops=0,"{""n"": 24, ""gates"": 98, ""g2"": 23, ""g3"": 0, ""depth2"": 2, ""t_count"": 16, ""rotations"": 16, ""d"": 6, ""dense_l"": 7.9887, ""redundant"": 10, ""obs_zero"": true, ""frame_l"": 6.6147, ""chi_bits"": 1, ""mps_l"": 8.5546, ""hsf_k"": 1, ""hsf_na"": 12, ""hsf_nb"": 12, ""hsf_l"": 25.0341, ""sup"": 22, ""chi_bits0"": 1, ""mps_l0"": 8.5546, ""hsf_keff"": 1, ""hsf_l0"": 25.0341, ""sparse_l"": 28.6147, ""sv_l"": 30.6147, ""feat_secs"": 0.005659, ""feat_secs_frame"": 0.000163, ""feat_secs_hsf"": 0.005454}"
ct,"ct:n=24,L=2,t=16,nn=1",1,"{""n"": 24.0, ""L"": 2.0, ""t"": 16.0, ""nn"": 1.0}",dense,ok,0.000122,0.0052,2162688,0.0,6,0.0,0.0,switched_at=Some(14) dense_qubits=6 peak_terms=0 term_visits=0 dense_ops=174,"{""n"": 24, ""gates"": 98, ""g2"": 23, ""g3"": 0, ""depth2"": 2, ""t_count"": 16, ""rotations"": 16, ""d"": 6, ""dense_l"": 7.9887, ""redundant"": 10, ""obs_zero"": true, ""frame_l"": 6.6147, ""chi_bits"": 1, ""mps_l"": 8.5546, ""hsf_k"": 1, ""hsf_na"": 12, ""hsf_nb"": 12, ""hsf_l"": 25.0341, ""sup"": 22, ""chi_bits0"": 1, ""mps_l0"": 8.5546, ""hsf_keff"": 1, ""hsf_l0"": 25.0341, ""sparse_l"": 28.6147, ""sv_l"": 30.6147, ""feat_secs"": 0.005659, ""feat_secs_frame"": 0.000163, ""feat_secs_hsf"": 0.005454}"
ct,"ct:n=24,L=2,t=16,nn=1",1,"{""n"": 24.0, ""L"": 2.0, ""t"": 16.0, ""nn"": 1.0}",auto,ok,0.000276,0.0074,2523136,-0.0,0,0.0,0.0,switched_at=None dense_qubits=0 peak_terms=0 term_visits=0 dense_ops=0,"{""n"": 24, ""gates"": 98, ""g2"": 23, ""g3"": 0, ""depth2"": 2, ""t_count"": 16, ""rotations"": 16, ""d"": 6, ""dense_l"": 7.9887, ""redundant"": 10, ""obs_zero"": true, ""frame_l"": 6.6147, ""chi_bits"": 1, ""mps_l"": 8.5546, ""hsf_k"": 1, ""hsf_na"": 12, ""hsf_nb"": 12, ""hsf_l"": 25.0341, ""sup"": 22, ""chi_bits0"": 1, ""mps_l0"": 8.5546, ""hsf_keff"": 1, ""hsf_l0"": 25.0341, ""sparse_l"": 28.6147, ""sv_l"": 30.6147, ""feat_secs"": 0.005659, ""feat_secs_frame"": 0.000163, ""feat_secs_hsf"": 0.005454}"
ct,"ct:n=24,L=2,t=24,nn=1",1,"{""n"": 24.0, ""L"": 2.0, ""t"": 24.0, ""nn"": 1.0}",sv,ok,0.716636,0.7218,272302080,-5.293955920339377e-23,16777216,-5.293955920339377e-23,0.0,,"{""n"": 24, ""gates"": 121, ""g2"": 23, ""g3"": 0, ""depth2"": 2, ""t_count"": 24, ""rotations"": 24, ""d"": 13, ""dense_l"": 15.0567, ""redundant"": 11, ""obs_zero"": true, ""frame_l"": 6.9189, ""chi_bits"": 1, ""mps_l"": 8.7748, ""hsf_k"": 1, ""hsf_na"": 12, ""hsf_nb"": 12, ""hsf_l"": 25.042, ""sup"": 22, ""chi_bits0"": 1, ""mps_l0"": 8.7748, ""hsf_keff"": 1, ""hsf_l0"": 25.042, ""sparse_l"": 28.9189, ""sv_l"": 30.9189, ""feat_secs"": 0.005814, ""feat_secs_frame"": 0.000128, ""feat_secs_hsf"": 0.005649}"
ct,"ct:n=24,L=2,t=24,nn=1",1,"{""n"": 24.0, ""L"": 2.0, ""t"": 24.0, ""nn"": 1.0}",sparse,ok,2.39917,2.4043,425181184,7.02112955342929e-17,2097152,-5.293955920339377e-23,7.02113484738521e-17,,"{""n"": 24, ""gates"": 121, ""g2"": 23, ""g3"": 0, ""depth2"": 2, ""t_count"": 24, ""rotations"": 24, ""d"": 13, ""dense_l"": 15.0567, ""redundant"": 11, ""obs_zero"": true, ""frame_l"": 6.9189, ""chi_bits"": 1, ""mps_l"": 8.7748, ""hsf_k"": 1, ""hsf_na"": 12, ""hsf_nb"": 12, ""hsf_l"": 25.042, ""sup"": 22, ""chi_bits0"": 1, ""mps_l0"": 8.7748, ""hsf_keff"": 1, ""hsf_l0"": 25.042, ""sparse_l"": 28.9189, ""sv_l"": 30.9189, ""feat_secs"": 0.005814, ""feat_secs_frame"": 0.000128, ""feat_secs_hsf"": 0.005649}"
ct,"ct:n=24,L=2,t=24,nn=1",1,"{""n"": 24.0, ""L"": 2.0, ""t"": 24.0, ""nn"": 1.0}",mps,ok,0.000234,0.0072,2473984,0.0,2,-5.293955920339377e-23,5.293955920339377e-23,,"{""n"": 24, ""gates"": 121, ""g2"": 23, ""g3"": 0, ""depth2"": 2, ""t_count"": 24, ""rotations"": 24, ""d"": 13, ""dense_l"": 15.0567, ""redundant"": 11, ""obs_zero"": true, ""frame_l"": 6.9189, ""chi_bits"": 1, ""mps_l"": 8.7748, ""hsf_k"": 1, ""hsf_na"": 12, ""hsf_nb"": 12, ""hsf_l"": 25.042, ""sup"": 22, ""chi_bits0"": 1, ""mps_l0"": 8.7748, ""hsf_keff"": 1, ""hsf_l0"": 25.042, ""sparse_l"": 28.9189, ""sv_l"": 30.9189, ""feat_secs"": 0.005814, ""feat_secs_frame"": 0.000128, ""feat_secs_hsf"": 0.005649}"
ct,"ct:n=24,L=2,t=24,nn=1",1,"{""n"": 24.0, ""L"": 2.0, ""t"": 24.0, ""nn"": 1.0}",hsf,ok,0.064292,0.0716,271335424,-1.482307657695026e-21,2,-5.293955920339377e-23,1.4293680984916322e-21,,"{""n"": 24, ""gates"": 121, ""g2"": 23, ""g3"": 0, ""depth2"": 2, ""t_count"": 24, ""rotations"": 24, ""d"": 13, ""dense_l"": 15.0567, ""redundant"": 11, ""obs_zero"": true, ""frame_l"": 6.9189, ""chi_bits"": 1, ""mps_l"": 8.7748, ""hsf_k"": 1, ""hsf_na"": 12, ""hsf_nb"": 12, ""hsf_l"": 25.042, ""sup"": 22, ""chi_bits0"": 1, ""mps_l0"": 8.7748, ""hsf_keff"": 1, ""hsf_l0"": 25.042, ""sparse_l"": 28.9189, ""sv_l"": 30.9189, ""feat_secs"": 0.005814, ""feat_secs_frame"": 0.000128, ""feat_secs_hsf"": 0.005649}"
ct,"ct:n=24,L=2,t=24,nn=1",1,"{""n"": 24.0, ""L"": 2.0, ""t"": 24.0, ""nn"": 1.0}",tableau,na,,0.0049,1835008,,,-5.293955920339377e-23,,"TooLarge { what: ""tableau (non-Clifford circuit)"", bytes: 0, limit: 0 }","{""n"": 24, ""gates"": 121, ""g2"": 23, ""g3"": 0, ""depth2"": 2, ""t_count"": 24, ""rotations"": 24, ""d"": 13, ""dense_l"": 15.0567, ""redundant"": 11, ""obs_zero"": true, ""frame_l"": 6.9189, ""chi_bits"": 1, ""mps_l"": 8.7748, ""hsf_k"": 1, ""hsf_na"": 12, ""hsf_nb"": 12, ""hsf_l"": 25.042, ""sup"": 22, ""chi_bits0"": 1, ""mps_l0"": 8.7748, ""hsf_keff"": 1, ""hsf_l0"": 25.042, ""sparse_l"": 28.9189, ""sv_l"": 30.9189, ""feat_secs"": 0.005814, ""feat_secs_frame"": 0.000128, ""feat_secs_hsf"": 0.005649}"
ct,"ct:n=24,L=2,t=24,nn=1",1,"{""n"": 24.0, ""L"": 2.0, ""t"": 24.0, ""nn"": 1.0}",frame,ok,0.000244,0.0078,2523136,-0.0,0,-5.293955920339377e-23,5.293955920339377e-23,switched_at=None dense_qubits=0 peak_terms=0 term_visits=0 dense_ops=0,"{""n"": 24, ""gates"": 121, ""g2"": 23, ""g3"": 0, ""depth2"": 2, ""t_count"": 24, ""rotations"": 24, ""d"": 13, ""dense_l"": 15.0567, ""redundant"": 11, ""obs_zero"": true, ""frame_l"": 6.9189, ""chi_bits"": 1, ""mps_l"": 8.7748, ""hsf_k"": 1, ""hsf_na"": 12, ""hsf_nb"": 12, ""hsf_l"": 25.042, ""sup"": 22, ""chi_bits0"": 1, ""mps_l0"": 8.7748, ""hsf_keff"": 1, ""hsf_l0"": 25.042, ""sparse_l"": 28.9189, ""sv_l"": 30.9189, ""feat_secs"": 0.005814, ""feat_secs_frame"": 0.000128, ""feat_secs_hsf"": 0.005649}"
ct,"ct:n=24,L=2,t=24,nn=1",1,"{""n"": 24.0, ""L"": 2.0, ""t"": 24.0, ""nn"": 1.0}",dense,ok,0.000168,0.0047,2342912,0.0,13,-5.293955920339377e-23,5.293955920339377e-23,switched_at=Some(21) dense_qubits=13 peak_terms=0 term_visits=0 dense_ops=25378,"{""n"": 24, ""gates"": 121, ""g2"": 23, ""g3"": 0, ""depth2"": 2, ""t_count"": 24, ""rotations"": 24, ""d"": 13, ""dense_l"": 15.0567, ""redundant"": 11, ""obs_zero"": true, ""frame_l"": 6.9189, ""chi_bits"": 1, ""mps_l"": 8.7748, ""hsf_k"": 1, ""hsf_na"": 12, ""hsf_nb"": 12, ""hsf_l"": 25.042, ""sup"": 22, ""chi_bits0"": 1, ""mps_l0"": 8.7748, ""hsf_keff"": 1, ""hsf_l0"": 25.042, ""sparse_l"": 28.9189, ""sv_l"": 30.9189, ""feat_secs"": 0.005814, ""feat_secs_frame"": 0.000128, ""feat_secs_hsf"": 0.005649}"
ct,"ct:n=24,L=2,t=24,nn=1",1,"{""n"": 24.0, ""L"": 2.0, ""t"": 24.0, ""nn"": 1.0}",auto,ok,0.000263,0.0072,2523136,-0.0,0,-5.293955920339377e-23,5.293955920339377e-23,switched_at=None dense_qubits=0 peak_terms=0 term_visits=0 dense_ops=0,"{""n"": 24, ""gates"": 121, ""g2"": 23, ""g3"": 0, ""depth2"": 2, ""t_count"": 24, ""rotations"": 24, ""d"": 13, ""dense_l"": 15.0567, ""redundant"": 11, ""obs_zero"": true, ""frame_l"": 6.9189, ""chi_bits"": 1, ""mps_l"": 8.7748, ""hsf_k"": 1, ""hsf_na"": 12, ""hsf_nb"": 12, ""hsf_l"": 25.042, ""sup"": 22, ""chi_bits0"": 1, ""mps_l0"": 8.7748, ""hsf_keff"": 1, ""hsf_l0"": 25.042, ""sparse_l"": 28.9189, ""sv_l"": 30.9189, ""feat_secs"": 0.005814, ""feat_secs_frame"": 0.000128, ""feat_secs_hsf"": 0.005649}"
ct,"ct:n=24,L=2,t=32,nn=1",1,"{""n"": 24.0, ""L"": 2.0, ""t"": 32.0, ""nn"": 1.0}",sv,ok,0.754587,0.7614,272220160,1.237462196379329e-20,16777216,1.237462196379329e-20,0.0,,"{""n"": 24, ""gates"": 134, ""g2"": 23, ""g3"": 0, ""depth2"": 2, ""t_count"": 32, ""rotations"": 32, ""d"": 16, ""dense_l"": 17.2765, ""redundant"": 16, ""obs_zero"": true, ""frame_l"": 7.0661, ""chi_bits"": 1, ""mps_l"": 8.8642, ""hsf_k"": 1, ""hsf_na"": 12, ""hsf_nb"": 12, ""hsf_l"": 25.0464, ""sup"": 24, ""chi_bits0"": 1, ""mps_l0"": 8.8642, ""hsf_keff"": 1, ""hsf_l0"": 25.0464, ""sparse_l"": 31.0661, ""sv_l"": 31.0661, ""feat_secs"": 0.005636, ""feat_secs_frame"": 0.000133, ""feat_secs_hsf"": 0.005459}"
ct,"ct:n=24,L=2,t=32,nn=1",1,"{""n"": 24.0, ""L"": 2.0, ""t"": 32.0, ""nn"": 1.0}",sparse,timeout,,10.0744,3360571392,,,1.237462196379329e-20,,timeout,"{""n"": 24, ""gates"": 134, ""g2"": 23, ""g3"": 0, ""depth2"": 2, ""t_count"": 32, ""rotations"": 32, ""d"": 16, ""dense_l"": 17.2765, ""redundant"": 16, ""obs_zero"": true, ""frame_l"": 7.0661, ""chi_bits"": 1, ""mps_l"": 8.8642, ""hsf_k"": 1, ""hsf_na"": 12, ""hsf_nb"": 12, ""hsf_l"": 25.0464, ""sup"": 24, ""chi_bits0"": 1, ""mps_l0"": 8.8642, ""hsf_keff"": 1, ""hsf_l0"": 25.0464, ""sparse_l"": 31.0661, ""sv_l"": 31.0661, ""feat_secs"": 0.005636, ""feat_secs_frame"": 0.000133, ""feat_secs_hsf"": 0.005459}"
ct,"ct:n=24,L=2,t=32,nn=1",1,"{""n"": 24.0, ""L"": 2.0, ""t"": 32.0, ""nn"": 1.0}",mps,ok,0.000242,0.0077,2506752,-3.798227098303919e-65,2,1.237462196379329e-20,1.237462196379329e-20,,"{""n"": 24, ""gates"": 134, ""g2"": 23, ""g3"": 0, ""depth2"": 2, ""t_count"": 32, ""rotations"": 32, ""d"": 16, ""dense_l"": 17.2765, ""redundant"": 16, ""obs_zero"": true, ""frame_l"": 7.0661, ""chi_bits"": 1, ""mps_l"": 8.8642, ""hsf_k"": 1, ""hsf_na"": 12, ""hsf_nb"": 12, ""hsf_l"": 25.0464, ""sup"": 24, ""chi_bits0"": 1, ""mps_l0"": 8.8642, ""hsf_keff"": 1, ""hsf_l0"": 25.0464, ""sparse_l"": 31.0661, ""sv_l"": 31.0661, ""feat_secs"": 0.005636, ""feat_secs_frame"": 0.000133, ""feat_secs_hsf"": 0.005459}"
ct,"ct:n=24,L=2,t=32,nn=1",1,"{""n"": 24.0, ""L"": 2.0, ""t"": 32.0, ""nn"": 1.0}",hsf,ok,0.071241,0.0769,271351808,3.507245797224837e-21,2,1.237462196379329e-20,8.867376166568452e-21,,"{""n"": 24, ""gates"": 134, ""g2"": 23, ""g3"": 0, ""depth2"": 2, ""t_count"": 32, ""rotations"": 32, ""d"": 16, ""dense_l"": 17.2765, ""redundant"": 16, ""obs_zero"": true, ""frame_l"": 7.0661, ""chi_bits"": 1, ""mps_l"": 8.8642, ""hsf_k"": 1, ""hsf_na"": 12, ""hsf_nb"": 12, ""hsf_l"": 25.0464, ""sup"": 24, ""chi_bits0"": 1, ""mps_l0"": 8.8642, ""hsf_keff"": 1, ""hsf_l0"": 25.0464, ""sparse_l"": 31.0661, ""sv_l"": 31.0661, ""feat_secs"": 0.005636, ""feat_secs_frame"": 0.000133, ""feat_secs_hsf"": 0.005459}"
ct,"ct:n=24,L=2,t=32,nn=1",1,"{""n"": 24.0, ""L"": 2.0, ""t"": 32.0, ""nn"": 1.0}",tableau,na,,0.0050,1851392,,,1.237462196379329e-20,,"TooLarge { what: ""tableau (non-Clifford circuit)"", bytes: 0, limit: 0 }","{""n"": 24, ""gates"": 134, ""g2"": 23, ""g3"": 0, ""depth2"": 2, ""t_count"": 32, ""rotations"": 32, ""d"": 16, ""dense_l"": 17.2765, ""redundant"": 16, ""obs_zero"": true, ""frame_l"": 7.0661, ""chi_bits"": 1, ""mps_l"": 8.8642, ""hsf_k"": 1, ""hsf_na"": 12, ""hsf_nb"": 12, ""hsf_l"": 25.0464, ""sup"": 24, ""chi_bits0"": 1, ""mps_l0"": 8.8642, ""hsf_keff"": 1, ""hsf_l0"": 25.0464, ""sparse_l"": 31.0661, ""sv_l"": 31.0661, ""feat_secs"": 0.005636, ""feat_secs_frame"": 0.000133, ""feat_secs_hsf"": 0.005459}"
ct,"ct:n=24,L=2,t=32,nn=1",1,"{""n"": 24.0, ""L"": 2.0, ""t"": 32.0, ""nn"": 1.0}",frame,ok,0.000278,0.0073,2523136,-0.0,0,1.237462196379329e-20,1.237462196379329e-20,switched_at=None dense_qubits=0 peak_terms=0 term_visits=0 dense_ops=0,"{""n"": 24, ""gates"": 134, ""g2"": 23, ""g3"": 0, ""depth2"": 2, ""t_count"": 32, ""rotations"": 32, ""d"": 16, ""dense_l"": 17.2765, ""redundant"": 16, ""obs_zero"": true, ""frame_l"": 7.0661, ""chi_bits"": 1, ""mps_l"": 8.8642, ""hsf_k"": 1, ""hsf_na"": 12, ""hsf_nb"": 12, ""hsf_l"": 25.0464, ""sup"": 24, ""chi_bits0"": 1, ""mps_l0"": 8.8642, ""hsf_keff"": 1, ""hsf_l0"": 25.0464, ""sparse_l"": 31.0661, ""sv_l"": 31.0661, ""feat_secs"": 0.005636, ""feat_secs_frame"": 0.000133, ""feat_secs_hsf"": 0.005459}"
ct,"ct:n=24,L=2,t=32,nn=1",1,"{""n"": 24.0, ""L"": 2.0, ""t"": 32.0, ""nn"": 1.0}",dense,ok,0.000651,0.0081,3538944,0.0,16,1.237462196379329e-20,1.237462196379329e-20,switched_at=Some(29) dense_qubits=16 peak_terms=0 term_visits=0 dense_ops=148526,"{""n"": 24, ""gates"": 134, ""g2"": 23, ""g3"": 0, ""depth2"": 2, ""t_count"": 32, ""rotations"": 32, ""d"": 16, ""dense_l"": 17.2765, ""redundant"": 16, ""obs_zero"": true, ""frame_l"": 7.0661, ""chi_bits"": 1, ""mps_l"": 8.8642, ""hsf_k"": 1, ""hsf_na"": 12, ""hsf_nb"": 12, ""hsf_l"": 25.0464, ""sup"": 24, ""chi_bits0"": 1, ""mps_l0"": 8.8642, ""hsf_keff"": 1, ""hsf_l0"": 25.0464, ""sparse_l"": 31.0661, ""sv_l"": 31.0661, ""feat_secs"": 0.005636, ""feat_secs_frame"": 0.000133, ""feat_secs_hsf"": 0.005459}"
ct,"ct:n=24,L=2,t=32,nn=1",1,"{""n"": 24.0, ""L"": 2.0, ""t"": 32.0, ""nn"": 1.0}",auto,ok,0.000215,0.0048,2506752,-0.0,0,1.237462196379329e-20,1.237462196379329e-20,switched_at=None dense_qubits=0 peak_terms=0 term_visits=0 dense_ops=0,"{""n"": 24, ""gates"": 134, ""g2"": 23, ""g3"": 0, ""depth2"": 2, ""t_count"": 32, ""rotations"": 32, ""d"": 16, ""dense_l"": 17.2765, ""redundant"": 16, ""obs_zero"": true, ""frame_l"": 7.0661, ""chi_bits"": 1, ""mps_l"": 8.8642, ""hsf_k"": 1, ""hsf_na"": 12, ""hsf_nb"": 12, ""hsf_l"": 25.0464, ""sup"": 24, ""chi_bits0"": 1, ""mps_l0"": 8.8642, ""hsf_keff"": 1, ""hsf_l0"": 25.0464, ""sparse_l"": 31.0661, ""sv_l"": 31.0661, ""feat_secs"": 0.005636, ""feat_secs_frame"": 0.000133, ""feat_secs_hsf"": 0.005459}"
ct,"ct:n=24,L=2,t=48,nn=1",1,"{""n"": 24.0, ""L"": 2.0, ""t"": 48.0, ""nn"": 1.0}",sv,ok,0.868402,0.8754,272236544,-1.546492188026452e-19,16777216,-1.546492188026452e-19,0.0,,"{""n"": 24, ""gates"": 161, ""g2"": 23, ""g3"": 0, ""depth2"": 2, ""t_count"": 48, ""rotations"": 48, ""d"": 21, ""dense_l"": 23.2171, ""redundant"": 27, ""obs_zero"": true, ""frame_l"": 7.3309, ""chi_bits"": 1, ""mps_l"": 9.0553, ""hsf_k"": 1, ""hsf_na"": 12, ""hsf_nb"": 12, ""hsf_l"": 25.0556, ""sup"": 24, ""chi_bits0"": 1, ""mps_l0"": 9.0553, ""hsf_keff"": 1, ""hsf_l0"": 25.0556, ""sparse_l"": 31.3309, ""sv_l"": 31.3309, ""feat_secs"": 0.006617, ""feat_secs_frame"": 0.00016, ""feat_secs_hsf"": 0.006411}"
ct,"ct:n=24,L=2,t=48,nn=1",1,"{""n"": 24.0, ""L"": 2.0, ""t"": 48.0, ""nn"": 1.0}",sparse,timeout,,10.0505,3356278784,,,-1.546492188026452e-19,,timeout,"{""n"": 24, ""gates"": 161, ""g2"": 23, ""g3"": 0, ""depth2"": 2, ""t_count"": 48, ""rotations"": 48, ""d"": 21, ""dense_l"": 23.2171, ""redundant"": 27, ""obs_zero"": true, ""frame_l"": 7.3309, ""chi_bits"": 1, ""mps_l"": 9.0553, ""hsf_k"": 1, ""hsf_na"": 12, ""hsf_nb"": 12, ""hsf_l"": 25.0556, ""sup"": 24, ""chi_bits0"": 1, ""mps_l0"": 9.0553, ""hsf_keff"": 1, ""hsf_l0"": 25.0556, ""sparse_l"": 31.3309, ""sv_l"": 31.3309, ""feat_secs"": 0.006617, ""feat_secs_frame"": 0.00016, ""feat_secs_hsf"": 0.006411}"
ct,"ct:n=24,L=2,t=48,nn=1",1,"{""n"": 24.0, ""L"": 2.0, ""t"": 48.0, ""nn"": 1.0}",mps,ok,0.00024,0.0078,2506752,0.0,2,-1.546492188026452e-19,1.546492188026452e-19,,"{""n"": 24, ""gates"": 161, ""g2"": 23, ""g3"": 0, ""depth2"": 2, ""t_count"": 48, ""rotations"": 48, ""d"": 21, ""dense_l"": 23.2171, ""redundant"": 27, ""obs_zero"": true, ""frame_l"": 7.3309, ""chi_bits"": 1, ""mps_l"": 9.0553, ""hsf_k"": 1, ""hsf_na"": 12, ""hsf_nb"": 12, ""hsf_l"": 25.0556, ""sup"": 24, ""chi_bits0"": 1, ""mps_l0"": 9.0553, ""hsf_keff"": 1, ""hsf_l0"": 25.0556, ""sparse_l"": 31.3309, ""sv_l"": 31.3309, ""feat_secs"": 0.006617, ""feat_secs_frame"": 0.00016, ""feat_secs_hsf"": 0.006411}"
ct,"ct:n=24,L=2,t=48,nn=1",1,"{""n"": 24.0, ""L"": 2.0, ""t"": 48.0, ""nn"": 1.0}",hsf,ok,0.060187,0.0662,271351808,-4.489225506598921e-20,2,-1.546492188026452e-19,1.0975696373665599e-19,,"{""n"": 24, ""gates"": 161, ""g2"": 23, ""g3"": 0, ""depth2"": 2, ""t_count"": 48, ""rotations"": 48, ""d"": 21, ""dense_l"": 23.2171, ""redundant"": 27, ""obs_zero"": true, ""frame_l"": 7.3309, ""chi_bits"": 1, ""mps_l"": 9.0553, ""hsf_k"": 1, ""hsf_na"": 12, ""hsf_nb"": 12, ""hsf_l"": 25.0556, ""sup"": 24, ""chi_bits0"": 1, ""mps_l0"": 9.0553, ""hsf_keff"": 1, ""hsf_l0"": 25.0556, ""sparse_l"": 31.3309, ""sv_l"": 31.3309, ""feat_secs"": 0.006617, ""feat_secs_frame"": 0.00016, ""feat_secs_hsf"": 0.006411}"
ct,"ct:n=24,L=2,t=48,nn=1",1,"{""n"": 24.0, ""L"": 2.0, ""t"": 48.0, ""nn"": 1.0}",tableau,na,,0.0048,1851392,,,-1.546492188026452e-19,,"TooLarge { what: ""tableau (non-Clifford circuit)"", bytes: 0, limit: 0 }","{""n"": 24, ""gates"": 161, ""g2"": 23, ""g3"": 0, ""depth2"": 2, ""t_count"": 48, ""rotations"": 48, ""d"": 21, ""dense_l"": 23.2171, ""redundant"": 27, ""obs_zero"": true, ""frame_l"": 7.3309, ""chi_bits"": 1, ""mps_l"": 9.0553, ""hsf_k"": 1, ""hsf_na"": 12, ""hsf_nb"": 12, ""hsf_l"": 25.0556, ""sup"": 24, ""chi_bits0"": 1, ""mps_l0"": 9.0553, ""hsf_keff"": 1, ""hsf_l0"": 25.0556, ""sparse_l"": 31.3309, ""sv_l"": 31.3309, ""feat_secs"": 0.006617, ""feat_secs_frame"": 0.00016, ""feat_secs_hsf"": 0.006411}"
ct,"ct:n=24,L=2,t=48,nn=1",1,"{""n"": 24.0, ""L"": 2.0, ""t"": 48.0, ""nn"": 1.0}",frame,ok,0.000243,0.0081,2555904,-0.0,0,-1.546492188026452e-19,1.546492188026452e-19,switched_at=None dense_qubits=0 peak_terms=0 term_visits=0 dense_ops=0,"{""n"": 24, ""gates"": 161, ""g2"": 23, ""g3"": 0, ""depth2"": 2, ""t_count"": 48, ""rotations"": 48, ""d"": 21, ""dense_l"": 23.2171, ""redundant"": 27, ""obs_zero"": true, ""frame_l"": 7.3309, ""chi_bits"": 1, ""mps_l"": 9.0553, ""hsf_k"": 1, ""hsf_na"": 12, ""hsf_nb"": 12, ""hsf_l"": 25.0556, ""sup"": 24, ""chi_bits0"": 1, ""mps_l0"": 9.0553, ""hsf_keff"": 1, ""hsf_l0"": 25.0556, ""sparse_l"": 31.3309, ""sv_l"": 31.3309, ""feat_secs"": 0.006617, ""feat_secs_frame"": 0.00016, ""feat_secs_hsf"": 0.006411}"
ct,"ct:n=24,L=2,t=48,nn=1",1,"{""n"": 24.0, ""L"": 2.0, ""t"": 48.0, ""nn"": 1.0}",dense,ok,0.015541,0.0220,36257792,0.0,21,-1.546492188026452e-19,1.546492188026452e-19,switched_at=Some(43) dense_qubits=21 peak_terms=0 term_visits=0 dense_ops=8702372,"{""n"": 24, ""gates"": 161, ""g2"": 23, ""g3"": 0, ""depth2"": 2, ""t_count"": 48, ""rotations"": 48, ""d"": 21, ""dense_l"": 23.2171, ""redundant"": 27, ""obs_zero"": true, ""frame_l"": 7.3309, ""chi_bits"": 1, ""mps_l"": 9.0553, ""hsf_k"": 1, ""hsf_na"": 12, ""hsf_nb"": 12, ""hsf_l"": 25.0556, ""sup"": 24, ""chi_bits0"": 1, ""mps_l0"": 9.0553, ""hsf_keff"": 1, ""hsf_l0"": 25.0556, ""sparse_l"": 31.3309, ""sv_l"": 31.3309, ""feat_secs"": 0.006617, ""feat_secs_frame"": 0.00016, ""feat_secs_hsf"": 0.006411}"
ct,"ct:n=24,L=2,t=48,nn=1",1,"{""n"": 24.0, ""L"": 2.0, ""t"": 48.0, ""nn"": 1.0}",auto,ok,0.000285,0.0078,2539520,-0.0,0,-1.546492188026452e-19,1.546492188026452e-19,switched_at=None dense_qubits=0 peak_terms=0 term_visits=0 dense_ops=0,"{""n"": 24, ""gates"": 161, ""g2"": 23, ""g3"": 0, ""depth2"": 2, ""t_count"": 48, ""rotations"": 48, ""d"": 21, ""dense_l"": 23.2171, ""redundant"": 27, ""obs_zero"": true, ""frame_l"": 7.3309, ""chi_bits"": 1, ""mps_l"": 9.0553, ""hsf_k"": 1, ""hsf_na"": 12, ""hsf_nb"": 12, ""hsf_l"": 25.0556, ""sup"": 24, ""chi_bits0"": 1, ""mps_l0"": 9.0553, ""hsf_keff"": 1, ""hsf_l0"": 25.0556, ""sparse_l"": 31.3309, ""sv_l"": 31.3309, ""feat_secs"": 0.006617, ""feat_secs_frame"": 0.00016, ""feat_secs_hsf"": 0.006411}"
ct,"ct:n=24,L=2,t=64,nn=1",1,"{""n"": 24.0, ""L"": 2.0, ""t"": 64.0, ""nn"": 1.0}",sv,ok,0.762567,0.7673,272334848,1.617203299406719e-17,16777216,1.617203299406719e-17,0.0,,"{""n"": 24, ""gates"": 197, ""g2"": 23, ""g3"": 0, ""depth2"": 2, ""t_count"": 64, ""rotations"": 64, ""d"": 23, ""dense_l"": 25.6263, ""redundant"": 41, ""obs_zero"": false, ""frame_l"": 26.5, ""chi_bits"": 1, ""mps_l"": 9.1874, ""hsf_k"": 1, ""hsf_na"": 12, ""hsf_nb"": 12, ""hsf_l"": 25.0678, ""sup"": 24, ""chi_bits0"": 1, ""mps_l0"": 9.1874, ""hsf_keff"": 1, ""hsf_l0"": 25.0678, ""sparse_l"": 31.6221, ""sv_l"": 31.6221, ""feat_secs"": 0.005804, ""feat_secs_frame"": 0.000181, ""feat_secs_hsf"": 0.005572}"
ct,"ct:n=24,L=2,t=64,nn=1",1,"{""n"": 24.0, ""L"": 2.0, ""t"": 64.0, ""nn"": 1.0}",sparse,timeout,,10.0058,1683718144,,,1.617203299406719e-17,,timeout,"{""n"": 24, ""gates"": 197, ""g2"": 23, ""g3"": 0, ""depth2"": 2, ""t_count"": 64, ""rotations"": 64, ""d"": 23, ""dense_l"": 25.6263, ""redundant"": 41, ""obs_zero"": false, ""frame_l"": 26.5, ""chi_bits"": 1, ""mps_l"": 9.1874, ""hsf_k"": 1, ""hsf_na"": 12, ""hsf_nb"": 12, ""hsf_l"": 25.0678, ""sup"": 24, ""chi_bits0"": 1, ""mps_l0"": 9.1874, ""hsf_keff"": 1, ""hsf_l0"": 25.0678, ""sparse_l"": 31.6221, ""sv_l"": 31.6221, ""feat_secs"": 0.005804, ""feat_secs_frame"": 0.000181, ""feat_secs_hsf"": 0.005572}"
ct,"ct:n=24,L=2,t=64,nn=1",1,"{""n"": 24.0, ""L"": 2.0, ""t"": 64.0, ""nn"": 1.0}",mps,ok,0.000265,0.0078,2539520,0.0,2,1.617203299406719e-17,1.617203299406719e-17,,"{""n"": 24, ""gates"": 197, ""g2"": 23, ""g3"": 0, ""depth2"": 2, ""t_count"": 64, ""rotations"": 64, ""d"": 23, ""dense_l"": 25.6263, ""redundant"": 41, ""obs_zero"": false, ""frame_l"": 26.5, ""chi_bits"": 1, ""mps_l"": 9.1874, ""hsf_k"": 1, ""hsf_na"": 12, ""hsf_nb"": 12, ""hsf_l"": 25.0678, ""sup"": 24, ""chi_bits0"": 1, ""mps_l0"": 9.1874, ""hsf_keff"": 1, ""hsf_l0"": 25.0678, ""sparse_l"": 31.6221, ""sv_l"": 31.6221, ""feat_secs"": 0.005804, ""feat_secs_frame"": 0.000181, ""feat_secs_hsf"": 0.005572}"
ct,"ct:n=24,L=2,t=64,nn=1",1,"{""n"": 24.0, ""L"": 2.0, ""t"": 64.0, ""nn"": 1.0}",hsf,ok,0.067372,0.0731,271368192,2.466880245478514e-17,2,1.617203299406719e-17,8.496769460717948e-18,,"{""n"": 24, ""gates"": 197, ""g2"": 23, ""g3"": 0, ""depth2"": 2, ""t_count"": 64, ""rotations"": 64, ""d"": 23, ""dense_l"": 25.6263, ""redundant"": 41, ""obs_zero"": false, ""frame_l"": 26.5, ""chi_bits"": 1, ""mps_l"": 9.1874, ""hsf_k"": 1, ""hsf_na"": 12, ""hsf_nb"": 12, ""hsf_l"": 25.0678, ""sup"": 24, ""chi_bits0"": 1, ""mps_l0"": 9.1874, ""hsf_keff"": 1, ""hsf_l0"": 25.0678, ""sparse_l"": 31.6221, ""sv_l"": 31.6221, ""feat_secs"": 0.005804, ""feat_secs_frame"": 0.000181, ""feat_secs_hsf"": 0.005572}"
ct,"ct:n=24,L=2,t=64,nn=1",1,"{""n"": 24.0, ""L"": 2.0, ""t"": 64.0, ""nn"": 1.0}",tableau,na,,0.0051,1851392,,,1.617203299406719e-17,,"TooLarge { what: ""tableau (non-Clifford circuit)"", bytes: 0, limit: 0 }","{""n"": 24, ""gates"": 197, ""g2"": 23, ""g3"": 0, ""depth2"": 2, ""t_count"": 64, ""rotations"": 64, ""d"": 23, ""dense_l"": 25.6263, ""redundant"": 41, ""obs_zero"": false, ""frame_l"": 26.5, ""chi_bits"": 1, ""mps_l"": 9.1874, ""hsf_k"": 1, ""hsf_na"": 12, ""hsf_nb"": 12, ""hsf_l"": 25.0678, ""sup"": 24, ""chi_bits0"": 1, ""mps_l0"": 9.1874, ""hsf_keff"": 1, ""hsf_l0"": 25.0678, ""sparse_l"": 31.6221, ""sv_l"": 31.6221, ""feat_secs"": 0.005804, ""feat_secs_frame"": 0.000181, ""feat_secs_hsf"": 0.005572}"
ct,"ct:n=24,L=2,t=64,nn=1",1,"{""n"": 24.0, ""L"": 2.0, ""t"": 64.0, ""nn"": 1.0}",frame,ok,0.00024,0.0077,2555904,-0.0,1,1.617203299406719e-17,1.617203299406719e-17,switched_at=None dense_qubits=0 peak_terms=1 term_visits=1 dense_ops=0,"{""n"": 24, ""gates"": 197, ""g2"": 23, ""g3"": 0, ""depth2"": 2, ""t_count"": 64, ""rotations"": 64, ""d"": 23, ""dense_l"": 25.6263, ""redundant"": 41, ""obs_zero"": false, ""frame_l"": 26.5, ""chi_bits"": 1, ""mps_l"": 9.1874, ""hsf_k"": 1, ""hsf_na"": 12, ""hsf_nb"": 12, ""hsf_l"": 25.0678, ""sup"": 24, ""chi_bits0"": 1, ""mps_l0"": 9.1874, ""hsf_keff"": 1, ""hsf_l0"": 25.0678, ""sparse_l"": 31.6221, ""sv_l"": 31.6221, ""feat_secs"": 0.005804, ""feat_secs_frame"": 0.000181, ""feat_secs_hsf"": 0.005572}"
ct,"ct:n=24,L=2,t=64,nn=1",1,"{""n"": 24.0, ""L"": 2.0, ""t"": 64.0, ""nn"": 1.0}",dense,ok,0.098002,0.1037,137052160,5.421010862427522e-20,23,1.617203299406719e-17,1.6117822885442915e-17,switched_at=Some(61) dense_qubits=23 peak_terms=1 term_visits=0 dense_ops=49695990,"{""n"": 24, ""gates"": 197, ""g2"": 23, ""g3"": 0, ""depth2"": 2, ""t_count"": 64, ""rotations"": 64, ""d"": 23, ""dense_l"": 25.6263, ""redundant"": 41, ""obs_zero"": false, ""frame_l"": 26.5, ""chi_bits"": 1, ""mps_l"": 9.1874, ""hsf_k"": 1, ""hsf_na"": 12, ""hsf_nb"": 12, ""hsf_l"": 25.0678, ""sup"": 24, ""chi_bits0"": 1, ""mps_l0"": 9.1874, ""hsf_keff"": 1, ""hsf_l0"": 25.0678, ""sparse_l"": 31.6221, ""sv_l"": 31.6221, ""feat_secs"": 0.005804, ""feat_secs_frame"": 0.000181, ""feat_secs_hsf"": 0.005572}"
ct,"ct:n=24,L=2,t=64,nn=1",1,"{""n"": 24.0, ""L"": 2.0, ""t"": 64.0, ""nn"": 1.0}",auto,ok,0.000296,0.0078,2555904,-0.0,0,1.617203299406719e-17,1.617203299406719e-17,switched_at=None dense_qubits=0 peak_terms=1 term_visits=1 dense_ops=0,"{""n"": 24, ""gates"": 197, ""g2"": 23, ""g3"": 0, ""depth2"": 2, ""t_count"": 64, ""rotations"": 64, ""d"": 23, ""dense_l"": 25.6263, ""redundant"": 41, ""obs_zero"": false, ""frame_l"": 26.5, ""chi_bits"": 1, ""mps_l"": 9.1874, ""hsf_k"": 1, ""hsf_na"": 12, ""hsf_nb"": 12, ""hsf_l"": 25.0678, ""sup"": 24, ""chi_bits0"": 1, ""mps_l0"": 9.1874, ""hsf_keff"": 1, ""hsf_l0"": 25.0678, ""sparse_l"": 31.6221, ""sv_l"": 31.6221, ""feat_secs"": 0.005804, ""feat_secs_frame"": 0.000181, ""feat_secs_hsf"": 0.005572}"
ct,"ct:n=24,L=4,t=0,nn=1",1,"{""n"": 24.0, ""L"": 4.0, ""t"": 0.0, ""nn"": 1.0}",sv,ok,1.015126,1.0209,272334848,0.0,16777216,0.0,0.0,,"{""n"": 24, ""gates"": 143, ""g2"": 46, ""g3"": 0, ""depth2"": 4, ""t_count"": 0, ""rotations"": 0, ""d"": 0, ""dense_l"": 0.0, ""redundant"": 0, ""obs_zero"": true, ""frame_l"": 7.1599, ""chi_bits"": 2, ""mps_l"": 11.0526, ""hsf_k"": 2, ""hsf_na"": 12, ""hsf_nb"": 12, ""hsf_l"": 26.0495, ""sup"": 24, ""chi_bits0"": 2, ""mps_l0"": 11.0526, ""hsf_keff"": 2, ""hsf_l0"": 26.0495, ""sparse_l"": 31.1599, ""sv_l"": 31.1599, ""feat_secs"": 0.00622, ""feat_secs_frame"": 0.000153, ""feat_secs_hsf"": 0.00602}"
ct,"ct:n=24,L=4,t=0,nn=1",1,"{""n"": 24.0, ""L"": 4.0, ""t"": 0.0, ""nn"": 1.0}",sparse,ok,0.542369,0.5494,163004416,-3.388131789017201e-21,1048576,0.0,3.388131789017201e-21,,"{""n"": 24, ""gates"": 143, ""g2"": 46, ""g3"": 0, ""depth2"": 4, ""t_count"": 0, ""rotations"": 0, ""d"": 0, ""dense_l"": 0.0, ""redundant"": 0, ""obs_zero"": true, ""frame_l"": 7.1599, ""chi_bits"": 2, ""mps_l"": 11.0526, ""hsf_k"": 2, ""hsf_na"": 12, ""hsf_nb"": 12, ""hsf_l"": 26.0495, ""sup"": 24, ""chi_bits0"": 2, ""mps_l0"": 11.0526, ""hsf_keff"": 2, ""hsf_l0"": 26.0495, ""sparse_l"": 31.1599, ""sv_l"": 31.1599, ""feat_secs"": 0.00622, ""feat_secs_frame"": 0.000153, ""feat_secs_hsf"": 0.00602}"
ct,"ct:n=24,L=4,t=0,nn=1",1,"{""n"": 24.0, ""L"": 4.0, ""t"": 0.0, ""nn"": 1.0}",mps,ok,0.000339,0.0046,2621440,0.0,4,0.0,0.0,,"{""n"": 24, ""gates"": 143, ""g2"": 46, ""g3"": 0, ""depth2"": 4, ""t_count"": 0, ""rotations"": 0, ""d"": 0, ""dense_l"": 0.0, ""redundant"": 0, ""obs_zero"": true, ""frame_l"": 7.1599, ""chi_bits"": 2, ""mps_l"": 11.0526, ""hsf_k"": 2, ""hsf_na"": 12, ""hsf_nb"": 12, ""hsf_l"": 26.0495, ""sup"": 24, ""chi_bits0"": 2, ""mps_l0"": 11.0526, ""hsf_keff"": 2, ""hsf_l0"": 26.0495, ""sparse_l"": 31.1599, ""sv_l"": 31.1599, ""feat_secs"": 0.00622, ""feat_secs_frame"": 0.000153, ""feat_secs_hsf"": 0.00602}"
ct,"ct:n=24,L=4,t=0,nn=1",1,"{""n"": 24.0, ""L"": 4.0, ""t"": 0.0, ""nn"": 1.0}",hsf,ok,0.113412,0.1178,271974400,0.0,4,0.0,0.0,,"{""n"": 24, ""gates"": 143, ""g2"": 46, ""g3"": 0, ""depth2"": 4, ""t_count"": 0, ""rotations"": 0, ""d"": 0, ""dense_l"": 0.0, ""redundant"": 0, ""obs_zero"": true, ""frame_l"": 7.1599, ""chi_bits"": 2, ""mps_l"": 11.0526, ""hsf_k"": 2, ""hsf_na"": 12, ""hsf_nb"": 12, ""hsf_l"": 26.0495, ""sup"": 24, ""chi_bits0"": 2, ""mps_l0"": 11.0526, ""hsf_keff"": 2, ""hsf_l0"": 26.0495, ""sparse_l"": 31.1599, ""sv_l"": 31.1599, ""feat_secs"": 0.00622, ""feat_secs_frame"": 0.000153, ""feat_secs_hsf"": 0.00602}"
ct,"ct:n=24,L=4,t=0,nn=1",1,"{""n"": 24.0, ""L"": 4.0, ""t"": 0.0, ""nn"": 1.0}",tableau,ok,5.5e-05,0.0071,2048000,-0.0,0,0.0,0.0,,"{""n"": 24, ""gates"": 143, ""g2"": 46, ""g3"": 0, ""depth2"": 4, ""t_count"": 0, ""rotations"": 0, ""d"": 0, ""dense_l"": 0.0, ""redundant"": 0, ""obs_zero"": true, ""frame_l"": 7.1599, ""chi_bits"": 2, ""mps_l"": 11.0526, ""hsf_k"": 2, ""hsf_na"": 12, ""hsf_nb"": 12, ""hsf_l"": 26.0495, ""sup"": 24, ""chi_bits0"": 2, ""mps_l0"": 11.0526, ""hsf_keff"": 2, ""hsf_l0"": 26.0495, ""sparse_l"": 31.1599, ""sv_l"": 31.1599, ""feat_secs"": 0.00622, ""feat_secs_frame"": 0.000153, ""feat_secs_hsf"": 0.00602}"
ct,"ct:n=24,L=4,t=0,nn=1",1,"{""n"": 24.0, ""L"": 4.0, ""t"": 0.0, ""nn"": 1.0}",frame,ok,0.000144,0.0045,2162688,-0.0,0,0.0,0.0,switched_at=None dense_qubits=0 peak_terms=0 term_visits=0 dense_ops=0,"{""n"": 24, ""gates"": 143, ""g2"": 46, ""g3"": 0, ""depth2"": 4, ""t_count"": 0, ""rotations"": 0, ""d"": 0, ""dense_l"": 0.0, ""redundant"": 0, ""obs_zero"": true, ""frame_l"": 7.1599, ""chi_bits"": 2, ""mps_l"": 11.0526, ""hsf_k"": 2, ""hsf_na"": 12, ""hsf_nb"": 12, ""hsf_l"": 26.0495, ""sup"": 24, ""chi_bits0"": 2, ""mps_l0"": 11.0526, ""hsf_keff"": 2, ""hsf_l0"": 26.0495, ""sparse_l"": 31.1599, ""sv_l"": 31.1599, ""feat_secs"": 0.00622, ""feat_secs_frame"": 0.000153, ""feat_secs_hsf"": 0.00602}"
ct,"ct:n=24,L=4,t=0,nn=1",1,"{""n"": 24.0, ""L"": 4.0, ""t"": 0.0, ""nn"": 1.0}",dense,ok,0.000153,0.0049,2179072,-0.0,0,0.0,0.0,switched_at=None dense_qubits=0 peak_terms=0 term_visits=0 dense_ops=0,"{""n"": 24, ""gates"": 143, ""g2"": 46, ""g3"": 0, ""depth2"": 4, ""t_count"": 0, ""rotations"": 0, ""d"": 0, ""dense_l"": 0.0, ""redundant"": 0, ""obs_zero"": true, ""frame_l"": 7.1599, ""chi_bits"": 2, ""mps_l"": 11.0526, ""hsf_k"": 2, ""hsf_na"": 12, ""hsf_nb"": 12, ""hsf_l"": 26.0495, ""sup"": 24, ""chi_bits0"": 2, ""mps_l0"": 11.0526, ""hsf_keff"": 2, ""hsf_l0"": 26.0495, ""sparse_l"": 31.1599, ""sv_l"": 31.1599, ""feat_secs"": 0.00622, ""feat_secs_frame"": 0.000153, ""feat_secs_hsf"": 0.00602}"
ct,"ct:n=24,L=4,t=0,nn=1",1,"{""n"": 24.0, ""L"": 4.0, ""t"": 0.0, ""nn"": 1.0}",auto,ok,0.000151,0.0080,2162688,-0.0,0,0.0,0.0,switched_at=None dense_qubits=0 peak_terms=0 term_visits=0 dense_ops=0,"{""n"": 24, ""gates"": 143, ""g2"": 46, ""g3"": 0, ""depth2"": 4, ""t_count"": 0, ""rotations"": 0, ""d"": 0, ""dense_l"": 0.0, ""redundant"": 0, ""obs_zero"": true, ""frame_l"": 7.1599, ""chi_bits"": 2, ""mps_l"": 11.0526, ""hsf_k"": 2, ""hsf_na"": 12, ""hsf_nb"": 12, ""hsf_l"": 26.0495, ""sup"": 24, ""chi_bits0"": 2, ""mps_l0"": 11.0526, ""hsf_keff"": 2, ""hsf_l0"": 26.0495, ""sparse_l"": 31.1599, ""sv_l"": 31.1599, ""feat_secs"": 0.00622, ""feat_secs_frame"": 0.000153, ""feat_secs_hsf"": 0.00602}"
ct,"ct:n=24,L=4,t=2,nn=1",1,"{""n"": 24.0, ""L"": 4.0, ""t"": 2.0, ""nn"": 1.0}",sv,ok,0.97917,0.9859,272318464,0.0,16777216,0.0,0.0,,"{""n"": 24, ""gates"": 142, ""g2"": 46, ""g3"": 0, ""depth2"": 4, ""t_count"": 2, ""rotations"": 2, ""d"": 2, ""dense_l"": 2.585, ""redundant"": 0, ""obs_zero"": true, ""frame_l"": 7.1497, ""chi_bits"": 2, ""mps_l"": 11.0821, ""hsf_k"": 2, ""hsf_na"": 12, ""hsf_nb"": 12, ""hsf_l"": 26.0492, ""sup"": 24, ""chi_bits0"": 2, ""mps_l0"": 11.0821, ""hsf_keff"": 2, ""hsf_l0"": 26.0492, ""sparse_l"": 31.1497, ""sv_l"": 31.1497, ""feat_secs"": 0.009541, ""feat_secs_frame"": 0.000251, ""feat_secs_hsf"": 0.009221}"
ct,"ct:n=24,L=4,t=2,nn=1",1,"{""n"": 24.0, ""L"": 4.0, ""t"": 2.0, ""nn"": 1.0}",sparse,ok,1.321119,1.3259,320503808,3.314916378638908e-18,2097152,0.0,3.314916378638908e-18,,"{""n"": 24, ""gates"": 142, ""g2"": 46, ""g3"": 0, ""depth2"": 4, ""t_count"": 2, ""rotations"": 2, ""d"": 2, ""dense_l"": 2.585, ""redundant"": 0, ""obs_zero"": true, ""frame_l"": 7.1497, ""chi_bits"": 2, ""mps_l"": 11.0821, ""hsf_k"": 2, ""hsf_na"": 12, ""hsf_nb"": 12, ""hsf_l"": 26.0492, ""sup"": 24, ""chi_bits0"": 2, ""mps_l0"": 11.0821, ""hsf_keff"": 2, ""hsf_l0"": 26.0492, ""sparse_l"": 31.1497, ""sv_l"": 31.1497, ""feat_secs"": 0.009541, ""feat_secs_frame"": 0.000251, ""feat_secs_hsf"": 0.009221}"
ct,"ct:n=24,L=4,t=2,nn=1",1,"{""n"": 24.0, ""L"": 4.0, ""t"": 2.0, ""nn"": 1.0}",mps,ok,0.000469,0.0069,2637824,5.125332723668735e-144,4,0.0,5.125332723668735e-144,,"{""n"": 24, ""gates"": 142, ""g2"": 46, ""g3"": 0, ""depth2"": 4, ""t_count"": 2, ""rotations"": 2, ""d"": 2, ""dense_l"": 2.585, ""redundant"": 0, ""obs_zero"": true, ""frame_l"": 7.1497, ""chi_bits"": 2, ""mps_l"": 11.0821, ""hsf_k"": 2, ""hsf_na"": 12, ""hsf_nb"": 12, ""hsf_l"": 26.0492, ""sup"": 24, ""chi_bits0"": 2, ""mps_l0"": 11.0821, ""hsf_keff"": 2, ""hsf_l0"": 26.0492, ""sparse_l"": 31.1497, ""sv_l"": 31.1497, ""feat_secs"": 0.009541, ""feat_secs_frame"": 0.000251, ""feat_secs_hsf"": 0.009221}"
ct,"ct:n=24,L=4,t=2,nn=1",1,"{""n"": 24.0, ""L"": 4.0, ""t"": 2.0, ""nn"": 1.0}",hsf,ok,0.11713,0.1235,271990784,0.0,4,0.0,0.0,,"{""n"": 24, ""gates"": 142, ""g2"": 46, ""g3"": 0, ""depth2"": 4, ""t_count"": 2, ""rotations"": 2, ""d"": 2, ""dense_l"": 2.585, ""redundant"": 0, ""obs_zero"": true, ""frame_l"": 7.1497, ""chi_bits"": 2, ""mps_l"": 11.0821, ""hsf_k"": 2, ""hsf_na"": 12, ""hsf_nb"": 12, ""hsf_l"": 26.0492, ""sup"": 24, ""chi_bits0"": 2, ""mps_l0"": 11.0821, ""hsf_keff"": 2, ""hsf_l0"": 26.0492, ""sparse_l"": 31.1497, ""sv_l"": 31.1497, ""feat_secs"": 0.009541, ""feat_secs_frame"": 0.000251, ""feat_secs_hsf"": 0.009221}"
ct,"ct:n=24,L=4,t=2,nn=1",1,"{""n"": 24.0, ""L"": 4.0, ""t"": 2.0, ""nn"": 1.0}",tableau,na,,0.0050,1851392,,,0.0,,"TooLarge { what: ""tableau (non-Clifford circuit)"", bytes: 0, limit: 0 }","{""n"": 24, ""gates"": 142, ""g2"": 46, ""g3"": 0, ""depth2"": 4, ""t_count"": 2, ""rotations"": 2, ""d"": 2, ""dense_l"": 2.585, ""redundant"": 0, ""obs_zero"": true, ""frame_l"": 7.1497, ""chi_bits"": 2, ""mps_l"": 11.0821, ""hsf_k"": 2, ""hsf_na"": 12, ""hsf_nb"": 12, ""hsf_l"": 26.0492, ""sup"": 24, ""chi_bits0"": 2, ""mps_l0"": 11.0821, ""hsf_keff"": 2, ""hsf_l0"": 26.0492, ""sparse_l"": 31.1497, ""sv_l"": 31.1497, ""feat_secs"": 0.009541, ""feat_secs_frame"": 0.000251, ""feat_secs_hsf"": 0.009221}"
ct,"ct:n=24,L=4,t=2,nn=1",1,"{""n"": 24.0, ""L"": 4.0, ""t"": 2.0, ""nn"": 1.0}",frame,ok,0.000262,0.0075,2523136,-0.0,0,0.0,0.0,switched_at=None dense_qubits=0 peak_terms=0 term_visits=0 dense_ops=0,"{""n"": 24, ""gates"": 142, ""g2"": 46, ""g3"": 0, ""depth2"": 4, ""t_count"": 2, ""rotations"": 2, ""d"": 2, ""dense_l"": 2.585, ""redundant"": 0, ""obs_zero"": true, ""frame_l"": 7.1497, ""chi_bits"": 2, ""mps_l"": 11.0821, ""hsf_k"": 2, ""hsf_na"": 12, ""hsf_nb"": 12, ""hsf_l"": 26.0492, ""sup"": 24, ""chi_bits0"": 2, ""mps_l0"": 11.0821, ""hsf_keff"": 2, ""hsf_l0"": 26.0492, ""sparse_l"": 31.1497, ""sv_l"": 31.1497, ""feat_secs"": 0.009541, ""feat_secs_frame"": 0.000251, ""feat_secs_hsf"": 0.009221}"
ct,"ct:n=24,L=4,t=2,nn=1",1,"{""n"": 24.0, ""L"": 4.0, ""t"": 2.0, ""nn"": 1.0}",dense,ok,0.000139,0.0047,2195456,0.0,2,0.0,0.0,switched_at=Some(2) dense_qubits=2 peak_terms=0 term_visits=0 dense_ops=6,"{""n"": 24, ""gates"": 142, ""g2"": 46, ""g3"": 0, ""depth2"": 4, ""t_count"": 2, ""rotations"": 2, ""d"": 2, ""dense_l"": 2.585, ""redundant"": 0, ""obs_zero"": true, ""frame_l"": 7.1497, ""chi_bits"": 2, ""mps_l"": 11.0821, ""hsf_k"": 2, ""hsf_na"": 12, ""hsf_nb"": 12, ""hsf_l"": 26.0492, ""sup"": 24, ""chi_bits0"": 2, ""mps_l0"": 11.0821, ""hsf_keff"": 2, ""hsf_l0"": 26.0492, ""sparse_l"": 31.1497, ""sv_l"": 31.1497, ""feat_secs"": 0.009541, ""feat_secs_frame"": 0.000251, ""feat_secs_hsf"": 0.009221}"
ct,"ct:n=24,L=4,t=2,nn=1",1,"{""n"": 24.0, ""L"": 4.0, ""t"": 2.0, ""nn"": 1.0}",auto,ok,0.000143,0.0044,2195456,0.0,2,0.0,0.0,switched_at=Some(2) dense_qubits=2 peak_terms=0 term_visits=0 dense_ops=6,"{""n"": 24, ""gates"": 142, ""g2"": 46, ""g3"": 0, ""depth2"": 4, ""t_count"": 2, ""rotations"": 2, ""d"": 2, ""dense_l"": 2.585, ""redundant"": 0, ""obs_zero"": true, ""frame_l"": 7.1497, ""chi_bits"": 2, ""mps_l"": 11.0821, ""hsf_k"": 2, ""hsf_na"": 12, ""hsf_nb"": 12, ""hsf_l"": 26.0492, ""sup"": 24, ""chi_bits0"": 2, ""mps_l0"": 11.0821, ""hsf_keff"": 2, ""hsf_l0"": 26.0492, ""sparse_l"": 31.1497, ""sv_l"": 31.1497, ""feat_secs"": 0.009541, ""feat_secs_frame"": 0.000251, ""feat_secs_hsf"": 0.009221}"
ct,"ct:n=24,L=4,t=4,nn=1",1,"{""n"": 24.0, ""L"": 4.0, ""t"": 4.0, ""nn"": 1.0}",sv,ok,0.997499,1.0025,272351232,0.0,16777216,0.0,0.0,,"{""n"": 24, ""gates"": 148, ""g2"": 46, ""g3"": 0, ""depth2"": 4, ""t_count"": 4, ""rotations"": 4, ""d"": 4, ""dense_l"": 4.9069, ""redundant"": 0, ""obs_zero"": true, ""frame_l"": 7.2095, ""chi_bits"": 2, ""mps_l"": 11.1137, ""hsf_k"": 2, ""hsf_na"": 12, ""hsf_nb"": 12, ""hsf_l"": 25.0512, ""sup"": 24, ""chi_bits0"": 2, ""mps_l0"": 11.1137, ""hsf_keff"": 1, ""hsf_l0"": 26.0512, ""sparse_l"": 31.2095, ""sv_l"": 31.2095, ""feat_secs"": 0.010292, ""feat_secs_frame"": 0.000296, ""feat_secs_hsf"": 0.009918}"
ct,"ct:n=24,L=4,t=4,nn=1",1,"{""n"": 24.0, ""L"": 4.0, ""t"": 4.0, ""nn"": 1.0}",sparse,ok,2.080154,2.0876,425754624,-2.398320850591348e-18,2097152,0.0,2.398320850591348e-18,,"{""n"": 24, ""gates"": 148, ""g2"": 46, ""g3"": 0, ""depth2"": 4, ""t_count"": 4, ""rotations"": 4, ""d"": 4, ""dense_l"": 4.9069, ""redundant"": 0, ""obs_zero"": true, ""frame_l"": 7.2095, ""chi_bits"": 2, ""mps_l"": 11.1137, ""hsf_k"": 2, ""hsf_na"": 12, ""hsf_nb"": 12, ""hsf_l"": 25.0512, ""sup"": 24, ""chi_bits0"": 2, ""mps_l0"": 11.1137, ""hsf_keff"": 1, ""hsf_l0"": 26.0512, ""sparse_l"": 31.2095, ""sv_l"": 31.2095, ""feat_secs"": 0.010292, ""feat_secs_frame"": 0.000296, ""feat_secs_hsf"": 0.009918}"
ct,"ct:n=24,L=4,t=4,nn=1",1,"{""n"": 24.0, ""L"": 4.0, ""t"": 4.0, ""nn"": 1.0}",mps,ok,0.000378,0.0080,2637824,2.562666361834371e-144,4,0.0,2.562666361834371e-144,,"{""n"": 24, ""gates"": 148, ""g2"": 46, ""g3"": 0, ""depth2"": 4, ""t_count"": 4, ""rotations"": 4, ""d"": 4, ""dense_l"": 4.9069, ""redundant"": 0, ""obs_zero"": true, ""frame_l"": 7.2095, ""chi_bits"": 2, ""mps_l"": 11.1137, ""hsf_k"": 2, ""hsf_na"": 12, ""hsf_nb"": 12, ""hsf_l"": 25.0512, ""sup"": 24, ""chi_bits0"": 2, ""mps_l0"": 11.1137, ""hsf_keff"": 1, ""hsf_l0"": 26.0512, ""sparse_l"": 31.2095, ""sv_l"": 31.2095, ""feat_secs"": 0.010292, ""feat_secs_frame"": 0.000296, ""feat_secs_hsf"": 0.009918}"
ct,"ct:n=24,L=4,t=4,nn=1",1,"{""n"": 24.0, ""L"": 4.0, ""t"": 4.0, ""nn"": 1.0}",hsf,ok,0.066741,0.0733,271630336,0.0,4,0.0,0.0,,"{""n"": 24, ""gates"": 148, ""g2"": 46, ""g3"": 0, ""depth2"": 4, ""t_count"": 4, ""rotations"": 4, ""d"": 4, ""dense_l"": 4.9069, ""redundant"": 0, ""obs_zero"": true, ""frame_l"": 7.2095, ""chi_bits"": 2, ""mps_l"": 11.1137, ""hsf_k"": 2, ""hsf_na"": 12, ""hsf_nb"": 12, ""hsf_l"": 25.0512, ""sup"": 24, ""chi_bits0"": 2, ""mps_l0"": 11.1137, ""hsf_keff"": 1, ""hsf_l0"": 26.0512, ""sparse_l"": 31.2095, ""sv_l"": 31.2095, ""feat_secs"": 0.010292, ""feat_secs_frame"": 0.000296, ""feat_secs_hsf"": 0.009918}"
ct,"ct:n=24,L=4,t=4,nn=1",1,"{""n"": 24.0, ""L"": 4.0, ""t"": 4.0, ""nn"": 1.0}",tableau,na,,0.0048,1851392,,,0.0,,"TooLarge { what: ""tableau (non-Clifford circuit)"", bytes: 0, limit: 0 }","{""n"": 24, ""gates"": 148, ""g2"": 46, ""g3"": 0, ""depth2"": 4, ""t_count"": 4, ""rotations"": 4, ""d"": 4, ""dense_l"": 4.9069, ""redundant"": 0, ""obs_zero"": true, ""frame_l"": 7.2095, ""chi_bits"": 2, ""mps_l"": 11.1137, ""hsf_k"": 2, ""hsf_na"": 12, ""hsf_nb"": 12, ""hsf_l"": 25.0512, ""sup"": 24, ""chi_bits0"": 2, ""mps_l0"": 11.1137, ""hsf_keff"": 1, ""hsf_l0"": 26.0512, ""sparse_l"": 31.2095, ""sv_l"": 31.2095, ""feat_secs"": 0.010292, ""feat_secs_frame"": 0.000296, ""feat_secs_hsf"": 0.009918}"
ct,"ct:n=24,L=4,t=4,nn=1",1,"{""n"": 24.0, ""L"": 4.0, ""t"": 4.0, ""nn"": 1.0}",frame,ok,0.000275,0.0046,2523136,-0.0,0,0.0,0.0,switched_at=None dense_qubits=0 peak_terms=0 term_visits=0 dense_ops=0,"{""n"": 24, ""gates"": 148, ""g2"": 46, ""g3"": 0, ""depth2"": 4, ""t_count"": 4, ""rotations"": 4, ""d"": 4, ""dense_l"": 4.9069, ""redundant"": 0, ""obs_zero"": true, ""frame_l"": 7.2095, ""chi_bits"": 2, ""mps_l"": 11.1137, ""hsf_k"": 2, ""hsf_na"": 12, ""hsf_nb"": 12, ""hsf_l"": 25.0512, ""sup"": 24, ""chi_bits0"": 2, ""mps_l0"": 11.1137, ""hsf_keff"": 1, ""hsf_l0"": 26.0512, ""sparse_l"": 31.2095, ""sv_l"": 31.2095, ""feat_secs"": 0.010292, ""feat_secs_frame"": 0.000296, ""feat_secs_hsf"": 0.009918}"
ct,"ct:n=24,L=4,t=4,nn=1",1,"{""n"": 24.0, ""L"": 4.0, ""t"": 4.0, ""nn"": 1.0}",dense,ok,0.000145,0.0068,2195456,0.0,4,0.0,0.0,switched_at=Some(4) dense_qubits=4 peak_terms=0 term_visits=0 dense_ops=30,"{""n"": 24, ""gates"": 148, ""g2"": 46, ""g3"": 0, ""depth2"": 4, ""t_count"": 4, ""rotations"": 4, ""d"": 4, ""dense_l"": 4.9069, ""redundant"": 0, ""obs_zero"": true, ""frame_l"": 7.2095, ""chi_bits"": 2, ""mps_l"": 11.1137, ""hsf_k"": 2, ""hsf_na"": 12, ""hsf_nb"": 12, ""hsf_l"": 25.0512, ""sup"": 24, ""chi_bits0"": 2, ""mps_l0"": 11.1137, ""hsf_keff"": 1, ""hsf_l0"": 26.0512, ""sparse_l"": 31.2095, ""sv_l"": 31.2095, ""feat_secs"": 0.010292, ""feat_secs_frame"": 0.000296, ""feat_secs_hsf"": 0.009918}"
ct,"ct:n=24,L=4,t=4,nn=1",1,"{""n"": 24.0, ""L"": 4.0, ""t"": 4.0, ""nn"": 1.0}",auto,ok,0.00014,0.0045,2195456,0.0,4,0.0,0.0,switched_at=Some(4) dense_qubits=4 peak_terms=0 term_visits=0 dense_ops=30,"{""n"": 24, ""gates"": 148, ""g2"": 46, ""g3"": 0, ""depth2"": 4, ""t_count"": 4, ""rotations"": 4, ""d"": 4, ""dense_l"": 4.9069, ""redundant"": 0, ""obs_zero"": true, ""frame_l"": 7.2095, ""chi_bits"": 2, ""mps_l"": 11.1137, ""hsf_k"": 2, ""hsf_na"": 12, ""hsf_nb"": 12, ""hsf_l"": 25.0512, ""sup"": 24, ""chi_bits0"": 2, ""mps_l0"": 11.1137, ""hsf_keff"": 1, ""hsf_l0"": 26.0512, ""sparse_l"": 31.2095, ""sv_l"": 31.2095, ""feat_secs"": 0.010292, ""feat_secs_frame"": 0.000296, ""feat_secs_hsf"": 0.009918}"
ct,"ct:n=24,L=4,t=8,nn=1",1,"{""n"": 24.0, ""L"": 4.0, ""t"": 8.0, ""nn"": 1.0}",sv,ok,1.044614,1.0496,272367616,-6.617444900424221e-24,16777216,-6.617444900424221e-24,0.0,,"{""n"": 24, ""gates"": 158, ""g2"": 46, ""g3"": 0, ""depth2"": 4, ""t_count"": 8, ""rotations"": 8, ""d"": 6, ""dense_l"": 7.6294, ""redundant"": 2, ""obs_zero"": true, ""frame_l"": 7.3038, ""chi_bits"": 2, ""mps_l"": 11.1241, ""hsf_k"": 2, ""hsf_na"": 12, ""hsf_nb"": 12, ""hsf_l"": 26.0546, ""sup"": 24, ""chi_bits0"": 2, ""mps_l0"": 11.1241, ""hsf_keff"": 2, ""hsf_l0"": 26.0546, ""sparse_l"": 31.3038, ""sv_l"": 31.3038, ""feat_secs"": 0.010246, ""feat_secs_frame"": 0.000302, ""feat_secs_hsf"": 0.009871}"
ct,"ct:n=24,L=4,t=8,nn=1",1,"{""n"": 24.0, ""L"": 4.0, ""t"": 8.0, ""nn"": 1.0}",sparse,ok,2.215766,2.2212,320929792,-2.266147314872725e-17,2097152,-6.617444900424221e-24,2.266146653128235e-17,,"{""n"": 24, ""gates"": 158, ""g2"": 46, ""g3"": 0, ""depth2"": 4, ""t_count"": 8, ""rotations"": 8, ""d"": 6, ""dense_l"": 7.6294, ""redundant"": 2, ""obs_zero"": true, ""frame_l"": 7.3038, ""chi_bits"": 2, ""mps_l"": 11.1241, ""hsf_k"": 2, ""hsf_na"": 12, ""hsf_nb"": 12, ""hsf_l"": 26.0546, ""sup"": 24, ""chi_bits0"": 2, ""mps_l0"": 11.1241, ""hsf_keff"": 2, ""hsf_l0"": 26.0546, ""sparse_l"": 31.3038, ""sv_l"": 31.3038, ""feat_secs"": 0.010246, ""feat_secs_frame"": 0.000302, ""feat_secs_hsf"": 0.009871}"
ct,"ct:n=24,L=4,t=8,nn=1",1,"{""n"": 24.0, ""L"": 4.0, ""t"": 8.0, ""nn"": 1.0}",mps,ok,0.000463,0.0077,2621440,0.0,4,-6.617444900424221e-24,6.617444900424221e-24,,"{""n"": 24, ""gates"": 158, ""g2"": 46, ""g3"": 0, ""depth2"": 4, ""t_count"": 8, ""rotations"": 8, ""d"": 6, ""dense_l"": 7.6294, ""redundant"": 2, ""obs_zero"": true, ""frame_l"": 7.3038, ""chi_bits"": 2, ""mps_l"": 11.1241, ""hsf_k"": 2, ""hsf_na"": 12, ""hsf_nb"": 12, ""hsf_l"": 26.0546, ""sup"": 24, ""chi_bits0"": 2, ""mps_l0"": 11.1241, ""hsf_keff"": 2, ""hsf_l0"": 26.0546, ""sparse_l"": 31.3038, ""sv_l"": 31.3038, ""feat_secs"": 0.010246, ""feat_secs_frame"": 0.000302, ""feat_secs_hsf"": 0.009871}"
ct,"ct:n=24,L=4,t=8,nn=1",1,"{""n"": 24.0, ""L"": 4.0, ""t"": 8.0, ""nn"": 1.0}",hsf,ok,0.112134,0.1170,271990784,-3.705769144237564e-22,4,-6.617444900424221e-24,3.639594695233322e-22,,"{""n"": 24, ""gates"": 158, ""g2"": 46, ""g3"": 0, ""depth2"": 4, ""t_count"": 8, ""rotations"": 8, ""d"": 6, ""dense_l"": 7.6294, ""redundant"": 2, ""obs_zero"": true, ""frame_l"": 7.3038, ""chi_bits"": 2, ""mps_l"": 11.1241, ""hsf_k"": 2, ""hsf_na"": 12, ""hsf_nb"": 12, ""hsf_l"": 26.0546, ""sup"": 24, ""chi_bits0"": 2, ""mps_l0"": 11.1241, ""hsf_keff"": 2, ""hsf_l0"": 26.0546, ""sparse_l"": 31.3038, ""sv_l"": 31.3038, ""feat_secs"": 0.010246, ""feat_secs_frame"": 0.000302, ""feat_secs_hsf"": 0.009871}"
ct,"ct:n=24,L=4,t=8,nn=1",1,"{""n"": 24.0, ""L"": 4.0, ""t"": 8.0, ""nn"": 1.0}",tableau,na,,0.0049,1851392,,,-6.617444900424221e-24,,"TooLarge { what: ""tableau (non-Clifford circuit)"", bytes: 0, limit: 0 }","{""n"": 24, ""gates"": 158, ""g2"": 46, ""g3"": 0, ""depth2"": 4, ""t_count"": 8, ""rotations"": 8, ""d"": 6, ""dense_l"": 7.6294, ""redundant"": 2, ""obs_zero"": true, ""frame_l"": 7.3038, ""chi_bits"": 2, ""mps_l"": 11.1241, ""hsf_k"": 2, ""hsf_na"": 12, ""hsf_nb"": 12, ""hsf_l"": 26.0546, ""sup"": 24, ""chi_bits0"": 2, ""mps_l0"": 11.1241, ""hsf_keff"": 2, ""hsf_l0"": 26.0546, ""sparse_l"": 31.3038, ""sv_l"": 31.3038, ""feat_secs"": 0.010246, ""feat_secs_frame"": 0.000302, ""feat_secs_hsf"": 0.009871}"
ct,"ct:n=24,L=4,t=8,nn=1",1,"{""n"": 24.0, ""L"": 4.0, ""t"": 8.0, ""nn"": 1.0}",frame,ok,0.000207,0.0079,2179072,-0.0,0,-6.617444900424221e-24,6.617444900424221e-24,switched_at=None dense_qubits=0 peak_terms=0 term_visits=0 dense_ops=0,"{""n"": 24, ""gates"": 158, ""g2"": 46, ""g3"": 0, ""depth2"": 4, ""t_count"": 8, ""rotations"": 8, ""d"": 6, ""dense_l"": 7.6294, ""redundant"": 2, ""obs_zero"": true, ""frame_l"": 7.3038, ""chi_bits"": 2, ""mps_l"": 11.1241, ""hsf_k"": 2, ""hsf_na"": 12, ""hsf_nb"": 12, ""hsf_l"": 26.0546, ""sup"": 24, ""chi_bits0"": 2, ""mps_l0"": 11.1241, ""hsf_keff"": 2, ""hsf_l0"": 26.0546, ""sparse_l"": 31.3038, ""sv_l"": 31.3038, ""feat_secs"": 0.010246, ""feat_secs_frame"": 0.000302, ""feat_secs_hsf"": 0.009871}"
ct,"ct:n=24,L=4,t=8,nn=1",1,"{""n"": 24.0, ""L"": 4.0, ""t"": 8.0, ""nn"": 1.0}",dense,ok,0.000151,0.0045,2195456,0.0,6,-6.617444900424221e-24,6.617444900424221e-24,switched_at=Some(8) dense_qubits=6 peak_terms=0 term_visits=0 dense_ops=198,"{""n"": 24, ""gates"": 158, ""g2"": 46, ""g3"": 0, ""depth2"": 4, ""t_count"": 8, ""rotations"": 8, ""d"": 6, ""dense_l"": 7.6294, ""redundant"": 2, ""obs_zero"": true, ""frame_l"": 7.3038, ""chi_bits"": 2, ""mps_l"": 11.1241, ""hsf_k"": 2, ""hsf_na"": 12, ""hsf_nb"": 12, ""hsf_l"": 26.0546, ""sup"": 24, ""chi_bits0"": 2, ""mps_l0"": 11.1241, ""hsf_keff"": 2, ""hsf_l0"": 26.0546, ""sparse_l"": 31.3038, ""sv_l"": 31.3038, ""feat_secs"": 0.010246, ""feat_secs_frame"": 0.000302, ""feat_secs_hsf"": 0.009871}"
ct,"ct:n=24,L=4,t=8,nn=1",1,"{""n"": 24.0, ""L"": 4.0, ""t"": 8.0, ""nn"": 1.0}",auto,ok,0.00016,0.0046,2179072,-0.0,0,-6.617444900424221e-24,6.617444900424221e-24,switched_at=None dense_qubits=0 peak_terms=0 term_visits=0 dense_ops=0,"{""n"": 24, ""gates"": 158, ""g2"": 46, ""g3"": 0, ""depth2"": 4, ""t_count"": 8, ""rotations"": 8, ""d"": 6, ""dense_l"": 7.6294, ""redundant"": 2, ""obs_zero"": true, ""frame_l"": 7.3038, ""chi_bits"": 2, ""mps_l"": 11.1241, ""hsf_k"": 2, ""hsf_na"": 12, ""hsf_nb"": 12, ""hsf_l"": 26.0546, ""sup"": 24, ""chi_bits0"": 2, ""mps_l0"": 11.1241, ""hsf_keff"": 2, ""hsf_l0"": 26.0546, ""sparse_l"": 31.3038, ""sv_l"": 31.3038, ""feat_secs"": 0.010246, ""feat_secs_frame"": 0.000302, ""feat_secs_hsf"": 0.009871}"
ct,"ct:n=24,L=4,t=12,nn=1",1,"{""n"": 24.0, ""L"": 4.0, ""t"": 12.0, ""nn"": 1.0}",sv,ok,1.088218,1.0933,272351232,3.705769144237564e-22,16777216,3.705769144237564e-22,0.0,,"{""n"": 24, ""gates"": 167, ""g2"": 46, ""g3"": 0, ""depth2"": 4, ""t_count"": 12, ""rotations"": 12, ""d"": 9, ""dense_l"": 10.0265, ""redundant"": 3, ""obs_zero"": true, ""frame_l"": 7.3837, ""chi_bits"": 2, ""mps_l"": 11.2252, ""hsf_k"": 2, ""hsf_na"": 12, ""hsf_nb"": 12, ""hsf_l"": 26.0577, ""sup"": 23, ""chi_bits0"": 2, ""mps_l0"": 11.2252, ""hsf_keff"": 2, ""hsf_l0"": 26.0577, ""sparse_l"": 30.3837, ""sv_l"": 31.3837, ""feat_secs"": 0.00868, ""feat_secs_frame"": 0.00033, ""feat_secs_hsf"": 0.008278}"
ct,"ct:n=24,L=4,t=12,nn=1",1,"{""n"": 24.0, ""L"": 4.0, ""t"": 12.0, ""nn"": 1.0}",sparse,ok,1.468427,1.4765,320897024,7.388774278017669e-18,2097152,3.705769144237564e-22,7.388403701103245e-18,,"{""n"": 24, ""gates"": 167, ""g2"": 46, ""g3"": 0, ""depth2"": 4, ""t_count"": 12, ""rotations"": 12, ""d"": 9, ""dense_l"": 10.0265, ""redundant"": 3, ""obs_zero"": true, ""frame_l"": 7.3837, ""chi_bits"": 2, ""mps_l"": 11.2252, ""hsf_k"": 2, ""hsf_na"": 12, ""hsf_nb"": 12, ""hsf_l"": 26.0577, ""sup"": 23, ""chi_bits0"": 2, ""mps_l0"": 11.2252, ""hsf_keff"": 2, ""hsf_l0"": 26.0577, ""sparse_l"": 30.3837, ""sv_l"": 31.3837, ""feat_secs"": 0.00868, ""feat_secs_frame"": 0.00033, ""feat_secs_hsf"": 0.008278}"
ct,"ct:n=24,L=4,t=12,nn=1",1,"{""n"": 24.0, ""L"": 4.0, ""t"": 12.0, ""nn"": 1.0}",mps,ok,0.000456,0.0087,2621440,0.0,4,3.705769144237564e-22,3.705769144237564e-22,,"{""n"": 24, ""gates"": 167, ""g2"": 46, ""g3"": 0, ""depth2"": 4, ""t_count"": 12, ""rotations"": 12, ""d"": 9, ""dense_l"": 10.0265, ""redundant"": 3, ""obs_zero"": true, ""frame_l"": 7.3837, ""chi_bits"": 2, ""mps_l"": 11.2252, ""hsf_k"": 2, ""hsf_na"": 12, ""hsf_nb"": 12, ""hsf_l"": 26.0577, ""sup"": 23, ""chi_bits0"": 2, ""mps_l0"": 11.2252, ""hsf_keff"": 2, ""hsf_l0"": 26.0577, ""sparse_l"": 30.3837, ""sv_l"": 31.3837, ""feat_secs"": 0.00868, ""feat_secs_frame"": 0.00033, ""feat_secs_hsf"": 0.008278}"
ct,"ct:n=24,L=4,t=12,nn=1",1,"{""n"": 24.0, ""L"": 4.0, ""t"": 12.0, ""nn"": 1.0}",hsf,ok,0.134722,0.1401,271974400,-2.646977960169689e-22,4,3.705769144237564e-22,6.352747104407253e-22,,"{""n"": 24, ""gates"": 167, ""g2"": 46, ""g3"": 0, ""depth2"": 4, ""t_count"": 12, ""rotations"": 12, ""d"": 9, ""dense_l"": 10.0265, ""redundant"": 3, ""obs_zero"": true, ""frame_l"": 7.3837, ""chi_bits"": 2, ""mps_l"": 11.2252, ""hsf_k"": 2, ""hsf_na"": 12, ""hsf_nb"": 12, ""hsf_l"": 26.0577, ""sup"": 23, ""chi_bits0"": 2, ""mps_l0"": 11.2252, ""hsf_keff"": 2, ""hsf_l0"": 26.0577, ""sparse_l"": 30.3837, ""sv_l"": 31.3837, ""feat_secs"": 0.00868, ""feat_secs_frame"": 0.00033, ""feat_secs_hsf"": 0.008278}"
ct,"ct:n=24,L=4,t=12,nn=1",1,"{""n"": 24.0, ""L"": 4.0, ""t"": 12.0, ""nn"": 1.0}",tableau,na,,0.0072,1867776,,,3.705769144237564e-22,,"TooLarge { what: ""tableau (non-Clifford circuit)"", bytes: 0, limit: 0 }","{""n"": 24, ""gates"": 167, ""g2"": 46, ""g3"": 0, ""depth2"": 4, ""t_count"": 12, ""rotations"": 12, ""d"": 9, ""dense_l"": 10.0265, ""redundant"": 3, ""obs_zero"": true, ""frame_l"": 7.3837, ""chi_bits"": 2, ""mps_l"": 11.2252, ""hsf_k"": 2, ""hsf_na"": 12, ""hsf_nb"": 12, ""hsf_l"": 26.0577, ""sup"": 23, ""chi_bits0"": 2, ""mps_l0"": 11.2252, ""hsf_keff"": 2, ""hsf_l0"": 26.0577, ""sparse_l"": 30.3837, ""sv_l"": 31.3837, ""feat_secs"": 0.00868, ""feat_secs_frame"": 0.00033, ""feat_secs_hsf"": 0.008278}"
ct,"ct:n=24,L=4,t=12,nn=1",1,"{""n"": 24.0, ""L"": 4.0, ""t"": 12.0, ""nn"": 1.0}",frame,ok,0.00034,0.0082,2523136,-0.0,0,3.705769144237564e-22,3.705769144237564e-22,switched_at=None dense_qubits=0 peak_terms=0 term_visits=0 dense_ops=0,"{""n"": 24, ""gates"": 167, ""g2"": 46, ""g3"": 0, ""depth2"": 4, ""t_count"": 12, ""rotations"": 12, ""d"": 9, ""dense_l"": 10.0265, ""redundant"": 3, ""obs_zero"": true, ""frame_l"": 7.3837, ""chi_bits"": 2, ""mps_l"": 11.2252, ""hsf_k"": 2, ""hsf_na"": 12, ""hsf_nb"": 12, ""hsf_l"": 26.0577, ""sup"": 23, ""chi_bits0"": 2, ""mps_l0"": 11.2252, ""hsf_keff"": 2, ""hsf_l0"": 26.0577, ""sparse_l"": 30.3837, ""sv_l"": 31.3837, ""feat_secs"": 0.00868, ""feat_secs_frame"": 0.00033, ""feat_secs_hsf"": 0.008278}"
ct,"ct:n=24,L=4,t=12,nn=1",1,"{""n"": 24.0, ""L"": 4.0, ""t"": 12.0, ""nn"": 1.0}",dense,ok,0.000158,0.0076,2195456,0.0,9,3.705769144237564e-22,3.705769144237564e-22,switched_at=Some(11) dense_qubits=9 peak_terms=0 term_visits=0 dense_ops=1027,"{""n"": 24, ""gates"": 167, ""g2"": 46, ""g3"": 0, ""depth2"": 4, ""t_count"": 12, ""rotations"": 12, ""d"": 9, ""dense_l"": 10.0265, ""redundant"": 3, ""obs_zero"": true, ""frame_l"": 7.3837, ""chi_bits"": 2, ""mps_l"": 11.2252, ""hsf_k"": 2, ""hsf_na"": 12, ""hsf_nb"": 12, ""hsf_l"": 26.0577, ""sup"": 23, ""chi_bits0"": 2, ""mps_l0"": 11.2252, ""hsf_keff"": 2, ""hsf_l0"": 26.0577, ""sparse_l"": 30.3837, ""sv_l"": 31.3837, ""feat_secs"": 0.00868, ""feat_secs_frame"": 0.00033, ""feat_secs_hsf"": 0.008278}"
ct,"ct:n=24,L=4,t=12,nn=1",1,"{""n"": 24.0, ""L"": 4.0, ""t"": 12.0, ""nn"": 1.0}",auto,ok,0.000306,0.0078,2523136,-0.0,0,3.705769144237564e-22,3.705769144237564e-22,switched_at=None dense_qubits=0 peak_terms=0 term_visits=0 dense_ops=0,"{""n"": 24, ""gates"": 167, ""g2"": 46, ""g3"": 0, ""depth2"": 4, ""t_count"": 12, ""rotations"": 12, ""d"": 9, ""dense_l"": 10.0265, ""redundant"": 3, ""obs_zero"": true, ""frame_l"": 7.3837, ""chi_bits"": 2, ""mps_l"": 11.2252, ""hsf_k"": 2, ""hsf_na"": 12, ""hsf_nb"": 12, ""hsf_l"": 26.0577, ""sup"": 23, ""chi_bits0"": 2, ""mps_l0"": 11.2252, ""hsf_keff"": 2, ""hsf_l0"": 26.0577, ""sparse_l"": 30.3837, ""sv_l"": 31.3837, ""feat_secs"": 0.00868, ""feat_secs_frame"": 0.00033, ""feat_secs_hsf"": 0.008278}"
ct,"ct:n=24,L=4,t=16,nn=1",1,"{""n"": 24.0, ""L"": 4.0, ""t"": 16.0, ""nn"": 1.0}",sv,ok,1.153894,1.1603,272334848,-9.98572435474015e-21,16777216,-9.98572435474015e-21,0.0,,"{""n"": 24, ""gates"": 175, ""g2"": 46, ""g3"": 0, ""depth2"": 4, ""t_count"": 16, ""rotations"": 16, ""d"": 9, ""dense_l"": 11.4691, ""redundant"": 7, ""obs_zero"": true, ""frame_l"": 7.4512, ""chi_bits"": 2, ""mps_l"": 11.2479, ""hsf_k"": 2, ""hsf_na"": 12, ""hsf_nb"": 12, ""hsf_l"": 25.0604, ""sup"": 23, ""chi_bits0"": 2, ""mps_l0"": 11.2479, ""hsf_keff"": 1, ""hsf_l0"": 26.0604, ""sparse_l"": 30.4512, ""sv_l"": 31.4512, ""feat_secs"": 0.005442, ""feat_secs_frame"": 0.000199, ""feat_secs_hsf"": 0.005195}"
ct,"ct:n=24,L=4,t=16,nn=1",1,"{""n"": 24.0, ""L"": 4.0, ""t"": 16.0, ""nn"": 1.0}",sparse,ok,2.605871,2.6126,425754624,-1.244829728659217e-17,2097152,-9.98572435474015e-21,1.243831156223743e-17,,"{""n"": 24, ""gates"": 175, ""g2"": 46, ""g3"": 0, ""depth2"": 4, ""t_count"": 16, ""rotations"": 16, ""d"": 9, ""dense_l"": 11.4691, ""redundant"": 7, ""obs_zero"": true, ""frame_l"": 7.4512, ""chi_bits"": 2, ""mps_l"": 11.2479, ""hsf_k"": 2, ""hsf_na"": 12, ""hsf_nb"": 12, ""hsf_l"": 25.0604, ""sup"": 23, ""chi_bits0"": 2, ""mps_l0"": 11.2479, ""hsf_keff"": 1, ""hsf_l0"": 26.0604, ""sparse_l"": 30.4512, ""sv_l"": 31.4512, ""feat_secs"": 0.005442, ""feat_secs_frame"": 0.000199, ""feat_secs_hsf"": 0.005195}"
ct,"ct:n=24,L=4,t=16,nn=1",1,"{""n"": 24.0, ""L"": 4.0, ""t"": 16.0, ""nn"": 1.0}",mps,ok,0.000382,0.0082,2621440,0.0,4,-9.98572435474015e-21,9.98572435474015e-21,,"{""n"": 24, ""gates"": 175, ""g2"": 46, ""g3"": 0, ""depth2"": 4, ""t_count"": 16, ""rotations"": 16, ""d"": 9, ""dense_l"": 11.4691, ""redundant"": 7, ""obs_zero"": true, ""frame_l"": 7.4512, ""chi_bits"": 2, ""mps_l"": 11.2479, ""hsf_k"": 2, ""hsf_na"": 12, ""hsf_nb"": 12, ""hsf_l"": 25.0604, ""sup"": 23, ""chi_bits0"": 2, ""mps_l0"": 11.2479, ""hsf_keff"": 1, ""hsf_l0"": 26.0604, ""sparse_l"": 30.4512, ""sv_l"": 31.4512, ""feat_secs"": 0.005442, ""feat_secs_frame"": 0.000199, ""feat_secs_hsf"": 0.005195}"
ct,"ct:n=24,L=4,t=16,nn=1",1,"{""n"": 24.0, ""L"": 4.0, ""t"": 16.0, ""nn"": 1.0}",hsf,ok,0.073103,0.0807,271613952,6.716706573930585e-22,4,-9.98572435474015e-21,1.0657395012133209e-20,,"{""n"": 24, ""gates"": 175, ""g2"": 46, ""g3"": 0, ""depth2"": 4, ""t_count"": 16, ""rotations"": 16, ""d"": 9, ""dense_l"": 11.4691, ""redundant"": 7, ""obs_zero"": true, ""frame_l"": 7.4512, ""chi_bits"": 2, ""mps_l"": 11.2479, ""hsf_k"": 2, ""hsf_na"": 12, ""hsf_nb"": 12, ""hsf_l"": 25.0604, ""sup"": 23, ""chi_bits0"": 2, ""mps_l0"": 11.2479, ""hsf_keff"": 1, ""hsf_l0"": 26.0604, ""sparse_l"": 30.4512, ""sv_l"": 31.4512, ""feat_secs"": 0.005442, ""feat_secs_frame"": 0.000199, ""feat_secs_hsf"": 0.005195}"
ct,"ct:n=24,L=4,t=16,nn=1",1,"{""n"": 24.0, ""L"": 4.0, ""t"": 16.0, ""nn"": 1.0}",tableau,na,,0.0069,1851392,,,-9.98572435474015e-21,,"TooLarge { what: ""tableau (non-Clifford circuit)"", bytes: 0, limit: 0 }","{""n"": 24, ""gates"": 175, ""g2"": 46, ""g3"": 0, ""depth2"": 4, ""t_count"": 16, ""rotations"": 16, ""d"": 9, ""dense_l"": 11.4691, ""redundant"": 7, ""obs_zero"": true, ""frame_l"": 7.4512, ""chi_bits"": 2, ""mps_l"": 11.2479, ""hsf_k"": 2, ""hsf_na"": 12, ""hsf_nb"": 12, ""hsf_l"": 25.0604, ""sup"": 23, ""chi_bits0"": 2, ""mps_l0"": 11.2479, ""hsf_keff"": 1, ""hsf_l0"": 26.0604, ""sparse_l"": 30.4512, ""sv_l"": 31.4512, ""feat_secs"": 0.005442, ""feat_secs_frame"": 0.000199, ""feat_secs_hsf"": 0.005195}"
ct,"ct:n=24,L=4,t=16,nn=1",1,"{""n"": 24.0, ""L"": 4.0, ""t"": 16.0, ""nn"": 1.0}",frame,ok,0.000312,0.0079,2539520,-0.0,0,-9.98572435474015e-21,9.98572435474015e-21,switched_at=None dense_qubits=0 peak_terms=0 term_visits=0 dense_ops=0,"{""n"": 24, ""gates"": 175, ""g2"": 46, ""g3"": 0, ""depth2"": 4, ""t_count"": 16, ""rotations"": 16, ""d"": 9, ""dense_l"": 11.4691, ""redundant"": 7, ""obs_zero"": true, ""frame_l"": 7.4512, ""chi_bits"": 2, ""mps_l"": 11.2479, ""hsf_k"": 2, ""hsf_na"": 12, ""hsf_nb"": 12, ""hsf_l"": 25.0604, ""sup"": 23, ""chi_bits0"": 2, ""mps_l0"": 11.2479, ""hsf_keff"": 1, ""hsf_l0"": 26.0604, ""sparse_l"": 30.4512, ""sv_l"": 31.4512, ""feat_secs"": 0.005442, ""feat_secs_frame"": 0.000199, ""feat_secs_hsf"": 0.005195}"
ct,"ct:n=24,L=4,t=16,nn=1",1,"{""n"": 24.0, ""L"": 4.0, ""t"": 16.0, ""nn"": 1.0}",dense,ok,0.000172,0.0082,2195456,0.0,9,-9.98572435474015e-21,9.98572435474015e-21,switched_at=Some(15) dense_qubits=9 peak_terms=0 term_visits=0 dense_ops=2579,"{""n"": 24, ""gates"": 175, ""g2"": 46, ""g3"": 0, ""depth2"": 4, ""t_count"": 16, ""rotations"": 16, ""d"": 9, ""dense_l"": 11.4691, ""redundant"": 7, ""obs_zero"": true, ""frame_l"": 7.4512, ""chi_bits"": 2, ""mps_l"": 11.2479, ""hsf_k"": 2, ""hsf_na"": 12, ""hsf_nb"": 12, ""hsf_l"": 25.0604, ""sup"": 23, ""chi_bits0"": 2, ""mps_l0"": 11.2479, ""hsf_keff"": 1, ""hsf_l0"": 26.0604, ""sparse_l"": 30.4512, ""sv_l"": 31.4512, ""feat_secs"": 0.005442, ""feat_secs_frame"": 0.000199, ""feat_secs_hsf"": 0.005195}"
ct,"ct:n=24,L=4,t=16,nn=1",1,"{""n"": 24.0, ""L"": 4.0, ""t"": 16.0, ""nn"": 1.0}",auto,ok,0.000368,0.0080,2539520,-0.0,0,-9.98572435474015e-21,9.98572435474015e-21,switched_at=None dense_qubits=0 peak_terms=0 term_visits=0 dense_ops=0,"{""n"": 24, ""gates"": 175, ""g2"": 46, ""g3"": 0, ""depth2"": 4, ""t_count"": 16, ""rotations"": 16, ""d"": 9, ""dense_l"": 11.4691, ""redundant"": 7, ""obs_zero"": true, ""frame_l"": 7.4512, ""chi_bits"": 2, ""mps_l"": 11.2479, ""hsf_k"": 2, ""hsf_na"": 12, ""hsf_nb"": 12, ""hsf_l"": 25.0604, ""sup"": 23, ""chi_bits0"": 2, ""mps_l0"": 11.2479, ""hsf_keff"": 1, ""hsf_l0"": 26.0604, ""sparse_l"": 30.4512, ""sv_l"": 31.4512, ""feat_secs"": 0.005442, ""feat_secs_frame"": 0.000199, ""feat_secs_hsf"": 0.005195}"
ct,"ct:n=24,L=4,t=24,nn=1",1,"{""n"": 24.0, ""L"": 4.0, ""t"": 24.0, ""nn"": 1.0}",sv,ok,1.199005,1.2051,272400384,-1.307152162986922e-21,16777216,-1.307152162986922e-21,0.0,,"{""n"": 24, ""gates"": 192, ""g2"": 46, ""g3"": 0, ""depth2"": 4, ""t_count"": 24, ""rotations"": 24, ""d"": 13, ""dense_l"": 14.4916, ""redundant"": 11, ""obs_zero"": true, ""frame_l"": 7.585, ""chi_bits"": 2, ""mps_l"": 11.2668, ""hsf_k"": 2, ""hsf_na"": 12, ""hsf_nb"": 12, ""hsf_l"": 26.0661, ""sup"": 24, ""chi_bits0"": 2, ""mps_l0"": 11.2668, ""hsf_keff"": 2, ""hsf_l0"": 26.0661, ""sparse_l"": 31.585, ""sv_l"": 31.585, ""feat_secs"": 0.0055, ""feat_secs_frame"": 0.000222, ""feat_secs_hsf"": 0.005225}"
ct,"ct:n=24,L=4,t=24,nn=1",1,"{""n"": 24.0, ""L"": 4.0, ""t"": 24.0, ""nn"": 1.0}",sparse,timeout,,10.0106,1683210240,,,-1.307152162986922e-21,,timeout,"{""n"": 24, ""gates"": 192, ""g2"": 46, ""g3"": 0, ""depth2"": 4, ""t_count"": 24, ""rotations"": 24, ""d"": 13, ""dense_l"": 14.4916, ""redundant"": 11, ""obs_zero"": true, ""frame_l"": 7.585, ""chi_bits"": 2, ""mps_l"": 11.2668, ""hsf_k"": 2, ""hsf_na"": 12, ""hsf_nb"": 12, ""hsf_l"": 26.0661, ""sup"": 24, ""chi_bits0"": 2, ""mps_l0"": 11.2668, ""hsf_keff"": 2, ""hsf_l0"": 26.0661, ""sparse_l"": 31.585, ""sv_l"": 31.585, ""feat_secs"": 0.0055, ""feat_secs_frame"": 0.000222, ""feat_secs_hsf"": 0.005225}"
ct,"ct:n=24,L=4,t=24,nn=1",1,"{""n"": 24.0, ""L"": 4.0, ""t"": 24.0, ""nn"": 1.0}",mps,ok,0.000409,0.0074,2654208,-2.107070470030193e-48,4,-1.307152162986922e-21,1.307152162986922e-21,,"{""n"": 24, ""gates"": 192, ""g2"": 46, ""g3"": 0, ""depth2"": 4, ""t_count"": 24, ""rotations"": 24, ""d"": 13, ""dense_l"": 14.4916, ""redundant"": 11, ""obs_zero"": true, ""frame_l"": 7.585, ""chi_bits"": 2, ""mps_l"": 11.2668, ""hsf_k"": 2, ""hsf_na"": 12, ""hsf_nb"": 12, ""hsf_l"": 26.0661, ""sup"": 24, ""chi_bits0"": 2, ""mps_l0"": 11.2668, ""hsf_keff"": 2, ""hsf_l0"": 26.0661, ""sparse_l"": 31.585, ""sv_l"": 31.585, ""feat_secs"": 0.0055, ""feat_secs_frame"": 0.000222, ""feat_secs_hsf"": 0.005225}"
ct,"ct:n=24,L=4,t=24,nn=1",1,"{""n"": 24.0, ""L"": 4.0, ""t"": 24.0, ""nn"": 1.0}",hsf,ok,0.122552,0.1295,271990784,-5.46462396022438e-20,4,-1.307152162986922e-21,5.3339087439256884e-20,,"{""n"": 24, ""gates"": 192, ""g2"": 46, ""g3"": 0, ""depth2"": 4, ""t_count"": 24, ""rotations"": 24, ""d"": 13, ""dense_l"": 14.4916, ""redundant"": 11, ""obs_zero"": true, ""frame_l"": 7.585, ""chi_bits"": 2, ""mps_l"": 11.2668, ""hsf_k"": 2, ""hsf_na"": 12, ""hsf_nb"": 12, ""hsf_l"": 26.0661, ""sup"": 24, ""chi_bits0"": 2, ""mps_l0"": 11.2668, ""hsf_keff"": 2, ""hsf_l0"": 26.0661, ""sparse_l"": 31.585, ""sv_l"": 31.585, ""feat_secs"": 0.0055, ""feat_secs_frame"": 0.000222, ""feat_secs_hsf"": 0.005225}"
ct,"ct:n=24,L=4,t=24,nn=1",1,"{""n"": 24.0, ""L"": 4.0, ""t"": 24.0, ""nn"": 1.0}",tableau,na,,0.0081,1851392,,,-1.307152162986922e-21,,"TooLarge { what: ""tableau (non-Clifford circuit)"", bytes: 0, limit: 0 }","{""n"": 24, ""gates"": 192, ""g2"": 46, ""g3"": 0, ""depth2"": 4, ""t_count"": 24, ""rotations"": 24, ""d"": 13, ""dense_l"": 14.4916, ""redundant"": 11, ""obs_zero"": true, ""frame_l"": 7.585, ""chi_bits"": 2, ""mps_l"": 11.2668, ""hsf_k"": 2, ""hsf_na"": 12, ""hsf_nb"": 12, ""hsf_l"": 26.0661, ""sup"": 24, ""chi_bits0"": 2, ""mps_l0"": 11.2668, ""hsf_keff"": 2, ""hsf_l0"": 26.0661, ""sparse_l"": 31.585, ""sv_l"": 31.585, ""feat_secs"": 0.0055, ""feat_secs_frame"": 0.000222, ""feat_secs_hsf"": 0.005225}"
ct,"ct:n=24,L=4,t=24,nn=1",1,"{""n"": 24.0, ""L"": 4.0, ""t"": 24.0, ""nn"": 1.0}",frame,ok,0.000367,0.0083,2523136,-0.0,0,-1.307152162986922e-21,1.307152162986922e-21,switched_at=None dense_qubits=0 peak_terms=0 term_visits=0 dense_ops=0,"{""n"": 24, ""gates"": 192, ""g2"": 46, ""g3"": 0, ""depth2"": 4, ""t_count"": 24, ""rotations"": 24, ""d"": 13, ""dense_l"": 14.4916, ""redundant"": 11, ""obs_zero"": true, ""frame_l"": 7.585, ""chi_bits"": 2, ""mps_l"": 11.2668, ""hsf_k"": 2, ""hsf_na"": 12, ""hsf_nb"": 12, ""hsf_l"": 26.0661, ""sup"": 24, ""chi_bits0"": 2, ""mps_l0"": 11.2668, ""hsf_keff"": 2, ""hsf_l0"": 26.0661, ""sparse_l"": 31.585, ""sv_l"": 31.585, ""feat_secs"": 0.0055, ""feat_secs_frame"": 0.000222, ""feat_secs_hsf"": 0.005225}"
ct,"ct:n=24,L=4,t=24,nn=1",1,"{""n"": 24.0, ""L"": 4.0, ""t"": 24.0, ""nn"": 1.0}",dense,ok,0.000212,0.0070,2342912,0.0,13,-1.307152162986922e-21,1.307152162986922e-21,switched_at=Some(22) dense_qubits=13 peak_terms=0 term_visits=0 dense_ops=22716,"{""n"": 24, ""gates"": 192, ""g2"": 46, ""g3"": 0, ""depth2"": 4, ""t_count"": 24, ""rotations"": 24, ""d"": 13, ""dense_l"": 14.4916, ""redundant"": 11, ""obs_zero"": true, ""frame_l"": 7.585, ""chi_bits"": 2, ""mps_l"": 11.2668, ""hsf_k"": 2, ""hsf_na"": 12, ""hsf_nb"": 12, ""hsf_l"": 26.0661, ""sup"": 24, ""chi_bits0"": 2, ""mps_l0"": 11.2668, ""hsf_keff"": 2, ""hsf_l0"": 26.0661, ""sparse_l"": 31.585, ""sv_l"": 31.585, ""feat_secs"": 0.0055, ""feat_secs_frame"": 0.000222, ""feat_secs_hsf"": 0.005225}"
ct,"ct:n=24,L=4,t=24,nn=1",1,"{""n"": 24.0, ""L"": 4.0, ""t"": 24.0, ""nn"": 1.0}",auto,ok,0.000364,0.0077,2523136,-0.0,0,-1.307152162986922e-21,1.307152162986922e-21,switched_at=None dense_qubits=0 peak_terms=0 term_visits=0 dense_ops=0,"{""n"": 24, ""gates"": 192, ""g2"": 46, ""g3"": 0, ""depth2"": 4, ""t_count"": 24, ""rotations"": 24, ""d"": 13, ""dense_l"": 14.4916, ""redundant"": 11, ""obs_zero"": true, ""frame_l"": 7.585, ""chi_bits"": 2, ""mps_l"": 11.2668, ""hsf_k"": 2, ""hsf_na"": 12, ""hsf_nb"": 12, ""hsf_l"": 26.0661, ""sup"": 24, ""chi_bits0"": 2, ""mps_l0"": 11.2668, ""hsf_keff"": 2, ""hsf_l0"": 26.0661, ""sparse_l"": 31.585, ""sv_l"": 31.585, ""feat_secs"": 0.0055, ""feat_secs_frame"": 0.000222, ""feat_secs_hsf"": 0.005225}"
ct,"ct:n=24,L=4,t=32,nn=1",1,"{""n"": 24.0, ""L"": 4.0, ""t"": 32.0, ""nn"": 1.0}",sv,ok,1.174054,1.1794,272351232,-1.038628656636895e-21,16777216,-1.038628656636895e-21,0.0,,"{""n"": 24, ""gates"": 208, ""g2"": 46, ""g3"": 0, ""depth2"": 4, ""t_count"": 32, ""rotations"": 32, ""d"": 19, ""dense_l"": 20.4793, ""redundant"": 13, ""obs_zero"": true, ""frame_l"": 7.7004, ""chi_bits"": 2, ""mps_l"": 11.29, ""hsf_k"": 2, ""hsf_na"": 12, ""hsf_nb"": 12, ""hsf_l"": 26.0715, ""sup"": 24, ""chi_bits0"": 2, ""mps_l0"": 11.29, ""hsf_keff"": 2, ""hsf_l0"": 26.0715, ""sparse_l"": 31.7004, ""sv_l"": 31.7004, ""feat_secs"": 0.005575, ""feat_secs_frame"": 0.000222, ""feat_secs_hsf"": 0.005282}"
ct,"ct:n=24,L=4,t=32,nn=1",1,"{""n"": 24.0, ""L"": 4.0, ""t"": 32.0, ""nn"": 1.0}",sparse,skipped,,,,,,-1.038628656636895e-21,,,"{""n"": 24, ""gates"": 208, ""g2"": 46, ""g3"": 0, ""depth2"": 4, ""t_count"": 32, ""rotations"": 32, ""d"": 19, ""dense_l"": 20.4793, ""redundant"": 13, ""obs_zero"": true, ""frame_l"": 7.7004, ""chi_bits"": 2, ""mps_l"": 11.29, ""hsf_k"": 2, ""hsf_na"": 12, ""hsf_nb"": 12, ""hsf_l"": 26.0715, ""sup"": 24, ""chi_bits0"": 2, ""mps_l0"": 11.29, ""hsf_keff"": 2, ""hsf_l0"": 26.0715, ""sparse_l"": 31.7004, ""sv_l"": 31.7004, ""feat_secs"": 0.005575, ""feat_secs_frame"": 0.000222, ""feat_secs_hsf"": 0.005282}"
ct,"ct:n=24,L=4,t=32,nn=1",1,"{""n"": 24.0, ""L"": 4.0, ""t"": 32.0, ""nn"": 1.0}",mps,ok,0.000452,0.0068,2605056,2.014132648119059e-49,4,-1.038628656636895e-21,1.038628656636895e-21,,"{""n"": 24, ""gates"": 208, ""g2"": 46, ""g3"": 0, ""depth2"": 4, ""t_count"": 32, ""rotations"": 32, ""d"": 19, ""dense_l"": 20.4793, ""redundant"": 13, ""obs_zero"": true, ""frame_l"": 7.7004, ""chi_bits"": 2, ""mps_l"": 11.29, ""hsf_k"": 2, ""hsf_na"": 12, ""hsf_nb"": 12, ""hsf_l"": 26.0715, ""sup"": 24, ""chi_bits0"": 2, ""mps_l0"": 11.29, ""hsf_keff"": 2, ""hsf_l0"": 26.0715, ""sparse_l"": 31.7004, ""sv_l"": 31.7004, ""feat_secs"": 0.005575, ""feat_secs_frame"": 0.000222, ""feat_secs_hsf"": 0.005282}"
ct,"ct:n=24,L=4,t=32,nn=1",1,"{""n"": 24.0, ""L"": 4.0, ""t"": 32.0, ""nn"": 1.0}",hsf,ok,0.127593,0.1335,271974400,-1.408285332629187e-20,4,-1.038628656636895e-21,1.3044224669654976e-20,,"{""n"": 24, ""gates"": 208, ""g2"": 46, ""g3"": 0, ""depth2"": 4, ""t_count"": 32, ""rotations"": 32, ""d"": 19, ""dense_l"": 20.4793, ""redundant"": 13, ""obs_zero"": true, ""frame_l"": 7.7004, ""chi_bits"": 2, ""mps_l"": 11.29, ""hsf_k"": 2, ""hsf_na"": 12, ""hsf_nb"": 12, ""hsf_l"": 26.0715, ""sup"": 24, ""chi_bits0"": 2, ""mps_l0"": 11.29, ""hsf_keff"": 2, ""hsf_l0"": 26.0715, ""sparse_l"": 31.7004, ""sv_l"": 31.7004, ""feat_secs"": 0.005575, ""feat_secs_frame"": 0.000222, ""feat_secs_hsf"": 0.005282}"
ct,"ct:n=24,L=4,t=32,nn=1",1,"{""n"": 24.0, ""L"": 4.0, ""t"": 32.0, ""nn"": 1.0}",tableau,na,,0.0072,1867776,,,-1.038628656636895e-21,,"TooLarge { what: ""tableau (non-Clifford circuit)"", bytes: 0, limit: 0 }","{""n"": 24, ""gates"": 208, ""g2"": 46, ""g3"": 0, ""depth2"": 4, ""t_count"": 32, ""rotations"": 32, ""d"": 19, ""dense_l"": 20.4793, ""redundant"": 13, ""obs_zero"": true, ""frame_l"": 7.7004, ""chi_bits"": 2, ""mps_l"": 11.29, ""hsf_k"": 2, ""hsf_na"": 12, ""hsf_nb"": 12, ""hsf_l"": 26.0715, ""sup"": 24, ""chi_bits0"": 2, ""mps_l0"": 11.29, ""hsf_keff"": 2, ""hsf_l0"": 26.0715, ""sparse_l"": 31.7004, ""sv_l"": 31.7004, ""feat_secs"": 0.005575, ""feat_secs_frame"": 0.000222, ""feat_secs_hsf"": 0.005282}"
ct,"ct:n=24,L=4,t=32,nn=1",1,"{""n"": 24.0, ""L"": 4.0, ""t"": 32.0, ""nn"": 1.0}",frame,ok,0.000273,0.0074,2523136,-0.0,0,-1.038628656636895e-21,1.038628656636895e-21,switched_at=None dense_qubits=0 peak_terms=0 term_visits=0 dense_ops=0,"{""n"": 24, ""gates"": 208, ""g2"": 46, ""g3"": 0, ""depth2"": 4, ""t_count"": 32, ""rotations"": 32, ""d"": 19, ""dense_l"": 20.4793, ""redundant"": 13, ""obs_zero"": true, ""frame_l"": 7.7004, ""chi_bits"": 2, ""mps_l"": 11.29, ""hsf_k"": 2, ""hsf_na"": 12, ""hsf_nb"": 12, ""hsf_l"": 26.0715, ""sup"": 24, ""chi_bits0"": 2, ""mps_l0"": 11.29, ""hsf_keff"": 2, ""hsf_l0"": 26.0715, ""sparse_l"": 31.7004, ""sv_l"": 31.7004, ""feat_secs"": 0.005575, ""feat_secs_frame"": 0.000222, ""feat_secs_hsf"": 0.005282}"
ct,"ct:n=24,L=4,t=32,nn=1",1,"{""n"": 24.0, ""L"": 4.0, ""t"": 32.0, ""nn"": 1.0}",dense,ok,0.003091,0.0078,11010048,0.0,19,-1.038628656636895e-21,1.038628656636895e-21,switched_at=Some(28) dense_qubits=19 peak_terms=0 term_visits=0 dense_ops=1148418,"{""n"": 24, ""gates"": 208, ""g2"": 46, ""g3"": 0, ""depth2"": 4, ""t_count"": 32, ""rotations"": 32, ""d"": 19, ""dense_l"": 20.4793, ""redundant"": 13, ""obs_zero"": true, ""frame_l"": 7.7004, ""chi_bits"": 2, ""mps_l"": 11.29, ""hsf_k"": 2, ""hsf_na"": 12, ""hsf_nb"": 12, ""hsf_l"": 26.0715, ""sup"": 24, ""chi_bits0"": 2, ""mps_l0"": 11.29, ""hsf_keff"": 2, ""hsf_l0"": 26.0715, ""sparse_l"": 31.7004, ""sv_l"": 31.7004, ""feat_secs"": 0.005575, ""feat_secs_frame"": 0.000222, ""feat_secs_hsf"": 0.005282}"
ct,"ct:n=24,L=4,t=32,nn=1",1,"{""n"": 24.0, ""L"": 4.0, ""t"": 32.0, ""nn"": 1.0}",auto,ok,0.000317,0.0078,2523136,-0.0,0,-1.038628656636895e-21,1.038628656636895e-21,switched_at=None dense_qubits=0 peak_terms=0 term_visits=0 dense_ops=0,"{""n"": 24, ""gates"": 208, ""g2"": 46, ""g3"": 0, ""depth2"": 4, ""t_count"": 32, ""rotations"": 32, ""d"": 19, ""dense_l"": 20.4793, ""redundant"": 13, ""obs_zero"": true, ""frame_l"": 7.7004, ""chi_bits"": 2, ""mps_l"": 11.29, ""hsf_k"": 2, ""hsf_na"": 12, ""hsf_nb"": 12, ""hsf_l"": 26.0715, ""sup"": 24, ""chi_bits0"": 2, ""mps_l0"": 11.29, ""hsf_keff"": 2, ""hsf_l0"": 26.0715, ""sparse_l"": 31.7004, ""sv_l"": 31.7004, ""feat_secs"": 0.005575, ""feat_secs_frame"": 0.000222, ""feat_secs_hsf"": 0.005282}"
ct,"ct:n=24,L=4,t=48,nn=1",1,"{""n"": 24.0, ""L"": 4.0, ""t"": 48.0, ""nn"": 1.0}",sv,ok,1.337474,1.3441,272400384,1.629876678974486e-20,16777216,1.629876678974486e-20,0.0,,"{""n"": 24, ""gates"": 240, ""g2"": 46, ""g3"": 0, ""depth2"": 4, ""t_count"": 48, ""rotations"": 48, ""d"": 22, ""dense_l"": 23.9667, ""redundant"": 26, ""obs_zero"": true, ""frame_l"": 7.9069, ""chi_bits"": 2, ""mps_l"": 11.3945, ""hsf_k"": 2, ""hsf_na"": 12, ""hsf_nb"": 12, ""hsf_l"": 26.0821, ""sup"": 24, ""chi_bits0"": 2, ""mps_l0"": 11.3945, ""hsf_keff"": 2, ""hsf_l0"": 26.0821, ""sparse_l"": 31.9069, ""sv_l"": 31.9069, ""feat_secs"": 0.010557, ""feat_secs_frame"": 0.000424, ""feat_secs_hsf"": 0.010021}"
ct,"ct:n=24,L=4,t=48,nn=1",1,"{""n"": 24.0, ""L"": 4.0, ""t"": 48.0, ""nn"": 1.0}",sparse,skipped,,,,,,1.629876678974486e-20,,,"{""n"": 24, ""gates"": 240, ""g2"": 46, ""g3"": 0, ""depth2"": 4, ""t_count"": 48, ""rotations"": 48, ""d"": 22, ""dense_l"": 23.9667, ""redundant"": 26, ""obs_zero"": true, ""frame_l"": 7.9069, ""chi_bits"": 2, ""mps_l"": 11.3945, ""hsf_k"": 2, ""hsf_na"": 12, ""hsf_nb"": 12, ""hsf_l"": 26.0821, ""sup"": 24, ""chi_bits0"": 2, ""mps_l0"": 11.3945, ""hsf_keff"": 2, ""hsf_l0"": 26.0821, ""sparse_l"": 31.9069, ""sv_l"": 31.9069, ""feat_secs"": 0.010557, ""feat_secs_frame"": 0.000424, ""feat_secs_hsf"": 0.010021}"
ct,"ct:n=24,L=4,t=48,nn=1",1,"{""n"": 24.0, ""L"": 4.0, ""t"": 48.0, ""nn"": 1.0}",mps,ok,0.000361,0.0046,2637824,-9.103106807905869e-80,4,1.629876678974486e-20,1.629876678974486e-20,,"{""n"": 24, ""gates"": 240, ""g2"": 46, ""g3"": 0, ""depth2"": 4, ""t_count"": 48, ""rotations"": 48, ""d"": 22, ""dense_l"": 23.9667, ""redundant"": 26, ""obs_zero"": true, ""frame_l"": 7.9069, ""chi_bits"": 2, ""mps_l"": 11.3945, ""hsf_k"": 2, ""hsf_na"": 12, ""hsf_nb"": 12, ""hsf_l"": 26.0821, ""sup"": 24, ""chi_bits0"": 2, ""mps_l0"": 11.3945, ""hsf_keff"": 2, ""hsf_l0"": 26.0821, ""sparse_l"": 31.9069, ""sv_l"": 31.9069, ""feat_secs"": 0.010557, ""feat_secs_frame"": 0.000424, ""feat_secs_hsf"": 0.010021}"
ct,"ct:n=24,L=4,t=48,nn=1",1,"{""n"": 24.0, ""L"": 4.0, ""t"": 48.0, ""nn"": 1.0}",hsf,ok,0.12898,0.1336,271990784,-1.712594740229788e-20,4,1.629876678974486e-20,3.342471419204274e-20,,"{""n"": 24, ""gates"": 240, ""g2"": 46, ""g3"": 0, ""depth2"": 4, ""t_count"": 48, ""rotations"": 48, ""d"": 22, ""dense_l"": 23.9667, ""redundant"": 26, ""obs_zero"": true, ""frame_l"": 7.9069, ""chi_bits"": 2, ""mps_l"": 11.3945, ""hsf_k"": 2, ""hsf_na"": 12, ""hsf_nb"": 12, ""hsf_l"": 26.0821, ""sup"": 24, ""chi_bits0"": 2, ""mps_l0"": 11.3945, ""hsf_keff"": 2, ""hsf_l0"": 26.0821, ""sparse_l"": 31.9069, ""sv_l"": 31.9069, ""feat_secs"": 0.010557, ""feat_secs_frame"": 0.000424, ""feat_secs_hsf"": 0.010021}"
ct,"ct:n=24,L=4,t=48,nn=1",1,"{""n"": 24.0, ""L"": 4.0, ""t"": 48.0, ""nn"": 1.0}",tableau,na,,0.0072,1851392,,,1.629876678974486e-20,,"TooLarge { what: ""tableau (non-Clifford circuit)"", bytes: 0, limit: 0 }","{""n"": 24, ""gates"": 240, ""g2"": 46, ""g3"": 0, ""depth2"": 4, ""t_count"": 48, ""rotations"": 48, ""d"": 22, ""dense_l"": 23.9667, ""redundant"": 26, ""obs_zero"": true, ""frame_l"": 7.9069, ""chi_bits"": 2, ""mps_l"": 11.3945, ""hsf_k"": 2, ""hsf_na"": 12, ""hsf_nb"": 12, ""hsf_l"": 26.0821, ""sup"": 24, ""chi_bits0"": 2, ""mps_l0"": 11.3945, ""hsf_keff"": 2, ""hsf_l0"": 26.0821, ""sparse_l"": 31.9069, ""sv_l"": 31.9069, ""feat_secs"": 0.010557, ""feat_secs_frame"": 0.000424, ""feat_secs_hsf"": 0.010021}"
ct,"ct:n=24,L=4,t=48,nn=1",1,"{""n"": 24.0, ""L"": 4.0, ""t"": 48.0, ""nn"": 1.0}",frame,ok,0.000299,0.0076,2539520,-0.0,0,1.629876678974486e-20,1.629876678974486e-20,switched_at=None dense_qubits=0 peak_terms=0 term_visits=0 dense_ops=0,"{""n"": 24, ""gates"": 240, ""g2"": 46, ""g3"": 0, ""depth2"": 4, ""t_count"": 48, ""rotations"": 48, ""d"": 22, ""dense_l"": 23.9667, ""redundant"": 26, ""obs_zero"": true, ""frame_l"": 7.9069, ""chi_bits"": 2, ""mps_l"": 11.3945, ""hsf_k"": 2, ""hsf_na"": 12, ""hsf_nb"": 12, ""hsf_l"": 26.0821, ""sup"": 24, ""chi_bits0"": 2, ""mps_l0"": 11.3945, ""hsf_keff"": 2, ""hsf_l0"": 26.0821, ""sparse_l"": 31.9069, ""sv_l"": 31.9069, ""feat_secs"": 0.010557, ""feat_secs_frame"": 0.000424, ""feat_secs_hsf"": 0.010021}"
ct,"ct:n=24,L=4,t=48,nn=1",1,"{""n"": 24.0, ""L"": 4.0, ""t"": 48.0, ""nn"": 1.0}",dense,ok,0.028443,0.0345,69894144,0.0,22,1.629876678974486e-20,1.629876678974486e-20,switched_at=Some(44) dense_qubits=22 peak_terms=0 term_visits=0 dense_ops=16179754,"{""n"": 24, ""gates"": 240, ""g2"": 46, ""g3"": 0, ""depth2"": 4, ""t_count"": 48, ""rotations"": 48, ""d"": 22, ""dense_l"": 23.9667, ""redundant"": 26, ""obs_zero"": true, ""frame_l"": 7.9069, ""chi_bits"": 2, ""mps_l"": 11.3945, ""hsf_k"": 2, ""hsf_na"": 12, ""hsf_nb"": 12, ""hsf_l"": 26.0821, ""sup"": 24, ""chi_bits0"": 2, ""mps_l0"": 11.3945, ""hsf_keff"": 2, ""hsf_l0"": 26.0821, ""sparse_l"": 31.9069, ""sv_l"": 31.9069, ""feat_secs"": 0.010557, ""feat_secs_frame"": 0.000424, ""feat_secs_hsf"": 0.010021}"
ct,"ct:n=24,L=4,t=48,nn=1",1,"{""n"": 24.0, ""L"": 4.0, ""t"": 48.0, ""nn"": 1.0}",auto,ok,0.000342,0.0076,2523136,-0.0,0,1.629876678974486e-20,1.629876678974486e-20,switched_at=None dense_qubits=0 peak_terms=0 term_visits=0 dense_ops=0,"{""n"": 24, ""gates"": 240, ""g2"": 46, ""g3"": 0, ""depth2"": 4, ""t_count"": 48, ""rotations"": 48, ""d"": 22, ""dense_l"": 23.9667, ""redundant"": 26, ""obs_zero"": true, ""frame_l"": 7.9069, ""chi_bits"": 2, ""mps_l"": 11.3945, ""hsf_k"": 2, ""hsf_na"": 12, ""hsf_nb"": 12, ""hsf_l"": 26.0821, ""sup"": 24, ""chi_bits0"": 2, ""mps_l0"": 11.3945, ""hsf_keff"": 2, ""hsf_l0"": 26.0821, ""sparse_l"": 31.9069, ""sv_l"": 31.9069, ""feat_secs"": 0.010557, ""feat_secs_frame"": 0.000424, ""feat_secs_hsf"": 0.010021}"
ct,"ct:n=24,L=4,t=64,nn=1",1,"{""n"": 24.0, ""L"": 4.0, ""t"": 64.0, ""nn"": 1.0}",sv,ok,1.410062,1.4174,272416768,-2.788855978834784e-19,16777216,-2.788855978834784e-19,0.0,,"{""n"": 24, ""gates"": 269, ""g2"": 46, ""g3"": 0, ""depth2"": 4, ""t_count"": 64, ""rotations"": 64, ""d"": 23, ""dense_l"": 26.5266, ""redundant"": 41, ""obs_zero"": false, ""frame_l"": 26.5, ""chi_bits"": 2, ""mps_l"": 11.432, ""hsf_k"": 2, ""hsf_na"": 12, ""hsf_nb"": 12, ""hsf_l"": 26.0918, ""sup"": 24, ""chi_bits0"": 2, ""mps_l0"": 11.432, ""hsf_keff"": 2, ""hsf_l0"": 26.0918, ""sparse_l"": 32.0715, ""sv_l"": 32.0715, ""feat_secs"": 0.010551, ""feat_secs_frame"": 0.000453, ""feat_secs_hsf"": 0.009971}"
ct,"ct:n=24,L=4,t=64,nn=1",1,"{""n"": 24.0, ""L"": 4.0, ""t"": 64.0, ""nn"": 1.0}",sparse,skipped,,,,,,-2.788855978834784e-19,,,"{""n"": 24, ""gates"": 269, ""g2"": 46, ""g3"": 0, ""depth2"": 4, ""t_count"": 64, ""rotations"": 64, ""d"": 23, ""dense_l"": 26.5266, ""redundant"": 41, ""obs_zero"": false, ""frame_l"": 26.5, ""chi_bits"": 2, ""mps_l"": 11.432, ""hsf_k"": 2, ""hsf_na"": 12, ""hsf_nb"": 12, ""hsf_l"": 26.0918, ""sup"": 24, ""chi_bits0"": 2, ""mps_l0"": 11.432, ""hsf_keff"": 2, ""hsf_l0"": 26.0918, ""sparse_l"": 32.0715, ""sv_l"": 32.0715, ""feat_secs"": 0.010551, ""feat_secs_frame"": 0.000453, ""feat_secs_hsf"": 0.009971}"
ct,"ct:n=24,L=4,t=64,nn=1",1,"{""n"": 24.0, ""L"": 4.0, ""t"": 64.0, ""nn"": 1.0}",mps,ok,0.000418,0.0076,2654208,-3.271869486461106e-19,4,-2.788855978834784e-19,4.8301350762632205e-20,,"{""n"": 24, ""gates"": 269, ""g2"": 46, ""g3"": 0, ""depth2"": 4, ""t_count"": 64, ""rotations"": 64, ""d"": 23, ""dense_l"": 26.5266, ""redundant"": 41, ""obs_zero"": false, ""frame_l"": 26.5, ""chi_bits"": 2, ""mps_l"": 11.432, ""hsf_k"": 2, ""hsf_na"": 12, ""hsf_nb"": 12, ""hsf_l"": 26.0918, ""sup"": 24, ""chi_bits0"": 2, ""mps_l0"": 11.432, ""hsf_keff"": 2, ""hsf_l0"": 26.0918, ""sparse_l"": 32.0715, ""sv_l"": 32.0715, ""feat_secs"": 0.010551, ""feat_secs_frame"": 0.000453, ""feat_secs_hsf"": 0.009971}"
ct,"ct:n=24,L=4,t=64,nn=1",1,"{""n"": 24.0, ""L"": 4.0, ""t"": 64.0, ""nn"": 1.0}",hsf,ok,0.125213,0.1311,271990784,-3.5331861812345e-19,4,-2.788855978834784e-19,7.44330202399716e-20,,"{""n"": 24, ""gates"": 269, ""g2"": 46, ""g3"": 0, ""depth2"": 4, ""t_count"": 64, ""rotations"": 64, ""d"": 23, ""dense_l"": 26.5266, ""redundant"": 41, ""obs_zero"": false, ""frame_l"": 26.5, ""chi_bits"": 2, ""mps_l"": 11.432, ""hsf_k"": 2, ""hsf_na"": 12, ""hsf_nb"": 12, ""hsf_l"": 26.0918, ""sup"": 24, ""chi_bits0"": 2, ""mps_l0"": 11.432, ""hsf_keff"": 2, ""hsf_l0"": 26.0918, ""sparse_l"": 32.0715, ""sv_l"": 32.0715, ""feat_secs"": 0.010551, ""feat_secs_frame"": 0.000453, ""feat_secs_hsf"": 0.009971}"
ct,"ct:n=24,L=4,t=64,nn=1",1,"{""n"": 24.0, ""L"": 4.0, ""t"": 64.0, ""nn"": 1.0}",tableau,na,,0.0045,1867776,,,-2.788855978834784e-19,,"TooLarge { what: ""tableau (non-Clifford circuit)"", bytes: 0, limit: 0 }","{""n"": 24, ""gates"": 269, ""g2"": 46, ""g3"": 0, ""depth2"": 4, ""t_count"": 64, ""rotations"": 64, ""d"": 23, ""dense_l"": 26.5266, ""redundant"": 41, ""obs_zero"": false, ""frame_l"": 26.5, ""chi_bits"": 2, ""mps_l"": 11.432, ""hsf_k"": 2, ""hsf_na"": 12, ""hsf_nb"": 12, ""hsf_l"": 26.0918, ""sup"": 24, ""chi_bits0"": 2, ""mps_l0"": 11.432, ""hsf_keff"": 2, ""hsf_l0"": 26.0918, ""sparse_l"": 32.0715, ""sv_l"": 32.0715, ""feat_secs"": 0.010551, ""feat_secs_frame"": 0.000453, ""feat_secs_hsf"": 0.009971}"
ct,"ct:n=24,L=4,t=64,nn=1",1,"{""n"": 24.0, ""L"": 4.0, ""t"": 64.0, ""nn"": 1.0}",frame,ok,0.000827,0.0080,2670592,-0.0,144,-2.788855978834784e-19,2.788855978834784e-19,switched_at=None dense_qubits=0 peak_terms=144 term_visits=481 dense_ops=0,"{""n"": 24, ""gates"": 269, ""g2"": 46, ""g3"": 0, ""depth2"": 4, ""t_count"": 64, ""rotations"": 64, ""d"": 23, ""dense_l"": 26.5266, ""redundant"": 41, ""obs_zero"": false, ""frame_l"": 26.5, ""chi_bits"": 2, ""mps_l"": 11.432, ""hsf_k"": 2, ""hsf_na"": 12, ""hsf_nb"": 12, ""hsf_l"": 26.0918, ""sup"": 24, ""chi_bits0"": 2, ""mps_l0"": 11.432, ""hsf_keff"": 2, ""hsf_l0"": 26.0918, ""sparse_l"": 32.0715, ""sv_l"": 32.0715, ""feat_secs"": 0.010551, ""feat_secs_frame"": 0.000453, ""feat_secs_hsf"": 0.009971}"
ct,"ct:n=24,L=4,t=64,nn=1",1,"{""n"": 24.0, ""L"": 4.0, ""t"": 64.0, ""nn"": 1.0}",dense,ok,0.153372,0.1610,137379840,1.189846966134392e-20,23,-2.788855978834784e-19,2.907840675448223e-19,switched_at=Some(57) dense_qubits=23 peak_terms=1 term_visits=0 dense_ops=91149110,"{""n"": 24, ""gates"": 269, ""g2"": 46, ""g3"": 0, ""depth2"": 4, ""t_count"": 64, ""rotations"": 64, ""d"": 23, ""dense_l"": 26.5266, ""redundant"": 41, ""obs_zero"": false, ""frame_l"": 26.5, ""chi_bits"": 2, ""mps_l"": 11.432, ""hsf_k"": 2, ""hsf_na"": 12, ""hsf_nb"": 12, ""hsf_l"": 26.0918, ""sup"": 24, ""chi_bits0"": 2, ""mps_l0"": 11.432, ""hsf_keff"": 2, ""hsf_l0"": 26.0918, ""sparse_l"": 32.0715, ""sv_l"": 32.0715, ""feat_secs"": 0.010551, ""feat_secs_frame"": 0.000453, ""feat_secs_hsf"": 0.009971}"
ct,"ct:n=24,L=4,t=64,nn=1",1,"{""n"": 24.0, ""L"": 4.0, ""t"": 64.0, ""nn"": 1.0}",auto,ok,0.001144,0.0063,2670592,-0.0,0,-2.788855978834784e-19,2.788855978834784e-19,switched_at=None dense_qubits=0 peak_terms=144 term_visits=481 dense_ops=0,"{""n"": 24, ""gates"": 269, ""g2"": 46, ""g3"": 0, ""depth2"": 4, ""t_count"": 64, ""rotations"": 64, ""d"": 23, ""dense_l"": 26.5266, ""redundant"": 41, ""obs_zero"": false, ""frame_l"": 26.5, ""chi_bits"": 2, ""mps_l"": 11.432, ""hsf_k"": 2, ""hsf_na"": 12, ""hsf_nb"": 12, ""hsf_l"": 26.0918, ""sup"": 24, ""chi_bits0"": 2, ""mps_l0"": 11.432, ""hsf_keff"": 2, ""hsf_l0"": 26.0918, ""sparse_l"": 32.0715, ""sv_l"": 32.0715, ""feat_secs"": 0.010551, ""feat_secs_frame"": 0.000453, ""feat_secs_hsf"": 0.009971}"
ct,"ct:n=24,L=8,t=0,nn=1",1,"{""n"": 24.0, ""L"": 8.0, ""t"": 0.0, ""nn"": 1.0}",sv,ok,1.948875,1.9540,272515072,0.0,16777216,0.0,0.0,,"{""n"": 24, ""gates"": 288, ""g2"": 92, ""g3"": 0, ""depth2"": 8, ""t_count"": 0, ""rotations"": 0, ""d"": 0, ""dense_l"": 0.0, ""redundant"": 0, ""obs_zero"": true, ""frame_l"": 8.1699, ""chi_bits"": 4, ""mps_l"": 16.4606, ""hsf_k"": 4, ""hsf_na"": 12, ""hsf_nb"": 12, ""hsf_l"": 28.098, ""sup"": 24, ""chi_bits0"": 4, ""mps_l0"": 16.4606, ""hsf_keff"": 4, ""hsf_l0"": 28.098, ""sparse_l"": 32.1699, ""sv_l"": 32.1699, ""feat_secs"": 0.01049, ""feat_secs_frame"": 0.000536, ""feat_secs_hsf"": 0.009829}"
ct,"ct:n=24,L=8,t=0,nn=1",1,"{""n"": 24.0, ""L"": 8.0, ""t"": 0.0, ""nn"": 1.0}",sparse,timeout,,10.0051,1683488768,,,0.0,,timeout,"{""n"": 24, ""gates"": 288, ""g2"": 92, ""g3"": 0, ""depth2"": 8, ""t_count"": 0, ""rotations"": 0, ""d"": 0, ""dense_l"": 0.0, ""redundant"": 0, ""obs_zero"": true, ""frame_l"": 8.1699, ""chi_bits"": 4, ""mps_l"": 16.4606, ""hsf_k"": 4, ""hsf_na"": 12, ""hsf_nb"": 12, ""hsf_l"": 28.098, ""sup"": 24, ""chi_bits0"": 4, ""mps_l0"": 16.4606, ""hsf_keff"": 4, ""hsf_l0"": 28.098, ""sparse_l"": 32.1699, ""sv_l"": 32.1699, ""feat_secs"": 0.01049, ""feat_secs_frame"": 0.000536, ""feat_secs_hsf"": 0.009829}"
ct,"ct:n=24,L=8,t=0,nn=1",1,"{""n"": 24.0, ""L"": 8.0, ""t"": 0.0, ""nn"": 1.0}",mps,ok,0.000815,0.0081,2883584,1.082152725851111e-78,8,0.0,1.082152725851111e-78,,"{""n"": 24, ""gates"": 288, ""g2"": 92, ""g3"": 0, ""depth2"": 8, ""t_count"": 0, ""rotations"": 0, ""d"": 0, ""dense_l"": 0.0, ""redundant"": 0, ""obs_zero"": true, ""frame_l"": 8.1699, ""chi_bits"": 4, ""mps_l"": 16.4606, ""hsf_k"": 4, ""hsf_na"": 12, ""hsf_nb"": 12, ""hsf_l"": 28.098, ""sup"": 24, ""chi_bits0"": 4, ""mps_l0"": 16.4606, ""hsf_keff"": 4, ""hsf_l0"": 28.098, ""sparse_l"": 32.1699, ""sv_l"": 32.1699, ""feat_secs"": 0.01049, ""feat_secs_frame"": 0.000536, ""feat_secs_hsf"": 0.009829}"
ct,"ct:n=24,L=8,t=0,nn=1",1,"{""n"": 24.0, ""L"": 8.0, ""t"": 0.0, ""nn"": 1.0}",hsf,ok,0.163441,0.1691,274644992,0.0,16,0.0,0.0,,"{""n"": 24, ""gates"": 288, ""g2"": 92, ""g3"": 0, ""depth2"": 8, ""t_count"": 0, ""rotations"": 0, ""d"": 0, ""dense_l"": 0.0, ""redundant"": 0, ""obs_zero"": true, ""frame_l"": 8.1699, ""chi_bits"": 4, ""mps_l"": 16.4606, ""hsf_k"": 4, ""hsf_na"": 12, ""hsf_nb"": 12, ""hsf_l"": 28.098, ""sup"": 24, ""chi_bits0"": 4, ""mps_l0"": 16.4606, ""hsf_keff"": 4, ""hsf_l0"": 28.098, ""sparse_l"": 32.1699, ""sv_l"": 32.1699, ""feat_secs"": 0.01049, ""feat_secs_frame"": 0.000536, ""feat_secs_hsf"": 0.009829}"
ct,"ct:n=24,L=8,t=0,nn=1",1,"{""n"": 24.0, ""L"": 8.0, ""t"": 0.0, ""nn"": 1.0}",tableau,ok,8.5e-05,0.0081,2080768,-0.0,0,0.0,0.0,,"{""n"": 24, ""gates"": 288, ""g2"": 92, ""g3"": 0, ""depth2"": 8, ""t_count"": 0, ""rotations"": 0, ""d"": 0, ""dense_l"": 0.0, ""redundant"": 0, ""obs_zero"": true, ""frame_l"": 8.1699, ""chi_bits"": 4, ""mps_l"": 16.4606, ""hsf_k"": 4, ""hsf_na"": 12, ""hsf_nb"": 12, ""hsf_l"": 28.098, ""sup"": 24, ""chi_bits0"": 4, ""mps_l0"": 16.4606, ""hsf_keff"": 4, ""hsf_l0"": 28.098, ""sparse_l"": 32.1699, ""sv_l"": 32.1699, ""feat_secs"": 0.01049, ""feat_secs_frame"": 0.000536, ""feat_secs_hsf"": 0.009829}"
ct,"ct:n=24,L=8,t=0,nn=1",1,"{""n"": 24.0, ""L"": 8.0, ""t"": 0.0, ""nn"": 1.0}",frame,ok,0.000206,0.0078,2195456,-0.0,0,0.0,0.0,switched_at=None dense_qubits=0 peak_terms=0 term_visits=0 dense_ops=0,"{""n"": 24, ""gates"": 288, ""g2"": 92, ""g3"": 0, ""depth2"": 8, ""t_count"": 0, ""rotations"": 0, ""d"": 0, ""dense_l"": 0.0, ""redundant"": 0, ""obs_zero"": true, ""frame_l"": 8.1699, ""chi_bits"": 4, ""mps_l"": 16.4606, ""hsf_k"": 4, ""hsf_na"": 12, ""hsf_nb"": 12, ""hsf_l"": 28.098, ""sup"": 24, ""chi_bits0"": 4, ""mps_l0"": 16.4606, ""hsf_keff"": 4, ""hsf_l0"": 28.098, ""sparse_l"": 32.1699, ""sv_l"": 32.1699, ""feat_secs"": 0.01049, ""feat_secs_frame"": 0.000536, ""feat_secs_hsf"": 0.009829}"
ct,"ct:n=24,L=8,t=0,nn=1",1,"{""n"": 24.0, ""L"": 8.0, ""t"": 0.0, ""nn"": 1.0}",dense,ok,0.000207,0.0078,2179072,-0.0,0,0.0,0.0,switched_at=None dense_qubits=0 peak_terms=0 term_visits=0 dense_ops=0,"{""n"": 24, ""gates"": 288, ""g2"": 92, ""g3"": 0, ""depth2"": 8, ""t_count"": 0, ""rotations"": 0, ""d"": 0, ""dense_l"": 0.0, ""redundant"": 0, ""obs_zero"": true, ""frame_l"": 8.1699, ""chi_bits"": 4, ""mps_l"": 16.4606, ""hsf_k"": 4, ""hsf_na"": 12, ""hsf_nb"": 12, ""hsf_l"": 28.098, ""sup"": 24, ""chi_bits0"": 4, ""mps_l0"": 16.4606, ""hsf_keff"": 4, ""hsf_l0"": 28.098, ""sparse_l"": 32.1699, ""sv_l"": 32.1699, ""feat_secs"": 0.01049, ""feat_secs_frame"": 0.000536, ""feat_secs_hsf"": 0.009829}"
ct,"ct:n=24,L=8,t=0,nn=1",1,"{""n"": 24.0, ""L"": 8.0, ""t"": 0.0, ""nn"": 1.0}",auto,ok,0.000215,0.0075,2195456,-0.0,0,0.0,0.0,switched_at=None dense_qubits=0 peak_terms=0 term_visits=0 dense_ops=0,"{""n"": 24, ""gates"": 288, ""g2"": 92, ""g3"": 0, ""depth2"": 8, ""t_count"": 0, ""rotations"": 0, ""d"": 0, ""dense_l"": 0.0, ""redundant"": 0, ""obs_zero"": true, ""frame_l"": 8.1699, ""chi_bits"": 4, ""mps_l"": 16.4606, ""hsf_k"": 4, ""hsf_na"": 12, ""hsf_nb"": 12, ""hsf_l"": 28.098, ""sup"": 24, ""chi_bits0"": 4, ""mps_l0"": 16.4606, ""hsf_keff"": 4, ""hsf_l0"": 28.098, ""sparse_l"": 32.1699, ""sv_l"": 32.1699, ""feat_secs"": 0.01049, ""feat_secs_frame"": 0.000536, ""feat_secs_hsf"": 0.009829}"
ct,"ct:n=24,L=8,t=2,nn=1",1,"{""n"": 24.0, ""L"": 8.0, ""t"": 2.0, ""nn"": 1.0}",sv,ok,1.929126,1.9338,272515072,0.0,16777216,0.0,0.0,,"{""n"": 24, ""gates"": 286, ""g2"": 92, ""g3"": 0, ""depth2"": 8, ""t_count"": 2, ""rotations"": 2, ""d"": 2, ""dense_l"": 2.585, ""redundant"": 0, ""obs_zero"": true, ""frame_l"": 8.1599, ""chi_bits"": 4, ""mps_l"": 16.4731, ""hsf_k"": 4, ""hsf_na"": 12, ""hsf_nb"": 12, ""hsf_l"": 27.0974, ""sup"": 24, ""chi_bits0"": 4, ""mps_l0"": 16.4731, ""hsf_keff"": 3, ""hsf_l0"": 28.0974, ""sparse_l"": 32.1599, ""sv_l"": 32.1599, ""feat_secs"": 0.008931, ""feat_secs_frame"": 0.000548, ""feat_secs_hsf"": 0.008273}"
ct,"ct:n=24,L=8,t=2,nn=1",1,"{""n"": 24.0, ""L"": 8.0, ""t"": 2.0, ""nn"": 1.0}",sparse,timeout,,10.0407,3361390592,,,0.0,,timeout,"{""n"": 24, ""gates"": 286, ""g2"": 92, ""g3"": 0, ""depth2"": 8, ""t_count"": 2, ""rotations"": 2, ""d"": 2, ""dense_l"": 2.585, ""redundant"": 0, ""obs_zero"": true, ""frame_l"": 8.1599, ""chi_bits"": 4, ""mps_l"": 16.4731, ""hsf_k"": 4, ""hsf_na"": 12, ""hsf_nb"": 12, ""hsf_l"": 27.0974, ""sup"": 24, ""chi_bits0"": 4, ""mps_l0"": 16.4731, ""hsf_keff"": 3, ""hsf_l0"": 28.0974, ""sparse_l"": 32.1599, ""sv_l"": 32.1599, ""feat_secs"": 0.008931, ""feat_secs_frame"": 0.000548, ""feat_secs_hsf"": 0.008273}"
ct,"ct:n=24,L=8,t=2,nn=1",1,"{""n"": 24.0, ""L"": 8.0, ""t"": 2.0, ""nn"": 1.0}",mps,ok,0.000824,0.0077,2899968,-5.328656329002716e-83,8,0.0,5.328656329002716e-83,,"{""n"": 24, ""gates"": 286, ""g2"": 92, ""g3"": 0, ""depth2"": 8, ""t_count"": 2, ""rotations"": 2, ""d"": 2, ""dense_l"": 2.585, ""redundant"": 0, ""obs_zero"": true, ""frame_l"": 8.1599, ""chi_bits"": 4, ""mps_l"": 16.4731, ""hsf_k"": 4, ""hsf_na"": 12, ""hsf_nb"": 12, ""hsf_l"": 27.0974, ""sup"": 24, ""chi_bits0"": 4, ""mps_l0"": 16.4731, ""hsf_keff"": 3, ""hsf_l0"": 28.0974, ""sparse_l"": 32.1599, ""sv_l"": 32.1599, ""feat_secs"": 0.008931, ""feat_secs_frame"": 0.000548, ""feat_secs_hsf"": 0.008273}"
ct,"ct:n=24,L=8,t=2,nn=1",1,"{""n"": 24.0, ""L"": 8.0, ""t"": 2.0, ""nn"": 1.0}",hsf,ok,0.123306,0.1307,273727488,0.0,16,0.0,0.0,,"{""n"": 24, ""gates"": 286, ""g2"": 92, ""g3"": 0, ""depth2"": 8, ""t_count"": 2, ""rotations"": 2, ""d"": 2, ""dense_l"": 2.585, ""redundant"": 0, ""obs_zero"": true, ""frame_l"": 8.1599, ""chi_bits"": 4, ""mps_l"": 16.4731, ""hsf_k"": 4, ""hsf_na"": 12, ""hsf_nb"": 12, ""hsf_l"": 27.0974, ""sup"": 24, ""chi_bits0"": 4, ""mps_l0"": 16.4731, ""hsf_keff"": 3, ""hsf_l0"": 28.0974, ""sparse_l"": 32.1599, ""sv_l"": 32.1599, ""feat_secs"": 0.008931, ""feat_secs_frame"": 0.000548, ""feat_secs_hsf"": 0.008273}"
ct,"ct:n=24,L=8,t=2,nn=1",1,"{""n"": 24.0, ""L"": 8.0, ""t"": 2.0, ""nn"": 1.0}",tableau,na,,0.0048,1867776,,,0.0,,"TooLarge { what: ""tableau (non-Clifford circuit)"", bytes: 0, limit: 0 }","{""n"": 24, ""gates"": 286, ""g2"": 92, ""g3"": 0, ""depth2"": 8, ""t_count"": 2, ""rotations"": 2, ""d"": 2, ""dense_l"": 2.585, ""redundant"": 0, ""obs_zero"": true, ""frame_l"": 8.1599, ""chi_bits"": 4, ""mps_l"": 16.4731, ""hsf_k"": 4, ""hsf_na"": 12, ""hsf_nb"": 12, ""hsf_l"": 27.0974, ""sup"": 24, ""chi_bits0"": 4, ""mps_l0"": 16.4731, ""hsf_keff"": 3, ""hsf_l0"": 28.0974, ""sparse_l"": 32.1599, ""sv_l"": 32.1599, ""feat_secs"": 0.008931, ""feat_secs_frame"": 0.000548, ""feat_secs_hsf"": 0.008273}"
ct,"ct:n=24,L=8,t=2,nn=1",1,"{""n"": 24.0, ""L"": 8.0, ""t"": 2.0, ""nn"": 1.0}",frame,ok,0.000285,0.0061,2539520,-0.0,0,0.0,0.0,switched_at=None dense_qubits=0 peak_terms=0 term_visits=0 dense_ops=0,"{""n"": 24, ""gates"": 286, ""g2"": 92, ""g3"": 0, ""depth2"": 8, ""t_count"": 2, ""rotations"": 2, ""d"": 2, ""dense_l"": 2.585, ""redundant"": 0, ""obs_zero"": true, ""frame_l"": 8.1599, ""chi_bits"": 4, ""mps_l"": 16.4731, ""hsf_k"": 4, ""hsf_na"": 12, ""hsf_nb"": 12, ""hsf_l"": 27.0974, ""sup"": 24, ""chi_bits0"": 4, ""mps_l0"": 16.4731, ""hsf_keff"": 3, ""hsf_l0"": 28.0974, ""sparse_l"": 32.1599, ""sv_l"": 32.1599, ""feat_secs"": 0.008931, ""feat_secs_frame"": 0.000548, ""feat_secs_hsf"": 0.008273}"
ct,"ct:n=24,L=8,t=2,nn=1",1,"{""n"": 24.0, ""L"": 8.0, ""t"": 2.0, ""nn"": 1.0}",dense,ok,0.000212,0.0077,2211840,0.0,2,0.0,0.0,switched_at=Some(2) dense_qubits=2 peak_terms=0 term_visits=0 dense_ops=6,"{""n"": 24, ""gates"": 286, ""g2"": 92, ""g3"": 0, ""depth2"": 8, ""t_count"": 2, ""rotations"": 2, ""d"": 2, ""dense_l"": 2.585, ""redundant"": 0, ""obs_zero"": true, ""frame_l"": 8.1599, ""chi_bits"": 4, ""mps_l"": 16.4731, ""hsf_k"": 4, ""hsf_na"": 12, ""hsf_nb"": 12, ""hsf_l"": 27.0974, ""sup"": 24, ""chi_bits0"": 4, ""mps_l0"": 16.4731, ""hsf_keff"": 3, ""hsf_l0"": 28.0974, ""sparse_l"": 32.1599, ""sv_l"": 32.1599, ""feat_secs"": 0.008931, ""feat_secs_frame"": 0.000548, ""feat_secs_hsf"": 0.008273}"
ct,"ct:n=24,L=8,t=2,nn=1",1,"{""n"": 24.0, ""L"": 8.0, ""t"": 2.0, ""nn"": 1.0}",auto,ok,0.000217,0.0078,2211840,0.0,2,0.0,0.0,switched_at=Some(2) dense_qubits=2 peak_terms=0 term_visits=0 dense_ops=6,"{""n"": 24, ""gates"": 286, ""g2"": 92, ""g3"": 0, ""depth2"": 8, ""t_count"": 2, ""rotations"": 2, ""d"": 2, ""dense_l"": 2.585, ""redundant"": 0, ""obs_zero"": true, ""frame_l"": 8.1599, ""chi_bits"": 4, ""mps_l"": 16.4731, ""hsf_k"": 4, ""hsf_na"": 12, ""hsf_nb"": 12, ""hsf_l"": 27.0974, ""sup"": 24, ""chi_bits0"": 4, ""mps_l0"": 16.4731, ""hsf_keff"": 3, ""hsf_l0"": 28.0974, ""sparse_l"": 32.1599, ""sv_l"": 32.1599, ""feat_secs"": 0.008931, ""feat_secs_frame"": 0.000548, ""feat_secs_hsf"": 0.008273}"
ct,"ct:n=24,L=8,t=4,nn=1",1,"{""n"": 24.0, ""L"": 8.0, ""t"": 4.0, ""nn"": 1.0}",sv,ok,1.972339,1.9789,272531456,-1.278437415202756e-18,16777216,-1.278437415202756e-18,0.0,,"{""n"": 24, ""gates"": 291, ""g2"": 92, ""g3"": 0, ""depth2"": 8, ""t_count"": 4, ""rotations"": 4, ""d"": 4, ""dense_l"": 4.9069, ""redundant"": 0, ""obs_zero"": true, ""frame_l"": 8.1849, ""chi_bits"": 4, ""mps_l"": 16.4715, ""hsf_k"": 4, ""hsf_na"": 12, ""hsf_nb"": 12, ""hsf_l"": 27.099, ""sup"": 24, ""chi_bits0"": 4, ""mps_l0"": 16.4715, ""hsf_keff"": 3, ""hsf_l0"": 28.099, ""sparse_l"": 32.1849, ""sv_l"": 32.1849, ""feat_secs"": 0.005642, ""feat_secs_frame"": 0.000311, ""feat_secs_hsf"": 0.005255}"
ct,"ct:n=24,L=8,t=4,nn=1",1,"{""n"": 24.0, ""L"": 8.0, ""t"": 4.0, ""nn"": 1.0}",sparse,timeout,,10.0444,3361783808,,,-1.278437415202756e-18,,timeout,"{""n"": 24, ""gates"": 291, ""g2"": 92, ""g3"": 0, ""depth2"": 8, ""t_count"": 4, ""rotations"": 4, ""d"": 4, ""dense_l"": 4.9069, ""redundant"": 0, ""obs_zero"": true, ""frame_l"": 8.1849, ""chi_bits"": 4, ""mps_l"": 16.4715, ""hsf_k"": 4, ""hsf_na"": 12, ""hsf_nb"": 12, ""hsf_l"": 27.099, ""sup"": 24, ""chi_bits0"": 4, ""mps_l0"": 16.4715, ""hsf_keff"": 3, ""hsf_l0"": 28.099, ""sparse_l"": 32.1849, ""sv_l"": 32.1849, ""feat_secs"": 0.005642, ""feat_secs_frame"": 0.000311, ""feat_secs_hsf"": 0.005255}"
ct,"ct:n=24,L=8,t=4,nn=1",1,"{""n"": 24.0, ""L"": 8.0, ""t"": 4.0, ""nn"": 1.0}",mps,ok,0.000994,0.0072,2899968,-1.956348588415379e-62,8,-1.278437415202756e-18,1.278437415202756e-18,,"{""n"": 24, ""gates"": 291, ""g2"": 92, ""g3"": 0, ""depth2"": 8, ""t_count"": 4, ""rotations"": 4, ""d"": 4, ""dense_l"": 4.9069, ""redundant"": 0, ""obs_zero"": true, ""frame_l"": 8.1849, ""chi_bits"": 4, ""mps_l"": 16.4715, ""hsf_k"": 4, ""hsf_na"": 12, ""hsf_nb"": 12, ""hsf_l"": 27.099, ""sup"": 24, ""chi_bits0"": 4, ""mps_l0"": 16.4715, ""hsf_keff"": 3, ""hsf_l0"": 28.099, ""sparse_l"": 32.1849, ""sv_l"": 32.1849, ""feat_secs"": 0.005642, ""feat_secs_frame"": 0.000311, ""feat_secs_hsf"": 0.005255}"
ct,"ct:n=24,L=8,t=4,nn=1",1,"{""n"": 24.0, ""L"": 8.0, ""t"": 4.0, ""nn"": 1.0}",hsf,ok,0.120847,0.1257,273711104,-1.64522915114347e-18,16,-1.278437415202756e-18,3.6679173594071394e-19,,"{""n"": 24, ""gates"": 291, ""g2"": 92, ""g3"": 0, ""depth2"": 8, ""t_count"": 4, ""rotations"": 4, ""d"": 4, ""dense_l"": 4.9069, ""redundant"": 0, ""obs_zero"": true, ""frame_l"": 8.1849, ""chi_bits"": 4, ""mps_l"": 16.4715, ""hsf_k"": 4, ""hsf_na"": 12, ""hsf_nb"": 12, ""hsf_l"": 27.099, ""sup"": 24, ""chi_bits0"": 4, ""mps_l0"": 16.4715, ""hsf_keff"": 3, ""hsf_l0"": 28.099, ""sparse_l"": 32.1849, ""sv_l"": 32.1849, ""feat_secs"": 0.005642, ""feat_secs_frame"": 0.000311, ""feat_secs_hsf"": 0.005255}"
ct,"ct:n=24,L=8,t=4,nn=1",1,"{""n"": 24.0, ""L"": 8.0, ""t"": 4.0, ""nn"": 1.0}",tableau,na,,0.0046,1867776,,,-1.278437415202756e-18,,"TooLarge { what: ""tableau (non-Clifford circuit)"", bytes: 0, limit: 0 }","{""n"": 24, ""gates"": 291, ""g2"": 92, ""g3"": 0, ""depth2"": 8, ""t_count"": 4, ""rotations"": 4, ""d"": 4, ""dense_l"": 4.9069, ""redundant"": 0, ""obs_zero"": true, ""frame_l"": 8.1849, ""chi_bits"": 4, ""mps_l"": 16.4715, ""hsf_k"": 4, ""hsf_na"": 12, ""hsf_nb"": 12, ""hsf_l"": 27.099, ""sup"": 24, ""chi_bits0"": 4, ""mps_l0"": 16.4715, ""hsf_keff"": 3, ""hsf_l0"": 28.099, ""sparse_l"": 32.1849, ""sv_l"": 32.1849, ""feat_secs"": 0.005642, ""feat_secs_frame"": 0.000311, ""feat_secs_hsf"": 0.005255}"
ct,"ct:n=24,L=8,t=4,nn=1",1,"{""n"": 24.0, ""L"": 8.0, ""t"": 4.0, ""nn"": 1.0}",frame,ok,0.000277,0.0044,2539520,-0.0,0,-1.278437415202756e-18,1.278437415202756e-18,switched_at=None dense_qubits=0 peak_terms=0 term_visits=0 dense_ops=0,"{""n"": 24, ""gates"": 291, ""g2"": 92, ""g3"": 0, ""depth2"": 8, ""t_count"": 4, ""rotations"": 4, ""d"": 4, ""dense_l"": 4.9069, ""redundant"": 0, ""obs_zero"": true, ""frame_l"": 8.1849, ""chi_bits"": 4, ""mps_l"": 16.4715, ""hsf_k"": 4, ""hsf_na"": 12, ""hsf_nb"": 12, ""hsf_l"": 27.099, ""sup"": 24, ""chi_bits0"": 4, ""mps_l0"": 16.4715, ""hsf_keff"": 3, ""hsf_l0"": 28.099, ""sparse_l"": 32.1849, ""sv_l"": 32.1849, ""feat_secs"": 0.005642, ""feat_secs_frame"": 0.000311, ""feat_secs_hsf"": 0.005255}"
ct,"ct:n=24,L=8,t=4,nn=1",1,"{""n"": 24.0, ""L"": 8.0, ""t"": 4.0, ""nn"": 1.0}",dense,ok,0.000196,0.0066,2211840,0.0,4,-1.278437415202756e-18,1.278437415202756e-18,switched_at=Some(4) dense_qubits=4 peak_terms=0 term_visits=0 dense_ops=30,"{""n"": 24, ""gates"": 291, ""g2"": 92, ""g3"": 0, ""depth2"": 8, ""t_count"": 4, ""rotations"": 4, ""d"": 4, ""dense_l"": 4.9069, ""redundant"": 0, ""obs_zero"": true, ""frame_l"": 8.1849, ""chi_bits"": 4, ""mps_l"": 16.4715, ""hsf_k"": 4, ""hsf_na"": 12, ""hsf_nb"": 12, ""hsf_l"": 27.099, ""sup"": 24, ""chi_bits0"": 4, ""mps_l0"": 16.4715, ""hsf_keff"": 3, ""hsf_l0"": 28.099, ""sparse_l"": 32.1849, ""sv_l"": 32.1849, ""feat_secs"": 0.005642, ""feat_secs_frame"": 0.000311, ""feat_secs_hsf"": 0.005255}"
ct,"ct:n=24,L=8,t=4,nn=1",1,"{""n"": 24.0, ""L"": 8.0, ""t"": 4.0, ""nn"": 1.0}",auto,ok,0.000202,0.0045,2211840,0.0,4,-1.278437415202756e-18,1.278437415202756e-18,switched_at=Some(4) dense_qubits=4 peak_terms=0 term_visits=0 dense_ops=30,"{""n"": 24, ""gates"": 291, ""g2"": 92, ""g3"": 0, ""depth2"": 8, ""t_count"": 4, ""rotations"": 4, ""d"": 4, ""dense_l"": 4.9069, ""redundant"": 0, ""obs_zero"": true, ""frame_l"": 8.1849, ""chi_bits"": 4, ""mps_l"": 16.4715, ""hsf_k"": 4, ""hsf_na"": 12, ""hsf_nb"": 12, ""hsf_l"": 27.099, ""sup"": 24, ""chi_bits0"": 4, ""mps_l0"": 16.4715, ""hsf_keff"": 3, ""hsf_l0"": 28.099, ""sparse_l"": 32.1849, ""sv_l"": 32.1849, ""feat_secs"": 0.005642, ""feat_secs_frame"": 0.000311, ""feat_secs_hsf"": 0.005255}"
ct,"ct:n=24,L=8,t=8,nn=1",1,"{""n"": 24.0, ""L"": 8.0, ""t"": 8.0, ""nn"": 1.0}",sv,ok,1.850836,1.8565,272515072,0.0,16777216,0.0,0.0,,"{""n"": 24, ""gates"": 296, ""g2"": 92, ""g3"": 0, ""depth2"": 8, ""t_count"": 8, ""rotations"": 8, ""d"": 7, ""dense_l"": 7.9944, ""redundant"": 1, ""obs_zero"": true, ""frame_l"": 8.2095, ""chi_bits"": 4, ""mps_l"": 16.4688, ""hsf_k"": 4, ""hsf_na"": 12, ""hsf_nb"": 12, ""hsf_l"": 28.1007, ""sup"": 24, ""chi_bits0"": 4, ""mps_l0"": 16.4688, ""hsf_keff"": 4, ""hsf_l0"": 28.1007, ""sparse_l"": 32.2095, ""sv_l"": 32.2095, ""feat_secs"": 0.00559, ""feat_secs_frame"": 0.000295, ""feat_secs_hsf"": 0.005223}"
ct,"ct:n=24,L=8,t=8,nn=1",1,"{""n"": 24.0, ""L"": 8.0, ""t"": 8.0, ""nn"": 1.0}",sparse,timeout,,10.0052,845217792,,,0.0,,timeout,"{""n"": 24, ""gates"": 296, ""g2"": 92, ""g3"": 0, ""depth2"": 8, ""t_count"": 8, ""rotations"": 8, ""d"": 7, ""dense_l"": 7.9944, ""redundant"": 1, ""obs_zero"": true, ""frame_l"": 8.2095, ""chi_bits"": 4, ""mps_l"": 16.4688, ""hsf_k"": 4, ""hsf_na"": 12, ""hsf_nb"": 12, ""hsf_l"": 28.1007, ""sup"": 24, ""chi_bits0"": 4, ""mps_l0"": 16.4688, ""hsf_keff"": 4, ""hsf_l0"": 28.1007, ""sparse_l"": 32.2095, ""sv_l"": 32.2095, ""feat_secs"": 0.00559, ""feat_secs_frame"": 0.000295, ""feat_secs_hsf"": 0.005223}"
ct,"ct:n=24,L=8,t=8,nn=1",1,"{""n"": 24.0, ""L"": 8.0, ""t"": 8.0, ""nn"": 1.0}",mps,ok,0.000844,0.0079,2932736,1.519290839321565e-64,8,0.0,1.519290839321565e-64,,"{""n"": 24, ""gates"": 296, ""g2"": 92, ""g3"": 0, ""depth2"": 8, ""t_count"": 8, ""rotations"": 8, ""d"": 7, ""dense_l"": 7.9944, ""redundant"": 1, ""obs_zero"": true, ""frame_l"": 8.2095, ""chi_bits"": 4, ""mps_l"": 16.4688, ""hsf_k"": 4, ""hsf_na"": 12, ""hsf_nb"": 12, ""hsf_l"": 28.1007, ""sup"": 24, ""chi_bits0"": 4, ""mps_l0"": 16.4688, ""hsf_keff"": 4, ""hsf_l0"": 28.1007, ""sparse_l"": 32.2095, ""sv_l"": 32.2095, ""feat_secs"": 0.00559, ""feat_secs_frame"": 0.000295, ""feat_secs_hsf"": 0.005223}"
ct,"ct:n=24,L=8,t=8,nn=1",1,"{""n"": 24.0, ""L"": 8.0, ""t"": 8.0, ""nn"": 1.0}",hsf,ok,0.154285,0.1605,274661376,2.447219515538877e-41,16,0.0,2.447219515538877e-41,,"{""n"": 24, ""gates"": 296, ""g2"": 92, ""g3"": 0, ""depth2"": 8, ""t_count"": 8, ""rotations"": 8, ""d"": 7, ""dense_l"": 7.9944, ""redundant"": 1, ""obs_zero"": true, ""frame_l"": 8.2095, ""chi_bits"": 4, ""mps_l"": 16.4688, ""hsf_k"": 4, ""hsf_na"": 12, ""hsf_nb"": 12, ""hsf_l"": 28.1007, ""sup"": 24, ""chi_bits0"": 4, ""mps_l0"": 16.4688, ""hsf_keff"": 4, ""hsf_l0"": 28.1007, ""sparse_l"": 32.2095, ""sv_l"": 32.2095, ""feat_secs"": 0.00559, ""feat_secs_frame"": 0.000295, ""feat_secs_hsf"": 0.005223}"
ct,"ct:n=24,L=8,t=8,nn=1",1,"{""n"": 24.0, ""L"": 8.0, ""t"": 8.0, ""nn"": 1.0}",tableau,na,,0.0077,1884160,,,0.0,,"TooLarge { what: ""tableau (non-Clifford circuit)"", bytes: 0, limit: 0 }","{""n"": 24, ""gates"": 296, ""g2"": 92, ""g3"": 0, ""depth2"": 8, ""t_count"": 8, ""rotations"": 8, ""d"": 7, ""dense_l"": 7.9944, ""redundant"": 1, ""obs_zero"": true, ""frame_l"": 8.2095, ""chi_bits"": 4, ""mps_l"": 16.4688, ""hsf_k"": 4, ""hsf_na"": 12, ""hsf_nb"": 12, ""hsf_l"": 28.1007, ""sup"": 24, ""chi_bits0"": 4, ""mps_l0"": 16.4688, ""hsf_keff"": 4, ""hsf_l0"": 28.1007, ""sparse_l"": 32.2095, ""sv_l"": 32.2095, ""feat_secs"": 0.00559, ""feat_secs_frame"": 0.000295, ""feat_secs_hsf"": 0.005223}"
ct,"ct:n=24,L=8,t=8,nn=1",1,"{""n"": 24.0, ""L"": 8.0, ""t"": 8.0, ""nn"": 1.0}",frame,ok,0.000385,0.0081,2572288,-0.0,0,0.0,0.0,switched_at=None dense_qubits=0 peak_terms=0 term_visits=0 dense_ops=0,"{""n"": 24, ""gates"": 296, ""g2"": 92, ""g3"": 0, ""depth2"": 8, ""t_count"": 8, ""rotations"": 8, ""d"": 7, ""dense_l"": 7.9944, ""redundant"": 1, ""obs_zero"": true, ""frame_l"": 8.2095, ""chi_bits"": 4, ""mps_l"": 16.4688, ""hsf_k"": 4, ""hsf_na"": 12, ""hsf_nb"": 12, ""hsf_l"": 28.1007, ""sup"": 24, ""chi_bits0"": 4, ""mps_l0"": 16.4688, ""hsf_keff"": 4, ""hsf_l0"": 28.1007, ""sparse_l"": 32.2095, ""sv_l"": 32.2095, ""feat_secs"": 0.00559, ""feat_secs_frame"": 0.000295, ""feat_secs_hsf"": 0.005223}"
ct,"ct:n=24,L=8,t=8,nn=1",1,"{""n"": 24.0, ""L"": 8.0, ""t"": 8.0, ""nn"": 1.0}",dense,ok,0.000246,0.0062,2228224,0.0,7,0.0,0.0,switched_at=Some(8) dense_qubits=7 peak_terms=0 term_visits=0 dense_ops=255,"{""n"": 24, ""gates"": 296, ""g2"": 92, ""g3"": 0, ""depth2"": 8, ""t_count"": 8, ""rotations"": 8, ""d"": 7, ""dense_l"": 7.9944, ""redundant"": 1, ""obs_zero"": true, ""frame_l"": 8.2095, ""chi_bits"": 4, ""mps_l"": 16.4688, ""hsf_k"": 4, ""hsf_na"": 12, ""hsf_nb"": 12, ""hsf_l"": 28.1007, ""sup"": 24, ""chi_bits0"": 4, ""mps_l0"": 16.4688, ""hsf_keff"": 4, ""hsf_l0"": 28.1007, ""sparse_l"": 32.2095, ""sv_l"": 32.2095, ""feat_secs"": 0.00559, ""feat_secs_frame"": 0.000295, ""feat_secs_hsf"": 0.005223}"
ct,"ct:n=24,L=8,t=8,nn=1",1,"{""n"": 24.0, ""L"": 8.0, ""t"": 8.0, ""nn"": 1.0}",auto,ok,0.000485,0.0075,2555904,-0.0,0,0.0,0.0,switched_at=None dense_qubits=0 peak_terms=0 term_visits=0 dense_ops=0,"{""n"": 24, ""gates"": 296, ""g2"": 92, ""g3"": 0, ""depth2"": 8, ""t_count"": 8, ""rotations"": 8, ""d"": 7, ""dense_l"": 7.9944, ""redundant"": 1, ""obs_zero"": true, ""frame_l"": 8.2095, ""chi_bits"": 4, ""mps_l"": 16.4688, ""hsf_k"": 4, ""hsf_na"": 12, ""hsf_nb"": 12, ""hsf_l"": 28.1007, ""sup"": 24, ""chi_bits0"": 4, ""mps_l0"": 16.4688, ""hsf_keff"": 4, ""hsf_l0"": 28.1007, ""sparse_l"": 32.2095, ""sv_l"": 32.2095, ""feat_secs"": 0.00559, ""feat_secs_frame"": 0.000295, ""feat_secs_hsf"": 0.005223}"
ct,"ct:n=24,L=8,t=12,nn=1",1,"{""n"": 24.0, ""L"": 8.0, ""t"": 12.0, ""nn"": 1.0}",sv,ok,1.926763,1.9347,272580608,0.0,16777216,0.0,0.0,,"{""n"": 24, ""gates"": 303, ""g2"": 92, ""g3"": 0, ""depth2"": 8, ""t_count"": 12, ""rotations"": 12, ""d"": 10, ""dense_l"": 11.0, ""redundant"": 2, ""obs_zero"": true, ""frame_l"": 8.2432, ""chi_bits"": 4, ""mps_l"": 16.4743, ""hsf_k"": 4, ""hsf_na"": 12, ""hsf_nb"": 12, ""hsf_l"": 28.103, ""sup"": 24, ""chi_bits0"": 4, ""mps_l0"": 16.4743, ""hsf_keff"": 4, ""hsf_l0"": 28.103, ""sparse_l"": 32.2432, ""sv_l"": 32.2432, ""feat_secs"": 0.005626, ""feat_secs_frame"": 0.000315, ""feat_secs_hsf"": 0.005236}"
ct,"ct:n=24,L=8,t=12,nn=1",1,"{""n"": 24.0, ""L"": 8.0, ""t"": 12.0, ""nn"": 1.0}",sparse,timeout,,10.0046,1263419392,,,0.0,,timeout,"{""n"": 24, ""gates"": 303, ""g2"": 92, ""g3"": 0, ""depth2"": 8, ""t_count"": 12, ""rotations"": 12, ""d"": 10, ""dense_l"": 11.0, ""redundant"": 2, ""obs_zero"": true, ""frame_l"": 8.2432, ""chi_bits"": 4, ""mps_l"": 16.4743, ""hsf_k"": 4, ""hsf_na"": 12, ""hsf_nb"": 12, ""hsf_l"": 28.103, ""sup"": 24, ""chi_bits0"": 4, ""mps_l0"": 16.4743, ""hsf_keff"": 4, ""hsf_l0"": 28.103, ""sparse_l"": 32.2432, ""sv_l"": 32.2432, ""feat_secs"": 0.005626, ""feat_secs_frame"": 0.000315, ""feat_secs_hsf"": 0.005236}"
ct,"ct:n=24,L=8,t=12,nn=1",1,"{""n"": 24.0, ""L"": 8.0, ""t"": 12.0, ""nn"": 1.0}",mps,ok,0.000787,0.0079,2801664,-1.457353443672186e-77,8,0.0,1.457353443672186e-77,,"{""n"": 24, ""gates"": 303, ""g2"": 92, ""g3"": 0, ""depth2"": 8, ""t_count"": 12, ""rotations"": 12, ""d"": 10, ""dense_l"": 11.0, ""redundant"": 2, ""obs_zero"": true, ""frame_l"": 8.2432, ""chi_bits"": 4, ""mps_l"": 16.4743, ""hsf_k"": 4, ""hsf_na"": 12, ""hsf_nb"": 12, ""hsf_l"": 28.103, ""sup"": 24, ""chi_bits0"": 4, ""mps_l0"": 16.4743, ""hsf_keff"": 4, ""hsf_l0"": 28.103, ""sparse_l"": 32.2432, ""sv_l"": 32.2432, ""feat_secs"": 0.005626, ""feat_secs_frame"": 0.000315, ""feat_secs_hsf"": 0.005236}"
ct,"ct:n=24,L=8,t=12,nn=1",1,"{""n"": 24.0, ""L"": 8.0, ""t"": 12.0, ""nn"": 1.0}",hsf,ok,0.152798,0.1598,274644992,0.0,16,0.0,0.0,,"{""n"": 24, ""gates"": 303, ""g2"": 92, ""g3"": 0, ""depth2"": 8, ""t_count"": 12, ""rotations"": 12, ""d"": 10, ""dense_l"": 11.0, ""redundant"": 2, ""obs_zero"": true, ""frame_l"": 8.2432, ""chi_bits"": 4, ""mps_l"": 16.4743, ""hsf_k"": 4, ""hsf_na"": 12, ""hsf_nb"": 12, ""hsf_l"": 28.103, ""sup"": 24, ""chi_bits0"": 4, ""mps_l0"": 16.4743, ""hsf_keff"": 4, ""hsf_l0"": 28.103, ""sparse_l"": 32.2432, ""sv_l"": 32.2432, ""feat_secs"": 0.005626, ""feat_secs_frame"": 0.000315, ""feat_secs_hsf"": 0.005236}"
ct,"ct:n=24,L=8,t=12,nn=1",1,"{""n"": 24.0, ""L"": 8.0, ""t"": 12.0, ""nn"": 1.0}",tableau,na,,0.0049,1884160,,,0.0,,"TooLarge { what: ""tableau (non-Clifford circuit)"", bytes: 0, limit: 0 }","{""n"": 24, ""gates"": 303, ""g2"": 92, ""g3"": 0, ""depth2"": 8, ""t_count"": 12, ""rotations"": 12, ""d"": 10, ""dense_l"": 11.0, ""redundant"": 2, ""obs_zero"": true, ""frame_l"": 8.2432, ""chi_bits"": 4, ""mps_l"": 16.4743, ""hsf_k"": 4, ""hsf_na"": 12, ""hsf_nb"": 12, ""hsf_l"": 28.103, ""sup"": 24, ""chi_bits0"": 4, ""mps_l0"": 16.4743, ""hsf_keff"": 4, ""hsf_l0"": 28.103, ""sparse_l"": 32.2432, ""sv_l"": 32.2432, ""feat_secs"": 0.005626, ""feat_secs_frame"": 0.000315, ""feat_secs_hsf"": 0.005236}"
ct,"ct:n=24,L=8,t=12,nn=1",1,"{""n"": 24.0, ""L"": 8.0, ""t"": 12.0, ""nn"": 1.0}",frame,ok,0.000365,0.0078,2572288,-0.0,0,0.0,0.0,switched_at=None dense_qubits=0 peak_terms=0 term_visits=0 dense_ops=0,"{""n"": 24, ""gates"": 303, ""g2"": 92, ""g3"": 0, ""depth2"": 8, ""t_count"": 12, ""rotations"": 12, ""d"": 10, ""dense_l"": 11.0, ""redundant"": 2, ""obs_zero"": true, ""frame_l"": 8.2432, ""chi_bits"": 4, ""mps_l"": 16.4743, ""hsf_k"": 4, ""hsf_na"": 12, ""hsf_nb"": 12, ""hsf_l"": 28.103, ""sup"": 24, ""chi_bits0"": 4, ""mps_l0"": 16.4743, ""hsf_keff"": 4, ""hsf_l0"": 28.103, ""sparse_l"": 32.2432, ""sv_l"": 32.2432, ""feat_secs"": 0.005626, ""feat_secs_frame"": 0.000315, ""feat_secs_hsf"": 0.005236}"
ct,"ct:n=24,L=8,t=12,nn=1",1,"{""n"": 24.0, ""L"": 8.0, ""t"": 12.0, ""nn"": 1.0}",dense,ok,0.000266,0.0078,2260992,0.0,10,0.0,0.0,switched_at=Some(12) dense_qubits=10 peak_terms=0 term_visits=0 dense_ops=2048,"{""n"": 24, ""gates"": 303, ""g2"": 92, ""g3"": 0, ""depth2"": 8, ""t_count"": 12, ""rotations"": 12, ""d"": 10, ""dense_l"": 11.0, ""redundant"": 2, ""obs_zero"": true, ""frame_l"": 8.2432, ""chi_bits"": 4, ""mps_l"": 16.4743, ""hsf_k"": 4, ""hsf_na"": 12, ""hsf_nb"": 12, ""hsf_l"": 28.103, ""sup"": 24, ""chi_bits0"": 4, ""mps_l0"": 16.4743, ""hsf_keff"": 4, ""hsf_l0"": 28.103, ""sparse_l"": 32.2432, ""sv_l"": 32.2432, ""feat_secs"": 0.005626, ""feat_secs_frame"": 0.000315, ""feat_secs_hsf"": 0.005236}"
ct,"ct:n=24,L=8,t=12,nn=1",1,"{""n"": 24.0, ""L"": 8.0, ""t"": 12.0, ""nn"": 1.0}",auto,ok,0.000431,0.0079,2572288,-0.0,0,0.0,0.0,switched_at=None dense_qubits=0 peak_terms=0 term_visits=0 dense_ops=0,"{""n"": 24, ""gates"": 303, ""g2"": 92, ""g3"": 0, ""depth2"": 8, ""t_count"": 12, ""rotations"": 12, ""d"": 10, ""dense_l"": 11.0, ""redundant"": 2, ""obs_zero"": true, ""frame_l"": 8.2432, ""chi_bits"": 4, ""mps_l"": 16.4743, ""hsf_k"": 4, ""hsf_na"": 12, ""hsf_nb"": 12, ""hsf_l"": 28.103, ""sup"": 24, ""chi_bits0"": 4, ""mps_l0"": 16.4743, ""hsf_keff"": 4, ""hsf_l0"": 28.103, ""sparse_l"": 32.2432, ""sv_l"": 32.2432, ""feat_secs"": 0.005626, ""feat_secs_frame"": 0.000315, ""feat_secs_hsf"": 0.005236}"
ct,"ct:n=24,L=8,t=16,nn=1",1,"{""n"": 24.0, ""L"": 8.0, ""t"": 16.0, ""nn"": 1.0}",sv,ok,2.012122,2.0188,272515072,3.083729323597687e-21,16777216,3.083729323597687e-21,0.0,,"{""n"": 24, ""gates"": 303, ""g2"": 92, ""g3"": 0, ""depth2"": 8, ""t_count"": 16, ""rotations"": 16, ""d"": 12, ""dense_l"": 13.4633, ""redundant"": 4, ""obs_zero"": true, ""frame_l"": 8.2432, ""chi_bits"": 4, ""mps_l"": 16.474, ""hsf_k"": 4, ""hsf_na"": 12, ""hsf_nb"": 12, ""hsf_l"": 27.103, ""sup"": 24, ""chi_bits0"": 4, ""mps_l0"": 16.474, ""hsf_keff"": 3, ""hsf_l0"": 28.103, ""sparse_l"": 32.2432, ""sv_l"": 32.2432, ""feat_secs"": 0.005585, ""feat_secs_frame"": 0.000329, ""feat_secs_hsf"": 0.005183}"
ct,"ct:n=24,L=8,t=16,nn=1",1,"{""n"": 24.0, ""L"": 8.0, ""t"": 16.0, ""nn"": 1.0}",sparse,timeout,,10.0380,2522415104,,,3.083729323597687e-21,,timeout,"{""n"": 24, ""gates"": 303, ""g2"": 92, ""g3"": 0, ""depth2"": 8, ""t_count"": 16, ""rotations"": 16, ""d"": 12, ""dense_l"": 13.4633, ""redundant"": 4, ""obs_zero"": true, ""frame_l"": 8.2432, ""chi_bits"": 4, ""mps_l"": 16.474, ""hsf_k"": 4, ""hsf_na"": 12, ""hsf_nb"": 12, ""hsf_l"": 27.103, ""sup"": 24, ""chi_bits0"": 4, ""mps_l0"": 16.474, ""hsf_keff"": 3, ""hsf_l0"": 28.103, ""sparse_l"": 32.2432, ""sv_l"": 32.2432, ""feat_secs"": 0.005585, ""feat_secs_frame"": 0.000329, ""feat_secs_hsf"": 0.005183}"
ct,"ct:n=24,L=8,t=16,nn=1",1,"{""n"": 24.0, ""L"": 8.0, ""t"": 16.0, ""nn"": 1.0}",mps,ok,0.000794,0.0071,2801664,-1.306528219681038e-48,8,3.083729323597687e-21,3.083729323597687e-21,,"{""n"": 24, ""gates"": 303, ""g2"": 92, ""g3"": 0, ""depth2"": 8, ""t_count"": 16, ""rotations"": 16, ""d"": 12, ""dense_l"": 13.4633, ""redundant"": 4, ""obs_zero"": true, ""frame_l"": 8.2432, ""chi_bits"": 4, ""mps_l"": 16.474, ""hsf_k"": 4, ""hsf_na"": 12, ""hsf_nb"": 12, ""hsf_l"": 27.103, ""sup"": 24, ""chi_bits0"": 4, ""mps_l0"": 16.474, ""hsf_keff"": 3, ""hsf_l0"": 28.103, ""sparse_l"": 32.2432, ""sv_l"": 32.2432, ""feat_secs"": 0.005585, ""feat_secs_frame"": 0.000329, ""feat_secs_hsf"": 0.005183}"
ct,"ct:n=24,L=8,t=16,nn=1",1,"{""n"": 24.0, ""L"": 8.0, ""t"": 16.0, ""nn"": 1.0}",hsf,ok,0.119065,0.1262,273612800,3.970466940254533e-23,16,3.083729323597687e-21,3.044024654195142e-21,,"{""n"": 24, ""gates"": 303, ""g2"": 92, ""g3"": 0, ""depth2"": 8, ""t_count"": 16, ""rotations"": 16, ""d"": 12, ""dense_l"": 13.4633, ""redundant"": 4, ""obs_zero"": true, ""frame_l"": 8.2432, ""chi_bits"": 4, ""mps_l"": 16.474, ""hsf_k"": 4, ""hsf_na"": 12, ""hsf_nb"": 12, ""hsf_l"": 27.103, ""sup"": 24, ""chi_bits0"": 4, ""mps_l0"": 16.474, ""hsf_keff"": 3, ""hsf_l0"": 28.103, ""sparse_l"": 32.2432, ""sv_l"": 32.2432, ""feat_secs"": 0.005585, ""feat_secs_frame"": 0.000329, ""feat_secs_hsf"": 0.005183}"
ct,"ct:n=24,L=8,t=16,nn=1",1,"{""n"": 24.0, ""L"": 8.0, ""t"": 16.0, ""nn"": 1.0}",tableau,na,,0.0049,1884160,,,3.083729323597687e-21,,"TooLarge { what: ""tableau (non-Clifford circuit)"", bytes: 0, limit: 0 }","{""n"": 24, ""gates"": 303, ""g2"": 92, ""g3"": 0, ""depth2"": 8, ""t_count"": 16, ""rotations"": 16, ""d"": 12, ""dense_l"": 13.4633, ""redundant"": 4, ""obs_zero"": true, ""frame_l"": 8.2432, ""chi_bits"": 4, ""mps_l"": 16.474, ""hsf_k"": 4, ""hsf_na"": 12, ""hsf_nb"": 12, ""hsf_l"": 27.103, ""sup"": 24, ""chi_bits0"": 4, ""mps_l0"": 16.474, ""hsf_keff"": 3, ""hsf_l0"": 28.103, ""sparse_l"": 32.2432, ""sv_l"": 32.2432, ""feat_secs"": 0.005585, ""feat_secs_frame"": 0.000329, ""feat_secs_hsf"": 0.005183}"
ct,"ct:n=24,L=8,t=16,nn=1",1,"{""n"": 24.0, ""L"": 8.0, ""t"": 16.0, ""nn"": 1.0}",frame,ok,0.00038,0.0077,2539520,-0.0,0,3.083729323597687e-21,3.083729323597687e-21,switched_at=None dense_qubits=0 peak_terms=0 term_visits=0 dense_ops=0,"{""n"": 24, ""gates"": 303, ""g2"": 92, ""g3"": 0, ""depth2"": 8, ""t_count"": 16, ""rotations"": 16, ""d"": 12, ""dense_l"": 13.4633, ""redundant"": 4, ""obs_zero"": true, ""frame_l"": 8.2432, ""chi_bits"": 4, ""mps_l"": 16.474, ""hsf_k"": 4, ""hsf_na"": 12, ""hsf_nb"": 12, ""hsf_l"": 27.103, ""sup"": 24, ""chi_bits0"": 4, ""mps_l0"": 16.474, ""hsf_keff"": 3, ""hsf_l0"": 28.103, ""sparse_l"": 32.2432, ""sv_l"": 32.2432, ""feat_secs"": 0.005585, ""feat_secs_frame"": 0.000329, ""feat_secs_hsf"": 0.005183}"
ct,"ct:n=24,L=8,t=16,nn=1",1,"{""n"": 24.0, ""L"": 8.0, ""t"": 16.0, ""nn"": 1.0}",dense,ok,0.000234,0.0077,2310144,0.0,12,3.083729323597687e-21,3.083729323597687e-21,switched_at=Some(16) dense_qubits=12 peak_terms=0 term_visits=0 dense_ops=11294,"{""n"": 24, ""gates"": 303, ""g2"": 92, ""g3"": 0, ""depth2"": 8, ""t_count"": 16, ""rotations"": 16, ""d"": 12, ""dense_l"": 13.4633, ""redundant"": 4, ""obs_zero"": true, ""frame_l"": 8.2432, ""chi_bits"": 4, ""mps_l"": 16.474, ""hsf_k"": 4, ""hsf_na"": 12, ""hsf_nb"": 12, ""hsf_l"": 27.103, ""sup"": 24, ""chi_bits0"": 4, ""mps_l0"": 16.474, ""hsf_keff"": 3, ""hsf_l0"": 28.103, ""sparse_l"": 32.2432, ""sv_l"": 32.2432, ""feat_secs"": 0.005585, ""feat_secs_frame"": 0.000329, ""feat_secs_hsf"": 0.005183}"
ct,"ct:n=24,L=8,t=16,nn=1",1,"{""n"": 24.0, ""L"": 8.0, ""t"": 16.0, ""nn"": 1.0}",auto,ok,0.000444,0.0067,2572288,-0.0,0,3.083729323597687e-21,3.083729323597687e-21,switched_at=None dense_qubits=0 peak_terms=0 term_visits=0 dense_ops=0,"{""n"": 24, ""gates"": 303, ""g2"": 92, ""g3"": 0, ""depth2"": 8, ""t_count"": 16, ""rotations"": 16, ""d"": 12, ""dense_l"": 13.4633, ""redundant"": 4, ""obs_zero"": true, ""frame_l"": 8.2432, ""chi_bits"": 4, ""mps_l"": 16.474, ""hsf_k"": 4, ""hsf_na"": 12, ""hsf_nb"": 12, ""hsf_l"": 27.103, ""sup"": 24, ""chi_bits0"": 4, ""mps_l0"": 16.474, ""hsf_keff"": 3, ""hsf_l0"": 28.103, ""sparse_l"": 32.2432, ""sv_l"": 32.2432, ""feat_secs"": 0.005585, ""feat_secs_frame"": 0.000329, ""feat_secs_hsf"": 0.005183}"
ct,"ct:n=24,L=8,t=24,nn=1",1,"{""n"": 24.0, ""L"": 8.0, ""t"": 24.0, ""nn"": 1.0}",sv,ok,2.032242,2.0382,272613376,0.0,16777216,0.0,0.0,,"{""n"": 24, ""gates"": 324, ""g2"": 92, ""g3"": 0, ""depth2"": 8, ""t_count"": 24, ""rotations"": 24, ""d"": 17, ""dense_l"": 18.4471, ""redundant"": 7, ""obs_zero"": true, ""frame_l"": 8.3399, ""chi_bits"": 4, ""mps_l"": 16.4778, ""hsf_k"": 4, ""hsf_na"": 12, ""hsf_nb"": 12, ""hsf_l"": 28.1098, ""sup"": 24, ""chi_bits0"": 4, ""mps_l0"": 16.4778, ""hsf_keff"": 4, ""hsf_l0"": 28.1098, ""sparse_l"": 32.3399, ""sv_l"": 32.3399, ""feat_secs"": 0.006098, ""feat_secs_frame"": 0.000316, ""feat_secs_hsf"": 0.00562}"
ct,"ct:n=24,L=8,t=24,nn=1",1,"{""n"": 24.0, ""L"": 8.0, ""t"": 24.0, ""nn"": 1.0}",sparse,skipped,,,,,,0.0,,,"{""n"": 24, ""gates"": 324, ""g2"": 92, ""g3"": 0, ""depth2"": 8, ""t_count"": 24, ""rotations"": 24, ""d"": 17, ""dense_l"": 18.4471, ""redundant"": 7, ""obs_zero"": true, ""frame_l"": 8.3399, ""chi_bits"": 4, ""mps_l"": 16.4778, ""hsf_k"": 4, ""hsf_na"": 12, ""hsf_nb"": 12, ""hsf_l"": 28.1098, ""sup"": 24, ""chi_bits0"": 4, ""mps_l0"": 16.4778, ""hsf_keff"": 4, ""hsf_l0"": 28.1098, ""sparse_l"": 32.3399, ""sv_l"": 32.3399, ""feat_secs"": 0.006098, ""feat_secs_frame"": 0.000316, ""feat_secs_hsf"": 0.00562}"
ct,"ct:n=24,L=8,t=24,nn=1",1,"{""n"": 24.0, ""L"": 8.0, ""t"": 24.0, ""nn"": 1.0}",mps,ok,0.000837,0.0080,2899968,-5.967201199940869e-96,8,0.0,5.967201199940869e-96,,"{""n"": 24, ""gates"": 324, ""g2"": 92, ""g3"": 0, ""depth2"": 8, ""t_count"": 24, ""rotations"": 24, ""d"": 17, ""dense_l"": 18.4471, ""redundant"": 7, ""obs_zero"": true, ""frame_l"": 8.3399, ""chi_bits"": 4, ""mps_l"": 16.4778, ""hsf_k"": 4, ""hsf_na"": 12, ""hsf_nb"": 12, ""hsf_l"": 28.1098, ""sup"": 24, ""chi_bits0"": 4, ""mps_l0"": 16.4778, ""hsf_keff"": 4, ""hsf_l0"": 28.1098, ""sparse_l"": 32.3399, ""sv_l"": 32.3399, ""feat_secs"": 0.006098, ""feat_secs_frame"": 0.000316, ""feat_secs_hsf"": 0.00562}"
ct,"ct:n=24,L=8,t=24,nn=1",1,"{""n"": 24.0, ""L"": 8.0, ""t"": 24.0, ""nn"": 1.0}",hsf,ok,0.150378,0.1567,274694144,0.0,16,0.0,0.0,,"{""n"": 24, ""gates"": 324, ""g2"": 92, ""g3"": 0, ""depth2"": 8, ""t_count"": 24, ""rotations"": 24, ""d"": 17, ""dense_l"": 18.4471, ""redundant"": 7, ""obs_zero"": true, ""frame_l"": 8.3399, ""chi_bits"": 4, ""mps_l"": 16.4778, ""hsf_k"": 4, ""hsf_na"": 12, ""hsf_nb"": 12, ""hsf_l"": 28.1098, ""sup"": 24, ""chi_bits0"": 4, ""mps_l0"": 16.4778, ""hsf_keff"": 4, ""hsf_l0"": 28.1098, ""sparse_l"": 32.3399, ""sv_l"": 32.3399, ""feat_secs"": 0.006098, ""feat_secs_frame"": 0.000316, ""feat_secs_hsf"": 0.00562}"
ct,"ct:n=24,L=8,t=24,nn=1",1,"{""n"": 24.0, ""L"": 8.0, ""t"": 24.0, ""nn"": 1.0}",tableau,na,,0.0046,1884160,,,0.0,,"TooLarge { what: ""tableau (non-Clifford circuit)"", bytes: 0, limit: 0 }","{""n"": 24, ""gates"": 324, ""g2"": 92, ""g3"": 0, ""depth2"": 8, ""t_count"": 24, ""rotations"": 24, ""d"": 17, ""dense_l"": 18.4471, ""redundant"": 7, ""obs_zero"": true, ""frame_l"": 8.3399, ""chi_bits"": 4, ""mps_l"": 16.4778, ""hsf_k"": 4, ""hsf_na"": 12, ""hsf_nb"": 12, ""hsf_l"": 28.1098, ""sup"": 24, ""chi_bits0"": 4, ""mps_l0"": 16.4778, ""hsf_keff"": 4, ""hsf_l0"": 28.1098, ""sparse_l"": 32.3399, ""sv_l"": 32.3399, ""feat_secs"": 0.006098, ""feat_secs_frame"": 0.000316, ""feat_secs_hsf"": 0.00562}"
ct,"ct:n=24,L=8,t=24,nn=1",1,"{""n"": 24.0, ""L"": 8.0, ""t"": 24.0, ""nn"": 1.0}",frame,ok,0.000304,0.0069,2555904,-0.0,0,0.0,0.0,switched_at=None dense_qubits=0 peak_terms=0 term_visits=0 dense_ops=0,"{""n"": 24, ""gates"": 324, ""g2"": 92, ""g3"": 0, ""depth2"": 8, ""t_count"": 24, ""rotations"": 24, ""d"": 17, ""dense_l"": 18.4471, ""redundant"": 7, ""obs_zero"": true, ""frame_l"": 8.3399, ""chi_bits"": 4, ""mps_l"": 16.4778, ""hsf_k"": 4, ""hsf_na"": 12, ""hsf_nb"": 12, ""hsf_l"": 28.1098, ""sup"": 24, ""chi_bits0"": 4, ""mps_l0"": 16.4778, ""hsf_keff"": 4, ""hsf_l0"": 28.1098, ""sparse_l"": 32.3399, ""sv_l"": 32.3399, ""feat_secs"": 0.006098, ""feat_secs_frame"": 0.000316, ""feat_secs_hsf"": 0.00562}"
ct,"ct:n=24,L=8,t=24,nn=1",1,"{""n"": 24.0, ""L"": 8.0, ""t"": 24.0, ""nn"": 1.0}",dense,ok,0.001207,0.0077,4636672,0.0,17,0.0,0.0,switched_at=Some(23) dense_qubits=17 peak_terms=0 term_visits=0 dense_ops=353295,"{""n"": 24, ""gates"": 324, ""g2"": 92, ""g3"": 0, ""depth2"": 8, ""t_count"": 24, ""rotations"": 24, ""d"": 17, ""dense_l"": 18.4471, ""redundant"": 7, ""obs_zero"": true, ""frame_l"": 8.3399, ""chi_bits"": 4, ""mps_l"": 16.4778, ""hsf_k"": 4, ""hsf_na"": 12, ""hsf_nb"": 12, ""hsf_l"": 28.1098, ""sup"": 24, ""chi_bits0"": 4, ""mps_l0"": 16.4778, ""hsf_keff"": 4, ""hsf_l0"": 28.1098, ""sparse_l"": 32.3399, ""sv_l"": 32.3399, ""feat_secs"": 0.006098, ""feat_secs_frame"": 0.000316, ""feat_secs_hsf"": 0.00562}"
ct,"ct:n=24,L=8,t=24,nn=1",1,"{""n"": 24.0, ""L"": 8.0, ""t"": 24.0, ""nn"": 1.0}",auto,ok,0.000392,0.0071,2572288,-0.0,0,0.0,0.0,switched_at=None dense_qubits=0 peak_terms=0 term_visits=0 dense_ops=0,"{""n"": 24, ""gates"": 324, ""g2"": 92, ""g3"": 0, ""depth2"": 8, ""t_count"": 24, ""rotations"": 24, ""d"": 17, ""dense_l"": 18.4471, ""redundant"": 7, ""obs_zero"": true, ""frame_l"": 8.3399, ""chi_bits"": 4, ""mps_l"": 16.4778, ""hsf_k"": 4, ""hsf_na"": 12, ""hsf_nb"": 12, ""hsf_l"": 28.1098, ""sup"": 24, ""chi_bits0"": 4, ""mps_l0"": 16.4778, ""hsf_keff"": 4, ""hsf_l0"": 28.1098, ""sparse_l"": 32.3399, ""sv_l"": 32.3399, ""feat_secs"": 0.006098, ""feat_secs_frame"": 0.000316, ""feat_secs_hsf"": 0.00562}"
ct,"ct:n=24,L=8,t=32,nn=1",1,"{""n"": 24.0, ""L"": 8.0, ""t"": 32.0, ""nn"": 1.0}",sv,ok,2.236554,2.2429,272564224,7.57035696608531e-21,16777216,7.57035696608531e-21,0.0,,"{""n"": 24, ""gates"": 350, ""g2"": 92, ""g3"": 0, ""depth2"": 8, ""t_count"": 32, ""rotations"": 32, ""d"": 21, ""dense_l"": 22.6475, ""redundant"": 11, ""obs_zero"": true, ""frame_l"": 8.4512, ""chi_bits"": 4, ""mps_l"": 16.5116, ""hsf_k"": 4, ""hsf_na"": 12, ""hsf_nb"": 12, ""hsf_l"": 28.1183, ""sup"": 24, ""chi_bits0"": 4, ""mps_l0"": 16.5116, ""hsf_keff"": 4, ""hsf_l0"": 28.1183, ""sparse_l"": 32.4512, ""sv_l"": 32.4512, ""feat_secs"": 0.006895, ""feat_secs_frame"": 0.000344, ""feat_secs_hsf"": 0.006456}"
ct,"ct:n=24,L=8,t=32,nn=1",1,"{""n"": 24.0, ""L"": 8.0, ""t"": 32.0, ""nn"": 1.0}",sparse,skipped,,,,,,7.57035696608531e-21,,,"{""n"": 24, ""gates"": 350, ""g2"": 92, ""g3"": 0, ""depth2"": 8, ""t_count"": 32, ""rotations"": 32, ""d"": 21, ""dense_l"": 22.6475, ""redundant"": 11, ""obs_zero"": true, ""frame_l"": 8.4512, ""chi_bits"": 4, ""mps_l"": 16.5116, ""hsf_k"": 4, ""hsf_na"": 12, ""hsf_nb"": 12, ""hsf_l"": 28.1183, ""sup"": 24, ""chi_bits0"": 4, ""mps_l0"": 16.5116, ""hsf_keff"": 4, ""hsf_l0"": 28.1183, ""sparse_l"": 32.4512, ""sv_l"": 32.4512, ""feat_secs"": 0.006895, ""feat_secs_frame"": 0.000344, ""feat_secs_hsf"": 0.006456}"
ct,"ct:n=24,L=8,t=32,nn=1",1,"{""n"": 24.0, ""L"": 8.0, ""t"": 32.0, ""nn"": 1.0}",mps,ok,0.000937,0.0071,2768896,1.298414033945855e-46,8,7.57035696608531e-21,7.57035696608531e-21,,"{""n"": 24, ""gates"": 350, ""g2"": 92, ""g3"": 0, ""depth2"": 8, ""t_count"": 32, ""rotations"": 32, ""d"": 21, ""dense_l"": 22.6475, ""redundant"": 11, ""obs_zero"": true, ""frame_l"": 8.4512, ""chi_bits"": 4, ""mps_l"": 16.5116, ""hsf_k"": 4, ""hsf_na"": 12, ""hsf_nb"": 12, ""hsf_l"": 28.1183, ""sup"": 24, ""chi_bits0"": 4, ""mps_l0"": 16.5116, ""hsf_keff"": 4, ""hsf_l0"": 28.1183, ""sparse_l"": 32.4512, ""sv_l"": 32.4512, ""feat_secs"": 0.006895, ""feat_secs_frame"": 0.000344, ""feat_secs_hsf"": 0.006456}"
ct,"ct:n=24,L=8,t=32,nn=1",1,"{""n"": 24.0, ""L"": 8.0, ""t"": 32.0, ""nn"": 1.0}",hsf,ok,0.117315,0.1228,273743872,-2.514629062161204e-21,16,7.57035696608531e-21,1.0084986028246513e-20,,"{""n"": 24, ""gates"": 350, ""g2"": 92, ""g3"": 0, ""depth2"": 8, ""t_count"": 32, ""rotations"": 32, ""d"": 21, ""dense_l"": 22.6475, ""redundant"": 11, ""obs_zero"": true, ""frame_l"": 8.4512, ""chi_bits"": 4, ""mps_l"": 16.5116, ""hsf_k"": 4, ""hsf_na"": 12, ""hsf_nb"": 12, ""hsf_l"": 28.1183, ""sup"": 24, ""chi_bits0"": 4, ""mps_l0"": 16.5116, ""hsf_keff"": 4, ""hsf_l0"": 28.1183, ""sparse_l"": 32.4512, ""sv_l"": 32.4512, ""feat_secs"": 0.006895, ""feat_secs_frame"": 0.000344, ""feat_secs_hsf"": 0.006456}"
ct,"ct:n=24,L=8,t=32,nn=1",1,"{""n"": 24.0, ""L"": 8.0, ""t"": 32.0, ""nn"": 1.0}",tableau,na,,0.0047,1884160,,,7.57035696608531e-21,,"TooLarge { what: ""tableau (non-Clifford circuit)"", bytes: 0, limit: 0 }","{""n"": 24, ""gates"": 350, ""g2"": 92, ""g3"": 0, ""depth2"": 8, ""t_count"": 32, ""rotations"": 32, ""d"": 21, ""dense_l"": 22.6475, ""redundant"": 11, ""obs_zero"": true, ""frame_l"": 8.4512, ""chi_bits"": 4, ""mps_l"": 16.5116, ""hsf_k"": 4, ""hsf_na"": 12, ""hsf_nb"": 12, ""hsf_l"": 28.1183, ""sup"": 24, ""chi_bits0"": 4, ""mps_l0"": 16.5116, ""hsf_keff"": 4, ""hsf_l0"": 28.1183, ""sparse_l"": 32.4512, ""sv_l"": 32.4512, ""feat_secs"": 0.006895, ""feat_secs_frame"": 0.000344, ""feat_secs_hsf"": 0.006456}"
ct,"ct:n=24,L=8,t=32,nn=1",1,"{""n"": 24.0, ""L"": 8.0, ""t"": 32.0, ""nn"": 1.0}",frame,ok,0.000418,0.0066,2572288,-0.0,0,7.57035696608531e-21,7.57035696608531e-21,switched_at=None dense_qubits=0 peak_terms=0 term_visits=0 dense_ops=0,"{""n"": 24, ""gates"": 350, ""g2"": 92, ""g3"": 0, ""depth2"": 8, ""t_count"": 32, ""rotations"": 32, ""d"": 21, ""dense_l"": 22.6475, ""redundant"": 11, ""obs_zero"": true, ""frame_l"": 8.4512, ""chi_bits"": 4, ""mps_l"": 16.5116, ""hsf_k"": 4, ""hsf_na"": 12, ""hsf_nb"": 12, ""hsf_l"": 28.1183, ""sup"": 24, ""chi_bits0"": 4, ""mps_l0"": 16.5116, ""hsf_keff"": 4, ""hsf_l0"": 28.1183, ""sparse_l"": 32.4512, ""sv_l"": 32.4512, ""feat_secs"": 0.006895, ""feat_secs_frame"": 0.000344, ""feat_secs_hsf"": 0.006456}"
ct,"ct:n=24,L=8,t=32,nn=1",1,"{""n"": 24.0, ""L"": 8.0, ""t"": 32.0, ""nn"": 1.0}",dense,ok,0.012266,0.0174,36257792,0.0,21,7.57035696608531e-21,7.57035696608531e-21,switched_at=Some(31) dense_qubits=21 peak_terms=0 term_visits=0 dense_ops=6570008,"{""n"": 24, ""gates"": 350, ""g2"": 92, ""g3"": 0, ""depth2"": 8, ""t_count"": 32, ""rotations"": 32, ""d"": 21, ""dense_l"": 22.6475, ""redundant"": 11, ""obs_zero"": true, ""frame_l"": 8.4512, ""chi_bits"": 4, ""mps_l"": 16.5116, ""hsf_k"": 4, ""hsf_na"": 12, ""hsf_nb"": 12, ""hsf_l"": 28.1183, ""sup"": 24, ""chi_bits0"": 4, ""mps_l0"": 16.5116, ""hsf_keff"": 4, ""hsf_l0"": 28.1183, ""sparse_l"": 32.4512, ""sv_l"": 32.4512, ""feat_secs"": 0.006895, ""feat_secs_frame"": 0.000344, ""feat_secs_hsf"": 0.006456}"
ct,"ct:n=24,L=8,t=32,nn=1",1,"{""n"": 24.0, ""L"": 8.0, ""t"": 32.0, ""nn"": 1.0}",auto,ok,0.000364,0.0046,2572288,-0.0,0,7.57035696608531e-21,7.57035696608531e-21,switched_at=None dense_qubits=0 peak_terms=0 term_visits=0 dense_ops=0,"{""n"": 24, ""gates"": 350, ""g2"": 92, ""g3"": 0, ""depth2"": 8, ""t_count"": 32, ""rotations"": 32, ""d"": 21, ""dense_l"": 22.6475, ""redundant"": 11, ""obs_zero"": true, ""frame_l"": 8.4512, ""chi_bits"": 4, ""mps_l"": 16.5116, ""hsf_k"": 4, ""hsf_na"": 12, ""hsf_nb"": 12, ""hsf_l"": 28.1183, ""sup"": 24, ""chi_bits0"": 4, ""mps_l0"": 16.5116, ""hsf_keff"": 4, ""hsf_l0"": 28.1183, ""sparse_l"": 32.4512, ""sv_l"": 32.4512, ""feat_secs"": 0.006895, ""feat_secs_frame"": 0.000344, ""feat_secs_hsf"": 0.006456}"
ct,"ct:n=24,L=8,t=48,nn=1",1,"{""n"": 24.0, ""L"": 8.0, ""t"": 48.0, ""nn"": 1.0}",sv,ok,2.259564,2.2669,272547840,1.150732309153144e-19,16777216,1.150732309153144e-19,0.0,,"{""n"": 24, ""gates"": 381, ""g2"": 92, ""g3"": 0, ""depth2"": 8, ""t_count"": 48, ""rotations"": 48, ""d"": 24, ""dense_l"": 25.5968, ""redundant"": 24, ""obs_zero"": false, ""frame_l"": 17.585, ""chi_bits"": 4, ""mps_l"": 16.5297, ""hsf_k"": 4, ""hsf_na"": 12, ""hsf_nb"": 12, ""hsf_l"": 28.1283, ""sup"": 24, ""chi_bits0"": 4, ""mps_l0"": 16.5297, ""hsf_keff"": 4, ""hsf_l0"": 28.1283, ""sparse_l"": 32.5736, ""sv_l"": 32.5736, ""feat_secs"": 0.00763, ""feat_secs_frame"": 0.000592, ""feat_secs_hsf"": 0.006886}"
ct,"ct:n=24,L=8,t=48,nn=1",1,"{""n"": 24.0, ""L"": 8.0, ""t"": 48.0, ""nn"": 1.0}",sparse,skipped,,,,,,1.150732309153144e-19,,,"{""n"": 24, ""gates"": 381, ""g2"": 92, ""g3"": 0, ""depth2"": 8, ""t_count"": 48, ""rotations"": 48, ""d"": 24, ""dense_l"": 25.5968, ""redundant"": 24, ""obs_zero"": false, ""frame_l"": 17.585, ""chi_bits"": 4, ""mps_l"": 16.5297, ""hsf_k"": 4, ""hsf_na"": 12, ""hsf_nb"": 12, ""hsf_l"": 28.1283, ""sup"": 24, ""chi_bits0"": 4, ""mps_l0"": 16.5297, ""hsf_keff"": 4, ""hsf_l0"": 28.1283, ""sparse_l"": 32.5736, ""sv_l"": 32.5736, ""feat_secs"": 0.00763, ""feat_secs_frame"": 0.000592, ""feat_secs_hsf"": 0.006886}"
ct,"ct:n=24,L=8,t=48,nn=1",1,"{""n"": 24.0, ""L"": 8.0, ""t"": 48.0, ""nn"": 1.0}",mps,ok,0.000967,0.0075,2818048,-1.210802647706991e-48,8,1.150732309153144e-19,1.150732309153144e-19,,"{""n"": 24, ""gates"": 381, ""g2"": 92, ""g3"": 0, ""depth2"": 8, ""t_count"": 48, ""rotations"": 48, ""d"": 24, ""dense_l"": 25.5968, ""redundant"": 24, ""obs_zero"": false, ""frame_l"": 17.585, ""chi_bits"": 4, ""mps_l"": 16.5297, ""hsf_k"": 4, ""hsf_na"": 12, ""hsf_nb"": 12, ""hsf_l"": 28.1283, ""sup"": 24, ""chi_bits0"": 4, ""mps_l0"": 16.5297, ""hsf_keff"": 4, ""hsf_l0"": 28.1283, ""sparse_l"": 32.5736, ""sv_l"": 32.5736, ""feat_secs"": 0.00763, ""feat_secs_frame"": 0.000592, ""feat_secs_hsf"": 0.006886}"
ct,"ct:n=24,L=8,t=48,nn=1",1,"{""n"": 24.0, ""L"": 8.0, ""t"": 48.0, ""nn"": 1.0}",hsf,ok,0.154306,0.1598,274677760,6.029154048776508e-20,16,1.150732309153144e-19,5.478169042754932e-20,,"{""n"": 24, ""gates"": 381, ""g2"": 92, ""g3"": 0, ""depth2"": 8, ""t_count"": 48, ""rotations"": 48, ""d"": 24, ""dense_l"": 25.5968, ""redundant"": 24, ""obs_zero"": false, ""frame_l"": 17.585, ""chi_bits"": 4, ""mps_l"": 16.5297, ""hsf_k"": 4, ""hsf_na"": 12, ""hsf_nb"": 12, ""hsf_l"": 28.1283, ""sup"": 24, ""chi_bits0"": 4, ""mps_l0"": 16.5297, ""hsf_keff"": 4, ""hsf_l0"": 28.1283, ""sparse_l"": 32.5736, ""sv_l"": 32.5736, ""feat_secs"": 0.00763, ""feat_secs_frame"": 0.000592, ""feat_secs_hsf"": 0.006886}"
ct,"ct:n=24,L=8,t=48,nn=1",1,"{""n"": 24.0, ""L"": 8.0, ""t"": 48.0, ""nn"": 1.0}",tableau,na,,0.0047,1884160,,,1.150732309153144e-19,,"TooLarge { what: ""tableau (non-Clifford circuit)"", bytes: 0, limit: 0 }","{""n"": 24, ""gates"": 381, ""g2"": 92, ""g3"": 0, ""depth2"": 8, ""t_count"": 48, ""rotations"": 48, ""d"": 24, ""dense_l"": 25.5968, ""redundant"": 24, ""obs_zero"": false, ""frame_l"": 17.585, ""chi_bits"": 4, ""mps_l"": 16.5297, ""hsf_k"": 4, ""hsf_na"": 12, ""hsf_nb"": 12, ""hsf_l"": 28.1283, ""sup"": 24, ""chi_bits0"": 4, ""mps_l0"": 16.5297, ""hsf_keff"": 4, ""hsf_l0"": 28.1283, ""sparse_l"": 32.5736, ""sv_l"": 32.5736, ""feat_secs"": 0.00763, ""feat_secs_frame"": 0.000592, ""feat_secs_hsf"": 0.006886}"
ct,"ct:n=24,L=8,t=48,nn=1",1,"{""n"": 24.0, ""L"": 8.0, ""t"": 48.0, ""nn"": 1.0}",frame,ok,0.000407,0.0047,2572288,-0.0,1,1.150732309153144e-19,1.150732309153144e-19,switched_at=None dense_qubits=0 peak_terms=1 term_visits=2 dense_ops=0,"{""n"": 24, ""gates"": 381, ""g2"": 92, ""g3"": 0, ""depth2"": 8, ""t_count"": 48, ""rotations"": 48, ""d"": 24, ""dense_l"": 25.5968, ""redundant"": 24, ""obs_zero"": false, ""frame_l"": 17.585, ""chi_bits"": 4, ""mps_l"": 16.5297, ""hsf_k"": 4, ""hsf_na"": 12, ""hsf_nb"": 12, ""hsf_l"": 28.1283, ""sup"": 24, ""chi_bits0"": 4, ""mps_l0"": 16.5297, ""hsf_keff"": 4, ""hsf_l0"": 28.1283, ""sparse_l"": 32.5736, ""sv_l"": 32.5736, ""feat_secs"": 0.00763, ""feat_secs_frame"": 0.000592, ""feat_secs_hsf"": 0.006886}"
ct,"ct:n=24,L=8,t=48,nn=1",1,"{""n"": 24.0, ""L"": 8.0, ""t"": 48.0, ""nn"": 1.0}",dense,ok,0.132523,0.1388,271351808,1.27767139344895e-20,24,1.150732309153144e-19,1.022965169808249e-19,switched_at=Some(45) dense_qubits=24 peak_terms=1 term_visits=0 dense_ops=67262608,"{""n"": 24, ""gates"": 381, ""g2"": 92, ""g3"": 0, ""depth2"": 8, ""t_count"": 48, ""rotations"": 48, ""d"": 24, ""dense_l"": 25.5968, ""redundant"": 24, ""obs_zero"": false, ""frame_l"": 17.585, ""chi_bits"": 4, ""mps_l"": 16.5297, ""hsf_k"": 4, ""hsf_na"": 12, ""hsf_nb"": 12, ""hsf_l"": 28.1283, ""sup"": 24, ""chi_bits0"": 4, ""mps_l0"": 16.5297, ""hsf_keff"": 4, ""hsf_l0"": 28.1283, ""sparse_l"": 32.5736, ""sv_l"": 32.5736, ""feat_secs"": 0.00763, ""feat_secs_frame"": 0.000592, ""feat_secs_hsf"": 0.006886}"
ct,"ct:n=24,L=8,t=48,nn=1",1,"{""n"": 24.0, ""L"": 8.0, ""t"": 48.0, ""nn"": 1.0}",auto,ok,0.000497,0.0076,2572288,-0.0,0,1.150732309153144e-19,1.150732309153144e-19,switched_at=None dense_qubits=0 peak_terms=1 term_visits=2 dense_ops=0,"{""n"": 24, ""gates"": 381, ""g2"": 92, ""g3"": 0, ""depth2"": 8, ""t_count"": 48, ""rotations"": 48, ""d"": 24, ""dense_l"": 25.5968, ""redundant"": 24, ""obs_zero"": false, ""frame_l"": 17.585, ""chi_bits"": 4, ""mps_l"": 16.5297, ""hsf_k"": 4, ""hsf_na"": 12, ""hsf_nb"": 12, ""hsf_l"": 28.1283, ""sup"": 24, ""chi_bits0"": 4, ""mps_l0"": 16.5297, ""hsf_keff"": 4, ""hsf_l0"": 28.1283, ""sparse_l"": 32.5736, ""sv_l"": 32.5736, ""feat_secs"": 0.00763, ""feat_secs_frame"": 0.000592, ""feat_secs_hsf"": 0.006886}"
ct,"ct:n=24,L=8,t=64,nn=1",1,"{""n"": 24.0, ""L"": 8.0, ""t"": 64.0, ""nn"": 1.0}",sv,ok,2.337278,2.3419,272629760,-7.656987591637988e-19,16777216,-7.656987591637988e-19,0.0,,"{""n"": 24, ""gates"": 398, ""g2"": 92, ""g3"": 0, ""depth2"": 8, ""t_count"": 64, ""rotations"": 64, ""d"": 24, ""dense_l"": 27.1737, ""redundant"": 40, ""obs_zero"": false, ""frame_l"": 26.0, ""chi_bits"": 4, ""mps_l"": 16.5186, ""hsf_k"": 4, ""hsf_na"": 12, ""hsf_nb"": 12, ""hsf_l"": 28.1338, ""sup"": 24, ""chi_bits0"": 4, ""mps_l0"": 16.5186, ""hsf_keff"": 4, ""hsf_l0"": 28.1338, ""sparse_l"": 32.6366, ""sv_l"": 32.6366, ""feat_secs"": 0.007576, ""feat_secs_frame"": 0.00049, ""feat_secs_hsf"": 0.006964}"
ct,"ct:n=24,L=8,t=64,nn=1",1,"{""n"": 24.0, ""L"": 8.0, ""t"": 64.0, ""nn"": 1.0}",sparse,skipped,,,,,,-7.656987591637988e-19,,,"{""n"": 24, ""gates"": 398, ""g2"": 92, ""g3"": 0, ""depth2"": 8, ""t_count"": 64, ""rotations"": 64, ""d"": 24, ""dense_l"": 27.1737, ""redundant"": 40, ""obs_zero"": false, ""frame_l"": 26.0, ""chi_bits"": 4, ""mps_l"": 16.5186, ""hsf_k"": 4, ""hsf_na"": 12, ""hsf_nb"": 12, ""hsf_l"": 28.1338, ""sup"": 24, ""chi_bits0"": 4, ""mps_l0"": 16.5186, ""hsf_keff"": 4, ""hsf_l0"": 28.1338, ""sparse_l"": 32.6366, ""sv_l"": 32.6366, ""feat_secs"": 0.007576, ""feat_secs_frame"": 0.00049, ""feat_secs_hsf"": 0.006964}"
ct,"ct:n=24,L=8,t=64,nn=1",1,"{""n"": 24.0, ""L"": 8.0, ""t"": 64.0, ""nn"": 1.0}",mps,ok,0.001054,0.0072,2965504,-8.255832790008566e-19,8,-7.656987591637988e-19,5.988451983705784e-20,,"{""n"": 24, ""gates"": 398, ""g2"": 92, ""g3"": 0, ""depth2"": 8, ""t_count"": 64, ""rotations"": 64, ""d"": 24, ""dense_l"": 27.1737, ""redundant"": 40, ""obs_zero"": false, ""frame_l"": 26.0, ""chi_bits"": 4, ""mps_l"": 16.5186, ""hsf_k"": 4, ""hsf_na"": 12, ""hsf_nb"": 12, ""hsf_l"": 28.1338, ""sup"": 24, ""chi_bits0"": 4, ""mps_l0"": 16.5186, ""hsf_keff"": 4, ""hsf_l0"": 28.1338, ""sparse_l"": 32.6366, ""sv_l"": 32.6366, ""feat_secs"": 0.007576, ""feat_secs_frame"": 0.00049, ""feat_secs_hsf"": 0.006964}"
ct,"ct:n=24,L=8,t=64,nn=1",1,"{""n"": 24.0, ""L"": 8.0, ""t"": 64.0, ""nn"": 1.0}",hsf,ok,0.150122,0.1559,274661376,-2.941733845285609e-18,16,-7.656987591637988e-19,2.17603508612181e-18,,"{""n"": 24, ""gates"": 398, ""g2"": 92, ""g3"": 0, ""depth2"": 8, ""t_count"": 64, ""rotations"": 64, ""d"": 24, ""dense_l"": 27.1737, ""redundant"": 40, ""obs_zero"": false, ""frame_l"": 26.0, ""chi_bits"": 4, ""mps_l"": 16.5186, ""hsf_k"": 4, ""hsf_na"": 12, ""hsf_nb"": 12, ""hsf_l"": 28.1338, ""sup"": 24, ""chi_bits0"": 4, ""mps_l0"": 16.5186, ""hsf_keff"": 4, ""hsf_l0"": 28.1338, ""sparse_l"": 32.6366, ""sv_l"": 32.6366, ""feat_secs"": 0.007576, ""feat_secs_frame"": 0.00049, ""feat_secs_hsf"": 0.006964}"
ct,"ct:n=24,L=8,t=64,nn=1",1,"{""n"": 24.0, ""L"": 8.0, ""t"": 64.0, ""nn"": 1.0}",tableau,na,,0.0051,1900544,,,-7.656987591637988e-19,,"TooLarge { what: ""tableau (non-Clifford circuit)"", bytes: 0, limit: 0 }","{""n"": 24, ""gates"": 398, ""g2"": 92, ""g3"": 0, ""depth2"": 8, ""t_count"": 64, ""rotations"": 64, ""d"": 24, ""dense_l"": 27.1737, ""redundant"": 40, ""obs_zero"": false, ""frame_l"": 26.0, ""chi_bits"": 4, ""mps_l"": 16.5186, ""hsf_k"": 4, ""hsf_na"": 12, ""hsf_nb"": 12, ""hsf_l"": 28.1338, ""sup"": 24, ""chi_bits0"": 4, ""mps_l0"": 16.5186, ""hsf_keff"": 4, ""hsf_l0"": 28.1338, ""sparse_l"": 32.6366, ""sv_l"": 32.6366, ""feat_secs"": 0.007576, ""feat_secs_frame"": 0.00049, ""feat_secs_hsf"": 0.006964}"
ct,"ct:n=24,L=8,t=64,nn=1",1,"{""n"": 24.0, ""L"": 8.0, ""t"": 64.0, ""nn"": 1.0}",frame,ok,0.003807,0.0111,4128768,-0.0,8640,-7.656987591637988e-19,7.656987591637988e-19,switched_at=None dense_qubits=0 peak_terms=8640 term_visits=74589 dense_ops=0,"{""n"": 24, ""gates"": 398, ""g2"": 92, ""g3"": 0, ""depth2"": 8, ""t_count"": 64, ""rotations"": 64, ""d"": 24, ""dense_l"": 27.1737, ""redundant"": 40, ""obs_zero"": false, ""frame_l"": 26.0, ""chi_bits"": 4, ""mps_l"": 16.5186, ""hsf_k"": 4, ""hsf_na"": 12, ""hsf_nb"": 12, ""hsf_l"": 28.1338, ""sup"": 24, ""chi_bits0"": 4, ""mps_l0"": 16.5186, ""hsf_keff"": 4, ""hsf_l0"": 28.1338, ""sparse_l"": 32.6366, ""sv_l"": 32.6366, ""feat_secs"": 0.007576, ""feat_secs_frame"": 0.00049, ""feat_secs_hsf"": 0.006964}"
ct,"ct:n=24,L=8,t=64,nn=1",1,"{""n"": 24.0, ""L"": 8.0, ""t"": 64.0, ""nn"": 1.0}",dense,ok,0.266009,0.2722,272072704,-5.558811914648497e-18,24,-7.656987591637988e-19,4.793113155484698e-18,switched_at=Some(59) dense_qubits=24 peak_terms=1 term_visits=0 dense_ops=155582599,"{""n"": 24, ""gates"": 398, ""g2"": 92, ""g3"": 0, ""depth2"": 8, ""t_count"": 64, ""rotations"": 64, ""d"": 24, ""dense_l"": 27.1737, ""redundant"": 40, ""obs_zero"": false, ""frame_l"": 26.0, ""chi_bits"": 4, ""mps_l"": 16.5186, ""hsf_k"": 4, ""hsf_na"": 12, ""hsf_nb"": 12, ""hsf_l"": 28.1338, ""sup"": 24, ""chi_bits0"": 4, ""mps_l0"": 16.5186, ""hsf_keff"": 4, ""hsf_l0"": 28.1338, ""sparse_l"": 32.6366, ""sv_l"": 32.6366, ""feat_secs"": 0.007576, ""feat_secs_frame"": 0.00049, ""feat_secs_hsf"": 0.006964}"
ct,"ct:n=24,L=8,t=64,nn=1",1,"{""n"": 24.0, ""L"": 8.0, ""t"": 64.0, ""nn"": 1.0}",auto,ok,0.003765,0.0100,4145152,-0.0,0,-7.656987591637988e-19,7.656987591637988e-19,switched_at=None dense_qubits=0 peak_terms=8640 term_visits=74589 dense_ops=0,"{""n"": 24, ""gates"": 398, ""g2"": 92, ""g3"": 0, ""depth2"": 8, ""t_count"": 64, ""rotations"": 64, ""d"": 24, ""dense_l"": 27.1737, ""redundant"": 40, ""obs_zero"": false, ""frame_l"": 26.0, ""chi_bits"": 4, ""mps_l"": 16.5186, ""hsf_k"": 4, ""hsf_na"": 12, ""hsf_nb"": 12, ""hsf_l"": 28.1338, ""sup"": 24, ""chi_bits0"": 4, ""mps_l0"": 16.5186, ""hsf_keff"": 4, ""hsf_l0"": 28.1338, ""sparse_l"": 32.6366, ""sv_l"": 32.6366, ""feat_secs"": 0.007576, ""feat_secs_frame"": 0.00049, ""feat_secs_hsf"": 0.006964}"
ct,"ct:n=24,L=16,t=0,nn=1",1,"{""n"": 24.0, ""L"": 16.0, ""t"": 0.0, ""nn"": 1.0}",sv,ok,3.547052,3.5520,272744448,0.0,16777216,0.0,0.0,,"{""n"": 24, ""gates"": 547, ""g2"": 184, ""g3"": 0, ""depth2"": 16, ""t_count"": 0, ""rotations"": 0, ""d"": 0, ""dense_l"": 0.0, ""redundant"": 0, ""obs_zero"": true, ""frame_l"": 9.0954, ""chi_bits"": 8, ""mps_l"": 27.4588, ""hsf_k"": 8, ""hsf_na"": 12, ""hsf_nb"": 12, ""hsf_l"": 31.1808, ""sup"": 24, ""chi_bits0"": 8, ""mps_l0"": 27.4588, ""hsf_keff"": 7, ""hsf_l0"": 32.1808, ""sparse_l"": 33.0954, ""sv_l"": 33.0954, ""feat_secs"": 0.006653, ""feat_secs_frame"": 0.000737, ""feat_secs_hsf"": 0.005752}"
ct,"ct:n=24,L=16,t=0,nn=1",1,"{""n"": 24.0, ""L"": 16.0, ""t"": 0.0, ""nn"": 1.0}",sparse,skipped,,,,,,0.0,,,"{""n"": 24, ""gates"": 547, ""g2"": 184, ""g3"": 0, ""depth2"": 16, ""t_count"": 0, ""rotations"": 0, ""d"": 0, ""dense_l"": 0.0, ""redundant"": 0, ""obs_zero"": true, ""frame_l"": 9.0954, ""chi_bits"": 8, ""mps_l"": 27.4588, ""hsf_k"": 8, ""hsf_na"": 12, ""hsf_nb"": 12, ""hsf_l"": 31.1808, ""sup"": 24, ""chi_bits0"": 8, ""mps_l0"": 27.4588, ""hsf_keff"": 7, ""hsf_l0"": 32.1808, ""sparse_l"": 33.0954, ""sv_l"": 33.0954, ""feat_secs"": 0.006653, ""feat_secs_frame"": 0.000737, ""feat_secs_hsf"": 0.005752}"
ct,"ct:n=24,L=16,t=0,nn=1",1,"{""n"": 24.0, ""L"": 16.0, ""t"": 0.0, ""nn"": 1.0}",mps,ok,0.005912,0.0134,4259840,2.310325612894722e-64,32,0.0,2.310325612894722e-64,,"{""n"": 24, ""gates"": 547, ""g2"": 184, ""g3"": 0, ""depth2"": 16, ""t_count"": 0, ""rotations"": 0, ""d"": 0, ""dense_l"": 0.0, ""redundant"": 0, ""obs_zero"": true, ""frame_l"": 9.0954, ""chi_bits"": 8, ""mps_l"": 27.4588, ""hsf_k"": 8, ""hsf_na"": 12, ""hsf_nb"": 12, ""hsf_l"": 31.1808, ""sup"": 24, ""chi_bits0"": 8, ""mps_l0"": 27.4588, ""hsf_keff"": 7, ""hsf_l0"": 32.1808, ""sparse_l"": 33.0954, ""sv_l"": 33.0954, ""feat_secs"": 0.006653, ""feat_secs_frame"": 0.000737, ""feat_secs_hsf"": 0.005752}"
ct,"ct:n=24,L=16,t=0,nn=1",1,"{""n"": 24.0, ""L"": 16.0, ""t"": 0.0, ""nn"": 1.0}",hsf,ok,0.674835,0.6820,284786688,0.0,256,0.0,0.0,,"{""n"": 24, ""gates"": 547, ""g2"": 184, ""g3"": 0, ""depth2"": 16, ""t_count"": 0, ""rotations"": 0, ""d"": 0, ""dense_l"": 0.0, ""redundant"": 0, ""obs_zero"": true, ""frame_l"": 9.0954, ""chi_bits"": 8, ""mps_l"": 27.4588, ""hsf_k"": 8, ""hsf_na"": 12, ""hsf_nb"": 12, ""hsf_l"": 31.1808, ""sup"": 24, ""chi_bits0"": 8, ""mps_l0"": 27.4588, ""hsf_keff"": 7, ""hsf_l0"": 32.1808, ""sparse_l"": 33.0954, ""sv_l"": 33.0954, ""feat_secs"": 0.006653, ""feat_secs_frame"": 0.000737, ""feat_secs_hsf"": 0.005752}"
ct,"ct:n=24,L=16,t=0,nn=1",1,"{""n"": 24.0, ""L"": 16.0, ""t"": 0.0, ""nn"": 1.0}",tableau,ok,7.8e-05,0.0076,2146304,-0.0,0,0.0,0.0,,"{""n"": 24, ""gates"": 547, ""g2"": 184, ""g3"": 0, ""depth2"": 16, ""t_count"": 0, ""rotations"": 0, ""d"": 0, ""dense_l"": 0.0, ""redundant"": 0, ""obs_zero"": true, ""frame_l"": 9.0954, ""chi_bits"": 8, ""mps_l"": 27.4588, ""hsf_k"": 8, ""hsf_na"": 12, ""hsf_nb"": 12, ""hsf_l"": 31.1808, ""sup"": 24, ""chi_bits0"": 8, ""mps_l0"": 27.4588, ""hsf_keff"": 7, ""hsf_l0"": 32.1808, ""sparse_l"": 33.0954, ""sv_l"": 33.0954, ""feat_secs"": 0.006653, ""feat_secs_frame"": 0.000737, ""feat_secs_hsf"": 0.005752}"
ct,"ct:n=24,L=16,t=0,nn=1",1,"{""n"": 24.0, ""L"": 16.0, ""t"": 0.0, ""nn"": 1.0}",frame,ok,0.000356,0.0076,2260992,-0.0,0,0.0,0.0,switched_at=None dense_qubits=0 peak_terms=0 term_visits=0 dense_ops=0,"{""n"": 24, ""gates"": 547, ""g2"": 184, ""g3"": 0, ""depth2"": 16, ""t_count"": 0, ""rotations"": 0, ""d"": 0, ""dense_l"": 0.0, ""redundant"": 0, ""obs_zero"": true, ""frame_l"": 9.0954, ""chi_bits"": 8, ""mps_l"": 27.4588, ""hsf_k"": 8, ""hsf_na"": 12, ""hsf_nb"": 12, ""hsf_l"": 31.1808, ""sup"": 24, ""chi_bits0"": 8, ""mps_l0"": 27.4588, ""hsf_keff"": 7, ""hsf_l0"": 32.1808, ""sparse_l"": 33.0954, ""sv_l"": 33.0954, ""feat_secs"": 0.006653, ""feat_secs_frame"": 0.000737, ""feat_secs_hsf"": 0.005752}"
ct,"ct:n=24,L=16,t=0,nn=1",1,"{""n"": 24.0, ""L"": 16.0, ""t"": 0.0, ""nn"": 1.0}",dense,ok,0.000539,0.0077,2277376,-0.0,0,0.0,0.0,switched_at=None dense_qubits=0 peak_terms=0 term_visits=0 dense_ops=0,"{""n"": 24, ""gates"": 547, ""g2"": 184, ""g3"": 0, ""depth2"": 16, ""t_count"": 0, ""rotations"": 0, ""d"": 0, ""dense_l"": 0.0, ""redundant"": 0, ""obs_zero"": true, ""frame_l"": 9.0954, ""chi_bits"": 8, ""mps_l"": 27.4588, ""hsf_k"": 8, ""hsf_na"": 12, ""hsf_nb"": 12, ""hsf_l"": 31.1808, ""sup"": 24, ""chi_bits0"": 8, ""mps_l0"": 27.4588, ""hsf_keff"": 7, ""hsf_l0"": 32.1808, ""sparse_l"": 33.0954, ""sv_l"": 33.0954, ""feat_secs"": 0.006653, ""feat_secs_frame"": 0.000737, ""feat_secs_hsf"": 0.005752}"
ct,"ct:n=24,L=16,t=0,nn=1",1,"{""n"": 24.0, ""L"": 16.0, ""t"": 0.0, ""nn"": 1.0}",auto,ok,0.000418,0.0076,2260992,-0.0,0,0.0,0.0,switched_at=None dense_qubits=0 peak_terms=0 term_visits=0 dense_ops=0,"{""n"": 24, ""gates"": 547, ""g2"": 184, ""g3"": 0, ""depth2"": 16, ""t_count"": 0, ""rotations"": 0, ""d"": 0, ""dense_l"": 0.0, ""redundant"": 0, ""obs_zero"": true, ""frame_l"": 9.0954, ""chi_bits"": 8, ""mps_l"": 27.4588, ""hsf_k"": 8, ""hsf_na"": 12, ""hsf_nb"": 12, ""hsf_l"": 31.1808, ""sup"": 24, ""chi_bits0"": 8, ""mps_l0"": 27.4588, ""hsf_keff"": 7, ""hsf_l0"": 32.1808, ""sparse_l"": 33.0954, ""sv_l"": 33.0954, ""feat_secs"": 0.006653, ""feat_secs_frame"": 0.000737, ""feat_secs_hsf"": 0.005752}"
ct,"ct:n=24,L=16,t=2,nn=1",1,"{""n"": 24.0, ""L"": 16.0, ""t"": 2.0, ""nn"": 1.0}",sv,ok,3.57652,3.5813,272744448,0.0,16777216,0.0,0.0,,"{""n"": 24, ""gates"": 549, ""g2"": 184, ""g3"": 0, ""depth2"": 16, ""t_count"": 2, ""rotations"": 2, ""d"": 2, ""dense_l"": 2.585, ""redundant"": 0, ""obs_zero"": true, ""frame_l"": 9.1007, ""chi_bits"": 8, ""mps_l"": 27.4594, ""hsf_k"": 8, ""hsf_na"": 12, ""hsf_nb"": 12, ""hsf_l"": 31.1815, ""sup"": 24, ""chi_bits0"": 8, ""mps_l0"": 27.4594, ""hsf_keff"": 7, ""hsf_l0"": 32.1815, ""sparse_l"": 33.1007, ""sv_l"": 33.1007, ""feat_secs"": 0.00613, ""feat_secs_frame"": 0.000542, ""feat_secs_hsf"": 0.005464}"
ct,"ct:n=24,L=16,t=2,nn=1",1,"{""n"": 24.0, ""L"": 16.0, ""t"": 2.0, ""nn"": 1.0}",sparse,skipped,,,,,,0.0,,,"{""n"": 24, ""gates"": 549, ""g2"": 184, ""g3"": 0, ""depth2"": 16, ""t_count"": 2, ""rotations"": 2, ""d"": 2, ""dense_l"": 2.585, ""redundant"": 0, ""obs_zero"": true, ""frame_l"": 9.1007, ""chi_bits"": 8, ""mps_l"": 27.4594, ""hsf_k"": 8, ""hsf_na"": 12, ""hsf_nb"": 12, ""hsf_l"": 31.1815, ""sup"": 24, ""chi_bits0"": 8, ""mps_l0"": 27.4594, ""hsf_keff"": 7, ""hsf_l0"": 32.1815, ""sparse_l"": 33.1007, ""sv_l"": 33.1007, ""feat_secs"": 0.00613, ""feat_secs_frame"": 0.000542, ""feat_secs_hsf"": 0.005464}"
ct,"ct:n=24,L=16,t=2,nn=1",1,"{""n"": 24.0, ""L"": 16.0, ""t"": 2.0, ""nn"": 1.0}",mps,ok,0.006385,0.0125,4259840,3.373503341833767e-80,32,0.0,3.373503341833767e-80,,"{""n"": 24, ""gates"": 549, ""g2"": 184, ""g3"": 0, ""depth2"": 16, ""t_count"": 2, ""rotations"": 2, ""d"": 2, ""dense_l"": 2.585, ""redundant"": 0, ""obs_zero"": true, ""frame_l"": 9.1007, ""chi_bits"": 8, ""mps_l"": 27.4594, ""hsf_k"": 8, ""hsf_na"": 12, ""hsf_nb"": 12, ""hsf_l"": 31.1815, ""sup"": 24, ""chi_bits0"": 8, ""mps_l0"": 27.4594, ""hsf_keff"": 7, ""hsf_l0"": 32.1815, ""sparse_l"": 33.1007, ""sv_l"": 33.1007, ""feat_secs"": 0.00613, ""feat_secs_frame"": 0.000542, ""feat_secs_hsf"": 0.005464}"
ct,"ct:n=24,L=16,t=2,nn=1",1,"{""n"": 24.0, ""L"": 16.0, ""t"": 2.0, ""nn"": 1.0}",hsf,ok,0.673419,0.6797,284786688,0.0,256,0.0,0.0,,"{""n"": 24, ""gates"": 549, ""g2"": 184, ""g3"": 0, ""depth2"": 16, ""t_count"": 2, ""rotations"": 2, ""d"": 2, ""dense_l"": 2.585, ""redundant"": 0, ""obs_zero"": true, ""frame_l"": 9.1007, ""chi_bits"": 8, ""mps_l"": 27.4594, ""hsf_k"": 8, ""hsf_na"": 12, ""hsf_nb"": 12, ""hsf_l"": 31.1815, ""sup"": 24, ""chi_bits0"": 8, ""mps_l0"": 27.4594, ""hsf_keff"": 7, ""hsf_l0"": 32.1815, ""sparse_l"": 33.1007, ""sv_l"": 33.1007, ""feat_secs"": 0.00613, ""feat_secs_frame"": 0.000542, ""feat_secs_hsf"": 0.005464}"
ct,"ct:n=24,L=16,t=2,nn=1",1,"{""n"": 24.0, ""L"": 16.0, ""t"": 2.0, ""nn"": 1.0}",tableau,na,,0.0081,1966080,,,0.0,,"TooLarge { what: ""tableau (non-Clifford circuit)"", bytes: 0, limit: 0 }","{""n"": 24, ""gates"": 549, ""g2"": 184, ""g3"": 0, ""depth2"": 16, ""t_count"": 2, ""rotations"": 2, ""d"": 2, ""dense_l"": 2.585, ""redundant"": 0, ""obs_zero"": true, ""frame_l"": 9.1007, ""chi_bits"": 8, ""mps_l"": 27.4594, ""hsf_k"": 8, ""hsf_na"": 12, ""hsf_nb"": 12, ""hsf_l"": 31.1815, ""sup"": 24, ""chi_bits0"": 8, ""mps_l0"": 27.4594, ""hsf_keff"": 7, ""hsf_l0"": 32.1815, ""sparse_l"": 33.1007, ""sv_l"": 33.1007, ""feat_secs"": 0.00613, ""feat_secs_frame"": 0.000542, ""feat_secs_hsf"": 0.005464}"
ct,"ct:n=24,L=16,t=2,nn=1",1,"{""n"": 24.0, ""L"": 16.0, ""t"": 2.0, ""nn"": 1.0}",frame,ok,0.000674,0.0072,2621440,-0.0,0,0.0,0.0,switched_at=None dense_qubits=0 peak_terms=0 term_visits=0 dense_ops=0,"{""n"": 24, ""gates"": 549, ""g2"": 184, ""g3"": 0, ""depth2"": 16, ""t_count"": 2, ""rotations"": 2, ""d"": 2, ""dense_l"": 2.585, ""redundant"": 0, ""obs_zero"": true, ""frame_l"": 9.1007, ""chi_bits"": 8, ""mps_l"": 27.4594, ""hsf_k"": 8, ""hsf_na"": 12, ""hsf_nb"": 12, ""hsf_l"": 31.1815, ""sup"": 24, ""chi_bits0"": 8, ""mps_l0"": 27.4594, ""hsf_keff"": 7, ""hsf_l0"": 32.1815, ""sparse_l"": 33.1007, ""sv_l"": 33.1007, ""feat_secs"": 0.00613, ""feat_secs_frame"": 0.000542, ""feat_secs_hsf"": 0.005464}"
ct,"ct:n=24,L=16,t=2,nn=1",1,"{""n"": 24.0, ""L"": 16.0, ""t"": 2.0, ""nn"": 1.0}",dense,ok,0.000312,0.0080,2293760,0.0,2,0.0,0.0,switched_at=Some(2) dense_qubits=2 peak_terms=0 term_visits=0 dense_ops=6,"{""n"": 24, ""gates"": 549, ""g2"": 184, ""g3"": 0, ""depth2"": 16, ""t_count"": 2, ""rotations"": 2, ""d"": 2, ""dense_l"": 2.585, ""redundant"": 0, ""obs_zero"": true, ""frame_l"": 9.1007, ""chi_bits"": 8, ""mps_l"": 27.4594, ""hsf_k"": 8, ""hsf_na"": 12, ""hsf_nb"": 12, ""hsf_l"": 31.1815, ""sup"": 24, ""chi_bits0"": 8, ""mps_l0"": 27.4594, ""hsf_keff"": 7, ""hsf_l0"": 32.1815, ""sparse_l"": 33.1007, ""sv_l"": 33.1007, ""feat_secs"": 0.00613, ""feat_secs_frame"": 0.000542, ""feat_secs_hsf"": 0.005464}"
ct,"ct:n=24,L=16,t=2,nn=1",1,"{""n"": 24.0, ""L"": 16.0, ""t"": 2.0, ""nn"": 1.0}",auto,ok,0.000322,0.0072,2293760,0.0,2,0.0,0.0,switched_at=Some(2) dense_qubits=2 peak_terms=0 term_visits=0 dense_ops=6,"{""n"": 24, ""gates"": 549, ""g2"": 184, ""g3"": 0, ""depth2"": 16, ""t_count"": 2, ""rotations"": 2, ""d"": 2, ""dense_l"": 2.585, ""redundant"": 0, ""obs_zero"": true, ""frame_l"": 9.1007, ""chi_bits"": 8, ""mps_l"": 27.4594, ""hsf_k"": 8, ""hsf_na"": 12, ""hsf_nb"": 12, ""hsf_l"": 31.1815, ""sup"": 24, ""chi_bits0"": 8, ""mps_l0"": 27.4594, ""hsf_keff"": 7, ""hsf_l0"": 32.1815, ""sparse_l"": 33.1007, ""sv_l"": 33.1007, ""feat_secs"": 0.00613, ""feat_secs_frame"": 0.000542, ""feat_secs_hsf"": 0.005464}"
ct,"ct:n=24,L=16,t=4,nn=1",1,"{""n"": 24.0, ""L"": 16.0, ""t"": 4.0, ""nn"": 1.0}",sv,ok,3.539101,3.5467,272793600,0.0,16777216,0.0,0.0,,"{""n"": 24, ""gates"": 552, ""g2"": 184, ""g3"": 0, ""depth2"": 16, ""t_count"": 4, ""rotations"": 4, ""d"": 4, ""dense_l"": 4.9069, ""redundant"": 0, ""obs_zero"": true, ""frame_l"": 9.1085, ""chi_bits"": 8, ""mps_l"": 27.4592, ""hsf_k"": 8, ""hsf_na"": 12, ""hsf_nb"": 12, ""hsf_l"": 31.1824, ""sup"": 24, ""chi_bits0"": 8, ""mps_l0"": 27.4592, ""hsf_keff"": 7, ""hsf_l0"": 32.1824, ""sparse_l"": 33.1085, ""sv_l"": 33.1085, ""feat_secs"": 0.006168, ""feat_secs_frame"": 0.000562, ""feat_secs_hsf"": 0.005463}"
ct,"ct:n=24,L=16,t=4,nn=1",1,"{""n"": 24.0, ""L"": 16.0, ""t"": 4.0, ""nn"": 1.0}",sparse,skipped,,,,,,0.0,,,"{""n"": 24, ""gates"": 552, ""g2"": 184, ""g3"": 0, ""depth2"": 16, ""t_count"": 4, ""rotations"": 4, ""d"": 4, ""dense_l"": 4.9069, ""redundant"": 0, ""obs_zero"": true, ""frame_l"": 9.1085, ""chi_bits"": 8, ""mps_l"": 27.4592, ""hsf_k"": 8, ""hsf_na"": 12, ""hsf_nb"": 12, ""hsf_l"": 31.1824, ""sup"": 24, ""chi_bits0"": 8, ""mps_l0"": 27.4592, ""hsf_keff"": 7, ""hsf_l0"": 32.1824, ""sparse_l"": 33.1085, ""sv_l"": 33.1085, ""feat_secs"": 0.006168, ""feat_secs_frame"": 0.000562, ""feat_secs_hsf"": 0.005463}"
ct,"ct:n=24,L=16,t=4,nn=1",1,"{""n"": 24.0, ""L"": 16.0, ""t"": 4.0, ""nn"": 1.0}",mps,ok,0.00629,0.0136,4276224,1.519008831361706e-46,32,0.0,1.519008831361706e-46,,"{""n"": 24, ""gates"": 552, ""g2"": 184, ""g3"": 0, ""depth2"": 16, ""t_count"": 4, ""rotations"": 4, ""d"": 4, ""dense_l"": 4.9069, ""redundant"": 0, ""obs_zero"": true, ""frame_l"": 9.1085, ""chi_bits"": 8, ""mps_l"": 27.4592, ""hsf_k"": 8, ""hsf_na"": 12, ""hsf_nb"": 12, ""hsf_l"": 31.1824, ""sup"": 24, ""chi_bits0"": 8, ""mps_l0"": 27.4592, ""hsf_keff"": 7, ""hsf_l0"": 32.1824, ""sparse_l"": 33.1085, ""sv_l"": 33.1085, ""feat_secs"": 0.006168, ""feat_secs_frame"": 0.000562, ""feat_secs_hsf"": 0.005463}"
ct,"ct:n=24,L=16,t=4,nn=1",1,"{""n"": 24.0, ""L"": 16.0, ""t"": 4.0, ""nn"": 1.0}",hsf,ok,0.65113,0.6556,284786688,0.0,256,0.0,0.0,,"{""n"": 24, ""gates"": 552, ""g2"": 184, ""g3"": 0, ""depth2"": 16, ""t_count"": 4, ""rotations"": 4, ""d"": 4, ""dense_l"": 4.9069, ""redundant"": 0, ""obs_zero"": true, ""frame_l"": 9.1085, ""chi_bits"": 8, ""mps_l"": 27.4592, ""hsf_k"": 8, ""hsf_na"": 12, ""hsf_nb"": 12, ""hsf_l"": 31.1824, ""sup"": 24, ""chi_bits0"": 8, ""mps_l0"": 27.4592, ""hsf_keff"": 7, ""hsf_l0"": 32.1824, ""sparse_l"": 33.1085, ""sv_l"": 33.1085, ""feat_secs"": 0.006168, ""feat_secs_frame"": 0.000562, ""feat_secs_hsf"": 0.005463}"
ct,"ct:n=24,L=16,t=4,nn=1",1,"{""n"": 24.0, ""L"": 16.0, ""t"": 4.0, ""nn"": 1.0}",tableau,na,,0.0074,1966080,,,0.0,,"TooLarge { what: ""tableau (non-Clifford circuit)"", bytes: 0, limit: 0 }","{""n"": 24, ""gates"": 552, ""g2"": 184, ""g3"": 0, ""depth2"": 16, ""t_count"": 4, ""rotations"": 4, ""d"": 4, ""dense_l"": 4.9069, ""redundant"": 0, ""obs_zero"": true, ""frame_l"": 9.1085, ""chi_bits"": 8, ""mps_l"": 27.4592, ""hsf_k"": 8, ""hsf_na"": 12, ""hsf_nb"": 12, ""hsf_l"": 31.1824, ""sup"": 24, ""chi_bits0"": 8, ""mps_l0"": 27.4592, ""hsf_keff"": 7, ""hsf_l0"": 32.1824, ""sparse_l"": 33.1085, ""sv_l"": 33.1085, ""feat_secs"": 0.006168, ""feat_secs_frame"": 0.000562, ""feat_secs_hsf"": 0.005463}"
ct,"ct:n=24,L=16,t=4,nn=1",1,"{""n"": 24.0, ""L"": 16.0, ""t"": 4.0, ""nn"": 1.0}",frame,ok,0.000419,0.0049,2621440,-0.0,0,0.0,0.0,switched_at=None dense_qubits=0 peak_terms=0 term_visits=0 dense_ops=0,"{""n"": 24, ""gates"": 552, ""g2"": 184, ""g3"": 0, ""depth2"": 16, ""t_count"": 4, ""rotations"": 4, ""d"": 4, ""dense_l"": 4.9069, ""redundant"": 0, ""obs_zero"": true, ""frame_l"": 9.1085, ""chi_bits"": 8, ""mps_l"": 27.4592, ""hsf_k"": 8, ""hsf_na"": 12, ""hsf_nb"": 12, ""hsf_l"": 31.1824, ""sup"": 24, ""chi_bits0"": 8, ""mps_l0"": 27.4592, ""hsf_keff"": 7, ""hsf_l0"": 32.1824, ""sparse_l"": 33.1085, ""sv_l"": 33.1085, ""feat_secs"": 0.006168, ""feat_secs_frame"": 0.000562, ""feat_secs_hsf"": 0.005463}"
ct,"ct:n=24,L=16,t=4,nn=1",1,"{""n"": 24.0, ""L"": 16.0, ""t"": 4.0, ""nn"": 1.0}",dense,ok,0.000326,0.0079,2310144,0.0,4,0.0,0.0,switched_at=Some(4) dense_qubits=4 peak_terms=0 term_visits=0 dense_ops=30,"{""n"": 24, ""gates"": 552, ""g2"": 184, ""g3"": 0, ""depth2"": 16, ""t_count"": 4, ""rotations"": 4, ""d"": 4, ""dense_l"": 4.9069, ""redundant"": 0, ""obs_zero"": true, ""frame_l"": 9.1085, ""chi_bits"": 8, ""mps_l"": 27.4592, ""hsf_k"": 8, ""hsf_na"": 12, ""hsf_nb"": 12, ""hsf_l"": 31.1824, ""sup"": 24, ""chi_bits0"": 8, ""mps_l0"": 27.4592, ""hsf_keff"": 7, ""hsf_l0"": 32.1824, ""sparse_l"": 33.1085, ""sv_l"": 33.1085, ""feat_secs"": 0.006168, ""feat_secs_frame"": 0.000562, ""feat_secs_hsf"": 0.005463}"
ct,"ct:n=24,L=16,t=4,nn=1",1,"{""n"": 24.0, ""L"": 16.0, ""t"": 4.0, ""nn"": 1.0}",auto,ok,0.000322,0.0079,2293760,0.0,4,0.0,0.0,switched_at=Some(4) dense_qubits=4 peak_terms=0 term_visits=0 dense_ops=30,"{""n"": 24, ""gates"": 552, ""g2"": 184, ""g3"": 0, ""depth2"": 16, ""t_count"": 4, ""rotations"": 4, ""d"": 4, ""dense_l"": 4.9069, ""redundant"": 0, ""obs_zero"": true, ""frame_l"": 9.1085, ""chi_bits"": 8, ""mps_l"": 27.4592, ""hsf_k"": 8, ""hsf_na"": 12, ""hsf_nb"": 12, ""hsf_l"": 31.1824, ""sup"": 24, ""chi_bits0"": 8, ""mps_l0"": 27.4592, ""hsf_keff"": 7, ""hsf_l0"": 32.1824, ""sparse_l"": 33.1085, ""sv_l"": 33.1085, ""feat_secs"": 0.006168, ""feat_secs_frame"": 0.000562, ""feat_secs_hsf"": 0.005463}"
ct,"ct:n=24,L=16,t=8,nn=1",1,"{""n"": 24.0, ""L"": 16.0, ""t"": 8.0, ""nn"": 1.0}",sv,ok,3.52273,3.5279,272809984,0.0,16777216,0.0,0.0,,"{""n"": 24, ""gates"": 555, ""g2"": 184, ""g3"": 0, ""depth2"": 16, ""t_count"": 8, ""rotations"": 8, ""d"": 8, ""dense_l"": 8.9944, ""redundant"": 0, ""obs_zero"": true, ""frame_l"": 9.1163, ""chi_bits"": 8, ""mps_l"": 27.4605, ""hsf_k"": 8, ""hsf_na"": 12, ""hsf_nb"": 12, ""hsf_l"": 31.1833, ""sup"": 24, ""chi_bits0"": 8, ""mps_l0"": 27.4605, ""hsf_keff"": 7, ""hsf_l0"": 32.1833, ""sparse_l"": 33.1163, ""sv_l"": 33.1163, ""feat_secs"": 0.006085, ""feat_secs_frame"": 0.000592, ""feat_secs_hsf"": 0.005363}"
ct,"ct:n=24,L=16,t=8,nn=1",1,"{""n"": 24.0, ""L"": 16.0, ""t"": 8.0, ""nn"": 1.0}",sparse,skipped,,,,,,0.0,,,"{""n"": 24, ""gates"": 555, ""g2"": 184, ""g3"": 0, ""depth2"": 16, ""t_count"": 8, ""rotations"": 8, ""d"": 8, ""dense_l"": 8.9944, ""redundant"": 0, ""obs_zero"": true, ""frame_l"": 9.1163, ""chi_bits"": 8, ""mps_l"": 27.4605, ""hsf_k"": 8, ""hsf_na"": 12, ""hsf_nb"": 12, ""hsf_l"": 31.1833, ""sup"": 24, ""chi_bits0"": 8, ""mps_l0"": 27.4605, ""hsf_keff"": 7, ""hsf_l0"": 32.1833, ""sparse_l"": 33.1163, ""sv_l"": 33.1163, ""feat_secs"": 0.006085, ""feat_secs_frame"": 0.000592, ""feat_secs_hsf"": 0.005363}"
ct,"ct:n=24,L=16,t=8,nn=1",1,"{""n"": 24.0, ""L"": 16.0, ""t"": 8.0, ""nn"": 1.0}",mps,ok,0.013666,0.0209,5128192,1.269873752311164e-46,64,0.0,1.269873752311164e-46,,"{""n"": 24, ""gates"": 555, ""g2"": 184, ""g3"": 0, ""depth2"": 16, ""t_count"": 8, ""rotations"": 8, ""d"": 8, ""dense_l"": 8.9944, ""redundant"": 0, ""obs_zero"": true, ""frame_l"": 9.1163, ""chi_bits"": 8, ""mps_l"": 27.4605, ""hsf_k"": 8, ""hsf_na"": 12, ""hsf_nb"": 12, ""hsf_l"": 31.1833, ""sup"": 24, ""chi_bits0"": 8, ""mps_l0"": 27.4605, ""hsf_keff"": 7, ""hsf_l0"": 32.1833, ""sparse_l"": 33.1163, ""sv_l"": 33.1163, ""feat_secs"": 0.006085, ""feat_secs_frame"": 0.000592, ""feat_secs_hsf"": 0.005363}"
ct,"ct:n=24,L=16,t=8,nn=1",1,"{""n"": 24.0, ""L"": 16.0, ""t"": 8.0, ""nn"": 1.0}",hsf,ok,0.624585,0.6313,284786688,-1.455837878093329e-22,256,0.0,1.455837878093329e-22,,"{""n"": 24, ""gates"": 555, ""g2"": 184, ""g3"": 0, ""depth2"": 16, ""t_count"": 8, ""rotations"": 8, ""d"": 8, ""dense_l"": 8.9944, ""redundant"": 0, ""obs_zero"": true, ""frame_l"": 9.1163, ""chi_bits"": 8, ""mps_l"": 27.4605, ""hsf_k"": 8, ""hsf_na"": 12, ""hsf_nb"": 12, ""hsf_l"": 31.1833, ""sup"": 24, ""chi_bits0"": 8, ""mps_l0"": 27.4605, ""hsf_keff"": 7, ""hsf_l0"": 32.1833, ""sparse_l"": 33.1163, ""sv_l"": 33.1163, ""feat_secs"": 0.006085, ""feat_secs_frame"": 0.000592, ""feat_secs_hsf"": 0.005363}"
ct,"ct:n=24,L=16,t=8,nn=1",1,"{""n"": 24.0, ""L"": 16.0, ""t"": 8.0, ""nn"": 1.0}",tableau,na,,0.0046,1966080,,,0.0,,"TooLarge { what: ""tableau (non-Clifford circuit)"", bytes: 0, limit: 0 }","{""n"": 24, ""gates"": 555, ""g2"": 184, ""g3"": 0, ""depth2"": 16, ""t_count"": 8, ""rotations"": 8, ""d"": 8, ""dense_l"": 8.9944, ""redundant"": 0, ""obs_zero"": true, ""frame_l"": 9.1163, ""chi_bits"": 8, ""mps_l"": 27.4605, ""hsf_k"": 8, ""hsf_na"": 12, ""hsf_nb"": 12, ""hsf_l"": 31.1833, ""sup"": 24, ""chi_bits0"": 8, ""mps_l0"": 27.4605, ""hsf_keff"": 7, ""hsf_l0"": 32.1833, ""sparse_l"": 33.1163, ""sv_l"": 33.1163, ""feat_secs"": 0.006085, ""feat_secs_frame"": 0.000592, ""feat_secs_hsf"": 0.005363}"
ct,"ct:n=24,L=16,t=8,nn=1",1,"{""n"": 24.0, ""L"": 16.0, ""t"": 8.0, ""nn"": 1.0}",frame,ok,0.000419,0.0046,2621440,-0.0,0,0.0,0.0,switched_at=None dense_qubits=0 peak_terms=0 term_visits=0 dense_ops=0,"{""n"": 24, ""gates"": 555, ""g2"": 184, ""g3"": 0, ""depth2"": 16, ""t_count"": 8, ""rotations"": 8, ""d"": 8, ""dense_l"": 8.9944, ""redundant"": 0, ""obs_zero"": true, ""frame_l"": 9.1163, ""chi_bits"": 8, ""mps_l"": 27.4605, ""hsf_k"": 8, ""hsf_na"": 12, ""hsf_nb"": 12, ""hsf_l"": 31.1833, ""sup"": 24, ""chi_bits0"": 8, ""mps_l0"": 27.4605, ""hsf_keff"": 7, ""hsf_l0"": 32.1833, ""sparse_l"": 33.1163, ""sv_l"": 33.1163, ""feat_secs"": 0.006085, ""feat_secs_frame"": 0.000592, ""feat_secs_hsf"": 0.005363}"
ct,"ct:n=24,L=16,t=8,nn=1",1,"{""n"": 24.0, ""L"": 16.0, ""t"": 8.0, ""nn"": 1.0}",dense,ok,0.000348,0.0069,2293760,0.0,8,0.0,0.0,switched_at=Some(8) dense_qubits=8 peak_terms=0 term_visits=0 dense_ops=510,"{""n"": 24, ""gates"": 555, ""g2"": 184, ""g3"": 0, ""depth2"": 16, ""t_count"": 8, ""rotations"": 8, ""d"": 8, ""dense_l"": 8.9944, ""redundant"": 0, ""obs_zero"": true, ""frame_l"": 9.1163, ""chi_bits"": 8, ""mps_l"": 27.4605, ""hsf_k"": 8, ""hsf_na"": 12, ""hsf_nb"": 12, ""hsf_l"": 31.1833, ""sup"": 24, ""chi_bits0"": 8, ""mps_l0"": 27.4605, ""hsf_keff"": 7, ""hsf_l0"": 32.1833, ""sparse_l"": 33.1163, ""sv_l"": 33.1163, ""feat_secs"": 0.006085, ""feat_secs_frame"": 0.000592, ""feat_secs_hsf"": 0.005363}"
ct,"ct:n=24,L=16,t=8,nn=1",1,"{""n"": 24.0, ""L"": 16.0, ""t"": 8.0, ""nn"": 1.0}",auto,ok,0.000421,0.0073,2621440,-0.0,0,0.0,0.0,switched_at=None dense_qubits=0 peak_terms=0 term_visits=0 dense_ops=0,"{""n"": 24, ""gates"": 555, ""g2"": 184, ""g3"": 0, ""depth2"": 16, ""t_count"": 8, ""rotations"": 8, ""d"": 8, ""dense_l"": 8.9944, ""redundant"": 0, ""obs_zero"": true, ""frame_l"": 9.1163, ""chi_bits"": 8, ""mps_l"": 27.4605, ""hsf_k"": 8, ""hsf_na"": 12, ""hsf_nb"": 12, ""hsf_l"": 31.1833, ""sup"": 24, ""chi_bits0"": 8, ""mps_l0"": 27.4605, ""hsf_keff"": 7, ""hsf_l0"": 32.1833, ""sparse_l"": 33.1163, ""sv_l"": 33.1163, ""feat_secs"": 0.006085, ""feat_secs_frame"": 0.000592, ""feat_secs_hsf"": 0.005363}"
ct,"ct:n=24,L=16,t=12,nn=1",1,"{""n"": 24.0, ""L"": 16.0, ""t"": 12.0, ""nn"": 1.0}",sv,ok,3.526887,3.5325,272793600,1.323488980084844e-23,16777216,1.323488980084844e-23,0.0,,"{""n"": 24, ""gates"": 568, ""g2"": 184, ""g3"": 0, ""depth2"": 16, ""t_count"": 12, ""rotations"": 12, ""d"": 9, ""dense_l"": 10.0362, ""redundant"": 3, ""obs_zero"": true, ""frame_l"": 9.1497, ""chi_bits"": 8, ""mps_l"": 27.4612, ""hsf_k"": 8, ""hsf_na"": 12, ""hsf_nb"": 12, ""hsf_l"": 32.1874, ""sup"": 24, ""chi_bits0"": 8, ""mps_l0"": 27.4612, ""hsf_keff"": 8, ""hsf_l0"": 32.1874, ""sparse_l"": 33.1497, ""sv_l"": 33.1497, ""feat_secs"": 0.006196, ""feat_secs_frame"": 0.000678, ""feat_secs_hsf"": 0.005389}"
ct,"ct:n=24,L=16,t=12,nn=1",1,"{""n"": 24.0, ""L"": 16.0, ""t"": 12.0, ""nn"": 1.0}",sparse,skipped,,,,,,1.323488980084844e-23,,,"{""n"": 24, ""gates"": 568, ""g2"": 184, ""g3"": 0, ""depth2"": 16, ""t_count"": 12, ""rotations"": 12, ""d"": 9, ""dense_l"": 10.0362, ""redundant"": 3, ""obs_zero"": true, ""frame_l"": 9.1497, ""chi_bits"": 8, ""mps_l"": 27.4612, ""hsf_k"": 8, ""hsf_na"": 12, ""hsf_nb"": 12, ""hsf_l"": 32.1874, ""sup"": 24, ""chi_bits0"": 8, ""mps_l0"": 27.4612, ""hsf_keff"": 8, ""hsf_l0"": 32.1874, ""sparse_l"": 33.1497, ""sv_l"": 33.1497, ""feat_secs"": 0.006196, ""feat_secs_frame"": 0.000678, ""feat_secs_hsf"": 0.005389}"
ct,"ct:n=24,L=16,t=12,nn=1",1,"{""n"": 24.0, ""L"": 16.0, ""t"": 12.0, ""nn"": 1.0}",mps,ok,0.001643,0.0076,3031040,5.52714787526045e-76,16,1.323488980084844e-23,1.323488980084844e-23,,"{""n"": 24, ""gates"": 568, ""g2"": 184, ""g3"": 0, ""depth2"": 16, ""t_count"": 12, ""rotations"": 12, ""d"": 9, ""dense_l"": 10.0362, ""redundant"": 3, ""obs_zero"": true, ""frame_l"": 9.1497, ""chi_bits"": 8, ""mps_l"": 27.4612, ""hsf_k"": 8, ""hsf_na"": 12, ""hsf_nb"": 12, ""hsf_l"": 32.1874, ""sup"": 24, ""chi_bits0"": 8, ""mps_l0"": 27.4612, ""hsf_keff"": 8, ""hsf_l0"": 32.1874, ""sparse_l"": 33.1497, ""sv_l"": 33.1497, ""feat_secs"": 0.006196, ""feat_secs_frame"": 0.000678, ""feat_secs_hsf"": 0.005389}"
ct,"ct:n=24,L=16,t=12,nn=1",1,"{""n"": 24.0, ""L"": 16.0, ""t"": 12.0, ""nn"": 1.0}",hsf,ok,1.18898,1.1941,284803072,-3.970466940254533e-23,256,1.323488980084844e-23,5.293955920339377e-23,,"{""n"": 24, ""gates"": 568, ""g2"": 184, ""g3"": 0, ""depth2"": 16, ""t_count"": 12, ""rotations"": 12, ""d"": 9, ""dense_l"": 10.0362, ""redundant"": 3, ""obs_zero"": true, ""frame_l"": 9.1497, ""chi_bits"": 8, ""mps_l"": 27.4612, ""hsf_k"": 8, ""hsf_na"": 12, ""hsf_nb"": 12, ""hsf_l"": 32.1874, ""sup"": 24, ""chi_bits0"": 8, ""mps_l0"": 27.4612, ""hsf_keff"": 8, ""hsf_l0"": 32.1874, ""sparse_l"": 33.1497, ""sv_l"": 33.1497, ""feat_secs"": 0.006196, ""feat_secs_frame"": 0.000678, ""feat_secs_hsf"": 0.005389}"
ct,"ct:n=24,L=16,t=12,nn=1",1,"{""n"": 24.0, ""L"": 16.0, ""t"": 12.0, ""nn"": 1.0}",tableau,na,,0.0046,1966080,,,1.323488980084844e-23,,"TooLarge { what: ""tableau (non-Clifford circuit)"", bytes: 0, limit: 0 }","{""n"": 24, ""gates"": 568, ""g2"": 184, ""g3"": 0, ""depth2"": 16, ""t_count"": 12, ""rotations"": 12, ""d"": 9, ""dense_l"": 10.0362, ""redundant"": 3, ""obs_zero"": true, ""frame_l"": 9.1497, ""chi_bits"": 8, ""mps_l"": 27.4612, ""hsf_k"": 8, ""hsf_na"": 12, ""hsf_nb"": 12, ""hsf_l"": 32.1874, ""sup"": 24, ""chi_bits0"": 8, ""mps_l0"": 27.4612, ""hsf_keff"": 8, ""hsf_l0"": 32.1874, ""sparse_l"": 33.1497, ""sv_l"": 33.1497, ""feat_secs"": 0.006196, ""feat_secs_frame"": 0.000678, ""feat_secs_hsf"": 0.005389}"
ct,"ct:n=24,L=16,t=12,nn=1",1,"{""n"": 24.0, ""L"": 16.0, ""t"": 12.0, ""nn"": 1.0}",frame,ok,0.00037,0.0068,2621440,-0.0,0,1.323488980084844e-23,1.323488980084844e-23,switched_at=None dense_qubits=0 peak_terms=0 term_visits=0 dense_ops=0,"{""n"": 24, ""gates"": 568, ""g2"": 184, ""g3"": 0, ""depth2"": 16, ""t_count"": 12, ""rotations"": 12, ""d"": 9, ""dense_l"": 10.0362, ""redundant"": 3, ""obs_zero"": true, ""frame_l"": 9.1497, ""chi_bits"": 8, ""mps_l"": 27.4612, ""hsf_k"": 8, ""hsf_na"": 12, ""hsf_nb"": 12, ""hsf_l"": 32.1874, ""sup"": 24, ""chi_bits0"": 8, ""mps_l0"": 27.4612, ""hsf_keff"": 8, ""hsf_l0"": 32.1874, ""sparse_l"": 33.1497, ""sv_l"": 33.1497, ""feat_secs"": 0.006196, ""feat_secs_frame"": 0.000678, ""feat_secs_hsf"": 0.005389}"
ct,"ct:n=24,L=16,t=12,nn=1",1,"{""n"": 24.0, ""L"": 16.0, ""t"": 12.0, ""nn"": 1.0}",dense,ok,0.000315,0.0047,2310144,0.0,9,1.323488980084844e-23,1.323488980084844e-23,switched_at=Some(12) dense_qubits=9 peak_terms=0 term_visits=0 dense_ops=1050,"{""n"": 24, ""gates"": 568, ""g2"": 184, ""g3"": 0, ""depth2"": 16, ""t_count"": 12, ""rotations"": 12, ""d"": 9, ""dense_l"": 10.0362, ""redundant"": 3, ""obs_zero"": true, ""frame_l"": 9.1497, ""chi_bits"": 8, ""mps_l"": 27.4612, ""hsf_k"": 8, ""hsf_na"": 12, ""hsf_nb"": 12, ""hsf_l"": 32.1874, ""sup"": 24, ""chi_bits0"": 8, ""mps_l0"": 27.4612, ""hsf_keff"": 8, ""hsf_l0"": 32.1874, ""sparse_l"": 33.1497, ""sv_l"": 33.1497, ""feat_secs"": 0.006196, ""feat_secs_frame"": 0.000678, ""feat_secs_hsf"": 0.005389}"
ct,"ct:n=24,L=16,t=12,nn=1",1,"{""n"": 24.0, ""L"": 16.0, ""t"": 12.0, ""nn"": 1.0}",auto,ok,0.000468,0.0070,2621440,-0.0,0,1.323488980084844e-23,1.323488980084844e-23,switched_at=None dense_qubits=0 peak_terms=0 term_visits=0 dense_ops=0,"{""n"": 24, ""gates"": 568, ""g2"": 184, ""g3"": 0, ""depth2"": 16, ""t_count"": 12, ""rotations"": 12, ""d"": 9, ""dense_l"": 10.0362, ""redundant"": 3, ""obs_zero"": true, ""frame_l"": 9.1497, ""chi_bits"": 8, ""mps_l"": 27.4612, ""hsf_k"": 8, ""hsf_na"": 12, ""hsf_nb"": 12, ""hsf_l"": 32.1874, ""sup"": 24, ""chi_bits0"": 8, ""mps_l0"": 27.4612, ""hsf_keff"": 8, ""hsf_l0"": 32.1874, ""sparse_l"": 33.1497, ""sv_l"": 33.1497, ""feat_secs"": 0.006196, ""feat_secs_frame"": 0.000678, ""feat_secs_hsf"": 0.005389}"
ct,"ct:n=24,L=16,t=16,nn=1",1,"{""n"": 24.0, ""L"": 16.0, ""t"": 16.0, ""nn"": 1.0}",sv,ok,3.556908,3.5621,272777216,2.70720239563026e-19,16777216,2.70720239563026e-19,0.0,,"{""n"": 24, ""gates"": 563, ""g2"": 184, ""g3"": 0, ""depth2"": 16, ""t_count"": 16, ""rotations"": 16, ""d"": 14, ""dense_l"": 15.0028, ""redundant"": 2, ""obs_zero"": true, ""frame_l"": 9.137, ""chi_bits"": 8, ""mps_l"": 27.4625, ""hsf_k"": 8, ""hsf_na"": 12, ""hsf_nb"": 12, ""hsf_l"": 31.1858, ""sup"": 24, ""chi_bits0"": 8, ""mps_l0"": 27.4625, ""hsf_keff"": 7, ""hsf_l0"": 32.1858, ""sparse_l"": 33.137, ""sv_l"": 33.137, ""feat_secs"": 0.00609, ""feat_secs_frame"": 0.000559, ""feat_secs_hsf"": 0.005388}"
ct,"ct:n=24,L=16,t=16,nn=1",1,"{""n"": 24.0, ""L"": 16.0, ""t"": 16.0, ""nn"": 1.0}",sparse,skipped,,,,,,2.70720239563026e-19,,,"{""n"": 24, ""gates"": 563, ""g2"": 184, ""g3"": 0, ""depth2"": 16, ""t_count"": 16, ""rotations"": 16, ""d"": 14, ""dense_l"": 15.0028, ""redundant"": 2, ""obs_zero"": true, ""frame_l"": 9.137, ""chi_bits"": 8, ""mps_l"": 27.4625, ""hsf_k"": 8, ""hsf_na"": 12, ""hsf_nb"": 12, ""hsf_l"": 31.1858, ""sup"": 24, ""chi_bits0"": 8, ""mps_l0"": 27.4625, ""hsf_keff"": 7, ""hsf_l0"": 32.1858, ""sparse_l"": 33.137, ""sv_l"": 33.137, ""feat_secs"": 0.00609, ""feat_secs_frame"": 0.000559, ""feat_secs_hsf"": 0.005388}"
ct,"ct:n=24,L=16,t=16,nn=1",1,"{""n"": 24.0, ""L"": 16.0, ""t"": 16.0, ""nn"": 1.0}",mps,ok,0.003159,0.0103,3555328,-5.250020126476163e-17,16,2.70720239563026e-19,5.2770921504324657e-17,,"{""n"": 24, ""gates"": 563, ""g2"": 184, ""g3"": 0, ""depth2"": 16, ""t_count"": 16, ""rotations"": 16, ""d"": 14, ""dense_l"": 15.0028, ""redundant"": 2, ""obs_zero"": true, ""frame_l"": 9.137, ""chi_bits"": 8, ""mps_l"": 27.4625, ""hsf_k"": 8, ""hsf_na"": 12, ""hsf_nb"": 12, ""hsf_l"": 31.1858, ""sup"": 24, ""chi_bits0"": 8, ""mps_l0"": 27.4625, ""hsf_keff"": 7, ""hsf_l0"": 32.1858, ""sparse_l"": 33.137, ""sv_l"": 33.137, ""feat_secs"": 0.00609, ""feat_secs_frame"": 0.000559, ""feat_secs_hsf"": 0.005388}"
ct,"ct:n=24,L=16,t=16,nn=1",1,"{""n"": 24.0, ""L"": 16.0, ""t"": 16.0, ""nn"": 1.0}",hsf,ok,0.349353,0.3574,284786688,-1.748904918892358e-18,256,2.70720239563026e-19,2.019625158455384e-18,,"{""n"": 24, ""gates"": 563, ""g2"": 184, ""g3"": 0, ""depth2"": 16, ""t_count"": 16, ""rotations"": 16, ""d"": 14, ""dense_l"": 15.0028, ""redundant"": 2, ""obs_zero"": true, ""frame_l"": 9.137, ""chi_bits"": 8, ""mps_l"": 27.4625, ""hsf_k"": 8, ""hsf_na"": 12, ""hsf_nb"": 12, ""hsf_l"": 31.1858, ""sup"": 24, ""chi_bits0"": 8, ""mps_l0"": 27.4625, ""hsf_keff"": 7, ""hsf_l0"": 32.1858, ""sparse_l"": 33.137, ""sv_l"": 33.137, ""feat_secs"": 0.00609, ""feat_secs_frame"": 0.000559, ""feat_secs_hsf"": 0.005388}"
ct,"ct:n=24,L=16,t=16,nn=1",1,"{""n"": 24.0, ""L"": 16.0, ""t"": 16.0, ""nn"": 1.0}",tableau,na,,0.0046,1949696,,,2.70720239563026e-19,,"TooLarge { what: ""tableau (non-Clifford circuit)"", bytes: 0, limit: 0 }","{""n"": 24, ""gates"": 563, ""g2"": 184, ""g3"": 0, ""depth2"": 16, ""t_count"": 16, ""rotations"": 16, ""d"": 14, ""dense_l"": 15.0028, ""redundant"": 2, ""obs_zero"": true, ""frame_l"": 9.137, ""chi_bits"": 8, ""mps_l"": 27.4625, ""hsf_k"": 8, ""hsf_na"": 12, ""hsf_nb"": 12, ""hsf_l"": 31.1858, ""sup"": 24, ""chi_bits0"": 8, ""mps_l0"": 27.4625, ""hsf_keff"": 7, ""hsf_l0"": 32.1858, ""sparse_l"": 33.137, ""sv_l"": 33.137, ""feat_secs"": 0.00609, ""feat_secs_frame"": 0.000559, ""feat_secs_hsf"": 0.005388}"
ct,"ct:n=24,L=16,t=16,nn=1",1,"{""n"": 24.0, ""L"": 16.0, ""t"": 16.0, ""nn"": 1.0}",frame,ok,0.000385,0.0045,2621440,-0.0,0,2.70720239563026e-19,2.70720239563026e-19,switched_at=None dense_qubits=0 peak_terms=0 term_visits=0 dense_ops=0,"{""n"": 24, ""gates"": 563, ""g2"": 184, ""g3"": 0, ""depth2"": 16, ""t_count"": 16, ""rotations"": 16, ""d"": 14, ""dense_l"": 15.0028, ""redundant"": 2, ""obs_zero"": true, ""frame_l"": 9.137, ""chi_bits"": 8, ""mps_l"": 27.4625, ""hsf_k"": 8, ""hsf_na"": 12, ""hsf_nb"": 12, ""hsf_l"": 31.1858, ""sup"": 24, ""chi_bits0"": 8, ""mps_l0"": 27.4625, ""hsf_keff"": 7, ""hsf_l0"": 32.1858, ""sparse_l"": 33.137, ""sv_l"": 33.137, ""feat_secs"": 0.00609, ""feat_secs_frame"": 0.000559, ""feat_secs_hsf"": 0.005388}"
ct,"ct:n=24,L=16,t=16,nn=1",1,"{""n"": 24.0, ""L"": 16.0, ""t"": 16.0, ""nn"": 1.0}",dense,ok,0.000504,0.0078,2818048,0.0,14,2.70720239563026e-19,2.70720239563026e-19,switched_at=Some(16) dense_qubits=14 peak_terms=0 term_visits=0 dense_ops=32831,"{""n"": 24, ""gates"": 563, ""g2"": 184, ""g3"": 0, ""depth2"": 16, ""t_count"": 16, ""rotations"": 16, ""d"": 14, ""dense_l"": 15.0028, ""redundant"": 2, ""obs_zero"": true, ""frame_l"": 9.137, ""chi_bits"": 8, ""mps_l"": 27.4625, ""hsf_k"": 8, ""hsf_na"": 12, ""hsf_nb"": 12, ""hsf_l"": 31.1858, ""sup"": 24, ""chi_bits0"": 8, ""mps_l0"": 27.4625, ""hsf_keff"": 7, ""hsf_l0"": 32.1858, ""sparse_l"": 33.137, ""sv_l"": 33.137, ""feat_secs"": 0.00609, ""feat_secs_frame"": 0.000559, ""feat_secs_hsf"": 0.005388}"
ct,"ct:n=24,L=16,t=16,nn=1",1,"{""n"": 24.0, ""L"": 16.0, ""t"": 16.0, ""nn"": 1.0}",auto,ok,0.000452,0.0080,2621440,-0.0,0,2.70720239563026e-19,2.70720239563026e-19,switched_at=None dense_qubits=0 peak_terms=0 term_visits=0 dense_ops=0,"{""n"": 24, ""gates"": 563, ""g2"": 184, ""g3"": 0, ""depth2"": 16, ""t_count"": 16, ""rotations"": 16, ""d"": 14, ""dense_l"": 15.0028, ""redundant"": 2, ""obs_zero"": true, ""frame_l"": 9.137, ""chi_bits"": 8, ""mps_l"": 27.4625, ""hsf_k"": 8, ""hsf_na"": 12, ""hsf_nb"": 12, ""hsf_l"": 31.1858, ""sup"": 24, ""chi_bits0"": 8, ""mps_l0"": 27.4625, ""hsf_keff"": 7, ""hsf_l0"": 32.1858, ""sparse_l"": 33.137, ""sv_l"": 33.137, ""feat_secs"": 0.00609, ""feat_secs_frame"": 0.000559, ""feat_secs_hsf"": 0.005388}"
ct,"ct:n=24,L=16,t=24,nn=1",1,"{""n"": 24.0, ""L"": 16.0, ""t"": 24.0, ""nn"": 1.0}",sv,ok,3.676855,3.6818,272842752,1.418449314405932e-20,16777216,1.418449314405932e-20,0.0,,"{""n"": 24, ""gates"": 597, ""g2"": 184, ""g3"": 0, ""depth2"": 16, ""t_count"": 24, ""rotations"": 24, ""d"": 20, ""dense_l"": 21.0029, ""redundant"": 4, ""obs_zero"": true, ""frame_l"": 9.2216, ""chi_bits"": 8, ""mps_l"": 27.4617, ""hsf_k"": 8, ""hsf_na"": 12, ""hsf_nb"": 12, ""hsf_l"": 31.1963, ""sup"": 24, ""chi_bits0"": 8, ""mps_l0"": 27.4617, ""hsf_keff"": 7, ""hsf_l0"": 32.1963, ""sparse_l"": 33.2216, ""sv_l"": 33.2216, ""feat_secs"": 0.006009, ""feat_secs_frame"": 0.000613, ""feat_secs_hsf"": 0.005259}"
ct,"ct:n=24,L=16,t=24,nn=1",1,"{""n"": 24.0, ""L"": 16.0, ""t"": 24.0, ""nn"": 1.0}",sparse,skipped,,,,,,1.418449314405932e-20,,,"{""n"": 24, ""gates"": 597, ""g2"": 184, ""g3"": 0, ""depth2"": 16, ""t_count"": 24, ""rotations"": 24, ""d"": 20, ""dense_l"": 21.0029, ""redundant"": 4, ""obs_zero"": true, ""frame_l"": 9.2216, ""chi_bits"": 8, ""mps_l"": 27.4617, ""hsf_k"": 8, ""hsf_na"": 12, ""hsf_nb"": 12, ""hsf_l"": 31.1963, ""sup"": 24, ""chi_bits0"": 8, ""mps_l0"": 27.4617, ""hsf_keff"": 7, ""hsf_l0"": 32.1963, ""sparse_l"": 33.2216, ""sv_l"": 33.2216, ""feat_secs"": 0.006009, ""feat_secs_frame"": 0.000613, ""feat_secs_hsf"": 0.005259}"
ct,"ct:n=24,L=16,t=24,nn=1",1,"{""n"": 24.0, ""L"": 16.0, ""t"": 24.0, ""nn"": 1.0}",mps,ok,0.003505,0.0108,3719168,-9.145482241993709e-34,16,1.418449314405932e-20,1.4184493144060233e-20,,"{""n"": 24, ""gates"": 597, ""g2"": 184, ""g3"": 0, ""depth2"": 16, ""t_count"": 24, ""rotations"": 24, ""d"": 20, ""dense_l"": 21.0029, ""redundant"": 4, ""obs_zero"": true, ""frame_l"": 9.2216, ""chi_bits"": 8, ""mps_l"": 27.4617, ""hsf_k"": 8, ""hsf_na"": 12, ""hsf_nb"": 12, ""hsf_l"": 31.1963, ""sup"": 24, ""chi_bits0"": 8, ""mps_l0"": 27.4617, ""hsf_keff"": 7, ""hsf_l0"": 32.1963, ""sparse_l"": 33.2216, ""sv_l"": 33.2216, ""feat_secs"": 0.006009, ""feat_secs_frame"": 0.000613, ""feat_secs_hsf"": 0.005259}"
ct,"ct:n=24,L=16,t=24,nn=1",1,"{""n"": 24.0, ""L"": 16.0, ""t"": 24.0, ""nn"": 1.0}",hsf,ok,0.637935,0.6449,284819456,-3.41791029106911e-21,256,1.418449314405932e-20,1.760240343512843e-20,,"{""n"": 24, ""gates"": 597, ""g2"": 184, ""g3"": 0, ""depth2"": 16, ""t_count"": 24, ""rotations"": 24, ""d"": 20, ""dense_l"": 21.0029, ""redundant"": 4, ""obs_zero"": true, ""frame_l"": 9.2216, ""chi_bits"": 8, ""mps_l"": 27.4617, ""hsf_k"": 8, ""hsf_na"": 12, ""hsf_nb"": 12, ""hsf_l"": 31.1963, ""sup"": 24, ""chi_bits0"": 8, ""mps_l0"": 27.4617, ""hsf_keff"": 7, ""hsf_l0"": 32.1963, ""sparse_l"": 33.2216, ""sv_l"": 33.2216, ""feat_secs"": 0.006009, ""feat_secs_frame"": 0.000613, ""feat_secs_hsf"": 0.005259}"
ct,"ct:n=24,L=16,t=24,nn=1",1,"{""n"": 24.0, ""L"": 16.0, ""t"": 24.0, ""nn"": 1.0}",tableau,na,,0.0054,1966080,,,1.418449314405932e-20,,"TooLarge { what: ""tableau (non-Clifford circuit)"", bytes: 0, limit: 0 }","{""n"": 24, ""gates"": 597, ""g2"": 184, ""g3"": 0, ""depth2"": 16, ""t_count"": 24, ""rotations"": 24, ""d"": 20, ""dense_l"": 21.0029, ""redundant"": 4, ""obs_zero"": true, ""frame_l"": 9.2216, ""chi_bits"": 8, ""mps_l"": 27.4617, ""hsf_k"": 8, ""hsf_na"": 12, ""hsf_nb"": 12, ""hsf_l"": 31.1963, ""sup"": 24, ""chi_bits0"": 8, ""mps_l0"": 27.4617, ""hsf_keff"": 7, ""hsf_l0"": 32.1963, ""sparse_l"": 33.2216, ""sv_l"": 33.2216, ""feat_secs"": 0.006009, ""feat_secs_frame"": 0.000613, ""feat_secs_hsf"": 0.005259}"
ct,"ct:n=24,L=16,t=24,nn=1",1,"{""n"": 24.0, ""L"": 16.0, ""t"": 24.0, ""nn"": 1.0}",frame,ok,0.000438,0.0075,2637824,-0.0,0,1.418449314405932e-20,1.418449314405932e-20,switched_at=None dense_qubits=0 peak_terms=0 term_visits=0 dense_ops=0,"{""n"": 24, ""gates"": 597, ""g2"": 184, ""g3"": 0, ""depth2"": 16, ""t_count"": 24, ""rotations"": 24, ""d"": 20, ""dense_l"": 21.0029, ""redundant"": 4, ""obs_zero"": true, ""frame_l"": 9.2216, ""chi_bits"": 8, ""mps_l"": 27.4617, ""hsf_k"": 8, ""hsf_na"": 12, ""hsf_nb"": 12, ""hsf_l"": 31.1963, ""sup"": 24, ""chi_bits0"": 8, ""mps_l0"": 27.4617, ""hsf_keff"": 7, ""hsf_l0"": 32.1963, ""sparse_l"": 33.2216, ""sv_l"": 33.2216, ""feat_secs"": 0.006009, ""feat_secs_frame"": 0.000613, ""feat_secs_hsf"": 0.005259}"
ct,"ct:n=24,L=16,t=24,nn=1",1,"{""n"": 24.0, ""L"": 16.0, ""t"": 24.0, ""nn"": 1.0}",dense,ok,0.004752,0.0102,19349504,0.0,20,1.418449314405932e-20,1.418449314405932e-20,switched_at=Some(24) dense_qubits=20 peak_terms=0 term_visits=0 dense_ops=2101390,"{""n"": 24, ""gates"": 597, ""g2"": 184, ""g3"": 0, ""depth2"": 16, ""t_count"": 24, ""rotations"": 24, ""d"": 20, ""dense_l"": 21.0029, ""redundant"": 4, ""obs_zero"": true, ""frame_l"": 9.2216, ""chi_bits"": 8, ""mps_l"": 27.4617, ""hsf_k"": 8, ""hsf_na"": 12, ""hsf_nb"": 12, ""hsf_l"": 31.1963, ""sup"": 24, ""chi_bits0"": 8, ""mps_l0"": 27.4617, ""hsf_keff"": 7, ""hsf_l0"": 32.1963, ""sparse_l"": 33.2216, ""sv_l"": 33.2216, ""feat_secs"": 0.006009, ""feat_secs_frame"": 0.000613, ""feat_secs_hsf"": 0.005259}"
ct,"ct:n=24,L=16,t=24,nn=1",1,"{""n"": 24.0, ""L"": 16.0, ""t"": 24.0, ""nn"": 1.0}",auto,ok,0.000464,0.0076,2637824,-0.0,0,1.418449314405932e-20,1.418449314405932e-20,switched_at=None dense_qubits=0 peak_terms=0 term_visits=0 dense_ops=0,"{""n"": 24, ""gates"": 597, ""g2"": 184, ""g3"": 0, ""depth2"": 16, ""t_count"": 24, ""rotations"": 24, ""d"": 20, ""dense_l"": 21.0029, ""redundant"": 4, ""obs_zero"": true, ""frame_l"": 9.2216, ""chi_bits"": 8, ""mps_l"": 27.4617, ""hsf_k"": 8, ""hsf_na"": 12, ""hsf_nb"": 12, ""hsf_l"": 31.1963, ""sup"": 24, ""chi_bits0"": 8, ""mps_l0"": 27.4617, ""hsf_keff"": 7, ""hsf_l0"": 32.1963, ""sparse_l"": 33.2216, ""sv_l"": 33.2216, ""feat_secs"": 0.006009, ""feat_secs_frame"": 0.000613, ""feat_secs_hsf"": 0.005259}"
ct,"ct:n=24,L=16,t=32,nn=1",1,"{""n"": 24.0, ""L"": 16.0, ""t"": 32.0, ""nn"": 1.0}",sv,ok,3.855363,3.8617,272809984,-4.774296244115189e-19,16777216,-4.774296244115189e-19,0.0,,"{""n"": 24, ""gates"": 623, ""g2"": 184, ""g3"": 0, ""depth2"": 16, ""t_count"": 32, ""rotations"": 32, ""d"": 22, ""dense_l"": 23.5869, ""redundant"": 10, ""obs_zero"": true, ""frame_l"": 9.2831, ""chi_bits"": 8, ""mps_l"": 27.4623, ""hsf_k"": 8, ""hsf_na"": 12, ""hsf_nb"": 12, ""hsf_l"": 32.2043, ""sup"": 24, ""chi_bits0"": 8, ""mps_l0"": 27.4623, ""hsf_keff"": 8, ""hsf_l0"": 32.2043, ""sparse_l"": 33.2831, ""sv_l"": 33.2831, ""feat_secs"": 0.006342, ""feat_secs_frame"": 0.000679, ""feat_secs_hsf"": 0.005504}"
ct,"ct:n=24,L=16,t=32,nn=1",1,"{""n"": 24.0, ""L"": 16.0, ""t"": 32.0, ""nn"": 1.0}",sparse,skipped,,,,,,-4.774296244115189e-19,,,"{""n"": 24, ""gates"": 623, ""g2"": 184, ""g3"": 0, ""depth2"": 16, ""t_count"": 32, ""rotations"": 32, ""d"": 22, ""dense_l"": 23.5869, ""redundant"": 10, ""obs_zero"": true, ""frame_l"": 9.2831, ""chi_bits"": 8, ""mps_l"": 27.4623, ""hsf_k"": 8, ""hsf_na"": 12, ""hsf_nb"": 12, ""hsf_l"": 32.2043, ""sup"": 24, ""chi_bits0"": 8, ""mps_l0"": 27.4623, ""hsf_keff"": 8, ""hsf_l0"": 32.2043, ""sparse_l"": 33.2831, ""sv_l"": 33.2831, ""feat_secs"": 0.006342, ""feat_secs_frame"": 0.000679, ""feat_secs_hsf"": 0.005504}"
ct,"ct:n=24,L=16,t=32,nn=1",1,"{""n"": 24.0, ""L"": 16.0, ""t"": 32.0, ""nn"": 1.0}",mps,ok,0.012209,0.0173,5210112,1.648014312547084e-33,32,-4.774296244115189e-19,4.774296244115205e-19,,"{""n"": 24, ""gates"": 623, ""g2"": 184, ""g3"": 0, ""depth2"": 16, ""t_count"": 32, ""rotations"": 32, ""d"": 22, ""dense_l"": 23.5869, ""redundant"": 10, ""obs_zero"": true, ""frame_l"": 9.2831, ""chi_bits"": 8, ""mps_l"": 27.4623, ""hsf_k"": 8, ""hsf_na"": 12, ""hsf_nb"": 12, ""hsf_l"": 32.2043, ""sup"": 24, ""chi_bits0"": 8, ""mps_l0"": 27.4623, ""hsf_keff"": 8, ""hsf_l0"": 32.2043, ""sparse_l"": 33.2831, ""sv_l"": 33.2831, ""feat_secs"": 0.006342, ""feat_secs_frame"": 0.000679, ""feat_secs_hsf"": 0.005504}"
ct,"ct:n=24,L=16,t=32,nn=1",1,"{""n"": 24.0, ""L"": 16.0, ""t"": 32.0, ""nn"": 1.0}",hsf,ok,1.223141,1.2294,284819456,7.551604781598732e-19,256,-4.774296244115189e-19,1.232590102571392e-18,,"{""n"": 24, ""gates"": 623, ""g2"": 184, ""g3"": 0, ""depth2"": 16, ""t_count"": 32, ""rotations"": 32, ""d"": 22, ""dense_l"": 23.5869, ""redundant"": 10, ""obs_zero"": true, ""frame_l"": 9.2831, ""chi_bits"": 8, ""mps_l"": 27.4623, ""hsf_k"": 8, ""hsf_na"": 12, ""hsf_nb"": 12, ""hsf_l"": 32.2043, ""sup"": 24, ""chi_bits0"": 8, ""mps_l0"": 27.4623, ""hsf_keff"": 8, ""hsf_l0"": 32.2043, ""sparse_l"": 33.2831, ""sv_l"": 33.2831, ""feat_secs"": 0.006342, ""feat_secs_frame"": 0.000679, ""feat_secs_hsf"": 0.005504}"
ct,"ct:n=24,L=16,t=32,nn=1",1,"{""n"": 24.0, ""L"": 16.0, ""t"": 32.0, ""nn"": 1.0}",tableau,na,,0.0047,1966080,,,-4.774296244115189e-19,,"TooLarge { what: ""tableau (non-Clifford circuit)"", bytes: 0, limit: 0 }","{""n"": 24, ""gates"": 623, ""g2"": 184, ""g3"": 0, ""depth2"": 16, ""t_count"": 32, ""rotations"": 32, ""d"": 22, ""dense_l"": 23.5869, ""redundant"": 10, ""obs_zero"": true, ""frame_l"": 9.2831, ""chi_bits"": 8, ""mps_l"": 27.4623, ""hsf_k"": 8, ""hsf_na"": 12, ""hsf_nb"": 12, ""hsf_l"": 32.2043, ""sup"": 24, ""chi_bits0"": 8, ""mps_l0"": 27.4623, ""hsf_keff"": 8, ""hsf_l0"": 32.2043, ""sparse_l"": 33.2831, ""sv_l"": 33.2831, ""feat_secs"": 0.006342, ""feat_secs_frame"": 0.000679, ""feat_secs_hsf"": 0.005504}"
ct,"ct:n=24,L=16,t=32,nn=1",1,"{""n"": 24.0, ""L"": 16.0, ""t"": 32.0, ""nn"": 1.0}",frame,ok,0.000473,0.0077,2654208,-0.0,0,-4.774296244115189e-19,4.774296244115189e-19,switched_at=None dense_qubits=0 peak_terms=0 term_visits=0 dense_ops=0,"{""n"": 24, ""gates"": 623, ""g2"": 184, ""g3"": 0, ""depth2"": 16, ""t_count"": 32, ""rotations"": 32, ""d"": 22, ""dense_l"": 23.5869, ""redundant"": 10, ""obs_zero"": true, ""frame_l"": 9.2831, ""chi_bits"": 8, ""mps_l"": 27.4623, ""hsf_k"": 8, ""hsf_na"": 12, ""hsf_nb"": 12, ""hsf_l"": 32.2043, ""sup"": 24, ""chi_bits0"": 8, ""mps_l0"": 27.4623, ""hsf_keff"": 8, ""hsf_l0"": 32.2043, ""sparse_l"": 33.2831, ""sv_l"": 33.2831, ""feat_secs"": 0.006342, ""feat_secs_frame"": 0.000679, ""feat_secs_hsf"": 0.005504}"
ct,"ct:n=24,L=16,t=32,nn=1",1,"{""n"": 24.0, ""L"": 16.0, ""t"": 32.0, ""nn"": 1.0}",dense,ok,0.02314,0.0295,69910528,0.0,22,-4.774296244115189e-19,4.774296244115189e-19,switched_at=Some(31) dense_qubits=22 peak_terms=0 term_visits=0 dense_ops=12075134,"{""n"": 24, ""gates"": 623, ""g2"": 184, ""g3"": 0, ""depth2"": 16, ""t_count"": 32, ""rotations"": 32, ""d"": 22, ""dense_l"": 23.5869, ""redundant"": 10, ""obs_zero"": true, ""frame_l"": 9.2831, ""chi_bits"": 8, ""mps_l"": 27.4623, ""hsf_k"": 8, ""hsf_na"": 12, ""hsf_nb"": 12, ""hsf_l"": 32.2043, ""sup"": 24, ""chi_bits0"": 8, ""mps_l0"": 27.4623, ""hsf_keff"": 8, ""hsf_l0"": 32.2043, ""sparse_l"": 33.2831, ""sv_l"": 33.2831, ""feat_secs"": 0.006342, ""feat_secs_frame"": 0.000679, ""feat_secs_hsf"": 0.005504}"
ct,"ct:n=24,L=16,t=32,nn=1",1,"{""n"": 24.0, ""L"": 16.0, ""t"": 32.0, ""nn"": 1.0}",auto,ok,0.000468,0.0073,2637824,-0.0,0,-4.774296244115189e-19,4.774296244115189e-19,switched_at=None dense_qubits=0 peak_terms=0 term_visits=0 dense_ops=0,"{""n"": 24, ""gates"": 623, ""g2"": 184, ""g3"": 0, ""depth2"": 16, ""t_count"": 32, ""rotations"": 32, ""d"": 22, ""dense_l"": 23.5869, ""redundant"": 10, ""obs_zero"": true, ""frame_l"": 9.2831, ""chi_bits"": 8, ""mps_l"": 27.4623, ""hsf_k"": 8, ""hsf_na"": 12, ""hsf_nb"": 12, ""hsf_l"": 32.2043, ""sup"": 24, ""chi_bits0"": 8, ""mps_l0"": 27.4623, ""hsf_keff"": 8, ""hsf_l0"": 32.2043, ""sparse_l"": 33.2831, ""sv_l"": 33.2831, ""feat_secs"": 0.006342, ""feat_secs_frame"": 0.000679, ""feat_secs_hsf"": 0.005504}"
ct,"ct:n=24,L=16,t=48,nn=1",1,"{""n"": 24.0, ""L"": 16.0, ""t"": 48.0, ""nn"": 1.0}",sv,ok,3.797606,3.8024,272859136,-2.575774253041124e-19,16777216,-2.575774253041124e-19,0.0,,"{""n"": 24, ""gates"": 642, ""g2"": 184, ""g3"": 0, ""depth2"": 16, ""t_count"": 48, ""rotations"": 48, ""d"": 20, ""dense_l"": 22.5186, ""redundant"": 28, ""obs_zero"": true, ""frame_l"": 9.3264, ""chi_bits"": 8, ""mps_l"": 27.4623, ""hsf_k"": 8, ""hsf_na"": 12, ""hsf_nb"": 12, ""hsf_l"": 32.2101, ""sup"": 24, ""chi_bits0"": 8, ""mps_l0"": 27.4623, ""hsf_keff"": 8, ""hsf_l0"": 32.2101, ""sparse_l"": 33.3264, ""sv_l"": 33.3264, ""feat_secs"": 0.006375, ""feat_secs_frame"": 0.000647, ""feat_secs_hsf"": 0.00558}"
ct,"ct:n=24,L=16,t=48,nn=1",1,"{""n"": 24.0, ""L"": 16.0, ""t"": 48.0, ""nn"": 1.0}",sparse,skipped,,,,,,-2.575774253041124e-19,,,"{""n"": 24, ""gates"": 642, ""g2"": 184, ""g3"": 0, ""depth2"": 16, ""t_count"": 48, ""rotations"": 48, ""d"": 20, ""dense_l"": 22.5186, ""redundant"": 28, ""obs_zero"": true, ""frame_l"": 9.3264, ""chi_bits"": 8, ""mps_l"": 27.4623, ""hsf_k"": 8, ""hsf_na"": 12, ""hsf_nb"": 12, ""hsf_l"": 32.2101, ""sup"": 24, ""chi_bits0"": 8, ""mps_l0"": 27.4623, ""hsf_keff"": 8, ""hsf_l0"": 32.2101, ""sparse_l"": 33.3264, ""sv_l"": 33.3264, ""feat_secs"": 0.006375, ""feat_secs_frame"": 0.000647, ""feat_secs_hsf"": 0.00558}"
ct,"ct:n=24,L=16,t=48,nn=1",1,"{""n"": 24.0, ""L"": 16.0, ""t"": 48.0, ""nn"": 1.0}",mps,ok,0.002454,0.0077,3571712,5.025947422014143e-32,16,-2.575774253041124e-19,2.5757742530416266e-19,,"{""n"": 24, ""gates"": 642, ""g2"": 184, ""g3"": 0, ""depth2"": 16, ""t_count"": 48, ""rotations"": 48, ""d"": 20, ""dense_l"": 22.5186, ""redundant"": 28, ""obs_zero"": true, ""frame_l"": 9.3264, ""chi_bits"": 8, ""mps_l"": 27.4623, ""hsf_k"": 8, ""hsf_na"": 12, ""hsf_nb"": 12, ""hsf_l"": 32.2101, ""sup"": 24, ""chi_bits0"": 8, ""mps_l0"": 27.4623, ""hsf_keff"": 8, ""hsf_l0"": 32.2101, ""sparse_l"": 33.3264, ""sv_l"": 33.3264, ""feat_secs"": 0.006375, ""feat_secs_frame"": 0.000647, ""feat_secs_hsf"": 0.00558}"
ct,"ct:n=24,L=16,t=48,nn=1",1,"{""n"": 24.0, ""L"": 16.0, ""t"": 48.0, ""nn"": 1.0}",hsf,ok,0.636311,0.6419,284819456,1.641126335305207e-21,256,-2.575774253041124e-19,2.592185516394176e-19,,"{""n"": 24, ""gates"": 642, ""g2"": 184, ""g3"": 0, ""depth2"": 16, ""t_count"": 48, ""rotations"": 48, ""d"": 20, ""dense_l"": 22.5186, ""redundant"": 28, ""obs_zero"": true, ""frame_l"": 9.3264, ""chi_bits"": 8, ""mps_l"": 27.4623, ""hsf_k"": 8, ""hsf_na"": 12, ""hsf_nb"": 12, ""hsf_l"": 32.2101, ""sup"": 24, ""chi_bits0"": 8, ""mps_l0"": 27.4623, ""hsf_keff"": 8, ""hsf_l0"": 32.2101, ""sparse_l"": 33.3264, ""sv_l"": 33.3264, ""feat_secs"": 0.006375, ""feat_secs_frame"": 0.000647, ""feat_secs_hsf"": 0.00558}"
ct,"ct:n=24,L=16,t=48,nn=1",1,"{""n"": 24.0, ""L"": 16.0, ""t"": 48.0, ""nn"": 1.0}",tableau,na,,0.0046,1966080,,,-2.575774253041124e-19,,"TooLarge { what: ""tableau (non-Clifford circuit)"", bytes: 0, limit: 0 }","{""n"": 24, ""gates"": 642, ""g2"": 184, ""g3"": 0, ""depth2"": 16, ""t_count"": 48, ""rotations"": 48, ""d"": 20, ""dense_l"": 22.5186, ""redundant"": 28, ""obs_zero"": true, ""frame_l"": 9.3264, ""chi_bits"": 8, ""mps_l"": 27.4623, ""hsf_k"": 8, ""hsf_na"": 12, ""hsf_nb"": 12, ""hsf_l"": 32.2101, ""sup"": 24, ""chi_bits0"": 8, ""mps_l0"": 27.4623, ""hsf_keff"": 8, ""hsf_l0"": 32.2101, ""sparse_l"": 33.3264, ""sv_l"": 33.3264, ""feat_secs"": 0.006375, ""feat_secs_frame"": 0.000647, ""feat_secs_hsf"": 0.00558}"
ct,"ct:n=24,L=16,t=48,nn=1",1,"{""n"": 24.0, ""L"": 16.0, ""t"": 48.0, ""nn"": 1.0}",frame,ok,0.000453,0.0046,2654208,-0.0,0,-2.575774253041124e-19,2.575774253041124e-19,switched_at=None dense_qubits=0 peak_terms=0 term_visits=0 dense_ops=0,"{""n"": 24, ""gates"": 642, ""g2"": 184, ""g3"": 0, ""depth2"": 16, ""t_count"": 48, ""rotations"": 48, ""d"": 20, ""dense_l"": 22.5186, ""redundant"": 28, ""obs_zero"": true, ""frame_l"": 9.3264, ""chi_bits"": 8, ""mps_l"": 27.4623, ""hsf_k"": 8, ""hsf_na"": 12, ""hsf_nb"": 12, ""hsf_l"": 32.2101, ""sup"": 24, ""chi_bits0"": 8, ""mps_l0"": 27.4623, ""hsf_keff"": 8, ""hsf_l0"": 32.2101, ""sparse_l"": 33.3264, ""sv_l"": 33.3264, ""feat_secs"": 0.006375, ""feat_secs_frame"": 0.000647, ""feat_secs_hsf"": 0.00558}"
ct,"ct:n=24,L=16,t=48,nn=1",1,"{""n"": 24.0, ""L"": 16.0, ""t"": 48.0, ""nn"": 1.0}",dense,ok,0.010447,0.0155,19513344,0.0,20,-2.575774253041124e-19,2.575774253041124e-19,switched_at=Some(46) dense_qubits=20 peak_terms=0 term_visits=0 dense_ops=5742483,"{""n"": 24, ""gates"": 642, ""g2"": 184, ""g3"": 0, ""depth2"": 16, ""t_count"": 48, ""rotations"": 48, ""d"": 20, ""dense_l"": 22.5186, ""redundant"": 28, ""obs_zero"": true, ""frame_l"": 9.3264, ""chi_bits"": 8, ""mps_l"": 27.4623, ""hsf_k"": 8, ""hsf_na"": 12, ""hsf_nb"": 12, ""hsf_l"": 32.2101, ""sup"": 24, ""chi_bits0"": 8, ""mps_l0"": 27.4623, ""hsf_keff"": 8, ""hsf_l0"": 32.2101, ""sparse_l"": 33.3264, ""sv_l"": 33.3264, ""feat_secs"": 0.006375, ""feat_secs_frame"": 0.000647, ""feat_secs_hsf"": 0.00558}"
ct,"ct:n=24,L=16,t=48,nn=1",1,"{""n"": 24.0, ""L"": 16.0, ""t"": 48.0, ""nn"": 1.0}",auto,ok,0.000399,0.0077,2621440,-0.0,0,-2.575774253041124e-19,2.575774253041124e-19,switched_at=None dense_qubits=0 peak_terms=0 term_visits=0 dense_ops=0,"{""n"": 24, ""gates"": 642, ""g2"": 184, ""g3"": 0, ""depth2"": 16, ""t_count"": 48, ""rotations"": 48, ""d"": 20, ""dense_l"": 22.5186, ""redundant"": 28, ""obs_zero"": true, ""frame_l"": 9.3264, ""chi_bits"": 8, ""mps_l"": 27.4623, ""hsf_k"": 8, ""hsf_na"": 12, ""hsf_nb"": 12, ""hsf_l"": 32.2101, ""sup"": 24, ""chi_bits0"": 8, ""mps_l0"": 27.4623, ""hsf_keff"": 8, ""hsf_l0"": 32.2101, ""sparse_l"": 33.3264, ""sv_l"": 33.3264, ""feat_secs"": 0.006375, ""feat_secs_frame"": 0.000647, ""feat_secs_hsf"": 0.00558}"
ct,"ct:n=24,L=16,t=64,nn=1",1,"{""n"": 24.0, ""L"": 16.0, ""t"": 64.0, ""nn"": 1.0}",sv,ok,3.956539,3.9624,272826368,-0.0002101704842347554,16777216,-0.0002101704842347554,0.0,,"{""n"": 24, ""gates"": 666, ""g2"": 184, ""g3"": 0, ""depth2"": 16, ""t_count"": 64, ""rotations"": 64, ""d"": 24, ""dense_l"": 28.12, ""redundant"": 40, ""obs_zero"": false, ""frame_l"": 26.0, ""chi_bits"": 8, ""mps_l"": 27.4658, ""hsf_k"": 8, ""hsf_na"": 12, ""hsf_nb"": 12, ""hsf_l"": 32.2174, ""sup"": 24, ""chi_bits0"": 8, ""mps_l0"": 27.4658, ""hsf_keff"": 8, ""hsf_l0"": 32.2174, ""sparse_l"": 33.3794, ""sv_l"": 33.3794, ""feat_secs"": 0.006371, ""feat_secs_frame"": 0.0007, ""feat_secs_hsf"": 0.005515}"
ct,"ct:n=24,L=16,t=64,nn=1",1,"{""n"": 24.0, ""L"": 16.0, ""t"": 64.0, ""nn"": 1.0}",sparse,skipped,,,,,,-0.0002101704842347554,,,"{""n"": 24, ""gates"": 666, ""g2"": 184, ""g3"": 0, ""depth2"": 16, ""t_count"": 64, ""rotations"": 64, ""d"": 24, ""dense_l"": 28.12, ""redundant"": 40, ""obs_zero"": false, ""frame_l"": 26.0, ""chi_bits"": 8, ""mps_l"": 27.4658, ""hsf_k"": 8, ""hsf_na"": 12, ""hsf_nb"": 12, ""hsf_l"": 32.2174, ""sup"": 24, ""chi_bits0"": 8, ""mps_l0"": 27.4658, ""hsf_keff"": 8, ""hsf_l0"": 32.2174, ""sparse_l"": 33.3794, ""sv_l"": 33.3794, ""feat_secs"": 0.006371, ""feat_secs_frame"": 0.0007, ""feat_secs_hsf"": 0.005515}"
ct,"ct:n=24,L=16,t=64,nn=1",1,"{""n"": 24.0, ""L"": 16.0, ""t"": 64.0, ""nn"": 1.0}",mps,ok,0.026051,0.0333,6635520,-0.0002101704842347702,64,-0.0002101704842347554,1.4799359654427136e-17,,"{""n"": 24, ""gates"": 666, ""g2"": 184, ""g3"": 0, ""depth2"": 16, ""t_count"": 64, ""rotations"": 64, ""d"": 24, ""dense_l"": 28.12, ""redundant"": 40, ""obs_zero"": false, ""frame_l"": 26.0, ""chi_bits"": 8, ""mps_l"": 27.4658, ""hsf_k"": 8, ""hsf_na"": 12, ""hsf_nb"": 12, ""hsf_l"": 32.2174, ""sup"": 24, ""chi_bits0"": 8, ""mps_l0"": 27.4658, ""hsf_keff"": 8, ""hsf_l0"": 32.2174, ""sparse_l"": 33.3794, ""sv_l"": 33.3794, ""feat_secs"": 0.006371, ""feat_secs_frame"": 0.0007, ""feat_secs_hsf"": 0.005515}"
ct,"ct:n=24,L=16,t=64,nn=1",1,"{""n"": 24.0, ""L"": 16.0, ""t"": 64.0, ""nn"": 1.0}",hsf,ok,1.217309,1.2233,284819456,-0.0002101704842347609,256,-0.0002101704842347554,5.502326025363935e-18,,"{""n"": 24, ""gates"": 666, ""g2"": 184, ""g3"": 0, ""depth2"": 16, ""t_count"": 64, ""rotations"": 64, ""d"": 24, ""dense_l"": 28.12, ""redundant"": 40, ""obs_zero"": false, ""frame_l"": 26.0, ""chi_bits"": 8, ""mps_l"": 27.4658, ""hsf_k"": 8, ""hsf_na"": 12, ""hsf_nb"": 12, ""hsf_l"": 32.2174, ""sup"": 24, ""chi_bits0"": 8, ""mps_l0"": 27.4658, ""hsf_keff"": 8, ""hsf_l0"": 32.2174, ""sparse_l"": 33.3794, ""sv_l"": 33.3794, ""feat_secs"": 0.006371, ""feat_secs_frame"": 0.0007, ""feat_secs_hsf"": 0.005515}"
ct,"ct:n=24,L=16,t=64,nn=1",1,"{""n"": 24.0, ""L"": 16.0, ""t"": 64.0, ""nn"": 1.0}",tableau,na,,0.0073,1966080,,,-0.0002101704842347554,,"TooLarge { what: ""tableau (non-Clifford circuit)"", bytes: 0, limit: 0 }","{""n"": 24, ""gates"": 666, ""g2"": 184, ""g3"": 0, ""depth2"": 16, ""t_count"": 64, ""rotations"": 64, ""d"": 24, ""dense_l"": 28.12, ""redundant"": 40, ""obs_zero"": false, ""frame_l"": 26.0, ""chi_bits"": 8, ""mps_l"": 27.4658, ""hsf_k"": 8, ""hsf_na"": 12, ""hsf_nb"": 12, ""hsf_l"": 32.2174, ""sup"": 24, ""chi_bits0"": 8, ""mps_l0"": 27.4658, ""hsf_keff"": 8, ""hsf_l0"": 32.2174, ""sparse_l"": 33.3794, ""sv_l"": 33.3794, ""feat_secs"": 0.006371, ""feat_secs_frame"": 0.0007, ""feat_secs_hsf"": 0.005515}"
ct,"ct:n=24,L=16,t=64,nn=1",1,"{""n"": 24.0, ""L"": 16.0, ""t"": 64.0, ""nn"": 1.0}",frame,ok,0.013461,0.0188,8486912,-0.0002101704842347782,34992,-0.0002101704842347554,2.279535067650773e-17,switched_at=None dense_qubits=0 peak_terms=34992 term_visits=444351 dense_ops=0,"{""n"": 24, ""gates"": 666, ""g2"": 184, ""g3"": 0, ""depth2"": 16, ""t_count"": 64, ""rotations"": 64, ""d"": 24, ""dense_l"": 28.12, ""redundant"": 40, ""obs_zero"": false, ""frame_l"": 26.0, ""chi_bits"": 8, ""mps_l"": 27.4658, ""hsf_k"": 8, ""hsf_na"": 12, ""hsf_nb"": 12, ""hsf_l"": 32.2174, ""sup"": 24, ""chi_bits0"": 8, ""mps_l0"": 27.4658, ""hsf_keff"": 8, ""hsf_l0"": 32.2174, ""sparse_l"": 33.3794, ""sv_l"": 33.3794, ""feat_secs"": 0.006371, ""feat_secs_frame"": 0.0007, ""feat_secs_hsf"": 0.005515}"
ct,"ct:n=24,L=16,t=64,nn=1",1,"{""n"": 24.0, ""L"": 16.0, ""t"": 64.0, ""nn"": 1.0}",dense,ok,0.503101,0.5088,271548416,-0.0002101704842347694,24,-0.0002101704842347554,1.3986208025063007e-17,switched_at=Some(63) dense_qubits=24 peak_terms=1 term_visits=0 dense_ops=308454398,"{""n"": 24, ""gates"": 666, ""g2"": 184, ""g3"": 0, ""depth2"": 16, ""t_count"": 64, ""rotations"": 64, ""d"": 24, ""dense_l"": 28.12, ""redundant"": 40, ""obs_zero"": false, ""frame_l"": 26.0, ""chi_bits"": 8, ""mps_l"": 27.4658, ""hsf_k"": 8, ""hsf_na"": 12, ""hsf_nb"": 12, ""hsf_l"": 32.2174, ""sup"": 24, ""chi_bits0"": 8, ""mps_l0"": 27.4658, ""hsf_keff"": 8, ""hsf_l0"": 32.2174, ""sparse_l"": 33.3794, ""sv_l"": 33.3794, ""feat_secs"": 0.006371, ""feat_secs_frame"": 0.0007, ""feat_secs_hsf"": 0.005515}"
ct,"ct:n=24,L=16,t=64,nn=1",1,"{""n"": 24.0, ""L"": 16.0, ""t"": 64.0, ""nn"": 1.0}",auto,ok,1.346609,1.3542,158302208,-0.0002101704842347799,23,-0.0002101704842347554,2.45029690981724e-17,switched_at=Some(53) dense_qubits=23 peak_terms=64 term_visits=103 dense_ops=685941758,"{""n"": 24, ""gates"": 666, ""g2"": 184, ""g3"": 0, ""depth2"": 16, ""t_count"": 64, ""rotations"": 64, ""d"": 24, ""dense_l"": 28.12, ""redundant"": 40, ""obs_zero"": false, ""frame_l"": 26.0, ""chi_bits"": 8, ""mps_l"": 27.4658, ""hsf_k"": 8, ""hsf_na"": 12, ""hsf_nb"": 12, ""hsf_l"": 32.2174, ""sup"": 24, ""chi_bits0"": 8, ""mps_l0"": 27.4658, ""hsf_keff"": 8, ""hsf_l0"": 32.2174, ""sparse_l"": 33.3794, ""sv_l"": 33.3794, ""feat_secs"": 0.006371, ""feat_secs_frame"": 0.0007, ""feat_secs_hsf"": 0.005515}"
ct,"ct:n=24,L=32,t=0,nn=1",1,"{""n"": 24.0, ""L"": 32.0, ""t"": 0.0, ""nn"": 1.0}",sv,ok,6.968483,6.9757,273104896,0.0,16777216,0.0,0.0,,"{""n"": 24, ""gates"": 1126, ""g2"": 368, ""g3"": 0, ""depth2"": 32, ""t_count"": 0, ""rotations"": 0, ""d"": 0, ""dense_l"": 0.0, ""redundant"": 0, ""obs_zero"": true, ""frame_l"": 10.137, ""chi_bits"": 12, ""mps_l"": 38.796, ""hsf_k"": 16, ""hsf_na"": 12, ""hsf_nb"": 12, ""hsf_l"": 39.3504, ""sup"": 24, ""chi_bits0"": 12, ""mps_l0"": 38.796, ""hsf_keff"": 15, ""hsf_l0"": 40.3504, ""sparse_l"": 34.137, ""sv_l"": 34.137, ""feat_secs"": 0.006776, ""feat_secs_frame"": 0.001104, ""feat_secs_hsf"": 0.005427}"
ct,"ct:n=24,L=32,t=0,nn=1",1,"{""n"": 24.0, ""L"": 32.0, ""t"": 0.0, ""nn"": 1.0}",sparse,skipped,,,,,,0.0,,,"{""n"": 24, ""gates"": 1126, ""g2"": 368, ""g3"": 0, ""depth2"": 32, ""t_count"": 0, ""rotations"": 0, ""d"": 0, ""dense_l"": 0.0, ""redundant"": 0, ""obs_zero"": true, ""frame_l"": 10.137, ""chi_bits"": 12, ""mps_l"": 38.796, ""hsf_k"": 16, ""hsf_na"": 12, ""hsf_nb"": 12, ""hsf_l"": 39.3504, ""sup"": 24, ""chi_bits0"": 12, ""mps_l0"": 38.796, ""hsf_keff"": 15, ""hsf_l0"": 40.3504, ""sparse_l"": 34.137, ""sv_l"": 34.137, ""feat_secs"": 0.006776, ""feat_secs_frame"": 0.001104, ""feat_secs_hsf"": 0.005427}"
ct,"ct:n=24,L=32,t=0,nn=1",1,"{""n"": 24.0, ""L"": 32.0, ""t"": 0.0, ""nn"": 1.0}",mps,ok,1.419295,1.4264,77348864,5.050369880479634e-16,512,0.0,5.050369880479634e-16,,"{""n"": 24, ""gates"": 1126, ""g2"": 368, ""g3"": 0, ""depth2"": 32, ""t_count"": 0, ""rotations"": 0, ""d"": 0, ""dense_l"": 0.0, ""redundant"": 0, ""obs_zero"": true, ""frame_l"": 10.137, ""chi_bits"": 12, ""mps_l"": 38.796, ""hsf_k"": 16, ""hsf_na"": 12, ""hsf_nb"": 12, ""hsf_l"": 39.3504, ""sup"": 24, ""chi_bits0"": 12, ""mps_l0"": 38.796, ""hsf_keff"": 15, ""hsf_l0"": 40.3504, ""sparse_l"": 34.137, ""sv_l"": 34.137, ""feat_secs"": 0.006776, ""feat_secs_frame"": 0.001104, ""feat_secs_hsf"": 0.005427}"
ct,"ct:n=24,L=32,t=0,nn=1",1,"{""n"": 24.0, ""L"": 32.0, ""t"": 0.0, ""nn"": 1.0}",hsf,timeout,,10.0057,285917184,,,0.0,,timeout,"{""n"": 24, ""gates"": 1126, ""g2"": 368, ""g3"": 0, ""depth2"": 32, ""t_count"": 0, ""rotations"": 0, ""d"": 0, ""dense_l"": 0.0, ""redundant"": 0, ""obs_zero"": true, ""frame_l"": 10.137, ""chi_bits"": 12, ""mps_l"": 38.796, ""hsf_k"": 16, ""hsf_na"": 12, ""hsf_nb"": 12, ""hsf_l"": 39.3504, ""sup"": 24, ""chi_bits0"": 12, ""mps_l0"": 38.796, ""hsf_keff"": 15, ""hsf_l0"": 40.3504, ""sparse_l"": 34.137, ""sv_l"": 34.137, ""feat_secs"": 0.006776, ""feat_secs_frame"": 0.001104, ""feat_secs_hsf"": 0.005427}"
ct,"ct:n=24,L=32,t=0,nn=1",1,"{""n"": 24.0, ""L"": 32.0, ""t"": 0.0, ""nn"": 1.0}",tableau,ok,0.000115,0.0066,2195456,-0.0,0,0.0,0.0,,"{""n"": 24, ""gates"": 1126, ""g2"": 368, ""g3"": 0, ""depth2"": 32, ""t_count"": 0, ""rotations"": 0, ""d"": 0, ""dense_l"": 0.0, ""redundant"": 0, ""obs_zero"": true, ""frame_l"": 10.137, ""chi_bits"": 12, ""mps_l"": 38.796, ""hsf_k"": 16, ""hsf_na"": 12, ""hsf_nb"": 12, ""hsf_l"": 39.3504, ""sup"": 24, ""chi_bits0"": 12, ""mps_l0"": 38.796, ""hsf_keff"": 15, ""hsf_l0"": 40.3504, ""sparse_l"": 34.137, ""sv_l"": 34.137, ""feat_secs"": 0.006776, ""feat_secs_frame"": 0.001104, ""feat_secs_hsf"": 0.005427}"
ct,"ct:n=24,L=32,t=0,nn=1",1,"{""n"": 24.0, ""L"": 32.0, ""t"": 0.0, ""nn"": 1.0}",frame,ok,0.000526,0.0077,2293760,-0.0,0,0.0,0.0,switched_at=None dense_qubits=0 peak_terms=0 term_visits=0 dense_ops=0,"{""n"": 24, ""gates"": 1126, ""g2"": 368, ""g3"": 0, ""depth2"": 32, ""t_count"": 0, ""rotations"": 0, ""d"": 0, ""dense_l"": 0.0, ""redundant"": 0, ""obs_zero"": true, ""frame_l"": 10.137, ""chi_bits"": 12, ""mps_l"": 38.796, ""hsf_k"": 16, ""hsf_na"": 12, ""hsf_nb"": 12, ""hsf_l"": 39.3504, ""sup"": 24, ""chi_bits0"": 12, ""mps_l0"": 38.796, ""hsf_keff"": 15, ""hsf_l0"": 40.3504, ""sparse_l"": 34.137, ""sv_l"": 34.137, ""feat_secs"": 0.006776, ""feat_secs_frame"": 0.001104, ""feat_secs_hsf"": 0.005427}"
ct,"ct:n=24,L=32,t=0,nn=1",1,"{""n"": 24.0, ""L"": 32.0, ""t"": 0.0, ""nn"": 1.0}",dense,ok,0.000544,0.0078,2293760,-0.0,0,0.0,0.0,switched_at=None dense_qubits=0 peak_terms=0 term_visits=0 dense_ops=0,"{""n"": 24, ""gates"": 1126, ""g2"": 368, ""g3"": 0, ""depth2"": 32, ""t_count"": 0, ""rotations"": 0, ""d"": 0, ""dense_l"": 0.0, ""redundant"": 0, ""obs_zero"": true, ""frame_l"": 10.137, ""chi_bits"": 12, ""mps_l"": 38.796, ""hsf_k"": 16, ""hsf_na"": 12, ""hsf_nb"": 12, ""hsf_l"": 39.3504, ""sup"": 24, ""chi_bits0"": 12, ""mps_l0"": 38.796, ""hsf_keff"": 15, ""hsf_l0"": 40.3504, ""sparse_l"": 34.137, ""sv_l"": 34.137, ""feat_secs"": 0.006776, ""feat_secs_frame"": 0.001104, ""feat_secs_hsf"": 0.005427}"
ct,"ct:n=24,L=32,t=0,nn=1",1,"{""n"": 24.0, ""L"": 32.0, ""t"": 0.0, ""nn"": 1.0}",auto,ok,0.000532,0.0078,2310144,-0.0,0,0.0,0.0,switched_at=None dense_qubits=0 peak_terms=0 term_visits=0 dense_ops=0,"{""n"": 24, ""gates"": 1126, ""g2"": 368, ""g3"": 0, ""depth2"": 32, ""t_count"": 0, ""rotations"": 0, ""d"": 0, ""dense_l"": 0.0, ""redundant"": 0, ""obs_zero"": true, ""frame_l"": 10.137, ""chi_bits"": 12, ""mps_l"": 38.796, ""hsf_k"": 16, ""hsf_na"": 12, ""hsf_nb"": 12, ""hsf_l"": 39.3504, ""sup"": 24, ""chi_bits0"": 12, ""mps_l0"": 38.796, ""hsf_keff"": 15, ""hsf_l0"": 40.3504, ""sparse_l"": 34.137, ""sv_l"": 34.137, ""feat_secs"": 0.006776, ""feat_secs_frame"": 0.001104, ""feat_secs_hsf"": 0.005427}"
ct,"ct:n=24,L=32,t=2,nn=1",1,"{""n"": 24.0, ""L"": 32.0, ""t"": 2.0, ""nn"": 1.0}",sv,ok,7.156984,7.1623,273072128,0.0,16777216,0.0,0.0,,"{""n"": 24, ""gates"": 1125, ""g2"": 368, ""g3"": 0, ""depth2"": 32, ""t_count"": 2, ""rotations"": 2, ""d"": 2, ""dense_l"": 2.585, ""redundant"": 0, ""obs_zero"": true, ""frame_l"": 10.1357, ""chi_bits"": 12, ""mps_l"": 38.796, ""hsf_k"": 16, ""hsf_na"": 12, ""hsf_nb"": 12, ""hsf_l"": 38.3501, ""sup"": 24, ""chi_bits0"": 12, ""mps_l0"": 38.796, ""hsf_keff"": 14, ""hsf_l0"": 40.3501, ""sparse_l"": 34.1357, ""sv_l"": 34.1357, ""feat_secs"": 0.006775, ""feat_secs_frame"": 0.001073, ""feat_secs_hsf"": 0.005452}"
ct,"ct:n=24,L=32,t=2,nn=1",1,"{""n"": 24.0, ""L"": 32.0, ""t"": 2.0, ""nn"": 1.0}",sparse,skipped,,,,,,0.0,,,"{""n"": 24, ""gates"": 1125, ""g2"": 368, ""g3"": 0, ""depth2"": 32, ""t_count"": 2, ""rotations"": 2, ""d"": 2, ""dense_l"": 2.585, ""redundant"": 0, ""obs_zero"": true, ""frame_l"": 10.1357, ""chi_bits"": 12, ""mps_l"": 38.796, ""hsf_k"": 16, ""hsf_na"": 12, ""hsf_nb"": 12, ""hsf_l"": 38.3501, ""sup"": 24, ""chi_bits0"": 12, ""mps_l0"": 38.796, ""hsf_keff"": 14, ""hsf_l0"": 40.3501, ""sparse_l"": 34.1357, ""sv_l"": 34.1357, ""feat_secs"": 0.006775, ""feat_secs_frame"": 0.001073, ""feat_secs_hsf"": 0.005452}"
ct,"ct:n=24,L=32,t=2,nn=1",1,"{""n"": 24.0, ""L"": 32.0, ""t"": 2.0, ""nn"": 1.0}",mps,ok,0.398985,0.4054,16793600,-3.047613637474054e-32,128,0.0,3.047613637474054e-32,,"{""n"": 24, ""gates"": 1125, ""g2"": 368, ""g3"": 0, ""depth2"": 32, ""t_count"": 2, ""rotations"": 2, ""d"": 2, ""dense_l"": 2.585, ""redundant"": 0, ""obs_zero"": true, ""frame_l"": 10.1357, ""chi_bits"": 12, ""mps_l"": 38.796, ""hsf_k"": 16, ""hsf_na"": 12, ""hsf_nb"": 12, ""hsf_l"": 38.3501, ""sup"": 24, ""chi_bits0"": 12, ""mps_l0"": 38.796, ""hsf_keff"": 14, ""hsf_l0"": 40.3501, ""sparse_l"": 34.1357, ""sv_l"": 34.1357, ""feat_secs"": 0.006775, ""feat_secs_frame"": 0.001073, ""feat_secs_hsf"": 0.005452}"
ct,"ct:n=24,L=32,t=2,nn=1",1,"{""n"": 24.0, ""L"": 32.0, ""t"": 2.0, ""nn"": 1.0}",hsf,timeout,,10.0042,285933568,,,0.0,,timeout,"{""n"": 24, ""gates"": 1125, ""g2"": 368, ""g3"": 0, ""depth2"": 32, ""t_count"": 2, ""rotations"": 2, ""d"": 2, ""dense_l"": 2.585, ""redundant"": 0, ""obs_zero"": true, ""frame_l"": 10.1357, ""chi_bits"": 12, ""mps_l"": 38.796, ""hsf_k"": 16, ""hsf_na"": 12, ""hsf_nb"": 12, ""hsf_l"": 38.3501, ""sup"": 24, ""chi_bits0"": 12, ""mps_l0"": 38.796, ""hsf_keff"": 14, ""hsf_l0"": 40.3501, ""sparse_l"": 34.1357, ""sv_l"": 34.1357, ""feat_secs"": 0.006775, ""feat_secs_frame"": 0.001073, ""feat_secs_hsf"": 0.005452}"
ct,"ct:n=24,L=32,t=2,nn=1",1,"{""n"": 24.0, ""L"": 32.0, ""t"": 2.0, ""nn"": 1.0}",tableau,na,,0.0047,1998848,,,0.0,,"TooLarge { what: ""tableau (non-Clifford circuit)"", bytes: 0, limit: 0 }","{""n"": 24, ""gates"": 1125, ""g2"": 368, ""g3"": 0, ""depth2"": 32, ""t_count"": 2, ""rotations"": 2, ""d"": 2, ""dense_l"": 2.585, ""redundant"": 0, ""obs_zero"": true, ""frame_l"": 10.1357, ""chi_bits"": 12, ""mps_l"": 38.796, ""hsf_k"": 16, ""hsf_na"": 12, ""hsf_nb"": 12, ""hsf_l"": 38.3501, ""sup"": 24, ""chi_bits0"": 12, ""mps_l0"": 38.796, ""hsf_keff"": 14, ""hsf_l0"": 40.3501, ""sparse_l"": 34.1357, ""sv_l"": 34.1357, ""feat_secs"": 0.006775, ""feat_secs_frame"": 0.001073, ""feat_secs_hsf"": 0.005452}"
ct,"ct:n=24,L=32,t=2,nn=1",1,"{""n"": 24.0, ""L"": 32.0, ""t"": 2.0, ""nn"": 1.0}",frame,ok,0.000696,0.0079,2654208,-0.0,0,0.0,0.0,switched_at=None dense_qubits=0 peak_terms=0 term_visits=0 dense_ops=0,"{""n"": 24, ""gates"": 1125, ""g2"": 368, ""g3"": 0, ""depth2"": 32, ""t_count"": 2, ""rotations"": 2, ""d"": 2, ""dense_l"": 2.585, ""redundant"": 0, ""obs_zero"": true, ""frame_l"": 10.1357, ""chi_bits"": 12, ""mps_l"": 38.796, ""hsf_k"": 16, ""hsf_na"": 12, ""hsf_nb"": 12, ""hsf_l"": 38.3501, ""sup"": 24, ""chi_bits0"": 12, ""mps_l0"": 38.796, ""hsf_keff"": 14, ""hsf_l0"": 40.3501, ""sparse_l"": 34.1357, ""sv_l"": 34.1357, ""feat_secs"": 0.006775, ""feat_secs_frame"": 0.001073, ""feat_secs_hsf"": 0.005452}"
ct,"ct:n=24,L=32,t=2,nn=1",1,"{""n"": 24.0, ""L"": 32.0, ""t"": 2.0, ""nn"": 1.0}",dense,ok,0.000518,0.0067,2310144,0.0,2,0.0,0.0,switched_at=Some(2) dense_qubits=2 peak_terms=0 term_visits=0 dense_ops=6,"{""n"": 24, ""gates"": 1125, ""g2"": 368, ""g3"": 0, ""depth2"": 32, ""t_count"": 2, ""rotations"": 2, ""d"": 2, ""dense_l"": 2.585, ""redundant"": 0, ""obs_zero"": true, ""frame_l"": 10.1357, ""chi_bits"": 12, ""mps_l"": 38.796, ""hsf_k"": 16, ""hsf_na"": 12, ""hsf_nb"": 12, ""hsf_l"": 38.3501, ""sup"": 24, ""chi_bits0"": 12, ""mps_l0"": 38.796, ""hsf_keff"": 14, ""hsf_l0"": 40.3501, ""sparse_l"": 34.1357, ""sv_l"": 34.1357, ""feat_secs"": 0.006775, ""feat_secs_frame"": 0.001073, ""feat_secs_hsf"": 0.005452}"
ct,"ct:n=24,L=32,t=2,nn=1",1,"{""n"": 24.0, ""L"": 32.0, ""t"": 2.0, ""nn"": 1.0}",auto,ok,0.000629,0.0074,2326528,0.0,2,0.0,0.0,switched_at=Some(2) dense_qubits=2 peak_terms=0 term_visits=0 dense_ops=6,"{""n"": 24, ""gates"": 1125, ""g2"": 368, ""g3"": 0, ""depth2"": 32, ""t_count"": 2, ""rotations"": 2, ""d"": 2, ""dense_l"": 2.585, ""redundant"": 0, ""obs_zero"": true, ""frame_l"": 10.1357, ""chi_bits"": 12, ""mps_l"": 38.796, ""hsf_k"": 16, ""hsf_na"": 12, ""hsf_nb"": 12, ""hsf_l"": 38.3501, ""sup"": 24, ""chi_bits0"": 12, ""mps_l0"": 38.796, ""hsf_keff"": 14, ""hsf_l0"": 40.3501, ""sparse_l"": 34.1357, ""sv_l"": 34.1357, ""feat_secs"": 0.006775, ""feat_secs_frame"": 0.001073, ""feat_secs_hsf"": 0.005452}"
ct,"ct:n=24,L=32,t=4,nn=1",1,"{""n"": 24.0, ""L"": 32.0, ""t"": 4.0, ""nn"": 1.0}",sv,ok,7.097463,7.1045,273121280,-2.858736196983264e-21,16777216,-2.858736196983264e-21,0.0,,"{""n"": 24, ""gates"": 1129, ""g2"": 368, ""g3"": 0, ""depth2"": 32, ""t_count"": 4, ""rotations"": 4, ""d"": 4, ""dense_l"": 4.9069, ""redundant"": 0, ""obs_zero"": true, ""frame_l"": 10.1408, ""chi_bits"": 12, ""mps_l"": 38.796, ""hsf_k"": 16, ""hsf_na"": 12, ""hsf_nb"": 12, ""hsf_l"": 39.3512, ""sup"": 24, ""chi_bits0"": 12, ""mps_l0"": 38.796, ""hsf_keff"": 15, ""hsf_l0"": 40.3512, ""sparse_l"": 34.1408, ""sv_l"": 34.1408, ""feat_secs"": 0.008783, ""feat_secs_frame"": 0.001434, ""feat_secs_hsf"": 0.007023}"
ct,"ct:n=24,L=32,t=4,nn=1",1,"{""n"": 24.0, ""L"": 32.0, ""t"": 4.0, ""nn"": 1.0}",sparse,skipped,,,,,,-2.858736196983264e-21,,,"{""n"": 24, ""gates"": 1129, ""g2"": 368, ""g3"": 0, ""depth2"": 32, ""t_count"": 4, ""rotations"": 4, ""d"": 4, ""dense_l"": 4.9069, ""redundant"": 0, ""obs_zero"": true, ""frame_l"": 10.1408, ""chi_bits"": 12, ""mps_l"": 38.796, ""hsf_k"": 16, ""hsf_na"": 12, ""hsf_nb"": 12, ""hsf_l"": 39.3512, ""sup"": 24, ""chi_bits0"": 12, ""mps_l0"": 38.796, ""hsf_keff"": 15, ""hsf_l0"": 40.3512, ""sparse_l"": 34.1408, ""sv_l"": 34.1408, ""feat_secs"": 0.008783, ""feat_secs_frame"": 0.001434, ""feat_secs_hsf"": 0.007023}"
ct,"ct:n=24,L=32,t=4,nn=1",1,"{""n"": 24.0, ""L"": 32.0, ""t"": 4.0, ""nn"": 1.0}",mps,ok,0.933001,0.9405,32374784,1.528751345422853e-22,256,-2.858736196983264e-21,3.0116113315255495e-21,,"{""n"": 24, ""gates"": 1129, ""g2"": 368, ""g3"": 0, ""depth2"": 32, ""t_count"": 4, ""rotations"": 4, ""d"": 4, ""dense_l"": 4.9069, ""redundant"": 0, ""obs_zero"": true, ""frame_l"": 10.1408, ""chi_bits"": 12, ""mps_l"": 38.796, ""hsf_k"": 16, ""hsf_na"": 12, ""hsf_nb"": 12, ""hsf_l"": 39.3512, ""sup"": 24, ""chi_bits0"": 12, ""mps_l0"": 38.796, ""hsf_keff"": 15, ""hsf_l0"": 40.3512, ""sparse_l"": 34.1408, ""sv_l"": 34.1408, ""feat_secs"": 0.008783, ""feat_secs_frame"": 0.001434, ""feat_secs_hsf"": 0.007023}"
ct,"ct:n=24,L=32,t=4,nn=1",1,"{""n"": 24.0, ""L"": 32.0, ""t"": 4.0, ""nn"": 1.0}",hsf,timeout,,10.0029,285917184,,,-2.858736196983264e-21,,timeout,"{""n"": 24, ""gates"": 1129, ""g2"": 368, ""g3"": 0, ""depth2"": 32, ""t_count"": 4, ""rotations"": 4, ""d"": 4, ""dense_l"": 4.9069, ""redundant"": 0, ""obs_zero"": true, ""frame_l"": 10.1408, ""chi_bits"": 12, ""mps_l"": 38.796, ""hsf_k"": 16, ""hsf_na"": 12, ""hsf_nb"": 12, ""hsf_l"": 39.3512, ""sup"": 24, ""chi_bits0"": 12, ""mps_l0"": 38.796, ""hsf_keff"": 15, ""hsf_l0"": 40.3512, ""sparse_l"": 34.1408, ""sv_l"": 34.1408, ""feat_secs"": 0.008783, ""feat_secs_frame"": 0.001434, ""feat_secs_hsf"": 0.007023}"
ct,"ct:n=24,L=32,t=4,nn=1",1,"{""n"": 24.0, ""L"": 32.0, ""t"": 4.0, ""nn"": 1.0}",tableau,na,,0.0072,1982464,,,-2.858736196983264e-21,,"TooLarge { what: ""tableau (non-Clifford circuit)"", bytes: 0, limit: 0 }","{""n"": 24, ""gates"": 1129, ""g2"": 368, ""g3"": 0, ""depth2"": 32, ""t_count"": 4, ""rotations"": 4, ""d"": 4, ""dense_l"": 4.9069, ""redundant"": 0, ""obs_zero"": true, ""frame_l"": 10.1408, ""chi_bits"": 12, ""mps_l"": 38.796, ""hsf_k"": 16, ""hsf_na"": 12, ""hsf_nb"": 12, ""hsf_l"": 39.3512, ""sup"": 24, ""chi_bits0"": 12, ""mps_l0"": 38.796, ""hsf_keff"": 15, ""hsf_l0"": 40.3512, ""sparse_l"": 34.1408, ""sv_l"": 34.1408, ""feat_secs"": 0.008783, ""feat_secs_frame"": 0.001434, ""feat_secs_hsf"": 0.007023}"
ct,"ct:n=24,L=32,t=4,nn=1",1,"{""n"": 24.0, ""L"": 32.0, ""t"": 4.0, ""nn"": 1.0}",frame,ok,0.000776,0.0077,2654208,-0.0,0,-2.858736196983264e-21,2.858736196983264e-21,switched_at=None dense_qubits=0 peak_terms=0 term_visits=0 dense_ops=0,"{""n"": 24, ""gates"": 1129, ""g2"": 368, ""g3"": 0, ""depth2"": 32, ""t_count"": 4, ""rotations"": 4, ""d"": 4, ""dense_l"": 4.9069, ""redundant"": 0, ""obs_zero"": true, ""frame_l"": 10.1408, ""chi_bits"": 12, ""mps_l"": 38.796, ""hsf_k"": 16, ""hsf_na"": 12, ""hsf_nb"": 12, ""hsf_l"": 39.3512, ""sup"": 24, ""chi_bits0"": 12, ""mps_l0"": 38.796, ""hsf_keff"": 15, ""hsf_l0"": 40.3512, ""sparse_l"": 34.1408, ""sv_l"": 34.1408, ""feat_secs"": 0.008783, ""feat_secs_frame"": 0.001434, ""feat_secs_hsf"": 0.007023}"
ct,"ct:n=24,L=32,t=4,nn=1",1,"{""n"": 24.0, ""L"": 32.0, ""t"": 4.0, ""nn"": 1.0}",dense,ok,0.000592,0.0073,2342912,0.0,4,-2.858736196983264e-21,2.858736196983264e-21,switched_at=Some(4) dense_qubits=4 peak_terms=0 term_visits=0 dense_ops=30,"{""n"": 24, ""gates"": 1129, ""g2"": 368, ""g3"": 0, ""depth2"": 32, ""t_count"": 4, ""rotations"": 4, ""d"": 4, ""dense_l"": 4.9069, ""redundant"": 0, ""obs_zero"": true, ""frame_l"": 10.1408, ""chi_bits"": 12, ""mps_l"": 38.796, ""hsf_k"": 16, ""hsf_na"": 12, ""hsf_nb"": 12, ""hsf_l"": 39.3512, ""sup"": 24, ""chi_bits0"": 12, ""mps_l0"": 38.796, ""hsf_keff"": 15, ""hsf_l0"": 40.3512, ""sparse_l"": 34.1408, ""sv_l"": 34.1408, ""feat_secs"": 0.008783, ""feat_secs_frame"": 0.001434, ""feat_secs_hsf"": 0.007023}"
ct,"ct:n=24,L=32,t=4,nn=1",1,"{""n"": 24.0, ""L"": 32.0, ""t"": 4.0, ""nn"": 1.0}",auto,ok,0.000535,0.0076,2310144,0.0,4,-2.858736196983264e-21,2.858736196983264e-21,switched_at=Some(4) dense_qubits=4 peak_terms=0 term_visits=0 dense_ops=30,"{""n"": 24, ""gates"": 1129, ""g2"": 368, ""g3"": 0, ""depth2"": 32, ""t_count"": 4, ""rotations"": 4, ""d"": 4, ""dense_l"": 4.9069, ""redundant"": 0, ""obs_zero"": true, ""frame_l"": 10.1408, ""chi_bits"": 12, ""mps_l"": 38.796, ""hsf_k"": 16, ""hsf_na"": 12, ""hsf_nb"": 12, ""hsf_l"": 39.3512, ""sup"": 24, ""chi_bits0"": 12, ""mps_l0"": 38.796, ""hsf_keff"": 15, ""hsf_l0"": 40.3512, ""sparse_l"": 34.1408, ""sv_l"": 34.1408, ""feat_secs"": 0.008783, ""feat_secs_frame"": 0.001434, ""feat_secs_hsf"": 0.007023}"
ct,"ct:n=24,L=32,t=8,nn=1",1,"{""n"": 24.0, ""L"": 32.0, ""t"": 8.0, ""nn"": 1.0}",sv,ok,6.993404,7.0000,273121280,-3.143286327701505e-22,16777216,-3.143286327701505e-22,0.0,,"{""n"": 24, ""gates"": 1122, ""g2"": 368, ""g3"": 0, ""depth2"": 32, ""t_count"": 8, ""rotations"": 8, ""d"": 8, ""dense_l"": 8.9944, ""redundant"": 0, ""obs_zero"": true, ""frame_l"": 10.1319, ""chi_bits"": 12, ""mps_l"": 38.7963, ""hsf_k"": 16, ""hsf_na"": 12, ""hsf_nb"": 12, ""hsf_l"": 39.3493, ""sup"": 24, ""chi_bits0"": 12, ""mps_l0"": 38.7963, ""hsf_keff"": 15, ""hsf_l0"": 40.3493, ""sparse_l"": 34.1319, ""sv_l"": 34.1319, ""feat_secs"": 0.009099, ""feat_secs_frame"": 0.001483, ""feat_secs_hsf"": 0.007313}"
ct,"ct:n=24,L=32,t=8,nn=1",1,"{""n"": 24.0, ""L"": 32.0, ""t"": 8.0, ""nn"": 1.0}",sparse,skipped,,,,,,-3.143286327701505e-22,,,"{""n"": 24, ""gates"": 1122, ""g2"": 368, ""g3"": 0, ""depth2"": 32, ""t_count"": 8, ""rotations"": 8, ""d"": 8, ""dense_l"": 8.9944, ""redundant"": 0, ""obs_zero"": true, ""frame_l"": 10.1319, ""chi_bits"": 12, ""mps_l"": 38.7963, ""hsf_k"": 16, ""hsf_na"": 12, ""hsf_nb"": 12, ""hsf_l"": 39.3493, ""sup"": 24, ""chi_bits0"": 12, ""mps_l0"": 38.7963, ""hsf_keff"": 15, ""hsf_l0"": 40.3493, ""sparse_l"": 34.1319, ""sv_l"": 34.1319, ""feat_secs"": 0.009099, ""feat_secs_frame"": 0.001483, ""feat_secs_hsf"": 0.007313}"
ct,"ct:n=24,L=32,t=8,nn=1",1,"{""n"": 24.0, ""L"": 32.0, ""t"": 8.0, ""nn"": 1.0}",mps,ok,1.108035,1.1156,40517632,-5.559486218828444e-27,256,-3.143286327701505e-22,3.143230732839317e-22,,"{""n"": 24, ""gates"": 1122, ""g2"": 368, ""g3"": 0, ""depth2"": 32, ""t_count"": 8, ""rotations"": 8, ""d"": 8, ""dense_l"": 8.9944, ""redundant"": 0, ""obs_zero"": true, ""frame_l"": 10.1319, ""chi_bits"": 12, ""mps_l"": 38.7963, ""hsf_k"": 16, ""hsf_na"": 12, ""hsf_nb"": 12, ""hsf_l"": 39.3493, ""sup"": 24, ""chi_bits0"": 12, ""mps_l0"": 38.7963, ""hsf_keff"": 15, ""hsf_l0"": 40.3493, ""sparse_l"": 34.1319, ""sv_l"": 34.1319, ""feat_secs"": 0.009099, ""feat_secs_frame"": 0.001483, ""feat_secs_hsf"": 0.007313}"
ct,"ct:n=24,L=32,t=8,nn=1",1,"{""n"": 24.0, ""L"": 32.0, ""t"": 8.0, ""nn"": 1.0}",hsf,timeout,,10.0038,285933568,,,-3.143286327701505e-22,,timeout,"{""n"": 24, ""gates"": 1122, ""g2"": 368, ""g3"": 0, ""depth2"": 32, ""t_count"": 8, ""rotations"": 8, ""d"": 8, ""dense_l"": 8.9944, ""redundant"": 0, ""obs_zero"": true, ""frame_l"": 10.1319, ""chi_bits"": 12, ""mps_l"": 38.7963, ""hsf_k"": 16, ""hsf_na"": 12, ""hsf_nb"": 12, ""hsf_l"": 39.3493, ""sup"": 24, ""chi_bits0"": 12, ""mps_l0"": 38.7963, ""hsf_keff"": 15, ""hsf_l0"": 40.3493, ""sparse_l"": 34.1319, ""sv_l"": 34.1319, ""feat_secs"": 0.009099, ""feat_secs_frame"": 0.001483, ""feat_secs_hsf"": 0.007313}"
ct,"ct:n=24,L=32,t=8,nn=1",1,"{""n"": 24.0, ""L"": 32.0, ""t"": 8.0, ""nn"": 1.0}",tableau,na,,0.0077,1982464,,,-3.143286327701505e-22,,"TooLarge { what: ""tableau (non-Clifford circuit)"", bytes: 0, limit: 0 }","{""n"": 24, ""gates"": 1122, ""g2"": 368, ""g3"": 0, ""depth2"": 32, ""t_count"": 8, ""rotations"": 8, ""d"": 8, ""dense_l"": 8.9944, ""redundant"": 0, ""obs_zero"": true, ""frame_l"": 10.1319, ""chi_bits"": 12, ""mps_l"": 38.7963, ""hsf_k"": 16, ""hsf_na"": 12, ""hsf_nb"": 12, ""hsf_l"": 39.3493, ""sup"": 24, ""chi_bits0"": 12, ""mps_l0"": 38.7963, ""hsf_keff"": 15, ""hsf_l0"": 40.3493, ""sparse_l"": 34.1319, ""sv_l"": 34.1319, ""feat_secs"": 0.009099, ""feat_secs_frame"": 0.001483, ""feat_secs_hsf"": 0.007313}"
ct,"ct:n=24,L=32,t=8,nn=1",1,"{""n"": 24.0, ""L"": 32.0, ""t"": 8.0, ""nn"": 1.0}",frame,ok,0.000683,0.0075,2654208,-0.0,0,-3.143286327701505e-22,3.143286327701505e-22,switched_at=None dense_qubits=0 peak_terms=0 term_visits=0 dense_ops=0,"{""n"": 24, ""gates"": 1122, ""g2"": 368, ""g3"": 0, ""depth2"": 32, ""t_count"": 8, ""rotations"": 8, ""d"": 8, ""dense_l"": 8.9944, ""redundant"": 0, ""obs_zero"": true, ""frame_l"": 10.1319, ""chi_bits"": 12, ""mps_l"": 38.7963, ""hsf_k"": 16, ""hsf_na"": 12, ""hsf_nb"": 12, ""hsf_l"": 39.3493, ""sup"": 24, ""chi_bits0"": 12, ""mps_l0"": 38.7963, ""hsf_keff"": 15, ""hsf_l0"": 40.3493, ""sparse_l"": 34.1319, ""sv_l"": 34.1319, ""feat_secs"": 0.009099, ""feat_secs_frame"": 0.001483, ""feat_secs_hsf"": 0.007313}"
ct,"ct:n=24,L=32,t=8,nn=1",1,"{""n"": 24.0, ""L"": 32.0, ""t"": 8.0, ""nn"": 1.0}",dense,ok,0.000527,0.0075,2326528,0.0,8,-3.143286327701505e-22,3.143286327701505e-22,switched_at=Some(8) dense_qubits=8 peak_terms=0 term_visits=0 dense_ops=510,"{""n"": 24, ""gates"": 1122, ""g2"": 368, ""g3"": 0, ""depth2"": 32, ""t_count"": 8, ""rotations"": 8, ""d"": 8, ""dense_l"": 8.9944, ""redundant"": 0, ""obs_zero"": true, ""frame_l"": 10.1319, ""chi_bits"": 12, ""mps_l"": 38.7963, ""hsf_k"": 16, ""hsf_na"": 12, ""hsf_nb"": 12, ""hsf_l"": 39.3493, ""sup"": 24, ""chi_bits0"": 12, ""mps_l0"": 38.7963, ""hsf_keff"": 15, ""hsf_l0"": 40.3493, ""sparse_l"": 34.1319, ""sv_l"": 34.1319, ""feat_secs"": 0.009099, ""feat_secs_frame"": 0.001483, ""feat_secs_hsf"": 0.007313}"
ct,"ct:n=24,L=32,t=8,nn=1",1,"{""n"": 24.0, ""L"": 32.0, ""t"": 8.0, ""nn"": 1.0}",auto,ok,0.000605,0.0070,2654208,-0.0,0,-3.143286327701505e-22,3.143286327701505e-22,switched_at=None dense_qubits=0 peak_terms=0 term_visits=0 dense_ops=0,"{""n"": 24, ""gates"": 1122, ""g2"": 368, ""g3"": 0, ""depth2"": 32, ""t_count"": 8, ""rotations"": 8, ""d"": 8, ""dense_l"": 8.9944, ""redundant"": 0, ""obs_zero"": true, ""frame_l"": 10.1319, ""chi_bits"": 12, ""mps_l"": 38.7963, ""hsf_k"": 16, ""hsf_na"": 12, ""hsf_nb"": 12, ""hsf_l"": 39.3493, ""sup"": 24, ""chi_bits0"": 12, ""mps_l0"": 38.7963, ""hsf_keff"": 15, ""hsf_l0"": 40.3493, ""sparse_l"": 34.1319, ""sv_l"": 34.1319, ""feat_secs"": 0.009099, ""feat_secs_frame"": 0.001483, ""feat_secs_hsf"": 0.007313}"
ct,"ct:n=24,L=32,t=12,nn=1",1,"{""n"": 24.0, ""L"": 32.0, ""t"": 12.0, ""nn"": 1.0}",sv,ok,6.799021,6.8042,273072128,2.398492904158759e-20,16777216,2.398492904158759e-20,0.0,,"{""n"": 24, ""gates"": 1128, ""g2"": 368, ""g3"": 0, ""depth2"": 32, ""t_count"": 12, ""rotations"": 12, ""d"": 12, ""dense_l"": 12.9996, ""redundant"": 0, ""obs_zero"": true, ""frame_l"": 10.1396, ""chi_bits"": 12, ""mps_l"": 38.7961, ""hsf_k"": 16, ""hsf_na"": 12, ""hsf_nb"": 12, ""hsf_l"": 39.3509, ""sup"": 24, ""chi_bits0"": 12, ""mps_l0"": 38.7961, ""hsf_keff"": 15, ""hsf_l0"": 40.3509, ""sparse_l"": 34.1396, ""sv_l"": 34.1396, ""feat_secs"": 0.007, ""feat_secs_frame"": 0.001151, ""feat_secs_hsf"": 0.005453}"
ct,"ct:n=24,L=32,t=12,nn=1",1,"{""n"": 24.0, ""L"": 32.0, ""t"": 12.0, ""nn"": 1.0}",sparse,skipped,,,,,,2.398492904158759e-20,,,"{""n"": 24, ""gates"": 1128, ""g2"": 368, ""g3"": 0, ""depth2"": 32, ""t_count"": 12, ""rotations"": 12, ""d"": 12, ""dense_l"": 12.9996, ""redundant"": 0, ""obs_zero"": true, ""frame_l"": 10.1396, ""chi_bits"": 12, ""mps_l"": 38.7961, ""hsf_k"": 16, ""hsf_na"": 12, ""hsf_nb"": 12, ""hsf_l"": 39.3509, ""sup"": 24, ""chi_bits0"": 12, ""mps_l0"": 38.7961, ""hsf_keff"": 15, ""hsf_l0"": 40.3509, ""sparse_l"": 34.1396, ""sv_l"": 34.1396, ""feat_secs"": 0.007, ""feat_secs_frame"": 0.001151, ""feat_secs_hsf"": 0.005453}"
ct,"ct:n=24,L=32,t=12,nn=1",1,"{""n"": 24.0, ""L"": 32.0, ""t"": 12.0, ""nn"": 1.0}",mps,ok,0.691119,0.6970,26214400,3.5044749714513e-23,256,2.398492904158759e-20,2.3949884291873076e-20,,"{""n"": 24, ""gates"": 1128, ""g2"": 368, ""g3"": 0, ""depth2"": 32, ""t_count"": 12, ""rotations"": 12, ""d"": 12, ""dense_l"": 12.9996, ""redundant"": 0, ""obs_zero"": true, ""frame_l"": 10.1396, ""chi_bits"": 12, ""mps_l"": 38.7961, ""hsf_k"": 16, ""hsf_na"": 12, ""hsf_nb"": 12, ""hsf_l"": 39.3509, ""sup"": 24, ""chi_bits0"": 12, ""mps_l0"": 38.7961, ""hsf_keff"": 15, ""hsf_l0"": 40.3509, ""sparse_l"": 34.1396, ""sv_l"": 34.1396, ""feat_secs"": 0.007, ""feat_secs_frame"": 0.001151, ""feat_secs_hsf"": 0.005453}"
ct,"ct:n=24,L=32,t=12,nn=1",1,"{""n"": 24.0, ""L"": 32.0, ""t"": 12.0, ""nn"": 1.0}",hsf,timeout,,10.0037,285933568,,,2.398492904158759e-20,,timeout,"{""n"": 24, ""gates"": 1128, ""g2"": 368, ""g3"": 0, ""depth2"": 32, ""t_count"": 12, ""rotations"": 12, ""d"": 12, ""dense_l"": 12.9996, ""redundant"": 0, ""obs_zero"": true, ""frame_l"": 10.1396, ""chi_bits"": 12, ""mps_l"": 38.7961, ""hsf_k"": 16, ""hsf_na"": 12, ""hsf_nb"": 12, ""hsf_l"": 39.3509, ""sup"": 24, ""chi_bits0"": 12, ""mps_l0"": 38.7961, ""hsf_keff"": 15, ""hsf_l0"": 40.3509, ""sparse_l"": 34.1396, ""sv_l"": 34.1396, ""feat_secs"": 0.007, ""feat_secs_frame"": 0.001151, ""feat_secs_hsf"": 0.005453}"
ct,"ct:n=24,L=32,t=12,nn=1",1,"{""n"": 24.0, ""L"": 32.0, ""t"": 12.0, ""nn"": 1.0}",tableau,na,,0.0067,1998848,,,2.398492904158759e-20,,"TooLarge { what: ""tableau (non-Clifford circuit)"", bytes: 0, limit: 0 }","{""n"": 24, ""gates"": 1128, ""g2"": 368, ""g3"": 0, ""depth2"": 32, ""t_count"": 12, ""rotations"": 12, ""d"": 12, ""dense_l"": 12.9996, ""redundant"": 0, ""obs_zero"": true, ""frame_l"": 10.1396, ""chi_bits"": 12, ""mps_l"": 38.7961, ""hsf_k"": 16, ""hsf_na"": 12, ""hsf_nb"": 12, ""hsf_l"": 39.3509, ""sup"": 24, ""chi_bits0"": 12, ""mps_l0"": 38.7961, ""hsf_keff"": 15, ""hsf_l0"": 40.3509, ""sparse_l"": 34.1396, ""sv_l"": 34.1396, ""feat_secs"": 0.007, ""feat_secs_frame"": 0.001151, ""feat_secs_hsf"": 0.005453}"
ct,"ct:n=24,L=32,t=12,nn=1",1,"{""n"": 24.0, ""L"": 32.0, ""t"": 12.0, ""nn"": 1.0}",frame,ok,0.000692,0.0078,2654208,-0.0,0,2.398492904158759e-20,2.398492904158759e-20,switched_at=None dense_qubits=0 peak_terms=0 term_visits=0 dense_ops=0,"{""n"": 24, ""gates"": 1128, ""g2"": 368, ""g3"": 0, ""depth2"": 32, ""t_count"": 12, ""rotations"": 12, ""d"": 12, ""dense_l"": 12.9996, ""redundant"": 0, ""obs_zero"": true, ""frame_l"": 10.1396, ""chi_bits"": 12, ""mps_l"": 38.7961, ""hsf_k"": 16, ""hsf_na"": 12, ""hsf_nb"": 12, ""hsf_l"": 39.3509, ""sup"": 24, ""chi_bits0"": 12, ""mps_l0"": 38.7961, ""hsf_keff"": 15, ""hsf_l0"": 40.3509, ""sparse_l"": 34.1396, ""sv_l"": 34.1396, ""feat_secs"": 0.007, ""feat_secs_frame"": 0.001151, ""feat_secs_hsf"": 0.005453}"
ct,"ct:n=24,L=32,t=12,nn=1",1,"{""n"": 24.0, ""L"": 32.0, ""t"": 12.0, ""nn"": 1.0}",dense,ok,0.000547,0.0076,2392064,0.0,12,2.398492904158759e-20,2.398492904158759e-20,switched_at=Some(12) dense_qubits=12 peak_terms=0 term_visits=0 dense_ops=8190,"{""n"": 24, ""gates"": 1128, ""g2"": 368, ""g3"": 0, ""depth2"": 32, ""t_count"": 12, ""rotations"": 12, ""d"": 12, ""dense_l"": 12.9996, ""redundant"": 0, ""obs_zero"": true, ""frame_l"": 10.1396, ""chi_bits"": 12, ""mps_l"": 38.7961, ""hsf_k"": 16, ""hsf_na"": 12, ""hsf_nb"": 12, ""hsf_l"": 39.3509, ""sup"": 24, ""chi_bits0"": 12, ""mps_l0"": 38.7961, ""hsf_keff"": 15, ""hsf_l0"": 40.3509, ""sparse_l"": 34.1396, ""sv_l"": 34.1396, ""feat_secs"": 0.007, ""feat_secs_frame"": 0.001151, ""feat_secs_hsf"": 0.005453}"
ct,"ct:n=24,L=32,t=12,nn=1",1,"{""n"": 24.0, ""L"": 32.0, ""t"": 12.0, ""nn"": 1.0}",auto,ok,0.000826,0.0077,2654208,-0.0,0,2.398492904158759e-20,2.398492904158759e-20,switched_at=None dense_qubits=0 peak_terms=0 term_visits=0 dense_ops=0,"{""n"": 24, ""gates"": 1128, ""g2"": 368, ""g3"": 0, ""depth2"": 32, ""t_count"": 12, ""rotations"": 12, ""d"": 12, ""dense_l"": 12.9996, ""redundant"": 0, ""obs_zero"": true, ""frame_l"": 10.1396, ""chi_bits"": 12, ""mps_l"": 38.7961, ""hsf_k"": 16, ""hsf_na"": 12, ""hsf_nb"": 12, ""hsf_l"": 39.3509, ""sup"": 24, ""chi_bits0"": 12, ""mps_l0"": 38.7961, ""hsf_keff"": 15, ""hsf_l0"": 40.3509, ""sparse_l"": 34.1396, ""sv_l"": 34.1396, ""feat_secs"": 0.007, ""feat_secs_frame"": 0.001151, ""feat_secs_hsf"": 0.005453}"
ct,"ct:n=24,L=32,t=16,nn=1",1,"{""n"": 24.0, ""L"": 32.0, ""t"": 16.0, ""nn"": 1.0}",sv,ok,7.229611,7.2350,273055744,-3.484219156922892e-20,16777216,-3.484219156922892e-20,0.0,,"{""n"": 24, ""gates"": 1129, ""g2"": 368, ""g3"": 0, ""depth2"": 32, ""t_count"": 16, ""rotations"": 16, ""d"": 16, ""dense_l"": 17.0, ""redundant"": 0, ""obs_zero"": true, ""frame_l"": 10.1408, ""chi_bits"": 12, ""mps_l"": 38.7962, ""hsf_k"": 16, ""hsf_na"": 12, ""hsf_nb"": 12, ""hsf_l"": 38.3512, ""sup"": 24, ""chi_bits0"": 12, ""mps_l0"": 38.7962, ""hsf_keff"": 14, ""hsf_l0"": 40.3512, ""sparse_l"": 34.1408, ""sv_l"": 34.1408, ""feat_secs"": 0.006814, ""feat_secs_frame"": 0.001114, ""feat_secs_hsf"": 0.005392}"
ct,"ct:n=24,L=32,t=16,nn=1",1,"{""n"": 24.0, ""L"": 32.0, ""t"": 16.0, ""nn"": 1.0}",sparse,skipped,,,,,,-3.484219156922892e-20,,,"{""n"": 24, ""gates"": 1129, ""g2"": 368, ""g3"": 0, ""depth2"": 32, ""t_count"": 16, ""rotations"": 16, ""d"": 16, ""dense_l"": 17.0, ""redundant"": 0, ""obs_zero"": true, ""frame_l"": 10.1408, ""chi_bits"": 12, ""mps_l"": 38.7962, ""hsf_k"": 16, ""hsf_na"": 12, ""hsf_nb"": 12, ""hsf_l"": 38.3512, ""sup"": 24, ""chi_bits0"": 12, ""mps_l0"": 38.7962, ""hsf_keff"": 14, ""hsf_l0"": 40.3512, ""sparse_l"": 34.1408, ""sv_l"": 34.1408, ""feat_secs"": 0.006814, ""feat_secs_frame"": 0.001114, ""feat_secs_hsf"": 0.005392}"
ct,"ct:n=24,L=32,t=16,nn=1",1,"{""n"": 24.0, ""L"": 32.0, ""t"": 16.0, ""nn"": 1.0}",mps,ok,1.301759,1.3080,42467328,-4.858398395213844e-19,256,-3.484219156922892e-20,4.509976479521555e-19,,"{""n"": 24, ""gates"": 1129, ""g2"": 368, ""g3"": 0, ""depth2"": 32, ""t_count"": 16, ""rotations"": 16, ""d"": 16, ""dense_l"": 17.0, ""redundant"": 0, ""obs_zero"": true, ""frame_l"": 10.1408, ""chi_bits"": 12, ""mps_l"": 38.7962, ""hsf_k"": 16, ""hsf_na"": 12, ""hsf_nb"": 12, ""hsf_l"": 38.3512, ""sup"": 24, ""chi_bits0"": 12, ""mps_l0"": 38.7962, ""hsf_keff"": 14, ""hsf_l0"": 40.3512, ""sparse_l"": 34.1408, ""sv_l"": 34.1408, ""feat_secs"": 0.006814, ""feat_secs_frame"": 0.001114, ""feat_secs_hsf"": 0.005392}"
ct,"ct:n=24,L=32,t=16,nn=1",1,"{""n"": 24.0, ""L"": 32.0, ""t"": 16.0, ""nn"": 1.0}",hsf,timeout,,10.0051,285933568,,,-3.484219156922892e-20,,timeout,"{""n"": 24, ""gates"": 1129, ""g2"": 368, ""g3"": 0, ""depth2"": 32, ""t_count"": 16, ""rotations"": 16, ""d"": 16, ""dense_l"": 17.0, ""redundant"": 0, ""obs_zero"": true, ""frame_l"": 10.1408, ""chi_bits"": 12, ""mps_l"": 38.7962, ""hsf_k"": 16, ""hsf_na"": 12, ""hsf_nb"": 12, ""hsf_l"": 38.3512, ""sup"": 24, ""chi_bits0"": 12, ""mps_l0"": 38.7962, ""hsf_keff"": 14, ""hsf_l0"": 40.3512, ""sparse_l"": 34.1408, ""sv_l"": 34.1408, ""feat_secs"": 0.006814, ""feat_secs_frame"": 0.001114, ""feat_secs_hsf"": 0.005392}"
ct,"ct:n=24,L=32,t=16,nn=1",1,"{""n"": 24.0, ""L"": 32.0, ""t"": 16.0, ""nn"": 1.0}",tableau,na,,0.0055,1998848,,,-3.484219156922892e-20,,"TooLarge { what: ""tableau (non-Clifford circuit)"", bytes: 0, limit: 0 }","{""n"": 24, ""gates"": 1129, ""g2"": 368, ""g3"": 0, ""depth2"": 32, ""t_count"": 16, ""rotations"": 16, ""d"": 16, ""dense_l"": 17.0, ""redundant"": 0, ""obs_zero"": true, ""frame_l"": 10.1408, ""chi_bits"": 12, ""mps_l"": 38.7962, ""hsf_k"": 16, ""hsf_na"": 12, ""hsf_nb"": 12, ""hsf_l"": 38.3512, ""sup"": 24, ""chi_bits0"": 12, ""mps_l0"": 38.7962, ""hsf_keff"": 14, ""hsf_l0"": 40.3512, ""sparse_l"": 34.1408, ""sv_l"": 34.1408, ""feat_secs"": 0.006814, ""feat_secs_frame"": 0.001114, ""feat_secs_hsf"": 0.005392}"
ct,"ct:n=24,L=32,t=16,nn=1",1,"{""n"": 24.0, ""L"": 32.0, ""t"": 16.0, ""nn"": 1.0}",frame,ok,0.000697,0.0074,2654208,-0.0,0,-3.484219156922892e-20,3.484219156922892e-20,switched_at=None dense_qubits=0 peak_terms=0 term_visits=0 dense_ops=0,"{""n"": 24, ""gates"": 1129, ""g2"": 368, ""g3"": 0, ""depth2"": 32, ""t_count"": 16, ""rotations"": 16, ""d"": 16, ""dense_l"": 17.0, ""redundant"": 0, ""obs_zero"": true, ""frame_l"": 10.1408, ""chi_bits"": 12, ""mps_l"": 38.7962, ""hsf_k"": 16, ""hsf_na"": 12, ""hsf_nb"": 12, ""hsf_l"": 38.3512, ""sup"": 24, ""chi_bits0"": 12, ""mps_l0"": 38.7962, ""hsf_keff"": 14, ""hsf_l0"": 40.3512, ""sparse_l"": 34.1408, ""sv_l"": 34.1408, ""feat_secs"": 0.006814, ""feat_secs_frame"": 0.001114, ""feat_secs_hsf"": 0.005392}"
ct,"ct:n=24,L=32,t=16,nn=1",1,"{""n"": 24.0, ""L"": 32.0, ""t"": 16.0, ""nn"": 1.0}",dense,ok,0.002438,0.0083,3653632,0.0,16,-3.484219156922892e-20,3.484219156922892e-20,switched_at=Some(16) dense_qubits=16 peak_terms=0 term_visits=0 dense_ops=131070,"{""n"": 24, ""gates"": 1129, ""g2"": 368, ""g3"": 0, ""depth2"": 32, ""t_count"": 16, ""rotations"": 16, ""d"": 16, ""dense_l"": 17.0, ""redundant"": 0, ""obs_zero"": true, ""frame_l"": 10.1408, ""chi_bits"": 12, ""mps_l"": 38.7962, ""hsf_k"": 16, ""hsf_na"": 12, ""hsf_nb"": 12, ""hsf_l"": 38.3512, ""sup"": 24, ""chi_bits0"": 12, ""mps_l0"": 38.7962, ""hsf_keff"": 14, ""hsf_l0"": 40.3512, ""sparse_l"": 34.1408, ""sv_l"": 34.1408, ""feat_secs"": 0.006814, ""feat_secs_frame"": 0.001114, ""feat_secs_hsf"": 0.005392}"
ct,"ct:n=24,L=32,t=16,nn=1",1,"{""n"": 24.0, ""L"": 32.0, ""t"": 16.0, ""nn"": 1.0}",auto,ok,0.001631,0.0117,2654208,-0.0,0,-3.484219156922892e-20,3.484219156922892e-20,switched_at=None dense_qubits=0 peak_terms=0 term_visits=0 dense_ops=0,"{""n"": 24, ""gates"": 1129, ""g2"": 368, ""g3"": 0, ""depth2"": 32, ""t_count"": 16, ""rotations"": 16, ""d"": 16, ""dense_l"": 17.0, ""redundant"": 0, ""obs_zero"": true, ""frame_l"": 10.1408, ""chi_bits"": 12, ""mps_l"": 38.7962, ""hsf_k"": 16, ""hsf_na"": 12, ""hsf_nb"": 12, ""hsf_l"": 38.3512, ""sup"": 24, ""chi_bits0"": 12, ""mps_l0"": 38.7962, ""hsf_keff"": 14, ""hsf_l0"": 40.3512, ""sparse_l"": 34.1408, ""sv_l"": 34.1408, ""feat_secs"": 0.006814, ""feat_secs_frame"": 0.001114, ""feat_secs_hsf"": 0.005392}"
ct,"ct:n=24,L=32,t=24,nn=1",1,"{""n"": 24.0, ""L"": 32.0, ""t"": 24.0, ""nn"": 1.0}",sv,ok,7.418239,7.4253,273104896,-9.883815703273617e-19,16777216,-9.883815703273617e-19,0.0,,"{""n"": 24, ""gates"": 1165, ""g2"": 368, ""g3"": 0, ""depth2"": 32, ""t_count"": 24, ""rotations"": 24, ""d"": 21, ""dense_l"": 22.3404, ""redundant"": 3, ""obs_zero"": true, ""frame_l"": 10.1861, ""chi_bits"": 12, ""mps_l"": 38.796, ""hsf_k"": 16, ""hsf_na"": 12, ""hsf_nb"": 12, ""hsf_l"": 39.3611, ""sup"": 24, ""chi_bits0"": 12, ""mps_l0"": 38.796, ""hsf_keff"": 15, ""hsf_l0"": 40.3611, ""sparse_l"": 34.1861, ""sv_l"": 34.1861, ""feat_secs"": 0.007034, ""feat_secs_frame"": 0.001121, ""feat_secs_hsf"": 0.005646}"
ct,"ct:n=24,L=32,t=24,nn=1",1,"{""n"": 24.0, ""L"": 32.0, ""t"": 24.0, ""nn"": 1.0}",sparse,skipped,,,,,,-9.883815703273617e-19,,,"{""n"": 24, ""gates"": 1165, ""g2"": 368, ""g3"": 0, ""depth2"": 32, ""t_count"": 24, ""rotations"": 24, ""d"": 21, ""dense_l"": 22.3404, ""redundant"": 3, ""obs_zero"": true, ""frame_l"": 10.1861, ""chi_bits"": 12, ""mps_l"": 38.796, ""hsf_k"": 16, ""hsf_na"": 12, ""hsf_nb"": 12, ""hsf_l"": 39.3611, ""sup"": 24, ""chi_bits0"": 12, ""mps_l0"": 38.796, ""hsf_keff"": 15, ""hsf_l0"": 40.3611, ""sparse_l"": 34.1861, ""sv_l"": 34.1861, ""feat_secs"": 0.007034, ""feat_secs_frame"": 0.001121, ""feat_secs_hsf"": 0.005646}"
ct,"ct:n=24,L=32,t=24,nn=1",1,"{""n"": 24.0, ""L"": 32.0, ""t"": 24.0, ""nn"": 1.0}",mps,ok,0.498518,0.5045,24559616,-9.461961911684001e-17,128,-9.883815703273617e-19,9.363123754651265e-17,,"{""n"": 24, ""gates"": 1165, ""g2"": 368, ""g3"": 0, ""depth2"": 32, ""t_count"": 24, ""rotations"": 24, ""d"": 21, ""dense_l"": 22.3404, ""redundant"": 3, ""obs_zero"": true, ""frame_l"": 10.1861, ""chi_bits"": 12, ""mps_l"": 38.796, ""hsf_k"": 16, ""hsf_na"": 12, ""hsf_nb"": 12, ""hsf_l"": 39.3611, ""sup"": 24, ""chi_bits0"": 12, ""mps_l0"": 38.796, ""hsf_keff"": 15, ""hsf_l0"": 40.3611, ""sparse_l"": 34.1861, ""sv_l"": 34.1861, ""feat_secs"": 0.007034, ""feat_secs_frame"": 0.001121, ""feat_secs_hsf"": 0.005646}"
ct,"ct:n=24,L=32,t=24,nn=1",1,"{""n"": 24.0, ""L"": 32.0, ""t"": 24.0, ""nn"": 1.0}",hsf,timeout,,10.0045,285917184,,,-9.883815703273617e-19,,timeout,"{""n"": 24, ""gates"": 1165, ""g2"": 368, ""g3"": 0, ""depth2"": 32, ""t_count"": 24, ""rotations"": 24, ""d"": 21, ""dense_l"": 22.3404, ""redundant"": 3, ""obs_zero"": true, ""frame_l"": 10.1861, ""chi_bits"": 12, ""mps_l"": 38.796, ""hsf_k"": 16, ""hsf_na"": 12, ""hsf_nb"": 12, ""hsf_l"": 39.3611, ""sup"": 24, ""chi_bits0"": 12, ""mps_l0"": 38.796, ""hsf_keff"": 15, ""hsf_l0"": 40.3611, ""sparse_l"": 34.1861, ""sv_l"": 34.1861, ""feat_secs"": 0.007034, ""feat_secs_frame"": 0.001121, ""feat_secs_hsf"": 0.005646}"
ct,"ct:n=24,L=32,t=24,nn=1",1,"{""n"": 24.0, ""L"": 32.0, ""t"": 24.0, ""nn"": 1.0}",tableau,na,,0.0047,1982464,,,-9.883815703273617e-19,,"TooLarge { what: ""tableau (non-Clifford circuit)"", bytes: 0, limit: 0 }","{""n"": 24, ""gates"": 1165, ""g2"": 368, ""g3"": 0, ""depth2"": 32, ""t_count"": 24, ""rotations"": 24, ""d"": 21, ""dense_l"": 22.3404, ""redundant"": 3, ""obs_zero"": true, ""frame_l"": 10.1861, ""chi_bits"": 12, ""mps_l"": 38.796, ""hsf_k"": 16, ""hsf_na"": 12, ""hsf_nb"": 12, ""hsf_l"": 39.3611, ""sup"": 24, ""chi_bits0"": 12, ""mps_l0"": 38.796, ""hsf_keff"": 15, ""hsf_l0"": 40.3611, ""sparse_l"": 34.1861, ""sv_l"": 34.1861, ""feat_secs"": 0.007034, ""feat_secs_frame"": 0.001121, ""feat_secs_hsf"": 0.005646}"
ct,"ct:n=24,L=32,t=24,nn=1",1,"{""n"": 24.0, ""L"": 32.0, ""t"": 24.0, ""nn"": 1.0}",frame,ok,0.000676,0.0073,2654208,-0.0,0,-9.883815703273617e-19,9.883815703273617e-19,switched_at=None dense_qubits=0 peak_terms=0 term_visits=0 dense_ops=0,"{""n"": 24, ""gates"": 1165, ""g2"": 368, ""g3"": 0, ""depth2"": 32, ""t_count"": 24, ""rotations"": 24, ""d"": 21, ""dense_l"": 22.3404, ""redundant"": 3, ""obs_zero"": true, ""frame_l"": 10.1861, ""chi_bits"": 12, ""mps_l"": 38.796, ""hsf_k"": 16, ""hsf_na"": 12, ""hsf_nb"": 12, ""hsf_l"": 39.3611, ""sup"": 24, ""chi_bits0"": 12, ""mps_l0"": 38.796, ""hsf_keff"": 15, ""hsf_l0"": 40.3611, ""sparse_l"": 34.1861, ""sv_l"": 34.1861, ""feat_secs"": 0.007034, ""feat_secs_frame"": 0.001121, ""feat_secs_hsf"": 0.005646}"
ct,"ct:n=24,L=32,t=24,nn=1",1,"{""n"": 24.0, ""L"": 32.0, ""t"": 24.0, ""nn"": 1.0}",dense,ok,0.011331,0.0172,36159488,0.0,21,-9.883815703273617e-19,9.883815703273617e-19,switched_at=Some(23) dense_qubits=21 peak_terms=0 term_visits=0 dense_ops=5308414,"{""n"": 24, ""gates"": 1165, ""g2"": 368, ""g3"": 0, ""depth2"": 32, ""t_count"": 24, ""rotations"": 24, ""d"": 21, ""dense_l"": 22.3404, ""redundant"": 3, ""obs_zero"": true, ""frame_l"": 10.1861, ""chi_bits"": 12, ""mps_l"": 38.796, ""hsf_k"": 16, ""hsf_na"": 12, ""hsf_nb"": 12, ""hsf_l"": 39.3611, ""sup"": 24, ""chi_bits0"": 12, ""mps_l0"": 38.796, ""hsf_keff"": 15, ""hsf_l0"": 40.3611, ""sparse_l"": 34.1861, ""sv_l"": 34.1861, ""feat_secs"": 0.007034, ""feat_secs_frame"": 0.001121, ""feat_secs_hsf"": 0.005646}"
ct,"ct:n=24,L=32,t=24,nn=1",1,"{""n"": 24.0, ""L"": 32.0, ""t"": 24.0, ""nn"": 1.0}",auto,ok,0.000782,0.0077,2654208,-0.0,0,-9.883815703273617e-19,9.883815703273617e-19,switched_at=None dense_qubits=0 peak_terms=0 term_visits=0 dense_ops=0,"{""n"": 24, ""gates"": 1165, ""g2"": 368, ""g3"": 0, ""depth2"": 32, ""t_count"": 24, ""rotations"": 24, ""d"": 21, ""dense_l"": 22.3404, ""redundant"": 3, ""obs_zero"": true, ""frame_l"": 10.1861, ""chi_bits"": 12, ""mps_l"": 38.796, ""hsf_k"": 16, ""hsf_na"": 12, ""hsf_nb"": 12, ""hsf_l"": 39.3611, ""sup"": 24, ""chi_bits0"": 12, ""mps_l0"": 38.796, ""hsf_keff"": 15, ""hsf_l0"": 40.3611, ""sparse_l"": 34.1861, ""sv_l"": 34.1861, ""feat_secs"": 0.007034, ""feat_secs_frame"": 0.001121, ""feat_secs_hsf"": 0.005646}"
ct,"ct:n=24,L=32,t=32,nn=1",1,"{""n"": 24.0, ""L"": 32.0, ""t"": 32.0, ""nn"": 1.0}",sv,ok,7.409659,7.4166,273137664,-5.94603894082718e-19,16777216,-5.94603894082718e-19,0.0,,"{""n"": 24, ""gates"": 1207, ""g2"": 368, ""g3"": 0, ""depth2"": 32, ""t_count"": 32, ""rotations"": 32, ""d"": 23, ""dense_l"": 25.0255, ""redundant"": 9, ""obs_zero"": false, ""frame_l"": 9.5, ""chi_bits"": 12, ""mps_l"": 38.7962, ""hsf_k"": 16, ""hsf_na"": 12, ""hsf_nb"": 12, ""hsf_l"": 39.3726, ""sup"": 24, ""chi_bits0"": 12, ""mps_l0"": 38.7962, ""hsf_keff"": 15, ""hsf_l0"": 40.3726, ""sparse_l"": 34.2372, ""sv_l"": 34.2372, ""feat_secs"": 0.007121, ""feat_secs_frame"": 0.00131, ""feat_secs_hsf"": 0.005502}"
ct,"ct:n=24,L=32,t=32,nn=1",1,"{""n"": 24.0, ""L"": 32.0, ""t"": 32.0, ""nn"": 1.0}",sparse,skipped,,,,,,-5.94603894082718e-19,,,"{""n"": 24, ""gates"": 1207, ""g2"": 368, ""g3"": 0, ""depth2"": 32, ""t_count"": 32, ""rotations"": 32, ""d"": 23, ""dense_l"": 25.0255, ""redundant"": 9, ""obs_zero"": false, ""frame_l"": 9.5, ""chi_bits"": 12, ""mps_l"": 38.7962, ""hsf_k"": 16, ""hsf_na"": 12, ""hsf_nb"": 12, ""hsf_l"": 39.3726, ""sup"": 24, ""chi_bits0"": 12, ""mps_l0"": 38.7962, ""hsf_keff"": 15, ""hsf_l0"": 40.3726, ""sparse_l"": 34.2372, ""sv_l"": 34.2372, ""feat_secs"": 0.007121, ""feat_secs_frame"": 0.00131, ""feat_secs_hsf"": 0.005502}"
ct,"ct:n=24,L=32,t=32,nn=1",1,"{""n"": 24.0, ""L"": 32.0, ""t"": 32.0, ""nn"": 1.0}",mps,ok,2.089912,2.0976,80166912,-4.241741917011593e-17,260,-5.94603894082718e-19,4.182281527603321e-17,,"{""n"": 24, ""gates"": 1207, ""g2"": 368, ""g3"": 0, ""depth2"": 32, ""t_count"": 32, ""rotations"": 32, ""d"": 23, ""dense_l"": 25.0255, ""redundant"": 9, ""obs_zero"": false, ""frame_l"": 9.5, ""chi_bits"": 12, ""mps_l"": 38.7962, ""hsf_k"": 16, ""hsf_na"": 12, ""hsf_nb"": 12, ""hsf_l"": 39.3726, ""sup"": 24, ""chi_bits0"": 12, ""mps_l0"": 38.7962, ""hsf_keff"": 15, ""hsf_l0"": 40.3726, ""sparse_l"": 34.2372, ""sv_l"": 34.2372, ""feat_secs"": 0.007121, ""feat_secs_frame"": 0.00131, ""feat_secs_hsf"": 0.005502}"
ct,"ct:n=24,L=32,t=32,nn=1",1,"{""n"": 24.0, ""L"": 32.0, ""t"": 32.0, ""nn"": 1.0}",hsf,timeout,,10.0042,285933568,,,-5.94603894082718e-19,,timeout,"{""n"": 24, ""gates"": 1207, ""g2"": 368, ""g3"": 0, ""depth2"": 32, ""t_count"": 32, ""rotations"": 32, ""d"": 23, ""dense_l"": 25.0255, ""redundant"": 9, ""obs_zero"": false, ""frame_l"": 9.5, ""chi_bits"": 12, ""mps_l"": 38.7962, ""hsf_k"": 16, ""hsf_na"": 12, ""hsf_nb"": 12, ""hsf_l"": 39.3726, ""sup"": 24, ""chi_bits0"": 12, ""mps_l0"": 38.7962, ""hsf_keff"": 15, ""hsf_l0"": 40.3726, ""sparse_l"": 34.2372, ""sv_l"": 34.2372, ""feat_secs"": 0.007121, ""feat_secs_frame"": 0.00131, ""feat_secs_hsf"": 0.005502}"
ct,"ct:n=24,L=32,t=32,nn=1",1,"{""n"": 24.0, ""L"": 32.0, ""t"": 32.0, ""nn"": 1.0}",tableau,na,,0.0045,1998848,,,-5.94603894082718e-19,,"TooLarge { what: ""tableau (non-Clifford circuit)"", bytes: 0, limit: 0 }","{""n"": 24, ""gates"": 1207, ""g2"": 368, ""g3"": 0, ""depth2"": 32, ""t_count"": 32, ""rotations"": 32, ""d"": 23, ""dense_l"": 25.0255, ""redundant"": 9, ""obs_zero"": false, ""frame_l"": 9.5, ""chi_bits"": 12, ""mps_l"": 38.7962, ""hsf_k"": 16, ""hsf_na"": 12, ""hsf_nb"": 12, ""hsf_l"": 39.3726, ""sup"": 24, ""chi_bits0"": 12, ""mps_l0"": 38.7962, ""hsf_keff"": 15, ""hsf_l0"": 40.3726, ""sparse_l"": 34.2372, ""sv_l"": 34.2372, ""feat_secs"": 0.007121, ""feat_secs_frame"": 0.00131, ""feat_secs_hsf"": 0.005502}"
ct,"ct:n=24,L=32,t=32,nn=1",1,"{""n"": 24.0, ""L"": 32.0, ""t"": 32.0, ""nn"": 1.0}",frame,ok,0.000747,0.0066,2719744,-0.0,4,-5.94603894082718e-19,5.94603894082718e-19,switched_at=None dense_qubits=0 peak_terms=4 term_visits=12 dense_ops=0,"{""n"": 24, ""gates"": 1207, ""g2"": 368, ""g3"": 0, ""depth2"": 32, ""t_count"": 32, ""rotations"": 32, ""d"": 23, ""dense_l"": 25.0255, ""redundant"": 9, ""obs_zero"": false, ""frame_l"": 9.5, ""chi_bits"": 12, ""mps_l"": 38.7962, ""hsf_k"": 16, ""hsf_na"": 12, ""hsf_nb"": 12, ""hsf_l"": 39.3726, ""sup"": 24, ""chi_bits0"": 12, ""mps_l0"": 38.7962, ""hsf_keff"": 15, ""hsf_l0"": 40.3726, ""sparse_l"": 34.2372, ""sv_l"": 34.2372, ""feat_secs"": 0.007121, ""feat_secs_frame"": 0.00131, ""feat_secs_hsf"": 0.005502}"
ct,"ct:n=24,L=32,t=32,nn=1",1,"{""n"": 24.0, ""L"": 32.0, ""t"": 32.0, ""nn"": 1.0}",dense,ok,0.077699,0.0817,137707520,-1.684739433102065e-20,23,-5.94603894082718e-19,5.777564997516973e-19,switched_at=Some(31) dense_qubits=23 peak_terms=1 term_visits=0 dense_ops=42532864,"{""n"": 24, ""gates"": 1207, ""g2"": 368, ""g3"": 0, ""depth2"": 32, ""t_count"": 32, ""rotations"": 32, ""d"": 23, ""dense_l"": 25.0255, ""redundant"": 9, ""obs_zero"": false, ""frame_l"": 9.5, ""chi_bits"": 12, ""mps_l"": 38.7962, ""hsf_k"": 16, ""hsf_na"": 12, ""hsf_nb"": 12, ""hsf_l"": 39.3726, ""sup"": 24, ""chi_bits0"": 12, ""mps_l0"": 38.7962, ""hsf_keff"": 15, ""hsf_l0"": 40.3726, ""sparse_l"": 34.2372, ""sv_l"": 34.2372, ""feat_secs"": 0.007121, ""feat_secs_frame"": 0.00131, ""feat_secs_hsf"": 0.005502}"
ct,"ct:n=24,L=32,t=32,nn=1",1,"{""n"": 24.0, ""L"": 32.0, ""t"": 32.0, ""nn"": 1.0}",auto,ok,0.000895,0.0076,2719744,-0.0,0,-5.94603894082718e-19,5.94603894082718e-19,switched_at=None dense_qubits=0 peak_terms=4 term_visits=12 dense_ops=0,"{""n"": 24, ""gates"": 1207, ""g2"": 368, ""g3"": 0, ""depth2"": 32, ""t_count"": 32, ""rotations"": 32, ""d"": 23, ""dense_l"": 25.0255, ""redundant"": 9, ""obs_zero"": false, ""frame_l"": 9.5, ""chi_bits"": 12, ""mps_l"": 38.7962, ""hsf_k"": 16, ""hsf_na"": 12, ""hsf_nb"": 12, ""hsf_l"": 39.3726, ""sup"": 24, ""chi_bits0"": 12, ""mps_l0"": 38.7962, ""hsf_keff"": 15, ""hsf_l0"": 40.3726, ""sparse_l"": 34.2372, ""sv_l"": 34.2372, ""feat_secs"": 0.007121, ""feat_secs_frame"": 0.00131, ""feat_secs_hsf"": 0.005502}"
ct,"ct:n=24,L=32,t=48,nn=1",1,"{""n"": 24.0, ""L"": 32.0, ""t"": 48.0, ""nn"": 1.0}",sv,ok,7.132997,7.1385,273154048,9.15527343749858e-05,16777216,9.15527343749858e-05,0.0,,"{""n"": 24, ""gates"": 1214, ""g2"": 368, ""g3"": 0, ""depth2"": 32, ""t_count"": 48, ""rotations"": 48, ""d"": 24, ""dense_l"": 27.7013, ""redundant"": 24, ""obs_zero"": false, ""frame_l"": 17.585, ""chi_bits"": 12, ""mps_l"": 38.7962, ""hsf_k"": 16, ""hsf_na"": 12, ""hsf_nb"": 12, ""hsf_l"": 40.3745, ""sup"": 24, ""chi_bits0"": 12, ""mps_l0"": 38.7962, ""hsf_keff"": 16, ""hsf_l0"": 40.3745, ""sparse_l"": 34.2456, ""sv_l"": 34.2456, ""feat_secs"": 0.007065, ""feat_secs_frame"": 0.001141, ""feat_secs_hsf"": 0.005632}"
ct,"ct:n=24,L=32,t=48,nn=1",1,"{""n"": 24.0, ""L"": 32.0, ""t"": 48.0, ""nn"": 1.0}",sparse,skipped,,,,,,9.15527343749858e-05,,,"{""n"": 24, ""gates"": 1214, ""g2"": 368, ""g3"": 0, ""depth2"": 32, ""t_count"": 48, ""rotations"": 48, ""d"": 24, ""dense_l"": 27.7013, ""redundant"": 24, ""obs_zero"": false, ""frame_l"": 17.585, ""chi_bits"": 12, ""mps_l"": 38.7962, ""hsf_k"": 16, ""hsf_na"": 12, ""hsf_nb"": 12, ""hsf_l"": 40.3745, ""sup"": 24, ""chi_bits0"": 12, ""mps_l0"": 38.7962, ""hsf_keff"": 16, ""hsf_l0"": 40.3745, ""sparse_l"": 34.2456, ""sv_l"": 34.2456, ""feat_secs"": 0.007065, ""feat_secs_frame"": 0.001141, ""feat_secs_hsf"": 0.005632}"
ct,"ct:n=24,L=32,t=48,nn=1",1,"{""n"": 24.0, ""L"": 32.0, ""t"": 48.0, ""nn"": 1.0}",mps,ok,4.844293,4.8503,129482752,9.154711685345749e-05,512,9.15527343749858e-05,5.617521528307923e-09,,"{""n"": 24, ""gates"": 1214, ""g2"": 368, ""g3"": 0, ""depth2"": 32, ""t_count"": 48, ""rotations"": 48, ""d"": 24, ""dense_l"": 27.7013, ""redundant"": 24, ""obs_zero"": false, ""frame_l"": 17.585, ""chi_bits"": 12, ""mps_l"": 38.7962, ""hsf_k"": 16, ""hsf_na"": 12, ""hsf_nb"": 12, ""hsf_l"": 40.3745, ""sup"": 24, ""chi_bits0"": 12, ""mps_l0"": 38.7962, ""hsf_keff"": 16, ""hsf_l0"": 40.3745, ""sparse_l"": 34.2456, ""sv_l"": 34.2456, ""feat_secs"": 0.007065, ""feat_secs_frame"": 0.001141, ""feat_secs_hsf"": 0.005632}"
ct,"ct:n=24,L=32,t=48,nn=1",1,"{""n"": 24.0, ""L"": 32.0, ""t"": 48.0, ""nn"": 1.0}",hsf,timeout,,10.0049,285933568,,,9.15527343749858e-05,,timeout,"{""n"": 24, ""gates"": 1214, ""g2"": 368, ""g3"": 0, ""depth2"": 32, ""t_count"": 48, ""rotations"": 48, ""d"": 24, ""dense_l"": 27.7013, ""redundant"": 24, ""obs_zero"": false, ""frame_l"": 17.585, ""chi_bits"": 12, ""mps_l"": 38.7962, ""hsf_k"": 16, ""hsf_na"": 12, ""hsf_nb"": 12, ""hsf_l"": 40.3745, ""sup"": 24, ""chi_bits0"": 12, ""mps_l0"": 38.7962, ""hsf_keff"": 16, ""hsf_l0"": 40.3745, ""sparse_l"": 34.2456, ""sv_l"": 34.2456, ""feat_secs"": 0.007065, ""feat_secs_frame"": 0.001141, ""feat_secs_hsf"": 0.005632}"
ct,"ct:n=24,L=32,t=48,nn=1",1,"{""n"": 24.0, ""L"": 32.0, ""t"": 48.0, ""nn"": 1.0}",tableau,na,,0.0048,1998848,,,9.15527343749858e-05,,"TooLarge { what: ""tableau (non-Clifford circuit)"", bytes: 0, limit: 0 }","{""n"": 24, ""gates"": 1214, ""g2"": 368, ""g3"": 0, ""depth2"": 32, ""t_count"": 48, ""rotations"": 48, ""d"": 24, ""dense_l"": 27.7013, ""redundant"": 24, ""obs_zero"": false, ""frame_l"": 17.585, ""chi_bits"": 12, ""mps_l"": 38.7962, ""hsf_k"": 16, ""hsf_na"": 12, ""hsf_nb"": 12, ""hsf_l"": 40.3745, ""sup"": 24, ""chi_bits0"": 12, ""mps_l0"": 38.7962, ""hsf_keff"": 16, ""hsf_l0"": 40.3745, ""sparse_l"": 34.2456, ""sv_l"": 34.2456, ""feat_secs"": 0.007065, ""feat_secs_frame"": 0.001141, ""feat_secs_hsf"": 0.005632}"
ct,"ct:n=24,L=32,t=48,nn=1",1,"{""n"": 24.0, ""L"": 32.0, ""t"": 48.0, ""nn"": 1.0}",frame,ok,0.00246,0.0074,3407872,9.155273437499995e-05,2610,9.15527343749858e-05,1.4148838350935833e-17,switched_at=None dense_qubits=0 peak_terms=2610 term_visits=25277 dense_ops=0,"{""n"": 24, ""gates"": 1214, ""g2"": 368, ""g3"": 0, ""depth2"": 32, ""t_count"": 48, ""rotations"": 48, ""d"": 24, ""dense_l"": 27.7013, ""redundant"": 24, ""obs_zero"": false, ""frame_l"": 17.585, ""chi_bits"": 12, ""mps_l"": 38.7962, ""hsf_k"": 16, ""hsf_na"": 12, ""hsf_nb"": 12, ""hsf_l"": 40.3745, ""sup"": 24, ""chi_bits0"": 12, ""mps_l0"": 38.7962, ""hsf_keff"": 16, ""hsf_l0"": 40.3745, ""sparse_l"": 34.2456, ""sv_l"": 34.2456, ""feat_secs"": 0.007065, ""feat_secs_frame"": 0.001141, ""feat_secs_hsf"": 0.005632}"
ct,"ct:n=24,L=32,t=48,nn=1",1,"{""n"": 24.0, ""L"": 32.0, ""t"": 48.0, ""nn"": 1.0}",dense,ok,0.372097,0.3769,271450112,9.155273437500404e-05,24,9.15527343749858e-05,1.8241701552068612e-17,switched_at=Some(48) dense_qubits=24 peak_terms=1 term_visits=0 dense_ops=235012114,"{""n"": 24, ""gates"": 1214, ""g2"": 368, ""g3"": 0, ""depth2"": 32, ""t_count"": 48, ""rotations"": 48, ""d"": 24, ""dense_l"": 27.7013, ""redundant"": 24, ""obs_zero"": false, ""frame_l"": 17.585, ""chi_bits"": 12, ""mps_l"": 38.7962, ""hsf_k"": 16, ""hsf_na"": 12, ""hsf_nb"": 12, ""hsf_l"": 40.3745, ""sup"": 24, ""chi_bits0"": 12, ""mps_l0"": 38.7962, ""hsf_keff"": 16, ""hsf_l0"": 40.3745, ""sparse_l"": 34.2456, ""sv_l"": 34.2456, ""feat_secs"": 0.007065, ""feat_secs_frame"": 0.001141, ""feat_secs_hsf"": 0.005632}"
ct,"ct:n=24,L=32,t=48,nn=1",1,"{""n"": 24.0, ""L"": 32.0, ""t"": 48.0, ""nn"": 1.0}",auto,ok,0.002486,0.0072,3440640,9.155273437499993e-05,5,9.15527343749858e-05,1.4135285823779764e-17,switched_at=Some(8) dense_qubits=5 peak_terms=2610 term_visits=25191 dense_ops=1074,"{""n"": 24, ""gates"": 1214, ""g2"": 368, ""g3"": 0, ""depth2"": 32, ""t_count"": 48, ""rotations"": 48, ""d"": 24, ""dense_l"": 27.7013, ""redundant"": 24, ""obs_zero"": false, ""frame_l"": 17.585, ""chi_bits"": 12, ""mps_l"": 38.7962, ""hsf_k"": 16, ""hsf_na"": 12, ""hsf_nb"": 12, ""hsf_l"": 40.3745, ""sup"": 24, ""chi_bits0"": 12, ""mps_l0"": 38.7962, ""hsf_keff"": 16, ""hsf_l0"": 40.3745, ""sparse_l"": 34.2456, ""sv_l"": 34.2456, ""feat_secs"": 0.007065, ""feat_secs_frame"": 0.001141, ""feat_secs_hsf"": 0.005632}"
ct,"ct:n=24,L=32,t=64,nn=1",1,"{""n"": 24.0, ""L"": 32.0, ""t"": 64.0, ""nn"": 1.0}",sv,ok,7.035847,7.0400,273072128,-6.391260633727722e-19,16777216,-6.391260633727722e-19,0.0,,"{""n"": 24, ""gates"": 1229, ""g2"": 368, ""g3"": 0, ""depth2"": 32, ""t_count"": 64, ""rotations"": 64, ""d"": 23, ""dense_l"": 28.2288, ""redundant"": 41, ""obs_zero"": true, ""frame_l"": 10.2633, ""chi_bits"": 12, ""mps_l"": 38.796, ""hsf_k"": 16, ""hsf_na"": 12, ""hsf_nb"": 12, ""hsf_l"": 40.3786, ""sup"": 24, ""chi_bits0"": 12, ""mps_l0"": 38.796, ""hsf_keff"": 16, ""hsf_l0"": 40.3786, ""sparse_l"": 34.2633, ""sv_l"": 34.2633, ""feat_secs"": 0.00731, ""feat_secs_frame"": 0.001202, ""feat_secs_hsf"": 0.005848}"
ct,"ct:n=24,L=32,t=64,nn=1",1,"{""n"": 24.0, ""L"": 32.0, ""t"": 64.0, ""nn"": 1.0}",sparse,skipped,,,,,,-6.391260633727722e-19,,,"{""n"": 24, ""gates"": 1229, ""g2"": 368, ""g3"": 0, ""depth2"": 32, ""t_count"": 64, ""rotations"": 64, ""d"": 23, ""dense_l"": 28.2288, ""redundant"": 41, ""obs_zero"": true, ""frame_l"": 10.2633, ""chi_bits"": 12, ""mps_l"": 38.796, ""hsf_k"": 16, ""hsf_na"": 12, ""hsf_nb"": 12, ""hsf_l"": 40.3786, ""sup"": 24, ""chi_bits0"": 12, ""mps_l0"": 38.796, ""hsf_keff"": 16, ""hsf_l0"": 40.3786, ""sparse_l"": 34.2633, ""sv_l"": 34.2633, ""feat_secs"": 0.00731, ""feat_secs_frame"": 0.001202, ""feat_secs_hsf"": 0.005848}"
ct,"ct:n=24,L=32,t=64,nn=1",1,"{""n"": 24.0, ""L"": 32.0, ""t"": 64.0, ""nn"": 1.0}",mps,ok,9.887162,9.8929,145571840,4.356848195570501e-18,512,-6.391260633727722e-19,4.995974258943273e-18,,"{""n"": 24, ""gates"": 1229, ""g2"": 368, ""g3"": 0, ""depth2"": 32, ""t_count"": 64, ""rotations"": 64, ""d"": 23, ""dense_l"": 28.2288, ""redundant"": 41, ""obs_zero"": true, ""frame_l"": 10.2633, ""chi_bits"": 12, ""mps_l"": 38.796, ""hsf_k"": 16, ""hsf_na"": 12, ""hsf_nb"": 12, ""hsf_l"": 40.3786, ""sup"": 24, ""chi_bits0"": 12, ""mps_l0"": 38.796, ""hsf_keff"": 16, ""hsf_l0"": 40.3786, ""sparse_l"": 34.2633, ""sv_l"": 34.2633, ""feat_secs"": 0.00731, ""feat_secs_frame"": 0.001202, ""feat_secs_hsf"": 0.005848}"
ct,"ct:n=24,L=32,t=64,nn=1",1,"{""n"": 24.0, ""L"": 32.0, ""t"": 64.0, ""nn"": 1.0}",hsf,timeout,,10.0041,285949952,,,-6.391260633727722e-19,,timeout,"{""n"": 24, ""gates"": 1229, ""g2"": 368, ""g3"": 0, ""depth2"": 32, ""t_count"": 64, ""rotations"": 64, ""d"": 23, ""dense_l"": 28.2288, ""redundant"": 41, ""obs_zero"": true, ""frame_l"": 10.2633, ""chi_bits"": 12, ""mps_l"": 38.796, ""hsf_k"": 16, ""hsf_na"": 12, ""hsf_nb"": 12, ""hsf_l"": 40.3786, ""sup"": 24, ""chi_bits0"": 12, ""mps_l0"": 38.796, ""hsf_keff"": 16, ""hsf_l0"": 40.3786, ""sparse_l"": 34.2633, ""sv_l"": 34.2633, ""feat_secs"": 0.00731, ""feat_secs_frame"": 0.001202, ""feat_secs_hsf"": 0.005848}"
ct,"ct:n=24,L=32,t=64,nn=1",1,"{""n"": 24.0, ""L"": 32.0, ""t"": 64.0, ""nn"": 1.0}",tableau,na,,0.0044,2015232,,,-6.391260633727722e-19,,"TooLarge { what: ""tableau (non-Clifford circuit)"", bytes: 0, limit: 0 }","{""n"": 24, ""gates"": 1229, ""g2"": 368, ""g3"": 0, ""depth2"": 32, ""t_count"": 64, ""rotations"": 64, ""d"": 23, ""dense_l"": 28.2288, ""redundant"": 41, ""obs_zero"": true, ""frame_l"": 10.2633, ""chi_bits"": 12, ""mps_l"": 38.796, ""hsf_k"": 16, ""hsf_na"": 12, ""hsf_nb"": 12, ""hsf_l"": 40.3786, ""sup"": 24, ""chi_bits0"": 12, ""mps_l0"": 38.796, ""hsf_keff"": 16, ""hsf_l0"": 40.3786, ""sparse_l"": 34.2633, ""sv_l"": 34.2633, ""feat_secs"": 0.00731, ""feat_secs_frame"": 0.001202, ""feat_secs_hsf"": 0.005848}"
ct,"ct:n=24,L=32,t=64,nn=1",1,"{""n"": 24.0, ""L"": 32.0, ""t"": 64.0, ""nn"": 1.0}",frame,ok,0.000688,0.0041,2686976,-0.0,0,-6.391260633727722e-19,6.391260633727722e-19,switched_at=None dense_qubits=0 peak_terms=0 term_visits=0 dense_ops=0,"{""n"": 24, ""gates"": 1229, ""g2"": 368, ""g3"": 0, ""depth2"": 32, ""t_count"": 64, ""rotations"": 64, ""d"": 23, ""dense_l"": 28.2288, ""redundant"": 41, ""obs_zero"": true, ""frame_l"": 10.2633, ""chi_bits"": 12, ""mps_l"": 38.796, ""hsf_k"": 16, ""hsf_na"": 12, ""hsf_nb"": 12, ""hsf_l"": 40.3786, ""sup"": 24, ""chi_bits0"": 12, ""mps_l0"": 38.796, ""hsf_keff"": 16, ""hsf_l0"": 40.3786, ""sparse_l"": 34.2633, ""sv_l"": 34.2633, ""feat_secs"": 0.00731, ""feat_secs_frame"": 0.001202, ""feat_secs_hsf"": 0.005848}"
ct,"ct:n=24,L=32,t=64,nn=1",1,"{""n"": 24.0, ""L"": 32.0, ""t"": 64.0, ""nn"": 1.0}",dense,ok,0.484926,0.4900,137035776,0.0,23,-6.391260633727722e-19,6.391260633727722e-19,switched_at=Some(64) dense_qubits=23 peak_terms=0 term_visits=0 dense_ops=314572804,"{""n"": 24, ""gates"": 1229, ""g2"": 368, ""g3"": 0, ""depth2"": 32, ""t_count"": 64, ""rotations"": 64, ""d"": 23, ""dense_l"": 28.2288, ""redundant"": 41, ""obs_zero"": true, ""frame_l"": 10.2633, ""chi_bits"": 12, ""mps_l"": 38.796, ""hsf_k"": 16, ""hsf_na"": 12, ""hsf_nb"": 12, ""hsf_l"": 40.3786, ""sup"": 24, ""chi_bits0"": 12, ""mps_l0"": 38.796, ""hsf_keff"": 16, ""hsf_l0"": 40.3786, ""sparse_l"": 34.2633, ""sv_l"": 34.2633, ""feat_secs"": 0.00731, ""feat_secs_frame"": 0.001202, ""feat_secs_hsf"": 0.005848}"
ct,"ct:n=24,L=32,t=64,nn=1",1,"{""n"": 24.0, ""L"": 32.0, ""t"": 64.0, ""nn"": 1.0}",auto,ok,0.000656,0.0077,2703360,-0.0,0,-6.391260633727722e-19,6.391260633727722e-19,switched_at=None dense_qubits=0 peak_terms=0 term_visits=0 dense_ops=0,"{""n"": 24, ""gates"": 1229, ""g2"": 368, ""g3"": 0, ""depth2"": 32, ""t_count"": 64, ""rotations"": 64, ""d"": 23, ""dense_l"": 28.2288, ""redundant"": 41, ""obs_zero"": true, ""frame_l"": 10.2633, ""chi_bits"": 12, ""mps_l"": 38.796, ""hsf_k"": 16, ""hsf_na"": 12, ""hsf_nb"": 12, ""hsf_l"": 40.3786, ""sup"": 24, ""chi_bits0"": 12, ""mps_l0"": 38.796, ""hsf_keff"": 16, ""hsf_l0"": 40.3786, ""sparse_l"": 34.2633, ""sv_l"": 34.2633, ""feat_secs"": 0.00731, ""feat_secs_frame"": 0.001202, ""feat_secs_hsf"": 0.005848}"
ct,"ct:n=24,L=1,t=0,nn=1",1,"{""n"": 24.0, ""L"": 1.0, ""t"": 0.0, ""nn"": 1.0}",cstate,ok,4.6e-05,0.0039,1933312,0.0,0,0.0,0.0,,"{""n"": 24, ""gates"": 36, ""g2"": 12, ""g3"": 0, ""depth2"": 1, ""t_count"": 0, ""rotations"": 0, ""d"": 0, ""dense_l"": 0.0, ""redundant"": 0, ""obs_zero"": true, ""frame_l"": 5.1699, ""chi_bits"": 1, ""mps_l"": 6.9069, ""hsf_k"": 0, ""hsf_na"": 12, ""hsf_nb"": 12, ""hsf_l"": 24.0126, ""sup"": 12, ""chi_bits0"": 1, ""mps_l0"": 6.9069, ""hsf_keff"": 0, ""hsf_l0"": 24.0126, ""sparse_l"": 17.1699, ""sv_l"": 29.1699, ""feat_secs"": 0.003215, ""feat_secs_frame"": 6.6e-05, ""feat_secs_hsf"": 0.00312}"
ct,"ct:n=24,L=1,t=2,nn=1",1,"{""n"": 24.0, ""L"": 1.0, ""t"": 2.0, ""nn"": 1.0}",cstate,ok,4.9e-05,0.0041,1949696,0.0,1,0.0,0.0,,"{""n"": 24, ""gates"": 40, ""g2"": 12, ""g3"": 0, ""depth2"": 1, ""t_count"": 2, ""rotations"": 2, ""d"": 1, ""dense_l"": 1.585, ""redundant"": 1, ""obs_zero"": true, ""frame_l"": 5.3219, ""chi_bits"": 1, ""mps_l"": 6.9542, ""hsf_k"": 0, ""hsf_na"": 12, ""hsf_nb"": 12, ""hsf_l"": 24.014, ""sup"": 13, ""chi_bits0"": 1, ""mps_l0"": 6.9542, ""hsf_keff"": 0, ""hsf_l0"": 24.014, ""sparse_l"": 18.3219, ""sv_l"": 29.3219, ""feat_secs"": 0.003289, ""feat_secs_frame"": 6.9e-05, ""feat_secs_hsf"": 0.0032}"
ct,"ct:n=24,L=1,t=4,nn=1",1,"{""n"": 24.0, ""L"": 1.0, ""t"": 4.0, ""nn"": 1.0}",cstate,ok,7.7e-05,0.0043,1966080,0.0,1,0.0,0.0,,"{""n"": 24, ""gates"": 44, ""g2"": 12, ""g3"": 0, ""depth2"": 1, ""t_count"": 4, ""rotations"": 4, ""d"": 1, ""dense_l"": 2.3219, ""redundant"": 3, ""obs_zero"": true, ""frame_l"": 5.4594, ""chi_bits"": 1, ""mps_l"": 7.0, ""hsf_k"": 0, ""hsf_na"": 12, ""hsf_nb"": 12, ""hsf_l"": 24.0154, ""sup"": 16, ""chi_bits0"": 1, ""mps_l0"": 7.0, ""hsf_keff"": 0, ""hsf_l0"": 24.0154, ""sparse_l"": 21.4594, ""sv_l"": 29.4594, ""feat_secs"": 0.00292, ""feat_secs_frame"": 7.4e-05, ""feat_secs_hsf"": 0.002828}"
ct,"ct:n=24,L=1,t=8,nn=1",1,"{""n"": 24.0, ""L"": 1.0, ""t"": 8.0, ""nn"": 1.0}",cstate,ok,5.7e-05,0.0045,1966080,0.0,4,5.082197683525802e-21,5.082197683525802e-21,,"{""n"": 24, ""gates"": 52, ""g2"": 12, ""g3"": 0, ""depth2"": 1, ""t_count"": 8, ""rotations"": 8, ""d"": 4, ""dense_l"": 5.858, ""redundant"": 4, ""obs_zero"": true, ""frame_l"": 5.7004, ""chi_bits"": 1, ""mps_l"": 7.0875, ""hsf_k"": 0, ""hsf_na"": 12, ""hsf_nb"": 12, ""hsf_l"": 24.0182, ""sup"": 17, ""chi_bits0"": 1, ""mps_l0"": 7.0875, ""hsf_keff"": 0, ""hsf_l0"": 24.0182, ""sparse_l"": 22.7004, ""sv_l"": 29.7004, ""feat_secs"": 0.002868, ""feat_secs_frame"": 7.9e-05, ""feat_secs_hsf"": 0.002768}"
ct,"ct:n=24,L=1,t=12,nn=1",1,"{""n"": 24.0, ""L"": 1.0, ""t"": 12.0, ""nn"": 1.0}",cstate,ok,6.6e-05,0.0048,1966080,0.0,6,6.45862622281404e-21,6.45862622281404e-21,,"{""n"": 24, ""gates"": 58, ""g2"": 12, ""g3"": 0, ""depth2"": 1, ""t_count"": 12, ""rotations"": 12, ""d"": 6, ""dense_l"": 7.8948, ""redundant"": 6, ""obs_zero"": true, ""frame_l"": 5.858, ""chi_bits"": 1, ""mps_l"": 7.1497, ""hsf_k"": 0, ""hsf_na"": 12, ""hsf_nb"": 12, ""hsf_l"": 24.0203, ""sup"": 19, ""chi_bits0"": 1, ""mps_l0"": 7.1497, ""hsf_keff"": 0, ""hsf_l0"": 24.0203, ""sparse_l"": 24.858, ""sv_l"": 29.858, ""feat_secs"": 0.004192, ""feat_secs_frame"": 6.9e-05, ""feat_secs_hsf"": 0.00409}"
ct,"ct:n=24,L=1,t=16,nn=1",1,"{""n"": 24.0, ""L"": 1.0, ""t"": 16.0, ""nn"": 1.0}",cstate,ok,6.6e-05,0.0035,1966080,0.0,9,0.0,0.0,,"{""n"": 24, ""gates"": 64, ""g2"": 12, ""g3"": 0, ""depth2"": 1, ""t_count"": 16, ""rotations"": 16, ""d"": 9, ""dense_l"": 10.6493, ""redundant"": 7, ""obs_zero"": true, ""frame_l"": 6.0, ""chi_bits"": 1, ""mps_l"": 7.2095, ""hsf_k"": 0, ""hsf_na"": 12, ""hsf_nb"": 12, ""hsf_l"": 24.0224, ""sup"": 20, ""chi_bits0"": 1, ""mps_l0"": 7.2095, ""hsf_keff"": 0, ""hsf_l0"": 24.0224, ""sparse_l"": 26.0, ""sv_l"": 30.0, ""feat_secs"": 0.002735, ""feat_secs_frame"": 7.5e-05, ""feat_secs_hsf"": 0.002638}"
ct,"ct:n=24,L=1,t=24,nn=1",1,"{""n"": 24.0, ""L"": 1.0, ""t"": 24.0, ""nn"": 1.0}",cstate,ok,0.000414,0.0043,2916352,0.0,15,1.311132969684833e-20,1.311132969684833e-20,,"{""n"": 24, ""gates"": 84, ""g2"": 12, ""g3"": 0, ""depth2"": 1, ""t_count"": 24, ""rotations"": 24, ""d"": 15, ""dense_l"": 17.2297, ""redundant"": 9, ""obs_zero"": true, ""frame_l"": 6.3923, ""chi_bits"": 1, ""mps_l"": 7.3923, ""hsf_k"": 0, ""hsf_na"": 12, ""hsf_nb"": 12, ""hsf_l"": 24.0293, ""sup"": 24, ""chi_bits0"": 1, ""mps_l0"": 7.3923, ""hsf_keff"": 0, ""hsf_l0"": 24.0293, ""sparse_l"": 30.3923, ""sv_l"": 30.3923, ""feat_secs"": 0.002931, ""feat_secs_frame"": 9.3e-05, ""feat_secs_hsf"": 0.002808}"
ct,"ct:n=24,L=1,t=32,nn=1",1,"{""n"": 24.0, ""L"": 1.0, ""t"": 32.0, ""nn"": 1.0}",cstate,ok,0.000158,0.0044,2129920,0.0,13,4.803954804978277e-21,4.803954804978277e-21,,"{""n"": 24, ""gates"": 98, ""g2"": 12, ""g3"": 0, ""depth2"": 1, ""t_count"": 32, ""rotations"": 32, ""d"": 13, ""dense_l"": 15.7125, ""redundant"": 19, ""obs_zero"": true, ""frame_l"": 6.6147, ""chi_bits"": 1, ""mps_l"": 7.5078, ""hsf_k"": 0, ""hsf_na"": 12, ""hsf_nb"": 12, ""hsf_l"": 24.0341, ""sup"": 20, ""chi_bits0"": 1, ""mps_l0"": 7.5078, ""hsf_keff"": 0, ""hsf_l0"": 24.0341, ""sparse_l"": 26.6147, ""sv_l"": 30.6147, ""feat_secs"": 0.003173, ""feat_secs_frame"": 9.7e-05, ""feat_secs_hsf"": 0.003045}"
ct,"ct:n=24,L=1,t=48,nn=1",1,"{""n"": 24.0, ""L"": 1.0, ""t"": 48.0, ""nn"": 1.0}",cstate,ok,0.00118,0.0069,4489216,0.0,17,-2.272337520986765e-20,2.272337520986765e-20,,"{""n"": 24, ""gates"": 128, ""g2"": 12, ""g3"": 0, ""depth2"": 1, ""t_count"": 48, ""rotations"": 48, ""d"": 17, ""dense_l"": 19.2295, ""redundant"": 31, ""obs_zero"": true, ""frame_l"": 7.0, ""chi_bits"": 1, ""mps_l"": 7.7279, ""hsf_k"": 0, ""hsf_na"": 12, ""hsf_nb"": 12, ""hsf_l"": 24.0444, ""sup"": 23, ""chi_bits0"": 1, ""mps_l0"": 7.7279, ""hsf_keff"": 0, ""hsf_l0"": 24.0444, ""sparse_l"": 30.0, ""sv_l"": 31.0, ""feat_secs"": 0.002821, ""feat_secs_frame"": 0.000122, ""feat_secs_hsf"": 0.002662}"
ct,"ct:n=24,L=1,t=64,nn=1",1,"{""n"": 24.0, ""L"": 1.0, ""t"": 64.0, ""nn"": 1.0}",cstate,ok,0.010867,0.0164,19202048,0.0,20,2.80432516101832e-20,2.80432516101832e-20,,"{""n"": 24, ""gates"": 163, ""g2"": 12, ""g3"": 0, ""depth2"": 1, ""t_count"": 64, ""rotations"": 64, ""d"": 20, ""dense_l"": 22.5646, ""redundant"": 44, ""obs_zero"": true, ""frame_l"": 7.3487, ""chi_bits"": 1, ""mps_l"": 7.9484, ""hsf_k"": 0, ""hsf_na"": 12, ""hsf_nb"": 12, ""hsf_l"": 24.0563, ""sup"": 22, ""chi_bits0"": 1, ""mps_l0"": 7.9484, ""hsf_keff"": 0, ""hsf_l0"": 24.0563, ""sparse_l"": 29.3487, ""sv_l"": 31.3487, ""feat_secs"": 0.003433, ""feat_secs_frame"": 0.000147, ""feat_secs_hsf"": 0.003233}"
ct,"ct:n=24,L=2,t=0,nn=1",1,"{""n"": 24.0, ""L"": 2.0, ""t"": 0.0, ""nn"": 1.0}",cstate,ok,7.8e-05,0.0046,1966080,0.0,0,0.0,0.0,,"{""n"": 24, ""gates"": 67, ""g2"": 23, ""g3"": 0, ""depth2"": 2, ""t_count"": 0, ""rotations"": 0, ""d"": 0, ""dense_l"": 0.0, ""redundant"": 0, ""obs_zero"": true, ""frame_l"": 6.0661, ""chi_bits"": 1, ""mps_l"": 8.1699, ""hsf_k"": 1, ""hsf_na"": 12, ""hsf_nb"": 12, ""hsf_l"": 25.0234, ""sup"": 17, ""chi_bits0"": 1, ""mps_l0"": 8.1699, ""hsf_keff"": 1, ""hsf_l0"": 25.0234, ""sparse_l"": 23.0661, ""sv_l"": 30.0661, ""feat_secs"": 0.005439, ""feat_secs_frame"": 8.2e-05, ""feat_secs_hsf"": 0.005329}"
ct,"ct:n=24,L=2,t=2,nn=1",1,"{""n"": 24.0, ""L"": 2.0, ""t"": 2.0, ""nn"": 1.0}",cstate,ok,8.1e-05,0.0045,1966080,0.0,2,0.0,0.0,,"{""n"": 24, ""gates"": 69, ""g2"": 23, ""g3"": 0, ""depth2"": 2, ""t_count"": 2, ""rotations"": 2, ""d"": 2, ""dense_l"": 2.585, ""redundant"": 0, ""obs_zero"": true, ""frame_l"": 6.1085, ""chi_bits"": 1, ""mps_l"": 8.2095, ""hsf_k"": 1, ""hsf_na"": 12, ""hsf_nb"": 12, ""hsf_l"": 25.0241, ""sup"": 17, ""chi_bits0"": 1, ""mps_l0"": 8.2095, ""hsf_keff"": 1, ""hsf_l0"": 25.0241, ""sparse_l"": 23.1085, ""sv_l"": 30.1085, ""feat_secs"": 0.006429, ""feat_secs_frame"": 8.7e-05, ""feat_secs_hsf"": 0.006314}"
ct,"ct:n=24,L=2,t=4,nn=1",1,"{""n"": 24.0, ""L"": 2.0, ""t"": 4.0, ""nn"": 1.0}",cstate,ok,8.2e-05,0.0046,1982464,0.0,3,0.0,0.0,,"{""n"": 24, ""gates"": 74, ""g2"": 23, ""g3"": 0, ""depth2"": 2, ""t_count"": 4, ""rotations"": 4, ""d"": 3, ""dense_l"": 4.1699, ""redundant"": 1, ""obs_zero"": true, ""frame_l"": 6.2095, ""chi_bits"": 1, ""mps_l"": 8.3038, ""hsf_k"": 1, ""hsf_na"": 12, ""hsf_nb"": 12, ""hsf_l"": 24.0258, ""sup"": 19, ""chi_bits0"": 1, ""mps_l0"": 8.3038, ""hsf_keff"": 0, ""hsf_l0"": 25.0258, ""sparse_l"": 25.2095, ""sv_l"": 30.2095, ""feat_secs"": 0.005373, ""feat_secs_frame"": 9.4e-05, ""feat_secs_hsf"": 0.005252}"
ct,"ct:n=24,L=2,t=8,nn=1",1,"{""n"": 24.0, ""L"": 2.0, ""t"": 8.0, ""nn"": 1.0}",cstate,ok,8.3e-05,0.0047,1982464,0.0,3,0.0,0.0,,"{""n"": 24, ""gates"": 83, ""g2"": 23, ""g3"": 0, ""depth2"": 2, ""t_count"": 8, ""rotations"": 8, ""d"": 3, ""dense_l"": 4.9542, ""redundant"": 5, ""obs_zero"": true, ""frame_l"": 6.375, ""chi_bits"": 1, ""mps_l"": 8.3576, ""hsf_k"": 1, ""hsf_na"": 12, ""hsf_nb"": 12, ""hsf_l"": 25.0289, ""sup"": 19, ""chi_bits0"": 1, ""mps_l0"": 8.3576, ""hsf_keff"": 1, ""hsf_l0"": 25.0289, ""sparse_l"": 25.375, ""sv_l"": 30.375, ""feat_secs"": 0.005436, ""feat_secs_frame"": 0.0001, ""feat_secs_hsf"": 0.005309}"
ct,"ct:n=24,L=2,t=12,nn=1",1,"{""n"": 24.0, ""L"": 2.0, ""t"": 12.0, ""nn"": 1.0}",cstate,ok,9.2e-05,0.0045,1982464,0.0,9,0.0,0.0,,"{""n"": 24, ""gates"": 90, ""g2"": 23, ""g3"": 0, ""depth2"": 2, ""t_count"": 12, ""rotations"": 12, ""d"": 9, ""dense_l"": 10.8057, ""redundant"": 3, ""obs_zero"": true, ""frame_l"": 6.4919, ""chi_bits"": 1, ""mps_l"": 8.4263, ""hsf_k"": 1, ""hsf_na"": 12, ""hsf_nb"": 12, ""hsf_l"": 25.0314, ""sup"": 18, ""chi_bits0"": 1, ""mps_l0"": 8.4263, ""hsf_keff"": 1, ""hsf_l0"": 25.0314, ""sparse_l"": 24.4919, ""sv_l"": 30.4919, ""feat_secs"": 0.0054, ""feat_secs_frame"": 0.000108, ""feat_secs_hsf"": 0.005249}"
ct,"ct:n=24,L=2,t=16,nn=1",1,"{""n"": 24.0, ""L"": 2.0, ""t"": 16.0, ""nn"": 1.0}",cstate,ok,9.2e-05,0.0048,1982464,0.0,6,0.0,0.0,,"{""n"": 24, ""gates"": 98, ""g2"": 23, ""g3"": 0, ""depth2"": 2, ""t_count"": 16, ""rotations"": 16, ""d"": 6, ""dense_l"": 7.9887, ""redundant"": 10, ""obs_zero"": true, ""frame_l"": 6.6147, ""chi_bits"": 1, ""mps_l"": 8.5546, ""hsf_k"": 1, ""hsf_na"": 12, ""hsf_nb"": 12, ""hsf_l"": 25.0341, ""sup"": 22, ""chi_bits0"": 1, ""mps_l0"": 8.5546, ""hsf_keff"": 1, ""hsf_l0"": 25.0341, ""sparse_l"": 28.6147, ""sv_l"": 30.6147, ""feat_secs"": 0.005659, ""feat_secs_frame"": 0.000163, ""feat_secs_hsf"": 0.005454}"
ct,"ct:n=24,L=2,t=24,nn=1",1,"{""n"": 24.0, ""L"": 2.0, ""t"": 24.0, ""nn"": 1.0}",cstate,ok,0.000149,0.0059,2129920,0.0,13,-5.293955920339377e-23,5.293955920339377e-23,,"{""n"": 24, ""gates"": 121, ""g2"": 23, ""g3"": 0, ""depth2"": 2, ""t_count"": 24, ""rotations"": 24, ""d"": 13, ""dense_l"": 15.0567, ""redundant"": 11, ""obs_zero"": true, ""frame_l"": 6.9189, ""chi_bits"": 1, ""mps_l"": 8.7748, ""hsf_k"": 1, ""hsf_na"": 12, ""hsf_nb"": 12, ""hsf_l"": 25.042, ""sup"": 22, ""chi_bits0"": 1, ""mps_l0"": 8.7748, ""hsf_keff"": 1, ""hsf_l0"": 25.042, ""sparse_l"": 28.9189, ""sv_l"": 30.9189, ""feat_secs"": 0.005814, ""feat_secs_frame"": 0.000128, ""feat_secs_hsf"": 0.005649}"
ct,"ct:n=24,L=2,t=32,nn=1",1,"{""n"": 24.0, ""L"": 2.0, ""t"": 32.0, ""nn"": 1.0}",cstate,ok,0.000524,0.0073,3358720,0.0,16,1.237462196379329e-20,1.237462196379329e-20,,"{""n"": 24, ""gates"": 134, ""g2"": 23, ""g3"": 0, ""depth2"": 2, ""t_count"": 32, ""rotations"": 32, ""d"": 16, ""dense_l"": 17.2765, ""redundant"": 16, ""obs_zero"": true, ""frame_l"": 7.0661, ""chi_bits"": 1, ""mps_l"": 8.8642, ""hsf_k"": 1, ""hsf_na"": 12, ""hsf_nb"": 12, ""hsf_l"": 25.0464, ""sup"": 24, ""chi_bits0"": 1, ""mps_l0"": 8.8642, ""hsf_keff"": 1, ""hsf_l0"": 25.0464, ""sparse_l"": 31.0661, ""sv_l"": 31.0661, ""feat_secs"": 0.005636, ""feat_secs_frame"": 0.000133, ""feat_secs_hsf"": 0.005459}"
ct,"ct:n=24,L=2,t=48,nn=1",1,"{""n"": 24.0, ""L"": 2.0, ""t"": 48.0, ""nn"": 1.0}",cstate,ok,0.017986,0.0237,36372480,0.0,21,-1.546492188026452e-19,1.546492188026452e-19,,"{""n"": 24, ""gates"": 161, ""g2"": 23, ""g3"": 0, ""depth2"": 2, ""t_count"": 48, ""rotations"": 48, ""d"": 21, ""dense_l"": 23.2171, ""redundant"": 27, ""obs_zero"": true, ""frame_l"": 7.3309, ""chi_bits"": 1, ""mps_l"": 9.0553, ""hsf_k"": 1, ""hsf_na"": 12, ""hsf_nb"": 12, ""hsf_l"": 25.0556, ""sup"": 24, ""chi_bits0"": 1, ""mps_l0"": 9.0553, ""hsf_keff"": 1, ""hsf_l0"": 25.0556, ""sparse_l"": 31.3309, ""sv_l"": 31.3309, ""feat_secs"": 0.006617, ""feat_secs_frame"": 0.00016, ""feat_secs_hsf"": 0.006411}"
ct,"ct:n=24,L=2,t=64,nn=1",1,"{""n"": 24.0, ""L"": 2.0, ""t"": 64.0, ""nn"": 1.0}",cstate,ok,0.108265,0.1153,136970240,2.710505431213761e-20,23,1.617203299406719e-17,1.6144927939755053e-17,,"{""n"": 24, ""gates"": 197, ""g2"": 23, ""g3"": 0, ""depth2"": 2, ""t_count"": 64, ""rotations"": 64, ""d"": 23, ""dense_l"": 25.6263, ""redundant"": 41, ""obs_zero"": false, ""frame_l"": 26.5, ""chi_bits"": 1, ""mps_l"": 9.1874, ""hsf_k"": 1, ""hsf_na"": 12, ""hsf_nb"": 12, ""hsf_l"": 25.0678, ""sup"": 24, ""chi_bits0"": 1, ""mps_l0"": 9.1874, ""hsf_keff"": 1, ""hsf_l0"": 25.0678, ""sparse_l"": 31.6221, ""sv_l"": 31.6221, ""feat_secs"": 0.005804, ""feat_secs_frame"": 0.000181, ""feat_secs_hsf"": 0.005572}"
ct,"ct:n=24,L=4,t=0,nn=1",1,"{""n"": 24.0, ""L"": 4.0, ""t"": 0.0, ""nn"": 1.0}",cstate,ok,0.000105,0.0045,2015232,0.0,0,0.0,0.0,,"{""n"": 24, ""gates"": 143, ""g2"": 46, ""g3"": 0, ""depth2"": 4, ""t_count"": 0, ""rotations"": 0, ""d"": 0, ""dense_l"": 0.0, ""redundant"": 0, ""obs_zero"": true, ""frame_l"": 7.1599, ""chi_bits"": 2, ""mps_l"": 11.0526, ""hsf_k"": 2, ""hsf_na"": 12, ""hsf_nb"": 12, ""hsf_l"": 26.0495, ""sup"": 24, ""chi_bits0"": 2, ""mps_l0"": 11.0526, ""hsf_keff"": 2, ""hsf_l0"": 26.0495, ""sparse_l"": 31.1599, ""sv_l"": 31.1599, ""feat_secs"": 0.00622, ""feat_secs_frame"": 0.000153, ""feat_secs_hsf"": 0.00602}"
ct,"ct:n=24,L=4,t=2,nn=1",1,"{""n"": 24.0, ""L"": 4.0, ""t"": 2.0, ""nn"": 1.0}",cstate,ok,0.000127,0.0044,2015232,0.0,2,0.0,0.0,,"{""n"": 24, ""gates"": 142, ""g2"": 46, ""g3"": 0, ""depth2"": 4, ""t_count"": 2, ""rotations"": 2, ""d"": 2, ""dense_l"": 2.585, ""redundant"": 0, ""obs_zero"": true, ""frame_l"": 7.1497, ""chi_bits"": 2, ""mps_l"": 11.0821, ""hsf_k"": 2, ""hsf_na"": 12, ""hsf_nb"": 12, ""hsf_l"": 26.0492, ""sup"": 24, ""chi_bits0"": 2, ""mps_l0"": 11.0821, ""hsf_keff"": 2, ""hsf_l0"": 26.0492, ""sparse_l"": 31.1497, ""sv_l"": 31.1497, ""feat_secs"": 0.009541, ""feat_secs_frame"": 0.000251, ""feat_secs_hsf"": 0.009221}"
ct,"ct:n=24,L=4,t=4,nn=1",1,"{""n"": 24.0, ""L"": 4.0, ""t"": 4.0, ""nn"": 1.0}",cstate,ok,0.000109,0.0045,2015232,0.0,4,0.0,0.0,,"{""n"": 24, ""gates"": 148, ""g2"": 46, ""g3"": 0, ""depth2"": 4, ""t_count"": 4, ""rotations"": 4, ""d"": 4, ""dense_l"": 4.9069, ""redundant"": 0, ""obs_zero"": true, ""frame_l"": 7.2095, ""chi_bits"": 2, ""mps_l"": 11.1137, ""hsf_k"": 2, ""hsf_na"": 12, ""hsf_nb"": 12, ""hsf_l"": 25.0512, ""sup"": 24, ""chi_bits0"": 2, ""mps_l0"": 11.1137, ""hsf_keff"": 1, ""hsf_l0"": 26.0512, ""sparse_l"": 31.2095, ""sv_l"": 31.2095, ""feat_secs"": 0.010292, ""feat_secs_frame"": 0.000296, ""feat_secs_hsf"": 0.009918}"
ct,"ct:n=24,L=4,t=8,nn=1",1,"{""n"": 24.0, ""L"": 4.0, ""t"": 8.0, ""nn"": 1.0}",cstate,ok,0.000114,0.0046,2015232,0.0,6,-6.617444900424221e-24,6.617444900424221e-24,,"{""n"": 24, ""gates"": 158, ""g2"": 46, ""g3"": 0, ""depth2"": 4, ""t_count"": 8, ""rotations"": 8, ""d"": 6, ""dense_l"": 7.6294, ""redundant"": 2, ""obs_zero"": true, ""frame_l"": 7.3038, ""chi_bits"": 2, ""mps_l"": 11.1241, ""hsf_k"": 2, ""hsf_na"": 12, ""hsf_nb"": 12, ""hsf_l"": 26.0546, ""sup"": 24, ""chi_bits0"": 2, ""mps_l0"": 11.1241, ""hsf_keff"": 2, ""hsf_l0"": 26.0546, ""sparse_l"": 31.3038, ""sv_l"": 31.3038, ""feat_secs"": 0.010246, ""feat_secs_frame"": 0.000302, ""feat_secs_hsf"": 0.009871}"
ct,"ct:n=24,L=4,t=12,nn=1",1,"{""n"": 24.0, ""L"": 4.0, ""t"": 12.0, ""nn"": 1.0}",cstate,ok,0.00012,0.0043,2015232,0.0,9,3.705769144237564e-22,3.705769144237564e-22,,"{""n"": 24, ""gates"": 167, ""g2"": 46, ""g3"": 0, ""depth2"": 4, ""t_count"": 12, ""rotations"": 12, ""d"": 9, ""dense_l"": 10.0265, ""redundant"": 3, ""obs_zero"": true, ""frame_l"": 7.3837, ""chi_bits"": 2, ""mps_l"": 11.2252, ""hsf_k"": 2, ""hsf_na"": 12, ""hsf_nb"": 12, ""hsf_l"": 26.0577, ""sup"": 23, ""chi_bits0"": 2, ""mps_l0"": 11.2252, ""hsf_keff"": 2, ""hsf_l0"": 26.0577, ""sparse_l"": 30.3837, ""sv_l"": 31.3837, ""feat_secs"": 0.00868, ""feat_secs_frame"": 0.00033, ""feat_secs_hsf"": 0.008278}"
ct,"ct:n=24,L=4,t=16,nn=1",1,"{""n"": 24.0, ""L"": 4.0, ""t"": 16.0, ""nn"": 1.0}",cstate,ok,0.000127,0.0045,2015232,0.0,9,-9.98572435474015e-21,9.98572435474015e-21,,"{""n"": 24, ""gates"": 175, ""g2"": 46, ""g3"": 0, ""depth2"": 4, ""t_count"": 16, ""rotations"": 16, ""d"": 9, ""dense_l"": 11.4691, ""redundant"": 7, ""obs_zero"": true, ""frame_l"": 7.4512, ""chi_bits"": 2, ""mps_l"": 11.2479, ""hsf_k"": 2, ""hsf_na"": 12, ""hsf_nb"": 12, ""hsf_l"": 25.0604, ""sup"": 23, ""chi_bits0"": 2, ""mps_l0"": 11.2479, ""hsf_keff"": 1, ""hsf_l0"": 26.0604, ""sparse_l"": 30.4512, ""sv_l"": 31.4512, ""feat_secs"": 0.005442, ""feat_secs_frame"": 0.000199, ""feat_secs_hsf"": 0.005195}"
ct,"ct:n=24,L=4,t=24,nn=1",1,"{""n"": 24.0, ""L"": 4.0, ""t"": 24.0, ""nn"": 1.0}",cstate,ok,0.000174,0.0047,2162688,0.0,13,-1.307152162986922e-21,1.307152162986922e-21,,"{""n"": 24, ""gates"": 192, ""g2"": 46, ""g3"": 0, ""depth2"": 4, ""t_count"": 24, ""rotations"": 24, ""d"": 13, ""dense_l"": 14.4916, ""redundant"": 11, ""obs_zero"": true, ""frame_l"": 7.585, ""chi_bits"": 2, ""mps_l"": 11.2668, ""hsf_k"": 2, ""hsf_na"": 12, ""hsf_nb"": 12, ""hsf_l"": 26.0661, ""sup"": 24, ""chi_bits0"": 2, ""mps_l0"": 11.2668, ""hsf_keff"": 2, ""hsf_l0"": 26.0661, ""sparse_l"": 31.585, ""sv_l"": 31.585, ""feat_secs"": 0.0055, ""feat_secs_frame"": 0.000222, ""feat_secs_hsf"": 0.005225}"
ct,"ct:n=24,L=4,t=32,nn=1",1,"{""n"": 24.0, ""L"": 4.0, ""t"": 32.0, ""nn"": 1.0}",cstate,ok,0.004299,0.0104,10878976,0.0,19,-1.038628656636895e-21,1.038628656636895e-21,,"{""n"": 24, ""gates"": 208, ""g2"": 46, ""g3"": 0, ""depth2"": 4, ""t_count"": 32, ""rotations"": 32, ""d"": 19, ""dense_l"": 20.4793, ""redundant"": 13, ""obs_zero"": true, ""frame_l"": 7.7004, ""chi_bits"": 2, ""mps_l"": 11.29, ""hsf_k"": 2, ""hsf_na"": 12, ""hsf_nb"": 12, ""hsf_l"": 26.0715, ""sup"": 24, ""chi_bits0"": 2, ""mps_l0"": 11.29, ""hsf_keff"": 2, ""hsf_l0"": 26.0715, ""sparse_l"": 31.7004, ""sv_l"": 31.7004, ""feat_secs"": 0.005575, ""feat_secs_frame"": 0.000222, ""feat_secs_hsf"": 0.005282}"
ct,"ct:n=24,L=4,t=48,nn=1",1,"{""n"": 24.0, ""L"": 4.0, ""t"": 48.0, ""nn"": 1.0}",cstate,ok,0.029487,0.0333,69746688,0.0,22,1.629876678974486e-20,1.629876678974486e-20,,"{""n"": 24, ""gates"": 240, ""g2"": 46, ""g3"": 0, ""depth2"": 4, ""t_count"": 48, ""rotations"": 48, ""d"": 22, ""dense_l"": 23.9667, ""redundant"": 26, ""obs_zero"": true, ""frame_l"": 7.9069, ""chi_bits"": 2, ""mps_l"": 11.3945, ""hsf_k"": 2, ""hsf_na"": 12, ""hsf_nb"": 12, ""hsf_l"": 26.0821, ""sup"": 24, ""chi_bits0"": 2, ""mps_l0"": 11.3945, ""hsf_keff"": 2, ""hsf_l0"": 26.0821, ""sparse_l"": 31.9069, ""sv_l"": 31.9069, ""feat_secs"": 0.010557, ""feat_secs_frame"": 0.000424, ""feat_secs_hsf"": 0.010021}"
ct,"ct:n=24,L=4,t=64,nn=1",1,"{""n"": 24.0, ""L"": 4.0, ""t"": 64.0, ""nn"": 1.0}",cstate,ok,0.167281,0.1714,138297344,3.038978852458568e-20,23,-2.788855978834784e-19,3.0927538640806407e-19,,"{""n"": 24, ""gates"": 269, ""g2"": 46, ""g3"": 0, ""depth2"": 4, ""t_count"": 64, ""rotations"": 64, ""d"": 23, ""dense_l"": 26.5266, ""redundant"": 41, ""obs_zero"": false, ""frame_l"": 26.5, ""chi_bits"": 2, ""mps_l"": 11.432, ""hsf_k"": 2, ""hsf_na"": 12, ""hsf_nb"": 12, ""hsf_l"": 26.0918, ""sup"": 24, ""chi_bits0"": 2, ""mps_l0"": 11.432, ""hsf_keff"": 2, ""hsf_l0"": 26.0918, ""sparse_l"": 32.0715, ""sv_l"": 32.0715, ""feat_secs"": 0.010551, ""feat_secs_frame"": 0.000453, ""feat_secs_hsf"": 0.009971}"
ct,"ct:n=24,L=8,t=0,nn=1",1,"{""n"": 24.0, ""L"": 8.0, ""t"": 0.0, ""nn"": 1.0}",cstate,ok,0.000168,0.0045,2031616,0.0,0,0.0,0.0,,"{""n"": 24, ""gates"": 288, ""g2"": 92, ""g3"": 0, ""depth2"": 8, ""t_count"": 0, ""rotations"": 0, ""d"": 0, ""dense_l"": 0.0, ""redundant"": 0, ""obs_zero"": true, ""frame_l"": 8.1699, ""chi_bits"": 4, ""mps_l"": 16.4606, ""hsf_k"": 4, ""hsf_na"": 12, ""hsf_nb"": 12, ""hsf_l"": 28.098, ""sup"": 24, ""chi_bits0"": 4, ""mps_l0"": 16.4606, ""hsf_keff"": 4, ""hsf_l0"": 28.098, ""sparse_l"": 32.1699, ""sv_l"": 32.1699, ""feat_secs"": 0.01049, ""feat_secs_frame"": 0.000536, ""feat_secs_hsf"": 0.009829}"
ct,"ct:n=24,L=8,t=2,nn=1",1,"{""n"": 24.0, ""L"": 8.0, ""t"": 2.0, ""nn"": 1.0}",cstate,ok,0.000163,0.0043,2031616,0.0,2,0.0,0.0,,"{""n"": 24, ""gates"": 286, ""g2"": 92, ""g3"": 0, ""depth2"": 8, ""t_count"": 2, ""rotations"": 2, ""d"": 2, ""dense_l"": 2.585, ""redundant"": 0, ""obs_zero"": true, ""frame_l"": 8.1599, ""chi_bits"": 4, ""mps_l"": 16.4731, ""hsf_k"": 4, ""hsf_na"": 12, ""hsf_nb"": 12, ""hsf_l"": 27.0974, ""sup"": 24, ""chi_bits0"": 4, ""mps_l0"": 16.4731, ""hsf_keff"": 3, ""hsf_l0"": 28.0974, ""sparse_l"": 32.1599, ""sv_l"": 32.1599, ""feat_secs"": 0.008931, ""feat_secs_frame"": 0.000548, ""feat_secs_hsf"": 0.008273}"
ct,"ct:n=24,L=8,t=4,nn=1",1,"{""n"": 24.0, ""L"": 8.0, ""t"": 4.0, ""nn"": 1.0}",cstate,ok,0.000165,0.0044,2031616,0.0,4,-1.278437415202756e-18,1.278437415202756e-18,,"{""n"": 24, ""gates"": 291, ""g2"": 92, ""g3"": 0, ""depth2"": 8, ""t_count"": 4, ""rotations"": 4, ""d"": 4, ""dense_l"": 4.9069, ""redundant"": 0, ""obs_zero"": true, ""frame_l"": 8.1849, ""chi_bits"": 4, ""mps_l"": 16.4715, ""hsf_k"": 4, ""hsf_na"": 12, ""hsf_nb"": 12, ""hsf_l"": 27.099, ""sup"": 24, ""chi_bits0"": 4, ""mps_l0"": 16.4715, ""hsf_keff"": 3, ""hsf_l0"": 28.099, ""sparse_l"": 32.1849, ""sv_l"": 32.1849, ""feat_secs"": 0.005642, ""feat_secs_frame"": 0.000311, ""feat_secs_hsf"": 0.005255}"
ct,"ct:n=24,L=8,t=8,nn=1",1,"{""n"": 24.0, ""L"": 8.0, ""t"": 8.0, ""nn"": 1.0}",cstate,ok,0.000209,0.0037,2048000,0.0,7,0.0,0.0,,"{""n"": 24, ""gates"": 296, ""g2"": 92, ""g3"": 0, ""depth2"": 8, ""t_count"": 8, ""rotations"": 8, ""d"": 7, ""dense_l"": 7.9944, ""redundant"": 1, ""obs_zero"": true, ""frame_l"": 8.2095, ""chi_bits"": 4, ""mps_l"": 16.4688, ""hsf_k"": 4, ""hsf_na"": 12, ""hsf_nb"": 12, ""hsf_l"": 28.1007, ""sup"": 24, ""chi_bits0"": 4, ""mps_l0"": 16.4688, ""hsf_keff"": 4, ""hsf_l0"": 28.1007, ""sparse_l"": 32.2095, ""sv_l"": 32.2095, ""feat_secs"": 0.00559, ""feat_secs_frame"": 0.000295, ""feat_secs_hsf"": 0.005223}"
ct,"ct:n=24,L=8,t=12,nn=1",1,"{""n"": 24.0, ""L"": 8.0, ""t"": 12.0, ""nn"": 1.0}",cstate,ok,0.000173,0.0044,2064384,0.0,10,0.0,0.0,,"{""n"": 24, ""gates"": 303, ""g2"": 92, ""g3"": 0, ""depth2"": 8, ""t_count"": 12, ""rotations"": 12, ""d"": 10, ""dense_l"": 11.0, ""redundant"": 2, ""obs_zero"": true, ""frame_l"": 8.2432, ""chi_bits"": 4, ""mps_l"": 16.4743, ""hsf_k"": 4, ""hsf_na"": 12, ""hsf_nb"": 12, ""hsf_l"": 28.103, ""sup"": 24, ""chi_bits0"": 4, ""mps_l0"": 16.4743, ""hsf_keff"": 4, ""hsf_l0"": 28.103, ""sparse_l"": 32.2432, ""sv_l"": 32.2432, ""feat_secs"": 0.005626, ""feat_secs_frame"": 0.000315, ""feat_secs_hsf"": 0.005236}"
ct,"ct:n=24,L=8,t=16,nn=1",1,"{""n"": 24.0, ""L"": 8.0, ""t"": 16.0, ""nn"": 1.0}",cstate,ok,0.000231,0.0044,2129920,0.0,12,3.083729323597687e-21,3.083729323597687e-21,,"{""n"": 24, ""gates"": 303, ""g2"": 92, ""g3"": 0, ""depth2"": 8, ""t_count"": 16, ""rotations"": 16, ""d"": 12, ""dense_l"": 13.4633, ""redundant"": 4, ""obs_zero"": true, ""frame_l"": 8.2432, ""chi_bits"": 4, ""mps_l"": 16.474, ""hsf_k"": 4, ""hsf_na"": 12, ""hsf_nb"": 12, ""hsf_l"": 27.103, ""sup"": 24, ""chi_bits0"": 4, ""mps_l0"": 16.474, ""hsf_keff"": 3, ""hsf_l0"": 28.103, ""sparse_l"": 32.2432, ""sv_l"": 32.2432, ""feat_secs"": 0.005585, ""feat_secs_frame"": 0.000329, ""feat_secs_hsf"": 0.005183}"
ct,"ct:n=24,L=8,t=24,nn=1",1,"{""n"": 24.0, ""L"": 8.0, ""t"": 24.0, ""nn"": 1.0}",cstate,ok,0.000996,0.0063,4472832,0.0,17,0.0,0.0,,"{""n"": 24, ""gates"": 324, ""g2"": 92, ""g3"": 0, ""depth2"": 8, ""t_count"": 24, ""rotations"": 24, ""d"": 17, ""dense_l"": 18.4471, ""redundant"": 7, ""obs_zero"": true, ""frame_l"": 8.3399, ""chi_bits"": 4, ""mps_l"": 16.4778, ""hsf_k"": 4, ""hsf_na"": 12, ""hsf_nb"": 12, ""hsf_l"": 28.1098, ""sup"": 24, ""chi_bits0"": 4, ""mps_l0"": 16.4778, ""hsf_keff"": 4, ""hsf_l0"": 28.1098, ""sparse_l"": 32.3399, ""sv_l"": 32.3399, ""feat_secs"": 0.006098, ""feat_secs_frame"": 0.000316, ""feat_secs_hsf"": 0.00562}"
ct,"ct:n=24,L=8,t=32,nn=1",1,"{""n"": 24.0, ""L"": 8.0, ""t"": 32.0, ""nn"": 1.0}",cstate,ok,0.012208,0.0156,36143104,0.0,21,7.57035696608531e-21,7.57035696608531e-21,,"{""n"": 24, ""gates"": 350, ""g2"": 92, ""g3"": 0, ""depth2"": 8, ""t_count"": 32, ""rotations"": 32, ""d"": 21, ""dense_l"": 22.6475, ""redundant"": 11, ""obs_zero"": true, ""frame_l"": 8.4512, ""chi_bits"": 4, ""mps_l"": 16.5116, ""hsf_k"": 4, ""hsf_na"": 12, ""hsf_nb"": 12, ""hsf_l"": 28.1183, ""sup"": 24, ""chi_bits0"": 4, ""mps_l0"": 16.5116, ""hsf_keff"": 4, ""hsf_l0"": 28.1183, ""sparse_l"": 32.4512, ""sv_l"": 32.4512, ""feat_secs"": 0.006895, ""feat_secs_frame"": 0.000344, ""feat_secs_hsf"": 0.006456}"
ct,"ct:n=24,L=8,t=48,nn=1",1,"{""n"": 24.0, ""L"": 8.0, ""t"": 48.0, ""nn"": 1.0}",cstate,ok,0.128304,0.1332,271269888,-3.816390010882326e-21,24,1.150732309153144e-19,1.1888962092619672e-19,,"{""n"": 24, ""gates"": 381, ""g2"": 92, ""g3"": 0, ""depth2"": 8, ""t_count"": 48, ""rotations"": 48, ""d"": 24, ""dense_l"": 25.5968, ""redundant"": 24, ""obs_zero"": false, ""frame_l"": 17.585, ""chi_bits"": 4, ""mps_l"": 16.5297, ""hsf_k"": 4, ""hsf_na"": 12, ""hsf_nb"": 12, ""hsf_l"": 28.1283, ""sup"": 24, ""chi_bits0"": 4, ""mps_l0"": 16.5297, ""hsf_keff"": 4, ""hsf_l0"": 28.1283, ""sparse_l"": 32.5736, ""sv_l"": 32.5736, ""feat_secs"": 0.00763, ""feat_secs_frame"": 0.000592, ""feat_secs_hsf"": 0.006886}"
ct,"ct:n=24,L=8,t=64,nn=1",1,"{""n"": 24.0, ""L"": 8.0, ""t"": 64.0, ""nn"": 1.0}",cstate,ok,0.270241,0.2745,271958016,-4.911681327885626e-18,24,-7.656987591637988e-19,4.1459825687218275e-18,,"{""n"": 24, ""gates"": 398, ""g2"": 92, ""g3"": 0, ""depth2"": 8, ""t_count"": 64, ""rotations"": 64, ""d"": 24, ""dense_l"": 27.1737, ""redundant"": 40, ""obs_zero"": false, ""frame_l"": 26.0, ""chi_bits"": 4, ""mps_l"": 16.5186, ""hsf_k"": 4, ""hsf_na"": 12, ""hsf_nb"": 12, ""hsf_l"": 28.1338, ""sup"": 24, ""chi_bits0"": 4, ""mps_l0"": 16.5186, ""hsf_keff"": 4, ""hsf_l0"": 28.1338, ""sparse_l"": 32.6366, ""sv_l"": 32.6366, ""feat_secs"": 0.007576, ""feat_secs_frame"": 0.00049, ""feat_secs_hsf"": 0.006964}"
ct,"ct:n=24,L=16,t=0,nn=1",1,"{""n"": 24.0, ""L"": 16.0, ""t"": 0.0, ""nn"": 1.0}",cstate,ok,0.000286,0.0058,2179072,0.0,0,0.0,0.0,,"{""n"": 24, ""gates"": 547, ""g2"": 184, ""g3"": 0, ""depth2"": 16, ""t_count"": 0, ""rotations"": 0, ""d"": 0, ""dense_l"": 0.0, ""redundant"": 0, ""obs_zero"": true, ""frame_l"": 9.0954, ""chi_bits"": 8, ""mps_l"": 27.4588, ""hsf_k"": 8, ""hsf_na"": 12, ""hsf_nb"": 12, ""hsf_l"": 31.1808, ""sup"": 24, ""chi_bits0"": 8, ""mps_l0"": 27.4588, ""hsf_keff"": 7, ""hsf_l0"": 32.1808, ""sparse_l"": 33.0954, ""sv_l"": 33.0954, ""feat_secs"": 0.006653, ""feat_secs_frame"": 0.000737, ""feat_secs_hsf"": 0.005752}"
ct,"ct:n=24,L=16,t=2,nn=1",1,"{""n"": 24.0, ""L"": 16.0, ""t"": 2.0, ""nn"": 1.0}",cstate,ok,0.000276,0.0044,2162688,0.0,2,0.0,0.0,,"{""n"": 24, ""gates"": 549, ""g2"": 184, ""g3"": 0, ""depth2"": 16, ""t_count"": 2, ""rotations"": 2, ""d"": 2, ""dense_l"": 2.585, ""redundant"": 0, ""obs_zero"": true, ""frame_l"": 9.1007, ""chi_bits"": 8, ""mps_l"": 27.4594, ""hsf_k"": 8, ""hsf_na"": 12, ""hsf_nb"": 12, ""hsf_l"": 31.1815, ""sup"": 24, ""chi_bits0"": 8, ""mps_l0"": 27.4594, ""hsf_keff"": 7, ""hsf_l0"": 32.1815, ""sparse_l"": 33.1007, ""sv_l"": 33.1007, ""feat_secs"": 0.00613, ""feat_secs_frame"": 0.000542, ""feat_secs_hsf"": 0.005464}"
ct,"ct:n=24,L=16,t=4,nn=1",1,"{""n"": 24.0, ""L"": 16.0, ""t"": 4.0, ""nn"": 1.0}",cstate,ok,0.000328,0.0037,2162688,0.0,4,0.0,0.0,,"{""n"": 24, ""gates"": 552, ""g2"": 184, ""g3"": 0, ""depth2"": 16, ""t_count"": 4, ""rotations"": 4, ""d"": 4, ""dense_l"": 4.9069, ""redundant"": 0, ""obs_zero"": true, ""frame_l"": 9.1085, ""chi_bits"": 8, ""mps_l"": 27.4592, ""hsf_k"": 8, ""hsf_na"": 12, ""hsf_nb"": 12, ""hsf_l"": 31.1824, ""sup"": 24, ""chi_bits0"": 8, ""mps_l0"": 27.4592, ""hsf_keff"": 7, ""hsf_l0"": 32.1824, ""sparse_l"": 33.1085, ""sv_l"": 33.1085, ""feat_secs"": 0.006168, ""feat_secs_frame"": 0.000562, ""feat_secs_hsf"": 0.005463}"
ct,"ct:n=24,L=16,t=8,nn=1",1,"{""n"": 24.0, ""L"": 16.0, ""t"": 8.0, ""nn"": 1.0}",cstate,ok,0.000271,0.0044,2162688,0.0,8,0.0,0.0,,"{""n"": 24, ""gates"": 555, ""g2"": 184, ""g3"": 0, ""depth2"": 16, ""t_count"": 8, ""rotations"": 8, ""d"": 8, ""dense_l"": 8.9944, ""redundant"": 0, ""obs_zero"": true, ""frame_l"": 9.1163, ""chi_bits"": 8, ""mps_l"": 27.4605, ""hsf_k"": 8, ""hsf_na"": 12, ""hsf_nb"": 12, ""hsf_l"": 31.1833, ""sup"": 24, ""chi_bits0"": 8, ""mps_l0"": 27.4605, ""hsf_keff"": 7, ""hsf_l0"": 32.1833, ""sparse_l"": 33.1163, ""sv_l"": 33.1163, ""feat_secs"": 0.006085, ""feat_secs_frame"": 0.000592, ""feat_secs_hsf"": 0.005363}"
ct,"ct:n=24,L=16,t=12,nn=1",1,"{""n"": 24.0, ""L"": 16.0, ""t"": 12.0, ""nn"": 1.0}",cstate,ok,0.000286,0.0042,2179072,0.0,9,1.323488980084844e-23,1.323488980084844e-23,,"{""n"": 24, ""gates"": 568, ""g2"": 184, ""g3"": 0, ""depth2"": 16, ""t_count"": 12, ""rotations"": 12, ""d"": 9, ""dense_l"": 10.0362, ""redundant"": 3, ""obs_zero"": true, ""frame_l"": 9.1497, ""chi_bits"": 8, ""mps_l"": 27.4612, ""hsf_k"": 8, ""hsf_na"": 12, ""hsf_nb"": 12, ""hsf_l"": 32.1874, ""sup"": 24, ""chi_bits0"": 8, ""mps_l0"": 27.4612, ""hsf_keff"": 8, ""hsf_l0"": 32.1874, ""sparse_l"": 33.1497, ""sv_l"": 33.1497, ""feat_secs"": 0.006196, ""feat_secs_frame"": 0.000678, ""feat_secs_hsf"": 0.005389}"
ct,"ct:n=24,L=16,t=16,nn=1",1,"{""n"": 24.0, ""L"": 16.0, ""t"": 16.0, ""nn"": 1.0}",cstate,ok,0.000418,0.0045,2703360,0.0,14,2.70720239563026e-19,2.70720239563026e-19,,"{""n"": 24, ""gates"": 563, ""g2"": 184, ""g3"": 0, ""depth2"": 16, ""t_count"": 16, ""rotations"": 16, ""d"": 14, ""dense_l"": 15.0028, ""redundant"": 2, ""obs_zero"": true, ""frame_l"": 9.137, ""chi_bits"": 8, ""mps_l"": 27.4625, ""hsf_k"": 8, ""hsf_na"": 12, ""hsf_nb"": 12, ""hsf_l"": 31.1858, ""sup"": 24, ""chi_bits0"": 8, ""mps_l0"": 27.4625, ""hsf_keff"": 7, ""hsf_l0"": 32.1858, ""sparse_l"": 33.137, ""sv_l"": 33.137, ""feat_secs"": 0.00609, ""feat_secs_frame"": 0.000559, ""feat_secs_hsf"": 0.005388}"
ct,"ct:n=24,L=16,t=24,nn=1",1,"{""n"": 24.0, ""L"": 16.0, ""t"": 24.0, ""nn"": 1.0}",cstate,ok,0.004531,0.0105,19283968,0.0,20,1.418449314405932e-20,1.418449314405932e-20,,"{""n"": 24, ""gates"": 597, ""g2"": 184, ""g3"": 0, ""depth2"": 16, ""t_count"": 24, ""rotations"": 24, ""d"": 20, ""dense_l"": 21.0029, ""redundant"": 4, ""obs_zero"": true, ""frame_l"": 9.2216, ""chi_bits"": 8, ""mps_l"": 27.4617, ""hsf_k"": 8, ""hsf_na"": 12, ""hsf_nb"": 12, ""hsf_l"": 31.1963, ""sup"": 24, ""chi_bits0"": 8, ""mps_l0"": 27.4617, ""hsf_keff"": 7, ""hsf_l0"": 32.1963, ""sparse_l"": 33.2216, ""sv_l"": 33.2216, ""feat_secs"": 0.006009, ""feat_secs_frame"": 0.000613, ""feat_secs_hsf"": 0.005259}"
ct,"ct:n=24,L=16,t=32,nn=1",1,"{""n"": 24.0, ""L"": 16.0, ""t"": 32.0, ""nn"": 1.0}",cstate,ok,0.025122,0.0295,69844992,0.0,22,-4.774296244115189e-19,4.774296244115189e-19,,"{""n"": 24, ""gates"": 623, ""g2"": 184, ""g3"": 0, ""depth2"": 16, ""t_count"": 32, ""rotations"": 32, ""d"": 22, ""dense_l"": 23.5869, ""redundant"": 10, ""obs_zero"": true, ""frame_l"": 9.2831, ""chi_bits"": 8, ""mps_l"": 27.4623, ""hsf_k"": 8, ""hsf_na"": 12, ""hsf_nb"": 12, ""hsf_l"": 32.2043, ""sup"": 24, ""chi_bits0"": 8, ""mps_l0"": 27.4623, ""hsf_keff"": 8, ""hsf_l0"": 32.2043, ""sparse_l"": 33.2831, ""sv_l"": 33.2831, ""feat_secs"": 0.006342, ""feat_secs_frame"": 0.000679, ""feat_secs_hsf"": 0.005504}"
ct,"ct:n=24,L=16,t=48,nn=1",1,"{""n"": 24.0, ""L"": 16.0, ""t"": 48.0, ""nn"": 1.0}",cstate,ok,0.011203,0.0158,19447808,0.0,20,-2.575774253041124e-19,2.575774253041124e-19,,"{""n"": 24, ""gates"": 642, ""g2"": 184, ""g3"": 0, ""depth2"": 16, ""t_count"": 48, ""rotations"": 48, ""d"": 20, ""dense_l"": 22.5186, ""redundant"": 28, ""obs_zero"": true, ""frame_l"": 9.3264, ""chi_bits"": 8, ""mps_l"": 27.4623, ""hsf_k"": 8, ""hsf_na"": 12, ""hsf_nb"": 12, ""hsf_l"": 32.2101, ""sup"": 24, ""chi_bits0"": 8, ""mps_l0"": 27.4623, ""hsf_keff"": 8, ""hsf_l0"": 32.2101, ""sparse_l"": 33.3264, ""sv_l"": 33.3264, ""feat_secs"": 0.006375, ""feat_secs_frame"": 0.000647, ""feat_secs_hsf"": 0.00558}"
ct,"ct:n=24,L=16,t=64,nn=1",1,"{""n"": 24.0, ""L"": 16.0, ""t"": 64.0, ""nn"": 1.0}",cstate,ok,0.504567,0.5094,271564800,-0.0002101704842347689,24,-0.0002101704842347554,1.349831704744453e-17,,"{""n"": 24, ""gates"": 666, ""g2"": 184, ""g3"": 0, ""depth2"": 16, ""t_count"": 64, ""rotations"": 64, ""d"": 24, ""dense_l"": 28.12, ""redundant"": 40, ""obs_zero"": false, ""frame_l"": 26.0, ""chi_bits"": 8, ""mps_l"": 27.4658, ""hsf_k"": 8, ""hsf_na"": 12, ""hsf_nb"": 12, ""hsf_l"": 32.2174, ""sup"": 24, ""chi_bits0"": 8, ""mps_l0"": 27.4658, ""hsf_keff"": 8, ""hsf_l0"": 32.2174, ""sparse_l"": 33.3794, ""sv_l"": 33.3794, ""feat_secs"": 0.006371, ""feat_secs_frame"": 0.0007, ""feat_secs_hsf"": 0.005515}"
ct,"ct:n=24,L=32,t=0,nn=1",1,"{""n"": 24.0, ""L"": 32.0, ""t"": 0.0, ""nn"": 1.0}",cstate,ok,0.000499,0.0044,2211840,0.0,0,0.0,0.0,,"{""n"": 24, ""gates"": 1126, ""g2"": 368, ""g3"": 0, ""depth2"": 32, ""t_count"": 0, ""rotations"": 0, ""d"": 0, ""dense_l"": 0.0, ""redundant"": 0, ""obs_zero"": true, ""frame_l"": 10.137, ""chi_bits"": 12, ""mps_l"": 38.796, ""hsf_k"": 16, ""hsf_na"": 12, ""hsf_nb"": 12, ""hsf_l"": 39.3504, ""sup"": 24, ""chi_bits0"": 12, ""mps_l0"": 38.796, ""hsf_keff"": 15, ""hsf_l0"": 40.3504, ""sparse_l"": 34.137, ""sv_l"": 34.137, ""feat_secs"": 0.006776, ""feat_secs_frame"": 0.001104, ""feat_secs_hsf"": 0.005427}"
ct,"ct:n=24,L=32,t=2,nn=1",1,"{""n"": 24.0, ""L"": 32.0, ""t"": 2.0, ""nn"": 1.0}",cstate,ok,0.000518,0.0071,2228224,0.0,2,0.0,0.0,,"{""n"": 24, ""gates"": 1125, ""g2"": 368, ""g3"": 0, ""depth2"": 32, ""t_count"": 2, ""rotations"": 2, ""d"": 2, ""dense_l"": 2.585, ""redundant"": 0, ""obs_zero"": true, ""frame_l"": 10.1357, ""chi_bits"": 12, ""mps_l"": 38.796, ""hsf_k"": 16, ""hsf_na"": 12, ""hsf_nb"": 12, ""hsf_l"": 38.3501, ""sup"": 24, ""chi_bits0"": 12, ""mps_l0"": 38.796, ""hsf_keff"": 14, ""hsf_l0"": 40.3501, ""sparse_l"": 34.1357, ""sv_l"": 34.1357, ""feat_secs"": 0.006775, ""feat_secs_frame"": 0.001073, ""feat_secs_hsf"": 0.005452}"
ct,"ct:n=24,L=32,t=4,nn=1",1,"{""n"": 24.0, ""L"": 32.0, ""t"": 4.0, ""nn"": 1.0}",cstate,ok,0.000577,0.0067,2211840,0.0,4,-2.858736196983264e-21,2.858736196983264e-21,,"{""n"": 24, ""gates"": 1129, ""g2"": 368, ""g3"": 0, ""depth2"": 32, ""t_count"": 4, ""rotations"": 4, ""d"": 4, ""dense_l"": 4.9069, ""redundant"": 0, ""obs_zero"": true, ""frame_l"": 10.1408, ""chi_bits"": 12, ""mps_l"": 38.796, ""hsf_k"": 16, ""hsf_na"": 12, ""hsf_nb"": 12, ""hsf_l"": 39.3512, ""sup"": 24, ""chi_bits0"": 12, ""mps_l0"": 38.796, ""hsf_keff"": 15, ""hsf_l0"": 40.3512, ""sparse_l"": 34.1408, ""sv_l"": 34.1408, ""feat_secs"": 0.008783, ""feat_secs_frame"": 0.001434, ""feat_secs_hsf"": 0.007023}"
ct,"ct:n=24,L=32,t=8,nn=1",1,"{""n"": 24.0, ""L"": 32.0, ""t"": 8.0, ""nn"": 1.0}",cstate,ok,0.000486,0.0045,2211840,0.0,8,-3.143286327701505e-22,3.143286327701505e-22,,"{""n"": 24, ""gates"": 1122, ""g2"": 368, ""g3"": 0, ""depth2"": 32, ""t_count"": 8, ""rotations"": 8, ""d"": 8, ""dense_l"": 8.9944, ""redundant"": 0, ""obs_zero"": true, ""frame_l"": 10.1319, ""chi_bits"": 12, ""mps_l"": 38.7963, ""hsf_k"": 16, ""hsf_na"": 12, ""hsf_nb"": 12, ""hsf_l"": 39.3493, ""sup"": 24, ""chi_bits0"": 12, ""mps_l0"": 38.7963, ""hsf_keff"": 15, ""hsf_l0"": 40.3493, ""sparse_l"": 34.1319, ""sv_l"": 34.1319, ""feat_secs"": 0.009099, ""feat_secs_frame"": 0.001483, ""feat_secs_hsf"": 0.007313}"
ct,"ct:n=24,L=32,t=12,nn=1",1,"{""n"": 24.0, ""L"": 32.0, ""t"": 12.0, ""nn"": 1.0}",cstate,ok,0.000514,0.0046,2293760,0.0,12,2.398492904158759e-20,2.398492904158759e-20,,"{""n"": 24, ""gates"": 1128, ""g2"": 368, ""g3"": 0, ""depth2"": 32, ""t_count"": 12, ""rotations"": 12, ""d"": 12, ""dense_l"": 12.9996, ""redundant"": 0, ""obs_zero"": true, ""frame_l"": 10.1396, ""chi_bits"": 12, ""mps_l"": 38.7961, ""hsf_k"": 16, ""hsf_na"": 12, ""hsf_nb"": 12, ""hsf_l"": 39.3509, ""sup"": 24, ""chi_bits0"": 12, ""mps_l0"": 38.7961, ""hsf_keff"": 15, ""hsf_l0"": 40.3509, ""sparse_l"": 34.1396, ""sv_l"": 34.1396, ""feat_secs"": 0.007, ""feat_secs_frame"": 0.001151, ""feat_secs_hsf"": 0.005453}"
ct,"ct:n=24,L=32,t=16,nn=1",1,"{""n"": 24.0, ""L"": 32.0, ""t"": 16.0, ""nn"": 1.0}",cstate,ok,0.000844,0.0044,3555328,0.0,16,-3.484219156922892e-20,3.484219156922892e-20,,"{""n"": 24, ""gates"": 1129, ""g2"": 368, ""g3"": 0, ""depth2"": 32, ""t_count"": 16, ""rotations"": 16, ""d"": 16, ""dense_l"": 17.0, ""redundant"": 0, ""obs_zero"": true, ""frame_l"": 10.1408, ""chi_bits"": 12, ""mps_l"": 38.7962, ""hsf_k"": 16, ""hsf_na"": 12, ""hsf_nb"": 12, ""hsf_l"": 38.3512, ""sup"": 24, ""chi_bits0"": 12, ""mps_l0"": 38.7962, ""hsf_keff"": 14, ""hsf_l0"": 40.3512, ""sparse_l"": 34.1408, ""sv_l"": 34.1408, ""feat_secs"": 0.006814, ""feat_secs_frame"": 0.001114, ""feat_secs_hsf"": 0.005392}"
ct,"ct:n=24,L=32,t=24,nn=1",1,"{""n"": 24.0, ""L"": 32.0, ""t"": 24.0, ""nn"": 1.0}",cstate,ok,0.010914,0.0174,36126720,0.0,21,-9.883815703273617e-19,9.883815703273617e-19,,"{""n"": 24, ""gates"": 1165, ""g2"": 368, ""g3"": 0, ""depth2"": 32, ""t_count"": 24, ""rotations"": 24, ""d"": 21, ""dense_l"": 22.3404, ""redundant"": 3, ""obs_zero"": true, ""frame_l"": 10.1861, ""chi_bits"": 12, ""mps_l"": 38.796, ""hsf_k"": 16, ""hsf_na"": 12, ""hsf_nb"": 12, ""hsf_l"": 39.3611, ""sup"": 24, ""chi_bits0"": 12, ""mps_l0"": 38.796, ""hsf_keff"": 15, ""hsf_l0"": 40.3611, ""sparse_l"": 34.1861, ""sv_l"": 34.1861, ""feat_secs"": 0.007034, ""feat_secs_frame"": 0.001121, ""feat_secs_hsf"": 0.005646}"
ct,"ct:n=24,L=32,t=32,nn=1",1,"{""n"": 24.0, ""L"": 32.0, ""t"": 32.0, ""nn"": 1.0}",cstate,ok,0.077541,0.0819,137674752,5.55910866569325e-20,23,-5.94603894082718e-19,6.501949807396505e-19,,"{""n"": 24, ""gates"": 1207, ""g2"": 368, ""g3"": 0, ""depth2"": 32, ""t_count"": 32, ""rotations"": 32, ""d"": 23, ""dense_l"": 25.0255, ""redundant"": 9, ""obs_zero"": false, ""frame_l"": 9.5, ""chi_bits"": 12, ""mps_l"": 38.7962, ""hsf_k"": 16, ""hsf_na"": 12, ""hsf_nb"": 12, ""hsf_l"": 39.3726, ""sup"": 24, ""chi_bits0"": 12, ""mps_l0"": 38.7962, ""hsf_keff"": 15, ""hsf_l0"": 40.3726, ""sparse_l"": 34.2372, ""sv_l"": 34.2372, ""feat_secs"": 0.007121, ""feat_secs_frame"": 0.00131, ""feat_secs_hsf"": 0.005502}"
ct,"ct:n=24,L=32,t=48,nn=1",1,"{""n"": 24.0, ""L"": 32.0, ""t"": 48.0, ""nn"": 1.0}",cstate,ok,0.366766,0.3736,271450112,9.155273437500404e-05,24,9.15527343749858e-05,1.8241701552068612e-17,,"{""n"": 24, ""gates"": 1214, ""g2"": 368, ""g3"": 0, ""depth2"": 32, ""t_count"": 48, ""rotations"": 48, ""d"": 24, ""dense_l"": 27.7013, ""redundant"": 24, ""obs_zero"": false, ""frame_l"": 17.585, ""chi_bits"": 12, ""mps_l"": 38.7962, ""hsf_k"": 16, ""hsf_na"": 12, ""hsf_nb"": 12, ""hsf_l"": 40.3745, ""sup"": 24, ""chi_bits0"": 12, ""mps_l0"": 38.7962, ""hsf_keff"": 16, ""hsf_l0"": 40.3745, ""sparse_l"": 34.2456, ""sv_l"": 34.2456, ""feat_secs"": 0.007065, ""feat_secs_frame"": 0.001141, ""feat_secs_hsf"": 0.005632}"
ct,"ct:n=24,L=32,t=64,nn=1",1,"{""n"": 24.0, ""L"": 32.0, ""t"": 64.0, ""nn"": 1.0}",cstate,ok,0.480956,0.4851,137019392,0.0,23,-6.391260633727722e-19,6.391260633727722e-19,,"{""n"": 24, ""gates"": 1229, ""g2"": 368, ""g3"": 0, ""depth2"": 32, ""t_count"": 64, ""rotations"": 64, ""d"": 23, ""dense_l"": 28.2288, ""redundant"": 41, ""obs_zero"": true, ""frame_l"": 10.2633, ""chi_bits"": 12, ""mps_l"": 38.796, ""hsf_k"": 16, ""hsf_na"": 12, ""hsf_nb"": 12, ""hsf_l"": 40.3786, ""sup"": 24, ""chi_bits0"": 12, ""mps_l0"": 38.796, ""hsf_keff"": 16, ""hsf_l0"": 40.3786, ""sparse_l"": 34.2633, ""sv_l"": 34.2633, ""feat_secs"": 0.00731, ""feat_secs_frame"": 0.001202, ""feat_secs_hsf"": 0.005848}"
