family,spec,seed,params,engine,status,secs,wall,rss,value,size,ref,abs_err,note,features
ct,"ct:n=24,L=1,t=0,nn=1",1,"{""n"": 24.0, ""L"": 1.0, ""t"": 0.0, ""nn"": 1.0}",sv,ok,0.289852,0.2959,271630336,2.276824562219559e-18,16777216,2.276824562219559e-18,0.0,,"{""n"": 24, ""gates"": 36, ""g2"": 12, ""g3"": 0, ""depth2"": 1, ""t_count"": 0, ""rotations"": 0, ""d"": 0, ""dense_l"": 0.0, ""redundant"": 0, ""obs_zero"": true, ""frame_l"": 5.1699, ""chi_bits"": 1, ""mps_l"": 6.9069, ""hsf_k"": 0, ""hsf_na"": 12, ""hsf_nb"": 12, ""hsf_l"": 24.0126, ""sup"": 12, ""chi_bits0"": 1, ""mps_l0"": 6.9069, ""hsf_keff"": 0, ""hsf_l0"": 24.0126, ""sparse_l"": 17.1699, ""sv_l"": 29.1699, ""feat_secs"": 0.002902, ""feat_secs_frame"": 5.9e-05, ""feat_secs_hsf"": 0.002814}"
ct,"ct:n=24,L=1,t=0,nn=1",1,"{""n"": 24.0, ""L"": 1.0, ""t"": 0.0, ""nn"": 1.0}",sparse,ok,0.000883,0.0072,2441216,-5.421010862427522e-19,4096,2.276824562219559e-18,2.818925648462311e-18,,"{""n"": 24, ""gates"": 36, ""g2"": 12, ""g3"": 0, ""depth2"": 1, ""t_count"": 0, ""rotations"": 0, ""d"": 0, ""dense_l"": 0.0, ""redundant"": 0, ""obs_zero"": true, ""frame_l"": 5.1699, ""chi_bits"": 1, ""mps_l"": 6.9069, ""hsf_k"": 0, ""hsf_na"": 12, ""hsf_nb"": 12, ""hsf_l"": 24.0126, ""sup"": 12, ""chi_bits0"": 1, ""mps_l0"": 6.9069, ""hsf_keff"": 0, ""hsf_l0"": 24.0126, ""sparse_l"": 17.1699, ""sv_l"": 29.1699, ""feat_secs"": 0.002902, ""feat_secs_frame"": 5.9e-05, ""feat_secs_hsf"": 0.002814}"
ct,"ct:n=24,L=1,t=0,nn=1",1,"{""n"": 24.0, ""L"": 1.0, ""t"": 0.0, ""nn"": 1.0}",mps,ok,0.000145,0.0047,2293760,0.0,2,2.276824562219559e-18,2.276824562219559e-18,,"{""n"": 24, ""gates"": 36, ""g2"": 12, ""g3"": 0, ""depth2"": 1, ""t_count"": 0, ""rotations"": 0, ""d"": 0, ""dense_l"": 0.0, ""redundant"": 0, ""obs_zero"": true, ""frame_l"": 5.1699, ""chi_bits"": 1, ""mps_l"": 6.9069, ""hsf_k"": 0, ""hsf_na"": 12, ""hsf_nb"": 12, ""hsf_l"": 24.0126, ""sup"": 12, ""chi_bits0"": 1, ""mps_l0"": 6.9069, ""hsf_keff"": 0, ""hsf_l0"": 24.0126, ""sparse_l"": 17.1699, ""sv_l"": 29.1699, ""feat_secs"": 0.002902, ""feat_secs_frame"": 5.9e-05, ""feat_secs_hsf"": 0.002814}"
ct,"ct:n=24,L=1,t=0,nn=1",1,"{""n"": 24.0, ""L"": 1.0, ""t"": 0.0, ""nn"": 1.0}",hsf,ok,0.067063,0.0729,271220736,1.951563910473908e-18,1,2.276824562219559e-18,3.2526065174565095e-19,,"{""n"": 24, ""gates"": 36, ""g2"": 12, ""g3"": 0, ""depth2"": 1, ""t_count"": 0, ""rotations"": 0, ""d"": 0, ""dense_l"": 0.0, ""redundant"": 0, ""obs_zero"": true, ""frame_l"": 5.1699, ""chi_bits"": 1, ""mps_l"": 6.9069, ""hsf_k"": 0, ""hsf_na"": 12, ""hsf_nb"": 12, ""hsf_l"": 24.0126, ""sup"": 12, ""chi_bits0"": 1, ""mps_l0"": 6.9069, ""hsf_keff"": 0, ""hsf_l0"": 24.0126, ""sparse_l"": 17.1699, ""sv_l"": 29.1699, ""feat_secs"": 0.002902, ""feat_secs_frame"": 5.9e-05, ""feat_secs_hsf"": 0.002814}"
ct,"ct:n=24,L=1,t=0,nn=1",1,"{""n"": 24.0, ""L"": 1.0, ""t"": 0.0, ""nn"": 1.0}",tableau,ok,4.6e-05,0.0047,1998848,-0.0,0,2.276824562219559e-18,2.276824562219559e-18,value recomputed after the C-vs-C† fix (timing from the original run),"{""n"": 24, ""gates"": 36, ""g2"": 12, ""g3"": 0, ""depth2"": 1, ""t_count"": 0, ""rotations"": 0, ""d"": 0, ""dense_l"": 0.0, ""redundant"": 0, ""obs_zero"": true, ""frame_l"": 5.1699, ""chi_bits"": 1, ""mps_l"": 6.9069, ""hsf_k"": 0, ""hsf_na"": 12, ""hsf_nb"": 12, ""hsf_l"": 24.0126, ""sup"": 12, ""chi_bits0"": 1, ""mps_l0"": 6.9069, ""hsf_keff"": 0, ""hsf_l0"": 24.0126, ""sparse_l"": 17.1699, ""sv_l"": 29.1699, ""feat_secs"": 0.002902, ""feat_secs_frame"": 5.9e-05, ""feat_secs_hsf"": 0.002814}"
ct,"ct:n=24,L=1,t=0,nn=1",1,"{""n"": 24.0, ""L"": 1.0, ""t"": 0.0, ""nn"": 1.0}",cstate,ok,6.2e-05,0.0077,1933312,0.0,0,2.276824562219559e-18,2.276824562219559e-18,,"{""n"": 24, ""gates"": 36, ""g2"": 12, ""g3"": 0, ""depth2"": 1, ""t_count"": 0, ""rotations"": 0, ""d"": 0, ""dense_l"": 0.0, ""redundant"": 0, ""obs_zero"": true, ""frame_l"": 5.1699, ""chi_bits"": 1, ""mps_l"": 6.9069, ""hsf_k"": 0, ""hsf_na"": 12, ""hsf_nb"": 12, ""hsf_l"": 24.0126, ""sup"": 12, ""chi_bits0"": 1, ""mps_l0"": 6.9069, ""hsf_keff"": 0, ""hsf_l0"": 24.0126, ""sparse_l"": 17.1699, ""sv_l"": 29.1699, ""feat_secs"": 0.002902, ""feat_secs_frame"": 5.9e-05, ""feat_secs_hsf"": 0.002814}"
ct,"ct:n=24,L=1,t=0,nn=1",1,"{""n"": 24.0, ""L"": 1.0, ""t"": 0.0, ""nn"": 1.0}",frame,ok,7.6e-05,0.0045,2113536,-0.0,0,2.276824562219559e-18,2.276824562219559e-18,switched_at=None dense_qubits=0 peak_terms=0 term_visits=0 dense_ops=0,"{""n"": 24, ""gates"": 36, ""g2"": 12, ""g3"": 0, ""depth2"": 1, ""t_count"": 0, ""rotations"": 0, ""d"": 0, ""dense_l"": 0.0, ""redundant"": 0, ""obs_zero"": true, ""frame_l"": 5.1699, ""chi_bits"": 1, ""mps_l"": 6.9069, ""hsf_k"": 0, ""hsf_na"": 12, ""hsf_nb"": 12, ""hsf_l"": 24.0126, ""sup"": 12, ""chi_bits0"": 1, ""mps_l0"": 6.9069, ""hsf_keff"": 0, ""hsf_l0"": 24.0126, ""sparse_l"": 17.1699, ""sv_l"": 29.1699, ""feat_secs"": 0.002902, ""feat_secs_frame"": 5.9e-05, ""feat_secs_hsf"": 0.002814}"
ct,"ct:n=24,L=1,t=0,nn=1",1,"{""n"": 24.0, ""L"": 1.0, ""t"": 0.0, ""nn"": 1.0}",dense,ok,7.8e-05,0.0045,2113536,-0.0,0,2.276824562219559e-18,2.276824562219559e-18,switched_at=None dense_qubits=0 peak_terms=0 term_visits=0 dense_ops=0,"{""n"": 24, ""gates"": 36, ""g2"": 12, ""g3"": 0, ""depth2"": 1, ""t_count"": 0, ""rotations"": 0, ""d"": 0, ""dense_l"": 0.0, ""redundant"": 0, ""obs_zero"": true, ""frame_l"": 5.1699, ""chi_bits"": 1, ""mps_l"": 6.9069, ""hsf_k"": 0, ""hsf_na"": 12, ""hsf_nb"": 12, ""hsf_l"": 24.0126, ""sup"": 12, ""chi_bits0"": 1, ""mps_l0"": 6.9069, ""hsf_keff"": 0, ""hsf_l0"": 24.0126, ""sparse_l"": 17.1699, ""sv_l"": 29.1699, ""feat_secs"": 0.002902, ""feat_secs_frame"": 5.9e-05, ""feat_secs_hsf"": 0.002814}"
ct,"ct:n=24,L=1,t=0,nn=1",1,"{""n"": 24.0, ""L"": 1.0, ""t"": 0.0, ""nn"": 1.0}",auto,ok,7.6e-05,0.0045,2113536,-0.0,0,2.276824562219559e-18,2.276824562219559e-18,switched_at=None dense_qubits=0 peak_terms=0 term_visits=0 dense_ops=0,"{""n"": 24, ""gates"": 36, ""g2"": 12, ""g3"": 0, ""depth2"": 1, ""t_count"": 0, ""rotations"": 0, ""d"": 0, ""dense_l"": 0.0, ""redundant"": 0, ""obs_zero"": true, ""frame_l"": 5.1699, ""chi_bits"": 1, ""mps_l"": 6.9069, ""hsf_k"": 0, ""hsf_na"": 12, ""hsf_nb"": 12, ""hsf_l"": 24.0126, ""sup"": 12, ""chi_bits0"": 1, ""mps_l0"": 6.9069, ""hsf_keff"": 0, ""hsf_l0"": 24.0126, ""sparse_l"": 17.1699, ""sv_l"": 29.1699, ""feat_secs"": 0.002902, ""feat_secs_frame"": 5.9e-05, ""feat_secs_hsf"": 0.002814}"
ct,"ct:n=24,L=1,t=2,nn=1",1,"{""n"": 24.0, ""L"": 1.0, ""t"": 2.0, ""nn"": 1.0}",sv,ok,0.299107,0.3049,272187392,1.13841228110978e-18,16777216,1.13841228110978e-18,0.0,,"{""n"": 24, ""gates"": 40, ""g2"": 12, ""g3"": 0, ""depth2"": 1, ""t_count"": 2, ""rotations"": 2, ""d"": 1, ""dense_l"": 1.585, ""redundant"": 1, ""obs_zero"": true, ""frame_l"": 5.3219, ""chi_bits"": 1, ""mps_l"": 6.9542, ""hsf_k"": 0, ""hsf_na"": 12, ""hsf_nb"": 12, ""hsf_l"": 24.014, ""sup"": 13, ""chi_bits0"": 1, ""mps_l0"": 6.9542, ""hsf_keff"": 0, ""hsf_l0"": 24.014, ""sparse_l"": 18.3219, ""sv_l"": 29.3219, ""feat_secs"": 0.003519, ""feat_secs_frame"": 8.3e-05, ""feat_secs_hsf"": 0.003404}"
ct,"ct:n=24,L=1,t=2,nn=1",1,"{""n"": 24.0, ""L"": 1.0, ""t"": 2.0, ""nn"": 1.0}",sparse,ok,0.001847,0.0075,3702784,1.92445885616177e-17,8192,1.13841228110978e-18,1.810617628050792e-17,,"{""n"": 24, ""gates"": 40, ""g2"": 12, ""g3"": 0, ""depth2"": 1, ""t_count"": 2, ""rotations"": 2, ""d"": 1, ""dense_l"": 1.585, ""redundant"": 1, ""obs_zero"": true, ""frame_l"": 5.3219, ""chi_bits"": 1, ""mps_l"": 6.9542, ""hsf_k"": 0, ""hsf_na"": 12, ""hsf_nb"": 12, ""hsf_l"": 24.014, ""sup"": 13, ""chi_bits0"": 1, ""mps_l0"": 6.9542, ""hsf_keff"": 0, ""hsf_l0"": 24.014, ""sparse_l"": 18.3219, ""sv_l"": 29.3219, ""feat_secs"": 0.003519, ""feat_secs_frame"": 8.3e-05, ""feat_secs_hsf"": 0.003404}"
ct,"ct:n=24,L=1,t=2,nn=1",1,"{""n"": 24.0, ""L"": 1.0, ""t"": 2.0, ""nn"": 1.0}",mps,ok,0.000129,0.0048,2277376,2.465190328815664e-32,2,1.13841228110978e-18,1.1384122811097554e-18,,"{""n"": 24, ""gates"": 40, ""g2"": 12, ""g3"": 0, ""depth2"": 1, ""t_count"": 2, ""rotations"": 2, ""d"": 1, ""dense_l"": 1.585, ""redundant"": 1, ""obs_zero"": true, ""frame_l"": 5.3219, ""chi_bits"": 1, ""mps_l"": 6.9542, ""hsf_k"": 0, ""hsf_na"": 12, ""hsf_nb"": 12, ""hsf_l"": 24.014, ""sup"": 13, ""chi_bits0"": 1, ""mps_l0"": 6.9542, ""hsf_keff"": 0, ""hsf_l0"": 24.014, ""sparse_l"": 18.3219, ""sv_l"": 29.3219, ""feat_secs"": 0.003519, ""feat_secs_frame"": 8.3e-05, ""feat_secs_hsf"": 0.003404}"
ct,"ct:n=24,L=1,t=2,nn=1",1,"{""n"": 24.0, ""L"": 1.0, ""t"": 2.0, ""nn"": 1.0}",hsf,ok,0.059958,0.0663,271220736,1.13841228110978e-18,1,1.13841228110978e-18,0.0,,"{""n"": 24, ""gates"": 40, ""g2"": 12, ""g3"": 0, ""depth2"": 1, ""t_count"": 2, ""rotations"": 2, ""d"": 1, ""dense_l"": 1.585, ""redundant"": 1, ""obs_zero"": true, ""frame_l"": 5.3219, ""chi_bits"": 1, ""mps_l"": 6.9542, ""hsf_k"": 0, ""hsf_na"": 12, ""hsf_nb"": 12, ""hsf_l"": 24.014, ""sup"": 13, ""chi_bits0"": 1, ""mps_l0"": 6.9542, ""hsf_keff"": 0, ""hsf_l0"": 24.014, ""sparse_l"": 18.3219, ""sv_l"": 29.3219, ""feat_secs"": 0.003519, ""feat_secs_frame"": 8.3e-05, ""feat_secs_hsf"": 0.003404}"
ct,"ct:n=24,L=1,t=2,nn=1",1,"{""n"": 24.0, ""L"": 1.0, ""t"": 2.0, ""nn"": 1.0}",tableau,na,,0.0045,1835008,,,1.13841228110978e-18,,"TooLarge { what: ""tableau (non-Clifford circuit)"", bytes: 0, limit: 0 }","{""n"": 24, ""gates"": 40, ""g2"": 12, ""g3"": 0, ""depth2"": 1, ""t_count"": 2, ""rotations"": 2, ""d"": 1, ""dense_l"": 1.585, ""redundant"": 1, ""obs_zero"": true, ""frame_l"": 5.3219, ""chi_bits"": 1, ""mps_l"": 6.9542, ""hsf_k"": 0, ""hsf_na"": 12, ""hsf_nb"": 12, ""hsf_l"": 24.014, ""sup"": 13, ""chi_bits0"": 1, ""mps_l0"": 6.9542, ""hsf_keff"": 0, ""hsf_l0"": 24.014, ""sparse_l"": 18.3219, ""sv_l"": 29.3219, ""feat_secs"": 0.003519, ""feat_secs_frame"": 8.3e-05, ""feat_secs_hsf"": 0.003404}"
ct,"ct:n=24,L=1,t=2,nn=1",1,"{""n"": 24.0, ""L"": 1.0, ""t"": 2.0, ""nn"": 1.0}",cstate,ok,6.7e-05,0.0043,1933312,0.0,1,1.13841228110978e-18,1.13841228110978e-18,,"{""n"": 24, ""gates"": 40, ""g2"": 12, ""g3"": 0, ""depth2"": 1, ""t_count"": 2, ""rotations"": 2, ""d"": 1, ""dense_l"": 1.585, ""redundant"": 1, ""obs_zero"": true, ""frame_l"": 5.3219, ""chi_bits"": 1, ""mps_l"": 6.9542, ""hsf_k"": 0, ""hsf_na"": 12, ""hsf_nb"": 12, ""hsf_l"": 24.014, ""sup"": 13, ""chi_bits0"": 1, ""mps_l0"": 6.9542, ""hsf_keff"": 0, ""hsf_l0"": 24.014, ""sparse_l"": 18.3219, ""sv_l"": 29.3219, ""feat_secs"": 0.003519, ""feat_secs_frame"": 8.3e-05, ""feat_secs_hsf"": 0.003404}"
ct,"ct:n=24,L=1,t=2,nn=1",1,"{""n"": 24.0, ""L"": 1.0, ""t"": 2.0, ""nn"": 1.0}",frame,ok,0.000208,0.0042,2424832,-0.0,0,1.13841228110978e-18,1.13841228110978e-18,switched_at=None dense_qubits=0 peak_terms=0 term_visits=0 dense_ops=0,"{""n"": 24, ""gates"": 40, ""g2"": 12, ""g3"": 0, ""depth2"": 1, ""t_count"": 2, ""rotations"": 2, ""d"": 1, ""dense_l"": 1.585, ""redundant"": 1, ""obs_zero"": true, ""frame_l"": 5.3219, ""chi_bits"": 1, ""mps_l"": 6.9542, ""hsf_k"": 0, ""hsf_na"": 12, ""hsf_nb"": 12, ""hsf_l"": 24.014, ""sup"": 13, ""chi_bits0"": 1, ""mps_l0"": 6.9542, ""hsf_keff"": 0, ""hsf_l0"": 24.014, ""sparse_l"": 18.3219, ""sv_l"": 29.3219, ""feat_secs"": 0.003519, ""feat_secs_frame"": 8.3e-05, ""feat_secs_hsf"": 0.003404}"
ct,"ct:n=24,L=1,t=2,nn=1",1,"{""n"": 24.0, ""L"": 1.0, ""t"": 2.0, ""nn"": 1.0}",dense,ok,8.2e-05,0.0042,2146304,0.0,1,1.13841228110978e-18,1.13841228110978e-18,switched_at=Some(2) dense_qubits=1 peak_terms=0 term_visits=0 dense_ops=3,"{""n"": 24, ""gates"": 40, ""g2"": 12, ""g3"": 0, ""depth2"": 1, ""t_count"": 2, ""rotations"": 2, ""d"": 1, ""dense_l"": 1.585, ""redundant"": 1, ""obs_zero"": true, ""frame_l"": 5.3219, ""chi_bits"": 1, ""mps_l"": 6.9542, ""hsf_k"": 0, ""hsf_na"": 12, ""hsf_nb"": 12, ""hsf_l"": 24.014, ""sup"": 13, ""chi_bits0"": 1, ""mps_l0"": 6.9542, ""hsf_keff"": 0, ""hsf_l0"": 24.014, ""sparse_l"": 18.3219, ""sv_l"": 29.3219, ""feat_secs"": 0.003519, ""feat_secs_frame"": 8.3e-05, ""feat_secs_hsf"": 0.003404}"
ct,"ct:n=24,L=1,t=2,nn=1",1,"{""n"": 24.0, ""L"": 1.0, ""t"": 2.0, ""nn"": 1.0}",auto,ok,8.1e-05,0.0046,2146304,0.0,1,1.13841228110978e-18,1.13841228110978e-18,switched_at=Some(2) dense_qubits=1 peak_terms=0 term_visits=0 dense_ops=3,"{""n"": 24, ""gates"": 40, ""g2"": 12, ""g3"": 0, ""depth2"": 1, ""t_count"": 2, ""rotations"": 2, ""d"": 1, ""dense_l"": 1.585, ""redundant"": 1, ""obs_zero"": true, ""frame_l"": 5.3219, ""chi_bits"": 1, ""mps_l"": 6.9542, ""hsf_k"": 0, ""hsf_na"": 12, ""hsf_nb"": 12, ""hsf_l"": 24.014, ""sup"": 13, ""chi_bits0"": 1, ""mps_l0"": 6.9542, ""hsf_keff"": 0, ""hsf_l0"": 24.014, ""sparse_l"": 18.3219, ""sv_l"": 29.3219, ""feat_secs"": 0.003519, ""feat_secs_frame"": 8.3e-05, ""feat_secs_hsf"": 0.003404}"
ct,"ct:n=24,L=1,t=4,nn=1",1,"{""n"": 24.0, ""L"": 1.0, ""t"": 4.0, ""nn"": 1.0}",sv,ok,0.327963,0.3331,272203776,7.453889935837843e-20,16777216,7.453889935837843e-20,0.0,,"{""n"": 24, ""gates"": 44, ""g2"": 12, ""g3"": 0, ""depth2"": 1, ""t_count"": 4, ""rotations"": 4, ""d"": 1, ""dense_l"": 2.3219, ""redundant"": 3, ""obs_zero"": true, ""frame_l"": 5.4594, ""chi_bits"": 1, ""mps_l"": 7.0, ""hsf_k"": 0, ""hsf_na"": 12, ""hsf_nb"": 12, ""hsf_l"": 24.0154, ""sup"": 16, ""chi_bits0"": 1, ""mps_l0"": 7.0, ""hsf_keff"": 0, ""hsf_l0"": 24.0154, ""sparse_l"": 21.4594, ""sv_l"": 29.4594, ""feat_secs"": 0.004832, ""feat_secs_frame"": 9.3e-05, ""feat_secs_hsf"": 0.004712}"
ct,"ct:n=24,L=1,t=4,nn=1",1,"{""n"": 24.0, ""L"": 1.0, ""t"": 4.0, ""nn"": 1.0}",sparse,ok,0.015724,0.0211,15089664,-3.781155076543197e-18,65536,7.453889935837843e-20,3.855693975901575e-18,,"{""n"": 24, ""gates"": 44, ""g2"": 12, ""g3"": 0, ""depth2"": 1, ""t_count"": 4, ""rotations"": 4, ""d"": 1, ""dense_l"": 2.3219, ""redundant"": 3, ""obs_zero"": true, ""frame_l"": 5.4594, ""chi_bits"": 1, ""mps_l"": 7.0, ""hsf_k"": 0, ""hsf_na"": 12, ""hsf_nb"": 12, ""hsf_l"": 24.0154, ""sup"": 16, ""chi_bits0"": 1, ""mps_l0"": 7.0, ""hsf_keff"": 0, ""hsf_l0"": 24.0154, ""sparse_l"": 21.4594, ""sv_l"": 29.4594, ""feat_secs"": 0.004832, ""feat_secs_frame"": 9.3e-05, ""feat_secs_hsf"": 0.004712}"
ct,"ct:n=24,L=1,t=4,nn=1",1,"{""n"": 24.0, ""L"": 1.0, ""t"": 4.0, ""nn"": 1.0}",mps,ok,0.000195,0.0076,2293760,-1.665334536937736e-16,2,7.453889935837843e-20,1.6660799259313198e-16,,"{""n"": 24, ""gates"": 44, ""g2"": 12, ""g3"": 0, ""depth2"": 1, ""t_count"": 4, ""rotations"": 4, ""d"": 1, ""dense_l"": 2.3219, ""redundant"": 3, ""obs_zero"": true, ""frame_l"": 5.4594, ""chi_bits"": 1, ""mps_l"": 7.0, ""hsf_k"": 0, ""hsf_na"": 12, ""hsf_nb"": 12, ""hsf_l"": 24.0154, ""sup"": 16, ""chi_bits0"": 1, ""mps_l0"": 7.0, ""hsf_keff"": 0, ""hsf_l0"": 24.0154, ""sparse_l"": 21.4594, ""sv_l"": 29.4594, ""feat_secs"": 0.004832, ""feat_secs_frame"": 9.3e-05, ""feat_secs_hsf"": 0.004712}"
ct,"ct:n=24,L=1,t=4,nn=1",1,"{""n"": 24.0, ""L"": 1.0, ""t"": 4.0, ""nn"": 1.0}",hsf,ok,0.064798,0.0689,271237120,7.453889935837843e-20,1,7.453889935837843e-20,0.0,,"{""n"": 24, ""gates"": 44, ""g2"": 12, ""g3"": 0, ""depth2"": 1, ""t_count"": 4, ""rotations"": 4, ""d"": 1, ""dense_l"": 2.3219, ""redundant"": 3, ""obs_zero"": true, ""frame_l"": 5.4594, ""chi_bits"": 1, ""mps_l"": 7.0, ""hsf_k"": 0, ""hsf_na"": 12, ""hsf_nb"": 12, ""hsf_l"": 24.0154, ""sup"": 16, ""chi_bits0"": 1, ""mps_l0"": 7.0, ""hsf_keff"": 0, ""hsf_l0"": 24.0154, ""sparse_l"": 21.4594, ""sv_l"": 29.4594, ""feat_secs"": 0.004832, ""feat_secs_frame"": 9.3e-05, ""feat_secs_hsf"": 0.004712}"
ct,"ct:n=24,L=1,t=4,nn=1",1,"{""n"": 24.0, ""L"": 1.0, ""t"": 4.0, ""nn"": 1.0}",tableau,na,,0.0048,1835008,,,7.453889935837843e-20,,"TooLarge { what: ""tableau (non-Clifford circuit)"", bytes: 0, limit: 0 }","{""n"": 24, ""gates"": 44, ""g2"": 12, ""g3"": 0, ""depth2"": 1, ""t_count"": 4, ""rotations"": 4, ""d"": 1, ""dense_l"": 2.3219, ""redundant"": 3, ""obs_zero"": true, ""frame_l"": 5.4594, ""chi_bits"": 1, ""mps_l"": 7.0, ""hsf_k"": 0, ""hsf_na"": 12, ""hsf_nb"": 12, ""hsf_l"": 24.0154, ""sup"": 16, ""chi_bits0"": 1, ""mps_l0"": 7.0, ""hsf_keff"": 0, ""hsf_l0"": 24.0154, ""sparse_l"": 21.4594, ""sv_l"": 29.4594, ""feat_secs"": 0.004832, ""feat_secs_frame"": 9.3e-05, ""feat_secs_hsf"": 0.004712}"
ct,"ct:n=24,L=1,t=4,nn=1",1,"{""n"": 24.0, ""L"": 1.0, ""t"": 4.0, ""nn"": 1.0}",cstate,ok,6.5e-05,0.0045,1949696,0.0,1,7.453889935837843e-20,7.453889935837843e-20,,"{""n"": 24, ""gates"": 44, ""g2"": 12, ""g3"": 0, ""depth2"": 1, ""t_count"": 4, ""rotations"": 4, ""d"": 1, ""dense_l"": 2.3219, ""redundant"": 3, ""obs_zero"": true, ""frame_l"": 5.4594, ""chi_bits"": 1, ""mps_l"": 7.0, ""hsf_k"": 0, ""hsf_na"": 12, ""hsf_nb"": 12, ""hsf_l"": 24.0154, ""sup"": 16, ""chi_bits0"": 1, ""mps_l0"": 7.0, ""hsf_keff"": 0, ""hsf_l0"": 24.0154, ""sparse_l"": 21.4594, ""sv_l"": 29.4594, ""feat_secs"": 0.004832, ""feat_secs_frame"": 9.3e-05, ""feat_secs_hsf"": 0.004712}"
ct,"ct:n=24,L=1,t=4,nn=1",1,"{""n"": 24.0, ""L"": 1.0, ""t"": 4.0, ""nn"": 1.0}",frame,ok,0.000214,0.0047,2441216,-0.0,0,7.453889935837843e-20,7.453889935837843e-20,switched_at=None dense_qubits=0 peak_terms=0 term_visits=0 dense_ops=0,"{""n"": 24, ""gates"": 44, ""g2"": 12, ""g3"": 0, ""depth2"": 1, ""t_count"": 4, ""rotations"": 4, ""d"": 1, ""dense_l"": 2.3219, ""redundant"": 3, ""obs_zero"": true, ""frame_l"": 5.4594, ""chi_bits"": 1, ""mps_l"": 7.0, ""hsf_k"": 0, ""hsf_na"": 12, ""hsf_nb"": 12, ""hsf_l"": 24.0154, ""sup"": 16, ""chi_bits0"": 1, ""mps_l0"": 7.0, ""hsf_keff"": 0, ""hsf_l0"": 24.0154, ""sparse_l"": 21.4594, ""sv_l"": 29.4594, ""feat_secs"": 0.004832, ""feat_secs_frame"": 9.3e-05, ""feat_secs_hsf"": 0.004712}"
ct,"ct:n=24,L=1,t=4,nn=1",1,"{""n"": 24.0, ""L"": 1.0, ""t"": 4.0, ""nn"": 1.0}",dense,ok,9.7e-05,0.0044,2162688,0.0,1,7.453889935837843e-20,7.453889935837843e-20,switched_at=Some(4) dense_qubits=1 peak_terms=0 term_visits=0 dense_ops=5,"{""n"": 24, ""gates"": 44, ""g2"": 12, ""g3"": 0, ""depth2"": 1, ""t_count"": 4, ""rotations"": 4, ""d"": 1, ""dense_l"": 2.3219, ""redundant"": 3, ""obs_zero"": true, ""frame_l"": 5.4594, ""chi_bits"": 1, ""mps_l"": 7.0, ""hsf_k"": 0, ""hsf_na"": 12, ""hsf_nb"": 12, ""hsf_l"": 24.0154, ""sup"": 16, ""chi_bits0"": 1, ""mps_l0"": 7.0, ""hsf_keff"": 0, ""hsf_l0"": 24.0154, ""sparse_l"": 21.4594, ""sv_l"": 29.4594, ""feat_secs"": 0.004832, ""feat_secs_frame"": 9.3e-05, ""feat_secs_hsf"": 0.004712}"
ct,"ct:n=24,L=1,t=4,nn=1",1,"{""n"": 24.0, ""L"": 1.0, ""t"": 4.0, ""nn"": 1.0}",auto,ok,0.000101,0.0044,2162688,0.0,1,7.453889935837843e-20,7.453889935837843e-20,switched_at=Some(4) dense_qubits=1 peak_terms=0 term_visits=0 dense_ops=5,"{""n"": 24, ""gates"": 44, ""g2"": 12, ""g3"": 0, ""depth2"": 1, ""t_count"": 4, ""rotations"": 4, ""d"": 1, ""dense_l"": 2.3219, ""redundant"": 3, ""obs_zero"": true, ""frame_l"": 5.4594, ""chi_bits"": 1, ""mps_l"": 7.0, ""hsf_k"": 0, ""hsf_na"": 12, ""hsf_nb"": 12, ""hsf_l"": 24.0154, ""sup"": 16, ""chi_bits0"": 1, ""mps_l0"": 7.0, ""hsf_keff"": 0, ""hsf_l0"": 24.0154, ""sparse_l"": 21.4594, ""sv_l"": 29.4594, ""feat_secs"": 0.004832, ""feat_secs_frame"": 9.3e-05, ""feat_secs_hsf"": 0.004712}"
ct,"ct:n=24,L=1,t=8,nn=1",1,"{""n"": 24.0, ""L"": 1.0, ""t"": 8.0, ""nn"": 1.0}",sv,ok,0.345188,0.3491,272220160,-1.135024149320762e-19,16777216,-1.135024149320762e-19,0.0,,"{""n"": 24, ""gates"": 52, ""g2"": 12, ""g3"": 0, ""depth2"": 1, ""t_count"": 8, ""rotations"": 8, ""d"": 4, ""dense_l"": 5.858, ""redundant"": 4, ""obs_zero"": true, ""frame_l"": 5.7004, ""chi_bits"": 1, ""mps_l"": 7.0875, ""hsf_k"": 0, ""hsf_na"": 12, ""hsf_nb"": 12, ""hsf_l"": 24.0182, ""sup"": 17, ""chi_bits0"": 1, ""mps_l0"": 7.0875, ""hsf_keff"": 0, ""hsf_l0"": 24.0182, ""sparse_l"": 22.7004, ""sv_l"": 29.7004, ""feat_secs"": 0.002816, ""feat_secs_frame"": 7e-05, ""feat_secs_hsf"": 0.002723}"
ct,"ct:n=24,L=1,t=8,nn=1",1,"{""n"": 24.0, ""L"": 1.0, ""t"": 8.0, ""nn"": 1.0}",sparse,ok,0.025378,0.0295,14303232,-2.029490941621304e-18,131072,-1.135024149320762e-19,1.9159885266892278e-18,,"{""n"": 24, ""gates"": 52, ""g2"": 12, ""g3"": 0, ""depth2"": 1, ""t_count"": 8, ""rotations"": 8, ""d"": 4, ""dense_l"": 5.858, ""redundant"": 4, ""obs_zero"": true, ""frame_l"": 5.7004, ""chi_bits"": 1, ""mps_l"": 7.0875, ""hsf_k"": 0, ""hsf_na"": 12, ""hsf_nb"": 12, ""hsf_l"": 24.0182, ""sup"": 17, ""chi_bits0"": 1, ""mps_l0"": 7.0875, ""hsf_keff"": 0, ""hsf_l0"": 24.0182, ""sparse_l"": 22.7004, ""sv_l"": 29.7004, ""feat_secs"": 0.002816, ""feat_secs_frame"": 7e-05, ""feat_secs_hsf"": 0.002723}"
ct,"ct:n=24,L=1,t=8,nn=1",1,"{""n"": 24.0, ""L"": 1.0, ""t"": 8.0, ""nn"": 1.0}",mps,ok,0.000149,0.0047,2277376,0.0,2,-1.135024149320762e-19,1.135024149320762e-19,,"{""n"": 24, ""gates"": 52, ""g2"": 12, ""g3"": 0, ""depth2"": 1, ""t_count"": 8, ""rotations"": 8, ""d"": 4, ""dense_l"": 5.858, ""redundant"": 4, ""obs_zero"": true, ""frame_l"": 5.7004, ""chi_bits"": 1, ""mps_l"": 7.0875, ""hsf_k"": 0, ""hsf_na"": 12, ""hsf_nb"": 12, ""hsf_l"": 24.0182, ""sup"": 17, ""chi_bits0"": 1, ""mps_l0"": 7.0875, ""hsf_keff"": 0, ""hsf_l0"": 24.0182, ""sparse_l"": 22.7004, ""sv_l"": 29.7004, ""feat_secs"": 0.002816, ""feat_secs_frame"": 7e-05, ""feat_secs_hsf"": 0.002723}"
ct,"ct:n=24,L=1,t=8,nn=1",1,"{""n"": 24.0, ""L"": 1.0, ""t"": 8.0, ""nn"": 1.0}",hsf,ok,0.059086,0.0662,271220736,-6.417121608398579e-18,1,-1.135024149320762e-19,6.303619193466503e-18,,"{""n"": 24, ""gates"": 52, ""g2"": 12, ""g3"": 0, ""depth2"": 1, ""t_count"": 8, ""rotations"": 8, ""d"": 4, ""dense_l"": 5.858, ""redundant"": 4, ""obs_zero"": true, ""frame_l"": 5.7004, ""chi_bits"": 1, ""mps_l"": 7.0875, ""hsf_k"": 0, ""hsf_na"": 12, ""hsf_nb"": 12, ""hsf_l"": 24.0182, ""sup"": 17, ""chi_bits0"": 1, ""mps_l0"": 7.0875, ""hsf_keff"": 0, ""hsf_l0"": 24.0182, ""sparse_l"": 22.7004, ""sv_l"": 29.7004, ""feat_secs"": 0.002816, ""feat_secs_frame"": 7e-05, ""feat_secs_hsf"": 0.002723}"
ct,"ct:n=24,L=1,t=8,nn=1",1,"{""n"": 24.0, ""L"": 1.0, ""t"": 8.0, ""nn"": 1.0}",tableau,na,,0.0047,1835008,,,-1.135024149320762e-19,,"TooLarge { what: ""tableau (non-Clifford circuit)"", bytes: 0, limit: 0 }","{""n"": 24, ""gates"": 52, ""g2"": 12, ""g3"": 0, ""depth2"": 1, ""t_count"": 8, ""rotations"": 8, ""d"": 4, ""dense_l"": 5.858, ""redundant"": 4, ""obs_zero"": true, ""frame_l"": 5.7004, ""chi_bits"": 1, ""mps_l"": 7.0875, ""hsf_k"": 0, ""hsf_na"": 12, ""hsf_nb"": 12, ""hsf_l"": 24.0182, ""sup"": 17, ""chi_bits0"": 1, ""mps_l0"": 7.0875, ""hsf_keff"": 0, ""hsf_l0"": 24.0182, ""sparse_l"": 22.7004, ""sv_l"": 29.7004, ""feat_secs"": 0.002816, ""feat_secs_frame"": 7e-05, ""feat_secs_hsf"": 0.002723}"
ct,"ct:n=24,L=1,t=8,nn=1",1,"{""n"": 24.0, ""L"": 1.0, ""t"": 8.0, ""nn"": 1.0}",cstate,ok,6.3e-05,0.0051,1933312,0.0,4,-1.135024149320762e-19,1.135024149320762e-19,,"{""n"": 24, ""gates"": 52, ""g2"": 12, ""g3"": 0, ""depth2"": 1, ""t_count"": 8, ""rotations"": 8, ""d"": 4, ""dense_l"": 5.858, ""redundant"": 4, ""obs_zero"": true, ""frame_l"": 5.7004, ""chi_bits"": 1, ""mps_l"": 7.0875, ""hsf_k"": 0, ""hsf_na"": 12, ""hsf_nb"": 12, ""hsf_l"": 24.0182, ""sup"": 17, ""chi_bits0"": 1, ""mps_l0"": 7.0875, ""hsf_keff"": 0, ""hsf_l0"": 24.0182, ""sparse_l"": 22.7004, ""sv_l"": 29.7004, ""feat_secs"": 0.002816, ""feat_secs_frame"": 7e-05, ""feat_secs_hsf"": 0.002723}"
ct,"ct:n=24,L=1,t=8,nn=1",1,"{""n"": 24.0, ""L"": 1.0, ""t"": 8.0, ""nn"": 1.0}",frame,ok,8.4e-05,0.0046,2146304,-0.0,0,-1.135024149320762e-19,1.135024149320762e-19,switched_at=None dense_qubits=0 peak_terms=0 term_visits=0 dense_ops=0,"{""n"": 24, ""gates"": 52, ""g2"": 12, ""g3"": 0, ""depth2"": 1, ""t_count"": 8, ""rotations"": 8, ""d"": 4, ""dense_l"": 5.858, ""redundant"": 4, ""obs_zero"": true, ""frame_l"": 5.7004, ""chi_bits"": 1, ""mps_l"": 7.0875, ""hsf_k"": 0, ""hsf_na"": 12, ""hsf_nb"": 12, ""hsf_l"": 24.0182, ""sup"": 17, ""chi_bits0"": 1, ""mps_l0"": 7.0875, ""hsf_keff"": 0, ""hsf_l0"": 24.0182, ""sparse_l"": 22.7004, ""sv_l"": 29.7004, ""feat_secs"": 0.002816, ""feat_secs_frame"": 7e-05, ""feat_secs_hsf"": 0.002723}"
ct,"ct:n=24,L=1,t=8,nn=1",1,"{""n"": 24.0, ""L"": 1.0, ""t"": 8.0, ""nn"": 1.0}",dense,ok,8.9e-05,0.0044,2162688,0.0,4,-1.135024149320762e-19,1.135024149320762e-19,switched_at=Some(8) dense_qubits=4 peak_terms=0 term_visits=0 dense_ops=58,"{""n"": 24, ""gates"": 52, ""g2"": 12, ""g3"": 0, ""depth2"": 1, ""t_count"": 8, ""rotations"": 8, ""d"": 4, ""dense_l"": 5.858, ""redundant"": 4, ""obs_zero"": true, ""frame_l"": 5.7004, ""chi_bits"": 1, ""mps_l"": 7.0875, ""hsf_k"": 0, ""hsf_na"": 12, ""hsf_nb"": 12, ""hsf_l"": 24.0182, ""sup"": 17, ""chi_bits0"": 1, ""mps_l0"": 7.0875, ""hsf_keff"": 0, ""hsf_l0"": 24.0182, ""sparse_l"": 22.7004, ""sv_l"": 29.7004, ""feat_secs"": 0.002816, ""feat_secs_frame"": 7e-05, ""feat_secs_hsf"": 0.002723}"
ct,"ct:n=24,L=1,t=8,nn=1",1,"{""n"": 24.0, ""L"": 1.0, ""t"": 8.0, ""nn"": 1.0}",auto,ok,8.4e-05,0.0042,2162688,0.0,4,-1.135024149320762e-19,1.135024149320762e-19,switched_at=Some(8) dense_qubits=4 peak_terms=0 term_visits=0 dense_ops=58,"{""n"": 24, ""gates"": 52, ""g2"": 12, ""g3"": 0, ""depth2"": 1, ""t_count"": 8, ""rotations"": 8, ""d"": 4, ""dense_l"": 5.858, ""redundant"": 4, ""obs_zero"": true, ""frame_l"": 5.7004, ""chi_bits"": 1, ""mps_l"": 7.0875, ""hsf_k"": 0, ""hsf_na"": 12, ""hsf_nb"": 12, ""hsf_l"": 24.0182, ""sup"": 17, ""chi_bits0"": 1, ""mps_l0"": 7.0875, ""hsf_keff"": 0, ""hsf_l0"": 24.0182, ""sparse_l"": 22.7004, ""sv_l"": 29.7004, ""feat_secs"": 0.002816, ""feat_secs_frame"": 7e-05, ""feat_secs_hsf"": 0.002723}"
ct,"ct:n=24,L=1,t=12,nn=1",1,"{""n"": 24.0, ""L"": 1.0, ""t"": 12.0, ""nn"": 1.0}",sv,ok,0.381875,0.3867,272187392,0.5000000000000479,16777216,0.5000000000000479,0.0,,"{""n"": 24, ""gates"": 58, ""g2"": 12, ""g3"": 0, ""depth2"": 1, ""t_count"": 12, ""rotations"": 12, ""d"": 6, ""dense_l"": 7.8948, ""redundant"": 6, ""obs_zero"": false, ""frame_l"": 6.585, ""chi_bits"": 1, ""mps_l"": 7.1497, ""hsf_k"": 0, ""hsf_na"": 12, ""hsf_nb"": 12, ""hsf_l"": 24.0203, ""sup"": 19, ""chi_bits0"": 1, ""mps_l0"": 7.1497, ""hsf_keff"": 0, ""hsf_l0"": 24.0203, ""sparse_l"": 24.858, ""sv_l"": 29.858, ""feat_secs"": 0.003817, ""feat_secs_frame"": 7.1e-05, ""feat_secs_hsf"": 0.003726}"
ct,"ct:n=24,L=1,t=12,nn=1",1,"{""n"": 24.0, ""L"": 1.0, ""t"": 12.0, ""nn"": 1.0}",sparse,ok,0.167974,0.1727,83853312,0.4999999999999996,524288,0.5000000000000479,4.823919041996305e-14,,"{""n"": 24, ""gates"": 58, ""g2"": 12, ""g3"": 0, ""depth2"": 1, ""t_count"": 12, ""rotations"": 12, ""d"": 6, ""dense_l"": 7.8948, ""redundant"": 6, ""obs_zero"": false, ""frame_l"": 6.585, ""chi_bits"": 1, ""mps_l"": 7.1497, ""hsf_k"": 0, ""hsf_na"": 12, ""hsf_nb"": 12, ""hsf_l"": 24.0203, ""sup"": 19, ""chi_bits0"": 1, ""mps_l0"": 7.1497, ""hsf_keff"": 0, ""hsf_l0"": 24.0203, ""sparse_l"": 24.858, ""sv_l"": 29.858, ""feat_secs"": 0.003817, ""feat_secs_frame"": 7.1e-05, ""feat_secs_hsf"": 0.003726}"
ct,"ct:n=24,L=1,t=12,nn=1",1,"{""n"": 24.0, ""L"": 1.0, ""t"": 12.0, ""nn"": 1.0}",mps,ok,0.000211,0.0072,2277376,0.4999999999999998,2,0.5000000000000479,4.807265696626928e-14,,"{""n"": 24, ""gates"": 58, ""g2"": 12, ""g3"": 0, ""depth2"": 1, ""t_count"": 12, ""rotations"": 12, ""d"": 6, ""dense_l"": 7.8948, ""redundant"": 6, ""obs_zero"": false, ""frame_l"": 6.585, ""chi_bits"": 1, ""mps_l"": 7.1497, ""hsf_k"": 0, ""hsf_na"": 12, ""hsf_nb"": 12, ""hsf_l"": 24.0203, ""sup"": 19, ""chi_bits0"": 1, ""mps_l0"": 7.1497, ""hsf_keff"": 0, ""hsf_l0"": 24.0203, ""sparse_l"": 24.858, ""sv_l"": 29.858, ""feat_secs"": 0.003817, ""feat_secs_frame"": 7.1e-05, ""feat_secs_hsf"": 0.003726}"
ct,"ct:n=24,L=1,t=12,nn=1",1,"{""n"": 24.0, ""L"": 1.0, ""t"": 12.0, ""nn"": 1.0}",hsf,ok,0.061896,0.0694,271220736,0.5000000000000479,1,0.5000000000000479,0.0,,"{""n"": 24, ""gates"": 58, ""g2"": 12, ""g3"": 0, ""depth2"": 1, ""t_count"": 12, ""rotations"": 12, ""d"": 6, ""dense_l"": 7.8948, ""redundant"": 6, ""obs_zero"": false, ""frame_l"": 6.585, ""chi_bits"": 1, ""mps_l"": 7.1497, ""hsf_k"": 0, ""hsf_na"": 12, ""hsf_nb"": 12, ""hsf_l"": 24.0203, ""sup"": 19, ""chi_bits0"": 1, ""mps_l0"": 7.1497, ""hsf_keff"": 0, ""hsf_l0"": 24.0203, ""sparse_l"": 24.858, ""sv_l"": 29.858, ""feat_secs"": 0.003817, ""feat_secs_frame"": 7.1e-05, ""feat_secs_hsf"": 0.003726}"
ct,"ct:n=24,L=1,t=12,nn=1",1,"{""n"": 24.0, ""L"": 1.0, ""t"": 12.0, ""nn"": 1.0}",tableau,na,,0.0047,1835008,,,0.5000000000000479,,"TooLarge { what: ""tableau (non-Clifford circuit)"", bytes: 0, limit: 0 }","{""n"": 24, ""gates"": 58, ""g2"": 12, ""g3"": 0, ""depth2"": 1, ""t_count"": 12, ""rotations"": 12, ""d"": 6, ""dense_l"": 7.8948, ""redundant"": 6, ""obs_zero"": false, ""frame_l"": 6.585, ""chi_bits"": 1, ""mps_l"": 7.1497, ""hsf_k"": 0, ""hsf_na"": 12, ""hsf_nb"": 12, ""hsf_l"": 24.0203, ""sup"": 19, ""chi_bits0"": 1, ""mps_l0"": 7.1497, ""hsf_keff"": 0, ""hsf_l0"": 24.0203, ""sparse_l"": 24.858, ""sv_l"": 29.858, ""feat_secs"": 0.003817, ""feat_secs_frame"": 7.1e-05, ""feat_secs_hsf"": 0.003726}"
ct,"ct:n=24,L=1,t=12,nn=1",1,"{""n"": 24.0, ""L"": 1.0, ""t"": 12.0, ""nn"": 1.0}",cstate,ok,7.7e-05,0.0046,1933312,0.4999999999999999,6,0.5000000000000479,4.796163466380676e-14,,"{""n"": 24, ""gates"": 58, ""g2"": 12, ""g3"": 0, ""depth2"": 1, ""t_count"": 12, ""rotations"": 12, ""d"": 6, ""dense_l"": 7.8948, ""redundant"": 6, ""obs_zero"": false, ""frame_l"": 6.585, ""chi_bits"": 1, ""mps_l"": 7.1497, ""hsf_k"": 0, ""hsf_na"": 12, ""hsf_nb"": 12, ""hsf_l"": 24.0203, ""sup"": 19, ""chi_bits0"": 1, ""mps_l0"": 7.1497, ""hsf_keff"": 0, ""hsf_l0"": 24.0203, ""sparse_l"": 24.858, ""sv_l"": 29.858, ""feat_secs"": 0.003817, ""feat_secs_frame"": 7.1e-05, ""feat_secs_hsf"": 0.003726}"
ct,"ct:n=24,L=1,t=12,nn=1",1,"{""n"": 24.0, ""L"": 1.0, ""t"": 12.0, ""nn"": 1.0}",frame,ok,0.00028,0.0043,2457600,0.4999999999999999,1,0.5000000000000479,4.796163466380676e-14,switched_at=None dense_qubits=0 peak_terms=1 term_visits=12 dense_ops=0,"{""n"": 24, ""gates"": 58, ""g2"": 12, ""g3"": 0, ""depth2"": 1, ""t_count"": 12, ""rotations"": 12, ""d"": 6, ""dense_l"": 7.8948, ""redundant"": 6, ""obs_zero"": false, ""frame_l"": 6.585, ""chi_bits"": 1, ""mps_l"": 7.1497, ""hsf_k"": 0, ""hsf_na"": 12, ""hsf_nb"": 12, ""hsf_l"": 24.0203, ""sup"": 19, ""chi_bits0"": 1, ""mps_l0"": 7.1497, ""hsf_keff"": 0, ""hsf_l0"": 24.0203, ""sparse_l"": 24.858, ""sv_l"": 29.858, ""feat_secs"": 0.003817, ""feat_secs_frame"": 7.1e-05, ""feat_secs_hsf"": 0.003726}"
ct,"ct:n=24,L=1,t=12,nn=1",1,"{""n"": 24.0, ""L"": 1.0, ""t"": 12.0, ""nn"": 1.0}",dense,ok,8.3e-05,0.0044,2179072,0.4999999999999999,6,0.5000000000000479,4.796163466380676e-14,switched_at=Some(12) dense_qubits=6 peak_terms=1 term_visits=0 dense_ops=302,"{""n"": 24, ""gates"": 58, ""g2"": 12, ""g3"": 0, ""depth2"": 1, ""t_count"": 12, ""rotations"": 12, ""d"": 6, ""dense_l"": 7.8948, ""redundant"": 6, ""obs_zero"": false, ""frame_l"": 6.585, ""chi_bits"": 1, ""mps_l"": 7.1497, ""hsf_k"": 0, ""hsf_na"": 12, ""hsf_nb"": 12, ""hsf_l"": 24.0203, ""sup"": 19, ""chi_bits0"": 1, ""mps_l0"": 7.1497, ""hsf_keff"": 0, ""hsf_l0"": 24.0203, ""sparse_l"": 24.858, ""sv_l"": 29.858, ""feat_secs"": 0.003817, ""feat_secs_frame"": 7.1e-05, ""feat_secs_hsf"": 0.003726}"
ct,"ct:n=24,L=1,t=12,nn=1",1,"{""n"": 24.0, ""L"": 1.0, ""t"": 12.0, ""nn"": 1.0}",auto,ok,0.000168,0.0042,2473984,0.5,5,0.5000000000000479,4.785061236134425e-14,switched_at=Some(11) dense_qubits=5 peak_terms=1 term_visits=1 dense_ops=206,"{""n"": 24, ""gates"": 58, ""g2"": 12, ""g3"": 0, ""depth2"": 1, ""t_count"": 12, ""rotations"": 12, ""d"": 6, ""dense_l"": 7.8948, ""redundant"": 6, ""obs_zero"": false, ""frame_l"": 6.585, ""chi_bits"": 1, ""mps_l"": 7.1497, ""hsf_k"": 0, ""hsf_na"": 12, ""hsf_nb"": 12, ""hsf_l"": 24.0203, ""sup"": 19, ""chi_bits0"": 1, ""mps_l0"": 7.1497, ""hsf_keff"": 0, ""hsf_l0"": 24.0203, ""sparse_l"": 24.858, ""sv_l"": 29.858, ""feat_secs"": 0.003817, ""feat_secs_frame"": 7.1e-05, ""feat_secs_hsf"": 0.003726}"
ct,"ct:n=24,L=1,t=16,nn=1",1,"{""n"": 24.0, ""L"": 1.0, ""t"": 16.0, ""nn"": 1.0}",sv,ok,0.378366,0.3853,272138240,1.103235002810309e-16,16777216,1.103235002810309e-16,0.0,,"{""n"": 24, ""gates"": 64, ""g2"": 12, ""g3"": 0, ""depth2"": 1, ""t_count"": 16, ""rotations"": 16, ""d"": 9, ""dense_l"": 10.6493, ""redundant"": 7, ""obs_zero"": true, ""frame_l"": 6.0, ""chi_bits"": 1, ""mps_l"": 7.2095, ""hsf_k"": 0, ""hsf_na"": 12, ""hsf_nb"": 12, ""hsf_l"": 24.0224, ""sup"": 20, ""chi_bits0"": 1, ""mps_l0"": 7.2095, ""hsf_keff"": 0, ""hsf_l0"": 24.0224, ""sparse_l"": 26.0, ""sv_l"": 30.0, ""feat_secs"": 0.002697, ""feat_secs_frame"": 7.7e-05, ""feat_secs_hsf"": 0.002596}"
ct,"ct:n=24,L=1,t=16,nn=1",1,"{""n"": 24.0, ""L"": 1.0, ""t"": 16.0, ""nn"": 1.0}",sparse,ok,0.309434,0.3147,85557248,3.271087116576004e-17,1048576,1.103235002810309e-16,7.761262911527086e-17,,"{""n"": 24, ""gates"": 64, ""g2"": 12, ""g3"": 0, ""depth2"": 1, ""t_count"": 16, ""rotations"": 16, ""d"": 9, ""dense_l"": 10.6493, ""redundant"": 7, ""obs_zero"": true, ""frame_l"": 6.0, ""chi_bits"": 1, ""mps_l"": 7.2095, ""hsf_k"": 0, ""hsf_na"": 12, ""hsf_nb"": 12, ""hsf_l"": 24.0224, ""sup"": 20, ""chi_bits0"": 1, ""mps_l0"": 7.2095, ""hsf_keff"": 0, ""hsf_l0"": 24.0224, ""sparse_l"": 26.0, ""sv_l"": 30.0, ""feat_secs"": 0.002697, ""feat_secs_frame"": 7.7e-05, ""feat_secs_hsf"": 0.002596}"
ct,"ct:n=24,L=1,t=16,nn=1",1,"{""n"": 24.0, ""L"": 1.0, ""t"": 16.0, ""nn"": 1.0}",mps,ok,0.000146,0.0048,2277376,0.0,2,1.103235002810309e-16,1.103235002810309e-16,,"{""n"": 24, ""gates"": 64, ""g2"": 12, ""g3"": 0, ""depth2"": 1, ""t_count"": 16, ""rotations"": 16, ""d"": 9, ""dense_l"": 10.6493, ""redundant"": 7, ""obs_zero"": true, ""frame_l"": 6.0, ""chi_bits"": 1, ""mps_l"": 7.2095, ""hsf_k"": 0, ""hsf_na"": 12, ""hsf_nb"": 12, ""hsf_l"": 24.0224, ""sup"": 20, ""chi_bits0"": 1, ""mps_l0"": 7.2095, ""hsf_keff"": 0, ""hsf_l0"": 24.0224, ""sparse_l"": 26.0, ""sv_l"": 30.0, ""feat_secs"": 0.002697, ""feat_secs_frame"": 7.7e-05, ""feat_secs_hsf"": 0.002596}"
ct,"ct:n=24,L=1,t=16,nn=1",1,"{""n"": 24.0, ""L"": 1.0, ""t"": 16.0, ""nn"": 1.0}",hsf,ok,0.06065,0.0666,271220736,-1.976809727466822e-16,1,1.103235002810309e-16,3.080044730277131e-16,,"{""n"": 24, ""gates"": 64, ""g2"": 12, ""g3"": 0, ""depth2"": 1, ""t_count"": 16, ""rotations"": 16, ""d"": 9, ""dense_l"": 10.6493, ""redundant"": 7, ""obs_zero"": true, ""frame_l"": 6.0, ""chi_bits"": 1, ""mps_l"": 7.2095, ""hsf_k"": 0, ""hsf_na"": 12, ""hsf_nb"": 12, ""hsf_l"": 24.0224, ""sup"": 20, ""chi_bits0"": 1, ""mps_l0"": 7.2095, ""hsf_keff"": 0, ""hsf_l0"": 24.0224, ""sparse_l"": 26.0, ""sv_l"": 30.0, ""feat_secs"": 0.002697, ""feat_secs_frame"": 7.7e-05, ""feat_secs_hsf"": 0.002596}"
ct,"ct:n=24,L=1,t=16,nn=1",1,"{""n"": 24.0, ""L"": 1.0, ""t"": 16.0, ""nn"": 1.0}",tableau,na,,0.0047,1835008,,,1.103235002810309e-16,,"TooLarge { what: ""tableau (non-Clifford circuit)"", bytes: 0, limit: 0 }","{""n"": 24, ""gates"": 64, ""g2"": 12, ""g3"": 0, ""depth2"": 1, ""t_count"": 16, ""rotations"": 16, ""d"": 9, ""dense_l"": 10.6493, ""redundant"": 7, ""obs_zero"": true, ""frame_l"": 6.0, ""chi_bits"": 1, ""mps_l"": 7.2095, ""hsf_k"": 0, ""hsf_na"": 12, ""hsf_nb"": 12, ""hsf_l"": 24.0224, ""sup"": 20, ""chi_bits0"": 1, ""mps_l0"": 7.2095, ""hsf_keff"": 0, ""hsf_l0"": 24.0224, ""sparse_l"": 26.0, ""sv_l"": 30.0, ""feat_secs"": 0.002697, ""feat_secs_frame"": 7.7e-05, ""feat_secs_hsf"": 0.002596}"
ct,"ct:n=24,L=1,t=16,nn=1",1,"{""n"": 24.0, ""L"": 1.0, ""t"": 16.0, ""nn"": 1.0}",cstate,ok,7.6e-05,0.0066,1966080,0.0,9,1.103235002810309e-16,1.103235002810309e-16,,"{""n"": 24, ""gates"": 64, ""g2"": 12, ""g3"": 0, ""depth2"": 1, ""t_count"": 16, ""rotations"": 16, ""d"": 9, ""dense_l"": 10.6493, ""redundant"": 7, ""obs_zero"": true, ""frame_l"": 6.0, ""chi_bits"": 1, ""mps_l"": 7.2095, ""hsf_k"": 0, ""hsf_na"": 12, ""hsf_nb"": 12, ""hsf_l"": 24.0224, ""sup"": 20, ""chi_bits0"": 1, ""mps_l0"": 7.2095, ""hsf_keff"": 0, ""hsf_l0"": 24.0224, ""sparse_l"": 26.0, ""sv_l"": 30.0, ""feat_secs"": 0.002697, ""feat_secs_frame"": 7.7e-05, ""feat_secs_hsf"": 0.002596}"
ct,"ct:n=24,L=1,t=16,nn=1",1,"{""n"": 24.0, ""L"": 1.0, ""t"": 16.0, ""nn"": 1.0}",frame,ok,9.4e-05,0.0046,2146304,-0.0,0,1.103235002810309e-16,1.103235002810309e-16,switched_at=None dense_qubits=0 peak_terms=0 term_visits=0 dense_ops=0,"{""n"": 24, ""gates"": 64, ""g2"": 12, ""g3"": 0, ""depth2"": 1, ""t_count"": 16, ""rotations"": 16, ""d"": 9, ""dense_l"": 10.6493, ""redundant"": 7, ""obs_zero"": true, ""frame_l"": 6.0, ""chi_bits"": 1, ""mps_l"": 7.2095, ""hsf_k"": 0, ""hsf_na"": 12, ""hsf_nb"": 12, ""hsf_l"": 24.0224, ""sup"": 20, ""chi_bits0"": 1, ""mps_l0"": 7.2095, ""hsf_keff"": 0, ""hsf_l0"": 24.0224, ""sparse_l"": 26.0, ""sv_l"": 30.0, ""feat_secs"": 0.002697, ""feat_secs_frame"": 7.7e-05, ""feat_secs_hsf"": 0.002596}"
ct,"ct:n=24,L=1,t=16,nn=1",1,"{""n"": 24.0, ""L"": 1.0, ""t"": 16.0, ""nn"": 1.0}",dense,ok,9.4e-05,0.0049,2162688,0.0,9,1.103235002810309e-16,1.103235002810309e-16,switched_at=Some(16) dense_qubits=9 peak_terms=0 term_visits=0 dense_ops=1606,"{""n"": 24, ""gates"": 64, ""g2"": 12, ""g3"": 0, ""depth2"": 1, ""t_count"": 16, ""rotations"": 16, ""d"": 9, ""dense_l"": 10.6493, ""redundant"": 7, ""obs_zero"": true, ""frame_l"": 6.0, ""chi_bits"": 1, ""mps_l"": 7.2095, ""hsf_k"": 0, ""hsf_na"": 12, ""hsf_nb"": 12, ""hsf_l"": 24.0224, ""sup"": 20, ""chi_bits0"": 1, ""mps_l0"": 7.2095, ""hsf_keff"": 0, ""hsf_l0"": 24.0224, ""sparse_l"": 26.0, ""sv_l"": 30.0, ""feat_secs"": 0.002697, ""feat_secs_frame"": 7.7e-05, ""feat_secs_hsf"": 0.002596}"
ct,"ct:n=24,L=1,t=16,nn=1",1,"{""n"": 24.0, ""L"": 1.0, ""t"": 16.0, ""nn"": 1.0}",auto,ok,8.9e-05,0.0048,2146304,-0.0,0,1.103235002810309e-16,1.103235002810309e-16,switched_at=None dense_qubits=0 peak_terms=0 term_visits=0 dense_ops=0,"{""n"": 24, ""gates"": 64, ""g2"": 12, ""g3"": 0, ""depth2"": 1, ""t_count"": 16, ""rotations"": 16, ""d"": 9, ""dense_l"": 10.6493, ""redundant"": 7, ""obs_zero"": true, ""frame_l"": 6.0, ""chi_bits"": 1, ""mps_l"": 7.2095, ""hsf_k"": 0, ""hsf_na"": 12, ""hsf_nb"": 12, ""hsf_l"": 24.0224, ""sup"": 20, ""chi_bits0"": 1, ""mps_l0"": 7.2095, ""hsf_keff"": 0, ""hsf_l0"": 24.0224, ""sparse_l"": 26.0, ""sv_l"": 30.0, ""feat_secs"": 0.002697, ""feat_secs_frame"": 7.7e-05, ""feat_secs_hsf"": 0.002596}"
ct,"ct:n=24,L=1,t=24,nn=1",1,"{""n"": 24.0, ""L"": 1.0, ""t"": 24.0, ""nn"": 1.0}",sv,ok,0.434236,0.4398,272138240,0.3535533905941686,16777216,0.3535533905941686,0.0,,"{""n"": 24, ""gates"": 84, ""g2"": 12, ""g3"": 0, ""depth2"": 1, ""t_count"": 24, ""rotations"": 24, ""d"": 15, ""dense_l"": 17.2297, ""redundant"": 9, ""obs_zero"": false, ""frame_l"": 9.085, ""chi_bits"": 1, ""mps_l"": 7.3923, ""hsf_k"": 0, ""hsf_na"": 12, ""hsf_nb"": 12, ""hsf_l"": 24.0293, ""sup"": 24, ""chi_bits0"": 1, ""mps_l0"": 7.3923, ""hsf_keff"": 0, ""hsf_l0"": 24.0293, ""sparse_l"": 30.3923, ""sv_l"": 30.3923, ""feat_secs"": 0.002753, ""feat_secs_frame"": 9.3e-05, ""feat_secs_hsf"": 0.002629}"
ct,"ct:n=24,L=1,t=24,nn=1",1,"{""n"": 24.0, ""L"": 1.0, ""t"": 24.0, ""nn"": 1.0}",sparse,ok,6.62376,6.6309,1264435200,0.3535533905943965,16777216,0.3535533905941686,2.278732758043134e-13,,"{""n"": 24, ""gates"": 84, ""g2"": 12, ""g3"": 0, ""depth2"": 1, ""t_count"": 24, ""rotations"": 24, ""d"": 15, ""dense_l"": 17.2297, ""redundant"": 9, ""obs_zero"": false, ""frame_l"": 9.085, ""chi_bits"": 1, ""mps_l"": 7.3923, ""hsf_k"": 0, ""hsf_na"": 12, ""hsf_nb"": 12, ""hsf_l"": 24.0293, ""sup"": 24, ""chi_bits0"": 1, ""mps_l0"": 7.3923, ""hsf_keff"": 0, ""hsf_l0"": 24.0293, ""sparse_l"": 30.3923, ""sv_l"": 30.3923, ""feat_secs"": 0.002753, ""feat_secs_frame"": 9.3e-05, ""feat_secs_hsf"": 0.002629}"
ct,"ct:n=24,L=1,t=24,nn=1",1,"{""n"": 24.0, ""L"": 1.0, ""t"": 24.0, ""nn"": 1.0}",mps,ok,0.000155,0.0046,2310144,0.3535533905932736,2,0.3535533905941686,8.950062913015699e-13,,"{""n"": 24, ""gates"": 84, ""g2"": 12, ""g3"": 0, ""depth2"": 1, ""t_count"": 24, ""rotations"": 24, ""d"": 15, ""dense_l"": 17.2297, ""redundant"": 9, ""obs_zero"": false, ""frame_l"": 9.085, ""chi_bits"": 1, ""mps_l"": 7.3923, ""hsf_k"": 0, ""hsf_na"": 12, ""hsf_nb"": 12, ""hsf_l"": 24.0293, ""sup"": 24, ""chi_bits0"": 1, ""mps_l0"": 7.3923, ""hsf_keff"": 0, ""hsf_l0"": 24.0293, ""sparse_l"": 30.3923, ""sv_l"": 30.3923, ""feat_secs"": 0.002753, ""feat_secs_frame"": 9.3e-05, ""feat_secs_hsf"": 0.002629}"
ct,"ct:n=24,L=1,t=24,nn=1",1,"{""n"": 24.0, ""L"": 1.0, ""t"": 24.0, ""nn"": 1.0}",hsf,ok,0.050723,0.0569,271253504,0.3535533905941686,1,0.3535533905941686,0.0,,"{""n"": 24, ""gates"": 84, ""g2"": 12, ""g3"": 0, ""depth2"": 1, ""t_count"": 24, ""rotations"": 24, ""d"": 15, ""dense_l"": 17.2297, ""redundant"": 9, ""obs_zero"": false, ""frame_l"": 9.085, ""chi_bits"": 1, ""mps_l"": 7.3923, ""hsf_k"": 0, ""hsf_na"": 12, ""hsf_nb"": 12, ""hsf_l"": 24.0293, ""sup"": 24, ""chi_bits0"": 1, ""mps_l0"": 7.3923, ""hsf_keff"": 0, ""hsf_l0"": 24.0293, ""sparse_l"": 30.3923, ""sv_l"": 30.3923, ""feat_secs"": 0.002753, ""feat_secs_frame"": 9.3e-05, ""feat_secs_hsf"": 0.002629}"
ct,"ct:n=24,L=1,t=24,nn=1",1,"{""n"": 24.0, ""L"": 1.0, ""t"": 24.0, ""nn"": 1.0}",tableau,na,,0.0044,1835008,,,0.3535533905941686,,"TooLarge { what: ""tableau (non-Clifford circuit)"", bytes: 0, limit: 0 }","{""n"": 24, ""gates"": 84, ""g2"": 12, ""g3"": 0, ""depth2"": 1, ""t_count"": 24, ""rotations"": 24, ""d"": 15, ""dense_l"": 17.2297, ""redundant"": 9, ""obs_zero"": false, ""frame_l"": 9.085, ""chi_bits"": 1, ""mps_l"": 7.3923, ""hsf_k"": 0, ""hsf_na"": 12, ""hsf_nb"": 12, ""hsf_l"": 24.0293, ""sup"": 24, ""chi_bits0"": 1, ""mps_l0"": 7.3923, ""hsf_keff"": 0, ""hsf_l0"": 24.0293, ""sparse_l"": 30.3923, ""sv_l"": 30.3923, ""feat_secs"": 0.002753, ""feat_secs_frame"": 9.3e-05, ""feat_secs_hsf"": 0.002629}"
ct,"ct:n=24,L=1,t=24,nn=1",1,"{""n"": 24.0, ""L"": 1.0, ""t"": 24.0, ""nn"": 1.0}",cstate,ok,0.000447,0.0043,2883584,0.3535533905932729,15,0.3535533905941686,8.957279362675763e-13,,"{""n"": 24, ""gates"": 84, ""g2"": 12, ""g3"": 0, ""depth2"": 1, ""t_count"": 24, ""rotations"": 24, ""d"": 15, ""dense_l"": 17.2297, ""redundant"": 9, ""obs_zero"": false, ""frame_l"": 9.085, ""chi_bits"": 1, ""mps_l"": 7.3923, ""hsf_k"": 0, ""hsf_na"": 12, ""hsf_nb"": 12, ""hsf_l"": 24.0293, ""sup"": 24, ""chi_bits0"": 1, ""mps_l0"": 7.3923, ""hsf_keff"": 0, ""hsf_l0"": 24.0293, ""sparse_l"": 30.3923, ""sv_l"": 30.3923, ""feat_secs"": 0.002753, ""feat_secs_frame"": 9.3e-05, ""feat_secs_hsf"": 0.002629}"
ct,"ct:n=24,L=1,t=24,nn=1",1,"{""n"": 24.0, ""L"": 1.0, ""t"": 24.0, ""nn"": 1.0}",frame,ok,0.000409,0.0065,2457600,0.3535533905932738,1,0.3535533905941686,8.948397578478762e-13,switched_at=None dense_qubits=0 peak_terms=1 term_visits=24 dense_ops=0,"{""n"": 24, ""gates"": 84, ""g2"": 12, ""g3"": 0, ""depth2"": 1, ""t_count"": 24, ""rotations"": 24, ""d"": 15, ""dense_l"": 17.2297, ""redundant"": 9, ""obs_zero"": false, ""frame_l"": 9.085, ""chi_bits"": 1, ""mps_l"": 7.3923, ""hsf_k"": 0, ""hsf_na"": 12, ""hsf_nb"": 12, ""hsf_l"": 24.0293, ""sup"": 24, ""chi_bits0"": 1, ""mps_l0"": 7.3923, ""hsf_keff"": 0, ""hsf_l0"": 24.0293, ""sparse_l"": 30.3923, ""sv_l"": 30.3923, ""feat_secs"": 0.002753, ""feat_secs_frame"": 9.3e-05, ""feat_secs_hsf"": 0.002629}"
ct,"ct:n=24,L=1,t=24,nn=1",1,"{""n"": 24.0, ""L"": 1.0, ""t"": 24.0, ""nn"": 1.0}",dense,ok,0.000455,0.0044,3096576,0.3535533905932729,15,0.3535533905941686,8.957279362675763e-13,switched_at=Some(24) dense_qubits=15 peak_terms=1 term_visits=0 dense_ops=186462,"{""n"": 24, ""gates"": 84, ""g2"": 12, ""g3"": 0, ""depth2"": 1, ""t_count"": 24, ""rotations"": 24, ""d"": 15, ""dense_l"": 17.2297, ""redundant"": 9, ""obs_zero"": false, ""frame_l"": 9.085, ""chi_bits"": 1, ""mps_l"": 7.3923, ""hsf_k"": 0, ""hsf_na"": 12, ""hsf_nb"": 12, ""hsf_l"": 24.0293, ""sup"": 24, ""chi_bits0"": 1, ""mps_l0"": 7.3923, ""hsf_keff"": 0, ""hsf_l0"": 24.0293, ""sparse_l"": 30.3923, ""sv_l"": 30.3923, ""feat_secs"": 0.002753, ""feat_secs_frame"": 9.3e-05, ""feat_secs_hsf"": 0.002629}"
ct,"ct:n=24,L=1,t=24,nn=1",1,"{""n"": 24.0, ""L"": 1.0, ""t"": 24.0, ""nn"": 1.0}",auto,ok,0.00061,0.0066,2473984,0.3535533905932738,5,0.3535533905941686,8.948397578478762e-13,switched_at=Some(9) dense_qubits=5 peak_terms=1 term_visits=15 dense_ops=190,"{""n"": 24, ""gates"": 84, ""g2"": 12, ""g3"": 0, ""depth2"": 1, ""t_count"": 24, ""rotations"": 24, ""d"": 15, ""dense_l"": 17.2297, ""redundant"": 9, ""obs_zero"": false, ""frame_l"": 9.085, ""chi_bits"": 1, ""mps_l"": 7.3923, ""hsf_k"": 0, ""hsf_na"": 12, ""hsf_nb"": 12, ""hsf_l"": 24.0293, ""sup"": 24, ""chi_bits0"": 1, ""mps_l0"": 7.3923, ""hsf_keff"": 0, ""hsf_l0"": 24.0293, ""sparse_l"": 30.3923, ""sv_l"": 30.3923, ""feat_secs"": 0.002753, ""feat_secs_frame"": 9.3e-05, ""feat_secs_hsf"": 0.002629}"
ct,"ct:n=24,L=1,t=32,nn=1",1,"{""n"": 24.0, ""L"": 1.0, ""t"": 32.0, ""nn"": 1.0}",sv,ok,0.366742,0.3725,272236544,1.079415874367689e-15,16777216,1.079415874367689e-15,0.0,,"{""n"": 24, ""gates"": 98, ""g2"": 12, ""g3"": 0, ""depth2"": 1, ""t_count"": 32, ""rotations"": 32, ""d"": 13, ""dense_l"": 15.7125, ""redundant"": 19, ""obs_zero"": true, ""frame_l"": 6.6147, ""chi_bits"": 1, ""mps_l"": 7.5078, ""hsf_k"": 0, ""hsf_na"": 12, ""hsf_nb"": 12, ""hsf_l"": 24.0341, ""sup"": 20, ""chi_bits0"": 1, ""mps_l0"": 7.5078, ""hsf_keff"": 0, ""hsf_l0"": 24.0341, ""sparse_l"": 26.6147, ""sv_l"": 30.6147, ""feat_secs"": 0.002864, ""feat_secs_frame"": 0.000145, ""feat_secs_hsf"": 0.00268}"
ct,"ct:n=24,L=1,t=32,nn=1",1,"{""n"": 24.0, ""L"": 1.0, ""t"": 32.0, ""nn"": 1.0}",sparse,ok,0.461071,0.4658,215744512,-5.327903412678553e-17,1048576,1.079415874367689e-15,1.1326949084944745e-15,,"{""n"": 24, ""gates"": 98, ""g2"": 12, ""g3"": 0, ""depth2"": 1, ""t_count"": 32, ""rotations"": 32, ""d"": 13, ""dense_l"": 15.7125, ""redundant"": 19, ""obs_zero"": true, ""frame_l"": 6.6147, ""chi_bits"": 1, ""mps_l"": 7.5078, ""hsf_k"": 0, ""hsf_na"": 12, ""hsf_nb"": 12, ""hsf_l"": 24.0341, ""sup"": 20, ""chi_bits0"": 1, ""mps_l0"": 7.5078, ""hsf_keff"": 0, ""hsf_l0"": 24.0341, ""sparse_l"": 26.6147, ""sv_l"": 30.6147, ""feat_secs"": 0.002864, ""feat_secs_frame"": 0.000145, ""feat_secs_hsf"": 0.00268}"
ct,"ct:n=24,L=1,t=32,nn=1",1,"{""n"": 24.0, ""L"": 1.0, ""t"": 32.0, ""nn"": 1.0}",mps,ok,0.000146,0.0045,2310144,0.0,2,1.079415874367689e-15,1.079415874367689e-15,,"{""n"": 24, ""gates"": 98, ""g2"": 12, ""g3"": 0, ""depth2"": 1, ""t_count"": 32, ""rotations"": 32, ""d"": 13, ""dense_l"": 15.7125, ""redundant"": 19, ""obs_zero"": true, ""frame_l"": 6.6147, ""chi_bits"": 1, ""mps_l"": 7.5078, ""hsf_k"": 0, ""hsf_na"": 12, ""hsf_nb"": 12, ""hsf_l"": 24.0341, ""sup"": 20, ""chi_bits0"": 1, ""mps_l0"": 7.5078, ""hsf_keff"": 0, ""hsf_l0"": 24.0341, ""sparse_l"": 26.6147, ""sv_l"": 30.6147, ""feat_secs"": 0.002864, ""feat_secs_frame"": 0.000145, ""feat_secs_hsf"": 0.00268}"
ct,"ct:n=24,L=1,t=32,nn=1",1,"{""n"": 24.0, ""L"": 1.0, ""t"": 32.0, ""nn"": 1.0}",hsf,ok,0.049311,0.0541,271269888,1.136327380130658e-15,1,1.079415874367689e-15,5.691150576296901e-17,,"{""n"": 24, ""gates"": 98, ""g2"": 12, ""g3"": 0, ""depth2"": 1, ""t_count"": 32, ""rotations"": 32, ""d"": 13, ""dense_l"": 15.7125, ""redundant"": 19, ""obs_zero"": true, ""frame_l"": 6.6147, ""chi_bits"": 1, ""mps_l"": 7.5078, ""hsf_k"": 0, ""hsf_na"": 12, ""hsf_nb"": 12, ""hsf_l"": 24.0341, ""sup"": 20, ""chi_bits0"": 1, ""mps_l0"": 7.5078, ""hsf_keff"": 0, ""hsf_l0"": 24.0341, ""sparse_l"": 26.6147, ""sv_l"": 30.6147, ""feat_secs"": 0.002864, ""feat_secs_frame"": 0.000145, ""feat_secs_hsf"": 0.00268}"
ct,"ct:n=24,L=1,t=32,nn=1",1,"{""n"": 24.0, ""L"": 1.0, ""t"": 32.0, ""nn"": 1.0}",tableau,na,,0.0044,1835008,,,1.079415874367689e-15,,"TooLarge { what: ""tableau (non-Clifford circuit)"", bytes: 0, limit: 0 }","{""n"": 24, ""gates"": 98, ""g2"": 12, ""g3"": 0, ""depth2"": 1, ""t_count"": 32, ""rotations"": 32, ""d"": 13, ""dense_l"": 15.7125, ""redundant"": 19, ""obs_zero"": true, ""frame_l"": 6.6147, ""chi_bits"": 1, ""mps_l"": 7.5078, ""hsf_k"": 0, ""hsf_na"": 12, ""hsf_nb"": 12, ""hsf_l"": 24.0341, ""sup"": 20, ""chi_bits0"": 1, ""mps_l0"": 7.5078, ""hsf_keff"": 0, ""hsf_l0"": 24.0341, ""sparse_l"": 26.6147, ""sv_l"": 30.6147, ""feat_secs"": 0.002864, ""feat_secs_frame"": 0.000145, ""feat_secs_hsf"": 0.00268}"
ct,"ct:n=24,L=1,t=32,nn=1",1,"{""n"": 24.0, ""L"": 1.0, ""t"": 32.0, ""nn"": 1.0}",cstate,ok,0.000159,0.0046,2113536,0.0,13,1.079415874367689e-15,1.079415874367689e-15,,"{""n"": 24, ""gates"": 98, ""g2"": 12, ""g3"": 0, ""depth2"": 1, ""t_count"": 32, ""rotations"": 32, ""d"": 13, ""dense_l"": 15.7125, ""redundant"": 19, ""obs_zero"": true, ""frame_l"": 6.6147, ""chi_bits"": 1, ""mps_l"": 7.5078, ""hsf_k"": 0, ""hsf_na"": 12, ""hsf_nb"": 12, ""hsf_l"": 24.0341, ""sup"": 20, ""chi_bits0"": 1, ""mps_l0"": 7.5078, ""hsf_keff"": 0, ""hsf_l0"": 24.0341, ""sparse_l"": 26.6147, ""sv_l"": 30.6147, ""feat_secs"": 0.002864, ""feat_secs_frame"": 0.000145, ""feat_secs_hsf"": 0.00268}"
ct,"ct:n=24,L=1,t=32,nn=1",1,"{""n"": 24.0, ""L"": 1.0, ""t"": 32.0, ""nn"": 1.0}",frame,ok,0.000251,0.0046,2457600,-0.0,0,1.079415874367689e-15,1.079415874367689e-15,switched_at=None dense_qubits=0 peak_terms=0 term_visits=0 dense_ops=0,"{""n"": 24, ""gates"": 98, ""g2"": 12, ""g3"": 0, ""depth2"": 1, ""t_count"": 32, ""rotations"": 32, ""d"": 13, ""dense_l"": 15.7125, ""redundant"": 19, ""obs_zero"": true, ""frame_l"": 6.6147, ""chi_bits"": 1, ""mps_l"": 7.5078, ""hsf_k"": 0, ""hsf_na"": 12, ""hsf_nb"": 12, ""hsf_l"": 24.0341, ""sup"": 20, ""chi_bits0"": 1, ""mps_l0"": 7.5078, ""hsf_keff"": 0, ""hsf_l0"": 24.0341, ""sparse_l"": 26.6147, ""sv_l"": 30.6147, ""feat_secs"": 0.002864, ""feat_secs_frame"": 0.000145, ""feat_secs_hsf"": 0.00268}"
ct,"ct:n=24,L=1,t=32,nn=1",1,"{""n"": 24.0, ""L"": 1.0, ""t"": 32.0, ""nn"": 1.0}",dense,ok,0.000245,0.0069,2342912,0.0,13,1.079415874367689e-15,1.079415874367689e-15,switched_at=Some(32) dense_qubits=13 peak_terms=0 term_visits=0 dense_ops=53694,"{""n"": 24, ""gates"": 98, ""g2"": 12, ""g3"": 0, ""depth2"": 1, ""t_count"": 32, ""rotations"": 32, ""d"": 13, ""dense_l"": 15.7125, ""redundant"": 19, ""obs_zero"": true, ""frame_l"": 6.6147, ""chi_bits"": 1, ""mps_l"": 7.5078, ""hsf_k"": 0, ""hsf_na"": 12, ""hsf_nb"": 12, ""hsf_l"": 24.0341, ""sup"": 20, ""chi_bits0"": 1, ""mps_l0"": 7.5078, ""hsf_keff"": 0, ""hsf_l0"": 24.0341, ""sparse_l"": 26.6147, ""sv_l"": 30.6147, ""feat_secs"": 0.002864, ""feat_secs_frame"": 0.000145, ""feat_secs_hsf"": 0.00268}"
ct,"ct:n=24,L=1,t=32,nn=1",1,"{""n"": 24.0, ""L"": 1.0, ""t"": 32.0, ""nn"": 1.0}",auto,ok,0.000225,0.0075,2457600,-0.0,0,1.079415874367689e-15,1.079415874367689e-15,switched_at=None dense_qubits=0 peak_terms=0 term_visits=0 dense_ops=0,"{""n"": 24, ""gates"": 98, ""g2"": 12, ""g3"": 0, ""depth2"": 1, ""t_count"": 32, ""rotations"": 32, ""d"": 13, ""dense_l"": 15.7125, ""redundant"": 19, ""obs_zero"": true, ""frame_l"": 6.6147, ""chi_bits"": 1, ""mps_l"": 7.5078, ""hsf_k"": 0, ""hsf_na"": 12, ""hsf_nb"": 12, ""hsf_l"": 24.0341, ""sup"": 20, ""chi_bits0"": 1, ""mps_l0"": 7.5078, ""hsf_keff"": 0, ""hsf_l0"": 24.0341, ""sparse_l"": 26.6147, ""sv_l"": 30.6147, ""feat_secs"": 0.002864, ""feat_secs_frame"": 0.000145, ""feat_secs_hsf"": 0.00268}"
ct,"ct:n=24,L=1,t=48,nn=1",1,"{""n"": 24.0, ""L"": 1.0, ""t"": 48.0, ""nn"": 1.0}",sv,ok,0.410626,0.4165,272187392,-0.4267766952959832,16777216,-0.4267766952959832,0.0,,"{""n"": 24, ""gates"": 128, ""g2"": 12, ""g3"": 0, ""depth2"": 1, ""t_count"": 48, ""rotations"": 48, ""d"": 17, ""dense_l"": 19.2295, ""redundant"": 31, ""obs_zero"": false, ""frame_l"": 21.085, ""chi_bits"": 1, ""mps_l"": 7.7279, ""hsf_k"": 0, ""hsf_na"": 12, ""hsf_nb"": 12, ""hsf_l"": 24.0444, ""sup"": 23, ""chi_bits0"": 1, ""mps_l0"": 7.7279, ""hsf_keff"": 0, ""hsf_l0"": 24.0444, ""sparse_l"": 30.0, ""sv_l"": 31.0, ""feat_secs"": 0.002787, ""feat_secs_frame"": 0.000131, ""feat_secs_hsf"": 0.002615}"
ct,"ct:n=24,L=1,t=48,nn=1",1,"{""n"": 24.0, ""L"": 1.0, ""t"": 48.0, ""nn"": 1.0}",sparse,ok,4.918352,4.9244,1682259968,-0.4267766952966471,8388608,-0.4267766952959832,6.638578575746124e-13,,"{""n"": 24, ""gates"": 128, ""g2"": 12, ""g3"": 0, ""depth2"": 1, ""t_count"": 48, ""rotations"": 48, ""d"": 17, ""dense_l"": 19.2295, ""redundant"": 31, ""obs_zero"": false, ""frame_l"": 21.085, ""chi_bits"": 1, ""mps_l"": 7.7279, ""hsf_k"": 0, ""hsf_na"": 12, ""hsf_nb"": 12, ""hsf_l"": 24.0444, ""sup"": 23, ""chi_bits0"": 1, ""mps_l0"": 7.7279, ""hsf_keff"": 0, ""hsf_l0"": 24.0444, ""sparse_l"": 30.0, ""sv_l"": 31.0, ""feat_secs"": 0.002787, ""feat_secs_frame"": 0.000131, ""feat_secs_hsf"": 0.002615}"
ct,"ct:n=24,L=1,t=48,nn=1",1,"{""n"": 24.0, ""L"": 1.0, ""t"": 48.0, ""nn"": 1.0}",mps,ok,0.000166,0.0045,2310144,-0.4267766952966365,2,-0.4267766952959832,6.532552276894421e-13,,"{""n"": 24, ""gates"": 128, ""g2"": 12, ""g3"": 0, ""depth2"": 1, ""t_count"": 48, ""rotations"": 48, ""d"": 17, ""dense_l"": 19.2295, ""redundant"": 31, ""obs_zero"": false, ""frame_l"": 21.085, ""chi_bits"": 1, ""mps_l"": 7.7279, ""hsf_k"": 0, ""hsf_na"": 12, ""hsf_nb"": 12, ""hsf_l"": 24.0444, ""sup"": 23, ""chi_bits0"": 1, ""mps_l0"": 7.7279, ""hsf_keff"": 0, ""hsf_l0"": 24.0444, ""sparse_l"": 30.0, ""sv_l"": 31.0, ""feat_secs"": 0.002787, ""feat_secs_frame"": 0.000131, ""feat_secs_hsf"": 0.002615}"
ct,"ct:n=24,L=1,t=48,nn=1",1,"{""n"": 24.0, ""L"": 1.0, ""t"": 48.0, ""nn"": 1.0}",hsf,ok,0.050019,0.0547,271204352,-0.4267766952959626,1,-0.4267766952959832,2.0594637106796654e-14,,"{""n"": 24, ""gates"": 128, ""g2"": 12, ""g3"": 0, ""depth2"": 1, ""t_count"": 48, ""rotations"": 48, ""d"": 17, ""dense_l"": 19.2295, ""redundant"": 31, ""obs_zero"": false, ""frame_l"": 21.085, ""chi_bits"": 1, ""mps_l"": 7.7279, ""hsf_k"": 0, ""hsf_na"": 12, ""hsf_nb"": 12, ""hsf_l"": 24.0444, ""sup"": 23, ""chi_bits0"": 1, ""mps_l0"": 7.7279, ""hsf_keff"": 0, ""hsf_l0"": 24.0444, ""sparse_l"": 30.0, ""sv_l"": 31.0, ""feat_secs"": 0.002787, ""feat_secs_frame"": 0.000131, ""feat_secs_hsf"": 0.002615}"
ct,"ct:n=24,L=1,t=48,nn=1",1,"{""n"": 24.0, ""L"": 1.0, ""t"": 48.0, ""nn"": 1.0}",tableau,na,,0.0047,1835008,,,-0.4267766952959832,,"TooLarge { what: ""tableau (non-Clifford circuit)"", bytes: 0, limit: 0 }","{""n"": 24, ""gates"": 128, ""g2"": 12, ""g3"": 0, ""depth2"": 1, ""t_count"": 48, ""rotations"": 48, ""d"": 17, ""dense_l"": 19.2295, ""redundant"": 31, ""obs_zero"": false, ""frame_l"": 21.085, ""chi_bits"": 1, ""mps_l"": 7.7279, ""hsf_k"": 0, ""hsf_na"": 12, ""hsf_nb"": 12, ""hsf_l"": 24.0444, ""sup"": 23, ""chi_bits0"": 1, ""mps_l0"": 7.7279, ""hsf_keff"": 0, ""hsf_l0"": 24.0444, ""sparse_l"": 30.0, ""sv_l"": 31.0, ""feat_secs"": 0.002787, ""feat_secs_frame"": 0.000131, ""feat_secs_hsf"": 0.002615}"
ct,"ct:n=24,L=1,t=48,nn=1",1,"{""n"": 24.0, ""L"": 1.0, ""t"": 48.0, ""nn"": 1.0}",cstate,ok,0.001548,0.0072,4489216,-0.4267766952966307,17,-0.4267766952959832,6.474820679613913e-13,,"{""n"": 24, ""gates"": 128, ""g2"": 12, ""g3"": 0, ""depth2"": 1, ""t_count"": 48, ""rotations"": 48, ""d"": 17, ""dense_l"": 19.2295, ""redundant"": 31, ""obs_zero"": false, ""frame_l"": 21.085, ""chi_bits"": 1, ""mps_l"": 7.7279, ""hsf_k"": 0, ""hsf_na"": 12, ""hsf_nb"": 12, ""hsf_l"": 24.0444, ""sup"": 23, ""chi_bits0"": 1, ""mps_l0"": 7.7279, ""hsf_keff"": 0, ""hsf_l0"": 24.0444, ""sparse_l"": 30.0, ""sv_l"": 31.0, ""feat_secs"": 0.002787, ""feat_secs_frame"": 0.000131, ""feat_secs_hsf"": 0.002615}"
ct,"ct:n=24,L=1,t=48,nn=1",1,"{""n"": 24.0, ""L"": 1.0, ""t"": 48.0, ""nn"": 1.0}",frame,ok,0.000666,0.0077,2523136,-0.4267766952966368,3,-0.4267766952959832,6.535882945968297e-13,switched_at=None dense_qubits=0 peak_terms=3 term_visits=52 dense_ops=0,"{""n"": 24, ""gates"": 128, ""g2"": 12, ""g3"": 0, ""depth2"": 1, ""t_count"": 48, ""rotations"": 48, ""d"": 17, ""dense_l"": 19.2295, ""redundant"": 31, ""obs_zero"": false, ""frame_l"": 21.085, ""chi_bits"": 1, ""mps_l"": 7.7279, ""hsf_k"": 0, ""hsf_na"": 12, ""hsf_nb"": 12, ""hsf_l"": 24.0444, ""sup"": 23, ""chi_bits0"": 1, ""mps_l0"": 7.7279, ""hsf_keff"": 0, ""hsf_l0"": 24.0444, ""sparse_l"": 30.0, ""sv_l"": 31.0, ""feat_secs"": 0.002787, ""feat_secs_frame"": 0.000131, ""feat_secs_hsf"": 0.002615}"
ct,"ct:n=24,L=1,t=48,nn=1",1,"{""n"": 24.0, ""L"": 1.0, ""t"": 48.0, ""nn"": 1.0}",dense,ok,0.001531,0.0077,4685824,-0.4267766952966307,17,-0.4267766952959832,6.474820679613913e-13,switched_at=Some(48) dense_qubits=17 peak_terms=1 term_visits=0 dense_ops=745775,"{""n"": 24, ""gates"": 128, ""g2"": 12, ""g3"": 0, ""depth2"": 1, ""t_count"": 48, ""rotations"": 48, ""d"": 17, ""dense_l"": 19.2295, ""redundant"": 31, ""obs_zero"": false, ""frame_l"": 21.085, ""chi_bits"": 1, ""mps_l"": 7.7279, ""hsf_k"": 0, ""hsf_na"": 12, ""hsf_nb"": 12, ""hsf_l"": 24.0444, ""sup"": 23, ""chi_bits0"": 1, ""mps_l0"": 7.7279, ""hsf_keff"": 0, ""hsf_l0"": 24.0444, ""sparse_l"": 30.0, ""sv_l"": 31.0, ""feat_secs"": 0.002787, ""feat_secs_frame"": 0.000131, ""feat_secs_hsf"": 0.002615}"
ct,"ct:n=24,L=1,t=48,nn=1",1,"{""n"": 24.0, ""L"": 1.0, ""t"": 48.0, ""nn"": 1.0}",auto,ok,0.000546,0.0077,2523136,-0.4267766952966367,4,-0.4267766952959832,6.534772722943671e-13,switched_at=Some(14) dense_qubits=4 peak_terms=3 term_visits=38 dense_ops=127,"{""n"": 24, ""gates"": 128, ""g2"": 12, ""g3"": 0, ""depth2"": 1, ""t_count"": 48, ""rotations"": 48, ""d"": 17, ""dense_l"": 19.2295, ""redundant"": 31, ""obs_zero"": false, ""frame_l"": 21.085, ""chi_bits"": 1, ""mps_l"": 7.7279, ""hsf_k"": 0, ""hsf_na"": 12, ""hsf_nb"": 12, ""hsf_l"": 24.0444, ""sup"": 23, ""chi_bits0"": 1, ""mps_l0"": 7.7279, ""hsf_keff"": 0, ""hsf_l0"": 24.0444, ""sparse_l"": 30.0, ""sv_l"": 31.0, ""feat_secs"": 0.002787, ""feat_secs_frame"": 0.000131, ""feat_secs_hsf"": 0.002615}"
ct,"ct:n=24,L=1,t=64,nn=1",1,"{""n"": 24.0, ""L"": 1.0, ""t"": 64.0, ""nn"": 1.0}",sv,ok,0.393785,0.3989,272203776,0.02144660940672602,16777216,0.02144660940672602,0.0,,"{""n"": 24, ""gates"": 163, ""g2"": 12, ""g3"": 0, ""depth2"": 1, ""t_count"": 64, ""rotations"": 64, ""d"": 20, ""dense_l"": 22.5646, ""redundant"": 44, ""obs_zero"": false, ""frame_l"": 28.0, ""chi_bits"": 1, ""mps_l"": 7.9484, ""hsf_k"": 0, ""hsf_na"": 12, ""hsf_nb"": 12, ""hsf_l"": 24.0563, ""sup"": 22, ""chi_bits0"": 1, ""mps_l0"": 7.9484, ""hsf_keff"": 0, ""hsf_l0"": 24.0563, ""sparse_l"": 29.3487, ""sv_l"": 31.3487, ""feat_secs"": 0.005112, ""feat_secs_frame"": 0.00022, ""feat_secs_hsf"": 0.004827}"
ct,"ct:n=24,L=1,t=64,nn=1",1,"{""n"": 24.0, ""L"": 1.0, ""t"": 64.0, ""nn"": 1.0}",sparse,ok,2.808678,2.8156,844267520,0.02144660940672751,4194304,0.02144660940672602,1.4918621893400541e-15,,"{""n"": 24, ""gates"": 163, ""g2"": 12, ""g3"": 0, ""depth2"": 1, ""t_count"": 64, ""rotations"": 64, ""d"": 20, ""dense_l"": 22.5646, ""redundant"": 44, ""obs_zero"": false, ""frame_l"": 28.0, ""chi_bits"": 1, ""mps_l"": 7.9484, ""hsf_k"": 0, ""hsf_na"": 12, ""hsf_nb"": 12, ""hsf_l"": 24.0563, ""sup"": 22, ""chi_bits0"": 1, ""mps_l0"": 7.9484, ""hsf_keff"": 0, ""hsf_l0"": 24.0563, ""sparse_l"": 29.3487, ""sv_l"": 31.3487, ""feat_secs"": 0.005112, ""feat_secs_frame"": 0.00022, ""feat_secs_hsf"": 0.004827}"
ct,"ct:n=24,L=1,t=64,nn=1",1,"{""n"": 24.0, ""L"": 1.0, ""t"": 64.0, ""nn"": 1.0}",mps,ok,0.000192,0.0045,2326528,0.02144660940672621,2,0.02144660940672602,1.9081958235744878e-16,,"{""n"": 24, ""gates"": 163, ""g2"": 12, ""g3"": 0, ""depth2"": 1, ""t_count"": 64, ""rotations"": 64, ""d"": 20, ""dense_l"": 22.5646, ""redundant"": 44, ""obs_zero"": false, ""frame_l"": 28.0, ""chi_bits"": 1, ""mps_l"": 7.9484, ""hsf_k"": 0, ""hsf_na"": 12, ""hsf_nb"": 12, ""hsf_l"": 24.0563, ""sup"": 22, ""chi_bits0"": 1, ""mps_l0"": 7.9484, ""hsf_keff"": 0, ""hsf_l0"": 24.0563, ""sparse_l"": 29.3487, ""sv_l"": 31.3487, ""feat_secs"": 0.005112, ""feat_secs_frame"": 0.00022, ""feat_secs_hsf"": 0.004827}"
ct,"ct:n=24,L=1,t=64,nn=1",1,"{""n"": 24.0, ""L"": 1.0, ""t"": 64.0, ""nn"": 1.0}",hsf,ok,0.057214,0.0620,271269888,0.02144660940672598,1,0.02144660940672602,3.8163916471489756e-17,,"{""n"": 24, ""gates"": 163, ""g2"": 12, ""g3"": 0, ""depth2"": 1, ""t_count"": 64, ""rotations"": 64, ""d"": 20, ""dense_l"": 22.5646, ""redundant"": 44, ""obs_zero"": false, ""frame_l"": 28.0, ""chi_bits"": 1, ""mps_l"": 7.9484, ""hsf_k"": 0, ""hsf_na"": 12, ""hsf_nb"": 12, ""hsf_l"": 24.0563, ""sup"": 22, ""chi_bits0"": 1, ""mps_l0"": 7.9484, ""hsf_keff"": 0, ""hsf_l0"": 24.0563, ""sparse_l"": 29.3487, ""sv_l"": 31.3487, ""feat_secs"": 0.005112, ""feat_secs_frame"": 0.00022, ""feat_secs_hsf"": 0.004827}"
ct,"ct:n=24,L=1,t=64,nn=1",1,"{""n"": 24.0, ""L"": 1.0, ""t"": 64.0, ""nn"": 1.0}",tableau,na,,0.0043,1851392,,,0.02144660940672602,,"TooLarge { what: ""tableau (non-Clifford circuit)"", bytes: 0, limit: 0 }","{""n"": 24, ""gates"": 163, ""g2"": 12, ""g3"": 0, ""depth2"": 1, ""t_count"": 64, ""rotations"": 64, ""d"": 20, ""dense_l"": 22.5646, ""redundant"": 44, ""obs_zero"": false, ""frame_l"": 28.0, ""chi_bits"": 1, ""mps_l"": 7.9484, ""hsf_k"": 0, ""hsf_na"": 12, ""hsf_nb"": 12, ""hsf_l"": 24.0563, ""sup"": 22, ""chi_bits0"": 1, ""mps_l0"": 7.9484, ""hsf_keff"": 0, ""hsf_l0"": 24.0563, ""sparse_l"": 29.3487, ""sv_l"": 31.3487, ""feat_secs"": 0.005112, ""feat_secs_frame"": 0.00022, ""feat_secs_hsf"": 0.004827}"
ct,"ct:n=24,L=1,t=64,nn=1",1,"{""n"": 24.0, ""L"": 1.0, ""t"": 64.0, ""nn"": 1.0}",cstate,ok,0.011654,0.0161,19218432,0.0214466094067259,20,0.02144660940672602,1.1796119636642288e-16,,"{""n"": 24, ""gates"": 163, ""g2"": 12, ""g3"": 0, ""depth2"": 1, ""t_count"": 64, ""rotations"": 64, ""d"": 20, ""dense_l"": 22.5646, ""redundant"": 44, ""obs_zero"": false, ""frame_l"": 28.0, ""chi_bits"": 1, ""mps_l"": 7.9484, ""hsf_k"": 0, ""hsf_na"": 12, ""hsf_nb"": 12, ""hsf_l"": 24.0563, ""sup"": 22, ""chi_bits0"": 1, ""mps_l0"": 7.9484, ""hsf_keff"": 0, ""hsf_l0"": 24.0563, ""sparse_l"": 29.3487, ""sv_l"": 31.3487, ""feat_secs"": 0.005112, ""feat_secs_frame"": 0.00022, ""feat_secs_hsf"": 0.004827}"
ct,"ct:n=24,L=1,t=64,nn=1",1,"{""n"": 24.0, ""L"": 1.0, ""t"": 64.0, ""nn"": 1.0}",frame,ok,0.000889,0.0076,2539520,0.02144660940672628,3,0.02144660940672602,2.6020852139652106e-16,switched_at=None dense_qubits=0 peak_terms=3 term_visits=70 dense_ops=0,"{""n"": 24, ""gates"": 163, ""g2"": 12, ""g3"": 0, ""depth2"": 1, ""t_count"": 64, ""rotations"": 64, ""d"": 20, ""dense_l"": 22.5646, ""redundant"": 44, ""obs_zero"": false, ""frame_l"": 28.0, ""chi_bits"": 1, ""mps_l"": 7.9484, ""hsf_k"": 0, ""hsf_na"": 12, ""hsf_nb"": 12, ""hsf_l"": 24.0563, ""sup"": 22, ""chi_bits0"": 1, ""mps_l0"": 7.9484, ""hsf_keff"": 0, ""hsf_l0"": 24.0563, ""sparse_l"": 29.3487, ""sv_l"": 31.3487, ""feat_secs"": 0.005112, ""feat_secs_frame"": 0.00022, ""feat_secs_hsf"": 0.004827}"
ct,"ct:n=24,L=1,t=64,nn=1",1,"{""n"": 24.0, ""L"": 1.0, ""t"": 64.0, ""nn"": 1.0}",dense,ok,0.011686,0.0163,19382272,0.0214466094067259,20,0.02144660940672602,1.1796119636642288e-16,switched_at=Some(64) dense_qubits=20 peak_terms=1 term_visits=0 dense_ops=7251696,"{""n"": 24, ""gates"": 163, ""g2"": 12, ""g3"": 0, ""depth2"": 1, ""t_count"": 64, ""rotations"": 64, ""d"": 20, ""dense_l"": 22.5646, ""redundant"": 44, ""obs_zero"": false, ""frame_l"": 28.0, ""chi_bits"": 1, ""mps_l"": 7.9484, ""hsf_k"": 0, ""hsf_na"": 12, ""hsf_nb"": 12, ""hsf_l"": 24.0563, ""sup"": 22, ""chi_bits0"": 1, ""mps_l0"": 7.9484, ""hsf_keff"": 0, ""hsf_l0"": 24.0563, ""sparse_l"": 29.3487, ""sv_l"": 31.3487, ""feat_secs"": 0.005112, ""feat_secs_frame"": 0.00022, ""feat_secs_hsf"": 0.004827}"
ct,"ct:n=24,L=1,t=64,nn=1",1,"{""n"": 24.0, ""L"": 1.0, ""t"": 64.0, ""nn"": 1.0}",auto,ok,0.000808,0.0076,2555904,0.02144660940672627,5,0.02144660940672602,2.498001805406602e-16,switched_at=Some(19) dense_qubits=5 peak_terms=3 term_visits=51 dense_ops=272,"{""n"": 24, ""gates"": 163, ""g2"": 12, ""g3"": 0, ""depth2"": 1, ""t_count"": 64, ""rotations"": 64, ""d"": 20, ""dense_l"": 22.5646, ""redundant"": 44, ""obs_zero"": false, ""frame_l"": 28.0, ""chi_bits"": 1, ""mps_l"": 7.9484, ""hsf_k"": 0, ""hsf_na"": 12, ""hsf_nb"": 12, ""hsf_l"": 24.0563, ""sup"": 22, ""chi_bits0"": 1, ""mps_l0"": 7.9484, ""hsf_keff"": 0, ""hsf_l0"": 24.0563, ""sparse_l"": 29.3487, ""sv_l"": 31.3487, ""feat_secs"": 0.005112, ""feat_secs_frame"": 0.00022, ""feat_secs_hsf"": 0.004827}"
ct,"ct:n=24,L=2,t=0,nn=1",1,"{""n"": 24.0, ""L"": 2.0, ""t"": 0.0, ""nn"": 1.0}",sv,ok,0.488365,0.4936,272236544,3.252606517456513e-18,16777216,3.252606517456513e-18,0.0,,"{""n"": 24, ""gates"": 67, ""g2"": 23, ""g3"": 0, ""depth2"": 2, ""t_count"": 0, ""rotations"": 0, ""d"": 0, ""dense_l"": 0.0, ""redundant"": 0, ""obs_zero"": true, ""frame_l"": 6.0661, ""chi_bits"": 1, ""mps_l"": 8.1699, ""hsf_k"": 1, ""hsf_na"": 12, ""hsf_nb"": 12, ""hsf_l"": 25.0234, ""sup"": 17, ""chi_bits0"": 1, ""mps_l0"": 8.1699, ""hsf_keff"": 1, ""hsf_l0"": 25.0234, ""sparse_l"": 23.0661, ""sv_l"": 30.0661, ""feat_secs"": 0.005365, ""feat_secs_frame"": 0.000123, ""feat_secs_hsf"": 0.005197}"
ct,"ct:n=24,L=2,t=0,nn=1",1,"{""n"": 24.0, ""L"": 2.0, ""t"": 0.0, ""nn"": 1.0}",sparse,ok,0.004863,0.0103,4587520,2.168404344971009e-19,16384,3.252606517456513e-18,3.035766082959412e-18,,"{""n"": 24, ""gates"": 67, ""g2"": 23, ""g3"": 0, ""depth2"": 2, ""t_count"": 0, ""rotations"": 0, ""d"": 0, ""dense_l"": 0.0, ""redundant"": 0, ""obs_zero"": true, ""frame_l"": 6.0661, ""chi_bits"": 1, ""mps_l"": 8.1699, ""hsf_k"": 1, ""hsf_na"": 12, ""hsf_nb"": 12, ""hsf_l"": 25.0234, ""sup"": 17, ""chi_bits0"": 1, ""mps_l0"": 8.1699, ""hsf_keff"": 1, ""hsf_l0"": 25.0234, ""sparse_l"": 23.0661, ""sv_l"": 30.0661, ""feat_secs"": 0.005365, ""feat_secs_frame"": 0.000123, ""feat_secs_hsf"": 0.005197}"
ct,"ct:n=24,L=2,t=0,nn=1",1,"{""n"": 24.0, ""L"": 2.0, ""t"": 0.0, ""nn"": 1.0}",mps,ok,0.000224,0.0045,2473984,2.150232303991059e-16,2,3.252606517456513e-18,2.117706238816494e-16,,"{""n"": 24, ""gates"": 67, ""g2"": 23, ""g3"": 0, ""depth2"": 2, ""t_count"": 0, ""rotations"": 0, ""d"": 0, ""dense_l"": 0.0, ""redundant"": 0, ""obs_zero"": true, ""frame_l"": 6.0661, ""chi_bits"": 1, ""mps_l"": 8.1699, ""hsf_k"": 1, ""hsf_na"": 12, ""hsf_nb"": 12, ""hsf_l"": 25.0234, ""sup"": 17, ""chi_bits0"": 1, ""mps_l0"": 8.1699, ""hsf_keff"": 1, ""hsf_l0"": 25.0234, ""sparse_l"": 23.0661, ""sv_l"": 30.0661, ""feat_secs"": 0.005365, ""feat_secs_frame"": 0.000123, ""feat_secs_hsf"": 0.005197}"
ct,"ct:n=24,L=2,t=0,nn=1",1,"{""n"": 24.0, ""L"": 2.0, ""t"": 0.0, ""nn"": 1.0}",hsf,ok,0.058292,0.0633,271319040,2.602085213965211e-18,2,3.252606517456513e-18,6.505213034913019e-19,,"{""n"": 24, ""gates"": 67, ""g2"": 23, ""g3"": 0, ""depth2"": 2, ""t_count"": 0, ""rotations"": 0, ""d"": 0, ""dense_l"": 0.0, ""redundant"": 0, ""obs_zero"": true, ""frame_l"": 6.0661, ""chi_bits"": 1, ""mps_l"": 8.1699, ""hsf_k"": 1, ""hsf_na"": 12, ""hsf_nb"": 12, ""hsf_l"": 25.0234, ""sup"": 17, ""chi_bits0"": 1, ""mps_l0"": 8.1699, ""hsf_keff"": 1, ""hsf_l0"": 25.0234, ""sparse_l"": 23.0661, ""sv_l"": 30.0661, ""feat_secs"": 0.005365, ""feat_secs_frame"": 0.000123, ""feat_secs_hsf"": 0.005197}"
ct,"ct:n=24,L=2,t=0,nn=1",1,"{""n"": 24.0, ""L"": 2.0, ""t"": 0.0, ""nn"": 1.0}",tableau,ok,7.3e-05,0.0046,1998848,-0.0,0,3.252606517456513e-18,3.252606517456513e-18,value recomputed after the C-vs-C† fix (timing from the original run),"{""n"": 24, ""gates"": 67, ""g2"": 23, ""g3"": 0, ""depth2"": 2, ""t_count"": 0, ""rotations"": 0, ""d"": 0, ""dense_l"": 0.0, ""redundant"": 0, ""obs_zero"": true, ""frame_l"": 6.0661, ""chi_bits"": 1, ""mps_l"": 8.1699, ""hsf_k"": 1, ""hsf_na"": 12, ""hsf_nb"": 12, ""hsf_l"": 25.0234, ""sup"": 17, ""chi_bits0"": 1, ""mps_l0"": 8.1699, ""hsf_keff"": 1, ""hsf_l0"": 25.0234, ""sparse_l"": 23.0661, ""sv_l"": 30.0661, ""feat_secs"": 0.005365, ""feat_secs_frame"": 0.000123, ""feat_secs_hsf"": 0.005197}"
ct,"ct:n=24,L=2,t=0,nn=1",1,"{""n"": 24.0, ""L"": 2.0, ""t"": 0.0, ""nn"": 1.0}",cstate,ok,8.1e-05,0.0046,1966080,0.0,0,3.252606517456513e-18,3.252606517456513e-18,,"{""n"": 24, ""gates"": 67, ""g2"": 23, ""g3"": 0, ""depth2"": 2, ""t_count"": 0, ""rotations"": 0, ""d"": 0, ""dense_l"": 0.0, ""redundant"": 0, ""obs_zero"": true, ""frame_l"": 6.0661, ""chi_bits"": 1, ""mps_l"": 8.1699, ""hsf_k"": 1, ""hsf_na"": 12, ""hsf_nb"": 12, ""hsf_l"": 25.0234, ""sup"": 17, ""chi_bits0"": 1, ""mps_l0"": 8.1699, ""hsf_keff"": 1, ""hsf_l0"": 25.0234, ""sparse_l"": 23.0661, ""sv_l"": 30.0661, ""feat_secs"": 0.005365, ""feat_secs_frame"": 0.000123, ""feat_secs_hsf"": 0.005197}"
ct,"ct:n=24,L=2,t=0,nn=1",1,"{""n"": 24.0, ""L"": 2.0, ""t"": 0.0, ""nn"": 1.0}",frame,ok,0.000102,0.0045,2146304,-0.0,0,3.252606517456513e-18,3.252606517456513e-18,switched_at=None dense_qubits=0 peak_terms=0 term_visits=0 dense_ops=0,"{""n"": 24, ""gates"": 67, ""g2"": 23, ""g3"": 0, ""depth2"": 2, ""t_count"": 0, ""rotations"": 0, ""d"": 0, ""dense_l"": 0.0, ""redundant"": 0, ""obs_zero"": true, ""frame_l"": 6.0661, ""chi_bits"": 1, ""mps_l"": 8.1699, ""hsf_k"": 1, ""hsf_na"": 12, ""hsf_nb"": 12, ""hsf_l"": 25.0234, ""sup"": 17, ""chi_bits0"": 1, ""mps_l0"": 8.1699, ""hsf_keff"": 1, ""hsf_l0"": 25.0234, ""sparse_l"": 23.0661, ""sv_l"": 30.0661, ""feat_secs"": 0.005365, ""feat_secs_frame"": 0.000123, ""feat_secs_hsf"": 0.005197}"
ct,"ct:n=24,L=2,t=0,nn=1",1,"{""n"": 24.0, ""L"": 2.0, ""t"": 0.0, ""nn"": 1.0}",dense,ok,9.8e-05,0.0045,2146304,-0.0,0,3.252606517456513e-18,3.252606517456513e-18,switched_at=None dense_qubits=0 peak_terms=0 term_visits=0 dense_ops=0,"{""n"": 24, ""gates"": 67, ""g2"": 23, ""g3"": 0, ""depth2"": 2, ""t_count"": 0, ""rotations"": 0, ""d"": 0, ""dense_l"": 0.0, ""redundant"": 0, ""obs_zero"": true, ""frame_l"": 6.0661, ""chi_bits"": 1, ""mps_l"": 8.1699, ""hsf_k"": 1, ""hsf_na"": 12, ""hsf_nb"": 12, ""hsf_l"": 25.0234, ""sup"": 17, ""chi_bits0"": 1, ""mps_l0"": 8.1699, ""hsf_keff"": 1, ""hsf_l0"": 25.0234, ""sparse_l"": 23.0661, ""sv_l"": 30.0661, ""feat_secs"": 0.005365, ""feat_secs_frame"": 0.000123, ""feat_secs_hsf"": 0.005197}"
ct,"ct:n=24,L=2,t=0,nn=1",1,"{""n"": 24.0, ""L"": 2.0, ""t"": 0.0, ""nn"": 1.0}",auto,ok,0.000105,0.0046,2146304,-0.0,0,3.252606517456513e-18,3.252606517456513e-18,switched_at=None dense_qubits=0 peak_terms=0 term_visits=0 dense_ops=0,"{""n"": 24, ""gates"": 67, ""g2"": 23, ""g3"": 0, ""depth2"": 2, ""t_count"": 0, ""rotations"": 0, ""d"": 0, ""dense_l"": 0.0, ""redundant"": 0, ""obs_zero"": true, ""frame_l"": 6.0661, ""chi_bits"": 1, ""mps_l"": 8.1699, ""hsf_k"": 1, ""hsf_na"": 12, ""hsf_nb"": 12, ""hsf_l"": 25.0234, ""sup"": 17, ""chi_bits0"": 1, ""mps_l0"": 8.1699, ""hsf_keff"": 1, ""hsf_l0"": 25.0234, ""sparse_l"": 23.0661, ""sv_l"": 30.0661, ""feat_secs"": 0.005365, ""feat_secs_frame"": 0.000123, ""feat_secs_hsf"": 0.005197}"
ct,"ct:n=24,L=2,t=2,nn=1",1,"{""n"": 24.0, ""L"": 2.0, ""t"": 2.0, ""nn"": 1.0}",sv,ok,0.480803,0.4849,272285696,-3.035766082959412e-18,16777216,-3.035766082959412e-18,0.0,,"{""n"": 24, ""gates"": 69, ""g2"": 23, ""g3"": 0, ""depth2"": 2, ""t_count"": 2, ""rotations"": 2, ""d"": 2, ""dense_l"": 2.585, ""redundant"": 0, ""obs_zero"": true, ""frame_l"": 6.1085, ""chi_bits"": 1, ""mps_l"": 8.2095, ""hsf_k"": 1, ""hsf_na"": 12, ""hsf_nb"": 12, ""hsf_l"": 25.0241, ""sup"": 17, ""chi_bits0"": 1, ""mps_l0"": 8.2095, ""hsf_keff"": 1, ""hsf_l0"": 25.0241, ""sparse_l"": 23.1085, ""sv_l"": 30.1085, ""feat_secs"": 0.008279, ""feat_secs_frame"": 0.000102, ""feat_secs_hsf"": 0.00815}"
ct,"ct:n=24,L=2,t=2,nn=1",1,"{""n"": 24.0, ""L"": 2.0, ""t"": 2.0, ""nn"": 1.0}",sparse,ok,0.00578,0.0104,6275072,5.529431079676073e-18,16384,-3.035766082959412e-18,8.565197162635485e-18,,"{""n"": 24, ""gates"": 69, ""g2"": 23, ""g3"": 0, ""depth2"": 2, ""t_count"": 2, ""rotations"": 2, ""d"": 2, ""dense_l"": 2.585, ""redundant"": 0, ""obs_zero"": true, ""frame_l"": 6.1085, ""chi_bits"": 1, ""mps_l"": 8.2095, ""hsf_k"": 1, ""hsf_na"": 12, ""hsf_nb"": 12, ""hsf_l"": 25.0241, ""sup"": 17, ""chi_bits0"": 1, ""mps_l0"": 8.2095, ""hsf_keff"": 1, ""hsf_l0"": 25.0241, ""sparse_l"": 23.1085, ""sv_l"": 30.1085, ""feat_secs"": 0.008279, ""feat_secs_frame"": 0.000102, ""feat_secs_hsf"": 0.00815}"
ct,"ct:n=24,L=2,t=2,nn=1",1,"{""n"": 24.0, ""L"": 2.0, ""t"": 2.0, ""nn"": 1.0}",mps,ok,0.000215,0.0045,2490368,-5.551115123125786e-17,2,-3.035766082959412e-18,5.247538514829845e-17,,"{""n"": 24, ""gates"": 69, ""g2"": 23, ""g3"": 0, ""depth2"": 2, ""t_count"": 2, ""rotations"": 2, ""d"": 2, ""dense_l"": 2.585, ""redundant"": 0, ""obs_zero"": true, ""frame_l"": 6.1085, ""chi_bits"": 1, ""mps_l"": 8.2095, ""hsf_k"": 1, ""hsf_na"": 12, ""hsf_nb"": 12, ""hsf_l"": 25.0241, ""sup"": 17, ""chi_bits0"": 1, ""mps_l0"": 8.2095, ""hsf_keff"": 1, ""hsf_l0"": 25.0241, ""sparse_l"": 23.1085, ""sv_l"": 30.1085, ""feat_secs"": 0.008279, ""feat_secs_frame"": 0.000102, ""feat_secs_hsf"": 0.00815}"
ct,"ct:n=24,L=2,t=2,nn=1",1,"{""n"": 24.0, ""L"": 2.0, ""t"": 2.0, ""nn"": 1.0}",hsf,ok,0.058899,0.0651,271417344,-3.035766082959412e-18,2,-3.035766082959412e-18,0.0,,"{""n"": 24, ""gates"": 69, ""g2"": 23, ""g3"": 0, ""depth2"": 2, ""t_count"": 2, ""rotations"": 2, ""d"": 2, ""dense_l"": 2.585, ""redundant"": 0, ""obs_zero"": true, ""frame_l"": 6.1085, ""chi_bits"": 1, ""mps_l"": 8.2095, ""hsf_k"": 1, ""hsf_na"": 12, ""hsf_nb"": 12, ""hsf_l"": 25.0241, ""sup"": 17, ""chi_bits0"": 1, ""mps_l0"": 8.2095, ""hsf_keff"": 1, ""hsf_l0"": 25.0241, ""sparse_l"": 23.1085, ""sv_l"": 30.1085, ""feat_secs"": 0.008279, ""feat_secs_frame"": 0.000102, ""feat_secs_hsf"": 0.00815}"
ct,"ct:n=24,L=2,t=2,nn=1",1,"{""n"": 24.0, ""L"": 2.0, ""t"": 2.0, ""nn"": 1.0}",tableau,na,,0.0042,1835008,,,-3.035766082959412e-18,,"TooLarge { what: ""tableau (non-Clifford circuit)"", bytes: 0, limit: 0 }","{""n"": 24, ""gates"": 69, ""g2"": 23, ""g3"": 0, ""depth2"": 2, ""t_count"": 2, ""rotations"": 2, ""d"": 2, ""dense_l"": 2.585, ""redundant"": 0, ""obs_zero"": true, ""frame_l"": 6.1085, ""chi_bits"": 1, ""mps_l"": 8.2095, ""hsf_k"": 1, ""hsf_na"": 12, ""hsf_nb"": 12, ""hsf_l"": 25.0241, ""sup"": 17, ""chi_bits0"": 1, ""mps_l0"": 8.2095, ""hsf_keff"": 1, ""hsf_l0"": 25.0241, ""sparse_l"": 23.1085, ""sv_l"": 30.1085, ""feat_secs"": 0.008279, ""feat_secs_frame"": 0.000102, ""feat_secs_hsf"": 0.00815}"
ct,"ct:n=24,L=2,t=2,nn=1",1,"{""n"": 24.0, ""L"": 2.0, ""t"": 2.0, ""nn"": 1.0}",cstate,ok,0.000164,0.0044,1966080,0.0,2,-3.035766082959412e-18,3.035766082959412e-18,,"{""n"": 24, ""gates"": 69, ""g2"": 23, ""g3"": 0, ""depth2"": 2, ""t_count"": 2, ""rotations"": 2, ""d"": 2, ""dense_l"": 2.585, ""redundant"": 0, ""obs_zero"": true, ""frame_l"": 6.1085, ""chi_bits"": 1, ""mps_l"": 8.2095, ""hsf_k"": 1, ""hsf_na"": 12, ""hsf_nb"": 12, ""hsf_l"": 25.0241, ""sup"": 17, ""chi_bits0"": 1, ""mps_l0"": 8.2095, ""hsf_keff"": 1, ""hsf_l0"": 25.0241, ""sparse_l"": 23.1085, ""sv_l"": 30.1085, ""feat_secs"": 0.008279, ""feat_secs_frame"": 0.000102, ""feat_secs_hsf"": 0.00815}"
ct,"ct:n=24,L=2,t=2,nn=1",1,"{""n"": 24.0, ""L"": 2.0, ""t"": 2.0, ""nn"": 1.0}",frame,ok,0.000225,0.0057,2457600,-0.0,0,-3.035766082959412e-18,3.035766082959412e-18,switched_at=None dense_qubits=0 peak_terms=0 term_visits=0 dense_ops=0,"{""n"": 24, ""gates"": 69, ""g2"": 23, ""g3"": 0, ""depth2"": 2, ""t_count"": 2, ""rotations"": 2, ""d"": 2, ""dense_l"": 2.585, ""redundant"": 0, ""obs_zero"": true, ""frame_l"": 6.1085, ""chi_bits"": 1, ""mps_l"": 8.2095, ""hsf_k"": 1, ""hsf_na"": 12, ""hsf_nb"": 12, ""hsf_l"": 25.0241, ""sup"": 17, ""chi_bits0"": 1, ""mps_l0"": 8.2095, ""hsf_keff"": 1, ""hsf_l0"": 25.0241, ""sparse_l"": 23.1085, ""sv_l"": 30.1085, ""feat_secs"": 0.008279, ""feat_secs_frame"": 0.000102, ""feat_secs_hsf"": 0.00815}"
ct,"ct:n=24,L=2,t=2,nn=1",1,"{""n"": 24.0, ""L"": 2.0, ""t"": 2.0, ""nn"": 1.0}",dense,ok,0.000101,0.0044,2179072,0.0,2,-3.035766082959412e-18,3.035766082959412e-18,switched_at=Some(2) dense_qubits=2 peak_terms=0 term_visits=0 dense_ops=6,"{""n"": 24, ""gates"": 69, ""g2"": 23, ""g3"": 0, ""depth2"": 2, ""t_count"": 2, ""rotations"": 2, ""d"": 2, ""dense_l"": 2.585, ""redundant"": 0, ""obs_zero"": true, ""frame_l"": 6.1085, ""chi_bits"": 1, ""mps_l"": 8.2095, ""hsf_k"": 1, ""hsf_na"": 12, ""hsf_nb"": 12, ""hsf_l"": 25.0241, ""sup"": 17, ""chi_bits0"": 1, ""mps_l0"": 8.2095, ""hsf_keff"": 1, ""hsf_l0"": 25.0241, ""sparse_l"": 23.1085, ""sv_l"": 30.1085, ""feat_secs"": 0.008279, ""feat_secs_frame"": 0.000102, ""feat_secs_hsf"": 0.00815}"
ct,"ct:n=24,L=2,t=2,nn=1",1,"{""n"": 24.0, ""L"": 2.0, ""t"": 2.0, ""nn"": 1.0}",auto,ok,0.000112,0.0045,2179072,0.0,2,-3.035766082959412e-18,3.035766082959412e-18,switched_at=Some(2) dense_qubits=2 peak_terms=0 term_visits=0 dense_ops=6,"{""n"": 24, ""gates"": 69, ""g2"": 23, ""g3"": 0, ""depth2"": 2, ""t_count"": 2, ""rotations"": 2, ""d"": 2, ""dense_l"": 2.585, ""redundant"": 0, ""obs_zero"": true, ""frame_l"": 6.1085, ""chi_bits"": 1, ""mps_l"": 8.2095, ""hsf_k"": 1, ""hsf_na"": 12, ""hsf_nb"": 12, ""hsf_l"": 25.0241, ""sup"": 17, ""chi_bits0"": 1, ""mps_l0"": 8.2095, ""hsf_keff"": 1, ""hsf_l0"": 25.0241, ""sparse_l"": 23.1085, ""sv_l"": 30.1085, ""feat_secs"": 0.008279, ""feat_secs_frame"": 0.000102, ""feat_secs_hsf"": 0.00815}"
ct,"ct:n=24,L=2,t=4,nn=1",1,"{""n"": 24.0, ""L"": 2.0, ""t"": 4.0, ""nn"": 1.0}",sv,ok,0.503148,0.5086,272285696,-7.453889935837843e-19,16777216,-7.453889935837843e-19,0.0,,"{""n"": 24, ""gates"": 74, ""g2"": 23, ""g3"": 0, ""depth2"": 2, ""t_count"": 4, ""rotations"": 4, ""d"": 3, ""dense_l"": 4.1699, ""redundant"": 1, ""obs_zero"": false, ""frame_l"": 2.5, ""chi_bits"": 1, ""mps_l"": 8.3038, ""hsf_k"": 1, ""hsf_na"": 12, ""hsf_nb"": 12, ""hsf_l"": 24.0258, ""sup"": 19, ""chi_bits0"": 1, ""mps_l0"": 8.3038, ""hsf_keff"": 0, ""hsf_l0"": 25.0258, ""sparse_l"": 25.2095, ""sv_l"": 30.2095, ""feat_secs"": 0.005375, ""feat_secs_frame"": 9.5e-05, ""feat_secs_hsf"": 0.005252}"
ct,"ct:n=24,L=2,t=4,nn=1",1,"{""n"": 24.0, ""L"": 2.0, ""t"": 4.0, ""nn"": 1.0}",sparse,ok,0.030168,0.0348,25886720,1.38659293465529e-18,131072,-7.453889935837843e-19,2.1319819282390743e-18,,"{""n"": 24, ""gates"": 74, ""g2"": 23, ""g3"": 0, ""depth2"": 2, ""t_count"": 4, ""rotations"": 4, ""d"": 3, ""dense_l"": 4.1699, ""redundant"": 1, ""obs_zero"": false, ""frame_l"": 2.5, ""chi_bits"": 1, ""mps_l"": 8.3038, ""hsf_k"": 1, ""hsf_na"": 12, ""hsf_nb"": 12, ""hsf_l"": 24.0258, ""sup"": 19, ""chi_bits0"": 1, ""mps_l0"": 8.3038, ""hsf_keff"": 0, ""hsf_l0"": 25.0258, ""sparse_l"": 25.2095, ""sv_l"": 30.2095, ""feat_secs"": 0.005375, ""feat_secs_frame"": 9.5e-05, ""feat_secs_hsf"": 0.005252}"
ct,"ct:n=24,L=2,t=4,nn=1",1,"{""n"": 24.0, ""L"": 2.0, ""t"": 4.0, ""nn"": 1.0}",mps,ok,0.000214,0.0045,2490368,-5.551115123125779e-16,2,-7.453889935837843e-19,5.543661233189941e-16,,"{""n"": 24, ""gates"": 74, ""g2"": 23, ""g3"": 0, ""depth2"": 2, ""t_count"": 4, ""rotations"": 4, ""d"": 3, ""dense_l"": 4.1699, ""redundant"": 1, ""obs_zero"": false, ""frame_l"": 2.5, ""chi_bits"": 1, ""mps_l"": 8.3038, ""hsf_k"": 1, ""hsf_na"": 12, ""hsf_nb"": 12, ""hsf_l"": 24.0258, ""sup"": 19, ""chi_bits0"": 1, ""mps_l0"": 8.3038, ""hsf_keff"": 0, ""hsf_l0"": 25.0258, ""sparse_l"": 25.2095, ""sv_l"": 30.2095, ""feat_secs"": 0.005375, ""feat_secs_frame"": 9.5e-05, ""feat_secs_hsf"": 0.005252}"
ct,"ct:n=24,L=2,t=4,nn=1",1,"{""n"": 24.0, ""L"": 2.0, ""t"": 4.0, ""nn"": 1.0}",hsf,ok,0.051922,0.0586,271417344,-2.217278146027582e-17,2,-7.453889935837843e-19,2.1427392466692036e-17,,"{""n"": 24, ""gates"": 74, ""g2"": 23, ""g3"": 0, ""depth2"": 2, ""t_count"": 4, ""rotations"": 4, ""d"": 3, ""dense_l"": 4.1699, ""redundant"": 1, ""obs_zero"": false, ""frame_l"": 2.5, ""chi_bits"": 1, ""mps_l"": 8.3038, ""hsf_k"": 1, ""hsf_na"": 12, ""hsf_nb"": 12, ""hsf_l"": 24.0258, ""sup"": 19, ""chi_bits0"": 1, ""mps_l0"": 8.3038, ""hsf_keff"": 0, ""hsf_l0"": 25.0258, ""sparse_l"": 25.2095, ""sv_l"": 30.2095, ""feat_secs"": 0.005375, ""feat_secs_frame"": 9.5e-05, ""feat_secs_hsf"": 0.005252}"
ct,"ct:n=24,L=2,t=4,nn=1",1,"{""n"": 24.0, ""L"": 2.0, ""t"": 4.0, ""nn"": 1.0}",tableau,na,,0.0045,1835008,,,-7.453889935837843e-19,,"TooLarge { what: ""tableau (non-Clifford circuit)"", bytes: 0, limit: 0 }","{""n"": 24, ""gates"": 74, ""g2"": 23, ""g3"": 0, ""depth2"": 2, ""t_count"": 4, ""rotations"": 4, ""d"": 3, ""dense_l"": 4.1699, ""redundant"": 1, ""obs_zero"": false, ""frame_l"": 2.5, ""chi_bits"": 1, ""mps_l"": 8.3038, ""hsf_k"": 1, ""hsf_na"": 12, ""hsf_nb"": 12, ""hsf_l"": 24.0258, ""sup"": 19, ""chi_bits0"": 1, ""mps_l0"": 8.3038, ""hsf_keff"": 0, ""hsf_l0"": 25.0258, ""sparse_l"": 25.2095, ""sv_l"": 30.2095, ""feat_secs"": 0.005375, ""feat_secs_frame"": 9.5e-05, ""feat_secs_hsf"": 0.005252}"
ct,"ct:n=24,L=2,t=4,nn=1",1,"{""n"": 24.0, ""L"": 2.0, ""t"": 4.0, ""nn"": 1.0}",cstate,ok,8.6e-05,0.0046,1966080,0.0,3,-7.453889935837843e-19,7.453889935837843e-19,,"{""n"": 24, ""gates"": 74, ""g2"": 23, ""g3"": 0, ""depth2"": 2, ""t_count"": 4, ""rotations"": 4, ""d"": 3, ""dense_l"": 4.1699, ""redundant"": 1, ""obs_zero"": false, ""frame_l"": 2.5, ""chi_bits"": 1, ""mps_l"": 8.3038, ""hsf_k"": 1, ""hsf_na"": 12, ""hsf_nb"": 12, ""hsf_l"": 24.0258, ""sup"": 19, ""chi_bits0"": 1, ""mps_l0"": 8.3038, ""hsf_keff"": 0, ""hsf_l0"": 25.0258, ""sparse_l"": 25.2095, ""sv_l"": 30.2095, ""feat_secs"": 0.005375, ""feat_secs_frame"": 9.5e-05, ""feat_secs_hsf"": 0.005252}"
ct,"ct:n=24,L=2,t=4,nn=1",1,"{""n"": 24.0, ""L"": 2.0, ""t"": 4.0, ""nn"": 1.0}",frame,ok,0.000322,0.0045,2473984,-0.0,1,-7.453889935837843e-19,7.453889935837843e-19,switched_at=None dense_qubits=0 peak_terms=1 term_visits=4 dense_ops=0,"{""n"": 24, ""gates"": 74, ""g2"": 23, ""g3"": 0, ""depth2"": 2, ""t_count"": 4, ""rotations"": 4, ""d"": 3, ""dense_l"": 4.1699, ""redundant"": 1, ""obs_zero"": false, ""frame_l"": 2.5, ""chi_bits"": 1, ""mps_l"": 8.3038, ""hsf_k"": 1, ""hsf_na"": 12, ""hsf_nb"": 12, ""hsf_l"": 24.0258, ""sup"": 19, ""chi_bits0"": 1, ""mps_l0"": 8.3038, ""hsf_keff"": 0, ""hsf_l0"": 25.0258, ""sparse_l"": 25.2095, ""sv_l"": 30.2095, ""feat_secs"": 0.005375, ""feat_secs_frame"": 9.5e-05, ""feat_secs_hsf"": 0.005252}"
ct,"ct:n=24,L=2,t=4,nn=1",1,"{""n"": 24.0, ""L"": 2.0, ""t"": 4.0, ""nn"": 1.0}",dense,ok,0.000103,0.0044,2195456,0.0,3,-7.453889935837843e-19,7.453889935837843e-19,switched_at=Some(4) dense_qubits=3 peak_terms=1 term_visits=0 dense_ops=26,"{""n"": 24, ""gates"": 74, ""g2"": 23, ""g3"": 0, ""depth2"": 2, ""t_count"": 4, ""rotations"": 4, ""d"": 3, ""dense_l"": 4.1699, ""redundant"": 1, ""obs_zero"": false, ""frame_l"": 2.5, ""chi_bits"": 1, ""mps_l"": 8.3038, ""hsf_k"": 1, ""hsf_na"": 12, ""hsf_nb"": 12, ""hsf_l"": 24.0258, ""sup"": 19, ""chi_bits0"": 1, ""mps_l0"": 8.3038, ""hsf_keff"": 0, ""hsf_l0"": 25.0258, ""sparse_l"": 25.2095, ""sv_l"": 30.2095, ""feat_secs"": 0.005375, ""feat_secs_frame"": 9.5e-05, ""feat_secs_hsf"": 0.005252}"
ct,"ct:n=24,L=2,t=4,nn=1",1,"{""n"": 24.0, ""L"": 2.0, ""t"": 4.0, ""nn"": 1.0}",auto,ok,0.00011,0.0044,2195456,0.0,3,-7.453889935837843e-19,7.453889935837843e-19,switched_at=Some(4) dense_qubits=3 peak_terms=1 term_visits=0 dense_ops=26,"{""n"": 24, ""gates"": 74, ""g2"": 23, ""g3"": 0, ""depth2"": 2, ""t_count"": 4, ""rotations"": 4, ""d"": 3, ""dense_l"": 4.1699, ""redundant"": 1, ""obs_zero"": false, ""frame_l"": 2.5, ""chi_bits"": 1, ""mps_l"": 8.3038, ""hsf_k"": 1, ""hsf_na"": 12, ""hsf_nb"": 12, ""hsf_l"": 24.0258, ""sup"": 19, ""chi_bits0"": 1, ""mps_l0"": 8.3038, ""hsf_keff"": 0, ""hsf_l0"": 25.0258, ""sparse_l"": 25.2095, ""sv_l"": 30.2095, ""feat_secs"": 0.005375, ""feat_secs_frame"": 9.5e-05, ""feat_secs_hsf"": 0.005252}"
ct,"ct:n=24,L=2,t=8,nn=1",1,"{""n"": 24.0, ""L"": 2.0, ""t"": 8.0, ""nn"": 1.0}",sv,ok,0.546945,0.5521,272302080,1.000000000000014,16777216,1.000000000000014,0.0,,"{""n"": 24, ""gates"": 83, ""g2"": 23, ""g3"": 0, ""depth2"": 2, ""t_count"": 8, ""rotations"": 8, ""d"": 3, ""dense_l"": 4.9542, ""redundant"": 5, ""obs_zero"": false, ""frame_l"": 5.5, ""chi_bits"": 1, ""mps_l"": 8.3576, ""hsf_k"": 1, ""hsf_na"": 12, ""hsf_nb"": 12, ""hsf_l"": 25.0289, ""sup"": 19, ""chi_bits0"": 1, ""mps_l0"": 8.3576, ""hsf_keff"": 1, ""hsf_l0"": 25.0289, ""sparse_l"": 25.375, ""sv_l"": 30.375, ""feat_secs"": 0.00968, ""feat_secs_frame"": 9.6e-05, ""feat_secs_hsf"": 0.009555}"
ct,"ct:n=24,L=2,t=8,nn=1",1,"{""n"": 24.0, ""L"": 2.0, ""t"": 8.0, ""nn"": 1.0}",sparse,ok,0.082468,0.0878,57917440,1.000000000000007,262144,1.000000000000014,6.8833827526759706e-15,,"{""n"": 24, ""gates"": 83, ""g2"": 23, ""g3"": 0, ""depth2"": 2, ""t_count"": 8, ""rotations"": 8, ""d"": 3, ""dense_l"": 4.9542, ""redundant"": 5, ""obs_zero"": false, ""frame_l"": 5.5, ""chi_bits"": 1, ""mps_l"": 8.3576, ""hsf_k"": 1, ""hsf_na"": 12, ""hsf_nb"": 12, ""hsf_l"": 25.0289, ""sup"": 19, ""chi_bits0"": 1, ""mps_l0"": 8.3576, ""hsf_keff"": 1, ""hsf_l0"": 25.0289, ""sparse_l"": 25.375, ""sv_l"": 30.375, ""feat_secs"": 0.00968, ""feat_secs_frame"": 9.6e-05, ""feat_secs_hsf"": 0.009555}"
ct,"ct:n=24,L=2,t=8,nn=1",1,"{""n"": 24.0, ""L"": 2.0, ""t"": 8.0, ""nn"": 1.0}",mps,ok,0.000232,0.0045,2490368,1.0,2,1.000000000000014,1.3988810110276972e-14,,"{""n"": 24, ""gates"": 83, ""g2"": 23, ""g3"": 0, ""depth2"": 2, ""t_count"": 8, ""rotations"": 8, ""d"": 3, ""dense_l"": 4.9542, ""redundant"": 5, ""obs_zero"": false, ""frame_l"": 5.5, ""chi_bits"": 1, ""mps_l"": 8.3576, ""hsf_k"": 1, ""hsf_na"": 12, ""hsf_nb"": 12, ""hsf_l"": 25.0289, ""sup"": 19, ""chi_bits0"": 1, ""mps_l0"": 8.3576, ""hsf_keff"": 1, ""hsf_l0"": 25.0289, ""sparse_l"": 25.375, ""sv_l"": 30.375, ""feat_secs"": 0.00968, ""feat_secs_frame"": 9.6e-05, ""feat_secs_hsf"": 0.009555}"
ct,"ct:n=24,L=2,t=8,nn=1",1,"{""n"": 24.0, ""L"": 2.0, ""t"": 8.0, ""nn"": 1.0}",hsf,ok,0.053662,0.0588,271368192,1.0,2,1.000000000000014,1.3988810110276972e-14,,"{""n"": 24, ""gates"": 83, ""g2"": 23, ""g3"": 0, ""depth2"": 2, ""t_count"": 8, ""rotations"": 8, ""d"": 3, ""dense_l"": 4.9542, ""redundant"": 5, ""obs_zero"": false, ""frame_l"": 5.5, ""chi_bits"": 1, ""mps_l"": 8.3576, ""hsf_k"": 1, ""hsf_na"": 12, ""hsf_nb"": 12, ""hsf_l"": 25.0289, ""sup"": 19, ""chi_bits0"": 1, ""mps_l0"": 8.3576, ""hsf_keff"": 1, ""hsf_l0"": 25.0289, ""sparse_l"": 25.375, ""sv_l"": 30.375, ""feat_secs"": 0.00968, ""feat_secs_frame"": 9.6e-05, ""feat_secs_hsf"": 0.009555}"
ct,"ct:n=24,L=2,t=8,nn=1",1,"{""n"": 24.0, ""L"": 2.0, ""t"": 8.0, ""nn"": 1.0}",tableau,na,,0.0045,1835008,,,1.000000000000014,,"TooLarge { what: ""tableau (non-Clifford circuit)"", bytes: 0, limit: 0 }","{""n"": 24, ""gates"": 83, ""g2"": 23, ""g3"": 0, ""depth2"": 2, ""t_count"": 8, ""rotations"": 8, ""d"": 3, ""dense_l"": 4.9542, ""redundant"": 5, ""obs_zero"": false, ""frame_l"": 5.5, ""chi_bits"": 1, ""mps_l"": 8.3576, ""hsf_k"": 1, ""hsf_na"": 12, ""hsf_nb"": 12, ""hsf_l"": 25.0289, ""sup"": 19, ""chi_bits0"": 1, ""mps_l0"": 8.3576, ""hsf_keff"": 1, ""hsf_l0"": 25.0289, ""sparse_l"": 25.375, ""sv_l"": 30.375, ""feat_secs"": 0.00968, ""feat_secs_frame"": 9.6e-05, ""feat_secs_hsf"": 0.009555}"
ct,"ct:n=24,L=2,t=8,nn=1",1,"{""n"": 24.0, ""L"": 2.0, ""t"": 8.0, ""nn"": 1.0}",cstate,ok,8.3e-05,0.0043,1949696,0.9999999999999997,3,1.000000000000014,1.432187701766452e-14,,"{""n"": 24, ""gates"": 83, ""g2"": 23, ""g3"": 0, ""depth2"": 2, ""t_count"": 8, ""rotations"": 8, ""d"": 3, ""dense_l"": 4.9542, ""redundant"": 5, ""obs_zero"": false, ""frame_l"": 5.5, ""chi_bits"": 1, ""mps_l"": 8.3576, ""hsf_k"": 1, ""hsf_na"": 12, ""hsf_nb"": 12, ""hsf_l"": 25.0289, ""sup"": 19, ""chi_bits0"": 1, ""mps_l0"": 8.3576, ""hsf_keff"": 1, ""hsf_l0"": 25.0289, ""sparse_l"": 25.375, ""sv_l"": 30.375, ""feat_secs"": 0.00968, ""feat_secs_frame"": 9.6e-05, ""feat_secs_hsf"": 0.009555}"
ct,"ct:n=24,L=2,t=8,nn=1",1,"{""n"": 24.0, ""L"": 2.0, ""t"": 8.0, ""nn"": 1.0}",frame,ok,0.000219,0.0044,2473984,1.0,1,1.000000000000014,1.3988810110276972e-14,switched_at=None dense_qubits=0 peak_terms=1 term_visits=7 dense_ops=0,"{""n"": 24, ""gates"": 83, ""g2"": 23, ""g3"": 0, ""depth2"": 2, ""t_count"": 8, ""rotations"": 8, ""d"": 3, ""dense_l"": 4.9542, ""redundant"": 5, ""obs_zero"": false, ""frame_l"": 5.5, ""chi_bits"": 1, ""mps_l"": 8.3576, ""hsf_k"": 1, ""hsf_na"": 12, ""hsf_nb"": 12, ""hsf_l"": 25.0289, ""sup"": 19, ""chi_bits0"": 1, ""mps_l0"": 8.3576, ""hsf_keff"": 1, ""hsf_l0"": 25.0289, ""sparse_l"": 25.375, ""sv_l"": 30.375, ""feat_secs"": 0.00968, ""feat_secs_frame"": 9.6e-05, ""feat_secs_hsf"": 0.009555}"
ct,"ct:n=24,L=2,t=8,nn=1",1,"{""n"": 24.0, ""L"": 2.0, ""t"": 8.0, ""nn"": 1.0}",dense,ok,0.00011,0.0044,2195456,0.9999999999999996,3,1.000000000000014,1.4432899320127035e-14,switched_at=Some(7) dense_qubits=3 peak_terms=1 term_visits=0 dense_ops=35,"{""n"": 24, ""gates"": 83, ""g2"": 23, ""g3"": 0, ""depth2"": 2, ""t_count"": 8, ""rotations"": 8, ""d"": 3, ""dense_l"": 4.9542, ""redundant"": 5, ""obs_zero"": false, ""frame_l"": 5.5, ""chi_bits"": 1, ""mps_l"": 8.3576, ""hsf_k"": 1, ""hsf_na"": 12, ""hsf_nb"": 12, ""hsf_l"": 25.0289, ""sup"": 19, ""chi_bits0"": 1, ""mps_l0"": 8.3576, ""hsf_keff"": 1, ""hsf_l0"": 25.0289, ""sparse_l"": 25.375, ""sv_l"": 30.375, ""feat_secs"": 0.00968, ""feat_secs_frame"": 9.6e-05, ""feat_secs_hsf"": 0.009555}"
ct,"ct:n=24,L=2,t=8,nn=1",1,"{""n"": 24.0, ""L"": 2.0, ""t"": 8.0, ""nn"": 1.0}",auto,ok,0.000112,0.0044,2195456,0.9999999999999996,3,1.000000000000014,1.4432899320127035e-14,switched_at=Some(7) dense_qubits=3 peak_terms=1 term_visits=0 dense_ops=35,"{""n"": 24, ""gates"": 83, ""g2"": 23, ""g3"": 0, ""depth2"": 2, ""t_count"": 8, ""rotations"": 8, ""d"": 3, ""dense_l"": 4.9542, ""redundant"": 5, ""obs_zero"": false, ""frame_l"": 5.5, ""chi_bits"": 1, ""mps_l"": 8.3576, ""hsf_k"": 1, ""hsf_na"": 12, ""hsf_nb"": 12, ""hsf_l"": 25.0289, ""sup"": 19, ""chi_bits0"": 1, ""mps_l0"": 8.3576, ""hsf_keff"": 1, ""hsf_l0"": 25.0289, ""sparse_l"": 25.375, ""sv_l"": 30.375, ""feat_secs"": 0.00968, ""feat_secs_frame"": 9.6e-05, ""feat_secs_hsf"": 0.009555}"
ct,"ct:n=24,L=2,t=12,nn=1",1,"{""n"": 24.0, ""L"": 2.0, ""t"": 12.0, ""nn"": 1.0}",sv,ok,0.561375,0.5658,272302080,1.0,16777216,1.0,0.0,,"{""n"": 24, ""gates"": 90, ""g2"": 23, ""g3"": 0, ""depth2"": 2, ""t_count"": 12, ""rotations"": 12, ""d"": 9, ""dense_l"": 10.8057, ""redundant"": 3, ""obs_zero"": false, ""frame_l"": 5.085, ""chi_bits"": 1, ""mps_l"": 8.4263, ""hsf_k"": 1, ""hsf_na"": 12, ""hsf_nb"": 12, ""hsf_l"": 25.0314, ""sup"": 18, ""chi_bits0"": 1, ""mps_l0"": 8.4263, ""hsf_keff"": 1, ""hsf_l0"": 25.0314, ""sparse_l"": 24.4919, ""sv_l"": 30.4919, ""feat_secs"": 0.006938, ""feat_secs_frame"": 0.000103, ""feat_secs_hsf"": 0.006803}"
ct,"ct:n=24,L=2,t=12,nn=1",1,"{""n"": 24.0, ""L"": 2.0, ""t"": 12.0, ""nn"": 1.0}",sparse,ok,0.051099,0.0583,31703040,1.000000000000001,131072,1.0,1.1102230246251565e-15,,"{""n"": 24, ""gates"": 90, ""g2"": 23, ""g3"": 0, ""depth2"": 2, ""t_count"": 12, ""rotations"": 12, ""d"": 9, ""dense_l"": 10.8057, ""redundant"": 3, ""obs_zero"": false, ""frame_l"": 5.085, ""chi_bits"": 1, ""mps_l"": 8.4263, ""hsf_k"": 1, ""hsf_na"": 12, ""hsf_nb"": 12, ""hsf_l"": 25.0314, ""sup"": 18, ""chi_bits0"": 1, ""mps_l0"": 8.4263, ""hsf_keff"": 1, ""hsf_l0"": 25.0314, ""sparse_l"": 24.4919, ""sv_l"": 30.4919, ""feat_secs"": 0.006938, ""feat_secs_frame"": 0.000103, ""feat_secs_hsf"": 0.006803}"
ct,"ct:n=24,L=2,t=12,nn=1",1,"{""n"": 24.0, ""L"": 2.0, ""t"": 12.0, ""nn"": 1.0}",mps,ok,0.000233,0.0045,2506752,1.0,2,1.0,0.0,,"{""n"": 24, ""gates"": 90, ""g2"": 23, ""g3"": 0, ""depth2"": 2, ""t_count"": 12, ""rotations"": 12, ""d"": 9, ""dense_l"": 10.8057, ""redundant"": 3, ""obs_zero"": false, ""frame_l"": 5.085, ""chi_bits"": 1, ""mps_l"": 8.4263, ""hsf_k"": 1, ""hsf_na"": 12, ""hsf_nb"": 12, ""hsf_l"": 25.0314, ""sup"": 18, ""chi_bits0"": 1, ""mps_l0"": 8.4263, ""hsf_keff"": 1, ""hsf_l0"": 25.0314, ""sparse_l"": 24.4919, ""sv_l"": 30.4919, ""feat_secs"": 0.006938, ""feat_secs_frame"": 0.000103, ""feat_secs_hsf"": 0.006803}"
ct,"ct:n=24,L=2,t=12,nn=1",1,"{""n"": 24.0, ""L"": 2.0, ""t"": 12.0, ""nn"": 1.0}",hsf,ok,0.058899,0.0644,271335424,1.0,2,1.0,0.0,,"{""n"": 24, ""gates"": 90, ""g2"": 23, ""g3"": 0, ""depth2"": 2, ""t_count"": 12, ""rotations"": 12, ""d"": 9, ""dense_l"": 10.8057, ""redundant"": 3, ""obs_zero"": false, ""frame_l"": 5.085, ""chi_bits"": 1, ""mps_l"": 8.4263, ""hsf_k"": 1, ""hsf_na"": 12, ""hsf_nb"": 12, ""hsf_l"": 25.0314, ""sup"": 18, ""chi_bits0"": 1, ""mps_l0"": 8.4263, ""hsf_keff"": 1, ""hsf_l0"": 25.0314, ""sparse_l"": 24.4919, ""sv_l"": 30.4919, ""feat_secs"": 0.006938, ""feat_secs_frame"": 0.000103, ""feat_secs_hsf"": 0.006803}"
ct,"ct:n=24,L=2,t=12,nn=1",1,"{""n"": 24.0, ""L"": 2.0, ""t"": 12.0, ""nn"": 1.0}",tableau,na,,0.0047,1835008,,,1.0,,"TooLarge { what: ""tableau (non-Clifford circuit)"", bytes: 0, limit: 0 }","{""n"": 24, ""gates"": 90, ""g2"": 23, ""g3"": 0, ""depth2"": 2, ""t_count"": 12, ""rotations"": 12, ""d"": 9, ""dense_l"": 10.8057, ""redundant"": 3, ""obs_zero"": false, ""frame_l"": 5.085, ""chi_bits"": 1, ""mps_l"": 8.4263, ""hsf_k"": 1, ""hsf_na"": 12, ""hsf_nb"": 12, ""hsf_l"": 25.0314, ""sup"": 18, ""chi_bits0"": 1, ""mps_l0"": 8.4263, ""hsf_keff"": 1, ""hsf_l0"": 25.0314, ""sparse_l"": 24.4919, ""sv_l"": 30.4919, ""feat_secs"": 0.006938, ""feat_secs_frame"": 0.000103, ""feat_secs_hsf"": 0.006803}"
ct,"ct:n=24,L=2,t=12,nn=1",1,"{""n"": 24.0, ""L"": 2.0, ""t"": 12.0, ""nn"": 1.0}",cstate,ok,9.1e-05,0.0044,1982464,0.9999999999999993,9,1.0,6.661338147750939e-16,,"{""n"": 24, ""gates"": 90, ""g2"": 23, ""g3"": 0, ""depth2"": 2, ""t_count"": 12, ""rotations"": 12, ""d"": 9, ""dense_l"": 10.8057, ""redundant"": 3, ""obs_zero"": false, ""frame_l"": 5.085, ""chi_bits"": 1, ""mps_l"": 8.4263, ""hsf_k"": 1, ""hsf_na"": 12, ""hsf_nb"": 12, ""hsf_l"": 25.0314, ""sup"": 18, ""chi_bits0"": 1, ""mps_l0"": 8.4263, ""hsf_keff"": 1, ""hsf_l0"": 25.0314, ""sparse_l"": 24.4919, ""sv_l"": 30.4919, ""feat_secs"": 0.006938, ""feat_secs_frame"": 0.000103, ""feat_secs_hsf"": 0.006803}"
ct,"ct:n=24,L=2,t=12,nn=1",1,"{""n"": 24.0, ""L"": 2.0, ""t"": 12.0, ""nn"": 1.0}",frame,ok,0.000329,0.0065,2523136,1.0,1,1.0,0.0,switched_at=None dense_qubits=0 peak_terms=1 term_visits=11 dense_ops=0,"{""n"": 24, ""gates"": 90, ""g2"": 23, ""g3"": 0, ""depth2"": 2, ""t_count"": 12, ""rotations"": 12, ""d"": 9, ""dense_l"": 10.8057, ""redundant"": 3, ""obs_zero"": false, ""frame_l"": 5.085, ""chi_bits"": 1, ""mps_l"": 8.4263, ""hsf_k"": 1, ""hsf_na"": 12, ""hsf_nb"": 12, ""hsf_l"": 25.0314, ""sup"": 18, ""chi_bits0"": 1, ""mps_l0"": 8.4263, ""hsf_keff"": 1, ""hsf_l0"": 25.0314, ""sparse_l"": 24.4919, ""sv_l"": 30.4919, ""feat_secs"": 0.006938, ""feat_secs_frame"": 0.000103, ""feat_secs_hsf"": 0.006803}"
ct,"ct:n=24,L=2,t=12,nn=1",1,"{""n"": 24.0, ""L"": 2.0, ""t"": 12.0, ""nn"": 1.0}",dense,ok,0.000115,0.0043,2195456,0.9999999999999994,9,1.0,5.551115123125783e-16,switched_at=Some(11) dense_qubits=9 peak_terms=1 term_visits=0 dense_ops=2046,"{""n"": 24, ""gates"": 90, ""g2"": 23, ""g3"": 0, ""depth2"": 2, ""t_count"": 12, ""rotations"": 12, ""d"": 9, ""dense_l"": 10.8057, ""redundant"": 3, ""obs_zero"": false, ""frame_l"": 5.085, ""chi_bits"": 1, ""mps_l"": 8.4263, ""hsf_k"": 1, ""hsf_na"": 12, ""hsf_nb"": 12, ""hsf_l"": 25.0314, ""sup"": 18, ""chi_bits0"": 1, ""mps_l0"": 8.4263, ""hsf_keff"": 1, ""hsf_l0"": 25.0314, ""sparse_l"": 24.4919, ""sv_l"": 30.4919, ""feat_secs"": 0.006938, ""feat_secs_frame"": 0.000103, ""feat_secs_hsf"": 0.006803}"
ct,"ct:n=24,L=2,t=12,nn=1",1,"{""n"": 24.0, ""L"": 2.0, ""t"": 12.0, ""nn"": 1.0}",auto,ok,0.000308,0.0042,2539520,0.9999999999999999,4,1.0,1.1102230246251565e-16,switched_at=Some(4) dense_qubits=4 peak_terms=1 term_visits=7 dense_ops=46,"{""n"": 24, ""gates"": 90, ""g2"": 23, ""g3"": 0, ""depth2"": 2, ""t_count"": 12, ""rotations"": 12, ""d"": 9, ""dense_l"": 10.8057, ""redundant"": 3, ""obs_zero"": false, ""frame_l"": 5.085, ""chi_bits"": 1, ""mps_l"": 8.4263, ""hsf_k"": 1, ""hsf_na"": 12, ""hsf_nb"": 12, ""hsf_l"": 25.0314, ""sup"": 18, ""chi_bits0"": 1, ""mps_l0"": 8.4263, ""hsf_keff"": 1, ""hsf_l0"": 25.0314, ""sparse_l"": 24.4919, ""sv_l"": 30.4919, ""feat_secs"": 0.006938, ""feat_secs_frame"": 0.000103, ""feat_secs_hsf"": 0.006803}"
ct,"ct:n=24,L=2,t=16,nn=1",1,"{""n"": 24.0, ""L"": 2.0, ""t"": 16.0, ""nn"": 1.0}",sv,ok,0.608607,0.6149,272285696,1.000000000000212,16777216,1.000000000000212,0.0,,"{""n"": 24, ""gates"": 98, ""g2"": 23, ""g3"": 0, ""depth2"": 2, ""t_count"": 16, ""rotations"": 16, ""d"": 6, ""dense_l"": 7.9887, ""redundant"": 10, ""obs_zero"": false, ""frame_l"": 9.0, ""chi_bits"": 1, ""mps_l"": 8.5546, ""hsf_k"": 1, ""hsf_na"": 12, ""hsf_nb"": 12, ""hsf_l"": 25.0341, ""sup"": 22, ""chi_bits0"": 1, ""mps_l0"": 8.5546, ""hsf_keff"": 1, ""hsf_l0"": 25.0341, ""sparse_l"": 28.6147, ""sv_l"": 30.6147, ""feat_secs"": 0.007607, ""feat_secs_frame"": 0.000114, ""feat_secs_hsf"": 0.007452}"
ct,"ct:n=24,L=2,t=16,nn=1",1,"{""n"": 24.0, ""L"": 2.0, ""t"": 16.0, ""nn"": 1.0}",sparse,ok,0.693248,0.6992,161939456,0.9999999999999982,1048576,1.000000000000212,2.1382895454280515e-13,,"{""n"": 24, ""gates"": 98, ""g2"": 23, ""g3"": 0, ""depth2"": 2, ""t_count"": 16, ""rotations"": 16, ""d"": 6, ""dense_l"": 7.9887, ""redundant"": 10, ""obs_zero"": false, ""frame_l"": 9.0, ""chi_bits"": 1, ""mps_l"": 8.5546, ""hsf_k"": 1, ""hsf_na"": 12, ""hsf_nb"": 12, ""hsf_l"": 25.0341, ""sup"": 22, ""chi_bits0"": 1, ""mps_l0"": 8.5546, ""hsf_keff"": 1, ""hsf_l0"": 25.0341, ""sparse_l"": 28.6147, ""sv_l"": 30.6147, ""feat_secs"": 0.007607, ""feat_secs_frame"": 0.000114, ""feat_secs_hsf"": 0.007452}"
ct,"ct:n=24,L=2,t=16,nn=1",1,"{""n"": 24.0, ""L"": 2.0, ""t"": 16.0, ""nn"": 1.0}",mps,ok,0.000236,0.0046,2490368,1.0,2,1.000000000000212,2.120525977034049e-13,,"{""n"": 24, ""gates"": 98, ""g2"": 23, ""g3"": 0, ""depth2"": 2, ""t_count"": 16, ""rotations"": 16, ""d"": 6, ""dense_l"": 7.9887, ""redundant"": 10, ""obs_zero"": false, ""frame_l"": 9.0, ""chi_bits"": 1, ""mps_l"": 8.5546, ""hsf_k"": 1, ""hsf_na"": 12, ""hsf_nb"": 12, ""hsf_l"": 25.0341, ""sup"": 22, ""chi_bits0"": 1, ""mps_l0"": 8.5546, ""hsf_keff"": 1, ""hsf_l0"": 25.0341, ""sparse_l"": 28.6147, ""sv_l"": 30.6147, ""feat_secs"": 0.007607, ""feat_secs_frame"": 0.000114, ""feat_secs_hsf"": 0.007452}"
ct,"ct:n=24,L=2,t=16,nn=1",1,"{""n"": 24.0, ""L"": 2.0, ""t"": 16.0, ""nn"": 1.0}",hsf,ok,0.058431,0.0626,271335424,1.000000000000212,2,1.000000000000212,0.0,,"{""n"": 24, ""gates"": 98, ""g2"": 23, ""g3"": 0, ""depth2"": 2, ""t_count"": 16, ""rotations"": 16, ""d"": 6, ""dense_l"": 7.9887, ""redundant"": 10, ""obs_zero"": false, ""frame_l"": 9.0, ""chi_bits"": 1, ""mps_l"": 8.5546, ""hsf_k"": 1, ""hsf_na"": 12, ""hsf_nb"": 12, ""hsf_l"": 25.0341, ""sup"": 22, ""chi_bits0"": 1, ""mps_l0"": 8.5546, ""hsf_keff"": 1, ""hsf_l0"": 25.0341, ""sparse_l"": 28.6147, ""sv_l"": 30.6147, ""feat_secs"": 0.007607, ""feat_secs_frame"": 0.000114, ""feat_secs_hsf"": 0.007452}"
ct,"ct:n=24,L=2,t=16,nn=1",1,"{""n"": 24.0, ""L"": 2.0, ""t"": 16.0, ""nn"": 1.0}",tableau,na,,0.0063,1835008,,,1.000000000000212,,"TooLarge { what: ""tableau (non-Clifford circuit)"", bytes: 0, limit: 0 }","{""n"": 24, ""gates"": 98, ""g2"": 23, ""g3"": 0, ""depth2"": 2, ""t_count"": 16, ""rotations"": 16, ""d"": 6, ""dense_l"": 7.9887, ""redundant"": 10, ""obs_zero"": false, ""frame_l"": 9.0, ""chi_bits"": 1, ""mps_l"": 8.5546, ""hsf_k"": 1, ""hsf_na"": 12, ""hsf_nb"": 12, ""hsf_l"": 25.0341, ""sup"": 22, ""chi_bits0"": 1, ""mps_l0"": 8.5546, ""hsf_keff"": 1, ""hsf_l0"": 25.0341, ""sparse_l"": 28.6147, ""sv_l"": 30.6147, ""feat_secs"": 0.007607, ""feat_secs_frame"": 0.000114, ""feat_secs_hsf"": 0.007452}"
ct,"ct:n=24,L=2,t=16,nn=1",1,"{""n"": 24.0, ""L"": 2.0, ""t"": 16.0, ""nn"": 1.0}",cstate,ok,0.0001,0.0046,1966080,0.9999999999999988,6,1.000000000000212,2.1327384303049257e-13,,"{""n"": 24, ""gates"": 98, ""g2"": 23, ""g3"": 0, ""depth2"": 2, ""t_count"": 16, ""rotations"": 16, ""d"": 6, ""dense_l"": 7.9887, ""redundant"": 10, ""obs_zero"": false, ""frame_l"": 9.0, ""chi_bits"": 1, ""mps_l"": 8.5546, ""hsf_k"": 1, ""hsf_na"": 12, ""hsf_nb"": 12, ""hsf_l"": 25.0341, ""sup"": 22, ""chi_bits0"": 1, ""mps_l0"": 8.5546, ""hsf_keff"": 1, ""hsf_l0"": 25.0341, ""sparse_l"": 28.6147, ""sv_l"": 30.6147, ""feat_secs"": 0.007607, ""feat_secs_frame"": 0.000114, ""feat_secs_hsf"": 0.007452}"
ct,"ct:n=24,L=2,t=16,nn=1",1,"{""n"": 24.0, ""L"": 2.0, ""t"": 16.0, ""nn"": 1.0}",frame,ok,0.000324,0.0056,2523136,1.0,1,1.000000000000212,2.120525977034049e-13,switched_at=None dense_qubits=0 peak_terms=1 term_visits=14 dense_ops=0,"{""n"": 24, ""gates"": 98, ""g2"": 23, ""g3"": 0, ""depth2"": 2, ""t_count"": 16, ""rotations"": 16, ""d"": 6, ""dense_l"": 7.9887, ""redundant"": 10, ""obs_zero"": false, ""frame_l"": 9.0, ""chi_bits"": 1, ""mps_l"": 8.5546, ""hsf_k"": 1, ""hsf_na"": 12, ""hsf_nb"": 12, ""hsf_l"": 25.0341, ""sup"": 22, ""chi_bits0"": 1, ""mps_l0"": 8.5546, ""hsf_keff"": 1, ""hsf_l0"": 25.0341, ""sparse_l"": 28.6147, ""sv_l"": 30.6147, ""feat_secs"": 0.007607, ""feat_secs_frame"": 0.000114, ""feat_secs_hsf"": 0.007452}"
ct,"ct:n=24,L=2,t=16,nn=1",1,"{""n"": 24.0, ""L"": 2.0, ""t"": 16.0, ""nn"": 1.0}",dense,ok,0.00011,0.0044,2195456,0.9999999999999984,6,1.000000000000212,2.1360690993788012e-13,switched_at=Some(14) dense_qubits=6 peak_terms=1 term_visits=0 dense_ops=238,"{""n"": 24, ""gates"": 98, ""g2"": 23, ""g3"": 0, ""depth2"": 2, ""t_count"": 16, ""rotations"": 16, ""d"": 6, ""dense_l"": 7.9887, ""redundant"": 10, ""obs_zero"": false, ""frame_l"": 9.0, ""chi_bits"": 1, ""mps_l"": 8.5546, ""hsf_k"": 1, ""hsf_na"": 12, ""hsf_nb"": 12, ""hsf_l"": 25.0341, ""sup"": 22, ""chi_bits0"": 1, ""mps_l0"": 8.5546, ""hsf_keff"": 1, ""hsf_l0"": 25.0341, ""sparse_l"": 28.6147, ""sv_l"": 30.6147, ""feat_secs"": 0.007607, ""feat_secs_frame"": 0.000114, ""feat_secs_hsf"": 0.007452}"
ct,"ct:n=24,L=2,t=16,nn=1",1,"{""n"": 24.0, ""L"": 2.0, ""t"": 16.0, ""nn"": 1.0}",auto,ok,0.000293,0.0057,2490368,0.9999999999999993,4,1.000000000000212,2.1271873151818e-13,switched_at=Some(12) dense_qubits=4 peak_terms=1 term_visits=2 dense_ops=94,"{""n"": 24, ""gates"": 98, ""g2"": 23, ""g3"": 0, ""depth2"": 2, ""t_count"": 16, ""rotations"": 16, ""d"": 6, ""dense_l"": 7.9887, ""redundant"": 10, ""obs_zero"": false, ""frame_l"": 9.0, ""chi_bits"": 1, ""mps_l"": 8.5546, ""hsf_k"": 1, ""hsf_na"": 12, ""hsf_nb"": 12, ""hsf_l"": 25.0341, ""sup"": 22, ""chi_bits0"": 1, ""mps_l0"": 8.5546, ""hsf_keff"": 1, ""hsf_l0"": 25.0341, ""sparse_l"": 28.6147, ""sv_l"": 30.6147, ""feat_secs"": 0.007607, ""feat_secs_frame"": 0.000114, ""feat_secs_hsf"": 0.007452}"
ct,"ct:n=24,L=2,t=24,nn=1",1,"{""n"": 24.0, ""L"": 2.0, ""t"": 24.0, ""nn"": 1.0}",sv,ok,0.681407,0.6870,272351232,-0.7071067811859264,16777216,-0.7071067811859264,0.0,,"{""n"": 24, ""gates"": 121, ""g2"": 23, ""g3"": 0, ""depth2"": 2, ""t_count"": 24, ""rotations"": 24, ""d"": 13, ""dense_l"": 15.0567, ""redundant"": 11, ""obs_zero"": false, ""frame_l"": 10.085, ""chi_bits"": 1, ""mps_l"": 8.7748, ""hsf_k"": 1, ""hsf_na"": 12, ""hsf_nb"": 12, ""hsf_l"": 25.042, ""sup"": 22, ""chi_bits0"": 1, ""mps_l0"": 8.7748, ""hsf_keff"": 1, ""hsf_l0"": 25.042, ""sparse_l"": 28.9189, ""sv_l"": 30.9189, ""feat_secs"": 0.00796, ""feat_secs_frame"": 0.000136, ""feat_secs_hsf"": 0.007785}"
ct,"ct:n=24,L=2,t=24,nn=1",1,"{""n"": 24.0, ""L"": 2.0, ""t"": 24.0, ""nn"": 1.0}",sparse,ok,2.136039,2.1421,425164800,-0.7071067811852559,2097152,-0.7071067811859264,6.70463684571132e-13,,"{""n"": 24, ""gates"": 121, ""g2"": 23, ""g3"": 0, ""depth2"": 2, ""t_count"": 24, ""rotations"": 24, ""d"": 13, ""dense_l"": 15.0567, ""redundant"": 11, ""obs_zero"": false, ""frame_l"": 10.085, ""chi_bits"": 1, ""mps_l"": 8.7748, ""hsf_k"": 1, ""hsf_na"": 12, ""hsf_nb"": 12, ""hsf_l"": 25.042, ""sup"": 22, ""chi_bits0"": 1, ""mps_l0"": 8.7748, ""hsf_keff"": 1, ""hsf_l0"": 25.042, ""sparse_l"": 28.9189, ""sv_l"": 30.9189, ""feat_secs"": 0.00796, ""feat_secs_frame"": 0.000136, ""feat_secs_hsf"": 0.007785}"
ct,"ct:n=24,L=2,t=24,nn=1",1,"{""n"": 24.0, ""L"": 2.0, ""t"": 24.0, ""nn"": 1.0}",mps,ok,0.000224,0.0078,2490368,-0.7071067811865476,2,-0.7071067811859264,6.211697822777751e-13,,"{""n"": 24, ""gates"": 121, ""g2"": 23, ""g3"": 0, ""depth2"": 2, ""t_count"": 24, ""rotations"": 24, ""d"": 13, ""dense_l"": 15.0567, ""redundant"": 11, ""obs_zero"": false, ""frame_l"": 10.085, ""chi_bits"": 1, ""mps_l"": 8.7748, ""hsf_k"": 1, ""hsf_na"": 12, ""hsf_nb"": 12, ""hsf_l"": 25.042, ""sup"": 22, ""chi_bits0"": 1, ""mps_l0"": 8.7748, ""hsf_keff"": 1, ""hsf_l0"": 25.042, ""sparse_l"": 28.9189, ""sv_l"": 30.9189, ""feat_secs"": 0.00796, ""feat_secs_frame"": 0.000136, ""feat_secs_hsf"": 0.007785}"
ct,"ct:n=24,L=2,t=24,nn=1",1,"{""n"": 24.0, ""L"": 2.0, ""t"": 24.0, ""nn"": 1.0}",hsf,ok,0.061869,0.0686,271335424,-0.7071067811859264,2,-0.7071067811859264,0.0,,"{""n"": 24, ""gates"": 121, ""g2"": 23, ""g3"": 0, ""depth2"": 2, ""t_count"": 24, ""rotations"": 24, ""d"": 13, ""dense_l"": 15.0567, ""redundant"": 11, ""obs_zero"": false, ""frame_l"": 10.085, ""chi_bits"": 1, ""mps_l"": 8.7748, ""hsf_k"": 1, ""hsf_na"": 12, ""hsf_nb"": 12, ""hsf_l"": 25.042, ""sup"": 22, ""chi_bits0"": 1, ""mps_l0"": 8.7748, ""hsf_keff"": 1, ""hsf_l0"": 25.042, ""sparse_l"": 28.9189, ""sv_l"": 30.9189, ""feat_secs"": 0.00796, ""feat_secs_frame"": 0.000136, ""feat_secs_hsf"": 0.007785}"
ct,"ct:n=24,L=2,t=24,nn=1",1,"{""n"": 24.0, ""L"": 2.0, ""t"": 24.0, ""nn"": 1.0}",tableau,na,,0.0045,1835008,,,-0.7071067811859264,,"TooLarge { what: ""tableau (non-Clifford circuit)"", bytes: 0, limit: 0 }","{""n"": 24, ""gates"": 121, ""g2"": 23, ""g3"": 0, ""depth2"": 2, ""t_count"": 24, ""rotations"": 24, ""d"": 13, ""dense_l"": 15.0567, ""redundant"": 11, ""obs_zero"": false, ""frame_l"": 10.085, ""chi_bits"": 1, ""mps_l"": 8.7748, ""hsf_k"": 1, ""hsf_na"": 12, ""hsf_nb"": 12, ""hsf_l"": 25.042, ""sup"": 22, ""chi_bits0"": 1, ""mps_l0"": 8.7748, ""hsf_keff"": 1, ""hsf_l0"": 25.042, ""sparse_l"": 28.9189, ""sv_l"": 30.9189, ""feat_secs"": 0.00796, ""feat_secs_frame"": 0.000136, ""feat_secs_hsf"": 0.007785}"
ct,"ct:n=24,L=2,t=24,nn=1",1,"{""n"": 24.0, ""L"": 2.0, ""t"": 24.0, ""nn"": 1.0}",cstate,ok,0.000161,0.0045,2129920,-0.7071067811866953,13,-0.7071067811859264,7.689404668553834e-13,,"{""n"": 24, ""gates"": 121, ""g2"": 23, ""g3"": 0, ""depth2"": 2, ""t_count"": 24, ""rotations"": 24, ""d"": 13, ""dense_l"": 15.0567, ""redundant"": 11, ""obs_zero"": false, ""frame_l"": 10.085, ""chi_bits"": 1, ""mps_l"": 8.7748, ""hsf_k"": 1, ""hsf_na"": 12, ""hsf_nb"": 12, ""hsf_l"": 25.042, ""sup"": 22, ""chi_bits0"": 1, ""mps_l0"": 8.7748, ""hsf_keff"": 1, ""hsf_l0"": 25.042, ""sparse_l"": 28.9189, ""sv_l"": 30.9189, ""feat_secs"": 0.00796, ""feat_secs_frame"": 0.000136, ""feat_secs_hsf"": 0.007785}"
ct,"ct:n=24,L=2,t=24,nn=1",1,"{""n"": 24.0, ""L"": 2.0, ""t"": 24.0, ""nn"": 1.0}",frame,ok,0.000493,0.0063,2523136,-0.7071067811865475,1,-0.7071067811859264,6.210587599753126e-13,switched_at=None dense_qubits=0 peak_terms=1 term_visits=21 dense_ops=0,"{""n"": 24, ""gates"": 121, ""g2"": 23, ""g3"": 0, ""depth2"": 2, ""t_count"": 24, ""rotations"": 24, ""d"": 13, ""dense_l"": 15.0567, ""redundant"": 11, ""obs_zero"": false, ""frame_l"": 10.085, ""chi_bits"": 1, ""mps_l"": 8.7748, ""hsf_k"": 1, ""hsf_na"": 12, ""hsf_nb"": 12, ""hsf_l"": 25.042, ""sup"": 22, ""chi_bits0"": 1, ""mps_l0"": 8.7748, ""hsf_keff"": 1, ""hsf_l0"": 25.042, ""sparse_l"": 28.9189, ""sv_l"": 30.9189, ""feat_secs"": 0.00796, ""feat_secs_frame"": 0.000136, ""feat_secs_hsf"": 0.007785}"
ct,"ct:n=24,L=2,t=24,nn=1",1,"{""n"": 24.0, ""L"": 2.0, ""t"": 24.0, ""nn"": 1.0}",dense,ok,0.000183,0.0046,2359296,-0.7071067811866951,13,-0.7071067811859264,7.687184222504584e-13,switched_at=Some(21) dense_qubits=13 peak_terms=1 term_visits=0 dense_ops=33570,"{""n"": 24, ""gates"": 121, ""g2"": 23, ""g3"": 0, ""depth2"": 2, ""t_count"": 24, ""rotations"": 24, ""d"": 13, ""dense_l"": 15.0567, ""redundant"": 11, ""obs_zero"": false, ""frame_l"": 10.085, ""chi_bits"": 1, ""mps_l"": 8.7748, ""hsf_k"": 1, ""hsf_na"": 12, ""hsf_nb"": 12, ""hsf_l"": 25.042, ""sup"": 22, ""chi_bits0"": 1, ""mps_l0"": 8.7748, ""hsf_keff"": 1, ""hsf_l0"": 25.042, ""sparse_l"": 28.9189, ""sv_l"": 30.9189, ""feat_secs"": 0.00796, ""feat_secs_frame"": 0.000136, ""feat_secs_hsf"": 0.007785}"
ct,"ct:n=24,L=2,t=24,nn=1",1,"{""n"": 24.0, ""L"": 2.0, ""t"": 24.0, ""nn"": 1.0}",auto,ok,0.000378,0.0046,2539520,-0.7071067811865474,4,-0.7071067811859264,6.209477376728501e-13,switched_at=Some(5) dense_qubits=4 peak_terms=1 term_visits=16 dense_ops=50,"{""n"": 24, ""gates"": 121, ""g2"": 23, ""g3"": 0, ""depth2"": 2, ""t_count"": 24, ""rotations"": 24, ""d"": 13, ""dense_l"": 15.0567, ""redundant"": 11, ""obs_zero"": false, ""frame_l"": 10.085, ""chi_bits"": 1, ""mps_l"": 8.7748, ""hsf_k"": 1, ""hsf_na"": 12, ""hsf_nb"": 12, ""hsf_l"": 25.042, ""sup"": 22, ""chi_bits0"": 1, ""mps_l0"": 8.7748, ""hsf_keff"": 1, ""hsf_l0"": 25.042, ""sparse_l"": 28.9189, ""sv_l"": 30.9189, ""feat_secs"": 0.00796, ""feat_secs_frame"": 0.000136, ""feat_secs_hsf"": 0.007785}"
ct,"ct:n=24,L=2,t=32,nn=1",1,"{""n"": 24.0, ""L"": 2.0, ""t"": 32.0, ""nn"": 1.0}",sv,ok,0.718607,0.7239,272269312,-5.751062544281081e-17,16777216,-5.751062544281081e-17,0.0,,"{""n"": 24, ""gates"": 134, ""g2"": 23, ""g3"": 0, ""depth2"": 2, ""t_count"": 32, ""rotations"": 32, ""d"": 16, ""dense_l"": 17.2765, ""redundant"": 16, ""obs_zero"": true, ""frame_l"": 7.0661, ""chi_bits"": 1, ""mps_l"": 8.8642, ""hsf_k"": 1, ""hsf_na"": 12, ""hsf_nb"": 12, ""hsf_l"": 25.0464, ""sup"": 24, ""chi_bits0"": 1, ""mps_l0"": 8.8642, ""hsf_keff"": 1, ""hsf_l0"": 25.0464, ""sparse_l"": 31.0661, ""sv_l"": 31.0661, ""feat_secs"": 0.007218, ""feat_secs_frame"": 0.000213, ""feat_secs_hsf"": 0.006948}"
ct,"ct:n=24,L=2,t=32,nn=1",1,"{""n"": 24.0, ""L"": 2.0, ""t"": 32.0, ""nn"": 1.0}",sparse,timeout,,10.0465,3356983296,,,-5.751062544281081e-17,,timeout,"{""n"": 24, ""gates"": 134, ""g2"": 23, ""g3"": 0, ""depth2"": 2, ""t_count"": 32, ""rotations"": 32, ""d"": 16, ""dense_l"": 17.2765, ""redundant"": 16, ""obs_zero"": true, ""frame_l"": 7.0661, ""chi_bits"": 1, ""mps_l"": 8.8642, ""hsf_k"": 1, ""hsf_na"": 12, ""hsf_nb"": 12, ""hsf_l"": 25.0464, ""sup"": 24, ""chi_bits0"": 1, ""mps_l0"": 8.8642, ""hsf_keff"": 1, ""hsf_l0"": 25.0464, ""sparse_l"": 31.0661, ""sv_l"": 31.0661, ""feat_secs"": 0.007218, ""feat_secs_frame"": 0.000213, ""feat_secs_hsf"": 0.006948}"
ct,"ct:n=24,L=2,t=32,nn=1",1,"{""n"": 24.0, ""L"": 2.0, ""t"": 32.0, ""nn"": 1.0}",mps,ok,0.000224,0.0046,2523136,-3.053113317719178e-16,2,-5.751062544281081e-17,2.47800706329107e-16,,"{""n"": 24, ""gates"": 134, ""g2"": 23, ""g3"": 0, ""depth2"": 2, ""t_count"": 32, ""rotations"": 32, ""d"": 16, ""dense_l"": 17.2765, ""redundant"": 16, ""obs_zero"": true, ""frame_l"": 7.0661, ""chi_bits"": 1, ""mps_l"": 8.8642, ""hsf_k"": 1, ""hsf_na"": 12, ""hsf_nb"": 12, ""hsf_l"": 25.0464, ""sup"": 24, ""chi_bits0"": 1, ""mps_l0"": 8.8642, ""hsf_keff"": 1, ""hsf_l0"": 25.0464, ""sparse_l"": 31.0661, ""sv_l"": 31.0661, ""feat_secs"": 0.007218, ""feat_secs_frame"": 0.000213, ""feat_secs_hsf"": 0.006948}"
ct,"ct:n=24,L=2,t=32,nn=1",1,"{""n"": 24.0, ""L"": 2.0, ""t"": 32.0, ""nn"": 1.0}",hsf,ok,0.056299,0.0616,271351808,-2.85322518887019e-17,2,-5.751062544281081e-17,2.897837355410891e-17,,"{""n"": 24, ""gates"": 134, ""g2"": 23, ""g3"": 0, ""depth2"": 2, ""t_count"": 32, ""rotations"": 32, ""d"": 16, ""dense_l"": 17.2765, ""redundant"": 16, ""obs_zero"": true, ""frame_l"": 7.0661, ""chi_bits"": 1, ""mps_l"": 8.8642, ""hsf_k"": 1, ""hsf_na"": 12, ""hsf_nb"": 12, ""hsf_l"": 25.0464, ""sup"": 24, ""chi_bits0"": 1, ""mps_l0"": 8.8642, ""hsf_keff"": 1, ""hsf_l0"": 25.0464, ""sparse_l"": 31.0661, ""sv_l"": 31.0661, ""feat_secs"": 0.007218, ""feat_secs_frame"": 0.000213, ""feat_secs_hsf"": 0.006948}"
ct,"ct:n=24,L=2,t=32,nn=1",1,"{""n"": 24.0, ""L"": 2.0, ""t"": 32.0, ""nn"": 1.0}",tableau,na,,0.0047,1851392,,,-5.751062544281081e-17,,"TooLarge { what: ""tableau (non-Clifford circuit)"", bytes: 0, limit: 0 }","{""n"": 24, ""gates"": 134, ""g2"": 23, ""g3"": 0, ""depth2"": 2, ""t_count"": 32, ""rotations"": 32, ""d"": 16, ""dense_l"": 17.2765, ""redundant"": 16, ""obs_zero"": true, ""frame_l"": 7.0661, ""chi_bits"": 1, ""mps_l"": 8.8642, ""hsf_k"": 1, ""hsf_na"": 12, ""hsf_nb"": 12, ""hsf_l"": 25.0464, ""sup"": 24, ""chi_bits0"": 1, ""mps_l0"": 8.8642, ""hsf_keff"": 1, ""hsf_l0"": 25.0464, ""sparse_l"": 31.0661, ""sv_l"": 31.0661, ""feat_secs"": 0.007218, ""feat_secs_frame"": 0.000213, ""feat_secs_hsf"": 0.006948}"
ct,"ct:n=24,L=2,t=32,nn=1",1,"{""n"": 24.0, ""L"": 2.0, ""t"": 32.0, ""nn"": 1.0}",cstate,ok,0.000649,0.0075,3325952,0.0,16,-5.751062544281081e-17,5.751062544281081e-17,,"{""n"": 24, ""gates"": 134, ""g2"": 23, ""g3"": 0, ""depth2"": 2, ""t_count"": 32, ""rotations"": 32, ""d"": 16, ""dense_l"": 17.2765, ""redundant"": 16, ""obs_zero"": true, ""frame_l"": 7.0661, ""chi_bits"": 1, ""mps_l"": 8.8642, ""hsf_k"": 1, ""hsf_na"": 12, ""hsf_nb"": 12, ""hsf_l"": 25.0464, ""sup"": 24, ""chi_bits0"": 1, ""mps_l0"": 8.8642, ""hsf_keff"": 1, ""hsf_l0"": 25.0464, ""sparse_l"": 31.0661, ""sv_l"": 31.0661, ""feat_secs"": 0.007218, ""feat_secs_frame"": 0.000213, ""feat_secs_hsf"": 0.006948}"
ct,"ct:n=24,L=2,t=32,nn=1",1,"{""n"": 24.0, ""L"": 2.0, ""t"": 32.0, ""nn"": 1.0}",frame,ok,0.000243,0.0075,2457600,-0.0,0,-5.751062544281081e-17,5.751062544281081e-17,switched_at=None dense_qubits=0 peak_terms=0 term_visits=0 dense_ops=0,"{""n"": 24, ""gates"": 134, ""g2"": 23, ""g3"": 0, ""depth2"": 2, ""t_count"": 32, ""rotations"": 32, ""d"": 16, ""dense_l"": 17.2765, ""redundant"": 16, ""obs_zero"": true, ""frame_l"": 7.0661, ""chi_bits"": 1, ""mps_l"": 8.8642, ""hsf_k"": 1, ""hsf_na"": 12, ""hsf_nb"": 12, ""hsf_l"": 25.0464, ""sup"": 24, ""chi_bits0"": 1, ""mps_l0"": 8.8642, ""hsf_keff"": 1, ""hsf_l0"": 25.0464, ""sparse_l"": 31.0661, ""sv_l"": 31.0661, ""feat_secs"": 0.007218, ""feat_secs_frame"": 0.000213, ""feat_secs_hsf"": 0.006948}"
ct,"ct:n=24,L=2,t=32,nn=1",1,"{""n"": 24.0, ""L"": 2.0, ""t"": 32.0, ""nn"": 1.0}",dense,ok,0.000525,0.0076,3489792,0.0,16,-5.751062544281081e-17,5.751062544281081e-17,switched_at=Some(29) dense_qubits=16 peak_terms=0 term_visits=0 dense_ops=148526,"{""n"": 24, ""gates"": 134, ""g2"": 23, ""g3"": 0, ""depth2"": 2, ""t_count"": 32, ""rotations"": 32, ""d"": 16, ""dense_l"": 17.2765, ""redundant"": 16, ""obs_zero"": true, ""frame_l"": 7.0661, ""chi_bits"": 1, ""mps_l"": 8.8642, ""hsf_k"": 1, ""hsf_na"": 12, ""hsf_nb"": 12, ""hsf_l"": 25.0464, ""sup"": 24, ""chi_bits0"": 1, ""mps_l0"": 8.8642, ""hsf_keff"": 1, ""hsf_l0"": 25.0464, ""sparse_l"": 31.0661, ""sv_l"": 31.0661, ""feat_secs"": 0.007218, ""feat_secs_frame"": 0.000213, ""feat_secs_hsf"": 0.006948}"
ct,"ct:n=24,L=2,t=32,nn=1",1,"{""n"": 24.0, ""L"": 2.0, ""t"": 32.0, ""nn"": 1.0}",auto,ok,0.000235,0.0067,2457600,-0.0,0,-5.751062544281081e-17,5.751062544281081e-17,switched_at=None dense_qubits=0 peak_terms=0 term_visits=0 dense_ops=0,"{""n"": 24, ""gates"": 134, ""g2"": 23, ""g3"": 0, ""depth2"": 2, ""t_count"": 32, ""rotations"": 32, ""d"": 16, ""dense_l"": 17.2765, ""redundant"": 16, ""obs_zero"": true, ""frame_l"": 7.0661, ""chi_bits"": 1, ""mps_l"": 8.8642, ""hsf_k"": 1, ""hsf_na"": 12, ""hsf_nb"": 12, ""hsf_l"": 25.0464, ""sup"": 24, ""chi_bits0"": 1, ""mps_l0"": 8.8642, ""hsf_keff"": 1, ""hsf_l0"": 25.0464, ""sparse_l"": 31.0661, ""sv_l"": 31.0661, ""feat_secs"": 0.007218, ""feat_secs_frame"": 0.000213, ""feat_secs_hsf"": 0.006948}"
ct,"ct:n=24,L=2,t=48,nn=1",1,"{""n"": 24.0, ""L"": 2.0, ""t"": 48.0, ""nn"": 1.0}",sv,ok,0.809365,0.8162,272269312,0.4999999999996759,16777216,0.4999999999996759,0.0,,"{""n"": 24, ""gates"": 161, ""g2"": 23, ""g3"": 0, ""depth2"": 2, ""t_count"": 48, ""rotations"": 48, ""d"": 21, ""dense_l"": 23.2171, ""redundant"": 27, ""obs_zero"": false, ""frame_l"": 19.085, ""chi_bits"": 1, ""mps_l"": 9.0553, ""hsf_k"": 1, ""hsf_na"": 12, ""hsf_nb"": 12, ""hsf_l"": 25.0556, ""sup"": 24, ""chi_bits0"": 1, ""mps_l0"": 9.0553, ""hsf_keff"": 1, ""hsf_l0"": 25.0556, ""sparse_l"": 31.3309, ""sv_l"": 31.3309, ""feat_secs"": 0.00861, ""feat_secs_frame"": 0.00019, ""feat_secs_hsf"": 0.008374}"
ct,"ct:n=24,L=2,t=48,nn=1",1,"{""n"": 24.0, ""L"": 2.0, ""t"": 48.0, ""nn"": 1.0}",sparse,timeout,,10.0146,3361374208,,,0.4999999999996759,,timeout,"{""n"": 24, ""gates"": 161, ""g2"": 23, ""g3"": 0, ""depth2"": 2, ""t_count"": 48, ""rotations"": 48, ""d"": 21, ""dense_l"": 23.2171, ""redundant"": 27, ""obs_zero"": false, ""frame_l"": 19.085, ""chi_bits"": 1, ""mps_l"": 9.0553, ""hsf_k"": 1, ""hsf_na"": 12, ""hsf_nb"": 12, ""hsf_l"": 25.0556, ""sup"": 24, ""chi_bits0"": 1, ""mps_l0"": 9.0553, ""hsf_keff"": 1, ""hsf_l0"": 25.0556, ""sparse_l"": 31.3309, ""sv_l"": 31.3309, ""feat_secs"": 0.00861, ""feat_secs_frame"": 0.00019, ""feat_secs_hsf"": 0.008374}"
ct,"ct:n=24,L=2,t=48,nn=1",1,"{""n"": 24.0, ""L"": 2.0, ""t"": 48.0, ""nn"": 1.0}",mps,ok,0.00023,0.0046,2506752,0.4999999999999997,2,0.4999999999996759,3.237965451319269e-13,,"{""n"": 24, ""gates"": 161, ""g2"": 23, ""g3"": 0, ""depth2"": 2, ""t_count"": 48, ""rotations"": 48, ""d"": 21, ""dense_l"": 23.2171, ""redundant"": 27, ""obs_zero"": false, ""frame_l"": 19.085, ""chi_bits"": 1, ""mps_l"": 9.0553, ""hsf_k"": 1, ""hsf_na"": 12, ""hsf_nb"": 12, ""hsf_l"": 25.0556, ""sup"": 24, ""chi_bits0"": 1, ""mps_l0"": 9.0553, ""hsf_keff"": 1, ""hsf_l0"": 25.0556, ""sparse_l"": 31.3309, ""sv_l"": 31.3309, ""feat_secs"": 0.00861, ""feat_secs_frame"": 0.00019, ""feat_secs_hsf"": 0.008374}"
ct,"ct:n=24,L=2,t=48,nn=1",1,"{""n"": 24.0, ""L"": 2.0, ""t"": 48.0, ""nn"": 1.0}",hsf,ok,0.05868,0.0627,271368192,0.4999999999996759,2,0.4999999999996759,0.0,,"{""n"": 24, ""gates"": 161, ""g2"": 23, ""g3"": 0, ""depth2"": 2, ""t_count"": 48, ""rotations"": 48, ""d"": 21, ""dense_l"": 23.2171, ""redundant"": 27, ""obs_zero"": false, ""frame_l"": 19.085, ""chi_bits"": 1, ""mps_l"": 9.0553, ""hsf_k"": 1, ""hsf_na"": 12, ""hsf_nb"": 12, ""hsf_l"": 25.0556, ""sup"": 24, ""chi_bits0"": 1, ""mps_l0"": 9.0553, ""hsf_keff"": 1, ""hsf_l0"": 25.0556, ""sparse_l"": 31.3309, ""sv_l"": 31.3309, ""feat_secs"": 0.00861, ""feat_secs_frame"": 0.00019, ""feat_secs_hsf"": 0.008374}"
ct,"ct:n=24,L=2,t=48,nn=1",1,"{""n"": 24.0, ""L"": 2.0, ""t"": 48.0, ""nn"": 1.0}",tableau,na,,0.0042,1867776,,,0.4999999999996759,,"TooLarge { what: ""tableau (non-Clifford circuit)"", bytes: 0, limit: 0 }","{""n"": 24, ""gates"": 161, ""g2"": 23, ""g3"": 0, ""depth2"": 2, ""t_count"": 48, ""rotations"": 48, ""d"": 21, ""dense_l"": 23.2171, ""redundant"": 27, ""obs_zero"": false, ""frame_l"": 19.085, ""chi_bits"": 1, ""mps_l"": 9.0553, ""hsf_k"": 1, ""hsf_na"": 12, ""hsf_nb"": 12, ""hsf_l"": 25.0556, ""sup"": 24, ""chi_bits0"": 1, ""mps_l0"": 9.0553, ""hsf_keff"": 1, ""hsf_l0"": 25.0556, ""sparse_l"": 31.3309, ""sv_l"": 31.3309, ""feat_secs"": 0.00861, ""feat_secs_frame"": 0.00019, ""feat_secs_hsf"": 0.008374}"
ct,"ct:n=24,L=2,t=48,nn=1",1,"{""n"": 24.0, ""L"": 2.0, ""t"": 48.0, ""nn"": 1.0}",cstate,ok,0.021484,0.0281,36405248,0.5000000000001412,21,0.4999999999996759,4.652944696204031e-13,,"{""n"": 24, ""gates"": 161, ""g2"": 23, ""g3"": 0, ""depth2"": 2, ""t_count"": 48, ""rotations"": 48, ""d"": 21, ""dense_l"": 23.2171, ""redundant"": 27, ""obs_zero"": false, ""frame_l"": 19.085, ""chi_bits"": 1, ""mps_l"": 9.0553, ""hsf_k"": 1, ""hsf_na"": 12, ""hsf_nb"": 12, ""hsf_l"": 25.0556, ""sup"": 24, ""chi_bits0"": 1, ""mps_l0"": 9.0553, ""hsf_keff"": 1, ""hsf_l0"": 25.0556, ""sparse_l"": 31.3309, ""sv_l"": 31.3309, ""feat_secs"": 0.00861, ""feat_secs_frame"": 0.00019, ""feat_secs_hsf"": 0.008374}"
ct,"ct:n=24,L=2,t=48,nn=1",1,"{""n"": 24.0, ""L"": 2.0, ""t"": 48.0, ""nn"": 1.0}",frame,ok,0.000597,0.0043,2539520,0.4999999999999999,2,0.4999999999996759,3.239630785856207e-13,switched_at=None dense_qubits=0 peak_terms=2 term_visits=64 dense_ops=0,"{""n"": 24, ""gates"": 161, ""g2"": 23, ""g3"": 0, ""depth2"": 2, ""t_count"": 48, ""rotations"": 48, ""d"": 21, ""dense_l"": 23.2171, ""redundant"": 27, ""obs_zero"": false, ""frame_l"": 19.085, ""chi_bits"": 1, ""mps_l"": 9.0553, ""hsf_k"": 1, ""hsf_na"": 12, ""hsf_nb"": 12, ""hsf_l"": 25.0556, ""sup"": 24, ""chi_bits0"": 1, ""mps_l0"": 9.0553, ""hsf_keff"": 1, ""hsf_l0"": 25.0556, ""sparse_l"": 31.3309, ""sv_l"": 31.3309, ""feat_secs"": 0.00861, ""feat_secs_frame"": 0.00019, ""feat_secs_hsf"": 0.008374}"
ct,"ct:n=24,L=2,t=48,nn=1",1,"{""n"": 24.0, ""L"": 2.0, ""t"": 48.0, ""nn"": 1.0}",dense,ok,0.018008,0.0233,36306944,0.5000000000001416,21,0.4999999999996759,4.656275365277907e-13,switched_at=Some(43) dense_qubits=21 peak_terms=1 term_visits=0 dense_ops=10799524,"{""n"": 24, ""gates"": 161, ""g2"": 23, ""g3"": 0, ""depth2"": 2, ""t_count"": 48, ""rotations"": 48, ""d"": 21, ""dense_l"": 23.2171, ""redundant"": 27, ""obs_zero"": false, ""frame_l"": 19.085, ""chi_bits"": 1, ""mps_l"": 9.0553, ""hsf_k"": 1, ""hsf_na"": 12, ""hsf_nb"": 12, ""hsf_l"": 25.0556, ""sup"": 24, ""chi_bits0"": 1, ""mps_l0"": 9.0553, ""hsf_keff"": 1, ""hsf_l0"": 25.0556, ""sparse_l"": 31.3309, ""sv_l"": 31.3309, ""feat_secs"": 0.00861, ""feat_secs_frame"": 0.00019, ""feat_secs_hsf"": 0.008374}"
ct,"ct:n=24,L=2,t=48,nn=1",1,"{""n"": 24.0, ""L"": 2.0, ""t"": 48.0, ""nn"": 1.0}",auto,ok,0.000534,0.0076,2555904,0.4999999999999997,4,0.4999999999996759,3.237965451319269e-13,switched_at=Some(11) dense_qubits=4 peak_terms=2 term_visits=53 dense_ops=84,"{""n"": 24, ""gates"": 161, ""g2"": 23, ""g3"": 0, ""depth2"": 2, ""t_count"": 48, ""rotations"": 48, ""d"": 21, ""dense_l"": 23.2171, ""redundant"": 27, ""obs_zero"": false, ""frame_l"": 19.085, ""chi_bits"": 1, ""mps_l"": 9.0553, ""hsf_k"": 1, ""hsf_na"": 12, ""hsf_nb"": 12, ""hsf_l"": 25.0556, ""sup"": 24, ""chi_bits0"": 1, ""mps_l0"": 9.0553, ""hsf_keff"": 1, ""hsf_l0"": 25.0556, ""sparse_l"": 31.3309, ""sv_l"": 31.3309, ""feat_secs"": 0.00861, ""feat_secs_frame"": 0.00019, ""feat_secs_hsf"": 0.008374}"
ct,"ct:n=24,L=2,t=64,nn=1",1,"{""n"": 24.0, ""L"": 2.0, ""t"": 64.0, ""nn"": 1.0}",sv,ok,0.720469,0.7262,272367616,-0.3535533905934737,16777216,-0.3535533905934737,0.0,,"{""n"": 24, ""gates"": 197, ""g2"": 23, ""g3"": 0, ""depth2"": 2, ""t_count"": 64, ""rotations"": 64, ""d"": 23, ""dense_l"": 25.6263, ""redundant"": 41, ""obs_zero"": false, ""frame_l"": 26.5, ""chi_bits"": 1, ""mps_l"": 9.1874, ""hsf_k"": 1, ""hsf_na"": 12, ""hsf_nb"": 12, ""hsf_l"": 25.0678, ""sup"": 24, ""chi_bits0"": 1, ""mps_l0"": 9.1874, ""hsf_keff"": 1, ""hsf_l0"": 25.0678, ""sparse_l"": 31.6221, ""sv_l"": 31.6221, ""feat_secs"": 0.006155, ""feat_secs_frame"": 0.00022, ""feat_secs_hsf"": 0.00588}"
ct,"ct:n=24,L=2,t=64,nn=1",1,"{""n"": 24.0, ""L"": 2.0, ""t"": 64.0, ""nn"": 1.0}",sparse,timeout,,10.0140,1683701760,,,-0.3535533905934737,,timeout,"{""n"": 24, ""gates"": 197, ""g2"": 23, ""g3"": 0, ""depth2"": 2, ""t_count"": 64, ""rotations"": 64, ""d"": 23, ""dense_l"": 25.6263, ""redundant"": 41, ""obs_zero"": false, ""frame_l"": 26.5, ""chi_bits"": 1, ""mps_l"": 9.1874, ""hsf_k"": 1, ""hsf_na"": 12, ""hsf_nb"": 12, ""hsf_l"": 25.0678, ""sup"": 24, ""chi_bits0"": 1, ""mps_l0"": 9.1874, ""hsf_keff"": 1, ""hsf_l0"": 25.0678, ""sparse_l"": 31.6221, ""sv_l"": 31.6221, ""feat_secs"": 0.006155, ""feat_secs_frame"": 0.00022, ""feat_secs_hsf"": 0.00588}"
ct,"ct:n=24,L=2,t=64,nn=1",1,"{""n"": 24.0, ""L"": 2.0, ""t"": 64.0, ""nn"": 1.0}",mps,ok,0.000238,0.0046,2555904,-0.3535533905932732,2,-0.3535533905934737,2.0050627824730327e-13,,"{""n"": 24, ""gates"": 197, ""g2"": 23, ""g3"": 0, ""depth2"": 2, ""t_count"": 64, ""rotations"": 64, ""d"": 23, ""dense_l"": 25.6263, ""redundant"": 41, ""obs_zero"": false, ""frame_l"": 26.5, ""chi_bits"": 1, ""mps_l"": 9.1874, ""hsf_k"": 1, ""hsf_na"": 12, ""hsf_nb"": 12, ""hsf_l"": 25.0678, ""sup"": 24, ""chi_bits0"": 1, ""mps_l0"": 9.1874, ""hsf_keff"": 1, ""hsf_l0"": 25.0678, ""sparse_l"": 31.6221, ""sv_l"": 31.6221, ""feat_secs"": 0.006155, ""feat_secs_frame"": 0.00022, ""feat_secs_hsf"": 0.00588}"
ct,"ct:n=24,L=2,t=64,nn=1",1,"{""n"": 24.0, ""L"": 2.0, ""t"": 64.0, ""nn"": 1.0}",hsf,ok,0.057301,0.0633,271400960,-0.3535533905934725,2,-0.3535533905934737,1.1657341758564144e-15,,"{""n"": 24, ""gates"": 197, ""g2"": 23, ""g3"": 0, ""depth2"": 2, ""t_count"": 64, ""rotations"": 64, ""d"": 23, ""dense_l"": 25.6263, ""redundant"": 41, ""obs_zero"": false, ""frame_l"": 26.5, ""chi_bits"": 1, ""mps_l"": 9.1874, ""hsf_k"": 1, ""hsf_na"": 12, ""hsf_nb"": 12, ""hsf_l"": 25.0678, ""sup"": 24, ""chi_bits0"": 1, ""mps_l0"": 9.1874, ""hsf_keff"": 1, ""hsf_l0"": 25.0678, ""sparse_l"": 31.6221, ""sv_l"": 31.6221, ""feat_secs"": 0.006155, ""feat_secs_frame"": 0.00022, ""feat_secs_hsf"": 0.00588}"
ct,"ct:n=24,L=2,t=64,nn=1",1,"{""n"": 24.0, ""L"": 2.0, ""t"": 64.0, ""nn"": 1.0}",tableau,na,,0.0045,1851392,,,-0.3535533905934737,,"TooLarge { what: ""tableau (non-Clifford circuit)"", bytes: 0, limit: 0 }","{""n"": 24, ""gates"": 197, ""g2"": 23, ""g3"": 0, ""depth2"": 2, ""t_count"": 64, ""rotations"": 64, ""d"": 23, ""dense_l"": 25.6263, ""redundant"": 41, ""obs_zero"": false, ""frame_l"": 26.5, ""chi_bits"": 1, ""mps_l"": 9.1874, ""hsf_k"": 1, ""hsf_na"": 12, ""hsf_nb"": 12, ""hsf_l"": 25.0678, ""sup"": 24, ""chi_bits0"": 1, ""mps_l0"": 9.1874, ""hsf_keff"": 1, ""hsf_l0"": 25.0678, ""sparse_l"": 31.6221, ""sv_l"": 31.6221, ""feat_secs"": 0.006155, ""feat_secs_frame"": 0.00022, ""feat_secs_hsf"": 0.00588}"
ct,"ct:n=24,L=2,t=64,nn=1",1,"{""n"": 24.0, ""L"": 2.0, ""t"": 64.0, ""nn"": 1.0}",cstate,ok,0.099149,0.1058,136871936,-0.353553390593077,23,-0.3535533905934737,3.9668268669856843e-13,,"{""n"": 24, ""gates"": 197, ""g2"": 23, ""g3"": 0, ""depth2"": 2, ""t_count"": 64, ""rotations"": 64, ""d"": 23, ""dense_l"": 25.6263, ""redundant"": 41, ""obs_zero"": false, ""frame_l"": 26.5, ""chi_bits"": 1, ""mps_l"": 9.1874, ""hsf_k"": 1, ""hsf_na"": 12, ""hsf_nb"": 12, ""hsf_l"": 25.0678, ""sup"": 24, ""chi_bits0"": 1, ""mps_l0"": 9.1874, ""hsf_keff"": 1, ""hsf_l0"": 25.0678, ""sparse_l"": 31.6221, ""sv_l"": 31.6221, ""feat_secs"": 0.006155, ""feat_secs_frame"": 0.00022, ""feat_secs_hsf"": 0.00588}"
ct,"ct:n=24,L=2,t=64,nn=1",1,"{""n"": 24.0, ""L"": 2.0, ""t"": 64.0, ""nn"": 1.0}",frame,ok,0.000773,0.0075,2555904,-0.3535533905932737,2,-0.3535533905934737,2.0000667788622195e-13,switched_at=None dense_qubits=0 peak_terms=2 term_visits=62 dense_ops=0,"{""n"": 24, ""gates"": 197, ""g2"": 23, ""g3"": 0, ""depth2"": 2, ""t_count"": 64, ""rotations"": 64, ""d"": 23, ""dense_l"": 25.6263, ""redundant"": 41, ""obs_zero"": false, ""frame_l"": 26.5, ""chi_bits"": 1, ""mps_l"": 9.1874, ""hsf_k"": 1, ""hsf_na"": 12, ""hsf_nb"": 12, ""hsf_l"": 25.0678, ""sup"": 24, ""chi_bits0"": 1, ""mps_l0"": 9.1874, ""hsf_keff"": 1, ""hsf_l0"": 25.0678, ""sparse_l"": 31.6221, ""sv_l"": 31.6221, ""feat_secs"": 0.006155, ""feat_secs_frame"": 0.00022, ""feat_secs_hsf"": 0.00588}"
ct,"ct:n=24,L=2,t=64,nn=1",1,"{""n"": 24.0, ""L"": 2.0, ""t"": 64.0, ""nn"": 1.0}",dense,ok,0.085476,0.0906,137052160,-0.353553390593077,23,-0.3535533905934737,3.9668268669856843e-13,switched_at=Some(61) dense_qubits=23 peak_terms=1 term_visits=0 dense_ops=49695990,"{""n"": 24, ""gates"": 197, ""g2"": 23, ""g3"": 0, ""depth2"": 2, ""t_count"": 64, ""rotations"": 64, ""d"": 23, ""dense_l"": 25.6263, ""redundant"": 41, ""obs_zero"": false, ""frame_l"": 26.5, ""chi_bits"": 1, ""mps_l"": 9.1874, ""hsf_k"": 1, ""hsf_na"": 12, ""hsf_nb"": 12, ""hsf_l"": 25.0678, ""sup"": 24, ""chi_bits0"": 1, ""mps_l0"": 9.1874, ""hsf_keff"": 1, ""hsf_l0"": 25.0678, ""sparse_l"": 31.6221, ""sv_l"": 31.6221, ""feat_secs"": 0.006155, ""feat_secs_frame"": 0.00022, ""feat_secs_hsf"": 0.00588}"
ct,"ct:n=24,L=2,t=64,nn=1",1,"{""n"": 24.0, ""L"": 2.0, ""t"": 64.0, ""nn"": 1.0}",auto,ok,0.000757,0.0064,2555904,-0.3535533905932736,4,-0.3535533905934737,2.000621890374532e-13,switched_at=Some(10) dense_qubits=4 peak_terms=2 term_visits=52 dense_ops=70,"{""n"": 24, ""gates"": 197, ""g2"": 23, ""g3"": 0, ""depth2"": 2, ""t_count"": 64, ""rotations"": 64, ""d"": 23, ""dense_l"": 25.6263, ""redundant"": 41, ""obs_zero"": false, ""frame_l"": 26.5, ""chi_bits"": 1, ""mps_l"": 9.1874, ""hsf_k"": 1, ""hsf_na"": 12, ""hsf_nb"": 12, ""hsf_l"": 25.0678, ""sup"": 24, ""chi_bits0"": 1, ""mps_l0"": 9.1874, ""hsf_keff"": 1, ""hsf_l0"": 25.0678, ""sparse_l"": 31.6221, ""sv_l"": 31.6221, ""feat_secs"": 0.006155, ""feat_secs_frame"": 0.00022, ""feat_secs_hsf"": 0.00588}"
ct,"ct:n=24,L=4,t=0,nn=1",1,"{""n"": 24.0, ""L"": 4.0, ""t"": 0.0, ""nn"": 1.0}",sv,ok,0.943473,0.9483,272334848,-3.828588921589438e-19,16777216,-3.828588921589438e-19,0.0,,"{""n"": 24, ""gates"": 143, ""g2"": 46, ""g3"": 0, ""depth2"": 4, ""t_count"": 0, ""rotations"": 0, ""d"": 0, ""dense_l"": 0.0, ""redundant"": 0, ""obs_zero"": true, ""frame_l"": 7.1599, ""chi_bits"": 2, ""mps_l"": 11.0526, ""hsf_k"": 2, ""hsf_na"": 12, ""hsf_nb"": 12, ""hsf_l"": 26.0495, ""sup"": 24, ""chi_bits0"": 2, ""mps_l0"": 11.0526, ""hsf_keff"": 2, ""hsf_l0"": 26.0495, ""sparse_l"": 31.1599, ""sv_l"": 31.1599, ""feat_secs"": 0.005579, ""feat_secs_frame"": 0.000157, ""feat_secs_hsf"": 0.005378}"
ct,"ct:n=24,L=4,t=0,nn=1",1,"{""n"": 24.0, ""L"": 4.0, ""t"": 0.0, ""nn"": 1.0}",sparse,ok,0.494501,0.5011,163020800,-1.01643953670516e-20,1048576,-3.828588921589438e-19,3.726944967918922e-19,,"{""n"": 24, ""gates"": 143, ""g2"": 46, ""g3"": 0, ""depth2"": 4, ""t_count"": 0, ""rotations"": 0, ""d"": 0, ""dense_l"": 0.0, ""redundant"": 0, ""obs_zero"": true, ""frame_l"": 7.1599, ""chi_bits"": 2, ""mps_l"": 11.0526, ""hsf_k"": 2, ""hsf_na"": 12, ""hsf_nb"": 12, ""hsf_l"": 26.0495, ""sup"": 24, ""chi_bits0"": 2, ""mps_l0"": 11.0526, ""hsf_keff"": 2, ""hsf_l0"": 26.0495, ""sparse_l"": 31.1599, ""sv_l"": 31.1599, ""feat_secs"": 0.005579, ""feat_secs_frame"": 0.000157, ""feat_secs_hsf"": 0.005378}"
ct,"ct:n=24,L=4,t=0,nn=1",1,"{""n"": 24.0, ""L"": 4.0, ""t"": 0.0, ""nn"": 1.0}",mps,ok,0.000382,0.0077,2637824,8.049116928532374e-16,4,-3.828588921589438e-19,8.052945517453964e-16,,"{""n"": 24, ""gates"": 143, ""g2"": 46, ""g3"": 0, ""depth2"": 4, ""t_count"": 0, ""rotations"": 0, ""d"": 0, ""dense_l"": 0.0, ""redundant"": 0, ""obs_zero"": true, ""frame_l"": 7.1599, ""chi_bits"": 2, ""mps_l"": 11.0526, ""hsf_k"": 2, ""hsf_na"": 12, ""hsf_nb"": 12, ""hsf_l"": 26.0495, ""sup"": 24, ""chi_bits0"": 2, ""mps_l0"": 11.0526, ""hsf_keff"": 2, ""hsf_l0"": 26.0495, ""sparse_l"": 31.1599, ""sv_l"": 31.1599, ""feat_secs"": 0.005579, ""feat_secs_frame"": 0.000157, ""feat_secs_hsf"": 0.005378}"
ct,"ct:n=24,L=4,t=0,nn=1",1,"{""n"": 24.0, ""L"": 4.0, ""t"": 0.0, ""nn"": 1.0}",hsf,ok,0.106538,0.1123,272039936,-4.20128341838133e-19,4,-3.828588921589438e-19,3.7269449679189215e-20,,"{""n"": 24, ""gates"": 143, ""g2"": 46, ""g3"": 0, ""depth2"": 4, ""t_count"": 0, ""rotations"": 0, ""d"": 0, ""dense_l"": 0.0, ""redundant"": 0, ""obs_zero"": true, ""frame_l"": 7.1599, ""chi_bits"": 2, ""mps_l"": 11.0526, ""hsf_k"": 2, ""hsf_na"": 12, ""hsf_nb"": 12, ""hsf_l"": 26.0495, ""sup"": 24, ""chi_bits0"": 2, ""mps_l0"": 11.0526, ""hsf_keff"": 2, ""hsf_l0"": 26.0495, ""sparse_l"": 31.1599, ""sv_l"": 31.1599, ""feat_secs"": 0.005579, ""feat_secs_frame"": 0.000157, ""feat_secs_hsf"": 0.005378}"
ct,"ct:n=24,L=4,t=0,nn=1",1,"{""n"": 24.0, ""L"": 4.0, ""t"": 0.0, ""nn"": 1.0}",tableau,ok,5.6e-05,0.0076,2031616,-0.0,0,-3.828588921589438e-19,3.828588921589438e-19,value recomputed after the C-vs-C† fix (timing from the original run),"{""n"": 24, ""gates"": 143, ""g2"": 46, ""g3"": 0, ""depth2"": 4, ""t_count"": 0, ""rotations"": 0, ""d"": 0, ""dense_l"": 0.0, ""redundant"": 0, ""obs_zero"": true, ""frame_l"": 7.1599, ""chi_bits"": 2, ""mps_l"": 11.0526, ""hsf_k"": 2, ""hsf_na"": 12, ""hsf_nb"": 12, ""hsf_l"": 26.0495, ""sup"": 24, ""chi_bits0"": 2, ""mps_l0"": 11.0526, ""hsf_keff"": 2, ""hsf_l0"": 26.0495, ""sparse_l"": 31.1599, ""sv_l"": 31.1599, ""feat_secs"": 0.005579, ""feat_secs_frame"": 0.000157, ""feat_secs_hsf"": 0.005378}"
ct,"ct:n=24,L=4,t=0,nn=1",1,"{""n"": 24.0, ""L"": 4.0, ""t"": 0.0, ""nn"": 1.0}",cstate,ok,0.000119,0.0046,1998848,0.0,0,-3.828588921589438e-19,3.828588921589438e-19,,"{""n"": 24, ""gates"": 143, ""g2"": 46, ""g3"": 0, ""depth2"": 4, ""t_count"": 0, ""rotations"": 0, ""d"": 0, ""dense_l"": 0.0, ""redundant"": 0, ""obs_zero"": true, ""frame_l"": 7.1599, ""chi_bits"": 2, ""mps_l"": 11.0526, ""hsf_k"": 2, ""hsf_na"": 12, ""hsf_nb"": 12, ""hsf_l"": 26.0495, ""sup"": 24, ""chi_bits0"": 2, ""mps_l0"": 11.0526, ""hsf_keff"": 2, ""hsf_l0"": 26.0495, ""sparse_l"": 31.1599, ""sv_l"": 31.1599, ""feat_secs"": 0.005579, ""feat_secs_frame"": 0.000157, ""feat_secs_hsf"": 0.005378}"
ct,"ct:n=24,L=4,t=0,nn=1",1,"{""n"": 24.0, ""L"": 4.0, ""t"": 0.0, ""nn"": 1.0}",frame,ok,0.000133,0.0045,2162688,-0.0,0,-3.828588921589438e-19,3.828588921589438e-19,switched_at=None dense_qubits=0 peak_terms=0 term_visits=0 dense_ops=0,"{""n"": 24, ""gates"": 143, ""g2"": 46, ""g3"": 0, ""depth2"": 4, ""t_count"": 0, ""rotations"": 0, ""d"": 0, ""dense_l"": 0.0, ""redundant"": 0, ""obs_zero"": true, ""frame_l"": 7.1599, ""chi_bits"": 2, ""mps_l"": 11.0526, ""hsf_k"": 2, ""hsf_na"": 12, ""hsf_nb"": 12, ""hsf_l"": 26.0495, ""sup"": 24, ""chi_bits0"": 2, ""mps_l0"": 11.0526, ""hsf_keff"": 2, ""hsf_l0"": 26.0495, ""sparse_l"": 31.1599, ""sv_l"": 31.1599, ""feat_secs"": 0.005579, ""feat_secs_frame"": 0.000157, ""feat_secs_hsf"": 0.005378}"
ct,"ct:n=24,L=4,t=0,nn=1",1,"{""n"": 24.0, ""L"": 4.0, ""t"": 0.0, ""nn"": 1.0}",dense,ok,0.000234,0.0047,2162688,-0.0,0,-3.828588921589438e-19,3.828588921589438e-19,switched_at=None dense_qubits=0 peak_terms=0 term_visits=0 dense_ops=0,"{""n"": 24, ""gates"": 143, ""g2"": 46, ""g3"": 0, ""depth2"": 4, ""t_count"": 0, ""rotations"": 0, ""d"": 0, ""dense_l"": 0.0, ""redundant"": 0, ""obs_zero"": true, ""frame_l"": 7.1599, ""chi_bits"": 2, ""mps_l"": 11.0526, ""hsf_k"": 2, ""hsf_na"": 12, ""hsf_nb"": 12, ""hsf_l"": 26.0495, ""sup"": 24, ""chi_bits0"": 2, ""mps_l0"": 11.0526, ""hsf_keff"": 2, ""hsf_l0"": 26.0495, ""sparse_l"": 31.1599, ""sv_l"": 31.1599, ""feat_secs"": 0.005579, ""feat_secs_frame"": 0.000157, ""feat_secs_hsf"": 0.005378}"
ct,"ct:n=24,L=4,t=0,nn=1",1,"{""n"": 24.0, ""L"": 4.0, ""t"": 0.0, ""nn"": 1.0}",auto,ok,0.00012,0.0046,2162688,-0.0,0,-3.828588921589438e-19,3.828588921589438e-19,switched_at=None dense_qubits=0 peak_terms=0 term_visits=0 dense_ops=0,"{""n"": 24, ""gates"": 143, ""g2"": 46, ""g3"": 0, ""depth2"": 4, ""t_count"": 0, ""rotations"": 0, ""d"": 0, ""dense_l"": 0.0, ""redundant"": 0, ""obs_zero"": true, ""frame_l"": 7.1599, ""chi_bits"": 2, ""mps_l"": 11.0526, ""hsf_k"": 2, ""hsf_na"": 12, ""hsf_nb"": 12, ""hsf_l"": 26.0495, ""sup"": 24, ""chi_bits0"": 2, ""mps_l0"": 11.0526, ""hsf_keff"": 2, ""hsf_l0"": 26.0495, ""sparse_l"": 31.1599, ""sv_l"": 31.1599, ""feat_secs"": 0.005579, ""feat_secs_frame"": 0.000157, ""feat_secs_hsf"": 0.005378}"
ct,"ct:n=24,L=4,t=2,nn=1",1,"{""n"": 24.0, ""L"": 4.0, ""t"": 2.0, ""nn"": 1.0}",sv,ok,0.938147,0.9453,272367616,-1.545835128739098e-20,16777216,-1.545835128739098e-20,0.0,,"{""n"": 24, ""gates"": 142, ""g2"": 46, ""g3"": 0, ""depth2"": 4, ""t_count"": 2, ""rotations"": 2, ""d"": 2, ""dense_l"": 2.585, ""redundant"": 0, ""obs_zero"": true, ""frame_l"": 7.1497, ""chi_bits"": 2, ""mps_l"": 11.0821, ""hsf_k"": 2, ""hsf_na"": 12, ""hsf_nb"": 12, ""hsf_l"": 26.0492, ""sup"": 24, ""chi_bits0"": 2, ""mps_l0"": 11.0821, ""hsf_keff"": 2, ""hsf_l0"": 26.0492, ""sparse_l"": 31.1497, ""sv_l"": 31.1497, ""feat_secs"": 0.005773, ""feat_secs_frame"": 0.000156, ""feat_secs_hsf"": 0.005576}"
ct,"ct:n=24,L=4,t=2,nn=1",1,"{""n"": 24.0, ""L"": 4.0, ""t"": 2.0, ""nn"": 1.0}",sparse,ok,1.119699,1.1260,320520192,2.648301449149773e-18,2097152,-1.545835128739098e-20,2.663759800437164e-18,,"{""n"": 24, ""gates"": 142, ""g2"": 46, ""g3"": 0, ""depth2"": 4, ""t_count"": 2, ""rotations"": 2, ""d"": 2, ""dense_l"": 2.585, ""redundant"": 0, ""obs_zero"": true, ""frame_l"": 7.1497, ""chi_bits"": 2, ""mps_l"": 11.0821, ""hsf_k"": 2, ""hsf_na"": 12, ""hsf_nb"": 12, ""hsf_l"": 26.0492, ""sup"": 24, ""chi_bits0"": 2, ""mps_l0"": 11.0821, ""hsf_keff"": 2, ""hsf_l0"": 26.0492, ""sparse_l"": 31.1497, ""sv_l"": 31.1497, ""feat_secs"": 0.005773, ""feat_secs_frame"": 0.000156, ""feat_secs_hsf"": 0.005576}"
ct,"ct:n=24,L=4,t=2,nn=1",1,"{""n"": 24.0, ""L"": 4.0, ""t"": 2.0, ""nn"": 1.0}",mps,ok,0.000328,0.0061,2605056,8.874685183736385e-31,4,-1.545835128739098e-20,1.545835128827845e-20,,"{""n"": 24, ""gates"": 142, ""g2"": 46, ""g3"": 0, ""depth2"": 4, ""t_count"": 2, ""rotations"": 2, ""d"": 2, ""dense_l"": 2.585, ""redundant"": 0, ""obs_zero"": true, ""frame_l"": 7.1497, ""chi_bits"": 2, ""mps_l"": 11.0821, ""hsf_k"": 2, ""hsf_na"": 12, ""hsf_nb"": 12, ""hsf_l"": 26.0492, ""sup"": 24, ""chi_bits0"": 2, ""mps_l0"": 11.0821, ""hsf_keff"": 2, ""hsf_l0"": 26.0492, ""sparse_l"": 31.1497, ""sv_l"": 31.1497, ""feat_secs"": 0.005773, ""feat_secs_frame"": 0.000156, ""feat_secs_hsf"": 0.005576}"
ct,"ct:n=24,L=4,t=2,nn=1",1,"{""n"": 24.0, ""L"": 4.0, ""t"": 2.0, ""nn"": 1.0}",hsf,ok,0.100863,0.1069,272007168,-1.344664803766202e-20,4,-1.545835128739098e-20,2.0117032497289618e-21,,"{""n"": 24, ""gates"": 142, ""g2"": 46, ""g3"": 0, ""depth2"": 4, ""t_count"": 2, ""rotations"": 2, ""d"": 2, ""dense_l"": 2.585, ""redundant"": 0, ""obs_zero"": true, ""frame_l"": 7.1497, ""chi_bits"": 2, ""mps_l"": 11.0821, ""hsf_k"": 2, ""hsf_na"": 12, ""hsf_nb"": 12, ""hsf_l"": 26.0492, ""sup"": 24, ""chi_bits0"": 2, ""mps_l0"": 11.0821, ""hsf_keff"": 2, ""hsf_l0"": 26.0492, ""sparse_l"": 31.1497, ""sv_l"": 31.1497, ""feat_secs"": 0.005773, ""feat_secs_frame"": 0.000156, ""feat_secs_hsf"": 0.005576}"
ct,"ct:n=24,L=4,t=2,nn=1",1,"{""n"": 24.0, ""L"": 4.0, ""t"": 2.0, ""nn"": 1.0}",tableau,na,,0.0048,1851392,,,-1.545835128739098e-20,,"TooLarge { what: ""tableau (non-Clifford circuit)"", bytes: 0, limit: 0 }","{""n"": 24, ""gates"": 142, ""g2"": 46, ""g3"": 0, ""depth2"": 4, ""t_count"": 2, ""rotations"": 2, ""d"": 2, ""dense_l"": 2.585, ""redundant"": 0, ""obs_zero"": true, ""frame_l"": 7.1497, ""chi_bits"": 2, ""mps_l"": 11.0821, ""hsf_k"": 2, ""hsf_na"": 12, ""hsf_nb"": 12, ""hsf_l"": 26.0492, ""sup"": 24, ""chi_bits0"": 2, ""mps_l0"": 11.0821, ""hsf_keff"": 2, ""hsf_l0"": 26.0492, ""sparse_l"": 31.1497, ""sv_l"": 31.1497, ""feat_secs"": 0.005773, ""feat_secs_frame"": 0.000156, ""feat_secs_hsf"": 0.005576}"
ct,"ct:n=24,L=4,t=2,nn=1",1,"{""n"": 24.0, ""L"": 4.0, ""t"": 2.0, ""nn"": 1.0}",cstate,ok,0.000108,0.0044,1998848,0.0,2,-1.545835128739098e-20,1.545835128739098e-20,,"{""n"": 24, ""gates"": 142, ""g2"": 46, ""g3"": 0, ""depth2"": 4, ""t_count"": 2, ""rotations"": 2, ""d"": 2, ""dense_l"": 2.585, ""redundant"": 0, ""obs_zero"": true, ""frame_l"": 7.1497, ""chi_bits"": 2, ""mps_l"": 11.0821, ""hsf_k"": 2, ""hsf_na"": 12, ""hsf_nb"": 12, ""hsf_l"": 26.0492, ""sup"": 24, ""chi_bits0"": 2, ""mps_l0"": 11.0821, ""hsf_keff"": 2, ""hsf_l0"": 26.0492, ""sparse_l"": 31.1497, ""sv_l"": 31.1497, ""feat_secs"": 0.005773, ""feat_secs_frame"": 0.000156, ""feat_secs_hsf"": 0.005576}"
ct,"ct:n=24,L=4,t=2,nn=1",1,"{""n"": 24.0, ""L"": 4.0, ""t"": 2.0, ""nn"": 1.0}",frame,ok,0.000241,0.0060,2457600,-0.0,0,-1.545835128739098e-20,1.545835128739098e-20,switched_at=None dense_qubits=0 peak_terms=0 term_visits=0 dense_ops=0,"{""n"": 24, ""gates"": 142, ""g2"": 46, ""g3"": 0, ""depth2"": 4, ""t_count"": 2, ""rotations"": 2, ""d"": 2, ""dense_l"": 2.585, ""redundant"": 0, ""obs_zero"": true, ""frame_l"": 7.1497, ""chi_bits"": 2, ""mps_l"": 11.0821, ""hsf_k"": 2, ""hsf_na"": 12, ""hsf_nb"": 12, ""hsf_l"": 26.0492, ""sup"": 24, ""chi_bits0"": 2, ""mps_l0"": 11.0821, ""hsf_keff"": 2, ""hsf_l0"": 26.0492, ""sparse_l"": 31.1497, ""sv_l"": 31.1497, ""feat_secs"": 0.005773, ""feat_secs_frame"": 0.000156, ""feat_secs_hsf"": 0.005576}"
ct,"ct:n=24,L=4,t=2,nn=1",1,"{""n"": 24.0, ""L"": 4.0, ""t"": 2.0, ""nn"": 1.0}",dense,ok,0.000144,0.0046,2195456,0.0,2,-1.545835128739098e-20,1.545835128739098e-20,switched_at=Some(2) dense_qubits=2 peak_terms=0 term_visits=0 dense_ops=6,"{""n"": 24, ""gates"": 142, ""g2"": 46, ""g3"": 0, ""depth2"": 4, ""t_count"": 2, ""rotations"": 2, ""d"": 2, ""dense_l"": 2.585, ""redundant"": 0, ""obs_zero"": true, ""frame_l"": 7.1497, ""chi_bits"": 2, ""mps_l"": 11.0821, ""hsf_k"": 2, ""hsf_na"": 12, ""hsf_nb"": 12, ""hsf_l"": 26.0492, ""sup"": 24, ""chi_bits0"": 2, ""mps_l0"": 11.0821, ""hsf_keff"": 2, ""hsf_l0"": 26.0492, ""sparse_l"": 31.1497, ""sv_l"": 31.1497, ""feat_secs"": 0.005773, ""feat_secs_frame"": 0.000156, ""feat_secs_hsf"": 0.005576}"
ct,"ct:n=24,L=4,t=2,nn=1",1,"{""n"": 24.0, ""L"": 4.0, ""t"": 2.0, ""nn"": 1.0}",auto,ok,0.000124,0.0043,2195456,0.0,2,-1.545835128739098e-20,1.545835128739098e-20,switched_at=Some(2) dense_qubits=2 peak_terms=0 term_visits=0 dense_ops=6,"{""n"": 24, ""gates"": 142, ""g2"": 46, ""g3"": 0, ""depth2"": 4, ""t_count"": 2, ""rotations"": 2, ""d"": 2, ""dense_l"": 2.585, ""redundant"": 0, ""obs_zero"": true, ""frame_l"": 7.1497, ""chi_bits"": 2, ""mps_l"": 11.0821, ""hsf_k"": 2, ""hsf_na"": 12, ""hsf_nb"": 12, ""hsf_l"": 26.0492, ""sup"": 24, ""chi_bits0"": 2, ""mps_l0"": 11.0821, ""hsf_keff"": 2, ""hsf_l0"": 26.0492, ""sparse_l"": 31.1497, ""sv_l"": 31.1497, ""feat_secs"": 0.005773, ""feat_secs_frame"": 0.000156, ""feat_secs_hsf"": 0.005576}"
ct,"ct:n=24,L=4,t=4,nn=1",1,"{""n"": 24.0, ""L"": 4.0, ""t"": 4.0, ""nn"": 1.0}",sv,ok,0.932838,0.9381,272384000,3.638557079872935e-17,16777216,3.638557079872935e-17,0.0,,"{""n"": 24, ""gates"": 148, ""g2"": 46, ""g3"": 0, ""depth2"": 4, ""t_count"": 4, ""rotations"": 4, ""d"": 4, ""dense_l"": 4.9069, ""redundant"": 0, ""obs_zero"": true, ""frame_l"": 7.2095, ""chi_bits"": 2, ""mps_l"": 11.1137, ""hsf_k"": 2, ""hsf_na"": 12, ""hsf_nb"": 12, ""hsf_l"": 25.0512, ""sup"": 24, ""chi_bits0"": 2, ""mps_l0"": 11.1137, ""hsf_keff"": 1, ""hsf_l0"": 26.0512, ""sparse_l"": 31.2095, ""sv_l"": 31.2095, ""feat_secs"": 0.008612, ""feat_secs_frame"": 0.00019, ""feat_secs_hsf"": 0.005415}"
ct,"ct:n=24,L=4,t=4,nn=1",1,"{""n"": 24.0, ""L"": 4.0, ""t"": 4.0, ""nn"": 1.0}",sparse,ok,1.731869,1.7388,425738240,-7.56506301016497e-20,2097152,3.638557079872935e-17,3.6461221428831e-17,,"{""n"": 24, ""gates"": 148, ""g2"": 46, ""g3"": 0, ""depth2"": 4, ""t_count"": 4, ""rotations"": 4, ""d"": 4, ""dense_l"": 4.9069, ""redundant"": 0, ""obs_zero"": true, ""frame_l"": 7.2095, ""chi_bits"": 2, ""mps_l"": 11.1137, ""hsf_k"": 2, ""hsf_na"": 12, ""hsf_nb"": 12, ""hsf_l"": 25.0512, ""sup"": 24, ""chi_bits0"": 2, ""mps_l0"": 11.1137, ""hsf_keff"": 1, ""hsf_l0"": 26.0512, ""sparse_l"": 31.2095, ""sv_l"": 31.2095, ""feat_secs"": 0.008612, ""feat_secs_frame"": 0.00019, ""feat_secs_hsf"": 0.005415}"
ct,"ct:n=24,L=4,t=4,nn=1",1,"{""n"": 24.0, ""L"": 4.0, ""t"": 4.0, ""nn"": 1.0}",mps,ok,0.000403,0.0078,2588672,1.026956297778269e-15,4,3.638557079872935e-17,9.905707269795397e-16,,"{""n"": 24, ""gates"": 148, ""g2"": 46, ""g3"": 0, ""depth2"": 4, ""t_count"": 4, ""rotations"": 4, ""d"": 4, ""dense_l"": 4.9069, ""redundant"": 0, ""obs_zero"": true, ""frame_l"": 7.2095, ""chi_bits"": 2, ""mps_l"": 11.1137, ""hsf_k"": 2, ""hsf_na"": 12, ""hsf_nb"": 12, ""hsf_l"": 25.0512, ""sup"": 24, ""chi_bits0"": 2, ""mps_l0"": 11.1137, ""hsf_keff"": 1, ""hsf_l0"": 26.0512, ""sparse_l"": 31.2095, ""sv_l"": 31.2095, ""feat_secs"": 0.008612, ""feat_secs_frame"": 0.00019, ""feat_secs_hsf"": 0.005415}"
ct,"ct:n=24,L=4,t=4,nn=1",1,"{""n"": 24.0, ""L"": 4.0, ""t"": 4.0, ""nn"": 1.0}",hsf,ok,0.056227,0.0622,271646720,-5.971582278142817e-20,4,3.638557079872935e-17,3.644528662151078e-17,,"{""n"": 24, ""gates"": 148, ""g2"": 46, ""g3"": 0, ""depth2"": 4, ""t_count"": 4, ""rotations"": 4, ""d"": 4, ""dense_l"": 4.9069, ""redundant"": 0, ""obs_zero"": true, ""frame_l"": 7.2095, ""chi_bits"": 2, ""mps_l"": 11.1137, ""hsf_k"": 2, ""hsf_na"": 12, ""hsf_nb"": 12, ""hsf_l"": 25.0512, ""sup"": 24, ""chi_bits0"": 2, ""mps_l0"": 11.1137, ""hsf_keff"": 1, ""hsf_l0"": 26.0512, ""sparse_l"": 31.2095, ""sv_l"": 31.2095, ""feat_secs"": 0.008612, ""feat_secs_frame"": 0.00019, ""feat_secs_hsf"": 0.005415}"
ct,"ct:n=24,L=4,t=4,nn=1",1,"{""n"": 24.0, ""L"": 4.0, ""t"": 4.0, ""nn"": 1.0}",tableau,na,,0.0069,1867776,,,3.638557079872935e-17,,"TooLarge { what: ""tableau (non-Clifford circuit)"", bytes: 0, limit: 0 }","{""n"": 24, ""gates"": 148, ""g2"": 46, ""g3"": 0, ""depth2"": 4, ""t_count"": 4, ""rotations"": 4, ""d"": 4, ""dense_l"": 4.9069, ""redundant"": 0, ""obs_zero"": true, ""frame_l"": 7.2095, ""chi_bits"": 2, ""mps_l"": 11.1137, ""hsf_k"": 2, ""hsf_na"": 12, ""hsf_nb"": 12, ""hsf_l"": 25.0512, ""sup"": 24, ""chi_bits0"": 2, ""mps_l0"": 11.1137, ""hsf_keff"": 1, ""hsf_l0"": 26.0512, ""sparse_l"": 31.2095, ""sv_l"": 31.2095, ""feat_secs"": 0.008612, ""feat_secs_frame"": 0.00019, ""feat_secs_hsf"": 0.005415}"
ct,"ct:n=24,L=4,t=4,nn=1",1,"{""n"": 24.0, ""L"": 4.0, ""t"": 4.0, ""nn"": 1.0}",cstate,ok,0.000129,0.0044,2015232,0.0,4,3.638557079872935e-17,3.638557079872935e-17,,"{""n"": 24, ""gates"": 148, ""g2"": 46, ""g3"": 0, ""depth2"": 4, ""t_count"": 4, ""rotations"": 4, ""d"": 4, ""dense_l"": 4.9069, ""redundant"": 0, ""obs_zero"": true, ""frame_l"": 7.2095, ""chi_bits"": 2, ""mps_l"": 11.1137, ""hsf_k"": 2, ""hsf_na"": 12, ""hsf_nb"": 12, ""hsf_l"": 25.0512, ""sup"": 24, ""chi_bits0"": 2, ""mps_l0"": 11.1137, ""hsf_keff"": 1, ""hsf_l0"": 26.0512, ""sparse_l"": 31.2095, ""sv_l"": 31.2095, ""feat_secs"": 0.008612, ""feat_secs_frame"": 0.00019, ""feat_secs_hsf"": 0.005415}"
ct,"ct:n=24,L=4,t=4,nn=1",1,"{""n"": 24.0, ""L"": 4.0, ""t"": 4.0, ""nn"": 1.0}",frame,ok,0.000202,0.0044,2457600,-0.0,0,3.638557079872935e-17,3.638557079872935e-17,switched_at=None dense_qubits=0 peak_terms=0 term_visits=0 dense_ops=0,"{""n"": 24, ""gates"": 148, ""g2"": 46, ""g3"": 0, ""depth2"": 4, ""t_count"": 4, ""rotations"": 4, ""d"": 4, ""dense_l"": 4.9069, ""redundant"": 0, ""obs_zero"": true, ""frame_l"": 7.2095, ""chi_bits"": 2, ""mps_l"": 11.1137, ""hsf_k"": 2, ""hsf_na"": 12, ""hsf_nb"": 12, ""hsf_l"": 25.0512, ""sup"": 24, ""chi_bits0"": 2, ""mps_l0"": 11.1137, ""hsf_keff"": 1, ""hsf_l0"": 26.0512, ""sparse_l"": 31.2095, ""sv_l"": 31.2095, ""feat_secs"": 0.008612, ""feat_secs_frame"": 0.00019, ""feat_secs_hsf"": 0.005415}"
ct,"ct:n=24,L=4,t=4,nn=1",1,"{""n"": 24.0, ""L"": 4.0, ""t"": 4.0, ""nn"": 1.0}",dense,ok,0.000131,0.0036,2195456,0.0,4,3.638557079872935e-17,3.638557079872935e-17,switched_at=Some(4) dense_qubits=4 peak_terms=0 term_visits=0 dense_ops=30,"{""n"": 24, ""gates"": 148, ""g2"": 46, ""g3"": 0, ""depth2"": 4, ""t_count"": 4, ""rotations"": 4, ""d"": 4, ""dense_l"": 4.9069, ""redundant"": 0, ""obs_zero"": true, ""frame_l"": 7.2095, ""chi_bits"": 2, ""mps_l"": 11.1137, ""hsf_k"": 2, ""hsf_na"": 12, ""hsf_nb"": 12, ""hsf_l"": 25.0512, ""sup"": 24, ""chi_bits0"": 2, ""mps_l0"": 11.1137, ""hsf_keff"": 1, ""hsf_l0"": 26.0512, ""sparse_l"": 31.2095, ""sv_l"": 31.2095, ""feat_secs"": 0.008612, ""feat_secs_frame"": 0.00019, ""feat_secs_hsf"": 0.005415}"
ct,"ct:n=24,L=4,t=4,nn=1",1,"{""n"": 24.0, ""L"": 4.0, ""t"": 4.0, ""nn"": 1.0}",auto,ok,0.00012,0.0042,2195456,0.0,4,3.638557079872935e-17,3.638557079872935e-17,switched_at=Some(4) dense_qubits=4 peak_terms=0 term_visits=0 dense_ops=30,"{""n"": 24, ""gates"": 148, ""g2"": 46, ""g3"": 0, ""depth2"": 4, ""t_count"": 4, ""rotations"": 4, ""d"": 4, ""dense_l"": 4.9069, ""redundant"": 0, ""obs_zero"": true, ""frame_l"": 7.2095, ""chi_bits"": 2, ""mps_l"": 11.1137, ""hsf_k"": 2, ""hsf_na"": 12, ""hsf_nb"": 12, ""hsf_l"": 25.0512, ""sup"": 24, ""chi_bits0"": 2, ""mps_l0"": 11.1137, ""hsf_keff"": 1, ""hsf_l0"": 26.0512, ""sparse_l"": 31.2095, ""sv_l"": 31.2095, ""feat_secs"": 0.008612, ""feat_secs_frame"": 0.00019, ""feat_secs_hsf"": 0.005415}"
ct,"ct:n=24,L=4,t=8,nn=1",1,"{""n"": 24.0, ""L"": 4.0, ""t"": 8.0, ""nn"": 1.0}",sv,ok,0.976196,0.9817,272400384,-2.211880957966796e-19,16777216,-2.211880957966796e-19,0.0,,"{""n"": 24, ""gates"": 158, ""g2"": 46, ""g3"": 0, ""depth2"": 4, ""t_count"": 8, ""rotations"": 8, ""d"": 6, ""dense_l"": 7.6294, ""redundant"": 2, ""obs_zero"": true, ""frame_l"": 7.3038, ""chi_bits"": 2, ""mps_l"": 11.1241, ""hsf_k"": 2, ""hsf_na"": 12, ""hsf_nb"": 12, ""hsf_l"": 26.0546, ""sup"": 24, ""chi_bits0"": 2, ""mps_l0"": 11.1241, ""hsf_keff"": 2, ""hsf_l0"": 26.0546, ""sparse_l"": 31.3038, ""sv_l"": 31.3038, ""feat_secs"": 0.006993, ""feat_secs_frame"": 0.000234, ""feat_secs_hsf"": 0.006705}"
ct,"ct:n=24,L=4,t=8,nn=1",1,"{""n"": 24.0, ""L"": 4.0, ""t"": 8.0, ""nn"": 1.0}",sparse,ok,1.830984,1.8375,320880640,-3.160220369201691e-18,2097152,-2.211880957966796e-19,2.9390322734050115e-18,,"{""n"": 24, ""gates"": 158, ""g2"": 46, ""g3"": 0, ""depth2"": 4, ""t_count"": 8, ""rotations"": 8, ""d"": 6, ""dense_l"": 7.6294, ""redundant"": 2, ""obs_zero"": true, ""frame_l"": 7.3038, ""chi_bits"": 2, ""mps_l"": 11.1241, ""hsf_k"": 2, ""hsf_na"": 12, ""hsf_nb"": 12, ""hsf_l"": 26.0546, ""sup"": 24, ""chi_bits0"": 2, ""mps_l0"": 11.1241, ""hsf_keff"": 2, ""hsf_l0"": 26.0546, ""sparse_l"": 31.3038, ""sv_l"": 31.3038, ""feat_secs"": 0.006993, ""feat_secs_frame"": 0.000234, ""feat_secs_hsf"": 0.006705}"
ct,"ct:n=24,L=4,t=8,nn=1",1,"{""n"": 24.0, ""L"": 4.0, ""t"": 8.0, ""nn"": 1.0}",mps,ok,0.000323,0.0046,2605056,-2.47641941376456e-31,4,-2.211880957966796e-19,2.2118809579643197e-19,,"{""n"": 24, ""gates"": 158, ""g2"": 46, ""g3"": 0, ""depth2"": 4, ""t_count"": 8, ""rotations"": 8, ""d"": 6, ""dense_l"": 7.6294, ""redundant"": 2, ""obs_zero"": true, ""frame_l"": 7.3038, ""chi_bits"": 2, ""mps_l"": 11.1241, ""hsf_k"": 2, ""hsf_na"": 12, ""hsf_nb"": 12, ""hsf_l"": 26.0546, ""sup"": 24, ""chi_bits0"": 2, ""mps_l0"": 11.1241, ""hsf_keff"": 2, ""hsf_l0"": 26.0546, ""sparse_l"": 31.3038, ""sv_l"": 31.3038, ""feat_secs"": 0.006993, ""feat_secs_frame"": 0.000234, ""feat_secs_hsf"": 0.006705}"
ct,"ct:n=24,L=4,t=8,nn=1",1,"{""n"": 24.0, ""L"": 4.0, ""t"": 8.0, ""nn"": 1.0}",hsf,ok,0.101173,0.1061,272072704,-8.589443480750639e-20,4,-2.211880957966796e-19,1.352936609891732e-19,,"{""n"": 24, ""gates"": 158, ""g2"": 46, ""g3"": 0, ""depth2"": 4, ""t_count"": 8, ""rotations"": 8, ""d"": 6, ""dense_l"": 7.6294, ""redundant"": 2, ""obs_zero"": true, ""frame_l"": 7.3038, ""chi_bits"": 2, ""mps_l"": 11.1241, ""hsf_k"": 2, ""hsf_na"": 12, ""hsf_nb"": 12, ""hsf_l"": 26.0546, ""sup"": 24, ""chi_bits0"": 2, ""mps_l0"": 11.1241, ""hsf_keff"": 2, ""hsf_l0"": 26.0546, ""sparse_l"": 31.3038, ""sv_l"": 31.3038, ""feat_secs"": 0.006993, ""feat_secs_frame"": 0.000234, ""feat_secs_hsf"": 0.006705}"
ct,"ct:n=24,L=4,t=8,nn=1",1,"{""n"": 24.0, ""L"": 4.0, ""t"": 8.0, ""nn"": 1.0}",tableau,na,,0.0047,1867776,,,-2.211880957966796e-19,,"TooLarge { what: ""tableau (non-Clifford circuit)"", bytes: 0, limit: 0 }","{""n"": 24, ""gates"": 158, ""g2"": 46, ""g3"": 0, ""depth2"": 4, ""t_count"": 8, ""rotations"": 8, ""d"": 6, ""dense_l"": 7.6294, ""redundant"": 2, ""obs_zero"": true, ""frame_l"": 7.3038, ""chi_bits"": 2, ""mps_l"": 11.1241, ""hsf_k"": 2, ""hsf_na"": 12, ""hsf_nb"": 12, ""hsf_l"": 26.0546, ""sup"": 24, ""chi_bits0"": 2, ""mps_l0"": 11.1241, ""hsf_keff"": 2, ""hsf_l0"": 26.0546, ""sparse_l"": 31.3038, ""sv_l"": 31.3038, ""feat_secs"": 0.006993, ""feat_secs_frame"": 0.000234, ""feat_secs_hsf"": 0.006705}"
ct,"ct:n=24,L=4,t=8,nn=1",1,"{""n"": 24.0, ""L"": 4.0, ""t"": 8.0, ""nn"": 1.0}",cstate,ok,0.000125,0.0062,1998848,0.0,6,-2.211880957966796e-19,2.211880957966796e-19,,"{""n"": 24, ""gates"": 158, ""g2"": 46, ""g3"": 0, ""depth2"": 4, ""t_count"": 8, ""rotations"": 8, ""d"": 6, ""dense_l"": 7.6294, ""redundant"": 2, ""obs_zero"": true, ""frame_l"": 7.3038, ""chi_bits"": 2, ""mps_l"": 11.1241, ""hsf_k"": 2, ""hsf_na"": 12, ""hsf_nb"": 12, ""hsf_l"": 26.0546, ""sup"": 24, ""chi_bits0"": 2, ""mps_l0"": 11.1241, ""hsf_keff"": 2, ""hsf_l0"": 26.0546, ""sparse_l"": 31.3038, ""sv_l"": 31.3038, ""feat_secs"": 0.006993, ""feat_secs_frame"": 0.000234, ""feat_secs_hsf"": 0.006705}"
ct,"ct:n=24,L=4,t=8,nn=1",1,"{""n"": 24.0, ""L"": 4.0, ""t"": 8.0, ""nn"": 1.0}",frame,ok,0.000129,0.0044,2195456,-0.0,0,-2.211880957966796e-19,2.211880957966796e-19,switched_at=None dense_qubits=0 peak_terms=0 term_visits=0 dense_ops=0,"{""n"": 24, ""gates"": 158, ""g2"": 46, ""g3"": 0, ""depth2"": 4, ""t_count"": 8, ""rotations"": 8, ""d"": 6, ""dense_l"": 7.6294, ""redundant"": 2, ""obs_zero"": true, ""frame_l"": 7.3038, ""chi_bits"": 2, ""mps_l"": 11.1241, ""hsf_k"": 2, ""hsf_na"": 12, ""hsf_nb"": 12, ""hsf_l"": 26.0546, ""sup"": 24, ""chi_bits0"": 2, ""mps_l0"": 11.1241, ""hsf_keff"": 2, ""hsf_l0"": 26.0546, ""sparse_l"": 31.3038, ""sv_l"": 31.3038, ""feat_secs"": 0.006993, ""feat_secs_frame"": 0.000234, ""feat_secs_hsf"": 0.006705}"
ct,"ct:n=24,L=4,t=8,nn=1",1,"{""n"": 24.0, ""L"": 4.0, ""t"": 8.0, ""nn"": 1.0}",dense,ok,0.000122,0.0042,2195456,0.0,6,-2.211880957966796e-19,2.211880957966796e-19,switched_at=Some(8) dense_qubits=6 peak_terms=0 term_visits=0 dense_ops=198,"{""n"": 24, ""gates"": 158, ""g2"": 46, ""g3"": 0, ""depth2"": 4, ""t_count"": 8, ""rotations"": 8, ""d"": 6, ""dense_l"": 7.6294, ""redundant"": 2, ""obs_zero"": true, ""frame_l"": 7.3038, ""chi_bits"": 2, ""mps_l"": 11.1241, ""hsf_k"": 2, ""hsf_na"": 12, ""hsf_nb"": 12, ""hsf_l"": 26.0546, ""sup"": 24, ""chi_bits0"": 2, ""mps_l0"": 11.1241, ""hsf_keff"": 2, ""hsf_l0"": 26.0546, ""sparse_l"": 31.3038, ""sv_l"": 31.3038, ""feat_secs"": 0.006993, ""feat_secs_frame"": 0.000234, ""feat_secs_hsf"": 0.006705}"
ct,"ct:n=24,L=4,t=8,nn=1",1,"{""n"": 24.0, ""L"": 4.0, ""t"": 8.0, ""nn"": 1.0}",auto,ok,0.000122,0.0067,2179072,-0.0,0,-2.211880957966796e-19,2.211880957966796e-19,switched_at=None dense_qubits=0 peak_terms=0 term_visits=0 dense_ops=0,"{""n"": 24, ""gates"": 158, ""g2"": 46, ""g3"": 0, ""depth2"": 4, ""t_count"": 8, ""rotations"": 8, ""d"": 6, ""dense_l"": 7.6294, ""redundant"": 2, ""obs_zero"": true, ""frame_l"": 7.3038, ""chi_bits"": 2, ""mps_l"": 11.1241, ""hsf_k"": 2, ""hsf_na"": 12, ""hsf_nb"": 12, ""hsf_l"": 26.0546, ""sup"": 24, ""chi_bits0"": 2, ""mps_l0"": 11.1241, ""hsf_keff"": 2, ""hsf_l0"": 26.0546, ""sparse_l"": 31.3038, ""sv_l"": 31.3038, ""feat_secs"": 0.006993, ""feat_secs_frame"": 0.000234, ""feat_secs_hsf"": 0.006705}"
ct,"ct:n=24,L=4,t=12,nn=1",1,"{""n"": 24.0, ""L"": 4.0, ""t"": 12.0, ""nn"": 1.0}",sv,ok,0.965772,0.9723,272384000,-1.209404230001531e-18,16777216,-1.209404230001531e-18,0.0,,"{""n"": 24, ""gates"": 167, ""g2"": 46, ""g3"": 0, ""depth2"": 4, ""t_count"": 12, ""rotations"": 12, ""d"": 9, ""dense_l"": 10.0265, ""redundant"": 3, ""obs_zero"": true, ""frame_l"": 7.3837, ""chi_bits"": 2, ""mps_l"": 11.2252, ""hsf_k"": 2, ""hsf_na"": 12, ""hsf_nb"": 12, ""hsf_l"": 26.0577, ""sup"": 23, ""chi_bits0"": 2, ""mps_l0"": 11.2252, ""hsf_keff"": 2, ""hsf_l0"": 26.0577, ""sparse_l"": 30.3837, ""sv_l"": 31.3837, ""feat_secs"": 0.0061, ""feat_secs_frame"": 0.000208, ""feat_secs_hsf"": 0.005842}"
ct,"ct:n=24,L=4,t=12,nn=1",1,"{""n"": 24.0, ""L"": 4.0, ""t"": 12.0, ""nn"": 1.0}",sparse,ok,1.133122,1.1384,320880640,-1.106637957675903e-17,2097152,-1.209404230001531e-18,9.8569753467575e-18,,"{""n"": 24, ""gates"": 167, ""g2"": 46, ""g3"": 0, ""depth2"": 4, ""t_count"": 12, ""rotations"": 12, ""d"": 9, ""dense_l"": 10.0265, ""redundant"": 3, ""obs_zero"": true, ""frame_l"": 7.3837, ""chi_bits"": 2, ""mps_l"": 11.2252, ""hsf_k"": 2, ""hsf_na"": 12, ""hsf_nb"": 12, ""hsf_l"": 26.0577, ""sup"": 23, ""chi_bits0"": 2, ""mps_l0"": 11.2252, ""hsf_keff"": 2, ""hsf_l0"": 26.0577, ""sparse_l"": 30.3837, ""sv_l"": 31.3837, ""feat_secs"": 0.0061, ""feat_secs_frame"": 0.000208, ""feat_secs_hsf"": 0.005842}"
ct,"ct:n=24,L=4,t=12,nn=1",1,"{""n"": 24.0, ""L"": 4.0, ""t"": 12.0, ""nn"": 1.0}",mps,ok,0.000359,0.0078,2605056,1.848892746611746e-32,4,-1.209404230001531e-18,1.2094042300015496e-18,,"{""n"": 24, ""gates"": 167, ""g2"": 46, ""g3"": 0, ""depth2"": 4, ""t_count"": 12, ""rotations"": 12, ""d"": 9, ""dense_l"": 10.0265, ""redundant"": 3, ""obs_zero"": true, ""frame_l"": 7.3837, ""chi_bits"": 2, ""mps_l"": 11.2252, ""hsf_k"": 2, ""hsf_na"": 12, ""hsf_nb"": 12, ""hsf_l"": 26.0577, ""sup"": 23, ""chi_bits0"": 2, ""mps_l0"": 11.2252, ""hsf_keff"": 2, ""hsf_l0"": 26.0577, ""sparse_l"": 30.3837, ""sv_l"": 31.3837, ""feat_secs"": 0.0061, ""feat_secs_frame"": 0.000208, ""feat_secs_hsf"": 0.005842}"
ct,"ct:n=24,L=4,t=12,nn=1",1,"{""n"": 24.0, ""L"": 4.0, ""t"": 12.0, ""nn"": 1.0}",hsf,ok,0.100811,0.1066,272089088,-3.712121891341971e-19,4,-1.209404230001531e-18,8.38192040867334e-19,,"{""n"": 24, ""gates"": 167, ""g2"": 46, ""g3"": 0, ""depth2"": 4, ""t_count"": 12, ""rotations"": 12, ""d"": 9, ""dense_l"": 10.0265, ""redundant"": 3, ""obs_zero"": true, ""frame_l"": 7.3837, ""chi_bits"": 2, ""mps_l"": 11.2252, ""hsf_k"": 2, ""hsf_na"": 12, ""hsf_nb"": 12, ""hsf_l"": 26.0577, ""sup"": 23, ""chi_bits0"": 2, ""mps_l0"": 11.2252, ""hsf_keff"": 2, ""hsf_l0"": 26.0577, ""sparse_l"": 30.3837, ""sv_l"": 31.3837, ""feat_secs"": 0.0061, ""feat_secs_frame"": 0.000208, ""feat_secs_hsf"": 0.005842}"
ct,"ct:n=24,L=4,t=12,nn=1",1,"{""n"": 24.0, ""L"": 4.0, ""t"": 12.0, ""nn"": 1.0}",tableau,na,,0.0048,1867776,,,-1.209404230001531e-18,,"TooLarge { what: ""tableau (non-Clifford circuit)"", bytes: 0, limit: 0 }","{""n"": 24, ""gates"": 167, ""g2"": 46, ""g3"": 0, ""depth2"": 4, ""t_count"": 12, ""rotations"": 12, ""d"": 9, ""dense_l"": 10.0265, ""redundant"": 3, ""obs_zero"": true, ""frame_l"": 7.3837, ""chi_bits"": 2, ""mps_l"": 11.2252, ""hsf_k"": 2, ""hsf_na"": 12, ""hsf_nb"": 12, ""hsf_l"": 26.0577, ""sup"": 23, ""chi_bits0"": 2, ""mps_l0"": 11.2252, ""hsf_keff"": 2, ""hsf_l0"": 26.0577, ""sparse_l"": 30.3837, ""sv_l"": 31.3837, ""feat_secs"": 0.0061, ""feat_secs_frame"": 0.000208, ""feat_secs_hsf"": 0.005842}"
ct,"ct:n=24,L=4,t=12,nn=1",1,"{""n"": 24.0, ""L"": 4.0, ""t"": 12.0, ""nn"": 1.0}",cstate,ok,0.00013,0.0044,1998848,0.0,9,-1.209404230001531e-18,1.209404230001531e-18,,"{""n"": 24, ""gates"": 167, ""g2"": 46, ""g3"": 0, ""depth2"": 4, ""t_count"": 12, ""rotations"": 12, ""d"": 9, ""dense_l"": 10.0265, ""redundant"": 3, ""obs_zero"": true, ""frame_l"": 7.3837, ""chi_bits"": 2, ""mps_l"": 11.2252, ""hsf_k"": 2, ""hsf_na"": 12, ""hsf_nb"": 12, ""hsf_l"": 26.0577, ""sup"": 23, ""chi_bits0"": 2, ""mps_l0"": 11.2252, ""hsf_keff"": 2, ""hsf_l0"": 26.0577, ""sparse_l"": 30.3837, ""sv_l"": 31.3837, ""feat_secs"": 0.0061, ""feat_secs_frame"": 0.000208, ""feat_secs_hsf"": 0.005842}"
ct,"ct:n=24,L=4,t=12,nn=1",1,"{""n"": 24.0, ""L"": 4.0, ""t"": 12.0, ""nn"": 1.0}",frame,ok,0.000224,0.0043,2457600,-0.0,0,-1.209404230001531e-18,1.209404230001531e-18,switched_at=None dense_qubits=0 peak_terms=0 term_visits=0 dense_ops=0,"{""n"": 24, ""gates"": 167, ""g2"": 46, ""g3"": 0, ""depth2"": 4, ""t_count"": 12, ""rotations"": 12, ""d"": 9, ""dense_l"": 10.0265, ""redundant"": 3, ""obs_zero"": true, ""frame_l"": 7.3837, ""chi_bits"": 2, ""mps_l"": 11.2252, ""hsf_k"": 2, ""hsf_na"": 12, ""hsf_nb"": 12, ""hsf_l"": 26.0577, ""sup"": 23, ""chi_bits0"": 2, ""mps_l0"": 11.2252, ""hsf_keff"": 2, ""hsf_l0"": 26.0577, ""sparse_l"": 30.3837, ""sv_l"": 31.3837, ""feat_secs"": 0.0061, ""feat_secs_frame"": 0.000208, ""feat_secs_hsf"": 0.005842}"
ct,"ct:n=24,L=4,t=12,nn=1",1,"{""n"": 24.0, ""L"": 4.0, ""t"": 12.0, ""nn"": 1.0}",dense,ok,0.00015,0.0040,2195456,0.0,9,-1.209404230001531e-18,1.209404230001531e-18,switched_at=Some(11) dense_qubits=9 peak_terms=0 term_visits=0 dense_ops=1027,"{""n"": 24, ""gates"": 167, ""g2"": 46, ""g3"": 0, ""depth2"": 4, ""t_count"": 12, ""rotations"": 12, ""d"": 9, ""dense_l"": 10.0265, ""redundant"": 3, ""obs_zero"": true, ""frame_l"": 7.3837, ""chi_bits"": 2, ""mps_l"": 11.2252, ""hsf_k"": 2, ""hsf_na"": 12, ""hsf_nb"": 12, ""hsf_l"": 26.0577, ""sup"": 23, ""chi_bits0"": 2, ""mps_l0"": 11.2252, ""hsf_keff"": 2, ""hsf_l0"": 26.0577, ""sparse_l"": 30.3837, ""sv_l"": 31.3837, ""feat_secs"": 0.0061, ""feat_secs_frame"": 0.000208, ""feat_secs_hsf"": 0.005842}"
ct,"ct:n=24,L=4,t=12,nn=1",1,"{""n"": 24.0, ""L"": 4.0, ""t"": 12.0, ""nn"": 1.0}",auto,ok,0.000222,0.0043,2457600,-0.0,0,-1.209404230001531e-18,1.209404230001531e-18,switched_at=None dense_qubits=0 peak_terms=0 term_visits=0 dense_ops=0,"{""n"": 24, ""gates"": 167, ""g2"": 46, ""g3"": 0, ""depth2"": 4, ""t_count"": 12, ""rotations"": 12, ""d"": 9, ""dense_l"": 10.0265, ""redundant"": 3, ""obs_zero"": true, ""frame_l"": 7.3837, ""chi_bits"": 2, ""mps_l"": 11.2252, ""hsf_k"": 2, ""hsf_na"": 12, ""hsf_nb"": 12, ""hsf_l"": 26.0577, ""sup"": 23, ""chi_bits0"": 2, ""mps_l0"": 11.2252, ""hsf_keff"": 2, ""hsf_l0"": 26.0577, ""sparse_l"": 30.3837, ""sv_l"": 31.3837, ""feat_secs"": 0.0061, ""feat_secs_frame"": 0.000208, ""feat_secs_hsf"": 0.005842}"
ct,"ct:n=24,L=4,t=16,nn=1",1,"{""n"": 24.0, ""L"": 4.0, ""t"": 16.0, ""nn"": 1.0}",sv,ok,1.049748,1.0535,272334848,-5.235417407180183e-16,16777216,-5.235417407180183e-16,0.0,,"{""n"": 24, ""gates"": 175, ""g2"": 46, ""g3"": 0, ""depth2"": 4, ""t_count"": 16, ""rotations"": 16, ""d"": 9, ""dense_l"": 11.4691, ""redundant"": 7, ""obs_zero"": true, ""frame_l"": 7.4512, ""chi_bits"": 2, ""mps_l"": 11.2479, ""hsf_k"": 2, ""hsf_na"": 12, ""hsf_nb"": 12, ""hsf_l"": 25.0604, ""sup"": 23, ""chi_bits0"": 2, ""mps_l0"": 11.2479, ""hsf_keff"": 1, ""hsf_l0"": 26.0604, ""sparse_l"": 30.4512, ""sv_l"": 31.4512, ""feat_secs"": 0.009676, ""feat_secs_frame"": 0.00021, ""feat_secs_hsf"": 0.009395}"
ct,"ct:n=24,L=4,t=16,nn=1",1,"{""n"": 24.0, ""L"": 4.0, ""t"": 16.0, ""nn"": 1.0}",sparse,ok,1.972436,1.9788,425738240,-5.104190761652362e-18,2097152,-5.235417407180183e-16,5.18437549956366e-16,,"{""n"": 24, ""gates"": 175, ""g2"": 46, ""g3"": 0, ""depth2"": 4, ""t_count"": 16, ""rotations"": 16, ""d"": 9, ""dense_l"": 11.4691, ""redundant"": 7, ""obs_zero"": true, ""frame_l"": 7.4512, ""chi_bits"": 2, ""mps_l"": 11.2479, ""hsf_k"": 2, ""hsf_na"": 12, ""hsf_nb"": 12, ""hsf_l"": 25.0604, ""sup"": 23, ""chi_bits0"": 2, ""mps_l0"": 11.2479, ""hsf_keff"": 1, ""hsf_l0"": 26.0604, ""sparse_l"": 30.4512, ""sv_l"": 31.4512, ""feat_secs"": 0.009676, ""feat_secs_frame"": 0.00021, ""feat_secs_hsf"": 0.009395}"
ct,"ct:n=24,L=4,t=16,nn=1",1,"{""n"": 24.0, ""L"": 4.0, ""t"": 16.0, ""nn"": 1.0}",mps,ok,0.000398,0.0076,2637824,0.0,4,-5.235417407180183e-16,5.235417407180183e-16,,"{""n"": 24, ""gates"": 175, ""g2"": 46, ""g3"": 0, ""depth2"": 4, ""t_count"": 16, ""rotations"": 16, ""d"": 9, ""dense_l"": 11.4691, ""redundant"": 7, ""obs_zero"": true, ""frame_l"": 7.4512, ""chi_bits"": 2, ""mps_l"": 11.2479, ""hsf_k"": 2, ""hsf_na"": 12, ""hsf_nb"": 12, ""hsf_l"": 25.0604, ""sup"": 23, ""chi_bits0"": 2, ""mps_l0"": 11.2479, ""hsf_keff"": 1, ""hsf_l0"": 26.0604, ""sparse_l"": 30.4512, ""sv_l"": 31.4512, ""feat_secs"": 0.009676, ""feat_secs_frame"": 0.00021, ""feat_secs_hsf"": 0.009395}"
ct,"ct:n=24,L=4,t=16,nn=1",1,"{""n"": 24.0, ""L"": 4.0, ""t"": 16.0, ""nn"": 1.0}",hsf,ok,0.052168,0.0559,271728640,-5.15541511222479e-16,4,-5.235417407180183e-16,8.000229495539317e-18,,"{""n"": 24, ""gates"": 175, ""g2"": 46, ""g3"": 0, ""depth2"": 4, ""t_count"": 16, ""rotations"": 16, ""d"": 9, ""dense_l"": 11.4691, ""redundant"": 7, ""obs_zero"": true, ""frame_l"": 7.4512, ""chi_bits"": 2, ""mps_l"": 11.2479, ""hsf_k"": 2, ""hsf_na"": 12, ""hsf_nb"": 12, ""hsf_l"": 25.0604, ""sup"": 23, ""chi_bits0"": 2, ""mps_l0"": 11.2479, ""hsf_keff"": 1, ""hsf_l0"": 26.0604, ""sparse_l"": 30.4512, ""sv_l"": 31.4512, ""feat_secs"": 0.009676, ""feat_secs_frame"": 0.00021, ""feat_secs_hsf"": 0.009395}"
ct,"ct:n=24,L=4,t=16,nn=1",1,"{""n"": 24.0, ""L"": 4.0, ""t"": 16.0, ""nn"": 1.0}",tableau,na,,0.0048,1867776,,,-5.235417407180183e-16,,"TooLarge { what: ""tableau (non-Clifford circuit)"", bytes: 0, limit: 0 }","{""n"": 24, ""gates"": 175, ""g2"": 46, ""g3"": 0, ""depth2"": 4, ""t_count"": 16, ""rotations"": 16, ""d"": 9, ""dense_l"": 11.4691, ""redundant"": 7, ""obs_zero"": true, ""frame_l"": 7.4512, ""chi_bits"": 2, ""mps_l"": 11.2479, ""hsf_k"": 2, ""hsf_na"": 12, ""hsf_nb"": 12, ""hsf_l"": 25.0604, ""sup"": 23, ""chi_bits0"": 2, ""mps_l0"": 11.2479, ""hsf_keff"": 1, ""hsf_l0"": 26.0604, ""sparse_l"": 30.4512, ""sv_l"": 31.4512, ""feat_secs"": 0.009676, ""feat_secs_frame"": 0.00021, ""feat_secs_hsf"": 0.009395}"
ct,"ct:n=24,L=4,t=16,nn=1",1,"{""n"": 24.0, ""L"": 4.0, ""t"": 16.0, ""nn"": 1.0}",cstate,ok,0.00013,0.0075,1998848,0.0,9,-5.235417407180183e-16,5.235417407180183e-16,,"{""n"": 24, ""gates"": 175, ""g2"": 46, ""g3"": 0, ""depth2"": 4, ""t_count"": 16, ""rotations"": 16, ""d"": 9, ""dense_l"": 11.4691, ""redundant"": 7, ""obs_zero"": true, ""frame_l"": 7.4512, ""chi_bits"": 2, ""mps_l"": 11.2479, ""hsf_k"": 2, ""hsf_na"": 12, ""hsf_nb"": 12, ""hsf_l"": 25.0604, ""sup"": 23, ""chi_bits0"": 2, ""mps_l0"": 11.2479, ""hsf_keff"": 1, ""hsf_l0"": 26.0604, ""sparse_l"": 30.4512, ""sv_l"": 31.4512, ""feat_secs"": 0.009676, ""feat_secs_frame"": 0.00021, ""feat_secs_hsf"": 0.009395}"
ct,"ct:n=24,L=4,t=16,nn=1",1,"{""n"": 24.0, ""L"": 4.0, ""t"": 16.0, ""nn"": 1.0}",frame,ok,0.000233,0.0044,2473984,-0.0,0,-5.235417407180183e-16,5.235417407180183e-16,switched_at=None dense_qubits=0 peak_terms=0 term_visits=0 dense_ops=0,"{""n"": 24, ""gates"": 175, ""g2"": 46, ""g3"": 0, ""depth2"": 4, ""t_count"": 16, ""rotations"": 16, ""d"": 9, ""dense_l"": 11.4691, ""redundant"": 7, ""obs_zero"": true, ""frame_l"": 7.4512, ""chi_bits"": 2, ""mps_l"": 11.2479, ""hsf_k"": 2, ""hsf_na"": 12, ""hsf_nb"": 12, ""hsf_l"": 25.0604, ""sup"": 23, ""chi_bits0"": 2, ""mps_l0"": 11.2479, ""hsf_keff"": 1, ""hsf_l0"": 26.0604, ""sparse_l"": 30.4512, ""sv_l"": 31.4512, ""feat_secs"": 0.009676, ""feat_secs_frame"": 0.00021, ""feat_secs_hsf"": 0.009395}"
ct,"ct:n=24,L=4,t=16,nn=1",1,"{""n"": 24.0, ""L"": 4.0, ""t"": 16.0, ""nn"": 1.0}",dense,ok,0.000134,0.0043,2211840,0.0,9,-5.235417407180183e-16,5.235417407180183e-16,switched_at=Some(15) dense_qubits=9 peak_terms=0 term_visits=0 dense_ops=2579,"{""n"": 24, ""gates"": 175, ""g2"": 46, ""g3"": 0, ""depth2"": 4, ""t_count"": 16, ""rotations"": 16, ""d"": 9, ""dense_l"": 11.4691, ""redundant"": 7, ""obs_zero"": true, ""frame_l"": 7.4512, ""chi_bits"": 2, ""mps_l"": 11.2479, ""hsf_k"": 2, ""hsf_na"": 12, ""hsf_nb"": 12, ""hsf_l"": 25.0604, ""sup"": 23, ""chi_bits0"": 2, ""mps_l0"": 11.2479, ""hsf_keff"": 1, ""hsf_l0"": 26.0604, ""sparse_l"": 30.4512, ""sv_l"": 31.4512, ""feat_secs"": 0.009676, ""feat_secs_frame"": 0.00021, ""feat_secs_hsf"": 0.009395}"
ct,"ct:n=24,L=4,t=16,nn=1",1,"{""n"": 24.0, ""L"": 4.0, ""t"": 16.0, ""nn"": 1.0}",auto,ok,0.000258,0.0044,2473984,-0.0,0,-5.235417407180183e-16,5.235417407180183e-16,switched_at=None dense_qubits=0 peak_terms=0 term_visits=0 dense_ops=0,"{""n"": 24, ""gates"": 175, ""g2"": 46, ""g3"": 0, ""depth2"": 4, ""t_count"": 16, ""rotations"": 16, ""d"": 9, ""dense_l"": 11.4691, ""redundant"": 7, ""obs_zero"": true, ""frame_l"": 7.4512, ""chi_bits"": 2, ""mps_l"": 11.2479, ""hsf_k"": 2, ""hsf_na"": 12, ""hsf_nb"": 12, ""hsf_l"": 25.0604, ""sup"": 23, ""chi_bits0"": 2, ""mps_l0"": 11.2479, ""hsf_keff"": 1, ""hsf_l0"": 26.0604, ""sparse_l"": 30.4512, ""sv_l"": 31.4512, ""feat_secs"": 0.009676, ""feat_secs_frame"": 0.00021, ""feat_secs_hsf"": 0.009395}"
ct,"ct:n=24,L=4,t=24,nn=1",1,"{""n"": 24.0, ""L"": 4.0, ""t"": 24.0, ""nn"": 1.0}",sv,ok,1.086914,1.0909,272449536,2.016970942664854e-18,16777216,2.016970942664854e-18,0.0,,"{""n"": 24, ""gates"": 192, ""g2"": 46, ""g3"": 0, ""depth2"": 4, ""t_count"": 24, ""rotations"": 24, ""d"": 13, ""dense_l"": 14.4916, ""redundant"": 11, ""obs_zero"": true, ""frame_l"": 7.585, ""chi_bits"": 2, ""mps_l"": 11.2668, ""hsf_k"": 2, ""hsf_na"": 12, ""hsf_nb"": 12, ""hsf_l"": 26.0661, ""sup"": 24, ""chi_bits0"": 2, ""mps_l0"": 11.2668, ""hsf_keff"": 2, ""hsf_l0"": 26.0661, ""sparse_l"": 31.585, ""sv_l"": 31.585, ""feat_secs"": 0.010105, ""feat_secs_frame"": 0.000396, ""feat_secs_hsf"": 0.009621}"
ct,"ct:n=24,L=4,t=24,nn=1",1,"{""n"": 24.0, ""L"": 4.0, ""t"": 24.0, ""nn"": 1.0}",sparse,timeout,,10.0029,1683226624,,,2.016970942664854e-18,,timeout,"{""n"": 24, ""gates"": 192, ""g2"": 46, ""g3"": 0, ""depth2"": 4, ""t_count"": 24, ""rotations"": 24, ""d"": 13, ""dense_l"": 14.4916, ""redundant"": 11, ""obs_zero"": true, ""frame_l"": 7.585, ""chi_bits"": 2, ""mps_l"": 11.2668, ""hsf_k"": 2, ""hsf_na"": 12, ""hsf_nb"": 12, ""hsf_l"": 26.0661, ""sup"": 24, ""chi_bits0"": 2, ""mps_l0"": 11.2668, ""hsf_keff"": 2, ""hsf_l0"": 26.0661, ""sparse_l"": 31.585, ""sv_l"": 31.585, ""feat_secs"": 0.010105, ""feat_secs_frame"": 0.000396, ""feat_secs_hsf"": 0.009621}"
ct,"ct:n=24,L=4,t=24,nn=1",1,"{""n"": 24.0, ""L"": 4.0, ""t"": 24.0, ""nn"": 1.0}",mps,ok,0.000382,0.0047,2621440,-9.441233532367533e-16,4,2.016970942664854e-18,9.461403241794182e-16,,"{""n"": 24, ""gates"": 192, ""g2"": 46, ""g3"": 0, ""depth2"": 4, ""t_count"": 24, ""rotations"": 24, ""d"": 13, ""dense_l"": 14.4916, ""redundant"": 11, ""obs_zero"": true, ""frame_l"": 7.585, ""chi_bits"": 2, ""mps_l"": 11.2668, ""hsf_k"": 2, ""hsf_na"": 12, ""hsf_nb"": 12, ""hsf_l"": 26.0661, ""sup"": 24, ""chi_bits0"": 2, ""mps_l0"": 11.2668, ""hsf_keff"": 2, ""hsf_l0"": 26.0661, ""sparse_l"": 31.585, ""sv_l"": 31.585, ""feat_secs"": 0.010105, ""feat_secs_frame"": 0.000396, ""feat_secs_hsf"": 0.009621}"
ct,"ct:n=24,L=4,t=24,nn=1",1,"{""n"": 24.0, ""L"": 4.0, ""t"": 24.0, ""nn"": 1.0}",hsf,ok,0.100189,0.1070,272023552,-5.888374112374577e-19,4,2.016970942664854e-18,2.605808353902312e-18,,"{""n"": 24, ""gates"": 192, ""g2"": 46, ""g3"": 0, ""depth2"": 4, ""t_count"": 24, ""rotations"": 24, ""d"": 13, ""dense_l"": 14.4916, ""redundant"": 11, ""obs_zero"": true, ""frame_l"": 7.585, ""chi_bits"": 2, ""mps_l"": 11.2668, ""hsf_k"": 2, ""hsf_na"": 12, ""hsf_nb"": 12, ""hsf_l"": 26.0661, ""sup"": 24, ""chi_bits0"": 2, ""mps_l0"": 11.2668, ""hsf_keff"": 2, ""hsf_l0"": 26.0661, ""sparse_l"": 31.585, ""sv_l"": 31.585, ""feat_secs"": 0.010105, ""feat_secs_frame"": 0.000396, ""feat_secs_hsf"": 0.009621}"
ct,"ct:n=24,L=4,t=24,nn=1",1,"{""n"": 24.0, ""L"": 4.0, ""t"": 24.0, ""nn"": 1.0}",tableau,na,,0.0069,1867776,,,2.016970942664854e-18,,"TooLarge { what: ""tableau (non-Clifford circuit)"", bytes: 0, limit: 0 }","{""n"": 24, ""gates"": 192, ""g2"": 46, ""g3"": 0, ""depth2"": 4, ""t_count"": 24, ""rotations"": 24, ""d"": 13, ""dense_l"": 14.4916, ""redundant"": 11, ""obs_zero"": true, ""frame_l"": 7.585, ""chi_bits"": 2, ""mps_l"": 11.2668, ""hsf_k"": 2, ""hsf_na"": 12, ""hsf_nb"": 12, ""hsf_l"": 26.0661, ""sup"": 24, ""chi_bits0"": 2, ""mps_l0"": 11.2668, ""hsf_keff"": 2, ""hsf_l0"": 26.0661, ""sparse_l"": 31.585, ""sv_l"": 31.585, ""feat_secs"": 0.010105, ""feat_secs_frame"": 0.000396, ""feat_secs_hsf"": 0.009621}"
ct,"ct:n=24,L=4,t=24,nn=1",1,"{""n"": 24.0, ""L"": 4.0, ""t"": 24.0, ""nn"": 1.0}",cstate,ok,0.000171,0.0040,2146304,0.0,13,2.016970942664854e-18,2.016970942664854e-18,,"{""n"": 24, ""gates"": 192, ""g2"": 46, ""g3"": 0, ""depth2"": 4, ""t_count"": 24, ""rotations"": 24, ""d"": 13, ""dense_l"": 14.4916, ""redundant"": 11, ""obs_zero"": true, ""frame_l"": 7.585, ""chi_bits"": 2, ""mps_l"": 11.2668, ""hsf_k"": 2, ""hsf_na"": 12, ""hsf_nb"": 12, ""hsf_l"": 26.0661, ""sup"": 24, ""chi_bits0"": 2, ""mps_l0"": 11.2668, ""hsf_keff"": 2, ""hsf_l0"": 26.0661, ""sparse_l"": 31.585, ""sv_l"": 31.585, ""feat_secs"": 0.010105, ""feat_secs_frame"": 0.000396, ""feat_secs_hsf"": 0.009621}"
ct,"ct:n=24,L=4,t=24,nn=1",1,"{""n"": 24.0, ""L"": 4.0, ""t"": 24.0, ""nn"": 1.0}",frame,ok,0.000282,0.0066,2457600,-0.0,0,2.016970942664854e-18,2.016970942664854e-18,switched_at=None dense_qubits=0 peak_terms=0 term_visits=0 dense_ops=0,"{""n"": 24, ""gates"": 192, ""g2"": 46, ""g3"": 0, ""depth2"": 4, ""t_count"": 24, ""rotations"": 24, ""d"": 13, ""dense_l"": 14.4916, ""redundant"": 11, ""obs_zero"": true, ""frame_l"": 7.585, ""chi_bits"": 2, ""mps_l"": 11.2668, ""hsf_k"": 2, ""hsf_na"": 12, ""hsf_nb"": 12, ""hsf_l"": 26.0661, ""sup"": 24, ""chi_bits0"": 2, ""mps_l0"": 11.2668, ""hsf_keff"": 2, ""hsf_l0"": 26.0661, ""sparse_l"": 31.585, ""sv_l"": 31.585, ""feat_secs"": 0.010105, ""feat_secs_frame"": 0.000396, ""feat_secs_hsf"": 0.009621}"
ct,"ct:n=24,L=4,t=24,nn=1",1,"{""n"": 24.0, ""L"": 4.0, ""t"": 24.0, ""nn"": 1.0}",dense,ok,0.000172,0.0043,2342912,0.0,13,2.016970942664854e-18,2.016970942664854e-18,switched_at=Some(22) dense_qubits=13 peak_terms=0 term_visits=0 dense_ops=22716,"{""n"": 24, ""gates"": 192, ""g2"": 46, ""g3"": 0, ""depth2"": 4, ""t_count"": 24, ""rotations"": 24, ""d"": 13, ""dense_l"": 14.4916, ""redundant"": 11, ""obs_zero"": true, ""frame_l"": 7.585, ""chi_bits"": 2, ""mps_l"": 11.2668, ""hsf_k"": 2, ""hsf_na"": 12, ""hsf_nb"": 12, ""hsf_l"": 26.0661, ""sup"": 24, ""chi_bits0"": 2, ""mps_l0"": 11.2668, ""hsf_keff"": 2, ""hsf_l0"": 26.0661, ""sparse_l"": 31.585, ""sv_l"": 31.585, ""feat_secs"": 0.010105, ""feat_secs_frame"": 0.000396, ""feat_secs_hsf"": 0.009621}"
ct,"ct:n=24,L=4,t=24,nn=1",1,"{""n"": 24.0, ""L"": 4.0, ""t"": 24.0, ""nn"": 1.0}",auto,ok,0.000245,0.0043,2473984,-0.0,0,2.016970942664854e-18,2.016970942664854e-18,switched_at=None dense_qubits=0 peak_terms=0 term_visits=0 dense_ops=0,"{""n"": 24, ""gates"": 192, ""g2"": 46, ""g3"": 0, ""depth2"": 4, ""t_count"": 24, ""rotations"": 24, ""d"": 13, ""dense_l"": 14.4916, ""redundant"": 11, ""obs_zero"": true, ""frame_l"": 7.585, ""chi_bits"": 2, ""mps_l"": 11.2668, ""hsf_k"": 2, ""hsf_na"": 12, ""hsf_nb"": 12, ""hsf_l"": 26.0661, ""sup"": 24, ""chi_bits0"": 2, ""mps_l0"": 11.2668, ""hsf_keff"": 2, ""hsf_l0"": 26.0661, ""sparse_l"": 31.585, ""sv_l"": 31.585, ""feat_secs"": 0.010105, ""feat_secs_frame"": 0.000396, ""feat_secs_hsf"": 0.009621}"
ct,"ct:n=24,L=4,t=32,nn=1",1,"{""n"": 24.0, ""L"": 4.0, ""t"": 32.0, ""nn"": 1.0}",sv,ok,1.128764,1.1337,272400384,-0.7071067811698962,16777216,-0.7071067811698962,0.0,,"{""n"": 24, ""gates"": 208, ""g2"": 46, ""g3"": 0, ""depth2"": 4, ""t_count"": 32, ""rotations"": 32, ""d"": 19, ""dense_l"": 20.4793, ""redundant"": 13, ""obs_zero"": false, ""frame_l"": 11.5, ""chi_bits"": 2, ""mps_l"": 11.29, ""hsf_k"": 2, ""hsf_na"": 12, ""hsf_nb"": 12, ""hsf_l"": 26.0715, ""sup"": 24, ""chi_bits0"": 2, ""mps_l0"": 11.29, ""hsf_keff"": 2, ""hsf_l0"": 26.0715, ""sparse_l"": 31.7004, ""sv_l"": 31.7004, ""feat_secs"": 0.010259, ""feat_secs_frame"": 0.000336, ""feat_secs_hsf"": 0.009832}"
ct,"ct:n=24,L=4,t=32,nn=1",1,"{""n"": 24.0, ""L"": 4.0, ""t"": 32.0, ""nn"": 1.0}",sparse,skipped,,,,,,-0.7071067811698962,,,"{""n"": 24, ""gates"": 208, ""g2"": 46, ""g3"": 0, ""depth2"": 4, ""t_count"": 32, ""rotations"": 32, ""d"": 19, ""dense_l"": 20.4793, ""redundant"": 13, ""obs_zero"": false, ""frame_l"": 11.5, ""chi_bits"": 2, ""mps_l"": 11.29, ""hsf_k"": 2, ""hsf_na"": 12, ""hsf_nb"": 12, ""hsf_l"": 26.0715, ""sup"": 24, ""chi_bits0"": 2, ""mps_l0"": 11.29, ""hsf_keff"": 2, ""hsf_l0"": 26.0715, ""sparse_l"": 31.7004, ""sv_l"": 31.7004, ""feat_secs"": 0.010259, ""feat_secs_frame"": 0.000336, ""feat_secs_hsf"": 0.009832}"
ct,"ct:n=24,L=4,t=32,nn=1",1,"{""n"": 24.0, ""L"": 4.0, ""t"": 32.0, ""nn"": 1.0}",mps,ok,0.000332,0.0046,2572288,-0.707106781186549,4,-0.7071067811698962,1.6652790257865036e-11,,"{""n"": 24, ""gates"": 208, ""g2"": 46, ""g3"": 0, ""depth2"": 4, ""t_count"": 32, ""rotations"": 32, ""d"": 19, ""dense_l"": 20.4793, ""redundant"": 13, ""obs_zero"": false, ""frame_l"": 11.5, ""chi_bits"": 2, ""mps_l"": 11.29, ""hsf_k"": 2, ""hsf_na"": 12, ""hsf_nb"": 12, ""hsf_l"": 26.0715, ""sup"": 24, ""chi_bits0"": 2, ""mps_l0"": 11.29, ""hsf_keff"": 2, ""hsf_l0"": 26.0715, ""sparse_l"": 31.7004, ""sv_l"": 31.7004, ""feat_secs"": 0.010259, ""feat_secs_frame"": 0.000336, ""feat_secs_hsf"": 0.009832}"
ct,"ct:n=24,L=4,t=32,nn=1",1,"{""n"": 24.0, ""L"": 4.0, ""t"": 32.0, ""nn"": 1.0}",hsf,ok,0.102297,0.1065,272072704,-0.7071067811698962,4,-0.7071067811698962,0.0,,"{""n"": 24, ""gates"": 208, ""g2"": 46, ""g3"": 0, ""depth2"": 4, ""t_count"": 32, ""rotations"": 32, ""d"": 19, ""dense_l"": 20.4793, ""redundant"": 13, ""obs_zero"": false, ""frame_l"": 11.5, ""chi_bits"": 2, ""mps_l"": 11.29, ""hsf_k"": 2, ""hsf_na"": 12, ""hsf_nb"": 12, ""hsf_l"": 26.0715, ""sup"": 24, ""chi_bits0"": 2, ""mps_l0"": 11.29, ""hsf_keff"": 2, ""hsf_l0"": 26.0715, ""sparse_l"": 31.7004, ""sv_l"": 31.7004, ""feat_secs"": 0.010259, ""feat_secs_frame"": 0.000336, ""feat_secs_hsf"": 0.009832}"
ct,"ct:n=24,L=4,t=32,nn=1",1,"{""n"": 24.0, ""L"": 4.0, ""t"": 32.0, ""nn"": 1.0}",tableau,na,,0.0045,1851392,,,-0.7071067811698962,,"TooLarge { what: ""tableau (non-Clifford circuit)"", bytes: 0, limit: 0 }","{""n"": 24, ""gates"": 208, ""g2"": 46, ""g3"": 0, ""depth2"": 4, ""t_count"": 32, ""rotations"": 32, ""d"": 19, ""dense_l"": 20.4793, ""redundant"": 13, ""obs_zero"": false, ""frame_l"": 11.5, ""chi_bits"": 2, ""mps_l"": 11.29, ""hsf_k"": 2, ""hsf_na"": 12, ""hsf_nb"": 12, ""hsf_l"": 26.0715, ""sup"": 24, ""chi_bits0"": 2, ""mps_l0"": 11.29, ""hsf_keff"": 2, ""hsf_l0"": 26.0715, ""sparse_l"": 31.7004, ""sv_l"": 31.7004, ""feat_secs"": 0.010259, ""feat_secs_frame"": 0.000336, ""feat_secs_hsf"": 0.009832}"
ct,"ct:n=24,L=4,t=32,nn=1",1,"{""n"": 24.0, ""L"": 4.0, ""t"": 32.0, ""nn"": 1.0}",cstate,ok,0.003739,0.0088,10895360,-0.7071067811865535,19,-0.7071067811698962,1.6657231149963536e-11,,"{""n"": 24, ""gates"": 208, ""g2"": 46, ""g3"": 0, ""depth2"": 4, ""t_count"": 32, ""rotations"": 32, ""d"": 19, ""dense_l"": 20.4793, ""redundant"": 13, ""obs_zero"": false, ""frame_l"": 11.5, ""chi_bits"": 2, ""mps_l"": 11.29, ""hsf_k"": 2, ""hsf_na"": 12, ""hsf_nb"": 12, ""hsf_l"": 26.0715, ""sup"": 24, ""chi_bits0"": 2, ""mps_l0"": 11.29, ""hsf_keff"": 2, ""hsf_l0"": 26.0715, ""sparse_l"": 31.7004, ""sv_l"": 31.7004, ""feat_secs"": 0.010259, ""feat_secs_frame"": 0.000336, ""feat_secs_hsf"": 0.009832}"
ct,"ct:n=24,L=4,t=32,nn=1",1,"{""n"": 24.0, ""L"": 4.0, ""t"": 32.0, ""nn"": 1.0}",frame,ok,0.000517,0.0044,2539520,-0.7071067811865475,1,-0.7071067811698962,1.665123594563056e-11,switched_at=None dense_qubits=0 peak_terms=1 term_visits=28 dense_ops=0,"{""n"": 24, ""gates"": 208, ""g2"": 46, ""g3"": 0, ""depth2"": 4, ""t_count"": 32, ""rotations"": 32, ""d"": 19, ""dense_l"": 20.4793, ""redundant"": 13, ""obs_zero"": false, ""frame_l"": 11.5, ""chi_bits"": 2, ""mps_l"": 11.29, ""hsf_k"": 2, ""hsf_na"": 12, ""hsf_nb"": 12, ""hsf_l"": 26.0715, ""sup"": 24, ""chi_bits0"": 2, ""mps_l0"": 11.29, ""hsf_keff"": 2, ""hsf_l0"": 26.0715, ""sparse_l"": 31.7004, ""sv_l"": 31.7004, ""feat_secs"": 0.010259, ""feat_secs_frame"": 0.000336, ""feat_secs_hsf"": 0.009832}"
ct,"ct:n=24,L=4,t=32,nn=1",1,"{""n"": 24.0, ""L"": 4.0, ""t"": 32.0, ""nn"": 1.0}",dense,ok,0.00338,0.0074,11042816,-0.7071067811865537,19,-0.7071067811698962,1.665745319456846e-11,switched_at=Some(28) dense_qubits=19 peak_terms=1 term_visits=0 dense_ops=1672706,"{""n"": 24, ""gates"": 208, ""g2"": 46, ""g3"": 0, ""depth2"": 4, ""t_count"": 32, ""rotations"": 32, ""d"": 19, ""dense_l"": 20.4793, ""redundant"": 13, ""obs_zero"": false, ""frame_l"": 11.5, ""chi_bits"": 2, ""mps_l"": 11.29, ""hsf_k"": 2, ""hsf_na"": 12, ""hsf_nb"": 12, ""hsf_l"": 26.0715, ""sup"": 24, ""chi_bits0"": 2, ""mps_l0"": 11.29, ""hsf_keff"": 2, ""hsf_l0"": 26.0715, ""sparse_l"": 31.7004, ""sv_l"": 31.7004, ""feat_secs"": 0.010259, ""feat_secs_frame"": 0.000336, ""feat_secs_hsf"": 0.009832}"
ct,"ct:n=24,L=4,t=32,nn=1",1,"{""n"": 24.0, ""L"": 4.0, ""t"": 32.0, ""nn"": 1.0}",auto,ok,0.000486,0.0043,2539520,-0.7071067811865475,4,-0.7071067811698962,1.665123594563056e-11,switched_at=Some(5) dense_qubits=4 peak_terms=1 term_visits=23 dense_ops=50,"{""n"": 24, ""gates"": 208, ""g2"": 46, ""g3"": 0, ""depth2"": 4, ""t_count"": 32, ""rotations"": 32, ""d"": 19, ""dense_l"": 20.4793, ""redundant"": 13, ""obs_zero"": false, ""frame_l"": 11.5, ""chi_bits"": 2, ""mps_l"": 11.29, ""hsf_k"": 2, ""hsf_na"": 12, ""hsf_nb"": 12, ""hsf_l"": 26.0715, ""sup"": 24, ""chi_bits0"": 2, ""mps_l0"": 11.29, ""hsf_keff"": 2, ""hsf_l0"": 26.0715, ""sparse_l"": 31.7004, ""sv_l"": 31.7004, ""feat_secs"": 0.010259, ""feat_secs_frame"": 0.000336, ""feat_secs_hsf"": 0.009832}"
ct,"ct:n=24,L=4,t=48,nn=1",1,"{""n"": 24.0, ""L"": 4.0, ""t"": 48.0, ""nn"": 1.0}",sv,ok,1.245282,1.2508,272465920,5.073873136364415e-16,16777216,5.073873136364415e-16,0.0,,"{""n"": 24, ""gates"": 240, ""g2"": 46, ""g3"": 0, ""depth2"": 4, ""t_count"": 48, ""rotations"": 48, ""d"": 22, ""dense_l"": 23.9667, ""redundant"": 26, ""obs_zero"": false, ""frame_l"": 18.585, ""chi_bits"": 2, ""mps_l"": 11.3945, ""hsf_k"": 2, ""hsf_na"": 12, ""hsf_nb"": 12, ""hsf_l"": 26.0821, ""sup"": 24, ""chi_bits0"": 2, ""mps_l0"": 11.3945, ""hsf_keff"": 2, ""hsf_l0"": 26.0821, ""sparse_l"": 31.9069, ""sv_l"": 31.9069, ""feat_secs"": 0.007434, ""feat_secs_frame"": 0.000251, ""feat_secs_hsf"": 0.007101}"
ct,"ct:n=24,L=4,t=48,nn=1",1,"{""n"": 24.0, ""L"": 4.0, ""t"": 48.0, ""nn"": 1.0}",sparse,skipped,,,,,,5.073873136364415e-16,,,"{""n"": 24, ""gates"": 240, ""g2"": 46, ""g3"": 0, ""depth2"": 4, ""t_count"": 48, ""rotations"": 48, ""d"": 22, ""dense_l"": 23.9667, ""redundant"": 26, ""obs_zero"": false, ""frame_l"": 18.585, ""chi_bits"": 2, ""mps_l"": 11.3945, ""hsf_k"": 2, ""hsf_na"": 12, ""hsf_nb"": 12, ""hsf_l"": 26.0821, ""sup"": 24, ""chi_bits0"": 2, ""mps_l0"": 11.3945, ""hsf_keff"": 2, ""hsf_l0"": 26.0821, ""sparse_l"": 31.9069, ""sv_l"": 31.9069, ""feat_secs"": 0.007434, ""feat_secs_frame"": 0.000251, ""feat_secs_hsf"": 0.007101}"
ct,"ct:n=24,L=4,t=48,nn=1",1,"{""n"": 24.0, ""L"": 4.0, ""t"": 48.0, ""nn"": 1.0}",mps,ok,0.000364,0.0044,2605056,-2.220446049250314e-16,4,5.073873136364415e-16,7.294319185614729e-16,,"{""n"": 24, ""gates"": 240, ""g2"": 46, ""g3"": 0, ""depth2"": 4, ""t_count"": 48, ""rotations"": 48, ""d"": 22, ""dense_l"": 23.9667, ""redundant"": 26, ""obs_zero"": false, ""frame_l"": 18.585, ""chi_bits"": 2, ""mps_l"": 11.3945, ""hsf_k"": 2, ""hsf_na"": 12, ""hsf_nb"": 12, ""hsf_l"": 26.0821, ""sup"": 24, ""chi_bits0"": 2, ""mps_l0"": 11.3945, ""hsf_keff"": 2, ""hsf_l0"": 26.0821, ""sparse_l"": 31.9069, ""sv_l"": 31.9069, ""feat_secs"": 0.007434, ""feat_secs_frame"": 0.000251, ""feat_secs_hsf"": 0.007101}"
ct,"ct:n=24,L=4,t=48,nn=1",1,"{""n"": 24.0, ""L"": 4.0, ""t"": 48.0, ""nn"": 1.0}",hsf,ok,0.107206,0.1120,272072704,3.676804587908407e-16,4,5.073873136364415e-16,1.3970685484560082e-16,,"{""n"": 24, ""gates"": 240, ""g2"": 46, ""g3"": 0, ""depth2"": 4, ""t_count"": 48, ""rotations"": 48, ""d"": 22, ""dense_l"": 23.9667, ""redundant"": 26, ""obs_zero"": false, ""frame_l"": 18.585, ""chi_bits"": 2, ""mps_l"": 11.3945, ""hsf_k"": 2, ""hsf_na"": 12, ""hsf_nb"": 12, ""hsf_l"": 26.0821, ""sup"": 24, ""chi_bits0"": 2, ""mps_l0"": 11.3945, ""hsf_keff"": 2, ""hsf_l0"": 26.0821, ""sparse_l"": 31.9069, ""sv_l"": 31.9069, ""feat_secs"": 0.007434, ""feat_secs_frame"": 0.000251, ""feat_secs_hsf"": 0.007101}"
ct,"ct:n=24,L=4,t=48,nn=1",1,"{""n"": 24.0, ""L"": 4.0, ""t"": 48.0, ""nn"": 1.0}",tableau,na,,0.0044,1851392,,,5.073873136364415e-16,,"TooLarge { what: ""tableau (non-Clifford circuit)"", bytes: 0, limit: 0 }","{""n"": 24, ""gates"": 240, ""g2"": 46, ""g3"": 0, ""depth2"": 4, ""t_count"": 48, ""rotations"": 48, ""d"": 22, ""dense_l"": 23.9667, ""redundant"": 26, ""obs_zero"": false, ""frame_l"": 18.585, ""chi_bits"": 2, ""mps_l"": 11.3945, ""hsf_k"": 2, ""hsf_na"": 12, ""hsf_nb"": 12, ""hsf_l"": 26.0821, ""sup"": 24, ""chi_bits0"": 2, ""mps_l0"": 11.3945, ""hsf_keff"": 2, ""hsf_l0"": 26.0821, ""sparse_l"": 31.9069, ""sv_l"": 31.9069, ""feat_secs"": 0.007434, ""feat_secs_frame"": 0.000251, ""feat_secs_hsf"": 0.007101}"
ct,"ct:n=24,L=4,t=48,nn=1",1,"{""n"": 24.0, ""L"": 4.0, ""t"": 48.0, ""nn"": 1.0}",cstate,ok,0.033821,0.0391,69730304,3.162163667986024e-17,22,5.073873136364415e-16,4.757656769565813e-16,,"{""n"": 24, ""gates"": 240, ""g2"": 46, ""g3"": 0, ""depth2"": 4, ""t_count"": 48, ""rotations"": 48, ""d"": 22, ""dense_l"": 23.9667, ""redundant"": 26, ""obs_zero"": false, ""frame_l"": 18.585, ""chi_bits"": 2, ""mps_l"": 11.3945, ""hsf_k"": 2, ""hsf_na"": 12, ""hsf_nb"": 12, ""hsf_l"": 26.0821, ""sup"": 24, ""chi_bits0"": 2, ""mps_l0"": 11.3945, ""hsf_keff"": 2, ""hsf_l0"": 26.0821, ""sparse_l"": 31.9069, ""sv_l"": 31.9069, ""feat_secs"": 0.007434, ""feat_secs_frame"": 0.000251, ""feat_secs_hsf"": 0.007101}"
ct,"ct:n=24,L=4,t=48,nn=1",1,"{""n"": 24.0, ""L"": 4.0, ""t"": 48.0, ""nn"": 1.0}",frame,ok,0.000769,0.0077,2539520,-0.0,1,5.073873136364415e-16,5.073873136364415e-16,switched_at=None dense_qubits=0 peak_terms=1 term_visits=40 dense_ops=0,"{""n"": 24, ""gates"": 240, ""g2"": 46, ""g3"": 0, ""depth2"": 4, ""t_count"": 48, ""rotations"": 48, ""d"": 22, ""dense_l"": 23.9667, ""redundant"": 26, ""obs_zero"": false, ""frame_l"": 18.585, ""chi_bits"": 2, ""mps_l"": 11.3945, ""hsf_k"": 2, ""hsf_na"": 12, ""hsf_nb"": 12, ""hsf_l"": 26.0821, ""sup"": 24, ""chi_bits0"": 2, ""mps_l0"": 11.3945, ""hsf_keff"": 2, ""hsf_l0"": 26.0821, ""sparse_l"": 31.9069, ""sv_l"": 31.9069, ""feat_secs"": 0.007434, ""feat_secs_frame"": 0.000251, ""feat_secs_hsf"": 0.007101}"
ct,"ct:n=24,L=4,t=48,nn=1",1,"{""n"": 24.0, ""L"": 4.0, ""t"": 48.0, ""nn"": 1.0}",dense,ok,0.036283,0.0412,69926912,1.270141608514713e-16,22,5.073873136364415e-16,3.803731527849702e-16,switched_at=Some(44) dense_qubits=22 peak_terms=1 term_visits=0 dense_ops=20374058,"{""n"": 24, ""gates"": 240, ""g2"": 46, ""g3"": 0, ""depth2"": 4, ""t_count"": 48, ""rotations"": 48, ""d"": 22, ""dense_l"": 23.9667, ""redundant"": 26, ""obs_zero"": false, ""frame_l"": 18.585, ""chi_bits"": 2, ""mps_l"": 11.3945, ""hsf_k"": 2, ""hsf_na"": 12, ""hsf_nb"": 12, ""hsf_l"": 26.0821, ""sup"": 24, ""chi_bits0"": 2, ""mps_l0"": 11.3945, ""hsf_keff"": 2, ""hsf_l0"": 26.0821, ""sparse_l"": 31.9069, ""sv_l"": 31.9069, ""feat_secs"": 0.007434, ""feat_secs_frame"": 0.000251, ""feat_secs_hsf"": 0.007101}"
ct,"ct:n=24,L=4,t=48,nn=1",1,"{""n"": 24.0, ""L"": 4.0, ""t"": 48.0, ""nn"": 1.0}",auto,ok,0.000634,0.0075,2572288,2.542558915056487e-17,4,5.073873136364415e-16,4.819617244858767e-16,switched_at=Some(8) dense_qubits=4 peak_terms=1 term_visits=36 dense_ops=58,"{""n"": 24, ""gates"": 240, ""g2"": 46, ""g3"": 0, ""depth2"": 4, ""t_count"": 48, ""rotations"": 48, ""d"": 22, ""dense_l"": 23.9667, ""redundant"": 26, ""obs_zero"": false, ""frame_l"": 18.585, ""chi_bits"": 2, ""mps_l"": 11.3945, ""hsf_k"": 2, ""hsf_na"": 12, ""hsf_nb"": 12, ""hsf_l"": 26.0821, ""sup"": 24, ""chi_bits0"": 2, ""mps_l0"": 11.3945, ""hsf_keff"": 2, ""hsf_l0"": 26.0821, ""sparse_l"": 31.9069, ""sv_l"": 31.9069, ""feat_secs"": 0.007434, ""feat_secs_frame"": 0.000251, ""feat_secs_hsf"": 0.007101}"
ct,"ct:n=24,L=4,t=64,nn=1",1,"{""n"": 24.0, ""L"": 4.0, ""t"": 64.0, ""nn"": 1.0}",sv,ok,1.335158,1.3414,272498688,0.7071067811866527,16777216,0.7071067811866527,0.0,,"{""n"": 24, ""gates"": 269, ""g2"": 46, ""g3"": 0, ""depth2"": 4, ""t_count"": 64, ""rotations"": 64, ""d"": 23, ""dense_l"": 26.5266, ""redundant"": 41, ""obs_zero"": false, ""frame_l"": 26.5, ""chi_bits"": 2, ""mps_l"": 11.432, ""hsf_k"": 2, ""hsf_na"": 12, ""hsf_nb"": 12, ""hsf_l"": 26.0918, ""sup"": 24, ""chi_bits0"": 2, ""mps_l0"": 11.432, ""hsf_keff"": 2, ""hsf_l0"": 26.0918, ""sparse_l"": 32.0715, ""sv_l"": 32.0715, ""feat_secs"": 0.009786, ""feat_secs_frame"": 0.000397, ""feat_secs_hsf"": 0.009275}"
ct,"ct:n=24,L=4,t=64,nn=1",1,"{""n"": 24.0, ""L"": 4.0, ""t"": 64.0, ""nn"": 1.0}",sparse,skipped,,,,,,0.7071067811866527,,,"{""n"": 24, ""gates"": 269, ""g2"": 46, ""g3"": 0, ""depth2"": 4, ""t_count"": 64, ""rotations"": 64, ""d"": 23, ""dense_l"": 26.5266, ""redundant"": 41, ""obs_zero"": false, ""frame_l"": 26.5, ""chi_bits"": 2, ""mps_l"": 11.432, ""hsf_k"": 2, ""hsf_na"": 12, ""hsf_nb"": 12, ""hsf_l"": 26.0918, ""sup"": 24, ""chi_bits0"": 2, ""mps_l0"": 11.432, ""hsf_keff"": 2, ""hsf_l0"": 26.0918, ""sparse_l"": 32.0715, ""sv_l"": 32.0715, ""feat_secs"": 0.009786, ""feat_secs_frame"": 0.000397, ""feat_secs_hsf"": 0.009275}"
ct,"ct:n=24,L=4,t=64,nn=1",1,"{""n"": 24.0, ""L"": 4.0, ""t"": 64.0, ""nn"": 1.0}",mps,ok,0.000367,0.0073,2621440,0.707106781186548,4,0.7071067811866527,1.0469403122215226e-13,,"{""n"": 24, ""gates"": 269, ""g2"": 46, ""g3"": 0, ""depth2"": 4, ""t_count"": 64, ""rotations"": 64, ""d"": 23, ""dense_l"": 26.5266, ""redundant"": 41, ""obs_zero"": false, ""frame_l"": 26.5, ""chi_bits"": 2, ""mps_l"": 11.432, ""hsf_k"": 2, ""hsf_na"": 12, ""hsf_nb"": 12, ""hsf_l"": 26.0918, ""sup"": 24, ""chi_bits0"": 2, ""mps_l0"": 11.432, ""hsf_keff"": 2, ""hsf_l0"": 26.0918, ""sparse_l"": 32.0715, ""sv_l"": 32.0715, ""feat_secs"": 0.009786, ""feat_secs_frame"": 0.000397, ""feat_secs_hsf"": 0.009275}"
ct,"ct:n=24,L=4,t=64,nn=1",1,"{""n"": 24.0, ""L"": 4.0, ""t"": 64.0, ""nn"": 1.0}",hsf,ok,0.105152,0.1114,272072704,0.7071067811866495,4,0.7071067811866527,3.219646771412954e-15,,"{""n"": 24, ""gates"": 269, ""g2"": 46, ""g3"": 0, ""depth2"": 4, ""t_count"": 64, ""rotations"": 64, ""d"": 23, ""dense_l"": 26.5266, ""redundant"": 41, ""obs_zero"": false, ""frame_l"": 26.5, ""chi_bits"": 2, ""mps_l"": 11.432, ""hsf_k"": 2, ""hsf_na"": 12, ""hsf_nb"": 12, ""hsf_l"": 26.0918, ""sup"": 24, ""chi_bits0"": 2, ""mps_l0"": 11.432, ""hsf_keff"": 2, ""hsf_l0"": 26.0918, ""sparse_l"": 32.0715, ""sv_l"": 32.0715, ""feat_secs"": 0.009786, ""feat_secs_frame"": 0.000397, ""feat_secs_hsf"": 0.009275}"
ct,"ct:n=24,L=4,t=64,nn=1",1,"{""n"": 24.0, ""L"": 4.0, ""t"": 64.0, ""nn"": 1.0}",tableau,na,,0.0047,1884160,,,0.7071067811866527,,"TooLarge { what: ""tableau (non-Clifford circuit)"", bytes: 0, limit: 0 }","{""n"": 24, ""gates"": 269, ""g2"": 46, ""g3"": 0, ""depth2"": 4, ""t_count"": 64, ""rotations"": 64, ""d"": 23, ""dense_l"": 26.5266, ""redundant"": 41, ""obs_zero"": false, ""frame_l"": 26.5, ""chi_bits"": 2, ""mps_l"": 11.432, ""hsf_k"": 2, ""hsf_na"": 12, ""hsf_nb"": 12, ""hsf_l"": 26.0918, ""sup"": 24, ""chi_bits0"": 2, ""mps_l0"": 11.432, ""hsf_keff"": 2, ""hsf_l0"": 26.0918, ""sparse_l"": 32.0715, ""sv_l"": 32.0715, ""feat_secs"": 0.009786, ""feat_secs_frame"": 0.000397, ""feat_secs_hsf"": 0.009275}"
ct,"ct:n=24,L=4,t=64,nn=1",1,"{""n"": 24.0, ""L"": 4.0, ""t"": 64.0, ""nn"": 1.0}",cstate,ok,0.157771,0.1627,138199040,0.7071067811863684,23,0.7071067811866527,2.843281166065026e-13,,"{""n"": 24, ""gates"": 269, ""g2"": 46, ""g3"": 0, ""depth2"": 4, ""t_count"": 64, ""rotations"": 64, ""d"": 23, ""dense_l"": 26.5266, ""redundant"": 41, ""obs_zero"": false, ""frame_l"": 26.5, ""chi_bits"": 2, ""mps_l"": 11.432, ""hsf_k"": 2, ""hsf_na"": 12, ""hsf_nb"": 12, ""hsf_l"": 26.0918, ""sup"": 24, ""chi_bits0"": 2, ""mps_l0"": 11.432, ""hsf_keff"": 2, ""hsf_l0"": 26.0918, ""sparse_l"": 32.0715, ""sv_l"": 32.0715, ""feat_secs"": 0.009786, ""feat_secs_frame"": 0.000397, ""feat_secs_hsf"": 0.009275}"
ct,"ct:n=24,L=4,t=64,nn=1",1,"{""n"": 24.0, ""L"": 4.0, ""t"": 64.0, ""nn"": 1.0}",frame,ok,0.00099,0.0076,2572288,0.7071067811865476,1,0.7071067811866527,1.0513812043200232e-13,switched_at=None dense_qubits=0 peak_terms=1 term_visits=57 dense_ops=0,"{""n"": 24, ""gates"": 269, ""g2"": 46, ""g3"": 0, ""depth2"": 4, ""t_count"": 64, ""rotations"": 64, ""d"": 23, ""dense_l"": 26.5266, ""redundant"": 41, ""obs_zero"": false, ""frame_l"": 26.5, ""chi_bits"": 2, ""mps_l"": 11.432, ""hsf_k"": 2, ""hsf_na"": 12, ""hsf_nb"": 12, ""hsf_l"": 26.0918, ""sup"": 24, ""chi_bits0"": 2, ""mps_l0"": 11.432, ""hsf_keff"": 2, ""hsf_l0"": 26.0918, ""sparse_l"": 32.0715, ""sv_l"": 32.0715, ""feat_secs"": 0.009786, ""feat_secs_frame"": 0.000397, ""feat_secs_hsf"": 0.009275}"
ct,"ct:n=24,L=4,t=64,nn=1",1,"{""n"": 24.0, ""L"": 4.0, ""t"": 64.0, ""nn"": 1.0}",dense,ok,0.142045,0.1472,137330688,0.7071067811863685,23,0.7071067811866527,2.8421709430404007e-13,switched_at=Some(57) dense_qubits=23 peak_terms=1 term_visits=0 dense_ops=91149110,"{""n"": 24, ""gates"": 269, ""g2"": 46, ""g3"": 0, ""depth2"": 4, ""t_count"": 64, ""rotations"": 64, ""d"": 23, ""dense_l"": 26.5266, ""redundant"": 41, ""obs_zero"": false, ""frame_l"": 26.5, ""chi_bits"": 2, ""mps_l"": 11.432, ""hsf_k"": 2, ""hsf_na"": 12, ""hsf_nb"": 12, ""hsf_l"": 26.0918, ""sup"": 24, ""chi_bits0"": 2, ""mps_l0"": 11.432, ""hsf_keff"": 2, ""hsf_l0"": 26.0918, ""sparse_l"": 32.0715, ""sv_l"": 32.0715, ""feat_secs"": 0.009786, ""feat_secs_frame"": 0.000397, ""feat_secs_hsf"": 0.009275}"
ct,"ct:n=24,L=4,t=64,nn=1",1,"{""n"": 24.0, ""L"": 4.0, ""t"": 64.0, ""nn"": 1.0}",auto,ok,0.001183,0.0076,2572288,0.7071067811865475,4,0.7071067811866527,1.0524914273446484e-13,switched_at=Some(8) dense_qubits=4 peak_terms=1 term_visits=49 dense_ops=102,"{""n"": 24, ""gates"": 269, ""g2"": 46, ""g3"": 0, ""depth2"": 4, ""t_count"": 64, ""rotations"": 64, ""d"": 23, ""dense_l"": 26.5266, ""redundant"": 41, ""obs_zero"": false, ""frame_l"": 26.5, ""chi_bits"": 2, ""mps_l"": 11.432, ""hsf_k"": 2, ""hsf_na"": 12, ""hsf_nb"": 12, ""hsf_l"": 26.0918, ""sup"": 24, ""chi_bits0"": 2, ""mps_l0"": 11.432, ""hsf_keff"": 2, ""hsf_l0"": 26.0918, ""sparse_l"": 32.0715, ""sv_l"": 32.0715, ""feat_secs"": 0.009786, ""feat_secs_frame"": 0.000397, ""feat_secs_hsf"": 0.009275}"
ct,"ct:n=24,L=8,t=0,nn=1",1,"{""n"": 24.0, ""L"": 8.0, ""t"": 0.0, ""nn"": 1.0}",sv,ok,1.807293,1.8116,272531456,-2.607273290767143e-20,16777216,-2.607273290767143e-20,0.0,,"{""n"": 24, ""gates"": 288, ""g2"": 92, ""g3"": 0, ""depth2"": 8, ""t_count"": 0, ""rotations"": 0, ""d"": 0, ""dense_l"": 0.0, ""redundant"": 0, ""obs_zero"": true, ""frame_l"": 8.1699, ""chi_bits"": 4, ""mps_l"": 16.4606, ""hsf_k"": 4, ""hsf_na"": 12, ""hsf_nb"": 12, ""hsf_l"": 28.098, ""sup"": 24, ""chi_bits0"": 4, ""mps_l0"": 16.4606, ""hsf_keff"": 4, ""hsf_l0"": 28.098, ""sparse_l"": 32.1699, ""sv_l"": 32.1699, ""feat_secs"": 0.007593, ""feat_secs_frame"": 0.000544, ""feat_secs_hsf"": 0.006904}"
ct,"ct:n=24,L=8,t=0,nn=1",1,"{""n"": 24.0, ""L"": 8.0, ""t"": 0.0, ""nn"": 1.0}",sparse,timeout,,10.0098,1683472384,,,-2.607273290767143e-20,,timeout,"{""n"": 24, ""gates"": 288, ""g2"": 92, ""g3"": 0, ""depth2"": 8, ""t_count"": 0, ""rotations"": 0, ""d"": 0, ""dense_l"": 0.0, ""redundant"": 0, ""obs_zero"": true, ""frame_l"": 8.1699, ""chi_bits"": 4, ""mps_l"": 16.4606, ""hsf_k"": 4, ""hsf_na"": 12, ""hsf_nb"": 12, ""hsf_l"": 28.098, ""sup"": 24, ""chi_bits0"": 4, ""mps_l0"": 16.4606, ""hsf_keff"": 4, ""hsf_l0"": 28.098, ""sparse_l"": 32.1699, ""sv_l"": 32.1699, ""feat_secs"": 0.007593, ""feat_secs_frame"": 0.000544, ""feat_secs_hsf"": 0.006904}"
ct,"ct:n=24,L=8,t=0,nn=1",1,"{""n"": 24.0, ""L"": 8.0, ""t"": 0.0, ""nn"": 1.0}",mps,ok,0.000776,0.0068,2850816,2.788746559472733e-31,8,-2.607273290767143e-20,2.6072732907950304e-20,,"{""n"": 24, ""gates"": 288, ""g2"": 92, ""g3"": 0, ""depth2"": 8, ""t_count"": 0, ""rotations"": 0, ""d"": 0, ""dense_l"": 0.0, ""redundant"": 0, ""obs_zero"": true, ""frame_l"": 8.1699, ""chi_bits"": 4, ""mps_l"": 16.4606, ""hsf_k"": 4, ""hsf_na"": 12, ""hsf_nb"": 12, ""hsf_l"": 28.098, ""sup"": 24, ""chi_bits0"": 4, ""mps_l0"": 16.4606, ""hsf_keff"": 4, ""hsf_l0"": 28.098, ""sparse_l"": 32.1699, ""sv_l"": 32.1699, ""feat_secs"": 0.007593, ""feat_secs_frame"": 0.000544, ""feat_secs_hsf"": 0.006904}"
ct,"ct:n=24,L=8,t=0,nn=1",1,"{""n"": 24.0, ""L"": 8.0, ""t"": 0.0, ""nn"": 1.0}",hsf,ok,0.132229,0.1381,274694144,2.797855703899361e-20,16,-2.607273290767143e-20,5.405128994666504e-20,,"{""n"": 24, ""gates"": 288, ""g2"": 92, ""g3"": 0, ""depth2"": 8, ""t_count"": 0, ""rotations"": 0, ""d"": 0, ""dense_l"": 0.0, ""redundant"": 0, ""obs_zero"": true, ""frame_l"": 8.1699, ""chi_bits"": 4, ""mps_l"": 16.4606, ""hsf_k"": 4, ""hsf_na"": 12, ""hsf_nb"": 12, ""hsf_l"": 28.098, ""sup"": 24, ""chi_bits0"": 4, ""mps_l0"": 16.4606, ""hsf_keff"": 4, ""hsf_l0"": 28.098, ""sparse_l"": 32.1699, ""sv_l"": 32.1699, ""feat_secs"": 0.007593, ""feat_secs_frame"": 0.000544, ""feat_secs_hsf"": 0.006904}"
ct,"ct:n=24,L=8,t=0,nn=1",1,"{""n"": 24.0, ""L"": 8.0, ""t"": 0.0, ""nn"": 1.0}",tableau,ok,6.9e-05,0.0044,2064384,-0.0,0,-2.607273290767143e-20,2.607273290767143e-20,value recomputed after the C-vs-C† fix (timing from the original run),"{""n"": 24, ""gates"": 288, ""g2"": 92, ""g3"": 0, ""depth2"": 8, ""t_count"": 0, ""rotations"": 0, ""d"": 0, ""dense_l"": 0.0, ""redundant"": 0, ""obs_zero"": true, ""frame_l"": 8.1699, ""chi_bits"": 4, ""mps_l"": 16.4606, ""hsf_k"": 4, ""hsf_na"": 12, ""hsf_nb"": 12, ""hsf_l"": 28.098, ""sup"": 24, ""chi_bits0"": 4, ""mps_l0"": 16.4606, ""hsf_keff"": 4, ""hsf_l0"": 28.098, ""sparse_l"": 32.1699, ""sv_l"": 32.1699, ""feat_secs"": 0.007593, ""feat_secs_frame"": 0.000544, ""feat_secs_hsf"": 0.006904}"
ct,"ct:n=24,L=8,t=0,nn=1",1,"{""n"": 24.0, ""L"": 8.0, ""t"": 0.0, ""nn"": 1.0}",cstate,ok,0.000166,0.0045,2031616,0.0,0,-2.607273290767143e-20,2.607273290767143e-20,,"{""n"": 24, ""gates"": 288, ""g2"": 92, ""g3"": 0, ""depth2"": 8, ""t_count"": 0, ""rotations"": 0, ""d"": 0, ""dense_l"": 0.0, ""redundant"": 0, ""obs_zero"": true, ""frame_l"": 8.1699, ""chi_bits"": 4, ""mps_l"": 16.4606, ""hsf_k"": 4, ""hsf_na"": 12, ""hsf_nb"": 12, ""hsf_l"": 28.098, ""sup"": 24, ""chi_bits0"": 4, ""mps_l0"": 16.4606, ""hsf_keff"": 4, ""hsf_l0"": 28.098, ""sparse_l"": 32.1699, ""sv_l"": 32.1699, ""feat_secs"": 0.007593, ""feat_secs_frame"": 0.000544, ""feat_secs_hsf"": 0.006904}"
ct,"ct:n=24,L=8,t=0,nn=1",1,"{""n"": 24.0, ""L"": 8.0, ""t"": 0.0, ""nn"": 1.0}",frame,ok,0.000196,0.0066,2179072,-0.0,0,-2.607273290767143e-20,2.607273290767143e-20,switched_at=None dense_qubits=0 peak_terms=0 term_visits=0 dense_ops=0,"{""n"": 24, ""gates"": 288, ""g2"": 92, ""g3"": 0, ""depth2"": 8, ""t_count"": 0, ""rotations"": 0, ""d"": 0, ""dense_l"": 0.0, ""redundant"": 0, ""obs_zero"": true, ""frame_l"": 8.1699, ""chi_bits"": 4, ""mps_l"": 16.4606, ""hsf_k"": 4, ""hsf_na"": 12, ""hsf_nb"": 12, ""hsf_l"": 28.098, ""sup"": 24, ""chi_bits0"": 4, ""mps_l0"": 16.4606, ""hsf_keff"": 4, ""hsf_l0"": 28.098, ""sparse_l"": 32.1699, ""sv_l"": 32.1699, ""feat_secs"": 0.007593, ""feat_secs_frame"": 0.000544, ""feat_secs_hsf"": 0.006904}"
ct,"ct:n=24,L=8,t=0,nn=1",1,"{""n"": 24.0, ""L"": 8.0, ""t"": 0.0, ""nn"": 1.0}",dense,ok,0.000191,0.0044,2195456,-0.0,0,-2.607273290767143e-20,2.607273290767143e-20,switched_at=None dense_qubits=0 peak_terms=0 term_visits=0 dense_ops=0,"{""n"": 24, ""gates"": 288, ""g2"": 92, ""g3"": 0, ""depth2"": 8, ""t_count"": 0, ""rotations"": 0, ""d"": 0, ""dense_l"": 0.0, ""redundant"": 0, ""obs_zero"": true, ""frame_l"": 8.1699, ""chi_bits"": 4, ""mps_l"": 16.4606, ""hsf_k"": 4, ""hsf_na"": 12, ""hsf_nb"": 12, ""hsf_l"": 28.098, ""sup"": 24, ""chi_bits0"": 4, ""mps_l0"": 16.4606, ""hsf_keff"": 4, ""hsf_l0"": 28.098, ""sparse_l"": 32.1699, ""sv_l"": 32.1699, ""feat_secs"": 0.007593, ""feat_secs_frame"": 0.000544, ""feat_secs_hsf"": 0.006904}"
ct,"ct:n=24,L=8,t=0,nn=1",1,"{""n"": 24.0, ""L"": 8.0, ""t"": 0.0, ""nn"": 1.0}",auto,ok,0.000186,0.0045,2179072,-0.0,0,-2.607273290767143e-20,2.607273290767143e-20,switched_at=None dense_qubits=0 peak_terms=0 term_visits=0 dense_ops=0,"{""n"": 24, ""gates"": 288, ""g2"": 92, ""g3"": 0, ""depth2"": 8, ""t_count"": 0, ""rotations"": 0, ""d"": 0, ""dense_l"": 0.0, ""redundant"": 0, ""obs_zero"": true, ""frame_l"": 8.1699, ""chi_bits"": 4, ""mps_l"": 16.4606, ""hsf_k"": 4, ""hsf_na"": 12, ""hsf_nb"": 12, ""hsf_l"": 28.098, ""sup"": 24, ""chi_bits0"": 4, ""mps_l0"": 16.4606, ""hsf_keff"": 4, ""hsf_l0"": 28.098, ""sparse_l"": 32.1699, ""sv_l"": 32.1699, ""feat_secs"": 0.007593, ""feat_secs_frame"": 0.000544, ""feat_secs_hsf"": 0.006904}"
ct,"ct:n=24,L=8,t=2,nn=1",1,"{""n"": 24.0, ""L"": 8.0, ""t"": 2.0, ""nn"": 1.0}",sv,ok,1.794766,1.7999,272580608,2.619184691587907e-20,16777216,2.619184691587907e-20,0.0,,"{""n"": 24, ""gates"": 286, ""g2"": 92, ""g3"": 0, ""depth2"": 8, ""t_count"": 2, ""rotations"": 2, ""d"": 2, ""dense_l"": 2.585, ""redundant"": 0, ""obs_zero"": true, ""frame_l"": 8.1599, ""chi_bits"": 4, ""mps_l"": 16.4731, ""hsf_k"": 4, ""hsf_na"": 12, ""hsf_nb"": 12, ""hsf_l"": 27.0974, ""sup"": 24, ""chi_bits0"": 4, ""mps_l0"": 16.4731, ""hsf_keff"": 3, ""hsf_l0"": 28.0974, ""sparse_l"": 32.1599, ""sv_l"": 32.1599, ""feat_secs"": 0.009369, ""feat_secs_frame"": 0.000391, ""feat_secs_hsf"": 0.008862}"
ct,"ct:n=24,L=8,t=2,nn=1",1,"{""n"": 24.0, ""L"": 8.0, ""t"": 2.0, ""nn"": 1.0}",sparse,timeout,,10.0147,3361406976,,,2.619184691587907e-20,,timeout,"{""n"": 24, ""gates"": 286, ""g2"": 92, ""g3"": 0, ""depth2"": 8, ""t_count"": 2, ""rotations"": 2, ""d"": 2, ""dense_l"": 2.585, ""redundant"": 0, ""obs_zero"": true, ""frame_l"": 8.1599, ""chi_bits"": 4, ""mps_l"": 16.4731, ""hsf_k"": 4, ""hsf_na"": 12, ""hsf_nb"": 12, ""hsf_l"": 27.0974, ""sup"": 24, ""chi_bits0"": 4, ""mps_l0"": 16.4731, ""hsf_keff"": 3, ""hsf_l0"": 28.0974, ""sparse_l"": 32.1599, ""sv_l"": 32.1599, ""feat_secs"": 0.009369, ""feat_secs_frame"": 0.000391, ""feat_secs_hsf"": 0.008862}"
ct,"ct:n=24,L=8,t=2,nn=1",1,"{""n"": 24.0, ""L"": 8.0, ""t"": 2.0, ""nn"": 1.0}",mps,ok,0.00078,0.0080,2916352,4.327433581129775e-16,8,2.619184691587907e-20,4.3271716626606163e-16,,"{""n"": 24, ""gates"": 286, ""g2"": 92, ""g3"": 0, ""depth2"": 8, ""t_count"": 2, ""rotations"": 2, ""d"": 2, ""dense_l"": 2.585, ""redundant"": 0, ""obs_zero"": true, ""frame_l"": 8.1599, ""chi_bits"": 4, ""mps_l"": 16.4731, ""hsf_k"": 4, ""hsf_na"": 12, ""hsf_nb"": 12, ""hsf_l"": 27.0974, ""sup"": 24, ""chi_bits0"": 4, ""mps_l0"": 16.4731, ""hsf_keff"": 3, ""hsf_l0"": 28.0974, ""sparse_l"": 32.1599, ""sv_l"": 32.1599, ""feat_secs"": 0.009369, ""feat_secs_frame"": 0.000391, ""feat_secs_hsf"": 0.008862}"
ct,"ct:n=24,L=8,t=2,nn=1",1,"{""n"": 24.0, ""L"": 8.0, ""t"": 2.0, ""nn"": 1.0}",hsf,ok,0.108287,0.1123,273858560,6.496623591432276e-18,16,2.619184691587907e-20,6.470431744516397e-18,,"{""n"": 24, ""gates"": 286, ""g2"": 92, ""g3"": 0, ""depth2"": 8, ""t_count"": 2, ""rotations"": 2, ""d"": 2, ""dense_l"": 2.585, ""redundant"": 0, ""obs_zero"": true, ""frame_l"": 8.1599, ""chi_bits"": 4, ""mps_l"": 16.4731, ""hsf_k"": 4, ""hsf_na"": 12, ""hsf_nb"": 12, ""hsf_l"": 27.0974, ""sup"": 24, ""chi_bits0"": 4, ""mps_l0"": 16.4731, ""hsf_keff"": 3, ""hsf_l0"": 28.0974, ""sparse_l"": 32.1599, ""sv_l"": 32.1599, ""feat_secs"": 0.009369, ""feat_secs_frame"": 0.000391, ""feat_secs_hsf"": 0.008862}"
ct,"ct:n=24,L=8,t=2,nn=1",1,"{""n"": 24.0, ""L"": 8.0, ""t"": 2.0, ""nn"": 1.0}",tableau,na,,0.0046,1884160,,,2.619184691587907e-20,,"TooLarge { what: ""tableau (non-Clifford circuit)"", bytes: 0, limit: 0 }","{""n"": 24, ""gates"": 286, ""g2"": 92, ""g3"": 0, ""depth2"": 8, ""t_count"": 2, ""rotations"": 2, ""d"": 2, ""dense_l"": 2.585, ""redundant"": 0, ""obs_zero"": true, ""frame_l"": 8.1599, ""chi_bits"": 4, ""mps_l"": 16.4731, ""hsf_k"": 4, ""hsf_na"": 12, ""hsf_nb"": 12, ""hsf_l"": 27.0974, ""sup"": 24, ""chi_bits0"": 4, ""mps_l0"": 16.4731, ""hsf_keff"": 3, ""hsf_l0"": 28.0974, ""sparse_l"": 32.1599, ""sv_l"": 32.1599, ""feat_secs"": 0.009369, ""feat_secs_frame"": 0.000391, ""feat_secs_hsf"": 0.008862}"
ct,"ct:n=24,L=8,t=2,nn=1",1,"{""n"": 24.0, ""L"": 8.0, ""t"": 2.0, ""nn"": 1.0}",cstate,ok,0.00018,0.0076,2031616,0.0,2,2.619184691587907e-20,2.619184691587907e-20,,"{""n"": 24, ""gates"": 286, ""g2"": 92, ""g3"": 0, ""depth2"": 8, ""t_count"": 2, ""rotations"": 2, ""d"": 2, ""dense_l"": 2.585, ""redundant"": 0, ""obs_zero"": true, ""frame_l"": 8.1599, ""chi_bits"": 4, ""mps_l"": 16.4731, ""hsf_k"": 4, ""hsf_na"": 12, ""hsf_nb"": 12, ""hsf_l"": 27.0974, ""sup"": 24, ""chi_bits0"": 4, ""mps_l0"": 16.4731, ""hsf_keff"": 3, ""hsf_l0"": 28.0974, ""sparse_l"": 32.1599, ""sv_l"": 32.1599, ""feat_secs"": 0.009369, ""feat_secs_frame"": 0.000391, ""feat_secs_hsf"": 0.008862}"
ct,"ct:n=24,L=8,t=2,nn=1",1,"{""n"": 24.0, ""L"": 8.0, ""t"": 2.0, ""nn"": 1.0}",frame,ok,0.000327,0.0045,2473984,-0.0,0,2.619184691587907e-20,2.619184691587907e-20,switched_at=None dense_qubits=0 peak_terms=0 term_visits=0 dense_ops=0,"{""n"": 24, ""gates"": 286, ""g2"": 92, ""g3"": 0, ""depth2"": 8, ""t_count"": 2, ""rotations"": 2, ""d"": 2, ""dense_l"": 2.585, ""redundant"": 0, ""obs_zero"": true, ""frame_l"": 8.1599, ""chi_bits"": 4, ""mps_l"": 16.4731, ""hsf_k"": 4, ""hsf_na"": 12, ""hsf_nb"": 12, ""hsf_l"": 27.0974, ""sup"": 24, ""chi_bits0"": 4, ""mps_l0"": 16.4731, ""hsf_keff"": 3, ""hsf_l0"": 28.0974, ""sparse_l"": 32.1599, ""sv_l"": 32.1599, ""feat_secs"": 0.009369, ""feat_secs_frame"": 0.000391, ""feat_secs_hsf"": 0.008862}"
ct,"ct:n=24,L=8,t=2,nn=1",1,"{""n"": 24.0, ""L"": 8.0, ""t"": 2.0, ""nn"": 1.0}",dense,ok,0.000185,0.0046,2211840,0.0,2,2.619184691587907e-20,2.619184691587907e-20,switched_at=Some(2) dense_qubits=2 peak_terms=0 term_visits=0 dense_ops=6,"{""n"": 24, ""gates"": 286, ""g2"": 92, ""g3"": 0, ""depth2"": 8, ""t_count"": 2, ""rotations"": 2, ""d"": 2, ""dense_l"": 2.585, ""redundant"": 0, ""obs_zero"": true, ""frame_l"": 8.1599, ""chi_bits"": 4, ""mps_l"": 16.4731, ""hsf_k"": 4, ""hsf_na"": 12, ""hsf_nb"": 12, ""hsf_l"": 27.0974, ""sup"": 24, ""chi_bits0"": 4, ""mps_l0"": 16.4731, ""hsf_keff"": 3, ""hsf_l0"": 28.0974, ""sparse_l"": 32.1599, ""sv_l"": 32.1599, ""feat_secs"": 0.009369, ""feat_secs_frame"": 0.000391, ""feat_secs_hsf"": 0.008862}"
ct,"ct:n=24,L=8,t=2,nn=1",1,"{""n"": 24.0, ""L"": 8.0, ""t"": 2.0, ""nn"": 1.0}",auto,ok,0.000186,0.0070,2211840,0.0,2,2.619184691587907e-20,2.619184691587907e-20,switched_at=Some(2) dense_qubits=2 peak_terms=0 term_visits=0 dense_ops=6,"{""n"": 24, ""gates"": 286, ""g2"": 92, ""g3"": 0, ""depth2"": 8, ""t_count"": 2, ""rotations"": 2, ""d"": 2, ""dense_l"": 2.585, ""redundant"": 0, ""obs_zero"": true, ""frame_l"": 8.1599, ""chi_bits"": 4, ""mps_l"": 16.4731, ""hsf_k"": 4, ""hsf_na"": 12, ""hsf_nb"": 12, ""hsf_l"": 27.0974, ""sup"": 24, ""chi_bits0"": 4, ""mps_l0"": 16.4731, ""hsf_keff"": 3, ""hsf_l0"": 28.0974, ""sparse_l"": 32.1599, ""sv_l"": 32.1599, ""feat_secs"": 0.009369, ""feat_secs_frame"": 0.000391, ""feat_secs_hsf"": 0.008862}"
ct,"ct:n=24,L=8,t=4,nn=1",1,"{""n"": 24.0, ""L"": 8.0, ""t"": 4.0, ""nn"": 1.0}",sv,ok,1.82855,1.8326,272547840,2.064642808932357e-20,16777216,2.064642808932357e-20,0.0,,"{""n"": 24, ""gates"": 291, ""g2"": 92, ""g3"": 0, ""depth2"": 8, ""t_count"": 4, ""rotations"": 4, ""d"": 4, ""dense_l"": 4.9069, ""redundant"": 0, ""obs_zero"": true, ""frame_l"": 8.1849, ""chi_bits"": 4, ""mps_l"": 16.4715, ""hsf_k"": 4, ""hsf_na"": 12, ""hsf_nb"": 12, ""hsf_l"": 27.099, ""sup"": 24, ""chi_bits0"": 4, ""mps_l0"": 16.4715, ""hsf_keff"": 3, ""hsf_l0"": 28.099, ""sparse_l"": 32.1849, ""sv_l"": 32.1849, ""feat_secs"": 0.008015, ""feat_secs_frame"": 0.000365, ""feat_secs_hsf"": 0.007572}"
ct,"ct:n=24,L=8,t=4,nn=1",1,"{""n"": 24.0, ""L"": 8.0, ""t"": 4.0, ""nn"": 1.0}",sparse,timeout,,10.0123,3361816576,,,2.064642808932357e-20,,timeout,"{""n"": 24, ""gates"": 291, ""g2"": 92, ""g3"": 0, ""depth2"": 8, ""t_count"": 4, ""rotations"": 4, ""d"": 4, ""dense_l"": 4.9069, ""redundant"": 0, ""obs_zero"": true, ""frame_l"": 8.1849, ""chi_bits"": 4, ""mps_l"": 16.4715, ""hsf_k"": 4, ""hsf_na"": 12, ""hsf_nb"": 12, ""hsf_l"": 27.099, ""sup"": 24, ""chi_bits0"": 4, ""mps_l0"": 16.4715, ""hsf_keff"": 3, ""hsf_l0"": 28.099, ""sparse_l"": 32.1849, ""sv_l"": 32.1849, ""feat_secs"": 0.008015, ""feat_secs_frame"": 0.000365, ""feat_secs_hsf"": 0.007572}"
ct,"ct:n=24,L=8,t=4,nn=1",1,"{""n"": 24.0, ""L"": 8.0, ""t"": 4.0, ""nn"": 1.0}",mps,ok,0.000804,0.0074,2867200,-1.269458848317353e-16,8,2.064642808932357e-20,1.2696653125982463e-16,,"{""n"": 24, ""gates"": 291, ""g2"": 92, ""g3"": 0, ""depth2"": 8, ""t_count"": 4, ""rotations"": 4, ""d"": 4, ""dense_l"": 4.9069, ""redundant"": 0, ""obs_zero"": true, ""frame_l"": 8.1849, ""chi_bits"": 4, ""mps_l"": 16.4715, ""hsf_k"": 4, ""hsf_na"": 12, ""hsf_nb"": 12, ""hsf_l"": 27.099, ""sup"": 24, ""chi_bits0"": 4, ""mps_l0"": 16.4715, ""hsf_keff"": 3, ""hsf_l0"": 28.099, ""sparse_l"": 32.1849, ""sv_l"": 32.1849, ""feat_secs"": 0.008015, ""feat_secs_frame"": 0.000365, ""feat_secs_hsf"": 0.007572}"
ct,"ct:n=24,L=8,t=4,nn=1",1,"{""n"": 24.0, ""L"": 8.0, ""t"": 4.0, ""nn"": 1.0}",hsf,ok,0.104655,0.1099,273809408,1.774931071191785e-18,16,2.064642808932357e-20,1.7542846431024615e-18,,"{""n"": 24, ""gates"": 291, ""g2"": 92, ""g3"": 0, ""depth2"": 8, ""t_count"": 4, ""rotations"": 4, ""d"": 4, ""dense_l"": 4.9069, ""redundant"": 0, ""obs_zero"": true, ""frame_l"": 8.1849, ""chi_bits"": 4, ""mps_l"": 16.4715, ""hsf_k"": 4, ""hsf_na"": 12, ""hsf_nb"": 12, ""hsf_l"": 27.099, ""sup"": 24, ""chi_bits0"": 4, ""mps_l0"": 16.4715, ""hsf_keff"": 3, ""hsf_l0"": 28.099, ""sparse_l"": 32.1849, ""sv_l"": 32.1849, ""feat_secs"": 0.008015, ""feat_secs_frame"": 0.000365, ""feat_secs_hsf"": 0.007572}"
ct,"ct:n=24,L=8,t=4,nn=1",1,"{""n"": 24.0, ""L"": 8.0, ""t"": 4.0, ""nn"": 1.0}",tableau,na,,0.0044,1884160,,,2.064642808932357e-20,,"TooLarge { what: ""tableau (non-Clifford circuit)"", bytes: 0, limit: 0 }","{""n"": 24, ""gates"": 291, ""g2"": 92, ""g3"": 0, ""depth2"": 8, ""t_count"": 4, ""rotations"": 4, ""d"": 4, ""dense_l"": 4.9069, ""redundant"": 0, ""obs_zero"": true, ""frame_l"": 8.1849, ""chi_bits"": 4, ""mps_l"": 16.4715, ""hsf_k"": 4, ""hsf_na"": 12, ""hsf_nb"": 12, ""hsf_l"": 27.099, ""sup"": 24, ""chi_bits0"": 4, ""mps_l0"": 16.4715, ""hsf_keff"": 3, ""hsf_l0"": 28.099, ""sparse_l"": 32.1849, ""sv_l"": 32.1849, ""feat_secs"": 0.008015, ""feat_secs_frame"": 0.000365, ""feat_secs_hsf"": 0.007572}"
ct,"ct:n=24,L=8,t=4,nn=1",1,"{""n"": 24.0, ""L"": 8.0, ""t"": 4.0, ""nn"": 1.0}",cstate,ok,0.000173,0.0045,2031616,0.0,4,2.064642808932357e-20,2.064642808932357e-20,,"{""n"": 24, ""gates"": 291, ""g2"": 92, ""g3"": 0, ""depth2"": 8, ""t_count"": 4, ""rotations"": 4, ""d"": 4, ""dense_l"": 4.9069, ""redundant"": 0, ""obs_zero"": true, ""frame_l"": 8.1849, ""chi_bits"": 4, ""mps_l"": 16.4715, ""hsf_k"": 4, ""hsf_na"": 12, ""hsf_nb"": 12, ""hsf_l"": 27.099, ""sup"": 24, ""chi_bits0"": 4, ""mps_l0"": 16.4715, ""hsf_keff"": 3, ""hsf_l0"": 28.099, ""sparse_l"": 32.1849, ""sv_l"": 32.1849, ""feat_secs"": 0.008015, ""feat_secs_frame"": 0.000365, ""feat_secs_hsf"": 0.007572}"
ct,"ct:n=24,L=8,t=4,nn=1",1,"{""n"": 24.0, ""L"": 8.0, ""t"": 4.0, ""nn"": 1.0}",frame,ok,0.000343,0.0036,2490368,-0.0,0,2.064642808932357e-20,2.064642808932357e-20,switched_at=None dense_qubits=0 peak_terms=0 term_visits=0 dense_ops=0,"{""n"": 24, ""gates"": 291, ""g2"": 92, ""g3"": 0, ""depth2"": 8, ""t_count"": 4, ""rotations"": 4, ""d"": 4, ""dense_l"": 4.9069, ""redundant"": 0, ""obs_zero"": true, ""frame_l"": 8.1849, ""chi_bits"": 4, ""mps_l"": 16.4715, ""hsf_k"": 4, ""hsf_na"": 12, ""hsf_nb"": 12, ""hsf_l"": 27.099, ""sup"": 24, ""chi_bits0"": 4, ""mps_l0"": 16.4715, ""hsf_keff"": 3, ""hsf_l0"": 28.099, ""sparse_l"": 32.1849, ""sv_l"": 32.1849, ""feat_secs"": 0.008015, ""feat_secs_frame"": 0.000365, ""feat_secs_hsf"": 0.007572}"
ct,"ct:n=24,L=8,t=4,nn=1",1,"{""n"": 24.0, ""L"": 8.0, ""t"": 4.0, ""nn"": 1.0}",dense,ok,0.000197,0.0042,2228224,0.0,4,2.064642808932357e-20,2.064642808932357e-20,switched_at=Some(4) dense_qubits=4 peak_terms=0 term_visits=0 dense_ops=30,"{""n"": 24, ""gates"": 291, ""g2"": 92, ""g3"": 0, ""depth2"": 8, ""t_count"": 4, ""rotations"": 4, ""d"": 4, ""dense_l"": 4.9069, ""redundant"": 0, ""obs_zero"": true, ""frame_l"": 8.1849, ""chi_bits"": 4, ""mps_l"": 16.4715, ""hsf_k"": 4, ""hsf_na"": 12, ""hsf_nb"": 12, ""hsf_l"": 27.099, ""sup"": 24, ""chi_bits0"": 4, ""mps_l0"": 16.4715, ""hsf_keff"": 3, ""hsf_l0"": 28.099, ""sparse_l"": 32.1849, ""sv_l"": 32.1849, ""feat_secs"": 0.008015, ""feat_secs_frame"": 0.000365, ""feat_secs_hsf"": 0.007572}"
ct,"ct:n=24,L=8,t=4,nn=1",1,"{""n"": 24.0, ""L"": 8.0, ""t"": 4.0, ""nn"": 1.0}",auto,ok,0.000177,0.0036,2211840,0.0,4,2.064642808932357e-20,2.064642808932357e-20,switched_at=Some(4) dense_qubits=4 peak_terms=0 term_visits=0 dense_ops=30,"{""n"": 24, ""gates"": 291, ""g2"": 92, ""g3"": 0, ""depth2"": 8, ""t_count"": 4, ""rotations"": 4, ""d"": 4, ""dense_l"": 4.9069, ""redundant"": 0, ""obs_zero"": true, ""frame_l"": 8.1849, ""chi_bits"": 4, ""mps_l"": 16.4715, ""hsf_k"": 4, ""hsf_na"": 12, ""hsf_nb"": 12, ""hsf_l"": 27.099, ""sup"": 24, ""chi_bits0"": 4, ""mps_l0"": 16.4715, ""hsf_keff"": 3, ""hsf_l0"": 28.099, ""sparse_l"": 32.1849, ""sv_l"": 32.1849, ""feat_secs"": 0.008015, ""feat_secs_frame"": 0.000365, ""feat_secs_hsf"": 0.007572}"
ct,"ct:n=24,L=8,t=8,nn=1",1,"{""n"": 24.0, ""L"": 8.0, ""t"": 8.0, ""nn"": 1.0}",sv,ok,1.770687,1.7772,272547840,-1.038274508356618e-15,16777216,-1.038274508356618e-15,0.0,,"{""n"": 24, ""gates"": 296, ""g2"": 92, ""g3"": 0, ""depth2"": 8, ""t_count"": 8, ""rotations"": 8, ""d"": 7, ""dense_l"": 7.9944, ""redundant"": 1, ""obs_zero"": true, ""frame_l"": 8.2095, ""chi_bits"": 4, ""mps_l"": 16.4688, ""hsf_k"": 4, ""hsf_na"": 12, ""hsf_nb"": 12, ""hsf_l"": 28.1007, ""sup"": 24, ""chi_bits0"": 4, ""mps_l0"": 16.4688, ""hsf_keff"": 4, ""hsf_l0"": 28.1007, ""sparse_l"": 32.2095, ""sv_l"": 32.2095, ""feat_secs"": 0.006964, ""feat_secs_frame"": 0.000353, ""feat_secs_hsf"": 0.006533}"
ct,"ct:n=24,L=8,t=8,nn=1",1,"{""n"": 24.0, ""L"": 8.0, ""t"": 8.0, ""nn"": 1.0}",sparse,timeout,,10.0164,1684078592,,,-1.038274508356618e-15,,timeout,"{""n"": 24, ""gates"": 296, ""g2"": 92, ""g3"": 0, ""depth2"": 8, ""t_count"": 8, ""rotations"": 8, ""d"": 7, ""dense_l"": 7.9944, ""redundant"": 1, ""obs_zero"": true, ""frame_l"": 8.2095, ""chi_bits"": 4, ""mps_l"": 16.4688, ""hsf_k"": 4, ""hsf_na"": 12, ""hsf_nb"": 12, ""hsf_l"": 28.1007, ""sup"": 24, ""chi_bits0"": 4, ""mps_l0"": 16.4688, ""hsf_keff"": 4, ""hsf_l0"": 28.1007, ""sparse_l"": 32.2095, ""sv_l"": 32.2095, ""feat_secs"": 0.006964, ""feat_secs_frame"": 0.000353, ""feat_secs_hsf"": 0.006533}"
ct,"ct:n=24,L=8,t=8,nn=1",1,"{""n"": 24.0, ""L"": 8.0, ""t"": 8.0, ""nn"": 1.0}",mps,ok,0.000841,0.0073,2850816,-8.453882928582988e-16,8,-1.038274508356618e-15,1.9288621549831915e-16,,"{""n"": 24, ""gates"": 296, ""g2"": 92, ""g3"": 0, ""depth2"": 8, ""t_count"": 8, ""rotations"": 8, ""d"": 7, ""dense_l"": 7.9944, ""redundant"": 1, ""obs_zero"": true, ""frame_l"": 8.2095, ""chi_bits"": 4, ""mps_l"": 16.4688, ""hsf_k"": 4, ""hsf_na"": 12, ""hsf_nb"": 12, ""hsf_l"": 28.1007, ""sup"": 24, ""chi_bits0"": 4, ""mps_l0"": 16.4688, ""hsf_keff"": 4, ""hsf_l0"": 28.1007, ""sparse_l"": 32.2095, ""sv_l"": 32.2095, ""feat_secs"": 0.006964, ""feat_secs_frame"": 0.000353, ""feat_secs_hsf"": 0.006533}"
ct,"ct:n=24,L=8,t=8,nn=1",1,"{""n"": 24.0, ""L"": 8.0, ""t"": 8.0, ""nn"": 1.0}",hsf,ok,0.12705,0.1309,274710528,-1.178693712947776e-15,16,-1.038274508356618e-15,1.40419204591158e-16,,"{""n"": 24, ""gates"": 296, ""g2"": 92, ""g3"": 0, ""depth2"": 8, ""t_count"": 8, ""rotations"": 8, ""d"": 7, ""dense_l"": 7.9944, ""redundant"": 1, ""obs_zero"": true, ""frame_l"": 8.2095, ""chi_bits"": 4, ""mps_l"": 16.4688, ""hsf_k"": 4, ""hsf_na"": 12, ""hsf_nb"": 12, ""hsf_l"": 28.1007, ""sup"": 24, ""chi_bits0"": 4, ""mps_l0"": 16.4688, ""hsf_keff"": 4, ""hsf_l0"": 28.1007, ""sparse_l"": 32.2095, ""sv_l"": 32.2095, ""feat_secs"": 0.006964, ""feat_secs_frame"": 0.000353, ""feat_secs_hsf"": 0.006533}"
ct,"ct:n=24,L=8,t=8,nn=1",1,"{""n"": 24.0, ""L"": 8.0, ""t"": 8.0, ""nn"": 1.0}",tableau,na,,0.0044,1900544,,,-1.038274508356618e-15,,"TooLarge { what: ""tableau (non-Clifford circuit)"", bytes: 0, limit: 0 }","{""n"": 24, ""gates"": 296, ""g2"": 92, ""g3"": 0, ""depth2"": 8, ""t_count"": 8, ""rotations"": 8, ""d"": 7, ""dense_l"": 7.9944, ""redundant"": 1, ""obs_zero"": true, ""frame_l"": 8.2095, ""chi_bits"": 4, ""mps_l"": 16.4688, ""hsf_k"": 4, ""hsf_na"": 12, ""hsf_nb"": 12, ""hsf_l"": 28.1007, ""sup"": 24, ""chi_bits0"": 4, ""mps_l0"": 16.4688, ""hsf_keff"": 4, ""hsf_l0"": 28.1007, ""sparse_l"": 32.2095, ""sv_l"": 32.2095, ""feat_secs"": 0.006964, ""feat_secs_frame"": 0.000353, ""feat_secs_hsf"": 0.006533}"
ct,"ct:n=24,L=8,t=8,nn=1",1,"{""n"": 24.0, ""L"": 8.0, ""t"": 8.0, ""nn"": 1.0}",cstate,ok,0.000215,0.0042,2064384,0.0,7,-1.038274508356618e-15,1.038274508356618e-15,,"{""n"": 24, ""gates"": 296, ""g2"": 92, ""g3"": 0, ""depth2"": 8, ""t_count"": 8, ""rotations"": 8, ""d"": 7, ""dense_l"": 7.9944, ""redundant"": 1, ""obs_zero"": true, ""frame_l"": 8.2095, ""chi_bits"": 4, ""mps_l"": 16.4688, ""hsf_k"": 4, ""hsf_na"": 12, ""hsf_nb"": 12, ""hsf_l"": 28.1007, ""sup"": 24, ""chi_bits0"": 4, ""mps_l0"": 16.4688, ""hsf_keff"": 4, ""hsf_l0"": 28.1007, ""sparse_l"": 32.2095, ""sv_l"": 32.2095, ""feat_secs"": 0.006964, ""feat_secs_frame"": 0.000353, ""feat_secs_hsf"": 0.006533}"
ct,"ct:n=24,L=8,t=8,nn=1",1,"{""n"": 24.0, ""L"": 8.0, ""t"": 8.0, ""nn"": 1.0}",frame,ok,0.000314,0.0042,2490368,-0.0,0,-1.038274508356618e-15,1.038274508356618e-15,switched_at=None dense_qubits=0 peak_terms=0 term_visits=0 dense_ops=0,"{""n"": 24, ""gates"": 296, ""g2"": 92, ""g3"": 0, ""depth2"": 8, ""t_count"": 8, ""rotations"": 8, ""d"": 7, ""dense_l"": 7.9944, ""redundant"": 1, ""obs_zero"": true, ""frame_l"": 8.2095, ""chi_bits"": 4, ""mps_l"": 16.4688, ""hsf_k"": 4, ""hsf_na"": 12, ""hsf_nb"": 12, ""hsf_l"": 28.1007, ""sup"": 24, ""chi_bits0"": 4, ""mps_l0"": 16.4688, ""hsf_keff"": 4, ""hsf_l0"": 28.1007, ""sparse_l"": 32.2095, ""sv_l"": 32.2095, ""feat_secs"": 0.006964, ""feat_secs_frame"": 0.000353, ""feat_secs_hsf"": 0.006533}"
ct,"ct:n=24,L=8,t=8,nn=1",1,"{""n"": 24.0, ""L"": 8.0, ""t"": 8.0, ""nn"": 1.0}",dense,ok,0.000182,0.0043,2228224,0.0,7,-1.038274508356618e-15,1.038274508356618e-15,switched_at=Some(8) dense_qubits=7 peak_terms=0 term_visits=0 dense_ops=255,"{""n"": 24, ""gates"": 296, ""g2"": 92, ""g3"": 0, ""depth2"": 8, ""t_count"": 8, ""rotations"": 8, ""d"": 7, ""dense_l"": 7.9944, ""redundant"": 1, ""obs_zero"": true, ""frame_l"": 8.2095, ""chi_bits"": 4, ""mps_l"": 16.4688, ""hsf_k"": 4, ""hsf_na"": 12, ""hsf_nb"": 12, ""hsf_l"": 28.1007, ""sup"": 24, ""chi_bits0"": 4, ""mps_l0"": 16.4688, ""hsf_keff"": 4, ""hsf_l0"": 28.1007, ""sparse_l"": 32.2095, ""sv_l"": 32.2095, ""feat_secs"": 0.006964, ""feat_secs_frame"": 0.000353, ""feat_secs_hsf"": 0.006533}"
ct,"ct:n=24,L=8,t=8,nn=1",1,"{""n"": 24.0, ""L"": 8.0, ""t"": 8.0, ""nn"": 1.0}",auto,ok,0.000296,0.0043,2506752,-0.0,0,-1.038274508356618e-15,1.038274508356618e-15,switched_at=None dense_qubits=0 peak_terms=0 term_visits=0 dense_ops=0,"{""n"": 24, ""gates"": 296, ""g2"": 92, ""g3"": 0, ""depth2"": 8, ""t_count"": 8, ""rotations"": 8, ""d"": 7, ""dense_l"": 7.9944, ""redundant"": 1, ""obs_zero"": true, ""frame_l"": 8.2095, ""chi_bits"": 4, ""mps_l"": 16.4688, ""hsf_k"": 4, ""hsf_na"": 12, ""hsf_nb"": 12, ""hsf_l"": 28.1007, ""sup"": 24, ""chi_bits0"": 4, ""mps_l0"": 16.4688, ""hsf_keff"": 4, ""hsf_l0"": 28.1007, ""sparse_l"": 32.2095, ""sv_l"": 32.2095, ""feat_secs"": 0.006964, ""feat_secs_frame"": 0.000353, ""feat_secs_hsf"": 0.006533}"
ct,"ct:n=24,L=8,t=12,nn=1",1,"{""n"": 24.0, ""L"": 8.0, ""t"": 12.0, ""nn"": 1.0}",sv,ok,1.801748,1.8078,272613376,1.241390311672221e-17,16777216,1.241390311672221e-17,0.0,,"{""n"": 24, ""gates"": 303, ""g2"": 92, ""g3"": 0, ""depth2"": 8, ""t_count"": 12, ""rotations"": 12, ""d"": 10, ""dense_l"": 11.0, ""redundant"": 2, ""obs_zero"": true, ""frame_l"": 8.2432, ""chi_bits"": 4, ""mps_l"": 16.4743, ""hsf_k"": 4, ""hsf_na"": 12, ""hsf_nb"": 12, ""hsf_l"": 28.103, ""sup"": 24, ""chi_bits0"": 4, ""mps_l0"": 16.4743, ""hsf_keff"": 4, ""hsf_l0"": 28.103, ""sparse_l"": 32.2432, ""sv_l"": 32.2432, ""feat_secs"": 0.005839, ""feat_secs_frame"": 0.000337, ""feat_secs_hsf"": 0.005422}"
ct,"ct:n=24,L=8,t=12,nn=1",1,"{""n"": 24.0, ""L"": 8.0, ""t"": 12.0, ""nn"": 1.0}",sparse,timeout,,10.0029,1263403008,,,1.241390311672221e-17,,timeout,"{""n"": 24, ""gates"": 303, ""g2"": 92, ""g3"": 0, ""depth2"": 8, ""t_count"": 12, ""rotations"": 12, ""d"": 10, ""dense_l"": 11.0, ""redundant"": 2, ""obs_zero"": true, ""frame_l"": 8.2432, ""chi_bits"": 4, ""mps_l"": 16.4743, ""hsf_k"": 4, ""hsf_na"": 12, ""hsf_nb"": 12, ""hsf_l"": 28.103, ""sup"": 24, ""chi_bits0"": 4, ""mps_l0"": 16.4743, ""hsf_keff"": 4, ""hsf_l0"": 28.103, ""sparse_l"": 32.2432, ""sv_l"": 32.2432, ""feat_secs"": 0.005839, ""feat_secs_frame"": 0.000337, ""feat_secs_hsf"": 0.005422}"
ct,"ct:n=24,L=8,t=12,nn=1",1,"{""n"": 24.0, ""L"": 8.0, ""t"": 12.0, ""nn"": 1.0}",mps,ok,0.000707,0.0072,2834432,-3.608632156086891e-16,8,1.241390311672221e-17,3.732771187254113e-16,,"{""n"": 24, ""gates"": 303, ""g2"": 92, ""g3"": 0, ""depth2"": 8, ""t_count"": 12, ""rotations"": 12, ""d"": 10, ""dense_l"": 11.0, ""redundant"": 2, ""obs_zero"": true, ""frame_l"": 8.2432, ""chi_bits"": 4, ""mps_l"": 16.4743, ""hsf_k"": 4, ""hsf_na"": 12, ""hsf_nb"": 12, ""hsf_l"": 28.103, ""sup"": 24, ""chi_bits0"": 4, ""mps_l0"": 16.4743, ""hsf_keff"": 4, ""hsf_l0"": 28.103, ""sparse_l"": 32.2432, ""sv_l"": 32.2432, ""feat_secs"": 0.005839, ""feat_secs_frame"": 0.000337, ""feat_secs_hsf"": 0.005422}"
ct,"ct:n=24,L=8,t=12,nn=1",1,"{""n"": 24.0, ""L"": 8.0, ""t"": 12.0, ""nn"": 1.0}",hsf,ok,0.132308,0.1389,274694144,-4.919143841179349e-18,16,1.241390311672221e-17,1.733304695790156e-17,,"{""n"": 24, ""gates"": 303, ""g2"": 92, ""g3"": 0, ""depth2"": 8, ""t_count"": 12, ""rotations"": 12, ""d"": 10, ""dense_l"": 11.0, ""redundant"": 2, ""obs_zero"": true, ""frame_l"": 8.2432, ""chi_bits"": 4, ""mps_l"": 16.4743, ""hsf_k"": 4, ""hsf_na"": 12, ""hsf_nb"": 12, ""hsf_l"": 28.103, ""sup"": 24, ""chi_bits0"": 4, ""mps_l0"": 16.4743, ""hsf_keff"": 4, ""hsf_l0"": 28.103, ""sparse_l"": 32.2432, ""sv_l"": 32.2432, ""feat_secs"": 0.005839, ""feat_secs_frame"": 0.000337, ""feat_secs_hsf"": 0.005422}"
ct,"ct:n=24,L=8,t=12,nn=1",1,"{""n"": 24.0, ""L"": 8.0, ""t"": 12.0, ""nn"": 1.0}",tableau,na,,0.0071,1900544,,,1.241390311672221e-17,,"TooLarge { what: ""tableau (non-Clifford circuit)"", bytes: 0, limit: 0 }","{""n"": 24, ""gates"": 303, ""g2"": 92, ""g3"": 0, ""depth2"": 8, ""t_count"": 12, ""rotations"": 12, ""d"": 10, ""dense_l"": 11.0, ""redundant"": 2, ""obs_zero"": true, ""frame_l"": 8.2432, ""chi_bits"": 4, ""mps_l"": 16.4743, ""hsf_k"": 4, ""hsf_na"": 12, ""hsf_nb"": 12, ""hsf_l"": 28.103, ""sup"": 24, ""chi_bits0"": 4, ""mps_l0"": 16.4743, ""hsf_keff"": 4, ""hsf_l0"": 28.103, ""sparse_l"": 32.2432, ""sv_l"": 32.2432, ""feat_secs"": 0.005839, ""feat_secs_frame"": 0.000337, ""feat_secs_hsf"": 0.005422}"
ct,"ct:n=24,L=8,t=12,nn=1",1,"{""n"": 24.0, ""L"": 8.0, ""t"": 12.0, ""nn"": 1.0}",cstate,ok,0.000181,0.0043,2064384,0.0,10,1.241390311672221e-17,1.241390311672221e-17,,"{""n"": 24, ""gates"": 303, ""g2"": 92, ""g3"": 0, ""depth2"": 8, ""t_count"": 12, ""rotations"": 12, ""d"": 10, ""dense_l"": 11.0, ""redundant"": 2, ""obs_zero"": true, ""frame_l"": 8.2432, ""chi_bits"": 4, ""mps_l"": 16.4743, ""hsf_k"": 4, ""hsf_na"": 12, ""hsf_nb"": 12, ""hsf_l"": 28.103, ""sup"": 24, ""chi_bits0"": 4, ""mps_l0"": 16.4743, ""hsf_keff"": 4, ""hsf_l0"": 28.103, ""sparse_l"": 32.2432, ""sv_l"": 32.2432, ""feat_secs"": 0.005839, ""feat_secs_frame"": 0.000337, ""feat_secs_hsf"": 0.005422}"
ct,"ct:n=24,L=8,t=12,nn=1",1,"{""n"": 24.0, ""L"": 8.0, ""t"": 12.0, ""nn"": 1.0}",frame,ok,0.000333,0.0059,2490368,-0.0,0,1.241390311672221e-17,1.241390311672221e-17,switched_at=None dense_qubits=0 peak_terms=0 term_visits=0 dense_ops=0,"{""n"": 24, ""gates"": 303, ""g2"": 92, ""g3"": 0, ""depth2"": 8, ""t_count"": 12, ""rotations"": 12, ""d"": 10, ""dense_l"": 11.0, ""redundant"": 2, ""obs_zero"": true, ""frame_l"": 8.2432, ""chi_bits"": 4, ""mps_l"": 16.4743, ""hsf_k"": 4, ""hsf_na"": 12, ""hsf_nb"": 12, ""hsf_l"": 28.103, ""sup"": 24, ""chi_bits0"": 4, ""mps_l0"": 16.4743, ""hsf_keff"": 4, ""hsf_l0"": 28.103, ""sparse_l"": 32.2432, ""sv_l"": 32.2432, ""feat_secs"": 0.005839, ""feat_secs_frame"": 0.000337, ""feat_secs_hsf"": 0.005422}"
ct,"ct:n=24,L=8,t=12,nn=1",1,"{""n"": 24.0, ""L"": 8.0, ""t"": 12.0, ""nn"": 1.0}",dense,ok,0.000188,0.0041,2244608,0.0,10,1.241390311672221e-17,1.241390311672221e-17,switched_at=Some(12) dense_qubits=10 peak_terms=0 term_visits=0 dense_ops=2048,"{""n"": 24, ""gates"": 303, ""g2"": 92, ""g3"": 0, ""depth2"": 8, ""t_count"": 12, ""rotations"": 12, ""d"": 10, ""dense_l"": 11.0, ""redundant"": 2, ""obs_zero"": true, ""frame_l"": 8.2432, ""chi_bits"": 4, ""mps_l"": 16.4743, ""hsf_k"": 4, ""hsf_na"": 12, ""hsf_nb"": 12, ""hsf_l"": 28.103, ""sup"": 24, ""chi_bits0"": 4, ""mps_l0"": 16.4743, ""hsf_keff"": 4, ""hsf_l0"": 28.103, ""sparse_l"": 32.2432, ""sv_l"": 32.2432, ""feat_secs"": 0.005839, ""feat_secs_frame"": 0.000337, ""feat_secs_hsf"": 0.005422}"
ct,"ct:n=24,L=8,t=12,nn=1",1,"{""n"": 24.0, ""L"": 8.0, ""t"": 12.0, ""nn"": 1.0}",auto,ok,0.000298,0.0046,2490368,-0.0,0,1.241390311672221e-17,1.241390311672221e-17,switched_at=None dense_qubits=0 peak_terms=0 term_visits=0 dense_ops=0,"{""n"": 24, ""gates"": 303, ""g2"": 92, ""g3"": 0, ""depth2"": 8, ""t_count"": 12, ""rotations"": 12, ""d"": 10, ""dense_l"": 11.0, ""redundant"": 2, ""obs_zero"": true, ""frame_l"": 8.2432, ""chi_bits"": 4, ""mps_l"": 16.4743, ""hsf_k"": 4, ""hsf_na"": 12, ""hsf_nb"": 12, ""hsf_l"": 28.103, ""sup"": 24, ""chi_bits0"": 4, ""mps_l0"": 16.4743, ""hsf_keff"": 4, ""hsf_l0"": 28.103, ""sparse_l"": 32.2432, ""sv_l"": 32.2432, ""feat_secs"": 0.005839, ""feat_secs_frame"": 0.000337, ""feat_secs_hsf"": 0.005422}"
ct,"ct:n=24,L=8,t=16,nn=1",1,"{""n"": 24.0, ""L"": 8.0, ""t"": 16.0, ""nn"": 1.0}",sv,ok,1.84959,1.8553,272580608,-3.93266941847229e-17,16777216,-3.93266941847229e-17,0.0,,"{""n"": 24, ""gates"": 303, ""g2"": 92, ""g3"": 0, ""depth2"": 8, ""t_count"": 16, ""rotations"": 16, ""d"": 12, ""dense_l"": 13.4633, ""redundant"": 4, ""obs_zero"": true, ""frame_l"": 8.2432, ""chi_bits"": 4, ""mps_l"": 16.474, ""hsf_k"": 4, ""hsf_na"": 12, ""hsf_nb"": 12, ""hsf_l"": 27.103, ""sup"": 24, ""chi_bits0"": 4, ""mps_l0"": 16.474, ""hsf_keff"": 3, ""hsf_l0"": 28.103, ""sparse_l"": 32.2432, ""sv_l"": 32.2432, ""feat_secs"": 0.006012, ""feat_secs_frame"": 0.000384, ""feat_secs_hsf"": 0.005547}"
ct,"ct:n=24,L=8,t=16,nn=1",1,"{""n"": 24.0, ""L"": 8.0, ""t"": 16.0, ""nn"": 1.0}",sparse,timeout,,10.0447,3361636352,,,-3.93266941847229e-17,,timeout,"{""n"": 24, ""gates"": 303, ""g2"": 92, ""g3"": 0, ""depth2"": 8, ""t_count"": 16, ""rotations"": 16, ""d"": 12, ""dense_l"": 13.4633, ""redundant"": 4, ""obs_zero"": true, ""frame_l"": 8.2432, ""chi_bits"": 4, ""mps_l"": 16.474, ""hsf_k"": 4, ""hsf_na"": 12, ""hsf_nb"": 12, ""hsf_l"": 27.103, ""sup"": 24, ""chi_bits0"": 4, ""mps_l0"": 16.474, ""hsf_keff"": 3, ""hsf_l0"": 28.103, ""sparse_l"": 32.2432, ""sv_l"": 32.2432, ""feat_secs"": 0.006012, ""feat_secs_frame"": 0.000384, ""feat_secs_hsf"": 0.005547}"
ct,"ct:n=24,L=8,t=16,nn=1",1,"{""n"": 24.0, ""L"": 8.0, ""t"": 16.0, ""nn"": 1.0}",mps,ok,0.000725,0.0081,2768896,1.168185285281551e-30,8,-3.93266941847229e-17,3.932669418472407e-17,,"{""n"": 24, ""gates"": 303, ""g2"": 92, ""g3"": 0, ""depth2"": 8, ""t_count"": 16, ""rotations"": 16, ""d"": 12, ""dense_l"": 13.4633, ""redundant"": 4, ""obs_zero"": true, ""frame_l"": 8.2432, ""chi_bits"": 4, ""mps_l"": 16.474, ""hsf_k"": 4, ""hsf_na"": 12, ""hsf_nb"": 12, ""hsf_l"": 27.103, ""sup"": 24, ""chi_bits0"": 4, ""mps_l0"": 16.474, ""hsf_keff"": 3, ""hsf_l0"": 28.103, ""sparse_l"": 32.2432, ""sv_l"": 32.2432, ""feat_secs"": 0.006012, ""feat_secs_frame"": 0.000384, ""feat_secs_hsf"": 0.005547}"
ct,"ct:n=24,L=8,t=16,nn=1",1,"{""n"": 24.0, ""L"": 8.0, ""t"": 16.0, ""nn"": 1.0}",hsf,ok,0.106604,0.1133,273711104,-2.712288170869935e-17,16,-3.93266941847229e-17,1.2203812476023547e-17,,"{""n"": 24, ""gates"": 303, ""g2"": 92, ""g3"": 0, ""depth2"": 8, ""t_count"": 16, ""rotations"": 16, ""d"": 12, ""dense_l"": 13.4633, ""redundant"": 4, ""obs_zero"": true, ""frame_l"": 8.2432, ""chi_bits"": 4, ""mps_l"": 16.474, ""hsf_k"": 4, ""hsf_na"": 12, ""hsf_nb"": 12, ""hsf_l"": 27.103, ""sup"": 24, ""chi_bits0"": 4, ""mps_l0"": 16.474, ""hsf_keff"": 3, ""hsf_l0"": 28.103, ""sparse_l"": 32.2432, ""sv_l"": 32.2432, ""feat_secs"": 0.006012, ""feat_secs_frame"": 0.000384, ""feat_secs_hsf"": 0.005547}"
ct,"ct:n=24,L=8,t=16,nn=1",1,"{""n"": 24.0, ""L"": 8.0, ""t"": 16.0, ""nn"": 1.0}",tableau,na,,0.0048,1900544,,,-3.93266941847229e-17,,"TooLarge { what: ""tableau (non-Clifford circuit)"", bytes: 0, limit: 0 }","{""n"": 24, ""gates"": 303, ""g2"": 92, ""g3"": 0, ""depth2"": 8, ""t_count"": 16, ""rotations"": 16, ""d"": 12, ""dense_l"": 13.4633, ""redundant"": 4, ""obs_zero"": true, ""frame_l"": 8.2432, ""chi_bits"": 4, ""mps_l"": 16.474, ""hsf_k"": 4, ""hsf_na"": 12, ""hsf_nb"": 12, ""hsf_l"": 27.103, ""sup"": 24, ""chi_bits0"": 4, ""mps_l0"": 16.474, ""hsf_keff"": 3, ""hsf_l0"": 28.103, ""sparse_l"": 32.2432, ""sv_l"": 32.2432, ""feat_secs"": 0.006012, ""feat_secs_frame"": 0.000384, ""feat_secs_hsf"": 0.005547}"
ct,"ct:n=24,L=8,t=16,nn=1",1,"{""n"": 24.0, ""L"": 8.0, ""t"": 16.0, ""nn"": 1.0}",cstate,ok,0.000244,0.0063,2129920,0.0,12,-3.93266941847229e-17,3.93266941847229e-17,,"{""n"": 24, ""gates"": 303, ""g2"": 92, ""g3"": 0, ""depth2"": 8, ""t_count"": 16, ""rotations"": 16, ""d"": 12, ""dense_l"": 13.4633, ""redundant"": 4, ""obs_zero"": true, ""frame_l"": 8.2432, ""chi_bits"": 4, ""mps_l"": 16.474, ""hsf_k"": 4, ""hsf_na"": 12, ""hsf_nb"": 12, ""hsf_l"": 27.103, ""sup"": 24, ""chi_bits0"": 4, ""mps_l0"": 16.474, ""hsf_keff"": 3, ""hsf_l0"": 28.103, ""sparse_l"": 32.2432, ""sv_l"": 32.2432, ""feat_secs"": 0.006012, ""feat_secs_frame"": 0.000384, ""feat_secs_hsf"": 0.005547}"
ct,"ct:n=24,L=8,t=16,nn=1",1,"{""n"": 24.0, ""L"": 8.0, ""t"": 16.0, ""nn"": 1.0}",frame,ok,0.000373,0.0073,2506752,-0.0,0,-3.93266941847229e-17,3.93266941847229e-17,switched_at=None dense_qubits=0 peak_terms=0 term_visits=0 dense_ops=0,"{""n"": 24, ""gates"": 303, ""g2"": 92, ""g3"": 0, ""depth2"": 8, ""t_count"": 16, ""rotations"": 16, ""d"": 12, ""dense_l"": 13.4633, ""redundant"": 4, ""obs_zero"": true, ""frame_l"": 8.2432, ""chi_bits"": 4, ""mps_l"": 16.474, ""hsf_k"": 4, ""hsf_na"": 12, ""hsf_nb"": 12, ""hsf_l"": 27.103, ""sup"": 24, ""chi_bits0"": 4, ""mps_l0"": 16.474, ""hsf_keff"": 3, ""hsf_l0"": 28.103, ""sparse_l"": 32.2432, ""sv_l"": 32.2432, ""feat_secs"": 0.006012, ""feat_secs_frame"": 0.000384, ""feat_secs_hsf"": 0.005547}"
ct,"ct:n=24,L=8,t=16,nn=1",1,"{""n"": 24.0, ""L"": 8.0, ""t"": 16.0, ""nn"": 1.0}",dense,ok,0.000216,0.0046,2310144,0.0,12,-3.93266941847229e-17,3.93266941847229e-17,switched_at=Some(16) dense_qubits=12 peak_terms=0 term_visits=0 dense_ops=11294,"{""n"": 24, ""gates"": 303, ""g2"": 92, ""g3"": 0, ""depth2"": 8, ""t_count"": 16, ""rotations"": 16, ""d"": 12, ""dense_l"": 13.4633, ""redundant"": 4, ""obs_zero"": true, ""frame_l"": 8.2432, ""chi_bits"": 4, ""mps_l"": 16.474, ""hsf_k"": 4, ""hsf_na"": 12, ""hsf_nb"": 12, ""hsf_l"": 27.103, ""sup"": 24, ""chi_bits0"": 4, ""mps_l0"": 16.474, ""hsf_keff"": 3, ""hsf_l0"": 28.103, ""sparse_l"": 32.2432, ""sv_l"": 32.2432, ""feat_secs"": 0.006012, ""feat_secs_frame"": 0.000384, ""feat_secs_hsf"": 0.005547}"
ct,"ct:n=24,L=8,t=16,nn=1",1,"{""n"": 24.0, ""L"": 8.0, ""t"": 16.0, ""nn"": 1.0}",auto,ok,0.000311,0.0046,2490368,-0.0,0,-3.93266941847229e-17,3.93266941847229e-17,switched_at=None dense_qubits=0 peak_terms=0 term_visits=0 dense_ops=0,"{""n"": 24, ""gates"": 303, ""g2"": 92, ""g3"": 0, ""depth2"": 8, ""t_count"": 16, ""rotations"": 16, ""d"": 12, ""dense_l"": 13.4633, ""redundant"": 4, ""obs_zero"": true, ""frame_l"": 8.2432, ""chi_bits"": 4, ""mps_l"": 16.474, ""hsf_k"": 4, ""hsf_na"": 12, ""hsf_nb"": 12, ""hsf_l"": 27.103, ""sup"": 24, ""chi_bits0"": 4, ""mps_l0"": 16.474, ""hsf_keff"": 3, ""hsf_l0"": 28.103, ""sparse_l"": 32.2432, ""sv_l"": 32.2432, ""feat_secs"": 0.006012, ""feat_secs_frame"": 0.000384, ""feat_secs_hsf"": 0.005547}"
ct,"ct:n=24,L=8,t=24,nn=1",1,"{""n"": 24.0, ""L"": 8.0, ""t"": 24.0, ""nn"": 1.0}",sv,ok,1.99774,2.0024,272613376,1.641638393191602e-16,16777216,1.641638393191602e-16,0.0,,"{""n"": 24, ""gates"": 324, ""g2"": 92, ""g3"": 0, ""depth2"": 8, ""t_count"": 24, ""rotations"": 24, ""d"": 17, ""dense_l"": 18.4471, ""redundant"": 7, ""obs_zero"": false, ""frame_l"": 8.085, ""chi_bits"": 4, ""mps_l"": 16.4778, ""hsf_k"": 4, ""hsf_na"": 12, ""hsf_nb"": 12, ""hsf_l"": 28.1098, ""sup"": 24, ""chi_bits0"": 4, ""mps_l0"": 16.4778, ""hsf_keff"": 4, ""hsf_l0"": 28.1098, ""sparse_l"": 32.3399, ""sv_l"": 32.3399, ""feat_secs"": 0.008968, ""feat_secs_frame"": 0.000374, ""feat_secs_hsf"": 0.008499}"
ct,"ct:n=24,L=8,t=24,nn=1",1,"{""n"": 24.0, ""L"": 8.0, ""t"": 24.0, ""nn"": 1.0}",sparse,skipped,,,,,,1.641638393191602e-16,,,"{""n"": 24, ""gates"": 324, ""g2"": 92, ""g3"": 0, ""depth2"": 8, ""t_count"": 24, ""rotations"": 24, ""d"": 17, ""dense_l"": 18.4471, ""redundant"": 7, ""obs_zero"": false, ""frame_l"": 8.085, ""chi_bits"": 4, ""mps_l"": 16.4778, ""hsf_k"": 4, ""hsf_na"": 12, ""hsf_nb"": 12, ""hsf_l"": 28.1098, ""sup"": 24, ""chi_bits0"": 4, ""mps_l0"": 16.4778, ""hsf_keff"": 4, ""hsf_l0"": 28.1098, ""sparse_l"": 32.3399, ""sv_l"": 32.3399, ""feat_secs"": 0.008968, ""feat_secs_frame"": 0.000374, ""feat_secs_hsf"": 0.008499}"
ct,"ct:n=24,L=8,t=24,nn=1",1,"{""n"": 24.0, ""L"": 8.0, ""t"": 24.0, ""nn"": 1.0}",mps,ok,0.001148,0.0076,2834432,7.254270011889615e-16,8,1.641638393191602e-16,5.612631618698013e-16,,"{""n"": 24, ""gates"": 324, ""g2"": 92, ""g3"": 0, ""depth2"": 8, ""t_count"": 24, ""rotations"": 24, ""d"": 17, ""dense_l"": 18.4471, ""redundant"": 7, ""obs_zero"": false, ""frame_l"": 8.085, ""chi_bits"": 4, ""mps_l"": 16.4778, ""hsf_k"": 4, ""hsf_na"": 12, ""hsf_nb"": 12, ""hsf_l"": 28.1098, ""sup"": 24, ""chi_bits0"": 4, ""mps_l0"": 16.4778, ""hsf_keff"": 4, ""hsf_l0"": 28.1098, ""sparse_l"": 32.3399, ""sv_l"": 32.3399, ""feat_secs"": 0.008968, ""feat_secs_frame"": 0.000374, ""feat_secs_hsf"": 0.008499}"
ct,"ct:n=24,L=8,t=24,nn=1",1,"{""n"": 24.0, ""L"": 8.0, ""t"": 24.0, ""nn"": 1.0}",hsf,ok,0.127402,0.1324,274726912,1.980676035824344e-16,16,1.641638393191602e-16,3.3903764263274203e-17,,"{""n"": 24, ""gates"": 324, ""g2"": 92, ""g3"": 0, ""depth2"": 8, ""t_count"": 24, ""rotations"": 24, ""d"": 17, ""dense_l"": 18.4471, ""redundant"": 7, ""obs_zero"": false, ""frame_l"": 8.085, ""chi_bits"": 4, ""mps_l"": 16.4778, ""hsf_k"": 4, ""hsf_na"": 12, ""hsf_nb"": 12, ""hsf_l"": 28.1098, ""sup"": 24, ""chi_bits0"": 4, ""mps_l0"": 16.4778, ""hsf_keff"": 4, ""hsf_l0"": 28.1098, ""sparse_l"": 32.3399, ""sv_l"": 32.3399, ""feat_secs"": 0.008968, ""feat_secs_frame"": 0.000374, ""feat_secs_hsf"": 0.008499}"
ct,"ct:n=24,L=8,t=24,nn=1",1,"{""n"": 24.0, ""L"": 8.0, ""t"": 24.0, ""nn"": 1.0}",tableau,na,,0.0074,1900544,,,1.641638393191602e-16,,"TooLarge { what: ""tableau (non-Clifford circuit)"", bytes: 0, limit: 0 }","{""n"": 24, ""gates"": 324, ""g2"": 92, ""g3"": 0, ""depth2"": 8, ""t_count"": 24, ""rotations"": 24, ""d"": 17, ""dense_l"": 18.4471, ""redundant"": 7, ""obs_zero"": false, ""frame_l"": 8.085, ""chi_bits"": 4, ""mps_l"": 16.4778, ""hsf_k"": 4, ""hsf_na"": 12, ""hsf_nb"": 12, ""hsf_l"": 28.1098, ""sup"": 24, ""chi_bits0"": 4, ""mps_l0"": 16.4778, ""hsf_keff"": 4, ""hsf_l0"": 28.1098, ""sparse_l"": 32.3399, ""sv_l"": 32.3399, ""feat_secs"": 0.008968, ""feat_secs_frame"": 0.000374, ""feat_secs_hsf"": 0.008499}"
ct,"ct:n=24,L=8,t=24,nn=1",1,"{""n"": 24.0, ""L"": 8.0, ""t"": 24.0, ""nn"": 1.0}",cstate,ok,0.001169,0.0076,4538368,3.178855354797049e-17,17,1.641638393191602e-16,1.323752857711897e-16,,"{""n"": 24, ""gates"": 324, ""g2"": 92, ""g3"": 0, ""depth2"": 8, ""t_count"": 24, ""rotations"": 24, ""d"": 17, ""dense_l"": 18.4471, ""redundant"": 7, ""obs_zero"": false, ""frame_l"": 8.085, ""chi_bits"": 4, ""mps_l"": 16.4778, ""hsf_k"": 4, ""hsf_na"": 12, ""hsf_nb"": 12, ""hsf_l"": 28.1098, ""sup"": 24, ""chi_bits0"": 4, ""mps_l0"": 16.4778, ""hsf_keff"": 4, ""hsf_l0"": 28.1098, ""sparse_l"": 32.3399, ""sv_l"": 32.3399, ""feat_secs"": 0.008968, ""feat_secs_frame"": 0.000374, ""feat_secs_hsf"": 0.008499}"
ct,"ct:n=24,L=8,t=24,nn=1",1,"{""n"": 24.0, ""L"": 8.0, ""t"": 24.0, ""nn"": 1.0}",frame,ok,0.000442,0.0044,2555904,-0.0,1,1.641638393191602e-16,1.641638393191602e-16,switched_at=None dense_qubits=0 peak_terms=1 term_visits=10 dense_ops=0,"{""n"": 24, ""gates"": 324, ""g2"": 92, ""g3"": 0, ""depth2"": 8, ""t_count"": 24, ""rotations"": 24, ""d"": 17, ""dense_l"": 18.4471, ""redundant"": 7, ""obs_zero"": false, ""frame_l"": 8.085, ""chi_bits"": 4, ""mps_l"": 16.4778, ""hsf_k"": 4, ""hsf_na"": 12, ""hsf_nb"": 12, ""hsf_l"": 28.1098, ""sup"": 24, ""chi_bits0"": 4, ""mps_l0"": 16.4778, ""hsf_keff"": 4, ""hsf_l0"": 28.1098, ""sparse_l"": 32.3399, ""sv_l"": 32.3399, ""feat_secs"": 0.008968, ""feat_secs_frame"": 0.000374, ""feat_secs_hsf"": 0.008499}"
ct,"ct:n=24,L=8,t=24,nn=1",1,"{""n"": 24.0, ""L"": 8.0, ""t"": 24.0, ""nn"": 1.0}",dense,ok,0.001226,0.0066,4734976,-1.509044231720942e-17,17,1.641638393191602e-16,1.7925428163636962e-16,switched_at=Some(23) dense_qubits=17 peak_terms=1 term_visits=0 dense_ops=484367,"{""n"": 24, ""gates"": 324, ""g2"": 92, ""g3"": 0, ""depth2"": 8, ""t_count"": 24, ""rotations"": 24, ""d"": 17, ""dense_l"": 18.4471, ""redundant"": 7, ""obs_zero"": false, ""frame_l"": 8.085, ""chi_bits"": 4, ""mps_l"": 16.4778, ""hsf_k"": 4, ""hsf_na"": 12, ""hsf_nb"": 12, ""hsf_l"": 28.1098, ""sup"": 24, ""chi_bits0"": 4, ""mps_l0"": 16.4778, ""hsf_keff"": 4, ""hsf_l0"": 28.1098, ""sparse_l"": 32.3399, ""sv_l"": 32.3399, ""feat_secs"": 0.008968, ""feat_secs_frame"": 0.000374, ""feat_secs_hsf"": 0.008499}"
ct,"ct:n=24,L=8,t=24,nn=1",1,"{""n"": 24.0, ""L"": 8.0, ""t"": 24.0, ""nn"": 1.0}",auto,ok,0.000397,0.0044,2555904,-0.0,0,1.641638393191602e-16,1.641638393191602e-16,switched_at=None dense_qubits=0 peak_terms=1 term_visits=10 dense_ops=0,"{""n"": 24, ""gates"": 324, ""g2"": 92, ""g3"": 0, ""depth2"": 8, ""t_count"": 24, ""rotations"": 24, ""d"": 17, ""dense_l"": 18.4471, ""redundant"": 7, ""obs_zero"": false, ""frame_l"": 8.085, ""chi_bits"": 4, ""mps_l"": 16.4778, ""hsf_k"": 4, ""hsf_na"": 12, ""hsf_nb"": 12, ""hsf_l"": 28.1098, ""sup"": 24, ""chi_bits0"": 4, ""mps_l0"": 16.4778, ""hsf_keff"": 4, ""hsf_l0"": 28.1098, ""sparse_l"": 32.3399, ""sv_l"": 32.3399, ""feat_secs"": 0.008968, ""feat_secs_frame"": 0.000374, ""feat_secs_hsf"": 0.008499}"
ct,"ct:n=24,L=8,t=32,nn=1",1,"{""n"": 24.0, ""L"": 8.0, ""t"": 32.0, ""nn"": 1.0}",sv,ok,2.107905,2.1122,272613376,-1.226832726984676e-16,16777216,-1.226832726984676e-16,0.0,,"{""n"": 24, ""gates"": 350, ""g2"": 92, ""g3"": 0, ""depth2"": 8, ""t_count"": 32, ""rotations"": 32, ""d"": 21, ""dense_l"": 22.6475, ""redundant"": 11, ""obs_zero"": false, ""frame_l"": 10.5, ""chi_bits"": 4, ""mps_l"": 16.5116, ""hsf_k"": 4, ""hsf_na"": 12, ""hsf_nb"": 12, ""hsf_l"": 28.1183, ""sup"": 24, ""chi_bits0"": 4, ""mps_l0"": 16.5116, ""hsf_keff"": 4, ""hsf_l0"": 28.1183, ""sparse_l"": 32.4512, ""sv_l"": 32.4512, ""feat_secs"": 0.006051, ""feat_secs_frame"": 0.000396, ""feat_secs_hsf"": 0.005565}"
ct,"ct:n=24,L=8,t=32,nn=1",1,"{""n"": 24.0, ""L"": 8.0, ""t"": 32.0, ""nn"": 1.0}",sparse,skipped,,,,,,-1.226832726984676e-16,,,"{""n"": 24, ""gates"": 350, ""g2"": 92, ""g3"": 0, ""depth2"": 8, ""t_count"": 32, ""rotations"": 32, ""d"": 21, ""dense_l"": 22.6475, ""redundant"": 11, ""obs_zero"": false, ""frame_l"": 10.5, ""chi_bits"": 4, ""mps_l"": 16.5116, ""hsf_k"": 4, ""hsf_na"": 12, ""hsf_nb"": 12, ""hsf_l"": 28.1183, ""sup"": 24, ""chi_bits0"": 4, ""mps_l0"": 16.5116, ""hsf_keff"": 4, ""hsf_l0"": 28.1183, ""sparse_l"": 32.4512, ""sv_l"": 32.4512, ""feat_secs"": 0.006051, ""feat_secs_frame"": 0.000396, ""feat_secs_hsf"": 0.005565}"
ct,"ct:n=24,L=8,t=32,nn=1",1,"{""n"": 24.0, ""L"": 8.0, ""t"": 32.0, ""nn"": 1.0}",mps,ok,0.0008,0.0072,2883584,-1.19479079407902e-16,8,-1.226832726984676e-16,3.2041932905656013e-18,,"{""n"": 24, ""gates"": 350, ""g2"": 92, ""g3"": 0, ""depth2"": 8, ""t_count"": 32, ""rotations"": 32, ""d"": 21, ""dense_l"": 22.6475, ""redundant"": 11, ""obs_zero"": false, ""frame_l"": 10.5, ""chi_bits"": 4, ""mps_l"": 16.5116, ""hsf_k"": 4, ""hsf_na"": 12, ""hsf_nb"": 12, ""hsf_l"": 28.1183, ""sup"": 24, ""chi_bits0"": 4, ""mps_l0"": 16.5116, ""hsf_keff"": 4, ""hsf_l0"": 28.1183, ""sparse_l"": 32.4512, ""sv_l"": 32.4512, ""feat_secs"": 0.006051, ""feat_secs_frame"": 0.000396, ""feat_secs_hsf"": 0.005565}"
ct,"ct:n=24,L=8,t=32,nn=1",1,"{""n"": 24.0, ""L"": 8.0, ""t"": 32.0, ""nn"": 1.0}",hsf,ok,0.105077,0.1096,273858560,-1.472840741020479e-16,16,-1.226832726984676e-16,2.4600801403580297e-17,,"{""n"": 24, ""gates"": 350, ""g2"": 92, ""g3"": 0, ""depth2"": 8, ""t_count"": 32, ""rotations"": 32, ""d"": 21, ""dense_l"": 22.6475, ""redundant"": 11, ""obs_zero"": false, ""frame_l"": 10.5, ""chi_bits"": 4, ""mps_l"": 16.5116, ""hsf_k"": 4, ""hsf_na"": 12, ""hsf_nb"": 12, ""hsf_l"": 28.1183, ""sup"": 24, ""chi_bits0"": 4, ""mps_l0"": 16.5116, ""hsf_keff"": 4, ""hsf_l0"": 28.1183, ""sparse_l"": 32.4512, ""sv_l"": 32.4512, ""feat_secs"": 0.006051, ""feat_secs_frame"": 0.000396, ""feat_secs_hsf"": 0.005565}"
ct,"ct:n=24,L=8,t=32,nn=1",1,"{""n"": 24.0, ""L"": 8.0, ""t"": 32.0, ""nn"": 1.0}",tableau,na,,0.0071,1900544,,,-1.226832726984676e-16,,"TooLarge { what: ""tableau (non-Clifford circuit)"", bytes: 0, limit: 0 }","{""n"": 24, ""gates"": 350, ""g2"": 92, ""g3"": 0, ""depth2"": 8, ""t_count"": 32, ""rotations"": 32, ""d"": 21, ""dense_l"": 22.6475, ""redundant"": 11, ""obs_zero"": false, ""frame_l"": 10.5, ""chi_bits"": 4, ""mps_l"": 16.5116, ""hsf_k"": 4, ""hsf_na"": 12, ""hsf_nb"": 12, ""hsf_l"": 28.1183, ""sup"": 24, ""chi_bits0"": 4, ""mps_l0"": 16.5116, ""hsf_keff"": 4, ""hsf_l0"": 28.1183, ""sparse_l"": 32.4512, ""sv_l"": 32.4512, ""feat_secs"": 0.006051, ""feat_secs_frame"": 0.000396, ""feat_secs_hsf"": 0.005565}"
ct,"ct:n=24,L=8,t=32,nn=1",1,"{""n"": 24.0, ""L"": 8.0, ""t"": 32.0, ""nn"": 1.0}",cstate,ok,0.015089,0.0220,36192256,-5.263702823411016e-19,21,-1.226832726984676e-16,1.221569024161265e-16,,"{""n"": 24, ""gates"": 350, ""g2"": 92, ""g3"": 0, ""depth2"": 8, ""t_count"": 32, ""rotations"": 32, ""d"": 21, ""dense_l"": 22.6475, ""redundant"": 11, ""obs_zero"": false, ""frame_l"": 10.5, ""chi_bits"": 4, ""mps_l"": 16.5116, ""hsf_k"": 4, ""hsf_na"": 12, ""hsf_nb"": 12, ""hsf_l"": 28.1183, ""sup"": 24, ""chi_bits0"": 4, ""mps_l0"": 16.5116, ""hsf_keff"": 4, ""hsf_l0"": 28.1183, ""sparse_l"": 32.4512, ""sv_l"": 32.4512, ""feat_secs"": 0.006051, ""feat_secs_frame"": 0.000396, ""feat_secs_hsf"": 0.005565}"
ct,"ct:n=24,L=8,t=32,nn=1",1,"{""n"": 24.0, ""L"": 8.0, ""t"": 32.0, ""nn"": 1.0}",frame,ok,0.000443,0.0047,2572288,-0.0,1,-1.226832726984676e-16,1.226832726984676e-16,switched_at=None dense_qubits=0 peak_terms=1 term_visits=7 dense_ops=0,"{""n"": 24, ""gates"": 350, ""g2"": 92, ""g3"": 0, ""depth2"": 8, ""t_count"": 32, ""rotations"": 32, ""d"": 21, ""dense_l"": 22.6475, ""redundant"": 11, ""obs_zero"": false, ""frame_l"": 10.5, ""chi_bits"": 4, ""mps_l"": 16.5116, ""hsf_k"": 4, ""hsf_na"": 12, ""hsf_nb"": 12, ""hsf_l"": 28.1183, ""sup"": 24, ""chi_bits0"": 4, ""mps_l0"": 16.5116, ""hsf_keff"": 4, ""hsf_l0"": 28.1183, ""sparse_l"": 32.4512, ""sv_l"": 32.4512, ""feat_secs"": 0.006051, ""feat_secs_frame"": 0.000396, ""feat_secs_hsf"": 0.005565}"
ct,"ct:n=24,L=8,t=32,nn=1",1,"{""n"": 24.0, ""L"": 8.0, ""t"": 32.0, ""nn"": 1.0}",dense,ok,0.016374,0.0206,36356096,-1.041278199613008e-18,21,-1.226832726984676e-16,1.216419944988546e-16,switched_at=Some(31) dense_qubits=21 peak_terms=1 term_visits=0 dense_ops=8667160,"{""n"": 24, ""gates"": 350, ""g2"": 92, ""g3"": 0, ""depth2"": 8, ""t_count"": 32, ""rotations"": 32, ""d"": 21, ""dense_l"": 22.6475, ""redundant"": 11, ""obs_zero"": false, ""frame_l"": 10.5, ""chi_bits"": 4, ""mps_l"": 16.5116, ""hsf_k"": 4, ""hsf_na"": 12, ""hsf_nb"": 12, ""hsf_l"": 28.1183, ""sup"": 24, ""chi_bits0"": 4, ""mps_l0"": 16.5116, ""hsf_keff"": 4, ""hsf_l0"": 28.1183, ""sparse_l"": 32.4512, ""sv_l"": 32.4512, ""feat_secs"": 0.006051, ""feat_secs_frame"": 0.000396, ""feat_secs_hsf"": 0.005565}"
ct,"ct:n=24,L=8,t=32,nn=1",1,"{""n"": 24.0, ""L"": 8.0, ""t"": 32.0, ""nn"": 1.0}",auto,ok,0.000404,0.0048,2555904,-0.0,0,-1.226832726984676e-16,1.226832726984676e-16,switched_at=None dense_qubits=0 peak_terms=1 term_visits=7 dense_ops=0,"{""n"": 24, ""gates"": 350, ""g2"": 92, ""g3"": 0, ""depth2"": 8, ""t_count"": 32, ""rotations"": 32, ""d"": 21, ""dense_l"": 22.6475, ""redundant"": 11, ""obs_zero"": false, ""frame_l"": 10.5, ""chi_bits"": 4, ""mps_l"": 16.5116, ""hsf_k"": 4, ""hsf_na"": 12, ""hsf_nb"": 12, ""hsf_l"": 28.1183, ""sup"": 24, ""chi_bits0"": 4, ""mps_l0"": 16.5116, ""hsf_keff"": 4, ""hsf_l0"": 28.1183, ""sparse_l"": 32.4512, ""sv_l"": 32.4512, ""feat_secs"": 0.006051, ""feat_secs_frame"": 0.000396, ""feat_secs_hsf"": 0.005565}"
ct,"ct:n=24,L=8,t=48,nn=1",1,"{""n"": 24.0, ""L"": 8.0, ""t"": 48.0, ""nn"": 1.0}",sv,ok,2.125295,2.1304,272547840,0.249999999999921,16777216,0.249999999999921,0.0,,"{""n"": 24, ""gates"": 381, ""g2"": 92, ""g3"": 0, ""depth2"": 8, ""t_count"": 48, ""rotations"": 48, ""d"": 24, ""dense_l"": 25.5968, ""redundant"": 24, ""obs_zero"": false, ""frame_l"": 17.585, ""chi_bits"": 4, ""mps_l"": 16.5297, ""hsf_k"": 4, ""hsf_na"": 12, ""hsf_nb"": 12, ""hsf_l"": 28.1283, ""sup"": 24, ""chi_bits0"": 4, ""mps_l0"": 16.5297, ""hsf_keff"": 4, ""hsf_l0"": 28.1283, ""sparse_l"": 32.5736, ""sv_l"": 32.5736, ""feat_secs"": 0.005927, ""feat_secs_frame"": 0.000417, ""feat_secs_hsf"": 0.005413}"
ct,"ct:n=24,L=8,t=48,nn=1",1,"{""n"": 24.0, ""L"": 8.0, ""t"": 48.0, ""nn"": 1.0}",sparse,skipped,,,,,,0.249999999999921,,,"{""n"": 24, ""gates"": 381, ""g2"": 92, ""g3"": 0, ""depth2"": 8, ""t_count"": 48, ""rotations"": 48, ""d"": 24, ""dense_l"": 25.5968, ""redundant"": 24, ""obs_zero"": false, ""frame_l"": 17.585, ""chi_bits"": 4, ""mps_l"": 16.5297, ""hsf_k"": 4, ""hsf_na"": 12, ""hsf_nb"": 12, ""hsf_l"": 28.1283, ""sup"": 24, ""chi_bits0"": 4, ""mps_l0"": 16.5297, ""hsf_keff"": 4, ""hsf_l0"": 28.1283, ""sparse_l"": 32.5736, ""sv_l"": 32.5736, ""feat_secs"": 0.005927, ""feat_secs_frame"": 0.000417, ""feat_secs_hsf"": 0.005413}"
ct,"ct:n=24,L=8,t=48,nn=1",1,"{""n"": 24.0, ""L"": 8.0, ""t"": 48.0, ""nn"": 1.0}",mps,ok,0.000929,0.0077,2850816,0.2500000000000002,8,0.249999999999921,7.921441280700492e-14,,"{""n"": 24, ""gates"": 381, ""g2"": 92, ""g3"": 0, ""depth2"": 8, ""t_count"": 48, ""rotations"": 48, ""d"": 24, ""dense_l"": 25.5968, ""redundant"": 24, ""obs_zero"": false, ""frame_l"": 17.585, ""chi_bits"": 4, ""mps_l"": 16.5297, ""hsf_k"": 4, ""hsf_na"": 12, ""hsf_nb"": 12, ""hsf_l"": 28.1283, ""sup"": 24, ""chi_bits0"": 4, ""mps_l0"": 16.5297, ""hsf_keff"": 4, ""hsf_l0"": 28.1283, ""sparse_l"": 32.5736, ""sv_l"": 32.5736, ""feat_secs"": 0.005927, ""feat_secs_frame"": 0.000417, ""feat_secs_hsf"": 0.005413}"
ct,"ct:n=24,L=8,t=48,nn=1",1,"{""n"": 24.0, ""L"": 8.0, ""t"": 48.0, ""nn"": 1.0}",hsf,ok,0.131691,0.1392,274759680,0.24999999999992,16,0.249999999999921,9.992007221626409e-16,,"{""n"": 24, ""gates"": 381, ""g2"": 92, ""g3"": 0, ""depth2"": 8, ""t_count"": 48, ""rotations"": 48, ""d"": 24, ""dense_l"": 25.5968, ""redundant"": 24, ""obs_zero"": false, ""frame_l"": 17.585, ""chi_bits"": 4, ""mps_l"": 16.5297, ""hsf_k"": 4, ""hsf_na"": 12, ""hsf_nb"": 12, ""hsf_l"": 28.1283, ""sup"": 24, ""chi_bits0"": 4, ""mps_l0"": 16.5297, ""hsf_keff"": 4, ""hsf_l0"": 28.1283, ""sparse_l"": 32.5736, ""sv_l"": 32.5736, ""feat_secs"": 0.005927, ""feat_secs_frame"": 0.000417, ""feat_secs_hsf"": 0.005413}"
ct,"ct:n=24,L=8,t=48,nn=1",1,"{""n"": 24.0, ""L"": 8.0, ""t"": 48.0, ""nn"": 1.0}",tableau,na,,0.0049,1900544,,,0.249999999999921,,"TooLarge { what: ""tableau (non-Clifford circuit)"", bytes: 0, limit: 0 }","{""n"": 24, ""gates"": 381, ""g2"": 92, ""g3"": 0, ""depth2"": 8, ""t_count"": 48, ""rotations"": 48, ""d"": 24, ""dense_l"": 25.5968, ""redundant"": 24, ""obs_zero"": false, ""frame_l"": 17.585, ""chi_bits"": 4, ""mps_l"": 16.5297, ""hsf_k"": 4, ""hsf_na"": 12, ""hsf_nb"": 12, ""hsf_l"": 28.1283, ""sup"": 24, ""chi_bits0"": 4, ""mps_l0"": 16.5297, ""hsf_keff"": 4, ""hsf_l0"": 28.1283, ""sparse_l"": 32.5736, ""sv_l"": 32.5736, ""feat_secs"": 0.005927, ""feat_secs_frame"": 0.000417, ""feat_secs_hsf"": 0.005413}"
ct,"ct:n=24,L=8,t=48,nn=1",1,"{""n"": 24.0, ""L"": 8.0, ""t"": 48.0, ""nn"": 1.0}",cstate,ok,0.113016,0.1190,271171584,0.2500000000000581,24,0.249999999999921,1.3711254354120683e-13,,"{""n"": 24, ""gates"": 381, ""g2"": 92, ""g3"": 0, ""depth2"": 8, ""t_count"": 48, ""rotations"": 48, ""d"": 24, ""dense_l"": 25.5968, ""redundant"": 24, ""obs_zero"": false, ""frame_l"": 17.585, ""chi_bits"": 4, ""mps_l"": 16.5297, ""hsf_k"": 4, ""hsf_na"": 12, ""hsf_nb"": 12, ""hsf_l"": 28.1283, ""sup"": 24, ""chi_bits0"": 4, ""mps_l0"": 16.5297, ""hsf_keff"": 4, ""hsf_l0"": 28.1283, ""sparse_l"": 32.5736, ""sv_l"": 32.5736, ""feat_secs"": 0.005927, ""feat_secs_frame"": 0.000417, ""feat_secs_hsf"": 0.005413}"
ct,"ct:n=24,L=8,t=48,nn=1",1,"{""n"": 24.0, ""L"": 8.0, ""t"": 48.0, ""nn"": 1.0}",frame,ok,0.000974,0.0075,2572288,0.2500000000000001,4,0.249999999999921,7.91033905045424e-14,switched_at=None dense_qubits=0 peak_terms=4 term_visits=76 dense_ops=0,"{""n"": 24, ""gates"": 381, ""g2"": 92, ""g3"": 0, ""depth2"": 8, ""t_count"": 48, ""rotations"": 48, ""d"": 24, ""dense_l"": 25.5968, ""redundant"": 24, ""obs_zero"": false, ""frame_l"": 17.585, ""chi_bits"": 4, ""mps_l"": 16.5297, ""hsf_k"": 4, ""hsf_na"": 12, ""hsf_nb"": 12, ""hsf_l"": 28.1283, ""sup"": 24, ""chi_bits0"": 4, ""mps_l0"": 16.5297, ""hsf_keff"": 4, ""hsf_l0"": 28.1283, ""sparse_l"": 32.5736, ""sv_l"": 32.5736, ""feat_secs"": 0.005927, ""feat_secs_frame"": 0.000417, ""feat_secs_hsf"": 0.005413}"
ct,"ct:n=24,L=8,t=48,nn=1",1,"{""n"": 24.0, ""L"": 8.0, ""t"": 48.0, ""nn"": 1.0}",dense,ok,0.11331,0.1180,271335424,0.2500000000000581,24,0.249999999999921,1.3711254354120683e-13,switched_at=Some(45) dense_qubits=24 peak_terms=1 term_visits=0 dense_ops=67262608,"{""n"": 24, ""gates"": 381, ""g2"": 92, ""g3"": 0, ""depth2"": 8, ""t_count"": 48, ""rotations"": 48, ""d"": 24, ""dense_l"": 25.5968, ""redundant"": 24, ""obs_zero"": false, ""frame_l"": 17.585, ""chi_bits"": 4, ""mps_l"": 16.5297, ""hsf_k"": 4, ""hsf_na"": 12, ""hsf_nb"": 12, ""hsf_l"": 28.1283, ""sup"": 24, ""chi_bits0"": 4, ""mps_l0"": 16.5297, ""hsf_keff"": 4, ""hsf_l0"": 28.1283, ""sparse_l"": 32.5736, ""sv_l"": 32.5736, ""feat_secs"": 0.005927, ""feat_secs_frame"": 0.000417, ""feat_secs_hsf"": 0.005413}"
ct,"ct:n=24,L=8,t=48,nn=1",1,"{""n"": 24.0, ""L"": 8.0, ""t"": 48.0, ""nn"": 1.0}",auto,ok,0.001055,0.0076,2621440,0.2500000000000001,5,0.249999999999921,7.91033905045424e-14,switched_at=Some(9) dense_qubits=5 peak_terms=4 term_visits=64 dense_ops=208,"{""n"": 24, ""gates"": 381, ""g2"": 92, ""g3"": 0, ""depth2"": 8, ""t_count"": 48, ""rotations"": 48, ""d"": 24, ""dense_l"": 25.5968, ""redundant"": 24, ""obs_zero"": false, ""frame_l"": 17.585, ""chi_bits"": 4, ""mps_l"": 16.5297, ""hsf_k"": 4, ""hsf_na"": 12, ""hsf_nb"": 12, ""hsf_l"": 28.1283, ""sup"": 24, ""chi_bits0"": 4, ""mps_l0"": 16.5297, ""hsf_keff"": 4, ""hsf_l0"": 28.1283, ""sparse_l"": 32.5736, ""sv_l"": 32.5736, ""feat_secs"": 0.005927, ""feat_secs_frame"": 0.000417, ""feat_secs_hsf"": 0.005413}"
ct,"ct:n=24,L=8,t=64,nn=1",1,"{""n"": 24.0, ""L"": 8.0, ""t"": 64.0, ""nn"": 1.0}",sv,ok,2.235525,2.2402,272646144,-7.640228871068633e-17,16777216,-7.640228871068633e-17,0.0,,"{""n"": 24, ""gates"": 398, ""g2"": 92, ""g3"": 0, ""depth2"": 8, ""t_count"": 64, ""rotations"": 64, ""d"": 24, ""dense_l"": 27.1737, ""redundant"": 40, ""obs_zero"": false, ""frame_l"": 26.0, ""chi_bits"": 4, ""mps_l"": 16.5186, ""hsf_k"": 4, ""hsf_na"": 12, ""hsf_nb"": 12, ""hsf_l"": 28.1338, ""sup"": 24, ""chi_bits0"": 4, ""mps_l0"": 16.5186, ""hsf_keff"": 4, ""hsf_l0"": 28.1338, ""sparse_l"": 32.6366, ""sv_l"": 32.6366, ""feat_secs"": 0.006132, ""feat_secs_frame"": 0.000388, ""feat_secs_hsf"": 0.005631}"
ct,"ct:n=24,L=8,t=64,nn=1",1,"{""n"": 24.0, ""L"": 8.0, ""t"": 64.0, ""nn"": 1.0}",sparse,skipped,,,,,,-7.640228871068633e-17,,,"{""n"": 24, ""gates"": 398, ""g2"": 92, ""g3"": 0, ""depth2"": 8, ""t_count"": 64, ""rotations"": 64, ""d"": 24, ""dense_l"": 27.1737, ""redundant"": 40, ""obs_zero"": false, ""frame_l"": 26.0, ""chi_bits"": 4, ""mps_l"": 16.5186, ""hsf_k"": 4, ""hsf_na"": 12, ""hsf_nb"": 12, ""hsf_l"": 28.1338, ""sup"": 24, ""chi_bits0"": 4, ""mps_l0"": 16.5186, ""hsf_keff"": 4, ""hsf_l0"": 28.1338, ""sparse_l"": 32.6366, ""sv_l"": 32.6366, ""feat_secs"": 0.006132, ""feat_secs_frame"": 0.000388, ""feat_secs_hsf"": 0.005631}"
ct,"ct:n=24,L=8,t=64,nn=1",1,"{""n"": 24.0, ""L"": 8.0, ""t"": 64.0, ""nn"": 1.0}",mps,ok,0.000847,0.0069,2867200,4.402031337922649e-16,8,-7.640228871068633e-17,5.166054225029513e-16,,"{""n"": 24, ""gates"": 398, ""g2"": 92, ""g3"": 0, ""depth2"": 8, ""t_count"": 64, ""rotations"": 64, ""d"": 24, ""dense_l"": 27.1737, ""redundant"": 40, ""obs_zero"": false, ""frame_l"": 26.0, ""chi_bits"": 4, ""mps_l"": 16.5186, ""hsf_k"": 4, ""hsf_na"": 12, ""hsf_nb"": 12, ""hsf_l"": 28.1338, ""sup"": 24, ""chi_bits0"": 4, ""mps_l0"": 16.5186, ""hsf_keff"": 4, ""hsf_l0"": 28.1338, ""sparse_l"": 32.6366, ""sv_l"": 32.6366, ""feat_secs"": 0.006132, ""feat_secs_frame"": 0.000388, ""feat_secs_hsf"": 0.005631}"
ct,"ct:n=24,L=8,t=64,nn=1",1,"{""n"": 24.0, ""L"": 8.0, ""t"": 64.0, ""nn"": 1.0}",hsf,ok,0.132314,0.1374,274743296,-8.444451747464741e-17,16,-7.640228871068633e-17,8.042228763961084e-18,,"{""n"": 24, ""gates"": 398, ""g2"": 92, ""g3"": 0, ""depth2"": 8, ""t_count"": 64, ""rotations"": 64, ""d"": 24, ""dense_l"": 27.1737, ""redundant"": 40, ""obs_zero"": false, ""frame_l"": 26.0, ""chi_bits"": 4, ""mps_l"": 16.5186, ""hsf_k"": 4, ""hsf_na"": 12, ""hsf_nb"": 12, ""hsf_l"": 28.1338, ""sup"": 24, ""chi_bits0"": 4, ""mps_l0"": 16.5186, ""hsf_keff"": 4, ""hsf_l0"": 28.1338, ""sparse_l"": 32.6366, ""sv_l"": 32.6366, ""feat_secs"": 0.006132, ""feat_secs_frame"": 0.000388, ""feat_secs_hsf"": 0.005631}"
ct,"ct:n=24,L=8,t=64,nn=1",1,"{""n"": 24.0, ""L"": 8.0, ""t"": 64.0, ""nn"": 1.0}",tableau,na,,0.0044,1900544,,,-7.640228871068633e-17,,"TooLarge { what: ""tableau (non-Clifford circuit)"", bytes: 0, limit: 0 }","{""n"": 24, ""gates"": 398, ""g2"": 92, ""g3"": 0, ""depth2"": 8, ""t_count"": 64, ""rotations"": 64, ""d"": 24, ""dense_l"": 27.1737, ""redundant"": 40, ""obs_zero"": false, ""frame_l"": 26.0, ""chi_bits"": 4, ""mps_l"": 16.5186, ""hsf_k"": 4, ""hsf_na"": 12, ""hsf_nb"": 12, ""hsf_l"": 28.1338, ""sup"": 24, ""chi_bits0"": 4, ""mps_l0"": 16.5186, ""hsf_keff"": 4, ""hsf_l0"": 28.1338, ""sparse_l"": 32.6366, ""sv_l"": 32.6366, ""feat_secs"": 0.006132, ""feat_secs_frame"": 0.000388, ""feat_secs_hsf"": 0.005631}"
ct,"ct:n=24,L=8,t=64,nn=1",1,"{""n"": 24.0, ""L"": 8.0, ""t"": 64.0, ""nn"": 1.0}",cstate,ok,0.27882,0.2845,271810560,1.00081745012077e-16,24,-7.640228871068633e-17,1.7648403372276332e-16,,"{""n"": 24, ""gates"": 398, ""g2"": 92, ""g3"": 0, ""depth2"": 8, ""t_count"": 64, ""rotations"": 64, ""d"": 24, ""dense_l"": 27.1737, ""redundant"": 40, ""obs_zero"": false, ""frame_l"": 26.0, ""chi_bits"": 4, ""mps_l"": 16.5186, ""hsf_k"": 4, ""hsf_na"": 12, ""hsf_nb"": 12, ""hsf_l"": 28.1338, ""sup"": 24, ""chi_bits0"": 4, ""mps_l0"": 16.5186, ""hsf_keff"": 4, ""hsf_l0"": 28.1338, ""sparse_l"": 32.6366, ""sv_l"": 32.6366, ""feat_secs"": 0.006132, ""feat_secs_frame"": 0.000388, ""feat_secs_hsf"": 0.005631}"
ct,"ct:n=24,L=8,t=64,nn=1",1,"{""n"": 24.0, ""L"": 8.0, ""t"": 64.0, ""nn"": 1.0}",frame,ok,0.000782,0.0073,2605056,-0.0,12,-7.640228871068633e-17,7.640228871068633e-17,switched_at=None dense_qubits=0 peak_terms=12 term_visits=112 dense_ops=0,"{""n"": 24, ""gates"": 398, ""g2"": 92, ""g3"": 0, ""depth2"": 8, ""t_count"": 64, ""rotations"": 64, ""d"": 24, ""dense_l"": 27.1737, ""redundant"": 40, ""obs_zero"": false, ""frame_l"": 26.0, ""chi_bits"": 4, ""mps_l"": 16.5186, ""hsf_k"": 4, ""hsf_na"": 12, ""hsf_nb"": 12, ""hsf_l"": 28.1338, ""sup"": 24, ""chi_bits0"": 4, ""mps_l0"": 16.5186, ""hsf_keff"": 4, ""hsf_l0"": 28.1338, ""sparse_l"": 32.6366, ""sv_l"": 32.6366, ""feat_secs"": 0.006132, ""feat_secs_frame"": 0.000388, ""feat_secs_hsf"": 0.005631}"
ct,"ct:n=24,L=8,t=64,nn=1",1,"{""n"": 24.0, ""L"": 8.0, ""t"": 64.0, ""nn"": 1.0}",dense,ok,0.246945,0.2534,272007168,8.442815907976773e-17,24,-7.640228871068633e-17,1.6083044779045406e-16,switched_at=Some(59) dense_qubits=24 peak_terms=1 term_visits=0 dense_ops=155582599,"{""n"": 24, ""gates"": 398, ""g2"": 92, ""g3"": 0, ""depth2"": 8, ""t_count"": 64, ""rotations"": 64, ""d"": 24, ""dense_l"": 27.1737, ""redundant"": 40, ""obs_zero"": false, ""frame_l"": 26.0, ""chi_bits"": 4, ""mps_l"": 16.5186, ""hsf_k"": 4, ""hsf_na"": 12, ""hsf_nb"": 12, ""hsf_l"": 28.1338, ""sup"": 24, ""chi_bits0"": 4, ""mps_l0"": 16.5186, ""hsf_keff"": 4, ""hsf_l0"": 28.1338, ""sparse_l"": 32.6366, ""sv_l"": 32.6366, ""feat_secs"": 0.006132, ""feat_secs_frame"": 0.000388, ""feat_secs_hsf"": 0.005631}"
ct,"ct:n=24,L=8,t=64,nn=1",1,"{""n"": 24.0, ""L"": 8.0, ""t"": 64.0, ""nn"": 1.0}",auto,ok,0.000922,0.0078,2605056,-0.0,0,-7.640228871068633e-17,7.640228871068633e-17,switched_at=None dense_qubits=0 peak_terms=12 term_visits=112 dense_ops=0,"{""n"": 24, ""gates"": 398, ""g2"": 92, ""g3"": 0, ""depth2"": 8, ""t_count"": 64, ""rotations"": 64, ""d"": 24, ""dense_l"": 27.1737, ""redundant"": 40, ""obs_zero"": false, ""frame_l"": 26.0, ""chi_bits"": 4, ""mps_l"": 16.5186, ""hsf_k"": 4, ""hsf_na"": 12, ""hsf_nb"": 12, ""hsf_l"": 28.1338, ""sup"": 24, ""chi_bits0"": 4, ""mps_l0"": 16.5186, ""hsf_keff"": 4, ""hsf_l0"": 28.1338, ""sparse_l"": 32.6366, ""sv_l"": 32.6366, ""feat_secs"": 0.006132, ""feat_secs_frame"": 0.000388, ""feat_secs_hsf"": 0.005631}"
ct,"ct:n=24,L=16,t=0,nn=1",1,"{""n"": 24.0, ""L"": 16.0, ""t"": 0.0, ""nn"": 1.0}",sv,ok,3.363798,3.3708,272777216,-2.117582368135751e-22,16777216,-2.117582368135751e-22,0.0,,"{""n"": 24, ""gates"": 547, ""g2"": 184, ""g3"": 0, ""depth2"": 16, ""t_count"": 0, ""rotations"": 0, ""d"": 0, ""dense_l"": 0.0, ""redundant"": 0, ""obs_zero"": true, ""frame_l"": 9.0954, ""chi_bits"": 8, ""mps_l"": 27.4588, ""hsf_k"": 8, ""hsf_na"": 12, ""hsf_nb"": 12, ""hsf_l"": 31.1808, ""sup"": 24, ""chi_bits0"": 8, ""mps_l0"": 27.4588, ""hsf_keff"": 7, ""hsf_l0"": 32.1808, ""sparse_l"": 33.0954, ""sv_l"": 33.0954, ""feat_secs"": 0.009915, ""feat_secs_frame"": 0.001277, ""feat_secs_hsf"": 0.008478}"
ct,"ct:n=24,L=16,t=0,nn=1",1,"{""n"": 24.0, ""L"": 16.0, ""t"": 0.0, ""nn"": 1.0}",sparse,skipped,,,,,,-2.117582368135751e-22,,,"{""n"": 24, ""gates"": 547, ""g2"": 184, ""g3"": 0, ""depth2"": 16, ""t_count"": 0, ""rotations"": 0, ""d"": 0, ""dense_l"": 0.0, ""redundant"": 0, ""obs_zero"": true, ""frame_l"": 9.0954, ""chi_bits"": 8, ""mps_l"": 27.4588, ""hsf_k"": 8, ""hsf_na"": 12, ""hsf_nb"": 12, ""hsf_l"": 31.1808, ""sup"": 24, ""chi_bits0"": 8, ""mps_l0"": 27.4588, ""hsf_keff"": 7, ""hsf_l0"": 32.1808, ""sparse_l"": 33.0954, ""sv_l"": 33.0954, ""feat_secs"": 0.009915, ""feat_secs_frame"": 0.001277, ""feat_secs_hsf"": 0.008478}"
ct,"ct:n=24,L=16,t=0,nn=1",1,"{""n"": 24.0, ""L"": 16.0, ""t"": 0.0, ""nn"": 1.0}",mps,ok,0.005624,0.0103,4243456,-7.561778351844134e-16,32,-2.117582368135751e-22,7.561776234261766e-16,,"{""n"": 24, ""gates"": 547, ""g2"": 184, ""g3"": 0, ""depth2"": 16, ""t_count"": 0, ""rotations"": 0, ""d"": 0, ""dense_l"": 0.0, ""redundant"": 0, ""obs_zero"": true, ""frame_l"": 9.0954, ""chi_bits"": 8, ""mps_l"": 27.4588, ""hsf_k"": 8, ""hsf_na"": 12, ""hsf_nb"": 12, ""hsf_l"": 31.1808, ""sup"": 24, ""chi_bits0"": 8, ""mps_l0"": 27.4588, ""hsf_keff"": 7, ""hsf_l0"": 32.1808, ""sparse_l"": 33.0954, ""sv_l"": 33.0954, ""feat_secs"": 0.009915, ""feat_secs_frame"": 0.001277, ""feat_secs_hsf"": 0.008478}"
ct,"ct:n=24,L=16,t=0,nn=1",1,"{""n"": 24.0, ""L"": 16.0, ""t"": 0.0, ""nn"": 1.0}",hsf,ok,0.612277,0.6170,284786688,1.522012327097571e-20,256,-2.117582368135751e-22,1.5431881507789284e-20,,"{""n"": 24, ""gates"": 547, ""g2"": 184, ""g3"": 0, ""depth2"": 16, ""t_count"": 0, ""rotations"": 0, ""d"": 0, ""dense_l"": 0.0, ""redundant"": 0, ""obs_zero"": true, ""frame_l"": 9.0954, ""chi_bits"": 8, ""mps_l"": 27.4588, ""hsf_k"": 8, ""hsf_na"": 12, ""hsf_nb"": 12, ""hsf_l"": 31.1808, ""sup"": 24, ""chi_bits0"": 8, ""mps_l0"": 27.4588, ""hsf_keff"": 7, ""hsf_l0"": 32.1808, ""sparse_l"": 33.0954, ""sv_l"": 33.0954, ""feat_secs"": 0.009915, ""feat_secs_frame"": 0.001277, ""feat_secs_hsf"": 0.008478}"
ct,"ct:n=24,L=16,t=0,nn=1",1,"{""n"": 24.0, ""L"": 16.0, ""t"": 0.0, ""nn"": 1.0}",tableau,ok,8.2e-05,0.0046,2162688,-0.0,0,-2.117582368135751e-22,2.117582368135751e-22,value recomputed after the C-vs-C† fix (timing from the original run),"{""n"": 24, ""gates"": 547, ""g2"": 184, ""g3"": 0, ""depth2"": 16, ""t_count"": 0, ""rotations"": 0, ""d"": 0, ""dense_l"": 0.0, ""redundant"": 0, ""obs_zero"": true, ""frame_l"": 9.0954, ""chi_bits"": 8, ""mps_l"": 27.4588, ""hsf_k"": 8, ""hsf_na"": 12, ""hsf_nb"": 12, ""hsf_l"": 31.1808, ""sup"": 24, ""chi_bits0"": 8, ""mps_l0"": 27.4588, ""hsf_keff"": 7, ""hsf_l0"": 32.1808, ""sparse_l"": 33.0954, ""sv_l"": 33.0954, ""feat_secs"": 0.009915, ""feat_secs_frame"": 0.001277, ""feat_secs_hsf"": 0.008478}"
ct,"ct:n=24,L=16,t=0,nn=1",1,"{""n"": 24.0, ""L"": 16.0, ""t"": 0.0, ""nn"": 1.0}",cstate,ok,0.000278,0.0042,2162688,0.0,0,-2.117582368135751e-22,2.117582368135751e-22,,"{""n"": 24, ""gates"": 547, ""g2"": 184, ""g3"": 0, ""depth2"": 16, ""t_count"": 0, ""rotations"": 0, ""d"": 0, ""dense_l"": 0.0, ""redundant"": 0, ""obs_zero"": true, ""frame_l"": 9.0954, ""chi_bits"": 8, ""mps_l"": 27.4588, ""hsf_k"": 8, ""hsf_na"": 12, ""hsf_nb"": 12, ""hsf_l"": 31.1808, ""sup"": 24, ""chi_bits0"": 8, ""mps_l0"": 27.4588, ""hsf_keff"": 7, ""hsf_l0"": 32.1808, ""sparse_l"": 33.0954, ""sv_l"": 33.0954, ""feat_secs"": 0.009915, ""feat_secs_frame"": 0.001277, ""feat_secs_hsf"": 0.008478}"
ct,"ct:n=24,L=16,t=0,nn=1",1,"{""n"": 24.0, ""L"": 16.0, ""t"": 0.0, ""nn"": 1.0}",frame,ok,0.000294,0.0044,2260992,-0.0,0,-2.117582368135751e-22,2.117582368135751e-22,switched_at=None dense_qubits=0 peak_terms=0 term_visits=0 dense_ops=0,"{""n"": 24, ""gates"": 547, ""g2"": 184, ""g3"": 0, ""depth2"": 16, ""t_count"": 0, ""rotations"": 0, ""d"": 0, ""dense_l"": 0.0, ""redundant"": 0, ""obs_zero"": true, ""frame_l"": 9.0954, ""chi_bits"": 8, ""mps_l"": 27.4588, ""hsf_k"": 8, ""hsf_na"": 12, ""hsf_nb"": 12, ""hsf_l"": 31.1808, ""sup"": 24, ""chi_bits0"": 8, ""mps_l0"": 27.4588, ""hsf_keff"": 7, ""hsf_l0"": 32.1808, ""sparse_l"": 33.0954, ""sv_l"": 33.0954, ""feat_secs"": 0.009915, ""feat_secs_frame"": 0.001277, ""feat_secs_hsf"": 0.008478}"
ct,"ct:n=24,L=16,t=0,nn=1",1,"{""n"": 24.0, ""L"": 16.0, ""t"": 0.0, ""nn"": 1.0}",dense,ok,0.000295,0.0046,2260992,-0.0,0,-2.117582368135751e-22,2.117582368135751e-22,switched_at=None dense_qubits=0 peak_terms=0 term_visits=0 dense_ops=0,"{""n"": 24, ""gates"": 547, ""g2"": 184, ""g3"": 0, ""depth2"": 16, ""t_count"": 0, ""rotations"": 0, ""d"": 0, ""dense_l"": 0.0, ""redundant"": 0, ""obs_zero"": true, ""frame_l"": 9.0954, ""chi_bits"": 8, ""mps_l"": 27.4588, ""hsf_k"": 8, ""hsf_na"": 12, ""hsf_nb"": 12, ""hsf_l"": 31.1808, ""sup"": 24, ""chi_bits0"": 8, ""mps_l0"": 27.4588, ""hsf_keff"": 7, ""hsf_l0"": 32.1808, ""sparse_l"": 33.0954, ""sv_l"": 33.0954, ""feat_secs"": 0.009915, ""feat_secs_frame"": 0.001277, ""feat_secs_hsf"": 0.008478}"
ct,"ct:n=24,L=16,t=0,nn=1",1,"{""n"": 24.0, ""L"": 16.0, ""t"": 0.0, ""nn"": 1.0}",auto,ok,0.000289,0.0045,2260992,-0.0,0,-2.117582368135751e-22,2.117582368135751e-22,switched_at=None dense_qubits=0 peak_terms=0 term_visits=0 dense_ops=0,"{""n"": 24, ""gates"": 547, ""g2"": 184, ""g3"": 0, ""depth2"": 16, ""t_count"": 0, ""rotations"": 0, ""d"": 0, ""dense_l"": 0.0, ""redundant"": 0, ""obs_zero"": true, ""frame_l"": 9.0954, ""chi_bits"": 8, ""mps_l"": 27.4588, ""hsf_k"": 8, ""hsf_na"": 12, ""hsf_nb"": 12, ""hsf_l"": 31.1808, ""sup"": 24, ""chi_bits0"": 8, ""mps_l0"": 27.4588, ""hsf_keff"": 7, ""hsf_l0"": 32.1808, ""sparse_l"": 33.0954, ""sv_l"": 33.0954, ""feat_secs"": 0.009915, ""feat_secs_frame"": 0.001277, ""feat_secs_hsf"": 0.008478}"
ct,"ct:n=24,L=16,t=2,nn=1",1,"{""n"": 24.0, ""L"": 16.0, ""t"": 2.0, ""nn"": 1.0}",sv,ok,3.434082,3.4392,272809984,5.082197683525802e-21,16777216,5.082197683525802e-21,0.0,,"{""n"": 24, ""gates"": 549, ""g2"": 184, ""g3"": 0, ""depth2"": 16, ""t_count"": 2, ""rotations"": 2, ""d"": 2, ""dense_l"": 2.585, ""redundant"": 0, ""obs_zero"": true, ""frame_l"": 9.1007, ""chi_bits"": 8, ""mps_l"": 27.4594, ""hsf_k"": 8, ""hsf_na"": 12, ""hsf_nb"": 12, ""hsf_l"": 31.1815, ""sup"": 24, ""chi_bits0"": 8, ""mps_l0"": 27.4594, ""hsf_keff"": 7, ""hsf_l0"": 32.1815, ""sparse_l"": 33.1007, ""sv_l"": 33.1007, ""feat_secs"": 0.007031, ""feat_secs_frame"": 0.00066, ""feat_secs_hsf"": 0.006215}"
ct,"ct:n=24,L=16,t=2,nn=1",1,"{""n"": 24.0, ""L"": 16.0, ""t"": 2.0, ""nn"": 1.0}",sparse,skipped,,,,,,5.082197683525802e-21,,,"{""n"": 24, ""gates"": 549, ""g2"": 184, ""g3"": 0, ""depth2"": 16, ""t_count"": 2, ""rotations"": 2, ""d"": 2, ""dense_l"": 2.585, ""redundant"": 0, ""obs_zero"": true, ""frame_l"": 9.1007, ""chi_bits"": 8, ""mps_l"": 27.4594, ""hsf_k"": 8, ""hsf_na"": 12, ""hsf_nb"": 12, ""hsf_l"": 31.1815, ""sup"": 24, ""chi_bits0"": 8, ""mps_l0"": 27.4594, ""hsf_keff"": 7, ""hsf_l0"": 32.1815, ""sparse_l"": 33.1007, ""sv_l"": 33.1007, ""feat_secs"": 0.007031, ""feat_secs_frame"": 0.00066, ""feat_secs_hsf"": 0.006215}"
ct,"ct:n=24,L=16,t=2,nn=1",1,"{""n"": 24.0, ""L"": 16.0, ""t"": 2.0, ""nn"": 1.0}",mps,ok,0.005236,0.0100,4227072,2.971304744768599e-30,32,5.082197683525802e-21,5.082197680554498e-21,,"{""n"": 24, ""gates"": 549, ""g2"": 184, ""g3"": 0, ""depth2"": 16, ""t_count"": 2, ""rotations"": 2, ""d"": 2, ""dense_l"": 2.585, ""redundant"": 0, ""obs_zero"": true, ""frame_l"": 9.1007, ""chi_bits"": 8, ""mps_l"": 27.4594, ""hsf_k"": 8, ""hsf_na"": 12, ""hsf_nb"": 12, ""hsf_l"": 31.1815, ""sup"": 24, ""chi_bits0"": 8, ""mps_l0"": 27.4594, ""hsf_keff"": 7, ""hsf_l0"": 32.1815, ""sparse_l"": 33.1007, ""sv_l"": 33.1007, ""feat_secs"": 0.007031, ""feat_secs_frame"": 0.00066, ""feat_secs_hsf"": 0.006215}"
ct,"ct:n=24,L=16,t=2,nn=1",1,"{""n"": 24.0, ""L"": 16.0, ""t"": 2.0, ""nn"": 1.0}",hsf,ok,0.58531,0.5899,284803072,-2.246966650828845e-17,256,5.082197683525802e-21,2.2474748705971975e-17,,"{""n"": 24, ""gates"": 549, ""g2"": 184, ""g3"": 0, ""depth2"": 16, ""t_count"": 2, ""rotations"": 2, ""d"": 2, ""dense_l"": 2.585, ""redundant"": 0, ""obs_zero"": true, ""frame_l"": 9.1007, ""chi_bits"": 8, ""mps_l"": 27.4594, ""hsf_k"": 8, ""hsf_na"": 12, ""hsf_nb"": 12, ""hsf_l"": 31.1815, ""sup"": 24, ""chi_bits0"": 8, ""mps_l0"": 27.4594, ""hsf_keff"": 7, ""hsf_l0"": 32.1815, ""sparse_l"": 33.1007, ""sv_l"": 33.1007, ""feat_secs"": 0.007031, ""feat_secs_frame"": 0.00066, ""feat_secs_hsf"": 0.006215}"
ct,"ct:n=24,L=16,t=2,nn=1",1,"{""n"": 24.0, ""L"": 16.0, ""t"": 2.0, ""nn"": 1.0}",tableau,na,,0.0045,1966080,,,5.082197683525802e-21,,"TooLarge { what: ""tableau (non-Clifford circuit)"", bytes: 0, limit: 0 }","{""n"": 24, ""gates"": 549, ""g2"": 184, ""g3"": 0, ""depth2"": 16, ""t_count"": 2, ""rotations"": 2, ""d"": 2, ""dense_l"": 2.585, ""redundant"": 0, ""obs_zero"": true, ""frame_l"": 9.1007, ""chi_bits"": 8, ""mps_l"": 27.4594, ""hsf_k"": 8, ""hsf_na"": 12, ""hsf_nb"": 12, ""hsf_l"": 31.1815, ""sup"": 24, ""chi_bits0"": 8, ""mps_l0"": 27.4594, ""hsf_keff"": 7, ""hsf_l0"": 32.1815, ""sparse_l"": 33.1007, ""sv_l"": 33.1007, ""feat_secs"": 0.007031, ""feat_secs_frame"": 0.00066, ""feat_secs_hsf"": 0.006215}"
ct,"ct:n=24,L=16,t=2,nn=1",1,"{""n"": 24.0, ""L"": 16.0, ""t"": 2.0, ""nn"": 1.0}",cstate,ok,0.000326,0.0056,2179072,0.0,2,5.082197683525802e-21,5.082197683525802e-21,,"{""n"": 24, ""gates"": 549, ""g2"": 184, ""g3"": 0, ""depth2"": 16, ""t_count"": 2, ""rotations"": 2, ""d"": 2, ""dense_l"": 2.585, ""redundant"": 0, ""obs_zero"": true, ""frame_l"": 9.1007, ""chi_bits"": 8, ""mps_l"": 27.4594, ""hsf_k"": 8, ""hsf_na"": 12, ""hsf_nb"": 12, ""hsf_l"": 31.1815, ""sup"": 24, ""chi_bits0"": 8, ""mps_l0"": 27.4594, ""hsf_keff"": 7, ""hsf_l0"": 32.1815, ""sparse_l"": 33.1007, ""sv_l"": 33.1007, ""feat_secs"": 0.007031, ""feat_secs_frame"": 0.00066, ""feat_secs_hsf"": 0.006215}"
ct,"ct:n=24,L=16,t=2,nn=1",1,"{""n"": 24.0, ""L"": 16.0, ""t"": 2.0, ""nn"": 1.0}",frame,ok,0.000399,0.0042,2572288,-0.0,0,5.082197683525802e-21,5.082197683525802e-21,switched_at=None dense_qubits=0 peak_terms=0 term_visits=0 dense_ops=0,"{""n"": 24, ""gates"": 549, ""g2"": 184, ""g3"": 0, ""depth2"": 16, ""t_count"": 2, ""rotations"": 2, ""d"": 2, ""dense_l"": 2.585, ""redundant"": 0, ""obs_zero"": true, ""frame_l"": 9.1007, ""chi_bits"": 8, ""mps_l"": 27.4594, ""hsf_k"": 8, ""hsf_na"": 12, ""hsf_nb"": 12, ""hsf_l"": 31.1815, ""sup"": 24, ""chi_bits0"": 8, ""mps_l0"": 27.4594, ""hsf_keff"": 7, ""hsf_l0"": 32.1815, ""sparse_l"": 33.1007, ""sv_l"": 33.1007, ""feat_secs"": 0.007031, ""feat_secs_frame"": 0.00066, ""feat_secs_hsf"": 0.006215}"
ct,"ct:n=24,L=16,t=2,nn=1",1,"{""n"": 24.0, ""L"": 16.0, ""t"": 2.0, ""nn"": 1.0}",dense,ok,0.000288,0.0064,2293760,0.0,2,5.082197683525802e-21,5.082197683525802e-21,switched_at=Some(2) dense_qubits=2 peak_terms=0 term_visits=0 dense_ops=6,"{""n"": 24, ""gates"": 549, ""g2"": 184, ""g3"": 0, ""depth2"": 16, ""t_count"": 2, ""rotations"": 2, ""d"": 2, ""dense_l"": 2.585, ""redundant"": 0, ""obs_zero"": true, ""frame_l"": 9.1007, ""chi_bits"": 8, ""mps_l"": 27.4594, ""hsf_k"": 8, ""hsf_na"": 12, ""hsf_nb"": 12, ""hsf_l"": 31.1815, ""sup"": 24, ""chi_bits0"": 8, ""mps_l0"": 27.4594, ""hsf_keff"": 7, ""hsf_l0"": 32.1815, ""sparse_l"": 33.1007, ""sv_l"": 33.1007, ""feat_secs"": 0.007031, ""feat_secs_frame"": 0.00066, ""feat_secs_hsf"": 0.006215}"
ct,"ct:n=24,L=16,t=2,nn=1",1,"{""n"": 24.0, ""L"": 16.0, ""t"": 2.0, ""nn"": 1.0}",auto,ok,0.000281,0.0042,2293760,0.0,2,5.082197683525802e-21,5.082197683525802e-21,switched_at=Some(2) dense_qubits=2 peak_terms=0 term_visits=0 dense_ops=6,"{""n"": 24, ""gates"": 549, ""g2"": 184, ""g3"": 0, ""depth2"": 16, ""t_count"": 2, ""rotations"": 2, ""d"": 2, ""dense_l"": 2.585, ""redundant"": 0, ""obs_zero"": true, ""frame_l"": 9.1007, ""chi_bits"": 8, ""mps_l"": 27.4594, ""hsf_k"": 8, ""hsf_na"": 12, ""hsf_nb"": 12, ""hsf_l"": 31.1815, ""sup"": 24, ""chi_bits0"": 8, ""mps_l0"": 27.4594, ""hsf_keff"": 7, ""hsf_l0"": 32.1815, ""sparse_l"": 33.1007, ""sv_l"": 33.1007, ""feat_secs"": 0.007031, ""feat_secs_frame"": 0.00066, ""feat_secs_hsf"": 0.006215}"
ct,"ct:n=24,L=16,t=4,nn=1",1,"{""n"": 24.0, ""L"": 16.0, ""t"": 4.0, ""nn"": 1.0}",sv,ok,3.474575,3.4796,272809984,2.724666763300669e-17,16777216,2.724666763300669e-17,0.0,,"{""n"": 24, ""gates"": 552, ""g2"": 184, ""g3"": 0, ""depth2"": 16, ""t_count"": 4, ""rotations"": 4, ""d"": 4, ""dense_l"": 4.9069, ""redundant"": 0, ""obs_zero"": true, ""frame_l"": 9.1085, ""chi_bits"": 8, ""mps_l"": 27.4592, ""hsf_k"": 8, ""hsf_na"": 12, ""hsf_nb"": 12, ""hsf_l"": 31.1824, ""sup"": 24, ""chi_bits0"": 8, ""mps_l0"": 27.4592, ""hsf_keff"": 7, ""hsf_l0"": 32.1824, ""sparse_l"": 33.1085, ""sv_l"": 33.1085, ""feat_secs"": 0.01248, ""feat_secs_frame"": 0.000608, ""feat_secs_hsf"": 0.011426}"
ct,"ct:n=24,L=16,t=4,nn=1",1,"{""n"": 24.0, ""L"": 16.0, ""t"": 4.0, ""nn"": 1.0}",sparse,skipped,,,,,,2.724666763300669e-17,,,"{""n"": 24, ""gates"": 552, ""g2"": 184, ""g3"": 0, ""depth2"": 16, ""t_count"": 4, ""rotations"": 4, ""d"": 4, ""dense_l"": 4.9069, ""redundant"": 0, ""obs_zero"": true, ""frame_l"": 9.1085, ""chi_bits"": 8, ""mps_l"": 27.4592, ""hsf_k"": 8, ""hsf_na"": 12, ""hsf_nb"": 12, ""hsf_l"": 31.1824, ""sup"": 24, ""chi_bits0"": 8, ""mps_l0"": 27.4592, ""hsf_keff"": 7, ""hsf_l0"": 32.1824, ""sparse_l"": 33.1085, ""sv_l"": 33.1085, ""feat_secs"": 0.01248, ""feat_secs_frame"": 0.000608, ""feat_secs_hsf"": 0.011426}"
ct,"ct:n=24,L=16,t=4,nn=1",1,"{""n"": 24.0, ""L"": 16.0, ""t"": 4.0, ""nn"": 1.0}",mps,ok,0.005981,0.0134,4243456,1.752683109208424e-16,32,2.724666763300669e-17,1.4802164328783572e-16,,"{""n"": 24, ""gates"": 552, ""g2"": 184, ""g3"": 0, ""depth2"": 16, ""t_count"": 4, ""rotations"": 4, ""d"": 4, ""dense_l"": 4.9069, ""redundant"": 0, ""obs_zero"": true, ""frame_l"": 9.1085, ""chi_bits"": 8, ""mps_l"": 27.4592, ""hsf_k"": 8, ""hsf_na"": 12, ""hsf_nb"": 12, ""hsf_l"": 31.1824, ""sup"": 24, ""chi_bits0"": 8, ""mps_l0"": 27.4592, ""hsf_keff"": 7, ""hsf_l0"": 32.1824, ""sparse_l"": 33.1085, ""sv_l"": 33.1085, ""feat_secs"": 0.01248, ""feat_secs_frame"": 0.000608, ""feat_secs_hsf"": 0.011426}"
ct,"ct:n=24,L=16,t=4,nn=1",1,"{""n"": 24.0, ""L"": 16.0, ""t"": 4.0, ""nn"": 1.0}",hsf,ok,0.62008,0.6266,284835840,-4.294192344783286e-19,256,2.724666763300669e-17,2.7676086867485018e-17,,"{""n"": 24, ""gates"": 552, ""g2"": 184, ""g3"": 0, ""depth2"": 16, ""t_count"": 4, ""rotations"": 4, ""d"": 4, ""dense_l"": 4.9069, ""redundant"": 0, ""obs_zero"": true, ""frame_l"": 9.1085, ""chi_bits"": 8, ""mps_l"": 27.4592, ""hsf_k"": 8, ""hsf_na"": 12, ""hsf_nb"": 12, ""hsf_l"": 31.1824, ""sup"": 24, ""chi_bits0"": 8, ""mps_l0"": 27.4592, ""hsf_keff"": 7, ""hsf_l0"": 32.1824, ""sparse_l"": 33.1085, ""sv_l"": 33.1085, ""feat_secs"": 0.01248, ""feat_secs_frame"": 0.000608, ""feat_secs_hsf"": 0.011426}"
ct,"ct:n=24,L=16,t=4,nn=1",1,"{""n"": 24.0, ""L"": 16.0, ""t"": 4.0, ""nn"": 1.0}",tableau,na,,0.0045,1966080,,,2.724666763300669e-17,,"TooLarge { what: ""tableau (non-Clifford circuit)"", bytes: 0, limit: 0 }","{""n"": 24, ""gates"": 552, ""g2"": 184, ""g3"": 0, ""depth2"": 16, ""t_count"": 4, ""rotations"": 4, ""d"": 4, ""dense_l"": 4.9069, ""redundant"": 0, ""obs_zero"": true, ""frame_l"": 9.1085, ""chi_bits"": 8, ""mps_l"": 27.4592, ""hsf_k"": 8, ""hsf_na"": 12, ""hsf_nb"": 12, ""hsf_l"": 31.1824, ""sup"": 24, ""chi_bits0"": 8, ""mps_l0"": 27.4592, ""hsf_keff"": 7, ""hsf_l0"": 32.1824, ""sparse_l"": 33.1085, ""sv_l"": 33.1085, ""feat_secs"": 0.01248, ""feat_secs_frame"": 0.000608, ""feat_secs_hsf"": 0.011426}"
ct,"ct:n=24,L=16,t=4,nn=1",1,"{""n"": 24.0, ""L"": 16.0, ""t"": 4.0, ""nn"": 1.0}",cstate,ok,0.000282,0.0042,2162688,0.0,4,2.724666763300669e-17,2.724666763300669e-17,,"{""n"": 24, ""gates"": 552, ""g2"": 184, ""g3"": 0, ""depth2"": 16, ""t_count"": 4, ""rotations"": 4, ""d"": 4, ""dense_l"": 4.9069, ""redundant"": 0, ""obs_zero"": true, ""frame_l"": 9.1085, ""chi_bits"": 8, ""mps_l"": 27.4592, ""hsf_k"": 8, ""hsf_na"": 12, ""hsf_nb"": 12, ""hsf_l"": 31.1824, ""sup"": 24, ""chi_bits0"": 8, ""mps_l0"": 27.4592, ""hsf_keff"": 7, ""hsf_l0"": 32.1824, ""sparse_l"": 33.1085, ""sv_l"": 33.1085, ""feat_secs"": 0.01248, ""feat_secs_frame"": 0.000608, ""feat_secs_hsf"": 0.011426}"
ct,"ct:n=24,L=16,t=4,nn=1",1,"{""n"": 24.0, ""L"": 16.0, ""t"": 4.0, ""nn"": 1.0}",frame,ok,0.000359,0.0068,2555904,-0.0,0,2.724666763300669e-17,2.724666763300669e-17,switched_at=None dense_qubits=0 peak_terms=0 term_visits=0 dense_ops=0,"{""n"": 24, ""gates"": 552, ""g2"": 184, ""g3"": 0, ""depth2"": 16, ""t_count"": 4, ""rotations"": 4, ""d"": 4, ""dense_l"": 4.9069, ""redundant"": 0, ""obs_zero"": true, ""frame_l"": 9.1085, ""chi_bits"": 8, ""mps_l"": 27.4592, ""hsf_k"": 8, ""hsf_na"": 12, ""hsf_nb"": 12, ""hsf_l"": 31.1824, ""sup"": 24, ""chi_bits0"": 8, ""mps_l0"": 27.4592, ""hsf_keff"": 7, ""hsf_l0"": 32.1824, ""sparse_l"": 33.1085, ""sv_l"": 33.1085, ""feat_secs"": 0.01248, ""feat_secs_frame"": 0.000608, ""feat_secs_hsf"": 0.011426}"
ct,"ct:n=24,L=16,t=4,nn=1",1,"{""n"": 24.0, ""L"": 16.0, ""t"": 4.0, ""nn"": 1.0}",dense,ok,0.000293,0.0048,2293760,0.0,4,2.724666763300669e-17,2.724666763300669e-17,switched_at=Some(4) dense_qubits=4 peak_terms=0 term_visits=0 dense_ops=30,"{""n"": 24, ""gates"": 552, ""g2"": 184, ""g3"": 0, ""depth2"": 16, ""t_count"": 4, ""rotations"": 4, ""d"": 4, ""dense_l"": 4.9069, ""redundant"": 0, ""obs_zero"": true, ""frame_l"": 9.1085, ""chi_bits"": 8, ""mps_l"": 27.4592, ""hsf_k"": 8, ""hsf_na"": 12, ""hsf_nb"": 12, ""hsf_l"": 31.1824, ""sup"": 24, ""chi_bits0"": 8, ""mps_l0"": 27.4592, ""hsf_keff"": 7, ""hsf_l0"": 32.1824, ""sparse_l"": 33.1085, ""sv_l"": 33.1085, ""feat_secs"": 0.01248, ""feat_secs_frame"": 0.000608, ""feat_secs_hsf"": 0.011426}"
ct,"ct:n=24,L=16,t=4,nn=1",1,"{""n"": 24.0, ""L"": 16.0, ""t"": 4.0, ""nn"": 1.0}",auto,ok,0.000304,0.0071,2293760,0.0,4,2.724666763300669e-17,2.724666763300669e-17,switched_at=Some(4) dense_qubits=4 peak_terms=0 term_visits=0 dense_ops=30,"{""n"": 24, ""gates"": 552, ""g2"": 184, ""g3"": 0, ""depth2"": 16, ""t_count"": 4, ""rotations"": 4, ""d"": 4, ""dense_l"": 4.9069, ""redundant"": 0, ""obs_zero"": true, ""frame_l"": 9.1085, ""chi_bits"": 8, ""mps_l"": 27.4592, ""hsf_k"": 8, ""hsf_na"": 12, ""hsf_nb"": 12, ""hsf_l"": 31.1824, ""sup"": 24, ""chi_bits0"": 8, ""mps_l0"": 27.4592, ""hsf_keff"": 7, ""hsf_l0"": 32.1824, ""sparse_l"": 33.1085, ""sv_l"": 33.1085, ""feat_secs"": 0.01248, ""feat_secs_frame"": 0.000608, ""feat_secs_hsf"": 0.011426}"
ct,"ct:n=24,L=16,t=8,nn=1",1,"{""n"": 24.0, ""L"": 16.0, ""t"": 8.0, ""nn"": 1.0}",sv,ok,3.403639,3.4107,272826368,4.958848510581895e-19,16777216,4.958848510581895e-19,0.0,,"{""n"": 24, ""gates"": 555, ""g2"": 184, ""g3"": 0, ""depth2"": 16, ""t_count"": 8, ""rotations"": 8, ""d"": 8, ""dense_l"": 8.9944, ""redundant"": 0, ""obs_zero"": true, ""frame_l"": 9.1163, ""chi_bits"": 8, ""mps_l"": 27.4605, ""hsf_k"": 8, ""hsf_na"": 12, ""hsf_nb"": 12, ""hsf_l"": 31.1833, ""sup"": 24, ""chi_bits0"": 8, ""mps_l0"": 27.4605, ""hsf_keff"": 7, ""hsf_l0"": 32.1833, ""sparse_l"": 33.1163, ""sv_l"": 33.1163, ""feat_secs"": 0.008014, ""feat_secs_frame"": 0.00076, ""feat_secs_hsf"": 0.007074}"
ct,"ct:n=24,L=16,t=8,nn=1",1,"{""n"": 24.0, ""L"": 16.0, ""t"": 8.0, ""nn"": 1.0}",sparse,skipped,,,,,,4.958848510581895e-19,,,"{""n"": 24, ""gates"": 555, ""g2"": 184, ""g3"": 0, ""depth2"": 16, ""t_count"": 8, ""rotations"": 8, ""d"": 8, ""dense_l"": 8.9944, ""redundant"": 0, ""obs_zero"": true, ""frame_l"": 9.1163, ""chi_bits"": 8, ""mps_l"": 27.4605, ""hsf_k"": 8, ""hsf_na"": 12, ""hsf_nb"": 12, ""hsf_l"": 31.1833, ""sup"": 24, ""chi_bits0"": 8, ""mps_l0"": 27.4605, ""hsf_keff"": 7, ""hsf_l0"": 32.1833, ""sparse_l"": 33.1163, ""sv_l"": 33.1163, ""feat_secs"": 0.008014, ""feat_secs_frame"": 0.00076, ""feat_secs_hsf"": 0.007074}"
ct,"ct:n=24,L=16,t=8,nn=1",1,"{""n"": 24.0, ""L"": 16.0, ""t"": 8.0, ""nn"": 1.0}",mps,ok,0.014292,0.0211,5029888,2.087708059715769e-31,64,4.958848510581895e-19,4.958848510579807e-19,,"{""n"": 24, ""gates"": 555, ""g2"": 184, ""g3"": 0, ""depth2"": 16, ""t_count"": 8, ""rotations"": 8, ""d"": 8, ""dense_l"": 8.9944, ""redundant"": 0, ""obs_zero"": true, ""frame_l"": 9.1163, ""chi_bits"": 8, ""mps_l"": 27.4605, ""hsf_k"": 8, ""hsf_na"": 12, ""hsf_nb"": 12, ""hsf_l"": 31.1833, ""sup"": 24, ""chi_bits0"": 8, ""mps_l0"": 27.4605, ""hsf_keff"": 7, ""hsf_l0"": 32.1833, ""sparse_l"": 33.1163, ""sv_l"": 33.1163, ""feat_secs"": 0.008014, ""feat_secs_frame"": 0.00076, ""feat_secs_hsf"": 0.007074}"
ct,"ct:n=24,L=16,t=8,nn=1",1,"{""n"": 24.0, ""L"": 16.0, ""t"": 8.0, ""nn"": 1.0}",hsf,ok,0.630422,0.6369,284786688,1.167939320255473e-18,256,4.958848510581895e-19,6.720544691972835e-19,,"{""n"": 24, ""gates"": 555, ""g2"": 184, ""g3"": 0, ""depth2"": 16, ""t_count"": 8, ""rotations"": 8, ""d"": 8, ""dense_l"": 8.9944, ""redundant"": 0, ""obs_zero"": true, ""frame_l"": 9.1163, ""chi_bits"": 8, ""mps_l"": 27.4605, ""hsf_k"": 8, ""hsf_na"": 12, ""hsf_nb"": 12, ""hsf_l"": 31.1833, ""sup"": 24, ""chi_bits0"": 8, ""mps_l0"": 27.4605, ""hsf_keff"": 7, ""hsf_l0"": 32.1833, ""sparse_l"": 33.1163, ""sv_l"": 33.1163, ""feat_secs"": 0.008014, ""feat_secs_frame"": 0.00076, ""feat_secs_hsf"": 0.007074}"
ct,"ct:n=24,L=16,t=8,nn=1",1,"{""n"": 24.0, ""L"": 16.0, ""t"": 8.0, ""nn"": 1.0}",tableau,na,,0.0047,1966080,,,4.958848510581895e-19,,"TooLarge { what: ""tableau (non-Clifford circuit)"", bytes: 0, limit: 0 }","{""n"": 24, ""gates"": 555, ""g2"": 184, ""g3"": 0, ""depth2"": 16, ""t_count"": 8, ""rotations"": 8, ""d"": 8, ""dense_l"": 8.9944, ""redundant"": 0, ""obs_zero"": true, ""frame_l"": 9.1163, ""chi_bits"": 8, ""mps_l"": 27.4605, ""hsf_k"": 8, ""hsf_na"": 12, ""hsf_nb"": 12, ""hsf_l"": 31.1833, ""sup"": 24, ""chi_bits0"": 8, ""mps_l0"": 27.4605, ""hsf_keff"": 7, ""hsf_l0"": 32.1833, ""sparse_l"": 33.1163, ""sv_l"": 33.1163, ""feat_secs"": 0.008014, ""feat_secs_frame"": 0.00076, ""feat_secs_hsf"": 0.007074}"
ct,"ct:n=24,L=16,t=8,nn=1",1,"{""n"": 24.0, ""L"": 16.0, ""t"": 8.0, ""nn"": 1.0}",cstate,ok,0.000295,0.0046,2179072,0.0,8,4.958848510581895e-19,4.958848510581895e-19,,"{""n"": 24, ""gates"": 555, ""g2"": 184, ""g3"": 0, ""depth2"": 16, ""t_count"": 8, ""rotations"": 8, ""d"": 8, ""dense_l"": 8.9944, ""redundant"": 0, ""obs_zero"": true, ""frame_l"": 9.1163, ""chi_bits"": 8, ""mps_l"": 27.4605, ""hsf_k"": 8, ""hsf_na"": 12, ""hsf_nb"": 12, ""hsf_l"": 31.1833, ""sup"": 24, ""chi_bits0"": 8, ""mps_l0"": 27.4605, ""hsf_keff"": 7, ""hsf_l0"": 32.1833, ""sparse_l"": 33.1163, ""sv_l"": 33.1163, ""feat_secs"": 0.008014, ""feat_secs_frame"": 0.00076, ""feat_secs_hsf"": 0.007074}"
ct,"ct:n=24,L=16,t=8,nn=1",1,"{""n"": 24.0, ""L"": 16.0, ""t"": 8.0, ""nn"": 1.0}",frame,ok,0.000432,0.0078,2572288,-0.0,0,4.958848510581895e-19,4.958848510581895e-19,switched_at=None dense_qubits=0 peak_terms=0 term_visits=0 dense_ops=0,"{""n"": 24, ""gates"": 555, ""g2"": 184, ""g3"": 0, ""depth2"": 16, ""t_count"": 8, ""rotations"": 8, ""d"": 8, ""dense_l"": 8.9944, ""redundant"": 0, ""obs_zero"": true, ""frame_l"": 9.1163, ""chi_bits"": 8, ""mps_l"": 27.4605, ""hsf_k"": 8, ""hsf_na"": 12, ""hsf_nb"": 12, ""hsf_l"": 31.1833, ""sup"": 24, ""chi_bits0"": 8, ""mps_l0"": 27.4605, ""hsf_keff"": 7, ""hsf_l0"": 32.1833, ""sparse_l"": 33.1163, ""sv_l"": 33.1163, ""feat_secs"": 0.008014, ""feat_secs_frame"": 0.00076, ""feat_secs_hsf"": 0.007074}"
ct,"ct:n=24,L=16,t=8,nn=1",1,"{""n"": 24.0, ""L"": 16.0, ""t"": 8.0, ""nn"": 1.0}",dense,ok,0.000299,0.0046,2310144,0.0,8,4.958848510581895e-19,4.958848510581895e-19,switched_at=Some(8) dense_qubits=8 peak_terms=0 term_visits=0 dense_ops=510,"{""n"": 24, ""gates"": 555, ""g2"": 184, ""g3"": 0, ""depth2"": 16, ""t_count"": 8, ""rotations"": 8, ""d"": 8, ""dense_l"": 8.9944, ""redundant"": 0, ""obs_zero"": true, ""frame_l"": 9.1163, ""chi_bits"": 8, ""mps_l"": 27.4605, ""hsf_k"": 8, ""hsf_na"": 12, ""hsf_nb"": 12, ""hsf_l"": 31.1833, ""sup"": 24, ""chi_bits0"": 8, ""mps_l0"": 27.4605, ""hsf_keff"": 7, ""hsf_l0"": 32.1833, ""sparse_l"": 33.1163, ""sv_l"": 33.1163, ""feat_secs"": 0.008014, ""feat_secs_frame"": 0.00076, ""feat_secs_hsf"": 0.007074}"
ct,"ct:n=24,L=16,t=8,nn=1",1,"{""n"": 24.0, ""L"": 16.0, ""t"": 8.0, ""nn"": 1.0}",auto,ok,0.000418,0.0046,2555904,-0.0,0,4.958848510581895e-19,4.958848510581895e-19,switched_at=None dense_qubits=0 peak_terms=0 term_visits=0 dense_ops=0,"{""n"": 24, ""gates"": 555, ""g2"": 184, ""g3"": 0, ""depth2"": 16, ""t_count"": 8, ""rotations"": 8, ""d"": 8, ""dense_l"": 8.9944, ""redundant"": 0, ""obs_zero"": true, ""frame_l"": 9.1163, ""chi_bits"": 8, ""mps_l"": 27.4605, ""hsf_k"": 8, ""hsf_na"": 12, ""hsf_nb"": 12, ""hsf_l"": 31.1833, ""sup"": 24, ""chi_bits0"": 8, ""mps_l0"": 27.4605, ""hsf_keff"": 7, ""hsf_l0"": 32.1833, ""sparse_l"": 33.1163, ""sv_l"": 33.1163, ""feat_secs"": 0.008014, ""feat_secs_frame"": 0.00076, ""feat_secs_hsf"": 0.007074}"
ct,"ct:n=24,L=16,t=12,nn=1",1,"{""n"": 24.0, ""L"": 16.0, ""t"": 12.0, ""nn"": 1.0}",sv,ok,3.376117,3.3810,272842752,-2.604202796333346e-18,16777216,-2.604202796333346e-18,0.0,,"{""n"": 24, ""gates"": 568, ""g2"": 184, ""g3"": 0, ""depth2"": 16, ""t_count"": 12, ""rotations"": 12, ""d"": 9, ""dense_l"": 10.0362, ""redundant"": 3, ""obs_zero"": true, ""frame_l"": 9.1497, ""chi_bits"": 8, ""mps_l"": 27.4612, ""hsf_k"": 8, ""hsf_na"": 12, ""hsf_nb"": 12, ""hsf_l"": 32.1874, ""sup"": 24, ""chi_bits0"": 8, ""mps_l0"": 27.4612, ""hsf_keff"": 8, ""hsf_l0"": 32.1874, ""sparse_l"": 33.1497, ""sv_l"": 33.1497, ""feat_secs"": 0.008181, ""feat_secs_frame"": 0.000807, ""feat_secs_hsf"": 0.007197}"
ct,"ct:n=24,L=16,t=12,nn=1",1,"{""n"": 24.0, ""L"": 16.0, ""t"": 12.0, ""nn"": 1.0}",sparse,skipped,,,,,,-2.604202796333346e-18,,,"{""n"": 24, ""gates"": 568, ""g2"": 184, ""g3"": 0, ""depth2"": 16, ""t_count"": 12, ""rotations"": 12, ""d"": 9, ""dense_l"": 10.0362, ""redundant"": 3, ""obs_zero"": true, ""frame_l"": 9.1497, ""chi_bits"": 8, ""mps_l"": 27.4612, ""hsf_k"": 8, ""hsf_na"": 12, ""hsf_nb"": 12, ""hsf_l"": 32.1874, ""sup"": 24, ""chi_bits0"": 8, ""mps_l0"": 27.4612, ""hsf_keff"": 8, ""hsf_l0"": 32.1874, ""sparse_l"": 33.1497, ""sv_l"": 33.1497, ""feat_secs"": 0.008181, ""feat_secs_frame"": 0.000807, ""feat_secs_hsf"": 0.007197}"
ct,"ct:n=24,L=16,t=12,nn=1",1,"{""n"": 24.0, ""L"": 16.0, ""t"": 12.0, ""nn"": 1.0}",mps,ok,0.001598,0.0075,2965504,-1.099495570041794e-15,16,-2.604202796333346e-18,1.0968913672454607e-15,,"{""n"": 24, ""gates"": 568, ""g2"": 184, ""g3"": 0, ""depth2"": 16, ""t_count"": 12, ""rotations"": 12, ""d"": 9, ""dense_l"": 10.0362, ""redundant"": 3, ""obs_zero"": true, ""frame_l"": 9.1497, ""chi_bits"": 8, ""mps_l"": 27.4612, ""hsf_k"": 8, ""hsf_na"": 12, ""hsf_nb"": 12, ""hsf_l"": 32.1874, ""sup"": 24, ""chi_bits0"": 8, ""mps_l0"": 27.4612, ""hsf_keff"": 8, ""hsf_l0"": 32.1874, ""sparse_l"": 33.1497, ""sv_l"": 33.1497, ""feat_secs"": 0.008181, ""feat_secs_frame"": 0.000807, ""feat_secs_hsf"": 0.007197}"
ct,"ct:n=24,L=16,t=12,nn=1",1,"{""n"": 24.0, ""L"": 16.0, ""t"": 12.0, ""nn"": 1.0}",hsf,ok,1.130066,1.1360,284884992,-8.374716658154734e-17,256,-2.604202796333346e-18,8.114296378521399e-17,,"{""n"": 24, ""gates"": 568, ""g2"": 184, ""g3"": 0, ""depth2"": 16, ""t_count"": 12, ""rotations"": 12, ""d"": 9, ""dense_l"": 10.0362, ""redundant"": 3, ""obs_zero"": true, ""frame_l"": 9.1497, ""chi_bits"": 8, ""mps_l"": 27.4612, ""hsf_k"": 8, ""hsf_na"": 12, ""hsf_nb"": 12, ""hsf_l"": 32.1874, ""sup"": 24, ""chi_bits0"": 8, ""mps_l0"": 27.4612, ""hsf_keff"": 8, ""hsf_l0"": 32.1874, ""sparse_l"": 33.1497, ""sv_l"": 33.1497, ""feat_secs"": 0.008181, ""feat_secs_frame"": 0.000807, ""feat_secs_hsf"": 0.007197}"
ct,"ct:n=24,L=16,t=12,nn=1",1,"{""n"": 24.0, ""L"": 16.0, ""t"": 12.0, ""nn"": 1.0}",tableau,na,,0.0067,1966080,,,-2.604202796333346e-18,,"TooLarge { what: ""tableau (non-Clifford circuit)"", bytes: 0, limit: 0 }","{""n"": 24, ""gates"": 568, ""g2"": 184, ""g3"": 0, ""depth2"": 16, ""t_count"": 12, ""rotations"": 12, ""d"": 9, ""dense_l"": 10.0362, ""redundant"": 3, ""obs_zero"": true, ""frame_l"": 9.1497, ""chi_bits"": 8, ""mps_l"": 27.4612, ""hsf_k"": 8, ""hsf_na"": 12, ""hsf_nb"": 12, ""hsf_l"": 32.1874, ""sup"": 24, ""chi_bits0"": 8, ""mps_l0"": 27.4612, ""hsf_keff"": 8, ""hsf_l0"": 32.1874, ""sparse_l"": 33.1497, ""sv_l"": 33.1497, ""feat_secs"": 0.008181, ""feat_secs_frame"": 0.000807, ""feat_secs_hsf"": 0.007197}"
ct,"ct:n=24,L=16,t=12,nn=1",1,"{""n"": 24.0, ""L"": 16.0, ""t"": 12.0, ""nn"": 1.0}",cstate,ok,0.000288,0.0070,2162688,0.0,9,-2.604202796333346e-18,2.604202796333346e-18,,"{""n"": 24, ""gates"": 568, ""g2"": 184, ""g3"": 0, ""depth2"": 16, ""t_count"": 12, ""rotations"": 12, ""d"": 9, ""dense_l"": 10.0362, ""redundant"": 3, ""obs_zero"": true, ""frame_l"": 9.1497, ""chi_bits"": 8, ""mps_l"": 27.4612, ""hsf_k"": 8, ""hsf_na"": 12, ""hsf_nb"": 12, ""hsf_l"": 32.1874, ""sup"": 24, ""chi_bits0"": 8, ""mps_l0"": 27.4612, ""hsf_keff"": 8, ""hsf_l0"": 32.1874, ""sparse_l"": 33.1497, ""sv_l"": 33.1497, ""feat_secs"": 0.008181, ""feat_secs_frame"": 0.000807, ""feat_secs_hsf"": 0.007197}"
ct,"ct:n=24,L=16,t=12,nn=1",1,"{""n"": 24.0, ""L"": 16.0, ""t"": 12.0, ""nn"": 1.0}",frame,ok,0.00042,0.0044,2555904,-0.0,0,-2.604202796333346e-18,2.604202796333346e-18,switched_at=None dense_qubits=0 peak_terms=0 term_visits=0 dense_ops=0,"{""n"": 24, ""gates"": 568, ""g2"": 184, ""g3"": 0, ""depth2"": 16, ""t_count"": 12, ""rotations"": 12, ""d"": 9, ""dense_l"": 10.0362, ""redundant"": 3, ""obs_zero"": true, ""frame_l"": 9.1497, ""chi_bits"": 8, ""mps_l"": 27.4612, ""hsf_k"": 8, ""hsf_na"": 12, ""hsf_nb"": 12, ""hsf_l"": 32.1874, ""sup"": 24, ""chi_bits0"": 8, ""mps_l0"": 27.4612, ""hsf_keff"": 8, ""hsf_l0"": 32.1874, ""sparse_l"": 33.1497, ""sv_l"": 33.1497, ""feat_secs"": 0.008181, ""feat_secs_frame"": 0.000807, ""feat_secs_hsf"": 0.007197}"
ct,"ct:n=24,L=16,t=12,nn=1",1,"{""n"": 24.0, ""L"": 16.0, ""t"": 12.0, ""nn"": 1.0}",dense,ok,0.000297,0.0044,2293760,0.0,9,-2.604202796333346e-18,2.604202796333346e-18,switched_at=Some(12) dense_qubits=9 peak_terms=0 term_visits=0 dense_ops=1050,"{""n"": 24, ""gates"": 568, ""g2"": 184, ""g3"": 0, ""depth2"": 16, ""t_count"": 12, ""rotations"": 12, ""d"": 9, ""dense_l"": 10.0362, ""redundant"": 3, ""obs_zero"": true, ""frame_l"": 9.1497, ""chi_bits"": 8, ""mps_l"": 27.4612, ""hsf_k"": 8, ""hsf_na"": 12, ""hsf_nb"": 12, ""hsf_l"": 32.1874, ""sup"": 24, ""chi_bits0"": 8, ""mps_l0"": 27.4612, ""hsf_keff"": 8, ""hsf_l0"": 32.1874, ""sparse_l"": 33.1497, ""sv_l"": 33.1497, ""feat_secs"": 0.008181, ""feat_secs_frame"": 0.000807, ""feat_secs_hsf"": 0.007197}"
ct,"ct:n=24,L=16,t=12,nn=1",1,"{""n"": 24.0, ""L"": 16.0, ""t"": 12.0, ""nn"": 1.0}",auto,ok,0.000395,0.0065,2555904,-0.0,0,-2.604202796333346e-18,2.604202796333346e-18,switched_at=None dense_qubits=0 peak_terms=0 term_visits=0 dense_ops=0,"{""n"": 24, ""gates"": 568, ""g2"": 184, ""g3"": 0, ""depth2"": 16, ""t_count"": 12, ""rotations"": 12, ""d"": 9, ""dense_l"": 10.0362, ""redundant"": 3, ""obs_zero"": true, ""frame_l"": 9.1497, ""chi_bits"": 8, ""mps_l"": 27.4612, ""hsf_k"": 8, ""hsf_na"": 12, ""hsf_nb"": 12, ""hsf_l"": 32.1874, ""sup"": 24, ""chi_bits0"": 8, ""mps_l0"": 27.4612, ""hsf_keff"": 8, ""hsf_l0"": 32.1874, ""sparse_l"": 33.1497, ""sv_l"": 33.1497, ""feat_secs"": 0.008181, ""feat_secs_frame"": 0.000807, ""feat_secs_hsf"": 0.007197}"
ct,"ct:n=24,L=16,t=16,nn=1",1,"{""n"": 24.0, ""L"": 16.0, ""t"": 16.0, ""nn"": 1.0}",sv,ok,3.418288,3.4235,272842752,1.513738597260129e-16,16777216,1.513738597260129e-16,0.0,,"{""n"": 24, ""gates"": 563, ""g2"": 184, ""g3"": 0, ""depth2"": 16, ""t_count"": 16, ""rotations"": 16, ""d"": 14, ""dense_l"": 15.0028, ""redundant"": 2, ""obs_zero"": true, ""frame_l"": 9.137, ""chi_bits"": 8, ""mps_l"": 27.4625, ""hsf_k"": 8, ""hsf_na"": 12, ""hsf_nb"": 12, ""hsf_l"": 31.1858, ""sup"": 24, ""chi_bits0"": 8, ""mps_l0"": 27.4625, ""hsf_keff"": 7, ""hsf_l0"": 32.1858, ""sparse_l"": 33.137, ""sv_l"": 33.137, ""feat_secs"": 0.007534, ""feat_secs_frame"": 0.000632, ""feat_secs_hsf"": 0.006741}"
ct,"ct:n=24,L=16,t=16,nn=1",1,"{""n"": 24.0, ""L"": 16.0, ""t"": 16.0, ""nn"": 1.0}",sparse,skipped,,,,,,1.513738597260129e-16,,,"{""n"": 24, ""gates"": 563, ""g2"": 184, ""g3"": 0, ""depth2"": 16, ""t_count"": 16, ""rotations"": 16, ""d"": 14, ""dense_l"": 15.0028, ""redundant"": 2, ""obs_zero"": true, ""frame_l"": 9.137, ""chi_bits"": 8, ""mps_l"": 27.4625, ""hsf_k"": 8, ""hsf_na"": 12, ""hsf_nb"": 12, ""hsf_l"": 31.1858, ""sup"": 24, ""chi_bits0"": 8, ""mps_l0"": 27.4625, ""hsf_keff"": 7, ""hsf_l0"": 32.1858, ""sparse_l"": 33.137, ""sv_l"": 33.137, ""feat_secs"": 0.007534, ""feat_secs_frame"": 0.000632, ""feat_secs_hsf"": 0.006741}"
ct,"ct:n=24,L=16,t=16,nn=1",1,"{""n"": 24.0, ""L"": 16.0, ""t"": 16.0, ""nn"": 1.0}",mps,ok,0.002471,0.0077,3538944,-2.342127805008635e-15,16,1.513738597260129e-16,2.4935016647346478e-15,,"{""n"": 24, ""gates"": 563, ""g2"": 184, ""g3"": 0, ""depth2"": 16, ""t_count"": 16, ""rotations"": 16, ""d"": 14, ""dense_l"": 15.0028, ""redundant"": 2, ""obs_zero"": true, ""frame_l"": 9.137, ""chi_bits"": 8, ""mps_l"": 27.4625, ""hsf_k"": 8, ""hsf_na"": 12, ""hsf_nb"": 12, ""hsf_l"": 31.1858, ""sup"": 24, ""chi_bits0"": 8, ""mps_l0"": 27.4625, ""hsf_keff"": 7, ""hsf_l0"": 32.1858, ""sparse_l"": 33.137, ""sv_l"": 33.137, ""feat_secs"": 0.007534, ""feat_secs_frame"": 0.000632, ""feat_secs_hsf"": 0.006741}"
ct,"ct:n=24,L=16,t=16,nn=1",1,"{""n"": 24.0, ""L"": 16.0, ""t"": 16.0, ""nn"": 1.0}",hsf,ok,0.311817,0.3176,284803072,5.798356838788105e-17,256,1.513738597260129e-16,9.339029133813186e-17,,"{""n"": 24, ""gates"": 563, ""g2"": 184, ""g3"": 0, ""depth2"": 16, ""t_count"": 16, ""rotations"": 16, ""d"": 14, ""dense_l"": 15.0028, ""redundant"": 2, ""obs_zero"": true, ""frame_l"": 9.137, ""chi_bits"": 8, ""mps_l"": 27.4625, ""hsf_k"": 8, ""hsf_na"": 12, ""hsf_nb"": 12, ""hsf_l"": 31.1858, ""sup"": 24, ""chi_bits0"": 8, ""mps_l0"": 27.4625, ""hsf_keff"": 7, ""hsf_l0"": 32.1858, ""sparse_l"": 33.137, ""sv_l"": 33.137, ""feat_secs"": 0.007534, ""feat_secs_frame"": 0.000632, ""feat_secs_hsf"": 0.006741}"
ct,"ct:n=24,L=16,t=16,nn=1",1,"{""n"": 24.0, ""L"": 16.0, ""t"": 16.0, ""nn"": 1.0}",tableau,na,,0.0045,1966080,,,1.513738597260129e-16,,"TooLarge { what: ""tableau (non-Clifford circuit)"", bytes: 0, limit: 0 }","{""n"": 24, ""gates"": 563, ""g2"": 184, ""g3"": 0, ""depth2"": 16, ""t_count"": 16, ""rotations"": 16, ""d"": 14, ""dense_l"": 15.0028, ""redundant"": 2, ""obs_zero"": true, ""frame_l"": 9.137, ""chi_bits"": 8, ""mps_l"": 27.4625, ""hsf_k"": 8, ""hsf_na"": 12, ""hsf_nb"": 12, ""hsf_l"": 31.1858, ""sup"": 24, ""chi_bits0"": 8, ""mps_l0"": 27.4625, ""hsf_keff"": 7, ""hsf_l0"": 32.1858, ""sparse_l"": 33.137, ""sv_l"": 33.137, ""feat_secs"": 0.007534, ""feat_secs_frame"": 0.000632, ""feat_secs_hsf"": 0.006741}"
ct,"ct:n=24,L=16,t=16,nn=1",1,"{""n"": 24.0, ""L"": 16.0, ""t"": 16.0, ""nn"": 1.0}",cstate,ok,0.00042,0.0044,2670592,0.0,14,1.513738597260129e-16,1.513738597260129e-16,,"{""n"": 24, ""gates"": 563, ""g2"": 184, ""g3"": 0, ""depth2"": 16, ""t_count"": 16, ""rotations"": 16, ""d"": 14, ""dense_l"": 15.0028, ""redundant"": 2, ""obs_zero"": true, ""frame_l"": 9.137, ""chi_bits"": 8, ""mps_l"": 27.4625, ""hsf_k"": 8, ""hsf_na"": 12, ""hsf_nb"": 12, ""hsf_l"": 31.1858, ""sup"": 24, ""chi_bits0"": 8, ""mps_l0"": 27.4625, ""hsf_keff"": 7, ""hsf_l0"": 32.1858, ""sparse_l"": 33.137, ""sv_l"": 33.137, ""feat_secs"": 0.007534, ""feat_secs_frame"": 0.000632, ""feat_secs_hsf"": 0.006741}"
ct,"ct:n=24,L=16,t=16,nn=1",1,"{""n"": 24.0, ""L"": 16.0, ""t"": 16.0, ""nn"": 1.0}",frame,ok,0.000474,0.0075,2555904,-0.0,0,1.513738597260129e-16,1.513738597260129e-16,switched_at=None dense_qubits=0 peak_terms=0 term_visits=0 dense_ops=0,"{""n"": 24, ""gates"": 563, ""g2"": 184, ""g3"": 0, ""depth2"": 16, ""t_count"": 16, ""rotations"": 16, ""d"": 14, ""dense_l"": 15.0028, ""redundant"": 2, ""obs_zero"": true, ""frame_l"": 9.137, ""chi_bits"": 8, ""mps_l"": 27.4625, ""hsf_k"": 8, ""hsf_na"": 12, ""hsf_nb"": 12, ""hsf_l"": 31.1858, ""sup"": 24, ""chi_bits0"": 8, ""mps_l0"": 27.4625, ""hsf_keff"": 7, ""hsf_l0"": 32.1858, ""sparse_l"": 33.137, ""sv_l"": 33.137, ""feat_secs"": 0.007534, ""feat_secs_frame"": 0.000632, ""feat_secs_hsf"": 0.006741}"
ct,"ct:n=24,L=16,t=16,nn=1",1,"{""n"": 24.0, ""L"": 16.0, ""t"": 16.0, ""nn"": 1.0}",dense,ok,0.000478,0.0043,2801664,0.0,14,1.513738597260129e-16,1.513738597260129e-16,switched_at=Some(16) dense_qubits=14 peak_terms=0 term_visits=0 dense_ops=32831,"{""n"": 24, ""gates"": 563, ""g2"": 184, ""g3"": 0, ""depth2"": 16, ""t_count"": 16, ""rotations"": 16, ""d"": 14, ""dense_l"": 15.0028, ""redundant"": 2, ""obs_zero"": true, ""frame_l"": 9.137, ""chi_bits"": 8, ""mps_l"": 27.4625, ""hsf_k"": 8, ""hsf_na"": 12, ""hsf_nb"": 12, ""hsf_l"": 31.1858, ""sup"": 24, ""chi_bits0"": 8, ""mps_l0"": 27.4625, ""hsf_keff"": 7, ""hsf_l0"": 32.1858, ""sparse_l"": 33.137, ""sv_l"": 33.137, ""feat_secs"": 0.007534, ""feat_secs_frame"": 0.000632, ""feat_secs_hsf"": 0.006741}"
ct,"ct:n=24,L=16,t=16,nn=1",1,"{""n"": 24.0, ""L"": 16.0, ""t"": 16.0, ""nn"": 1.0}",auto,ok,0.000444,0.0043,2555904,-0.0,0,1.513738597260129e-16,1.513738597260129e-16,switched_at=None dense_qubits=0 peak_terms=0 term_visits=0 dense_ops=0,"{""n"": 24, ""gates"": 563, ""g2"": 184, ""g3"": 0, ""depth2"": 16, ""t_count"": 16, ""rotations"": 16, ""d"": 14, ""dense_l"": 15.0028, ""redundant"": 2, ""obs_zero"": true, ""frame_l"": 9.137, ""chi_bits"": 8, ""mps_l"": 27.4625, ""hsf_k"": 8, ""hsf_na"": 12, ""hsf_nb"": 12, ""hsf_l"": 31.1858, ""sup"": 24, ""chi_bits0"": 8, ""mps_l0"": 27.4625, ""hsf_keff"": 7, ""hsf_l0"": 32.1858, ""sparse_l"": 33.137, ""sv_l"": 33.137, ""feat_secs"": 0.007534, ""feat_secs_frame"": 0.000632, ""feat_secs_hsf"": 0.006741}"
ct,"ct:n=24,L=16,t=24,nn=1",1,"{""n"": 24.0, ""L"": 16.0, ""t"": 24.0, ""nn"": 1.0}",sv,ok,3.515178,3.5218,272842752,5.241843210876291e-17,16777216,5.241843210876291e-17,0.0,,"{""n"": 24, ""gates"": 597, ""g2"": 184, ""g3"": 0, ""depth2"": 16, ""t_count"": 24, ""rotations"": 24, ""d"": 20, ""dense_l"": 21.0029, ""redundant"": 4, ""obs_zero"": true, ""frame_l"": 9.2216, ""chi_bits"": 8, ""mps_l"": 27.4617, ""hsf_k"": 8, ""hsf_na"": 12, ""hsf_nb"": 12, ""hsf_l"": 31.1963, ""sup"": 24, ""chi_bits0"": 8, ""mps_l0"": 27.4617, ""hsf_keff"": 7, ""hsf_l0"": 32.1963, ""sparse_l"": 33.2216, ""sv_l"": 33.2216, ""feat_secs"": 0.009128, ""feat_secs_frame"": 0.000609, ""feat_secs_hsf"": 0.008364}"
ct,"ct:n=24,L=16,t=24,nn=1",1,"{""n"": 24.0, ""L"": 16.0, ""t"": 24.0, ""nn"": 1.0}",sparse,skipped,,,,,,5.241843210876291e-17,,,"{""n"": 24, ""gates"": 597, ""g2"": 184, ""g3"": 0, ""depth2"": 16, ""t_count"": 24, ""rotations"": 24, ""d"": 20, ""dense_l"": 21.0029, ""redundant"": 4, ""obs_zero"": true, ""frame_l"": 9.2216, ""chi_bits"": 8, ""mps_l"": 27.4617, ""hsf_k"": 8, ""hsf_na"": 12, ""hsf_nb"": 12, ""hsf_l"": 31.1963, ""sup"": 24, ""chi_bits0"": 8, ""mps_l0"": 27.4617, ""hsf_keff"": 7, ""hsf_l0"": 32.1963, ""sparse_l"": 33.2216, ""sv_l"": 33.2216, ""feat_secs"": 0.009128, ""feat_secs_frame"": 0.000609, ""feat_secs_hsf"": 0.008364}"
ct,"ct:n=24,L=16,t=24,nn=1",1,"{""n"": 24.0, ""L"": 16.0, ""t"": 24.0, ""nn"": 1.0}",mps,ok,0.003311,0.0076,3768320,5.511869364317363e-16,16,5.241843210876291e-17,4.987685043229734e-16,,"{""n"": 24, ""gates"": 597, ""g2"": 184, ""g3"": 0, ""depth2"": 16, ""t_count"": 24, ""rotations"": 24, ""d"": 20, ""dense_l"": 21.0029, ""redundant"": 4, ""obs_zero"": true, ""frame_l"": 9.2216, ""chi_bits"": 8, ""mps_l"": 27.4617, ""hsf_k"": 8, ""hsf_na"": 12, ""hsf_nb"": 12, ""hsf_l"": 31.1963, ""sup"": 24, ""chi_bits0"": 8, ""mps_l0"": 27.4617, ""hsf_keff"": 7, ""hsf_l0"": 32.1963, ""sparse_l"": 33.2216, ""sv_l"": 33.2216, ""feat_secs"": 0.009128, ""feat_secs_frame"": 0.000609, ""feat_secs_hsf"": 0.008364}"
ct,"ct:n=24,L=16,t=24,nn=1",1,"{""n"": 24.0, ""L"": 16.0, ""t"": 24.0, ""nn"": 1.0}",hsf,ok,0.585127,0.5892,284884992,6.805302580618689e-17,256,5.241843210876291e-17,1.5634593697423986e-17,,"{""n"": 24, ""gates"": 597, ""g2"": 184, ""g3"": 0, ""depth2"": 16, ""t_count"": 24, ""rotations"": 24, ""d"": 20, ""dense_l"": 21.0029, ""redundant"": 4, ""obs_zero"": true, ""frame_l"": 9.2216, ""chi_bits"": 8, ""mps_l"": 27.4617, ""hsf_k"": 8, ""hsf_na"": 12, ""hsf_nb"": 12, ""hsf_l"": 31.1963, ""sup"": 24, ""chi_bits0"": 8, ""mps_l0"": 27.4617, ""hsf_keff"": 7, ""hsf_l0"": 32.1963, ""sparse_l"": 33.2216, ""sv_l"": 33.2216, ""feat_secs"": 0.009128, ""feat_secs_frame"": 0.000609, ""feat_secs_hsf"": 0.008364}"
ct,"ct:n=24,L=16,t=24,nn=1",1,"{""n"": 24.0, ""L"": 16.0, ""t"": 24.0, ""nn"": 1.0}",tableau,na,,0.0046,1982464,,,5.241843210876291e-17,,"TooLarge { what: ""tableau (non-Clifford circuit)"", bytes: 0, limit: 0 }","{""n"": 24, ""gates"": 597, ""g2"": 184, ""g3"": 0, ""depth2"": 16, ""t_count"": 24, ""rotations"": 24, ""d"": 20, ""dense_l"": 21.0029, ""redundant"": 4, ""obs_zero"": true, ""frame_l"": 9.2216, ""chi_bits"": 8, ""mps_l"": 27.4617, ""hsf_k"": 8, ""hsf_na"": 12, ""hsf_nb"": 12, ""hsf_l"": 31.1963, ""sup"": 24, ""chi_bits0"": 8, ""mps_l0"": 27.4617, ""hsf_keff"": 7, ""hsf_l0"": 32.1963, ""sparse_l"": 33.2216, ""sv_l"": 33.2216, ""feat_secs"": 0.009128, ""feat_secs_frame"": 0.000609, ""feat_secs_hsf"": 0.008364}"
ct,"ct:n=24,L=16,t=24,nn=1",1,"{""n"": 24.0, ""L"": 16.0, ""t"": 24.0, ""nn"": 1.0}",cstate,ok,0.004727,0.0090,19251200,0.0,20,5.241843210876291e-17,5.241843210876291e-17,,"{""n"": 24, ""gates"": 597, ""g2"": 184, ""g3"": 0, ""depth2"": 16, ""t_count"": 24, ""rotations"": 24, ""d"": 20, ""dense_l"": 21.0029, ""redundant"": 4, ""obs_zero"": true, ""frame_l"": 9.2216, ""chi_bits"": 8, ""mps_l"": 27.4617, ""hsf_k"": 8, ""hsf_na"": 12, ""hsf_nb"": 12, ""hsf_l"": 31.1963, ""sup"": 24, ""chi_bits0"": 8, ""mps_l0"": 27.4617, ""hsf_keff"": 7, ""hsf_l0"": 32.1963, ""sparse_l"": 33.2216, ""sv_l"": 33.2216, ""feat_secs"": 0.009128, ""feat_secs_frame"": 0.000609, ""feat_secs_hsf"": 0.008364}"
ct,"ct:n=24,L=16,t=24,nn=1",1,"{""n"": 24.0, ""L"": 16.0, ""t"": 24.0, ""nn"": 1.0}",frame,ok,0.000431,0.0045,2588672,-0.0,0,5.241843210876291e-17,5.241843210876291e-17,switched_at=None dense_qubits=0 peak_terms=0 term_visits=0 dense_ops=0,"{""n"": 24, ""gates"": 597, ""g2"": 184, ""g3"": 0, ""depth2"": 16, ""t_count"": 24, ""rotations"": 24, ""d"": 20, ""dense_l"": 21.0029, ""redundant"": 4, ""obs_zero"": true, ""frame_l"": 9.2216, ""chi_bits"": 8, ""mps_l"": 27.4617, ""hsf_k"": 8, ""hsf_na"": 12, ""hsf_nb"": 12, ""hsf_l"": 31.1963, ""sup"": 24, ""chi_bits0"": 8, ""mps_l0"": 27.4617, ""hsf_keff"": 7, ""hsf_l0"": 32.1963, ""sparse_l"": 33.2216, ""sv_l"": 33.2216, ""feat_secs"": 0.009128, ""feat_secs_frame"": 0.000609, ""feat_secs_hsf"": 0.008364}"
ct,"ct:n=24,L=16,t=24,nn=1",1,"{""n"": 24.0, ""L"": 16.0, ""t"": 24.0, ""nn"": 1.0}",dense,ok,0.004468,0.0105,19333120,0.0,20,5.241843210876291e-17,5.241843210876291e-17,switched_at=Some(24) dense_qubits=20 peak_terms=0 term_visits=0 dense_ops=2101390,"{""n"": 24, ""gates"": 597, ""g2"": 184, ""g3"": 0, ""depth2"": 16, ""t_count"": 24, ""rotations"": 24, ""d"": 20, ""dense_l"": 21.0029, ""redundant"": 4, ""obs_zero"": true, ""frame_l"": 9.2216, ""chi_bits"": 8, ""mps_l"": 27.4617, ""hsf_k"": 8, ""hsf_na"": 12, ""hsf_nb"": 12, ""hsf_l"": 31.1963, ""sup"": 24, ""chi_bits0"": 8, ""mps_l0"": 27.4617, ""hsf_keff"": 7, ""hsf_l0"": 32.1963, ""sparse_l"": 33.2216, ""sv_l"": 33.2216, ""feat_secs"": 0.009128, ""feat_secs_frame"": 0.000609, ""feat_secs_hsf"": 0.008364}"
ct,"ct:n=24,L=16,t=24,nn=1",1,"{""n"": 24.0, ""L"": 16.0, ""t"": 24.0, ""nn"": 1.0}",auto,ok,0.000415,0.0044,2588672,-0.0,0,5.241843210876291e-17,5.241843210876291e-17,switched_at=None dense_qubits=0 peak_terms=0 term_visits=0 dense_ops=0,"{""n"": 24, ""gates"": 597, ""g2"": 184, ""g3"": 0, ""depth2"": 16, ""t_count"": 24, ""rotations"": 24, ""d"": 20, ""dense_l"": 21.0029, ""redundant"": 4, ""obs_zero"": true, ""frame_l"": 9.2216, ""chi_bits"": 8, ""mps_l"": 27.4617, ""hsf_k"": 8, ""hsf_na"": 12, ""hsf_nb"": 12, ""hsf_l"": 31.1963, ""sup"": 24, ""chi_bits0"": 8, ""mps_l0"": 27.4617, ""hsf_keff"": 7, ""hsf_l0"": 32.1963, ""sparse_l"": 33.2216, ""sv_l"": 33.2216, ""feat_secs"": 0.009128, ""feat_secs_frame"": 0.000609, ""feat_secs_hsf"": 0.008364}"
ct,"ct:n=24,L=16,t=32,nn=1",1,"{""n"": 24.0, ""L"": 16.0, ""t"": 32.0, ""nn"": 1.0}",sv,ok,3.759296,3.7665,272859136,2.581019984331751e-17,16777216,2.581019984331751e-17,0.0,,"{""n"": 24, ""gates"": 623, ""g2"": 184, ""g3"": 0, ""depth2"": 16, ""t_count"": 32, ""rotations"": 32, ""d"": 22, ""dense_l"": 23.5869, ""redundant"": 10, ""obs_zero"": true, ""frame_l"": 9.2831, ""chi_bits"": 8, ""mps_l"": 27.4623, ""hsf_k"": 8, ""hsf_na"": 12, ""hsf_nb"": 12, ""hsf_l"": 32.2043, ""sup"": 24, ""chi_bits0"": 8, ""mps_l0"": 27.4623, ""hsf_keff"": 8, ""hsf_l0"": 32.2043, ""sparse_l"": 33.2831, ""sv_l"": 33.2831, ""feat_secs"": 0.009271, ""feat_secs_frame"": 0.000686, ""feat_secs_hsf"": 0.008321}"
ct,"ct:n=24,L=16,t=32,nn=1",1,"{""n"": 24.0, ""L"": 16.0, ""t"": 32.0, ""nn"": 1.0}",sparse,skipped,,,,,,2.581019984331751e-17,,,"{""n"": 24, ""gates"": 623, ""g2"": 184, ""g3"": 0, ""depth2"": 16, ""t_count"": 32, ""rotations"": 32, ""d"": 22, ""dense_l"": 23.5869, ""redundant"": 10, ""obs_zero"": true, ""frame_l"": 9.2831, ""chi_bits"": 8, ""mps_l"": 27.4623, ""hsf_k"": 8, ""hsf_na"": 12, ""hsf_nb"": 12, ""hsf_l"": 32.2043, ""sup"": 24, ""chi_bits0"": 8, ""mps_l0"": 27.4623, ""hsf_keff"": 8, ""hsf_l0"": 32.2043, ""sparse_l"": 33.2831, ""sv_l"": 33.2831, ""feat_secs"": 0.009271, ""feat_secs_frame"": 0.000686, ""feat_secs_hsf"": 0.008321}"
ct,"ct:n=24,L=16,t=32,nn=1",1,"{""n"": 24.0, ""L"": 16.0, ""t"": 32.0, ""nn"": 1.0}",mps,ok,0.011907,0.0185,5013504,6.394028440438525e-16,32,2.581019984331751e-17,6.13592644200535e-16,,"{""n"": 24, ""gates"": 623, ""g2"": 184, ""g3"": 0, ""depth2"": 16, ""t_count"": 32, ""rotations"": 32, ""d"": 22, ""dense_l"": 23.5869, ""redundant"": 10, ""obs_zero"": true, ""frame_l"": 9.2831, ""chi_bits"": 8, ""mps_l"": 27.4623, ""hsf_k"": 8, ""hsf_na"": 12, ""hsf_nb"": 12, ""hsf_l"": 32.2043, ""sup"": 24, ""chi_bits0"": 8, ""mps_l0"": 27.4623, ""hsf_keff"": 8, ""hsf_l0"": 32.2043, ""sparse_l"": 33.2831, ""sv_l"": 33.2831, ""feat_secs"": 0.009271, ""feat_secs_frame"": 0.000686, ""feat_secs_hsf"": 0.008321}"
ct,"ct:n=24,L=16,t=32,nn=1",1,"{""n"": 24.0, ""L"": 16.0, ""t"": 32.0, ""nn"": 1.0}",hsf,ok,1.182139,1.1863,284835840,3.367689922693362e-17,256,2.581019984331751e-17,7.866699383616113e-18,,"{""n"": 24, ""gates"": 623, ""g2"": 184, ""g3"": 0, ""depth2"": 16, ""t_count"": 32, ""rotations"": 32, ""d"": 22, ""dense_l"": 23.5869, ""redundant"": 10, ""obs_zero"": true, ""frame_l"": 9.2831, ""chi_bits"": 8, ""mps_l"": 27.4623, ""hsf_k"": 8, ""hsf_na"": 12, ""hsf_nb"": 12, ""hsf_l"": 32.2043, ""sup"": 24, ""chi_bits0"": 8, ""mps_l0"": 27.4623, ""hsf_keff"": 8, ""hsf_l0"": 32.2043, ""sparse_l"": 33.2831, ""sv_l"": 33.2831, ""feat_secs"": 0.009271, ""feat_secs_frame"": 0.000686, ""feat_secs_hsf"": 0.008321}"
ct,"ct:n=24,L=16,t=32,nn=1",1,"{""n"": 24.0, ""L"": 16.0, ""t"": 32.0, ""nn"": 1.0}",tableau,na,,0.0048,1982464,,,2.581019984331751e-17,,"TooLarge { what: ""tableau (non-Clifford circuit)"", bytes: 0, limit: 0 }","{""n"": 24, ""gates"": 623, ""g2"": 184, ""g3"": 0, ""depth2"": 16, ""t_count"": 32, ""rotations"": 32, ""d"": 22, ""dense_l"": 23.5869, ""redundant"": 10, ""obs_zero"": true, ""frame_l"": 9.2831, ""chi_bits"": 8, ""mps_l"": 27.4623, ""hsf_k"": 8, ""hsf_na"": 12, ""hsf_nb"": 12, ""hsf_l"": 32.2043, ""sup"": 24, ""chi_bits0"": 8, ""mps_l0"": 27.4623, ""hsf_keff"": 8, ""hsf_l0"": 32.2043, ""sparse_l"": 33.2831, ""sv_l"": 33.2831, ""feat_secs"": 0.009271, ""feat_secs_frame"": 0.000686, ""feat_secs_hsf"": 0.008321}"
ct,"ct:n=24,L=16,t=32,nn=1",1,"{""n"": 24.0, ""L"": 16.0, ""t"": 32.0, ""nn"": 1.0}",cstate,ok,0.023475,0.0293,69828608,0.0,22,2.581019984331751e-17,2.581019984331751e-17,,"{""n"": 24, ""gates"": 623, ""g2"": 184, ""g3"": 0, ""depth2"": 16, ""t_count"": 32, ""rotations"": 32, ""d"": 22, ""dense_l"": 23.5869, ""redundant"": 10, ""obs_zero"": true, ""frame_l"": 9.2831, ""chi_bits"": 8, ""mps_l"": 27.4623, ""hsf_k"": 8, ""hsf_na"": 12, ""hsf_nb"": 12, ""hsf_l"": 32.2043, ""sup"": 24, ""chi_bits0"": 8, ""mps_l0"": 27.4623, ""hsf_keff"": 8, ""hsf_l0"": 32.2043, ""sparse_l"": 33.2831, ""sv_l"": 33.2831, ""feat_secs"": 0.009271, ""feat_secs_frame"": 0.000686, ""feat_secs_hsf"": 0.008321}"
ct,"ct:n=24,L=16,t=32,nn=1",1,"{""n"": 24.0, ""L"": 16.0, ""t"": 32.0, ""nn"": 1.0}",frame,ok,0.000426,0.0075,2572288,-0.0,0,2.581019984331751e-17,2.581019984331751e-17,switched_at=None dense_qubits=0 peak_terms=0 term_visits=0 dense_ops=0,"{""n"": 24, ""gates"": 623, ""g2"": 184, ""g3"": 0, ""depth2"": 16, ""t_count"": 32, ""rotations"": 32, ""d"": 22, ""dense_l"": 23.5869, ""redundant"": 10, ""obs_zero"": true, ""frame_l"": 9.2831, ""chi_bits"": 8, ""mps_l"": 27.4623, ""hsf_k"": 8, ""hsf_na"": 12, ""hsf_nb"": 12, ""hsf_l"": 32.2043, ""sup"": 24, ""chi_bits0"": 8, ""mps_l0"": 27.4623, ""hsf_keff"": 8, ""hsf_l0"": 32.2043, ""sparse_l"": 33.2831, ""sv_l"": 33.2831, ""feat_secs"": 0.009271, ""feat_secs_frame"": 0.000686, ""feat_secs_hsf"": 0.008321}"
ct,"ct:n=24,L=16,t=32,nn=1",1,"{""n"": 24.0, ""L"": 16.0, ""t"": 32.0, ""nn"": 1.0}",dense,ok,0.022724,0.0287,69877760,0.0,22,2.581019984331751e-17,2.581019984331751e-17,switched_at=Some(31) dense_qubits=22 peak_terms=0 term_visits=0 dense_ops=12075134,"{""n"": 24, ""gates"": 623, ""g2"": 184, ""g3"": 0, ""depth2"": 16, ""t_count"": 32, ""rotations"": 32, ""d"": 22, ""dense_l"": 23.5869, ""redundant"": 10, ""obs_zero"": true, ""frame_l"": 9.2831, ""chi_bits"": 8, ""mps_l"": 27.4623, ""hsf_k"": 8, ""hsf_na"": 12, ""hsf_nb"": 12, ""hsf_l"": 32.2043, ""sup"": 24, ""chi_bits0"": 8, ""mps_l0"": 27.4623, ""hsf_keff"": 8, ""hsf_l0"": 32.2043, ""sparse_l"": 33.2831, ""sv_l"": 33.2831, ""feat_secs"": 0.009271, ""feat_secs_frame"": 0.000686, ""feat_secs_hsf"": 0.008321}"
ct,"ct:n=24,L=16,t=32,nn=1",1,"{""n"": 24.0, ""L"": 16.0, ""t"": 32.0, ""nn"": 1.0}",auto,ok,0.00055,0.0077,2572288,-0.0,0,2.581019984331751e-17,2.581019984331751e-17,switched_at=None dense_qubits=0 peak_terms=0 term_visits=0 dense_ops=0,"{""n"": 24, ""gates"": 623, ""g2"": 184, ""g3"": 0, ""depth2"": 16, ""t_count"": 32, ""rotations"": 32, ""d"": 22, ""dense_l"": 23.5869, ""redundant"": 10, ""obs_zero"": true, ""frame_l"": 9.2831, ""chi_bits"": 8, ""mps_l"": 27.4623, ""hsf_k"": 8, ""hsf_na"": 12, ""hsf_nb"": 12, ""hsf_l"": 32.2043, ""sup"": 24, ""chi_bits0"": 8, ""mps_l0"": 27.4623, ""hsf_keff"": 8, ""hsf_l0"": 32.2043, ""sparse_l"": 33.2831, ""sv_l"": 33.2831, ""feat_secs"": 0.009271, ""feat_secs_frame"": 0.000686, ""feat_secs_hsf"": 0.008321}"
ct,"ct:n=24,L=16,t=48,nn=1",1,"{""n"": 24.0, ""L"": 16.0, ""t"": 48.0, ""nn"": 1.0}",sv,ok,3.697329,3.7036,272859136,-1.423566319849634e-16,16777216,-1.423566319849634e-16,0.0,,"{""n"": 24, ""gates"": 642, ""g2"": 184, ""g3"": 0, ""depth2"": 16, ""t_count"": 48, ""rotations"": 48, ""d"": 20, ""dense_l"": 22.5186, ""redundant"": 28, ""obs_zero"": false, ""frame_l"": 19.585, ""chi_bits"": 8, ""mps_l"": 27.4623, ""hsf_k"": 8, ""hsf_na"": 12, ""hsf_nb"": 12, ""hsf_l"": 32.2101, ""sup"": 24, ""chi_bits0"": 8, ""mps_l0"": 27.4623, ""hsf_keff"": 8, ""hsf_l0"": 32.2101, ""sparse_l"": 33.3264, ""sv_l"": 33.3264, ""feat_secs"": 0.009516, ""feat_secs_frame"": 0.000673, ""feat_secs_hsf"": 0.008693}"
ct,"ct:n=24,L=16,t=48,nn=1",1,"{""n"": 24.0, ""L"": 16.0, ""t"": 48.0, ""nn"": 1.0}",sparse,skipped,,,,,,-1.423566319849634e-16,,,"{""n"": 24, ""gates"": 642, ""g2"": 184, ""g3"": 0, ""depth2"": 16, ""t_count"": 48, ""rotations"": 48, ""d"": 20, ""dense_l"": 22.5186, ""redundant"": 28, ""obs_zero"": false, ""frame_l"": 19.585, ""chi_bits"": 8, ""mps_l"": 27.4623, ""hsf_k"": 8, ""hsf_na"": 12, ""hsf_nb"": 12, ""hsf_l"": 32.2101, ""sup"": 24, ""chi_bits0"": 8, ""mps_l0"": 27.4623, ""hsf_keff"": 8, ""hsf_l0"": 32.2101, ""sparse_l"": 33.3264, ""sv_l"": 33.3264, ""feat_secs"": 0.009516, ""feat_secs_frame"": 0.000673, ""feat_secs_hsf"": 0.008693}"
ct,"ct:n=24,L=16,t=48,nn=1",1,"{""n"": 24.0, ""L"": 16.0, ""t"": 48.0, ""nn"": 1.0}",mps,ok,0.002466,0.0070,3637248,8.505215746217822e-16,16,-1.423566319849634e-16,9.928782066067456e-16,,"{""n"": 24, ""gates"": 642, ""g2"": 184, ""g3"": 0, ""depth2"": 16, ""t_count"": 48, ""rotations"": 48, ""d"": 20, ""dense_l"": 22.5186, ""redundant"": 28, ""obs_zero"": false, ""frame_l"": 19.585, ""chi_bits"": 8, ""mps_l"": 27.4623, ""hsf_k"": 8, ""hsf_na"": 12, ""hsf_nb"": 12, ""hsf_l"": 32.2101, ""sup"": 24, ""chi_bits0"": 8, ""mps_l0"": 27.4623, ""hsf_keff"": 8, ""hsf_l0"": 32.2101, ""sparse_l"": 33.3264, ""sv_l"": 33.3264, ""feat_secs"": 0.009516, ""feat_secs_frame"": 0.000673, ""feat_secs_hsf"": 0.008693}"
ct,"ct:n=24,L=16,t=48,nn=1",1,"{""n"": 24.0, ""L"": 16.0, ""t"": 48.0, ""nn"": 1.0}",hsf,ok,0.614225,0.6209,284901376,-1.60348326468694e-16,256,-1.423566319849634e-16,1.799169448373061e-17,,"{""n"": 24, ""gates"": 642, ""g2"": 184, ""g3"": 0, ""depth2"": 16, ""t_count"": 48, ""rotations"": 48, ""d"": 20, ""dense_l"": 22.5186, ""redundant"": 28, ""obs_zero"": false, ""frame_l"": 19.585, ""chi_bits"": 8, ""mps_l"": 27.4623, ""hsf_k"": 8, ""hsf_na"": 12, ""hsf_nb"": 12, ""hsf_l"": 32.2101, ""sup"": 24, ""chi_bits0"": 8, ""mps_l0"": 27.4623, ""hsf_keff"": 8, ""hsf_l0"": 32.2101, ""sparse_l"": 33.3264, ""sv_l"": 33.3264, ""feat_secs"": 0.009516, ""feat_secs_frame"": 0.000673, ""feat_secs_hsf"": 0.008693}"
ct,"ct:n=24,L=16,t=48,nn=1",1,"{""n"": 24.0, ""L"": 16.0, ""t"": 48.0, ""nn"": 1.0}",tableau,na,,0.0047,1982464,,,-1.423566319849634e-16,,"TooLarge { what: ""tableau (non-Clifford circuit)"", bytes: 0, limit: 0 }","{""n"": 24, ""gates"": 642, ""g2"": 184, ""g3"": 0, ""depth2"": 16, ""t_count"": 48, ""rotations"": 48, ""d"": 20, ""dense_l"": 22.5186, ""redundant"": 28, ""obs_zero"": false, ""frame_l"": 19.585, ""chi_bits"": 8, ""mps_l"": 27.4623, ""hsf_k"": 8, ""hsf_na"": 12, ""hsf_nb"": 12, ""hsf_l"": 32.2101, ""sup"": 24, ""chi_bits0"": 8, ""mps_l0"": 27.4623, ""hsf_keff"": 8, ""hsf_l0"": 32.2101, ""sparse_l"": 33.3264, ""sv_l"": 33.3264, ""feat_secs"": 0.009516, ""feat_secs_frame"": 0.000673, ""feat_secs_hsf"": 0.008693}"
ct,"ct:n=24,L=16,t=48,nn=1",1,"{""n"": 24.0, ""L"": 16.0, ""t"": 48.0, ""nn"": 1.0}",cstate,ok,0.012591,0.0174,19496960,-7.543103825764009e-17,20,-1.423566319849634e-16,6.69255937273233e-17,,"{""n"": 24, ""gates"": 642, ""g2"": 184, ""g3"": 0, ""depth2"": 16, ""t_count"": 48, ""rotations"": 48, ""d"": 20, ""dense_l"": 22.5186, ""redundant"": 28, ""obs_zero"": false, ""frame_l"": 19.585, ""chi_bits"": 8, ""mps_l"": 27.4623, ""hsf_k"": 8, ""hsf_na"": 12, ""hsf_nb"": 12, ""hsf_l"": 32.2101, ""sup"": 24, ""chi_bits0"": 8, ""mps_l0"": 27.4623, ""hsf_keff"": 8, ""hsf_l0"": 32.2101, ""sparse_l"": 33.3264, ""sv_l"": 33.3264, ""feat_secs"": 0.009516, ""feat_secs_frame"": 0.000673, ""feat_secs_hsf"": 0.008693}"
ct,"ct:n=24,L=16,t=48,nn=1",1,"{""n"": 24.0, ""L"": 16.0, ""t"": 48.0, ""nn"": 1.0}",frame,ok,0.000664,0.0069,2654208,-0.0,2,-1.423566319849634e-16,1.423566319849634e-16,switched_at=None dense_qubits=0 peak_terms=2 term_visits=18 dense_ops=0,"{""n"": 24, ""gates"": 642, ""g2"": 184, ""g3"": 0, ""depth2"": 16, ""t_count"": 48, ""rotations"": 48, ""d"": 20, ""dense_l"": 22.5186, ""redundant"": 28, ""obs_zero"": false, ""frame_l"": 19.585, ""chi_bits"": 8, ""mps_l"": 27.4623, ""hsf_k"": 8, ""hsf_na"": 12, ""hsf_nb"": 12, ""hsf_l"": 32.2101, ""sup"": 24, ""chi_bits0"": 8, ""mps_l0"": 27.4623, ""hsf_keff"": 8, ""hsf_l0"": 32.2101, ""sparse_l"": 33.3264, ""sv_l"": 33.3264, ""feat_secs"": 0.009516, ""feat_secs_frame"": 0.000673, ""feat_secs_hsf"": 0.008693}"
ct,"ct:n=24,L=16,t=48,nn=1",1,"{""n"": 24.0, ""L"": 16.0, ""t"": 48.0, ""nn"": 1.0}",dense,ok,0.011909,0.0184,19562496,-7.845736429695511e-17,20,-1.423566319849634e-16,6.389926768800828e-17,switched_at=Some(46) dense_qubits=20 peak_terms=1 term_visits=0 dense_ops=6791059,"{""n"": 24, ""gates"": 642, ""g2"": 184, ""g3"": 0, ""depth2"": 16, ""t_count"": 48, ""rotations"": 48, ""d"": 20, ""dense_l"": 22.5186, ""redundant"": 28, ""obs_zero"": false, ""frame_l"": 19.585, ""chi_bits"": 8, ""mps_l"": 27.4623, ""hsf_k"": 8, ""hsf_na"": 12, ""hsf_nb"": 12, ""hsf_l"": 32.2101, ""sup"": 24, ""chi_bits0"": 8, ""mps_l0"": 27.4623, ""hsf_keff"": 8, ""hsf_l0"": 32.2101, ""sparse_l"": 33.3264, ""sv_l"": 33.3264, ""feat_secs"": 0.009516, ""feat_secs_frame"": 0.000673, ""feat_secs_hsf"": 0.008693}"
ct,"ct:n=24,L=16,t=48,nn=1",1,"{""n"": 24.0, ""L"": 16.0, ""t"": 48.0, ""nn"": 1.0}",auto,ok,0.000699,0.0073,2654208,-0.0,0,-1.423566319849634e-16,1.423566319849634e-16,switched_at=None dense_qubits=0 peak_terms=2 term_visits=18 dense_ops=0,"{""n"": 24, ""gates"": 642, ""g2"": 184, ""g3"": 0, ""depth2"": 16, ""t_count"": 48, ""rotations"": 48, ""d"": 20, ""dense_l"": 22.5186, ""redundant"": 28, ""obs_zero"": false, ""frame_l"": 19.585, ""chi_bits"": 8, ""mps_l"": 27.4623, ""hsf_k"": 8, ""hsf_na"": 12, ""hsf_nb"": 12, ""hsf_l"": 32.2101, ""sup"": 24, ""chi_bits0"": 8, ""mps_l0"": 27.4623, ""hsf_keff"": 8, ""hsf_l0"": 32.2101, ""sparse_l"": 33.3264, ""sv_l"": 33.3264, ""feat_secs"": 0.009516, ""feat_secs_frame"": 0.000673, ""feat_secs_hsf"": 0.008693}"
ct,"ct:n=24,L=16,t=64,nn=1",1,"{""n"": 24.0, ""L"": 16.0, ""t"": 64.0, ""nn"": 1.0}",sv,ok,3.882613,3.8877,272859136,1.724620519449753e-17,16777216,1.724620519449753e-17,0.0,,"{""n"": 24, ""gates"": 666, ""g2"": 184, ""g3"": 0, ""depth2"": 16, ""t_count"": 64, ""rotations"": 64, ""d"": 24, ""dense_l"": 28.12, ""redundant"": 40, ""obs_zero"": false, ""frame_l"": 26.0, ""chi_bits"": 8, ""mps_l"": 27.4658, ""hsf_k"": 8, ""hsf_na"": 12, ""hsf_nb"": 12, ""hsf_l"": 32.2174, ""sup"": 24, ""chi_bits0"": 8, ""mps_l0"": 27.4658, ""hsf_keff"": 8, ""hsf_l0"": 32.2174, ""sparse_l"": 33.3794, ""sv_l"": 33.3794, ""feat_secs"": 0.006436, ""feat_secs_frame"": 0.000657, ""feat_secs_hsf"": 0.005612}"
ct,"ct:n=24,L=16,t=64,nn=1",1,"{""n"": 24.0, ""L"": 16.0, ""t"": 64.0, ""nn"": 1.0}",sparse,skipped,,,,,,1.724620519449753e-17,,,"{""n"": 24, ""gates"": 666, ""g2"": 184, ""g3"": 0, ""depth2"": 16, ""t_count"": 64, ""rotations"": 64, ""d"": 24, ""dense_l"": 28.12, ""redundant"": 40, ""obs_zero"": false, ""frame_l"": 26.0, ""chi_bits"": 8, ""mps_l"": 27.4658, ""hsf_k"": 8, ""hsf_na"": 12, ""hsf_nb"": 12, ""hsf_l"": 32.2174, ""sup"": 24, ""chi_bits0"": 8, ""mps_l0"": 27.4658, ""hsf_keff"": 8, ""hsf_l0"": 32.2174, ""sparse_l"": 33.3794, ""sv_l"": 33.3794, ""feat_secs"": 0.006436, ""feat_secs_frame"": 0.000657, ""feat_secs_hsf"": 0.005612}"
ct,"ct:n=24,L=16,t=64,nn=1",1,"{""n"": 24.0, ""L"": 16.0, ""t"": 64.0, ""nn"": 1.0}",mps,ok,0.025675,0.0321,6389760,-2.643842659520587e-16,64,1.724620519449753e-17,2.8163047114655624e-16,,"{""n"": 24, ""gates"": 666, ""g2"": 184, ""g3"": 0, ""depth2"": 16, ""t_count"": 64, ""rotations"": 64, ""d"": 24, ""dense_l"": 28.12, ""redundant"": 40, ""obs_zero"": false, ""frame_l"": 26.0, ""chi_bits"": 8, ""mps_l"": 27.4658, ""hsf_k"": 8, ""hsf_na"": 12, ""hsf_nb"": 12, ""hsf_l"": 32.2174, ""sup"": 24, ""chi_bits0"": 8, ""mps_l0"": 27.4658, ""hsf_keff"": 8, ""hsf_l0"": 32.2174, ""sparse_l"": 33.3794, ""sv_l"": 33.3794, ""feat_secs"": 0.006436, ""feat_secs_frame"": 0.000657, ""feat_secs_hsf"": 0.005612}"
ct,"ct:n=24,L=16,t=64,nn=1",1,"{""n"": 24.0, ""L"": 16.0, ""t"": 64.0, ""nn"": 1.0}",hsf,ok,1.187369,1.1946,284884992,1.492882500082026e-17,256,1.724620519449753e-17,2.3173801936772686e-18,,"{""n"": 24, ""gates"": 666, ""g2"": 184, ""g3"": 0, ""depth2"": 16, ""t_count"": 64, ""rotations"": 64, ""d"": 24, ""dense_l"": 28.12, ""redundant"": 40, ""obs_zero"": false, ""frame_l"": 26.0, ""chi_bits"": 8, ""mps_l"": 27.4658, ""hsf_k"": 8, ""hsf_na"": 12, ""hsf_nb"": 12, ""hsf_l"": 32.2174, ""sup"": 24, ""chi_bits0"": 8, ""mps_l0"": 27.4658, ""hsf_keff"": 8, ""hsf_l0"": 32.2174, ""sparse_l"": 33.3794, ""sv_l"": 33.3794, ""feat_secs"": 0.006436, ""feat_secs_frame"": 0.000657, ""feat_secs_hsf"": 0.005612}"
ct,"ct:n=24,L=16,t=64,nn=1",1,"{""n"": 24.0, ""L"": 16.0, ""t"": 64.0, ""nn"": 1.0}",tableau,na,,0.0043,1982464,,,1.724620519449753e-17,,"TooLarge { what: ""tableau (non-Clifford circuit)"", bytes: 0, limit: 0 }","{""n"": 24, ""gates"": 666, ""g2"": 184, ""g3"": 0, ""depth2"": 16, ""t_count"": 64, ""rotations"": 64, ""d"": 24, ""dense_l"": 28.12, ""redundant"": 40, ""obs_zero"": false, ""frame_l"": 26.0, ""chi_bits"": 8, ""mps_l"": 27.4658, ""hsf_k"": 8, ""hsf_na"": 12, ""hsf_nb"": 12, ""hsf_l"": 32.2174, ""sup"": 24, ""chi_bits0"": 8, ""mps_l0"": 27.4658, ""hsf_keff"": 8, ""hsf_l0"": 32.2174, ""sparse_l"": 33.3794, ""sv_l"": 33.3794, ""feat_secs"": 0.006436, ""feat_secs_frame"": 0.000657, ""feat_secs_hsf"": 0.005612}"
ct,"ct:n=24,L=16,t=64,nn=1",1,"{""n"": 24.0, ""L"": 16.0, ""t"": 64.0, ""nn"": 1.0}",cstate,ok,0.487427,0.4921,271466496,3.611650828081267e-17,24,1.724620519449753e-17,1.8870303086315142e-17,,"{""n"": 24, ""gates"": 666, ""g2"": 184, ""g3"": 0, ""depth2"": 16, ""t_count"": 64, ""rotations"": 64, ""d"": 24, ""dense_l"": 28.12, ""redundant"": 40, ""obs_zero"": false, ""frame_l"": 26.0, ""chi_bits"": 8, ""mps_l"": 27.4658, ""hsf_k"": 8, ""hsf_na"": 12, ""hsf_nb"": 12, ""hsf_l"": 32.2174, ""sup"": 24, ""chi_bits0"": 8, ""mps_l0"": 27.4658, ""hsf_keff"": 8, ""hsf_l0"": 32.2174, ""sparse_l"": 33.3794, ""sv_l"": 33.3794, ""feat_secs"": 0.006436, ""feat_secs_frame"": 0.000657, ""feat_secs_hsf"": 0.005612}"
ct,"ct:n=24,L=16,t=64,nn=1",1,"{""n"": 24.0, ""L"": 16.0, ""t"": 64.0, ""nn"": 1.0}",frame,ok,0.00107,0.0065,2703360,-0.0,56,1.724620519449753e-17,1.724620519449753e-17,switched_at=None dense_qubits=0 peak_terms=56 term_visits=929 dense_ops=0,"{""n"": 24, ""gates"": 666, ""g2"": 184, ""g3"": 0, ""depth2"": 16, ""t_count"": 64, ""rotations"": 64, ""d"": 24, ""dense_l"": 28.12, ""redundant"": 40, ""obs_zero"": false, ""frame_l"": 26.0, ""chi_bits"": 8, ""mps_l"": 27.4658, ""hsf_k"": 8, ""hsf_na"": 12, ""hsf_nb"": 12, ""hsf_l"": 32.2174, ""sup"": 24, ""chi_bits0"": 8, ""mps_l0"": 27.4658, ""hsf_keff"": 8, ""hsf_l0"": 32.2174, ""sparse_l"": 33.3794, ""sv_l"": 33.3794, ""feat_secs"": 0.006436, ""feat_secs_frame"": 0.000657, ""feat_secs_hsf"": 0.005612}"
ct,"ct:n=24,L=16,t=64,nn=1",1,"{""n"": 24.0, ""L"": 16.0, ""t"": 64.0, ""nn"": 1.0}",dense,ok,0.486528,0.4930,271433728,3.913523775187594e-17,24,1.724620519449753e-17,2.1889032557378413e-17,switched_at=Some(63) dense_qubits=24 peak_terms=1 term_visits=0 dense_ops=308454398,"{""n"": 24, ""gates"": 666, ""g2"": 184, ""g3"": 0, ""depth2"": 16, ""t_count"": 64, ""rotations"": 64, ""d"": 24, ""dense_l"": 28.12, ""redundant"": 40, ""obs_zero"": false, ""frame_l"": 26.0, ""chi_bits"": 8, ""mps_l"": 27.4658, ""hsf_k"": 8, ""hsf_na"": 12, ""hsf_nb"": 12, ""hsf_l"": 32.2174, ""sup"": 24, ""chi_bits0"": 8, ""mps_l0"": 27.4658, ""hsf_keff"": 8, ""hsf_l0"": 32.2174, ""sparse_l"": 33.3794, ""sv_l"": 33.3794, ""feat_secs"": 0.006436, ""feat_secs_frame"": 0.000657, ""feat_secs_hsf"": 0.005612}"
ct,"ct:n=24,L=16,t=64,nn=1",1,"{""n"": 24.0, ""L"": 16.0, ""t"": 64.0, ""nn"": 1.0}",auto,ok,0.001272,0.0078,2719744,-0.0,0,1.724620519449753e-17,1.724620519449753e-17,switched_at=None dense_qubits=0 peak_terms=56 term_visits=929 dense_ops=0,"{""n"": 24, ""gates"": 666, ""g2"": 184, ""g3"": 0, ""depth2"": 16, ""t_count"": 64, ""rotations"": 64, ""d"": 24, ""dense_l"": 28.12, ""redundant"": 40, ""obs_zero"": false, ""frame_l"": 26.0, ""chi_bits"": 8, ""mps_l"": 27.4658, ""hsf_k"": 8, ""hsf_na"": 12, ""hsf_nb"": 12, ""hsf_l"": 32.2174, ""sup"": 24, ""chi_bits0"": 8, ""mps_l0"": 27.4658, ""hsf_keff"": 8, ""hsf_l0"": 32.2174, ""sparse_l"": 33.3794, ""sv_l"": 33.3794, ""feat_secs"": 0.006436, ""feat_secs_frame"": 0.000657, ""feat_secs_hsf"": 0.005612}"
ct,"ct:n=24,L=32,t=0,nn=1",1,"{""n"": 24.0, ""L"": 32.0, ""t"": 0.0, ""nn"": 1.0}",sv,ok,6.936499,6.9417,273137664,1.347311781726371e-20,16777216,1.347311781726371e-20,0.0,,"{""n"": 24, ""gates"": 1126, ""g2"": 368, ""g3"": 0, ""depth2"": 32, ""t_count"": 0, ""rotations"": 0, ""d"": 0, ""dense_l"": 0.0, ""redundant"": 0, ""obs_zero"": true, ""frame_l"": 10.137, ""chi_bits"": 12, ""mps_l"": 38.796, ""hsf_k"": 16, ""hsf_na"": 12, ""hsf_nb"": 12, ""hsf_l"": 39.3504, ""sup"": 24, ""chi_bits0"": 12, ""mps_l0"": 38.796, ""hsf_keff"": 15, ""hsf_l0"": 40.3504, ""sparse_l"": 34.137, ""sv_l"": 34.137, ""feat_secs"": 0.009226, ""feat_secs_frame"": 0.001287, ""feat_secs_hsf"": 0.007653}"
ct,"ct:n=24,L=32,t=0,nn=1",1,"{""n"": 24.0, ""L"": 32.0, ""t"": 0.0, ""nn"": 1.0}",sparse,skipped,,,,,,1.347311781726371e-20,,,"{""n"": 24, ""gates"": 1126, ""g2"": 368, ""g3"": 0, ""depth2"": 32, ""t_count"": 0, ""rotations"": 0, ""d"": 0, ""dense_l"": 0.0, ""redundant"": 0, ""obs_zero"": true, ""frame_l"": 10.137, ""chi_bits"": 12, ""mps_l"": 38.796, ""hsf_k"": 16, ""hsf_na"": 12, ""hsf_nb"": 12, ""hsf_l"": 39.3504, ""sup"": 24, ""chi_bits0"": 12, ""mps_l0"": 38.796, ""hsf_keff"": 15, ""hsf_l0"": 40.3504, ""sparse_l"": 34.137, ""sv_l"": 34.137, ""feat_secs"": 0.009226, ""feat_secs_frame"": 0.001287, ""feat_secs_hsf"": 0.007653}"
ct,"ct:n=24,L=32,t=0,nn=1",1,"{""n"": 24.0, ""L"": 32.0, ""t"": 0.0, ""nn"": 1.0}",mps,ok,1.406232,1.4126,77299712,-4.407765232549753e-14,512,1.347311781726371e-20,4.4077665798615345e-14,,"{""n"": 24, ""gates"": 1126, ""g2"": 368, ""g3"": 0, ""depth2"": 32, ""t_count"": 0, ""rotations"": 0, ""d"": 0, ""dense_l"": 0.0, ""redundant"": 0, ""obs_zero"": true, ""frame_l"": 10.137, ""chi_bits"": 12, ""mps_l"": 38.796, ""hsf_k"": 16, ""hsf_na"": 12, ""hsf_nb"": 12, ""hsf_l"": 39.3504, ""sup"": 24, ""chi_bits0"": 12, ""mps_l0"": 38.796, ""hsf_keff"": 15, ""hsf_l0"": 40.3504, ""sparse_l"": 34.137, ""sv_l"": 34.137, ""feat_secs"": 0.009226, ""feat_secs_frame"": 0.001287, ""feat_secs_hsf"": 0.007653}"
ct,"ct:n=24,L=32,t=0,nn=1",1,"{""n"": 24.0, ""L"": 32.0, ""t"": 0.0, ""nn"": 1.0}",hsf,timeout,,10.0048,285982720,,,1.347311781726371e-20,,timeout,"{""n"": 24, ""gates"": 1126, ""g2"": 368, ""g3"": 0, ""depth2"": 32, ""t_count"": 0, ""rotations"": 0, ""d"": 0, ""dense_l"": 0.0, ""redundant"": 0, ""obs_zero"": true, ""frame_l"": 10.137, ""chi_bits"": 12, ""mps_l"": 38.796, ""hsf_k"": 16, ""hsf_na"": 12, ""hsf_nb"": 12, ""hsf_l"": 39.3504, ""sup"": 24, ""chi_bits0"": 12, ""mps_l0"": 38.796, ""hsf_keff"": 15, ""hsf_l0"": 40.3504, ""sparse_l"": 34.137, ""sv_l"": 34.137, ""feat_secs"": 0.009226, ""feat_secs_frame"": 0.001287, ""feat_secs_hsf"": 0.007653}"
ct,"ct:n=24,L=32,t=0,nn=1",1,"{""n"": 24.0, ""L"": 32.0, ""t"": 0.0, ""nn"": 1.0}",tableau,ok,0.000101,0.0048,2195456,-0.0,0,1.347311781726371e-20,1.347311781726371e-20,value recomputed after the C-vs-C† fix (timing from the original run),"{""n"": 24, ""gates"": 1126, ""g2"": 368, ""g3"": 0, ""depth2"": 32, ""t_count"": 0, ""rotations"": 0, ""d"": 0, ""dense_l"": 0.0, ""redundant"": 0, ""obs_zero"": true, ""frame_l"": 10.137, ""chi_bits"": 12, ""mps_l"": 38.796, ""hsf_k"": 16, ""hsf_na"": 12, ""hsf_nb"": 12, ""hsf_l"": 39.3504, ""sup"": 24, ""chi_bits0"": 12, ""mps_l0"": 38.796, ""hsf_keff"": 15, ""hsf_l0"": 40.3504, ""sparse_l"": 34.137, ""sv_l"": 34.137, ""feat_secs"": 0.009226, ""feat_secs_frame"": 0.001287, ""feat_secs_hsf"": 0.007653}"
ct,"ct:n=24,L=32,t=0,nn=1",1,"{""n"": 24.0, ""L"": 32.0, ""t"": 0.0, ""nn"": 1.0}",cstate,ok,0.000511,0.0073,2228224,0.0,0,1.347311781726371e-20,1.347311781726371e-20,,"{""n"": 24, ""gates"": 1126, ""g2"": 368, ""g3"": 0, ""depth2"": 32, ""t_count"": 0, ""rotations"": 0, ""d"": 0, ""dense_l"": 0.0, ""redundant"": 0, ""obs_zero"": true, ""frame_l"": 10.137, ""chi_bits"": 12, ""mps_l"": 38.796, ""hsf_k"": 16, ""hsf_na"": 12, ""hsf_nb"": 12, ""hsf_l"": 39.3504, ""sup"": 24, ""chi_bits0"": 12, ""mps_l0"": 38.796, ""hsf_keff"": 15, ""hsf_l0"": 40.3504, ""sparse_l"": 34.137, ""sv_l"": 34.137, ""feat_secs"": 0.009226, ""feat_secs_frame"": 0.001287, ""feat_secs_hsf"": 0.007653}"
ct,"ct:n=24,L=32,t=0,nn=1",1,"{""n"": 24.0, ""L"": 32.0, ""t"": 0.0, ""nn"": 1.0}",frame,ok,0.000516,0.0048,2293760,-0.0,0,1.347311781726371e-20,1.347311781726371e-20,switched_at=None dense_qubits=0 peak_terms=0 term_visits=0 dense_ops=0,"{""n"": 24, ""gates"": 1126, ""g2"": 368, ""g3"": 0, ""depth2"": 32, ""t_count"": 0, ""rotations"": 0, ""d"": 0, ""dense_l"": 0.0, ""redundant"": 0, ""obs_zero"": true, ""frame_l"": 10.137, ""chi_bits"": 12, ""mps_l"": 38.796, ""hsf_k"": 16, ""hsf_na"": 12, ""hsf_nb"": 12, ""hsf_l"": 39.3504, ""sup"": 24, ""chi_bits0"": 12, ""mps_l0"": 38.796, ""hsf_keff"": 15, ""hsf_l0"": 40.3504, ""sparse_l"": 34.137, ""sv_l"": 34.137, ""feat_secs"": 0.009226, ""feat_secs_frame"": 0.001287, ""feat_secs_hsf"": 0.007653}"
ct,"ct:n=24,L=32,t=0,nn=1",1,"{""n"": 24.0, ""L"": 32.0, ""t"": 0.0, ""nn"": 1.0}",dense,ok,0.000508,0.0047,2293760,-0.0,0,1.347311781726371e-20,1.347311781726371e-20,switched_at=None dense_qubits=0 peak_terms=0 term_visits=0 dense_ops=0,"{""n"": 24, ""gates"": 1126, ""g2"": 368, ""g3"": 0, ""depth2"": 32, ""t_count"": 0, ""rotations"": 0, ""d"": 0, ""dense_l"": 0.0, ""redundant"": 0, ""obs_zero"": true, ""frame_l"": 10.137, ""chi_bits"": 12, ""mps_l"": 38.796, ""hsf_k"": 16, ""hsf_na"": 12, ""hsf_nb"": 12, ""hsf_l"": 39.3504, ""sup"": 24, ""chi_bits0"": 12, ""mps_l0"": 38.796, ""hsf_keff"": 15, ""hsf_l0"": 40.3504, ""sparse_l"": 34.137, ""sv_l"": 34.137, ""feat_secs"": 0.009226, ""feat_secs_frame"": 0.001287, ""feat_secs_hsf"": 0.007653}"
ct,"ct:n=24,L=32,t=0,nn=1",1,"{""n"": 24.0, ""L"": 32.0, ""t"": 0.0, ""nn"": 1.0}",auto,ok,0.000523,0.0068,2310144,-0.0,0,1.347311781726371e-20,1.347311781726371e-20,switched_at=None dense_qubits=0 peak_terms=0 term_visits=0 dense_ops=0,"{""n"": 24, ""gates"": 1126, ""g2"": 368, ""g3"": 0, ""depth2"": 32, ""t_count"": 0, ""rotations"": 0, ""d"": 0, ""dense_l"": 0.0, ""redundant"": 0, ""obs_zero"": true, ""frame_l"": 10.137, ""chi_bits"": 12, ""mps_l"": 38.796, ""hsf_k"": 16, ""hsf_na"": 12, ""hsf_nb"": 12, ""hsf_l"": 39.3504, ""sup"": 24, ""chi_bits0"": 12, ""mps_l0"": 38.796, ""hsf_keff"": 15, ""hsf_l0"": 40.3504, ""sparse_l"": 34.137, ""sv_l"": 34.137, ""feat_secs"": 0.009226, ""feat_secs_frame"": 0.001287, ""feat_secs_hsf"": 0.007653}"
ct,"ct:n=24,L=32,t=2,nn=1",1,"{""n"": 24.0, ""L"": 32.0, ""t"": 2.0, ""nn"": 1.0}",sv,ok,6.921662,6.9281,273055744,6.617444900424221e-21,16777216,6.617444900424221e-21,0.0,,"{""n"": 24, ""gates"": 1125, ""g2"": 368, ""g3"": 0, ""depth2"": 32, ""t_count"": 2, ""rotations"": 2, ""d"": 2, ""dense_l"": 2.585, ""redundant"": 0, ""obs_zero"": true, ""frame_l"": 10.1357, ""chi_bits"": 12, ""mps_l"": 38.796, ""hsf_k"": 16, ""hsf_na"": 12, ""hsf_nb"": 12, ""hsf_l"": 38.3501, ""sup"": 24, ""chi_bits0"": 12, ""mps_l0"": 38.796, ""hsf_keff"": 14, ""hsf_l0"": 40.3501, ""sparse_l"": 34.1357, ""sv_l"": 34.1357, ""feat_secs"": 0.010815, ""feat_secs_frame"": 0.001075, ""feat_secs_hsf"": 0.009483}"
ct,"ct:n=24,L=32,t=2,nn=1",1,"{""n"": 24.0, ""L"": 32.0, ""t"": 2.0, ""nn"": 1.0}",sparse,skipped,,,,,,6.617444900424221e-21,,,"{""n"": 24, ""gates"": 1125, ""g2"": 368, ""g3"": 0, ""depth2"": 32, ""t_count"": 2, ""rotations"": 2, ""d"": 2, ""dense_l"": 2.585, ""redundant"": 0, ""obs_zero"": true, ""frame_l"": 10.1357, ""chi_bits"": 12, ""mps_l"": 38.796, ""hsf_k"": 16, ""hsf_na"": 12, ""hsf_nb"": 12, ""hsf_l"": 38.3501, ""sup"": 24, ""chi_bits0"": 12, ""mps_l0"": 38.796, ""hsf_keff"": 14, ""hsf_l0"": 40.3501, ""sparse_l"": 34.1357, ""sv_l"": 34.1357, ""feat_secs"": 0.010815, ""feat_secs_frame"": 0.001075, ""feat_secs_hsf"": 0.009483}"
ct,"ct:n=24,L=32,t=2,nn=1",1,"{""n"": 24.0, ""L"": 32.0, ""t"": 2.0, ""nn"": 1.0}",mps,ok,0.412366,0.4170,16613376,2.435184205420255e-16,128,6.617444900424221e-21,2.4351180309712506e-16,,"{""n"": 24, ""gates"": 1125, ""g2"": 368, ""g3"": 0, ""depth2"": 32, ""t_count"": 2, ""rotations"": 2, ""d"": 2, ""dense_l"": 2.585, ""redundant"": 0, ""obs_zero"": true, ""frame_l"": 10.1357, ""chi_bits"": 12, ""mps_l"": 38.796, ""hsf_k"": 16, ""hsf_na"": 12, ""hsf_nb"": 12, ""hsf_l"": 38.3501, ""sup"": 24, ""chi_bits0"": 12, ""mps_l0"": 38.796, ""hsf_keff"": 14, ""hsf_l0"": 40.3501, ""sparse_l"": 34.1357, ""sv_l"": 34.1357, ""feat_secs"": 0.010815, ""feat_secs_frame"": 0.001075, ""feat_secs_hsf"": 0.009483}"
ct,"ct:n=24,L=32,t=2,nn=1",1,"{""n"": 24.0, ""L"": 32.0, ""t"": 2.0, ""nn"": 1.0}",hsf,timeout,,10.0029,285999104,,,6.617444900424221e-21,,timeout,"{""n"": 24, ""gates"": 1125, ""g2"": 368, ""g3"": 0, ""depth2"": 32, ""t_count"": 2, ""rotations"": 2, ""d"": 2, ""dense_l"": 2.585, ""redundant"": 0, ""obs_zero"": true, ""frame_l"": 10.1357, ""chi_bits"": 12, ""mps_l"": 38.796, ""hsf_k"": 16, ""hsf_na"": 12, ""hsf_nb"": 12, ""hsf_l"": 38.3501, ""sup"": 24, ""chi_bits0"": 12, ""mps_l0"": 38.796, ""hsf_keff"": 14, ""hsf_l0"": 40.3501, ""sparse_l"": 34.1357, ""sv_l"": 34.1357, ""feat_secs"": 0.010815, ""feat_secs_frame"": 0.001075, ""feat_secs_hsf"": 0.009483}"
ct,"ct:n=24,L=32,t=2,nn=1",1,"{""n"": 24.0, ""L"": 32.0, ""t"": 2.0, ""nn"": 1.0}",tableau,na,,0.0047,1998848,,,6.617444900424221e-21,,"TooLarge { what: ""tableau (non-Clifford circuit)"", bytes: 0, limit: 0 }","{""n"": 24, ""gates"": 1125, ""g2"": 368, ""g3"": 0, ""depth2"": 32, ""t_count"": 2, ""rotations"": 2, ""d"": 2, ""dense_l"": 2.585, ""redundant"": 0, ""obs_zero"": true, ""frame_l"": 10.1357, ""chi_bits"": 12, ""mps_l"": 38.796, ""hsf_k"": 16, ""hsf_na"": 12, ""hsf_nb"": 12, ""hsf_l"": 38.3501, ""sup"": 24, ""chi_bits0"": 12, ""mps_l0"": 38.796, ""hsf_keff"": 14, ""hsf_l0"": 40.3501, ""sparse_l"": 34.1357, ""sv_l"": 34.1357, ""feat_secs"": 0.010815, ""feat_secs_frame"": 0.001075, ""feat_secs_hsf"": 0.009483}"
ct,"ct:n=24,L=32,t=2,nn=1",1,"{""n"": 24.0, ""L"": 32.0, ""t"": 2.0, ""nn"": 1.0}",cstate,ok,0.00066,0.0077,2211840,0.0,2,6.617444900424221e-21,6.617444900424221e-21,,"{""n"": 24, ""gates"": 1125, ""g2"": 368, ""g3"": 0, ""depth2"": 32, ""t_count"": 2, ""rotations"": 2, ""d"": 2, ""dense_l"": 2.585, ""redundant"": 0, ""obs_zero"": true, ""frame_l"": 10.1357, ""chi_bits"": 12, ""mps_l"": 38.796, ""hsf_k"": 16, ""hsf_na"": 12, ""hsf_nb"": 12, ""hsf_l"": 38.3501, ""sup"": 24, ""chi_bits0"": 12, ""mps_l0"": 38.796, ""hsf_keff"": 14, ""hsf_l0"": 40.3501, ""sparse_l"": 34.1357, ""sv_l"": 34.1357, ""feat_secs"": 0.010815, ""feat_secs_frame"": 0.001075, ""feat_secs_hsf"": 0.009483}"
ct,"ct:n=24,L=32,t=2,nn=1",1,"{""n"": 24.0, ""L"": 32.0, ""t"": 2.0, ""nn"": 1.0}",frame,ok,0.000638,0.0076,2588672,-0.0,0,6.617444900424221e-21,6.617444900424221e-21,switched_at=None dense_qubits=0 peak_terms=0 term_visits=0 dense_ops=0,"{""n"": 24, ""gates"": 1125, ""g2"": 368, ""g3"": 0, ""depth2"": 32, ""t_count"": 2, ""rotations"": 2, ""d"": 2, ""dense_l"": 2.585, ""redundant"": 0, ""obs_zero"": true, ""frame_l"": 10.1357, ""chi_bits"": 12, ""mps_l"": 38.796, ""hsf_k"": 16, ""hsf_na"": 12, ""hsf_nb"": 12, ""hsf_l"": 38.3501, ""sup"": 24, ""chi_bits0"": 12, ""mps_l0"": 38.796, ""hsf_keff"": 14, ""hsf_l0"": 40.3501, ""sparse_l"": 34.1357, ""sv_l"": 34.1357, ""feat_secs"": 0.010815, ""feat_secs_frame"": 0.001075, ""feat_secs_hsf"": 0.009483}"
ct,"ct:n=24,L=32,t=2,nn=1",1,"{""n"": 24.0, ""L"": 32.0, ""t"": 2.0, ""nn"": 1.0}",dense,ok,0.00053,0.0075,2342912,0.0,2,6.617444900424221e-21,6.617444900424221e-21,switched_at=Some(2) dense_qubits=2 peak_terms=0 term_visits=0 dense_ops=6,"{""n"": 24, ""gates"": 1125, ""g2"": 368, ""g3"": 0, ""depth2"": 32, ""t_count"": 2, ""rotations"": 2, ""d"": 2, ""dense_l"": 2.585, ""redundant"": 0, ""obs_zero"": true, ""frame_l"": 10.1357, ""chi_bits"": 12, ""mps_l"": 38.796, ""hsf_k"": 16, ""hsf_na"": 12, ""hsf_nb"": 12, ""hsf_l"": 38.3501, ""sup"": 24, ""chi_bits0"": 12, ""mps_l0"": 38.796, ""hsf_keff"": 14, ""hsf_l0"": 40.3501, ""sparse_l"": 34.1357, ""sv_l"": 34.1357, ""feat_secs"": 0.010815, ""feat_secs_frame"": 0.001075, ""feat_secs_hsf"": 0.009483}"
ct,"ct:n=24,L=32,t=2,nn=1",1,"{""n"": 24.0, ""L"": 32.0, ""t"": 2.0, ""nn"": 1.0}",auto,ok,0.000527,0.0078,2342912,0.0,2,6.617444900424221e-21,6.617444900424221e-21,switched_at=Some(2) dense_qubits=2 peak_terms=0 term_visits=0 dense_ops=6,"{""n"": 24, ""gates"": 1125, ""g2"": 368, ""g3"": 0, ""depth2"": 32, ""t_count"": 2, ""rotations"": 2, ""d"": 2, ""dense_l"": 2.585, ""redundant"": 0, ""obs_zero"": true, ""frame_l"": 10.1357, ""chi_bits"": 12, ""mps_l"": 38.796, ""hsf_k"": 16, ""hsf_na"": 12, ""hsf_nb"": 12, ""hsf_l"": 38.3501, ""sup"": 24, ""chi_bits0"": 12, ""mps_l0"": 38.796, ""hsf_keff"": 14, ""hsf_l0"": 40.3501, ""sparse_l"": 34.1357, ""sv_l"": 34.1357, ""feat_secs"": 0.010815, ""feat_secs_frame"": 0.001075, ""feat_secs_hsf"": 0.009483}"
ct,"ct:n=24,L=32,t=4,nn=1",1,"{""n"": 24.0, ""L"": 32.0, ""t"": 4.0, ""nn"": 1.0}",sv,ok,6.921689,6.9279,273154048,-9.889559645447185e-18,16777216,-9.889559645447185e-18,0.0,,"{""n"": 24, ""gates"": 1129, ""g2"": 368, ""g3"": 0, ""depth2"": 32, ""t_count"": 4, ""rotations"": 4, ""d"": 4, ""dense_l"": 4.9069, ""redundant"": 0, ""obs_zero"": true, ""frame_l"": 10.1408, ""chi_bits"": 12, ""mps_l"": 38.796, ""hsf_k"": 16, ""hsf_na"": 12, ""hsf_nb"": 12, ""hsf_l"": 39.3512, ""sup"": 24, ""chi_bits0"": 12, ""mps_l0"": 38.796, ""hsf_keff"": 15, ""hsf_l0"": 40.3512, ""sparse_l"": 34.1408, ""sv_l"": 34.1408, ""feat_secs"": 0.008934, ""feat_secs_frame"": 0.001135, ""feat_secs_hsf"": 0.007534}"
ct,"ct:n=24,L=32,t=4,nn=1",1,"{""n"": 24.0, ""L"": 32.0, ""t"": 4.0, ""nn"": 1.0}",sparse,skipped,,,,,,-9.889559645447185e-18,,,"{""n"": 24, ""gates"": 1129, ""g2"": 368, ""g3"": 0, ""depth2"": 32, ""t_count"": 4, ""rotations"": 4, ""d"": 4, ""dense_l"": 4.9069, ""redundant"": 0, ""obs_zero"": true, ""frame_l"": 10.1408, ""chi_bits"": 12, ""mps_l"": 38.796, ""hsf_k"": 16, ""hsf_na"": 12, ""hsf_nb"": 12, ""hsf_l"": 39.3512, ""sup"": 24, ""chi_bits0"": 12, ""mps_l0"": 38.796, ""hsf_keff"": 15, ""hsf_l0"": 40.3512, ""sparse_l"": 34.1408, ""sv_l"": 34.1408, ""feat_secs"": 0.008934, ""feat_secs_frame"": 0.001135, ""feat_secs_hsf"": 0.007534}"
ct,"ct:n=24,L=32,t=4,nn=1",1,"{""n"": 24.0, ""L"": 32.0, ""t"": 4.0, ""nn"": 1.0}",mps,ok,0.90127,0.9063,32505856,1.410513828950266e-11,256,-9.889559645447185e-18,1.4105148179062305e-11,,"{""n"": 24, ""gates"": 1129, ""g2"": 368, ""g3"": 0, ""depth2"": 32, ""t_count"": 4, ""rotations"": 4, ""d"": 4, ""dense_l"": 4.9069, ""redundant"": 0, ""obs_zero"": true, ""frame_l"": 10.1408, ""chi_bits"": 12, ""mps_l"": 38.796, ""hsf_k"": 16, ""hsf_na"": 12, ""hsf_nb"": 12, ""hsf_l"": 39.3512, ""sup"": 24, ""chi_bits0"": 12, ""mps_l0"": 38.796, ""hsf_keff"": 15, ""hsf_l0"": 40.3512, ""sparse_l"": 34.1408, ""sv_l"": 34.1408, ""feat_secs"": 0.008934, ""feat_secs_frame"": 0.001135, ""feat_secs_hsf"": 0.007534}"
ct,"ct:n=24,L=32,t=4,nn=1",1,"{""n"": 24.0, ""L"": 32.0, ""t"": 4.0, ""nn"": 1.0}",hsf,timeout,,10.0052,285999104,,,-9.889559645447185e-18,,timeout,"{""n"": 24, ""gates"": 1129, ""g2"": 368, ""g3"": 0, ""depth2"": 32, ""t_count"": 4, ""rotations"": 4, ""d"": 4, ""dense_l"": 4.9069, ""redundant"": 0, ""obs_zero"": true, ""frame_l"": 10.1408, ""chi_bits"": 12, ""mps_l"": 38.796, ""hsf_k"": 16, ""hsf_na"": 12, ""hsf_nb"": 12, ""hsf_l"": 39.3512, ""sup"": 24, ""chi_bits0"": 12, ""mps_l0"": 38.796, ""hsf_keff"": 15, ""hsf_l0"": 40.3512, ""sparse_l"": 34.1408, ""sv_l"": 34.1408, ""feat_secs"": 0.008934, ""feat_secs_frame"": 0.001135, ""feat_secs_hsf"": 0.007534}"
ct,"ct:n=24,L=32,t=4,nn=1",1,"{""n"": 24.0, ""L"": 32.0, ""t"": 4.0, ""nn"": 1.0}",tableau,na,,0.0046,1998848,,,-9.889559645447185e-18,,"TooLarge { what: ""tableau (non-Clifford circuit)"", bytes: 0, limit: 0 }","{""n"": 24, ""gates"": 1129, ""g2"": 368, ""g3"": 0, ""depth2"": 32, ""t_count"": 4, ""rotations"": 4, ""d"": 4, ""dense_l"": 4.9069, ""redundant"": 0, ""obs_zero"": true, ""frame_l"": 10.1408, ""chi_bits"": 12, ""mps_l"": 38.796, ""hsf_k"": 16, ""hsf_na"": 12, ""hsf_nb"": 12, ""hsf_l"": 39.3512, ""sup"": 24, ""chi_bits0"": 12, ""mps_l0"": 38.796, ""hsf_keff"": 15, ""hsf_l0"": 40.3512, ""sparse_l"": 34.1408, ""sv_l"": 34.1408, ""feat_secs"": 0.008934, ""feat_secs_frame"": 0.001135, ""feat_secs_hsf"": 0.007534}"
ct,"ct:n=24,L=32,t=4,nn=1",1,"{""n"": 24.0, ""L"": 32.0, ""t"": 4.0, ""nn"": 1.0}",cstate,ok,0.000507,0.0043,2211840,0.0,4,-9.889559645447185e-18,9.889559645447185e-18,,"{""n"": 24, ""gates"": 1129, ""g2"": 368, ""g3"": 0, ""depth2"": 32, ""t_count"": 4, ""rotations"": 4, ""d"": 4, ""dense_l"": 4.9069, ""redundant"": 0, ""obs_zero"": true, ""frame_l"": 10.1408, ""chi_bits"": 12, ""mps_l"": 38.796, ""hsf_k"": 16, ""hsf_na"": 12, ""hsf_nb"": 12, ""hsf_l"": 39.3512, ""sup"": 24, ""chi_bits0"": 12, ""mps_l0"": 38.796, ""hsf_keff"": 15, ""hsf_l0"": 40.3512, ""sparse_l"": 34.1408, ""sv_l"": 34.1408, ""feat_secs"": 0.008934, ""feat_secs_frame"": 0.001135, ""feat_secs_hsf"": 0.007534}"
ct,"ct:n=24,L=32,t=4,nn=1",1,"{""n"": 24.0, ""L"": 32.0, ""t"": 4.0, ""nn"": 1.0}",frame,ok,0.000646,0.0045,2605056,-0.0,0,-9.889559645447185e-18,9.889559645447185e-18,switched_at=None dense_qubits=0 peak_terms=0 term_visits=0 dense_ops=0,"{""n"": 24, ""gates"": 1129, ""g2"": 368, ""g3"": 0, ""depth2"": 32, ""t_count"": 4, ""rotations"": 4, ""d"": 4, ""dense_l"": 4.9069, ""redundant"": 0, ""obs_zero"": true, ""frame_l"": 10.1408, ""chi_bits"": 12, ""mps_l"": 38.796, ""hsf_k"": 16, ""hsf_na"": 12, ""hsf_nb"": 12, ""hsf_l"": 39.3512, ""sup"": 24, ""chi_bits0"": 12, ""mps_l0"": 38.796, ""hsf_keff"": 15, ""hsf_l0"": 40.3512, ""sparse_l"": 34.1408, ""sv_l"": 34.1408, ""feat_secs"": 0.008934, ""feat_secs_frame"": 0.001135, ""feat_secs_hsf"": 0.007534}"
ct,"ct:n=24,L=32,t=4,nn=1",1,"{""n"": 24.0, ""L"": 32.0, ""t"": 4.0, ""nn"": 1.0}",dense,ok,0.000522,0.0044,2326528,0.0,4,-9.889559645447185e-18,9.889559645447185e-18,switched_at=Some(4) dense_qubits=4 peak_terms=0 term_visits=0 dense_ops=30,"{""n"": 24, ""gates"": 1129, ""g2"": 368, ""g3"": 0, ""depth2"": 32, ""t_count"": 4, ""rotations"": 4, ""d"": 4, ""dense_l"": 4.9069, ""redundant"": 0, ""obs_zero"": true, ""frame_l"": 10.1408, ""chi_bits"": 12, ""mps_l"": 38.796, ""hsf_k"": 16, ""hsf_na"": 12, ""hsf_nb"": 12, ""hsf_l"": 39.3512, ""sup"": 24, ""chi_bits0"": 12, ""mps_l0"": 38.796, ""hsf_keff"": 15, ""hsf_l0"": 40.3512, ""sparse_l"": 34.1408, ""sv_l"": 34.1408, ""feat_secs"": 0.008934, ""feat_secs_frame"": 0.001135, ""feat_secs_hsf"": 0.007534}"
ct,"ct:n=24,L=32,t=4,nn=1",1,"{""n"": 24.0, ""L"": 32.0, ""t"": 4.0, ""nn"": 1.0}",auto,ok,0.000506,0.0042,2326528,0.0,4,-9.889559645447185e-18,9.889559645447185e-18,switched_at=Some(4) dense_qubits=4 peak_terms=0 term_visits=0 dense_ops=30,"{""n"": 24, ""gates"": 1129, ""g2"": 368, ""g3"": 0, ""depth2"": 32, ""t_count"": 4, ""rotations"": 4, ""d"": 4, ""dense_l"": 4.9069, ""redundant"": 0, ""obs_zero"": true, ""frame_l"": 10.1408, ""chi_bits"": 12, ""mps_l"": 38.796, ""hsf_k"": 16, ""hsf_na"": 12, ""hsf_nb"": 12, ""hsf_l"": 39.3512, ""sup"": 24, ""chi_bits0"": 12, ""mps_l0"": 38.796, ""hsf_keff"": 15, ""hsf_l0"": 40.3512, ""sparse_l"": 34.1408, ""sv_l"": 34.1408, ""feat_secs"": 0.008934, ""feat_secs_frame"": 0.001135, ""feat_secs_hsf"": 0.007534}"
ct,"ct:n=24,L=32,t=8,nn=1",1,"{""n"": 24.0, ""L"": 32.0, ""t"": 8.0, ""nn"": 1.0}",sv,ok,6.875346,6.8833,273170432,-1.00052458171964e-19,16777216,-1.00052458171964e-19,0.0,,"{""n"": 24, ""gates"": 1122, ""g2"": 368, ""g3"": 0, ""depth2"": 32, ""t_count"": 8, ""rotations"": 8, ""d"": 8, ""dense_l"": 8.9944, ""redundant"": 0, ""obs_zero"": true, ""frame_l"": 10.1319, ""chi_bits"": 12, ""mps_l"": 38.7963, ""hsf_k"": 16, ""hsf_na"": 12, ""hsf_nb"": 12, ""hsf_l"": 39.3493, ""sup"": 24, ""chi_bits0"": 12, ""mps_l0"": 38.7963, ""hsf_keff"": 15, ""hsf_l0"": 40.3493, ""sparse_l"": 34.1319, ""sv_l"": 34.1319, ""feat_secs"": 0.009636, ""feat_secs_frame"": 0.001119, ""feat_secs_hsf"": 0.008249}"
ct,"ct:n=24,L=32,t=8,nn=1",1,"{""n"": 24.0, ""L"": 32.0, ""t"": 8.0, ""nn"": 1.0}",sparse,skipped,,,,,,-1.00052458171964e-19,,,"{""n"": 24, ""gates"": 1122, ""g2"": 368, ""g3"": 0, ""depth2"": 32, ""t_count"": 8, ""rotations"": 8, ""d"": 8, ""dense_l"": 8.9944, ""redundant"": 0, ""obs_zero"": true, ""frame_l"": 10.1319, ""chi_bits"": 12, ""mps_l"": 38.7963, ""hsf_k"": 16, ""hsf_na"": 12, ""hsf_nb"": 12, ""hsf_l"": 39.3493, ""sup"": 24, ""chi_bits0"": 12, ""mps_l0"": 38.7963, ""hsf_keff"": 15, ""hsf_l0"": 40.3493, ""sparse_l"": 34.1319, ""sv_l"": 34.1319, ""feat_secs"": 0.009636, ""feat_secs_frame"": 0.001119, ""feat_secs_hsf"": 0.008249}"
ct,"ct:n=24,L=32,t=8,nn=1",1,"{""n"": 24.0, ""L"": 32.0, ""t"": 8.0, ""nn"": 1.0}",mps,ok,1.052839,1.0582,40419328,8.931959315877116e-18,256,-1.00052458171964e-19,9.03201177404908e-18,,"{""n"": 24, ""gates"": 1122, ""g2"": 368, ""g3"": 0, ""depth2"": 32, ""t_count"": 8, ""rotations"": 8, ""d"": 8, ""dense_l"": 8.9944, ""redundant"": 0, ""obs_zero"": true, ""frame_l"": 10.1319, ""chi_bits"": 12, ""mps_l"": 38.7963, ""hsf_k"": 16, ""hsf_na"": 12, ""hsf_nb"": 12, ""hsf_l"": 39.3493, ""sup"": 24, ""chi_bits0"": 12, ""mps_l0"": 38.7963, ""hsf_keff"": 15, ""hsf_l0"": 40.3493, ""sparse_l"": 34.1319, ""sv_l"": 34.1319, ""feat_secs"": 0.009636, ""feat_secs_frame"": 0.001119, ""feat_secs_hsf"": 0.008249}"
ct,"ct:n=24,L=32,t=8,nn=1",1,"{""n"": 24.0, ""L"": 32.0, ""t"": 8.0, ""nn"": 1.0}",hsf,timeout,,10.0038,285982720,,,-1.00052458171964e-19,,timeout,"{""n"": 24, ""gates"": 1122, ""g2"": 368, ""g3"": 0, ""depth2"": 32, ""t_count"": 8, ""rotations"": 8, ""d"": 8, ""dense_l"": 8.9944, ""redundant"": 0, ""obs_zero"": true, ""frame_l"": 10.1319, ""chi_bits"": 12, ""mps_l"": 38.7963, ""hsf_k"": 16, ""hsf_na"": 12, ""hsf_nb"": 12, ""hsf_l"": 39.3493, ""sup"": 24, ""chi_bits0"": 12, ""mps_l0"": 38.7963, ""hsf_keff"": 15, ""hsf_l0"": 40.3493, ""sparse_l"": 34.1319, ""sv_l"": 34.1319, ""feat_secs"": 0.009636, ""feat_secs_frame"": 0.001119, ""feat_secs_hsf"": 0.008249}"
ct,"ct:n=24,L=32,t=8,nn=1",1,"{""n"": 24.0, ""L"": 32.0, ""t"": 8.0, ""nn"": 1.0}",tableau,na,,0.0045,1998848,,,-1.00052458171964e-19,,"TooLarge { what: ""tableau (non-Clifford circuit)"", bytes: 0, limit: 0 }","{""n"": 24, ""gates"": 1122, ""g2"": 368, ""g3"": 0, ""depth2"": 32, ""t_count"": 8, ""rotations"": 8, ""d"": 8, ""dense_l"": 8.9944, ""redundant"": 0, ""obs_zero"": true, ""frame_l"": 10.1319, ""chi_bits"": 12, ""mps_l"": 38.7963, ""hsf_k"": 16, ""hsf_na"": 12, ""hsf_nb"": 12, ""hsf_l"": 39.3493, ""sup"": 24, ""chi_bits0"": 12, ""mps_l0"": 38.7963, ""hsf_keff"": 15, ""hsf_l0"": 40.3493, ""sparse_l"": 34.1319, ""sv_l"": 34.1319, ""feat_secs"": 0.009636, ""feat_secs_frame"": 0.001119, ""feat_secs_hsf"": 0.008249}"
ct,"ct:n=24,L=32,t=8,nn=1",1,"{""n"": 24.0, ""L"": 32.0, ""t"": 8.0, ""nn"": 1.0}",cstate,ok,0.00051,0.0041,2211840,0.0,8,-1.00052458171964e-19,1.00052458171964e-19,,"{""n"": 24, ""gates"": 1122, ""g2"": 368, ""g3"": 0, ""depth2"": 32, ""t_count"": 8, ""rotations"": 8, ""d"": 8, ""dense_l"": 8.9944, ""redundant"": 0, ""obs_zero"": true, ""frame_l"": 10.1319, ""chi_bits"": 12, ""mps_l"": 38.7963, ""hsf_k"": 16, ""hsf_na"": 12, ""hsf_nb"": 12, ""hsf_l"": 39.3493, ""sup"": 24, ""chi_bits0"": 12, ""mps_l0"": 38.7963, ""hsf_keff"": 15, ""hsf_l0"": 40.3493, ""sparse_l"": 34.1319, ""sv_l"": 34.1319, ""feat_secs"": 0.009636, ""feat_secs_frame"": 0.001119, ""feat_secs_hsf"": 0.008249}"
ct,"ct:n=24,L=32,t=8,nn=1",1,"{""n"": 24.0, ""L"": 32.0, ""t"": 8.0, ""nn"": 1.0}",frame,ok,0.000604,0.0077,2588672,-0.0,0,-1.00052458171964e-19,1.00052458171964e-19,switched_at=None dense_qubits=0 peak_terms=0 term_visits=0 dense_ops=0,"{""n"": 24, ""gates"": 1122, ""g2"": 368, ""g3"": 0, ""depth2"": 32, ""t_count"": 8, ""rotations"": 8, ""d"": 8, ""dense_l"": 8.9944, ""redundant"": 0, ""obs_zero"": true, ""frame_l"": 10.1319, ""chi_bits"": 12, ""mps_l"": 38.7963, ""hsf_k"": 16, ""hsf_na"": 12, ""hsf_nb"": 12, ""hsf_l"": 39.3493, ""sup"": 24, ""chi_bits0"": 12, ""mps_l0"": 38.7963, ""hsf_keff"": 15, ""hsf_l0"": 40.3493, ""sparse_l"": 34.1319, ""sv_l"": 34.1319, ""feat_secs"": 0.009636, ""feat_secs_frame"": 0.001119, ""feat_secs_hsf"": 0.008249}"
ct,"ct:n=24,L=32,t=8,nn=1",1,"{""n"": 24.0, ""L"": 32.0, ""t"": 8.0, ""nn"": 1.0}",dense,ok,0.000505,0.0071,2326528,0.0,8,-1.00052458171964e-19,1.00052458171964e-19,switched_at=Some(8) dense_qubits=8 peak_terms=0 term_visits=0 dense_ops=510,"{""n"": 24, ""gates"": 1122, ""g2"": 368, ""g3"": 0, ""depth2"": 32, ""t_count"": 8, ""rotations"": 8, ""d"": 8, ""dense_l"": 8.9944, ""redundant"": 0, ""obs_zero"": true, ""frame_l"": 10.1319, ""chi_bits"": 12, ""mps_l"": 38.7963, ""hsf_k"": 16, ""hsf_na"": 12, ""hsf_nb"": 12, ""hsf_l"": 39.3493, ""sup"": 24, ""chi_bits0"": 12, ""mps_l0"": 38.7963, ""hsf_keff"": 15, ""hsf_l0"": 40.3493, ""sparse_l"": 34.1319, ""sv_l"": 34.1319, ""feat_secs"": 0.009636, ""feat_secs_frame"": 0.001119, ""feat_secs_hsf"": 0.008249}"
ct,"ct:n=24,L=32,t=8,nn=1",1,"{""n"": 24.0, ""L"": 32.0, ""t"": 8.0, ""nn"": 1.0}",auto,ok,0.00064,0.0075,2605056,-0.0,0,-1.00052458171964e-19,1.00052458171964e-19,switched_at=None dense_qubits=0 peak_terms=0 term_visits=0 dense_ops=0,"{""n"": 24, ""gates"": 1122, ""g2"": 368, ""g3"": 0, ""depth2"": 32, ""t_count"": 8, ""rotations"": 8, ""d"": 8, ""dense_l"": 8.9944, ""redundant"": 0, ""obs_zero"": true, ""frame_l"": 10.1319, ""chi_bits"": 12, ""mps_l"": 38.7963, ""hsf_k"": 16, ""hsf_na"": 12, ""hsf_nb"": 12, ""hsf_l"": 39.3493, ""sup"": 24, ""chi_bits0"": 12, ""mps_l0"": 38.7963, ""hsf_keff"": 15, ""hsf_l0"": 40.3493, ""sparse_l"": 34.1319, ""sv_l"": 34.1319, ""feat_secs"": 0.009636, ""feat_secs_frame"": 0.001119, ""feat_secs_hsf"": 0.008249}"
ct,"ct:n=24,L=32,t=12,nn=1",1,"{""n"": 24.0, ""L"": 32.0, ""t"": 12.0, ""nn"": 1.0}",sv,ok,6.763458,6.7681,273170432,2.462020375202832e-20,16777216,2.462020375202832e-20,0.0,,"{""n"": 24, ""gates"": 1128, ""g2"": 368, ""g3"": 0, ""depth2"": 32, ""t_count"": 12, ""rotations"": 12, ""d"": 12, ""dense_l"": 12.9996, ""redundant"": 0, ""obs_zero"": true, ""frame_l"": 10.1396, ""chi_bits"": 12, ""mps_l"": 38.7961, ""hsf_k"": 16, ""hsf_na"": 12, ""hsf_nb"": 12, ""hsf_l"": 39.3509, ""sup"": 24, ""chi_bits0"": 12, ""mps_l0"": 38.7961, ""hsf_keff"": 15, ""hsf_l0"": 40.3509, ""sparse_l"": 34.1396, ""sv_l"": 34.1396, ""feat_secs"": 0.006966, ""feat_secs_frame"": 0.001249, ""feat_secs_hsf"": 0.005468}"
ct,"ct:n=24,L=32,t=12,nn=1",1,"{""n"": 24.0, ""L"": 32.0, ""t"": 12.0, ""nn"": 1.0}",sparse,skipped,,,,,,2.462020375202832e-20,,,"{""n"": 24, ""gates"": 1128, ""g2"": 368, ""g3"": 0, ""depth2"": 32, ""t_count"": 12, ""rotations"": 12, ""d"": 12, ""dense_l"": 12.9996, ""redundant"": 0, ""obs_zero"": true, ""frame_l"": 10.1396, ""chi_bits"": 12, ""mps_l"": 38.7961, ""hsf_k"": 16, ""hsf_na"": 12, ""hsf_nb"": 12, ""hsf_l"": 39.3509, ""sup"": 24, ""chi_bits0"": 12, ""mps_l0"": 38.7961, ""hsf_keff"": 15, ""hsf_l0"": 40.3509, ""sparse_l"": 34.1396, ""sv_l"": 34.1396, ""feat_secs"": 0.006966, ""feat_secs_frame"": 0.001249, ""feat_secs_hsf"": 0.005468}"
ct,"ct:n=24,L=32,t=12,nn=1",1,"{""n"": 24.0, ""L"": 32.0, ""t"": 12.0, ""nn"": 1.0}",mps,ok,0.694813,0.7001,26017792,1.693977326510102e-16,256,2.462020375202832e-20,1.6937311244725818e-16,,"{""n"": 24, ""gates"": 1128, ""g2"": 368, ""g3"": 0, ""depth2"": 32, ""t_count"": 12, ""rotations"": 12, ""d"": 12, ""dense_l"": 12.9996, ""redundant"": 0, ""obs_zero"": true, ""frame_l"": 10.1396, ""chi_bits"": 12, ""mps_l"": 38.7961, ""hsf_k"": 16, ""hsf_na"": 12, ""hsf_nb"": 12, ""hsf_l"": 39.3509, ""sup"": 24, ""chi_bits0"": 12, ""mps_l0"": 38.7961, ""hsf_keff"": 15, ""hsf_l0"": 40.3509, ""sparse_l"": 34.1396, ""sv_l"": 34.1396, ""feat_secs"": 0.006966, ""feat_secs_frame"": 0.001249, ""feat_secs_hsf"": 0.005468}"
ct,"ct:n=24,L=32,t=12,nn=1",1,"{""n"": 24.0, ""L"": 32.0, ""t"": 12.0, ""nn"": 1.0}",hsf,timeout,,10.0046,285982720,,,2.462020375202832e-20,,timeout,"{""n"": 24, ""gates"": 1128, ""g2"": 368, ""g3"": 0, ""depth2"": 32, ""t_count"": 12, ""rotations"": 12, ""d"": 12, ""dense_l"": 12.9996, ""redundant"": 0, ""obs_zero"": true, ""frame_l"": 10.1396, ""chi_bits"": 12, ""mps_l"": 38.7961, ""hsf_k"": 16, ""hsf_na"": 12, ""hsf_nb"": 12, ""hsf_l"": 39.3509, ""sup"": 24, ""chi_bits0"": 12, ""mps_l0"": 38.7961, ""hsf_keff"": 15, ""hsf_l0"": 40.3509, ""sparse_l"": 34.1396, ""sv_l"": 34.1396, ""feat_secs"": 0.006966, ""feat_secs_frame"": 0.001249, ""feat_secs_hsf"": 0.005468}"
ct,"ct:n=24,L=32,t=12,nn=1",1,"{""n"": 24.0, ""L"": 32.0, ""t"": 12.0, ""nn"": 1.0}",tableau,na,,0.0068,1998848,,,2.462020375202832e-20,,"TooLarge { what: ""tableau (non-Clifford circuit)"", bytes: 0, limit: 0 }","{""n"": 24, ""gates"": 1128, ""g2"": 368, ""g3"": 0, ""depth2"": 32, ""t_count"": 12, ""rotations"": 12, ""d"": 12, ""dense_l"": 12.9996, ""redundant"": 0, ""obs_zero"": true, ""frame_l"": 10.1396, ""chi_bits"": 12, ""mps_l"": 38.7961, ""hsf_k"": 16, ""hsf_na"": 12, ""hsf_nb"": 12, ""hsf_l"": 39.3509, ""sup"": 24, ""chi_bits0"": 12, ""mps_l0"": 38.7961, ""hsf_keff"": 15, ""hsf_l0"": 40.3509, ""sparse_l"": 34.1396, ""sv_l"": 34.1396, ""feat_secs"": 0.006966, ""feat_secs_frame"": 0.001249, ""feat_secs_hsf"": 0.005468}"
ct,"ct:n=24,L=32,t=12,nn=1",1,"{""n"": 24.0, ""L"": 32.0, ""t"": 12.0, ""nn"": 1.0}",cstate,ok,0.000551,0.0073,2277376,0.0,12,2.462020375202832e-20,2.462020375202832e-20,,"{""n"": 24, ""gates"": 1128, ""g2"": 368, ""g3"": 0, ""depth2"": 32, ""t_count"": 12, ""rotations"": 12, ""d"": 12, ""dense_l"": 12.9996, ""redundant"": 0, ""obs_zero"": true, ""frame_l"": 10.1396, ""chi_bits"": 12, ""mps_l"": 38.7961, ""hsf_k"": 16, ""hsf_na"": 12, ""hsf_nb"": 12, ""hsf_l"": 39.3509, ""sup"": 24, ""chi_bits0"": 12, ""mps_l0"": 38.7961, ""hsf_keff"": 15, ""hsf_l0"": 40.3509, ""sparse_l"": 34.1396, ""sv_l"": 34.1396, ""feat_secs"": 0.006966, ""feat_secs_frame"": 0.001249, ""feat_secs_hsf"": 0.005468}"
ct,"ct:n=24,L=32,t=12,nn=1",1,"{""n"": 24.0, ""L"": 32.0, ""t"": 12.0, ""nn"": 1.0}",frame,ok,0.000638,0.0073,2588672,-0.0,0,2.462020375202832e-20,2.462020375202832e-20,switched_at=None dense_qubits=0 peak_terms=0 term_visits=0 dense_ops=0,"{""n"": 24, ""gates"": 1128, ""g2"": 368, ""g3"": 0, ""depth2"": 32, ""t_count"": 12, ""rotations"": 12, ""d"": 12, ""dense_l"": 12.9996, ""redundant"": 0, ""obs_zero"": true, ""frame_l"": 10.1396, ""chi_bits"": 12, ""mps_l"": 38.7961, ""hsf_k"": 16, ""hsf_na"": 12, ""hsf_nb"": 12, ""hsf_l"": 39.3509, ""sup"": 24, ""chi_bits0"": 12, ""mps_l0"": 38.7961, ""hsf_keff"": 15, ""hsf_l0"": 40.3509, ""sparse_l"": 34.1396, ""sv_l"": 34.1396, ""feat_secs"": 0.006966, ""feat_secs_frame"": 0.001249, ""feat_secs_hsf"": 0.005468}"
ct,"ct:n=24,L=32,t=12,nn=1",1,"{""n"": 24.0, ""L"": 32.0, ""t"": 12.0, ""nn"": 1.0}",dense,ok,0.000533,0.0044,2392064,0.0,12,2.462020375202832e-20,2.462020375202832e-20,switched_at=Some(12) dense_qubits=12 peak_terms=0 term_visits=0 dense_ops=8190,"{""n"": 24, ""gates"": 1128, ""g2"": 368, ""g3"": 0, ""depth2"": 32, ""t_count"": 12, ""rotations"": 12, ""d"": 12, ""dense_l"": 12.9996, ""redundant"": 0, ""obs_zero"": true, ""frame_l"": 10.1396, ""chi_bits"": 12, ""mps_l"": 38.7961, ""hsf_k"": 16, ""hsf_na"": 12, ""hsf_nb"": 12, ""hsf_l"": 39.3509, ""sup"": 24, ""chi_bits0"": 12, ""mps_l0"": 38.7961, ""hsf_keff"": 15, ""hsf_l0"": 40.3509, ""sparse_l"": 34.1396, ""sv_l"": 34.1396, ""feat_secs"": 0.006966, ""feat_secs_frame"": 0.001249, ""feat_secs_hsf"": 0.005468}"
ct,"ct:n=24,L=32,t=12,nn=1",1,"{""n"": 24.0, ""L"": 32.0, ""t"": 12.0, ""nn"": 1.0}",auto,ok,0.000613,0.0063,2588672,-0.0,0,2.462020375202832e-20,2.462020375202832e-20,switched_at=None dense_qubits=0 peak_terms=0 term_visits=0 dense_ops=0,"{""n"": 24, ""gates"": 1128, ""g2"": 368, ""g3"": 0, ""depth2"": 32, ""t_count"": 12, ""rotations"": 12, ""d"": 12, ""dense_l"": 12.9996, ""redundant"": 0, ""obs_zero"": true, ""frame_l"": 10.1396, ""chi_bits"": 12, ""mps_l"": 38.7961, ""hsf_k"": 16, ""hsf_na"": 12, ""hsf_nb"": 12, ""hsf_l"": 39.3509, ""sup"": 24, ""chi_bits0"": 12, ""mps_l0"": 38.7961, ""hsf_keff"": 15, ""hsf_l0"": 40.3509, ""sparse_l"": 34.1396, ""sv_l"": 34.1396, ""feat_secs"": 0.006966, ""feat_secs_frame"": 0.001249, ""feat_secs_hsf"": 0.005468}"
ct,"ct:n=24,L=32,t=16,nn=1",1,"{""n"": 24.0, ""L"": 32.0, ""t"": 16.0, ""nn"": 1.0}",sv,ok,6.890846,6.8957,273121280,-2.219790148791298e-18,16777216,-2.219790148791298e-18,0.0,,"{""n"": 24, ""gates"": 1129, ""g2"": 368, ""g3"": 0, ""depth2"": 32, ""t_count"": 16, ""rotations"": 16, ""d"": 16, ""dense_l"": 17.0, ""redundant"": 0, ""obs_zero"": true, ""frame_l"": 10.1408, ""chi_bits"": 12, ""mps_l"": 38.7962, ""hsf_k"": 16, ""hsf_na"": 12, ""hsf_nb"": 12, ""hsf_l"": 38.3512, ""sup"": 24, ""chi_bits0"": 12, ""mps_l0"": 38.7962, ""hsf_keff"": 14, ""hsf_l0"": 40.3512, ""sparse_l"": 34.1408, ""sv_l"": 34.1408, ""feat_secs"": 0.006752, ""feat_secs_frame"": 0.001168, ""feat_secs_hsf"": 0.005313}"
ct,"ct:n=24,L=32,t=16,nn=1",1,"{""n"": 24.0, ""L"": 32.0, ""t"": 16.0, ""nn"": 1.0}",sparse,skipped,,,,,,-2.219790148791298e-18,,,"{""n"": 24, ""gates"": 1129, ""g2"": 368, ""g3"": 0, ""depth2"": 32, ""t_count"": 16, ""rotations"": 16, ""d"": 16, ""dense_l"": 17.0, ""redundant"": 0, ""obs_zero"": true, ""frame_l"": 10.1408, ""chi_bits"": 12, ""mps_l"": 38.7962, ""hsf_k"": 16, ""hsf_na"": 12, ""hsf_nb"": 12, ""hsf_l"": 38.3512, ""sup"": 24, ""chi_bits0"": 12, ""mps_l0"": 38.7962, ""hsf_keff"": 14, ""hsf_l0"": 40.3512, ""sparse_l"": 34.1408, ""sv_l"": 34.1408, ""feat_secs"": 0.006752, ""feat_secs_frame"": 0.001168, ""feat_secs_hsf"": 0.005313}"
ct,"ct:n=24,L=32,t=16,nn=1",1,"{""n"": 24.0, ""L"": 32.0, ""t"": 16.0, ""nn"": 1.0}",mps,ok,1.255018,1.2615,42319872,-6.564908573697305e-16,256,-2.219790148791298e-18,6.542710672209392e-16,,"{""n"": 24, ""gates"": 1129, ""g2"": 368, ""g3"": 0, ""depth2"": 32, ""t_count"": 16, ""rotations"": 16, ""d"": 16, ""dense_l"": 17.0, ""redundant"": 0, ""obs_zero"": true, ""frame_l"": 10.1408, ""chi_bits"": 12, ""mps_l"": 38.7962, ""hsf_k"": 16, ""hsf_na"": 12, ""hsf_nb"": 12, ""hsf_l"": 38.3512, ""sup"": 24, ""chi_bits0"": 12, ""mps_l0"": 38.7962, ""hsf_keff"": 14, ""hsf_l0"": 40.3512, ""sparse_l"": 34.1408, ""sv_l"": 34.1408, ""feat_secs"": 0.006752, ""feat_secs_frame"": 0.001168, ""feat_secs_hsf"": 0.005313}"
ct,"ct:n=24,L=32,t=16,nn=1",1,"{""n"": 24.0, ""L"": 32.0, ""t"": 16.0, ""nn"": 1.0}",hsf,timeout,,10.0050,285933568,,,-2.219790148791298e-18,,timeout,"{""n"": 24, ""gates"": 1129, ""g2"": 368, ""g3"": 0, ""depth2"": 32, ""t_count"": 16, ""rotations"": 16, ""d"": 16, ""dense_l"": 17.0, ""redundant"": 0, ""obs_zero"": true, ""frame_l"": 10.1408, ""chi_bits"": 12, ""mps_l"": 38.7962, ""hsf_k"": 16, ""hsf_na"": 12, ""hsf_nb"": 12, ""hsf_l"": 38.3512, ""sup"": 24, ""chi_bits0"": 12, ""mps_l0"": 38.7962, ""hsf_keff"": 14, ""hsf_l0"": 40.3512, ""sparse_l"": 34.1408, ""sv_l"": 34.1408, ""feat_secs"": 0.006752, ""feat_secs_frame"": 0.001168, ""feat_secs_hsf"": 0.005313}"
ct,"ct:n=24,L=32,t=16,nn=1",1,"{""n"": 24.0, ""L"": 32.0, ""t"": 16.0, ""nn"": 1.0}",tableau,na,,0.0047,1998848,,,-2.219790148791298e-18,,"TooLarge { what: ""tableau (non-Clifford circuit)"", bytes: 0, limit: 0 }","{""n"": 24, ""gates"": 1129, ""g2"": 368, ""g3"": 0, ""depth2"": 32, ""t_count"": 16, ""rotations"": 16, ""d"": 16, ""dense_l"": 17.0, ""redundant"": 0, ""obs_zero"": true, ""frame_l"": 10.1408, ""chi_bits"": 12, ""mps_l"": 38.7962, ""hsf_k"": 16, ""hsf_na"": 12, ""hsf_nb"": 12, ""hsf_l"": 38.3512, ""sup"": 24, ""chi_bits0"": 12, ""mps_l0"": 38.7962, ""hsf_keff"": 14, ""hsf_l0"": 40.3512, ""sparse_l"": 34.1408, ""sv_l"": 34.1408, ""feat_secs"": 0.006752, ""feat_secs_frame"": 0.001168, ""feat_secs_hsf"": 0.005313}"
ct,"ct:n=24,L=32,t=16,nn=1",1,"{""n"": 24.0, ""L"": 32.0, ""t"": 16.0, ""nn"": 1.0}",cstate,ok,0.000852,0.0075,3538944,0.0,16,-2.219790148791298e-18,2.219790148791298e-18,,"{""n"": 24, ""gates"": 1129, ""g2"": 368, ""g3"": 0, ""depth2"": 32, ""t_count"": 16, ""rotations"": 16, ""d"": 16, ""dense_l"": 17.0, ""redundant"": 0, ""obs_zero"": true, ""frame_l"": 10.1408, ""chi_bits"": 12, ""mps_l"": 38.7962, ""hsf_k"": 16, ""hsf_na"": 12, ""hsf_nb"": 12, ""hsf_l"": 38.3512, ""sup"": 24, ""chi_bits0"": 12, ""mps_l0"": 38.7962, ""hsf_keff"": 14, ""hsf_l0"": 40.3512, ""sparse_l"": 34.1408, ""sv_l"": 34.1408, ""feat_secs"": 0.006752, ""feat_secs_frame"": 0.001168, ""feat_secs_hsf"": 0.005313}"
ct,"ct:n=24,L=32,t=16,nn=1",1,"{""n"": 24.0, ""L"": 32.0, ""t"": 16.0, ""nn"": 1.0}",frame,ok,0.000648,0.0077,2588672,-0.0,0,-2.219790148791298e-18,2.219790148791298e-18,switched_at=None dense_qubits=0 peak_terms=0 term_visits=0 dense_ops=0,"{""n"": 24, ""gates"": 1129, ""g2"": 368, ""g3"": 0, ""depth2"": 32, ""t_count"": 16, ""rotations"": 16, ""d"": 16, ""dense_l"": 17.0, ""redundant"": 0, ""obs_zero"": true, ""frame_l"": 10.1408, ""chi_bits"": 12, ""mps_l"": 38.7962, ""hsf_k"": 16, ""hsf_na"": 12, ""hsf_nb"": 12, ""hsf_l"": 38.3512, ""sup"": 24, ""chi_bits0"": 12, ""mps_l0"": 38.7962, ""hsf_keff"": 14, ""hsf_l0"": 40.3512, ""sparse_l"": 34.1408, ""sv_l"": 34.1408, ""feat_secs"": 0.006752, ""feat_secs_frame"": 0.001168, ""feat_secs_hsf"": 0.005313}"
ct,"ct:n=24,L=32,t=16,nn=1",1,"{""n"": 24.0, ""L"": 32.0, ""t"": 16.0, ""nn"": 1.0}",dense,ok,0.000985,0.0076,3620864,0.0,16,-2.219790148791298e-18,2.219790148791298e-18,switched_at=Some(16) dense_qubits=16 peak_terms=0 term_visits=0 dense_ops=131070,"{""n"": 24, ""gates"": 1129, ""g2"": 368, ""g3"": 0, ""depth2"": 32, ""t_count"": 16, ""rotations"": 16, ""d"": 16, ""dense_l"": 17.0, ""redundant"": 0, ""obs_zero"": true, ""frame_l"": 10.1408, ""chi_bits"": 12, ""mps_l"": 38.7962, ""hsf_k"": 16, ""hsf_na"": 12, ""hsf_nb"": 12, ""hsf_l"": 38.3512, ""sup"": 24, ""chi_bits0"": 12, ""mps_l0"": 38.7962, ""hsf_keff"": 14, ""hsf_l0"": 40.3512, ""sparse_l"": 34.1408, ""sv_l"": 34.1408, ""feat_secs"": 0.006752, ""feat_secs_frame"": 0.001168, ""feat_secs_hsf"": 0.005313}"
ct,"ct:n=24,L=32,t=16,nn=1",1,"{""n"": 24.0, ""L"": 32.0, ""t"": 16.0, ""nn"": 1.0}",auto,ok,0.000647,0.0076,2588672,-0.0,0,-2.219790148791298e-18,2.219790148791298e-18,switched_at=None dense_qubits=0 peak_terms=0 term_visits=0 dense_ops=0,"{""n"": 24, ""gates"": 1129, ""g2"": 368, ""g3"": 0, ""depth2"": 32, ""t_count"": 16, ""rotations"": 16, ""d"": 16, ""dense_l"": 17.0, ""redundant"": 0, ""obs_zero"": true, ""frame_l"": 10.1408, ""chi_bits"": 12, ""mps_l"": 38.7962, ""hsf_k"": 16, ""hsf_na"": 12, ""hsf_nb"": 12, ""hsf_l"": 38.3512, ""sup"": 24, ""chi_bits0"": 12, ""mps_l0"": 38.7962, ""hsf_keff"": 14, ""hsf_l0"": 40.3512, ""sparse_l"": 34.1408, ""sv_l"": 34.1408, ""feat_secs"": 0.006752, ""feat_secs_frame"": 0.001168, ""feat_secs_hsf"": 0.005313}"
ct,"ct:n=24,L=32,t=24,nn=1",1,"{""n"": 24.0, ""L"": 32.0, ""t"": 24.0, ""nn"": 1.0}",sv,ok,7.076728,7.0841,273121280,5.117687040526777e-18,16777216,5.117687040526777e-18,0.0,,"{""n"": 24, ""gates"": 1165, ""g2"": 368, ""g3"": 0, ""depth2"": 32, ""t_count"": 24, ""rotations"": 24, ""d"": 21, ""dense_l"": 22.3404, ""redundant"": 3, ""obs_zero"": true, ""frame_l"": 10.1861, ""chi_bits"": 12, ""mps_l"": 38.796, ""hsf_k"": 16, ""hsf_na"": 12, ""hsf_nb"": 12, ""hsf_l"": 39.3611, ""sup"": 24, ""chi_bits0"": 12, ""mps_l0"": 38.796, ""hsf_keff"": 15, ""hsf_l0"": 40.3611, ""sparse_l"": 34.1861, ""sv_l"": 34.1861, ""feat_secs"": 0.009999, ""feat_secs_frame"": 0.001198, ""feat_secs_hsf"": 0.008542}"
ct,"ct:n=24,L=32,t=24,nn=1",1,"{""n"": 24.0, ""L"": 32.0, ""t"": 24.0, ""nn"": 1.0}",sparse,skipped,,,,,,5.117687040526777e-18,,,"{""n"": 24, ""gates"": 1165, ""g2"": 368, ""g3"": 0, ""depth2"": 32, ""t_count"": 24, ""rotations"": 24, ""d"": 21, ""dense_l"": 22.3404, ""redundant"": 3, ""obs_zero"": true, ""frame_l"": 10.1861, ""chi_bits"": 12, ""mps_l"": 38.796, ""hsf_k"": 16, ""hsf_na"": 12, ""hsf_nb"": 12, ""hsf_l"": 39.3611, ""sup"": 24, ""chi_bits0"": 12, ""mps_l0"": 38.796, ""hsf_keff"": 15, ""hsf_l0"": 40.3611, ""sparse_l"": 34.1861, ""sv_l"": 34.1861, ""feat_secs"": 0.009999, ""feat_secs_frame"": 0.001198, ""feat_secs_hsf"": 0.008542}"
ct,"ct:n=24,L=32,t=24,nn=1",1,"{""n"": 24.0, ""L"": 32.0, ""t"": 24.0, ""nn"": 1.0}",mps,ok,0.500556,0.5064,24412160,-9.141266866067208e-17,128,5.117687040526777e-18,9.653035570119886e-17,,"{""n"": 24, ""gates"": 1165, ""g2"": 368, ""g3"": 0, ""depth2"": 32, ""t_count"": 24, ""rotations"": 24, ""d"": 21, ""dense_l"": 22.3404, ""redundant"": 3, ""obs_zero"": true, ""frame_l"": 10.1861, ""chi_bits"": 12, ""mps_l"": 38.796, ""hsf_k"": 16, ""hsf_na"": 12, ""hsf_nb"": 12, ""hsf_l"": 39.3611, ""sup"": 24, ""chi_bits0"": 12, ""mps_l0"": 38.796, ""hsf_keff"": 15, ""hsf_l0"": 40.3611, ""sparse_l"": 34.1861, ""sv_l"": 34.1861, ""feat_secs"": 0.009999, ""feat_secs_frame"": 0.001198, ""feat_secs_hsf"": 0.008542}"
ct,"ct:n=24,L=32,t=24,nn=1",1,"{""n"": 24.0, ""L"": 32.0, ""t"": 24.0, ""nn"": 1.0}",hsf,timeout,,10.0031,285999104,,,5.117687040526777e-18,,timeout,"{""n"": 24, ""gates"": 1165, ""g2"": 368, ""g3"": 0, ""depth2"": 32, ""t_count"": 24, ""rotations"": 24, ""d"": 21, ""dense_l"": 22.3404, ""redundant"": 3, ""obs_zero"": true, ""frame_l"": 10.1861, ""chi_bits"": 12, ""mps_l"": 38.796, ""hsf_k"": 16, ""hsf_na"": 12, ""hsf_nb"": 12, ""hsf_l"": 39.3611, ""sup"": 24, ""chi_bits0"": 12, ""mps_l0"": 38.796, ""hsf_keff"": 15, ""hsf_l0"": 40.3611, ""sparse_l"": 34.1861, ""sv_l"": 34.1861, ""feat_secs"": 0.009999, ""feat_secs_frame"": 0.001198, ""feat_secs_hsf"": 0.008542}"
ct,"ct:n=24,L=32,t=24,nn=1",1,"{""n"": 24.0, ""L"": 32.0, ""t"": 24.0, ""nn"": 1.0}",tableau,na,,0.0044,1998848,,,5.117687040526777e-18,,"TooLarge { what: ""tableau (non-Clifford circuit)"", bytes: 0, limit: 0 }","{""n"": 24, ""gates"": 1165, ""g2"": 368, ""g3"": 0, ""depth2"": 32, ""t_count"": 24, ""rotations"": 24, ""d"": 21, ""dense_l"": 22.3404, ""redundant"": 3, ""obs_zero"": true, ""frame_l"": 10.1861, ""chi_bits"": 12, ""mps_l"": 38.796, ""hsf_k"": 16, ""hsf_na"": 12, ""hsf_nb"": 12, ""hsf_l"": 39.3611, ""sup"": 24, ""chi_bits0"": 12, ""mps_l0"": 38.796, ""hsf_keff"": 15, ""hsf_l0"": 40.3611, ""sparse_l"": 34.1861, ""sv_l"": 34.1861, ""feat_secs"": 0.009999, ""feat_secs_frame"": 0.001198, ""feat_secs_hsf"": 0.008542}"
ct,"ct:n=24,L=32,t=24,nn=1",1,"{""n"": 24.0, ""L"": 32.0, ""t"": 24.0, ""nn"": 1.0}",cstate,ok,0.010902,0.0163,36077568,0.0,21,5.117687040526777e-18,5.117687040526777e-18,,"{""n"": 24, ""gates"": 1165, ""g2"": 368, ""g3"": 0, ""depth2"": 32, ""t_count"": 24, ""rotations"": 24, ""d"": 21, ""dense_l"": 22.3404, ""redundant"": 3, ""obs_zero"": true, ""frame_l"": 10.1861, ""chi_bits"": 12, ""mps_l"": 38.796, ""hsf_k"": 16, ""hsf_na"": 12, ""hsf_nb"": 12, ""hsf_l"": 39.3611, ""sup"": 24, ""chi_bits0"": 12, ""mps_l0"": 38.796, ""hsf_keff"": 15, ""hsf_l0"": 40.3611, ""sparse_l"": 34.1861, ""sv_l"": 34.1861, ""feat_secs"": 0.009999, ""feat_secs_frame"": 0.001198, ""feat_secs_hsf"": 0.008542}"
ct,"ct:n=24,L=32,t=24,nn=1",1,"{""n"": 24.0, ""L"": 32.0, ""t"": 24.0, ""nn"": 1.0}",frame,ok,0.000644,0.0069,2588672,-0.0,0,5.117687040526777e-18,5.117687040526777e-18,switched_at=None dense_qubits=0 peak_terms=0 term_visits=0 dense_ops=0,"{""n"": 24, ""gates"": 1165, ""g2"": 368, ""g3"": 0, ""depth2"": 32, ""t_count"": 24, ""rotations"": 24, ""d"": 21, ""dense_l"": 22.3404, ""redundant"": 3, ""obs_zero"": true, ""frame_l"": 10.1861, ""chi_bits"": 12, ""mps_l"": 38.796, ""hsf_k"": 16, ""hsf_na"": 12, ""hsf_nb"": 12, ""hsf_l"": 39.3611, ""sup"": 24, ""chi_bits0"": 12, ""mps_l0"": 38.796, ""hsf_keff"": 15, ""hsf_l0"": 40.3611, ""sparse_l"": 34.1861, ""sv_l"": 34.1861, ""feat_secs"": 0.009999, ""feat_secs_frame"": 0.001198, ""feat_secs_hsf"": 0.008542}"
ct,"ct:n=24,L=32,t=24,nn=1",1,"{""n"": 24.0, ""L"": 32.0, ""t"": 24.0, ""nn"": 1.0}",dense,ok,0.01119,0.0156,36159488,0.0,21,5.117687040526777e-18,5.117687040526777e-18,switched_at=Some(23) dense_qubits=21 peak_terms=0 term_visits=0 dense_ops=5308414,"{""n"": 24, ""gates"": 1165, ""g2"": 368, ""g3"": 0, ""depth2"": 32, ""t_count"": 24, ""rotations"": 24, ""d"": 21, ""dense_l"": 22.3404, ""redundant"": 3, ""obs_zero"": true, ""frame_l"": 10.1861, ""chi_bits"": 12, ""mps_l"": 38.796, ""hsf_k"": 16, ""hsf_na"": 12, ""hsf_nb"": 12, ""hsf_l"": 39.3611, ""sup"": 24, ""chi_bits0"": 12, ""mps_l0"": 38.796, ""hsf_keff"": 15, ""hsf_l0"": 40.3611, ""sparse_l"": 34.1861, ""sv_l"": 34.1861, ""feat_secs"": 0.009999, ""feat_secs_frame"": 0.001198, ""feat_secs_hsf"": 0.008542}"
ct,"ct:n=24,L=32,t=24,nn=1",1,"{""n"": 24.0, ""L"": 32.0, ""t"": 24.0, ""nn"": 1.0}",auto,ok,0.000637,0.0076,2588672,-0.0,0,5.117687040526777e-18,5.117687040526777e-18,switched_at=None dense_qubits=0 peak_terms=0 term_visits=0 dense_ops=0,"{""n"": 24, ""gates"": 1165, ""g2"": 368, ""g3"": 0, ""depth2"": 32, ""t_count"": 24, ""rotations"": 24, ""d"": 21, ""dense_l"": 22.3404, ""redundant"": 3, ""obs_zero"": true, ""frame_l"": 10.1861, ""chi_bits"": 12, ""mps_l"": 38.796, ""hsf_k"": 16, ""hsf_na"": 12, ""hsf_nb"": 12, ""hsf_l"": 39.3611, ""sup"": 24, ""chi_bits0"": 12, ""mps_l0"": 38.796, ""hsf_keff"": 15, ""hsf_l0"": 40.3611, ""sparse_l"": 34.1861, ""sv_l"": 34.1861, ""feat_secs"": 0.009999, ""feat_secs_frame"": 0.001198, ""feat_secs_hsf"": 0.008542}"
ct,"ct:n=24,L=32,t=32,nn=1",1,"{""n"": 24.0, ""L"": 32.0, ""t"": 32.0, ""nn"": 1.0}",sv,ok,7.391959,7.3967,273219584,2.28136677639921e-17,16777216,2.28136677639921e-17,0.0,,"{""n"": 24, ""gates"": 1207, ""g2"": 368, ""g3"": 0, ""depth2"": 32, ""t_count"": 32, ""rotations"": 32, ""d"": 23, ""dense_l"": 25.0255, ""redundant"": 9, ""obs_zero"": false, ""frame_l"": 9.5, ""chi_bits"": 12, ""mps_l"": 38.7962, ""hsf_k"": 16, ""hsf_na"": 12, ""hsf_nb"": 12, ""hsf_l"": 39.3726, ""sup"": 24, ""chi_bits0"": 12, ""mps_l0"": 38.7962, ""hsf_keff"": 15, ""hsf_l0"": 40.3726, ""sparse_l"": 34.2372, ""sv_l"": 34.2372, ""feat_secs"": 0.007131, ""feat_secs_frame"": 0.001294, ""feat_secs_hsf"": 0.00557}"
ct,"ct:n=24,L=32,t=32,nn=1",1,"{""n"": 24.0, ""L"": 32.0, ""t"": 32.0, ""nn"": 1.0}",sparse,skipped,,,,,,2.28136677639921e-17,,,"{""n"": 24, ""gates"": 1207, ""g2"": 368, ""g3"": 0, ""depth2"": 32, ""t_count"": 32, ""rotations"": 32, ""d"": 23, ""dense_l"": 25.0255, ""redundant"": 9, ""obs_zero"": false, ""frame_l"": 9.5, ""chi_bits"": 12, ""mps_l"": 38.7962, ""hsf_k"": 16, ""hsf_na"": 12, ""hsf_nb"": 12, ""hsf_l"": 39.3726, ""sup"": 24, ""chi_bits0"": 12, ""mps_l0"": 38.7962, ""hsf_keff"": 15, ""hsf_l0"": 40.3726, ""sparse_l"": 34.2372, ""sv_l"": 34.2372, ""feat_secs"": 0.007131, ""feat_secs_frame"": 0.001294, ""feat_secs_hsf"": 0.00557}"
ct,"ct:n=24,L=32,t=32,nn=1",1,"{""n"": 24.0, ""L"": 32.0, ""t"": 32.0, ""nn"": 1.0}",mps,ok,2.155558,2.1627,79953920,1.050511675384195e-15,260,2.28136677639921e-17,1.027698007620203e-15,,"{""n"": 24, ""gates"": 1207, ""g2"": 368, ""g3"": 0, ""depth2"": 32, ""t_count"": 32, ""rotations"": 32, ""d"": 23, ""dense_l"": 25.0255, ""redundant"": 9, ""obs_zero"": false, ""frame_l"": 9.5, ""chi_bits"": 12, ""mps_l"": 38.7962, ""hsf_k"": 16, ""hsf_na"": 12, ""hsf_nb"": 12, ""hsf_l"": 39.3726, ""sup"": 24, ""chi_bits0"": 12, ""mps_l0"": 38.7962, ""hsf_keff"": 15, ""hsf_l0"": 40.3726, ""sparse_l"": 34.2372, ""sv_l"": 34.2372, ""feat_secs"": 0.007131, ""feat_secs_frame"": 0.001294, ""feat_secs_hsf"": 0.00557}"
ct,"ct:n=24,L=32,t=32,nn=1",1,"{""n"": 24.0, ""L"": 32.0, ""t"": 32.0, ""nn"": 1.0}",hsf,timeout,,10.0029,286015488,,,2.28136677639921e-17,,timeout,"{""n"": 24, ""gates"": 1207, ""g2"": 368, ""g3"": 0, ""depth2"": 32, ""t_count"": 32, ""rotations"": 32, ""d"": 23, ""dense_l"": 25.0255, ""redundant"": 9, ""obs_zero"": false, ""frame_l"": 9.5, ""chi_bits"": 12, ""mps_l"": 38.7962, ""hsf_k"": 16, ""hsf_na"": 12, ""hsf_nb"": 12, ""hsf_l"": 39.3726, ""sup"": 24, ""chi_bits0"": 12, ""mps_l0"": 38.7962, ""hsf_keff"": 15, ""hsf_l0"": 40.3726, ""sparse_l"": 34.2372, ""sv_l"": 34.2372, ""feat_secs"": 0.007131, ""feat_secs_frame"": 0.001294, ""feat_secs_hsf"": 0.00557}"
ct,"ct:n=24,L=32,t=32,nn=1",1,"{""n"": 24.0, ""L"": 32.0, ""t"": 32.0, ""nn"": 1.0}",tableau,na,,0.0046,2015232,,,2.28136677639921e-17,,"TooLarge { what: ""tableau (non-Clifford circuit)"", bytes: 0, limit: 0 }","{""n"": 24, ""gates"": 1207, ""g2"": 368, ""g3"": 0, ""depth2"": 32, ""t_count"": 32, ""rotations"": 32, ""d"": 23, ""dense_l"": 25.0255, ""redundant"": 9, ""obs_zero"": false, ""frame_l"": 9.5, ""chi_bits"": 12, ""mps_l"": 38.7962, ""hsf_k"": 16, ""hsf_na"": 12, ""hsf_nb"": 12, ""hsf_l"": 39.3726, ""sup"": 24, ""chi_bits0"": 12, ""mps_l0"": 38.7962, ""hsf_keff"": 15, ""hsf_l0"": 40.3726, ""sparse_l"": 34.2372, ""sv_l"": 34.2372, ""feat_secs"": 0.007131, ""feat_secs_frame"": 0.001294, ""feat_secs_hsf"": 0.00557}"
ct,"ct:n=24,L=32,t=32,nn=1",1,"{""n"": 24.0, ""L"": 32.0, ""t"": 32.0, ""nn"": 1.0}",cstate,ok,0.077412,0.0822,137609216,-7.579321535973853e-20,23,2.28136677639921e-17,2.2889460979351837e-17,,"{""n"": 24, ""gates"": 1207, ""g2"": 368, ""g3"": 0, ""depth2"": 32, ""t_count"": 32, ""rotations"": 32, ""d"": 23, ""dense_l"": 25.0255, ""redundant"": 9, ""obs_zero"": false, ""frame_l"": 9.5, ""chi_bits"": 12, ""mps_l"": 38.7962, ""hsf_k"": 16, ""hsf_na"": 12, ""hsf_nb"": 12, ""hsf_l"": 39.3726, ""sup"": 24, ""chi_bits0"": 12, ""mps_l0"": 38.7962, ""hsf_keff"": 15, ""hsf_l0"": 40.3726, ""sparse_l"": 34.2372, ""sv_l"": 34.2372, ""feat_secs"": 0.007131, ""feat_secs_frame"": 0.001294, ""feat_secs_hsf"": 0.00557}"
ct,"ct:n=24,L=32,t=32,nn=1",1,"{""n"": 24.0, ""L"": 32.0, ""t"": 32.0, ""nn"": 1.0}",frame,ok,0.000652,0.0067,2621440,-0.0,1,2.28136677639921e-17,2.28136677639921e-17,switched_at=None dense_qubits=0 peak_terms=1 term_visits=1 dense_ops=0,"{""n"": 24, ""gates"": 1207, ""g2"": 368, ""g3"": 0, ""depth2"": 32, ""t_count"": 32, ""rotations"": 32, ""d"": 23, ""dense_l"": 25.0255, ""redundant"": 9, ""obs_zero"": false, ""frame_l"": 9.5, ""chi_bits"": 12, ""mps_l"": 38.7962, ""hsf_k"": 16, ""hsf_na"": 12, ""hsf_nb"": 12, ""hsf_l"": 39.3726, ""sup"": 24, ""chi_bits0"": 12, ""mps_l0"": 38.7962, ""hsf_keff"": 15, ""hsf_l0"": 40.3726, ""sparse_l"": 34.2372, ""sv_l"": 34.2372, ""feat_secs"": 0.007131, ""feat_secs_frame"": 0.001294, ""feat_secs_hsf"": 0.00557}"
ct,"ct:n=24,L=32,t=32,nn=1",1,"{""n"": 24.0, ""L"": 32.0, ""t"": 32.0, ""nn"": 1.0}",dense,ok,0.076656,0.0826,137674752,-1.805145587899389e-20,23,2.28136677639921e-17,2.2831719219871093e-17,switched_at=Some(31) dense_qubits=23 peak_terms=1 term_visits=0 dense_ops=42532864,"{""n"": 24, ""gates"": 1207, ""g2"": 368, ""g3"": 0, ""depth2"": 32, ""t_count"": 32, ""rotations"": 32, ""d"": 23, ""dense_l"": 25.0255, ""redundant"": 9, ""obs_zero"": false, ""frame_l"": 9.5, ""chi_bits"": 12, ""mps_l"": 38.7962, ""hsf_k"": 16, ""hsf_na"": 12, ""hsf_nb"": 12, ""hsf_l"": 39.3726, ""sup"": 24, ""chi_bits0"": 12, ""mps_l0"": 38.7962, ""hsf_keff"": 15, ""hsf_l0"": 40.3726, ""sparse_l"": 34.2372, ""sv_l"": 34.2372, ""feat_secs"": 0.007131, ""feat_secs_frame"": 0.001294, ""feat_secs_hsf"": 0.00557}"
ct,"ct:n=24,L=32,t=32,nn=1",1,"{""n"": 24.0, ""L"": 32.0, ""t"": 32.0, ""nn"": 1.0}",auto,ok,0.000676,0.0073,2621440,-0.0,0,2.28136677639921e-17,2.28136677639921e-17,switched_at=None dense_qubits=0 peak_terms=1 term_visits=1 dense_ops=0,"{""n"": 24, ""gates"": 1207, ""g2"": 368, ""g3"": 0, ""depth2"": 32, ""t_count"": 32, ""rotations"": 32, ""d"": 23, ""dense_l"": 25.0255, ""redundant"": 9, ""obs_zero"": false, ""frame_l"": 9.5, ""chi_bits"": 12, ""mps_l"": 38.7962, ""hsf_k"": 16, ""hsf_na"": 12, ""hsf_nb"": 12, ""hsf_l"": 39.3726, ""sup"": 24, ""chi_bits0"": 12, ""mps_l0"": 38.7962, ""hsf_keff"": 15, ""hsf_l0"": 40.3726, ""sparse_l"": 34.2372, ""sv_l"": 34.2372, ""feat_secs"": 0.007131, ""feat_secs_frame"": 0.001294, ""feat_secs_hsf"": 0.00557}"
ct,"ct:n=24,L=32,t=48,nn=1",1,"{""n"": 24.0, ""L"": 32.0, ""t"": 48.0, ""nn"": 1.0}",sv,ok,7.29587,7.3016,273170432,7.358439910594124e-18,16777216,7.358439910594124e-18,0.0,,"{""n"": 24, ""gates"": 1214, ""g2"": 368, ""g3"": 0, ""depth2"": 32, ""t_count"": 48, ""rotations"": 48, ""d"": 24, ""dense_l"": 27.7013, ""redundant"": 24, ""obs_zero"": false, ""frame_l"": 17.585, ""chi_bits"": 12, ""mps_l"": 38.7962, ""hsf_k"": 16, ""hsf_na"": 12, ""hsf_nb"": 12, ""hsf_l"": 40.3745, ""sup"": 24, ""chi_bits0"": 12, ""mps_l0"": 38.7962, ""hsf_keff"": 16, ""hsf_l0"": 40.3745, ""sparse_l"": 34.2456, ""sv_l"": 34.2456, ""feat_secs"": 0.010472, ""feat_secs_frame"": 0.001219, ""feat_secs_hsf"": 0.008969}"
ct,"ct:n=24,L=32,t=48,nn=1",1,"{""n"": 24.0, ""L"": 32.0, ""t"": 48.0, ""nn"": 1.0}",sparse,skipped,,,,,,7.358439910594124e-18,,,"{""n"": 24, ""gates"": 1214, ""g2"": 368, ""g3"": 0, ""depth2"": 32, ""t_count"": 48, ""rotations"": 48, ""d"": 24, ""dense_l"": 27.7013, ""redundant"": 24, ""obs_zero"": false, ""frame_l"": 17.585, ""chi_bits"": 12, ""mps_l"": 38.7962, ""hsf_k"": 16, ""hsf_na"": 12, ""hsf_nb"": 12, ""hsf_l"": 40.3745, ""sup"": 24, ""chi_bits0"": 12, ""mps_l0"": 38.7962, ""hsf_keff"": 16, ""hsf_l0"": 40.3745, ""sparse_l"": 34.2456, ""sv_l"": 34.2456, ""feat_secs"": 0.010472, ""feat_secs_frame"": 0.001219, ""feat_secs_hsf"": 0.008969}"
ct,"ct:n=24,L=32,t=48,nn=1",1,"{""n"": 24.0, ""L"": 32.0, ""t"": 48.0, ""nn"": 1.0}",mps,ok,4.973725,4.9805,129548288,2.682473234919675e-12,512,7.358439910594124e-18,2.6824658764797643e-12,,"{""n"": 24, ""gates"": 1214, ""g2"": 368, ""g3"": 0, ""depth2"": 32, ""t_count"": 48, ""rotations"": 48, ""d"": 24, ""dense_l"": 27.7013, ""redundant"": 24, ""obs_zero"": false, ""frame_l"": 17.585, ""chi_bits"": 12, ""mps_l"": 38.7962, ""hsf_k"": 16, ""hsf_na"": 12, ""hsf_nb"": 12, ""hsf_l"": 40.3745, ""sup"": 24, ""chi_bits0"": 12, ""mps_l0"": 38.7962, ""hsf_keff"": 16, ""hsf_l0"": 40.3745, ""sparse_l"": 34.2456, ""sv_l"": 34.2456, ""feat_secs"": 0.010472, ""feat_secs_frame"": 0.001219, ""feat_secs_hsf"": 0.008969}"
ct,"ct:n=24,L=32,t=48,nn=1",1,"{""n"": 24.0, ""L"": 32.0, ""t"": 48.0, ""nn"": 1.0}",hsf,timeout,,10.0032,285949952,,,7.358439910594124e-18,,timeout,"{""n"": 24, ""gates"": 1214, ""g2"": 368, ""g3"": 0, ""depth2"": 32, ""t_count"": 48, ""rotations"": 48, ""d"": 24, ""dense_l"": 27.7013, ""redundant"": 24, ""obs_zero"": false, ""frame_l"": 17.585, ""chi_bits"": 12, ""mps_l"": 38.7962, ""hsf_k"": 16, ""hsf_na"": 12, ""hsf_nb"": 12, ""hsf_l"": 40.3745, ""sup"": 24, ""chi_bits0"": 12, ""mps_l0"": 38.7962, ""hsf_keff"": 16, ""hsf_l0"": 40.3745, ""sparse_l"": 34.2456, ""sv_l"": 34.2456, ""feat_secs"": 0.010472, ""feat_secs_frame"": 0.001219, ""feat_secs_hsf"": 0.008969}"
ct,"ct:n=24,L=32,t=48,nn=1",1,"{""n"": 24.0, ""L"": 32.0, ""t"": 48.0, ""nn"": 1.0}",tableau,na,,0.0063,2015232,,,7.358439910594124e-18,,"TooLarge { what: ""tableau (non-Clifford circuit)"", bytes: 0, limit: 0 }","{""n"": 24, ""gates"": 1214, ""g2"": 368, ""g3"": 0, ""depth2"": 32, ""t_count"": 48, ""rotations"": 48, ""d"": 24, ""dense_l"": 27.7013, ""redundant"": 24, ""obs_zero"": false, ""frame_l"": 17.585, ""chi_bits"": 12, ""mps_l"": 38.7962, ""hsf_k"": 16, ""hsf_na"": 12, ""hsf_nb"": 12, ""hsf_l"": 40.3745, ""sup"": 24, ""chi_bits0"": 12, ""mps_l0"": 38.7962, ""hsf_keff"": 16, ""hsf_l0"": 40.3745, ""sparse_l"": 34.2456, ""sv_l"": 34.2456, ""feat_secs"": 0.010472, ""feat_secs_frame"": 0.001219, ""feat_secs_hsf"": 0.008969}"
ct,"ct:n=24,L=32,t=48,nn=1",1,"{""n"": 24.0, ""L"": 32.0, ""t"": 48.0, ""nn"": 1.0}",cstate,ok,0.375896,0.3823,271335424,2.734369674603977e-17,24,7.358439910594124e-18,1.9985256835445645e-17,,"{""n"": 24, ""gates"": 1214, ""g2"": 368, ""g3"": 0, ""depth2"": 32, ""t_count"": 48, ""rotations"": 48, ""d"": 24, ""dense_l"": 27.7013, ""redundant"": 24, ""obs_zero"": false, ""frame_l"": 17.585, ""chi_bits"": 12, ""mps_l"": 38.7962, ""hsf_k"": 16, ""hsf_na"": 12, ""hsf_nb"": 12, ""hsf_l"": 40.3745, ""sup"": 24, ""chi_bits0"": 12, ""mps_l0"": 38.7962, ""hsf_keff"": 16, ""hsf_l0"": 40.3745, ""sparse_l"": 34.2456, ""sv_l"": 34.2456, ""feat_secs"": 0.010472, ""feat_secs_frame"": 0.001219, ""feat_secs_hsf"": 0.008969}"
ct,"ct:n=24,L=32,t=48,nn=1",1,"{""n"": 24.0, ""L"": 32.0, ""t"": 48.0, ""nn"": 1.0}",frame,ok,0.00103,0.0070,2686976,-0.0,4,7.358439910594124e-18,7.358439910594124e-18,switched_at=None dense_qubits=0 peak_terms=4 term_visits=42 dense_ops=0,"{""n"": 24, ""gates"": 1214, ""g2"": 368, ""g3"": 0, ""depth2"": 32, ""t_count"": 48, ""rotations"": 48, ""d"": 24, ""dense_l"": 27.7013, ""redundant"": 24, ""obs_zero"": false, ""frame_l"": 17.585, ""chi_bits"": 12, ""mps_l"": 38.7962, ""hsf_k"": 16, ""hsf_na"": 12, ""hsf_nb"": 12, ""hsf_l"": 40.3745, ""sup"": 24, ""chi_bits0"": 12, ""mps_l0"": 38.7962, ""hsf_keff"": 16, ""hsf_l0"": 40.3745, ""sparse_l"": 34.2456, ""sv_l"": 34.2456, ""feat_secs"": 0.010472, ""feat_secs_frame"": 0.001219, ""feat_secs_hsf"": 0.008969}"
ct,"ct:n=24,L=32,t=48,nn=1",1,"{""n"": 24.0, ""L"": 32.0, ""t"": 48.0, ""nn"": 1.0}",dense,ok,0.372202,0.3788,271433728,2.734369674603977e-17,24,7.358439910594124e-18,1.9985256835445645e-17,switched_at=Some(48) dense_qubits=24 peak_terms=1 term_visits=0 dense_ops=235012114,"{""n"": 24, ""gates"": 1214, ""g2"": 368, ""g3"": 0, ""depth2"": 32, ""t_count"": 48, ""rotations"": 48, ""d"": 24, ""dense_l"": 27.7013, ""redundant"": 24, ""obs_zero"": false, ""frame_l"": 17.585, ""chi_bits"": 12, ""mps_l"": 38.7962, ""hsf_k"": 16, ""hsf_na"": 12, ""hsf_nb"": 12, ""hsf_l"": 40.3745, ""sup"": 24, ""chi_bits0"": 12, ""mps_l0"": 38.7962, ""hsf_keff"": 16, ""hsf_l0"": 40.3745, ""sparse_l"": 34.2456, ""sv_l"": 34.2456, ""feat_secs"": 0.010472, ""feat_secs_frame"": 0.001219, ""feat_secs_hsf"": 0.008969}"
ct,"ct:n=24,L=32,t=48,nn=1",1,"{""n"": 24.0, ""L"": 32.0, ""t"": 48.0, ""nn"": 1.0}",auto,ok,0.001005,0.0067,2686976,-0.0,0,7.358439910594124e-18,7.358439910594124e-18,switched_at=None dense_qubits=0 peak_terms=4 term_visits=42 dense_ops=0,"{""n"": 24, ""gates"": 1214, ""g2"": 368, ""g3"": 0, ""depth2"": 32, ""t_count"": 48, ""rotations"": 48, ""d"": 24, ""dense_l"": 27.7013, ""redundant"": 24, ""obs_zero"": false, ""frame_l"": 17.585, ""chi_bits"": 12, ""mps_l"": 38.7962, ""hsf_k"": 16, ""hsf_na"": 12, ""hsf_nb"": 12, ""hsf_l"": 40.3745, ""sup"": 24, ""chi_bits0"": 12, ""mps_l0"": 38.7962, ""hsf_keff"": 16, ""hsf_l0"": 40.3745, ""sparse_l"": 34.2456, ""sv_l"": 34.2456, ""feat_secs"": 0.010472, ""feat_secs_frame"": 0.001219, ""feat_secs_hsf"": 0.008969}"
ct,"ct:n=24,L=32,t=64,nn=1",1,"{""n"": 24.0, ""L"": 32.0, ""t"": 64.0, ""nn"": 1.0}",sv,ok,7.128923,7.1339,273104896,3.355613664776517e-18,16777216,3.355613664776517e-18,0.0,,"{""n"": 24, ""gates"": 1229, ""g2"": 368, ""g3"": 0, ""depth2"": 32, ""t_count"": 64, ""rotations"": 64, ""d"": 23, ""dense_l"": 28.2288, ""redundant"": 41, ""obs_zero"": false, ""frame_l"": 26.5, ""chi_bits"": 12, ""mps_l"": 38.796, ""hsf_k"": 16, ""hsf_na"": 12, ""hsf_nb"": 12, ""hsf_l"": 40.3786, ""sup"": 24, ""chi_bits0"": 12, ""mps_l0"": 38.796, ""hsf_keff"": 16, ""hsf_l0"": 40.3786, ""sparse_l"": 34.2633, ""sv_l"": 34.2633, ""feat_secs"": 0.009104, ""feat_secs_frame"": 0.001253, ""feat_secs_hsf"": 0.005347}"
ct,"ct:n=24,L=32,t=64,nn=1",1,"{""n"": 24.0, ""L"": 32.0, ""t"": 64.0, ""nn"": 1.0}",sparse,skipped,,,,,,3.355613664776517e-18,,,"{""n"": 24, ""gates"": 1229, ""g2"": 368, ""g3"": 0, ""depth2"": 32, ""t_count"": 64, ""rotations"": 64, ""d"": 23, ""dense_l"": 28.2288, ""redundant"": 41, ""obs_zero"": false, ""frame_l"": 26.5, ""chi_bits"": 12, ""mps_l"": 38.796, ""hsf_k"": 16, ""hsf_na"": 12, ""hsf_nb"": 12, ""hsf_l"": 40.3786, ""sup"": 24, ""chi_bits0"": 12, ""mps_l0"": 38.796, ""hsf_keff"": 16, ""hsf_l0"": 40.3786, ""sparse_l"": 34.2633, ""sv_l"": 34.2633, ""feat_secs"": 0.009104, ""feat_secs_frame"": 0.001253, ""feat_secs_hsf"": 0.005347}"
ct,"ct:n=24,L=32,t=64,nn=1",1,"{""n"": 24.0, ""L"": 32.0, ""t"": 64.0, ""nn"": 1.0}",mps,ok,9.973099,9.9779,145522688,-5.13901750088469e-10,512,3.355613664776517e-18,5.139017534440827e-10,,"{""n"": 24, ""gates"": 1229, ""g2"": 368, ""g3"": 0, ""depth2"": 32, ""t_count"": 64, ""rotations"": 64, ""d"": 23, ""dense_l"": 28.2288, ""redundant"": 41, ""obs_zero"": false, ""frame_l"": 26.5, ""chi_bits"": 12, ""mps_l"": 38.796, ""hsf_k"": 16, ""hsf_na"": 12, ""hsf_nb"": 12, ""hsf_l"": 40.3786, ""sup"": 24, ""chi_bits0"": 12, ""mps_l0"": 38.796, ""hsf_keff"": 16, ""hsf_l0"": 40.3786, ""sparse_l"": 34.2633, ""sv_l"": 34.2633, ""feat_secs"": 0.009104, ""feat_secs_frame"": 0.001253, ""feat_secs_hsf"": 0.005347}"
ct,"ct:n=24,L=32,t=64,nn=1",1,"{""n"": 24.0, ""L"": 32.0, ""t"": 64.0, ""nn"": 1.0}",hsf,timeout,,10.0056,286015488,,,3.355613664776517e-18,,timeout,"{""n"": 24, ""gates"": 1229, ""g2"": 368, ""g3"": 0, ""depth2"": 32, ""t_count"": 64, ""rotations"": 64, ""d"": 23, ""dense_l"": 28.2288, ""redundant"": 41, ""obs_zero"": false, ""frame_l"": 26.5, ""chi_bits"": 12, ""mps_l"": 38.796, ""hsf_k"": 16, ""hsf_na"": 12, ""hsf_nb"": 12, ""hsf_l"": 40.3786, ""sup"": 24, ""chi_bits0"": 12, ""mps_l0"": 38.796, ""hsf_keff"": 16, ""hsf_l0"": 40.3786, ""sparse_l"": 34.2633, ""sv_l"": 34.2633, ""feat_secs"": 0.009104, ""feat_secs_frame"": 0.001253, ""feat_secs_hsf"": 0.005347}"
ct,"ct:n=24,L=32,t=64,nn=1",1,"{""n"": 24.0, ""L"": 32.0, ""t"": 64.0, ""nn"": 1.0}",tableau,na,,0.0042,2015232,,,3.355613664776517e-18,,"TooLarge { what: ""tableau (non-Clifford circuit)"", bytes: 0, limit: 0 }","{""n"": 24, ""gates"": 1229, ""g2"": 368, ""g3"": 0, ""depth2"": 32, ""t_count"": 64, ""rotations"": 64, ""d"": 23, ""dense_l"": 28.2288, ""redundant"": 41, ""obs_zero"": false, ""frame_l"": 26.5, ""chi_bits"": 12, ""mps_l"": 38.796, ""hsf_k"": 16, ""hsf_na"": 12, ""hsf_nb"": 12, ""hsf_l"": 40.3786, ""sup"": 24, ""chi_bits0"": 12, ""mps_l0"": 38.796, ""hsf_keff"": 16, ""hsf_l0"": 40.3786, ""sparse_l"": 34.2633, ""sv_l"": 34.2633, ""feat_secs"": 0.009104, ""feat_secs_frame"": 0.001253, ""feat_secs_hsf"": 0.005347}"
ct,"ct:n=24,L=32,t=64,nn=1",1,"{""n"": 24.0, ""L"": 32.0, ""t"": 64.0, ""nn"": 1.0}",cstate,ok,0.505969,0.5114,137035776,-6.1257422745431e-18,23,3.355613664776517e-18,9.481355939319617e-18,,"{""n"": 24, ""gates"": 1229, ""g2"": 368, ""g3"": 0, ""depth2"": 32, ""t_count"": 64, ""rotations"": 64, ""d"": 23, ""dense_l"": 28.2288, ""redundant"": 41, ""obs_zero"": false, ""frame_l"": 26.5, ""chi_bits"": 12, ""mps_l"": 38.796, ""hsf_k"": 16, ""hsf_na"": 12, ""hsf_nb"": 12, ""hsf_l"": 40.3786, ""sup"": 24, ""chi_bits0"": 12, ""mps_l0"": 38.796, ""hsf_keff"": 16, ""hsf_l0"": 40.3786, ""sparse_l"": 34.2633, ""sv_l"": 34.2633, ""feat_secs"": 0.009104, ""feat_secs_frame"": 0.001253, ""feat_secs_hsf"": 0.005347}"
ct,"ct:n=24,L=32,t=64,nn=1",1,"{""n"": 24.0, ""L"": 32.0, ""t"": 64.0, ""nn"": 1.0}",frame,ok,0.002086,0.0079,2998272,-0.0,998,3.355613664776517e-18,3.355613664776517e-18,switched_at=None dense_qubits=0 peak_terms=998 term_visits=6019 dense_ops=0,"{""n"": 24, ""gates"": 1229, ""g2"": 368, ""g3"": 0, ""depth2"": 32, ""t_count"": 64, ""rotations"": 64, ""d"": 23, ""dense_l"": 28.2288, ""redundant"": 41, ""obs_zero"": false, ""frame_l"": 26.5, ""chi_bits"": 12, ""mps_l"": 38.796, ""hsf_k"": 16, ""hsf_na"": 12, ""hsf_nb"": 12, ""hsf_l"": 40.3786, ""sup"": 24, ""chi_bits0"": 12, ""mps_l0"": 38.796, ""hsf_keff"": 16, ""hsf_l0"": 40.3786, ""sparse_l"": 34.2633, ""sv_l"": 34.2633, ""feat_secs"": 0.009104, ""feat_secs_frame"": 0.001253, ""feat_secs_hsf"": 0.005347}"
ct,"ct:n=24,L=32,t=64,nn=1",1,"{""n"": 24.0, ""L"": 32.0, ""t"": 64.0, ""nn"": 1.0}",dense,ok,0.509136,0.5145,137117696,-6.1257422745431e-18,23,3.355613664776517e-18,9.481355939319617e-18,switched_at=Some(64) dense_qubits=23 peak_terms=1 term_visits=0 dense_ops=322961412,"{""n"": 24, ""gates"": 1229, ""g2"": 368, ""g3"": 0, ""depth2"": 32, ""t_count"": 64, ""rotations"": 64, ""d"": 23, ""dense_l"": 28.2288, ""redundant"": 41, ""obs_zero"": false, ""frame_l"": 26.5, ""chi_bits"": 12, ""mps_l"": 38.796, ""hsf_k"": 16, ""hsf_na"": 12, ""hsf_nb"": 12, ""hsf_l"": 40.3786, ""sup"": 24, ""chi_bits0"": 12, ""mps_l0"": 38.796, ""hsf_keff"": 16, ""hsf_l0"": 40.3786, ""sparse_l"": 34.2633, ""sv_l"": 34.2633, ""feat_secs"": 0.009104, ""feat_secs_frame"": 0.001253, ""feat_secs_hsf"": 0.005347}"
ct,"ct:n=24,L=32,t=64,nn=1",1,"{""n"": 24.0, ""L"": 32.0, ""t"": 64.0, ""nn"": 1.0}",auto,ok,0.001562,0.0076,2998272,-0.0,0,3.355613664776517e-18,3.355613664776517e-18,switched_at=None dense_qubits=0 peak_terms=998 term_visits=6019 dense_ops=0,"{""n"": 24, ""gates"": 1229, ""g2"": 368, ""g3"": 0, ""depth2"": 32, ""t_count"": 64, ""rotations"": 64, ""d"": 23, ""dense_l"": 28.2288, ""redundant"": 41, ""obs_zero"": false, ""frame_l"": 26.5, ""chi_bits"": 12, ""mps_l"": 38.796, ""hsf_k"": 16, ""hsf_na"": 12, ""hsf_nb"": 12, ""hsf_l"": 40.3786, ""sup"": 24, ""chi_bits0"": 12, ""mps_l0"": 38.796, ""hsf_keff"": 16, ""hsf_l0"": 40.3786, ""sparse_l"": 34.2633, ""sv_l"": 34.2633, ""feat_secs"": 0.009104, ""feat_secs_frame"": 0.001253, ""feat_secs_hsf"": 0.005347}"
