family,spec,seed,params,engine,status,secs,wall,rss,value,size,ref,abs_err,note,features
ct,"ct:n=32,L=1,t=0,nn=1",1,"{""n"": 32.0, ""L"": 1.0, ""t"": 0.0, ""nn"": 1.0}",sv,toolarge,,0.0051,1818624,,,1.0,,"TooLarge { what: ""state vector"", bytes: 68719476736, limit: 1073741824 }","{""n"": 32, ""gates"": 48, ""g2"": 16, ""g3"": 0, ""depth2"": 1, ""t_count"": 0, ""rotations"": 0, ""d"": 0, ""dense_l"": 0.0, ""redundant"": 0, ""obs_zero"": false, ""frame_l"": 0.0, ""chi_bits"": 1, ""mps_l"": 7.3219, ""hsf_k"": 0, ""hsf_na"": 16, ""hsf_nb"": 16, ""hsf_l"": 32.0011, ""sup"": 17, ""chi_bits0"": 1, ""mps_l0"": 7.3219, ""hsf_keff"": 0, ""hsf_l0"": 32.0011, ""sparse_l"": 22.585, ""sv_l"": 37.585, ""feat_secs"": 0.006505, ""feat_secs_frame"": 7.4e-05, ""feat_secs_hsf"": 0.006389}"
ct,"ct:n=32,L=1,t=0,nn=1",1,"{""n"": 32.0, ""L"": 1.0, ""t"": 0.0, ""nn"": 1.0}",sparse,ok,0.032727,0.0398,15089664,1.0,131072,1.0,0.0,,"{""n"": 32, ""gates"": 48, ""g2"": 16, ""g3"": 0, ""depth2"": 1, ""t_count"": 0, ""rotations"": 0, ""d"": 0, ""dense_l"": 0.0, ""redundant"": 0, ""obs_zero"": false, ""frame_l"": 0.0, ""chi_bits"": 1, ""mps_l"": 7.3219, ""hsf_k"": 0, ""hsf_na"": 16, ""hsf_nb"": 16, ""hsf_l"": 32.0011, ""sup"": 17, ""chi_bits0"": 1, ""mps_l0"": 7.3219, ""hsf_keff"": 0, ""hsf_l0"": 32.0011, ""sparse_l"": 22.585, ""sv_l"": 37.585, ""feat_secs"": 0.006505, ""feat_secs_frame"": 7.4e-05, ""feat_secs_hsf"": 0.006389}"
ct,"ct:n=32,L=1,t=0,nn=1",1,"{""n"": 32.0, ""L"": 1.0, ""t"": 0.0, ""nn"": 1.0}",mps,ok,0.000252,0.0047,2293760,1.0,2,1.0,0.0,,"{""n"": 32, ""gates"": 48, ""g2"": 16, ""g3"": 0, ""depth2"": 1, ""t_count"": 0, ""rotations"": 0, ""d"": 0, ""dense_l"": 0.0, ""redundant"": 0, ""obs_zero"": false, ""frame_l"": 0.0, ""chi_bits"": 1, ""mps_l"": 7.3219, ""hsf_k"": 0, ""hsf_na"": 16, ""hsf_nb"": 16, ""hsf_l"": 32.0011, ""sup"": 17, ""chi_bits0"": 1, ""mps_l0"": 7.3219, ""hsf_keff"": 0, ""hsf_l0"": 32.0011, ""sparse_l"": 22.585, ""sv_l"": 37.585, ""feat_secs"": 0.006505, ""feat_secs_frame"": 7.4e-05, ""feat_secs_hsf"": 0.006389}"
ct,"ct:n=32,L=1,t=0,nn=1",1,"{""n"": 32.0, ""L"": 1.0, ""t"": 0.0, ""nn"": 1.0}",hsf,toolarge,,0.0104,2179072,,,1.0,,"TooLarge { what: ""hsf full output"", bytes: 68719476736, limit: 1073741824 }","{""n"": 32, ""gates"": 48, ""g2"": 16, ""g3"": 0, ""depth2"": 1, ""t_count"": 0, ""rotations"": 0, ""d"": 0, ""dense_l"": 0.0, ""redundant"": 0, ""obs_zero"": false, ""frame_l"": 0.0, ""chi_bits"": 1, ""mps_l"": 7.3219, ""hsf_k"": 0, ""hsf_na"": 16, ""hsf_nb"": 16, ""hsf_l"": 32.0011, ""sup"": 17, ""chi_bits0"": 1, ""mps_l0"": 7.3219, ""hsf_keff"": 0, ""hsf_l0"": 32.0011, ""sparse_l"": 22.585, ""sv_l"": 37.585, ""feat_secs"": 0.006505, ""feat_secs_frame"": 7.4e-05, ""feat_secs_hsf"": 0.006389}"
ct,"ct:n=32,L=1,t=0,nn=1",1,"{""n"": 32.0, ""L"": 1.0, ""t"": 0.0, ""nn"": 1.0}",tableau,ok,6.1e-05,0.0043,2015232,1.0,0,1.0,0.0,value recomputed after the C-vs-C† fix (timing from the original run),"{""n"": 32, ""gates"": 48, ""g2"": 16, ""g3"": 0, ""depth2"": 1, ""t_count"": 0, ""rotations"": 0, ""d"": 0, ""dense_l"": 0.0, ""redundant"": 0, ""obs_zero"": false, ""frame_l"": 0.0, ""chi_bits"": 1, ""mps_l"": 7.3219, ""hsf_k"": 0, ""hsf_na"": 16, ""hsf_nb"": 16, ""hsf_l"": 32.0011, ""sup"": 17, ""chi_bits0"": 1, ""mps_l0"": 7.3219, ""hsf_keff"": 0, ""hsf_l0"": 32.0011, ""sparse_l"": 22.585, ""sv_l"": 37.585, ""feat_secs"": 0.006505, ""feat_secs_frame"": 7.4e-05, ""feat_secs_hsf"": 0.006389}"
ct,"ct:n=32,L=1,t=0,nn=1",1,"{""n"": 32.0, ""L"": 1.0, ""t"": 0.0, ""nn"": 1.0}",cstate,ok,7.7e-05,0.0038,1982464,1.0,0,1.0,0.0,,"{""n"": 32, ""gates"": 48, ""g2"": 16, ""g3"": 0, ""depth2"": 1, ""t_count"": 0, ""rotations"": 0, ""d"": 0, ""dense_l"": 0.0, ""redundant"": 0, ""obs_zero"": false, ""frame_l"": 0.0, ""chi_bits"": 1, ""mps_l"": 7.3219, ""hsf_k"": 0, ""hsf_na"": 16, ""hsf_nb"": 16, ""hsf_l"": 32.0011, ""sup"": 17, ""chi_bits0"": 1, ""mps_l0"": 7.3219, ""hsf_keff"": 0, ""hsf_l0"": 32.0011, ""sparse_l"": 22.585, ""sv_l"": 37.585, ""feat_secs"": 0.006505, ""feat_secs_frame"": 7.4e-05, ""feat_secs_hsf"": 0.006389}"
ct,"ct:n=32,L=1,t=0,nn=1",1,"{""n"": 32.0, ""L"": 1.0, ""t"": 0.0, ""nn"": 1.0}",frame,ok,9.8e-05,0.0046,2146304,1.0,1,1.0,0.0,switched_at=None dense_qubits=0 peak_terms=1 term_visits=0 dense_ops=0,"{""n"": 32, ""gates"": 48, ""g2"": 16, ""g3"": 0, ""depth2"": 1, ""t_count"": 0, ""rotations"": 0, ""d"": 0, ""dense_l"": 0.0, ""redundant"": 0, ""obs_zero"": false, ""frame_l"": 0.0, ""chi_bits"": 1, ""mps_l"": 7.3219, ""hsf_k"": 0, ""hsf_na"": 16, ""hsf_nb"": 16, ""hsf_l"": 32.0011, ""sup"": 17, ""chi_bits0"": 1, ""mps_l0"": 7.3219, ""hsf_keff"": 0, ""hsf_l0"": 32.0011, ""sparse_l"": 22.585, ""sv_l"": 37.585, ""feat_secs"": 0.006505, ""feat_secs_frame"": 7.4e-05, ""feat_secs_hsf"": 0.006389}"
ct,"ct:n=32,L=1,t=0,nn=1",1,"{""n"": 32.0, ""L"": 1.0, ""t"": 0.0, ""nn"": 1.0}",dense,ok,7.9e-05,0.0043,2146304,1.0,0,1.0,0.0,switched_at=None dense_qubits=0 peak_terms=1 term_visits=0 dense_ops=0,"{""n"": 32, ""gates"": 48, ""g2"": 16, ""g3"": 0, ""depth2"": 1, ""t_count"": 0, ""rotations"": 0, ""d"": 0, ""dense_l"": 0.0, ""redundant"": 0, ""obs_zero"": false, ""frame_l"": 0.0, ""chi_bits"": 1, ""mps_l"": 7.3219, ""hsf_k"": 0, ""hsf_na"": 16, ""hsf_nb"": 16, ""hsf_l"": 32.0011, ""sup"": 17, ""chi_bits0"": 1, ""mps_l0"": 7.3219, ""hsf_keff"": 0, ""hsf_l0"": 32.0011, ""sparse_l"": 22.585, ""sv_l"": 37.585, ""feat_secs"": 0.006505, ""feat_secs_frame"": 7.4e-05, ""feat_secs_hsf"": 0.006389}"
ct,"ct:n=32,L=1,t=0,nn=1",1,"{""n"": 32.0, ""L"": 1.0, ""t"": 0.0, ""nn"": 1.0}",auto,ok,9.3e-05,0.0043,2146304,1.0,0,1.0,0.0,switched_at=None dense_qubits=0 peak_terms=1 term_visits=0 dense_ops=0,"{""n"": 32, ""gates"": 48, ""g2"": 16, ""g3"": 0, ""depth2"": 1, ""t_count"": 0, ""rotations"": 0, ""d"": 0, ""dense_l"": 0.0, ""redundant"": 0, ""obs_zero"": false, ""frame_l"": 0.0, ""chi_bits"": 1, ""mps_l"": 7.3219, ""hsf_k"": 0, ""hsf_na"": 16, ""hsf_nb"": 16, ""hsf_l"": 32.0011, ""sup"": 17, ""chi_bits0"": 1, ""mps_l0"": 7.3219, ""hsf_keff"": 0, ""hsf_l0"": 32.0011, ""sparse_l"": 22.585, ""sv_l"": 37.585, ""feat_secs"": 0.006505, ""feat_secs_frame"": 7.4e-05, ""feat_secs_hsf"": 0.006389}"
ct,"ct:n=32,L=1,t=4,nn=1",1,"{""n"": 32.0, ""L"": 1.0, ""t"": 4.0, ""nn"": 1.0}",sv,toolarge,,0.0044,1835008,,,-0.0,,"TooLarge { what: ""state vector"", bytes: 68719476736, limit: 1073741824 }","{""n"": 32, ""gates"": 53, ""g2"": 16, ""g3"": 0, ""depth2"": 1, ""t_count"": 4, ""rotations"": 4, ""d"": 3, ""dense_l"": 4.0, ""redundant"": 1, ""obs_zero"": true, ""frame_l"": 5.7279, ""chi_bits"": 1, ""mps_l"": 7.3663, ""hsf_k"": 0, ""hsf_na"": 16, ""hsf_nb"": 16, ""hsf_l"": 32.0012, ""sup"": 18, ""chi_bits0"": 1, ""mps_l0"": 7.3663, ""hsf_keff"": 0, ""hsf_l0"": 32.0012, ""sparse_l"": 23.7279, ""sv_l"": 37.7279, ""feat_secs"": 0.005983, ""feat_secs_frame"": 8.6e-05, ""feat_secs_hsf"": 0.005872}"
ct,"ct:n=32,L=1,t=4,nn=1",1,"{""n"": 32.0, ""L"": 1.0, ""t"": 4.0, ""nn"": 1.0}",sparse,ok,0.079114,0.0830,43761664,-4.925454236636394e-17,262144,-0.0,4.925454236636394e-17,,"{""n"": 32, ""gates"": 53, ""g2"": 16, ""g3"": 0, ""depth2"": 1, ""t_count"": 4, ""rotations"": 4, ""d"": 3, ""dense_l"": 4.0, ""redundant"": 1, ""obs_zero"": true, ""frame_l"": 5.7279, ""chi_bits"": 1, ""mps_l"": 7.3663, ""hsf_k"": 0, ""hsf_na"": 16, ""hsf_nb"": 16, ""hsf_l"": 32.0012, ""sup"": 18, ""chi_bits0"": 1, ""mps_l0"": 7.3663, ""hsf_keff"": 0, ""hsf_l0"": 32.0012, ""sparse_l"": 23.7279, ""sv_l"": 37.7279, ""feat_secs"": 0.005983, ""feat_secs_frame"": 8.6e-05, ""feat_secs_hsf"": 0.005872}"
ct,"ct:n=32,L=1,t=4,nn=1",1,"{""n"": 32.0, ""L"": 1.0, ""t"": 4.0, ""nn"": 1.0}",mps,ok,0.000147,0.0049,2293760,0.0,2,-0.0,0.0,,"{""n"": 32, ""gates"": 53, ""g2"": 16, ""g3"": 0, ""depth2"": 1, ""t_count"": 4, ""rotations"": 4, ""d"": 3, ""dense_l"": 4.0, ""redundant"": 1, ""obs_zero"": true, ""frame_l"": 5.7279, ""chi_bits"": 1, ""mps_l"": 7.3663, ""hsf_k"": 0, ""hsf_na"": 16, ""hsf_nb"": 16, ""hsf_l"": 32.0012, ""sup"": 18, ""chi_bits0"": 1, ""mps_l0"": 7.3663, ""hsf_keff"": 0, ""hsf_l0"": 32.0012, ""sparse_l"": 23.7279, ""sv_l"": 37.7279, ""feat_secs"": 0.005983, ""feat_secs_frame"": 8.6e-05, ""feat_secs_hsf"": 0.005872}"
ct,"ct:n=32,L=1,t=4,nn=1",1,"{""n"": 32.0, ""L"": 1.0, ""t"": 4.0, ""nn"": 1.0}",hsf,toolarge,,0.0101,2146304,,,-0.0,,"TooLarge { what: ""hsf full output"", bytes: 68719476736, limit: 1073741824 }","{""n"": 32, ""gates"": 53, ""g2"": 16, ""g3"": 0, ""depth2"": 1, ""t_count"": 4, ""rotations"": 4, ""d"": 3, ""dense_l"": 4.0, ""redundant"": 1, ""obs_zero"": true, ""frame_l"": 5.7279, ""chi_bits"": 1, ""mps_l"": 7.3663, ""hsf_k"": 0, ""hsf_na"": 16, ""hsf_nb"": 16, ""hsf_l"": 32.0012, ""sup"": 18, ""chi_bits0"": 1, ""mps_l0"": 7.3663, ""hsf_keff"": 0, ""hsf_l0"": 32.0012, ""sparse_l"": 23.7279, ""sv_l"": 37.7279, ""feat_secs"": 0.005983, ""feat_secs_frame"": 8.6e-05, ""feat_secs_hsf"": 0.005872}"
ct,"ct:n=32,L=1,t=4,nn=1",1,"{""n"": 32.0, ""L"": 1.0, ""t"": 4.0, ""nn"": 1.0}",tableau,na,,0.0044,1835008,,,-0.0,,"TooLarge { what: ""tableau (non-Clifford circuit)"", bytes: 0, limit: 0 }","{""n"": 32, ""gates"": 53, ""g2"": 16, ""g3"": 0, ""depth2"": 1, ""t_count"": 4, ""rotations"": 4, ""d"": 3, ""dense_l"": 4.0, ""redundant"": 1, ""obs_zero"": true, ""frame_l"": 5.7279, ""chi_bits"": 1, ""mps_l"": 7.3663, ""hsf_k"": 0, ""hsf_na"": 16, ""hsf_nb"": 16, ""hsf_l"": 32.0012, ""sup"": 18, ""chi_bits0"": 1, ""mps_l0"": 7.3663, ""hsf_keff"": 0, ""hsf_l0"": 32.0012, ""sparse_l"": 23.7279, ""sv_l"": 37.7279, ""feat_secs"": 0.005983, ""feat_secs_frame"": 8.6e-05, ""feat_secs_hsf"": 0.005872}"
ct,"ct:n=32,L=1,t=4,nn=1",1,"{""n"": 32.0, ""L"": 1.0, ""t"": 4.0, ""nn"": 1.0}",cstate,ok,7.3e-05,0.0036,1949696,0.0,3,-0.0,0.0,,"{""n"": 32, ""gates"": 53, ""g2"": 16, ""g3"": 0, ""depth2"": 1, ""t_count"": 4, ""rotations"": 4, ""d"": 3, ""dense_l"": 4.0, ""redundant"": 1, ""obs_zero"": true, ""frame_l"": 5.7279, ""chi_bits"": 1, ""mps_l"": 7.3663, ""hsf_k"": 0, ""hsf_na"": 16, ""hsf_nb"": 16, ""hsf_l"": 32.0012, ""sup"": 18, ""chi_bits0"": 1, ""mps_l0"": 7.3663, ""hsf_keff"": 0, ""hsf_l0"": 32.0012, ""sparse_l"": 23.7279, ""sv_l"": 37.7279, ""feat_secs"": 0.005983, ""feat_secs_frame"": 8.6e-05, ""feat_secs_hsf"": 0.005872}"
ct,"ct:n=32,L=1,t=4,nn=1",1,"{""n"": 32.0, ""L"": 1.0, ""t"": 4.0, ""nn"": 1.0}",frame,ok,0.000215,0.0041,2441216,-0.0,0,-0.0,0.0,switched_at=None dense_qubits=0 peak_terms=0 term_visits=0 dense_ops=0,"{""n"": 32, ""gates"": 53, ""g2"": 16, ""g3"": 0, ""depth2"": 1, ""t_count"": 4, ""rotations"": 4, ""d"": 3, ""dense_l"": 4.0, ""redundant"": 1, ""obs_zero"": true, ""frame_l"": 5.7279, ""chi_bits"": 1, ""mps_l"": 7.3663, ""hsf_k"": 0, ""hsf_na"": 16, ""hsf_nb"": 16, ""hsf_l"": 32.0012, ""sup"": 18, ""chi_bits0"": 1, ""mps_l0"": 7.3663, ""hsf_keff"": 0, ""hsf_l0"": 32.0012, ""sparse_l"": 23.7279, ""sv_l"": 37.7279, ""feat_secs"": 0.005983, ""feat_secs_frame"": 8.6e-05, ""feat_secs_hsf"": 0.005872}"
ct,"ct:n=32,L=1,t=4,nn=1",1,"{""n"": 32.0, ""L"": 1.0, ""t"": 4.0, ""nn"": 1.0}",dense,ok,9.8e-05,0.0057,2162688,0.0,3,-0.0,0.0,switched_at=Some(4) dense_qubits=3 peak_terms=0 term_visits=0 dense_ops=16,"{""n"": 32, ""gates"": 53, ""g2"": 16, ""g3"": 0, ""depth2"": 1, ""t_count"": 4, ""rotations"": 4, ""d"": 3, ""dense_l"": 4.0, ""redundant"": 1, ""obs_zero"": true, ""frame_l"": 5.7279, ""chi_bits"": 1, ""mps_l"": 7.3663, ""hsf_k"": 0, ""hsf_na"": 16, ""hsf_nb"": 16, ""hsf_l"": 32.0012, ""sup"": 18, ""chi_bits0"": 1, ""mps_l0"": 7.3663, ""hsf_keff"": 0, ""hsf_l0"": 32.0012, ""sparse_l"": 23.7279, ""sv_l"": 37.7279, ""feat_secs"": 0.005983, ""feat_secs_frame"": 8.6e-05, ""feat_secs_hsf"": 0.005872}"
ct,"ct:n=32,L=1,t=4,nn=1",1,"{""n"": 32.0, ""L"": 1.0, ""t"": 4.0, ""nn"": 1.0}",auto,ok,8.9e-05,0.0044,2162688,0.0,3,-0.0,0.0,switched_at=Some(4) dense_qubits=3 peak_terms=0 term_visits=0 dense_ops=16,"{""n"": 32, ""gates"": 53, ""g2"": 16, ""g3"": 0, ""depth2"": 1, ""t_count"": 4, ""rotations"": 4, ""d"": 3, ""dense_l"": 4.0, ""redundant"": 1, ""obs_zero"": true, ""frame_l"": 5.7279, ""chi_bits"": 1, ""mps_l"": 7.3663, ""hsf_k"": 0, ""hsf_na"": 16, ""hsf_nb"": 16, ""hsf_l"": 32.0012, ""sup"": 18, ""chi_bits0"": 1, ""mps_l0"": 7.3663, ""hsf_keff"": 0, ""hsf_l0"": 32.0012, ""sparse_l"": 23.7279, ""sv_l"": 37.7279, ""feat_secs"": 0.005983, ""feat_secs_frame"": 8.6e-05, ""feat_secs_hsf"": 0.005872}"
ct,"ct:n=32,L=1,t=8,nn=1",1,"{""n"": 32.0, ""L"": 1.0, ""t"": 8.0, ""nn"": 1.0}",sv,toolarge,,0.0046,1835008,,,0.0,,"TooLarge { what: ""state vector"", bytes: 68719476736, limit: 1073741824 }","{""n"": 32, ""gates"": 64, ""g2"": 16, ""g3"": 0, ""depth2"": 1, ""t_count"": 8, ""rotations"": 8, ""d"": 5, ""dense_l"": 6.7004, ""redundant"": 3, ""obs_zero"": true, ""frame_l"": 6.0, ""chi_bits"": 1, ""mps_l"": 7.4594, ""hsf_k"": 0, ""hsf_na"": 16, ""hsf_nb"": 16, ""hsf_l"": 32.0014, ""sup"": 22, ""chi_bits0"": 1, ""mps_l0"": 7.4594, ""hsf_keff"": 0, ""hsf_l0"": 32.0014, ""sparse_l"": 28.0, ""sv_l"": 38.0, ""feat_secs"": 0.005996, ""feat_secs_frame"": 8.4e-05, ""feat_secs_hsf"": 0.005888}"
ct,"ct:n=32,L=1,t=8,nn=1",1,"{""n"": 32.0, ""L"": 1.0, ""t"": 8.0, ""nn"": 1.0}",sparse,ok,1.340411,1.3470,319995904,2.400981063441319e-18,4194304,0.0,2.400981063441319e-18,,"{""n"": 32, ""gates"": 64, ""g2"": 16, ""g3"": 0, ""depth2"": 1, ""t_count"": 8, ""rotations"": 8, ""d"": 5, ""dense_l"": 6.7004, ""redundant"": 3, ""obs_zero"": true, ""frame_l"": 6.0, ""chi_bits"": 1, ""mps_l"": 7.4594, ""hsf_k"": 0, ""hsf_na"": 16, ""hsf_nb"": 16, ""hsf_l"": 32.0014, ""sup"": 22, ""chi_bits0"": 1, ""mps_l0"": 7.4594, ""hsf_keff"": 0, ""hsf_l0"": 32.0014, ""sparse_l"": 28.0, ""sv_l"": 38.0, ""feat_secs"": 0.005996, ""feat_secs_frame"": 8.4e-05, ""feat_secs_hsf"": 0.005888}"
ct,"ct:n=32,L=1,t=8,nn=1",1,"{""n"": 32.0, ""L"": 1.0, ""t"": 8.0, ""nn"": 1.0}",mps,ok,0.000158,0.0045,2293760,-9.860761315262648e-32,2,0.0,9.860761315262648e-32,,"{""n"": 32, ""gates"": 64, ""g2"": 16, ""g3"": 0, ""depth2"": 1, ""t_count"": 8, ""rotations"": 8, ""d"": 5, ""dense_l"": 6.7004, ""redundant"": 3, ""obs_zero"": true, ""frame_l"": 6.0, ""chi_bits"": 1, ""mps_l"": 7.4594, ""hsf_k"": 0, ""hsf_na"": 16, ""hsf_nb"": 16, ""hsf_l"": 32.0014, ""sup"": 22, ""chi_bits0"": 1, ""mps_l0"": 7.4594, ""hsf_keff"": 0, ""hsf_l0"": 32.0014, ""sparse_l"": 28.0, ""sv_l"": 38.0, ""feat_secs"": 0.005996, ""feat_secs_frame"": 8.4e-05, ""feat_secs_hsf"": 0.005888}"
ct,"ct:n=32,L=1,t=8,nn=1",1,"{""n"": 32.0, ""L"": 1.0, ""t"": 8.0, ""nn"": 1.0}",hsf,toolarge,,0.0104,2195456,,,0.0,,"TooLarge { what: ""hsf full output"", bytes: 68719476736, limit: 1073741824 }","{""n"": 32, ""gates"": 64, ""g2"": 16, ""g3"": 0, ""depth2"": 1, ""t_count"": 8, ""rotations"": 8, ""d"": 5, ""dense_l"": 6.7004, ""redundant"": 3, ""obs_zero"": true, ""frame_l"": 6.0, ""chi_bits"": 1, ""mps_l"": 7.4594, ""hsf_k"": 0, ""hsf_na"": 16, ""hsf_nb"": 16, ""hsf_l"": 32.0014, ""sup"": 22, ""chi_bits0"": 1, ""mps_l0"": 7.4594, ""hsf_keff"": 0, ""hsf_l0"": 32.0014, ""sparse_l"": 28.0, ""sv_l"": 38.0, ""feat_secs"": 0.005996, ""feat_secs_frame"": 8.4e-05, ""feat_secs_hsf"": 0.005888}"
ct,"ct:n=32,L=1,t=8,nn=1",1,"{""n"": 32.0, ""L"": 1.0, ""t"": 8.0, ""nn"": 1.0}",tableau,na,,0.0046,1835008,,,0.0,,"TooLarge { what: ""tableau (non-Clifford circuit)"", bytes: 0, limit: 0 }","{""n"": 32, ""gates"": 64, ""g2"": 16, ""g3"": 0, ""depth2"": 1, ""t_count"": 8, ""rotations"": 8, ""d"": 5, ""dense_l"": 6.7004, ""redundant"": 3, ""obs_zero"": true, ""frame_l"": 6.0, ""chi_bits"": 1, ""mps_l"": 7.4594, ""hsf_k"": 0, ""hsf_na"": 16, ""hsf_nb"": 16, ""hsf_l"": 32.0014, ""sup"": 22, ""chi_bits0"": 1, ""mps_l0"": 7.4594, ""hsf_keff"": 0, ""hsf_l0"": 32.0014, ""sparse_l"": 28.0, ""sv_l"": 38.0, ""feat_secs"": 0.005996, ""feat_secs_frame"": 8.4e-05, ""feat_secs_hsf"": 0.005888}"
ct,"ct:n=32,L=1,t=8,nn=1",1,"{""n"": 32.0, ""L"": 1.0, ""t"": 8.0, ""nn"": 1.0}",cstate,ok,7.2e-05,0.0046,1949696,0.0,5,0.0,0.0,,"{""n"": 32, ""gates"": 64, ""g2"": 16, ""g3"": 0, ""depth2"": 1, ""t_count"": 8, ""rotations"": 8, ""d"": 5, ""dense_l"": 6.7004, ""redundant"": 3, ""obs_zero"": true, ""frame_l"": 6.0, ""chi_bits"": 1, ""mps_l"": 7.4594, ""hsf_k"": 0, ""hsf_na"": 16, ""hsf_nb"": 16, ""hsf_l"": 32.0014, ""sup"": 22, ""chi_bits0"": 1, ""mps_l0"": 7.4594, ""hsf_keff"": 0, ""hsf_l0"": 32.0014, ""sparse_l"": 28.0, ""sv_l"": 38.0, ""feat_secs"": 0.005996, ""feat_secs_frame"": 8.4e-05, ""feat_secs_hsf"": 0.005888}"
ct,"ct:n=32,L=1,t=8,nn=1",1,"{""n"": 32.0, ""L"": 1.0, ""t"": 8.0, ""nn"": 1.0}",frame,ok,0.000132,0.0047,2146304,-0.0,0,0.0,0.0,switched_at=None dense_qubits=0 peak_terms=0 term_visits=0 dense_ops=0,"{""n"": 32, ""gates"": 64, ""g2"": 16, ""g3"": 0, ""depth2"": 1, ""t_count"": 8, ""rotations"": 8, ""d"": 5, ""dense_l"": 6.7004, ""redundant"": 3, ""obs_zero"": true, ""frame_l"": 6.0, ""chi_bits"": 1, ""mps_l"": 7.4594, ""hsf_k"": 0, ""hsf_na"": 16, ""hsf_nb"": 16, ""hsf_l"": 32.0014, ""sup"": 22, ""chi_bits0"": 1, ""mps_l0"": 7.4594, ""hsf_keff"": 0, ""hsf_l0"": 32.0014, ""sparse_l"": 28.0, ""sv_l"": 38.0, ""feat_secs"": 0.005996, ""feat_secs_frame"": 8.4e-05, ""feat_secs_hsf"": 0.005888}"
ct,"ct:n=32,L=1,t=8,nn=1",1,"{""n"": 32.0, ""L"": 1.0, ""t"": 8.0, ""nn"": 1.0}",dense,ok,0.000103,0.0049,2162688,0.0,5,0.0,0.0,switched_at=Some(8) dense_qubits=5 peak_terms=0 term_visits=0 dense_ops=104,"{""n"": 32, ""gates"": 64, ""g2"": 16, ""g3"": 0, ""depth2"": 1, ""t_count"": 8, ""rotations"": 8, ""d"": 5, ""dense_l"": 6.7004, ""redundant"": 3, ""obs_zero"": true, ""frame_l"": 6.0, ""chi_bits"": 1, ""mps_l"": 7.4594, ""hsf_k"": 0, ""hsf_na"": 16, ""hsf_nb"": 16, ""hsf_l"": 32.0014, ""sup"": 22, ""chi_bits0"": 1, ""mps_l0"": 7.4594, ""hsf_keff"": 0, ""hsf_l0"": 32.0014, ""sparse_l"": 28.0, ""sv_l"": 38.0, ""feat_secs"": 0.005996, ""feat_secs_frame"": 8.4e-05, ""feat_secs_hsf"": 0.005888}"
ct,"ct:n=32,L=1,t=8,nn=1",1,"{""n"": 32.0, ""L"": 1.0, ""t"": 8.0, ""nn"": 1.0}",auto,ok,9.3e-05,0.0070,2146304,-0.0,0,0.0,0.0,switched_at=None dense_qubits=0 peak_terms=0 term_visits=0 dense_ops=0,"{""n"": 32, ""gates"": 64, ""g2"": 16, ""g3"": 0, ""depth2"": 1, ""t_count"": 8, ""rotations"": 8, ""d"": 5, ""dense_l"": 6.7004, ""redundant"": 3, ""obs_zero"": true, ""frame_l"": 6.0, ""chi_bits"": 1, ""mps_l"": 7.4594, ""hsf_k"": 0, ""hsf_na"": 16, ""hsf_nb"": 16, ""hsf_l"": 32.0014, ""sup"": 22, ""chi_bits0"": 1, ""mps_l0"": 7.4594, ""hsf_keff"": 0, ""hsf_l0"": 32.0014, ""sparse_l"": 28.0, ""sv_l"": 38.0, ""feat_secs"": 0.005996, ""feat_secs_frame"": 8.4e-05, ""feat_secs_hsf"": 0.005888}"
ct,"ct:n=32,L=1,t=16,nn=1",1,"{""n"": 32.0, ""L"": 1.0, ""t"": 16.0, ""nn"": 1.0}",sv,toolarge,,0.0045,1835008,,,-0.0,,"TooLarge { what: ""state vector"", bytes: 68719476736, limit: 1073741824 }","{""n"": 32, ""gates"": 76, ""g2"": 16, ""g3"": 0, ""depth2"": 1, ""t_count"": 16, ""rotations"": 16, ""d"": 8, ""dense_l"": 9.8486, ""redundant"": 8, ""obs_zero"": true, ""frame_l"": 6.2479, ""chi_bits"": 1, ""mps_l"": 7.5546, ""hsf_k"": 0, ""hsf_na"": 16, ""hsf_nb"": 16, ""hsf_l"": 32.0017, ""sup"": 25, ""chi_bits0"": 1, ""mps_l0"": 7.5546, ""hsf_keff"": 0, ""hsf_l0"": 32.0017, ""sparse_l"": 31.2479, ""sv_l"": 38.2479, ""feat_secs"": 0.006217, ""feat_secs_frame"": 0.000134, ""feat_secs_hsf"": 0.006049}"
ct,"ct:n=32,L=1,t=16,nn=1",1,"{""n"": 32.0, ""L"": 1.0, ""t"": 16.0, ""nn"": 1.0}",sparse,toolarge,,3.8381,2521710592,,,-0.0,,"TooLarge { what: ""sparse state"", bytes: 1610612736, limit: 1073741824 }","{""n"": 32, ""gates"": 76, ""g2"": 16, ""g3"": 0, ""depth2"": 1, ""t_count"": 16, ""rotations"": 16, ""d"": 8, ""dense_l"": 9.8486, ""redundant"": 8, ""obs_zero"": true, ""frame_l"": 6.2479, ""chi_bits"": 1, ""mps_l"": 7.5546, ""hsf_k"": 0, ""hsf_na"": 16, ""hsf_nb"": 16, ""hsf_l"": 32.0017, ""sup"": 25, ""chi_bits0"": 1, ""mps_l0"": 7.5546, ""hsf_keff"": 0, ""hsf_l0"": 32.0017, ""sparse_l"": 31.2479, ""sv_l"": 38.2479, ""feat_secs"": 0.006217, ""feat_secs_frame"": 0.000134, ""feat_secs_hsf"": 0.006049}"
ct,"ct:n=32,L=1,t=16,nn=1",1,"{""n"": 32.0, ""L"": 1.0, ""t"": 16.0, ""nn"": 1.0}",mps,ok,0.000161,0.0076,2293760,-1.110223024625157e-16,2,-0.0,1.110223024625157e-16,,"{""n"": 32, ""gates"": 76, ""g2"": 16, ""g3"": 0, ""depth2"": 1, ""t_count"": 16, ""rotations"": 16, ""d"": 8, ""dense_l"": 9.8486, ""redundant"": 8, ""obs_zero"": true, ""frame_l"": 6.2479, ""chi_bits"": 1, ""mps_l"": 7.5546, ""hsf_k"": 0, ""hsf_na"": 16, ""hsf_nb"": 16, ""hsf_l"": 32.0017, ""sup"": 25, ""chi_bits0"": 1, ""mps_l0"": 7.5546, ""hsf_keff"": 0, ""hsf_l0"": 32.0017, ""sparse_l"": 31.2479, ""sv_l"": 38.2479, ""feat_secs"": 0.006217, ""feat_secs_frame"": 0.000134, ""feat_secs_hsf"": 0.006049}"
ct,"ct:n=32,L=1,t=16,nn=1",1,"{""n"": 32.0, ""L"": 1.0, ""t"": 16.0, ""nn"": 1.0}",hsf,toolarge,,0.0099,2179072,,,-0.0,,"TooLarge { what: ""hsf full output"", bytes: 68719476736, limit: 1073741824 }","{""n"": 32, ""gates"": 76, ""g2"": 16, ""g3"": 0, ""depth2"": 1, ""t_count"": 16, ""rotations"": 16, ""d"": 8, ""dense_l"": 9.8486, ""redundant"": 8, ""obs_zero"": true, ""frame_l"": 6.2479, ""chi_bits"": 1, ""mps_l"": 7.5546, ""hsf_k"": 0, ""hsf_na"": 16, ""hsf_nb"": 16, ""hsf_l"": 32.0017, ""sup"": 25, ""chi_bits0"": 1, ""mps_l0"": 7.5546, ""hsf_keff"": 0, ""hsf_l0"": 32.0017, ""sparse_l"": 31.2479, ""sv_l"": 38.2479, ""feat_secs"": 0.006217, ""feat_secs_frame"": 0.000134, ""feat_secs_hsf"": 0.006049}"
ct,"ct:n=32,L=1,t=16,nn=1",1,"{""n"": 32.0, ""L"": 1.0, ""t"": 16.0, ""nn"": 1.0}",tableau,na,,0.0045,1835008,,,-0.0,,"TooLarge { what: ""tableau (non-Clifford circuit)"", bytes: 0, limit: 0 }","{""n"": 32, ""gates"": 76, ""g2"": 16, ""g3"": 0, ""depth2"": 1, ""t_count"": 16, ""rotations"": 16, ""d"": 8, ""dense_l"": 9.8486, ""redundant"": 8, ""obs_zero"": true, ""frame_l"": 6.2479, ""chi_bits"": 1, ""mps_l"": 7.5546, ""hsf_k"": 0, ""hsf_na"": 16, ""hsf_nb"": 16, ""hsf_l"": 32.0017, ""sup"": 25, ""chi_bits0"": 1, ""mps_l0"": 7.5546, ""hsf_keff"": 0, ""hsf_l0"": 32.0017, ""sparse_l"": 31.2479, ""sv_l"": 38.2479, ""feat_secs"": 0.006217, ""feat_secs_frame"": 0.000134, ""feat_secs_hsf"": 0.006049}"
ct,"ct:n=32,L=1,t=16,nn=1",1,"{""n"": 32.0, ""L"": 1.0, ""t"": 16.0, ""nn"": 1.0}",cstate,ok,8.9e-05,0.0047,1966080,0.0,8,-0.0,0.0,,"{""n"": 32, ""gates"": 76, ""g2"": 16, ""g3"": 0, ""depth2"": 1, ""t_count"": 16, ""rotations"": 16, ""d"": 8, ""dense_l"": 9.8486, ""redundant"": 8, ""obs_zero"": true, ""frame_l"": 6.2479, ""chi_bits"": 1, ""mps_l"": 7.5546, ""hsf_k"": 0, ""hsf_na"": 16, ""hsf_nb"": 16, ""hsf_l"": 32.0017, ""sup"": 25, ""chi_bits0"": 1, ""mps_l0"": 7.5546, ""hsf_keff"": 0, ""hsf_l0"": 32.0017, ""sparse_l"": 31.2479, ""sv_l"": 38.2479, ""feat_secs"": 0.006217, ""feat_secs_frame"": 0.000134, ""feat_secs_hsf"": 0.006049}"
ct,"ct:n=32,L=1,t=16,nn=1",1,"{""n"": 32.0, ""L"": 1.0, ""t"": 16.0, ""nn"": 1.0}",frame,ok,0.000105,0.0047,2146304,-0.0,0,-0.0,0.0,switched_at=None dense_qubits=0 peak_terms=0 term_visits=0 dense_ops=0,"{""n"": 32, ""gates"": 76, ""g2"": 16, ""g3"": 0, ""depth2"": 1, ""t_count"": 16, ""rotations"": 16, ""d"": 8, ""dense_l"": 9.8486, ""redundant"": 8, ""obs_zero"": true, ""frame_l"": 6.2479, ""chi_bits"": 1, ""mps_l"": 7.5546, ""hsf_k"": 0, ""hsf_na"": 16, ""hsf_nb"": 16, ""hsf_l"": 32.0017, ""sup"": 25, ""chi_bits0"": 1, ""mps_l0"": 7.5546, ""hsf_keff"": 0, ""hsf_l0"": 32.0017, ""sparse_l"": 31.2479, ""sv_l"": 38.2479, ""feat_secs"": 0.006217, ""feat_secs_frame"": 0.000134, ""feat_secs_hsf"": 0.006049}"
ct,"ct:n=32,L=1,t=16,nn=1",1,"{""n"": 32.0, ""L"": 1.0, ""t"": 16.0, ""nn"": 1.0}",dense,ok,0.000108,0.0045,2162688,0.0,8,-0.0,0.0,switched_at=Some(16) dense_qubits=8 peak_terms=0 term_visits=0 dense_ops=922,"{""n"": 32, ""gates"": 76, ""g2"": 16, ""g3"": 0, ""depth2"": 1, ""t_count"": 16, ""rotations"": 16, ""d"": 8, ""dense_l"": 9.8486, ""redundant"": 8, ""obs_zero"": true, ""frame_l"": 6.2479, ""chi_bits"": 1, ""mps_l"": 7.5546, ""hsf_k"": 0, ""hsf_na"": 16, ""hsf_nb"": 16, ""hsf_l"": 32.0017, ""sup"": 25, ""chi_bits0"": 1, ""mps_l0"": 7.5546, ""hsf_keff"": 0, ""hsf_l0"": 32.0017, ""sparse_l"": 31.2479, ""sv_l"": 38.2479, ""feat_secs"": 0.006217, ""feat_secs_frame"": 0.000134, ""feat_secs_hsf"": 0.006049}"
ct,"ct:n=32,L=1,t=16,nn=1",1,"{""n"": 32.0, ""L"": 1.0, ""t"": 16.0, ""nn"": 1.0}",auto,ok,0.000101,0.0069,2146304,-0.0,0,-0.0,0.0,switched_at=None dense_qubits=0 peak_terms=0 term_visits=0 dense_ops=0,"{""n"": 32, ""gates"": 76, ""g2"": 16, ""g3"": 0, ""depth2"": 1, ""t_count"": 16, ""rotations"": 16, ""d"": 8, ""dense_l"": 9.8486, ""redundant"": 8, ""obs_zero"": true, ""frame_l"": 6.2479, ""chi_bits"": 1, ""mps_l"": 7.5546, ""hsf_k"": 0, ""hsf_na"": 16, ""hsf_nb"": 16, ""hsf_l"": 32.0017, ""sup"": 25, ""chi_bits0"": 1, ""mps_l0"": 7.5546, ""hsf_keff"": 0, ""hsf_l0"": 32.0017, ""sparse_l"": 31.2479, ""sv_l"": 38.2479, ""feat_secs"": 0.006217, ""feat_secs_frame"": 0.000134, ""feat_secs_hsf"": 0.006049}"
ct,"ct:n=32,L=1,t=24,nn=1",1,"{""n"": 32.0, ""L"": 1.0, ""t"": 24.0, ""nn"": 1.0}",sv,toolarge,,0.0047,1835008,,,0.7071067811865475,,"TooLarge { what: ""state vector"", bytes: 68719476736, limit: 1073741824 }","{""n"": 32, ""gates"": 94, ""g2"": 16, ""g3"": 0, ""depth2"": 1, ""t_count"": 24, ""rotations"": 24, ""d"": 14, ""dense_l"": 16.7818, ""redundant"": 10, ""obs_zero"": false, ""frame_l"": 9.585, ""chi_bits"": 1, ""mps_l"": 7.6865, ""hsf_k"": 0, ""hsf_na"": 16, ""hsf_nb"": 16, ""hsf_l"": 32.0021, ""sup"": 28, ""chi_bits0"": 1, ""mps_l0"": 7.6865, ""hsf_keff"": 0, ""hsf_l0"": 32.0021, ""sparse_l"": 34.5546, ""sv_l"": 38.5546, ""feat_secs"": 0.006368, ""feat_secs_frame"": 0.000131, ""feat_secs_hsf"": 0.006194}"
ct,"ct:n=32,L=1,t=24,nn=1",1,"{""n"": 32.0, ""L"": 1.0, ""t"": 24.0, ""nn"": 1.0}",sparse,toolarge,,2.6612,2522333184,,,0.7071067811865475,,"TooLarge { what: ""sparse state"", bytes: 1610612736, limit: 1073741824 }","{""n"": 32, ""gates"": 94, ""g2"": 16, ""g3"": 0, ""depth2"": 1, ""t_count"": 24, ""rotations"": 24, ""d"": 14, ""dense_l"": 16.7818, ""redundant"": 10, ""obs_zero"": false, ""frame_l"": 9.585, ""chi_bits"": 1, ""mps_l"": 7.6865, ""hsf_k"": 0, ""hsf_na"": 16, ""hsf_nb"": 16, ""hsf_l"": 32.0021, ""sup"": 28, ""chi_bits0"": 1, ""mps_l0"": 7.6865, ""hsf_keff"": 0, ""hsf_l0"": 32.0021, ""sparse_l"": 34.5546, ""sv_l"": 38.5546, ""feat_secs"": 0.006368, ""feat_secs_frame"": 0.000131, ""feat_secs_hsf"": 0.006194}"
ct,"ct:n=32,L=1,t=24,nn=1",1,"{""n"": 32.0, ""L"": 1.0, ""t"": 24.0, ""nn"": 1.0}",mps,ok,0.000152,0.0044,2293760,0.7071067811865475,2,0.7071067811865475,0.0,,"{""n"": 32, ""gates"": 94, ""g2"": 16, ""g3"": 0, ""depth2"": 1, ""t_count"": 24, ""rotations"": 24, ""d"": 14, ""dense_l"": 16.7818, ""redundant"": 10, ""obs_zero"": false, ""frame_l"": 9.585, ""chi_bits"": 1, ""mps_l"": 7.6865, ""hsf_k"": 0, ""hsf_na"": 16, ""hsf_nb"": 16, ""hsf_l"": 32.0021, ""sup"": 28, ""chi_bits0"": 1, ""mps_l0"": 7.6865, ""hsf_keff"": 0, ""hsf_l0"": 32.0021, ""sparse_l"": 34.5546, ""sv_l"": 38.5546, ""feat_secs"": 0.006368, ""feat_secs_frame"": 0.000131, ""feat_secs_hsf"": 0.006194}"
ct,"ct:n=32,L=1,t=24,nn=1",1,"{""n"": 32.0, ""L"": 1.0, ""t"": 24.0, ""nn"": 1.0}",hsf,toolarge,,0.0090,2195456,,,0.7071067811865475,,"TooLarge { what: ""hsf full output"", bytes: 68719476736, limit: 1073741824 }","{""n"": 32, ""gates"": 94, ""g2"": 16, ""g3"": 0, ""depth2"": 1, ""t_count"": 24, ""rotations"": 24, ""d"": 14, ""dense_l"": 16.7818, ""redundant"": 10, ""obs_zero"": false, ""frame_l"": 9.585, ""chi_bits"": 1, ""mps_l"": 7.6865, ""hsf_k"": 0, ""hsf_na"": 16, ""hsf_nb"": 16, ""hsf_l"": 32.0021, ""sup"": 28, ""chi_bits0"": 1, ""mps_l0"": 7.6865, ""hsf_keff"": 0, ""hsf_l0"": 32.0021, ""sparse_l"": 34.5546, ""sv_l"": 38.5546, ""feat_secs"": 0.006368, ""feat_secs_frame"": 0.000131, ""feat_secs_hsf"": 0.006194}"
ct,"ct:n=32,L=1,t=24,nn=1",1,"{""n"": 32.0, ""L"": 1.0, ""t"": 24.0, ""nn"": 1.0}",tableau,na,,0.0046,1835008,,,0.7071067811865475,,"TooLarge { what: ""tableau (non-Clifford circuit)"", bytes: 0, limit: 0 }","{""n"": 32, ""gates"": 94, ""g2"": 16, ""g3"": 0, ""depth2"": 1, ""t_count"": 24, ""rotations"": 24, ""d"": 14, ""dense_l"": 16.7818, ""redundant"": 10, ""obs_zero"": false, ""frame_l"": 9.585, ""chi_bits"": 1, ""mps_l"": 7.6865, ""hsf_k"": 0, ""hsf_na"": 16, ""hsf_nb"": 16, ""hsf_l"": 32.0021, ""sup"": 28, ""chi_bits0"": 1, ""mps_l0"": 7.6865, ""hsf_keff"": 0, ""hsf_l0"": 32.0021, ""sparse_l"": 34.5546, ""sv_l"": 38.5546, ""feat_secs"": 0.006368, ""feat_secs_frame"": 0.000131, ""feat_secs_hsf"": 0.006194}"
ct,"ct:n=32,L=1,t=24,nn=1",1,"{""n"": 32.0, ""L"": 1.0, ""t"": 24.0, ""nn"": 1.0}",cstate,ok,0.00058,0.0076,2621440,0.7071067811865346,14,0.7071067811865475,1.2878587085651816e-14,,"{""n"": 32, ""gates"": 94, ""g2"": 16, ""g3"": 0, ""depth2"": 1, ""t_count"": 24, ""rotations"": 24, ""d"": 14, ""dense_l"": 16.7818, ""redundant"": 10, ""obs_zero"": false, ""frame_l"": 9.585, ""chi_bits"": 1, ""mps_l"": 7.6865, ""hsf_k"": 0, ""hsf_na"": 16, ""hsf_nb"": 16, ""hsf_l"": 32.0021, ""sup"": 28, ""chi_bits0"": 1, ""mps_l0"": 7.6865, ""hsf_keff"": 0, ""hsf_l0"": 32.0021, ""sparse_l"": 34.5546, ""sv_l"": 38.5546, ""feat_secs"": 0.006368, ""feat_secs_frame"": 0.000131, ""feat_secs_hsf"": 0.006194}"
ct,"ct:n=32,L=1,t=24,nn=1",1,"{""n"": 32.0, ""L"": 1.0, ""t"": 24.0, ""nn"": 1.0}",frame,ok,0.000394,0.0075,2457600,0.7071067811865476,1,0.7071067811865475,1.1102230246251565e-16,switched_at=None dense_qubits=0 peak_terms=1 term_visits=24 dense_ops=0,"{""n"": 32, ""gates"": 94, ""g2"": 16, ""g3"": 0, ""depth2"": 1, ""t_count"": 24, ""rotations"": 24, ""d"": 14, ""dense_l"": 16.7818, ""redundant"": 10, ""obs_zero"": false, ""frame_l"": 9.585, ""chi_bits"": 1, ""mps_l"": 7.6865, ""hsf_k"": 0, ""hsf_na"": 16, ""hsf_nb"": 16, ""hsf_l"": 32.0021, ""sup"": 28, ""chi_bits0"": 1, ""mps_l0"": 7.6865, ""hsf_keff"": 0, ""hsf_l0"": 32.0021, ""sparse_l"": 34.5546, ""sv_l"": 38.5546, ""feat_secs"": 0.006368, ""feat_secs_frame"": 0.000131, ""feat_secs_hsf"": 0.006194}"
ct,"ct:n=32,L=1,t=24,nn=1",1,"{""n"": 32.0, ""L"": 1.0, ""t"": 24.0, ""nn"": 1.0}",dense,ok,0.000463,0.0076,2818048,0.7071067811865346,14,0.7071067811865475,1.2878587085651816e-14,switched_at=Some(24) dense_qubits=14 peak_terms=1 term_visits=0 dense_ops=129062,"{""n"": 32, ""gates"": 94, ""g2"": 16, ""g3"": 0, ""depth2"": 1, ""t_count"": 24, ""rotations"": 24, ""d"": 14, ""dense_l"": 16.7818, ""redundant"": 10, ""obs_zero"": false, ""frame_l"": 9.585, ""chi_bits"": 1, ""mps_l"": 7.6865, ""hsf_k"": 0, ""hsf_na"": 16, ""hsf_nb"": 16, ""hsf_l"": 32.0021, ""sup"": 28, ""chi_bits0"": 1, ""mps_l0"": 7.6865, ""hsf_keff"": 0, ""hsf_l0"": 32.0021, ""sparse_l"": 34.5546, ""sv_l"": 38.5546, ""feat_secs"": 0.006368, ""feat_secs_frame"": 0.000131, ""feat_secs_hsf"": 0.006194}"
ct,"ct:n=32,L=1,t=24,nn=1",1,"{""n"": 32.0, ""L"": 1.0, ""t"": 24.0, ""nn"": 1.0}",auto,ok,0.0003,0.0047,2490368,0.7071067811865475,4,0.7071067811865475,0.0,switched_at=Some(7) dense_qubits=4 peak_terms=1 term_visits=17 dense_ops=86,"{""n"": 32, ""gates"": 94, ""g2"": 16, ""g3"": 0, ""depth2"": 1, ""t_count"": 24, ""rotations"": 24, ""d"": 14, ""dense_l"": 16.7818, ""redundant"": 10, ""obs_zero"": false, ""frame_l"": 9.585, ""chi_bits"": 1, ""mps_l"": 7.6865, ""hsf_k"": 0, ""hsf_na"": 16, ""hsf_nb"": 16, ""hsf_l"": 32.0021, ""sup"": 28, ""chi_bits0"": 1, ""mps_l0"": 7.6865, ""hsf_keff"": 0, ""hsf_l0"": 32.0021, ""sparse_l"": 34.5546, ""sv_l"": 38.5546, ""feat_secs"": 0.006368, ""feat_secs_frame"": 0.000131, ""feat_secs_hsf"": 0.006194}"
ct,"ct:n=32,L=1,t=32,nn=1",1,"{""n"": 32.0, ""L"": 1.0, ""t"": 32.0, ""nn"": 1.0}",sv,toolarge,,0.0045,1835008,,,-0.0,,"TooLarge { what: ""state vector"", bytes: 68719476736, limit: 1073741824 }","{""n"": 32, ""gates"": 108, ""g2"": 16, ""g3"": 0, ""depth2"": 1, ""t_count"": 32, ""rotations"": 32, ""d"": 17, ""dense_l"": 19.1103, ""redundant"": 15, ""obs_zero"": true, ""frame_l"": 6.7549, ""chi_bits"": 1, ""mps_l"": 7.7814, ""hsf_k"": 0, ""hsf_na"": 16, ""hsf_nb"": 16, ""hsf_l"": 32.0024, ""sup"": 32, ""chi_bits0"": 1, ""mps_l0"": 7.7814, ""hsf_keff"": 0, ""hsf_l0"": 32.0024, ""sparse_l"": 38.7549, ""sv_l"": 38.7549, ""feat_secs"": 0.006107, ""feat_secs_frame"": 0.000142, ""feat_secs_hsf"": 0.005929}"
ct,"ct:n=32,L=1,t=32,nn=1",1,"{""n"": 32.0, ""L"": 1.0, ""t"": 32.0, ""nn"": 1.0}",sparse,toolarge,,2.1923,2522152960,,,-0.0,,"TooLarge { what: ""sparse state"", bytes: 1610612736, limit: 1073741824 }","{""n"": 32, ""gates"": 108, ""g2"": 16, ""g3"": 0, ""depth2"": 1, ""t_count"": 32, ""rotations"": 32, ""d"": 17, ""dense_l"": 19.1103, ""redundant"": 15, ""obs_zero"": true, ""frame_l"": 6.7549, ""chi_bits"": 1, ""mps_l"": 7.7814, ""hsf_k"": 0, ""hsf_na"": 16, ""hsf_nb"": 16, ""hsf_l"": 32.0024, ""sup"": 32, ""chi_bits0"": 1, ""mps_l0"": 7.7814, ""hsf_keff"": 0, ""hsf_l0"": 32.0024, ""sparse_l"": 38.7549, ""sv_l"": 38.7549, ""feat_secs"": 0.006107, ""feat_secs_frame"": 0.000142, ""feat_secs_hsf"": 0.005929}"
ct,"ct:n=32,L=1,t=32,nn=1",1,"{""n"": 32.0, ""L"": 1.0, ""t"": 32.0, ""nn"": 1.0}",mps,ok,0.000152,0.0044,2310144,0.0,2,-0.0,0.0,,"{""n"": 32, ""gates"": 108, ""g2"": 16, ""g3"": 0, ""depth2"": 1, ""t_count"": 32, ""rotations"": 32, ""d"": 17, ""dense_l"": 19.1103, ""redundant"": 15, ""obs_zero"": true, ""frame_l"": 6.7549, ""chi_bits"": 1, ""mps_l"": 7.7814, ""hsf_k"": 0, ""hsf_na"": 16, ""hsf_nb"": 16, ""hsf_l"": 32.0024, ""sup"": 32, ""chi_bits0"": 1, ""mps_l0"": 7.7814, ""hsf_keff"": 0, ""hsf_l0"": 32.0024, ""sparse_l"": 38.7549, ""sv_l"": 38.7549, ""feat_secs"": 0.006107, ""feat_secs_frame"": 0.000142, ""feat_secs_hsf"": 0.005929}"
ct,"ct:n=32,L=1,t=32,nn=1",1,"{""n"": 32.0, ""L"": 1.0, ""t"": 32.0, ""nn"": 1.0}",hsf,toolarge,,0.0084,2179072,,,-0.0,,"TooLarge { what: ""hsf full output"", bytes: 68719476736, limit: 1073741824 }","{""n"": 32, ""gates"": 108, ""g2"": 16, ""g3"": 0, ""depth2"": 1, ""t_count"": 32, ""rotations"": 32, ""d"": 17, ""dense_l"": 19.1103, ""redundant"": 15, ""obs_zero"": true, ""frame_l"": 6.7549, ""chi_bits"": 1, ""mps_l"": 7.7814, ""hsf_k"": 0, ""hsf_na"": 16, ""hsf_nb"": 16, ""hsf_l"": 32.0024, ""sup"": 32, ""chi_bits0"": 1, ""mps_l0"": 7.7814, ""hsf_keff"": 0, ""hsf_l0"": 32.0024, ""sparse_l"": 38.7549, ""sv_l"": 38.7549, ""feat_secs"": 0.006107, ""feat_secs_frame"": 0.000142, ""feat_secs_hsf"": 0.005929}"
ct,"ct:n=32,L=1,t=32,nn=1",1,"{""n"": 32.0, ""L"": 1.0, ""t"": 32.0, ""nn"": 1.0}",tableau,na,,0.0043,1835008,,,-0.0,,"TooLarge { what: ""tableau (non-Clifford circuit)"", bytes: 0, limit: 0 }","{""n"": 32, ""gates"": 108, ""g2"": 16, ""g3"": 0, ""depth2"": 1, ""t_count"": 32, ""rotations"": 32, ""d"": 17, ""dense_l"": 19.1103, ""redundant"": 15, ""obs_zero"": true, ""frame_l"": 6.7549, ""chi_bits"": 1, ""mps_l"": 7.7814, ""hsf_k"": 0, ""hsf_na"": 16, ""hsf_nb"": 16, ""hsf_l"": 32.0024, ""sup"": 32, ""chi_bits0"": 1, ""mps_l0"": 7.7814, ""hsf_keff"": 0, ""hsf_l0"": 32.0024, ""sparse_l"": 38.7549, ""sv_l"": 38.7549, ""feat_secs"": 0.006107, ""feat_secs_frame"": 0.000142, ""feat_secs_hsf"": 0.005929}"
ct,"ct:n=32,L=1,t=32,nn=1",1,"{""n"": 32.0, ""L"": 1.0, ""t"": 32.0, ""nn"": 1.0}",cstate,ok,0.001145,0.0065,4456448,0.0,17,-0.0,0.0,,"{""n"": 32, ""gates"": 108, ""g2"": 16, ""g3"": 0, ""depth2"": 1, ""t_count"": 32, ""rotations"": 32, ""d"": 17, ""dense_l"": 19.1103, ""redundant"": 15, ""obs_zero"": true, ""frame_l"": 6.7549, ""chi_bits"": 1, ""mps_l"": 7.7814, ""hsf_k"": 0, ""hsf_na"": 16, ""hsf_nb"": 16, ""hsf_l"": 32.0024, ""sup"": 32, ""chi_bits0"": 1, ""mps_l0"": 7.7814, ""hsf_keff"": 0, ""hsf_l0"": 32.0024, ""sparse_l"": 38.7549, ""sv_l"": 38.7549, ""feat_secs"": 0.006107, ""feat_secs_frame"": 0.000142, ""feat_secs_hsf"": 0.005929}"
ct,"ct:n=32,L=1,t=32,nn=1",1,"{""n"": 32.0, ""L"": 1.0, ""t"": 32.0, ""nn"": 1.0}",frame,ok,0.000108,0.0042,2162688,-0.0,0,-0.0,0.0,switched_at=None dense_qubits=0 peak_terms=0 term_visits=0 dense_ops=0,"{""n"": 32, ""gates"": 108, ""g2"": 16, ""g3"": 0, ""depth2"": 1, ""t_count"": 32, ""rotations"": 32, ""d"": 17, ""dense_l"": 19.1103, ""redundant"": 15, ""obs_zero"": true, ""frame_l"": 6.7549, ""chi_bits"": 1, ""mps_l"": 7.7814, ""hsf_k"": 0, ""hsf_na"": 16, ""hsf_nb"": 16, ""hsf_l"": 32.0024, ""sup"": 32, ""chi_bits0"": 1, ""mps_l0"": 7.7814, ""hsf_keff"": 0, ""hsf_l0"": 32.0024, ""sparse_l"": 38.7549, ""sv_l"": 38.7549, ""feat_secs"": 0.006107, ""feat_secs_frame"": 0.000142, ""feat_secs_hsf"": 0.005929}"
ct,"ct:n=32,L=1,t=32,nn=1",1,"{""n"": 32.0, ""L"": 1.0, ""t"": 32.0, ""nn"": 1.0}",dense,ok,0.001084,0.0074,4620288,0.0,17,-0.0,0.0,switched_at=Some(32) dense_qubits=17 peak_terms=0 term_visits=0 dense_ops=565951,"{""n"": 32, ""gates"": 108, ""g2"": 16, ""g3"": 0, ""depth2"": 1, ""t_count"": 32, ""rotations"": 32, ""d"": 17, ""dense_l"": 19.1103, ""redundant"": 15, ""obs_zero"": true, ""frame_l"": 6.7549, ""chi_bits"": 1, ""mps_l"": 7.7814, ""hsf_k"": 0, ""hsf_na"": 16, ""hsf_nb"": 16, ""hsf_l"": 32.0024, ""sup"": 32, ""chi_bits0"": 1, ""mps_l0"": 7.7814, ""hsf_keff"": 0, ""hsf_l0"": 32.0024, ""sparse_l"": 38.7549, ""sv_l"": 38.7549, ""feat_secs"": 0.006107, ""feat_secs_frame"": 0.000142, ""feat_secs_hsf"": 0.005929}"
ct,"ct:n=32,L=1,t=32,nn=1",1,"{""n"": 32.0, ""L"": 1.0, ""t"": 32.0, ""nn"": 1.0}",auto,ok,0.000155,0.0044,2162688,-0.0,0,-0.0,0.0,switched_at=None dense_qubits=0 peak_terms=0 term_visits=0 dense_ops=0,"{""n"": 32, ""gates"": 108, ""g2"": 16, ""g3"": 0, ""depth2"": 1, ""t_count"": 32, ""rotations"": 32, ""d"": 17, ""dense_l"": 19.1103, ""redundant"": 15, ""obs_zero"": true, ""frame_l"": 6.7549, ""chi_bits"": 1, ""mps_l"": 7.7814, ""hsf_k"": 0, ""hsf_na"": 16, ""hsf_nb"": 16, ""hsf_l"": 32.0024, ""sup"": 32, ""chi_bits0"": 1, ""mps_l0"": 7.7814, ""hsf_keff"": 0, ""hsf_l0"": 32.0024, ""sparse_l"": 38.7549, ""sv_l"": 38.7549, ""feat_secs"": 0.006107, ""feat_secs_frame"": 0.000142, ""feat_secs_hsf"": 0.005929}"
ct,"ct:n=32,L=1,t=48,nn=1",1,"{""n"": 32.0, ""L"": 1.0, ""t"": 48.0, ""nn"": 1.0}",sv,toolarge,,0.0044,1867776,,,0.5000000000000001,,"TooLarge { what: ""state vector"", bytes: 68719476736, limit: 1073741824 }","{""n"": 32, ""gates"": 138, ""g2"": 16, ""g3"": 0, ""depth2"": 1, ""t_count"": 48, ""rotations"": 48, ""d"": 20, ""dense_l"": 22.1252, ""redundant"": 28, ""obs_zero"": false, ""frame_l"": 19.585, ""chi_bits"": 1, ""mps_l"": 7.9658, ""hsf_k"": 0, ""hsf_na"": 16, ""hsf_nb"": 16, ""hsf_l"": 32.003, ""sup"": 28, ""chi_bits0"": 1, ""mps_l0"": 7.9658, ""hsf_keff"": 0, ""hsf_l0"": 32.003, ""sparse_l"": 35.1085, ""sv_l"": 39.1085, ""feat_secs"": 0.006853, ""feat_secs_frame"": 0.00021, ""feat_secs_hsf"": 0.006591}"
ct,"ct:n=32,L=1,t=48,nn=1",1,"{""n"": 32.0, ""L"": 1.0, ""t"": 48.0, ""nn"": 1.0}",sparse,toolarge,,3.3411,2521989120,,,0.5000000000000001,,"TooLarge { what: ""sparse state"", bytes: 1610612736, limit: 1073741824 }","{""n"": 32, ""gates"": 138, ""g2"": 16, ""g3"": 0, ""depth2"": 1, ""t_count"": 48, ""rotations"": 48, ""d"": 20, ""dense_l"": 22.1252, ""redundant"": 28, ""obs_zero"": false, ""frame_l"": 19.585, ""chi_bits"": 1, ""mps_l"": 7.9658, ""hsf_k"": 0, ""hsf_na"": 16, ""hsf_nb"": 16, ""hsf_l"": 32.003, ""sup"": 28, ""chi_bits0"": 1, ""mps_l0"": 7.9658, ""hsf_keff"": 0, ""hsf_l0"": 32.003, ""sparse_l"": 35.1085, ""sv_l"": 39.1085, ""feat_secs"": 0.006853, ""feat_secs_frame"": 0.00021, ""feat_secs_hsf"": 0.006591}"
ct,"ct:n=32,L=1,t=48,nn=1",1,"{""n"": 32.0, ""L"": 1.0, ""t"": 48.0, ""nn"": 1.0}",mps,ok,0.00016,0.0086,2326528,0.5000000000000001,2,0.5000000000000001,0.0,,"{""n"": 32, ""gates"": 138, ""g2"": 16, ""g3"": 0, ""depth2"": 1, ""t_count"": 48, ""rotations"": 48, ""d"": 20, ""dense_l"": 22.1252, ""redundant"": 28, ""obs_zero"": false, ""frame_l"": 19.585, ""chi_bits"": 1, ""mps_l"": 7.9658, ""hsf_k"": 0, ""hsf_na"": 16, ""hsf_nb"": 16, ""hsf_l"": 32.003, ""sup"": 28, ""chi_bits0"": 1, ""mps_l0"": 7.9658, ""hsf_keff"": 0, ""hsf_l0"": 32.003, ""sparse_l"": 35.1085, ""sv_l"": 39.1085, ""feat_secs"": 0.006853, ""feat_secs_frame"": 0.00021, ""feat_secs_hsf"": 0.006591}"
ct,"ct:n=32,L=1,t=48,nn=1",1,"{""n"": 32.0, ""L"": 1.0, ""t"": 48.0, ""nn"": 1.0}",hsf,toolarge,,0.0098,2211840,,,0.5000000000000001,,"TooLarge { what: ""hsf full output"", bytes: 68719476736, limit: 1073741824 }","{""n"": 32, ""gates"": 138, ""g2"": 16, ""g3"": 0, ""depth2"": 1, ""t_count"": 48, ""rotations"": 48, ""d"": 20, ""dense_l"": 22.1252, ""redundant"": 28, ""obs_zero"": false, ""frame_l"": 19.585, ""chi_bits"": 1, ""mps_l"": 7.9658, ""hsf_k"": 0, ""hsf_na"": 16, ""hsf_nb"": 16, ""hsf_l"": 32.003, ""sup"": 28, ""chi_bits0"": 1, ""mps_l0"": 7.9658, ""hsf_keff"": 0, ""hsf_l0"": 32.003, ""sparse_l"": 35.1085, ""sv_l"": 39.1085, ""feat_secs"": 0.006853, ""feat_secs_frame"": 0.00021, ""feat_secs_hsf"": 0.006591}"
ct,"ct:n=32,L=1,t=48,nn=1",1,"{""n"": 32.0, ""L"": 1.0, ""t"": 48.0, ""nn"": 1.0}",tableau,na,,0.0047,1851392,,,0.5000000000000001,,"TooLarge { what: ""tableau (non-Clifford circuit)"", bytes: 0, limit: 0 }","{""n"": 32, ""gates"": 138, ""g2"": 16, ""g3"": 0, ""depth2"": 1, ""t_count"": 48, ""rotations"": 48, ""d"": 20, ""dense_l"": 22.1252, ""redundant"": 28, ""obs_zero"": false, ""frame_l"": 19.585, ""chi_bits"": 1, ""mps_l"": 7.9658, ""hsf_k"": 0, ""hsf_na"": 16, ""hsf_nb"": 16, ""hsf_l"": 32.003, ""sup"": 28, ""chi_bits0"": 1, ""mps_l0"": 7.9658, ""hsf_keff"": 0, ""hsf_l0"": 32.003, ""sparse_l"": 35.1085, ""sv_l"": 39.1085, ""feat_secs"": 0.006853, ""feat_secs_frame"": 0.00021, ""feat_secs_hsf"": 0.006591}"
ct,"ct:n=32,L=1,t=48,nn=1",1,"{""n"": 32.0, ""L"": 1.0, ""t"": 48.0, ""nn"": 1.0}",cstate,ok,0.00961,0.0167,19218432,0.500000000000016,20,0.5000000000000001,1.587618925213974e-14,,"{""n"": 32, ""gates"": 138, ""g2"": 16, ""g3"": 0, ""depth2"": 1, ""t_count"": 48, ""rotations"": 48, ""d"": 20, ""dense_l"": 22.1252, ""redundant"": 28, ""obs_zero"": false, ""frame_l"": 19.585, ""chi_bits"": 1, ""mps_l"": 7.9658, ""hsf_k"": 0, ""hsf_na"": 16, ""hsf_nb"": 16, ""hsf_l"": 32.003, ""sup"": 28, ""chi_bits0"": 1, ""mps_l0"": 7.9658, ""hsf_keff"": 0, ""hsf_l0"": 32.003, ""sparse_l"": 35.1085, ""sv_l"": 39.1085, ""feat_secs"": 0.006853, ""feat_secs_frame"": 0.00021, ""feat_secs_hsf"": 0.006591}"
ct,"ct:n=32,L=1,t=48,nn=1",1,"{""n"": 32.0, ""L"": 1.0, ""t"": 48.0, ""nn"": 1.0}",frame,ok,0.001042,0.0074,2539520,0.5000000000000001,1,0.5000000000000001,0.0,switched_at=None dense_qubits=0 peak_terms=1 term_visits=48 dense_ops=0,"{""n"": 32, ""gates"": 138, ""g2"": 16, ""g3"": 0, ""depth2"": 1, ""t_count"": 48, ""rotations"": 48, ""d"": 20, ""dense_l"": 22.1252, ""redundant"": 28, ""obs_zero"": false, ""frame_l"": 19.585, ""chi_bits"": 1, ""mps_l"": 7.9658, ""hsf_k"": 0, ""hsf_na"": 16, ""hsf_nb"": 16, ""hsf_l"": 32.003, ""sup"": 28, ""chi_bits0"": 1, ""mps_l0"": 7.9658, ""hsf_keff"": 0, ""hsf_l0"": 32.003, ""sparse_l"": 35.1085, ""sv_l"": 39.1085, ""feat_secs"": 0.006853, ""feat_secs_frame"": 0.00021, ""feat_secs_hsf"": 0.006591}"
ct,"ct:n=32,L=1,t=48,nn=1",1,"{""n"": 32.0, ""L"": 1.0, ""t"": 48.0, ""nn"": 1.0}",dense,ok,0.009719,0.0157,19365888,0.500000000000016,20,0.5000000000000001,1.587618925213974e-14,switched_at=Some(48) dense_qubits=20 peak_terms=1 term_visits=0 dense_ops=5622977,"{""n"": 32, ""gates"": 138, ""g2"": 16, ""g3"": 0, ""depth2"": 1, ""t_count"": 48, ""rotations"": 48, ""d"": 20, ""dense_l"": 22.1252, ""redundant"": 28, ""obs_zero"": false, ""frame_l"": 19.585, ""chi_bits"": 1, ""mps_l"": 7.9658, ""hsf_k"": 0, ""hsf_na"": 16, ""hsf_nb"": 16, ""hsf_l"": 32.003, ""sup"": 28, ""chi_bits0"": 1, ""mps_l0"": 7.9658, ""hsf_keff"": 0, ""hsf_l0"": 32.003, ""sparse_l"": 35.1085, ""sv_l"": 39.1085, ""feat_secs"": 0.006853, ""feat_secs_frame"": 0.00021, ""feat_secs_hsf"": 0.006591}"
ct,"ct:n=32,L=1,t=48,nn=1",1,"{""n"": 32.0, ""L"": 1.0, ""t"": 48.0, ""nn"": 1.0}",auto,ok,0.000531,0.0076,2572288,0.4999999999999999,4,0.5000000000000001,2.220446049250313e-16,switched_at=Some(14) dense_qubits=4 peak_terms=1 term_visits=34 dense_ops=145,"{""n"": 32, ""gates"": 138, ""g2"": 16, ""g3"": 0, ""depth2"": 1, ""t_count"": 48, ""rotations"": 48, ""d"": 20, ""dense_l"": 22.1252, ""redundant"": 28, ""obs_zero"": false, ""frame_l"": 19.585, ""chi_bits"": 1, ""mps_l"": 7.9658, ""hsf_k"": 0, ""hsf_na"": 16, ""hsf_nb"": 16, ""hsf_l"": 32.003, ""sup"": 28, ""chi_bits0"": 1, ""mps_l0"": 7.9658, ""hsf_keff"": 0, ""hsf_l0"": 32.003, ""sparse_l"": 35.1085, ""sv_l"": 39.1085, ""feat_secs"": 0.006853, ""feat_secs_frame"": 0.00021, ""feat_secs_hsf"": 0.006591}"
ct,"ct:n=32,L=1,t=64,nn=1",1,"{""n"": 32.0, ""L"": 1.0, ""t"": 64.0, ""nn"": 1.0}",sv,toolarge,,0.0043,1867776,,,-0.364276695296637,,"TooLarge { what: ""state vector"", bytes: 68719476736, limit: 1073741824 }","{""n"": 32, ""gates"": 178, ""g2"": 16, ""g3"": 0, ""depth2"": 1, ""t_count"": 64, ""rotations"": 64, ""d"": 25, ""dense_l"": 26.9864, ""redundant"": 39, ""obs_zero"": false, ""frame_l"": 25.5, ""chi_bits"": 1, ""mps_l"": 8.1799, ""hsf_k"": 0, ""hsf_na"": 16, ""hsf_nb"": 16, ""hsf_l"": 32.0039, ""sup"": 30, ""chi_bits0"": 1, ""mps_l0"": 8.1799, ""hsf_keff"": 0, ""hsf_l0"": 32.0039, ""sparse_l"": 37.4757, ""sv_l"": 39.4757, ""feat_secs"": 0.006474, ""feat_secs_frame"": 0.000269, ""feat_secs_hsf"": 0.006149}"
ct,"ct:n=32,L=1,t=64,nn=1",1,"{""n"": 32.0, ""L"": 1.0, ""t"": 64.0, ""nn"": 1.0}",sparse,toolarge,,6.4284,3361669120,,,-0.364276695296637,,"TooLarge { what: ""sparse state"", bytes: 1610612736, limit: 1073741824 }","{""n"": 32, ""gates"": 178, ""g2"": 16, ""g3"": 0, ""depth2"": 1, ""t_count"": 64, ""rotations"": 64, ""d"": 25, ""dense_l"": 26.9864, ""redundant"": 39, ""obs_zero"": false, ""frame_l"": 25.5, ""chi_bits"": 1, ""mps_l"": 8.1799, ""hsf_k"": 0, ""hsf_na"": 16, ""hsf_nb"": 16, ""hsf_l"": 32.0039, ""sup"": 30, ""chi_bits0"": 1, ""mps_l0"": 8.1799, ""hsf_keff"": 0, ""hsf_l0"": 32.0039, ""sparse_l"": 37.4757, ""sv_l"": 39.4757, ""feat_secs"": 0.006474, ""feat_secs_frame"": 0.000269, ""feat_secs_hsf"": 0.006149}"
ct,"ct:n=32,L=1,t=64,nn=1",1,"{""n"": 32.0, ""L"": 1.0, ""t"": 64.0, ""nn"": 1.0}",mps,ok,0.000152,0.0046,2326528,-0.3642766952966369,2,-0.364276695296637,5.551115123125783e-17,,"{""n"": 32, ""gates"": 178, ""g2"": 16, ""g3"": 0, ""depth2"": 1, ""t_count"": 64, ""rotations"": 64, ""d"": 25, ""dense_l"": 26.9864, ""redundant"": 39, ""obs_zero"": false, ""frame_l"": 25.5, ""chi_bits"": 1, ""mps_l"": 8.1799, ""hsf_k"": 0, ""hsf_na"": 16, ""hsf_nb"": 16, ""hsf_l"": 32.0039, ""sup"": 30, ""chi_bits0"": 1, ""mps_l0"": 8.1799, ""hsf_keff"": 0, ""hsf_l0"": 32.0039, ""sparse_l"": 37.4757, ""sv_l"": 39.4757, ""feat_secs"": 0.006474, ""feat_secs_frame"": 0.000269, ""feat_secs_hsf"": 0.006149}"
ct,"ct:n=32,L=1,t=64,nn=1",1,"{""n"": 32.0, ""L"": 1.0, ""t"": 64.0, ""nn"": 1.0}",hsf,toolarge,,0.0105,2228224,,,-0.364276695296637,,"TooLarge { what: ""hsf full output"", bytes: 68719476736, limit: 1073741824 }","{""n"": 32, ""gates"": 178, ""g2"": 16, ""g3"": 0, ""depth2"": 1, ""t_count"": 64, ""rotations"": 64, ""d"": 25, ""dense_l"": 26.9864, ""redundant"": 39, ""obs_zero"": false, ""frame_l"": 25.5, ""chi_bits"": 1, ""mps_l"": 8.1799, ""hsf_k"": 0, ""hsf_na"": 16, ""hsf_nb"": 16, ""hsf_l"": 32.0039, ""sup"": 30, ""chi_bits0"": 1, ""mps_l0"": 8.1799, ""hsf_keff"": 0, ""hsf_l0"": 32.0039, ""sparse_l"": 37.4757, ""sv_l"": 39.4757, ""feat_secs"": 0.006474, ""feat_secs_frame"": 0.000269, ""feat_secs_hsf"": 0.006149}"
ct,"ct:n=32,L=1,t=64,nn=1",1,"{""n"": 32.0, ""L"": 1.0, ""t"": 64.0, ""nn"": 1.0}",tableau,na,,0.0048,1867776,,,-0.364276695296637,,"TooLarge { what: ""tableau (non-Clifford circuit)"", bytes: 0, limit: 0 }","{""n"": 32, ""gates"": 178, ""g2"": 16, ""g3"": 0, ""depth2"": 1, ""t_count"": 64, ""rotations"": 64, ""d"": 25, ""dense_l"": 26.9864, ""redundant"": 39, ""obs_zero"": false, ""frame_l"": 25.5, ""chi_bits"": 1, ""mps_l"": 8.1799, ""hsf_k"": 0, ""hsf_na"": 16, ""hsf_nb"": 16, ""hsf_l"": 32.0039, ""sup"": 30, ""chi_bits0"": 1, ""mps_l0"": 8.1799, ""hsf_keff"": 0, ""hsf_l0"": 32.0039, ""sparse_l"": 37.4757, ""sv_l"": 39.4757, ""feat_secs"": 0.006474, ""feat_secs_frame"": 0.000269, ""feat_secs_hsf"": 0.006149}"
ct,"ct:n=32,L=1,t=64,nn=1",1,"{""n"": 32.0, ""L"": 1.0, ""t"": 64.0, ""nn"": 1.0}",cstate,ok,0.25708,0.2625,539656192,-0.3642766952969709,25,-0.364276695296637,3.3389957465601583e-13,,"{""n"": 32, ""gates"": 178, ""g2"": 16, ""g3"": 0, ""depth2"": 1, ""t_count"": 64, ""rotations"": 64, ""d"": 25, ""dense_l"": 26.9864, ""redundant"": 39, ""obs_zero"": false, ""frame_l"": 25.5, ""chi_bits"": 1, ""mps_l"": 8.1799, ""hsf_k"": 0, ""hsf_na"": 16, ""hsf_nb"": 16, ""hsf_l"": 32.0039, ""sup"": 30, ""chi_bits0"": 1, ""mps_l0"": 8.1799, ""hsf_keff"": 0, ""hsf_l0"": 32.0039, ""sparse_l"": 37.4757, ""sv_l"": 39.4757, ""feat_secs"": 0.006474, ""feat_secs_frame"": 0.000269, ""feat_secs_hsf"": 0.006149}"
ct,"ct:n=32,L=1,t=64,nn=1",1,"{""n"": 32.0, ""L"": 1.0, ""t"": 64.0, ""nn"": 1.0}",frame,ok,0.001256,0.0074,2572288,-0.364276695296637,3,-0.364276695296637,0.0,switched_at=None dense_qubits=0 peak_terms=3 term_visits=70 dense_ops=0,"{""n"": 32, ""gates"": 178, ""g2"": 16, ""g3"": 0, ""depth2"": 1, ""t_count"": 64, ""rotations"": 64, ""d"": 25, ""dense_l"": 26.9864, ""redundant"": 39, ""obs_zero"": false, ""frame_l"": 25.5, ""chi_bits"": 1, ""mps_l"": 8.1799, ""hsf_k"": 0, ""hsf_na"": 16, ""hsf_nb"": 16, ""hsf_l"": 32.0039, ""sup"": 30, ""chi_bits0"": 1, ""mps_l0"": 8.1799, ""hsf_keff"": 0, ""hsf_l0"": 32.0039, ""sparse_l"": 37.4757, ""sv_l"": 39.4757, ""feat_secs"": 0.006474, ""feat_secs_frame"": 0.000269, ""feat_secs_hsf"": 0.006149}"
ct,"ct:n=32,L=1,t=64,nn=1",1,"{""n"": 32.0, ""L"": 1.0, ""t"": 64.0, ""nn"": 1.0}",dense,ok,0.262593,0.2668,539836416,-0.3642766952969709,25,-0.364276695296637,3.3389957465601583e-13,switched_at=Some(64) dense_qubits=25 peak_terms=1 term_visits=0 dense_ops=166516960,"{""n"": 32, ""gates"": 178, ""g2"": 16, ""g3"": 0, ""depth2"": 1, ""t_count"": 64, ""rotations"": 64, ""d"": 25, ""dense_l"": 26.9864, ""redundant"": 39, ""obs_zero"": false, ""frame_l"": 25.5, ""chi_bits"": 1, ""mps_l"": 8.1799, ""hsf_k"": 0, ""hsf_na"": 16, ""hsf_nb"": 16, ""hsf_l"": 32.0039, ""sup"": 30, ""chi_bits0"": 1, ""mps_l0"": 8.1799, ""hsf_keff"": 0, ""hsf_l0"": 32.0039, ""sparse_l"": 37.4757, ""sv_l"": 39.4757, ""feat_secs"": 0.006474, ""feat_secs_frame"": 0.000269, ""feat_secs_hsf"": 0.006149}"
ct,"ct:n=32,L=1,t=64,nn=1",1,"{""n"": 32.0, ""L"": 1.0, ""t"": 64.0, ""nn"": 1.0}",auto,ok,0.000681,0.0075,2555904,-0.3642766952966369,5,-0.364276695296637,5.551115123125783e-17,switched_at=Some(18) dense_qubits=5 peak_terms=3 term_visits=52 dense_ops=320,"{""n"": 32, ""gates"": 178, ""g2"": 16, ""g3"": 0, ""depth2"": 1, ""t_count"": 64, ""rotations"": 64, ""d"": 25, ""dense_l"": 26.9864, ""redundant"": 39, ""obs_zero"": false, ""frame_l"": 25.5, ""chi_bits"": 1, ""mps_l"": 8.1799, ""hsf_k"": 0, ""hsf_na"": 16, ""hsf_nb"": 16, ""hsf_l"": 32.0039, ""sup"": 30, ""chi_bits0"": 1, ""mps_l0"": 8.1799, ""hsf_keff"": 0, ""hsf_l0"": 32.0039, ""sparse_l"": 37.4757, ""sv_l"": 39.4757, ""feat_secs"": 0.006474, ""feat_secs_frame"": 0.000269, ""feat_secs_hsf"": 0.006149}"
ct,"ct:n=32,L=2,t=0,nn=1",1,"{""n"": 32.0, ""L"": 2.0, ""t"": 0.0, ""nn"": 1.0}",sv,toolarge,,0.0045,1818624,,,-0.0,,"TooLarge { what: ""state vector"", bytes: 68719476736, limit: 1073741824 }","{""n"": 32, ""gates"": 97, ""g2"": 31, ""g3"": 0, ""depth2"": 2, ""t_count"": 0, ""rotations"": 0, ""d"": 0, ""dense_l"": 0.0, ""redundant"": 0, ""obs_zero"": true, ""frame_l"": 6.5999, ""chi_bits"": 1, ""mps_l"": 8.7004, ""hsf_k"": 1, ""hsf_na"": 16, ""hsf_nb"": 16, ""hsf_l"": 33.0021, ""sup"": 28, ""chi_bits0"": 1, ""mps_l0"": 8.7004, ""hsf_keff"": 1, ""hsf_l0"": 33.0021, ""sparse_l"": 34.5999, ""sv_l"": 38.5999, ""feat_secs"": 0.016579, ""feat_secs_frame"": 0.000194, ""feat_secs_hsf"": 0.016346}"
ct,"ct:n=32,L=2,t=0,nn=1",1,"{""n"": 32.0, ""L"": 2.0, ""t"": 0.0, ""nn"": 1.0}",sparse,toolarge,,6.9310,3360866304,,,-0.0,,"TooLarge { what: ""sparse state"", bytes: 1610612736, limit: 1073741824 }","{""n"": 32, ""gates"": 97, ""g2"": 31, ""g3"": 0, ""depth2"": 2, ""t_count"": 0, ""rotations"": 0, ""d"": 0, ""dense_l"": 0.0, ""redundant"": 0, ""obs_zero"": true, ""frame_l"": 6.5999, ""chi_bits"": 1, ""mps_l"": 8.7004, ""hsf_k"": 1, ""hsf_na"": 16, ""hsf_nb"": 16, ""hsf_l"": 33.0021, ""sup"": 28, ""chi_bits0"": 1, ""mps_l0"": 8.7004, ""hsf_keff"": 1, ""hsf_l0"": 33.0021, ""sparse_l"": 34.5999, ""sv_l"": 38.5999, ""feat_secs"": 0.016579, ""feat_secs_frame"": 0.000194, ""feat_secs_hsf"": 0.016346}"
ct,"ct:n=32,L=2,t=0,nn=1",1,"{""n"": 32.0, ""L"": 2.0, ""t"": 0.0, ""nn"": 1.0}",mps,ok,0.000257,0.0045,2539520,-3.885780586188048e-16,2,-0.0,3.885780586188048e-16,,"{""n"": 32, ""gates"": 97, ""g2"": 31, ""g3"": 0, ""depth2"": 2, ""t_count"": 0, ""rotations"": 0, ""d"": 0, ""dense_l"": 0.0, ""redundant"": 0, ""obs_zero"": true, ""frame_l"": 6.5999, ""chi_bits"": 1, ""mps_l"": 8.7004, ""hsf_k"": 1, ""hsf_na"": 16, ""hsf_nb"": 16, ""hsf_l"": 33.0021, ""sup"": 28, ""chi_bits0"": 1, ""mps_l0"": 8.7004, ""hsf_keff"": 1, ""hsf_l0"": 33.0021, ""sparse_l"": 34.5999, ""sv_l"": 38.5999, ""feat_secs"": 0.016579, ""feat_secs_frame"": 0.000194, ""feat_secs_hsf"": 0.016346}"
ct,"ct:n=32,L=2,t=0,nn=1",1,"{""n"": 32.0, ""L"": 2.0, ""t"": 0.0, ""nn"": 1.0}",hsf,skipped,,,,,,-0.0,,,"{""n"": 32, ""gates"": 97, ""g2"": 31, ""g3"": 0, ""depth2"": 2, ""t_count"": 0, ""rotations"": 0, ""d"": 0, ""dense_l"": 0.0, ""redundant"": 0, ""obs_zero"": true, ""frame_l"": 6.5999, ""chi_bits"": 1, ""mps_l"": 8.7004, ""hsf_k"": 1, ""hsf_na"": 16, ""hsf_nb"": 16, ""hsf_l"": 33.0021, ""sup"": 28, ""chi_bits0"": 1, ""mps_l0"": 8.7004, ""hsf_keff"": 1, ""hsf_l0"": 33.0021, ""sparse_l"": 34.5999, ""sv_l"": 38.5999, ""feat_secs"": 0.016579, ""feat_secs_frame"": 0.000194, ""feat_secs_hsf"": 0.016346}"
ct,"ct:n=32,L=2,t=0,nn=1",1,"{""n"": 32.0, ""L"": 2.0, ""t"": 0.0, ""nn"": 1.0}",tableau,ok,4.1e-05,0.0043,1998848,-0.0,0,-0.0,0.0,value recomputed after the C-vs-C† fix (timing from the original run),"{""n"": 32, ""gates"": 97, ""g2"": 31, ""g3"": 0, ""depth2"": 2, ""t_count"": 0, ""rotations"": 0, ""d"": 0, ""dense_l"": 0.0, ""redundant"": 0, ""obs_zero"": true, ""frame_l"": 6.5999, ""chi_bits"": 1, ""mps_l"": 8.7004, ""hsf_k"": 1, ""hsf_na"": 16, ""hsf_nb"": 16, ""hsf_l"": 33.0021, ""sup"": 28, ""chi_bits0"": 1, ""mps_l0"": 8.7004, ""hsf_keff"": 1, ""hsf_l0"": 33.0021, ""sparse_l"": 34.5999, ""sv_l"": 38.5999, ""feat_secs"": 0.016579, ""feat_secs_frame"": 0.000194, ""feat_secs_hsf"": 0.016346}"
ct,"ct:n=32,L=2,t=0,nn=1",1,"{""n"": 32.0, ""L"": 2.0, ""t"": 0.0, ""nn"": 1.0}",cstate,ok,9.3e-05,0.0068,1966080,0.0,0,-0.0,0.0,,"{""n"": 32, ""gates"": 97, ""g2"": 31, ""g3"": 0, ""depth2"": 2, ""t_count"": 0, ""rotations"": 0, ""d"": 0, ""dense_l"": 0.0, ""redundant"": 0, ""obs_zero"": true, ""frame_l"": 6.5999, ""chi_bits"": 1, ""mps_l"": 8.7004, ""hsf_k"": 1, ""hsf_na"": 16, ""hsf_nb"": 16, ""hsf_l"": 33.0021, ""sup"": 28, ""chi_bits0"": 1, ""mps_l0"": 8.7004, ""hsf_keff"": 1, ""hsf_l0"": 33.0021, ""sparse_l"": 34.5999, ""sv_l"": 38.5999, ""feat_secs"": 0.016579, ""feat_secs_frame"": 0.000194, ""feat_secs_hsf"": 0.016346}"
ct,"ct:n=32,L=2,t=0,nn=1",1,"{""n"": 32.0, ""L"": 2.0, ""t"": 0.0, ""nn"": 1.0}",frame,ok,0.000106,0.0043,2146304,-0.0,0,-0.0,0.0,switched_at=None dense_qubits=0 peak_terms=0 term_visits=0 dense_ops=0,"{""n"": 32, ""gates"": 97, ""g2"": 31, ""g3"": 0, ""depth2"": 2, ""t_count"": 0, ""rotations"": 0, ""d"": 0, ""dense_l"": 0.0, ""redundant"": 0, ""obs_zero"": true, ""frame_l"": 6.5999, ""chi_bits"": 1, ""mps_l"": 8.7004, ""hsf_k"": 1, ""hsf_na"": 16, ""hsf_nb"": 16, ""hsf_l"": 33.0021, ""sup"": 28, ""chi_bits0"": 1, ""mps_l0"": 8.7004, ""hsf_keff"": 1, ""hsf_l0"": 33.0021, ""sparse_l"": 34.5999, ""sv_l"": 38.5999, ""feat_secs"": 0.016579, ""feat_secs_frame"": 0.000194, ""feat_secs_hsf"": 0.016346}"
ct,"ct:n=32,L=2,t=0,nn=1",1,"{""n"": 32.0, ""L"": 2.0, ""t"": 0.0, ""nn"": 1.0}",dense,ok,0.000111,0.0043,2146304,-0.0,0,-0.0,0.0,switched_at=None dense_qubits=0 peak_terms=0 term_visits=0 dense_ops=0,"{""n"": 32, ""gates"": 97, ""g2"": 31, ""g3"": 0, ""depth2"": 2, ""t_count"": 0, ""rotations"": 0, ""d"": 0, ""dense_l"": 0.0, ""redundant"": 0, ""obs_zero"": true, ""frame_l"": 6.5999, ""chi_bits"": 1, ""mps_l"": 8.7004, ""hsf_k"": 1, ""hsf_na"": 16, ""hsf_nb"": 16, ""hsf_l"": 33.0021, ""sup"": 28, ""chi_bits0"": 1, ""mps_l0"": 8.7004, ""hsf_keff"": 1, ""hsf_l0"": 33.0021, ""sparse_l"": 34.5999, ""sv_l"": 38.5999, ""feat_secs"": 0.016579, ""feat_secs_frame"": 0.000194, ""feat_secs_hsf"": 0.016346}"
ct,"ct:n=32,L=2,t=0,nn=1",1,"{""n"": 32.0, ""L"": 2.0, ""t"": 0.0, ""nn"": 1.0}",auto,ok,0.000106,0.0036,2146304,-0.0,0,-0.0,0.0,switched_at=None dense_qubits=0 peak_terms=0 term_visits=0 dense_ops=0,"{""n"": 32, ""gates"": 97, ""g2"": 31, ""g3"": 0, ""depth2"": 2, ""t_count"": 0, ""rotations"": 0, ""d"": 0, ""dense_l"": 0.0, ""redundant"": 0, ""obs_zero"": true, ""frame_l"": 6.5999, ""chi_bits"": 1, ""mps_l"": 8.7004, ""hsf_k"": 1, ""hsf_na"": 16, ""hsf_nb"": 16, ""hsf_l"": 33.0021, ""sup"": 28, ""chi_bits0"": 1, ""mps_l0"": 8.7004, ""hsf_keff"": 1, ""hsf_l0"": 33.0021, ""sparse_l"": 34.5999, ""sv_l"": 38.5999, ""feat_secs"": 0.016579, ""feat_secs_frame"": 0.000194, ""feat_secs_hsf"": 0.016346}"
ct,"ct:n=32,L=2,t=4,nn=1",1,"{""n"": 32.0, ""L"": 2.0, ""t"": 4.0, ""nn"": 1.0}",sv,toolarge,,0.0044,1835008,,,-0.0,,"TooLarge { what: ""state vector"", bytes: 68719476736, limit: 1073741824 }","{""n"": 32, ""gates"": 100, ""g2"": 31, ""g3"": 0, ""depth2"": 2, ""t_count"": 4, ""rotations"": 4, ""d"": 3, ""dense_l"": 4.4594, ""redundant"": 1, ""obs_zero"": true, ""frame_l"": 6.6439, ""chi_bits"": 1, ""mps_l"": 8.7715, ""hsf_k"": 1, ""hsf_na"": 16, ""hsf_nb"": 16, ""hsf_l"": 33.0022, ""sup"": 27, ""chi_bits0"": 1, ""mps_l0"": 8.7715, ""hsf_keff"": 1, ""hsf_l0"": 33.0022, ""sparse_l"": 33.6439, ""sv_l"": 38.6439, ""feat_secs"": 0.015157, ""feat_secs_frame"": 0.000125, ""feat_secs_hsf"": 0.014993}"
ct,"ct:n=32,L=2,t=4,nn=1",1,"{""n"": 32.0, ""L"": 2.0, ""t"": 4.0, ""nn"": 1.0}",sparse,toolarge,,9.8271,3356884992,,,-0.0,,"TooLarge { what: ""sparse state"", bytes: 1610612736, limit: 1073741824 }","{""n"": 32, ""gates"": 100, ""g2"": 31, ""g3"": 0, ""depth2"": 2, ""t_count"": 4, ""rotations"": 4, ""d"": 3, ""dense_l"": 4.4594, ""redundant"": 1, ""obs_zero"": true, ""frame_l"": 6.6439, ""chi_bits"": 1, ""mps_l"": 8.7715, ""hsf_k"": 1, ""hsf_na"": 16, ""hsf_nb"": 16, ""hsf_l"": 33.0022, ""sup"": 27, ""chi_bits0"": 1, ""mps_l0"": 8.7715, ""hsf_keff"": 1, ""hsf_l0"": 33.0022, ""sparse_l"": 33.6439, ""sv_l"": 38.6439, ""feat_secs"": 0.015157, ""feat_secs_frame"": 0.000125, ""feat_secs_hsf"": 0.014993}"
ct,"ct:n=32,L=2,t=4,nn=1",1,"{""n"": 32.0, ""L"": 2.0, ""t"": 4.0, ""nn"": 1.0}",mps,ok,0.000253,0.0084,2523136,-3.885780586188046e-16,2,-0.0,3.885780586188046e-16,,"{""n"": 32, ""gates"": 100, ""g2"": 31, ""g3"": 0, ""depth2"": 2, ""t_count"": 4, ""rotations"": 4, ""d"": 3, ""dense_l"": 4.4594, ""redundant"": 1, ""obs_zero"": true, ""frame_l"": 6.6439, ""chi_bits"": 1, ""mps_l"": 8.7715, ""hsf_k"": 1, ""hsf_na"": 16, ""hsf_nb"": 16, ""hsf_l"": 33.0022, ""sup"": 27, ""chi_bits0"": 1, ""mps_l0"": 8.7715, ""hsf_keff"": 1, ""hsf_l0"": 33.0022, ""sparse_l"": 33.6439, ""sv_l"": 38.6439, ""feat_secs"": 0.015157, ""feat_secs_frame"": 0.000125, ""feat_secs_hsf"": 0.014993}"
ct,"ct:n=32,L=2,t=4,nn=1",1,"{""n"": 32.0, ""L"": 2.0, ""t"": 4.0, ""nn"": 1.0}",hsf,skipped,,,,,,-0.0,,,"{""n"": 32, ""gates"": 100, ""g2"": 31, ""g3"": 0, ""depth2"": 2, ""t_count"": 4, ""rotations"": 4, ""d"": 3, ""dense_l"": 4.4594, ""redundant"": 1, ""obs_zero"": true, ""frame_l"": 6.6439, ""chi_bits"": 1, ""mps_l"": 8.7715, ""hsf_k"": 1, ""hsf_na"": 16, ""hsf_nb"": 16, ""hsf_l"": 33.0022, ""sup"": 27, ""chi_bits0"": 1, ""mps_l0"": 8.7715, ""hsf_keff"": 1, ""hsf_l0"": 33.0022, ""sparse_l"": 33.6439, ""sv_l"": 38.6439, ""feat_secs"": 0.015157, ""feat_secs_frame"": 0.000125, ""feat_secs_hsf"": 0.014993}"
ct,"ct:n=32,L=2,t=4,nn=1",1,"{""n"": 32.0, ""L"": 2.0, ""t"": 4.0, ""nn"": 1.0}",tableau,na,,0.0043,1835008,,,-0.0,,"TooLarge { what: ""tableau (non-Clifford circuit)"", bytes: 0, limit: 0 }","{""n"": 32, ""gates"": 100, ""g2"": 31, ""g3"": 0, ""depth2"": 2, ""t_count"": 4, ""rotations"": 4, ""d"": 3, ""dense_l"": 4.4594, ""redundant"": 1, ""obs_zero"": true, ""frame_l"": 6.6439, ""chi_bits"": 1, ""mps_l"": 8.7715, ""hsf_k"": 1, ""hsf_na"": 16, ""hsf_nb"": 16, ""hsf_l"": 33.0022, ""sup"": 27, ""chi_bits0"": 1, ""mps_l0"": 8.7715, ""hsf_keff"": 1, ""hsf_l0"": 33.0022, ""sparse_l"": 33.6439, ""sv_l"": 38.6439, ""feat_secs"": 0.015157, ""feat_secs_frame"": 0.000125, ""feat_secs_hsf"": 0.014993}"
ct,"ct:n=32,L=2,t=4,nn=1",1,"{""n"": 32.0, ""L"": 2.0, ""t"": 4.0, ""nn"": 1.0}",cstate,ok,0.000101,0.0043,1966080,0.0,3,-0.0,0.0,,"{""n"": 32, ""gates"": 100, ""g2"": 31, ""g3"": 0, ""depth2"": 2, ""t_count"": 4, ""rotations"": 4, ""d"": 3, ""dense_l"": 4.4594, ""redundant"": 1, ""obs_zero"": true, ""frame_l"": 6.6439, ""chi_bits"": 1, ""mps_l"": 8.7715, ""hsf_k"": 1, ""hsf_na"": 16, ""hsf_nb"": 16, ""hsf_l"": 33.0022, ""sup"": 27, ""chi_bits0"": 1, ""mps_l0"": 8.7715, ""hsf_keff"": 1, ""hsf_l0"": 33.0022, ""sparse_l"": 33.6439, ""sv_l"": 38.6439, ""feat_secs"": 0.015157, ""feat_secs_frame"": 0.000125, ""feat_secs_hsf"": 0.014993}"
ct,"ct:n=32,L=2,t=4,nn=1",1,"{""n"": 32.0, ""L"": 2.0, ""t"": 4.0, ""nn"": 1.0}",frame,ok,0.000126,0.0067,2162688,-0.0,0,-0.0,0.0,switched_at=None dense_qubits=0 peak_terms=0 term_visits=0 dense_ops=0,"{""n"": 32, ""gates"": 100, ""g2"": 31, ""g3"": 0, ""depth2"": 2, ""t_count"": 4, ""rotations"": 4, ""d"": 3, ""dense_l"": 4.4594, ""redundant"": 1, ""obs_zero"": true, ""frame_l"": 6.6439, ""chi_bits"": 1, ""mps_l"": 8.7715, ""hsf_k"": 1, ""hsf_na"": 16, ""hsf_nb"": 16, ""hsf_l"": 33.0022, ""sup"": 27, ""chi_bits0"": 1, ""mps_l0"": 8.7715, ""hsf_keff"": 1, ""hsf_l0"": 33.0022, ""sparse_l"": 33.6439, ""sv_l"": 38.6439, ""feat_secs"": 0.015157, ""feat_secs_frame"": 0.000125, ""feat_secs_hsf"": 0.014993}"
ct,"ct:n=32,L=2,t=4,nn=1",1,"{""n"": 32.0, ""L"": 2.0, ""t"": 4.0, ""nn"": 1.0}",dense,ok,0.000119,0.0042,2179072,0.0,3,-0.0,0.0,switched_at=Some(4) dense_qubits=3 peak_terms=0 term_visits=0 dense_ops=22,"{""n"": 32, ""gates"": 100, ""g2"": 31, ""g3"": 0, ""depth2"": 2, ""t_count"": 4, ""rotations"": 4, ""d"": 3, ""dense_l"": 4.4594, ""redundant"": 1, ""obs_zero"": true, ""frame_l"": 6.6439, ""chi_bits"": 1, ""mps_l"": 8.7715, ""hsf_k"": 1, ""hsf_na"": 16, ""hsf_nb"": 16, ""hsf_l"": 33.0022, ""sup"": 27, ""chi_bits0"": 1, ""mps_l0"": 8.7715, ""hsf_keff"": 1, ""hsf_l0"": 33.0022, ""sparse_l"": 33.6439, ""sv_l"": 38.6439, ""feat_secs"": 0.015157, ""feat_secs_frame"": 0.000125, ""feat_secs_hsf"": 0.014993}"
ct,"ct:n=32,L=2,t=4,nn=1",1,"{""n"": 32.0, ""L"": 2.0, ""t"": 4.0, ""nn"": 1.0}",auto,ok,0.000115,0.0043,2179072,0.0,3,-0.0,0.0,switched_at=Some(4) dense_qubits=3 peak_terms=0 term_visits=0 dense_ops=22,"{""n"": 32, ""gates"": 100, ""g2"": 31, ""g3"": 0, ""depth2"": 2, ""t_count"": 4, ""rotations"": 4, ""d"": 3, ""dense_l"": 4.4594, ""redundant"": 1, ""obs_zero"": true, ""frame_l"": 6.6439, ""chi_bits"": 1, ""mps_l"": 8.7715, ""hsf_k"": 1, ""hsf_na"": 16, ""hsf_nb"": 16, ""hsf_l"": 33.0022, ""sup"": 27, ""chi_bits0"": 1, ""mps_l0"": 8.7715, ""hsf_keff"": 1, ""hsf_l0"": 33.0022, ""sparse_l"": 33.6439, ""sv_l"": 38.6439, ""feat_secs"": 0.015157, ""feat_secs_frame"": 0.000125, ""feat_secs_hsf"": 0.014993}"
ct,"ct:n=32,L=2,t=8,nn=1",1,"{""n"": 32.0, ""L"": 2.0, ""t"": 8.0, ""nn"": 1.0}",sv,toolarge,,0.0049,1835008,,,-0.0,,"TooLarge { what: ""state vector"", bytes: 68719476736, limit: 1073741824 }","{""n"": 32, ""gates"": 110, ""g2"": 31, ""g3"": 0, ""depth2"": 2, ""t_count"": 8, ""rotations"": 8, ""d"": 4, ""dense_l"": 5.9773, ""redundant"": 4, ""obs_zero"": true, ""frame_l"": 6.7814, ""chi_bits"": 1, ""mps_l"": 8.7944, ""hsf_k"": 1, ""hsf_na"": 16, ""hsf_nb"": 16, ""hsf_l"": 33.0024, ""sup"": 28, ""chi_bits0"": 1, ""mps_l0"": 8.7944, ""hsf_keff"": 1, ""hsf_l0"": 33.0024, ""sparse_l"": 34.7814, ""sv_l"": 38.7814, ""feat_secs"": 0.013599, ""feat_secs_frame"": 0.00015, ""feat_secs_hsf"": 0.013408}"
ct,"ct:n=32,L=2,t=8,nn=1",1,"{""n"": 32.0, ""L"": 2.0, ""t"": 8.0, ""nn"": 1.0}",sparse,toolarge,,2.9199,2521645056,,,-0.0,,"TooLarge { what: ""sparse state"", bytes: 1610612736, limit: 1073741824 }","{""n"": 32, ""gates"": 110, ""g2"": 31, ""g3"": 0, ""depth2"": 2, ""t_count"": 8, ""rotations"": 8, ""d"": 4, ""dense_l"": 5.9773, ""redundant"": 4, ""obs_zero"": true, ""frame_l"": 6.7814, ""chi_bits"": 1, ""mps_l"": 8.7944, ""hsf_k"": 1, ""hsf_na"": 16, ""hsf_nb"": 16, ""hsf_l"": 33.0024, ""sup"": 28, ""chi_bits0"": 1, ""mps_l0"": 8.7944, ""hsf_keff"": 1, ""hsf_l0"": 33.0024, ""sparse_l"": 34.7814, ""sv_l"": 38.7814, ""feat_secs"": 0.013599, ""feat_secs_frame"": 0.00015, ""feat_secs_hsf"": 0.013408}"
ct,"ct:n=32,L=2,t=8,nn=1",1,"{""n"": 32.0, ""L"": 2.0, ""t"": 8.0, ""nn"": 1.0}",mps,ok,0.000245,0.0046,2490368,-1.368662507164724e-16,2,-0.0,1.368662507164724e-16,,"{""n"": 32, ""gates"": 110, ""g2"": 31, ""g3"": 0, ""depth2"": 2, ""t_count"": 8, ""rotations"": 8, ""d"": 4, ""dense_l"": 5.9773, ""redundant"": 4, ""obs_zero"": true, ""frame_l"": 6.7814, ""chi_bits"": 1, ""mps_l"": 8.7944, ""hsf_k"": 1, ""hsf_na"": 16, ""hsf_nb"": 16, ""hsf_l"": 33.0024, ""sup"": 28, ""chi_bits0"": 1, ""mps_l0"": 8.7944, ""hsf_keff"": 1, ""hsf_l0"": 33.0024, ""sparse_l"": 34.7814, ""sv_l"": 38.7814, ""feat_secs"": 0.013599, ""feat_secs_frame"": 0.00015, ""feat_secs_hsf"": 0.013408}"
ct,"ct:n=32,L=2,t=8,nn=1",1,"{""n"": 32.0, ""L"": 2.0, ""t"": 8.0, ""nn"": 1.0}",hsf,skipped,,,,,,-0.0,,,"{""n"": 32, ""gates"": 110, ""g2"": 31, ""g3"": 0, ""depth2"": 2, ""t_count"": 8, ""rotations"": 8, ""d"": 4, ""dense_l"": 5.9773, ""redundant"": 4, ""obs_zero"": true, ""frame_l"": 6.7814, ""chi_bits"": 1, ""mps_l"": 8.7944, ""hsf_k"": 1, ""hsf_na"": 16, ""hsf_nb"": 16, ""hsf_l"": 33.0024, ""sup"": 28, ""chi_bits0"": 1, ""mps_l0"": 8.7944, ""hsf_keff"": 1, ""hsf_l0"": 33.0024, ""sparse_l"": 34.7814, ""sv_l"": 38.7814, ""feat_secs"": 0.013599, ""feat_secs_frame"": 0.00015, ""feat_secs_hsf"": 0.013408}"
ct,"ct:n=32,L=2,t=8,nn=1",1,"{""n"": 32.0, ""L"": 2.0, ""t"": 8.0, ""nn"": 1.0}",tableau,na,,0.0050,1835008,,,-0.0,,"TooLarge { what: ""tableau (non-Clifford circuit)"", bytes: 0, limit: 0 }","{""n"": 32, ""gates"": 110, ""g2"": 31, ""g3"": 0, ""depth2"": 2, ""t_count"": 8, ""rotations"": 8, ""d"": 4, ""dense_l"": 5.9773, ""redundant"": 4, ""obs_zero"": true, ""frame_l"": 6.7814, ""chi_bits"": 1, ""mps_l"": 8.7944, ""hsf_k"": 1, ""hsf_na"": 16, ""hsf_nb"": 16, ""hsf_l"": 33.0024, ""sup"": 28, ""chi_bits0"": 1, ""mps_l0"": 8.7944, ""hsf_keff"": 1, ""hsf_l0"": 33.0024, ""sparse_l"": 34.7814, ""sv_l"": 38.7814, ""feat_secs"": 0.013599, ""feat_secs_frame"": 0.00015, ""feat_secs_hsf"": 0.013408}"
ct,"ct:n=32,L=2,t=8,nn=1",1,"{""n"": 32.0, ""L"": 2.0, ""t"": 8.0, ""nn"": 1.0}",cstate,ok,9.9e-05,0.0045,1966080,0.0,4,-0.0,0.0,,"{""n"": 32, ""gates"": 110, ""g2"": 31, ""g3"": 0, ""depth2"": 2, ""t_count"": 8, ""rotations"": 8, ""d"": 4, ""dense_l"": 5.9773, ""redundant"": 4, ""obs_zero"": true, ""frame_l"": 6.7814, ""chi_bits"": 1, ""mps_l"": 8.7944, ""hsf_k"": 1, ""hsf_na"": 16, ""hsf_nb"": 16, ""hsf_l"": 33.0024, ""sup"": 28, ""chi_bits0"": 1, ""mps_l0"": 8.7944, ""hsf_keff"": 1, ""hsf_l0"": 33.0024, ""sparse_l"": 34.7814, ""sv_l"": 38.7814, ""feat_secs"": 0.013599, ""feat_secs_frame"": 0.00015, ""feat_secs_hsf"": 0.013408}"
ct,"ct:n=32,L=2,t=8,nn=1",1,"{""n"": 32.0, ""L"": 2.0, ""t"": 8.0, ""nn"": 1.0}",frame,ok,0.000261,0.0061,2473984,-0.0,0,-0.0,0.0,switched_at=None dense_qubits=0 peak_terms=0 term_visits=0 dense_ops=0,"{""n"": 32, ""gates"": 110, ""g2"": 31, ""g3"": 0, ""depth2"": 2, ""t_count"": 8, ""rotations"": 8, ""d"": 4, ""dense_l"": 5.9773, ""redundant"": 4, ""obs_zero"": true, ""frame_l"": 6.7814, ""chi_bits"": 1, ""mps_l"": 8.7944, ""hsf_k"": 1, ""hsf_na"": 16, ""hsf_nb"": 16, ""hsf_l"": 33.0024, ""sup"": 28, ""chi_bits0"": 1, ""mps_l0"": 8.7944, ""hsf_keff"": 1, ""hsf_l0"": 33.0024, ""sparse_l"": 34.7814, ""sv_l"": 38.7814, ""feat_secs"": 0.013599, ""feat_secs_frame"": 0.00015, ""feat_secs_hsf"": 0.013408}"
ct,"ct:n=32,L=2,t=8,nn=1",1,"{""n"": 32.0, ""L"": 2.0, ""t"": 8.0, ""nn"": 1.0}",dense,ok,0.000124,0.0042,2179072,0.0,4,-0.0,0.0,switched_at=Some(8) dense_qubits=4 peak_terms=0 term_visits=0 dense_ops=63,"{""n"": 32, ""gates"": 110, ""g2"": 31, ""g3"": 0, ""depth2"": 2, ""t_count"": 8, ""rotations"": 8, ""d"": 4, ""dense_l"": 5.9773, ""redundant"": 4, ""obs_zero"": true, ""frame_l"": 6.7814, ""chi_bits"": 1, ""mps_l"": 8.7944, ""hsf_k"": 1, ""hsf_na"": 16, ""hsf_nb"": 16, ""hsf_l"": 33.0024, ""sup"": 28, ""chi_bits0"": 1, ""mps_l0"": 8.7944, ""hsf_keff"": 1, ""hsf_l0"": 33.0024, ""sparse_l"": 34.7814, ""sv_l"": 38.7814, ""feat_secs"": 0.013599, ""feat_secs_frame"": 0.00015, ""feat_secs_hsf"": 0.013408}"
ct,"ct:n=32,L=2,t=8,nn=1",1,"{""n"": 32.0, ""L"": 2.0, ""t"": 8.0, ""nn"": 1.0}",auto,ok,0.000126,0.0047,2179072,0.0,4,-0.0,0.0,switched_at=Some(8) dense_qubits=4 peak_terms=0 term_visits=0 dense_ops=63,"{""n"": 32, ""gates"": 110, ""g2"": 31, ""g3"": 0, ""depth2"": 2, ""t_count"": 8, ""rotations"": 8, ""d"": 4, ""dense_l"": 5.9773, ""redundant"": 4, ""obs_zero"": true, ""frame_l"": 6.7814, ""chi_bits"": 1, ""mps_l"": 8.7944, ""hsf_k"": 1, ""hsf_na"": 16, ""hsf_nb"": 16, ""hsf_l"": 33.0024, ""sup"": 28, ""chi_bits0"": 1, ""mps_l0"": 8.7944, ""hsf_keff"": 1, ""hsf_l0"": 33.0024, ""sparse_l"": 34.7814, ""sv_l"": 38.7814, ""feat_secs"": 0.013599, ""feat_secs_frame"": 0.00015, ""feat_secs_hsf"": 0.013408}"
ct,"ct:n=32,L=2,t=16,nn=1",1,"{""n"": 32.0, ""L"": 2.0, ""t"": 16.0, ""nn"": 1.0}",sv,toolarge,,0.0046,1835008,,,-0.7071067811865475,,"TooLarge { what: ""state vector"", bytes: 68719476736, limit: 1073741824 }","{""n"": 32, ""gates"": 126, ""g2"": 31, ""g3"": 0, ""depth2"": 2, ""t_count"": 16, ""rotations"": 16, ""d"": 7, ""dense_l"": 9.0901, ""redundant"": 9, ""obs_zero"": false, ""frame_l"": 8.5, ""chi_bits"": 1, ""mps_l"": 8.9715, ""hsf_k"": 1, ""hsf_na"": 16, ""hsf_nb"": 16, ""hsf_l"": 33.0028, ""sup"": 32, ""chi_bits0"": 1, ""mps_l0"": 8.9715, ""hsf_keff"": 1, ""hsf_l0"": 33.0028, ""sparse_l"": 38.9773, ""sv_l"": 38.9773, ""feat_secs"": 0.015657, ""feat_secs_frame"": 0.000156, ""feat_secs_hsf"": 0.015459}"
ct,"ct:n=32,L=2,t=16,nn=1",1,"{""n"": 32.0, ""L"": 2.0, ""t"": 16.0, ""nn"": 1.0}",sparse,skipped,,,,,,-0.7071067811865475,,,"{""n"": 32, ""gates"": 126, ""g2"": 31, ""g3"": 0, ""depth2"": 2, ""t_count"": 16, ""rotations"": 16, ""d"": 7, ""dense_l"": 9.0901, ""redundant"": 9, ""obs_zero"": false, ""frame_l"": 8.5, ""chi_bits"": 1, ""mps_l"": 8.9715, ""hsf_k"": 1, ""hsf_na"": 16, ""hsf_nb"": 16, ""hsf_l"": 33.0028, ""sup"": 32, ""chi_bits0"": 1, ""mps_l0"": 8.9715, ""hsf_keff"": 1, ""hsf_l0"": 33.0028, ""sparse_l"": 38.9773, ""sv_l"": 38.9773, ""feat_secs"": 0.015657, ""feat_secs_frame"": 0.000156, ""feat_secs_hsf"": 0.015459}"
ct,"ct:n=32,L=2,t=16,nn=1",1,"{""n"": 32.0, ""L"": 2.0, ""t"": 16.0, ""nn"": 1.0}",mps,ok,0.000273,0.0069,2539520,-0.7071067811865475,2,-0.7071067811865475,0.0,,"{""n"": 32, ""gates"": 126, ""g2"": 31, ""g3"": 0, ""depth2"": 2, ""t_count"": 16, ""rotations"": 16, ""d"": 7, ""dense_l"": 9.0901, ""redundant"": 9, ""obs_zero"": false, ""frame_l"": 8.5, ""chi_bits"": 1, ""mps_l"": 8.9715, ""hsf_k"": 1, ""hsf_na"": 16, ""hsf_nb"": 16, ""hsf_l"": 33.0028, ""sup"": 32, ""chi_bits0"": 1, ""mps_l0"": 8.9715, ""hsf_keff"": 1, ""hsf_l0"": 33.0028, ""sparse_l"": 38.9773, ""sv_l"": 38.9773, ""feat_secs"": 0.015657, ""feat_secs_frame"": 0.000156, ""feat_secs_hsf"": 0.015459}"
ct,"ct:n=32,L=2,t=16,nn=1",1,"{""n"": 32.0, ""L"": 2.0, ""t"": 16.0, ""nn"": 1.0}",hsf,skipped,,,,,,-0.7071067811865475,,,"{""n"": 32, ""gates"": 126, ""g2"": 31, ""g3"": 0, ""depth2"": 2, ""t_count"": 16, ""rotations"": 16, ""d"": 7, ""dense_l"": 9.0901, ""redundant"": 9, ""obs_zero"": false, ""frame_l"": 8.5, ""chi_bits"": 1, ""mps_l"": 8.9715, ""hsf_k"": 1, ""hsf_na"": 16, ""hsf_nb"": 16, ""hsf_l"": 33.0028, ""sup"": 32, ""chi_bits0"": 1, ""mps_l0"": 8.9715, ""hsf_keff"": 1, ""hsf_l0"": 33.0028, ""sparse_l"": 38.9773, ""sv_l"": 38.9773, ""feat_secs"": 0.015657, ""feat_secs_frame"": 0.000156, ""feat_secs_hsf"": 0.015459}"
ct,"ct:n=32,L=2,t=16,nn=1",1,"{""n"": 32.0, ""L"": 2.0, ""t"": 16.0, ""nn"": 1.0}",tableau,na,,0.0063,1835008,,,-0.7071067811865475,,"TooLarge { what: ""tableau (non-Clifford circuit)"", bytes: 0, limit: 0 }","{""n"": 32, ""gates"": 126, ""g2"": 31, ""g3"": 0, ""depth2"": 2, ""t_count"": 16, ""rotations"": 16, ""d"": 7, ""dense_l"": 9.0901, ""redundant"": 9, ""obs_zero"": false, ""frame_l"": 8.5, ""chi_bits"": 1, ""mps_l"": 8.9715, ""hsf_k"": 1, ""hsf_na"": 16, ""hsf_nb"": 16, ""hsf_l"": 33.0028, ""sup"": 32, ""chi_bits0"": 1, ""mps_l0"": 8.9715, ""hsf_keff"": 1, ""hsf_l0"": 33.0028, ""sparse_l"": 38.9773, ""sv_l"": 38.9773, ""feat_secs"": 0.015657, ""feat_secs_frame"": 0.000156, ""feat_secs_hsf"": 0.015459}"
ct,"ct:n=32,L=2,t=16,nn=1",1,"{""n"": 32.0, ""L"": 2.0, ""t"": 16.0, ""nn"": 1.0}",cstate,ok,0.000104,0.0045,1966080,-0.7071067811865481,7,-0.7071067811865475,6.661338147750939e-16,,"{""n"": 32, ""gates"": 126, ""g2"": 31, ""g3"": 0, ""depth2"": 2, ""t_count"": 16, ""rotations"": 16, ""d"": 7, ""dense_l"": 9.0901, ""redundant"": 9, ""obs_zero"": false, ""frame_l"": 8.5, ""chi_bits"": 1, ""mps_l"": 8.9715, ""hsf_k"": 1, ""hsf_na"": 16, ""hsf_nb"": 16, ""hsf_l"": 33.0028, ""sup"": 32, ""chi_bits0"": 1, ""mps_l0"": 8.9715, ""hsf_keff"": 1, ""hsf_l0"": 33.0028, ""sparse_l"": 38.9773, ""sv_l"": 38.9773, ""feat_secs"": 0.015657, ""feat_secs_frame"": 0.000156, ""feat_secs_hsf"": 0.015459}"
ct,"ct:n=32,L=2,t=16,nn=1",1,"{""n"": 32.0, ""L"": 2.0, ""t"": 16.0, ""nn"": 1.0}",frame,ok,0.000458,0.0048,2523136,-0.7071067811865475,1,-0.7071067811865475,0.0,switched_at=None dense_qubits=0 peak_terms=1 term_visits=15 dense_ops=0,"{""n"": 32, ""gates"": 126, ""g2"": 31, ""g3"": 0, ""depth2"": 2, ""t_count"": 16, ""rotations"": 16, ""d"": 7, ""dense_l"": 9.0901, ""redundant"": 9, ""obs_zero"": false, ""frame_l"": 8.5, ""chi_bits"": 1, ""mps_l"": 8.9715, ""hsf_k"": 1, ""hsf_na"": 16, ""hsf_nb"": 16, ""hsf_l"": 33.0028, ""sup"": 32, ""chi_bits0"": 1, ""mps_l0"": 8.9715, ""hsf_keff"": 1, ""hsf_l0"": 33.0028, ""sparse_l"": 38.9773, ""sv_l"": 38.9773, ""feat_secs"": 0.015657, ""feat_secs_frame"": 0.000156, ""feat_secs_hsf"": 0.015459}"
ct,"ct:n=32,L=2,t=16,nn=1",1,"{""n"": 32.0, ""L"": 2.0, ""t"": 16.0, ""nn"": 1.0}",dense,ok,0.000131,0.0048,2195456,-0.7071067811865482,7,-0.7071067811865475,7.771561172376096e-16,switched_at=Some(15) dense_qubits=7 peak_terms=1 term_visits=0 dense_ops=545,"{""n"": 32, ""gates"": 126, ""g2"": 31, ""g3"": 0, ""depth2"": 2, ""t_count"": 16, ""rotations"": 16, ""d"": 7, ""dense_l"": 9.0901, ""redundant"": 9, ""obs_zero"": false, ""frame_l"": 8.5, ""chi_bits"": 1, ""mps_l"": 8.9715, ""hsf_k"": 1, ""hsf_na"": 16, ""hsf_nb"": 16, ""hsf_l"": 33.0028, ""sup"": 32, ""chi_bits0"": 1, ""mps_l0"": 8.9715, ""hsf_keff"": 1, ""hsf_l0"": 33.0028, ""sparse_l"": 38.9773, ""sv_l"": 38.9773, ""feat_secs"": 0.015657, ""feat_secs_frame"": 0.000156, ""feat_secs_hsf"": 0.015459}"
ct,"ct:n=32,L=2,t=16,nn=1",1,"{""n"": 32.0, ""L"": 2.0, ""t"": 16.0, ""nn"": 1.0}",auto,ok,0.000287,0.0046,2506752,-0.707106781186547,4,-0.7071067811865475,4.440892098500626e-16,switched_at=Some(11) dense_qubits=4 peak_terms=1 term_visits=4 dense_ops=81,"{""n"": 32, ""gates"": 126, ""g2"": 31, ""g3"": 0, ""depth2"": 2, ""t_count"": 16, ""rotations"": 16, ""d"": 7, ""dense_l"": 9.0901, ""redundant"": 9, ""obs_zero"": false, ""frame_l"": 8.5, ""chi_bits"": 1, ""mps_l"": 8.9715, ""hsf_k"": 1, ""hsf_na"": 16, ""hsf_nb"": 16, ""hsf_l"": 33.0028, ""sup"": 32, ""chi_bits0"": 1, ""mps_l0"": 8.9715, ""hsf_keff"": 1, ""hsf_l0"": 33.0028, ""sparse_l"": 38.9773, ""sv_l"": 38.9773, ""feat_secs"": 0.015657, ""feat_secs_frame"": 0.000156, ""feat_secs_hsf"": 0.015459}"
ct,"ct:n=32,L=2,t=24,nn=1",1,"{""n"": 32.0, ""L"": 2.0, ""t"": 24.0, ""nn"": 1.0}",sv,toolarge,,0.0061,1851392,,,0.0,,"TooLarge { what: ""state vector"", bytes: 68719476736, limit: 1073741824 }","{""n"": 32, ""gates"": 142, ""g2"": 31, ""g3"": 0, ""depth2"": 2, ""t_count"": 24, ""rotations"": 24, ""d"": 15, ""dense_l"": 16.8659, ""redundant"": 9, ""obs_zero"": true, ""frame_l"": 7.1497, ""chi_bits"": 1, ""mps_l"": 9.0661, ""hsf_k"": 1, ""hsf_na"": 16, ""hsf_nb"": 16, ""hsf_l"": 33.0031, ""sup"": 32, ""chi_bits0"": 1, ""mps_l0"": 9.0661, ""hsf_keff"": 1, ""hsf_l0"": 33.0031, ""sparse_l"": 39.1497, ""sv_l"": 39.1497, ""feat_secs"": 0.015106, ""feat_secs_frame"": 0.000169, ""feat_secs_hsf"": 0.014887}"
ct,"ct:n=32,L=2,t=24,nn=1",1,"{""n"": 32.0, ""L"": 2.0, ""t"": 24.0, ""nn"": 1.0}",sparse,skipped,,,,,,0.0,,,"{""n"": 32, ""gates"": 142, ""g2"": 31, ""g3"": 0, ""depth2"": 2, ""t_count"": 24, ""rotations"": 24, ""d"": 15, ""dense_l"": 16.8659, ""redundant"": 9, ""obs_zero"": true, ""frame_l"": 7.1497, ""chi_bits"": 1, ""mps_l"": 9.0661, ""hsf_k"": 1, ""hsf_na"": 16, ""hsf_nb"": 16, ""hsf_l"": 33.0031, ""sup"": 32, ""chi_bits0"": 1, ""mps_l0"": 9.0661, ""hsf_keff"": 1, ""hsf_l0"": 33.0031, ""sparse_l"": 39.1497, ""sv_l"": 39.1497, ""feat_secs"": 0.015106, ""feat_secs_frame"": 0.000169, ""feat_secs_hsf"": 0.014887}"
ct,"ct:n=32,L=2,t=24,nn=1",1,"{""n"": 32.0, ""L"": 2.0, ""t"": 24.0, ""nn"": 1.0}",mps,ok,0.000252,0.0045,2506752,1.054219794323051e-81,2,0.0,1.054219794323051e-81,,"{""n"": 32, ""gates"": 142, ""g2"": 31, ""g3"": 0, ""depth2"": 2, ""t_count"": 24, ""rotations"": 24, ""d"": 15, ""dense_l"": 16.8659, ""redundant"": 9, ""obs_zero"": true, ""frame_l"": 7.1497, ""chi_bits"": 1, ""mps_l"": 9.0661, ""hsf_k"": 1, ""hsf_na"": 16, ""hsf_nb"": 16, ""hsf_l"": 33.0031, ""sup"": 32, ""chi_bits0"": 1, ""mps_l0"": 9.0661, ""hsf_keff"": 1, ""hsf_l0"": 33.0031, ""sparse_l"": 39.1497, ""sv_l"": 39.1497, ""feat_secs"": 0.015106, ""feat_secs_frame"": 0.000169, ""feat_secs_hsf"": 0.014887}"
ct,"ct:n=32,L=2,t=24,nn=1",1,"{""n"": 32.0, ""L"": 2.0, ""t"": 24.0, ""nn"": 1.0}",hsf,skipped,,,,,,0.0,,,"{""n"": 32, ""gates"": 142, ""g2"": 31, ""g3"": 0, ""depth2"": 2, ""t_count"": 24, ""rotations"": 24, ""d"": 15, ""dense_l"": 16.8659, ""redundant"": 9, ""obs_zero"": true, ""frame_l"": 7.1497, ""chi_bits"": 1, ""mps_l"": 9.0661, ""hsf_k"": 1, ""hsf_na"": 16, ""hsf_nb"": 16, ""hsf_l"": 33.0031, ""sup"": 32, ""chi_bits0"": 1, ""mps_l0"": 9.0661, ""hsf_keff"": 1, ""hsf_l0"": 33.0031, ""sparse_l"": 39.1497, ""sv_l"": 39.1497, ""feat_secs"": 0.015106, ""feat_secs_frame"": 0.000169, ""feat_secs_hsf"": 0.014887}"
ct,"ct:n=32,L=2,t=24,nn=1",1,"{""n"": 32.0, ""L"": 2.0, ""t"": 24.0, ""nn"": 1.0}",tableau,na,,0.0046,1867776,,,0.0,,"TooLarge { what: ""tableau (non-Clifford circuit)"", bytes: 0, limit: 0 }","{""n"": 32, ""gates"": 142, ""g2"": 31, ""g3"": 0, ""depth2"": 2, ""t_count"": 24, ""rotations"": 24, ""d"": 15, ""dense_l"": 16.8659, ""redundant"": 9, ""obs_zero"": true, ""frame_l"": 7.1497, ""chi_bits"": 1, ""mps_l"": 9.0661, ""hsf_k"": 1, ""hsf_na"": 16, ""hsf_nb"": 16, ""hsf_l"": 33.0031, ""sup"": 32, ""chi_bits0"": 1, ""mps_l0"": 9.0661, ""hsf_keff"": 1, ""hsf_l0"": 33.0031, ""sparse_l"": 39.1497, ""sv_l"": 39.1497, ""feat_secs"": 0.015106, ""feat_secs_frame"": 0.000169, ""feat_secs_hsf"": 0.014887}"
ct,"ct:n=32,L=2,t=24,nn=1",1,"{""n"": 32.0, ""L"": 2.0, ""t"": 24.0, ""nn"": 1.0}",cstate,ok,0.000454,0.0061,2899968,0.0,15,0.0,0.0,,"{""n"": 32, ""gates"": 142, ""g2"": 31, ""g3"": 0, ""depth2"": 2, ""t_count"": 24, ""rotations"": 24, ""d"": 15, ""dense_l"": 16.8659, ""redundant"": 9, ""obs_zero"": true, ""frame_l"": 7.1497, ""chi_bits"": 1, ""mps_l"": 9.0661, ""hsf_k"": 1, ""hsf_na"": 16, ""hsf_nb"": 16, ""hsf_l"": 33.0031, ""sup"": 32, ""chi_bits0"": 1, ""mps_l0"": 9.0661, ""hsf_keff"": 1, ""hsf_l0"": 33.0031, ""sparse_l"": 39.1497, ""sv_l"": 39.1497, ""feat_secs"": 0.015106, ""feat_secs_frame"": 0.000169, ""feat_secs_hsf"": 0.014887}"
ct,"ct:n=32,L=2,t=24,nn=1",1,"{""n"": 32.0, ""L"": 2.0, ""t"": 24.0, ""nn"": 1.0}",frame,ok,0.00013,0.0046,2179072,-0.0,0,0.0,0.0,switched_at=None dense_qubits=0 peak_terms=0 term_visits=0 dense_ops=0,"{""n"": 32, ""gates"": 142, ""g2"": 31, ""g3"": 0, ""depth2"": 2, ""t_count"": 24, ""rotations"": 24, ""d"": 15, ""dense_l"": 16.8659, ""redundant"": 9, ""obs_zero"": true, ""frame_l"": 7.1497, ""chi_bits"": 1, ""mps_l"": 9.0661, ""hsf_k"": 1, ""hsf_na"": 16, ""hsf_nb"": 16, ""hsf_l"": 33.0031, ""sup"": 32, ""chi_bits0"": 1, ""mps_l0"": 9.0661, ""hsf_keff"": 1, ""hsf_l0"": 33.0031, ""sparse_l"": 39.1497, ""sv_l"": 39.1497, ""feat_secs"": 0.015106, ""feat_secs_frame"": 0.000169, ""feat_secs_hsf"": 0.014887}"
ct,"ct:n=32,L=2,t=24,nn=1",1,"{""n"": 32.0, ""L"": 2.0, ""t"": 24.0, ""nn"": 1.0}",dense,ok,0.000446,0.0074,3063808,0.0,15,0.0,0.0,switched_at=Some(22) dense_qubits=15 peak_terms=0 term_visits=0 dense_ops=98958,"{""n"": 32, ""gates"": 142, ""g2"": 31, ""g3"": 0, ""depth2"": 2, ""t_count"": 24, ""rotations"": 24, ""d"": 15, ""dense_l"": 16.8659, ""redundant"": 9, ""obs_zero"": true, ""frame_l"": 7.1497, ""chi_bits"": 1, ""mps_l"": 9.0661, ""hsf_k"": 1, ""hsf_na"": 16, ""hsf_nb"": 16, ""hsf_l"": 33.0031, ""sup"": 32, ""chi_bits0"": 1, ""mps_l0"": 9.0661, ""hsf_keff"": 1, ""hsf_l0"": 33.0031, ""sparse_l"": 39.1497, ""sv_l"": 39.1497, ""feat_secs"": 0.015106, ""feat_secs_frame"": 0.000169, ""feat_secs_hsf"": 0.014887}"
ct,"ct:n=32,L=2,t=24,nn=1",1,"{""n"": 32.0, ""L"": 2.0, ""t"": 24.0, ""nn"": 1.0}",auto,ok,0.000128,0.0047,2179072,-0.0,0,0.0,0.0,switched_at=None dense_qubits=0 peak_terms=0 term_visits=0 dense_ops=0,"{""n"": 32, ""gates"": 142, ""g2"": 31, ""g3"": 0, ""depth2"": 2, ""t_count"": 24, ""rotations"": 24, ""d"": 15, ""dense_l"": 16.8659, ""redundant"": 9, ""obs_zero"": true, ""frame_l"": 7.1497, ""chi_bits"": 1, ""mps_l"": 9.0661, ""hsf_k"": 1, ""hsf_na"": 16, ""hsf_nb"": 16, ""hsf_l"": 33.0031, ""sup"": 32, ""chi_bits0"": 1, ""mps_l0"": 9.0661, ""hsf_keff"": 1, ""hsf_l0"": 33.0031, ""sparse_l"": 39.1497, ""sv_l"": 39.1497, ""feat_secs"": 0.015106, ""feat_secs_frame"": 0.000169, ""feat_secs_hsf"": 0.014887}"
ct,"ct:n=32,L=2,t=32,nn=1",1,"{""n"": 32.0, ""L"": 2.0, ""t"": 32.0, ""nn"": 1.0}",sv,toolarge,,0.0046,1851392,,,-0.0,,"TooLarge { what: ""state vector"", bytes: 68719476736, limit: 1073741824 }","{""n"": 32, ""gates"": 154, ""g2"": 31, ""g3"": 0, ""depth2"": 2, ""t_count"": 32, ""rotations"": 32, ""d"": 17, ""dense_l"": 18.7129, ""redundant"": 15, ""obs_zero"": true, ""frame_l"": 7.2668, ""chi_bits"": 1, ""mps_l"": 9.1599, ""hsf_k"": 1, ""hsf_na"": 16, ""hsf_nb"": 16, ""hsf_l"": 33.0034, ""sup"": 31, ""chi_bits0"": 1, ""mps_l0"": 9.1599, ""hsf_keff"": 1, ""hsf_l0"": 33.0034, ""sparse_l"": 38.2668, ""sv_l"": 39.2668, ""feat_secs"": 0.017358, ""feat_secs_frame"": 0.000225, ""feat_secs_hsf"": 0.017069}"
ct,"ct:n=32,L=2,t=32,nn=1",1,"{""n"": 32.0, ""L"": 2.0, ""t"": 32.0, ""nn"": 1.0}",sparse,skipped,,,,,,-0.0,,,"{""n"": 32, ""gates"": 154, ""g2"": 31, ""g3"": 0, ""depth2"": 2, ""t_count"": 32, ""rotations"": 32, ""d"": 17, ""dense_l"": 18.7129, ""redundant"": 15, ""obs_zero"": true, ""frame_l"": 7.2668, ""chi_bits"": 1, ""mps_l"": 9.1599, ""hsf_k"": 1, ""hsf_na"": 16, ""hsf_nb"": 16, ""hsf_l"": 33.0034, ""sup"": 31, ""chi_bits0"": 1, ""mps_l0"": 9.1599, ""hsf_keff"": 1, ""hsf_l0"": 33.0034, ""sparse_l"": 38.2668, ""sv_l"": 39.2668, ""feat_secs"": 0.017358, ""feat_secs_frame"": 0.000225, ""feat_secs_hsf"": 0.017069}"
ct,"ct:n=32,L=2,t=32,nn=1",1,"{""n"": 32.0, ""L"": 2.0, ""t"": 32.0, ""nn"": 1.0}",mps,ok,0.000259,0.0045,2523136,-3.967074785008865e-16,2,-0.0,3.967074785008865e-16,,"{""n"": 32, ""gates"": 154, ""g2"": 31, ""g3"": 0, ""depth2"": 2, ""t_count"": 32, ""rotations"": 32, ""d"": 17, ""dense_l"": 18.7129, ""redundant"": 15, ""obs_zero"": true, ""frame_l"": 7.2668, ""chi_bits"": 1, ""mps_l"": 9.1599, ""hsf_k"": 1, ""hsf_na"": 16, ""hsf_nb"": 16, ""hsf_l"": 33.0034, ""sup"": 31, ""chi_bits0"": 1, ""mps_l0"": 9.1599, ""hsf_keff"": 1, ""hsf_l0"": 33.0034, ""sparse_l"": 38.2668, ""sv_l"": 39.2668, ""feat_secs"": 0.017358, ""feat_secs_frame"": 0.000225, ""feat_secs_hsf"": 0.017069}"
ct,"ct:n=32,L=2,t=32,nn=1",1,"{""n"": 32.0, ""L"": 2.0, ""t"": 32.0, ""nn"": 1.0}",hsf,skipped,,,,,,-0.0,,,"{""n"": 32, ""gates"": 154, ""g2"": 31, ""g3"": 0, ""depth2"": 2, ""t_count"": 32, ""rotations"": 32, ""d"": 17, ""dense_l"": 18.7129, ""redundant"": 15, ""obs_zero"": true, ""frame_l"": 7.2668, ""chi_bits"": 1, ""mps_l"": 9.1599, ""hsf_k"": 1, ""hsf_na"": 16, ""hsf_nb"": 16, ""hsf_l"": 33.0034, ""sup"": 31, ""chi_bits0"": 1, ""mps_l0"": 9.1599, ""hsf_keff"": 1, ""hsf_l0"": 33.0034, ""sparse_l"": 38.2668, ""sv_l"": 39.2668, ""feat_secs"": 0.017358, ""feat_secs_frame"": 0.000225, ""feat_secs_hsf"": 0.017069}"
ct,"ct:n=32,L=2,t=32,nn=1",1,"{""n"": 32.0, ""L"": 2.0, ""t"": 32.0, ""nn"": 1.0}",tableau,na,,0.0047,1867776,,,-0.0,,"TooLarge { what: ""tableau (non-Clifford circuit)"", bytes: 0, limit: 0 }","{""n"": 32, ""gates"": 154, ""g2"": 31, ""g3"": 0, ""depth2"": 2, ""t_count"": 32, ""rotations"": 32, ""d"": 17, ""dense_l"": 18.7129, ""redundant"": 15, ""obs_zero"": true, ""frame_l"": 7.2668, ""chi_bits"": 1, ""mps_l"": 9.1599, ""hsf_k"": 1, ""hsf_na"": 16, ""hsf_nb"": 16, ""hsf_l"": 33.0034, ""sup"": 31, ""chi_bits0"": 1, ""mps_l0"": 9.1599, ""hsf_keff"": 1, ""hsf_l0"": 33.0034, ""sparse_l"": 38.2668, ""sv_l"": 39.2668, ""feat_secs"": 0.017358, ""feat_secs_frame"": 0.000225, ""feat_secs_hsf"": 0.017069}"
ct,"ct:n=32,L=2,t=32,nn=1",1,"{""n"": 32.0, ""L"": 2.0, ""t"": 32.0, ""nn"": 1.0}",cstate,ok,0.001032,0.0065,4456448,0.0,17,-0.0,0.0,,"{""n"": 32, ""gates"": 154, ""g2"": 31, ""g3"": 0, ""depth2"": 2, ""t_count"": 32, ""rotations"": 32, ""d"": 17, ""dense_l"": 18.7129, ""redundant"": 15, ""obs_zero"": true, ""frame_l"": 7.2668, ""chi_bits"": 1, ""mps_l"": 9.1599, ""hsf_k"": 1, ""hsf_na"": 16, ""hsf_nb"": 16, ""hsf_l"": 33.0034, ""sup"": 31, ""chi_bits0"": 1, ""mps_l0"": 9.1599, ""hsf_keff"": 1, ""hsf_l0"": 33.0034, ""sparse_l"": 38.2668, ""sv_l"": 39.2668, ""feat_secs"": 0.017358, ""feat_secs_frame"": 0.000225, ""feat_secs_hsf"": 0.017069}"
ct,"ct:n=32,L=2,t=32,nn=1",1,"{""n"": 32.0, ""L"": 2.0, ""t"": 32.0, ""nn"": 1.0}",frame,ok,0.000256,0.0047,2457600,-0.0,0,-0.0,0.0,switched_at=None dense_qubits=0 peak_terms=0 term_visits=0 dense_ops=0,"{""n"": 32, ""gates"": 154, ""g2"": 31, ""g3"": 0, ""depth2"": 2, ""t_count"": 32, ""rotations"": 32, ""d"": 17, ""dense_l"": 18.7129, ""redundant"": 15, ""obs_zero"": true, ""frame_l"": 7.2668, ""chi_bits"": 1, ""mps_l"": 9.1599, ""hsf_k"": 1, ""hsf_na"": 16, ""hsf_nb"": 16, ""hsf_l"": 33.0034, ""sup"": 31, ""chi_bits0"": 1, ""mps_l0"": 9.1599, ""hsf_keff"": 1, ""hsf_l0"": 33.0034, ""sparse_l"": 38.2668, ""sv_l"": 39.2668, ""feat_secs"": 0.017358, ""feat_secs_frame"": 0.000225, ""feat_secs_hsf"": 0.017069}"
ct,"ct:n=32,L=2,t=32,nn=1",1,"{""n"": 32.0, ""L"": 2.0, ""t"": 32.0, ""nn"": 1.0}",dense,ok,0.000999,0.0069,4653056,0.0,17,-0.0,0.0,switched_at=Some(31) dense_qubits=17 peak_terms=0 term_visits=0 dense_ops=364134,"{""n"": 32, ""gates"": 154, ""g2"": 31, ""g3"": 0, ""depth2"": 2, ""t_count"": 32, ""rotations"": 32, ""d"": 17, ""dense_l"": 18.7129, ""redundant"": 15, ""obs_zero"": true, ""frame_l"": 7.2668, ""chi_bits"": 1, ""mps_l"": 9.1599, ""hsf_k"": 1, ""hsf_na"": 16, ""hsf_nb"": 16, ""hsf_l"": 33.0034, ""sup"": 31, ""chi_bits0"": 1, ""mps_l0"": 9.1599, ""hsf_keff"": 1, ""hsf_l0"": 33.0034, ""sparse_l"": 38.2668, ""sv_l"": 39.2668, ""feat_secs"": 0.017358, ""feat_secs_frame"": 0.000225, ""feat_secs_hsf"": 0.017069}"
ct,"ct:n=32,L=2,t=32,nn=1",1,"{""n"": 32.0, ""L"": 2.0, ""t"": 32.0, ""nn"": 1.0}",auto,ok,0.000261,0.0076,2457600,-0.0,0,-0.0,0.0,switched_at=None dense_qubits=0 peak_terms=0 term_visits=0 dense_ops=0,"{""n"": 32, ""gates"": 154, ""g2"": 31, ""g3"": 0, ""depth2"": 2, ""t_count"": 32, ""rotations"": 32, ""d"": 17, ""dense_l"": 18.7129, ""redundant"": 15, ""obs_zero"": true, ""frame_l"": 7.2668, ""chi_bits"": 1, ""mps_l"": 9.1599, ""hsf_k"": 1, ""hsf_na"": 16, ""hsf_nb"": 16, ""hsf_l"": 33.0034, ""sup"": 31, ""chi_bits0"": 1, ""mps_l0"": 9.1599, ""hsf_keff"": 1, ""hsf_l0"": 33.0034, ""sparse_l"": 38.2668, ""sv_l"": 39.2668, ""feat_secs"": 0.017358, ""feat_secs_frame"": 0.000225, ""feat_secs_hsf"": 0.017069}"
ct,"ct:n=32,L=2,t=48,nn=1",1,"{""n"": 32.0, ""L"": 2.0, ""t"": 48.0, ""nn"": 1.0}",sv,toolarge,,0.0042,1851392,,,1.0,,"TooLarge { what: ""state vector"", bytes: 68719476736, limit: 1073741824 }","{""n"": 32, ""gates"": 185, ""g2"": 31, ""g3"": 0, ""depth2"": 2, ""t_count"": 48, ""rotations"": 48, ""d"": 20, ""dense_l"": 23.2499, ""redundant"": 28, ""obs_zero"": false, ""frame_l"": 19.585, ""chi_bits"": 1, ""mps_l"": 9.3663, ""hsf_k"": 1, ""hsf_na"": 16, ""hsf_nb"": 16, ""hsf_l"": 33.0041, ""sup"": 32, ""chi_bits0"": 1, ""mps_l0"": 9.3663, ""hsf_keff"": 1, ""hsf_l0"": 33.0041, ""sparse_l"": 39.5314, ""sv_l"": 39.5314, ""feat_secs"": 0.014118, ""feat_secs_frame"": 0.000277, ""feat_secs_hsf"": 0.013782}"
ct,"ct:n=32,L=2,t=48,nn=1",1,"{""n"": 32.0, ""L"": 2.0, ""t"": 48.0, ""nn"": 1.0}",sparse,skipped,,,,,,1.0,,,"{""n"": 32, ""gates"": 185, ""g2"": 31, ""g3"": 0, ""depth2"": 2, ""t_count"": 48, ""rotations"": 48, ""d"": 20, ""dense_l"": 23.2499, ""redundant"": 28, ""obs_zero"": false, ""frame_l"": 19.585, ""chi_bits"": 1, ""mps_l"": 9.3663, ""hsf_k"": 1, ""hsf_na"": 16, ""hsf_nb"": 16, ""hsf_l"": 33.0041, ""sup"": 32, ""chi_bits0"": 1, ""mps_l0"": 9.3663, ""hsf_keff"": 1, ""hsf_l0"": 33.0041, ""sparse_l"": 39.5314, ""sv_l"": 39.5314, ""feat_secs"": 0.014118, ""feat_secs_frame"": 0.000277, ""feat_secs_hsf"": 0.013782}"
ct,"ct:n=32,L=2,t=48,nn=1",1,"{""n"": 32.0, ""L"": 2.0, ""t"": 48.0, ""nn"": 1.0}",mps,ok,0.000259,0.0045,2539520,1.0,2,1.0,0.0,,"{""n"": 32, ""gates"": 185, ""g2"": 31, ""g3"": 0, ""depth2"": 2, ""t_count"": 48, ""rotations"": 48, ""d"": 20, ""dense_l"": 23.2499, ""redundant"": 28, ""obs_zero"": false, ""frame_l"": 19.585, ""chi_bits"": 1, ""mps_l"": 9.3663, ""hsf_k"": 1, ""hsf_na"": 16, ""hsf_nb"": 16, ""hsf_l"": 33.0041, ""sup"": 32, ""chi_bits0"": 1, ""mps_l0"": 9.3663, ""hsf_keff"": 1, ""hsf_l0"": 33.0041, ""sparse_l"": 39.5314, ""sv_l"": 39.5314, ""feat_secs"": 0.014118, ""feat_secs_frame"": 0.000277, ""feat_secs_hsf"": 0.013782}"
ct,"ct:n=32,L=2,t=48,nn=1",1,"{""n"": 32.0, ""L"": 2.0, ""t"": 48.0, ""nn"": 1.0}",hsf,skipped,,,,,,1.0,,,"{""n"": 32, ""gates"": 185, ""g2"": 31, ""g3"": 0, ""depth2"": 2, ""t_count"": 48, ""rotations"": 48, ""d"": 20, ""dense_l"": 23.2499, ""redundant"": 28, ""obs_zero"": false, ""frame_l"": 19.585, ""chi_bits"": 1, ""mps_l"": 9.3663, ""hsf_k"": 1, ""hsf_na"": 16, ""hsf_nb"": 16, ""hsf_l"": 33.0041, ""sup"": 32, ""chi_bits0"": 1, ""mps_l0"": 9.3663, ""hsf_keff"": 1, ""hsf_l0"": 33.0041, ""sparse_l"": 39.5314, ""sv_l"": 39.5314, ""feat_secs"": 0.014118, ""feat_secs_frame"": 0.000277, ""feat_secs_hsf"": 0.013782}"
ct,"ct:n=32,L=2,t=48,nn=1",1,"{""n"": 32.0, ""L"": 2.0, ""t"": 48.0, ""nn"": 1.0}",tableau,na,,0.0041,1867776,,,1.0,,"TooLarge { what: ""tableau (non-Clifford circuit)"", bytes: 0, limit: 0 }","{""n"": 32, ""gates"": 185, ""g2"": 31, ""g3"": 0, ""depth2"": 2, ""t_count"": 48, ""rotations"": 48, ""d"": 20, ""dense_l"": 23.2499, ""redundant"": 28, ""obs_zero"": false, ""frame_l"": 19.585, ""chi_bits"": 1, ""mps_l"": 9.3663, ""hsf_k"": 1, ""hsf_na"": 16, ""hsf_nb"": 16, ""hsf_l"": 33.0041, ""sup"": 32, ""chi_bits0"": 1, ""mps_l0"": 9.3663, ""hsf_keff"": 1, ""hsf_l0"": 33.0041, ""sparse_l"": 39.5314, ""sv_l"": 39.5314, ""feat_secs"": 0.014118, ""feat_secs_frame"": 0.000277, ""feat_secs_hsf"": 0.013782}"
ct,"ct:n=32,L=2,t=48,nn=1",1,"{""n"": 32.0, ""L"": 2.0, ""t"": 48.0, ""nn"": 1.0}",cstate,ok,0.018055,0.0249,19415040,1.000000000000168,20,1.0,1.680877659282487e-13,,"{""n"": 32, ""gates"": 185, ""g2"": 31, ""g3"": 0, ""depth2"": 2, ""t_count"": 48, ""rotations"": 48, ""d"": 20, ""dense_l"": 23.2499, ""redundant"": 28, ""obs_zero"": false, ""frame_l"": 19.585, ""chi_bits"": 1, ""mps_l"": 9.3663, ""hsf_k"": 1, ""hsf_na"": 16, ""hsf_nb"": 16, ""hsf_l"": 33.0041, ""sup"": 32, ""chi_bits0"": 1, ""mps_l0"": 9.3663, ""hsf_keff"": 1, ""hsf_l0"": 33.0041, ""sparse_l"": 39.5314, ""sv_l"": 39.5314, ""feat_secs"": 0.014118, ""feat_secs_frame"": 0.000277, ""feat_secs_hsf"": 0.013782}"
ct,"ct:n=32,L=2,t=48,nn=1",1,"{""n"": 32.0, ""L"": 2.0, ""t"": 48.0, ""nn"": 1.0}",frame,ok,0.000717,0.0065,2555904,1.0,1,1.0,0.0,switched_at=None dense_qubits=0 peak_terms=1 term_visits=43 dense_ops=0,"{""n"": 32, ""gates"": 185, ""g2"": 31, ""g3"": 0, ""depth2"": 2, ""t_count"": 48, ""rotations"": 48, ""d"": 20, ""dense_l"": 23.2499, ""redundant"": 28, ""obs_zero"": false, ""frame_l"": 19.585, ""chi_bits"": 1, ""mps_l"": 9.3663, ""hsf_k"": 1, ""hsf_na"": 16, ""hsf_nb"": 16, ""hsf_l"": 33.0041, ""sup"": 32, ""chi_bits0"": 1, ""mps_l0"": 9.3663, ""hsf_keff"": 1, ""hsf_l0"": 33.0041, ""sparse_l"": 39.5314, ""sv_l"": 39.5314, ""feat_secs"": 0.014118, ""feat_secs_frame"": 0.000277, ""feat_secs_hsf"": 0.013782}"
ct,"ct:n=32,L=2,t=48,nn=1",1,"{""n"": 32.0, ""L"": 2.0, ""t"": 48.0, ""nn"": 1.0}",dense,ok,0.01534,0.0211,19546112,1.000000000000168,20,1.0,1.680877659282487e-13,switched_at=Some(43) dense_qubits=20 peak_terms=1 term_visits=0 dense_ops=8138986,"{""n"": 32, ""gates"": 185, ""g2"": 31, ""g3"": 0, ""depth2"": 2, ""t_count"": 48, ""rotations"": 48, ""d"": 20, ""dense_l"": 23.2499, ""redundant"": 28, ""obs_zero"": false, ""frame_l"": 19.585, ""chi_bits"": 1, ""mps_l"": 9.3663, ""hsf_k"": 1, ""hsf_na"": 16, ""hsf_nb"": 16, ""hsf_l"": 33.0041, ""sup"": 32, ""chi_bits0"": 1, ""mps_l0"": 9.3663, ""hsf_keff"": 1, ""hsf_l0"": 33.0041, ""sparse_l"": 39.5314, ""sv_l"": 39.5314, ""feat_secs"": 0.014118, ""feat_secs_frame"": 0.000277, ""feat_secs_hsf"": 0.013782}"
ct,"ct:n=32,L=2,t=48,nn=1",1,"{""n"": 32.0, ""L"": 2.0, ""t"": 48.0, ""nn"": 1.0}",auto,ok,0.000499,0.0075,2555904,0.9999999999999999,5,1.0,1.1102230246251565e-16,switched_at=Some(16) dense_qubits=5 peak_terms=1 term_visits=27 dense_ops=202,"{""n"": 32, ""gates"": 185, ""g2"": 31, ""g3"": 0, ""depth2"": 2, ""t_count"": 48, ""rotations"": 48, ""d"": 20, ""dense_l"": 23.2499, ""redundant"": 28, ""obs_zero"": false, ""frame_l"": 19.585, ""chi_bits"": 1, ""mps_l"": 9.3663, ""hsf_k"": 1, ""hsf_na"": 16, ""hsf_nb"": 16, ""hsf_l"": 33.0041, ""sup"": 32, ""chi_bits0"": 1, ""mps_l0"": 9.3663, ""hsf_keff"": 1, ""hsf_l0"": 33.0041, ""sparse_l"": 39.5314, ""sv_l"": 39.5314, ""feat_secs"": 0.014118, ""feat_secs_frame"": 0.000277, ""feat_secs_hsf"": 0.013782}"
ct,"ct:n=32,L=2,t=64,nn=1",1,"{""n"": 32.0, ""L"": 2.0, ""t"": 64.0, ""nn"": 1.0}",sv,toolarge,,0.0046,1851392,,,-0.0,,"TooLarge { what: ""state vector"", bytes: 68719476736, limit: 1073741824 }","{""n"": 32, ""gates"": 226, ""g2"": 31, ""g3"": 0, ""depth2"": 2, ""t_count"": 64, ""rotations"": 64, ""d"": 24, ""dense_l"": 27.0931, ""redundant"": 40, ""obs_zero"": false, ""frame_l"": 26.0, ""chi_bits"": 1, ""mps_l"": 9.5196, ""hsf_k"": 1, ""hsf_na"": 16, ""hsf_nb"": 16, ""hsf_l"": 33.005, ""sup"": 32, ""chi_bits0"": 1, ""mps_l0"": 9.5196, ""hsf_keff"": 1, ""hsf_l0"": 33.005, ""sparse_l"": 39.8202, ""sv_l"": 39.8202, ""feat_secs"": 0.018396, ""feat_secs_frame"": 0.000235, ""feat_secs_hsf"": 0.0181}"
ct,"ct:n=32,L=2,t=64,nn=1",1,"{""n"": 32.0, ""L"": 2.0, ""t"": 64.0, ""nn"": 1.0}",sparse,skipped,,,,,,-0.0,,,"{""n"": 32, ""gates"": 226, ""g2"": 31, ""g3"": 0, ""depth2"": 2, ""t_count"": 64, ""rotations"": 64, ""d"": 24, ""dense_l"": 27.0931, ""redundant"": 40, ""obs_zero"": false, ""frame_l"": 26.0, ""chi_bits"": 1, ""mps_l"": 9.5196, ""hsf_k"": 1, ""hsf_na"": 16, ""hsf_nb"": 16, ""hsf_l"": 33.005, ""sup"": 32, ""chi_bits0"": 1, ""mps_l0"": 9.5196, ""hsf_keff"": 1, ""hsf_l0"": 33.005, ""sparse_l"": 39.8202, ""sv_l"": 39.8202, ""feat_secs"": 0.018396, ""feat_secs_frame"": 0.000235, ""feat_secs_hsf"": 0.0181}"
ct,"ct:n=32,L=2,t=64,nn=1",1,"{""n"": 32.0, ""L"": 2.0, ""t"": 64.0, ""nn"": 1.0}",mps,ok,0.000277,0.0046,2523136,1.885185440014041e-16,2,-0.0,1.885185440014041e-16,,"{""n"": 32, ""gates"": 226, ""g2"": 31, ""g3"": 0, ""depth2"": 2, ""t_count"": 64, ""rotations"": 64, ""d"": 24, ""dense_l"": 27.0931, ""redundant"": 40, ""obs_zero"": false, ""frame_l"": 26.0, ""chi_bits"": 1, ""mps_l"": 9.5196, ""hsf_k"": 1, ""hsf_na"": 16, ""hsf_nb"": 16, ""hsf_l"": 33.005, ""sup"": 32, ""chi_bits0"": 1, ""mps_l0"": 9.5196, ""hsf_keff"": 1, ""hsf_l0"": 33.005, ""sparse_l"": 39.8202, ""sv_l"": 39.8202, ""feat_secs"": 0.018396, ""feat_secs_frame"": 0.000235, ""feat_secs_hsf"": 0.0181}"
ct,"ct:n=32,L=2,t=64,nn=1",1,"{""n"": 32.0, ""L"": 2.0, ""t"": 64.0, ""nn"": 1.0}",hsf,skipped,,,,,,-0.0,,,"{""n"": 32, ""gates"": 226, ""g2"": 31, ""g3"": 0, ""depth2"": 2, ""t_count"": 64, ""rotations"": 64, ""d"": 24, ""dense_l"": 27.0931, ""redundant"": 40, ""obs_zero"": false, ""frame_l"": 26.0, ""chi_bits"": 1, ""mps_l"": 9.5196, ""hsf_k"": 1, ""hsf_na"": 16, ""hsf_nb"": 16, ""hsf_l"": 33.005, ""sup"": 32, ""chi_bits0"": 1, ""mps_l0"": 9.5196, ""hsf_keff"": 1, ""hsf_l0"": 33.005, ""sparse_l"": 39.8202, ""sv_l"": 39.8202, ""feat_secs"": 0.018396, ""feat_secs_frame"": 0.000235, ""feat_secs_hsf"": 0.0181}"
ct,"ct:n=32,L=2,t=64,nn=1",1,"{""n"": 32.0, ""L"": 2.0, ""t"": 64.0, ""nn"": 1.0}",tableau,na,,0.0047,1851392,,,-0.0,,"TooLarge { what: ""tableau (non-Clifford circuit)"", bytes: 0, limit: 0 }","{""n"": 32, ""gates"": 226, ""g2"": 31, ""g3"": 0, ""depth2"": 2, ""t_count"": 64, ""rotations"": 64, ""d"": 24, ""dense_l"": 27.0931, ""redundant"": 40, ""obs_zero"": false, ""frame_l"": 26.0, ""chi_bits"": 1, ""mps_l"": 9.5196, ""hsf_k"": 1, ""hsf_na"": 16, ""hsf_nb"": 16, ""hsf_l"": 33.005, ""sup"": 32, ""chi_bits0"": 1, ""mps_l0"": 9.5196, ""hsf_keff"": 1, ""hsf_l0"": 33.005, ""sparse_l"": 39.8202, ""sv_l"": 39.8202, ""feat_secs"": 0.018396, ""feat_secs_frame"": 0.000235, ""feat_secs_hsf"": 0.0181}"
ct,"ct:n=32,L=2,t=64,nn=1",1,"{""n"": 32.0, ""L"": 2.0, ""t"": 64.0, ""nn"": 1.0}",cstate,ok,0.244392,0.2519,272367616,-2.701527753533452e-17,24,-0.0,2.701527753533452e-17,,"{""n"": 32, ""gates"": 226, ""g2"": 31, ""g3"": 0, ""depth2"": 2, ""t_count"": 64, ""rotations"": 64, ""d"": 24, ""dense_l"": 27.0931, ""redundant"": 40, ""obs_zero"": false, ""frame_l"": 26.0, ""chi_bits"": 1, ""mps_l"": 9.5196, ""hsf_k"": 1, ""hsf_na"": 16, ""hsf_nb"": 16, ""hsf_l"": 33.005, ""sup"": 32, ""chi_bits0"": 1, ""mps_l0"": 9.5196, ""hsf_keff"": 1, ""hsf_l0"": 33.005, ""sparse_l"": 39.8202, ""sv_l"": 39.8202, ""feat_secs"": 0.018396, ""feat_secs_frame"": 0.000235, ""feat_secs_hsf"": 0.0181}"
ct,"ct:n=32,L=2,t=64,nn=1",1,"{""n"": 32.0, ""L"": 2.0, ""t"": 64.0, ""nn"": 1.0}",frame,ok,0.000622,0.0069,2539520,-0.0,1,-0.0,0.0,switched_at=None dense_qubits=0 peak_terms=1 term_visits=40 dense_ops=0,"{""n"": 32, ""gates"": 226, ""g2"": 31, ""g3"": 0, ""depth2"": 2, ""t_count"": 64, ""rotations"": 64, ""d"": 24, ""dense_l"": 27.0931, ""redundant"": 40, ""obs_zero"": false, ""frame_l"": 26.0, ""chi_bits"": 1, ""mps_l"": 9.5196, ""hsf_k"": 1, ""hsf_na"": 16, ""hsf_nb"": 16, ""hsf_l"": 33.005, ""sup"": 32, ""chi_bits0"": 1, ""mps_l0"": 9.5196, ""hsf_keff"": 1, ""hsf_l0"": 33.005, ""sparse_l"": 39.8202, ""sv_l"": 39.8202, ""feat_secs"": 0.018396, ""feat_secs_frame"": 0.000235, ""feat_secs_hsf"": 0.0181}"
ct,"ct:n=32,L=2,t=64,nn=1",1,"{""n"": 32.0, ""L"": 2.0, ""t"": 64.0, ""nn"": 1.0}",dense,ok,0.196464,0.2031,272482304,1.279500287670384e-16,24,-0.0,1.279500287670384e-16,switched_at=Some(55) dense_qubits=24 peak_terms=1 term_visits=0 dense_ops=127431087,"{""n"": 32, ""gates"": 226, ""g2"": 31, ""g3"": 0, ""depth2"": 2, ""t_count"": 64, ""rotations"": 64, ""d"": 24, ""dense_l"": 27.0931, ""redundant"": 40, ""obs_zero"": false, ""frame_l"": 26.0, ""chi_bits"": 1, ""mps_l"": 9.5196, ""hsf_k"": 1, ""hsf_na"": 16, ""hsf_nb"": 16, ""hsf_l"": 33.005, ""sup"": 32, ""chi_bits0"": 1, ""mps_l0"": 9.5196, ""hsf_keff"": 1, ""hsf_l0"": 33.005, ""sparse_l"": 39.8202, ""sv_l"": 39.8202, ""feat_secs"": 0.018396, ""feat_secs_frame"": 0.000235, ""feat_secs_hsf"": 0.0181}"
ct,"ct:n=32,L=2,t=64,nn=1",1,"{""n"": 32.0, ""L"": 2.0, ""t"": 64.0, ""nn"": 1.0}",auto,ok,0.000787,0.0073,2555904,-0.0,0,-0.0,0.0,switched_at=None dense_qubits=0 peak_terms=1 term_visits=40 dense_ops=0,"{""n"": 32, ""gates"": 226, ""g2"": 31, ""g3"": 0, ""depth2"": 2, ""t_count"": 64, ""rotations"": 64, ""d"": 24, ""dense_l"": 27.0931, ""redundant"": 40, ""obs_zero"": false, ""frame_l"": 26.0, ""chi_bits"": 1, ""mps_l"": 9.5196, ""hsf_k"": 1, ""hsf_na"": 16, ""hsf_nb"": 16, ""hsf_l"": 33.005, ""sup"": 32, ""chi_bits0"": 1, ""mps_l0"": 9.5196, ""hsf_keff"": 1, ""hsf_l0"": 33.005, ""sparse_l"": 39.8202, ""sv_l"": 39.8202, ""feat_secs"": 0.018396, ""feat_secs_frame"": 0.000235, ""feat_secs_hsf"": 0.0181}"
ct,"ct:n=32,L=4,t=0,nn=1",1,"{""n"": 32.0, ""L"": 4.0, ""t"": 0.0, ""nn"": 1.0}",sv,toolarge,,0.0045,1851392,,,-0.0,,"TooLarge { what: ""state vector"", bytes: 68719476736, limit: 1073741824 }","{""n"": 32, ""gates"": 196, ""g2"": 62, ""g3"": 0, ""depth2"": 4, ""t_count"": 0, ""rotations"": 0, ""d"": 0, ""dense_l"": 0.0, ""redundant"": 0, ""obs_zero"": true, ""frame_l"": 7.6147, ""chi_bits"": 2, ""mps_l"": 11.5118, ""hsf_k"": 2, ""hsf_na"": 16, ""hsf_nb"": 16, ""hsf_l"": 34.0043, ""sup"": 32, ""chi_bits0"": 2, ""mps_l0"": 11.5118, ""hsf_keff"": 2, ""hsf_l0"": 34.0043, ""sparse_l"": 39.6147, ""sv_l"": 39.6147, ""feat_secs"": 0.016915, ""feat_secs_frame"": 0.000323, ""feat_secs_hsf"": 0.016507}"
ct,"ct:n=32,L=4,t=0,nn=1",1,"{""n"": 32.0, ""L"": 4.0, ""t"": 0.0, ""nn"": 1.0}",sparse,skipped,,,,,,-0.0,,,"{""n"": 32, ""gates"": 196, ""g2"": 62, ""g3"": 0, ""depth2"": 4, ""t_count"": 0, ""rotations"": 0, ""d"": 0, ""dense_l"": 0.0, ""redundant"": 0, ""obs_zero"": true, ""frame_l"": 7.6147, ""chi_bits"": 2, ""mps_l"": 11.5118, ""hsf_k"": 2, ""hsf_na"": 16, ""hsf_nb"": 16, ""hsf_l"": 34.0043, ""sup"": 32, ""chi_bits0"": 2, ""mps_l0"": 11.5118, ""hsf_keff"": 2, ""hsf_l0"": 34.0043, ""sparse_l"": 39.6147, ""sv_l"": 39.6147, ""feat_secs"": 0.016915, ""feat_secs_frame"": 0.000323, ""feat_secs_hsf"": 0.016507}"
ct,"ct:n=32,L=4,t=0,nn=1",1,"{""n"": 32.0, ""L"": 4.0, ""t"": 0.0, ""nn"": 1.0}",mps,ok,0.000499,0.0076,2703360,1.752719780365395e-16,4,-0.0,1.752719780365395e-16,,"{""n"": 32, ""gates"": 196, ""g2"": 62, ""g3"": 0, ""depth2"": 4, ""t_count"": 0, ""rotations"": 0, ""d"": 0, ""dense_l"": 0.0, ""redundant"": 0, ""obs_zero"": true, ""frame_l"": 7.6147, ""chi_bits"": 2, ""mps_l"": 11.5118, ""hsf_k"": 2, ""hsf_na"": 16, ""hsf_nb"": 16, ""hsf_l"": 34.0043, ""sup"": 32, ""chi_bits0"": 2, ""mps_l0"": 11.5118, ""hsf_keff"": 2, ""hsf_l0"": 34.0043, ""sparse_l"": 39.6147, ""sv_l"": 39.6147, ""feat_secs"": 0.016915, ""feat_secs_frame"": 0.000323, ""feat_secs_hsf"": 0.016507}"
ct,"ct:n=32,L=4,t=0,nn=1",1,"{""n"": 32.0, ""L"": 4.0, ""t"": 0.0, ""nn"": 1.0}",hsf,skipped,,,,,,-0.0,,,"{""n"": 32, ""gates"": 196, ""g2"": 62, ""g3"": 0, ""depth2"": 4, ""t_count"": 0, ""rotations"": 0, ""d"": 0, ""dense_l"": 0.0, ""redundant"": 0, ""obs_zero"": true, ""frame_l"": 7.6147, ""chi_bits"": 2, ""mps_l"": 11.5118, ""hsf_k"": 2, ""hsf_na"": 16, ""hsf_nb"": 16, ""hsf_l"": 34.0043, ""sup"": 32, ""chi_bits0"": 2, ""mps_l0"": 11.5118, ""hsf_keff"": 2, ""hsf_l0"": 34.0043, ""sparse_l"": 39.6147, ""sv_l"": 39.6147, ""feat_secs"": 0.016915, ""feat_secs_frame"": 0.000323, ""feat_secs_hsf"": 0.016507}"
ct,"ct:n=32,L=4,t=0,nn=1",1,"{""n"": 32.0, ""L"": 4.0, ""t"": 0.0, ""nn"": 1.0}",tableau,ok,7.2e-05,0.0046,2048000,-0.0,0,-0.0,0.0,value recomputed after the C-vs-C† fix (timing from the original run),"{""n"": 32, ""gates"": 196, ""g2"": 62, ""g3"": 0, ""depth2"": 4, ""t_count"": 0, ""rotations"": 0, ""d"": 0, ""dense_l"": 0.0, ""redundant"": 0, ""obs_zero"": true, ""frame_l"": 7.6147, ""chi_bits"": 2, ""mps_l"": 11.5118, ""hsf_k"": 2, ""hsf_na"": 16, ""hsf_nb"": 16, ""hsf_l"": 34.0043, ""sup"": 32, ""chi_bits0"": 2, ""mps_l0"": 11.5118, ""hsf_keff"": 2, ""hsf_l0"": 34.0043, ""sparse_l"": 39.6147, ""sv_l"": 39.6147, ""feat_secs"": 0.016915, ""feat_secs_frame"": 0.000323, ""feat_secs_hsf"": 0.016507}"
ct,"ct:n=32,L=4,t=0,nn=1",1,"{""n"": 32.0, ""L"": 4.0, ""t"": 0.0, ""nn"": 1.0}",cstate,ok,0.000143,0.0057,1998848,0.0,0,-0.0,0.0,,"{""n"": 32, ""gates"": 196, ""g2"": 62, ""g3"": 0, ""depth2"": 4, ""t_count"": 0, ""rotations"": 0, ""d"": 0, ""dense_l"": 0.0, ""redundant"": 0, ""obs_zero"": true, ""frame_l"": 7.6147, ""chi_bits"": 2, ""mps_l"": 11.5118, ""hsf_k"": 2, ""hsf_na"": 16, ""hsf_nb"": 16, ""hsf_l"": 34.0043, ""sup"": 32, ""chi_bits0"": 2, ""mps_l0"": 11.5118, ""hsf_keff"": 2, ""hsf_l0"": 34.0043, ""sparse_l"": 39.6147, ""sv_l"": 39.6147, ""feat_secs"": 0.016915, ""feat_secs_frame"": 0.000323, ""feat_secs_hsf"": 0.016507}"
ct,"ct:n=32,L=4,t=0,nn=1",1,"{""n"": 32.0, ""L"": 4.0, ""t"": 0.0, ""nn"": 1.0}",frame,ok,0.000155,0.0045,2162688,-0.0,0,-0.0,0.0,switched_at=None dense_qubits=0 peak_terms=0 term_visits=0 dense_ops=0,"{""n"": 32, ""gates"": 196, ""g2"": 62, ""g3"": 0, ""depth2"": 4, ""t_count"": 0, ""rotations"": 0, ""d"": 0, ""dense_l"": 0.0, ""redundant"": 0, ""obs_zero"": true, ""frame_l"": 7.6147, ""chi_bits"": 2, ""mps_l"": 11.5118, ""hsf_k"": 2, ""hsf_na"": 16, ""hsf_nb"": 16, ""hsf_l"": 34.0043, ""sup"": 32, ""chi_bits0"": 2, ""mps_l0"": 11.5118, ""hsf_keff"": 2, ""hsf_l0"": 34.0043, ""sparse_l"": 39.6147, ""sv_l"": 39.6147, ""feat_secs"": 0.016915, ""feat_secs_frame"": 0.000323, ""feat_secs_hsf"": 0.016507}"
ct,"ct:n=32,L=4,t=0,nn=1",1,"{""n"": 32.0, ""L"": 4.0, ""t"": 0.0, ""nn"": 1.0}",dense,ok,0.00016,0.0048,2179072,-0.0,0,-0.0,0.0,switched_at=None dense_qubits=0 peak_terms=0 term_visits=0 dense_ops=0,"{""n"": 32, ""gates"": 196, ""g2"": 62, ""g3"": 0, ""depth2"": 4, ""t_count"": 0, ""rotations"": 0, ""d"": 0, ""dense_l"": 0.0, ""redundant"": 0, ""obs_zero"": true, ""frame_l"": 7.6147, ""chi_bits"": 2, ""mps_l"": 11.5118, ""hsf_k"": 2, ""hsf_na"": 16, ""hsf_nb"": 16, ""hsf_l"": 34.0043, ""sup"": 32, ""chi_bits0"": 2, ""mps_l0"": 11.5118, ""hsf_keff"": 2, ""hsf_l0"": 34.0043, ""sparse_l"": 39.6147, ""sv_l"": 39.6147, ""feat_secs"": 0.016915, ""feat_secs_frame"": 0.000323, ""feat_secs_hsf"": 0.016507}"
ct,"ct:n=32,L=4,t=0,nn=1",1,"{""n"": 32.0, ""L"": 4.0, ""t"": 0.0, ""nn"": 1.0}",auto,ok,0.000159,0.0047,2162688,-0.0,0,-0.0,0.0,switched_at=None dense_qubits=0 peak_terms=0 term_visits=0 dense_ops=0,"{""n"": 32, ""gates"": 196, ""g2"": 62, ""g3"": 0, ""depth2"": 4, ""t_count"": 0, ""rotations"": 0, ""d"": 0, ""dense_l"": 0.0, ""redundant"": 0, ""obs_zero"": true, ""frame_l"": 7.6147, ""chi_bits"": 2, ""mps_l"": 11.5118, ""hsf_k"": 2, ""hsf_na"": 16, ""hsf_nb"": 16, ""hsf_l"": 34.0043, ""sup"": 32, ""chi_bits0"": 2, ""mps_l0"": 11.5118, ""hsf_keff"": 2, ""hsf_l0"": 34.0043, ""sparse_l"": 39.6147, ""sv_l"": 39.6147, ""feat_secs"": 0.016915, ""feat_secs_frame"": 0.000323, ""feat_secs_hsf"": 0.016507}"
ct,"ct:n=32,L=4,t=4,nn=1",1,"{""n"": 32.0, ""L"": 4.0, ""t"": 4.0, ""nn"": 1.0}",sv,toolarge,,0.0044,1867776,,,-0.0,,"TooLarge { what: ""state vector"", bytes: 68719476736, limit: 1073741824 }","{""n"": 32, ""gates"": 197, ""g2"": 62, ""g3"": 0, ""depth2"": 4, ""t_count"": 4, ""rotations"": 4, ""d"": 4, ""dense_l"": 4.9069, ""redundant"": 0, ""obs_zero"": true, ""frame_l"": 7.6221, ""chi_bits"": 2, ""mps_l"": 11.5531, ""hsf_k"": 2, ""hsf_na"": 16, ""hsf_nb"": 16, ""hsf_l"": 34.0043, ""sup"": 32, ""chi_bits0"": 2, ""mps_l0"": 11.5531, ""hsf_keff"": 2, ""hsf_l0"": 34.0043, ""sparse_l"": 39.6221, ""sv_l"": 39.6221, ""feat_secs"": 0.016014, ""feat_secs_frame"": 0.000306, ""feat_secs_hsf"": 0.015655}"
ct,"ct:n=32,L=4,t=4,nn=1",1,"{""n"": 32.0, ""L"": 4.0, ""t"": 4.0, ""nn"": 1.0}",sparse,skipped,,,,,,-0.0,,,"{""n"": 32, ""gates"": 197, ""g2"": 62, ""g3"": 0, ""depth2"": 4, ""t_count"": 4, ""rotations"": 4, ""d"": 4, ""dense_l"": 4.9069, ""redundant"": 0, ""obs_zero"": true, ""frame_l"": 7.6221, ""chi_bits"": 2, ""mps_l"": 11.5531, ""hsf_k"": 2, ""hsf_na"": 16, ""hsf_nb"": 16, ""hsf_l"": 34.0043, ""sup"": 32, ""chi_bits0"": 2, ""mps_l0"": 11.5531, ""hsf_keff"": 2, ""hsf_l0"": 34.0043, ""sparse_l"": 39.6221, ""sv_l"": 39.6221, ""feat_secs"": 0.016014, ""feat_secs_frame"": 0.000306, ""feat_secs_hsf"": 0.015655}"
ct,"ct:n=32,L=4,t=4,nn=1",1,"{""n"": 32.0, ""L"": 4.0, ""t"": 4.0, ""nn"": 1.0}",mps,ok,0.000468,0.0041,2670592,-1.514334533096803e-16,4,-0.0,1.514334533096803e-16,,"{""n"": 32, ""gates"": 197, ""g2"": 62, ""g3"": 0, ""depth2"": 4, ""t_count"": 4, ""rotations"": 4, ""d"": 4, ""dense_l"": 4.9069, ""redundant"": 0, ""obs_zero"": true, ""frame_l"": 7.6221, ""chi_bits"": 2, ""mps_l"": 11.5531, ""hsf_k"": 2, ""hsf_na"": 16, ""hsf_nb"": 16, ""hsf_l"": 34.0043, ""sup"": 32, ""chi_bits0"": 2, ""mps_l0"": 11.5531, ""hsf_keff"": 2, ""hsf_l0"": 34.0043, ""sparse_l"": 39.6221, ""sv_l"": 39.6221, ""feat_secs"": 0.016014, ""feat_secs_frame"": 0.000306, ""feat_secs_hsf"": 0.015655}"
ct,"ct:n=32,L=4,t=4,nn=1",1,"{""n"": 32.0, ""L"": 4.0, ""t"": 4.0, ""nn"": 1.0}",hsf,skipped,,,,,,-0.0,,,"{""n"": 32, ""gates"": 197, ""g2"": 62, ""g3"": 0, ""depth2"": 4, ""t_count"": 4, ""rotations"": 4, ""d"": 4, ""dense_l"": 4.9069, ""redundant"": 0, ""obs_zero"": true, ""frame_l"": 7.6221, ""chi_bits"": 2, ""mps_l"": 11.5531, ""hsf_k"": 2, ""hsf_na"": 16, ""hsf_nb"": 16, ""hsf_l"": 34.0043, ""sup"": 32, ""chi_bits0"": 2, ""mps_l0"": 11.5531, ""hsf_keff"": 2, ""hsf_l0"": 34.0043, ""sparse_l"": 39.6221, ""sv_l"": 39.6221, ""feat_secs"": 0.016014, ""feat_secs_frame"": 0.000306, ""feat_secs_hsf"": 0.015655}"
ct,"ct:n=32,L=4,t=4,nn=1",1,"{""n"": 32.0, ""L"": 4.0, ""t"": 4.0, ""nn"": 1.0}",tableau,na,,0.0046,1851392,,,-0.0,,"TooLarge { what: ""tableau (non-Clifford circuit)"", bytes: 0, limit: 0 }","{""n"": 32, ""gates"": 197, ""g2"": 62, ""g3"": 0, ""depth2"": 4, ""t_count"": 4, ""rotations"": 4, ""d"": 4, ""dense_l"": 4.9069, ""redundant"": 0, ""obs_zero"": true, ""frame_l"": 7.6221, ""chi_bits"": 2, ""mps_l"": 11.5531, ""hsf_k"": 2, ""hsf_na"": 16, ""hsf_nb"": 16, ""hsf_l"": 34.0043, ""sup"": 32, ""chi_bits0"": 2, ""mps_l0"": 11.5531, ""hsf_keff"": 2, ""hsf_l0"": 34.0043, ""sparse_l"": 39.6221, ""sv_l"": 39.6221, ""feat_secs"": 0.016014, ""feat_secs_frame"": 0.000306, ""feat_secs_hsf"": 0.015655}"
ct,"ct:n=32,L=4,t=4,nn=1",1,"{""n"": 32.0, ""L"": 4.0, ""t"": 4.0, ""nn"": 1.0}",cstate,ok,0.000151,0.0067,1998848,0.0,4,-0.0,0.0,,"{""n"": 32, ""gates"": 197, ""g2"": 62, ""g3"": 0, ""depth2"": 4, ""t_count"": 4, ""rotations"": 4, ""d"": 4, ""dense_l"": 4.9069, ""redundant"": 0, ""obs_zero"": true, ""frame_l"": 7.6221, ""chi_bits"": 2, ""mps_l"": 11.5531, ""hsf_k"": 2, ""hsf_na"": 16, ""hsf_nb"": 16, ""hsf_l"": 34.0043, ""sup"": 32, ""chi_bits0"": 2, ""mps_l0"": 11.5531, ""hsf_keff"": 2, ""hsf_l0"": 34.0043, ""sparse_l"": 39.6221, ""sv_l"": 39.6221, ""feat_secs"": 0.016014, ""feat_secs_frame"": 0.000306, ""feat_secs_hsf"": 0.015655}"
ct,"ct:n=32,L=4,t=4,nn=1",1,"{""n"": 32.0, ""L"": 4.0, ""t"": 4.0, ""nn"": 1.0}",frame,ok,0.000225,0.0044,2457600,-0.0,0,-0.0,0.0,switched_at=None dense_qubits=0 peak_terms=0 term_visits=0 dense_ops=0,"{""n"": 32, ""gates"": 197, ""g2"": 62, ""g3"": 0, ""depth2"": 4, ""t_count"": 4, ""rotations"": 4, ""d"": 4, ""dense_l"": 4.9069, ""redundant"": 0, ""obs_zero"": true, ""frame_l"": 7.6221, ""chi_bits"": 2, ""mps_l"": 11.5531, ""hsf_k"": 2, ""hsf_na"": 16, ""hsf_nb"": 16, ""hsf_l"": 34.0043, ""sup"": 32, ""chi_bits0"": 2, ""mps_l0"": 11.5531, ""hsf_keff"": 2, ""hsf_l0"": 34.0043, ""sparse_l"": 39.6221, ""sv_l"": 39.6221, ""feat_secs"": 0.016014, ""feat_secs_frame"": 0.000306, ""feat_secs_hsf"": 0.015655}"
ct,"ct:n=32,L=4,t=4,nn=1",1,"{""n"": 32.0, ""L"": 4.0, ""t"": 4.0, ""nn"": 1.0}",dense,ok,0.000166,0.0059,2195456,0.0,4,-0.0,0.0,switched_at=Some(4) dense_qubits=4 peak_terms=0 term_visits=0 dense_ops=30,"{""n"": 32, ""gates"": 197, ""g2"": 62, ""g3"": 0, ""depth2"": 4, ""t_count"": 4, ""rotations"": 4, ""d"": 4, ""dense_l"": 4.9069, ""redundant"": 0, ""obs_zero"": true, ""frame_l"": 7.6221, ""chi_bits"": 2, ""mps_l"": 11.5531, ""hsf_k"": 2, ""hsf_na"": 16, ""hsf_nb"": 16, ""hsf_l"": 34.0043, ""sup"": 32, ""chi_bits0"": 2, ""mps_l0"": 11.5531, ""hsf_keff"": 2, ""hsf_l0"": 34.0043, ""sparse_l"": 39.6221, ""sv_l"": 39.6221, ""feat_secs"": 0.016014, ""feat_secs_frame"": 0.000306, ""feat_secs_hsf"": 0.015655}"
ct,"ct:n=32,L=4,t=4,nn=1",1,"{""n"": 32.0, ""L"": 4.0, ""t"": 4.0, ""nn"": 1.0}",auto,ok,0.000158,0.0043,2195456,0.0,4,-0.0,0.0,switched_at=Some(4) dense_qubits=4 peak_terms=0 term_visits=0 dense_ops=30,"{""n"": 32, ""gates"": 197, ""g2"": 62, ""g3"": 0, ""depth2"": 4, ""t_count"": 4, ""rotations"": 4, ""d"": 4, ""dense_l"": 4.9069, ""redundant"": 0, ""obs_zero"": true, ""frame_l"": 7.6221, ""chi_bits"": 2, ""mps_l"": 11.5531, ""hsf_k"": 2, ""hsf_na"": 16, ""hsf_nb"": 16, ""hsf_l"": 34.0043, ""sup"": 32, ""chi_bits0"": 2, ""mps_l0"": 11.5531, ""hsf_keff"": 2, ""hsf_l0"": 34.0043, ""sparse_l"": 39.6221, ""sv_l"": 39.6221, ""feat_secs"": 0.016014, ""feat_secs_frame"": 0.000306, ""feat_secs_hsf"": 0.015655}"
ct,"ct:n=32,L=4,t=8,nn=1",1,"{""n"": 32.0, ""L"": 4.0, ""t"": 8.0, ""nn"": 1.0}",sv,toolarge,,0.0045,1851392,,,0.0,,"TooLarge { what: ""state vector"", bytes: 68719476736, limit: 1073741824 }","{""n"": 32, ""gates"": 206, ""g2"": 62, ""g3"": 0, ""depth2"": 4, ""t_count"": 8, ""rotations"": 8, ""d"": 6, ""dense_l"": 7.9887, ""redundant"": 2, ""obs_zero"": true, ""frame_l"": 7.6865, ""chi_bits"": 2, ""mps_l"": 11.5255, ""hsf_k"": 2, ""hsf_na"": 16, ""hsf_nb"": 16, ""hsf_l"": 34.0045, ""sup"": 32, ""chi_bits0"": 2, ""mps_l0"": 11.5255, ""hsf_keff"": 2, ""hsf_l0"": 34.0045, ""sparse_l"": 39.6865, ""sv_l"": 39.6865, ""feat_secs"": 0.018671, ""feat_secs_frame"": 0.000265, ""feat_secs_hsf"": 0.018323}"
ct,"ct:n=32,L=4,t=8,nn=1",1,"{""n"": 32.0, ""L"": 4.0, ""t"": 8.0, ""nn"": 1.0}",sparse,skipped,,,,,,0.0,,,"{""n"": 32, ""gates"": 206, ""g2"": 62, ""g3"": 0, ""depth2"": 4, ""t_count"": 8, ""rotations"": 8, ""d"": 6, ""dense_l"": 7.9887, ""redundant"": 2, ""obs_zero"": true, ""frame_l"": 7.6865, ""chi_bits"": 2, ""mps_l"": 11.5255, ""hsf_k"": 2, ""hsf_na"": 16, ""hsf_nb"": 16, ""hsf_l"": 34.0045, ""sup"": 32, ""chi_bits0"": 2, ""mps_l0"": 11.5255, ""hsf_keff"": 2, ""hsf_l0"": 34.0045, ""sparse_l"": 39.6865, ""sv_l"": 39.6865, ""feat_secs"": 0.018671, ""feat_secs_frame"": 0.000265, ""feat_secs_hsf"": 0.018323}"
ct,"ct:n=32,L=4,t=8,nn=1",1,"{""n"": 32.0, ""L"": 4.0, ""t"": 8.0, ""nn"": 1.0}",mps,ok,0.000523,0.0046,2752512,5.83118955735004e-16,4,0.0,5.83118955735004e-16,,"{""n"": 32, ""gates"": 206, ""g2"": 62, ""g3"": 0, ""depth2"": 4, ""t_count"": 8, ""rotations"": 8, ""d"": 6, ""dense_l"": 7.9887, ""redundant"": 2, ""obs_zero"": true, ""frame_l"": 7.6865, ""chi_bits"": 2, ""mps_l"": 11.5255, ""hsf_k"": 2, ""hsf_na"": 16, ""hsf_nb"": 16, ""hsf_l"": 34.0045, ""sup"": 32, ""chi_bits0"": 2, ""mps_l0"": 11.5255, ""hsf_keff"": 2, ""hsf_l0"": 34.0045, ""sparse_l"": 39.6865, ""sv_l"": 39.6865, ""feat_secs"": 0.018671, ""feat_secs_frame"": 0.000265, ""feat_secs_hsf"": 0.018323}"
ct,"ct:n=32,L=4,t=8,nn=1",1,"{""n"": 32.0, ""L"": 4.0, ""t"": 8.0, ""nn"": 1.0}",hsf,skipped,,,,,,0.0,,,"{""n"": 32, ""gates"": 206, ""g2"": 62, ""g3"": 0, ""depth2"": 4, ""t_count"": 8, ""rotations"": 8, ""d"": 6, ""dense_l"": 7.9887, ""redundant"": 2, ""obs_zero"": true, ""frame_l"": 7.6865, ""chi_bits"": 2, ""mps_l"": 11.5255, ""hsf_k"": 2, ""hsf_na"": 16, ""hsf_nb"": 16, ""hsf_l"": 34.0045, ""sup"": 32, ""chi_bits0"": 2, ""mps_l0"": 11.5255, ""hsf_keff"": 2, ""hsf_l0"": 34.0045, ""sparse_l"": 39.6865, ""sv_l"": 39.6865, ""feat_secs"": 0.018671, ""feat_secs_frame"": 0.000265, ""feat_secs_hsf"": 0.018323}"
ct,"ct:n=32,L=4,t=8,nn=1",1,"{""n"": 32.0, ""L"": 4.0, ""t"": 8.0, ""nn"": 1.0}",tableau,na,,0.0047,1851392,,,0.0,,"TooLarge { what: ""tableau (non-Clifford circuit)"", bytes: 0, limit: 0 }","{""n"": 32, ""gates"": 206, ""g2"": 62, ""g3"": 0, ""depth2"": 4, ""t_count"": 8, ""rotations"": 8, ""d"": 6, ""dense_l"": 7.9887, ""redundant"": 2, ""obs_zero"": true, ""frame_l"": 7.6865, ""chi_bits"": 2, ""mps_l"": 11.5255, ""hsf_k"": 2, ""hsf_na"": 16, ""hsf_nb"": 16, ""hsf_l"": 34.0045, ""sup"": 32, ""chi_bits0"": 2, ""mps_l0"": 11.5255, ""hsf_keff"": 2, ""hsf_l0"": 34.0045, ""sparse_l"": 39.6865, ""sv_l"": 39.6865, ""feat_secs"": 0.018671, ""feat_secs_frame"": 0.000265, ""feat_secs_hsf"": 0.018323}"
ct,"ct:n=32,L=4,t=8,nn=1",1,"{""n"": 32.0, ""L"": 4.0, ""t"": 8.0, ""nn"": 1.0}",cstate,ok,0.000205,0.0044,1998848,0.0,6,0.0,0.0,,"{""n"": 32, ""gates"": 206, ""g2"": 62, ""g3"": 0, ""depth2"": 4, ""t_count"": 8, ""rotations"": 8, ""d"": 6, ""dense_l"": 7.9887, ""redundant"": 2, ""obs_zero"": true, ""frame_l"": 7.6865, ""chi_bits"": 2, ""mps_l"": 11.5255, ""hsf_k"": 2, ""hsf_na"": 16, ""hsf_nb"": 16, ""hsf_l"": 34.0045, ""sup"": 32, ""chi_bits0"": 2, ""mps_l0"": 11.5255, ""hsf_keff"": 2, ""hsf_l0"": 34.0045, ""sparse_l"": 39.6865, ""sv_l"": 39.6865, ""feat_secs"": 0.018671, ""feat_secs_frame"": 0.000265, ""feat_secs_hsf"": 0.018323}"
ct,"ct:n=32,L=4,t=8,nn=1",1,"{""n"": 32.0, ""L"": 4.0, ""t"": 8.0, ""nn"": 1.0}",frame,ok,0.000288,0.0043,2473984,-0.0,0,0.0,0.0,switched_at=None dense_qubits=0 peak_terms=0 term_visits=0 dense_ops=0,"{""n"": 32, ""gates"": 206, ""g2"": 62, ""g3"": 0, ""depth2"": 4, ""t_count"": 8, ""rotations"": 8, ""d"": 6, ""dense_l"": 7.9887, ""redundant"": 2, ""obs_zero"": true, ""frame_l"": 7.6865, ""chi_bits"": 2, ""mps_l"": 11.5255, ""hsf_k"": 2, ""hsf_na"": 16, ""hsf_nb"": 16, ""hsf_l"": 34.0045, ""sup"": 32, ""chi_bits0"": 2, ""mps_l0"": 11.5255, ""hsf_keff"": 2, ""hsf_l0"": 34.0045, ""sparse_l"": 39.6865, ""sv_l"": 39.6865, ""feat_secs"": 0.018671, ""feat_secs_frame"": 0.000265, ""feat_secs_hsf"": 0.018323}"
ct,"ct:n=32,L=4,t=8,nn=1",1,"{""n"": 32.0, ""L"": 4.0, ""t"": 8.0, ""nn"": 1.0}",dense,ok,0.000162,0.0043,2195456,0.0,6,0.0,0.0,switched_at=Some(8) dense_qubits=6 peak_terms=0 term_visits=0 dense_ops=254,"{""n"": 32, ""gates"": 206, ""g2"": 62, ""g3"": 0, ""depth2"": 4, ""t_count"": 8, ""rotations"": 8, ""d"": 6, ""dense_l"": 7.9887, ""redundant"": 2, ""obs_zero"": true, ""frame_l"": 7.6865, ""chi_bits"": 2, ""mps_l"": 11.5255, ""hsf_k"": 2, ""hsf_na"": 16, ""hsf_nb"": 16, ""hsf_l"": 34.0045, ""sup"": 32, ""chi_bits0"": 2, ""mps_l0"": 11.5255, ""hsf_keff"": 2, ""hsf_l0"": 34.0045, ""sparse_l"": 39.6865, ""sv_l"": 39.6865, ""feat_secs"": 0.018671, ""feat_secs_frame"": 0.000265, ""feat_secs_hsf"": 0.018323}"
ct,"ct:n=32,L=4,t=8,nn=1",1,"{""n"": 32.0, ""L"": 4.0, ""t"": 8.0, ""nn"": 1.0}",auto,ok,0.000265,0.0066,2473984,-0.0,0,0.0,0.0,switched_at=None dense_qubits=0 peak_terms=0 term_visits=0 dense_ops=0,"{""n"": 32, ""gates"": 206, ""g2"": 62, ""g3"": 0, ""depth2"": 4, ""t_count"": 8, ""rotations"": 8, ""d"": 6, ""dense_l"": 7.9887, ""redundant"": 2, ""obs_zero"": true, ""frame_l"": 7.6865, ""chi_bits"": 2, ""mps_l"": 11.5255, ""hsf_k"": 2, ""hsf_na"": 16, ""hsf_nb"": 16, ""hsf_l"": 34.0045, ""sup"": 32, ""chi_bits0"": 2, ""mps_l0"": 11.5255, ""hsf_keff"": 2, ""hsf_l0"": 34.0045, ""sparse_l"": 39.6865, ""sv_l"": 39.6865, ""feat_secs"": 0.018671, ""feat_secs_frame"": 0.000265, ""feat_secs_hsf"": 0.018323}"
ct,"ct:n=32,L=4,t=16,nn=1",1,"{""n"": 32.0, ""L"": 4.0, ""t"": 16.0, ""nn"": 1.0}",sv,toolarge,,0.0046,1867776,,,0.0,,"TooLarge { what: ""state vector"", bytes: 68719476736, limit: 1073741824 }","{""n"": 32, ""gates"": 227, ""g2"": 62, ""g3"": 0, ""depth2"": 4, ""t_count"": 16, ""rotations"": 16, ""d"": 11, ""dense_l"": 12.0878, ""redundant"": 5, ""obs_zero"": true, ""frame_l"": 7.8265, ""chi_bits"": 2, ""mps_l"": 11.6193, ""hsf_k"": 2, ""hsf_na"": 16, ""hsf_nb"": 16, ""hsf_l"": 34.005, ""sup"": 31, ""chi_bits0"": 2, ""mps_l0"": 11.6193, ""hsf_keff"": 2, ""hsf_l0"": 34.005, ""sparse_l"": 38.8265, ""sv_l"": 39.8265, ""feat_secs"": 0.014074, ""feat_secs_frame"": 0.000265, ""feat_secs_hsf"": 0.013742}"
ct,"ct:n=32,L=4,t=16,nn=1",1,"{""n"": 32.0, ""L"": 4.0, ""t"": 16.0, ""nn"": 1.0}",sparse,skipped,,,,,,0.0,,,"{""n"": 32, ""gates"": 227, ""g2"": 62, ""g3"": 0, ""depth2"": 4, ""t_count"": 16, ""rotations"": 16, ""d"": 11, ""dense_l"": 12.0878, ""redundant"": 5, ""obs_zero"": true, ""frame_l"": 7.8265, ""chi_bits"": 2, ""mps_l"": 11.6193, ""hsf_k"": 2, ""hsf_na"": 16, ""hsf_nb"": 16, ""hsf_l"": 34.005, ""sup"": 31, ""chi_bits0"": 2, ""mps_l0"": 11.6193, ""hsf_keff"": 2, ""hsf_l0"": 34.005, ""sparse_l"": 38.8265, ""sv_l"": 39.8265, ""feat_secs"": 0.014074, ""feat_secs_frame"": 0.000265, ""feat_secs_hsf"": 0.013742}"
ct,"ct:n=32,L=4,t=16,nn=1",1,"{""n"": 32.0, ""L"": 4.0, ""t"": 16.0, ""nn"": 1.0}",mps,ok,0.000565,0.0075,2670592,1.238816865807585e-15,4,0.0,1.238816865807585e-15,,"{""n"": 32, ""gates"": 227, ""g2"": 62, ""g3"": 0, ""depth2"": 4, ""t_count"": 16, ""rotations"": 16, ""d"": 11, ""dense_l"": 12.0878, ""redundant"": 5, ""obs_zero"": true, ""frame_l"": 7.8265, ""chi_bits"": 2, ""mps_l"": 11.6193, ""hsf_k"": 2, ""hsf_na"": 16, ""hsf_nb"": 16, ""hsf_l"": 34.005, ""sup"": 31, ""chi_bits0"": 2, ""mps_l0"": 11.6193, ""hsf_keff"": 2, ""hsf_l0"": 34.005, ""sparse_l"": 38.8265, ""sv_l"": 39.8265, ""feat_secs"": 0.014074, ""feat_secs_frame"": 0.000265, ""feat_secs_hsf"": 0.013742}"
ct,"ct:n=32,L=4,t=16,nn=1",1,"{""n"": 32.0, ""L"": 4.0, ""t"": 16.0, ""nn"": 1.0}",hsf,skipped,,,,,,0.0,,,"{""n"": 32, ""gates"": 227, ""g2"": 62, ""g3"": 0, ""depth2"": 4, ""t_count"": 16, ""rotations"": 16, ""d"": 11, ""dense_l"": 12.0878, ""redundant"": 5, ""obs_zero"": true, ""frame_l"": 7.8265, ""chi_bits"": 2, ""mps_l"": 11.6193, ""hsf_k"": 2, ""hsf_na"": 16, ""hsf_nb"": 16, ""hsf_l"": 34.005, ""sup"": 31, ""chi_bits0"": 2, ""mps_l0"": 11.6193, ""hsf_keff"": 2, ""hsf_l0"": 34.005, ""sparse_l"": 38.8265, ""sv_l"": 39.8265, ""feat_secs"": 0.014074, ""feat_secs_frame"": 0.000265, ""feat_secs_hsf"": 0.013742}"
ct,"ct:n=32,L=4,t=16,nn=1",1,"{""n"": 32.0, ""L"": 4.0, ""t"": 16.0, ""nn"": 1.0}",tableau,na,,0.0065,1867776,,,0.0,,"TooLarge { what: ""tableau (non-Clifford circuit)"", bytes: 0, limit: 0 }","{""n"": 32, ""gates"": 227, ""g2"": 62, ""g3"": 0, ""depth2"": 4, ""t_count"": 16, ""rotations"": 16, ""d"": 11, ""dense_l"": 12.0878, ""redundant"": 5, ""obs_zero"": true, ""frame_l"": 7.8265, ""chi_bits"": 2, ""mps_l"": 11.6193, ""hsf_k"": 2, ""hsf_na"": 16, ""hsf_nb"": 16, ""hsf_l"": 34.005, ""sup"": 31, ""chi_bits0"": 2, ""mps_l0"": 11.6193, ""hsf_keff"": 2, ""hsf_l0"": 34.005, ""sparse_l"": 38.8265, ""sv_l"": 39.8265, ""feat_secs"": 0.014074, ""feat_secs_frame"": 0.000265, ""feat_secs_hsf"": 0.013742}"
ct,"ct:n=32,L=4,t=16,nn=1",1,"{""n"": 32.0, ""L"": 4.0, ""t"": 16.0, ""nn"": 1.0}",cstate,ok,0.000186,0.0074,2031616,0.0,11,0.0,0.0,,"{""n"": 32, ""gates"": 227, ""g2"": 62, ""g3"": 0, ""depth2"": 4, ""t_count"": 16, ""rotations"": 16, ""d"": 11, ""dense_l"": 12.0878, ""redundant"": 5, ""obs_zero"": true, ""frame_l"": 7.8265, ""chi_bits"": 2, ""mps_l"": 11.6193, ""hsf_k"": 2, ""hsf_na"": 16, ""hsf_nb"": 16, ""hsf_l"": 34.005, ""sup"": 31, ""chi_bits0"": 2, ""mps_l0"": 11.6193, ""hsf_keff"": 2, ""hsf_l0"": 34.005, ""sparse_l"": 38.8265, ""sv_l"": 39.8265, ""feat_secs"": 0.014074, ""feat_secs_frame"": 0.000265, ""feat_secs_hsf"": 0.013742}"
ct,"ct:n=32,L=4,t=16,nn=1",1,"{""n"": 32.0, ""L"": 4.0, ""t"": 16.0, ""nn"": 1.0}",frame,ok,0.00025,0.0047,2473984,-0.0,0,0.0,0.0,switched_at=None dense_qubits=0 peak_terms=0 term_visits=0 dense_ops=0,"{""n"": 32, ""gates"": 227, ""g2"": 62, ""g3"": 0, ""depth2"": 4, ""t_count"": 16, ""rotations"": 16, ""d"": 11, ""dense_l"": 12.0878, ""redundant"": 5, ""obs_zero"": true, ""frame_l"": 7.8265, ""chi_bits"": 2, ""mps_l"": 11.6193, ""hsf_k"": 2, ""hsf_na"": 16, ""hsf_nb"": 16, ""hsf_l"": 34.005, ""sup"": 31, ""chi_bits0"": 2, ""mps_l0"": 11.6193, ""hsf_keff"": 2, ""hsf_l0"": 34.005, ""sparse_l"": 38.8265, ""sv_l"": 39.8265, ""feat_secs"": 0.014074, ""feat_secs_frame"": 0.000265, ""feat_secs_hsf"": 0.013742}"
ct,"ct:n=32,L=4,t=16,nn=1",1,"{""n"": 32.0, ""L"": 4.0, ""t"": 16.0, ""nn"": 1.0}",dense,ok,0.000173,0.0065,2228224,0.0,11,0.0,0.0,switched_at=Some(16) dense_qubits=11 peak_terms=0 term_visits=0 dense_ops=4353,"{""n"": 32, ""gates"": 227, ""g2"": 62, ""g3"": 0, ""depth2"": 4, ""t_count"": 16, ""rotations"": 16, ""d"": 11, ""dense_l"": 12.0878, ""redundant"": 5, ""obs_zero"": true, ""frame_l"": 7.8265, ""chi_bits"": 2, ""mps_l"": 11.6193, ""hsf_k"": 2, ""hsf_na"": 16, ""hsf_nb"": 16, ""hsf_l"": 34.005, ""sup"": 31, ""chi_bits0"": 2, ""mps_l0"": 11.6193, ""hsf_keff"": 2, ""hsf_l0"": 34.005, ""sparse_l"": 38.8265, ""sv_l"": 39.8265, ""feat_secs"": 0.014074, ""feat_secs_frame"": 0.000265, ""feat_secs_hsf"": 0.013742}"
ct,"ct:n=32,L=4,t=16,nn=1",1,"{""n"": 32.0, ""L"": 4.0, ""t"": 16.0, ""nn"": 1.0}",auto,ok,0.000288,0.0044,2457600,-0.0,0,0.0,0.0,switched_at=None dense_qubits=0 peak_terms=0 term_visits=0 dense_ops=0,"{""n"": 32, ""gates"": 227, ""g2"": 62, ""g3"": 0, ""depth2"": 4, ""t_count"": 16, ""rotations"": 16, ""d"": 11, ""dense_l"": 12.0878, ""redundant"": 5, ""obs_zero"": true, ""frame_l"": 7.8265, ""chi_bits"": 2, ""mps_l"": 11.6193, ""hsf_k"": 2, ""hsf_na"": 16, ""hsf_nb"": 16, ""hsf_l"": 34.005, ""sup"": 31, ""chi_bits0"": 2, ""mps_l0"": 11.6193, ""hsf_keff"": 2, ""hsf_l0"": 34.005, ""sparse_l"": 38.8265, ""sv_l"": 39.8265, ""feat_secs"": 0.014074, ""feat_secs_frame"": 0.000265, ""feat_secs_hsf"": 0.013742}"
ct,"ct:n=32,L=4,t=24,nn=1",1,"{""n"": 32.0, ""L"": 4.0, ""t"": 24.0, ""nn"": 1.0}",sv,toolarge,,0.0044,1851392,,,0.9999999999999993,,"TooLarge { what: ""state vector"", bytes: 68719476736, limit: 1073741824 }","{""n"": 32, ""gates"": 240, ""g2"": 62, ""g3"": 0, ""depth2"": 4, ""t_count"": 24, ""rotations"": 24, ""d"": 13, ""dense_l"": 14.6032, ""redundant"": 11, ""obs_zero"": false, ""frame_l"": 10.085, ""chi_bits"": 2, ""mps_l"": 11.6348, ""hsf_k"": 2, ""hsf_na"": 16, ""hsf_nb"": 16, ""hsf_l"": 33.0053, ""sup"": 32, ""chi_bits0"": 2, ""mps_l0"": 11.6348, ""hsf_keff"": 1, ""hsf_l0"": 34.0053, ""sparse_l"": 39.9069, ""sv_l"": 39.9069, ""feat_secs"": 0.020287, ""feat_secs_frame"": 0.000321, ""feat_secs_hsf"": 0.01989}"
ct,"ct:n=32,L=4,t=24,nn=1",1,"{""n"": 32.0, ""L"": 4.0, ""t"": 24.0, ""nn"": 1.0}",sparse,skipped,,,,,,0.9999999999999993,,,"{""n"": 32, ""gates"": 240, ""g2"": 62, ""g3"": 0, ""depth2"": 4, ""t_count"": 24, ""rotations"": 24, ""d"": 13, ""dense_l"": 14.6032, ""redundant"": 11, ""obs_zero"": false, ""frame_l"": 10.085, ""chi_bits"": 2, ""mps_l"": 11.6348, ""hsf_k"": 2, ""hsf_na"": 16, ""hsf_nb"": 16, ""hsf_l"": 33.0053, ""sup"": 32, ""chi_bits0"": 2, ""mps_l0"": 11.6348, ""hsf_keff"": 1, ""hsf_l0"": 34.0053, ""sparse_l"": 39.9069, ""sv_l"": 39.9069, ""feat_secs"": 0.020287, ""feat_secs_frame"": 0.000321, ""feat_secs_hsf"": 0.01989}"
ct,"ct:n=32,L=4,t=24,nn=1",1,"{""n"": 32.0, ""L"": 4.0, ""t"": 24.0, ""nn"": 1.0}",mps,ok,0.000413,0.0047,2621440,1.0,4,0.9999999999999993,6.661338147750939e-16,,"{""n"": 32, ""gates"": 240, ""g2"": 62, ""g3"": 0, ""depth2"": 4, ""t_count"": 24, ""rotations"": 24, ""d"": 13, ""dense_l"": 14.6032, ""redundant"": 11, ""obs_zero"": false, ""frame_l"": 10.085, ""chi_bits"": 2, ""mps_l"": 11.6348, ""hsf_k"": 2, ""hsf_na"": 16, ""hsf_nb"": 16, ""hsf_l"": 33.0053, ""sup"": 32, ""chi_bits0"": 2, ""mps_l0"": 11.6348, ""hsf_keff"": 1, ""hsf_l0"": 34.0053, ""sparse_l"": 39.9069, ""sv_l"": 39.9069, ""feat_secs"": 0.020287, ""feat_secs_frame"": 0.000321, ""feat_secs_hsf"": 0.01989}"
ct,"ct:n=32,L=4,t=24,nn=1",1,"{""n"": 32.0, ""L"": 4.0, ""t"": 24.0, ""nn"": 1.0}",hsf,skipped,,,,,,0.9999999999999993,,,"{""n"": 32, ""gates"": 240, ""g2"": 62, ""g3"": 0, ""depth2"": 4, ""t_count"": 24, ""rotations"": 24, ""d"": 13, ""dense_l"": 14.6032, ""redundant"": 11, ""obs_zero"": false, ""frame_l"": 10.085, ""chi_bits"": 2, ""mps_l"": 11.6348, ""hsf_k"": 2, ""hsf_na"": 16, ""hsf_nb"": 16, ""hsf_l"": 33.0053, ""sup"": 32, ""chi_bits0"": 2, ""mps_l0"": 11.6348, ""hsf_keff"": 1, ""hsf_l0"": 34.0053, ""sparse_l"": 39.9069, ""sv_l"": 39.9069, ""feat_secs"": 0.020287, ""feat_secs_frame"": 0.000321, ""feat_secs_hsf"": 0.01989}"
ct,"ct:n=32,L=4,t=24,nn=1",1,"{""n"": 32.0, ""L"": 4.0, ""t"": 24.0, ""nn"": 1.0}",tableau,na,,0.0045,1867776,,,0.9999999999999993,,"TooLarge { what: ""tableau (non-Clifford circuit)"", bytes: 0, limit: 0 }","{""n"": 32, ""gates"": 240, ""g2"": 62, ""g3"": 0, ""depth2"": 4, ""t_count"": 24, ""rotations"": 24, ""d"": 13, ""dense_l"": 14.6032, ""redundant"": 11, ""obs_zero"": false, ""frame_l"": 10.085, ""chi_bits"": 2, ""mps_l"": 11.6348, ""hsf_k"": 2, ""hsf_na"": 16, ""hsf_nb"": 16, ""hsf_l"": 33.0053, ""sup"": 32, ""chi_bits0"": 2, ""mps_l0"": 11.6348, ""hsf_keff"": 1, ""hsf_l0"": 34.0053, ""sparse_l"": 39.9069, ""sv_l"": 39.9069, ""feat_secs"": 0.020287, ""feat_secs_frame"": 0.000321, ""feat_secs_hsf"": 0.01989}"
ct,"ct:n=32,L=4,t=24,nn=1",1,"{""n"": 32.0, ""L"": 4.0, ""t"": 24.0, ""nn"": 1.0}",cstate,ok,0.000219,0.0076,2146304,0.9999999999999962,13,0.9999999999999993,3.1086244689504383e-15,,"{""n"": 32, ""gates"": 240, ""g2"": 62, ""g3"": 0, ""depth2"": 4, ""t_count"": 24, ""rotations"": 24, ""d"": 13, ""dense_l"": 14.6032, ""redundant"": 11, ""obs_zero"": false, ""frame_l"": 10.085, ""chi_bits"": 2, ""mps_l"": 11.6348, ""hsf_k"": 2, ""hsf_na"": 16, ""hsf_nb"": 16, ""hsf_l"": 33.0053, ""sup"": 32, ""chi_bits0"": 2, ""mps_l0"": 11.6348, ""hsf_keff"": 1, ""hsf_l0"": 34.0053, ""sparse_l"": 39.9069, ""sv_l"": 39.9069, ""feat_secs"": 0.020287, ""feat_secs_frame"": 0.000321, ""feat_secs_hsf"": 0.01989}"
ct,"ct:n=32,L=4,t=24,nn=1",1,"{""n"": 32.0, ""L"": 4.0, ""t"": 24.0, ""nn"": 1.0}",frame,ok,0.000937,0.0067,2523136,1.0,1,0.9999999999999993,6.661338147750939e-16,switched_at=None dense_qubits=0 peak_terms=1 term_visits=22 dense_ops=0,"{""n"": 32, ""gates"": 240, ""g2"": 62, ""g3"": 0, ""depth2"": 4, ""t_count"": 24, ""rotations"": 24, ""d"": 13, ""dense_l"": 14.6032, ""redundant"": 11, ""obs_zero"": false, ""frame_l"": 10.085, ""chi_bits"": 2, ""mps_l"": 11.6348, ""hsf_k"": 2, ""hsf_na"": 16, ""hsf_nb"": 16, ""hsf_l"": 33.0053, ""sup"": 32, ""chi_bits0"": 2, ""mps_l0"": 11.6348, ""hsf_keff"": 1, ""hsf_l0"": 34.0053, ""sparse_l"": 39.9069, ""sv_l"": 39.9069, ""feat_secs"": 0.020287, ""feat_secs_frame"": 0.000321, ""feat_secs_hsf"": 0.01989}"
ct,"ct:n=32,L=4,t=24,nn=1",1,"{""n"": 32.0, ""L"": 4.0, ""t"": 24.0, ""nn"": 1.0}",dense,ok,0.000228,0.0046,2359296,0.9999999999999962,13,0.9999999999999993,3.1086244689504383e-15,switched_at=Some(22) dense_qubits=13 peak_terms=1 term_visits=0 dense_ops=32953,"{""n"": 32, ""gates"": 240, ""g2"": 62, ""g3"": 0, ""depth2"": 4, ""t_count"": 24, ""rotations"": 24, ""d"": 13, ""dense_l"": 14.6032, ""redundant"": 11, ""obs_zero"": false, ""frame_l"": 10.085, ""chi_bits"": 2, ""mps_l"": 11.6348, ""hsf_k"": 2, ""hsf_na"": 16, ""hsf_nb"": 16, ""hsf_l"": 33.0053, ""sup"": 32, ""chi_bits0"": 2, ""mps_l0"": 11.6348, ""hsf_keff"": 1, ""hsf_l0"": 34.0053, ""sparse_l"": 39.9069, ""sv_l"": 39.9069, ""feat_secs"": 0.020287, ""feat_secs_frame"": 0.000321, ""feat_secs_hsf"": 0.01989}"
ct,"ct:n=32,L=4,t=24,nn=1",1,"{""n"": 32.0, ""L"": 4.0, ""t"": 24.0, ""nn"": 1.0}",auto,ok,0.00078,0.0076,2539520,0.9999999999999993,4,0.9999999999999993,0.0,switched_at=Some(9) dense_qubits=4 peak_terms=1 term_visits=13 dense_ops=73,"{""n"": 32, ""gates"": 240, ""g2"": 62, ""g3"": 0, ""depth2"": 4, ""t_count"": 24, ""rotations"": 24, ""d"": 13, ""dense_l"": 14.6032, ""redundant"": 11, ""obs_zero"": false, ""frame_l"": 10.085, ""chi_bits"": 2, ""mps_l"": 11.6348, ""hsf_k"": 2, ""hsf_na"": 16, ""hsf_nb"": 16, ""hsf_l"": 33.0053, ""sup"": 32, ""chi_bits0"": 2, ""mps_l0"": 11.6348, ""hsf_keff"": 1, ""hsf_l0"": 34.0053, ""sparse_l"": 39.9069, ""sv_l"": 39.9069, ""feat_secs"": 0.020287, ""feat_secs_frame"": 0.000321, ""feat_secs_hsf"": 0.01989}"
ct,"ct:n=32,L=4,t=32,nn=1",1,"{""n"": 32.0, ""L"": 4.0, ""t"": 32.0, ""nn"": 1.0}",sv,toolarge,,0.0044,1867776,,,0.0,,"TooLarge { what: ""state vector"", bytes: 68719476736, limit: 1073741824 }","{""n"": 32, ""gates"": 250, ""g2"": 62, ""g3"": 0, ""depth2"": 4, ""t_count"": 32, ""rotations"": 32, ""d"": 20, ""dense_l"": 21.5266, ""redundant"": 12, ""obs_zero"": true, ""frame_l"": 7.9658, ""chi_bits"": 2, ""mps_l"": 11.6742, ""hsf_k"": 2, ""hsf_na"": 16, ""hsf_nb"": 16, ""hsf_l"": 34.0055, ""sup"": 32, ""chi_bits0"": 2, ""mps_l0"": 11.6742, ""hsf_keff"": 2, ""hsf_l0"": 34.0055, ""sparse_l"": 39.9658, ""sv_l"": 39.9658, ""feat_secs"": 0.016152, ""feat_secs_frame"": 0.000545, ""feat_secs_hsf"": 0.015527}"
ct,"ct:n=32,L=4,t=32,nn=1",1,"{""n"": 32.0, ""L"": 4.0, ""t"": 32.0, ""nn"": 1.0}",sparse,skipped,,,,,,0.0,,,"{""n"": 32, ""gates"": 250, ""g2"": 62, ""g3"": 0, ""depth2"": 4, ""t_count"": 32, ""rotations"": 32, ""d"": 20, ""dense_l"": 21.5266, ""redundant"": 12, ""obs_zero"": true, ""frame_l"": 7.9658, ""chi_bits"": 2, ""mps_l"": 11.6742, ""hsf_k"": 2, ""hsf_na"": 16, ""hsf_nb"": 16, ""hsf_l"": 34.0055, ""sup"": 32, ""chi_bits0"": 2, ""mps_l0"": 11.6742, ""hsf_keff"": 2, ""hsf_l0"": 34.0055, ""sparse_l"": 39.9658, ""sv_l"": 39.9658, ""feat_secs"": 0.016152, ""feat_secs_frame"": 0.000545, ""feat_secs_hsf"": 0.015527}"
ct,"ct:n=32,L=4,t=32,nn=1",1,"{""n"": 32.0, ""L"": 4.0, ""t"": 32.0, ""nn"": 1.0}",mps,ok,0.000468,0.0057,2703360,6.7394007041699e-16,4,0.0,6.7394007041699e-16,,"{""n"": 32, ""gates"": 250, ""g2"": 62, ""g3"": 0, ""depth2"": 4, ""t_count"": 32, ""rotations"": 32, ""d"": 20, ""dense_l"": 21.5266, ""redundant"": 12, ""obs_zero"": true, ""frame_l"": 7.9658, ""chi_bits"": 2, ""mps_l"": 11.6742, ""hsf_k"": 2, ""hsf_na"": 16, ""hsf_nb"": 16, ""hsf_l"": 34.0055, ""sup"": 32, ""chi_bits0"": 2, ""mps_l0"": 11.6742, ""hsf_keff"": 2, ""hsf_l0"": 34.0055, ""sparse_l"": 39.9658, ""sv_l"": 39.9658, ""feat_secs"": 0.016152, ""feat_secs_frame"": 0.000545, ""feat_secs_hsf"": 0.015527}"
ct,"ct:n=32,L=4,t=32,nn=1",1,"{""n"": 32.0, ""L"": 4.0, ""t"": 32.0, ""nn"": 1.0}",hsf,skipped,,,,,,0.0,,,"{""n"": 32, ""gates"": 250, ""g2"": 62, ""g3"": 0, ""depth2"": 4, ""t_count"": 32, ""rotations"": 32, ""d"": 20, ""dense_l"": 21.5266, ""redundant"": 12, ""obs_zero"": true, ""frame_l"": 7.9658, ""chi_bits"": 2, ""mps_l"": 11.6742, ""hsf_k"": 2, ""hsf_na"": 16, ""hsf_nb"": 16, ""hsf_l"": 34.0055, ""sup"": 32, ""chi_bits0"": 2, ""mps_l0"": 11.6742, ""hsf_keff"": 2, ""hsf_l0"": 34.0055, ""sparse_l"": 39.9658, ""sv_l"": 39.9658, ""feat_secs"": 0.016152, ""feat_secs_frame"": 0.000545, ""feat_secs_hsf"": 0.015527}"
ct,"ct:n=32,L=4,t=32,nn=1",1,"{""n"": 32.0, ""L"": 4.0, ""t"": 32.0, ""nn"": 1.0}",tableau,na,,0.0046,1851392,,,0.0,,"TooLarge { what: ""tableau (non-Clifford circuit)"", bytes: 0, limit: 0 }","{""n"": 32, ""gates"": 250, ""g2"": 62, ""g3"": 0, ""depth2"": 4, ""t_count"": 32, ""rotations"": 32, ""d"": 20, ""dense_l"": 21.5266, ""redundant"": 12, ""obs_zero"": true, ""frame_l"": 7.9658, ""chi_bits"": 2, ""mps_l"": 11.6742, ""hsf_k"": 2, ""hsf_na"": 16, ""hsf_nb"": 16, ""hsf_l"": 34.0055, ""sup"": 32, ""chi_bits0"": 2, ""mps_l0"": 11.6742, ""hsf_keff"": 2, ""hsf_l0"": 34.0055, ""sparse_l"": 39.9658, ""sv_l"": 39.9658, ""feat_secs"": 0.016152, ""feat_secs_frame"": 0.000545, ""feat_secs_hsf"": 0.015527}"
ct,"ct:n=32,L=4,t=32,nn=1",1,"{""n"": 32.0, ""L"": 4.0, ""t"": 32.0, ""nn"": 1.0}",cstate,ok,0.006919,0.0114,19185664,0.0,20,0.0,0.0,,"{""n"": 32, ""gates"": 250, ""g2"": 62, ""g3"": 0, ""depth2"": 4, ""t_count"": 32, ""rotations"": 32, ""d"": 20, ""dense_l"": 21.5266, ""redundant"": 12, ""obs_zero"": true, ""frame_l"": 7.9658, ""chi_bits"": 2, ""mps_l"": 11.6742, ""hsf_k"": 2, ""hsf_na"": 16, ""hsf_nb"": 16, ""hsf_l"": 34.0055, ""sup"": 32, ""chi_bits0"": 2, ""mps_l0"": 11.6742, ""hsf_keff"": 2, ""hsf_l0"": 34.0055, ""sparse_l"": 39.9658, ""sv_l"": 39.9658, ""feat_secs"": 0.016152, ""feat_secs_frame"": 0.000545, ""feat_secs_hsf"": 0.015527}"
ct,"ct:n=32,L=4,t=32,nn=1",1,"{""n"": 32.0, ""L"": 4.0, ""t"": 32.0, ""nn"": 1.0}",frame,ok,0.000411,0.0075,2457600,-0.0,0,0.0,0.0,switched_at=None dense_qubits=0 peak_terms=0 term_visits=0 dense_ops=0,"{""n"": 32, ""gates"": 250, ""g2"": 62, ""g3"": 0, ""depth2"": 4, ""t_count"": 32, ""rotations"": 32, ""d"": 20, ""dense_l"": 21.5266, ""redundant"": 12, ""obs_zero"": true, ""frame_l"": 7.9658, ""chi_bits"": 2, ""mps_l"": 11.6742, ""hsf_k"": 2, ""hsf_na"": 16, ""hsf_nb"": 16, ""hsf_l"": 34.0055, ""sup"": 32, ""chi_bits0"": 2, ""mps_l0"": 11.6742, ""hsf_keff"": 2, ""hsf_l0"": 34.0055, ""sparse_l"": 39.9658, ""sv_l"": 39.9658, ""feat_secs"": 0.016152, ""feat_secs_frame"": 0.000545, ""feat_secs_hsf"": 0.015527}"
ct,"ct:n=32,L=4,t=32,nn=1",1,"{""n"": 32.0, ""L"": 4.0, ""t"": 32.0, ""nn"": 1.0}",dense,ok,0.005894,0.0120,19333120,0.0,20,0.0,0.0,switched_at=Some(32) dense_qubits=20 peak_terms=0 term_visits=0 dense_ops=3021074,"{""n"": 32, ""gates"": 250, ""g2"": 62, ""g3"": 0, ""depth2"": 4, ""t_count"": 32, ""rotations"": 32, ""d"": 20, ""dense_l"": 21.5266, ""redundant"": 12, ""obs_zero"": true, ""frame_l"": 7.9658, ""chi_bits"": 2, ""mps_l"": 11.6742, ""hsf_k"": 2, ""hsf_na"": 16, ""hsf_nb"": 16, ""hsf_l"": 34.0055, ""sup"": 32, ""chi_bits0"": 2, ""mps_l0"": 11.6742, ""hsf_keff"": 2, ""hsf_l0"": 34.0055, ""sparse_l"": 39.9658, ""sv_l"": 39.9658, ""feat_secs"": 0.016152, ""feat_secs_frame"": 0.000545, ""feat_secs_hsf"": 0.015527}"
ct,"ct:n=32,L=4,t=32,nn=1",1,"{""n"": 32.0, ""L"": 4.0, ""t"": 32.0, ""nn"": 1.0}",auto,ok,0.000308,0.0048,2457600,-0.0,0,0.0,0.0,switched_at=None dense_qubits=0 peak_terms=0 term_visits=0 dense_ops=0,"{""n"": 32, ""gates"": 250, ""g2"": 62, ""g3"": 0, ""depth2"": 4, ""t_count"": 32, ""rotations"": 32, ""d"": 20, ""dense_l"": 21.5266, ""redundant"": 12, ""obs_zero"": true, ""frame_l"": 7.9658, ""chi_bits"": 2, ""mps_l"": 11.6742, ""hsf_k"": 2, ""hsf_na"": 16, ""hsf_nb"": 16, ""hsf_l"": 34.0055, ""sup"": 32, ""chi_bits0"": 2, ""mps_l0"": 11.6742, ""hsf_keff"": 2, ""hsf_l0"": 34.0055, ""sparse_l"": 39.9658, ""sv_l"": 39.9658, ""feat_secs"": 0.016152, ""feat_secs_frame"": 0.000545, ""feat_secs_hsf"": 0.015527}"
ct,"ct:n=32,L=4,t=48,nn=1",1,"{""n"": 32.0, ""L"": 4.0, ""t"": 48.0, ""nn"": 1.0}",sv,toolarge,,0.0045,1884160,,,-0.0,,"TooLarge { what: ""state vector"", bytes: 68719476736, limit: 1073741824 }","{""n"": 32, ""gates"": 281, ""g2"": 62, ""g3"": 0, ""depth2"": 4, ""t_count"": 48, ""rotations"": 48, ""d"": 24, ""dense_l"": 25.6942, ""redundant"": 24, ""obs_zero"": false, ""frame_l"": 17.585, ""chi_bits"": 2, ""mps_l"": 11.7202, ""hsf_k"": 2, ""hsf_na"": 16, ""hsf_nb"": 16, ""hsf_l"": 34.0062, ""sup"": 32, ""chi_bits0"": 2, ""mps_l0"": 11.7202, ""hsf_keff"": 2, ""hsf_l0"": 34.0062, ""sparse_l"": 40.1344, ""sv_l"": 40.1344, ""feat_secs"": 0.017163, ""feat_secs_frame"": 0.000339, ""feat_secs_hsf"": 0.014712}"
ct,"ct:n=32,L=4,t=48,nn=1",1,"{""n"": 32.0, ""L"": 4.0, ""t"": 48.0, ""nn"": 1.0}",sparse,skipped,,,,,,-0.0,,,"{""n"": 32, ""gates"": 281, ""g2"": 62, ""g3"": 0, ""depth2"": 4, ""t_count"": 48, ""rotations"": 48, ""d"": 24, ""dense_l"": 25.6942, ""redundant"": 24, ""obs_zero"": false, ""frame_l"": 17.585, ""chi_bits"": 2, ""mps_l"": 11.7202, ""hsf_k"": 2, ""hsf_na"": 16, ""hsf_nb"": 16, ""hsf_l"": 34.0062, ""sup"": 32, ""chi_bits0"": 2, ""mps_l0"": 11.7202, ""hsf_keff"": 2, ""hsf_l0"": 34.0062, ""sparse_l"": 40.1344, ""sv_l"": 40.1344, ""feat_secs"": 0.017163, ""feat_secs_frame"": 0.000339, ""feat_secs_hsf"": 0.014712}"
ct,"ct:n=32,L=4,t=48,nn=1",1,"{""n"": 32.0, ""L"": 4.0, ""t"": 48.0, ""nn"": 1.0}",mps,ok,0.000441,0.0077,2686976,1.221245327087673e-15,4,-0.0,1.221245327087673e-15,,"{""n"": 32, ""gates"": 281, ""g2"": 62, ""g3"": 0, ""depth2"": 4, ""t_count"": 48, ""rotations"": 48, ""d"": 24, ""dense_l"": 25.6942, ""redundant"": 24, ""obs_zero"": false, ""frame_l"": 17.585, ""chi_bits"": 2, ""mps_l"": 11.7202, ""hsf_k"": 2, ""hsf_na"": 16, ""hsf_nb"": 16, ""hsf_l"": 34.0062, ""sup"": 32, ""chi_bits0"": 2, ""mps_l0"": 11.7202, ""hsf_keff"": 2, ""hsf_l0"": 34.0062, ""sparse_l"": 40.1344, ""sv_l"": 40.1344, ""feat_secs"": 0.017163, ""feat_secs_frame"": 0.000339, ""feat_secs_hsf"": 0.014712}"
ct,"ct:n=32,L=4,t=48,nn=1",1,"{""n"": 32.0, ""L"": 4.0, ""t"": 48.0, ""nn"": 1.0}",hsf,skipped,,,,,,-0.0,,,"{""n"": 32, ""gates"": 281, ""g2"": 62, ""g3"": 0, ""depth2"": 4, ""t_count"": 48, ""rotations"": 48, ""d"": 24, ""dense_l"": 25.6942, ""redundant"": 24, ""obs_zero"": false, ""frame_l"": 17.585, ""chi_bits"": 2, ""mps_l"": 11.7202, ""hsf_k"": 2, ""hsf_na"": 16, ""hsf_nb"": 16, ""hsf_l"": 34.0062, ""sup"": 32, ""chi_bits0"": 2, ""mps_l0"": 11.7202, ""hsf_keff"": 2, ""hsf_l0"": 34.0062, ""sparse_l"": 40.1344, ""sv_l"": 40.1344, ""feat_secs"": 0.017163, ""feat_secs_frame"": 0.000339, ""feat_secs_hsf"": 0.014712}"
ct,"ct:n=32,L=4,t=48,nn=1",1,"{""n"": 32.0, ""L"": 4.0, ""t"": 48.0, ""nn"": 1.0}",tableau,na,,0.0047,1884160,,,-0.0,,"TooLarge { what: ""tableau (non-Clifford circuit)"", bytes: 0, limit: 0 }","{""n"": 32, ""gates"": 281, ""g2"": 62, ""g3"": 0, ""depth2"": 4, ""t_count"": 48, ""rotations"": 48, ""d"": 24, ""dense_l"": 25.6942, ""redundant"": 24, ""obs_zero"": false, ""frame_l"": 17.585, ""chi_bits"": 2, ""mps_l"": 11.7202, ""hsf_k"": 2, ""hsf_na"": 16, ""hsf_nb"": 16, ""hsf_l"": 34.0062, ""sup"": 32, ""chi_bits0"": 2, ""mps_l0"": 11.7202, ""hsf_keff"": 2, ""hsf_l0"": 34.0062, ""sparse_l"": 40.1344, ""sv_l"": 40.1344, ""feat_secs"": 0.017163, ""feat_secs_frame"": 0.000339, ""feat_secs_hsf"": 0.014712}"
ct,"ct:n=32,L=4,t=48,nn=1",1,"{""n"": 32.0, ""L"": 4.0, ""t"": 48.0, ""nn"": 1.0}",cstate,ok,0.117783,0.1234,271204352,-2.536992399013819e-18,24,-0.0,2.536992399013819e-18,,"{""n"": 32, ""gates"": 281, ""g2"": 62, ""g3"": 0, ""depth2"": 4, ""t_count"": 48, ""rotations"": 48, ""d"": 24, ""dense_l"": 25.6942, ""redundant"": 24, ""obs_zero"": false, ""frame_l"": 17.585, ""chi_bits"": 2, ""mps_l"": 11.7202, ""hsf_k"": 2, ""hsf_na"": 16, ""hsf_nb"": 16, ""hsf_l"": 34.0062, ""sup"": 32, ""chi_bits0"": 2, ""mps_l0"": 11.7202, ""hsf_keff"": 2, ""hsf_l0"": 34.0062, ""sparse_l"": 40.1344, ""sv_l"": 40.1344, ""feat_secs"": 0.017163, ""feat_secs_frame"": 0.000339, ""feat_secs_hsf"": 0.014712}"
ct,"ct:n=32,L=4,t=48,nn=1",1,"{""n"": 32.0, ""L"": 4.0, ""t"": 48.0, ""nn"": 1.0}",frame,ok,0.000497,0.0077,2555904,-0.0,1,-0.0,0.0,switched_at=None dense_qubits=0 peak_terms=1 term_visits=14 dense_ops=0,"{""n"": 32, ""gates"": 281, ""g2"": 62, ""g3"": 0, ""depth2"": 4, ""t_count"": 48, ""rotations"": 48, ""d"": 24, ""dense_l"": 25.6942, ""redundant"": 24, ""obs_zero"": false, ""frame_l"": 17.585, ""chi_bits"": 2, ""mps_l"": 11.7202, ""hsf_k"": 2, ""hsf_na"": 16, ""hsf_nb"": 16, ""hsf_l"": 34.0062, ""sup"": 32, ""chi_bits0"": 2, ""mps_l0"": 11.7202, ""hsf_keff"": 2, ""hsf_l0"": 34.0062, ""sparse_l"": 40.1344, ""sv_l"": 40.1344, ""feat_secs"": 0.017163, ""feat_secs_frame"": 0.000339, ""feat_secs_hsf"": 0.014712}"
ct,"ct:n=32,L=4,t=48,nn=1",1,"{""n"": 32.0, ""L"": 4.0, ""t"": 48.0, ""nn"": 1.0}",dense,ok,0.11612,0.1216,271351808,-6.75523579961986e-18,24,-0.0,6.75523579961986e-18,switched_at=Some(44) dense_qubits=24 peak_terms=1 term_visits=0 dense_ops=70395810,"{""n"": 32, ""gates"": 281, ""g2"": 62, ""g3"": 0, ""depth2"": 4, ""t_count"": 48, ""rotations"": 48, ""d"": 24, ""dense_l"": 25.6942, ""redundant"": 24, ""obs_zero"": false, ""frame_l"": 17.585, ""chi_bits"": 2, ""mps_l"": 11.7202, ""hsf_k"": 2, ""hsf_na"": 16, ""hsf_nb"": 16, ""hsf_l"": 34.0062, ""sup"": 32, ""chi_bits0"": 2, ""mps_l0"": 11.7202, ""hsf_keff"": 2, ""hsf_l0"": 34.0062, ""sparse_l"": 40.1344, ""sv_l"": 40.1344, ""feat_secs"": 0.017163, ""feat_secs_frame"": 0.000339, ""feat_secs_hsf"": 0.014712}"
ct,"ct:n=32,L=4,t=48,nn=1",1,"{""n"": 32.0, ""L"": 4.0, ""t"": 48.0, ""nn"": 1.0}",auto,ok,0.000471,0.0076,2555904,-0.0,0,-0.0,0.0,switched_at=None dense_qubits=0 peak_terms=1 term_visits=14 dense_ops=0,"{""n"": 32, ""gates"": 281, ""g2"": 62, ""g3"": 0, ""depth2"": 4, ""t_count"": 48, ""rotations"": 48, ""d"": 24, ""dense_l"": 25.6942, ""redundant"": 24, ""obs_zero"": false, ""frame_l"": 17.585, ""chi_bits"": 2, ""mps_l"": 11.7202, ""hsf_k"": 2, ""hsf_na"": 16, ""hsf_nb"": 16, ""hsf_l"": 34.0062, ""sup"": 32, ""chi_bits0"": 2, ""mps_l0"": 11.7202, ""hsf_keff"": 2, ""hsf_l0"": 34.0062, ""sparse_l"": 40.1344, ""sv_l"": 40.1344, ""feat_secs"": 0.017163, ""feat_secs_frame"": 0.000339, ""feat_secs_hsf"": 0.014712}"
ct,"ct:n=32,L=4,t=64,nn=1",1,"{""n"": 32.0, ""L"": 4.0, ""t"": 64.0, ""nn"": 1.0}",sv,toolarge,,0.0044,1900544,,,-0.0,,"TooLarge { what: ""state vector"", bytes: 68719476736, limit: 1073741824 }","{""n"": 32, ""gates"": 324, ""g2"": 62, ""g3"": 0, ""depth2"": 4, ""t_count"": 64, ""rotations"": 64, ""d"": 27, ""dense_l"": 29.5919, ""redundant"": 37, ""obs_zero"": true, ""frame_l"": 8.3399, ""chi_bits"": 2, ""mps_l"": 11.7993, ""hsf_k"": 2, ""hsf_na"": 16, ""hsf_nb"": 16, ""hsf_l"": 34.0071, ""sup"": 32, ""chi_bits0"": 2, ""mps_l0"": 11.7993, ""hsf_keff"": 2, ""hsf_l0"": 34.0071, ""sparse_l"": 40.3399, ""sv_l"": 40.3399, ""feat_secs"": 0.015154, ""feat_secs_frame"": 0.000349, ""feat_secs_hsf"": 0.014718}"
ct,"ct:n=32,L=4,t=64,nn=1",1,"{""n"": 32.0, ""L"": 4.0, ""t"": 64.0, ""nn"": 1.0}",sparse,skipped,,,,,,-0.0,,,"{""n"": 32, ""gates"": 324, ""g2"": 62, ""g3"": 0, ""depth2"": 4, ""t_count"": 64, ""rotations"": 64, ""d"": 27, ""dense_l"": 29.5919, ""redundant"": 37, ""obs_zero"": true, ""frame_l"": 8.3399, ""chi_bits"": 2, ""mps_l"": 11.7993, ""hsf_k"": 2, ""hsf_na"": 16, ""hsf_nb"": 16, ""hsf_l"": 34.0071, ""sup"": 32, ""chi_bits0"": 2, ""mps_l0"": 11.7993, ""hsf_keff"": 2, ""hsf_l0"": 34.0071, ""sparse_l"": 40.3399, ""sv_l"": 40.3399, ""feat_secs"": 0.015154, ""feat_secs_frame"": 0.000349, ""feat_secs_hsf"": 0.014718}"
ct,"ct:n=32,L=4,t=64,nn=1",1,"{""n"": 32.0, ""L"": 4.0, ""t"": 64.0, ""nn"": 1.0}",mps,ok,0.000466,0.0046,2670592,1.158696254959494e-15,4,-0.0,1.158696254959494e-15,,"{""n"": 32, ""gates"": 324, ""g2"": 62, ""g3"": 0, ""depth2"": 4, ""t_count"": 64, ""rotations"": 64, ""d"": 27, ""dense_l"": 29.5919, ""redundant"": 37, ""obs_zero"": true, ""frame_l"": 8.3399, ""chi_bits"": 2, ""mps_l"": 11.7993, ""hsf_k"": 2, ""hsf_na"": 16, ""hsf_nb"": 16, ""hsf_l"": 34.0071, ""sup"": 32, ""chi_bits0"": 2, ""mps_l0"": 11.7993, ""hsf_keff"": 2, ""hsf_l0"": 34.0071, ""sparse_l"": 40.3399, ""sv_l"": 40.3399, ""feat_secs"": 0.015154, ""feat_secs_frame"": 0.000349, ""feat_secs_hsf"": 0.014718}"
ct,"ct:n=32,L=4,t=64,nn=1",1,"{""n"": 32.0, ""L"": 4.0, ""t"": 64.0, ""nn"": 1.0}",hsf,skipped,,,,,,-0.0,,,"{""n"": 32, ""gates"": 324, ""g2"": 62, ""g3"": 0, ""depth2"": 4, ""t_count"": 64, ""rotations"": 64, ""d"": 27, ""dense_l"": 29.5919, ""redundant"": 37, ""obs_zero"": true, ""frame_l"": 8.3399, ""chi_bits"": 2, ""mps_l"": 11.7993, ""hsf_k"": 2, ""hsf_na"": 16, ""hsf_nb"": 16, ""hsf_l"": 34.0071, ""sup"": 32, ""chi_bits0"": 2, ""mps_l0"": 11.7993, ""hsf_keff"": 2, ""hsf_l0"": 34.0071, ""sparse_l"": 40.3399, ""sv_l"": 40.3399, ""feat_secs"": 0.015154, ""feat_secs_frame"": 0.000349, ""feat_secs_hsf"": 0.014718}"
ct,"ct:n=32,L=4,t=64,nn=1",1,"{""n"": 32.0, ""L"": 4.0, ""t"": 64.0, ""nn"": 1.0}",tableau,na,,0.0046,1900544,,,-0.0,,"TooLarge { what: ""tableau (non-Clifford circuit)"", bytes: 0, limit: 0 }","{""n"": 32, ""gates"": 324, ""g2"": 62, ""g3"": 0, ""depth2"": 4, ""t_count"": 64, ""rotations"": 64, ""d"": 27, ""dense_l"": 29.5919, ""redundant"": 37, ""obs_zero"": true, ""frame_l"": 8.3399, ""chi_bits"": 2, ""mps_l"": 11.7993, ""hsf_k"": 2, ""hsf_na"": 16, ""hsf_nb"": 16, ""hsf_l"": 34.0071, ""sup"": 32, ""chi_bits0"": 2, ""mps_l0"": 11.7993, ""hsf_keff"": 2, ""hsf_l0"": 34.0071, ""sparse_l"": 40.3399, ""sv_l"": 40.3399, ""feat_secs"": 0.015154, ""feat_secs_frame"": 0.000349, ""feat_secs_hsf"": 0.014718}"
ct,"ct:n=32,L=4,t=64,nn=1",1,"{""n"": 32.0, ""L"": 4.0, ""t"": 64.0, ""nn"": 1.0}",cstate,toolarge,,0.0046,2113536,,,-0.0,,"TooLarge { what: ""compressed state vector"", bytes: 2147483648, limit: 1073741824 }","{""n"": 32, ""gates"": 324, ""g2"": 62, ""g3"": 0, ""depth2"": 4, ""t_count"": 64, ""rotations"": 64, ""d"": 27, ""dense_l"": 29.5919, ""redundant"": 37, ""obs_zero"": true, ""frame_l"": 8.3399, ""chi_bits"": 2, ""mps_l"": 11.7993, ""hsf_k"": 2, ""hsf_na"": 16, ""hsf_nb"": 16, ""hsf_l"": 34.0071, ""sup"": 32, ""chi_bits0"": 2, ""mps_l0"": 11.7993, ""hsf_keff"": 2, ""hsf_l0"": 34.0071, ""sparse_l"": 40.3399, ""sv_l"": 40.3399, ""feat_secs"": 0.015154, ""feat_secs_frame"": 0.000349, ""feat_secs_hsf"": 0.014718}"
ct,"ct:n=32,L=4,t=64,nn=1",1,"{""n"": 32.0, ""L"": 4.0, ""t"": 64.0, ""nn"": 1.0}",frame,ok,0.00028,0.0047,2539520,-0.0,0,-0.0,0.0,switched_at=None dense_qubits=0 peak_terms=0 term_visits=0 dense_ops=0,"{""n"": 32, ""gates"": 324, ""g2"": 62, ""g3"": 0, ""depth2"": 4, ""t_count"": 64, ""rotations"": 64, ""d"": 27, ""dense_l"": 29.5919, ""redundant"": 37, ""obs_zero"": true, ""frame_l"": 8.3399, ""chi_bits"": 2, ""mps_l"": 11.7993, ""hsf_k"": 2, ""hsf_na"": 16, ""hsf_nb"": 16, ""hsf_l"": 34.0071, ""sup"": 32, ""chi_bits0"": 2, ""mps_l0"": 11.7993, ""hsf_keff"": 2, ""hsf_l0"": 34.0071, ""sparse_l"": 40.3399, ""sv_l"": 40.3399, ""feat_secs"": 0.015154, ""feat_secs_frame"": 0.000349, ""feat_secs_hsf"": 0.014718}"
ct,"ct:n=32,L=4,t=64,nn=1",1,"{""n"": 32.0, ""L"": 4.0, ""t"": 64.0, ""nn"": 1.0}",dense,ok,0.00027,0.0043,2523136,-0.0,0,-0.0,0.0,switched_at=None dense_qubits=0 peak_terms=0 term_visits=0 dense_ops=0,"{""n"": 32, ""gates"": 324, ""g2"": 62, ""g3"": 0, ""depth2"": 4, ""t_count"": 64, ""rotations"": 64, ""d"": 27, ""dense_l"": 29.5919, ""redundant"": 37, ""obs_zero"": true, ""frame_l"": 8.3399, ""chi_bits"": 2, ""mps_l"": 11.7993, ""hsf_k"": 2, ""hsf_na"": 16, ""hsf_nb"": 16, ""hsf_l"": 34.0071, ""sup"": 32, ""chi_bits0"": 2, ""mps_l0"": 11.7993, ""hsf_keff"": 2, ""hsf_l0"": 34.0071, ""sparse_l"": 40.3399, ""sv_l"": 40.3399, ""feat_secs"": 0.015154, ""feat_secs_frame"": 0.000349, ""feat_secs_hsf"": 0.014718}"
ct,"ct:n=32,L=4,t=64,nn=1",1,"{""n"": 32.0, ""L"": 4.0, ""t"": 64.0, ""nn"": 1.0}",auto,ok,0.000328,0.0045,2523136,-0.0,0,-0.0,0.0,switched_at=None dense_qubits=0 peak_terms=0 term_visits=0 dense_ops=0,"{""n"": 32, ""gates"": 324, ""g2"": 62, ""g3"": 0, ""depth2"": 4, ""t_count"": 64, ""rotations"": 64, ""d"": 27, ""dense_l"": 29.5919, ""redundant"": 37, ""obs_zero"": true, ""frame_l"": 8.3399, ""chi_bits"": 2, ""mps_l"": 11.7993, ""hsf_k"": 2, ""hsf_na"": 16, ""hsf_nb"": 16, ""hsf_l"": 34.0071, ""sup"": 32, ""chi_bits0"": 2, ""mps_l0"": 11.7993, ""hsf_keff"": 2, ""hsf_l0"": 34.0071, ""sparse_l"": 40.3399, ""sv_l"": 40.3399, ""feat_secs"": 0.015154, ""feat_secs_frame"": 0.000349, ""feat_secs_hsf"": 0.014718}"
ct,"ct:n=32,L=8,t=0,nn=1",1,"{""n"": 32.0, ""L"": 8.0, ""t"": 0.0, ""nn"": 1.0}",sv,toolarge,,0.0047,1884160,,,-0.0,,"TooLarge { what: ""state vector"", bytes: 68719476736, limit: 1073741824 }","{""n"": 32, ""gates"": 377, ""g2"": 124, ""g3"": 0, ""depth2"": 8, ""t_count"": 0, ""rotations"": 0, ""d"": 0, ""dense_l"": 0.0, ""redundant"": 0, ""obs_zero"": true, ""frame_l"": 8.5584, ""chi_bits"": 4, ""mps_l"": 17.0008, ""hsf_k"": 4, ""hsf_na"": 16, ""hsf_nb"": 16, ""hsf_l"": 35.0083, ""sup"": 32, ""chi_bits0"": 4, ""mps_l0"": 17.0008, ""hsf_keff"": 3, ""hsf_l0"": 36.0083, ""sparse_l"": 40.5584, ""sv_l"": 40.5584, ""feat_secs"": 0.01994, ""feat_secs_frame"": 0.000447, ""feat_secs_hsf"": 0.01939}"
ct,"ct:n=32,L=8,t=0,nn=1",1,"{""n"": 32.0, ""L"": 8.0, ""t"": 0.0, ""nn"": 1.0}",sparse,skipped,,,,,,-0.0,,,"{""n"": 32, ""gates"": 377, ""g2"": 124, ""g3"": 0, ""depth2"": 8, ""t_count"": 0, ""rotations"": 0, ""d"": 0, ""dense_l"": 0.0, ""redundant"": 0, ""obs_zero"": true, ""frame_l"": 8.5584, ""chi_bits"": 4, ""mps_l"": 17.0008, ""hsf_k"": 4, ""hsf_na"": 16, ""hsf_nb"": 16, ""hsf_l"": 35.0083, ""sup"": 32, ""chi_bits0"": 4, ""mps_l0"": 17.0008, ""hsf_keff"": 3, ""hsf_l0"": 36.0083, ""sparse_l"": 40.5584, ""sv_l"": 40.5584, ""feat_secs"": 0.01994, ""feat_secs_frame"": 0.000447, ""feat_secs_hsf"": 0.01939}"
ct,"ct:n=32,L=8,t=0,nn=1",1,"{""n"": 32.0, ""L"": 8.0, ""t"": 0.0, ""nn"": 1.0}",mps,ok,0.001064,0.0072,2867200,-1.310422003616697e-16,8,-0.0,1.310422003616697e-16,,"{""n"": 32, ""gates"": 377, ""g2"": 124, ""g3"": 0, ""depth2"": 8, ""t_count"": 0, ""rotations"": 0, ""d"": 0, ""dense_l"": 0.0, ""redundant"": 0, ""obs_zero"": true, ""frame_l"": 8.5584, ""chi_bits"": 4, ""mps_l"": 17.0008, ""hsf_k"": 4, ""hsf_na"": 16, ""hsf_nb"": 16, ""hsf_l"": 35.0083, ""sup"": 32, ""chi_bits0"": 4, ""mps_l0"": 17.0008, ""hsf_keff"": 3, ""hsf_l0"": 36.0083, ""sparse_l"": 40.5584, ""sv_l"": 40.5584, ""feat_secs"": 0.01994, ""feat_secs_frame"": 0.000447, ""feat_secs_hsf"": 0.01939}"
ct,"ct:n=32,L=8,t=0,nn=1",1,"{""n"": 32.0, ""L"": 8.0, ""t"": 0.0, ""nn"": 1.0}",hsf,skipped,,,,,,-0.0,,,"{""n"": 32, ""gates"": 377, ""g2"": 124, ""g3"": 0, ""depth2"": 8, ""t_count"": 0, ""rotations"": 0, ""d"": 0, ""dense_l"": 0.0, ""redundant"": 0, ""obs_zero"": true, ""frame_l"": 8.5584, ""chi_bits"": 4, ""mps_l"": 17.0008, ""hsf_k"": 4, ""hsf_na"": 16, ""hsf_nb"": 16, ""hsf_l"": 35.0083, ""sup"": 32, ""chi_bits0"": 4, ""mps_l0"": 17.0008, ""hsf_keff"": 3, ""hsf_l0"": 36.0083, ""sparse_l"": 40.5584, ""sv_l"": 40.5584, ""feat_secs"": 0.01994, ""feat_secs_frame"": 0.000447, ""feat_secs_hsf"": 0.01939}"
ct,"ct:n=32,L=8,t=0,nn=1",1,"{""n"": 32.0, ""L"": 8.0, ""t"": 0.0, ""nn"": 1.0}",tableau,ok,6.5e-05,0.0050,2097152,-0.0,0,-0.0,0.0,value recomputed after the C-vs-C† fix (timing from the original run),"{""n"": 32, ""gates"": 377, ""g2"": 124, ""g3"": 0, ""depth2"": 8, ""t_count"": 0, ""rotations"": 0, ""d"": 0, ""dense_l"": 0.0, ""redundant"": 0, ""obs_zero"": true, ""frame_l"": 8.5584, ""chi_bits"": 4, ""mps_l"": 17.0008, ""hsf_k"": 4, ""hsf_na"": 16, ""hsf_nb"": 16, ""hsf_l"": 35.0083, ""sup"": 32, ""chi_bits0"": 4, ""mps_l0"": 17.0008, ""hsf_keff"": 3, ""hsf_l0"": 36.0083, ""sparse_l"": 40.5584, ""sv_l"": 40.5584, ""feat_secs"": 0.01994, ""feat_secs_frame"": 0.000447, ""feat_secs_hsf"": 0.01939}"
ct,"ct:n=32,L=8,t=0,nn=1",1,"{""n"": 32.0, ""L"": 8.0, ""t"": 0.0, ""nn"": 1.0}",cstate,ok,0.000221,0.0047,2048000,0.0,0,-0.0,0.0,,"{""n"": 32, ""gates"": 377, ""g2"": 124, ""g3"": 0, ""depth2"": 8, ""t_count"": 0, ""rotations"": 0, ""d"": 0, ""dense_l"": 0.0, ""redundant"": 0, ""obs_zero"": true, ""frame_l"": 8.5584, ""chi_bits"": 4, ""mps_l"": 17.0008, ""hsf_k"": 4, ""hsf_na"": 16, ""hsf_nb"": 16, ""hsf_l"": 35.0083, ""sup"": 32, ""chi_bits0"": 4, ""mps_l0"": 17.0008, ""hsf_keff"": 3, ""hsf_l0"": 36.0083, ""sparse_l"": 40.5584, ""sv_l"": 40.5584, ""feat_secs"": 0.01994, ""feat_secs_frame"": 0.000447, ""feat_secs_hsf"": 0.01939}"
ct,"ct:n=32,L=8,t=0,nn=1",1,"{""n"": 32.0, ""L"": 8.0, ""t"": 0.0, ""nn"": 1.0}",frame,ok,0.000312,0.0046,2211840,-0.0,0,-0.0,0.0,switched_at=None dense_qubits=0 peak_terms=0 term_visits=0 dense_ops=0,"{""n"": 32, ""gates"": 377, ""g2"": 124, ""g3"": 0, ""depth2"": 8, ""t_count"": 0, ""rotations"": 0, ""d"": 0, ""dense_l"": 0.0, ""redundant"": 0, ""obs_zero"": true, ""frame_l"": 8.5584, ""chi_bits"": 4, ""mps_l"": 17.0008, ""hsf_k"": 4, ""hsf_na"": 16, ""hsf_nb"": 16, ""hsf_l"": 35.0083, ""sup"": 32, ""chi_bits0"": 4, ""mps_l0"": 17.0008, ""hsf_keff"": 3, ""hsf_l0"": 36.0083, ""sparse_l"": 40.5584, ""sv_l"": 40.5584, ""feat_secs"": 0.01994, ""feat_secs_frame"": 0.000447, ""feat_secs_hsf"": 0.01939}"
ct,"ct:n=32,L=8,t=0,nn=1",1,"{""n"": 32.0, ""L"": 8.0, ""t"": 0.0, ""nn"": 1.0}",dense,ok,0.000237,0.0047,2195456,-0.0,0,-0.0,0.0,switched_at=None dense_qubits=0 peak_terms=0 term_visits=0 dense_ops=0,"{""n"": 32, ""gates"": 377, ""g2"": 124, ""g3"": 0, ""depth2"": 8, ""t_count"": 0, ""rotations"": 0, ""d"": 0, ""dense_l"": 0.0, ""redundant"": 0, ""obs_zero"": true, ""frame_l"": 8.5584, ""chi_bits"": 4, ""mps_l"": 17.0008, ""hsf_k"": 4, ""hsf_na"": 16, ""hsf_nb"": 16, ""hsf_l"": 35.0083, ""sup"": 32, ""chi_bits0"": 4, ""mps_l0"": 17.0008, ""hsf_keff"": 3, ""hsf_l0"": 36.0083, ""sparse_l"": 40.5584, ""sv_l"": 40.5584, ""feat_secs"": 0.01994, ""feat_secs_frame"": 0.000447, ""feat_secs_hsf"": 0.01939}"
ct,"ct:n=32,L=8,t=0,nn=1",1,"{""n"": 32.0, ""L"": 8.0, ""t"": 0.0, ""nn"": 1.0}",auto,ok,0.000231,0.0072,2195456,-0.0,0,-0.0,0.0,switched_at=None dense_qubits=0 peak_terms=0 term_visits=0 dense_ops=0,"{""n"": 32, ""gates"": 377, ""g2"": 124, ""g3"": 0, ""depth2"": 8, ""t_count"": 0, ""rotations"": 0, ""d"": 0, ""dense_l"": 0.0, ""redundant"": 0, ""obs_zero"": true, ""frame_l"": 8.5584, ""chi_bits"": 4, ""mps_l"": 17.0008, ""hsf_k"": 4, ""hsf_na"": 16, ""hsf_nb"": 16, ""hsf_l"": 35.0083, ""sup"": 32, ""chi_bits0"": 4, ""mps_l0"": 17.0008, ""hsf_keff"": 3, ""hsf_l0"": 36.0083, ""sparse_l"": 40.5584, ""sv_l"": 40.5584, ""feat_secs"": 0.01994, ""feat_secs_frame"": 0.000447, ""feat_secs_hsf"": 0.01939}"
ct,"ct:n=32,L=8,t=4,nn=1",1,"{""n"": 32.0, ""L"": 8.0, ""t"": 4.0, ""nn"": 1.0}",sv,toolarge,,0.0049,1900544,,,0.0,,"TooLarge { what: ""state vector"", bytes: 68719476736, limit: 1073741824 }","{""n"": 32, ""gates"": 382, ""g2"": 124, ""g3"": 0, ""depth2"": 8, ""t_count"": 4, ""rotations"": 4, ""d"": 4, ""dense_l"": 4.9069, ""redundant"": 0, ""obs_zero"": true, ""frame_l"": 8.5774, ""chi_bits"": 4, ""mps_l"": 17.0047, ""hsf_k"": 4, ""hsf_na"": 16, ""hsf_nb"": 16, ""hsf_l"": 36.0084, ""sup"": 32, ""chi_bits0"": 4, ""mps_l0"": 17.0047, ""hsf_keff"": 4, ""hsf_l0"": 36.0084, ""sparse_l"": 40.5774, ""sv_l"": 40.5774, ""feat_secs"": 0.019907, ""feat_secs_frame"": 0.002858, ""feat_secs_hsf"": 0.016942}"
ct,"ct:n=32,L=8,t=4,nn=1",1,"{""n"": 32.0, ""L"": 8.0, ""t"": 4.0, ""nn"": 1.0}",sparse,skipped,,,,,,0.0,,,"{""n"": 32, ""gates"": 382, ""g2"": 124, ""g3"": 0, ""depth2"": 8, ""t_count"": 4, ""rotations"": 4, ""d"": 4, ""dense_l"": 4.9069, ""redundant"": 0, ""obs_zero"": true, ""frame_l"": 8.5774, ""chi_bits"": 4, ""mps_l"": 17.0047, ""hsf_k"": 4, ""hsf_na"": 16, ""hsf_nb"": 16, ""hsf_l"": 36.0084, ""sup"": 32, ""chi_bits0"": 4, ""mps_l0"": 17.0047, ""hsf_keff"": 4, ""hsf_l0"": 36.0084, ""sparse_l"": 40.5774, ""sv_l"": 40.5774, ""feat_secs"": 0.019907, ""feat_secs_frame"": 0.002858, ""feat_secs_hsf"": 0.016942}"
ct,"ct:n=32,L=8,t=4,nn=1",1,"{""n"": 32.0, ""L"": 8.0, ""t"": 4.0, ""nn"": 1.0}",mps,ok,0.001144,0.0074,2899968,7.251336147141059e-16,8,0.0,7.251336147141059e-16,,"{""n"": 32, ""gates"": 382, ""g2"": 124, ""g3"": 0, ""depth2"": 8, ""t_count"": 4, ""rotations"": 4, ""d"": 4, ""dense_l"": 4.9069, ""redundant"": 0, ""obs_zero"": true, ""frame_l"": 8.5774, ""chi_bits"": 4, ""mps_l"": 17.0047, ""hsf_k"": 4, ""hsf_na"": 16, ""hsf_nb"": 16, ""hsf_l"": 36.0084, ""sup"": 32, ""chi_bits0"": 4, ""mps_l0"": 17.0047, ""hsf_keff"": 4, ""hsf_l0"": 36.0084, ""sparse_l"": 40.5774, ""sv_l"": 40.5774, ""feat_secs"": 0.019907, ""feat_secs_frame"": 0.002858, ""feat_secs_hsf"": 0.016942}"
ct,"ct:n=32,L=8,t=4,nn=1",1,"{""n"": 32.0, ""L"": 8.0, ""t"": 4.0, ""nn"": 1.0}",hsf,skipped,,,,,,0.0,,,"{""n"": 32, ""gates"": 382, ""g2"": 124, ""g3"": 0, ""depth2"": 8, ""t_count"": 4, ""rotations"": 4, ""d"": 4, ""dense_l"": 4.9069, ""redundant"": 0, ""obs_zero"": true, ""frame_l"": 8.5774, ""chi_bits"": 4, ""mps_l"": 17.0047, ""hsf_k"": 4, ""hsf_na"": 16, ""hsf_nb"": 16, ""hsf_l"": 36.0084, ""sup"": 32, ""chi_bits0"": 4, ""mps_l0"": 17.0047, ""hsf_keff"": 4, ""hsf_l0"": 36.0084, ""sparse_l"": 40.5774, ""sv_l"": 40.5774, ""feat_secs"": 0.019907, ""feat_secs_frame"": 0.002858, ""feat_secs_hsf"": 0.016942}"
ct,"ct:n=32,L=8,t=4,nn=1",1,"{""n"": 32.0, ""L"": 8.0, ""t"": 4.0, ""nn"": 1.0}",tableau,na,,0.0048,1900544,,,0.0,,"TooLarge { what: ""tableau (non-Clifford circuit)"", bytes: 0, limit: 0 }","{""n"": 32, ""gates"": 382, ""g2"": 124, ""g3"": 0, ""depth2"": 8, ""t_count"": 4, ""rotations"": 4, ""d"": 4, ""dense_l"": 4.9069, ""redundant"": 0, ""obs_zero"": true, ""frame_l"": 8.5774, ""chi_bits"": 4, ""mps_l"": 17.0047, ""hsf_k"": 4, ""hsf_na"": 16, ""hsf_nb"": 16, ""hsf_l"": 36.0084, ""sup"": 32, ""chi_bits0"": 4, ""mps_l0"": 17.0047, ""hsf_keff"": 4, ""hsf_l0"": 36.0084, ""sparse_l"": 40.5774, ""sv_l"": 40.5774, ""feat_secs"": 0.019907, ""feat_secs_frame"": 0.002858, ""feat_secs_hsf"": 0.016942}"
ct,"ct:n=32,L=8,t=4,nn=1",1,"{""n"": 32.0, ""L"": 8.0, ""t"": 4.0, ""nn"": 1.0}",cstate,ok,0.000305,0.0073,2048000,0.0,4,0.0,0.0,,"{""n"": 32, ""gates"": 382, ""g2"": 124, ""g3"": 0, ""depth2"": 8, ""t_count"": 4, ""rotations"": 4, ""d"": 4, ""dense_l"": 4.9069, ""redundant"": 0, ""obs_zero"": true, ""frame_l"": 8.5774, ""chi_bits"": 4, ""mps_l"": 17.0047, ""hsf_k"": 4, ""hsf_na"": 16, ""hsf_nb"": 16, ""hsf_l"": 36.0084, ""sup"": 32, ""chi_bits0"": 4, ""mps_l0"": 17.0047, ""hsf_keff"": 4, ""hsf_l0"": 36.0084, ""sparse_l"": 40.5774, ""sv_l"": 40.5774, ""feat_secs"": 0.019907, ""feat_secs_frame"": 0.002858, ""feat_secs_hsf"": 0.016942}"
ct,"ct:n=32,L=8,t=4,nn=1",1,"{""n"": 32.0, ""L"": 8.0, ""t"": 4.0, ""nn"": 1.0}",frame,ok,0.00035,0.0045,2490368,-0.0,0,0.0,0.0,switched_at=None dense_qubits=0 peak_terms=0 term_visits=0 dense_ops=0,"{""n"": 32, ""gates"": 382, ""g2"": 124, ""g3"": 0, ""depth2"": 8, ""t_count"": 4, ""rotations"": 4, ""d"": 4, ""dense_l"": 4.9069, ""redundant"": 0, ""obs_zero"": true, ""frame_l"": 8.5774, ""chi_bits"": 4, ""mps_l"": 17.0047, ""hsf_k"": 4, ""hsf_na"": 16, ""hsf_nb"": 16, ""hsf_l"": 36.0084, ""sup"": 32, ""chi_bits0"": 4, ""mps_l0"": 17.0047, ""hsf_keff"": 4, ""hsf_l0"": 36.0084, ""sparse_l"": 40.5774, ""sv_l"": 40.5774, ""feat_secs"": 0.019907, ""feat_secs_frame"": 0.002858, ""feat_secs_hsf"": 0.016942}"
ct,"ct:n=32,L=8,t=4,nn=1",1,"{""n"": 32.0, ""L"": 8.0, ""t"": 4.0, ""nn"": 1.0}",dense,ok,0.000239,0.0046,2244608,0.0,4,0.0,0.0,switched_at=Some(4) dense_qubits=4 peak_terms=0 term_visits=0 dense_ops=30,"{""n"": 32, ""gates"": 382, ""g2"": 124, ""g3"": 0, ""depth2"": 8, ""t_count"": 4, ""rotations"": 4, ""d"": 4, ""dense_l"": 4.9069, ""redundant"": 0, ""obs_zero"": true, ""frame_l"": 8.5774, ""chi_bits"": 4, ""mps_l"": 17.0047, ""hsf_k"": 4, ""hsf_na"": 16, ""hsf_nb"": 16, ""hsf_l"": 36.0084, ""sup"": 32, ""chi_bits0"": 4, ""mps_l0"": 17.0047, ""hsf_keff"": 4, ""hsf_l0"": 36.0084, ""sparse_l"": 40.5774, ""sv_l"": 40.5774, ""feat_secs"": 0.019907, ""feat_secs_frame"": 0.002858, ""feat_secs_hsf"": 0.016942}"
ct,"ct:n=32,L=8,t=4,nn=1",1,"{""n"": 32.0, ""L"": 8.0, ""t"": 4.0, ""nn"": 1.0}",auto,ok,0.000325,0.0045,2260992,0.0,4,0.0,0.0,switched_at=Some(4) dense_qubits=4 peak_terms=0 term_visits=0 dense_ops=30,"{""n"": 32, ""gates"": 382, ""g2"": 124, ""g3"": 0, ""depth2"": 8, ""t_count"": 4, ""rotations"": 4, ""d"": 4, ""dense_l"": 4.9069, ""redundant"": 0, ""obs_zero"": true, ""frame_l"": 8.5774, ""chi_bits"": 4, ""mps_l"": 17.0047, ""hsf_k"": 4, ""hsf_na"": 16, ""hsf_nb"": 16, ""hsf_l"": 36.0084, ""sup"": 32, ""chi_bits0"": 4, ""mps_l0"": 17.0047, ""hsf_keff"": 4, ""hsf_l0"": 36.0084, ""sparse_l"": 40.5774, ""sv_l"": 40.5774, ""feat_secs"": 0.019907, ""feat_secs_frame"": 0.002858, ""feat_secs_hsf"": 0.016942}"
ct,"ct:n=32,L=8,t=8,nn=1",1,"{""n"": 32.0, ""L"": 8.0, ""t"": 8.0, ""nn"": 1.0}",sv,toolarge,,0.0047,1900544,,,0.0,,"TooLarge { what: ""state vector"", bytes: 68719476736, limit: 1073741824 }","{""n"": 32, ""gates"": 380, ""g2"": 124, ""g3"": 0, ""depth2"": 8, ""t_count"": 8, ""rotations"": 8, ""d"": 8, ""dense_l"": 8.9944, ""redundant"": 0, ""obs_zero"": true, ""frame_l"": 8.5699, ""chi_bits"": 4, ""mps_l"": 16.9943, ""hsf_k"": 4, ""hsf_na"": 16, ""hsf_nb"": 16, ""hsf_l"": 36.0083, ""sup"": 32, ""chi_bits0"": 4, ""mps_l0"": 16.9943, ""hsf_keff"": 4, ""hsf_l0"": 36.0083, ""sparse_l"": 40.5699, ""sv_l"": 40.5699, ""feat_secs"": 0.014593, ""feat_secs_frame"": 0.000455, ""feat_secs_hsf"": 0.014016}"
ct,"ct:n=32,L=8,t=8,nn=1",1,"{""n"": 32.0, ""L"": 8.0, ""t"": 8.0, ""nn"": 1.0}",sparse,skipped,,,,,,0.0,,,"{""n"": 32, ""gates"": 380, ""g2"": 124, ""g3"": 0, ""depth2"": 8, ""t_count"": 8, ""rotations"": 8, ""d"": 8, ""dense_l"": 8.9944, ""redundant"": 0, ""obs_zero"": true, ""frame_l"": 8.5699, ""chi_bits"": 4, ""mps_l"": 16.9943, ""hsf_k"": 4, ""hsf_na"": 16, ""hsf_nb"": 16, ""hsf_l"": 36.0083, ""sup"": 32, ""chi_bits0"": 4, ""mps_l0"": 16.9943, ""hsf_keff"": 4, ""hsf_l0"": 36.0083, ""sparse_l"": 40.5699, ""sv_l"": 40.5699, ""feat_secs"": 0.014593, ""feat_secs_frame"": 0.000455, ""feat_secs_hsf"": 0.014016}"
ct,"ct:n=32,L=8,t=8,nn=1",1,"{""n"": 32.0, ""L"": 8.0, ""t"": 8.0, ""nn"": 1.0}",mps,ok,0.001081,0.0074,2949120,1.072090317798299e-16,8,0.0,1.072090317798299e-16,,"{""n"": 32, ""gates"": 380, ""g2"": 124, ""g3"": 0, ""depth2"": 8, ""t_count"": 8, ""rotations"": 8, ""d"": 8, ""dense_l"": 8.9944, ""redundant"": 0, ""obs_zero"": true, ""frame_l"": 8.5699, ""chi_bits"": 4, ""mps_l"": 16.9943, ""hsf_k"": 4, ""hsf_na"": 16, ""hsf_nb"": 16, ""hsf_l"": 36.0083, ""sup"": 32, ""chi_bits0"": 4, ""mps_l0"": 16.9943, ""hsf_keff"": 4, ""hsf_l0"": 36.0083, ""sparse_l"": 40.5699, ""sv_l"": 40.5699, ""feat_secs"": 0.014593, ""feat_secs_frame"": 0.000455, ""feat_secs_hsf"": 0.014016}"
ct,"ct:n=32,L=8,t=8,nn=1",1,"{""n"": 32.0, ""L"": 8.0, ""t"": 8.0, ""nn"": 1.0}",hsf,skipped,,,,,,0.0,,,"{""n"": 32, ""gates"": 380, ""g2"": 124, ""g3"": 0, ""depth2"": 8, ""t_count"": 8, ""rotations"": 8, ""d"": 8, ""dense_l"": 8.9944, ""redundant"": 0, ""obs_zero"": true, ""frame_l"": 8.5699, ""chi_bits"": 4, ""mps_l"": 16.9943, ""hsf_k"": 4, ""hsf_na"": 16, ""hsf_nb"": 16, ""hsf_l"": 36.0083, ""sup"": 32, ""chi_bits0"": 4, ""mps_l0"": 16.9943, ""hsf_keff"": 4, ""hsf_l0"": 36.0083, ""sparse_l"": 40.5699, ""sv_l"": 40.5699, ""feat_secs"": 0.014593, ""feat_secs_frame"": 0.000455, ""feat_secs_hsf"": 0.014016}"
ct,"ct:n=32,L=8,t=8,nn=1",1,"{""n"": 32.0, ""L"": 8.0, ""t"": 8.0, ""nn"": 1.0}",tableau,na,,0.0047,1900544,,,0.0,,"TooLarge { what: ""tableau (non-Clifford circuit)"", bytes: 0, limit: 0 }","{""n"": 32, ""gates"": 380, ""g2"": 124, ""g3"": 0, ""depth2"": 8, ""t_count"": 8, ""rotations"": 8, ""d"": 8, ""dense_l"": 8.9944, ""redundant"": 0, ""obs_zero"": true, ""frame_l"": 8.5699, ""chi_bits"": 4, ""mps_l"": 16.9943, ""hsf_k"": 4, ""hsf_na"": 16, ""hsf_nb"": 16, ""hsf_l"": 36.0083, ""sup"": 32, ""chi_bits0"": 4, ""mps_l0"": 16.9943, ""hsf_keff"": 4, ""hsf_l0"": 36.0083, ""sparse_l"": 40.5699, ""sv_l"": 40.5699, ""feat_secs"": 0.014593, ""feat_secs_frame"": 0.000455, ""feat_secs_hsf"": 0.014016}"
ct,"ct:n=32,L=8,t=8,nn=1",1,"{""n"": 32.0, ""L"": 8.0, ""t"": 8.0, ""nn"": 1.0}",cstate,ok,0.000221,0.0047,2064384,0.0,8,0.0,0.0,,"{""n"": 32, ""gates"": 380, ""g2"": 124, ""g3"": 0, ""depth2"": 8, ""t_count"": 8, ""rotations"": 8, ""d"": 8, ""dense_l"": 8.9944, ""redundant"": 0, ""obs_zero"": true, ""frame_l"": 8.5699, ""chi_bits"": 4, ""mps_l"": 16.9943, ""hsf_k"": 4, ""hsf_na"": 16, ""hsf_nb"": 16, ""hsf_l"": 36.0083, ""sup"": 32, ""chi_bits0"": 4, ""mps_l0"": 16.9943, ""hsf_keff"": 4, ""hsf_l0"": 36.0083, ""sparse_l"": 40.5699, ""sv_l"": 40.5699, ""feat_secs"": 0.014593, ""feat_secs_frame"": 0.000455, ""feat_secs_hsf"": 0.014016}"
ct,"ct:n=32,L=8,t=8,nn=1",1,"{""n"": 32.0, ""L"": 8.0, ""t"": 8.0, ""nn"": 1.0}",frame,ok,0.000369,0.0047,2506752,-0.0,0,0.0,0.0,switched_at=None dense_qubits=0 peak_terms=0 term_visits=0 dense_ops=0,"{""n"": 32, ""gates"": 380, ""g2"": 124, ""g3"": 0, ""depth2"": 8, ""t_count"": 8, ""rotations"": 8, ""d"": 8, ""dense_l"": 8.9944, ""redundant"": 0, ""obs_zero"": true, ""frame_l"": 8.5699, ""chi_bits"": 4, ""mps_l"": 16.9943, ""hsf_k"": 4, ""hsf_na"": 16, ""hsf_nb"": 16, ""hsf_l"": 36.0083, ""sup"": 32, ""chi_bits0"": 4, ""mps_l0"": 16.9943, ""hsf_keff"": 4, ""hsf_l0"": 36.0083, ""sparse_l"": 40.5699, ""sv_l"": 40.5699, ""feat_secs"": 0.014593, ""feat_secs_frame"": 0.000455, ""feat_secs_hsf"": 0.014016}"
ct,"ct:n=32,L=8,t=8,nn=1",1,"{""n"": 32.0, ""L"": 8.0, ""t"": 8.0, ""nn"": 1.0}",dense,ok,0.000239,0.0044,2244608,0.0,8,0.0,0.0,switched_at=Some(8) dense_qubits=8 peak_terms=0 term_visits=0 dense_ops=510,"{""n"": 32, ""gates"": 380, ""g2"": 124, ""g3"": 0, ""depth2"": 8, ""t_count"": 8, ""rotations"": 8, ""d"": 8, ""dense_l"": 8.9944, ""redundant"": 0, ""obs_zero"": true, ""frame_l"": 8.5699, ""chi_bits"": 4, ""mps_l"": 16.9943, ""hsf_k"": 4, ""hsf_na"": 16, ""hsf_nb"": 16, ""hsf_l"": 36.0083, ""sup"": 32, ""chi_bits0"": 4, ""mps_l0"": 16.9943, ""hsf_keff"": 4, ""hsf_l0"": 36.0083, ""sparse_l"": 40.5699, ""sv_l"": 40.5699, ""feat_secs"": 0.014593, ""feat_secs_frame"": 0.000455, ""feat_secs_hsf"": 0.014016}"
ct,"ct:n=32,L=8,t=8,nn=1",1,"{""n"": 32.0, ""L"": 8.0, ""t"": 8.0, ""nn"": 1.0}",auto,ok,0.000336,0.0071,2506752,-0.0,0,0.0,0.0,switched_at=None dense_qubits=0 peak_terms=0 term_visits=0 dense_ops=0,"{""n"": 32, ""gates"": 380, ""g2"": 124, ""g3"": 0, ""depth2"": 8, ""t_count"": 8, ""rotations"": 8, ""d"": 8, ""dense_l"": 8.9944, ""redundant"": 0, ""obs_zero"": true, ""frame_l"": 8.5699, ""chi_bits"": 4, ""mps_l"": 16.9943, ""hsf_k"": 4, ""hsf_na"": 16, ""hsf_nb"": 16, ""hsf_l"": 36.0083, ""sup"": 32, ""chi_bits0"": 4, ""mps_l0"": 16.9943, ""hsf_keff"": 4, ""hsf_l0"": 36.0083, ""sparse_l"": 40.5699, ""sv_l"": 40.5699, ""feat_secs"": 0.014593, ""feat_secs_frame"": 0.000455, ""feat_secs_hsf"": 0.014016}"
ct,"ct:n=32,L=8,t=16,nn=1",1,"{""n"": 32.0, ""L"": 8.0, ""t"": 16.0, ""nn"": 1.0}",sv,toolarge,,0.0068,1900544,,,-0.0,,"TooLarge { what: ""state vector"", bytes: 68719476736, limit: 1073741824 }","{""n"": 32, ""gates"": 400, ""g2"": 124, ""g3"": 0, ""depth2"": 8, ""t_count"": 16, ""rotations"": 16, ""d"": 15, ""dense_l"": 16.0, ""redundant"": 1, ""obs_zero"": true, ""frame_l"": 8.6439, ""chi_bits"": 4, ""mps_l"": 17.0007, ""hsf_k"": 4, ""hsf_na"": 16, ""hsf_nb"": 16, ""hsf_l"": 36.0088, ""sup"": 32, ""chi_bits0"": 4, ""mps_l0"": 17.0007, ""hsf_keff"": 4, ""hsf_l0"": 36.0088, ""sparse_l"": 40.6439, ""sv_l"": 40.6439, ""feat_secs"": 0.019467, ""feat_secs_frame"": 0.000462, ""feat_secs_hsf"": 0.018875}"
ct,"ct:n=32,L=8,t=16,nn=1",1,"{""n"": 32.0, ""L"": 8.0, ""t"": 16.0, ""nn"": 1.0}",sparse,skipped,,,,,,-0.0,,,"{""n"": 32, ""gates"": 400, ""g2"": 124, ""g3"": 0, ""depth2"": 8, ""t_count"": 16, ""rotations"": 16, ""d"": 15, ""dense_l"": 16.0, ""redundant"": 1, ""obs_zero"": true, ""frame_l"": 8.6439, ""chi_bits"": 4, ""mps_l"": 17.0007, ""hsf_k"": 4, ""hsf_na"": 16, ""hsf_nb"": 16, ""hsf_l"": 36.0088, ""sup"": 32, ""chi_bits0"": 4, ""mps_l0"": 17.0007, ""hsf_keff"": 4, ""hsf_l0"": 36.0088, ""sparse_l"": 40.6439, ""sv_l"": 40.6439, ""feat_secs"": 0.019467, ""feat_secs_frame"": 0.000462, ""feat_secs_hsf"": 0.018875}"
ct,"ct:n=32,L=8,t=16,nn=1",1,"{""n"": 32.0, ""L"": 8.0, ""t"": 16.0, ""nn"": 1.0}",mps,ok,0.001072,0.0068,2932736,-4.183655686043813e-31,16,-0.0,4.183655686043813e-31,,"{""n"": 32, ""gates"": 400, ""g2"": 124, ""g3"": 0, ""depth2"": 8, ""t_count"": 16, ""rotations"": 16, ""d"": 15, ""dense_l"": 16.0, ""redundant"": 1, ""obs_zero"": true, ""frame_l"": 8.6439, ""chi_bits"": 4, ""mps_l"": 17.0007, ""hsf_k"": 4, ""hsf_na"": 16, ""hsf_nb"": 16, ""hsf_l"": 36.0088, ""sup"": 32, ""chi_bits0"": 4, ""mps_l0"": 17.0007, ""hsf_keff"": 4, ""hsf_l0"": 36.0088, ""sparse_l"": 40.6439, ""sv_l"": 40.6439, ""feat_secs"": 0.019467, ""feat_secs_frame"": 0.000462, ""feat_secs_hsf"": 0.018875}"
ct,"ct:n=32,L=8,t=16,nn=1",1,"{""n"": 32.0, ""L"": 8.0, ""t"": 16.0, ""nn"": 1.0}",hsf,skipped,,,,,,-0.0,,,"{""n"": 32, ""gates"": 400, ""g2"": 124, ""g3"": 0, ""depth2"": 8, ""t_count"": 16, ""rotations"": 16, ""d"": 15, ""dense_l"": 16.0, ""redundant"": 1, ""obs_zero"": true, ""frame_l"": 8.6439, ""chi_bits"": 4, ""mps_l"": 17.0007, ""hsf_k"": 4, ""hsf_na"": 16, ""hsf_nb"": 16, ""hsf_l"": 36.0088, ""sup"": 32, ""chi_bits0"": 4, ""mps_l0"": 17.0007, ""hsf_keff"": 4, ""hsf_l0"": 36.0088, ""sparse_l"": 40.6439, ""sv_l"": 40.6439, ""feat_secs"": 0.019467, ""feat_secs_frame"": 0.000462, ""feat_secs_hsf"": 0.018875}"
ct,"ct:n=32,L=8,t=16,nn=1",1,"{""n"": 32.0, ""L"": 8.0, ""t"": 16.0, ""nn"": 1.0}",tableau,na,,0.0067,1900544,,,-0.0,,"TooLarge { what: ""tableau (non-Clifford circuit)"", bytes: 0, limit: 0 }","{""n"": 32, ""gates"": 400, ""g2"": 124, ""g3"": 0, ""depth2"": 8, ""t_count"": 16, ""rotations"": 16, ""d"": 15, ""dense_l"": 16.0, ""redundant"": 1, ""obs_zero"": true, ""frame_l"": 8.6439, ""chi_bits"": 4, ""mps_l"": 17.0007, ""hsf_k"": 4, ""hsf_na"": 16, ""hsf_nb"": 16, ""hsf_l"": 36.0088, ""sup"": 32, ""chi_bits0"": 4, ""mps_l0"": 17.0007, ""hsf_keff"": 4, ""hsf_l0"": 36.0088, ""sparse_l"": 40.6439, ""sv_l"": 40.6439, ""feat_secs"": 0.019467, ""feat_secs_frame"": 0.000462, ""feat_secs_hsf"": 0.018875}"
ct,"ct:n=32,L=8,t=16,nn=1",1,"{""n"": 32.0, ""L"": 8.0, ""t"": 16.0, ""nn"": 1.0}",cstate,ok,0.000511,0.0045,2850816,0.0,15,-0.0,0.0,,"{""n"": 32, ""gates"": 400, ""g2"": 124, ""g3"": 0, ""depth2"": 8, ""t_count"": 16, ""rotations"": 16, ""d"": 15, ""dense_l"": 16.0, ""redundant"": 1, ""obs_zero"": true, ""frame_l"": 8.6439, ""chi_bits"": 4, ""mps_l"": 17.0007, ""hsf_k"": 4, ""hsf_na"": 16, ""hsf_nb"": 16, ""hsf_l"": 36.0088, ""sup"": 32, ""chi_bits0"": 4, ""mps_l0"": 17.0007, ""hsf_keff"": 4, ""hsf_l0"": 36.0088, ""sparse_l"": 40.6439, ""sv_l"": 40.6439, ""feat_secs"": 0.019467, ""feat_secs_frame"": 0.000462, ""feat_secs_hsf"": 0.018875}"
ct,"ct:n=32,L=8,t=16,nn=1",1,"{""n"": 32.0, ""L"": 8.0, ""t"": 16.0, ""nn"": 1.0}",frame,ok,0.000346,0.0072,2490368,-0.0,0,-0.0,0.0,switched_at=None dense_qubits=0 peak_terms=0 term_visits=0 dense_ops=0,"{""n"": 32, ""gates"": 400, ""g2"": 124, ""g3"": 0, ""depth2"": 8, ""t_count"": 16, ""rotations"": 16, ""d"": 15, ""dense_l"": 16.0, ""redundant"": 1, ""obs_zero"": true, ""frame_l"": 8.6439, ""chi_bits"": 4, ""mps_l"": 17.0007, ""hsf_k"": 4, ""hsf_na"": 16, ""hsf_nb"": 16, ""hsf_l"": 36.0088, ""sup"": 32, ""chi_bits0"": 4, ""mps_l0"": 17.0007, ""hsf_keff"": 4, ""hsf_l0"": 36.0088, ""sparse_l"": 40.6439, ""sv_l"": 40.6439, ""feat_secs"": 0.019467, ""feat_secs_frame"": 0.000462, ""feat_secs_hsf"": 0.018875}"
ct,"ct:n=32,L=8,t=16,nn=1",1,"{""n"": 32.0, ""L"": 8.0, ""t"": 16.0, ""nn"": 1.0}",dense,ok,0.000485,0.0046,3014656,0.0,15,-0.0,0.0,switched_at=Some(16) dense_qubits=15 peak_terms=0 term_visits=0 dense_ops=65535,"{""n"": 32, ""gates"": 400, ""g2"": 124, ""g3"": 0, ""depth2"": 8, ""t_count"": 16, ""rotations"": 16, ""d"": 15, ""dense_l"": 16.0, ""redundant"": 1, ""obs_zero"": true, ""frame_l"": 8.6439, ""chi_bits"": 4, ""mps_l"": 17.0007, ""hsf_k"": 4, ""hsf_na"": 16, ""hsf_nb"": 16, ""hsf_l"": 36.0088, ""sup"": 32, ""chi_bits0"": 4, ""mps_l0"": 17.0007, ""hsf_keff"": 4, ""hsf_l0"": 36.0088, ""sparse_l"": 40.6439, ""sv_l"": 40.6439, ""feat_secs"": 0.019467, ""feat_secs_frame"": 0.000462, ""feat_secs_hsf"": 0.018875}"
ct,"ct:n=32,L=8,t=16,nn=1",1,"{""n"": 32.0, ""L"": 8.0, ""t"": 16.0, ""nn"": 1.0}",auto,ok,0.000356,0.0046,2490368,-0.0,0,-0.0,0.0,switched_at=None dense_qubits=0 peak_terms=0 term_visits=0 dense_ops=0,"{""n"": 32, ""gates"": 400, ""g2"": 124, ""g3"": 0, ""depth2"": 8, ""t_count"": 16, ""rotations"": 16, ""d"": 15, ""dense_l"": 16.0, ""redundant"": 1, ""obs_zero"": true, ""frame_l"": 8.6439, ""chi_bits"": 4, ""mps_l"": 17.0007, ""hsf_k"": 4, ""hsf_na"": 16, ""hsf_nb"": 16, ""hsf_l"": 36.0088, ""sup"": 32, ""chi_bits0"": 4, ""mps_l0"": 17.0007, ""hsf_keff"": 4, ""hsf_l0"": 36.0088, ""sparse_l"": 40.6439, ""sv_l"": 40.6439, ""feat_secs"": 0.019467, ""feat_secs_frame"": 0.000462, ""feat_secs_hsf"": 0.018875}"
ct,"ct:n=32,L=8,t=24,nn=1",1,"{""n"": 32.0, ""L"": 8.0, ""t"": 24.0, ""nn"": 1.0}",sv,toolarge,,0.0041,1900544,,,0.0,,"TooLarge { what: ""state vector"", bytes: 68719476736, limit: 1073741824 }","{""n"": 32, ""gates"": 417, ""g2"": 124, ""g3"": 0, ""depth2"": 8, ""t_count"": 24, ""rotations"": 24, ""d"": 20, ""dense_l"": 21.0224, ""redundant"": 4, ""obs_zero"": true, ""frame_l"": 8.7039, ""chi_bits"": 4, ""mps_l"": 17.0021, ""hsf_k"": 4, ""hsf_na"": 16, ""hsf_nb"": 16, ""hsf_l"": 34.0092, ""sup"": 32, ""chi_bits0"": 4, ""mps_l0"": 17.0021, ""hsf_keff"": 2, ""hsf_l0"": 36.0092, ""sparse_l"": 40.7039, ""sv_l"": 40.7039, ""feat_secs"": 0.016055, ""feat_secs_frame"": 0.000478, ""feat_secs_hsf"": 0.015471}"
ct,"ct:n=32,L=8,t=24,nn=1",1,"{""n"": 32.0, ""L"": 8.0, ""t"": 24.0, ""nn"": 1.0}",sparse,skipped,,,,,,0.0,,,"{""n"": 32, ""gates"": 417, ""g2"": 124, ""g3"": 0, ""depth2"": 8, ""t_count"": 24, ""rotations"": 24, ""d"": 20, ""dense_l"": 21.0224, ""redundant"": 4, ""obs_zero"": true, ""frame_l"": 8.7039, ""chi_bits"": 4, ""mps_l"": 17.0021, ""hsf_k"": 4, ""hsf_na"": 16, ""hsf_nb"": 16, ""hsf_l"": 34.0092, ""sup"": 32, ""chi_bits0"": 4, ""mps_l0"": 17.0021, ""hsf_keff"": 2, ""hsf_l0"": 36.0092, ""sparse_l"": 40.7039, ""sv_l"": 40.7039, ""feat_secs"": 0.016055, ""feat_secs_frame"": 0.000478, ""feat_secs_hsf"": 0.015471}"
ct,"ct:n=32,L=8,t=24,nn=1",1,"{""n"": 32.0, ""L"": 8.0, ""t"": 24.0, ""nn"": 1.0}",mps,ok,0.001105,0.0074,2965504,1.584028271997986e-16,8,0.0,1.584028271997986e-16,,"{""n"": 32, ""gates"": 417, ""g2"": 124, ""g3"": 0, ""depth2"": 8, ""t_count"": 24, ""rotations"": 24, ""d"": 20, ""dense_l"": 21.0224, ""redundant"": 4, ""obs_zero"": true, ""frame_l"": 8.7039, ""chi_bits"": 4, ""mps_l"": 17.0021, ""hsf_k"": 4, ""hsf_na"": 16, ""hsf_nb"": 16, ""hsf_l"": 34.0092, ""sup"": 32, ""chi_bits0"": 4, ""mps_l0"": 17.0021, ""hsf_keff"": 2, ""hsf_l0"": 36.0092, ""sparse_l"": 40.7039, ""sv_l"": 40.7039, ""feat_secs"": 0.016055, ""feat_secs_frame"": 0.000478, ""feat_secs_hsf"": 0.015471}"
ct,"ct:n=32,L=8,t=24,nn=1",1,"{""n"": 32.0, ""L"": 8.0, ""t"": 24.0, ""nn"": 1.0}",hsf,skipped,,,,,,0.0,,,"{""n"": 32, ""gates"": 417, ""g2"": 124, ""g3"": 0, ""depth2"": 8, ""t_count"": 24, ""rotations"": 24, ""d"": 20, ""dense_l"": 21.0224, ""redundant"": 4, ""obs_zero"": true, ""frame_l"": 8.7039, ""chi_bits"": 4, ""mps_l"": 17.0021, ""hsf_k"": 4, ""hsf_na"": 16, ""hsf_nb"": 16, ""hsf_l"": 34.0092, ""sup"": 32, ""chi_bits0"": 4, ""mps_l0"": 17.0021, ""hsf_keff"": 2, ""hsf_l0"": 36.0092, ""sparse_l"": 40.7039, ""sv_l"": 40.7039, ""feat_secs"": 0.016055, ""feat_secs_frame"": 0.000478, ""feat_secs_hsf"": 0.015471}"
ct,"ct:n=32,L=8,t=24,nn=1",1,"{""n"": 32.0, ""L"": 8.0, ""t"": 24.0, ""nn"": 1.0}",tableau,na,,0.0045,1900544,,,0.0,,"TooLarge { what: ""tableau (non-Clifford circuit)"", bytes: 0, limit: 0 }","{""n"": 32, ""gates"": 417, ""g2"": 124, ""g3"": 0, ""depth2"": 8, ""t_count"": 24, ""rotations"": 24, ""d"": 20, ""dense_l"": 21.0224, ""redundant"": 4, ""obs_zero"": true, ""frame_l"": 8.7039, ""chi_bits"": 4, ""mps_l"": 17.0021, ""hsf_k"": 4, ""hsf_na"": 16, ""hsf_nb"": 16, ""hsf_l"": 34.0092, ""sup"": 32, ""chi_bits0"": 4, ""mps_l0"": 17.0021, ""hsf_keff"": 2, ""hsf_l0"": 36.0092, ""sparse_l"": 40.7039, ""sv_l"": 40.7039, ""feat_secs"": 0.016055, ""feat_secs_frame"": 0.000478, ""feat_secs_hsf"": 0.015471}"
ct,"ct:n=32,L=8,t=24,nn=1",1,"{""n"": 32.0, ""L"": 8.0, ""t"": 24.0, ""nn"": 1.0}",cstate,ok,0.004964,0.0095,19120128,0.0,20,0.0,0.0,,"{""n"": 32, ""gates"": 417, ""g2"": 124, ""g3"": 0, ""depth2"": 8, ""t_count"": 24, ""rotations"": 24, ""d"": 20, ""dense_l"": 21.0224, ""redundant"": 4, ""obs_zero"": true, ""frame_l"": 8.7039, ""chi_bits"": 4, ""mps_l"": 17.0021, ""hsf_k"": 4, ""hsf_na"": 16, ""hsf_nb"": 16, ""hsf_l"": 34.0092, ""sup"": 32, ""chi_bits0"": 4, ""mps_l0"": 17.0021, ""hsf_keff"": 2, ""hsf_l0"": 36.0092, ""sparse_l"": 40.7039, ""sv_l"": 40.7039, ""feat_secs"": 0.016055, ""feat_secs_frame"": 0.000478, ""feat_secs_hsf"": 0.015471}"
ct,"ct:n=32,L=8,t=24,nn=1",1,"{""n"": 32.0, ""L"": 8.0, ""t"": 24.0, ""nn"": 1.0}",frame,ok,0.000351,0.0044,2490368,-0.0,0,0.0,0.0,switched_at=None dense_qubits=0 peak_terms=0 term_visits=0 dense_ops=0,"{""n"": 32, ""gates"": 417, ""g2"": 124, ""g3"": 0, ""depth2"": 8, ""t_count"": 24, ""rotations"": 24, ""d"": 20, ""dense_l"": 21.0224, ""redundant"": 4, ""obs_zero"": true, ""frame_l"": 8.7039, ""chi_bits"": 4, ""mps_l"": 17.0021, ""hsf_k"": 4, ""hsf_na"": 16, ""hsf_nb"": 16, ""hsf_l"": 34.0092, ""sup"": 32, ""chi_bits0"": 4, ""mps_l0"": 17.0021, ""hsf_keff"": 2, ""hsf_l0"": 36.0092, ""sparse_l"": 40.7039, ""sv_l"": 40.7039, ""feat_secs"": 0.016055, ""feat_secs_frame"": 0.000478, ""feat_secs_hsf"": 0.015471}"
ct,"ct:n=32,L=8,t=24,nn=1",1,"{""n"": 32.0, ""L"": 8.0, ""t"": 24.0, ""nn"": 1.0}",dense,ok,0.004653,0.0105,19234816,0.0,20,0.0,0.0,switched_at=Some(24) dense_qubits=20 peak_terms=0 term_visits=0 dense_ops=2129926,"{""n"": 32, ""gates"": 417, ""g2"": 124, ""g3"": 0, ""depth2"": 8, ""t_count"": 24, ""rotations"": 24, ""d"": 20, ""dense_l"": 21.0224, ""redundant"": 4, ""obs_zero"": true, ""frame_l"": 8.7039, ""chi_bits"": 4, ""mps_l"": 17.0021, ""hsf_k"": 4, ""hsf_na"": 16, ""hsf_nb"": 16, ""hsf_l"": 34.0092, ""sup"": 32, ""chi_bits0"": 4, ""mps_l0"": 17.0021, ""hsf_keff"": 2, ""hsf_l0"": 36.0092, ""sparse_l"": 40.7039, ""sv_l"": 40.7039, ""feat_secs"": 0.016055, ""feat_secs_frame"": 0.000478, ""feat_secs_hsf"": 0.015471}"
ct,"ct:n=32,L=8,t=24,nn=1",1,"{""n"": 32.0, ""L"": 8.0, ""t"": 24.0, ""nn"": 1.0}",auto,ok,0.000363,0.0044,2490368,-0.0,0,0.0,0.0,switched_at=None dense_qubits=0 peak_terms=0 term_visits=0 dense_ops=0,"{""n"": 32, ""gates"": 417, ""g2"": 124, ""g3"": 0, ""depth2"": 8, ""t_count"": 24, ""rotations"": 24, ""d"": 20, ""dense_l"": 21.0224, ""redundant"": 4, ""obs_zero"": true, ""frame_l"": 8.7039, ""chi_bits"": 4, ""mps_l"": 17.0021, ""hsf_k"": 4, ""hsf_na"": 16, ""hsf_nb"": 16, ""hsf_l"": 34.0092, ""sup"": 32, ""chi_bits0"": 4, ""mps_l0"": 17.0021, ""hsf_keff"": 2, ""hsf_l0"": 36.0092, ""sparse_l"": 40.7039, ""sv_l"": 40.7039, ""feat_secs"": 0.016055, ""feat_secs_frame"": 0.000478, ""feat_secs_hsf"": 0.015471}"
ct,"ct:n=32,L=8,t=32,nn=1",1,"{""n"": 32.0, ""L"": 8.0, ""t"": 32.0, ""nn"": 1.0}",sv,toolarge,,0.0044,1900544,,,-4.553343210523304e-19,,"TooLarge { what: ""state vector"", bytes: 68719476736, limit: 1073741824 }","{""n"": 32, ""gates"": 426, ""g2"": 124, ""g3"": 0, ""depth2"": 8, ""t_count"": 32, ""rotations"": 32, ""d"": 23, ""dense_l"": 24.1504, ""redundant"": 9, ""obs_zero"": false, ""frame_l"": 9.5, ""chi_bits"": 4, ""mps_l"": 17.0106, ""hsf_k"": 4, ""hsf_na"": 16, ""hsf_nb"": 16, ""hsf_l"": 36.0093, ""sup"": 32, ""chi_bits0"": 4, ""mps_l0"": 17.0106, ""hsf_keff"": 4, ""hsf_l0"": 36.0093, ""sparse_l"": 40.7347, ""sv_l"": 40.7347, ""feat_secs"": 0.01505, ""feat_secs_frame"": 0.000529, ""feat_secs_hsf"": 0.014413}"
ct,"ct:n=32,L=8,t=32,nn=1",1,"{""n"": 32.0, ""L"": 8.0, ""t"": 32.0, ""nn"": 1.0}",sparse,skipped,,,,,,-4.553343210523304e-19,,,"{""n"": 32, ""gates"": 426, ""g2"": 124, ""g3"": 0, ""depth2"": 8, ""t_count"": 32, ""rotations"": 32, ""d"": 23, ""dense_l"": 24.1504, ""redundant"": 9, ""obs_zero"": false, ""frame_l"": 9.5, ""chi_bits"": 4, ""mps_l"": 17.0106, ""hsf_k"": 4, ""hsf_na"": 16, ""hsf_nb"": 16, ""hsf_l"": 36.0093, ""sup"": 32, ""chi_bits0"": 4, ""mps_l0"": 17.0106, ""hsf_keff"": 4, ""hsf_l0"": 36.0093, ""sparse_l"": 40.7347, ""sv_l"": 40.7347, ""feat_secs"": 0.01505, ""feat_secs_frame"": 0.000529, ""feat_secs_hsf"": 0.014413}"
ct,"ct:n=32,L=8,t=32,nn=1",1,"{""n"": 32.0, ""L"": 8.0, ""t"": 32.0, ""nn"": 1.0}",mps,ok,0.000995,0.0077,2867200,-1.788136924454538e-15,8,-4.553343210523304e-19,1.7876815901334855e-15,,"{""n"": 32, ""gates"": 426, ""g2"": 124, ""g3"": 0, ""depth2"": 8, ""t_count"": 32, ""rotations"": 32, ""d"": 23, ""dense_l"": 24.1504, ""redundant"": 9, ""obs_zero"": false, ""frame_l"": 9.5, ""chi_bits"": 4, ""mps_l"": 17.0106, ""hsf_k"": 4, ""hsf_na"": 16, ""hsf_nb"": 16, ""hsf_l"": 36.0093, ""sup"": 32, ""chi_bits0"": 4, ""mps_l0"": 17.0106, ""hsf_keff"": 4, ""hsf_l0"": 36.0093, ""sparse_l"": 40.7347, ""sv_l"": 40.7347, ""feat_secs"": 0.01505, ""feat_secs_frame"": 0.000529, ""feat_secs_hsf"": 0.014413}"
ct,"ct:n=32,L=8,t=32,nn=1",1,"{""n"": 32.0, ""L"": 8.0, ""t"": 32.0, ""nn"": 1.0}",hsf,skipped,,,,,,-4.553343210523304e-19,,,"{""n"": 32, ""gates"": 426, ""g2"": 124, ""g3"": 0, ""depth2"": 8, ""t_count"": 32, ""rotations"": 32, ""d"": 23, ""dense_l"": 24.1504, ""redundant"": 9, ""obs_zero"": false, ""frame_l"": 9.5, ""chi_bits"": 4, ""mps_l"": 17.0106, ""hsf_k"": 4, ""hsf_na"": 16, ""hsf_nb"": 16, ""hsf_l"": 36.0093, ""sup"": 32, ""chi_bits0"": 4, ""mps_l0"": 17.0106, ""hsf_keff"": 4, ""hsf_l0"": 36.0093, ""sparse_l"": 40.7347, ""sv_l"": 40.7347, ""feat_secs"": 0.01505, ""feat_secs_frame"": 0.000529, ""feat_secs_hsf"": 0.014413}"
ct,"ct:n=32,L=8,t=32,nn=1",1,"{""n"": 32.0, ""L"": 8.0, ""t"": 32.0, ""nn"": 1.0}",tableau,na,,0.0046,1900544,,,-4.553343210523304e-19,,"TooLarge { what: ""tableau (non-Clifford circuit)"", bytes: 0, limit: 0 }","{""n"": 32, ""gates"": 426, ""g2"": 124, ""g3"": 0, ""depth2"": 8, ""t_count"": 32, ""rotations"": 32, ""d"": 23, ""dense_l"": 24.1504, ""redundant"": 9, ""obs_zero"": false, ""frame_l"": 9.5, ""chi_bits"": 4, ""mps_l"": 17.0106, ""hsf_k"": 4, ""hsf_na"": 16, ""hsf_nb"": 16, ""hsf_l"": 36.0093, ""sup"": 32, ""chi_bits0"": 4, ""mps_l0"": 17.0106, ""hsf_keff"": 4, ""hsf_l0"": 36.0093, ""sparse_l"": 40.7347, ""sv_l"": 40.7347, ""feat_secs"": 0.01505, ""feat_secs_frame"": 0.000529, ""feat_secs_hsf"": 0.014413}"
ct,"ct:n=32,L=8,t=32,nn=1",1,"{""n"": 32.0, ""L"": 8.0, ""t"": 32.0, ""nn"": 1.0}",cstate,ok,0.048524,0.0537,136806400,-4.553343210523304e-19,23,-4.553343210523304e-19,0.0,,"{""n"": 32, ""gates"": 426, ""g2"": 124, ""g3"": 0, ""depth2"": 8, ""t_count"": 32, ""rotations"": 32, ""d"": 23, ""dense_l"": 24.1504, ""redundant"": 9, ""obs_zero"": false, ""frame_l"": 9.5, ""chi_bits"": 4, ""mps_l"": 17.0106, ""hsf_k"": 4, ""hsf_na"": 16, ""hsf_nb"": 16, ""hsf_l"": 36.0093, ""sup"": 32, ""chi_bits0"": 4, ""mps_l0"": 17.0106, ""hsf_keff"": 4, ""hsf_l0"": 36.0093, ""sparse_l"": 40.7347, ""sv_l"": 40.7347, ""feat_secs"": 0.01505, ""feat_secs_frame"": 0.000529, ""feat_secs_hsf"": 0.014413}"
ct,"ct:n=32,L=8,t=32,nn=1",1,"{""n"": 32.0, ""L"": 8.0, ""t"": 32.0, ""nn"": 1.0}",frame,ok,0.000493,0.0077,2572288,-0.0,1,-4.553343210523304e-19,4.553343210523304e-19,switched_at=None dense_qubits=0 peak_terms=1 term_visits=5 dense_ops=0,"{""n"": 32, ""gates"": 426, ""g2"": 124, ""g3"": 0, ""depth2"": 8, ""t_count"": 32, ""rotations"": 32, ""d"": 23, ""dense_l"": 24.1504, ""redundant"": 9, ""obs_zero"": false, ""frame_l"": 9.5, ""chi_bits"": 4, ""mps_l"": 17.0106, ""hsf_k"": 4, ""hsf_na"": 16, ""hsf_nb"": 16, ""hsf_l"": 36.0093, ""sup"": 32, ""chi_bits0"": 4, ""mps_l0"": 17.0106, ""hsf_keff"": 4, ""hsf_l0"": 36.0093, ""sparse_l"": 40.7347, ""sv_l"": 40.7347, ""feat_secs"": 0.01505, ""feat_secs_frame"": 0.000529, ""feat_secs_hsf"": 0.014413}"
ct,"ct:n=32,L=8,t=32,nn=1",1,"{""n"": 32.0, ""L"": 8.0, ""t"": 32.0, ""nn"": 1.0}",dense,ok,0.047555,0.0534,136970240,-2.269027919293192e-18,23,-4.553343210523304e-19,1.8136935982408617e-18,switched_at=Some(31) dense_qubits=23 peak_terms=1 term_visits=0 dense_ops=26484907,"{""n"": 32, ""gates"": 426, ""g2"": 124, ""g3"": 0, ""depth2"": 8, ""t_count"": 32, ""rotations"": 32, ""d"": 23, ""dense_l"": 24.1504, ""redundant"": 9, ""obs_zero"": false, ""frame_l"": 9.5, ""chi_bits"": 4, ""mps_l"": 17.0106, ""hsf_k"": 4, ""hsf_na"": 16, ""hsf_nb"": 16, ""hsf_l"": 36.0093, ""sup"": 32, ""chi_bits0"": 4, ""mps_l0"": 17.0106, ""hsf_keff"": 4, ""hsf_l0"": 36.0093, ""sparse_l"": 40.7347, ""sv_l"": 40.7347, ""feat_secs"": 0.01505, ""feat_secs_frame"": 0.000529, ""feat_secs_hsf"": 0.014413}"
ct,"ct:n=32,L=8,t=32,nn=1",1,"{""n"": 32.0, ""L"": 8.0, ""t"": 32.0, ""nn"": 1.0}",auto,ok,0.000478,0.0046,2588672,-0.0,0,-4.553343210523304e-19,4.553343210523304e-19,switched_at=None dense_qubits=0 peak_terms=1 term_visits=5 dense_ops=0,"{""n"": 32, ""gates"": 426, ""g2"": 124, ""g3"": 0, ""depth2"": 8, ""t_count"": 32, ""rotations"": 32, ""d"": 23, ""dense_l"": 24.1504, ""redundant"": 9, ""obs_zero"": false, ""frame_l"": 9.5, ""chi_bits"": 4, ""mps_l"": 17.0106, ""hsf_k"": 4, ""hsf_na"": 16, ""hsf_nb"": 16, ""hsf_l"": 36.0093, ""sup"": 32, ""chi_bits0"": 4, ""mps_l0"": 17.0106, ""hsf_keff"": 4, ""hsf_l0"": 36.0093, ""sparse_l"": 40.7347, ""sv_l"": 40.7347, ""feat_secs"": 0.01505, ""feat_secs_frame"": 0.000529, ""feat_secs_hsf"": 0.014413}"
ct,"ct:n=32,L=8,t=48,nn=1",1,"{""n"": 32.0, ""L"": 8.0, ""t"": 48.0, ""nn"": 1.0}",sv,toolarge,,0.0044,1900544,,,-0.0,,"TooLarge { what: ""state vector"", bytes: 68719476736, limit: 1073741824 }","{""n"": 32, ""gates"": 465, ""g2"": 124, ""g3"": 0, ""depth2"": 8, ""t_count"": 48, ""rotations"": 48, ""d"": 29, ""dense_l"": 31.0716, ""redundant"": 19, ""obs_zero"": false, ""frame_l"": 15.085, ""chi_bits"": 4, ""mps_l"": 17.04, ""hsf_k"": 4, ""hsf_na"": 16, ""hsf_nb"": 16, ""hsf_l"": 36.0102, ""sup"": 32, ""chi_bits0"": 4, ""mps_l0"": 17.04, ""hsf_keff"": 4, ""hsf_l0"": 36.0102, ""sparse_l"": 40.8611, ""sv_l"": 40.8611, ""feat_secs"": 0.01845, ""feat_secs_frame"": 0.0006, ""feat_secs_hsf"": 0.017708}"
ct,"ct:n=32,L=8,t=48,nn=1",1,"{""n"": 32.0, ""L"": 8.0, ""t"": 48.0, ""nn"": 1.0}",sparse,skipped,,,,,,-0.0,,,"{""n"": 32, ""gates"": 465, ""g2"": 124, ""g3"": 0, ""depth2"": 8, ""t_count"": 48, ""rotations"": 48, ""d"": 29, ""dense_l"": 31.0716, ""redundant"": 19, ""obs_zero"": false, ""frame_l"": 15.085, ""chi_bits"": 4, ""mps_l"": 17.04, ""hsf_k"": 4, ""hsf_na"": 16, ""hsf_nb"": 16, ""hsf_l"": 36.0102, ""sup"": 32, ""chi_bits0"": 4, ""mps_l0"": 17.04, ""hsf_keff"": 4, ""hsf_l0"": 36.0102, ""sparse_l"": 40.8611, ""sv_l"": 40.8611, ""feat_secs"": 0.01845, ""feat_secs_frame"": 0.0006, ""feat_secs_hsf"": 0.017708}"
ct,"ct:n=32,L=8,t=48,nn=1",1,"{""n"": 32.0, ""L"": 8.0, ""t"": 48.0, ""nn"": 1.0}",mps,ok,0.000882,0.0057,2801664,4.718447854656914e-16,8,-0.0,4.718447854656914e-16,,"{""n"": 32, ""gates"": 465, ""g2"": 124, ""g3"": 0, ""depth2"": 8, ""t_count"": 48, ""rotations"": 48, ""d"": 29, ""dense_l"": 31.0716, ""redundant"": 19, ""obs_zero"": false, ""frame_l"": 15.085, ""chi_bits"": 4, ""mps_l"": 17.04, ""hsf_k"": 4, ""hsf_na"": 16, ""hsf_nb"": 16, ""hsf_l"": 36.0102, ""sup"": 32, ""chi_bits0"": 4, ""mps_l0"": 17.04, ""hsf_keff"": 4, ""hsf_l0"": 36.0102, ""sparse_l"": 40.8611, ""sv_l"": 40.8611, ""feat_secs"": 0.01845, ""feat_secs_frame"": 0.0006, ""feat_secs_hsf"": 0.017708}"
ct,"ct:n=32,L=8,t=48,nn=1",1,"{""n"": 32.0, ""L"": 8.0, ""t"": 48.0, ""nn"": 1.0}",hsf,skipped,,,,,,-0.0,,,"{""n"": 32, ""gates"": 465, ""g2"": 124, ""g3"": 0, ""depth2"": 8, ""t_count"": 48, ""rotations"": 48, ""d"": 29, ""dense_l"": 31.0716, ""redundant"": 19, ""obs_zero"": false, ""frame_l"": 15.085, ""chi_bits"": 4, ""mps_l"": 17.04, ""hsf_k"": 4, ""hsf_na"": 16, ""hsf_nb"": 16, ""hsf_l"": 36.0102, ""sup"": 32, ""chi_bits0"": 4, ""mps_l0"": 17.04, ""hsf_keff"": 4, ""hsf_l0"": 36.0102, ""sparse_l"": 40.8611, ""sv_l"": 40.8611, ""feat_secs"": 0.01845, ""feat_secs_frame"": 0.0006, ""feat_secs_hsf"": 0.017708}"
ct,"ct:n=32,L=8,t=48,nn=1",1,"{""n"": 32.0, ""L"": 8.0, ""t"": 48.0, ""nn"": 1.0}",tableau,na,,0.0045,1900544,,,-0.0,,"TooLarge { what: ""tableau (non-Clifford circuit)"", bytes: 0, limit: 0 }","{""n"": 32, ""gates"": 465, ""g2"": 124, ""g3"": 0, ""depth2"": 8, ""t_count"": 48, ""rotations"": 48, ""d"": 29, ""dense_l"": 31.0716, ""redundant"": 19, ""obs_zero"": false, ""frame_l"": 15.085, ""chi_bits"": 4, ""mps_l"": 17.04, ""hsf_k"": 4, ""hsf_na"": 16, ""hsf_nb"": 16, ""hsf_l"": 36.0102, ""sup"": 32, ""chi_bits0"": 4, ""mps_l0"": 17.04, ""hsf_keff"": 4, ""hsf_l0"": 36.0102, ""sparse_l"": 40.8611, ""sv_l"": 40.8611, ""feat_secs"": 0.01845, ""feat_secs_frame"": 0.0006, ""feat_secs_hsf"": 0.017708}"
ct,"ct:n=32,L=8,t=48,nn=1",1,"{""n"": 32.0, ""L"": 8.0, ""t"": 48.0, ""nn"": 1.0}",cstate,toolarge,,0.0065,2129920,,,-0.0,,"TooLarge { what: ""compressed state vector"", bytes: 8589934592, limit: 1073741824 }","{""n"": 32, ""gates"": 465, ""g2"": 124, ""g3"": 0, ""depth2"": 8, ""t_count"": 48, ""rotations"": 48, ""d"": 29, ""dense_l"": 31.0716, ""redundant"": 19, ""obs_zero"": false, ""frame_l"": 15.085, ""chi_bits"": 4, ""mps_l"": 17.04, ""hsf_k"": 4, ""hsf_na"": 16, ""hsf_nb"": 16, ""hsf_l"": 36.0102, ""sup"": 32, ""chi_bits0"": 4, ""mps_l0"": 17.04, ""hsf_keff"": 4, ""hsf_l0"": 36.0102, ""sparse_l"": 40.8611, ""sv_l"": 40.8611, ""feat_secs"": 0.01845, ""feat_secs_frame"": 0.0006, ""feat_secs_hsf"": 0.017708}"
ct,"ct:n=32,L=8,t=48,nn=1",1,"{""n"": 32.0, ""L"": 8.0, ""t"": 48.0, ""nn"": 1.0}",frame,ok,0.000434,0.0072,2572288,-0.0,1,-0.0,0.0,switched_at=None dense_qubits=0 peak_terms=1 term_visits=9 dense_ops=0,"{""n"": 32, ""gates"": 465, ""g2"": 124, ""g3"": 0, ""depth2"": 8, ""t_count"": 48, ""rotations"": 48, ""d"": 29, ""dense_l"": 31.0716, ""redundant"": 19, ""obs_zero"": false, ""frame_l"": 15.085, ""chi_bits"": 4, ""mps_l"": 17.04, ""hsf_k"": 4, ""hsf_na"": 16, ""hsf_nb"": 16, ""hsf_l"": 36.0102, ""sup"": 32, ""chi_bits0"": 4, ""mps_l0"": 17.04, ""hsf_keff"": 4, ""hsf_l0"": 36.0102, ""sparse_l"": 40.8611, ""sv_l"": 40.8611, ""feat_secs"": 0.01845, ""feat_secs_frame"": 0.0006, ""feat_secs_hsf"": 0.017708}"
ct,"ct:n=32,L=8,t=48,nn=1",1,"{""n"": 32.0, ""L"": 8.0, ""t"": 48.0, ""nn"": 1.0}",dense,ok,0.471761,0.4767,1077854208,0.0,26,-0.0,0.0,switched_at=Some(38) dense_qubits=26 peak_terms=1 term_visits=8 dense_ops=285417540,"{""n"": 32, ""gates"": 465, ""g2"": 124, ""g3"": 0, ""depth2"": 8, ""t_count"": 48, ""rotations"": 48, ""d"": 29, ""dense_l"": 31.0716, ""redundant"": 19, ""obs_zero"": false, ""frame_l"": 15.085, ""chi_bits"": 4, ""mps_l"": 17.04, ""hsf_k"": 4, ""hsf_na"": 16, ""hsf_nb"": 16, ""hsf_l"": 36.0102, ""sup"": 32, ""chi_bits0"": 4, ""mps_l0"": 17.04, ""hsf_keff"": 4, ""hsf_l0"": 36.0102, ""sparse_l"": 40.8611, ""sv_l"": 40.8611, ""feat_secs"": 0.01845, ""feat_secs_frame"": 0.0006, ""feat_secs_hsf"": 0.017708}"
ct,"ct:n=32,L=8,t=48,nn=1",1,"{""n"": 32.0, ""L"": 8.0, ""t"": 48.0, ""nn"": 1.0}",auto,ok,0.000591,0.0077,2572288,-0.0,0,-0.0,0.0,switched_at=None dense_qubits=0 peak_terms=1 term_visits=9 dense_ops=0,"{""n"": 32, ""gates"": 465, ""g2"": 124, ""g3"": 0, ""depth2"": 8, ""t_count"": 48, ""rotations"": 48, ""d"": 29, ""dense_l"": 31.0716, ""redundant"": 19, ""obs_zero"": false, ""frame_l"": 15.085, ""chi_bits"": 4, ""mps_l"": 17.04, ""hsf_k"": 4, ""hsf_na"": 16, ""hsf_nb"": 16, ""hsf_l"": 36.0102, ""sup"": 32, ""chi_bits0"": 4, ""mps_l0"": 17.04, ""hsf_keff"": 4, ""hsf_l0"": 36.0102, ""sparse_l"": 40.8611, ""sv_l"": 40.8611, ""feat_secs"": 0.01845, ""feat_secs_frame"": 0.0006, ""feat_secs_hsf"": 0.017708}"
ct,"ct:n=32,L=8,t=64,nn=1",1,"{""n"": 32.0, ""L"": 8.0, ""t"": 64.0, ""nn"": 1.0}",sv,toolarge,,0.0048,1900544,,,-0.0,,"TooLarge { what: ""state vector"", bytes: 68719476736, limit: 1073741824 }","{""n"": 32, ""gates"": 506, ""g2"": 124, ""g3"": 0, ""depth2"": 8, ""t_count"": 64, ""rotations"": 64, ""d"": 30, ""dense_l"": 33.6497, ""redundant"": 34, ""obs_zero"": false, ""frame_l"": 23.0, ""chi_bits"": 4, ""mps_l"": 17.0482, ""hsf_k"": 4, ""hsf_na"": 16, ""hsf_nb"": 16, ""hsf_l"": 36.0111, ""sup"": 32, ""chi_bits0"": 4, ""mps_l0"": 17.0482, ""hsf_keff"": 4, ""hsf_l0"": 36.0111, ""sparse_l"": 40.983, ""sv_l"": 40.983, ""feat_secs"": 0.015032, ""feat_secs_frame"": 0.000696, ""feat_secs_hsf"": 0.014211}"
ct,"ct:n=32,L=8,t=64,nn=1",1,"{""n"": 32.0, ""L"": 8.0, ""t"": 64.0, ""nn"": 1.0}",sparse,skipped,,,,,,-0.0,,,"{""n"": 32, ""gates"": 506, ""g2"": 124, ""g3"": 0, ""depth2"": 8, ""t_count"": 64, ""rotations"": 64, ""d"": 30, ""dense_l"": 33.6497, ""redundant"": 34, ""obs_zero"": false, ""frame_l"": 23.0, ""chi_bits"": 4, ""mps_l"": 17.0482, ""hsf_k"": 4, ""hsf_na"": 16, ""hsf_nb"": 16, ""hsf_l"": 36.0111, ""sup"": 32, ""chi_bits0"": 4, ""mps_l0"": 17.0482, ""hsf_keff"": 4, ""hsf_l0"": 36.0111, ""sparse_l"": 40.983, ""sv_l"": 40.983, ""feat_secs"": 0.015032, ""feat_secs_frame"": 0.000696, ""feat_secs_hsf"": 0.014211}"
ct,"ct:n=32,L=8,t=64,nn=1",1,"{""n"": 32.0, ""L"": 8.0, ""t"": 64.0, ""nn"": 1.0}",mps,ok,0.001092,0.0067,2916352,-6.546230243077161e-16,8,-0.0,6.546230243077161e-16,,"{""n"": 32, ""gates"": 506, ""g2"": 124, ""g3"": 0, ""depth2"": 8, ""t_count"": 64, ""rotations"": 64, ""d"": 30, ""dense_l"": 33.6497, ""redundant"": 34, ""obs_zero"": false, ""frame_l"": 23.0, ""chi_bits"": 4, ""mps_l"": 17.0482, ""hsf_k"": 4, ""hsf_na"": 16, ""hsf_nb"": 16, ""hsf_l"": 36.0111, ""sup"": 32, ""chi_bits0"": 4, ""mps_l0"": 17.0482, ""hsf_keff"": 4, ""hsf_l0"": 36.0111, ""sparse_l"": 40.983, ""sv_l"": 40.983, ""feat_secs"": 0.015032, ""feat_secs_frame"": 0.000696, ""feat_secs_hsf"": 0.014211}"
ct,"ct:n=32,L=8,t=64,nn=1",1,"{""n"": 32.0, ""L"": 8.0, ""t"": 64.0, ""nn"": 1.0}",hsf,skipped,,,,,,-0.0,,,"{""n"": 32, ""gates"": 506, ""g2"": 124, ""g3"": 0, ""depth2"": 8, ""t_count"": 64, ""rotations"": 64, ""d"": 30, ""dense_l"": 33.6497, ""redundant"": 34, ""obs_zero"": false, ""frame_l"": 23.0, ""chi_bits"": 4, ""mps_l"": 17.0482, ""hsf_k"": 4, ""hsf_na"": 16, ""hsf_nb"": 16, ""hsf_l"": 36.0111, ""sup"": 32, ""chi_bits0"": 4, ""mps_l0"": 17.0482, ""hsf_keff"": 4, ""hsf_l0"": 36.0111, ""sparse_l"": 40.983, ""sv_l"": 40.983, ""feat_secs"": 0.015032, ""feat_secs_frame"": 0.000696, ""feat_secs_hsf"": 0.014211}"
ct,"ct:n=32,L=8,t=64,nn=1",1,"{""n"": 32.0, ""L"": 8.0, ""t"": 64.0, ""nn"": 1.0}",tableau,na,,0.0046,1900544,,,-0.0,,"TooLarge { what: ""tableau (non-Clifford circuit)"", bytes: 0, limit: 0 }","{""n"": 32, ""gates"": 506, ""g2"": 124, ""g3"": 0, ""depth2"": 8, ""t_count"": 64, ""rotations"": 64, ""d"": 30, ""dense_l"": 33.6497, ""redundant"": 34, ""obs_zero"": false, ""frame_l"": 23.0, ""chi_bits"": 4, ""mps_l"": 17.0482, ""hsf_k"": 4, ""hsf_na"": 16, ""hsf_nb"": 16, ""hsf_l"": 36.0111, ""sup"": 32, ""chi_bits0"": 4, ""mps_l0"": 17.0482, ""hsf_keff"": 4, ""hsf_l0"": 36.0111, ""sparse_l"": 40.983, ""sv_l"": 40.983, ""feat_secs"": 0.015032, ""feat_secs_frame"": 0.000696, ""feat_secs_hsf"": 0.014211}"
ct,"ct:n=32,L=8,t=64,nn=1",1,"{""n"": 32.0, ""L"": 8.0, ""t"": 64.0, ""nn"": 1.0}",cstate,skipped,,,,,,-0.0,,,"{""n"": 32, ""gates"": 506, ""g2"": 124, ""g3"": 0, ""depth2"": 8, ""t_count"": 64, ""rotations"": 64, ""d"": 30, ""dense_l"": 33.6497, ""redundant"": 34, ""obs_zero"": false, ""frame_l"": 23.0, ""chi_bits"": 4, ""mps_l"": 17.0482, ""hsf_k"": 4, ""hsf_na"": 16, ""hsf_nb"": 16, ""hsf_l"": 36.0111, ""sup"": 32, ""chi_bits0"": 4, ""mps_l0"": 17.0482, ""hsf_keff"": 4, ""hsf_l0"": 36.0111, ""sparse_l"": 40.983, ""sv_l"": 40.983, ""feat_secs"": 0.015032, ""feat_secs_frame"": 0.000696, ""feat_secs_hsf"": 0.014211}"
ct,"ct:n=32,L=8,t=64,nn=1",1,"{""n"": 32.0, ""L"": 8.0, ""t"": 64.0, ""nn"": 1.0}",frame,ok,0.000768,0.0076,2572288,-0.0,9,-0.0,0.0,switched_at=None dense_qubits=0 peak_terms=9 term_visits=94 dense_ops=0,"{""n"": 32, ""gates"": 506, ""g2"": 124, ""g3"": 0, ""depth2"": 8, ""t_count"": 64, ""rotations"": 64, ""d"": 30, ""dense_l"": 33.6497, ""redundant"": 34, ""obs_zero"": false, ""frame_l"": 23.0, ""chi_bits"": 4, ""mps_l"": 17.0482, ""hsf_k"": 4, ""hsf_na"": 16, ""hsf_nb"": 16, ""hsf_l"": 36.0111, ""sup"": 32, ""chi_bits0"": 4, ""mps_l0"": 17.0482, ""hsf_keff"": 4, ""hsf_l0"": 36.0111, ""sparse_l"": 40.983, ""sv_l"": 40.983, ""feat_secs"": 0.015032, ""feat_secs_frame"": 0.000696, ""feat_secs_hsf"": 0.014211}"
ct,"ct:n=32,L=8,t=64,nn=1",1,"{""n"": 32.0, ""L"": 8.0, ""t"": 64.0, ""nn"": 1.0}",dense,ok,0.890392,0.8961,1082245120,8.384635654586573e-15,26,-0.0,8.384635654586573e-15,switched_at=Some(42) dense_qubits=26 peak_terms=2 term_visits=32 dense_ops=591167525,"{""n"": 32, ""gates"": 506, ""g2"": 124, ""g3"": 0, ""depth2"": 8, ""t_count"": 64, ""rotations"": 64, ""d"": 30, ""dense_l"": 33.6497, ""redundant"": 34, ""obs_zero"": false, ""frame_l"": 23.0, ""chi_bits"": 4, ""mps_l"": 17.0482, ""hsf_k"": 4, ""hsf_na"": 16, ""hsf_nb"": 16, ""hsf_l"": 36.0111, ""sup"": 32, ""chi_bits0"": 4, ""mps_l0"": 17.0482, ""hsf_keff"": 4, ""hsf_l0"": 36.0111, ""sparse_l"": 40.983, ""sv_l"": 40.983, ""feat_secs"": 0.015032, ""feat_secs_frame"": 0.000696, ""feat_secs_hsf"": 0.014211}"
ct,"ct:n=32,L=8,t=64,nn=1",1,"{""n"": 32.0, ""L"": 8.0, ""t"": 64.0, ""nn"": 1.0}",auto,ok,0.000965,0.0073,2605056,-0.0,0,-0.0,0.0,switched_at=None dense_qubits=0 peak_terms=9 term_visits=94 dense_ops=0,"{""n"": 32, ""gates"": 506, ""g2"": 124, ""g3"": 0, ""depth2"": 8, ""t_count"": 64, ""rotations"": 64, ""d"": 30, ""dense_l"": 33.6497, ""redundant"": 34, ""obs_zero"": false, ""frame_l"": 23.0, ""chi_bits"": 4, ""mps_l"": 17.0482, ""hsf_k"": 4, ""hsf_na"": 16, ""hsf_nb"": 16, ""hsf_l"": 36.0111, ""sup"": 32, ""chi_bits0"": 4, ""mps_l0"": 17.0482, ""hsf_keff"": 4, ""hsf_l0"": 36.0111, ""sparse_l"": 40.983, ""sv_l"": 40.983, ""feat_secs"": 0.015032, ""feat_secs_frame"": 0.000696, ""feat_secs_hsf"": 0.014211}"
ct,"ct:n=32,L=16,t=0,nn=1",1,"{""n"": 32.0, ""L"": 16.0, ""t"": 0.0, ""nn"": 1.0}",sv,toolarge,,0.0047,1966080,,,-0.0,,"TooLarge { what: ""state vector"", bytes: 68719476736, limit: 1073741824 }","{""n"": 32, ""gates"": 741, ""g2"": 248, ""g3"": 0, ""depth2"": 16, ""t_count"": 0, ""rotations"": 0, ""d"": 0, ""dense_l"": 0.0, ""redundant"": 0, ""obs_zero"": true, ""frame_l"": 9.5333, ""chi_bits"": 8, ""mps_l"": 28.3369, ""hsf_k"": 8, ""hsf_na"": 16, ""hsf_nb"": 16, ""hsf_l"": 38.0162, ""sup"": 32, ""chi_bits0"": 8, ""mps_l0"": 28.3369, ""hsf_keff"": 6, ""hsf_l0"": 40.0162, ""sparse_l"": 41.5333, ""sv_l"": 41.5333, ""feat_secs"": 0.018021, ""feat_secs_frame"": 0.001176, ""feat_secs_hsf"": 0.01667}"
ct,"ct:n=32,L=16,t=0,nn=1",1,"{""n"": 32.0, ""L"": 16.0, ""t"": 0.0, ""nn"": 1.0}",sparse,skipped,,,,,,-0.0,,,"{""n"": 32, ""gates"": 741, ""g2"": 248, ""g3"": 0, ""depth2"": 16, ""t_count"": 0, ""rotations"": 0, ""d"": 0, ""dense_l"": 0.0, ""redundant"": 0, ""obs_zero"": true, ""frame_l"": 9.5333, ""chi_bits"": 8, ""mps_l"": 28.3369, ""hsf_k"": 8, ""hsf_na"": 16, ""hsf_nb"": 16, ""hsf_l"": 38.0162, ""sup"": 32, ""chi_bits0"": 8, ""mps_l0"": 28.3369, ""hsf_keff"": 6, ""hsf_l0"": 40.0162, ""sparse_l"": 41.5333, ""sv_l"": 41.5333, ""feat_secs"": 0.018021, ""feat_secs_frame"": 0.001176, ""feat_secs_hsf"": 0.01667}"
ct,"ct:n=32,L=16,t=0,nn=1",1,"{""n"": 32.0, ""L"": 16.0, ""t"": 0.0, ""nn"": 1.0}",mps,ok,0.005096,0.0104,3702784,-3.931480751666136e-16,32,-0.0,3.931480751666136e-16,,"{""n"": 32, ""gates"": 741, ""g2"": 248, ""g3"": 0, ""depth2"": 16, ""t_count"": 0, ""rotations"": 0, ""d"": 0, ""dense_l"": 0.0, ""redundant"": 0, ""obs_zero"": true, ""frame_l"": 9.5333, ""chi_bits"": 8, ""mps_l"": 28.3369, ""hsf_k"": 8, ""hsf_na"": 16, ""hsf_nb"": 16, ""hsf_l"": 38.0162, ""sup"": 32, ""chi_bits0"": 8, ""mps_l0"": 28.3369, ""hsf_keff"": 6, ""hsf_l0"": 40.0162, ""sparse_l"": 41.5333, ""sv_l"": 41.5333, ""feat_secs"": 0.018021, ""feat_secs_frame"": 0.001176, ""feat_secs_hsf"": 0.01667}"
ct,"ct:n=32,L=16,t=0,nn=1",1,"{""n"": 32.0, ""L"": 16.0, ""t"": 0.0, ""nn"": 1.0}",hsf,skipped,,,,,,-0.0,,,"{""n"": 32, ""gates"": 741, ""g2"": 248, ""g3"": 0, ""depth2"": 16, ""t_count"": 0, ""rotations"": 0, ""d"": 0, ""dense_l"": 0.0, ""redundant"": 0, ""obs_zero"": true, ""frame_l"": 9.5333, ""chi_bits"": 8, ""mps_l"": 28.3369, ""hsf_k"": 8, ""hsf_na"": 16, ""hsf_nb"": 16, ""hsf_l"": 38.0162, ""sup"": 32, ""chi_bits0"": 8, ""mps_l0"": 28.3369, ""hsf_keff"": 6, ""hsf_l0"": 40.0162, ""sparse_l"": 41.5333, ""sv_l"": 41.5333, ""feat_secs"": 0.018021, ""feat_secs_frame"": 0.001176, ""feat_secs_hsf"": 0.01667}"
ct,"ct:n=32,L=16,t=0,nn=1",1,"{""n"": 32.0, ""L"": 16.0, ""t"": 0.0, ""nn"": 1.0}",tableau,ok,8.9e-05,0.0044,2179072,-0.0,0,-0.0,0.0,value recomputed after the C-vs-C† fix (timing from the original run),"{""n"": 32, ""gates"": 741, ""g2"": 248, ""g3"": 0, ""depth2"": 16, ""t_count"": 0, ""rotations"": 0, ""d"": 0, ""dense_l"": 0.0, ""redundant"": 0, ""obs_zero"": true, ""frame_l"": 9.5333, ""chi_bits"": 8, ""mps_l"": 28.3369, ""hsf_k"": 8, ""hsf_na"": 16, ""hsf_nb"": 16, ""hsf_l"": 38.0162, ""sup"": 32, ""chi_bits0"": 8, ""mps_l0"": 28.3369, ""hsf_keff"": 6, ""hsf_l0"": 40.0162, ""sparse_l"": 41.5333, ""sv_l"": 41.5333, ""feat_secs"": 0.018021, ""feat_secs_frame"": 0.001176, ""feat_secs_hsf"": 0.01667}"
ct,"ct:n=32,L=16,t=0,nn=1",1,"{""n"": 32.0, ""L"": 16.0, ""t"": 0.0, ""nn"": 1.0}",cstate,ok,0.000381,0.0045,2179072,0.0,0,-0.0,0.0,,"{""n"": 32, ""gates"": 741, ""g2"": 248, ""g3"": 0, ""depth2"": 16, ""t_count"": 0, ""rotations"": 0, ""d"": 0, ""dense_l"": 0.0, ""redundant"": 0, ""obs_zero"": true, ""frame_l"": 9.5333, ""chi_bits"": 8, ""mps_l"": 28.3369, ""hsf_k"": 8, ""hsf_na"": 16, ""hsf_nb"": 16, ""hsf_l"": 38.0162, ""sup"": 32, ""chi_bits0"": 8, ""mps_l0"": 28.3369, ""hsf_keff"": 6, ""hsf_l0"": 40.0162, ""sparse_l"": 41.5333, ""sv_l"": 41.5333, ""feat_secs"": 0.018021, ""feat_secs_frame"": 0.001176, ""feat_secs_hsf"": 0.01667}"
ct,"ct:n=32,L=16,t=0,nn=1",1,"{""n"": 32.0, ""L"": 16.0, ""t"": 0.0, ""nn"": 1.0}",frame,ok,0.000382,0.0068,2277376,-0.0,0,-0.0,0.0,switched_at=None dense_qubits=0 peak_terms=0 term_visits=0 dense_ops=0,"{""n"": 32, ""gates"": 741, ""g2"": 248, ""g3"": 0, ""depth2"": 16, ""t_count"": 0, ""rotations"": 0, ""d"": 0, ""dense_l"": 0.0, ""redundant"": 0, ""obs_zero"": true, ""frame_l"": 9.5333, ""chi_bits"": 8, ""mps_l"": 28.3369, ""hsf_k"": 8, ""hsf_na"": 16, ""hsf_nb"": 16, ""hsf_l"": 38.0162, ""sup"": 32, ""chi_bits0"": 8, ""mps_l0"": 28.3369, ""hsf_keff"": 6, ""hsf_l0"": 40.0162, ""sparse_l"": 41.5333, ""sv_l"": 41.5333, ""feat_secs"": 0.018021, ""feat_secs_frame"": 0.001176, ""feat_secs_hsf"": 0.01667}"
ct,"ct:n=32,L=16,t=0,nn=1",1,"{""n"": 32.0, ""L"": 16.0, ""t"": 0.0, ""nn"": 1.0}",dense,ok,0.000389,0.0043,2277376,-0.0,0,-0.0,0.0,switched_at=None dense_qubits=0 peak_terms=0 term_visits=0 dense_ops=0,"{""n"": 32, ""gates"": 741, ""g2"": 248, ""g3"": 0, ""depth2"": 16, ""t_count"": 0, ""rotations"": 0, ""d"": 0, ""dense_l"": 0.0, ""redundant"": 0, ""obs_zero"": true, ""frame_l"": 9.5333, ""chi_bits"": 8, ""mps_l"": 28.3369, ""hsf_k"": 8, ""hsf_na"": 16, ""hsf_nb"": 16, ""hsf_l"": 38.0162, ""sup"": 32, ""chi_bits0"": 8, ""mps_l0"": 28.3369, ""hsf_keff"": 6, ""hsf_l0"": 40.0162, ""sparse_l"": 41.5333, ""sv_l"": 41.5333, ""feat_secs"": 0.018021, ""feat_secs_frame"": 0.001176, ""feat_secs_hsf"": 0.01667}"
ct,"ct:n=32,L=16,t=0,nn=1",1,"{""n"": 32.0, ""L"": 16.0, ""t"": 0.0, ""nn"": 1.0}",auto,ok,0.000384,0.0044,2277376,-0.0,0,-0.0,0.0,switched_at=None dense_qubits=0 peak_terms=0 term_visits=0 dense_ops=0,"{""n"": 32, ""gates"": 741, ""g2"": 248, ""g3"": 0, ""depth2"": 16, ""t_count"": 0, ""rotations"": 0, ""d"": 0, ""dense_l"": 0.0, ""redundant"": 0, ""obs_zero"": true, ""frame_l"": 9.5333, ""chi_bits"": 8, ""mps_l"": 28.3369, ""hsf_k"": 8, ""hsf_na"": 16, ""hsf_nb"": 16, ""hsf_l"": 38.0162, ""sup"": 32, ""chi_bits0"": 8, ""mps_l0"": 28.3369, ""hsf_keff"": 6, ""hsf_l0"": 40.0162, ""sparse_l"": 41.5333, ""sv_l"": 41.5333, ""feat_secs"": 0.018021, ""feat_secs_frame"": 0.001176, ""feat_secs_hsf"": 0.01667}"
ct,"ct:n=32,L=16,t=4,nn=1",1,"{""n"": 32.0, ""L"": 16.0, ""t"": 4.0, ""nn"": 1.0}",sv,toolarge,,0.0068,1982464,,,0.0,,"TooLarge { what: ""state vector"", bytes: 68719476736, limit: 1073741824 }","{""n"": 32, ""gates"": 747, ""g2"": 248, ""g3"": 0, ""depth2"": 16, ""t_count"": 4, ""rotations"": 4, ""d"": 4, ""dense_l"": 4.9069, ""redundant"": 0, ""obs_zero"": true, ""frame_l"": 9.545, ""chi_bits"": 8, ""mps_l"": 28.3371, ""hsf_k"": 8, ""hsf_na"": 16, ""hsf_nb"": 16, ""hsf_l"": 40.0164, ""sup"": 32, ""chi_bits0"": 8, ""mps_l0"": 28.3371, ""hsf_keff"": 8, ""hsf_l0"": 40.0164, ""sparse_l"": 41.545, ""sv_l"": 41.545, ""feat_secs"": 0.015137, ""feat_secs_frame"": 0.000828, ""feat_secs_hsf"": 0.014098}"
ct,"ct:n=32,L=16,t=4,nn=1",1,"{""n"": 32.0, ""L"": 16.0, ""t"": 4.0, ""nn"": 1.0}",sparse,skipped,,,,,,0.0,,,"{""n"": 32, ""gates"": 747, ""g2"": 248, ""g3"": 0, ""depth2"": 16, ""t_count"": 4, ""rotations"": 4, ""d"": 4, ""dense_l"": 4.9069, ""redundant"": 0, ""obs_zero"": true, ""frame_l"": 9.545, ""chi_bits"": 8, ""mps_l"": 28.3371, ""hsf_k"": 8, ""hsf_na"": 16, ""hsf_nb"": 16, ""hsf_l"": 40.0164, ""sup"": 32, ""chi_bits0"": 8, ""mps_l0"": 28.3371, ""hsf_keff"": 8, ""hsf_l0"": 40.0164, ""sparse_l"": 41.545, ""sv_l"": 41.545, ""feat_secs"": 0.015137, ""feat_secs_frame"": 0.000828, ""feat_secs_hsf"": 0.014098}"
ct,"ct:n=32,L=16,t=4,nn=1",1,"{""n"": 32.0, ""L"": 16.0, ""t"": 4.0, ""nn"": 1.0}",mps,ok,0.004868,0.0107,3686400,4.326020597477666e-30,32,0.0,4.326020597477666e-30,,"{""n"": 32, ""gates"": 747, ""g2"": 248, ""g3"": 0, ""depth2"": 16, ""t_count"": 4, ""rotations"": 4, ""d"": 4, ""dense_l"": 4.9069, ""redundant"": 0, ""obs_zero"": true, ""frame_l"": 9.545, ""chi_bits"": 8, ""mps_l"": 28.3371, ""hsf_k"": 8, ""hsf_na"": 16, ""hsf_nb"": 16, ""hsf_l"": 40.0164, ""sup"": 32, ""chi_bits0"": 8, ""mps_l0"": 28.3371, ""hsf_keff"": 8, ""hsf_l0"": 40.0164, ""sparse_l"": 41.545, ""sv_l"": 41.545, ""feat_secs"": 0.015137, ""feat_secs_frame"": 0.000828, ""feat_secs_hsf"": 0.014098}"
ct,"ct:n=32,L=16,t=4,nn=1",1,"{""n"": 32.0, ""L"": 16.0, ""t"": 4.0, ""nn"": 1.0}",hsf,skipped,,,,,,0.0,,,"{""n"": 32, ""gates"": 747, ""g2"": 248, ""g3"": 0, ""depth2"": 16, ""t_count"": 4, ""rotations"": 4, ""d"": 4, ""dense_l"": 4.9069, ""redundant"": 0, ""obs_zero"": true, ""frame_l"": 9.545, ""chi_bits"": 8, ""mps_l"": 28.3371, ""hsf_k"": 8, ""hsf_na"": 16, ""hsf_nb"": 16, ""hsf_l"": 40.0164, ""sup"": 32, ""chi_bits0"": 8, ""mps_l0"": 28.3371, ""hsf_keff"": 8, ""hsf_l0"": 40.0164, ""sparse_l"": 41.545, ""sv_l"": 41.545, ""feat_secs"": 0.015137, ""feat_secs_frame"": 0.000828, ""feat_secs_hsf"": 0.014098}"
ct,"ct:n=32,L=16,t=4,nn=1",1,"{""n"": 32.0, ""L"": 16.0, ""t"": 4.0, ""nn"": 1.0}",tableau,na,,0.0044,1982464,,,0.0,,"TooLarge { what: ""tableau (non-Clifford circuit)"", bytes: 0, limit: 0 }","{""n"": 32, ""gates"": 747, ""g2"": 248, ""g3"": 0, ""depth2"": 16, ""t_count"": 4, ""rotations"": 4, ""d"": 4, ""dense_l"": 4.9069, ""redundant"": 0, ""obs_zero"": true, ""frame_l"": 9.545, ""chi_bits"": 8, ""mps_l"": 28.3371, ""hsf_k"": 8, ""hsf_na"": 16, ""hsf_nb"": 16, ""hsf_l"": 40.0164, ""sup"": 32, ""chi_bits0"": 8, ""mps_l0"": 28.3371, ""hsf_keff"": 8, ""hsf_l0"": 40.0164, ""sparse_l"": 41.545, ""sv_l"": 41.545, ""feat_secs"": 0.015137, ""feat_secs_frame"": 0.000828, ""feat_secs_hsf"": 0.014098}"
ct,"ct:n=32,L=16,t=4,nn=1",1,"{""n"": 32.0, ""L"": 16.0, ""t"": 4.0, ""nn"": 1.0}",cstate,ok,0.000389,0.0046,2179072,0.0,4,0.0,0.0,,"{""n"": 32, ""gates"": 747, ""g2"": 248, ""g3"": 0, ""depth2"": 16, ""t_count"": 4, ""rotations"": 4, ""d"": 4, ""dense_l"": 4.9069, ""redundant"": 0, ""obs_zero"": true, ""frame_l"": 9.545, ""chi_bits"": 8, ""mps_l"": 28.3371, ""hsf_k"": 8, ""hsf_na"": 16, ""hsf_nb"": 16, ""hsf_l"": 40.0164, ""sup"": 32, ""chi_bits0"": 8, ""mps_l0"": 28.3371, ""hsf_keff"": 8, ""hsf_l0"": 40.0164, ""sparse_l"": 41.545, ""sv_l"": 41.545, ""feat_secs"": 0.015137, ""feat_secs_frame"": 0.000828, ""feat_secs_hsf"": 0.014098}"
ct,"ct:n=32,L=16,t=4,nn=1",1,"{""n"": 32.0, ""L"": 16.0, ""t"": 4.0, ""nn"": 1.0}",frame,ok,0.000545,0.0068,2572288,-0.0,0,0.0,0.0,switched_at=None dense_qubits=0 peak_terms=0 term_visits=0 dense_ops=0,"{""n"": 32, ""gates"": 747, ""g2"": 248, ""g3"": 0, ""depth2"": 16, ""t_count"": 4, ""rotations"": 4, ""d"": 4, ""dense_l"": 4.9069, ""redundant"": 0, ""obs_zero"": true, ""frame_l"": 9.545, ""chi_bits"": 8, ""mps_l"": 28.3371, ""hsf_k"": 8, ""hsf_na"": 16, ""hsf_nb"": 16, ""hsf_l"": 40.0164, ""sup"": 32, ""chi_bits0"": 8, ""mps_l0"": 28.3371, ""hsf_keff"": 8, ""hsf_l0"": 40.0164, ""sparse_l"": 41.545, ""sv_l"": 41.545, ""feat_secs"": 0.015137, ""feat_secs_frame"": 0.000828, ""feat_secs_hsf"": 0.014098}"
ct,"ct:n=32,L=16,t=4,nn=1",1,"{""n"": 32.0, ""L"": 16.0, ""t"": 4.0, ""nn"": 1.0}",dense,ok,0.00041,0.0043,2310144,0.0,4,0.0,0.0,switched_at=Some(4) dense_qubits=4 peak_terms=0 term_visits=0 dense_ops=30,"{""n"": 32, ""gates"": 747, ""g2"": 248, ""g3"": 0, ""depth2"": 16, ""t_count"": 4, ""rotations"": 4, ""d"": 4, ""dense_l"": 4.9069, ""redundant"": 0, ""obs_zero"": true, ""frame_l"": 9.545, ""chi_bits"": 8, ""mps_l"": 28.3371, ""hsf_k"": 8, ""hsf_na"": 16, ""hsf_nb"": 16, ""hsf_l"": 40.0164, ""sup"": 32, ""chi_bits0"": 8, ""mps_l0"": 28.3371, ""hsf_keff"": 8, ""hsf_l0"": 40.0164, ""sparse_l"": 41.545, ""sv_l"": 41.545, ""feat_secs"": 0.015137, ""feat_secs_frame"": 0.000828, ""feat_secs_hsf"": 0.014098}"
ct,"ct:n=32,L=16,t=4,nn=1",1,"{""n"": 32.0, ""L"": 16.0, ""t"": 4.0, ""nn"": 1.0}",auto,ok,0.000394,0.0047,2310144,0.0,4,0.0,0.0,switched_at=Some(4) dense_qubits=4 peak_terms=0 term_visits=0 dense_ops=30,"{""n"": 32, ""gates"": 747, ""g2"": 248, ""g3"": 0, ""depth2"": 16, ""t_count"": 4, ""rotations"": 4, ""d"": 4, ""dense_l"": 4.9069, ""redundant"": 0, ""obs_zero"": true, ""frame_l"": 9.545, ""chi_bits"": 8, ""mps_l"": 28.3371, ""hsf_k"": 8, ""hsf_na"": 16, ""hsf_nb"": 16, ""hsf_l"": 40.0164, ""sup"": 32, ""chi_bits0"": 8, ""mps_l0"": 28.3371, ""hsf_keff"": 8, ""hsf_l0"": 40.0164, ""sparse_l"": 41.545, ""sv_l"": 41.545, ""feat_secs"": 0.015137, ""feat_secs_frame"": 0.000828, ""feat_secs_hsf"": 0.014098}"
ct,"ct:n=32,L=16,t=8,nn=1",1,"{""n"": 32.0, ""L"": 16.0, ""t"": 8.0, ""nn"": 1.0}",sv,toolarge,,0.0048,1982464,,,0.0,,"TooLarge { what: ""state vector"", bytes: 68719476736, limit: 1073741824 }","{""n"": 32, ""gates"": 743, ""g2"": 248, ""g3"": 0, ""depth2"": 16, ""t_count"": 8, ""rotations"": 8, ""d"": 8, ""dense_l"": 8.9944, ""redundant"": 0, ""obs_zero"": true, ""frame_l"": 9.5372, ""chi_bits"": 8, ""mps_l"": 28.3368, ""hsf_k"": 8, ""hsf_na"": 16, ""hsf_nb"": 16, ""hsf_l"": 40.0163, ""sup"": 32, ""chi_bits0"": 8, ""mps_l0"": 28.3368, ""hsf_keff"": 8, ""hsf_l0"": 40.0163, ""sparse_l"": 41.5372, ""sv_l"": 41.5372, ""feat_secs"": 0.015024, ""feat_secs_frame"": 0.000988, ""feat_secs_hsf"": 0.01387}"
ct,"ct:n=32,L=16,t=8,nn=1",1,"{""n"": 32.0, ""L"": 16.0, ""t"": 8.0, ""nn"": 1.0}",sparse,skipped,,,,,,0.0,,,"{""n"": 32, ""gates"": 743, ""g2"": 248, ""g3"": 0, ""depth2"": 16, ""t_count"": 8, ""rotations"": 8, ""d"": 8, ""dense_l"": 8.9944, ""redundant"": 0, ""obs_zero"": true, ""frame_l"": 9.5372, ""chi_bits"": 8, ""mps_l"": 28.3368, ""hsf_k"": 8, ""hsf_na"": 16, ""hsf_nb"": 16, ""hsf_l"": 40.0163, ""sup"": 32, ""chi_bits0"": 8, ""mps_l0"": 28.3368, ""hsf_keff"": 8, ""hsf_l0"": 40.0163, ""sparse_l"": 41.5372, ""sv_l"": 41.5372, ""feat_secs"": 0.015024, ""feat_secs_frame"": 0.000988, ""feat_secs_hsf"": 0.01387}"
ct,"ct:n=32,L=16,t=8,nn=1",1,"{""n"": 32.0, ""L"": 16.0, ""t"": 8.0, ""nn"": 1.0}",mps,ok,0.009301,0.0136,4358144,4.45603054739591e-17,32,0.0,4.45603054739591e-17,,"{""n"": 32, ""gates"": 743, ""g2"": 248, ""g3"": 0, ""depth2"": 16, ""t_count"": 8, ""rotations"": 8, ""d"": 8, ""dense_l"": 8.9944, ""redundant"": 0, ""obs_zero"": true, ""frame_l"": 9.5372, ""chi_bits"": 8, ""mps_l"": 28.3368, ""hsf_k"": 8, ""hsf_na"": 16, ""hsf_nb"": 16, ""hsf_l"": 40.0163, ""sup"": 32, ""chi_bits0"": 8, ""mps_l0"": 28.3368, ""hsf_keff"": 8, ""hsf_l0"": 40.0163, ""sparse_l"": 41.5372, ""sv_l"": 41.5372, ""feat_secs"": 0.015024, ""feat_secs_frame"": 0.000988, ""feat_secs_hsf"": 0.01387}"
ct,"ct:n=32,L=16,t=8,nn=1",1,"{""n"": 32.0, ""L"": 16.0, ""t"": 8.0, ""nn"": 1.0}",hsf,skipped,,,,,,0.0,,,"{""n"": 32, ""gates"": 743, ""g2"": 248, ""g3"": 0, ""depth2"": 16, ""t_count"": 8, ""rotations"": 8, ""d"": 8, ""dense_l"": 8.9944, ""redundant"": 0, ""obs_zero"": true, ""frame_l"": 9.5372, ""chi_bits"": 8, ""mps_l"": 28.3368, ""hsf_k"": 8, ""hsf_na"": 16, ""hsf_nb"": 16, ""hsf_l"": 40.0163, ""sup"": 32, ""chi_bits0"": 8, ""mps_l0"": 28.3368, ""hsf_keff"": 8, ""hsf_l0"": 40.0163, ""sparse_l"": 41.5372, ""sv_l"": 41.5372, ""feat_secs"": 0.015024, ""feat_secs_frame"": 0.000988, ""feat_secs_hsf"": 0.01387}"
ct,"ct:n=32,L=16,t=8,nn=1",1,"{""n"": 32.0, ""L"": 16.0, ""t"": 8.0, ""nn"": 1.0}",tableau,na,,0.0046,1982464,,,0.0,,"TooLarge { what: ""tableau (non-Clifford circuit)"", bytes: 0, limit: 0 }","{""n"": 32, ""gates"": 743, ""g2"": 248, ""g3"": 0, ""depth2"": 16, ""t_count"": 8, ""rotations"": 8, ""d"": 8, ""dense_l"": 8.9944, ""redundant"": 0, ""obs_zero"": true, ""frame_l"": 9.5372, ""chi_bits"": 8, ""mps_l"": 28.3368, ""hsf_k"": 8, ""hsf_na"": 16, ""hsf_nb"": 16, ""hsf_l"": 40.0163, ""sup"": 32, ""chi_bits0"": 8, ""mps_l0"": 28.3368, ""hsf_keff"": 8, ""hsf_l0"": 40.0163, ""sparse_l"": 41.5372, ""sv_l"": 41.5372, ""feat_secs"": 0.015024, ""feat_secs_frame"": 0.000988, ""feat_secs_hsf"": 0.01387}"
ct,"ct:n=32,L=16,t=8,nn=1",1,"{""n"": 32.0, ""L"": 16.0, ""t"": 8.0, ""nn"": 1.0}",cstate,ok,0.000387,0.0069,2179072,0.0,8,0.0,0.0,,"{""n"": 32, ""gates"": 743, ""g2"": 248, ""g3"": 0, ""depth2"": 16, ""t_count"": 8, ""rotations"": 8, ""d"": 8, ""dense_l"": 8.9944, ""redundant"": 0, ""obs_zero"": true, ""frame_l"": 9.5372, ""chi_bits"": 8, ""mps_l"": 28.3368, ""hsf_k"": 8, ""hsf_na"": 16, ""hsf_nb"": 16, ""hsf_l"": 40.0163, ""sup"": 32, ""chi_bits0"": 8, ""mps_l0"": 28.3368, ""hsf_keff"": 8, ""hsf_l0"": 40.0163, ""sparse_l"": 41.5372, ""sv_l"": 41.5372, ""feat_secs"": 0.015024, ""feat_secs_frame"": 0.000988, ""feat_secs_hsf"": 0.01387}"
ct,"ct:n=32,L=16,t=8,nn=1",1,"{""n"": 32.0, ""L"": 16.0, ""t"": 8.0, ""nn"": 1.0}",frame,ok,0.000514,0.0059,2572288,-0.0,0,0.0,0.0,switched_at=None dense_qubits=0 peak_terms=0 term_visits=0 dense_ops=0,"{""n"": 32, ""gates"": 743, ""g2"": 248, ""g3"": 0, ""depth2"": 16, ""t_count"": 8, ""rotations"": 8, ""d"": 8, ""dense_l"": 8.9944, ""redundant"": 0, ""obs_zero"": true, ""frame_l"": 9.5372, ""chi_bits"": 8, ""mps_l"": 28.3368, ""hsf_k"": 8, ""hsf_na"": 16, ""hsf_nb"": 16, ""hsf_l"": 40.0163, ""sup"": 32, ""chi_bits0"": 8, ""mps_l0"": 28.3368, ""hsf_keff"": 8, ""hsf_l0"": 40.0163, ""sparse_l"": 41.5372, ""sv_l"": 41.5372, ""feat_secs"": 0.015024, ""feat_secs_frame"": 0.000988, ""feat_secs_hsf"": 0.01387}"
ct,"ct:n=32,L=16,t=8,nn=1",1,"{""n"": 32.0, ""L"": 16.0, ""t"": 8.0, ""nn"": 1.0}",dense,ok,0.000389,0.0043,2310144,0.0,8,0.0,0.0,switched_at=Some(8) dense_qubits=8 peak_terms=0 term_visits=0 dense_ops=510,"{""n"": 32, ""gates"": 743, ""g2"": 248, ""g3"": 0, ""depth2"": 16, ""t_count"": 8, ""rotations"": 8, ""d"": 8, ""dense_l"": 8.9944, ""redundant"": 0, ""obs_zero"": true, ""frame_l"": 9.5372, ""chi_bits"": 8, ""mps_l"": 28.3368, ""hsf_k"": 8, ""hsf_na"": 16, ""hsf_nb"": 16, ""hsf_l"": 40.0163, ""sup"": 32, ""chi_bits0"": 8, ""mps_l0"": 28.3368, ""hsf_keff"": 8, ""hsf_l0"": 40.0163, ""sparse_l"": 41.5372, ""sv_l"": 41.5372, ""feat_secs"": 0.015024, ""feat_secs_frame"": 0.000988, ""feat_secs_hsf"": 0.01387}"
ct,"ct:n=32,L=16,t=8,nn=1",1,"{""n"": 32.0, ""L"": 16.0, ""t"": 8.0, ""nn"": 1.0}",auto,ok,0.000517,0.0076,2572288,-0.0,0,0.0,0.0,switched_at=None dense_qubits=0 peak_terms=0 term_visits=0 dense_ops=0,"{""n"": 32, ""gates"": 743, ""g2"": 248, ""g3"": 0, ""depth2"": 16, ""t_count"": 8, ""rotations"": 8, ""d"": 8, ""dense_l"": 8.9944, ""redundant"": 0, ""obs_zero"": true, ""frame_l"": 9.5372, ""chi_bits"": 8, ""mps_l"": 28.3368, ""hsf_k"": 8, ""hsf_na"": 16, ""hsf_nb"": 16, ""hsf_l"": 40.0163, ""sup"": 32, ""chi_bits0"": 8, ""mps_l0"": 28.3368, ""hsf_keff"": 8, ""hsf_l0"": 40.0163, ""sparse_l"": 41.5372, ""sv_l"": 41.5372, ""feat_secs"": 0.015024, ""feat_secs_frame"": 0.000988, ""feat_secs_hsf"": 0.01387}"
ct,"ct:n=32,L=16,t=16,nn=1",1,"{""n"": 32.0, ""L"": 16.0, ""t"": 16.0, ""nn"": 1.0}",sv,toolarge,,0.0045,1982464,,,0.0,,"TooLarge { what: ""state vector"", bytes: 68719476736, limit: 1073741824 }","{""n"": 32, ""gates"": 775, ""g2"": 248, ""g3"": 0, ""depth2"": 16, ""t_count"": 16, ""rotations"": 16, ""d"": 15, ""dense_l"": 16.0, ""redundant"": 1, ""obs_zero"": true, ""frame_l"": 9.5981, ""chi_bits"": 8, ""mps_l"": 28.3376, ""hsf_k"": 8, ""hsf_na"": 16, ""hsf_nb"": 16, ""hsf_l"": 40.017, ""sup"": 32, ""chi_bits0"": 8, ""mps_l0"": 28.3376, ""hsf_keff"": 8, ""hsf_l0"": 40.017, ""sparse_l"": 41.5981, ""sv_l"": 41.5981, ""feat_secs"": 0.014417, ""feat_secs_frame"": 0.000864, ""feat_secs_hsf"": 0.013377}"
ct,"ct:n=32,L=16,t=16,nn=1",1,"{""n"": 32.0, ""L"": 16.0, ""t"": 16.0, ""nn"": 1.0}",sparse,skipped,,,,,,0.0,,,"{""n"": 32, ""gates"": 775, ""g2"": 248, ""g3"": 0, ""depth2"": 16, ""t_count"": 16, ""rotations"": 16, ""d"": 15, ""dense_l"": 16.0, ""redundant"": 1, ""obs_zero"": true, ""frame_l"": 9.5981, ""chi_bits"": 8, ""mps_l"": 28.3376, ""hsf_k"": 8, ""hsf_na"": 16, ""hsf_nb"": 16, ""hsf_l"": 40.017, ""sup"": 32, ""chi_bits0"": 8, ""mps_l0"": 28.3376, ""hsf_keff"": 8, ""hsf_l0"": 40.017, ""sparse_l"": 41.5981, ""sv_l"": 41.5981, ""feat_secs"": 0.014417, ""feat_secs_frame"": 0.000864, ""feat_secs_hsf"": 0.013377}"
ct,"ct:n=32,L=16,t=16,nn=1",1,"{""n"": 32.0, ""L"": 16.0, ""t"": 16.0, ""nn"": 1.0}",mps,ok,0.009366,0.0139,4407296,5.720250662033516e-16,32,0.0,5.720250662033516e-16,,"{""n"": 32, ""gates"": 775, ""g2"": 248, ""g3"": 0, ""depth2"": 16, ""t_count"": 16, ""rotations"": 16, ""d"": 15, ""dense_l"": 16.0, ""redundant"": 1, ""obs_zero"": true, ""frame_l"": 9.5981, ""chi_bits"": 8, ""mps_l"": 28.3376, ""hsf_k"": 8, ""hsf_na"": 16, ""hsf_nb"": 16, ""hsf_l"": 40.017, ""sup"": 32, ""chi_bits0"": 8, ""mps_l0"": 28.3376, ""hsf_keff"": 8, ""hsf_l0"": 40.017, ""sparse_l"": 41.5981, ""sv_l"": 41.5981, ""feat_secs"": 0.014417, ""feat_secs_frame"": 0.000864, ""feat_secs_hsf"": 0.013377}"
ct,"ct:n=32,L=16,t=16,nn=1",1,"{""n"": 32.0, ""L"": 16.0, ""t"": 16.0, ""nn"": 1.0}",hsf,skipped,,,,,,0.0,,,"{""n"": 32, ""gates"": 775, ""g2"": 248, ""g3"": 0, ""depth2"": 16, ""t_count"": 16, ""rotations"": 16, ""d"": 15, ""dense_l"": 16.0, ""redundant"": 1, ""obs_zero"": true, ""frame_l"": 9.5981, ""chi_bits"": 8, ""mps_l"": 28.3376, ""hsf_k"": 8, ""hsf_na"": 16, ""hsf_nb"": 16, ""hsf_l"": 40.017, ""sup"": 32, ""chi_bits0"": 8, ""mps_l0"": 28.3376, ""hsf_keff"": 8, ""hsf_l0"": 40.017, ""sparse_l"": 41.5981, ""sv_l"": 41.5981, ""feat_secs"": 0.014417, ""feat_secs_frame"": 0.000864, ""feat_secs_hsf"": 0.013377}"
ct,"ct:n=32,L=16,t=16,nn=1",1,"{""n"": 32.0, ""L"": 16.0, ""t"": 16.0, ""nn"": 1.0}",tableau,na,,0.0048,1982464,,,0.0,,"TooLarge { what: ""tableau (non-Clifford circuit)"", bytes: 0, limit: 0 }","{""n"": 32, ""gates"": 775, ""g2"": 248, ""g3"": 0, ""depth2"": 16, ""t_count"": 16, ""rotations"": 16, ""d"": 15, ""dense_l"": 16.0, ""redundant"": 1, ""obs_zero"": true, ""frame_l"": 9.5981, ""chi_bits"": 8, ""mps_l"": 28.3376, ""hsf_k"": 8, ""hsf_na"": 16, ""hsf_nb"": 16, ""hsf_l"": 40.017, ""sup"": 32, ""chi_bits0"": 8, ""mps_l0"": 28.3376, ""hsf_keff"": 8, ""hsf_l0"": 40.017, ""sparse_l"": 41.5981, ""sv_l"": 41.5981, ""feat_secs"": 0.014417, ""feat_secs_frame"": 0.000864, ""feat_secs_hsf"": 0.013377}"
ct,"ct:n=32,L=16,t=16,nn=1",1,"{""n"": 32.0, ""L"": 16.0, ""t"": 16.0, ""nn"": 1.0}",cstate,ok,0.000646,0.0074,2981888,0.0,15,0.0,0.0,,"{""n"": 32, ""gates"": 775, ""g2"": 248, ""g3"": 0, ""depth2"": 16, ""t_count"": 16, ""rotations"": 16, ""d"": 15, ""dense_l"": 16.0, ""redundant"": 1, ""obs_zero"": true, ""frame_l"": 9.5981, ""chi_bits"": 8, ""mps_l"": 28.3376, ""hsf_k"": 8, ""hsf_na"": 16, ""hsf_nb"": 16, ""hsf_l"": 40.017, ""sup"": 32, ""chi_bits0"": 8, ""mps_l0"": 28.3376, ""hsf_keff"": 8, ""hsf_l0"": 40.017, ""sparse_l"": 41.5981, ""sv_l"": 41.5981, ""feat_secs"": 0.014417, ""feat_secs_frame"": 0.000864, ""feat_secs_hsf"": 0.013377}"
ct,"ct:n=32,L=16,t=16,nn=1",1,"{""n"": 32.0, ""L"": 16.0, ""t"": 16.0, ""nn"": 1.0}",frame,ok,0.000542,0.0073,2588672,-0.0,0,0.0,0.0,switched_at=None dense_qubits=0 peak_terms=0 term_visits=0 dense_ops=0,"{""n"": 32, ""gates"": 775, ""g2"": 248, ""g3"": 0, ""depth2"": 16, ""t_count"": 16, ""rotations"": 16, ""d"": 15, ""dense_l"": 16.0, ""redundant"": 1, ""obs_zero"": true, ""frame_l"": 9.5981, ""chi_bits"": 8, ""mps_l"": 28.3376, ""hsf_k"": 8, ""hsf_na"": 16, ""hsf_nb"": 16, ""hsf_l"": 40.017, ""sup"": 32, ""chi_bits0"": 8, ""mps_l0"": 28.3376, ""hsf_keff"": 8, ""hsf_l0"": 40.017, ""sparse_l"": 41.5981, ""sv_l"": 41.5981, ""feat_secs"": 0.014417, ""feat_secs_frame"": 0.000864, ""feat_secs_hsf"": 0.013377}"
ct,"ct:n=32,L=16,t=16,nn=1",1,"{""n"": 32.0, ""L"": 16.0, ""t"": 16.0, ""nn"": 1.0}",dense,ok,0.000607,0.0076,3080192,0.0,15,0.0,0.0,switched_at=Some(16) dense_qubits=15 peak_terms=0 term_visits=0 dense_ops=65535,"{""n"": 32, ""gates"": 775, ""g2"": 248, ""g3"": 0, ""depth2"": 16, ""t_count"": 16, ""rotations"": 16, ""d"": 15, ""dense_l"": 16.0, ""redundant"": 1, ""obs_zero"": true, ""frame_l"": 9.5981, ""chi_bits"": 8, ""mps_l"": 28.3376, ""hsf_k"": 8, ""hsf_na"": 16, ""hsf_nb"": 16, ""hsf_l"": 40.017, ""sup"": 32, ""chi_bits0"": 8, ""mps_l0"": 28.3376, ""hsf_keff"": 8, ""hsf_l0"": 40.017, ""sparse_l"": 41.5981, ""sv_l"": 41.5981, ""feat_secs"": 0.014417, ""feat_secs_frame"": 0.000864, ""feat_secs_hsf"": 0.013377}"
ct,"ct:n=32,L=16,t=16,nn=1",1,"{""n"": 32.0, ""L"": 16.0, ""t"": 16.0, ""nn"": 1.0}",auto,ok,0.000549,0.0069,2572288,-0.0,0,0.0,0.0,switched_at=None dense_qubits=0 peak_terms=0 term_visits=0 dense_ops=0,"{""n"": 32, ""gates"": 775, ""g2"": 248, ""g3"": 0, ""depth2"": 16, ""t_count"": 16, ""rotations"": 16, ""d"": 15, ""dense_l"": 16.0, ""redundant"": 1, ""obs_zero"": true, ""frame_l"": 9.5981, ""chi_bits"": 8, ""mps_l"": 28.3376, ""hsf_k"": 8, ""hsf_na"": 16, ""hsf_nb"": 16, ""hsf_l"": 40.017, ""sup"": 32, ""chi_bits0"": 8, ""mps_l0"": 28.3376, ""hsf_keff"": 8, ""hsf_l0"": 40.017, ""sparse_l"": 41.5981, ""sv_l"": 41.5981, ""feat_secs"": 0.014417, ""feat_secs_frame"": 0.000864, ""feat_secs_hsf"": 0.013377}"
ct,"ct:n=32,L=16,t=24,nn=1",1,"{""n"": 32.0, ""L"": 16.0, ""t"": 24.0, ""nn"": 1.0}",sv,toolarge,,0.0048,1982464,,,-0.0,,"TooLarge { what: ""state vector"", bytes: 68719476736, limit: 1073741824 }","{""n"": 32, ""gates"": 800, ""g2"": 248, ""g3"": 0, ""depth2"": 16, ""t_count"": 24, ""rotations"": 24, ""d"": 22, ""dense_l"": 23.014, ""redundant"": 2, ""obs_zero"": true, ""frame_l"": 9.6439, ""chi_bits"": 8, ""mps_l"": 28.3376, ""hsf_k"": 8, ""hsf_na"": 16, ""hsf_nb"": 16, ""hsf_l"": 38.0175, ""sup"": 32, ""chi_bits0"": 8, ""mps_l0"": 28.3376, ""hsf_keff"": 6, ""hsf_l0"": 40.0175, ""sparse_l"": 41.6439, ""sv_l"": 41.6439, ""feat_secs"": 0.019135, ""feat_secs_frame"": 0.000892, ""feat_secs_hsf"": 0.018065}"
ct,"ct:n=32,L=16,t=24,nn=1",1,"{""n"": 32.0, ""L"": 16.0, ""t"": 24.0, ""nn"": 1.0}",sparse,skipped,,,,,,-0.0,,,"{""n"": 32, ""gates"": 800, ""g2"": 248, ""g3"": 0, ""depth2"": 16, ""t_count"": 24, ""rotations"": 24, ""d"": 22, ""dense_l"": 23.014, ""redundant"": 2, ""obs_zero"": true, ""frame_l"": 9.6439, ""chi_bits"": 8, ""mps_l"": 28.3376, ""hsf_k"": 8, ""hsf_na"": 16, ""hsf_nb"": 16, ""hsf_l"": 38.0175, ""sup"": 32, ""chi_bits0"": 8, ""mps_l0"": 28.3376, ""hsf_keff"": 6, ""hsf_l0"": 40.0175, ""sparse_l"": 41.6439, ""sv_l"": 41.6439, ""feat_secs"": 0.019135, ""feat_secs_frame"": 0.000892, ""feat_secs_hsf"": 0.018065}"
ct,"ct:n=32,L=16,t=24,nn=1",1,"{""n"": 32.0, ""L"": 16.0, ""t"": 24.0, ""nn"": 1.0}",mps,ok,0.011433,0.0186,4898816,-2.867397895812072e-16,32,-0.0,2.867397895812072e-16,,"{""n"": 32, ""gates"": 800, ""g2"": 248, ""g3"": 0, ""depth2"": 16, ""t_count"": 24, ""rotations"": 24, ""d"": 22, ""dense_l"": 23.014, ""redundant"": 2, ""obs_zero"": true, ""frame_l"": 9.6439, ""chi_bits"": 8, ""mps_l"": 28.3376, ""hsf_k"": 8, ""hsf_na"": 16, ""hsf_nb"": 16, ""hsf_l"": 38.0175, ""sup"": 32, ""chi_bits0"": 8, ""mps_l0"": 28.3376, ""hsf_keff"": 6, ""hsf_l0"": 40.0175, ""sparse_l"": 41.6439, ""sv_l"": 41.6439, ""feat_secs"": 0.019135, ""feat_secs_frame"": 0.000892, ""feat_secs_hsf"": 0.018065}"
ct,"ct:n=32,L=16,t=24,nn=1",1,"{""n"": 32.0, ""L"": 16.0, ""t"": 24.0, ""nn"": 1.0}",hsf,skipped,,,,,,-0.0,,,"{""n"": 32, ""gates"": 800, ""g2"": 248, ""g3"": 0, ""depth2"": 16, ""t_count"": 24, ""rotations"": 24, ""d"": 22, ""dense_l"": 23.014, ""redundant"": 2, ""obs_zero"": true, ""frame_l"": 9.6439, ""chi_bits"": 8, ""mps_l"": 28.3376, ""hsf_k"": 8, ""hsf_na"": 16, ""hsf_nb"": 16, ""hsf_l"": 38.0175, ""sup"": 32, ""chi_bits0"": 8, ""mps_l0"": 28.3376, ""hsf_keff"": 6, ""hsf_l0"": 40.0175, ""sparse_l"": 41.6439, ""sv_l"": 41.6439, ""feat_secs"": 0.019135, ""feat_secs_frame"": 0.000892, ""feat_secs_hsf"": 0.018065}"
ct,"ct:n=32,L=16,t=24,nn=1",1,"{""n"": 32.0, ""L"": 16.0, ""t"": 24.0, ""nn"": 1.0}",tableau,na,,0.0072,1982464,,,-0.0,,"TooLarge { what: ""tableau (non-Clifford circuit)"", bytes: 0, limit: 0 }","{""n"": 32, ""gates"": 800, ""g2"": 248, ""g3"": 0, ""depth2"": 16, ""t_count"": 24, ""rotations"": 24, ""d"": 22, ""dense_l"": 23.014, ""redundant"": 2, ""obs_zero"": true, ""frame_l"": 9.6439, ""chi_bits"": 8, ""mps_l"": 28.3376, ""hsf_k"": 8, ""hsf_na"": 16, ""hsf_nb"": 16, ""hsf_l"": 38.0175, ""sup"": 32, ""chi_bits0"": 8, ""mps_l0"": 28.3376, ""hsf_keff"": 6, ""hsf_l0"": 40.0175, ""sparse_l"": 41.6439, ""sv_l"": 41.6439, ""feat_secs"": 0.019135, ""feat_secs_frame"": 0.000892, ""feat_secs_hsf"": 0.018065}"
ct,"ct:n=32,L=16,t=24,nn=1",1,"{""n"": 32.0, ""L"": 16.0, ""t"": 24.0, ""nn"": 1.0}",cstate,ok,0.01721,0.0219,69730304,0.0,22,-0.0,0.0,,"{""n"": 32, ""gates"": 800, ""g2"": 248, ""g3"": 0, ""depth2"": 16, ""t_count"": 24, ""rotations"": 24, ""d"": 22, ""dense_l"": 23.014, ""redundant"": 2, ""obs_zero"": true, ""frame_l"": 9.6439, ""chi_bits"": 8, ""mps_l"": 28.3376, ""hsf_k"": 8, ""hsf_na"": 16, ""hsf_nb"": 16, ""hsf_l"": 38.0175, ""sup"": 32, ""chi_bits0"": 8, ""mps_l0"": 28.3376, ""hsf_keff"": 6, ""hsf_l0"": 40.0175, ""sparse_l"": 41.6439, ""sv_l"": 41.6439, ""feat_secs"": 0.019135, ""feat_secs_frame"": 0.000892, ""feat_secs_hsf"": 0.018065}"
ct,"ct:n=32,L=16,t=24,nn=1",1,"{""n"": 32.0, ""L"": 16.0, ""t"": 24.0, ""nn"": 1.0}",frame,ok,0.000665,0.0073,2588672,-0.0,0,-0.0,0.0,switched_at=None dense_qubits=0 peak_terms=0 term_visits=0 dense_ops=0,"{""n"": 32, ""gates"": 800, ""g2"": 248, ""g3"": 0, ""depth2"": 16, ""t_count"": 24, ""rotations"": 24, ""d"": 22, ""dense_l"": 23.014, ""redundant"": 2, ""obs_zero"": true, ""frame_l"": 9.6439, ""chi_bits"": 8, ""mps_l"": 28.3376, ""hsf_k"": 8, ""hsf_na"": 16, ""hsf_nb"": 16, ""hsf_l"": 38.0175, ""sup"": 32, ""chi_bits0"": 8, ""mps_l0"": 28.3376, ""hsf_keff"": 6, ""hsf_l0"": 40.0175, ""sparse_l"": 41.6439, ""sv_l"": 41.6439, ""feat_secs"": 0.019135, ""feat_secs_frame"": 0.000892, ""feat_secs_hsf"": 0.018065}"
ct,"ct:n=32,L=16,t=24,nn=1",1,"{""n"": 32.0, ""L"": 16.0, ""t"": 24.0, ""nn"": 1.0}",dense,ok,0.017843,0.0245,69795840,0.0,22,-0.0,0.0,switched_at=Some(24) dense_qubits=22 peak_terms=0 term_visits=0 dense_ops=8470526,"{""n"": 32, ""gates"": 800, ""g2"": 248, ""g3"": 0, ""depth2"": 16, ""t_count"": 24, ""rotations"": 24, ""d"": 22, ""dense_l"": 23.014, ""redundant"": 2, ""obs_zero"": true, ""frame_l"": 9.6439, ""chi_bits"": 8, ""mps_l"": 28.3376, ""hsf_k"": 8, ""hsf_na"": 16, ""hsf_nb"": 16, ""hsf_l"": 38.0175, ""sup"": 32, ""chi_bits0"": 8, ""mps_l0"": 28.3376, ""hsf_keff"": 6, ""hsf_l0"": 40.0175, ""sparse_l"": 41.6439, ""sv_l"": 41.6439, ""feat_secs"": 0.019135, ""feat_secs_frame"": 0.000892, ""feat_secs_hsf"": 0.018065}"
ct,"ct:n=32,L=16,t=24,nn=1",1,"{""n"": 32.0, ""L"": 16.0, ""t"": 24.0, ""nn"": 1.0}",auto,ok,0.00053,0.0070,2572288,-0.0,0,-0.0,0.0,switched_at=None dense_qubits=0 peak_terms=0 term_visits=0 dense_ops=0,"{""n"": 32, ""gates"": 800, ""g2"": 248, ""g3"": 0, ""depth2"": 16, ""t_count"": 24, ""rotations"": 24, ""d"": 22, ""dense_l"": 23.014, ""redundant"": 2, ""obs_zero"": true, ""frame_l"": 9.6439, ""chi_bits"": 8, ""mps_l"": 28.3376, ""hsf_k"": 8, ""hsf_na"": 16, ""hsf_nb"": 16, ""hsf_l"": 38.0175, ""sup"": 32, ""chi_bits0"": 8, ""mps_l0"": 28.3376, ""hsf_keff"": 6, ""hsf_l0"": 40.0175, ""sparse_l"": 41.6439, ""sv_l"": 41.6439, ""feat_secs"": 0.019135, ""feat_secs_frame"": 0.000892, ""feat_secs_hsf"": 0.018065}"
ct,"ct:n=32,L=16,t=32,nn=1",1,"{""n"": 32.0, ""L"": 16.0, ""t"": 32.0, ""nn"": 1.0}",sv,toolarge,,0.0067,1982464,,,-0.0,,"TooLarge { what: ""state vector"", bytes: 68719476736, limit: 1073741824 }","{""n"": 32, ""gates"": 809, ""g2"": 248, ""g3"": 0, ""depth2"": 16, ""t_count"": 32, ""rotations"": 32, ""d"": 26, ""dense_l"": 27.1523, ""redundant"": 6, ""obs_zero"": false, ""frame_l"": 8.0, ""chi_bits"": 8, ""mps_l"": 28.3378, ""hsf_k"": 8, ""hsf_na"": 16, ""hsf_nb"": 16, ""hsf_l"": 40.0177, ""sup"": 32, ""chi_bits0"": 8, ""mps_l0"": 28.3378, ""hsf_keff"": 8, ""hsf_l0"": 40.0177, ""sparse_l"": 41.66, ""sv_l"": 41.66, ""feat_secs"": 0.016775, ""feat_secs_frame"": 0.000915, ""feat_secs_hsf"": 0.015677}"
ct,"ct:n=32,L=16,t=32,nn=1",1,"{""n"": 32.0, ""L"": 16.0, ""t"": 32.0, ""nn"": 1.0}",sparse,skipped,,,,,,-0.0,,,"{""n"": 32, ""gates"": 809, ""g2"": 248, ""g3"": 0, ""depth2"": 16, ""t_count"": 32, ""rotations"": 32, ""d"": 26, ""dense_l"": 27.1523, ""redundant"": 6, ""obs_zero"": false, ""frame_l"": 8.0, ""chi_bits"": 8, ""mps_l"": 28.3378, ""hsf_k"": 8, ""hsf_na"": 16, ""hsf_nb"": 16, ""hsf_l"": 40.0177, ""sup"": 32, ""chi_bits0"": 8, ""mps_l0"": 28.3378, ""hsf_keff"": 8, ""hsf_l0"": 40.0177, ""sparse_l"": 41.66, ""sv_l"": 41.66, ""feat_secs"": 0.016775, ""feat_secs_frame"": 0.000915, ""feat_secs_hsf"": 0.015677}"
ct,"ct:n=32,L=16,t=32,nn=1",1,"{""n"": 32.0, ""L"": 16.0, ""t"": 32.0, ""nn"": 1.0}",mps,ok,0.016334,0.0228,5406720,-5.793379173666827e-16,64,-0.0,5.793379173666827e-16,,"{""n"": 32, ""gates"": 809, ""g2"": 248, ""g3"": 0, ""depth2"": 16, ""t_count"": 32, ""rotations"": 32, ""d"": 26, ""dense_l"": 27.1523, ""redundant"": 6, ""obs_zero"": false, ""frame_l"": 8.0, ""chi_bits"": 8, ""mps_l"": 28.3378, ""hsf_k"": 8, ""hsf_na"": 16, ""hsf_nb"": 16, ""hsf_l"": 40.0177, ""sup"": 32, ""chi_bits0"": 8, ""mps_l0"": 28.3378, ""hsf_keff"": 8, ""hsf_l0"": 40.0177, ""sparse_l"": 41.66, ""sv_l"": 41.66, ""feat_secs"": 0.016775, ""feat_secs_frame"": 0.000915, ""feat_secs_hsf"": 0.015677}"
ct,"ct:n=32,L=16,t=32,nn=1",1,"{""n"": 32.0, ""L"": 16.0, ""t"": 32.0, ""nn"": 1.0}",hsf,skipped,,,,,,-0.0,,,"{""n"": 32, ""gates"": 809, ""g2"": 248, ""g3"": 0, ""depth2"": 16, ""t_count"": 32, ""rotations"": 32, ""d"": 26, ""dense_l"": 27.1523, ""redundant"": 6, ""obs_zero"": false, ""frame_l"": 8.0, ""chi_bits"": 8, ""mps_l"": 28.3378, ""hsf_k"": 8, ""hsf_na"": 16, ""hsf_nb"": 16, ""hsf_l"": 40.0177, ""sup"": 32, ""chi_bits0"": 8, ""mps_l0"": 28.3378, ""hsf_keff"": 8, ""hsf_l0"": 40.0177, ""sparse_l"": 41.66, ""sv_l"": 41.66, ""feat_secs"": 0.016775, ""feat_secs_frame"": 0.000915, ""feat_secs_hsf"": 0.015677}"
ct,"ct:n=32,L=16,t=32,nn=1",1,"{""n"": 32.0, ""L"": 16.0, ""t"": 32.0, ""nn"": 1.0}",tableau,na,,0.0074,1982464,,,-0.0,,"TooLarge { what: ""tableau (non-Clifford circuit)"", bytes: 0, limit: 0 }","{""n"": 32, ""gates"": 809, ""g2"": 248, ""g3"": 0, ""depth2"": 16, ""t_count"": 32, ""rotations"": 32, ""d"": 26, ""dense_l"": 27.1523, ""redundant"": 6, ""obs_zero"": false, ""frame_l"": 8.0, ""chi_bits"": 8, ""mps_l"": 28.3378, ""hsf_k"": 8, ""hsf_na"": 16, ""hsf_nb"": 16, ""hsf_l"": 40.0177, ""sup"": 32, ""chi_bits0"": 8, ""mps_l0"": 28.3378, ""hsf_keff"": 8, ""hsf_l0"": 40.0177, ""sparse_l"": 41.66, ""sv_l"": 41.66, ""feat_secs"": 0.016775, ""feat_secs_frame"": 0.000915, ""feat_secs_hsf"": 0.015677}"
ct,"ct:n=32,L=16,t=32,nn=1",1,"{""n"": 32.0, ""L"": 16.0, ""t"": 32.0, ""nn"": 1.0}",cstate,ok,0.382564,0.3868,1076920320,1.777898962944605e-20,26,-0.0,1.777898962944605e-20,,"{""n"": 32, ""gates"": 809, ""g2"": 248, ""g3"": 0, ""depth2"": 16, ""t_count"": 32, ""rotations"": 32, ""d"": 26, ""dense_l"": 27.1523, ""redundant"": 6, ""obs_zero"": false, ""frame_l"": 8.0, ""chi_bits"": 8, ""mps_l"": 28.3378, ""hsf_k"": 8, ""hsf_na"": 16, ""hsf_nb"": 16, ""hsf_l"": 40.0177, ""sup"": 32, ""chi_bits0"": 8, ""mps_l0"": 28.3378, ""hsf_keff"": 8, ""hsf_l0"": 40.0177, ""sparse_l"": 41.66, ""sv_l"": 41.66, ""feat_secs"": 0.016775, ""feat_secs_frame"": 0.000915, ""feat_secs_hsf"": 0.015677}"
ct,"ct:n=32,L=16,t=32,nn=1",1,"{""n"": 32.0, ""L"": 16.0, ""t"": 32.0, ""nn"": 1.0}",frame,ok,0.000584,0.0074,2588672,-0.0,1,-0.0,0.0,switched_at=None dense_qubits=0 peak_terms=1 term_visits=2 dense_ops=0,"{""n"": 32, ""gates"": 809, ""g2"": 248, ""g3"": 0, ""depth2"": 16, ""t_count"": 32, ""rotations"": 32, ""d"": 26, ""dense_l"": 27.1523, ""redundant"": 6, ""obs_zero"": false, ""frame_l"": 8.0, ""chi_bits"": 8, ""mps_l"": 28.3378, ""hsf_k"": 8, ""hsf_na"": 16, ""hsf_nb"": 16, ""hsf_l"": 40.0177, ""sup"": 32, ""chi_bits0"": 8, ""mps_l0"": 28.3378, ""hsf_keff"": 8, ""hsf_l0"": 40.0177, ""sparse_l"": 41.66, ""sv_l"": 41.66, ""feat_secs"": 0.016775, ""feat_secs_frame"": 0.000915, ""feat_secs_hsf"": 0.015677}"
ct,"ct:n=32,L=16,t=32,nn=1",1,"{""n"": 32.0, ""L"": 16.0, ""t"": 32.0, ""nn"": 1.0}",dense,ok,0.38333,0.3886,1077002240,9.58332419232001e-21,26,-0.0,9.58332419232001e-21,switched_at=Some(31) dense_qubits=26 peak_terms=1 term_visits=0 dense_ops=216006734,"{""n"": 32, ""gates"": 809, ""g2"": 248, ""g3"": 0, ""depth2"": 16, ""t_count"": 32, ""rotations"": 32, ""d"": 26, ""dense_l"": 27.1523, ""redundant"": 6, ""obs_zero"": false, ""frame_l"": 8.0, ""chi_bits"": 8, ""mps_l"": 28.3378, ""hsf_k"": 8, ""hsf_na"": 16, ""hsf_nb"": 16, ""hsf_l"": 40.0177, ""sup"": 32, ""chi_bits0"": 8, ""mps_l0"": 28.3378, ""hsf_keff"": 8, ""hsf_l0"": 40.0177, ""sparse_l"": 41.66, ""sv_l"": 41.66, ""feat_secs"": 0.016775, ""feat_secs_frame"": 0.000915, ""feat_secs_hsf"": 0.015677}"
ct,"ct:n=32,L=16,t=32,nn=1",1,"{""n"": 32.0, ""L"": 16.0, ""t"": 32.0, ""nn"": 1.0}",auto,ok,0.000606,0.0077,2588672,-0.0,0,-0.0,0.0,switched_at=None dense_qubits=0 peak_terms=1 term_visits=2 dense_ops=0,"{""n"": 32, ""gates"": 809, ""g2"": 248, ""g3"": 0, ""depth2"": 16, ""t_count"": 32, ""rotations"": 32, ""d"": 26, ""dense_l"": 27.1523, ""redundant"": 6, ""obs_zero"": false, ""frame_l"": 8.0, ""chi_bits"": 8, ""mps_l"": 28.3378, ""hsf_k"": 8, ""hsf_na"": 16, ""hsf_nb"": 16, ""hsf_l"": 40.0177, ""sup"": 32, ""chi_bits0"": 8, ""mps_l0"": 28.3378, ""hsf_keff"": 8, ""hsf_l0"": 40.0177, ""sparse_l"": 41.66, ""sv_l"": 41.66, ""feat_secs"": 0.016775, ""feat_secs_frame"": 0.000915, ""feat_secs_hsf"": 0.015677}"
ct,"ct:n=32,L=16,t=48,nn=1",1,"{""n"": 32.0, ""L"": 16.0, ""t"": 48.0, ""nn"": 1.0}",sv,toolarge,,0.0044,1982464,,,-0.0,,"TooLarge { what: ""state vector"", bytes: 68719476736, limit: 1073741824 }","{""n"": 32, ""gates"": 836, ""g2"": 248, ""g3"": 0, ""depth2"": 16, ""t_count"": 48, ""rotations"": 48, ""d"": 31, ""dense_l"": 32.2035, ""redundant"": 17, ""obs_zero"": false, ""frame_l"": 14.085, ""chi_bits"": 8, ""mps_l"": 28.3374, ""hsf_k"": 8, ""hsf_na"": 16, ""hsf_nb"": 16, ""hsf_l"": 39.0183, ""sup"": 32, ""chi_bits0"": 8, ""mps_l0"": 28.3374, ""hsf_keff"": 7, ""hsf_l0"": 40.0183, ""sparse_l"": 41.7074, ""sv_l"": 41.7074, ""feat_secs"": 0.017848, ""feat_secs_frame"": 0.00106, ""feat_secs_hsf"": 0.016539}"
ct,"ct:n=32,L=16,t=48,nn=1",1,"{""n"": 32.0, ""L"": 16.0, ""t"": 48.0, ""nn"": 1.0}",sparse,skipped,,,,,,-0.0,,,"{""n"": 32, ""gates"": 836, ""g2"": 248, ""g3"": 0, ""depth2"": 16, ""t_count"": 48, ""rotations"": 48, ""d"": 31, ""dense_l"": 32.2035, ""redundant"": 17, ""obs_zero"": false, ""frame_l"": 14.085, ""chi_bits"": 8, ""mps_l"": 28.3374, ""hsf_k"": 8, ""hsf_na"": 16, ""hsf_nb"": 16, ""hsf_l"": 39.0183, ""sup"": 32, ""chi_bits0"": 8, ""mps_l0"": 28.3374, ""hsf_keff"": 7, ""hsf_l0"": 40.0183, ""sparse_l"": 41.7074, ""sv_l"": 41.7074, ""feat_secs"": 0.017848, ""feat_secs_frame"": 0.00106, ""feat_secs_hsf"": 0.016539}"
ct,"ct:n=32,L=16,t=48,nn=1",1,"{""n"": 32.0, ""L"": 16.0, ""t"": 48.0, ""nn"": 1.0}",mps,ok,0.005135,0.0115,3817472,-2.559128413542721e-30,16,-0.0,2.559128413542721e-30,,"{""n"": 32, ""gates"": 836, ""g2"": 248, ""g3"": 0, ""depth2"": 16, ""t_count"": 48, ""rotations"": 48, ""d"": 31, ""dense_l"": 32.2035, ""redundant"": 17, ""obs_zero"": false, ""frame_l"": 14.085, ""chi_bits"": 8, ""mps_l"": 28.3374, ""hsf_k"": 8, ""hsf_na"": 16, ""hsf_nb"": 16, ""hsf_l"": 39.0183, ""sup"": 32, ""chi_bits0"": 8, ""mps_l0"": 28.3374, ""hsf_keff"": 7, ""hsf_l0"": 40.0183, ""sparse_l"": 41.7074, ""sv_l"": 41.7074, ""feat_secs"": 0.017848, ""feat_secs_frame"": 0.00106, ""feat_secs_hsf"": 0.016539}"
ct,"ct:n=32,L=16,t=48,nn=1",1,"{""n"": 32.0, ""L"": 16.0, ""t"": 48.0, ""nn"": 1.0}",hsf,skipped,,,,,,-0.0,,,"{""n"": 32, ""gates"": 836, ""g2"": 248, ""g3"": 0, ""depth2"": 16, ""t_count"": 48, ""rotations"": 48, ""d"": 31, ""dense_l"": 32.2035, ""redundant"": 17, ""obs_zero"": false, ""frame_l"": 14.085, ""chi_bits"": 8, ""mps_l"": 28.3374, ""hsf_k"": 8, ""hsf_na"": 16, ""hsf_nb"": 16, ""hsf_l"": 39.0183, ""sup"": 32, ""chi_bits0"": 8, ""mps_l0"": 28.3374, ""hsf_keff"": 7, ""hsf_l0"": 40.0183, ""sparse_l"": 41.7074, ""sv_l"": 41.7074, ""feat_secs"": 0.017848, ""feat_secs_frame"": 0.00106, ""feat_secs_hsf"": 0.016539}"
ct,"ct:n=32,L=16,t=48,nn=1",1,"{""n"": 32.0, ""L"": 16.0, ""t"": 48.0, ""nn"": 1.0}",tableau,na,,0.0049,1982464,,,-0.0,,"TooLarge { what: ""tableau (non-Clifford circuit)"", bytes: 0, limit: 0 }","{""n"": 32, ""gates"": 836, ""g2"": 248, ""g3"": 0, ""depth2"": 16, ""t_count"": 48, ""rotations"": 48, ""d"": 31, ""dense_l"": 32.2035, ""redundant"": 17, ""obs_zero"": false, ""frame_l"": 14.085, ""chi_bits"": 8, ""mps_l"": 28.3374, ""hsf_k"": 8, ""hsf_na"": 16, ""hsf_nb"": 16, ""hsf_l"": 39.0183, ""sup"": 32, ""chi_bits0"": 8, ""mps_l0"": 28.3374, ""hsf_keff"": 7, ""hsf_l0"": 40.0183, ""sparse_l"": 41.7074, ""sv_l"": 41.7074, ""feat_secs"": 0.017848, ""feat_secs_frame"": 0.00106, ""feat_secs_hsf"": 0.016539}"
ct,"ct:n=32,L=16,t=48,nn=1",1,"{""n"": 32.0, ""L"": 16.0, ""t"": 48.0, ""nn"": 1.0}",cstate,toolarge,,0.0043,2244608,,,-0.0,,"TooLarge { what: ""compressed state vector"", bytes: 34359738368, limit: 1073741824 }","{""n"": 32, ""gates"": 836, ""g2"": 248, ""g3"": 0, ""depth2"": 16, ""t_count"": 48, ""rotations"": 48, ""d"": 31, ""dense_l"": 32.2035, ""redundant"": 17, ""obs_zero"": false, ""frame_l"": 14.085, ""chi_bits"": 8, ""mps_l"": 28.3374, ""hsf_k"": 8, ""hsf_na"": 16, ""hsf_nb"": 16, ""hsf_l"": 39.0183, ""sup"": 32, ""chi_bits0"": 8, ""mps_l0"": 28.3374, ""hsf_keff"": 7, ""hsf_l0"": 40.0183, ""sparse_l"": 41.7074, ""sv_l"": 41.7074, ""feat_secs"": 0.017848, ""feat_secs_frame"": 0.00106, ""feat_secs_hsf"": 0.016539}"
ct,"ct:n=32,L=16,t=48,nn=1",1,"{""n"": 32.0, ""L"": 16.0, ""t"": 48.0, ""nn"": 1.0}",frame,ok,0.000619,0.0075,2654208,-0.0,1,-0.0,0.0,switched_at=None dense_qubits=0 peak_terms=1 term_visits=6 dense_ops=0,"{""n"": 32, ""gates"": 836, ""g2"": 248, ""g3"": 0, ""depth2"": 16, ""t_count"": 48, ""rotations"": 48, ""d"": 31, ""dense_l"": 32.2035, ""redundant"": 17, ""obs_zero"": false, ""frame_l"": 14.085, ""chi_bits"": 8, ""mps_l"": 28.3374, ""hsf_k"": 8, ""hsf_na"": 16, ""hsf_nb"": 16, ""hsf_l"": 39.0183, ""sup"": 32, ""chi_bits0"": 8, ""mps_l0"": 28.3374, ""hsf_keff"": 7, ""hsf_l0"": 40.0183, ""sparse_l"": 41.7074, ""sv_l"": 41.7074, ""feat_secs"": 0.017848, ""feat_secs_frame"": 0.00106, ""feat_secs_hsf"": 0.016539}"
ct,"ct:n=32,L=16,t=48,nn=1",1,"{""n"": 32.0, ""L"": 16.0, ""t"": 48.0, ""nn"": 1.0}",dense,ok,0.000652,0.0079,2654208,-0.0,0,-0.0,0.0,switched_at=None dense_qubits=0 peak_terms=1 term_visits=6 dense_ops=0,"{""n"": 32, ""gates"": 836, ""g2"": 248, ""g3"": 0, ""depth2"": 16, ""t_count"": 48, ""rotations"": 48, ""d"": 31, ""dense_l"": 32.2035, ""redundant"": 17, ""obs_zero"": false, ""frame_l"": 14.085, ""chi_bits"": 8, ""mps_l"": 28.3374, ""hsf_k"": 8, ""hsf_na"": 16, ""hsf_nb"": 16, ""hsf_l"": 39.0183, ""sup"": 32, ""chi_bits0"": 8, ""mps_l0"": 28.3374, ""hsf_keff"": 7, ""hsf_l0"": 40.0183, ""sparse_l"": 41.7074, ""sv_l"": 41.7074, ""feat_secs"": 0.017848, ""feat_secs_frame"": 0.00106, ""feat_secs_hsf"": 0.016539}"
ct,"ct:n=32,L=16,t=48,nn=1",1,"{""n"": 32.0, ""L"": 16.0, ""t"": 48.0, ""nn"": 1.0}",auto,ok,0.000773,0.0075,2654208,-0.0,0,-0.0,0.0,switched_at=None dense_qubits=0 peak_terms=1 term_visits=6 dense_ops=0,"{""n"": 32, ""gates"": 836, ""g2"": 248, ""g3"": 0, ""depth2"": 16, ""t_count"": 48, ""rotations"": 48, ""d"": 31, ""dense_l"": 32.2035, ""redundant"": 17, ""obs_zero"": false, ""frame_l"": 14.085, ""chi_bits"": 8, ""mps_l"": 28.3374, ""hsf_k"": 8, ""hsf_na"": 16, ""hsf_nb"": 16, ""hsf_l"": 39.0183, ""sup"": 32, ""chi_bits0"": 8, ""mps_l0"": 28.3374, ""hsf_keff"": 7, ""hsf_l0"": 40.0183, ""sparse_l"": 41.7074, ""sv_l"": 41.7074, ""feat_secs"": 0.017848, ""feat_secs_frame"": 0.00106, ""feat_secs_hsf"": 0.016539}"
ct,"ct:n=32,L=16,t=64,nn=1",1,"{""n"": 32.0, ""L"": 16.0, ""t"": 64.0, ""nn"": 1.0}",sv,toolarge,,0.0047,1982464,,,-0.0,,"TooLarge { what: ""state vector"", bytes: 68719476736, limit: 1073741824 }","{""n"": 32, ""gates"": 872, ""g2"": 248, ""g3"": 0, ""depth2"": 16, ""t_count"": 64, ""rotations"": 64, ""d"": 32, ""dense_l"": 36.0817, ""redundant"": 32, ""obs_zero"": false, ""frame_l"": 22.0, ""chi_bits"": 8, ""mps_l"": 28.339, ""hsf_k"": 8, ""hsf_na"": 16, ""hsf_nb"": 16, ""hsf_l"": 40.0191, ""sup"": 32, ""chi_bits0"": 8, ""mps_l0"": 28.339, ""hsf_keff"": 8, ""hsf_l0"": 40.0191, ""sparse_l"": 41.7682, ""sv_l"": 41.7682, ""feat_secs"": 0.014823, ""feat_secs_frame"": 0.000946, ""feat_secs_hsf"": 0.013679}"
ct,"ct:n=32,L=16,t=64,nn=1",1,"{""n"": 32.0, ""L"": 16.0, ""t"": 64.0, ""nn"": 1.0}",sparse,skipped,,,,,,-0.0,,,"{""n"": 32, ""gates"": 872, ""g2"": 248, ""g3"": 0, ""depth2"": 16, ""t_count"": 64, ""rotations"": 64, ""d"": 32, ""dense_l"": 36.0817, ""redundant"": 32, ""obs_zero"": false, ""frame_l"": 22.0, ""chi_bits"": 8, ""mps_l"": 28.339, ""hsf_k"": 8, ""hsf_na"": 16, ""hsf_nb"": 16, ""hsf_l"": 40.0191, ""sup"": 32, ""chi_bits0"": 8, ""mps_l0"": 28.339, ""hsf_keff"": 8, ""hsf_l0"": 40.0191, ""sparse_l"": 41.7682, ""sv_l"": 41.7682, ""feat_secs"": 0.014823, ""feat_secs_frame"": 0.000946, ""feat_secs_hsf"": 0.013679}"
ct,"ct:n=32,L=16,t=64,nn=1",1,"{""n"": 32.0, ""L"": 16.0, ""t"": 64.0, ""nn"": 1.0}",mps,ok,0.006709,0.0125,4079616,-2.883300152453622e-15,32,-0.0,2.883300152453622e-15,,"{""n"": 32, ""gates"": 872, ""g2"": 248, ""g3"": 0, ""depth2"": 16, ""t_count"": 64, ""rotations"": 64, ""d"": 32, ""dense_l"": 36.0817, ""redundant"": 32, ""obs_zero"": false, ""frame_l"": 22.0, ""chi_bits"": 8, ""mps_l"": 28.339, ""hsf_k"": 8, ""hsf_na"": 16, ""hsf_nb"": 16, ""hsf_l"": 40.0191, ""sup"": 32, ""chi_bits0"": 8, ""mps_l0"": 28.339, ""hsf_keff"": 8, ""hsf_l0"": 40.0191, ""sparse_l"": 41.7682, ""sv_l"": 41.7682, ""feat_secs"": 0.014823, ""feat_secs_frame"": 0.000946, ""feat_secs_hsf"": 0.013679}"
ct,"ct:n=32,L=16,t=64,nn=1",1,"{""n"": 32.0, ""L"": 16.0, ""t"": 64.0, ""nn"": 1.0}",hsf,skipped,,,,,,-0.0,,,"{""n"": 32, ""gates"": 872, ""g2"": 248, ""g3"": 0, ""depth2"": 16, ""t_count"": 64, ""rotations"": 64, ""d"": 32, ""dense_l"": 36.0817, ""redundant"": 32, ""obs_zero"": false, ""frame_l"": 22.0, ""chi_bits"": 8, ""mps_l"": 28.339, ""hsf_k"": 8, ""hsf_na"": 16, ""hsf_nb"": 16, ""hsf_l"": 40.0191, ""sup"": 32, ""chi_bits0"": 8, ""mps_l0"": 28.339, ""hsf_keff"": 8, ""hsf_l0"": 40.0191, ""sparse_l"": 41.7682, ""sv_l"": 41.7682, ""feat_secs"": 0.014823, ""feat_secs_frame"": 0.000946, ""feat_secs_hsf"": 0.013679}"
ct,"ct:n=32,L=16,t=64,nn=1",1,"{""n"": 32.0, ""L"": 16.0, ""t"": 64.0, ""nn"": 1.0}",tableau,na,,0.0048,1982464,,,-0.0,,"TooLarge { what: ""tableau (non-Clifford circuit)"", bytes: 0, limit: 0 }","{""n"": 32, ""gates"": 872, ""g2"": 248, ""g3"": 0, ""depth2"": 16, ""t_count"": 64, ""rotations"": 64, ""d"": 32, ""dense_l"": 36.0817, ""redundant"": 32, ""obs_zero"": false, ""frame_l"": 22.0, ""chi_bits"": 8, ""mps_l"": 28.339, ""hsf_k"": 8, ""hsf_na"": 16, ""hsf_nb"": 16, ""hsf_l"": 40.0191, ""sup"": 32, ""chi_bits0"": 8, ""mps_l0"": 28.339, ""hsf_keff"": 8, ""hsf_l0"": 40.0191, ""sparse_l"": 41.7682, ""sv_l"": 41.7682, ""feat_secs"": 0.014823, ""feat_secs_frame"": 0.000946, ""feat_secs_hsf"": 0.013679}"
ct,"ct:n=32,L=16,t=64,nn=1",1,"{""n"": 32.0, ""L"": 16.0, ""t"": 64.0, ""nn"": 1.0}",cstate,skipped,,,,,,-0.0,,,"{""n"": 32, ""gates"": 872, ""g2"": 248, ""g3"": 0, ""depth2"": 16, ""t_count"": 64, ""rotations"": 64, ""d"": 32, ""dense_l"": 36.0817, ""redundant"": 32, ""obs_zero"": false, ""frame_l"": 22.0, ""chi_bits"": 8, ""mps_l"": 28.339, ""hsf_k"": 8, ""hsf_na"": 16, ""hsf_nb"": 16, ""hsf_l"": 40.0191, ""sup"": 32, ""chi_bits0"": 8, ""mps_l0"": 28.339, ""hsf_keff"": 8, ""hsf_l0"": 40.0191, ""sparse_l"": 41.7682, ""sv_l"": 41.7682, ""feat_secs"": 0.014823, ""feat_secs_frame"": 0.000946, ""feat_secs_hsf"": 0.013679}"
ct,"ct:n=32,L=16,t=64,nn=1",1,"{""n"": 32.0, ""L"": 16.0, ""t"": 64.0, ""nn"": 1.0}",frame,ok,0.000949,0.0076,2654208,-0.0,1,-0.0,0.0,switched_at=None dense_qubits=0 peak_terms=1 term_visits=16 dense_ops=0,"{""n"": 32, ""gates"": 872, ""g2"": 248, ""g3"": 0, ""depth2"": 16, ""t_count"": 64, ""rotations"": 64, ""d"": 32, ""dense_l"": 36.0817, ""redundant"": 32, ""obs_zero"": false, ""frame_l"": 22.0, ""chi_bits"": 8, ""mps_l"": 28.339, ""hsf_k"": 8, ""hsf_na"": 16, ""hsf_nb"": 16, ""hsf_l"": 40.0191, ""sup"": 32, ""chi_bits0"": 8, ""mps_l0"": 28.339, ""hsf_keff"": 8, ""hsf_l0"": 40.0191, ""sparse_l"": 41.7682, ""sv_l"": 41.7682, ""feat_secs"": 0.014823, ""feat_secs_frame"": 0.000946, ""feat_secs_hsf"": 0.013679}"
ct,"ct:n=32,L=16,t=64,nn=1",1,"{""n"": 32.0, ""L"": 16.0, ""t"": 64.0, ""nn"": 1.0}",dense,ok,0.000754,0.0067,2654208,-0.0,0,-0.0,0.0,switched_at=None dense_qubits=0 peak_terms=1 term_visits=16 dense_ops=0,"{""n"": 32, ""gates"": 872, ""g2"": 248, ""g3"": 0, ""depth2"": 16, ""t_count"": 64, ""rotations"": 64, ""d"": 32, ""dense_l"": 36.0817, ""redundant"": 32, ""obs_zero"": false, ""frame_l"": 22.0, ""chi_bits"": 8, ""mps_l"": 28.339, ""hsf_k"": 8, ""hsf_na"": 16, ""hsf_nb"": 16, ""hsf_l"": 40.0191, ""sup"": 32, ""chi_bits0"": 8, ""mps_l0"": 28.339, ""hsf_keff"": 8, ""hsf_l0"": 40.0191, ""sparse_l"": 41.7682, ""sv_l"": 41.7682, ""feat_secs"": 0.014823, ""feat_secs_frame"": 0.000946, ""feat_secs_hsf"": 0.013679}"
ct,"ct:n=32,L=16,t=64,nn=1",1,"{""n"": 32.0, ""L"": 16.0, ""t"": 64.0, ""nn"": 1.0}",auto,ok,0.000886,0.0072,2670592,-0.0,0,-0.0,0.0,switched_at=None dense_qubits=0 peak_terms=1 term_visits=16 dense_ops=0,"{""n"": 32, ""gates"": 872, ""g2"": 248, ""g3"": 0, ""depth2"": 16, ""t_count"": 64, ""rotations"": 64, ""d"": 32, ""dense_l"": 36.0817, ""redundant"": 32, ""obs_zero"": false, ""frame_l"": 22.0, ""chi_bits"": 8, ""mps_l"": 28.339, ""hsf_k"": 8, ""hsf_na"": 16, ""hsf_nb"": 16, ""hsf_l"": 40.0191, ""sup"": 32, ""chi_bits0"": 8, ""mps_l0"": 28.339, ""hsf_keff"": 8, ""hsf_l0"": 40.0191, ""sparse_l"": 41.7682, ""sv_l"": 41.7682, ""feat_secs"": 0.014823, ""feat_secs_frame"": 0.000946, ""feat_secs_hsf"": 0.013679}"
ct,"ct:n=32,L=32,t=0,nn=1",1,"{""n"": 32.0, ""L"": 32.0, ""t"": 0.0, ""nn"": 1.0}",sv,toolarge,,0.0047,2015232,,,-0.0,,"TooLarge { what: ""state vector"", bytes: 68719476736, limit: 1073741824 }","{""n"": 32, ""gates"": 1486, ""g2"": 496, ""g3"": 0, ""depth2"": 32, ""t_count"": 0, ""rotations"": 0, ""d"": 0, ""dense_l"": 0.0, ""redundant"": 0, ""obs_zero"": true, ""frame_l"": 10.5372, ""chi_bits"": 16, ""mps_l"": 48.8448, ""hsf_k"": 16, ""hsf_na"": 16, ""hsf_nb"": 16, ""hsf_l"": 46.0323, ""sup"": 32, ""chi_bits0"": 16, ""mps_l0"": 48.8448, ""hsf_keff"": 14, ""hsf_l0"": 48.0323, ""sparse_l"": 42.5372, ""sv_l"": 42.5372, ""feat_secs"": 0.024605, ""feat_secs_frame"": 0.001757, ""feat_secs_hsf"": 0.019323}"
ct,"ct:n=32,L=32,t=0,nn=1",1,"{""n"": 32.0, ""L"": 32.0, ""t"": 0.0, ""nn"": 1.0}",sparse,skipped,,,,,,-0.0,,,"{""n"": 32, ""gates"": 1486, ""g2"": 496, ""g3"": 0, ""depth2"": 32, ""t_count"": 0, ""rotations"": 0, ""d"": 0, ""dense_l"": 0.0, ""redundant"": 0, ""obs_zero"": true, ""frame_l"": 10.5372, ""chi_bits"": 16, ""mps_l"": 48.8448, ""hsf_k"": 16, ""hsf_na"": 16, ""hsf_nb"": 16, ""hsf_l"": 46.0323, ""sup"": 32, ""chi_bits0"": 16, ""mps_l0"": 48.8448, ""hsf_keff"": 14, ""hsf_l0"": 48.0323, ""sparse_l"": 42.5372, ""sv_l"": 42.5372, ""feat_secs"": 0.024605, ""feat_secs_frame"": 0.001757, ""feat_secs_hsf"": 0.019323}"
ct,"ct:n=32,L=32,t=0,nn=1",1,"{""n"": 32.0, ""L"": 32.0, ""t"": 0.0, ""nn"": 1.0}",mps,ok,0.242185,0.2466,16564224,3.103720399036998e-11,128,-0.0,3.103720399036998e-11,,"{""n"": 32, ""gates"": 1486, ""g2"": 496, ""g3"": 0, ""depth2"": 32, ""t_count"": 0, ""rotations"": 0, ""d"": 0, ""dense_l"": 0.0, ""redundant"": 0, ""obs_zero"": true, ""frame_l"": 10.5372, ""chi_bits"": 16, ""mps_l"": 48.8448, ""hsf_k"": 16, ""hsf_na"": 16, ""hsf_nb"": 16, ""hsf_l"": 46.0323, ""sup"": 32, ""chi_bits0"": 16, ""mps_l0"": 48.8448, ""hsf_keff"": 14, ""hsf_l0"": 48.0323, ""sparse_l"": 42.5372, ""sv_l"": 42.5372, ""feat_secs"": 0.024605, ""feat_secs_frame"": 0.001757, ""feat_secs_hsf"": 0.019323}"
ct,"ct:n=32,L=32,t=0,nn=1",1,"{""n"": 32.0, ""L"": 32.0, ""t"": 0.0, ""nn"": 1.0}",hsf,skipped,,,,,,-0.0,,,"{""n"": 32, ""gates"": 1486, ""g2"": 496, ""g3"": 0, ""depth2"": 32, ""t_count"": 0, ""rotations"": 0, ""d"": 0, ""dense_l"": 0.0, ""redundant"": 0, ""obs_zero"": true, ""frame_l"": 10.5372, ""chi_bits"": 16, ""mps_l"": 48.8448, ""hsf_k"": 16, ""hsf_na"": 16, ""hsf_nb"": 16, ""hsf_l"": 46.0323, ""sup"": 32, ""chi_bits0"": 16, ""mps_l0"": 48.8448, ""hsf_keff"": 14, ""hsf_l0"": 48.0323, ""sparse_l"": 42.5372, ""sv_l"": 42.5372, ""feat_secs"": 0.024605, ""feat_secs_frame"": 0.001757, ""feat_secs_hsf"": 0.019323}"
ct,"ct:n=32,L=32,t=0,nn=1",1,"{""n"": 32.0, ""L"": 32.0, ""t"": 0.0, ""nn"": 1.0}",tableau,ok,0.000109,0.0061,2228224,-0.0,0,-0.0,0.0,value recomputed after the C-vs-C† fix (timing from the original run),"{""n"": 32, ""gates"": 1486, ""g2"": 496, ""g3"": 0, ""depth2"": 32, ""t_count"": 0, ""rotations"": 0, ""d"": 0, ""dense_l"": 0.0, ""redundant"": 0, ""obs_zero"": true, ""frame_l"": 10.5372, ""chi_bits"": 16, ""mps_l"": 48.8448, ""hsf_k"": 16, ""hsf_na"": 16, ""hsf_nb"": 16, ""hsf_l"": 46.0323, ""sup"": 32, ""chi_bits0"": 16, ""mps_l0"": 48.8448, ""hsf_keff"": 14, ""hsf_l0"": 48.0323, ""sparse_l"": 42.5372, ""sv_l"": 42.5372, ""feat_secs"": 0.024605, ""feat_secs_frame"": 0.001757, ""feat_secs_hsf"": 0.019323}"
ct,"ct:n=32,L=32,t=0,nn=1",1,"{""n"": 32.0, ""L"": 32.0, ""t"": 0.0, ""nn"": 1.0}",cstate,ok,0.000697,0.0072,2260992,0.0,0,-0.0,0.0,,"{""n"": 32, ""gates"": 1486, ""g2"": 496, ""g3"": 0, ""depth2"": 32, ""t_count"": 0, ""rotations"": 0, ""d"": 0, ""dense_l"": 0.0, ""redundant"": 0, ""obs_zero"": true, ""frame_l"": 10.5372, ""chi_bits"": 16, ""mps_l"": 48.8448, ""hsf_k"": 16, ""hsf_na"": 16, ""hsf_nb"": 16, ""hsf_l"": 46.0323, ""sup"": 32, ""chi_bits0"": 16, ""mps_l0"": 48.8448, ""hsf_keff"": 14, ""hsf_l0"": 48.0323, ""sparse_l"": 42.5372, ""sv_l"": 42.5372, ""feat_secs"": 0.024605, ""feat_secs_frame"": 0.001757, ""feat_secs_hsf"": 0.019323}"
ct,"ct:n=32,L=32,t=0,nn=1",1,"{""n"": 32.0, ""L"": 32.0, ""t"": 0.0, ""nn"": 1.0}",frame,ok,0.000711,0.0072,2342912,-0.0,0,-0.0,0.0,switched_at=None dense_qubits=0 peak_terms=0 term_visits=0 dense_ops=0,"{""n"": 32, ""gates"": 1486, ""g2"": 496, ""g3"": 0, ""depth2"": 32, ""t_count"": 0, ""rotations"": 0, ""d"": 0, ""dense_l"": 0.0, ""redundant"": 0, ""obs_zero"": true, ""frame_l"": 10.5372, ""chi_bits"": 16, ""mps_l"": 48.8448, ""hsf_k"": 16, ""hsf_na"": 16, ""hsf_nb"": 16, ""hsf_l"": 46.0323, ""sup"": 32, ""chi_bits0"": 16, ""mps_l0"": 48.8448, ""hsf_keff"": 14, ""hsf_l0"": 48.0323, ""sparse_l"": 42.5372, ""sv_l"": 42.5372, ""feat_secs"": 0.024605, ""feat_secs_frame"": 0.001757, ""feat_secs_hsf"": 0.019323}"
ct,"ct:n=32,L=32,t=0,nn=1",1,"{""n"": 32.0, ""L"": 32.0, ""t"": 0.0, ""nn"": 1.0}",dense,ok,0.000722,0.0076,2326528,-0.0,0,-0.0,0.0,switched_at=None dense_qubits=0 peak_terms=0 term_visits=0 dense_ops=0,"{""n"": 32, ""gates"": 1486, ""g2"": 496, ""g3"": 0, ""depth2"": 32, ""t_count"": 0, ""rotations"": 0, ""d"": 0, ""dense_l"": 0.0, ""redundant"": 0, ""obs_zero"": true, ""frame_l"": 10.5372, ""chi_bits"": 16, ""mps_l"": 48.8448, ""hsf_k"": 16, ""hsf_na"": 16, ""hsf_nb"": 16, ""hsf_l"": 46.0323, ""sup"": 32, ""chi_bits0"": 16, ""mps_l0"": 48.8448, ""hsf_keff"": 14, ""hsf_l0"": 48.0323, ""sparse_l"": 42.5372, ""sv_l"": 42.5372, ""feat_secs"": 0.024605, ""feat_secs_frame"": 0.001757, ""feat_secs_hsf"": 0.019323}"
ct,"ct:n=32,L=32,t=0,nn=1",1,"{""n"": 32.0, ""L"": 32.0, ""t"": 0.0, ""nn"": 1.0}",auto,ok,0.000705,0.0066,2326528,-0.0,0,-0.0,0.0,switched_at=None dense_qubits=0 peak_terms=0 term_visits=0 dense_ops=0,"{""n"": 32, ""gates"": 1486, ""g2"": 496, ""g3"": 0, ""depth2"": 32, ""t_count"": 0, ""rotations"": 0, ""d"": 0, ""dense_l"": 0.0, ""redundant"": 0, ""obs_zero"": true, ""frame_l"": 10.5372, ""chi_bits"": 16, ""mps_l"": 48.8448, ""hsf_k"": 16, ""hsf_na"": 16, ""hsf_nb"": 16, ""hsf_l"": 46.0323, ""sup"": 32, ""chi_bits0"": 16, ""mps_l0"": 48.8448, ""hsf_keff"": 14, ""hsf_l0"": 48.0323, ""sparse_l"": 42.5372, ""sv_l"": 42.5372, ""feat_secs"": 0.024605, ""feat_secs_frame"": 0.001757, ""feat_secs_hsf"": 0.019323}"
ct,"ct:n=32,L=32,t=4,nn=1",1,"{""n"": 32.0, ""L"": 32.0, ""t"": 4.0, ""nn"": 1.0}",sv,toolarge,,0.0046,2031616,,,0.0,,"TooLarge { what: ""state vector"", bytes: 68719476736, limit: 1073741824 }","{""n"": 32, ""gates"": 1498, ""g2"": 496, ""g3"": 0, ""depth2"": 32, ""t_count"": 4, ""rotations"": 4, ""d"": 4, ""dense_l"": 4.9069, ""redundant"": 0, ""obs_zero"": true, ""frame_l"": 10.5488, ""chi_bits"": 16, ""mps_l"": 48.8448, ""hsf_k"": 16, ""hsf_na"": 16, ""hsf_nb"": 16, ""hsf_l"": 48.0326, ""sup"": 32, ""chi_bits0"": 16, ""mps_l0"": 48.8448, ""hsf_keff"": 16, ""hsf_l0"": 48.0326, ""sparse_l"": 42.5488, ""sv_l"": 42.5488, ""feat_secs"": 0.016455, ""feat_secs_frame"": 0.001709, ""feat_secs_hsf"": 0.014407}"
ct,"ct:n=32,L=32,t=4,nn=1",1,"{""n"": 32.0, ""L"": 32.0, ""t"": 4.0, ""nn"": 1.0}",sparse,skipped,,,,,,0.0,,,"{""n"": 32, ""gates"": 1498, ""g2"": 496, ""g3"": 0, ""depth2"": 32, ""t_count"": 4, ""rotations"": 4, ""d"": 4, ""dense_l"": 4.9069, ""redundant"": 0, ""obs_zero"": true, ""frame_l"": 10.5488, ""chi_bits"": 16, ""mps_l"": 48.8448, ""hsf_k"": 16, ""hsf_na"": 16, ""hsf_nb"": 16, ""hsf_l"": 48.0326, ""sup"": 32, ""chi_bits0"": 16, ""mps_l0"": 48.8448, ""hsf_keff"": 16, ""hsf_l0"": 48.0326, ""sparse_l"": 42.5488, ""sv_l"": 42.5488, ""feat_secs"": 0.016455, ""feat_secs_frame"": 0.001709, ""feat_secs_hsf"": 0.014407}"
ct,"ct:n=32,L=32,t=4,nn=1",1,"{""n"": 32.0, ""L"": 32.0, ""t"": 4.0, ""nn"": 1.0}",mps,ok,0.677598,0.6828,28721152,6.442269214729949e-29,256,0.0,6.442269214729949e-29,,"{""n"": 32, ""gates"": 1498, ""g2"": 496, ""g3"": 0, ""depth2"": 32, ""t_count"": 4, ""rotations"": 4, ""d"": 4, ""dense_l"": 4.9069, ""redundant"": 0, ""obs_zero"": true, ""frame_l"": 10.5488, ""chi_bits"": 16, ""mps_l"": 48.8448, ""hsf_k"": 16, ""hsf_na"": 16, ""hsf_nb"": 16, ""hsf_l"": 48.0326, ""sup"": 32, ""chi_bits0"": 16, ""mps_l0"": 48.8448, ""hsf_keff"": 16, ""hsf_l0"": 48.0326, ""sparse_l"": 42.5488, ""sv_l"": 42.5488, ""feat_secs"": 0.016455, ""feat_secs_frame"": 0.001709, ""feat_secs_hsf"": 0.014407}"
ct,"ct:n=32,L=32,t=4,nn=1",1,"{""n"": 32.0, ""L"": 32.0, ""t"": 4.0, ""nn"": 1.0}",hsf,skipped,,,,,,0.0,,,"{""n"": 32, ""gates"": 1498, ""g2"": 496, ""g3"": 0, ""depth2"": 32, ""t_count"": 4, ""rotations"": 4, ""d"": 4, ""dense_l"": 4.9069, ""redundant"": 0, ""obs_zero"": true, ""frame_l"": 10.5488, ""chi_bits"": 16, ""mps_l"": 48.8448, ""hsf_k"": 16, ""hsf_na"": 16, ""hsf_nb"": 16, ""hsf_l"": 48.0326, ""sup"": 32, ""chi_bits0"": 16, ""mps_l0"": 48.8448, ""hsf_keff"": 16, ""hsf_l0"": 48.0326, ""sparse_l"": 42.5488, ""sv_l"": 42.5488, ""feat_secs"": 0.016455, ""feat_secs_frame"": 0.001709, ""feat_secs_hsf"": 0.014407}"
ct,"ct:n=32,L=32,t=4,nn=1",1,"{""n"": 32.0, ""L"": 32.0, ""t"": 4.0, ""nn"": 1.0}",tableau,na,,0.0045,2031616,,,0.0,,"TooLarge { what: ""tableau (non-Clifford circuit)"", bytes: 0, limit: 0 }","{""n"": 32, ""gates"": 1498, ""g2"": 496, ""g3"": 0, ""depth2"": 32, ""t_count"": 4, ""rotations"": 4, ""d"": 4, ""dense_l"": 4.9069, ""redundant"": 0, ""obs_zero"": true, ""frame_l"": 10.5488, ""chi_bits"": 16, ""mps_l"": 48.8448, ""hsf_k"": 16, ""hsf_na"": 16, ""hsf_nb"": 16, ""hsf_l"": 48.0326, ""sup"": 32, ""chi_bits0"": 16, ""mps_l0"": 48.8448, ""hsf_keff"": 16, ""hsf_l0"": 48.0326, ""sparse_l"": 42.5488, ""sv_l"": 42.5488, ""feat_secs"": 0.016455, ""feat_secs_frame"": 0.001709, ""feat_secs_hsf"": 0.014407}"
ct,"ct:n=32,L=32,t=4,nn=1",1,"{""n"": 32.0, ""L"": 32.0, ""t"": 4.0, ""nn"": 1.0}",cstate,ok,0.000725,0.0073,2260992,0.0,4,0.0,0.0,,"{""n"": 32, ""gates"": 1498, ""g2"": 496, ""g3"": 0, ""depth2"": 32, ""t_count"": 4, ""rotations"": 4, ""d"": 4, ""dense_l"": 4.9069, ""redundant"": 0, ""obs_zero"": true, ""frame_l"": 10.5488, ""chi_bits"": 16, ""mps_l"": 48.8448, ""hsf_k"": 16, ""hsf_na"": 16, ""hsf_nb"": 16, ""hsf_l"": 48.0326, ""sup"": 32, ""chi_bits0"": 16, ""mps_l0"": 48.8448, ""hsf_keff"": 16, ""hsf_l0"": 48.0326, ""sparse_l"": 42.5488, ""sv_l"": 42.5488, ""feat_secs"": 0.016455, ""feat_secs_frame"": 0.001709, ""feat_secs_hsf"": 0.014407}"
ct,"ct:n=32,L=32,t=4,nn=1",1,"{""n"": 32.0, ""L"": 32.0, ""t"": 4.0, ""nn"": 1.0}",frame,ok,0.000844,0.0070,2637824,-0.0,0,0.0,0.0,switched_at=None dense_qubits=0 peak_terms=0 term_visits=0 dense_ops=0,"{""n"": 32, ""gates"": 1498, ""g2"": 496, ""g3"": 0, ""depth2"": 32, ""t_count"": 4, ""rotations"": 4, ""d"": 4, ""dense_l"": 4.9069, ""redundant"": 0, ""obs_zero"": true, ""frame_l"": 10.5488, ""chi_bits"": 16, ""mps_l"": 48.8448, ""hsf_k"": 16, ""hsf_na"": 16, ""hsf_nb"": 16, ""hsf_l"": 48.0326, ""sup"": 32, ""chi_bits0"": 16, ""mps_l0"": 48.8448, ""hsf_keff"": 16, ""hsf_l0"": 48.0326, ""sparse_l"": 42.5488, ""sv_l"": 42.5488, ""feat_secs"": 0.016455, ""feat_secs_frame"": 0.001709, ""feat_secs_hsf"": 0.014407}"
ct,"ct:n=32,L=32,t=4,nn=1",1,"{""n"": 32.0, ""L"": 32.0, ""t"": 4.0, ""nn"": 1.0}",dense,ok,0.000731,0.0078,2375680,0.0,4,0.0,0.0,switched_at=Some(4) dense_qubits=4 peak_terms=0 term_visits=0 dense_ops=30,"{""n"": 32, ""gates"": 1498, ""g2"": 496, ""g3"": 0, ""depth2"": 32, ""t_count"": 4, ""rotations"": 4, ""d"": 4, ""dense_l"": 4.9069, ""redundant"": 0, ""obs_zero"": true, ""frame_l"": 10.5488, ""chi_bits"": 16, ""mps_l"": 48.8448, ""hsf_k"": 16, ""hsf_na"": 16, ""hsf_nb"": 16, ""hsf_l"": 48.0326, ""sup"": 32, ""chi_bits0"": 16, ""mps_l0"": 48.8448, ""hsf_keff"": 16, ""hsf_l0"": 48.0326, ""sparse_l"": 42.5488, ""sv_l"": 42.5488, ""feat_secs"": 0.016455, ""feat_secs_frame"": 0.001709, ""feat_secs_hsf"": 0.014407}"
ct,"ct:n=32,L=32,t=4,nn=1",1,"{""n"": 32.0, ""L"": 32.0, ""t"": 4.0, ""nn"": 1.0}",auto,ok,0.000738,0.0078,2359296,0.0,4,0.0,0.0,switched_at=Some(4) dense_qubits=4 peak_terms=0 term_visits=0 dense_ops=30,"{""n"": 32, ""gates"": 1498, ""g2"": 496, ""g3"": 0, ""depth2"": 32, ""t_count"": 4, ""rotations"": 4, ""d"": 4, ""dense_l"": 4.9069, ""redundant"": 0, ""obs_zero"": true, ""frame_l"": 10.5488, ""chi_bits"": 16, ""mps_l"": 48.8448, ""hsf_k"": 16, ""hsf_na"": 16, ""hsf_nb"": 16, ""hsf_l"": 48.0326, ""sup"": 32, ""chi_bits0"": 16, ""mps_l0"": 48.8448, ""hsf_keff"": 16, ""hsf_l0"": 48.0326, ""sparse_l"": 42.5488, ""sv_l"": 42.5488, ""feat_secs"": 0.016455, ""feat_secs_frame"": 0.001709, ""feat_secs_hsf"": 0.014407}"
ct,"ct:n=32,L=32,t=8,nn=1",1,"{""n"": 32.0, ""L"": 32.0, ""t"": 8.0, ""nn"": 1.0}",sv,toolarge,,0.0067,2031616,,,0.0,,"TooLarge { what: ""state vector"", bytes: 68719476736, limit: 1073741824 }","{""n"": 32, ""gates"": 1505, ""g2"": 496, ""g3"": 0, ""depth2"": 32, ""t_count"": 8, ""rotations"": 8, ""d"": 8, ""dense_l"": 8.9944, ""redundant"": 0, ""obs_zero"": true, ""frame_l"": 10.5555, ""chi_bits"": 16, ""mps_l"": 48.8448, ""hsf_k"": 16, ""hsf_na"": 16, ""hsf_nb"": 16, ""hsf_l"": 46.0328, ""sup"": 32, ""chi_bits0"": 16, ""mps_l0"": 48.8448, ""hsf_keff"": 14, ""hsf_l0"": 48.0328, ""sparse_l"": 42.5555, ""sv_l"": 42.5555, ""feat_secs"": 0.020657, ""feat_secs_frame"": 0.003035, ""feat_secs_hsf"": 0.017145}"
ct,"ct:n=32,L=32,t=8,nn=1",1,"{""n"": 32.0, ""L"": 32.0, ""t"": 8.0, ""nn"": 1.0}",sparse,skipped,,,,,,0.0,,,"{""n"": 32, ""gates"": 1505, ""g2"": 496, ""g3"": 0, ""depth2"": 32, ""t_count"": 8, ""rotations"": 8, ""d"": 8, ""dense_l"": 8.9944, ""redundant"": 0, ""obs_zero"": true, ""frame_l"": 10.5555, ""chi_bits"": 16, ""mps_l"": 48.8448, ""hsf_k"": 16, ""hsf_na"": 16, ""hsf_nb"": 16, ""hsf_l"": 46.0328, ""sup"": 32, ""chi_bits0"": 16, ""mps_l0"": 48.8448, ""hsf_keff"": 14, ""hsf_l0"": 48.0328, ""sparse_l"": 42.5555, ""sv_l"": 42.5555, ""feat_secs"": 0.020657, ""feat_secs_frame"": 0.003035, ""feat_secs_hsf"": 0.017145}"
ct,"ct:n=32,L=32,t=8,nn=1",1,"{""n"": 32.0, ""L"": 32.0, ""t"": 8.0, ""nn"": 1.0}",mps,error,,0.3970,22659072,,,0.0,,crash: note: run with `RUST_BACKTRACE=1` environment variable to display a backtrace,"{""n"": 32, ""gates"": 1505, ""g2"": 496, ""g3"": 0, ""depth2"": 32, ""t_count"": 8, ""rotations"": 8, ""d"": 8, ""dense_l"": 8.9944, ""redundant"": 0, ""obs_zero"": true, ""frame_l"": 10.5555, ""chi_bits"": 16, ""mps_l"": 48.8448, ""hsf_k"": 16, ""hsf_na"": 16, ""hsf_nb"": 16, ""hsf_l"": 46.0328, ""sup"": 32, ""chi_bits0"": 16, ""mps_l0"": 48.8448, ""hsf_keff"": 14, ""hsf_l0"": 48.0328, ""sparse_l"": 42.5555, ""sv_l"": 42.5555, ""feat_secs"": 0.020657, ""feat_secs_frame"": 0.003035, ""feat_secs_hsf"": 0.017145}"
ct,"ct:n=32,L=32,t=8,nn=1",1,"{""n"": 32.0, ""L"": 32.0, ""t"": 8.0, ""nn"": 1.0}",hsf,skipped,,,,,,0.0,,,"{""n"": 32, ""gates"": 1505, ""g2"": 496, ""g3"": 0, ""depth2"": 32, ""t_count"": 8, ""rotations"": 8, ""d"": 8, ""dense_l"": 8.9944, ""redundant"": 0, ""obs_zero"": true, ""frame_l"": 10.5555, ""chi_bits"": 16, ""mps_l"": 48.8448, ""hsf_k"": 16, ""hsf_na"": 16, ""hsf_nb"": 16, ""hsf_l"": 46.0328, ""sup"": 32, ""chi_bits0"": 16, ""mps_l0"": 48.8448, ""hsf_keff"": 14, ""hsf_l0"": 48.0328, ""sparse_l"": 42.5555, ""sv_l"": 42.5555, ""feat_secs"": 0.020657, ""feat_secs_frame"": 0.003035, ""feat_secs_hsf"": 0.017145}"
ct,"ct:n=32,L=32,t=8,nn=1",1,"{""n"": 32.0, ""L"": 32.0, ""t"": 8.0, ""nn"": 1.0}",tableau,na,,0.0045,2031616,,,0.0,,"TooLarge { what: ""tableau (non-Clifford circuit)"", bytes: 0, limit: 0 }","{""n"": 32, ""gates"": 1505, ""g2"": 496, ""g3"": 0, ""depth2"": 32, ""t_count"": 8, ""rotations"": 8, ""d"": 8, ""dense_l"": 8.9944, ""redundant"": 0, ""obs_zero"": true, ""frame_l"": 10.5555, ""chi_bits"": 16, ""mps_l"": 48.8448, ""hsf_k"": 16, ""hsf_na"": 16, ""hsf_nb"": 16, ""hsf_l"": 46.0328, ""sup"": 32, ""chi_bits0"": 16, ""mps_l0"": 48.8448, ""hsf_keff"": 14, ""hsf_l0"": 48.0328, ""sparse_l"": 42.5555, ""sv_l"": 42.5555, ""feat_secs"": 0.020657, ""feat_secs_frame"": 0.003035, ""feat_secs_hsf"": 0.017145}"
ct,"ct:n=32,L=32,t=8,nn=1",1,"{""n"": 32.0, ""L"": 32.0, ""t"": 8.0, ""nn"": 1.0}",cstate,ok,0.000787,0.0070,2277376,0.0,8,0.0,0.0,,"{""n"": 32, ""gates"": 1505, ""g2"": 496, ""g3"": 0, ""depth2"": 32, ""t_count"": 8, ""rotations"": 8, ""d"": 8, ""dense_l"": 8.9944, ""redundant"": 0, ""obs_zero"": true, ""frame_l"": 10.5555, ""chi_bits"": 16, ""mps_l"": 48.8448, ""hsf_k"": 16, ""hsf_na"": 16, ""hsf_nb"": 16, ""hsf_l"": 46.0328, ""sup"": 32, ""chi_bits0"": 16, ""mps_l0"": 48.8448, ""hsf_keff"": 14, ""hsf_l0"": 48.0328, ""sparse_l"": 42.5555, ""sv_l"": 42.5555, ""feat_secs"": 0.020657, ""feat_secs_frame"": 0.003035, ""feat_secs_hsf"": 0.017145}"
ct,"ct:n=32,L=32,t=8,nn=1",1,"{""n"": 32.0, ""L"": 32.0, ""t"": 8.0, ""nn"": 1.0}",frame,ok,0.000832,0.0076,2621440,-0.0,0,0.0,0.0,switched_at=None dense_qubits=0 peak_terms=0 term_visits=0 dense_ops=0,"{""n"": 32, ""gates"": 1505, ""g2"": 496, ""g3"": 0, ""depth2"": 32, ""t_count"": 8, ""rotations"": 8, ""d"": 8, ""dense_l"": 8.9944, ""redundant"": 0, ""obs_zero"": true, ""frame_l"": 10.5555, ""chi_bits"": 16, ""mps_l"": 48.8448, ""hsf_k"": 16, ""hsf_na"": 16, ""hsf_nb"": 16, ""hsf_l"": 46.0328, ""sup"": 32, ""chi_bits0"": 16, ""mps_l0"": 48.8448, ""hsf_keff"": 14, ""hsf_l0"": 48.0328, ""sparse_l"": 42.5555, ""sv_l"": 42.5555, ""feat_secs"": 0.020657, ""feat_secs_frame"": 0.003035, ""feat_secs_hsf"": 0.017145}"
ct,"ct:n=32,L=32,t=8,nn=1",1,"{""n"": 32.0, ""L"": 32.0, ""t"": 8.0, ""nn"": 1.0}",dense,ok,0.00074,0.0075,2359296,0.0,8,0.0,0.0,switched_at=Some(8) dense_qubits=8 peak_terms=0 term_visits=0 dense_ops=510,"{""n"": 32, ""gates"": 1505, ""g2"": 496, ""g3"": 0, ""depth2"": 32, ""t_count"": 8, ""rotations"": 8, ""d"": 8, ""dense_l"": 8.9944, ""redundant"": 0, ""obs_zero"": true, ""frame_l"": 10.5555, ""chi_bits"": 16, ""mps_l"": 48.8448, ""hsf_k"": 16, ""hsf_na"": 16, ""hsf_nb"": 16, ""hsf_l"": 46.0328, ""sup"": 32, ""chi_bits0"": 16, ""mps_l0"": 48.8448, ""hsf_keff"": 14, ""hsf_l0"": 48.0328, ""sparse_l"": 42.5555, ""sv_l"": 42.5555, ""feat_secs"": 0.020657, ""feat_secs_frame"": 0.003035, ""feat_secs_hsf"": 0.017145}"
ct,"ct:n=32,L=32,t=8,nn=1",1,"{""n"": 32.0, ""L"": 32.0, ""t"": 8.0, ""nn"": 1.0}",auto,ok,0.000837,0.0076,2621440,-0.0,0,0.0,0.0,switched_at=None dense_qubits=0 peak_terms=0 term_visits=0 dense_ops=0,"{""n"": 32, ""gates"": 1505, ""g2"": 496, ""g3"": 0, ""depth2"": 32, ""t_count"": 8, ""rotations"": 8, ""d"": 8, ""dense_l"": 8.9944, ""redundant"": 0, ""obs_zero"": true, ""frame_l"": 10.5555, ""chi_bits"": 16, ""mps_l"": 48.8448, ""hsf_k"": 16, ""hsf_na"": 16, ""hsf_nb"": 16, ""hsf_l"": 46.0328, ""sup"": 32, ""chi_bits0"": 16, ""mps_l0"": 48.8448, ""hsf_keff"": 14, ""hsf_l0"": 48.0328, ""sparse_l"": 42.5555, ""sv_l"": 42.5555, ""feat_secs"": 0.020657, ""feat_secs_frame"": 0.003035, ""feat_secs_hsf"": 0.017145}"
ct,"ct:n=32,L=32,t=16,nn=1",1,"{""n"": 32.0, ""L"": 32.0, ""t"": 16.0, ""nn"": 1.0}",sv,toolarge,,0.0045,2031616,,,0.0,,"TooLarge { what: ""state vector"", bytes: 68719476736, limit: 1073741824 }","{""n"": 32, ""gates"": 1543, ""g2"": 496, ""g3"": 0, ""depth2"": 32, ""t_count"": 16, ""rotations"": 16, ""d"": 16, ""dense_l"": 17.0, ""redundant"": 0, ""obs_zero"": true, ""frame_l"": 10.5915, ""chi_bits"": 16, ""mps_l"": 48.8448, ""hsf_k"": 16, ""hsf_na"": 16, ""hsf_nb"": 16, ""hsf_l"": 47.0336, ""sup"": 32, ""chi_bits0"": 16, ""mps_l0"": 48.8448, ""hsf_keff"": 15, ""hsf_l0"": 48.0336, ""sparse_l"": 42.5915, ""sv_l"": 42.5915, ""feat_secs"": 0.017769, ""feat_secs_frame"": 0.002391, ""feat_secs_hsf"": 0.015011}"
ct,"ct:n=32,L=32,t=16,nn=1",1,"{""n"": 32.0, ""L"": 32.0, ""t"": 16.0, ""nn"": 1.0}",sparse,skipped,,,,,,0.0,,,"{""n"": 32, ""gates"": 1543, ""g2"": 496, ""g3"": 0, ""depth2"": 32, ""t_count"": 16, ""rotations"": 16, ""d"": 16, ""dense_l"": 17.0, ""redundant"": 0, ""obs_zero"": true, ""frame_l"": 10.5915, ""chi_bits"": 16, ""mps_l"": 48.8448, ""hsf_k"": 16, ""hsf_na"": 16, ""hsf_nb"": 16, ""hsf_l"": 47.0336, ""sup"": 32, ""chi_bits0"": 16, ""mps_l0"": 48.8448, ""hsf_keff"": 15, ""hsf_l0"": 48.0336, ""sparse_l"": 42.5915, ""sv_l"": 42.5915, ""feat_secs"": 0.017769, ""feat_secs_frame"": 0.002391, ""feat_secs_hsf"": 0.015011}"
ct,"ct:n=32,L=32,t=16,nn=1",1,"{""n"": 32.0, ""L"": 32.0, ""t"": 16.0, ""nn"": 1.0}",mps,ok,0.394888,0.4007,25690112,1.572168789669174e-16,128,0.0,1.572168789669174e-16,,"{""n"": 32, ""gates"": 1543, ""g2"": 496, ""g3"": 0, ""depth2"": 32, ""t_count"": 16, ""rotations"": 16, ""d"": 16, ""dense_l"": 17.0, ""redundant"": 0, ""obs_zero"": true, ""frame_l"": 10.5915, ""chi_bits"": 16, ""mps_l"": 48.8448, ""hsf_k"": 16, ""hsf_na"": 16, ""hsf_nb"": 16, ""hsf_l"": 47.0336, ""sup"": 32, ""chi_bits0"": 16, ""mps_l0"": 48.8448, ""hsf_keff"": 15, ""hsf_l0"": 48.0336, ""sparse_l"": 42.5915, ""sv_l"": 42.5915, ""feat_secs"": 0.017769, ""feat_secs_frame"": 0.002391, ""feat_secs_hsf"": 0.015011}"
ct,"ct:n=32,L=32,t=16,nn=1",1,"{""n"": 32.0, ""L"": 32.0, ""t"": 16.0, ""nn"": 1.0}",hsf,skipped,,,,,,0.0,,,"{""n"": 32, ""gates"": 1543, ""g2"": 496, ""g3"": 0, ""depth2"": 32, ""t_count"": 16, ""rotations"": 16, ""d"": 16, ""dense_l"": 17.0, ""redundant"": 0, ""obs_zero"": true, ""frame_l"": 10.5915, ""chi_bits"": 16, ""mps_l"": 48.8448, ""hsf_k"": 16, ""hsf_na"": 16, ""hsf_nb"": 16, ""hsf_l"": 47.0336, ""sup"": 32, ""chi_bits0"": 16, ""mps_l0"": 48.8448, ""hsf_keff"": 15, ""hsf_l0"": 48.0336, ""sparse_l"": 42.5915, ""sv_l"": 42.5915, ""feat_secs"": 0.017769, ""feat_secs_frame"": 0.002391, ""feat_secs_hsf"": 0.015011}"
ct,"ct:n=32,L=32,t=16,nn=1",1,"{""n"": 32.0, ""L"": 32.0, ""t"": 16.0, ""nn"": 1.0}",tableau,na,,0.0046,2031616,,,0.0,,"TooLarge { what: ""tableau (non-Clifford circuit)"", bytes: 0, limit: 0 }","{""n"": 32, ""gates"": 1543, ""g2"": 496, ""g3"": 0, ""depth2"": 32, ""t_count"": 16, ""rotations"": 16, ""d"": 16, ""dense_l"": 17.0, ""redundant"": 0, ""obs_zero"": true, ""frame_l"": 10.5915, ""chi_bits"": 16, ""mps_l"": 48.8448, ""hsf_k"": 16, ""hsf_na"": 16, ""hsf_nb"": 16, ""hsf_l"": 47.0336, ""sup"": 32, ""chi_bits0"": 16, ""mps_l0"": 48.8448, ""hsf_keff"": 15, ""hsf_l0"": 48.0336, ""sparse_l"": 42.5915, ""sv_l"": 42.5915, ""feat_secs"": 0.017769, ""feat_secs_frame"": 0.002391, ""feat_secs_hsf"": 0.015011}"
ct,"ct:n=32,L=32,t=16,nn=1",1,"{""n"": 32.0, ""L"": 32.0, ""t"": 16.0, ""nn"": 1.0}",cstate,ok,0.001152,0.0076,3571712,0.0,16,0.0,0.0,,"{""n"": 32, ""gates"": 1543, ""g2"": 496, ""g3"": 0, ""depth2"": 32, ""t_count"": 16, ""rotations"": 16, ""d"": 16, ""dense_l"": 17.0, ""redundant"": 0, ""obs_zero"": true, ""frame_l"": 10.5915, ""chi_bits"": 16, ""mps_l"": 48.8448, ""hsf_k"": 16, ""hsf_na"": 16, ""hsf_nb"": 16, ""hsf_l"": 47.0336, ""sup"": 32, ""chi_bits0"": 16, ""mps_l0"": 48.8448, ""hsf_keff"": 15, ""hsf_l0"": 48.0336, ""sparse_l"": 42.5915, ""sv_l"": 42.5915, ""feat_secs"": 0.017769, ""feat_secs_frame"": 0.002391, ""feat_secs_hsf"": 0.015011}"
ct,"ct:n=32,L=32,t=16,nn=1",1,"{""n"": 32.0, ""L"": 32.0, ""t"": 16.0, ""nn"": 1.0}",frame,ok,0.000819,0.0077,2621440,-0.0,0,0.0,0.0,switched_at=None dense_qubits=0 peak_terms=0 term_visits=0 dense_ops=0,"{""n"": 32, ""gates"": 1543, ""g2"": 496, ""g3"": 0, ""depth2"": 32, ""t_count"": 16, ""rotations"": 16, ""d"": 16, ""dense_l"": 17.0, ""redundant"": 0, ""obs_zero"": true, ""frame_l"": 10.5915, ""chi_bits"": 16, ""mps_l"": 48.8448, ""hsf_k"": 16, ""hsf_na"": 16, ""hsf_nb"": 16, ""hsf_l"": 47.0336, ""sup"": 32, ""chi_bits0"": 16, ""mps_l0"": 48.8448, ""hsf_keff"": 15, ""hsf_l0"": 48.0336, ""sparse_l"": 42.5915, ""sv_l"": 42.5915, ""feat_secs"": 0.017769, ""feat_secs_frame"": 0.002391, ""feat_secs_hsf"": 0.015011}"
ct,"ct:n=32,L=32,t=16,nn=1",1,"{""n"": 32.0, ""L"": 32.0, ""t"": 16.0, ""nn"": 1.0}",dense,ok,0.001191,0.0073,3670016,0.0,16,0.0,0.0,switched_at=Some(16) dense_qubits=16 peak_terms=0 term_visits=0 dense_ops=131070,"{""n"": 32, ""gates"": 1543, ""g2"": 496, ""g3"": 0, ""depth2"": 32, ""t_count"": 16, ""rotations"": 16, ""d"": 16, ""dense_l"": 17.0, ""redundant"": 0, ""obs_zero"": true, ""frame_l"": 10.5915, ""chi_bits"": 16, ""mps_l"": 48.8448, ""hsf_k"": 16, ""hsf_na"": 16, ""hsf_nb"": 16, ""hsf_l"": 47.0336, ""sup"": 32, ""chi_bits0"": 16, ""mps_l0"": 48.8448, ""hsf_keff"": 15, ""hsf_l0"": 48.0336, ""sparse_l"": 42.5915, ""sv_l"": 42.5915, ""feat_secs"": 0.017769, ""feat_secs_frame"": 0.002391, ""feat_secs_hsf"": 0.015011}"
ct,"ct:n=32,L=32,t=16,nn=1",1,"{""n"": 32.0, ""L"": 32.0, ""t"": 16.0, ""nn"": 1.0}",auto,ok,0.000834,0.0075,2621440,-0.0,0,0.0,0.0,switched_at=None dense_qubits=0 peak_terms=0 term_visits=0 dense_ops=0,"{""n"": 32, ""gates"": 1543, ""g2"": 496, ""g3"": 0, ""depth2"": 32, ""t_count"": 16, ""rotations"": 16, ""d"": 16, ""dense_l"": 17.0, ""redundant"": 0, ""obs_zero"": true, ""frame_l"": 10.5915, ""chi_bits"": 16, ""mps_l"": 48.8448, ""hsf_k"": 16, ""hsf_na"": 16, ""hsf_nb"": 16, ""hsf_l"": 47.0336, ""sup"": 32, ""chi_bits0"": 16, ""mps_l0"": 48.8448, ""hsf_keff"": 15, ""hsf_l0"": 48.0336, ""sparse_l"": 42.5915, ""sv_l"": 42.5915, ""feat_secs"": 0.017769, ""feat_secs_frame"": 0.002391, ""feat_secs_hsf"": 0.015011}"
ct,"ct:n=32,L=32,t=24,nn=1",1,"{""n"": 32.0, ""L"": 32.0, ""t"": 24.0, ""nn"": 1.0}",sv,toolarge,,0.0047,2031616,,,-0.0,,"TooLarge { what: ""state vector"", bytes: 68719476736, limit: 1073741824 }","{""n"": 32, ""gates"": 1563, ""g2"": 496, ""g3"": 0, ""depth2"": 32, ""t_count"": 24, ""rotations"": 24, ""d"": 23, ""dense_l"": 24.0056, ""redundant"": 1, ""obs_zero"": true, ""frame_l"": 10.6101, ""chi_bits"": 16, ""mps_l"": 48.8448, ""hsf_k"": 16, ""hsf_na"": 16, ""hsf_nb"": 16, ""hsf_l"": 44.034, ""sup"": 32, ""chi_bits0"": 16, ""mps_l0"": 48.8448, ""hsf_keff"": 12, ""hsf_l0"": 48.034, ""sparse_l"": 42.6101, ""sv_l"": 42.6101, ""feat_secs"": 0.016838, ""feat_secs_frame"": 0.002229, ""feat_secs_hsf"": 0.014169}"
ct,"ct:n=32,L=32,t=24,nn=1",1,"{""n"": 32.0, ""L"": 32.0, ""t"": 24.0, ""nn"": 1.0}",sparse,skipped,,,,,,-0.0,,,"{""n"": 32, ""gates"": 1563, ""g2"": 496, ""g3"": 0, ""depth2"": 32, ""t_count"": 24, ""rotations"": 24, ""d"": 23, ""dense_l"": 24.0056, ""redundant"": 1, ""obs_zero"": true, ""frame_l"": 10.6101, ""chi_bits"": 16, ""mps_l"": 48.8448, ""hsf_k"": 16, ""hsf_na"": 16, ""hsf_nb"": 16, ""hsf_l"": 44.034, ""sup"": 32, ""chi_bits0"": 16, ""mps_l0"": 48.8448, ""hsf_keff"": 12, ""hsf_l0"": 48.034, ""sparse_l"": 42.6101, ""sv_l"": 42.6101, ""feat_secs"": 0.016838, ""feat_secs_frame"": 0.002229, ""feat_secs_hsf"": 0.014169}"
ct,"ct:n=32,L=32,t=24,nn=1",1,"{""n"": 32.0, ""L"": 32.0, ""t"": 24.0, ""nn"": 1.0}",mps,ok,0.340243,0.3452,16596992,-9.325984818521242e-15,128,-0.0,9.325984818521242e-15,,"{""n"": 32, ""gates"": 1563, ""g2"": 496, ""g3"": 0, ""depth2"": 32, ""t_count"": 24, ""rotations"": 24, ""d"": 23, ""dense_l"": 24.0056, ""redundant"": 1, ""obs_zero"": true, ""frame_l"": 10.6101, ""chi_bits"": 16, ""mps_l"": 48.8448, ""hsf_k"": 16, ""hsf_na"": 16, ""hsf_nb"": 16, ""hsf_l"": 44.034, ""sup"": 32, ""chi_bits0"": 16, ""mps_l0"": 48.8448, ""hsf_keff"": 12, ""hsf_l0"": 48.034, ""sparse_l"": 42.6101, ""sv_l"": 42.6101, ""feat_secs"": 0.016838, ""feat_secs_frame"": 0.002229, ""feat_secs_hsf"": 0.014169}"
ct,"ct:n=32,L=32,t=24,nn=1",1,"{""n"": 32.0, ""L"": 32.0, ""t"": 24.0, ""nn"": 1.0}",hsf,skipped,,,,,,-0.0,,,"{""n"": 32, ""gates"": 1563, ""g2"": 496, ""g3"": 0, ""depth2"": 32, ""t_count"": 24, ""rotations"": 24, ""d"": 23, ""dense_l"": 24.0056, ""redundant"": 1, ""obs_zero"": true, ""frame_l"": 10.6101, ""chi_bits"": 16, ""mps_l"": 48.8448, ""hsf_k"": 16, ""hsf_na"": 16, ""hsf_nb"": 16, ""hsf_l"": 44.034, ""sup"": 32, ""chi_bits0"": 16, ""mps_l0"": 48.8448, ""hsf_keff"": 12, ""hsf_l0"": 48.034, ""sparse_l"": 42.6101, ""sv_l"": 42.6101, ""feat_secs"": 0.016838, ""feat_secs_frame"": 0.002229, ""feat_secs_hsf"": 0.014169}"
ct,"ct:n=32,L=32,t=24,nn=1",1,"{""n"": 32.0, ""L"": 32.0, ""t"": 24.0, ""nn"": 1.0}",tableau,na,,0.0069,2031616,,,-0.0,,"TooLarge { what: ""tableau (non-Clifford circuit)"", bytes: 0, limit: 0 }","{""n"": 32, ""gates"": 1563, ""g2"": 496, ""g3"": 0, ""depth2"": 32, ""t_count"": 24, ""rotations"": 24, ""d"": 23, ""dense_l"": 24.0056, ""redundant"": 1, ""obs_zero"": true, ""frame_l"": 10.6101, ""chi_bits"": 16, ""mps_l"": 48.8448, ""hsf_k"": 16, ""hsf_na"": 16, ""hsf_nb"": 16, ""hsf_l"": 44.034, ""sup"": 32, ""chi_bits0"": 16, ""mps_l0"": 48.8448, ""hsf_keff"": 12, ""hsf_l0"": 48.034, ""sparse_l"": 42.6101, ""sv_l"": 42.6101, ""feat_secs"": 0.016838, ""feat_secs_frame"": 0.002229, ""feat_secs_hsf"": 0.014169}"
ct,"ct:n=32,L=32,t=24,nn=1",1,"{""n"": 32.0, ""L"": 32.0, ""t"": 24.0, ""nn"": 1.0}",cstate,ok,0.041789,0.0473,136871936,0.0,23,-0.0,0.0,,"{""n"": 32, ""gates"": 1563, ""g2"": 496, ""g3"": 0, ""depth2"": 32, ""t_count"": 24, ""rotations"": 24, ""d"": 23, ""dense_l"": 24.0056, ""redundant"": 1, ""obs_zero"": true, ""frame_l"": 10.6101, ""chi_bits"": 16, ""mps_l"": 48.8448, ""hsf_k"": 16, ""hsf_na"": 16, ""hsf_nb"": 16, ""hsf_l"": 44.034, ""sup"": 32, ""chi_bits0"": 16, ""mps_l0"": 48.8448, ""hsf_keff"": 12, ""hsf_l0"": 48.034, ""sparse_l"": 42.6101, ""sv_l"": 42.6101, ""feat_secs"": 0.016838, ""feat_secs_frame"": 0.002229, ""feat_secs_hsf"": 0.014169}"
ct,"ct:n=32,L=32,t=24,nn=1",1,"{""n"": 32.0, ""L"": 32.0, ""t"": 24.0, ""nn"": 1.0}",frame,ok,0.000877,0.0077,2621440,-0.0,0,-0.0,0.0,switched_at=None dense_qubits=0 peak_terms=0 term_visits=0 dense_ops=0,"{""n"": 32, ""gates"": 1563, ""g2"": 496, ""g3"": 0, ""depth2"": 32, ""t_count"": 24, ""rotations"": 24, ""d"": 23, ""dense_l"": 24.0056, ""redundant"": 1, ""obs_zero"": true, ""frame_l"": 10.6101, ""chi_bits"": 16, ""mps_l"": 48.8448, ""hsf_k"": 16, ""hsf_na"": 16, ""hsf_nb"": 16, ""hsf_l"": 44.034, ""sup"": 32, ""chi_bits0"": 16, ""mps_l0"": 48.8448, ""hsf_keff"": 12, ""hsf_l0"": 48.034, ""sparse_l"": 42.6101, ""sv_l"": 42.6101, ""feat_secs"": 0.016838, ""feat_secs_frame"": 0.002229, ""feat_secs_hsf"": 0.014169}"
ct,"ct:n=32,L=32,t=24,nn=1",1,"{""n"": 32.0, ""L"": 32.0, ""t"": 24.0, ""nn"": 1.0}",dense,ok,0.037558,0.0424,136953856,0.0,23,-0.0,0.0,switched_at=Some(24) dense_qubits=23 peak_terms=0 term_visits=0 dense_ops=16842750,"{""n"": 32, ""gates"": 1563, ""g2"": 496, ""g3"": 0, ""depth2"": 32, ""t_count"": 24, ""rotations"": 24, ""d"": 23, ""dense_l"": 24.0056, ""redundant"": 1, ""obs_zero"": true, ""frame_l"": 10.6101, ""chi_bits"": 16, ""mps_l"": 48.8448, ""hsf_k"": 16, ""hsf_na"": 16, ""hsf_nb"": 16, ""hsf_l"": 44.034, ""sup"": 32, ""chi_bits0"": 16, ""mps_l0"": 48.8448, ""hsf_keff"": 12, ""hsf_l0"": 48.034, ""sparse_l"": 42.6101, ""sv_l"": 42.6101, ""feat_secs"": 0.016838, ""feat_secs_frame"": 0.002229, ""feat_secs_hsf"": 0.014169}"
ct,"ct:n=32,L=32,t=24,nn=1",1,"{""n"": 32.0, ""L"": 32.0, ""t"": 24.0, ""nn"": 1.0}",auto,ok,0.000863,0.0075,2621440,-0.0,0,-0.0,0.0,switched_at=None dense_qubits=0 peak_terms=0 term_visits=0 dense_ops=0,"{""n"": 32, ""gates"": 1563, ""g2"": 496, ""g3"": 0, ""depth2"": 32, ""t_count"": 24, ""rotations"": 24, ""d"": 23, ""dense_l"": 24.0056, ""redundant"": 1, ""obs_zero"": true, ""frame_l"": 10.6101, ""chi_bits"": 16, ""mps_l"": 48.8448, ""hsf_k"": 16, ""hsf_na"": 16, ""hsf_nb"": 16, ""hsf_l"": 44.034, ""sup"": 32, ""chi_bits0"": 16, ""mps_l0"": 48.8448, ""hsf_keff"": 12, ""hsf_l0"": 48.034, ""sparse_l"": 42.6101, ""sv_l"": 42.6101, ""feat_secs"": 0.016838, ""feat_secs_frame"": 0.002229, ""feat_secs_hsf"": 0.014169}"
ct,"ct:n=32,L=32,t=32,nn=1",1,"{""n"": 32.0, ""L"": 32.0, ""t"": 32.0, ""nn"": 1.0}",sv,toolarge,,0.0043,2031616,,,-0.0,,"TooLarge { what: ""state vector"", bytes: 68719476736, limit: 1073741824 }","{""n"": 32, ""gates"": 1565, ""g2"": 496, ""g3"": 0, ""depth2"": 32, ""t_count"": 32, ""rotations"": 32, ""d"": 29, ""dense_l"": 30.3219, ""redundant"": 3, ""obs_zero"": true, ""frame_l"": 10.6119, ""chi_bits"": 16, ""mps_l"": 48.8448, ""hsf_k"": 16, ""hsf_na"": 16, ""hsf_nb"": 16, ""hsf_l"": 48.034, ""sup"": 32, ""chi_bits0"": 16, ""mps_l0"": 48.8448, ""hsf_keff"": 16, ""hsf_l0"": 48.034, ""sparse_l"": 42.6119, ""sv_l"": 42.6119, ""feat_secs"": 0.018257, ""feat_secs_frame"": 0.001684, ""feat_secs_hsf"": 0.016131}"
ct,"ct:n=32,L=32,t=32,nn=1",1,"{""n"": 32.0, ""L"": 32.0, ""t"": 32.0, ""nn"": 1.0}",sparse,skipped,,,,,,-0.0,,,"{""n"": 32, ""gates"": 1565, ""g2"": 496, ""g3"": 0, ""depth2"": 32, ""t_count"": 32, ""rotations"": 32, ""d"": 29, ""dense_l"": 30.3219, ""redundant"": 3, ""obs_zero"": true, ""frame_l"": 10.6119, ""chi_bits"": 16, ""mps_l"": 48.8448, ""hsf_k"": 16, ""hsf_na"": 16, ""hsf_nb"": 16, ""hsf_l"": 48.034, ""sup"": 32, ""chi_bits0"": 16, ""mps_l0"": 48.8448, ""hsf_keff"": 16, ""hsf_l0"": 48.034, ""sparse_l"": 42.6119, ""sv_l"": 42.6119, ""feat_secs"": 0.018257, ""feat_secs_frame"": 0.001684, ""feat_secs_hsf"": 0.016131}"
ct,"ct:n=32,L=32,t=32,nn=1",1,"{""n"": 32.0, ""L"": 32.0, ""t"": 32.0, ""nn"": 1.0}",mps,ok,0.776761,0.7809,22593536,3.017818422670275e-17,132,-0.0,3.017818422670275e-17,,"{""n"": 32, ""gates"": 1565, ""g2"": 496, ""g3"": 0, ""depth2"": 32, ""t_count"": 32, ""rotations"": 32, ""d"": 29, ""dense_l"": 30.3219, ""redundant"": 3, ""obs_zero"": true, ""frame_l"": 10.6119, ""chi_bits"": 16, ""mps_l"": 48.8448, ""hsf_k"": 16, ""hsf_na"": 16, ""hsf_nb"": 16, ""hsf_l"": 48.034, ""sup"": 32, ""chi_bits0"": 16, ""mps_l0"": 48.8448, ""hsf_keff"": 16, ""hsf_l0"": 48.034, ""sparse_l"": 42.6119, ""sv_l"": 42.6119, ""feat_secs"": 0.018257, ""feat_secs_frame"": 0.001684, ""feat_secs_hsf"": 0.016131}"
ct,"ct:n=32,L=32,t=32,nn=1",1,"{""n"": 32.0, ""L"": 32.0, ""t"": 32.0, ""nn"": 1.0}",hsf,skipped,,,,,,-0.0,,,"{""n"": 32, ""gates"": 1565, ""g2"": 496, ""g3"": 0, ""depth2"": 32, ""t_count"": 32, ""rotations"": 32, ""d"": 29, ""dense_l"": 30.3219, ""redundant"": 3, ""obs_zero"": true, ""frame_l"": 10.6119, ""chi_bits"": 16, ""mps_l"": 48.8448, ""hsf_k"": 16, ""hsf_na"": 16, ""hsf_nb"": 16, ""hsf_l"": 48.034, ""sup"": 32, ""chi_bits0"": 16, ""mps_l0"": 48.8448, ""hsf_keff"": 16, ""hsf_l0"": 48.034, ""sparse_l"": 42.6119, ""sv_l"": 42.6119, ""feat_secs"": 0.018257, ""feat_secs_frame"": 0.001684, ""feat_secs_hsf"": 0.016131}"
ct,"ct:n=32,L=32,t=32,nn=1",1,"{""n"": 32.0, ""L"": 32.0, ""t"": 32.0, ""nn"": 1.0}",tableau,na,,0.0046,2031616,,,-0.0,,"TooLarge { what: ""tableau (non-Clifford circuit)"", bytes: 0, limit: 0 }","{""n"": 32, ""gates"": 1565, ""g2"": 496, ""g3"": 0, ""depth2"": 32, ""t_count"": 32, ""rotations"": 32, ""d"": 29, ""dense_l"": 30.3219, ""redundant"": 3, ""obs_zero"": true, ""frame_l"": 10.6119, ""chi_bits"": 16, ""mps_l"": 48.8448, ""hsf_k"": 16, ""hsf_na"": 16, ""hsf_nb"": 16, ""hsf_l"": 48.034, ""sup"": 32, ""chi_bits0"": 16, ""mps_l0"": 48.8448, ""hsf_keff"": 16, ""hsf_l0"": 48.034, ""sparse_l"": 42.6119, ""sv_l"": 42.6119, ""feat_secs"": 0.018257, ""feat_secs_frame"": 0.001684, ""feat_secs_hsf"": 0.016131}"
ct,"ct:n=32,L=32,t=32,nn=1",1,"{""n"": 32.0, ""L"": 32.0, ""t"": 32.0, ""nn"": 1.0}",cstate,toolarge,,0.0077,2310144,,,-0.0,,"TooLarge { what: ""compressed state vector"", bytes: 8589934592, limit: 1073741824 }","{""n"": 32, ""gates"": 1565, ""g2"": 496, ""g3"": 0, ""depth2"": 32, ""t_count"": 32, ""rotations"": 32, ""d"": 29, ""dense_l"": 30.3219, ""redundant"": 3, ""obs_zero"": true, ""frame_l"": 10.6119, ""chi_bits"": 16, ""mps_l"": 48.8448, ""hsf_k"": 16, ""hsf_na"": 16, ""hsf_nb"": 16, ""hsf_l"": 48.034, ""sup"": 32, ""chi_bits0"": 16, ""mps_l0"": 48.8448, ""hsf_keff"": 16, ""hsf_l0"": 48.034, ""sparse_l"": 42.6119, ""sv_l"": 42.6119, ""feat_secs"": 0.018257, ""feat_secs_frame"": 0.001684, ""feat_secs_hsf"": 0.016131}"
ct,"ct:n=32,L=32,t=32,nn=1",1,"{""n"": 32.0, ""L"": 32.0, ""t"": 32.0, ""nn"": 1.0}",frame,ok,0.000895,0.0077,2621440,-0.0,0,-0.0,0.0,switched_at=None dense_qubits=0 peak_terms=0 term_visits=0 dense_ops=0,"{""n"": 32, ""gates"": 1565, ""g2"": 496, ""g3"": 0, ""depth2"": 32, ""t_count"": 32, ""rotations"": 32, ""d"": 29, ""dense_l"": 30.3219, ""redundant"": 3, ""obs_zero"": true, ""frame_l"": 10.6119, ""chi_bits"": 16, ""mps_l"": 48.8448, ""hsf_k"": 16, ""hsf_na"": 16, ""hsf_nb"": 16, ""hsf_l"": 48.034, ""sup"": 32, ""chi_bits0"": 16, ""mps_l0"": 48.8448, ""hsf_keff"": 16, ""hsf_l0"": 48.034, ""sparse_l"": 42.6119, ""sv_l"": 42.6119, ""feat_secs"": 0.018257, ""feat_secs_frame"": 0.001684, ""feat_secs_hsf"": 0.016131}"
ct,"ct:n=32,L=32,t=32,nn=1",1,"{""n"": 32.0, ""L"": 32.0, ""t"": 32.0, ""nn"": 1.0}",dense,ok,0.000937,0.0078,2621440,-0.0,0,-0.0,0.0,switched_at=None dense_qubits=0 peak_terms=0 term_visits=0 dense_ops=0,"{""n"": 32, ""gates"": 1565, ""g2"": 496, ""g3"": 0, ""depth2"": 32, ""t_count"": 32, ""rotations"": 32, ""d"": 29, ""dense_l"": 30.3219, ""redundant"": 3, ""obs_zero"": true, ""frame_l"": 10.6119, ""chi_bits"": 16, ""mps_l"": 48.8448, ""hsf_k"": 16, ""hsf_na"": 16, ""hsf_nb"": 16, ""hsf_l"": 48.034, ""sup"": 32, ""chi_bits0"": 16, ""mps_l0"": 48.8448, ""hsf_keff"": 16, ""hsf_l0"": 48.034, ""sparse_l"": 42.6119, ""sv_l"": 42.6119, ""feat_secs"": 0.018257, ""feat_secs_frame"": 0.001684, ""feat_secs_hsf"": 0.016131}"
ct,"ct:n=32,L=32,t=32,nn=1",1,"{""n"": 32.0, ""L"": 32.0, ""t"": 32.0, ""nn"": 1.0}",auto,ok,0.000871,0.0076,2621440,-0.0,0,-0.0,0.0,switched_at=None dense_qubits=0 peak_terms=0 term_visits=0 dense_ops=0,"{""n"": 32, ""gates"": 1565, ""g2"": 496, ""g3"": 0, ""depth2"": 32, ""t_count"": 32, ""rotations"": 32, ""d"": 29, ""dense_l"": 30.3219, ""redundant"": 3, ""obs_zero"": true, ""frame_l"": 10.6119, ""chi_bits"": 16, ""mps_l"": 48.8448, ""hsf_k"": 16, ""hsf_na"": 16, ""hsf_nb"": 16, ""hsf_l"": 48.034, ""sup"": 32, ""chi_bits0"": 16, ""mps_l0"": 48.8448, ""hsf_keff"": 16, ""hsf_l0"": 48.034, ""sparse_l"": 42.6119, ""sv_l"": 42.6119, ""feat_secs"": 0.018257, ""feat_secs_frame"": 0.001684, ""feat_secs_hsf"": 0.016131}"
ct,"ct:n=32,L=32,t=48,nn=1",1,"{""n"": 32.0, ""L"": 32.0, ""t"": 48.0, ""nn"": 1.0}",sv,toolarge,,0.0045,2031616,,,-0.0,,"TooLarge { what: ""state vector"", bytes: 68719476736, limit: 1073741824 }","{""n"": 32, ""gates"": 1578, ""g2"": 496, ""g3"": 0, ""depth2"": 32, ""t_count"": 48, ""rotations"": 48, ""d"": 31, ""dense_l"": 33.7065, ""redundant"": 17, ""obs_zero"": false, ""frame_l"": 14.085, ""chi_bits"": 16, ""mps_l"": 48.8448, ""hsf_k"": 16, ""hsf_na"": 16, ""hsf_nb"": 16, ""hsf_l"": 45.0343, ""sup"": 32, ""chi_bits0"": 16, ""mps_l0"": 48.8448, ""hsf_keff"": 13, ""hsf_l0"": 48.0343, ""sparse_l"": 42.6239, ""sv_l"": 42.6239, ""feat_secs"": 0.018803, ""feat_secs_frame"": 0.003114, ""feat_secs_hsf"": 0.015016}"
ct,"ct:n=32,L=32,t=48,nn=1",1,"{""n"": 32.0, ""L"": 32.0, ""t"": 48.0, ""nn"": 1.0}",sparse,skipped,,,,,,-0.0,,,"{""n"": 32, ""gates"": 1578, ""g2"": 496, ""g3"": 0, ""depth2"": 32, ""t_count"": 48, ""rotations"": 48, ""d"": 31, ""dense_l"": 33.7065, ""redundant"": 17, ""obs_zero"": false, ""frame_l"": 14.085, ""chi_bits"": 16, ""mps_l"": 48.8448, ""hsf_k"": 16, ""hsf_na"": 16, ""hsf_nb"": 16, ""hsf_l"": 45.0343, ""sup"": 32, ""chi_bits0"": 16, ""mps_l0"": 48.8448, ""hsf_keff"": 13, ""hsf_l0"": 48.0343, ""sparse_l"": 42.6239, ""sv_l"": 42.6239, ""feat_secs"": 0.018803, ""feat_secs_frame"": 0.003114, ""feat_secs_hsf"": 0.015016}"
ct,"ct:n=32,L=32,t=48,nn=1",1,"{""n"": 32.0, ""L"": 32.0, ""t"": 48.0, ""nn"": 1.0}",mps,ok,4.13734,4.1420,94699520,-3.101400145159403e-16,512,-0.0,3.101400145159403e-16,,"{""n"": 32, ""gates"": 1578, ""g2"": 496, ""g3"": 0, ""depth2"": 32, ""t_count"": 48, ""rotations"": 48, ""d"": 31, ""dense_l"": 33.7065, ""redundant"": 17, ""obs_zero"": false, ""frame_l"": 14.085, ""chi_bits"": 16, ""mps_l"": 48.8448, ""hsf_k"": 16, ""hsf_na"": 16, ""hsf_nb"": 16, ""hsf_l"": 45.0343, ""sup"": 32, ""chi_bits0"": 16, ""mps_l0"": 48.8448, ""hsf_keff"": 13, ""hsf_l0"": 48.0343, ""sparse_l"": 42.6239, ""sv_l"": 42.6239, ""feat_secs"": 0.018803, ""feat_secs_frame"": 0.003114, ""feat_secs_hsf"": 0.015016}"
ct,"ct:n=32,L=32,t=48,nn=1",1,"{""n"": 32.0, ""L"": 32.0, ""t"": 48.0, ""nn"": 1.0}",hsf,skipped,,,,,,-0.0,,,"{""n"": 32, ""gates"": 1578, ""g2"": 496, ""g3"": 0, ""depth2"": 32, ""t_count"": 48, ""rotations"": 48, ""d"": 31, ""dense_l"": 33.7065, ""redundant"": 17, ""obs_zero"": false, ""frame_l"": 14.085, ""chi_bits"": 16, ""mps_l"": 48.8448, ""hsf_k"": 16, ""hsf_na"": 16, ""hsf_nb"": 16, ""hsf_l"": 45.0343, ""sup"": 32, ""chi_bits0"": 16, ""mps_l0"": 48.8448, ""hsf_keff"": 13, ""hsf_l0"": 48.0343, ""sparse_l"": 42.6239, ""sv_l"": 42.6239, ""feat_secs"": 0.018803, ""feat_secs_frame"": 0.003114, ""feat_secs_hsf"": 0.015016}"
ct,"ct:n=32,L=32,t=48,nn=1",1,"{""n"": 32.0, ""L"": 32.0, ""t"": 48.0, ""nn"": 1.0}",tableau,na,,0.0075,2031616,,,-0.0,,"TooLarge { what: ""tableau (non-Clifford circuit)"", bytes: 0, limit: 0 }","{""n"": 32, ""gates"": 1578, ""g2"": 496, ""g3"": 0, ""depth2"": 32, ""t_count"": 48, ""rotations"": 48, ""d"": 31, ""dense_l"": 33.7065, ""redundant"": 17, ""obs_zero"": false, ""frame_l"": 14.085, ""chi_bits"": 16, ""mps_l"": 48.8448, ""hsf_k"": 16, ""hsf_na"": 16, ""hsf_nb"": 16, ""hsf_l"": 45.0343, ""sup"": 32, ""chi_bits0"": 16, ""mps_l0"": 48.8448, ""hsf_keff"": 13, ""hsf_l0"": 48.0343, ""sparse_l"": 42.6239, ""sv_l"": 42.6239, ""feat_secs"": 0.018803, ""feat_secs_frame"": 0.003114, ""feat_secs_hsf"": 0.015016}"
ct,"ct:n=32,L=32,t=48,nn=1",1,"{""n"": 32.0, ""L"": 32.0, ""t"": 48.0, ""nn"": 1.0}",cstate,skipped,,,,,,-0.0,,,"{""n"": 32, ""gates"": 1578, ""g2"": 496, ""g3"": 0, ""depth2"": 32, ""t_count"": 48, ""rotations"": 48, ""d"": 31, ""dense_l"": 33.7065, ""redundant"": 17, ""obs_zero"": false, ""frame_l"": 14.085, ""chi_bits"": 16, ""mps_l"": 48.8448, ""hsf_k"": 16, ""hsf_na"": 16, ""hsf_nb"": 16, ""hsf_l"": 45.0343, ""sup"": 32, ""chi_bits0"": 16, ""mps_l0"": 48.8448, ""hsf_keff"": 13, ""hsf_l0"": 48.0343, ""sparse_l"": 42.6239, ""sv_l"": 42.6239, ""feat_secs"": 0.018803, ""feat_secs_frame"": 0.003114, ""feat_secs_hsf"": 0.015016}"
ct,"ct:n=32,L=32,t=48,nn=1",1,"{""n"": 32.0, ""L"": 32.0, ""t"": 48.0, ""nn"": 1.0}",frame,ok,0.00101,0.0076,2703360,-0.0,1,-0.0,0.0,switched_at=None dense_qubits=0 peak_terms=1 term_visits=12 dense_ops=0,"{""n"": 32, ""gates"": 1578, ""g2"": 496, ""g3"": 0, ""depth2"": 32, ""t_count"": 48, ""rotations"": 48, ""d"": 31, ""dense_l"": 33.7065, ""redundant"": 17, ""obs_zero"": false, ""frame_l"": 14.085, ""chi_bits"": 16, ""mps_l"": 48.8448, ""hsf_k"": 16, ""hsf_na"": 16, ""hsf_nb"": 16, ""hsf_l"": 45.0343, ""sup"": 32, ""chi_bits0"": 16, ""mps_l0"": 48.8448, ""hsf_keff"": 13, ""hsf_l0"": 48.0343, ""sparse_l"": 42.6239, ""sv_l"": 42.6239, ""feat_secs"": 0.018803, ""feat_secs_frame"": 0.003114, ""feat_secs_hsf"": 0.015016}"
ct,"ct:n=32,L=32,t=48,nn=1",1,"{""n"": 32.0, ""L"": 32.0, ""t"": 48.0, ""nn"": 1.0}",dense,ok,0.001022,0.0075,2686976,-0.0,0,-0.0,0.0,switched_at=None dense_qubits=0 peak_terms=1 term_visits=12 dense_ops=0,"{""n"": 32, ""gates"": 1578, ""g2"": 496, ""g3"": 0, ""depth2"": 32, ""t_count"": 48, ""rotations"": 48, ""d"": 31, ""dense_l"": 33.7065, ""redundant"": 17, ""obs_zero"": false, ""frame_l"": 14.085, ""chi_bits"": 16, ""mps_l"": 48.8448, ""hsf_k"": 16, ""hsf_na"": 16, ""hsf_nb"": 16, ""hsf_l"": 45.0343, ""sup"": 32, ""chi_bits0"": 16, ""mps_l0"": 48.8448, ""hsf_keff"": 13, ""hsf_l0"": 48.0343, ""sparse_l"": 42.6239, ""sv_l"": 42.6239, ""feat_secs"": 0.018803, ""feat_secs_frame"": 0.003114, ""feat_secs_hsf"": 0.015016}"
ct,"ct:n=32,L=32,t=48,nn=1",1,"{""n"": 32.0, ""L"": 32.0, ""t"": 48.0, ""nn"": 1.0}",auto,ok,0.001134,0.0074,2703360,-0.0,0,-0.0,0.0,switched_at=None dense_qubits=0 peak_terms=1 term_visits=12 dense_ops=0,"{""n"": 32, ""gates"": 1578, ""g2"": 496, ""g3"": 0, ""depth2"": 32, ""t_count"": 48, ""rotations"": 48, ""d"": 31, ""dense_l"": 33.7065, ""redundant"": 17, ""obs_zero"": false, ""frame_l"": 14.085, ""chi_bits"": 16, ""mps_l"": 48.8448, ""hsf_k"": 16, ""hsf_na"": 16, ""hsf_nb"": 16, ""hsf_l"": 45.0343, ""sup"": 32, ""chi_bits0"": 16, ""mps_l0"": 48.8448, ""hsf_keff"": 13, ""hsf_l0"": 48.0343, ""sparse_l"": 42.6239, ""sv_l"": 42.6239, ""feat_secs"": 0.018803, ""feat_secs_frame"": 0.003114, ""feat_secs_hsf"": 0.015016}"
ct,"ct:n=32,L=32,t=64,nn=1",1,"{""n"": 32.0, ""L"": 32.0, ""t"": 64.0, ""nn"": 1.0}",sv,toolarge,,0.0045,2031616,,,-0.0,,"TooLarge { what: ""state vector"", bytes: 68719476736, limit: 1073741824 }","{""n"": 32, ""gates"": 1627, ""g2"": 496, ""g3"": 0, ""depth2"": 32, ""t_count"": 64, ""rotations"": 64, ""d"": 32, ""dense_l"": 36.0928, ""redundant"": 32, ""obs_zero"": false, ""frame_l"": 22.0, ""chi_bits"": 16, ""mps_l"": 48.8448, ""hsf_k"": 16, ""hsf_na"": 16, ""hsf_nb"": 16, ""hsf_l"": 48.0354, ""sup"": 32, ""chi_bits0"": 16, ""mps_l0"": 48.8448, ""hsf_keff"": 16, ""hsf_l0"": 48.0354, ""sparse_l"": 42.668, ""sv_l"": 42.668, ""feat_secs"": 0.018761, ""feat_secs_frame"": 0.001912, ""feat_secs_hsf"": 0.0164}"
ct,"ct:n=32,L=32,t=64,nn=1",1,"{""n"": 32.0, ""L"": 32.0, ""t"": 64.0, ""nn"": 1.0}",sparse,skipped,,,,,,-0.0,,,"{""n"": 32, ""gates"": 1627, ""g2"": 496, ""g3"": 0, ""depth2"": 32, ""t_count"": 64, ""rotations"": 64, ""d"": 32, ""dense_l"": 36.0928, ""redundant"": 32, ""obs_zero"": false, ""frame_l"": 22.0, ""chi_bits"": 16, ""mps_l"": 48.8448, ""hsf_k"": 16, ""hsf_na"": 16, ""hsf_nb"": 16, ""hsf_l"": 48.0354, ""sup"": 32, ""chi_bits0"": 16, ""mps_l0"": 48.8448, ""hsf_keff"": 16, ""hsf_l0"": 48.0354, ""sparse_l"": 42.668, ""sv_l"": 42.668, ""feat_secs"": 0.018761, ""feat_secs_frame"": 0.001912, ""feat_secs_hsf"": 0.0164}"
ct,"ct:n=32,L=32,t=64,nn=1",1,"{""n"": 32.0, ""L"": 32.0, ""t"": 64.0, ""nn"": 1.0}",mps,ok,8.971335,8.9762,141410304,-1.970092420941995e-18,512,-0.0,1.970092420941995e-18,,"{""n"": 32, ""gates"": 1627, ""g2"": 496, ""g3"": 0, ""depth2"": 32, ""t_count"": 64, ""rotations"": 64, ""d"": 32, ""dense_l"": 36.0928, ""redundant"": 32, ""obs_zero"": false, ""frame_l"": 22.0, ""chi_bits"": 16, ""mps_l"": 48.8448, ""hsf_k"": 16, ""hsf_na"": 16, ""hsf_nb"": 16, ""hsf_l"": 48.0354, ""sup"": 32, ""chi_bits0"": 16, ""mps_l0"": 48.8448, ""hsf_keff"": 16, ""hsf_l0"": 48.0354, ""sparse_l"": 42.668, ""sv_l"": 42.668, ""feat_secs"": 0.018761, ""feat_secs_frame"": 0.001912, ""feat_secs_hsf"": 0.0164}"
ct,"ct:n=32,L=32,t=64,nn=1",1,"{""n"": 32.0, ""L"": 32.0, ""t"": 64.0, ""nn"": 1.0}",hsf,skipped,,,,,,-0.0,,,"{""n"": 32, ""gates"": 1627, ""g2"": 496, ""g3"": 0, ""depth2"": 32, ""t_count"": 64, ""rotations"": 64, ""d"": 32, ""dense_l"": 36.0928, ""redundant"": 32, ""obs_zero"": false, ""frame_l"": 22.0, ""chi_bits"": 16, ""mps_l"": 48.8448, ""hsf_k"": 16, ""hsf_na"": 16, ""hsf_nb"": 16, ""hsf_l"": 48.0354, ""sup"": 32, ""chi_bits0"": 16, ""mps_l0"": 48.8448, ""hsf_keff"": 16, ""hsf_l0"": 48.0354, ""sparse_l"": 42.668, ""sv_l"": 42.668, ""feat_secs"": 0.018761, ""feat_secs_frame"": 0.001912, ""feat_secs_hsf"": 0.0164}"
ct,"ct:n=32,L=32,t=64,nn=1",1,"{""n"": 32.0, ""L"": 32.0, ""t"": 64.0, ""nn"": 1.0}",tableau,na,,0.0045,2031616,,,-0.0,,"TooLarge { what: ""tableau (non-Clifford circuit)"", bytes: 0, limit: 0 }","{""n"": 32, ""gates"": 1627, ""g2"": 496, ""g3"": 0, ""depth2"": 32, ""t_count"": 64, ""rotations"": 64, ""d"": 32, ""dense_l"": 36.0928, ""redundant"": 32, ""obs_zero"": false, ""frame_l"": 22.0, ""chi_bits"": 16, ""mps_l"": 48.8448, ""hsf_k"": 16, ""hsf_na"": 16, ""hsf_nb"": 16, ""hsf_l"": 48.0354, ""sup"": 32, ""chi_bits0"": 16, ""mps_l0"": 48.8448, ""hsf_keff"": 16, ""hsf_l0"": 48.0354, ""sparse_l"": 42.668, ""sv_l"": 42.668, ""feat_secs"": 0.018761, ""feat_secs_frame"": 0.001912, ""feat_secs_hsf"": 0.0164}"
ct,"ct:n=32,L=32,t=64,nn=1",1,"{""n"": 32.0, ""L"": 32.0, ""t"": 64.0, ""nn"": 1.0}",cstate,skipped,,,,,,-0.0,,,"{""n"": 32, ""gates"": 1627, ""g2"": 496, ""g3"": 0, ""depth2"": 32, ""t_count"": 64, ""rotations"": 64, ""d"": 32, ""dense_l"": 36.0928, ""redundant"": 32, ""obs_zero"": false, ""frame_l"": 22.0, ""chi_bits"": 16, ""mps_l"": 48.8448, ""hsf_k"": 16, ""hsf_na"": 16, ""hsf_nb"": 16, ""hsf_l"": 48.0354, ""sup"": 32, ""chi_bits0"": 16, ""mps_l0"": 48.8448, ""hsf_keff"": 16, ""hsf_l0"": 48.0354, ""sparse_l"": 42.668, ""sv_l"": 42.668, ""feat_secs"": 0.018761, ""feat_secs_frame"": 0.001912, ""feat_secs_hsf"": 0.0164}"
ct,"ct:n=32,L=32,t=64,nn=1",1,"{""n"": 32.0, ""L"": 32.0, ""t"": 64.0, ""nn"": 1.0}",frame,ok,0.00126,0.0056,2736128,-0.0,9,-0.0,0.0,switched_at=None dense_qubits=0 peak_terms=9 term_visits=115 dense_ops=0,"{""n"": 32, ""gates"": 1627, ""g2"": 496, ""g3"": 0, ""depth2"": 32, ""t_count"": 64, ""rotations"": 64, ""d"": 32, ""dense_l"": 36.0928, ""redundant"": 32, ""obs_zero"": false, ""frame_l"": 22.0, ""chi_bits"": 16, ""mps_l"": 48.8448, ""hsf_k"": 16, ""hsf_na"": 16, ""hsf_nb"": 16, ""hsf_l"": 48.0354, ""sup"": 32, ""chi_bits0"": 16, ""mps_l0"": 48.8448, ""hsf_keff"": 16, ""hsf_l0"": 48.0354, ""sparse_l"": 42.668, ""sv_l"": 42.668, ""feat_secs"": 0.018761, ""feat_secs_frame"": 0.001912, ""feat_secs_hsf"": 0.0164}"
ct,"ct:n=32,L=32,t=64,nn=1",1,"{""n"": 32.0, ""L"": 32.0, ""t"": 64.0, ""nn"": 1.0}",dense,ok,1.265337,1.2706,1077149696,4.23075696961502e-23,26,-0.0,4.23075696961502e-23,switched_at=Some(33) dense_qubits=26 peak_terms=9 term_visits=91 dense_ops=672071679,"{""n"": 32, ""gates"": 1627, ""g2"": 496, ""g3"": 0, ""depth2"": 32, ""t_count"": 64, ""rotations"": 64, ""d"": 32, ""dense_l"": 36.0928, ""redundant"": 32, ""obs_zero"": false, ""frame_l"": 22.0, ""chi_bits"": 16, ""mps_l"": 48.8448, ""hsf_k"": 16, ""hsf_na"": 16, ""hsf_nb"": 16, ""hsf_l"": 48.0354, ""sup"": 32, ""chi_bits0"": 16, ""mps_l0"": 48.8448, ""hsf_keff"": 16, ""hsf_l0"": 48.0354, ""sparse_l"": 42.668, ""sv_l"": 42.668, ""feat_secs"": 0.018761, ""feat_secs_frame"": 0.001912, ""feat_secs_hsf"": 0.0164}"
ct,"ct:n=32,L=32,t=64,nn=1",1,"{""n"": 32.0, ""L"": 32.0, ""t"": 64.0, ""nn"": 1.0}",auto,ok,0.001339,0.0067,2768896,-0.0,0,-0.0,0.0,switched_at=None dense_qubits=0 peak_terms=9 term_visits=115 dense_ops=0,"{""n"": 32, ""gates"": 1627, ""g2"": 496, ""g3"": 0, ""depth2"": 32, ""t_count"": 64, ""rotations"": 64, ""d"": 32, ""dense_l"": 36.0928, ""redundant"": 32, ""obs_zero"": false, ""frame_l"": 22.0, ""chi_bits"": 16, ""mps_l"": 48.8448, ""hsf_k"": 16, ""hsf_na"": 16, ""hsf_nb"": 16, ""hsf_l"": 48.0354, ""sup"": 32, ""chi_bits0"": 16, ""mps_l0"": 48.8448, ""hsf_keff"": 16, ""hsf_l0"": 48.0354, ""sparse_l"": 42.668, ""sv_l"": 42.668, ""feat_secs"": 0.018761, ""feat_secs_frame"": 0.001912, ""feat_secs_hsf"": 0.0164}"
