family,spec,seed,params,engine,status,secs,wall,rss,value,size,ref,abs_err,note,features
ct,"ct:n=20,L=1,t=0,nn=0",1,"{""n"": 20.0, ""L"": 1.0, ""t"": 0.0, ""nn"": 0.0}",sv,ok,0.0346,0.0412,19464192,8.673617379884035e-19,1048576,8.673617379884035e-19,0.0,,"{""n"": 20, ""gates"": 32, ""g2"": 10, ""g3"": 0, ""depth2"": 1, ""t_count"": 0, ""rotations"": 0, ""d"": 0, ""dense_l"": 0.0, ""redundant"": 0, ""obs_zero"": true, ""frame_l"": 5.0, ""chi_bits"": 7, ""mps_l"": 25.5539, ""hsf_k"": 0, ""hsf_na"": 10, ""hsf_nb"": 10, ""hsf_l"": 20.0444, ""sup"": 11, ""chi_bits0"": 7, ""mps_l0"": 25.5539, ""hsf_keff"": 0, ""hsf_l0"": 20.0444, ""sparse_l"": 16.0, ""sv_l"": 25.0, ""feat_secs"": 0.002094, ""feat_secs_frame"": 5.3e-05, ""feat_secs_hsf"": 0.002015}"
ct,"ct:n=20,L=1,t=0,nn=0",1,"{""n"": 20.0, ""L"": 1.0, ""t"": 0.0, ""nn"": 0.0}",sparse,ok,0.001911,0.0107,2244608,2.602085213965211e-18,2048,8.673617379884035e-19,1.7347234759768075e-18,,"{""n"": 20, ""gates"": 32, ""g2"": 10, ""g3"": 0, ""depth2"": 1, ""t_count"": 0, ""rotations"": 0, ""d"": 0, ""dense_l"": 0.0, ""redundant"": 0, ""obs_zero"": true, ""frame_l"": 5.0, ""chi_bits"": 7, ""mps_l"": 25.5539, ""hsf_k"": 0, ""hsf_na"": 10, ""hsf_nb"": 10, ""hsf_l"": 20.0444, ""sup"": 11, ""chi_bits0"": 7, ""mps_l0"": 25.5539, ""hsf_keff"": 0, ""hsf_l0"": 20.0444, ""sparse_l"": 16.0, ""sv_l"": 25.0, ""feat_secs"": 0.002094, ""feat_secs_frame"": 5.3e-05, ""feat_secs_hsf"": 0.002015}"
ct,"ct:n=20,L=1,t=0,nn=0",1,"{""n"": 20.0, ""L"": 1.0, ""t"": 0.0, ""nn"": 0.0}",mps,ok,0.005073,0.0106,4079616,-7.771561172376145e-16,32,8.673617379884035e-19,7.780234789756029e-16,,"{""n"": 20, ""gates"": 32, ""g2"": 10, ""g3"": 0, ""depth2"": 1, ""t_count"": 0, ""rotations"": 0, ""d"": 0, ""dense_l"": 0.0, ""redundant"": 0, ""obs_zero"": true, ""frame_l"": 5.0, ""chi_bits"": 7, ""mps_l"": 25.5539, ""hsf_k"": 0, ""hsf_na"": 10, ""hsf_nb"": 10, ""hsf_l"": 20.0444, ""sup"": 11, ""chi_bits0"": 7, ""mps_l0"": 25.5539, ""hsf_keff"": 0, ""hsf_l0"": 20.0444, ""sparse_l"": 16.0, ""sv_l"": 25.0, ""feat_secs"": 0.002094, ""feat_secs_frame"": 5.3e-05, ""feat_secs_hsf"": 0.002015}"
ct,"ct:n=20,L=1,t=0,nn=0",1,"{""n"": 20.0, ""L"": 1.0, ""t"": 0.0, ""nn"": 0.0}",hsf,ok,0.022779,0.0306,19382272,2.168404344971009e-19,1,8.673617379884035e-19,6.505213034913027e-19,,"{""n"": 20, ""gates"": 32, ""g2"": 10, ""g3"": 0, ""depth2"": 1, ""t_count"": 0, ""rotations"": 0, ""d"": 0, ""dense_l"": 0.0, ""redundant"": 0, ""obs_zero"": true, ""frame_l"": 5.0, ""chi_bits"": 7, ""mps_l"": 25.5539, ""hsf_k"": 0, ""hsf_na"": 10, ""hsf_nb"": 10, ""hsf_l"": 20.0444, ""sup"": 11, ""chi_bits0"": 7, ""mps_l0"": 25.5539, ""hsf_keff"": 0, ""hsf_l0"": 20.0444, ""sparse_l"": 16.0, ""sv_l"": 25.0, ""feat_secs"": 0.002094, ""feat_secs_frame"": 5.3e-05, ""feat_secs_hsf"": 0.002015}"
ct,"ct:n=20,L=1,t=0,nn=0",1,"{""n"": 20.0, ""L"": 1.0, ""t"": 0.0, ""nn"": 0.0}",tableau,ok,3.2e-05,0.0075,2031616,-0.0,0,8.673617379884035e-19,8.673617379884035e-19,value recomputed after the C-vs-C† fix (timing from the original run),"{""n"": 20, ""gates"": 32, ""g2"": 10, ""g3"": 0, ""depth2"": 1, ""t_count"": 0, ""rotations"": 0, ""d"": 0, ""dense_l"": 0.0, ""redundant"": 0, ""obs_zero"": true, ""frame_l"": 5.0, ""chi_bits"": 7, ""mps_l"": 25.5539, ""hsf_k"": 0, ""hsf_na"": 10, ""hsf_nb"": 10, ""hsf_l"": 20.0444, ""sup"": 11, ""chi_bits0"": 7, ""mps_l0"": 25.5539, ""hsf_keff"": 0, ""hsf_l0"": 20.0444, ""sparse_l"": 16.0, ""sv_l"": 25.0, ""feat_secs"": 0.002094, ""feat_secs_frame"": 5.3e-05, ""feat_secs_hsf"": 0.002015}"
ct,"ct:n=20,L=1,t=0,nn=0",1,"{""n"": 20.0, ""L"": 1.0, ""t"": 0.0, ""nn"": 0.0}",cstate,ok,4.7e-05,0.0080,1949696,0.0,0,8.673617379884035e-19,8.673617379884035e-19,,"{""n"": 20, ""gates"": 32, ""g2"": 10, ""g3"": 0, ""depth2"": 1, ""t_count"": 0, ""rotations"": 0, ""d"": 0, ""dense_l"": 0.0, ""redundant"": 0, ""obs_zero"": true, ""frame_l"": 5.0, ""chi_bits"": 7, ""mps_l"": 25.5539, ""hsf_k"": 0, ""hsf_na"": 10, ""hsf_nb"": 10, ""hsf_l"": 20.0444, ""sup"": 11, ""chi_bits0"": 7, ""mps_l0"": 25.5539, ""hsf_keff"": 0, ""hsf_l0"": 20.0444, ""sparse_l"": 16.0, ""sv_l"": 25.0, ""feat_secs"": 0.002094, ""feat_secs_frame"": 5.3e-05, ""feat_secs_hsf"": 0.002015}"
ct,"ct:n=20,L=1,t=0,nn=0",1,"{""n"": 20.0, ""L"": 1.0, ""t"": 0.0, ""nn"": 0.0}",frame,ok,6.5e-05,0.0050,2129920,-0.0,0,8.673617379884035e-19,8.673617379884035e-19,switched_at=None dense_qubits=0 peak_terms=0 term_visits=0 dense_ops=0,"{""n"": 20, ""gates"": 32, ""g2"": 10, ""g3"": 0, ""depth2"": 1, ""t_count"": 0, ""rotations"": 0, ""d"": 0, ""dense_l"": 0.0, ""redundant"": 0, ""obs_zero"": true, ""frame_l"": 5.0, ""chi_bits"": 7, ""mps_l"": 25.5539, ""hsf_k"": 0, ""hsf_na"": 10, ""hsf_nb"": 10, ""hsf_l"": 20.0444, ""sup"": 11, ""chi_bits0"": 7, ""mps_l0"": 25.5539, ""hsf_keff"": 0, ""hsf_l0"": 20.0444, ""sparse_l"": 16.0, ""sv_l"": 25.0, ""feat_secs"": 0.002094, ""feat_secs_frame"": 5.3e-05, ""feat_secs_hsf"": 0.002015}"
ct,"ct:n=20,L=1,t=0,nn=0",1,"{""n"": 20.0, ""L"": 1.0, ""t"": 0.0, ""nn"": 0.0}",dense,ok,6.9e-05,0.0060,2129920,-0.0,0,8.673617379884035e-19,8.673617379884035e-19,switched_at=None dense_qubits=0 peak_terms=0 term_visits=0 dense_ops=0,"{""n"": 20, ""gates"": 32, ""g2"": 10, ""g3"": 0, ""depth2"": 1, ""t_count"": 0, ""rotations"": 0, ""d"": 0, ""dense_l"": 0.0, ""redundant"": 0, ""obs_zero"": true, ""frame_l"": 5.0, ""chi_bits"": 7, ""mps_l"": 25.5539, ""hsf_k"": 0, ""hsf_na"": 10, ""hsf_nb"": 10, ""hsf_l"": 20.0444, ""sup"": 11, ""chi_bits0"": 7, ""mps_l0"": 25.5539, ""hsf_keff"": 0, ""hsf_l0"": 20.0444, ""sparse_l"": 16.0, ""sv_l"": 25.0, ""feat_secs"": 0.002094, ""feat_secs_frame"": 5.3e-05, ""feat_secs_hsf"": 0.002015}"
ct,"ct:n=20,L=1,t=0,nn=0",1,"{""n"": 20.0, ""L"": 1.0, ""t"": 0.0, ""nn"": 0.0}",auto,ok,6.7e-05,0.0071,2129920,-0.0,0,8.673617379884035e-19,8.673617379884035e-19,switched_at=None dense_qubits=0 peak_terms=0 term_visits=0 dense_ops=0,"{""n"": 20, ""gates"": 32, ""g2"": 10, ""g3"": 0, ""depth2"": 1, ""t_count"": 0, ""rotations"": 0, ""d"": 0, ""dense_l"": 0.0, ""redundant"": 0, ""obs_zero"": true, ""frame_l"": 5.0, ""chi_bits"": 7, ""mps_l"": 25.5539, ""hsf_k"": 0, ""hsf_na"": 10, ""hsf_nb"": 10, ""hsf_l"": 20.0444, ""sup"": 11, ""chi_bits0"": 7, ""mps_l0"": 25.5539, ""hsf_keff"": 0, ""hsf_l0"": 20.0444, ""sparse_l"": 16.0, ""sv_l"": 25.0, ""feat_secs"": 0.002094, ""feat_secs_frame"": 5.3e-05, ""feat_secs_hsf"": 0.002015}"
ct,"ct:n=20,L=1,t=4,nn=0",1,"{""n"": 20.0, ""L"": 1.0, ""t"": 4.0, ""nn"": 0.0}",sv,ok,0.021781,0.0295,19447808,1.13841228110978e-18,1048576,1.13841228110978e-18,0.0,,"{""n"": 20, ""gates"": 35, ""g2"": 10, ""g3"": 0, ""depth2"": 1, ""t_count"": 4, ""rotations"": 4, ""d"": 0, ""dense_l"": 2.0, ""redundant"": 4, ""obs_zero"": true, ""frame_l"": 5.1293, ""chi_bits"": 7, ""mps_l"": 25.5541, ""hsf_k"": 0, ""hsf_na"": 10, ""hsf_nb"": 10, ""hsf_l"": 20.0485, ""sup"": 13, ""chi_bits0"": 7, ""mps_l0"": 25.5541, ""hsf_keff"": 0, ""hsf_l0"": 20.0485, ""sparse_l"": 18.1293, ""sv_l"": 25.1293, ""feat_secs"": 0.002177, ""feat_secs_frame"": 9.1e-05, ""feat_secs_hsf"": 0.002027}"
ct,"ct:n=20,L=1,t=4,nn=0",1,"{""n"": 20.0, ""L"": 1.0, ""t"": 4.0, ""nn"": 0.0}",sparse,ok,0.001625,0.0079,2883584,2.168404344971009e-19,8192,1.13841228110978e-18,9.215718466126792e-19,,"{""n"": 20, ""gates"": 35, ""g2"": 10, ""g3"": 0, ""depth2"": 1, ""t_count"": 4, ""rotations"": 4, ""d"": 0, ""dense_l"": 2.0, ""redundant"": 4, ""obs_zero"": true, ""frame_l"": 5.1293, ""chi_bits"": 7, ""mps_l"": 25.5541, ""hsf_k"": 0, ""hsf_na"": 10, ""hsf_nb"": 10, ""hsf_l"": 20.0485, ""sup"": 13, ""chi_bits0"": 7, ""mps_l0"": 25.5541, ""hsf_keff"": 0, ""hsf_l0"": 20.0485, ""sparse_l"": 18.1293, ""sv_l"": 25.1293, ""feat_secs"": 0.002177, ""feat_secs_frame"": 9.1e-05, ""feat_secs_hsf"": 0.002027}"
ct,"ct:n=20,L=1,t=4,nn=0",1,"{""n"": 20.0, ""L"": 1.0, ""t"": 4.0, ""nn"": 0.0}",mps,ok,0.000611,0.0090,2686976,2.119757915900619e-31,8,1.13841228110978e-18,1.138412281109568e-18,,"{""n"": 20, ""gates"": 35, ""g2"": 10, ""g3"": 0, ""depth2"": 1, ""t_count"": 4, ""rotations"": 4, ""d"": 0, ""dense_l"": 2.0, ""redundant"": 4, ""obs_zero"": true, ""frame_l"": 5.1293, ""chi_bits"": 7, ""mps_l"": 25.5541, ""hsf_k"": 0, ""hsf_na"": 10, ""hsf_nb"": 10, ""hsf_l"": 20.0485, ""sup"": 13, ""chi_bits0"": 7, ""mps_l0"": 25.5541, ""hsf_keff"": 0, ""hsf_l0"": 20.0485, ""sparse_l"": 18.1293, ""sv_l"": 25.1293, ""feat_secs"": 0.002177, ""feat_secs_frame"": 9.1e-05, ""feat_secs_hsf"": 0.002027}"
ct,"ct:n=20,L=1,t=4,nn=0",1,"{""n"": 20.0, ""L"": 1.0, ""t"": 4.0, ""nn"": 0.0}",hsf,ok,0.032796,0.0410,19349504,8.944667923005412e-19,1,1.13841228110978e-18,2.439454888092389e-19,,"{""n"": 20, ""gates"": 35, ""g2"": 10, ""g3"": 0, ""depth2"": 1, ""t_count"": 4, ""rotations"": 4, ""d"": 0, ""dense_l"": 2.0, ""redundant"": 4, ""obs_zero"": true, ""frame_l"": 5.1293, ""chi_bits"": 7, ""mps_l"": 25.5541, ""hsf_k"": 0, ""hsf_na"": 10, ""hsf_nb"": 10, ""hsf_l"": 20.0485, ""sup"": 13, ""chi_bits0"": 7, ""mps_l0"": 25.5541, ""hsf_keff"": 0, ""hsf_l0"": 20.0485, ""sparse_l"": 18.1293, ""sv_l"": 25.1293, ""feat_secs"": 0.002177, ""feat_secs_frame"": 9.1e-05, ""feat_secs_hsf"": 0.002027}"
ct,"ct:n=20,L=1,t=4,nn=0",1,"{""n"": 20.0, ""L"": 1.0, ""t"": 4.0, ""nn"": 0.0}",tableau,na,,0.0064,1851392,,,1.13841228110978e-18,,"TooLarge { what: ""tableau (non-Clifford circuit)"", bytes: 0, limit: 0 }","{""n"": 20, ""gates"": 35, ""g2"": 10, ""g3"": 0, ""depth2"": 1, ""t_count"": 4, ""rotations"": 4, ""d"": 0, ""dense_l"": 2.0, ""redundant"": 4, ""obs_zero"": true, ""frame_l"": 5.1293, ""chi_bits"": 7, ""mps_l"": 25.5541, ""hsf_k"": 0, ""hsf_na"": 10, ""hsf_nb"": 10, ""hsf_l"": 20.0485, ""sup"": 13, ""chi_bits0"": 7, ""mps_l0"": 25.5541, ""hsf_keff"": 0, ""hsf_l0"": 20.0485, ""sparse_l"": 18.1293, ""sv_l"": 25.1293, ""feat_secs"": 0.002177, ""feat_secs_frame"": 9.1e-05, ""feat_secs_hsf"": 0.002027}"
ct,"ct:n=20,L=1,t=4,nn=0",1,"{""n"": 20.0, ""L"": 1.0, ""t"": 4.0, ""nn"": 0.0}",cstate,ok,5.1e-05,0.0078,1949696,0.0,0,1.13841228110978e-18,1.13841228110978e-18,,"{""n"": 20, ""gates"": 35, ""g2"": 10, ""g3"": 0, ""depth2"": 1, ""t_count"": 4, ""rotations"": 4, ""d"": 0, ""dense_l"": 2.0, ""redundant"": 4, ""obs_zero"": true, ""frame_l"": 5.1293, ""chi_bits"": 7, ""mps_l"": 25.5541, ""hsf_k"": 0, ""hsf_na"": 10, ""hsf_nb"": 10, ""hsf_l"": 20.0485, ""sup"": 13, ""chi_bits0"": 7, ""mps_l0"": 25.5541, ""hsf_keff"": 0, ""hsf_l0"": 20.0485, ""sparse_l"": 18.1293, ""sv_l"": 25.1293, ""feat_secs"": 0.002177, ""feat_secs_frame"": 9.1e-05, ""feat_secs_hsf"": 0.002027}"
ct,"ct:n=20,L=1,t=4,nn=0",1,"{""n"": 20.0, ""L"": 1.0, ""t"": 4.0, ""nn"": 0.0}",frame,ok,6.8e-05,0.0049,2129920,-0.0,0,1.13841228110978e-18,1.13841228110978e-18,switched_at=None dense_qubits=0 peak_terms=0 term_visits=0 dense_ops=0,"{""n"": 20, ""gates"": 35, ""g2"": 10, ""g3"": 0, ""depth2"": 1, ""t_count"": 4, ""rotations"": 4, ""d"": 0, ""dense_l"": 2.0, ""redundant"": 4, ""obs_zero"": true, ""frame_l"": 5.1293, ""chi_bits"": 7, ""mps_l"": 25.5541, ""hsf_k"": 0, ""hsf_na"": 10, ""hsf_nb"": 10, ""hsf_l"": 20.0485, ""sup"": 13, ""chi_bits0"": 7, ""mps_l0"": 25.5541, ""hsf_keff"": 0, ""hsf_l0"": 20.0485, ""sparse_l"": 18.1293, ""sv_l"": 25.1293, ""feat_secs"": 0.002177, ""feat_secs_frame"": 9.1e-05, ""feat_secs_hsf"": 0.002027}"
ct,"ct:n=20,L=1,t=4,nn=0",1,"{""n"": 20.0, ""L"": 1.0, ""t"": 4.0, ""nn"": 0.0}",dense,ok,0.000173,0.0045,2146304,0.0,0,1.13841228110978e-18,1.13841228110978e-18,switched_at=Some(4) dense_qubits=0 peak_terms=0 term_visits=0 dense_ops=4,"{""n"": 20, ""gates"": 35, ""g2"": 10, ""g3"": 0, ""depth2"": 1, ""t_count"": 4, ""rotations"": 4, ""d"": 0, ""dense_l"": 2.0, ""redundant"": 4, ""obs_zero"": true, ""frame_l"": 5.1293, ""chi_bits"": 7, ""mps_l"": 25.5541, ""hsf_k"": 0, ""hsf_na"": 10, ""hsf_nb"": 10, ""hsf_l"": 20.0485, ""sup"": 13, ""chi_bits0"": 7, ""mps_l0"": 25.5541, ""hsf_keff"": 0, ""hsf_l0"": 20.0485, ""sparse_l"": 18.1293, ""sv_l"": 25.1293, ""feat_secs"": 0.002177, ""feat_secs_frame"": 9.1e-05, ""feat_secs_hsf"": 0.002027}"
ct,"ct:n=20,L=1,t=4,nn=0",1,"{""n"": 20.0, ""L"": 1.0, ""t"": 4.0, ""nn"": 0.0}",auto,ok,7e-05,0.0057,2146304,0.0,0,1.13841228110978e-18,1.13841228110978e-18,switched_at=Some(4) dense_qubits=0 peak_terms=0 term_visits=0 dense_ops=4,"{""n"": 20, ""gates"": 35, ""g2"": 10, ""g3"": 0, ""depth2"": 1, ""t_count"": 4, ""rotations"": 4, ""d"": 0, ""dense_l"": 2.0, ""redundant"": 4, ""obs_zero"": true, ""frame_l"": 5.1293, ""chi_bits"": 7, ""mps_l"": 25.5541, ""hsf_k"": 0, ""hsf_na"": 10, ""hsf_nb"": 10, ""hsf_l"": 20.0485, ""sup"": 13, ""chi_bits0"": 7, ""mps_l0"": 25.5541, ""hsf_keff"": 0, ""hsf_l0"": 20.0485, ""sparse_l"": 18.1293, ""sv_l"": 25.1293, ""feat_secs"": 0.002177, ""feat_secs_frame"": 9.1e-05, ""feat_secs_hsf"": 0.002027}"
ct,"ct:n=20,L=1,t=8,nn=0",1,"{""n"": 20.0, ""L"": 1.0, ""t"": 8.0, ""nn"": 0.0}",sv,ok,0.023794,0.0298,19464192,1.2671714534878e-15,1048576,1.2671714534878e-15,0.0,,"{""n"": 20, ""gates"": 49, ""g2"": 10, ""g3"": 0, ""depth2"": 1, ""t_count"": 8, ""rotations"": 8, ""d"": 6, ""dense_l"": 7.0661, ""redundant"": 2, ""obs_zero"": true, ""frame_l"": 5.6147, ""chi_bits"": 8, ""mps_l"": 28.5567, ""hsf_k"": 0, ""hsf_na"": 10, ""hsf_nb"": 10, ""hsf_l"": 20.0674, ""sup"": 14, ""chi_bits0"": 8, ""mps_l0"": 28.5567, ""hsf_keff"": 0, ""hsf_l0"": 20.0674, ""sparse_l"": 19.6147, ""sv_l"": 25.6147, ""feat_secs"": 0.002099, ""feat_secs_frame"": 6e-05, ""feat_secs_hsf"": 0.002017}"
ct,"ct:n=20,L=1,t=8,nn=0",1,"{""n"": 20.0, ""L"": 1.0, ""t"": 8.0, ""nn"": 0.0}",sparse,ok,0.003229,0.0112,5799936,-1.062518129035794e-17,16384,1.2671714534878e-15,1.277796634778158e-15,,"{""n"": 20, ""gates"": 49, ""g2"": 10, ""g3"": 0, ""depth2"": 1, ""t_count"": 8, ""rotations"": 8, ""d"": 6, ""dense_l"": 7.0661, ""redundant"": 2, ""obs_zero"": true, ""frame_l"": 5.6147, ""chi_bits"": 8, ""mps_l"": 28.5567, ""hsf_k"": 0, ""hsf_na"": 10, ""hsf_nb"": 10, ""hsf_l"": 20.0674, ""sup"": 14, ""chi_bits0"": 8, ""mps_l0"": 28.5567, ""hsf_keff"": 0, ""hsf_l0"": 20.0674, ""sparse_l"": 19.6147, ""sv_l"": 25.6147, ""feat_secs"": 0.002099, ""feat_secs_frame"": 6e-05, ""feat_secs_hsf"": 0.002017}"
ct,"ct:n=20,L=1,t=8,nn=0",1,"{""n"": 20.0, ""L"": 1.0, ""t"": 8.0, ""nn"": 0.0}",mps,ok,0.001145,0.0090,3178496,2.629840789580836e-15,16,1.2671714534878e-15,1.362669336093036e-15,,"{""n"": 20, ""gates"": 49, ""g2"": 10, ""g3"": 0, ""depth2"": 1, ""t_count"": 8, ""rotations"": 8, ""d"": 6, ""dense_l"": 7.0661, ""redundant"": 2, ""obs_zero"": true, ""frame_l"": 5.6147, ""chi_bits"": 8, ""mps_l"": 28.5567, ""hsf_k"": 0, ""hsf_na"": 10, ""hsf_nb"": 10, ""hsf_l"": 20.0674, ""sup"": 14, ""chi_bits0"": 8, ""mps_l0"": 28.5567, ""hsf_keff"": 0, ""hsf_l0"": 20.0674, ""sparse_l"": 19.6147, ""sv_l"": 25.6147, ""feat_secs"": 0.002099, ""feat_secs_frame"": 6e-05, ""feat_secs_hsf"": 0.002017}"
ct,"ct:n=20,L=1,t=8,nn=0",1,"{""n"": 20.0, ""L"": 1.0, ""t"": 8.0, ""nn"": 0.0}",hsf,ok,0.014157,0.0200,19365888,1.276368537229088e-15,1,1.2671714534878e-15,9.197083741287982e-18,,"{""n"": 20, ""gates"": 49, ""g2"": 10, ""g3"": 0, ""depth2"": 1, ""t_count"": 8, ""rotations"": 8, ""d"": 6, ""dense_l"": 7.0661, ""redundant"": 2, ""obs_zero"": true, ""frame_l"": 5.6147, ""chi_bits"": 8, ""mps_l"": 28.5567, ""hsf_k"": 0, ""hsf_na"": 10, ""hsf_nb"": 10, ""hsf_l"": 20.0674, ""sup"": 14, ""chi_bits0"": 8, ""mps_l0"": 28.5567, ""hsf_keff"": 0, ""hsf_l0"": 20.0674, ""sparse_l"": 19.6147, ""sv_l"": 25.6147, ""feat_secs"": 0.002099, ""feat_secs_frame"": 6e-05, ""feat_secs_hsf"": 0.002017}"
ct,"ct:n=20,L=1,t=8,nn=0",1,"{""n"": 20.0, ""L"": 1.0, ""t"": 8.0, ""nn"": 0.0}",tableau,na,,0.0075,1851392,,,1.2671714534878e-15,,"TooLarge { what: ""tableau (non-Clifford circuit)"", bytes: 0, limit: 0 }","{""n"": 20, ""gates"": 49, ""g2"": 10, ""g3"": 0, ""depth2"": 1, ""t_count"": 8, ""rotations"": 8, ""d"": 6, ""dense_l"": 7.0661, ""redundant"": 2, ""obs_zero"": true, ""frame_l"": 5.6147, ""chi_bits"": 8, ""mps_l"": 28.5567, ""hsf_k"": 0, ""hsf_na"": 10, ""hsf_nb"": 10, ""hsf_l"": 20.0674, ""sup"": 14, ""chi_bits0"": 8, ""mps_l0"": 28.5567, ""hsf_keff"": 0, ""hsf_l0"": 20.0674, ""sparse_l"": 19.6147, ""sv_l"": 25.6147, ""feat_secs"": 0.002099, ""feat_secs_frame"": 6e-05, ""feat_secs_hsf"": 0.002017}"
ct,"ct:n=20,L=1,t=8,nn=0",1,"{""n"": 20.0, ""L"": 1.0, ""t"": 8.0, ""nn"": 0.0}",cstate,ok,6.1e-05,0.0080,1966080,0.0,6,1.2671714534878e-15,1.2671714534878e-15,,"{""n"": 20, ""gates"": 49, ""g2"": 10, ""g3"": 0, ""depth2"": 1, ""t_count"": 8, ""rotations"": 8, ""d"": 6, ""dense_l"": 7.0661, ""redundant"": 2, ""obs_zero"": true, ""frame_l"": 5.6147, ""chi_bits"": 8, ""mps_l"": 28.5567, ""hsf_k"": 0, ""hsf_na"": 10, ""hsf_nb"": 10, ""hsf_l"": 20.0674, ""sup"": 14, ""chi_bits0"": 8, ""mps_l0"": 28.5567, ""hsf_keff"": 0, ""hsf_l0"": 20.0674, ""sparse_l"": 19.6147, ""sv_l"": 25.6147, ""feat_secs"": 0.002099, ""feat_secs_frame"": 6e-05, ""feat_secs_hsf"": 0.002017}"
ct,"ct:n=20,L=1,t=8,nn=0",1,"{""n"": 20.0, ""L"": 1.0, ""t"": 8.0, ""nn"": 0.0}",frame,ok,0.000167,0.0049,2441216,-0.0,0,1.2671714534878e-15,1.2671714534878e-15,switched_at=None dense_qubits=0 peak_terms=0 term_visits=0 dense_ops=0,"{""n"": 20, ""gates"": 49, ""g2"": 10, ""g3"": 0, ""depth2"": 1, ""t_count"": 8, ""rotations"": 8, ""d"": 6, ""dense_l"": 7.0661, ""redundant"": 2, ""obs_zero"": true, ""frame_l"": 5.6147, ""chi_bits"": 8, ""mps_l"": 28.5567, ""hsf_k"": 0, ""hsf_na"": 10, ""hsf_nb"": 10, ""hsf_l"": 20.0674, ""sup"": 14, ""chi_bits0"": 8, ""mps_l0"": 28.5567, ""hsf_keff"": 0, ""hsf_l0"": 20.0674, ""sparse_l"": 19.6147, ""sv_l"": 25.6147, ""feat_secs"": 0.002099, ""feat_secs_frame"": 6e-05, ""feat_secs_hsf"": 0.002017}"
ct,"ct:n=20,L=1,t=8,nn=0",1,"{""n"": 20.0, ""L"": 1.0, ""t"": 8.0, ""nn"": 0.0}",dense,ok,8e-05,0.0066,2162688,0.0,6,1.2671714534878e-15,1.2671714534878e-15,switched_at=Some(8) dense_qubits=6 peak_terms=0 term_visits=0 dense_ops=134,"{""n"": 20, ""gates"": 49, ""g2"": 10, ""g3"": 0, ""depth2"": 1, ""t_count"": 8, ""rotations"": 8, ""d"": 6, ""dense_l"": 7.0661, ""redundant"": 2, ""obs_zero"": true, ""frame_l"": 5.6147, ""chi_bits"": 8, ""mps_l"": 28.5567, ""hsf_k"": 0, ""hsf_na"": 10, ""hsf_nb"": 10, ""hsf_l"": 20.0674, ""sup"": 14, ""chi_bits0"": 8, ""mps_l0"": 28.5567, ""hsf_keff"": 0, ""hsf_l0"": 20.0674, ""sparse_l"": 19.6147, ""sv_l"": 25.6147, ""feat_secs"": 0.002099, ""feat_secs_frame"": 6e-05, ""feat_secs_hsf"": 0.002017}"
ct,"ct:n=20,L=1,t=8,nn=0",1,"{""n"": 20.0, ""L"": 1.0, ""t"": 8.0, ""nn"": 0.0}",auto,ok,0.000247,0.0047,2441216,-0.0,0,1.2671714534878e-15,1.2671714534878e-15,switched_at=None dense_qubits=0 peak_terms=0 term_visits=0 dense_ops=0,"{""n"": 20, ""gates"": 49, ""g2"": 10, ""g3"": 0, ""depth2"": 1, ""t_count"": 8, ""rotations"": 8, ""d"": 6, ""dense_l"": 7.0661, ""redundant"": 2, ""obs_zero"": true, ""frame_l"": 5.6147, ""chi_bits"": 8, ""mps_l"": 28.5567, ""hsf_k"": 0, ""hsf_na"": 10, ""hsf_nb"": 10, ""hsf_l"": 20.0674, ""sup"": 14, ""chi_bits0"": 8, ""mps_l0"": 28.5567, ""hsf_keff"": 0, ""hsf_l0"": 20.0674, ""sparse_l"": 19.6147, ""sv_l"": 25.6147, ""feat_secs"": 0.002099, ""feat_secs_frame"": 6e-05, ""feat_secs_hsf"": 0.002017}"
ct,"ct:n=20,L=1,t=16,nn=0",1,"{""n"": 20.0, ""L"": 1.0, ""t"": 16.0, ""nn"": 0.0}",sv,ok,0.021036,0.0290,19464192,0.5000000000000298,1048576,0.5000000000000298,0.0,,"{""n"": 20, ""gates"": 58, ""g2"": 10, ""g3"": 0, ""depth2"": 1, ""t_count"": 16, ""rotations"": 16, ""d"": 8, ""dense_l"": 9.2192, ""redundant"": 8, ""obs_zero"": false, ""frame_l"": 8.0, ""chi_bits"": 5, ""mps_l"": 19.9326, ""hsf_k"": 0, ""hsf_na"": 10, ""hsf_nb"": 10, ""hsf_l"": 20.0795, ""sup"": 18, ""chi_bits0"": 5, ""mps_l0"": 19.9326, ""hsf_keff"": 0, ""hsf_l0"": 20.0795, ""sparse_l"": 23.858, ""sv_l"": 25.858, ""feat_secs"": 0.002093, ""feat_secs_frame"": 8e-05, ""feat_secs_hsf"": 0.00198}"
ct,"ct:n=20,L=1,t=16,nn=0",1,"{""n"": 20.0, ""L"": 1.0, ""t"": 16.0, ""nn"": 0.0}",sparse,ok,0.070898,0.0771,43794432,0.5000000000000001,262144,0.5000000000000298,2.964295475749168e-14,,"{""n"": 20, ""gates"": 58, ""g2"": 10, ""g3"": 0, ""depth2"": 1, ""t_count"": 16, ""rotations"": 16, ""d"": 8, ""dense_l"": 9.2192, ""redundant"": 8, ""obs_zero"": false, ""frame_l"": 8.0, ""chi_bits"": 5, ""mps_l"": 19.9326, ""hsf_k"": 0, ""hsf_na"": 10, ""hsf_nb"": 10, ""hsf_l"": 20.0795, ""sup"": 18, ""chi_bits0"": 5, ""mps_l0"": 19.9326, ""hsf_keff"": 0, ""hsf_l0"": 20.0795, ""sparse_l"": 23.858, ""sv_l"": 25.858, ""feat_secs"": 0.002093, ""feat_secs_frame"": 8e-05, ""feat_secs_hsf"": 0.00198}"
ct,"ct:n=20,L=1,t=16,nn=0",1,"{""n"": 20.0, ""L"": 1.0, ""t"": 16.0, ""nn"": 0.0}",mps,ok,0.000429,0.0077,2572288,0.5000000000000014,4,0.5000000000000298,2.8310687127941492e-14,,"{""n"": 20, ""gates"": 58, ""g2"": 10, ""g3"": 0, ""depth2"": 1, ""t_count"": 16, ""rotations"": 16, ""d"": 8, ""dense_l"": 9.2192, ""redundant"": 8, ""obs_zero"": false, ""frame_l"": 8.0, ""chi_bits"": 5, ""mps_l"": 19.9326, ""hsf_k"": 0, ""hsf_na"": 10, ""hsf_nb"": 10, ""hsf_l"": 20.0795, ""sup"": 18, ""chi_bits0"": 5, ""mps_l0"": 19.9326, ""hsf_keff"": 0, ""hsf_l0"": 20.0795, ""sparse_l"": 23.858, ""sv_l"": 25.858, ""feat_secs"": 0.002093, ""feat_secs_frame"": 8e-05, ""feat_secs_hsf"": 0.00198}"
ct,"ct:n=20,L=1,t=16,nn=0",1,"{""n"": 20.0, ""L"": 1.0, ""t"": 16.0, ""nn"": 0.0}",hsf,ok,0.013773,0.0187,19382272,0.5000000000000298,1,0.5000000000000298,0.0,,"{""n"": 20, ""gates"": 58, ""g2"": 10, ""g3"": 0, ""depth2"": 1, ""t_count"": 16, ""rotations"": 16, ""d"": 8, ""dense_l"": 9.2192, ""redundant"": 8, ""obs_zero"": false, ""frame_l"": 8.0, ""chi_bits"": 5, ""mps_l"": 19.9326, ""hsf_k"": 0, ""hsf_na"": 10, ""hsf_nb"": 10, ""hsf_l"": 20.0795, ""sup"": 18, ""chi_bits0"": 5, ""mps_l0"": 19.9326, ""hsf_keff"": 0, ""hsf_l0"": 20.0795, ""sparse_l"": 23.858, ""sv_l"": 25.858, ""feat_secs"": 0.002093, ""feat_secs_frame"": 8e-05, ""feat_secs_hsf"": 0.00198}"
ct,"ct:n=20,L=1,t=16,nn=0",1,"{""n"": 20.0, ""L"": 1.0, ""t"": 16.0, ""nn"": 0.0}",tableau,na,,0.0045,1851392,,,0.5000000000000298,,"TooLarge { what: ""tableau (non-Clifford circuit)"", bytes: 0, limit: 0 }","{""n"": 20, ""gates"": 58, ""g2"": 10, ""g3"": 0, ""depth2"": 1, ""t_count"": 16, ""rotations"": 16, ""d"": 8, ""dense_l"": 9.2192, ""redundant"": 8, ""obs_zero"": false, ""frame_l"": 8.0, ""chi_bits"": 5, ""mps_l"": 19.9326, ""hsf_k"": 0, ""hsf_na"": 10, ""hsf_nb"": 10, ""hsf_l"": 20.0795, ""sup"": 18, ""chi_bits0"": 5, ""mps_l0"": 19.9326, ""hsf_keff"": 0, ""hsf_l0"": 20.0795, ""sparse_l"": 23.858, ""sv_l"": 25.858, ""feat_secs"": 0.002093, ""feat_secs_frame"": 8e-05, ""feat_secs_hsf"": 0.00198}"
ct,"ct:n=20,L=1,t=16,nn=0",1,"{""n"": 20.0, ""L"": 1.0, ""t"": 16.0, ""nn"": 0.0}",cstate,ok,6.4e-05,0.0045,1949696,0.5000000000000002,8,0.5000000000000298,2.9531932455029164e-14,,"{""n"": 20, ""gates"": 58, ""g2"": 10, ""g3"": 0, ""depth2"": 1, ""t_count"": 16, ""rotations"": 16, ""d"": 8, ""dense_l"": 9.2192, ""redundant"": 8, ""obs_zero"": false, ""frame_l"": 8.0, ""chi_bits"": 5, ""mps_l"": 19.9326, ""hsf_k"": 0, ""hsf_na"": 10, ""hsf_nb"": 10, ""hsf_l"": 20.0795, ""sup"": 18, ""chi_bits0"": 5, ""mps_l0"": 19.9326, ""hsf_keff"": 0, ""hsf_l0"": 20.0795, ""sparse_l"": 23.858, ""sv_l"": 25.858, ""feat_secs"": 0.002093, ""feat_secs_frame"": 8e-05, ""feat_secs_hsf"": 0.00198}"
ct,"ct:n=20,L=1,t=16,nn=0",1,"{""n"": 20.0, ""L"": 1.0, ""t"": 16.0, ""nn"": 0.0}",frame,ok,0.000649,0.0045,2457600,0.4999999999999999,1,0.5000000000000298,2.986499936241671e-14,switched_at=None dense_qubits=0 peak_terms=1 term_visits=16 dense_ops=0,"{""n"": 20, ""gates"": 58, ""g2"": 10, ""g3"": 0, ""depth2"": 1, ""t_count"": 16, ""rotations"": 16, ""d"": 8, ""dense_l"": 9.2192, ""redundant"": 8, ""obs_zero"": false, ""frame_l"": 8.0, ""chi_bits"": 5, ""mps_l"": 19.9326, ""hsf_k"": 0, ""hsf_na"": 10, ""hsf_nb"": 10, ""hsf_l"": 20.0795, ""sup"": 18, ""chi_bits0"": 5, ""mps_l0"": 19.9326, ""hsf_keff"": 0, ""hsf_l0"": 20.0795, ""sparse_l"": 23.858, ""sv_l"": 25.858, ""feat_secs"": 0.002093, ""feat_secs_frame"": 8e-05, ""feat_secs_hsf"": 0.00198}"
ct,"ct:n=20,L=1,t=16,nn=0",1,"{""n"": 20.0, ""L"": 1.0, ""t"": 16.0, ""nn"": 0.0}",dense,ok,8.8e-05,0.0043,2179072,0.5000000000000002,8,0.5000000000000298,2.9531932455029164e-14,switched_at=Some(16) dense_qubits=8 peak_terms=1 term_visits=0 dense_ops=852,"{""n"": 20, ""gates"": 58, ""g2"": 10, ""g3"": 0, ""depth2"": 1, ""t_count"": 16, ""rotations"": 16, ""d"": 8, ""dense_l"": 9.2192, ""redundant"": 8, ""obs_zero"": false, ""frame_l"": 8.0, ""chi_bits"": 5, ""mps_l"": 19.9326, ""hsf_k"": 0, ""hsf_na"": 10, ""hsf_nb"": 10, ""hsf_l"": 20.0795, ""sup"": 18, ""chi_bits0"": 5, ""mps_l0"": 19.9326, ""hsf_keff"": 0, ""hsf_l0"": 20.0795, ""sparse_l"": 23.858, ""sv_l"": 25.858, ""feat_secs"": 0.002093, ""feat_secs_frame"": 8e-05, ""feat_secs_hsf"": 0.00198}"
ct,"ct:n=20,L=1,t=16,nn=0",1,"{""n"": 20.0, ""L"": 1.0, ""t"": 16.0, ""nn"": 0.0}",auto,ok,0.000507,0.0045,2473984,0.5,5,0.5000000000000298,2.9753977059954195e-14,switched_at=Some(13) dense_qubits=5 peak_terms=1 term_visits=3 dense_ops=180,"{""n"": 20, ""gates"": 58, ""g2"": 10, ""g3"": 0, ""depth2"": 1, ""t_count"": 16, ""rotations"": 16, ""d"": 8, ""dense_l"": 9.2192, ""redundant"": 8, ""obs_zero"": false, ""frame_l"": 8.0, ""chi_bits"": 5, ""mps_l"": 19.9326, ""hsf_k"": 0, ""hsf_na"": 10, ""hsf_nb"": 10, ""hsf_l"": 20.0795, ""sup"": 18, ""chi_bits0"": 5, ""mps_l0"": 19.9326, ""hsf_keff"": 0, ""hsf_l0"": 20.0795, ""sparse_l"": 23.858, ""sv_l"": 25.858, ""feat_secs"": 0.002093, ""feat_secs_frame"": 8e-05, ""feat_secs_hsf"": 0.00198}"
ct,"ct:n=20,L=1,t=24,nn=0",1,"{""n"": 20.0, ""L"": 1.0, ""t"": 24.0, ""nn"": 0.0}",sv,ok,0.021693,0.0256,19513344,-1.010056349354211e-16,1048576,-1.010056349354211e-16,0.0,,"{""n"": 20, ""gates"": 78, ""g2"": 10, ""g3"": 0, ""depth2"": 1, ""t_count"": 24, ""rotations"": 24, ""d"": 12, ""dense_l"": 14.1566, ""redundant"": 12, ""obs_zero"": true, ""frame_l"": 6.2854, ""chi_bits"": 6, ""mps_l"": 22.4938, ""hsf_k"": 0, ""hsf_na"": 10, ""hsf_nb"": 10, ""hsf_l"": 20.1059, ""sup"": 19, ""chi_bits0"": 6, ""mps_l0"": 22.4938, ""hsf_keff"": 0, ""hsf_l0"": 20.1059, ""sparse_l"": 25.2854, ""sv_l"": 26.2854, ""feat_secs"": 0.001977, ""feat_secs_frame"": 8.3e-05, ""feat_secs_hsf"": 0.001864}"
ct,"ct:n=20,L=1,t=24,nn=0",1,"{""n"": 20.0, ""L"": 1.0, ""t"": 24.0, ""nn"": 0.0}",sparse,ok,0.216747,0.2235,111689728,5.38916242361076e-17,524288,-1.010056349354211e-16,1.548972591715287e-16,,"{""n"": 20, ""gates"": 78, ""g2"": 10, ""g3"": 0, ""depth2"": 1, ""t_count"": 24, ""rotations"": 24, ""d"": 12, ""dense_l"": 14.1566, ""redundant"": 12, ""obs_zero"": true, ""frame_l"": 6.2854, ""chi_bits"": 6, ""mps_l"": 22.4938, ""hsf_k"": 0, ""hsf_na"": 10, ""hsf_nb"": 10, ""hsf_l"": 20.1059, ""sup"": 19, ""chi_bits0"": 6, ""mps_l0"": 22.4938, ""hsf_keff"": 0, ""hsf_l0"": 20.1059, ""sparse_l"": 25.2854, ""sv_l"": 26.2854, ""feat_secs"": 0.001977, ""feat_secs_frame"": 8.3e-05, ""feat_secs_hsf"": 0.001864}"
ct,"ct:n=20,L=1,t=24,nn=0",1,"{""n"": 20.0, ""L"": 1.0, ""t"": 24.0, ""nn"": 0.0}",mps,ok,0.000739,0.0066,2867200,3.100720772120291e-16,16,-1.010056349354211e-16,4.1107771214745016e-16,,"{""n"": 20, ""gates"": 78, ""g2"": 10, ""g3"": 0, ""depth2"": 1, ""t_count"": 24, ""rotations"": 24, ""d"": 12, ""dense_l"": 14.1566, ""redundant"": 12, ""obs_zero"": true, ""frame_l"": 6.2854, ""chi_bits"": 6, ""mps_l"": 22.4938, ""hsf_k"": 0, ""hsf_na"": 10, ""hsf_nb"": 10, ""hsf_l"": 20.1059, ""sup"": 19, ""chi_bits0"": 6, ""mps_l0"": 22.4938, ""hsf_keff"": 0, ""hsf_l0"": 20.1059, ""sparse_l"": 25.2854, ""sv_l"": 26.2854, ""feat_secs"": 0.001977, ""feat_secs_frame"": 8.3e-05, ""feat_secs_hsf"": 0.001864}"
ct,"ct:n=20,L=1,t=24,nn=0",1,"{""n"": 20.0, ""L"": 1.0, ""t"": 24.0, ""nn"": 0.0}",hsf,ok,0.013098,0.0186,19365888,-1.676075708802307e-16,1,-1.010056349354211e-16,6.66019359448096e-17,,"{""n"": 20, ""gates"": 78, ""g2"": 10, ""g3"": 0, ""depth2"": 1, ""t_count"": 24, ""rotations"": 24, ""d"": 12, ""dense_l"": 14.1566, ""redundant"": 12, ""obs_zero"": true, ""frame_l"": 6.2854, ""chi_bits"": 6, ""mps_l"": 22.4938, ""hsf_k"": 0, ""hsf_na"": 10, ""hsf_nb"": 10, ""hsf_l"": 20.1059, ""sup"": 19, ""chi_bits0"": 6, ""mps_l0"": 22.4938, ""hsf_keff"": 0, ""hsf_l0"": 20.1059, ""sparse_l"": 25.2854, ""sv_l"": 26.2854, ""feat_secs"": 0.001977, ""feat_secs_frame"": 8.3e-05, ""feat_secs_hsf"": 0.001864}"
ct,"ct:n=20,L=1,t=24,nn=0",1,"{""n"": 20.0, ""L"": 1.0, ""t"": 24.0, ""nn"": 0.0}",tableau,na,,0.0047,1851392,,,-1.010056349354211e-16,,"TooLarge { what: ""tableau (non-Clifford circuit)"", bytes: 0, limit: 0 }","{""n"": 20, ""gates"": 78, ""g2"": 10, ""g3"": 0, ""depth2"": 1, ""t_count"": 24, ""rotations"": 24, ""d"": 12, ""dense_l"": 14.1566, ""redundant"": 12, ""obs_zero"": true, ""frame_l"": 6.2854, ""chi_bits"": 6, ""mps_l"": 22.4938, ""hsf_k"": 0, ""hsf_na"": 10, ""hsf_nb"": 10, ""hsf_l"": 20.1059, ""sup"": 19, ""chi_bits0"": 6, ""mps_l0"": 22.4938, ""hsf_keff"": 0, ""hsf_l0"": 20.1059, ""sparse_l"": 25.2854, ""sv_l"": 26.2854, ""feat_secs"": 0.001977, ""feat_secs_frame"": 8.3e-05, ""feat_secs_hsf"": 0.001864}"
ct,"ct:n=20,L=1,t=24,nn=0",1,"{""n"": 20.0, ""L"": 1.0, ""t"": 24.0, ""nn"": 0.0}",cstate,ok,0.000109,0.0044,2031616,0.0,12,-1.010056349354211e-16,1.010056349354211e-16,,"{""n"": 20, ""gates"": 78, ""g2"": 10, ""g3"": 0, ""depth2"": 1, ""t_count"": 24, ""rotations"": 24, ""d"": 12, ""dense_l"": 14.1566, ""redundant"": 12, ""obs_zero"": true, ""frame_l"": 6.2854, ""chi_bits"": 6, ""mps_l"": 22.4938, ""hsf_k"": 0, ""hsf_na"": 10, ""hsf_nb"": 10, ""hsf_l"": 20.1059, ""sup"": 19, ""chi_bits0"": 6, ""mps_l0"": 22.4938, ""hsf_keff"": 0, ""hsf_l0"": 20.1059, ""sparse_l"": 25.2854, ""sv_l"": 26.2854, ""feat_secs"": 0.001977, ""feat_secs_frame"": 8.3e-05, ""feat_secs_hsf"": 0.001864}"
ct,"ct:n=20,L=1,t=24,nn=0",1,"{""n"": 20.0, ""L"": 1.0, ""t"": 24.0, ""nn"": 0.0}",frame,ok,0.000223,0.0044,2457600,-0.0,0,-1.010056349354211e-16,1.010056349354211e-16,switched_at=None dense_qubits=0 peak_terms=0 term_visits=0 dense_ops=0,"{""n"": 20, ""gates"": 78, ""g2"": 10, ""g3"": 0, ""depth2"": 1, ""t_count"": 24, ""rotations"": 24, ""d"": 12, ""dense_l"": 14.1566, ""redundant"": 12, ""obs_zero"": true, ""frame_l"": 6.2854, ""chi_bits"": 6, ""mps_l"": 22.4938, ""hsf_k"": 0, ""hsf_na"": 10, ""hsf_nb"": 10, ""hsf_l"": 20.1059, ""sup"": 19, ""chi_bits0"": 6, ""mps_l0"": 22.4938, ""hsf_keff"": 0, ""hsf_l0"": 20.1059, ""sparse_l"": 25.2854, ""sv_l"": 26.2854, ""feat_secs"": 0.001977, ""feat_secs_frame"": 8.3e-05, ""feat_secs_hsf"": 0.001864}"
ct,"ct:n=20,L=1,t=24,nn=0",1,"{""n"": 20.0, ""L"": 1.0, ""t"": 24.0, ""nn"": 0.0}",dense,ok,0.0002,0.0039,2260992,0.0,12,-1.010056349354211e-16,1.010056349354211e-16,switched_at=Some(24) dense_qubits=12 peak_terms=0 term_visits=0 dense_ops=18262,"{""n"": 20, ""gates"": 78, ""g2"": 10, ""g3"": 0, ""depth2"": 1, ""t_count"": 24, ""rotations"": 24, ""d"": 12, ""dense_l"": 14.1566, ""redundant"": 12, ""obs_zero"": true, ""frame_l"": 6.2854, ""chi_bits"": 6, ""mps_l"": 22.4938, ""hsf_k"": 0, ""hsf_na"": 10, ""hsf_nb"": 10, ""hsf_l"": 20.1059, ""sup"": 19, ""chi_bits0"": 6, ""mps_l0"": 22.4938, ""hsf_keff"": 0, ""hsf_l0"": 20.1059, ""sparse_l"": 25.2854, ""sv_l"": 26.2854, ""feat_secs"": 0.001977, ""feat_secs_frame"": 8.3e-05, ""feat_secs_hsf"": 0.001864}"
ct,"ct:n=20,L=1,t=24,nn=0",1,"{""n"": 20.0, ""L"": 1.0, ""t"": 24.0, ""nn"": 0.0}",auto,ok,0.000208,0.0042,2457600,-0.0,0,-1.010056349354211e-16,1.010056349354211e-16,switched_at=None dense_qubits=0 peak_terms=0 term_visits=0 dense_ops=0,"{""n"": 20, ""gates"": 78, ""g2"": 10, ""g3"": 0, ""depth2"": 1, ""t_count"": 24, ""rotations"": 24, ""d"": 12, ""dense_l"": 14.1566, ""redundant"": 12, ""obs_zero"": true, ""frame_l"": 6.2854, ""chi_bits"": 6, ""mps_l"": 22.4938, ""hsf_k"": 0, ""hsf_na"": 10, ""hsf_nb"": 10, ""hsf_l"": 20.1059, ""sup"": 19, ""chi_bits0"": 6, ""mps_l0"": 22.4938, ""hsf_keff"": 0, ""hsf_l0"": 20.1059, ""sparse_l"": 25.2854, ""sv_l"": 26.2854, ""feat_secs"": 0.001977, ""feat_secs_frame"": 8.3e-05, ""feat_secs_hsf"": 0.001864}"
ct,"ct:n=20,L=1,t=32,nn=0",1,"{""n"": 20.0, ""L"": 1.0, ""t"": 32.0, ""nn"": 0.0}",sv,ok,0.021224,0.0273,19595264,0.07322330470336885,1048576,0.07322330470336885,0.0,,"{""n"": 20, ""gates"": 93, ""g2"": 10, ""g3"": 0, ""depth2"": 1, ""t_count"": 32, ""rotations"": 32, ""d"": 12, ""dense_l"": 14.5166, ""redundant"": 20, ""obs_zero"": false, ""frame_l"": 15.0, ""chi_bits"": 7, ""mps_l"": 27.0644, ""hsf_k"": 0, ""hsf_na"": 10, ""hsf_nb"": 10, ""hsf_l"": 20.1254, ""sup"": 16, ""chi_bits0"": 7, ""mps_l0"": 27.0644, ""hsf_keff"": 0, ""hsf_l0"": 20.1254, ""sparse_l"": 22.5392, ""sv_l"": 26.5392, ""feat_secs"": 0.001987, ""feat_secs_frame"": 8.9e-05, ""feat_secs_hsf"": 0.001863}"
ct,"ct:n=20,L=1,t=32,nn=0",1,"{""n"": 20.0, ""L"": 1.0, ""t"": 32.0, ""nn"": 0.0}",sparse,ok,0.018715,0.0236,19300352,0.07322330470336465,65536,0.07322330470336885,4.2049697057677804e-15,,"{""n"": 20, ""gates"": 93, ""g2"": 10, ""g3"": 0, ""depth2"": 1, ""t_count"": 32, ""rotations"": 32, ""d"": 12, ""dense_l"": 14.5166, ""redundant"": 20, ""obs_zero"": false, ""frame_l"": 15.0, ""chi_bits"": 7, ""mps_l"": 27.0644, ""hsf_k"": 0, ""hsf_na"": 10, ""hsf_nb"": 10, ""hsf_l"": 20.1254, ""sup"": 16, ""chi_bits0"": 7, ""mps_l0"": 27.0644, ""hsf_keff"": 0, ""hsf_l0"": 20.1254, ""sparse_l"": 22.5392, ""sv_l"": 26.5392, ""feat_secs"": 0.001987, ""feat_secs_frame"": 8.9e-05, ""feat_secs_hsf"": 0.001863}"
ct,"ct:n=20,L=1,t=32,nn=0",1,"{""n"": 20.0, ""L"": 1.0, ""t"": 32.0, ""nn"": 0.0}",mps,ok,0.001743,0.0077,3194880,0.07322330470336158,16,0.07322330470336885,7.271960811294775e-15,,"{""n"": 20, ""gates"": 93, ""g2"": 10, ""g3"": 0, ""depth2"": 1, ""t_count"": 32, ""rotations"": 32, ""d"": 12, ""dense_l"": 14.5166, ""redundant"": 20, ""obs_zero"": false, ""frame_l"": 15.0, ""chi_bits"": 7, ""mps_l"": 27.0644, ""hsf_k"": 0, ""hsf_na"": 10, ""hsf_nb"": 10, ""hsf_l"": 20.1254, ""sup"": 16, ""chi_bits0"": 7, ""mps_l0"": 27.0644, ""hsf_keff"": 0, ""hsf_l0"": 20.1254, ""sparse_l"": 22.5392, ""sv_l"": 26.5392, ""feat_secs"": 0.001987, ""feat_secs_frame"": 8.9e-05, ""feat_secs_hsf"": 0.001863}"
ct,"ct:n=20,L=1,t=32,nn=0",1,"{""n"": 20.0, ""L"": 1.0, ""t"": 32.0, ""nn"": 0.0}",hsf,ok,0.012502,0.0184,19365888,0.07322330470336869,1,0.07322330470336885,1.6653345369377348e-16,,"{""n"": 20, ""gates"": 93, ""g2"": 10, ""g3"": 0, ""depth2"": 1, ""t_count"": 32, ""rotations"": 32, ""d"": 12, ""dense_l"": 14.5166, ""redundant"": 20, ""obs_zero"": false, ""frame_l"": 15.0, ""chi_bits"": 7, ""mps_l"": 27.0644, ""hsf_k"": 0, ""hsf_na"": 10, ""hsf_nb"": 10, ""hsf_l"": 20.1254, ""sup"": 16, ""chi_bits0"": 7, ""mps_l0"": 27.0644, ""hsf_keff"": 0, ""hsf_l0"": 20.1254, ""sparse_l"": 22.5392, ""sv_l"": 26.5392, ""feat_secs"": 0.001987, ""feat_secs_frame"": 8.9e-05, ""feat_secs_hsf"": 0.001863}"
ct,"ct:n=20,L=1,t=32,nn=0",1,"{""n"": 20.0, ""L"": 1.0, ""t"": 32.0, ""nn"": 0.0}",tableau,na,,0.0047,1851392,,,0.07322330470336885,,"TooLarge { what: ""tableau (non-Clifford circuit)"", bytes: 0, limit: 0 }","{""n"": 20, ""gates"": 93, ""g2"": 10, ""g3"": 0, ""depth2"": 1, ""t_count"": 32, ""rotations"": 32, ""d"": 12, ""dense_l"": 14.5166, ""redundant"": 20, ""obs_zero"": false, ""frame_l"": 15.0, ""chi_bits"": 7, ""mps_l"": 27.0644, ""hsf_k"": 0, ""hsf_na"": 10, ""hsf_nb"": 10, ""hsf_l"": 20.1254, ""sup"": 16, ""chi_bits0"": 7, ""mps_l0"": 27.0644, ""hsf_keff"": 0, ""hsf_l0"": 20.1254, ""sparse_l"": 22.5392, ""sv_l"": 26.5392, ""feat_secs"": 0.001987, ""feat_secs_frame"": 8.9e-05, ""feat_secs_hsf"": 0.001863}"
ct,"ct:n=20,L=1,t=32,nn=0",1,"{""n"": 20.0, ""L"": 1.0, ""t"": 32.0, ""nn"": 0.0}",cstate,ok,0.000128,0.0046,2064384,0.07322330470336277,12,0.07322330470336885,6.078471059822732e-15,,"{""n"": 20, ""gates"": 93, ""g2"": 10, ""g3"": 0, ""depth2"": 1, ""t_count"": 32, ""rotations"": 32, ""d"": 12, ""dense_l"": 14.5166, ""redundant"": 20, ""obs_zero"": false, ""frame_l"": 15.0, ""chi_bits"": 7, ""mps_l"": 27.0644, ""hsf_k"": 0, ""hsf_na"": 10, ""hsf_nb"": 10, ""hsf_l"": 20.1254, ""sup"": 16, ""chi_bits0"": 7, ""mps_l0"": 27.0644, ""hsf_keff"": 0, ""hsf_l0"": 20.1254, ""sparse_l"": 22.5392, ""sv_l"": 26.5392, ""feat_secs"": 0.001987, ""feat_secs_frame"": 8.9e-05, ""feat_secs_hsf"": 0.001863}"
ct,"ct:n=20,L=1,t=32,nn=0",1,"{""n"": 20.0, ""L"": 1.0, ""t"": 32.0, ""nn"": 0.0}",frame,ok,0.000712,0.0075,2506752,0.07322330470336316,3,0.07322330470336885,5.689893001203927e-15,switched_at=None dense_qubits=0 peak_terms=3 term_visits=36 dense_ops=0,"{""n"": 20, ""gates"": 93, ""g2"": 10, ""g3"": 0, ""depth2"": 1, ""t_count"": 32, ""rotations"": 32, ""d"": 12, ""dense_l"": 14.5166, ""redundant"": 20, ""obs_zero"": false, ""frame_l"": 15.0, ""chi_bits"": 7, ""mps_l"": 27.0644, ""hsf_k"": 0, ""hsf_na"": 10, ""hsf_nb"": 10, ""hsf_l"": 20.1254, ""sup"": 16, ""chi_bits0"": 7, ""mps_l0"": 27.0644, ""hsf_keff"": 0, ""hsf_l0"": 20.1254, ""sparse_l"": 22.5392, ""sv_l"": 26.5392, ""feat_secs"": 0.001987, ""feat_secs_frame"": 8.9e-05, ""feat_secs_hsf"": 0.001863}"
ct,"ct:n=20,L=1,t=32,nn=0",1,"{""n"": 20.0, ""L"": 1.0, ""t"": 32.0, ""nn"": 0.0}",dense,ok,0.000142,0.0045,2277376,0.07322330470336277,12,0.07322330470336885,6.078471059822732e-15,switched_at=Some(32) dense_qubits=12 peak_terms=1 term_visits=0 dense_ops=27534,"{""n"": 20, ""gates"": 93, ""g2"": 10, ""g3"": 0, ""depth2"": 1, ""t_count"": 32, ""rotations"": 32, ""d"": 12, ""dense_l"": 14.5166, ""redundant"": 20, ""obs_zero"": false, ""frame_l"": 15.0, ""chi_bits"": 7, ""mps_l"": 27.0644, ""hsf_k"": 0, ""hsf_na"": 10, ""hsf_nb"": 10, ""hsf_l"": 20.1254, ""sup"": 16, ""chi_bits0"": 7, ""mps_l0"": 27.0644, ""hsf_keff"": 0, ""hsf_l0"": 20.1254, ""sparse_l"": 22.5392, ""sv_l"": 26.5392, ""feat_secs"": 0.001987, ""feat_secs_frame"": 8.9e-05, ""feat_secs_hsf"": 0.001863}"
ct,"ct:n=20,L=1,t=32,nn=0",1,"{""n"": 20.0, ""L"": 1.0, ""t"": 32.0, ""nn"": 0.0}",auto,ok,0.000363,0.0063,2523136,0.07322330470336312,4,0.07322330470336885,5.731526364627371e-15,switched_at=Some(10) dense_qubits=4 peak_terms=3 term_visits=26 dense_ops=94,"{""n"": 20, ""gates"": 93, ""g2"": 10, ""g3"": 0, ""depth2"": 1, ""t_count"": 32, ""rotations"": 32, ""d"": 12, ""dense_l"": 14.5166, ""redundant"": 20, ""obs_zero"": false, ""frame_l"": 15.0, ""chi_bits"": 7, ""mps_l"": 27.0644, ""hsf_k"": 0, ""hsf_na"": 10, ""hsf_nb"": 10, ""hsf_l"": 20.1254, ""sup"": 16, ""chi_bits0"": 7, ""mps_l0"": 27.0644, ""hsf_keff"": 0, ""hsf_l0"": 20.1254, ""sparse_l"": 22.5392, ""sv_l"": 26.5392, ""feat_secs"": 0.001987, ""feat_secs_frame"": 8.9e-05, ""feat_secs_hsf"": 0.001863}"
ct,"ct:n=20,L=2,t=0,nn=0",1,"{""n"": 20.0, ""L"": 2.0, ""t"": 0.0, ""nn"": 0.0}",sv,ok,0.028942,0.0344,19578880,0.0,1048576,0.0,0.0,,"{""n"": 20, ""gates"": 58, ""g2"": 20, ""g3"": 0, ""depth2"": 2, ""t_count"": 0, ""rotations"": 0, ""d"": 0, ""dense_l"": 0.0, ""redundant"": 0, ""obs_zero"": true, ""frame_l"": 5.858, ""chi_bits"": 9, ""mps_l"": 32.5155, ""hsf_k"": 2, ""hsf_na"": 10, ""hsf_nb"": 10, ""hsf_l"": 22.0795, ""sup"": 14, ""chi_bits0"": 9, ""mps_l0"": 32.5155, ""hsf_keff"": 2, ""hsf_l0"": 22.0795, ""sparse_l"": 19.858, ""sv_l"": 25.858, ""feat_secs"": 0.003154, ""feat_secs_frame"": 7.1e-05, ""feat_secs_hsf"": 0.003058}"
ct,"ct:n=20,L=2,t=0,nn=0",1,"{""n"": 20.0, ""L"": 2.0, ""t"": 0.0, ""nn"": 0.0}",sparse,ok,0.003797,0.0105,6258688,-8.673617379884035e-19,16384,0.0,8.673617379884035e-19,,"{""n"": 20, ""gates"": 58, ""g2"": 20, ""g3"": 0, ""depth2"": 2, ""t_count"": 0, ""rotations"": 0, ""d"": 0, ""dense_l"": 0.0, ""redundant"": 0, ""obs_zero"": true, ""frame_l"": 5.858, ""chi_bits"": 9, ""mps_l"": 32.5155, ""hsf_k"": 2, ""hsf_na"": 10, ""hsf_nb"": 10, ""hsf_l"": 22.0795, ""sup"": 14, ""chi_bits0"": 9, ""mps_l0"": 32.5155, ""hsf_keff"": 2, ""hsf_l0"": 22.0795, ""sparse_l"": 19.858, ""sv_l"": 25.858, ""feat_secs"": 0.003154, ""feat_secs_frame"": 7.1e-05, ""feat_secs_hsf"": 0.003058}"
ct,"ct:n=20,L=2,t=0,nn=0",1,"{""n"": 20.0, ""L"": 2.0, ""t"": 0.0, ""nn"": 0.0}",mps,ok,0.03539,0.0415,5832704,7.671182597873366e-15,64,0.0,7.671182597873366e-15,,"{""n"": 20, ""gates"": 58, ""g2"": 20, ""g3"": 0, ""depth2"": 2, ""t_count"": 0, ""rotations"": 0, ""d"": 0, ""dense_l"": 0.0, ""redundant"": 0, ""obs_zero"": true, ""frame_l"": 5.858, ""chi_bits"": 9, ""mps_l"": 32.5155, ""hsf_k"": 2, ""hsf_na"": 10, ""hsf_nb"": 10, ""hsf_l"": 22.0795, ""sup"": 14, ""chi_bits0"": 9, ""mps_l0"": 32.5155, ""hsf_keff"": 2, ""hsf_l0"": 22.0795, ""sparse_l"": 19.858, ""sv_l"": 25.858, ""feat_secs"": 0.003154, ""feat_secs_frame"": 7.1e-05, ""feat_secs_hsf"": 0.003058}"
ct,"ct:n=20,L=2,t=0,nn=0",1,"{""n"": 20.0, ""L"": 2.0, ""t"": 0.0, ""nn"": 0.0}",hsf,ok,0.014048,0.0192,19677184,-5.934729841099874e-67,4,0.0,5.934729841099874e-67,,"{""n"": 20, ""gates"": 58, ""g2"": 20, ""g3"": 0, ""depth2"": 2, ""t_count"": 0, ""rotations"": 0, ""d"": 0, ""dense_l"": 0.0, ""redundant"": 0, ""obs_zero"": true, ""frame_l"": 5.858, ""chi_bits"": 9, ""mps_l"": 32.5155, ""hsf_k"": 2, ""hsf_na"": 10, ""hsf_nb"": 10, ""hsf_l"": 22.0795, ""sup"": 14, ""chi_bits0"": 9, ""mps_l0"": 32.5155, ""hsf_keff"": 2, ""hsf_l0"": 22.0795, ""sparse_l"": 19.858, ""sv_l"": 25.858, ""feat_secs"": 0.003154, ""feat_secs_frame"": 7.1e-05, ""feat_secs_hsf"": 0.003058}"
ct,"ct:n=20,L=2,t=0,nn=0",1,"{""n"": 20.0, ""L"": 2.0, ""t"": 0.0, ""nn"": 0.0}",tableau,ok,4.5e-05,0.0048,2031616,-0.0,0,0.0,0.0,value recomputed after the C-vs-C† fix (timing from the original run),"{""n"": 20, ""gates"": 58, ""g2"": 20, ""g3"": 0, ""depth2"": 2, ""t_count"": 0, ""rotations"": 0, ""d"": 0, ""dense_l"": 0.0, ""redundant"": 0, ""obs_zero"": true, ""frame_l"": 5.858, ""chi_bits"": 9, ""mps_l"": 32.5155, ""hsf_k"": 2, ""hsf_na"": 10, ""hsf_nb"": 10, ""hsf_l"": 22.0795, ""sup"": 14, ""chi_bits0"": 9, ""mps_l0"": 32.5155, ""hsf_keff"": 2, ""hsf_l0"": 22.0795, ""sparse_l"": 19.858, ""sv_l"": 25.858, ""feat_secs"": 0.003154, ""feat_secs_frame"": 7.1e-05, ""feat_secs_hsf"": 0.003058}"
ct,"ct:n=20,L=2,t=0,nn=0",1,"{""n"": 20.0, ""L"": 2.0, ""t"": 0.0, ""nn"": 0.0}",cstate,ok,6.9e-05,0.0044,1982464,0.0,0,0.0,0.0,,"{""n"": 20, ""gates"": 58, ""g2"": 20, ""g3"": 0, ""depth2"": 2, ""t_count"": 0, ""rotations"": 0, ""d"": 0, ""dense_l"": 0.0, ""redundant"": 0, ""obs_zero"": true, ""frame_l"": 5.858, ""chi_bits"": 9, ""mps_l"": 32.5155, ""hsf_k"": 2, ""hsf_na"": 10, ""hsf_nb"": 10, ""hsf_l"": 22.0795, ""sup"": 14, ""chi_bits0"": 9, ""mps_l0"": 32.5155, ""hsf_keff"": 2, ""hsf_l0"": 22.0795, ""sparse_l"": 19.858, ""sv_l"": 25.858, ""feat_secs"": 0.003154, ""feat_secs_frame"": 7.1e-05, ""feat_secs_hsf"": 0.003058}"
ct,"ct:n=20,L=2,t=0,nn=0",1,"{""n"": 20.0, ""L"": 2.0, ""t"": 0.0, ""nn"": 0.0}",frame,ok,9e-05,0.0040,2146304,-0.0,0,0.0,0.0,switched_at=None dense_qubits=0 peak_terms=0 term_visits=0 dense_ops=0,"{""n"": 20, ""gates"": 58, ""g2"": 20, ""g3"": 0, ""depth2"": 2, ""t_count"": 0, ""rotations"": 0, ""d"": 0, ""dense_l"": 0.0, ""redundant"": 0, ""obs_zero"": true, ""frame_l"": 5.858, ""chi_bits"": 9, ""mps_l"": 32.5155, ""hsf_k"": 2, ""hsf_na"": 10, ""hsf_nb"": 10, ""hsf_l"": 22.0795, ""sup"": 14, ""chi_bits0"": 9, ""mps_l0"": 32.5155, ""hsf_keff"": 2, ""hsf_l0"": 22.0795, ""sparse_l"": 19.858, ""sv_l"": 25.858, ""feat_secs"": 0.003154, ""feat_secs_frame"": 7.1e-05, ""feat_secs_hsf"": 0.003058}"
ct,"ct:n=20,L=2,t=0,nn=0",1,"{""n"": 20.0, ""L"": 2.0, ""t"": 0.0, ""nn"": 0.0}",dense,ok,9.3e-05,0.0045,2146304,-0.0,0,0.0,0.0,switched_at=None dense_qubits=0 peak_terms=0 term_visits=0 dense_ops=0,"{""n"": 20, ""gates"": 58, ""g2"": 20, ""g3"": 0, ""depth2"": 2, ""t_count"": 0, ""rotations"": 0, ""d"": 0, ""dense_l"": 0.0, ""redundant"": 0, ""obs_zero"": true, ""frame_l"": 5.858, ""chi_bits"": 9, ""mps_l"": 32.5155, ""hsf_k"": 2, ""hsf_na"": 10, ""hsf_nb"": 10, ""hsf_l"": 22.0795, ""sup"": 14, ""chi_bits0"": 9, ""mps_l0"": 32.5155, ""hsf_keff"": 2, ""hsf_l0"": 22.0795, ""sparse_l"": 19.858, ""sv_l"": 25.858, ""feat_secs"": 0.003154, ""feat_secs_frame"": 7.1e-05, ""feat_secs_hsf"": 0.003058}"
ct,"ct:n=20,L=2,t=0,nn=0",1,"{""n"": 20.0, ""L"": 2.0, ""t"": 0.0, ""nn"": 0.0}",auto,ok,9e-05,0.0043,2146304,-0.0,0,0.0,0.0,switched_at=None dense_qubits=0 peak_terms=0 term_visits=0 dense_ops=0,"{""n"": 20, ""gates"": 58, ""g2"": 20, ""g3"": 0, ""depth2"": 2, ""t_count"": 0, ""rotations"": 0, ""d"": 0, ""dense_l"": 0.0, ""redundant"": 0, ""obs_zero"": true, ""frame_l"": 5.858, ""chi_bits"": 9, ""mps_l"": 32.5155, ""hsf_k"": 2, ""hsf_na"": 10, ""hsf_nb"": 10, ""hsf_l"": 22.0795, ""sup"": 14, ""chi_bits0"": 9, ""mps_l0"": 32.5155, ""hsf_keff"": 2, ""hsf_l0"": 22.0795, ""sparse_l"": 19.858, ""sv_l"": 25.858, ""feat_secs"": 0.003154, ""feat_secs_frame"": 7.1e-05, ""feat_secs_hsf"": 0.003058}"
ct,"ct:n=20,L=2,t=4,nn=0",1,"{""n"": 20.0, ""L"": 2.0, ""t"": 4.0, ""nn"": 0.0}",sv,ok,0.02526,0.0315,19496960,1.592421940838085e-18,1048576,1.592421940838085e-18,0.0,,"{""n"": 20, ""gates"": 62, ""g2"": 20, ""g3"": 0, ""depth2"": 2, ""t_count"": 4, ""rotations"": 4, ""d"": 2, ""dense_l"": 3.4594, ""redundant"": 2, ""obs_zero"": true, ""frame_l"": 5.9542, ""chi_bits"": 10, ""mps_l"": 34.4327, ""hsf_k"": 0, ""hsf_na"": 10, ""hsf_nb"": 10, ""hsf_l"": 20.0848, ""sup"": 15, ""chi_bits0"": 10, ""mps_l0"": 34.4327, ""hsf_keff"": 0, ""hsf_l0"": 20.0848, ""sparse_l"": 20.9542, ""sv_l"": 25.9542, ""feat_secs"": 0.002898, ""feat_secs_frame"": 7.4e-05, ""feat_secs_hsf"": 0.002798}"
ct,"ct:n=20,L=2,t=4,nn=0",1,"{""n"": 20.0, ""L"": 2.0, ""t"": 4.0, ""nn"": 0.0}",sparse,ok,0.001599,0.0075,3342336,-1.572093150103981e-18,4096,1.592421940838085e-18,3.164515090942066e-18,,"{""n"": 20, ""gates"": 62, ""g2"": 20, ""g3"": 0, ""depth2"": 2, ""t_count"": 4, ""rotations"": 4, ""d"": 2, ""dense_l"": 3.4594, ""redundant"": 2, ""obs_zero"": true, ""frame_l"": 5.9542, ""chi_bits"": 10, ""mps_l"": 34.4327, ""hsf_k"": 0, ""hsf_na"": 10, ""hsf_nb"": 10, ""hsf_l"": 20.0848, ""sup"": 15, ""chi_bits0"": 10, ""mps_l0"": 34.4327, ""hsf_keff"": 0, ""hsf_l0"": 20.0848, ""sparse_l"": 20.9542, ""sv_l"": 25.9542, ""feat_secs"": 0.002898, ""feat_secs_frame"": 7.4e-05, ""feat_secs_hsf"": 0.002798}"
ct,"ct:n=20,L=2,t=4,nn=0",1,"{""n"": 20.0, ""L"": 2.0, ""t"": 4.0, ""nn"": 0.0}",mps,ok,0.001108,0.0071,2883584,4.984085520180364e-16,16,1.592421940838085e-18,4.968161300771983e-16,,"{""n"": 20, ""gates"": 62, ""g2"": 20, ""g3"": 0, ""depth2"": 2, ""t_count"": 4, ""rotations"": 4, ""d"": 2, ""dense_l"": 3.4594, ""redundant"": 2, ""obs_zero"": true, ""frame_l"": 5.9542, ""chi_bits"": 10, ""mps_l"": 34.4327, ""hsf_k"": 0, ""hsf_na"": 10, ""hsf_nb"": 10, ""hsf_l"": 20.0848, ""sup"": 15, ""chi_bits0"": 10, ""mps_l0"": 34.4327, ""hsf_keff"": 0, ""hsf_l0"": 20.0848, ""sparse_l"": 20.9542, ""sv_l"": 25.9542, ""feat_secs"": 0.002898, ""feat_secs_frame"": 7.4e-05, ""feat_secs_hsf"": 0.002798}"
ct,"ct:n=20,L=2,t=4,nn=0",1,"{""n"": 20.0, ""L"": 2.0, ""t"": 4.0, ""nn"": 0.0}",hsf,ok,0.012983,0.0194,19349504,-2.026102809832286e-18,1,1.592421940838085e-18,3.618524750670371e-18,,"{""n"": 20, ""gates"": 62, ""g2"": 20, ""g3"": 0, ""depth2"": 2, ""t_count"": 4, ""rotations"": 4, ""d"": 2, ""dense_l"": 3.4594, ""redundant"": 2, ""obs_zero"": true, ""frame_l"": 5.9542, ""chi_bits"": 10, ""mps_l"": 34.4327, ""hsf_k"": 0, ""hsf_na"": 10, ""hsf_nb"": 10, ""hsf_l"": 20.0848, ""sup"": 15, ""chi_bits0"": 10, ""mps_l0"": 34.4327, ""hsf_keff"": 0, ""hsf_l0"": 20.0848, ""sparse_l"": 20.9542, ""sv_l"": 25.9542, ""feat_secs"": 0.002898, ""feat_secs_frame"": 7.4e-05, ""feat_secs_hsf"": 0.002798}"
ct,"ct:n=20,L=2,t=4,nn=0",1,"{""n"": 20.0, ""L"": 2.0, ""t"": 4.0, ""nn"": 0.0}",tableau,na,,0.0046,1851392,,,1.592421940838085e-18,,"TooLarge { what: ""tableau (non-Clifford circuit)"", bytes: 0, limit: 0 }","{""n"": 20, ""gates"": 62, ""g2"": 20, ""g3"": 0, ""depth2"": 2, ""t_count"": 4, ""rotations"": 4, ""d"": 2, ""dense_l"": 3.4594, ""redundant"": 2, ""obs_zero"": true, ""frame_l"": 5.9542, ""chi_bits"": 10, ""mps_l"": 34.4327, ""hsf_k"": 0, ""hsf_na"": 10, ""hsf_nb"": 10, ""hsf_l"": 20.0848, ""sup"": 15, ""chi_bits0"": 10, ""mps_l0"": 34.4327, ""hsf_keff"": 0, ""hsf_l0"": 20.0848, ""sparse_l"": 20.9542, ""sv_l"": 25.9542, ""feat_secs"": 0.002898, ""feat_secs_frame"": 7.4e-05, ""feat_secs_hsf"": 0.002798}"
ct,"ct:n=20,L=2,t=4,nn=0",1,"{""n"": 20.0, ""L"": 2.0, ""t"": 4.0, ""nn"": 0.0}",cstate,ok,9e-05,0.0041,1966080,0.0,2,1.592421940838085e-18,1.592421940838085e-18,,"{""n"": 20, ""gates"": 62, ""g2"": 20, ""g3"": 0, ""depth2"": 2, ""t_count"": 4, ""rotations"": 4, ""d"": 2, ""dense_l"": 3.4594, ""redundant"": 2, ""obs_zero"": true, ""frame_l"": 5.9542, ""chi_bits"": 10, ""mps_l"": 34.4327, ""hsf_k"": 0, ""hsf_na"": 10, ""hsf_nb"": 10, ""hsf_l"": 20.0848, ""sup"": 15, ""chi_bits0"": 10, ""mps_l0"": 34.4327, ""hsf_keff"": 0, ""hsf_l0"": 20.0848, ""sparse_l"": 20.9542, ""sv_l"": 25.9542, ""feat_secs"": 0.002898, ""feat_secs_frame"": 7.4e-05, ""feat_secs_hsf"": 0.002798}"
ct,"ct:n=20,L=2,t=4,nn=0",1,"{""n"": 20.0, ""L"": 2.0, ""t"": 4.0, ""nn"": 0.0}",frame,ok,8.8e-05,0.0045,2146304,-0.0,0,1.592421940838085e-18,1.592421940838085e-18,switched_at=None dense_qubits=0 peak_terms=0 term_visits=0 dense_ops=0,"{""n"": 20, ""gates"": 62, ""g2"": 20, ""g3"": 0, ""depth2"": 2, ""t_count"": 4, ""rotations"": 4, ""d"": 2, ""dense_l"": 3.4594, ""redundant"": 2, ""obs_zero"": true, ""frame_l"": 5.9542, ""chi_bits"": 10, ""mps_l"": 34.4327, ""hsf_k"": 0, ""hsf_na"": 10, ""hsf_nb"": 10, ""hsf_l"": 20.0848, ""sup"": 15, ""chi_bits0"": 10, ""mps_l0"": 34.4327, ""hsf_keff"": 0, ""hsf_l0"": 20.0848, ""sparse_l"": 20.9542, ""sv_l"": 25.9542, ""feat_secs"": 0.002898, ""feat_secs_frame"": 7.4e-05, ""feat_secs_hsf"": 0.002798}"
ct,"ct:n=20,L=2,t=4,nn=0",1,"{""n"": 20.0, ""L"": 2.0, ""t"": 4.0, ""nn"": 0.0}",dense,ok,8.8e-05,0.0062,2179072,0.0,2,1.592421940838085e-18,1.592421940838085e-18,switched_at=Some(4) dense_qubits=2 peak_terms=0 term_visits=0 dense_ops=11,"{""n"": 20, ""gates"": 62, ""g2"": 20, ""g3"": 0, ""depth2"": 2, ""t_count"": 4, ""rotations"": 4, ""d"": 2, ""dense_l"": 3.4594, ""redundant"": 2, ""obs_zero"": true, ""frame_l"": 5.9542, ""chi_bits"": 10, ""mps_l"": 34.4327, ""hsf_k"": 0, ""hsf_na"": 10, ""hsf_nb"": 10, ""hsf_l"": 20.0848, ""sup"": 15, ""chi_bits0"": 10, ""mps_l0"": 34.4327, ""hsf_keff"": 0, ""hsf_l0"": 20.0848, ""sparse_l"": 20.9542, ""sv_l"": 25.9542, ""feat_secs"": 0.002898, ""feat_secs_frame"": 7.4e-05, ""feat_secs_hsf"": 0.002798}"
ct,"ct:n=20,L=2,t=4,nn=0",1,"{""n"": 20.0, ""L"": 2.0, ""t"": 4.0, ""nn"": 0.0}",auto,ok,9.2e-05,0.0043,2162688,0.0,2,1.592421940838085e-18,1.592421940838085e-18,switched_at=Some(4) dense_qubits=2 peak_terms=0 term_visits=0 dense_ops=11,"{""n"": 20, ""gates"": 62, ""g2"": 20, ""g3"": 0, ""depth2"": 2, ""t_count"": 4, ""rotations"": 4, ""d"": 2, ""dense_l"": 3.4594, ""redundant"": 2, ""obs_zero"": true, ""frame_l"": 5.9542, ""chi_bits"": 10, ""mps_l"": 34.4327, ""hsf_k"": 0, ""hsf_na"": 10, ""hsf_nb"": 10, ""hsf_l"": 20.0848, ""sup"": 15, ""chi_bits0"": 10, ""mps_l0"": 34.4327, ""hsf_keff"": 0, ""hsf_l0"": 20.0848, ""sparse_l"": 20.9542, ""sv_l"": 25.9542, ""feat_secs"": 0.002898, ""feat_secs_frame"": 7.4e-05, ""feat_secs_hsf"": 0.002798}"
ct,"ct:n=20,L=2,t=8,nn=0",1,"{""n"": 20.0, ""L"": 2.0, ""t"": 8.0, ""nn"": 0.0}",sv,ok,0.030182,0.0345,19628032,4.849602436209771e-17,1048576,4.849602436209771e-17,0.0,,"{""n"": 20, ""gates"": 76, ""g2"": 20, ""g3"": 0, ""depth2"": 2, ""t_count"": 8, ""rotations"": 8, ""d"": 5, ""dense_l"": 6.4263, ""redundant"": 3, ""obs_zero"": false, ""frame_l"": 4.5, ""chi_bits"": 10, ""mps_l"": 35.4861, ""hsf_k"": 0, ""hsf_na"": 10, ""hsf_nb"": 10, ""hsf_l"": 20.1033, ""sup"": 16, ""chi_bits0"": 10, ""mps_l0"": 35.4861, ""hsf_keff"": 0, ""hsf_l0"": 20.1033, ""sparse_l"": 22.2479, ""sv_l"": 26.2479, ""feat_secs"": 0.002755, ""feat_secs_frame"": 8.4e-05, ""feat_secs_hsf"": 0.002641}"
ct,"ct:n=20,L=2,t=8,nn=0",1,"{""n"": 20.0, ""L"": 2.0, ""t"": 8.0, ""nn"": 0.0}",sparse,ok,0.01012,0.0161,6324224,-1.847954840365762e-16,16384,4.849602436209771e-17,2.332915083986739e-16,,"{""n"": 20, ""gates"": 76, ""g2"": 20, ""g3"": 0, ""depth2"": 2, ""t_count"": 8, ""rotations"": 8, ""d"": 5, ""dense_l"": 6.4263, ""redundant"": 3, ""obs_zero"": false, ""frame_l"": 4.5, ""chi_bits"": 10, ""mps_l"": 35.4861, ""hsf_k"": 0, ""hsf_na"": 10, ""hsf_nb"": 10, ""hsf_l"": 20.1033, ""sup"": 16, ""chi_bits0"": 10, ""mps_l0"": 35.4861, ""hsf_keff"": 0, ""hsf_l0"": 20.1033, ""sparse_l"": 22.2479, ""sv_l"": 26.2479, ""feat_secs"": 0.002755, ""feat_secs_frame"": 8.4e-05, ""feat_secs_hsf"": 0.002641}"
ct,"ct:n=20,L=2,t=8,nn=0",1,"{""n"": 20.0, ""L"": 2.0, ""t"": 8.0, ""nn"": 0.0}",mps,ok,0.005288,0.0100,3473408,-3.201654711400523e-15,16,4.849602436209771e-17,3.2501507357626207e-15,,"{""n"": 20, ""gates"": 76, ""g2"": 20, ""g3"": 0, ""depth2"": 2, ""t_count"": 8, ""rotations"": 8, ""d"": 5, ""dense_l"": 6.4263, ""redundant"": 3, ""obs_zero"": false, ""frame_l"": 4.5, ""chi_bits"": 10, ""mps_l"": 35.4861, ""hsf_k"": 0, ""hsf_na"": 10, ""hsf_nb"": 10, ""hsf_l"": 20.1033, ""sup"": 16, ""chi_bits0"": 10, ""mps_l0"": 35.4861, ""hsf_keff"": 0, ""hsf_l0"": 20.1033, ""sparse_l"": 22.2479, ""sv_l"": 26.2479, ""feat_secs"": 0.002755, ""feat_secs_frame"": 8.4e-05, ""feat_secs_hsf"": 0.002641}"
ct,"ct:n=20,L=2,t=8,nn=0",1,"{""n"": 20.0, ""L"": 2.0, ""t"": 8.0, ""nn"": 0.0}",hsf,ok,0.012519,0.0189,19382272,-3.392197547164022e-17,1,4.849602436209771e-17,8.241799983373793e-17,,"{""n"": 20, ""gates"": 76, ""g2"": 20, ""g3"": 0, ""depth2"": 2, ""t_count"": 8, ""rotations"": 8, ""d"": 5, ""dense_l"": 6.4263, ""redundant"": 3, ""obs_zero"": false, ""frame_l"": 4.5, ""chi_bits"": 10, ""mps_l"": 35.4861, ""hsf_k"": 0, ""hsf_na"": 10, ""hsf_nb"": 10, ""hsf_l"": 20.1033, ""sup"": 16, ""chi_bits0"": 10, ""mps_l0"": 35.4861, ""hsf_keff"": 0, ""hsf_l0"": 20.1033, ""sparse_l"": 22.2479, ""sv_l"": 26.2479, ""feat_secs"": 0.002755, ""feat_secs_frame"": 8.4e-05, ""feat_secs_hsf"": 0.002641}"
ct,"ct:n=20,L=2,t=8,nn=0",1,"{""n"": 20.0, ""L"": 2.0, ""t"": 8.0, ""nn"": 0.0}",tableau,na,,0.0045,1851392,,,4.849602436209771e-17,,"TooLarge { what: ""tableau (non-Clifford circuit)"", bytes: 0, limit: 0 }","{""n"": 20, ""gates"": 76, ""g2"": 20, ""g3"": 0, ""depth2"": 2, ""t_count"": 8, ""rotations"": 8, ""d"": 5, ""dense_l"": 6.4263, ""redundant"": 3, ""obs_zero"": false, ""frame_l"": 4.5, ""chi_bits"": 10, ""mps_l"": 35.4861, ""hsf_k"": 0, ""hsf_na"": 10, ""hsf_nb"": 10, ""hsf_l"": 20.1033, ""sup"": 16, ""chi_bits0"": 10, ""mps_l0"": 35.4861, ""hsf_keff"": 0, ""hsf_l0"": 20.1033, ""sparse_l"": 22.2479, ""sv_l"": 26.2479, ""feat_secs"": 0.002755, ""feat_secs_frame"": 8.4e-05, ""feat_secs_hsf"": 0.002641}"
ct,"ct:n=20,L=2,t=8,nn=0",1,"{""n"": 20.0, ""L"": 2.0, ""t"": 8.0, ""nn"": 0.0}",cstate,ok,7.8e-05,0.0043,1966080,-1.13841228110978e-17,5,4.849602436209771e-17,5.988014717319551e-17,,"{""n"": 20, ""gates"": 76, ""g2"": 20, ""g3"": 0, ""depth2"": 2, ""t_count"": 8, ""rotations"": 8, ""d"": 5, ""dense_l"": 6.4263, ""redundant"": 3, ""obs_zero"": false, ""frame_l"": 4.5, ""chi_bits"": 10, ""mps_l"": 35.4861, ""hsf_k"": 0, ""hsf_na"": 10, ""hsf_nb"": 10, ""hsf_l"": 20.1033, ""sup"": 16, ""chi_bits0"": 10, ""mps_l0"": 35.4861, ""hsf_keff"": 0, ""hsf_l0"": 20.1033, ""sparse_l"": 22.2479, ""sv_l"": 26.2479, ""feat_secs"": 0.002755, ""feat_secs_frame"": 8.4e-05, ""feat_secs_hsf"": 0.002641}"
ct,"ct:n=20,L=2,t=8,nn=0",1,"{""n"": 20.0, ""L"": 2.0, ""t"": 8.0, ""nn"": 0.0}",frame,ok,0.000381,0.0044,2473984,-0.0,1,4.849602436209771e-17,4.849602436209771e-17,switched_at=None dense_qubits=0 peak_terms=1 term_visits=7 dense_ops=0,"{""n"": 20, ""gates"": 76, ""g2"": 20, ""g3"": 0, ""depth2"": 2, ""t_count"": 8, ""rotations"": 8, ""d"": 5, ""dense_l"": 6.4263, ""redundant"": 3, ""obs_zero"": false, ""frame_l"": 4.5, ""chi_bits"": 10, ""mps_l"": 35.4861, ""hsf_k"": 0, ""hsf_na"": 10, ""hsf_nb"": 10, ""hsf_l"": 20.1033, ""sup"": 16, ""chi_bits0"": 10, ""mps_l0"": 35.4861, ""hsf_keff"": 0, ""hsf_l0"": 20.1033, ""sparse_l"": 22.2479, ""sv_l"": 26.2479, ""feat_secs"": 0.002755, ""feat_secs_frame"": 8.4e-05, ""feat_secs_hsf"": 0.002641}"
ct,"ct:n=20,L=2,t=8,nn=0",1,"{""n"": 20.0, ""L"": 2.0, ""t"": 8.0, ""nn"": 0.0}",dense,ok,0.00018,0.0069,2195456,-1.13841228110978e-17,5,4.849602436209771e-17,5.988014717319551e-17,switched_at=Some(8) dense_qubits=5 peak_terms=1 term_visits=0 dense_ops=118,"{""n"": 20, ""gates"": 76, ""g2"": 20, ""g3"": 0, ""depth2"": 2, ""t_count"": 8, ""rotations"": 8, ""d"": 5, ""dense_l"": 6.4263, ""redundant"": 3, ""obs_zero"": false, ""frame_l"": 4.5, ""chi_bits"": 10, ""mps_l"": 35.4861, ""hsf_k"": 0, ""hsf_na"": 10, ""hsf_nb"": 10, ""hsf_l"": 20.1033, ""sup"": 16, ""chi_bits0"": 10, ""mps_l0"": 35.4861, ""hsf_keff"": 0, ""hsf_l0"": 20.1033, ""sparse_l"": 22.2479, ""sv_l"": 26.2479, ""feat_secs"": 0.002755, ""feat_secs_frame"": 8.4e-05, ""feat_secs_hsf"": 0.002641}"
ct,"ct:n=20,L=2,t=8,nn=0",1,"{""n"": 20.0, ""L"": 2.0, ""t"": 8.0, ""nn"": 0.0}",auto,ok,0.000219,0.0046,2490368,-7.806255641895632e-18,4,4.849602436209771e-17,5.630228000399334e-17,switched_at=Some(7) dense_qubits=4 peak_terms=1 term_visits=1 dense_ops=70,"{""n"": 20, ""gates"": 76, ""g2"": 20, ""g3"": 0, ""depth2"": 2, ""t_count"": 8, ""rotations"": 8, ""d"": 5, ""dense_l"": 6.4263, ""redundant"": 3, ""obs_zero"": false, ""frame_l"": 4.5, ""chi_bits"": 10, ""mps_l"": 35.4861, ""hsf_k"": 0, ""hsf_na"": 10, ""hsf_nb"": 10, ""hsf_l"": 20.1033, ""sup"": 16, ""chi_bits0"": 10, ""mps_l0"": 35.4861, ""hsf_keff"": 0, ""hsf_l0"": 20.1033, ""sparse_l"": 22.2479, ""sv_l"": 26.2479, ""feat_secs"": 0.002755, ""feat_secs_frame"": 8.4e-05, ""feat_secs_hsf"": 0.002641}"
ct,"ct:n=20,L=2,t=16,nn=0",1,"{""n"": 20.0, ""L"": 2.0, ""t"": 16.0, ""nn"": 0.0}",sv,ok,0.035327,0.0427,19644416,-1.201092719206598e-18,1048576,-1.201092719206598e-18,0.0,,"{""n"": 20, ""gates"": 92, ""g2"": 20, ""g3"": 0, ""depth2"": 2, ""t_count"": 16, ""rotations"": 16, ""d"": 7, ""dense_l"": 9.2021, ""redundant"": 9, ""obs_zero"": true, ""frame_l"": 6.5236, ""chi_bits"": 10, ""mps_l"": 36.0684, ""hsf_k"": 2, ""hsf_na"": 10, ""hsf_nb"": 10, ""hsf_l"": 22.1241, ""sup"": 20, ""chi_bits0"": 10, ""mps_l0"": 36.0684, ""hsf_keff"": 2, ""hsf_l0"": 22.1241, ""sparse_l"": 26.5236, ""sv_l"": 26.5236, ""feat_secs"": 0.003256, ""feat_secs_frame"": 0.000124, ""feat_secs_hsf"": 0.003097}"
ct,"ct:n=20,L=2,t=16,nn=0",1,"{""n"": 20.0, ""L"": 2.0, ""t"": 16.0, ""nn"": 0.0}",sparse,ok,0.240228,0.2455,110395392,7.374268838795939e-18,524288,-1.201092719206598e-18,8.575361558002537e-18,,"{""n"": 20, ""gates"": 92, ""g2"": 20, ""g3"": 0, ""depth2"": 2, ""t_count"": 16, ""rotations"": 16, ""d"": 7, ""dense_l"": 9.2021, ""redundant"": 9, ""obs_zero"": true, ""frame_l"": 6.5236, ""chi_bits"": 10, ""mps_l"": 36.0684, ""hsf_k"": 2, ""hsf_na"": 10, ""hsf_nb"": 10, ""hsf_l"": 22.1241, ""sup"": 20, ""chi_bits0"": 10, ""mps_l0"": 36.0684, ""hsf_keff"": 2, ""hsf_l0"": 22.1241, ""sparse_l"": 26.5236, ""sv_l"": 26.5236, ""feat_secs"": 0.003256, ""feat_secs_frame"": 0.000124, ""feat_secs_hsf"": 0.003097}"
ct,"ct:n=20,L=2,t=16,nn=0",1,"{""n"": 20.0, ""L"": 2.0, ""t"": 16.0, ""nn"": 0.0}",mps,ok,0.058826,0.0629,9027584,-3.358197343868859e-16,128,-1.201092719206598e-18,3.346186416676793e-16,,"{""n"": 20, ""gates"": 92, ""g2"": 20, ""g3"": 0, ""depth2"": 2, ""t_count"": 16, ""rotations"": 16, ""d"": 7, ""dense_l"": 9.2021, ""redundant"": 9, ""obs_zero"": true, ""frame_l"": 6.5236, ""chi_bits"": 10, ""mps_l"": 36.0684, ""hsf_k"": 2, ""hsf_na"": 10, ""hsf_nb"": 10, ""hsf_l"": 22.1241, ""sup"": 20, ""chi_bits0"": 10, ""mps_l0"": 36.0684, ""hsf_keff"": 2, ""hsf_l0"": 22.1241, ""sparse_l"": 26.5236, ""sv_l"": 26.5236, ""feat_secs"": 0.003256, ""feat_secs_frame"": 0.000124, ""feat_secs_hsf"": 0.003097}"
ct,"ct:n=20,L=2,t=16,nn=0",1,"{""n"": 20.0, ""L"": 2.0, ""t"": 16.0, ""nn"": 0.0}",hsf,ok,0.015164,0.0218,19693568,-6.056285572868247e-20,4,-1.201092719206598e-18,1.1405298634779156e-18,,"{""n"": 20, ""gates"": 92, ""g2"": 20, ""g3"": 0, ""depth2"": 2, ""t_count"": 16, ""rotations"": 16, ""d"": 7, ""dense_l"": 9.2021, ""redundant"": 9, ""obs_zero"": true, ""frame_l"": 6.5236, ""chi_bits"": 10, ""mps_l"": 36.0684, ""hsf_k"": 2, ""hsf_na"": 10, ""hsf_nb"": 10, ""hsf_l"": 22.1241, ""sup"": 20, ""chi_bits0"": 10, ""mps_l0"": 36.0684, ""hsf_keff"": 2, ""hsf_l0"": 22.1241, ""sparse_l"": 26.5236, ""sv_l"": 26.5236, ""feat_secs"": 0.003256, ""feat_secs_frame"": 0.000124, ""feat_secs_hsf"": 0.003097}"
ct,"ct:n=20,L=2,t=16,nn=0",1,"{""n"": 20.0, ""L"": 2.0, ""t"": 16.0, ""nn"": 0.0}",tableau,na,,0.0045,1851392,,,-1.201092719206598e-18,,"TooLarge { what: ""tableau (non-Clifford circuit)"", bytes: 0, limit: 0 }","{""n"": 20, ""gates"": 92, ""g2"": 20, ""g3"": 0, ""depth2"": 2, ""t_count"": 16, ""rotations"": 16, ""d"": 7, ""dense_l"": 9.2021, ""redundant"": 9, ""obs_zero"": true, ""frame_l"": 6.5236, ""chi_bits"": 10, ""mps_l"": 36.0684, ""hsf_k"": 2, ""hsf_na"": 10, ""hsf_nb"": 10, ""hsf_l"": 22.1241, ""sup"": 20, ""chi_bits0"": 10, ""mps_l0"": 36.0684, ""hsf_keff"": 2, ""hsf_l0"": 22.1241, ""sparse_l"": 26.5236, ""sv_l"": 26.5236, ""feat_secs"": 0.003256, ""feat_secs_frame"": 0.000124, ""feat_secs_hsf"": 0.003097}"
ct,"ct:n=20,L=2,t=16,nn=0",1,"{""n"": 20.0, ""L"": 2.0, ""t"": 16.0, ""nn"": 0.0}",cstate,ok,8.2e-05,0.0044,1966080,0.0,7,-1.201092719206598e-18,1.201092719206598e-18,,"{""n"": 20, ""gates"": 92, ""g2"": 20, ""g3"": 0, ""depth2"": 2, ""t_count"": 16, ""rotations"": 16, ""d"": 7, ""dense_l"": 9.2021, ""redundant"": 9, ""obs_zero"": true, ""frame_l"": 6.5236, ""chi_bits"": 10, ""mps_l"": 36.0684, ""hsf_k"": 2, ""hsf_na"": 10, ""hsf_nb"": 10, ""hsf_l"": 22.1241, ""sup"": 20, ""chi_bits0"": 10, ""mps_l0"": 36.0684, ""hsf_keff"": 2, ""hsf_l0"": 22.1241, ""sparse_l"": 26.5236, ""sv_l"": 26.5236, ""feat_secs"": 0.003256, ""feat_secs_frame"": 0.000124, ""feat_secs_hsf"": 0.003097}"
ct,"ct:n=20,L=2,t=16,nn=0",1,"{""n"": 20.0, ""L"": 2.0, ""t"": 16.0, ""nn"": 0.0}",frame,ok,0.000241,0.0044,2457600,-0.0,0,-1.201092719206598e-18,1.201092719206598e-18,switched_at=None dense_qubits=0 peak_terms=0 term_visits=0 dense_ops=0,"{""n"": 20, ""gates"": 92, ""g2"": 20, ""g3"": 0, ""depth2"": 2, ""t_count"": 16, ""rotations"": 16, ""d"": 7, ""dense_l"": 9.2021, ""redundant"": 9, ""obs_zero"": true, ""frame_l"": 6.5236, ""chi_bits"": 10, ""mps_l"": 36.0684, ""hsf_k"": 2, ""hsf_na"": 10, ""hsf_nb"": 10, ""hsf_l"": 22.1241, ""sup"": 20, ""chi_bits0"": 10, ""mps_l0"": 36.0684, ""hsf_keff"": 2, ""hsf_l0"": 22.1241, ""sparse_l"": 26.5236, ""sv_l"": 26.5236, ""feat_secs"": 0.003256, ""feat_secs_frame"": 0.000124, ""feat_secs_hsf"": 0.003097}"
ct,"ct:n=20,L=2,t=16,nn=0",1,"{""n"": 20.0, ""L"": 2.0, ""t"": 16.0, ""nn"": 0.0}",dense,ok,0.000111,0.0038,2179072,0.0,7,-1.201092719206598e-18,1.201092719206598e-18,switched_at=Some(14) dense_qubits=7 peak_terms=0 term_visits=0 dense_ops=397,"{""n"": 20, ""gates"": 92, ""g2"": 20, ""g3"": 0, ""depth2"": 2, ""t_count"": 16, ""rotations"": 16, ""d"": 7, ""dense_l"": 9.2021, ""redundant"": 9, ""obs_zero"": true, ""frame_l"": 6.5236, ""chi_bits"": 10, ""mps_l"": 36.0684, ""hsf_k"": 2, ""hsf_na"": 10, ""hsf_nb"": 10, ""hsf_l"": 22.1241, ""sup"": 20, ""chi_bits0"": 10, ""mps_l0"": 36.0684, ""hsf_keff"": 2, ""hsf_l0"": 22.1241, ""sparse_l"": 26.5236, ""sv_l"": 26.5236, ""feat_secs"": 0.003256, ""feat_secs_frame"": 0.000124, ""feat_secs_hsf"": 0.003097}"
ct,"ct:n=20,L=2,t=16,nn=0",1,"{""n"": 20.0, ""L"": 2.0, ""t"": 16.0, ""nn"": 0.0}",auto,ok,0.000229,0.0044,2473984,-0.0,0,-1.201092719206598e-18,1.201092719206598e-18,switched_at=None dense_qubits=0 peak_terms=0 term_visits=0 dense_ops=0,"{""n"": 20, ""gates"": 92, ""g2"": 20, ""g3"": 0, ""depth2"": 2, ""t_count"": 16, ""rotations"": 16, ""d"": 7, ""dense_l"": 9.2021, ""redundant"": 9, ""obs_zero"": true, ""frame_l"": 6.5236, ""chi_bits"": 10, ""mps_l"": 36.0684, ""hsf_k"": 2, ""hsf_na"": 10, ""hsf_nb"": 10, ""hsf_l"": 22.1241, ""sup"": 20, ""chi_bits0"": 10, ""mps_l0"": 36.0684, ""hsf_keff"": 2, ""hsf_l0"": 22.1241, ""sparse_l"": 26.5236, ""sv_l"": 26.5236, ""feat_secs"": 0.003256, ""feat_secs_frame"": 0.000124, ""feat_secs_hsf"": 0.003097}"
ct,"ct:n=20,L=2,t=24,nn=0",1,"{""n"": 20.0, ""L"": 2.0, ""t"": 24.0, ""nn"": 0.0}",sv,ok,0.035054,0.0414,19677184,5.283738746713342e-16,1048576,5.283738746713342e-16,0.0,,"{""n"": 20, ""gates"": 109, ""g2"": 20, ""g3"": 0, ""depth2"": 2, ""t_count"": 24, ""rotations"": 24, ""d"": 15, ""dense_l"": 17.6148, ""redundant"": 9, ""obs_zero"": true, ""frame_l"": 6.7682, ""chi_bits"": 10, ""mps_l"": 35.9359, ""hsf_k"": 2, ""hsf_na"": 10, ""hsf_nb"": 10, ""hsf_l"": 22.1459, ""sup"": 20, ""chi_bits0"": 10, ""mps_l0"": 35.9359, ""hsf_keff"": 2, ""hsf_l0"": 22.1459, ""sparse_l"": 26.7682, ""sv_l"": 26.7682, ""feat_secs"": 0.003173, ""feat_secs_frame"": 0.000112, ""feat_secs_hsf"": 0.003023}"
ct,"ct:n=20,L=2,t=24,nn=0",1,"{""n"": 20.0, ""L"": 2.0, ""t"": 24.0, ""nn"": 0.0}",sparse,ok,0.538333,0.5437,216023040,-1.348905262458394e-17,1048576,5.283738746713342e-16,5.418629272959181e-16,,"{""n"": 20, ""gates"": 109, ""g2"": 20, ""g3"": 0, ""depth2"": 2, ""t_count"": 24, ""rotations"": 24, ""d"": 15, ""dense_l"": 17.6148, ""redundant"": 9, ""obs_zero"": true, ""frame_l"": 6.7682, ""chi_bits"": 10, ""mps_l"": 35.9359, ""hsf_k"": 2, ""hsf_na"": 10, ""hsf_nb"": 10, ""hsf_l"": 22.1459, ""sup"": 20, ""chi_bits0"": 10, ""mps_l0"": 35.9359, ""hsf_keff"": 2, ""hsf_l0"": 22.1459, ""sparse_l"": 26.7682, ""sv_l"": 26.7682, ""feat_secs"": 0.003173, ""feat_secs_frame"": 0.000112, ""feat_secs_hsf"": 0.003023}"
ct,"ct:n=20,L=2,t=24,nn=0",1,"{""n"": 20.0, ""L"": 2.0, ""t"": 24.0, ""nn"": 0.0}",mps,ok,0.132047,0.1378,16744448,-5.170148170066132e-17,192,5.283738746713342e-16,5.800753563719955e-16,,"{""n"": 20, ""gates"": 109, ""g2"": 20, ""g3"": 0, ""depth2"": 2, ""t_count"": 24, ""rotations"": 24, ""d"": 15, ""dense_l"": 17.6148, ""redundant"": 9, ""obs_zero"": true, ""frame_l"": 6.7682, ""chi_bits"": 10, ""mps_l"": 35.9359, ""hsf_k"": 2, ""hsf_na"": 10, ""hsf_nb"": 10, ""hsf_l"": 22.1459, ""sup"": 20, ""chi_bits0"": 10, ""mps_l0"": 35.9359, ""hsf_keff"": 2, ""hsf_l0"": 22.1459, ""sparse_l"": 26.7682, ""sv_l"": 26.7682, ""feat_secs"": 0.003173, ""feat_secs_frame"": 0.000112, ""feat_secs_hsf"": 0.003023}"
ct,"ct:n=20,L=2,t=24,nn=0",1,"{""n"": 20.0, ""L"": 2.0, ""t"": 24.0, ""nn"": 0.0}",hsf,ok,0.015094,0.0207,19660800,5.389007728428504e-16,4,5.283738746713342e-16,1.052689817151623e-17,,"{""n"": 20, ""gates"": 109, ""g2"": 20, ""g3"": 0, ""depth2"": 2, ""t_count"": 24, ""rotations"": 24, ""d"": 15, ""dense_l"": 17.6148, ""redundant"": 9, ""obs_zero"": true, ""frame_l"": 6.7682, ""chi_bits"": 10, ""mps_l"": 35.9359, ""hsf_k"": 2, ""hsf_na"": 10, ""hsf_nb"": 10, ""hsf_l"": 22.1459, ""sup"": 20, ""chi_bits0"": 10, ""mps_l0"": 35.9359, ""hsf_keff"": 2, ""hsf_l0"": 22.1459, ""sparse_l"": 26.7682, ""sv_l"": 26.7682, ""feat_secs"": 0.003173, ""feat_secs_frame"": 0.000112, ""feat_secs_hsf"": 0.003023}"
ct,"ct:n=20,L=2,t=24,nn=0",1,"{""n"": 20.0, ""L"": 2.0, ""t"": 24.0, ""nn"": 0.0}",tableau,na,,0.0046,1851392,,,5.283738746713342e-16,,"TooLarge { what: ""tableau (non-Clifford circuit)"", bytes: 0, limit: 0 }","{""n"": 20, ""gates"": 109, ""g2"": 20, ""g3"": 0, ""depth2"": 2, ""t_count"": 24, ""rotations"": 24, ""d"": 15, ""dense_l"": 17.6148, ""redundant"": 9, ""obs_zero"": true, ""frame_l"": 6.7682, ""chi_bits"": 10, ""mps_l"": 35.9359, ""hsf_k"": 2, ""hsf_na"": 10, ""hsf_nb"": 10, ""hsf_l"": 22.1459, ""sup"": 20, ""chi_bits0"": 10, ""mps_l0"": 35.9359, ""hsf_keff"": 2, ""hsf_l0"": 22.1459, ""sparse_l"": 26.7682, ""sv_l"": 26.7682, ""feat_secs"": 0.003173, ""feat_secs_frame"": 0.000112, ""feat_secs_hsf"": 0.003023}"
ct,"ct:n=20,L=2,t=24,nn=0",1,"{""n"": 20.0, ""L"": 2.0, ""t"": 24.0, ""nn"": 0.0}",cstate,ok,0.000742,0.0067,3112960,0.0,15,5.283738746713342e-16,5.283738746713342e-16,,"{""n"": 20, ""gates"": 109, ""g2"": 20, ""g3"": 0, ""depth2"": 2, ""t_count"": 24, ""rotations"": 24, ""d"": 15, ""dense_l"": 17.6148, ""redundant"": 9, ""obs_zero"": true, ""frame_l"": 6.7682, ""chi_bits"": 10, ""mps_l"": 35.9359, ""hsf_k"": 2, ""hsf_na"": 10, ""hsf_nb"": 10, ""hsf_l"": 22.1459, ""sup"": 20, ""chi_bits0"": 10, ""mps_l0"": 35.9359, ""hsf_keff"": 2, ""hsf_l0"": 22.1459, ""sparse_l"": 26.7682, ""sv_l"": 26.7682, ""feat_secs"": 0.003173, ""feat_secs_frame"": 0.000112, ""feat_secs_hsf"": 0.003023}"
ct,"ct:n=20,L=2,t=24,nn=0",1,"{""n"": 20.0, ""L"": 2.0, ""t"": 24.0, ""nn"": 0.0}",frame,ok,0.00024,0.0047,2473984,-0.0,0,5.283738746713342e-16,5.283738746713342e-16,switched_at=None dense_qubits=0 peak_terms=0 term_visits=0 dense_ops=0,"{""n"": 20, ""gates"": 109, ""g2"": 20, ""g3"": 0, ""depth2"": 2, ""t_count"": 24, ""rotations"": 24, ""d"": 15, ""dense_l"": 17.6148, ""redundant"": 9, ""obs_zero"": true, ""frame_l"": 6.7682, ""chi_bits"": 10, ""mps_l"": 35.9359, ""hsf_k"": 2, ""hsf_na"": 10, ""hsf_nb"": 10, ""hsf_l"": 22.1459, ""sup"": 20, ""chi_bits0"": 10, ""mps_l0"": 35.9359, ""hsf_keff"": 2, ""hsf_l0"": 22.1459, ""sparse_l"": 26.7682, ""sv_l"": 26.7682, ""feat_secs"": 0.003173, ""feat_secs_frame"": 0.000112, ""feat_secs_hsf"": 0.003023}"
ct,"ct:n=20,L=2,t=24,nn=0",1,"{""n"": 20.0, ""L"": 2.0, ""t"": 24.0, ""nn"": 0.0}",dense,ok,0.000821,0.0076,3244032,0.0,15,5.283738746713342e-16,5.283738746713342e-16,switched_at=Some(22) dense_qubits=15 peak_terms=0 term_visits=0 dense_ops=167950,"{""n"": 20, ""gates"": 109, ""g2"": 20, ""g3"": 0, ""depth2"": 2, ""t_count"": 24, ""rotations"": 24, ""d"": 15, ""dense_l"": 17.6148, ""redundant"": 9, ""obs_zero"": true, ""frame_l"": 6.7682, ""chi_bits"": 10, ""mps_l"": 35.9359, ""hsf_k"": 2, ""hsf_na"": 10, ""hsf_nb"": 10, ""hsf_l"": 22.1459, ""sup"": 20, ""chi_bits0"": 10, ""mps_l0"": 35.9359, ""hsf_keff"": 2, ""hsf_l0"": 22.1459, ""sparse_l"": 26.7682, ""sv_l"": 26.7682, ""feat_secs"": 0.003173, ""feat_secs_frame"": 0.000112, ""feat_secs_hsf"": 0.003023}"
ct,"ct:n=20,L=2,t=24,nn=0",1,"{""n"": 20.0, ""L"": 2.0, ""t"": 24.0, ""nn"": 0.0}",auto,ok,0.000196,0.0048,2473984,-0.0,0,5.283738746713342e-16,5.283738746713342e-16,switched_at=None dense_qubits=0 peak_terms=0 term_visits=0 dense_ops=0,"{""n"": 20, ""gates"": 109, ""g2"": 20, ""g3"": 0, ""depth2"": 2, ""t_count"": 24, ""rotations"": 24, ""d"": 15, ""dense_l"": 17.6148, ""redundant"": 9, ""obs_zero"": true, ""frame_l"": 6.7682, ""chi_bits"": 10, ""mps_l"": 35.9359, ""hsf_k"": 2, ""hsf_na"": 10, ""hsf_nb"": 10, ""hsf_l"": 22.1459, ""sup"": 20, ""chi_bits0"": 10, ""mps_l0"": 35.9359, ""hsf_keff"": 2, ""hsf_l0"": 22.1459, ""sparse_l"": 26.7682, ""sv_l"": 26.7682, ""feat_secs"": 0.003173, ""feat_secs_frame"": 0.000112, ""feat_secs_hsf"": 0.003023}"
ct,"ct:n=20,L=2,t=32,nn=0",1,"{""n"": 20.0, ""L"": 2.0, ""t"": 32.0, ""nn"": 0.0}",sv,ok,0.0425,0.0474,19726336,4.069993311556913e-19,1048576,4.069993311556913e-19,0.0,,"{""n"": 20, ""gates"": 126, ""g2"": 20, ""g3"": 0, ""depth2"": 2, ""t_count"": 32, ""rotations"": 32, ""d"": 14, ""dense_l"": 16.9377, ""redundant"": 18, ""obs_zero"": true, ""frame_l"": 6.9773, ""chi_bits"": 10, ""mps_l"": 34.8181, ""hsf_k"": 0, ""hsf_na"": 8, ""hsf_nb"": 12, ""hsf_l"": 20.5774, ""sup"": 20, ""chi_bits0"": 10, ""mps_l0"": 34.8181, ""hsf_keff"": 0, ""hsf_l0"": 20.5774, ""sparse_l"": 26.9773, ""sv_l"": 26.9773, ""feat_secs"": 0.003328, ""feat_secs_frame"": 0.000122, ""feat_secs_hsf"": 0.003166}"
ct,"ct:n=20,L=2,t=32,nn=0",1,"{""n"": 20.0, ""L"": 2.0, ""t"": 32.0, ""nn"": 0.0}",sparse,ok,0.669068,0.6741,109576192,-3.274928482594624e-17,524288,4.069993311556913e-19,3.3156284157101934e-17,,"{""n"": 20, ""gates"": 126, ""g2"": 20, ""g3"": 0, ""depth2"": 2, ""t_count"": 32, ""rotations"": 32, ""d"": 14, ""dense_l"": 16.9377, ""redundant"": 18, ""obs_zero"": true, ""frame_l"": 6.9773, ""chi_bits"": 10, ""mps_l"": 34.8181, ""hsf_k"": 0, ""hsf_na"": 8, ""hsf_nb"": 12, ""hsf_l"": 20.5774, ""sup"": 20, ""chi_bits0"": 10, ""mps_l0"": 34.8181, ""hsf_keff"": 0, ""hsf_l0"": 20.5774, ""sparse_l"": 26.9773, ""sv_l"": 26.9773, ""feat_secs"": 0.003328, ""feat_secs_frame"": 0.000122, ""feat_secs_hsf"": 0.003166}"
ct,"ct:n=20,L=2,t=32,nn=0",1,"{""n"": 20.0, ""L"": 2.0, ""t"": 32.0, ""nn"": 0.0}",mps,ok,0.011426,0.0158,4767744,1.883405411215168e-29,32,4.069993311556913e-19,4.0699933113685726e-19,,"{""n"": 20, ""gates"": 126, ""g2"": 20, ""g3"": 0, ""depth2"": 2, ""t_count"": 32, ""rotations"": 32, ""d"": 14, ""dense_l"": 16.9377, ""redundant"": 18, ""obs_zero"": true, ""frame_l"": 6.9773, ""chi_bits"": 10, ""mps_l"": 34.8181, ""hsf_k"": 0, ""hsf_na"": 8, ""hsf_nb"": 12, ""hsf_l"": 20.5774, ""sup"": 20, ""chi_bits0"": 10, ""mps_l0"": 34.8181, ""hsf_keff"": 0, ""hsf_l0"": 20.5774, ""sparse_l"": 26.9773, ""sv_l"": 26.9773, ""feat_secs"": 0.003328, ""feat_secs_frame"": 0.000122, ""feat_secs_hsf"": 0.003166}"
ct,"ct:n=20,L=2,t=32,nn=0",1,"{""n"": 20.0, ""L"": 2.0, ""t"": 32.0, ""nn"": 0.0}",hsf,ok,0.013729,0.0186,19496960,-1.940552482159602e-18,1,4.069993311556913e-19,2.3475518133152934e-18,,"{""n"": 20, ""gates"": 126, ""g2"": 20, ""g3"": 0, ""depth2"": 2, ""t_count"": 32, ""rotations"": 32, ""d"": 14, ""dense_l"": 16.9377, ""redundant"": 18, ""obs_zero"": true, ""frame_l"": 6.9773, ""chi_bits"": 10, ""mps_l"": 34.8181, ""hsf_k"": 0, ""hsf_na"": 8, ""hsf_nb"": 12, ""hsf_l"": 20.5774, ""sup"": 20, ""chi_bits0"": 10, ""mps_l0"": 34.8181, ""hsf_keff"": 0, ""hsf_l0"": 20.5774, ""sparse_l"": 26.9773, ""sv_l"": 26.9773, ""feat_secs"": 0.003328, ""feat_secs_frame"": 0.000122, ""feat_secs_hsf"": 0.003166}"
ct,"ct:n=20,L=2,t=32,nn=0",1,"{""n"": 20.0, ""L"": 2.0, ""t"": 32.0, ""nn"": 0.0}",tableau,na,,0.0046,1851392,,,4.069993311556913e-19,,"TooLarge { what: ""tableau (non-Clifford circuit)"", bytes: 0, limit: 0 }","{""n"": 20, ""gates"": 126, ""g2"": 20, ""g3"": 0, ""depth2"": 2, ""t_count"": 32, ""rotations"": 32, ""d"": 14, ""dense_l"": 16.9377, ""redundant"": 18, ""obs_zero"": true, ""frame_l"": 6.9773, ""chi_bits"": 10, ""mps_l"": 34.8181, ""hsf_k"": 0, ""hsf_na"": 8, ""hsf_nb"": 12, ""hsf_l"": 20.5774, ""sup"": 20, ""chi_bits0"": 10, ""mps_l0"": 34.8181, ""hsf_keff"": 0, ""hsf_l0"": 20.5774, ""sparse_l"": 26.9773, ""sv_l"": 26.9773, ""feat_secs"": 0.003328, ""feat_secs_frame"": 0.000122, ""feat_secs_hsf"": 0.003166}"
ct,"ct:n=20,L=2,t=32,nn=0",1,"{""n"": 20.0, ""L"": 2.0, ""t"": 32.0, ""nn"": 0.0}",cstate,ok,0.00046,0.0043,2670592,0.0,14,4.069993311556913e-19,4.069993311556913e-19,,"{""n"": 20, ""gates"": 126, ""g2"": 20, ""g3"": 0, ""depth2"": 2, ""t_count"": 32, ""rotations"": 32, ""d"": 14, ""dense_l"": 16.9377, ""redundant"": 18, ""obs_zero"": true, ""frame_l"": 6.9773, ""chi_bits"": 10, ""mps_l"": 34.8181, ""hsf_k"": 0, ""hsf_na"": 8, ""hsf_nb"": 12, ""hsf_l"": 20.5774, ""sup"": 20, ""chi_bits0"": 10, ""mps_l0"": 34.8181, ""hsf_keff"": 0, ""hsf_l0"": 20.5774, ""sparse_l"": 26.9773, ""sv_l"": 26.9773, ""feat_secs"": 0.003328, ""feat_secs_frame"": 0.000122, ""feat_secs_hsf"": 0.003166}"
ct,"ct:n=20,L=2,t=32,nn=0",1,"{""n"": 20.0, ""L"": 2.0, ""t"": 32.0, ""nn"": 0.0}",frame,ok,0.000147,0.0045,2146304,-0.0,0,4.069993311556913e-19,4.069993311556913e-19,switched_at=None dense_qubits=0 peak_terms=0 term_visits=0 dense_ops=0,"{""n"": 20, ""gates"": 126, ""g2"": 20, ""g3"": 0, ""depth2"": 2, ""t_count"": 32, ""rotations"": 32, ""d"": 14, ""dense_l"": 16.9377, ""redundant"": 18, ""obs_zero"": true, ""frame_l"": 6.9773, ""chi_bits"": 10, ""mps_l"": 34.8181, ""hsf_k"": 0, ""hsf_na"": 8, ""hsf_nb"": 12, ""hsf_l"": 20.5774, ""sup"": 20, ""chi_bits0"": 10, ""mps_l0"": 34.8181, ""hsf_keff"": 0, ""hsf_l0"": 20.5774, ""sparse_l"": 26.9773, ""sv_l"": 26.9773, ""feat_secs"": 0.003328, ""feat_secs_frame"": 0.000122, ""feat_secs_hsf"": 0.003166}"
ct,"ct:n=20,L=2,t=32,nn=0",1,"{""n"": 20.0, ""L"": 2.0, ""t"": 32.0, ""nn"": 0.0}",dense,ok,0.000428,0.0072,2834432,0.0,14,4.069993311556913e-19,4.069993311556913e-19,switched_at=Some(30) dense_qubits=14 peak_terms=0 term_visits=0 dense_ops=108639,"{""n"": 20, ""gates"": 126, ""g2"": 20, ""g3"": 0, ""depth2"": 2, ""t_count"": 32, ""rotations"": 32, ""d"": 14, ""dense_l"": 16.9377, ""redundant"": 18, ""obs_zero"": true, ""frame_l"": 6.9773, ""chi_bits"": 10, ""mps_l"": 34.8181, ""hsf_k"": 0, ""hsf_na"": 8, ""hsf_nb"": 12, ""hsf_l"": 20.5774, ""sup"": 20, ""chi_bits0"": 10, ""mps_l0"": 34.8181, ""hsf_keff"": 0, ""hsf_l0"": 20.5774, ""sparse_l"": 26.9773, ""sv_l"": 26.9773, ""feat_secs"": 0.003328, ""feat_secs_frame"": 0.000122, ""feat_secs_hsf"": 0.003166}"
ct,"ct:n=20,L=2,t=32,nn=0",1,"{""n"": 20.0, ""L"": 2.0, ""t"": 32.0, ""nn"": 0.0}",auto,ok,0.000126,0.0045,2179072,-0.0,0,4.069993311556913e-19,4.069993311556913e-19,switched_at=None dense_qubits=0 peak_terms=0 term_visits=0 dense_ops=0,"{""n"": 20, ""gates"": 126, ""g2"": 20, ""g3"": 0, ""depth2"": 2, ""t_count"": 32, ""rotations"": 32, ""d"": 14, ""dense_l"": 16.9377, ""redundant"": 18, ""obs_zero"": true, ""frame_l"": 6.9773, ""chi_bits"": 10, ""mps_l"": 34.8181, ""hsf_k"": 0, ""hsf_na"": 8, ""hsf_nb"": 12, ""hsf_l"": 20.5774, ""sup"": 20, ""chi_bits0"": 10, ""mps_l0"": 34.8181, ""hsf_keff"": 0, ""hsf_l0"": 20.5774, ""sparse_l"": 26.9773, ""sv_l"": 26.9773, ""feat_secs"": 0.003328, ""feat_secs_frame"": 0.000122, ""feat_secs_hsf"": 0.003166}"
ct,"ct:n=20,L=4,t=0,nn=0",1,"{""n"": 20.0, ""L"": 4.0, ""t"": 0.0, ""nn"": 0.0}",sv,ok,0.049917,0.0553,19742720,1.761828530288945e-19,1048576,1.761828530288945e-19,0.0,,"{""n"": 20, ""gates"": 113, ""g2"": 40, ""g3"": 0, ""depth2"": 4, ""t_count"": 0, ""rotations"": 0, ""d"": 0, ""dense_l"": 0.0, ""redundant"": 0, ""obs_zero"": true, ""frame_l"": 6.8202, ""chi_bits"": 10, ""mps_l"": 36.8756, ""hsf_k"": 8, ""hsf_na"": 10, ""hsf_nb"": 10, ""hsf_l"": 26.151, ""sup"": 19, ""chi_bits0"": 10, ""mps_l0"": 36.8756, ""hsf_keff"": 6, ""hsf_l0"": 28.151, ""sparse_l"": 25.8202, ""sv_l"": 26.8202, ""feat_secs"": 0.007986, ""feat_secs_frame"": 0.000178, ""feat_secs_hsf"": 0.007754}"
ct,"ct:n=20,L=4,t=0,nn=0",1,"{""n"": 20.0, ""L"": 4.0, ""t"": 0.0, ""nn"": 0.0}",sparse,ok,0.031259,0.0382,26017792,-5.421010862427522e-20,131072,1.761828530288945e-19,2.303929616531697e-19,,"{""n"": 20, ""gates"": 113, ""g2"": 40, ""g3"": 0, ""depth2"": 4, ""t_count"": 0, ""rotations"": 0, ""d"": 0, ""dense_l"": 0.0, ""redundant"": 0, ""obs_zero"": true, ""frame_l"": 6.8202, ""chi_bits"": 10, ""mps_l"": 36.8756, ""hsf_k"": 8, ""hsf_na"": 10, ""hsf_nb"": 10, ""hsf_l"": 26.151, ""sup"": 19, ""chi_bits0"": 10, ""mps_l0"": 36.8756, ""hsf_keff"": 6, ""hsf_l0"": 28.151, ""sparse_l"": 25.8202, ""sv_l"": 26.8202, ""feat_secs"": 0.007986, ""feat_secs_frame"": 0.000178, ""feat_secs_hsf"": 0.007754}"
ct,"ct:n=20,L=4,t=0,nn=0",1,"{""n"": 20.0, ""L"": 4.0, ""t"": 0.0, ""nn"": 0.0}",mps,ok,1.33281,1.3383,41926656,-5.791814006371592e-13,256,1.761828530288945e-19,5.791815768200122e-13,,"{""n"": 20, ""gates"": 113, ""g2"": 40, ""g3"": 0, ""depth2"": 4, ""t_count"": 0, ""rotations"": 0, ""d"": 0, ""dense_l"": 0.0, ""redundant"": 0, ""obs_zero"": true, ""frame_l"": 6.8202, ""chi_bits"": 10, ""mps_l"": 36.8756, ""hsf_k"": 8, ""hsf_na"": 10, ""hsf_nb"": 10, ""hsf_l"": 26.151, ""sup"": 19, ""chi_bits0"": 10, ""mps_l0"": 36.8756, ""hsf_keff"": 6, ""hsf_l0"": 28.151, ""sparse_l"": 25.8202, ""sv_l"": 26.8202, ""feat_secs"": 0.007986, ""feat_secs_frame"": 0.000178, ""feat_secs_hsf"": 0.007754}"
ct,"ct:n=20,L=4,t=0,nn=0",1,"{""n"": 20.0, ""L"": 4.0, ""t"": 0.0, ""nn"": 0.0}",hsf,ok,0.031739,0.0368,22921216,-2.446989175499447e-55,256,1.761828530288945e-19,1.761828530288945e-19,,"{""n"": 20, ""gates"": 113, ""g2"": 40, ""g3"": 0, ""depth2"": 4, ""t_count"": 0, ""rotations"": 0, ""d"": 0, ""dense_l"": 0.0, ""redundant"": 0, ""obs_zero"": true, ""frame_l"": 6.8202, ""chi_bits"": 10, ""mps_l"": 36.8756, ""hsf_k"": 8, ""hsf_na"": 10, ""hsf_nb"": 10, ""hsf_l"": 26.151, ""sup"": 19, ""chi_bits0"": 10, ""mps_l0"": 36.8756, ""hsf_keff"": 6, ""hsf_l0"": 28.151, ""sparse_l"": 25.8202, ""sv_l"": 26.8202, ""feat_secs"": 0.007986, ""feat_secs_frame"": 0.000178, ""feat_secs_hsf"": 0.007754}"
ct,"ct:n=20,L=4,t=0,nn=0",1,"{""n"": 20.0, ""L"": 4.0, ""t"": 0.0, ""nn"": 0.0}",tableau,ok,4.7e-05,0.0045,2031616,-0.0,0,1.761828530288945e-19,1.761828530288945e-19,value recomputed after the C-vs-C† fix (timing from the original run),"{""n"": 20, ""gates"": 113, ""g2"": 40, ""g3"": 0, ""depth2"": 4, ""t_count"": 0, ""rotations"": 0, ""d"": 0, ""dense_l"": 0.0, ""redundant"": 0, ""obs_zero"": true, ""frame_l"": 6.8202, ""chi_bits"": 10, ""mps_l"": 36.8756, ""hsf_k"": 8, ""hsf_na"": 10, ""hsf_nb"": 10, ""hsf_l"": 26.151, ""sup"": 19, ""chi_bits0"": 10, ""mps_l0"": 36.8756, ""hsf_keff"": 6, ""hsf_l0"": 28.151, ""sparse_l"": 25.8202, ""sv_l"": 26.8202, ""feat_secs"": 0.007986, ""feat_secs_frame"": 0.000178, ""feat_secs_hsf"": 0.007754}"
ct,"ct:n=20,L=4,t=0,nn=0",1,"{""n"": 20.0, ""L"": 4.0, ""t"": 0.0, ""nn"": 0.0}",cstate,ok,0.000106,0.0043,1982464,0.0,0,1.761828530288945e-19,1.761828530288945e-19,,"{""n"": 20, ""gates"": 113, ""g2"": 40, ""g3"": 0, ""depth2"": 4, ""t_count"": 0, ""rotations"": 0, ""d"": 0, ""dense_l"": 0.0, ""redundant"": 0, ""obs_zero"": true, ""frame_l"": 6.8202, ""chi_bits"": 10, ""mps_l"": 36.8756, ""hsf_k"": 8, ""hsf_na"": 10, ""hsf_nb"": 10, ""hsf_l"": 26.151, ""sup"": 19, ""chi_bits0"": 10, ""mps_l0"": 36.8756, ""hsf_keff"": 6, ""hsf_l0"": 28.151, ""sparse_l"": 25.8202, ""sv_l"": 26.8202, ""feat_secs"": 0.007986, ""feat_secs_frame"": 0.000178, ""feat_secs_hsf"": 0.007754}"
ct,"ct:n=20,L=4,t=0,nn=0",1,"{""n"": 20.0, ""L"": 4.0, ""t"": 0.0, ""nn"": 0.0}",frame,ok,0.00011,0.0045,2162688,-0.0,0,1.761828530288945e-19,1.761828530288945e-19,switched_at=None dense_qubits=0 peak_terms=0 term_visits=0 dense_ops=0,"{""n"": 20, ""gates"": 113, ""g2"": 40, ""g3"": 0, ""depth2"": 4, ""t_count"": 0, ""rotations"": 0, ""d"": 0, ""dense_l"": 0.0, ""redundant"": 0, ""obs_zero"": true, ""frame_l"": 6.8202, ""chi_bits"": 10, ""mps_l"": 36.8756, ""hsf_k"": 8, ""hsf_na"": 10, ""hsf_nb"": 10, ""hsf_l"": 26.151, ""sup"": 19, ""chi_bits0"": 10, ""mps_l0"": 36.8756, ""hsf_keff"": 6, ""hsf_l0"": 28.151, ""sparse_l"": 25.8202, ""sv_l"": 26.8202, ""feat_secs"": 0.007986, ""feat_secs_frame"": 0.000178, ""feat_secs_hsf"": 0.007754}"
ct,"ct:n=20,L=4,t=0,nn=0",1,"{""n"": 20.0, ""L"": 4.0, ""t"": 0.0, ""nn"": 0.0}",dense,ok,0.000112,0.0041,2162688,-0.0,0,1.761828530288945e-19,1.761828530288945e-19,switched_at=None dense_qubits=0 peak_terms=0 term_visits=0 dense_ops=0,"{""n"": 20, ""gates"": 113, ""g2"": 40, ""g3"": 0, ""depth2"": 4, ""t_count"": 0, ""rotations"": 0, ""d"": 0, ""dense_l"": 0.0, ""redundant"": 0, ""obs_zero"": true, ""frame_l"": 6.8202, ""chi_bits"": 10, ""mps_l"": 36.8756, ""hsf_k"": 8, ""hsf_na"": 10, ""hsf_nb"": 10, ""hsf_l"": 26.151, ""sup"": 19, ""chi_bits0"": 10, ""mps_l0"": 36.8756, ""hsf_keff"": 6, ""hsf_l0"": 28.151, ""sparse_l"": 25.8202, ""sv_l"": 26.8202, ""feat_secs"": 0.007986, ""feat_secs_frame"": 0.000178, ""feat_secs_hsf"": 0.007754}"
ct,"ct:n=20,L=4,t=0,nn=0",1,"{""n"": 20.0, ""L"": 4.0, ""t"": 0.0, ""nn"": 0.0}",auto,ok,0.000109,0.0043,2162688,-0.0,0,1.761828530288945e-19,1.761828530288945e-19,switched_at=None dense_qubits=0 peak_terms=0 term_visits=0 dense_ops=0,"{""n"": 20, ""gates"": 113, ""g2"": 40, ""g3"": 0, ""depth2"": 4, ""t_count"": 0, ""rotations"": 0, ""d"": 0, ""dense_l"": 0.0, ""redundant"": 0, ""obs_zero"": true, ""frame_l"": 6.8202, ""chi_bits"": 10, ""mps_l"": 36.8756, ""hsf_k"": 8, ""hsf_na"": 10, ""hsf_nb"": 10, ""hsf_l"": 26.151, ""sup"": 19, ""chi_bits0"": 10, ""mps_l0"": 36.8756, ""hsf_keff"": 6, ""hsf_l0"": 28.151, ""sparse_l"": 25.8202, ""sv_l"": 26.8202, ""feat_secs"": 0.007986, ""feat_secs_frame"": 0.000178, ""feat_secs_hsf"": 0.007754}"
ct,"ct:n=20,L=4,t=4,nn=0",1,"{""n"": 20.0, ""L"": 4.0, ""t"": 4.0, ""nn"": 0.0}",sv,ok,0.050539,0.0563,19759104,1.583951611365542e-19,1048576,1.583951611365542e-19,0.0,,"{""n"": 20, ""gates"": 122, ""g2"": 40, ""g3"": 0, ""depth2"": 4, ""t_count"": 4, ""rotations"": 4, ""d"": 3, ""dense_l"": 4.1699, ""redundant"": 1, ""obs_zero"": true, ""frame_l"": 6.9307, ""chi_bits"": 10, ""mps_l"": 37.7999, ""hsf_k"": 10, ""hsf_na"": 10, ""hsf_nb"": 10, ""hsf_l"": 26.1624, ""sup"": 19, ""chi_bits0"": 10, ""mps_l0"": 37.7999, ""hsf_keff"": 6, ""hsf_l0"": 30.1624, ""sparse_l"": 25.9307, ""sv_l"": 26.9307, ""feat_secs"": 0.0075, ""feat_secs_frame"": 0.000142, ""feat_secs_hsf"": 0.00731}"
ct,"ct:n=20,L=4,t=4,nn=0",1,"{""n"": 20.0, ""L"": 4.0, ""t"": 4.0, ""nn"": 0.0}",sparse,ok,0.135609,0.1423,58638336,-1.644302708857411e-19,262144,1.583951611365542e-19,3.228254320222953e-19,,"{""n"": 20, ""gates"": 122, ""g2"": 40, ""g3"": 0, ""depth2"": 4, ""t_count"": 4, ""rotations"": 4, ""d"": 3, ""dense_l"": 4.1699, ""redundant"": 1, ""obs_zero"": true, ""frame_l"": 6.9307, ""chi_bits"": 10, ""mps_l"": 37.7999, ""hsf_k"": 10, ""hsf_na"": 10, ""hsf_nb"": 10, ""hsf_l"": 26.1624, ""sup"": 19, ""chi_bits0"": 10, ""mps_l0"": 37.7999, ""hsf_keff"": 6, ""hsf_l0"": 30.1624, ""sparse_l"": 25.9307, ""sv_l"": 26.9307, ""feat_secs"": 0.0075, ""feat_secs_frame"": 0.000142, ""feat_secs_hsf"": 0.00731}"
ct,"ct:n=20,L=4,t=4,nn=0",1,"{""n"": 20.0, ""L"": 4.0, ""t"": 4.0, ""nn"": 0.0}",mps,ok,0.070863,0.0752,6602752,-1.248567221834669e-15,32,1.583951611365542e-19,1.2487256169958055e-15,,"{""n"": 20, ""gates"": 122, ""g2"": 40, ""g3"": 0, ""depth2"": 4, ""t_count"": 4, ""rotations"": 4, ""d"": 3, ""dense_l"": 4.1699, ""redundant"": 1, ""obs_zero"": true, ""frame_l"": 6.9307, ""chi_bits"": 10, ""mps_l"": 37.7999, ""hsf_k"": 10, ""hsf_na"": 10, ""hsf_nb"": 10, ""hsf_l"": 26.1624, ""sup"": 19, ""chi_bits0"": 10, ""mps_l0"": 37.7999, ""hsf_keff"": 6, ""hsf_l0"": 30.1624, ""sparse_l"": 25.9307, ""sv_l"": 26.9307, ""feat_secs"": 0.0075, ""feat_secs_frame"": 0.000142, ""feat_secs_hsf"": 0.00731}"
ct,"ct:n=20,L=4,t=4,nn=0",1,"{""n"": 20.0, ""L"": 4.0, ""t"": 4.0, ""nn"": 0.0}",hsf,ok,0.030332,0.0356,22986752,-2.782503231730377e-19,1024,1.583951611365542e-19,4.366454843095919e-19,,"{""n"": 20, ""gates"": 122, ""g2"": 40, ""g3"": 0, ""depth2"": 4, ""t_count"": 4, ""rotations"": 4, ""d"": 3, ""dense_l"": 4.1699, ""redundant"": 1, ""obs_zero"": true, ""frame_l"": 6.9307, ""chi_bits"": 10, ""mps_l"": 37.7999, ""hsf_k"": 10, ""hsf_na"": 10, ""hsf_nb"": 10, ""hsf_l"": 26.1624, ""sup"": 19, ""chi_bits0"": 10, ""mps_l0"": 37.7999, ""hsf_keff"": 6, ""hsf_l0"": 30.1624, ""sparse_l"": 25.9307, ""sv_l"": 26.9307, ""feat_secs"": 0.0075, ""feat_secs_frame"": 0.000142, ""feat_secs_hsf"": 0.00731}"
ct,"ct:n=20,L=4,t=4,nn=0",1,"{""n"": 20.0, ""L"": 4.0, ""t"": 4.0, ""nn"": 0.0}",tableau,na,,0.0071,1851392,,,1.583951611365542e-19,,"TooLarge { what: ""tableau (non-Clifford circuit)"", bytes: 0, limit: 0 }","{""n"": 20, ""gates"": 122, ""g2"": 40, ""g3"": 0, ""depth2"": 4, ""t_count"": 4, ""rotations"": 4, ""d"": 3, ""dense_l"": 4.1699, ""redundant"": 1, ""obs_zero"": true, ""frame_l"": 6.9307, ""chi_bits"": 10, ""mps_l"": 37.7999, ""hsf_k"": 10, ""hsf_na"": 10, ""hsf_nb"": 10, ""hsf_l"": 26.1624, ""sup"": 19, ""chi_bits0"": 10, ""mps_l0"": 37.7999, ""hsf_keff"": 6, ""hsf_l0"": 30.1624, ""sparse_l"": 25.9307, ""sv_l"": 26.9307, ""feat_secs"": 0.0075, ""feat_secs_frame"": 0.000142, ""feat_secs_hsf"": 0.00731}"
ct,"ct:n=20,L=4,t=4,nn=0",1,"{""n"": 20.0, ""L"": 4.0, ""t"": 4.0, ""nn"": 0.0}",cstate,ok,9.7e-05,0.0043,1982464,0.0,3,1.583951611365542e-19,1.583951611365542e-19,,"{""n"": 20, ""gates"": 122, ""g2"": 40, ""g3"": 0, ""depth2"": 4, ""t_count"": 4, ""rotations"": 4, ""d"": 3, ""dense_l"": 4.1699, ""redundant"": 1, ""obs_zero"": true, ""frame_l"": 6.9307, ""chi_bits"": 10, ""mps_l"": 37.7999, ""hsf_k"": 10, ""hsf_na"": 10, ""hsf_nb"": 10, ""hsf_l"": 26.1624, ""sup"": 19, ""chi_bits0"": 10, ""mps_l0"": 37.7999, ""hsf_keff"": 6, ""hsf_l0"": 30.1624, ""sparse_l"": 25.9307, ""sv_l"": 26.9307, ""feat_secs"": 0.0075, ""feat_secs_frame"": 0.000142, ""feat_secs_hsf"": 0.00731}"
ct,"ct:n=20,L=4,t=4,nn=0",1,"{""n"": 20.0, ""L"": 4.0, ""t"": 4.0, ""nn"": 0.0}",frame,ok,0.000197,0.0046,2457600,-0.0,0,1.583951611365542e-19,1.583951611365542e-19,switched_at=None dense_qubits=0 peak_terms=0 term_visits=0 dense_ops=0,"{""n"": 20, ""gates"": 122, ""g2"": 40, ""g3"": 0, ""depth2"": 4, ""t_count"": 4, ""rotations"": 4, ""d"": 3, ""dense_l"": 4.1699, ""redundant"": 1, ""obs_zero"": true, ""frame_l"": 6.9307, ""chi_bits"": 10, ""mps_l"": 37.7999, ""hsf_k"": 10, ""hsf_na"": 10, ""hsf_nb"": 10, ""hsf_l"": 26.1624, ""sup"": 19, ""chi_bits0"": 10, ""mps_l0"": 37.7999, ""hsf_keff"": 6, ""hsf_l0"": 30.1624, ""sparse_l"": 25.9307, ""sv_l"": 26.9307, ""feat_secs"": 0.0075, ""feat_secs_frame"": 0.000142, ""feat_secs_hsf"": 0.00731}"
ct,"ct:n=20,L=4,t=4,nn=0",1,"{""n"": 20.0, ""L"": 4.0, ""t"": 4.0, ""nn"": 0.0}",dense,ok,0.000125,0.0042,2195456,0.0,3,1.583951611365542e-19,1.583951611365542e-19,switched_at=Some(4) dense_qubits=3 peak_terms=0 term_visits=0 dense_ops=18,"{""n"": 20, ""gates"": 122, ""g2"": 40, ""g3"": 0, ""depth2"": 4, ""t_count"": 4, ""rotations"": 4, ""d"": 3, ""dense_l"": 4.1699, ""redundant"": 1, ""obs_zero"": true, ""frame_l"": 6.9307, ""chi_bits"": 10, ""mps_l"": 37.7999, ""hsf_k"": 10, ""hsf_na"": 10, ""hsf_nb"": 10, ""hsf_l"": 26.1624, ""sup"": 19, ""chi_bits0"": 10, ""mps_l0"": 37.7999, ""hsf_keff"": 6, ""hsf_l0"": 30.1624, ""sparse_l"": 25.9307, ""sv_l"": 26.9307, ""feat_secs"": 0.0075, ""feat_secs_frame"": 0.000142, ""feat_secs_hsf"": 0.00731}"
ct,"ct:n=20,L=4,t=4,nn=0",1,"{""n"": 20.0, ""L"": 4.0, ""t"": 4.0, ""nn"": 0.0}",auto,ok,0.000115,0.0039,2179072,0.0,3,1.583951611365542e-19,1.583951611365542e-19,switched_at=Some(4) dense_qubits=3 peak_terms=0 term_visits=0 dense_ops=18,"{""n"": 20, ""gates"": 122, ""g2"": 40, ""g3"": 0, ""depth2"": 4, ""t_count"": 4, ""rotations"": 4, ""d"": 3, ""dense_l"": 4.1699, ""redundant"": 1, ""obs_zero"": true, ""frame_l"": 6.9307, ""chi_bits"": 10, ""mps_l"": 37.7999, ""hsf_k"": 10, ""hsf_na"": 10, ""hsf_nb"": 10, ""hsf_l"": 26.1624, ""sup"": 19, ""chi_bits0"": 10, ""mps_l0"": 37.7999, ""hsf_keff"": 6, ""hsf_l0"": 30.1624, ""sparse_l"": 25.9307, ""sv_l"": 26.9307, ""feat_secs"": 0.0075, ""feat_secs_frame"": 0.000142, ""feat_secs_hsf"": 0.00731}"
ct,"ct:n=20,L=4,t=8,nn=0",1,"{""n"": 20.0, ""L"": 4.0, ""t"": 8.0, ""nn"": 0.0}",sv,ok,0.050577,0.0549,19759104,-3.100140586950739e-19,1048576,-3.100140586950739e-19,0.0,,"{""n"": 20, ""gates"": 138, ""g2"": 40, ""g3"": 0, ""depth2"": 4, ""t_count"": 8, ""rotations"": 8, ""d"": 6, ""dense_l"": 7.3399, ""redundant"": 2, ""obs_zero"": true, ""frame_l"": 7.1085, ""chi_bits"": 10, ""mps_l"": 37.6089, ""hsf_k"": 8, ""hsf_na"": 10, ""hsf_nb"": 10, ""hsf_l"": 28.1824, ""sup"": 19, ""chi_bits0"": 10, ""mps_l0"": 37.6089, ""hsf_keff"": 8, ""hsf_l0"": 28.1824, ""sparse_l"": 26.1085, ""sv_l"": 27.1085, ""feat_secs"": 0.00555, ""feat_secs_frame"": 0.000174, ""feat_secs_hsf"": 0.005322}"
ct,"ct:n=20,L=4,t=8,nn=0",1,"{""n"": 20.0, ""L"": 4.0, ""t"": 8.0, ""nn"": 0.0}",sparse,ok,0.149608,0.1559,34848768,2.412349833780247e-18,131072,-3.100140586950739e-19,2.722363892475321e-18,,"{""n"": 20, ""gates"": 138, ""g2"": 40, ""g3"": 0, ""depth2"": 4, ""t_count"": 8, ""rotations"": 8, ""d"": 6, ""dense_l"": 7.3399, ""redundant"": 2, ""obs_zero"": true, ""frame_l"": 7.1085, ""chi_bits"": 10, ""mps_l"": 37.6089, ""hsf_k"": 8, ""hsf_na"": 10, ""hsf_nb"": 10, ""hsf_l"": 28.1824, ""sup"": 19, ""chi_bits0"": 10, ""mps_l0"": 37.6089, ""hsf_keff"": 8, ""hsf_l0"": 28.1824, ""sparse_l"": 26.1085, ""sv_l"": 27.1085, ""feat_secs"": 0.00555, ""feat_secs_frame"": 0.000174, ""feat_secs_hsf"": 0.005322}"
ct,"ct:n=20,L=4,t=8,nn=0",1,"{""n"": 20.0, ""L"": 4.0, ""t"": 8.0, ""nn"": 0.0}",mps,ok,0.617197,0.6245,28246016,-1.860761978529296e-16,256,-3.100140586950739e-19,1.8576618379423452e-16,,"{""n"": 20, ""gates"": 138, ""g2"": 40, ""g3"": 0, ""depth2"": 4, ""t_count"": 8, ""rotations"": 8, ""d"": 6, ""dense_l"": 7.3399, ""redundant"": 2, ""obs_zero"": true, ""frame_l"": 7.1085, ""chi_bits"": 10, ""mps_l"": 37.6089, ""hsf_k"": 8, ""hsf_na"": 10, ""hsf_nb"": 10, ""hsf_l"": 28.1824, ""sup"": 19, ""chi_bits0"": 10, ""mps_l0"": 37.6089, ""hsf_keff"": 8, ""hsf_l0"": 28.1824, ""sparse_l"": 26.1085, ""sv_l"": 27.1085, ""feat_secs"": 0.00555, ""feat_secs_frame"": 0.000174, ""feat_secs_hsf"": 0.005322}"
ct,"ct:n=20,L=4,t=8,nn=0",1,"{""n"": 20.0, ""L"": 4.0, ""t"": 8.0, ""nn"": 0.0}",hsf,ok,0.083637,0.0899,22921216,1.526353370952249e-18,256,-3.100140586950739e-19,1.8363674296473227e-18,,"{""n"": 20, ""gates"": 138, ""g2"": 40, ""g3"": 0, ""depth2"": 4, ""t_count"": 8, ""rotations"": 8, ""d"": 6, ""dense_l"": 7.3399, ""redundant"": 2, ""obs_zero"": true, ""frame_l"": 7.1085, ""chi_bits"": 10, ""mps_l"": 37.6089, ""hsf_k"": 8, ""hsf_na"": 10, ""hsf_nb"": 10, ""hsf_l"": 28.1824, ""sup"": 19, ""chi_bits0"": 10, ""mps_l0"": 37.6089, ""hsf_keff"": 8, ""hsf_l0"": 28.1824, ""sparse_l"": 26.1085, ""sv_l"": 27.1085, ""feat_secs"": 0.00555, ""feat_secs_frame"": 0.000174, ""feat_secs_hsf"": 0.005322}"
ct,"ct:n=20,L=4,t=8,nn=0",1,"{""n"": 20.0, ""L"": 4.0, ""t"": 8.0, ""nn"": 0.0}",tableau,na,,0.0045,1884160,,,-3.100140586950739e-19,,"TooLarge { what: ""tableau (non-Clifford circuit)"", bytes: 0, limit: 0 }","{""n"": 20, ""gates"": 138, ""g2"": 40, ""g3"": 0, ""depth2"": 4, ""t_count"": 8, ""rotations"": 8, ""d"": 6, ""dense_l"": 7.3399, ""redundant"": 2, ""obs_zero"": true, ""frame_l"": 7.1085, ""chi_bits"": 10, ""mps_l"": 37.6089, ""hsf_k"": 8, ""hsf_na"": 10, ""hsf_nb"": 10, ""hsf_l"": 28.1824, ""sup"": 19, ""chi_bits0"": 10, ""mps_l0"": 37.6089, ""hsf_keff"": 8, ""hsf_l0"": 28.1824, ""sparse_l"": 26.1085, ""sv_l"": 27.1085, ""feat_secs"": 0.00555, ""feat_secs_frame"": 0.000174, ""feat_secs_hsf"": 0.005322}"
ct,"ct:n=20,L=4,t=8,nn=0",1,"{""n"": 20.0, ""L"": 4.0, ""t"": 8.0, ""nn"": 0.0}",cstate,ok,0.000104,0.0046,2031616,0.0,6,-3.100140586950739e-19,3.100140586950739e-19,,"{""n"": 20, ""gates"": 138, ""g2"": 40, ""g3"": 0, ""depth2"": 4, ""t_count"": 8, ""rotations"": 8, ""d"": 6, ""dense_l"": 7.3399, ""redundant"": 2, ""obs_zero"": true, ""frame_l"": 7.1085, ""chi_bits"": 10, ""mps_l"": 37.6089, ""hsf_k"": 8, ""hsf_na"": 10, ""hsf_nb"": 10, ""hsf_l"": 28.1824, ""sup"": 19, ""chi_bits0"": 10, ""mps_l0"": 37.6089, ""hsf_keff"": 8, ""hsf_l0"": 28.1824, ""sparse_l"": 26.1085, ""sv_l"": 27.1085, ""feat_secs"": 0.00555, ""feat_secs_frame"": 0.000174, ""feat_secs_hsf"": 0.005322}"
ct,"ct:n=20,L=4,t=8,nn=0",1,"{""n"": 20.0, ""L"": 4.0, ""t"": 8.0, ""nn"": 0.0}",frame,ok,0.000227,0.0040,2457600,-0.0,0,-3.100140586950739e-19,3.100140586950739e-19,switched_at=None dense_qubits=0 peak_terms=0 term_visits=0 dense_ops=0,"{""n"": 20, ""gates"": 138, ""g2"": 40, ""g3"": 0, ""depth2"": 4, ""t_count"": 8, ""rotations"": 8, ""d"": 6, ""dense_l"": 7.3399, ""redundant"": 2, ""obs_zero"": true, ""frame_l"": 7.1085, ""chi_bits"": 10, ""mps_l"": 37.6089, ""hsf_k"": 8, ""hsf_na"": 10, ""hsf_nb"": 10, ""hsf_l"": 28.1824, ""sup"": 19, ""chi_bits0"": 10, ""mps_l0"": 37.6089, ""hsf_keff"": 8, ""hsf_l0"": 28.1824, ""sparse_l"": 26.1085, ""sv_l"": 27.1085, ""feat_secs"": 0.00555, ""feat_secs_frame"": 0.000174, ""feat_secs_hsf"": 0.005322}"
ct,"ct:n=20,L=4,t=8,nn=0",1,"{""n"": 20.0, ""L"": 4.0, ""t"": 8.0, ""nn"": 0.0}",dense,ok,0.000163,0.0044,2195456,0.0,6,-3.100140586950739e-19,3.100140586950739e-19,switched_at=Some(8) dense_qubits=6 peak_terms=0 term_visits=0 dense_ops=162,"{""n"": 20, ""gates"": 138, ""g2"": 40, ""g3"": 0, ""depth2"": 4, ""t_count"": 8, ""rotations"": 8, ""d"": 6, ""dense_l"": 7.3399, ""redundant"": 2, ""obs_zero"": true, ""frame_l"": 7.1085, ""chi_bits"": 10, ""mps_l"": 37.6089, ""hsf_k"": 8, ""hsf_na"": 10, ""hsf_nb"": 10, ""hsf_l"": 28.1824, ""sup"": 19, ""chi_bits0"": 10, ""mps_l0"": 37.6089, ""hsf_keff"": 8, ""hsf_l0"": 28.1824, ""sparse_l"": 26.1085, ""sv_l"": 27.1085, ""feat_secs"": 0.00555, ""feat_secs_frame"": 0.000174, ""feat_secs_hsf"": 0.005322}"
ct,"ct:n=20,L=4,t=8,nn=0",1,"{""n"": 20.0, ""L"": 4.0, ""t"": 8.0, ""nn"": 0.0}",auto,ok,0.000233,0.0043,2457600,-0.0,0,-3.100140586950739e-19,3.100140586950739e-19,switched_at=None dense_qubits=0 peak_terms=0 term_visits=0 dense_ops=0,"{""n"": 20, ""gates"": 138, ""g2"": 40, ""g3"": 0, ""depth2"": 4, ""t_count"": 8, ""rotations"": 8, ""d"": 6, ""dense_l"": 7.3399, ""redundant"": 2, ""obs_zero"": true, ""frame_l"": 7.1085, ""chi_bits"": 10, ""mps_l"": 37.6089, ""hsf_k"": 8, ""hsf_na"": 10, ""hsf_nb"": 10, ""hsf_l"": 28.1824, ""sup"": 19, ""chi_bits0"": 10, ""mps_l0"": 37.6089, ""hsf_keff"": 8, ""hsf_l0"": 28.1824, ""sparse_l"": 26.1085, ""sv_l"": 27.1085, ""feat_secs"": 0.00555, ""feat_secs_frame"": 0.000174, ""feat_secs_hsf"": 0.005322}"
ct,"ct:n=20,L=4,t=16,nn=0",1,"{""n"": 20.0, ""L"": 4.0, ""t"": 16.0, ""nn"": 0.0}",sv,ok,0.061271,0.0677,19775488,6.116504321462108e-20,1048576,6.116504321462108e-20,0.0,,"{""n"": 20, ""gates"": 156, ""g2"": 40, ""g3"": 0, ""depth2"": 4, ""t_count"": 16, ""rotations"": 16, ""d"": 10, ""dense_l"": 11.3685, ""redundant"": 6, ""obs_zero"": true, ""frame_l"": 7.2854, ""chi_bits"": 10, ""mps_l"": 38.1076, ""hsf_k"": 8, ""hsf_na"": 10, ""hsf_nb"": 10, ""hsf_l"": 28.2046, ""sup"": 20, ""chi_bits0"": 10, ""mps_l0"": 38.1076, ""hsf_keff"": 8, ""hsf_l0"": 28.2046, ""sparse_l"": 27.2854, ""sv_l"": 27.2854, ""feat_secs"": 0.007586, ""feat_secs_frame"": 0.000186, ""feat_secs_hsf"": 0.007347}"
ct,"ct:n=20,L=4,t=16,nn=0",1,"{""n"": 20.0, ""L"": 4.0, ""t"": 16.0, ""nn"": 0.0}",sparse,ok,0.918357,0.9246,215629824,3.958820237229786e-18,1048576,6.116504321462108e-20,3.897655194015165e-18,,"{""n"": 20, ""gates"": 156, ""g2"": 40, ""g3"": 0, ""depth2"": 4, ""t_count"": 16, ""rotations"": 16, ""d"": 10, ""dense_l"": 11.3685, ""redundant"": 6, ""obs_zero"": true, ""frame_l"": 7.2854, ""chi_bits"": 10, ""mps_l"": 38.1076, ""hsf_k"": 8, ""hsf_na"": 10, ""hsf_nb"": 10, ""hsf_l"": 28.2046, ""sup"": 20, ""chi_bits0"": 10, ""mps_l0"": 38.1076, ""hsf_keff"": 8, ""hsf_l0"": 28.2046, ""sparse_l"": 27.2854, ""sv_l"": 27.2854, ""feat_secs"": 0.007586, ""feat_secs_frame"": 0.000186, ""feat_secs_hsf"": 0.007347}"
ct,"ct:n=20,L=4,t=16,nn=0",1,"{""n"": 20.0, ""L"": 4.0, ""t"": 16.0, ""nn"": 0.0}",mps,timeout,,10.0021,119685120,,,6.116504321462108e-20,,timeout,"{""n"": 20, ""gates"": 156, ""g2"": 40, ""g3"": 0, ""depth2"": 4, ""t_count"": 16, ""rotations"": 16, ""d"": 10, ""dense_l"": 11.3685, ""redundant"": 6, ""obs_zero"": true, ""frame_l"": 7.2854, ""chi_bits"": 10, ""mps_l"": 38.1076, ""hsf_k"": 8, ""hsf_na"": 10, ""hsf_nb"": 10, ""hsf_l"": 28.2046, ""sup"": 20, ""chi_bits0"": 10, ""mps_l0"": 38.1076, ""hsf_keff"": 8, ""hsf_l0"": 28.2046, ""sparse_l"": 27.2854, ""sv_l"": 27.2854, ""feat_secs"": 0.007586, ""feat_secs_frame"": 0.000186, ""feat_secs_hsf"": 0.007347}"
ct,"ct:n=20,L=4,t=16,nn=0",1,"{""n"": 20.0, ""L"": 4.0, ""t"": 16.0, ""nn"": 0.0}",hsf,ok,0.082476,0.0883,22921216,6.612150944503882e-20,256,6.116504321462108e-20,4.956466230417742e-21,,"{""n"": 20, ""gates"": 156, ""g2"": 40, ""g3"": 0, ""depth2"": 4, ""t_count"": 16, ""rotations"": 16, ""d"": 10, ""dense_l"": 11.3685, ""redundant"": 6, ""obs_zero"": true, ""frame_l"": 7.2854, ""chi_bits"": 10, ""mps_l"": 38.1076, ""hsf_k"": 8, ""hsf_na"": 10, ""hsf_nb"": 10, ""hsf_l"": 28.2046, ""sup"": 20, ""chi_bits0"": 10, ""mps_l0"": 38.1076, ""hsf_keff"": 8, ""hsf_l0"": 28.2046, ""sparse_l"": 27.2854, ""sv_l"": 27.2854, ""feat_secs"": 0.007586, ""feat_secs_frame"": 0.000186, ""feat_secs_hsf"": 0.007347}"
ct,"ct:n=20,L=4,t=16,nn=0",1,"{""n"": 20.0, ""L"": 4.0, ""t"": 16.0, ""nn"": 0.0}",tableau,na,,0.0044,1867776,,,6.116504321462108e-20,,"TooLarge { what: ""tableau (non-Clifford circuit)"", bytes: 0, limit: 0 }","{""n"": 20, ""gates"": 156, ""g2"": 40, ""g3"": 0, ""depth2"": 4, ""t_count"": 16, ""rotations"": 16, ""d"": 10, ""dense_l"": 11.3685, ""redundant"": 6, ""obs_zero"": true, ""frame_l"": 7.2854, ""chi_bits"": 10, ""mps_l"": 38.1076, ""hsf_k"": 8, ""hsf_na"": 10, ""hsf_nb"": 10, ""hsf_l"": 28.2046, ""sup"": 20, ""chi_bits0"": 10, ""mps_l0"": 38.1076, ""hsf_keff"": 8, ""hsf_l0"": 28.2046, ""sparse_l"": 27.2854, ""sv_l"": 27.2854, ""feat_secs"": 0.007586, ""feat_secs_frame"": 0.000186, ""feat_secs_hsf"": 0.007347}"
ct,"ct:n=20,L=4,t=16,nn=0",1,"{""n"": 20.0, ""L"": 4.0, ""t"": 16.0, ""nn"": 0.0}",cstate,ok,0.000125,0.0047,2048000,0.0,10,6.116504321462108e-20,6.116504321462108e-20,,"{""n"": 20, ""gates"": 156, ""g2"": 40, ""g3"": 0, ""depth2"": 4, ""t_count"": 16, ""rotations"": 16, ""d"": 10, ""dense_l"": 11.3685, ""redundant"": 6, ""obs_zero"": true, ""frame_l"": 7.2854, ""chi_bits"": 10, ""mps_l"": 38.1076, ""hsf_k"": 8, ""hsf_na"": 10, ""hsf_nb"": 10, ""hsf_l"": 28.2046, ""sup"": 20, ""chi_bits0"": 10, ""mps_l0"": 38.1076, ""hsf_keff"": 8, ""hsf_l0"": 28.2046, ""sparse_l"": 27.2854, ""sv_l"": 27.2854, ""feat_secs"": 0.007586, ""feat_secs_frame"": 0.000186, ""feat_secs_hsf"": 0.007347}"
ct,"ct:n=20,L=4,t=16,nn=0",1,"{""n"": 20.0, ""L"": 4.0, ""t"": 16.0, ""nn"": 0.0}",frame,ok,0.000264,0.0043,2457600,-0.0,0,6.116504321462108e-20,6.116504321462108e-20,switched_at=None dense_qubits=0 peak_terms=0 term_visits=0 dense_ops=0,"{""n"": 20, ""gates"": 156, ""g2"": 40, ""g3"": 0, ""depth2"": 4, ""t_count"": 16, ""rotations"": 16, ""d"": 10, ""dense_l"": 11.3685, ""redundant"": 6, ""obs_zero"": true, ""frame_l"": 7.2854, ""chi_bits"": 10, ""mps_l"": 38.1076, ""hsf_k"": 8, ""hsf_na"": 10, ""hsf_nb"": 10, ""hsf_l"": 28.2046, ""sup"": 20, ""chi_bits0"": 10, ""mps_l0"": 38.1076, ""hsf_keff"": 8, ""hsf_l0"": 28.2046, ""sparse_l"": 27.2854, ""sv_l"": 27.2854, ""feat_secs"": 0.007586, ""feat_secs_frame"": 0.000186, ""feat_secs_hsf"": 0.007347}"
ct,"ct:n=20,L=4,t=16,nn=0",1,"{""n"": 20.0, ""L"": 4.0, ""t"": 16.0, ""nn"": 0.0}",dense,ok,0.000128,0.0042,2211840,0.0,10,6.116504321462108e-20,6.116504321462108e-20,switched_at=Some(14) dense_qubits=10 peak_terms=0 term_visits=0 dense_ops=2116,"{""n"": 20, ""gates"": 156, ""g2"": 40, ""g3"": 0, ""depth2"": 4, ""t_count"": 16, ""rotations"": 16, ""d"": 10, ""dense_l"": 11.3685, ""redundant"": 6, ""obs_zero"": true, ""frame_l"": 7.2854, ""chi_bits"": 10, ""mps_l"": 38.1076, ""hsf_k"": 8, ""hsf_na"": 10, ""hsf_nb"": 10, ""hsf_l"": 28.2046, ""sup"": 20, ""chi_bits0"": 10, ""mps_l0"": 38.1076, ""hsf_keff"": 8, ""hsf_l0"": 28.2046, ""sparse_l"": 27.2854, ""sv_l"": 27.2854, ""feat_secs"": 0.007586, ""feat_secs_frame"": 0.000186, ""feat_secs_hsf"": 0.007347}"
ct,"ct:n=20,L=4,t=16,nn=0",1,"{""n"": 20.0, ""L"": 4.0, ""t"": 16.0, ""nn"": 0.0}",auto,ok,0.000215,0.0041,2457600,-0.0,0,6.116504321462108e-20,6.116504321462108e-20,switched_at=None dense_qubits=0 peak_terms=0 term_visits=0 dense_ops=0,"{""n"": 20, ""gates"": 156, ""g2"": 40, ""g3"": 0, ""depth2"": 4, ""t_count"": 16, ""rotations"": 16, ""d"": 10, ""dense_l"": 11.3685, ""redundant"": 6, ""obs_zero"": true, ""frame_l"": 7.2854, ""chi_bits"": 10, ""mps_l"": 38.1076, ""hsf_k"": 8, ""hsf_na"": 10, ""hsf_nb"": 10, ""hsf_l"": 28.2046, ""sup"": 20, ""chi_bits0"": 10, ""mps_l0"": 38.1076, ""hsf_keff"": 8, ""hsf_l0"": 28.2046, ""sparse_l"": 27.2854, ""sv_l"": 27.2854, ""feat_secs"": 0.007586, ""feat_secs_frame"": 0.000186, ""feat_secs_hsf"": 0.007347}"
ct,"ct:n=20,L=4,t=24,nn=0",1,"{""n"": 20.0, ""L"": 4.0, ""t"": 24.0, ""nn"": 0.0}",sv,ok,0.063796,0.0684,19775488,-1.563707523926164e-17,1048576,-1.563707523926164e-17,0.0,,"{""n"": 20, ""gates"": 174, ""g2"": 40, ""g3"": 0, ""depth2"": 4, ""t_count"": 24, ""rotations"": 24, ""d"": 17, ""dense_l"": 19.5999, ""redundant"": 7, ""obs_zero"": true, ""frame_l"": 7.4429, ""chi_bits"": 10, ""mps_l"": 38.0597, ""hsf_k"": 8, ""hsf_na"": 10, ""hsf_nb"": 10, ""hsf_l"": 27.2264, ""sup"": 20, ""chi_bits0"": 10, ""mps_l0"": 38.0597, ""hsf_keff"": 7, ""hsf_l0"": 28.2264, ""sparse_l"": 27.4429, ""sv_l"": 27.4429, ""feat_secs"": 0.005221, ""feat_secs_frame"": 0.00019, ""feat_secs_hsf"": 0.004973}"
ct,"ct:n=20,L=4,t=24,nn=0",1,"{""n"": 20.0, ""L"": 4.0, ""t"": 24.0, ""nn"": 0.0}",sparse,ok,1.248604,1.2542,110379008,-8.259630026913496e-19,524288,-1.563707523926164e-17,1.481111223657029e-17,,"{""n"": 20, ""gates"": 174, ""g2"": 40, ""g3"": 0, ""depth2"": 4, ""t_count"": 24, ""rotations"": 24, ""d"": 17, ""dense_l"": 19.5999, ""redundant"": 7, ""obs_zero"": true, ""frame_l"": 7.4429, ""chi_bits"": 10, ""mps_l"": 38.0597, ""hsf_k"": 8, ""hsf_na"": 10, ""hsf_nb"": 10, ""hsf_l"": 27.2264, ""sup"": 20, ""chi_bits0"": 10, ""mps_l0"": 38.0597, ""hsf_keff"": 7, ""hsf_l0"": 28.2264, ""sparse_l"": 27.4429, ""sv_l"": 27.4429, ""feat_secs"": 0.005221, ""feat_secs_frame"": 0.00019, ""feat_secs_hsf"": 0.004973}"
ct,"ct:n=20,L=4,t=24,nn=0",1,"{""n"": 20.0, ""L"": 4.0, ""t"": 24.0, ""nn"": 0.0}",mps,skipped,,,,,,-1.563707523926164e-17,,,"{""n"": 20, ""gates"": 174, ""g2"": 40, ""g3"": 0, ""depth2"": 4, ""t_count"": 24, ""rotations"": 24, ""d"": 17, ""dense_l"": 19.5999, ""redundant"": 7, ""obs_zero"": true, ""frame_l"": 7.4429, ""chi_bits"": 10, ""mps_l"": 38.0597, ""hsf_k"": 8, ""hsf_na"": 10, ""hsf_nb"": 10, ""hsf_l"": 27.2264, ""sup"": 20, ""chi_bits0"": 10, ""mps_l0"": 38.0597, ""hsf_keff"": 7, ""hsf_l0"": 28.2264, ""sparse_l"": 27.4429, ""sv_l"": 27.4429, ""feat_secs"": 0.005221, ""feat_secs_frame"": 0.00019, ""feat_secs_hsf"": 0.004973}"
ct,"ct:n=20,L=4,t=24,nn=0",1,"{""n"": 20.0, ""L"": 4.0, ""t"": 24.0, ""nn"": 0.0}",hsf,ok,0.032341,0.0385,22953984,-1.944512361188016e-17,256,-1.563707523926164e-17,3.808048372618521e-18,,"{""n"": 20, ""gates"": 174, ""g2"": 40, ""g3"": 0, ""depth2"": 4, ""t_count"": 24, ""rotations"": 24, ""d"": 17, ""dense_l"": 19.5999, ""redundant"": 7, ""obs_zero"": true, ""frame_l"": 7.4429, ""chi_bits"": 10, ""mps_l"": 38.0597, ""hsf_k"": 8, ""hsf_na"": 10, ""hsf_nb"": 10, ""hsf_l"": 27.2264, ""sup"": 20, ""chi_bits0"": 10, ""mps_l0"": 38.0597, ""hsf_keff"": 7, ""hsf_l0"": 28.2264, ""sparse_l"": 27.4429, ""sv_l"": 27.4429, ""feat_secs"": 0.005221, ""feat_secs_frame"": 0.00019, ""feat_secs_hsf"": 0.004973}"
ct,"ct:n=20,L=4,t=24,nn=0",1,"{""n"": 20.0, ""L"": 4.0, ""t"": 24.0, ""nn"": 0.0}",tableau,na,,0.0047,1867776,,,-1.563707523926164e-17,,"TooLarge { what: ""tableau (non-Clifford circuit)"", bytes: 0, limit: 0 }","{""n"": 20, ""gates"": 174, ""g2"": 40, ""g3"": 0, ""depth2"": 4, ""t_count"": 24, ""rotations"": 24, ""d"": 17, ""dense_l"": 19.5999, ""redundant"": 7, ""obs_zero"": true, ""frame_l"": 7.4429, ""chi_bits"": 10, ""mps_l"": 38.0597, ""hsf_k"": 8, ""hsf_na"": 10, ""hsf_nb"": 10, ""hsf_l"": 27.2264, ""sup"": 20, ""chi_bits0"": 10, ""mps_l0"": 38.0597, ""hsf_keff"": 7, ""hsf_l0"": 28.2264, ""sparse_l"": 27.4429, ""sv_l"": 27.4429, ""feat_secs"": 0.005221, ""feat_secs_frame"": 0.00019, ""feat_secs_hsf"": 0.004973}"
ct,"ct:n=20,L=4,t=24,nn=0",1,"{""n"": 20.0, ""L"": 4.0, ""t"": 24.0, ""nn"": 0.0}",cstate,ok,0.001933,0.0065,4423680,0.0,17,-1.563707523926164e-17,1.563707523926164e-17,,"{""n"": 20, ""gates"": 174, ""g2"": 40, ""g3"": 0, ""depth2"": 4, ""t_count"": 24, ""rotations"": 24, ""d"": 17, ""dense_l"": 19.5999, ""redundant"": 7, ""obs_zero"": true, ""frame_l"": 7.4429, ""chi_bits"": 10, ""mps_l"": 38.0597, ""hsf_k"": 8, ""hsf_na"": 10, ""hsf_nb"": 10, ""hsf_l"": 27.2264, ""sup"": 20, ""chi_bits0"": 10, ""mps_l0"": 38.0597, ""hsf_keff"": 7, ""hsf_l0"": 28.2264, ""sparse_l"": 27.4429, ""sv_l"": 27.4429, ""feat_secs"": 0.005221, ""feat_secs_frame"": 0.00019, ""feat_secs_hsf"": 0.004973}"
ct,"ct:n=20,L=4,t=24,nn=0",1,"{""n"": 20.0, ""L"": 4.0, ""t"": 24.0, ""nn"": 0.0}",frame,ok,0.000303,0.0045,2473984,-0.0,0,-1.563707523926164e-17,1.563707523926164e-17,switched_at=None dense_qubits=0 peak_terms=0 term_visits=0 dense_ops=0,"{""n"": 20, ""gates"": 174, ""g2"": 40, ""g3"": 0, ""depth2"": 4, ""t_count"": 24, ""rotations"": 24, ""d"": 17, ""dense_l"": 19.5999, ""redundant"": 7, ""obs_zero"": true, ""frame_l"": 7.4429, ""chi_bits"": 10, ""mps_l"": 38.0597, ""hsf_k"": 8, ""hsf_na"": 10, ""hsf_nb"": 10, ""hsf_l"": 27.2264, ""sup"": 20, ""chi_bits0"": 10, ""mps_l0"": 38.0597, ""hsf_keff"": 7, ""hsf_l0"": 28.2264, ""sparse_l"": 27.4429, ""sv_l"": 27.4429, ""feat_secs"": 0.005221, ""feat_secs_frame"": 0.00019, ""feat_secs_hsf"": 0.004973}"
ct,"ct:n=20,L=4,t=24,nn=0",1,"{""n"": 20.0, ""L"": 4.0, ""t"": 24.0, ""nn"": 0.0}",dense,ok,0.001347,0.0073,4554752,0.0,17,-1.563707523926164e-17,1.563707523926164e-17,switched_at=Some(22) dense_qubits=17 peak_terms=0 term_visits=0 dense_ops=659454,"{""n"": 20, ""gates"": 174, ""g2"": 40, ""g3"": 0, ""depth2"": 4, ""t_count"": 24, ""rotations"": 24, ""d"": 17, ""dense_l"": 19.5999, ""redundant"": 7, ""obs_zero"": true, ""frame_l"": 7.4429, ""chi_bits"": 10, ""mps_l"": 38.0597, ""hsf_k"": 8, ""hsf_na"": 10, ""hsf_nb"": 10, ""hsf_l"": 27.2264, ""sup"": 20, ""chi_bits0"": 10, ""mps_l0"": 38.0597, ""hsf_keff"": 7, ""hsf_l0"": 28.2264, ""sparse_l"": 27.4429, ""sv_l"": 27.4429, ""feat_secs"": 0.005221, ""feat_secs_frame"": 0.00019, ""feat_secs_hsf"": 0.004973}"
ct,"ct:n=20,L=4,t=24,nn=0",1,"{""n"": 20.0, ""L"": 4.0, ""t"": 24.0, ""nn"": 0.0}",auto,ok,0.000218,0.0047,2473984,-0.0,0,-1.563707523926164e-17,1.563707523926164e-17,switched_at=None dense_qubits=0 peak_terms=0 term_visits=0 dense_ops=0,"{""n"": 20, ""gates"": 174, ""g2"": 40, ""g3"": 0, ""depth2"": 4, ""t_count"": 24, ""rotations"": 24, ""d"": 17, ""dense_l"": 19.5999, ""redundant"": 7, ""obs_zero"": true, ""frame_l"": 7.4429, ""chi_bits"": 10, ""mps_l"": 38.0597, ""hsf_k"": 8, ""hsf_na"": 10, ""hsf_nb"": 10, ""hsf_l"": 27.2264, ""sup"": 20, ""chi_bits0"": 10, ""mps_l0"": 38.0597, ""hsf_keff"": 7, ""hsf_l0"": 28.2264, ""sparse_l"": 27.4429, ""sv_l"": 27.4429, ""feat_secs"": 0.005221, ""feat_secs_frame"": 0.00019, ""feat_secs_hsf"": 0.004973}"
ct,"ct:n=20,L=4,t=32,nn=0",1,"{""n"": 20.0, ""L"": 4.0, ""t"": 32.0, ""nn"": 0.0}",sv,ok,0.060012,0.0665,19742720,1.097198834269938e-17,1048576,1.097198834269938e-17,0.0,,"{""n"": 20, ""gates"": 182, ""g2"": 40, ""g3"": 0, ""depth2"": 4, ""t_count"": 32, ""rotations"": 32, ""d"": 14, ""dense_l"": 15.1186, ""redundant"": 18, ""obs_zero"": true, ""frame_l"": 7.5078, ""chi_bits"": 10, ""mps_l"": 37.3954, ""hsf_k"": 8, ""hsf_na"": 8, ""hsf_nb"": 12, ""hsf_l"": 28.7748, ""sup"": 20, ""chi_bits0"": 10, ""mps_l0"": 37.3954, ""hsf_keff"": 8, ""hsf_l0"": 28.7748, ""sparse_l"": 27.5078, ""sv_l"": 27.5078, ""feat_secs"": 0.005911, ""feat_secs_frame"": 0.000215, ""feat_secs_hsf"": 0.005619}"
ct,"ct:n=20,L=4,t=32,nn=0",1,"{""n"": 20.0, ""L"": 4.0, ""t"": 32.0, ""nn"": 0.0}",sparse,ok,1.089411,1.0935,162807808,-2.99158272684826e-17,1048576,1.097198834269938e-17,4.088781561118198e-17,,"{""n"": 20, ""gates"": 182, ""g2"": 40, ""g3"": 0, ""depth2"": 4, ""t_count"": 32, ""rotations"": 32, ""d"": 14, ""dense_l"": 15.1186, ""redundant"": 18, ""obs_zero"": true, ""frame_l"": 7.5078, ""chi_bits"": 10, ""mps_l"": 37.3954, ""hsf_k"": 8, ""hsf_na"": 8, ""hsf_nb"": 12, ""hsf_l"": 28.7748, ""sup"": 20, ""chi_bits0"": 10, ""mps_l0"": 37.3954, ""hsf_keff"": 8, ""hsf_l0"": 28.7748, ""sparse_l"": 27.5078, ""sv_l"": 27.5078, ""feat_secs"": 0.005911, ""feat_secs_frame"": 0.000215, ""feat_secs_hsf"": 0.005619}"
ct,"ct:n=20,L=4,t=32,nn=0",1,"{""n"": 20.0, ""L"": 4.0, ""t"": 32.0, ""nn"": 0.0}",mps,skipped,,,,,,1.097198834269938e-17,,,"{""n"": 20, ""gates"": 182, ""g2"": 40, ""g3"": 0, ""depth2"": 4, ""t_count"": 32, ""rotations"": 32, ""d"": 14, ""dense_l"": 15.1186, ""redundant"": 18, ""obs_zero"": true, ""frame_l"": 7.5078, ""chi_bits"": 10, ""mps_l"": 37.3954, ""hsf_k"": 8, ""hsf_na"": 8, ""hsf_nb"": 12, ""hsf_l"": 28.7748, ""sup"": 20, ""chi_bits0"": 10, ""mps_l0"": 37.3954, ""hsf_keff"": 8, ""hsf_l0"": 28.7748, ""sparse_l"": 27.5078, ""sv_l"": 27.5078, ""feat_secs"": 0.005911, ""feat_secs_frame"": 0.000215, ""feat_secs_hsf"": 0.005619}"
ct,"ct:n=20,L=4,t=32,nn=0",1,"{""n"": 20.0, ""L"": 4.0, ""t"": 32.0, ""nn"": 0.0}",hsf,ok,0.081668,0.0872,28655616,-8.823965728021674e-19,256,1.097198834269938e-17,1.1854384915501548e-17,,"{""n"": 20, ""gates"": 182, ""g2"": 40, ""g3"": 0, ""depth2"": 4, ""t_count"": 32, ""rotations"": 32, ""d"": 14, ""dense_l"": 15.1186, ""redundant"": 18, ""obs_zero"": true, ""frame_l"": 7.5078, ""chi_bits"": 10, ""mps_l"": 37.3954, ""hsf_k"": 8, ""hsf_na"": 8, ""hsf_nb"": 12, ""hsf_l"": 28.7748, ""sup"": 20, ""chi_bits0"": 10, ""mps_l0"": 37.3954, ""hsf_keff"": 8, ""hsf_l0"": 28.7748, ""sparse_l"": 27.5078, ""sv_l"": 27.5078, ""feat_secs"": 0.005911, ""feat_secs_frame"": 0.000215, ""feat_secs_hsf"": 0.005619}"
ct,"ct:n=20,L=4,t=32,nn=0",1,"{""n"": 20.0, ""L"": 4.0, ""t"": 32.0, ""nn"": 0.0}",tableau,na,,0.0045,1867776,,,1.097198834269938e-17,,"TooLarge { what: ""tableau (non-Clifford circuit)"", bytes: 0, limit: 0 }","{""n"": 20, ""gates"": 182, ""g2"": 40, ""g3"": 0, ""depth2"": 4, ""t_count"": 32, ""rotations"": 32, ""d"": 14, ""dense_l"": 15.1186, ""redundant"": 18, ""obs_zero"": true, ""frame_l"": 7.5078, ""chi_bits"": 10, ""mps_l"": 37.3954, ""hsf_k"": 8, ""hsf_na"": 8, ""hsf_nb"": 12, ""hsf_l"": 28.7748, ""sup"": 20, ""chi_bits0"": 10, ""mps_l0"": 37.3954, ""hsf_keff"": 8, ""hsf_l0"": 28.7748, ""sparse_l"": 27.5078, ""sv_l"": 27.5078, ""feat_secs"": 0.005911, ""feat_secs_frame"": 0.000215, ""feat_secs_hsf"": 0.005619}"
ct,"ct:n=20,L=4,t=32,nn=0",1,"{""n"": 20.0, ""L"": 4.0, ""t"": 32.0, ""nn"": 0.0}",cstate,ok,0.000291,0.0044,2555904,0.0,14,1.097198834269938e-17,1.097198834269938e-17,,"{""n"": 20, ""gates"": 182, ""g2"": 40, ""g3"": 0, ""depth2"": 4, ""t_count"": 32, ""rotations"": 32, ""d"": 14, ""dense_l"": 15.1186, ""redundant"": 18, ""obs_zero"": true, ""frame_l"": 7.5078, ""chi_bits"": 10, ""mps_l"": 37.3954, ""hsf_k"": 8, ""hsf_na"": 8, ""hsf_nb"": 12, ""hsf_l"": 28.7748, ""sup"": 20, ""chi_bits0"": 10, ""mps_l0"": 37.3954, ""hsf_keff"": 8, ""hsf_l0"": 28.7748, ""sparse_l"": 27.5078, ""sv_l"": 27.5078, ""feat_secs"": 0.005911, ""feat_secs_frame"": 0.000215, ""feat_secs_hsf"": 0.005619}"
ct,"ct:n=20,L=4,t=32,nn=0",1,"{""n"": 20.0, ""L"": 4.0, ""t"": 32.0, ""nn"": 0.0}",frame,ok,0.000258,0.0044,2457600,-0.0,0,1.097198834269938e-17,1.097198834269938e-17,switched_at=None dense_qubits=0 peak_terms=0 term_visits=0 dense_ops=0,"{""n"": 20, ""gates"": 182, ""g2"": 40, ""g3"": 0, ""depth2"": 4, ""t_count"": 32, ""rotations"": 32, ""d"": 14, ""dense_l"": 15.1186, ""redundant"": 18, ""obs_zero"": true, ""frame_l"": 7.5078, ""chi_bits"": 10, ""mps_l"": 37.3954, ""hsf_k"": 8, ""hsf_na"": 8, ""hsf_nb"": 12, ""hsf_l"": 28.7748, ""sup"": 20, ""chi_bits0"": 10, ""mps_l0"": 37.3954, ""hsf_keff"": 8, ""hsf_l0"": 28.7748, ""sparse_l"": 27.5078, ""sv_l"": 27.5078, ""feat_secs"": 0.005911, ""feat_secs_frame"": 0.000215, ""feat_secs_hsf"": 0.005619}"
ct,"ct:n=20,L=4,t=32,nn=0",1,"{""n"": 20.0, ""L"": 4.0, ""t"": 32.0, ""nn"": 0.0}",dense,ok,0.000377,0.0045,2703360,0.0,14,1.097198834269938e-17,1.097198834269938e-17,switched_at=Some(29) dense_qubits=14 peak_terms=0 term_visits=0 dense_ops=35319,"{""n"": 20, ""gates"": 182, ""g2"": 40, ""g3"": 0, ""depth2"": 4, ""t_count"": 32, ""rotations"": 32, ""d"": 14, ""dense_l"": 15.1186, ""redundant"": 18, ""obs_zero"": true, ""frame_l"": 7.5078, ""chi_bits"": 10, ""mps_l"": 37.3954, ""hsf_k"": 8, ""hsf_na"": 8, ""hsf_nb"": 12, ""hsf_l"": 28.7748, ""sup"": 20, ""chi_bits0"": 10, ""mps_l0"": 37.3954, ""hsf_keff"": 8, ""hsf_l0"": 28.7748, ""sparse_l"": 27.5078, ""sv_l"": 27.5078, ""feat_secs"": 0.005911, ""feat_secs_frame"": 0.000215, ""feat_secs_hsf"": 0.005619}"
ct,"ct:n=20,L=4,t=32,nn=0",1,"{""n"": 20.0, ""L"": 4.0, ""t"": 32.0, ""nn"": 0.0}",auto,ok,0.000243,0.0044,2457600,-0.0,0,1.097198834269938e-17,1.097198834269938e-17,switched_at=None dense_qubits=0 peak_terms=0 term_visits=0 dense_ops=0,"{""n"": 20, ""gates"": 182, ""g2"": 40, ""g3"": 0, ""depth2"": 4, ""t_count"": 32, ""rotations"": 32, ""d"": 14, ""dense_l"": 15.1186, ""redundant"": 18, ""obs_zero"": true, ""frame_l"": 7.5078, ""chi_bits"": 10, ""mps_l"": 37.3954, ""hsf_k"": 8, ""hsf_na"": 8, ""hsf_nb"": 12, ""hsf_l"": 28.7748, ""sup"": 20, ""chi_bits0"": 10, ""mps_l0"": 37.3954, ""hsf_keff"": 8, ""hsf_l0"": 28.7748, ""sparse_l"": 27.5078, ""sv_l"": 27.5078, ""feat_secs"": 0.005911, ""feat_secs_frame"": 0.000215, ""feat_secs_hsf"": 0.005619}"
ct,"ct:n=20,L=8,t=0,nn=0",1,"{""n"": 20.0, ""L"": 8.0, ""t"": 0.0, ""nn"": 0.0}",sv,ok,0.089025,0.0953,19890176,5.632769099241097e-20,1048576,5.632769099241097e-20,0.0,,"{""n"": 20, ""gates"": 224, ""g2"": 80, ""g3"": 0, ""depth2"": 8, ""t_count"": 0, ""rotations"": 0, ""d"": 0, ""dense_l"": 0.0, ""redundant"": 0, ""obs_zero"": true, ""frame_l"": 7.8074, ""chi_bits"": 10, ""mps_l"": 38.9857, ""hsf_k"": 22, ""hsf_na"": 8, ""hsf_nb"": 12, ""hsf_l"": 40.9069, ""sup"": 20, ""chi_bits0"": 10, ""mps_l0"": 38.9857, ""hsf_keff"": 20, ""hsf_l0"": 42.9069, ""sparse_l"": 27.8074, ""sv_l"": 27.8074, ""feat_secs"": 0.014055, ""feat_secs_frame"": 0.000226, ""feat_secs_hsf"": 0.013732}"
ct,"ct:n=20,L=8,t=0,nn=0",1,"{""n"": 20.0, ""L"": 8.0, ""t"": 0.0, ""nn"": 0.0}",sparse,ok,1.868509,1.8748,216088576,2.244637310223896e-20,1048576,5.632769099241097e-20,3.3881317890172014e-20,,"{""n"": 20, ""gates"": 224, ""g2"": 80, ""g3"": 0, ""depth2"": 8, ""t_count"": 0, ""rotations"": 0, ""d"": 0, ""dense_l"": 0.0, ""redundant"": 0, ""obs_zero"": true, ""frame_l"": 7.8074, ""chi_bits"": 10, ""mps_l"": 38.9857, ""hsf_k"": 22, ""hsf_na"": 8, ""hsf_nb"": 12, ""hsf_l"": 40.9069, ""sup"": 20, ""chi_bits0"": 10, ""mps_l0"": 38.9857, ""hsf_keff"": 20, ""hsf_l0"": 42.9069, ""sparse_l"": 27.8074, ""sv_l"": 27.8074, ""feat_secs"": 0.014055, ""feat_secs_frame"": 0.000226, ""feat_secs_hsf"": 0.013732}"
ct,"ct:n=20,L=8,t=0,nn=0",1,"{""n"": 20.0, ""L"": 8.0, ""t"": 0.0, ""nn"": 0.0}",mps,timeout,,10.0035,120094720,,,5.632769099241097e-20,,timeout,"{""n"": 20, ""gates"": 224, ""g2"": 80, ""g3"": 0, ""depth2"": 8, ""t_count"": 0, ""rotations"": 0, ""d"": 0, ""dense_l"": 0.0, ""redundant"": 0, ""obs_zero"": true, ""frame_l"": 7.8074, ""chi_bits"": 10, ""mps_l"": 38.9857, ""hsf_k"": 22, ""hsf_na"": 8, ""hsf_nb"": 12, ""hsf_l"": 40.9069, ""sup"": 20, ""chi_bits0"": 10, ""mps_l0"": 38.9857, ""hsf_keff"": 20, ""hsf_l0"": 42.9069, ""sparse_l"": 27.8074, ""sv_l"": 27.8074, ""feat_secs"": 0.014055, ""feat_secs_frame"": 0.000226, ""feat_secs_hsf"": 0.013732}"
ct,"ct:n=20,L=8,t=0,nn=0",1,"{""n"": 20.0, ""L"": 8.0, ""t"": 0.0, ""nn"": 0.0}",hsf,timeout,,10.0024,29736960,,,5.632769099241097e-20,,timeout,"{""n"": 20, ""gates"": 224, ""g2"": 80, ""g3"": 0, ""depth2"": 8, ""t_count"": 0, ""rotations"": 0, ""d"": 0, ""dense_l"": 0.0, ""redundant"": 0, ""obs_zero"": true, ""frame_l"": 7.8074, ""chi_bits"": 10, ""mps_l"": 38.9857, ""hsf_k"": 22, ""hsf_na"": 8, ""hsf_nb"": 12, ""hsf_l"": 40.9069, ""sup"": 20, ""chi_bits0"": 10, ""mps_l0"": 38.9857, ""hsf_keff"": 20, ""hsf_l0"": 42.9069, ""sparse_l"": 27.8074, ""sv_l"": 27.8074, ""feat_secs"": 0.014055, ""feat_secs_frame"": 0.000226, ""feat_secs_hsf"": 0.013732}"
ct,"ct:n=20,L=8,t=0,nn=0",1,"{""n"": 20.0, ""L"": 8.0, ""t"": 0.0, ""nn"": 0.0}",tableau,ok,6.5e-05,0.0045,2097152,-0.0,0,5.632769099241097e-20,5.632769099241097e-20,value recomputed after the C-vs-C† fix (timing from the original run),"{""n"": 20, ""gates"": 224, ""g2"": 80, ""g3"": 0, ""depth2"": 8, ""t_count"": 0, ""rotations"": 0, ""d"": 0, ""dense_l"": 0.0, ""redundant"": 0, ""obs_zero"": true, ""frame_l"": 7.8074, ""chi_bits"": 10, ""mps_l"": 38.9857, ""hsf_k"": 22, ""hsf_na"": 8, ""hsf_nb"": 12, ""hsf_l"": 40.9069, ""sup"": 20, ""chi_bits0"": 10, ""mps_l0"": 38.9857, ""hsf_keff"": 20, ""hsf_l0"": 42.9069, ""sparse_l"": 27.8074, ""sv_l"": 27.8074, ""feat_secs"": 0.014055, ""feat_secs_frame"": 0.000226, ""feat_secs_hsf"": 0.013732}"
ct,"ct:n=20,L=8,t=0,nn=0",1,"{""n"": 20.0, ""L"": 8.0, ""t"": 0.0, ""nn"": 0.0}",cstate,ok,0.000147,0.0066,2031616,0.0,0,5.632769099241097e-20,5.632769099241097e-20,,"{""n"": 20, ""gates"": 224, ""g2"": 80, ""g3"": 0, ""depth2"": 8, ""t_count"": 0, ""rotations"": 0, ""d"": 0, ""dense_l"": 0.0, ""redundant"": 0, ""obs_zero"": true, ""frame_l"": 7.8074, ""chi_bits"": 10, ""mps_l"": 38.9857, ""hsf_k"": 22, ""hsf_na"": 8, ""hsf_nb"": 12, ""hsf_l"": 40.9069, ""sup"": 20, ""chi_bits0"": 10, ""mps_l0"": 38.9857, ""hsf_keff"": 20, ""hsf_l0"": 42.9069, ""sparse_l"": 27.8074, ""sv_l"": 27.8074, ""feat_secs"": 0.014055, ""feat_secs_frame"": 0.000226, ""feat_secs_hsf"": 0.013732}"
ct,"ct:n=20,L=8,t=0,nn=0",1,"{""n"": 20.0, ""L"": 8.0, ""t"": 0.0, ""nn"": 0.0}",frame,ok,0.000227,0.0046,2195456,-0.0,0,5.632769099241097e-20,5.632769099241097e-20,switched_at=None dense_qubits=0 peak_terms=0 term_visits=0 dense_ops=0,"{""n"": 20, ""gates"": 224, ""g2"": 80, ""g3"": 0, ""depth2"": 8, ""t_count"": 0, ""rotations"": 0, ""d"": 0, ""dense_l"": 0.0, ""redundant"": 0, ""obs_zero"": true, ""frame_l"": 7.8074, ""chi_bits"": 10, ""mps_l"": 38.9857, ""hsf_k"": 22, ""hsf_na"": 8, ""hsf_nb"": 12, ""hsf_l"": 40.9069, ""sup"": 20, ""chi_bits0"": 10, ""mps_l0"": 38.9857, ""hsf_keff"": 20, ""hsf_l0"": 42.9069, ""sparse_l"": 27.8074, ""sv_l"": 27.8074, ""feat_secs"": 0.014055, ""feat_secs_frame"": 0.000226, ""feat_secs_hsf"": 0.013732}"
ct,"ct:n=20,L=8,t=0,nn=0",1,"{""n"": 20.0, ""L"": 8.0, ""t"": 0.0, ""nn"": 0.0}",dense,ok,0.000161,0.0049,2195456,-0.0,0,5.632769099241097e-20,5.632769099241097e-20,switched_at=None dense_qubits=0 peak_terms=0 term_visits=0 dense_ops=0,"{""n"": 20, ""gates"": 224, ""g2"": 80, ""g3"": 0, ""depth2"": 8, ""t_count"": 0, ""rotations"": 0, ""d"": 0, ""dense_l"": 0.0, ""redundant"": 0, ""obs_zero"": true, ""frame_l"": 7.8074, ""chi_bits"": 10, ""mps_l"": 38.9857, ""hsf_k"": 22, ""hsf_na"": 8, ""hsf_nb"": 12, ""hsf_l"": 40.9069, ""sup"": 20, ""chi_bits0"": 10, ""mps_l0"": 38.9857, ""hsf_keff"": 20, ""hsf_l0"": 42.9069, ""sparse_l"": 27.8074, ""sv_l"": 27.8074, ""feat_secs"": 0.014055, ""feat_secs_frame"": 0.000226, ""feat_secs_hsf"": 0.013732}"
ct,"ct:n=20,L=8,t=0,nn=0",1,"{""n"": 20.0, ""L"": 8.0, ""t"": 0.0, ""nn"": 0.0}",auto,ok,0.000152,0.0046,2195456,-0.0,0,5.632769099241097e-20,5.632769099241097e-20,switched_at=None dense_qubits=0 peak_terms=0 term_visits=0 dense_ops=0,"{""n"": 20, ""gates"": 224, ""g2"": 80, ""g3"": 0, ""depth2"": 8, ""t_count"": 0, ""rotations"": 0, ""d"": 0, ""dense_l"": 0.0, ""redundant"": 0, ""obs_zero"": true, ""frame_l"": 7.8074, ""chi_bits"": 10, ""mps_l"": 38.9857, ""hsf_k"": 22, ""hsf_na"": 8, ""hsf_nb"": 12, ""hsf_l"": 40.9069, ""sup"": 20, ""chi_bits0"": 10, ""mps_l0"": 38.9857, ""hsf_keff"": 20, ""hsf_l0"": 42.9069, ""sparse_l"": 27.8074, ""sv_l"": 27.8074, ""feat_secs"": 0.014055, ""feat_secs_frame"": 0.000226, ""feat_secs_hsf"": 0.013732}"
ct,"ct:n=20,L=8,t=4,nn=0",1,"{""n"": 20.0, ""L"": 8.0, ""t"": 4.0, ""nn"": 0.0}",sv,ok,0.100942,0.1072,19857408,-6.304677984650571e-18,1048576,-6.304677984650571e-18,0.0,,"{""n"": 20, ""gates"": 240, ""g2"": 80, ""g3"": 0, ""depth2"": 8, ""t_count"": 4, ""rotations"": 4, ""d"": 4, ""dense_l"": 4.9069, ""redundant"": 0, ""obs_zero"": true, ""frame_l"": 7.9069, ""chi_bits"": 10, ""mps_l"": 39.2569, ""hsf_k"": 22, ""hsf_na"": 6, ""hsf_nb"": 14, ""hsf_l"": 38.2479, ""sup"": 20, ""chi_bits0"": 10, ""mps_l0"": 39.2569, ""hsf_keff"": 16, ""hsf_l0"": 44.2479, ""sparse_l"": 27.9069, ""sv_l"": 27.9069, ""feat_secs"": 0.010627, ""feat_secs_frame"": 0.000271, ""feat_secs_hsf"": 0.010278}"
ct,"ct:n=20,L=8,t=4,nn=0",1,"{""n"": 20.0, ""L"": 8.0, ""t"": 4.0, ""nn"": 0.0}",sparse,ok,1.245034,1.2521,215252992,-7.365877918662201e-18,1048576,-6.304677984650571e-18,1.0611999340116298e-18,,"{""n"": 20, ""gates"": 240, ""g2"": 80, ""g3"": 0, ""depth2"": 8, ""t_count"": 4, ""rotations"": 4, ""d"": 4, ""dense_l"": 4.9069, ""redundant"": 0, ""obs_zero"": true, ""frame_l"": 7.9069, ""chi_bits"": 10, ""mps_l"": 39.2569, ""hsf_k"": 22, ""hsf_na"": 6, ""hsf_nb"": 14, ""hsf_l"": 38.2479, ""sup"": 20, ""chi_bits0"": 10, ""mps_l0"": 39.2569, ""hsf_keff"": 16, ""hsf_l0"": 44.2479, ""sparse_l"": 27.9069, ""sv_l"": 27.9069, ""feat_secs"": 0.010627, ""feat_secs_frame"": 0.000271, ""feat_secs_hsf"": 0.010278}"
ct,"ct:n=20,L=8,t=4,nn=0",1,"{""n"": 20.0, ""L"": 8.0, ""t"": 4.0, ""nn"": 0.0}",mps,skipped,,,,,,-6.304677984650571e-18,,,"{""n"": 20, ""gates"": 240, ""g2"": 80, ""g3"": 0, ""depth2"": 8, ""t_count"": 4, ""rotations"": 4, ""d"": 4, ""dense_l"": 4.9069, ""redundant"": 0, ""obs_zero"": true, ""frame_l"": 7.9069, ""chi_bits"": 10, ""mps_l"": 39.2569, ""hsf_k"": 22, ""hsf_na"": 6, ""hsf_nb"": 14, ""hsf_l"": 38.2479, ""sup"": 20, ""chi_bits0"": 10, ""mps_l0"": 39.2569, ""hsf_keff"": 16, ""hsf_l0"": 44.2479, ""sparse_l"": 27.9069, ""sv_l"": 27.9069, ""feat_secs"": 0.010627, ""feat_secs_frame"": 0.000271, ""feat_secs_hsf"": 0.010278}"
ct,"ct:n=20,L=8,t=4,nn=0",1,"{""n"": 20.0, ""L"": 8.0, ""t"": 4.0, ""nn"": 0.0}",hsf,ok,6.041864,6.0487,59080704,1.034333107715908e-18,4194304,-6.304677984650571e-18,7.339011092366479e-18,,"{""n"": 20, ""gates"": 240, ""g2"": 80, ""g3"": 0, ""depth2"": 8, ""t_count"": 4, ""rotations"": 4, ""d"": 4, ""dense_l"": 4.9069, ""redundant"": 0, ""obs_zero"": true, ""frame_l"": 7.9069, ""chi_bits"": 10, ""mps_l"": 39.2569, ""hsf_k"": 22, ""hsf_na"": 6, ""hsf_nb"": 14, ""hsf_l"": 38.2479, ""sup"": 20, ""chi_bits0"": 10, ""mps_l0"": 39.2569, ""hsf_keff"": 16, ""hsf_l0"": 44.2479, ""sparse_l"": 27.9069, ""sv_l"": 27.9069, ""feat_secs"": 0.010627, ""feat_secs_frame"": 0.000271, ""feat_secs_hsf"": 0.010278}"
ct,"ct:n=20,L=8,t=4,nn=0",1,"{""n"": 20.0, ""L"": 8.0, ""t"": 4.0, ""nn"": 0.0}",tableau,na,,0.0072,1900544,,,-6.304677984650571e-18,,"TooLarge { what: ""tableau (non-Clifford circuit)"", bytes: 0, limit: 0 }","{""n"": 20, ""gates"": 240, ""g2"": 80, ""g3"": 0, ""depth2"": 8, ""t_count"": 4, ""rotations"": 4, ""d"": 4, ""dense_l"": 4.9069, ""redundant"": 0, ""obs_zero"": true, ""frame_l"": 7.9069, ""chi_bits"": 10, ""mps_l"": 39.2569, ""hsf_k"": 22, ""hsf_na"": 6, ""hsf_nb"": 14, ""hsf_l"": 38.2479, ""sup"": 20, ""chi_bits0"": 10, ""mps_l0"": 39.2569, ""hsf_keff"": 16, ""hsf_l0"": 44.2479, ""sparse_l"": 27.9069, ""sv_l"": 27.9069, ""feat_secs"": 0.010627, ""feat_secs_frame"": 0.000271, ""feat_secs_hsf"": 0.010278}"
ct,"ct:n=20,L=8,t=4,nn=0",1,"{""n"": 20.0, ""L"": 8.0, ""t"": 4.0, ""nn"": 0.0}",cstate,ok,0.000175,0.0083,2031616,0.0,4,-6.304677984650571e-18,6.304677984650571e-18,,"{""n"": 20, ""gates"": 240, ""g2"": 80, ""g3"": 0, ""depth2"": 8, ""t_count"": 4, ""rotations"": 4, ""d"": 4, ""dense_l"": 4.9069, ""redundant"": 0, ""obs_zero"": true, ""frame_l"": 7.9069, ""chi_bits"": 10, ""mps_l"": 39.2569, ""hsf_k"": 22, ""hsf_na"": 6, ""hsf_nb"": 14, ""hsf_l"": 38.2479, ""sup"": 20, ""chi_bits0"": 10, ""mps_l0"": 39.2569, ""hsf_keff"": 16, ""hsf_l0"": 44.2479, ""sparse_l"": 27.9069, ""sv_l"": 27.9069, ""feat_secs"": 0.010627, ""feat_secs_frame"": 0.000271, ""feat_secs_hsf"": 0.010278}"
ct,"ct:n=20,L=8,t=4,nn=0",1,"{""n"": 20.0, ""L"": 8.0, ""t"": 4.0, ""nn"": 0.0}",frame,ok,0.00103,0.0075,2473984,-0.0,0,-6.304677984650571e-18,6.304677984650571e-18,switched_at=None dense_qubits=0 peak_terms=0 term_visits=0 dense_ops=0,"{""n"": 20, ""gates"": 240, ""g2"": 80, ""g3"": 0, ""depth2"": 8, ""t_count"": 4, ""rotations"": 4, ""d"": 4, ""dense_l"": 4.9069, ""redundant"": 0, ""obs_zero"": true, ""frame_l"": 7.9069, ""chi_bits"": 10, ""mps_l"": 39.2569, ""hsf_k"": 22, ""hsf_na"": 6, ""hsf_nb"": 14, ""hsf_l"": 38.2479, ""sup"": 20, ""chi_bits0"": 10, ""mps_l0"": 39.2569, ""hsf_keff"": 16, ""hsf_l0"": 44.2479, ""sparse_l"": 27.9069, ""sv_l"": 27.9069, ""feat_secs"": 0.010627, ""feat_secs_frame"": 0.000271, ""feat_secs_hsf"": 0.010278}"
ct,"ct:n=20,L=8,t=4,nn=0",1,"{""n"": 20.0, ""L"": 8.0, ""t"": 4.0, ""nn"": 0.0}",dense,ok,0.000256,0.0072,2211840,0.0,4,-6.304677984650571e-18,6.304677984650571e-18,switched_at=Some(4) dense_qubits=4 peak_terms=0 term_visits=0 dense_ops=30,"{""n"": 20, ""gates"": 240, ""g2"": 80, ""g3"": 0, ""depth2"": 8, ""t_count"": 4, ""rotations"": 4, ""d"": 4, ""dense_l"": 4.9069, ""redundant"": 0, ""obs_zero"": true, ""frame_l"": 7.9069, ""chi_bits"": 10, ""mps_l"": 39.2569, ""hsf_k"": 22, ""hsf_na"": 6, ""hsf_nb"": 14, ""hsf_l"": 38.2479, ""sup"": 20, ""chi_bits0"": 10, ""mps_l0"": 39.2569, ""hsf_keff"": 16, ""hsf_l0"": 44.2479, ""sparse_l"": 27.9069, ""sv_l"": 27.9069, ""feat_secs"": 0.010627, ""feat_secs_frame"": 0.000271, ""feat_secs_hsf"": 0.010278}"
ct,"ct:n=20,L=8,t=4,nn=0",1,"{""n"": 20.0, ""L"": 8.0, ""t"": 4.0, ""nn"": 0.0}",auto,ok,0.000171,0.0083,2211840,0.0,4,-6.304677984650571e-18,6.304677984650571e-18,switched_at=Some(4) dense_qubits=4 peak_terms=0 term_visits=0 dense_ops=30,"{""n"": 20, ""gates"": 240, ""g2"": 80, ""g3"": 0, ""depth2"": 8, ""t_count"": 4, ""rotations"": 4, ""d"": 4, ""dense_l"": 4.9069, ""redundant"": 0, ""obs_zero"": true, ""frame_l"": 7.9069, ""chi_bits"": 10, ""mps_l"": 39.2569, ""hsf_k"": 22, ""hsf_na"": 6, ""hsf_nb"": 14, ""hsf_l"": 38.2479, ""sup"": 20, ""chi_bits0"": 10, ""mps_l0"": 39.2569, ""hsf_keff"": 16, ""hsf_l0"": 44.2479, ""sparse_l"": 27.9069, ""sv_l"": 27.9069, ""feat_secs"": 0.010627, ""feat_secs_frame"": 0.000271, ""feat_secs_hsf"": 0.010278}"
ct,"ct:n=20,L=8,t=8,nn=0",1,"{""n"": 20.0, ""L"": 8.0, ""t"": 8.0, ""nn"": 0.0}",sv,ok,0.117242,0.1242,19857408,-1.25869095961989e-18,1048576,-1.25869095961989e-18,0.0,,"{""n"": 20, ""gates"": 247, ""g2"": 80, ""g3"": 0, ""depth2"": 8, ""t_count"": 8, ""rotations"": 8, ""d"": 6, ""dense_l"": 7.375, ""redundant"": 2, ""obs_zero"": true, ""frame_l"": 7.9484, ""chi_bits"": 10, ""mps_l"": 39.2442, ""hsf_k"": 16, ""hsf_na"": 6, ""hsf_nb"": 14, ""hsf_l"": 34.2808, ""sup"": 20, ""chi_bits0"": 10, ""mps_l0"": 39.2442, ""hsf_keff"": 12, ""hsf_l0"": 38.2808, ""sparse_l"": 27.9484, ""sv_l"": 27.9484, ""feat_secs"": 0.011331, ""feat_secs_frame"": 0.000326, ""feat_secs_hsf"": 0.010914}"
ct,"ct:n=20,L=8,t=8,nn=0",1,"{""n"": 20.0, ""L"": 8.0, ""t"": 8.0, ""nn"": 0.0}",sparse,ok,2.136001,2.1435,216055808,1.065990964119537e-18,1048576,-1.25869095961989e-18,2.324681923739427e-18,,"{""n"": 20, ""gates"": 247, ""g2"": 80, ""g3"": 0, ""depth2"": 8, ""t_count"": 8, ""rotations"": 8, ""d"": 6, ""dense_l"": 7.375, ""redundant"": 2, ""obs_zero"": true, ""frame_l"": 7.9484, ""chi_bits"": 10, ""mps_l"": 39.2442, ""hsf_k"": 16, ""hsf_na"": 6, ""hsf_nb"": 14, ""hsf_l"": 34.2808, ""sup"": 20, ""chi_bits0"": 10, ""mps_l0"": 39.2442, ""hsf_keff"": 12, ""hsf_l0"": 38.2808, ""sparse_l"": 27.9484, ""sv_l"": 27.9484, ""feat_secs"": 0.011331, ""feat_secs_frame"": 0.000326, ""feat_secs_hsf"": 0.010914}"
ct,"ct:n=20,L=8,t=8,nn=0",1,"{""n"": 20.0, ""L"": 8.0, ""t"": 8.0, ""nn"": 0.0}",mps,skipped,,,,,,-1.25869095961989e-18,,,"{""n"": 20, ""gates"": 247, ""g2"": 80, ""g3"": 0, ""depth2"": 8, ""t_count"": 8, ""rotations"": 8, ""d"": 6, ""dense_l"": 7.375, ""redundant"": 2, ""obs_zero"": true, ""frame_l"": 7.9484, ""chi_bits"": 10, ""mps_l"": 39.2442, ""hsf_k"": 16, ""hsf_na"": 6, ""hsf_nb"": 14, ""hsf_l"": 34.2808, ""sup"": 20, ""chi_bits0"": 10, ""mps_l0"": 39.2442, ""hsf_keff"": 12, ""hsf_l0"": 38.2808, ""sparse_l"": 27.9484, ""sv_l"": 27.9484, ""feat_secs"": 0.011331, ""feat_secs_frame"": 0.000326, ""feat_secs_hsf"": 0.010914}"
ct,"ct:n=20,L=8,t=8,nn=0",1,"{""n"": 20.0, ""L"": 8.0, ""t"": 8.0, ""nn"": 0.0}",hsf,ok,0.418229,0.4248,57524224,4.833593513506665e-18,65536,-1.25869095961989e-18,6.092284473126555e-18,,"{""n"": 20, ""gates"": 247, ""g2"": 80, ""g3"": 0, ""depth2"": 8, ""t_count"": 8, ""rotations"": 8, ""d"": 6, ""dense_l"": 7.375, ""redundant"": 2, ""obs_zero"": true, ""frame_l"": 7.9484, ""chi_bits"": 10, ""mps_l"": 39.2442, ""hsf_k"": 16, ""hsf_na"": 6, ""hsf_nb"": 14, ""hsf_l"": 34.2808, ""sup"": 20, ""chi_bits0"": 10, ""mps_l0"": 39.2442, ""hsf_keff"": 12, ""hsf_l0"": 38.2808, ""sparse_l"": 27.9484, ""sv_l"": 27.9484, ""feat_secs"": 0.011331, ""feat_secs_frame"": 0.000326, ""feat_secs_hsf"": 0.010914}"
ct,"ct:n=20,L=8,t=8,nn=0",1,"{""n"": 20.0, ""L"": 8.0, ""t"": 8.0, ""nn"": 0.0}",tableau,na,,0.0051,1900544,,,-1.25869095961989e-18,,"TooLarge { what: ""tableau (non-Clifford circuit)"", bytes: 0, limit: 0 }","{""n"": 20, ""gates"": 247, ""g2"": 80, ""g3"": 0, ""depth2"": 8, ""t_count"": 8, ""rotations"": 8, ""d"": 6, ""dense_l"": 7.375, ""redundant"": 2, ""obs_zero"": true, ""frame_l"": 7.9484, ""chi_bits"": 10, ""mps_l"": 39.2442, ""hsf_k"": 16, ""hsf_na"": 6, ""hsf_nb"": 14, ""hsf_l"": 34.2808, ""sup"": 20, ""chi_bits0"": 10, ""mps_l0"": 39.2442, ""hsf_keff"": 12, ""hsf_l0"": 38.2808, ""sparse_l"": 27.9484, ""sv_l"": 27.9484, ""feat_secs"": 0.011331, ""feat_secs_frame"": 0.000326, ""feat_secs_hsf"": 0.010914}"
ct,"ct:n=20,L=8,t=8,nn=0",1,"{""n"": 20.0, ""L"": 8.0, ""t"": 8.0, ""nn"": 0.0}",cstate,ok,0.000158,0.0075,2031616,0.0,6,-1.25869095961989e-18,1.25869095961989e-18,,"{""n"": 20, ""gates"": 247, ""g2"": 80, ""g3"": 0, ""depth2"": 8, ""t_count"": 8, ""rotations"": 8, ""d"": 6, ""dense_l"": 7.375, ""redundant"": 2, ""obs_zero"": true, ""frame_l"": 7.9484, ""chi_bits"": 10, ""mps_l"": 39.2442, ""hsf_k"": 16, ""hsf_na"": 6, ""hsf_nb"": 14, ""hsf_l"": 34.2808, ""sup"": 20, ""chi_bits0"": 10, ""mps_l0"": 39.2442, ""hsf_keff"": 12, ""hsf_l0"": 38.2808, ""sparse_l"": 27.9484, ""sv_l"": 27.9484, ""feat_secs"": 0.011331, ""feat_secs_frame"": 0.000326, ""feat_secs_hsf"": 0.010914}"
ct,"ct:n=20,L=8,t=8,nn=0",1,"{""n"": 20.0, ""L"": 8.0, ""t"": 8.0, ""nn"": 0.0}",frame,ok,0.000349,0.0076,2490368,-0.0,0,-1.25869095961989e-18,1.25869095961989e-18,switched_at=None dense_qubits=0 peak_terms=0 term_visits=0 dense_ops=0,"{""n"": 20, ""gates"": 247, ""g2"": 80, ""g3"": 0, ""depth2"": 8, ""t_count"": 8, ""rotations"": 8, ""d"": 6, ""dense_l"": 7.375, ""redundant"": 2, ""obs_zero"": true, ""frame_l"": 7.9484, ""chi_bits"": 10, ""mps_l"": 39.2442, ""hsf_k"": 16, ""hsf_na"": 6, ""hsf_nb"": 14, ""hsf_l"": 34.2808, ""sup"": 20, ""chi_bits0"": 10, ""mps_l0"": 39.2442, ""hsf_keff"": 12, ""hsf_l0"": 38.2808, ""sparse_l"": 27.9484, ""sv_l"": 27.9484, ""feat_secs"": 0.011331, ""feat_secs_frame"": 0.000326, ""feat_secs_hsf"": 0.010914}"
ct,"ct:n=20,L=8,t=8,nn=0",1,"{""n"": 20.0, ""L"": 8.0, ""t"": 8.0, ""nn"": 0.0}",dense,ok,0.000225,0.0072,2211840,0.0,6,-1.25869095961989e-18,1.25869095961989e-18,switched_at=Some(7) dense_qubits=6 peak_terms=0 term_visits=0 dense_ops=134,"{""n"": 20, ""gates"": 247, ""g2"": 80, ""g3"": 0, ""depth2"": 8, ""t_count"": 8, ""rotations"": 8, ""d"": 6, ""dense_l"": 7.375, ""redundant"": 2, ""obs_zero"": true, ""frame_l"": 7.9484, ""chi_bits"": 10, ""mps_l"": 39.2442, ""hsf_k"": 16, ""hsf_na"": 6, ""hsf_nb"": 14, ""hsf_l"": 34.2808, ""sup"": 20, ""chi_bits0"": 10, ""mps_l0"": 39.2442, ""hsf_keff"": 12, ""hsf_l0"": 38.2808, ""sparse_l"": 27.9484, ""sv_l"": 27.9484, ""feat_secs"": 0.011331, ""feat_secs_frame"": 0.000326, ""feat_secs_hsf"": 0.010914}"
ct,"ct:n=20,L=8,t=8,nn=0",1,"{""n"": 20.0, ""L"": 8.0, ""t"": 8.0, ""nn"": 0.0}",auto,ok,0.000392,0.0052,2473984,-0.0,0,-1.25869095961989e-18,1.25869095961989e-18,switched_at=None dense_qubits=0 peak_terms=0 term_visits=0 dense_ops=0,"{""n"": 20, ""gates"": 247, ""g2"": 80, ""g3"": 0, ""depth2"": 8, ""t_count"": 8, ""rotations"": 8, ""d"": 6, ""dense_l"": 7.375, ""redundant"": 2, ""obs_zero"": true, ""frame_l"": 7.9484, ""chi_bits"": 10, ""mps_l"": 39.2442, ""hsf_k"": 16, ""hsf_na"": 6, ""hsf_nb"": 14, ""hsf_l"": 34.2808, ""sup"": 20, ""chi_bits0"": 10, ""mps_l0"": 39.2442, ""hsf_keff"": 12, ""hsf_l0"": 38.2808, ""sparse_l"": 27.9484, ""sv_l"": 27.9484, ""feat_secs"": 0.011331, ""feat_secs_frame"": 0.000326, ""feat_secs_hsf"": 0.010914}"
ct,"ct:n=20,L=8,t=16,nn=0",1,"{""n"": 20.0, ""L"": 8.0, ""t"": 16.0, ""nn"": 0.0}",sv,ok,0.111901,0.1171,19890176,2.227643711719606e-18,1048576,2.227643711719606e-18,0.0,,"{""n"": 20, ""gates"": 272, ""g2"": 80, ""g3"": 0, ""depth2"": 8, ""t_count"": 16, ""rotations"": 16, ""d"": 14, ""dense_l"": 15.0875, ""redundant"": 2, ""obs_zero"": true, ""frame_l"": 8.0875, ""chi_bits"": 10, ""mps_l"": 39.345, ""hsf_k"": 20, ""hsf_na"": 7, ""hsf_nb"": 13, ""hsf_l"": 38.6439, ""sup"": 20, ""chi_bits0"": 10, ""mps_l0"": 39.345, ""hsf_keff"": 17, ""hsf_l0"": 41.6439, ""sparse_l"": 28.0875, ""sv_l"": 28.0875, ""feat_secs"": 0.012787, ""feat_secs_frame"": 0.000284, ""feat_secs_hsf"": 0.012392}"
ct,"ct:n=20,L=8,t=16,nn=0",1,"{""n"": 20.0, ""L"": 8.0, ""t"": 16.0, ""nn"": 0.0}",sparse,ok,2.987435,2.9946,217169920,-3.024304668391878e-19,1048576,2.227643711719606e-18,2.530074178558794e-18,,"{""n"": 20, ""gates"": 272, ""g2"": 80, ""g3"": 0, ""depth2"": 8, ""t_count"": 16, ""rotations"": 16, ""d"": 14, ""dense_l"": 15.0875, ""redundant"": 2, ""obs_zero"": true, ""frame_l"": 8.0875, ""chi_bits"": 10, ""mps_l"": 39.345, ""hsf_k"": 20, ""hsf_na"": 7, ""hsf_nb"": 13, ""hsf_l"": 38.6439, ""sup"": 20, ""chi_bits0"": 10, ""mps_l0"": 39.345, ""hsf_keff"": 17, ""hsf_l0"": 41.6439, ""sparse_l"": 28.0875, ""sv_l"": 28.0875, ""feat_secs"": 0.012787, ""feat_secs_frame"": 0.000284, ""feat_secs_hsf"": 0.012392}"
ct,"ct:n=20,L=8,t=16,nn=0",1,"{""n"": 20.0, ""L"": 8.0, ""t"": 16.0, ""nn"": 0.0}",mps,skipped,,,,,,2.227643711719606e-18,,,"{""n"": 20, ""gates"": 272, ""g2"": 80, ""g3"": 0, ""depth2"": 8, ""t_count"": 16, ""rotations"": 16, ""d"": 14, ""dense_l"": 15.0875, ""redundant"": 2, ""obs_zero"": true, ""frame_l"": 8.0875, ""chi_bits"": 10, ""mps_l"": 39.345, ""hsf_k"": 20, ""hsf_na"": 7, ""hsf_nb"": 13, ""hsf_l"": 38.6439, ""sup"": 20, ""chi_bits0"": 10, ""mps_l0"": 39.345, ""hsf_keff"": 17, ""hsf_l0"": 41.6439, ""sparse_l"": 28.0875, ""sv_l"": 28.0875, ""feat_secs"": 0.012787, ""feat_secs_frame"": 0.000284, ""feat_secs_hsf"": 0.012392}"
ct,"ct:n=20,L=8,t=16,nn=0",1,"{""n"": 20.0, ""L"": 8.0, ""t"": 16.0, ""nn"": 0.0}",hsf,timeout,,10.0021,39075840,,,2.227643711719606e-18,,timeout,"{""n"": 20, ""gates"": 272, ""g2"": 80, ""g3"": 0, ""depth2"": 8, ""t_count"": 16, ""rotations"": 16, ""d"": 14, ""dense_l"": 15.0875, ""redundant"": 2, ""obs_zero"": true, ""frame_l"": 8.0875, ""chi_bits"": 10, ""mps_l"": 39.345, ""hsf_k"": 20, ""hsf_na"": 7, ""hsf_nb"": 13, ""hsf_l"": 38.6439, ""sup"": 20, ""chi_bits0"": 10, ""mps_l0"": 39.345, ""hsf_keff"": 17, ""hsf_l0"": 41.6439, ""sparse_l"": 28.0875, ""sv_l"": 28.0875, ""feat_secs"": 0.012787, ""feat_secs_frame"": 0.000284, ""feat_secs_hsf"": 0.012392}"
ct,"ct:n=20,L=8,t=16,nn=0",1,"{""n"": 20.0, ""L"": 8.0, ""t"": 16.0, ""nn"": 0.0}",tableau,na,,0.0043,1916928,,,2.227643711719606e-18,,"TooLarge { what: ""tableau (non-Clifford circuit)"", bytes: 0, limit: 0 }","{""n"": 20, ""gates"": 272, ""g2"": 80, ""g3"": 0, ""depth2"": 8, ""t_count"": 16, ""rotations"": 16, ""d"": 14, ""dense_l"": 15.0875, ""redundant"": 2, ""obs_zero"": true, ""frame_l"": 8.0875, ""chi_bits"": 10, ""mps_l"": 39.345, ""hsf_k"": 20, ""hsf_na"": 7, ""hsf_nb"": 13, ""hsf_l"": 38.6439, ""sup"": 20, ""chi_bits0"": 10, ""mps_l0"": 39.345, ""hsf_keff"": 17, ""hsf_l0"": 41.6439, ""sparse_l"": 28.0875, ""sv_l"": 28.0875, ""feat_secs"": 0.012787, ""feat_secs_frame"": 0.000284, ""feat_secs_hsf"": 0.012392}"
ct,"ct:n=20,L=8,t=16,nn=0",1,"{""n"": 20.0, ""L"": 8.0, ""t"": 16.0, ""nn"": 0.0}",cstate,ok,0.000412,0.0073,2572288,0.0,14,2.227643711719606e-18,2.227643711719606e-18,,"{""n"": 20, ""gates"": 272, ""g2"": 80, ""g3"": 0, ""depth2"": 8, ""t_count"": 16, ""rotations"": 16, ""d"": 14, ""dense_l"": 15.0875, ""redundant"": 2, ""obs_zero"": true, ""frame_l"": 8.0875, ""chi_bits"": 10, ""mps_l"": 39.345, ""hsf_k"": 20, ""hsf_na"": 7, ""hsf_nb"": 13, ""hsf_l"": 38.6439, ""sup"": 20, ""chi_bits0"": 10, ""mps_l0"": 39.345, ""hsf_keff"": 17, ""hsf_l0"": 41.6439, ""sparse_l"": 28.0875, ""sv_l"": 28.0875, ""feat_secs"": 0.012787, ""feat_secs_frame"": 0.000284, ""feat_secs_hsf"": 0.012392}"
ct,"ct:n=20,L=8,t=16,nn=0",1,"{""n"": 20.0, ""L"": 8.0, ""t"": 16.0, ""nn"": 0.0}",frame,ok,0.000336,0.0078,2490368,-0.0,0,2.227643711719606e-18,2.227643711719606e-18,switched_at=None dense_qubits=0 peak_terms=0 term_visits=0 dense_ops=0,"{""n"": 20, ""gates"": 272, ""g2"": 80, ""g3"": 0, ""depth2"": 8, ""t_count"": 16, ""rotations"": 16, ""d"": 14, ""dense_l"": 15.0875, ""redundant"": 2, ""obs_zero"": true, ""frame_l"": 8.0875, ""chi_bits"": 10, ""mps_l"": 39.345, ""hsf_k"": 20, ""hsf_na"": 7, ""hsf_nb"": 13, ""hsf_l"": 38.6439, ""sup"": 20, ""chi_bits0"": 10, ""mps_l0"": 39.345, ""hsf_keff"": 17, ""hsf_l0"": 41.6439, ""sparse_l"": 28.0875, ""sv_l"": 28.0875, ""feat_secs"": 0.012787, ""feat_secs_frame"": 0.000284, ""feat_secs_hsf"": 0.012392}"
ct,"ct:n=20,L=8,t=16,nn=0",1,"{""n"": 20.0, ""L"": 8.0, ""t"": 16.0, ""nn"": 0.0}",dense,ok,0.000408,0.0073,2736128,0.0,14,2.227643711719606e-18,2.227643711719606e-18,switched_at=Some(16) dense_qubits=14 peak_terms=0 term_visits=0 dense_ops=34818,"{""n"": 20, ""gates"": 272, ""g2"": 80, ""g3"": 0, ""depth2"": 8, ""t_count"": 16, ""rotations"": 16, ""d"": 14, ""dense_l"": 15.0875, ""redundant"": 2, ""obs_zero"": true, ""frame_l"": 8.0875, ""chi_bits"": 10, ""mps_l"": 39.345, ""hsf_k"": 20, ""hsf_na"": 7, ""hsf_nb"": 13, ""hsf_l"": 38.6439, ""sup"": 20, ""chi_bits0"": 10, ""mps_l0"": 39.345, ""hsf_keff"": 17, ""hsf_l0"": 41.6439, ""sparse_l"": 28.0875, ""sv_l"": 28.0875, ""feat_secs"": 0.012787, ""feat_secs_frame"": 0.000284, ""feat_secs_hsf"": 0.012392}"
ct,"ct:n=20,L=8,t=16,nn=0",1,"{""n"": 20.0, ""L"": 8.0, ""t"": 16.0, ""nn"": 0.0}",auto,ok,0.00034,0.0050,2490368,-0.0,0,2.227643711719606e-18,2.227643711719606e-18,switched_at=None dense_qubits=0 peak_terms=0 term_visits=0 dense_ops=0,"{""n"": 20, ""gates"": 272, ""g2"": 80, ""g3"": 0, ""depth2"": 8, ""t_count"": 16, ""rotations"": 16, ""d"": 14, ""dense_l"": 15.0875, ""redundant"": 2, ""obs_zero"": true, ""frame_l"": 8.0875, ""chi_bits"": 10, ""mps_l"": 39.345, ""hsf_k"": 20, ""hsf_na"": 7, ""hsf_nb"": 13, ""hsf_l"": 38.6439, ""sup"": 20, ""chi_bits0"": 10, ""mps_l0"": 39.345, ""hsf_keff"": 17, ""hsf_l0"": 41.6439, ""sparse_l"": 28.0875, ""sv_l"": 28.0875, ""feat_secs"": 0.012787, ""feat_secs_frame"": 0.000284, ""feat_secs_hsf"": 0.012392}"
ct,"ct:n=20,L=8,t=24,nn=0",1,"{""n"": 20.0, ""L"": 8.0, ""t"": 24.0, ""nn"": 0.0}",sv,ok,0.11289,0.1184,19922944,-2.629190268277348e-18,1048576,-2.629190268277348e-18,0.0,,"{""n"": 20, ""gates"": 287, ""g2"": 80, ""g3"": 0, ""depth2"": 8, ""t_count"": 24, ""rotations"": 24, ""d"": 17, ""dense_l"": 18.7127, ""redundant"": 7, ""obs_zero"": true, ""frame_l"": 8.1649, ""chi_bits"": 10, ""mps_l"": 39.4843, ""hsf_k"": 24, ""hsf_na"": 10, ""hsf_nb"": 10, ""hsf_l"": 42.3565, ""sup"": 20, ""chi_bits0"": 10, ""mps_l0"": 39.4843, ""hsf_keff"": 22, ""hsf_l0"": 44.3565, ""sparse_l"": 28.1649, ""sv_l"": 28.1649, ""feat_secs"": 0.011689, ""feat_secs_frame"": 0.000297, ""feat_secs_hsf"": 0.01129}"
ct,"ct:n=20,L=8,t=24,nn=0",1,"{""n"": 20.0, ""L"": 8.0, ""t"": 24.0, ""nn"": 0.0}",sparse,ok,5.020065,5.0257,216104960,-1.591446529459762e-17,1048576,-2.629190268277348e-18,1.3285275026320273e-17,,"{""n"": 20, ""gates"": 287, ""g2"": 80, ""g3"": 0, ""depth2"": 8, ""t_count"": 24, ""rotations"": 24, ""d"": 17, ""dense_l"": 18.7127, ""redundant"": 7, ""obs_zero"": true, ""frame_l"": 8.1649, ""chi_bits"": 10, ""mps_l"": 39.4843, ""hsf_k"": 24, ""hsf_na"": 10, ""hsf_nb"": 10, ""hsf_l"": 42.3565, ""sup"": 20, ""chi_bits0"": 10, ""mps_l0"": 39.4843, ""hsf_keff"": 22, ""hsf_l0"": 44.3565, ""sparse_l"": 28.1649, ""sv_l"": 28.1649, ""feat_secs"": 0.011689, ""feat_secs_frame"": 0.000297, ""feat_secs_hsf"": 0.01129}"
ct,"ct:n=20,L=8,t=24,nn=0",1,"{""n"": 20.0, ""L"": 8.0, ""t"": 24.0, ""nn"": 0.0}",mps,skipped,,,,,,-2.629190268277348e-18,,,"{""n"": 20, ""gates"": 287, ""g2"": 80, ""g3"": 0, ""depth2"": 8, ""t_count"": 24, ""rotations"": 24, ""d"": 17, ""dense_l"": 18.7127, ""redundant"": 7, ""obs_zero"": true, ""frame_l"": 8.1649, ""chi_bits"": 10, ""mps_l"": 39.4843, ""hsf_k"": 24, ""hsf_na"": 10, ""hsf_nb"": 10, ""hsf_l"": 42.3565, ""sup"": 20, ""chi_bits0"": 10, ""mps_l0"": 39.4843, ""hsf_keff"": 22, ""hsf_l0"": 44.3565, ""sparse_l"": 28.1649, ""sv_l"": 28.1649, ""feat_secs"": 0.011689, ""feat_secs_frame"": 0.000297, ""feat_secs_hsf"": 0.01129}"
ct,"ct:n=20,L=8,t=24,nn=0",1,"{""n"": 20.0, ""L"": 8.0, ""t"": 24.0, ""nn"": 0.0}",hsf,timeout,,10.0017,23429120,,,-2.629190268277348e-18,,timeout,"{""n"": 20, ""gates"": 287, ""g2"": 80, ""g3"": 0, ""depth2"": 8, ""t_count"": 24, ""rotations"": 24, ""d"": 17, ""dense_l"": 18.7127, ""redundant"": 7, ""obs_zero"": true, ""frame_l"": 8.1649, ""chi_bits"": 10, ""mps_l"": 39.4843, ""hsf_k"": 24, ""hsf_na"": 10, ""hsf_nb"": 10, ""hsf_l"": 42.3565, ""sup"": 20, ""chi_bits0"": 10, ""mps_l0"": 39.4843, ""hsf_keff"": 22, ""hsf_l0"": 44.3565, ""sparse_l"": 28.1649, ""sv_l"": 28.1649, ""feat_secs"": 0.011689, ""feat_secs_frame"": 0.000297, ""feat_secs_hsf"": 0.01129}"
ct,"ct:n=20,L=8,t=24,nn=0",1,"{""n"": 20.0, ""L"": 8.0, ""t"": 24.0, ""nn"": 0.0}",tableau,na,,0.0043,1900544,,,-2.629190268277348e-18,,"TooLarge { what: ""tableau (non-Clifford circuit)"", bytes: 0, limit: 0 }","{""n"": 20, ""gates"": 287, ""g2"": 80, ""g3"": 0, ""depth2"": 8, ""t_count"": 24, ""rotations"": 24, ""d"": 17, ""dense_l"": 18.7127, ""redundant"": 7, ""obs_zero"": true, ""frame_l"": 8.1649, ""chi_bits"": 10, ""mps_l"": 39.4843, ""hsf_k"": 24, ""hsf_na"": 10, ""hsf_nb"": 10, ""hsf_l"": 42.3565, ""sup"": 20, ""chi_bits0"": 10, ""mps_l0"": 39.4843, ""hsf_keff"": 22, ""hsf_l0"": 44.3565, ""sparse_l"": 28.1649, ""sv_l"": 28.1649, ""feat_secs"": 0.011689, ""feat_secs_frame"": 0.000297, ""feat_secs_hsf"": 0.01129}"
ct,"ct:n=20,L=8,t=24,nn=0",1,"{""n"": 20.0, ""L"": 8.0, ""t"": 24.0, ""nn"": 0.0}",cstate,ok,0.001071,0.0072,4472832,0.0,17,-2.629190268277348e-18,2.629190268277348e-18,,"{""n"": 20, ""gates"": 287, ""g2"": 80, ""g3"": 0, ""depth2"": 8, ""t_count"": 24, ""rotations"": 24, ""d"": 17, ""dense_l"": 18.7127, ""redundant"": 7, ""obs_zero"": true, ""frame_l"": 8.1649, ""chi_bits"": 10, ""mps_l"": 39.4843, ""hsf_k"": 24, ""hsf_na"": 10, ""hsf_nb"": 10, ""hsf_l"": 42.3565, ""sup"": 20, ""chi_bits0"": 10, ""mps_l0"": 39.4843, ""hsf_keff"": 22, ""hsf_l0"": 44.3565, ""sparse_l"": 28.1649, ""sv_l"": 28.1649, ""feat_secs"": 0.011689, ""feat_secs_frame"": 0.000297, ""feat_secs_hsf"": 0.01129}"
ct,"ct:n=20,L=8,t=24,nn=0",1,"{""n"": 20.0, ""L"": 8.0, ""t"": 24.0, ""nn"": 0.0}",frame,ok,0.000265,0.0043,2506752,-0.0,0,-2.629190268277348e-18,2.629190268277348e-18,switched_at=None dense_qubits=0 peak_terms=0 term_visits=0 dense_ops=0,"{""n"": 20, ""gates"": 287, ""g2"": 80, ""g3"": 0, ""depth2"": 8, ""t_count"": 24, ""rotations"": 24, ""d"": 17, ""dense_l"": 18.7127, ""redundant"": 7, ""obs_zero"": true, ""frame_l"": 8.1649, ""chi_bits"": 10, ""mps_l"": 39.4843, ""hsf_k"": 24, ""hsf_na"": 10, ""hsf_nb"": 10, ""hsf_l"": 42.3565, ""sup"": 20, ""chi_bits0"": 10, ""mps_l0"": 39.4843, ""hsf_keff"": 22, ""hsf_l0"": 44.3565, ""sparse_l"": 28.1649, ""sv_l"": 28.1649, ""feat_secs"": 0.011689, ""feat_secs_frame"": 0.000297, ""feat_secs_hsf"": 0.01129}"
ct,"ct:n=20,L=8,t=24,nn=0",1,"{""n"": 20.0, ""L"": 8.0, ""t"": 24.0, ""nn"": 0.0}",dense,ok,0.000982,0.0060,4636672,0.0,17,-2.629190268277348e-18,2.629190268277348e-18,switched_at=Some(22) dense_qubits=17 peak_terms=0 term_visits=0 dense_ops=395838,"{""n"": 20, ""gates"": 287, ""g2"": 80, ""g3"": 0, ""depth2"": 8, ""t_count"": 24, ""rotations"": 24, ""d"": 17, ""dense_l"": 18.7127, ""redundant"": 7, ""obs_zero"": true, ""frame_l"": 8.1649, ""chi_bits"": 10, ""mps_l"": 39.4843, ""hsf_k"": 24, ""hsf_na"": 10, ""hsf_nb"": 10, ""hsf_l"": 42.3565, ""sup"": 20, ""chi_bits0"": 10, ""mps_l0"": 39.4843, ""hsf_keff"": 22, ""hsf_l0"": 44.3565, ""sparse_l"": 28.1649, ""sv_l"": 28.1649, ""feat_secs"": 0.011689, ""feat_secs_frame"": 0.000297, ""feat_secs_hsf"": 0.01129}"
ct,"ct:n=20,L=8,t=24,nn=0",1,"{""n"": 20.0, ""L"": 8.0, ""t"": 24.0, ""nn"": 0.0}",auto,ok,0.00028,0.0043,2506752,-0.0,0,-2.629190268277348e-18,2.629190268277348e-18,switched_at=None dense_qubits=0 peak_terms=0 term_visits=0 dense_ops=0,"{""n"": 20, ""gates"": 287, ""g2"": 80, ""g3"": 0, ""depth2"": 8, ""t_count"": 24, ""rotations"": 24, ""d"": 17, ""dense_l"": 18.7127, ""redundant"": 7, ""obs_zero"": true, ""frame_l"": 8.1649, ""chi_bits"": 10, ""mps_l"": 39.4843, ""hsf_k"": 24, ""hsf_na"": 10, ""hsf_nb"": 10, ""hsf_l"": 42.3565, ""sup"": 20, ""chi_bits0"": 10, ""mps_l0"": 39.4843, ""hsf_keff"": 22, ""hsf_l0"": 44.3565, ""sparse_l"": 28.1649, ""sv_l"": 28.1649, ""feat_secs"": 0.011689, ""feat_secs_frame"": 0.000297, ""feat_secs_hsf"": 0.01129}"
ct,"ct:n=20,L=8,t=32,nn=0",1,"{""n"": 20.0, ""L"": 8.0, ""t"": 32.0, ""nn"": 0.0}",sv,ok,0.108168,0.1148,19972096,7.126935218197683e-18,1048576,7.126935218197683e-18,0.0,,"{""n"": 20, ""gates"": 298, ""g2"": 80, ""g3"": 0, ""depth2"": 8, ""t_count"": 32, ""rotations"": 32, ""d"": 19, ""dense_l"": 22.2799, ""redundant"": 13, ""obs_zero"": false, ""frame_l"": 11.5, ""chi_bits"": 10, ""mps_l"": 39.3208, ""hsf_k"": 20, ""hsf_na"": 7, ""hsf_nb"": 13, ""hsf_l"": 39.7347, ""sup"": 20, ""chi_bits0"": 10, ""mps_l0"": 39.3208, ""hsf_keff"": 18, ""hsf_l0"": 41.7347, ""sparse_l"": 28.2192, ""sv_l"": 28.2192, ""feat_secs"": 0.014376, ""feat_secs_frame"": 0.000355, ""feat_secs_hsf"": 0.013935}"
ct,"ct:n=20,L=8,t=32,nn=0",1,"{""n"": 20.0, ""L"": 8.0, ""t"": 32.0, ""nn"": 0.0}",sparse,ok,5.548024,5.5535,214450176,-1.973512651719635e-17,1048576,7.126935218197683e-18,2.6862061735394033e-17,,"{""n"": 20, ""gates"": 298, ""g2"": 80, ""g3"": 0, ""depth2"": 8, ""t_count"": 32, ""rotations"": 32, ""d"": 19, ""dense_l"": 22.2799, ""redundant"": 13, ""obs_zero"": false, ""frame_l"": 11.5, ""chi_bits"": 10, ""mps_l"": 39.3208, ""hsf_k"": 20, ""hsf_na"": 7, ""hsf_nb"": 13, ""hsf_l"": 39.7347, ""sup"": 20, ""chi_bits0"": 10, ""mps_l0"": 39.3208, ""hsf_keff"": 18, ""hsf_l0"": 41.7347, ""sparse_l"": 28.2192, ""sv_l"": 28.2192, ""feat_secs"": 0.014376, ""feat_secs_frame"": 0.000355, ""feat_secs_hsf"": 0.013935}"
ct,"ct:n=20,L=8,t=32,nn=0",1,"{""n"": 20.0, ""L"": 8.0, ""t"": 32.0, ""nn"": 0.0}",mps,skipped,,,,,,7.126935218197683e-18,,,"{""n"": 20, ""gates"": 298, ""g2"": 80, ""g3"": 0, ""depth2"": 8, ""t_count"": 32, ""rotations"": 32, ""d"": 19, ""dense_l"": 22.2799, ""redundant"": 13, ""obs_zero"": false, ""frame_l"": 11.5, ""chi_bits"": 10, ""mps_l"": 39.3208, ""hsf_k"": 20, ""hsf_na"": 7, ""hsf_nb"": 13, ""hsf_l"": 39.7347, ""sup"": 20, ""chi_bits0"": 10, ""mps_l0"": 39.3208, ""hsf_keff"": 18, ""hsf_l0"": 41.7347, ""sparse_l"": 28.2192, ""sv_l"": 28.2192, ""feat_secs"": 0.014376, ""feat_secs_frame"": 0.000355, ""feat_secs_hsf"": 0.013935}"
ct,"ct:n=20,L=8,t=32,nn=0",1,"{""n"": 20.0, ""L"": 8.0, ""t"": 32.0, ""nn"": 0.0}",hsf,timeout,,10.0036,39124992,,,7.126935218197683e-18,,timeout,"{""n"": 20, ""gates"": 298, ""g2"": 80, ""g3"": 0, ""depth2"": 8, ""t_count"": 32, ""rotations"": 32, ""d"": 19, ""dense_l"": 22.2799, ""redundant"": 13, ""obs_zero"": false, ""frame_l"": 11.5, ""chi_bits"": 10, ""mps_l"": 39.3208, ""hsf_k"": 20, ""hsf_na"": 7, ""hsf_nb"": 13, ""hsf_l"": 39.7347, ""sup"": 20, ""chi_bits0"": 10, ""mps_l0"": 39.3208, ""hsf_keff"": 18, ""hsf_l0"": 41.7347, ""sparse_l"": 28.2192, ""sv_l"": 28.2192, ""feat_secs"": 0.014376, ""feat_secs_frame"": 0.000355, ""feat_secs_hsf"": 0.013935}"
ct,"ct:n=20,L=8,t=32,nn=0",1,"{""n"": 20.0, ""L"": 8.0, ""t"": 32.0, ""nn"": 0.0}",tableau,na,,0.0066,1933312,,,7.126935218197683e-18,,"TooLarge { what: ""tableau (non-Clifford circuit)"", bytes: 0, limit: 0 }","{""n"": 20, ""gates"": 298, ""g2"": 80, ""g3"": 0, ""depth2"": 8, ""t_count"": 32, ""rotations"": 32, ""d"": 19, ""dense_l"": 22.2799, ""redundant"": 13, ""obs_zero"": false, ""frame_l"": 11.5, ""chi_bits"": 10, ""mps_l"": 39.3208, ""hsf_k"": 20, ""hsf_na"": 7, ""hsf_nb"": 13, ""hsf_l"": 39.7347, ""sup"": 20, ""chi_bits0"": 10, ""mps_l0"": 39.3208, ""hsf_keff"": 18, ""hsf_l0"": 41.7347, ""sparse_l"": 28.2192, ""sv_l"": 28.2192, ""feat_secs"": 0.014376, ""feat_secs_frame"": 0.000355, ""feat_secs_hsf"": 0.013935}"
ct,"ct:n=20,L=8,t=32,nn=0",1,"{""n"": 20.0, ""L"": 8.0, ""t"": 32.0, ""nn"": 0.0}",cstate,ok,0.011792,0.0161,11550720,1.336558433763182e-18,19,7.126935218197683e-18,5.790376784434501e-18,,"{""n"": 20, ""gates"": 298, ""g2"": 80, ""g3"": 0, ""depth2"": 8, ""t_count"": 32, ""rotations"": 32, ""d"": 19, ""dense_l"": 22.2799, ""redundant"": 13, ""obs_zero"": false, ""frame_l"": 11.5, ""chi_bits"": 10, ""mps_l"": 39.3208, ""hsf_k"": 20, ""hsf_na"": 7, ""hsf_nb"": 13, ""hsf_l"": 39.7347, ""sup"": 20, ""chi_bits0"": 10, ""mps_l0"": 39.3208, ""hsf_keff"": 18, ""hsf_l0"": 41.7347, ""sparse_l"": 28.2192, ""sv_l"": 28.2192, ""feat_secs"": 0.014376, ""feat_secs_frame"": 0.000355, ""feat_secs_hsf"": 0.013935}"
ct,"ct:n=20,L=8,t=32,nn=0",1,"{""n"": 20.0, ""L"": 8.0, ""t"": 32.0, ""nn"": 0.0}",frame,ok,0.000459,0.0046,2588672,-0.0,1,7.126935218197683e-18,7.126935218197683e-18,switched_at=None dense_qubits=0 peak_terms=1 term_visits=16 dense_ops=0,"{""n"": 20, ""gates"": 298, ""g2"": 80, ""g3"": 0, ""depth2"": 8, ""t_count"": 32, ""rotations"": 32, ""d"": 19, ""dense_l"": 22.2799, ""redundant"": 13, ""obs_zero"": false, ""frame_l"": 11.5, ""chi_bits"": 10, ""mps_l"": 39.3208, ""hsf_k"": 20, ""hsf_na"": 7, ""hsf_nb"": 13, ""hsf_l"": 39.7347, ""sup"": 20, ""chi_bits0"": 10, ""mps_l0"": 39.3208, ""hsf_keff"": 18, ""hsf_l0"": 41.7347, ""sparse_l"": 28.2192, ""sv_l"": 28.2192, ""feat_secs"": 0.014376, ""feat_secs_frame"": 0.000355, ""feat_secs_hsf"": 0.013935}"
ct,"ct:n=20,L=8,t=32,nn=0",1,"{""n"": 20.0, ""L"": 8.0, ""t"": 32.0, ""nn"": 0.0}",dense,ok,0.008476,0.0134,11665408,-1.914426809692727e-19,19,7.126935218197683e-18,7.318377899166956e-18,switched_at=Some(27) dense_qubits=19 peak_terms=1 term_visits=0 dense_ops=4468734,"{""n"": 20, ""gates"": 298, ""g2"": 80, ""g3"": 0, ""depth2"": 8, ""t_count"": 32, ""rotations"": 32, ""d"": 19, ""dense_l"": 22.2799, ""redundant"": 13, ""obs_zero"": false, ""frame_l"": 11.5, ""chi_bits"": 10, ""mps_l"": 39.3208, ""hsf_k"": 20, ""hsf_na"": 7, ""hsf_nb"": 13, ""hsf_l"": 39.7347, ""sup"": 20, ""chi_bits0"": 10, ""mps_l0"": 39.3208, ""hsf_keff"": 18, ""hsf_l0"": 41.7347, ""sparse_l"": 28.2192, ""sv_l"": 28.2192, ""feat_secs"": 0.014376, ""feat_secs_frame"": 0.000355, ""feat_secs_hsf"": 0.013935}"
ct,"ct:n=20,L=8,t=32,nn=0",1,"{""n"": 20.0, ""L"": 8.0, ""t"": 32.0, ""nn"": 0.0}",auto,ok,0.00045,0.0044,2588672,-0.0,0,7.126935218197683e-18,7.126935218197683e-18,switched_at=None dense_qubits=0 peak_terms=1 term_visits=16 dense_ops=0,"{""n"": 20, ""gates"": 298, ""g2"": 80, ""g3"": 0, ""depth2"": 8, ""t_count"": 32, ""rotations"": 32, ""d"": 19, ""dense_l"": 22.2799, ""redundant"": 13, ""obs_zero"": false, ""frame_l"": 11.5, ""chi_bits"": 10, ""mps_l"": 39.3208, ""hsf_k"": 20, ""hsf_na"": 7, ""hsf_nb"": 13, ""hsf_l"": 39.7347, ""sup"": 20, ""chi_bits0"": 10, ""mps_l0"": 39.3208, ""hsf_keff"": 18, ""hsf_l0"": 41.7347, ""sparse_l"": 28.2192, ""sv_l"": 28.2192, ""feat_secs"": 0.014376, ""feat_secs_frame"": 0.000355, ""feat_secs_hsf"": 0.013935}"
ct,"ct:n=24,L=1,t=0,nn=0",1,"{""n"": 24.0, ""L"": 1.0, ""t"": 0.0, ""nn"": 0.0}",sv,ok,0.270516,0.2752,271646720,1.409462824231156e-18,16777216,1.409462824231156e-18,0.0,,"{""n"": 24, ""gates"": 36, ""g2"": 12, ""g3"": 0, ""depth2"": 1, ""t_count"": 0, ""rotations"": 0, ""d"": 0, ""dense_l"": 0.0, ""redundant"": 0, ""obs_zero"": true, ""frame_l"": 5.1699, ""chi_bits"": 8, ""mps_l"": 27.1887, ""hsf_k"": 0, ""hsf_na"": 12, ""hsf_nb"": 12, ""hsf_l"": 24.0126, ""sup"": 12, ""chi_bits0"": 8, ""mps_l0"": 27.1887, ""hsf_keff"": 0, ""hsf_l0"": 24.0126, ""sparse_l"": 17.1699, ""sv_l"": 29.1699, ""feat_secs"": 0.006484, ""feat_secs_frame"": 5.3e-05, ""feat_secs_hsf"": 0.006411}"
ct,"ct:n=24,L=1,t=0,nn=0",1,"{""n"": 24.0, ""L"": 1.0, ""t"": 0.0, ""nn"": 0.0}",sparse,ok,0.000798,0.0077,2473984,4.336808689942018e-19,4096,1.409462824231156e-18,9.757819552369542e-19,,"{""n"": 24, ""gates"": 36, ""g2"": 12, ""g3"": 0, ""depth2"": 1, ""t_count"": 0, ""rotations"": 0, ""d"": 0, ""dense_l"": 0.0, ""redundant"": 0, ""obs_zero"": true, ""frame_l"": 5.1699, ""chi_bits"": 8, ""mps_l"": 27.1887, ""hsf_k"": 0, ""hsf_na"": 12, ""hsf_nb"": 12, ""hsf_l"": 24.0126, ""sup"": 12, ""chi_bits0"": 8, ""mps_l0"": 27.1887, ""hsf_keff"": 0, ""hsf_l0"": 24.0126, ""sparse_l"": 17.1699, ""sv_l"": 29.1699, ""feat_secs"": 0.006484, ""feat_secs_frame"": 5.3e-05, ""feat_secs_hsf"": 0.006411}"
ct,"ct:n=24,L=1,t=0,nn=0",1,"{""n"": 24.0, ""L"": 1.0, ""t"": 0.0, ""nn"": 0.0}",mps,ok,0.001503,0.0074,3063808,1.196748582410559e-15,16,1.409462824231156e-18,1.1953391195863278e-15,,"{""n"": 24, ""gates"": 36, ""g2"": 12, ""g3"": 0, ""depth2"": 1, ""t_count"": 0, ""rotations"": 0, ""d"": 0, ""dense_l"": 0.0, ""redundant"": 0, ""obs_zero"": true, ""frame_l"": 5.1699, ""chi_bits"": 8, ""mps_l"": 27.1887, ""hsf_k"": 0, ""hsf_na"": 12, ""hsf_nb"": 12, ""hsf_l"": 24.0126, ""sup"": 12, ""chi_bits0"": 8, ""mps_l0"": 27.1887, ""hsf_keff"": 0, ""hsf_l0"": 24.0126, ""sparse_l"": 17.1699, ""sv_l"": 29.1699, ""feat_secs"": 0.006484, ""feat_secs_frame"": 5.3e-05, ""feat_secs_hsf"": 0.006411}"
ct,"ct:n=24,L=1,t=0,nn=0",1,"{""n"": 24.0, ""L"": 1.0, ""t"": 0.0, ""nn"": 0.0}",hsf,ok,0.175273,0.1792,271319040,0.0,1,1.409462824231156e-18,1.409462824231156e-18,,"{""n"": 24, ""gates"": 36, ""g2"": 12, ""g3"": 0, ""depth2"": 1, ""t_count"": 0, ""rotations"": 0, ""d"": 0, ""dense_l"": 0.0, ""redundant"": 0, ""obs_zero"": true, ""frame_l"": 5.1699, ""chi_bits"": 8, ""mps_l"": 27.1887, ""hsf_k"": 0, ""hsf_na"": 12, ""hsf_nb"": 12, ""hsf_l"": 24.0126, ""sup"": 12, ""chi_bits0"": 8, ""mps_l0"": 27.1887, ""hsf_keff"": 0, ""hsf_l0"": 24.0126, ""sparse_l"": 17.1699, ""sv_l"": 29.1699, ""feat_secs"": 0.006484, ""feat_secs_frame"": 5.3e-05, ""feat_secs_hsf"": 0.006411}"
ct,"ct:n=24,L=1,t=0,nn=0",1,"{""n"": 24.0, ""L"": 1.0, ""t"": 0.0, ""nn"": 0.0}",tableau,ok,4.5e-05,0.0045,2031616,-0.0,0,1.409462824231156e-18,1.409462824231156e-18,value recomputed after the C-vs-C† fix (timing from the original run),"{""n"": 24, ""gates"": 36, ""g2"": 12, ""g3"": 0, ""depth2"": 1, ""t_count"": 0, ""rotations"": 0, ""d"": 0, ""dense_l"": 0.0, ""redundant"": 0, ""obs_zero"": true, ""frame_l"": 5.1699, ""chi_bits"": 8, ""mps_l"": 27.1887, ""hsf_k"": 0, ""hsf_na"": 12, ""hsf_nb"": 12, ""hsf_l"": 24.0126, ""sup"": 12, ""chi_bits0"": 8, ""mps_l0"": 27.1887, ""hsf_keff"": 0, ""hsf_l0"": 24.0126, ""sparse_l"": 17.1699, ""sv_l"": 29.1699, ""feat_secs"": 0.006484, ""feat_secs_frame"": 5.3e-05, ""feat_secs_hsf"": 0.006411}"
ct,"ct:n=24,L=1,t=0,nn=0",1,"{""n"": 24.0, ""L"": 1.0, ""t"": 0.0, ""nn"": 0.0}",cstate,ok,5.1e-05,0.0044,1933312,0.0,0,1.409462824231156e-18,1.409462824231156e-18,,"{""n"": 24, ""gates"": 36, ""g2"": 12, ""g3"": 0, ""depth2"": 1, ""t_count"": 0, ""rotations"": 0, ""d"": 0, ""dense_l"": 0.0, ""redundant"": 0, ""obs_zero"": true, ""frame_l"": 5.1699, ""chi_bits"": 8, ""mps_l"": 27.1887, ""hsf_k"": 0, ""hsf_na"": 12, ""hsf_nb"": 12, ""hsf_l"": 24.0126, ""sup"": 12, ""chi_bits0"": 8, ""mps_l0"": 27.1887, ""hsf_keff"": 0, ""hsf_l0"": 24.0126, ""sparse_l"": 17.1699, ""sv_l"": 29.1699, ""feat_secs"": 0.006484, ""feat_secs_frame"": 5.3e-05, ""feat_secs_hsf"": 0.006411}"
ct,"ct:n=24,L=1,t=0,nn=0",1,"{""n"": 24.0, ""L"": 1.0, ""t"": 0.0, ""nn"": 0.0}",frame,ok,7.4e-05,0.0044,2129920,-0.0,0,1.409462824231156e-18,1.409462824231156e-18,switched_at=None dense_qubits=0 peak_terms=0 term_visits=0 dense_ops=0,"{""n"": 24, ""gates"": 36, ""g2"": 12, ""g3"": 0, ""depth2"": 1, ""t_count"": 0, ""rotations"": 0, ""d"": 0, ""dense_l"": 0.0, ""redundant"": 0, ""obs_zero"": true, ""frame_l"": 5.1699, ""chi_bits"": 8, ""mps_l"": 27.1887, ""hsf_k"": 0, ""hsf_na"": 12, ""hsf_nb"": 12, ""hsf_l"": 24.0126, ""sup"": 12, ""chi_bits0"": 8, ""mps_l0"": 27.1887, ""hsf_keff"": 0, ""hsf_l0"": 24.0126, ""sparse_l"": 17.1699, ""sv_l"": 29.1699, ""feat_secs"": 0.006484, ""feat_secs_frame"": 5.3e-05, ""feat_secs_hsf"": 0.006411}"
ct,"ct:n=24,L=1,t=0,nn=0",1,"{""n"": 24.0, ""L"": 1.0, ""t"": 0.0, ""nn"": 0.0}",dense,ok,7.3e-05,0.0045,2129920,-0.0,0,1.409462824231156e-18,1.409462824231156e-18,switched_at=None dense_qubits=0 peak_terms=0 term_visits=0 dense_ops=0,"{""n"": 24, ""gates"": 36, ""g2"": 12, ""g3"": 0, ""depth2"": 1, ""t_count"": 0, ""rotations"": 0, ""d"": 0, ""dense_l"": 0.0, ""redundant"": 0, ""obs_zero"": true, ""frame_l"": 5.1699, ""chi_bits"": 8, ""mps_l"": 27.1887, ""hsf_k"": 0, ""hsf_na"": 12, ""hsf_nb"": 12, ""hsf_l"": 24.0126, ""sup"": 12, ""chi_bits0"": 8, ""mps_l0"": 27.1887, ""hsf_keff"": 0, ""hsf_l0"": 24.0126, ""sparse_l"": 17.1699, ""sv_l"": 29.1699, ""feat_secs"": 0.006484, ""feat_secs_frame"": 5.3e-05, ""feat_secs_hsf"": 0.006411}"
ct,"ct:n=24,L=1,t=0,nn=0",1,"{""n"": 24.0, ""L"": 1.0, ""t"": 0.0, ""nn"": 0.0}",auto,ok,7.1e-05,0.0044,2129920,-0.0,0,1.409462824231156e-18,1.409462824231156e-18,switched_at=None dense_qubits=0 peak_terms=0 term_visits=0 dense_ops=0,"{""n"": 24, ""gates"": 36, ""g2"": 12, ""g3"": 0, ""depth2"": 1, ""t_count"": 0, ""rotations"": 0, ""d"": 0, ""dense_l"": 0.0, ""redundant"": 0, ""obs_zero"": true, ""frame_l"": 5.1699, ""chi_bits"": 8, ""mps_l"": 27.1887, ""hsf_k"": 0, ""hsf_na"": 12, ""hsf_nb"": 12, ""hsf_l"": 24.0126, ""sup"": 12, ""chi_bits0"": 8, ""mps_l0"": 27.1887, ""hsf_keff"": 0, ""hsf_l0"": 24.0126, ""sparse_l"": 17.1699, ""sv_l"": 29.1699, ""feat_secs"": 0.006484, ""feat_secs_frame"": 5.3e-05, ""feat_secs_hsf"": 0.006411}"
ct,"ct:n=24,L=1,t=4,nn=0",1,"{""n"": 24.0, ""L"": 1.0, ""t"": 4.0, ""nn"": 0.0}",sv,ok,0.33883,0.3438,272236544,1.000000000000263,16777216,1.000000000000263,0.0,,"{""n"": 24, ""gates"": 44, ""g2"": 12, ""g3"": 0, ""depth2"": 1, ""t_count"": 4, ""rotations"": 4, ""d"": 1, ""dense_l"": 2.3219, ""redundant"": 3, ""obs_zero"": false, ""frame_l"": 3.5, ""chi_bits"": 6, ""mps_l"": 21.6174, ""hsf_k"": 0, ""hsf_na"": 12, ""hsf_nb"": 12, ""hsf_l"": 24.0154, ""sup"": 16, ""chi_bits0"": 6, ""mps_l0"": 21.6174, ""hsf_keff"": 0, ""hsf_l0"": 24.0154, ""sparse_l"": 21.4594, ""sv_l"": 29.4594, ""feat_secs"": 0.003312, ""feat_secs_frame"": 0.0001, ""feat_secs_hsf"": 0.003177}"
ct,"ct:n=24,L=1,t=4,nn=0",1,"{""n"": 24.0, ""L"": 1.0, ""t"": 4.0, ""nn"": 0.0}",sparse,ok,0.014444,0.0210,15122432,0.9999999999999997,65536,1.000000000000263,2.632338791386246e-13,,"{""n"": 24, ""gates"": 44, ""g2"": 12, ""g3"": 0, ""depth2"": 1, ""t_count"": 4, ""rotations"": 4, ""d"": 1, ""dense_l"": 2.3219, ""redundant"": 3, ""obs_zero"": false, ""frame_l"": 3.5, ""chi_bits"": 6, ""mps_l"": 21.6174, ""hsf_k"": 0, ""hsf_na"": 12, ""hsf_nb"": 12, ""hsf_l"": 24.0154, ""sup"": 16, ""chi_bits0"": 6, ""mps_l0"": 21.6174, ""hsf_keff"": 0, ""hsf_l0"": 24.0154, ""sparse_l"": 21.4594, ""sv_l"": 29.4594, ""feat_secs"": 0.003312, ""feat_secs_frame"": 0.0001, ""feat_secs_hsf"": 0.003177}"
ct,"ct:n=24,L=1,t=4,nn=0",1,"{""n"": 24.0, ""L"": 1.0, ""t"": 4.0, ""nn"": 0.0}",mps,ok,0.000502,0.0044,2572288,1.0,2,1.000000000000263,2.6290081223123707e-13,,"{""n"": 24, ""gates"": 44, ""g2"": 12, ""g3"": 0, ""depth2"": 1, ""t_count"": 4, ""rotations"": 4, ""d"": 1, ""dense_l"": 2.3219, ""redundant"": 3, ""obs_zero"": false, ""frame_l"": 3.5, ""chi_bits"": 6, ""mps_l"": 21.6174, ""hsf_k"": 0, ""hsf_na"": 12, ""hsf_nb"": 12, ""hsf_l"": 24.0154, ""sup"": 16, ""chi_bits0"": 6, ""mps_l0"": 21.6174, ""hsf_keff"": 0, ""hsf_l0"": 24.0154, ""sparse_l"": 21.4594, ""sv_l"": 29.4594, ""feat_secs"": 0.003312, ""feat_secs_frame"": 0.0001, ""feat_secs_hsf"": 0.003177}"
ct,"ct:n=24,L=1,t=4,nn=0",1,"{""n"": 24.0, ""L"": 1.0, ""t"": 4.0, ""nn"": 0.0}",hsf,ok,0.207383,0.2112,271351808,1.000000000000263,1,1.000000000000263,0.0,,"{""n"": 24, ""gates"": 44, ""g2"": 12, ""g3"": 0, ""depth2"": 1, ""t_count"": 4, ""rotations"": 4, ""d"": 1, ""dense_l"": 2.3219, ""redundant"": 3, ""obs_zero"": false, ""frame_l"": 3.5, ""chi_bits"": 6, ""mps_l"": 21.6174, ""hsf_k"": 0, ""hsf_na"": 12, ""hsf_nb"": 12, ""hsf_l"": 24.0154, ""sup"": 16, ""chi_bits0"": 6, ""mps_l0"": 21.6174, ""hsf_keff"": 0, ""hsf_l0"": 24.0154, ""sparse_l"": 21.4594, ""sv_l"": 29.4594, ""feat_secs"": 0.003312, ""feat_secs_frame"": 0.0001, ""feat_secs_hsf"": 0.003177}"
ct,"ct:n=24,L=1,t=4,nn=0",1,"{""n"": 24.0, ""L"": 1.0, ""t"": 4.0, ""nn"": 0.0}",tableau,na,,0.0045,1851392,,,1.000000000000263,,"TooLarge { what: ""tableau (non-Clifford circuit)"", bytes: 0, limit: 0 }","{""n"": 24, ""gates"": 44, ""g2"": 12, ""g3"": 0, ""depth2"": 1, ""t_count"": 4, ""rotations"": 4, ""d"": 1, ""dense_l"": 2.3219, ""redundant"": 3, ""obs_zero"": false, ""frame_l"": 3.5, ""chi_bits"": 6, ""mps_l"": 21.6174, ""hsf_k"": 0, ""hsf_na"": 12, ""hsf_nb"": 12, ""hsf_l"": 24.0154, ""sup"": 16, ""chi_bits0"": 6, ""mps_l0"": 21.6174, ""hsf_keff"": 0, ""hsf_l0"": 24.0154, ""sparse_l"": 21.4594, ""sv_l"": 29.4594, ""feat_secs"": 0.003312, ""feat_secs_frame"": 0.0001, ""feat_secs_hsf"": 0.003177}"
ct,"ct:n=24,L=1,t=4,nn=0",1,"{""n"": 24.0, ""L"": 1.0, ""t"": 4.0, ""nn"": 0.0}",cstate,ok,6.3e-05,0.0044,1966080,1.0,1,1.000000000000263,2.6290081223123707e-13,,"{""n"": 24, ""gates"": 44, ""g2"": 12, ""g3"": 0, ""depth2"": 1, ""t_count"": 4, ""rotations"": 4, ""d"": 1, ""dense_l"": 2.3219, ""redundant"": 3, ""obs_zero"": false, ""frame_l"": 3.5, ""chi_bits"": 6, ""mps_l"": 21.6174, ""hsf_k"": 0, ""hsf_na"": 12, ""hsf_nb"": 12, ""hsf_l"": 24.0154, ""sup"": 16, ""chi_bits0"": 6, ""mps_l0"": 21.6174, ""hsf_keff"": 0, ""hsf_l0"": 24.0154, ""sparse_l"": 21.4594, ""sv_l"": 29.4594, ""feat_secs"": 0.003312, ""feat_secs_frame"": 0.0001, ""feat_secs_hsf"": 0.003177}"
ct,"ct:n=24,L=1,t=4,nn=0",1,"{""n"": 24.0, ""L"": 1.0, ""t"": 4.0, ""nn"": 0.0}",frame,ok,0.000199,0.0042,2457600,1.0,1,1.000000000000263,2.6290081223123707e-13,switched_at=None dense_qubits=0 peak_terms=1 term_visits=4 dense_ops=0,"{""n"": 24, ""gates"": 44, ""g2"": 12, ""g3"": 0, ""depth2"": 1, ""t_count"": 4, ""rotations"": 4, ""d"": 1, ""dense_l"": 2.3219, ""redundant"": 3, ""obs_zero"": false, ""frame_l"": 3.5, ""chi_bits"": 6, ""mps_l"": 21.6174, ""hsf_k"": 0, ""hsf_na"": 12, ""hsf_nb"": 12, ""hsf_l"": 24.0154, ""sup"": 16, ""chi_bits0"": 6, ""mps_l0"": 21.6174, ""hsf_keff"": 0, ""hsf_l0"": 24.0154, ""sparse_l"": 21.4594, ""sv_l"": 29.4594, ""feat_secs"": 0.003312, ""feat_secs_frame"": 0.0001, ""feat_secs_hsf"": 0.003177}"
ct,"ct:n=24,L=1,t=4,nn=0",1,"{""n"": 24.0, ""L"": 1.0, ""t"": 4.0, ""nn"": 0.0}",dense,ok,7.7e-05,0.0042,2179072,1.0,1,1.000000000000263,2.6290081223123707e-13,switched_at=Some(4) dense_qubits=1 peak_terms=1 term_visits=0 dense_ops=7,"{""n"": 24, ""gates"": 44, ""g2"": 12, ""g3"": 0, ""depth2"": 1, ""t_count"": 4, ""rotations"": 4, ""d"": 1, ""dense_l"": 2.3219, ""redundant"": 3, ""obs_zero"": false, ""frame_l"": 3.5, ""chi_bits"": 6, ""mps_l"": 21.6174, ""hsf_k"": 0, ""hsf_na"": 12, ""hsf_nb"": 12, ""hsf_l"": 24.0154, ""sup"": 16, ""chi_bits0"": 6, ""mps_l0"": 21.6174, ""hsf_keff"": 0, ""hsf_l0"": 24.0154, ""sparse_l"": 21.4594, ""sv_l"": 29.4594, ""feat_secs"": 0.003312, ""feat_secs_frame"": 0.0001, ""feat_secs_hsf"": 0.003177}"
ct,"ct:n=24,L=1,t=4,nn=0",1,"{""n"": 24.0, ""L"": 1.0, ""t"": 4.0, ""nn"": 0.0}",auto,ok,7.7e-05,0.0044,2179072,1.0,1,1.000000000000263,2.6290081223123707e-13,switched_at=Some(4) dense_qubits=1 peak_terms=1 term_visits=0 dense_ops=7,"{""n"": 24, ""gates"": 44, ""g2"": 12, ""g3"": 0, ""depth2"": 1, ""t_count"": 4, ""rotations"": 4, ""d"": 1, ""dense_l"": 2.3219, ""redundant"": 3, ""obs_zero"": false, ""frame_l"": 3.5, ""chi_bits"": 6, ""mps_l"": 21.6174, ""hsf_k"": 0, ""hsf_na"": 12, ""hsf_nb"": 12, ""hsf_l"": 24.0154, ""sup"": 16, ""chi_bits0"": 6, ""mps_l0"": 21.6174, ""hsf_keff"": 0, ""hsf_l0"": 24.0154, ""sparse_l"": 21.4594, ""sv_l"": 29.4594, ""feat_secs"": 0.003312, ""feat_secs_frame"": 0.0001, ""feat_secs_hsf"": 0.003177}"
ct,"ct:n=24,L=1,t=8,nn=0",1,"{""n"": 24.0, ""L"": 1.0, ""t"": 8.0, ""nn"": 0.0}",sv,ok,0.349758,0.3538,272154624,1.000000000000001,16777216,1.000000000000001,0.0,,"{""n"": 24, ""gates"": 52, ""g2"": 12, ""g3"": 0, ""depth2"": 1, ""t_count"": 8, ""rotations"": 8, ""d"": 4, ""dense_l"": 5.858, ""redundant"": 4, ""obs_zero"": false, ""frame_l"": 5.0, ""chi_bits"": 7, ""mps_l"": 25.7609, ""hsf_k"": 0, ""hsf_na"": 12, ""hsf_nb"": 12, ""hsf_l"": 24.0182, ""sup"": 17, ""chi_bits0"": 7, ""mps_l0"": 25.7609, ""hsf_keff"": 0, ""hsf_l0"": 24.0182, ""sparse_l"": 22.7004, ""sv_l"": 29.7004, ""feat_secs"": 0.003174, ""feat_secs_frame"": 6.7e-05, ""feat_secs_hsf"": 0.003076}"
ct,"ct:n=24,L=1,t=8,nn=0",1,"{""n"": 24.0, ""L"": 1.0, ""t"": 8.0, ""nn"": 0.0}",sparse,ok,0.029164,0.0356,14303232,1.0,131072,1.000000000000001,1.1102230246251565e-15,,"{""n"": 24, ""gates"": 52, ""g2"": 12, ""g3"": 0, ""depth2"": 1, ""t_count"": 8, ""rotations"": 8, ""d"": 4, ""dense_l"": 5.858, ""redundant"": 4, ""obs_zero"": false, ""frame_l"": 5.0, ""chi_bits"": 7, ""mps_l"": 25.7609, ""hsf_k"": 0, ""hsf_na"": 12, ""hsf_nb"": 12, ""hsf_l"": 24.0182, ""sup"": 17, ""chi_bits0"": 7, ""mps_l0"": 25.7609, ""hsf_keff"": 0, ""hsf_l0"": 24.0182, ""sparse_l"": 22.7004, ""sv_l"": 29.7004, ""feat_secs"": 0.003174, ""feat_secs_frame"": 6.7e-05, ""feat_secs_hsf"": 0.003076}"
ct,"ct:n=24,L=1,t=8,nn=0",1,"{""n"": 24.0, ""L"": 1.0, ""t"": 8.0, ""nn"": 0.0}",mps,ok,0.000715,0.0070,2686976,1.0,8,1.000000000000001,1.1102230246251565e-15,,"{""n"": 24, ""gates"": 52, ""g2"": 12, ""g3"": 0, ""depth2"": 1, ""t_count"": 8, ""rotations"": 8, ""d"": 4, ""dense_l"": 5.858, ""redundant"": 4, ""obs_zero"": false, ""frame_l"": 5.0, ""chi_bits"": 7, ""mps_l"": 25.7609, ""hsf_k"": 0, ""hsf_na"": 12, ""hsf_nb"": 12, ""hsf_l"": 24.0182, ""sup"": 17, ""chi_bits0"": 7, ""mps_l0"": 25.7609, ""hsf_keff"": 0, ""hsf_l0"": 24.0182, ""sparse_l"": 22.7004, ""sv_l"": 29.7004, ""feat_secs"": 0.003174, ""feat_secs_frame"": 6.7e-05, ""feat_secs_hsf"": 0.003076}"
ct,"ct:n=24,L=1,t=8,nn=0",1,"{""n"": 24.0, ""L"": 1.0, ""t"": 8.0, ""nn"": 0.0}",hsf,ok,0.200796,0.2076,271335424,1.000000000000001,1,1.000000000000001,0.0,,"{""n"": 24, ""gates"": 52, ""g2"": 12, ""g3"": 0, ""depth2"": 1, ""t_count"": 8, ""rotations"": 8, ""d"": 4, ""dense_l"": 5.858, ""redundant"": 4, ""obs_zero"": false, ""frame_l"": 5.0, ""chi_bits"": 7, ""mps_l"": 25.7609, ""hsf_k"": 0, ""hsf_na"": 12, ""hsf_nb"": 12, ""hsf_l"": 24.0182, ""sup"": 17, ""chi_bits0"": 7, ""mps_l0"": 25.7609, ""hsf_keff"": 0, ""hsf_l0"": 24.0182, ""sparse_l"": 22.7004, ""sv_l"": 29.7004, ""feat_secs"": 0.003174, ""feat_secs_frame"": 6.7e-05, ""feat_secs_hsf"": 0.003076}"
ct,"ct:n=24,L=1,t=8,nn=0",1,"{""n"": 24.0, ""L"": 1.0, ""t"": 8.0, ""nn"": 0.0}",tableau,na,,0.0068,1851392,,,1.000000000000001,,"TooLarge { what: ""tableau (non-Clifford circuit)"", bytes: 0, limit: 0 }","{""n"": 24, ""gates"": 52, ""g2"": 12, ""g3"": 0, ""depth2"": 1, ""t_count"": 8, ""rotations"": 8, ""d"": 4, ""dense_l"": 5.858, ""redundant"": 4, ""obs_zero"": false, ""frame_l"": 5.0, ""chi_bits"": 7, ""mps_l"": 25.7609, ""hsf_k"": 0, ""hsf_na"": 12, ""hsf_nb"": 12, ""hsf_l"": 24.0182, ""sup"": 17, ""chi_bits0"": 7, ""mps_l0"": 25.7609, ""hsf_keff"": 0, ""hsf_l0"": 24.0182, ""sparse_l"": 22.7004, ""sv_l"": 29.7004, ""feat_secs"": 0.003174, ""feat_secs_frame"": 6.7e-05, ""feat_secs_hsf"": 0.003076}"
ct,"ct:n=24,L=1,t=8,nn=0",1,"{""n"": 24.0, ""L"": 1.0, ""t"": 8.0, ""nn"": 0.0}",cstate,ok,7.1e-05,0.0047,1982464,0.9999999999999992,4,1.000000000000001,1.887379141862766e-15,,"{""n"": 24, ""gates"": 52, ""g2"": 12, ""g3"": 0, ""depth2"": 1, ""t_count"": 8, ""rotations"": 8, ""d"": 4, ""dense_l"": 5.858, ""redundant"": 4, ""obs_zero"": false, ""frame_l"": 5.0, ""chi_bits"": 7, ""mps_l"": 25.7609, ""hsf_k"": 0, ""hsf_na"": 12, ""hsf_nb"": 12, ""hsf_l"": 24.0182, ""sup"": 17, ""chi_bits0"": 7, ""mps_l0"": 25.7609, ""hsf_keff"": 0, ""hsf_l0"": 24.0182, ""sparse_l"": 22.7004, ""sv_l"": 29.7004, ""feat_secs"": 0.003174, ""feat_secs_frame"": 6.7e-05, ""feat_secs_hsf"": 0.003076}"
ct,"ct:n=24,L=1,t=8,nn=0",1,"{""n"": 24.0, ""L"": 1.0, ""t"": 8.0, ""nn"": 0.0}",frame,ok,0.000333,0.0049,2457600,1.0,1,1.000000000000001,1.1102230246251565e-15,switched_at=None dense_qubits=0 peak_terms=1 term_visits=8 dense_ops=0,"{""n"": 24, ""gates"": 52, ""g2"": 12, ""g3"": 0, ""depth2"": 1, ""t_count"": 8, ""rotations"": 8, ""d"": 4, ""dense_l"": 5.858, ""redundant"": 4, ""obs_zero"": false, ""frame_l"": 5.0, ""chi_bits"": 7, ""mps_l"": 25.7609, ""hsf_k"": 0, ""hsf_na"": 12, ""hsf_nb"": 12, ""hsf_l"": 24.0182, ""sup"": 17, ""chi_bits0"": 7, ""mps_l0"": 25.7609, ""hsf_keff"": 0, ""hsf_l0"": 24.0182, ""sparse_l"": 22.7004, ""sv_l"": 29.7004, ""feat_secs"": 0.003174, ""feat_secs_frame"": 6.7e-05, ""feat_secs_hsf"": 0.003076}"
ct,"ct:n=24,L=1,t=8,nn=0",1,"{""n"": 24.0, ""L"": 1.0, ""t"": 8.0, ""nn"": 0.0}",dense,ok,9e-05,0.0061,2179072,0.9999999999999992,4,1.000000000000001,1.887379141862766e-15,switched_at=Some(8) dense_qubits=4 peak_terms=1 term_visits=0 dense_ops=74,"{""n"": 24, ""gates"": 52, ""g2"": 12, ""g3"": 0, ""depth2"": 1, ""t_count"": 8, ""rotations"": 8, ""d"": 4, ""dense_l"": 5.858, ""redundant"": 4, ""obs_zero"": false, ""frame_l"": 5.0, ""chi_bits"": 7, ""mps_l"": 25.7609, ""hsf_k"": 0, ""hsf_na"": 12, ""hsf_nb"": 12, ""hsf_l"": 24.0182, ""sup"": 17, ""chi_bits0"": 7, ""mps_l0"": 25.7609, ""hsf_keff"": 0, ""hsf_l0"": 24.0182, ""sparse_l"": 22.7004, ""sv_l"": 29.7004, ""feat_secs"": 0.003174, ""feat_secs_frame"": 6.7e-05, ""feat_secs_hsf"": 0.003076}"
ct,"ct:n=24,L=1,t=8,nn=0",1,"{""n"": 24.0, ""L"": 1.0, ""t"": 8.0, ""nn"": 0.0}",auto,ok,9.6e-05,0.0048,2179072,0.9999999999999992,4,1.000000000000001,1.887379141862766e-15,switched_at=Some(8) dense_qubits=4 peak_terms=1 term_visits=0 dense_ops=74,"{""n"": 24, ""gates"": 52, ""g2"": 12, ""g3"": 0, ""depth2"": 1, ""t_count"": 8, ""rotations"": 8, ""d"": 4, ""dense_l"": 5.858, ""redundant"": 4, ""obs_zero"": false, ""frame_l"": 5.0, ""chi_bits"": 7, ""mps_l"": 25.7609, ""hsf_k"": 0, ""hsf_na"": 12, ""hsf_nb"": 12, ""hsf_l"": 24.0182, ""sup"": 17, ""chi_bits0"": 7, ""mps_l0"": 25.7609, ""hsf_keff"": 0, ""hsf_l0"": 24.0182, ""sparse_l"": 22.7004, ""sv_l"": 29.7004, ""feat_secs"": 0.003174, ""feat_secs_frame"": 6.7e-05, ""feat_secs_hsf"": 0.003076}"
ct,"ct:n=24,L=1,t=16,nn=0",1,"{""n"": 24.0, ""L"": 1.0, ""t"": 16.0, ""nn"": 0.0}",sv,ok,0.363341,0.3701,272121856,7.47014202958191e-15,16777216,7.47014202958191e-15,0.0,,"{""n"": 24, ""gates"": 64, ""g2"": 12, ""g3"": 0, ""depth2"": 1, ""t_count"": 16, ""rotations"": 16, ""d"": 9, ""dense_l"": 10.6493, ""redundant"": 7, ""obs_zero"": true, ""frame_l"": 6.0, ""chi_bits"": 8, ""mps_l"": 28.6952, ""hsf_k"": 0, ""hsf_na"": 12, ""hsf_nb"": 12, ""hsf_l"": 24.0224, ""sup"": 20, ""chi_bits0"": 8, ""mps_l0"": 28.6952, ""hsf_keff"": 0, ""hsf_l0"": 24.0224, ""sparse_l"": 26.0, ""sv_l"": 30.0, ""feat_secs"": 0.004913, ""feat_secs_frame"": 0.000126, ""feat_secs_hsf"": 0.004755}"
ct,"ct:n=24,L=1,t=16,nn=0",1,"{""n"": 24.0, ""L"": 1.0, ""t"": 16.0, ""nn"": 0.0}",sparse,ok,0.275244,0.2822,85573632,2.149551194818864e-16,1048576,7.47014202958191e-15,7.255186910100024e-15,,"{""n"": 24, ""gates"": 64, ""g2"": 12, ""g3"": 0, ""depth2"": 1, ""t_count"": 16, ""rotations"": 16, ""d"": 9, ""dense_l"": 10.6493, ""redundant"": 7, ""obs_zero"": true, ""frame_l"": 6.0, ""chi_bits"": 8, ""mps_l"": 28.6952, ""hsf_k"": 0, ""hsf_na"": 12, ""hsf_nb"": 12, ""hsf_l"": 24.0224, ""sup"": 20, ""chi_bits0"": 8, ""mps_l0"": 28.6952, ""hsf_keff"": 0, ""hsf_l0"": 24.0224, ""sparse_l"": 26.0, ""sv_l"": 30.0, ""feat_secs"": 0.004913, ""feat_secs_frame"": 0.000126, ""feat_secs_hsf"": 0.004755}"
ct,"ct:n=24,L=1,t=16,nn=0",1,"{""n"": 24.0, ""L"": 1.0, ""t"": 16.0, ""nn"": 0.0}",mps,ok,0.003867,0.0111,3440640,-9.506284648352909e-16,16,7.47014202958191e-15,8.4207704944172e-15,,"{""n"": 24, ""gates"": 64, ""g2"": 12, ""g3"": 0, ""depth2"": 1, ""t_count"": 16, ""rotations"": 16, ""d"": 9, ""dense_l"": 10.6493, ""redundant"": 7, ""obs_zero"": true, ""frame_l"": 6.0, ""chi_bits"": 8, ""mps_l"": 28.6952, ""hsf_k"": 0, ""hsf_na"": 12, ""hsf_nb"": 12, ""hsf_l"": 24.0224, ""sup"": 20, ""chi_bits0"": 8, ""mps_l0"": 28.6952, ""hsf_keff"": 0, ""hsf_l0"": 24.0224, ""sparse_l"": 26.0, ""sv_l"": 30.0, ""feat_secs"": 0.004913, ""feat_secs_frame"": 0.000126, ""feat_secs_hsf"": 0.004755}"
ct,"ct:n=24,L=1,t=16,nn=0",1,"{""n"": 24.0, ""L"": 1.0, ""t"": 16.0, ""nn"": 0.0}",hsf,ok,0.305041,0.3091,271335424,7.837641817237718e-15,1,7.47014202958191e-15,3.674997876558081e-16,,"{""n"": 24, ""gates"": 64, ""g2"": 12, ""g3"": 0, ""depth2"": 1, ""t_count"": 16, ""rotations"": 16, ""d"": 9, ""dense_l"": 10.6493, ""redundant"": 7, ""obs_zero"": true, ""frame_l"": 6.0, ""chi_bits"": 8, ""mps_l"": 28.6952, ""hsf_k"": 0, ""hsf_na"": 12, ""hsf_nb"": 12, ""hsf_l"": 24.0224, ""sup"": 20, ""chi_bits0"": 8, ""mps_l0"": 28.6952, ""hsf_keff"": 0, ""hsf_l0"": 24.0224, ""sparse_l"": 26.0, ""sv_l"": 30.0, ""feat_secs"": 0.004913, ""feat_secs_frame"": 0.000126, ""feat_secs_hsf"": 0.004755}"
ct,"ct:n=24,L=1,t=16,nn=0",1,"{""n"": 24.0, ""L"": 1.0, ""t"": 16.0, ""nn"": 0.0}",tableau,na,,0.0045,1851392,,,7.47014202958191e-15,,"TooLarge { what: ""tableau (non-Clifford circuit)"", bytes: 0, limit: 0 }","{""n"": 24, ""gates"": 64, ""g2"": 12, ""g3"": 0, ""depth2"": 1, ""t_count"": 16, ""rotations"": 16, ""d"": 9, ""dense_l"": 10.6493, ""redundant"": 7, ""obs_zero"": true, ""frame_l"": 6.0, ""chi_bits"": 8, ""mps_l"": 28.6952, ""hsf_k"": 0, ""hsf_na"": 12, ""hsf_nb"": 12, ""hsf_l"": 24.0224, ""sup"": 20, ""chi_bits0"": 8, ""mps_l0"": 28.6952, ""hsf_keff"": 0, ""hsf_l0"": 24.0224, ""sparse_l"": 26.0, ""sv_l"": 30.0, ""feat_secs"": 0.004913, ""feat_secs_frame"": 0.000126, ""feat_secs_hsf"": 0.004755}"
ct,"ct:n=24,L=1,t=16,nn=0",1,"{""n"": 24.0, ""L"": 1.0, ""t"": 16.0, ""nn"": 0.0}",cstate,ok,8.4e-05,0.0044,1966080,0.0,9,7.47014202958191e-15,7.47014202958191e-15,,"{""n"": 24, ""gates"": 64, ""g2"": 12, ""g3"": 0, ""depth2"": 1, ""t_count"": 16, ""rotations"": 16, ""d"": 9, ""dense_l"": 10.6493, ""redundant"": 7, ""obs_zero"": true, ""frame_l"": 6.0, ""chi_bits"": 8, ""mps_l"": 28.6952, ""hsf_k"": 0, ""hsf_na"": 12, ""hsf_nb"": 12, ""hsf_l"": 24.0224, ""sup"": 20, ""chi_bits0"": 8, ""mps_l0"": 28.6952, ""hsf_keff"": 0, ""hsf_l0"": 24.0224, ""sparse_l"": 26.0, ""sv_l"": 30.0, ""feat_secs"": 0.004913, ""feat_secs_frame"": 0.000126, ""feat_secs_hsf"": 0.004755}"
ct,"ct:n=24,L=1,t=16,nn=0",1,"{""n"": 24.0, ""L"": 1.0, ""t"": 16.0, ""nn"": 0.0}",frame,ok,8.5e-05,0.0042,2146304,-0.0,0,7.47014202958191e-15,7.47014202958191e-15,switched_at=None dense_qubits=0 peak_terms=0 term_visits=0 dense_ops=0,"{""n"": 24, ""gates"": 64, ""g2"": 12, ""g3"": 0, ""depth2"": 1, ""t_count"": 16, ""rotations"": 16, ""d"": 9, ""dense_l"": 10.6493, ""redundant"": 7, ""obs_zero"": true, ""frame_l"": 6.0, ""chi_bits"": 8, ""mps_l"": 28.6952, ""hsf_k"": 0, ""hsf_na"": 12, ""hsf_nb"": 12, ""hsf_l"": 24.0224, ""sup"": 20, ""chi_bits0"": 8, ""mps_l0"": 28.6952, ""hsf_keff"": 0, ""hsf_l0"": 24.0224, ""sparse_l"": 26.0, ""sv_l"": 30.0, ""feat_secs"": 0.004913, ""feat_secs_frame"": 0.000126, ""feat_secs_hsf"": 0.004755}"
ct,"ct:n=24,L=1,t=16,nn=0",1,"{""n"": 24.0, ""L"": 1.0, ""t"": 16.0, ""nn"": 0.0}",dense,ok,0.000102,0.0043,2179072,0.0,9,7.47014202958191e-15,7.47014202958191e-15,switched_at=Some(16) dense_qubits=9 peak_terms=0 term_visits=0 dense_ops=1606,"{""n"": 24, ""gates"": 64, ""g2"": 12, ""g3"": 0, ""depth2"": 1, ""t_count"": 16, ""rotations"": 16, ""d"": 9, ""dense_l"": 10.6493, ""redundant"": 7, ""obs_zero"": true, ""frame_l"": 6.0, ""chi_bits"": 8, ""mps_l"": 28.6952, ""hsf_k"": 0, ""hsf_na"": 12, ""hsf_nb"": 12, ""hsf_l"": 24.0224, ""sup"": 20, ""chi_bits0"": 8, ""mps_l0"": 28.6952, ""hsf_keff"": 0, ""hsf_l0"": 24.0224, ""sparse_l"": 26.0, ""sv_l"": 30.0, ""feat_secs"": 0.004913, ""feat_secs_frame"": 0.000126, ""feat_secs_hsf"": 0.004755}"
ct,"ct:n=24,L=1,t=16,nn=0",1,"{""n"": 24.0, ""L"": 1.0, ""t"": 16.0, ""nn"": 0.0}",auto,ok,8.6e-05,0.0063,2146304,-0.0,0,7.47014202958191e-15,7.47014202958191e-15,switched_at=None dense_qubits=0 peak_terms=0 term_visits=0 dense_ops=0,"{""n"": 24, ""gates"": 64, ""g2"": 12, ""g3"": 0, ""depth2"": 1, ""t_count"": 16, ""rotations"": 16, ""d"": 9, ""dense_l"": 10.6493, ""redundant"": 7, ""obs_zero"": true, ""frame_l"": 6.0, ""chi_bits"": 8, ""mps_l"": 28.6952, ""hsf_k"": 0, ""hsf_na"": 12, ""hsf_nb"": 12, ""hsf_l"": 24.0224, ""sup"": 20, ""chi_bits0"": 8, ""mps_l0"": 28.6952, ""hsf_keff"": 0, ""hsf_l0"": 24.0224, ""sparse_l"": 26.0, ""sv_l"": 30.0, ""feat_secs"": 0.004913, ""feat_secs_frame"": 0.000126, ""feat_secs_hsf"": 0.004755}"
ct,"ct:n=24,L=1,t=24,nn=0",1,"{""n"": 24.0, ""L"": 1.0, ""t"": 24.0, ""nn"": 0.0}",sv,ok,0.417883,0.4241,272154624,-5.990262663352225e-17,16777216,-5.990262663352225e-17,0.0,,"{""n"": 24, ""gates"": 84, ""g2"": 12, ""g3"": 0, ""depth2"": 1, ""t_count"": 24, ""rotations"": 24, ""d"": 15, ""dense_l"": 17.2297, ""redundant"": 9, ""obs_zero"": true, ""frame_l"": 6.3923, ""chi_bits"": 6, ""mps_l"": 23.5861, ""hsf_k"": 0, ""hsf_na"": 12, ""hsf_nb"": 12, ""hsf_l"": 24.0293, ""sup"": 24, ""chi_bits0"": 6, ""mps_l0"": 23.5861, ""hsf_keff"": 0, ""hsf_l0"": 24.0293, ""sparse_l"": 30.3923, ""sv_l"": 30.3923, ""feat_secs"": 0.004101, ""feat_secs_frame"": 0.000103, ""feat_secs_hsf"": 0.003959}"
ct,"ct:n=24,L=1,t=24,nn=0",1,"{""n"": 24.0, ""L"": 1.0, ""t"": 24.0, ""nn"": 0.0}",sparse,ok,6.356503,6.3628,1264435200,-1.506494535645338e-16,16777216,-5.990262663352225e-17,9.074682693101154e-17,,"{""n"": 24, ""gates"": 84, ""g2"": 12, ""g3"": 0, ""depth2"": 1, ""t_count"": 24, ""rotations"": 24, ""d"": 15, ""dense_l"": 17.2297, ""redundant"": 9, ""obs_zero"": true, ""frame_l"": 6.3923, ""chi_bits"": 6, ""mps_l"": 23.5861, ""hsf_k"": 0, ""hsf_na"": 12, ""hsf_nb"": 12, ""hsf_l"": 24.0293, ""sup"": 24, ""chi_bits0"": 6, ""mps_l0"": 23.5861, ""hsf_keff"": 0, ""hsf_l0"": 24.0293, ""sparse_l"": 30.3923, ""sv_l"": 30.3923, ""feat_secs"": 0.004101, ""feat_secs_frame"": 0.000103, ""feat_secs_hsf"": 0.003959}"
ct,"ct:n=24,L=1,t=24,nn=0",1,"{""n"": 24.0, ""L"": 1.0, ""t"": 24.0, ""nn"": 0.0}",mps,ok,0.002075,0.0072,3293184,-6.134413762037827e-16,16,-5.990262663352225e-17,5.535387495702605e-16,,"{""n"": 24, ""gates"": 84, ""g2"": 12, ""g3"": 0, ""depth2"": 1, ""t_count"": 24, ""rotations"": 24, ""d"": 15, ""dense_l"": 17.2297, ""redundant"": 9, ""obs_zero"": true, ""frame_l"": 6.3923, ""chi_bits"": 6, ""mps_l"": 23.5861, ""hsf_k"": 0, ""hsf_na"": 12, ""hsf_nb"": 12, ""hsf_l"": 24.0293, ""sup"": 24, ""chi_bits0"": 6, ""mps_l0"": 23.5861, ""hsf_keff"": 0, ""hsf_l0"": 24.0293, ""sparse_l"": 30.3923, ""sv_l"": 30.3923, ""feat_secs"": 0.004101, ""feat_secs_frame"": 0.000103, ""feat_secs_hsf"": 0.003959}"
ct,"ct:n=24,L=1,t=24,nn=0",1,"{""n"": 24.0, ""L"": 1.0, ""t"": 24.0, ""nn"": 0.0}",hsf,ok,0.199331,0.2061,271368192,-5.005500008204783e-17,1,-5.990262663352225e-17,9.847626551474422e-18,,"{""n"": 24, ""gates"": 84, ""g2"": 12, ""g3"": 0, ""depth2"": 1, ""t_count"": 24, ""rotations"": 24, ""d"": 15, ""dense_l"": 17.2297, ""redundant"": 9, ""obs_zero"": true, ""frame_l"": 6.3923, ""chi_bits"": 6, ""mps_l"": 23.5861, ""hsf_k"": 0, ""hsf_na"": 12, ""hsf_nb"": 12, ""hsf_l"": 24.0293, ""sup"": 24, ""chi_bits0"": 6, ""mps_l0"": 23.5861, ""hsf_keff"": 0, ""hsf_l0"": 24.0293, ""sparse_l"": 30.3923, ""sv_l"": 30.3923, ""feat_secs"": 0.004101, ""feat_secs_frame"": 0.000103, ""feat_secs_hsf"": 0.003959}"
ct,"ct:n=24,L=1,t=24,nn=0",1,"{""n"": 24.0, ""L"": 1.0, ""t"": 24.0, ""nn"": 0.0}",tableau,na,,0.0070,1851392,,,-5.990262663352225e-17,,"TooLarge { what: ""tableau (non-Clifford circuit)"", bytes: 0, limit: 0 }","{""n"": 24, ""gates"": 84, ""g2"": 12, ""g3"": 0, ""depth2"": 1, ""t_count"": 24, ""rotations"": 24, ""d"": 15, ""dense_l"": 17.2297, ""redundant"": 9, ""obs_zero"": true, ""frame_l"": 6.3923, ""chi_bits"": 6, ""mps_l"": 23.5861, ""hsf_k"": 0, ""hsf_na"": 12, ""hsf_nb"": 12, ""hsf_l"": 24.0293, ""sup"": 24, ""chi_bits0"": 6, ""mps_l0"": 23.5861, ""hsf_keff"": 0, ""hsf_l0"": 24.0293, ""sparse_l"": 30.3923, ""sv_l"": 30.3923, ""feat_secs"": 0.004101, ""feat_secs_frame"": 0.000103, ""feat_secs_hsf"": 0.003959}"
ct,"ct:n=24,L=1,t=24,nn=0",1,"{""n"": 24.0, ""L"": 1.0, ""t"": 24.0, ""nn"": 0.0}",cstate,ok,0.000435,0.0070,2867200,0.0,15,-5.990262663352225e-17,5.990262663352225e-17,,"{""n"": 24, ""gates"": 84, ""g2"": 12, ""g3"": 0, ""depth2"": 1, ""t_count"": 24, ""rotations"": 24, ""d"": 15, ""dense_l"": 17.2297, ""redundant"": 9, ""obs_zero"": true, ""frame_l"": 6.3923, ""chi_bits"": 6, ""mps_l"": 23.5861, ""hsf_k"": 0, ""hsf_na"": 12, ""hsf_nb"": 12, ""hsf_l"": 24.0293, ""sup"": 24, ""chi_bits0"": 6, ""mps_l0"": 23.5861, ""hsf_keff"": 0, ""hsf_l0"": 24.0293, ""sparse_l"": 30.3923, ""sv_l"": 30.3923, ""feat_secs"": 0.004101, ""feat_secs_frame"": 0.000103, ""feat_secs_hsf"": 0.003959}"
ct,"ct:n=24,L=1,t=24,nn=0",1,"{""n"": 24.0, ""L"": 1.0, ""t"": 24.0, ""nn"": 0.0}",frame,ok,0.000103,0.0045,2162688,-0.0,0,-5.990262663352225e-17,5.990262663352225e-17,switched_at=None dense_qubits=0 peak_terms=0 term_visits=0 dense_ops=0,"{""n"": 24, ""gates"": 84, ""g2"": 12, ""g3"": 0, ""depth2"": 1, ""t_count"": 24, ""rotations"": 24, ""d"": 15, ""dense_l"": 17.2297, ""redundant"": 9, ""obs_zero"": true, ""frame_l"": 6.3923, ""chi_bits"": 6, ""mps_l"": 23.5861, ""hsf_k"": 0, ""hsf_na"": 12, ""hsf_nb"": 12, ""hsf_l"": 24.0293, ""sup"": 24, ""chi_bits0"": 6, ""mps_l0"": 23.5861, ""hsf_keff"": 0, ""hsf_l0"": 24.0293, ""sparse_l"": 30.3923, ""sv_l"": 30.3923, ""feat_secs"": 0.004101, ""feat_secs_frame"": 0.000103, ""feat_secs_hsf"": 0.003959}"
ct,"ct:n=24,L=1,t=24,nn=0",1,"{""n"": 24.0, ""L"": 1.0, ""t"": 24.0, ""nn"": 0.0}",dense,ok,0.0004,0.0046,3047424,0.0,15,-5.990262663352225e-17,5.990262663352225e-17,switched_at=Some(24) dense_qubits=15 peak_terms=0 term_visits=0 dense_ops=153694,"{""n"": 24, ""gates"": 84, ""g2"": 12, ""g3"": 0, ""depth2"": 1, ""t_count"": 24, ""rotations"": 24, ""d"": 15, ""dense_l"": 17.2297, ""redundant"": 9, ""obs_zero"": true, ""frame_l"": 6.3923, ""chi_bits"": 6, ""mps_l"": 23.5861, ""hsf_k"": 0, ""hsf_na"": 12, ""hsf_nb"": 12, ""hsf_l"": 24.0293, ""sup"": 24, ""chi_bits0"": 6, ""mps_l0"": 23.5861, ""hsf_keff"": 0, ""hsf_l0"": 24.0293, ""sparse_l"": 30.3923, ""sv_l"": 30.3923, ""feat_secs"": 0.004101, ""feat_secs_frame"": 0.000103, ""feat_secs_hsf"": 0.003959}"
ct,"ct:n=24,L=1,t=24,nn=0",1,"{""n"": 24.0, ""L"": 1.0, ""t"": 24.0, ""nn"": 0.0}",auto,ok,0.000187,0.0070,2162688,-0.0,0,-5.990262663352225e-17,5.990262663352225e-17,switched_at=None dense_qubits=0 peak_terms=0 term_visits=0 dense_ops=0,"{""n"": 24, ""gates"": 84, ""g2"": 12, ""g3"": 0, ""depth2"": 1, ""t_count"": 24, ""rotations"": 24, ""d"": 15, ""dense_l"": 17.2297, ""redundant"": 9, ""obs_zero"": true, ""frame_l"": 6.3923, ""chi_bits"": 6, ""mps_l"": 23.5861, ""hsf_k"": 0, ""hsf_na"": 12, ""hsf_nb"": 12, ""hsf_l"": 24.0293, ""sup"": 24, ""chi_bits0"": 6, ""mps_l0"": 23.5861, ""hsf_keff"": 0, ""hsf_l0"": 24.0293, ""sparse_l"": 30.3923, ""sv_l"": 30.3923, ""feat_secs"": 0.004101, ""feat_secs_frame"": 0.000103, ""feat_secs_hsf"": 0.003959}"
ct,"ct:n=24,L=1,t=32,nn=0",1,"{""n"": 24.0, ""L"": 1.0, ""t"": 32.0, ""nn"": 0.0}",sv,ok,0.371239,0.3783,272236544,-6.640211627329888e-17,16777216,-6.640211627329888e-17,0.0,,"{""n"": 24, ""gates"": 98, ""g2"": 12, ""g3"": 0, ""depth2"": 1, ""t_count"": 32, ""rotations"": 32, ""d"": 13, ""dense_l"": 15.7125, ""redundant"": 19, ""obs_zero"": true, ""frame_l"": 6.6147, ""chi_bits"": 7, ""mps_l"": 25.5809, ""hsf_k"": 0, ""hsf_na"": 12, ""hsf_nb"": 12, ""hsf_l"": 24.0341, ""sup"": 20, ""chi_bits0"": 7, ""mps_l0"": 25.5809, ""hsf_keff"": 0, ""hsf_l0"": 24.0341, ""sparse_l"": 26.6147, ""sv_l"": 30.6147, ""feat_secs"": 0.003156, ""feat_secs_frame"": 0.000102, ""feat_secs_hsf"": 0.00302}"
ct,"ct:n=24,L=1,t=32,nn=0",1,"{""n"": 24.0, ""L"": 1.0, ""t"": 32.0, ""nn"": 0.0}",sparse,ok,0.421958,0.4267,215760896,4.937457989587609e-17,1048576,-6.640211627329888e-17,1.1577669616917497e-16,,"{""n"": 24, ""gates"": 98, ""g2"": 12, ""g3"": 0, ""depth2"": 1, ""t_count"": 32, ""rotations"": 32, ""d"": 13, ""dense_l"": 15.7125, ""redundant"": 19, ""obs_zero"": true, ""frame_l"": 6.6147, ""chi_bits"": 7, ""mps_l"": 25.5809, ""hsf_k"": 0, ""hsf_na"": 12, ""hsf_nb"": 12, ""hsf_l"": 24.0341, ""sup"": 20, ""chi_bits0"": 7, ""mps_l0"": 25.5809, ""hsf_keff"": 0, ""hsf_l0"": 24.0341, ""sparse_l"": 26.6147, ""sv_l"": 30.6147, ""feat_secs"": 0.003156, ""feat_secs_frame"": 0.000102, ""feat_secs_hsf"": 0.00302}"
ct,"ct:n=24,L=1,t=32,nn=0",1,"{""n"": 24.0, ""L"": 1.0, ""t"": 32.0, ""nn"": 0.0}",mps,ok,0.002056,0.0068,3424256,3.809886434114049e-16,16,-6.640211627329888e-17,4.473907596847038e-16,,"{""n"": 24, ""gates"": 98, ""g2"": 12, ""g3"": 0, ""depth2"": 1, ""t_count"": 32, ""rotations"": 32, ""d"": 13, ""dense_l"": 15.7125, ""redundant"": 19, ""obs_zero"": true, ""frame_l"": 6.6147, ""chi_bits"": 7, ""mps_l"": 25.5809, ""hsf_k"": 0, ""hsf_na"": 12, ""hsf_nb"": 12, ""hsf_l"": 24.0341, ""sup"": 20, ""chi_bits0"": 7, ""mps_l0"": 25.5809, ""hsf_keff"": 0, ""hsf_l0"": 24.0341, ""sparse_l"": 26.6147, ""sv_l"": 30.6147, ""feat_secs"": 0.003156, ""feat_secs_frame"": 0.000102, ""feat_secs_hsf"": 0.00302}"
ct,"ct:n=24,L=1,t=32,nn=0",1,"{""n"": 24.0, ""L"": 1.0, ""t"": 32.0, ""nn"": 0.0}",hsf,ok,0.201546,0.2081,271368192,-8.644374948060845e-17,1,-6.640211627329888e-17,2.0041633207309577e-17,,"{""n"": 24, ""gates"": 98, ""g2"": 12, ""g3"": 0, ""depth2"": 1, ""t_count"": 32, ""rotations"": 32, ""d"": 13, ""dense_l"": 15.7125, ""redundant"": 19, ""obs_zero"": true, ""frame_l"": 6.6147, ""chi_bits"": 7, ""mps_l"": 25.5809, ""hsf_k"": 0, ""hsf_na"": 12, ""hsf_nb"": 12, ""hsf_l"": 24.0341, ""sup"": 20, ""chi_bits0"": 7, ""mps_l0"": 25.5809, ""hsf_keff"": 0, ""hsf_l0"": 24.0341, ""sparse_l"": 26.6147, ""sv_l"": 30.6147, ""feat_secs"": 0.003156, ""feat_secs_frame"": 0.000102, ""feat_secs_hsf"": 0.00302}"
ct,"ct:n=24,L=1,t=32,nn=0",1,"{""n"": 24.0, ""L"": 1.0, ""t"": 32.0, ""nn"": 0.0}",tableau,na,,0.0045,1851392,,,-6.640211627329888e-17,,"TooLarge { what: ""tableau (non-Clifford circuit)"", bytes: 0, limit: 0 }","{""n"": 24, ""gates"": 98, ""g2"": 12, ""g3"": 0, ""depth2"": 1, ""t_count"": 32, ""rotations"": 32, ""d"": 13, ""dense_l"": 15.7125, ""redundant"": 19, ""obs_zero"": true, ""frame_l"": 6.6147, ""chi_bits"": 7, ""mps_l"": 25.5809, ""hsf_k"": 0, ""hsf_na"": 12, ""hsf_nb"": 12, ""hsf_l"": 24.0341, ""sup"": 20, ""chi_bits0"": 7, ""mps_l0"": 25.5809, ""hsf_keff"": 0, ""hsf_l0"": 24.0341, ""sparse_l"": 26.6147, ""sv_l"": 30.6147, ""feat_secs"": 0.003156, ""feat_secs_frame"": 0.000102, ""feat_secs_hsf"": 0.00302}"
ct,"ct:n=24,L=1,t=32,nn=0",1,"{""n"": 24.0, ""L"": 1.0, ""t"": 32.0, ""nn"": 0.0}",cstate,ok,0.000162,0.0044,2146304,0.0,13,-6.640211627329888e-17,6.640211627329888e-17,,"{""n"": 24, ""gates"": 98, ""g2"": 12, ""g3"": 0, ""depth2"": 1, ""t_count"": 32, ""rotations"": 32, ""d"": 13, ""dense_l"": 15.7125, ""redundant"": 19, ""obs_zero"": true, ""frame_l"": 6.6147, ""chi_bits"": 7, ""mps_l"": 25.5809, ""hsf_k"": 0, ""hsf_na"": 12, ""hsf_nb"": 12, ""hsf_l"": 24.0341, ""sup"": 20, ""chi_bits0"": 7, ""mps_l0"": 25.5809, ""hsf_keff"": 0, ""hsf_l0"": 24.0341, ""sparse_l"": 26.6147, ""sv_l"": 30.6147, ""feat_secs"": 0.003156, ""feat_secs_frame"": 0.000102, ""feat_secs_hsf"": 0.00302}"
ct,"ct:n=24,L=1,t=32,nn=0",1,"{""n"": 24.0, ""L"": 1.0, ""t"": 32.0, ""nn"": 0.0}",frame,ok,0.000286,0.0046,2457600,-0.0,0,-6.640211627329888e-17,6.640211627329888e-17,switched_at=None dense_qubits=0 peak_terms=0 term_visits=0 dense_ops=0,"{""n"": 24, ""gates"": 98, ""g2"": 12, ""g3"": 0, ""depth2"": 1, ""t_count"": 32, ""rotations"": 32, ""d"": 13, ""dense_l"": 15.7125, ""redundant"": 19, ""obs_zero"": true, ""frame_l"": 6.6147, ""chi_bits"": 7, ""mps_l"": 25.5809, ""hsf_k"": 0, ""hsf_na"": 12, ""hsf_nb"": 12, ""hsf_l"": 24.0341, ""sup"": 20, ""chi_bits0"": 7, ""mps_l0"": 25.5809, ""hsf_keff"": 0, ""hsf_l0"": 24.0341, ""sparse_l"": 26.6147, ""sv_l"": 30.6147, ""feat_secs"": 0.003156, ""feat_secs_frame"": 0.000102, ""feat_secs_hsf"": 0.00302}"
ct,"ct:n=24,L=1,t=32,nn=0",1,"{""n"": 24.0, ""L"": 1.0, ""t"": 32.0, ""nn"": 0.0}",dense,ok,0.000178,0.0067,2342912,0.0,13,-6.640211627329888e-17,6.640211627329888e-17,switched_at=Some(32) dense_qubits=13 peak_terms=0 term_visits=0 dense_ops=53694,"{""n"": 24, ""gates"": 98, ""g2"": 12, ""g3"": 0, ""depth2"": 1, ""t_count"": 32, ""rotations"": 32, ""d"": 13, ""dense_l"": 15.7125, ""redundant"": 19, ""obs_zero"": true, ""frame_l"": 6.6147, ""chi_bits"": 7, ""mps_l"": 25.5809, ""hsf_k"": 0, ""hsf_na"": 12, ""hsf_nb"": 12, ""hsf_l"": 24.0341, ""sup"": 20, ""chi_bits0"": 7, ""mps_l0"": 25.5809, ""hsf_keff"": 0, ""hsf_l0"": 24.0341, ""sparse_l"": 26.6147, ""sv_l"": 30.6147, ""feat_secs"": 0.003156, ""feat_secs_frame"": 0.000102, ""feat_secs_hsf"": 0.00302}"
ct,"ct:n=24,L=1,t=32,nn=0",1,"{""n"": 24.0, ""L"": 1.0, ""t"": 32.0, ""nn"": 0.0}",auto,ok,0.000166,0.0039,2457600,-0.0,0,-6.640211627329888e-17,6.640211627329888e-17,switched_at=None dense_qubits=0 peak_terms=0 term_visits=0 dense_ops=0,"{""n"": 24, ""gates"": 98, ""g2"": 12, ""g3"": 0, ""depth2"": 1, ""t_count"": 32, ""rotations"": 32, ""d"": 13, ""dense_l"": 15.7125, ""redundant"": 19, ""obs_zero"": true, ""frame_l"": 6.6147, ""chi_bits"": 7, ""mps_l"": 25.5809, ""hsf_k"": 0, ""hsf_na"": 12, ""hsf_nb"": 12, ""hsf_l"": 24.0341, ""sup"": 20, ""chi_bits0"": 7, ""mps_l0"": 25.5809, ""hsf_keff"": 0, ""hsf_l0"": 24.0341, ""sparse_l"": 26.6147, ""sv_l"": 30.6147, ""feat_secs"": 0.003156, ""feat_secs_frame"": 0.000102, ""feat_secs_hsf"": 0.00302}"
ct,"ct:n=24,L=2,t=0,nn=0",1,"{""n"": 24.0, ""L"": 2.0, ""t"": 0.0, ""nn"": 0.0}",sv,ok,0.508438,0.5136,272269312,1.168905467210934e-19,16777216,1.168905467210934e-19,0.0,,"{""n"": 24, ""gates"": 74, ""g2"": 24, ""g3"": 0, ""depth2"": 2, ""t_count"": 0, ""rotations"": 0, ""d"": 0, ""dense_l"": 0.0, ""redundant"": 0, ""obs_zero"": true, ""frame_l"": 6.2095, ""chi_bits"": 12, ""mps_l"": 42.0684, ""hsf_k"": 2, ""hsf_na"": 12, ""hsf_nb"": 12, ""hsf_l"": 25.0258, ""sup"": 21, ""chi_bits0"": 12, ""mps_l0"": 42.0684, ""hsf_keff"": 1, ""hsf_l0"": 26.0258, ""sparse_l"": 27.2095, ""sv_l"": 30.2095, ""feat_secs"": 0.009237, ""feat_secs_frame"": 0.000102, ""feat_secs_hsf"": 0.0091}"
ct,"ct:n=24,L=2,t=0,nn=0",1,"{""n"": 24.0, ""L"": 2.0, ""t"": 0.0, ""nn"": 0.0}",sparse,ok,0.120774,0.1263,45187072,-4.743384504624082e-20,262144,1.168905467210934e-19,1.6432439176733422e-19,,"{""n"": 24, ""gates"": 74, ""g2"": 24, ""g3"": 0, ""depth2"": 2, ""t_count"": 0, ""rotations"": 0, ""d"": 0, ""dense_l"": 0.0, ""redundant"": 0, ""obs_zero"": true, ""frame_l"": 6.2095, ""chi_bits"": 12, ""mps_l"": 42.0684, ""hsf_k"": 2, ""hsf_na"": 12, ""hsf_nb"": 12, ""hsf_l"": 25.0258, ""sup"": 21, ""chi_bits0"": 12, ""mps_l0"": 42.0684, ""hsf_keff"": 1, ""hsf_l0"": 26.0258, ""sparse_l"": 27.2095, ""sv_l"": 30.2095, ""feat_secs"": 0.009237, ""feat_secs_frame"": 0.000102, ""feat_secs_hsf"": 0.0091}"
ct,"ct:n=24,L=2,t=0,nn=0",1,"{""n"": 24.0, ""L"": 2.0, ""t"": 0.0, ""nn"": 0.0}",mps,ok,0.018523,0.0253,4980736,-5.628029520686149e-29,64,1.168905467210934e-19,1.168905467773737e-19,,"{""n"": 24, ""gates"": 74, ""g2"": 24, ""g3"": 0, ""depth2"": 2, ""t_count"": 0, ""rotations"": 0, ""d"": 0, ""dense_l"": 0.0, ""redundant"": 0, ""obs_zero"": true, ""frame_l"": 6.2095, ""chi_bits"": 12, ""mps_l"": 42.0684, ""hsf_k"": 2, ""hsf_na"": 12, ""hsf_nb"": 12, ""hsf_l"": 25.0258, ""sup"": 21, ""chi_bits0"": 12, ""mps_l0"": 42.0684, ""hsf_keff"": 1, ""hsf_l0"": 26.0258, ""sparse_l"": 27.2095, ""sv_l"": 30.2095, ""feat_secs"": 0.009237, ""feat_secs_frame"": 0.000102, ""feat_secs_hsf"": 0.0091}"
ct,"ct:n=24,L=2,t=0,nn=0",1,"{""n"": 24.0, ""L"": 2.0, ""t"": 0.0, ""nn"": 0.0}",hsf,ok,0.248366,0.2536,271728640,1.389134033497053e-19,4,1.168905467210934e-19,2.2022856628611905e-20,,"{""n"": 24, ""gates"": 74, ""g2"": 24, ""g3"": 0, ""depth2"": 2, ""t_count"": 0, ""rotations"": 0, ""d"": 0, ""dense_l"": 0.0, ""redundant"": 0, ""obs_zero"": true, ""frame_l"": 6.2095, ""chi_bits"": 12, ""mps_l"": 42.0684, ""hsf_k"": 2, ""hsf_na"": 12, ""hsf_nb"": 12, ""hsf_l"": 25.0258, ""sup"": 21, ""chi_bits0"": 12, ""mps_l0"": 42.0684, ""hsf_keff"": 1, ""hsf_l0"": 26.0258, ""sparse_l"": 27.2095, ""sv_l"": 30.2095, ""feat_secs"": 0.009237, ""feat_secs_frame"": 0.000102, ""feat_secs_hsf"": 0.0091}"
ct,"ct:n=24,L=2,t=0,nn=0",1,"{""n"": 24.0, ""L"": 2.0, ""t"": 0.0, ""nn"": 0.0}",tableau,ok,4.7e-05,0.0046,2031616,-0.0,0,1.168905467210934e-19,1.168905467210934e-19,value recomputed after the C-vs-C† fix (timing from the original run),"{""n"": 24, ""gates"": 74, ""g2"": 24, ""g3"": 0, ""depth2"": 2, ""t_count"": 0, ""rotations"": 0, ""d"": 0, ""dense_l"": 0.0, ""redundant"": 0, ""obs_zero"": true, ""frame_l"": 6.2095, ""chi_bits"": 12, ""mps_l"": 42.0684, ""hsf_k"": 2, ""hsf_na"": 12, ""hsf_nb"": 12, ""hsf_l"": 25.0258, ""sup"": 21, ""chi_bits0"": 12, ""mps_l0"": 42.0684, ""hsf_keff"": 1, ""hsf_l0"": 26.0258, ""sparse_l"": 27.2095, ""sv_l"": 30.2095, ""feat_secs"": 0.009237, ""feat_secs_frame"": 0.000102, ""feat_secs_hsf"": 0.0091}"
ct,"ct:n=24,L=2,t=0,nn=0",1,"{""n"": 24.0, ""L"": 2.0, ""t"": 0.0, ""nn"": 0.0}",cstate,ok,7.9e-05,0.0045,1982464,0.0,0,1.168905467210934e-19,1.168905467210934e-19,,"{""n"": 24, ""gates"": 74, ""g2"": 24, ""g3"": 0, ""depth2"": 2, ""t_count"": 0, ""rotations"": 0, ""d"": 0, ""dense_l"": 0.0, ""redundant"": 0, ""obs_zero"": true, ""frame_l"": 6.2095, ""chi_bits"": 12, ""mps_l"": 42.0684, ""hsf_k"": 2, ""hsf_na"": 12, ""hsf_nb"": 12, ""hsf_l"": 25.0258, ""sup"": 21, ""chi_bits0"": 12, ""mps_l0"": 42.0684, ""hsf_keff"": 1, ""hsf_l0"": 26.0258, ""sparse_l"": 27.2095, ""sv_l"": 30.2095, ""feat_secs"": 0.009237, ""feat_secs_frame"": 0.000102, ""feat_secs_hsf"": 0.0091}"
ct,"ct:n=24,L=2,t=0,nn=0",1,"{""n"": 24.0, ""L"": 2.0, ""t"": 0.0, ""nn"": 0.0}",frame,ok,9.7e-05,0.0078,2162688,-0.0,0,1.168905467210934e-19,1.168905467210934e-19,switched_at=None dense_qubits=0 peak_terms=0 term_visits=0 dense_ops=0,"{""n"": 24, ""gates"": 74, ""g2"": 24, ""g3"": 0, ""depth2"": 2, ""t_count"": 0, ""rotations"": 0, ""d"": 0, ""dense_l"": 0.0, ""redundant"": 0, ""obs_zero"": true, ""frame_l"": 6.2095, ""chi_bits"": 12, ""mps_l"": 42.0684, ""hsf_k"": 2, ""hsf_na"": 12, ""hsf_nb"": 12, ""hsf_l"": 25.0258, ""sup"": 21, ""chi_bits0"": 12, ""mps_l0"": 42.0684, ""hsf_keff"": 1, ""hsf_l0"": 26.0258, ""sparse_l"": 27.2095, ""sv_l"": 30.2095, ""feat_secs"": 0.009237, ""feat_secs_frame"": 0.000102, ""feat_secs_hsf"": 0.0091}"
ct,"ct:n=24,L=2,t=0,nn=0",1,"{""n"": 24.0, ""L"": 2.0, ""t"": 0.0, ""nn"": 0.0}",dense,ok,9.9e-05,0.0044,2162688,-0.0,0,1.168905467210934e-19,1.168905467210934e-19,switched_at=None dense_qubits=0 peak_terms=0 term_visits=0 dense_ops=0,"{""n"": 24, ""gates"": 74, ""g2"": 24, ""g3"": 0, ""depth2"": 2, ""t_count"": 0, ""rotations"": 0, ""d"": 0, ""dense_l"": 0.0, ""redundant"": 0, ""obs_zero"": true, ""frame_l"": 6.2095, ""chi_bits"": 12, ""mps_l"": 42.0684, ""hsf_k"": 2, ""hsf_na"": 12, ""hsf_nb"": 12, ""hsf_l"": 25.0258, ""sup"": 21, ""chi_bits0"": 12, ""mps_l0"": 42.0684, ""hsf_keff"": 1, ""hsf_l0"": 26.0258, ""sparse_l"": 27.2095, ""sv_l"": 30.2095, ""feat_secs"": 0.009237, ""feat_secs_frame"": 0.000102, ""feat_secs_hsf"": 0.0091}"
ct,"ct:n=24,L=2,t=0,nn=0",1,"{""n"": 24.0, ""L"": 2.0, ""t"": 0.0, ""nn"": 0.0}",auto,ok,0.0001,0.0047,2162688,-0.0,0,1.168905467210934e-19,1.168905467210934e-19,switched_at=None dense_qubits=0 peak_terms=0 term_visits=0 dense_ops=0,"{""n"": 24, ""gates"": 74, ""g2"": 24, ""g3"": 0, ""depth2"": 2, ""t_count"": 0, ""rotations"": 0, ""d"": 0, ""dense_l"": 0.0, ""redundant"": 0, ""obs_zero"": true, ""frame_l"": 6.2095, ""chi_bits"": 12, ""mps_l"": 42.0684, ""hsf_k"": 2, ""hsf_na"": 12, ""hsf_nb"": 12, ""hsf_l"": 25.0258, ""sup"": 21, ""chi_bits0"": 12, ""mps_l0"": 42.0684, ""hsf_keff"": 1, ""hsf_l0"": 26.0258, ""sparse_l"": 27.2095, ""sv_l"": 30.2095, ""feat_secs"": 0.009237, ""feat_secs_frame"": 0.000102, ""feat_secs_hsf"": 0.0091}"
ct,"ct:n=24,L=2,t=4,nn=0",1,"{""n"": 24.0, ""L"": 2.0, ""t"": 4.0, ""nn"": 0.0}",sv,ok,0.590775,0.5980,272302080,3.388131789017201e-20,16777216,3.388131789017201e-20,0.0,,"{""n"": 24, ""gates"": 83, ""g2"": 24, ""g3"": 0, ""depth2"": 2, ""t_count"": 4, ""rotations"": 4, ""d"": 2, ""dense_l"": 3.3219, ""redundant"": 2, ""obs_zero"": true, ""frame_l"": 6.375, ""chi_bits"": 10, ""mps_l"": 35.9638, ""hsf_k"": 2, ""hsf_na"": 12, ""hsf_nb"": 12, ""hsf_l"": 26.0289, ""sup"": 22, ""chi_bits0"": 10, ""mps_l0"": 35.9638, ""hsf_keff"": 2, ""hsf_l0"": 26.0289, ""sparse_l"": 28.375, ""sv_l"": 30.375, ""feat_secs"": 0.009876, ""feat_secs_frame"": 9.8e-05, ""feat_secs_hsf"": 0.009744}"
ct,"ct:n=24,L=2,t=4,nn=0",1,"{""n"": 24.0, ""L"": 2.0, ""t"": 4.0, ""nn"": 0.0}",sparse,ok,0.253394,0.2606,110280704,-2.39413862541428e-18,524288,3.388131789017201e-20,2.428019943304452e-18,,"{""n"": 24, ""gates"": 83, ""g2"": 24, ""g3"": 0, ""depth2"": 2, ""t_count"": 4, ""rotations"": 4, ""d"": 2, ""dense_l"": 3.3219, ""redundant"": 2, ""obs_zero"": true, ""frame_l"": 6.375, ""chi_bits"": 10, ""mps_l"": 35.9638, ""hsf_k"": 2, ""hsf_na"": 12, ""hsf_nb"": 12, ""hsf_l"": 26.0289, ""sup"": 22, ""chi_bits0"": 10, ""mps_l0"": 35.9638, ""hsf_keff"": 2, ""hsf_l0"": 26.0289, ""sparse_l"": 28.375, ""sv_l"": 30.375, ""feat_secs"": 0.009876, ""feat_secs_frame"": 9.8e-05, ""feat_secs_hsf"": 0.009744}"
ct,"ct:n=24,L=2,t=4,nn=0",1,"{""n"": 24.0, ""L"": 2.0, ""t"": 4.0, ""nn"": 0.0}",mps,ok,0.001849,0.0071,3145728,-1.654492515212904e-16,16,3.388131789017201e-20,1.6548313283918056e-16,,"{""n"": 24, ""gates"": 83, ""g2"": 24, ""g3"": 0, ""depth2"": 2, ""t_count"": 4, ""rotations"": 4, ""d"": 2, ""dense_l"": 3.3219, ""redundant"": 2, ""obs_zero"": true, ""frame_l"": 6.375, ""chi_bits"": 10, ""mps_l"": 35.9638, ""hsf_k"": 2, ""hsf_na"": 12, ""hsf_nb"": 12, ""hsf_l"": 26.0289, ""sup"": 22, ""chi_bits0"": 10, ""mps_l0"": 35.9638, ""hsf_keff"": 2, ""hsf_l0"": 26.0289, ""sparse_l"": 28.375, ""sv_l"": 30.375, ""feat_secs"": 0.009876, ""feat_secs_frame"": 9.8e-05, ""feat_secs_hsf"": 0.009744}"
ct,"ct:n=24,L=2,t=4,nn=0",1,"{""n"": 24.0, ""L"": 2.0, ""t"": 4.0, ""nn"": 0.0}",hsf,ok,0.237803,0.2434,272154624,2.433356250872154e-17,4,3.388131789017201e-20,2.4299681190831368e-17,,"{""n"": 24, ""gates"": 83, ""g2"": 24, ""g3"": 0, ""depth2"": 2, ""t_count"": 4, ""rotations"": 4, ""d"": 2, ""dense_l"": 3.3219, ""redundant"": 2, ""obs_zero"": true, ""frame_l"": 6.375, ""chi_bits"": 10, ""mps_l"": 35.9638, ""hsf_k"": 2, ""hsf_na"": 12, ""hsf_nb"": 12, ""hsf_l"": 26.0289, ""sup"": 22, ""chi_bits0"": 10, ""mps_l0"": 35.9638, ""hsf_keff"": 2, ""hsf_l0"": 26.0289, ""sparse_l"": 28.375, ""sv_l"": 30.375, ""feat_secs"": 0.009876, ""feat_secs_frame"": 9.8e-05, ""feat_secs_hsf"": 0.009744}"
ct,"ct:n=24,L=2,t=4,nn=0",1,"{""n"": 24.0, ""L"": 2.0, ""t"": 4.0, ""nn"": 0.0}",tableau,na,,0.0049,1851392,,,3.388131789017201e-20,,"TooLarge { what: ""tableau (non-Clifford circuit)"", bytes: 0, limit: 0 }","{""n"": 24, ""gates"": 83, ""g2"": 24, ""g3"": 0, ""depth2"": 2, ""t_count"": 4, ""rotations"": 4, ""d"": 2, ""dense_l"": 3.3219, ""redundant"": 2, ""obs_zero"": true, ""frame_l"": 6.375, ""chi_bits"": 10, ""mps_l"": 35.9638, ""hsf_k"": 2, ""hsf_na"": 12, ""hsf_nb"": 12, ""hsf_l"": 26.0289, ""sup"": 22, ""chi_bits0"": 10, ""mps_l0"": 35.9638, ""hsf_keff"": 2, ""hsf_l0"": 26.0289, ""sparse_l"": 28.375, ""sv_l"": 30.375, ""feat_secs"": 0.009876, ""feat_secs_frame"": 9.8e-05, ""feat_secs_hsf"": 0.009744}"
ct,"ct:n=24,L=2,t=4,nn=0",1,"{""n"": 24.0, ""L"": 2.0, ""t"": 4.0, ""nn"": 0.0}",cstate,ok,8.2e-05,0.0044,1982464,0.0,2,3.388131789017201e-20,3.388131789017201e-20,,"{""n"": 24, ""gates"": 83, ""g2"": 24, ""g3"": 0, ""depth2"": 2, ""t_count"": 4, ""rotations"": 4, ""d"": 2, ""dense_l"": 3.3219, ""redundant"": 2, ""obs_zero"": true, ""frame_l"": 6.375, ""chi_bits"": 10, ""mps_l"": 35.9638, ""hsf_k"": 2, ""hsf_na"": 12, ""hsf_nb"": 12, ""hsf_l"": 26.0289, ""sup"": 22, ""chi_bits0"": 10, ""mps_l0"": 35.9638, ""hsf_keff"": 2, ""hsf_l0"": 26.0289, ""sparse_l"": 28.375, ""sv_l"": 30.375, ""feat_secs"": 0.009876, ""feat_secs_frame"": 9.8e-05, ""feat_secs_hsf"": 0.009744}"
ct,"ct:n=24,L=2,t=4,nn=0",1,"{""n"": 24.0, ""L"": 2.0, ""t"": 4.0, ""nn"": 0.0}",frame,ok,0.000231,0.0046,2457600,-0.0,0,3.388131789017201e-20,3.388131789017201e-20,switched_at=None dense_qubits=0 peak_terms=0 term_visits=0 dense_ops=0,"{""n"": 24, ""gates"": 83, ""g2"": 24, ""g3"": 0, ""depth2"": 2, ""t_count"": 4, ""rotations"": 4, ""d"": 2, ""dense_l"": 3.3219, ""redundant"": 2, ""obs_zero"": true, ""frame_l"": 6.375, ""chi_bits"": 10, ""mps_l"": 35.9638, ""hsf_k"": 2, ""hsf_na"": 12, ""hsf_nb"": 12, ""hsf_l"": 26.0289, ""sup"": 22, ""chi_bits0"": 10, ""mps_l0"": 35.9638, ""hsf_keff"": 2, ""hsf_l0"": 26.0289, ""sparse_l"": 28.375, ""sv_l"": 30.375, ""feat_secs"": 0.009876, ""feat_secs_frame"": 9.8e-05, ""feat_secs_hsf"": 0.009744}"
ct,"ct:n=24,L=2,t=4,nn=0",1,"{""n"": 24.0, ""L"": 2.0, ""t"": 4.0, ""nn"": 0.0}",dense,ok,0.000102,0.0046,2179072,0.0,2,3.388131789017201e-20,3.388131789017201e-20,switched_at=Some(4) dense_qubits=2 peak_terms=0 term_visits=0 dense_ops=10,"{""n"": 24, ""gates"": 83, ""g2"": 24, ""g3"": 0, ""depth2"": 2, ""t_count"": 4, ""rotations"": 4, ""d"": 2, ""dense_l"": 3.3219, ""redundant"": 2, ""obs_zero"": true, ""frame_l"": 6.375, ""chi_bits"": 10, ""mps_l"": 35.9638, ""hsf_k"": 2, ""hsf_na"": 12, ""hsf_nb"": 12, ""hsf_l"": 26.0289, ""sup"": 22, ""chi_bits0"": 10, ""mps_l0"": 35.9638, ""hsf_keff"": 2, ""hsf_l0"": 26.0289, ""sparse_l"": 28.375, ""sv_l"": 30.375, ""feat_secs"": 0.009876, ""feat_secs_frame"": 9.8e-05, ""feat_secs_hsf"": 0.009744}"
ct,"ct:n=24,L=2,t=4,nn=0",1,"{""n"": 24.0, ""L"": 2.0, ""t"": 4.0, ""nn"": 0.0}",auto,ok,0.000105,0.0050,2179072,0.0,2,3.388131789017201e-20,3.388131789017201e-20,switched_at=Some(4) dense_qubits=2 peak_terms=0 term_visits=0 dense_ops=10,"{""n"": 24, ""gates"": 83, ""g2"": 24, ""g3"": 0, ""depth2"": 2, ""t_count"": 4, ""rotations"": 4, ""d"": 2, ""dense_l"": 3.3219, ""redundant"": 2, ""obs_zero"": true, ""frame_l"": 6.375, ""chi_bits"": 10, ""mps_l"": 35.9638, ""hsf_k"": 2, ""hsf_na"": 12, ""hsf_nb"": 12, ""hsf_l"": 26.0289, ""sup"": 22, ""chi_bits0"": 10, ""mps_l0"": 35.9638, ""hsf_keff"": 2, ""hsf_l0"": 26.0289, ""sparse_l"": 28.375, ""sv_l"": 30.375, ""feat_secs"": 0.009876, ""feat_secs_frame"": 9.8e-05, ""feat_secs_hsf"": 0.009744}"
ct,"ct:n=24,L=2,t=8,nn=0",1,"{""n"": 24.0, ""L"": 2.0, ""t"": 8.0, ""nn"": 0.0}",sv,ok,0.617216,0.6214,272285696,0.9999999999990008,16777216,0.9999999999990008,0.0,,"{""n"": 24, ""gates"": 90, ""g2"": 24, ""g3"": 0, ""depth2"": 2, ""t_count"": 8, ""rotations"": 8, ""d"": 2, ""dense_l"": 4.0875, ""redundant"": 6, ""obs_zero"": false, ""frame_l"": 6.0, ""chi_bits"": 12, ""mps_l"": 41.6054, ""hsf_k"": 2, ""hsf_na"": 12, ""hsf_nb"": 12, ""hsf_l"": 26.0314, ""sup"": 23, ""chi_bits0"": 12, ""mps_l0"": 41.6054, ""hsf_keff"": 2, ""hsf_l0"": 26.0314, ""sparse_l"": 29.4919, ""sv_l"": 30.4919, ""feat_secs"": 0.005099, ""feat_secs_frame"": 0.000115, ""feat_secs_hsf"": 0.004942}"
ct,"ct:n=24,L=2,t=8,nn=0",1,"{""n"": 24.0, ""L"": 2.0, ""t"": 8.0, ""nn"": 0.0}",sparse,ok,0.385429,0.3912,162791424,1.000000000000001,1048576,0.9999999999990008,1.000310945187266e-12,,"{""n"": 24, ""gates"": 90, ""g2"": 24, ""g3"": 0, ""depth2"": 2, ""t_count"": 8, ""rotations"": 8, ""d"": 2, ""dense_l"": 4.0875, ""redundant"": 6, ""obs_zero"": false, ""frame_l"": 6.0, ""chi_bits"": 12, ""mps_l"": 41.6054, ""hsf_k"": 2, ""hsf_na"": 12, ""hsf_nb"": 12, ""hsf_l"": 26.0314, ""sup"": 23, ""chi_bits0"": 12, ""mps_l0"": 41.6054, ""hsf_keff"": 2, ""hsf_l0"": 26.0314, ""sparse_l"": 29.4919, ""sv_l"": 30.4919, ""feat_secs"": 0.005099, ""feat_secs_frame"": 0.000115, ""feat_secs_hsf"": 0.004942}"
ct,"ct:n=24,L=2,t=8,nn=0",1,"{""n"": 24.0, ""L"": 2.0, ""t"": 8.0, ""nn"": 0.0}",mps,ok,0.007451,0.0129,3702784,1.0,16,0.9999999999990008,9.992007221626409e-13,,"{""n"": 24, ""gates"": 90, ""g2"": 24, ""g3"": 0, ""depth2"": 2, ""t_count"": 8, ""rotations"": 8, ""d"": 2, ""dense_l"": 4.0875, ""redundant"": 6, ""obs_zero"": false, ""frame_l"": 6.0, ""chi_bits"": 12, ""mps_l"": 41.6054, ""hsf_k"": 2, ""hsf_na"": 12, ""hsf_nb"": 12, ""hsf_l"": 26.0314, ""sup"": 23, ""chi_bits0"": 12, ""mps_l0"": 41.6054, ""hsf_keff"": 2, ""hsf_l0"": 26.0314, ""sparse_l"": 29.4919, ""sv_l"": 30.4919, ""feat_secs"": 0.005099, ""feat_secs_frame"": 0.000115, ""feat_secs_hsf"": 0.004942}"
ct,"ct:n=24,L=2,t=8,nn=0",1,"{""n"": 24.0, ""L"": 2.0, ""t"": 8.0, ""nn"": 0.0}",hsf,ok,0.264431,0.2688,272138240,0.9999999999990002,4,0.9999999999990008,5.551115123125783e-16,,"{""n"": 24, ""gates"": 90, ""g2"": 24, ""g3"": 0, ""depth2"": 2, ""t_count"": 8, ""rotations"": 8, ""d"": 2, ""dense_l"": 4.0875, ""redundant"": 6, ""obs_zero"": false, ""frame_l"": 6.0, ""chi_bits"": 12, ""mps_l"": 41.6054, ""hsf_k"": 2, ""hsf_na"": 12, ""hsf_nb"": 12, ""hsf_l"": 26.0314, ""sup"": 23, ""chi_bits0"": 12, ""mps_l0"": 41.6054, ""hsf_keff"": 2, ""hsf_l0"": 26.0314, ""sparse_l"": 29.4919, ""sv_l"": 30.4919, ""feat_secs"": 0.005099, ""feat_secs_frame"": 0.000115, ""feat_secs_hsf"": 0.004942}"
ct,"ct:n=24,L=2,t=8,nn=0",1,"{""n"": 24.0, ""L"": 2.0, ""t"": 8.0, ""nn"": 0.0}",tableau,na,,0.0046,1851392,,,0.9999999999990008,,"TooLarge { what: ""tableau (non-Clifford circuit)"", bytes: 0, limit: 0 }","{""n"": 24, ""gates"": 90, ""g2"": 24, ""g3"": 0, ""depth2"": 2, ""t_count"": 8, ""rotations"": 8, ""d"": 2, ""dense_l"": 4.0875, ""redundant"": 6, ""obs_zero"": false, ""frame_l"": 6.0, ""chi_bits"": 12, ""mps_l"": 41.6054, ""hsf_k"": 2, ""hsf_na"": 12, ""hsf_nb"": 12, ""hsf_l"": 26.0314, ""sup"": 23, ""chi_bits0"": 12, ""mps_l0"": 41.6054, ""hsf_keff"": 2, ""hsf_l0"": 26.0314, ""sparse_l"": 29.4919, ""sv_l"": 30.4919, ""feat_secs"": 0.005099, ""feat_secs_frame"": 0.000115, ""feat_secs_hsf"": 0.004942}"
ct,"ct:n=24,L=2,t=8,nn=0",1,"{""n"": 24.0, ""L"": 2.0, ""t"": 8.0, ""nn"": 0.0}",cstate,ok,8.4e-05,0.0044,1966080,0.9999999999999998,2,0.9999999999990008,9.989786775577159e-13,,"{""n"": 24, ""gates"": 90, ""g2"": 24, ""g3"": 0, ""depth2"": 2, ""t_count"": 8, ""rotations"": 8, ""d"": 2, ""dense_l"": 4.0875, ""redundant"": 6, ""obs_zero"": false, ""frame_l"": 6.0, ""chi_bits"": 12, ""mps_l"": 41.6054, ""hsf_k"": 2, ""hsf_na"": 12, ""hsf_nb"": 12, ""hsf_l"": 26.0314, ""sup"": 23, ""chi_bits0"": 12, ""mps_l0"": 41.6054, ""hsf_keff"": 2, ""hsf_l0"": 26.0314, ""sparse_l"": 29.4919, ""sv_l"": 30.4919, ""feat_secs"": 0.005099, ""feat_secs_frame"": 0.000115, ""feat_secs_hsf"": 0.004942}"
ct,"ct:n=24,L=2,t=8,nn=0",1,"{""n"": 24.0, ""L"": 2.0, ""t"": 8.0, ""nn"": 0.0}",frame,ok,0.00035,0.0067,2523136,1.0,1,0.9999999999990008,9.992007221626409e-13,switched_at=None dense_qubits=0 peak_terms=1 term_visits=7 dense_ops=0,"{""n"": 24, ""gates"": 90, ""g2"": 24, ""g3"": 0, ""depth2"": 2, ""t_count"": 8, ""rotations"": 8, ""d"": 2, ""dense_l"": 4.0875, ""redundant"": 6, ""obs_zero"": false, ""frame_l"": 6.0, ""chi_bits"": 12, ""mps_l"": 41.6054, ""hsf_k"": 2, ""hsf_na"": 12, ""hsf_nb"": 12, ""hsf_l"": 26.0314, ""sup"": 23, ""chi_bits0"": 12, ""mps_l0"": 41.6054, ""hsf_keff"": 2, ""hsf_l0"": 26.0314, ""sparse_l"": 29.4919, ""sv_l"": 30.4919, ""feat_secs"": 0.005099, ""feat_secs_frame"": 0.000115, ""feat_secs_hsf"": 0.004942}"
ct,"ct:n=24,L=2,t=8,nn=0",1,"{""n"": 24.0, ""L"": 2.0, ""t"": 8.0, ""nn"": 0.0}",dense,ok,0.000108,0.0045,2195456,1.0,2,0.9999999999990008,9.992007221626409e-13,switched_at=Some(7) dense_qubits=2 peak_terms=1 term_visits=0 dense_ops=19,"{""n"": 24, ""gates"": 90, ""g2"": 24, ""g3"": 0, ""depth2"": 2, ""t_count"": 8, ""rotations"": 8, ""d"": 2, ""dense_l"": 4.0875, ""redundant"": 6, ""obs_zero"": false, ""frame_l"": 6.0, ""chi_bits"": 12, ""mps_l"": 41.6054, ""hsf_k"": 2, ""hsf_na"": 12, ""hsf_nb"": 12, ""hsf_l"": 26.0314, ""sup"": 23, ""chi_bits0"": 12, ""mps_l0"": 41.6054, ""hsf_keff"": 2, ""hsf_l0"": 26.0314, ""sparse_l"": 29.4919, ""sv_l"": 30.4919, ""feat_secs"": 0.005099, ""feat_secs_frame"": 0.000115, ""feat_secs_hsf"": 0.004942}"
ct,"ct:n=24,L=2,t=8,nn=0",1,"{""n"": 24.0, ""L"": 2.0, ""t"": 8.0, ""nn"": 0.0}",auto,ok,0.000105,0.0045,2195456,1.0,2,0.9999999999990008,9.992007221626409e-13,switched_at=Some(7) dense_qubits=2 peak_terms=1 term_visits=0 dense_ops=19,"{""n"": 24, ""gates"": 90, ""g2"": 24, ""g3"": 0, ""depth2"": 2, ""t_count"": 8, ""rotations"": 8, ""d"": 2, ""dense_l"": 4.0875, ""redundant"": 6, ""obs_zero"": false, ""frame_l"": 6.0, ""chi_bits"": 12, ""mps_l"": 41.6054, ""hsf_k"": 2, ""hsf_na"": 12, ""hsf_nb"": 12, ""hsf_l"": 26.0314, ""sup"": 23, ""chi_bits0"": 12, ""mps_l0"": 41.6054, ""hsf_keff"": 2, ""hsf_l0"": 26.0314, ""sparse_l"": 29.4919, ""sv_l"": 30.4919, ""feat_secs"": 0.005099, ""feat_secs_frame"": 0.000115, ""feat_secs_hsf"": 0.004942}"
ct,"ct:n=24,L=2,t=16,nn=0",1,"{""n"": 24.0, ""L"": 2.0, ""t"": 16.0, ""nn"": 0.0}",sv,ok,0.672182,0.6766,272285696,-6.894793133508433e-16,16777216,-6.894793133508433e-16,0.0,,"{""n"": 24, ""gates"": 104, ""g2"": 24, ""g3"": 0, ""depth2"": 2, ""t_count"": 16, ""rotations"": 16, ""d"": 8, ""dense_l"": 9.7245, ""redundant"": 8, ""obs_zero"": true, ""frame_l"": 6.7004, ""chi_bits"": 10, ""mps_l"": 36.3802, ""hsf_k"": 2, ""hsf_na"": 12, ""hsf_nb"": 12, ""hsf_l"": 26.0362, ""sup"": 24, ""chi_bits0"": 10, ""mps_l0"": 36.3802, ""hsf_keff"": 2, ""hsf_l0"": 26.0362, ""sparse_l"": 30.7004, ""sv_l"": 30.7004, ""feat_secs"": 0.006453, ""feat_secs_frame"": 0.000201, ""feat_secs_hsf"": 0.00619}"
ct,"ct:n=24,L=2,t=16,nn=0",1,"{""n"": 24.0, ""L"": 2.0, ""t"": 16.0, ""nn"": 0.0}",sparse,ok,2.647285,2.6527,843530240,-5.049586915056511e-18,4194304,-6.894793133508433e-16,6.844297264357868e-16,,"{""n"": 24, ""gates"": 104, ""g2"": 24, ""g3"": 0, ""depth2"": 2, ""t_count"": 16, ""rotations"": 16, ""d"": 8, ""dense_l"": 9.7245, ""redundant"": 8, ""obs_zero"": true, ""frame_l"": 6.7004, ""chi_bits"": 10, ""mps_l"": 36.3802, ""hsf_k"": 2, ""hsf_na"": 12, ""hsf_nb"": 12, ""hsf_l"": 26.0362, ""sup"": 24, ""chi_bits0"": 10, ""mps_l0"": 36.3802, ""hsf_keff"": 2, ""hsf_l0"": 26.0362, ""sparse_l"": 30.7004, ""sv_l"": 30.7004, ""feat_secs"": 0.006453, ""feat_secs_frame"": 0.000201, ""feat_secs_hsf"": 0.00619}"
ct,"ct:n=24,L=2,t=16,nn=0",1,"{""n"": 24.0, ""L"": 2.0, ""t"": 16.0, ""nn"": 0.0}",mps,ok,0.098404,0.1038,9437184,-2.607912800642337e-16,128,-6.894793133508433e-16,4.286880332866096e-16,,"{""n"": 24, ""gates"": 104, ""g2"": 24, ""g3"": 0, ""depth2"": 2, ""t_count"": 16, ""rotations"": 16, ""d"": 8, ""dense_l"": 9.7245, ""redundant"": 8, ""obs_zero"": true, ""frame_l"": 6.7004, ""chi_bits"": 10, ""mps_l"": 36.3802, ""hsf_k"": 2, ""hsf_na"": 12, ""hsf_nb"": 12, ""hsf_l"": 26.0362, ""sup"": 24, ""chi_bits0"": 10, ""mps_l0"": 36.3802, ""hsf_keff"": 2, ""hsf_l0"": 26.0362, ""sparse_l"": 30.7004, ""sv_l"": 30.7004, ""feat_secs"": 0.006453, ""feat_secs_frame"": 0.000201, ""feat_secs_hsf"": 0.00619}"
ct,"ct:n=24,L=2,t=16,nn=0",1,"{""n"": 24.0, ""L"": 2.0, ""t"": 16.0, ""nn"": 0.0}",hsf,ok,0.29808,0.3040,272154624,-7.009583567915928e-16,4,-6.894793133508433e-16,1.1479043440749482e-17,,"{""n"": 24, ""gates"": 104, ""g2"": 24, ""g3"": 0, ""depth2"": 2, ""t_count"": 16, ""rotations"": 16, ""d"": 8, ""dense_l"": 9.7245, ""redundant"": 8, ""obs_zero"": true, ""frame_l"": 6.7004, ""chi_bits"": 10, ""mps_l"": 36.3802, ""hsf_k"": 2, ""hsf_na"": 12, ""hsf_nb"": 12, ""hsf_l"": 26.0362, ""sup"": 24, ""chi_bits0"": 10, ""mps_l0"": 36.3802, ""hsf_keff"": 2, ""hsf_l0"": 26.0362, ""sparse_l"": 30.7004, ""sv_l"": 30.7004, ""feat_secs"": 0.006453, ""feat_secs_frame"": 0.000201, ""feat_secs_hsf"": 0.00619}"
ct,"ct:n=24,L=2,t=16,nn=0",1,"{""n"": 24.0, ""L"": 2.0, ""t"": 16.0, ""nn"": 0.0}",tableau,na,,0.0048,1851392,,,-6.894793133508433e-16,,"TooLarge { what: ""tableau (non-Clifford circuit)"", bytes: 0, limit: 0 }","{""n"": 24, ""gates"": 104, ""g2"": 24, ""g3"": 0, ""depth2"": 2, ""t_count"": 16, ""rotations"": 16, ""d"": 8, ""dense_l"": 9.7245, ""redundant"": 8, ""obs_zero"": true, ""frame_l"": 6.7004, ""chi_bits"": 10, ""mps_l"": 36.3802, ""hsf_k"": 2, ""hsf_na"": 12, ""hsf_nb"": 12, ""hsf_l"": 26.0362, ""sup"": 24, ""chi_bits0"": 10, ""mps_l0"": 36.3802, ""hsf_keff"": 2, ""hsf_l0"": 26.0362, ""sparse_l"": 30.7004, ""sv_l"": 30.7004, ""feat_secs"": 0.006453, ""feat_secs_frame"": 0.000201, ""feat_secs_hsf"": 0.00619}"
ct,"ct:n=24,L=2,t=16,nn=0",1,"{""n"": 24.0, ""L"": 2.0, ""t"": 16.0, ""nn"": 0.0}",cstate,ok,9.5e-05,0.0045,1998848,0.0,8,-6.894793133508433e-16,6.894793133508433e-16,,"{""n"": 24, ""gates"": 104, ""g2"": 24, ""g3"": 0, ""depth2"": 2, ""t_count"": 16, ""rotations"": 16, ""d"": 8, ""dense_l"": 9.7245, ""redundant"": 8, ""obs_zero"": true, ""frame_l"": 6.7004, ""chi_bits"": 10, ""mps_l"": 36.3802, ""hsf_k"": 2, ""hsf_na"": 12, ""hsf_nb"": 12, ""hsf_l"": 26.0362, ""sup"": 24, ""chi_bits0"": 10, ""mps_l0"": 36.3802, ""hsf_keff"": 2, ""hsf_l0"": 26.0362, ""sparse_l"": 30.7004, ""sv_l"": 30.7004, ""feat_secs"": 0.006453, ""feat_secs_frame"": 0.000201, ""feat_secs_hsf"": 0.00619}"
ct,"ct:n=24,L=2,t=16,nn=0",1,"{""n"": 24.0, ""L"": 2.0, ""t"": 16.0, ""nn"": 0.0}",frame,ok,0.000377,0.0068,2473984,-0.0,0,-6.894793133508433e-16,6.894793133508433e-16,switched_at=None dense_qubits=0 peak_terms=0 term_visits=0 dense_ops=0,"{""n"": 24, ""gates"": 104, ""g2"": 24, ""g3"": 0, ""depth2"": 2, ""t_count"": 16, ""rotations"": 16, ""d"": 8, ""dense_l"": 9.7245, ""redundant"": 8, ""obs_zero"": true, ""frame_l"": 6.7004, ""chi_bits"": 10, ""mps_l"": 36.3802, ""hsf_k"": 2, ""hsf_na"": 12, ""hsf_nb"": 12, ""hsf_l"": 26.0362, ""sup"": 24, ""chi_bits0"": 10, ""mps_l0"": 36.3802, ""hsf_keff"": 2, ""hsf_l0"": 26.0362, ""sparse_l"": 30.7004, ""sv_l"": 30.7004, ""feat_secs"": 0.006453, ""feat_secs_frame"": 0.000201, ""feat_secs_hsf"": 0.00619}"
ct,"ct:n=24,L=2,t=16,nn=0",1,"{""n"": 24.0, ""L"": 2.0, ""t"": 16.0, ""nn"": 0.0}",dense,ok,0.000113,0.0041,2179072,0.0,8,-6.894793133508433e-16,6.894793133508433e-16,switched_at=Some(16) dense_qubits=8 peak_terms=0 term_visits=0 dense_ops=846,"{""n"": 24, ""gates"": 104, ""g2"": 24, ""g3"": 0, ""depth2"": 2, ""t_count"": 16, ""rotations"": 16, ""d"": 8, ""dense_l"": 9.7245, ""redundant"": 8, ""obs_zero"": true, ""frame_l"": 6.7004, ""chi_bits"": 10, ""mps_l"": 36.3802, ""hsf_k"": 2, ""hsf_na"": 12, ""hsf_nb"": 12, ""hsf_l"": 26.0362, ""sup"": 24, ""chi_bits0"": 10, ""mps_l0"": 36.3802, ""hsf_keff"": 2, ""hsf_l0"": 26.0362, ""sparse_l"": 30.7004, ""sv_l"": 30.7004, ""feat_secs"": 0.006453, ""feat_secs_frame"": 0.000201, ""feat_secs_hsf"": 0.00619}"
ct,"ct:n=24,L=2,t=16,nn=0",1,"{""n"": 24.0, ""L"": 2.0, ""t"": 16.0, ""nn"": 0.0}",auto,ok,0.000238,0.0043,2457600,-0.0,0,-6.894793133508433e-16,6.894793133508433e-16,switched_at=None dense_qubits=0 peak_terms=0 term_visits=0 dense_ops=0,"{""n"": 24, ""gates"": 104, ""g2"": 24, ""g3"": 0, ""depth2"": 2, ""t_count"": 16, ""rotations"": 16, ""d"": 8, ""dense_l"": 9.7245, ""redundant"": 8, ""obs_zero"": true, ""frame_l"": 6.7004, ""chi_bits"": 10, ""mps_l"": 36.3802, ""hsf_k"": 2, ""hsf_na"": 12, ""hsf_nb"": 12, ""hsf_l"": 26.0362, ""sup"": 24, ""chi_bits0"": 10, ""mps_l0"": 36.3802, ""hsf_keff"": 2, ""hsf_l0"": 26.0362, ""sparse_l"": 30.7004, ""sv_l"": 30.7004, ""feat_secs"": 0.006453, ""feat_secs_frame"": 0.000201, ""feat_secs_hsf"": 0.00619}"
ct,"ct:n=24,L=2,t=24,nn=0",1,"{""n"": 24.0, ""L"": 2.0, ""t"": 24.0, ""nn"": 0.0}",sv,ok,0.667767,0.6733,272285696,-2.045479894116471e-16,16777216,-2.045479894116471e-16,0.0,,"{""n"": 24, ""gates"": 119, ""g2"": 24, ""g3"": 0, ""depth2"": 2, ""t_count"": 24, ""rotations"": 24, ""d"": 15, ""dense_l"": 16.3315, ""redundant"": 9, ""obs_zero"": true, ""frame_l"": 6.8948, ""chi_bits"": 11, ""mps_l"": 37.7785, ""hsf_k"": 0, ""hsf_na"": 10, ""hsf_nb"": 14, ""hsf_l"": 24.1586, ""sup"": 21, ""chi_bits0"": 11, ""mps_l0"": 37.7785, ""hsf_keff"": 0, ""hsf_l0"": 24.1586, ""sparse_l"": 27.8948, ""sv_l"": 30.8948, ""feat_secs"": 0.005407, ""feat_secs_frame"": 0.000156, ""feat_secs_hsf"": 0.005193}"
ct,"ct:n=24,L=2,t=24,nn=0",1,"{""n"": 24.0, ""L"": 2.0, ""t"": 24.0, ""nn"": 0.0}",sparse,ok,1.134865,1.1400,215465984,1.572093150103981e-17,1048320,-2.045479894116471e-16,2.2026892091268692e-16,,"{""n"": 24, ""gates"": 119, ""g2"": 24, ""g3"": 0, ""depth2"": 2, ""t_count"": 24, ""rotations"": 24, ""d"": 15, ""dense_l"": 16.3315, ""redundant"": 9, ""obs_zero"": true, ""frame_l"": 6.8948, ""chi_bits"": 11, ""mps_l"": 37.7785, ""hsf_k"": 0, ""hsf_na"": 10, ""hsf_nb"": 14, ""hsf_l"": 24.1586, ""sup"": 21, ""chi_bits0"": 11, ""mps_l0"": 37.7785, ""hsf_keff"": 0, ""hsf_l0"": 24.1586, ""sparse_l"": 27.8948, ""sv_l"": 30.8948, ""feat_secs"": 0.005407, ""feat_secs_frame"": 0.000156, ""feat_secs_hsf"": 0.005193}"
ct,"ct:n=24,L=2,t=24,nn=0",1,"{""n"": 24.0, ""L"": 2.0, ""t"": 24.0, ""nn"": 0.0}",mps,ok,0.009087,0.0156,4456448,9.459532098004802e-16,32,-2.045479894116471e-16,1.1505011992121274e-15,,"{""n"": 24, ""gates"": 119, ""g2"": 24, ""g3"": 0, ""depth2"": 2, ""t_count"": 24, ""rotations"": 24, ""d"": 15, ""dense_l"": 16.3315, ""redundant"": 9, ""obs_zero"": true, ""frame_l"": 6.8948, ""chi_bits"": 11, ""mps_l"": 37.7785, ""hsf_k"": 0, ""hsf_na"": 10, ""hsf_nb"": 14, ""hsf_l"": 24.1586, ""sup"": 21, ""chi_bits0"": 11, ""mps_l0"": 37.7785, ""hsf_keff"": 0, ""hsf_l0"": 24.1586, ""sparse_l"": 27.8948, ""sv_l"": 30.8948, ""feat_secs"": 0.005407, ""feat_secs_frame"": 0.000156, ""feat_secs_hsf"": 0.005193}"
ct,"ct:n=24,L=2,t=24,nn=0",1,"{""n"": 24.0, ""L"": 2.0, ""t"": 24.0, ""nn"": 0.0}",hsf,ok,0.222472,0.2294,271876096,-3.329745657002501e-16,1,-2.045479894116471e-16,1.28426576288603e-16,,"{""n"": 24, ""gates"": 119, ""g2"": 24, ""g3"": 0, ""depth2"": 2, ""t_count"": 24, ""rotations"": 24, ""d"": 15, ""dense_l"": 16.3315, ""redundant"": 9, ""obs_zero"": true, ""frame_l"": 6.8948, ""chi_bits"": 11, ""mps_l"": 37.7785, ""hsf_k"": 0, ""hsf_na"": 10, ""hsf_nb"": 14, ""hsf_l"": 24.1586, ""sup"": 21, ""chi_bits0"": 11, ""mps_l0"": 37.7785, ""hsf_keff"": 0, ""hsf_l0"": 24.1586, ""sparse_l"": 27.8948, ""sv_l"": 30.8948, ""feat_secs"": 0.005407, ""feat_secs_frame"": 0.000156, ""feat_secs_hsf"": 0.005193}"
ct,"ct:n=24,L=2,t=24,nn=0",1,"{""n"": 24.0, ""L"": 2.0, ""t"": 24.0, ""nn"": 0.0}",tableau,na,,0.0045,1851392,,,-2.045479894116471e-16,,"TooLarge { what: ""tableau (non-Clifford circuit)"", bytes: 0, limit: 0 }","{""n"": 24, ""gates"": 119, ""g2"": 24, ""g3"": 0, ""depth2"": 2, ""t_count"": 24, ""rotations"": 24, ""d"": 15, ""dense_l"": 16.3315, ""redundant"": 9, ""obs_zero"": true, ""frame_l"": 6.8948, ""chi_bits"": 11, ""mps_l"": 37.7785, ""hsf_k"": 0, ""hsf_na"": 10, ""hsf_nb"": 14, ""hsf_l"": 24.1586, ""sup"": 21, ""chi_bits0"": 11, ""mps_l0"": 37.7785, ""hsf_keff"": 0, ""hsf_l0"": 24.1586, ""sparse_l"": 27.8948, ""sv_l"": 30.8948, ""feat_secs"": 0.005407, ""feat_secs_frame"": 0.000156, ""feat_secs_hsf"": 0.005193}"
ct,"ct:n=24,L=2,t=24,nn=0",1,"{""n"": 24.0, ""L"": 2.0, ""t"": 24.0, ""nn"": 0.0}",cstate,ok,0.000376,0.0044,2801664,0.0,15,-2.045479894116471e-16,2.045479894116471e-16,,"{""n"": 24, ""gates"": 119, ""g2"": 24, ""g3"": 0, ""depth2"": 2, ""t_count"": 24, ""rotations"": 24, ""d"": 15, ""dense_l"": 16.3315, ""redundant"": 9, ""obs_zero"": true, ""frame_l"": 6.8948, ""chi_bits"": 11, ""mps_l"": 37.7785, ""hsf_k"": 0, ""hsf_na"": 10, ""hsf_nb"": 14, ""hsf_l"": 24.1586, ""sup"": 21, ""chi_bits0"": 11, ""mps_l0"": 37.7785, ""hsf_keff"": 0, ""hsf_l0"": 24.1586, ""sparse_l"": 27.8948, ""sv_l"": 30.8948, ""feat_secs"": 0.005407, ""feat_secs_frame"": 0.000156, ""feat_secs_hsf"": 0.005193}"
ct,"ct:n=24,L=2,t=24,nn=0",1,"{""n"": 24.0, ""L"": 2.0, ""t"": 24.0, ""nn"": 0.0}",frame,ok,0.000189,0.0045,2457600,-0.0,0,-2.045479894116471e-16,2.045479894116471e-16,switched_at=None dense_qubits=0 peak_terms=0 term_visits=0 dense_ops=0,"{""n"": 24, ""gates"": 119, ""g2"": 24, ""g3"": 0, ""depth2"": 2, ""t_count"": 24, ""rotations"": 24, ""d"": 15, ""dense_l"": 16.3315, ""redundant"": 9, ""obs_zero"": true, ""frame_l"": 6.8948, ""chi_bits"": 11, ""mps_l"": 37.7785, ""hsf_k"": 0, ""hsf_na"": 10, ""hsf_nb"": 14, ""hsf_l"": 24.1586, ""sup"": 21, ""chi_bits0"": 11, ""mps_l0"": 37.7785, ""hsf_keff"": 0, ""hsf_l0"": 24.1586, ""sparse_l"": 27.8948, ""sv_l"": 30.8948, ""feat_secs"": 0.005407, ""feat_secs_frame"": 0.000156, ""feat_secs_hsf"": 0.005193}"
ct,"ct:n=24,L=2,t=24,nn=0",1,"{""n"": 24.0, ""L"": 2.0, ""t"": 24.0, ""nn"": 0.0}",dense,ok,0.000403,0.0068,2981888,0.0,15,-2.045479894116471e-16,2.045479894116471e-16,switched_at=Some(23) dense_qubits=15 peak_terms=0 term_visits=0 dense_ops=78370,"{""n"": 24, ""gates"": 119, ""g2"": 24, ""g3"": 0, ""depth2"": 2, ""t_count"": 24, ""rotations"": 24, ""d"": 15, ""dense_l"": 16.3315, ""redundant"": 9, ""obs_zero"": true, ""frame_l"": 6.8948, ""chi_bits"": 11, ""mps_l"": 37.7785, ""hsf_k"": 0, ""hsf_na"": 10, ""hsf_nb"": 14, ""hsf_l"": 24.1586, ""sup"": 21, ""chi_bits0"": 11, ""mps_l0"": 37.7785, ""hsf_keff"": 0, ""hsf_l0"": 24.1586, ""sparse_l"": 27.8948, ""sv_l"": 30.8948, ""feat_secs"": 0.005407, ""feat_secs_frame"": 0.000156, ""feat_secs_hsf"": 0.005193}"
ct,"ct:n=24,L=2,t=24,nn=0",1,"{""n"": 24.0, ""L"": 2.0, ""t"": 24.0, ""nn"": 0.0}",auto,ok,0.000242,0.0044,2441216,-0.0,0,-2.045479894116471e-16,2.045479894116471e-16,switched_at=None dense_qubits=0 peak_terms=0 term_visits=0 dense_ops=0,"{""n"": 24, ""gates"": 119, ""g2"": 24, ""g3"": 0, ""depth2"": 2, ""t_count"": 24, ""rotations"": 24, ""d"": 15, ""dense_l"": 16.3315, ""redundant"": 9, ""obs_zero"": true, ""frame_l"": 6.8948, ""chi_bits"": 11, ""mps_l"": 37.7785, ""hsf_k"": 0, ""hsf_na"": 10, ""hsf_nb"": 14, ""hsf_l"": 24.1586, ""sup"": 21, ""chi_bits0"": 11, ""mps_l0"": 37.7785, ""hsf_keff"": 0, ""hsf_l0"": 24.1586, ""sparse_l"": 27.8948, ""sv_l"": 30.8948, ""feat_secs"": 0.005407, ""feat_secs_frame"": 0.000156, ""feat_secs_hsf"": 0.005193}"
ct,"ct:n=24,L=2,t=32,nn=0",1,"{""n"": 24.0, ""L"": 2.0, ""t"": 32.0, ""nn"": 0.0}",sv,ok,0.71893,0.7256,272269312,-1.029939660315063e-15,16777216,-1.029939660315063e-15,0.0,,"{""n"": 24, ""gates"": 136, ""g2"": 24, ""g3"": 0, ""depth2"": 2, ""t_count"": 32, ""rotations"": 32, ""d"": 14, ""dense_l"": 15.9494, ""redundant"": 18, ""obs_zero"": true, ""frame_l"": 7.0875, ""chi_bits"": 12, ""mps_l"": 42.0211, ""hsf_k"": 2, ""hsf_na"": 12, ""hsf_nb"": 12, ""hsf_l"": 26.0471, ""sup"": 24, ""chi_bits0"": 12, ""mps_l0"": 42.0211, ""hsf_keff"": 2, ""hsf_l0"": 26.0471, ""sparse_l"": 31.0875, ""sv_l"": 31.0875, ""feat_secs"": 0.006977, ""feat_secs_frame"": 0.000165, ""feat_secs_hsf"": 0.006745}"
ct,"ct:n=24,L=2,t=32,nn=0",1,"{""n"": 24.0, ""L"": 2.0, ""t"": 32.0, ""nn"": 0.0}",sparse,timeout,,10.0208,3356999680,,,-1.029939660315063e-15,,timeout,"{""n"": 24, ""gates"": 136, ""g2"": 24, ""g3"": 0, ""depth2"": 2, ""t_count"": 32, ""rotations"": 32, ""d"": 14, ""dense_l"": 15.9494, ""redundant"": 18, ""obs_zero"": true, ""frame_l"": 7.0875, ""chi_bits"": 12, ""mps_l"": 42.0211, ""hsf_k"": 2, ""hsf_na"": 12, ""hsf_nb"": 12, ""hsf_l"": 26.0471, ""sup"": 24, ""chi_bits0"": 12, ""mps_l0"": 42.0211, ""hsf_keff"": 2, ""hsf_l0"": 26.0471, ""sparse_l"": 31.0875, ""sv_l"": 31.0875, ""feat_secs"": 0.006977, ""feat_secs_frame"": 0.000165, ""feat_secs_hsf"": 0.006745}"
ct,"ct:n=24,L=2,t=32,nn=0",1,"{""n"": 24.0, ""L"": 2.0, ""t"": 32.0, ""nn"": 0.0}",mps,ok,0.559795,0.5663,28442624,-2.324306633534206e-16,256,-1.029939660315063e-15,7.975089969616424e-16,,"{""n"": 24, ""gates"": 136, ""g2"": 24, ""g3"": 0, ""depth2"": 2, ""t_count"": 32, ""rotations"": 32, ""d"": 14, ""dense_l"": 15.9494, ""redundant"": 18, ""obs_zero"": true, ""frame_l"": 7.0875, ""chi_bits"": 12, ""mps_l"": 42.0211, ""hsf_k"": 2, ""hsf_na"": 12, ""hsf_nb"": 12, ""hsf_l"": 26.0471, ""sup"": 24, ""chi_bits0"": 12, ""mps_l0"": 42.0211, ""hsf_keff"": 2, ""hsf_l0"": 26.0471, ""sparse_l"": 31.0875, ""sv_l"": 31.0875, ""feat_secs"": 0.006977, ""feat_secs_frame"": 0.000165, ""feat_secs_hsf"": 0.006745}"
ct,"ct:n=24,L=2,t=32,nn=0",1,"{""n"": 24.0, ""L"": 2.0, ""t"": 32.0, ""nn"": 0.0}",hsf,ok,0.264379,0.2697,272171008,-1.065197797173772e-15,4,-1.029939660315063e-15,3.525813685870898e-17,,"{""n"": 24, ""gates"": 136, ""g2"": 24, ""g3"": 0, ""depth2"": 2, ""t_count"": 32, ""rotations"": 32, ""d"": 14, ""dense_l"": 15.9494, ""redundant"": 18, ""obs_zero"": true, ""frame_l"": 7.0875, ""chi_bits"": 12, ""mps_l"": 42.0211, ""hsf_k"": 2, ""hsf_na"": 12, ""hsf_nb"": 12, ""hsf_l"": 26.0471, ""sup"": 24, ""chi_bits0"": 12, ""mps_l0"": 42.0211, ""hsf_keff"": 2, ""hsf_l0"": 26.0471, ""sparse_l"": 31.0875, ""sv_l"": 31.0875, ""feat_secs"": 0.006977, ""feat_secs_frame"": 0.000165, ""feat_secs_hsf"": 0.006745}"
ct,"ct:n=24,L=2,t=32,nn=0",1,"{""n"": 24.0, ""L"": 2.0, ""t"": 32.0, ""nn"": 0.0}",tableau,na,,0.0046,1867776,,,-1.029939660315063e-15,,"TooLarge { what: ""tableau (non-Clifford circuit)"", bytes: 0, limit: 0 }","{""n"": 24, ""gates"": 136, ""g2"": 24, ""g3"": 0, ""depth2"": 2, ""t_count"": 32, ""rotations"": 32, ""d"": 14, ""dense_l"": 15.9494, ""redundant"": 18, ""obs_zero"": true, ""frame_l"": 7.0875, ""chi_bits"": 12, ""mps_l"": 42.0211, ""hsf_k"": 2, ""hsf_na"": 12, ""hsf_nb"": 12, ""hsf_l"": 26.0471, ""sup"": 24, ""chi_bits0"": 12, ""mps_l0"": 42.0211, ""hsf_keff"": 2, ""hsf_l0"": 26.0471, ""sparse_l"": 31.0875, ""sv_l"": 31.0875, ""feat_secs"": 0.006977, ""feat_secs_frame"": 0.000165, ""feat_secs_hsf"": 0.006745}"
ct,"ct:n=24,L=2,t=32,nn=0",1,"{""n"": 24.0, ""L"": 2.0, ""t"": 32.0, ""nn"": 0.0}",cstate,ok,0.00033,0.0075,2539520,0.0,14,-1.029939660315063e-15,1.029939660315063e-15,,"{""n"": 24, ""gates"": 136, ""g2"": 24, ""g3"": 0, ""depth2"": 2, ""t_count"": 32, ""rotations"": 32, ""d"": 14, ""dense_l"": 15.9494, ""redundant"": 18, ""obs_zero"": true, ""frame_l"": 7.0875, ""chi_bits"": 12, ""mps_l"": 42.0211, ""hsf_k"": 2, ""hsf_na"": 12, ""hsf_nb"": 12, ""hsf_l"": 26.0471, ""sup"": 24, ""chi_bits0"": 12, ""mps_l0"": 42.0211, ""hsf_keff"": 2, ""hsf_l0"": 26.0471, ""sparse_l"": 31.0875, ""sv_l"": 31.0875, ""feat_secs"": 0.006977, ""feat_secs_frame"": 0.000165, ""feat_secs_hsf"": 0.006745}"
ct,"ct:n=24,L=2,t=32,nn=0",1,"{""n"": 24.0, ""L"": 2.0, ""t"": 32.0, ""nn"": 0.0}",frame,ok,0.000245,0.0044,2457600,-0.0,0,-1.029939660315063e-15,1.029939660315063e-15,switched_at=None dense_qubits=0 peak_terms=0 term_visits=0 dense_ops=0,"{""n"": 24, ""gates"": 136, ""g2"": 24, ""g3"": 0, ""depth2"": 2, ""t_count"": 32, ""rotations"": 32, ""d"": 14, ""dense_l"": 15.9494, ""redundant"": 18, ""obs_zero"": true, ""frame_l"": 7.0875, ""chi_bits"": 12, ""mps_l"": 42.0211, ""hsf_k"": 2, ""hsf_na"": 12, ""hsf_nb"": 12, ""hsf_l"": 26.0471, ""sup"": 24, ""chi_bits0"": 12, ""mps_l0"": 42.0211, ""hsf_keff"": 2, ""hsf_l0"": 26.0471, ""sparse_l"": 31.0875, ""sv_l"": 31.0875, ""feat_secs"": 0.006977, ""feat_secs_frame"": 0.000165, ""feat_secs_hsf"": 0.006745}"
ct,"ct:n=24,L=2,t=32,nn=0",1,"{""n"": 24.0, ""L"": 2.0, ""t"": 32.0, ""nn"": 0.0}",dense,ok,0.000316,0.0061,2703360,0.0,14,-1.029939660315063e-15,1.029939660315063e-15,switched_at=Some(30) dense_qubits=14 peak_terms=0 term_visits=0 dense_ops=60974,"{""n"": 24, ""gates"": 136, ""g2"": 24, ""g3"": 0, ""depth2"": 2, ""t_count"": 32, ""rotations"": 32, ""d"": 14, ""dense_l"": 15.9494, ""redundant"": 18, ""obs_zero"": true, ""frame_l"": 7.0875, ""chi_bits"": 12, ""mps_l"": 42.0211, ""hsf_k"": 2, ""hsf_na"": 12, ""hsf_nb"": 12, ""hsf_l"": 26.0471, ""sup"": 24, ""chi_bits0"": 12, ""mps_l0"": 42.0211, ""hsf_keff"": 2, ""hsf_l0"": 26.0471, ""sparse_l"": 31.0875, ""sv_l"": 31.0875, ""feat_secs"": 0.006977, ""feat_secs_frame"": 0.000165, ""feat_secs_hsf"": 0.006745}"
ct,"ct:n=24,L=2,t=32,nn=0",1,"{""n"": 24.0, ""L"": 2.0, ""t"": 32.0, ""nn"": 0.0}",auto,ok,0.00025,0.0042,2457600,-0.0,0,-1.029939660315063e-15,1.029939660315063e-15,switched_at=None dense_qubits=0 peak_terms=0 term_visits=0 dense_ops=0,"{""n"": 24, ""gates"": 136, ""g2"": 24, ""g3"": 0, ""depth2"": 2, ""t_count"": 32, ""rotations"": 32, ""d"": 14, ""dense_l"": 15.9494, ""redundant"": 18, ""obs_zero"": true, ""frame_l"": 7.0875, ""chi_bits"": 12, ""mps_l"": 42.0211, ""hsf_k"": 2, ""hsf_na"": 12, ""hsf_nb"": 12, ""hsf_l"": 26.0471, ""sup"": 24, ""chi_bits0"": 12, ""mps_l0"": 42.0211, ""hsf_keff"": 2, ""hsf_l0"": 26.0471, ""sparse_l"": 31.0875, ""sv_l"": 31.0875, ""feat_secs"": 0.006977, ""feat_secs_frame"": 0.000165, ""feat_secs_hsf"": 0.006745}"
ct,"ct:n=24,L=4,t=0,nn=0",1,"{""n"": 24.0, ""L"": 4.0, ""t"": 0.0, ""nn"": 0.0}",sv,ok,1.041661,1.0481,272367616,1.381722495208577e-20,16777216,1.381722495208577e-20,0.0,,"{""n"": 24, ""gates"": 151, ""g2"": 48, ""g3"": 0, ""depth2"": 4, ""t_count"": 0, ""rotations"": 0, ""d"": 0, ""dense_l"": 0.0, ""redundant"": 0, ""obs_zero"": true, ""frame_l"": 7.2384, ""chi_bits"": 12, ""mps_l"": 44.1742, ""hsf_k"": 10, ""hsf_na"": 12, ""hsf_nb"": 12, ""hsf_l"": 32.0522, ""sup"": 23, ""chi_bits0"": 12, ""mps_l0"": 44.1742, ""hsf_keff"": 8, ""hsf_l0"": 34.0522, ""sparse_l"": 30.2384, ""sv_l"": 31.2384, ""feat_secs"": 0.009219, ""feat_secs_frame"": 0.000268, ""feat_secs_hsf"": 0.008882}"
ct,"ct:n=24,L=4,t=0,nn=0",1,"{""n"": 24.0, ""L"": 4.0, ""t"": 0.0, ""nn"": 0.0}",sparse,ok,4.498493,4.5035,1264222208,6.564505341220828e-21,8388608,1.381722495208577e-20,7.252719610864944e-21,,"{""n"": 24, ""gates"": 151, ""g2"": 48, ""g3"": 0, ""depth2"": 4, ""t_count"": 0, ""rotations"": 0, ""d"": 0, ""dense_l"": 0.0, ""redundant"": 0, ""obs_zero"": true, ""frame_l"": 7.2384, ""chi_bits"": 12, ""mps_l"": 44.1742, ""hsf_k"": 10, ""hsf_na"": 12, ""hsf_nb"": 12, ""hsf_l"": 32.0522, ""sup"": 23, ""chi_bits0"": 12, ""mps_l0"": 44.1742, ""hsf_keff"": 8, ""hsf_l0"": 34.0522, ""sparse_l"": 30.2384, ""sv_l"": 31.2384, ""feat_secs"": 0.009219, ""feat_secs_frame"": 0.000268, ""feat_secs_hsf"": 0.008882}"
ct,"ct:n=24,L=4,t=0,nn=0",1,"{""n"": 24.0, ""L"": 4.0, ""t"": 0.0, ""nn"": 0.0}",mps,timeout,,10.0038,132972544,,,1.381722495208577e-20,,timeout,"{""n"": 24, ""gates"": 151, ""g2"": 48, ""g3"": 0, ""depth2"": 4, ""t_count"": 0, ""rotations"": 0, ""d"": 0, ""dense_l"": 0.0, ""redundant"": 0, ""obs_zero"": true, ""frame_l"": 7.2384, ""chi_bits"": 12, ""mps_l"": 44.1742, ""hsf_k"": 10, ""hsf_na"": 12, ""hsf_nb"": 12, ""hsf_l"": 32.0522, ""sup"": 23, ""chi_bits0"": 12, ""mps_l0"": 44.1742, ""hsf_keff"": 8, ""hsf_l0"": 34.0522, ""sparse_l"": 30.2384, ""sv_l"": 31.2384, ""feat_secs"": 0.009219, ""feat_secs_frame"": 0.000268, ""feat_secs_hsf"": 0.008882}"
ct,"ct:n=24,L=4,t=0,nn=0",1,"{""n"": 24.0, ""L"": 4.0, ""t"": 0.0, ""nn"": 0.0}",hsf,ok,1.33895,1.3445,285016064,1.450543922172989e-20,1024,1.381722495208577e-20,6.88214269644119e-22,,"{""n"": 24, ""gates"": 151, ""g2"": 48, ""g3"": 0, ""depth2"": 4, ""t_count"": 0, ""rotations"": 0, ""d"": 0, ""dense_l"": 0.0, ""redundant"": 0, ""obs_zero"": true, ""frame_l"": 7.2384, ""chi_bits"": 12, ""mps_l"": 44.1742, ""hsf_k"": 10, ""hsf_na"": 12, ""hsf_nb"": 12, ""hsf_l"": 32.0522, ""sup"": 23, ""chi_bits0"": 12, ""mps_l0"": 44.1742, ""hsf_keff"": 8, ""hsf_l0"": 34.0522, ""sparse_l"": 30.2384, ""sv_l"": 31.2384, ""feat_secs"": 0.009219, ""feat_secs_frame"": 0.000268, ""feat_secs_hsf"": 0.008882}"
ct,"ct:n=24,L=4,t=0,nn=0",1,"{""n"": 24.0, ""L"": 4.0, ""t"": 0.0, ""nn"": 0.0}",tableau,ok,5.7e-05,0.0045,2064384,-0.0,0,1.381722495208577e-20,1.381722495208577e-20,value recomputed after the C-vs-C† fix (timing from the original run),"{""n"": 24, ""gates"": 151, ""g2"": 48, ""g3"": 0, ""depth2"": 4, ""t_count"": 0, ""rotations"": 0, ""d"": 0, ""dense_l"": 0.0, ""redundant"": 0, ""obs_zero"": true, ""frame_l"": 7.2384, ""chi_bits"": 12, ""mps_l"": 44.1742, ""hsf_k"": 10, ""hsf_na"": 12, ""hsf_nb"": 12, ""hsf_l"": 32.0522, ""sup"": 23, ""chi_bits0"": 12, ""mps_l0"": 44.1742, ""hsf_keff"": 8, ""hsf_l0"": 34.0522, ""sparse_l"": 30.2384, ""sv_l"": 31.2384, ""feat_secs"": 0.009219, ""feat_secs_frame"": 0.000268, ""feat_secs_hsf"": 0.008882}"
ct,"ct:n=24,L=4,t=0,nn=0",1,"{""n"": 24.0, ""L"": 4.0, ""t"": 0.0, ""nn"": 0.0}",cstate,ok,0.000119,0.0044,2015232,0.0,0,1.381722495208577e-20,1.381722495208577e-20,,"{""n"": 24, ""gates"": 151, ""g2"": 48, ""g3"": 0, ""depth2"": 4, ""t_count"": 0, ""rotations"": 0, ""d"": 0, ""dense_l"": 0.0, ""redundant"": 0, ""obs_zero"": true, ""frame_l"": 7.2384, ""chi_bits"": 12, ""mps_l"": 44.1742, ""hsf_k"": 10, ""hsf_na"": 12, ""hsf_nb"": 12, ""hsf_l"": 32.0522, ""sup"": 23, ""chi_bits0"": 12, ""mps_l0"": 44.1742, ""hsf_keff"": 8, ""hsf_l0"": 34.0522, ""sparse_l"": 30.2384, ""sv_l"": 31.2384, ""feat_secs"": 0.009219, ""feat_secs_frame"": 0.000268, ""feat_secs_hsf"": 0.008882}"
ct,"ct:n=24,L=4,t=0,nn=0",1,"{""n"": 24.0, ""L"": 4.0, ""t"": 0.0, ""nn"": 0.0}",frame,ok,0.000136,0.0046,2179072,-0.0,0,1.381722495208577e-20,1.381722495208577e-20,switched_at=None dense_qubits=0 peak_terms=0 term_visits=0 dense_ops=0,"{""n"": 24, ""gates"": 151, ""g2"": 48, ""g3"": 0, ""depth2"": 4, ""t_count"": 0, ""rotations"": 0, ""d"": 0, ""dense_l"": 0.0, ""redundant"": 0, ""obs_zero"": true, ""frame_l"": 7.2384, ""chi_bits"": 12, ""mps_l"": 44.1742, ""hsf_k"": 10, ""hsf_na"": 12, ""hsf_nb"": 12, ""hsf_l"": 32.0522, ""sup"": 23, ""chi_bits0"": 12, ""mps_l0"": 44.1742, ""hsf_keff"": 8, ""hsf_l0"": 34.0522, ""sparse_l"": 30.2384, ""sv_l"": 31.2384, ""feat_secs"": 0.009219, ""feat_secs_frame"": 0.000268, ""feat_secs_hsf"": 0.008882}"
ct,"ct:n=24,L=4,t=0,nn=0",1,"{""n"": 24.0, ""L"": 4.0, ""t"": 0.0, ""nn"": 0.0}",dense,ok,0.000125,0.0046,2179072,-0.0,0,1.381722495208577e-20,1.381722495208577e-20,switched_at=None dense_qubits=0 peak_terms=0 term_visits=0 dense_ops=0,"{""n"": 24, ""gates"": 151, ""g2"": 48, ""g3"": 0, ""depth2"": 4, ""t_count"": 0, ""rotations"": 0, ""d"": 0, ""dense_l"": 0.0, ""redundant"": 0, ""obs_zero"": true, ""frame_l"": 7.2384, ""chi_bits"": 12, ""mps_l"": 44.1742, ""hsf_k"": 10, ""hsf_na"": 12, ""hsf_nb"": 12, ""hsf_l"": 32.0522, ""sup"": 23, ""chi_bits0"": 12, ""mps_l0"": 44.1742, ""hsf_keff"": 8, ""hsf_l0"": 34.0522, ""sparse_l"": 30.2384, ""sv_l"": 31.2384, ""feat_secs"": 0.009219, ""feat_secs_frame"": 0.000268, ""feat_secs_hsf"": 0.008882}"
ct,"ct:n=24,L=4,t=0,nn=0",1,"{""n"": 24.0, ""L"": 4.0, ""t"": 0.0, ""nn"": 0.0}",auto,ok,0.000132,0.0068,2179072,-0.0,0,1.381722495208577e-20,1.381722495208577e-20,switched_at=None dense_qubits=0 peak_terms=0 term_visits=0 dense_ops=0,"{""n"": 24, ""gates"": 151, ""g2"": 48, ""g3"": 0, ""depth2"": 4, ""t_count"": 0, ""rotations"": 0, ""d"": 0, ""dense_l"": 0.0, ""redundant"": 0, ""obs_zero"": true, ""frame_l"": 7.2384, ""chi_bits"": 12, ""mps_l"": 44.1742, ""hsf_k"": 10, ""hsf_na"": 12, ""hsf_nb"": 12, ""hsf_l"": 32.0522, ""sup"": 23, ""chi_bits0"": 12, ""mps_l0"": 44.1742, ""hsf_keff"": 8, ""hsf_l0"": 34.0522, ""sparse_l"": 30.2384, ""sv_l"": 31.2384, ""feat_secs"": 0.009219, ""feat_secs_frame"": 0.000268, ""feat_secs_hsf"": 0.008882}"
ct,"ct:n=24,L=4,t=4,nn=0",1,"{""n"": 24.0, ""L"": 4.0, ""t"": 4.0, ""nn"": 0.0}",sv,ok,1.035387,1.0410,272367616,1.948466946260509e-18,16777216,1.948466946260509e-18,0.0,,"{""n"": 24, ""gates"": 156, ""g2"": 48, ""g3"": 0, ""depth2"": 4, ""t_count"": 4, ""rotations"": 4, ""d"": 4, ""dense_l"": 4.9069, ""redundant"": 0, ""obs_zero"": true, ""frame_l"": 7.2854, ""chi_bits"": 12, ""mps_l"": 43.1981, ""hsf_k"": 10, ""hsf_na"": 12, ""hsf_nb"": 12, ""hsf_l"": 33.0539, ""sup"": 24, ""chi_bits0"": 12, ""mps_l0"": 43.1981, ""hsf_keff"": 9, ""hsf_l0"": 34.0539, ""sparse_l"": 31.2854, ""sv_l"": 31.2854, ""feat_secs"": 0.011442, ""feat_secs_frame"": 0.000347, ""feat_secs_hsf"": 0.011005}"
ct,"ct:n=24,L=4,t=4,nn=0",1,"{""n"": 24.0, ""L"": 4.0, ""t"": 4.0, ""nn"": 0.0}",sparse,ok,4.00514,4.0104,634634240,-4.342102645862357e-19,4194304,1.948466946260509e-18,2.3826772108467448e-18,,"{""n"": 24, ""gates"": 156, ""g2"": 48, ""g3"": 0, ""depth2"": 4, ""t_count"": 4, ""rotations"": 4, ""d"": 4, ""dense_l"": 4.9069, ""redundant"": 0, ""obs_zero"": true, ""frame_l"": 7.2854, ""chi_bits"": 12, ""mps_l"": 43.1981, ""hsf_k"": 10, ""hsf_na"": 12, ""hsf_nb"": 12, ""hsf_l"": 33.0539, ""sup"": 24, ""chi_bits0"": 12, ""mps_l0"": 43.1981, ""hsf_keff"": 9, ""hsf_l0"": 34.0539, ""sparse_l"": 31.2854, ""sv_l"": 31.2854, ""feat_secs"": 0.011442, ""feat_secs_frame"": 0.000347, ""feat_secs_hsf"": 0.011005}"
ct,"ct:n=24,L=4,t=4,nn=0",1,"{""n"": 24.0, ""L"": 4.0, ""t"": 4.0, ""nn"": 0.0}",mps,skipped,,,,,,1.948466946260509e-18,,,"{""n"": 24, ""gates"": 156, ""g2"": 48, ""g3"": 0, ""depth2"": 4, ""t_count"": 4, ""rotations"": 4, ""d"": 4, ""dense_l"": 4.9069, ""redundant"": 0, ""obs_zero"": true, ""frame_l"": 7.2854, ""chi_bits"": 12, ""mps_l"": 43.1981, ""hsf_k"": 10, ""hsf_na"": 12, ""hsf_nb"": 12, ""hsf_l"": 33.0539, ""sup"": 24, ""chi_bits0"": 12, ""mps_l0"": 43.1981, ""hsf_keff"": 9, ""hsf_l0"": 34.0539, ""sparse_l"": 31.2854, ""sv_l"": 31.2854, ""feat_secs"": 0.011442, ""feat_secs_frame"": 0.000347, ""feat_secs_hsf"": 0.011005}"
ct,"ct:n=24,L=4,t=4,nn=0",1,"{""n"": 24.0, ""L"": 4.0, ""t"": 4.0, ""nn"": 0.0}",hsf,ok,1.356728,1.3618,285032448,-1.352605737646711e-20,1024,1.948466946260509e-18,1.961993003636976e-18,,"{""n"": 24, ""gates"": 156, ""g2"": 48, ""g3"": 0, ""depth2"": 4, ""t_count"": 4, ""rotations"": 4, ""d"": 4, ""dense_l"": 4.9069, ""redundant"": 0, ""obs_zero"": true, ""frame_l"": 7.2854, ""chi_bits"": 12, ""mps_l"": 43.1981, ""hsf_k"": 10, ""hsf_na"": 12, ""hsf_nb"": 12, ""hsf_l"": 33.0539, ""sup"": 24, ""chi_bits0"": 12, ""mps_l0"": 43.1981, ""hsf_keff"": 9, ""hsf_l0"": 34.0539, ""sparse_l"": 31.2854, ""sv_l"": 31.2854, ""feat_secs"": 0.011442, ""feat_secs_frame"": 0.000347, ""feat_secs_hsf"": 0.011005}"
ct,"ct:n=24,L=4,t=4,nn=0",1,"{""n"": 24.0, ""L"": 4.0, ""t"": 4.0, ""nn"": 0.0}",tableau,na,,0.0045,1884160,,,1.948466946260509e-18,,"TooLarge { what: ""tableau (non-Clifford circuit)"", bytes: 0, limit: 0 }","{""n"": 24, ""gates"": 156, ""g2"": 48, ""g3"": 0, ""depth2"": 4, ""t_count"": 4, ""rotations"": 4, ""d"": 4, ""dense_l"": 4.9069, ""redundant"": 0, ""obs_zero"": true, ""frame_l"": 7.2854, ""chi_bits"": 12, ""mps_l"": 43.1981, ""hsf_k"": 10, ""hsf_na"": 12, ""hsf_nb"": 12, ""hsf_l"": 33.0539, ""sup"": 24, ""chi_bits0"": 12, ""mps_l0"": 43.1981, ""hsf_keff"": 9, ""hsf_l0"": 34.0539, ""sparse_l"": 31.2854, ""sv_l"": 31.2854, ""feat_secs"": 0.011442, ""feat_secs_frame"": 0.000347, ""feat_secs_hsf"": 0.011005}"
ct,"ct:n=24,L=4,t=4,nn=0",1,"{""n"": 24.0, ""L"": 4.0, ""t"": 4.0, ""nn"": 0.0}",cstate,ok,0.00012,0.0044,2015232,0.0,4,1.948466946260509e-18,1.948466946260509e-18,,"{""n"": 24, ""gates"": 156, ""g2"": 48, ""g3"": 0, ""depth2"": 4, ""t_count"": 4, ""rotations"": 4, ""d"": 4, ""dense_l"": 4.9069, ""redundant"": 0, ""obs_zero"": true, ""frame_l"": 7.2854, ""chi_bits"": 12, ""mps_l"": 43.1981, ""hsf_k"": 10, ""hsf_na"": 12, ""hsf_nb"": 12, ""hsf_l"": 33.0539, ""sup"": 24, ""chi_bits0"": 12, ""mps_l0"": 43.1981, ""hsf_keff"": 9, ""hsf_l0"": 34.0539, ""sparse_l"": 31.2854, ""sv_l"": 31.2854, ""feat_secs"": 0.011442, ""feat_secs_frame"": 0.000347, ""feat_secs_hsf"": 0.011005}"
ct,"ct:n=24,L=4,t=4,nn=0",1,"{""n"": 24.0, ""L"": 4.0, ""t"": 4.0, ""nn"": 0.0}",frame,ok,0.000212,0.0067,2457600,-0.0,0,1.948466946260509e-18,1.948466946260509e-18,switched_at=None dense_qubits=0 peak_terms=0 term_visits=0 dense_ops=0,"{""n"": 24, ""gates"": 156, ""g2"": 48, ""g3"": 0, ""depth2"": 4, ""t_count"": 4, ""rotations"": 4, ""d"": 4, ""dense_l"": 4.9069, ""redundant"": 0, ""obs_zero"": true, ""frame_l"": 7.2854, ""chi_bits"": 12, ""mps_l"": 43.1981, ""hsf_k"": 10, ""hsf_na"": 12, ""hsf_nb"": 12, ""hsf_l"": 33.0539, ""sup"": 24, ""chi_bits0"": 12, ""mps_l0"": 43.1981, ""hsf_keff"": 9, ""hsf_l0"": 34.0539, ""sparse_l"": 31.2854, ""sv_l"": 31.2854, ""feat_secs"": 0.011442, ""feat_secs_frame"": 0.000347, ""feat_secs_hsf"": 0.011005}"
ct,"ct:n=24,L=4,t=4,nn=0",1,"{""n"": 24.0, ""L"": 4.0, ""t"": 4.0, ""nn"": 0.0}",dense,ok,0.000153,0.0073,2195456,0.0,4,1.948466946260509e-18,1.948466946260509e-18,switched_at=Some(4) dense_qubits=4 peak_terms=0 term_visits=0 dense_ops=30,"{""n"": 24, ""gates"": 156, ""g2"": 48, ""g3"": 0, ""depth2"": 4, ""t_count"": 4, ""rotations"": 4, ""d"": 4, ""dense_l"": 4.9069, ""redundant"": 0, ""obs_zero"": true, ""frame_l"": 7.2854, ""chi_bits"": 12, ""mps_l"": 43.1981, ""hsf_k"": 10, ""hsf_na"": 12, ""hsf_nb"": 12, ""hsf_l"": 33.0539, ""sup"": 24, ""chi_bits0"": 12, ""mps_l0"": 43.1981, ""hsf_keff"": 9, ""hsf_l0"": 34.0539, ""sparse_l"": 31.2854, ""sv_l"": 31.2854, ""feat_secs"": 0.011442, ""feat_secs_frame"": 0.000347, ""feat_secs_hsf"": 0.011005}"
ct,"ct:n=24,L=4,t=4,nn=0",1,"{""n"": 24.0, ""L"": 4.0, ""t"": 4.0, ""nn"": 0.0}",auto,ok,0.000134,0.0045,2195456,0.0,4,1.948466946260509e-18,1.948466946260509e-18,switched_at=Some(4) dense_qubits=4 peak_terms=0 term_visits=0 dense_ops=30,"{""n"": 24, ""gates"": 156, ""g2"": 48, ""g3"": 0, ""depth2"": 4, ""t_count"": 4, ""rotations"": 4, ""d"": 4, ""dense_l"": 4.9069, ""redundant"": 0, ""obs_zero"": true, ""frame_l"": 7.2854, ""chi_bits"": 12, ""mps_l"": 43.1981, ""hsf_k"": 10, ""hsf_na"": 12, ""hsf_nb"": 12, ""hsf_l"": 33.0539, ""sup"": 24, ""chi_bits0"": 12, ""mps_l0"": 43.1981, ""hsf_keff"": 9, ""hsf_l0"": 34.0539, ""sparse_l"": 31.2854, ""sv_l"": 31.2854, ""feat_secs"": 0.011442, ""feat_secs_frame"": 0.000347, ""feat_secs_hsf"": 0.011005}"
ct,"ct:n=24,L=4,t=8,nn=0",1,"{""n"": 24.0, ""L"": 4.0, ""t"": 8.0, ""nn"": 0.0}",sv,ok,1.054989,1.0608,272400384,2.749997804712095e-17,16777216,2.749997804712095e-17,0.0,,"{""n"": 24, ""gates"": 164, ""g2"": 48, ""g3"": 0, ""depth2"": 4, ""t_count"": 8, ""rotations"": 8, ""d"": 6, ""dense_l"": 7.0661, ""redundant"": 2, ""obs_zero"": true, ""frame_l"": 7.3576, ""chi_bits"": 12, ""mps_l"": 43.8568, ""hsf_k"": 8, ""hsf_na"": 10, ""hsf_nb"": 14, ""hsf_l"": 32.2143, ""sup"": 24, ""chi_bits0"": 12, ""mps_l0"": 43.8568, ""hsf_keff"": 8, ""hsf_l0"": 32.2143, ""sparse_l"": 31.3576, ""sv_l"": 31.3576, ""feat_secs"": 0.01371, ""feat_secs_frame"": 0.000296, ""feat_secs_hsf"": 0.013329}"
ct,"ct:n=24,L=4,t=8,nn=0",1,"{""n"": 24.0, ""L"": 4.0, ""t"": 8.0, ""nn"": 0.0}",sparse,timeout,,10.0121,2521251840,,,2.749997804712095e-17,,timeout,"{""n"": 24, ""gates"": 164, ""g2"": 48, ""g3"": 0, ""depth2"": 4, ""t_count"": 8, ""rotations"": 8, ""d"": 6, ""dense_l"": 7.0661, ""redundant"": 2, ""obs_zero"": true, ""frame_l"": 7.3576, ""chi_bits"": 12, ""mps_l"": 43.8568, ""hsf_k"": 8, ""hsf_na"": 10, ""hsf_nb"": 14, ""hsf_l"": 32.2143, ""sup"": 24, ""chi_bits0"": 12, ""mps_l0"": 43.8568, ""hsf_keff"": 8, ""hsf_l0"": 32.2143, ""sparse_l"": 31.3576, ""sv_l"": 31.3576, ""feat_secs"": 0.01371, ""feat_secs_frame"": 0.000296, ""feat_secs_hsf"": 0.013329}"
ct,"ct:n=24,L=4,t=8,nn=0",1,"{""n"": 24.0, ""L"": 4.0, ""t"": 8.0, ""nn"": 0.0}",mps,skipped,,,,,,2.749997804712095e-17,,,"{""n"": 24, ""gates"": 164, ""g2"": 48, ""g3"": 0, ""depth2"": 4, ""t_count"": 8, ""rotations"": 8, ""d"": 6, ""dense_l"": 7.0661, ""redundant"": 2, ""obs_zero"": true, ""frame_l"": 7.3576, ""chi_bits"": 12, ""mps_l"": 43.8568, ""hsf_k"": 8, ""hsf_na"": 10, ""hsf_nb"": 14, ""hsf_l"": 32.2143, ""sup"": 24, ""chi_bits0"": 12, ""mps_l0"": 43.8568, ""hsf_keff"": 8, ""hsf_l0"": 32.2143, ""sparse_l"": 31.3576, ""sv_l"": 31.3576, ""feat_secs"": 0.01371, ""feat_secs_frame"": 0.000296, ""feat_secs_hsf"": 0.013329}"
ct,"ct:n=24,L=4,t=8,nn=0",1,"{""n"": 24.0, ""L"": 4.0, ""t"": 8.0, ""nn"": 0.0}",hsf,ok,0.79807,0.8056,308051968,2.964359882016895e-17,256,2.749997804712095e-17,2.1436207730479982e-18,,"{""n"": 24, ""gates"": 164, ""g2"": 48, ""g3"": 0, ""depth2"": 4, ""t_count"": 8, ""rotations"": 8, ""d"": 6, ""dense_l"": 7.0661, ""redundant"": 2, ""obs_zero"": true, ""frame_l"": 7.3576, ""chi_bits"": 12, ""mps_l"": 43.8568, ""hsf_k"": 8, ""hsf_na"": 10, ""hsf_nb"": 14, ""hsf_l"": 32.2143, ""sup"": 24, ""chi_bits0"": 12, ""mps_l0"": 43.8568, ""hsf_keff"": 8, ""hsf_l0"": 32.2143, ""sparse_l"": 31.3576, ""sv_l"": 31.3576, ""feat_secs"": 0.01371, ""feat_secs_frame"": 0.000296, ""feat_secs_hsf"": 0.013329}"
ct,"ct:n=24,L=4,t=8,nn=0",1,"{""n"": 24.0, ""L"": 4.0, ""t"": 8.0, ""nn"": 0.0}",tableau,na,,0.0047,1884160,,,2.749997804712095e-17,,"TooLarge { what: ""tableau (non-Clifford circuit)"", bytes: 0, limit: 0 }","{""n"": 24, ""gates"": 164, ""g2"": 48, ""g3"": 0, ""depth2"": 4, ""t_count"": 8, ""rotations"": 8, ""d"": 6, ""dense_l"": 7.0661, ""redundant"": 2, ""obs_zero"": true, ""frame_l"": 7.3576, ""chi_bits"": 12, ""mps_l"": 43.8568, ""hsf_k"": 8, ""hsf_na"": 10, ""hsf_nb"": 14, ""hsf_l"": 32.2143, ""sup"": 24, ""chi_bits0"": 12, ""mps_l0"": 43.8568, ""hsf_keff"": 8, ""hsf_l0"": 32.2143, ""sparse_l"": 31.3576, ""sv_l"": 31.3576, ""feat_secs"": 0.01371, ""feat_secs_frame"": 0.000296, ""feat_secs_hsf"": 0.013329}"
ct,"ct:n=24,L=4,t=8,nn=0",1,"{""n"": 24.0, ""L"": 4.0, ""t"": 8.0, ""nn"": 0.0}",cstate,ok,0.000121,0.0049,2015232,0.0,6,2.749997804712095e-17,2.749997804712095e-17,,"{""n"": 24, ""gates"": 164, ""g2"": 48, ""g3"": 0, ""depth2"": 4, ""t_count"": 8, ""rotations"": 8, ""d"": 6, ""dense_l"": 7.0661, ""redundant"": 2, ""obs_zero"": true, ""frame_l"": 7.3576, ""chi_bits"": 12, ""mps_l"": 43.8568, ""hsf_k"": 8, ""hsf_na"": 10, ""hsf_nb"": 14, ""hsf_l"": 32.2143, ""sup"": 24, ""chi_bits0"": 12, ""mps_l0"": 43.8568, ""hsf_keff"": 8, ""hsf_l0"": 32.2143, ""sparse_l"": 31.3576, ""sv_l"": 31.3576, ""feat_secs"": 0.01371, ""feat_secs_frame"": 0.000296, ""feat_secs_hsf"": 0.013329}"
ct,"ct:n=24,L=4,t=8,nn=0",1,"{""n"": 24.0, ""L"": 4.0, ""t"": 8.0, ""nn"": 0.0}",frame,ok,0.00026,0.0078,2457600,-0.0,0,2.749997804712095e-17,2.749997804712095e-17,switched_at=None dense_qubits=0 peak_terms=0 term_visits=0 dense_ops=0,"{""n"": 24, ""gates"": 164, ""g2"": 48, ""g3"": 0, ""depth2"": 4, ""t_count"": 8, ""rotations"": 8, ""d"": 6, ""dense_l"": 7.0661, ""redundant"": 2, ""obs_zero"": true, ""frame_l"": 7.3576, ""chi_bits"": 12, ""mps_l"": 43.8568, ""hsf_k"": 8, ""hsf_na"": 10, ""hsf_nb"": 14, ""hsf_l"": 32.2143, ""sup"": 24, ""chi_bits0"": 12, ""mps_l0"": 43.8568, ""hsf_keff"": 8, ""hsf_l0"": 32.2143, ""sparse_l"": 31.3576, ""sv_l"": 31.3576, ""feat_secs"": 0.01371, ""feat_secs_frame"": 0.000296, ""feat_secs_hsf"": 0.013329}"
ct,"ct:n=24,L=4,t=8,nn=0",1,"{""n"": 24.0, ""L"": 4.0, ""t"": 8.0, ""nn"": 0.0}",dense,ok,0.000153,0.0047,2195456,0.0,6,2.749997804712095e-17,2.749997804712095e-17,switched_at=Some(8) dense_qubits=6 peak_terms=0 term_visits=0 dense_ops=134,"{""n"": 24, ""gates"": 164, ""g2"": 48, ""g3"": 0, ""depth2"": 4, ""t_count"": 8, ""rotations"": 8, ""d"": 6, ""dense_l"": 7.0661, ""redundant"": 2, ""obs_zero"": true, ""frame_l"": 7.3576, ""chi_bits"": 12, ""mps_l"": 43.8568, ""hsf_k"": 8, ""hsf_na"": 10, ""hsf_nb"": 14, ""hsf_l"": 32.2143, ""sup"": 24, ""chi_bits0"": 12, ""mps_l0"": 43.8568, ""hsf_keff"": 8, ""hsf_l0"": 32.2143, ""sparse_l"": 31.3576, ""sv_l"": 31.3576, ""feat_secs"": 0.01371, ""feat_secs_frame"": 0.000296, ""feat_secs_hsf"": 0.013329}"
ct,"ct:n=24,L=4,t=8,nn=0",1,"{""n"": 24.0, ""L"": 4.0, ""t"": 8.0, ""nn"": 0.0}",auto,ok,0.000265,0.0047,2473984,-0.0,0,2.749997804712095e-17,2.749997804712095e-17,switched_at=None dense_qubits=0 peak_terms=0 term_visits=0 dense_ops=0,"{""n"": 24, ""gates"": 164, ""g2"": 48, ""g3"": 0, ""depth2"": 4, ""t_count"": 8, ""rotations"": 8, ""d"": 6, ""dense_l"": 7.0661, ""redundant"": 2, ""obs_zero"": true, ""frame_l"": 7.3576, ""chi_bits"": 12, ""mps_l"": 43.8568, ""hsf_k"": 8, ""hsf_na"": 10, ""hsf_nb"": 14, ""hsf_l"": 32.2143, ""sup"": 24, ""chi_bits0"": 12, ""mps_l0"": 43.8568, ""hsf_keff"": 8, ""hsf_l0"": 32.2143, ""sparse_l"": 31.3576, ""sv_l"": 31.3576, ""feat_secs"": 0.01371, ""feat_secs_frame"": 0.000296, ""feat_secs_hsf"": 0.013329}"
ct,"ct:n=24,L=4,t=16,nn=0",1,"{""n"": 24.0, ""L"": 4.0, ""t"": 16.0, ""nn"": 0.0}",sv,ok,1.142679,1.1485,272384000,-9.369895998756056e-17,16777216,-9.369895998756056e-17,0.0,,"{""n"": 24, ""gates"": 186, ""g2"": 48, ""g3"": 0, ""depth2"": 4, ""t_count"": 16, ""rotations"": 16, ""d"": 11, ""dense_l"": 12.6163, ""redundant"": 5, ""obs_zero"": true, ""frame_l"": 7.5392, ""chi_bits"": 12, ""mps_l"": 43.9981, ""hsf_k"": 8, ""hsf_na"": 12, ""hsf_nb"": 12, ""hsf_l"": 29.0641, ""sup"": 24, ""chi_bits0"": 12, ""mps_l0"": 43.9981, ""hsf_keff"": 5, ""hsf_l0"": 32.0641, ""sparse_l"": 31.5392, ""sv_l"": 31.5392, ""feat_secs"": 0.009739, ""feat_secs_frame"": 0.000221, ""feat_secs_hsf"": 0.009452}"
ct,"ct:n=24,L=4,t=16,nn=0",1,"{""n"": 24.0, ""L"": 4.0, ""t"": 16.0, ""nn"": 0.0}",sparse,timeout,,10.0085,1683505152,,,-9.369895998756056e-17,,timeout,"{""n"": 24, ""gates"": 186, ""g2"": 48, ""g3"": 0, ""depth2"": 4, ""t_count"": 16, ""rotations"": 16, ""d"": 11, ""dense_l"": 12.6163, ""redundant"": 5, ""obs_zero"": true, ""frame_l"": 7.5392, ""chi_bits"": 12, ""mps_l"": 43.9981, ""hsf_k"": 8, ""hsf_na"": 12, ""hsf_nb"": 12, ""hsf_l"": 29.0641, ""sup"": 24, ""chi_bits0"": 12, ""mps_l0"": 43.9981, ""hsf_keff"": 5, ""hsf_l0"": 32.0641, ""sparse_l"": 31.5392, ""sv_l"": 31.5392, ""feat_secs"": 0.009739, ""feat_secs_frame"": 0.000221, ""feat_secs_hsf"": 0.009452}"
ct,"ct:n=24,L=4,t=16,nn=0",1,"{""n"": 24.0, ""L"": 4.0, ""t"": 16.0, ""nn"": 0.0}",mps,skipped,,,,,,-9.369895998756056e-17,,,"{""n"": 24, ""gates"": 186, ""g2"": 48, ""g3"": 0, ""depth2"": 4, ""t_count"": 16, ""rotations"": 16, ""d"": 11, ""dense_l"": 12.6163, ""redundant"": 5, ""obs_zero"": true, ""frame_l"": 7.5392, ""chi_bits"": 12, ""mps_l"": 43.9981, ""hsf_k"": 8, ""hsf_na"": 12, ""hsf_nb"": 12, ""hsf_l"": 29.0641, ""sup"": 24, ""chi_bits0"": 12, ""mps_l0"": 43.9981, ""hsf_keff"": 5, ""hsf_l0"": 32.0641, ""sparse_l"": 31.5392, ""sv_l"": 31.5392, ""feat_secs"": 0.009739, ""feat_secs_frame"": 0.000221, ""feat_secs_hsf"": 0.009452}"
ct,"ct:n=24,L=4,t=16,nn=0",1,"{""n"": 24.0, ""L"": 4.0, ""t"": 16.0, ""nn"": 0.0}",hsf,ok,0.364911,0.3691,281559040,4.976073719657699e-18,256,-9.369895998756056e-17,9.867503370721826e-17,,"{""n"": 24, ""gates"": 186, ""g2"": 48, ""g3"": 0, ""depth2"": 4, ""t_count"": 16, ""rotations"": 16, ""d"": 11, ""dense_l"": 12.6163, ""redundant"": 5, ""obs_zero"": true, ""frame_l"": 7.5392, ""chi_bits"": 12, ""mps_l"": 43.9981, ""hsf_k"": 8, ""hsf_na"": 12, ""hsf_nb"": 12, ""hsf_l"": 29.0641, ""sup"": 24, ""chi_bits0"": 12, ""mps_l0"": 43.9981, ""hsf_keff"": 5, ""hsf_l0"": 32.0641, ""sparse_l"": 31.5392, ""sv_l"": 31.5392, ""feat_secs"": 0.009739, ""feat_secs_frame"": 0.000221, ""feat_secs_hsf"": 0.009452}"
ct,"ct:n=24,L=4,t=16,nn=0",1,"{""n"": 24.0, ""L"": 4.0, ""t"": 16.0, ""nn"": 0.0}",tableau,na,,0.0045,1867776,,,-9.369895998756056e-17,,"TooLarge { what: ""tableau (non-Clifford circuit)"", bytes: 0, limit: 0 }","{""n"": 24, ""gates"": 186, ""g2"": 48, ""g3"": 0, ""depth2"": 4, ""t_count"": 16, ""rotations"": 16, ""d"": 11, ""dense_l"": 12.6163, ""redundant"": 5, ""obs_zero"": true, ""frame_l"": 7.5392, ""chi_bits"": 12, ""mps_l"": 43.9981, ""hsf_k"": 8, ""hsf_na"": 12, ""hsf_nb"": 12, ""hsf_l"": 29.0641, ""sup"": 24, ""chi_bits0"": 12, ""mps_l0"": 43.9981, ""hsf_keff"": 5, ""hsf_l0"": 32.0641, ""sparse_l"": 31.5392, ""sv_l"": 31.5392, ""feat_secs"": 0.009739, ""feat_secs_frame"": 0.000221, ""feat_secs_hsf"": 0.009452}"
ct,"ct:n=24,L=4,t=16,nn=0",1,"{""n"": 24.0, ""L"": 4.0, ""t"": 16.0, ""nn"": 0.0}",cstate,ok,0.000136,0.0043,2048000,0.0,11,-9.369895998756056e-17,9.369895998756056e-17,,"{""n"": 24, ""gates"": 186, ""g2"": 48, ""g3"": 0, ""depth2"": 4, ""t_count"": 16, ""rotations"": 16, ""d"": 11, ""dense_l"": 12.6163, ""redundant"": 5, ""obs_zero"": true, ""frame_l"": 7.5392, ""chi_bits"": 12, ""mps_l"": 43.9981, ""hsf_k"": 8, ""hsf_na"": 12, ""hsf_nb"": 12, ""hsf_l"": 29.0641, ""sup"": 24, ""chi_bits0"": 12, ""mps_l0"": 43.9981, ""hsf_keff"": 5, ""hsf_l0"": 32.0641, ""sparse_l"": 31.5392, ""sv_l"": 31.5392, ""feat_secs"": 0.009739, ""feat_secs_frame"": 0.000221, ""feat_secs_hsf"": 0.009452}"
ct,"ct:n=24,L=4,t=16,nn=0",1,"{""n"": 24.0, ""L"": 4.0, ""t"": 16.0, ""nn"": 0.0}",frame,ok,0.000279,0.0042,2457600,-0.0,0,-9.369895998756056e-17,9.369895998756056e-17,switched_at=None dense_qubits=0 peak_terms=0 term_visits=0 dense_ops=0,"{""n"": 24, ""gates"": 186, ""g2"": 48, ""g3"": 0, ""depth2"": 4, ""t_count"": 16, ""rotations"": 16, ""d"": 11, ""dense_l"": 12.6163, ""redundant"": 5, ""obs_zero"": true, ""frame_l"": 7.5392, ""chi_bits"": 12, ""mps_l"": 43.9981, ""hsf_k"": 8, ""hsf_na"": 12, ""hsf_nb"": 12, ""hsf_l"": 29.0641, ""sup"": 24, ""chi_bits0"": 12, ""mps_l0"": 43.9981, ""hsf_keff"": 5, ""hsf_l0"": 32.0641, ""sparse_l"": 31.5392, ""sv_l"": 31.5392, ""feat_secs"": 0.009739, ""feat_secs_frame"": 0.000221, ""feat_secs_hsf"": 0.009452}"
ct,"ct:n=24,L=4,t=16,nn=0",1,"{""n"": 24.0, ""L"": 4.0, ""t"": 16.0, ""nn"": 0.0}",dense,ok,0.000154,0.0046,2228224,0.0,11,-9.369895998756056e-17,9.369895998756056e-17,switched_at=Some(16) dense_qubits=11 peak_terms=0 term_visits=0 dense_ops=6279,"{""n"": 24, ""gates"": 186, ""g2"": 48, ""g3"": 0, ""depth2"": 4, ""t_count"": 16, ""rotations"": 16, ""d"": 11, ""dense_l"": 12.6163, ""redundant"": 5, ""obs_zero"": true, ""frame_l"": 7.5392, ""chi_bits"": 12, ""mps_l"": 43.9981, ""hsf_k"": 8, ""hsf_na"": 12, ""hsf_nb"": 12, ""hsf_l"": 29.0641, ""sup"": 24, ""chi_bits0"": 12, ""mps_l0"": 43.9981, ""hsf_keff"": 5, ""hsf_l0"": 32.0641, ""sparse_l"": 31.5392, ""sv_l"": 31.5392, ""feat_secs"": 0.009739, ""feat_secs_frame"": 0.000221, ""feat_secs_hsf"": 0.009452}"
ct,"ct:n=24,L=4,t=16,nn=0",1,"{""n"": 24.0, ""L"": 4.0, ""t"": 16.0, ""nn"": 0.0}",auto,ok,0.000237,0.0044,2473984,-0.0,0,-9.369895998756056e-17,9.369895998756056e-17,switched_at=None dense_qubits=0 peak_terms=0 term_visits=0 dense_ops=0,"{""n"": 24, ""gates"": 186, ""g2"": 48, ""g3"": 0, ""depth2"": 4, ""t_count"": 16, ""rotations"": 16, ""d"": 11, ""dense_l"": 12.6163, ""redundant"": 5, ""obs_zero"": true, ""frame_l"": 7.5392, ""chi_bits"": 12, ""mps_l"": 43.9981, ""hsf_k"": 8, ""hsf_na"": 12, ""hsf_nb"": 12, ""hsf_l"": 29.0641, ""sup"": 24, ""chi_bits0"": 12, ""mps_l0"": 43.9981, ""hsf_keff"": 5, ""hsf_l0"": 32.0641, ""sparse_l"": 31.5392, ""sv_l"": 31.5392, ""feat_secs"": 0.009739, ""feat_secs_frame"": 0.000221, ""feat_secs_hsf"": 0.009452}"
ct,"ct:n=24,L=4,t=24,nn=0",1,"{""n"": 24.0, ""L"": 4.0, ""t"": 24.0, ""nn"": 0.0}",sv,ok,1.189553,1.1945,272400384,-1.312444825196783e-15,16777216,-1.312444825196783e-15,0.0,,"{""n"": 24, ""gates"": 195, ""g2"": 48, ""g3"": 0, ""depth2"": 4, ""t_count"": 24, ""rotations"": 24, ""d"": 13, ""dense_l"": 15.3344, ""redundant"": 11, ""obs_zero"": false, ""frame_l"": 10.085, ""chi_bits"": 12, ""mps_l"": 43.7156, ""hsf_k"": 10, ""hsf_na"": 12, ""hsf_nb"": 12, ""hsf_l"": 33.0671, ""sup"": 24, ""chi_bits0"": 12, ""mps_l0"": 43.7156, ""hsf_keff"": 9, ""hsf_l0"": 34.0671, ""sparse_l"": 31.6073, ""sv_l"": 31.6073, ""feat_secs"": 0.010882, ""feat_secs_frame"": 0.000222, ""feat_secs_hsf"": 0.010598}"
ct,"ct:n=24,L=4,t=24,nn=0",1,"{""n"": 24.0, ""L"": 4.0, ""t"": 24.0, ""nn"": 0.0}",sparse,timeout,,10.0181,1683243008,,,-1.312444825196783e-15,,timeout,"{""n"": 24, ""gates"": 195, ""g2"": 48, ""g3"": 0, ""depth2"": 4, ""t_count"": 24, ""rotations"": 24, ""d"": 13, ""dense_l"": 15.3344, ""redundant"": 11, ""obs_zero"": false, ""frame_l"": 10.085, ""chi_bits"": 12, ""mps_l"": 43.7156, ""hsf_k"": 10, ""hsf_na"": 12, ""hsf_nb"": 12, ""hsf_l"": 33.0671, ""sup"": 24, ""chi_bits0"": 12, ""mps_l0"": 43.7156, ""hsf_keff"": 9, ""hsf_l0"": 34.0671, ""sparse_l"": 31.6073, ""sv_l"": 31.6073, ""feat_secs"": 0.010882, ""feat_secs_frame"": 0.000222, ""feat_secs_hsf"": 0.010598}"
ct,"ct:n=24,L=4,t=24,nn=0",1,"{""n"": 24.0, ""L"": 4.0, ""t"": 24.0, ""nn"": 0.0}",mps,skipped,,,,,,-1.312444825196783e-15,,,"{""n"": 24, ""gates"": 195, ""g2"": 48, ""g3"": 0, ""depth2"": 4, ""t_count"": 24, ""rotations"": 24, ""d"": 13, ""dense_l"": 15.3344, ""redundant"": 11, ""obs_zero"": false, ""frame_l"": 10.085, ""chi_bits"": 12, ""mps_l"": 43.7156, ""hsf_k"": 10, ""hsf_na"": 12, ""hsf_nb"": 12, ""hsf_l"": 33.0671, ""sup"": 24, ""chi_bits0"": 12, ""mps_l0"": 43.7156, ""hsf_keff"": 9, ""hsf_l0"": 34.0671, ""sparse_l"": 31.6073, ""sv_l"": 31.6073, ""feat_secs"": 0.010882, ""feat_secs_frame"": 0.000222, ""feat_secs_hsf"": 0.010598}"
ct,"ct:n=24,L=4,t=24,nn=0",1,"{""n"": 24.0, ""L"": 4.0, ""t"": 24.0, ""nn"": 0.0}",hsf,ok,2.360051,2.3652,284999680,-6.789253225327241e-16,1024,-1.312444825196783e-15,6.335195026640588e-16,,"{""n"": 24, ""gates"": 195, ""g2"": 48, ""g3"": 0, ""depth2"": 4, ""t_count"": 24, ""rotations"": 24, ""d"": 13, ""dense_l"": 15.3344, ""redundant"": 11, ""obs_zero"": false, ""frame_l"": 10.085, ""chi_bits"": 12, ""mps_l"": 43.7156, ""hsf_k"": 10, ""hsf_na"": 12, ""hsf_nb"": 12, ""hsf_l"": 33.0671, ""sup"": 24, ""chi_bits0"": 12, ""mps_l0"": 43.7156, ""hsf_keff"": 9, ""hsf_l0"": 34.0671, ""sparse_l"": 31.6073, ""sv_l"": 31.6073, ""feat_secs"": 0.010882, ""feat_secs_frame"": 0.000222, ""feat_secs_hsf"": 0.010598}"
ct,"ct:n=24,L=4,t=24,nn=0",1,"{""n"": 24.0, ""L"": 4.0, ""t"": 24.0, ""nn"": 0.0}",tableau,na,,0.0045,1884160,,,-1.312444825196783e-15,,"TooLarge { what: ""tableau (non-Clifford circuit)"", bytes: 0, limit: 0 }","{""n"": 24, ""gates"": 195, ""g2"": 48, ""g3"": 0, ""depth2"": 4, ""t_count"": 24, ""rotations"": 24, ""d"": 13, ""dense_l"": 15.3344, ""redundant"": 11, ""obs_zero"": false, ""frame_l"": 10.085, ""chi_bits"": 12, ""mps_l"": 43.7156, ""hsf_k"": 10, ""hsf_na"": 12, ""hsf_nb"": 12, ""hsf_l"": 33.0671, ""sup"": 24, ""chi_bits0"": 12, ""mps_l0"": 43.7156, ""hsf_keff"": 9, ""hsf_l0"": 34.0671, ""sparse_l"": 31.6073, ""sv_l"": 31.6073, ""feat_secs"": 0.010882, ""feat_secs_frame"": 0.000222, ""feat_secs_hsf"": 0.010598}"
ct,"ct:n=24,L=4,t=24,nn=0",1,"{""n"": 24.0, ""L"": 4.0, ""t"": 24.0, ""nn"": 0.0}",cstate,ok,0.000201,0.0065,2162688,5.460014082670623e-18,13,-1.312444825196783e-15,1.3179048392794536e-15,,"{""n"": 24, ""gates"": 195, ""g2"": 48, ""g3"": 0, ""depth2"": 4, ""t_count"": 24, ""rotations"": 24, ""d"": 13, ""dense_l"": 15.3344, ""redundant"": 11, ""obs_zero"": false, ""frame_l"": 10.085, ""chi_bits"": 12, ""mps_l"": 43.7156, ""hsf_k"": 10, ""hsf_na"": 12, ""hsf_nb"": 12, ""hsf_l"": 33.0671, ""sup"": 24, ""chi_bits0"": 12, ""mps_l0"": 43.7156, ""hsf_keff"": 9, ""hsf_l0"": 34.0671, ""sparse_l"": 31.6073, ""sv_l"": 31.6073, ""feat_secs"": 0.010882, ""feat_secs_frame"": 0.000222, ""feat_secs_hsf"": 0.010598}"
ct,"ct:n=24,L=4,t=24,nn=0",1,"{""n"": 24.0, ""L"": 4.0, ""t"": 24.0, ""nn"": 0.0}",frame,ok,0.000282,0.0043,2473984,-0.0,1,-1.312444825196783e-15,1.312444825196783e-15,switched_at=None dense_qubits=0 peak_terms=1 term_visits=5 dense_ops=0,"{""n"": 24, ""gates"": 195, ""g2"": 48, ""g3"": 0, ""depth2"": 4, ""t_count"": 24, ""rotations"": 24, ""d"": 13, ""dense_l"": 15.3344, ""redundant"": 11, ""obs_zero"": false, ""frame_l"": 10.085, ""chi_bits"": 12, ""mps_l"": 43.7156, ""hsf_k"": 10, ""hsf_na"": 12, ""hsf_nb"": 12, ""hsf_l"": 33.0671, ""sup"": 24, ""chi_bits0"": 12, ""mps_l0"": 43.7156, ""hsf_keff"": 9, ""hsf_l0"": 34.0671, ""sparse_l"": 31.6073, ""sv_l"": 31.6073, ""feat_secs"": 0.010882, ""feat_secs_frame"": 0.000222, ""feat_secs_hsf"": 0.010598}"
ct,"ct:n=24,L=4,t=24,nn=0",1,"{""n"": 24.0, ""L"": 4.0, ""t"": 24.0, ""nn"": 0.0}",dense,ok,0.000192,0.0043,2359296,-3.357185307940367e-18,13,-1.312444825196783e-15,1.3090876398888426e-15,switched_at=Some(20) dense_qubits=13 peak_terms=1 term_visits=0 dense_ops=37156,"{""n"": 24, ""gates"": 195, ""g2"": 48, ""g3"": 0, ""depth2"": 4, ""t_count"": 24, ""rotations"": 24, ""d"": 13, ""dense_l"": 15.3344, ""redundant"": 11, ""obs_zero"": false, ""frame_l"": 10.085, ""chi_bits"": 12, ""mps_l"": 43.7156, ""hsf_k"": 10, ""hsf_na"": 12, ""hsf_nb"": 12, ""hsf_l"": 33.0671, ""sup"": 24, ""chi_bits0"": 12, ""mps_l0"": 43.7156, ""hsf_keff"": 9, ""hsf_l0"": 34.0671, ""sparse_l"": 31.6073, ""sv_l"": 31.6073, ""feat_secs"": 0.010882, ""feat_secs_frame"": 0.000222, ""feat_secs_hsf"": 0.010598}"
ct,"ct:n=24,L=4,t=24,nn=0",1,"{""n"": 24.0, ""L"": 4.0, ""t"": 24.0, ""nn"": 0.0}",auto,ok,0.000312,0.0064,2490368,-0.0,0,-1.312444825196783e-15,1.312444825196783e-15,switched_at=None dense_qubits=0 peak_terms=1 term_visits=5 dense_ops=0,"{""n"": 24, ""gates"": 195, ""g2"": 48, ""g3"": 0, ""depth2"": 4, ""t_count"": 24, ""rotations"": 24, ""d"": 13, ""dense_l"": 15.3344, ""redundant"": 11, ""obs_zero"": false, ""frame_l"": 10.085, ""chi_bits"": 12, ""mps_l"": 43.7156, ""hsf_k"": 10, ""hsf_na"": 12, ""hsf_nb"": 12, ""hsf_l"": 33.0671, ""sup"": 24, ""chi_bits0"": 12, ""mps_l0"": 43.7156, ""hsf_keff"": 9, ""hsf_l0"": 34.0671, ""sparse_l"": 31.6073, ""sv_l"": 31.6073, ""feat_secs"": 0.010882, ""feat_secs_frame"": 0.000222, ""feat_secs_hsf"": 0.010598}"
ct,"ct:n=24,L=4,t=32,nn=0",1,"{""n"": 24.0, ""L"": 4.0, ""t"": 32.0, ""nn"": 0.0}",sv,ok,1.211652,1.2180,272384000,2.631339614381006e-16,16777216,2.631339614381006e-16,0.0,,"{""n"": 24, ""gates"": 205, ""g2"": 48, ""g3"": 0, ""depth2"": 4, ""t_count"": 32, ""rotations"": 32, ""d"": 17, ""dense_l"": 18.5276, ""redundant"": 15, ""obs_zero"": false, ""frame_l"": 12.5, ""chi_bits"": 12, ""mps_l"": 44.1896, ""hsf_k"": 10, ""hsf_na"": 12, ""hsf_nb"": 12, ""hsf_l"": 32.0705, ""sup"": 24, ""chi_bits0"": 12, ""mps_l0"": 44.1896, ""hsf_keff"": 8, ""hsf_l0"": 34.0705, ""sparse_l"": 31.6795, ""sv_l"": 31.6795, ""feat_secs"": 0.009165, ""feat_secs_frame"": 0.000248, ""feat_secs_hsf"": 0.00885}"
ct,"ct:n=24,L=4,t=32,nn=0",1,"{""n"": 24.0, ""L"": 4.0, ""t"": 32.0, ""nn"": 0.0}",sparse,skipped,,,,,,2.631339614381006e-16,,,"{""n"": 24, ""gates"": 205, ""g2"": 48, ""g3"": 0, ""depth2"": 4, ""t_count"": 32, ""rotations"": 32, ""d"": 17, ""dense_l"": 18.5276, ""redundant"": 15, ""obs_zero"": false, ""frame_l"": 12.5, ""chi_bits"": 12, ""mps_l"": 44.1896, ""hsf_k"": 10, ""hsf_na"": 12, ""hsf_nb"": 12, ""hsf_l"": 32.0705, ""sup"": 24, ""chi_bits0"": 12, ""mps_l0"": 44.1896, ""hsf_keff"": 8, ""hsf_l0"": 34.0705, ""sparse_l"": 31.6795, ""sv_l"": 31.6795, ""feat_secs"": 0.009165, ""feat_secs_frame"": 0.000248, ""feat_secs_hsf"": 0.00885}"
ct,"ct:n=24,L=4,t=32,nn=0",1,"{""n"": 24.0, ""L"": 4.0, ""t"": 32.0, ""nn"": 0.0}",mps,skipped,,,,,,2.631339614381006e-16,,,"{""n"": 24, ""gates"": 205, ""g2"": 48, ""g3"": 0, ""depth2"": 4, ""t_count"": 32, ""rotations"": 32, ""d"": 17, ""dense_l"": 18.5276, ""redundant"": 15, ""obs_zero"": false, ""frame_l"": 12.5, ""chi_bits"": 12, ""mps_l"": 44.1896, ""hsf_k"": 10, ""hsf_na"": 12, ""hsf_nb"": 12, ""hsf_l"": 32.0705, ""sup"": 24, ""chi_bits0"": 12, ""mps_l0"": 44.1896, ""hsf_keff"": 8, ""hsf_l0"": 34.0705, ""sparse_l"": 31.6795, ""sv_l"": 31.6795, ""feat_secs"": 0.009165, ""feat_secs_frame"": 0.000248, ""feat_secs_hsf"": 0.00885}"
ct,"ct:n=24,L=4,t=32,nn=0",1,"{""n"": 24.0, ""L"": 4.0, ""t"": 32.0, ""nn"": 0.0}",hsf,ok,1.274101,1.2802,285016064,8.21710897296133e-17,1024,2.631339614381006e-16,1.809628717084873e-16,,"{""n"": 24, ""gates"": 205, ""g2"": 48, ""g3"": 0, ""depth2"": 4, ""t_count"": 32, ""rotations"": 32, ""d"": 17, ""dense_l"": 18.5276, ""redundant"": 15, ""obs_zero"": false, ""frame_l"": 12.5, ""chi_bits"": 12, ""mps_l"": 44.1896, ""hsf_k"": 10, ""hsf_na"": 12, ""hsf_nb"": 12, ""hsf_l"": 32.0705, ""sup"": 24, ""chi_bits0"": 12, ""mps_l0"": 44.1896, ""hsf_keff"": 8, ""hsf_l0"": 34.0705, ""sparse_l"": 31.6795, ""sv_l"": 31.6795, ""feat_secs"": 0.009165, ""feat_secs_frame"": 0.000248, ""feat_secs_hsf"": 0.00885}"
ct,"ct:n=24,L=4,t=32,nn=0",1,"{""n"": 24.0, ""L"": 4.0, ""t"": 32.0, ""nn"": 0.0}",tableau,na,,0.0046,1884160,,,2.631339614381006e-16,,"TooLarge { what: ""tableau (non-Clifford circuit)"", bytes: 0, limit: 0 }","{""n"": 24, ""gates"": 205, ""g2"": 48, ""g3"": 0, ""depth2"": 4, ""t_count"": 32, ""rotations"": 32, ""d"": 17, ""dense_l"": 18.5276, ""redundant"": 15, ""obs_zero"": false, ""frame_l"": 12.5, ""chi_bits"": 12, ""mps_l"": 44.1896, ""hsf_k"": 10, ""hsf_na"": 12, ""hsf_nb"": 12, ""hsf_l"": 32.0705, ""sup"": 24, ""chi_bits0"": 12, ""mps_l0"": 44.1896, ""hsf_keff"": 8, ""hsf_l0"": 34.0705, ""sparse_l"": 31.6795, ""sv_l"": 31.6795, ""feat_secs"": 0.009165, ""feat_secs_frame"": 0.000248, ""feat_secs_hsf"": 0.00885}"
ct,"ct:n=24,L=4,t=32,nn=0",1,"{""n"": 24.0, ""L"": 4.0, ""t"": 32.0, ""nn"": 0.0}",cstate,ok,0.001287,0.0074,4587520,-1.496397285501287e-17,17,2.631339614381006e-16,2.780979342931135e-16,,"{""n"": 24, ""gates"": 205, ""g2"": 48, ""g3"": 0, ""depth2"": 4, ""t_count"": 32, ""rotations"": 32, ""d"": 17, ""dense_l"": 18.5276, ""redundant"": 15, ""obs_zero"": false, ""frame_l"": 12.5, ""chi_bits"": 12, ""mps_l"": 44.1896, ""hsf_k"": 10, ""hsf_na"": 12, ""hsf_nb"": 12, ""hsf_l"": 32.0705, ""sup"": 24, ""chi_bits0"": 12, ""mps_l0"": 44.1896, ""hsf_keff"": 8, ""hsf_l0"": 34.0705, ""sparse_l"": 31.6795, ""sv_l"": 31.6795, ""feat_secs"": 0.009165, ""feat_secs_frame"": 0.000248, ""feat_secs_hsf"": 0.00885}"
ct,"ct:n=24,L=4,t=32,nn=0",1,"{""n"": 24.0, ""L"": 4.0, ""t"": 32.0, ""nn"": 0.0}",frame,ok,0.000447,0.0044,2523136,-0.0,1,2.631339614381006e-16,2.631339614381006e-16,switched_at=None dense_qubits=0 peak_terms=1 term_visits=20 dense_ops=0,"{""n"": 24, ""gates"": 205, ""g2"": 48, ""g3"": 0, ""depth2"": 4, ""t_count"": 32, ""rotations"": 32, ""d"": 17, ""dense_l"": 18.5276, ""redundant"": 15, ""obs_zero"": false, ""frame_l"": 12.5, ""chi_bits"": 12, ""mps_l"": 44.1896, ""hsf_k"": 10, ""hsf_na"": 12, ""hsf_nb"": 12, ""hsf_l"": 32.0705, ""sup"": 24, ""chi_bits0"": 12, ""mps_l0"": 44.1896, ""hsf_keff"": 8, ""hsf_l0"": 34.0705, ""sparse_l"": 31.6795, ""sv_l"": 31.6795, ""feat_secs"": 0.009165, ""feat_secs_frame"": 0.000248, ""feat_secs_hsf"": 0.00885}"
ct,"ct:n=24,L=4,t=32,nn=0",1,"{""n"": 24.0, ""L"": 4.0, ""t"": 32.0, ""nn"": 0.0}",dense,ok,0.0013,0.0068,4734976,-1.003453512592652e-17,17,2.631339614381006e-16,2.731684965640271e-16,switched_at=Some(30) dense_qubits=17 peak_terms=1 term_visits=0 dense_ops=476182,"{""n"": 24, ""gates"": 205, ""g2"": 48, ""g3"": 0, ""depth2"": 4, ""t_count"": 32, ""rotations"": 32, ""d"": 17, ""dense_l"": 18.5276, ""redundant"": 15, ""obs_zero"": false, ""frame_l"": 12.5, ""chi_bits"": 12, ""mps_l"": 44.1896, ""hsf_k"": 10, ""hsf_na"": 12, ""hsf_nb"": 12, ""hsf_l"": 32.0705, ""sup"": 24, ""chi_bits0"": 12, ""mps_l0"": 44.1896, ""hsf_keff"": 8, ""hsf_l0"": 34.0705, ""sparse_l"": 31.6795, ""sv_l"": 31.6795, ""feat_secs"": 0.009165, ""feat_secs_frame"": 0.000248, ""feat_secs_hsf"": 0.00885}"
ct,"ct:n=24,L=4,t=32,nn=0",1,"{""n"": 24.0, ""L"": 4.0, ""t"": 32.0, ""nn"": 0.0}",auto,ok,0.00098,0.0072,2523136,-0.0,0,2.631339614381006e-16,2.631339614381006e-16,switched_at=None dense_qubits=0 peak_terms=1 term_visits=20 dense_ops=0,"{""n"": 24, ""gates"": 205, ""g2"": 48, ""g3"": 0, ""depth2"": 4, ""t_count"": 32, ""rotations"": 32, ""d"": 17, ""dense_l"": 18.5276, ""redundant"": 15, ""obs_zero"": false, ""frame_l"": 12.5, ""chi_bits"": 12, ""mps_l"": 44.1896, ""hsf_k"": 10, ""hsf_na"": 12, ""hsf_nb"": 12, ""hsf_l"": 32.0705, ""sup"": 24, ""chi_bits0"": 12, ""mps_l0"": 44.1896, ""hsf_keff"": 8, ""hsf_l0"": 34.0705, ""sparse_l"": 31.6795, ""sv_l"": 31.6795, ""feat_secs"": 0.009165, ""feat_secs_frame"": 0.000248, ""feat_secs_hsf"": 0.00885}"
ct,"ct:n=24,L=8,t=0,nn=0",1,"{""n"": 24.0, ""L"": 8.0, ""t"": 0.0, ""nn"": 0.0}",sv,ok,1.811477,1.8158,272531456,1.368487605407729e-20,16777216,1.368487605407729e-20,0.0,,"{""n"": 24, ""gates"": 286, ""g2"": 96, ""g3"": 0, ""depth2"": 8, ""t_count"": 0, ""rotations"": 0, ""d"": 0, ""dense_l"": 0.0, ""redundant"": 0, ""obs_zero"": true, ""frame_l"": 8.1599, ""chi_bits"": 12, ""mps_l"": 45.462, ""hsf_k"": 22, ""hsf_na"": 9, ""hsf_nb"": 15, ""hsf_l"": 46.6402, ""sup"": 24, ""chi_bits0"": 12, ""mps_l0"": 45.462, ""hsf_keff"": 22, ""hsf_l0"": 46.6402, ""sparse_l"": 32.1599, ""sv_l"": 32.1599, ""feat_secs"": 0.03075, ""feat_secs_frame"": 0.000347, ""feat_secs_hsf"": 0.030309}"
ct,"ct:n=24,L=8,t=0,nn=0",1,"{""n"": 24.0, ""L"": 8.0, ""t"": 0.0, ""nn"": 0.0}",sparse,timeout,,10.0083,2522546176,,,1.368487605407729e-20,,timeout,"{""n"": 24, ""gates"": 286, ""g2"": 96, ""g3"": 0, ""depth2"": 8, ""t_count"": 0, ""rotations"": 0, ""d"": 0, ""dense_l"": 0.0, ""redundant"": 0, ""obs_zero"": true, ""frame_l"": 8.1599, ""chi_bits"": 12, ""mps_l"": 45.462, ""hsf_k"": 22, ""hsf_na"": 9, ""hsf_nb"": 15, ""hsf_l"": 46.6402, ""sup"": 24, ""chi_bits0"": 12, ""mps_l0"": 45.462, ""hsf_keff"": 22, ""hsf_l0"": 46.6402, ""sparse_l"": 32.1599, ""sv_l"": 32.1599, ""feat_secs"": 0.03075, ""feat_secs_frame"": 0.000347, ""feat_secs_hsf"": 0.030309}"
ct,"ct:n=24,L=8,t=0,nn=0",1,"{""n"": 24.0, ""L"": 8.0, ""t"": 0.0, ""nn"": 0.0}",mps,skipped,,,,,,1.368487605407729e-20,,,"{""n"": 24, ""gates"": 286, ""g2"": 96, ""g3"": 0, ""depth2"": 8, ""t_count"": 0, ""rotations"": 0, ""d"": 0, ""dense_l"": 0.0, ""redundant"": 0, ""obs_zero"": true, ""frame_l"": 8.1599, ""chi_bits"": 12, ""mps_l"": 45.462, ""hsf_k"": 22, ""hsf_na"": 9, ""hsf_nb"": 15, ""hsf_l"": 46.6402, ""sup"": 24, ""chi_bits0"": 12, ""mps_l0"": 45.462, ""hsf_keff"": 22, ""hsf_l0"": 46.6402, ""sparse_l"": 32.1599, ""sv_l"": 32.1599, ""feat_secs"": 0.03075, ""feat_secs_frame"": 0.000347, ""feat_secs_hsf"": 0.030309}"
ct,"ct:n=24,L=8,t=0,nn=0",1,"{""n"": 24.0, ""L"": 8.0, ""t"": 0.0, ""nn"": 0.0}",hsf,skipped,,,,,,1.368487605407729e-20,,,"{""n"": 24, ""gates"": 286, ""g2"": 96, ""g3"": 0, ""depth2"": 8, ""t_count"": 0, ""rotations"": 0, ""d"": 0, ""dense_l"": 0.0, ""redundant"": 0, ""obs_zero"": true, ""frame_l"": 8.1599, ""chi_bits"": 12, ""mps_l"": 45.462, ""hsf_k"": 22, ""hsf_na"": 9, ""hsf_nb"": 15, ""hsf_l"": 46.6402, ""sup"": 24, ""chi_bits0"": 12, ""mps_l0"": 45.462, ""hsf_keff"": 22, ""hsf_l0"": 46.6402, ""sparse_l"": 32.1599, ""sv_l"": 32.1599, ""feat_secs"": 0.03075, ""feat_secs_frame"": 0.000347, ""feat_secs_hsf"": 0.030309}"
ct,"ct:n=24,L=8,t=0,nn=0",1,"{""n"": 24.0, ""L"": 8.0, ""t"": 0.0, ""nn"": 0.0}",tableau,ok,5.3e-05,0.0040,2113536,-0.0,0,1.368487605407729e-20,1.368487605407729e-20,value recomputed after the C-vs-C† fix (timing from the original run),"{""n"": 24, ""gates"": 286, ""g2"": 96, ""g3"": 0, ""depth2"": 8, ""t_count"": 0, ""rotations"": 0, ""d"": 0, ""dense_l"": 0.0, ""redundant"": 0, ""obs_zero"": true, ""frame_l"": 8.1599, ""chi_bits"": 12, ""mps_l"": 45.462, ""hsf_k"": 22, ""hsf_na"": 9, ""hsf_nb"": 15, ""hsf_l"": 46.6402, ""sup"": 24, ""chi_bits0"": 12, ""mps_l0"": 45.462, ""hsf_keff"": 22, ""hsf_l0"": 46.6402, ""sparse_l"": 32.1599, ""sv_l"": 32.1599, ""feat_secs"": 0.03075, ""feat_secs_frame"": 0.000347, ""feat_secs_hsf"": 0.030309}"
ct,"ct:n=24,L=8,t=0,nn=0",1,"{""n"": 24.0, ""L"": 8.0, ""t"": 0.0, ""nn"": 0.0}",cstate,ok,0.000166,0.0041,2064384,0.0,0,1.368487605407729e-20,1.368487605407729e-20,,"{""n"": 24, ""gates"": 286, ""g2"": 96, ""g3"": 0, ""depth2"": 8, ""t_count"": 0, ""rotations"": 0, ""d"": 0, ""dense_l"": 0.0, ""redundant"": 0, ""obs_zero"": true, ""frame_l"": 8.1599, ""chi_bits"": 12, ""mps_l"": 45.462, ""hsf_k"": 22, ""hsf_na"": 9, ""hsf_nb"": 15, ""hsf_l"": 46.6402, ""sup"": 24, ""chi_bits0"": 12, ""mps_l0"": 45.462, ""hsf_keff"": 22, ""hsf_l0"": 46.6402, ""sparse_l"": 32.1599, ""sv_l"": 32.1599, ""feat_secs"": 0.03075, ""feat_secs_frame"": 0.000347, ""feat_secs_hsf"": 0.030309}"
ct,"ct:n=24,L=8,t=0,nn=0",1,"{""n"": 24.0, ""L"": 8.0, ""t"": 0.0, ""nn"": 0.0}",frame,ok,0.000205,0.0045,2195456,-0.0,0,1.368487605407729e-20,1.368487605407729e-20,switched_at=None dense_qubits=0 peak_terms=0 term_visits=0 dense_ops=0,"{""n"": 24, ""gates"": 286, ""g2"": 96, ""g3"": 0, ""depth2"": 8, ""t_count"": 0, ""rotations"": 0, ""d"": 0, ""dense_l"": 0.0, ""redundant"": 0, ""obs_zero"": true, ""frame_l"": 8.1599, ""chi_bits"": 12, ""mps_l"": 45.462, ""hsf_k"": 22, ""hsf_na"": 9, ""hsf_nb"": 15, ""hsf_l"": 46.6402, ""sup"": 24, ""chi_bits0"": 12, ""mps_l0"": 45.462, ""hsf_keff"": 22, ""hsf_l0"": 46.6402, ""sparse_l"": 32.1599, ""sv_l"": 32.1599, ""feat_secs"": 0.03075, ""feat_secs_frame"": 0.000347, ""feat_secs_hsf"": 0.030309}"
ct,"ct:n=24,L=8,t=0,nn=0",1,"{""n"": 24.0, ""L"": 8.0, ""t"": 0.0, ""nn"": 0.0}",dense,ok,0.00017,0.0044,2211840,-0.0,0,1.368487605407729e-20,1.368487605407729e-20,switched_at=None dense_qubits=0 peak_terms=0 term_visits=0 dense_ops=0,"{""n"": 24, ""gates"": 286, ""g2"": 96, ""g3"": 0, ""depth2"": 8, ""t_count"": 0, ""rotations"": 0, ""d"": 0, ""dense_l"": 0.0, ""redundant"": 0, ""obs_zero"": true, ""frame_l"": 8.1599, ""chi_bits"": 12, ""mps_l"": 45.462, ""hsf_k"": 22, ""hsf_na"": 9, ""hsf_nb"": 15, ""hsf_l"": 46.6402, ""sup"": 24, ""chi_bits0"": 12, ""mps_l0"": 45.462, ""hsf_keff"": 22, ""hsf_l0"": 46.6402, ""sparse_l"": 32.1599, ""sv_l"": 32.1599, ""feat_secs"": 0.03075, ""feat_secs_frame"": 0.000347, ""feat_secs_hsf"": 0.030309}"
ct,"ct:n=24,L=8,t=0,nn=0",1,"{""n"": 24.0, ""L"": 8.0, ""t"": 0.0, ""nn"": 0.0}",auto,ok,0.000171,0.0045,2211840,-0.0,0,1.368487605407729e-20,1.368487605407729e-20,switched_at=None dense_qubits=0 peak_terms=0 term_visits=0 dense_ops=0,"{""n"": 24, ""gates"": 286, ""g2"": 96, ""g3"": 0, ""depth2"": 8, ""t_count"": 0, ""rotations"": 0, ""d"": 0, ""dense_l"": 0.0, ""redundant"": 0, ""obs_zero"": true, ""frame_l"": 8.1599, ""chi_bits"": 12, ""mps_l"": 45.462, ""hsf_k"": 22, ""hsf_na"": 9, ""hsf_nb"": 15, ""hsf_l"": 46.6402, ""sup"": 24, ""chi_bits0"": 12, ""mps_l0"": 45.462, ""hsf_keff"": 22, ""hsf_l0"": 46.6402, ""sparse_l"": 32.1599, ""sv_l"": 32.1599, ""feat_secs"": 0.03075, ""feat_secs_frame"": 0.000347, ""feat_secs_hsf"": 0.030309}"
ct,"ct:n=24,L=8,t=4,nn=0",1,"{""n"": 24.0, ""L"": 8.0, ""t"": 4.0, ""nn"": 0.0}",sv,ok,1.791832,1.7967,272564224,-5.595711407798722e-20,16777216,-5.595711407798722e-20,0.0,,"{""n"": 24, ""gates"": 292, ""g2"": 96, ""g3"": 0, ""depth2"": 8, ""t_count"": 4, ""rotations"": 4, ""d"": 4, ""dense_l"": 4.9069, ""redundant"": 0, ""obs_zero"": true, ""frame_l"": 8.1898, ""chi_bits"": 12, ""mps_l"": 45.5052, ""hsf_k"": 26, ""hsf_na"": 11, ""hsf_nb"": 13, ""hsf_l"": 48.1923, ""sup"": 24, ""chi_bits0"": 12, ""mps_l0"": 45.5052, ""hsf_keff"": 24, ""hsf_l0"": 50.1923, ""sparse_l"": 32.1898, ""sv_l"": 32.1898, ""feat_secs"": 0.02101, ""feat_secs_frame"": 0.000355, ""feat_secs_hsf"": 0.020554}"
ct,"ct:n=24,L=8,t=4,nn=0",1,"{""n"": 24.0, ""L"": 8.0, ""t"": 4.0, ""nn"": 0.0}",sparse,timeout,,10.0179,1683243008,,,-5.595711407798722e-20,,timeout,"{""n"": 24, ""gates"": 292, ""g2"": 96, ""g3"": 0, ""depth2"": 8, ""t_count"": 4, ""rotations"": 4, ""d"": 4, ""dense_l"": 4.9069, ""redundant"": 0, ""obs_zero"": true, ""frame_l"": 8.1898, ""chi_bits"": 12, ""mps_l"": 45.5052, ""hsf_k"": 26, ""hsf_na"": 11, ""hsf_nb"": 13, ""hsf_l"": 48.1923, ""sup"": 24, ""chi_bits0"": 12, ""mps_l0"": 45.5052, ""hsf_keff"": 24, ""hsf_l0"": 50.1923, ""sparse_l"": 32.1898, ""sv_l"": 32.1898, ""feat_secs"": 0.02101, ""feat_secs_frame"": 0.000355, ""feat_secs_hsf"": 0.020554}"
ct,"ct:n=24,L=8,t=4,nn=0",1,"{""n"": 24.0, ""L"": 8.0, ""t"": 4.0, ""nn"": 0.0}",mps,skipped,,,,,,-5.595711407798722e-20,,,"{""n"": 24, ""gates"": 292, ""g2"": 96, ""g3"": 0, ""depth2"": 8, ""t_count"": 4, ""rotations"": 4, ""d"": 4, ""dense_l"": 4.9069, ""redundant"": 0, ""obs_zero"": true, ""frame_l"": 8.1898, ""chi_bits"": 12, ""mps_l"": 45.5052, ""hsf_k"": 26, ""hsf_na"": 11, ""hsf_nb"": 13, ""hsf_l"": 48.1923, ""sup"": 24, ""chi_bits0"": 12, ""mps_l0"": 45.5052, ""hsf_keff"": 24, ""hsf_l0"": 50.1923, ""sparse_l"": 32.1898, ""sv_l"": 32.1898, ""feat_secs"": 0.02101, ""feat_secs_frame"": 0.000355, ""feat_secs_hsf"": 0.020554}"
ct,"ct:n=24,L=8,t=4,nn=0",1,"{""n"": 24.0, ""L"": 8.0, ""t"": 4.0, ""nn"": 0.0}",hsf,timeout,,10.0051,294354944,,,-5.595711407798722e-20,,timeout,"{""n"": 24, ""gates"": 292, ""g2"": 96, ""g3"": 0, ""depth2"": 8, ""t_count"": 4, ""rotations"": 4, ""d"": 4, ""dense_l"": 4.9069, ""redundant"": 0, ""obs_zero"": true, ""frame_l"": 8.1898, ""chi_bits"": 12, ""mps_l"": 45.5052, ""hsf_k"": 26, ""hsf_na"": 11, ""hsf_nb"": 13, ""hsf_l"": 48.1923, ""sup"": 24, ""chi_bits0"": 12, ""mps_l0"": 45.5052, ""hsf_keff"": 24, ""hsf_l0"": 50.1923, ""sparse_l"": 32.1898, ""sv_l"": 32.1898, ""feat_secs"": 0.02101, ""feat_secs_frame"": 0.000355, ""feat_secs_hsf"": 0.020554}"
ct,"ct:n=24,L=8,t=4,nn=0",1,"{""n"": 24.0, ""L"": 8.0, ""t"": 4.0, ""nn"": 0.0}",tableau,na,,0.0047,1916928,,,-5.595711407798722e-20,,"TooLarge { what: ""tableau (non-Clifford circuit)"", bytes: 0, limit: 0 }","{""n"": 24, ""gates"": 292, ""g2"": 96, ""g3"": 0, ""depth2"": 8, ""t_count"": 4, ""rotations"": 4, ""d"": 4, ""dense_l"": 4.9069, ""redundant"": 0, ""obs_zero"": true, ""frame_l"": 8.1898, ""chi_bits"": 12, ""mps_l"": 45.5052, ""hsf_k"": 26, ""hsf_na"": 11, ""hsf_nb"": 13, ""hsf_l"": 48.1923, ""sup"": 24, ""chi_bits0"": 12, ""mps_l0"": 45.5052, ""hsf_keff"": 24, ""hsf_l0"": 50.1923, ""sparse_l"": 32.1898, ""sv_l"": 32.1898, ""feat_secs"": 0.02101, ""feat_secs_frame"": 0.000355, ""feat_secs_hsf"": 0.020554}"
ct,"ct:n=24,L=8,t=4,nn=0",1,"{""n"": 24.0, ""L"": 8.0, ""t"": 4.0, ""nn"": 0.0}",cstate,ok,0.000173,0.0050,2064384,0.0,4,-5.595711407798722e-20,5.595711407798722e-20,,"{""n"": 24, ""gates"": 292, ""g2"": 96, ""g3"": 0, ""depth2"": 8, ""t_count"": 4, ""rotations"": 4, ""d"": 4, ""dense_l"": 4.9069, ""redundant"": 0, ""obs_zero"": true, ""frame_l"": 8.1898, ""chi_bits"": 12, ""mps_l"": 45.5052, ""hsf_k"": 26, ""hsf_na"": 11, ""hsf_nb"": 13, ""hsf_l"": 48.1923, ""sup"": 24, ""chi_bits0"": 12, ""mps_l0"": 45.5052, ""hsf_keff"": 24, ""hsf_l0"": 50.1923, ""sparse_l"": 32.1898, ""sv_l"": 32.1898, ""feat_secs"": 0.02101, ""feat_secs_frame"": 0.000355, ""feat_secs_hsf"": 0.020554}"
ct,"ct:n=24,L=8,t=4,nn=0",1,"{""n"": 24.0, ""L"": 8.0, ""t"": 4.0, ""nn"": 0.0}",frame,ok,0.000295,0.0044,2490368,-0.0,0,-5.595711407798722e-20,5.595711407798722e-20,switched_at=None dense_qubits=0 peak_terms=0 term_visits=0 dense_ops=0,"{""n"": 24, ""gates"": 292, ""g2"": 96, ""g3"": 0, ""depth2"": 8, ""t_count"": 4, ""rotations"": 4, ""d"": 4, ""dense_l"": 4.9069, ""redundant"": 0, ""obs_zero"": true, ""frame_l"": 8.1898, ""chi_bits"": 12, ""mps_l"": 45.5052, ""hsf_k"": 26, ""hsf_na"": 11, ""hsf_nb"": 13, ""hsf_l"": 48.1923, ""sup"": 24, ""chi_bits0"": 12, ""mps_l0"": 45.5052, ""hsf_keff"": 24, ""hsf_l0"": 50.1923, ""sparse_l"": 32.1898, ""sv_l"": 32.1898, ""feat_secs"": 0.02101, ""feat_secs_frame"": 0.000355, ""feat_secs_hsf"": 0.020554}"
ct,"ct:n=24,L=8,t=4,nn=0",1,"{""n"": 24.0, ""L"": 8.0, ""t"": 4.0, ""nn"": 0.0}",dense,ok,0.000184,0.0044,2228224,0.0,4,-5.595711407798722e-20,5.595711407798722e-20,switched_at=Some(4) dense_qubits=4 peak_terms=0 term_visits=0 dense_ops=30,"{""n"": 24, ""gates"": 292, ""g2"": 96, ""g3"": 0, ""depth2"": 8, ""t_count"": 4, ""rotations"": 4, ""d"": 4, ""dense_l"": 4.9069, ""redundant"": 0, ""obs_zero"": true, ""frame_l"": 8.1898, ""chi_bits"": 12, ""mps_l"": 45.5052, ""hsf_k"": 26, ""hsf_na"": 11, ""hsf_nb"": 13, ""hsf_l"": 48.1923, ""sup"": 24, ""chi_bits0"": 12, ""mps_l0"": 45.5052, ""hsf_keff"": 24, ""hsf_l0"": 50.1923, ""sparse_l"": 32.1898, ""sv_l"": 32.1898, ""feat_secs"": 0.02101, ""feat_secs_frame"": 0.000355, ""feat_secs_hsf"": 0.020554}"
ct,"ct:n=24,L=8,t=4,nn=0",1,"{""n"": 24.0, ""L"": 8.0, ""t"": 4.0, ""nn"": 0.0}",auto,ok,0.000182,0.0039,2228224,0.0,4,-5.595711407798722e-20,5.595711407798722e-20,switched_at=Some(4) dense_qubits=4 peak_terms=0 term_visits=0 dense_ops=30,"{""n"": 24, ""gates"": 292, ""g2"": 96, ""g3"": 0, ""depth2"": 8, ""t_count"": 4, ""rotations"": 4, ""d"": 4, ""dense_l"": 4.9069, ""redundant"": 0, ""obs_zero"": true, ""frame_l"": 8.1898, ""chi_bits"": 12, ""mps_l"": 45.5052, ""hsf_k"": 26, ""hsf_na"": 11, ""hsf_nb"": 13, ""hsf_l"": 48.1923, ""sup"": 24, ""chi_bits0"": 12, ""mps_l0"": 45.5052, ""hsf_keff"": 24, ""hsf_l0"": 50.1923, ""sparse_l"": 32.1898, ""sv_l"": 32.1898, ""feat_secs"": 0.02101, ""feat_secs_frame"": 0.000355, ""feat_secs_hsf"": 0.020554}"
ct,"ct:n=24,L=8,t=8,nn=0",1,"{""n"": 24.0, ""L"": 8.0, ""t"": 8.0, ""nn"": 0.0}",sv,ok,1.880124,1.8847,272596992,5.992327967905647e-19,16777216,5.992327967905647e-19,0.0,,"{""n"": 24, ""gates"": 304, ""g2"": 96, ""g3"": 0, ""depth2"": 8, ""t_count"": 8, ""rotations"": 8, ""d"": 8, ""dense_l"": 8.9944, ""redundant"": 0, ""obs_zero"": true, ""frame_l"": 8.2479, ""chi_bits"": 12, ""mps_l"": 45.3795, ""hsf_k"": 26, ""hsf_na"": 12, ""hsf_nb"": 12, ""hsf_l"": 48.1033, ""sup"": 24, ""chi_bits0"": 12, ""mps_l0"": 45.3795, ""hsf_keff"": 24, ""hsf_l0"": 50.1033, ""sparse_l"": 32.2479, ""sv_l"": 32.2479, ""feat_secs"": 0.021073, ""feat_secs_frame"": 0.000365, ""feat_secs_hsf"": 0.020621}"
ct,"ct:n=24,L=8,t=8,nn=0",1,"{""n"": 24.0, ""L"": 8.0, ""t"": 8.0, ""nn"": 0.0}",sparse,skipped,,,,,,5.992327967905647e-19,,,"{""n"": 24, ""gates"": 304, ""g2"": 96, ""g3"": 0, ""depth2"": 8, ""t_count"": 8, ""rotations"": 8, ""d"": 8, ""dense_l"": 8.9944, ""redundant"": 0, ""obs_zero"": true, ""frame_l"": 8.2479, ""chi_bits"": 12, ""mps_l"": 45.3795, ""hsf_k"": 26, ""hsf_na"": 12, ""hsf_nb"": 12, ""hsf_l"": 48.1033, ""sup"": 24, ""chi_bits0"": 12, ""mps_l0"": 45.3795, ""hsf_keff"": 24, ""hsf_l0"": 50.1033, ""sparse_l"": 32.2479, ""sv_l"": 32.2479, ""feat_secs"": 0.021073, ""feat_secs_frame"": 0.000365, ""feat_secs_hsf"": 0.020621}"
ct,"ct:n=24,L=8,t=8,nn=0",1,"{""n"": 24.0, ""L"": 8.0, ""t"": 8.0, ""nn"": 0.0}",mps,skipped,,,,,,5.992327967905647e-19,,,"{""n"": 24, ""gates"": 304, ""g2"": 96, ""g3"": 0, ""depth2"": 8, ""t_count"": 8, ""rotations"": 8, ""d"": 8, ""dense_l"": 8.9944, ""redundant"": 0, ""obs_zero"": true, ""frame_l"": 8.2479, ""chi_bits"": 12, ""mps_l"": 45.3795, ""hsf_k"": 26, ""hsf_na"": 12, ""hsf_nb"": 12, ""hsf_l"": 48.1033, ""sup"": 24, ""chi_bits0"": 12, ""mps_l0"": 45.3795, ""hsf_keff"": 24, ""hsf_l0"": 50.1033, ""sparse_l"": 32.2479, ""sv_l"": 32.2479, ""feat_secs"": 0.021073, ""feat_secs_frame"": 0.000365, ""feat_secs_hsf"": 0.020621}"
ct,"ct:n=24,L=8,t=8,nn=0",1,"{""n"": 24.0, ""L"": 8.0, ""t"": 8.0, ""nn"": 0.0}",hsf,timeout,,10.0051,287211520,,,5.992327967905647e-19,,timeout,"{""n"": 24, ""gates"": 304, ""g2"": 96, ""g3"": 0, ""depth2"": 8, ""t_count"": 8, ""rotations"": 8, ""d"": 8, ""dense_l"": 8.9944, ""redundant"": 0, ""obs_zero"": true, ""frame_l"": 8.2479, ""chi_bits"": 12, ""mps_l"": 45.3795, ""hsf_k"": 26, ""hsf_na"": 12, ""hsf_nb"": 12, ""hsf_l"": 48.1033, ""sup"": 24, ""chi_bits0"": 12, ""mps_l0"": 45.3795, ""hsf_keff"": 24, ""hsf_l0"": 50.1033, ""sparse_l"": 32.2479, ""sv_l"": 32.2479, ""feat_secs"": 0.021073, ""feat_secs_frame"": 0.000365, ""feat_secs_hsf"": 0.020621}"
ct,"ct:n=24,L=8,t=8,nn=0",1,"{""n"": 24.0, ""L"": 8.0, ""t"": 8.0, ""nn"": 0.0}",tableau,na,,0.0045,1916928,,,5.992327967905647e-19,,"TooLarge { what: ""tableau (non-Clifford circuit)"", bytes: 0, limit: 0 }","{""n"": 24, ""gates"": 304, ""g2"": 96, ""g3"": 0, ""depth2"": 8, ""t_count"": 8, ""rotations"": 8, ""d"": 8, ""dense_l"": 8.9944, ""redundant"": 0, ""obs_zero"": true, ""frame_l"": 8.2479, ""chi_bits"": 12, ""mps_l"": 45.3795, ""hsf_k"": 26, ""hsf_na"": 12, ""hsf_nb"": 12, ""hsf_l"": 48.1033, ""sup"": 24, ""chi_bits0"": 12, ""mps_l0"": 45.3795, ""hsf_keff"": 24, ""hsf_l0"": 50.1033, ""sparse_l"": 32.2479, ""sv_l"": 32.2479, ""feat_secs"": 0.021073, ""feat_secs_frame"": 0.000365, ""feat_secs_hsf"": 0.020621}"
ct,"ct:n=24,L=8,t=8,nn=0",1,"{""n"": 24.0, ""L"": 8.0, ""t"": 8.0, ""nn"": 0.0}",cstate,ok,0.000179,0.0042,2064384,0.0,8,5.992327967905647e-19,5.992327967905647e-19,,"{""n"": 24, ""gates"": 304, ""g2"": 96, ""g3"": 0, ""depth2"": 8, ""t_count"": 8, ""rotations"": 8, ""d"": 8, ""dense_l"": 8.9944, ""redundant"": 0, ""obs_zero"": true, ""frame_l"": 8.2479, ""chi_bits"": 12, ""mps_l"": 45.3795, ""hsf_k"": 26, ""hsf_na"": 12, ""hsf_nb"": 12, ""hsf_l"": 48.1033, ""sup"": 24, ""chi_bits0"": 12, ""mps_l0"": 45.3795, ""hsf_keff"": 24, ""hsf_l0"": 50.1033, ""sparse_l"": 32.2479, ""sv_l"": 32.2479, ""feat_secs"": 0.021073, ""feat_secs_frame"": 0.000365, ""feat_secs_hsf"": 0.020621}"
ct,"ct:n=24,L=8,t=8,nn=0",1,"{""n"": 24.0, ""L"": 8.0, ""t"": 8.0, ""nn"": 0.0}",frame,ok,0.000348,0.0078,2506752,-0.0,0,5.992327967905647e-19,5.992327967905647e-19,switched_at=None dense_qubits=0 peak_terms=0 term_visits=0 dense_ops=0,"{""n"": 24, ""gates"": 304, ""g2"": 96, ""g3"": 0, ""depth2"": 8, ""t_count"": 8, ""rotations"": 8, ""d"": 8, ""dense_l"": 8.9944, ""redundant"": 0, ""obs_zero"": true, ""frame_l"": 8.2479, ""chi_bits"": 12, ""mps_l"": 45.3795, ""hsf_k"": 26, ""hsf_na"": 12, ""hsf_nb"": 12, ""hsf_l"": 48.1033, ""sup"": 24, ""chi_bits0"": 12, ""mps_l0"": 45.3795, ""hsf_keff"": 24, ""hsf_l0"": 50.1033, ""sparse_l"": 32.2479, ""sv_l"": 32.2479, ""feat_secs"": 0.021073, ""feat_secs_frame"": 0.000365, ""feat_secs_hsf"": 0.020621}"
ct,"ct:n=24,L=8,t=8,nn=0",1,"{""n"": 24.0, ""L"": 8.0, ""t"": 8.0, ""nn"": 0.0}",dense,ok,0.000196,0.0047,2260992,0.0,8,5.992327967905647e-19,5.992327967905647e-19,switched_at=Some(8) dense_qubits=8 peak_terms=0 term_visits=0 dense_ops=510,"{""n"": 24, ""gates"": 304, ""g2"": 96, ""g3"": 0, ""depth2"": 8, ""t_count"": 8, ""rotations"": 8, ""d"": 8, ""dense_l"": 8.9944, ""redundant"": 0, ""obs_zero"": true, ""frame_l"": 8.2479, ""chi_bits"": 12, ""mps_l"": 45.3795, ""hsf_k"": 26, ""hsf_na"": 12, ""hsf_nb"": 12, ""hsf_l"": 48.1033, ""sup"": 24, ""chi_bits0"": 12, ""mps_l0"": 45.3795, ""hsf_keff"": 24, ""hsf_l0"": 50.1033, ""sparse_l"": 32.2479, ""sv_l"": 32.2479, ""feat_secs"": 0.021073, ""feat_secs_frame"": 0.000365, ""feat_secs_hsf"": 0.020621}"
ct,"ct:n=24,L=8,t=8,nn=0",1,"{""n"": 24.0, ""L"": 8.0, ""t"": 8.0, ""nn"": 0.0}",auto,ok,0.000319,0.0046,2506752,-0.0,0,5.992327967905647e-19,5.992327967905647e-19,switched_at=None dense_qubits=0 peak_terms=0 term_visits=0 dense_ops=0,"{""n"": 24, ""gates"": 304, ""g2"": 96, ""g3"": 0, ""depth2"": 8, ""t_count"": 8, ""rotations"": 8, ""d"": 8, ""dense_l"": 8.9944, ""redundant"": 0, ""obs_zero"": true, ""frame_l"": 8.2479, ""chi_bits"": 12, ""mps_l"": 45.3795, ""hsf_k"": 26, ""hsf_na"": 12, ""hsf_nb"": 12, ""hsf_l"": 48.1033, ""sup"": 24, ""chi_bits0"": 12, ""mps_l0"": 45.3795, ""hsf_keff"": 24, ""hsf_l0"": 50.1033, ""sparse_l"": 32.2479, ""sv_l"": 32.2479, ""feat_secs"": 0.021073, ""feat_secs_frame"": 0.000365, ""feat_secs_hsf"": 0.020621}"
ct,"ct:n=24,L=8,t=16,nn=0",1,"{""n"": 24.0, ""L"": 8.0, ""t"": 16.0, ""nn"": 0.0}",sv,ok,2.041551,2.0477,272580608,3.495506449971485e-18,16777216,3.495506449971485e-18,0.0,,"{""n"": 24, ""gates"": 327, ""g2"": 96, ""g3"": 0, ""depth2"": 8, ""t_count"": 16, ""rotations"": 16, ""d"": 12, ""dense_l"": 13.003, ""redundant"": 4, ""obs_zero"": true, ""frame_l"": 8.3531, ""chi_bits"": 12, ""mps_l"": 45.7354, ""hsf_k"": 24, ""hsf_na"": 8, ""hsf_nb"": 16, ""hsf_l"": 46.1874, ""sup"": 24, ""chi_bits0"": 12, ""mps_l0"": 45.7354, ""hsf_keff"": 21, ""hsf_l0"": 49.1874, ""sparse_l"": 32.3531, ""sv_l"": 32.3531, ""feat_secs"": 0.023445, ""feat_secs_frame"": 0.000376, ""feat_secs_hsf"": 0.022962}"
ct,"ct:n=24,L=8,t=16,nn=0",1,"{""n"": 24.0, ""L"": 8.0, ""t"": 16.0, ""nn"": 0.0}",sparse,skipped,,,,,,3.495506449971485e-18,,,"{""n"": 24, ""gates"": 327, ""g2"": 96, ""g3"": 0, ""depth2"": 8, ""t_count"": 16, ""rotations"": 16, ""d"": 12, ""dense_l"": 13.003, ""redundant"": 4, ""obs_zero"": true, ""frame_l"": 8.3531, ""chi_bits"": 12, ""mps_l"": 45.7354, ""hsf_k"": 24, ""hsf_na"": 8, ""hsf_nb"": 16, ""hsf_l"": 46.1874, ""sup"": 24, ""chi_bits0"": 12, ""mps_l0"": 45.7354, ""hsf_keff"": 21, ""hsf_l0"": 49.1874, ""sparse_l"": 32.3531, ""sv_l"": 32.3531, ""feat_secs"": 0.023445, ""feat_secs_frame"": 0.000376, ""feat_secs_hsf"": 0.022962}"
ct,"ct:n=24,L=8,t=16,nn=0",1,"{""n"": 24.0, ""L"": 8.0, ""t"": 16.0, ""nn"": 0.0}",mps,skipped,,,,,,3.495506449971485e-18,,,"{""n"": 24, ""gates"": 327, ""g2"": 96, ""g3"": 0, ""depth2"": 8, ""t_count"": 16, ""rotations"": 16, ""d"": 12, ""dense_l"": 13.003, ""redundant"": 4, ""obs_zero"": true, ""frame_l"": 8.3531, ""chi_bits"": 12, ""mps_l"": 45.7354, ""hsf_k"": 24, ""hsf_na"": 8, ""hsf_nb"": 16, ""hsf_l"": 46.1874, ""sup"": 24, ""chi_bits0"": 12, ""mps_l0"": 45.7354, ""hsf_keff"": 21, ""hsf_l0"": 49.1874, ""sparse_l"": 32.3531, ""sv_l"": 32.3531, ""feat_secs"": 0.023445, ""feat_secs_frame"": 0.000376, ""feat_secs_hsf"": 0.022962}"
ct,"ct:n=24,L=8,t=16,nn=0",1,"{""n"": 24.0, ""L"": 8.0, ""t"": 16.0, ""nn"": 0.0}",hsf,skipped,,,,,,3.495506449971485e-18,,,"{""n"": 24, ""gates"": 327, ""g2"": 96, ""g3"": 0, ""depth2"": 8, ""t_count"": 16, ""rotations"": 16, ""d"": 12, ""dense_l"": 13.003, ""redundant"": 4, ""obs_zero"": true, ""frame_l"": 8.3531, ""chi_bits"": 12, ""mps_l"": 45.7354, ""hsf_k"": 24, ""hsf_na"": 8, ""hsf_nb"": 16, ""hsf_l"": 46.1874, ""sup"": 24, ""chi_bits0"": 12, ""mps_l0"": 45.7354, ""hsf_keff"": 21, ""hsf_l0"": 49.1874, ""sparse_l"": 32.3531, ""sv_l"": 32.3531, ""feat_secs"": 0.023445, ""feat_secs_frame"": 0.000376, ""feat_secs_hsf"": 0.022962}"
ct,"ct:n=24,L=8,t=16,nn=0",1,"{""n"": 24.0, ""L"": 8.0, ""t"": 16.0, ""nn"": 0.0}",tableau,na,,0.0047,1933312,,,3.495506449971485e-18,,"TooLarge { what: ""tableau (non-Clifford circuit)"", bytes: 0, limit: 0 }","{""n"": 24, ""gates"": 327, ""g2"": 96, ""g3"": 0, ""depth2"": 8, ""t_count"": 16, ""rotations"": 16, ""d"": 12, ""dense_l"": 13.003, ""redundant"": 4, ""obs_zero"": true, ""frame_l"": 8.3531, ""chi_bits"": 12, ""mps_l"": 45.7354, ""hsf_k"": 24, ""hsf_na"": 8, ""hsf_nb"": 16, ""hsf_l"": 46.1874, ""sup"": 24, ""chi_bits0"": 12, ""mps_l0"": 45.7354, ""hsf_keff"": 21, ""hsf_l0"": 49.1874, ""sparse_l"": 32.3531, ""sv_l"": 32.3531, ""feat_secs"": 0.023445, ""feat_secs_frame"": 0.000376, ""feat_secs_hsf"": 0.022962}"
ct,"ct:n=24,L=8,t=16,nn=0",1,"{""n"": 24.0, ""L"": 8.0, ""t"": 16.0, ""nn"": 0.0}",cstate,ok,0.000217,0.0047,2162688,0.0,12,3.495506449971485e-18,3.495506449971485e-18,,"{""n"": 24, ""gates"": 327, ""g2"": 96, ""g3"": 0, ""depth2"": 8, ""t_count"": 16, ""rotations"": 16, ""d"": 12, ""dense_l"": 13.003, ""redundant"": 4, ""obs_zero"": true, ""frame_l"": 8.3531, ""chi_bits"": 12, ""mps_l"": 45.7354, ""hsf_k"": 24, ""hsf_na"": 8, ""hsf_nb"": 16, ""hsf_l"": 46.1874, ""sup"": 24, ""chi_bits0"": 12, ""mps_l0"": 45.7354, ""hsf_keff"": 21, ""hsf_l0"": 49.1874, ""sparse_l"": 32.3531, ""sv_l"": 32.3531, ""feat_secs"": 0.023445, ""feat_secs_frame"": 0.000376, ""feat_secs_hsf"": 0.022962}"
ct,"ct:n=24,L=8,t=16,nn=0",1,"{""n"": 24.0, ""L"": 8.0, ""t"": 16.0, ""nn"": 0.0}",frame,ok,0.000336,0.0078,2523136,-0.0,0,3.495506449971485e-18,3.495506449971485e-18,switched_at=None dense_qubits=0 peak_terms=0 term_visits=0 dense_ops=0,"{""n"": 24, ""gates"": 327, ""g2"": 96, ""g3"": 0, ""depth2"": 8, ""t_count"": 16, ""rotations"": 16, ""d"": 12, ""dense_l"": 13.003, ""redundant"": 4, ""obs_zero"": true, ""frame_l"": 8.3531, ""chi_bits"": 12, ""mps_l"": 45.7354, ""hsf_k"": 24, ""hsf_na"": 8, ""hsf_nb"": 16, ""hsf_l"": 46.1874, ""sup"": 24, ""chi_bits0"": 12, ""mps_l0"": 45.7354, ""hsf_keff"": 21, ""hsf_l0"": 49.1874, ""sparse_l"": 32.3531, ""sv_l"": 32.3531, ""feat_secs"": 0.023445, ""feat_secs_frame"": 0.000376, ""feat_secs_hsf"": 0.022962}"
ct,"ct:n=24,L=8,t=16,nn=0",1,"{""n"": 24.0, ""L"": 8.0, ""t"": 16.0, ""nn"": 0.0}",dense,ok,0.000228,0.0074,2326528,0.0,12,3.495506449971485e-18,3.495506449971485e-18,switched_at=Some(15) dense_qubits=12 peak_terms=0 term_visits=0 dense_ops=8193,"{""n"": 24, ""gates"": 327, ""g2"": 96, ""g3"": 0, ""depth2"": 8, ""t_count"": 16, ""rotations"": 16, ""d"": 12, ""dense_l"": 13.003, ""redundant"": 4, ""obs_zero"": true, ""frame_l"": 8.3531, ""chi_bits"": 12, ""mps_l"": 45.7354, ""hsf_k"": 24, ""hsf_na"": 8, ""hsf_nb"": 16, ""hsf_l"": 46.1874, ""sup"": 24, ""chi_bits0"": 12, ""mps_l0"": 45.7354, ""hsf_keff"": 21, ""hsf_l0"": 49.1874, ""sparse_l"": 32.3531, ""sv_l"": 32.3531, ""feat_secs"": 0.023445, ""feat_secs_frame"": 0.000376, ""feat_secs_hsf"": 0.022962}"
ct,"ct:n=24,L=8,t=16,nn=0",1,"{""n"": 24.0, ""L"": 8.0, ""t"": 16.0, ""nn"": 0.0}",auto,ok,0.000338,0.0070,2523136,-0.0,0,3.495506449971485e-18,3.495506449971485e-18,switched_at=None dense_qubits=0 peak_terms=0 term_visits=0 dense_ops=0,"{""n"": 24, ""gates"": 327, ""g2"": 96, ""g3"": 0, ""depth2"": 8, ""t_count"": 16, ""rotations"": 16, ""d"": 12, ""dense_l"": 13.003, ""redundant"": 4, ""obs_zero"": true, ""frame_l"": 8.3531, ""chi_bits"": 12, ""mps_l"": 45.7354, ""hsf_k"": 24, ""hsf_na"": 8, ""hsf_nb"": 16, ""hsf_l"": 46.1874, ""sup"": 24, ""chi_bits0"": 12, ""mps_l0"": 45.7354, ""hsf_keff"": 21, ""hsf_l0"": 49.1874, ""sparse_l"": 32.3531, ""sv_l"": 32.3531, ""feat_secs"": 0.023445, ""feat_secs_frame"": 0.000376, ""feat_secs_hsf"": 0.022962}"
ct,"ct:n=24,L=8,t=24,nn=0",1,"{""n"": 24.0, ""L"": 8.0, ""t"": 24.0, ""nn"": 0.0}",sv,ok,2.040078,2.0451,272646144,-1.984968772331249e-18,16777216,-1.984968772331249e-18,0.0,,"{""n"": 24, ""gates"": 331, ""g2"": 96, ""g3"": 0, ""depth2"": 8, ""t_count"": 24, ""rotations"": 24, ""d"": 18, ""dense_l"": 19.0553, ""redundant"": 6, ""obs_zero"": true, ""frame_l"": 8.3707, ""chi_bits"": 12, ""mps_l"": 45.4276, ""hsf_k"": 24, ""hsf_na"": 10, ""hsf_nb"": 14, ""hsf_l"": 46.4041, ""sup"": 24, ""chi_bits0"": 12, ""mps_l0"": 45.4276, ""hsf_keff"": 22, ""hsf_l0"": 48.4041, ""sparse_l"": 32.3707, ""sv_l"": 32.3707, ""feat_secs"": 0.022637, ""feat_secs_frame"": 0.000424, ""feat_secs_hsf"": 0.022119}"
ct,"ct:n=24,L=8,t=24,nn=0",1,"{""n"": 24.0, ""L"": 8.0, ""t"": 24.0, ""nn"": 0.0}",sparse,skipped,,,,,,-1.984968772331249e-18,,,"{""n"": 24, ""gates"": 331, ""g2"": 96, ""g3"": 0, ""depth2"": 8, ""t_count"": 24, ""rotations"": 24, ""d"": 18, ""dense_l"": 19.0553, ""redundant"": 6, ""obs_zero"": true, ""frame_l"": 8.3707, ""chi_bits"": 12, ""mps_l"": 45.4276, ""hsf_k"": 24, ""hsf_na"": 10, ""hsf_nb"": 14, ""hsf_l"": 46.4041, ""sup"": 24, ""chi_bits0"": 12, ""mps_l0"": 45.4276, ""hsf_keff"": 22, ""hsf_l0"": 48.4041, ""sparse_l"": 32.3707, ""sv_l"": 32.3707, ""feat_secs"": 0.022637, ""feat_secs_frame"": 0.000424, ""feat_secs_hsf"": 0.022119}"
ct,"ct:n=24,L=8,t=24,nn=0",1,"{""n"": 24.0, ""L"": 8.0, ""t"": 24.0, ""nn"": 0.0}",mps,skipped,,,,,,-1.984968772331249e-18,,,"{""n"": 24, ""gates"": 331, ""g2"": 96, ""g3"": 0, ""depth2"": 8, ""t_count"": 24, ""rotations"": 24, ""d"": 18, ""dense_l"": 19.0553, ""redundant"": 6, ""obs_zero"": true, ""frame_l"": 8.3707, ""chi_bits"": 12, ""mps_l"": 45.4276, ""hsf_k"": 24, ""hsf_na"": 10, ""hsf_nb"": 14, ""hsf_l"": 46.4041, ""sup"": 24, ""chi_bits0"": 12, ""mps_l0"": 45.4276, ""hsf_keff"": 22, ""hsf_l0"": 48.4041, ""sparse_l"": 32.3707, ""sv_l"": 32.3707, ""feat_secs"": 0.022637, ""feat_secs_frame"": 0.000424, ""feat_secs_hsf"": 0.022119}"
ct,"ct:n=24,L=8,t=24,nn=0",1,"{""n"": 24.0, ""L"": 8.0, ""t"": 24.0, ""nn"": 0.0}",hsf,skipped,,,,,,-1.984968772331249e-18,,,"{""n"": 24, ""gates"": 331, ""g2"": 96, ""g3"": 0, ""depth2"": 8, ""t_count"": 24, ""rotations"": 24, ""d"": 18, ""dense_l"": 19.0553, ""redundant"": 6, ""obs_zero"": true, ""frame_l"": 8.3707, ""chi_bits"": 12, ""mps_l"": 45.4276, ""hsf_k"": 24, ""hsf_na"": 10, ""hsf_nb"": 14, ""hsf_l"": 46.4041, ""sup"": 24, ""chi_bits0"": 12, ""mps_l0"": 45.4276, ""hsf_keff"": 22, ""hsf_l0"": 48.4041, ""sparse_l"": 32.3707, ""sv_l"": 32.3707, ""feat_secs"": 0.022637, ""feat_secs_frame"": 0.000424, ""feat_secs_hsf"": 0.022119}"
ct,"ct:n=24,L=8,t=24,nn=0",1,"{""n"": 24.0, ""L"": 8.0, ""t"": 24.0, ""nn"": 0.0}",tableau,na,,0.0045,1916928,,,-1.984968772331249e-18,,"TooLarge { what: ""tableau (non-Clifford circuit)"", bytes: 0, limit: 0 }","{""n"": 24, ""gates"": 331, ""g2"": 96, ""g3"": 0, ""depth2"": 8, ""t_count"": 24, ""rotations"": 24, ""d"": 18, ""dense_l"": 19.0553, ""redundant"": 6, ""obs_zero"": true, ""frame_l"": 8.3707, ""chi_bits"": 12, ""mps_l"": 45.4276, ""hsf_k"": 24, ""hsf_na"": 10, ""hsf_nb"": 14, ""hsf_l"": 46.4041, ""sup"": 24, ""chi_bits0"": 12, ""mps_l0"": 45.4276, ""hsf_keff"": 22, ""hsf_l0"": 48.4041, ""sparse_l"": 32.3707, ""sv_l"": 32.3707, ""feat_secs"": 0.022637, ""feat_secs_frame"": 0.000424, ""feat_secs_hsf"": 0.022119}"
ct,"ct:n=24,L=8,t=24,nn=0",1,"{""n"": 24.0, ""L"": 8.0, ""t"": 24.0, ""nn"": 0.0}",cstate,ok,0.00143,0.0077,6537216,0.0,18,-1.984968772331249e-18,1.984968772331249e-18,,"{""n"": 24, ""gates"": 331, ""g2"": 96, ""g3"": 0, ""depth2"": 8, ""t_count"": 24, ""rotations"": 24, ""d"": 18, ""dense_l"": 19.0553, ""redundant"": 6, ""obs_zero"": true, ""frame_l"": 8.3707, ""chi_bits"": 12, ""mps_l"": 45.4276, ""hsf_k"": 24, ""hsf_na"": 10, ""hsf_nb"": 14, ""hsf_l"": 46.4041, ""sup"": 24, ""chi_bits0"": 12, ""mps_l0"": 45.4276, ""hsf_keff"": 22, ""hsf_l0"": 48.4041, ""sparse_l"": 32.3707, ""sv_l"": 32.3707, ""feat_secs"": 0.022637, ""feat_secs_frame"": 0.000424, ""feat_secs_hsf"": 0.022119}"
ct,"ct:n=24,L=8,t=24,nn=0",1,"{""n"": 24.0, ""L"": 8.0, ""t"": 24.0, ""nn"": 0.0}",frame,ok,0.000337,0.0075,2506752,-0.0,0,-1.984968772331249e-18,1.984968772331249e-18,switched_at=None dense_qubits=0 peak_terms=0 term_visits=0 dense_ops=0,"{""n"": 24, ""gates"": 331, ""g2"": 96, ""g3"": 0, ""depth2"": 8, ""t_count"": 24, ""rotations"": 24, ""d"": 18, ""dense_l"": 19.0553, ""redundant"": 6, ""obs_zero"": true, ""frame_l"": 8.3707, ""chi_bits"": 12, ""mps_l"": 45.4276, ""hsf_k"": 24, ""hsf_na"": 10, ""hsf_nb"": 14, ""hsf_l"": 46.4041, ""sup"": 24, ""chi_bits0"": 12, ""mps_l0"": 45.4276, ""hsf_keff"": 22, ""hsf_l0"": 48.4041, ""sparse_l"": 32.3707, ""sv_l"": 32.3707, ""feat_secs"": 0.022637, ""feat_secs_frame"": 0.000424, ""feat_secs_hsf"": 0.022119}"
ct,"ct:n=24,L=8,t=24,nn=0",1,"{""n"": 24.0, ""L"": 8.0, ""t"": 24.0, ""nn"": 0.0}",dense,ok,0.001421,0.0079,6668288,0.0,18,-1.984968772331249e-18,1.984968772331249e-18,switched_at=Some(24) dense_qubits=18 peak_terms=0 term_visits=0 dense_ops=544771,"{""n"": 24, ""gates"": 331, ""g2"": 96, ""g3"": 0, ""depth2"": 8, ""t_count"": 24, ""rotations"": 24, ""d"": 18, ""dense_l"": 19.0553, ""redundant"": 6, ""obs_zero"": true, ""frame_l"": 8.3707, ""chi_bits"": 12, ""mps_l"": 45.4276, ""hsf_k"": 24, ""hsf_na"": 10, ""hsf_nb"": 14, ""hsf_l"": 46.4041, ""sup"": 24, ""chi_bits0"": 12, ""mps_l0"": 45.4276, ""hsf_keff"": 22, ""hsf_l0"": 48.4041, ""sparse_l"": 32.3707, ""sv_l"": 32.3707, ""feat_secs"": 0.022637, ""feat_secs_frame"": 0.000424, ""feat_secs_hsf"": 0.022119}"
ct,"ct:n=24,L=8,t=24,nn=0",1,"{""n"": 24.0, ""L"": 8.0, ""t"": 24.0, ""nn"": 0.0}",auto,ok,0.000349,0.0047,2506752,-0.0,0,-1.984968772331249e-18,1.984968772331249e-18,switched_at=None dense_qubits=0 peak_terms=0 term_visits=0 dense_ops=0,"{""n"": 24, ""gates"": 331, ""g2"": 96, ""g3"": 0, ""depth2"": 8, ""t_count"": 24, ""rotations"": 24, ""d"": 18, ""dense_l"": 19.0553, ""redundant"": 6, ""obs_zero"": true, ""frame_l"": 8.3707, ""chi_bits"": 12, ""mps_l"": 45.4276, ""hsf_k"": 24, ""hsf_na"": 10, ""hsf_nb"": 14, ""hsf_l"": 46.4041, ""sup"": 24, ""chi_bits0"": 12, ""mps_l0"": 45.4276, ""hsf_keff"": 22, ""hsf_l0"": 48.4041, ""sparse_l"": 32.3707, ""sv_l"": 32.3707, ""feat_secs"": 0.022637, ""feat_secs_frame"": 0.000424, ""feat_secs_hsf"": 0.022119}"
ct,"ct:n=24,L=8,t=32,nn=0",1,"{""n"": 24.0, ""L"": 8.0, ""t"": 32.0, ""nn"": 0.0}",sv,ok,2.003012,2.0091,272596992,4.674748366116882e-18,16777216,4.674748366116882e-18,0.0,,"{""n"": 24, ""gates"": 335, ""g2"": 96, ""g3"": 0, ""depth2"": 8, ""t_count"": 32, ""rotations"": 32, ""d"": 22, ""dense_l"": 23.7041, ""redundant"": 10, ""obs_zero"": true, ""frame_l"": 8.388, ""chi_bits"": 12, ""mps_l"": 45.5409, ""hsf_k"": 24, ""hsf_na"": 8, ""hsf_nb"": 16, ""hsf_l"": 46.207, ""sup"": 24, ""chi_bits0"": 12, ""mps_l0"": 45.5409, ""hsf_keff"": 21, ""hsf_l0"": 49.207, ""sparse_l"": 32.388, ""sv_l"": 32.388, ""feat_secs"": 0.026752, ""feat_secs_frame"": 0.000356, ""feat_secs_hsf"": 0.026279}"
ct,"ct:n=24,L=8,t=32,nn=0",1,"{""n"": 24.0, ""L"": 8.0, ""t"": 32.0, ""nn"": 0.0}",sparse,skipped,,,,,,4.674748366116882e-18,,,"{""n"": 24, ""gates"": 335, ""g2"": 96, ""g3"": 0, ""depth2"": 8, ""t_count"": 32, ""rotations"": 32, ""d"": 22, ""dense_l"": 23.7041, ""redundant"": 10, ""obs_zero"": true, ""frame_l"": 8.388, ""chi_bits"": 12, ""mps_l"": 45.5409, ""hsf_k"": 24, ""hsf_na"": 8, ""hsf_nb"": 16, ""hsf_l"": 46.207, ""sup"": 24, ""chi_bits0"": 12, ""mps_l0"": 45.5409, ""hsf_keff"": 21, ""hsf_l0"": 49.207, ""sparse_l"": 32.388, ""sv_l"": 32.388, ""feat_secs"": 0.026752, ""feat_secs_frame"": 0.000356, ""feat_secs_hsf"": 0.026279}"
ct,"ct:n=24,L=8,t=32,nn=0",1,"{""n"": 24.0, ""L"": 8.0, ""t"": 32.0, ""nn"": 0.0}",mps,skipped,,,,,,4.674748366116882e-18,,,"{""n"": 24, ""gates"": 335, ""g2"": 96, ""g3"": 0, ""depth2"": 8, ""t_count"": 32, ""rotations"": 32, ""d"": 22, ""dense_l"": 23.7041, ""redundant"": 10, ""obs_zero"": true, ""frame_l"": 8.388, ""chi_bits"": 12, ""mps_l"": 45.5409, ""hsf_k"": 24, ""hsf_na"": 8, ""hsf_nb"": 16, ""hsf_l"": 46.207, ""sup"": 24, ""chi_bits0"": 12, ""mps_l0"": 45.5409, ""hsf_keff"": 21, ""hsf_l0"": 49.207, ""sparse_l"": 32.388, ""sv_l"": 32.388, ""feat_secs"": 0.026752, ""feat_secs_frame"": 0.000356, ""feat_secs_hsf"": 0.026279}"
ct,"ct:n=24,L=8,t=32,nn=0",1,"{""n"": 24.0, ""L"": 8.0, ""t"": 32.0, ""nn"": 0.0}",hsf,skipped,,,,,,4.674748366116882e-18,,,"{""n"": 24, ""gates"": 335, ""g2"": 96, ""g3"": 0, ""depth2"": 8, ""t_count"": 32, ""rotations"": 32, ""d"": 22, ""dense_l"": 23.7041, ""redundant"": 10, ""obs_zero"": true, ""frame_l"": 8.388, ""chi_bits"": 12, ""mps_l"": 45.5409, ""hsf_k"": 24, ""hsf_na"": 8, ""hsf_nb"": 16, ""hsf_l"": 46.207, ""sup"": 24, ""chi_bits0"": 12, ""mps_l0"": 45.5409, ""hsf_keff"": 21, ""hsf_l0"": 49.207, ""sparse_l"": 32.388, ""sv_l"": 32.388, ""feat_secs"": 0.026752, ""feat_secs_frame"": 0.000356, ""feat_secs_hsf"": 0.026279}"
ct,"ct:n=24,L=8,t=32,nn=0",1,"{""n"": 24.0, ""L"": 8.0, ""t"": 32.0, ""nn"": 0.0}",tableau,na,,0.0046,1933312,,,4.674748366116882e-18,,"TooLarge { what: ""tableau (non-Clifford circuit)"", bytes: 0, limit: 0 }","{""n"": 24, ""gates"": 335, ""g2"": 96, ""g3"": 0, ""depth2"": 8, ""t_count"": 32, ""rotations"": 32, ""d"": 22, ""dense_l"": 23.7041, ""redundant"": 10, ""obs_zero"": true, ""frame_l"": 8.388, ""chi_bits"": 12, ""mps_l"": 45.5409, ""hsf_k"": 24, ""hsf_na"": 8, ""hsf_nb"": 16, ""hsf_l"": 46.207, ""sup"": 24, ""chi_bits0"": 12, ""mps_l0"": 45.5409, ""hsf_keff"": 21, ""hsf_l0"": 49.207, ""sparse_l"": 32.388, ""sv_l"": 32.388, ""feat_secs"": 0.026752, ""feat_secs_frame"": 0.000356, ""feat_secs_hsf"": 0.026279}"
ct,"ct:n=24,L=8,t=32,nn=0",1,"{""n"": 24.0, ""L"": 8.0, ""t"": 32.0, ""nn"": 0.0}",cstate,ok,0.025005,0.0296,69599232,0.0,22,4.674748366116882e-18,4.674748366116882e-18,,"{""n"": 24, ""gates"": 335, ""g2"": 96, ""g3"": 0, ""depth2"": 8, ""t_count"": 32, ""rotations"": 32, ""d"": 22, ""dense_l"": 23.7041, ""redundant"": 10, ""obs_zero"": true, ""frame_l"": 8.388, ""chi_bits"": 12, ""mps_l"": 45.5409, ""hsf_k"": 24, ""hsf_na"": 8, ""hsf_nb"": 16, ""hsf_l"": 46.207, ""sup"": 24, ""chi_bits0"": 12, ""mps_l0"": 45.5409, ""hsf_keff"": 21, ""hsf_l0"": 49.207, ""sparse_l"": 32.388, ""sv_l"": 32.388, ""feat_secs"": 0.026752, ""feat_secs_frame"": 0.000356, ""feat_secs_hsf"": 0.026279}"
ct,"ct:n=24,L=8,t=32,nn=0",1,"{""n"": 24.0, ""L"": 8.0, ""t"": 32.0, ""nn"": 0.0}",frame,ok,0.000321,0.0075,2523136,-0.0,0,4.674748366116882e-18,4.674748366116882e-18,switched_at=None dense_qubits=0 peak_terms=0 term_visits=0 dense_ops=0,"{""n"": 24, ""gates"": 335, ""g2"": 96, ""g3"": 0, ""depth2"": 8, ""t_count"": 32, ""rotations"": 32, ""d"": 22, ""dense_l"": 23.7041, ""redundant"": 10, ""obs_zero"": true, ""frame_l"": 8.388, ""chi_bits"": 12, ""mps_l"": 45.5409, ""hsf_k"": 24, ""hsf_na"": 8, ""hsf_nb"": 16, ""hsf_l"": 46.207, ""sup"": 24, ""chi_bits0"": 12, ""mps_l0"": 45.5409, ""hsf_keff"": 21, ""hsf_l0"": 49.207, ""sparse_l"": 32.388, ""sv_l"": 32.388, ""feat_secs"": 0.026752, ""feat_secs_frame"": 0.000356, ""feat_secs_hsf"": 0.026279}"
ct,"ct:n=24,L=8,t=32,nn=0",1,"{""n"": 24.0, ""L"": 8.0, ""t"": 32.0, ""nn"": 0.0}",dense,ok,0.024794,0.0293,69697536,0.0,22,4.674748366116882e-18,4.674748366116882e-18,switched_at=Some(31) dense_qubits=22 peak_terms=0 term_visits=0 dense_ops=13665336,"{""n"": 24, ""gates"": 335, ""g2"": 96, ""g3"": 0, ""depth2"": 8, ""t_count"": 32, ""rotations"": 32, ""d"": 22, ""dense_l"": 23.7041, ""redundant"": 10, ""obs_zero"": true, ""frame_l"": 8.388, ""chi_bits"": 12, ""mps_l"": 45.5409, ""hsf_k"": 24, ""hsf_na"": 8, ""hsf_nb"": 16, ""hsf_l"": 46.207, ""sup"": 24, ""chi_bits0"": 12, ""mps_l0"": 45.5409, ""hsf_keff"": 21, ""hsf_l0"": 49.207, ""sparse_l"": 32.388, ""sv_l"": 32.388, ""feat_secs"": 0.026752, ""feat_secs_frame"": 0.000356, ""feat_secs_hsf"": 0.026279}"
ct,"ct:n=24,L=8,t=32,nn=0",1,"{""n"": 24.0, ""L"": 8.0, ""t"": 32.0, ""nn"": 0.0}",auto,ok,0.000255,0.0046,2523136,-0.0,0,4.674748366116882e-18,4.674748366116882e-18,switched_at=None dense_qubits=0 peak_terms=0 term_visits=0 dense_ops=0,"{""n"": 24, ""gates"": 335, ""g2"": 96, ""g3"": 0, ""depth2"": 8, ""t_count"": 32, ""rotations"": 32, ""d"": 22, ""dense_l"": 23.7041, ""redundant"": 10, ""obs_zero"": true, ""frame_l"": 8.388, ""chi_bits"": 12, ""mps_l"": 45.5409, ""hsf_k"": 24, ""hsf_na"": 8, ""hsf_nb"": 16, ""hsf_l"": 46.207, ""sup"": 24, ""chi_bits0"": 12, ""mps_l0"": 45.5409, ""hsf_keff"": 21, ""hsf_l0"": 49.207, ""sparse_l"": 32.388, ""sv_l"": 32.388, ""feat_secs"": 0.026752, ""feat_secs_frame"": 0.000356, ""feat_secs_hsf"": 0.026279}"
